horizon,cell_id,true_lifetime_cycles,predicted_lifetime_mean_cycles,predicted_lifetime_std_cycles,lifetime_lower_cycles,lifetime_upper_cycles,true_rul_cycles,predicted_rul_mean_cycles,rul_lower_cycles,rul_upper_cycles,absolute_error_cycles,context_cell_ids,query_label_used_as_input,model_parameter_update,interval_level
60,MATR_b1c1,2154.0,1667.4829985823994,197.06278880632942,1281.2470298289709,2053.718967335828,2094.0,1607.4829985823994,1221.2470298289709,1993.718967335828,486.51700141760057,"MATR_b2c32,MATR_b4c30,MATR_b4c20,MATR_b1c29,MATR_b4c7,MATR_b2c31,MATR_b1c37,MATR_b4c42,MATR_b1c30,MATR_b3c29,MATR_b2c20,MATR_b3c8,MATR_b1c41,MATR_b3c28,MATR_b4c26,MATR_b4c31",False,False,0.95
60,MATR_b1c20,533.0,1709.0180192076455,205.3593811178526,1306.5210283292197,2111.5150100860715,473.0,1649.0180192076455,1246.5210283292197,2051.5150100860715,1176.0180192076455,"MATR_b2c32,MATR_b4c30,MATR_b4c20,MATR_b1c29,MATR_b4c7,MATR_b2c31,MATR_b1c37,MATR_b4c42,MATR_b1c30,MATR_b3c29,MATR_b2c20,MATR_b3c8,MATR_b1c41,MATR_b3c28,MATR_b4c26,MATR_b4c31",False,False,0.95
60,MATR_b1c21,557.0,1660.5218983391612,191.4670174701377,1285.2534398703901,2035.7903568079323,497.0,1600.5218983391612,1225.2534398703901,1975.7903568079323,1103.5218983391612,"MATR_b2c32,MATR_b4c30,MATR_b4c20,MATR_b1c29,MATR_b4c7,MATR_b2c31,MATR_b1c37,MATR_b4c42,MATR_b1c30,MATR_b3c29,MATR_b2c20,MATR_b3c8,MATR_b1c41,MATR_b3c28,MATR_b4c26,MATR_b4c31",False,False,0.95
60,MATR_b1c28,858.0,1647.3851940731315,193.60418464655393,1267.9279649096434,2026.8424232366197,798.0,1587.3851940731315,1207.9279649096434,1966.8424232366197,789.3851940731315,"MATR_b2c32,MATR_b4c30,MATR_b4c20,MATR_b1c29,MATR_b4c7,MATR_b2c31,MATR_b1c37,MATR_b4c42,MATR_b1c30,MATR_b3c29,MATR_b2c20,MATR_b3c8,MATR_b1c41,MATR_b3c28,MATR_b4c26,MATR_b4c31",False,False,0.95
60,MATR_b1c39,622.0,1644.8717857412696,192.91489841776166,1266.7655327612538,2022.9780387212854,562.0,1584.8717857412696,1206.7655327612538,1962.9780387212854,1022.8717857412696,"MATR_b2c32,MATR_b4c30,MATR_b4c20,MATR_b1c29,MATR_b4c7,MATR_b2c31,MATR_b1c37,MATR_b4c42,MATR_b1c30,MATR_b3c29,MATR_b2c20,MATR_b3c8,MATR_b1c41,MATR_b3c28,MATR_b4c26,MATR_b4c31",False,False,0.95
60,MATR_b1c7,869.0,1573.8215011724355,203.68378707440417,1174.6086142718784,1973.0343880729927,809.0,1513.8215011724355,1114.6086142718784,1913.0343880729927,704.8215011724355,"MATR_b2c32,MATR_b4c30,MATR_b4c20,MATR_b1c29,MATR_b4c7,MATR_b2c31,MATR_b1c37,MATR_b4c42,MATR_b1c30,MATR_b3c29,MATR_b2c20,MATR_b3c8,MATR_b1c41,MATR_b3c28,MATR_b4c26,MATR_b4c31",False,False,0.95
60,MATR_b1c9,1052.0,1607.8194048061341,196.35526895384967,1222.970149481913,1992.6686601303552,992.0,1547.8194048061341,1162.970149481913,1932.6686601303552,555.8194048061341,"MATR_b2c32,MATR_b4c30,MATR_b4c20,MATR_b1c29,MATR_b4c7,MATR_b2c31,MATR_b1c37,MATR_b4c42,MATR_b1c30,MATR_b3c29,MATR_b2c20,MATR_b3c8,MATR_b1c41,MATR_b3c28,MATR_b4c26,MATR_b4c31",False,False,0.95
60,MATR_b2c1,147.0,910.7801822418585,145.2747909279999,626.0468241613926,1195.5135403223244,87.0,850.7801822418585,566.0468241613926,1135.5135403223244,763.7801822418585,"MATR_b2c32,MATR_b4c30,MATR_b4c20,MATR_b1c29,MATR_b4c7,MATR_b2c31,MATR_b1c37,MATR_b4c42,MATR_b1c30,MATR_b3c29,MATR_b2c20,MATR_b3c8,MATR_b1c41,MATR_b3c28,MATR_b4c26,MATR_b4c31",False,False,0.95
60,MATR_b2c10,560.0,1715.5538063650217,204.02770498785821,1315.6668527404565,2115.4407599895867,500.0,1655.5538063650217,1255.6668527404565,2055.4407599895867,1155.5538063650217,"MATR_b2c32,MATR_b4c30,MATR_b4c20,MATR_b1c29,MATR_b4c7,MATR_b2c31,MATR_b1c37,MATR_b4c42,MATR_b1c30,MATR_b3c29,MATR_b2c20,MATR_b3c8,MATR_b1c41,MATR_b3c28,MATR_b4c26,MATR_b4c31",False,False,0.95
60,MATR_b2c21,488.0,1668.1157882044631,199.0854433006477,1277.9154894890028,2058.3160869199237,428.0,1608.1157882044631,1217.9154894890028,1998.3160869199237,1180.1157882044631,"MATR_b2c32,MATR_b4c30,MATR_b4c20,MATR_b1c29,MATR_b4c7,MATR_b2c31,MATR_b1c37,MATR_b4c42,MATR_b1c30,MATR_b3c29,MATR_b2c20,MATR_b3c8,MATR_b1c41,MATR_b3c28,MATR_b4c26,MATR_b4c31",False,False,0.95
60,MATR_b2c23,526.0,1693.511841730075,203.52931927373345,1294.6017061556038,2092.4219773045465,466.0,1633.511841730075,1234.6017061556038,2032.4219773045465,1167.511841730075,"MATR_b2c32,MATR_b4c30,MATR_b4c20,MATR_b1c29,MATR_b4c7,MATR_b2c31,MATR_b1c37,MATR_b4c42,MATR_b1c30,MATR_b3c29,MATR_b2c20,MATR_b3c8,MATR_b1c41,MATR_b3c28,MATR_b4c26,MATR_b4c31",False,False,0.95
60,MATR_b2c25,460.0,1562.2189767661412,207.58099967064715,1155.3676935368521,1969.0702599954302,400.0,1502.2189767661412,1095.3676935368521,1909.0702599954302,1102.2189767661412,"MATR_b2c32,MATR_b4c30,MATR_b4c20,MATR_b1c29,MATR_b4c7,MATR_b2c31,MATR_b1c37,MATR_b4c42,MATR_b1c30,MATR_b3c29,MATR_b2c20,MATR_b3c8,MATR_b1c41,MATR_b3c28,MATR_b4c26,MATR_b4c31",False,False,0.95
60,MATR_b2c29,497.0,1722.5970960483664,195.82347219632027,1338.7901432159981,2106.4040488807345,437.0,1662.5970960483664,1278.7901432159981,2046.4040488807345,1225.5970960483664,"MATR_b2c32,MATR_b4c30,MATR_b4c20,MATR_b1c29,MATR_b4c7,MATR_b2c31,MATR_b1c37,MATR_b4c42,MATR_b1c30,MATR_b3c29,MATR_b2c20,MATR_b3c8,MATR_b1c41,MATR_b3c28,MATR_b4c26,MATR_b4c31",False,False,0.95
60,MATR_b2c30,480.0,1731.2425963464927,204.2439184687434,1330.9318720864205,2131.5533206065647,420.0,1671.2425963464927,1270.9318720864205,2071.5533206065647,1251.2425963464927,"MATR_b2c32,MATR_b4c30,MATR_b4c20,MATR_b1c29,MATR_b4c7,MATR_b2c31,MATR_b1c37,MATR_b4c42,MATR_b1c30,MATR_b3c29,MATR_b2c20,MATR_b3c8,MATR_b1c41,MATR_b3c28,MATR_b4c26,MATR_b4c31",False,False,0.95
60,MATR_b2c36,534.0,1695.2649632075734,197.48268015181466,1308.2060225395737,2082.323903875573,474.0,1635.2649632075734,1248.2060225395737,2022.3239038755728,1161.2649632075734,"MATR_b2c32,MATR_b4c30,MATR_b4c20,MATR_b1c29,MATR_b4c7,MATR_b2c31,MATR_b1c37,MATR_b4c42,MATR_b1c30,MATR_b3c29,MATR_b2c20,MATR_b3c8,MATR_b1c41,MATR_b3c28,MATR_b4c26,MATR_b4c31",False,False,0.95
60,MATR_b2c40,498.0,1705.0010966558862,196.1838107311065,1320.4878932730949,2089.5143000386774,438.0,1645.0010966558862,1260.4878932730949,2029.5143000386774,1207.0010966558862,"MATR_b2c32,MATR_b4c30,MATR_b4c20,MATR_b1c29,MATR_b4c7,MATR_b2c31,MATR_b1c37,MATR_b4c42,MATR_b1c30,MATR_b3c29,MATR_b2c20,MATR_b3c8,MATR_b1c41,MATR_b3c28,MATR_b4c26,MATR_b4c31",False,False,0.95
60,MATR_b2c42,465.0,1701.75958657814,194.9635392791724,1319.638071292502,2083.881101863778,405.0,1641.75958657814,1259.638071292502,2023.881101863778,1236.75958657814,"MATR_b2c32,MATR_b4c30,MATR_b4c20,MATR_b1c29,MATR_b4c7,MATR_b2c31,MATR_b1c37,MATR_b4c42,MATR_b1c30,MATR_b3c29,MATR_b2c20,MATR_b3c8,MATR_b1c41,MATR_b3c28,MATR_b4c26,MATR_b4c31",False,False,0.95
60,MATR_b2c46,428.0,1695.1349795720437,200.3616933586375,1302.4332767076562,2087.836682436431,368.0,1635.1349795720437,1242.4332767076562,2027.8366824364311,1267.1349795720437,"MATR_b2c32,MATR_b4c30,MATR_b4c20,MATR_b1c29,MATR_b4c7,MATR_b2c31,MATR_b1c37,MATR_b4c42,MATR_b1c30,MATR_b3c29,MATR_b2c20,MATR_b3c8,MATR_b1c41,MATR_b3c28,MATR_b4c26,MATR_b4c31",False,False,0.95
60,MATR_b3c19,1152.0,1674.3493392358678,195.69490442929654,1290.7943745964387,2057.904303875297,1092.0,1614.3493392358678,1230.7943745964387,1997.904303875297,522.3493392358678,"MATR_b2c32,MATR_b4c30,MATR_b4c20,MATR_b1c29,MATR_b4c7,MATR_b2c31,MATR_b1c37,MATR_b4c42,MATR_b1c30,MATR_b3c29,MATR_b2c20,MATR_b3c8,MATR_b1c41,MATR_b3c28,MATR_b4c26,MATR_b4c31",False,False,0.95
60,MATR_b3c20,811.0,1667.5977184647663,205.11820000453167,1265.5734338822008,2069.622003047332,751.0,1607.5977184647663,1205.5734338822008,2009.6220030473319,856.5977184647663,"MATR_b2c32,MATR_b4c30,MATR_b4c20,MATR_b1c29,MATR_b4c7,MATR_b2c31,MATR_b1c37,MATR_b4c42,MATR_b1c30,MATR_b3c29,MATR_b2c20,MATR_b3c8,MATR_b1c41,MATR_b3c28,MATR_b4c26,MATR_b4c31",False,False,0.95
60,MATR_b3c3,1113.0,1580.2706095505396,196.76518015303625,1194.6179430390532,1965.923276062026,1053.0,1520.2706095505396,1134.6179430390532,1905.923276062026,467.2706095505396,"MATR_b2c32,MATR_b4c30,MATR_b4c20,MATR_b1c29,MATR_b4c7,MATR_b2c31,MATR_b1c37,MATR_b4c42,MATR_b1c30,MATR_b3c29,MATR_b2c20,MATR_b3c8,MATR_b1c41,MATR_b3c28,MATR_b4c26,MATR_b4c31",False,False,0.95
60,MATR_b3c30,933.0,1701.7764388666997,197.77241519487916,1314.1496279492344,2089.403249784165,873.0,1641.7764388666997,1254.1496279492344,2029.403249784165,768.7764388666997,"MATR_b2c32,MATR_b4c30,MATR_b4c20,MATR_b1c29,MATR_b4c7,MATR_b2c31,MATR_b1c37,MATR_b4c42,MATR_b1c30,MATR_b3c29,MATR_b2c20,MATR_b3c8,MATR_b1c41,MATR_b3c28,MATR_b4c26,MATR_b4c31",False,False,0.95
60,MATR_b3c44,938.0,1721.3240575945488,199.40296044647087,1330.501436708801,2112.1466784802965,878.0,1661.3240575945488,1270.501436708801,2052.1466784802965,783.3240575945488,"MATR_b2c32,MATR_b4c30,MATR_b4c20,MATR_b1c29,MATR_b4c7,MATR_b2c31,MATR_b1c37,MATR_b4c42,MATR_b1c30,MATR_b3c29,MATR_b2c20,MATR_b3c8,MATR_b1c41,MATR_b3c28,MATR_b4c26,MATR_b4c31",False,False,0.95
60,MATR_b3c45,1799.0,1688.3792838623153,198.32664138154686,1299.6662095796923,2077.0923581449383,1739.0,1628.3792838623153,1239.6662095796923,2017.0923581449383,110.62071613768467,"MATR_b2c32,MATR_b4c30,MATR_b4c20,MATR_b1c29,MATR_b4c7,MATR_b2c31,MATR_b1c37,MATR_b4c42,MATR_b1c30,MATR_b3c29,MATR_b2c20,MATR_b3c8,MATR_b1c41,MATR_b3c28,MATR_b4c26,MATR_b4c31",False,False,0.95
60,MATR_b4c10,872.0,1616.531209190397,209.3850060809174,1206.1441383690988,2026.9182800116953,812.0,1556.531209190397,1146.1441383690988,1966.9182800116953,744.531209190397,"MATR_b2c32,MATR_b4c30,MATR_b4c20,MATR_b1c29,MATR_b4c7,MATR_b2c31,MATR_b1c37,MATR_b4c42,MATR_b1c30,MATR_b3c29,MATR_b2c20,MATR_b3c8,MATR_b1c41,MATR_b3c28,MATR_b4c26,MATR_b4c31",False,False,0.95
60,MATR_b4c13,771.0,1677.0940521348862,204.66627895076965,1275.9555165415495,2078.232587728223,711.0,1617.0940521348862,1215.9555165415495,2018.2325877282228,906.0940521348862,"MATR_b2c32,MATR_b4c30,MATR_b4c20,MATR_b1c29,MATR_b4c7,MATR_b2c31,MATR_b1c37,MATR_b4c42,MATR_b1c30,MATR_b3c29,MATR_b2c20,MATR_b3c8,MATR_b1c41,MATR_b3c28,MATR_b4c26,MATR_b4c31",False,False,0.95
60,MATR_b4c16,909.0,1379.2312331781836,214.25050006839817,959.3079693744269,1799.1544969819404,849.0,1319.2312331781836,899.3079693744269,1739.1544969819404,470.23123317818363,"MATR_b2c32,MATR_b4c30,MATR_b4c20,MATR_b1c29,MATR_b4c7,MATR_b2c31,MATR_b1c37,MATR_b4c42,MATR_b1c30,MATR_b3c29,MATR_b2c20,MATR_b3c8,MATR_b1c41,MATR_b3c28,MATR_b4c26,MATR_b4c31",False,False,0.95
60,MATR_b4c18,906.0,1041.5332991379332,187.04693499462903,674.9280431298557,1408.1385551460107,846.0,981.5332991379332,614.9280431298557,1348.1385551460107,135.53329913793323,"MATR_b2c32,MATR_b4c30,MATR_b4c20,MATR_b1c29,MATR_b4c7,MATR_b2c31,MATR_b1c37,MATR_b4c42,MATR_b1c30,MATR_b3c29,MATR_b2c20,MATR_b3c8,MATR_b1c41,MATR_b3c28,MATR_b4c26,MATR_b4c31",False,False,0.95
60,MATR_b4c25,453.0,1270.5192952827017,179.80267831687274,918.1125214577903,1622.926069107613,393.0,1210.5192952827017,858.1125214577903,1562.926069107613,817.5192952827017,"MATR_b2c32,MATR_b4c30,MATR_b4c20,MATR_b1c29,MATR_b4c7,MATR_b2c31,MATR_b1c37,MATR_b4c42,MATR_b1c30,MATR_b3c29,MATR_b2c20,MATR_b3c8,MATR_b1c41,MATR_b3c28,MATR_b4c26,MATR_b4c31",False,False,0.95
60,MATR_b4c29,887.0,1537.6806632881617,194.30852742823967,1156.8429476397987,1918.5183789365246,827.0,1477.6806632881617,1096.8429476397987,1858.5183789365246,650.6806632881617,"MATR_b2c32,MATR_b4c30,MATR_b4c20,MATR_b1c29,MATR_b4c7,MATR_b2c31,MATR_b1c37,MATR_b4c42,MATR_b1c30,MATR_b3c29,MATR_b2c20,MATR_b3c8,MATR_b1c41,MATR_b3c28,MATR_b4c26,MATR_b4c31",False,False,0.95
60,MATR_b4c33,505.0,1566.0677217660862,211.7057872292018,1151.132003478151,1981.0034400540212,445.0,1506.0677217660862,1091.132003478151,1921.0034400540212,1061.0677217660862,"MATR_b2c32,MATR_b4c30,MATR_b4c20,MATR_b1c29,MATR_b4c7,MATR_b2c31,MATR_b1c37,MATR_b4c42,MATR_b1c30,MATR_b3c29,MATR_b2c20,MATR_b3c8,MATR_b1c41,MATR_b3c28,MATR_b4c26,MATR_b4c31",False,False,0.95
60,MATR_b4c37,863.0,1271.4871622734013,191.37003047747422,896.4087948172194,1646.5655297295832,803.0,1211.4871622734013,836.4087948172194,1586.5655297295832,408.4871622734013,"MATR_b2c32,MATR_b4c30,MATR_b4c20,MATR_b1c29,MATR_b4c7,MATR_b2c31,MATR_b1c37,MATR_b4c42,MATR_b1c30,MATR_b3c29,MATR_b2c20,MATR_b3c8,MATR_b1c41,MATR_b3c28,MATR_b4c26,MATR_b4c31",False,False,0.95
60,MATR_b4c4,656.0,1275.3105597737501,188.8317063132441,905.207216260547,1645.4139032869532,596.0,1215.3105597737501,845.207216260547,1585.4139032869532,619.3105597737501,"MATR_b2c32,MATR_b4c30,MATR_b4c20,MATR_b1c29,MATR_b4c7,MATR_b2c31,MATR_b1c37,MATR_b4c42,MATR_b1c30,MATR_b3c29,MATR_b2c20,MATR_b3c8,MATR_b1c41,MATR_b3c28,MATR_b4c26,MATR_b4c31",False,False,0.95
60,MATR_b4c9,442.0,1276.9222325341577,207.30673558101446,870.6084970428013,1683.235968025514,382.0,1216.9222325341577,810.6084970428013,1623.235968025514,834.9222325341577,"MATR_b2c32,MATR_b4c30,MATR_b4c20,MATR_b1c29,MATR_b4c7,MATR_b2c31,MATR_b1c37,MATR_b4c42,MATR_b1c30,MATR_b3c29,MATR_b2c20,MATR_b3c8,MATR_b1c41,MATR_b3c28,MATR_b4c26,MATR_b4c31",False,False,0.95
80,MATR_b1c1,2154.0,1710.9068568614543,194.85883407648214,1328.9905600020832,2092.8231537208253,2074.0,1630.9068568614543,1248.9905600020832,2012.8231537208253,443.09314313854566,"MATR_b4c1,MATR_b4c34,MATR_b4c41,MATR_b1c19,MATR_b2c39,MATR_b3c6,MATR_b3c40,MATR_b2c6,MATR_b1c43,MATR_b2c38,MATR_b1c16,MATR_b1c29,MATR_b1c31,MATR_b4c0,MATR_b3c1,MATR_b4c22",False,False,0.95
80,MATR_b1c20,533.0,1309.414549945267,203.50512864230714,910.5518271371545,1708.2772727533795,453.0,1229.414549945267,830.5518271371545,1628.2772727533795,776.414549945267,"MATR_b4c1,MATR_b4c34,MATR_b4c41,MATR_b1c19,MATR_b2c39,MATR_b3c6,MATR_b3c40,MATR_b2c6,MATR_b1c43,MATR_b2c38,MATR_b1c16,MATR_b1c29,MATR_b1c31,MATR_b4c0,MATR_b3c1,MATR_b4c22",False,False,0.95
80,MATR_b1c21,557.0,1262.7307752978872,175.6260561576459,918.5100304820924,1606.9515201136821,477.0,1182.7307752978872,838.5100304820924,1526.9515201136821,705.7307752978872,"MATR_b4c1,MATR_b4c34,MATR_b4c41,MATR_b1c19,MATR_b2c39,MATR_b3c6,MATR_b3c40,MATR_b2c6,MATR_b1c43,MATR_b2c38,MATR_b1c16,MATR_b1c29,MATR_b1c31,MATR_b4c0,MATR_b3c1,MATR_b4c22",False,False,0.95
80,MATR_b1c28,858.0,1637.2372846232095,191.84638389630993,1261.2252816221971,2013.2492876242218,778.0,1557.2372846232095,1181.2252816221971,1933.2492876242218,779.2372846232095,"MATR_b4c1,MATR_b4c34,MATR_b4c41,MATR_b1c19,MATR_b2c39,MATR_b3c6,MATR_b3c40,MATR_b2c6,MATR_b1c43,MATR_b2c38,MATR_b1c16,MATR_b1c29,MATR_b1c31,MATR_b4c0,MATR_b3c1,MATR_b4c22",False,False,0.95
80,MATR_b1c39,622.0,1295.2595254229934,180.70011448274147,941.0938090345555,1649.4252418114313,542.0,1215.2595254229934,861.0938090345555,1569.4252418114313,673.2595254229934,"MATR_b4c1,MATR_b4c34,MATR_b4c41,MATR_b1c19,MATR_b2c39,MATR_b3c6,MATR_b3c40,MATR_b2c6,MATR_b1c43,MATR_b2c38,MATR_b1c16,MATR_b1c29,MATR_b1c31,MATR_b4c0,MATR_b3c1,MATR_b4c22",False,False,0.95
80,MATR_b1c7,869.0,1628.2505945485063,204.59861079619458,1227.2446861010371,2029.2565029959756,789.0,1548.2505945485063,1147.2446861010371,1949.2565029959756,759.2505945485063,"MATR_b4c1,MATR_b4c34,MATR_b4c41,MATR_b1c19,MATR_b2c39,MATR_b3c6,MATR_b3c40,MATR_b2c6,MATR_b1c43,MATR_b2c38,MATR_b1c16,MATR_b1c29,MATR_b1c31,MATR_b4c0,MATR_b3c1,MATR_b4c22",False,False,0.95
80,MATR_b1c9,1052.0,1654.415982673569,196.43391872269106,1269.4125766350264,2039.4193887121116,972.0,1574.415982673569,1189.4125766350264,1959.4193887121116,602.415982673569,"MATR_b4c1,MATR_b4c34,MATR_b4c41,MATR_b1c19,MATR_b2c39,MATR_b3c6,MATR_b3c40,MATR_b2c6,MATR_b1c43,MATR_b2c38,MATR_b1c16,MATR_b1c29,MATR_b1c31,MATR_b4c0,MATR_b3c1,MATR_b4c22",False,False,0.95
80,MATR_b2c1,147.0,773.9991109398053,102.92737258069259,572.2651676583124,975.7330542212982,67.0,693.9991109398053,492.2651676583124,895.7330542212982,626.9991109398053,"MATR_b4c1,MATR_b4c34,MATR_b4c41,MATR_b1c19,MATR_b2c39,MATR_b3c6,MATR_b3c40,MATR_b2c6,MATR_b1c43,MATR_b2c38,MATR_b1c16,MATR_b1c29,MATR_b1c31,MATR_b4c0,MATR_b3c1,MATR_b4c22",False,False,0.95
80,MATR_b2c10,560.0,1606.0508814419604,210.39602252767278,1193.682254797244,2018.4195080866768,480.0,1526.0508814419604,1113.682254797244,1938.4195080866768,1046.0508814419604,"MATR_b4c1,MATR_b4c34,MATR_b4c41,MATR_b1c19,MATR_b2c39,MATR_b3c6,MATR_b3c40,MATR_b2c6,MATR_b1c43,MATR_b2c38,MATR_b1c16,MATR_b1c29,MATR_b1c31,MATR_b4c0,MATR_b3c1,MATR_b4c22",False,False,0.95
80,MATR_b2c21,488.0,728.003083627552,121.88075820323404,489.1211871407786,966.8849801143253,408.0,648.003083627552,409.1211871407786,886.8849801143253,240.00308362755197,"MATR_b4c1,MATR_b4c34,MATR_b4c41,MATR_b1c19,MATR_b2c39,MATR_b3c6,MATR_b3c40,MATR_b2c6,MATR_b1c43,MATR_b2c38,MATR_b1c16,MATR_b1c29,MATR_b1c31,MATR_b4c0,MATR_b3c1,MATR_b4c22",False,False,0.95
80,MATR_b2c23,526.0,702.8323344946352,113.2515144928933,480.86344489394844,924.801224095322,446.0,622.8323344946352,400.86344489394844,844.801224095322,176.83233449463523,"MATR_b4c1,MATR_b4c34,MATR_b4c41,MATR_b1c19,MATR_b2c39,MATR_b3c6,MATR_b3c40,MATR_b2c6,MATR_b1c43,MATR_b2c38,MATR_b1c16,MATR_b1c29,MATR_b1c31,MATR_b4c0,MATR_b3c1,MATR_b4c22",False,False,0.95
80,MATR_b2c25,460.0,983.940413051746,169.1466102067966,652.4191489393896,1315.4616771641022,380.0,903.940413051746,572.4191489393896,1235.4616771641022,523.940413051746,"MATR_b4c1,MATR_b4c34,MATR_b4c41,MATR_b1c19,MATR_b2c39,MATR_b3c6,MATR_b3c40,MATR_b2c6,MATR_b1c43,MATR_b2c38,MATR_b1c16,MATR_b1c29,MATR_b1c31,MATR_b4c0,MATR_b3c1,MATR_b4c22",False,False,0.95
80,MATR_b2c29,497.0,1596.4302966770915,194.68411244949945,1214.8564479139268,1978.0041454402563,417.0,1516.4302966770915,1134.8564479139268,1898.0041454402563,1099.4302966770915,"MATR_b4c1,MATR_b4c34,MATR_b4c41,MATR_b1c19,MATR_b2c39,MATR_b3c6,MATR_b3c40,MATR_b2c6,MATR_b1c43,MATR_b2c38,MATR_b1c16,MATR_b1c29,MATR_b1c31,MATR_b4c0,MATR_b3c1,MATR_b4c22",False,False,0.95
80,MATR_b2c30,480.0,1139.9627855420415,176.3091954451193,794.4031123263744,1485.5224587577086,400.0,1059.9627855420415,714.4031123263744,1405.5224587577086,659.9627855420415,"MATR_b4c1,MATR_b4c34,MATR_b4c41,MATR_b1c19,MATR_b2c39,MATR_b3c6,MATR_b3c40,MATR_b2c6,MATR_b1c43,MATR_b2c38,MATR_b1c16,MATR_b1c29,MATR_b1c31,MATR_b4c0,MATR_b3c1,MATR_b4c22",False,False,0.95
80,MATR_b2c36,534.0,1462.464064773492,196.1968643480646,1077.925276771595,1847.002852775389,454.0,1382.464064773492,997.925276771595,1767.002852775389,928.464064773492,"MATR_b4c1,MATR_b4c34,MATR_b4c41,MATR_b1c19,MATR_b2c39,MATR_b3c6,MATR_b3c40,MATR_b2c6,MATR_b1c43,MATR_b2c38,MATR_b1c16,MATR_b1c29,MATR_b1c31,MATR_b4c0,MATR_b3c1,MATR_b4c22",False,False,0.95
80,MATR_b2c40,498.0,1094.1267707959955,166.28928396148086,768.205763216539,1420.047778375452,418.0,1014.1267707959955,688.205763216539,1340.047778375452,596.1267707959955,"MATR_b4c1,MATR_b4c34,MATR_b4c41,MATR_b1c19,MATR_b2c39,MATR_b3c6,MATR_b3c40,MATR_b2c6,MATR_b1c43,MATR_b2c38,MATR_b1c16,MATR_b1c29,MATR_b1c31,MATR_b4c0,MATR_b3c1,MATR_b4c22",False,False,0.95
80,MATR_b2c42,465.0,854.6639434073326,142.19073578813828,575.975222327331,1133.352664487334,385.0,774.6639434073326,495.97522232733104,1053.352664487334,389.66394340733257,"MATR_b4c1,MATR_b4c34,MATR_b4c41,MATR_b1c19,MATR_b2c39,MATR_b3c6,MATR_b3c40,MATR_b2c6,MATR_b1c43,MATR_b2c38,MATR_b1c16,MATR_b1c29,MATR_b1c31,MATR_b4c0,MATR_b3c1,MATR_b4c22",False,False,0.95
80,MATR_b2c46,428.0,652.6064367123129,106.56907271166331,443.7348923316225,861.4779810930032,348.0,572.6064367123129,363.7348923316225,781.4779810930032,224.60643671231287,"MATR_b4c1,MATR_b4c34,MATR_b4c41,MATR_b1c19,MATR_b2c39,MATR_b3c6,MATR_b3c40,MATR_b2c6,MATR_b1c43,MATR_b2c38,MATR_b1c16,MATR_b1c29,MATR_b1c31,MATR_b4c0,MATR_b3c1,MATR_b4c22",False,False,0.95
80,MATR_b3c19,1152.0,1722.470911084438,194.75922254707575,1340.7498492351483,2104.191972933728,1072.0,1642.470911084438,1260.7498492351483,2024.1919729337278,570.4709110844381,"MATR_b4c1,MATR_b4c34,MATR_b4c41,MATR_b1c19,MATR_b2c39,MATR_b3c6,MATR_b3c40,MATR_b2c6,MATR_b1c43,MATR_b2c38,MATR_b1c16,MATR_b1c29,MATR_b1c31,MATR_b4c0,MATR_b3c1,MATR_b4c22",False,False,0.95
80,MATR_b3c20,811.0,1698.083853802957,205.91319290398192,1294.5014117695039,2101.66629583641,731.0,1618.083853802957,1214.5014117695039,2021.66629583641,887.083853802957,"MATR_b4c1,MATR_b4c34,MATR_b4c41,MATR_b1c19,MATR_b2c39,MATR_b3c6,MATR_b3c40,MATR_b2c6,MATR_b1c43,MATR_b2c38,MATR_b1c16,MATR_b1c29,MATR_b1c31,MATR_b4c0,MATR_b3c1,MATR_b4c22",False,False,0.95
80,MATR_b3c3,1113.0,1630.1984152122739,196.56120875472155,1244.9455252953605,2015.4513051291872,1033.0,1550.1984152122739,1164.9455252953605,1935.4513051291872,517.1984152122739,"MATR_b4c1,MATR_b4c34,MATR_b4c41,MATR_b1c19,MATR_b2c39,MATR_b3c6,MATR_b3c40,MATR_b2c6,MATR_b1c43,MATR_b2c38,MATR_b1c16,MATR_b1c29,MATR_b1c31,MATR_b4c0,MATR_b3c1,MATR_b4c22",False,False,0.95
80,MATR_b3c30,933.0,1739.0246931229626,197.1677357426671,1352.5830321540245,2125.466354091901,853.0,1659.0246931229626,1272.5830321540245,2045.466354091901,806.0246931229626,"MATR_b4c1,MATR_b4c34,MATR_b4c41,MATR_b1c19,MATR_b2c39,MATR_b3c6,MATR_b3c40,MATR_b2c6,MATR_b1c43,MATR_b2c38,MATR_b1c16,MATR_b1c29,MATR_b1c31,MATR_b4c0,MATR_b3c1,MATR_b4c22",False,False,0.95
80,MATR_b3c44,938.0,1744.8593145694472,199.8747899927629,1353.1119247661252,2136.6067043727694,858.0,1664.8593145694472,1273.1119247661252,2056.6067043727694,806.8593145694472,"MATR_b4c1,MATR_b4c34,MATR_b4c41,MATR_b1c19,MATR_b2c39,MATR_b3c6,MATR_b3c40,MATR_b2c6,MATR_b1c43,MATR_b2c38,MATR_b1c16,MATR_b1c29,MATR_b1c31,MATR_b4c0,MATR_b3c1,MATR_b4c22",False,False,0.95
80,MATR_b3c45,1799.0,1732.4498832482252,196.9299389004094,1346.4742955257495,2118.425470970701,1719.0,1652.4498832482252,1266.4742955257495,2038.425470970701,66.5501167517748,"MATR_b4c1,MATR_b4c34,MATR_b4c41,MATR_b1c19,MATR_b2c39,MATR_b3c6,MATR_b3c40,MATR_b2c6,MATR_b1c43,MATR_b2c38,MATR_b1c16,MATR_b1c29,MATR_b1c31,MATR_b4c0,MATR_b3c1,MATR_b4c22",False,False,0.95
80,MATR_b4c10,872.0,1641.4859952094205,210.8956341767235,1228.138147726308,2054.833842692533,792.0,1561.4859952094205,1148.138147726308,1974.833842692533,769.4859952094205,"MATR_b4c1,MATR_b4c34,MATR_b4c41,MATR_b1c19,MATR_b2c39,MATR_b3c6,MATR_b3c40,MATR_b2c6,MATR_b1c43,MATR_b2c38,MATR_b1c16,MATR_b1c29,MATR_b1c31,MATR_b4c0,MATR_b3c1,MATR_b4c22",False,False,0.95
80,MATR_b4c13,771.0,1716.1332073843942,205.54245982235872,1313.2773888388,2118.989025929988,691.0,1636.1332073843942,1233.2773888388,2038.9890259299882,945.1332073843942,"MATR_b4c1,MATR_b4c34,MATR_b4c41,MATR_b1c19,MATR_b2c39,MATR_b3c6,MATR_b3c40,MATR_b2c6,MATR_b1c43,MATR_b2c38,MATR_b1c16,MATR_b1c29,MATR_b1c31,MATR_b4c0,MATR_b3c1,MATR_b4c22",False,False,0.95
80,MATR_b4c16,909.0,1325.171508815297,210.86023746407258,911.8930376141516,1738.4499800164426,829.0,1245.171508815297,831.8930376141516,1658.4499800164426,416.1715088152971,"MATR_b4c1,MATR_b4c34,MATR_b4c41,MATR_b1c19,MATR_b2c39,MATR_b3c6,MATR_b3c40,MATR_b2c6,MATR_b1c43,MATR_b2c38,MATR_b1c16,MATR_b1c29,MATR_b1c31,MATR_b4c0,MATR_b3c1,MATR_b4c22",False,False,0.95
80,MATR_b4c18,906.0,1064.310669328253,182.24282408689163,707.1212976770768,1421.5000409794293,826.0,984.310669328253,627.1212976770768,1341.5000409794293,158.31066932825297,"MATR_b4c1,MATR_b4c34,MATR_b4c41,MATR_b1c19,MATR_b2c39,MATR_b3c6,MATR_b3c40,MATR_b2c6,MATR_b1c43,MATR_b2c38,MATR_b1c16,MATR_b1c29,MATR_b1c31,MATR_b4c0,MATR_b3c1,MATR_b4c22",False,False,0.95
80,MATR_b4c25,453.0,670.5145833103068,84.27557558328142,505.33749039069204,835.6916762299215,373.0,590.5145833103068,425.33749039069204,755.6916762299215,217.51458331030676,"MATR_b4c1,MATR_b4c34,MATR_b4c41,MATR_b1c19,MATR_b2c39,MATR_b3c6,MATR_b3c40,MATR_b2c6,MATR_b1c43,MATR_b2c38,MATR_b1c16,MATR_b1c29,MATR_b1c31,MATR_b4c0,MATR_b3c1,MATR_b4c22",False,False,0.95
80,MATR_b4c29,887.0,1592.0545723258756,192.61659909690457,1214.5329752713524,1969.5761693803988,807.0,1512.0545723258756,1134.5329752713524,1889.5761693803988,705.0545723258756,"MATR_b4c1,MATR_b4c34,MATR_b4c41,MATR_b1c19,MATR_b2c39,MATR_b3c6,MATR_b3c40,MATR_b2c6,MATR_b1c43,MATR_b2c38,MATR_b1c16,MATR_b1c29,MATR_b1c31,MATR_b4c0,MATR_b3c1,MATR_b4c22",False,False,0.95
80,MATR_b4c33,505.0,840.9736949888544,145.42214485276224,555.9515285228737,1125.995861454835,425.0,760.9736949888544,475.9515285228737,1045.995861454835,335.9736949888544,"MATR_b4c1,MATR_b4c34,MATR_b4c41,MATR_b1c19,MATR_b2c39,MATR_b3c6,MATR_b3c40,MATR_b2c6,MATR_b1c43,MATR_b2c38,MATR_b1c16,MATR_b1c29,MATR_b1c31,MATR_b4c0,MATR_b3c1,MATR_b4c22",False,False,0.95
80,MATR_b4c37,863.0,1271.4370198082606,182.1453708936225,914.4386529060704,1628.435386710451,783.0,1191.4370198082606,834.4386529060704,1548.435386710451,408.43701980826063,"MATR_b4c1,MATR_b4c34,MATR_b4c41,MATR_b1c19,MATR_b2c39,MATR_b3c6,MATR_b3c40,MATR_b2c6,MATR_b1c43,MATR_b2c38,MATR_b1c16,MATR_b1c29,MATR_b1c31,MATR_b4c0,MATR_b3c1,MATR_b4c22",False,False,0.95
80,MATR_b4c4,656.0,1124.5729855489913,163.65573400687524,803.813641032049,1445.3323300659335,576.0,1044.5729855489913,723.813641032049,1365.3323300659335,468.57298554899126,"MATR_b4c1,MATR_b4c34,MATR_b4c41,MATR_b1c19,MATR_b2c39,MATR_b3c6,MATR_b3c40,MATR_b2c6,MATR_b1c43,MATR_b2c38,MATR_b1c16,MATR_b1c29,MATR_b1c31,MATR_b4c0,MATR_b3c1,MATR_b4c22",False,False,0.95
80,MATR_b4c9,442.0,717.2948787497444,110.52310998172781,500.6735637261986,933.9161937732902,362.0,637.2948787497444,420.6735637261986,853.9161937732902,275.2948787497444,"MATR_b4c1,MATR_b4c34,MATR_b4c41,MATR_b1c19,MATR_b2c39,MATR_b3c6,MATR_b3c40,MATR_b2c6,MATR_b1c43,MATR_b2c38,MATR_b1c16,MATR_b1c29,MATR_b1c31,MATR_b4c0,MATR_b3c1,MATR_b4c22",False,False,0.95
100,MATR_b1c1,2154.0,1806.0383020477095,175.38865644923746,1462.2828521103356,2149.7937519850834,2054.0,1706.0383020477095,1362.2828521103356,2049.7937519850834,347.9616979522905,"MATR_b2c20,MATR_b1c26,MATR_b2c2,MATR_b2c43,MATR_b3c26,MATR_b1c43,MATR_b3c33,MATR_b4c1,MATR_b3c29,MATR_b3c18,MATR_b4c15,MATR_b3c1,MATR_b2c19,MATR_b3c38,MATR_b2c47,MATR_b1c15",False,False,0.95
100,MATR_b1c20,533.0,481.30010039979356,49.44720032070829,384.3853686348679,578.2148321647192,433.0,381.30010039979356,284.3853686348679,478.21483216471916,51.699899600206436,"MATR_b2c20,MATR_b1c26,MATR_b2c2,MATR_b2c43,MATR_b3c26,MATR_b1c43,MATR_b3c33,MATR_b4c1,MATR_b3c29,MATR_b3c18,MATR_b4c15,MATR_b3c1,MATR_b2c19,MATR_b3c38,MATR_b2c47,MATR_b1c15",False,False,0.95
100,MATR_b1c21,557.0,501.73318947796656,64.06846429867853,376.1613069077664,627.3050720481667,457.0,401.73318947796656,276.1613069077664,527.3050720481667,55.26681052203344,"MATR_b2c20,MATR_b1c26,MATR_b2c2,MATR_b2c43,MATR_b3c26,MATR_b1c43,MATR_b3c33,MATR_b4c1,MATR_b3c29,MATR_b3c18,MATR_b4c15,MATR_b3c1,MATR_b2c19,MATR_b3c38,MATR_b2c47,MATR_b1c15",False,False,0.95
100,MATR_b1c28,858.0,746.6470674481462,104.72780478631957,541.3843418870184,951.909793009274,758.0,646.6470674481462,441.3843418870184,851.909793009274,111.35293255185377,"MATR_b2c20,MATR_b1c26,MATR_b2c2,MATR_b2c43,MATR_b3c26,MATR_b1c43,MATR_b3c33,MATR_b4c1,MATR_b3c29,MATR_b3c18,MATR_b4c15,MATR_b3c1,MATR_b2c19,MATR_b3c38,MATR_b2c47,MATR_b1c15",False,False,0.95
100,MATR_b1c39,622.0,574.5366127909883,79.09601778779707,419.51126660636663,729.56195897561,522.0,474.53661279098833,319.51126660636663,629.56195897561,47.46338720901167,"MATR_b2c20,MATR_b1c26,MATR_b2c2,MATR_b2c43,MATR_b3c26,MATR_b1c43,MATR_b3c33,MATR_b4c1,MATR_b3c29,MATR_b3c18,MATR_b4c15,MATR_b3c1,MATR_b2c19,MATR_b3c38,MATR_b2c47,MATR_b1c15",False,False,0.95
100,MATR_b1c7,869.0,1173.1440438481611,171.19160779680766,837.6146581109119,1508.6734295854103,769.0,1073.1440438481611,737.6146581109119,1408.6734295854103,304.1440438481611,"MATR_b2c20,MATR_b1c26,MATR_b2c2,MATR_b2c43,MATR_b3c26,MATR_b1c43,MATR_b3c33,MATR_b4c1,MATR_b3c29,MATR_b3c18,MATR_b4c15,MATR_b3c1,MATR_b2c19,MATR_b3c38,MATR_b2c47,MATR_b1c15",False,False,0.95
100,MATR_b1c9,1052.0,1030.7111427454233,135.3054017766622,765.5174283494437,1295.904857141403,952.0,930.7111427454233,665.5174283494437,1195.904857141403,21.28885725457667,"MATR_b2c20,MATR_b1c26,MATR_b2c2,MATR_b2c43,MATR_b3c26,MATR_b1c43,MATR_b3c33,MATR_b4c1,MATR_b3c29,MATR_b3c18,MATR_b4c15,MATR_b3c1,MATR_b2c19,MATR_b3c38,MATR_b2c47,MATR_b1c15",False,False,0.95
100,MATR_b2c1,147.0,627.4949641230696,57.43629879942966,514.9218870709063,740.0680411752329,47.0,527.4949641230696,414.92188707090634,640.0680411752329,480.4949641230696,"MATR_b2c20,MATR_b1c26,MATR_b2c2,MATR_b2c43,MATR_b3c26,MATR_b1c43,MATR_b3c33,MATR_b4c1,MATR_b3c29,MATR_b3c18,MATR_b4c15,MATR_b3c1,MATR_b2c19,MATR_b3c38,MATR_b2c47,MATR_b1c15",False,False,0.95
100,MATR_b2c10,560.0,589.4478492289982,72.35689378293061,447.63094338126405,731.2647550767323,460.0,489.44784922899817,347.63094338126405,631.2647550767323,29.447849228998166,"MATR_b2c20,MATR_b1c26,MATR_b2c2,MATR_b2c43,MATR_b3c26,MATR_b1c43,MATR_b3c33,MATR_b4c1,MATR_b3c29,MATR_b3c18,MATR_b4c15,MATR_b3c1,MATR_b2c19,MATR_b3c38,MATR_b2c47,MATR_b1c15",False,False,0.95
100,MATR_b2c21,488.0,455.5214861105262,52.83597367309919,351.96488062314535,559.0780915979071,388.0,355.5214861105262,251.96488062314535,459.07809159790713,32.47851388947379,"MATR_b2c20,MATR_b1c26,MATR_b2c2,MATR_b2c43,MATR_b3c26,MATR_b1c43,MATR_b3c33,MATR_b4c1,MATR_b3c29,MATR_b3c18,MATR_b4c15,MATR_b3c1,MATR_b2c19,MATR_b3c38,MATR_b2c47,MATR_b1c15",False,False,0.95
100,MATR_b2c23,526.0,441.68496293535424,45.962346476831556,351.60041919581295,531.7695066748955,426.0,341.68496293535424,251.60041919581295,431.7695066748955,84.31503706464576,"MATR_b2c20,MATR_b1c26,MATR_b2c2,MATR_b2c43,MATR_b3c26,MATR_b1c43,MATR_b3c33,MATR_b4c1,MATR_b3c29,MATR_b3c18,MATR_b4c15,MATR_b3c1,MATR_b2c19,MATR_b3c38,MATR_b2c47,MATR_b1c15",False,False,0.95
100,MATR_b2c25,460.0,467.8051123349801,45.647410701028534,378.3378313734559,557.2723932965042,360.0,367.8051123349801,278.3378313734559,457.2723932965042,7.805112334980095,"MATR_b2c20,MATR_b1c26,MATR_b2c2,MATR_b2c43,MATR_b3c26,MATR_b1c43,MATR_b3c33,MATR_b4c1,MATR_b3c29,MATR_b3c18,MATR_b4c15,MATR_b3c1,MATR_b2c19,MATR_b3c38,MATR_b2c47,MATR_b1c15",False,False,0.95
100,MATR_b2c29,497.0,606.3654404068178,83.71024691552371,442.2963713154362,770.4345094981994,397.0,506.3654404068178,342.2963713154362,670.4345094981994,109.36544040681781,"MATR_b2c20,MATR_b1c26,MATR_b2c2,MATR_b2c43,MATR_b3c26,MATR_b1c43,MATR_b3c33,MATR_b4c1,MATR_b3c29,MATR_b3c18,MATR_b4c15,MATR_b3c1,MATR_b2c19,MATR_b3c38,MATR_b2c47,MATR_b1c15",False,False,0.95
100,MATR_b2c30,480.0,580.0482090178273,69.1881627997324,444.44190177385786,715.6545162617967,380.0,480.0482090178273,344.44190177385786,615.6545162617967,100.04820901782728,"MATR_b2c20,MATR_b1c26,MATR_b2c2,MATR_b2c43,MATR_b3c26,MATR_b1c43,MATR_b3c33,MATR_b4c1,MATR_b3c29,MATR_b3c18,MATR_b4c15,MATR_b3c1,MATR_b2c19,MATR_b3c38,MATR_b2c47,MATR_b1c15",False,False,0.95
100,MATR_b2c36,534.0,636.3584218376802,90.91080160317293,458.17652488979513,814.5403187855653,434.0,536.3584218376802,358.17652488979513,714.5403187855653,102.35842183768023,"MATR_b2c20,MATR_b1c26,MATR_b2c2,MATR_b2c43,MATR_b3c26,MATR_b1c43,MATR_b3c33,MATR_b4c1,MATR_b3c29,MATR_b3c18,MATR_b4c15,MATR_b3c1,MATR_b2c19,MATR_b3c38,MATR_b2c47,MATR_b1c15",False,False,0.95
100,MATR_b2c40,498.0,515.8859693306575,67.10716847962425,384.3583360061325,647.4136026551826,398.0,415.88596933065753,284.3583360061325,547.4136026551826,17.88596933065753,"MATR_b2c20,MATR_b1c26,MATR_b2c2,MATR_b2c43,MATR_b3c26,MATR_b1c43,MATR_b3c33,MATR_b4c1,MATR_b3c29,MATR_b3c18,MATR_b4c15,MATR_b3c1,MATR_b2c19,MATR_b3c38,MATR_b2c47,MATR_b1c15",False,False,0.95
100,MATR_b2c42,465.0,469.359045287044,56.499511849106604,358.62203691870104,580.096053655387,365.0,369.359045287044,258.62203691870104,480.096053655387,4.359045287044012,"MATR_b2c20,MATR_b1c26,MATR_b2c2,MATR_b2c43,MATR_b3c26,MATR_b1c43,MATR_b3c33,MATR_b4c1,MATR_b3c29,MATR_b3c18,MATR_b4c15,MATR_b3c1,MATR_b2c19,MATR_b3c38,MATR_b2c47,MATR_b1c15",False,False,0.95
100,MATR_b2c46,428.0,417.65763985454095,46.41684458394147,326.6822961940226,508.63298351505927,328.0,317.65763985454095,226.68229619402263,408.63298351505927,10.342360145459054,"MATR_b2c20,MATR_b1c26,MATR_b2c2,MATR_b2c43,MATR_b3c26,MATR_b1c43,MATR_b3c33,MATR_b4c1,MATR_b3c29,MATR_b3c18,MATR_b4c15,MATR_b3c1,MATR_b2c19,MATR_b3c38,MATR_b2c47,MATR_b1c15",False,False,0.95
100,MATR_b3c19,1152.0,1840.3449340824804,172.5827331373665,1502.0889927797548,2178.600875385206,1052.0,1740.3449340824804,1402.0889927797548,2078.600875385206,688.3449340824804,"MATR_b2c20,MATR_b1c26,MATR_b2c2,MATR_b2c43,MATR_b3c26,MATR_b1c43,MATR_b3c33,MATR_b4c1,MATR_b3c29,MATR_b3c18,MATR_b4c15,MATR_b3c1,MATR_b2c19,MATR_b3c38,MATR_b2c47,MATR_b1c15",False,False,0.95
100,MATR_b3c20,811.0,961.2492209067143,121.90839353913539,722.3131601568736,1200.185281656555,711.0,861.2492209067143,622.3131601568736,1100.185281656555,150.2492209067143,"MATR_b2c20,MATR_b1c26,MATR_b2c2,MATR_b2c43,MATR_b3c26,MATR_b1c43,MATR_b3c33,MATR_b4c1,MATR_b3c29,MATR_b3c18,MATR_b4c15,MATR_b3c1,MATR_b2c19,MATR_b3c38,MATR_b2c47,MATR_b1c15",False,False,0.95
100,MATR_b3c3,1113.0,1483.162473796345,153.6080922205454,1182.0961453101688,1784.2288022825212,1013.0,1383.162473796345,1082.0961453101688,1684.2288022825212,370.162473796345,"MATR_b2c20,MATR_b1c26,MATR_b2c2,MATR_b2c43,MATR_b3c26,MATR_b1c43,MATR_b3c33,MATR_b4c1,MATR_b3c29,MATR_b3c18,MATR_b4c15,MATR_b3c1,MATR_b2c19,MATR_b3c38,MATR_b2c47,MATR_b1c15",False,False,0.95
100,MATR_b3c30,933.0,1894.5561218421346,183.42818229346955,1535.0434907972867,2254.0687528869826,833.0,1794.5561218421346,1435.0434907972867,2154.0687528869826,961.5561218421346,"MATR_b2c20,MATR_b1c26,MATR_b2c2,MATR_b2c43,MATR_b3c26,MATR_b1c43,MATR_b3c33,MATR_b4c1,MATR_b3c29,MATR_b3c18,MATR_b4c15,MATR_b3c1,MATR_b2c19,MATR_b3c38,MATR_b2c47,MATR_b1c15",False,False,0.95
100,MATR_b3c44,938.0,1001.8882557679761,120.5651573607899,765.5848895504238,1238.1916219855284,838.0,901.8882557679761,665.5848895504238,1138.1916219855284,63.88825576797615,"MATR_b2c20,MATR_b1c26,MATR_b2c2,MATR_b2c43,MATR_b3c26,MATR_b1c43,MATR_b3c33,MATR_b4c1,MATR_b3c29,MATR_b3c18,MATR_b4c15,MATR_b3c1,MATR_b2c19,MATR_b3c38,MATR_b2c47,MATR_b1c15",False,False,0.95
100,MATR_b3c45,1799.0,1872.5912357073214,183.1102680137971,1513.7017052008025,2231.48076621384,1699.0,1772.5912357073214,1413.7017052008025,2131.48076621384,73.5912357073214,"MATR_b2c20,MATR_b1c26,MATR_b2c2,MATR_b2c43,MATR_b3c26,MATR_b1c43,MATR_b3c33,MATR_b4c1,MATR_b3c29,MATR_b3c18,MATR_b4c15,MATR_b3c1,MATR_b2c19,MATR_b3c38,MATR_b2c47,MATR_b1c15",False,False,0.95
100,MATR_b4c10,872.0,1251.721776062648,159.48660559071692,939.1337730882983,1564.3097790369975,772.0,1151.721776062648,839.1337730882983,1464.3097790369975,379.7217760626479,"MATR_b2c20,MATR_b1c26,MATR_b2c2,MATR_b2c43,MATR_b3c26,MATR_b1c43,MATR_b3c33,MATR_b4c1,MATR_b3c29,MATR_b3c18,MATR_b4c15,MATR_b3c1,MATR_b2c19,MATR_b3c38,MATR_b2c47,MATR_b1c15",False,False,0.95
100,MATR_b4c13,771.0,1153.018405436067,136.53703471002277,885.4107348485272,1420.6260760236069,671.0,1053.018405436067,785.4107348485272,1320.6260760236069,382.01840543606704,"MATR_b2c20,MATR_b1c26,MATR_b2c2,MATR_b2c43,MATR_b3c26,MATR_b1c43,MATR_b3c33,MATR_b4c1,MATR_b3c29,MATR_b3c18,MATR_b4c15,MATR_b3c1,MATR_b2c19,MATR_b3c38,MATR_b2c47,MATR_b1c15",False,False,0.95
100,MATR_b4c16,909.0,875.5464326026593,137.74295754331638,605.5751966937294,1145.5176685115891,809.0,775.5464326026593,505.57519669372937,1045.5176685115891,33.45356739734075,"MATR_b2c20,MATR_b1c26,MATR_b2c2,MATR_b2c43,MATR_b3c26,MATR_b1c43,MATR_b3c33,MATR_b4c1,MATR_b3c29,MATR_b3c18,MATR_b4c15,MATR_b3c1,MATR_b2c19,MATR_b3c38,MATR_b2c47,MATR_b1c15",False,False,0.95
100,MATR_b4c18,906.0,798.4451925094238,123.45656805038509,556.4747654757508,1040.415619543097,806.0,698.4451925094238,456.4747654757508,940.4156195430969,107.5548074905762,"MATR_b2c20,MATR_b1c26,MATR_b2c2,MATR_b2c43,MATR_b3c26,MATR_b1c43,MATR_b3c33,MATR_b4c1,MATR_b3c29,MATR_b3c18,MATR_b4c15,MATR_b3c1,MATR_b2c19,MATR_b3c38,MATR_b2c47,MATR_b1c15",False,False,0.95
100,MATR_b4c25,453.0,431.5305957437097,37.80493231278286,357.43428997268074,505.6269015147386,353.0,331.5305957437097,257.43428997268074,405.6269015147386,21.469404256290318,"MATR_b2c20,MATR_b1c26,MATR_b2c2,MATR_b2c43,MATR_b3c26,MATR_b1c43,MATR_b3c33,MATR_b4c1,MATR_b3c29,MATR_b3c18,MATR_b4c15,MATR_b3c1,MATR_b2c19,MATR_b3c38,MATR_b2c47,MATR_b1c15",False,False,0.95
100,MATR_b4c29,887.0,1551.0307147646863,157.07726359404887,1243.164935330246,1858.8964941991267,787.0,1451.0307147646863,1143.164935330246,1758.8964941991267,664.0307147646863,"MATR_b2c20,MATR_b1c26,MATR_b2c2,MATR_b2c43,MATR_b3c26,MATR_b1c43,MATR_b3c33,MATR_b4c1,MATR_b3c29,MATR_b3c18,MATR_b4c15,MATR_b3c1,MATR_b2c19,MATR_b3c38,MATR_b2c47,MATR_b1c15",False,False,0.95
100,MATR_b4c33,505.0,509.5767556676254,53.787027225289464,404.15611947058267,614.9973918646681,405.0,409.5767556676254,304.15611947058267,514.9973918646681,4.5767556676253776,"MATR_b2c20,MATR_b1c26,MATR_b2c2,MATR_b2c43,MATR_b3c26,MATR_b1c43,MATR_b3c33,MATR_b4c1,MATR_b3c29,MATR_b3c18,MATR_b4c15,MATR_b3c1,MATR_b2c19,MATR_b3c38,MATR_b2c47,MATR_b1c15",False,False,0.95
100,MATR_b4c37,863.0,835.0731406900493,104.65225438817126,629.9584911883098,1040.1877901917887,763.0,735.0731406900493,529.9584911883098,940.1877901917887,27.926859309950714,"MATR_b2c20,MATR_b1c26,MATR_b2c2,MATR_b2c43,MATR_b3c26,MATR_b1c43,MATR_b3c33,MATR_b4c1,MATR_b3c29,MATR_b3c18,MATR_b4c15,MATR_b3c1,MATR_b2c19,MATR_b3c38,MATR_b2c47,MATR_b1c15",False,False,0.95
100,MATR_b4c4,656.0,661.407881113028,80.20927893404627,504.20058317637006,818.6151790496859,556.0,561.407881113028,404.20058317637006,718.6151790496859,5.407881113027997,"MATR_b2c20,MATR_b1c26,MATR_b2c2,MATR_b2c43,MATR_b3c26,MATR_b1c43,MATR_b3c33,MATR_b4c1,MATR_b3c29,MATR_b3c18,MATR_b4c15,MATR_b3c1,MATR_b2c19,MATR_b3c38,MATR_b2c47,MATR_b1c15",False,False,0.95
100,MATR_b4c9,442.0,503.56618665923236,49.53533381853677,406.4787164127314,600.6536569057333,342.0,403.56618665923236,306.4787164127314,500.6536569057333,61.56618665923236,"MATR_b2c20,MATR_b1c26,MATR_b2c2,MATR_b2c43,MATR_b3c26,MATR_b1c43,MATR_b3c33,MATR_b4c1,MATR_b3c29,MATR_b3c18,MATR_b4c15,MATR_b3c1,MATR_b2c19,MATR_b3c38,MATR_b2c47,MATR_b1c15",False,False,0.95
120,MATR_b1c1,2154.0,1842.1727857903952,169.96745133982654,1509.042702620271,2175.3028689605194,2034.0,1722.1727857903952,1389.042702620271,2055.3028689605194,311.8272142096048,"MATR_b2c20,MATR_b4c20,MATR_b2c0,MATR_b4c2,MATR_b4c24,MATR_b2c11,MATR_b3c9,MATR_b2c47,MATR_b4c39,MATR_b2c12,MATR_b3c38,MATR_b1c41,MATR_b4c0,MATR_b3c15,MATR_b4c31,MATR_b2c31",False,False,0.95
120,MATR_b1c20,533.0,490.95452787529456,42.73284969802519,407.1996815104019,574.7093742401872,413.0,370.95452787529456,287.1996815104019,454.70937424018723,42.04547212470544,"MATR_b2c20,MATR_b4c20,MATR_b2c0,MATR_b4c2,MATR_b4c24,MATR_b2c11,MATR_b3c9,MATR_b2c47,MATR_b4c39,MATR_b2c12,MATR_b3c38,MATR_b1c41,MATR_b4c0,MATR_b3c15,MATR_b4c31,MATR_b2c31",False,False,0.95
120,MATR_b1c21,557.0,501.38602542696214,50.91790351464752,401.58876836996757,601.1832824839566,437.0,381.38602542696214,281.58876836996757,481.18328248395665,55.613974573037865,"MATR_b2c20,MATR_b4c20,MATR_b2c0,MATR_b4c2,MATR_b4c24,MATR_b2c11,MATR_b3c9,MATR_b2c47,MATR_b4c39,MATR_b2c12,MATR_b3c38,MATR_b1c41,MATR_b4c0,MATR_b3c15,MATR_b4c31,MATR_b2c31",False,False,0.95
120,MATR_b1c28,858.0,768.1468515704073,97.99830264395297,576.0737078422032,960.2199952986114,738.0,648.1468515704073,456.07370784220325,840.2199952986114,89.8531484295927,"MATR_b2c20,MATR_b4c20,MATR_b2c0,MATR_b4c2,MATR_b4c24,MATR_b2c11,MATR_b3c9,MATR_b2c47,MATR_b4c39,MATR_b2c12,MATR_b3c38,MATR_b1c41,MATR_b4c0,MATR_b3c15,MATR_b4c31,MATR_b2c31",False,False,0.95
120,MATR_b1c39,622.0,570.3666555737533,66.0794896778893,440.85323568830404,699.8800754592025,502.0,450.3666555737533,320.85323568830404,579.8800754592025,51.63334442624671,"MATR_b2c20,MATR_b4c20,MATR_b2c0,MATR_b4c2,MATR_b4c24,MATR_b2c11,MATR_b3c9,MATR_b2c47,MATR_b4c39,MATR_b2c12,MATR_b3c38,MATR_b1c41,MATR_b4c0,MATR_b3c15,MATR_b4c31,MATR_b2c31",False,False,0.95
120,MATR_b1c7,869.0,1061.0161332482867,160.00080759205545,747.4203128705352,1374.611953626038,749.0,941.0161332482867,627.4203128705352,1254.611953626038,192.01613324828668,"MATR_b2c20,MATR_b4c20,MATR_b2c0,MATR_b4c2,MATR_b4c24,MATR_b2c11,MATR_b3c9,MATR_b2c47,MATR_b4c39,MATR_b2c12,MATR_b3c38,MATR_b1c41,MATR_b4c0,MATR_b3c15,MATR_b4c31,MATR_b2c31",False,False,0.95
120,MATR_b1c9,1052.0,1092.7612864887471,134.9676912379389,828.2294725858646,1357.2931003916297,932.0,972.7612864887471,708.2294725858646,1237.2931003916297,40.761286488747146,"MATR_b2c20,MATR_b4c20,MATR_b2c0,MATR_b4c2,MATR_b4c24,MATR_b2c11,MATR_b3c9,MATR_b2c47,MATR_b4c39,MATR_b2c12,MATR_b3c38,MATR_b1c41,MATR_b4c0,MATR_b3c15,MATR_b4c31,MATR_b2c31",False,False,0.95
120,MATR_b2c1,147.0,607.6744799074047,49.67806027062087,510.30727095517767,705.0416888596317,27.0,487.6744799074047,390.30727095517767,585.0416888596317,460.6744799074047,"MATR_b2c20,MATR_b4c20,MATR_b2c0,MATR_b4c2,MATR_b4c24,MATR_b2c11,MATR_b3c9,MATR_b2c47,MATR_b4c39,MATR_b2c12,MATR_b3c38,MATR_b1c41,MATR_b4c0,MATR_b3c15,MATR_b4c31,MATR_b2c31",False,False,0.95
120,MATR_b2c10,560.0,584.3423655297443,59.02099235812163,468.6633461760121,700.0213848834763,440.0,464.34236552974426,348.6633461760121,580.0213848834763,24.342365529744256,"MATR_b2c20,MATR_b4c20,MATR_b2c0,MATR_b4c2,MATR_b4c24,MATR_b2c11,MATR_b3c9,MATR_b2c47,MATR_b4c39,MATR_b2c12,MATR_b3c38,MATR_b1c41,MATR_b4c0,MATR_b3c15,MATR_b4c31,MATR_b2c31",False,False,0.95
120,MATR_b2c21,488.0,441.3113808500299,39.78532658553377,363.3335736292198,519.2891880708399,368.0,321.3113808500299,243.3335736292198,399.28918807083994,46.68861914997012,"MATR_b2c20,MATR_b4c20,MATR_b2c0,MATR_b4c2,MATR_b4c24,MATR_b2c11,MATR_b3c9,MATR_b2c47,MATR_b4c39,MATR_b2c12,MATR_b3c38,MATR_b1c41,MATR_b4c0,MATR_b3c15,MATR_b4c31,MATR_b2c31",False,False,0.95
120,MATR_b2c23,526.0,468.4002260414319,41.112819860094156,387.8205798127643,548.9798722700995,406.0,348.4002260414319,267.8205798127643,428.97987227009946,57.59977395856811,"MATR_b2c20,MATR_b4c20,MATR_b2c0,MATR_b4c2,MATR_b4c24,MATR_b2c11,MATR_b3c9,MATR_b2c47,MATR_b4c39,MATR_b2c12,MATR_b3c38,MATR_b1c41,MATR_b4c0,MATR_b3c15,MATR_b4c31,MATR_b2c31",False,False,0.95
120,MATR_b2c25,460.0,456.82902340916155,35.904159060135115,386.4581647560993,527.1998820622239,340.0,336.82902340916155,266.4581647560993,407.1998820622239,3.1709765908384497,"MATR_b2c20,MATR_b4c20,MATR_b2c0,MATR_b4c2,MATR_b4c24,MATR_b2c11,MATR_b3c9,MATR_b2c47,MATR_b4c39,MATR_b2c12,MATR_b3c38,MATR_b1c41,MATR_b4c0,MATR_b3c15,MATR_b4c31,MATR_b2c31",False,False,0.95
120,MATR_b2c29,497.0,587.9342339959782,68.77473782931436,453.1382248043376,722.7302431876187,377.0,467.93423399597816,333.1382248043376,602.7302431876187,90.93423399597816,"MATR_b2c20,MATR_b4c20,MATR_b2c0,MATR_b4c2,MATR_b4c24,MATR_b2c11,MATR_b3c9,MATR_b2c47,MATR_b4c39,MATR_b2c12,MATR_b3c38,MATR_b1c41,MATR_b4c0,MATR_b3c15,MATR_b4c31,MATR_b2c31",False,False,0.95
120,MATR_b2c30,480.0,631.3810915049116,68.11295311958293,497.882156509864,764.8800264999593,360.0,511.38109150491164,377.882156509864,644.8800264999593,151.38109150491164,"MATR_b2c20,MATR_b4c20,MATR_b2c0,MATR_b4c2,MATR_b4c24,MATR_b2c11,MATR_b3c9,MATR_b2c47,MATR_b4c39,MATR_b2c12,MATR_b3c38,MATR_b1c41,MATR_b4c0,MATR_b3c15,MATR_b4c31,MATR_b2c31",False,False,0.95
120,MATR_b2c36,534.0,617.2407954684386,73.9914060563426,472.22030443252834,762.2612865043488,414.0,497.2407954684386,352.22030443252834,642.2612865043488,83.24079546843859,"MATR_b2c20,MATR_b4c20,MATR_b2c0,MATR_b4c2,MATR_b4c24,MATR_b2c11,MATR_b3c9,MATR_b2c47,MATR_b4c39,MATR_b2c12,MATR_b3c38,MATR_b1c41,MATR_b4c0,MATR_b3c15,MATR_b4c31,MATR_b2c31",False,False,0.95
120,MATR_b2c40,498.0,486.27366659433875,49.581863228983615,389.09500037914006,583.4523328095374,378.0,366.27366659433875,269.09500037914006,463.45233280953744,11.72633340566125,"MATR_b2c20,MATR_b4c20,MATR_b2c0,MATR_b4c2,MATR_b4c24,MATR_b2c11,MATR_b3c9,MATR_b2c47,MATR_b4c39,MATR_b2c12,MATR_b3c38,MATR_b1c41,MATR_b4c0,MATR_b3c15,MATR_b4c31,MATR_b2c31",False,False,0.95
120,MATR_b2c42,465.0,473.03232619237497,47.10815533203049,380.70203836347673,565.3626140212732,345.0,353.03232619237497,260.70203836347673,445.3626140212732,8.032326192374967,"MATR_b2c20,MATR_b4c20,MATR_b2c0,MATR_b4c2,MATR_b4c24,MATR_b2c11,MATR_b3c9,MATR_b2c47,MATR_b4c39,MATR_b2c12,MATR_b3c38,MATR_b1c41,MATR_b4c0,MATR_b3c15,MATR_b4c31,MATR_b2c31",False,False,0.95
120,MATR_b2c46,428.0,409.51453114240996,37.32960194527621,336.34985577245226,482.67920651236767,308.0,289.51453114240996,216.34985577245226,362.67920651236767,18.485468857590035,"MATR_b2c20,MATR_b4c20,MATR_b2c0,MATR_b4c2,MATR_b4c24,MATR_b2c11,MATR_b3c9,MATR_b2c47,MATR_b4c39,MATR_b2c12,MATR_b3c38,MATR_b1c41,MATR_b4c0,MATR_b3c15,MATR_b4c31,MATR_b2c31",False,False,0.95
120,MATR_b3c19,1152.0,1939.7165946439104,169.9559171915091,1606.609117989081,2272.82407129874,1032.0,1819.7165946439104,1486.609117989081,2152.82407129874,787.7165946439104,"MATR_b2c20,MATR_b4c20,MATR_b2c0,MATR_b4c2,MATR_b4c24,MATR_b2c11,MATR_b3c9,MATR_b2c47,MATR_b4c39,MATR_b2c12,MATR_b3c38,MATR_b1c41,MATR_b4c0,MATR_b3c15,MATR_b4c31,MATR_b2c31",False,False,0.95
120,MATR_b3c20,811.0,1082.4322494701871,127.74256605170324,832.0614207161199,1332.8030782242545,691.0,962.4322494701871,712.0614207161199,1212.8030782242545,271.4322494701871,"MATR_b2c20,MATR_b4c20,MATR_b2c0,MATR_b4c2,MATR_b4c24,MATR_b2c11,MATR_b3c9,MATR_b2c47,MATR_b4c39,MATR_b2c12,MATR_b3c38,MATR_b1c41,MATR_b4c0,MATR_b3c15,MATR_b4c31,MATR_b2c31",False,False,0.95
120,MATR_b3c3,1113.0,1458.9552663485088,148.60721012384718,1167.6904866627922,1750.2200460342253,993.0,1338.9552663485088,1047.6904866627922,1630.2200460342253,345.95526634850876,"MATR_b2c20,MATR_b4c20,MATR_b2c0,MATR_b4c2,MATR_b4c24,MATR_b2c11,MATR_b3c9,MATR_b2c47,MATR_b4c39,MATR_b2c12,MATR_b3c38,MATR_b1c41,MATR_b4c0,MATR_b3c15,MATR_b4c31,MATR_b2c31",False,False,0.95
120,MATR_b3c30,933.0,1937.2076756512142,176.18016147748992,1591.900904364883,2282.5144469375455,813.0,1817.2076756512142,1471.900904364883,2162.5144469375455,1004.2076756512142,"MATR_b2c20,MATR_b4c20,MATR_b2c0,MATR_b4c2,MATR_b4c24,MATR_b2c11,MATR_b3c9,MATR_b2c47,MATR_b4c39,MATR_b2c12,MATR_b3c38,MATR_b1c41,MATR_b4c0,MATR_b3c15,MATR_b4c31,MATR_b2c31",False,False,0.95
120,MATR_b3c44,938.0,1152.085658890993,121.42768891464699,914.0917618923514,1390.0795558896348,818.0,1032.085658890993,794.0917618923514,1270.0795558896348,214.08565889099305,"MATR_b2c20,MATR_b4c20,MATR_b2c0,MATR_b4c2,MATR_b4c24,MATR_b2c11,MATR_b3c9,MATR_b2c47,MATR_b4c39,MATR_b2c12,MATR_b3c38,MATR_b1c41,MATR_b4c0,MATR_b3c15,MATR_b4c31,MATR_b2c31",False,False,0.95
120,MATR_b3c45,1799.0,1896.4108405182858,176.95885462243166,1549.5778587128607,2243.243822323711,1679.0,1776.4108405182858,1429.5778587128607,2123.243822323711,97.4108405182858,"MATR_b2c20,MATR_b4c20,MATR_b2c0,MATR_b4c2,MATR_b4c24,MATR_b2c11,MATR_b3c9,MATR_b2c47,MATR_b4c39,MATR_b2c12,MATR_b3c38,MATR_b1c41,MATR_b4c0,MATR_b3c15,MATR_b4c31,MATR_b2c31",False,False,0.95
120,MATR_b4c10,872.0,1123.5653706399883,144.88195648433123,839.6019539209998,1407.5287873589768,752.0,1003.5653706399883,719.6019539209998,1287.5287873589768,251.56537063998826,"MATR_b2c20,MATR_b4c20,MATR_b2c0,MATR_b4c2,MATR_b4c24,MATR_b2c11,MATR_b3c9,MATR_b2c47,MATR_b4c39,MATR_b2c12,MATR_b3c38,MATR_b1c41,MATR_b4c0,MATR_b3c15,MATR_b4c31,MATR_b2c31",False,False,0.95
120,MATR_b4c13,771.0,1069.3938271985032,127.8077650697373,818.8952107172618,1319.8924436797447,651.0,949.3938271985032,698.8952107172618,1199.8924436797447,298.39382719850323,"MATR_b2c20,MATR_b4c20,MATR_b2c0,MATR_b4c2,MATR_b4c24,MATR_b2c11,MATR_b3c9,MATR_b2c47,MATR_b4c39,MATR_b2c12,MATR_b3c38,MATR_b1c41,MATR_b4c0,MATR_b3c15,MATR_b4c31,MATR_b2c31",False,False,0.95
120,MATR_b4c16,909.0,845.1772100163514,126.61207274973424,597.0221074189071,1093.3323126137957,789.0,725.1772100163514,477.0221074189071,973.3323126137957,63.82278998364859,"MATR_b2c20,MATR_b4c20,MATR_b2c0,MATR_b4c2,MATR_b4c24,MATR_b2c11,MATR_b3c9,MATR_b2c47,MATR_b4c39,MATR_b2c12,MATR_b3c38,MATR_b1c41,MATR_b4c0,MATR_b3c15,MATR_b4c31,MATR_b2c31",False,False,0.95
120,MATR_b4c18,906.0,829.6141905982702,121.24091513867388,591.9863634737924,1067.242017722748,786.0,709.6141905982702,471.9863634737924,947.242017722748,76.38580940172983,"MATR_b2c20,MATR_b4c20,MATR_b2c0,MATR_b4c2,MATR_b4c24,MATR_b2c11,MATR_b3c9,MATR_b2c47,MATR_b4c39,MATR_b2c12,MATR_b3c38,MATR_b1c41,MATR_b4c0,MATR_b3c15,MATR_b4c31,MATR_b2c31",False,False,0.95
120,MATR_b4c25,453.0,410.1115096512843,29.207705360702096,352.8654590732507,467.35756022931787,333.0,290.1115096512843,232.8654590732507,347.35756022931787,42.88849034871572,"MATR_b2c20,MATR_b4c20,MATR_b2c0,MATR_b4c2,MATR_b4c24,MATR_b2c11,MATR_b3c9,MATR_b2c47,MATR_b4c39,MATR_b2c12,MATR_b3c38,MATR_b1c41,MATR_b4c0,MATR_b3c15,MATR_b4c31,MATR_b2c31",False,False,0.95
120,MATR_b4c29,887.0,1531.8262887493493,149.58428025983588,1238.6464867867253,1825.0060907119732,767.0,1411.8262887493493,1118.6464867867253,1705.0060907119732,644.8262887493493,"MATR_b2c20,MATR_b4c20,MATR_b2c0,MATR_b4c2,MATR_b4c24,MATR_b2c11,MATR_b3c9,MATR_b2c47,MATR_b4c39,MATR_b2c12,MATR_b3c38,MATR_b1c41,MATR_b4c0,MATR_b3c15,MATR_b4c31,MATR_b2c31",False,False,0.95
120,MATR_b4c33,505.0,496.48477212635936,42.79203559158087,412.6139235417047,580.355620711014,385.0,376.48477212635936,292.6139235417047,460.355620711014,8.51522787364064,"MATR_b2c20,MATR_b4c20,MATR_b2c0,MATR_b4c2,MATR_b4c24,MATR_b2c11,MATR_b3c9,MATR_b2c47,MATR_b4c39,MATR_b2c12,MATR_b3c38,MATR_b1c41,MATR_b4c0,MATR_b3c15,MATR_b4c31,MATR_b2c31",False,False,0.95
120,MATR_b4c37,863.0,815.0681057846326,95.27675300835938,628.32910132433,1001.8071102449352,743.0,695.0681057846326,508.32910132433005,881.8071102449352,47.93189421536738,"MATR_b2c20,MATR_b4c20,MATR_b2c0,MATR_b4c2,MATR_b4c24,MATR_b2c11,MATR_b3c9,MATR_b2c47,MATR_b4c39,MATR_b2c12,MATR_b3c38,MATR_b1c41,MATR_b4c0,MATR_b3c15,MATR_b4c31,MATR_b2c31",False,False,0.95
120,MATR_b4c4,656.0,667.1816720138202,72.93089464528781,524.239745148771,810.1235988788693,536.0,547.1816720138202,404.239745148771,690.1235988788693,11.181672013820162,"MATR_b2c20,MATR_b4c20,MATR_b2c0,MATR_b4c2,MATR_b4c24,MATR_b2c11,MATR_b3c9,MATR_b2c47,MATR_b4c39,MATR_b2c12,MATR_b3c38,MATR_b1c41,MATR_b4c0,MATR_b3c15,MATR_b4c31,MATR_b2c31",False,False,0.95
120,MATR_b4c9,442.0,488.4111791045369,39.2290111294852,411.52373014162504,565.2986280674488,322.0,368.4111791045369,291.52373014162504,445.2986280674488,46.41117910453693,"MATR_b2c20,MATR_b4c20,MATR_b2c0,MATR_b4c2,MATR_b4c24,MATR_b2c11,MATR_b3c9,MATR_b2c47,MATR_b4c39,MATR_b2c12,MATR_b3c38,MATR_b1c41,MATR_b4c0,MATR_b3c15,MATR_b4c31,MATR_b2c31",False,False,0.95
140,MATR_b1c1,2154.0,1825.7007787914386,154.197007185611,1523.4801981837772,2127.9213593991,2014.0,1685.7007787914386,1383.4801981837772,1987.9213593990999,328.29922120856145,"MATR_b3c34,MATR_b3c26,MATR_b4c31,MATR_b1c16,MATR_b2c47,MATR_b3c39,MATR_b1c30,MATR_b2c39,MATR_b4c20,MATR_b2c32,MATR_b2c11,MATR_b2c0,MATR_b3c14,MATR_b1c41,MATR_b2c22,MATR_b4c8",False,False,0.95
140,MATR_b1c20,533.0,515.4852958101383,41.05370734996714,435.0215079723554,595.9490836479212,393.0,375.48529581013827,295.0215079723554,455.94908364792116,17.51470418986173,"MATR_b3c34,MATR_b3c26,MATR_b4c31,MATR_b1c16,MATR_b2c47,MATR_b3c39,MATR_b1c30,MATR_b2c39,MATR_b4c20,MATR_b2c32,MATR_b2c11,MATR_b2c0,MATR_b3c14,MATR_b1c41,MATR_b2c22,MATR_b4c8",False,False,0.95
140,MATR_b1c21,557.0,503.4083691208766,45.10240492633916,415.00927984911,591.8074583926433,417.0,363.4083691208766,275.00927984911,451.8074583926433,53.591630879123386,"MATR_b3c34,MATR_b3c26,MATR_b4c31,MATR_b1c16,MATR_b2c47,MATR_b3c39,MATR_b1c30,MATR_b2c39,MATR_b4c20,MATR_b2c32,MATR_b2c11,MATR_b2c0,MATR_b3c14,MATR_b1c41,MATR_b2c22,MATR_b4c8",False,False,0.95
140,MATR_b1c28,858.0,777.6100493849798,79.56232199357774,621.6707637511884,933.5493350187712,718.0,637.6100493849798,481.67076375118836,793.5493350187712,80.38995061502021,"MATR_b3c34,MATR_b3c26,MATR_b4c31,MATR_b1c16,MATR_b2c47,MATR_b3c39,MATR_b1c30,MATR_b2c39,MATR_b4c20,MATR_b2c32,MATR_b2c11,MATR_b2c0,MATR_b3c14,MATR_b1c41,MATR_b2c22,MATR_b4c8",False,False,0.95
140,MATR_b1c39,622.0,584.0400430703273,57.282845416743434,471.7677291215349,696.3123570191198,482.0,444.04004307032733,331.7677291215349,556.3123570191198,37.95995692967267,"MATR_b3c34,MATR_b3c26,MATR_b4c31,MATR_b1c16,MATR_b2c47,MATR_b3c39,MATR_b1c30,MATR_b2c39,MATR_b4c20,MATR_b2c32,MATR_b2c11,MATR_b2c0,MATR_b3c14,MATR_b1c41,MATR_b2c22,MATR_b4c8",False,False,0.95
140,MATR_b1c7,869.0,908.6211899704224,110.5279705547089,691.9903483988894,1125.2520315419554,729.0,768.6211899704224,551.9903483988894,985.2520315419554,39.62118997042239,"MATR_b3c34,MATR_b3c26,MATR_b4c31,MATR_b1c16,MATR_b2c47,MATR_b3c39,MATR_b1c30,MATR_b2c39,MATR_b4c20,MATR_b2c32,MATR_b2c11,MATR_b2c0,MATR_b3c14,MATR_b1c41,MATR_b2c22,MATR_b4c8",False,False,0.95
140,MATR_b1c9,1052.0,1111.6422038171443,97.9150599358115,919.732212798873,1303.5521948354155,912.0,971.6422038171443,779.732212798873,1163.5521948354155,59.642203817144264,"MATR_b3c34,MATR_b3c26,MATR_b4c31,MATR_b1c16,MATR_b2c47,MATR_b3c39,MATR_b1c30,MATR_b2c39,MATR_b4c20,MATR_b2c32,MATR_b2c11,MATR_b2c0,MATR_b3c14,MATR_b1c41,MATR_b2c22,MATR_b4c8",False,False,0.95
140,MATR_b2c1,147.0,587.2293559469304,44.59113394547502,499.8323393839979,674.6263725098628,7.0,447.22935594693035,359.8323393839979,534.6263725098628,440.22935594693035,"MATR_b3c34,MATR_b3c26,MATR_b4c31,MATR_b1c16,MATR_b2c47,MATR_b3c39,MATR_b1c30,MATR_b2c39,MATR_b4c20,MATR_b2c32,MATR_b2c11,MATR_b2c0,MATR_b3c14,MATR_b1c41,MATR_b2c22,MATR_b4c8",False,False,0.95
140,MATR_b2c10,560.0,543.2107638285838,46.00618228377911,453.0403034861921,633.3812241709755,420.0,403.2107638285838,313.0403034861921,493.38122417097554,16.789236171416178,"MATR_b3c34,MATR_b3c26,MATR_b4c31,MATR_b1c16,MATR_b2c47,MATR_b3c39,MATR_b1c30,MATR_b2c39,MATR_b4c20,MATR_b2c32,MATR_b2c11,MATR_b2c0,MATR_b3c14,MATR_b1c41,MATR_b2c22,MATR_b4c8",False,False,0.95
140,MATR_b2c21,488.0,458.008303741177,37.479105572831266,384.55060664565326,531.4660008367007,348.0,318.008303741177,244.55060664565326,391.4660008367007,29.991696258823026,"MATR_b3c34,MATR_b3c26,MATR_b4c31,MATR_b1c16,MATR_b2c47,MATR_b3c39,MATR_b1c30,MATR_b2c39,MATR_b4c20,MATR_b2c32,MATR_b2c11,MATR_b2c0,MATR_b3c14,MATR_b1c41,MATR_b2c22,MATR_b4c8",False,False,0.95
140,MATR_b2c23,526.0,479.95385118420046,38.48015913997709,404.5341251504756,555.3735772179253,386.0,339.95385118420046,264.5341251504756,415.37357721792534,46.04614881579954,"MATR_b3c34,MATR_b3c26,MATR_b4c31,MATR_b1c16,MATR_b2c47,MATR_b3c39,MATR_b1c30,MATR_b2c39,MATR_b4c20,MATR_b2c32,MATR_b2c11,MATR_b2c0,MATR_b3c14,MATR_b1c41,MATR_b2c22,MATR_b4c8",False,False,0.95
140,MATR_b2c25,460.0,457.6079237543725,33.42622082435298,392.0937347993579,523.1221127093871,320.0,317.6079237543725,252.0937347993579,383.1221127093871,2.392076245627493,"MATR_b3c34,MATR_b3c26,MATR_b4c31,MATR_b1c16,MATR_b2c47,MATR_b3c39,MATR_b1c30,MATR_b2c39,MATR_b4c20,MATR_b2c32,MATR_b2c11,MATR_b2c0,MATR_b3c14,MATR_b1c41,MATR_b2c22,MATR_b4c8",False,False,0.95
140,MATR_b2c29,497.0,604.2668815472247,59.740758609844164,487.17714626282896,721.3566168316204,357.0,464.26688154722467,347.17714626282896,581.3566168316204,107.26688154722467,"MATR_b3c34,MATR_b3c26,MATR_b4c31,MATR_b1c16,MATR_b2c47,MATR_b3c39,MATR_b1c30,MATR_b2c39,MATR_b4c20,MATR_b2c32,MATR_b2c11,MATR_b2c0,MATR_b3c14,MATR_b1c41,MATR_b2c22,MATR_b4c8",False,False,0.95
140,MATR_b2c30,480.0,598.2850270428016,55.734696805527385,489.0470286147084,707.5230254708949,340.0,458.28502704280163,349.0470286147084,567.5230254708949,118.28502704280163,"MATR_b3c34,MATR_b3c26,MATR_b4c31,MATR_b1c16,MATR_b2c47,MATR_b3c39,MATR_b1c30,MATR_b2c39,MATR_b4c20,MATR_b2c32,MATR_b2c11,MATR_b2c0,MATR_b3c14,MATR_b1c41,MATR_b2c22,MATR_b4c8",False,False,0.95
140,MATR_b2c36,534.0,608.0597860746266,61.24004680758514,488.0314999202126,728.0880722290406,394.0,468.0597860746266,348.0314999202126,588.0880722290406,74.05978607462657,"MATR_b3c34,MATR_b3c26,MATR_b4c31,MATR_b1c16,MATR_b2c47,MATR_b3c39,MATR_b1c30,MATR_b2c39,MATR_b4c20,MATR_b2c32,MATR_b2c11,MATR_b2c0,MATR_b3c14,MATR_b1c41,MATR_b2c22,MATR_b4c8",False,False,0.95
140,MATR_b2c40,498.0,508.16275196401176,45.51501404569732,418.95496367861034,597.3705402494131,358.0,368.16275196401176,278.95496367861034,457.3705402494131,10.162751964011761,"MATR_b3c34,MATR_b3c26,MATR_b4c31,MATR_b1c16,MATR_b2c47,MATR_b3c39,MATR_b1c30,MATR_b2c39,MATR_b4c20,MATR_b2c32,MATR_b2c11,MATR_b2c0,MATR_b3c14,MATR_b1c41,MATR_b2c22,MATR_b4c8",False,False,0.95
140,MATR_b2c42,465.0,509.3922092945459,46.11992659821221,418.9988141924191,599.7856043966727,325.0,369.3922092945459,278.9988141924191,459.78560439667274,44.39220929454592,"MATR_b3c34,MATR_b3c26,MATR_b4c31,MATR_b1c16,MATR_b2c47,MATR_b3c39,MATR_b1c30,MATR_b2c39,MATR_b4c20,MATR_b2c32,MATR_b2c11,MATR_b2c0,MATR_b3c14,MATR_b1c41,MATR_b2c22,MATR_b4c8",False,False,0.95
140,MATR_b2c46,428.0,438.65269059609756,36.689383330228175,366.74282065386615,510.56256053832897,288.0,298.65269059609756,226.74282065386615,370.56256053832897,10.652690596097557,"MATR_b3c34,MATR_b3c26,MATR_b4c31,MATR_b1c16,MATR_b2c47,MATR_b3c39,MATR_b1c30,MATR_b2c39,MATR_b4c20,MATR_b2c32,MATR_b2c11,MATR_b2c0,MATR_b3c14,MATR_b1c41,MATR_b2c22,MATR_b4c8",False,False,0.95
140,MATR_b3c19,1152.0,1890.394849769516,158.1717990159713,1580.3838203283044,2200.4058792107276,1012.0,1750.394849769516,1440.3838203283044,2060.4058792107276,738.394849769516,"MATR_b3c34,MATR_b3c26,MATR_b4c31,MATR_b1c16,MATR_b2c47,MATR_b3c39,MATR_b1c30,MATR_b2c39,MATR_b4c20,MATR_b2c32,MATR_b2c11,MATR_b2c0,MATR_b3c14,MATR_b1c41,MATR_b2c22,MATR_b4c8",False,False,0.95
140,MATR_b3c20,811.0,959.9815523932062,98.72002434821584,766.493860117786,1153.4692446686265,671.0,819.9815523932062,626.493860117786,1013.4692446686265,148.98155239320624,"MATR_b3c34,MATR_b3c26,MATR_b4c31,MATR_b1c16,MATR_b2c47,MATR_b3c39,MATR_b1c30,MATR_b2c39,MATR_b4c20,MATR_b2c32,MATR_b2c11,MATR_b2c0,MATR_b3c14,MATR_b1c41,MATR_b2c22,MATR_b4c8",False,False,0.95
140,MATR_b3c3,1113.0,1274.1352507802274,118.74735486593033,1041.3947119836068,1506.8757895768479,973.0,1134.1352507802274,901.3947119836068,1366.8757895768479,161.13525078022735,"MATR_b3c34,MATR_b3c26,MATR_b4c31,MATR_b1c16,MATR_b2c47,MATR_b3c39,MATR_b1c30,MATR_b2c39,MATR_b4c20,MATR_b2c32,MATR_b2c11,MATR_b2c0,MATR_b3c14,MATR_b1c41,MATR_b2c22,MATR_b4c8",False,False,0.95
140,MATR_b3c30,933.0,1805.089462948396,152.5989751095908,1506.0009676558739,2104.177958240918,793.0,1665.089462948396,1366.0009676558739,1964.177958240918,872.089462948396,"MATR_b3c34,MATR_b3c26,MATR_b4c31,MATR_b1c16,MATR_b2c47,MATR_b3c39,MATR_b1c30,MATR_b2c39,MATR_b4c20,MATR_b2c32,MATR_b2c11,MATR_b2c0,MATR_b3c14,MATR_b1c41,MATR_b2c22,MATR_b4c8",False,False,0.95
140,MATR_b3c44,938.0,1011.7679617361388,95.9735502469093,823.6632597837514,1199.8726636885262,798.0,871.7679617361388,683.6632597837514,1059.8726636885262,73.76796173613877,"MATR_b3c34,MATR_b3c26,MATR_b4c31,MATR_b1c16,MATR_b2c47,MATR_b3c39,MATR_b1c30,MATR_b2c39,MATR_b4c20,MATR_b2c32,MATR_b2c11,MATR_b2c0,MATR_b3c14,MATR_b1c41,MATR_b2c22,MATR_b4c8",False,False,0.95
140,MATR_b3c45,1799.0,1858.500028867954,166.44734323348396,1532.2692308079488,2184.7308269279592,1659.0,1718.500028867954,1392.2692308079488,2044.7308269279592,59.500028867953915,"MATR_b3c34,MATR_b3c26,MATR_b4c31,MATR_b1c16,MATR_b2c47,MATR_b3c39,MATR_b1c30,MATR_b2c39,MATR_b4c20,MATR_b2c32,MATR_b2c11,MATR_b2c0,MATR_b3c14,MATR_b1c41,MATR_b2c22,MATR_b4c8",False,False,0.95
140,MATR_b4c10,872.0,952.5797544441198,105.83010158499152,745.1565668573212,1160.0029420309183,732.0,812.5797544441198,605.1565668573212,1020.0029420309183,80.57975444411977,"MATR_b3c34,MATR_b3c26,MATR_b4c31,MATR_b1c16,MATR_b2c47,MATR_b3c39,MATR_b1c30,MATR_b2c39,MATR_b4c20,MATR_b2c32,MATR_b2c11,MATR_b2c0,MATR_b3c14,MATR_b1c41,MATR_b2c22,MATR_b4c8",False,False,0.95
140,MATR_b4c13,771.0,938.8472803374525,95.27042476680496,752.120679002682,1125.573881672223,631.0,798.8472803374525,612.120679002682,985.573881672223,167.8472803374525,"MATR_b3c34,MATR_b3c26,MATR_b4c31,MATR_b1c16,MATR_b2c47,MATR_b3c39,MATR_b1c30,MATR_b2c39,MATR_b4c20,MATR_b2c32,MATR_b2c11,MATR_b2c0,MATR_b3c14,MATR_b1c41,MATR_b2c22,MATR_b4c8",False,False,0.95
140,MATR_b4c16,909.0,804.9797351162248,102.06910589904271,604.9279636198963,1005.0315066125532,769.0,664.9797351162248,464.92796361989633,865.0315066125532,104.02026488377521,"MATR_b3c34,MATR_b3c26,MATR_b4c31,MATR_b1c16,MATR_b2c47,MATR_b3c39,MATR_b1c30,MATR_b2c39,MATR_b4c20,MATR_b2c32,MATR_b2c11,MATR_b2c0,MATR_b3c14,MATR_b1c41,MATR_b2c22,MATR_b4c8",False,False,0.95
140,MATR_b4c18,906.0,819.9743815334267,103.70328578868956,616.7196763091308,1023.2290867577226,766.0,679.9743815334267,476.7196763091308,883.2290867577226,86.02561846657329,"MATR_b3c34,MATR_b3c26,MATR_b4c31,MATR_b1c16,MATR_b2c47,MATR_b3c39,MATR_b1c30,MATR_b2c39,MATR_b4c20,MATR_b2c32,MATR_b2c11,MATR_b2c0,MATR_b3c14,MATR_b1c41,MATR_b2c22,MATR_b4c8",False,False,0.95
140,MATR_b4c25,453.0,423.1856739694012,28.264978669329327,367.78733375372286,478.5840141850795,313.0,283.1856739694012,227.78733375372286,338.5840141850795,29.814326030598806,"MATR_b3c34,MATR_b3c26,MATR_b4c31,MATR_b1c16,MATR_b2c47,MATR_b3c39,MATR_b1c30,MATR_b2c39,MATR_b4c20,MATR_b2c32,MATR_b2c11,MATR_b2c0,MATR_b3c14,MATR_b1c41,MATR_b2c22,MATR_b4c8",False,False,0.95
140,MATR_b4c29,887.0,1329.599033233807,118.67589667309825,1096.9985499215377,1562.1995165460762,747.0,1189.599033233807,956.9985499215377,1422.1995165460762,442.59903323380695,"MATR_b3c34,MATR_b3c26,MATR_b4c31,MATR_b1c16,MATR_b2c47,MATR_b3c39,MATR_b1c30,MATR_b2c39,MATR_b4c20,MATR_b2c32,MATR_b2c11,MATR_b2c0,MATR_b3c14,MATR_b1c41,MATR_b2c22,MATR_b4c8",False,False,0.95
140,MATR_b4c33,505.0,487.20834700859183,37.18097460219287,414.33497587819534,560.0817181389883,365.0,347.20834700859183,274.33497587819534,420.0817181389883,17.79165299140817,"MATR_b3c34,MATR_b3c26,MATR_b4c31,MATR_b1c16,MATR_b2c47,MATR_b3c39,MATR_b1c30,MATR_b2c39,MATR_b4c20,MATR_b2c32,MATR_b2c11,MATR_b2c0,MATR_b3c14,MATR_b1c41,MATR_b2c22,MATR_b4c8",False,False,0.95
140,MATR_b4c37,863.0,805.9959639447516,79.67884624495561,649.8282949749341,962.163632914569,723.0,665.9959639447516,509.8282949749341,822.163632914569,57.004036055248434,"MATR_b3c34,MATR_b3c26,MATR_b4c31,MATR_b1c16,MATR_b2c47,MATR_b3c39,MATR_b1c30,MATR_b2c39,MATR_b4c20,MATR_b2c32,MATR_b2c11,MATR_b2c0,MATR_b3c14,MATR_b1c41,MATR_b2c22,MATR_b4c8",False,False,0.95
140,MATR_b4c4,656.0,657.9345830008301,60.70184410840038,538.9611547532005,776.9080112484597,516.0,517.9345830008301,398.9611547532005,636.9080112484597,1.9345830008301164,"MATR_b3c34,MATR_b3c26,MATR_b4c31,MATR_b1c16,MATR_b2c47,MATR_b3c39,MATR_b1c30,MATR_b2c39,MATR_b4c20,MATR_b2c32,MATR_b2c11,MATR_b2c0,MATR_b3c14,MATR_b1c41,MATR_b2c22,MATR_b4c8",False,False,0.95
140,MATR_b4c9,442.0,488.11795619027464,35.664998149438674,418.21584430868717,558.020068071862,302.0,348.11795619027464,278.21584430868717,418.02006807186206,46.11795619027464,"MATR_b3c34,MATR_b3c26,MATR_b4c31,MATR_b1c16,MATR_b2c47,MATR_b3c39,MATR_b1c30,MATR_b2c39,MATR_b4c20,MATR_b2c32,MATR_b2c11,MATR_b2c0,MATR_b3c14,MATR_b1c41,MATR_b2c22,MATR_b4c8",False,False,0.95
160,MATR_b1c1,2154.0,1819.2164463675745,141.60676772949927,1541.6722816506272,2096.7606110845218,1994.0,1659.2164463675745,1381.6722816506272,1936.7606110845218,334.78355363242554,"MATR_b1c5,MATR_b4c28,MATR_b4c44,MATR_b3c14,MATR_b3c22,MATR_b1c0,MATR_b3c1,MATR_b1c37,MATR_b3c28,MATR_b3c0,MATR_b2c32,MATR_b1c17,MATR_b2c43,MATR_b1c44,MATR_b4c1,MATR_b3c24",False,False,0.95
160,MATR_b1c20,533.0,543.7491737280377,39.35002040335628,466.62455094654314,620.8737965095323,373.0,383.7491737280377,306.62455094654314,460.8737965095323,10.749173728037704,"MATR_b1c5,MATR_b4c28,MATR_b4c44,MATR_b3c14,MATR_b3c22,MATR_b1c0,MATR_b3c1,MATR_b1c37,MATR_b3c28,MATR_b3c0,MATR_b2c32,MATR_b1c17,MATR_b2c43,MATR_b1c44,MATR_b4c1,MATR_b3c24",False,False,0.95
160,MATR_b1c21,557.0,505.5493695022726,40.18326333583089,426.7916205827553,584.3071184217899,397.0,345.5493695022726,266.7916205827553,424.30711842178994,51.45063049772739,"MATR_b1c5,MATR_b4c28,MATR_b4c44,MATR_b3c14,MATR_b3c22,MATR_b1c0,MATR_b3c1,MATR_b1c37,MATR_b3c28,MATR_b3c0,MATR_b2c32,MATR_b1c17,MATR_b2c43,MATR_b1c44,MATR_b4c1,MATR_b3c24",False,False,0.95
160,MATR_b1c28,858.0,768.0348252915394,70.95650054699846,628.9626397504258,907.107010832653,698.0,608.0348252915394,468.96263975042575,747.107010832653,89.96517470846061,"MATR_b1c5,MATR_b4c28,MATR_b4c44,MATR_b3c14,MATR_b3c22,MATR_b1c0,MATR_b3c1,MATR_b1c37,MATR_b3c28,MATR_b3c0,MATR_b2c32,MATR_b1c17,MATR_b2c43,MATR_b1c44,MATR_b4c1,MATR_b3c24",False,False,0.95
160,MATR_b1c39,622.0,592.2067898798335,51.572898098891166,491.12576702765267,693.2878127320145,462.0,432.20678987983354,331.12576702765267,533.2878127320145,29.793210120166464,"MATR_b1c5,MATR_b4c28,MATR_b4c44,MATR_b3c14,MATR_b3c22,MATR_b1c0,MATR_b3c1,MATR_b1c37,MATR_b3c28,MATR_b3c0,MATR_b2c32,MATR_b1c17,MATR_b2c43,MATR_b1c44,MATR_b4c1,MATR_b3c24",False,False,0.95
160,MATR_b1c7,869.0,876.9408213474576,93.51189881561885,693.660867542891,1060.2207751520243,709.0,716.9408213474576,533.660867542891,900.2207751520243,7.940821347457586,"MATR_b1c5,MATR_b4c28,MATR_b4c44,MATR_b3c14,MATR_b3c22,MATR_b1c0,MATR_b3c1,MATR_b1c37,MATR_b3c28,MATR_b3c0,MATR_b2c32,MATR_b1c17,MATR_b2c43,MATR_b1c44,MATR_b4c1,MATR_b3c24",False,False,0.95
160,MATR_b1c9,1052.0,1056.5032941189436,81.6714135335206,896.430265026766,1216.576323211121,892.0,896.5032941189436,736.430265026766,1056.576323211121,4.503294118943586,"MATR_b1c5,MATR_b4c28,MATR_b4c44,MATR_b3c14,MATR_b3c22,MATR_b1c0,MATR_b3c1,MATR_b1c37,MATR_b3c28,MATR_b3c0,MATR_b2c32,MATR_b1c17,MATR_b2c43,MATR_b1c44,MATR_b4c1,MATR_b3c24",False,False,0.95
160,MATR_b2c10,560.0,540.0316555652377,40.513946332091294,460.6257798827501,619.4375312477252,400.0,380.03165556523766,300.6257798827501,459.43753124772525,19.968344434762344,"MATR_b1c5,MATR_b4c28,MATR_b4c44,MATR_b3c14,MATR_b3c22,MATR_b1c0,MATR_b3c1,MATR_b1c37,MATR_b3c28,MATR_b3c0,MATR_b2c32,MATR_b1c17,MATR_b2c43,MATR_b1c44,MATR_b4c1,MATR_b3c24",False,False,0.95
160,MATR_b2c21,488.0,465.56037368548334,34.691433151336874,397.5664141367842,533.5543332341824,328.0,305.56037368548334,237.5664141367842,373.5543332341824,22.43962631451666,"MATR_b1c5,MATR_b4c28,MATR_b4c44,MATR_b3c14,MATR_b3c22,MATR_b1c0,MATR_b3c1,MATR_b1c37,MATR_b3c28,MATR_b3c0,MATR_b2c32,MATR_b1c17,MATR_b2c43,MATR_b1c44,MATR_b4c1,MATR_b3c24",False,False,0.95
160,MATR_b2c23,526.0,478.1076622524638,34.28038235066982,410.9193474688884,545.2959770360392,366.0,318.1076622524638,250.91934746888842,385.2959770360392,47.8923377475362,"MATR_b1c5,MATR_b4c28,MATR_b4c44,MATR_b3c14,MATR_b3c22,MATR_b1c0,MATR_b3c1,MATR_b1c37,MATR_b3c28,MATR_b3c0,MATR_b2c32,MATR_b1c17,MATR_b2c43,MATR_b1c44,MATR_b4c1,MATR_b3c24",False,False,0.95
160,MATR_b2c25,460.0,467.26504483337277,31.282239780751453,405.9529815073538,528.5771081593917,300.0,307.26504483337277,245.9529815073538,368.57710815939174,7.2650448333727695,"MATR_b1c5,MATR_b4c28,MATR_b4c44,MATR_b3c14,MATR_b3c22,MATR_b1c0,MATR_b3c1,MATR_b1c37,MATR_b3c28,MATR_b3c0,MATR_b2c32,MATR_b1c17,MATR_b2c43,MATR_b1c44,MATR_b4c1,MATR_b3c24",False,False,0.95
160,MATR_b2c29,497.0,605.4970122786337,53.49387337778357,500.65094706463196,710.3430774926355,337.0,445.49701227863375,340.65094706463196,550.3430774926355,108.49701227863375,"MATR_b1c5,MATR_b4c28,MATR_b4c44,MATR_b3c14,MATR_b3c22,MATR_b1c0,MATR_b3c1,MATR_b1c37,MATR_b3c28,MATR_b3c0,MATR_b2c32,MATR_b1c17,MATR_b2c43,MATR_b1c44,MATR_b4c1,MATR_b3c24",False,False,0.95
160,MATR_b2c30,480.0,554.1008991760725,42.93323825835206,469.95329845002533,638.2484999021196,320.0,394.1008991760725,309.95329845002533,478.24849990211965,74.10089917607252,"MATR_b1c5,MATR_b4c28,MATR_b4c44,MATR_b3c14,MATR_b3c22,MATR_b1c0,MATR_b3c1,MATR_b1c37,MATR_b3c28,MATR_b3c0,MATR_b2c32,MATR_b1c17,MATR_b2c43,MATR_b1c44,MATR_b4c1,MATR_b3c24",False,False,0.95
160,MATR_b2c36,534.0,606.5646634656305,53.521707280609554,501.6640448045406,711.4652821267204,374.0,446.5646634656305,341.6640448045406,551.4652821267204,72.56466346563047,"MATR_b1c5,MATR_b4c28,MATR_b4c44,MATR_b3c14,MATR_b3c22,MATR_b1c0,MATR_b3c1,MATR_b1c37,MATR_b3c28,MATR_b3c0,MATR_b2c32,MATR_b1c17,MATR_b2c43,MATR_b1c44,MATR_b4c1,MATR_b3c24",False,False,0.95
160,MATR_b2c40,498.0,509.083187359759,40.34612274740326,430.00623985901643,588.1601348605016,338.0,349.083187359759,270.00623985901643,428.16013486050156,11.083187359758995,"MATR_b1c5,MATR_b4c28,MATR_b4c44,MATR_b3c14,MATR_b3c22,MATR_b1c0,MATR_b3c1,MATR_b1c37,MATR_b3c28,MATR_b3c0,MATR_b2c32,MATR_b1c17,MATR_b2c43,MATR_b1c44,MATR_b4c1,MATR_b3c24",False,False,0.95
160,MATR_b2c42,465.0,517.7301207930807,41.677595993800736,436.0435336830204,599.416707903141,305.0,357.7301207930807,276.0435336830204,439.41670790314095,52.73012079308069,"MATR_b1c5,MATR_b4c28,MATR_b4c44,MATR_b3c14,MATR_b3c22,MATR_b1c0,MATR_b3c1,MATR_b1c37,MATR_b3c28,MATR_b3c0,MATR_b2c32,MATR_b1c17,MATR_b2c43,MATR_b1c44,MATR_b4c1,MATR_b3c24",False,False,0.95
160,MATR_b2c46,428.0,457.32972285962546,35.40148041543337,387.94409624597597,526.715349473275,268.0,297.32972285962546,227.94409624597597,366.71534947327496,29.329722859625463,"MATR_b1c5,MATR_b4c28,MATR_b4c44,MATR_b3c14,MATR_b3c22,MATR_b1c0,MATR_b3c1,MATR_b1c37,MATR_b3c28,MATR_b3c0,MATR_b2c32,MATR_b1c17,MATR_b2c43,MATR_b1c44,MATR_b4c1,MATR_b3c24",False,False,0.95
160,MATR_b3c19,1152.0,1879.1637663790982,147.59954341477683,1589.8739771515795,2168.4535556066166,992.0,1719.1637663790982,1429.8739771515795,2008.4535556066166,727.1637663790982,"MATR_b1c5,MATR_b4c28,MATR_b4c44,MATR_b3c14,MATR_b3c22,MATR_b1c0,MATR_b3c1,MATR_b1c37,MATR_b3c28,MATR_b3c0,MATR_b2c32,MATR_b1c17,MATR_b2c43,MATR_b1c44,MATR_b4c1,MATR_b3c24",False,False,0.95
160,MATR_b3c20,811.0,913.719119493196,83.57692217565348,749.9113620902083,1077.5268768961837,651.0,753.719119493196,589.9113620902083,917.5268768961837,102.71911949319599,"MATR_b1c5,MATR_b4c28,MATR_b4c44,MATR_b3c14,MATR_b3c22,MATR_b1c0,MATR_b3c1,MATR_b1c37,MATR_b3c28,MATR_b3c0,MATR_b2c32,MATR_b1c17,MATR_b2c43,MATR_b1c44,MATR_b4c1,MATR_b3c24",False,False,0.95
160,MATR_b3c3,1113.0,1284.8189801262386,108.56988484427261,1072.0259160258033,1497.6120442266738,953.0,1124.8189801262386,912.0259160258033,1337.6120442266738,171.81898012623856,"MATR_b1c5,MATR_b4c28,MATR_b4c44,MATR_b3c14,MATR_b3c22,MATR_b1c0,MATR_b3c1,MATR_b1c37,MATR_b3c28,MATR_b3c0,MATR_b2c32,MATR_b1c17,MATR_b2c43,MATR_b1c44,MATR_b4c1,MATR_b3c24",False,False,0.95
160,MATR_b3c30,933.0,1688.2588314391678,122.32100697516582,1448.5140632151702,1928.0035996631655,773.0,1528.2588314391678,1288.5140632151702,1768.0035996631655,755.2588314391678,"MATR_b1c5,MATR_b4c28,MATR_b4c44,MATR_b3c14,MATR_b3c22,MATR_b1c0,MATR_b3c1,MATR_b1c37,MATR_b3c28,MATR_b3c0,MATR_b2c32,MATR_b1c17,MATR_b2c43,MATR_b1c44,MATR_b4c1,MATR_b3c24",False,False,0.95
160,MATR_b3c44,938.0,1012.3883884088083,84.85723853892586,846.0712570449894,1178.7055197726272,778.0,852.3883884088083,686.0712570449894,1018.7055197726272,74.38838840880828,"MATR_b1c5,MATR_b4c28,MATR_b4c44,MATR_b3c14,MATR_b3c22,MATR_b1c0,MATR_b3c1,MATR_b1c37,MATR_b3c28,MATR_b3c0,MATR_b2c32,MATR_b1c17,MATR_b2c43,MATR_b1c44,MATR_b4c1,MATR_b3c24",False,False,0.95
160,MATR_b3c45,1799.0,1861.8699340458331,159.4520549458318,1549.3496490911011,2174.390219000565,1639.0,1701.8699340458331,1389.3496490911011,2014.3902190005651,62.86993404583313,"MATR_b1c5,MATR_b4c28,MATR_b4c44,MATR_b3c14,MATR_b3c22,MATR_b1c0,MATR_b3c1,MATR_b1c37,MATR_b3c28,MATR_b3c0,MATR_b2c32,MATR_b1c17,MATR_b2c43,MATR_b1c44,MATR_b4c1,MATR_b3c24",False,False,0.95
160,MATR_b4c10,872.0,958.9616090681873,95.12833718221749,772.5134942818586,1145.409723854516,712.0,798.9616090681873,612.5134942818586,985.409723854516,86.96160906818727,"MATR_b1c5,MATR_b4c28,MATR_b4c44,MATR_b3c14,MATR_b3c22,MATR_b1c0,MATR_b3c1,MATR_b1c37,MATR_b3c28,MATR_b3c0,MATR_b2c32,MATR_b1c17,MATR_b2c43,MATR_b1c44,MATR_b4c1,MATR_b3c24",False,False,0.95
160,MATR_b4c13,771.0,920.7495800265408,82.06532714525791,759.9044944423381,1081.5946656107435,611.0,760.7495800265408,599.9044944423381,921.5946656107435,149.7495800265408,"MATR_b1c5,MATR_b4c28,MATR_b4c44,MATR_b3c14,MATR_b3c22,MATR_b1c0,MATR_b3c1,MATR_b1c37,MATR_b3c28,MATR_b3c0,MATR_b2c32,MATR_b1c17,MATR_b2c43,MATR_b1c44,MATR_b4c1,MATR_b3c24",False,False,0.95
160,MATR_b4c16,909.0,816.8850471033734,95.28444531835254,630.1309659925263,1003.6391282142205,749.0,656.8850471033734,470.1309659925263,843.6391282142205,92.11495289662662,"MATR_b1c5,MATR_b4c28,MATR_b4c44,MATR_b3c14,MATR_b3c22,MATR_b1c0,MATR_b3c1,MATR_b1c37,MATR_b3c28,MATR_b3c0,MATR_b2c32,MATR_b1c17,MATR_b2c43,MATR_b1c44,MATR_b4c1,MATR_b3c24",False,False,0.95
160,MATR_b4c18,906.0,847.7943307162802,102.60760213194213,646.6871259976584,1048.9015354349021,746.0,687.7943307162802,486.6871259976584,888.9015354349021,58.20566928371977,"MATR_b1c5,MATR_b4c28,MATR_b4c44,MATR_b3c14,MATR_b3c22,MATR_b1c0,MATR_b3c1,MATR_b1c37,MATR_b3c28,MATR_b3c0,MATR_b2c32,MATR_b1c17,MATR_b2c43,MATR_b1c44,MATR_b4c1,MATR_b3c24",False,False,0.95
160,MATR_b4c25,453.0,437.1374695609914,27.02373898182187,384.17191442900946,490.10302469297335,293.0,277.1374695609914,224.17191442900946,330.10302469297335,15.862530439008594,"MATR_b1c5,MATR_b4c28,MATR_b4c44,MATR_b3c14,MATR_b3c22,MATR_b1c0,MATR_b3c1,MATR_b1c37,MATR_b3c28,MATR_b3c0,MATR_b2c32,MATR_b1c17,MATR_b2c43,MATR_b1c44,MATR_b4c1,MATR_b3c24",False,False,0.95
160,MATR_b4c29,887.0,1379.9443474379311,112.29959328957585,1159.8411891118667,1600.0475057639956,727.0,1219.9443474379311,999.8411891118667,1440.0475057639956,492.9443474379311,"MATR_b1c5,MATR_b4c28,MATR_b4c44,MATR_b3c14,MATR_b3c22,MATR_b1c0,MATR_b3c1,MATR_b1c37,MATR_b3c28,MATR_b3c0,MATR_b2c32,MATR_b1c17,MATR_b2c43,MATR_b1c44,MATR_b4c1,MATR_b3c24",False,False,0.95
160,MATR_b4c33,505.0,491.4108864681548,33.79100121490966,425.18174108538267,557.6400318509269,345.0,331.4108864681548,265.18174108538267,397.6400318509269,13.589113531845214,"MATR_b1c5,MATR_b4c28,MATR_b4c44,MATR_b3c14,MATR_b3c22,MATR_b1c0,MATR_b3c1,MATR_b1c37,MATR_b3c28,MATR_b3c0,MATR_b2c32,MATR_b1c17,MATR_b2c43,MATR_b1c44,MATR_b4c1,MATR_b3c24",False,False,0.95
160,MATR_b4c37,863.0,823.1223773813543,74.25796920263757,677.5794321791002,968.6653225836085,703.0,663.1223773813543,517.5794321791002,808.6653225836085,39.87762261864566,"MATR_b1c5,MATR_b4c28,MATR_b4c44,MATR_b3c14,MATR_b3c22,MATR_b1c0,MATR_b3c1,MATR_b1c37,MATR_b3c28,MATR_b3c0,MATR_b2c32,MATR_b1c17,MATR_b2c43,MATR_b1c44,MATR_b4c1,MATR_b3c24",False,False,0.95
160,MATR_b4c4,656.0,659.5016127365749,54.62617968210787,552.4362679466299,766.5669575265199,496.0,499.5016127365749,392.43626794662987,606.5669575265199,3.5016127365748844,"MATR_b1c5,MATR_b4c28,MATR_b4c44,MATR_b3c14,MATR_b3c22,MATR_b1c0,MATR_b3c1,MATR_b1c37,MATR_b3c28,MATR_b3c0,MATR_b2c32,MATR_b1c17,MATR_b2c43,MATR_b1c44,MATR_b4c1,MATR_b3c24",False,False,0.95
160,MATR_b4c9,442.0,493.1715016887218,32.74606435742127,428.9903949127454,557.3526084646982,282.0,333.1715016887218,268.9903949127454,397.35260846469816,51.171501688721776,"MATR_b1c5,MATR_b4c28,MATR_b4c44,MATR_b3c14,MATR_b3c22,MATR_b1c0,MATR_b3c1,MATR_b1c37,MATR_b3c28,MATR_b3c0,MATR_b2c32,MATR_b1c17,MATR_b2c43,MATR_b1c44,MATR_b4c1,MATR_b3c24",False,False,0.95
180,MATR_b1c1,2154.0,1808.4642027992227,126.93554690329623,1559.6751025108674,2057.253303087578,1974.0,1628.4642027992227,1379.6751025108674,1877.253303087578,345.5357972007773,"MATR_b1c16,MATR_b2c0,MATR_b2c6,MATR_b4c39,MATR_b4c8,MATR_b2c43,MATR_b1c44,MATR_b1c33,MATR_b2c38,MATR_b1c17,MATR_b1c25,MATR_b3c15,MATR_b3c29,MATR_b3c33,MATR_b3c25,MATR_b3c39",False,False,0.95
180,MATR_b1c20,533.0,535.0200681212987,32.32923353257865,471.6559347496599,598.3842014929374,353.0,355.02006812129866,291.6559347496599,418.38420149293745,2.0200681212986638,"MATR_b1c16,MATR_b2c0,MATR_b2c6,MATR_b4c39,MATR_b4c8,MATR_b2c43,MATR_b1c44,MATR_b1c33,MATR_b2c38,MATR_b1c17,MATR_b1c25,MATR_b3c15,MATR_b3c29,MATR_b3c33,MATR_b3c25,MATR_b3c39",False,False,0.95
180,MATR_b1c21,557.0,489.2749624933536,33.37800143671067,423.8552818014745,554.6946431852327,377.0,309.2749624933536,243.85528180147452,374.69464318523274,67.7250375066464,"MATR_b1c16,MATR_b2c0,MATR_b2c6,MATR_b4c39,MATR_b4c8,MATR_b2c43,MATR_b1c44,MATR_b1c33,MATR_b2c38,MATR_b1c17,MATR_b1c25,MATR_b3c15,MATR_b3c29,MATR_b3c33,MATR_b3c25,MATR_b3c39",False,False,0.95
180,MATR_b1c28,858.0,765.8366959109266,63.985212957192516,640.4279829717036,891.2454088501495,678.0,585.8366959109266,460.4279829717036,711.2454088501495,92.16330408907345,"MATR_b1c16,MATR_b2c0,MATR_b2c6,MATR_b4c39,MATR_b4c8,MATR_b2c43,MATR_b1c44,MATR_b1c33,MATR_b2c38,MATR_b1c17,MATR_b1c25,MATR_b3c15,MATR_b3c29,MATR_b3c33,MATR_b3c25,MATR_b3c39",False,False,0.95
180,MATR_b1c39,622.0,615.0629479725075,47.81251538040533,521.3521398166456,708.7737561283693,442.0,435.06294797250746,341.3521398166456,528.7737561283693,6.937052027492541,"MATR_b1c16,MATR_b2c0,MATR_b2c6,MATR_b4c39,MATR_b4c8,MATR_b2c43,MATR_b1c44,MATR_b1c33,MATR_b2c38,MATR_b1c17,MATR_b1c25,MATR_b3c15,MATR_b3c29,MATR_b3c33,MATR_b3c25,MATR_b3c39",False,False,0.95
180,MATR_b1c7,869.0,883.6325353407333,85.53926412495242,715.9786583917675,1051.286412289699,689.0,703.6325353407333,535.9786583917675,871.286412289699,14.632535340733284,"MATR_b1c16,MATR_b2c0,MATR_b2c6,MATR_b4c39,MATR_b4c8,MATR_b2c43,MATR_b1c44,MATR_b1c33,MATR_b2c38,MATR_b1c17,MATR_b1c25,MATR_b3c15,MATR_b3c29,MATR_b3c33,MATR_b3c25,MATR_b3c39",False,False,0.95
180,MATR_b1c9,1052.0,1041.1397394933224,75.47263761395934,893.2160879517191,1189.0633910349256,872.0,861.1397394933224,713.2160879517191,1009.0633910349256,10.860260506677605,"MATR_b1c16,MATR_b2c0,MATR_b2c6,MATR_b4c39,MATR_b4c8,MATR_b2c43,MATR_b1c44,MATR_b1c33,MATR_b2c38,MATR_b1c17,MATR_b1c25,MATR_b3c15,MATR_b3c29,MATR_b3c33,MATR_b3c25,MATR_b3c39",False,False,0.95
180,MATR_b2c10,560.0,561.5026625917807,37.54098075321396,487.92369237117,635.0816328123914,380.0,381.5026625917807,307.92369237117,455.0816328123914,1.5026625917806768,"MATR_b1c16,MATR_b2c0,MATR_b2c6,MATR_b4c39,MATR_b4c8,MATR_b2c43,MATR_b1c44,MATR_b1c33,MATR_b2c38,MATR_b1c17,MATR_b1c25,MATR_b3c15,MATR_b3c29,MATR_b3c33,MATR_b3c25,MATR_b3c39",False,False,0.95
180,MATR_b2c21,488.0,456.3531534576206,29.75823431756669,398.028085951686,514.6782209635552,308.0,276.3531534576206,218.02808595168602,334.6782209635552,31.64684654237942,"MATR_b1c16,MATR_b2c0,MATR_b2c6,MATR_b4c39,MATR_b4c8,MATR_b2c43,MATR_b1c44,MATR_b1c33,MATR_b2c38,MATR_b1c17,MATR_b1c25,MATR_b3c15,MATR_b3c29,MATR_b3c33,MATR_b3c25,MATR_b3c39",False,False,0.95
180,MATR_b2c23,526.0,465.5674530280135,28.921160338448463,408.8830203735463,522.2518856824807,346.0,285.5674530280135,228.8830203735463,342.25188568248075,60.43254697198648,"MATR_b1c16,MATR_b2c0,MATR_b2c6,MATR_b4c39,MATR_b4c8,MATR_b2c43,MATR_b1c44,MATR_b1c33,MATR_b2c38,MATR_b1c17,MATR_b1c25,MATR_b3c15,MATR_b3c29,MATR_b3c33,MATR_b3c25,MATR_b3c39",False,False,0.95
180,MATR_b2c25,460.0,459.77641270481246,27.115207108982407,406.6315833378625,512.9212420717624,280.0,279.77641270481246,226.63158333786248,332.92124207176244,0.22358729518754217,"MATR_b1c16,MATR_b2c0,MATR_b2c6,MATR_b4c39,MATR_b4c8,MATR_b2c43,MATR_b1c44,MATR_b1c33,MATR_b2c38,MATR_b1c17,MATR_b1c25,MATR_b3c15,MATR_b3c29,MATR_b3c33,MATR_b3c25,MATR_b3c39",False,False,0.95
180,MATR_b2c29,497.0,557.2707179606839,41.21307025699716,476.49458456465055,638.0468513567172,317.0,377.2707179606839,296.49458456465055,458.0468513567172,60.270717960683896,"MATR_b1c16,MATR_b2c0,MATR_b2c6,MATR_b4c39,MATR_b4c8,MATR_b2c43,MATR_b1c44,MATR_b1c33,MATR_b2c38,MATR_b1c17,MATR_b1c25,MATR_b3c15,MATR_b3c29,MATR_b3c33,MATR_b3c25,MATR_b3c39",False,False,0.95
180,MATR_b2c30,480.0,507.0458907130856,32.2358811779703,443.86472459435123,570.2270568318199,300.0,327.0458907130856,263.86472459435123,390.22705683181994,27.045890713085612,"MATR_b1c16,MATR_b2c0,MATR_b2c6,MATR_b4c39,MATR_b4c8,MATR_b2c43,MATR_b1c44,MATR_b1c33,MATR_b2c38,MATR_b1c17,MATR_b1c25,MATR_b3c15,MATR_b3c29,MATR_b3c33,MATR_b3c25,MATR_b3c39",False,False,0.95
180,MATR_b2c36,534.0,590.6444825835571,44.933545340305244,502.57635201886126,678.7126131482529,354.0,410.6444825835571,322.57635201886126,498.7126131482529,56.64448258355708,"MATR_b1c16,MATR_b2c0,MATR_b2c6,MATR_b4c39,MATR_b4c8,MATR_b2c43,MATR_b1c44,MATR_b1c33,MATR_b2c38,MATR_b1c17,MATR_b1c25,MATR_b3c15,MATR_b3c29,MATR_b3c33,MATR_b3c25,MATR_b3c39",False,False,0.95
180,MATR_b2c40,498.0,496.8465783297189,34.0600766644684,430.0900547566877,563.60310190275,318.0,316.8465783297189,250.09005475668772,383.60310190275004,1.1534216702810909,"MATR_b1c16,MATR_b2c0,MATR_b2c6,MATR_b4c39,MATR_b4c8,MATR_b2c43,MATR_b1c44,MATR_b1c33,MATR_b2c38,MATR_b1c17,MATR_b1c25,MATR_b3c15,MATR_b3c29,MATR_b3c33,MATR_b3c25,MATR_b3c39",False,False,0.95
180,MATR_b2c42,465.0,500.2134100369385,34.734086190081214,432.13585206846926,568.2909680054078,285.0,320.2134100369385,252.13585206846926,388.29096800540776,35.21341003693851,"MATR_b1c16,MATR_b2c0,MATR_b2c6,MATR_b4c39,MATR_b4c8,MATR_b2c43,MATR_b1c44,MATR_b1c33,MATR_b2c38,MATR_b1c17,MATR_b1c25,MATR_b3c15,MATR_b3c29,MATR_b3c33,MATR_b3c25,MATR_b3c39",False,False,0.95
180,MATR_b2c46,428.0,449.2972590912345,30.90824329488871,388.718215407851,509.87630277461795,248.0,269.2972590912345,208.718215407851,329.87630277461795,21.29725909123448,"MATR_b1c16,MATR_b2c0,MATR_b2c6,MATR_b4c39,MATR_b4c8,MATR_b2c43,MATR_b1c44,MATR_b1c33,MATR_b2c38,MATR_b1c17,MATR_b1c25,MATR_b3c15,MATR_b3c29,MATR_b3c33,MATR_b3c25,MATR_b3c39",False,False,0.95
180,MATR_b3c19,1152.0,1764.0839771444073,115.3534921569278,1537.9952870259053,1990.1726672629093,972.0,1584.0839771444073,1357.9952870259053,1810.1726672629093,612.0839771444073,"MATR_b1c16,MATR_b2c0,MATR_b2c6,MATR_b4c39,MATR_b4c8,MATR_b2c43,MATR_b1c44,MATR_b1c33,MATR_b2c38,MATR_b1c17,MATR_b1c25,MATR_b3c15,MATR_b3c29,MATR_b3c33,MATR_b3c25,MATR_b3c39",False,False,0.95
180,MATR_b3c20,811.0,880.1842221276602,77.09618985646637,729.0784666637239,1031.2899775915964,631.0,700.1842221276602,549.0784666637239,851.2899775915964,69.18422212766018,"MATR_b1c16,MATR_b2c0,MATR_b2c6,MATR_b4c39,MATR_b4c8,MATR_b2c43,MATR_b1c44,MATR_b1c33,MATR_b2c38,MATR_b1c17,MATR_b1c25,MATR_b3c15,MATR_b3c29,MATR_b3c33,MATR_b3c25,MATR_b3c39",False,False,0.95
180,MATR_b3c3,1113.0,1146.9037873591697,89.34538630285888,971.790048020748,1322.0175266975912,933.0,966.9037873591697,791.790048020748,1142.0175266975912,33.903787359169655,"MATR_b1c16,MATR_b2c0,MATR_b2c6,MATR_b4c39,MATR_b4c8,MATR_b2c43,MATR_b1c44,MATR_b1c33,MATR_b2c38,MATR_b1c17,MATR_b1c25,MATR_b3c15,MATR_b3c29,MATR_b3c33,MATR_b3c25,MATR_b3c39",False,False,0.95
180,MATR_b3c30,933.0,1367.0958932797034,89.01609327507086,1192.6275564161065,1541.5642301433004,753.0,1187.0958932797034,1012.6275564161065,1361.5642301433004,434.09589327970343,"MATR_b1c16,MATR_b2c0,MATR_b2c6,MATR_b4c39,MATR_b4c8,MATR_b2c43,MATR_b1c44,MATR_b1c33,MATR_b2c38,MATR_b1c17,MATR_b1c25,MATR_b3c15,MATR_b3c29,MATR_b3c33,MATR_b3c25,MATR_b3c39",False,False,0.95
180,MATR_b3c44,938.0,1093.4045397244042,81.86196871440617,932.9580293406235,1253.851050108185,758.0,913.4045397244042,752.9580293406235,1073.851050108185,155.40453972440423,"MATR_b1c16,MATR_b2c0,MATR_b2c6,MATR_b4c39,MATR_b4c8,MATR_b2c43,MATR_b1c44,MATR_b1c33,MATR_b2c38,MATR_b1c17,MATR_b1c25,MATR_b3c15,MATR_b3c29,MATR_b3c33,MATR_b3c25,MATR_b3c39",False,False,0.95
180,MATR_b3c45,1799.0,1882.6262210105424,144.36974015223896,1599.666729854748,2165.5857121663366,1619.0,1702.6262210105424,1419.666729854748,1985.5857121663366,83.6262210105424,"MATR_b1c16,MATR_b2c0,MATR_b2c6,MATR_b4c39,MATR_b4c8,MATR_b2c43,MATR_b1c44,MATR_b1c33,MATR_b2c38,MATR_b1c17,MATR_b1c25,MATR_b3c15,MATR_b3c29,MATR_b3c33,MATR_b3c25,MATR_b3c39",False,False,0.95
180,MATR_b4c10,872.0,917.4717235682432,85.49980974036349,749.8951757921038,1085.0482713443826,692.0,737.4717235682432,569.8951757921038,905.0482713443826,45.47172356824319,"MATR_b1c16,MATR_b2c0,MATR_b2c6,MATR_b4c39,MATR_b4c8,MATR_b2c43,MATR_b1c44,MATR_b1c33,MATR_b2c38,MATR_b1c17,MATR_b1c25,MATR_b3c15,MATR_b3c29,MATR_b3c33,MATR_b3c25,MATR_b3c39",False,False,0.95
180,MATR_b4c13,771.0,870.9369000143673,74.37181711720525,725.1708169998456,1016.7029830288891,591.0,690.9369000143673,545.1708169998456,836.7029830288891,99.93690001436732,"MATR_b1c16,MATR_b2c0,MATR_b2c6,MATR_b4c39,MATR_b4c8,MATR_b2c43,MATR_b1c44,MATR_b1c33,MATR_b2c38,MATR_b1c17,MATR_b1c25,MATR_b3c15,MATR_b3c29,MATR_b3c33,MATR_b3c25,MATR_b3c39",False,False,0.95
180,MATR_b4c16,909.0,844.9933197774576,92.60122773255652,663.4982484974552,1026.48839105746,729.0,664.9933197774576,483.49824849745517,846.4883910574599,64.0066802225424,"MATR_b1c16,MATR_b2c0,MATR_b2c6,MATR_b4c39,MATR_b4c8,MATR_b2c43,MATR_b1c44,MATR_b1c33,MATR_b2c38,MATR_b1c17,MATR_b1c25,MATR_b3c15,MATR_b3c29,MATR_b3c33,MATR_b3c25,MATR_b3c39",False,False,0.95
180,MATR_b4c18,906.0,886.9759102508132,100.4872958774301,690.02442942723,1083.9273910743964,726.0,706.9759102508132,510.02442942722996,903.9273910743964,19.024089749186828,"MATR_b1c16,MATR_b2c0,MATR_b2c6,MATR_b4c39,MATR_b4c8,MATR_b2c43,MATR_b1c44,MATR_b1c33,MATR_b2c38,MATR_b1c17,MATR_b1c25,MATR_b3c15,MATR_b3c29,MATR_b3c33,MATR_b3c25,MATR_b3c39",False,False,0.95
180,MATR_b4c25,453.0,444.99488363530685,25.38423231858829,395.2427025156761,494.7470647549376,273.0,264.99488363530685,215.24270251567611,314.7470647549376,8.005116364693151,"MATR_b1c16,MATR_b2c0,MATR_b2c6,MATR_b4c39,MATR_b4c8,MATR_b2c43,MATR_b1c44,MATR_b1c33,MATR_b2c38,MATR_b1c17,MATR_b1c25,MATR_b3c15,MATR_b3c29,MATR_b3c33,MATR_b3c25,MATR_b3c39",False,False,0.95
180,MATR_b4c29,887.0,1309.0678693615573,93.501884135942,1125.807543968474,1492.3281947546407,707.0,1129.0678693615573,945.807543968474,1312.3281947546407,422.0678693615573,"MATR_b1c16,MATR_b2c0,MATR_b2c6,MATR_b4c39,MATR_b4c8,MATR_b2c43,MATR_b1c44,MATR_b1c33,MATR_b2c38,MATR_b1c17,MATR_b1c25,MATR_b3c15,MATR_b3c29,MATR_b3c33,MATR_b3c25,MATR_b3c39",False,False,0.95
180,MATR_b4c33,505.0,478.3918719550169,28.811648521180516,421.92207851827635,534.8616653917574,325.0,298.3918719550169,241.92207851827635,354.86166539175736,26.60812804498312,"MATR_b1c16,MATR_b2c0,MATR_b2c6,MATR_b4c39,MATR_b4c8,MATR_b2c43,MATR_b1c44,MATR_b1c33,MATR_b2c38,MATR_b1c17,MATR_b1c25,MATR_b3c15,MATR_b3c29,MATR_b3c33,MATR_b3c25,MATR_b3c39",False,False,0.95
180,MATR_b4c37,863.0,825.8098360976601,68.07463833647445,692.3859966975806,959.2336754977396,683.0,645.8098360976601,512.3859966975806,779.2336754977396,37.19016390233992,"MATR_b1c16,MATR_b2c0,MATR_b2c6,MATR_b4c39,MATR_b4c8,MATR_b2c43,MATR_b1c44,MATR_b1c33,MATR_b2c38,MATR_b1c17,MATR_b1c25,MATR_b3c15,MATR_b3c29,MATR_b3c33,MATR_b3c25,MATR_b3c39",False,False,0.95
180,MATR_b4c4,656.0,686.1378807400291,52.953067725217295,582.3517751276929,789.9239863523653,476.0,506.1378807400291,402.3517751276929,609.9239863523653,30.137880740029118,"MATR_b1c16,MATR_b2c0,MATR_b2c6,MATR_b4c39,MATR_b4c8,MATR_b2c43,MATR_b1c44,MATR_b1c33,MATR_b2c38,MATR_b1c17,MATR_b1c25,MATR_b3c15,MATR_b3c29,MATR_b3c33,MATR_b3c25,MATR_b3c39",False,False,0.95
180,MATR_b4c9,442.0,478.8960938100568,27.87221760908933,424.2675511269787,533.524636493135,262.0,298.8960938100568,244.26755112697867,353.52463649313495,36.89609381005681,"MATR_b1c16,MATR_b2c0,MATR_b2c6,MATR_b4c39,MATR_b4c8,MATR_b2c43,MATR_b1c44,MATR_b1c33,MATR_b2c38,MATR_b1c17,MATR_b1c25,MATR_b3c15,MATR_b3c29,MATR_b3c33,MATR_b3c25,MATR_b3c39",False,False,0.95
200,MATR_b1c1,2154.0,1790.099766675125,124.75455686994927,1545.5853283027704,2034.6142050474796,1954.0,1590.099766675125,1345.5853283027704,1834.6142050474796,363.900233324875,"MATR_b4c7,MATR_b4c22,MATR_b2c26,MATR_b2c28,MATR_b1c42,MATR_b1c35,MATR_b3c40,MATR_b4c34,MATR_b2c44,MATR_b4c17,MATR_b3c29,MATR_b2c14,MATR_b4c20,MATR_b3c36,MATR_b2c45,MATR_b4c23",False,False,0.95
200,MATR_b1c20,533.0,531.1189359866305,29.097036675264583,474.0897920462709,588.1480799269901,333.0,331.1189359866305,274.0897920462709,388.14807992699014,1.881064013369496,"MATR_b4c7,MATR_b4c22,MATR_b2c26,MATR_b2c28,MATR_b1c42,MATR_b1c35,MATR_b3c40,MATR_b4c34,MATR_b2c44,MATR_b4c17,MATR_b3c29,MATR_b2c14,MATR_b4c20,MATR_b3c36,MATR_b2c45,MATR_b4c23",False,False,0.95
200,MATR_b1c21,557.0,493.3098078683968,30.422984581150708,433.681853787124,552.9377619496695,357.0,293.3098078683968,233.681853787124,352.9377619496695,63.690192131603226,"MATR_b4c7,MATR_b4c22,MATR_b2c26,MATR_b2c28,MATR_b1c42,MATR_b1c35,MATR_b3c40,MATR_b4c34,MATR_b2c44,MATR_b4c17,MATR_b3c29,MATR_b2c14,MATR_b4c20,MATR_b3c36,MATR_b2c45,MATR_b4c23",False,False,0.95
200,MATR_b1c28,858.0,769.0198855879082,60.30252170630314,650.8291148666092,887.2106563092073,658.0,569.0198855879082,450.8291148666092,687.2106563092073,88.98011441209178,"MATR_b4c7,MATR_b4c22,MATR_b2c26,MATR_b2c28,MATR_b1c42,MATR_b1c35,MATR_b3c40,MATR_b4c34,MATR_b2c44,MATR_b4c17,MATR_b3c29,MATR_b2c14,MATR_b4c20,MATR_b3c36,MATR_b2c45,MATR_b4c23",False,False,0.95
200,MATR_b1c39,622.0,614.6526569061607,43.30852111255261,529.7695153018651,699.5357985104563,422.0,414.6526569061607,329.7695153018651,499.5357985104563,7.347343093839299,"MATR_b4c7,MATR_b4c22,MATR_b2c26,MATR_b2c28,MATR_b1c42,MATR_b1c35,MATR_b3c40,MATR_b4c34,MATR_b2c44,MATR_b4c17,MATR_b3c29,MATR_b2c14,MATR_b4c20,MATR_b3c36,MATR_b2c45,MATR_b4c23",False,False,0.95
200,MATR_b1c7,869.0,930.3237778311479,84.30037918217072,765.0980707510232,1095.5494849112727,669.0,730.3237778311479,565.0980707510232,895.5494849112727,61.323777831147936,"MATR_b4c7,MATR_b4c22,MATR_b2c26,MATR_b2c28,MATR_b1c42,MATR_b1c35,MATR_b3c40,MATR_b4c34,MATR_b2c44,MATR_b4c17,MATR_b3c29,MATR_b2c14,MATR_b4c20,MATR_b3c36,MATR_b2c45,MATR_b4c23",False,False,0.95
200,MATR_b1c9,1052.0,1013.267849951326,71.7587756725758,872.6232340583884,1153.9124658442634,852.0,813.267849951326,672.6232340583884,953.9124658442634,38.73215004867404,"MATR_b4c7,MATR_b4c22,MATR_b2c26,MATR_b2c28,MATR_b1c42,MATR_b1c35,MATR_b3c40,MATR_b4c34,MATR_b2c44,MATR_b4c17,MATR_b3c29,MATR_b2c14,MATR_b4c20,MATR_b3c36,MATR_b2c45,MATR_b4c23",False,False,0.95
200,MATR_b2c10,560.0,571.5252849456075,35.40027822220492,502.14201458738825,640.9085553038267,360.0,371.5252849456075,302.14201458738825,440.9085553038267,11.525284945607496,"MATR_b4c7,MATR_b4c22,MATR_b2c26,MATR_b2c28,MATR_b1c42,MATR_b1c35,MATR_b3c40,MATR_b4c34,MATR_b2c44,MATR_b4c17,MATR_b3c29,MATR_b2c14,MATR_b4c20,MATR_b3c36,MATR_b2c45,MATR_b4c23",False,False,0.95
200,MATR_b2c21,488.0,453.27975186493245,26.774004382389045,400.80366755353236,505.75583617633254,288.0,253.27975186493245,200.80366755353236,305.75583617633254,34.72024813506755,"MATR_b4c7,MATR_b4c22,MATR_b2c26,MATR_b2c28,MATR_b1c42,MATR_b1c35,MATR_b3c40,MATR_b4c34,MATR_b2c44,MATR_b4c17,MATR_b3c29,MATR_b2c14,MATR_b4c20,MATR_b3c36,MATR_b2c45,MATR_b4c23",False,False,0.95
200,MATR_b2c23,526.0,465.3580426226329,26.609845652462052,413.2037035096376,517.5123817356283,326.0,265.3580426226329,213.2037035096376,317.5123817356283,60.64195737736708,"MATR_b4c7,MATR_b4c22,MATR_b2c26,MATR_b2c28,MATR_b1c42,MATR_b1c35,MATR_b3c40,MATR_b4c34,MATR_b2c44,MATR_b4c17,MATR_b3c29,MATR_b2c14,MATR_b4c20,MATR_b3c36,MATR_b2c45,MATR_b4c23",False,False,0.95
200,MATR_b2c25,460.0,460.65273170991435,25.228083174066636,411.20659728976284,510.09886613006586,260.0,260.65273170991435,211.20659728976284,310.09886613006586,0.6527317099143488,"MATR_b4c7,MATR_b4c22,MATR_b2c26,MATR_b2c28,MATR_b1c42,MATR_b1c35,MATR_b3c40,MATR_b4c34,MATR_b2c44,MATR_b4c17,MATR_b3c29,MATR_b2c14,MATR_b4c20,MATR_b3c36,MATR_b2c45,MATR_b4c23",False,False,0.95
200,MATR_b2c29,497.0,539.2144404369183,35.04276063275008,470.5318916778701,607.8969891959664,297.0,339.21444043691827,270.5318916778701,407.8969891959664,42.21444043691827,"MATR_b4c7,MATR_b4c22,MATR_b2c26,MATR_b2c28,MATR_b1c42,MATR_b1c35,MATR_b3c40,MATR_b4c34,MATR_b2c44,MATR_b4c17,MATR_b3c29,MATR_b2c14,MATR_b4c20,MATR_b3c36,MATR_b2c45,MATR_b4c23",False,False,0.95
200,MATR_b2c30,480.0,493.16197047633966,28.404789209291998,437.4896066376754,548.834334315004,280.0,293.16197047633966,237.48960663767542,348.83433431500396,13.161970476339661,"MATR_b4c7,MATR_b4c22,MATR_b2c26,MATR_b2c28,MATR_b1c42,MATR_b1c35,MATR_b3c40,MATR_b4c34,MATR_b2c44,MATR_b4c17,MATR_b3c29,MATR_b2c14,MATR_b4c20,MATR_b3c36,MATR_b2c45,MATR_b4c23",False,False,0.95
200,MATR_b2c36,534.0,585.5226818631056,40.12284719067698,506.88334641217466,664.1620173140366,334.0,385.5226818631056,306.88334641217466,464.1620173140366,51.52268186310562,"MATR_b4c7,MATR_b4c22,MATR_b2c26,MATR_b2c28,MATR_b1c42,MATR_b1c35,MATR_b3c40,MATR_b4c34,MATR_b2c44,MATR_b4c17,MATR_b3c29,MATR_b2c14,MATR_b4c20,MATR_b3c36,MATR_b2c45,MATR_b4c23",False,False,0.95
200,MATR_b2c40,498.0,496.53432752407065,30.76371463213001,436.23855481442797,556.8301002337133,298.0,296.53432752407065,236.23855481442797,356.8301002337133,1.4656724759293525,"MATR_b4c7,MATR_b4c22,MATR_b2c26,MATR_b2c28,MATR_b1c42,MATR_b1c35,MATR_b3c40,MATR_b4c34,MATR_b2c44,MATR_b4c17,MATR_b3c29,MATR_b2c14,MATR_b4c20,MATR_b3c36,MATR_b2c45,MATR_b4c23",False,False,0.95
200,MATR_b2c42,465.0,494.0772776654248,31.335760041946852,432.6603165550196,555.4942387758299,265.0,294.0772776654248,232.66031655501962,355.4942387758299,29.077277665424788,"MATR_b4c7,MATR_b4c22,MATR_b2c26,MATR_b2c28,MATR_b1c42,MATR_b1c35,MATR_b3c40,MATR_b4c34,MATR_b2c44,MATR_b4c17,MATR_b3c29,MATR_b2c14,MATR_b4c20,MATR_b3c36,MATR_b2c45,MATR_b4c23",False,False,0.95
200,MATR_b2c46,428.0,445.4006508291099,28.25524457335033,390.0213890909725,500.7799125672473,228.0,245.4006508291099,190.0213890909725,300.7799125672473,17.400650829109907,"MATR_b4c7,MATR_b4c22,MATR_b2c26,MATR_b2c28,MATR_b1c42,MATR_b1c35,MATR_b3c40,MATR_b4c34,MATR_b2c44,MATR_b4c17,MATR_b3c29,MATR_b2c14,MATR_b4c20,MATR_b3c36,MATR_b2c45,MATR_b4c23",False,False,0.95
200,MATR_b3c19,1152.0,1747.6239186943067,112.18693677655592,1527.741563076385,1967.5062743122282,952.0,1547.6239186943067,1327.741563076385,1767.5062743122282,595.6239186943067,"MATR_b4c7,MATR_b4c22,MATR_b2c26,MATR_b2c28,MATR_b1c42,MATR_b1c35,MATR_b3c40,MATR_b4c34,MATR_b2c44,MATR_b4c17,MATR_b3c29,MATR_b2c14,MATR_b4c20,MATR_b3c36,MATR_b2c45,MATR_b4c23",False,False,0.95
200,MATR_b3c20,811.0,847.770770319006,71.92727265813865,706.7959064028618,988.7456342351503,611.0,647.770770319006,506.79590640286176,788.7456342351503,36.77077031900603,"MATR_b4c7,MATR_b4c22,MATR_b2c26,MATR_b2c28,MATR_b1c42,MATR_b1c35,MATR_b3c40,MATR_b4c34,MATR_b2c44,MATR_b4c17,MATR_b3c29,MATR_b2c14,MATR_b4c20,MATR_b3c36,MATR_b2c45,MATR_b4c23",False,False,0.95
200,MATR_b3c3,1113.0,1231.3626574805708,92.14577564087395,1050.7602558969497,1411.9650590641918,913.0,1031.3626574805708,850.7602558969497,1211.9650590641918,118.36265748057076,"MATR_b4c7,MATR_b4c22,MATR_b2c26,MATR_b2c28,MATR_b1c42,MATR_b1c35,MATR_b3c40,MATR_b4c34,MATR_b2c44,MATR_b4c17,MATR_b3c29,MATR_b2c14,MATR_b4c20,MATR_b3c36,MATR_b2c45,MATR_b4c23",False,False,0.95
200,MATR_b3c30,933.0,1286.427648482743,81.67484960465111,1126.3478848149014,1446.5074121505847,733.0,1086.427648482743,926.3478848149014,1246.5074121505847,353.42764848274305,"MATR_b4c7,MATR_b4c22,MATR_b2c26,MATR_b2c28,MATR_b1c42,MATR_b1c35,MATR_b3c40,MATR_b4c34,MATR_b2c44,MATR_b4c17,MATR_b3c29,MATR_b2c14,MATR_b4c20,MATR_b3c36,MATR_b2c45,MATR_b4c23",False,False,0.95
200,MATR_b3c44,938.0,1121.8483365427046,77.64008192970891,969.6765722037361,1274.020100881673,738.0,921.8483365427046,769.6765722037361,1074.020100881673,183.8483365427046,"MATR_b4c7,MATR_b4c22,MATR_b2c26,MATR_b2c28,MATR_b1c42,MATR_b1c35,MATR_b3c40,MATR_b4c34,MATR_b2c44,MATR_b4c17,MATR_b3c29,MATR_b2c14,MATR_b4c20,MATR_b3c36,MATR_b2c45,MATR_b4c23",False,False,0.95
200,MATR_b3c45,1799.0,1872.7799260857844,141.39325648545793,1595.6542357174526,2149.905616454116,1599.0,1672.7799260857844,1395.6542357174526,1949.9056164541162,73.77992608578438,"MATR_b4c7,MATR_b4c22,MATR_b2c26,MATR_b2c28,MATR_b1c42,MATR_b1c35,MATR_b3c40,MATR_b4c34,MATR_b2c44,MATR_b4c17,MATR_b3c29,MATR_b2c14,MATR_b4c20,MATR_b3c36,MATR_b2c45,MATR_b4c23",False,False,0.95
200,MATR_b4c10,872.0,895.4026674981017,82.4393322644652,733.8245453502191,1056.9807896459843,672.0,695.4026674981017,533.8245453502191,856.9807896459843,23.402667498101664,"MATR_b4c7,MATR_b4c22,MATR_b2c26,MATR_b2c28,MATR_b1c42,MATR_b1c35,MATR_b3c40,MATR_b4c34,MATR_b2c44,MATR_b4c17,MATR_b3c29,MATR_b2c14,MATR_b4c20,MATR_b3c36,MATR_b2c45,MATR_b4c23",False,False,0.95
200,MATR_b4c13,771.0,859.628220123143,71.29354631819147,719.8954370093496,999.3610032369364,571.0,659.628220123143,519.8954370093496,799.3610032369364,88.62822012314302,"MATR_b4c7,MATR_b4c22,MATR_b2c26,MATR_b2c28,MATR_b1c42,MATR_b1c35,MATR_b3c40,MATR_b4c34,MATR_b2c44,MATR_b4c17,MATR_b3c29,MATR_b2c14,MATR_b4c20,MATR_b3c36,MATR_b2c45,MATR_b4c23",False,False,0.95
200,MATR_b4c16,909.0,881.0843777970618,93.55183666750253,697.7261472411833,1064.4426083529404,709.0,681.0843777970618,497.7261472411833,864.4426083529404,27.915622202938152,"MATR_b4c7,MATR_b4c22,MATR_b2c26,MATR_b2c28,MATR_b1c42,MATR_b1c35,MATR_b3c40,MATR_b4c34,MATR_b2c44,MATR_b4c17,MATR_b3c29,MATR_b2c14,MATR_b4c20,MATR_b3c36,MATR_b2c45,MATR_b4c23",False,False,0.95
200,MATR_b4c18,906.0,898.8065621534702,97.47317946175995,707.7626409498114,1089.850483357129,706.0,698.8065621534702,507.7626409498114,889.850483357129,7.193437846529832,"MATR_b4c7,MATR_b4c22,MATR_b2c26,MATR_b2c28,MATR_b1c42,MATR_b1c35,MATR_b3c40,MATR_b4c34,MATR_b2c44,MATR_b4c17,MATR_b3c29,MATR_b2c14,MATR_b4c20,MATR_b3c36,MATR_b2c45,MATR_b4c23",False,False,0.95
200,MATR_b4c25,453.0,449.74764340966675,23.943303371662427,402.81963113029195,496.67565568904155,253.0,249.74764340966675,202.81963113029195,296.67565568904155,3.2523565903332496,"MATR_b4c7,MATR_b4c22,MATR_b2c26,MATR_b2c28,MATR_b1c42,MATR_b1c35,MATR_b3c40,MATR_b4c34,MATR_b2c44,MATR_b4c17,MATR_b3c29,MATR_b2c14,MATR_b4c20,MATR_b3c36,MATR_b2c45,MATR_b4c23",False,False,0.95
200,MATR_b4c29,887.0,1311.7368160288138,91.99224887475906,1131.4353213774407,1492.038310680187,687.0,1111.7368160288138,931.4353213774407,1292.038310680187,424.7368160288138,"MATR_b4c7,MATR_b4c22,MATR_b2c26,MATR_b2c28,MATR_b1c42,MATR_b1c35,MATR_b3c40,MATR_b4c34,MATR_b2c44,MATR_b4c17,MATR_b3c29,MATR_b2c14,MATR_b4c20,MATR_b3c36,MATR_b2c45,MATR_b4c23",False,False,0.95
200,MATR_b4c33,505.0,477.6183588168046,26.650605830414026,425.3841312230199,529.8525864105892,305.0,277.6183588168046,225.3841312230199,329.8525864105892,27.381641183195427,"MATR_b4c7,MATR_b4c22,MATR_b2c26,MATR_b2c28,MATR_b1c42,MATR_b1c35,MATR_b3c40,MATR_b4c34,MATR_b2c44,MATR_b4c17,MATR_b3c29,MATR_b2c14,MATR_b4c20,MATR_b3c36,MATR_b2c45,MATR_b4c23",False,False,0.95
200,MATR_b4c37,863.0,819.6329737649003,64.31464411849332,693.5785876141426,945.6873599156579,663.0,619.6329737649003,493.57858761414263,745.6873599156579,43.36702623509973,"MATR_b4c7,MATR_b4c22,MATR_b2c26,MATR_b2c28,MATR_b1c42,MATR_b1c35,MATR_b3c40,MATR_b4c34,MATR_b2c44,MATR_b4c17,MATR_b3c29,MATR_b2c14,MATR_b4c20,MATR_b3c36,MATR_b2c45,MATR_b4c23",False,False,0.95
200,MATR_b4c4,656.0,692.7792796012732,49.47076503465479,595.8183618457064,789.74019735684,456.0,492.7792796012732,395.81836184570636,589.74019735684,36.779279601273174,"MATR_b4c7,MATR_b4c22,MATR_b2c26,MATR_b2c28,MATR_b1c42,MATR_b1c35,MATR_b3c40,MATR_b4c34,MATR_b2c44,MATR_b4c17,MATR_b3c29,MATR_b2c14,MATR_b4c20,MATR_b3c36,MATR_b2c45,MATR_b4c23",False,False,0.95
200,MATR_b4c9,442.0,488.36628571288213,26.85440240350162,435.7326241756731,540.9999472500912,242.0,288.36628571288213,235.7326241756731,340.99994725009117,46.36628571288213,"MATR_b4c7,MATR_b4c22,MATR_b2c26,MATR_b2c28,MATR_b1c42,MATR_b1c35,MATR_b3c40,MATR_b4c34,MATR_b2c44,MATR_b4c17,MATR_b3c29,MATR_b2c14,MATR_b4c20,MATR_b3c36,MATR_b2c45,MATR_b4c23",False,False,0.95
220,MATR_b1c1,2154.0,1785.4830684108572,125.16732570618157,1540.159617985547,2030.8065188361675,1934.0,1565.4830684108572,1320.159617985547,1810.8065188361675,368.5169315891428,"MATR_b2c38,MATR_b2c13,MATR_b2c43,MATR_b4c40,MATR_b4c7,MATR_b1c43,MATR_b3c4,MATR_b2c44,MATR_b3c26,MATR_b4c42,MATR_b4c17,MATR_b4c31,MATR_b1c42,MATR_b1c37,MATR_b3c9,MATR_b2c19",False,False,0.95
220,MATR_b1c20,533.0,540.7223921959142,28.650960395762226,484.5675416977368,596.8772426940916,313.0,320.72239219591415,264.5675416977368,376.8772426940916,7.7223921959141535,"MATR_b2c38,MATR_b2c13,MATR_b2c43,MATR_b4c40,MATR_b4c7,MATR_b1c43,MATR_b3c4,MATR_b2c44,MATR_b3c26,MATR_b4c42,MATR_b4c17,MATR_b4c31,MATR_b1c42,MATR_b1c37,MATR_b3c9,MATR_b2c19",False,False,0.95
220,MATR_b1c21,557.0,507.17164400978635,29.457269451580085,449.4364568017975,564.9068312177752,337.0,287.17164400978635,229.43645680179748,344.9068312177752,49.82835599021365,"MATR_b2c38,MATR_b2c13,MATR_b2c43,MATR_b4c40,MATR_b4c7,MATR_b1c43,MATR_b3c4,MATR_b2c44,MATR_b3c26,MATR_b4c42,MATR_b4c17,MATR_b4c31,MATR_b1c42,MATR_b1c37,MATR_b3c9,MATR_b2c19",False,False,0.95
220,MATR_b1c28,858.0,811.5391506584634,62.05216394594834,689.9191441616299,933.159157155297,638.0,591.5391506584634,469.9191441616299,713.159157155297,46.46084934153657,"MATR_b2c38,MATR_b2c13,MATR_b2c43,MATR_b4c40,MATR_b4c7,MATR_b1c43,MATR_b3c4,MATR_b2c44,MATR_b3c26,MATR_b4c42,MATR_b4c17,MATR_b4c31,MATR_b1c42,MATR_b1c37,MATR_b3c9,MATR_b2c19",False,False,0.95
220,MATR_b1c39,622.0,650.4363592264759,44.89714284301438,562.4395762454175,738.4331422075344,402.0,430.43635922647593,342.43957624541747,518.4331422075344,28.43635922647593,"MATR_b2c38,MATR_b2c13,MATR_b2c43,MATR_b4c40,MATR_b4c7,MATR_b1c43,MATR_b3c4,MATR_b2c44,MATR_b3c26,MATR_b4c42,MATR_b4c17,MATR_b4c31,MATR_b1c42,MATR_b1c37,MATR_b3c9,MATR_b2c19",False,False,0.95
220,MATR_b1c7,869.0,975.1954048243477,83.04212964756559,812.4358215156134,1137.9549881330822,649.0,755.1954048243477,592.4358215156134,917.9549881330822,106.19540482434775,"MATR_b2c38,MATR_b2c13,MATR_b2c43,MATR_b4c40,MATR_b4c7,MATR_b1c43,MATR_b3c4,MATR_b2c44,MATR_b3c26,MATR_b4c42,MATR_b4c17,MATR_b4c31,MATR_b1c42,MATR_b1c37,MATR_b3c9,MATR_b2c19",False,False,0.95
220,MATR_b1c9,1052.0,1077.3817429090213,73.36611881069207,933.5867923545784,1221.1766934634643,832.0,857.3817429090213,713.5867923545784,1001.1766934634643,25.38174290902134,"MATR_b2c38,MATR_b2c13,MATR_b2c43,MATR_b4c40,MATR_b4c7,MATR_b1c43,MATR_b3c4,MATR_b2c44,MATR_b3c26,MATR_b4c42,MATR_b4c17,MATR_b4c31,MATR_b1c42,MATR_b1c37,MATR_b3c9,MATR_b2c19",False,False,0.95
220,MATR_b2c10,560.0,606.5192520733028,37.20141404541263,533.6058203703316,679.4326837762741,340.0,386.5192520733028,313.60582037033157,459.4326837762741,46.51925207330282,"MATR_b2c38,MATR_b2c13,MATR_b2c43,MATR_b4c40,MATR_b4c7,MATR_b1c43,MATR_b3c4,MATR_b2c44,MATR_b3c26,MATR_b4c42,MATR_b4c17,MATR_b4c31,MATR_b1c42,MATR_b1c37,MATR_b3c9,MATR_b2c19",False,False,0.95
220,MATR_b2c21,488.0,455.7887053910069,25.38817344037491,406.0287998146157,505.5486109673981,268.0,235.78870539100689,186.0287998146157,285.5486109673981,32.211294608993114,"MATR_b2c38,MATR_b2c13,MATR_b2c43,MATR_b4c40,MATR_b4c7,MATR_b1c43,MATR_b3c4,MATR_b2c44,MATR_b3c26,MATR_b4c42,MATR_b4c17,MATR_b4c31,MATR_b1c42,MATR_b1c37,MATR_b3c9,MATR_b2c19",False,False,0.95
220,MATR_b2c23,526.0,470.58795008352706,25.528653064540123,420.55270950321034,520.6231906638437,306.0,250.58795008352706,200.55270950321034,300.62319066384373,55.41204991647294,"MATR_b2c38,MATR_b2c13,MATR_b2c43,MATR_b4c40,MATR_b4c7,MATR_b1c43,MATR_b3c4,MATR_b2c44,MATR_b3c26,MATR_b4c42,MATR_b4c17,MATR_b4c31,MATR_b1c42,MATR_b1c37,MATR_b3c9,MATR_b2c19",False,False,0.95
220,MATR_b2c25,460.0,465.2710530429572,24.365748028798034,417.51506445013524,513.0270416357791,240.0,245.2710530429572,197.51506445013524,293.02704163577914,5.271053042957192,"MATR_b2c38,MATR_b2c13,MATR_b2c43,MATR_b4c40,MATR_b4c7,MATR_b1c43,MATR_b3c4,MATR_b2c44,MATR_b3c26,MATR_b4c42,MATR_b4c17,MATR_b4c31,MATR_b1c42,MATR_b1c37,MATR_b3c9,MATR_b2c19",False,False,0.95
220,MATR_b2c29,497.0,556.4023070991889,34.68645818654051,488.418098302315,624.3865158960627,277.0,336.4023070991889,268.418098302315,404.38651589606275,59.402307099188874,"MATR_b2c38,MATR_b2c13,MATR_b2c43,MATR_b4c40,MATR_b4c7,MATR_b1c43,MATR_b3c4,MATR_b2c44,MATR_b3c26,MATR_b4c42,MATR_b4c17,MATR_b4c31,MATR_b1c42,MATR_b1c37,MATR_b3c9,MATR_b2c19",False,False,0.95
220,MATR_b2c30,480.0,500.6432469953442,27.387407829267875,446.9649140200689,554.3215799706195,260.0,280.6432469953442,226.96491402006887,334.3215799706195,20.643246995344214,"MATR_b2c38,MATR_b2c13,MATR_b2c43,MATR_b4c40,MATR_b4c7,MATR_b1c43,MATR_b3c4,MATR_b2c44,MATR_b3c26,MATR_b4c42,MATR_b4c17,MATR_b4c31,MATR_b1c42,MATR_b1c37,MATR_b3c9,MATR_b2c19",False,False,0.95
220,MATR_b2c36,534.0,605.0497359642391,39.92444861626865,526.7992545737325,683.3002173547457,314.0,385.04973596423906,306.79925457373247,463.30021735474566,71.04973596423906,"MATR_b2c38,MATR_b2c13,MATR_b2c43,MATR_b4c40,MATR_b4c7,MATR_b1c43,MATR_b3c4,MATR_b2c44,MATR_b3c26,MATR_b4c42,MATR_b4c17,MATR_b4c31,MATR_b1c42,MATR_b1c37,MATR_b3c9,MATR_b2c19",False,False,0.95
220,MATR_b2c40,498.0,500.5058386835023,29.157139861678594,443.3588946624151,557.6527827045895,278.0,280.5058386835023,223.35889466241508,337.6527827045895,2.5058386835023043,"MATR_b2c38,MATR_b2c13,MATR_b2c43,MATR_b4c40,MATR_b4c7,MATR_b1c43,MATR_b3c4,MATR_b2c44,MATR_b3c26,MATR_b4c42,MATR_b4c17,MATR_b4c31,MATR_b1c42,MATR_b1c37,MATR_b3c9,MATR_b2c19",False,False,0.95
220,MATR_b2c42,465.0,499.11196793937694,30.22388670583391,439.87423852312355,558.3496973556303,245.0,279.11196793937694,219.87423852312355,338.34969735563027,34.11196793937694,"MATR_b2c38,MATR_b2c13,MATR_b2c43,MATR_b4c40,MATR_b4c7,MATR_b1c43,MATR_b3c4,MATR_b2c44,MATR_b3c26,MATR_b4c42,MATR_b4c17,MATR_b4c31,MATR_b1c42,MATR_b1c37,MATR_b3c9,MATR_b2c19",False,False,0.95
220,MATR_b2c46,428.0,446.2196098930282,27.139730124173845,393.02671629951067,499.4125034865457,208.0,226.21960989302818,173.02671629951067,279.4125034865457,18.219609893028178,"MATR_b2c38,MATR_b2c13,MATR_b2c43,MATR_b4c40,MATR_b4c7,MATR_b1c43,MATR_b3c4,MATR_b2c44,MATR_b3c26,MATR_b4c42,MATR_b4c17,MATR_b4c31,MATR_b1c42,MATR_b1c37,MATR_b3c9,MATR_b2c19",False,False,0.95
220,MATR_b3c19,1152.0,1690.7419194649733,105.17432999973848,1484.6040205673553,1896.8798183625913,932.0,1470.7419194649733,1264.6040205673553,1676.8798183625913,538.7419194649733,"MATR_b2c38,MATR_b2c13,MATR_b2c43,MATR_b4c40,MATR_b4c7,MATR_b1c43,MATR_b3c4,MATR_b2c44,MATR_b3c26,MATR_b4c42,MATR_b4c17,MATR_b4c31,MATR_b1c42,MATR_b1c37,MATR_b3c9,MATR_b2c19",False,False,0.95
220,MATR_b3c20,811.0,872.5215849397148,72.50730822833559,730.4098721962323,1014.6332976831973,591.0,652.5215849397148,510.4098721962323,794.6332976831973,61.521584939714785,"MATR_b2c38,MATR_b2c13,MATR_b2c43,MATR_b4c40,MATR_b4c7,MATR_b1c43,MATR_b3c4,MATR_b2c44,MATR_b3c26,MATR_b4c42,MATR_b4c17,MATR_b4c31,MATR_b1c42,MATR_b1c37,MATR_b3c9,MATR_b2c19",False,False,0.95
220,MATR_b3c3,1113.0,1301.8287063570851,95.73685847275387,1114.1879117574792,1489.469500956691,893.0,1081.8287063570851,894.1879117574792,1269.469500956691,188.82870635708514,"MATR_b2c38,MATR_b2c13,MATR_b2c43,MATR_b4c40,MATR_b4c7,MATR_b1c43,MATR_b3c4,MATR_b2c44,MATR_b3c26,MATR_b4c42,MATR_b4c17,MATR_b4c31,MATR_b1c42,MATR_b1c37,MATR_b3c9,MATR_b2c19",False,False,0.95
220,MATR_b3c30,933.0,1340.8511474515462,83.26549153773735,1177.6537828825565,1504.048512020536,713.0,1120.8511474515462,957.6537828825565,1284.048512020536,407.85114745154624,"MATR_b2c38,MATR_b2c13,MATR_b2c43,MATR_b4c40,MATR_b4c7,MATR_b1c43,MATR_b3c4,MATR_b2c44,MATR_b3c26,MATR_b4c42,MATR_b4c17,MATR_b4c31,MATR_b1c42,MATR_b1c37,MATR_b3c9,MATR_b2c19",False,False,0.95
220,MATR_b3c44,938.0,1168.5252390478236,79.32883319025,1013.043583059348,1324.0068950362993,718.0,948.5252390478236,793.043583059348,1104.0068950362993,230.52523904782356,"MATR_b2c38,MATR_b2c13,MATR_b2c43,MATR_b4c40,MATR_b4c7,MATR_b1c43,MATR_b3c4,MATR_b2c44,MATR_b3c26,MATR_b4c42,MATR_b4c17,MATR_b4c31,MATR_b1c42,MATR_b1c37,MATR_b3c9,MATR_b2c19",False,False,0.95
220,MATR_b3c45,1799.0,1872.1347044475704,141.34938182845988,1595.0950068267887,2149.174402068352,1579.0,1652.1347044475704,1375.0950068267887,1929.1744020683518,73.13470444757036,"MATR_b2c38,MATR_b2c13,MATR_b2c43,MATR_b4c40,MATR_b4c7,MATR_b1c43,MATR_b3c4,MATR_b2c44,MATR_b3c26,MATR_b4c42,MATR_b4c17,MATR_b4c31,MATR_b1c42,MATR_b1c37,MATR_b3c9,MATR_b2c19",False,False,0.95
220,MATR_b4c10,872.0,916.5090797509959,81.59893660603174,756.5781028264066,1076.440056675585,652.0,696.5090797509959,536.5781028264066,856.4400566755851,44.50907975099585,"MATR_b2c38,MATR_b2c13,MATR_b2c43,MATR_b4c40,MATR_b4c7,MATR_b1c43,MATR_b3c4,MATR_b2c44,MATR_b3c26,MATR_b4c42,MATR_b4c17,MATR_b4c31,MATR_b1c42,MATR_b1c37,MATR_b3c9,MATR_b2c19",False,False,0.95
220,MATR_b4c13,771.0,868.5439268389641,68.94571690143506,733.412804823857,1003.6750488540713,551.0,648.5439268389641,513.412804823857,783.6750488540713,97.54392683896413,"MATR_b2c38,MATR_b2c13,MATR_b2c43,MATR_b4c40,MATR_b4c7,MATR_b1c43,MATR_b3c4,MATR_b2c44,MATR_b3c26,MATR_b4c42,MATR_b4c17,MATR_b4c31,MATR_b1c42,MATR_b1c37,MATR_b3c9,MATR_b2c19",False,False,0.95
220,MATR_b4c16,909.0,909.0510614622063,95.41473975428607,722.0416079495435,1096.0605149748692,689.0,689.0510614622063,502.0416079495435,876.0605149748692,0.05106146220634855,"MATR_b2c38,MATR_b2c13,MATR_b2c43,MATR_b4c40,MATR_b4c7,MATR_b1c43,MATR_b3c4,MATR_b2c44,MATR_b3c26,MATR_b4c42,MATR_b4c17,MATR_b4c31,MATR_b1c42,MATR_b1c37,MATR_b3c9,MATR_b2c19",False,False,0.95
220,MATR_b4c18,906.0,933.0379718571858,97.7905325740367,741.3720499830829,1124.7038937312886,686.0,713.0379718571858,521.3720499830829,904.7038937312886,27.037971857185767,"MATR_b2c38,MATR_b2c13,MATR_b2c43,MATR_b4c40,MATR_b4c7,MATR_b1c43,MATR_b3c4,MATR_b2c44,MATR_b3c26,MATR_b4c42,MATR_b4c17,MATR_b4c31,MATR_b1c42,MATR_b1c37,MATR_b3c9,MATR_b2c19",False,False,0.95
220,MATR_b4c25,453.0,459.3856675305247,23.549407026614237,413.22967790108635,505.54165715996305,233.0,239.3856675305247,193.22967790108635,285.54165715996305,6.3856675305246995,"MATR_b2c38,MATR_b2c13,MATR_b2c43,MATR_b4c40,MATR_b4c7,MATR_b1c43,MATR_b3c4,MATR_b2c44,MATR_b3c26,MATR_b4c42,MATR_b4c17,MATR_b4c31,MATR_b1c42,MATR_b1c37,MATR_b3c9,MATR_b2c19",False,False,0.95
220,MATR_b4c29,887.0,1387.600466450742,96.27639934034372,1198.9021911824725,1576.2987417190116,667.0,1167.600466450742,978.9021911824725,1356.2987417190116,500.60046645074203,"MATR_b2c38,MATR_b2c13,MATR_b2c43,MATR_b4c40,MATR_b4c7,MATR_b1c43,MATR_b3c4,MATR_b2c44,MATR_b3c26,MATR_b4c42,MATR_b4c17,MATR_b4c31,MATR_b1c42,MATR_b1c37,MATR_b3c9,MATR_b2c19",False,False,0.95
220,MATR_b4c33,505.0,489.9474655003426,26.350685599117853,438.3010707581334,541.5938602425518,285.0,269.9474655003426,218.3010707581334,321.59386024255184,15.052534499657384,"MATR_b2c38,MATR_b2c13,MATR_b2c43,MATR_b4c40,MATR_b4c7,MATR_b1c43,MATR_b3c4,MATR_b2c44,MATR_b3c26,MATR_b4c42,MATR_b4c17,MATR_b4c31,MATR_b1c42,MATR_b1c37,MATR_b3c9,MATR_b2c19",False,False,0.95
220,MATR_b4c37,863.0,852.0175470360381,64.23165609401605,726.125814424404,977.9092796476722,643.0,632.0175470360381,506.125814424404,757.9092796476722,10.982452963961919,"MATR_b2c38,MATR_b2c13,MATR_b2c43,MATR_b4c40,MATR_b4c7,MATR_b1c43,MATR_b3c4,MATR_b2c44,MATR_b3c26,MATR_b4c42,MATR_b4c17,MATR_b4c31,MATR_b1c42,MATR_b1c37,MATR_b3c9,MATR_b2c19",False,False,0.95
220,MATR_b4c4,656.0,719.5480953435882,49.97958414566702,621.5899104557918,817.5062802313846,436.0,499.5480953435882,401.5899104557918,597.5062802313846,63.548095343588216,"MATR_b2c38,MATR_b2c13,MATR_b2c43,MATR_b4c40,MATR_b4c7,MATR_b1c43,MATR_b3c4,MATR_b2c44,MATR_b3c26,MATR_b4c42,MATR_b4c17,MATR_b4c31,MATR_b1c42,MATR_b1c37,MATR_b3c9,MATR_b2c19",False,False,0.95
220,MATR_b4c9,442.0,496.87672596888405,26.45941825704025,445.0172191332036,548.7362328045645,222.0,276.87672596888405,225.01721913320358,328.73623280456445,54.876725968884045,"MATR_b2c38,MATR_b2c13,MATR_b2c43,MATR_b4c40,MATR_b4c7,MATR_b1c43,MATR_b3c4,MATR_b2c44,MATR_b3c26,MATR_b4c42,MATR_b4c17,MATR_b4c31,MATR_b1c42,MATR_b1c37,MATR_b3c9,MATR_b2c19",False,False,0.95
240,MATR_b1c1,2154.0,1752.49816689316,123.87742633045981,1509.7028727879451,1995.293460998375,1914.0,1512.49816689316,1269.7028727879451,1755.293460998375,401.50183310683997,"MATR_b2c26,MATR_b4c32,MATR_b3c35,MATR_b1c36,MATR_b3c1,MATR_b1c0,MATR_b1c19,MATR_b4c40,MATR_b3c36,MATR_b2c44,MATR_b3c6,MATR_b1c43,MATR_b4c41,MATR_b2c39,MATR_b2c47,MATR_b3c21",False,False,0.95
240,MATR_b1c20,533.0,535.1535741614044,28.21582903881186,479.8515654513938,590.4555828714151,293.0,295.15357416140444,239.8515654513938,350.4555828714151,2.1535741614044355,"MATR_b2c26,MATR_b4c32,MATR_b3c35,MATR_b1c36,MATR_b3c1,MATR_b1c0,MATR_b1c19,MATR_b4c40,MATR_b3c36,MATR_b2c44,MATR_b3c6,MATR_b1c43,MATR_b4c41,MATR_b2c39,MATR_b2c47,MATR_b3c21",False,False,0.95
240,MATR_b1c21,557.0,511.335713286039,29.294912932327698,453.91873900844007,568.7526875636379,317.0,271.335713286039,213.91873900844007,328.7526875636379,45.66428671396102,"MATR_b2c26,MATR_b4c32,MATR_b3c35,MATR_b1c36,MATR_b3c1,MATR_b1c0,MATR_b1c19,MATR_b4c40,MATR_b3c36,MATR_b2c44,MATR_b3c6,MATR_b1c43,MATR_b4c41,MATR_b2c39,MATR_b2c47,MATR_b3c21",False,False,0.95
240,MATR_b1c28,858.0,804.2311227020278,61.796038513213105,683.11311282888,925.3491325751756,618.0,564.2311227020278,443.11311282888005,685.3491325751756,53.76887729797215,"MATR_b2c26,MATR_b4c32,MATR_b3c35,MATR_b1c36,MATR_b3c1,MATR_b1c0,MATR_b1c19,MATR_b4c40,MATR_b3c36,MATR_b2c44,MATR_b3c6,MATR_b1c43,MATR_b4c41,MATR_b2c39,MATR_b2c47,MATR_b3c21",False,False,0.95
240,MATR_b1c39,622.0,649.903327900676,44.62118661785009,562.4474091822492,737.3592466191028,382.0,409.903327900676,322.4474091822492,497.3592466191028,27.903327900676004,"MATR_b2c26,MATR_b4c32,MATR_b3c35,MATR_b1c36,MATR_b3c1,MATR_b1c0,MATR_b1c19,MATR_b4c40,MATR_b3c36,MATR_b2c44,MATR_b3c6,MATR_b1c43,MATR_b4c41,MATR_b2c39,MATR_b2c47,MATR_b3c21",False,False,0.95
240,MATR_b1c7,869.0,953.8786583982062,81.20169915664309,794.7262525677293,1113.0310642286831,629.0,713.8786583982062,554.7262525677293,873.0310642286831,84.8786583982062,"MATR_b2c26,MATR_b4c32,MATR_b3c35,MATR_b1c36,MATR_b3c1,MATR_b1c0,MATR_b1c19,MATR_b4c40,MATR_b3c36,MATR_b2c44,MATR_b3c6,MATR_b1c43,MATR_b4c41,MATR_b2c39,MATR_b2c47,MATR_b3c21",False,False,0.95
240,MATR_b1c9,1052.0,1064.4261316782513,73.19721605793539,920.962224436101,1207.8900389204016,812.0,824.4261316782513,680.962224436101,967.8900389204016,12.426131678251295,"MATR_b2c26,MATR_b4c32,MATR_b3c35,MATR_b1c36,MATR_b3c1,MATR_b1c0,MATR_b1c19,MATR_b4c40,MATR_b3c36,MATR_b2c44,MATR_b3c6,MATR_b1c43,MATR_b4c41,MATR_b2c39,MATR_b2c47,MATR_b3c21",False,False,0.95
240,MATR_b2c10,560.0,610.8803515388527,37.39827588449124,537.581077721357,684.1796253563483,320.0,370.88035153885266,297.581077721357,444.1796253563483,50.880351538852665,"MATR_b2c26,MATR_b4c32,MATR_b3c35,MATR_b1c36,MATR_b3c1,MATR_b1c0,MATR_b1c19,MATR_b4c40,MATR_b3c36,MATR_b2c44,MATR_b3c6,MATR_b1c43,MATR_b4c41,MATR_b2c39,MATR_b2c47,MATR_b3c21",False,False,0.95
240,MATR_b2c21,488.0,452.1665684187842,24.671957651598156,403.81041999355443,500.522716844014,248.0,212.1665684187842,163.81041999355443,260.522716844014,35.83343158121579,"MATR_b2c26,MATR_b4c32,MATR_b3c35,MATR_b1c36,MATR_b3c1,MATR_b1c0,MATR_b1c19,MATR_b4c40,MATR_b3c36,MATR_b2c44,MATR_b3c6,MATR_b1c43,MATR_b4c41,MATR_b2c39,MATR_b2c47,MATR_b3c21",False,False,0.95
240,MATR_b2c23,526.0,469.08744026753243,25.079140713907265,419.93322770506205,518.2416528300027,286.0,229.08744026753243,179.93322770506205,278.24165283000275,56.91255973246757,"MATR_b2c26,MATR_b4c32,MATR_b3c35,MATR_b1c36,MATR_b3c1,MATR_b1c0,MATR_b1c19,MATR_b4c40,MATR_b3c36,MATR_b2c44,MATR_b3c6,MATR_b1c43,MATR_b4c41,MATR_b2c39,MATR_b2c47,MATR_b3c21",False,False,0.95
240,MATR_b2c25,460.0,460.00405673388053,23.725466822002023,413.5029962463566,506.5051172214045,220.0,220.00405673388053,173.5029962463566,266.5051172214045,0.004056733880531738,"MATR_b2c26,MATR_b4c32,MATR_b3c35,MATR_b1c36,MATR_b3c1,MATR_b1c0,MATR_b1c19,MATR_b4c40,MATR_b3c36,MATR_b2c44,MATR_b3c6,MATR_b1c43,MATR_b4c41,MATR_b2c39,MATR_b2c47,MATR_b3c21",False,False,0.95
240,MATR_b2c29,497.0,553.7720032821337,34.141338020035874,486.8562103788554,620.687796185412,257.0,313.7720032821337,246.8562103788554,380.687796185412,56.77200328213371,"MATR_b2c26,MATR_b4c32,MATR_b3c35,MATR_b1c36,MATR_b3c1,MATR_b1c0,MATR_b1c19,MATR_b4c40,MATR_b3c36,MATR_b2c44,MATR_b3c6,MATR_b1c43,MATR_b4c41,MATR_b2c39,MATR_b2c47,MATR_b3c21",False,False,0.95
240,MATR_b2c30,480.0,495.2684374795396,26.670492739582652,442.99523226002066,547.5416426990586,240.0,255.2684374795396,202.99523226002066,307.54164269905857,15.268437479539614,"MATR_b2c26,MATR_b4c32,MATR_b3c35,MATR_b1c36,MATR_b3c1,MATR_b1c0,MATR_b1c19,MATR_b4c40,MATR_b3c36,MATR_b2c44,MATR_b3c6,MATR_b1c43,MATR_b4c41,MATR_b2c39,MATR_b2c47,MATR_b3c21",False,False,0.95
240,MATR_b2c36,534.0,602.505092191799,39.397879348863675,525.2866676007718,679.7235167828262,294.0,362.505092191799,285.2866676007718,439.7235167828262,68.50509219179901,"MATR_b2c26,MATR_b4c32,MATR_b3c35,MATR_b1c36,MATR_b3c1,MATR_b1c0,MATR_b1c19,MATR_b4c40,MATR_b3c36,MATR_b2c44,MATR_b3c6,MATR_b1c43,MATR_b4c41,MATR_b2c39,MATR_b2c47,MATR_b3c21",False,False,0.95
240,MATR_b2c40,498.0,492.38465866652575,28.029340163208882,437.4481614362143,547.3211558968372,258.0,252.38465866652575,197.44816143621432,307.32115589683724,5.615341333474248,"MATR_b2c26,MATR_b4c32,MATR_b3c35,MATR_b1c36,MATR_b3c1,MATR_b1c0,MATR_b1c19,MATR_b4c40,MATR_b3c36,MATR_b2c44,MATR_b3c6,MATR_b1c43,MATR_b4c41,MATR_b2c39,MATR_b2c47,MATR_b3c21",False,False,0.95
240,MATR_b2c42,465.0,490.13840054838835,29.05282315949301,433.1959135065709,547.0808875902059,225.0,250.13840054838835,193.1959135065709,307.08088759020586,25.138400548388347,"MATR_b2c26,MATR_b4c32,MATR_b3c35,MATR_b1c36,MATR_b3c1,MATR_b1c0,MATR_b1c19,MATR_b4c40,MATR_b3c36,MATR_b2c44,MATR_b3c6,MATR_b1c43,MATR_b4c41,MATR_b2c39,MATR_b2c47,MATR_b3c21",False,False,0.95
240,MATR_b2c46,428.0,438.9759575493904,26.199533002753935,387.62581645222417,490.3260986465566,188.0,198.9759575493904,147.62581645222417,250.3260986465566,10.975957549390387,"MATR_b2c26,MATR_b4c32,MATR_b3c35,MATR_b1c36,MATR_b3c1,MATR_b1c0,MATR_b1c19,MATR_b4c40,MATR_b3c36,MATR_b2c44,MATR_b3c6,MATR_b1c43,MATR_b4c41,MATR_b2c39,MATR_b2c47,MATR_b3c21",False,False,0.95
240,MATR_b3c19,1152.0,1656.3129011378755,103.3280720012454,1453.793601423473,1858.832200852278,912.0,1416.3129011378755,1213.793601423473,1618.832200852278,504.31290113787554,"MATR_b2c26,MATR_b4c32,MATR_b3c35,MATR_b1c36,MATR_b3c1,MATR_b1c0,MATR_b1c19,MATR_b4c40,MATR_b3c36,MATR_b2c44,MATR_b3c6,MATR_b1c43,MATR_b4c41,MATR_b2c39,MATR_b2c47,MATR_b3c21",False,False,0.95
240,MATR_b3c20,811.0,854.9916047330008,71.15392355347274,715.532477209478,994.4507322565237,571.0,614.9916047330008,475.532477209478,754.4507322565237,43.99160473300083,"MATR_b2c26,MATR_b4c32,MATR_b3c35,MATR_b1c36,MATR_b3c1,MATR_b1c0,MATR_b1c19,MATR_b4c40,MATR_b3c36,MATR_b2c44,MATR_b3c6,MATR_b1c43,MATR_b4c41,MATR_b2c39,MATR_b2c47,MATR_b3c21",False,False,0.95
240,MATR_b3c3,1113.0,1299.6694723520015,94.16628906574407,1115.1069372253553,1484.2320074786478,873.0,1059.6694723520015,875.1069372253553,1244.2320074786478,186.66947235200155,"MATR_b2c26,MATR_b4c32,MATR_b3c35,MATR_b1c36,MATR_b3c1,MATR_b1c0,MATR_b1c19,MATR_b4c40,MATR_b3c36,MATR_b2c44,MATR_b3c6,MATR_b1c43,MATR_b4c41,MATR_b2c39,MATR_b2c47,MATR_b3c21",False,False,0.95
240,MATR_b3c30,933.0,1305.4342327743955,81.38342242605502,1145.9256558807183,1464.9428096680726,693.0,1065.4342327743955,905.9256558807183,1224.9428096680726,372.43423277439547,"MATR_b2c26,MATR_b4c32,MATR_b3c35,MATR_b1c36,MATR_b3c1,MATR_b1c0,MATR_b1c19,MATR_b4c40,MATR_b3c36,MATR_b2c44,MATR_b3c6,MATR_b1c43,MATR_b4c41,MATR_b2c39,MATR_b2c47,MATR_b3c21",False,False,0.95
240,MATR_b3c44,938.0,1149.3776204396186,78.5614238266338,995.4000591652295,1303.3551817140076,698.0,909.3776204396186,755.4000591652295,1063.3551817140076,211.37762043961857,"MATR_b2c26,MATR_b4c32,MATR_b3c35,MATR_b1c36,MATR_b3c1,MATR_b1c0,MATR_b1c19,MATR_b4c40,MATR_b3c36,MATR_b2c44,MATR_b3c6,MATR_b1c43,MATR_b4c41,MATR_b2c39,MATR_b2c47,MATR_b3c21",False,False,0.95
240,MATR_b3c45,1799.0,1851.1410350411415,140.42345562557946,1575.9161194303474,2126.3659506519357,1559.0,1611.1410350411415,1335.9161194303474,1886.3659506519357,52.14103504114155,"MATR_b2c26,MATR_b4c32,MATR_b3c35,MATR_b1c36,MATR_b3c1,MATR_b1c0,MATR_b1c19,MATR_b4c40,MATR_b3c36,MATR_b2c44,MATR_b3c6,MATR_b1c43,MATR_b4c41,MATR_b2c39,MATR_b2c47,MATR_b3c21",False,False,0.95
240,MATR_b4c10,872.0,917.7427069869473,80.83168264261744,759.3155201976457,1076.169893776249,632.0,677.7427069869473,519.3155201976457,836.169893776249,45.74270698694727,"MATR_b2c26,MATR_b4c32,MATR_b3c35,MATR_b1c36,MATR_b3c1,MATR_b1c0,MATR_b1c19,MATR_b4c40,MATR_b3c36,MATR_b2c44,MATR_b3c6,MATR_b1c43,MATR_b4c41,MATR_b2c39,MATR_b2c47,MATR_b3c21",False,False,0.95
240,MATR_b4c13,771.0,830.9966221608681,66.79185283666106,700.086996140313,961.9062481814233,531.0,590.9966221608681,460.086996140313,721.9062481814233,59.99662216086813,"MATR_b2c26,MATR_b4c32,MATR_b3c35,MATR_b1c36,MATR_b3c1,MATR_b1c0,MATR_b1c19,MATR_b4c40,MATR_b3c36,MATR_b2c44,MATR_b3c6,MATR_b1c43,MATR_b4c41,MATR_b2c39,MATR_b2c47,MATR_b3c21",False,False,0.95
240,MATR_b4c16,909.0,887.3928576258072,93.13545909324874,704.8507121194363,1069.9350031321783,669.0,647.3928576258072,464.85071211943625,829.9350031321783,21.60714237419279,"MATR_b2c26,MATR_b4c32,MATR_b3c35,MATR_b1c36,MATR_b3c1,MATR_b1c0,MATR_b1c19,MATR_b4c40,MATR_b3c36,MATR_b2c44,MATR_b3c6,MATR_b1c43,MATR_b4c41,MATR_b2c39,MATR_b2c47,MATR_b3c21",False,False,0.95
240,MATR_b4c18,906.0,900.8077368865505,92.9199967133393,718.6878898848254,1082.9275838882756,666.0,660.8077368865505,478.6878898848254,842.9275838882756,5.192263113449485,"MATR_b2c26,MATR_b4c32,MATR_b3c35,MATR_b1c36,MATR_b3c1,MATR_b1c0,MATR_b1c19,MATR_b4c40,MATR_b3c36,MATR_b2c44,MATR_b3c6,MATR_b1c43,MATR_b4c41,MATR_b2c39,MATR_b2c47,MATR_b3c21",False,False,0.95
240,MATR_b4c25,453.0,457.8858829154721,23.406449632563458,412.01008462969696,503.76168120124726,213.0,217.8858829154721,172.01008462969696,263.76168120124726,4.885882915472109,"MATR_b2c26,MATR_b4c32,MATR_b3c35,MATR_b1c36,MATR_b3c1,MATR_b1c0,MATR_b1c19,MATR_b4c40,MATR_b3c36,MATR_b2c44,MATR_b3c6,MATR_b1c43,MATR_b4c41,MATR_b2c39,MATR_b2c47,MATR_b3c21",False,False,0.95
240,MATR_b4c29,887.0,1294.2042199187017,88.54396156171961,1120.6612442092323,1467.747195628171,647.0,1054.2042199187017,880.6612442092323,1227.747195628171,407.2042199187017,"MATR_b2c26,MATR_b4c32,MATR_b3c35,MATR_b1c36,MATR_b3c1,MATR_b1c0,MATR_b1c19,MATR_b4c40,MATR_b3c36,MATR_b2c44,MATR_b3c6,MATR_b1c43,MATR_b4c41,MATR_b2c39,MATR_b2c47,MATR_b3c21",False,False,0.95
240,MATR_b4c33,505.0,488.67971065338907,26.048656673415582,437.6252817278456,539.7341395789325,265.0,248.67971065338907,197.62528172784562,299.7341395789325,16.320289346610934,"MATR_b2c26,MATR_b4c32,MATR_b3c35,MATR_b1c36,MATR_b3c1,MATR_b1c0,MATR_b1c19,MATR_b4c40,MATR_b3c36,MATR_b2c44,MATR_b3c6,MATR_b1c43,MATR_b4c41,MATR_b2c39,MATR_b2c47,MATR_b3c21",False,False,0.95
240,MATR_b4c37,863.0,834.8413612889422,62.08348571997211,713.1599652430901,956.5227573347942,623.0,594.8413612889422,473.15996524309014,716.5227573347942,28.158638711057847,"MATR_b2c26,MATR_b4c32,MATR_b3c35,MATR_b1c36,MATR_b3c1,MATR_b1c0,MATR_b1c19,MATR_b4c40,MATR_b3c36,MATR_b2c44,MATR_b3c6,MATR_b1c43,MATR_b4c41,MATR_b2c39,MATR_b2c47,MATR_b3c21",False,False,0.95
240,MATR_b4c4,656.0,696.0087116299954,48.00304897792952,601.9244644851414,790.0929587748495,416.0,456.00871162999545,361.92446448514136,550.0929587748495,40.008711629995446,"MATR_b2c26,MATR_b4c32,MATR_b3c35,MATR_b1c36,MATR_b3c1,MATR_b1c0,MATR_b1c19,MATR_b4c40,MATR_b3c36,MATR_b2c44,MATR_b3c6,MATR_b1c43,MATR_b4c41,MATR_b2c39,MATR_b2c47,MATR_b3c21",False,False,0.95
240,MATR_b4c9,442.0,491.3641282740774,25.872551552968915,440.6548590421025,542.0733975060523,202.0,251.36412827407742,200.6548590421025,302.0733975060523,49.364128274077416,"MATR_b2c26,MATR_b4c32,MATR_b3c35,MATR_b1c36,MATR_b3c1,MATR_b1c0,MATR_b1c19,MATR_b4c40,MATR_b3c36,MATR_b2c44,MATR_b3c6,MATR_b1c43,MATR_b4c41,MATR_b2c39,MATR_b2c47,MATR_b3c21",False,False,0.95
260,MATR_b1c1,2154.0,1746.980009324464,125.12160351345007,1501.7461727502016,1992.2138458987263,1894.0,1486.980009324464,1241.7461727502016,1732.2138458987263,407.01999067553606,"MATR_b3c15,MATR_b2c17,MATR_b2c18,MATR_b3c40,MATR_b2c32,MATR_b3c9,MATR_b4c17,MATR_b1c26,MATR_b1c3,MATR_b4c19,MATR_b1c44,MATR_b3c21,MATR_b1c35,MATR_b3c33,MATR_b1c0,MATR_b4c26",False,False,0.95
260,MATR_b1c20,533.0,533.5309197867305,28.126961706696715,478.4030878470677,588.6587517263932,273.0,273.53091978673046,218.4030878470677,328.65875172639323,0.5309197867304647,"MATR_b3c15,MATR_b2c17,MATR_b2c18,MATR_b3c40,MATR_b2c32,MATR_b3c9,MATR_b4c17,MATR_b1c26,MATR_b1c3,MATR_b4c19,MATR_b1c44,MATR_b3c21,MATR_b1c35,MATR_b3c33,MATR_b1c0,MATR_b4c26",False,False,0.95
260,MATR_b1c21,557.0,524.9531049098682,30.362749736232324,465.4432089552499,584.4630008644866,297.0,264.9531049098682,205.44320895524987,324.4630008644866,32.046895090131784,"MATR_b3c15,MATR_b2c17,MATR_b2c18,MATR_b3c40,MATR_b2c32,MATR_b3c9,MATR_b4c17,MATR_b1c26,MATR_b1c3,MATR_b4c19,MATR_b1c44,MATR_b3c21,MATR_b1c35,MATR_b3c33,MATR_b1c0,MATR_b4c26",False,False,0.95
260,MATR_b1c28,858.0,808.6235471791058,63.35837170952316,684.4434205093389,932.8036738488727,598.0,548.6235471791058,424.4434205093389,672.8036738488727,49.3764528208942,"MATR_b3c15,MATR_b2c17,MATR_b2c18,MATR_b3c40,MATR_b2c32,MATR_b3c9,MATR_b4c17,MATR_b1c26,MATR_b1c3,MATR_b4c19,MATR_b1c44,MATR_b3c21,MATR_b1c35,MATR_b3c33,MATR_b1c0,MATR_b4c26",False,False,0.95
260,MATR_b1c39,622.0,662.8610802008941,46.40974365804991,571.8996540993801,753.8225063024081,362.0,402.8610802008941,311.8996540993801,493.8225063024081,40.861080200894094,"MATR_b3c15,MATR_b2c17,MATR_b2c18,MATR_b3c40,MATR_b2c32,MATR_b3c9,MATR_b4c17,MATR_b1c26,MATR_b1c3,MATR_b4c19,MATR_b1c44,MATR_b3c21,MATR_b1c35,MATR_b3c33,MATR_b1c0,MATR_b4c26",False,False,0.95
260,MATR_b1c7,869.0,958.08539366322,81.21009076754471,798.9165405776037,1117.2542467488363,609.0,698.08539366322,538.9165405776037,857.2542467488363,89.08539366321997,"MATR_b3c15,MATR_b2c17,MATR_b2c18,MATR_b3c40,MATR_b2c32,MATR_b3c9,MATR_b4c17,MATR_b1c26,MATR_b1c3,MATR_b4c19,MATR_b1c44,MATR_b3c21,MATR_b1c35,MATR_b3c33,MATR_b1c0,MATR_b4c26",False,False,0.95
260,MATR_b1c9,1052.0,1043.0379184259332,75.74245553114928,894.585433484254,1191.4904033676123,792.0,783.0379184259332,634.585433484254,931.4904033676123,8.962081574066815,"MATR_b3c15,MATR_b2c17,MATR_b2c18,MATR_b3c40,MATR_b2c32,MATR_b3c9,MATR_b4c17,MATR_b1c26,MATR_b1c3,MATR_b4c19,MATR_b1c44,MATR_b3c21,MATR_b1c35,MATR_b3c33,MATR_b1c0,MATR_b4c26",False,False,0.95
260,MATR_b2c10,560.0,621.1584000245062,38.356736846304564,545.9805772412689,696.3362228077436,300.0,361.15840002450625,285.98057724126886,436.33622280774364,61.15840002450625,"MATR_b3c15,MATR_b2c17,MATR_b2c18,MATR_b3c40,MATR_b2c32,MATR_b3c9,MATR_b4c17,MATR_b1c26,MATR_b1c3,MATR_b4c19,MATR_b1c44,MATR_b3c21,MATR_b1c35,MATR_b3c33,MATR_b1c0,MATR_b4c26",False,False,0.95
260,MATR_b2c21,488.0,458.03858951385484,25.1251715487064,408.79415817299986,507.28302085470983,228.0,198.03858951385484,148.79415817299986,247.28302085470983,29.961410486145155,"MATR_b3c15,MATR_b2c17,MATR_b2c18,MATR_b3c40,MATR_b2c32,MATR_b3c9,MATR_b4c17,MATR_b1c26,MATR_b1c3,MATR_b4c19,MATR_b1c44,MATR_b3c21,MATR_b1c35,MATR_b3c33,MATR_b1c0,MATR_b4c26",False,False,0.95
260,MATR_b2c23,526.0,478.2137487902819,25.839278643077062,427.5696932633559,528.857804317208,266.0,218.2137487902819,167.56969326335587,268.857804317208,47.7862512097181,"MATR_b3c15,MATR_b2c17,MATR_b2c18,MATR_b3c40,MATR_b2c32,MATR_b3c9,MATR_b4c17,MATR_b1c26,MATR_b1c3,MATR_b4c19,MATR_b1c44,MATR_b3c21,MATR_b1c35,MATR_b3c33,MATR_b1c0,MATR_b4c26",False,False,0.95
260,MATR_b2c25,460.0,463.53540545482593,24.113790343143837,416.2732448515143,510.7975660581376,200.0,203.53540545482593,156.27324485151428,250.7975660581376,3.535405454825934,"MATR_b3c15,MATR_b2c17,MATR_b2c18,MATR_b3c40,MATR_b2c32,MATR_b3c9,MATR_b4c17,MATR_b1c26,MATR_b1c3,MATR_b4c19,MATR_b1c44,MATR_b3c21,MATR_b1c35,MATR_b3c33,MATR_b1c0,MATR_b4c26",False,False,0.95
260,MATR_b2c29,497.0,561.5457257143911,35.01527206370606,492.91705356065575,630.1743978681264,237.0,301.5457257143911,232.91705356065575,370.17439786812645,64.5457257143911,"MATR_b3c15,MATR_b2c17,MATR_b2c18,MATR_b3c40,MATR_b2c32,MATR_b3c9,MATR_b4c17,MATR_b1c26,MATR_b1c3,MATR_b4c19,MATR_b1c44,MATR_b3c21,MATR_b1c35,MATR_b3c33,MATR_b1c0,MATR_b4c26",False,False,0.95
260,MATR_b2c30,480.0,502.8072466066187,27.33988126752562,449.22206398066726,556.3924292325702,220.0,242.80724660661872,189.22206398066726,296.3924292325702,22.80724660661872,"MATR_b3c15,MATR_b2c17,MATR_b2c18,MATR_b3c40,MATR_b2c32,MATR_b3c9,MATR_b4c17,MATR_b1c26,MATR_b1c3,MATR_b4c19,MATR_b1c44,MATR_b3c21,MATR_b1c35,MATR_b3c33,MATR_b1c0,MATR_b4c26",False,False,0.95
260,MATR_b2c36,534.0,613.6625676865922,40.882931161443345,533.533495027733,693.7916403454514,274.0,353.6625676865922,273.533495027733,433.79164034545136,79.66256768659218,"MATR_b3c15,MATR_b2c17,MATR_b2c18,MATR_b3c40,MATR_b2c32,MATR_b3c9,MATR_b4c17,MATR_b1c26,MATR_b1c3,MATR_b4c19,MATR_b1c44,MATR_b3c21,MATR_b1c35,MATR_b3c33,MATR_b1c0,MATR_b4c26",False,False,0.95
260,MATR_b2c40,498.0,497.0613068753417,28.42327319997141,441.35271508065523,552.7698986700282,238.0,237.0613068753417,181.35271508065523,292.76989867002817,0.9386931246583003,"MATR_b3c15,MATR_b2c17,MATR_b2c18,MATR_b3c40,MATR_b2c32,MATR_b3c9,MATR_b4c17,MATR_b1c26,MATR_b1c3,MATR_b4c19,MATR_b1c44,MATR_b3c21,MATR_b1c35,MATR_b3c33,MATR_b1c0,MATR_b4c26",False,False,0.95
260,MATR_b2c42,465.0,491.4866526999168,29.317614311819298,434.025184536115,548.9481208637187,205.0,231.48665269991682,174.02518453611498,288.9481208637187,26.486652699916817,"MATR_b3c15,MATR_b2c17,MATR_b2c18,MATR_b3c40,MATR_b2c32,MATR_b3c9,MATR_b4c17,MATR_b1c26,MATR_b1c3,MATR_b4c19,MATR_b1c44,MATR_b3c21,MATR_b1c35,MATR_b3c33,MATR_b1c0,MATR_b4c26",False,False,0.95
260,MATR_b2c46,428.0,441.5297699337414,26.68192976277394,389.23414856067717,493.82539130680567,168.0,181.52976993374142,129.23414856067717,233.82539130680567,13.52976993374142,"MATR_b3c15,MATR_b2c17,MATR_b2c18,MATR_b3c40,MATR_b2c32,MATR_b3c9,MATR_b4c17,MATR_b1c26,MATR_b1c3,MATR_b4c19,MATR_b1c44,MATR_b3c21,MATR_b1c35,MATR_b3c33,MATR_b1c0,MATR_b4c26",False,False,0.95
260,MATR_b3c19,1152.0,1625.372375609382,103.31916238967084,1422.870538412782,1827.874212805982,892.0,1365.372375609382,1162.870538412782,1567.874212805982,473.37237560938206,"MATR_b3c15,MATR_b2c17,MATR_b2c18,MATR_b3c40,MATR_b2c32,MATR_b3c9,MATR_b4c17,MATR_b1c26,MATR_b1c3,MATR_b4c19,MATR_b1c44,MATR_b3c21,MATR_b1c35,MATR_b3c33,MATR_b1c0,MATR_b4c26",False,False,0.95
260,MATR_b3c20,811.0,871.5391103300384,73.36195753861945,727.7523157189876,1015.3259049410892,551.0,611.5391103300384,467.7523157189876,755.3259049410892,60.5391103300384,"MATR_b3c15,MATR_b2c17,MATR_b2c18,MATR_b3c40,MATR_b2c32,MATR_b3c9,MATR_b4c17,MATR_b1c26,MATR_b1c3,MATR_b4c19,MATR_b1c44,MATR_b3c21,MATR_b1c35,MATR_b3c33,MATR_b1c0,MATR_b4c26",False,False,0.95
260,MATR_b3c3,1113.0,1300.677501661543,93.47352359909854,1117.472761899255,1483.882241423831,853.0,1040.677501661543,857.4727618992549,1223.882241423831,187.67750166154292,"MATR_b3c15,MATR_b2c17,MATR_b2c18,MATR_b3c40,MATR_b2c32,MATR_b3c9,MATR_b4c17,MATR_b1c26,MATR_b1c3,MATR_b4c19,MATR_b1c44,MATR_b3c21,MATR_b1c35,MATR_b3c33,MATR_b1c0,MATR_b4c26",False,False,0.95
260,MATR_b3c30,933.0,1299.632901504492,83.28194669244775,1136.4032854249099,1462.8625175840743,673.0,1039.632901504492,876.4032854249099,1202.8625175840743,366.6329015044921,"MATR_b3c15,MATR_b2c17,MATR_b2c18,MATR_b3c40,MATR_b2c32,MATR_b3c9,MATR_b4c17,MATR_b1c26,MATR_b1c3,MATR_b4c19,MATR_b1c44,MATR_b3c21,MATR_b1c35,MATR_b3c33,MATR_b1c0,MATR_b4c26",False,False,0.95
260,MATR_b3c44,938.0,1145.9562259948493,80.61261152468651,987.9584107067453,1303.9540412829533,678.0,885.9562259948493,727.9584107067453,1043.9540412829533,207.95622599484932,"MATR_b3c15,MATR_b2c17,MATR_b2c18,MATR_b3c40,MATR_b2c32,MATR_b3c9,MATR_b4c17,MATR_b1c26,MATR_b1c3,MATR_b4c19,MATR_b1c44,MATR_b3c21,MATR_b1c35,MATR_b3c33,MATR_b1c0,MATR_b4c26",False,False,0.95
260,MATR_b3c45,1799.0,1836.7990468093146,140.389543848191,1561.6405970608537,2111.957496557776,1539.0,1576.7990468093146,1301.6405970608537,1851.9574965577758,37.79904680931463,"MATR_b3c15,MATR_b2c17,MATR_b2c18,MATR_b3c40,MATR_b2c32,MATR_b3c9,MATR_b4c17,MATR_b1c26,MATR_b1c3,MATR_b4c19,MATR_b1c44,MATR_b3c21,MATR_b1c35,MATR_b3c33,MATR_b1c0,MATR_b4c26",False,False,0.95
260,MATR_b4c10,872.0,926.554761768113,81.38302529220577,767.0469632424774,1086.0625602937487,612.0,666.554761768113,507.04696324247743,826.0625602937487,54.55476176811305,"MATR_b3c15,MATR_b2c17,MATR_b2c18,MATR_b3c40,MATR_b2c32,MATR_b3c9,MATR_b4c17,MATR_b1c26,MATR_b1c3,MATR_b4c19,MATR_b1c44,MATR_b3c21,MATR_b1c35,MATR_b3c33,MATR_b1c0,MATR_b4c26",False,False,0.95
260,MATR_b4c13,771.0,830.8279374000613,67.57620513895468,698.3810091158196,963.274865684303,511.0,570.8279374000613,438.38100911581955,703.274865684303,59.82793740006127,"MATR_b3c15,MATR_b2c17,MATR_b2c18,MATR_b3c40,MATR_b2c32,MATR_b3c9,MATR_b4c17,MATR_b1c26,MATR_b1c3,MATR_b4c19,MATR_b1c44,MATR_b3c21,MATR_b1c35,MATR_b3c33,MATR_b1c0,MATR_b4c26",False,False,0.95
260,MATR_b4c16,909.0,886.7414113461732,91.37471437251352,707.6502620784123,1065.8325606139342,649.0,626.7414113461732,447.6502620784123,805.8325606139342,22.25858865382679,"MATR_b3c15,MATR_b2c17,MATR_b2c18,MATR_b3c40,MATR_b2c32,MATR_b3c9,MATR_b4c17,MATR_b1c26,MATR_b1c3,MATR_b4c19,MATR_b1c44,MATR_b3c21,MATR_b1c35,MATR_b3c33,MATR_b1c0,MATR_b4c26",False,False,0.95
260,MATR_b4c18,906.0,892.9239738446715,87.81920092017549,720.8015028900409,1065.0464447993022,646.0,632.9239738446715,460.80150289004087,805.0464447993022,13.076026155328464,"MATR_b3c15,MATR_b2c17,MATR_b2c18,MATR_b3c40,MATR_b2c32,MATR_b3c9,MATR_b4c17,MATR_b1c26,MATR_b1c3,MATR_b4c19,MATR_b1c44,MATR_b3c21,MATR_b1c35,MATR_b3c33,MATR_b1c0,MATR_b4c26",False,False,0.95
260,MATR_b4c25,453.0,458.56726100065754,23.57785173856706,412.355520760241,504.77900124107407,193.0,198.56726100065754,152.355520760241,244.77900124107407,5.567261000657538,"MATR_b3c15,MATR_b2c17,MATR_b2c18,MATR_b3c40,MATR_b2c32,MATR_b3c9,MATR_b4c17,MATR_b1c26,MATR_b1c3,MATR_b4c19,MATR_b1c44,MATR_b3c21,MATR_b1c35,MATR_b3c33,MATR_b1c0,MATR_b4c26",False,False,0.95
260,MATR_b4c29,887.0,1300.9033499549448,88.65439067184589,1127.1439371667832,1474.6627627431064,627.0,1040.9033499549448,867.1439371667832,1214.6627627431064,413.9033499549448,"MATR_b3c15,MATR_b2c17,MATR_b2c18,MATR_b3c40,MATR_b2c32,MATR_b3c9,MATR_b4c17,MATR_b1c26,MATR_b1c3,MATR_b4c19,MATR_b1c44,MATR_b3c21,MATR_b1c35,MATR_b3c33,MATR_b1c0,MATR_b4c26",False,False,0.95
260,MATR_b4c33,505.0,496.14168301398206,26.751389336342932,443.70992337834105,548.5734426496231,245.0,236.14168301398206,183.70992337834105,288.5734426496231,8.85831698601794,"MATR_b3c15,MATR_b2c17,MATR_b2c18,MATR_b3c40,MATR_b2c32,MATR_b3c9,MATR_b4c17,MATR_b1c26,MATR_b1c3,MATR_b4c19,MATR_b1c44,MATR_b3c21,MATR_b1c35,MATR_b3c33,MATR_b1c0,MATR_b4c26",False,False,0.95
260,MATR_b4c37,863.0,838.3127471153225,61.86453978553716,717.0604772155244,959.5650170151206,603.0,578.3127471153225,457.06047721552443,699.5650170151206,24.68725288467749,"MATR_b3c15,MATR_b2c17,MATR_b2c18,MATR_b3c40,MATR_b2c32,MATR_b3c9,MATR_b4c17,MATR_b1c26,MATR_b1c3,MATR_b4c19,MATR_b1c44,MATR_b3c21,MATR_b1c35,MATR_b3c33,MATR_b1c0,MATR_b4c26",False,False,0.95
260,MATR_b4c4,656.0,693.9087369018963,47.65945481489608,600.4979219418859,787.3195518619067,396.0,433.9087369018963,340.4979219418859,527.3195518619067,37.908736901896305,"MATR_b3c15,MATR_b2c17,MATR_b2c18,MATR_b3c40,MATR_b2c32,MATR_b3c9,MATR_b4c17,MATR_b1c26,MATR_b1c3,MATR_b4c19,MATR_b1c44,MATR_b3c21,MATR_b1c35,MATR_b3c33,MATR_b1c0,MATR_b4c26",False,False,0.95
260,MATR_b4c9,442.0,497.1909451770895,26.430479286112,445.3881576821781,548.9937326720009,182.0,237.19094517708947,185.38815768217808,288.9937326720009,55.190945177089475,"MATR_b3c15,MATR_b2c17,MATR_b2c18,MATR_b3c40,MATR_b2c32,MATR_b3c9,MATR_b4c17,MATR_b1c26,MATR_b1c3,MATR_b4c19,MATR_b1c44,MATR_b3c21,MATR_b1c35,MATR_b3c33,MATR_b1c0,MATR_b4c26",False,False,0.95
280,MATR_b1c1,2154.0,1762.3038505651596,125.78951358113902,1515.7609343133151,2008.846766817004,1874.0,1482.3038505651596,1235.7609343133151,1728.846766817004,391.69614943484044,"MATR_b2c37,MATR_b4c31,MATR_b1c25,MATR_b4c32,MATR_b2c39,MATR_b3c10,MATR_b3c1,MATR_b4c7,MATR_b1c41,MATR_b3c21,MATR_b1c37,MATR_b1c27,MATR_b1c43,MATR_b3c6,MATR_b2c22,MATR_b3c9",False,False,0.95
280,MATR_b1c20,533.0,533.6124703593404,27.77991204750754,479.16484325253526,588.0600974661455,253.0,253.61247035934036,199.16484325253526,308.0600974661455,0.6124703593403638,"MATR_b2c37,MATR_b4c31,MATR_b1c25,MATR_b4c32,MATR_b2c39,MATR_b3c10,MATR_b3c1,MATR_b4c7,MATR_b1c41,MATR_b3c21,MATR_b1c37,MATR_b1c27,MATR_b1c43,MATR_b3c6,MATR_b2c22,MATR_b3c9",False,False,0.95
280,MATR_b1c21,557.0,536.0061860023748,30.72149326061312,475.7931656602831,596.2192063444664,277.0,256.00618600237476,195.79316566028308,316.21920634446644,20.99381399762524,"MATR_b2c37,MATR_b4c31,MATR_b1c25,MATR_b4c32,MATR_b2c39,MATR_b3c10,MATR_b3c1,MATR_b4c7,MATR_b1c41,MATR_b3c21,MATR_b1c37,MATR_b1c27,MATR_b1c43,MATR_b3c6,MATR_b2c22,MATR_b3c9",False,False,0.95
280,MATR_b1c28,858.0,799.9574693042467,61.960581426972524,678.5169612462192,921.3979773622742,578.0,519.9574693042467,398.51696124621924,641.3979773622742,58.04253069575327,"MATR_b2c37,MATR_b4c31,MATR_b1c25,MATR_b4c32,MATR_b2c39,MATR_b3c10,MATR_b3c1,MATR_b4c7,MATR_b1c41,MATR_b3c21,MATR_b1c37,MATR_b1c27,MATR_b1c43,MATR_b3c6,MATR_b2c22,MATR_b3c9",False,False,0.95
280,MATR_b1c39,622.0,672.0189522313148,46.77027644308849,580.3508948558792,763.6870096067503,342.0,392.01895223131476,300.35089485587923,483.6870096067503,50.018952231314756,"MATR_b2c37,MATR_b4c31,MATR_b1c25,MATR_b4c32,MATR_b2c39,MATR_b3c10,MATR_b3c1,MATR_b4c7,MATR_b1c41,MATR_b3c21,MATR_b1c37,MATR_b1c27,MATR_b1c43,MATR_b3c6,MATR_b2c22,MATR_b3c9",False,False,0.95
280,MATR_b1c7,869.0,964.8366691005392,81.75081440333778,804.6080171631788,1125.0653210378996,589.0,684.8366691005392,524.6080171631788,845.0653210378996,95.83666910053921,"MATR_b2c37,MATR_b4c31,MATR_b1c25,MATR_b4c32,MATR_b2c39,MATR_b3c10,MATR_b3c1,MATR_b4c7,MATR_b1c41,MATR_b3c21,MATR_b1c37,MATR_b1c27,MATR_b1c43,MATR_b3c6,MATR_b2c22,MATR_b3c9",False,False,0.95
280,MATR_b1c9,1052.0,1049.9524849420523,76.83432324960604,899.3599785963158,1200.5449912877887,772.0,769.9524849420523,619.3599785963158,920.5449912877887,2.0475150579477486,"MATR_b2c37,MATR_b4c31,MATR_b1c25,MATR_b4c32,MATR_b2c39,MATR_b3c10,MATR_b3c1,MATR_b4c7,MATR_b1c41,MATR_b3c21,MATR_b1c37,MATR_b1c27,MATR_b1c43,MATR_b3c6,MATR_b2c22,MATR_b3c9",False,False,0.95
280,MATR_b2c10,560.0,631.2501409347924,38.952368553429274,554.9049014575405,707.5953804120443,280.0,351.2501409347924,274.9049014575405,427.5953804120443,71.2501409347924,"MATR_b2c37,MATR_b4c31,MATR_b1c25,MATR_b4c32,MATR_b2c39,MATR_b3c10,MATR_b3c1,MATR_b4c7,MATR_b1c41,MATR_b3c21,MATR_b1c37,MATR_b1c27,MATR_b1c43,MATR_b3c6,MATR_b2c22,MATR_b3c9",False,False,0.95
280,MATR_b2c21,488.0,463.68251764594095,25.069764901727048,414.5466813376696,512.8183539542123,208.0,183.68251764594095,134.5466813376696,232.81835395421228,24.317482354059052,"MATR_b2c37,MATR_b4c31,MATR_b1c25,MATR_b4c32,MATR_b2c39,MATR_b3c10,MATR_b3c1,MATR_b4c7,MATR_b1c41,MATR_b3c21,MATR_b1c37,MATR_b1c27,MATR_b1c43,MATR_b3c6,MATR_b2c22,MATR_b3c9",False,False,0.95
280,MATR_b2c23,526.0,487.04752506633304,26.09220973832916,435.90773370214265,538.1873164305234,246.0,207.04752506633304,155.90773370214265,258.1873164305234,38.95247493366696,"MATR_b2c37,MATR_b4c31,MATR_b1c25,MATR_b4c32,MATR_b2c39,MATR_b3c10,MATR_b3c1,MATR_b4c7,MATR_b1c41,MATR_b3c21,MATR_b1c37,MATR_b1c27,MATR_b1c43,MATR_b3c6,MATR_b2c22,MATR_b3c9",False,False,0.95
280,MATR_b2c25,460.0,465.5410349936936,23.949569021468868,418.60074226635845,512.4813277210287,180.0,185.5410349936936,138.60074226635845,232.48132772102872,5.541034993693586,"MATR_b2c37,MATR_b4c31,MATR_b1c25,MATR_b4c32,MATR_b2c39,MATR_b3c10,MATR_b3c1,MATR_b4c7,MATR_b1c41,MATR_b3c21,MATR_b1c37,MATR_b1c27,MATR_b1c43,MATR_b3c6,MATR_b2c22,MATR_b3c9",False,False,0.95
280,MATR_b2c29,497.0,563.9799144766712,34.6710973082517,496.0258124480142,631.9340165053281,217.0,283.9799144766712,216.02581244801422,351.93401650532815,66.97991447667118,"MATR_b2c37,MATR_b4c31,MATR_b1c25,MATR_b4c32,MATR_b2c39,MATR_b3c10,MATR_b3c1,MATR_b4c7,MATR_b1c41,MATR_b3c21,MATR_b1c37,MATR_b1c27,MATR_b1c43,MATR_b3c6,MATR_b2c22,MATR_b3c9",False,False,0.95
280,MATR_b2c30,480.0,512.5223319609211,27.69091305688802,458.2491396703906,566.7955242514515,200.0,232.52233196092106,178.2491396703906,286.7955242514515,32.522331960921065,"MATR_b2c37,MATR_b4c31,MATR_b1c25,MATR_b4c32,MATR_b2c39,MATR_b3c10,MATR_b3c1,MATR_b4c7,MATR_b1c41,MATR_b3c21,MATR_b1c37,MATR_b1c27,MATR_b1c43,MATR_b3c6,MATR_b2c22,MATR_b3c9",False,False,0.95
280,MATR_b2c36,534.0,619.6232014301138,40.92432373188353,539.4130008239642,699.8334020362634,254.0,339.6232014301138,259.41300082396424,419.83340203626335,85.6232014301138,"MATR_b2c37,MATR_b4c31,MATR_b1c25,MATR_b4c32,MATR_b2c39,MATR_b3c10,MATR_b3c1,MATR_b4c7,MATR_b1c41,MATR_b3c21,MATR_b1c37,MATR_b1c27,MATR_b1c43,MATR_b3c6,MATR_b2c22,MATR_b3c9",False,False,0.95
280,MATR_b2c40,498.0,502.88826191186655,28.384531066307765,447.255603303845,558.520920519888,218.0,222.88826191186655,167.25560330384502,278.520920519888,4.88826191186655,"MATR_b2c37,MATR_b4c31,MATR_b1c25,MATR_b4c32,MATR_b2c39,MATR_b3c10,MATR_b3c1,MATR_b4c7,MATR_b1c41,MATR_b3c21,MATR_b1c37,MATR_b1c27,MATR_b1c43,MATR_b3c6,MATR_b2c22,MATR_b3c9",False,False,0.95
280,MATR_b2c42,465.0,493.4287062895256,29.03818532381018,436.51490887845813,550.3425037005932,185.0,213.42870628952562,156.51490887845813,270.34250370059317,28.42870628952562,"MATR_b2c37,MATR_b4c31,MATR_b1c25,MATR_b4c32,MATR_b2c39,MATR_b3c10,MATR_b3c1,MATR_b4c7,MATR_b1c41,MATR_b3c21,MATR_b1c37,MATR_b1c27,MATR_b1c43,MATR_b3c6,MATR_b2c22,MATR_b3c9",False,False,0.95
280,MATR_b2c46,428.0,443.5962818183686,26.512862976470846,391.6320252574403,495.5605383792969,148.0,163.5962818183686,111.63202525744032,215.56053837929687,15.596281818368595,"MATR_b2c37,MATR_b4c31,MATR_b1c25,MATR_b4c32,MATR_b2c39,MATR_b3c10,MATR_b3c1,MATR_b4c7,MATR_b1c41,MATR_b3c21,MATR_b1c37,MATR_b1c27,MATR_b1c43,MATR_b3c6,MATR_b2c22,MATR_b3c9",False,False,0.95
280,MATR_b3c19,1152.0,1599.9541516549682,104.06685319433711,1395.9868674096504,1803.921435900286,872.0,1319.9541516549682,1115.9868674096504,1523.921435900286,447.9541516549682,"MATR_b2c37,MATR_b4c31,MATR_b1c25,MATR_b4c32,MATR_b2c39,MATR_b3c10,MATR_b3c1,MATR_b4c7,MATR_b1c41,MATR_b3c21,MATR_b1c37,MATR_b1c27,MATR_b1c43,MATR_b3c6,MATR_b2c22,MATR_b3c9",False,False,0.95
280,MATR_b3c20,811.0,880.137498466961,75.6834725211905,731.8006181005009,1028.4743788334213,531.0,600.137498466961,451.80061810050086,748.4743788334213,69.137498466961,"MATR_b2c37,MATR_b4c31,MATR_b1c25,MATR_b4c32,MATR_b2c39,MATR_b3c10,MATR_b3c1,MATR_b4c7,MATR_b1c41,MATR_b3c21,MATR_b1c37,MATR_b1c27,MATR_b1c43,MATR_b3c6,MATR_b2c22,MATR_b3c9",False,False,0.95
280,MATR_b3c3,1113.0,1297.8343686346657,95.4089122467155,1110.8363368269609,1484.8324004423705,833.0,1017.8343686346657,830.8363368269609,1204.8324004423705,184.83436863466568,"MATR_b2c37,MATR_b4c31,MATR_b1c25,MATR_b4c32,MATR_b2c39,MATR_b3c10,MATR_b3c1,MATR_b4c7,MATR_b1c41,MATR_b3c21,MATR_b1c37,MATR_b1c27,MATR_b1c43,MATR_b3c6,MATR_b2c22,MATR_b3c9",False,False,0.95
280,MATR_b3c30,933.0,1285.8388543845012,86.349201343817,1116.5975296568224,1455.08017911218,653.0,1005.8388543845012,836.5975296568224,1175.08017911218,352.83885438450125,"MATR_b2c37,MATR_b4c31,MATR_b1c25,MATR_b4c32,MATR_b2c39,MATR_b3c10,MATR_b3c1,MATR_b4c7,MATR_b1c41,MATR_b3c21,MATR_b1c37,MATR_b1c27,MATR_b1c43,MATR_b3c6,MATR_b2c22,MATR_b3c9",False,False,0.95
280,MATR_b3c44,938.0,1128.4134770715475,82.45817022227112,966.798433204823,1290.028520938272,658.0,848.4134770715475,686.798433204823,1010.0285209382721,190.4134770715475,"MATR_b2c37,MATR_b4c31,MATR_b1c25,MATR_b4c32,MATR_b2c39,MATR_b3c10,MATR_b3c1,MATR_b4c7,MATR_b1c41,MATR_b3c21,MATR_b1c37,MATR_b1c27,MATR_b1c43,MATR_b3c6,MATR_b2c22,MATR_b3c9",False,False,0.95
280,MATR_b3c45,1799.0,1840.1720599912314,140.9178527345226,1563.978143852848,2116.365976129615,1519.0,1560.1720599912314,1283.978143852848,1836.3659761296149,41.172059991231436,"MATR_b2c37,MATR_b4c31,MATR_b1c25,MATR_b4c32,MATR_b2c39,MATR_b3c10,MATR_b3c1,MATR_b4c7,MATR_b1c41,MATR_b3c21,MATR_b1c37,MATR_b1c27,MATR_b1c43,MATR_b3c6,MATR_b2c22,MATR_b3c9",False,False,0.95
280,MATR_b4c10,872.0,923.7497276907307,82.82259232902902,761.4204296195904,1086.0790257618708,592.0,643.7497276907307,481.42042961959044,806.0790257618708,51.74972769073065,"MATR_b2c37,MATR_b4c31,MATR_b1c25,MATR_b4c32,MATR_b2c39,MATR_b3c10,MATR_b3c1,MATR_b4c7,MATR_b1c41,MATR_b3c21,MATR_b1c37,MATR_b1c27,MATR_b1c43,MATR_b3c6,MATR_b2c22,MATR_b3c9",False,False,0.95
280,MATR_b4c13,771.0,815.0523585641752,67.35122881335225,683.0463757754884,947.0583413528619,491.0,535.0523585641752,403.0463757754884,667.0583413528619,44.052358564175165,"MATR_b2c37,MATR_b4c31,MATR_b1c25,MATR_b4c32,MATR_b2c39,MATR_b3c10,MATR_b3c1,MATR_b4c7,MATR_b1c41,MATR_b3c21,MATR_b1c37,MATR_b1c27,MATR_b1c43,MATR_b3c6,MATR_b2c22,MATR_b3c9",False,False,0.95
280,MATR_b4c16,909.0,894.3248807646044,92.40075283878416,713.2227330562002,1075.4270284730085,629.0,614.3248807646044,433.22273305620024,795.4270284730085,14.675119235395641,"MATR_b2c37,MATR_b4c31,MATR_b1c25,MATR_b4c32,MATR_b2c39,MATR_b3c10,MATR_b3c1,MATR_b4c7,MATR_b1c41,MATR_b3c21,MATR_b1c37,MATR_b1c27,MATR_b1c43,MATR_b3c6,MATR_b2c22,MATR_b3c9",False,False,0.95
280,MATR_b4c18,906.0,923.2933604645259,87.79853269332519,751.2113984901462,1095.3753224389056,626.0,643.2933604645259,471.21139849014617,815.3753224389056,17.293360464525904,"MATR_b2c37,MATR_b4c31,MATR_b1c25,MATR_b4c32,MATR_b2c39,MATR_b3c10,MATR_b3c1,MATR_b4c7,MATR_b1c41,MATR_b3c21,MATR_b1c37,MATR_b1c27,MATR_b1c43,MATR_b3c6,MATR_b2c22,MATR_b3c9",False,False,0.95
280,MATR_b4c25,453.0,460.5977545718263,23.3938384745135,414.7466737016324,506.44883544202014,173.0,180.59775457182627,134.7466737016324,226.44883544202014,7.597754571826272,"MATR_b2c37,MATR_b4c31,MATR_b1c25,MATR_b4c32,MATR_b2c39,MATR_b3c10,MATR_b3c1,MATR_b4c7,MATR_b1c41,MATR_b3c21,MATR_b1c37,MATR_b1c27,MATR_b1c43,MATR_b3c6,MATR_b2c22,MATR_b3c9",False,False,0.95
280,MATR_b4c29,887.0,1315.5337609614648,90.53701231757935,1138.08447755115,1492.9830443717797,607.0,1035.5337609614648,858.08447755115,1212.9830443717797,428.53376096146485,"MATR_b2c37,MATR_b4c31,MATR_b1c25,MATR_b4c32,MATR_b2c39,MATR_b3c10,MATR_b3c1,MATR_b4c7,MATR_b1c41,MATR_b3c21,MATR_b1c37,MATR_b1c27,MATR_b1c43,MATR_b3c6,MATR_b2c22,MATR_b3c9",False,False,0.95
280,MATR_b4c33,505.0,503.64854876622985,26.96184653475008,450.8043006014236,556.4927969310361,225.0,223.64854876622985,170.80430060142362,276.4927969310361,1.351451233770149,"MATR_b2c37,MATR_b4c31,MATR_b1c25,MATR_b4c32,MATR_b2c39,MATR_b3c10,MATR_b3c1,MATR_b4c7,MATR_b1c41,MATR_b3c21,MATR_b1c37,MATR_b1c27,MATR_b1c43,MATR_b3c6,MATR_b2c22,MATR_b3c9",False,False,0.95
280,MATR_b4c37,863.0,840.0270919257791,62.7884803191713,716.9639318562014,963.0902519953569,583.0,560.0270919257791,436.9639318562014,683.0902519953569,22.972908074220868,"MATR_b2c37,MATR_b4c31,MATR_b1c25,MATR_b4c32,MATR_b2c39,MATR_b3c10,MATR_b3c1,MATR_b4c7,MATR_b1c41,MATR_b3c21,MATR_b1c37,MATR_b1c27,MATR_b1c43,MATR_b3c6,MATR_b2c22,MATR_b3c9",False,False,0.95
280,MATR_b4c4,656.0,689.7850803114775,47.026367342445525,597.6150939965337,781.9550666264213,376.0,409.7850803114775,317.6150939965337,501.9550666264213,33.785080311477486,"MATR_b2c37,MATR_b4c31,MATR_b1c25,MATR_b4c32,MATR_b2c39,MATR_b3c10,MATR_b3c1,MATR_b4c7,MATR_b1c41,MATR_b3c21,MATR_b1c37,MATR_b1c27,MATR_b1c43,MATR_b3c6,MATR_b2c22,MATR_b3c9",False,False,0.95
280,MATR_b4c9,442.0,501.587562222114,26.39430773078782,449.85566967290276,553.3194547713252,162.0,221.587562222114,169.85566967290276,273.31945477132524,59.587562222114,"MATR_b2c37,MATR_b4c31,MATR_b1c25,MATR_b4c32,MATR_b2c39,MATR_b3c10,MATR_b3c1,MATR_b4c7,MATR_b1c41,MATR_b3c21,MATR_b1c37,MATR_b1c27,MATR_b1c43,MATR_b3c6,MATR_b2c22,MATR_b3c9",False,False,0.95
300,MATR_b1c1,2154.0,1779.970367115916,128.41580289297892,1528.280018399883,2031.660715831949,1854.0,1479.970367115916,1228.280018399883,1731.660715831949,374.0296328840841,"MATR_b1c26,MATR_b1c37,MATR_b4c14,MATR_b3c14,MATR_b2c32,MATR_b3c35,MATR_b3c27,MATR_b4c12,MATR_b4c19,MATR_b3c21,MATR_b2c28,MATR_b3c10,MATR_b3c4,MATR_b2c37,MATR_b1c38,MATR_b2c26",False,False,0.95
300,MATR_b1c20,533.0,535.2498014197477,28.29213053793594,479.7982445194874,590.7013583200079,233.0,235.24980141974766,179.7982445194874,290.7013583200079,2.249801419747655,"MATR_b1c26,MATR_b1c37,MATR_b4c14,MATR_b3c14,MATR_b2c32,MATR_b3c35,MATR_b3c27,MATR_b4c12,MATR_b4c19,MATR_b3c21,MATR_b2c28,MATR_b3c10,MATR_b3c4,MATR_b2c37,MATR_b1c38,MATR_b2c26",False,False,0.95
300,MATR_b1c21,557.0,546.7554424335128,31.870172702874594,484.2910517548071,609.2198331122186,257.0,246.75544243351283,184.29105175480709,309.21983311221857,10.244557566487174,"MATR_b1c26,MATR_b1c37,MATR_b4c14,MATR_b3c14,MATR_b2c32,MATR_b3c35,MATR_b3c27,MATR_b4c12,MATR_b4c19,MATR_b3c21,MATR_b2c28,MATR_b3c10,MATR_b3c4,MATR_b2c37,MATR_b1c38,MATR_b2c26",False,False,0.95
300,MATR_b1c28,858.0,802.1871443862576,63.78736260016305,677.1662110211408,927.2080777513744,558.0,502.1871443862576,377.16621102114084,627.2080777513744,55.812855613742386,"MATR_b1c26,MATR_b1c37,MATR_b4c14,MATR_b3c14,MATR_b2c32,MATR_b3c35,MATR_b3c27,MATR_b4c12,MATR_b4c19,MATR_b3c21,MATR_b2c28,MATR_b3c10,MATR_b3c4,MATR_b2c37,MATR_b1c38,MATR_b2c26",False,False,0.95
300,MATR_b1c39,622.0,680.207023401857,48.3805937684019,585.3828020651263,775.0312447385877,322.0,380.207023401857,285.38280206512627,475.0312447385877,58.207023401856986,"MATR_b1c26,MATR_b1c37,MATR_b4c14,MATR_b3c14,MATR_b2c32,MATR_b3c35,MATR_b3c27,MATR_b4c12,MATR_b4c19,MATR_b3c21,MATR_b2c28,MATR_b3c10,MATR_b3c4,MATR_b2c37,MATR_b1c38,MATR_b2c26",False,False,0.95
300,MATR_b1c7,869.0,949.0903810443717,83.8187939565383,784.8085636619732,1113.3721984267704,569.0,649.0903810443717,484.80856366197315,813.3721984267704,80.09038104437172,"MATR_b1c26,MATR_b1c37,MATR_b4c14,MATR_b3c14,MATR_b2c32,MATR_b3c35,MATR_b3c27,MATR_b4c12,MATR_b4c19,MATR_b3c21,MATR_b2c28,MATR_b3c10,MATR_b3c4,MATR_b2c37,MATR_b1c38,MATR_b2c26",False,False,0.95
300,MATR_b1c9,1052.0,1053.1632257798258,80.34196480641987,895.6958683120583,1210.6305832475932,752.0,753.1632257798258,595.6958683120583,910.6305832475932,1.1632257798257797,"MATR_b1c26,MATR_b1c37,MATR_b4c14,MATR_b3c14,MATR_b2c32,MATR_b3c35,MATR_b3c27,MATR_b4c12,MATR_b4c19,MATR_b3c21,MATR_b2c28,MATR_b3c10,MATR_b3c4,MATR_b2c37,MATR_b1c38,MATR_b2c26",False,False,0.95
300,MATR_b2c10,560.0,636.3164292497938,40.05893454098072,557.8023602904241,714.8304982091636,260.0,336.3164292497938,257.8023602904241,414.8304982091636,76.31642924979383,"MATR_b1c26,MATR_b1c37,MATR_b4c14,MATR_b3c14,MATR_b2c32,MATR_b3c35,MATR_b3c27,MATR_b4c12,MATR_b4c19,MATR_b3c21,MATR_b2c28,MATR_b3c10,MATR_b3c4,MATR_b2c37,MATR_b1c38,MATR_b2c26",False,False,0.95
300,MATR_b2c21,488.0,468.3771232114188,25.657253206605915,418.0898309842464,518.6644154385912,188.0,168.3771232114188,118.08983098424642,218.66441543859116,19.62287678858121,"MATR_b1c26,MATR_b1c37,MATR_b4c14,MATR_b3c14,MATR_b2c32,MATR_b3c35,MATR_b3c27,MATR_b4c12,MATR_b4c19,MATR_b3c21,MATR_b2c28,MATR_b3c10,MATR_b3c4,MATR_b2c37,MATR_b1c38,MATR_b2c26",False,False,0.95
300,MATR_b2c23,526.0,495.22230088626975,27.022258363231717,442.2596477133993,548.1849540591402,226.0,195.22230088626975,142.25964771339932,248.18495405914018,30.77769911373025,"MATR_b1c26,MATR_b1c37,MATR_b4c14,MATR_b3c14,MATR_b2c32,MATR_b3c35,MATR_b3c27,MATR_b4c12,MATR_b4c19,MATR_b3c21,MATR_b2c28,MATR_b3c10,MATR_b3c4,MATR_b2c37,MATR_b1c38,MATR_b2c26",False,False,0.95
300,MATR_b2c25,460.0,466.0589665998773,24.404105978629246,418.2277978068654,513.8901353928892,160.0,166.0589665998773,118.2277978068654,213.8901353928892,6.058966599877294,"MATR_b1c26,MATR_b1c37,MATR_b4c14,MATR_b3c14,MATR_b2c32,MATR_b3c35,MATR_b3c27,MATR_b4c12,MATR_b4c19,MATR_b3c21,MATR_b2c28,MATR_b3c10,MATR_b3c4,MATR_b2c37,MATR_b1c38,MATR_b2c26",False,False,0.95
300,MATR_b2c29,497.0,567.4145870053569,35.29265926572934,498.2422459258836,636.5869280848302,197.0,267.4145870053569,198.2422459258836,336.5869280848302,70.4145870053569,"MATR_b1c26,MATR_b1c37,MATR_b4c14,MATR_b3c14,MATR_b2c32,MATR_b3c35,MATR_b3c27,MATR_b4c12,MATR_b4c19,MATR_b3c21,MATR_b2c28,MATR_b3c10,MATR_b3c4,MATR_b2c37,MATR_b1c38,MATR_b2c26",False,False,0.95
300,MATR_b2c30,480.0,520.7764827506413,28.65436409185067,464.61496113071627,576.9380043705664,180.0,220.77648275064132,164.61496113071627,276.93800437056643,40.77648275064132,"MATR_b1c26,MATR_b1c37,MATR_b4c14,MATR_b3c14,MATR_b2c32,MATR_b3c35,MATR_b3c27,MATR_b4c12,MATR_b4c19,MATR_b3c21,MATR_b2c28,MATR_b3c10,MATR_b3c4,MATR_b2c37,MATR_b1c38,MATR_b2c26",False,False,0.95
300,MATR_b2c36,534.0,623.0388115340352,41.76394670597985,541.1829801380645,704.8946429300058,234.0,323.0388115340352,241.18298013806452,404.89464293000583,89.03881153403518,"MATR_b1c26,MATR_b1c37,MATR_b4c14,MATR_b3c14,MATR_b2c32,MATR_b3c35,MATR_b3c27,MATR_b4c12,MATR_b4c19,MATR_b3c21,MATR_b2c28,MATR_b3c10,MATR_b3c4,MATR_b2c37,MATR_b1c38,MATR_b2c26",False,False,0.95
300,MATR_b2c40,498.0,511.57029852412444,29.306352113855127,454.13090386271915,569.0096931855297,198.0,211.57029852412444,154.13090386271915,269.0096931855297,13.57029852412444,"MATR_b1c26,MATR_b1c37,MATR_b4c14,MATR_b3c14,MATR_b2c32,MATR_b3c35,MATR_b3c27,MATR_b4c12,MATR_b4c19,MATR_b3c21,MATR_b2c28,MATR_b3c10,MATR_b3c4,MATR_b2c37,MATR_b1c38,MATR_b2c26",False,False,0.95
300,MATR_b2c42,465.0,498.5013487461151,29.750334807304352,440.1917639957902,556.81093349644,165.0,198.50134874611513,140.1917639957902,256.81093349644004,33.50134874611513,"MATR_b1c26,MATR_b1c37,MATR_b4c14,MATR_b3c14,MATR_b2c32,MATR_b3c35,MATR_b3c27,MATR_b4c12,MATR_b4c19,MATR_b3c21,MATR_b2c28,MATR_b3c10,MATR_b3c4,MATR_b2c37,MATR_b1c38,MATR_b2c26",False,False,0.95
300,MATR_b2c46,428.0,447.122001598668,27.169018745556333,393.871703362084,500.372299835252,128.0,147.12200159866802,93.87170336208402,200.37229983525202,19.12200159866802,"MATR_b1c26,MATR_b1c37,MATR_b4c14,MATR_b3c14,MATR_b2c32,MATR_b3c35,MATR_b3c27,MATR_b4c12,MATR_b4c19,MATR_b3c21,MATR_b2c28,MATR_b3c10,MATR_b3c4,MATR_b2c37,MATR_b1c38,MATR_b2c26",False,False,0.95
300,MATR_b3c19,1152.0,1526.3825160772872,105.15834967897827,1320.2759380328207,1732.4890941217536,852.0,1226.3825160772872,1020.2759380328207,1432.4890941217536,374.38251607728716,"MATR_b1c26,MATR_b1c37,MATR_b4c14,MATR_b3c14,MATR_b2c32,MATR_b3c35,MATR_b3c27,MATR_b4c12,MATR_b4c19,MATR_b3c21,MATR_b2c28,MATR_b3c10,MATR_b3c4,MATR_b2c37,MATR_b1c38,MATR_b2c26",False,False,0.95
300,MATR_b3c20,811.0,874.6638544227594,78.8411182899878,720.1381020735212,1029.1896067719977,511.0,574.6638544227594,420.13810207352117,729.1896067719977,63.663854422759414,"MATR_b1c26,MATR_b1c37,MATR_b4c14,MATR_b3c14,MATR_b2c32,MATR_b3c35,MATR_b3c27,MATR_b4c12,MATR_b4c19,MATR_b3c21,MATR_b2c28,MATR_b3c10,MATR_b3c4,MATR_b2c37,MATR_b1c38,MATR_b2c26",False,False,0.95
300,MATR_b3c3,1113.0,1292.7711192569454,99.4449835566846,1097.8625330426657,1487.6797054712251,813.0,992.7711192569454,797.8625330426657,1187.6797054712251,179.77111925694544,"MATR_b1c26,MATR_b1c37,MATR_b4c14,MATR_b3c14,MATR_b2c32,MATR_b3c35,MATR_b3c27,MATR_b4c12,MATR_b4c19,MATR_b3c21,MATR_b2c28,MATR_b3c10,MATR_b3c4,MATR_b2c37,MATR_b1c38,MATR_b2c26",False,False,0.95
300,MATR_b3c30,933.0,1224.4761838676143,89.79364681853214,1048.4838700627818,1400.4684976724468,633.0,924.4761838676143,748.4838700627818,1100.4684976724468,291.4761838676143,"MATR_b1c26,MATR_b1c37,MATR_b4c14,MATR_b3c14,MATR_b2c32,MATR_b3c35,MATR_b3c27,MATR_b4c12,MATR_b4c19,MATR_b3c21,MATR_b2c28,MATR_b3c10,MATR_b3c4,MATR_b2c37,MATR_b1c38,MATR_b2c26",False,False,0.95
300,MATR_b3c44,938.0,1085.793452236761,84.72659876921037,919.7323701165329,1251.8545343569888,638.0,785.7934522367609,619.7323701165329,951.8545343569888,147.7934522367609,"MATR_b1c26,MATR_b1c37,MATR_b4c14,MATR_b3c14,MATR_b2c32,MATR_b3c35,MATR_b3c27,MATR_b4c12,MATR_b4c19,MATR_b3c21,MATR_b2c28,MATR_b3c10,MATR_b3c4,MATR_b2c37,MATR_b1c38,MATR_b2c26",False,False,0.95
300,MATR_b3c45,1799.0,1846.620201434746,143.07536007069626,1566.1976486210813,2127.042754248411,1499.0,1546.620201434746,1266.1976486210813,1827.0427542484108,47.62020143474592,"MATR_b1c26,MATR_b1c37,MATR_b4c14,MATR_b3c14,MATR_b2c32,MATR_b3c35,MATR_b3c27,MATR_b4c12,MATR_b4c19,MATR_b3c21,MATR_b2c28,MATR_b3c10,MATR_b3c4,MATR_b2c37,MATR_b1c38,MATR_b2c26",False,False,0.95
300,MATR_b4c10,872.0,914.6799244080544,85.48710145718736,747.1282844092456,1082.231564406863,572.0,614.6799244080544,447.12828440924557,782.2315644068631,42.679924408054376,"MATR_b1c26,MATR_b1c37,MATR_b4c14,MATR_b3c14,MATR_b2c32,MATR_b3c35,MATR_b3c27,MATR_b4c12,MATR_b4c19,MATR_b3c21,MATR_b2c28,MATR_b3c10,MATR_b3c4,MATR_b2c37,MATR_b1c38,MATR_b2c26",False,False,0.95
300,MATR_b4c13,771.0,801.5055342799375,68.59151667462318,667.0686319526975,935.9424366071775,471.0,501.5055342799375,367.0686319526975,635.9424366071775,30.50553427993748,"MATR_b1c26,MATR_b1c37,MATR_b4c14,MATR_b3c14,MATR_b2c32,MATR_b3c35,MATR_b3c27,MATR_b4c12,MATR_b4c19,MATR_b3c21,MATR_b2c28,MATR_b3c10,MATR_b3c4,MATR_b2c37,MATR_b1c38,MATR_b2c26",False,False,0.95
300,MATR_b4c16,909.0,903.1741797941545,94.75116362556072,717.4653115947939,1088.883047993515,609.0,603.1741797941545,417.4653115947939,788.883047993515,5.825820205845503,"MATR_b1c26,MATR_b1c37,MATR_b4c14,MATR_b3c14,MATR_b2c32,MATR_b3c35,MATR_b3c27,MATR_b4c12,MATR_b4c19,MATR_b3c21,MATR_b2c28,MATR_b3c10,MATR_b3c4,MATR_b2c37,MATR_b1c38,MATR_b2c26",False,False,0.95
300,MATR_b4c18,906.0,966.0784548470893,89.76867055275187,790.1350936236545,1142.0218160705242,606.0,666.0784548470893,490.1350936236545,842.0218160705242,60.07845484708935,"MATR_b1c26,MATR_b1c37,MATR_b4c14,MATR_b3c14,MATR_b2c32,MATR_b3c35,MATR_b3c27,MATR_b4c12,MATR_b4c19,MATR_b3c21,MATR_b2c28,MATR_b3c10,MATR_b3c4,MATR_b2c37,MATR_b1c38,MATR_b2c26",False,False,0.95
300,MATR_b4c25,453.0,463.6021584748788,23.825397785156714,416.9052368986313,510.29908005112634,153.0,163.60215847487882,116.9052368986313,210.29908005112634,10.60215847487882,"MATR_b1c26,MATR_b1c37,MATR_b4c14,MATR_b3c14,MATR_b2c32,MATR_b3c35,MATR_b3c27,MATR_b4c12,MATR_b4c19,MATR_b3c21,MATR_b2c28,MATR_b3c10,MATR_b3c4,MATR_b2c37,MATR_b1c38,MATR_b2c26",False,False,0.95
300,MATR_b4c29,887.0,1298.6947677524192,94.33017584531775,1113.8110204402662,1483.5785150645722,587.0,998.6947677524192,813.8110204402662,1183.5785150645722,411.69476775241924,"MATR_b1c26,MATR_b1c37,MATR_b4c14,MATR_b3c14,MATR_b2c32,MATR_b3c35,MATR_b3c27,MATR_b4c12,MATR_b4c19,MATR_b3c21,MATR_b2c28,MATR_b3c10,MATR_b3c4,MATR_b2c37,MATR_b1c38,MATR_b2c26",False,False,0.95
300,MATR_b4c33,505.0,512.0886617975356,27.953841565127863,457.3001391003462,566.8771844947249,205.0,212.08866179753556,157.3001391003462,266.87718449472493,7.088661797535565,"MATR_b1c26,MATR_b1c37,MATR_b4c14,MATR_b3c14,MATR_b2c32,MATR_b3c35,MATR_b3c27,MATR_b4c12,MATR_b4c19,MATR_b3c21,MATR_b2c28,MATR_b3c10,MATR_b3c4,MATR_b2c37,MATR_b1c38,MATR_b2c26",False,False,0.95
300,MATR_b4c37,863.0,845.7812635510836,65.20601967648862,717.9798134099558,973.5827136922114,563.0,545.7812635510836,417.9798134099558,673.5827136922114,17.21873644891639,"MATR_b1c26,MATR_b1c37,MATR_b4c14,MATR_b3c14,MATR_b2c32,MATR_b3c35,MATR_b3c27,MATR_b4c12,MATR_b4c19,MATR_b3c21,MATR_b2c28,MATR_b3c10,MATR_b3c4,MATR_b2c37,MATR_b1c38,MATR_b2c26",False,False,0.95
300,MATR_b4c4,656.0,694.169446640587,48.51090547102453,599.0898190599519,789.2490742212221,356.0,394.169446640587,299.0898190599519,489.24907422122214,38.16944664058701,"MATR_b1c26,MATR_b1c37,MATR_b4c14,MATR_b3c14,MATR_b2c32,MATR_b3c35,MATR_b3c27,MATR_b4c12,MATR_b4c19,MATR_b3c21,MATR_b2c28,MATR_b3c10,MATR_b3c4,MATR_b2c37,MATR_b1c38,MATR_b2c26",False,False,0.95
300,MATR_b4c9,442.0,504.4147062948864,26.981875894103762,451.5312013071136,557.2982112826593,142.0,204.4147062948864,151.53120130711358,257.2982112826593,62.4147062948864,"MATR_b1c26,MATR_b1c37,MATR_b4c14,MATR_b3c14,MATR_b2c32,MATR_b3c35,MATR_b3c27,MATR_b4c12,MATR_b4c19,MATR_b3c21,MATR_b2c28,MATR_b3c10,MATR_b3c4,MATR_b2c37,MATR_b1c38,MATR_b2c26",False,False,0.95
320,MATR_b1c1,2154.0,1777.6649878543071,132.29289116307817,1518.375685763997,2036.9542899446174,1834.0,1457.6649878543071,1198.375685763997,1716.9542899446174,376.3350121456929,"MATR_b2c37,MATR_b4c12,MATR_b4c17,MATR_b3c27,MATR_b4c22,MATR_b3c29,MATR_b2c27,MATR_b3c38,MATR_b4c3,MATR_b1c42,MATR_b1c0,MATR_b3c25,MATR_b1c31,MATR_b3c16,MATR_b1c40,MATR_b4c30",False,False,0.95
320,MATR_b1c20,533.0,526.8147993284149,27.964486478956783,472.0054129835023,581.6241856733275,213.0,206.8147993284149,152.0054129835023,261.6241856733275,6.185200671585108,"MATR_b2c37,MATR_b4c12,MATR_b4c17,MATR_b3c27,MATR_b4c22,MATR_b3c29,MATR_b2c27,MATR_b3c38,MATR_b4c3,MATR_b1c42,MATR_b1c0,MATR_b3c25,MATR_b1c31,MATR_b3c16,MATR_b1c40,MATR_b4c30",False,False,0.95
320,MATR_b1c21,557.0,546.7726745892326,32.17896153735873,483.7030689161098,609.8422802623553,237.0,226.77267458923257,163.70306891610983,289.8422802623553,10.227325410767435,"MATR_b2c37,MATR_b4c12,MATR_b4c17,MATR_b3c27,MATR_b4c22,MATR_b3c29,MATR_b2c27,MATR_b3c38,MATR_b4c3,MATR_b1c42,MATR_b1c0,MATR_b3c25,MATR_b1c31,MATR_b3c16,MATR_b1c40,MATR_b4c30",False,False,0.95
320,MATR_b1c28,858.0,795.1349770532614,65.6600343163038,666.443674569642,923.8262795368809,538.0,475.1349770532614,346.443674569642,603.8262795368809,62.86502294673858,"MATR_b2c37,MATR_b4c12,MATR_b4c17,MATR_b3c27,MATR_b4c22,MATR_b3c29,MATR_b2c27,MATR_b3c38,MATR_b4c3,MATR_b1c42,MATR_b1c0,MATR_b3c25,MATR_b1c31,MATR_b3c16,MATR_b1c40,MATR_b4c30",False,False,0.95
320,MATR_b1c39,622.0,671.2604352125841,48.60231532310936,576.0016476140305,766.5192228111376,302.0,351.26043521258407,256.0016476140305,446.51922281113764,49.26043521258407,"MATR_b2c37,MATR_b4c12,MATR_b4c17,MATR_b3c27,MATR_b4c22,MATR_b3c29,MATR_b2c27,MATR_b3c38,MATR_b4c3,MATR_b1c42,MATR_b1c0,MATR_b3c25,MATR_b1c31,MATR_b3c16,MATR_b1c40,MATR_b4c30",False,False,0.95
320,MATR_b1c7,869.0,925.0881550961624,87.60843507970071,753.3787775980336,1096.7975325942912,549.0,605.0881550961624,433.3787775980336,776.7975325942912,56.08815509616238,"MATR_b2c37,MATR_b4c12,MATR_b4c17,MATR_b3c27,MATR_b4c22,MATR_b3c29,MATR_b2c27,MATR_b3c38,MATR_b4c3,MATR_b1c42,MATR_b1c0,MATR_b3c25,MATR_b1c31,MATR_b3c16,MATR_b1c40,MATR_b4c30",False,False,0.95
320,MATR_b1c9,1052.0,1033.211013993032,85.71354545136312,865.2155519211235,1201.2064760649407,732.0,713.2110139930321,545.2155519211235,881.2064760649407,18.78898600696789,"MATR_b2c37,MATR_b4c12,MATR_b4c17,MATR_b3c27,MATR_b4c22,MATR_b3c29,MATR_b2c27,MATR_b3c38,MATR_b4c3,MATR_b1c42,MATR_b1c0,MATR_b3c25,MATR_b1c31,MATR_b3c16,MATR_b1c40,MATR_b4c30",False,False,0.95
320,MATR_b2c10,560.0,631.8737274115668,40.284148283558245,552.9182476279217,710.829207195212,240.0,311.87372741156685,232.9182476279217,390.829207195212,71.87372741156685,"MATR_b2c37,MATR_b4c12,MATR_b4c17,MATR_b3c27,MATR_b4c22,MATR_b3c29,MATR_b2c27,MATR_b3c38,MATR_b4c3,MATR_b1c42,MATR_b1c0,MATR_b3c25,MATR_b1c31,MATR_b3c16,MATR_b1c40,MATR_b4c30",False,False,0.95
320,MATR_b2c21,488.0,461.7097638831159,25.626041507725137,411.4836454616461,511.9358823045857,168.0,141.7097638831159,91.48364546164612,191.93588230458568,26.290236116884103,"MATR_b2c37,MATR_b4c12,MATR_b4c17,MATR_b3c27,MATR_b4c22,MATR_b3c29,MATR_b2c27,MATR_b3c38,MATR_b4c3,MATR_b1c42,MATR_b1c0,MATR_b3c25,MATR_b1c31,MATR_b3c16,MATR_b1c40,MATR_b4c30",False,False,0.95
320,MATR_b2c23,526.0,492.3042649620855,27.2777902535292,438.84077848733057,545.7677514368404,206.0,172.30426496208548,118.84077848733057,225.7677514368404,33.69573503791452,"MATR_b2c37,MATR_b4c12,MATR_b4c17,MATR_b3c27,MATR_b4c22,MATR_b3c29,MATR_b2c27,MATR_b3c38,MATR_b4c3,MATR_b1c42,MATR_b1c0,MATR_b3c25,MATR_b1c31,MATR_b3c16,MATR_b1c40,MATR_b4c30",False,False,0.95
320,MATR_b2c25,460.0,456.4126890016305,24.31910206819978,408.7481248116054,504.0772531916556,140.0,136.4126890016305,88.74812481160541,184.0772531916556,3.587310998369503,"MATR_b2c37,MATR_b4c12,MATR_b4c17,MATR_b3c27,MATR_b4c22,MATR_b3c29,MATR_b2c27,MATR_b3c38,MATR_b4c3,MATR_b1c42,MATR_b1c0,MATR_b3c25,MATR_b1c31,MATR_b3c16,MATR_b1c40,MATR_b4c30",False,False,0.95
320,MATR_b2c29,497.0,558.8973091404721,35.147515477171524,490.00944465915177,627.7851736217924,177.0,238.8973091404721,170.00944465915177,307.7851736217924,61.89730914047209,"MATR_b2c37,MATR_b4c12,MATR_b4c17,MATR_b3c27,MATR_b4c22,MATR_b3c29,MATR_b2c27,MATR_b3c38,MATR_b4c3,MATR_b1c42,MATR_b1c0,MATR_b3c25,MATR_b1c31,MATR_b3c16,MATR_b1c40,MATR_b4c30",False,False,0.95
320,MATR_b2c30,480.0,517.2857970825216,28.798972613046445,460.84084796919524,573.730746195848,160.0,197.28579708252164,140.84084796919524,253.73074619584804,37.28579708252164,"MATR_b2c37,MATR_b4c12,MATR_b4c17,MATR_b3c27,MATR_b4c22,MATR_b3c29,MATR_b2c27,MATR_b3c38,MATR_b4c3,MATR_b1c42,MATR_b1c0,MATR_b3c25,MATR_b1c31,MATR_b3c16,MATR_b1c40,MATR_b4c30",False,False,0.95
320,MATR_b2c36,534.0,611.381137322762,41.44097328640171,530.1583221971282,692.6039524483958,214.0,291.381137322762,210.1583221971282,372.60395244839583,77.38113732276202,"MATR_b2c37,MATR_b4c12,MATR_b4c17,MATR_b3c27,MATR_b4c22,MATR_b3c29,MATR_b2c27,MATR_b3c38,MATR_b4c3,MATR_b1c42,MATR_b1c0,MATR_b3c25,MATR_b1c31,MATR_b3c16,MATR_b1c40,MATR_b4c30",False,False,0.95
320,MATR_b2c40,498.0,506.9352803027238,29.301828241311448,449.50475226857475,564.3658083368729,178.0,186.9352803027238,129.50475226857475,244.36580833687287,8.935280302723811,"MATR_b2c37,MATR_b4c12,MATR_b4c17,MATR_b3c27,MATR_b4c22,MATR_b3c29,MATR_b2c27,MATR_b3c38,MATR_b4c3,MATR_b1c42,MATR_b1c0,MATR_b3c25,MATR_b1c31,MATR_b3c16,MATR_b1c40,MATR_b4c30",False,False,0.95
320,MATR_b2c42,465.0,492.2228007229211,29.78259761588397,433.84998202974003,550.5956194161022,145.0,172.22280072292108,113.84998202974003,230.59561941610218,27.22280072292108,"MATR_b2c37,MATR_b4c12,MATR_b4c17,MATR_b3c27,MATR_b4c22,MATR_b3c29,MATR_b2c27,MATR_b3c38,MATR_b4c3,MATR_b1c42,MATR_b1c0,MATR_b3c25,MATR_b1c31,MATR_b3c16,MATR_b1c40,MATR_b4c30",False,False,0.95
320,MATR_b2c46,428.0,441.4100427115358,27.377727691692307,387.750682457274,495.0694029657976,108.0,121.41004271153582,67.75068245727402,175.06940296579762,13.410042711535823,"MATR_b2c37,MATR_b4c12,MATR_b4c17,MATR_b3c27,MATR_b4c22,MATR_b3c29,MATR_b2c27,MATR_b3c38,MATR_b4c3,MATR_b1c42,MATR_b1c0,MATR_b3c25,MATR_b1c31,MATR_b3c16,MATR_b1c40,MATR_b4c30",False,False,0.95
320,MATR_b3c19,1152.0,1373.1962145380278,108.79742527320609,1159.957179391856,1586.4352496841996,832.0,1053.1962145380278,839.957179391856,1266.4352496841996,221.1962145380278,"MATR_b2c37,MATR_b4c12,MATR_b4c17,MATR_b3c27,MATR_b4c22,MATR_b3c29,MATR_b2c27,MATR_b3c38,MATR_b4c3,MATR_b1c42,MATR_b1c0,MATR_b3c25,MATR_b1c31,MATR_b3c16,MATR_b1c40,MATR_b4c30",False,False,0.95
320,MATR_b3c20,811.0,848.6499728611873,81.5958804020614,688.7249859863093,1008.5749597360652,491.0,528.6499728611873,368.7249859863093,688.5749597360652,37.64997286118728,"MATR_b2c37,MATR_b4c12,MATR_b4c17,MATR_b3c27,MATR_b4c22,MATR_b3c29,MATR_b2c27,MATR_b3c38,MATR_b4c3,MATR_b1c42,MATR_b1c0,MATR_b3c25,MATR_b1c31,MATR_b3c16,MATR_b1c40,MATR_b4c30",False,False,0.95
320,MATR_b3c3,1113.0,1343.0507509757408,109.35285149476611,1128.7231004392422,1557.3784015122394,793.0,1023.0507509757408,808.7231004392422,1237.3784015122394,230.0507509757408,"MATR_b2c37,MATR_b4c12,MATR_b4c17,MATR_b3c27,MATR_b4c22,MATR_b3c29,MATR_b2c27,MATR_b3c38,MATR_b4c3,MATR_b1c42,MATR_b1c0,MATR_b3c25,MATR_b1c31,MATR_b3c16,MATR_b1c40,MATR_b4c30",False,False,0.95
320,MATR_b3c30,933.0,1116.2017493404976,95.37152986481833,929.2769856549676,1303.1265130260276,613.0,796.2017493404976,609.2769856549676,983.1265130260276,183.2017493404976,"MATR_b2c37,MATR_b4c12,MATR_b4c17,MATR_b3c27,MATR_b4c22,MATR_b3c29,MATR_b2c27,MATR_b3c38,MATR_b4c3,MATR_b1c42,MATR_b1c0,MATR_b3c25,MATR_b1c31,MATR_b3c16,MATR_b1c40,MATR_b4c30",False,False,0.95
320,MATR_b3c44,938.0,1006.7371564672337,89.06991354498933,832.1633338129584,1181.310979121509,618.0,686.7371564672337,512.1633338129584,861.310979121509,68.73715646723372,"MATR_b2c37,MATR_b4c12,MATR_b4c17,MATR_b3c27,MATR_b4c22,MATR_b3c29,MATR_b2c27,MATR_b3c38,MATR_b4c3,MATR_b1c42,MATR_b1c0,MATR_b3c25,MATR_b1c31,MATR_b3c16,MATR_b1c40,MATR_b4c30",False,False,0.95
320,MATR_b3c45,1799.0,1831.1274229079154,147.2798333994382,1542.4642537959571,2119.7905920198737,1479.0,1511.1274229079154,1222.4642537959571,1799.7905920198737,32.12742290791539,"MATR_b2c37,MATR_b4c12,MATR_b4c17,MATR_b3c27,MATR_b4c22,MATR_b3c29,MATR_b2c27,MATR_b3c38,MATR_b4c3,MATR_b1c42,MATR_b1c0,MATR_b3c25,MATR_b1c31,MATR_b3c16,MATR_b1c40,MATR_b4c30",False,False,0.95
320,MATR_b4c10,872.0,893.7913659715097,89.21263999707342,718.9378046115082,1068.644927331511,552.0,573.7913659715097,398.9378046115082,748.6449273315111,21.791365971509663,"MATR_b2c37,MATR_b4c12,MATR_b4c17,MATR_b3c27,MATR_b4c22,MATR_b3c29,MATR_b2c27,MATR_b3c38,MATR_b4c3,MATR_b1c42,MATR_b1c0,MATR_b3c25,MATR_b1c31,MATR_b3c16,MATR_b1c40,MATR_b4c30",False,False,0.95
320,MATR_b4c13,771.0,773.7086118457482,68.90566681607224,638.6559865555299,908.7612371359666,451.0,453.70861184574824,318.6559865555299,588.7612371359666,2.708611845748237,"MATR_b2c37,MATR_b4c12,MATR_b4c17,MATR_b3c27,MATR_b4c22,MATR_b3c29,MATR_b2c27,MATR_b3c38,MATR_b4c3,MATR_b1c42,MATR_b1c0,MATR_b3c25,MATR_b1c31,MATR_b3c16,MATR_b1c40,MATR_b4c30",False,False,0.95
320,MATR_b4c16,909.0,925.8722527147918,99.30340533942552,731.2411547073353,1120.5033507222483,589.0,605.8722527147918,411.24115470733534,800.5033507222483,16.872252714791784,"MATR_b2c37,MATR_b4c12,MATR_b4c17,MATR_b3c27,MATR_b4c22,MATR_b3c29,MATR_b2c27,MATR_b3c38,MATR_b4c3,MATR_b1c42,MATR_b1c0,MATR_b3c25,MATR_b1c31,MATR_b3c16,MATR_b1c40,MATR_b4c30",False,False,0.95
320,MATR_b4c18,906.0,965.3199291950141,91.99287047556658,785.0172162284456,1145.6226421615827,586.0,645.3199291950141,465.0172162284456,825.6226421615827,59.31992919501408,"MATR_b2c37,MATR_b4c12,MATR_b4c17,MATR_b3c27,MATR_b4c22,MATR_b3c29,MATR_b2c27,MATR_b3c38,MATR_b4c3,MATR_b1c42,MATR_b1c0,MATR_b3c25,MATR_b1c31,MATR_b3c16,MATR_b1c40,MATR_b4c30",False,False,0.95
320,MATR_b4c25,453.0,458.1826282343104,23.77685248875768,411.5808536906238,504.784402777997,133.0,138.1826282343104,91.58085369062383,184.784402777997,5.182628234310414,"MATR_b2c37,MATR_b4c12,MATR_b4c17,MATR_b3c27,MATR_b4c22,MATR_b3c29,MATR_b2c27,MATR_b3c38,MATR_b4c3,MATR_b1c42,MATR_b1c0,MATR_b3c25,MATR_b1c31,MATR_b3c16,MATR_b1c40,MATR_b4c30",False,False,0.95
320,MATR_b4c29,887.0,1206.818715061945,99.47878310059394,1011.8438829589093,1401.793547164981,567.0,886.8187150619451,691.8438829589093,1081.793547164981,319.8187150619451,"MATR_b2c37,MATR_b4c12,MATR_b4c17,MATR_b3c27,MATR_b4c22,MATR_b3c29,MATR_b2c27,MATR_b3c38,MATR_b4c3,MATR_b1c42,MATR_b1c0,MATR_b3c25,MATR_b1c31,MATR_b3c16,MATR_b1c40,MATR_b4c30",False,False,0.95
320,MATR_b4c33,505.0,512.6172296842037,28.43893192864716,456.8779473452691,568.3565120231384,185.0,192.61722968420372,136.8779473452691,248.3565120231384,7.617229684203721,"MATR_b2c37,MATR_b4c12,MATR_b4c17,MATR_b3c27,MATR_b4c22,MATR_b3c29,MATR_b2c27,MATR_b3c38,MATR_b4c3,MATR_b1c42,MATR_b1c0,MATR_b3c25,MATR_b1c31,MATR_b3c16,MATR_b1c40,MATR_b4c30",False,False,0.95
320,MATR_b4c37,863.0,829.694247602273,67.21428670211598,697.9566664195762,961.4318287849698,543.0,509.694247602273,377.9566664195762,641.4318287849698,33.30575239772702,"MATR_b2c37,MATR_b4c12,MATR_b4c17,MATR_b3c27,MATR_b4c22,MATR_b3c29,MATR_b2c27,MATR_b3c38,MATR_b4c3,MATR_b1c42,MATR_b1c0,MATR_b3c25,MATR_b1c31,MATR_b3c16,MATR_b1c40,MATR_b4c30",False,False,0.95
320,MATR_b4c4,656.0,682.1359888411295,48.464626427569605,587.1470665189049,777.124911163354,336.0,362.13598884112946,267.1470665189049,457.124911163354,26.13598884112946,"MATR_b2c37,MATR_b4c12,MATR_b4c17,MATR_b3c27,MATR_b4c22,MATR_b3c29,MATR_b2c27,MATR_b3c38,MATR_b4c3,MATR_b1c42,MATR_b1c0,MATR_b3c25,MATR_b1c31,MATR_b3c16,MATR_b1c40,MATR_b4c30",False,False,0.95
320,MATR_b4c9,442.0,497.98082713656675,27.010594714746016,445.04103429465664,550.9206199784769,122.0,177.98082713656675,125.04103429465664,230.9206199784769,55.980827136566745,"MATR_b2c37,MATR_b4c12,MATR_b4c17,MATR_b3c27,MATR_b4c22,MATR_b3c29,MATR_b2c27,MATR_b3c38,MATR_b4c3,MATR_b1c42,MATR_b1c0,MATR_b3c25,MATR_b1c31,MATR_b3c16,MATR_b1c40,MATR_b4c30",False,False,0.95
340,MATR_b1c1,2154.0,1786.5728036932105,137.71207606986462,1516.6620943600356,2056.4835130263855,1814.0,1446.5728036932105,1176.6620943600356,1716.4835130263855,367.4271963067895,"MATR_b3c24,MATR_b2c18,MATR_b1c24,MATR_b2c32,MATR_b1c26,MATR_b2c47,MATR_b1c16,MATR_b3c6,MATR_b2c11,MATR_b2c6,MATR_b4c39,MATR_b1c19,MATR_b2c19,MATR_b2c12,MATR_b3c26,MATR_b1c42",False,False,0.95
340,MATR_b1c20,533.0,520.1930067926417,27.572070752498743,466.15274113855395,574.2332724467294,193.0,180.19300679264165,126.15274113855395,234.23327244672942,12.806993207358346,"MATR_b3c24,MATR_b2c18,MATR_b1c24,MATR_b2c32,MATR_b1c26,MATR_b2c47,MATR_b1c16,MATR_b3c6,MATR_b2c11,MATR_b2c6,MATR_b4c39,MATR_b1c19,MATR_b2c19,MATR_b2c12,MATR_b3c26,MATR_b1c42",False,False,0.95
340,MATR_b1c21,557.0,547.2936105993193,32.269456254921366,484.0466385389827,610.5405826596559,217.0,207.29361059931932,144.04663853898268,270.5405826596559,9.706389400680678,"MATR_b3c24,MATR_b2c18,MATR_b1c24,MATR_b2c32,MATR_b1c26,MATR_b2c47,MATR_b1c16,MATR_b3c6,MATR_b2c11,MATR_b2c6,MATR_b4c39,MATR_b1c19,MATR_b2c19,MATR_b2c12,MATR_b3c26,MATR_b1c42",False,False,0.95
340,MATR_b1c28,858.0,806.6694813697251,68.18155799204156,673.0360832954946,940.3028794439556,518.0,466.6694813697251,333.03608329549456,600.3028794439556,51.33051863027492,"MATR_b3c24,MATR_b2c18,MATR_b1c24,MATR_b2c32,MATR_b1c26,MATR_b2c47,MATR_b1c16,MATR_b3c6,MATR_b2c11,MATR_b2c6,MATR_b4c39,MATR_b1c19,MATR_b2c19,MATR_b2c12,MATR_b3c26,MATR_b1c42",False,False,0.95
340,MATR_b1c39,622.0,674.4638808742138,49.68394821160329,577.0851317697181,771.8426299787095,282.0,334.4638808742138,237.08513176971815,431.8426299787095,52.46388087421383,"MATR_b3c24,MATR_b2c18,MATR_b1c24,MATR_b2c32,MATR_b1c26,MATR_b2c47,MATR_b1c16,MATR_b3c6,MATR_b2c11,MATR_b2c6,MATR_b4c39,MATR_b1c19,MATR_b2c19,MATR_b2c12,MATR_b3c26,MATR_b1c42",False,False,0.95
340,MATR_b1c7,869.0,935.1609544485079,92.25035997674055,754.3535713332412,1115.9683375637746,529.0,595.1609544485079,414.35357133324123,775.9683375637746,66.16095444850794,"MATR_b3c24,MATR_b2c18,MATR_b1c24,MATR_b2c32,MATR_b1c26,MATR_b2c47,MATR_b1c16,MATR_b3c6,MATR_b2c11,MATR_b2c6,MATR_b4c39,MATR_b1c19,MATR_b2c19,MATR_b2c12,MATR_b3c26,MATR_b1c42",False,False,0.95
340,MATR_b1c9,1052.0,1065.2685389059648,90.65671363975126,887.5846452152913,1242.9524325966383,712.0,725.2685389059648,547.5846452152913,902.9524325966383,13.26853890596476,"MATR_b3c24,MATR_b2c18,MATR_b1c24,MATR_b2c32,MATR_b1c26,MATR_b2c47,MATR_b1c16,MATR_b3c6,MATR_b2c11,MATR_b2c6,MATR_b4c39,MATR_b1c19,MATR_b2c19,MATR_b2c12,MATR_b3c26,MATR_b1c42",False,False,0.95
340,MATR_b2c10,560.0,629.65980980211,40.319709029755586,550.6346322366546,708.6849873675653,220.0,289.65980980211,210.63463223665462,368.6849873675653,69.65980980210998,"MATR_b3c24,MATR_b2c18,MATR_b1c24,MATR_b2c32,MATR_b1c26,MATR_b2c47,MATR_b1c16,MATR_b3c6,MATR_b2c11,MATR_b2c6,MATR_b4c39,MATR_b1c19,MATR_b2c19,MATR_b2c12,MATR_b3c26,MATR_b1c42",False,False,0.95
340,MATR_b2c21,488.0,456.98874028331807,25.431087637791858,407.1447244255642,506.8327561410719,148.0,116.98874028331807,67.14472442556422,166.8327561410719,31.011259716681934,"MATR_b3c24,MATR_b2c18,MATR_b1c24,MATR_b2c32,MATR_b1c26,MATR_b2c47,MATR_b1c16,MATR_b3c6,MATR_b2c11,MATR_b2c6,MATR_b4c39,MATR_b1c19,MATR_b2c19,MATR_b2c12,MATR_b3c26,MATR_b1c42",False,False,0.95
340,MATR_b2c23,526.0,490.3996455544411,27.3287205113599,436.83633760861466,543.9629535002675,186.0,150.39964555444112,96.83633760861466,203.96295350026753,35.60035444555888,"MATR_b3c24,MATR_b2c18,MATR_b1c24,MATR_b2c32,MATR_b1c26,MATR_b2c47,MATR_b1c16,MATR_b3c6,MATR_b2c11,MATR_b2c6,MATR_b4c39,MATR_b1c19,MATR_b2c19,MATR_b2c12,MATR_b3c26,MATR_b1c42",False,False,0.95
340,MATR_b2c25,460.0,449.94752260266523,24.12955051361804,402.6544726328339,497.24057257249655,120.0,109.94752260266523,62.654472632833915,157.24057257249655,10.05247739733477,"MATR_b3c24,MATR_b2c18,MATR_b1c24,MATR_b2c32,MATR_b1c26,MATR_b2c47,MATR_b1c16,MATR_b3c6,MATR_b2c11,MATR_b2c6,MATR_b4c39,MATR_b1c19,MATR_b2c19,MATR_b2c12,MATR_b3c26,MATR_b1c42",False,False,0.95
340,MATR_b2c29,497.0,560.2642783829829,35.618403988907716,490.45348937792596,630.0750673880398,157.0,220.26427838298287,150.45348937792596,290.07506738803977,63.264278382982866,"MATR_b3c24,MATR_b2c18,MATR_b1c24,MATR_b2c32,MATR_b1c26,MATR_b2c47,MATR_b1c16,MATR_b3c6,MATR_b2c11,MATR_b2c6,MATR_b4c39,MATR_b1c19,MATR_b2c19,MATR_b2c12,MATR_b3c26,MATR_b1c42",False,False,0.95
340,MATR_b2c30,480.0,514.7496139877397,28.773256037971105,458.3550684353667,571.1441595401127,140.0,174.74961398773974,118.35506843536672,231.1441595401127,34.749613987739735,"MATR_b3c24,MATR_b2c18,MATR_b1c24,MATR_b2c32,MATR_b1c26,MATR_b2c47,MATR_b1c16,MATR_b3c6,MATR_b2c11,MATR_b2c6,MATR_b4c39,MATR_b1c19,MATR_b2c19,MATR_b2c12,MATR_b3c26,MATR_b1c42",False,False,0.95
340,MATR_b2c36,534.0,610.2236648190774,41.81060129992265,528.2763920992654,692.1709375388893,194.0,270.2236648190774,188.27639209926542,352.17093753888935,76.22366481907738,"MATR_b3c24,MATR_b2c18,MATR_b1c24,MATR_b2c32,MATR_b1c26,MATR_b2c47,MATR_b1c16,MATR_b3c6,MATR_b2c11,MATR_b2c6,MATR_b4c39,MATR_b1c19,MATR_b2c19,MATR_b2c12,MATR_b3c26,MATR_b1c42",False,False,0.95
340,MATR_b2c40,498.0,503.72265739583844,29.14581723030258,446.59790532445845,560.8474094672184,158.0,163.72265739583844,106.59790532445845,220.84740946721843,5.722657395838439,"MATR_b3c24,MATR_b2c18,MATR_b1c24,MATR_b2c32,MATR_b1c26,MATR_b2c47,MATR_b1c16,MATR_b3c6,MATR_b2c11,MATR_b2c6,MATR_b4c39,MATR_b1c19,MATR_b2c19,MATR_b2c12,MATR_b3c26,MATR_b1c42",False,False,0.95
340,MATR_b2c42,465.0,490.1665107182399,29.944563476295514,431.4762447719272,548.8567766645526,125.0,150.16651071823992,91.47624477192721,208.85677666455263,25.16651071823992,"MATR_b3c24,MATR_b2c18,MATR_b1c24,MATR_b2c32,MATR_b1c26,MATR_b2c47,MATR_b1c16,MATR_b3c6,MATR_b2c11,MATR_b2c6,MATR_b4c39,MATR_b1c19,MATR_b2c19,MATR_b2c12,MATR_b3c26,MATR_b1c42",False,False,0.95
340,MATR_b2c46,428.0,437.7622129059353,27.548203871493026,383.76872547904213,491.7557003328285,88.0,97.76221290593531,43.76872547904213,151.7557003328285,9.762212905935314,"MATR_b3c24,MATR_b2c18,MATR_b1c24,MATR_b2c32,MATR_b1c26,MATR_b2c47,MATR_b1c16,MATR_b3c6,MATR_b2c11,MATR_b2c6,MATR_b4c39,MATR_b1c19,MATR_b2c19,MATR_b2c12,MATR_b3c26,MATR_b1c42",False,False,0.95
340,MATR_b3c19,1152.0,1390.8905995249884,117.87898717115812,1159.8520301354595,1621.9291689145173,812.0,1050.8905995249884,819.8520301354595,1281.9291689145173,238.89059952498837,"MATR_b3c24,MATR_b2c18,MATR_b1c24,MATR_b2c32,MATR_b1c26,MATR_b2c47,MATR_b1c16,MATR_b3c6,MATR_b2c11,MATR_b2c6,MATR_b4c39,MATR_b1c19,MATR_b2c19,MATR_b2c12,MATR_b3c26,MATR_b1c42",False,False,0.95
340,MATR_b3c20,811.0,863.8775350434724,86.87970309966404,693.5964459805981,1034.158624106347,471.0,523.8775350434724,353.5964459805981,694.1586241063469,52.87753504347245,"MATR_b3c24,MATR_b2c18,MATR_b1c24,MATR_b2c32,MATR_b1c26,MATR_b2c47,MATR_b1c16,MATR_b3c6,MATR_b2c11,MATR_b2c6,MATR_b4c39,MATR_b1c19,MATR_b2c19,MATR_b2c12,MATR_b3c26,MATR_b1c42",False,False,0.95
340,MATR_b3c3,1113.0,1397.35621485787,118.57267640567038,1164.958039552234,1629.7543901635063,773.0,1057.35621485787,824.9580395522339,1289.7543901635063,284.3562148578701,"MATR_b3c24,MATR_b2c18,MATR_b1c24,MATR_b2c32,MATR_b1c26,MATR_b2c47,MATR_b1c16,MATR_b3c6,MATR_b2c11,MATR_b2c6,MATR_b4c39,MATR_b1c19,MATR_b2c19,MATR_b2c12,MATR_b3c26,MATR_b1c42",False,False,0.95
340,MATR_b3c30,933.0,1085.264193682529,102.15486954379249,885.044328531308,1285.4840588337497,593.0,745.2641936825289,545.044328531308,945.4840588337497,152.2641936825289,"MATR_b3c24,MATR_b2c18,MATR_b1c24,MATR_b2c32,MATR_b1c26,MATR_b2c47,MATR_b1c16,MATR_b3c6,MATR_b2c11,MATR_b2c6,MATR_b4c39,MATR_b1c19,MATR_b2c19,MATR_b2c12,MATR_b3c26,MATR_b1c42",False,False,0.95
340,MATR_b3c44,938.0,1001.7169184120567,94.40022680298836,816.6958737457868,1186.7379630783264,598.0,661.7169184120567,476.6958737457868,846.7379630783264,63.71691841205666,"MATR_b3c24,MATR_b2c18,MATR_b1c24,MATR_b2c32,MATR_b1c26,MATR_b2c47,MATR_b1c16,MATR_b3c6,MATR_b2c11,MATR_b2c6,MATR_b4c39,MATR_b1c19,MATR_b2c19,MATR_b2c12,MATR_b3c26,MATR_b1c42",False,False,0.95
340,MATR_b3c45,1799.0,1830.850188947758,152.16542581302906,1532.6114346620195,2129.088943233496,1459.0,1490.850188947758,1192.6114346620195,1789.0889432334961,31.850188947757943,"MATR_b3c24,MATR_b2c18,MATR_b1c24,MATR_b2c32,MATR_b1c26,MATR_b2c47,MATR_b1c16,MATR_b3c6,MATR_b2c11,MATR_b2c6,MATR_b4c39,MATR_b1c19,MATR_b2c19,MATR_b2c12,MATR_b3c26,MATR_b1c42",False,False,0.95
340,MATR_b4c10,872.0,904.5185124072577,94.39408849501402,719.5094986035436,1089.527526210972,532.0,564.5185124072577,379.50949860354365,749.5275262109719,32.51851240725773,"MATR_b3c24,MATR_b2c18,MATR_b1c24,MATR_b2c32,MATR_b1c26,MATR_b2c47,MATR_b1c16,MATR_b3c6,MATR_b2c11,MATR_b2c6,MATR_b4c39,MATR_b1c19,MATR_b2c19,MATR_b2c12,MATR_b3c26,MATR_b1c42",False,False,0.95
340,MATR_b4c13,771.0,779.8539948459462,71.64725876103634,639.4279480832931,920.2800416085993,431.0,439.8539948459462,299.42794808329313,580.2800416085993,8.853994845946204,"MATR_b3c24,MATR_b2c18,MATR_b1c24,MATR_b2c32,MATR_b1c26,MATR_b2c47,MATR_b1c16,MATR_b3c6,MATR_b2c11,MATR_b2c6,MATR_b4c39,MATR_b1c19,MATR_b2c19,MATR_b2c12,MATR_b3c26,MATR_b1c42",False,False,0.95
340,MATR_b4c16,909.0,956.6642070169415,102.90794755545734,754.9683360853085,1158.3600779485746,569.0,616.6642070169415,414.96833608530847,818.3600779485746,47.66420701694153,"MATR_b3c24,MATR_b2c18,MATR_b1c24,MATR_b2c32,MATR_b1c26,MATR_b2c47,MATR_b1c16,MATR_b3c6,MATR_b2c11,MATR_b2c6,MATR_b4c39,MATR_b1c19,MATR_b2c19,MATR_b2c12,MATR_b3c26,MATR_b1c42",False,False,0.95
340,MATR_b4c18,906.0,1010.320287988784,96.64824612341376,820.8932064179302,1199.7473695596377,566.0,670.320287988784,480.8932064179302,859.7473695596377,104.320287988784,"MATR_b3c24,MATR_b2c18,MATR_b1c24,MATR_b2c32,MATR_b1c26,MATR_b2c47,MATR_b1c16,MATR_b3c6,MATR_b2c11,MATR_b2c6,MATR_b4c39,MATR_b1c19,MATR_b2c19,MATR_b2c12,MATR_b3c26,MATR_b1c42",False,False,0.95
340,MATR_b4c25,453.0,455.7208473028517,23.671855910688862,409.32486227067994,502.1168323350235,113.0,115.72084730285172,69.32486227067994,162.1168323350235,2.7208473028517233,"MATR_b3c24,MATR_b2c18,MATR_b1c24,MATR_b2c32,MATR_b1c26,MATR_b2c47,MATR_b1c16,MATR_b3c6,MATR_b2c11,MATR_b2c6,MATR_b4c39,MATR_b1c19,MATR_b2c19,MATR_b2c12,MATR_b3c26,MATR_b1c42",False,False,0.95
340,MATR_b4c29,887.0,1121.136223750925,103.91595959830967,917.4646855193187,1324.8077619825312,547.0,781.136223750925,577.4646855193187,984.8077619825312,234.13622375092496,"MATR_b3c24,MATR_b2c18,MATR_b1c24,MATR_b2c32,MATR_b1c26,MATR_b2c47,MATR_b1c16,MATR_b3c6,MATR_b2c11,MATR_b2c6,MATR_b4c39,MATR_b1c19,MATR_b2c19,MATR_b2c12,MATR_b3c26,MATR_b1c42",False,False,0.95
340,MATR_b4c33,505.0,514.9473866446683,28.80348785224557,458.4935878251301,571.4011854642066,165.0,174.9473866446683,118.49358782513008,231.4011854642066,9.947386644668313,"MATR_b3c24,MATR_b2c18,MATR_b1c24,MATR_b2c32,MATR_b1c26,MATR_b2c47,MATR_b1c16,MATR_b3c6,MATR_b2c11,MATR_b2c6,MATR_b4c39,MATR_b1c19,MATR_b2c19,MATR_b2c12,MATR_b3c26,MATR_b1c42",False,False,0.95
340,MATR_b4c37,863.0,839.5051976144474,71.7543381334776,698.8692791383223,980.1411160905725,523.0,499.5051976144474,358.8692791383223,640.1411160905725,23.49480238555259,"MATR_b3c24,MATR_b2c18,MATR_b1c24,MATR_b2c32,MATR_b1c26,MATR_b2c47,MATR_b1c16,MATR_b3c6,MATR_b2c11,MATR_b2c6,MATR_b4c39,MATR_b1c19,MATR_b2c19,MATR_b2c12,MATR_b3c26,MATR_b1c42",False,False,0.95
340,MATR_b4c4,656.0,686.4516337476289,49.87738692956821,588.6937517227063,784.2095157725514,316.0,346.4516337476289,248.69375172270634,444.2095157725514,30.451633747628875,"MATR_b3c24,MATR_b2c18,MATR_b1c24,MATR_b2c32,MATR_b1c26,MATR_b2c47,MATR_b1c16,MATR_b3c6,MATR_b2c11,MATR_b2c6,MATR_b4c39,MATR_b1c19,MATR_b2c19,MATR_b2c12,MATR_b3c26,MATR_b1c42",False,False,0.95
340,MATR_b4c9,442.0,493.02445856436316,26.844530174009837,440.41014624140513,545.6387708873211,102.0,153.02445856436316,100.41014624140513,205.63877088732113,51.02445856436316,"MATR_b3c24,MATR_b2c18,MATR_b1c24,MATR_b2c32,MATR_b1c26,MATR_b2c47,MATR_b1c16,MATR_b3c6,MATR_b2c11,MATR_b2c6,MATR_b4c39,MATR_b1c19,MATR_b2c19,MATR_b2c12,MATR_b3c26,MATR_b1c42",False,False,0.95
360,MATR_b1c1,2154.0,1781.48064987794,138.37473706406777,1510.2711488621676,2052.6901508937126,1794.0,1421.48064987794,1150.2711488621676,1692.6901508937126,372.5193501220599,"MATR_b3c21,MATR_b2c37,MATR_b4c31,MATR_b3c41,MATR_b2c38,MATR_b3c36,MATR_b3c27,MATR_b3c29,MATR_b1c6,MATR_b2c32,MATR_b4c43,MATR_b2c47,MATR_b4c39,MATR_b1c19,MATR_b4c44,MATR_b1c38",False,False,0.95
360,MATR_b1c20,533.0,508.49016292268806,26.98447021414074,455.60157316107836,561.3787526842978,173.0,148.49016292268806,95.60157316107836,201.37875268429775,24.509837077311943,"MATR_b3c21,MATR_b2c37,MATR_b4c31,MATR_b3c41,MATR_b2c38,MATR_b3c36,MATR_b3c27,MATR_b3c29,MATR_b1c6,MATR_b2c32,MATR_b4c43,MATR_b2c47,MATR_b4c39,MATR_b1c19,MATR_b4c44,MATR_b1c38",False,False,0.95
360,MATR_b1c21,557.0,543.089948804965,32.25666595497202,479.8680452718806,606.3118523380494,197.0,183.08994880496505,119.86804527188059,246.31185233804945,13.910051195034953,"MATR_b3c21,MATR_b2c37,MATR_b4c31,MATR_b3c41,MATR_b2c38,MATR_b3c36,MATR_b3c27,MATR_b3c29,MATR_b1c6,MATR_b2c32,MATR_b4c43,MATR_b2c47,MATR_b4c39,MATR_b1c19,MATR_b4c44,MATR_b1c38",False,False,0.95
360,MATR_b1c28,858.0,810.5513935210911,69.5868118009548,674.1637485922529,946.9390384499293,498.0,450.5513935210911,314.1637485922529,586.9390384499293,47.448606478908914,"MATR_b3c21,MATR_b2c37,MATR_b4c31,MATR_b3c41,MATR_b2c38,MATR_b3c36,MATR_b3c27,MATR_b3c29,MATR_b1c6,MATR_b2c32,MATR_b4c43,MATR_b2c47,MATR_b4c39,MATR_b1c19,MATR_b4c44,MATR_b1c38",False,False,0.95
360,MATR_b1c39,622.0,675.6322486587193,50.4890550741927,576.6755190998424,774.5889782175961,262.0,315.6322486587193,216.6755190998424,414.58897821759615,53.63224865871928,"MATR_b3c21,MATR_b2c37,MATR_b4c31,MATR_b3c41,MATR_b2c38,MATR_b3c36,MATR_b3c27,MATR_b3c29,MATR_b1c6,MATR_b2c32,MATR_b4c43,MATR_b2c47,MATR_b4c39,MATR_b1c19,MATR_b4c44,MATR_b1c38",False,False,0.95
360,MATR_b1c7,869.0,931.4103101426733,94.84371307912602,745.5200483475359,1117.3005719378107,509.0,571.4103101426733,385.52004834753586,757.3005719378107,62.410310142673325,"MATR_b3c21,MATR_b2c37,MATR_b4c31,MATR_b3c41,MATR_b2c38,MATR_b3c36,MATR_b3c27,MATR_b3c29,MATR_b1c6,MATR_b2c32,MATR_b4c43,MATR_b2c47,MATR_b4c39,MATR_b1c19,MATR_b4c44,MATR_b1c38",False,False,0.95
360,MATR_b1c9,1052.0,1078.207435981688,92.5612467139501,896.7907260582193,1259.6241459051564,692.0,718.2074359816879,536.7907260582193,899.6241459051564,26.207435981687922,"MATR_b3c21,MATR_b2c37,MATR_b4c31,MATR_b3c41,MATR_b2c38,MATR_b3c36,MATR_b3c27,MATR_b3c29,MATR_b1c6,MATR_b2c32,MATR_b4c43,MATR_b2c47,MATR_b4c39,MATR_b1c19,MATR_b4c44,MATR_b1c38",False,False,0.95
360,MATR_b2c10,560.0,621.7868384409172,39.970213975722906,543.4466585941408,700.1270182876937,200.0,261.7868384409172,183.44665859414079,340.12701828769366,61.78683844091722,"MATR_b3c21,MATR_b2c37,MATR_b4c31,MATR_b3c41,MATR_b2c38,MATR_b3c36,MATR_b3c27,MATR_b3c29,MATR_b1c6,MATR_b2c32,MATR_b4c43,MATR_b2c47,MATR_b4c39,MATR_b1c19,MATR_b4c44,MATR_b1c38",False,False,0.95
360,MATR_b2c21,488.0,451.4104946365608,25.374575922710232,401.67723970507154,501.1437495680501,128.0,91.41049463656083,41.67723970507154,141.1437495680501,36.58950536343917,"MATR_b3c21,MATR_b2c37,MATR_b4c31,MATR_b3c41,MATR_b2c38,MATR_b3c36,MATR_b3c27,MATR_b3c29,MATR_b1c6,MATR_b2c32,MATR_b4c43,MATR_b2c47,MATR_b4c39,MATR_b1c19,MATR_b4c44,MATR_b1c38",False,False,0.95
360,MATR_b2c23,526.0,486.38355180375845,27.435946650658497,432.6100844867055,540.1570191208115,166.0,126.38355180375845,72.61008448670549,180.15701912081147,39.61644819624155,"MATR_b3c21,MATR_b2c37,MATR_b4c31,MATR_b3c41,MATR_b2c38,MATR_b3c36,MATR_b3c27,MATR_b3c29,MATR_b1c6,MATR_b2c32,MATR_b4c43,MATR_b2c47,MATR_b4c39,MATR_b1c19,MATR_b4c44,MATR_b1c38",False,False,0.95
360,MATR_b2c25,460.0,442.6037579956372,24.060630524083358,395.4457887231087,489.76172726816566,100.0,82.60375799563718,35.445788723108706,129.76172726816566,17.39624200436282,"MATR_b3c21,MATR_b2c37,MATR_b4c31,MATR_b3c41,MATR_b2c38,MATR_b3c36,MATR_b3c27,MATR_b3c29,MATR_b1c6,MATR_b2c32,MATR_b4c43,MATR_b2c47,MATR_b4c39,MATR_b1c19,MATR_b4c44,MATR_b1c38",False,False,0.95
360,MATR_b2c29,497.0,560.3454318217434,36.14443798895065,489.50363512195884,631.187228521528,137.0,200.34543182174343,129.50363512195884,271.187228521528,63.34543182174343,"MATR_b3c21,MATR_b2c37,MATR_b4c31,MATR_b3c41,MATR_b2c38,MATR_b3c36,MATR_b3c27,MATR_b3c29,MATR_b1c6,MATR_b2c32,MATR_b4c43,MATR_b2c47,MATR_b4c39,MATR_b1c19,MATR_b4c44,MATR_b1c38",False,False,0.95
360,MATR_b2c30,480.0,508.9774979557901,28.72236247185474,452.68270196005,565.2722939515303,120.0,148.9774979557901,92.68270196005,205.2722939515303,28.977497955790113,"MATR_b3c21,MATR_b2c37,MATR_b4c31,MATR_b3c41,MATR_b2c38,MATR_b3c36,MATR_b3c27,MATR_b3c29,MATR_b1c6,MATR_b2c32,MATR_b4c43,MATR_b2c47,MATR_b4c39,MATR_b1c19,MATR_b4c44,MATR_b1c38",False,False,0.95
360,MATR_b2c36,534.0,606.7441506988043,42.008184023271106,524.4096229572621,689.0786784403466,174.0,246.74415069880433,164.40962295726206,329.0786784403466,72.74415069880433,"MATR_b3c21,MATR_b2c37,MATR_b4c31,MATR_b3c41,MATR_b2c38,MATR_b3c36,MATR_b3c27,MATR_b3c29,MATR_b1c6,MATR_b2c32,MATR_b4c43,MATR_b2c47,MATR_b4c39,MATR_b1c19,MATR_b4c44,MATR_b1c38",False,False,0.95
360,MATR_b2c40,498.0,498.42281984409743,29.060912603335424,441.4644777836939,555.381161904501,138.0,138.42281984409743,81.4644777836939,195.38116190450103,0.42281984409743245,"MATR_b3c21,MATR_b2c37,MATR_b4c31,MATR_b3c41,MATR_b2c38,MATR_b3c36,MATR_b3c27,MATR_b3c29,MATR_b1c6,MATR_b2c32,MATR_b4c43,MATR_b2c47,MATR_b4c39,MATR_b1c19,MATR_b4c44,MATR_b1c38",False,False,0.95
360,MATR_b2c42,465.0,485.92615720955234,29.996967877707952,427.1331805238399,544.7191338952648,105.0,125.92615720955234,67.13318052383988,184.7191338952648,20.926157209552343,"MATR_b3c21,MATR_b2c37,MATR_b4c31,MATR_b3c41,MATR_b2c38,MATR_b3c36,MATR_b3c27,MATR_b3c29,MATR_b1c6,MATR_b2c32,MATR_b4c43,MATR_b2c47,MATR_b4c39,MATR_b1c19,MATR_b4c44,MATR_b1c38",False,False,0.95
360,MATR_b2c46,428.0,433.026996087699,27.587213638837692,378.95705092176496,487.096941253633,68.0,73.02699608769899,18.95705092176496,127.09694125363302,5.02699608769899,"MATR_b3c21,MATR_b2c37,MATR_b4c31,MATR_b3c41,MATR_b2c38,MATR_b3c36,MATR_b3c27,MATR_b3c29,MATR_b1c6,MATR_b2c32,MATR_b4c43,MATR_b2c47,MATR_b4c39,MATR_b1c19,MATR_b4c44,MATR_b1c38",False,False,0.95
360,MATR_b3c19,1152.0,1336.171045904911,121.60032990559337,1097.8387787817592,1574.5033130280626,792.0,976.1710459049109,737.8387787817592,1214.5033130280626,184.1710459049109,"MATR_b3c21,MATR_b2c37,MATR_b4c31,MATR_b3c41,MATR_b2c38,MATR_b3c36,MATR_b3c27,MATR_b3c29,MATR_b1c6,MATR_b2c32,MATR_b4c43,MATR_b2c47,MATR_b4c39,MATR_b1c19,MATR_b4c44,MATR_b1c38",False,False,0.95
360,MATR_b3c20,811.0,871.9805505035179,90.57263349718853,694.4614508640823,1049.4996501429534,451.0,511.98055050351786,334.4614508640823,689.4996501429534,60.98055050351786,"MATR_b3c21,MATR_b2c37,MATR_b4c31,MATR_b3c41,MATR_b2c38,MATR_b3c36,MATR_b3c27,MATR_b3c29,MATR_b1c6,MATR_b2c32,MATR_b4c43,MATR_b2c47,MATR_b4c39,MATR_b1c19,MATR_b4c44,MATR_b1c38",False,False,0.95
360,MATR_b3c3,1113.0,1363.8199188905173,122.9946841170135,1122.7547677312903,1604.8850700497444,753.0,1003.8199188905173,762.7547677312903,1244.8850700497444,250.81991889051733,"MATR_b3c21,MATR_b2c37,MATR_b4c31,MATR_b3c41,MATR_b2c38,MATR_b3c36,MATR_b3c27,MATR_b3c29,MATR_b1c6,MATR_b2c32,MATR_b4c43,MATR_b2c47,MATR_b4c39,MATR_b1c19,MATR_b4c44,MATR_b1c38",False,False,0.95
360,MATR_b3c30,933.0,1014.3493317562902,103.09670700067672,812.2834991102854,1216.415164402295,573.0,654.3493317562902,452.28349911028545,856.415164402295,81.34933175629021,"MATR_b3c21,MATR_b2c37,MATR_b4c31,MATR_b3c41,MATR_b2c38,MATR_b3c36,MATR_b3c27,MATR_b3c29,MATR_b1c6,MATR_b2c32,MATR_b4c43,MATR_b2c47,MATR_b4c39,MATR_b1c19,MATR_b4c44,MATR_b1c38",False,False,0.95
360,MATR_b3c44,938.0,962.0325587910235,96.15533394973308,773.5715673281252,1150.4935502539217,578.0,602.0325587910235,413.5715673281252,790.4935502539217,24.03255879102346,"MATR_b3c21,MATR_b2c37,MATR_b4c31,MATR_b3c41,MATR_b2c38,MATR_b3c36,MATR_b3c27,MATR_b3c29,MATR_b1c6,MATR_b2c32,MATR_b4c43,MATR_b2c47,MATR_b4c39,MATR_b1c19,MATR_b4c44,MATR_b1c38",False,False,0.95
360,MATR_b3c45,1799.0,1824.804223226714,153.113643311535,1524.7069967943933,2124.9014496590344,1439.0,1464.804223226714,1164.7069967943933,1764.9014496590344,25.80422322671393,"MATR_b3c21,MATR_b2c37,MATR_b4c31,MATR_b3c41,MATR_b2c38,MATR_b3c36,MATR_b3c27,MATR_b3c29,MATR_b1c6,MATR_b2c32,MATR_b4c43,MATR_b2c47,MATR_b4c39,MATR_b1c19,MATR_b4c44,MATR_b1c38",False,False,0.95
360,MATR_b4c10,872.0,896.1594233145444,96.74102867728188,706.5504912797154,1085.7683553493735,512.0,536.1594233145444,346.5504912797154,725.7683553493735,24.15942331454437,"MATR_b3c21,MATR_b2c37,MATR_b4c31,MATR_b3c41,MATR_b2c38,MATR_b3c36,MATR_b3c27,MATR_b3c29,MATR_b1c6,MATR_b2c32,MATR_b4c43,MATR_b2c47,MATR_b4c39,MATR_b1c19,MATR_b4c44,MATR_b1c38",False,False,0.95
360,MATR_b4c13,771.0,766.7324118828939,72.1695804229232,625.2826334745974,908.1821902911903,411.0,406.73241188289387,265.28263347459745,548.1821902911903,4.267588117106129,"MATR_b3c21,MATR_b2c37,MATR_b4c31,MATR_b3c41,MATR_b2c38,MATR_b3c36,MATR_b3c27,MATR_b3c29,MATR_b1c6,MATR_b2c32,MATR_b4c43,MATR_b2c47,MATR_b4c39,MATR_b1c19,MATR_b4c44,MATR_b1c38",False,False,0.95
360,MATR_b4c16,909.0,941.1150700168951,102.93311375481768,739.3698742408881,1142.860265792902,549.0,581.1150700168951,379.36987424088807,782.860265792902,32.11507001689506,"MATR_b3c21,MATR_b2c37,MATR_b4c31,MATR_b3c41,MATR_b2c38,MATR_b3c36,MATR_b3c27,MATR_b3c29,MATR_b1c6,MATR_b2c32,MATR_b4c43,MATR_b2c47,MATR_b4c39,MATR_b1c19,MATR_b4c44,MATR_b1c38",False,False,0.95
360,MATR_b4c18,906.0,1005.227460772639,100.50319849808936,808.2448113853038,1202.2101101599742,546.0,645.227460772639,448.2448113853038,842.2101101599742,99.227460772639,"MATR_b3c21,MATR_b2c37,MATR_b4c31,MATR_b3c41,MATR_b2c38,MATR_b3c36,MATR_b3c27,MATR_b3c29,MATR_b1c6,MATR_b2c32,MATR_b4c43,MATR_b2c47,MATR_b4c39,MATR_b1c19,MATR_b4c44,MATR_b1c38",False,False,0.95
360,MATR_b4c25,453.0,452.2799414994017,23.604565464937806,406.0158433174056,498.54403968139775,93.0,92.27994149940167,46.0158433174056,138.54403968139775,0.7200585005983271,"MATR_b3c21,MATR_b2c37,MATR_b4c31,MATR_b3c41,MATR_b2c38,MATR_b3c36,MATR_b3c27,MATR_b3c29,MATR_b1c6,MATR_b2c32,MATR_b4c43,MATR_b2c47,MATR_b4c39,MATR_b1c19,MATR_b4c44,MATR_b1c38",False,False,0.95
360,MATR_b4c29,887.0,1009.4823528335471,104.9553538485976,803.7736393056385,1215.1910663614558,527.0,649.4823528335471,443.77363930563854,855.1910663614558,122.48235283354711,"MATR_b3c21,MATR_b2c37,MATR_b4c31,MATR_b3c41,MATR_b2c38,MATR_b3c36,MATR_b3c27,MATR_b3c29,MATR_b1c6,MATR_b2c32,MATR_b4c43,MATR_b2c47,MATR_b4c39,MATR_b1c19,MATR_b4c44,MATR_b1c38",False,False,0.95
360,MATR_b4c33,505.0,514.2486037368722,29.20025478435631,457.0171560201404,571.4800514536039,145.0,154.24860373687216,97.01715602014042,211.4800514536039,9.248603736872155,"MATR_b3c21,MATR_b2c37,MATR_b4c31,MATR_b3c41,MATR_b2c38,MATR_b3c36,MATR_b3c27,MATR_b3c29,MATR_b1c6,MATR_b2c32,MATR_b4c43,MATR_b2c47,MATR_b4c39,MATR_b1c19,MATR_b4c44,MATR_b1c38",False,False,0.95
360,MATR_b4c37,863.0,823.2023739519454,73.40004785476964,679.3409236930805,967.0638242108104,503.0,463.20237395194545,319.3409236930805,607.0638242108104,39.79762604805455,"MATR_b3c21,MATR_b2c37,MATR_b4c31,MATR_b3c41,MATR_b2c38,MATR_b3c36,MATR_b3c27,MATR_b3c29,MATR_b1c6,MATR_b2c32,MATR_b4c43,MATR_b2c47,MATR_b4c39,MATR_b1c19,MATR_b4c44,MATR_b1c38",False,False,0.95
360,MATR_b4c4,656.0,679.2686220161033,50.04265504426975,581.186820438573,777.3504235936336,296.0,319.26862201610334,221.18682043857302,417.35042359363365,23.268622016103336,"MATR_b3c21,MATR_b2c37,MATR_b4c31,MATR_b3c41,MATR_b2c38,MATR_b3c36,MATR_b3c27,MATR_b3c29,MATR_b1c6,MATR_b2c32,MATR_b4c43,MATR_b2c47,MATR_b4c39,MATR_b1c19,MATR_b4c44,MATR_b1c38",False,False,0.95
360,MATR_b4c9,442.0,485.1963978615143,26.676305138800267,432.911800548865,537.4809951741636,82.0,125.1963978615143,72.91180054886502,177.48099517416358,43.1963978615143,"MATR_b3c21,MATR_b2c37,MATR_b4c31,MATR_b3c41,MATR_b2c38,MATR_b3c36,MATR_b3c27,MATR_b3c29,MATR_b1c6,MATR_b2c32,MATR_b4c43,MATR_b2c47,MATR_b4c39,MATR_b1c19,MATR_b4c44,MATR_b1c38",False,False,0.95
380,MATR_b1c1,2154.0,1799.6619900308424,142.0626860217875,1521.2242418811172,2078.099738180568,1774.0,1419.6619900308424,1141.2242418811172,1698.0997381805678,354.3380099691576,"MATR_b2c6,MATR_b4c23,MATR_b2c22,MATR_b3c0,MATR_b4c14,MATR_b3c21,MATR_b3c1,MATR_b4c15,MATR_b1c0,MATR_b2c18,MATR_b4c40,MATR_b4c39,MATR_b2c12,MATR_b3c40,MATR_b4c24,MATR_b2c19",False,False,0.95
380,MATR_b1c20,533.0,496.1242091246149,26.04462274317506,445.077686557059,547.1707316921708,153.0,116.12420912461488,65.077686557059,167.17073169217076,36.87579087538512,"MATR_b2c6,MATR_b4c23,MATR_b2c22,MATR_b3c0,MATR_b4c14,MATR_b3c21,MATR_b3c1,MATR_b4c15,MATR_b1c0,MATR_b2c18,MATR_b4c40,MATR_b4c39,MATR_b2c12,MATR_b3c40,MATR_b4c24,MATR_b2c19",False,False,0.95
380,MATR_b1c21,557.0,537.5210099036316,31.710943612685085,475.36870250698837,599.6733173002748,177.0,157.52100990363158,95.36870250698837,219.6733173002748,19.47899009636842,"MATR_b2c6,MATR_b4c23,MATR_b2c22,MATR_b3c0,MATR_b4c14,MATR_b3c21,MATR_b3c1,MATR_b4c15,MATR_b1c0,MATR_b2c18,MATR_b4c40,MATR_b4c39,MATR_b2c12,MATR_b3c40,MATR_b4c24,MATR_b2c19",False,False,0.95
380,MATR_b1c28,858.0,814.6336845202713,71.544880244702,674.4082959624243,954.8590730781184,478.0,434.63368452027134,294.4082959624243,574.8590730781184,43.366315479728655,"MATR_b2c6,MATR_b4c23,MATR_b2c22,MATR_b3c0,MATR_b4c14,MATR_b3c21,MATR_b3c1,MATR_b4c15,MATR_b1c0,MATR_b2c18,MATR_b4c40,MATR_b4c39,MATR_b2c12,MATR_b3c40,MATR_b4c24,MATR_b2c19",False,False,0.95
380,MATR_b1c39,622.0,671.3979298578715,50.374201374985056,572.6663094129328,770.1295503028102,242.0,291.39792985787153,192.66630941293283,390.12955030281023,49.39792985787153,"MATR_b2c6,MATR_b4c23,MATR_b2c22,MATR_b3c0,MATR_b4c14,MATR_b3c21,MATR_b3c1,MATR_b4c15,MATR_b1c0,MATR_b2c18,MATR_b4c40,MATR_b4c39,MATR_b2c12,MATR_b3c40,MATR_b4c24,MATR_b2c19",False,False,0.95
380,MATR_b1c7,869.0,943.5211486093236,98.18939309220058,751.0734744847646,1135.9688227338827,489.0,563.5211486093236,371.0734744847646,755.9688227338827,74.52114860932363,"MATR_b2c6,MATR_b4c23,MATR_b2c22,MATR_b3c0,MATR_b4c14,MATR_b3c21,MATR_b3c1,MATR_b4c15,MATR_b1c0,MATR_b2c18,MATR_b4c40,MATR_b4c39,MATR_b2c12,MATR_b3c40,MATR_b4c24,MATR_b2c19",False,False,0.95
380,MATR_b1c9,1052.0,1099.294034708842,96.50867084209005,910.1405156625146,1288.4475537551693,672.0,719.294034708842,530.1405156625146,908.4475537551693,47.29403470884199,"MATR_b2c6,MATR_b4c23,MATR_b2c22,MATR_b3c0,MATR_b4c14,MATR_b3c21,MATR_b3c1,MATR_b4c15,MATR_b1c0,MATR_b2c18,MATR_b4c40,MATR_b4c39,MATR_b2c12,MATR_b3c40,MATR_b4c24,MATR_b2c19",False,False,0.95
380,MATR_b2c10,560.0,611.3700521083612,38.92799230509517,535.0725891999223,687.6675150168,180.0,231.37005210836116,155.07258919992228,307.66751501680005,51.370052108361165,"MATR_b2c6,MATR_b4c23,MATR_b2c22,MATR_b3c0,MATR_b4c14,MATR_b3c21,MATR_b3c1,MATR_b4c15,MATR_b1c0,MATR_b2c18,MATR_b4c40,MATR_b4c39,MATR_b2c12,MATR_b3c40,MATR_b4c24,MATR_b2c19",False,False,0.95
380,MATR_b2c21,488.0,443.7671529736824,24.887940190516662,394.9876865508828,492.546619396482,108.0,63.767152973682414,14.987686550882813,112.54661939648201,44.232847026317586,"MATR_b2c6,MATR_b4c23,MATR_b2c22,MATR_b3c0,MATR_b4c14,MATR_b3c21,MATR_b3c1,MATR_b4c15,MATR_b1c0,MATR_b2c18,MATR_b4c40,MATR_b4c39,MATR_b2c12,MATR_b3c40,MATR_b4c24,MATR_b2c19",False,False,0.95
380,MATR_b2c23,526.0,479.8023187206764,27.003741997510247,426.8759569577446,532.7286804836082,146.0,99.8023187206764,46.87595695774462,152.72868048360817,46.197681279323604,"MATR_b2c6,MATR_b4c23,MATR_b2c22,MATR_b3c0,MATR_b4c14,MATR_b3c21,MATR_b3c1,MATR_b4c15,MATR_b1c0,MATR_b2c18,MATR_b4c40,MATR_b4c39,MATR_b2c12,MATR_b3c40,MATR_b4c24,MATR_b2c19",False,False,0.95
380,MATR_b2c25,460.0,432.404359278825,23.552592730752817,386.2421257840096,478.56659277364037,80.0,52.404359278824984,6.242125784009602,98.56659277364037,27.595640721175016,"MATR_b2c6,MATR_b4c23,MATR_b2c22,MATR_b3c0,MATR_b4c14,MATR_b3c21,MATR_b3c1,MATR_b4c15,MATR_b1c0,MATR_b2c18,MATR_b4c40,MATR_b4c39,MATR_b2c12,MATR_b3c40,MATR_b4c24,MATR_b2c19",False,False,0.95
380,MATR_b2c29,497.0,551.1486924741632,35.34527302574709,481.8732303199639,620.4241546283625,117.0,171.14869247416323,101.87323031996391,240.42415462836254,54.14869247416323,"MATR_b2c6,MATR_b4c23,MATR_b2c22,MATR_b3c0,MATR_b4c14,MATR_b3c21,MATR_b3c1,MATR_b4c15,MATR_b1c0,MATR_b2c18,MATR_b4c40,MATR_b4c39,MATR_b2c12,MATR_b3c40,MATR_b4c24,MATR_b2c19",False,False,0.95
380,MATR_b2c30,480.0,499.14076877679236,28.010597172193,444.2410071338346,554.0405304197501,100.0,119.14076877679236,64.24100713383461,174.0405304197501,19.140768776792356,"MATR_b2c6,MATR_b4c23,MATR_b2c22,MATR_b3c0,MATR_b4c14,MATR_b3c21,MATR_b3c1,MATR_b4c15,MATR_b1c0,MATR_b2c18,MATR_b4c40,MATR_b4c39,MATR_b2c12,MATR_b3c40,MATR_b4c24,MATR_b2c19",False,False,0.95
380,MATR_b2c36,534.0,599.2109705123711,41.3841442959079,518.099538161383,680.3224028633592,154.0,219.2109705123711,138.09953816138295,300.32240286335923,65.21097051237109,"MATR_b2c6,MATR_b4c23,MATR_b2c22,MATR_b3c0,MATR_b4c14,MATR_b3c21,MATR_b3c1,MATR_b4c15,MATR_b1c0,MATR_b2c18,MATR_b4c40,MATR_b4c39,MATR_b2c12,MATR_b3c40,MATR_b4c24,MATR_b2c19",False,False,0.95
380,MATR_b2c40,498.0,488.58208479322894,28.250640842369574,433.2118462020083,543.9523233844496,118.0,108.58208479322894,53.2118462020083,163.95232338444964,9.417915206771056,"MATR_b2c6,MATR_b4c23,MATR_b2c22,MATR_b3c0,MATR_b4c14,MATR_b3c21,MATR_b3c1,MATR_b4c15,MATR_b1c0,MATR_b2c18,MATR_b4c40,MATR_b4c39,MATR_b2c12,MATR_b3c40,MATR_b4c24,MATR_b2c19",False,False,0.95
380,MATR_b2c42,465.0,475.8788434903154,29.136204001147266,418.77293300185494,532.9847539787759,85.0,95.87884349031538,38.77293300185494,152.98475397877587,10.878843490315376,"MATR_b2c6,MATR_b4c23,MATR_b2c22,MATR_b3c0,MATR_b4c14,MATR_b3c21,MATR_b3c1,MATR_b4c15,MATR_b1c0,MATR_b2c18,MATR_b4c40,MATR_b4c39,MATR_b2c12,MATR_b3c40,MATR_b4c24,MATR_b2c19",False,False,0.95
380,MATR_b2c46,428.0,423.86308071609403,26.9314053618703,371.0784961537794,476.6476652784087,48.0,43.86308071609403,-8.921503846220617,96.64766527840868,4.136919283905968,"MATR_b2c6,MATR_b4c23,MATR_b2c22,MATR_b3c0,MATR_b4c14,MATR_b3c21,MATR_b3c1,MATR_b4c15,MATR_b1c0,MATR_b2c18,MATR_b4c40,MATR_b4c39,MATR_b2c12,MATR_b3c40,MATR_b4c24,MATR_b2c19",False,False,0.95
380,MATR_b3c19,1152.0,1242.4599240304792,124.9764856249259,997.5105132912367,1487.4093347697217,772.0,862.4599240304792,617.5105132912367,1107.4093347697217,90.45992403047921,"MATR_b2c6,MATR_b4c23,MATR_b2c22,MATR_b3c0,MATR_b4c14,MATR_b3c21,MATR_b3c1,MATR_b4c15,MATR_b1c0,MATR_b2c18,MATR_b4c40,MATR_b4c39,MATR_b2c12,MATR_b3c40,MATR_b4c24,MATR_b2c19",False,False,0.95
380,MATR_b3c20,811.0,871.1362094066255,93.92643748748371,687.0437747350047,1055.2286440782464,431.0,491.13620940662554,307.0437747350047,675.2286440782464,60.13620940662554,"MATR_b2c6,MATR_b4c23,MATR_b2c22,MATR_b3c0,MATR_b4c14,MATR_b3c21,MATR_b3c1,MATR_b4c15,MATR_b1c0,MATR_b2c18,MATR_b4c40,MATR_b4c39,MATR_b2c12,MATR_b3c40,MATR_b4c24,MATR_b2c19",False,False,0.95
380,MATR_b3c3,1113.0,1304.7666680404884,129.25936698886187,1051.4229640778735,1558.1103720031033,733.0,924.7666680404884,671.4229640778735,1178.1103720031033,191.7666680404884,"MATR_b2c6,MATR_b4c23,MATR_b2c22,MATR_b3c0,MATR_b4c14,MATR_b3c21,MATR_b3c1,MATR_b4c15,MATR_b1c0,MATR_b2c18,MATR_b4c40,MATR_b4c39,MATR_b2c12,MATR_b3c40,MATR_b4c24,MATR_b2c19",False,False,0.95
380,MATR_b3c30,933.0,999.7767123581814,107.5666125075777,788.9500259043534,1210.6033988120093,553.0,619.7767123581814,408.9500259043534,830.6033988120093,66.77671235818138,"MATR_b2c6,MATR_b4c23,MATR_b2c22,MATR_b3c0,MATR_b4c14,MATR_b3c21,MATR_b3c1,MATR_b4c15,MATR_b1c0,MATR_b2c18,MATR_b4c40,MATR_b4c39,MATR_b2c12,MATR_b3c40,MATR_b4c24,MATR_b2c19",False,False,0.95
380,MATR_b3c44,938.0,925.5771995314851,96.82342531765755,735.8067730490727,1115.3476260138975,558.0,545.5771995314851,355.8067730490727,735.3476260138975,12.422800468514879,"MATR_b2c6,MATR_b4c23,MATR_b2c22,MATR_b3c0,MATR_b4c14,MATR_b3c21,MATR_b3c1,MATR_b4c15,MATR_b1c0,MATR_b2c18,MATR_b4c40,MATR_b4c39,MATR_b2c12,MATR_b3c40,MATR_b4c24,MATR_b2c19",False,False,0.95
380,MATR_b3c45,1799.0,1826.7457588156497,156.86222424802233,1519.3014487546805,2134.190068876619,1419.0,1446.7457588156497,1139.3014487546805,1754.190068876619,27.74575881564965,"MATR_b2c6,MATR_b4c23,MATR_b2c22,MATR_b3c0,MATR_b4c14,MATR_b3c21,MATR_b3c1,MATR_b4c15,MATR_b1c0,MATR_b2c18,MATR_b4c40,MATR_b4c39,MATR_b2c12,MATR_b3c40,MATR_b4c24,MATR_b2c19",False,False,0.95
380,MATR_b4c10,872.0,868.5079603255731,96.85100022014706,678.6834880274041,1058.332432623742,492.0,488.5079603255731,298.6834880274041,678.3324326237421,3.4920396744269055,"MATR_b2c6,MATR_b4c23,MATR_b2c22,MATR_b3c0,MATR_b4c14,MATR_b3c21,MATR_b3c1,MATR_b4c15,MATR_b1c0,MATR_b2c18,MATR_b4c40,MATR_b4c39,MATR_b2c12,MATR_b3c40,MATR_b4c24,MATR_b2c19",False,False,0.95
380,MATR_b4c13,771.0,725.694812195519,67.63463129819004,593.1333707434211,858.256253647617,391.0,345.69481219551903,213.1333707434211,478.256253647617,45.305187804480965,"MATR_b2c6,MATR_b4c23,MATR_b2c22,MATR_b3c0,MATR_b4c14,MATR_b3c21,MATR_b3c1,MATR_b4c15,MATR_b1c0,MATR_b2c18,MATR_b4c40,MATR_b4c39,MATR_b2c12,MATR_b3c40,MATR_b4c24,MATR_b2c19",False,False,0.95
380,MATR_b4c16,909.0,862.2569310881289,95.64398958544027,674.798156162942,1049.7157060133159,529.0,482.2569310881289,294.79815616294195,669.7157060133159,46.74306891187109,"MATR_b2c6,MATR_b4c23,MATR_b2c22,MATR_b3c0,MATR_b4c14,MATR_b3c21,MATR_b3c1,MATR_b4c15,MATR_b1c0,MATR_b2c18,MATR_b4c40,MATR_b4c39,MATR_b2c12,MATR_b3c40,MATR_b4c24,MATR_b2c19",False,False,0.95
380,MATR_b4c18,906.0,953.2936111714986,99.89175050375088,757.5093778314861,1149.077844511511,526.0,573.2936111714986,377.50937783148606,769.0778445115111,47.29361117149858,"MATR_b2c6,MATR_b4c23,MATR_b2c22,MATR_b3c0,MATR_b4c14,MATR_b3c21,MATR_b3c1,MATR_b4c15,MATR_b1c0,MATR_b2c18,MATR_b4c40,MATR_b4c39,MATR_b2c12,MATR_b3c40,MATR_b4c24,MATR_b2c19",False,False,0.95
380,MATR_b4c25,453.0,445.5168556467395,23.144485900576967,400.15449684091357,490.8792144525654,73.0,65.51685564673949,20.154496840913566,110.8792144525654,7.4831443532605135,"MATR_b2c6,MATR_b4c23,MATR_b2c22,MATR_b3c0,MATR_b4c14,MATR_b3c21,MATR_b3c1,MATR_b4c15,MATR_b1c0,MATR_b2c18,MATR_b4c40,MATR_b4c39,MATR_b2c12,MATR_b3c40,MATR_b4c24,MATR_b2c19",False,False,0.95
380,MATR_b4c29,887.0,981.5560732208919,109.82739191124652,766.2983405588832,1196.8138058829006,507.0,601.5560732208919,386.2983405588832,816.8138058829006,94.5560732208919,"MATR_b2c6,MATR_b4c23,MATR_b2c22,MATR_b3c0,MATR_b4c14,MATR_b3c21,MATR_b3c1,MATR_b4c15,MATR_b1c0,MATR_b2c18,MATR_b4c40,MATR_b4c39,MATR_b2c12,MATR_b3c40,MATR_b4c24,MATR_b2c19",False,False,0.95
380,MATR_b4c33,505.0,509.85828903336835,28.974121590584314,453.0700542321387,566.6465238345979,125.0,129.85828903336835,73.07005423213872,186.64652383459793,4.858289033368351,"MATR_b2c6,MATR_b4c23,MATR_b2c22,MATR_b3c0,MATR_b4c14,MATR_b3c21,MATR_b3c1,MATR_b4c15,MATR_b1c0,MATR_b2c18,MATR_b4c40,MATR_b4c39,MATR_b2c12,MATR_b3c40,MATR_b4c24,MATR_b2c19",False,False,0.95
380,MATR_b4c37,863.0,776.3195791293498,70.27564477915827,638.5818463718693,914.0573118868302,483.0,396.3195791293498,258.58184637186935,534.0573118868302,86.68042087065021,"MATR_b2c6,MATR_b4c23,MATR_b2c22,MATR_b3c0,MATR_b4c14,MATR_b3c21,MATR_b3c1,MATR_b4c15,MATR_b1c0,MATR_b2c18,MATR_b4c40,MATR_b4c39,MATR_b2c12,MATR_b3c40,MATR_b4c24,MATR_b2c19",False,False,0.95
380,MATR_b4c4,656.0,655.0393218395661,47.72302644748265,561.5039087692477,748.5747349098846,276.0,275.0393218395661,181.5039087692477,368.57473490988457,0.9606781604338721,"MATR_b2c6,MATR_b4c23,MATR_b2c22,MATR_b3c0,MATR_b4c14,MATR_b3c21,MATR_b3c1,MATR_b4c15,MATR_b1c0,MATR_b2c18,MATR_b4c40,MATR_b4c39,MATR_b2c12,MATR_b3c40,MATR_b4c24,MATR_b2c19",False,False,0.95
380,MATR_b4c9,442.0,474.47295513057776,25.962295169555784,423.58779164225024,525.3581186189053,62.0,94.47295513057776,43.58779164225024,145.35811861890534,32.47295513057776,"MATR_b2c6,MATR_b4c23,MATR_b2c22,MATR_b3c0,MATR_b4c14,MATR_b3c21,MATR_b3c1,MATR_b4c15,MATR_b1c0,MATR_b2c18,MATR_b4c40,MATR_b4c39,MATR_b2c12,MATR_b3c40,MATR_b4c24,MATR_b2c19",False,False,0.95
400,MATR_b1c1,2154.0,1805.3566131621203,142.89513036989132,1525.2873040709778,2085.425922253263,1754.0,1405.3566131621203,1125.2873040709778,1685.4259222532628,348.6433868378797,"MATR_b2c39,MATR_b1c26,MATR_b1c3,MATR_b3c27,MATR_b1c31,MATR_b3c14,MATR_b2c27,MATR_b3c39,MATR_b2c43,MATR_b2c2,MATR_b2c31,MATR_b3c16,MATR_b4c6,MATR_b3c24,MATR_b4c1,MATR_b1c5",False,False,0.95
400,MATR_b1c20,533.0,484.7921846697301,25.59420604970069,434.62846259941955,534.9559067400406,133.0,84.79218466973009,34.62846259941955,134.95590674004063,48.20781533026991,"MATR_b2c39,MATR_b1c26,MATR_b1c3,MATR_b3c27,MATR_b1c31,MATR_b3c14,MATR_b2c27,MATR_b3c39,MATR_b2c43,MATR_b2c2,MATR_b2c31,MATR_b3c16,MATR_b4c6,MATR_b3c24,MATR_b4c1,MATR_b1c5",False,False,0.95
400,MATR_b1c21,557.0,532.1453370533721,31.582049936904628,470.2456566190936,594.0450174876507,157.0,132.14533705337215,70.24565661909361,194.04501748765074,24.854662946627855,"MATR_b2c39,MATR_b1c26,MATR_b1c3,MATR_b3c27,MATR_b1c31,MATR_b3c14,MATR_b2c27,MATR_b3c39,MATR_b2c43,MATR_b2c2,MATR_b2c31,MATR_b3c16,MATR_b4c6,MATR_b3c24,MATR_b4c1,MATR_b1c5",False,False,0.95
400,MATR_b1c28,858.0,817.5083033547187,73.37784289258961,673.6903740220047,961.3262326874327,458.0,417.5083033547187,273.6903740220047,561.3262326874327,40.49169664528131,"MATR_b2c39,MATR_b1c26,MATR_b1c3,MATR_b3c27,MATR_b1c31,MATR_b3c14,MATR_b2c27,MATR_b3c39,MATR_b2c43,MATR_b2c2,MATR_b2c31,MATR_b3c16,MATR_b4c6,MATR_b3c24,MATR_b4c1,MATR_b1c5",False,False,0.95
400,MATR_b1c39,622.0,666.8666844379499,50.43649958925065,568.0129617367494,765.7204071391503,222.0,266.86668443794986,168.0129617367494,365.7204071391503,44.86668443794986,"MATR_b2c39,MATR_b1c26,MATR_b1c3,MATR_b3c27,MATR_b1c31,MATR_b3c14,MATR_b2c27,MATR_b3c39,MATR_b2c43,MATR_b2c2,MATR_b2c31,MATR_b3c16,MATR_b4c6,MATR_b3c24,MATR_b4c1,MATR_b1c5",False,False,0.95
400,MATR_b1c7,869.0,952.1313385282447,101.05211517785943,754.0728322180469,1150.1898448384425,469.0,552.1313385282447,354.07283221804687,750.1898448384425,83.13133852824467,"MATR_b2c39,MATR_b1c26,MATR_b1c3,MATR_b3c27,MATR_b1c31,MATR_b3c14,MATR_b2c27,MATR_b3c39,MATR_b2c43,MATR_b2c2,MATR_b2c31,MATR_b3c16,MATR_b4c6,MATR_b3c24,MATR_b4c1,MATR_b1c5",False,False,0.95
400,MATR_b1c9,1052.0,1120.3023117342477,100.19807020169401,923.9177028185115,1316.686920649984,652.0,720.3023117342477,523.9177028185115,916.6869206499839,68.30231173424772,"MATR_b2c39,MATR_b1c26,MATR_b1c3,MATR_b3c27,MATR_b1c31,MATR_b3c14,MATR_b2c27,MATR_b3c39,MATR_b2c43,MATR_b2c2,MATR_b2c31,MATR_b3c16,MATR_b4c6,MATR_b3c24,MATR_b4c1,MATR_b1c5",False,False,0.95
400,MATR_b2c10,560.0,600.2334175073094,38.102873349841175,525.5531580341296,674.9136769804891,160.0,200.23341750730935,125.55315803412964,274.9136769804891,40.233417507309355,"MATR_b2c39,MATR_b1c26,MATR_b1c3,MATR_b3c27,MATR_b1c31,MATR_b3c14,MATR_b2c27,MATR_b3c39,MATR_b2c43,MATR_b2c2,MATR_b2c31,MATR_b3c16,MATR_b4c6,MATR_b3c24,MATR_b4c1,MATR_b1c5",False,False,0.95
400,MATR_b2c21,488.0,431.4049978472108,24.533707588662722,383.31981456619485,479.4901811282267,88.0,31.40499784721078,-16.68018543380515,79.49018112822671,56.59500215278922,"MATR_b2c39,MATR_b1c26,MATR_b1c3,MATR_b3c27,MATR_b1c31,MATR_b3c14,MATR_b2c27,MATR_b3c39,MATR_b2c43,MATR_b2c2,MATR_b2c31,MATR_b3c16,MATR_b4c6,MATR_b3c24,MATR_b4c1,MATR_b1c5",False,False,0.95
400,MATR_b2c23,526.0,470.71019824234094,26.74783671506102,418.2854016164632,523.1349948682187,126.0,70.71019824234094,18.28540161646322,123.13499486821866,55.28980175765906,"MATR_b2c39,MATR_b1c26,MATR_b1c3,MATR_b3c27,MATR_b1c31,MATR_b3c14,MATR_b2c27,MATR_b3c39,MATR_b2c43,MATR_b2c2,MATR_b2c31,MATR_b3c16,MATR_b4c6,MATR_b3c24,MATR_b4c1,MATR_b1c5",False,False,0.95
400,MATR_b2c25,460.0,417.4436019764821,23.16716785504333,372.03678735680313,462.8504165961611,60.0,17.443601976482114,-27.96321264319687,62.8504165961611,42.556398023517886,"MATR_b2c39,MATR_b1c26,MATR_b1c3,MATR_b3c27,MATR_b1c31,MATR_b3c14,MATR_b2c27,MATR_b3c39,MATR_b2c43,MATR_b2c2,MATR_b2c31,MATR_b3c16,MATR_b4c6,MATR_b3c24,MATR_b4c1,MATR_b1c5",False,False,0.95
400,MATR_b2c29,497.0,539.8660680167877,34.581968817463945,472.0866546200712,607.6454814135043,97.0,139.86606801678772,72.08665462007122,207.64548141350429,42.86606801678772,"MATR_b2c39,MATR_b1c26,MATR_b1c3,MATR_b3c27,MATR_b1c31,MATR_b3c14,MATR_b2c27,MATR_b3c39,MATR_b2c43,MATR_b2c2,MATR_b2c31,MATR_b3c16,MATR_b4c6,MATR_b3c24,MATR_b4c1,MATR_b1c5",False,False,0.95
400,MATR_b2c30,480.0,486.52845385866885,27.45125788721615,432.72497706940413,540.3319306479336,80.0,86.52845385866885,32.72497706940413,140.33193064793363,6.528453858668854,"MATR_b2c39,MATR_b1c26,MATR_b1c3,MATR_b3c27,MATR_b1c31,MATR_b3c14,MATR_b2c27,MATR_b3c39,MATR_b2c43,MATR_b2c2,MATR_b2c31,MATR_b3c16,MATR_b4c6,MATR_b3c24,MATR_b4c1,MATR_b1c5",False,False,0.95
400,MATR_b2c36,534.0,589.1190742018831,40.70473892995195,509.3392518990718,668.8988965046943,134.0,189.1190742018831,109.33925189907183,268.89889650469433,55.11907420188311,"MATR_b2c39,MATR_b1c26,MATR_b1c3,MATR_b3c27,MATR_b1c31,MATR_b3c14,MATR_b2c27,MATR_b3c39,MATR_b2c43,MATR_b2c2,MATR_b2c31,MATR_b3c16,MATR_b4c6,MATR_b3c24,MATR_b4c1,MATR_b1c5",False,False,0.95
400,MATR_b2c40,498.0,476.51632965181363,27.648972269068974,422.32533979489176,530.7073195087355,98.0,76.51632965181363,22.32533979489176,130.7073195087355,21.483670348186365,"MATR_b2c39,MATR_b1c26,MATR_b1c3,MATR_b3c27,MATR_b1c31,MATR_b3c14,MATR_b2c27,MATR_b3c39,MATR_b2c43,MATR_b2c2,MATR_b2c31,MATR_b3c16,MATR_b4c6,MATR_b3c24,MATR_b4c1,MATR_b1c5",False,False,0.95
400,MATR_b2c42,465.0,460.0751954929643,28.23629654040141,404.7330712169846,515.417319768944,65.0,60.075195492964326,4.7330712169846265,115.41731976894403,4.924804507035674,"MATR_b2c39,MATR_b1c26,MATR_b1c3,MATR_b3c27,MATR_b1c31,MATR_b3c14,MATR_b2c27,MATR_b3c39,MATR_b2c43,MATR_b2c2,MATR_b2c31,MATR_b3c16,MATR_b4c6,MATR_b3c24,MATR_b4c1,MATR_b1c5",False,False,0.95
400,MATR_b2c46,428.0,404.54013614678803,26.0607498307926,353.4620050683262,455.61826722524984,28.0,4.540136146788029,-46.53799493167378,55.61826722524984,23.45986385321197,"MATR_b2c39,MATR_b1c26,MATR_b1c3,MATR_b3c27,MATR_b1c31,MATR_b3c14,MATR_b2c27,MATR_b3c39,MATR_b2c43,MATR_b2c2,MATR_b2c31,MATR_b3c16,MATR_b4c6,MATR_b3c24,MATR_b4c1,MATR_b1c5",False,False,0.95
400,MATR_b3c19,1152.0,1200.578015621254,127.98439466586532,949.7332114929978,1451.4228197495102,752.0,800.578015621254,549.7332114929978,1051.4228197495102,48.57801562125405,"MATR_b2c39,MATR_b1c26,MATR_b1c3,MATR_b3c27,MATR_b1c31,MATR_b3c14,MATR_b2c27,MATR_b3c39,MATR_b2c43,MATR_b2c2,MATR_b2c31,MATR_b3c16,MATR_b4c6,MATR_b3c24,MATR_b4c1,MATR_b1c5",False,False,0.95
400,MATR_b3c20,811.0,865.7832724692358,95.28882242403888,679.020612388887,1052.5459325495847,411.0,465.78327246923584,279.020612388887,652.5459325495847,54.78327246923584,"MATR_b2c39,MATR_b1c26,MATR_b1c3,MATR_b3c27,MATR_b1c31,MATR_b3c14,MATR_b2c27,MATR_b3c39,MATR_b2c43,MATR_b2c2,MATR_b2c31,MATR_b3c16,MATR_b4c6,MATR_b3c24,MATR_b4c1,MATR_b1c5",False,False,0.95
400,MATR_b3c3,1113.0,1268.3139246843484,132.81492360792265,1008.0014578033815,1528.6263915653153,713.0,868.3139246843484,608.0014578033815,1128.6263915653153,155.31392468434842,"MATR_b2c39,MATR_b1c26,MATR_b1c3,MATR_b3c27,MATR_b1c31,MATR_b3c14,MATR_b2c27,MATR_b3c39,MATR_b2c43,MATR_b2c2,MATR_b2c31,MATR_b3c16,MATR_b4c6,MATR_b3c24,MATR_b4c1,MATR_b1c5",False,False,0.95
400,MATR_b3c30,933.0,985.5252879106736,110.30948650420731,769.3226672093201,1201.727908612027,533.0,585.5252879106736,369.3226672093201,801.727908612027,52.52528791067357,"MATR_b2c39,MATR_b1c26,MATR_b1c3,MATR_b3c27,MATR_b1c31,MATR_b3c14,MATR_b2c27,MATR_b3c39,MATR_b2c43,MATR_b2c2,MATR_b2c31,MATR_b3c16,MATR_b4c6,MATR_b3c24,MATR_b4c1,MATR_b1c5",False,False,0.95
400,MATR_b3c44,938.0,903.0886665163966,96.97538944840908,713.0203958107693,1093.156937222024,538.0,503.08866651639664,313.0203958107693,693.156937222024,34.91133348360336,"MATR_b2c39,MATR_b1c26,MATR_b1c3,MATR_b3c27,MATR_b1c31,MATR_b3c14,MATR_b2c27,MATR_b3c39,MATR_b2c43,MATR_b2c2,MATR_b2c31,MATR_b3c16,MATR_b4c6,MATR_b3c24,MATR_b4c1,MATR_b1c5",False,False,0.95
400,MATR_b3c45,1799.0,1821.8899514407528,158.2426269746513,1511.7401017514298,2132.039801130076,1399.0,1421.8899514407528,1111.7401017514298,1732.0398011300758,22.88995144075284,"MATR_b2c39,MATR_b1c26,MATR_b1c3,MATR_b3c27,MATR_b1c31,MATR_b3c14,MATR_b2c27,MATR_b3c39,MATR_b2c43,MATR_b2c2,MATR_b2c31,MATR_b3c16,MATR_b4c6,MATR_b3c24,MATR_b4c1,MATR_b1c5",False,False,0.95
400,MATR_b4c10,872.0,838.6097859678755,93.54526669230074,655.2644323267718,1021.9551396089792,472.0,438.6097859678755,255.26443232677184,621.9551396089792,33.390214032124504,"MATR_b2c39,MATR_b1c26,MATR_b1c3,MATR_b3c27,MATR_b1c31,MATR_b3c14,MATR_b2c27,MATR_b3c39,MATR_b2c43,MATR_b2c2,MATR_b2c31,MATR_b3c16,MATR_b4c6,MATR_b3c24,MATR_b4c1,MATR_b1c5",False,False,0.95
400,MATR_b4c13,771.0,709.3223044924898,66.21423028626558,579.5447978673681,839.0998111176116,371.0,309.3223044924898,179.54479786736806,439.0998111176116,61.67769550751018,"MATR_b2c39,MATR_b1c26,MATR_b1c3,MATR_b3c27,MATR_b1c31,MATR_b3c14,MATR_b2c27,MATR_b3c39,MATR_b2c43,MATR_b2c2,MATR_b2c31,MATR_b3c16,MATR_b4c6,MATR_b3c24,MATR_b4c1,MATR_b1c5",False,False,0.95
400,MATR_b4c16,909.0,841.9408842620068,92.35511697949813,660.9281811942069,1022.9535873298066,509.0,441.94088426200676,260.9281811942069,622.9535873298066,67.05911573799324,"MATR_b2c39,MATR_b1c26,MATR_b1c3,MATR_b3c27,MATR_b1c31,MATR_b3c14,MATR_b2c27,MATR_b3c39,MATR_b2c43,MATR_b2c2,MATR_b2c31,MATR_b3c16,MATR_b4c6,MATR_b3c24,MATR_b4c1,MATR_b1c5",False,False,0.95
400,MATR_b4c18,906.0,895.4014501965203,95.96942350821487,707.3048365033476,1083.498063889693,506.0,495.4014501965203,307.3048365033476,683.498063889693,10.598549803479727,"MATR_b2c39,MATR_b1c26,MATR_b1c3,MATR_b3c27,MATR_b1c31,MATR_b3c14,MATR_b2c27,MATR_b3c39,MATR_b2c43,MATR_b2c2,MATR_b2c31,MATR_b3c16,MATR_b4c6,MATR_b3c24,MATR_b4c1,MATR_b1c5",False,False,0.95
400,MATR_b4c25,453.0,437.31607619302116,22.93454670284276,392.36519065369754,482.2669617323448,53.0,37.31607619302116,-7.634809346302461,82.26696173234478,15.68392380697884,"MATR_b2c39,MATR_b1c26,MATR_b1c3,MATR_b3c27,MATR_b1c31,MATR_b3c14,MATR_b2c27,MATR_b3c39,MATR_b2c43,MATR_b2c2,MATR_b2c31,MATR_b3c16,MATR_b4c6,MATR_b3c24,MATR_b4c1,MATR_b1c5",False,False,0.95
400,MATR_b4c29,887.0,947.5138287295895,110.87016179925313,730.2123046429249,1164.815352816254,487.0,547.5138287295895,330.2123046429249,764.8153528162541,60.51382872958948,"MATR_b2c39,MATR_b1c26,MATR_b1c3,MATR_b3c27,MATR_b1c31,MATR_b3c14,MATR_b2c27,MATR_b3c39,MATR_b2c43,MATR_b2c2,MATR_b2c31,MATR_b3c16,MATR_b4c6,MATR_b3c24,MATR_b4c1,MATR_b1c5",False,False,0.95
400,MATR_b4c33,505.0,504.04626968291325,28.972308588229023,447.2615883010039,560.8309510648227,105.0,104.04626968291325,47.26158830100388,160.83095106482267,0.9537303170867517,"MATR_b2c39,MATR_b1c26,MATR_b1c3,MATR_b3c27,MATR_b1c31,MATR_b3c14,MATR_b2c27,MATR_b3c39,MATR_b2c43,MATR_b2c2,MATR_b2c31,MATR_b3c16,MATR_b4c6,MATR_b3c24,MATR_b4c1,MATR_b1c5",False,False,0.95
400,MATR_b4c37,863.0,764.5084968604493,70.66282006547506,626.0119144860839,903.0050792348147,463.0,364.5084968604493,226.01191448608392,503.00507923481473,98.49150313955067,"MATR_b2c39,MATR_b1c26,MATR_b1c3,MATR_b3c27,MATR_b1c31,MATR_b3c14,MATR_b2c27,MATR_b3c39,MATR_b2c43,MATR_b2c2,MATR_b2c31,MATR_b3c16,MATR_b4c6,MATR_b3c24,MATR_b4c1,MATR_b1c5",False,False,0.95
400,MATR_b4c4,656.0,640.1150835846654,46.729401873321244,548.5271388938572,731.7030282754736,256.0,240.1150835846654,148.52713889385723,331.70302827547357,15.884916415334601,"MATR_b2c39,MATR_b1c26,MATR_b1c3,MATR_b3c27,MATR_b1c31,MATR_b3c14,MATR_b2c27,MATR_b3c39,MATR_b2c43,MATR_b2c2,MATR_b2c31,MATR_b3c16,MATR_b4c6,MATR_b3c24,MATR_b4c1,MATR_b1c5",False,False,0.95
400,MATR_b4c9,442.0,456.1358349086331,25.142086429014032,406.85825101157235,505.4134188056939,42.0,56.135834908633115,6.858251011572349,105.41341880569388,14.135834908633115,"MATR_b2c39,MATR_b1c26,MATR_b1c3,MATR_b3c27,MATR_b1c31,MATR_b3c14,MATR_b2c27,MATR_b3c39,MATR_b2c43,MATR_b2c2,MATR_b2c31,MATR_b3c16,MATR_b4c6,MATR_b3c24,MATR_b4c1,MATR_b1c5",False,False,0.95
420,MATR_b1c1,2154.0,1778.1941082750263,145.12831760438152,1493.7478326335483,2062.640383916504,1734.0,1358.1941082750263,1073.7478326335483,1642.640383916504,375.80589172497366,"MATR_b1c43,MATR_b1c25,MATR_b4c39,MATR_b3c35,MATR_b3c33,MATR_b1c34,MATR_b4c1,MATR_b1c40,MATR_b1c3,MATR_b1c24,MATR_b3c14,MATR_b3c15,MATR_b1c26,MATR_b3c24,MATR_b3c26,MATR_b3c18",False,False,0.95
420,MATR_b1c20,533.0,461.5999822738308,24.527998789579694,413.52598803341255,509.67397651424903,113.0,41.59998227383079,-6.4740119665874545,89.67397651424903,71.40001772616921,"MATR_b1c43,MATR_b1c25,MATR_b4c39,MATR_b3c35,MATR_b3c33,MATR_b1c34,MATR_b4c1,MATR_b1c40,MATR_b1c3,MATR_b1c24,MATR_b3c14,MATR_b3c15,MATR_b1c26,MATR_b3c24,MATR_b3c26,MATR_b3c18",False,False,0.95
420,MATR_b1c21,557.0,518.2895442531668,30.911722532741955,457.70368138889734,578.8754071174363,137.0,98.28954425316681,37.70368138889734,158.87540711743634,38.71045574683319,"MATR_b1c43,MATR_b1c25,MATR_b4c39,MATR_b3c35,MATR_b3c33,MATR_b1c34,MATR_b4c1,MATR_b1c40,MATR_b1c3,MATR_b1c24,MATR_b3c14,MATR_b3c15,MATR_b1c26,MATR_b3c24,MATR_b3c26,MATR_b3c18",False,False,0.95
420,MATR_b1c28,858.0,800.1066707647426,73.54235990631538,655.966294010282,944.2470475192032,438.0,380.1066707647426,235.966294010282,524.2470475192032,57.8933292352574,"MATR_b1c43,MATR_b1c25,MATR_b4c39,MATR_b3c35,MATR_b3c33,MATR_b1c34,MATR_b4c1,MATR_b1c40,MATR_b1c3,MATR_b1c24,MATR_b3c14,MATR_b3c15,MATR_b1c26,MATR_b3c24,MATR_b3c26,MATR_b3c18",False,False,0.95
420,MATR_b1c39,622.0,650.1199039820323,49.73612382938518,552.638892545813,747.6009154182516,202.0,230.11990398203227,132.63889254581295,327.6009154182516,28.11990398203227,"MATR_b1c43,MATR_b1c25,MATR_b4c39,MATR_b3c35,MATR_b3c33,MATR_b1c34,MATR_b4c1,MATR_b1c40,MATR_b1c3,MATR_b1c24,MATR_b3c14,MATR_b3c15,MATR_b1c26,MATR_b3c24,MATR_b3c26,MATR_b3c18",False,False,0.95
420,MATR_b1c7,869.0,933.193061258664,102.16724112653121,732.9489482508434,1133.4371742664846,449.0,513.193061258664,312.9489482508434,713.4371742664846,64.19306125866399,"MATR_b1c43,MATR_b1c25,MATR_b4c39,MATR_b3c35,MATR_b3c33,MATR_b1c34,MATR_b4c1,MATR_b1c40,MATR_b1c3,MATR_b1c24,MATR_b3c14,MATR_b3c15,MATR_b1c26,MATR_b3c24,MATR_b3c26,MATR_b3c18",False,False,0.95
420,MATR_b1c9,1052.0,1115.071264671873,104.20336363834592,910.8364248727844,1319.3061044709616,632.0,695.071264671873,490.8364248727844,899.3061044709616,63.071264671872996,"MATR_b1c43,MATR_b1c25,MATR_b4c39,MATR_b3c35,MATR_b3c33,MATR_b1c34,MATR_b4c1,MATR_b1c40,MATR_b1c3,MATR_b1c24,MATR_b3c14,MATR_b3c15,MATR_b1c26,MATR_b3c24,MATR_b3c26,MATR_b3c18",False,False,0.95
420,MATR_b2c10,560.0,569.0986417264633,35.36946365717339,499.77576680590505,638.4215166470215,140.0,149.09864172646326,79.77576680590505,218.42151664702146,9.098641726463256,"MATR_b1c43,MATR_b1c25,MATR_b4c39,MATR_b3c35,MATR_b3c33,MATR_b1c34,MATR_b4c1,MATR_b1c40,MATR_b1c3,MATR_b1c24,MATR_b3c14,MATR_b3c15,MATR_b1c26,MATR_b3c24,MATR_b3c26,MATR_b3c18",False,False,0.95
420,MATR_b2c21,488.0,410.9099904219323,23.874055315034887,364.1177018395469,457.70227900431775,68.0,-9.09000957806768,-55.882298160453104,37.702279004317745,77.09000957806768,"MATR_b1c43,MATR_b1c25,MATR_b4c39,MATR_b3c35,MATR_b3c33,MATR_b1c34,MATR_b4c1,MATR_b1c40,MATR_b1c3,MATR_b1c24,MATR_b3c14,MATR_b3c15,MATR_b1c26,MATR_b3c24,MATR_b3c26,MATR_b3c18",False,False,0.95
420,MATR_b2c23,526.0,451.7258189128686,26.053840996817257,400.6612289001736,502.79040892556355,106.0,31.72581891286859,-19.338771099826374,82.79040892556355,74.27418108713141,"MATR_b1c43,MATR_b1c25,MATR_b4c39,MATR_b3c35,MATR_b3c33,MATR_b1c34,MATR_b4c1,MATR_b1c40,MATR_b1c3,MATR_b1c24,MATR_b3c14,MATR_b3c15,MATR_b1c26,MATR_b3c24,MATR_b3c26,MATR_b3c18",False,False,0.95
420,MATR_b2c25,460.0,392.18447329541726,22.503686693108016,348.07805785755227,436.29088873328226,40.0,-27.815526704582737,-71.92194214244773,16.29088873328226,67.81552670458274,"MATR_b1c43,MATR_b1c25,MATR_b4c39,MATR_b3c35,MATR_b3c33,MATR_b1c34,MATR_b4c1,MATR_b1c40,MATR_b1c3,MATR_b1c24,MATR_b3c14,MATR_b3c15,MATR_b1c26,MATR_b3c24,MATR_b3c26,MATR_b3c18",False,False,0.95
420,MATR_b2c29,497.0,511.78112479801104,32.61167555783537,447.86341522914853,575.6988343668735,77.0,91.78112479801104,27.86341522914853,155.69883436687348,14.781124798011035,"MATR_b1c43,MATR_b1c25,MATR_b4c39,MATR_b3c35,MATR_b3c33,MATR_b1c34,MATR_b4c1,MATR_b1c40,MATR_b1c3,MATR_b1c24,MATR_b3c14,MATR_b3c15,MATR_b1c26,MATR_b3c24,MATR_b3c26,MATR_b3c18",False,False,0.95
420,MATR_b2c30,480.0,459.90888274357235,26.163998156590242,408.6283886650831,511.1893768220616,60.0,39.90888274357235,-11.371611334916906,91.1893768220616,20.09111725642765,"MATR_b1c43,MATR_b1c25,MATR_b4c39,MATR_b3c35,MATR_b3c33,MATR_b1c34,MATR_b4c1,MATR_b1c40,MATR_b1c3,MATR_b1c24,MATR_b3c14,MATR_b3c15,MATR_b1c26,MATR_b3c24,MATR_b3c26,MATR_b3c18",False,False,0.95
420,MATR_b2c36,534.0,560.9308416489221,38.645668988325994,485.1867222733467,636.6749610244974,114.0,140.93084164892207,65.18672227334667,216.6749610244974,26.93084164892207,"MATR_b1c43,MATR_b1c25,MATR_b4c39,MATR_b3c35,MATR_b3c33,MATR_b1c34,MATR_b4c1,MATR_b1c40,MATR_b1c3,MATR_b1c24,MATR_b3c14,MATR_b3c15,MATR_b1c26,MATR_b3c24,MATR_b3c26,MATR_b3c18",False,False,0.95
420,MATR_b2c40,498.0,451.48650260197024,26.423855352506777,399.69669777836106,503.27630742557943,78.0,31.486502601970244,-20.303302221638944,83.27630742557943,46.513497398029756,"MATR_b1c43,MATR_b1c25,MATR_b4c39,MATR_b3c35,MATR_b3c33,MATR_b1c34,MATR_b4c1,MATR_b1c40,MATR_b1c3,MATR_b1c24,MATR_b3c14,MATR_b3c15,MATR_b1c26,MATR_b3c24,MATR_b3c26,MATR_b3c18",False,False,0.95
420,MATR_b2c42,465.0,428.7548718710711,26.50135256985089,376.81317529256535,480.69656844957683,45.0,8.754871871071089,-43.18682470743465,60.69656844957683,36.24512812892891,"MATR_b1c43,MATR_b1c25,MATR_b4c39,MATR_b3c35,MATR_b3c33,MATR_b1c34,MATR_b4c1,MATR_b1c40,MATR_b1c3,MATR_b1c24,MATR_b3c14,MATR_b3c15,MATR_b1c26,MATR_b3c24,MATR_b3c26,MATR_b3c18",False,False,0.95
420,MATR_b2c46,428.0,373.655727357863,24.83261124363825,324.9847036782476,422.32675103747835,8.0,-46.344272642137014,-95.01529632175237,2.3267510374783456,54.344272642137014,"MATR_b1c43,MATR_b1c25,MATR_b4c39,MATR_b3c35,MATR_b3c33,MATR_b1c34,MATR_b4c1,MATR_b1c40,MATR_b1c3,MATR_b1c24,MATR_b3c14,MATR_b3c15,MATR_b1c26,MATR_b3c24,MATR_b3c26,MATR_b3c18",False,False,0.95
420,MATR_b3c19,1152.0,1074.0099901954088,124.95667209918594,829.0994132530234,1318.9205671377943,732.0,654.0099901954088,409.0994132530234,898.9205671377943,77.99000980459118,"MATR_b1c43,MATR_b1c25,MATR_b4c39,MATR_b3c35,MATR_b3c33,MATR_b1c34,MATR_b4c1,MATR_b1c40,MATR_b1c3,MATR_b1c24,MATR_b3c14,MATR_b3c15,MATR_b1c26,MATR_b3c24,MATR_b3c26,MATR_b3c18",False,False,0.95
420,MATR_b3c20,811.0,826.4833427309529,90.5327215453385,649.042469079696,1003.9242163822098,391.0,406.4833427309529,229.04246907969605,583.9242163822098,15.483342730952927,"MATR_b1c43,MATR_b1c25,MATR_b4c39,MATR_b3c35,MATR_b3c33,MATR_b1c34,MATR_b4c1,MATR_b1c40,MATR_b1c3,MATR_b1c24,MATR_b3c14,MATR_b3c15,MATR_b1c26,MATR_b3c24,MATR_b3c26,MATR_b3c18",False,False,0.95
420,MATR_b3c3,1113.0,1176.849026394676,132.95897096172274,916.2542318881926,1437.4438209011594,693.0,756.849026394676,496.25423188819263,1017.4438209011594,63.849026394676,"MATR_b1c43,MATR_b1c25,MATR_b4c39,MATR_b3c35,MATR_b3c33,MATR_b1c34,MATR_b4c1,MATR_b1c40,MATR_b1c3,MATR_b1c24,MATR_b3c14,MATR_b3c15,MATR_b1c26,MATR_b3c24,MATR_b3c26,MATR_b3c18",False,False,0.95
420,MATR_b3c30,933.0,915.3814009193499,106.77532331293897,706.1056127883695,1124.65718905033,513.0,495.38140091934986,286.1056127883695,704.6571890503301,17.618599080650142,"MATR_b1c43,MATR_b1c25,MATR_b4c39,MATR_b3c35,MATR_b3c33,MATR_b1c34,MATR_b4c1,MATR_b1c40,MATR_b1c3,MATR_b1c24,MATR_b3c14,MATR_b3c15,MATR_b1c26,MATR_b3c24,MATR_b3c26,MATR_b3c18",False,False,0.95
420,MATR_b3c44,938.0,848.7362631399545,93.25422801420935,665.9613348260181,1031.511191453891,518.0,428.73626313995453,245.96133482601806,611.5111914538909,89.26373686004547,"MATR_b1c43,MATR_b1c25,MATR_b4c39,MATR_b3c35,MATR_b3c33,MATR_b1c34,MATR_b4c1,MATR_b1c40,MATR_b1c3,MATR_b1c24,MATR_b3c14,MATR_b3c15,MATR_b1c26,MATR_b3c24,MATR_b3c26,MATR_b3c18",False,False,0.95
420,MATR_b3c45,1799.0,1776.8711345563372,160.88334260523257,1461.545577337663,2092.1966917750115,1379.0,1356.8711345563372,1041.545577337663,1672.1966917750115,22.12886544366279,"MATR_b1c43,MATR_b1c25,MATR_b4c39,MATR_b3c35,MATR_b3c33,MATR_b1c34,MATR_b4c1,MATR_b1c40,MATR_b1c3,MATR_b1c24,MATR_b3c14,MATR_b3c15,MATR_b1c26,MATR_b3c24,MATR_b3c26,MATR_b3c18",False,False,0.95
420,MATR_b4c10,872.0,789.1517232809724,85.36329066301013,621.8427479796483,956.4606985822966,452.0,369.1517232809724,201.84274797964827,536.4606985822966,82.84827671902758,"MATR_b1c43,MATR_b1c25,MATR_b4c39,MATR_b3c35,MATR_b3c33,MATR_b1c34,MATR_b4c1,MATR_b1c40,MATR_b1c3,MATR_b1c24,MATR_b3c14,MATR_b3c15,MATR_b1c26,MATR_b3c24,MATR_b3c26,MATR_b3c18",False,False,0.95
420,MATR_b4c13,771.0,681.0365496795033,63.28935243652617,556.9916982990497,805.0814010599569,351.0,261.0365496795033,136.99169829904974,385.0814010599569,89.96345032049669,"MATR_b1c43,MATR_b1c25,MATR_b4c39,MATR_b3c35,MATR_b3c33,MATR_b1c34,MATR_b4c1,MATR_b1c40,MATR_b1c3,MATR_b1c24,MATR_b3c14,MATR_b3c15,MATR_b1c26,MATR_b3c24,MATR_b3c26,MATR_b3c18",False,False,0.95
420,MATR_b4c16,909.0,792.4528625205586,82.73611211668168,630.2930625509946,954.6126624901226,489.0,372.4528625205586,210.2930625509946,534.6126624901226,116.5471374794414,"MATR_b1c43,MATR_b1c25,MATR_b4c39,MATR_b3c35,MATR_b3c33,MATR_b1c34,MATR_b4c1,MATR_b1c40,MATR_b1c3,MATR_b1c24,MATR_b3c14,MATR_b3c15,MATR_b1c26,MATR_b3c24,MATR_b3c26,MATR_b3c18",False,False,0.95
420,MATR_b4c18,906.0,783.8368890701657,80.18441490174514,626.6783237413285,940.9954543990029,486.0,363.83688907016574,206.67832374132854,520.9954543990029,122.16311092983426,"MATR_b1c43,MATR_b1c25,MATR_b4c39,MATR_b3c35,MATR_b3c33,MATR_b1c34,MATR_b4c1,MATR_b1c40,MATR_b1c3,MATR_b1c24,MATR_b3c14,MATR_b3c15,MATR_b1c26,MATR_b3c24,MATR_b3c26,MATR_b3c18",False,False,0.95
420,MATR_b4c25,453.0,419.1275530974539,22.37730316225518,375.2688448282995,462.98626136660835,33.0,-0.8724469025460735,-44.73115517170049,42.986261366608346,33.87244690254607,"MATR_b1c43,MATR_b1c25,MATR_b4c39,MATR_b3c35,MATR_b3c33,MATR_b1c34,MATR_b4c1,MATR_b1c40,MATR_b1c3,MATR_b1c24,MATR_b3c14,MATR_b3c15,MATR_b1c26,MATR_b3c24,MATR_b3c26,MATR_b3c18",False,False,0.95
420,MATR_b4c29,887.0,913.34375030555,109.98979375555778,697.7677158776683,1128.9197847334317,467.0,493.34375030555,277.76771587766825,708.9197847334317,26.343750305549975,"MATR_b1c43,MATR_b1c25,MATR_b4c39,MATR_b3c35,MATR_b3c33,MATR_b1c34,MATR_b4c1,MATR_b1c40,MATR_b1c3,MATR_b1c24,MATR_b3c14,MATR_b3c15,MATR_b1c26,MATR_b3c24,MATR_b3c26,MATR_b3c18",False,False,0.95
420,MATR_b4c33,505.0,488.27708599700185,28.439635546227905,432.5364245929501,544.0177474010536,85.0,68.27708599700185,12.536424592950084,124.01774740105361,16.722914002998152,"MATR_b1c43,MATR_b1c25,MATR_b4c39,MATR_b3c35,MATR_b3c33,MATR_b1c34,MATR_b4c1,MATR_b1c40,MATR_b1c3,MATR_b1c24,MATR_b3c14,MATR_b3c15,MATR_b1c26,MATR_b3c24,MATR_b3c26,MATR_b3c18",False,False,0.95
420,MATR_b4c37,863.0,735.1145292494386,68.086802718944,601.6668480978246,868.5622104010527,443.0,315.11452924943865,181.66684809782464,448.56221040105265,127.88547075056135,"MATR_b1c43,MATR_b1c25,MATR_b4c39,MATR_b3c35,MATR_b3c33,MATR_b1c34,MATR_b4c1,MATR_b1c40,MATR_b1c3,MATR_b1c24,MATR_b3c14,MATR_b3c15,MATR_b1c26,MATR_b3c24,MATR_b3c26,MATR_b3c18",False,False,0.95
420,MATR_b4c4,656.0,613.1280427921853,44.25135572073224,526.3969793124796,699.8591062718909,236.0,193.12804279218528,106.39697931247963,279.85910627189094,42.87195720781472,"MATR_b1c43,MATR_b1c25,MATR_b4c39,MATR_b3c35,MATR_b3c33,MATR_b1c34,MATR_b4c1,MATR_b1c40,MATR_b1c3,MATR_b1c24,MATR_b3c14,MATR_b3c15,MATR_b1c26,MATR_b3c24,MATR_b3c26,MATR_b3c18",False,False,0.95
420,MATR_b4c9,442.0,420.3935122087413,23.603082688011515,374.1323202161179,466.6547042013647,22.0,0.3935122087412992,-45.867679783882124,46.65470420136472,21.6064877912587,"MATR_b1c43,MATR_b1c25,MATR_b4c39,MATR_b3c35,MATR_b3c33,MATR_b1c34,MATR_b4c1,MATR_b1c40,MATR_b1c3,MATR_b1c24,MATR_b3c14,MATR_b3c15,MATR_b1c26,MATR_b3c24,MATR_b3c26,MATR_b3c18",False,False,0.95
440,MATR_b1c1,2154.0,1795.6197199794874,146.70407565146527,1508.085015317376,2083.154424641599,1714.0,1355.6197199794874,1068.085015317376,1643.1544246415988,358.3802800205126,"MATR_b4c15,MATR_b1c4,MATR_b4c30,MATR_b4c3,MATR_b3c4,MATR_b2c43,MATR_b1c42,MATR_b3c35,MATR_b4c23,MATR_b4c20,MATR_b1c43,MATR_b1c41,MATR_b3c39,MATR_b4c43,MATR_b3c10,MATR_b1c34",False,False,0.95
440,MATR_b1c20,533.0,445.76715357190415,23.771801982196514,399.17527783918115,492.35902930462714,93.0,5.767153571904146,-40.82472216081885,52.35902930462714,87.23284642809585,"MATR_b4c15,MATR_b1c4,MATR_b4c30,MATR_b4c3,MATR_b3c4,MATR_b2c43,MATR_b1c42,MATR_b3c35,MATR_b4c23,MATR_b4c20,MATR_b1c43,MATR_b1c41,MATR_b3c39,MATR_b4c43,MATR_b3c10,MATR_b1c34",False,False,0.95
440,MATR_b1c21,557.0,510.23389132131723,30.381607119063478,450.68703557550714,569.7807470671273,117.0,70.23389132131723,10.687035575507139,129.78074706712732,46.76610867868277,"MATR_b4c15,MATR_b1c4,MATR_b4c30,MATR_b4c3,MATR_b3c4,MATR_b2c43,MATR_b1c42,MATR_b3c35,MATR_b4c23,MATR_b4c20,MATR_b1c43,MATR_b1c41,MATR_b3c39,MATR_b4c43,MATR_b3c10,MATR_b1c34",False,False,0.95
440,MATR_b1c28,858.0,809.4575520042368,77.20411529667344,658.1402665644791,960.7748374439946,418.0,369.45755200423685,218.14026656447913,520.7748374439946,48.542447995763155,"MATR_b4c15,MATR_b1c4,MATR_b4c30,MATR_b4c3,MATR_b3c4,MATR_b2c43,MATR_b1c42,MATR_b3c35,MATR_b4c23,MATR_b4c20,MATR_b1c43,MATR_b1c41,MATR_b3c39,MATR_b4c43,MATR_b3c10,MATR_b1c34",False,False,0.95
440,MATR_b1c39,622.0,655.5876514519068,51.06944029484387,555.4933877633943,755.6819151404194,182.0,215.58765145190682,115.49338776339425,315.6819151404194,33.58765145190682,"MATR_b4c15,MATR_b1c4,MATR_b4c30,MATR_b4c3,MATR_b3c4,MATR_b2c43,MATR_b1c42,MATR_b3c35,MATR_b4c23,MATR_b4c20,MATR_b1c43,MATR_b1c41,MATR_b3c39,MATR_b4c43,MATR_b3c10,MATR_b1c34",False,False,0.95
440,MATR_b1c7,869.0,937.9633380891139,105.88803132691532,730.426610294511,1145.5000658837168,429.0,497.9633380891139,290.42661029451097,705.5000658837168,68.9633380891139,"MATR_b4c15,MATR_b1c4,MATR_b4c30,MATR_b4c3,MATR_b3c4,MATR_b2c43,MATR_b1c42,MATR_b3c35,MATR_b4c23,MATR_b4c20,MATR_b1c43,MATR_b1c41,MATR_b3c39,MATR_b4c43,MATR_b3c10,MATR_b1c34",False,False,0.95
440,MATR_b1c9,1052.0,1121.287065546885,109.46777857740241,906.7341620675711,1335.839969026199,612.0,681.2870655468851,466.7341620675711,895.839969026199,69.28706554688506,"MATR_b4c15,MATR_b1c4,MATR_b4c30,MATR_b4c3,MATR_b3c4,MATR_b2c43,MATR_b1c42,MATR_b3c35,MATR_b4c23,MATR_b4c20,MATR_b1c43,MATR_b1c41,MATR_b3c39,MATR_b4c43,MATR_b3c10,MATR_b1c34",False,False,0.95
440,MATR_b2c10,560.0,554.7806196591044,34.0441373520948,488.0553365642638,621.5059027539451,120.0,114.78061965910445,48.055336564263825,181.50590275394507,5.219380340895555,"MATR_b4c15,MATR_b1c4,MATR_b4c30,MATR_b4c3,MATR_b3c4,MATR_b2c43,MATR_b1c42,MATR_b3c35,MATR_b4c23,MATR_b4c20,MATR_b1c43,MATR_b1c41,MATR_b3c39,MATR_b4c43,MATR_b3c10,MATR_b1c34",False,False,0.95
440,MATR_b2c21,488.0,394.53778488596225,23.529006433444945,348.4217796843989,440.6537900875256,48.0,-45.46221511403775,-91.57822031560107,0.6537900875255787,93.46221511403775,"MATR_b4c15,MATR_b1c4,MATR_b4c30,MATR_b4c3,MATR_b3c4,MATR_b2c43,MATR_b1c42,MATR_b3c35,MATR_b4c23,MATR_b4c20,MATR_b1c43,MATR_b1c41,MATR_b3c39,MATR_b4c43,MATR_b3c10,MATR_b1c34",False,False,0.95
440,MATR_b2c23,526.0,437.5560486381052,25.571722662158955,387.43639319762696,487.67570407858346,86.0,-2.44395136189479,-52.563606802373045,47.675704078583465,88.44395136189479,"MATR_b4c15,MATR_b1c4,MATR_b4c30,MATR_b4c3,MATR_b3c4,MATR_b2c43,MATR_b1c42,MATR_b3c35,MATR_b4c23,MATR_b4c20,MATR_b1c43,MATR_b1c41,MATR_b3c39,MATR_b4c43,MATR_b3c10,MATR_b1c34",False,False,0.95
440,MATR_b2c25,460.0,371.689500403517,22.257394639814102,328.0658085197865,415.3131922872475,20.0,-68.310499596483,-111.93419148021349,-24.68680771275251,88.310499596483,"MATR_b4c15,MATR_b1c4,MATR_b4c30,MATR_b4c3,MATR_b3c4,MATR_b2c43,MATR_b1c42,MATR_b3c35,MATR_b4c23,MATR_b4c20,MATR_b1c43,MATR_b1c41,MATR_b3c39,MATR_b4c43,MATR_b3c10,MATR_b1c34",False,False,0.95
440,MATR_b2c29,497.0,491.82027966666845,31.170431493833473,430.7273565561818,552.9132027771551,57.0,51.820279666668455,-9.272643443818197,112.9132027771551,5.179720333331545,"MATR_b4c15,MATR_b1c4,MATR_b4c30,MATR_b4c3,MATR_b3c4,MATR_b2c43,MATR_b1c42,MATR_b3c35,MATR_b4c23,MATR_b4c20,MATR_b1c43,MATR_b1c41,MATR_b3c39,MATR_b4c43,MATR_b3c10,MATR_b1c34",False,False,0.95
440,MATR_b2c30,480.0,437.1996296417442,25.13651576344379,387.932964048571,486.46629523491737,40.0,-2.8003703582558046,-52.06703595142898,46.46629523491737,42.800370358255805,"MATR_b4c15,MATR_b1c4,MATR_b4c30,MATR_b4c3,MATR_b3c4,MATR_b2c43,MATR_b1c42,MATR_b3c35,MATR_b4c23,MATR_b4c20,MATR_b1c43,MATR_b1c41,MATR_b3c39,MATR_b4c43,MATR_b3c10,MATR_b1c34",False,False,0.95
440,MATR_b2c36,534.0,545.3546132136809,37.40850639778181,472.03528795859233,618.6739384687694,94.0,105.35461321368086,32.035287958592335,178.6739384687694,11.354613213680864,"MATR_b4c15,MATR_b1c4,MATR_b4c30,MATR_b4c3,MATR_b3c4,MATR_b2c43,MATR_b1c42,MATR_b3c35,MATR_b4c23,MATR_b4c20,MATR_b1c43,MATR_b1c41,MATR_b3c39,MATR_b4c43,MATR_b3c10,MATR_b1c34",False,False,0.95
440,MATR_b2c40,498.0,433.26089065822055,25.601436475760483,383.08299721324,483.4387841032011,58.0,-6.739109341779454,-56.91700278676001,43.4387841032011,64.73910934177945,"MATR_b4c15,MATR_b1c4,MATR_b4c30,MATR_b4c3,MATR_b3c4,MATR_b2c43,MATR_b1c42,MATR_b3c35,MATR_b4c23,MATR_b4c20,MATR_b1c43,MATR_b1c41,MATR_b3c39,MATR_b4c43,MATR_b3c10,MATR_b1c34",False,False,0.95
440,MATR_b2c42,465.0,404.20571491233795,25.590687961796974,354.0488881676132,454.3625416570627,25.0,-35.79428508766205,-85.9511118323868,14.362541657062707,60.79428508766205,"MATR_b4c15,MATR_b1c4,MATR_b4c30,MATR_b4c3,MATR_b3c4,MATR_b2c43,MATR_b1c42,MATR_b3c35,MATR_b4c23,MATR_b4c20,MATR_b1c43,MATR_b1c41,MATR_b3c39,MATR_b4c43,MATR_b3c10,MATR_b1c34",False,False,0.95
440,MATR_b3c19,1152.0,1085.350561661397,131.00636742507507,828.5827997628286,1342.1183235599656,712.0,645.350561661397,388.5827997628286,902.1183235599656,66.64943833860298,"MATR_b4c15,MATR_b1c4,MATR_b4c30,MATR_b4c3,MATR_b3c4,MATR_b2c43,MATR_b1c42,MATR_b3c35,MATR_b4c23,MATR_b4c20,MATR_b1c43,MATR_b1c41,MATR_b3c39,MATR_b4c43,MATR_b3c10,MATR_b1c34",False,False,0.95
440,MATR_b3c20,811.0,845.8412739290437,95.57231555899445,658.5229775143176,1033.15957034377,371.0,405.8412739290437,218.52297751431763,593.1595703437699,34.84127392904372,"MATR_b4c15,MATR_b1c4,MATR_b4c30,MATR_b4c3,MATR_b3c4,MATR_b2c43,MATR_b1c42,MATR_b3c35,MATR_b4c23,MATR_b4c20,MATR_b1c43,MATR_b1c41,MATR_b3c39,MATR_b4c43,MATR_b3c10,MATR_b1c34",False,False,0.95
440,MATR_b3c3,1113.0,1194.4088348068067,138.0339444213405,923.8672750969758,1464.9503945166375,673.0,754.4088348068067,483.86727509697585,1024.9503945166375,81.40883480680668,"MATR_b4c15,MATR_b1c4,MATR_b4c30,MATR_b4c3,MATR_b3c4,MATR_b2c43,MATR_b1c42,MATR_b3c35,MATR_b4c23,MATR_b4c20,MATR_b1c43,MATR_b1c41,MATR_b3c39,MATR_b4c43,MATR_b3c10,MATR_b1c34",False,False,0.95
440,MATR_b3c30,933.0,885.2849574874122,106.82701114675383,675.9078630637158,1094.6620519111086,493.0,445.28495748741216,235.9078630637158,654.6620519111086,47.71504251258784,"MATR_b4c15,MATR_b1c4,MATR_b4c30,MATR_b4c3,MATR_b3c4,MATR_b2c43,MATR_b1c42,MATR_b3c35,MATR_b4c23,MATR_b4c20,MATR_b1c43,MATR_b1c41,MATR_b3c39,MATR_b4c43,MATR_b3c10,MATR_b1c34",False,False,0.95
440,MATR_b3c44,938.0,821.7630270654081,92.31414312626858,640.8306312742459,1002.6954228565703,498.0,381.7630270654081,200.8306312742459,562.6954228565703,116.2369729345919,"MATR_b4c15,MATR_b1c4,MATR_b4c30,MATR_b4c3,MATR_b3c4,MATR_b2c43,MATR_b1c42,MATR_b3c35,MATR_b4c23,MATR_b4c20,MATR_b1c43,MATR_b1c41,MATR_b3c39,MATR_b4c43,MATR_b3c10,MATR_b1c34",False,False,0.95
440,MATR_b3c45,1799.0,1765.5423907723812,161.783196107575,1448.4531530977536,2082.6316284470086,1359.0,1325.5423907723812,1008.4531530977536,1642.6316284470086,33.45760922761883,"MATR_b4c15,MATR_b1c4,MATR_b4c30,MATR_b4c3,MATR_b3c4,MATR_b2c43,MATR_b1c42,MATR_b3c35,MATR_b4c23,MATR_b4c20,MATR_b1c43,MATR_b1c41,MATR_b3c39,MATR_b4c43,MATR_b3c10,MATR_b1c34",False,False,0.95
440,MATR_b4c10,872.0,782.8528065000671,86.05630649664758,614.1855451240976,951.5200678760366,432.0,342.8528065000671,174.18554512409764,511.5200678760366,89.14719349993288,"MATR_b4c15,MATR_b1c4,MATR_b4c30,MATR_b4c3,MATR_b3c4,MATR_b2c43,MATR_b1c42,MATR_b3c35,MATR_b4c23,MATR_b4c20,MATR_b1c43,MATR_b1c41,MATR_b3c39,MATR_b4c43,MATR_b3c10,MATR_b1c34",False,False,0.95
440,MATR_b4c13,771.0,688.7607339807386,65.85898110809099,559.6795029503764,817.8419650111007,331.0,248.76073398073856,119.67950295037645,377.8419650111007,82.23926601926144,"MATR_b4c15,MATR_b1c4,MATR_b4c30,MATR_b4c3,MATR_b3c4,MATR_b2c43,MATR_b1c42,MATR_b3c35,MATR_b4c23,MATR_b4c20,MATR_b1c43,MATR_b1c41,MATR_b3c39,MATR_b4c43,MATR_b3c10,MATR_b1c34",False,False,0.95
440,MATR_b4c16,909.0,781.7284774061061,82.42143534121512,620.1854325832278,943.2715222289844,469.0,341.7284774061061,180.1854325832278,503.2715222289844,127.2715225938939,"MATR_b4c15,MATR_b1c4,MATR_b4c30,MATR_b4c3,MATR_b3c4,MATR_b2c43,MATR_b1c42,MATR_b3c35,MATR_b4c23,MATR_b4c20,MATR_b1c43,MATR_b1c41,MATR_b3c39,MATR_b4c43,MATR_b3c10,MATR_b1c34",False,False,0.95
440,MATR_b4c18,906.0,743.9743566426664,75.18020896739556,596.623854716376,891.3248585689569,466.0,303.9743566426664,156.62385471637594,451.32485856895687,162.0256433573336,"MATR_b4c15,MATR_b1c4,MATR_b4c30,MATR_b4c3,MATR_b3c4,MATR_b2c43,MATR_b1c42,MATR_b3c35,MATR_b4c23,MATR_b4c20,MATR_b1c43,MATR_b1c41,MATR_b3c39,MATR_b4c43,MATR_b3c10,MATR_b1c34",False,False,0.95
440,MATR_b4c25,453.0,400.73538667066487,21.779886511144966,358.047593521451,443.4231798198787,13.0,-39.264613329335134,-81.952406478549,3.423179819878726,52.264613329335134,"MATR_b4c15,MATR_b1c4,MATR_b4c30,MATR_b4c3,MATR_b3c4,MATR_b2c43,MATR_b1c42,MATR_b3c35,MATR_b4c23,MATR_b4c20,MATR_b1c43,MATR_b1c41,MATR_b3c39,MATR_b4c43,MATR_b3c10,MATR_b1c34",False,False,0.95
440,MATR_b4c29,887.0,849.8986782333934,102.61675347716407,648.7735372077266,1051.0238192590602,447.0,409.8986782333934,208.77353720772658,611.0238192590602,37.10132176660659,"MATR_b4c15,MATR_b1c4,MATR_b4c30,MATR_b4c3,MATR_b3c4,MATR_b2c43,MATR_b1c42,MATR_b3c35,MATR_b4c23,MATR_b4c20,MATR_b1c43,MATR_b1c41,MATR_b3c39,MATR_b4c43,MATR_b3c10,MATR_b1c34",False,False,0.95
440,MATR_b4c33,505.0,477.0983206745509,27.93746411051841,422.3418971985545,531.8547441505473,65.0,37.098320674550905,-17.658102801445523,91.85474415054728,27.901679325449095,"MATR_b4c15,MATR_b1c4,MATR_b4c30,MATR_b4c3,MATR_b3c4,MATR_b2c43,MATR_b1c42,MATR_b3c35,MATR_b4c23,MATR_b4c20,MATR_b1c43,MATR_b1c41,MATR_b3c39,MATR_b4c43,MATR_b3c10,MATR_b1c34",False,False,0.95
440,MATR_b4c37,863.0,732.0334267134127,69.91141692265272,595.0095674368494,869.0572859899761,423.0,292.0334267134127,155.00956743684935,429.0572859899761,130.96657328658728,"MATR_b4c15,MATR_b1c4,MATR_b4c30,MATR_b4c3,MATR_b3c4,MATR_b2c43,MATR_b1c42,MATR_b3c35,MATR_b4c23,MATR_b4c20,MATR_b1c43,MATR_b1c41,MATR_b3c39,MATR_b4c43,MATR_b3c10,MATR_b1c34",False,False,0.95
440,MATR_b4c4,656.0,608.8098165156657,44.19431952996926,522.1905419156708,695.4290911156606,216.0,168.80981651566572,82.19054191567079,255.42909111566064,47.190183484334284,"MATR_b4c15,MATR_b1c4,MATR_b4c30,MATR_b4c3,MATR_b3c4,MATR_b2c43,MATR_b1c42,MATR_b3c35,MATR_b4c23,MATR_b4c20,MATR_b1c43,MATR_b1c41,MATR_b3c39,MATR_b4c43,MATR_b3c10,MATR_b1c34",False,False,0.95
440,MATR_b4c9,442.0,388.35420365280726,22.762917971544745,343.73970424554,432.9687030600745,2.0,-51.64579634719274,-96.26029575446,-7.0312969399254825,53.64579634719274,"MATR_b4c15,MATR_b1c4,MATR_b4c30,MATR_b4c3,MATR_b3c4,MATR_b2c43,MATR_b1c42,MATR_b3c35,MATR_b4c23,MATR_b4c20,MATR_b1c43,MATR_b1c41,MATR_b3c39,MATR_b4c43,MATR_b3c10,MATR_b1c34",False,False,0.95
460,MATR_b1c1,2154.0,1796.3541758669598,148.5761128167817,1505.150345783108,2087.558005950812,1694.0,1336.3541758669598,1045.150345783108,1627.558005950812,357.64582413304015,"MATR_b1c33,MATR_b1c40,MATR_b4c1,MATR_b1c6,MATR_b4c44,MATR_b1c0,MATR_b4c26,MATR_b4c31,MATR_b1c34,MATR_b1c31,MATR_b4c6,MATR_b3c18,MATR_b4c17,MATR_b4c19,MATR_b4c7,MATR_b4c39",False,False,0.95
460,MATR_b1c20,533.0,431.24193123536924,23.230126520166923,385.7117198995333,476.77214257120517,73.0,-28.758068764630764,-74.2882801004667,16.772142571205165,101.75806876463076,"MATR_b1c33,MATR_b1c40,MATR_b4c1,MATR_b1c6,MATR_b4c44,MATR_b1c0,MATR_b4c26,MATR_b4c31,MATR_b1c34,MATR_b1c31,MATR_b4c6,MATR_b3c18,MATR_b4c17,MATR_b4c19,MATR_b4c7,MATR_b4c39",False,False,0.95
460,MATR_b1c21,557.0,501.8529167001721,29.884870373747578,443.2796470849788,560.4261863153654,97.0,41.8529167001721,-16.72035291502118,100.42618631536538,55.1470832998279,"MATR_b1c33,MATR_b1c40,MATR_b4c1,MATR_b1c6,MATR_b4c44,MATR_b1c0,MATR_b4c26,MATR_b4c31,MATR_b1c34,MATR_b1c31,MATR_b4c6,MATR_b3c18,MATR_b4c17,MATR_b4c19,MATR_b4c7,MATR_b4c39",False,False,0.95
460,MATR_b1c28,858.0,819.8286053523807,80.18928410807078,662.6604965545118,976.9967141502495,398.0,359.8286053523807,202.66049655451184,516.9967141502495,38.17139464761931,"MATR_b1c33,MATR_b1c40,MATR_b4c1,MATR_b1c6,MATR_b4c44,MATR_b1c0,MATR_b4c26,MATR_b4c31,MATR_b1c34,MATR_b1c31,MATR_b4c6,MATR_b3c18,MATR_b4c17,MATR_b4c19,MATR_b4c7,MATR_b4c39",False,False,0.95
460,MATR_b1c39,622.0,660.1979092411409,52.23571880996848,557.8177816670412,762.5780368152406,162.0,200.1979092411409,97.81778166704123,302.5780368152406,38.197909241140906,"MATR_b1c33,MATR_b1c40,MATR_b4c1,MATR_b1c6,MATR_b4c44,MATR_b1c0,MATR_b4c26,MATR_b4c31,MATR_b1c34,MATR_b1c31,MATR_b4c6,MATR_b3c18,MATR_b4c17,MATR_b4c19,MATR_b4c7,MATR_b4c39",False,False,0.95
460,MATR_b1c7,869.0,945.1534205298251,108.13989248566504,733.203125965888,1157.1037150937623,409.0,485.1534205298251,273.20312596588803,697.1037150937623,76.1534205298251,"MATR_b1c33,MATR_b1c40,MATR_b4c1,MATR_b1c6,MATR_b4c44,MATR_b1c0,MATR_b4c26,MATR_b4c31,MATR_b1c34,MATR_b1c31,MATR_b4c6,MATR_b3c18,MATR_b4c17,MATR_b4c19,MATR_b4c7,MATR_b4c39",False,False,0.95
460,MATR_b1c9,1052.0,1133.9520093333792,113.39961951863143,911.6928392163163,1356.2111794504422,592.0,673.9520093333792,451.6928392163163,896.2111794504422,81.95200933337924,"MATR_b1c33,MATR_b1c40,MATR_b4c1,MATR_b1c6,MATR_b4c44,MATR_b1c0,MATR_b4c26,MATR_b4c31,MATR_b1c34,MATR_b1c31,MATR_b4c6,MATR_b3c18,MATR_b4c17,MATR_b4c19,MATR_b4c7,MATR_b4c39",False,False,0.95
460,MATR_b2c10,560.0,539.8612333438404,32.80367682393289,475.56720820844066,604.15525847924,100.0,79.86123334384035,15.567208208440661,144.15525847924005,20.138766656159646,"MATR_b1c33,MATR_b1c40,MATR_b4c1,MATR_b1c6,MATR_b4c44,MATR_b1c0,MATR_b4c26,MATR_b4c31,MATR_b1c34,MATR_b1c31,MATR_b4c6,MATR_b3c18,MATR_b4c17,MATR_b4c19,MATR_b4c7,MATR_b4c39",False,False,0.95
460,MATR_b2c21,488.0,378.17248602563143,23.190257735039634,332.72041607275236,423.6245559785105,28.0,-81.82751397436857,-127.27958392724764,-36.3754440214895,109.82751397436857,"MATR_b1c33,MATR_b1c40,MATR_b4c1,MATR_b1c6,MATR_b4c44,MATR_b1c0,MATR_b4c26,MATR_b4c31,MATR_b1c34,MATR_b1c31,MATR_b4c6,MATR_b3c18,MATR_b4c17,MATR_b4c19,MATR_b4c7,MATR_b4c39",False,False,0.95
460,MATR_b2c23,526.0,423.0414280486765,25.068767750431636,373.9075461210313,472.17530997632167,66.0,-36.958571951323506,-86.09245387896868,12.175309976321671,102.9585719513235,"MATR_b1c33,MATR_b1c40,MATR_b4c1,MATR_b1c6,MATR_b4c44,MATR_b1c0,MATR_b4c26,MATR_b4c31,MATR_b1c34,MATR_b1c31,MATR_b4c6,MATR_b3c18,MATR_b4c17,MATR_b4c19,MATR_b4c7,MATR_b4c39",False,False,0.95
460,MATR_b2c29,497.0,467.2292337201835,29.398372775066797,409.60948187696977,524.8489855633973,37.0,7.229233720183515,-50.39051812303023,64.84898556339726,29.770766279816485,"MATR_b1c33,MATR_b1c40,MATR_b4c1,MATR_b1c6,MATR_b4c44,MATR_b1c0,MATR_b4c26,MATR_b4c31,MATR_b1c34,MATR_b1c31,MATR_b4c6,MATR_b3c18,MATR_b4c17,MATR_b4c19,MATR_b4c7,MATR_b4c39",False,False,0.95
460,MATR_b2c30,480.0,412.37620859337835,24.1272713106571,365.08762577926393,459.66479140749277,20.0,-47.62379140662165,-94.91237422073607,-0.3352085925072288,67.62379140662165,"MATR_b1c33,MATR_b1c40,MATR_b4c1,MATR_b1c6,MATR_b4c44,MATR_b1c0,MATR_b4c26,MATR_b4c31,MATR_b1c34,MATR_b1c31,MATR_b4c6,MATR_b3c18,MATR_b4c17,MATR_b4c19,MATR_b4c7,MATR_b4c39",False,False,0.95
460,MATR_b2c36,534.0,526.6776845502876,35.946695548728044,456.22345591155437,597.1319131890208,74.0,66.67768455028761,-3.7765440884456325,137.1319131890208,7.3223154497123915,"MATR_b1c33,MATR_b1c40,MATR_b4c1,MATR_b1c6,MATR_b4c44,MATR_b1c0,MATR_b4c26,MATR_b4c31,MATR_b1c34,MATR_b1c31,MATR_b4c6,MATR_b3c18,MATR_b4c17,MATR_b4c19,MATR_b4c7,MATR_b4c39",False,False,0.95
460,MATR_b2c40,498.0,413.28633577573413,24.808023478362696,364.66350323051915,461.9091683209491,38.0,-46.71366422426587,-95.33649676948085,1.9091683209491066,84.71366422426587,"MATR_b1c33,MATR_b1c40,MATR_b4c1,MATR_b1c6,MATR_b4c44,MATR_b1c0,MATR_b4c26,MATR_b4c31,MATR_b1c34,MATR_b1c31,MATR_b4c6,MATR_b3c18,MATR_b4c17,MATR_b4c19,MATR_b4c7,MATR_b4c39",False,False,0.95
460,MATR_b2c42,465.0,380.21399574444473,24.77655062080931,331.652848866525,428.77514262236446,5.0,-79.78600425555527,-128.347151133475,-31.224857377635544,84.78600425555527,"MATR_b1c33,MATR_b1c40,MATR_b4c1,MATR_b1c6,MATR_b4c44,MATR_b1c0,MATR_b4c26,MATR_b4c31,MATR_b1c34,MATR_b1c31,MATR_b4c6,MATR_b3c18,MATR_b4c17,MATR_b4c19,MATR_b4c7,MATR_b4c39",False,False,0.95
460,MATR_b3c19,1152.0,1101.99071167879,134.19193343014382,838.9793551399116,1365.0020682176682,692.0,641.9907116787899,378.9793551399116,905.0020682176682,50.00928832121008,"MATR_b1c33,MATR_b1c40,MATR_b4c1,MATR_b1c6,MATR_b4c44,MATR_b1c0,MATR_b4c26,MATR_b4c31,MATR_b1c34,MATR_b1c31,MATR_b4c6,MATR_b3c18,MATR_b4c17,MATR_b4c19,MATR_b4c7,MATR_b4c39",False,False,0.95
460,MATR_b3c20,811.0,852.8768928857565,96.27414603741643,664.1830340100709,1041.5707517614424,351.0,392.87689288575655,204.18303401007086,581.5707517614424,41.87689288575655,"MATR_b1c33,MATR_b1c40,MATR_b4c1,MATR_b1c6,MATR_b4c44,MATR_b1c0,MATR_b4c26,MATR_b4c31,MATR_b1c34,MATR_b1c31,MATR_b4c6,MATR_b3c18,MATR_b4c17,MATR_b4c19,MATR_b4c7,MATR_b4c39",False,False,0.95
460,MATR_b3c3,1113.0,1231.1247225048003,141.5883269055426,953.6167011386533,1508.6327438709473,653.0,771.1247225048003,493.6167011386533,1048.6327438709473,118.12472250480027,"MATR_b1c33,MATR_b1c40,MATR_b4c1,MATR_b1c6,MATR_b4c44,MATR_b1c0,MATR_b4c26,MATR_b4c31,MATR_b1c34,MATR_b1c31,MATR_b4c6,MATR_b3c18,MATR_b4c17,MATR_b4c19,MATR_b4c7,MATR_b4c39",False,False,0.95
460,MATR_b3c30,933.0,858.3552636860986,101.44221285130607,659.5321799854926,1057.1783473867047,473.0,398.3552636860986,199.53217998549258,597.1783473867047,74.64473631390138,"MATR_b1c33,MATR_b1c40,MATR_b4c1,MATR_b1c6,MATR_b4c44,MATR_b1c0,MATR_b4c26,MATR_b4c31,MATR_b1c34,MATR_b1c31,MATR_b4c6,MATR_b3c18,MATR_b4c17,MATR_b4c19,MATR_b4c7,MATR_b4c39",False,False,0.95
460,MATR_b3c44,938.0,823.522727151453,93.32297533685305,640.6130565611013,1006.4323977418046,478.0,363.52272715145295,180.6130565611013,546.4323977418046,114.47727284854705,"MATR_b1c33,MATR_b1c40,MATR_b4c1,MATR_b1c6,MATR_b4c44,MATR_b1c0,MATR_b4c26,MATR_b4c31,MATR_b1c34,MATR_b1c31,MATR_b4c6,MATR_b3c18,MATR_b4c17,MATR_b4c19,MATR_b4c7,MATR_b4c39",False,False,0.95
460,MATR_b3c45,1799.0,1748.2836443513631,162.83960667996902,1429.123880001956,2067.4434087007703,1339.0,1288.2836443513631,969.123880001956,1607.4434087007703,50.71635564863686,"MATR_b1c33,MATR_b1c40,MATR_b4c1,MATR_b1c6,MATR_b4c44,MATR_b1c0,MATR_b4c26,MATR_b4c31,MATR_b1c34,MATR_b1c31,MATR_b4c6,MATR_b3c18,MATR_b4c17,MATR_b4c19,MATR_b4c7,MATR_b4c39",False,False,0.95
460,MATR_b4c10,872.0,797.2915921956654,88.36694346508689,624.0955655802081,970.4876188111227,412.0,337.29159219566543,164.09556558020813,510.48761881112273,74.70840780433457,"MATR_b1c33,MATR_b1c40,MATR_b4c1,MATR_b1c6,MATR_b4c44,MATR_b1c0,MATR_b4c26,MATR_b4c31,MATR_b1c34,MATR_b1c31,MATR_b4c6,MATR_b3c18,MATR_b4c17,MATR_b4c19,MATR_b4c7,MATR_b4c39",False,False,0.95
460,MATR_b4c13,771.0,695.1035486207553,67.4709387688687,562.8629386306654,827.3441586108452,311.0,235.1035486207553,102.86293863066544,367.34415861084517,75.8964513792447,"MATR_b1c33,MATR_b1c40,MATR_b4c1,MATR_b1c6,MATR_b4c44,MATR_b1c0,MATR_b4c26,MATR_b4c31,MATR_b1c34,MATR_b1c31,MATR_b4c6,MATR_b3c18,MATR_b4c17,MATR_b4c19,MATR_b4c7,MATR_b4c39",False,False,0.95
460,MATR_b4c16,909.0,783.6196935463381,82.74104175641915,621.4502316604319,945.7891554322443,449.0,323.6196935463381,161.45023166043188,485.78915543224434,125.38030645366189,"MATR_b1c33,MATR_b1c40,MATR_b4c1,MATR_b1c6,MATR_b4c44,MATR_b1c0,MATR_b4c26,MATR_b4c31,MATR_b1c34,MATR_b1c31,MATR_b4c6,MATR_b3c18,MATR_b4c17,MATR_b4c19,MATR_b4c7,MATR_b4c39",False,False,0.95
460,MATR_b4c18,906.0,742.5565456341066,74.45737356168586,596.6227750697575,888.4903161984556,446.0,282.55654563410656,136.6227750697575,428.4903161984556,163.44345436589344,"MATR_b1c33,MATR_b1c40,MATR_b4c1,MATR_b1c6,MATR_b4c44,MATR_b1c0,MATR_b4c26,MATR_b4c31,MATR_b1c34,MATR_b1c31,MATR_b4c6,MATR_b3c18,MATR_b4c17,MATR_b4c19,MATR_b4c7,MATR_b4c39",False,False,0.95
460,MATR_b4c29,887.0,858.7572581083339,103.65388579118017,655.5993750999927,1061.915141116675,427.0,398.7572581083339,195.5993750999927,601.9151411166749,28.242741891666128,"MATR_b1c33,MATR_b1c40,MATR_b4c1,MATR_b1c6,MATR_b4c44,MATR_b1c0,MATR_b4c26,MATR_b4c31,MATR_b1c34,MATR_b1c31,MATR_b4c6,MATR_b3c18,MATR_b4c17,MATR_b4c19,MATR_b4c7,MATR_b4c39",False,False,0.95
460,MATR_b4c33,505.0,462.0382108431381,27.235398373457468,408.65781092656067,515.4186107597154,45.0,2.0382108431380743,-51.34218907343933,55.41861075971542,42.961789156861926,"MATR_b1c33,MATR_b1c40,MATR_b4c1,MATR_b1c6,MATR_b4c44,MATR_b1c0,MATR_b4c26,MATR_b4c31,MATR_b1c34,MATR_b1c31,MATR_b4c6,MATR_b3c18,MATR_b4c17,MATR_b4c19,MATR_b4c7,MATR_b4c39",False,False,0.95
460,MATR_b4c37,863.0,734.2875627584511,71.07078876213814,594.9913764318064,873.5837490850959,403.0,274.28756275845114,134.99137643180643,413.58374908509586,128.71243724154886,"MATR_b1c33,MATR_b1c40,MATR_b4c1,MATR_b1c6,MATR_b4c44,MATR_b1c0,MATR_b4c26,MATR_b4c31,MATR_b1c34,MATR_b1c31,MATR_b4c6,MATR_b3c18,MATR_b4c17,MATR_b4c19,MATR_b4c7,MATR_b4c39",False,False,0.95
460,MATR_b4c4,656.0,610.4853069589794,44.7511141366403,522.7747349831232,698.1958789348357,196.0,150.48530695897944,62.77473498312315,238.19587893483572,45.514693041020564,"MATR_b1c33,MATR_b1c40,MATR_b4c1,MATR_b1c6,MATR_b4c44,MATR_b1c0,MATR_b4c26,MATR_b4c31,MATR_b1c34,MATR_b1c31,MATR_b4c6,MATR_b3c18,MATR_b4c17,MATR_b4c19,MATR_b4c7,MATR_b4c39",False,False,0.95
480,MATR_b1c1,2154.0,1798.047140199641,148.95430510809524,1506.1020668455837,2089.992213553698,1674.0,1318.047140199641,1026.1020668455837,1609.992213553698,355.95285980035897,"MATR_b1c19,MATR_b1c34,MATR_b4c15,MATR_b1c26,MATR_b2c22,MATR_b3c26,MATR_b1c4,MATR_b2c45,MATR_b1c29,MATR_b4c19,MATR_b3c35,MATR_b4c42,MATR_b4c24,MATR_b1c33,MATR_b1c16,MATR_b2c14",False,False,0.95
480,MATR_b1c20,533.0,414.7953753361432,22.59728941470829,370.5055019350868,459.0852487371996,53.0,-65.2046246638568,-109.49449806491322,-20.914751262800394,118.2046246638568,"MATR_b1c19,MATR_b1c34,MATR_b4c15,MATR_b1c26,MATR_b2c22,MATR_b3c26,MATR_b1c4,MATR_b2c45,MATR_b1c29,MATR_b4c19,MATR_b3c35,MATR_b4c42,MATR_b4c24,MATR_b1c33,MATR_b1c16,MATR_b2c14",False,False,0.95
480,MATR_b1c21,557.0,488.24849235985556,29.02422952234672,431.36204781703185,545.1349369026793,77.0,8.248492359855561,-48.63795218296815,65.13493690267933,68.75150764014444,"MATR_b1c19,MATR_b1c34,MATR_b4c15,MATR_b1c26,MATR_b2c22,MATR_b3c26,MATR_b1c4,MATR_b2c45,MATR_b1c29,MATR_b4c19,MATR_b3c35,MATR_b4c42,MATR_b4c24,MATR_b1c33,MATR_b1c16,MATR_b2c14",False,False,0.95
480,MATR_b1c28,858.0,816.3404535708862,80.48743666207055,658.5879765052792,974.0929306364932,378.0,336.3404535708862,178.58797650527924,494.0929306364932,41.65954642911379,"MATR_b1c19,MATR_b1c34,MATR_b4c15,MATR_b1c26,MATR_b2c22,MATR_b3c26,MATR_b1c4,MATR_b2c45,MATR_b1c29,MATR_b4c19,MATR_b3c35,MATR_b4c42,MATR_b4c24,MATR_b1c33,MATR_b1c16,MATR_b2c14",False,False,0.95
480,MATR_b1c39,622.0,652.0273464933441,51.45037798972401,551.1864586425128,752.8682343441754,142.0,172.0273464933441,71.18645864251278,272.86823434417545,30.027346493344112,"MATR_b1c19,MATR_b1c34,MATR_b4c15,MATR_b1c26,MATR_b2c22,MATR_b3c26,MATR_b1c4,MATR_b2c45,MATR_b1c29,MATR_b4c19,MATR_b3c35,MATR_b4c42,MATR_b4c24,MATR_b1c33,MATR_b1c16,MATR_b2c14",False,False,0.95
480,MATR_b1c7,869.0,939.2250668615723,107.70513452086642,728.1268822506324,1150.323251472512,389.0,459.22506686157226,248.12688225063243,670.3232514725121,70.22506686157226,"MATR_b1c19,MATR_b1c34,MATR_b4c15,MATR_b1c26,MATR_b2c22,MATR_b3c26,MATR_b1c4,MATR_b2c45,MATR_b1c29,MATR_b4c19,MATR_b3c35,MATR_b4c42,MATR_b4c24,MATR_b1c33,MATR_b1c16,MATR_b2c14",False,False,0.95
480,MATR_b1c9,1052.0,1117.2021813068359,114.15401843201228,893.4644164895703,1340.9399461241014,572.0,637.2021813068359,413.46441648957034,860.9399461241014,65.20218130683588,"MATR_b1c19,MATR_b1c34,MATR_b4c15,MATR_b1c26,MATR_b2c22,MATR_b3c26,MATR_b1c4,MATR_b2c45,MATR_b1c29,MATR_b4c19,MATR_b3c35,MATR_b4c42,MATR_b4c24,MATR_b1c33,MATR_b1c16,MATR_b2c14",False,False,0.95
480,MATR_b2c10,560.0,519.1099537189693,31.185431929987363,457.9876302938687,580.2322771440699,80.0,39.10995371896934,-22.012369706131324,100.23227714406994,40.89004628103066,"MATR_b1c19,MATR_b1c34,MATR_b4c15,MATR_b1c26,MATR_b2c22,MATR_b3c26,MATR_b1c4,MATR_b2c45,MATR_b1c29,MATR_b4c19,MATR_b3c35,MATR_b4c42,MATR_b4c24,MATR_b1c33,MATR_b1c16,MATR_b2c14",False,False,0.95
480,MATR_b2c21,488.0,359.9288821918416,22.731913472933144,315.3751504852118,404.48261389847136,8.0,-120.07111780815842,-164.6248495147882,-75.51738610152864,128.07111780815842,"MATR_b1c19,MATR_b1c34,MATR_b4c15,MATR_b1c26,MATR_b2c22,MATR_b3c26,MATR_b1c4,MATR_b2c45,MATR_b1c29,MATR_b4c19,MATR_b3c35,MATR_b4c42,MATR_b4c24,MATR_b1c33,MATR_b1c16,MATR_b2c14",False,False,0.95
480,MATR_b2c23,526.0,403.72117708286976,24.308200312370527,356.07797994163826,451.36437422410125,46.0,-76.27882291713024,-123.92202005836174,-28.635625775898745,122.27882291713024,"MATR_b1c19,MATR_b1c34,MATR_b4c15,MATR_b1c26,MATR_b2c22,MATR_b3c26,MATR_b1c4,MATR_b2c45,MATR_b1c29,MATR_b4c19,MATR_b3c35,MATR_b4c42,MATR_b4c24,MATR_b1c33,MATR_b1c16,MATR_b2c14",False,False,0.95
480,MATR_b2c29,497.0,437.44443675977567,27.406578170838934,383.72853060544975,491.1603429141016,17.0,-42.55556324022433,-96.27146939455025,11.16034291410159,59.55556324022433,"MATR_b1c19,MATR_b1c34,MATR_b4c15,MATR_b1c26,MATR_b2c22,MATR_b3c26,MATR_b1c4,MATR_b2c45,MATR_b1c29,MATR_b4c19,MATR_b3c35,MATR_b4c42,MATR_b4c24,MATR_b1c33,MATR_b1c16,MATR_b2c14",False,False,0.95
480,MATR_b2c36,534.0,501.23684123315536,33.69019180894711,435.2052786553727,567.268403810938,54.0,21.23684123315536,-44.794721344627305,87.26840381093803,32.76315876684464,"MATR_b1c19,MATR_b1c34,MATR_b4c15,MATR_b1c26,MATR_b2c22,MATR_b3c26,MATR_b1c4,MATR_b2c45,MATR_b1c29,MATR_b4c19,MATR_b3c35,MATR_b4c42,MATR_b4c24,MATR_b1c33,MATR_b1c16,MATR_b2c14",False,False,0.95
480,MATR_b2c40,498.0,391.28619106178274,23.928883527929457,344.38644115678727,438.1859409667782,18.0,-88.71380893821726,-135.61355884321273,-41.81405903322178,106.71380893821726,"MATR_b1c19,MATR_b1c34,MATR_b4c15,MATR_b1c26,MATR_b2c22,MATR_b3c26,MATR_b1c4,MATR_b2c45,MATR_b1c29,MATR_b4c19,MATR_b3c35,MATR_b4c42,MATR_b4c24,MATR_b1c33,MATR_b1c16,MATR_b2c14",False,False,0.95
480,MATR_b3c19,1152.0,1093.4635918011195,134.1269847791017,830.5795322791282,1356.3476513231108,672.0,613.4635918011195,350.5795322791282,876.3476513231108,58.53640819888051,"MATR_b1c19,MATR_b1c34,MATR_b4c15,MATR_b1c26,MATR_b2c22,MATR_b3c26,MATR_b1c4,MATR_b2c45,MATR_b1c29,MATR_b4c19,MATR_b3c35,MATR_b4c42,MATR_b4c24,MATR_b1c33,MATR_b1c16,MATR_b2c14",False,False,0.95
480,MATR_b3c20,811.0,851.4982168280374,95.99834521245403,663.3449176361844,1039.6515160198903,331.0,371.49821682803736,183.3449176361844,559.6515160198903,40.49821682803736,"MATR_b1c19,MATR_b1c34,MATR_b4c15,MATR_b1c26,MATR_b2c22,MATR_b3c26,MATR_b1c4,MATR_b2c45,MATR_b1c29,MATR_b4c19,MATR_b3c35,MATR_b4c42,MATR_b4c24,MATR_b1c33,MATR_b1c16,MATR_b2c14",False,False,0.95
480,MATR_b3c3,1113.0,1234.180063140692,142.29684822599006,955.2833655041893,1513.0767607771947,633.0,754.180063140692,475.2833655041893,1033.0767607771947,121.18006314069203,"MATR_b1c19,MATR_b1c34,MATR_b4c15,MATR_b1c26,MATR_b2c22,MATR_b3c26,MATR_b1c4,MATR_b2c45,MATR_b1c29,MATR_b4c19,MATR_b3c35,MATR_b4c42,MATR_b4c24,MATR_b1c33,MATR_b1c16,MATR_b2c14",False,False,0.95
480,MATR_b3c30,933.0,855.5614572733023,101.6719288830659,656.2881384237754,1054.834776122829,453.0,375.56145727330227,176.28813842377542,574.834776122829,77.43854272669773,"MATR_b1c19,MATR_b1c34,MATR_b4c15,MATR_b1c26,MATR_b2c22,MATR_b3c26,MATR_b1c4,MATR_b2c45,MATR_b1c29,MATR_b4c19,MATR_b3c35,MATR_b4c42,MATR_b4c24,MATR_b1c33,MATR_b1c16,MATR_b2c14",False,False,0.95
480,MATR_b3c44,938.0,821.5329851248916,93.38557571817786,638.5006200417249,1004.5653502080584,458.0,341.53298512489164,158.50062004172491,524.5653502080584,116.46701487510836,"MATR_b1c19,MATR_b1c34,MATR_b4c15,MATR_b1c26,MATR_b2c22,MATR_b3c26,MATR_b1c4,MATR_b2c45,MATR_b1c29,MATR_b4c19,MATR_b3c35,MATR_b4c42,MATR_b4c24,MATR_b1c33,MATR_b1c16,MATR_b2c14",False,False,0.95
480,MATR_b3c45,1799.0,1743.8175806827865,164.2586867901775,1421.8764704261935,2065.7586909393794,1319.0,1263.8175806827865,941.8764704261935,1585.7586909393794,55.182419317213544,"MATR_b1c19,MATR_b1c34,MATR_b4c15,MATR_b1c26,MATR_b2c22,MATR_b3c26,MATR_b1c4,MATR_b2c45,MATR_b1c29,MATR_b4c19,MATR_b3c35,MATR_b4c42,MATR_b4c24,MATR_b1c33,MATR_b1c16,MATR_b2c14",False,False,0.95
480,MATR_b4c10,872.0,799.7186089418574,88.90714910020701,625.463798737319,973.9734191463957,392.0,319.7186089418574,145.46379873731905,493.9734191463957,72.28139105814262,"MATR_b1c19,MATR_b1c34,MATR_b4c15,MATR_b1c26,MATR_b2c22,MATR_b3c26,MATR_b1c4,MATR_b2c45,MATR_b1c29,MATR_b4c19,MATR_b3c35,MATR_b4c42,MATR_b4c24,MATR_b1c33,MATR_b1c16,MATR_b2c14",False,False,0.95
480,MATR_b4c13,771.0,693.671889727539,67.64162862394701,561.0967337689692,826.2470456861088,291.0,213.671889727539,81.09673376896922,346.2470456861088,77.328110272461,"MATR_b1c19,MATR_b1c34,MATR_b4c15,MATR_b1c26,MATR_b2c22,MATR_b3c26,MATR_b1c4,MATR_b2c45,MATR_b1c29,MATR_b4c19,MATR_b3c35,MATR_b4c42,MATR_b4c24,MATR_b1c33,MATR_b1c16,MATR_b2c14",False,False,0.95
480,MATR_b4c16,909.0,778.9669909977969,82.43294358949893,617.401390422757,940.5325915728367,429.0,298.96699099779687,137.401390422757,460.53259157283674,130.03300900220313,"MATR_b1c19,MATR_b1c34,MATR_b4c15,MATR_b1c26,MATR_b2c22,MATR_b3c26,MATR_b1c4,MATR_b2c45,MATR_b1c29,MATR_b4c19,MATR_b3c35,MATR_b4c42,MATR_b4c24,MATR_b1c33,MATR_b1c16,MATR_b2c14",False,False,0.95
480,MATR_b4c18,906.0,731.9823086803382,74.30629866542287,586.3446394716327,877.6199778890436,426.0,251.98230868033818,106.34463947163272,397.61997788904364,174.01769131966182,"MATR_b1c19,MATR_b1c34,MATR_b4c15,MATR_b1c26,MATR_b2c22,MATR_b3c26,MATR_b1c4,MATR_b2c45,MATR_b1c29,MATR_b4c19,MATR_b3c35,MATR_b4c42,MATR_b4c24,MATR_b1c33,MATR_b1c16,MATR_b2c14",False,False,0.95
480,MATR_b4c29,887.0,867.9471037302917,105.41959468503106,661.3284948828208,1074.5657125777627,407.0,387.9471037302917,181.3284948828208,594.5657125777627,19.0528962697083,"MATR_b1c19,MATR_b1c34,MATR_b4c15,MATR_b1c26,MATR_b2c22,MATR_b3c26,MATR_b1c4,MATR_b2c45,MATR_b1c29,MATR_b4c19,MATR_b3c35,MATR_b4c42,MATR_b4c24,MATR_b1c33,MATR_b1c16,MATR_b2c14",False,False,0.95
480,MATR_b4c33,505.0,438.926920152352,26.06439741886455,387.84163993263877,490.01220037206525,25.0,-41.07307984764799,-92.15836006736123,10.012200372065251,66.07307984764799,"MATR_b1c19,MATR_b1c34,MATR_b4c15,MATR_b1c26,MATR_b2c22,MATR_b3c26,MATR_b1c4,MATR_b2c45,MATR_b1c29,MATR_b4c19,MATR_b3c35,MATR_b4c42,MATR_b4c24,MATR_b1c33,MATR_b1c16,MATR_b2c14",False,False,0.95
480,MATR_b4c37,863.0,723.7493354847966,70.32340012453108,585.9180039703161,861.580666999277,383.0,243.74933548479657,105.91800397031614,381.580666999277,139.25066451520343,"MATR_b1c19,MATR_b1c34,MATR_b4c15,MATR_b1c26,MATR_b2c22,MATR_b3c26,MATR_b1c4,MATR_b2c45,MATR_b1c29,MATR_b4c19,MATR_b3c35,MATR_b4c42,MATR_b4c24,MATR_b1c33,MATR_b1c16,MATR_b2c14",False,False,0.95
480,MATR_b4c4,656.0,598.0065326143399,43.481706004205584,512.783954859738,683.2291103689419,176.0,118.0065326143399,32.783954859737946,203.22911036894186,57.9934673856601,"MATR_b1c19,MATR_b1c34,MATR_b4c15,MATR_b1c26,MATR_b2c22,MATR_b3c26,MATR_b1c4,MATR_b2c45,MATR_b1c29,MATR_b4c19,MATR_b3c35,MATR_b4c42,MATR_b4c24,MATR_b1c33,MATR_b1c16,MATR_b2c14",False,False,0.95
500,MATR_b1c1,2154.0,1708.7231041578516,142.6451259784413,1429.143794669928,1988.3024136457752,1654.0,1208.7231041578516,929.143794669928,1488.3024136457752,445.2768958421484,"MATR_b3c18,MATR_b1c44,MATR_b1c16,MATR_b1c43,MATR_b3c27,MATR_b2c22,MATR_b3c36,MATR_b1c30,MATR_b4c39,MATR_b1c38,MATR_b1c3,MATR_b2c28,MATR_b4c12,MATR_b1c29,MATR_b1c31,MATR_b4c3",False,False,0.95
500,MATR_b1c20,533.0,402.3826633439926,22.458074575519504,358.3656460138597,446.3996806741255,33.0,-97.61733665600741,-141.6343539861403,-53.60031932587452,130.6173366560074,"MATR_b3c18,MATR_b1c44,MATR_b1c16,MATR_b1c43,MATR_b3c27,MATR_b2c22,MATR_b3c36,MATR_b1c30,MATR_b4c39,MATR_b1c38,MATR_b1c3,MATR_b2c28,MATR_b4c12,MATR_b1c29,MATR_b1c31,MATR_b4c3",False,False,0.95
500,MATR_b1c21,557.0,476.1947203006742,28.510251987966463,420.31565321409846,532.0737873872499,57.0,-23.80527969932581,-79.68434678590154,32.07378738724992,80.80527969932581,"MATR_b3c18,MATR_b1c44,MATR_b1c16,MATR_b1c43,MATR_b3c27,MATR_b2c22,MATR_b3c36,MATR_b1c30,MATR_b4c39,MATR_b1c38,MATR_b1c3,MATR_b2c28,MATR_b4c12,MATR_b1c29,MATR_b1c31,MATR_b4c3",False,False,0.95
500,MATR_b1c28,858.0,819.5934028301599,82.86322084847663,657.1844743241572,982.0023313361626,358.0,319.5934028301599,157.18447432415724,482.00233133616257,38.4065971698401,"MATR_b3c18,MATR_b1c44,MATR_b1c16,MATR_b1c43,MATR_b3c27,MATR_b2c22,MATR_b3c36,MATR_b1c30,MATR_b4c39,MATR_b1c38,MATR_b1c3,MATR_b2c28,MATR_b4c12,MATR_b1c29,MATR_b1c31,MATR_b4c3",False,False,0.95
500,MATR_b1c39,622.0,644.685265388503,51.355286016189034,544.030754381019,745.339776395987,122.0,144.685265388503,44.03075438101905,245.33977639598697,22.685265388503012,"MATR_b3c18,MATR_b1c44,MATR_b1c16,MATR_b1c43,MATR_b3c27,MATR_b2c22,MATR_b3c36,MATR_b1c30,MATR_b4c39,MATR_b1c38,MATR_b1c3,MATR_b2c28,MATR_b4c12,MATR_b1c29,MATR_b1c31,MATR_b4c3",False,False,0.95
500,MATR_b1c7,869.0,942.5297989214508,110.51282766836995,725.9286368617642,1159.1309609811374,369.0,442.52979892145083,225.92863686176418,659.1309609811374,73.52979892145083,"MATR_b3c18,MATR_b1c44,MATR_b1c16,MATR_b1c43,MATR_b3c27,MATR_b2c22,MATR_b3c36,MATR_b1c30,MATR_b4c39,MATR_b1c38,MATR_b1c3,MATR_b2c28,MATR_b4c12,MATR_b1c29,MATR_b1c31,MATR_b4c3",False,False,0.95
500,MATR_b1c9,1052.0,1085.0848963829353,117.16184977285076,855.4518904660556,1314.717902299815,552.0,585.0848963829353,355.4518904660556,814.717902299815,33.08489638293531,"MATR_b3c18,MATR_b1c44,MATR_b1c16,MATR_b1c43,MATR_b3c27,MATR_b2c22,MATR_b3c36,MATR_b1c30,MATR_b4c39,MATR_b1c38,MATR_b1c3,MATR_b2c28,MATR_b4c12,MATR_b1c29,MATR_b1c31,MATR_b4c3",False,False,0.95
500,MATR_b2c10,560.0,501.99180994727647,30.110807158931085,442.9757123703407,561.0079075242122,60.0,1.9918099472764652,-57.024287629659284,61.007907524212214,58.008190052723535,"MATR_b3c18,MATR_b1c44,MATR_b1c16,MATR_b1c43,MATR_b3c27,MATR_b2c22,MATR_b3c36,MATR_b1c30,MATR_b4c39,MATR_b1c38,MATR_b1c3,MATR_b2c28,MATR_b4c12,MATR_b1c29,MATR_b1c31,MATR_b4c3",False,False,0.95
500,MATR_b2c23,526.0,388.3321713575182,24.077463387617776,341.14121027870556,435.5231324363308,26.0,-111.66782864248182,-158.85878972129444,-64.4768675636692,137.66782864248182,"MATR_b3c18,MATR_b1c44,MATR_b1c16,MATR_b1c43,MATR_b3c27,MATR_b2c22,MATR_b3c36,MATR_b1c30,MATR_b4c39,MATR_b1c38,MATR_b1c3,MATR_b2c28,MATR_b4c12,MATR_b1c29,MATR_b1c31,MATR_b4c3",False,False,0.95
500,MATR_b2c36,534.0,477.80805066323524,32.17421967286519,414.7477388737394,540.868362452731,34.0,-22.191949336764765,-85.25226112626058,40.86836245273105,56.191949336764765,"MATR_b3c18,MATR_b1c44,MATR_b1c16,MATR_b1c43,MATR_b3c27,MATR_b2c22,MATR_b3c36,MATR_b1c30,MATR_b4c39,MATR_b1c38,MATR_b1c3,MATR_b2c28,MATR_b4c12,MATR_b1c29,MATR_b1c31,MATR_b4c3",False,False,0.95
500,MATR_b3c19,1152.0,1102.6731602986995,138.07850974590244,832.0442541577679,1373.302066439631,652.0,602.6731602986995,332.0442541577679,873.3020664396311,49.326839701300514,"MATR_b3c18,MATR_b1c44,MATR_b1c16,MATR_b1c43,MATR_b3c27,MATR_b2c22,MATR_b3c36,MATR_b1c30,MATR_b4c39,MATR_b1c38,MATR_b1c3,MATR_b2c28,MATR_b4c12,MATR_b1c29,MATR_b1c31,MATR_b4c3",False,False,0.95
500,MATR_b3c20,811.0,860.5164488270502,99.09873464020235,666.2864980187618,1054.7463996353385,311.0,360.5164488270502,166.2864980187618,554.7463996353385,49.516448827050226,"MATR_b3c18,MATR_b1c44,MATR_b1c16,MATR_b1c43,MATR_b3c27,MATR_b2c22,MATR_b3c36,MATR_b1c30,MATR_b4c39,MATR_b1c38,MATR_b1c3,MATR_b2c28,MATR_b4c12,MATR_b1c29,MATR_b1c31,MATR_b4c3",False,False,0.95
500,MATR_b3c3,1113.0,1246.492075802023,145.8652426283952,960.6014536541718,1532.3826979498742,613.0,746.492075802023,460.6014536541718,1032.3826979498742,133.492075802023,"MATR_b3c18,MATR_b1c44,MATR_b1c16,MATR_b1c43,MATR_b3c27,MATR_b2c22,MATR_b3c36,MATR_b1c30,MATR_b4c39,MATR_b1c38,MATR_b1c3,MATR_b2c28,MATR_b4c12,MATR_b1c29,MATR_b1c31,MATR_b4c3",False,False,0.95
500,MATR_b3c30,933.0,869.3632744033872,106.09211495870917,661.4265500406341,1077.2999987661403,433.0,369.3632744033872,161.42655004063408,577.2999987661403,63.63672559661279,"MATR_b3c18,MATR_b1c44,MATR_b1c16,MATR_b1c43,MATR_b3c27,MATR_b2c22,MATR_b3c36,MATR_b1c30,MATR_b4c39,MATR_b1c38,MATR_b1c3,MATR_b2c28,MATR_b4c12,MATR_b1c29,MATR_b1c31,MATR_b4c3",False,False,0.95
500,MATR_b3c44,938.0,826.7777656801074,96.48384134316713,637.6729115574233,1015.8826198027916,438.0,326.77776568010745,137.67291155742328,515.8826198027916,111.22223431989255,"MATR_b3c18,MATR_b1c44,MATR_b1c16,MATR_b1c43,MATR_b3c27,MATR_b2c22,MATR_b3c36,MATR_b1c30,MATR_b4c39,MATR_b1c38,MATR_b1c3,MATR_b2c28,MATR_b4c12,MATR_b1c29,MATR_b1c31,MATR_b4c3",False,False,0.95
500,MATR_b3c45,1799.0,1727.6931176019946,166.188705497485,1401.9692401895904,2053.4169950143987,1299.0,1227.6931176019946,901.9692401895904,1553.4169950143987,71.30688239800543,"MATR_b3c18,MATR_b1c44,MATR_b1c16,MATR_b1c43,MATR_b3c27,MATR_b2c22,MATR_b3c36,MATR_b1c30,MATR_b4c39,MATR_b1c38,MATR_b1c3,MATR_b2c28,MATR_b4c12,MATR_b1c29,MATR_b1c31,MATR_b4c3",False,False,0.95
500,MATR_b4c10,872.0,807.4908739576381,91.62073879212642,627.9175256881185,987.0642222271576,372.0,307.4908739576381,127.91752568811853,487.06422222715764,64.50912604236191,"MATR_b3c18,MATR_b1c44,MATR_b1c16,MATR_b1c43,MATR_b3c27,MATR_b2c22,MATR_b3c36,MATR_b1c30,MATR_b4c39,MATR_b1c38,MATR_b1c3,MATR_b2c28,MATR_b4c12,MATR_b1c29,MATR_b1c31,MATR_b4c3",False,False,0.95
500,MATR_b4c13,771.0,703.130944615896,70.47526497182028,565.0019634702111,841.259925761581,271.0,203.13094461589606,65.00196347021108,341.25992576158103,67.86905538410394,"MATR_b3c18,MATR_b1c44,MATR_b1c16,MATR_b1c43,MATR_b3c27,MATR_b2c22,MATR_b3c36,MATR_b1c30,MATR_b4c39,MATR_b1c38,MATR_b1c3,MATR_b2c28,MATR_b4c12,MATR_b1c29,MATR_b1c31,MATR_b4c3",False,False,0.95
500,MATR_b4c16,909.0,789.6236790899285,86.01440024220672,621.03855246339,958.2088057164669,409.0,289.6236790899285,121.03855246339003,458.20880571646694,119.37632091007151,"MATR_b3c18,MATR_b1c44,MATR_b1c16,MATR_b1c43,MATR_b3c27,MATR_b2c22,MATR_b3c36,MATR_b1c30,MATR_b4c39,MATR_b1c38,MATR_b1c3,MATR_b2c28,MATR_b4c12,MATR_b1c29,MATR_b1c31,MATR_b4c3",False,False,0.95
500,MATR_b4c18,906.0,744.2155291226427,78.46597356930003,590.4250469149429,898.0060113303425,406.0,244.2155291226427,90.42504691494287,398.0060113303425,161.7844708773573,"MATR_b3c18,MATR_b1c44,MATR_b1c16,MATR_b1c43,MATR_b3c27,MATR_b2c22,MATR_b3c36,MATR_b1c30,MATR_b4c39,MATR_b1c38,MATR_b1c3,MATR_b2c28,MATR_b4c12,MATR_b1c29,MATR_b1c31,MATR_b4c3",False,False,0.95
500,MATR_b4c29,887.0,882.7194555545418,109.50677539473025,668.0901197177536,1097.34879139133,387.0,382.7194555545418,168.09011971775362,597.34879139133,4.28054444545819,"MATR_b3c18,MATR_b1c44,MATR_b1c16,MATR_b1c43,MATR_b3c27,MATR_b2c22,MATR_b3c36,MATR_b1c30,MATR_b4c39,MATR_b1c38,MATR_b1c3,MATR_b2c28,MATR_b4c12,MATR_b1c29,MATR_b1c31,MATR_b4c3",False,False,0.95
500,MATR_b4c33,505.0,416.08464447771286,25.230461660489887,366.63384830983404,465.5354406455917,5.0,-83.91535552228714,-133.36615169016596,-34.46455935440832,88.91535552228714,"MATR_b3c18,MATR_b1c44,MATR_b1c16,MATR_b1c43,MATR_b3c27,MATR_b2c22,MATR_b3c36,MATR_b1c30,MATR_b4c39,MATR_b1c38,MATR_b1c3,MATR_b2c28,MATR_b4c12,MATR_b1c29,MATR_b1c31,MATR_b4c3",False,False,0.95
500,MATR_b4c37,863.0,726.9141814629477,72.38419241839456,585.0437712728772,868.7845916530182,363.0,226.91418146294768,85.04377127287717,368.7845916530182,136.08581853705232,"MATR_b3c18,MATR_b1c44,MATR_b1c16,MATR_b1c43,MATR_b3c27,MATR_b2c22,MATR_b3c36,MATR_b1c30,MATR_b4c39,MATR_b1c38,MATR_b1c3,MATR_b2c28,MATR_b4c12,MATR_b1c29,MATR_b1c31,MATR_b4c3",False,False,0.95
500,MATR_b4c4,656.0,598.4325191010768,44.306199041979774,511.59396468693336,685.2710735152201,156.0,98.43251910107676,11.593964686933361,185.2710735152201,57.567480898923236,"MATR_b3c18,MATR_b1c44,MATR_b1c16,MATR_b1c43,MATR_b3c27,MATR_b2c22,MATR_b3c36,MATR_b1c30,MATR_b4c39,MATR_b1c38,MATR_b1c3,MATR_b2c28,MATR_b4c12,MATR_b1c29,MATR_b1c31,MATR_b4c3",False,False,0.95
520,MATR_b1c1,2154.0,1693.843638427782,147.02856853968404,1405.6729393915225,1982.0143374640415,1634.0,1173.843638427782,885.6729393915225,1462.0143374640415,460.156361572218,"MATR_b1c34,MATR_b4c30,MATR_b1c5,MATR_b1c43,MATR_b4c1,MATR_b1c31,MATR_b1c6,MATR_b3c27,MATR_b1c16,MATR_b4c43,MATR_b1c4,MATR_b4c8,MATR_b3c0,MATR_b4c3,MATR_b1c24,MATR_b4c22",False,False,0.95
520,MATR_b1c20,533.0,386.1061152656254,22.667791464631573,341.6780603858831,430.53417014536774,13.0,-133.89388473437458,-178.3219396141169,-89.46582985463226,146.89388473437458,"MATR_b1c34,MATR_b4c30,MATR_b1c5,MATR_b1c43,MATR_b4c1,MATR_b1c31,MATR_b1c6,MATR_b3c27,MATR_b1c16,MATR_b4c43,MATR_b1c4,MATR_b4c8,MATR_b3c0,MATR_b4c3,MATR_b1c24,MATR_b4c22",False,False,0.95
520,MATR_b1c21,557.0,456.85077943742505,27.922778791440557,402.1231386579227,511.5784202169274,37.0,-63.14922056257495,-117.87686134207729,-8.421579783072616,100.14922056257495,"MATR_b1c34,MATR_b4c30,MATR_b1c5,MATR_b1c43,MATR_b4c1,MATR_b1c31,MATR_b1c6,MATR_b3c27,MATR_b1c16,MATR_b4c43,MATR_b1c4,MATR_b4c8,MATR_b3c0,MATR_b4c3,MATR_b1c24,MATR_b4c22",False,False,0.95
520,MATR_b1c28,858.0,810.0118591285096,84.57988371194463,644.2383332365123,975.785385020507,338.0,290.0118591285096,124.23833323651229,455.78538502050696,47.98814087149037,"MATR_b1c34,MATR_b4c30,MATR_b1c5,MATR_b1c43,MATR_b4c1,MATR_b1c31,MATR_b1c6,MATR_b3c27,MATR_b1c16,MATR_b4c43,MATR_b1c4,MATR_b4c8,MATR_b3c0,MATR_b4c3,MATR_b1c24,MATR_b4c22",False,False,0.95
520,MATR_b1c39,622.0,622.9098811665405,49.91000370527434,525.0880714359421,720.7316908971388,102.0,102.90988116654046,5.0880714359420836,200.73169089713883,0.9098811665404583,"MATR_b1c34,MATR_b4c30,MATR_b1c5,MATR_b1c43,MATR_b4c1,MATR_b1c31,MATR_b1c6,MATR_b3c27,MATR_b1c16,MATR_b4c43,MATR_b1c4,MATR_b4c8,MATR_b3c0,MATR_b4c3,MATR_b1c24,MATR_b4c22",False,False,0.95
520,MATR_b1c7,869.0,925.956954458162,111.14389062152377,708.1189317383164,1143.7949771780077,349.0,405.95695445816204,188.1189317383164,623.7949771780077,56.956954458162045,"MATR_b1c34,MATR_b4c30,MATR_b1c5,MATR_b1c43,MATR_b4c1,MATR_b1c31,MATR_b1c6,MATR_b3c27,MATR_b1c16,MATR_b4c43,MATR_b1c4,MATR_b4c8,MATR_b3c0,MATR_b4c3,MATR_b1c24,MATR_b4c22",False,False,0.95
520,MATR_b1c9,1052.0,1055.1147242483712,121.36868863799911,817.2364656670374,1292.9929828297052,532.0,535.1147242483712,297.23646566703735,772.9929828297052,3.1147242483712034,"MATR_b1c34,MATR_b4c30,MATR_b1c5,MATR_b1c43,MATR_b4c1,MATR_b1c31,MATR_b1c6,MATR_b3c27,MATR_b1c16,MATR_b4c43,MATR_b1c4,MATR_b4c8,MATR_b3c0,MATR_b4c3,MATR_b1c24,MATR_b4c22",False,False,0.95
520,MATR_b2c10,560.0,479.35469707249973,29.124011560307938,422.272683328968,536.4367108160315,40.0,-40.64530292750027,-97.72731667103199,16.43671081603145,80.64530292750027,"MATR_b1c34,MATR_b4c30,MATR_b1c5,MATR_b1c43,MATR_b4c1,MATR_b1c31,MATR_b1c6,MATR_b3c27,MATR_b1c16,MATR_b4c43,MATR_b1c4,MATR_b4c8,MATR_b3c0,MATR_b4c3,MATR_b1c24,MATR_b4c22",False,False,0.95
520,MATR_b2c23,526.0,370.33948704970055,24.22533747138921,322.8586980924491,417.820276006952,6.0,-149.66051295029945,-197.14130190755088,-102.17972399304801,155.66051295029945,"MATR_b1c34,MATR_b4c30,MATR_b1c5,MATR_b1c43,MATR_b4c1,MATR_b1c31,MATR_b1c6,MATR_b3c27,MATR_b1c16,MATR_b4c43,MATR_b1c4,MATR_b4c8,MATR_b3c0,MATR_b4c3,MATR_b1c24,MATR_b4c22",False,False,0.95
520,MATR_b2c36,534.0,446.8266721483358,30.591697400327295,386.8680470177467,506.7852972789249,14.0,-73.17332785166423,-133.13195298225332,-13.214702721075128,87.17332785166423,"MATR_b1c34,MATR_b4c30,MATR_b1c5,MATR_b1c43,MATR_b4c1,MATR_b1c31,MATR_b1c6,MATR_b3c27,MATR_b1c16,MATR_b4c43,MATR_b1c4,MATR_b4c8,MATR_b3c0,MATR_b4c3,MATR_b1c24,MATR_b4c22",False,False,0.95
520,MATR_b3c19,1152.0,1095.4615203966493,141.94257029907723,817.2591947374133,1373.6638460558854,632.0,575.4615203966493,297.2591947374133,853.6638460558854,56.53847960335065,"MATR_b1c34,MATR_b4c30,MATR_b1c5,MATR_b1c43,MATR_b4c1,MATR_b1c31,MATR_b1c6,MATR_b3c27,MATR_b1c16,MATR_b4c43,MATR_b1c4,MATR_b4c8,MATR_b3c0,MATR_b4c3,MATR_b1c24,MATR_b4c22",False,False,0.95
520,MATR_b3c20,811.0,856.5136720103343,101.34387905689293,657.8833190052411,1055.1440250154274,291.0,336.5136720103343,137.8833190052411,535.1440250154274,45.51367201033429,"MATR_b1c34,MATR_b4c30,MATR_b1c5,MATR_b1c43,MATR_b4c1,MATR_b1c31,MATR_b1c6,MATR_b3c27,MATR_b1c16,MATR_b4c43,MATR_b1c4,MATR_b4c8,MATR_b3c0,MATR_b4c3,MATR_b1c24,MATR_b4c22",False,False,0.95
520,MATR_b3c3,1113.0,1222.41478292296,149.14591355701577,930.0941639098851,1514.735401936035,593.0,702.4147829229601,410.0941639098851,994.735401936035,109.41478292296006,"MATR_b1c34,MATR_b4c30,MATR_b1c5,MATR_b1c43,MATR_b4c1,MATR_b1c31,MATR_b1c6,MATR_b3c27,MATR_b1c16,MATR_b4c43,MATR_b1c4,MATR_b4c8,MATR_b3c0,MATR_b4c3,MATR_b1c24,MATR_b4c22",False,False,0.95
520,MATR_b3c30,933.0,867.6241130440244,109.12253976223239,653.747865208509,1081.5003608795398,413.0,347.6241130440244,133.74786520850898,561.5003608795398,65.3758869559756,"MATR_b1c34,MATR_b4c30,MATR_b1c5,MATR_b1c43,MATR_b4c1,MATR_b1c31,MATR_b1c6,MATR_b3c27,MATR_b1c16,MATR_b4c43,MATR_b1c4,MATR_b4c8,MATR_b3c0,MATR_b4c3,MATR_b1c24,MATR_b4c22",False,False,0.95
520,MATR_b3c44,938.0,820.2425936485305,98.60178206127273,626.9866519969685,1013.4985353000925,418.0,300.2425936485305,106.98665199696848,493.4985353000925,117.75740635146951,"MATR_b1c34,MATR_b4c30,MATR_b1c5,MATR_b1c43,MATR_b4c1,MATR_b1c31,MATR_b1c6,MATR_b3c27,MATR_b1c16,MATR_b4c43,MATR_b1c4,MATR_b4c8,MATR_b3c0,MATR_b4c3,MATR_b1c24,MATR_b4c22",False,False,0.95
520,MATR_b3c45,1799.0,1680.4994576255508,170.03123448935457,1347.2443617795311,2013.7545534715705,1279.0,1160.4994576255508,827.2443617795311,1493.7545534715705,118.5005423744492,"MATR_b1c34,MATR_b4c30,MATR_b1c5,MATR_b1c43,MATR_b4c1,MATR_b1c31,MATR_b1c6,MATR_b3c27,MATR_b1c16,MATR_b4c43,MATR_b1c4,MATR_b4c8,MATR_b3c0,MATR_b4c3,MATR_b1c24,MATR_b4c22",False,False,0.95
520,MATR_b4c10,872.0,807.8047079028431,93.91846027712043,623.7279082762313,991.8815075294549,352.0,287.8047079028431,103.72790827623135,471.8815075294549,64.19529209715688,"MATR_b1c34,MATR_b4c30,MATR_b1c5,MATR_b1c43,MATR_b4c1,MATR_b1c31,MATR_b1c6,MATR_b3c27,MATR_b1c16,MATR_b4c43,MATR_b1c4,MATR_b4c8,MATR_b3c0,MATR_b4c3,MATR_b1c24,MATR_b4c22",False,False,0.95
520,MATR_b4c13,771.0,702.8287948233701,72.27307264070436,561.1761753955425,844.4814142511977,251.0,182.82879482337012,41.17617539554249,324.48141425119775,68.17120517662988,"MATR_b1c34,MATR_b4c30,MATR_b1c5,MATR_b1c43,MATR_b4c1,MATR_b1c31,MATR_b1c6,MATR_b3c27,MATR_b1c16,MATR_b4c43,MATR_b1c4,MATR_b4c8,MATR_b3c0,MATR_b4c3,MATR_b1c24,MATR_b4c22",False,False,0.95
520,MATR_b4c16,909.0,789.6913979654028,88.77195092456965,615.7015713158892,963.6812246149163,389.0,269.69139796540276,95.70157131588917,443.68122461491635,119.30860203459724,"MATR_b1c34,MATR_b4c30,MATR_b1c5,MATR_b1c43,MATR_b4c1,MATR_b1c31,MATR_b1c6,MATR_b3c27,MATR_b1c16,MATR_b4c43,MATR_b1c4,MATR_b4c8,MATR_b3c0,MATR_b4c3,MATR_b1c24,MATR_b4c22",False,False,0.95
520,MATR_b4c18,906.0,745.5979434185516,81.84076522019383,585.1929911197735,906.0028957173297,386.0,225.5979434185516,65.19299111977352,386.0028957173297,160.4020565814484,"MATR_b1c34,MATR_b4c30,MATR_b1c5,MATR_b1c43,MATR_b4c1,MATR_b1c31,MATR_b1c6,MATR_b3c27,MATR_b1c16,MATR_b4c43,MATR_b1c4,MATR_b4c8,MATR_b3c0,MATR_b4c3,MATR_b1c24,MATR_b4c22",False,False,0.95
520,MATR_b4c29,887.0,890.7841734981678,113.44536761139659,668.4353387669238,1113.1330082294119,367.0,370.7841734981678,148.4353387669238,593.1330082294119,3.7841734981677746,"MATR_b1c34,MATR_b4c30,MATR_b1c5,MATR_b1c43,MATR_b4c1,MATR_b1c31,MATR_b1c6,MATR_b3c27,MATR_b1c16,MATR_b4c43,MATR_b1c4,MATR_b4c8,MATR_b3c0,MATR_b4c3,MATR_b1c24,MATR_b4c22",False,False,0.95
520,MATR_b4c37,863.0,726.0558111811632,74.5564325570411,579.9278885535732,872.1837338087532,343.0,206.05581118116322,59.92788855357321,352.18373380875323,136.94418881883678,"MATR_b1c34,MATR_b4c30,MATR_b1c5,MATR_b1c43,MATR_b4c1,MATR_b1c31,MATR_b1c6,MATR_b3c27,MATR_b1c16,MATR_b4c43,MATR_b1c4,MATR_b4c8,MATR_b3c0,MATR_b4c3,MATR_b1c24,MATR_b4c22",False,False,0.95
520,MATR_b4c4,656.0,591.7040011599888,44.83452951167275,503.82993805331205,679.5780642666656,136.0,71.70400115998882,-16.17006194668795,159.5780642666656,64.29599884001118,"MATR_b1c34,MATR_b4c30,MATR_b1c5,MATR_b1c43,MATR_b4c1,MATR_b1c31,MATR_b1c6,MATR_b3c27,MATR_b1c16,MATR_b4c43,MATR_b1c4,MATR_b4c8,MATR_b3c0,MATR_b4c3,MATR_b1c24,MATR_b4c22",False,False,0.95
540,MATR_b1c1,2154.0,1698.9097540758926,149.79039272759874,1405.3259790996885,1992.4935290520966,1614.0,1158.9097540758926,865.3259790996885,1452.4935290520966,455.0902459241074,"MATR_b4c28,MATR_b4c3,MATR_b1c42,MATR_b4c20,MATR_b1c44,MATR_b3c21,MATR_b4c39,MATR_b1c6,MATR_b1c29,MATR_b4c8,MATR_b3c6,MATR_b3c39,MATR_b4c12,MATR_b1c38,MATR_b2c47,MATR_b1c24",False,False,0.95
540,MATR_b1c21,557.0,428.90636980121695,26.258080028812987,377.44147864157304,480.37126096086087,17.0,-111.09363019878305,-162.55852135842696,-59.628739039139134,128.09363019878305,"MATR_b4c28,MATR_b4c3,MATR_b1c42,MATR_b4c20,MATR_b1c44,MATR_b3c21,MATR_b4c39,MATR_b1c6,MATR_b1c29,MATR_b4c8,MATR_b3c6,MATR_b3c39,MATR_b4c12,MATR_b1c38,MATR_b2c47,MATR_b1c24",False,False,0.95
540,MATR_b1c28,858.0,820.0770643751564,86.59159975871931,650.3606474843593,989.7934812659535,318.0,280.0770643751564,110.36064748435933,449.79348126595346,37.9229356248436,"MATR_b4c28,MATR_b4c3,MATR_b1c42,MATR_b4c20,MATR_b1c44,MATR_b3c21,MATR_b4c39,MATR_b1c6,MATR_b1c29,MATR_b4c8,MATR_b3c6,MATR_b3c39,MATR_b4c12,MATR_b1c38,MATR_b2c47,MATR_b1c24",False,False,0.95
540,MATR_b1c39,622.0,599.5650930390821,46.919546970340726,507.60447080627887,691.5257152718852,82.0,59.56509303908206,-32.39552919372113,151.52571527188525,22.434906960917942,"MATR_b4c28,MATR_b4c3,MATR_b1c42,MATR_b4c20,MATR_b1c44,MATR_b3c21,MATR_b4c39,MATR_b1c6,MATR_b1c29,MATR_b4c8,MATR_b3c6,MATR_b3c39,MATR_b4c12,MATR_b1c38,MATR_b2c47,MATR_b1c24",False,False,0.95
540,MATR_b1c7,869.0,929.3194004263507,112.81642846100182,708.2032637783477,1150.4355370743538,329.0,389.31940042635074,168.20326377834772,610.4355370743538,60.31940042635074,"MATR_b4c28,MATR_b4c3,MATR_b1c42,MATR_b4c20,MATR_b1c44,MATR_b3c21,MATR_b4c39,MATR_b1c6,MATR_b1c29,MATR_b4c8,MATR_b3c6,MATR_b3c39,MATR_b4c12,MATR_b1c38,MATR_b2c47,MATR_b1c24",False,False,0.95
540,MATR_b1c9,1052.0,1052.7904724955781,124.88992771247761,808.0107121473112,1297.570232843845,512.0,512.7904724955781,268.0107121473112,757.5702328438449,0.7904724955781148,"MATR_b4c28,MATR_b4c3,MATR_b1c42,MATR_b4c20,MATR_b1c44,MATR_b3c21,MATR_b4c39,MATR_b1c6,MATR_b1c29,MATR_b4c8,MATR_b3c6,MATR_b3c39,MATR_b4c12,MATR_b1c38,MATR_b2c47,MATR_b1c24",False,False,0.95
540,MATR_b2c10,560.0,448.0949104625841,27.00800255304518,395.1601981642497,501.02962276091847,20.0,-91.9050895374159,-144.83980183575028,-38.97037723908153,111.9050895374159,"MATR_b4c28,MATR_b4c3,MATR_b1c42,MATR_b4c20,MATR_b1c44,MATR_b3c21,MATR_b4c39,MATR_b1c6,MATR_b1c29,MATR_b4c8,MATR_b3c6,MATR_b3c39,MATR_b4c12,MATR_b1c38,MATR_b2c47,MATR_b1c24",False,False,0.95
540,MATR_b3c19,1152.0,1126.837580890951,145.39500161750018,841.8686141885078,1411.806547593394,612.0,586.8375808909509,301.86861418850776,871.806547593394,25.162419109049097,"MATR_b4c28,MATR_b4c3,MATR_b1c42,MATR_b4c20,MATR_b1c44,MATR_b3c21,MATR_b4c39,MATR_b1c6,MATR_b1c29,MATR_b4c8,MATR_b3c6,MATR_b3c39,MATR_b4c12,MATR_b1c38,MATR_b2c47,MATR_b1c24",False,False,0.95
540,MATR_b3c20,811.0,871.6685155314833,103.69007677152959,668.4396995050921,1074.8973315578746,271.0,331.6685155314833,128.4396995050921,534.8973315578746,60.66851553148331,"MATR_b4c28,MATR_b4c3,MATR_b1c42,MATR_b4c20,MATR_b1c44,MATR_b3c21,MATR_b4c39,MATR_b1c6,MATR_b1c29,MATR_b4c8,MATR_b3c6,MATR_b3c39,MATR_b4c12,MATR_b1c38,MATR_b2c47,MATR_b1c24",False,False,0.95
540,MATR_b3c3,1113.0,1209.3406186048433,149.40760749698512,916.5070888944559,1502.1741483152305,573.0,669.3406186048433,376.50708889445593,962.1741483152305,96.34061860484326,"MATR_b4c28,MATR_b4c3,MATR_b1c42,MATR_b4c20,MATR_b1c44,MATR_b3c21,MATR_b4c39,MATR_b1c6,MATR_b1c29,MATR_b4c8,MATR_b3c6,MATR_b3c39,MATR_b4c12,MATR_b1c38,MATR_b2c47,MATR_b1c24",False,False,0.95
540,MATR_b3c30,933.0,884.1333211246426,111.6775608148203,665.2493240463133,1103.017318202972,393.0,344.13332112464263,125.24932404631329,563.0173182029721,48.866678875357366,"MATR_b4c28,MATR_b4c3,MATR_b1c42,MATR_b4c20,MATR_b1c44,MATR_b3c21,MATR_b4c39,MATR_b1c6,MATR_b1c29,MATR_b4c8,MATR_b3c6,MATR_b3c39,MATR_b4c12,MATR_b1c38,MATR_b2c47,MATR_b1c24",False,False,0.95
540,MATR_b3c44,938.0,835.6437097979482,101.13521111914358,637.422338435572,1033.8650811603243,398.0,295.6437097979482,97.42233843557199,493.8650811603243,102.35629020205181,"MATR_b4c28,MATR_b4c3,MATR_b1c42,MATR_b4c20,MATR_b1c44,MATR_b3c21,MATR_b4c39,MATR_b1c6,MATR_b1c29,MATR_b4c8,MATR_b3c6,MATR_b3c39,MATR_b4c12,MATR_b1c38,MATR_b2c47,MATR_b1c24",False,False,0.95
540,MATR_b3c45,1799.0,1652.1073572744097,170.78361320011095,1317.377626252573,1986.8370882962463,1259.0,1112.1073572744097,777.377626252573,1446.8370882962463,146.89264272559035,"MATR_b4c28,MATR_b4c3,MATR_b1c42,MATR_b4c20,MATR_b1c44,MATR_b3c21,MATR_b4c39,MATR_b1c6,MATR_b1c29,MATR_b4c8,MATR_b3c6,MATR_b3c39,MATR_b4c12,MATR_b1c38,MATR_b2c47,MATR_b1c24",False,False,0.95
540,MATR_b4c10,872.0,824.0615104430586,96.46580628640426,634.9920043820888,1013.1310165040285,332.0,284.06151044305864,94.9920043820888,473.1310165040285,47.93848955694136,"MATR_b4c28,MATR_b4c3,MATR_b1c42,MATR_b4c20,MATR_b1c44,MATR_b3c21,MATR_b4c39,MATR_b1c6,MATR_b1c29,MATR_b4c8,MATR_b3c6,MATR_b3c39,MATR_b4c12,MATR_b1c38,MATR_b2c47,MATR_b1c24",False,False,0.95
540,MATR_b4c13,771.0,711.5963015466631,73.79399599988513,566.9627271115954,856.2298759817307,231.0,171.59630154666308,26.962727111595427,316.22987598173074,59.403698453336915,"MATR_b4c28,MATR_b4c3,MATR_b1c42,MATR_b4c20,MATR_b1c44,MATR_b3c21,MATR_b4c39,MATR_b1c6,MATR_b1c29,MATR_b4c8,MATR_b3c6,MATR_b3c39,MATR_b4c12,MATR_b1c38,MATR_b2c47,MATR_b1c24",False,False,0.95
540,MATR_b4c16,909.0,808.2232211507047,91.80381749663255,628.2910452140169,988.1553970873925,369.0,268.2232211507047,88.29104521401689,448.15539708739254,100.77677884929528,"MATR_b4c28,MATR_b4c3,MATR_b1c42,MATR_b4c20,MATR_b1c44,MATR_b3c21,MATR_b4c39,MATR_b1c6,MATR_b1c29,MATR_b4c8,MATR_b3c6,MATR_b3c39,MATR_b4c12,MATR_b1c38,MATR_b2c47,MATR_b1c24",False,False,0.95
540,MATR_b4c18,906.0,762.3422784796256,84.86686471809799,596.0062801513207,928.6782768079306,366.0,222.34227847962563,56.00628015132065,388.6782768079306,143.65772152037437,"MATR_b4c28,MATR_b4c3,MATR_b1c42,MATR_b4c20,MATR_b1c44,MATR_b3c21,MATR_b4c39,MATR_b1c6,MATR_b1c29,MATR_b4c8,MATR_b3c6,MATR_b3c39,MATR_b4c12,MATR_b1c38,MATR_b2c47,MATR_b1c24",False,False,0.95
540,MATR_b4c29,887.0,918.3114458258018,116.94295995515537,689.1074560681875,1147.515435583416,347.0,378.3114458258018,149.1074560681875,607.5154355834161,31.311445825801798,"MATR_b4c28,MATR_b4c3,MATR_b1c42,MATR_b4c20,MATR_b1c44,MATR_b3c21,MATR_b4c39,MATR_b1c6,MATR_b1c29,MATR_b4c8,MATR_b3c6,MATR_b3c39,MATR_b4c12,MATR_b1c38,MATR_b2c47,MATR_b1c24",False,False,0.95
540,MATR_b4c37,863.0,734.0492306488314,75.84483836415589,585.3960790418241,882.7023822558388,323.0,194.04923064883144,45.39607904182412,342.70238225583876,128.95076935116856,"MATR_b4c28,MATR_b4c3,MATR_b1c42,MATR_b4c20,MATR_b1c44,MATR_b3c21,MATR_b4c39,MATR_b1c6,MATR_b1c29,MATR_b4c8,MATR_b3c6,MATR_b3c39,MATR_b4c12,MATR_b1c38,MATR_b2c47,MATR_b1c24",False,False,0.95
540,MATR_b4c4,656.0,589.5907310812842,44.6957225980139,501.9887245261839,677.1927376363844,116.0,49.59073108128416,-38.01127547381611,137.19273763638444,66.40926891871584,"MATR_b4c28,MATR_b4c3,MATR_b1c42,MATR_b4c20,MATR_b1c44,MATR_b3c21,MATR_b4c39,MATR_b1c6,MATR_b1c29,MATR_b4c8,MATR_b3c6,MATR_b3c39,MATR_b4c12,MATR_b1c38,MATR_b2c47,MATR_b1c24",False,False,0.95
560,MATR_b1c1,2154.0,1686.4867166036615,151.1448263538243,1390.2483005006056,1982.7251327067174,1594.0,1126.4867166036615,830.2483005006056,1422.7251327067174,467.51328339633847,"MATR_b4c28,MATR_b3c22,MATR_b2c47,MATR_b1c29,MATR_b1c38,MATR_b3c38,MATR_b3c34,MATR_b1c0,MATR_b3c29,MATR_b3c24,MATR_b1c3,MATR_b4c0,MATR_b3c35,MATR_b4c23,MATR_b1c31,MATR_b3c8",False,False,0.95
560,MATR_b1c28,858.0,791.474756653016,84.01874221629318,626.8010478827264,956.1484654233057,298.0,231.47475665301602,66.80104788272638,396.14846542330565,66.52524334698398,"MATR_b4c28,MATR_b3c22,MATR_b2c47,MATR_b1c29,MATR_b1c38,MATR_b3c38,MATR_b3c34,MATR_b1c0,MATR_b3c29,MATR_b3c24,MATR_b1c3,MATR_b4c0,MATR_b3c35,MATR_b4c23,MATR_b1c31,MATR_b3c8",False,False,0.95
560,MATR_b1c39,622.0,554.3512316346153,42.06119707547425,471.9128002200443,636.7896630491862,62.0,-5.64876836538474,-88.08719977995571,76.78966304918617,67.64876836538474,"MATR_b4c28,MATR_b3c22,MATR_b2c47,MATR_b1c29,MATR_b1c38,MATR_b3c38,MATR_b3c34,MATR_b1c0,MATR_b3c29,MATR_b3c24,MATR_b1c3,MATR_b4c0,MATR_b3c35,MATR_b4c23,MATR_b1c31,MATR_b3c8",False,False,0.95
560,MATR_b1c7,869.0,881.5061771116924,109.09195182249528,667.6898805364231,1095.3224736869618,309.0,321.5061771116924,107.68988053642306,535.3224736869618,12.50617711169241,"MATR_b4c28,MATR_b3c22,MATR_b2c47,MATR_b1c29,MATR_b1c38,MATR_b3c38,MATR_b3c34,MATR_b1c0,MATR_b3c29,MATR_b3c24,MATR_b1c3,MATR_b4c0,MATR_b3c35,MATR_b4c23,MATR_b1c31,MATR_b3c8",False,False,0.95
560,MATR_b1c9,1052.0,1008.9919097964073,124.31353109700807,765.3418660552716,1252.641953537543,492.0,448.9919097964073,205.34186605527157,692.641953537543,43.0080902035927,"MATR_b4c28,MATR_b3c22,MATR_b2c47,MATR_b1c29,MATR_b1c38,MATR_b3c38,MATR_b3c34,MATR_b1c0,MATR_b3c29,MATR_b3c24,MATR_b1c3,MATR_b4c0,MATR_b3c35,MATR_b4c23,MATR_b1c31,MATR_b3c8",False,False,0.95
560,MATR_b3c19,1152.0,1109.7336476043856,145.06332578661664,825.4147535850166,1394.0525416237547,592.0,549.7336476043856,265.41475358501657,834.0525416237547,42.266352395614376,"MATR_b4c28,MATR_b3c22,MATR_b2c47,MATR_b1c29,MATR_b1c38,MATR_b3c38,MATR_b3c34,MATR_b1c0,MATR_b3c29,MATR_b3c24,MATR_b1c3,MATR_b4c0,MATR_b3c35,MATR_b4c23,MATR_b1c31,MATR_b3c8",False,False,0.95
560,MATR_b3c20,811.0,838.9976821384621,99.74840245085926,643.4944058193712,1034.500958457553,251.0,278.9976821384621,83.4944058193712,474.500958457553,27.997682138462096,"MATR_b4c28,MATR_b3c22,MATR_b2c47,MATR_b1c29,MATR_b1c38,MATR_b3c38,MATR_b3c34,MATR_b1c0,MATR_b3c29,MATR_b3c24,MATR_b1c3,MATR_b4c0,MATR_b3c35,MATR_b4c23,MATR_b1c31,MATR_b3c8",False,False,0.95
560,MATR_b3c3,1113.0,1125.302330496491,145.6230600471066,839.8863774856486,1410.7182835073336,553.0,565.3023304964911,279.8863774856486,850.7182835073336,12.302330496491095,"MATR_b4c28,MATR_b3c22,MATR_b2c47,MATR_b1c29,MATR_b1c38,MATR_b3c38,MATR_b3c34,MATR_b1c0,MATR_b3c29,MATR_b3c24,MATR_b1c3,MATR_b4c0,MATR_b3c35,MATR_b4c23,MATR_b1c31,MATR_b3c8",False,False,0.95
560,MATR_b3c30,933.0,866.7697874841612,110.39287597920612,650.4037264151203,1083.1358485532019,373.0,306.76978748416116,90.40372641512033,523.1358485532019,66.23021251583884,"MATR_b4c28,MATR_b3c22,MATR_b2c47,MATR_b1c29,MATR_b1c38,MATR_b3c38,MATR_b3c34,MATR_b1c0,MATR_b3c29,MATR_b3c24,MATR_b1c3,MATR_b4c0,MATR_b3c35,MATR_b4c23,MATR_b1c31,MATR_b3c8",False,False,0.95
560,MATR_b3c44,938.0,810.4074238673919,98.58505063953676,617.1842751998424,1003.6305725349414,378.0,250.4074238673919,57.18427519984243,443.6305725349414,127.59257613260809,"MATR_b4c28,MATR_b3c22,MATR_b2c47,MATR_b1c29,MATR_b1c38,MATR_b3c38,MATR_b3c34,MATR_b1c0,MATR_b3c29,MATR_b3c24,MATR_b1c3,MATR_b4c0,MATR_b3c35,MATR_b4c23,MATR_b1c31,MATR_b3c8",False,False,0.95
560,MATR_b3c45,1799.0,1593.2651053651582,172.1486140400645,1255.8600218581455,1930.670188872171,1239.0,1033.2651053651582,695.8600218581455,1370.670188872171,205.7348946348418,"MATR_b4c28,MATR_b3c22,MATR_b2c47,MATR_b1c29,MATR_b1c38,MATR_b3c38,MATR_b3c34,MATR_b1c0,MATR_b3c29,MATR_b3c24,MATR_b1c3,MATR_b4c0,MATR_b3c35,MATR_b4c23,MATR_b1c31,MATR_b3c8",False,False,0.95
560,MATR_b4c10,872.0,790.4281465454372,91.55073963452311,610.9919941037683,969.8642989871062,312.0,230.42814654543724,50.99199410376832,409.86429898710617,81.57185345456276,"MATR_b4c28,MATR_b3c22,MATR_b2c47,MATR_b1c29,MATR_b1c38,MATR_b3c38,MATR_b3c34,MATR_b1c0,MATR_b3c29,MATR_b3c24,MATR_b1c3,MATR_b4c0,MATR_b3c35,MATR_b4c23,MATR_b1c31,MATR_b3c8",False,False,0.95
560,MATR_b4c13,771.0,686.498763175522,70.29476332066203,548.7235587652572,824.2739675857867,211.0,126.49876317552196,-11.276441234742833,264.27396758578675,84.50123682447804,"MATR_b4c28,MATR_b3c22,MATR_b2c47,MATR_b1c29,MATR_b1c38,MATR_b3c38,MATR_b3c34,MATR_b1c0,MATR_b3c29,MATR_b3c24,MATR_b1c3,MATR_b4c0,MATR_b3c35,MATR_b4c23,MATR_b1c31,MATR_b3c8",False,False,0.95
560,MATR_b4c16,909.0,776.8701145612227,87.5220671008325,605.3300151910931,948.4102139313524,349.0,216.87011456122275,45.33001519109314,388.41021393135236,132.12988543877725,"MATR_b4c28,MATR_b3c22,MATR_b2c47,MATR_b1c29,MATR_b1c38,MATR_b3c38,MATR_b3c34,MATR_b1c0,MATR_b3c29,MATR_b3c24,MATR_b1c3,MATR_b4c0,MATR_b3c35,MATR_b4c23,MATR_b1c31,MATR_b3c8",False,False,0.95
560,MATR_b4c18,906.0,739.380825958496,82.67036056459648,577.3498966629465,901.4117552540454,346.0,179.38082595849596,17.34989666294655,341.4117552540454,166.61917404150404,"MATR_b4c28,MATR_b3c22,MATR_b2c47,MATR_b1c29,MATR_b1c38,MATR_b3c38,MATR_b3c34,MATR_b1c0,MATR_b3c29,MATR_b3c24,MATR_b1c3,MATR_b4c0,MATR_b3c35,MATR_b4c23,MATR_b1c31,MATR_b3c8",False,False,0.95
560,MATR_b4c29,887.0,884.2749943086917,113.61927770399167,661.5853020594134,1106.96468655797,327.0,324.2749943086917,101.58530205941338,546.96468655797,2.725005691308297,"MATR_b4c28,MATR_b3c22,MATR_b2c47,MATR_b1c29,MATR_b1c38,MATR_b3c38,MATR_b3c34,MATR_b1c0,MATR_b3c29,MATR_b3c24,MATR_b1c3,MATR_b4c0,MATR_b3c35,MATR_b4c23,MATR_b1c31,MATR_b3c8",False,False,0.95
560,MATR_b4c37,863.0,710.459186469425,72.68550045982698,567.9982233698946,852.9201495689555,303.0,150.45918646942505,7.9982233698946175,292.9201495689555,152.54081353057495,"MATR_b4c28,MATR_b3c22,MATR_b2c47,MATR_b1c29,MATR_b1c38,MATR_b3c38,MATR_b3c34,MATR_b1c0,MATR_b3c29,MATR_b3c24,MATR_b1c3,MATR_b4c0,MATR_b3c35,MATR_b4c23,MATR_b1c31,MATR_b3c8",False,False,0.95
560,MATR_b4c4,656.0,563.1031120042746,41.762418603994675,481.25027563315956,644.9559483753897,96.0,3.103112004274635,-78.74972436684044,84.95594837538965,92.89688799572536,"MATR_b4c28,MATR_b3c22,MATR_b2c47,MATR_b1c29,MATR_b1c38,MATR_b3c38,MATR_b3c34,MATR_b1c0,MATR_b3c29,MATR_b3c24,MATR_b1c3,MATR_b4c0,MATR_b3c35,MATR_b4c23,MATR_b1c31,MATR_b3c8",False,False,0.95
580,MATR_b1c1,2154.0,1687.413178073904,155.4116496968991,1382.8119418900264,1992.0144142577815,1574.0,1107.413178073904,802.8119418900264,1412.0144142577815,466.58682192609604,"MATR_b4c3,MATR_b1c19,MATR_b4c1,MATR_b3c9,MATR_b2c47,MATR_b3c16,MATR_b3c40,MATR_b1c36,MATR_b4c17,MATR_b1c16,MATR_b3c29,MATR_b3c22,MATR_b4c2,MATR_b1c27,MATR_b1c34,MATR_b4c8",False,False,0.95
580,MATR_b1c28,858.0,794.832818298582,87.25393268582961,623.8182527248738,965.8473838722902,278.0,214.83281829858197,43.81825272487379,385.84738387229015,63.16718170141803,"MATR_b4c3,MATR_b1c19,MATR_b4c1,MATR_b3c9,MATR_b2c47,MATR_b3c16,MATR_b3c40,MATR_b1c36,MATR_b4c17,MATR_b1c16,MATR_b3c29,MATR_b3c22,MATR_b4c2,MATR_b1c27,MATR_b1c34,MATR_b4c8",False,False,0.95
580,MATR_b1c39,622.0,531.4434806749165,40.180897799424464,452.69036812155986,610.1965932282732,42.0,-48.556519325083514,-127.30963187844014,30.196593228273173,90.55651932508351,"MATR_b4c3,MATR_b1c19,MATR_b4c1,MATR_b3c9,MATR_b2c47,MATR_b3c16,MATR_b3c40,MATR_b1c36,MATR_b4c17,MATR_b1c16,MATR_b3c29,MATR_b3c22,MATR_b4c2,MATR_b1c27,MATR_b1c34,MATR_b4c8",False,False,0.95
580,MATR_b1c7,869.0,860.0165177442511,110.99598416271027,642.4683863567608,1077.5646491317414,289.0,280.01651774425113,62.46838635676079,497.56464913174136,8.983482255748868,"MATR_b4c3,MATR_b1c19,MATR_b4c1,MATR_b3c9,MATR_b2c47,MATR_b3c16,MATR_b3c40,MATR_b1c36,MATR_b4c17,MATR_b1c16,MATR_b3c29,MATR_b3c22,MATR_b4c2,MATR_b1c27,MATR_b1c34,MATR_b4c8",False,False,0.95
580,MATR_b1c9,1052.0,994.634675078107,129.10236098489372,741.5986972286263,1247.6706529275875,472.0,414.63467507810697,161.5986972286263,667.6706529275875,57.365324921893034,"MATR_b4c3,MATR_b1c19,MATR_b4c1,MATR_b3c9,MATR_b2c47,MATR_b3c16,MATR_b3c40,MATR_b1c36,MATR_b4c17,MATR_b1c16,MATR_b3c29,MATR_b3c22,MATR_b4c2,MATR_b1c27,MATR_b1c34,MATR_b4c8",False,False,0.95
580,MATR_b3c19,1152.0,1098.2370025356404,147.1761469314047,809.777055166712,1386.6969499045688,572.0,518.2370025356404,229.777055166712,806.6969499045688,53.762997464359614,"MATR_b4c3,MATR_b1c19,MATR_b4c1,MATR_b3c9,MATR_b2c47,MATR_b3c16,MATR_b3c40,MATR_b1c36,MATR_b4c17,MATR_b1c16,MATR_b3c29,MATR_b3c22,MATR_b4c2,MATR_b1c27,MATR_b1c34,MATR_b4c8",False,False,0.95
580,MATR_b3c20,811.0,834.129524764188,101.30631537476023,635.5727952232016,1032.6862543051743,231.0,254.12952476418798,55.57279522320164,452.6862543051743,23.129524764187977,"MATR_b4c3,MATR_b1c19,MATR_b4c1,MATR_b3c9,MATR_b2c47,MATR_b3c16,MATR_b3c40,MATR_b1c36,MATR_b4c17,MATR_b1c16,MATR_b3c29,MATR_b3c22,MATR_b4c2,MATR_b1c27,MATR_b1c34,MATR_b4c8",False,False,0.95
580,MATR_b3c3,1113.0,1035.2657672623836,140.00896012043737,760.8532479134217,1309.6782866113456,533.0,455.26576726238363,180.85324791342168,729.6782866113456,77.73423273761637,"MATR_b4c3,MATR_b1c19,MATR_b4c1,MATR_b3c9,MATR_b2c47,MATR_b3c16,MATR_b3c40,MATR_b1c36,MATR_b4c17,MATR_b1c16,MATR_b3c29,MATR_b3c22,MATR_b4c2,MATR_b1c27,MATR_b1c34,MATR_b4c8",False,False,0.95
580,MATR_b3c30,933.0,884.2922091977225,115.57694038054505,657.7655686085212,1110.8188497869237,353.0,304.2922091977225,77.76556860852122,530.8188497869237,48.707790802277486,"MATR_b4c3,MATR_b1c19,MATR_b4c1,MATR_b3c9,MATR_b2c47,MATR_b3c16,MATR_b3c40,MATR_b1c36,MATR_b4c17,MATR_b1c16,MATR_b3c29,MATR_b3c22,MATR_b4c2,MATR_b1c27,MATR_b1c34,MATR_b4c8",False,False,0.95
580,MATR_b3c44,938.0,812.6707263660053,101.96226826024882,612.8283527939061,1012.5130999381045,358.0,232.67072636600528,32.828352793906106,432.51309993810446,125.32927363399472,"MATR_b4c3,MATR_b1c19,MATR_b4c1,MATR_b3c9,MATR_b2c47,MATR_b3c16,MATR_b3c40,MATR_b1c36,MATR_b4c17,MATR_b1c16,MATR_b3c29,MATR_b3c22,MATR_b4c2,MATR_b1c27,MATR_b1c34,MATR_b4c8",False,False,0.95
580,MATR_b3c45,1799.0,1569.5375665404645,173.3468877300877,1229.7839097573844,1909.2912233235445,1219.0,989.5375665404645,649.7839097573844,1329.2912233235445,229.46243345953553,"MATR_b4c3,MATR_b1c19,MATR_b4c1,MATR_b3c9,MATR_b2c47,MATR_b3c16,MATR_b3c40,MATR_b1c36,MATR_b4c17,MATR_b1c16,MATR_b3c29,MATR_b3c22,MATR_b4c2,MATR_b1c27,MATR_b1c34,MATR_b4c8",False,False,0.95
580,MATR_b4c10,872.0,782.035423021529,92.08557532933376,601.5510118803847,962.5198341626733,292.0,202.03542302152903,21.55101188038475,382.5198341626733,89.96457697847097,"MATR_b4c3,MATR_b1c19,MATR_b4c1,MATR_b3c9,MATR_b2c47,MATR_b3c16,MATR_b3c40,MATR_b1c36,MATR_b4c17,MATR_b1c16,MATR_b3c29,MATR_b3c22,MATR_b4c2,MATR_b1c27,MATR_b1c34,MATR_b4c8",False,False,0.95
580,MATR_b4c13,771.0,677.8583651840239,70.61169339905588,539.4619892344897,816.2547411335581,191.0,97.85836518402391,-40.53801076551031,236.25474113355813,93.14163481597609,"MATR_b4c3,MATR_b1c19,MATR_b4c1,MATR_b3c9,MATR_b2c47,MATR_b3c16,MATR_b3c40,MATR_b1c36,MATR_b4c17,MATR_b1c16,MATR_b3c29,MATR_b3c22,MATR_b4c2,MATR_b1c27,MATR_b1c34,MATR_b4c8",False,False,0.95
580,MATR_b4c16,909.0,760.5718989463738,86.81999488876315,590.4078358264466,930.7359620663011,329.0,180.57189894637384,10.407835826446558,350.7359620663011,148.42810105362616,"MATR_b4c3,MATR_b1c19,MATR_b4c1,MATR_b3c9,MATR_b2c47,MATR_b3c16,MATR_b3c40,MATR_b1c36,MATR_b4c17,MATR_b1c16,MATR_b3c29,MATR_b3c22,MATR_b4c2,MATR_b1c27,MATR_b1c34,MATR_b4c8",False,False,0.95
580,MATR_b4c18,906.0,745.39395907022,86.03082086353892,576.7766486172667,914.0112695231734,326.0,165.39395907022003,-3.2233513827333127,334.0112695231734,160.60604092977997,"MATR_b4c3,MATR_b1c19,MATR_b4c1,MATR_b3c9,MATR_b2c47,MATR_b3c16,MATR_b3c40,MATR_b1c36,MATR_b4c17,MATR_b1c16,MATR_b3c29,MATR_b3c22,MATR_b4c2,MATR_b1c27,MATR_b1c34,MATR_b4c8",False,False,0.95
580,MATR_b4c29,887.0,864.7497575265859,113.73076871549748,641.8415469101562,1087.6579681430155,307.0,284.7497575265859,61.84154691015624,507.6579681430155,22.25024247341412,"MATR_b4c3,MATR_b1c19,MATR_b4c1,MATR_b3c9,MATR_b2c47,MATR_b3c16,MATR_b3c40,MATR_b1c36,MATR_b4c17,MATR_b1c16,MATR_b3c29,MATR_b3c22,MATR_b4c2,MATR_b1c27,MATR_b1c34,MATR_b4c8",False,False,0.95
580,MATR_b4c37,863.0,707.6602647999832,73.53553093077713,563.5332725916289,851.7872570083375,283.0,127.66026479998322,-16.46672740837107,271.7872570083375,155.33973520001678,"MATR_b4c3,MATR_b1c19,MATR_b4c1,MATR_b3c9,MATR_b2c47,MATR_b3c16,MATR_b3c40,MATR_b1c36,MATR_b4c17,MATR_b1c16,MATR_b3c29,MATR_b3c22,MATR_b4c2,MATR_b1c27,MATR_b1c34,MATR_b4c8",False,False,0.95
580,MATR_b4c4,656.0,546.5671837222773,40.50079774834317,467.1870787903838,625.9472886541707,76.0,-33.432816277722736,-112.8129212096162,45.947288654170734,109.43281627772274,"MATR_b4c3,MATR_b1c19,MATR_b4c1,MATR_b3c9,MATR_b2c47,MATR_b3c16,MATR_b3c40,MATR_b1c36,MATR_b4c17,MATR_b1c16,MATR_b3c29,MATR_b3c22,MATR_b4c2,MATR_b1c27,MATR_b1c34,MATR_b4c8",False,False,0.95
600,MATR_b1c1,2154.0,1599.400029068435,158.56874293164526,1288.6110038486202,1910.18905428825,1554.0,999.4000290684351,688.6110038486202,1310.18905428825,554.5999709315649,"MATR_b1c0,MATR_b1c19,MATR_b4c17,MATR_b4c42,MATR_b3c34,MATR_b4c20,MATR_b4c2,MATR_b1c33,MATR_b3c27,MATR_b4c23,MATR_b1c40,MATR_b4c12,MATR_b4c41,MATR_b4c19,MATR_b1c29,MATR_b3c36",False,False,0.95
600,MATR_b1c28,858.0,766.6246116261827,85.39380953599085,599.2558204329677,933.9934028193978,258.0,166.62461162618274,-0.7441795670323472,333.99340281939783,91.37538837381726,"MATR_b1c0,MATR_b1c19,MATR_b4c17,MATR_b4c42,MATR_b3c34,MATR_b4c20,MATR_b4c2,MATR_b1c33,MATR_b3c27,MATR_b4c23,MATR_b1c40,MATR_b4c12,MATR_b4c41,MATR_b4c19,MATR_b1c29,MATR_b3c36",False,False,0.95
600,MATR_b1c39,622.0,502.45231254552016,37.760051871144874,428.44397082371194,576.4606542673283,22.0,-97.54768745447984,-171.55602917628806,-23.539345732671677,119.54768745447984,"MATR_b1c0,MATR_b1c19,MATR_b4c17,MATR_b4c42,MATR_b3c34,MATR_b4c20,MATR_b4c2,MATR_b1c33,MATR_b3c27,MATR_b4c23,MATR_b1c40,MATR_b4c12,MATR_b4c41,MATR_b4c19,MATR_b1c29,MATR_b3c36",False,False,0.95
600,MATR_b1c7,869.0,820.6620101600656,107.5437082444892,609.8802152369835,1031.4438050831477,269.0,220.66201016006562,9.880215236983531,431.4438050831477,48.33798983993438,"MATR_b1c0,MATR_b1c19,MATR_b4c17,MATR_b4c42,MATR_b3c34,MATR_b4c20,MATR_b4c2,MATR_b1c33,MATR_b3c27,MATR_b4c23,MATR_b1c40,MATR_b4c12,MATR_b4c41,MATR_b4c19,MATR_b1c29,MATR_b3c36",False,False,0.95
600,MATR_b1c9,1052.0,922.0361382979221,124.44341113240326,678.131534365101,1165.9407422307431,452.0,322.0361382979221,78.13153436510095,565.9407422307431,129.9638617020779,"MATR_b1c0,MATR_b1c19,MATR_b4c17,MATR_b4c42,MATR_b3c34,MATR_b4c20,MATR_b4c2,MATR_b1c33,MATR_b3c27,MATR_b4c23,MATR_b1c40,MATR_b4c12,MATR_b4c41,MATR_b4c19,MATR_b1c29,MATR_b3c36",False,False,0.95
600,MATR_b3c19,1152.0,1047.1780042710286,144.45548653029965,764.0504533024305,1330.3055552396268,552.0,447.1780042710286,164.05045330243047,730.3055552396268,104.82199572897139,"MATR_b1c0,MATR_b1c19,MATR_b4c17,MATR_b4c42,MATR_b3c34,MATR_b4c20,MATR_b4c2,MATR_b1c33,MATR_b3c27,MATR_b4c23,MATR_b1c40,MATR_b4c12,MATR_b4c41,MATR_b4c19,MATR_b1c29,MATR_b3c36",False,False,0.95
600,MATR_b3c20,811.0,805.4517686252817,97.81026839967572,613.7471652437212,997.1563720068423,211.0,205.45176862528172,13.747165243721156,397.1563720068423,5.548231374718284,"MATR_b1c0,MATR_b1c19,MATR_b4c17,MATR_b4c42,MATR_b3c34,MATR_b4c20,MATR_b4c2,MATR_b1c33,MATR_b3c27,MATR_b4c23,MATR_b1c40,MATR_b4c12,MATR_b4c41,MATR_b4c19,MATR_b1c29,MATR_b3c36",False,False,0.95
600,MATR_b3c3,1113.0,910.3239704158557,124.40376681423423,666.4970679188375,1154.1508729128739,513.0,310.3239704158557,66.4970679188375,554.1508729128739,202.67602958414432,"MATR_b1c0,MATR_b1c19,MATR_b4c17,MATR_b4c42,MATR_b3c34,MATR_b4c20,MATR_b4c2,MATR_b1c33,MATR_b3c27,MATR_b4c23,MATR_b1c40,MATR_b4c12,MATR_b4c41,MATR_b4c19,MATR_b1c29,MATR_b3c36",False,False,0.95
600,MATR_b3c30,933.0,861.4273918604658,113.70242544534311,638.5747330327428,1084.2800506881888,333.0,261.42739186046583,38.574733032742756,484.2800506881888,71.57260813953417,"MATR_b1c0,MATR_b1c19,MATR_b4c17,MATR_b4c42,MATR_b3c34,MATR_b4c20,MATR_b4c2,MATR_b1c33,MATR_b3c27,MATR_b4c23,MATR_b1c40,MATR_b4c12,MATR_b4c41,MATR_b4c19,MATR_b1c29,MATR_b3c36",False,False,0.95
600,MATR_b3c44,938.0,797.2949002504838,101.33702418132103,598.67798255463,995.9118179463376,338.0,197.2949002504838,-1.3220174453699656,395.9118179463376,140.7050997495162,"MATR_b1c0,MATR_b1c19,MATR_b4c17,MATR_b4c42,MATR_b3c34,MATR_b4c20,MATR_b4c2,MATR_b1c33,MATR_b3c27,MATR_b4c23,MATR_b1c40,MATR_b4c12,MATR_b4c41,MATR_b4c19,MATR_b1c29,MATR_b3c36",False,False,0.95
600,MATR_b3c45,1799.0,1514.4304448168932,174.62267158747184,1172.1762976212826,1856.6845920125038,1199.0,914.4304448168932,572.1762976212826,1256.6845920125038,284.5695551831068,"MATR_b1c0,MATR_b1c19,MATR_b4c17,MATR_b4c42,MATR_b3c34,MATR_b4c20,MATR_b4c2,MATR_b1c33,MATR_b3c27,MATR_b4c23,MATR_b1c40,MATR_b4c12,MATR_b4c41,MATR_b4c19,MATR_b1c29,MATR_b3c36",False,False,0.95
600,MATR_b4c10,872.0,751.4543856433836,87.53695098683498,579.8851143927391,923.0236568940281,272.0,151.4543856433836,-20.11488560726093,323.02365689402814,120.5456143566164,"MATR_b1c0,MATR_b1c19,MATR_b4c17,MATR_b4c42,MATR_b3c34,MATR_b4c20,MATR_b4c2,MATR_b1c33,MATR_b3c27,MATR_b4c23,MATR_b1c40,MATR_b4c12,MATR_b4c41,MATR_b4c19,MATR_b1c29,MATR_b3c36",False,False,0.95
600,MATR_b4c13,771.0,661.7683836813607,68.91741248133116,526.6927373102604,796.8440300524609,171.0,61.76838368136066,-73.30726268973956,196.84403005246088,109.23161631863934,"MATR_b1c0,MATR_b1c19,MATR_b4c17,MATR_b4c42,MATR_b3c34,MATR_b4c20,MATR_b4c2,MATR_b1c33,MATR_b3c27,MATR_b4c23,MATR_b1c40,MATR_b4c12,MATR_b4c41,MATR_b4c19,MATR_b1c29,MATR_b3c36",False,False,0.95
600,MATR_b4c16,909.0,729.058315748415,82.36661360332896,567.6227195573633,890.4939119394667,309.0,129.058315748415,-32.377280442636675,290.49391193946667,179.941684251585,"MATR_b1c0,MATR_b1c19,MATR_b4c17,MATR_b4c42,MATR_b3c34,MATR_b4c20,MATR_b4c2,MATR_b1c33,MATR_b3c27,MATR_b4c23,MATR_b1c40,MATR_b4c12,MATR_b4c41,MATR_b4c19,MATR_b1c29,MATR_b3c36",False,False,0.95
600,MATR_b4c18,906.0,711.3943935176956,81.97690443038704,550.722613270055,872.0661737653361,306.0,111.39439351769556,-49.277386729944965,272.0661737653361,194.60560648230444,"MATR_b1c0,MATR_b1c19,MATR_b4c17,MATR_b4c42,MATR_b3c34,MATR_b4c20,MATR_b4c2,MATR_b1c33,MATR_b3c27,MATR_b4c23,MATR_b1c40,MATR_b4c12,MATR_b4c41,MATR_b4c19,MATR_b1c29,MATR_b3c36",False,False,0.95
600,MATR_b4c29,887.0,791.5537371868704,101.56866544891528,592.4828109491988,990.6246634245421,287.0,191.55373718687042,-7.517189050801221,390.62466342454206,95.44626281312958,"MATR_b1c0,MATR_b1c19,MATR_b4c17,MATR_b4c42,MATR_b3c34,MATR_b4c20,MATR_b4c2,MATR_b1c33,MATR_b3c27,MATR_b4c23,MATR_b1c40,MATR_b4c12,MATR_b4c41,MATR_b4c19,MATR_b1c29,MATR_b3c36",False,False,0.95
600,MATR_b4c37,863.0,686.4608368929182,70.54731886542625,548.1906327108197,824.7310410750167,263.0,86.46083689291822,-51.80936728918027,224.73104107501672,176.53916310708178,"MATR_b1c0,MATR_b1c19,MATR_b4c17,MATR_b4c42,MATR_b3c34,MATR_b4c20,MATR_b4c2,MATR_b1c33,MATR_b3c27,MATR_b4c23,MATR_b1c40,MATR_b4c12,MATR_b4c41,MATR_b4c19,MATR_b1c29,MATR_b3c36",False,False,0.95
600,MATR_b4c4,656.0,529.638731797015,39.154669399573756,452.8969899472779,606.3804736467521,56.0,-70.361268202985,-147.10301005272208,6.38047364675208,126.361268202985,"MATR_b1c0,MATR_b1c19,MATR_b4c17,MATR_b4c42,MATR_b3c34,MATR_b4c20,MATR_b4c2,MATR_b1c33,MATR_b3c27,MATR_b4c23,MATR_b1c40,MATR_b4c12,MATR_b4c41,MATR_b4c19,MATR_b1c29,MATR_b3c36",False,False,0.95
