2026-08-30 12:50:15,808 | INFO | start fold=0 device=cuda parameters=886228 train=108 validation=27 horizons=[100, 120, 140, 160, 180, 200, 220, 240, 260, 280, 300] q_points=256 context=[8,16] query=8 target=lifetime delta_soh=false paired_horizons=False consistency_weight=0 consistency_gap=20
2026-08-30 12:50:15,808 | INFO | train_scalers cycle=300 soh=0.96513+-0.017554 voltage=2.7644+-0.46937 current=3.2253+-1.5022 lifetime=763.96+-315.73
2026-08-30 12:50:16,561 | INFO | step=1/20000 loss=0.8575186 nll=0.8575166 kl=0.01010988 consistency=0 lambda=0 beta=0.0002 grad=1.566651 horizon=100 lifetime=[455,868] skipped=False
2026-08-30 12:50:17,329 | INFO | step=10/20000 loss=0.8838812 nll=0.8838607 kl=0.01026228 consistency=0 lambda=0 beta=0.002 grad=1.770642 horizon=300 lifetime=[464,909] skipped=False
2026-08-30 12:50:17,854 | INFO | step=20/20000 loss=3.616677 nll=3.616514 kl=0.04077467 consistency=0 lambda=0 beta=0.004 grad=13.43184 horizon=240 lifetime=[498,2154] skipped=False
2026-08-30 12:50:18,233 | INFO | step=30/20000 loss=2.345069 nll=2.344777 kl=0.04865382 consistency=0 lambda=0 beta=0.006 grad=7.14793 horizon=160 lifetime=[486,1858] skipped=False
2026-08-30 12:50:18,666 | INFO | step=40/20000 loss=3.15305 nll=3.152818 kl=0.02892898 consistency=0 lambda=0 beta=0.008 grad=10.80854 horizon=260 lifetime=[461,2154] skipped=False
2026-08-30 12:50:19,133 | INFO | step=50/20000 loss=1.20231 nll=1.202248 kl=0.006181604 consistency=0 lambda=0 beta=0.01 grad=1.327701 horizon=240 lifetime=[461,1156] skipped=False
2026-08-30 12:50:19,510 | INFO | step=60/20000 loss=2.171535 nll=2.171211 kl=0.02694167 consistency=0 lambda=0 beta=0.012 grad=4.926459 horizon=160 lifetime=[428,1858] skipped=False
2026-08-30 12:50:19,866 | INFO | step=70/20000 loss=0.9439057 nll=0.943825 kl=0.00576649 consistency=0 lambda=0 beta=0.014 grad=1.416731 horizon=180 lifetime=[533,1045] skipped=False
2026-08-30 12:50:20,223 | INFO | step=80/20000 loss=1.122626 nll=1.122326 kl=0.01875811 consistency=0 lambda=0 beta=0.016 grad=0.4464926 horizon=140 lifetime=[299,1045] skipped=False
2026-08-30 12:50:20,604 | INFO | step=90/20000 loss=1.083257 nll=1.083045 kl=0.01180442 consistency=0 lambda=0 beta=0.018 grad=2.703591 horizon=220 lifetime=[486,1081] skipped=False
2026-08-30 12:50:20,955 | INFO | step=100/20000 loss=0.835085 nll=0.8344477 kl=0.03186204 consistency=0 lambda=0 beta=0.02 grad=2.283337 horizon=160 lifetime=[455,860] skipped=False
2026-08-30 12:50:21,376 | INFO | step=110/20000 loss=0.8795151 nll=0.8793393 kl=0.007987116 consistency=0 lambda=0 beta=0.022 grad=1.873571 horizon=220 lifetime=[455,942] skipped=False
2026-08-30 12:50:21,732 | INFO | step=120/20000 loss=0.9609569 nll=0.96021 kl=0.03112333 consistency=0 lambda=0 beta=0.024 grad=1.662438 horizon=140 lifetime=[470,988] skipped=False
2026-08-30 12:50:22,141 | INFO | step=130/20000 loss=1.058166 nll=1.057944 kl=0.008548437 consistency=0 lambda=0 beta=0.026 grad=2.711311 horizon=280 lifetime=[458,1049] skipped=False
2026-08-30 12:50:22,498 | INFO | step=140/20000 loss=0.8673558 nll=0.8671681 kl=0.006704465 consistency=0 lambda=0 beta=0.028 grad=2.386642 horizon=160 lifetime=[464,938] skipped=False
2026-08-30 12:50:22,881 | INFO | step=150/20000 loss=1.103555 nll=1.1027 kl=0.02849847 consistency=0 lambda=0 beta=0.03 grad=9.908254 horizon=240 lifetime=[443,909] skipped=False
2026-08-30 12:50:23,254 | INFO | step=160/20000 loss=3.107379 nll=3.104934 kl=0.07642638 consistency=0 lambda=0 beta=0.032 grad=11.37247 horizon=260 lifetime=[505,2154] skipped=False
2026-08-30 12:50:23,624 | INFO | step=170/20000 loss=1.061495 nll=1.060753 kl=0.02183024 consistency=0 lambda=0 beta=0.034 grad=6.764779 horizon=140 lifetime=[453,1152] skipped=False
2026-08-30 12:50:24,026 | INFO | step=180/20000 loss=0.9363751 nll=0.9357135 kl=0.01837638 consistency=0 lambda=0 beta=0.036 grad=4.644006 horizon=220 lifetime=[497,1156] skipped=False
2026-08-30 12:50:24,409 | INFO | step=190/20000 loss=0.884349 nll=0.883072 kl=0.03360661 consistency=0 lambda=0 beta=0.038 grad=4.155906 horizon=180 lifetime=[491,1152] skipped=False
2026-08-30 12:50:24,769 | INFO | step=200/20000 loss=0.9139855 nll=0.9114727 kl=0.06282082 consistency=0 lambda=0 beta=0.04 grad=4.280043 horizon=180 lifetime=[299,1025] skipped=False
2026-08-30 12:50:25,159 | INFO | step=210/20000 loss=4.736309 nll=4.733103 kl=0.07633145 consistency=0 lambda=0 beta=0.042 grad=25.88885 horizon=120 lifetime=[453,2154] skipped=False
2026-08-30 12:50:25,571 | INFO | step=220/20000 loss=0.9391012 nll=0.9365898 kl=0.05707721 consistency=0 lambda=0 beta=0.044 grad=18.94905 horizon=200 lifetime=[482,930] skipped=False
2026-08-30 12:50:25,967 | INFO | step=230/20000 loss=0.8722996 nll=0.8713024 kl=0.021678 consistency=0 lambda=0 beta=0.046 grad=12.18521 horizon=300 lifetime=[465,1049] skipped=False
2026-08-30 12:50:26,339 | INFO | step=240/20000 loss=3.312319 nll=3.287222 kl=0.5228597 consistency=0 lambda=0 beta=0.048 grad=44.52218 horizon=260 lifetime=[486,2154] skipped=False
2026-08-30 12:50:26,763 | INFO | step=250/20000 loss=0.8428202 nll=0.8386046 kl=0.08431175 consistency=0 lambda=0 beta=0.05 grad=12.52824 horizon=140 lifetime=[476,938] skipped=False
2026-08-30 12:50:27,124 | INFO | step=260/20000 loss=1.024434 nll=1.022559 kl=0.03605257 consistency=0 lambda=0 beta=0.052 grad=27.54512 horizon=140 lifetime=[484,1156] skipped=False
2026-08-30 12:50:27,515 | INFO | step=270/20000 loss=0.824509 nll=0.8179629 kl=0.1212253 consistency=0 lambda=0 beta=0.054 grad=21.25114 horizon=280 lifetime=[437,1152] skipped=False
2026-08-30 12:50:27,873 | INFO | step=280/20000 loss=0.8501162 nll=0.8269415 kl=0.4138342 consistency=0 lambda=0 beta=0.056 grad=12.31349 horizon=180 lifetime=[443,1049] skipped=False
2026-08-30 12:50:28,276 | INFO | step=290/20000 loss=0.8206513 nll=0.8169293 kl=0.0641731 consistency=0 lambda=0 beta=0.058 grad=10.90397 horizon=140 lifetime=[437,1007] skipped=False
2026-08-30 12:50:28,653 | INFO | step=300/20000 loss=0.9437119 nll=0.9372172 kl=0.108245 consistency=0 lambda=0 beta=0.06 grad=21.68258 horizon=120 lifetime=[497,1012] skipped=False
2026-08-30 12:50:29,029 | INFO | step=310/20000 loss=0.6082608 nll=0.6013579 kl=0.1113355 consistency=0 lambda=0 beta=0.062 grad=4.433805 horizon=240 lifetime=[467,930] skipped=False
2026-08-30 12:50:29,425 | INFO | step=320/20000 loss=3.407468 nll=3.393627 kl=0.2162637 consistency=0 lambda=0 beta=0.064 grad=74.25274 horizon=160 lifetime=[461,2154] skipped=False
2026-08-30 12:50:29,799 | INFO | step=330/20000 loss=0.5716878 nll=0.5673907 kl=0.06510836 consistency=0 lambda=0 beta=0.066 grad=11.14008 horizon=220 lifetime=[443,988] skipped=False
2026-08-30 12:50:30,159 | INFO | step=340/20000 loss=0.6342244 nll=0.6293238 kl=0.07206768 consistency=0 lambda=0 beta=0.068 grad=17.69096 horizon=160 lifetime=[486,858] skipped=False
2026-08-30 12:50:30,564 | INFO | step=350/20000 loss=1.198244 nll=1.196081 kl=0.03090443 consistency=0 lambda=0 beta=0.07 grad=3.430897 horizon=100 lifetime=[505,1156] skipped=False
2026-08-30 12:50:30,955 | INFO | step=360/20000 loss=0.5422672 nll=0.5379377 kl=0.06013238 consistency=0 lambda=0 beta=0.072 grad=12.49638 horizon=180 lifetime=[460,1156] skipped=False
2026-08-30 12:50:31,358 | INFO | step=370/20000 loss=0.7929732 nll=0.7889981 kl=0.05371786 consistency=0 lambda=0 beta=0.074 grad=46.40216 horizon=120 lifetime=[455,754] skipped=False
2026-08-30 12:50:31,780 | INFO | step=380/20000 loss=0.7284481 nll=0.7070342 kl=0.2817612 consistency=0 lambda=0 beta=0.076 grad=64.32702 horizon=300 lifetime=[614,1154] skipped=False
2026-08-30 12:50:32,184 | INFO | step=390/20000 loss=2.100893 nll=2.094466 kl=0.08240677 consistency=0 lambda=0 beta=0.078 grad=19.51261 horizon=220 lifetime=[491,1932] skipped=False
2026-08-30 12:50:32,572 | INFO | step=400/20000 loss=0.3435079 nll=0.3407435 kl=0.03455539 consistency=0 lambda=0 beta=0.08 grad=10.07911 horizon=180 lifetime=[476,1081] skipped=False
2026-08-30 12:50:32,965 | INFO | step=410/20000 loss=0.2710207 nll=0.2684751 kl=0.03104389 consistency=0 lambda=0 beta=0.082 grad=6.47789 horizon=260 lifetime=[482,1055] skipped=False
2026-08-30 12:50:33,351 | INFO | step=420/20000 loss=2.694031 nll=2.686129 kl=0.09406866 consistency=0 lambda=0 beta=0.084 grad=79.73927 horizon=200 lifetime=[479,2154] skipped=False
2026-08-30 12:50:33,746 | INFO | step=430/20000 loss=0.4024408 nll=0.3985995 kl=0.04466636 consistency=0 lambda=0 beta=0.086 grad=50.79619 horizon=220 lifetime=[486,1052] skipped=False
2026-08-30 12:50:34,143 | INFO | step=440/20000 loss=1.988734 nll=1.983588 kl=0.05847751 consistency=0 lambda=0 beta=0.088 grad=65.15523 horizon=300 lifetime=[428,1932] skipped=False
2026-08-30 12:50:34,496 | INFO | step=450/20000 loss=1.684666 nll=1.680868 kl=0.04220793 consistency=0 lambda=0 beta=0.09 grad=16.34826 horizon=220 lifetime=[455,1932] skipped=False
2026-08-30 12:50:34,853 | INFO | step=460/20000 loss=3.0589 nll=3.055392 kl=0.03813526 consistency=0 lambda=0 beta=0.092 grad=147.166 horizon=180 lifetime=[460,2154] skipped=False
2026-08-30 12:50:35,213 | INFO | step=470/20000 loss=0.1346038 nll=0.1200819 kl=0.1544889 consistency=0 lambda=0 beta=0.094 grad=27.27166 horizon=240 lifetime=[443,1049] skipped=False
2026-08-30 12:50:35,584 | INFO | step=480/20000 loss=0.4235083 nll=0.4161372 kl=0.07678309 consistency=0 lambda=0 beta=0.096 grad=56.24349 horizon=120 lifetime=[482,913] skipped=False
2026-08-30 12:50:35,952 | INFO | step=490/20000 loss=0.3583815 nll=0.3459752 kl=0.1265942 consistency=0 lambda=0 beta=0.098 grad=50.91781 horizon=180 lifetime=[493,869] skipped=False
2026-08-30 12:50:36,824 | INFO | validation step=500 rmse=282.4565 best=282.4565@500 stale=0/10
2026-08-30 12:50:36,824 | INFO | step=500/20000 loss=0.1872924 nll=0.1815742 kl=0.05718195 consistency=0 lambda=0 beta=0.1 grad=25.46544 horizon=160 lifetime=[505,1045] skipped=False
2026-08-30 12:50:37,229 | INFO | step=510/20000 loss=0.3218574 nll=0.317916 kl=0.03864074 consistency=0 lambda=0 beta=0.102 grad=33.05811 horizon=220 lifetime=[497,1076] skipped=False
2026-08-30 12:50:37,661 | INFO | step=520/20000 loss=0.3943587 nll=0.3884306 kl=0.0570008 consistency=0 lambda=0 beta=0.104 grad=21.59005 horizon=140 lifetime=[455,1025] skipped=False
2026-08-30 12:50:38,002 | INFO | step=530/20000 loss=0.9585423 nll=0.9441705 kl=0.135583 consistency=0 lambda=0 beta=0.106 grad=9.949352 horizon=100 lifetime=[501,1081] skipped=False
2026-08-30 12:50:38,372 | INFO | step=540/20000 loss=0.7671794 nll=0.7640063 kl=0.0293809 consistency=0 lambda=0 beta=0.108 grad=41.03997 horizon=100 lifetime=[443,1091] skipped=False
2026-08-30 12:50:38,767 | INFO | step=550/20000 loss=0.1343433 nll=0.1231665 kl=0.1016072 consistency=0 lambda=0 beta=0.11 grad=33.5745 horizon=280 lifetime=[462,869] skipped=False
2026-08-30 12:50:39,118 | INFO | step=560/20000 loss=0.8009696 nll=0.7993377 kl=0.01457005 consistency=0 lambda=0 beta=0.112 grad=15.78539 horizon=160 lifetime=[526,1081] skipped=False
2026-08-30 12:50:39,495 | INFO | step=570/20000 loss=0.5972579 nll=0.5918495 kl=0.04744156 consistency=0 lambda=0 beta=0.114 grad=19.44153 horizon=220 lifetime=[460,1635] skipped=False
2026-08-30 12:50:39,862 | INFO | step=580/20000 loss=0.1415409 nll=0.1385821 kl=0.02550695 consistency=0 lambda=0 beta=0.116 grad=23.84435 horizon=200 lifetime=[461,1154] skipped=False
2026-08-30 12:50:40,274 | INFO | step=590/20000 loss=1.457325 nll=1.44134 kl=0.1354663 consistency=0 lambda=0 beta=0.118 grad=12.92217 horizon=160 lifetime=[460,1932] skipped=False
2026-08-30 12:50:40,675 | INFO | step=600/20000 loss=0.130014 nll=0.1269087 kl=0.02587711 consistency=0 lambda=0 beta=0.12 grad=43.04275 horizon=200 lifetime=[428,1049] skipped=False
2026-08-30 12:50:41,049 | INFO | step=610/20000 loss=0.2989811 nll=0.2956827 kl=0.02703571 consistency=0 lambda=0 beta=0.122 grad=17.98723 horizon=140 lifetime=[455,1076] skipped=False
2026-08-30 12:50:41,468 | INFO | step=620/20000 loss=0.3249854 nll=0.3215739 kl=0.02751236 consistency=0 lambda=0 beta=0.124 grad=19.00648 horizon=160 lifetime=[299,1045] skipped=False
2026-08-30 12:50:41,827 | INFO | step=630/20000 loss=0.2468346 nll=0.2389007 kl=0.06296723 consistency=0 lambda=0 beta=0.126 grad=33.54574 horizon=280 lifetime=[464,938] skipped=False
2026-08-30 12:50:42,373 | INFO | step=640/20000 loss=1.109241 nll=1.10511 kl=0.03227237 consistency=0 lambda=0 beta=0.128 grad=40.62004 horizon=100 lifetime=[491,1091] skipped=False
2026-08-30 12:50:42,778 | INFO | step=650/20000 loss=0.1865217 nll=0.1723227 kl=0.1092234 consistency=0 lambda=0 beta=0.13 grad=32.98256 horizon=260 lifetime=[476,942] skipped=False
2026-08-30 12:50:43,132 | INFO | step=660/20000 loss=0.1420987 nll=0.1407148 kl=0.01048412 consistency=0 lambda=0 beta=0.132 grad=36.59383 horizon=220 lifetime=[299,938] skipped=False
2026-08-30 12:50:43,562 | INFO | step=670/20000 loss=-0.1411576 nll=-0.144781 kl=0.02704024 consistency=0 lambda=0 beta=0.134 grad=8.52559 horizon=220 lifetime=[428,942] skipped=False
2026-08-30 12:50:43,944 | INFO | step=680/20000 loss=0.3965057 nll=0.394012 kl=0.0183362 consistency=0 lambda=0 beta=0.136 grad=96.30048 horizon=300 lifetime=[461,1091] skipped=False
2026-08-30 12:50:44,345 | INFO | step=690/20000 loss=0.4289332 nll=0.4240401 kl=0.03545689 consistency=0 lambda=0 beta=0.138 grad=11.08881 horizon=220 lifetime=[428,1635] skipped=False
2026-08-30 12:50:44,747 | INFO | step=700/20000 loss=0.2256789 nll=0.2017847 kl=0.1706732 consistency=0 lambda=0 beta=0.14 grad=20.9617 horizon=220 lifetime=[498,909] skipped=False
2026-08-30 12:50:45,130 | INFO | step=710/20000 loss=0.07157739 nll=0.07068352 kl=0.006294815 consistency=0 lambda=0 beta=0.142 grad=23.37949 horizon=160 lifetime=[443,1015] skipped=False
2026-08-30 12:50:45,530 | INFO | step=720/20000 loss=-0.0350261 nll=-0.03628907 kl=0.008770617 consistency=0 lambda=0 beta=0.144 grad=56.75179 horizon=220 lifetime=[464,991] skipped=False
2026-08-30 12:50:45,919 | INFO | step=730/20000 loss=0.8417983 nll=0.8356004 kl=0.04245097 consistency=0 lambda=0 beta=0.146 grad=89.97014 horizon=160 lifetime=[464,1154] skipped=False
2026-08-30 12:50:46,318 | INFO | step=740/20000 loss=-0.2193607 nll=-0.233402 kl=0.09487393 consistency=0 lambda=0 beta=0.148 grad=8.057686 horizon=180 lifetime=[428,1076] skipped=False
2026-08-30 12:50:46,684 | INFO | step=750/20000 loss=2.90383 nll=2.867621 kl=0.2413902 consistency=0 lambda=0 beta=0.15 grad=115.3642 horizon=240 lifetime=[742,2154] skipped=False
2026-08-30 12:50:47,053 | INFO | step=760/20000 loss=0.1936448 nll=0.1898697 kl=0.02483665 consistency=0 lambda=0 beta=0.152 grad=21.21107 horizon=120 lifetime=[299,1076] skipped=False
2026-08-30 12:50:47,433 | INFO | step=770/20000 loss=0.2138041 nll=0.2114913 kl=0.01501836 consistency=0 lambda=0 beta=0.154 grad=70.16087 horizon=300 lifetime=[437,1156] skipped=False
2026-08-30 12:50:47,892 | INFO | step=780/20000 loss=0.6232197 nll=0.6086088 kl=0.09365908 consistency=0 lambda=0 beta=0.156 grad=28.40765 horizon=140 lifetime=[443,1635] skipped=False
2026-08-30 12:50:48,313 | INFO | step=790/20000 loss=-0.07605561 nll=-0.07917593 kl=0.01974888 consistency=0 lambda=0 beta=0.158 grad=30.05849 horizon=240 lifetime=[461,942] skipped=False
2026-08-30 12:50:48,676 | INFO | step=800/20000 loss=0.2259389 nll=0.2234766 kl=0.0153897 consistency=0 lambda=0 beta=0.16 grad=21.4607 horizon=260 lifetime=[453,1038] skipped=False
2026-08-30 12:50:49,081 | INFO | step=810/20000 loss=-0.3041167 nll=-0.3125784 kl=0.05223268 consistency=0 lambda=0 beta=0.162 grad=24.10422 horizon=260 lifetime=[461,991] skipped=False
2026-08-30 12:50:49,501 | INFO | step=820/20000 loss=0.2609559 nll=0.2523711 kl=0.05234676 consistency=0 lambda=0 beta=0.164 grad=83.29392 horizon=180 lifetime=[461,1154] skipped=False
2026-08-30 12:50:49,843 | INFO | step=830/20000 loss=0.6135046 nll=0.6003867 kl=0.07902358 consistency=0 lambda=0 beta=0.166 grad=49.27961 horizon=100 lifetime=[299,1154] skipped=False
2026-08-30 12:50:50,247 | INFO | step=840/20000 loss=0.2328979 nll=0.2283958 kl=0.02679815 consistency=0 lambda=0 beta=0.168 grad=18.20235 horizon=160 lifetime=[428,991] skipped=False
2026-08-30 12:50:50,597 | INFO | step=850/20000 loss=0.5846938 nll=0.5781693 kl=0.0383794 consistency=0 lambda=0 beta=0.17 grad=10.86078 horizon=100 lifetime=[465,988] skipped=False
2026-08-30 12:50:50,982 | INFO | step=860/20000 loss=1.098022 nll=1.093099 kl=0.028623 consistency=0 lambda=0 beta=0.172 grad=22.63345 horizon=140 lifetime=[147,1091] skipped=False
2026-08-30 12:50:51,399 | INFO | step=870/20000 loss=1.110301 nll=1.10624 kl=0.02334423 consistency=0 lambda=0 beta=0.174 grad=23.20237 horizon=100 lifetime=[428,1858] skipped=False
2026-08-30 12:50:51,809 | INFO | step=880/20000 loss=0.568666 nll=0.564867 kl=0.02158491 consistency=0 lambda=0 beta=0.176 grad=93.22725 horizon=140 lifetime=[437,1076] skipped=False
2026-08-30 12:50:52,179 | INFO | step=890/20000 loss=-0.4777984 nll=-0.4915035 kl=0.07699528 consistency=0 lambda=0 beta=0.178 grad=19.58708 horizon=300 lifetime=[462,1081] skipped=False
2026-08-30 12:50:52,553 | INFO | step=900/20000 loss=0.05655085 nll=0.04889904 kl=0.04251005 consistency=0 lambda=0 beta=0.18 grad=44.80242 horizon=240 lifetime=[460,1038] skipped=False
2026-08-30 12:50:52,908 | INFO | step=910/20000 loss=0.2271624 nll=0.2248869 kl=0.01250257 consistency=0 lambda=0 beta=0.182 grad=27.08579 horizon=120 lifetime=[455,1154] skipped=False
2026-08-30 12:50:53,279 | INFO | step=920/20000 loss=0.1274532 nll=0.1217744 kl=0.03086274 consistency=0 lambda=0 beta=0.184 grad=67.11541 horizon=200 lifetime=[461,1052] skipped=False
2026-08-30 12:50:53,637 | INFO | step=930/20000 loss=0.7238242 nll=0.7212867 kl=0.01364229 consistency=0 lambda=0 beta=0.186 grad=20.92096 horizon=200 lifetime=[453,1932] skipped=False
2026-08-30 12:50:54,007 | INFO | step=940/20000 loss=0.2809244 nll=0.2777089 kl=0.01710385 consistency=0 lambda=0 beta=0.188 grad=79.196 horizon=200 lifetime=[464,1858] skipped=False
2026-08-30 12:50:54,447 | INFO | step=950/20000 loss=0.9670706 nll=0.9640812 kl=0.01573338 consistency=0 lambda=0 beta=0.19 grad=202.6509 horizon=260 lifetime=[479,1156] skipped=False
2026-08-30 12:50:54,807 | INFO | step=960/20000 loss=0.2195373 nll=0.2133627 kl=0.03215946 consistency=0 lambda=0 beta=0.192 grad=54.00365 horizon=220 lifetime=[443,1038] skipped=False
2026-08-30 12:50:55,180 | INFO | step=970/20000 loss=1.118218 nll=1.107408 kl=0.05572193 consistency=0 lambda=0 beta=0.194 grad=127.6622 horizon=260 lifetime=[299,2154] skipped=False
2026-08-30 12:50:55,571 | INFO | step=980/20000 loss=0.22559 nll=0.220651 kl=0.0251987 consistency=0 lambda=0 beta=0.196 grad=25.87889 horizon=240 lifetime=[453,913] skipped=False
2026-08-30 12:50:55,948 | INFO | step=990/20000 loss=-0.2036152 nll=-0.2059965 kl=0.01202661 consistency=0 lambda=0 beta=0.198 grad=14.42027 horizon=280 lifetime=[462,1091] skipped=False
2026-08-30 12:50:56,592 | INFO | validation step=1000 rmse=257.9392 best=257.9392@1000 stale=0/10
2026-08-30 12:50:56,592 | INFO | step=1000/20000 loss=0.6239753 nll=0.6188213 kl=0.02577021 consistency=0 lambda=0 beta=0.2 grad=30.22382 horizon=260 lifetime=[299,1858] skipped=False
2026-08-30 12:50:57,008 | INFO | step=1010/20000 loss=-0.07293557 nll=-0.07673363 kl=0.01880227 consistency=0 lambda=0 beta=0.202 grad=66.5147 horizon=240 lifetime=[479,942] skipped=False
2026-08-30 12:50:57,444 | INFO | step=1020/20000 loss=0.2538216 nll=0.2508787 kl=0.01442578 consistency=0 lambda=0 beta=0.204 grad=9.480321 horizon=280 lifetime=[443,1156] skipped=False
2026-08-30 12:50:57,830 | INFO | step=1030/20000 loss=0.3828924 nll=0.3748292 kl=0.03914153 consistency=0 lambda=0 beta=0.206 grad=59.21296 horizon=200 lifetime=[460,1152] skipped=False
2026-08-30 12:50:58,226 | INFO | step=1040/20000 loss=-0.1710857 nll=-0.1768192 kl=0.02756455 consistency=0 lambda=0 beta=0.208 grad=29.50635 horizon=300 lifetime=[458,856] skipped=False
2026-08-30 12:50:58,618 | INFO | step=1050/20000 loss=0.0506302 nll=0.04729893 kl=0.01586319 consistency=0 lambda=0 beta=0.21 grad=20.25176 horizon=140 lifetime=[462,964] skipped=False
2026-08-30 12:50:59,016 | INFO | step=1060/20000 loss=0.194181 nll=0.1786488 kl=0.07326478 consistency=0 lambda=0 beta=0.212 grad=69.90968 horizon=300 lifetime=[461,991] skipped=False
2026-08-30 12:50:59,398 | INFO | step=1070/20000 loss=1.96641 nll=1.962444 kl=0.01853522 consistency=0 lambda=0 beta=0.214 grad=237.2609 horizon=260 lifetime=[464,2154] skipped=False
2026-08-30 12:50:59,832 | INFO | step=1080/20000 loss=1.000127 nll=0.996798 kl=0.01541036 consistency=0 lambda=0 beta=0.216 grad=29.77217 horizon=300 lifetime=[460,2154] skipped=False
2026-08-30 12:51:00,253 | INFO | step=1090/20000 loss=0.2800536 nll=0.275417 kl=0.02126867 consistency=0 lambda=0 beta=0.218 grad=65.36855 horizon=240 lifetime=[458,1025] skipped=False
2026-08-30 12:51:00,621 | INFO | step=1100/20000 loss=0.3977276 nll=0.3910486 kl=0.03035923 consistency=0 lambda=0 beta=0.22 grad=53.20049 horizon=120 lifetime=[465,991] skipped=False
2026-08-30 12:51:01,009 | INFO | step=1110/20000 loss=-0.2802374 nll=-0.2857523 kl=0.02484205 consistency=0 lambda=0 beta=0.222 grad=45.91113 horizon=260 lifetime=[458,1012] skipped=False
2026-08-30 12:51:01,413 | INFO | step=1120/20000 loss=1.202138 nll=1.19996 kl=0.009722164 consistency=0 lambda=0 beta=0.224 grad=106.9787 horizon=140 lifetime=[597,2154] skipped=False
2026-08-30 12:51:01,790 | INFO | step=1130/20000 loss=0.431918 nll=0.4266798 kl=0.02317803 consistency=0 lambda=0 beta=0.226 grad=118.2225 horizon=160 lifetime=[467,1000] skipped=False
2026-08-30 12:51:02,208 | INFO | step=1140/20000 loss=0.1776867 nll=0.1755919 kl=0.009187903 consistency=0 lambda=0 beta=0.228 grad=17.78242 horizon=240 lifetime=[491,1045] skipped=False
2026-08-30 12:51:02,624 | INFO | step=1150/20000 loss=-0.3615084 nll=-0.3668153 kl=0.02307366 consistency=0 lambda=0 beta=0.23 grad=50.15759 horizon=260 lifetime=[299,1007] skipped=False
2026-08-30 12:51:03,056 | INFO | step=1160/20000 loss=1.416082 nll=1.411224 kl=0.02093646 consistency=0 lambda=0 beta=0.232 grad=150.4782 horizon=260 lifetime=[299,2154] skipped=False
2026-08-30 12:51:03,456 | INFO | step=1170/20000 loss=0.4566018 nll=0.4517214 kl=0.02085637 consistency=0 lambda=0 beta=0.234 grad=95.64359 horizon=300 lifetime=[559,1156] skipped=False
2026-08-30 12:51:03,849 | INFO | step=1180/20000 loss=0.08521773 nll=0.07735148 kl=0.03333157 consistency=0 lambda=0 beta=0.236 grad=41.0597 horizon=160 lifetime=[437,1154] skipped=False
2026-08-30 12:51:04,236 | INFO | step=1190/20000 loss=0.1757981 nll=0.1725404 kl=0.01368779 consistency=0 lambda=0 beta=0.238 grad=46.78307 horizon=160 lifetime=[482,1052] skipped=False
2026-08-30 12:51:04,601 | INFO | step=1200/20000 loss=1.88639 nll=1.879362 kl=0.02928478 consistency=0 lambda=0 beta=0.24 grad=223.6677 horizon=120 lifetime=[493,1154] skipped=False
2026-08-30 12:51:04,995 | INFO | step=1210/20000 loss=0.04006821 nll=0.03840762 kl=0.006861936 consistency=0 lambda=0 beta=0.242 grad=48.60361 horizon=240 lifetime=[479,1081] skipped=False
2026-08-30 12:51:05,399 | INFO | step=1220/20000 loss=0.03428621 nll=0.02336203 kl=0.04477125 consistency=0 lambda=0 beta=0.244 grad=28.19284 horizon=280 lifetime=[458,856] skipped=False
2026-08-30 12:51:05,792 | INFO | step=1230/20000 loss=0.2168659 nll=0.2119571 kl=0.01995456 consistency=0 lambda=0 beta=0.246 grad=41.90445 horizon=220 lifetime=[476,988] skipped=False
2026-08-30 12:51:06,178 | INFO | step=1240/20000 loss=0.06519318 nll=0.06166933 kl=0.01420907 consistency=0 lambda=0 beta=0.248 grad=17.2972 horizon=260 lifetime=[467,1076] skipped=False
2026-08-30 12:51:06,605 | INFO | step=1250/20000 loss=-0.134151 nll=-0.1397434 kl=0.02236984 consistency=0 lambda=0 beta=0.25 grad=21.26348 horizon=280 lifetime=[455,1152] skipped=False
2026-08-30 12:51:07,044 | INFO | step=1260/20000 loss=-0.3799029 nll=-0.3835754 kl=0.01457334 consistency=0 lambda=0 beta=0.252 grad=27.09484 horizon=260 lifetime=[460,942] skipped=False
2026-08-30 12:51:07,428 | INFO | step=1270/20000 loss=-0.3609253 nll=-0.3641909 kl=0.0128568 consistency=0 lambda=0 beta=0.254 grad=39.12853 horizon=200 lifetime=[464,1045] skipped=False
2026-08-30 12:51:07,780 | INFO | step=1280/20000 loss=-0.5676494 nll=-0.5839592 kl=0.06370988 consistency=0 lambda=0 beta=0.256 grad=24.56723 horizon=240 lifetime=[299,856] skipped=False
2026-08-30 12:51:08,170 | INFO | step=1290/20000 loss=1.101882 nll=1.086356 kl=0.0601798 consistency=0 lambda=0 beta=0.258 grad=30.92461 horizon=140 lifetime=[476,988] skipped=False
2026-08-30 12:51:08,558 | INFO | step=1300/20000 loss=0.2905974 nll=0.2889606 kl=0.006295372 consistency=0 lambda=0 beta=0.26 grad=69.64812 horizon=200 lifetime=[437,991] skipped=False
2026-08-30 12:51:08,969 | INFO | step=1310/20000 loss=0.004166886 nll=-0.005681939 kl=0.03759094 consistency=0 lambda=0 beta=0.262 grad=25.64571 horizon=220 lifetime=[443,1007] skipped=False
2026-08-30 12:51:09,349 | INFO | step=1320/20000 loss=1.095268 nll=1.081742 kl=0.05123293 consistency=0 lambda=0 beta=0.264 grad=48.42813 horizon=100 lifetime=[470,1932] skipped=False
2026-08-30 12:51:09,739 | INFO | step=1330/20000 loss=-0.1146555 nll=-0.1178905 kl=0.01216164 consistency=0 lambda=0 beta=0.266 grad=121.6811 horizon=260 lifetime=[460,930] skipped=False
2026-08-30 12:51:10,126 | INFO | step=1340/20000 loss=0.1394515 nll=0.134628 kl=0.01799817 consistency=0 lambda=0 beta=0.268 grad=15.17031 horizon=280 lifetime=[465,1154] skipped=False
2026-08-30 12:51:10,508 | INFO | step=1350/20000 loss=-0.0744341 nll=-0.07783145 kl=0.01258277 consistency=0 lambda=0 beta=0.27 grad=48.93724 horizon=300 lifetime=[453,1007] skipped=False
2026-08-30 12:51:10,899 | INFO | step=1360/20000 loss=0.3179173 nll=0.3049819 kl=0.04755666 consistency=0 lambda=0 beta=0.272 grad=96.37843 horizon=280 lifetime=[559,1156] skipped=False
2026-08-30 12:51:11,303 | INFO | step=1370/20000 loss=0.2190579 nll=0.2109903 kl=0.0294439 consistency=0 lambda=0 beta=0.274 grad=31.10201 horizon=220 lifetime=[461,1012] skipped=False
2026-08-30 12:51:11,701 | INFO | step=1380/20000 loss=-0.04764173 nll=-0.05326876 kl=0.02038778 consistency=0 lambda=0 beta=0.276 grad=12.72238 horizon=140 lifetime=[437,1025] skipped=False
2026-08-30 12:51:12,146 | INFO | step=1390/20000 loss=-0.4278058 nll=-0.4291796 kl=0.004941696 consistency=0 lambda=0 beta=0.278 grad=13.79336 horizon=260 lifetime=[465,1052] skipped=False
2026-08-30 12:51:12,511 | INFO | step=1400/20000 loss=1.417381 nll=1.366247 kl=0.1826199 consistency=0 lambda=0 beta=0.28 grad=79.45276 horizon=120 lifetime=[750,1076] skipped=False
2026-08-30 12:51:12,882 | INFO | step=1410/20000 loss=0.7691644 nll=0.7591494 kl=0.03551421 consistency=0 lambda=0 beta=0.282 grad=59.97827 horizon=100 lifetime=[526,1076] skipped=False
2026-08-30 12:51:13,298 | INFO | step=1420/20000 loss=1.086825 nll=1.071595 kl=0.05362589 consistency=0 lambda=0 beta=0.284 grad=109.1812 horizon=280 lifetime=[484,1932] skipped=False
2026-08-30 12:51:13,686 | INFO | step=1430/20000 loss=0.5578131 nll=0.5545928 kl=0.01125991 consistency=0 lambda=0 beta=0.286 grad=52.9878 horizon=280 lifetime=[486,2154] skipped=False
2026-08-30 12:51:14,099 | INFO | step=1440/20000 loss=0.4233627 nll=0.4176974 kl=0.01967099 consistency=0 lambda=0 beta=0.288 grad=136.328 horizon=140 lifetime=[479,1156] skipped=False
2026-08-30 12:51:14,454 | INFO | step=1450/20000 loss=1.429146 nll=1.413654 kl=0.05341926 consistency=0 lambda=0 beta=0.29 grad=15.92828 horizon=100 lifetime=[671,2154] skipped=False
2026-08-30 12:51:14,865 | INFO | step=1460/20000 loss=2.22801 nll=2.210501 kl=0.05996047 consistency=0 lambda=0 beta=0.292 grad=109.3645 horizon=140 lifetime=[671,2154] skipped=False
2026-08-30 12:51:15,192 | INFO | step=1470/20000 loss=0.1877439 nll=0.1846893 kl=0.01038975 consistency=0 lambda=0 beta=0.294 grad=42.18396 horizon=200 lifetime=[460,770] skipped=False
2026-08-30 12:51:15,571 | INFO | step=1480/20000 loss=0.07964837 nll=0.07707655 kl=0.008688565 consistency=0 lambda=0 beta=0.296 grad=56.6414 horizon=260 lifetime=[470,1858] skipped=False
2026-08-30 12:51:15,956 | INFO | step=1490/20000 loss=0.200129 nll=0.1939514 kl=0.02072999 consistency=0 lambda=0 beta=0.298 grad=57.5734 horizon=300 lifetime=[453,1635] skipped=False
2026-08-30 12:51:16,612 | INFO | validation step=1500 rmse=230.9841 best=230.9841@1500 stale=0/10
2026-08-30 12:51:16,612 | INFO | step=1500/20000 loss=1.15104 nll=1.139011 kl=0.04009873 consistency=0 lambda=0 beta=0.3 grad=51.74893 horizon=120 lifetime=[437,1858] skipped=False
2026-08-30 12:51:17,035 | INFO | step=1510/20000 loss=-0.09459604 nll=-0.09570916 kl=0.003685828 consistency=0 lambda=0 beta=0.302 grad=79.81399 horizon=200 lifetime=[460,1152] skipped=False
2026-08-30 12:51:17,477 | INFO | step=1520/20000 loss=-0.04517651 nll=-0.05977766 kl=0.04803009 consistency=0 lambda=0 beta=0.304 grad=29.16544 horizon=180 lifetime=[464,909] skipped=False
2026-08-30 12:51:17,867 | INFO | step=1530/20000 loss=-0.1119228 nll=-0.1260097 kl=0.04603568 consistency=0 lambda=0 beta=0.306 grad=27.02123 horizon=220 lifetime=[443,1045] skipped=False
2026-08-30 12:51:18,218 | INFO | step=1540/20000 loss=-0.01481905 nll=-0.02170762 kl=0.02236549 consistency=0 lambda=0 beta=0.308 grad=37.93008 horizon=180 lifetime=[458,1052] skipped=False
2026-08-30 12:51:18,583 | INFO | step=1550/20000 loss=0.1542101 nll=0.14962 kl=0.01480661 consistency=0 lambda=0 beta=0.31 grad=65.21192 horizon=180 lifetime=[476,1152] skipped=False
2026-08-30 12:51:18,956 | INFO | step=1560/20000 loss=1.350541 nll=1.334295 kl=0.05207149 consistency=0 lambda=0 beta=0.312 grad=188.1246 horizon=220 lifetime=[476,1932] skipped=False
2026-08-30 12:51:19,324 | INFO | step=1570/20000 loss=-0.4141004 nll=-0.4180582 kl=0.01260441 consistency=0 lambda=0 beta=0.314 grad=13.8756 horizon=220 lifetime=[437,1007] skipped=False
2026-08-30 12:51:19,695 | INFO | step=1580/20000 loss=-0.3886282 nll=-0.3972066 kl=0.02714675 consistency=0 lambda=0 beta=0.316 grad=42.21215 horizon=260 lifetime=[476,860] skipped=False
2026-08-30 12:51:20,074 | INFO | step=1590/20000 loss=1.036947 nll=1.031104 kl=0.01837394 consistency=0 lambda=0 beta=0.318 grad=228.3251 horizon=120 lifetime=[455,1635] skipped=False
2026-08-30 12:51:20,491 | INFO | step=1600/20000 loss=0.123882 nll=0.1199422 kl=0.01231182 consistency=0 lambda=0 beta=0.32 grad=39.44599 horizon=260 lifetime=[437,1858] skipped=False
2026-08-30 12:51:20,902 | INFO | step=1610/20000 loss=-0.0649446 nll=-0.0774788 kl=0.0389261 consistency=0 lambda=0 beta=0.322 grad=91.74432 horizon=140 lifetime=[437,942] skipped=False
2026-08-30 12:51:21,258 | INFO | step=1620/20000 loss=0.4750478 nll=0.4724593 kl=0.007989146 consistency=0 lambda=0 beta=0.324 grad=54.61465 horizon=180 lifetime=[510,1076] skipped=False
2026-08-30 12:51:21,673 | INFO | step=1630/20000 loss=1.298829 nll=1.295435 kl=0.01041283 consistency=0 lambda=0 beta=0.326 grad=104.373 horizon=280 lifetime=[453,2154] skipped=False
2026-08-30 12:51:22,035 | INFO | step=1640/20000 loss=0.8346531 nll=0.8260716 kl=0.02616332 consistency=0 lambda=0 beta=0.328 grad=32.2194 horizon=100 lifetime=[443,1154] skipped=False
2026-08-30 12:51:22,421 | INFO | step=1650/20000 loss=0.5506876 nll=0.5418992 kl=0.02663133 consistency=0 lambda=0 beta=0.33 grad=23.22883 horizon=100 lifetime=[465,1152] skipped=False
2026-08-30 12:51:22,827 | INFO | step=1660/20000 loss=0.3305116 nll=0.3239357 kl=0.01980701 consistency=0 lambda=0 beta=0.332 grad=33.3658 horizon=180 lifetime=[484,1635] skipped=False
2026-08-30 12:51:23,195 | INFO | step=1670/20000 loss=-0.2762041 nll=-0.2814271 kl=0.01563774 consistency=0 lambda=0 beta=0.334 grad=29.26735 horizon=220 lifetime=[470,1038] skipped=False
2026-08-30 12:51:23,572 | INFO | step=1680/20000 loss=0.4802198 nll=0.4753973 kl=0.01435273 consistency=0 lambda=0 beta=0.336 grad=114.6886 horizon=220 lifetime=[482,1091] skipped=False
2026-08-30 12:51:23,965 | INFO | step=1690/20000 loss=0.8324091 nll=0.8278366 kl=0.0135283 consistency=0 lambda=0 beta=0.338 grad=79.32425 horizon=100 lifetime=[464,1055] skipped=False
2026-08-30 12:51:24,332 | INFO | step=1700/20000 loss=0.659864 nll=0.6568973 kl=0.008725669 consistency=0 lambda=0 beta=0.34 grad=92.02814 horizon=200 lifetime=[614,1091] skipped=False
2026-08-30 12:51:24,746 | INFO | step=1710/20000 loss=0.5216205 nll=0.5125057 kl=0.02665147 consistency=0 lambda=0 beta=0.342 grad=88.05564 horizon=260 lifetime=[460,1154] skipped=False
2026-08-30 12:51:25,146 | INFO | step=1720/20000 loss=-0.07144551 nll=-0.07426798 kl=0.008204868 consistency=0 lambda=0 beta=0.344 grad=26.4448 horizon=240 lifetime=[458,1858] skipped=False
2026-08-30 12:51:25,535 | INFO | step=1730/20000 loss=0.5062618 nll=0.4869922 kl=0.05569252 consistency=0 lambda=0 beta=0.346 grad=67.73894 horizon=100 lifetime=[453,858] skipped=False
2026-08-30 12:51:25,941 | INFO | step=1740/20000 loss=0.06320413 nll=0.05971945 kl=0.01001345 consistency=0 lambda=0 beta=0.348 grad=68.78485 horizon=160 lifetime=[299,1081] skipped=False
2026-08-30 12:51:26,335 | INFO | step=1750/20000 loss=0.3943274 nll=0.3899727 kl=0.01244216 consistency=0 lambda=0 beta=0.35 grad=111.0479 horizon=300 lifetime=[491,1052] skipped=False
2026-08-30 12:51:26,699 | INFO | step=1760/20000 loss=0.03639873 nll=0.03182549 kl=0.01299217 consistency=0 lambda=0 beta=0.352 grad=37.94565 horizon=200 lifetime=[458,1858] skipped=False
2026-08-30 12:51:27,077 | INFO | step=1770/20000 loss=0.5745702 nll=0.5683037 kl=0.01770195 consistency=0 lambda=0 beta=0.354 grad=64.24232 horizon=140 lifetime=[470,1000] skipped=False
2026-08-30 12:51:27,476 | INFO | step=1780/20000 loss=0.3576877 nll=0.3552608 kl=0.00681719 consistency=0 lambda=0 beta=0.356 grad=66.27788 horizon=300 lifetime=[497,1154] skipped=False
2026-08-30 12:51:27,824 | INFO | step=1790/20000 loss=2.890793 nll=2.886606 kl=0.0116958 consistency=0 lambda=0 beta=0.358 grad=295.4252 horizon=100 lifetime=[453,1000] skipped=False
2026-08-30 12:51:28,237 | INFO | step=1800/20000 loss=0.05592208 nll=0.05410797 kl=0.005039196 consistency=0 lambda=0 beta=0.36 grad=37.40458 horizon=300 lifetime=[460,1152] skipped=False
2026-08-30 12:51:28,602 | INFO | step=1810/20000 loss=0.5842565 nll=0.5770371 kl=0.01994299 consistency=0 lambda=0 beta=0.362 grad=78.79552 horizon=280 lifetime=[460,1154] skipped=False
2026-08-30 12:51:29,003 | INFO | step=1820/20000 loss=0.7387602 nll=0.7341338 kl=0.01270968 consistency=0 lambda=0 beta=0.364 grad=20.4644 horizon=120 lifetime=[493,1635] skipped=False
2026-08-30 12:51:29,401 | INFO | step=1830/20000 loss=0.3408392 nll=0.3352125 kl=0.01537353 consistency=0 lambda=0 beta=0.366 grad=62.53901 horizon=240 lifetime=[476,1858] skipped=False
2026-08-30 12:51:29,768 | INFO | step=1840/20000 loss=0.5028846 nll=0.4948964 kl=0.02170703 consistency=0 lambda=0 beta=0.368 grad=47.5612 horizon=180 lifetime=[465,1076] skipped=False
2026-08-30 12:51:30,129 | INFO | step=1850/20000 loss=0.294095 nll=0.2763394 kl=0.04798804 consistency=0 lambda=0 beta=0.37 grad=43.10205 horizon=100 lifetime=[299,942] skipped=False
2026-08-30 12:51:30,485 | INFO | step=1860/20000 loss=0.2003566 nll=0.1984978 kl=0.004996879 consistency=0 lambda=0 beta=0.372 grad=45.56035 horizon=120 lifetime=[437,1091] skipped=False
2026-08-30 12:51:30,937 | INFO | step=1870/20000 loss=0.6328617 nll=0.6279156 kl=0.01322495 consistency=0 lambda=0 beta=0.374 grad=77.32063 horizon=240 lifetime=[464,1025] skipped=False
2026-08-30 12:51:31,360 | INFO | step=1880/20000 loss=0.3767911 nll=0.3666409 kl=0.02699519 consistency=0 lambda=0 beta=0.376 grad=60.89756 horizon=120 lifetime=[479,1049] skipped=False
2026-08-30 12:51:31,727 | INFO | step=1890/20000 loss=0.5896651 nll=0.5864612 kl=0.008475887 consistency=0 lambda=0 beta=0.378 grad=58.18203 horizon=100 lifetime=[460,1081] skipped=False
2026-08-30 12:51:32,114 | INFO | step=1900/20000 loss=-0.01179663 nll=-0.02003306 kl=0.02167482 consistency=0 lambda=0 beta=0.38 grad=15.87748 horizon=180 lifetime=[443,1154] skipped=False
2026-08-30 12:51:32,490 | INFO | step=1910/20000 loss=0.3698813 nll=0.3580823 kl=0.03088741 consistency=0 lambda=0 beta=0.382 grad=126.741 horizon=180 lifetime=[437,1091] skipped=False
2026-08-30 12:51:32,872 | INFO | step=1920/20000 loss=0.320996 nll=0.3177164 kl=0.008540463 consistency=0 lambda=0 beta=0.384 grad=44.14242 horizon=280 lifetime=[467,1154] skipped=False
2026-08-30 12:51:33,264 | INFO | step=1930/20000 loss=-0.2908191 nll=-0.292653 kl=0.004750982 consistency=0 lambda=0 beta=0.386 grad=27.13104 horizon=260 lifetime=[501,1038] skipped=False
2026-08-30 12:51:33,678 | INFO | step=1940/20000 loss=0.01075799 nll=0.00783319 kl=0.00753814 consistency=0 lambda=0 beta=0.388 grad=20.27261 horizon=140 lifetime=[453,1156] skipped=False
2026-08-30 12:51:34,088 | INFO | step=1950/20000 loss=-0.3198126 nll=-0.3254039 kl=0.01433672 consistency=0 lambda=0 beta=0.39 grad=38.83444 horizon=200 lifetime=[299,1152] skipped=False
2026-08-30 12:51:34,477 | INFO | step=1960/20000 loss=0.01410063 nll=0.003043517 kl=0.02820693 consistency=0 lambda=0 beta=0.392 grad=47.48006 horizon=280 lifetime=[508,1091] skipped=False
2026-08-30 12:51:34,862 | INFO | step=1970/20000 loss=0.225272 nll=0.2230052 kl=0.005753384 consistency=0 lambda=0 beta=0.394 grad=68.17709 horizon=160 lifetime=[453,1635] skipped=False
2026-08-30 12:51:35,260 | INFO | step=1980/20000 loss=0.4912142 nll=0.4862145 kl=0.01262543 consistency=0 lambda=0 beta=0.396 grad=73.97628 horizon=180 lifetime=[462,1858] skipped=False
2026-08-30 12:51:35,643 | INFO | step=1990/20000 loss=0.9359934 nll=0.9283945 kl=0.01909272 consistency=0 lambda=0 beta=0.398 grad=61.22062 horizon=160 lifetime=[486,1932] skipped=False
2026-08-30 12:51:36,330 | INFO | validation step=2000 rmse=220.7832 best=220.7832@2000 stale=0/10
2026-08-30 12:51:36,330 | INFO | step=2000/20000 loss=-0.05514013 nll=-0.05877493 kl=0.009087015 consistency=0 lambda=0 beta=0.4 grad=22.69131 horizon=220 lifetime=[461,988] skipped=False
2026-08-30 12:51:36,765 | INFO | step=2010/20000 loss=0.08354463 nll=0.05674267 kl=0.06667153 consistency=0 lambda=0 beta=0.402 grad=25.54325 horizon=100 lifetime=[428,1152] skipped=False
2026-08-30 12:51:37,157 | INFO | step=2020/20000 loss=-0.298938 nll=-0.3046045 kl=0.01402597 consistency=0 lambda=0 beta=0.404 grad=28.87079 horizon=280 lifetime=[470,988] skipped=False
2026-08-30 12:51:37,564 | INFO | step=2030/20000 loss=-0.3622609 nll=-0.3650487 kl=0.006866451 consistency=0 lambda=0 beta=0.406 grad=62.12855 horizon=260 lifetime=[299,930] skipped=False
2026-08-30 12:51:37,963 | INFO | step=2040/20000 loss=-0.298183 nll=-0.3005506 kl=0.005803087 consistency=0 lambda=0 beta=0.408 grad=35.2875 horizon=260 lifetime=[443,1052] skipped=False
2026-08-30 12:51:38,298 | INFO | step=2050/20000 loss=0.3626404 nll=0.3570065 kl=0.01374104 consistency=0 lambda=0 beta=0.41 grad=17.67392 horizon=100 lifetime=[533,1081] skipped=False
2026-08-30 12:51:38,665 | INFO | step=2060/20000 loss=-0.1337111 nll=-0.1363324 kl=0.006362377 consistency=0 lambda=0 beta=0.412 grad=34.67523 horizon=280 lifetime=[443,964] skipped=False
2026-08-30 12:51:39,027 | INFO | step=2070/20000 loss=0.7452902 nll=0.7377568 kl=0.01819657 consistency=0 lambda=0 beta=0.414 grad=49.54697 horizon=140 lifetime=[614,1858] skipped=False
2026-08-30 12:51:39,441 | INFO | step=2080/20000 loss=0.2410579 nll=0.2263993 kl=0.03523705 consistency=0 lambda=0 beta=0.416 grad=37.66713 horizon=100 lifetime=[505,988] skipped=False
2026-08-30 12:51:39,805 | INFO | step=2090/20000 loss=-0.09374208 nll=-0.1007199 kl=0.01669324 consistency=0 lambda=0 beta=0.418 grad=39.90585 horizon=280 lifetime=[461,1052] skipped=False
2026-08-30 12:51:40,242 | INFO | step=2100/20000 loss=1.347097 nll=1.343794 kl=0.007864005 consistency=0 lambda=0 beta=0.42 grad=82.10616 horizon=260 lifetime=[476,2154] skipped=False
2026-08-30 12:51:40,611 | INFO | step=2110/20000 loss=0.1800094 nll=0.1748942 kl=0.01212139 consistency=0 lambda=0 beta=0.422 grad=50.99444 horizon=100 lifetime=[428,1012] skipped=False
2026-08-30 12:51:40,992 | INFO | step=2120/20000 loss=-0.03421176 nll=-0.03554372 kl=0.003141431 consistency=0 lambda=0 beta=0.424 grad=81.09705 horizon=280 lifetime=[458,1049] skipped=False
2026-08-30 12:51:41,371 | INFO | step=2130/20000 loss=-0.4762933 nll=-0.4819839 kl=0.01335833 consistency=0 lambda=0 beta=0.426 grad=65.12921 horizon=200 lifetime=[460,930] skipped=False
2026-08-30 12:51:41,804 | INFO | step=2140/20000 loss=0.287921 nll=0.285153 kl=0.006467303 consistency=0 lambda=0 beta=0.428 grad=20.52511 horizon=200 lifetime=[437,1000] skipped=False
2026-08-30 12:51:42,193 | INFO | step=2150/20000 loss=0.9323927 nll=0.9258296 kl=0.01526307 consistency=0 lambda=0 beta=0.43 grad=77.8854 horizon=140 lifetime=[428,1635] skipped=False
2026-08-30 12:51:42,600 | INFO | step=2160/20000 loss=0.6832995 nll=0.6805662 kl=0.006327164 consistency=0 lambda=0 beta=0.432 grad=72.91306 horizon=260 lifetime=[428,1091] skipped=False
2026-08-30 12:51:42,980 | INFO | step=2170/20000 loss=0.1556588 nll=0.1498085 kl=0.01347982 consistency=0 lambda=0 beta=0.434 grad=43.3678 horizon=120 lifetime=[476,1156] skipped=False
2026-08-30 12:51:43,384 | INFO | step=2180/20000 loss=-0.3172374 nll=-0.3225244 kl=0.01212627 consistency=0 lambda=0 beta=0.436 grad=23.0351 horizon=160 lifetime=[428,1045] skipped=False
2026-08-30 12:51:43,783 | INFO | step=2190/20000 loss=-0.01728655 nll=-0.02346347 kl=0.01410256 consistency=0 lambda=0 beta=0.438 grad=21.34052 horizon=280 lifetime=[299,1635] skipped=False
2026-08-30 12:51:44,182 | INFO | step=2200/20000 loss=0.6093252 nll=0.6071582 kl=0.004925136 consistency=0 lambda=0 beta=0.44 grad=14.50454 horizon=260 lifetime=[443,1081] skipped=False
2026-08-30 12:51:44,581 | INFO | step=2210/20000 loss=0.4379784 nll=0.4317594 kl=0.01407004 consistency=0 lambda=0 beta=0.442 grad=43.87679 horizon=160 lifetime=[486,1858] skipped=False
2026-08-30 12:51:44,901 | INFO | step=2220/20000 loss=0.473553 nll=0.4632336 kl=0.02324173 consistency=0 lambda=0 beta=0.444 grad=111.1672 horizon=140 lifetime=[437,2154] skipped=False
2026-08-30 12:51:45,250 | INFO | step=2230/20000 loss=0.397706 nll=0.3846211 kl=0.02933827 consistency=0 lambda=0 beta=0.446 grad=20.39281 horizon=140 lifetime=[508,1635] skipped=False
2026-08-30 12:51:45,631 | INFO | step=2240/20000 loss=0.05889406 nll=0.05482915 kl=0.009073452 consistency=0 lambda=0 beta=0.448 grad=23.78924 horizon=140 lifetime=[437,1635] skipped=False
2026-08-30 12:51:46,004 | INFO | step=2250/20000 loss=-0.1842809 nll=-0.1927466 kl=0.01881257 consistency=0 lambda=0 beta=0.45 grad=36.60685 horizon=280 lifetime=[467,1049] skipped=False
2026-08-30 12:51:46,416 | INFO | step=2260/20000 loss=0.3747488 nll=0.3658801 kl=0.01962102 consistency=0 lambda=0 beta=0.452 grad=42.77751 horizon=100 lifetime=[486,938] skipped=False
2026-08-30 12:51:46,807 | INFO | step=2270/20000 loss=-0.007573359 nll=-0.01060708 kl=0.006682203 consistency=0 lambda=0 beta=0.454 grad=56.78522 horizon=160 lifetime=[484,1076] skipped=False
2026-08-30 12:51:47,184 | INFO | step=2280/20000 loss=0.78706 nll=0.7851033 kl=0.004290974 consistency=0 lambda=0 beta=0.456 grad=186.7974 horizon=160 lifetime=[428,1635] skipped=False
2026-08-30 12:51:47,558 | INFO | step=2290/20000 loss=0.6269455 nll=0.6232327 kl=0.008106492 consistency=0 lambda=0 beta=0.458 grad=43.93795 horizon=180 lifetime=[458,1635] skipped=False
2026-08-30 12:51:47,952 | INFO | step=2300/20000 loss=-0.05033619 nll=-0.05460657 kl=0.009283431 consistency=0 lambda=0 beta=0.46 grad=35.69191 horizon=240 lifetime=[453,1012] skipped=False
2026-08-30 12:51:48,355 | INFO | step=2310/20000 loss=-0.3523488 nll=-0.3543931 kl=0.004424855 consistency=0 lambda=0 beta=0.462 grad=41.16603 horizon=240 lifetime=[493,1091] skipped=False
2026-08-30 12:51:48,745 | INFO | step=2320/20000 loss=-0.1260614 nll=-0.1288309 kl=0.005968602 consistency=0 lambda=0 beta=0.464 grad=69.86461 horizon=240 lifetime=[299,988] skipped=False
2026-08-30 12:51:49,153 | INFO | step=2330/20000 loss=1.010259 nll=0.9976493 kl=0.02705882 consistency=0 lambda=0 beta=0.466 grad=54.6209 horizon=100 lifetime=[476,1081] skipped=False
2026-08-30 12:51:49,551 | INFO | step=2340/20000 loss=0.06649363 nll=0.06300347 kl=0.007457612 consistency=0 lambda=0 beta=0.468 grad=18.01183 horizon=180 lifetime=[467,1152] skipped=False
2026-08-30 12:51:49,982 | INFO | step=2350/20000 loss=0.4783666 nll=0.4718304 kl=0.01390686 consistency=0 lambda=0 beta=0.47 grad=42.65425 horizon=180 lifetime=[428,1932] skipped=False
2026-08-30 12:51:50,395 | INFO | step=2360/20000 loss=-0.2376956 nll=-0.2395906 kl=0.004014784 consistency=0 lambda=0 beta=0.472 grad=37.54721 horizon=300 lifetime=[491,1015] skipped=False
2026-08-30 12:51:50,813 | INFO | step=2370/20000 loss=-0.4711392 nll=-0.4734348 kl=0.004843071 consistency=0 lambda=0 beta=0.474 grad=11.50948 horizon=220 lifetime=[461,988] skipped=False
2026-08-30 12:51:51,237 | INFO | step=2380/20000 loss=0.3235061 nll=0.3215685 kl=0.004070552 consistency=0 lambda=0 beta=0.476 grad=19.55369 horizon=240 lifetime=[476,1081] skipped=False
2026-08-30 12:51:51,659 | INFO | step=2390/20000 loss=0.0508875 nll=0.0464661 kl=0.009249789 consistency=0 lambda=0 beta=0.478 grad=37.14993 horizon=200 lifetime=[462,1045] skipped=False
2026-08-30 12:51:52,052 | INFO | step=2400/20000 loss=0.06311812 nll=0.06015217 kl=0.006179039 consistency=0 lambda=0 beta=0.48 grad=34.69857 horizon=260 lifetime=[479,1049] skipped=False
2026-08-30 12:51:52,485 | INFO | step=2410/20000 loss=0.1054931 nll=0.1015282 kl=0.008226018 consistency=0 lambda=0 beta=0.482 grad=27.77435 horizon=160 lifetime=[437,1045] skipped=False
2026-08-30 12:51:52,856 | INFO | step=2420/20000 loss=-0.1200753 nll=-0.1277697 kl=0.0158976 consistency=0 lambda=0 beta=0.484 grad=68.42363 horizon=140 lifetime=[482,1156] skipped=False
2026-08-30 12:51:53,231 | INFO | step=2430/20000 loss=0.5382858 nll=0.531299 kl=0.01437614 consistency=0 lambda=0 beta=0.486 grad=35.90723 horizon=100 lifetime=[486,1858] skipped=False
2026-08-30 12:51:53,630 | INFO | step=2440/20000 loss=0.975538 nll=0.9634627 kl=0.02474445 consistency=0 lambda=0 beta=0.488 grad=171.0341 horizon=260 lifetime=[484,1932] skipped=False
2026-08-30 12:51:53,984 | INFO | step=2450/20000 loss=0.6708595 nll=0.6297263 kl=0.08394525 consistency=0 lambda=0 beta=0.49 grad=41.33789 horizon=100 lifetime=[428,1076] skipped=False
2026-08-30 12:51:54,350 | INFO | step=2460/20000 loss=-0.4507098 nll=-0.4538889 kl=0.00646165 consistency=0 lambda=0 beta=0.492 grad=45.38252 horizon=220 lifetime=[486,1052] skipped=False
2026-08-30 12:51:54,751 | INFO | step=2470/20000 loss=-0.2375214 nll=-0.2413421 kl=0.007734122 consistency=0 lambda=0 beta=0.494 grad=42.86584 horizon=220 lifetime=[501,1858] skipped=False
2026-08-30 12:51:55,162 | INFO | step=2480/20000 loss=-0.3728461 nll=-0.3788334 kl=0.01207104 consistency=0 lambda=0 beta=0.496 grad=53.67494 horizon=240 lifetime=[491,988] skipped=False
2026-08-30 12:51:55,498 | INFO | step=2490/20000 loss=1.128157 nll=1.110606 kl=0.03524297 consistency=0 lambda=0 beta=0.498 grad=196.4553 horizon=100 lifetime=[461,1635] skipped=False
2026-08-30 12:51:56,171 | INFO | validation step=2500 rmse=205.0625 best=205.0625@2500 stale=0/10
2026-08-30 12:51:56,171 | INFO | step=2500/20000 loss=-0.01453097 nll=-0.01907557 kl=0.009089198 consistency=0 lambda=0 beta=0.5 grad=53.12498 horizon=200 lifetime=[476,913] skipped=False
2026-08-30 12:51:56,667 | INFO | step=2510/20000 loss=-0.2311197 nll=-0.2363126 kl=0.01034443 consistency=0 lambda=0 beta=0.502 grad=19.44245 horizon=300 lifetime=[443,2154] skipped=False
2026-08-30 12:51:57,077 | INFO | step=2520/20000 loss=0.9142785 nll=0.9118991 kl=0.004721073 consistency=0 lambda=0 beta=0.504 grad=52.89967 horizon=200 lifetime=[465,1045] skipped=False
2026-08-30 12:51:57,500 | INFO | step=2530/20000 loss=0.003943616 nll=0.0003045052 kl=0.007191919 consistency=0 lambda=0 beta=0.506 grad=21.28156 horizon=300 lifetime=[443,1038] skipped=False
2026-08-30 12:51:57,918 | INFO | step=2540/20000 loss=0.01477338 nll=0.01219725 kl=0.005071118 consistency=0 lambda=0 beta=0.508 grad=20.15806 horizon=260 lifetime=[476,1154] skipped=False
2026-08-30 12:51:58,262 | INFO | step=2550/20000 loss=0.5389942 nll=0.5327044 kl=0.0123329 consistency=0 lambda=0 beta=0.51 grad=35.16498 horizon=140 lifetime=[464,1152] skipped=False
2026-08-30 12:51:58,668 | INFO | step=2560/20000 loss=-0.02943289 nll=-0.0323545 kl=0.005706277 consistency=0 lambda=0 beta=0.512 grad=67.37572 horizon=240 lifetime=[467,1932] skipped=False
2026-08-30 12:51:59,024 | INFO | step=2570/20000 loss=0.5708956 nll=0.5666994 kl=0.00816375 consistency=0 lambda=0 beta=0.514 grad=134.758 horizon=260 lifetime=[455,1081] skipped=False
2026-08-30 12:51:59,431 | INFO | step=2580/20000 loss=0.3953859 nll=0.3897133 kl=0.01099341 consistency=0 lambda=0 beta=0.516 grad=68.10974 horizon=100 lifetime=[443,1635] skipped=False
2026-08-30 12:51:59,785 | INFO | step=2590/20000 loss=0.1688848 nll=0.1642171 kl=0.009011019 consistency=0 lambda=0 beta=0.518 grad=32.3765 horizon=180 lifetime=[470,1000] skipped=False
2026-08-30 12:52:00,168 | INFO | step=2600/20000 loss=-0.09803169 nll=-0.1027437 kl=0.009061472 consistency=0 lambda=0 beta=0.52 grad=9.064135 horizon=220 lifetime=[500,1154] skipped=False
2026-08-30 12:52:00,574 | INFO | step=2610/20000 loss=0.4081007 nll=0.4054904 kl=0.005000612 consistency=0 lambda=0 beta=0.522 grad=138.7357 horizon=140 lifetime=[299,1081] skipped=False
2026-08-30 12:52:00,978 | INFO | step=2620/20000 loss=-0.384737 nll=-0.391771 kl=0.0134236 consistency=0 lambda=0 beta=0.524 grad=36.159 horizon=220 lifetime=[453,863] skipped=False
2026-08-30 12:52:01,361 | INFO | step=2630/20000 loss=0.009608075 nll=-0.003880218 kl=0.02564314 consistency=0 lambda=0 beta=0.526 grad=72.25218 horizon=140 lifetime=[443,1015] skipped=False
2026-08-30 12:52:01,737 | INFO | step=2640/20000 loss=0.7134417 nll=0.7006111 kl=0.02430046 consistency=0 lambda=0 beta=0.528 grad=47.98477 horizon=140 lifetime=[462,1091] skipped=False
2026-08-30 12:52:02,154 | INFO | step=2650/20000 loss=-0.05997604 nll=-0.06562331 kl=0.01065522 consistency=0 lambda=0 beta=0.53 grad=67.50697 horizon=260 lifetime=[501,1154] skipped=False
2026-08-30 12:52:02,516 | INFO | step=2660/20000 loss=0.2937927 nll=0.290506 kl=0.006177977 consistency=0 lambda=0 beta=0.532 grad=18.52908 horizon=180 lifetime=[491,1858] skipped=False
2026-08-30 12:52:02,882 | INFO | step=2670/20000 loss=-0.3319806 nll=-0.3391767 kl=0.01347591 consistency=0 lambda=0 beta=0.534 grad=26.14343 horizon=140 lifetime=[428,1049] skipped=False
2026-08-30 12:52:03,235 | INFO | step=2680/20000 loss=-0.5371141 nll=-0.5398892 kl=0.005177332 consistency=0 lambda=0 beta=0.536 grad=31.79694 horizon=220 lifetime=[443,942] skipped=False
2026-08-30 12:52:03,597 | INFO | step=2690/20000 loss=0.01348623 nll=0.008681264 kl=0.00893116 consistency=0 lambda=0 beta=0.538 grad=19.63633 horizon=180 lifetime=[486,1045] skipped=False
2026-08-30 12:52:03,969 | INFO | step=2700/20000 loss=0.09821106 nll=0.09549454 kl=0.005030587 consistency=0 lambda=0 beta=0.54 grad=30.17408 horizon=240 lifetime=[458,847] skipped=False
2026-08-30 12:52:04,344 | INFO | step=2710/20000 loss=-0.1998741 nll=-0.2050925 kl=0.009628011 consistency=0 lambda=0 beta=0.542 grad=43.52494 horizon=260 lifetime=[622,942] skipped=False
2026-08-30 12:52:04,744 | INFO | step=2720/20000 loss=0.1665064 nll=0.1623947 kl=0.007558285 consistency=0 lambda=0 beta=0.544 grad=18.70188 horizon=280 lifetime=[470,2154] skipped=False
2026-08-30 12:52:05,113 | INFO | step=2730/20000 loss=0.5312747 nll=0.5261025 kl=0.0094728 consistency=0 lambda=0 beta=0.546 grad=11.32779 horizon=100 lifetime=[479,1932] skipped=False
2026-08-30 12:52:05,466 | INFO | step=2740/20000 loss=0.6438845 nll=0.6397967 kl=0.007459497 consistency=0 lambda=0 beta=0.548 grad=31.45449 horizon=120 lifetime=[467,1154] skipped=False
2026-08-30 12:52:05,813 | INFO | step=2750/20000 loss=-0.4408073 nll=-0.446873 kl=0.01102862 consistency=0 lambda=0 beta=0.55 grad=17.01983 horizon=200 lifetime=[464,1055] skipped=False
2026-08-30 12:52:06,176 | INFO | step=2760/20000 loss=0.15117 nll=0.1433471 kl=0.01417192 consistency=0 lambda=0 beta=0.552 grad=104.9129 horizon=200 lifetime=[461,1932] skipped=False
2026-08-30 12:52:06,593 | INFO | step=2770/20000 loss=0.1332426 nll=0.1241337 kl=0.01644199 consistency=0 lambda=0 beta=0.554 grad=57.81737 horizon=120 lifetime=[462,1076] skipped=False
2026-08-30 12:52:06,967 | INFO | step=2780/20000 loss=-0.01306867 nll=-0.01645947 kl=0.006098569 consistency=0 lambda=0 beta=0.556 grad=25.49531 horizon=220 lifetime=[484,1045] skipped=False
2026-08-30 12:52:07,376 | INFO | step=2790/20000 loss=-0.3183903 nll=-0.3264257 kl=0.01440036 consistency=0 lambda=0 beta=0.558 grad=29.80666 horizon=240 lifetime=[467,988] skipped=False
2026-08-30 12:52:07,753 | INFO | step=2800/20000 loss=0.4884438 nll=0.4823236 kl=0.01092886 consistency=0 lambda=0 beta=0.56 grad=60.04377 horizon=100 lifetime=[437,942] skipped=False
2026-08-30 12:52:08,163 | INFO | step=2810/20000 loss=-0.1159486 nll=-0.1173574 kl=0.002506677 consistency=0 lambda=0 beta=0.562 grad=58.03608 horizon=300 lifetime=[437,1000] skipped=False
2026-08-30 12:52:08,535 | INFO | step=2820/20000 loss=1.212351 nll=1.203038 kl=0.01651245 consistency=0 lambda=0 beta=0.564 grad=194.803 horizon=120 lifetime=[460,1154] skipped=False
2026-08-30 12:52:08,921 | INFO | step=2830/20000 loss=-0.3306579 nll=-0.338751 kl=0.01429864 consistency=0 lambda=0 beta=0.566 grad=20.47375 horizon=140 lifetime=[476,1152] skipped=False
2026-08-30 12:52:09,313 | INFO | step=2840/20000 loss=-0.299959 nll=-0.303914 kl=0.006962941 consistency=0 lambda=0 beta=0.568 grad=57.0013 horizon=140 lifetime=[299,1081] skipped=False
2026-08-30 12:52:09,724 | INFO | step=2850/20000 loss=-0.1678669 nll=-0.1727272 kl=0.008526934 consistency=0 lambda=0 beta=0.57 grad=26.51553 horizon=280 lifetime=[479,1015] skipped=False
2026-08-30 12:52:10,094 | INFO | step=2860/20000 loss=1.10705 nll=1.095089 kl=0.02091045 consistency=0 lambda=0 beta=0.572 grad=61.40932 horizon=180 lifetime=[500,1932] skipped=False
2026-08-30 12:52:10,481 | INFO | step=2870/20000 loss=0.2621705 nll=0.2594592 kl=0.004723548 consistency=0 lambda=0 beta=0.574 grad=91.53893 horizon=280 lifetime=[299,1012] skipped=False
2026-08-30 12:52:10,850 | INFO | step=2880/20000 loss=-0.282585 nll=-0.2908241 kl=0.014304 consistency=0 lambda=0 beta=0.576 grad=38.01055 horizon=260 lifetime=[462,1152] skipped=False
2026-08-30 12:52:11,215 | INFO | step=2890/20000 loss=0.4443924 nll=0.4401414 kl=0.007354551 consistency=0 lambda=0 beta=0.578 grad=65.02872 horizon=140 lifetime=[464,1858] skipped=False
2026-08-30 12:52:11,613 | INFO | step=2900/20000 loss=0.06683738 nll=0.05487814 kl=0.02061938 consistency=0 lambda=0 beta=0.58 grad=22.13964 horizon=100 lifetime=[455,1038] skipped=False
2026-08-30 12:52:12,019 | INFO | step=2910/20000 loss=0.3839858 nll=0.3825187 kl=0.002520736 consistency=0 lambda=0 beta=0.582 grad=45.32698 horizon=300 lifetime=[526,988] skipped=False
2026-08-30 12:52:12,463 | INFO | step=2920/20000 loss=-0.1531725 nll=-0.1553548 kl=0.003736665 consistency=0 lambda=0 beta=0.584 grad=18.81913 horizon=300 lifetime=[476,1858] skipped=False
2026-08-30 12:52:12,860 | INFO | step=2930/20000 loss=-0.2568895 nll=-0.2618757 kl=0.008509007 consistency=0 lambda=0 beta=0.586 grad=20.05173 horizon=260 lifetime=[443,1000] skipped=False
2026-08-30 12:52:13,239 | INFO | step=2940/20000 loss=0.3854687 nll=0.3834682 kl=0.003402214 consistency=0 lambda=0 beta=0.588 grad=55.26921 horizon=240 lifetime=[476,1932] skipped=False
2026-08-30 12:52:13,633 | INFO | step=2950/20000 loss=0.1686917 nll=0.160645 kl=0.01363845 consistency=0 lambda=0 beta=0.59 grad=32.1717 horizon=280 lifetime=[497,1045] skipped=False
2026-08-30 12:52:14,034 | INFO | step=2960/20000 loss=-0.6160378 nll=-0.6191298 kl=0.005222939 consistency=0 lambda=0 beta=0.592 grad=23.03382 horizon=240 lifetime=[428,827] skipped=False
2026-08-30 12:52:14,427 | INFO | step=2970/20000 loss=0.007647892 nll=0.002530679 kl=0.008614836 consistency=0 lambda=0 beta=0.594 grad=130.6155 horizon=120 lifetime=[443,915] skipped=False
2026-08-30 12:52:14,797 | INFO | step=2980/20000 loss=-0.7013909 nll=-0.7081411 kl=0.01132588 consistency=0 lambda=0 beta=0.596 grad=64.87893 horizon=200 lifetime=[428,915] skipped=False
2026-08-30 12:52:15,144 | INFO | step=2990/20000 loss=0.9626546 nll=0.9451536 kl=0.02926588 consistency=0 lambda=0 beta=0.598 grad=40.9715 horizon=100 lifetime=[428,1154] skipped=False
2026-08-30 12:52:15,841 | INFO | validation step=3000 rmse=204.3464 best=204.3464@3000 stale=0/10
2026-08-30 12:52:15,842 | INFO | step=3000/20000 loss=0.7515063 nll=0.7479626 kl=0.005906212 consistency=0 lambda=0 beta=0.6 grad=165.1758 horizon=140 lifetime=[462,1932] skipped=False
2026-08-30 12:52:16,238 | INFO | step=3010/20000 loss=0.3773176 nll=0.3594549 kl=0.02967225 consistency=0 lambda=0 beta=0.602 grad=56.97666 horizon=140 lifetime=[428,1932] skipped=False
2026-08-30 12:52:16,635 | INFO | step=3020/20000 loss=0.5401598 nll=0.5365097 kl=0.006043245 consistency=0 lambda=0 beta=0.604 grad=111.0393 horizon=140 lifetime=[464,1015] skipped=False
2026-08-30 12:52:16,980 | INFO | step=3030/20000 loss=-0.04394168 nll=-0.04661116 kl=0.004405083 consistency=0 lambda=0 beta=0.606 grad=10.53056 horizon=140 lifetime=[437,1045] skipped=False
2026-08-30 12:52:17,368 | INFO | step=3040/20000 loss=-0.4699997 nll=-0.4772366 kl=0.01190275 consistency=0 lambda=0 beta=0.608 grad=22.09438 horizon=300 lifetime=[455,1635] skipped=False
2026-08-30 12:52:17,808 | INFO | step=3050/20000 loss=-0.3012286 nll=-0.303428 kl=0.003605541 consistency=0 lambda=0 beta=0.61 grad=9.789537 horizon=300 lifetime=[462,1635] skipped=False
2026-08-30 12:52:18,204 | INFO | step=3060/20000 loss=0.2121601 nll=0.2095285 kl=0.004299859 consistency=0 lambda=0 beta=0.612 grad=19.42465 horizon=140 lifetime=[299,1081] skipped=False
2026-08-30 12:52:18,595 | INFO | step=3070/20000 loss=0.4647083 nll=0.4583164 kl=0.01041021 consistency=0 lambda=0 beta=0.614 grad=47.10228 horizon=180 lifetime=[482,2154] skipped=False
2026-08-30 12:52:18,947 | INFO | step=3080/20000 loss=0.1196845 nll=0.1142389 kl=0.008840276 consistency=0 lambda=0 beta=0.616 grad=78.66286 horizon=140 lifetime=[299,2154] skipped=False
2026-08-30 12:52:19,283 | INFO | step=3090/20000 loss=-0.7709309 nll=-0.7725263 kl=0.002581575 consistency=0 lambda=0 beta=0.618 grad=20.43047 horizon=220 lifetime=[437,1156] skipped=False
2026-08-30 12:52:19,648 | INFO | step=3100/20000 loss=-0.03161553 nll=-0.04460733 kl=0.02095452 consistency=0 lambda=0 beta=0.62 grad=53.72483 horizon=200 lifetime=[437,1152] skipped=False
2026-08-30 12:52:20,033 | INFO | step=3110/20000 loss=-0.3248155 nll=-0.3282925 kl=0.005590169 consistency=0 lambda=0 beta=0.622 grad=20.62882 horizon=200 lifetime=[467,913] skipped=False
2026-08-30 12:52:20,492 | INFO | step=3120/20000 loss=-0.0395892 nll=-0.04588443 kl=0.0100885 consistency=0 lambda=0 beta=0.624 grad=17.42694 horizon=260 lifetime=[453,1152] skipped=False
2026-08-30 12:52:20,882 | INFO | step=3130/20000 loss=-0.2791799 nll=-0.2865919 kl=0.01184034 consistency=0 lambda=0 beta=0.626 grad=30.70108 horizon=160 lifetime=[500,1049] skipped=False
2026-08-30 12:52:21,272 | INFO | step=3140/20000 loss=0.440362 nll=0.4278093 kl=0.01998833 consistency=0 lambda=0 beta=0.628 grad=132.2497 horizon=200 lifetime=[443,2154] skipped=False
2026-08-30 12:52:21,688 | INFO | step=3150/20000 loss=-0.4736901 nll=-0.4774454 kl=0.005960757 consistency=0 lambda=0 beta=0.63 grad=17.48165 horizon=260 lifetime=[453,1015] skipped=False
2026-08-30 12:52:22,081 | INFO | step=3160/20000 loss=-0.5837299 nll=-0.5866522 kl=0.004623878 consistency=0 lambda=0 beta=0.632 grad=18.60238 horizon=280 lifetime=[467,1045] skipped=False
2026-08-30 12:52:22,449 | INFO | step=3170/20000 loss=-0.3207783 nll=-0.3233263 kl=0.004018959 consistency=0 lambda=0 beta=0.634 grad=36.31873 horizon=300 lifetime=[453,1156] skipped=False
2026-08-30 12:52:22,850 | INFO | step=3180/20000 loss=-0.3281445 nll=-0.3318191 kl=0.005777713 consistency=0 lambda=0 beta=0.636 grad=36.72888 horizon=180 lifetime=[299,1154] skipped=False
2026-08-30 12:52:23,261 | INFO | step=3190/20000 loss=1.020818 nll=1.012619 kl=0.01285141 consistency=0 lambda=0 beta=0.638 grad=80.56606 horizon=160 lifetime=[453,2154] skipped=False
2026-08-30 12:52:23,623 | INFO | step=3200/20000 loss=0.9197312 nll=0.9175479 kl=0.00341138 consistency=0 lambda=0 beta=0.64 grad=133.082 horizon=180 lifetime=[458,1156] skipped=False
2026-08-30 12:52:23,994 | INFO | step=3210/20000 loss=0.4574306 nll=0.4531508 kl=0.006666364 consistency=0 lambda=0 beta=0.642 grad=33.81076 horizon=140 lifetime=[464,1045] skipped=False
2026-08-30 12:52:24,423 | INFO | step=3220/20000 loss=0.3420397 nll=0.3365322 kl=0.00855202 consistency=0 lambda=0 beta=0.644 grad=76.70493 horizon=200 lifetime=[476,1052] skipped=False
2026-08-30 12:52:24,773 | INFO | step=3230/20000 loss=-0.213824 nll=-0.2163198 kl=0.003863575 consistency=0 lambda=0 beta=0.646 grad=22.24784 horizon=220 lifetime=[486,1076] skipped=False
2026-08-30 12:52:25,114 | INFO | step=3240/20000 loss=0.0856518 nll=0.07753433 kl=0.01252697 consistency=0 lambda=0 beta=0.648 grad=17.87262 horizon=100 lifetime=[476,988] skipped=False
2026-08-30 12:52:25,515 | INFO | step=3250/20000 loss=0.5171361 nll=0.5142168 kl=0.0044913 consistency=0 lambda=0 beta=0.65 grad=126.4032 horizon=300 lifetime=[476,1025] skipped=False
2026-08-30 12:52:25,863 | INFO | step=3260/20000 loss=0.3652631 nll=0.360064 kl=0.007974155 consistency=0 lambda=0 beta=0.652 grad=25.29548 horizon=120 lifetime=[484,1052] skipped=False
2026-08-30 12:52:26,241 | INFO | step=3270/20000 loss=-0.4408522 nll=-0.4477747 kl=0.01058492 consistency=0 lambda=0 beta=0.654 grad=26.35139 horizon=260 lifetime=[465,1152] skipped=False
2026-08-30 12:52:26,629 | INFO | step=3280/20000 loss=-0.004275397 nll=-0.008033946 kl=0.005729495 consistency=0 lambda=0 beta=0.656 grad=25.77419 horizon=260 lifetime=[299,1156] skipped=False
2026-08-30 12:52:27,010 | INFO | step=3290/20000 loss=0.9052112 nll=0.8999871 kl=0.007939331 consistency=0 lambda=0 beta=0.658 grad=34.39144 horizon=100 lifetime=[501,1000] skipped=False
2026-08-30 12:52:27,411 | INFO | step=3300/20000 loss=-0.3303235 nll=-0.336896 kl=0.009958414 consistency=0 lambda=0 beta=0.66 grad=15.77986 horizon=160 lifetime=[470,1000] skipped=False
2026-08-30 12:52:27,779 | INFO | step=3310/20000 loss=0.0009592562 nll=-0.002008498 kl=0.004483012 consistency=0 lambda=0 beta=0.662 grad=37.06374 horizon=300 lifetime=[533,1012] skipped=False
2026-08-30 12:52:28,218 | INFO | step=3320/20000 loss=-0.3653744 nll=-0.3676578 kl=0.003438973 consistency=0 lambda=0 beta=0.664 grad=32.42188 horizon=260 lifetime=[462,1015] skipped=False
2026-08-30 12:52:28,596 | INFO | step=3330/20000 loss=0.8436654 nll=0.8287636 kl=0.0223751 consistency=0 lambda=0 beta=0.666 grad=65.31055 horizon=140 lifetime=[559,1045] skipped=False
2026-08-30 12:52:28,977 | INFO | step=3340/20000 loss=-0.2306384 nll=-0.2353585 kl=0.007066072 consistency=0 lambda=0 beta=0.668 grad=23.09386 horizon=240 lifetime=[299,1154] skipped=False
2026-08-30 12:52:29,351 | INFO | step=3350/20000 loss=-0.3031175 nll=-0.3085668 kl=0.008133342 consistency=0 lambda=0 beta=0.67 grad=33.80631 horizon=180 lifetime=[443,815] skipped=False
2026-08-30 12:52:29,672 | INFO | step=3360/20000 loss=0.9713542 nll=0.9451828 kl=0.0389456 consistency=0 lambda=0 beta=0.672 grad=61.30831 horizon=100 lifetime=[476,1152] skipped=False
2026-08-30 12:52:30,095 | INFO | step=3370/20000 loss=-0.4039674 nll=-0.4073924 kl=0.005081693 consistency=0 lambda=0 beta=0.674 grad=20.7958 horizon=160 lifetime=[453,856] skipped=False
2026-08-30 12:52:30,477 | INFO | step=3380/20000 loss=0.7824675 nll=0.7735238 kl=0.0132304 consistency=0 lambda=0 beta=0.676 grad=118.6125 horizon=140 lifetime=[464,1015] skipped=False
2026-08-30 12:52:30,856 | INFO | step=3390/20000 loss=0.8280554 nll=0.8252152 kl=0.004189122 consistency=0 lambda=0 beta=0.678 grad=191.3165 horizon=160 lifetime=[437,1025] skipped=False
2026-08-30 12:52:31,391 | INFO | step=3400/20000 loss=0.27631 nll=0.2714688 kl=0.007119378 consistency=0 lambda=0 beta=0.68 grad=16.12947 horizon=100 lifetime=[437,1635] skipped=False
2026-08-30 12:52:31,777 | INFO | step=3410/20000 loss=-0.4845107 nll=-0.4881767 kl=0.00537538 consistency=0 lambda=0 beta=0.682 grad=27.01057 horizon=300 lifetime=[443,1156] skipped=False
2026-08-30 12:52:32,131 | INFO | step=3420/20000 loss=0.2041752 nll=0.2009171 kl=0.004763369 consistency=0 lambda=0 beta=0.684 grad=66.71187 horizon=160 lifetime=[479,988] skipped=False
2026-08-30 12:52:32,522 | INFO | step=3430/20000 loss=0.3665644 nll=0.3651608 kl=0.002046009 consistency=0 lambda=0 beta=0.686 grad=66.89919 horizon=220 lifetime=[465,1091] skipped=False
2026-08-30 12:52:32,880 | INFO | step=3440/20000 loss=-0.1086729 nll=-0.1247417 kl=0.02335582 consistency=0 lambda=0 beta=0.688 grad=16.27872 horizon=100 lifetime=[462,1038] skipped=False
2026-08-30 12:52:33,238 | INFO | step=3450/20000 loss=0.8179178 nll=0.8126576 kl=0.007623422 consistency=0 lambda=0 beta=0.69 grad=73.00032 horizon=140 lifetime=[491,1154] skipped=False
2026-08-30 12:52:33,611 | INFO | step=3460/20000 loss=-0.004294991 nll=-0.007800519 kl=0.005065792 consistency=0 lambda=0 beta=0.692 grad=40.20613 horizon=140 lifetime=[462,1156] skipped=False
2026-08-30 12:52:34,018 | INFO | step=3470/20000 loss=0.1568549 nll=0.1519021 kl=0.00713668 consistency=0 lambda=0 beta=0.694 grad=58.37964 horizon=300 lifetime=[455,2154] skipped=False
2026-08-30 12:52:34,419 | INFO | step=3480/20000 loss=0.238613 nll=0.2316745 kl=0.009969065 consistency=0 lambda=0 beta=0.696 grad=58.64441 horizon=260 lifetime=[428,1858] skipped=False
2026-08-30 12:52:34,796 | INFO | step=3490/20000 loss=-0.2540019 nll=-0.2567549 kl=0.003944194 consistency=0 lambda=0 beta=0.698 grad=34.09567 horizon=240 lifetime=[462,942] skipped=False
2026-08-30 12:52:35,445 | INFO | validation step=3500 rmse=188.5326 best=188.5326@3500 stale=0/10
2026-08-30 12:52:35,445 | INFO | step=3500/20000 loss=0.3595448 nll=0.3575497 kl=0.002850225 consistency=0 lambda=0 beta=0.7 grad=84.30106 horizon=220 lifetime=[428,1932] skipped=False
2026-08-30 12:52:35,860 | INFO | step=3510/20000 loss=0.05146116 nll=0.0484947 kl=0.004225731 consistency=0 lambda=0 beta=0.702 grad=63.83207 horizon=260 lifetime=[476,988] skipped=False
2026-08-30 12:52:36,250 | INFO | step=3520/20000 loss=-0.09027802 nll=-0.09370608 kl=0.004869396 consistency=0 lambda=0 beta=0.704 grad=46.67498 horizon=180 lifetime=[465,1154] skipped=False
2026-08-30 12:52:36,599 | INFO | step=3530/20000 loss=0.788823 nll=0.7839581 kl=0.006890873 consistency=0 lambda=0 beta=0.706 grad=41.41505 horizon=140 lifetime=[299,1932] skipped=False
2026-08-30 12:52:36,998 | INFO | step=3540/20000 loss=-0.05395602 nll=-0.05857983 kl=0.006530806 consistency=0 lambda=0 beta=0.708 grad=46.86567 horizon=180 lifetime=[428,1049] skipped=False
2026-08-30 12:52:37,390 | INFO | step=3550/20000 loss=-0.3811933 nll=-0.3836181 kl=0.003415203 consistency=0 lambda=0 beta=0.71 grad=49.72623 horizon=200 lifetime=[479,1012] skipped=False
2026-08-30 12:52:37,756 | INFO | step=3560/20000 loss=-0.1310709 nll=-0.1397892 kl=0.01224488 consistency=0 lambda=0 beta=0.712 grad=33.93084 horizon=160 lifetime=[443,858] skipped=False
2026-08-30 12:52:38,160 | INFO | step=3570/20000 loss=-0.2021103 nll=-0.2162438 kl=0.01979476 consistency=0 lambda=0 beta=0.714 grad=45.84984 horizon=120 lifetime=[458,988] skipped=False
2026-08-30 12:52:38,529 | INFO | step=3580/20000 loss=1.119443 nll=1.116954 kl=0.003476866 consistency=0 lambda=0 beta=0.716 grad=136.1309 horizon=140 lifetime=[455,1012] skipped=False
2026-08-30 12:52:38,838 | INFO | step=3590/20000 loss=-0.03517197 nll=-0.0373577 kl=0.003044195 consistency=0 lambda=0 beta=0.718 grad=51.85552 horizon=220 lifetime=[464,2154] skipped=False
2026-08-30 12:52:39,197 | INFO | step=3600/20000 loss=-0.2391409 nll=-0.2442149 kl=0.007047253 consistency=0 lambda=0 beta=0.72 grad=86.28109 horizon=200 lifetime=[455,1049] skipped=False
2026-08-30 12:52:39,570 | INFO | step=3610/20000 loss=-0.1981987 nll=-0.2071723 kl=0.01242884 consistency=0 lambda=0 beta=0.722 grad=18.63497 horizon=160 lifetime=[460,1152] skipped=False
2026-08-30 12:52:39,960 | INFO | step=3620/20000 loss=-0.2873989 nll=-0.2892059 kl=0.002495876 consistency=0 lambda=0 beta=0.724 grad=42.32227 horizon=140 lifetime=[453,875] skipped=False
2026-08-30 12:52:40,347 | INFO | step=3630/20000 loss=0.575107 nll=0.5696831 kl=0.007471017 consistency=0 lambda=0 beta=0.726 grad=56.8389 horizon=200 lifetime=[498,2154] skipped=False
2026-08-30 12:52:40,712 | INFO | step=3640/20000 loss=0.7235087 nll=0.7157267 kl=0.01068951 consistency=0 lambda=0 beta=0.728 grad=41.49747 horizon=120 lifetime=[479,2154] skipped=False
2026-08-30 12:52:41,122 | INFO | step=3650/20000 loss=0.9837126 nll=0.9787305 kl=0.006824696 consistency=0 lambda=0 beta=0.73 grad=122.3745 horizon=120 lifetime=[465,1091] skipped=False
2026-08-30 12:52:41,482 | INFO | step=3660/20000 loss=0.3952814 nll=0.3936722 kl=0.002198309 consistency=0 lambda=0 beta=0.732 grad=32.50271 horizon=140 lifetime=[458,1154] skipped=False
2026-08-30 12:52:41,885 | INFO | step=3670/20000 loss=-0.04997104 nll=-0.05333048 kl=0.004576897 consistency=0 lambda=0 beta=0.734 grad=68.45769 horizon=200 lifetime=[437,875] skipped=False
2026-08-30 12:52:42,289 | INFO | step=3680/20000 loss=-0.5035885 nll=-0.5096841 kl=0.008282079 consistency=0 lambda=0 beta=0.736 grad=33.34286 horizon=300 lifetime=[453,1858] skipped=False
2026-08-30 12:52:42,664 | INFO | step=3690/20000 loss=-0.3333831 nll=-0.3518948 kl=0.02508357 consistency=0 lambda=0 beta=0.738 grad=49.75378 horizon=260 lifetime=[467,1012] skipped=False
2026-08-30 12:52:43,057 | INFO | step=3700/20000 loss=0.2616704 nll=0.2514066 kl=0.01386997 consistency=0 lambda=0 beta=0.74 grad=10.90561 horizon=260 lifetime=[299,2154] skipped=False
2026-08-30 12:52:43,486 | INFO | step=3710/20000 loss=0.03026441 nll=0.02664137 kl=0.004882799 consistency=0 lambda=0 beta=0.742 grad=23.28105 horizon=220 lifetime=[443,1635] skipped=False
2026-08-30 12:52:43,883 | INFO | step=3720/20000 loss=0.1011917 nll=0.09884501 kl=0.003154112 consistency=0 lambda=0 beta=0.744 grad=62.60442 horizon=260 lifetime=[453,1045] skipped=False
2026-08-30 12:52:44,284 | INFO | step=3730/20000 loss=-0.5935702 nll=-0.5959042 kl=0.00312875 consistency=0 lambda=0 beta=0.746 grad=51.15102 horizon=220 lifetime=[476,930] skipped=False
2026-08-30 12:52:44,667 | INFO | step=3740/20000 loss=-0.1631499 nll=-0.1688215 kl=0.007582466 consistency=0 lambda=0 beta=0.748 grad=30.75254 horizon=140 lifetime=[299,1156] skipped=False
2026-08-30 12:52:45,045 | INFO | step=3750/20000 loss=-0.3365841 nll=-0.3410347 kl=0.005934063 consistency=0 lambda=0 beta=0.75 grad=32.66306 horizon=240 lifetime=[458,1052] skipped=False
2026-08-30 12:52:45,419 | INFO | step=3760/20000 loss=-0.3364662 nll=-0.338382 kl=0.002547527 consistency=0 lambda=0 beta=0.752 grad=68.77801 horizon=180 lifetime=[453,860] skipped=False
2026-08-30 12:52:45,816 | INFO | step=3770/20000 loss=-0.0574781 nll=-0.06277786 kl=0.007028867 consistency=0 lambda=0 beta=0.754 grad=20.08647 horizon=180 lifetime=[491,1038] skipped=False
2026-08-30 12:52:46,166 | INFO | step=3780/20000 loss=-0.1828656 nll=-0.1922352 kl=0.01239366 consistency=0 lambda=0 beta=0.756 grad=45.65541 horizon=280 lifetime=[482,1012] skipped=False
2026-08-30 12:52:46,565 | INFO | step=3790/20000 loss=0.2177355 nll=0.2160009 kl=0.002288431 consistency=0 lambda=0 beta=0.758 grad=67.97075 horizon=180 lifetime=[455,2154] skipped=False
2026-08-30 12:52:46,927 | INFO | step=3800/20000 loss=0.5392334 nll=0.5337088 kl=0.0072692 consistency=0 lambda=0 beta=0.76 grad=91.10118 horizon=220 lifetime=[299,2154] skipped=False
2026-08-30 12:52:47,348 | INFO | step=3810/20000 loss=-0.1907569 nll=-0.1922848 kl=0.002005141 consistency=0 lambda=0 beta=0.762 grad=43.22774 horizon=260 lifetime=[479,1156] skipped=False
2026-08-30 12:52:47,736 | INFO | step=3820/20000 loss=0.02276855 nll=0.02074583 kl=0.002647541 consistency=0 lambda=0 beta=0.764 grad=58.43021 horizon=220 lifetime=[443,1154] skipped=False
2026-08-30 12:52:48,156 | INFO | step=3830/20000 loss=-0.5850815 nll=-0.5884107 kl=0.004346345 consistency=0 lambda=0 beta=0.766 grad=35.88784 horizon=240 lifetime=[467,858] skipped=False
2026-08-30 12:52:48,560 | INFO | step=3840/20000 loss=-0.422607 nll=-0.4276011 kl=0.006502764 consistency=0 lambda=0 beta=0.768 grad=47.19696 horizon=240 lifetime=[493,938] skipped=False
2026-08-30 12:52:48,949 | INFO | step=3850/20000 loss=0.6262252 nll=0.6237032 kl=0.003275286 consistency=0 lambda=0 beta=0.77 grad=112.4886 horizon=160 lifetime=[461,909] skipped=False
2026-08-30 12:52:49,354 | INFO | step=3860/20000 loss=-0.6979887 nll=-0.7004634 kl=0.003205493 consistency=0 lambda=0 beta=0.772 grad=13.46074 horizon=280 lifetime=[467,868] skipped=False
2026-08-30 12:52:49,796 | INFO | step=3870/20000 loss=0.8338793 nll=0.8274829 kl=0.008263998 consistency=0 lambda=0 beta=0.774 grad=171.9623 horizon=120 lifetime=[465,913] skipped=False
2026-08-30 12:52:50,160 | INFO | step=3880/20000 loss=0.5415681 nll=0.5344759 kl=0.009139511 consistency=0 lambda=0 beta=0.776 grad=33.96301 horizon=100 lifetime=[437,1156] skipped=False
2026-08-30 12:52:50,543 | INFO | step=3890/20000 loss=-0.1482034 nll=-0.1546377 kl=0.008270201 consistency=0 lambda=0 beta=0.778 grad=57.67102 horizon=200 lifetime=[505,938] skipped=False
2026-08-30 12:52:50,906 | INFO | step=3900/20000 loss=0.08674768 nll=0.08417369 kl=0.003299987 consistency=0 lambda=0 beta=0.78 grad=42.18007 horizon=200 lifetime=[465,1635] skipped=False
2026-08-30 12:52:51,329 | INFO | step=3910/20000 loss=0.1087878 nll=0.09644161 kl=0.01578792 consistency=0 lambda=0 beta=0.782 grad=19.48917 horizon=280 lifetime=[479,2154] skipped=False
2026-08-30 12:52:51,714 | INFO | step=3920/20000 loss=0.2486005 nll=0.2440076 kl=0.005858285 consistency=0 lambda=0 beta=0.784 grad=32.71555 horizon=200 lifetime=[498,1635] skipped=False
2026-08-30 12:52:52,058 | INFO | step=3930/20000 loss=0.3006878 nll=0.2927726 kl=0.01007024 consistency=0 lambda=0 beta=0.786 grad=72.40858 horizon=120 lifetime=[147,1081] skipped=False
2026-08-30 12:52:52,452 | INFO | step=3940/20000 loss=1.529811 nll=1.527362 kl=0.003107701 consistency=0 lambda=0 beta=0.788 grad=229.8203 horizon=140 lifetime=[508,1932] skipped=False
2026-08-30 12:52:52,876 | INFO | step=3950/20000 loss=-0.01524861 nll=-0.02120514 kl=0.007539918 consistency=0 lambda=0 beta=0.79 grad=74.48338 horizon=260 lifetime=[458,1038] skipped=False
2026-08-30 12:52:53,226 | INFO | step=3960/20000 loss=0.5232329 nll=0.5188985 kl=0.00547281 consistency=0 lambda=0 beta=0.792 grad=93.23981 horizon=260 lifetime=[455,1154] skipped=False
2026-08-30 12:52:53,618 | INFO | step=3970/20000 loss=-0.1248139 nll=-0.1271369 kl=0.002925682 consistency=0 lambda=0 beta=0.794 grad=40.7282 horizon=180 lifetime=[299,1152] skipped=False
2026-08-30 12:52:53,959 | INFO | step=3980/20000 loss=0.4149319 nll=0.412186 kl=0.003449652 consistency=0 lambda=0 beta=0.796 grad=47.15461 horizon=100 lifetime=[458,1156] skipped=False
2026-08-30 12:52:54,367 | INFO | step=3990/20000 loss=0.006889664 nll=0.002206862 kl=0.005868173 consistency=0 lambda=0 beta=0.798 grad=32.33976 horizon=220 lifetime=[498,1154] skipped=False
2026-08-30 12:52:55,045 | INFO | validation step=4000 rmse=182.3192 best=182.3192@4000 stale=0/10
2026-08-30 12:52:55,045 | INFO | step=4000/20000 loss=0.3584598 nll=0.3511849 kl=0.009093682 consistency=0 lambda=0 beta=0.8 grad=49.41615 horizon=120 lifetime=[443,1154] skipped=False
2026-08-30 12:52:55,488 | INFO | step=4010/20000 loss=0.2844658 nll=0.2824046 kl=0.002570051 consistency=0 lambda=0 beta=0.802 grad=46.78979 horizon=220 lifetime=[470,1038] skipped=False
2026-08-30 12:52:55,898 | INFO | step=4020/20000 loss=0.1022212 nll=0.09866809 kl=0.004419255 consistency=0 lambda=0 beta=0.804 grad=20.10563 horizon=120 lifetime=[479,1858] skipped=False
2026-08-30 12:52:56,332 | INFO | step=4030/20000 loss=-0.2602787 nll=-0.2619448 kl=0.002067104 consistency=0 lambda=0 beta=0.806 grad=38.852 horizon=180 lifetime=[476,1015] skipped=False
2026-08-30 12:52:56,751 | INFO | step=4040/20000 loss=0.2027401 nll=0.1999689 kl=0.003429718 consistency=0 lambda=0 beta=0.808 grad=87.77637 horizon=280 lifetime=[443,1932] skipped=False
2026-08-30 12:52:57,097 | INFO | step=4050/20000 loss=-0.5268497 nll=-0.5319185 kl=0.006257655 consistency=0 lambda=0 beta=0.81 grad=48.79464 horizon=200 lifetime=[299,1052] skipped=False
2026-08-30 12:52:57,499 | INFO | step=4060/20000 loss=-0.7407339 nll=-0.7420928 kl=0.001673618 consistency=0 lambda=0 beta=0.812 grad=16.50456 horizon=260 lifetime=[460,1025] skipped=False
2026-08-30 12:52:57,887 | INFO | step=4070/20000 loss=0.1569073 nll=0.153964 kl=0.003615871 consistency=0 lambda=0 beta=0.814 grad=35.55433 horizon=180 lifetime=[460,2154] skipped=False
2026-08-30 12:52:58,270 | INFO | step=4080/20000 loss=0.1467731 nll=0.1420426 kl=0.005797202 consistency=0 lambda=0 beta=0.816 grad=20.68504 horizon=100 lifetime=[486,1007] skipped=False
2026-08-30 12:52:58,622 | INFO | step=4090/20000 loss=0.1274968 nll=0.1205586 kl=0.008481876 consistency=0 lambda=0 beta=0.818 grad=39.77202 horizon=120 lifetime=[437,1049] skipped=False
2026-08-30 12:52:59,063 | INFO | step=4100/20000 loss=-0.008971931 nll=-0.01266401 kl=0.004502528 consistency=0 lambda=0 beta=0.82 grad=38.02335 horizon=260 lifetime=[497,1932] skipped=False
2026-08-30 12:52:59,449 | INFO | step=4110/20000 loss=-0.1042753 nll=-0.1095367 kl=0.006400731 consistency=0 lambda=0 beta=0.822 grad=38.44534 horizon=200 lifetime=[500,1049] skipped=False
2026-08-30 12:52:59,826 | INFO | step=4120/20000 loss=-0.1594311 nll=-0.1611034 kl=0.002029439 consistency=0 lambda=0 beta=0.824 grad=15.60604 horizon=220 lifetime=[437,1052] skipped=False
2026-08-30 12:53:00,213 | INFO | step=4130/20000 loss=0.4438112 nll=0.4418045 kl=0.002429377 consistency=0 lambda=0 beta=0.826 grad=121.1026 horizon=160 lifetime=[455,1091] skipped=False
2026-08-30 12:53:00,601 | INFO | step=4140/20000 loss=-0.2326764 nll=-0.2377728 kl=0.006155094 consistency=0 lambda=0 beta=0.828 grad=76.18394 horizon=200 lifetime=[498,1025] skipped=False
2026-08-30 12:53:00,993 | INFO | step=4150/20000 loss=0.4579342 nll=0.4548618 kl=0.003701688 consistency=0 lambda=0 beta=0.83 grad=46.84329 horizon=160 lifetime=[458,2154] skipped=False
2026-08-30 12:53:01,384 | INFO | step=4160/20000 loss=-0.5775741 nll=-0.5793576 kl=0.002143516 consistency=0 lambda=0 beta=0.832 grad=33.63272 horizon=240 lifetime=[437,1049] skipped=False
2026-08-30 12:53:01,783 | INFO | step=4170/20000 loss=-0.419994 nll=-0.4229034 kl=0.003488533 consistency=0 lambda=0 beta=0.834 grad=42.55397 horizon=240 lifetime=[428,1076] skipped=False
2026-08-30 12:53:02,154 | INFO | step=4180/20000 loss=0.9936029 nll=0.9796643 kl=0.01667295 consistency=0 lambda=0 beta=0.836 grad=28.59782 horizon=140 lifetime=[147,1932] skipped=False
2026-08-30 12:53:02,542 | INFO | step=4190/20000 loss=-0.4449476 nll=-0.4470554 kl=0.002515238 consistency=0 lambda=0 beta=0.838 grad=65.25412 horizon=260 lifetime=[464,991] skipped=False
2026-08-30 12:53:02,970 | INFO | step=4200/20000 loss=0.2933814 nll=0.2868901 kl=0.007727686 consistency=0 lambda=0 beta=0.84 grad=36.33643 horizon=140 lifetime=[460,1932] skipped=False
2026-08-30 12:53:03,370 | INFO | step=4210/20000 loss=0.1638523 nll=0.1607601 kl=0.003672497 consistency=0 lambda=0 beta=0.842 grad=150.3521 horizon=280 lifetime=[437,1152] skipped=False
2026-08-30 12:53:03,746 | INFO | step=4220/20000 loss=0.234788 nll=0.2296126 kl=0.00613196 consistency=0 lambda=0 beta=0.844 grad=22.81271 horizon=180 lifetime=[501,1858] skipped=False
2026-08-30 12:53:04,156 | INFO | step=4230/20000 loss=-0.3949721 nll=-0.3971291 kl=0.002549629 consistency=0 lambda=0 beta=0.846 grad=41.40964 horizon=220 lifetime=[467,1049] skipped=False
2026-08-30 12:53:04,538 | INFO | step=4240/20000 loss=0.9382222 nll=0.9232641 kl=0.01763928 consistency=0 lambda=0 beta=0.848 grad=56.24009 horizon=100 lifetime=[465,1052] skipped=False
2026-08-30 12:53:04,904 | INFO | step=4250/20000 loss=0.09191424 nll=0.08838625 kl=0.00415058 consistency=0 lambda=0 beta=0.85 grad=67.44421 horizon=260 lifetime=[479,2154] skipped=False
2026-08-30 12:53:05,300 | INFO | step=4260/20000 loss=0.3387441 nll=0.3353066 kl=0.004034631 consistency=0 lambda=0 beta=0.852 grad=93.72896 horizon=300 lifetime=[470,1635] skipped=False
2026-08-30 12:53:05,684 | INFO | step=4270/20000 loss=-1.008586 nll=-1.011027 kl=0.002858316 consistency=0 lambda=0 beta=0.854 grad=24.67758 horizon=300 lifetime=[455,858] skipped=False
2026-08-30 12:53:06,042 | INFO | step=4280/20000 loss=-0.09834588 nll=-0.1012482 kl=0.003390559 consistency=0 lambda=0 beta=0.856 grad=26.3589 horizon=140 lifetime=[428,1081] skipped=False
2026-08-30 12:53:06,432 | INFO | step=4290/20000 loss=0.09176067 nll=0.08585998 kl=0.006877249 consistency=0 lambda=0 beta=0.858 grad=17.04875 horizon=160 lifetime=[476,1858] skipped=False
2026-08-30 12:53:06,835 | INFO | step=4300/20000 loss=0.5969627 nll=0.5951836 kl=0.002068764 consistency=0 lambda=0 beta=0.86 grad=126.938 horizon=160 lifetime=[754,1932] skipped=False
2026-08-30 12:53:07,221 | INFO | step=4310/20000 loss=-0.1852042 nll=-0.1902817 kl=0.005890357 consistency=0 lambda=0 beta=0.862 grad=72.4179 horizon=300 lifetime=[443,1635] skipped=False
2026-08-30 12:53:07,629 | INFO | step=4320/20000 loss=0.3874897 nll=0.383716 kl=0.004367777 consistency=0 lambda=0 beta=0.864 grad=31.22091 horizon=140 lifetime=[464,1007] skipped=False
2026-08-30 12:53:08,003 | INFO | step=4330/20000 loss=0.5488092 nll=0.5465867 kl=0.002566425 consistency=0 lambda=0 beta=0.866 grad=94.75539 horizon=240 lifetime=[465,1156] skipped=False
2026-08-30 12:53:08,383 | INFO | step=4340/20000 loss=1.155548 nll=1.148687 kl=0.007903988 consistency=0 lambda=0 beta=0.868 grad=305.4173 horizon=220 lifetime=[465,1932] skipped=False
2026-08-30 12:53:08,775 | INFO | step=4350/20000 loss=-0.1851862 nll=-0.1917767 kl=0.007575231 consistency=0 lambda=0 beta=0.87 grad=92.07095 horizon=280 lifetime=[299,909] skipped=False
2026-08-30 12:53:09,159 | INFO | step=4360/20000 loss=-0.8416671 nll=-0.8433874 kl=0.001972923 consistency=0 lambda=0 beta=0.872 grad=31.14435 horizon=200 lifetime=[437,1012] skipped=False
2026-08-30 12:53:09,542 | INFO | step=4370/20000 loss=-0.1147835 nll=-0.1175015 kl=0.003109802 consistency=0 lambda=0 beta=0.874 grad=28.58215 horizon=140 lifetime=[443,1152] skipped=False
2026-08-30 12:53:09,972 | INFO | step=4380/20000 loss=-0.6441774 nll=-0.6457825 kl=0.001832323 consistency=0 lambda=0 beta=0.876 grad=22.62987 horizon=260 lifetime=[453,1081] skipped=False
2026-08-30 12:53:10,390 | INFO | step=4390/20000 loss=-0.1899278 nll=-0.194809 kl=0.005559501 consistency=0 lambda=0 beta=0.878 grad=44.08932 horizon=140 lifetime=[486,988] skipped=False
2026-08-30 12:53:10,779 | INFO | step=4400/20000 loss=0.1218215 nll=0.1177759 kl=0.004597341 consistency=0 lambda=0 beta=0.88 grad=37.2769 horizon=120 lifetime=[458,1081] skipped=False
2026-08-30 12:53:11,163 | INFO | step=4410/20000 loss=-0.4612494 nll=-0.4651404 kl=0.004411555 consistency=0 lambda=0 beta=0.882 grad=64.94255 horizon=260 lifetime=[500,1049] skipped=False
2026-08-30 12:53:11,514 | INFO | step=4420/20000 loss=0.08765448 nll=0.07780737 kl=0.01113926 consistency=0 lambda=0 beta=0.884 grad=115.7357 horizon=100 lifetime=[465,1076] skipped=False
2026-08-30 12:53:11,882 | INFO | step=4430/20000 loss=-0.01538632 nll=-0.01849753 kl=0.003511515 consistency=0 lambda=0 beta=0.886 grad=87.34361 horizon=200 lifetime=[299,1932] skipped=False
2026-08-30 12:53:12,284 | INFO | step=4440/20000 loss=0.5924475 nll=0.5891514 kl=0.003711849 consistency=0 lambda=0 beta=0.888 grad=65.4255 horizon=160 lifetime=[467,1152] skipped=False
2026-08-30 12:53:12,647 | INFO | step=4450/20000 loss=-0.5344333 nll=-0.5398498 kl=0.006085889 consistency=0 lambda=0 beta=0.89 grad=75.42645 horizon=300 lifetime=[460,1052] skipped=False
2026-08-30 12:53:13,022 | INFO | step=4460/20000 loss=-0.03308776 nll=-0.0355578 kl=0.0027691 consistency=0 lambda=0 beta=0.892 grad=20.57672 horizon=140 lifetime=[299,1152] skipped=False
2026-08-30 12:53:13,408 | INFO | step=4470/20000 loss=-0.4393754 nll=-0.4406928 kl=0.001473675 consistency=0 lambda=0 beta=0.894 grad=24.53085 horizon=240 lifetime=[437,1156] skipped=False
2026-08-30 12:53:13,805 | INFO | step=4480/20000 loss=0.1194358 nll=0.1142089 kl=0.0058336 consistency=0 lambda=0 beta=0.896 grad=26.99833 horizon=280 lifetime=[461,2154] skipped=False
2026-08-30 12:53:14,201 | INFO | step=4490/20000 loss=-0.1848928 nll=-0.188804 kl=0.004355544 consistency=0 lambda=0 beta=0.898 grad=14.4374 horizon=280 lifetime=[649,1081] skipped=False
2026-08-30 12:53:14,817 | INFO | validation step=4500 rmse=191.5924 best=182.3192@4000 stale=1/10
2026-08-30 12:53:14,817 | INFO | step=4500/20000 loss=0.472373 nll=0.4656263 kl=0.007496385 consistency=0 lambda=0 beta=0.9 grad=36.61526 horizon=100 lifetime=[443,828] skipped=False
2026-08-30 12:53:15,249 | INFO | step=4510/20000 loss=0.01425233 nll=0.01219457 kl=0.002281334 consistency=0 lambda=0 beta=0.902 grad=33.35186 horizon=160 lifetime=[437,1091] skipped=False
2026-08-30 12:53:15,663 | INFO | step=4520/20000 loss=-0.5454659 nll=-0.5483695 kl=0.003211929 consistency=0 lambda=0 beta=0.904 grad=21.85223 horizon=120 lifetime=[437,988] skipped=False
2026-08-30 12:53:16,077 | INFO | step=4530/20000 loss=-0.4800949 nll=-0.4815085 kl=0.001560312 consistency=0 lambda=0 beta=0.906 grad=68.63036 horizon=240 lifetime=[470,1000] skipped=False
2026-08-30 12:53:16,448 | INFO | step=4540/20000 loss=0.2716901 nll=0.2672351 kl=0.004906395 consistency=0 lambda=0 beta=0.908 grad=106.2206 horizon=140 lifetime=[465,1038] skipped=False
2026-08-30 12:53:16,851 | INFO | step=4550/20000 loss=-0.1430432 nll=-0.1444426 kl=0.001537817 consistency=0 lambda=0 beta=0.91 grad=18.32494 horizon=220 lifetime=[437,1038] skipped=False
2026-08-30 12:53:17,232 | INFO | step=4560/20000 loss=0.6308957 nll=0.6229517 kl=0.008710541 consistency=0 lambda=0 beta=0.912 grad=95.47185 horizon=240 lifetime=[476,1152] skipped=False
2026-08-30 12:53:17,615 | INFO | step=4570/20000 loss=-0.2332975 nll=-0.2372153 kl=0.004286413 consistency=0 lambda=0 beta=0.914 grad=54.70163 horizon=180 lifetime=[443,1152] skipped=False
2026-08-30 12:53:18,042 | INFO | step=4580/20000 loss=-0.3024895 nll=-0.3067442 kl=0.00464485 consistency=0 lambda=0 beta=0.916 grad=110.5966 horizon=280 lifetime=[458,1932] skipped=False
2026-08-30 12:53:18,412 | INFO | step=4590/20000 loss=-0.1386064 nll=-0.1417394 kl=0.003412856 consistency=0 lambda=0 beta=0.918 grad=17.66083 horizon=200 lifetime=[455,1932] skipped=False
2026-08-30 12:53:18,794 | INFO | step=4600/20000 loss=-0.4366412 nll=-0.439097 kl=0.002669346 consistency=0 lambda=0 beta=0.92 grad=72.98856 horizon=280 lifetime=[479,991] skipped=False
2026-08-30 12:53:19,268 | INFO | step=4610/20000 loss=-0.4467231 nll=-0.4500701 kl=0.003630057 consistency=0 lambda=0 beta=0.922 grad=39.64358 horizon=300 lifetime=[482,1045] skipped=False
2026-08-30 12:53:19,659 | INFO | step=4620/20000 loss=0.3751855 nll=0.3707414 kl=0.004809696 consistency=0 lambda=0 beta=0.924 grad=57.94594 horizon=280 lifetime=[510,1081] skipped=False
2026-08-30 12:53:20,033 | INFO | step=4630/20000 loss=-0.3115413 nll=-0.3141279 kl=0.002793288 consistency=0 lambda=0 beta=0.926 grad=70.16525 horizon=280 lifetime=[428,1858] skipped=False
2026-08-30 12:53:20,392 | INFO | step=4640/20000 loss=-0.1809026 nll=-0.1902584 kl=0.01008162 consistency=0 lambda=0 beta=0.928 grad=11.20576 horizon=280 lifetime=[455,1081] skipped=False
2026-08-30 12:53:20,783 | INFO | step=4650/20000 loss=-0.4579205 nll=-0.4630439 kl=0.00550903 consistency=0 lambda=0 beta=0.93 grad=25.31779 horizon=200 lifetime=[482,1055] skipped=False
2026-08-30 12:53:21,180 | INFO | step=4660/20000 loss=0.1062661 nll=0.09817898 kl=0.008677175 consistency=0 lambda=0 beta=0.932 grad=106.071 horizon=100 lifetime=[464,1081] skipped=False
2026-08-30 12:53:21,581 | INFO | step=4670/20000 loss=0.7294292 nll=0.7280266 kl=0.001501796 consistency=0 lambda=0 beta=0.934 grad=81.82746 horizon=200 lifetime=[437,988] skipped=False
2026-08-30 12:53:21,970 | INFO | step=4680/20000 loss=0.3060995 nll=0.2978479 kl=0.00881585 consistency=0 lambda=0 beta=0.936 grad=67.43452 horizon=120 lifetime=[539,1049] skipped=False
2026-08-30 12:53:22,359 | INFO | step=4690/20000 loss=0.1163669 nll=0.114299 kl=0.002204539 consistency=0 lambda=0 beta=0.938 grad=40.20528 horizon=160 lifetime=[464,1635] skipped=False
2026-08-30 12:53:22,760 | INFO | step=4700/20000 loss=-0.153372 nll=-0.1573689 kl=0.004252078 consistency=0 lambda=0 beta=0.94 grad=31.93698 horizon=180 lifetime=[458,1049] skipped=False
2026-08-30 12:53:23,149 | INFO | step=4710/20000 loss=-0.02803474 nll=-0.03233597 kl=0.004566064 consistency=0 lambda=0 beta=0.942 grad=62.80753 horizon=160 lifetime=[493,1038] skipped=False
2026-08-30 12:53:23,559 | INFO | step=4720/20000 loss=0.07554168 nll=0.07432583 kl=0.001287976 consistency=0 lambda=0 beta=0.944 grad=29.70787 horizon=180 lifetime=[443,1091] skipped=False
2026-08-30 12:53:23,949 | INFO | step=4730/20000 loss=0.2364301 nll=0.2341175 kl=0.002444562 consistency=0 lambda=0 beta=0.946 grad=53.30402 horizon=260 lifetime=[510,1858] skipped=False
2026-08-30 12:53:24,307 | INFO | step=4740/20000 loss=0.003169719 nll=-0.002876177 kl=0.006377527 consistency=0 lambda=0 beta=0.948 grad=33.03006 horizon=120 lifetime=[437,2154] skipped=False
2026-08-30 12:53:24,705 | INFO | step=4750/20000 loss=-0.03770779 nll=-0.04363206 kl=0.00623607 consistency=0 lambda=0 beta=0.95 grad=70.23471 horizon=240 lifetime=[464,1156] skipped=False
2026-08-30 12:53:25,080 | INFO | step=4760/20000 loss=0.1492802 nll=0.1456962 kl=0.003764736 consistency=0 lambda=0 beta=0.952 grad=19.41619 horizon=220 lifetime=[484,1052] skipped=False
2026-08-30 12:53:25,438 | INFO | step=4770/20000 loss=0.237145 nll=0.2289121 kl=0.008629892 consistency=0 lambda=0 beta=0.954 grad=84.34673 horizon=100 lifetime=[484,988] skipped=False
2026-08-30 12:53:25,802 | INFO | step=4780/20000 loss=0.095901 nll=0.0941464 kl=0.001835349 consistency=0 lambda=0 beta=0.956 grad=50.16763 horizon=160 lifetime=[453,1156] skipped=False
2026-08-30 12:53:26,214 | INFO | step=4790/20000 loss=-0.5459865 nll=-0.5489182 kl=0.003060246 consistency=0 lambda=0 beta=0.958 grad=103.4685 horizon=300 lifetime=[458,1076] skipped=False
2026-08-30 12:53:26,593 | INFO | step=4800/20000 loss=0.5925589 nll=0.5852339 kl=0.007630199 consistency=0 lambda=0 beta=0.96 grad=48.9307 horizon=120 lifetime=[443,938] skipped=False
2026-08-30 12:53:26,923 | INFO | step=4810/20000 loss=0.8141714 nll=0.8026531 kl=0.01197334 consistency=0 lambda=0 beta=0.962 grad=77.54248 horizon=120 lifetime=[729,2154] skipped=False
2026-08-30 12:53:27,332 | INFO | step=4820/20000 loss=0.06736352 nll=0.06560183 kl=0.00182749 consistency=0 lambda=0 beta=0.964 grad=65.0224 horizon=220 lifetime=[453,1932] skipped=False
2026-08-30 12:53:27,671 | INFO | step=4830/20000 loss=-0.3269204 nll=-0.3330321 kl=0.006326752 consistency=0 lambda=0 beta=0.966 grad=95.46379 horizon=220 lifetime=[455,1000] skipped=False
2026-08-30 12:53:28,040 | INFO | step=4840/20000 loss=0.3005345 nll=0.2969245 kl=0.003729353 consistency=0 lambda=0 beta=0.968 grad=24.36616 horizon=140 lifetime=[437,1076] skipped=False
2026-08-30 12:53:28,413 | INFO | step=4850/20000 loss=-0.3356806 nll=-0.3372039 kl=0.001570381 consistency=0 lambda=0 beta=0.97 grad=24.54268 horizon=220 lifetime=[461,1152] skipped=False
2026-08-30 12:53:28,806 | INFO | step=4860/20000 loss=0.02441432 nll=0.02037969 kl=0.004150847 consistency=0 lambda=0 beta=0.972 grad=55.59981 horizon=180 lifetime=[464,1076] skipped=False
2026-08-30 12:53:29,191 | INFO | step=4870/20000 loss=0.2664569 nll=0.2623506 kl=0.004215923 consistency=0 lambda=0 beta=0.974 grad=143.6683 horizon=240 lifetime=[455,1932] skipped=False
2026-08-30 12:53:29,597 | INFO | step=4880/20000 loss=-0.2619605 nll=-0.2692799 kl=0.00749935 consistency=0 lambda=0 beta=0.976 grad=71.6539 horizon=240 lifetime=[479,1052] skipped=False
2026-08-30 12:53:29,983 | INFO | step=4890/20000 loss=-0.3461218 nll=-0.3514432 kl=0.005441093 consistency=0 lambda=0 beta=0.978 grad=96.34029 horizon=240 lifetime=[462,1091] skipped=False
2026-08-30 12:53:30,383 | INFO | step=4900/20000 loss=-0.5731245 nll=-0.5753658 kl=0.00228701 consistency=0 lambda=0 beta=0.98 grad=42.30704 horizon=280 lifetime=[461,1081] skipped=False
2026-08-30 12:53:30,763 | INFO | step=4910/20000 loss=0.0662336 nll=0.05215934 kl=0.01433224 consistency=0 lambda=0 beta=0.982 grad=53.74842 horizon=100 lifetime=[486,1154] skipped=False
2026-08-30 12:53:31,179 | INFO | step=4920/20000 loss=0.3753793 nll=0.371329 kl=0.00411607 consistency=0 lambda=0 beta=0.984 grad=40.44582 horizon=140 lifetime=[559,1932] skipped=False
2026-08-30 12:53:31,558 | INFO | step=4930/20000 loss=-0.1745206 nll=-0.1775185 kl=0.003040407 consistency=0 lambda=0 beta=0.986 grad=22.81732 horizon=160 lifetime=[299,1081] skipped=False
2026-08-30 12:53:31,951 | INFO | step=4940/20000 loss=-0.5465707 nll=-0.5501989 kl=0.00367226 consistency=0 lambda=0 beta=0.988 grad=12.27319 horizon=140 lifetime=[470,1025] skipped=False
2026-08-30 12:53:32,325 | INFO | step=4950/20000 loss=-0.139562 nll=-0.1469007 kl=0.007412894 consistency=0 lambda=0 beta=0.99 grad=66.807 horizon=120 lifetime=[462,938] skipped=False
2026-08-30 12:53:32,690 | INFO | step=4960/20000 loss=-0.2845784 nll=-0.2896687 kl=0.005131415 consistency=0 lambda=0 beta=0.992 grad=102.7249 horizon=240 lifetime=[461,991] skipped=False
2026-08-30 12:53:33,067 | INFO | step=4970/20000 loss=-0.6300544 nll=-0.634168 kl=0.004138419 consistency=0 lambda=0 beta=0.994 grad=18.06899 horizon=300 lifetime=[467,871] skipped=False
2026-08-30 12:53:33,445 | INFO | step=4980/20000 loss=-0.03334785 nll=-0.0384528 kl=0.005125462 consistency=0 lambda=0 beta=0.996 grad=92.02979 horizon=160 lifetime=[428,1152] skipped=False
2026-08-30 12:53:33,829 | INFO | step=4990/20000 loss=-0.4301101 nll=-0.4329611 kl=0.002856715 consistency=0 lambda=0 beta=0.998 grad=58.66787 horizon=160 lifetime=[299,1152] skipped=False
2026-08-30 12:53:34,496 | INFO | validation step=5000 rmse=152.961 best=152.961@5000 stale=0/10
2026-08-30 12:53:34,496 | INFO | step=5000/20000 loss=1.100981 nll=1.096165 kl=0.004815714 consistency=0 lambda=0 beta=1 grad=144.0099 horizon=140 lifetime=[501,1858] skipped=False
2026-08-30 12:53:34,950 | INFO | step=5010/20000 loss=0.5666497 nll=0.5578356 kl=0.008814123 consistency=0 lambda=0 beta=1 grad=47.07535 horizon=100 lifetime=[458,1025] skipped=False
2026-08-30 12:53:35,320 | INFO | step=5020/20000 loss=-0.005603137 nll=-0.006933928 kl=0.00133079 consistency=0 lambda=0 beta=1 grad=33.61809 horizon=180 lifetime=[455,1091] skipped=False
2026-08-30 12:53:35,719 | INFO | step=5030/20000 loss=-0.4420285 nll=-0.4512082 kl=0.009179723 consistency=0 lambda=0 beta=1 grad=87.54172 horizon=160 lifetime=[486,930] skipped=False
2026-08-30 12:53:36,113 | INFO | step=5040/20000 loss=-0.332022 nll=-0.3348064 kl=0.002784486 consistency=0 lambda=0 beta=1 grad=57.53582 horizon=240 lifetime=[470,2154] skipped=False
2026-08-30 12:53:36,497 | INFO | step=5050/20000 loss=-0.2861639 nll=-0.288043 kl=0.001879081 consistency=0 lambda=0 beta=1 grad=27.82371 horizon=260 lifetime=[467,1154] skipped=False
2026-08-30 12:53:36,894 | INFO | step=5060/20000 loss=-0.06947578 nll=-0.07257071 kl=0.003094925 consistency=0 lambda=0 beta=1 grad=89.45193 horizon=160 lifetime=[484,988] skipped=False
2026-08-30 12:53:37,290 | INFO | step=5070/20000 loss=0.8621415 nll=0.8571525 kl=0.004989031 consistency=0 lambda=0 beta=1 grad=156.543 horizon=140 lifetime=[484,1932] skipped=False
2026-08-30 12:53:37,695 | INFO | step=5080/20000 loss=-0.09991109 nll=-0.1023355 kl=0.002424391 consistency=0 lambda=0 beta=1 grad=48.44762 horizon=140 lifetime=[299,1932] skipped=False
2026-08-30 12:53:38,144 | INFO | step=5090/20000 loss=-0.3387303 nll=-0.3434496 kl=0.00471928 consistency=0 lambda=0 beta=1 grad=48.60202 horizon=260 lifetime=[458,1055] skipped=False
2026-08-30 12:53:38,540 | INFO | step=5100/20000 loss=-0.6795544 nll=-0.6825121 kl=0.002957683 consistency=0 lambda=0 beta=1 grad=26.84169 horizon=260 lifetime=[443,2154] skipped=False
2026-08-30 12:53:38,943 | INFO | step=5110/20000 loss=0.0001094975 nll=-0.002684131 kl=0.002793629 consistency=0 lambda=0 beta=1 grad=175.3226 horizon=200 lifetime=[479,1007] skipped=False
2026-08-30 12:53:39,329 | INFO | step=5120/20000 loss=-0.3979248 nll=-0.4001765 kl=0.002251675 consistency=0 lambda=0 beta=1 grad=43.15414 horizon=260 lifetime=[470,2154] skipped=False
2026-08-30 12:53:39,693 | INFO | step=5130/20000 loss=0.2433688 nll=0.2406758 kl=0.002693031 consistency=0 lambda=0 beta=1 grad=17.65781 horizon=120 lifetime=[443,1858] skipped=False
2026-08-30 12:53:40,043 | INFO | step=5140/20000 loss=-0.5679201 nll=-0.5741286 kl=0.006208447 consistency=0 lambda=0 beta=1 grad=41.43197 horizon=220 lifetime=[486,1038] skipped=False
2026-08-30 12:53:40,483 | INFO | step=5150/20000 loss=0.1954309 nll=0.1932332 kl=0.002197706 consistency=0 lambda=0 beta=1 grad=111.4185 horizon=200 lifetime=[486,2154] skipped=False
2026-08-30 12:53:40,866 | INFO | step=5160/20000 loss=0.7564227 nll=0.752154 kl=0.004268697 consistency=0 lambda=0 beta=1 grad=80.10467 horizon=140 lifetime=[482,1015] skipped=False
2026-08-30 12:53:41,244 | INFO | step=5170/20000 loss=-0.7689611 nll=-0.7793754 kl=0.01041433 consistency=0 lambda=0 beta=1 grad=15.73319 horizon=180 lifetime=[428,794] skipped=False
2026-08-30 12:53:41,602 | INFO | step=5180/20000 loss=-0.4061446 nll=-0.4090958 kl=0.002951164 consistency=0 lambda=0 beta=1 grad=14.65143 horizon=160 lifetime=[437,1045] skipped=False
2026-08-30 12:53:41,982 | INFO | step=5190/20000 loss=0.2736211 nll=0.2625076 kl=0.01111352 consistency=0 lambda=0 beta=1 grad=27.37974 horizon=120 lifetime=[428,847] skipped=False
2026-08-30 12:53:42,350 | INFO | step=5200/20000 loss=-0.158298 nll=-0.1606417 kl=0.002343778 consistency=0 lambda=0 beta=1 grad=81.11629 horizon=220 lifetime=[486,1007] skipped=False
2026-08-30 12:53:42,702 | INFO | step=5210/20000 loss=0.6557366 nll=0.6452739 kl=0.01046267 consistency=0 lambda=0 beta=1 grad=68.00132 horizon=120 lifetime=[428,1012] skipped=False
2026-08-30 12:53:43,058 | INFO | step=5220/20000 loss=-0.6806256 nll=-0.6826165 kl=0.001990877 consistency=0 lambda=0 beta=1 grad=39.24548 horizon=260 lifetime=[428,988] skipped=False
2026-08-30 12:53:43,437 | INFO | step=5230/20000 loss=-0.3773985 nll=-0.3848455 kl=0.007447026 consistency=0 lambda=0 beta=1 grad=72.81823 horizon=280 lifetime=[428,863] skipped=False
2026-08-30 12:53:43,867 | INFO | step=5240/20000 loss=0.3029044 nll=0.297381 kl=0.005523382 consistency=0 lambda=0 beta=1 grad=23.89357 horizon=200 lifetime=[501,1932] skipped=False
2026-08-30 12:53:44,236 | INFO | step=5250/20000 loss=0.1495067 nll=0.145919 kl=0.003587656 consistency=0 lambda=0 beta=1 grad=36.57171 horizon=200 lifetime=[460,1858] skipped=False
2026-08-30 12:53:44,594 | INFO | step=5260/20000 loss=-0.5762469 nll=-0.5779172 kl=0.00167028 consistency=0 lambda=0 beta=1 grad=126.9736 horizon=240 lifetime=[443,1091] skipped=False
2026-08-30 12:53:45,006 | INFO | step=5270/20000 loss=0.1858108 nll=0.1820741 kl=0.003736684 consistency=0 lambda=0 beta=1 grad=48.23004 horizon=180 lifetime=[539,1858] skipped=False
2026-08-30 12:53:45,386 | INFO | step=5280/20000 loss=0.1834965 nll=0.1802526 kl=0.003243992 consistency=0 lambda=0 beta=1 grad=202.9275 horizon=240 lifetime=[455,1932] skipped=False
2026-08-30 12:53:45,750 | INFO | step=5290/20000 loss=-0.4500887 nll=-0.4529814 kl=0.002892707 consistency=0 lambda=0 beta=1 grad=52.00094 horizon=220 lifetime=[299,1007] skipped=False
2026-08-30 12:53:46,163 | INFO | step=5300/20000 loss=-0.6111616 nll=-0.612685 kl=0.001523316 consistency=0 lambda=0 beta=1 grad=39.9063 horizon=200 lifetime=[458,913] skipped=False
2026-08-30 12:53:46,555 | INFO | step=5310/20000 loss=-0.5791255 nll=-0.5809773 kl=0.001851715 consistency=0 lambda=0 beta=1 grad=50.90473 horizon=300 lifetime=[455,1091] skipped=False
2026-08-30 12:53:46,918 | INFO | step=5320/20000 loss=-0.2536434 nll=-0.2572064 kl=0.003563019 consistency=0 lambda=0 beta=1 grad=42.23828 horizon=120 lifetime=[437,913] skipped=False
2026-08-30 12:53:47,300 | INFO | step=5330/20000 loss=-0.09372468 nll=-0.09949097 kl=0.005766294 consistency=0 lambda=0 beta=1 grad=53.64569 horizon=120 lifetime=[491,814] skipped=False
2026-08-30 12:53:47,678 | INFO | step=5340/20000 loss=0.3240186 nll=0.3128552 kl=0.01116338 consistency=0 lambda=0 beta=1 grad=48.78886 horizon=120 lifetime=[597,1932] skipped=False
2026-08-30 12:53:48,054 | INFO | step=5350/20000 loss=-0.4903056 nll=-0.4917889 kl=0.001483306 consistency=0 lambda=0 beta=1 grad=46.02985 horizon=200 lifetime=[453,991] skipped=False
2026-08-30 12:53:48,448 | INFO | step=5360/20000 loss=-0.01219691 nll=-0.01814157 kl=0.005944658 consistency=0 lambda=0 beta=1 grad=40.01102 horizon=160 lifetime=[460,2154] skipped=False
2026-08-30 12:53:48,842 | INFO | step=5370/20000 loss=-0.6014758 nll=-0.6081111 kl=0.00663532 consistency=0 lambda=0 beta=1 grad=28.17192 horizon=280 lifetime=[470,1038] skipped=False
2026-08-30 12:53:49,251 | INFO | step=5380/20000 loss=-0.6716301 nll=-0.67477 kl=0.003139831 consistency=0 lambda=0 beta=1 grad=57.23727 horizon=240 lifetime=[486,1049] skipped=False
2026-08-30 12:53:49,618 | INFO | step=5390/20000 loss=-0.4169594 nll=-0.4211895 kl=0.004230105 consistency=0 lambda=0 beta=1 grad=25.50655 horizon=260 lifetime=[458,1055] skipped=False
2026-08-30 12:53:50,029 | INFO | step=5400/20000 loss=-0.5517805 nll=-0.5549234 kl=0.003142922 consistency=0 lambda=0 beta=1 grad=46.09695 horizon=260 lifetime=[460,1152] skipped=False
2026-08-30 12:53:50,383 | INFO | step=5410/20000 loss=0.1015221 nll=0.09583981 kl=0.005682312 consistency=0 lambda=0 beta=1 grad=60.68874 horizon=100 lifetime=[453,1038] skipped=False
2026-08-30 12:53:50,729 | INFO | step=5420/20000 loss=-0.6241847 nll=-0.6280269 kl=0.003842182 consistency=0 lambda=0 beta=1 grad=69.47544 horizon=180 lifetime=[443,814] skipped=False
2026-08-30 12:53:51,065 | INFO | step=5430/20000 loss=-0.4340227 nll=-0.4355984 kl=0.001575775 consistency=0 lambda=0 beta=1 grad=25.42116 horizon=220 lifetime=[437,1055] skipped=False
2026-08-30 12:53:51,417 | INFO | step=5440/20000 loss=-0.4750817 nll=-0.4802541 kl=0.005172489 consistency=0 lambda=0 beta=1 grad=24.2725 horizon=240 lifetime=[533,1052] skipped=False
2026-08-30 12:53:51,758 | INFO | step=5450/20000 loss=-0.5251709 nll=-0.5340072 kl=0.008836336 consistency=0 lambda=0 beta=1 grad=33.00882 horizon=140 lifetime=[437,1015] skipped=False
2026-08-30 12:53:52,168 | INFO | step=5460/20000 loss=-0.7592875 nll=-0.7618605 kl=0.002573021 consistency=0 lambda=0 beta=1 grad=112.0282 horizon=300 lifetime=[455,1007] skipped=False
2026-08-30 12:53:52,616 | INFO | step=5470/20000 loss=-0.08857287 nll=-0.09022558 kl=0.001652703 consistency=0 lambda=0 beta=1 grad=76.80855 horizon=260 lifetime=[461,988] skipped=False
2026-08-30 12:53:52,981 | INFO | step=5480/20000 loss=-0.06680466 nll=-0.06927397 kl=0.002469312 consistency=0 lambda=0 beta=1 grad=78.69194 horizon=260 lifetime=[484,828] skipped=False
2026-08-30 12:53:53,375 | INFO | step=5490/20000 loss=-0.1082495 nll=-0.1119054 kl=0.003655918 consistency=0 lambda=0 beta=1 grad=96.90201 horizon=140 lifetime=[453,1015] skipped=False
2026-08-30 12:53:53,982 | INFO | validation step=5500 rmse=160.8615 best=152.961@5000 stale=1/10
2026-08-30 12:53:53,982 | INFO | step=5500/20000 loss=-0.1572258 nll=-0.160891 kl=0.00366519 consistency=0 lambda=0 beta=1 grad=58.88163 horizon=160 lifetime=[498,1015] skipped=False
2026-08-30 12:53:54,392 | INFO | step=5510/20000 loss=0.1621788 nll=0.1568898 kl=0.005289013 consistency=0 lambda=0 beta=1 grad=72.46471 horizon=140 lifetime=[428,1635] skipped=False
2026-08-30 12:53:54,800 | INFO | step=5520/20000 loss=-0.1234569 nll=-0.1271593 kl=0.003702436 consistency=0 lambda=0 beta=1 grad=124.5139 horizon=200 lifetime=[560,1038] skipped=False
2026-08-30 12:53:55,197 | INFO | step=5530/20000 loss=0.02883235 nll=0.02678607 kl=0.00204628 consistency=0 lambda=0 beta=1 grad=52.44632 horizon=300 lifetime=[500,1154] skipped=False
2026-08-30 12:53:55,579 | INFO | step=5540/20000 loss=-0.1824094 nll=-0.187621 kl=0.00521163 consistency=0 lambda=0 beta=1 grad=20.93993 horizon=200 lifetime=[482,1045] skipped=False
2026-08-30 12:53:55,914 | INFO | step=5550/20000 loss=-0.1569937 nll=-0.1628415 kl=0.005847767 consistency=0 lambda=0 beta=1 grad=47.30801 horizon=140 lifetime=[497,1038] skipped=False
2026-08-30 12:53:56,305 | INFO | step=5560/20000 loss=0.2779785 nll=0.2730541 kl=0.004924446 consistency=0 lambda=0 beta=1 grad=110.1553 horizon=280 lifetime=[458,1156] skipped=False
2026-08-30 12:53:56,753 | INFO | step=5570/20000 loss=0.6102372 nll=0.6083897 kl=0.001847528 consistency=0 lambda=0 beta=1 grad=319.6301 horizon=260 lifetime=[458,1932] skipped=False
2026-08-30 12:53:57,141 | INFO | step=5580/20000 loss=-0.322029 nll=-0.3274734 kl=0.005444382 consistency=0 lambda=0 beta=1 grad=58.70568 horizon=180 lifetime=[508,1055] skipped=False
2026-08-30 12:53:57,563 | INFO | step=5590/20000 loss=-0.2375532 nll=-0.2393391 kl=0.001785867 consistency=0 lambda=0 beta=1 grad=62.07193 horizon=280 lifetime=[559,1076] skipped=False
2026-08-30 12:53:57,923 | INFO | step=5600/20000 loss=-0.2830708 nll=-0.2850412 kl=0.001970343 consistency=0 lambda=0 beta=1 grad=91.77366 horizon=220 lifetime=[461,1012] skipped=False
2026-08-30 12:53:58,332 | INFO | step=5610/20000 loss=0.07079456 nll=0.06731185 kl=0.003482709 consistency=0 lambda=0 beta=1 grad=36.99355 horizon=240 lifetime=[719,1156] skipped=False
2026-08-30 12:53:58,729 | INFO | step=5620/20000 loss=0.08642344 nll=0.08146678 kl=0.004956661 consistency=0 lambda=0 beta=1 grad=22.27397 horizon=120 lifetime=[607,2154] skipped=False
2026-08-30 12:53:59,104 | INFO | step=5630/20000 loss=-0.03147931 nll=-0.03737726 kl=0.00589795 consistency=0 lambda=0 beta=1 grad=57.66885 horizon=140 lifetime=[464,1156] skipped=False
2026-08-30 12:53:59,455 | INFO | step=5640/20000 loss=0.2604611 nll=0.2585295 kl=0.00193163 consistency=0 lambda=0 beta=1 grad=30.59348 horizon=100 lifetime=[497,1858] skipped=False
2026-08-30 12:53:59,821 | INFO | step=5650/20000 loss=-0.03185575 nll=-0.03629699 kl=0.004441239 consistency=0 lambda=0 beta=1 grad=57.71607 horizon=120 lifetime=[465,964] skipped=False
2026-08-30 12:54:00,175 | INFO | step=5660/20000 loss=-0.3632088 nll=-0.3657993 kl=0.002590512 consistency=0 lambda=0 beta=1 grad=21.96564 horizon=220 lifetime=[505,1858] skipped=False
2026-08-30 12:54:00,595 | INFO | step=5670/20000 loss=-0.3882735 nll=-0.3904833 kl=0.002209749 consistency=0 lambda=0 beta=1 grad=31.18917 horizon=260 lifetime=[453,1635] skipped=False
2026-08-30 12:54:00,996 | INFO | step=5680/20000 loss=-0.1189568 nll=-0.1235921 kl=0.004635312 consistency=0 lambda=0 beta=1 grad=73.69284 horizon=220 lifetime=[479,1025] skipped=False
2026-08-30 12:54:01,383 | INFO | step=5690/20000 loss=0.3515419 nll=0.3476332 kl=0.003908787 consistency=0 lambda=0 beta=1 grad=86.20643 horizon=120 lifetime=[498,1081] skipped=False
2026-08-30 12:54:01,742 | INFO | step=5700/20000 loss=-0.770925 nll=-0.7737381 kl=0.002813183 consistency=0 lambda=0 beta=1 grad=59.29458 horizon=180 lifetime=[428,847] skipped=False
2026-08-30 12:54:02,167 | INFO | step=5710/20000 loss=-0.4294914 nll=-0.4323776 kl=0.0028862 consistency=0 lambda=0 beta=1 grad=31.63349 horizon=220 lifetime=[460,1858] skipped=False
2026-08-30 12:54:02,558 | INFO | step=5720/20000 loss=-0.2728975 nll=-0.2824172 kl=0.009519667 consistency=0 lambda=0 beta=1 grad=81.00187 horizon=160 lifetime=[428,1635] skipped=False
2026-08-30 12:54:02,944 | INFO | step=5730/20000 loss=-0.6361448 nll=-0.6380744 kl=0.001929626 consistency=0 lambda=0 beta=1 grad=79.83342 horizon=300 lifetime=[467,915] skipped=False
2026-08-30 12:54:03,311 | INFO | step=5740/20000 loss=-0.3170219 nll=-0.3219738 kl=0.004951864 consistency=0 lambda=0 beta=1 grad=56.76794 horizon=120 lifetime=[437,1932] skipped=False
2026-08-30 12:54:03,713 | INFO | step=5750/20000 loss=-0.04285733 nll=-0.05107078 kl=0.008213446 consistency=0 lambda=0 beta=1 grad=39.87156 horizon=100 lifetime=[453,860] skipped=False
2026-08-30 12:54:04,093 | INFO | step=5760/20000 loss=-0.49756 nll=-0.5011446 kl=0.003584623 consistency=0 lambda=0 beta=1 grad=18.20236 horizon=300 lifetime=[465,1635] skipped=False
2026-08-30 12:54:04,463 | INFO | step=5770/20000 loss=-0.3030913 nll=-0.3055624 kl=0.002471112 consistency=0 lambda=0 beta=1 grad=90.27818 horizon=200 lifetime=[299,1007] skipped=False
2026-08-30 12:54:04,832 | INFO | step=5780/20000 loss=-0.7230178 nll=-0.7246107 kl=0.001592897 consistency=0 lambda=0 beta=1 grad=36.80809 horizon=200 lifetime=[461,1152] skipped=False
2026-08-30 12:54:05,179 | INFO | step=5790/20000 loss=-0.1869732 nll=-0.1901574 kl=0.003184162 consistency=0 lambda=0 beta=1 grad=106.9839 horizon=200 lifetime=[462,1000] skipped=False
2026-08-30 12:54:05,550 | INFO | step=5800/20000 loss=-0.1874716 nll=-0.194947 kl=0.007475439 consistency=0 lambda=0 beta=1 grad=72.79373 horizon=180 lifetime=[428,1055] skipped=False
2026-08-30 12:54:05,972 | INFO | step=5810/20000 loss=-0.685066 nll=-0.6870586 kl=0.001992561 consistency=0 lambda=0 beta=1 grad=35.45213 horizon=300 lifetime=[428,738] skipped=False
2026-08-30 12:54:06,323 | INFO | step=5820/20000 loss=-0.1349095 nll=-0.1369733 kl=0.00206387 consistency=0 lambda=0 beta=1 grad=78.48958 horizon=280 lifetime=[476,1858] skipped=False
2026-08-30 12:54:06,727 | INFO | step=5830/20000 loss=-0.03216217 nll=-0.03564049 kl=0.003478324 consistency=0 lambda=0 beta=1 grad=45.85371 horizon=140 lifetime=[443,836] skipped=False
2026-08-30 12:54:07,091 | INFO | step=5840/20000 loss=0.3922999 nll=0.387154 kl=0.005145889 consistency=0 lambda=0 beta=1 grad=35.81601 horizon=120 lifetime=[458,1858] skipped=False
2026-08-30 12:54:07,489 | INFO | step=5850/20000 loss=-0.6922268 nll=-0.6947303 kl=0.002503499 consistency=0 lambda=0 beta=1 grad=53.06549 horizon=300 lifetime=[464,988] skipped=False
2026-08-30 12:54:07,886 | INFO | step=5860/20000 loss=0.7637053 nll=0.7617523 kl=0.001952939 consistency=0 lambda=0 beta=1 grad=101.5026 horizon=220 lifetime=[677,2154] skipped=False
2026-08-30 12:54:08,323 | INFO | step=5870/20000 loss=-0.6435298 nll=-0.6450443 kl=0.00151448 consistency=0 lambda=0 beta=1 grad=31.88191 horizon=300 lifetime=[460,826] skipped=False
2026-08-30 12:54:08,697 | INFO | step=5880/20000 loss=0.3843451 nll=0.3782135 kl=0.006131585 consistency=0 lambda=0 beta=1 grad=24.4947 horizon=140 lifetime=[607,2154] skipped=False
2026-08-30 12:54:09,096 | INFO | step=5890/20000 loss=-0.547875 nll=-0.5542168 kl=0.006341754 consistency=0 lambda=0 beta=1 grad=19.43068 horizon=120 lifetime=[443,1091] skipped=False
2026-08-30 12:54:09,520 | INFO | step=5900/20000 loss=-0.7336472 nll=-0.7352102 kl=0.001562992 consistency=0 lambda=0 beta=1 grad=27.71642 horizon=180 lifetime=[479,1156] skipped=False
2026-08-30 12:54:09,885 | INFO | step=5910/20000 loss=-0.5711819 nll=-0.5746473 kl=0.003465399 consistency=0 lambda=0 beta=1 grad=39.60538 horizon=300 lifetime=[470,1012] skipped=False
2026-08-30 12:54:10,280 | INFO | step=5920/20000 loss=-0.3380113 nll=-0.3400705 kl=0.002059281 consistency=0 lambda=0 beta=1 grad=75.23753 horizon=280 lifetime=[428,1025] skipped=False
2026-08-30 12:54:10,689 | INFO | step=5930/20000 loss=-0.7297144 nll=-0.7318147 kl=0.002100362 consistency=0 lambda=0 beta=1 grad=31.25851 horizon=200 lifetime=[299,938] skipped=False
2026-08-30 12:54:11,068 | INFO | step=5940/20000 loss=-0.7123256 nll=-0.7153332 kl=0.003007665 consistency=0 lambda=0 beta=1 grad=51.4634 horizon=300 lifetime=[443,1076] skipped=False
2026-08-30 12:54:11,456 | INFO | step=5950/20000 loss=-0.7330407 nll=-0.7364269 kl=0.003386233 consistency=0 lambda=0 beta=1 grad=67.39856 horizon=280 lifetime=[470,1045] skipped=False
2026-08-30 12:54:11,859 | INFO | step=5960/20000 loss=-0.4264282 nll=-0.4292575 kl=0.002829269 consistency=0 lambda=0 beta=1 grad=31.82911 horizon=300 lifetime=[476,1154] skipped=False
2026-08-30 12:54:12,222 | INFO | step=5970/20000 loss=-0.64684 nll=-0.6477982 kl=0.0009582154 consistency=0 lambda=0 beta=1 grad=39.86901 horizon=240 lifetime=[428,909] skipped=False
2026-08-30 12:54:12,648 | INFO | step=5980/20000 loss=-0.172073 nll=-0.175445 kl=0.003372032 consistency=0 lambda=0 beta=1 grad=29.38504 horizon=120 lifetime=[482,1052] skipped=False
2026-08-30 12:54:13,027 | INFO | step=5990/20000 loss=-0.5269713 nll=-0.5293568 kl=0.002385495 consistency=0 lambda=0 beta=1 grad=102.9638 horizon=200 lifetime=[437,1635] skipped=False
2026-08-30 12:54:13,685 | INFO | validation step=6000 rmse=154.0948 best=152.961@5000 stale=2/10
2026-08-30 12:54:13,685 | INFO | step=6000/20000 loss=0.2495042 nll=0.2478468 kl=0.001657387 consistency=0 lambda=0 beta=1 grad=155.7097 horizon=120 lifetime=[437,1932] skipped=False
2026-08-30 12:54:14,115 | INFO | step=6010/20000 loss=-0.3370164 nll=-0.3390175 kl=0.002001017 consistency=0 lambda=0 beta=1 grad=165.2052 horizon=260 lifetime=[559,1932] skipped=False
2026-08-30 12:54:14,531 | INFO | step=6020/20000 loss=-0.6694306 nll=-0.671373 kl=0.001942471 consistency=0 lambda=0 beta=1 grad=28.12142 horizon=300 lifetime=[479,1081] skipped=False
2026-08-30 12:54:14,907 | INFO | step=6030/20000 loss=0.5596217 nll=0.5575327 kl=0.002088951 consistency=0 lambda=0 beta=1 grad=76.80733 horizon=120 lifetime=[455,1635] skipped=False
2026-08-30 12:54:15,281 | INFO | step=6040/20000 loss=-0.5576282 nll=-0.5594018 kl=0.001773607 consistency=0 lambda=0 beta=1 grad=62.16221 horizon=260 lifetime=[428,1081] skipped=False
2026-08-30 12:54:15,642 | INFO | step=6050/20000 loss=0.5615268 nll=0.5539804 kl=0.007546403 consistency=0 lambda=0 beta=1 grad=39.18705 horizon=100 lifetime=[486,1049] skipped=False
2026-08-30 12:54:16,037 | INFO | step=6060/20000 loss=0.2193391 nll=0.2167425 kl=0.002596626 consistency=0 lambda=0 beta=1 grad=82.36855 horizon=220 lifetime=[462,1152] skipped=False
2026-08-30 12:54:16,437 | INFO | step=6070/20000 loss=-0.6336392 nll=-0.6372758 kl=0.003636535 consistency=0 lambda=0 beta=1 grad=61.39493 horizon=260 lifetime=[498,1049] skipped=False
2026-08-30 12:54:16,829 | INFO | step=6080/20000 loss=-0.5695081 nll=-0.5709853 kl=0.001477178 consistency=0 lambda=0 beta=1 grad=60.77797 horizon=240 lifetime=[458,1156] skipped=False
2026-08-30 12:54:17,227 | INFO | step=6090/20000 loss=0.5705388 nll=0.5686893 kl=0.001849478 consistency=0 lambda=0 beta=1 grad=144.3447 horizon=140 lifetime=[443,1081] skipped=False
2026-08-30 12:54:17,627 | INFO | step=6100/20000 loss=0.1991142 nll=0.1954879 kl=0.003626249 consistency=0 lambda=0 beta=1 grad=45.93864 horizon=220 lifetime=[443,1635] skipped=False
2026-08-30 12:54:17,989 | INFO | step=6110/20000 loss=-0.06514351 nll=-0.07457103 kl=0.009427514 consistency=0 lambda=0 beta=1 grad=41.97217 horizon=120 lifetime=[428,2154] skipped=False
2026-08-30 12:54:18,390 | INFO | step=6120/20000 loss=-0.5760626 nll=-0.5791752 kl=0.003112596 consistency=0 lambda=0 beta=1 grad=56.70558 horizon=240 lifetime=[534,794] skipped=False
2026-08-30 12:54:18,773 | INFO | step=6130/20000 loss=-0.6333429 nll=-0.6369728 kl=0.003629878 consistency=0 lambda=0 beta=1 grad=62.54613 horizon=160 lifetime=[467,1049] skipped=False
2026-08-30 12:54:19,187 | INFO | step=6140/20000 loss=-0.8167311 nll=-0.8194734 kl=0.0027423 consistency=0 lambda=0 beta=1 grad=63.00737 horizon=160 lifetime=[428,1045] skipped=False
2026-08-30 12:54:19,558 | INFO | step=6150/20000 loss=0.01752244 nll=0.01502413 kl=0.00249831 consistency=0 lambda=0 beta=1 grad=65.83641 horizon=240 lifetime=[597,1156] skipped=False
2026-08-30 12:54:19,917 | INFO | step=6160/20000 loss=0.1647272 nll=0.1582699 kl=0.006457292 consistency=0 lambda=0 beta=1 grad=99.70669 horizon=100 lifetime=[493,988] skipped=False
2026-08-30 12:54:20,317 | INFO | step=6170/20000 loss=-0.4294547 nll=-0.4317385 kl=0.002283782 consistency=0 lambda=0 beta=1 grad=27.59525 horizon=200 lifetime=[428,1932] skipped=False
2026-08-30 12:54:20,861 | INFO | step=6180/20000 loss=-0.3990807 nll=-0.4016339 kl=0.002553189 consistency=0 lambda=0 beta=1 grad=24.26438 horizon=200 lifetime=[299,1635] skipped=False
2026-08-30 12:54:21,246 | INFO | step=6190/20000 loss=-0.6818746 nll=-0.6841612 kl=0.002286594 consistency=0 lambda=0 beta=1 grad=26.78194 horizon=260 lifetime=[299,1156] skipped=False
2026-08-30 12:54:21,625 | INFO | step=6200/20000 loss=0.02301837 nll=0.02023423 kl=0.002784144 consistency=0 lambda=0 beta=1 grad=129.9816 horizon=260 lifetime=[486,1000] skipped=False
2026-08-30 12:54:22,005 | INFO | step=6210/20000 loss=-0.2846918 nll=-0.2866157 kl=0.001923915 consistency=0 lambda=0 beta=1 grad=48.29531 horizon=140 lifetime=[428,1858] skipped=False
2026-08-30 12:54:22,422 | INFO | step=6220/20000 loss=-0.5675591 nll=-0.5688744 kl=0.001315285 consistency=0 lambda=0 beta=1 grad=81.16301 horizon=300 lifetime=[458,1932] skipped=False
2026-08-30 12:54:22,820 | INFO | step=6230/20000 loss=0.01579292 nll=0.01262408 kl=0.003168837 consistency=0 lambda=0 beta=1 grad=95.001 horizon=160 lifetime=[500,1152] skipped=False
2026-08-30 12:54:23,246 | INFO | step=6240/20000 loss=-0.35332 nll=-0.3579467 kl=0.004626758 consistency=0 lambda=0 beta=1 grad=110.9606 horizon=180 lifetime=[500,858] skipped=False
2026-08-30 12:54:23,623 | INFO | step=6250/20000 loss=-0.5192683 nll=-0.5214707 kl=0.002202346 consistency=0 lambda=0 beta=1 grad=28.14008 horizon=200 lifetime=[476,1156] skipped=False
2026-08-30 12:54:24,025 | INFO | step=6260/20000 loss=0.1381582 nll=0.1352493 kl=0.002908904 consistency=0 lambda=0 beta=1 grad=49.99591 horizon=140 lifetime=[486,2154] skipped=False
2026-08-30 12:54:24,385 | INFO | step=6270/20000 loss=-0.5019246 nll=-0.5046104 kl=0.002685755 consistency=0 lambda=0 beta=1 grad=70.66929 horizon=160 lifetime=[460,1081] skipped=False
2026-08-30 12:54:24,826 | INFO | step=6280/20000 loss=-0.334518 nll=-0.3364553 kl=0.001937246 consistency=0 lambda=0 beta=1 grad=63.03465 horizon=300 lifetime=[479,964] skipped=False
2026-08-30 12:54:25,257 | INFO | step=6290/20000 loss=-0.2075326 nll=-0.2106566 kl=0.003123979 consistency=0 lambda=0 beta=1 grad=70.78928 horizon=260 lifetime=[747,1152] skipped=False
2026-08-30 12:54:25,654 | INFO | step=6300/20000 loss=-0.5265753 nll=-0.5301929 kl=0.003617556 consistency=0 lambda=0 beta=1 grad=40.92886 horizon=220 lifetime=[443,1858] skipped=False
2026-08-30 12:54:26,055 | INFO | step=6310/20000 loss=0.1061476 nll=0.1039491 kl=0.002198524 consistency=0 lambda=0 beta=1 grad=179.7364 horizon=220 lifetime=[476,1635] skipped=False
2026-08-30 12:54:26,443 | INFO | step=6320/20000 loss=0.1110156 nll=0.1056015 kl=0.005414125 consistency=0 lambda=0 beta=1 grad=66.23666 horizon=180 lifetime=[729,1156] skipped=False
2026-08-30 12:54:26,849 | INFO | step=6330/20000 loss=-0.5194819 nll=-0.5216433 kl=0.002161395 consistency=0 lambda=0 beta=1 grad=58.99358 horizon=280 lifetime=[428,1154] skipped=False
2026-08-30 12:54:27,202 | INFO | step=6340/20000 loss=-0.2358725 nll=-0.2443308 kl=0.008458238 consistency=0 lambda=0 beta=1 grad=74.58794 horizon=140 lifetime=[443,1049] skipped=False
2026-08-30 12:54:27,587 | INFO | step=6350/20000 loss=0.3218699 nll=0.3152185 kl=0.00665142 consistency=0 lambda=0 beta=1 grad=38.10551 horizon=140 lifetime=[147,1932] skipped=False
2026-08-30 12:54:27,994 | INFO | step=6360/20000 loss=-0.09815574 nll=-0.09940591 kl=0.001250163 consistency=0 lambda=0 beta=1 grad=85.02026 horizon=180 lifetime=[476,2154] skipped=False
2026-08-30 12:54:28,358 | INFO | step=6370/20000 loss=0.2064641 nll=0.2029779 kl=0.003486201 consistency=0 lambda=0 beta=1 grad=84.62826 horizon=180 lifetime=[443,1635] skipped=False
2026-08-30 12:54:28,735 | INFO | step=6380/20000 loss=-0.3369082 nll=-0.345392 kl=0.008483805 consistency=0 lambda=0 beta=1 grad=62.67778 horizon=300 lifetime=[476,1635] skipped=False
2026-08-30 12:54:29,094 | INFO | step=6390/20000 loss=-0.08253126 nll=-0.08893348 kl=0.006402224 consistency=0 lambda=0 beta=1 grad=91.7986 horizon=260 lifetime=[465,2154] skipped=False
2026-08-30 12:54:29,504 | INFO | step=6400/20000 loss=-0.3072408 nll=-0.3090684 kl=0.001827639 consistency=0 lambda=0 beta=1 grad=131.0118 horizon=200 lifetime=[505,1007] skipped=False
2026-08-30 12:54:29,903 | INFO | step=6410/20000 loss=-0.2057028 nll=-0.2098898 kl=0.004187095 consistency=0 lambda=0 beta=1 grad=69.31684 horizon=240 lifetime=[458,1932] skipped=False
2026-08-30 12:54:30,296 | INFO | step=6420/20000 loss=-0.290849 nll=-0.292604 kl=0.00175496 consistency=0 lambda=0 beta=1 grad=83.29076 horizon=220 lifetime=[443,1012] skipped=False
2026-08-30 12:54:30,652 | INFO | step=6430/20000 loss=-0.8370415 nll=-0.8386984 kl=0.001656897 consistency=0 lambda=0 beta=1 grad=38.02689 horizon=180 lifetime=[428,1055] skipped=False
2026-08-30 12:54:31,030 | INFO | step=6440/20000 loss=0.0545635 nll=0.05306613 kl=0.001497369 consistency=0 lambda=0 beta=1 grad=34.2995 horizon=140 lifetime=[461,2154] skipped=False
2026-08-30 12:54:31,383 | INFO | step=6450/20000 loss=-0.4621246 nll=-0.4632924 kl=0.001167785 consistency=0 lambda=0 beta=1 grad=80.05119 horizon=240 lifetime=[460,1635] skipped=False
2026-08-30 12:54:31,743 | INFO | step=6460/20000 loss=-0.7838871 nll=-0.7878354 kl=0.003948241 consistency=0 lambda=0 beta=1 grad=17.48642 horizon=300 lifetime=[460,1156] skipped=False
2026-08-30 12:54:32,133 | INFO | step=6470/20000 loss=-0.2346101 nll=-0.2388655 kl=0.004255399 consistency=0 lambda=0 beta=1 grad=62.33595 horizon=180 lifetime=[497,1932] skipped=False
2026-08-30 12:54:32,496 | INFO | step=6480/20000 loss=-0.3756312 nll=-0.3804249 kl=0.004793808 consistency=0 lambda=0 beta=1 grad=57.66769 horizon=260 lifetime=[299,1045] skipped=False
2026-08-30 12:54:32,872 | INFO | step=6490/20000 loss=1.107384 nll=1.104275 kl=0.003108857 consistency=0 lambda=0 beta=1 grad=234.5167 horizon=240 lifetime=[461,1156] skipped=False
2026-08-30 12:54:33,525 | INFO | validation step=6500 rmse=127.8805 best=127.8805@6500 stale=0/10
2026-08-30 12:54:33,525 | INFO | step=6500/20000 loss=-0.2806864 nll=-0.2845303 kl=0.003843889 consistency=0 lambda=0 beta=1 grad=25.16473 horizon=140 lifetime=[443,1858] skipped=False
2026-08-30 12:54:33,918 | INFO | step=6510/20000 loss=0.2171949 nll=0.2068921 kl=0.01030275 consistency=0 lambda=0 beta=1 grad=49.84423 horizon=120 lifetime=[484,1055] skipped=False
2026-08-30 12:54:34,307 | INFO | step=6520/20000 loss=-0.5643073 nll=-0.5680804 kl=0.003773067 consistency=0 lambda=0 beta=1 grad=41.91768 horizon=160 lifetime=[453,1858] skipped=False
2026-08-30 12:54:34,736 | INFO | step=6530/20000 loss=-0.7142575 nll=-0.7168742 kl=0.002616767 consistency=0 lambda=0 beta=1 grad=28.90143 horizon=280 lifetime=[508,1091] skipped=False
2026-08-30 12:54:35,104 | INFO | step=6540/20000 loss=-0.8135547 nll=-0.8168018 kl=0.00324709 consistency=0 lambda=0 beta=1 grad=14.75757 horizon=180 lifetime=[428,2154] skipped=False
2026-08-30 12:54:35,501 | INFO | step=6550/20000 loss=-0.08467068 nll=-0.08827344 kl=0.00360276 consistency=0 lambda=0 beta=1 grad=39.6063 horizon=220 lifetime=[470,1635] skipped=False
2026-08-30 12:54:35,916 | INFO | step=6560/20000 loss=-0.8187009 nll=-0.820497 kl=0.001796106 consistency=0 lambda=0 beta=1 grad=140.2645 horizon=140 lifetime=[460,1038] skipped=False
2026-08-30 12:54:36,286 | INFO | step=6570/20000 loss=0.3441701 nll=0.3420388 kl=0.002131265 consistency=0 lambda=0 beta=1 grad=38.13078 horizon=100 lifetime=[498,1076] skipped=False
2026-08-30 12:54:36,662 | INFO | step=6580/20000 loss=-1.208265 nll=-1.211082 kl=0.002816979 consistency=0 lambda=0 beta=1 grad=23.54864 horizon=300 lifetime=[443,875] skipped=False
2026-08-30 12:54:37,047 | INFO | step=6590/20000 loss=-1.02707 nll=-1.031239 kl=0.004169617 consistency=0 lambda=0 beta=1 grad=56.94379 horizon=260 lifetime=[299,1049] skipped=False
2026-08-30 12:54:37,407 | INFO | step=6600/20000 loss=0.1709006 nll=0.169005 kl=0.001895625 consistency=0 lambda=0 beta=1 grad=85.79926 horizon=260 lifetime=[458,1045] skipped=False
2026-08-30 12:54:37,793 | INFO | step=6610/20000 loss=-0.5038583 nll=-0.5062419 kl=0.00238356 consistency=0 lambda=0 beta=1 grad=56.75819 horizon=180 lifetime=[458,2154] skipped=False
2026-08-30 12:54:38,123 | INFO | step=6620/20000 loss=0.3629237 nll=0.360509 kl=0.002414694 consistency=0 lambda=0 beta=1 grad=114.6879 horizon=160 lifetime=[462,1635] skipped=False
2026-08-30 12:54:38,509 | INFO | step=6630/20000 loss=0.281613 nll=0.2773609 kl=0.004252092 consistency=0 lambda=0 beta=1 grad=145.957 horizon=180 lifetime=[493,2154] skipped=False
2026-08-30 12:54:38,893 | INFO | step=6640/20000 loss=-0.2335959 nll=-0.2345528 kl=0.0009569004 consistency=0 lambda=0 beta=1 grad=142.9007 horizon=280 lifetime=[443,1932] skipped=False
2026-08-30 12:54:39,296 | INFO | step=6650/20000 loss=-0.6641501 nll=-0.6676789 kl=0.003528804 consistency=0 lambda=0 beta=1 grad=88.82759 horizon=220 lifetime=[299,1076] skipped=False
2026-08-30 12:54:39,678 | INFO | step=6660/20000 loss=-0.5421845 nll=-0.5463976 kl=0.004213117 consistency=0 lambda=0 beta=1 grad=62.23718 horizon=260 lifetime=[559,1055] skipped=False
2026-08-30 12:54:40,039 | INFO | step=6670/20000 loss=-0.5842522 nll=-0.5870783 kl=0.002826175 consistency=0 lambda=0 beta=1 grad=49.54037 horizon=200 lifetime=[299,2154] skipped=False
2026-08-30 12:54:40,393 | INFO | step=6680/20000 loss=-0.7407823 nll=-0.7453635 kl=0.004581284 consistency=0 lambda=0 beta=1 grad=86.89508 horizon=240 lifetime=[428,860] skipped=False
2026-08-30 12:54:40,803 | INFO | step=6690/20000 loss=0.3234457 nll=0.3157927 kl=0.007653054 consistency=0 lambda=0 beta=1 grad=49.82901 horizon=100 lifetime=[484,2154] skipped=False
2026-08-30 12:54:41,190 | INFO | step=6700/20000 loss=-0.2576978 nll=-0.2596155 kl=0.001917728 consistency=0 lambda=0 beta=1 grad=44.26304 horizon=160 lifetime=[428,2154] skipped=False
2026-08-30 12:54:41,576 | INFO | step=6710/20000 loss=0.110191 nll=0.1065996 kl=0.003591415 consistency=0 lambda=0 beta=1 grad=14.11313 horizon=160 lifetime=[467,2154] skipped=False
2026-08-30 12:54:41,962 | INFO | step=6720/20000 loss=0.4094236 nll=0.4057863 kl=0.003637355 consistency=0 lambda=0 beta=1 grad=97.2449 horizon=220 lifetime=[299,2154] skipped=False
2026-08-30 12:54:42,357 | INFO | step=6730/20000 loss=0.8202679 nll=0.8170477 kl=0.003220189 consistency=0 lambda=0 beta=1 grad=81.36707 horizon=100 lifetime=[470,1152] skipped=False
2026-08-30 12:54:42,728 | INFO | step=6740/20000 loss=-0.5609547 nll=-0.5648057 kl=0.003850982 consistency=0 lambda=0 beta=1 grad=42.62271 horizon=220 lifetime=[559,915] skipped=False
2026-08-30 12:54:43,096 | INFO | step=6750/20000 loss=-0.8618961 nll=-0.865079 kl=0.003182873 consistency=0 lambda=0 beta=1 grad=22.37663 horizon=260 lifetime=[437,858] skipped=False
2026-08-30 12:54:43,481 | INFO | step=6760/20000 loss=-0.005065001 nll=-0.008633807 kl=0.003568807 consistency=0 lambda=0 beta=1 grad=102.0545 horizon=100 lifetime=[428,1038] skipped=False
2026-08-30 12:54:43,840 | INFO | step=6770/20000 loss=-0.1139891 nll=-0.1189304 kl=0.004941262 consistency=0 lambda=0 beta=1 grad=172.1046 horizon=220 lifetime=[486,1635] skipped=False
2026-08-30 12:54:44,270 | INFO | step=6780/20000 loss=-0.7981708 nll=-0.8000298 kl=0.001858942 consistency=0 lambda=0 beta=1 grad=31.2431 horizon=220 lifetime=[443,1076] skipped=False
2026-08-30 12:54:44,668 | INFO | step=6790/20000 loss=-0.1348145 nll=-0.1367178 kl=0.001903202 consistency=0 lambda=0 beta=1 grad=89.2076 horizon=180 lifetime=[470,1049] skipped=False
2026-08-30 12:54:45,083 | INFO | step=6800/20000 loss=0.3943942 nll=0.3922138 kl=0.002180398 consistency=0 lambda=0 beta=1 grad=167.3922 horizon=260 lifetime=[476,1635] skipped=False
2026-08-30 12:54:45,455 | INFO | step=6810/20000 loss=-0.6265792 nll=-0.6298667 kl=0.003287461 consistency=0 lambda=0 beta=1 grad=40.61538 horizon=180 lifetime=[479,1052] skipped=False
2026-08-30 12:54:45,852 | INFO | step=6820/20000 loss=-0.09123506 nll=-0.09359202 kl=0.002356965 consistency=0 lambda=0 beta=1 grad=18.84558 horizon=180 lifetime=[559,1858] skipped=False
2026-08-30 12:54:46,218 | INFO | step=6830/20000 loss=-0.4081463 nll=-0.4128696 kl=0.004723348 consistency=0 lambda=0 beta=1 grad=94.67915 horizon=200 lifetime=[560,1156] skipped=False
2026-08-30 12:54:46,598 | INFO | step=6840/20000 loss=-0.1985736 nll=-0.2008632 kl=0.002289608 consistency=0 lambda=0 beta=1 grad=56.55647 horizon=180 lifetime=[443,991] skipped=False
2026-08-30 12:54:46,994 | INFO | step=6850/20000 loss=-0.3409073 nll=-0.3437613 kl=0.002853952 consistency=0 lambda=0 beta=1 grad=95.79919 horizon=300 lifetime=[453,1091] skipped=False
2026-08-30 12:54:47,383 | INFO | step=6860/20000 loss=-0.9491788 nll=-0.950653 kl=0.001474187 consistency=0 lambda=0 beta=1 grad=26.73128 horizon=280 lifetime=[479,1025] skipped=False
2026-08-30 12:54:47,773 | INFO | step=6870/20000 loss=0.3056248 nll=0.3014464 kl=0.004178386 consistency=0 lambda=0 beta=1 grad=37.91414 horizon=100 lifetime=[470,1156] skipped=False
2026-08-30 12:54:48,139 | INFO | step=6880/20000 loss=-0.1385283 nll=-0.1401054 kl=0.001577042 consistency=0 lambda=0 beta=1 grad=149.3052 horizon=220 lifetime=[484,1635] skipped=False
2026-08-30 12:54:48,515 | INFO | step=6890/20000 loss=0.7764053 nll=0.7733241 kl=0.003081225 consistency=0 lambda=0 beta=1 grad=89.28764 horizon=300 lifetime=[491,930] skipped=False
2026-08-30 12:54:48,929 | INFO | step=6900/20000 loss=0.5795923 nll=0.5656563 kl=0.01393603 consistency=0 lambda=0 beta=1 grad=44.2377 horizon=100 lifetime=[147,2154] skipped=False
2026-08-30 12:54:49,297 | INFO | step=6910/20000 loss=-0.06548203 nll=-0.06869131 kl=0.003209278 consistency=0 lambda=0 beta=1 grad=84.98963 horizon=280 lifetime=[510,2154] skipped=False
2026-08-30 12:54:49,679 | INFO | step=6920/20000 loss=0.2734633 nll=0.2679218 kl=0.005541503 consistency=0 lambda=0 beta=1 grad=22.37314 horizon=100 lifetime=[476,2154] skipped=False
2026-08-30 12:54:50,070 | INFO | step=6930/20000 loss=-0.2596644 nll=-0.2639588 kl=0.004294356 consistency=0 lambda=0 beta=1 grad=24.72389 horizon=100 lifetime=[460,1045] skipped=False
2026-08-30 12:54:50,492 | INFO | step=6940/20000 loss=-0.8783001 nll=-0.879741 kl=0.00144086 consistency=0 lambda=0 beta=1 grad=65.54189 horizon=240 lifetime=[455,1045] skipped=False
2026-08-30 12:54:50,860 | INFO | step=6950/20000 loss=-0.1688543 nll=-0.1705638 kl=0.001709536 consistency=0 lambda=0 beta=1 grad=75.11678 horizon=140 lifetime=[539,1049] skipped=False
2026-08-30 12:54:51,222 | INFO | step=6960/20000 loss=0.2666257 nll=0.2642958 kl=0.002329879 consistency=0 lambda=0 beta=1 grad=35.94404 horizon=100 lifetime=[455,1049] skipped=False
2026-08-30 12:54:51,657 | INFO | step=6970/20000 loss=-0.5220811 nll=-0.5253641 kl=0.003283039 consistency=0 lambda=0 beta=1 grad=147.6835 horizon=300 lifetime=[476,1015] skipped=False
2026-08-30 12:54:51,991 | INFO | step=6980/20000 loss=0.1824718 nll=0.1785441 kl=0.003927633 consistency=0 lambda=0 beta=1 grad=29.62554 horizon=180 lifetime=[453,2154] skipped=False
2026-08-30 12:54:52,370 | INFO | step=6990/20000 loss=0.3140048 nll=0.3108112 kl=0.003193639 consistency=0 lambda=0 beta=1 grad=89.01857 horizon=180 lifetime=[299,1858] skipped=False
2026-08-30 12:54:53,033 | INFO | validation step=7000 rmse=143.9077 best=127.8805@6500 stale=1/10
2026-08-30 12:54:53,033 | INFO | step=7000/20000 loss=-0.7025946 nll=-0.705641 kl=0.003046364 consistency=0 lambda=0 beta=1 grad=54.46532 horizon=280 lifetime=[299,1081] skipped=False
2026-08-30 12:54:53,506 | INFO | step=7010/20000 loss=-0.193231 nll=-0.1993099 kl=0.006078973 consistency=0 lambda=0 beta=1 grad=58.90116 horizon=300 lifetime=[479,1000] skipped=False
2026-08-30 12:54:53,904 | INFO | step=7020/20000 loss=-0.4524012 nll=-0.4550037 kl=0.002602547 consistency=0 lambda=0 beta=1 grad=47.17301 horizon=220 lifetime=[299,1154] skipped=False
2026-08-30 12:54:54,269 | INFO | step=7030/20000 loss=0.1843396 nll=0.1808472 kl=0.0034924 consistency=0 lambda=0 beta=1 grad=341.1992 horizon=300 lifetime=[461,704] skipped=False
2026-08-30 12:54:54,641 | INFO | step=7040/20000 loss=-0.7863091 nll=-0.7873706 kl=0.001061469 consistency=0 lambda=0 beta=1 grad=102.9303 horizon=260 lifetime=[464,930] skipped=False
2026-08-30 12:54:55,040 | INFO | step=7050/20000 loss=0.2266374 nll=0.2221798 kl=0.004457653 consistency=0 lambda=0 beta=1 grad=62.70272 horizon=260 lifetime=[458,1156] skipped=False
2026-08-30 12:54:55,395 | INFO | step=7060/20000 loss=-0.0673594 nll=-0.06941259 kl=0.002053194 consistency=0 lambda=0 beta=1 grad=234.0619 horizon=200 lifetime=[479,1156] skipped=False
2026-08-30 12:54:55,776 | INFO | step=7070/20000 loss=0.3257334 nll=0.3220955 kl=0.003637895 consistency=0 lambda=0 beta=1 grad=77.47482 horizon=300 lifetime=[458,1052] skipped=False
2026-08-30 12:54:56,244 | INFO | step=7080/20000 loss=-0.6315657 nll=-0.6350356 kl=0.003469974 consistency=0 lambda=0 beta=1 grad=70.63025 horizon=200 lifetime=[497,1000] skipped=False
2026-08-30 12:54:56,662 | INFO | step=7090/20000 loss=-0.8053976 nll=-0.8064151 kl=0.001017466 consistency=0 lambda=0 beta=1 grad=53.53711 horizon=280 lifetime=[467,1081] skipped=False
2026-08-30 12:54:57,046 | INFO | step=7100/20000 loss=0.06384569 nll=0.06020248 kl=0.003643215 consistency=0 lambda=0 beta=1 grad=92.90122 horizon=260 lifetime=[437,1635] skipped=False
2026-08-30 12:54:57,414 | INFO | step=7110/20000 loss=-0.5459393 nll=-0.548599 kl=0.002659656 consistency=0 lambda=0 beta=1 grad=48.0905 horizon=180 lifetime=[458,1156] skipped=False
2026-08-30 12:54:57,812 | INFO | step=7120/20000 loss=-0.7076905 nll=-0.7121395 kl=0.004448943 consistency=0 lambda=0 beta=1 grad=15.39158 horizon=140 lifetime=[460,988] skipped=False
2026-08-30 12:54:58,169 | INFO | step=7130/20000 loss=-0.1270077 nll=-0.1293458 kl=0.002338141 consistency=0 lambda=0 beta=1 grad=111.9865 horizon=160 lifetime=[455,2154] skipped=False
2026-08-30 12:54:58,579 | INFO | step=7140/20000 loss=-0.6666693 nll=-0.6690112 kl=0.002341934 consistency=0 lambda=0 beta=1 grad=42.27303 horizon=220 lifetime=[428,1156] skipped=False
2026-08-30 12:54:58,961 | INFO | step=7150/20000 loss=-0.03805431 nll=-0.03989489 kl=0.001840584 consistency=0 lambda=0 beta=1 grad=43.16291 horizon=120 lifetime=[464,1045] skipped=False
2026-08-30 12:54:59,321 | INFO | step=7160/20000 loss=-0.975892 nll=-0.9794996 kl=0.003607556 consistency=0 lambda=0 beta=1 grad=41.6747 horizon=280 lifetime=[437,1052] skipped=False
2026-08-30 12:54:59,700 | INFO | step=7170/20000 loss=-0.036112 nll=-0.03933857 kl=0.003226578 consistency=0 lambda=0 beta=1 grad=97.09513 horizon=180 lifetime=[464,1154] skipped=False
2026-08-30 12:55:00,110 | INFO | step=7180/20000 loss=-0.1762774 nll=-0.177549 kl=0.00127162 consistency=0 lambda=0 beta=1 grad=76.09105 horizon=200 lifetime=[299,1858] skipped=False
2026-08-30 12:55:00,528 | INFO | step=7190/20000 loss=-1.218907 nll=-1.22054 kl=0.001632616 consistency=0 lambda=0 beta=1 grad=24.52531 horizon=280 lifetime=[453,871] skipped=False
2026-08-30 12:55:00,937 | INFO | step=7200/20000 loss=-0.2697815 nll=-0.2715804 kl=0.001798928 consistency=0 lambda=0 beta=1 grad=88.09362 horizon=160 lifetime=[299,1635] skipped=False
2026-08-30 12:55:01,303 | INFO | step=7210/20000 loss=-0.04234853 nll=-0.04382866 kl=0.001480132 consistency=0 lambda=0 beta=1 grad=78.64501 horizon=240 lifetime=[491,1858] skipped=False
2026-08-30 12:55:01,662 | INFO | step=7220/20000 loss=-0.5938691 nll=-0.5958408 kl=0.00197164 consistency=0 lambda=0 beta=1 grad=48.29605 horizon=180 lifetime=[465,915] skipped=False
2026-08-30 12:55:01,997 | INFO | step=7230/20000 loss=0.6579741 nll=0.6555075 kl=0.002466619 consistency=0 lambda=0 beta=1 grad=192.9326 horizon=260 lifetime=[464,1091] skipped=False
2026-08-30 12:55:02,401 | INFO | step=7240/20000 loss=-0.1896379 nll=-0.1942421 kl=0.00460428 consistency=0 lambda=0 beta=1 grad=84.65868 horizon=120 lifetime=[460,913] skipped=False
2026-08-30 12:55:02,783 | INFO | step=7250/20000 loss=-1.11243 nll=-1.114131 kl=0.001701251 consistency=0 lambda=0 beta=1 grad=22.86839 horizon=240 lifetime=[476,794] skipped=False
2026-08-30 12:55:03,194 | INFO | step=7260/20000 loss=-0.5138916 nll=-0.5158013 kl=0.001909755 consistency=0 lambda=0 beta=1 grad=55.01483 horizon=160 lifetime=[497,1932] skipped=False
2026-08-30 12:55:03,597 | INFO | step=7270/20000 loss=-0.6495943 nll=-0.6528259 kl=0.003231585 consistency=0 lambda=0 beta=1 grad=115.2049 horizon=220 lifetime=[299,860] skipped=False
2026-08-30 12:55:03,958 | INFO | step=7280/20000 loss=-0.1969919 nll=-0.19929 kl=0.002298079 consistency=0 lambda=0 beta=1 grad=164.8925 horizon=180 lifetime=[453,1049] skipped=False
2026-08-30 12:55:04,330 | INFO | step=7290/20000 loss=-0.1531155 nll=-0.1550282 kl=0.001912721 consistency=0 lambda=0 beta=1 grad=102.7897 horizon=120 lifetime=[455,1156] skipped=False
2026-08-30 12:55:04,744 | INFO | step=7300/20000 loss=0.3828403 nll=0.380615 kl=0.002225295 consistency=0 lambda=0 beta=1 grad=85.64287 horizon=100 lifetime=[467,991] skipped=False
2026-08-30 12:55:05,099 | INFO | step=7310/20000 loss=-0.1551675 nll=-0.1573928 kl=0.002225243 consistency=0 lambda=0 beta=1 grad=130.9407 horizon=120 lifetime=[428,1154] skipped=False
2026-08-30 12:55:05,483 | INFO | step=7320/20000 loss=-0.5257563 nll=-0.5287648 kl=0.003008485 consistency=0 lambda=0 beta=1 grad=45.93859 horizon=260 lifetime=[428,2154] skipped=False
2026-08-30 12:55:05,886 | INFO | step=7330/20000 loss=-0.4536389 nll=-0.4542705 kl=0.0006316006 consistency=0 lambda=0 beta=1 grad=75.94363 horizon=260 lifetime=[484,1858] skipped=False
2026-08-30 12:55:06,271 | INFO | step=7340/20000 loss=-0.4475979 nll=-0.4498786 kl=0.002280727 consistency=0 lambda=0 beta=1 grad=120.6898 horizon=200 lifetime=[428,1007] skipped=False
2026-08-30 12:55:06,639 | INFO | step=7350/20000 loss=-0.6290337 nll=-0.631713 kl=0.002679229 consistency=0 lambda=0 beta=1 grad=99.91785 horizon=240 lifetime=[482,1055] skipped=False
2026-08-30 12:55:07,070 | INFO | step=7360/20000 loss=-0.6806024 nll=-0.6816672 kl=0.001064852 consistency=0 lambda=0 beta=1 grad=79.50848 horizon=200 lifetime=[428,964] skipped=False
2026-08-30 12:55:07,466 | INFO | step=7370/20000 loss=-0.3261331 nll=-0.3273733 kl=0.001240119 consistency=0 lambda=0 beta=1 grad=142.3734 horizon=160 lifetime=[460,915] skipped=False
2026-08-30 12:55:07,841 | INFO | step=7380/20000 loss=-0.04526614 nll=-0.05023445 kl=0.004968315 consistency=0 lambda=0 beta=1 grad=16.45873 horizon=140 lifetime=[498,1858] skipped=False
2026-08-30 12:55:08,216 | INFO | step=7390/20000 loss=-0.08810021 nll=-0.0901278 kl=0.002027586 consistency=0 lambda=0 beta=1 grad=83.74775 horizon=100 lifetime=[455,913] skipped=False
2026-08-30 12:55:08,612 | INFO | step=7400/20000 loss=-0.8240633 nll=-0.8272669 kl=0.003203645 consistency=0 lambda=0 beta=1 grad=61.98056 horizon=240 lifetime=[476,1081] skipped=False
2026-08-30 12:55:08,986 | INFO | step=7410/20000 loss=-0.9838454 nll=-0.9858268 kl=0.001981393 consistency=0 lambda=0 beta=1 grad=31.97275 horizon=180 lifetime=[453,858] skipped=False
2026-08-30 12:55:09,364 | INFO | step=7420/20000 loss=-0.3244694 nll=-0.3272824 kl=0.002813071 consistency=0 lambda=0 beta=1 grad=49.94756 horizon=240 lifetime=[465,1154] skipped=False
2026-08-30 12:55:09,732 | INFO | step=7430/20000 loss=0.0007836744 nll=-0.004590183 kl=0.005373858 consistency=0 lambda=0 beta=1 grad=45.5805 horizon=120 lifetime=[453,1152] skipped=False
2026-08-30 12:55:10,124 | INFO | step=7440/20000 loss=-0.06000948 nll=-0.06924103 kl=0.009231552 consistency=0 lambda=0 beta=1 grad=55.23023 horizon=100 lifetime=[464,1012] skipped=False
2026-08-30 12:55:10,465 | INFO | step=7450/20000 loss=0.01926737 nll=0.01337123 kl=0.005896136 consistency=0 lambda=0 beta=1 grad=62.16772 horizon=140 lifetime=[453,1858] skipped=False
2026-08-30 12:55:10,852 | INFO | step=7460/20000 loss=-1.06442 nll=-1.068402 kl=0.003982395 consistency=0 lambda=0 beta=1 grad=83.01456 horizon=240 lifetime=[486,1045] skipped=False
2026-08-30 12:55:11,244 | INFO | step=7470/20000 loss=0.08367192 nll=0.08001035 kl=0.003661565 consistency=0 lambda=0 beta=1 grad=85.43118 horizon=100 lifetime=[464,1015] skipped=False
2026-08-30 12:55:11,626 | INFO | step=7480/20000 loss=-1.201451 nll=-1.204054 kl=0.002603307 consistency=0 lambda=0 beta=1 grad=151.0291 horizon=300 lifetime=[437,938] skipped=False
2026-08-30 12:55:12,061 | INFO | step=7490/20000 loss=-0.2508479 nll=-0.2514976 kl=0.0006496832 consistency=0 lambda=0 beta=1 grad=167.8058 horizon=160 lifetime=[453,1091] skipped=False
2026-08-30 12:55:12,651 | INFO | validation step=7500 rmse=152.0408 best=127.8805@6500 stale=2/10
2026-08-30 12:55:12,651 | INFO | step=7500/20000 loss=-0.2016691 nll=-0.2048953 kl=0.003226206 consistency=0 lambda=0 beta=1 grad=116.2236 horizon=260 lifetime=[460,1091] skipped=False
2026-08-30 12:55:13,159 | INFO | step=7510/20000 loss=-0.7178023 nll=-0.7228906 kl=0.0050883 consistency=0 lambda=0 beta=1 grad=20.32006 horizon=280 lifetime=[437,1154] skipped=False
2026-08-30 12:55:13,558 | INFO | step=7520/20000 loss=-0.1271012 nll=-0.1290438 kl=0.001942657 consistency=0 lambda=0 beta=1 grad=44.60391 horizon=200 lifetime=[453,1156] skipped=False
2026-08-30 12:55:13,913 | INFO | step=7530/20000 loss=0.6343966 nll=0.6318334 kl=0.002563171 consistency=0 lambda=0 beta=1 grad=211.0877 horizon=160 lifetime=[467,1091] skipped=False
2026-08-30 12:55:14,297 | INFO | step=7540/20000 loss=-0.8096784 nll=-0.8116317 kl=0.001953289 consistency=0 lambda=0 beta=1 grad=68.29941 horizon=200 lifetime=[443,1025] skipped=False
2026-08-30 12:55:14,716 | INFO | step=7550/20000 loss=-0.8389951 nll=-0.8429286 kl=0.003933489 consistency=0 lambda=0 beta=1 grad=23.83422 horizon=180 lifetime=[458,964] skipped=False
2026-08-30 12:55:15,150 | INFO | step=7560/20000 loss=0.2502403 nll=0.2489381 kl=0.001302168 consistency=0 lambda=0 beta=1 grad=129.1949 horizon=240 lifetime=[467,1635] skipped=False
2026-08-30 12:55:15,520 | INFO | step=7570/20000 loss=0.007068582 nll=0.002083115 kl=0.004985467 consistency=0 lambda=0 beta=1 grad=28.41878 horizon=220 lifetime=[597,1156] skipped=False
2026-08-30 12:55:15,889 | INFO | step=7580/20000 loss=1.110812 nll=1.102568 kl=0.008243933 consistency=0 lambda=0 beta=1 grad=256.7464 horizon=120 lifetime=[470,1932] skipped=False
2026-08-30 12:55:16,249 | INFO | step=7590/20000 loss=-0.1913671 nll=-0.198036 kl=0.00666891 consistency=0 lambda=0 beta=1 grad=45.64782 horizon=120 lifetime=[461,2154] skipped=False
2026-08-30 12:55:16,614 | INFO | step=7600/20000 loss=-0.2222409 nll=-0.2243094 kl=0.002068467 consistency=0 lambda=0 beta=1 grad=26.08328 horizon=100 lifetime=[464,1076] skipped=False
2026-08-30 12:55:16,995 | INFO | step=7610/20000 loss=-0.8975134 nll=-0.8999114 kl=0.002397969 consistency=0 lambda=0 beta=1 grad=39.47686 horizon=220 lifetime=[453,1012] skipped=False
2026-08-30 12:55:17,353 | INFO | step=7620/20000 loss=0.1994702 nll=0.1935197 kl=0.005950481 consistency=0 lambda=0 beta=1 grad=281.7272 horizon=140 lifetime=[428,1932] skipped=False
2026-08-30 12:55:17,704 | INFO | step=7630/20000 loss=0.06806562 nll=0.06578958 kl=0.002276041 consistency=0 lambda=0 beta=1 grad=62.29124 horizon=120 lifetime=[465,1000] skipped=False
2026-08-30 12:55:18,071 | INFO | step=7640/20000 loss=0.2246761 nll=0.2226467 kl=0.002029404 consistency=0 lambda=0 beta=1 grad=93.61791 horizon=180 lifetime=[462,1635] skipped=False
2026-08-30 12:55:18,492 | INFO | step=7650/20000 loss=-0.9454377 nll=-0.9462676 kl=0.0008298606 consistency=0 lambda=0 beta=1 grad=49.89234 horizon=300 lifetime=[500,1015] skipped=False
2026-08-30 12:55:18,907 | INFO | step=7660/20000 loss=-0.6591195 nll=-0.6627707 kl=0.003651276 consistency=0 lambda=0 beta=1 grad=20.01624 horizon=300 lifetime=[453,1154] skipped=False
2026-08-30 12:55:19,288 | INFO | step=7670/20000 loss=-0.4823565 nll=-0.4845161 kl=0.00215967 consistency=0 lambda=0 beta=1 grad=16.50873 horizon=240 lifetime=[455,1932] skipped=False
2026-08-30 12:55:19,702 | INFO | step=7680/20000 loss=-0.7093476 nll=-0.7099413 kl=0.0005937517 consistency=0 lambda=0 beta=1 grad=53.56134 horizon=220 lifetime=[461,988] skipped=False
2026-08-30 12:55:20,140 | INFO | step=7690/20000 loss=-0.3201243 nll=-0.3213741 kl=0.001249716 consistency=0 lambda=0 beta=1 grad=157.0801 horizon=240 lifetime=[498,2154] skipped=False
2026-08-30 12:55:20,529 | INFO | step=7700/20000 loss=0.03070364 nll=0.02700962 kl=0.00369402 consistency=0 lambda=0 beta=1 grad=45.6593 horizon=120 lifetime=[750,1000] skipped=False
2026-08-30 12:55:20,976 | INFO | step=7710/20000 loss=-0.6635491 nll=-0.6654062 kl=0.001857072 consistency=0 lambda=0 beta=1 grad=153.0785 horizon=300 lifetime=[455,1055] skipped=False
2026-08-30 12:55:21,411 | INFO | step=7720/20000 loss=-0.6682677 nll=-0.6692958 kl=0.00102818 consistency=0 lambda=0 beta=1 grad=67.33952 horizon=300 lifetime=[458,875] skipped=False
2026-08-30 12:55:21,797 | INFO | step=7730/20000 loss=-0.8862976 nll=-0.8914998 kl=0.005202234 consistency=0 lambda=0 beta=1 grad=49.77576 horizon=160 lifetime=[299,1007] skipped=False
2026-08-30 12:55:22,190 | INFO | step=7740/20000 loss=-0.6499321 nll=-0.655827 kl=0.005894981 consistency=0 lambda=0 beta=1 grad=41.68485 horizon=120 lifetime=[453,1081] skipped=False
2026-08-30 12:55:22,552 | INFO | step=7750/20000 loss=-0.7876304 nll=-0.7899811 kl=0.002350658 consistency=0 lambda=0 beta=1 grad=195.7263 horizon=300 lifetime=[443,1932] skipped=False
2026-08-30 12:55:22,909 | INFO | step=7760/20000 loss=-0.08900673 nll=-0.09354118 kl=0.004534446 consistency=0 lambda=0 beta=1 grad=58.99364 horizon=160 lifetime=[526,1038] skipped=False
2026-08-30 12:55:23,276 | INFO | step=7770/20000 loss=0.1182107 nll=0.1129472 kl=0.005263418 consistency=0 lambda=0 beta=1 grad=105.2464 horizon=220 lifetime=[461,1932] skipped=False
2026-08-30 12:55:23,675 | INFO | step=7780/20000 loss=0.09079543 nll=0.08748849 kl=0.00330694 consistency=0 lambda=0 beta=1 grad=102.8029 horizon=100 lifetime=[482,1091] skipped=False
2026-08-30 12:55:24,014 | INFO | step=7790/20000 loss=-0.4772786 nll=-0.4788806 kl=0.001602016 consistency=0 lambda=0 beta=1 grad=35.83498 horizon=220 lifetime=[428,1932] skipped=False
2026-08-30 12:55:24,380 | INFO | step=7800/20000 loss=-0.4009881 nll=-0.4023203 kl=0.001332179 consistency=0 lambda=0 beta=1 grad=122.8152 horizon=300 lifetime=[458,1152] skipped=False
2026-08-30 12:55:24,766 | INFO | step=7810/20000 loss=0.4456942 nll=0.4422022 kl=0.003491938 consistency=0 lambda=0 beta=1 grad=80.01221 horizon=200 lifetime=[497,1635] skipped=False
2026-08-30 12:55:25,185 | INFO | step=7820/20000 loss=-0.697307 nll=-0.6995483 kl=0.002241284 consistency=0 lambda=0 beta=1 grad=41.89635 horizon=160 lifetime=[476,1154] skipped=False
2026-08-30 12:55:25,582 | INFO | step=7830/20000 loss=-0.3171872 nll=-0.3199977 kl=0.002810493 consistency=0 lambda=0 beta=1 grad=58.95914 horizon=140 lifetime=[147,868] skipped=False
2026-08-30 12:55:25,968 | INFO | step=7840/20000 loss=-0.204217 nll=-0.2089238 kl=0.004706897 consistency=0 lambda=0 beta=1 grad=84.06741 horizon=100 lifetime=[428,1055] skipped=False
2026-08-30 12:55:26,378 | INFO | step=7850/20000 loss=-0.8982838 nll=-0.9003284 kl=0.002044603 consistency=0 lambda=0 beta=1 grad=81.41144 horizon=300 lifetime=[486,1091] skipped=False
2026-08-30 12:55:26,768 | INFO | step=7860/20000 loss=-0.4112197 nll=-0.4127337 kl=0.001514018 consistency=0 lambda=0 beta=1 grad=53.25859 horizon=280 lifetime=[461,1635] skipped=False
2026-08-30 12:55:27,109 | INFO | step=7870/20000 loss=0.6844193 nll=0.6754209 kl=0.008998442 consistency=0 lambda=0 beta=1 grad=155.4519 horizon=100 lifetime=[437,1152] skipped=False
2026-08-30 12:55:27,507 | INFO | step=7880/20000 loss=-0.02129281 nll=-0.0241425 kl=0.002849698 consistency=0 lambda=0 beta=1 grad=101.804 horizon=260 lifetime=[649,1152] skipped=False
2026-08-30 12:55:27,894 | INFO | step=7890/20000 loss=1.126742 nll=1.125302 kl=0.001440436 consistency=0 lambda=0 beta=1 grad=304.1383 horizon=260 lifetime=[443,1858] skipped=False
2026-08-30 12:55:28,307 | INFO | step=7900/20000 loss=-0.9029338 nll=-0.9046333 kl=0.001699522 consistency=0 lambda=0 beta=1 grad=36.74715 horizon=220 lifetime=[461,1635] skipped=False
2026-08-30 12:55:28,715 | INFO | step=7910/20000 loss=-0.2120359 nll=-0.214678 kl=0.002642095 consistency=0 lambda=0 beta=1 grad=99.47232 horizon=260 lifetime=[461,1156] skipped=False
2026-08-30 12:55:29,109 | INFO | step=7920/20000 loss=-0.1389824 nll=-0.1404803 kl=0.001497895 consistency=0 lambda=0 beta=1 grad=144.7745 horizon=240 lifetime=[607,1091] skipped=False
2026-08-30 12:55:29,530 | INFO | step=7930/20000 loss=-0.7229348 nll=-0.72522 kl=0.002285153 consistency=0 lambda=0 beta=1 grad=55.81399 horizon=260 lifetime=[461,1025] skipped=False
2026-08-30 12:55:29,933 | INFO | step=7940/20000 loss=-0.6661431 nll=-0.6671659 kl=0.001022771 consistency=0 lambda=0 beta=1 grad=37.00162 horizon=300 lifetime=[437,1858] skipped=False
2026-08-30 12:55:30,333 | INFO | step=7950/20000 loss=-0.7174441 nll=-0.7197565 kl=0.002312422 consistency=0 lambda=0 beta=1 grad=41.86031 horizon=280 lifetime=[428,1081] skipped=False
2026-08-30 12:55:30,716 | INFO | step=7960/20000 loss=-0.6812283 nll=-0.6848593 kl=0.003630996 consistency=0 lambda=0 beta=1 grad=23.46534 horizon=300 lifetime=[428,1858] skipped=False
2026-08-30 12:55:31,090 | INFO | step=7970/20000 loss=-0.5937575 nll=-0.5957062 kl=0.001948714 consistency=0 lambda=0 beta=1 grad=33.33361 horizon=120 lifetime=[299,1015] skipped=False
2026-08-30 12:55:31,485 | INFO | step=7980/20000 loss=-0.2585817 nll=-0.2599232 kl=0.001341552 consistency=0 lambda=0 beta=1 grad=52.22473 horizon=260 lifetime=[470,1091] skipped=False
2026-08-30 12:55:31,918 | INFO | step=7990/20000 loss=-0.2947736 nll=-0.2958246 kl=0.001050979 consistency=0 lambda=0 beta=1 grad=72.13845 horizon=300 lifetime=[458,1007] skipped=False
2026-08-30 12:55:32,564 | INFO | validation step=8000 rmse=137.0339 best=127.8805@6500 stale=3/10
2026-08-30 12:55:32,564 | INFO | step=8000/20000 loss=-0.7734062 nll=-0.7749382 kl=0.001532018 consistency=0 lambda=0 beta=1 grad=129.8102 horizon=300 lifetime=[437,1038] skipped=False
2026-08-30 12:55:33,031 | INFO | step=8010/20000 loss=-0.1682309 nll=-0.1705766 kl=0.002345629 consistency=0 lambda=0 beta=1 grad=115.7257 horizon=160 lifetime=[498,930] skipped=False
2026-08-30 12:55:33,437 | INFO | step=8020/20000 loss=-0.4367601 nll=-0.43884 kl=0.002079979 consistency=0 lambda=0 beta=1 grad=47.14493 horizon=240 lifetime=[455,1156] skipped=False
2026-08-30 12:55:33,867 | INFO | step=8030/20000 loss=-0.1646311 nll=-0.1664209 kl=0.001789808 consistency=0 lambda=0 beta=1 grad=59.44973 horizon=160 lifetime=[486,1076] skipped=False
2026-08-30 12:55:34,248 | INFO | step=8040/20000 loss=-0.3132517 nll=-0.3156549 kl=0.002403155 consistency=0 lambda=0 beta=1 grad=144.0384 horizon=200 lifetime=[299,1858] skipped=False
2026-08-30 12:55:34,607 | INFO | step=8050/20000 loss=-0.5631347 nll=-0.5665073 kl=0.003372684 consistency=0 lambda=0 beta=1 grad=83.65128 horizon=200 lifetime=[510,1154] skipped=False
2026-08-30 12:55:35,044 | INFO | step=8060/20000 loss=-0.6236885 nll=-0.6244505 kl=0.0007620156 consistency=0 lambda=0 beta=1 grad=66.34944 horizon=300 lifetime=[428,1152] skipped=False
2026-08-30 12:55:35,435 | INFO | step=8070/20000 loss=0.1616825 nll=0.1572506 kl=0.004431821 consistency=0 lambda=0 beta=1 grad=112.8631 horizon=160 lifetime=[443,1156] skipped=False
2026-08-30 12:55:35,820 | INFO | step=8080/20000 loss=-0.1701343 nll=-0.174639 kl=0.00450477 consistency=0 lambda=0 beta=1 grad=122.98 horizon=120 lifetime=[464,1012] skipped=False
2026-08-30 12:55:36,136 | INFO | step=8090/20000 loss=0.9806486 nll=0.9756533 kl=0.004995309 consistency=0 lambda=0 beta=1 grad=48.32863 horizon=100 lifetime=[498,1635] skipped=False
2026-08-30 12:55:36,567 | INFO | step=8100/20000 loss=0.2192627 nll=0.2184528 kl=0.0008098632 consistency=0 lambda=0 beta=1 grad=79.53683 horizon=300 lifetime=[491,1015] skipped=False
2026-08-30 12:55:36,942 | INFO | step=8110/20000 loss=-0.434116 nll=-0.4350303 kl=0.0009142607 consistency=0 lambda=0 beta=1 grad=56.93817 horizon=140 lifetime=[443,942] skipped=False
2026-08-30 12:55:37,330 | INFO | step=8120/20000 loss=-0.9475992 nll=-0.9484921 kl=0.0008928478 consistency=0 lambda=0 beta=1 grad=59.14401 horizon=260 lifetime=[437,1007] skipped=False
2026-08-30 12:55:37,746 | INFO | step=8130/20000 loss=-0.99359 nll=-0.9970466 kl=0.003456622 consistency=0 lambda=0 beta=1 grad=122.5984 horizon=280 lifetime=[453,1091] skipped=False
2026-08-30 12:55:38,160 | INFO | step=8140/20000 loss=0.8791806 nll=0.8765889 kl=0.002591647 consistency=0 lambda=0 beta=1 grad=146.3409 horizon=160 lifetime=[704,1156] skipped=False
2026-08-30 12:55:38,563 | INFO | step=8150/20000 loss=-0.008881178 nll=-0.01139729 kl=0.002516109 consistency=0 lambda=0 beta=1 grad=58.12622 horizon=100 lifetime=[455,1635] skipped=False
2026-08-30 12:55:38,961 | INFO | step=8160/20000 loss=-0.1650871 nll=-0.1675234 kl=0.00243625 consistency=0 lambda=0 beta=1 grad=62.89396 horizon=140 lifetime=[443,1635] skipped=False
2026-08-30 12:55:39,317 | INFO | step=8170/20000 loss=-0.7905574 nll=-0.7941819 kl=0.003624476 consistency=0 lambda=0 beta=1 grad=41.66091 horizon=160 lifetime=[470,1152] skipped=False
2026-08-30 12:55:39,728 | INFO | step=8180/20000 loss=-0.4512652 nll=-0.453154 kl=0.001888797 consistency=0 lambda=0 beta=1 grad=52.15794 horizon=300 lifetime=[597,1012] skipped=False
2026-08-30 12:55:40,151 | INFO | step=8190/20000 loss=-0.6727005 nll=-0.6741188 kl=0.001418218 consistency=0 lambda=0 beta=1 grad=123.3257 horizon=260 lifetime=[437,909] skipped=False
2026-08-30 12:55:40,550 | INFO | step=8200/20000 loss=-0.4017163 nll=-0.4068588 kl=0.005142473 consistency=0 lambda=0 beta=1 grad=137.4937 horizon=140 lifetime=[491,1154] skipped=False
2026-08-30 12:55:40,933 | INFO | step=8210/20000 loss=-0.756671 nll=-0.758492 kl=0.001821026 consistency=0 lambda=0 beta=1 grad=75.7159 horizon=160 lifetime=[500,1025] skipped=False
2026-08-30 12:55:41,371 | INFO | step=8220/20000 loss=-0.7477958 nll=-0.7494474 kl=0.001651555 consistency=0 lambda=0 beta=1 grad=68.30888 horizon=300 lifetime=[470,1156] skipped=False
2026-08-30 12:55:41,762 | INFO | step=8230/20000 loss=-0.1567519 nll=-0.1613839 kl=0.004631922 consistency=0 lambda=0 beta=1 grad=100.5875 horizon=200 lifetime=[498,1152] skipped=False
2026-08-30 12:55:42,179 | INFO | step=8240/20000 loss=-0.1538317 nll=-0.1572932 kl=0.00346148 consistency=0 lambda=0 beta=1 grad=26.93696 horizon=100 lifetime=[437,815] skipped=False
2026-08-30 12:55:42,568 | INFO | step=8250/20000 loss=-0.7942299 nll=-0.7960207 kl=0.001790896 consistency=0 lambda=0 beta=1 grad=131.508 horizon=140 lifetime=[428,869] skipped=False
2026-08-30 12:55:42,939 | INFO | step=8260/20000 loss=-1.04658 nll=-1.047742 kl=0.001162395 consistency=0 lambda=0 beta=1 grad=99.87543 horizon=220 lifetime=[476,1152] skipped=False
2026-08-30 12:55:43,315 | INFO | step=8270/20000 loss=-0.6211658 nll=-0.6270041 kl=0.005838349 consistency=0 lambda=0 beta=1 grad=61.17892 horizon=240 lifetime=[671,1635] skipped=False
2026-08-30 12:55:43,722 | INFO | step=8280/20000 loss=0.06244141 nll=0.05887407 kl=0.003567338 consistency=0 lambda=0 beta=1 grad=89.25819 horizon=220 lifetime=[461,1154] skipped=False
2026-08-30 12:55:44,094 | INFO | step=8290/20000 loss=-0.578163 nll=-0.5805351 kl=0.002372071 consistency=0 lambda=0 beta=1 grad=36.39116 horizon=240 lifetime=[464,1000] skipped=False
2026-08-30 12:55:44,469 | INFO | step=8300/20000 loss=-0.6188078 nll=-0.6208712 kl=0.002063408 consistency=0 lambda=0 beta=1 grad=23.1878 horizon=140 lifetime=[470,1154] skipped=False
2026-08-30 12:55:44,832 | INFO | step=8310/20000 loss=1.565567 nll=1.562609 kl=0.002957642 consistency=0 lambda=0 beta=1 grad=156.332 horizon=220 lifetime=[453,1858] skipped=False
2026-08-30 12:55:45,178 | INFO | step=8320/20000 loss=-0.2430145 nll=-0.2454576 kl=0.002443105 consistency=0 lambda=0 beta=1 grad=78.36117 horizon=200 lifetime=[455,1635] skipped=False
2026-08-30 12:55:45,550 | INFO | step=8330/20000 loss=-0.5543247 nll=-0.5583889 kl=0.004064158 consistency=0 lambda=0 beta=1 grad=29.87099 horizon=140 lifetime=[497,1091] skipped=False
2026-08-30 12:55:45,892 | INFO | step=8340/20000 loss=-0.5502647 nll=-0.5529395 kl=0.002674803 consistency=0 lambda=0 beta=1 grad=66.86203 horizon=200 lifetime=[453,1858] skipped=False
2026-08-30 12:55:46,269 | INFO | step=8350/20000 loss=0.378627 nll=0.3730291 kl=0.005597875 consistency=0 lambda=0 beta=1 grad=143.8929 horizon=120 lifetime=[461,1154] skipped=False
2026-08-30 12:55:46,627 | INFO | step=8360/20000 loss=-1.32316 nll=-1.325458 kl=0.002298519 consistency=0 lambda=0 beta=1 grad=121.2466 horizon=260 lifetime=[465,915] skipped=False
2026-08-30 12:55:47,009 | INFO | step=8370/20000 loss=0.1413693 nll=0.1395786 kl=0.001790702 consistency=0 lambda=0 beta=1 grad=295.7531 horizon=280 lifetime=[476,988] skipped=False
2026-08-30 12:55:47,353 | INFO | step=8380/20000 loss=-0.02213258 nll=-0.02783877 kl=0.005706184 consistency=0 lambda=0 beta=1 grad=115.375 horizon=140 lifetime=[539,1049] skipped=False
2026-08-30 12:55:47,748 | INFO | step=8390/20000 loss=-0.2619783 nll=-0.2634389 kl=0.001460657 consistency=0 lambda=0 beta=1 grad=87.26219 horizon=120 lifetime=[453,1025] skipped=False
2026-08-30 12:55:48,189 | INFO | step=8400/20000 loss=-0.622157 nll=-0.6234943 kl=0.00133729 consistency=0 lambda=0 beta=1 grad=122.823 horizon=280 lifetime=[437,1049] skipped=False
2026-08-30 12:55:48,589 | INFO | step=8410/20000 loss=0.02696338 nll=0.02440199 kl=0.00256139 consistency=0 lambda=0 beta=1 grad=159.1188 horizon=120 lifetime=[453,1015] skipped=False
2026-08-30 12:55:48,971 | INFO | step=8420/20000 loss=0.130849 nll=0.1268166 kl=0.004032463 consistency=0 lambda=0 beta=1 grad=43.9066 horizon=100 lifetime=[534,1635] skipped=False
2026-08-30 12:55:49,360 | INFO | step=8430/20000 loss=-0.3577313 nll=-0.3605933 kl=0.002862036 consistency=0 lambda=0 beta=1 grad=72.59703 horizon=240 lifetime=[493,1154] skipped=False
2026-08-30 12:55:49,758 | INFO | step=8440/20000 loss=0.2177851 nll=0.2137142 kl=0.00407093 consistency=0 lambda=0 beta=1 grad=62.51753 horizon=100 lifetime=[505,2154] skipped=False
2026-08-30 12:55:50,163 | INFO | step=8450/20000 loss=-0.006508678 nll=-0.009744227 kl=0.003235549 consistency=0 lambda=0 beta=1 grad=129.9383 horizon=200 lifetime=[501,1154] skipped=False
2026-08-30 12:55:50,583 | INFO | step=8460/20000 loss=-1.061079 nll=-1.064721 kl=0.003641993 consistency=0 lambda=0 beta=1 grad=84.00295 horizon=300 lifetime=[455,930] skipped=False
2026-08-30 12:55:50,993 | INFO | step=8470/20000 loss=-0.723956 nll=-0.7254115 kl=0.001455471 consistency=0 lambda=0 beta=1 grad=122.605 horizon=300 lifetime=[462,1049] skipped=False
2026-08-30 12:55:51,412 | INFO | step=8480/20000 loss=-0.415958 nll=-0.4244936 kl=0.008535638 consistency=0 lambda=0 beta=1 grad=34.14899 horizon=140 lifetime=[299,1055] skipped=False
2026-08-30 12:55:51,806 | INFO | step=8490/20000 loss=-0.5930753 nll=-0.5942784 kl=0.00120306 consistency=0 lambda=0 beta=1 grad=110.5732 horizon=280 lifetime=[428,1025] skipped=False
2026-08-30 12:55:52,457 | INFO | validation step=8500 rmse=145.6376 best=127.8805@6500 stale=4/10
2026-08-30 12:55:52,457 | INFO | step=8500/20000 loss=-0.4529065 nll=-0.453819 kl=0.0009125322 consistency=0 lambda=0 beta=1 grad=74.82473 horizon=220 lifetime=[518,1025] skipped=False
2026-08-30 12:55:52,921 | INFO | step=8510/20000 loss=-0.1582157 nll=-0.1607325 kl=0.002516791 consistency=0 lambda=0 beta=1 grad=165.6109 horizon=180 lifetime=[510,1076] skipped=False
2026-08-30 12:55:53,322 | INFO | step=8520/20000 loss=-0.5779326 nll=-0.5798135 kl=0.001880914 consistency=0 lambda=0 beta=1 grad=125.3112 horizon=200 lifetime=[518,1055] skipped=False
2026-08-30 12:55:53,719 | INFO | step=8530/20000 loss=-0.5018113 nll=-0.5045234 kl=0.002712116 consistency=0 lambda=0 beta=1 grad=71.48987 horizon=240 lifetime=[437,1038] skipped=False
2026-08-30 12:55:54,084 | INFO | step=8540/20000 loss=0.2048401 nll=0.2010693 kl=0.003770769 consistency=0 lambda=0 beta=1 grad=223.8956 horizon=120 lifetime=[299,964] skipped=False
2026-08-30 12:55:54,465 | INFO | step=8550/20000 loss=0.1544763 nll=0.1477289 kl=0.006747395 consistency=0 lambda=0 beta=1 grad=41.68055 horizon=100 lifetime=[299,1932] skipped=False
2026-08-30 12:55:54,820 | INFO | step=8560/20000 loss=-0.3649522 nll=-0.3744861 kl=0.009533852 consistency=0 lambda=0 beta=1 grad=28.43185 horizon=120 lifetime=[518,1052] skipped=False
2026-08-30 12:55:55,231 | INFO | step=8570/20000 loss=-0.4656027 nll=-0.467372 kl=0.001769349 consistency=0 lambda=0 beta=1 grad=25.06717 horizon=280 lifetime=[458,1858] skipped=False
2026-08-30 12:55:55,609 | INFO | step=8580/20000 loss=0.365376 nll=0.3588358 kl=0.006540224 consistency=0 lambda=0 beta=1 grad=214.3134 horizon=140 lifetime=[147,1154] skipped=False
2026-08-30 12:55:56,002 | INFO | step=8590/20000 loss=-0.07945896 nll=-0.08695375 kl=0.007494792 consistency=0 lambda=0 beta=1 grad=133.9924 horizon=100 lifetime=[147,826] skipped=False
2026-08-30 12:55:56,372 | INFO | step=8600/20000 loss=-0.4317372 nll=-0.4327805 kl=0.001043364 consistency=0 lambda=0 beta=1 grad=114.7015 horizon=240 lifetime=[465,1858] skipped=False
2026-08-30 12:55:56,771 | INFO | step=8610/20000 loss=-0.4487167 nll=-0.4501152 kl=0.001398489 consistency=0 lambda=0 beta=1 grad=49.26336 horizon=220 lifetime=[501,1038] skipped=False
2026-08-30 12:55:57,130 | INFO | step=8620/20000 loss=-0.9319775 nll=-0.9340536 kl=0.00207606 consistency=0 lambda=0 beta=1 grad=96.21313 horizon=200 lifetime=[428,875] skipped=False
2026-08-30 12:55:57,519 | INFO | step=8630/20000 loss=-0.746904 nll=-0.7481836 kl=0.001279652 consistency=0 lambda=0 beta=1 grad=53.72625 horizon=200 lifetime=[458,988] skipped=False
2026-08-30 12:55:57,865 | INFO | step=8640/20000 loss=-0.2701902 nll=-0.2721503 kl=0.001960099 consistency=0 lambda=0 beta=1 grad=52.40836 horizon=120 lifetime=[299,1000] skipped=False
2026-08-30 12:55:58,298 | INFO | step=8650/20000 loss=-0.2482967 nll=-0.2497249 kl=0.001428157 consistency=0 lambda=0 beta=1 grad=80.37565 horizon=280 lifetime=[607,1932] skipped=False
2026-08-30 12:55:58,643 | INFO | step=8660/20000 loss=-0.4345643 nll=-0.4373006 kl=0.0027363 consistency=0 lambda=0 beta=1 grad=69.15179 horizon=240 lifetime=[597,1152] skipped=False
2026-08-30 12:55:59,077 | INFO | step=8670/20000 loss=0.04153679 nll=0.03940001 kl=0.002136782 consistency=0 lambda=0 beta=1 grad=66.18983 horizon=300 lifetime=[615,1052] skipped=False
2026-08-30 12:55:59,468 | INFO | step=8680/20000 loss=-0.7749362 nll=-0.7794612 kl=0.004525006 consistency=0 lambda=0 beta=1 grad=62.32965 horizon=200 lifetime=[501,1012] skipped=False
2026-08-30 12:55:59,853 | INFO | step=8690/20000 loss=-0.9193492 nll=-0.9213264 kl=0.00197722 consistency=0 lambda=0 beta=1 grad=73.15492 horizon=220 lifetime=[428,964] skipped=False
2026-08-30 12:56:00,245 | INFO | step=8700/20000 loss=-0.05912571 nll=-0.06115547 kl=0.002029762 consistency=0 lambda=0 beta=1 grad=52.24497 horizon=220 lifetime=[484,1156] skipped=False
2026-08-30 12:56:00,633 | INFO | step=8710/20000 loss=-0.6610749 nll=-0.6617479 kl=0.0006729811 consistency=0 lambda=0 beta=1 grad=73.58115 horizon=200 lifetime=[437,1052] skipped=False
2026-08-30 12:56:01,033 | INFO | step=8720/20000 loss=-0.2614644 nll=-0.2639728 kl=0.002508372 consistency=0 lambda=0 beta=1 grad=158.9417 horizon=240 lifetime=[462,1000] skipped=False
2026-08-30 12:56:01,443 | INFO | step=8730/20000 loss=0.3713548 nll=0.3689767 kl=0.002378002 consistency=0 lambda=0 beta=1 grad=565.3039 horizon=220 lifetime=[428,1932] skipped=False
2026-08-30 12:56:01,846 | INFO | step=8740/20000 loss=-0.5127231 nll=-0.5154673 kl=0.002744228 consistency=0 lambda=0 beta=1 grad=71.21954 horizon=300 lifetime=[470,1055] skipped=False
2026-08-30 12:56:02,247 | INFO | step=8750/20000 loss=-0.5973839 nll=-0.6026002 kl=0.00521636 consistency=0 lambda=0 beta=1 grad=180.1162 horizon=280 lifetime=[428,1000] skipped=False
2026-08-30 12:56:02,624 | INFO | step=8760/20000 loss=-0.4816414 nll=-0.484454 kl=0.002812594 consistency=0 lambda=0 beta=1 grad=124.4351 horizon=260 lifetime=[465,1049] skipped=False
2026-08-30 12:56:03,018 | INFO | step=8770/20000 loss=-0.3111226 nll=-0.317441 kl=0.00631845 consistency=0 lambda=0 beta=1 grad=58.03711 horizon=220 lifetime=[729,2154] skipped=False
2026-08-30 12:56:03,404 | INFO | step=8780/20000 loss=-0.4557954 nll=-0.4575737 kl=0.00177826 consistency=0 lambda=0 beta=1 grad=58.35977 horizon=280 lifetime=[299,1156] skipped=False
2026-08-30 12:56:03,769 | INFO | step=8790/20000 loss=-0.4842302 nll=-0.4869676 kl=0.002737343 consistency=0 lambda=0 beta=1 grad=35.79141 horizon=160 lifetime=[461,2154] skipped=False
2026-08-30 12:56:04,186 | INFO | step=8800/20000 loss=-0.4916298 nll=-0.4932685 kl=0.001638725 consistency=0 lambda=0 beta=1 grad=47.5531 horizon=160 lifetime=[597,2154] skipped=False
2026-08-30 12:56:04,560 | INFO | step=8810/20000 loss=-0.1288264 nll=-0.1315882 kl=0.002761856 consistency=0 lambda=0 beta=1 grad=63.95055 horizon=200 lifetime=[460,2154] skipped=False
2026-08-30 12:56:04,899 | INFO | step=8820/20000 loss=-0.625322 nll=-0.6303 kl=0.004978061 consistency=0 lambda=0 beta=1 grad=149.0875 horizon=220 lifetime=[470,938] skipped=False
2026-08-30 12:56:05,282 | INFO | step=8830/20000 loss=0.01965642 nll=0.01826712 kl=0.001389295 consistency=0 lambda=0 beta=1 grad=92.53941 horizon=300 lifetime=[476,942] skipped=False
2026-08-30 12:56:05,668 | INFO | step=8840/20000 loss=-0.8289767 nll=-0.832268 kl=0.003291309 consistency=0 lambda=0 beta=1 grad=37.15928 horizon=200 lifetime=[458,1015] skipped=False
2026-08-30 12:56:06,075 | INFO | step=8850/20000 loss=-0.9816537 nll=-0.9856684 kl=0.004014686 consistency=0 lambda=0 beta=1 grad=35.62514 horizon=260 lifetime=[458,869] skipped=False
2026-08-30 12:56:06,482 | INFO | step=8860/20000 loss=-0.5889077 nll=-0.5916917 kl=0.002784029 consistency=0 lambda=0 beta=1 grad=97.71706 horizon=180 lifetime=[428,1932] skipped=False
2026-08-30 12:56:06,884 | INFO | step=8870/20000 loss=0.4128174 nll=0.409492 kl=0.003325373 consistency=0 lambda=0 beta=1 grad=55.28829 horizon=100 lifetime=[486,1156] skipped=False
2026-08-30 12:56:07,250 | INFO | step=8880/20000 loss=-1.013741 nll=-1.01464 kl=0.0008984208 consistency=0 lambda=0 beta=1 grad=107.7219 horizon=260 lifetime=[482,942] skipped=False
2026-08-30 12:56:07,578 | INFO | step=8890/20000 loss=-0.7801521 nll=-0.7810199 kl=0.0008677244 consistency=0 lambda=0 beta=1 grad=69.79372 horizon=160 lifetime=[460,1007] skipped=False
2026-08-30 12:56:07,961 | INFO | step=8900/20000 loss=-0.6332214 nll=-0.6384226 kl=0.005201221 consistency=0 lambda=0 beta=1 grad=121.6347 horizon=180 lifetime=[482,964] skipped=False
2026-08-30 12:56:08,364 | INFO | step=8910/20000 loss=0.2720907 nll=0.2672371 kl=0.004853591 consistency=0 lambda=0 beta=1 grad=49.89008 horizon=140 lifetime=[486,1154] skipped=False
2026-08-30 12:56:08,722 | INFO | step=8920/20000 loss=-0.9042413 nll=-0.9050297 kl=0.0007883012 consistency=0 lambda=0 beta=1 grad=16.16533 horizon=200 lifetime=[437,1091] skipped=False
2026-08-30 12:56:09,080 | INFO | step=8930/20000 loss=-0.6688529 nll=-0.6735799 kl=0.004727036 consistency=0 lambda=0 beta=1 grad=40.44722 horizon=120 lifetime=[467,1049] skipped=False
2026-08-30 12:56:09,460 | INFO | step=8940/20000 loss=-0.1534991 nll=-0.1548611 kl=0.001362026 consistency=0 lambda=0 beta=1 grad=36.59447 horizon=120 lifetime=[470,1154] skipped=False
2026-08-30 12:56:09,835 | INFO | step=8950/20000 loss=-0.1020767 nll=-0.1040701 kl=0.001993418 consistency=0 lambda=0 beta=1 grad=225.3704 horizon=220 lifetime=[510,2154] skipped=False
2026-08-30 12:56:10,345 | INFO | step=8960/20000 loss=-0.1755665 nll=-0.1764727 kl=0.0009061396 consistency=0 lambda=0 beta=1 grad=92.63553 horizon=260 lifetime=[470,1055] skipped=False
2026-08-30 12:56:10,732 | INFO | step=8970/20000 loss=-1.180749 nll=-1.182007 kl=0.001257479 consistency=0 lambda=0 beta=1 grad=79.12659 horizon=220 lifetime=[460,938] skipped=False
2026-08-30 12:56:11,081 | INFO | step=8980/20000 loss=0.06826138 nll=0.06183646 kl=0.006424919 consistency=0 lambda=0 beta=1 grad=38.18299 horizon=100 lifetime=[147,1025] skipped=False
2026-08-30 12:56:11,471 | INFO | step=8990/20000 loss=-0.2138071 nll=-0.214786 kl=0.0009788573 consistency=0 lambda=0 beta=1 grad=92.02665 horizon=160 lifetime=[299,1635] skipped=False
2026-08-30 12:56:12,084 | INFO | validation step=9000 rmse=169.4985 best=127.8805@6500 stale=5/10
2026-08-30 12:56:12,084 | INFO | step=9000/20000 loss=-0.9452474 nll=-0.9463484 kl=0.001100987 consistency=0 lambda=0 beta=1 grad=146.556 horizon=240 lifetime=[464,1007] skipped=False
2026-08-30 12:56:12,585 | INFO | step=9010/20000 loss=-0.6213586 nll=-0.6240402 kl=0.002681524 consistency=0 lambda=0 beta=1 grad=177.6871 horizon=260 lifetime=[453,1858] skipped=False
2026-08-30 12:56:12,976 | INFO | step=9020/20000 loss=-0.4825858 nll=-0.4849541 kl=0.002368331 consistency=0 lambda=0 beta=1 grad=116.0402 horizon=200 lifetime=[460,1055] skipped=False
2026-08-30 12:56:13,402 | INFO | step=9030/20000 loss=-0.1243188 nll=-0.1250167 kl=0.0006979555 consistency=0 lambda=0 beta=1 grad=138.4455 horizon=280 lifetime=[458,1635] skipped=False
2026-08-30 12:56:13,804 | INFO | step=9040/20000 loss=0.2771523 nll=0.2748892 kl=0.002263099 consistency=0 lambda=0 beta=1 grad=107.5354 horizon=160 lifetime=[464,2154] skipped=False
2026-08-30 12:56:14,167 | INFO | step=9050/20000 loss=-0.8789988 nll=-0.8802636 kl=0.001264855 consistency=0 lambda=0 beta=1 grad=49.92002 horizon=260 lifetime=[453,1635] skipped=False
2026-08-30 12:56:14,524 | INFO | step=9060/20000 loss=-0.02365576 nll=-0.02504016 kl=0.001384392 consistency=0 lambda=0 beta=1 grad=34.03452 horizon=120 lifetime=[461,1049] skipped=False
2026-08-30 12:56:14,949 | INFO | step=9070/20000 loss=-0.2908336 nll=-0.2956029 kl=0.004769266 consistency=0 lambda=0 beta=1 grad=181.6901 horizon=300 lifetime=[462,1081] skipped=False
2026-08-30 12:56:15,318 | INFO | step=9080/20000 loss=-0.7359053 nll=-0.7367942 kl=0.0008889139 consistency=0 lambda=0 beta=1 grad=62.91515 horizon=200 lifetime=[443,1154] skipped=False
2026-08-30 12:56:15,676 | INFO | step=9090/20000 loss=0.4075934 nll=0.4042475 kl=0.003345922 consistency=0 lambda=0 beta=1 grad=115.1266 horizon=100 lifetime=[476,1076] skipped=False
2026-08-30 12:56:16,038 | INFO | step=9100/20000 loss=-0.5501502 nll=-0.5511019 kl=0.0009517074 consistency=0 lambda=0 beta=1 grad=113.801 horizon=240 lifetime=[428,1076] skipped=False
2026-08-30 12:56:16,413 | INFO | step=9110/20000 loss=-0.3266825 nll=-0.3309378 kl=0.004255295 consistency=0 lambda=0 beta=1 grad=33.7354 horizon=100 lifetime=[479,863] skipped=False
2026-08-30 12:56:16,782 | INFO | step=9120/20000 loss=-0.5554312 nll=-0.5573662 kl=0.001935005 consistency=0 lambda=0 beta=1 grad=64.79865 horizon=300 lifetime=[479,1932] skipped=False
2026-08-30 12:56:17,179 | INFO | step=9130/20000 loss=-0.3424673 nll=-0.3439027 kl=0.001435399 consistency=0 lambda=0 beta=1 grad=283.8649 horizon=300 lifetime=[460,868] skipped=False
2026-08-30 12:56:17,569 | INFO | step=9140/20000 loss=-0.2359928 nll=-0.2381644 kl=0.002171591 consistency=0 lambda=0 beta=1 grad=31.04434 horizon=100 lifetime=[453,1076] skipped=False
2026-08-30 12:56:17,963 | INFO | step=9150/20000 loss=-0.91625 nll=-0.918434 kl=0.002184063 consistency=0 lambda=0 beta=1 grad=81.76704 horizon=180 lifetime=[482,1154] skipped=False
2026-08-30 12:56:18,387 | INFO | step=9160/20000 loss=-0.3982946 nll=-0.3994241 kl=0.001129523 consistency=0 lambda=0 beta=1 grad=39.29372 horizon=120 lifetime=[437,991] skipped=False
2026-08-30 12:56:18,748 | INFO | step=9170/20000 loss=-0.04982736 nll=-0.052522 kl=0.002694637 consistency=0 lambda=0 beta=1 grad=42.32139 horizon=100 lifetime=[460,1091] skipped=False
2026-08-30 12:56:19,112 | INFO | step=9180/20000 loss=-0.7779752 nll=-0.7805973 kl=0.002622098 consistency=0 lambda=0 beta=1 grad=35.0394 horizon=260 lifetime=[467,930] skipped=False
2026-08-30 12:56:19,409 | INFO | step=9190/20000 loss=-0.1526198 nll=-0.154724 kl=0.002104238 consistency=0 lambda=0 beta=1 grad=64.51926 horizon=100 lifetime=[437,1858] skipped=False
2026-08-30 12:56:19,799 | INFO | step=9200/20000 loss=-0.7016922 nll=-0.7029706 kl=0.001278415 consistency=0 lambda=0 beta=1 grad=114.9623 horizon=280 lifetime=[465,1152] skipped=False
2026-08-30 12:56:20,179 | INFO | step=9210/20000 loss=-0.8682961 nll=-0.86926 kl=0.0009638965 consistency=0 lambda=0 beta=1 grad=27.56849 horizon=180 lifetime=[476,1045] skipped=False
2026-08-30 12:56:20,569 | INFO | step=9220/20000 loss=-0.7932329 nll=-0.7966009 kl=0.00336808 consistency=0 lambda=0 beta=1 grad=86.54079 horizon=280 lifetime=[467,1154] skipped=False
2026-08-30 12:56:20,913 | INFO | step=9230/20000 loss=-0.9252075 nll=-0.9272904 kl=0.002082855 consistency=0 lambda=0 beta=1 grad=139.3091 horizon=180 lifetime=[476,1049] skipped=False
2026-08-30 12:56:21,316 | INFO | step=9240/20000 loss=-0.52668 nll=-0.5297298 kl=0.003049821 consistency=0 lambda=0 beta=1 grad=94.21668 horizon=280 lifetime=[462,1858] skipped=False
2026-08-30 12:56:21,675 | INFO | step=9250/20000 loss=-0.7644591 nll=-0.7652582 kl=0.0007991344 consistency=0 lambda=0 beta=1 grad=54.85186 horizon=240 lifetime=[462,1076] skipped=False
2026-08-30 12:56:22,049 | INFO | step=9260/20000 loss=-0.4192371 nll=-0.4222889 kl=0.003051803 consistency=0 lambda=0 beta=1 grad=73.49194 horizon=140 lifetime=[147,1055] skipped=False
2026-08-30 12:56:22,423 | INFO | step=9270/20000 loss=-0.7999179 nll=-0.8028777 kl=0.002959728 consistency=0 lambda=0 beta=1 grad=69.05653 horizon=220 lifetime=[455,1052] skipped=False
2026-08-30 12:56:22,815 | INFO | step=9280/20000 loss=0.233177 nll=0.2302059 kl=0.002971083 consistency=0 lambda=0 beta=1 grad=54.57433 horizon=120 lifetime=[437,1049] skipped=False
2026-08-30 12:56:23,213 | INFO | step=9290/20000 loss=-1.029863 nll=-1.031065 kl=0.001201048 consistency=0 lambda=0 beta=1 grad=114.3889 horizon=180 lifetime=[455,1038] skipped=False
2026-08-30 12:56:23,596 | INFO | step=9300/20000 loss=-1.710099 nll=-1.7134 kl=0.003300875 consistency=0 lambda=0 beta=1 grad=47.6171 horizon=300 lifetime=[443,942] skipped=False
2026-08-30 12:56:23,982 | INFO | step=9310/20000 loss=-1.279576 nll=-1.281379 kl=0.00180319 consistency=0 lambda=0 beta=1 grad=165.5104 horizon=260 lifetime=[443,964] skipped=False
2026-08-30 12:56:24,384 | INFO | step=9320/20000 loss=0.1005401 nll=0.09906492 kl=0.001475185 consistency=0 lambda=0 beta=1 grad=164.8008 horizon=260 lifetime=[649,1156] skipped=False
2026-08-30 12:56:24,774 | INFO | step=9330/20000 loss=-0.8586894 nll=-0.8607653 kl=0.002075925 consistency=0 lambda=0 beta=1 grad=27.76472 horizon=160 lifetime=[428,1091] skipped=False
2026-08-30 12:56:25,177 | INFO | step=9340/20000 loss=-0.7012722 nll=-0.7023086 kl=0.00103642 consistency=0 lambda=0 beta=1 grad=151.7095 horizon=180 lifetime=[437,860] skipped=False
2026-08-30 12:56:25,559 | INFO | step=9350/20000 loss=-0.4784326 nll=-0.4818653 kl=0.003432676 consistency=0 lambda=0 beta=1 grad=101.0882 horizon=140 lifetime=[464,2154] skipped=False
2026-08-30 12:56:25,952 | INFO | step=9360/20000 loss=-1.238829 nll=-1.240916 kl=0.002087101 consistency=0 lambda=0 beta=1 grad=37.69991 horizon=180 lifetime=[464,938] skipped=False
2026-08-30 12:56:26,316 | INFO | step=9370/20000 loss=-0.4045956 nll=-0.4067081 kl=0.002112433 consistency=0 lambda=0 beta=1 grad=77.78087 horizon=180 lifetime=[500,2154] skipped=False
2026-08-30 12:56:26,700 | INFO | step=9380/20000 loss=0.06581219 nll=0.06454307 kl=0.001269117 consistency=0 lambda=0 beta=1 grad=160.1873 horizon=300 lifetime=[453,1052] skipped=False
2026-08-30 12:56:27,070 | INFO | step=9390/20000 loss=-0.2558174 nll=-0.257021 kl=0.001203567 consistency=0 lambda=0 beta=1 grad=104.2099 horizon=180 lifetime=[437,1152] skipped=False
2026-08-30 12:56:27,467 | INFO | step=9400/20000 loss=-0.7492379 nll=-0.7537768 kl=0.004538864 consistency=0 lambda=0 beta=1 grad=83.52392 horizon=160 lifetime=[428,1081] skipped=False
2026-08-30 12:56:27,876 | INFO | step=9410/20000 loss=-0.1734776 nll=-0.1760254 kl=0.002547815 consistency=0 lambda=0 beta=1 grad=134.9329 horizon=280 lifetime=[470,1152] skipped=False
2026-08-30 12:56:28,251 | INFO | step=9420/20000 loss=0.02987032 nll=0.0268766 kl=0.002993718 consistency=0 lambda=0 beta=1 grad=108.2626 horizon=100 lifetime=[299,868] skipped=False
2026-08-30 12:56:28,632 | INFO | step=9430/20000 loss=-0.6005879 nll=-0.6023919 kl=0.001803979 consistency=0 lambda=0 beta=1 grad=111.9493 horizon=220 lifetime=[437,1045] skipped=False
2026-08-30 12:56:29,005 | INFO | step=9440/20000 loss=0.1342113 nll=0.1332361 kl=0.0009752065 consistency=0 lambda=0 beta=1 grad=199.8983 horizon=220 lifetime=[501,1012] skipped=False
2026-08-30 12:56:29,400 | INFO | step=9450/20000 loss=-0.9163228 nll=-0.9188291 kl=0.002506301 consistency=0 lambda=0 beta=1 grad=157.9345 horizon=220 lifetime=[428,1152] skipped=False
2026-08-30 12:56:29,826 | INFO | step=9460/20000 loss=-0.9361115 nll=-0.9391859 kl=0.003074333 consistency=0 lambda=0 beta=1 grad=143.4627 horizon=260 lifetime=[299,1152] skipped=False
2026-08-30 12:56:30,227 | INFO | step=9470/20000 loss=-0.6350304 nll=-0.6364704 kl=0.001440048 consistency=0 lambda=0 beta=1 grad=138.3051 horizon=240 lifetime=[299,836] skipped=False
2026-08-30 12:56:30,633 | INFO | step=9480/20000 loss=0.02008377 nll=0.01808523 kl=0.001998544 consistency=0 lambda=0 beta=1 grad=232.173 horizon=240 lifetime=[428,1007] skipped=False
2026-08-30 12:56:31,027 | INFO | step=9490/20000 loss=-0.9421527 nll=-0.9436443 kl=0.001491591 consistency=0 lambda=0 beta=1 grad=42.57417 horizon=260 lifetime=[460,1152] skipped=False
2026-08-30 12:56:31,629 | INFO | validation step=9500 rmse=173.5464 best=127.8805@6500 stale=6/10
2026-08-30 12:56:31,629 | INFO | step=9500/20000 loss=-0.05594939 nll=-0.05941498 kl=0.003465593 consistency=0 lambda=0 beta=1 grad=449.0478 horizon=280 lifetime=[460,1152] skipped=False
2026-08-30 12:56:32,103 | INFO | step=9510/20000 loss=-1.041308 nll=-1.042264 kl=0.0009556413 consistency=0 lambda=0 beta=1 grad=144.377 horizon=220 lifetime=[460,1038] skipped=False
2026-08-30 12:56:32,482 | INFO | step=9520/20000 loss=-0.06821951 nll=-0.07085672 kl=0.002637208 consistency=0 lambda=0 beta=1 grad=88.2256 horizon=120 lifetime=[461,1081] skipped=False
2026-08-30 12:56:32,878 | INFO | step=9530/20000 loss=-0.1202573 nll=-0.1228224 kl=0.002565116 consistency=0 lambda=0 beta=1 grad=158.302 horizon=260 lifetime=[493,875] skipped=False
2026-08-30 12:56:33,293 | INFO | step=9540/20000 loss=-0.6342806 nll=-0.6357522 kl=0.001471564 consistency=0 lambda=0 beta=1 grad=115.5854 horizon=160 lifetime=[476,1858] skipped=False
2026-08-30 12:56:33,646 | INFO | step=9550/20000 loss=-0.1623991 nll=-0.1640096 kl=0.001610473 consistency=0 lambda=0 beta=1 grad=230.4973 horizon=140 lifetime=[299,1858] skipped=False
2026-08-30 12:56:34,019 | INFO | step=9560/20000 loss=-1.022582 nll=-1.023592 kl=0.001010433 consistency=0 lambda=0 beta=1 grad=81.84431 horizon=140 lifetime=[443,1052] skipped=False
2026-08-30 12:56:34,389 | INFO | step=9570/20000 loss=-1.115526 nll=-1.119703 kl=0.004176185 consistency=0 lambda=0 beta=1 grad=113.2545 horizon=280 lifetime=[465,1045] skipped=False
2026-08-30 12:56:34,789 | INFO | step=9580/20000 loss=-0.6547253 nll=-0.6566327 kl=0.001907378 consistency=0 lambda=0 beta=1 grad=145.9163 horizon=200 lifetime=[460,1154] skipped=False
2026-08-30 12:56:35,196 | INFO | step=9590/20000 loss=-0.8858083 nll=-0.8879216 kl=0.002113283 consistency=0 lambda=0 beta=1 grad=79.91865 horizon=280 lifetime=[453,1049] skipped=False
2026-08-30 12:56:35,548 | INFO | step=9600/20000 loss=-0.02954667 nll=-0.03261871 kl=0.003072038 consistency=0 lambda=0 beta=1 grad=22.53727 horizon=120 lifetime=[597,1635] skipped=False
2026-08-30 12:56:35,913 | INFO | step=9610/20000 loss=-0.7593308 nll=-0.7604831 kl=0.001152322 consistency=0 lambda=0 beta=1 grad=53.16203 horizon=240 lifetime=[428,1055] skipped=False
2026-08-30 12:56:36,310 | INFO | step=9620/20000 loss=-0.3008267 nll=-0.3040207 kl=0.003194019 consistency=0 lambda=0 beta=1 grad=71.40504 horizon=100 lifetime=[500,1635] skipped=False
2026-08-30 12:56:36,708 | INFO | step=9630/20000 loss=0.1066653 nll=0.09899791 kl=0.007667348 consistency=0 lambda=0 beta=1 grad=80.28372 horizon=100 lifetime=[458,1076] skipped=False
2026-08-30 12:56:37,115 | INFO | step=9640/20000 loss=-0.7067142 nll=-0.7075526 kl=0.0008384436 consistency=0 lambda=0 beta=1 grad=129.7341 horizon=200 lifetime=[462,1154] skipped=False
2026-08-30 12:56:37,499 | INFO | step=9650/20000 loss=-0.1960439 nll=-0.1978545 kl=0.00181067 consistency=0 lambda=0 beta=1 grad=141.6719 horizon=120 lifetime=[428,1156] skipped=False
2026-08-30 12:56:37,892 | INFO | step=9660/20000 loss=-0.6397785 nll=-0.642303 kl=0.002524465 consistency=0 lambda=0 beta=1 grad=65.09506 horizon=140 lifetime=[467,1635] skipped=False
2026-08-30 12:56:38,312 | INFO | step=9670/20000 loss=-0.854856 nll=-0.8557128 kl=0.0008567274 consistency=0 lambda=0 beta=1 grad=60.85128 horizon=280 lifetime=[455,1055] skipped=False
2026-08-30 12:56:38,696 | INFO | step=9680/20000 loss=-0.1815314 nll=-0.1827888 kl=0.001257449 consistency=0 lambda=0 beta=1 grad=114.7902 horizon=160 lifetime=[428,742] skipped=False
2026-08-30 12:56:39,100 | INFO | step=9690/20000 loss=-1.130814 nll=-1.132136 kl=0.001322567 consistency=0 lambda=0 beta=1 grad=119.0581 horizon=280 lifetime=[437,909] skipped=False
2026-08-30 12:56:39,482 | INFO | step=9700/20000 loss=-1.299285 nll=-1.301165 kl=0.001879513 consistency=0 lambda=0 beta=1 grad=87.27483 horizon=180 lifetime=[443,915] skipped=False
2026-08-30 12:56:39,916 | INFO | step=9710/20000 loss=-0.576876 nll=-0.5809639 kl=0.00408788 consistency=0 lambda=0 beta=1 grad=187.1236 horizon=300 lifetime=[476,991] skipped=False
2026-08-30 12:56:40,284 | INFO | step=9720/20000 loss=-0.4041176 nll=-0.4085906 kl=0.004472911 consistency=0 lambda=0 beta=1 grad=24.0536 horizon=240 lifetime=[534,2154] skipped=False
2026-08-30 12:56:40,704 | INFO | step=9730/20000 loss=0.1591612 nll=0.1577022 kl=0.001458913 consistency=0 lambda=0 beta=1 grad=95.87831 horizon=280 lifetime=[462,1156] skipped=False
2026-08-30 12:56:41,108 | INFO | step=9740/20000 loss=-1.343942 nll=-1.345298 kl=0.001355648 consistency=0 lambda=0 beta=1 grad=32.29507 horizon=220 lifetime=[428,942] skipped=False
2026-08-30 12:56:41,435 | INFO | step=9750/20000 loss=0.8051635 nll=0.8035589 kl=0.001604527 consistency=0 lambda=0 beta=1 grad=525.5178 horizon=180 lifetime=[500,1932] skipped=False
2026-08-30 12:56:41,818 | INFO | step=9760/20000 loss=-0.918203 nll=-0.9200572 kl=0.001854181 consistency=0 lambda=0 beta=1 grad=172.2847 horizon=300 lifetime=[460,1012] skipped=False
2026-08-30 12:56:42,215 | INFO | step=9770/20000 loss=-0.7198405 nll=-0.7218829 kl=0.002042413 consistency=0 lambda=0 beta=1 grad=105.9174 horizon=140 lifetime=[428,1858] skipped=False
2026-08-30 12:56:42,680 | INFO | step=9780/20000 loss=-1.184787 nll=-1.185936 kl=0.001149267 consistency=0 lambda=0 beta=1 grad=84.73608 horizon=240 lifetime=[460,860] skipped=False
2026-08-30 12:56:43,069 | INFO | step=9790/20000 loss=-0.8906119 nll=-0.8931359 kl=0.002524018 consistency=0 lambda=0 beta=1 grad=68.59152 horizon=200 lifetime=[462,1154] skipped=False
2026-08-30 12:56:43,445 | INFO | step=9800/20000 loss=-1.089213 nll=-1.091156 kl=0.001942277 consistency=0 lambda=0 beta=1 grad=59.59058 horizon=260 lifetime=[476,1012] skipped=False
2026-08-30 12:56:43,837 | INFO | step=9810/20000 loss=0.1193262 nll=0.1160991 kl=0.003227085 consistency=0 lambda=0 beta=1 grad=82.77246 horizon=120 lifetime=[437,1045] skipped=False
2026-08-30 12:56:44,197 | INFO | step=9820/20000 loss=1.122083 nll=1.117338 kl=0.004744917 consistency=0 lambda=0 beta=1 grad=317.0695 horizon=100 lifetime=[493,1052] skipped=False
2026-08-30 12:56:44,581 | INFO | step=9830/20000 loss=-0.6261008 nll=-0.6283913 kl=0.002290487 consistency=0 lambda=0 beta=1 grad=127.4624 horizon=140 lifetime=[479,1076] skipped=False
2026-08-30 12:56:44,925 | INFO | step=9840/20000 loss=-0.1639518 nll=-0.1685849 kl=0.004633173 consistency=0 lambda=0 beta=1 grad=34.95254 horizon=100 lifetime=[479,1152] skipped=False
2026-08-30 12:56:45,338 | INFO | step=9850/20000 loss=-0.7106629 nll=-0.7114506 kl=0.0007876754 consistency=0 lambda=0 beta=1 grad=194.9703 horizon=220 lifetime=[462,1156] skipped=False
2026-08-30 12:56:45,732 | INFO | step=9860/20000 loss=-0.6995951 nll=-0.7011662 kl=0.001571059 consistency=0 lambda=0 beta=1 grad=70.96286 horizon=140 lifetime=[299,942] skipped=False
2026-08-30 12:56:46,098 | INFO | step=9870/20000 loss=-1.33615 nll=-1.337867 kl=0.001716107 consistency=0 lambda=0 beta=1 grad=56.79711 horizon=220 lifetime=[455,991] skipped=False
2026-08-30 12:56:46,469 | INFO | step=9880/20000 loss=-1.027046 nll=-1.028904 kl=0.001858026 consistency=0 lambda=0 beta=1 grad=48.08195 horizon=220 lifetime=[476,1045] skipped=False
2026-08-30 12:56:46,847 | INFO | step=9890/20000 loss=-0.3258378 nll=-0.3274996 kl=0.001661807 consistency=0 lambda=0 beta=1 grad=76.79001 horizon=160 lifetime=[491,1154] skipped=False
2026-08-30 12:56:47,220 | INFO | step=9900/20000 loss=-0.2125938 nll=-0.2157902 kl=0.003196478 consistency=0 lambda=0 beta=1 grad=78.04156 horizon=100 lifetime=[453,1081] skipped=False
2026-08-30 12:56:47,626 | INFO | step=9910/20000 loss=-0.4562354 nll=-0.4571636 kl=0.0009281635 consistency=0 lambda=0 beta=1 grad=75.62958 horizon=160 lifetime=[484,1045] skipped=False
2026-08-30 12:56:48,019 | INFO | step=9920/20000 loss=-1.001529 nll=-1.003146 kl=0.001617283 consistency=0 lambda=0 beta=1 grad=50.6308 horizon=200 lifetime=[455,1858] skipped=False
2026-08-30 12:56:48,399 | INFO | step=9930/20000 loss=-0.152724 nll=-0.1572502 kl=0.004526138 consistency=0 lambda=0 beta=1 grad=210.1479 horizon=240 lifetime=[299,915] skipped=False
2026-08-30 12:56:48,805 | INFO | step=9940/20000 loss=-0.1953008 nll=-0.1965525 kl=0.001251638 consistency=0 lambda=0 beta=1 grad=144.753 horizon=300 lifetime=[461,1055] skipped=False
2026-08-30 12:56:49,194 | INFO | step=9950/20000 loss=-0.2277447 nll=-0.22932 kl=0.001575351 consistency=0 lambda=0 beta=1 grad=194.8321 horizon=180 lifetime=[458,1932] skipped=False
2026-08-30 12:56:49,585 | INFO | step=9960/20000 loss=-0.8287059 nll=-0.8312502 kl=0.002544254 consistency=0 lambda=0 beta=1 grad=185.1984 horizon=260 lifetime=[428,1156] skipped=False
2026-08-30 12:56:49,972 | INFO | step=9970/20000 loss=-0.7074418 nll=-0.7090355 kl=0.001593679 consistency=0 lambda=0 beta=1 grad=56.70576 horizon=240 lifetime=[508,1635] skipped=False
2026-08-30 12:56:50,398 | INFO | step=9980/20000 loss=-1.142751 nll=-1.143851 kl=0.001100361 consistency=0 lambda=0 beta=1 grad=120.1305 horizon=240 lifetime=[460,1025] skipped=False
2026-08-30 12:56:50,755 | INFO | step=9990/20000 loss=-1.330844 nll=-1.332846 kl=0.002002567 consistency=0 lambda=0 beta=1 grad=236.8568 horizon=240 lifetime=[453,1052] skipped=False
2026-08-30 12:56:51,409 | INFO | validation step=10000 rmse=137.8307 best=127.8805@6500 stale=7/10
2026-08-30 12:56:51,409 | INFO | step=10000/20000 loss=-0.7823418 nll=-0.7850757 kl=0.002733886 consistency=0 lambda=0 beta=1 grad=82.60526 horizon=160 lifetime=[437,1045] skipped=False
2026-08-30 12:56:51,838 | INFO | step=10010/20000 loss=-0.4117447 nll=-0.4149647 kl=0.003219992 consistency=0 lambda=0 beta=1 grad=88.2462 horizon=160 lifetime=[498,1076] skipped=False
2026-08-30 12:56:52,211 | INFO | step=10020/20000 loss=-0.5102491 nll=-0.5132899 kl=0.00304085 consistency=0 lambda=0 beta=1 grad=94.64911 horizon=120 lifetime=[533,1052] skipped=False
2026-08-30 12:56:52,572 | INFO | step=10030/20000 loss=-0.8175654 nll=-0.8182129 kl=0.0006474555 consistency=0 lambda=0 beta=1 grad=45.91628 horizon=160 lifetime=[464,1858] skipped=False
2026-08-30 12:56:52,952 | INFO | step=10040/20000 loss=-0.2015455 nll=-0.2066717 kl=0.005126268 consistency=0 lambda=0 beta=1 grad=144.3052 horizon=300 lifetime=[453,1052] skipped=False
2026-08-30 12:56:53,365 | INFO | step=10050/20000 loss=-1.140534 nll=-1.142154 kl=0.001619935 consistency=0 lambda=0 beta=1 grad=57.19504 horizon=220 lifetime=[428,1015] skipped=False
2026-08-30 12:56:53,782 | INFO | step=10060/20000 loss=-0.179329 nll=-0.1819389 kl=0.002609819 consistency=0 lambda=0 beta=1 grad=inf horizon=280 lifetime=[500,988] skipped=True
2026-08-30 12:56:54,130 | INFO | step=10070/20000 loss=0.006161079 nll=0.004316643 kl=0.001844436 consistency=0 lambda=0 beta=1 grad=51.02919 horizon=100 lifetime=[147,1635] skipped=False
2026-08-30 12:56:54,482 | INFO | step=10080/20000 loss=-0.8629082 nll=-0.86615 kl=0.003241718 consistency=0 lambda=0 beta=1 grad=77.84705 horizon=220 lifetime=[458,826] skipped=False
2026-08-30 12:56:54,918 | INFO | step=10090/20000 loss=-0.3173858 nll=-0.3194378 kl=0.002051979 consistency=0 lambda=0 beta=1 grad=103.1314 horizon=260 lifetime=[458,1858] skipped=False
2026-08-30 12:56:55,331 | INFO | step=10100/20000 loss=-0.1723078 nll=-0.1750195 kl=0.002711743 consistency=0 lambda=0 beta=1 grad=145.7201 horizon=140 lifetime=[147,1156] skipped=False
2026-08-30 12:56:55,750 | INFO | step=10110/20000 loss=-0.3439773 nll=-0.3445973 kl=0.0006199181 consistency=0 lambda=0 beta=1 grad=84.33486 horizon=200 lifetime=[467,1932] skipped=False
2026-08-30 12:56:56,125 | INFO | step=10120/20000 loss=-1.198671 nll=-1.199239 kl=0.0005677938 consistency=0 lambda=0 beta=1 grad=89.51192 horizon=300 lifetime=[486,1052] skipped=False
2026-08-30 12:56:56,539 | INFO | step=10130/20000 loss=-1.034861 nll=-1.035795 kl=0.000934273 consistency=0 lambda=0 beta=1 grad=186.8149 horizon=140 lifetime=[453,964] skipped=False
2026-08-30 12:56:56,924 | INFO | step=10140/20000 loss=-0.4450869 nll=-0.4483897 kl=0.003302783 consistency=0 lambda=0 beta=1 grad=169.4462 horizon=120 lifetime=[428,1076] skipped=False
2026-08-30 12:56:57,338 | INFO | step=10150/20000 loss=-0.7590228 nll=-0.7612919 kl=0.002269089 consistency=0 lambda=0 beta=1 grad=180.5202 horizon=280 lifetime=[458,988] skipped=False
2026-08-30 12:56:57,800 | INFO | step=10160/20000 loss=-0.0553903 nll=-0.05749115 kl=0.002100855 consistency=0 lambda=0 beta=1 grad=308.7323 horizon=220 lifetime=[443,1000] skipped=False
2026-08-30 12:56:58,195 | INFO | step=10170/20000 loss=-0.5992042 nll=-0.6007423 kl=0.001538187 consistency=0 lambda=0 beta=1 grad=71.83468 horizon=200 lifetime=[460,1635] skipped=False
2026-08-30 12:56:58,579 | INFO | step=10180/20000 loss=-1.015902 nll=-1.020273 kl=0.004371732 consistency=0 lambda=0 beta=1 grad=184.1991 horizon=260 lifetime=[437,1081] skipped=False
2026-08-30 12:56:58,942 | INFO | step=10190/20000 loss=-0.7511707 nll=-0.7550111 kl=0.003840446 consistency=0 lambda=0 beta=1 grad=100.9345 horizon=240 lifetime=[437,1932] skipped=False
2026-08-30 12:56:59,383 | INFO | step=10200/20000 loss=-0.6569471 nll=-0.6606699 kl=0.003722817 consistency=0 lambda=0 beta=1 grad=53.38804 horizon=100 lifetime=[458,964] skipped=False
2026-08-30 12:56:59,724 | INFO | step=10210/20000 loss=-0.1631398 nll=-0.1739107 kl=0.01077092 consistency=0 lambda=0 beta=1 grad=48.45336 horizon=100 lifetime=[467,988] skipped=False
2026-08-30 12:57:00,079 | INFO | step=10220/20000 loss=-0.1923888 nll=-0.1947732 kl=0.002384365 consistency=0 lambda=0 beta=1 grad=21.53544 horizon=100 lifetime=[443,1932] skipped=False
2026-08-30 12:57:00,507 | INFO | step=10230/20000 loss=-1.2108 nll=-1.212007 kl=0.001207739 consistency=0 lambda=0 beta=1 grad=112.1144 horizon=300 lifetime=[464,1012] skipped=False
2026-08-30 12:57:00,926 | INFO | step=10240/20000 loss=-1.192183 nll=-1.193927 kl=0.001743734 consistency=0 lambda=0 beta=1 grad=112.9612 horizon=300 lifetime=[437,747] skipped=False
2026-08-30 12:57:01,348 | INFO | step=10250/20000 loss=-1.174375 nll=-1.175422 kl=0.00104785 consistency=0 lambda=0 beta=1 grad=46.692 horizon=240 lifetime=[464,1076] skipped=False
2026-08-30 12:57:01,724 | INFO | step=10260/20000 loss=-0.9380345 nll=-0.9390624 kl=0.001027912 consistency=0 lambda=0 beta=1 grad=174.569 horizon=220 lifetime=[484,942] skipped=False
2026-08-30 12:57:02,117 | INFO | step=10270/20000 loss=-0.8878958 nll=-0.8888794 kl=0.0009835958 consistency=0 lambda=0 beta=1 grad=187.3666 horizon=280 lifetime=[505,1015] skipped=False
2026-08-30 12:57:02,450 | INFO | step=10280/20000 loss=0.508324 nll=0.5065811 kl=0.00174287 consistency=0 lambda=0 beta=1 grad=135.9612 horizon=100 lifetime=[486,1156] skipped=False
2026-08-30 12:57:02,851 | INFO | step=10290/20000 loss=-0.9058865 nll=-0.9070949 kl=0.001208395 consistency=0 lambda=0 beta=1 grad=106.7485 horizon=260 lifetime=[437,1015] skipped=False
2026-08-30 12:57:03,231 | INFO | step=10300/20000 loss=-0.7874362 nll=-0.7884383 kl=0.001002043 consistency=0 lambda=0 beta=1 grad=66.35487 horizon=300 lifetime=[560,1091] skipped=False
2026-08-30 12:57:03,576 | INFO | step=10310/20000 loss=-0.9670429 nll=-0.9699176 kl=0.002874643 consistency=0 lambda=0 beta=1 grad=118.164 horizon=240 lifetime=[443,1091] skipped=False
2026-08-30 12:57:03,952 | INFO | step=10320/20000 loss=-0.7746667 nll=-0.7779329 kl=0.003266215 consistency=0 lambda=0 beta=1 grad=35.74139 horizon=180 lifetime=[455,1045] skipped=False
2026-08-30 12:57:04,301 | INFO | step=10330/20000 loss=0.08544616 nll=0.08248274 kl=0.002963424 consistency=0 lambda=0 beta=1 grad=193.0876 horizon=180 lifetime=[476,1932] skipped=False
2026-08-30 12:57:04,678 | INFO | step=10340/20000 loss=0.1891335 nll=0.1877088 kl=0.00142473 consistency=0 lambda=0 beta=1 grad=385.662 horizon=180 lifetime=[453,1156] skipped=False
2026-08-30 12:57:05,095 | INFO | step=10350/20000 loss=-0.9328485 nll=-0.9350474 kl=0.002198964 consistency=0 lambda=0 beta=1 grad=46.32684 horizon=220 lifetime=[526,1076] skipped=False
2026-08-30 12:57:05,460 | INFO | step=10360/20000 loss=-0.8173069 nll=-0.8208501 kl=0.003543228 consistency=0 lambda=0 beta=1 grad=101.2463 horizon=280 lifetime=[476,1858] skipped=False
2026-08-30 12:57:05,839 | INFO | step=10370/20000 loss=-1.095731 nll=-1.099688 kl=0.003957272 consistency=0 lambda=0 beta=1 grad=119.3052 horizon=220 lifetime=[539,909] skipped=False
2026-08-30 12:57:06,253 | INFO | step=10380/20000 loss=-1.00165 nll=-1.003503 kl=0.001853496 consistency=0 lambda=0 beta=1 grad=44.02453 horizon=180 lifetime=[460,828] skipped=False
2026-08-30 12:57:06,654 | INFO | step=10390/20000 loss=-1.198609 nll=-1.203573 kl=0.004964441 consistency=0 lambda=0 beta=1 grad=46.45314 horizon=240 lifetime=[470,863] skipped=False
2026-08-30 12:57:07,050 | INFO | step=10400/20000 loss=-0.7221369 nll=-0.7244653 kl=0.002328336 consistency=0 lambda=0 beta=1 grad=275.5174 horizon=280 lifetime=[476,2154] skipped=False
2026-08-30 12:57:07,443 | INFO | step=10410/20000 loss=-1.059205 nll=-1.062874 kl=0.003669709 consistency=0 lambda=0 beta=1 grad=38.45316 horizon=220 lifetime=[649,1081] skipped=False
2026-08-30 12:57:07,780 | INFO | step=10420/20000 loss=-0.4445664 nll=-0.4476722 kl=0.003105789 consistency=0 lambda=0 beta=1 grad=47.14445 horizon=100 lifetime=[460,742] skipped=False
2026-08-30 12:57:08,167 | INFO | step=10430/20000 loss=0.2094765 nll=0.207369 kl=0.002107501 consistency=0 lambda=0 beta=1 grad=115.2978 horizon=120 lifetime=[482,815] skipped=False
2026-08-30 12:57:08,544 | INFO | step=10440/20000 loss=-0.6819745 nll=-0.6826567 kl=0.0006822348 consistency=0 lambda=0 beta=1 grad=103.85 horizon=200 lifetime=[677,1076] skipped=False
2026-08-30 12:57:08,951 | INFO | step=10450/20000 loss=-1.109683 nll=-1.111515 kl=0.0018318 consistency=0 lambda=0 beta=1 grad=48.38096 horizon=160 lifetime=[482,964] skipped=False
2026-08-30 12:57:09,334 | INFO | step=10460/20000 loss=-1.217665 nll=-1.219834 kl=0.002168506 consistency=0 lambda=0 beta=1 grad=156.7816 horizon=160 lifetime=[299,869] skipped=False
2026-08-30 12:57:09,728 | INFO | step=10470/20000 loss=-0.3322098 nll=-0.3362832 kl=0.004073441 consistency=0 lambda=0 beta=1 grad=236.9144 horizon=120 lifetime=[455,847] skipped=False
2026-08-30 12:57:10,112 | INFO | step=10480/20000 loss=-0.7425014 nll=-0.7436181 kl=0.001116693 consistency=0 lambda=0 beta=1 grad=119.4233 horizon=220 lifetime=[299,1045] skipped=False
2026-08-30 12:57:10,521 | INFO | step=10490/20000 loss=-0.7704294 nll=-0.7738189 kl=0.003389478 consistency=0 lambda=0 beta=1 grad=53.87965 horizon=180 lifetime=[470,1052] skipped=False
2026-08-30 12:57:11,153 | INFO | validation step=10500 rmse=154.4914 best=127.8805@6500 stale=8/10
2026-08-30 12:57:11,153 | INFO | step=10500/20000 loss=-0.113755 nll=-0.1153285 kl=0.001573533 consistency=0 lambda=0 beta=1 grad=191.8674 horizon=140 lifetime=[428,2154] skipped=False
2026-08-30 12:57:11,628 | INFO | step=10510/20000 loss=-0.97198 nll=-0.9739216 kl=0.001941592 consistency=0 lambda=0 beta=1 grad=61.40192 horizon=200 lifetime=[476,1154] skipped=False
2026-08-30 12:57:12,007 | INFO | step=10520/20000 loss=-0.3548472 nll=-0.3565449 kl=0.001697689 consistency=0 lambda=0 beta=1 grad=218.3083 horizon=280 lifetime=[461,964] skipped=False
2026-08-30 12:57:12,338 | INFO | step=10530/20000 loss=-0.8648479 nll=-0.8672038 kl=0.002355933 consistency=0 lambda=0 beta=1 grad=65.31435 horizon=160 lifetime=[299,2154] skipped=False
2026-08-30 12:57:12,771 | INFO | step=10540/20000 loss=-0.4384943 nll=-0.440913 kl=0.002418667 consistency=0 lambda=0 beta=1 grad=40.37617 horizon=140 lifetime=[443,1858] skipped=False
2026-08-30 12:57:13,187 | INFO | step=10550/20000 loss=-0.491379 nll=-0.4926837 kl=0.001304746 consistency=0 lambda=0 beta=1 grad=110.7577 horizon=220 lifetime=[299,1055] skipped=False
2026-08-30 12:57:13,579 | INFO | step=10560/20000 loss=-0.4170907 nll=-0.4180942 kl=0.001003504 consistency=0 lambda=0 beta=1 grad=166.1506 horizon=220 lifetime=[486,1152] skipped=False
2026-08-30 12:57:13,996 | INFO | step=10570/20000 loss=-0.9302891 nll=-0.931568 kl=0.001278937 consistency=0 lambda=0 beta=1 grad=82.74348 horizon=200 lifetime=[498,1052] skipped=False
2026-08-30 12:57:14,393 | INFO | step=10580/20000 loss=-0.7317295 nll=-0.7325696 kl=0.0008400381 consistency=0 lambda=0 beta=1 grad=280.8219 horizon=220 lifetime=[443,938] skipped=False
2026-08-30 12:57:14,761 | INFO | step=10590/20000 loss=-0.005975783 nll=-0.01006943 kl=0.004093647 consistency=0 lambda=0 beta=1 grad=173.6784 horizon=100 lifetime=[299,2154] skipped=False
2026-08-30 12:57:15,197 | INFO | step=10600/20000 loss=-0.3924417 nll=-0.3936532 kl=0.001211494 consistency=0 lambda=0 beta=1 grad=149.2832 horizon=260 lifetime=[461,1154] skipped=False
2026-08-30 12:57:15,541 | INFO | step=10610/20000 loss=-0.2613397 nll=-0.2631153 kl=0.001775593 consistency=0 lambda=0 beta=1 grad=86.02213 horizon=120 lifetime=[428,2154] skipped=False
2026-08-30 12:57:15,902 | INFO | step=10620/20000 loss=-0.2160341 nll=-0.21714 kl=0.001105875 consistency=0 lambda=0 beta=1 grad=198.4774 horizon=140 lifetime=[455,1154] skipped=False
2026-08-30 12:57:16,288 | INFO | step=10630/20000 loss=-1.009239 nll=-1.011086 kl=0.001846403 consistency=0 lambda=0 beta=1 grad=44.74353 horizon=180 lifetime=[461,964] skipped=False
2026-08-30 12:57:16,647 | INFO | step=10640/20000 loss=0.08039311 nll=0.07762337 kl=0.002769738 consistency=0 lambda=0 beta=1 grad=142.425 horizon=100 lifetime=[428,1152] skipped=False
2026-08-30 12:57:17,065 | INFO | step=10650/20000 loss=-1.053999 nll=-1.055439 kl=0.001439512 consistency=0 lambda=0 beta=1 grad=64.78754 horizon=300 lifetime=[453,847] skipped=False
2026-08-30 12:57:17,418 | INFO | step=10660/20000 loss=-0.72391 nll=-0.7258406 kl=0.001930684 consistency=0 lambda=0 beta=1 grad=37.31776 horizon=180 lifetime=[467,1091] skipped=False
2026-08-30 12:57:17,791 | INFO | step=10670/20000 loss=-0.8479065 nll=-0.849714 kl=0.001807481 consistency=0 lambda=0 beta=1 grad=79.97577 horizon=240 lifetime=[464,836] skipped=False
2026-08-30 12:57:18,137 | INFO | step=10680/20000 loss=-0.9648856 nll=-0.9668317 kl=0.001946151 consistency=0 lambda=0 beta=1 grad=74.63893 horizon=240 lifetime=[467,909] skipped=False
2026-08-30 12:57:18,545 | INFO | step=10690/20000 loss=-0.5289164 nll=-0.5341364 kl=0.005220085 consistency=0 lambda=0 beta=1 grad=158.0891 horizon=160 lifetime=[465,1932] skipped=False
2026-08-30 12:57:18,942 | INFO | step=10700/20000 loss=-0.9407005 nll=-0.9432837 kl=0.002583146 consistency=0 lambda=0 beta=1 grad=140.6075 horizon=280 lifetime=[470,1045] skipped=False
2026-08-30 12:57:19,317 | INFO | step=10710/20000 loss=-0.8382264 nll=-0.8408972 kl=0.002670765 consistency=0 lambda=0 beta=1 grad=182.0753 horizon=220 lifetime=[460,1091] skipped=False
2026-08-30 12:57:19,677 | INFO | step=10720/20000 loss=-0.8829992 nll=-0.8837966 kl=0.0007973909 consistency=0 lambda=0 beta=1 grad=126.1343 horizon=280 lifetime=[484,1007] skipped=False
2026-08-30 12:57:20,048 | INFO | step=10730/20000 loss=-0.7201443 nll=-0.721933 kl=0.001788706 consistency=0 lambda=0 beta=1 grad=62.10589 horizon=280 lifetime=[671,1152] skipped=False
2026-08-30 12:57:20,421 | INFO | step=10740/20000 loss=-0.4595753 nll=-0.4615585 kl=0.001983225 consistency=0 lambda=0 beta=1 grad=57.46569 horizon=140 lifetime=[476,1012] skipped=False
2026-08-30 12:57:20,817 | INFO | step=10750/20000 loss=-0.6827465 nll=-0.6858303 kl=0.003083825 consistency=0 lambda=0 beta=1 grad=43.93048 horizon=220 lifetime=[497,1635] skipped=False
2026-08-30 12:57:21,223 | INFO | step=10760/20000 loss=-0.9873154 nll=-0.9896457 kl=0.002330363 consistency=0 lambda=0 beta=1 grad=160.9323 horizon=220 lifetime=[460,2154] skipped=False
2026-08-30 12:57:21,561 | INFO | step=10770/20000 loss=-0.4576654 nll=-0.4594406 kl=0.001775205 consistency=0 lambda=0 beta=1 grad=124.4659 horizon=120 lifetime=[484,1025] skipped=False
2026-08-30 12:57:21,920 | INFO | step=10780/20000 loss=-0.3476063 nll=-0.3518107 kl=0.004204422 consistency=0 lambda=0 beta=1 grad=40.60945 horizon=120 lifetime=[299,1858] skipped=False
2026-08-30 12:57:22,341 | INFO | step=10790/20000 loss=-1.166984 nll=-1.169902 kl=0.002917677 consistency=0 lambda=0 beta=1 grad=22.9468 horizon=180 lifetime=[467,1635] skipped=False
2026-08-30 12:57:22,759 | INFO | step=10800/20000 loss=-0.7939805 nll=-0.7963295 kl=0.002349019 consistency=0 lambda=0 beta=1 grad=117.9404 horizon=160 lifetime=[437,964] skipped=False
2026-08-30 12:57:23,135 | INFO | step=10810/20000 loss=0.8413553 nll=0.8384812 kl=0.002874136 consistency=0 lambda=0 beta=1 grad=339.7791 horizon=160 lifetime=[453,1091] skipped=False
2026-08-30 12:57:23,523 | INFO | step=10820/20000 loss=-0.6888342 nll=-0.6904571 kl=0.001622945 consistency=0 lambda=0 beta=1 grad=144.0051 horizon=300 lifetime=[443,1932] skipped=False
2026-08-30 12:57:23,880 | INFO | step=10830/20000 loss=-0.7451743 nll=-0.749205 kl=0.004030675 consistency=0 lambda=0 beta=1 grad=40.04846 horizon=160 lifetime=[299,1932] skipped=False
2026-08-30 12:57:24,272 | INFO | step=10840/20000 loss=-0.2458754 nll=-0.2496027 kl=0.003727317 consistency=0 lambda=0 beta=1 grad=111.5498 horizon=140 lifetime=[147,1081] skipped=False
2026-08-30 12:57:24,626 | INFO | step=10850/20000 loss=-0.3813592 nll=-0.3838144 kl=0.002455205 consistency=0 lambda=0 beta=1 grad=61.18501 horizon=100 lifetime=[453,1635] skipped=False
2026-08-30 12:57:25,035 | INFO | step=10860/20000 loss=-0.9954617 nll=-0.99724 kl=0.001778305 consistency=0 lambda=0 beta=1 grad=179.6129 horizon=260 lifetime=[476,1038] skipped=False
2026-08-30 12:57:25,452 | INFO | step=10870/20000 loss=-0.2238504 nll=-0.2254721 kl=0.001621693 consistency=0 lambda=0 beta=1 grad=188.9684 horizon=200 lifetime=[476,1932] skipped=False
2026-08-30 12:57:25,803 | INFO | step=10880/20000 loss=-0.3773533 nll=-0.3781987 kl=0.0008453727 consistency=0 lambda=0 beta=1 grad=150.7792 horizon=160 lifetime=[458,1152] skipped=False
2026-08-30 12:57:26,194 | INFO | step=10890/20000 loss=-0.7055526 nll=-0.7066128 kl=0.001060188 consistency=0 lambda=0 beta=1 grad=203.5611 horizon=300 lifetime=[443,938] skipped=False
2026-08-30 12:57:26,578 | INFO | step=10900/20000 loss=-0.3178904 nll=-0.3220939 kl=0.004203498 consistency=0 lambda=0 beta=1 grad=110.6664 horizon=280 lifetime=[464,1152] skipped=False
2026-08-30 12:57:26,936 | INFO | step=10910/20000 loss=-1.265092 nll=-1.266415 kl=0.001323372 consistency=0 lambda=0 beta=1 grad=155.5992 horizon=140 lifetime=[453,1015] skipped=False
2026-08-30 12:57:27,335 | INFO | step=10920/20000 loss=1.304442 nll=1.300697 kl=0.003745288 consistency=0 lambda=0 beta=1 grad=393.2711 horizon=100 lifetime=[455,1076] skipped=False
2026-08-30 12:57:27,700 | INFO | step=10930/20000 loss=-0.6282978 nll=-0.6335602 kl=0.005262405 consistency=0 lambda=0 beta=1 grad=123.58 horizon=140 lifetime=[559,938] skipped=False
2026-08-30 12:57:28,097 | INFO | step=10940/20000 loss=-0.5276158 nll=-0.5319234 kl=0.004307598 consistency=0 lambda=0 beta=1 grad=133.0494 horizon=120 lifetime=[437,915] skipped=False
2026-08-30 12:57:28,457 | INFO | step=10950/20000 loss=-1.323021 nll=-1.324062 kl=0.001041144 consistency=0 lambda=0 beta=1 grad=97.6239 horizon=300 lifetime=[464,868] skipped=False
2026-08-30 12:57:28,859 | INFO | step=10960/20000 loss=-0.4818068 nll=-0.4836702 kl=0.00186336 consistency=0 lambda=0 beta=1 grad=79.16723 horizon=160 lifetime=[443,2154] skipped=False
2026-08-30 12:57:29,304 | INFO | step=10970/20000 loss=0.01083957 nll=0.008102909 kl=0.002736658 consistency=0 lambda=0 beta=1 grad=49.463 horizon=100 lifetime=[476,1049] skipped=False
2026-08-30 12:57:29,714 | INFO | step=10980/20000 loss=-0.6963148 nll=-0.6982105 kl=0.001895726 consistency=0 lambda=0 beta=1 grad=336.7646 horizon=300 lifetime=[461,815] skipped=False
2026-08-30 12:57:30,116 | INFO | step=10990/20000 loss=-1.144779 nll=-1.147706 kl=0.002927065 consistency=0 lambda=0 beta=1 grad=26.27399 horizon=200 lifetime=[491,991] skipped=False
2026-08-30 12:57:30,751 | INFO | validation step=11000 rmse=146.3977 best=127.8805@6500 stale=9/10
2026-08-30 12:57:30,751 | INFO | step=11000/20000 loss=-0.8063798 nll=-0.8114385 kl=0.005058736 consistency=0 lambda=0 beta=1 grad=74.30103 horizon=120 lifetime=[437,913] skipped=False
2026-08-30 12:57:31,216 | INFO | step=11010/20000 loss=-0.2914842 nll=-0.2949846 kl=0.003500462 consistency=0 lambda=0 beta=1 grad=170.9263 horizon=200 lifetime=[437,1000] skipped=False
2026-08-30 12:57:31,615 | INFO | step=11020/20000 loss=-0.8983507 nll=-0.8990951 kl=0.0007443428 consistency=0 lambda=0 beta=1 grad=213.9092 horizon=240 lifetime=[467,909] skipped=False
2026-08-30 12:57:32,090 | INFO | step=11030/20000 loss=-0.1805991 nll=-0.1822172 kl=0.001618057 consistency=0 lambda=0 beta=1 grad=207.1434 horizon=260 lifetime=[453,1858] skipped=False
2026-08-30 12:57:32,454 | INFO | step=11040/20000 loss=-0.6763771 nll=-0.6774626 kl=0.00108549 consistency=0 lambda=0 beta=1 grad=48.49279 horizon=140 lifetime=[455,1156] skipped=False
2026-08-30 12:57:32,804 | INFO | step=11050/20000 loss=-0.2322837 nll=-0.2363988 kl=0.004115164 consistency=0 lambda=0 beta=1 grad=215.7375 horizon=260 lifetime=[455,2154] skipped=False
2026-08-30 12:57:33,166 | INFO | step=11060/20000 loss=-0.5365619 nll=-0.5388024 kl=0.002240539 consistency=0 lambda=0 beta=1 grad=88.40298 horizon=200 lifetime=[479,1635] skipped=False
2026-08-30 12:57:33,535 | INFO | step=11070/20000 loss=-0.1314009 nll=-0.1349837 kl=0.003582746 consistency=0 lambda=0 beta=1 grad=80.84419 horizon=120 lifetime=[742,1156] skipped=False
2026-08-30 12:57:33,911 | INFO | step=11080/20000 loss=-0.4825691 nll=-0.4841969 kl=0.001627833 consistency=0 lambda=0 beta=1 grad=63.90092 horizon=140 lifetime=[498,2154] skipped=False
2026-08-30 12:57:34,263 | INFO | step=11090/20000 loss=-1.159652 nll=-1.16344 kl=0.003787696 consistency=0 lambda=0 beta=1 grad=144.9584 horizon=280 lifetime=[465,1152] skipped=False
2026-08-30 12:57:34,627 | INFO | step=11100/20000 loss=-0.1205557 nll=-0.1216675 kl=0.001111865 consistency=0 lambda=0 beta=1 grad=169.7509 horizon=220 lifetime=[501,1052] skipped=False
2026-08-30 12:57:34,986 | INFO | step=11110/20000 loss=1.510581 nll=1.509451 kl=0.001129657 consistency=0 lambda=0 beta=1 grad=744.4225 horizon=180 lifetime=[464,2154] skipped=False
2026-08-30 12:57:35,379 | INFO | step=11120/20000 loss=-0.1007295 nll=-0.1055426 kl=0.004813075 consistency=0 lambda=0 beta=1 grad=85.76861 horizon=120 lifetime=[518,1152] skipped=False
2026-08-30 12:57:35,770 | INFO | step=11130/20000 loss=0.3908998 nll=0.3886473 kl=0.00225246 consistency=0 lambda=0 beta=1 grad=278.3094 horizon=140 lifetime=[464,1038] skipped=False
2026-08-30 12:57:36,172 | INFO | step=11140/20000 loss=-0.5450768 nll=-0.5479956 kl=0.00291872 consistency=0 lambda=0 beta=1 grad=75.98895 horizon=300 lifetime=[486,1156] skipped=False
2026-08-30 12:57:36,517 | INFO | step=11150/20000 loss=-0.4035836 nll=-0.4051362 kl=0.001552522 consistency=0 lambda=0 beta=1 grad=108.8892 horizon=140 lifetime=[461,1152] skipped=False
2026-08-30 12:57:36,872 | INFO | step=11160/20000 loss=-0.176838 nll=-0.1798534 kl=0.003015459 consistency=0 lambda=0 beta=1 grad=335.2057 horizon=200 lifetime=[443,1156] skipped=False
2026-08-30 12:57:37,283 | INFO | step=11170/20000 loss=-0.5823579 nll=-0.5848777 kl=0.002519876 consistency=0 lambda=0 beta=1 grad=40.40592 horizon=240 lifetime=[465,1858] skipped=False
2026-08-30 12:57:37,651 | INFO | step=11180/20000 loss=-1.070642 nll=-1.071827 kl=0.001184672 consistency=0 lambda=0 beta=1 grad=305.1415 horizon=260 lifetime=[464,930] skipped=False
2026-08-30 12:57:38,050 | INFO | step=11190/20000 loss=-0.8102425 nll=-0.8138264 kl=0.003583968 consistency=0 lambda=0 beta=1 grad=127.223 horizon=280 lifetime=[462,815] skipped=False
2026-08-30 12:57:38,446 | INFO | step=11200/20000 loss=-0.1638783 nll=-0.1660678 kl=0.002189457 consistency=0 lambda=0 beta=1 grad=116.6498 horizon=120 lifetime=[443,1858] skipped=False
2026-08-30 12:57:38,851 | INFO | step=11210/20000 loss=-1.033411 nll=-1.035391 kl=0.001980513 consistency=0 lambda=0 beta=1 grad=57.11011 horizon=160 lifetime=[462,964] skipped=False
2026-08-30 12:57:39,238 | INFO | step=11220/20000 loss=-0.6961569 nll=-0.6971855 kl=0.001028538 consistency=0 lambda=0 beta=1 grad=121.093 horizon=260 lifetime=[464,909] skipped=False
2026-08-30 12:57:39,625 | INFO | step=11230/20000 loss=-0.433636 nll=-0.4361916 kl=0.002555519 consistency=0 lambda=0 beta=1 grad=35.67293 horizon=100 lifetime=[299,1045] skipped=False
2026-08-30 12:57:39,997 | INFO | step=11240/20000 loss=0.1283306 nll=0.1226029 kl=0.005727798 consistency=0 lambda=0 beta=1 grad=133.8305 horizon=120 lifetime=[482,2154] skipped=False
2026-08-30 12:57:40,409 | INFO | step=11250/20000 loss=-0.7379726 nll=-0.739194 kl=0.001221448 consistency=0 lambda=0 beta=1 grad=388.7927 horizon=300 lifetime=[443,1635] skipped=False
2026-08-30 12:57:40,828 | INFO | step=11260/20000 loss=-0.8229954 nll=-0.8241571 kl=0.001161754 consistency=0 lambda=0 beta=1 grad=80.26826 horizon=240 lifetime=[299,1081] skipped=False
2026-08-30 12:57:41,224 | INFO | step=11270/20000 loss=-1.185296 nll=-1.18596 kl=0.0006643534 consistency=0 lambda=0 beta=1 grad=102.2121 horizon=280 lifetime=[461,2154] skipped=False
2026-08-30 12:57:41,570 | INFO | step=11280/20000 loss=-0.6178137 nll=-0.6208922 kl=0.003078431 consistency=0 lambda=0 beta=1 grad=139.4288 horizon=140 lifetime=[461,2154] skipped=False
2026-08-30 12:57:42,013 | INFO | step=11290/20000 loss=-0.5713661 nll=-0.5722934 kl=0.0009272993 consistency=0 lambda=0 beta=1 grad=350.442 horizon=300 lifetime=[458,1091] skipped=False
2026-08-30 12:57:42,391 | INFO | step=11300/20000 loss=-0.4391806 nll=-0.4418832 kl=0.002702624 consistency=0 lambda=0 beta=1 grad=62.44649 horizon=140 lifetime=[458,1081] skipped=False
2026-08-30 12:57:42,735 | INFO | step=11310/20000 loss=-0.9461705 nll=-0.9488642 kl=0.002693713 consistency=0 lambda=0 beta=1 grad=118.2947 horizon=180 lifetime=[428,2154] skipped=False
2026-08-30 12:57:43,174 | INFO | step=11320/20000 loss=-0.9686807 nll=-0.9708691 kl=0.002188385 consistency=0 lambda=0 beta=1 grad=154.6125 horizon=300 lifetime=[455,1081] skipped=False
2026-08-30 12:57:43,518 | INFO | step=11330/20000 loss=-0.7485244 nll=-0.7511262 kl=0.002601802 consistency=0 lambda=0 beta=1 grad=120.3779 horizon=180 lifetime=[484,1076] skipped=False
2026-08-30 12:57:43,919 | INFO | step=11340/20000 loss=-0.3675281 nll=-0.3689111 kl=0.001382947 consistency=0 lambda=0 beta=1 grad=179.0936 horizon=200 lifetime=[455,1152] skipped=False
2026-08-30 12:57:44,312 | INFO | step=11350/20000 loss=-0.20777 nll=-0.2121802 kl=0.004410207 consistency=0 lambda=0 beta=1 grad=59.38818 horizon=100 lifetime=[539,2154] skipped=False
2026-08-30 12:57:44,678 | INFO | step=11360/20000 loss=-0.932951 nll=-0.9398366 kl=0.006885618 consistency=0 lambda=0 beta=1 grad=296.5992 horizon=240 lifetime=[470,2154] skipped=False
2026-08-30 12:57:45,037 | INFO | step=11370/20000 loss=-0.3892784 nll=-0.3936476 kl=0.004369199 consistency=0 lambda=0 beta=1 grad=66.30856 horizon=100 lifetime=[453,1052] skipped=False
2026-08-30 12:57:45,454 | INFO | step=11380/20000 loss=-0.3253771 nll=-0.3271716 kl=0.001794547 consistency=0 lambda=0 beta=1 grad=236.2772 horizon=120 lifetime=[486,1635] skipped=False
2026-08-30 12:57:45,825 | INFO | step=11390/20000 loss=-0.1109315 nll=-0.1140945 kl=0.003163069 consistency=0 lambda=0 beta=1 grad=135.8307 horizon=140 lifetime=[534,1858] skipped=False
2026-08-30 12:57:46,203 | INFO | step=11400/20000 loss=-0.9270073 nll=-0.9318553 kl=0.004848003 consistency=0 lambda=0 beta=1 grad=293.3094 horizon=300 lifetime=[462,1015] skipped=False
2026-08-30 12:57:46,597 | INFO | step=11410/20000 loss=-0.8635468 nll=-0.8660202 kl=0.002473354 consistency=0 lambda=0 beta=1 grad=252.621 horizon=200 lifetime=[299,1081] skipped=False
2026-08-30 12:57:46,963 | INFO | step=11420/20000 loss=-0.7926105 nll=-0.7935665 kl=0.0009559691 consistency=0 lambda=0 beta=1 grad=84.22907 horizon=240 lifetime=[453,2154] skipped=False
2026-08-30 12:57:47,333 | INFO | step=11430/20000 loss=-0.5018826 nll=-0.5046611 kl=0.0027785 consistency=0 lambda=0 beta=1 grad=52.94034 horizon=100 lifetime=[299,1045] skipped=False
2026-08-30 12:57:47,743 | INFO | step=11440/20000 loss=-0.4510446 nll=-0.4527625 kl=0.001717985 consistency=0 lambda=0 beta=1 grad=29.11937 horizon=100 lifetime=[461,2154] skipped=False
2026-08-30 12:57:48,121 | INFO | step=11450/20000 loss=-0.7463562 nll=-0.7477433 kl=0.00138703 consistency=0 lambda=0 beta=1 grad=33.14488 horizon=260 lifetime=[455,1076] skipped=False
2026-08-30 12:57:48,497 | INFO | step=11460/20000 loss=-0.6584244 nll=-0.6601491 kl=0.00172466 consistency=0 lambda=0 beta=1 grad=64.48808 horizon=100 lifetime=[476,1045] skipped=False
2026-08-30 12:57:48,902 | INFO | step=11470/20000 loss=-0.4687774 nll=-0.4711549 kl=0.00237751 consistency=0 lambda=0 beta=1 grad=156.6981 horizon=180 lifetime=[467,1635] skipped=False
2026-08-30 12:57:49,288 | INFO | step=11480/20000 loss=-0.9564667 nll=-0.9578567 kl=0.00139001 consistency=0 lambda=0 beta=1 grad=62.78638 horizon=200 lifetime=[479,1076] skipped=False
2026-08-30 12:57:49,679 | INFO | step=11490/20000 loss=-0.4736805 nll=-0.4771792 kl=0.003498703 consistency=0 lambda=0 beta=1 grad=21.33312 horizon=100 lifetime=[479,1081] skipped=False
2026-08-30 12:57:50,313 | INFO | validation step=11500 rmse=136.1207 best=127.8805@6500 stale=10/10
2026-08-30 12:57:50,313 | INFO | step=11500/20000 loss=-1.481617 nll=-1.482741 kl=0.00112322 consistency=0 lambda=0 beta=1 grad=74.13604 horizon=260 lifetime=[484,1049] skipped=False
2026-08-30 12:57:50,405 | INFO | early stopping at step=11500 best=127.8805@6500
2026-08-30 12:57:50,489 | INFO | completed run=/home/JunseoPark/바탕화면/battery_gru/outputs/horizon_lifetime_iv_anp_grid/suites/20260830_124935_068102/runs/horiginal_s42_lr2p5em05_f0/20260830_125015_735243_f0_life_iv_base_s42
