2026-08-30 17:25:00,277 | INFO | start fold=1 device=cuda parameters=886228 train=108 validation=27 horizons=[100, 120, 140, 160, 180, 200, 220, 240, 260, 280, 300] q_points=256 context=[8,16] query=8 target=lifetime delta_soh=false paired_horizons=False consistency_weight=0 consistency_gap=20
2026-08-30 17:25:00,277 | INFO | train_scalers cycle=300 soh=0.96507+-0.017419 voltage=2.7659+-0.46941 current=3.2273+-1.5004 lifetime=790.3+-335.96
2026-08-30 17:25:00,423 | INFO | step=1/20000 loss=0.8372848 nll=0.8372824 kl=0.01211253 consistency=0 lambda=0 beta=0.0002 grad=1.536233 horizon=180 lifetime=[442,938] skipped=False
2026-08-30 17:25:01,241 | INFO | step=10/20000 loss=0.8318154 nll=0.8317971 kl=0.009156592 consistency=0 lambda=0 beta=0.002 grad=2.167754 horizon=200 lifetime=[461,868] skipped=False
2026-08-30 17:25:01,684 | INFO | step=20/20000 loss=2.065357 nll=2.06522 kl=0.0342509 consistency=0 lambda=0 beta=0.004 grad=4.430879 horizon=240 lifetime=[476,1834] skipped=False
2026-08-30 17:25:02,112 | INFO | step=30/20000 loss=1.316852 nll=1.316822 kl=0.004938101 consistency=0 lambda=0 beta=0.006 grad=0.4985493 horizon=180 lifetime=[456,1152] skipped=False
2026-08-30 17:25:02,529 | INFO | step=40/20000 loss=1.119545 nll=1.119479 kl=0.008226287 consistency=0 lambda=0 beta=0.008 grad=0.6534086 horizon=240 lifetime=[442,1113] skipped=False
2026-08-30 17:25:02,954 | INFO | step=50/20000 loss=3.03902 nll=3.038914 kl=0.01050657 consistency=0 lambda=0 beta=0.01 grad=7.960166 horizon=100 lifetime=[464,1834] skipped=False
2026-08-30 17:25:03,338 | INFO | step=60/20000 loss=1.611483 nll=1.611258 kl=0.01873287 consistency=0 lambda=0 beta=0.012 grad=1.675105 horizon=200 lifetime=[494,1705] skipped=False
2026-08-30 17:25:03,687 | INFO | step=70/20000 loss=2.626658 nll=2.626534 kl=0.00880702 consistency=0 lambda=0 beta=0.014 grad=5.528236 horizon=100 lifetime=[428,1932] skipped=False
2026-08-30 17:25:04,100 | INFO | step=80/20000 loss=1.15553 nll=1.155419 kl=0.006895954 consistency=0 lambda=0 beta=0.016 grad=1.027993 horizon=200 lifetime=[455,1091] skipped=False
2026-08-30 17:25:04,481 | INFO | step=90/20000 loss=1.0871 nll=1.086981 kl=0.006585432 consistency=0 lambda=0 beta=0.018 grad=1.542373 horizon=140 lifetime=[442,1071] skipped=False
2026-08-30 17:25:04,869 | INFO | step=100/20000 loss=2.042119 nll=2.041989 kl=0.0065244 consistency=0 lambda=0 beta=0.02 grad=3.142072 horizon=260 lifetime=[453,1834] skipped=False
2026-08-30 17:25:05,255 | INFO | step=110/20000 loss=1.865898 nll=1.865299 kl=0.02722327 consistency=0 lambda=0 beta=0.022 grad=3.621084 horizon=240 lifetime=[484,1834] skipped=False
2026-08-30 17:25:05,666 | INFO | step=120/20000 loss=0.893637 nll=0.8901796 kl=0.1440575 consistency=0 lambda=0 beta=0.024 grad=1.566386 horizon=240 lifetime=[456,1036] skipped=False
2026-08-30 17:25:06,041 | INFO | step=130/20000 loss=0.7830665 nll=0.7815107 kl=0.05983748 consistency=0 lambda=0 beta=0.026 grad=1.748415 horizon=180 lifetime=[458,875] skipped=False
2026-08-30 17:25:06,452 | INFO | step=140/20000 loss=0.8018227 nll=0.8013868 kl=0.0155643 consistency=0 lambda=0 beta=0.028 grad=11.55711 horizon=120 lifetime=[455,1113] skipped=False
2026-08-30 17:25:06,857 | INFO | step=150/20000 loss=2.652786 nll=2.652648 kl=0.004570734 consistency=0 lambda=0 beta=0.03 grad=70.00522 horizon=180 lifetime=[461,1932] skipped=False
2026-08-30 17:25:07,254 | INFO | step=160/20000 loss=0.9206717 nll=0.9201298 kl=0.01693367 consistency=0 lambda=0 beta=0.032 grad=7.791253 horizon=220 lifetime=[470,938] skipped=False
2026-08-30 17:25:07,667 | INFO | step=170/20000 loss=0.519116 nll=0.5145165 kl=0.1352788 consistency=0 lambda=0 beta=0.034 grad=3.675181 horizon=160 lifetime=[442,991] skipped=False
2026-08-30 17:25:08,071 | INFO | step=180/20000 loss=0.6269583 nll=0.6257652 kl=0.03314137 consistency=0 lambda=0 beta=0.036 grad=3.873227 horizon=220 lifetime=[455,1081] skipped=False
2026-08-30 17:25:08,487 | INFO | step=190/20000 loss=0.5515848 nll=0.550878 kl=0.01859821 consistency=0 lambda=0 beta=0.038 grad=7.91017 horizon=300 lifetime=[656,1113] skipped=False
2026-08-30 17:25:08,901 | INFO | step=200/20000 loss=0.372903 nll=0.372519 kl=0.009599293 consistency=0 lambda=0 beta=0.04 grad=9.098479 horizon=200 lifetime=[299,1156] skipped=False
2026-08-30 17:25:09,343 | INFO | step=210/20000 loss=1.113365 nll=1.099274 kl=0.3354948 consistency=0 lambda=0 beta=0.042 grad=12.58704 horizon=280 lifetime=[505,1834] skipped=False
2026-08-30 17:25:09,753 | INFO | step=220/20000 loss=0.1940363 nll=0.1888583 kl=0.117682 consistency=0 lambda=0 beta=0.044 grad=5.161535 horizon=300 lifetime=[460,887] skipped=False
2026-08-30 17:25:10,135 | INFO | step=230/20000 loss=1.217877 nll=1.217277 kl=0.01304774 consistency=0 lambda=0 beta=0.046 grad=34.8534 horizon=140 lifetime=[461,1799] skipped=False
2026-08-30 17:25:10,539 | INFO | step=240/20000 loss=-0.05058036 nll=-0.05126715 kl=0.01430799 consistency=0 lambda=0 beta=0.048 grad=7.40357 horizon=300 lifetime=[480,906] skipped=False
2026-08-30 17:25:10,930 | INFO | step=250/20000 loss=0.6938021 nll=0.6867442 kl=0.1411571 consistency=0 lambda=0 beta=0.05 grad=16.69807 horizon=160 lifetime=[467,1834] skipped=False
2026-08-30 17:25:11,297 | INFO | step=260/20000 loss=0.4714034 nll=0.4634469 kl=0.1530105 consistency=0 lambda=0 beta=0.052 grad=17.80153 horizon=220 lifetime=[539,1143] skipped=False
2026-08-30 17:25:11,758 | INFO | step=270/20000 loss=0.3196675 nll=0.3193651 kl=0.005598605 consistency=0 lambda=0 beta=0.054 grad=60.04117 horizon=220 lifetime=[428,921] skipped=False
2026-08-30 17:25:12,149 | INFO | step=280/20000 loss=0.304571 nll=0.3033047 kl=0.02261188 consistency=0 lambda=0 beta=0.056 grad=49.49187 horizon=180 lifetime=[453,1282] skipped=False
2026-08-30 17:25:12,552 | INFO | step=290/20000 loss=0.0811349 nll=0.0669263 kl=0.2449759 consistency=0 lambda=0 beta=0.058 grad=9.056298 horizon=280 lifetime=[460,1834] skipped=False
2026-08-30 17:25:13,003 | INFO | step=300/20000 loss=0.3624412 nll=0.3602456 kl=0.03659412 consistency=0 lambda=0 beta=0.06 grad=24.12693 horizon=240 lifetime=[455,1113] skipped=False
2026-08-30 17:25:13,391 | INFO | step=310/20000 loss=2.243632 nll=2.241802 kl=0.02950933 consistency=0 lambda=0 beta=0.062 grad=61.81591 horizon=140 lifetime=[147,1834] skipped=False
2026-08-30 17:25:13,747 | INFO | step=320/20000 loss=0.2939321 nll=0.2873212 kl=0.1032947 consistency=0 lambda=0 beta=0.064 grad=88.04832 horizon=160 lifetime=[470,1055] skipped=False
2026-08-30 17:25:14,128 | INFO | step=330/20000 loss=0.5033116 nll=0.5005967 kl=0.04113575 consistency=0 lambda=0 beta=0.066 grad=25.1292 horizon=120 lifetime=[460,1143] skipped=False
2026-08-30 17:25:14,547 | INFO | step=340/20000 loss=-0.4063867 nll=-0.4074759 kl=0.01601789 consistency=0 lambda=0 beta=0.068 grad=7.555561 horizon=300 lifetime=[467,909] skipped=False
2026-08-30 17:25:14,930 | INFO | step=350/20000 loss=0.6763863 nll=0.6744864 kl=0.02714176 consistency=0 lambda=0 beta=0.07 grad=103.4267 horizon=240 lifetime=[428,1143] skipped=False
2026-08-30 17:25:15,365 | INFO | step=360/20000 loss=2.500692 nll=2.496346 kl=0.06037344 consistency=0 lambda=0 beta=0.072 grad=168.5824 horizon=280 lifetime=[497,2154] skipped=False
2026-08-30 17:25:15,742 | INFO | step=370/20000 loss=0.9189045 nll=0.9048551 kl=0.1898572 consistency=0 lambda=0 beta=0.074 grad=16.01612 horizon=280 lifetime=[742,1834] skipped=False
2026-08-30 17:25:16,140 | INFO | step=380/20000 loss=0.1873269 nll=0.1856708 kl=0.02179071 consistency=0 lambda=0 beta=0.076 grad=46.99511 horizon=200 lifetime=[299,875] skipped=False
2026-08-30 17:25:16,595 | INFO | step=390/20000 loss=0.5071277 nll=0.5051305 kl=0.02560451 consistency=0 lambda=0 beta=0.078 grad=5.993683 horizon=280 lifetime=[491,2154] skipped=False
2026-08-30 17:25:16,966 | INFO | step=400/20000 loss=0.1225664 nll=0.1216915 kl=0.01093559 consistency=0 lambda=0 beta=0.08 grad=38.77595 horizon=220 lifetime=[443,1156] skipped=False
2026-08-30 17:25:17,350 | INFO | step=410/20000 loss=1.907952 nll=1.899663 kl=0.10109 consistency=0 lambda=0 beta=0.082 grad=19.93865 horizon=120 lifetime=[465,1932] skipped=False
2026-08-30 17:25:17,774 | INFO | step=420/20000 loss=1.196246 nll=1.194637 kl=0.01915176 consistency=0 lambda=0 beta=0.084 grad=56.2168 horizon=200 lifetime=[460,1705] skipped=False
2026-08-30 17:25:18,166 | INFO | step=430/20000 loss=0.819691 nll=0.8165226 kl=0.03684185 consistency=0 lambda=0 beta=0.086 grad=20.59615 horizon=260 lifetime=[498,1932] skipped=False
2026-08-30 17:25:18,574 | INFO | step=440/20000 loss=1.664786 nll=1.662649 kl=0.02428233 consistency=0 lambda=0 beta=0.088 grad=25.85581 horizon=100 lifetime=[147,1834] skipped=False
2026-08-30 17:25:18,959 | INFO | step=450/20000 loss=1.701123 nll=1.699013 kl=0.02344075 consistency=0 lambda=0 beta=0.09 grad=54.54041 horizon=120 lifetime=[491,1705] skipped=False
2026-08-30 17:25:19,375 | INFO | step=460/20000 loss=0.5316786 nll=0.5285321 kl=0.03420057 consistency=0 lambda=0 beta=0.092 grad=31.14954 horizon=220 lifetime=[428,1834] skipped=False
2026-08-30 17:25:19,779 | INFO | step=470/20000 loss=0.2792142 nll=0.2737606 kl=0.05801716 consistency=0 lambda=0 beta=0.094 grad=12.21376 horizon=300 lifetime=[460,1834] skipped=False
2026-08-30 17:25:20,152 | INFO | step=480/20000 loss=0.2379775 nll=0.2365367 kl=0.01500825 consistency=0 lambda=0 beta=0.096 grad=15.33237 horizon=220 lifetime=[299,1313] skipped=False
2026-08-30 17:25:20,528 | INFO | step=490/20000 loss=-0.4019524 nll=-0.4076993 kl=0.05864269 consistency=0 lambda=0 beta=0.098 grad=10.82592 horizon=220 lifetime=[458,921] skipped=False
2026-08-30 17:25:21,410 | INFO | validation step=500 rmse=257.0153 best=257.0153@500 stale=0/10
2026-08-30 17:25:21,410 | INFO | step=500/20000 loss=0.07072736 nll=0.06761649 kl=0.0311086 consistency=0 lambda=0 beta=0.1 grad=42.62125 horizon=280 lifetime=[299,942] skipped=False
2026-08-30 17:25:21,835 | INFO | step=510/20000 loss=1.076086 nll=1.074204 kl=0.01845251 consistency=0 lambda=0 beta=0.102 grad=80.58732 horizon=180 lifetime=[465,1705] skipped=False
2026-08-30 17:25:22,225 | INFO | step=520/20000 loss=-0.3169783 nll=-0.3176952 kl=0.006893148 consistency=0 lambda=0 beta=0.104 grad=8.327283 horizon=260 lifetime=[442,1156] skipped=False
2026-08-30 17:25:22,616 | INFO | step=530/20000 loss=2.214438 nll=2.211749 kl=0.02536857 consistency=0 lambda=0 beta=0.106 grad=154.2958 horizon=240 lifetime=[460,1932] skipped=False
2026-08-30 17:25:22,998 | INFO | step=540/20000 loss=-0.5294261 nll=-0.5394906 kl=0.0931903 consistency=0 lambda=0 beta=0.108 grad=48.02053 horizon=300 lifetime=[453,1113] skipped=False
2026-08-30 17:25:23,373 | INFO | step=550/20000 loss=0.4591746 nll=0.4489956 kl=0.09253614 consistency=0 lambda=0 beta=0.11 grad=23.91924 horizon=100 lifetime=[649,1038] skipped=False
2026-08-30 17:25:23,716 | INFO | step=560/20000 loss=0.4146582 nll=0.4050805 kl=0.08551502 consistency=0 lambda=0 beta=0.112 grad=6.230596 horizon=100 lifetime=[443,1799] skipped=False
2026-08-30 17:25:24,108 | INFO | step=570/20000 loss=0.2600287 nll=0.2589809 kl=0.009191031 consistency=0 lambda=0 beta=0.114 grad=45.70455 horizon=160 lifetime=[497,860] skipped=False
2026-08-30 17:25:24,525 | INFO | step=580/20000 loss=0.01665449 nll=0.01585846 kl=0.006862361 consistency=0 lambda=0 beta=0.116 grad=28.84347 horizon=300 lifetime=[428,1156] skipped=False
2026-08-30 17:25:24,908 | INFO | step=590/20000 loss=-0.01020268 nll=-0.01838949 kl=0.06937974 consistency=0 lambda=0 beta=0.118 grad=11.6292 horizon=160 lifetime=[299,754] skipped=False
2026-08-30 17:25:25,255 | INFO | step=600/20000 loss=-0.4522814 nll=-0.4564615 kl=0.03483477 consistency=0 lambda=0 beta=0.12 grad=11.29813 horizon=260 lifetime=[428,786] skipped=False
2026-08-30 17:25:25,704 | INFO | step=610/20000 loss=1.532476 nll=1.530312 kl=0.01773889 consistency=0 lambda=0 beta=0.122 grad=58.11943 horizon=140 lifetime=[147,1799] skipped=False
2026-08-30 17:25:26,093 | INFO | step=620/20000 loss=1.285056 nll=1.283375 kl=0.01355743 consistency=0 lambda=0 beta=0.124 grad=32.60866 horizon=120 lifetime=[147,2154] skipped=False
2026-08-30 17:25:26,524 | INFO | step=630/20000 loss=1.476901 nll=1.475806 kl=0.008695381 consistency=0 lambda=0 beta=0.126 grad=107.9709 horizon=200 lifetime=[467,1799] skipped=False
2026-08-30 17:25:26,872 | INFO | step=640/20000 loss=0.6404402 nll=0.6387521 kl=0.01318778 consistency=0 lambda=0 beta=0.128 grad=21.5861 horizon=100 lifetime=[656,1282] skipped=False
2026-08-30 17:25:27,217 | INFO | step=650/20000 loss=-0.0717374 nll=-0.07348772 kl=0.01346399 consistency=0 lambda=0 beta=0.13 grad=13.98871 horizon=180 lifetime=[428,1113] skipped=False
2026-08-30 17:25:27,575 | INFO | step=660/20000 loss=0.1365136 nll=0.1348843 kl=0.01234314 consistency=0 lambda=0 beta=0.132 grad=30.62477 horizon=220 lifetime=[493,1081] skipped=False
2026-08-30 17:25:27,932 | INFO | step=670/20000 loss=-0.2027368 nll=-0.2042538 kl=0.0113207 consistency=0 lambda=0 beta=0.134 grad=21.78048 horizon=300 lifetime=[470,1282] skipped=False
2026-08-30 17:25:28,309 | INFO | step=680/20000 loss=0.2491444 nll=0.2484114 kl=0.005389709 consistency=0 lambda=0 beta=0.136 grad=36.90727 horizon=300 lifetime=[460,1113] skipped=False
2026-08-30 17:25:28,663 | INFO | step=690/20000 loss=-0.05015712 nll=-0.05666608 kl=0.04716636 consistency=0 lambda=0 beta=0.138 grad=18.05526 horizon=220 lifetime=[467,1061] skipped=False
2026-08-30 17:25:29,044 | INFO | step=700/20000 loss=-0.1503485 nll=-0.1509882 kl=0.004569277 consistency=0 lambda=0 beta=0.14 grad=15.53794 horizon=160 lifetime=[476,1282] skipped=False
2026-08-30 17:25:29,403 | INFO | step=710/20000 loss=0.04798419 nll=0.04698284 kl=0.007051773 consistency=0 lambda=0 beta=0.142 grad=45.67958 horizon=220 lifetime=[443,1282] skipped=False
2026-08-30 17:25:29,758 | INFO | step=720/20000 loss=-0.2683436 nll=-0.2725165 kl=0.02897869 consistency=0 lambda=0 beta=0.144 grad=60.66178 horizon=220 lifetime=[460,1052] skipped=False
2026-08-30 17:25:30,163 | INFO | step=730/20000 loss=0.339431 nll=0.3370929 kl=0.01601456 consistency=0 lambda=0 beta=0.146 grad=41.30548 horizon=180 lifetime=[519,1834] skipped=False
2026-08-30 17:25:30,527 | INFO | step=740/20000 loss=0.4633603 nll=0.4600228 kl=0.02255064 consistency=0 lambda=0 beta=0.148 grad=8.036 horizon=120 lifetime=[443,1071] skipped=False
2026-08-30 17:25:30,941 | INFO | step=750/20000 loss=-0.08108658 nll=-0.08270492 kl=0.01078892 consistency=0 lambda=0 beta=0.15 grad=10.82754 horizon=180 lifetime=[453,906] skipped=False
2026-08-30 17:25:31,335 | INFO | step=760/20000 loss=1.121508 nll=1.100665 kl=0.1371208 consistency=0 lambda=0 beta=0.152 grad=11.91956 horizon=160 lifetime=[497,1932] skipped=False
2026-08-30 17:25:31,731 | INFO | step=770/20000 loss=-0.1108072 nll=-0.1130869 kl=0.01480271 consistency=0 lambda=0 beta=0.154 grad=15.22476 horizon=180 lifetime=[458,1071] skipped=False
2026-08-30 17:25:32,102 | INFO | step=780/20000 loss=-0.597304 nll=-0.5989476 kl=0.01053555 consistency=0 lambda=0 beta=0.156 grad=13.48402 horizon=240 lifetime=[456,1282] skipped=False
2026-08-30 17:25:32,517 | INFO | step=790/20000 loss=-0.04967065 nll=-0.05046341 kl=0.005017476 consistency=0 lambda=0 beta=0.158 grad=15.80207 horizon=260 lifetime=[480,1156] skipped=False
2026-08-30 17:25:32,936 | INFO | step=800/20000 loss=0.2726369 nll=0.2709844 kl=0.01032797 consistency=0 lambda=0 beta=0.16 grad=22.11744 horizon=200 lifetime=[299,1152] skipped=False
2026-08-30 17:25:33,351 | INFO | step=810/20000 loss=0.9613893 nll=0.9599589 kl=0.008829527 consistency=0 lambda=0 beta=0.162 grad=118.8038 horizon=300 lifetime=[486,1834] skipped=False
2026-08-30 17:25:33,695 | INFO | step=820/20000 loss=-0.1016666 nll=-0.1058319 kl=0.02539822 consistency=0 lambda=0 beta=0.164 grad=17.8105 horizon=260 lifetime=[560,1061] skipped=False
2026-08-30 17:25:34,103 | INFO | step=830/20000 loss=-0.09943822 nll=-0.1005637 kl=0.00678029 consistency=0 lambda=0 beta=0.166 grad=20.70266 horizon=120 lifetime=[456,1081] skipped=False
2026-08-30 17:25:34,471 | INFO | step=840/20000 loss=-0.4014557 nll=-0.4036725 kl=0.01319515 consistency=0 lambda=0 beta=0.168 grad=26.13873 horizon=240 lifetime=[428,1152] skipped=False
2026-08-30 17:25:34,866 | INFO | step=850/20000 loss=-0.4345109 nll=-0.4362104 kl=0.009997023 consistency=0 lambda=0 beta=0.17 grad=18.91657 horizon=140 lifetime=[299,1154] skipped=False
2026-08-30 17:25:35,252 | INFO | step=860/20000 loss=-0.4408475 nll=-0.4450413 kl=0.0243824 consistency=0 lambda=0 beta=0.172 grad=7.159392 horizon=180 lifetime=[442,875] skipped=False
2026-08-30 17:25:35,624 | INFO | step=870/20000 loss=0.1682227 nll=0.1672473 kl=0.005605639 consistency=0 lambda=0 beta=0.174 grad=44.09465 horizon=240 lifetime=[464,1154] skipped=False
2026-08-30 17:25:36,008 | INFO | step=880/20000 loss=0.4802947 nll=0.4754688 kl=0.02741966 consistency=0 lambda=0 beta=0.176 grad=25.57346 horizon=120 lifetime=[467,913] skipped=False
2026-08-30 17:25:36,375 | INFO | step=890/20000 loss=-0.1435861 nll=-0.1444286 kl=0.00473309 consistency=0 lambda=0 beta=0.178 grad=8.204095 horizon=160 lifetime=[453,1154] skipped=False
2026-08-30 17:25:36,746 | INFO | step=900/20000 loss=1.767133 nll=1.763312 kl=0.02122549 consistency=0 lambda=0 beta=0.18 grad=187.1212 horizon=200 lifetime=[455,1156] skipped=False
2026-08-30 17:25:37,154 | INFO | step=910/20000 loss=2.089094 nll=2.088701 kl=0.002163384 consistency=0 lambda=0 beta=0.182 grad=121.9678 horizon=300 lifetime=[461,1932] skipped=False
2026-08-30 17:25:37,551 | INFO | step=920/20000 loss=0.05321715 nll=0.04916652 kl=0.02201432 consistency=0 lambda=0 beta=0.184 grad=53.84376 horizon=220 lifetime=[443,1282] skipped=False
2026-08-30 17:25:37,954 | INFO | step=930/20000 loss=0.1513057 nll=0.14923 kl=0.01115956 consistency=0 lambda=0 beta=0.186 grad=34.92266 horizon=280 lifetime=[465,1055] skipped=False
2026-08-30 17:25:38,320 | INFO | step=940/20000 loss=0.6663575 nll=0.6634704 kl=0.01535713 consistency=0 lambda=0 beta=0.188 grad=94.96291 horizon=120 lifetime=[428,1932] skipped=False
2026-08-30 17:25:38,712 | INFO | step=950/20000 loss=0.3314315 nll=0.3293942 kl=0.01072269 consistency=0 lambda=0 beta=0.19 grad=34.5312 horizon=200 lifetime=[486,1152] skipped=False
2026-08-30 17:25:39,158 | INFO | step=960/20000 loss=-0.6801434 nll=-0.6830356 kl=0.01506344 consistency=0 lambda=0 beta=0.192 grad=23.10092 horizon=220 lifetime=[443,906] skipped=False
2026-08-30 17:25:39,558 | INFO | step=970/20000 loss=0.1532969 nll=0.1515234 kl=0.009141571 consistency=0 lambda=0 beta=0.194 grad=12.65196 horizon=120 lifetime=[460,1799] skipped=False
2026-08-30 17:25:39,925 | INFO | step=980/20000 loss=0.2644445 nll=0.261972 kl=0.01261478 consistency=0 lambda=0 beta=0.196 grad=16.79335 horizon=100 lifetime=[442,875] skipped=False
2026-08-30 17:25:40,292 | INFO | step=990/20000 loss=0.8160371 nll=0.8145145 kl=0.007690102 consistency=0 lambda=0 beta=0.198 grad=66.16441 horizon=260 lifetime=[467,1143] skipped=False
2026-08-30 17:25:41,021 | INFO | validation step=1000 rmse=200.9461 best=200.9461@1000 stale=0/10
2026-08-30 17:25:41,021 | INFO | step=1000/20000 loss=-0.3928902 nll=-0.3953834 kl=0.01246625 consistency=0 lambda=0 beta=0.2 grad=11.7806 horizon=280 lifetime=[299,1052] skipped=False
2026-08-30 17:25:41,423 | INFO | step=1010/20000 loss=0.9646211 nll=0.9633831 kl=0.006128706 consistency=0 lambda=0 beta=0.202 grad=62.08958 horizon=240 lifetime=[453,1061] skipped=False
2026-08-30 17:25:41,812 | INFO | step=1020/20000 loss=0.738955 nll=0.7368954 kl=0.0100959 consistency=0 lambda=0 beta=0.204 grad=48.58057 horizon=240 lifetime=[453,1091] skipped=False
2026-08-30 17:25:42,155 | INFO | step=1030/20000 loss=1.729815 nll=1.728363 kl=0.007051887 consistency=0 lambda=0 beta=0.206 grad=109.749 horizon=160 lifetime=[460,1705] skipped=False
2026-08-30 17:25:42,522 | INFO | step=1040/20000 loss=0.3768039 nll=0.3745902 kl=0.01064321 consistency=0 lambda=0 beta=0.208 grad=21.53753 horizon=160 lifetime=[486,906] skipped=False
2026-08-30 17:25:42,930 | INFO | step=1050/20000 loss=1.165804 nll=1.164369 kl=0.006833704 consistency=0 lambda=0 beta=0.21 grad=47.27691 horizon=280 lifetime=[443,1313] skipped=False
2026-08-30 17:25:43,328 | INFO | step=1060/20000 loss=-0.3872601 nll=-0.3892134 kl=0.009213934 consistency=0 lambda=0 beta=0.212 grad=10.95481 horizon=280 lifetime=[453,913] skipped=False
2026-08-30 17:25:43,713 | INFO | step=1070/20000 loss=-0.1470811 nll=-0.1494265 kl=0.01095994 consistency=0 lambda=0 beta=0.214 grad=17.82838 horizon=140 lifetime=[453,1113] skipped=False
2026-08-30 17:25:44,078 | INFO | step=1080/20000 loss=-0.1106773 nll=-0.1150254 kl=0.02013027 consistency=0 lambda=0 beta=0.216 grad=41.75831 horizon=300 lifetime=[484,1091] skipped=False
2026-08-30 17:25:44,476 | INFO | step=1090/20000 loss=-0.3635945 nll=-0.3656301 kl=0.009337435 consistency=0 lambda=0 beta=0.218 grad=5.725821 horizon=260 lifetime=[456,858] skipped=False
2026-08-30 17:25:44,878 | INFO | step=1100/20000 loss=0.01024893 nll=0.007105373 kl=0.01428889 consistency=0 lambda=0 beta=0.22 grad=15.32409 horizon=120 lifetime=[453,1152] skipped=False
2026-08-30 17:25:45,246 | INFO | step=1110/20000 loss=-0.03089477 nll=-0.0335058 kl=0.01176139 consistency=0 lambda=0 beta=0.222 grad=17.42436 horizon=120 lifetime=[442,1091] skipped=False
2026-08-30 17:25:45,638 | INFO | step=1120/20000 loss=0.08926181 nll=0.08726155 kl=0.008929746 consistency=0 lambda=0 beta=0.224 grad=23.64558 horizon=240 lifetime=[460,1834] skipped=False
2026-08-30 17:25:46,059 | INFO | step=1130/20000 loss=0.2663667 nll=0.2631534 kl=0.01421821 consistency=0 lambda=0 beta=0.226 grad=17.45594 horizon=220 lifetime=[508,1052] skipped=False
2026-08-30 17:25:46,425 | INFO | step=1140/20000 loss=0.0764454 nll=0.07371685 kl=0.01196732 consistency=0 lambda=0 beta=0.228 grad=10.02038 horizon=120 lifetime=[299,1025] skipped=False
2026-08-30 17:25:46,788 | INFO | step=1150/20000 loss=0.730776 nll=0.726741 kl=0.01754371 consistency=0 lambda=0 beta=0.23 grad=20.68122 horizon=100 lifetime=[460,909] skipped=False
2026-08-30 17:25:47,157 | INFO | step=1160/20000 loss=2.027132 nll=2.024313 kl=0.01214892 consistency=0 lambda=0 beta=0.232 grad=58.1673 horizon=120 lifetime=[147,858] skipped=False
2026-08-30 17:25:47,547 | INFO | step=1170/20000 loss=1.126279 nll=1.123979 kl=0.0098306 consistency=0 lambda=0 beta=0.234 grad=22.65463 horizon=100 lifetime=[147,1799] skipped=False
2026-08-30 17:25:47,939 | INFO | step=1180/20000 loss=0.1580445 nll=0.1574441 kl=0.002544044 consistency=0 lambda=0 beta=0.236 grad=10.41997 horizon=240 lifetime=[491,2154] skipped=False
2026-08-30 17:25:48,289 | INFO | step=1190/20000 loss=0.4700792 nll=0.4612569 kl=0.03706878 consistency=0 lambda=0 beta=0.238 grad=8.38644 horizon=120 lifetime=[539,2154] skipped=False
2026-08-30 17:25:48,705 | INFO | step=1200/20000 loss=-0.7010239 nll=-0.7047629 kl=0.01557952 consistency=0 lambda=0 beta=0.24 grad=42.74047 horizon=240 lifetime=[458,1113] skipped=False
2026-08-30 17:25:49,134 | INFO | step=1210/20000 loss=-0.5306465 nll=-0.5334893 kl=0.01174706 consistency=0 lambda=0 beta=0.242 grad=20.77211 horizon=280 lifetime=[453,2154] skipped=False
2026-08-30 17:25:49,514 | INFO | step=1220/20000 loss=0.5186284 nll=0.5173568 kl=0.005211494 consistency=0 lambda=0 beta=0.244 grad=21.10596 horizon=180 lifetime=[480,2154] skipped=False
2026-08-30 17:25:49,893 | INFO | step=1230/20000 loss=-0.1307441 nll=-0.1315746 kl=0.003375934 consistency=0 lambda=0 beta=0.246 grad=8.932015 horizon=140 lifetime=[486,1143] skipped=False
2026-08-30 17:25:50,285 | INFO | step=1240/20000 loss=0.3994953 nll=0.3977572 kl=0.00700841 consistency=0 lambda=0 beta=0.248 grad=48.45662 horizon=180 lifetime=[497,1932] skipped=False
2026-08-30 17:25:50,706 | INFO | step=1250/20000 loss=-0.4238702 nll=-0.4271799 kl=0.01323885 consistency=0 lambda=0 beta=0.25 grad=21.4369 horizon=260 lifetime=[467,1091] skipped=False
2026-08-30 17:25:51,088 | INFO | step=1260/20000 loss=0.4707071 nll=0.4651602 kl=0.02201162 consistency=0 lambda=0 beta=0.252 grad=120.9836 horizon=280 lifetime=[456,1055] skipped=False
2026-08-30 17:25:51,484 | INFO | step=1270/20000 loss=-0.2149163 nll=-0.2182014 kl=0.01293371 consistency=0 lambda=0 beta=0.254 grad=17.85873 horizon=120 lifetime=[442,921] skipped=False
2026-08-30 17:25:51,833 | INFO | step=1280/20000 loss=-0.1083951 nll=-0.1119803 kl=0.01400459 consistency=0 lambda=0 beta=0.256 grad=9.478796 horizon=260 lifetime=[491,1799] skipped=False
2026-08-30 17:25:52,223 | INFO | step=1290/20000 loss=0.1386881 nll=0.1355931 kl=0.01199636 consistency=0 lambda=0 beta=0.258 grad=45.99519 horizon=300 lifetime=[498,1152] skipped=False
2026-08-30 17:25:52,615 | INFO | step=1300/20000 loss=-0.1701884 nll=-0.1715221 kl=0.0051296 consistency=0 lambda=0 beta=0.26 grad=86.79686 horizon=260 lifetime=[443,909] skipped=False
2026-08-30 17:25:53,029 | INFO | step=1310/20000 loss=-0.7366957 nll=-0.7371844 kl=0.001865182 consistency=0 lambda=0 beta=0.262 grad=30.18992 horizon=160 lifetime=[458,1156] skipped=False
2026-08-30 17:25:53,377 | INFO | step=1320/20000 loss=-0.1000103 nll=-0.1036881 kl=0.01393086 consistency=0 lambda=0 beta=0.264 grad=21.58018 horizon=160 lifetime=[464,1834] skipped=False
2026-08-30 17:25:53,740 | INFO | step=1330/20000 loss=0.9247776 nll=0.9202551 kl=0.01700198 consistency=0 lambda=0 beta=0.266 grad=33.23739 horizon=100 lifetime=[147,1154] skipped=False
2026-08-30 17:25:54,123 | INFO | step=1340/20000 loss=0.9474828 nll=0.9453539 kl=0.007943574 consistency=0 lambda=0 beta=0.268 grad=51.04326 horizon=140 lifetime=[464,2154] skipped=False
2026-08-30 17:25:54,518 | INFO | step=1350/20000 loss=0.0323411 nll=0.02790312 kl=0.01643695 consistency=0 lambda=0 beta=0.27 grad=21.43066 horizon=180 lifetime=[493,1152] skipped=False
2026-08-30 17:25:54,926 | INFO | step=1360/20000 loss=-0.0838536 nll=-0.08520897 kl=0.004982997 consistency=0 lambda=0 beta=0.272 grad=33.38697 horizon=220 lifetime=[460,1834] skipped=False
2026-08-30 17:25:55,374 | INFO | step=1370/20000 loss=-0.2235705 nll=-0.2240383 kl=0.001707349 consistency=0 lambda=0 beta=0.274 grad=11.78614 horizon=220 lifetime=[460,1000] skipped=False
2026-08-30 17:25:55,759 | INFO | step=1380/20000 loss=0.05100946 nll=0.04947892 kl=0.005545434 consistency=0 lambda=0 beta=0.276 grad=62.99221 horizon=220 lifetime=[442,1834] skipped=False
2026-08-30 17:25:56,328 | INFO | step=1390/20000 loss=1.155453 nll=1.149635 kl=0.02092904 consistency=0 lambda=0 beta=0.278 grad=169.3371 horizon=260 lifetime=[442,921] skipped=False
2026-08-30 17:25:56,754 | INFO | step=1400/20000 loss=0.6328787 nll=0.6306146 kl=0.008085952 consistency=0 lambda=0 beta=0.28 grad=61.77401 horizon=300 lifetime=[442,1313] skipped=False
2026-08-30 17:25:57,137 | INFO | step=1410/20000 loss=0.3225873 nll=0.3189321 kl=0.01296165 consistency=0 lambda=0 beta=0.282 grad=45.62929 horizon=120 lifetime=[480,706] skipped=False
2026-08-30 17:25:57,511 | INFO | step=1420/20000 loss=-0.6705558 nll=-0.6718433 kl=0.004533689 consistency=0 lambda=0 beta=0.284 grad=35.00674 horizon=200 lifetime=[455,2154] skipped=False
2026-08-30 17:25:57,847 | INFO | step=1430/20000 loss=-0.3239348 nll=-0.3319696 kl=0.02809372 consistency=0 lambda=0 beta=0.286 grad=14.55845 horizon=120 lifetime=[464,1154] skipped=False
2026-08-30 17:25:58,199 | INFO | step=1440/20000 loss=0.02264062 nll=0.02108592 kl=0.005398259 consistency=0 lambda=0 beta=0.288 grad=78.71129 horizon=260 lifetime=[458,1156] skipped=False
2026-08-30 17:25:58,543 | INFO | step=1450/20000 loss=-0.4812326 nll=-0.4897567 kl=0.02939352 consistency=0 lambda=0 beta=0.29 grad=12.93264 horizon=100 lifetime=[428,1061] skipped=False
2026-08-30 17:25:58,912 | INFO | step=1460/20000 loss=-0.5841298 nll=-0.5884474 kl=0.01478616 consistency=0 lambda=0 beta=0.292 grad=19.50628 horizon=300 lifetime=[443,1154] skipped=False
2026-08-30 17:25:59,276 | INFO | step=1470/20000 loss=-0.5756981 nll=-0.5768313 kl=0.00385436 consistency=0 lambda=0 beta=0.294 grad=16.87958 horizon=200 lifetime=[428,942] skipped=False
2026-08-30 17:25:59,642 | INFO | step=1480/20000 loss=0.05949226 nll=0.05668589 kl=0.009480976 consistency=0 lambda=0 beta=0.296 grad=13.86253 horizon=100 lifetime=[460,877] skipped=False
2026-08-30 17:26:00,050 | INFO | step=1490/20000 loss=0.7267113 nll=0.7194862 kl=0.02424517 consistency=0 lambda=0 beta=0.298 grad=36.05288 horizon=100 lifetime=[442,1932] skipped=False
2026-08-30 17:26:00,679 | INFO | validation step=1500 rmse=268.4454 best=200.9461@1000 stale=1/10
2026-08-30 17:26:00,679 | INFO | step=1500/20000 loss=0.1638285 nll=0.1612969 kl=0.008438881 consistency=0 lambda=0 beta=0.3 grad=41.09796 horizon=120 lifetime=[453,1152] skipped=False
2026-08-30 17:26:01,119 | INFO | step=1510/20000 loss=0.02267189 nll=0.02031752 kl=0.00779591 consistency=0 lambda=0 beta=0.302 grad=36.76843 horizon=140 lifetime=[461,1799] skipped=False
2026-08-30 17:26:01,556 | INFO | step=1520/20000 loss=0.2571426 nll=0.2514241 kl=0.01881084 consistency=0 lambda=0 beta=0.304 grad=12.37119 horizon=120 lifetime=[464,1154] skipped=False
2026-08-30 17:26:01,955 | INFO | step=1530/20000 loss=0.01055883 nll=0.006442443 kl=0.01345224 consistency=0 lambda=0 beta=0.306 grad=100.8984 horizon=220 lifetime=[428,1932] skipped=False
2026-08-30 17:26:02,372 | INFO | step=1540/20000 loss=-0.3049633 nll=-0.3118596 kl=0.0223906 consistency=0 lambda=0 beta=0.308 grad=13.04688 horizon=280 lifetime=[460,1705] skipped=False
2026-08-30 17:26:02,812 | INFO | step=1550/20000 loss=-0.527041 nll=-0.5297183 kl=0.008636355 consistency=0 lambda=0 beta=0.31 grad=40.84023 horizon=240 lifetime=[453,1932] skipped=False
2026-08-30 17:26:03,192 | INFO | step=1560/20000 loss=0.01651305 nll=0.01448933 kl=0.006486271 consistency=0 lambda=0 beta=0.312 grad=29.13153 horizon=180 lifetime=[476,2154] skipped=False
2026-08-30 17:26:03,563 | INFO | step=1570/20000 loss=0.862975 nll=0.8612447 kl=0.005510565 consistency=0 lambda=0 beta=0.314 grad=73.4235 horizon=140 lifetime=[147,1081] skipped=False
2026-08-30 17:26:03,958 | INFO | step=1580/20000 loss=0.9899 nll=0.9855527 kl=0.0137571 consistency=0 lambda=0 beta=0.316 grad=66.19205 horizon=100 lifetime=[147,1152] skipped=False
2026-08-30 17:26:04,360 | INFO | step=1590/20000 loss=0.08135886 nll=0.07900168 kl=0.007412506 consistency=0 lambda=0 beta=0.318 grad=9.560512 horizon=140 lifetime=[147,1143] skipped=False
2026-08-30 17:26:04,763 | INFO | step=1600/20000 loss=0.7322212 nll=0.7242125 kl=0.02502718 consistency=0 lambda=0 beta=0.32 grad=66.26631 horizon=300 lifetime=[649,2154] skipped=False
2026-08-30 17:26:05,142 | INFO | step=1610/20000 loss=0.733214 nll=0.7294431 kl=0.01171083 consistency=0 lambda=0 beta=0.322 grad=56.5801 horizon=120 lifetime=[465,2154] skipped=False
2026-08-30 17:26:05,553 | INFO | step=1620/20000 loss=-0.2089306 nll=-0.2126876 kl=0.01159548 consistency=0 lambda=0 beta=0.324 grad=56.49904 horizon=300 lifetime=[467,1152] skipped=False
2026-08-30 17:26:05,927 | INFO | step=1630/20000 loss=0.3847392 nll=0.3796639 kl=0.01556864 consistency=0 lambda=0 beta=0.326 grad=29.22915 horizon=120 lifetime=[465,1834] skipped=False
2026-08-30 17:26:06,317 | INFO | step=1640/20000 loss=0.4459625 nll=0.4385518 kl=0.02259339 consistency=0 lambda=0 beta=0.328 grad=51.99984 horizon=100 lifetime=[453,1152] skipped=False
2026-08-30 17:26:06,728 | INFO | step=1650/20000 loss=0.6282075 nll=0.6265479 kl=0.005029168 consistency=0 lambda=0 beta=0.33 grad=98.5541 horizon=200 lifetime=[460,1705] skipped=False
2026-08-30 17:26:07,081 | INFO | step=1660/20000 loss=0.5590844 nll=0.556461 kl=0.007901929 consistency=0 lambda=0 beta=0.332 grad=24.35821 horizon=100 lifetime=[491,2154] skipped=False
2026-08-30 17:26:07,455 | INFO | step=1670/20000 loss=0.7974517 nll=0.7844723 kl=0.03886036 consistency=0 lambda=0 beta=0.334 grad=54.89947 horizon=100 lifetime=[147,1113] skipped=False
2026-08-30 17:26:07,826 | INFO | step=1680/20000 loss=-0.2679577 nll=-0.270889 kl=0.008724153 consistency=0 lambda=0 beta=0.336 grad=19.58276 horizon=140 lifetime=[453,1143] skipped=False
2026-08-30 17:26:08,197 | INFO | step=1690/20000 loss=0.2565087 nll=0.2543653 kl=0.006341318 consistency=0 lambda=0 beta=0.338 grad=15.19979 horizon=240 lifetime=[700,1036] skipped=False
2026-08-30 17:26:08,602 | INFO | step=1700/20000 loss=0.75002 nll=0.7447551 kl=0.01548493 consistency=0 lambda=0 beta=0.34 grad=36.44081 horizon=100 lifetime=[480,2154] skipped=False
2026-08-30 17:26:08,982 | INFO | step=1710/20000 loss=-0.06514322 nll=-0.06652738 kl=0.004047245 consistency=0 lambda=0 beta=0.342 grad=10.36711 horizon=120 lifetime=[465,868] skipped=False
2026-08-30 17:26:09,400 | INFO | step=1720/20000 loss=0.4105169 nll=0.4084949 kl=0.005877858 consistency=0 lambda=0 beta=0.344 grad=17.27781 horizon=240 lifetime=[706,1282] skipped=False
2026-08-30 17:26:09,812 | INFO | step=1730/20000 loss=-0.8359389 nll=-0.8379864 kl=0.00591759 consistency=0 lambda=0 beta=0.346 grad=65.98966 horizon=200 lifetime=[428,1152] skipped=False
2026-08-30 17:26:10,203 | INFO | step=1740/20000 loss=-0.4736271 nll=-0.4777676 kl=0.01189811 consistency=0 lambda=0 beta=0.348 grad=18.35771 horizon=220 lifetime=[442,1156] skipped=False
2026-08-30 17:26:10,628 | INFO | step=1750/20000 loss=0.5046614 nll=0.5036566 kl=0.002871037 consistency=0 lambda=0 beta=0.35 grad=26.759 horizon=260 lifetime=[491,1152] skipped=False
2026-08-30 17:26:11,051 | INFO | step=1760/20000 loss=0.1515072 nll=0.1494968 kl=0.005711388 consistency=0 lambda=0 beta=0.352 grad=81.20312 horizon=220 lifetime=[480,1313] skipped=False
2026-08-30 17:26:11,451 | INFO | step=1770/20000 loss=0.08024577 nll=0.07891312 kl=0.003764546 consistency=0 lambda=0 beta=0.354 grad=55.83629 horizon=300 lifetime=[671,1081] skipped=False
2026-08-30 17:26:11,862 | INFO | step=1780/20000 loss=-0.4052429 nll=-0.4060118 kl=0.00215967 consistency=0 lambda=0 beta=0.356 grad=12.52933 horizon=220 lifetime=[500,1154] skipped=False
2026-08-30 17:26:12,240 | INFO | step=1790/20000 loss=-0.6875551 nll=-0.6968154 kl=0.02586693 consistency=0 lambda=0 beta=0.358 grad=38.73002 horizon=120 lifetime=[443,858] skipped=False
2026-08-30 17:26:12,643 | INFO | step=1800/20000 loss=-0.077025 nll=-0.07884739 kl=0.005062222 consistency=0 lambda=0 beta=0.36 grad=37.55336 horizon=120 lifetime=[458,1091] skipped=False
2026-08-30 17:26:13,059 | INFO | step=1810/20000 loss=-0.9139405 nll=-0.9154769 kl=0.004244348 consistency=0 lambda=0 beta=0.362 grad=20.45959 horizon=240 lifetime=[455,1071] skipped=False
2026-08-30 17:26:13,483 | INFO | step=1820/20000 loss=-0.3152001 nll=-0.3190258 kl=0.01051018 consistency=0 lambda=0 beta=0.364 grad=31.61709 horizon=180 lifetime=[486,1313] skipped=False
2026-08-30 17:26:13,896 | INFO | step=1830/20000 loss=-0.7118688 nll=-0.7161268 kl=0.01163392 consistency=0 lambda=0 beta=0.366 grad=25.75698 horizon=280 lifetime=[460,1313] skipped=False
2026-08-30 17:26:14,287 | INFO | step=1840/20000 loss=1.651235 nll=1.647892 kl=0.009085599 consistency=0 lambda=0 beta=0.368 grad=214.4965 horizon=220 lifetime=[512,1282] skipped=False
2026-08-30 17:26:14,672 | INFO | step=1850/20000 loss=-0.6486476 nll=-0.65047 kl=0.004925314 consistency=0 lambda=0 beta=0.37 grad=48.88317 horizon=220 lifetime=[484,1156] skipped=False
2026-08-30 17:26:15,109 | INFO | step=1860/20000 loss=-0.1046638 nll=-0.1155075 kl=0.02914979 consistency=0 lambda=0 beta=0.372 grad=155.1511 horizon=300 lifetime=[442,856] skipped=False
2026-08-30 17:26:15,533 | INFO | step=1870/20000 loss=-0.01402889 nll=-0.01652206 kl=0.006666244 consistency=0 lambda=0 beta=0.374 grad=38.31191 horizon=300 lifetime=[615,1071] skipped=False
2026-08-30 17:26:15,883 | INFO | step=1880/20000 loss=-0.4668374 nll=-0.467799 kl=0.002557494 consistency=0 lambda=0 beta=0.376 grad=49.16798 horizon=220 lifetime=[460,1282] skipped=False
2026-08-30 17:26:16,298 | INFO | step=1890/20000 loss=1.097404 nll=1.095775 kl=0.00430873 consistency=0 lambda=0 beta=0.378 grad=138.8332 horizon=300 lifetime=[456,1055] skipped=False
2026-08-30 17:26:16,727 | INFO | step=1900/20000 loss=0.2224119 nll=0.2197894 kl=0.006901239 consistency=0 lambda=0 beta=0.38 grad=89.14668 horizon=220 lifetime=[442,1705] skipped=False
2026-08-30 17:26:17,096 | INFO | step=1910/20000 loss=1.113829 nll=1.110989 kl=0.007435031 consistency=0 lambda=0 beta=0.382 grad=126.0906 horizon=160 lifetime=[464,1834] skipped=False
2026-08-30 17:26:17,509 | INFO | step=1920/20000 loss=0.6969717 nll=0.6938277 kl=0.008187296 consistency=0 lambda=0 beta=0.384 grad=59.45098 horizon=240 lifetime=[465,1156] skipped=False
2026-08-30 17:26:17,932 | INFO | step=1930/20000 loss=-0.6430576 nll=-0.6445852 kl=0.003957387 consistency=0 lambda=0 beta=0.386 grad=29.87719 horizon=260 lifetime=[467,1152] skipped=False
2026-08-30 17:26:18,310 | INFO | step=1940/20000 loss=-0.8605317 nll=-0.8637 kl=0.008165706 consistency=0 lambda=0 beta=0.388 grad=66.72492 horizon=260 lifetime=[455,1036] skipped=False
2026-08-30 17:26:18,693 | INFO | step=1950/20000 loss=0.36317 nll=0.357206 kl=0.01529236 consistency=0 lambda=0 beta=0.39 grad=20.84168 horizon=100 lifetime=[147,1154] skipped=False
2026-08-30 17:26:19,124 | INFO | step=1960/20000 loss=-0.7438662 nll=-0.7450305 kl=0.002970174 consistency=0 lambda=0 beta=0.392 grad=24.22722 horizon=280 lifetime=[455,1282] skipped=False
2026-08-30 17:26:19,507 | INFO | step=1970/20000 loss=-0.1858844 nll=-0.1878185 kl=0.004908839 consistency=0 lambda=0 beta=0.394 grad=47.81521 horizon=180 lifetime=[470,1036] skipped=False
2026-08-30 17:26:19,897 | INFO | step=1980/20000 loss=0.5257094 nll=0.5235651 kl=0.005414987 consistency=0 lambda=0 beta=0.396 grad=141.0416 horizon=160 lifetime=[460,1154] skipped=False
2026-08-30 17:26:20,281 | INFO | step=1990/20000 loss=-0.1136111 nll=-0.1178389 kl=0.01062271 consistency=0 lambda=0 beta=0.398 grad=44.49174 horizon=120 lifetime=[299,1061] skipped=False
2026-08-30 17:26:20,941 | INFO | validation step=2000 rmse=237.2148 best=200.9461@1000 stale=2/10
2026-08-30 17:26:20,941 | INFO | step=2000/20000 loss=1.337867 nll=1.336795 kl=0.002681712 consistency=0 lambda=0 beta=0.4 grad=232.3055 horizon=280 lifetime=[460,1113] skipped=False
2026-08-30 17:26:21,411 | INFO | step=2010/20000 loss=-0.6285248 nll=-0.6327288 kl=0.01045776 consistency=0 lambda=0 beta=0.402 grad=37.4586 horizon=240 lifetime=[299,1143] skipped=False
2026-08-30 17:26:21,786 | INFO | step=2020/20000 loss=0.1625227 nll=0.1574976 kl=0.01243831 consistency=0 lambda=0 beta=0.404 grad=64.35915 horizon=120 lifetime=[442,1071] skipped=False
2026-08-30 17:26:22,200 | INFO | step=2030/20000 loss=0.4889306 nll=0.4856556 kl=0.008066587 consistency=0 lambda=0 beta=0.406 grad=169.2681 horizon=300 lifetime=[461,1091] skipped=False
2026-08-30 17:26:22,626 | INFO | step=2040/20000 loss=-0.5837985 nll=-0.5849917 kl=0.002924416 consistency=0 lambda=0 beta=0.408 grad=26.01089 horizon=300 lifetime=[465,1036] skipped=False
2026-08-30 17:26:23,044 | INFO | step=2050/20000 loss=-0.8482153 nll=-0.8529133 kl=0.01145831 consistency=0 lambda=0 beta=0.41 grad=87.65479 horizon=240 lifetime=[299,921] skipped=False
2026-08-30 17:26:23,396 | INFO | step=2060/20000 loss=0.05645172 nll=0.05348088 kl=0.007210791 consistency=0 lambda=0 beta=0.412 grad=52.18779 horizon=180 lifetime=[464,1799] skipped=False
2026-08-30 17:26:23,797 | INFO | step=2070/20000 loss=-0.2374751 nll=-0.2400842 kl=0.006302076 consistency=0 lambda=0 beta=0.414 grad=65.48472 horizon=300 lifetime=[458,1313] skipped=False
2026-08-30 17:26:24,226 | INFO | step=2080/20000 loss=-0.5282341 nll=-0.5295548 kl=0.003174812 consistency=0 lambda=0 beta=0.416 grad=63.50489 horizon=220 lifetime=[467,1834] skipped=False
2026-08-30 17:26:24,667 | INFO | step=2090/20000 loss=0.2161406 nll=0.2150201 kl=0.002680568 consistency=0 lambda=0 beta=0.418 grad=98.65862 horizon=280 lifetime=[443,2154] skipped=False
2026-08-30 17:26:25,046 | INFO | step=2100/20000 loss=-0.151158 nll=-0.1521881 kl=0.002452407 consistency=0 lambda=0 beta=0.42 grad=43.30841 horizon=280 lifetime=[484,2154] skipped=False
2026-08-30 17:26:25,435 | INFO | step=2110/20000 loss=0.1620973 nll=0.1602184 kl=0.004452392 consistency=0 lambda=0 beta=0.422 grad=81.8717 horizon=100 lifetime=[456,1834] skipped=False
2026-08-30 17:26:25,808 | INFO | step=2120/20000 loss=-0.613587 nll=-0.6158441 kl=0.005323358 consistency=0 lambda=0 beta=0.424 grad=15.75478 horizon=260 lifetime=[476,1091] skipped=False
2026-08-30 17:26:26,189 | INFO | step=2130/20000 loss=0.7522845 nll=0.7480206 kl=0.01000909 consistency=0 lambda=0 beta=0.426 grad=19.19709 horizon=100 lifetime=[147,1313] skipped=False
2026-08-30 17:26:26,590 | INFO | step=2140/20000 loss=0.2234582 nll=0.2214996 kl=0.004576202 consistency=0 lambda=0 beta=0.428 grad=46.66005 horizon=280 lifetime=[465,1799] skipped=False
2026-08-30 17:26:26,964 | INFO | step=2150/20000 loss=0.1299248 nll=0.1282145 kl=0.003977462 consistency=0 lambda=0 beta=0.43 grad=18.85769 horizon=120 lifetime=[465,1154] skipped=False
2026-08-30 17:26:27,328 | INFO | step=2160/20000 loss=0.375226 nll=0.3744152 kl=0.001877002 consistency=0 lambda=0 beta=0.432 grad=93.69967 horizon=300 lifetime=[442,1834] skipped=False
2026-08-30 17:26:27,700 | INFO | step=2170/20000 loss=-0.7113051 nll=-0.7138143 kl=0.005781457 consistency=0 lambda=0 beta=0.434 grad=34.60186 horizon=180 lifetime=[443,1156] skipped=False
2026-08-30 17:26:28,090 | INFO | step=2180/20000 loss=0.4107741 nll=0.409001 kl=0.004066711 consistency=0 lambda=0 beta=0.436 grad=34.53223 horizon=220 lifetime=[671,1081] skipped=False
2026-08-30 17:26:28,518 | INFO | step=2190/20000 loss=-0.1035457 nll=-0.1042912 kl=0.001702001 consistency=0 lambda=0 beta=0.438 grad=71.35245 horizon=260 lifetime=[455,1036] skipped=False
2026-08-30 17:26:28,895 | INFO | step=2200/20000 loss=-0.5575348 nll=-0.560849 kl=0.007532341 consistency=0 lambda=0 beta=0.44 grad=107.8549 horizon=140 lifetime=[428,841] skipped=False
2026-08-30 17:26:29,256 | INFO | step=2210/20000 loss=-0.8851151 nll=-0.8874921 kl=0.005377768 consistency=0 lambda=0 beta=0.442 grad=24.21465 horizon=140 lifetime=[460,1038] skipped=False
2026-08-30 17:26:29,661 | INFO | step=2220/20000 loss=-0.4633503 nll=-0.4657302 kl=0.005360305 consistency=0 lambda=0 beta=0.444 grad=55.37044 horizon=240 lifetime=[442,1113] skipped=False
2026-08-30 17:26:30,075 | INFO | step=2230/20000 loss=-0.3313548 nll=-0.3328376 kl=0.003324606 consistency=0 lambda=0 beta=0.446 grad=21.54687 horizon=280 lifetime=[299,1705] skipped=False
2026-08-30 17:26:30,466 | INFO | step=2240/20000 loss=-0.7442293 nll=-0.7480636 kl=0.008558653 consistency=0 lambda=0 beta=0.448 grad=15.08084 horizon=260 lifetime=[453,2154] skipped=False
2026-08-30 17:26:30,849 | INFO | step=2250/20000 loss=0.0002511544 nll=-0.004136294 kl=0.009749886 consistency=0 lambda=0 beta=0.45 grad=38.14207 horizon=140 lifetime=[442,1156] skipped=False
2026-08-30 17:26:31,258 | INFO | step=2260/20000 loss=-0.5561928 nll=-0.5608532 kl=0.01031069 consistency=0 lambda=0 beta=0.452 grad=36.51987 horizon=200 lifetime=[560,1154] skipped=False
2026-08-30 17:26:31,624 | INFO | step=2270/20000 loss=-0.6640439 nll=-0.6657452 kl=0.003747318 consistency=0 lambda=0 beta=0.454 grad=32.70291 horizon=120 lifetime=[443,1705] skipped=False
2026-08-30 17:26:32,014 | INFO | step=2280/20000 loss=-0.3549256 nll=-0.3588555 kl=0.008618213 consistency=0 lambda=0 beta=0.456 grad=27.90218 horizon=260 lifetime=[460,1932] skipped=False
2026-08-30 17:26:32,388 | INFO | step=2290/20000 loss=1.838006 nll=1.835719 kl=0.004992727 consistency=0 lambda=0 beta=0.458 grad=199.4327 horizon=260 lifetime=[486,1705] skipped=False
2026-08-30 17:26:32,817 | INFO | step=2300/20000 loss=0.3674403 nll=0.3667181 kl=0.001569804 consistency=0 lambda=0 beta=0.46 grad=102.7406 horizon=260 lifetime=[455,1705] skipped=False
2026-08-30 17:26:33,209 | INFO | step=2310/20000 loss=-0.6108037 nll=-0.6123542 kl=0.003356069 consistency=0 lambda=0 beta=0.462 grad=17.44132 horizon=180 lifetime=[461,887] skipped=False
2026-08-30 17:26:33,611 | INFO | step=2320/20000 loss=-0.8058823 nll=-0.8075795 kl=0.003657847 consistency=0 lambda=0 beta=0.464 grad=45.84319 horizon=200 lifetime=[476,915] skipped=False
2026-08-30 17:26:33,988 | INFO | step=2330/20000 loss=0.08186364 nll=0.07929261 kl=0.005517233 consistency=0 lambda=0 beta=0.466 grad=38.55375 horizon=120 lifetime=[460,1799] skipped=False
2026-08-30 17:26:34,349 | INFO | step=2340/20000 loss=0.503485 nll=0.5001603 kl=0.007103996 consistency=0 lambda=0 beta=0.468 grad=31.75914 horizon=120 lifetime=[497,1091] skipped=False
2026-08-30 17:26:34,781 | INFO | step=2350/20000 loss=-0.4156549 nll=-0.4179786 kl=0.004943967 consistency=0 lambda=0 beta=0.47 grad=21.81607 horizon=100 lifetime=[299,1143] skipped=False
2026-08-30 17:26:35,192 | INFO | step=2360/20000 loss=0.2523859 nll=0.2512949 kl=0.002311635 consistency=0 lambda=0 beta=0.472 grad=48.31984 horizon=180 lifetime=[465,1834] skipped=False
2026-08-30 17:26:35,583 | INFO | step=2370/20000 loss=0.7409812 nll=0.738841 kl=0.004515227 consistency=0 lambda=0 beta=0.474 grad=51.69046 horizon=120 lifetime=[461,2154] skipped=False
2026-08-30 17:26:36,027 | INFO | step=2380/20000 loss=-0.09078959 nll=-0.0936957 kl=0.006105267 consistency=0 lambda=0 beta=0.476 grad=164.7339 horizon=280 lifetime=[461,1000] skipped=False
2026-08-30 17:26:36,442 | INFO | step=2390/20000 loss=0.5653314 nll=0.563816 kl=0.003170386 consistency=0 lambda=0 beta=0.478 grad=105.8508 horizon=220 lifetime=[476,2154] skipped=False
2026-08-30 17:26:36,833 | INFO | step=2400/20000 loss=0.378774 nll=0.3767966 kl=0.004119625 consistency=0 lambda=0 beta=0.48 grad=75.14885 horizon=300 lifetime=[470,1313] skipped=False
2026-08-30 17:26:37,215 | INFO | step=2410/20000 loss=-0.8000672 nll=-0.8012704 kl=0.002496356 consistency=0 lambda=0 beta=0.482 grad=20.78997 horizon=200 lifetime=[456,1705] skipped=False
2026-08-30 17:26:37,644 | INFO | step=2420/20000 loss=-0.7056937 nll=-0.7069671 kl=0.002630983 consistency=0 lambda=0 beta=0.484 grad=27.09831 horizon=300 lifetime=[464,2154] skipped=False
2026-08-30 17:26:38,080 | INFO | step=2430/20000 loss=-0.866646 nll=-0.8673394 kl=0.001426835 consistency=0 lambda=0 beta=0.486 grad=102.7077 horizon=220 lifetime=[460,1282] skipped=False
2026-08-30 17:26:38,474 | INFO | step=2440/20000 loss=-0.3040619 nll=-0.3078505 kl=0.007763425 consistency=0 lambda=0 beta=0.488 grad=43.2392 horizon=180 lifetime=[476,1081] skipped=False
2026-08-30 17:26:38,846 | INFO | step=2450/20000 loss=-0.1786248 nll=-0.182354 kl=0.007610691 consistency=0 lambda=0 beta=0.49 grad=33.36691 horizon=280 lifetime=[470,1113] skipped=False
2026-08-30 17:26:39,242 | INFO | step=2460/20000 loss=-0.3462842 nll=-0.3480922 kl=0.003674708 consistency=0 lambda=0 beta=0.492 grad=46.25574 horizon=120 lifetime=[460,906] skipped=False
2026-08-30 17:26:39,665 | INFO | step=2470/20000 loss=0.1590389 nll=0.1572328 kl=0.003656194 consistency=0 lambda=0 beta=0.494 grad=44.33534 horizon=300 lifetime=[649,1156] skipped=False
2026-08-30 17:26:40,041 | INFO | step=2480/20000 loss=0.4725029 nll=0.4681466 kl=0.008782834 consistency=0 lambda=0 beta=0.496 grad=60.107 horizon=100 lifetime=[656,1113] skipped=False
2026-08-30 17:26:40,466 | INFO | step=2490/20000 loss=-0.634022 nll=-0.6360168 kl=0.004005711 consistency=0 lambda=0 beta=0.498 grad=34.63603 horizon=200 lifetime=[455,1313] skipped=False
2026-08-30 17:26:41,181 | INFO | validation step=2500 rmse=220.5997 best=200.9461@1000 stale=3/10
2026-08-30 17:26:41,181 | INFO | step=2500/20000 loss=0.1574863 nll=0.1544167 kl=0.006139278 consistency=0 lambda=0 beta=0.5 grad=55.94174 horizon=100 lifetime=[461,1313] skipped=False
2026-08-30 17:26:41,656 | INFO | step=2510/20000 loss=-0.1741377 nll=-0.1763683 kl=0.004443362 consistency=0 lambda=0 beta=0.502 grad=20.73094 horizon=140 lifetime=[484,1091] skipped=False
2026-08-30 17:26:42,062 | INFO | step=2520/20000 loss=0.1460972 nll=0.1452042 kl=0.001771882 consistency=0 lambda=0 beta=0.504 grad=20.05759 horizon=200 lifetime=[486,1282] skipped=False
2026-08-30 17:26:42,508 | INFO | step=2530/20000 loss=-0.8292079 nll=-0.8370683 kl=0.0155344 consistency=0 lambda=0 beta=0.506 grad=82.17461 horizon=300 lifetime=[464,2154] skipped=False
2026-08-30 17:26:42,887 | INFO | step=2540/20000 loss=-0.4398244 nll=-0.4477911 kl=0.01568249 consistency=0 lambda=0 beta=0.508 grad=61.24931 horizon=100 lifetime=[299,909] skipped=False
2026-08-30 17:26:43,286 | INFO | step=2550/20000 loss=-0.1682491 nll=-0.169872 kl=0.003182173 consistency=0 lambda=0 beta=0.51 grad=49.15125 horizon=180 lifetime=[456,1705] skipped=False
2026-08-30 17:26:43,684 | INFO | step=2560/20000 loss=2.065657 nll=2.063833 kl=0.003562398 consistency=0 lambda=0 beta=0.512 grad=158.5812 horizon=140 lifetime=[539,2154] skipped=False
2026-08-30 17:26:44,062 | INFO | step=2570/20000 loss=-0.09634674 nll=-0.0976321 kl=0.002500698 consistency=0 lambda=0 beta=0.514 grad=39.25965 horizon=140 lifetime=[455,1705] skipped=False
2026-08-30 17:26:44,482 | INFO | step=2580/20000 loss=-0.5802845 nll=-0.5818655 kl=0.003064014 consistency=0 lambda=0 beta=0.516 grad=112.1778 horizon=300 lifetime=[453,823] skipped=False
2026-08-30 17:26:44,847 | INFO | step=2590/20000 loss=0.652718 nll=0.6440486 kl=0.01673619 consistency=0 lambda=0 beta=0.518 grad=47.79061 horizon=100 lifetime=[476,1052] skipped=False
2026-08-30 17:26:45,227 | INFO | step=2600/20000 loss=0.5353629 nll=0.5323243 kl=0.00584358 consistency=0 lambda=0 beta=0.52 grad=16.90068 horizon=100 lifetime=[461,1113] skipped=False
2026-08-30 17:26:45,653 | INFO | step=2610/20000 loss=0.9835521 nll=0.9822624 kl=0.002470698 consistency=0 lambda=0 beta=0.522 grad=268.6103 horizon=300 lifetime=[461,1152] skipped=False
2026-08-30 17:26:46,079 | INFO | step=2620/20000 loss=-0.9350168 nll=-0.9396228 kl=0.008790117 consistency=0 lambda=0 beta=0.524 grad=40.17759 horizon=280 lifetime=[455,891] skipped=False
2026-08-30 17:26:46,477 | INFO | step=2630/20000 loss=-0.4733054 nll=-0.4752511 kl=0.00369899 consistency=0 lambda=0 beta=0.526 grad=41.03711 horizon=220 lifetime=[455,991] skipped=False
2026-08-30 17:26:46,839 | INFO | step=2640/20000 loss=-0.3483882 nll=-0.3505498 kl=0.004093885 consistency=0 lambda=0 beta=0.528 grad=16.57683 horizon=140 lifetime=[458,1025] skipped=False
2026-08-30 17:26:47,277 | INFO | step=2650/20000 loss=-0.1541981 nll=-0.1560473 kl=0.003488973 consistency=0 lambda=0 beta=0.53 grad=51.11643 horizon=260 lifetime=[464,2154] skipped=False
2026-08-30 17:26:47,653 | INFO | step=2660/20000 loss=0.09680283 nll=0.09554948 kl=0.002355926 consistency=0 lambda=0 beta=0.532 grad=48.90808 horizon=140 lifetime=[505,1834] skipped=False
2026-08-30 17:26:48,031 | INFO | step=2670/20000 loss=-0.215707 nll=-0.2204989 kl=0.008973673 consistency=0 lambda=0 beta=0.534 grad=20.26681 horizon=260 lifetime=[512,1799] skipped=False
2026-08-30 17:26:48,435 | INFO | step=2680/20000 loss=-0.02238016 nll=-0.02378431 kl=0.002619684 consistency=0 lambda=0 beta=0.536 grad=31.01618 horizon=160 lifetime=[455,1156] skipped=False
2026-08-30 17:26:48,820 | INFO | step=2690/20000 loss=-0.03522853 nll=-0.04038237 kl=0.009579636 consistency=0 lambda=0 beta=0.538 grad=44.1829 horizon=100 lifetime=[465,1834] skipped=False
2026-08-30 17:26:49,227 | INFO | step=2700/20000 loss=-0.7060526 nll=-0.7066123 kl=0.001036525 consistency=0 lambda=0 beta=0.54 grad=35.14747 horizon=300 lifetime=[480,991] skipped=False
2026-08-30 17:26:49,652 | INFO | step=2710/20000 loss=-1.015794 nll=-1.017952 kl=0.003982954 consistency=0 lambda=0 beta=0.542 grad=120.0748 horizon=160 lifetime=[461,863] skipped=False
2026-08-30 17:26:50,087 | INFO | step=2720/20000 loss=-0.3799661 nll=-0.3809016 kl=0.001719579 consistency=0 lambda=0 beta=0.544 grad=65.20595 horizon=200 lifetime=[442,1834] skipped=False
2026-08-30 17:26:50,546 | INFO | step=2730/20000 loss=-0.3984208 nll=-0.3994964 kl=0.001970023 consistency=0 lambda=0 beta=0.546 grad=23.48467 horizon=180 lifetime=[456,1932] skipped=False
2026-08-30 17:26:50,939 | INFO | step=2740/20000 loss=-0.2120266 nll=-0.2139408 kl=0.003493063 consistency=0 lambda=0 beta=0.548 grad=12.59019 horizon=140 lifetime=[484,2154] skipped=False
2026-08-30 17:26:51,385 | INFO | step=2750/20000 loss=-0.2901388 nll=-0.2914701 kl=0.002420455 consistency=0 lambda=0 beta=0.55 grad=27.92183 horizon=280 lifetime=[512,1834] skipped=False
2026-08-30 17:26:51,784 | INFO | step=2760/20000 loss=-0.4846159 nll=-0.4852262 kl=0.001105696 consistency=0 lambda=0 beta=0.552 grad=17.47497 horizon=280 lifetime=[455,2154] skipped=False
2026-08-30 17:26:52,208 | INFO | step=2770/20000 loss=-1.182047 nll=-1.184027 kl=0.003574021 consistency=0 lambda=0 beta=0.554 grad=90.18578 horizon=260 lifetime=[428,1061] skipped=False
2026-08-30 17:26:52,611 | INFO | step=2780/20000 loss=0.3435999 nll=0.3423671 kl=0.002217323 consistency=0 lambda=0 beta=0.556 grad=120.2857 horizon=180 lifetime=[494,1282] skipped=False
2026-08-30 17:26:53,025 | INFO | step=2790/20000 loss=-0.6111003 nll=-0.6126173 kl=0.002718642 consistency=0 lambda=0 beta=0.558 grad=117.9998 horizon=160 lifetime=[428,906] skipped=False
2026-08-30 17:26:53,438 | INFO | step=2800/20000 loss=0.7240884 nll=0.7232206 kl=0.001549573 consistency=0 lambda=0 beta=0.56 grad=256.6746 horizon=200 lifetime=[486,1282] skipped=False
2026-08-30 17:26:53,843 | INFO | step=2810/20000 loss=0.5266788 nll=0.5240452 kl=0.004686199 consistency=0 lambda=0 beta=0.562 grad=65.2932 horizon=120 lifetime=[442,1834] skipped=False
2026-08-30 17:26:54,224 | INFO | step=2820/20000 loss=-1.181799 nll=-1.183363 kl=0.002772171 consistency=0 lambda=0 beta=0.564 grad=76.53596 horizon=260 lifetime=[456,887] skipped=False
2026-08-30 17:26:54,615 | INFO | step=2830/20000 loss=-0.1531965 nll=-0.1558625 kl=0.004710294 consistency=0 lambda=0 beta=0.566 grad=19.09392 horizon=180 lifetime=[467,1705] skipped=False
2026-08-30 17:26:55,038 | INFO | step=2840/20000 loss=-0.05313801 nll=-0.05416827 kl=0.001813836 consistency=0 lambda=0 beta=0.568 grad=88.11712 horizon=300 lifetime=[494,2154] skipped=False
2026-08-30 17:26:55,461 | INFO | step=2850/20000 loss=-0.189455 nll=-0.1929272 kl=0.00609158 consistency=0 lambda=0 beta=0.57 grad=75.3672 horizon=120 lifetime=[428,938] skipped=False
2026-08-30 17:26:55,870 | INFO | step=2860/20000 loss=-0.5951588 nll=-0.595746 kl=0.00102675 consistency=0 lambda=0 beta=0.572 grad=12.72211 horizon=260 lifetime=[494,2154] skipped=False
2026-08-30 17:26:56,258 | INFO | step=2870/20000 loss=-0.8743994 nll=-0.8756222 kl=0.002130285 consistency=0 lambda=0 beta=0.574 grad=7.777634 horizon=160 lifetime=[455,921] skipped=False
2026-08-30 17:26:56,679 | INFO | step=2880/20000 loss=-0.08750939 nll=-0.0895507 kl=0.003543936 consistency=0 lambda=0 beta=0.576 grad=66.19326 horizon=240 lifetime=[460,1061] skipped=False
2026-08-30 17:26:57,065 | INFO | step=2890/20000 loss=0.3832861 nll=0.3809706 kl=0.004006058 consistency=0 lambda=0 beta=0.578 grad=63.29239 horizon=140 lifetime=[458,1143] skipped=False
2026-08-30 17:26:57,466 | INFO | step=2900/20000 loss=-0.3694966 nll=-0.3721907 kl=0.004644826 consistency=0 lambda=0 beta=0.58 grad=18.97022 horizon=120 lifetime=[443,1143] skipped=False
2026-08-30 17:26:57,871 | INFO | step=2910/20000 loss=-0.9078496 nll=-0.9097106 kl=0.00319761 consistency=0 lambda=0 beta=0.582 grad=31.61002 horizon=220 lifetime=[443,1834] skipped=False
2026-08-30 17:26:58,267 | INFO | step=2920/20000 loss=-0.1143537 nll=-0.1157803 kl=0.002442673 consistency=0 lambda=0 beta=0.584 grad=59.91105 horizon=160 lifetime=[453,1055] skipped=False
2026-08-30 17:26:58,670 | INFO | step=2930/20000 loss=1.459814 nll=1.456699 kl=0.005315289 consistency=0 lambda=0 beta=0.586 grad=205.5439 horizon=120 lifetime=[464,1000] skipped=False
2026-08-30 17:26:59,110 | INFO | step=2940/20000 loss=-0.7215291 nll=-0.7226261 kl=0.00186573 consistency=0 lambda=0 beta=0.588 grad=76.04015 horizon=300 lifetime=[464,1834] skipped=False
2026-08-30 17:26:59,575 | INFO | step=2950/20000 loss=-0.3079505 nll=-0.3089404 kl=0.001677677 consistency=0 lambda=0 beta=0.59 grad=123.6985 horizon=300 lifetime=[428,1834] skipped=False
2026-08-30 17:26:59,963 | INFO | step=2960/20000 loss=-0.2052653 nll=-0.2062062 kl=0.001589373 consistency=0 lambda=0 beta=0.592 grad=48.16578 horizon=260 lifetime=[453,1154] skipped=False
2026-08-30 17:27:00,318 | INFO | step=2970/20000 loss=-0.5112376 nll=-0.5129007 kl=0.002799943 consistency=0 lambda=0 beta=0.594 grad=86.30161 horizon=240 lifetime=[470,1282] skipped=False
2026-08-30 17:27:00,698 | INFO | step=2980/20000 loss=-0.2790532 nll=-0.2805119 kl=0.002447464 consistency=0 lambda=0 beta=0.596 grad=17.44989 horizon=140 lifetime=[455,1834] skipped=False
2026-08-30 17:27:01,114 | INFO | step=2990/20000 loss=-0.2494467 nll=-0.2520122 kl=0.004290178 consistency=0 lambda=0 beta=0.598 grad=93.35262 horizon=300 lifetime=[649,1152] skipped=False
2026-08-30 17:27:01,810 | INFO | validation step=3000 rmse=192.1698 best=192.1698@3000 stale=0/10
2026-08-30 17:27:01,810 | INFO | step=3000/20000 loss=-1.053685 nll=-1.055079 kl=0.002322592 consistency=0 lambda=0 beta=0.6 grad=88.73203 horizon=260 lifetime=[460,1799] skipped=False
2026-08-30 17:27:02,270 | INFO | step=3010/20000 loss=-0.2570762 nll=-0.2587214 kl=0.002732851 consistency=0 lambda=0 beta=0.602 grad=76.57535 horizon=180 lifetime=[461,1834] skipped=False
2026-08-30 17:27:02,669 | INFO | step=3020/20000 loss=-0.9443815 nll=-0.9486995 kl=0.007149026 consistency=0 lambda=0 beta=0.604 grad=49.67496 horizon=300 lifetime=[476,942] skipped=False
2026-08-30 17:27:03,070 | INFO | step=3030/20000 loss=0.2228188 nll=0.2218615 kl=0.001579776 consistency=0 lambda=0 beta=0.606 grad=67.28271 horizon=140 lifetime=[460,1154] skipped=False
2026-08-30 17:27:03,440 | INFO | step=3040/20000 loss=-0.3106677 nll=-0.3123825 kl=0.002820536 consistency=0 lambda=0 beta=0.608 grad=58.93895 horizon=120 lifetime=[428,1152] skipped=False
2026-08-30 17:27:03,835 | INFO | step=3050/20000 loss=-0.7539942 nll=-0.7550395 kl=0.001713619 consistency=0 lambda=0 beta=0.61 grad=50.43813 horizon=280 lifetime=[470,1799] skipped=False
2026-08-30 17:27:04,215 | INFO | step=3060/20000 loss=-0.2639749 nll=-0.2661677 kl=0.003583059 consistency=0 lambda=0 beta=0.612 grad=23.28467 horizon=300 lifetime=[687,1071] skipped=False
2026-08-30 17:27:04,640 | INFO | step=3070/20000 loss=-0.9104373 nll=-0.9112179 kl=0.001271188 consistency=0 lambda=0 beta=0.614 grad=28.84014 horizon=300 lifetime=[460,1036] skipped=False
2026-08-30 17:27:05,104 | INFO | step=3080/20000 loss=-1.384091 nll=-1.385234 kl=0.001856163 consistency=0 lambda=0 beta=0.616 grad=42.92446 horizon=300 lifetime=[443,1156] skipped=False
2026-08-30 17:27:05,537 | INFO | step=3090/20000 loss=-0.1762984 nll=-0.1769214 kl=0.001008064 consistency=0 lambda=0 beta=0.618 grad=21.40022 horizon=280 lifetime=[539,1932] skipped=False
2026-08-30 17:27:05,957 | INFO | step=3100/20000 loss=-0.5438807 nll=-0.5450394 kl=0.001868933 consistency=0 lambda=0 beta=0.62 grad=39.18016 horizon=260 lifetime=[455,1799] skipped=False
2026-08-30 17:27:06,344 | INFO | step=3110/20000 loss=-0.195844 nll=-0.1982316 kl=0.003838599 consistency=0 lambda=0 beta=0.622 grad=46.74894 horizon=160 lifetime=[456,1152] skipped=False
2026-08-30 17:27:06,750 | INFO | step=3120/20000 loss=-0.1851826 nll=-0.186287 kl=0.001769826 consistency=0 lambda=0 beta=0.624 grad=62.86749 horizon=220 lifetime=[533,1154] skipped=False
2026-08-30 17:27:07,148 | INFO | step=3130/20000 loss=-0.3293631 nll=-0.3309115 kl=0.002473429 consistency=0 lambda=0 beta=0.626 grad=9.829558 horizon=300 lifetime=[505,2154] skipped=False
2026-08-30 17:27:07,519 | INFO | step=3140/20000 loss=-0.343782 nll=-0.3474576 kl=0.005852818 consistency=0 lambda=0 beta=0.628 grad=34.04683 horizon=140 lifetime=[299,1282] skipped=False
2026-08-30 17:27:07,936 | INFO | step=3150/20000 loss=-0.3372939 nll=-0.3395926 kl=0.003648773 consistency=0 lambda=0 beta=0.63 grad=48.75019 horizon=260 lifetime=[470,1834] skipped=False
2026-08-30 17:27:08,321 | INFO | step=3160/20000 loss=-0.3143783 nll=-0.3156357 kl=0.001989558 consistency=0 lambda=0 beta=0.632 grad=97.71436 horizon=160 lifetime=[455,1154] skipped=False
2026-08-30 17:27:08,735 | INFO | step=3170/20000 loss=0.5251113 nll=0.5240145 kl=0.001729935 consistency=0 lambda=0 beta=0.634 grad=81.09135 horizon=140 lifetime=[497,1143] skipped=False
2026-08-30 17:27:09,161 | INFO | step=3180/20000 loss=-0.5614401 nll=-0.5617714 kl=0.000520885 consistency=0 lambda=0 beta=0.636 grad=93.28664 horizon=300 lifetime=[442,1081] skipped=False
2026-08-30 17:27:09,569 | INFO | step=3190/20000 loss=-0.8446414 nll=-0.8462603 kl=0.0025374 consistency=0 lambda=0 beta=0.638 grad=72.40736 horizon=280 lifetime=[443,1000] skipped=False
2026-08-30 17:27:09,942 | INFO | step=3200/20000 loss=0.2787987 nll=0.2779113 kl=0.001386493 consistency=0 lambda=0 beta=0.64 grad=53.88558 horizon=180 lifetime=[443,1834] skipped=False
2026-08-30 17:27:10,369 | INFO | step=3210/20000 loss=-0.839607 nll=-0.8491832 kl=0.0149162 consistency=0 lambda=0 beta=0.642 grad=171.4548 horizon=120 lifetime=[428,1081] skipped=False
2026-08-30 17:27:10,716 | INFO | step=3220/20000 loss=-0.3063773 nll=-0.3083577 kl=0.003075168 consistency=0 lambda=0 beta=0.644 grad=50.44286 horizon=120 lifetime=[147,1932] skipped=False
2026-08-30 17:27:11,087 | INFO | step=3230/20000 loss=-0.6760662 nll=-0.6781536 kl=0.003231421 consistency=0 lambda=0 beta=0.646 grad=128.2297 horizon=260 lifetime=[460,938] skipped=False
2026-08-30 17:27:11,463 | INFO | step=3240/20000 loss=-1.167889 nll=-1.169518 kl=0.002514675 consistency=0 lambda=0 beta=0.648 grad=55.12095 horizon=300 lifetime=[460,863] skipped=False
2026-08-30 17:27:11,868 | INFO | step=3250/20000 loss=-0.9742702 nll=-0.9754354 kl=0.001792535 consistency=0 lambda=0 beta=0.65 grad=81.07816 horizon=260 lifetime=[476,1055] skipped=False
2026-08-30 17:27:12,260 | INFO | step=3260/20000 loss=-0.04760131 nll=-0.05192512 kl=0.006631613 consistency=0 lambda=0 beta=0.652 grad=18.55871 horizon=120 lifetime=[147,1282] skipped=False
2026-08-30 17:27:12,624 | INFO | step=3270/20000 loss=-0.3906946 nll=-0.3927591 kl=0.003156751 consistency=0 lambda=0 beta=0.654 grad=56.51141 horizon=200 lifetime=[460,942] skipped=False
2026-08-30 17:27:13,026 | INFO | step=3280/20000 loss=-0.8058789 nll=-0.806386 kl=0.0007729828 consistency=0 lambda=0 beta=0.656 grad=24.02606 horizon=260 lifetime=[456,1154] skipped=False
2026-08-30 17:27:13,438 | INFO | step=3290/20000 loss=-0.1609467 nll=-0.1631791 kl=0.003392667 consistency=0 lambda=0 beta=0.658 grad=71.83743 horizon=140 lifetime=[453,1932] skipped=False
2026-08-30 17:27:13,829 | INFO | step=3300/20000 loss=0.399329 nll=0.3976348 kl=0.002566963 consistency=0 lambda=0 beta=0.66 grad=261.022 horizon=300 lifetime=[461,1038] skipped=False
2026-08-30 17:27:14,216 | INFO | step=3310/20000 loss=-0.2136386 nll=-0.2156564 kl=0.003047913 consistency=0 lambda=0 beta=0.662 grad=51.15471 horizon=180 lifetime=[476,2154] skipped=False
2026-08-30 17:27:14,668 | INFO | step=3320/20000 loss=-0.04385704 nll=-0.04438865 kl=0.0008006245 consistency=0 lambda=0 beta=0.664 grad=145.0215 horizon=300 lifetime=[455,1154] skipped=False
2026-08-30 17:27:15,020 | INFO | step=3330/20000 loss=-0.1621605 nll=-0.1634238 kl=0.001896799 consistency=0 lambda=0 beta=0.666 grad=34.71901 horizon=100 lifetime=[456,1313] skipped=False
2026-08-30 17:27:15,421 | INFO | step=3340/20000 loss=0.439451 nll=0.437611 kl=0.002754524 consistency=0 lambda=0 beta=0.668 grad=78.48559 horizon=100 lifetime=[493,1932] skipped=False
2026-08-30 17:27:15,752 | INFO | step=3350/20000 loss=0.7806417 nll=0.7750881 kl=0.00828892 consistency=0 lambda=0 beta=0.67 grad=101.7734 horizon=100 lifetime=[486,1036] skipped=False
2026-08-30 17:27:16,212 | INFO | step=3360/20000 loss=-0.9644708 nll=-0.9654928 kl=0.001520932 consistency=0 lambda=0 beta=0.672 grad=11.92983 horizon=260 lifetime=[455,1282] skipped=False
2026-08-30 17:27:16,616 | INFO | step=3370/20000 loss=-0.6685101 nll=-0.6691539 kl=0.0009552836 consistency=0 lambda=0 beta=0.674 grad=41.10195 horizon=240 lifetime=[442,1113] skipped=False
2026-08-30 17:27:17,035 | INFO | step=3380/20000 loss=-0.219822 nll=-0.2234146 kl=0.005314499 consistency=0 lambda=0 beta=0.676 grad=154.8703 horizon=280 lifetime=[428,860] skipped=False
2026-08-30 17:27:17,420 | INFO | step=3390/20000 loss=-0.3892961 nll=-0.3913786 kl=0.003071621 consistency=0 lambda=0 beta=0.678 grad=16.19404 horizon=140 lifetime=[467,1143] skipped=False
2026-08-30 17:27:17,802 | INFO | step=3400/20000 loss=-0.8006688 nll=-0.8028318 kl=0.003180936 consistency=0 lambda=0 beta=0.68 grad=27.83342 horizon=180 lifetime=[476,906] skipped=False
2026-08-30 17:27:18,180 | INFO | step=3410/20000 loss=0.1176802 nll=0.1168201 kl=0.001261175 consistency=0 lambda=0 beta=0.682 grad=110.165 horizon=240 lifetime=[443,1052] skipped=False
2026-08-30 17:27:18,576 | INFO | step=3420/20000 loss=-0.4859705 nll=-0.486688 kl=0.001049057 consistency=0 lambda=0 beta=0.684 grad=62.35772 horizon=200 lifetime=[505,1282] skipped=False
2026-08-30 17:27:18,961 | INFO | step=3430/20000 loss=1.021383 nll=1.011293 kl=0.01470959 consistency=0 lambda=0 beta=0.686 grad=51.03344 horizon=140 lifetime=[442,1152] skipped=False
2026-08-30 17:27:19,386 | INFO | step=3440/20000 loss=0.0730065 nll=0.06938769 kl=0.005259901 consistency=0 lambda=0 beta=0.688 grad=25.86575 horizon=140 lifetime=[147,1932] skipped=False
2026-08-30 17:27:19,799 | INFO | step=3450/20000 loss=-0.3164038 nll=-0.3179272 kl=0.002207905 consistency=0 lambda=0 beta=0.69 grad=91.99534 horizon=200 lifetime=[456,1932] skipped=False
2026-08-30 17:27:20,175 | INFO | step=3460/20000 loss=1.281267 nll=1.279716 kl=0.002240777 consistency=0 lambda=0 beta=0.692 grad=118.3426 horizon=140 lifetime=[656,1705] skipped=False
2026-08-30 17:27:20,582 | INFO | step=3470/20000 loss=-0.4811143 nll=-0.4822549 kl=0.001643538 consistency=0 lambda=0 beta=0.694 grad=62.31084 horizon=260 lifetime=[467,1156] skipped=False
2026-08-30 17:27:20,946 | INFO | step=3480/20000 loss=0.3739854 nll=0.3723325 kl=0.002374843 consistency=0 lambda=0 beta=0.696 grad=142.4625 horizon=280 lifetime=[460,1152] skipped=False
2026-08-30 17:27:21,327 | INFO | step=3490/20000 loss=-0.7453425 nll=-0.7478238 kl=0.003554955 consistency=0 lambda=0 beta=0.698 grad=41.47042 horizon=160 lifetime=[460,1313] skipped=False
2026-08-30 17:27:22,047 | INFO | validation step=3500 rmse=173.3331 best=173.3331@3500 stale=0/10
2026-08-30 17:27:22,047 | INFO | step=3500/20000 loss=-0.8580843 nll=-0.860664 kl=0.003685385 consistency=0 lambda=0 beta=0.7 grad=30.14501 horizon=260 lifetime=[299,891] skipped=False
2026-08-30 17:27:22,489 | INFO | step=3510/20000 loss=-0.70786 nll=-0.7108325 kl=0.004234269 consistency=0 lambda=0 beta=0.702 grad=19.08681 horizon=180 lifetime=[461,1834] skipped=False
2026-08-30 17:27:22,836 | INFO | step=3520/20000 loss=-0.3618171 nll=-0.3640823 kl=0.003217548 consistency=0 lambda=0 beta=0.704 grad=23.90872 horizon=100 lifetime=[455,1143] skipped=False
2026-08-30 17:27:23,261 | INFO | step=3530/20000 loss=-0.5476587 nll=-0.5484334 kl=0.001097322 consistency=0 lambda=0 beta=0.706 grad=102.3814 horizon=260 lifetime=[484,906] skipped=False
2026-08-30 17:27:23,661 | INFO | step=3540/20000 loss=-1.216878 nll=-1.218067 kl=0.001680315 consistency=0 lambda=0 beta=0.708 grad=9.627445 horizon=200 lifetime=[456,938] skipped=False
2026-08-30 17:27:24,070 | INFO | step=3550/20000 loss=-0.3393954 nll=-0.3429708 kl=0.00503581 consistency=0 lambda=0 beta=0.71 grad=56.47387 horizon=100 lifetime=[453,1799] skipped=False
2026-08-30 17:27:24,440 | INFO | step=3560/20000 loss=-0.9190466 nll=-0.9219435 kl=0.00406868 consistency=0 lambda=0 beta=0.712 grad=92.216 horizon=300 lifetime=[453,877] skipped=False
2026-08-30 17:27:24,870 | INFO | step=3570/20000 loss=-0.7336329 nll=-0.7359707 kl=0.003274232 consistency=0 lambda=0 beta=0.714 grad=15.08882 horizon=220 lifetime=[505,1143] skipped=False
2026-08-30 17:27:25,329 | INFO | step=3580/20000 loss=-0.5037158 nll=-0.5051117 kl=0.001949608 consistency=0 lambda=0 beta=0.716 grad=40.62279 horizon=280 lifetime=[442,913] skipped=False
2026-08-30 17:27:25,760 | INFO | step=3590/20000 loss=-1.47816 nll=-1.47873 kl=0.0007928684 consistency=0 lambda=0 beta=0.718 grad=86.75499 horizon=260 lifetime=[460,786] skipped=False
2026-08-30 17:27:26,216 | INFO | step=3600/20000 loss=-1.199161 nll=-1.200223 kl=0.001475871 consistency=0 lambda=0 beta=0.72 grad=84.0135 horizon=220 lifetime=[442,942] skipped=False
2026-08-30 17:27:26,639 | INFO | step=3610/20000 loss=0.1511341 nll=0.1483166 kl=0.003902428 consistency=0 lambda=0 beta=0.722 grad=235.2531 horizon=220 lifetime=[299,1052] skipped=False
2026-08-30 17:27:27,022 | INFO | step=3620/20000 loss=-1.074426 nll=-1.076549 kl=0.002932776 consistency=0 lambda=0 beta=0.724 grad=30.5937 horizon=280 lifetime=[456,1052] skipped=False
2026-08-30 17:27:27,438 | INFO | step=3630/20000 loss=0.425848 nll=0.4241719 kl=0.00230873 consistency=0 lambda=0 beta=0.726 grad=233.9916 horizon=300 lifetime=[518,906] skipped=False
2026-08-30 17:27:27,837 | INFO | step=3640/20000 loss=-0.7173258 nll=-0.7188041 kl=0.002030632 consistency=0 lambda=0 beta=0.728 grad=21.86381 horizon=180 lifetime=[455,2154] skipped=False
2026-08-30 17:27:28,289 | INFO | step=3650/20000 loss=-0.08027817 nll=-0.08258022 kl=0.003153503 consistency=0 lambda=0 beta=0.73 grad=27.20928 horizon=120 lifetime=[464,1799] skipped=False
2026-08-30 17:27:28,678 | INFO | step=3660/20000 loss=-0.827985 nll=-0.8293944 kl=0.001925409 consistency=0 lambda=0 beta=0.732 grad=27.81895 horizon=200 lifetime=[460,1834] skipped=False
2026-08-30 17:27:29,109 | INFO | step=3670/20000 loss=-1.250796 nll=-1.252783 kl=0.002707116 consistency=0 lambda=0 beta=0.734 grad=22.31187 horizon=180 lifetime=[453,1061] skipped=False
2026-08-30 17:27:29,484 | INFO | step=3680/20000 loss=-0.9381474 nll=-0.9409685 kl=0.003833108 consistency=0 lambda=0 beta=0.736 grad=32.91216 horizon=220 lifetime=[455,1932] skipped=False
2026-08-30 17:27:29,913 | INFO | step=3690/20000 loss=0.04738432 nll=0.04587865 kl=0.002040207 consistency=0 lambda=0 beta=0.738 grad=110.4778 horizon=180 lifetime=[476,1055] skipped=False
2026-08-30 17:27:30,346 | INFO | step=3700/20000 loss=0.0940106 nll=0.09238727 kl=0.002193682 consistency=0 lambda=0 beta=0.74 grad=57.36431 horizon=160 lifetime=[455,1313] skipped=False
2026-08-30 17:27:30,745 | INFO | step=3710/20000 loss=-1.298622 nll=-1.299651 kl=0.00138697 consistency=0 lambda=0 beta=0.742 grad=32.27441 horizon=280 lifetime=[443,1705] skipped=False
2026-08-30 17:27:31,152 | INFO | step=3720/20000 loss=-0.6208272 nll=-0.6217433 kl=0.001231283 consistency=0 lambda=0 beta=0.744 grad=97.563 horizon=160 lifetime=[460,1052] skipped=False
2026-08-30 17:27:31,548 | INFO | step=3730/20000 loss=-0.3344918 nll=-0.3367903 kl=0.003081203 consistency=0 lambda=0 beta=0.746 grad=28.525 horizon=140 lifetime=[456,891] skipped=False
2026-08-30 17:27:31,950 | INFO | step=3740/20000 loss=-0.8805372 nll=-0.8829746 kl=0.003258601 consistency=0 lambda=0 beta=0.748 grad=29.46738 horizon=220 lifetime=[460,1152] skipped=False
2026-08-30 17:27:32,351 | INFO | step=3750/20000 loss=-1.011201 nll=-1.012729 kl=0.002037942 consistency=0 lambda=0 beta=0.75 grad=26.56376 horizon=240 lifetime=[486,1282] skipped=False
2026-08-30 17:27:32,795 | INFO | step=3760/20000 loss=-1.122798 nll=-1.124492 kl=0.00225281 consistency=0 lambda=0 beta=0.752 grad=53.9267 horizon=220 lifetime=[443,1834] skipped=False
2026-08-30 17:27:33,162 | INFO | step=3770/20000 loss=-0.6706012 nll=-0.6715688 kl=0.001283206 consistency=0 lambda=0 beta=0.754 grad=107.5164 horizon=160 lifetime=[460,1143] skipped=False
2026-08-30 17:27:33,579 | INFO | step=3780/20000 loss=-0.7987529 nll=-0.8017336 kl=0.003942713 consistency=0 lambda=0 beta=0.756 grad=57.5117 horizon=200 lifetime=[493,1025] skipped=False
2026-08-30 17:27:34,019 | INFO | step=3790/20000 loss=-0.8199334 nll=-0.820744 kl=0.001069494 consistency=0 lambda=0 beta=0.758 grad=122.1471 horizon=260 lifetime=[455,1113] skipped=False
2026-08-30 17:27:34,395 | INFO | step=3800/20000 loss=-0.06004837 nll=-0.06385861 kl=0.005013466 consistency=0 lambda=0 beta=0.76 grad=49.60812 horizon=100 lifetime=[147,1154] skipped=False
2026-08-30 17:27:34,746 | INFO | step=3810/20000 loss=-0.4210973 nll=-0.4246457 kl=0.004656672 consistency=0 lambda=0 beta=0.762 grad=64.73325 horizon=120 lifetime=[147,1282] skipped=False
2026-08-30 17:27:35,143 | INFO | step=3820/20000 loss=-0.9446079 nll=-0.9457426 kl=0.001485251 consistency=0 lambda=0 beta=0.764 grad=62.31454 horizon=280 lifetime=[455,1091] skipped=False
2026-08-30 17:27:35,556 | INFO | step=3830/20000 loss=-0.7929679 nll=-0.7940965 kl=0.001473352 consistency=0 lambda=0 beta=0.766 grad=65.23877 horizon=280 lifetime=[455,1154] skipped=False
2026-08-30 17:27:35,947 | INFO | step=3840/20000 loss=-0.6815668 nll=-0.6822554 kl=0.0008966662 consistency=0 lambda=0 beta=0.768 grad=98.87464 horizon=300 lifetime=[456,1313] skipped=False
2026-08-30 17:27:36,408 | INFO | step=3850/20000 loss=-0.8251516 nll=-0.8270652 kl=0.002485275 consistency=0 lambda=0 beta=0.77 grad=39.96441 horizon=280 lifetime=[508,1036] skipped=False
2026-08-30 17:27:36,814 | INFO | step=3860/20000 loss=-0.8986638 nll=-0.9005461 kl=0.002438204 consistency=0 lambda=0 beta=0.772 grad=53.26258 horizon=180 lifetime=[428,921] skipped=False
2026-08-30 17:27:37,223 | INFO | step=3870/20000 loss=-0.1444656 nll=-0.1458184 kl=0.001747837 consistency=0 lambda=0 beta=0.774 grad=61.06017 horizon=200 lifetime=[614,1025] skipped=False
2026-08-30 17:27:37,612 | INFO | step=3880/20000 loss=1.522593 nll=1.519962 kl=0.003390429 consistency=0 lambda=0 beta=0.776 grad=182.334 horizon=100 lifetime=[147,1156] skipped=False
2026-08-30 17:27:38,038 | INFO | step=3890/20000 loss=-0.8507073 nll=-0.8525846 kl=0.002413026 consistency=0 lambda=0 beta=0.778 grad=19.14235 horizon=300 lifetime=[491,1154] skipped=False
2026-08-30 17:27:38,480 | INFO | step=3900/20000 loss=-0.9339812 nll=-0.9353912 kl=0.001807695 consistency=0 lambda=0 beta=0.78 grad=80.89117 horizon=180 lifetime=[453,2154] skipped=False
2026-08-30 17:27:38,846 | INFO | step=3910/20000 loss=-0.3083542 nll=-0.3104254 kl=0.002648588 consistency=0 lambda=0 beta=0.782 grad=94.42487 horizon=100 lifetime=[460,1282] skipped=False
2026-08-30 17:27:39,245 | INFO | step=3920/20000 loss=-1.229442 nll=-1.230483 kl=0.001328539 consistency=0 lambda=0 beta=0.784 grad=65.916 horizon=260 lifetime=[500,856] skipped=False
2026-08-30 17:27:39,667 | INFO | step=3930/20000 loss=-0.167765 nll=-0.1684069 kl=0.0008167252 consistency=0 lambda=0 beta=0.786 grad=286.8972 horizon=200 lifetime=[461,1055] skipped=False
2026-08-30 17:27:40,054 | INFO | step=3940/20000 loss=-1.185374 nll=-1.187619 kl=0.002849117 consistency=0 lambda=0 beta=0.788 grad=26.57907 horizon=140 lifetime=[428,858] skipped=False
2026-08-30 17:27:40,462 | INFO | step=3950/20000 loss=-0.1965638 nll=-0.197461 kl=0.001135673 consistency=0 lambda=0 beta=0.79 grad=123.2613 horizon=260 lifetime=[453,1154] skipped=False
2026-08-30 17:27:40,846 | INFO | step=3960/20000 loss=-0.4065704 nll=-0.4075049 kl=0.001179811 consistency=0 lambda=0 beta=0.792 grad=101.263 horizon=180 lifetime=[442,915] skipped=False
2026-08-30 17:27:41,207 | INFO | step=3970/20000 loss=-0.7092395 nll=-0.7121987 kl=0.003726963 consistency=0 lambda=0 beta=0.794 grad=26.18184 horizon=140 lifetime=[464,1055] skipped=False
2026-08-30 17:27:41,606 | INFO | step=3980/20000 loss=-1.043643 nll=-1.044379 kl=0.000924699 consistency=0 lambda=0 beta=0.796 grad=46.38441 horizon=180 lifetime=[456,2154] skipped=False
2026-08-30 17:27:42,022 | INFO | step=3990/20000 loss=-0.9061415 nll=-0.9074033 kl=0.001581334 consistency=0 lambda=0 beta=0.798 grad=14.24953 horizon=300 lifetime=[428,1313] skipped=False
2026-08-30 17:27:42,708 | INFO | validation step=4000 rmse=228.4075 best=173.3331@3500 stale=1/10
2026-08-30 17:27:42,708 | INFO | step=4000/20000 loss=-1.134574 nll=-1.139137 kl=0.005703792 consistency=0 lambda=0 beta=0.8 grad=19.18788 horizon=280 lifetime=[442,1038] skipped=False
2026-08-30 17:27:43,214 | INFO | step=4010/20000 loss=-0.492258 nll=-0.4931682 kl=0.001134895 consistency=0 lambda=0 beta=0.802 grad=49.26863 horizon=260 lifetime=[442,1154] skipped=False
2026-08-30 17:27:43,651 | INFO | step=4020/20000 loss=1.644612 nll=1.643193 kl=0.001764432 consistency=0 lambda=0 beta=0.804 grad=81.81307 horizon=100 lifetime=[494,1156] skipped=False
2026-08-30 17:27:44,045 | INFO | step=4030/20000 loss=-0.06736685 nll=-0.0690147 kl=0.002044469 consistency=0 lambda=0 beta=0.806 grad=14.47464 horizon=140 lifetime=[493,1834] skipped=False
2026-08-30 17:27:44,443 | INFO | step=4040/20000 loss=-0.02638083 nll=-0.02786669 kl=0.001838937 consistency=0 lambda=0 beta=0.808 grad=117.786 horizon=240 lifetime=[458,1143] skipped=False
2026-08-30 17:27:44,808 | INFO | step=4050/20000 loss=-0.970405 nll=-0.9710461 kl=0.0007914901 consistency=0 lambda=0 beta=0.81 grad=37.58857 horizon=180 lifetime=[461,1081] skipped=False
2026-08-30 17:27:45,181 | INFO | step=4060/20000 loss=-1.010992 nll=-1.014597 kl=0.004439726 consistency=0 lambda=0 beta=0.812 grad=39.81637 horizon=240 lifetime=[453,1799] skipped=False
2026-08-30 17:27:45,567 | INFO | step=4070/20000 loss=-0.5562603 nll=-0.5569335 kl=0.0008270591 consistency=0 lambda=0 beta=0.814 grad=122.1925 horizon=240 lifetime=[484,938] skipped=False
2026-08-30 17:27:45,994 | INFO | step=4080/20000 loss=-0.434528 nll=-0.4358873 kl=0.001665816 consistency=0 lambda=0 beta=0.816 grad=86.50208 horizon=120 lifetime=[453,1113] skipped=False
2026-08-30 17:27:46,397 | INFO | step=4090/20000 loss=-0.3876367 nll=-0.3940763 kl=0.007872395 consistency=0 lambda=0 beta=0.818 grad=103.0213 horizon=100 lifetime=[456,1113] skipped=False
2026-08-30 17:27:46,806 | INFO | step=4100/20000 loss=-0.6998612 nll=-0.7012122 kl=0.001647525 consistency=0 lambda=0 beta=0.82 grad=40.59686 horizon=180 lifetime=[512,1156] skipped=False
2026-08-30 17:27:47,172 | INFO | step=4110/20000 loss=-0.5369219 nll=-0.5383617 kl=0.001751542 consistency=0 lambda=0 beta=0.822 grad=50.56349 horizon=300 lifetime=[453,2154] skipped=False
2026-08-30 17:27:47,523 | INFO | step=4120/20000 loss=-1.331146 nll=-1.335271 kl=0.005006298 consistency=0 lambda=0 beta=0.824 grad=57.70173 horizon=260 lifetime=[428,1061] skipped=False
2026-08-30 17:27:47,870 | INFO | step=4130/20000 loss=-0.9558088 nll=-0.9570629 kl=0.001518235 consistency=0 lambda=0 beta=0.826 grad=61.29255 horizon=200 lifetime=[476,855] skipped=False
2026-08-30 17:27:48,277 | INFO | step=4140/20000 loss=-0.9909762 nll=-0.9922413 kl=0.001527801 consistency=0 lambda=0 beta=0.828 grad=41.37843 horizon=240 lifetime=[491,1282] skipped=False
2026-08-30 17:27:48,651 | INFO | step=4150/20000 loss=-0.2445351 nll=-0.2462183 kl=0.002027974 consistency=0 lambda=0 beta=0.83 grad=145.7619 horizon=180 lifetime=[453,1313] skipped=False
2026-08-30 17:27:49,034 | INFO | step=4160/20000 loss=-0.415153 nll=-0.4216786 kl=0.007843211 consistency=0 lambda=0 beta=0.832 grad=22.14917 horizon=120 lifetime=[458,863] skipped=False
2026-08-30 17:27:49,440 | INFO | step=4170/20000 loss=-0.3319207 nll=-0.3333865 kl=0.001757666 consistency=0 lambda=0 beta=0.834 grad=39.79211 horizon=120 lifetime=[460,991] skipped=False
2026-08-30 17:27:49,996 | INFO | step=4180/20000 loss=-0.6130457 nll=-0.613404 kl=0.0004286468 consistency=0 lambda=0 beta=0.836 grad=82.45474 horizon=300 lifetime=[443,1313] skipped=False
2026-08-30 17:27:50,402 | INFO | step=4190/20000 loss=-0.7408227 nll=-0.7415788 kl=0.0009022355 consistency=0 lambda=0 beta=0.838 grad=21.34127 horizon=180 lifetime=[458,1000] skipped=False
2026-08-30 17:27:50,824 | INFO | step=4200/20000 loss=-0.1340889 nll=-0.136205 kl=0.002519101 consistency=0 lambda=0 beta=0.84 grad=53.06422 horizon=280 lifetime=[480,1705] skipped=False
2026-08-30 17:27:51,249 | INFO | step=4210/20000 loss=-0.7557931 nll=-0.7594408 kl=0.004332155 consistency=0 lambda=0 beta=0.842 grad=22.395 horizon=120 lifetime=[461,1071] skipped=False
2026-08-30 17:27:51,664 | INFO | step=4220/20000 loss=0.8185202 nll=0.81647 kl=0.002429172 consistency=0 lambda=0 beta=0.844 grad=111.4748 horizon=140 lifetime=[614,1143] skipped=False
2026-08-30 17:27:52,048 | INFO | step=4230/20000 loss=-0.7327884 nll=-0.7341948 kl=0.001662284 consistency=0 lambda=0 beta=0.846 grad=45.34197 horizon=300 lifetime=[615,1052] skipped=False
2026-08-30 17:27:52,436 | INFO | step=4240/20000 loss=-0.6343989 nll=-0.6358225 kl=0.001678839 consistency=0 lambda=0 beta=0.848 grad=10.27144 horizon=180 lifetime=[665,1932] skipped=False
2026-08-30 17:27:52,823 | INFO | step=4250/20000 loss=-0.01128151 nll=-0.01379903 kl=0.002961785 consistency=0 lambda=0 beta=0.85 grad=18.7916 horizon=100 lifetime=[443,1932] skipped=False
2026-08-30 17:27:53,228 | INFO | step=4260/20000 loss=-1.160053 nll=-1.161831 kl=0.002087221 consistency=0 lambda=0 beta=0.852 grad=28.77313 horizon=280 lifetime=[465,913] skipped=False
2026-08-30 17:27:53,615 | INFO | step=4270/20000 loss=-0.8428499 nll=-0.8450434 kl=0.002568483 consistency=0 lambda=0 beta=0.854 grad=81.89668 horizon=220 lifetime=[460,1834] skipped=False
2026-08-30 17:27:53,962 | INFO | step=4280/20000 loss=-1.36282 nll=-1.363486 kl=0.0007778853 consistency=0 lambda=0 beta=0.856 grad=29.75121 horizon=160 lifetime=[460,1081] skipped=False
2026-08-30 17:27:54,359 | INFO | step=4290/20000 loss=-0.6658618 nll=-0.6683127 kl=0.002856448 consistency=0 lambda=0 beta=0.858 grad=57.63208 horizon=220 lifetime=[675,1071] skipped=False
2026-08-30 17:27:54,776 | INFO | step=4300/20000 loss=-0.4706451 nll=-0.4725629 kl=0.002229959 consistency=0 lambda=0 beta=0.86 grad=42.72097 horizon=120 lifetime=[147,1025] skipped=False
2026-08-30 17:27:55,191 | INFO | step=4310/20000 loss=7.125329 nll=7.124351 kl=0.001134738 consistency=0 lambda=0 beta=0.862 grad=inf horizon=160 lifetime=[453,921] skipped=True
2026-08-30 17:27:55,606 | INFO | step=4320/20000 loss=-1.240955 nll=-1.243345 kl=0.002766758 consistency=0 lambda=0 beta=0.864 grad=94.79527 horizon=180 lifetime=[455,1143] skipped=False
2026-08-30 17:27:56,014 | INFO | step=4330/20000 loss=0.6411074 nll=0.6401252 kl=0.001134261 consistency=0 lambda=0 beta=0.866 grad=134.2899 horizon=120 lifetime=[428,2154] skipped=False
2026-08-30 17:27:56,419 | INFO | step=4340/20000 loss=-0.2381716 nll=-0.2398103 kl=0.001887903 consistency=0 lambda=0 beta=0.868 grad=34.98706 horizon=180 lifetime=[465,1834] skipped=False
2026-08-30 17:27:56,878 | INFO | step=4350/20000 loss=-0.4061334 nll=-0.4086841 kl=0.002931878 consistency=0 lambda=0 beta=0.87 grad=81.6425 horizon=260 lifetime=[465,1055] skipped=False
2026-08-30 17:27:57,285 | INFO | step=4360/20000 loss=-0.8326955 nll=-0.834124 kl=0.001638204 consistency=0 lambda=0 beta=0.872 grad=15.09754 horizon=240 lifetime=[442,1313] skipped=False
2026-08-30 17:27:57,675 | INFO | step=4370/20000 loss=-0.4494381 nll=-0.451638 kl=0.002517104 consistency=0 lambda=0 beta=0.874 grad=24.39981 horizon=120 lifetime=[498,1154] skipped=False
2026-08-30 17:27:58,107 | INFO | step=4380/20000 loss=-0.3628944 nll=-0.3643888 kl=0.001706004 consistency=0 lambda=0 beta=0.876 grad=38.90431 horizon=300 lifetime=[453,1932] skipped=False
2026-08-30 17:27:58,516 | INFO | step=4390/20000 loss=-0.5220618 nll=-0.5230983 kl=0.001180619 consistency=0 lambda=0 beta=0.878 grad=36.58935 horizon=120 lifetime=[460,991] skipped=False
2026-08-30 17:27:58,884 | INFO | step=4400/20000 loss=-1.034181 nll=-1.03764 kl=0.003930017 consistency=0 lambda=0 beta=0.88 grad=76.79536 horizon=240 lifetime=[464,1071] skipped=False
2026-08-30 17:27:59,264 | INFO | step=4410/20000 loss=1.58407 nll=1.582698 kl=0.00155589 consistency=0 lambda=0 beta=0.882 grad=186.6485 horizon=220 lifetime=[460,2154] skipped=False
2026-08-30 17:27:59,674 | INFO | step=4420/20000 loss=0.0837902 nll=0.08250597 kl=0.001452744 consistency=0 lambda=0 beta=0.884 grad=112.0904 horizon=220 lifetime=[443,991] skipped=False
2026-08-30 17:28:00,105 | INFO | step=4430/20000 loss=-0.6108166 nll=-0.6129175 kl=0.002371281 consistency=0 lambda=0 beta=0.886 grad=41.29796 horizon=280 lifetime=[465,1143] skipped=False
2026-08-30 17:28:00,501 | INFO | step=4440/20000 loss=-0.3225571 nll=-0.3240719 kl=0.001705915 consistency=0 lambda=0 beta=0.888 grad=76.06993 horizon=180 lifetime=[465,1143] skipped=False
2026-08-30 17:28:00,890 | INFO | step=4450/20000 loss=-0.2270737 nll=-0.2293224 kl=0.0025267 consistency=0 lambda=0 beta=0.89 grad=276.7411 horizon=180 lifetime=[453,1313] skipped=False
2026-08-30 17:28:01,286 | INFO | step=4460/20000 loss=-0.5399094 nll=-0.542424 kl=0.002819031 consistency=0 lambda=0 beta=0.892 grad=27.19252 horizon=180 lifetime=[519,1705] skipped=False
2026-08-30 17:28:01,714 | INFO | step=4470/20000 loss=-0.7547767 nll=-0.7555671 kl=0.0008841455 consistency=0 lambda=0 beta=0.894 grad=106.7376 horizon=280 lifetime=[461,1834] skipped=False
2026-08-30 17:28:02,109 | INFO | step=4480/20000 loss=-0.847898 nll=-0.8498008 kl=0.002123684 consistency=0 lambda=0 beta=0.896 grad=26.5075 horizon=100 lifetime=[442,1154] skipped=False
2026-08-30 17:28:02,518 | INFO | step=4490/20000 loss=0.1712442 nll=0.1698698 kl=0.001530558 consistency=0 lambda=0 beta=0.898 grad=183.511 horizon=140 lifetime=[476,1038] skipped=False
2026-08-30 17:28:03,182 | INFO | validation step=4500 rmse=228.2803 best=173.3331@3500 stale=2/10
2026-08-30 17:28:03,182 | INFO | step=4500/20000 loss=-0.4804672 nll=-0.4836231 kl=0.003506571 consistency=0 lambda=0 beta=0.9 grad=23.197 horizon=280 lifetime=[460,1313] skipped=False
2026-08-30 17:28:03,635 | INFO | step=4510/20000 loss=-0.6147022 nll=-0.6177588 kl=0.003388703 consistency=0 lambda=0 beta=0.902 grad=41.34016 horizon=300 lifetime=[456,1061] skipped=False
2026-08-30 17:28:04,038 | INFO | step=4520/20000 loss=0.1651833 nll=0.1585105 kl=0.007381439 consistency=0 lambda=0 beta=0.904 grad=69.80863 horizon=100 lifetime=[147,1154] skipped=False
2026-08-30 17:28:04,409 | INFO | step=4530/20000 loss=2.534114 nll=2.53227 kl=0.002035916 consistency=0 lambda=0 beta=0.906 grad=461.0041 horizon=120 lifetime=[442,872] skipped=False
2026-08-30 17:28:04,772 | INFO | step=4540/20000 loss=-0.1496758 nll=-0.1524404 kl=0.003044695 consistency=0 lambda=0 beta=0.908 grad=21.59114 horizon=100 lifetime=[480,1091] skipped=False
2026-08-30 17:28:05,162 | INFO | step=4550/20000 loss=-1.071479 nll=-1.072927 kl=0.001590967 consistency=0 lambda=0 beta=0.91 grad=50.43348 horizon=240 lifetime=[428,1313] skipped=False
2026-08-30 17:28:05,553 | INFO | step=4560/20000 loss=-0.525934 nll=-0.5264865 kl=0.0006058216 consistency=0 lambda=0 beta=0.912 grad=145.8141 horizon=200 lifetime=[299,1799] skipped=False
2026-08-30 17:28:05,965 | INFO | step=4570/20000 loss=-0.8457173 nll=-0.8473649 kl=0.001802593 consistency=0 lambda=0 beta=0.914 grad=47.16101 horizon=200 lifetime=[497,1932] skipped=False
2026-08-30 17:28:06,385 | INFO | step=4580/20000 loss=-0.1244495 nll=-0.1263458 kl=0.002070189 consistency=0 lambda=0 beta=0.916 grad=15.75856 horizon=120 lifetime=[455,1113] skipped=False
2026-08-30 17:28:06,787 | INFO | step=4590/20000 loss=-0.6760375 nll=-0.6780956 kl=0.00224191 consistency=0 lambda=0 beta=0.918 grad=33.70618 horizon=240 lifetime=[460,1799] skipped=False
2026-08-30 17:28:07,163 | INFO | step=4600/20000 loss=-0.5006464 nll=-0.5030702 kl=0.002634674 consistency=0 lambda=0 beta=0.92 grad=60.67132 horizon=160 lifetime=[442,938] skipped=False
2026-08-30 17:28:07,545 | INFO | step=4610/20000 loss=-1.210015 nll=-1.210619 kl=0.0006547272 consistency=0 lambda=0 beta=0.922 grad=27.18975 horizon=220 lifetime=[428,1705] skipped=False
2026-08-30 17:28:07,928 | INFO | step=4620/20000 loss=-1.104929 nll=-1.106861 kl=0.002091408 consistency=0 lambda=0 beta=0.924 grad=40.99002 horizon=300 lifetime=[460,1156] skipped=False
2026-08-30 17:28:08,338 | INFO | step=4630/20000 loss=-1.486688 nll=-1.488345 kl=0.001790136 consistency=0 lambda=0 beta=0.926 grad=78.05573 horizon=300 lifetime=[453,921] skipped=False
2026-08-30 17:28:08,773 | INFO | step=4640/20000 loss=0.7076352 nll=0.7054298 kl=0.002376467 consistency=0 lambda=0 beta=0.928 grad=47.4762 horizon=140 lifetime=[476,1156] skipped=False
2026-08-30 17:28:09,159 | INFO | step=4650/20000 loss=-0.2456471 nll=-0.2480238 kl=0.002555594 consistency=0 lambda=0 beta=0.93 grad=30.41051 horizon=120 lifetime=[476,1932] skipped=False
2026-08-30 17:28:09,574 | INFO | step=4660/20000 loss=-1.382998 nll=-1.383731 kl=0.0007868409 consistency=0 lambda=0 beta=0.932 grad=59.89152 horizon=260 lifetime=[467,815] skipped=False
2026-08-30 17:28:09,987 | INFO | step=4670/20000 loss=-1.358698 nll=-1.359355 kl=0.0007036775 consistency=0 lambda=0 beta=0.934 grad=64.21152 horizon=280 lifetime=[460,868] skipped=False
2026-08-30 17:28:10,379 | INFO | step=4680/20000 loss=-0.2401496 nll=-0.2427699 kl=0.002799466 consistency=0 lambda=0 beta=0.936 grad=133.7856 horizon=300 lifetime=[455,2154] skipped=False
2026-08-30 17:28:10,744 | INFO | step=4690/20000 loss=-1.383185 nll=-1.384606 kl=0.001515329 consistency=0 lambda=0 beta=0.938 grad=86.87663 horizon=220 lifetime=[460,906] skipped=False
2026-08-30 17:28:11,213 | INFO | step=4700/20000 loss=-0.8998925 nll=-0.9036424 kl=0.003989205 consistency=0 lambda=0 beta=0.94 grad=23.45886 horizon=300 lifetime=[460,1932] skipped=False
2026-08-30 17:28:11,640 | INFO | step=4710/20000 loss=-0.8666452 nll=-0.8671391 kl=0.0005243868 consistency=0 lambda=0 beta=0.942 grad=101.0852 horizon=280 lifetime=[443,2154] skipped=False
2026-08-30 17:28:12,093 | INFO | step=4720/20000 loss=-1.547265 nll=-1.548266 kl=0.001059949 consistency=0 lambda=0 beta=0.944 grad=120.7314 horizon=300 lifetime=[453,921] skipped=False
2026-08-30 17:28:12,512 | INFO | step=4730/20000 loss=-0.7784462 nll=-0.7797914 kl=0.001421928 consistency=0 lambda=0 beta=0.946 grad=68.08625 horizon=220 lifetime=[476,1282] skipped=False
2026-08-30 17:28:12,927 | INFO | step=4740/20000 loss=-0.3696977 nll=-0.3716903 kl=0.002101809 consistency=0 lambda=0 beta=0.948 grad=39.51738 horizon=100 lifetime=[456,1113] skipped=False
2026-08-30 17:28:13,311 | INFO | step=4750/20000 loss=-0.5827769 nll=-0.5845466 kl=0.001862824 consistency=0 lambda=0 beta=0.95 grad=40.47138 horizon=180 lifetime=[465,1932] skipped=False
2026-08-30 17:28:13,723 | INFO | step=4760/20000 loss=-1.151492 nll=-1.15225 kl=0.0007964671 consistency=0 lambda=0 beta=0.952 grad=14.63735 horizon=240 lifetime=[443,1834] skipped=False
2026-08-30 17:28:14,142 | INFO | step=4770/20000 loss=-0.9065277 nll=-0.909391 kl=0.003001332 consistency=0 lambda=0 beta=0.954 grad=38.66081 horizon=160 lifetime=[455,1038] skipped=False
2026-08-30 17:28:14,547 | INFO | step=4780/20000 loss=-0.3919797 nll=-0.394448 kl=0.002581865 consistency=0 lambda=0 beta=0.956 grad=81.24014 horizon=300 lifetime=[467,2154] skipped=False
2026-08-30 17:28:14,959 | INFO | step=4790/20000 loss=-0.6018657 nll=-0.6033442 kl=0.001543313 consistency=0 lambda=0 beta=0.958 grad=13.76999 horizon=120 lifetime=[453,906] skipped=False
2026-08-30 17:28:15,380 | INFO | step=4800/20000 loss=-0.953788 nll=-0.954936 kl=0.001195818 consistency=0 lambda=0 beta=0.96 grad=35.89621 horizon=200 lifetime=[467,1113] skipped=False
2026-08-30 17:28:15,794 | INFO | step=4810/20000 loss=-1.129521 nll=-1.132087 kl=0.002666637 consistency=0 lambda=0 beta=0.962 grad=130.316 horizon=200 lifetime=[428,1313] skipped=False
2026-08-30 17:28:16,203 | INFO | step=4820/20000 loss=-1.397674 nll=-1.399589 kl=0.001986191 consistency=0 lambda=0 beta=0.964 grad=16.55341 horizon=300 lifetime=[456,1313] skipped=False
2026-08-30 17:28:16,619 | INFO | step=4830/20000 loss=-1.425915 nll=-1.42767 kl=0.001816958 consistency=0 lambda=0 beta=0.966 grad=46.39818 horizon=180 lifetime=[458,814] skipped=False
2026-08-30 17:28:17,006 | INFO | step=4840/20000 loss=-1.094872 nll=-1.096304 kl=0.001479074 consistency=0 lambda=0 beta=0.968 grad=81.8597 horizon=140 lifetime=[428,942] skipped=False
2026-08-30 17:28:17,376 | INFO | step=4850/20000 loss=-0.1282973 nll=-0.1302146 kl=0.001976639 consistency=0 lambda=0 beta=0.97 grad=11.36159 horizon=100 lifetime=[486,1799] skipped=False
2026-08-30 17:28:17,755 | INFO | step=4860/20000 loss=-1.020392 nll=-1.021405 kl=0.001042232 consistency=0 lambda=0 beta=0.972 grad=154.133 horizon=220 lifetime=[460,1052] skipped=False
2026-08-30 17:28:18,171 | INFO | step=4870/20000 loss=-0.5498336 nll=-0.5517832 kl=0.002001643 consistency=0 lambda=0 beta=0.974 grad=152.073 horizon=300 lifetime=[500,1091] skipped=False
2026-08-30 17:28:18,575 | INFO | step=4880/20000 loss=-1.154586 nll=-1.155123 kl=0.0005509108 consistency=0 lambda=0 beta=0.976 grad=45.86914 horizon=220 lifetime=[428,913] skipped=False
2026-08-30 17:28:18,985 | INFO | step=4890/20000 loss=-0.6532 nll=-0.6543621 kl=0.001188263 consistency=0 lambda=0 beta=0.978 grad=46.83739 horizon=220 lifetime=[500,1705] skipped=False
2026-08-30 17:28:19,421 | INFO | step=4900/20000 loss=-1.030271 nll=-1.030879 kl=0.0006201863 consistency=0 lambda=0 beta=0.98 grad=36.06157 horizon=300 lifetime=[460,1081] skipped=False
2026-08-30 17:28:19,824 | INFO | step=4910/20000 loss=-1.236048 nll=-1.237149 kl=0.001121134 consistency=0 lambda=0 beta=0.982 grad=64.55418 horizon=280 lifetime=[442,2154] skipped=False
2026-08-30 17:28:20,240 | INFO | step=4920/20000 loss=0.01402238 nll=0.01264754 kl=0.001397192 consistency=0 lambda=0 beta=0.984 grad=17.00567 horizon=100 lifetime=[470,1000] skipped=False
2026-08-30 17:28:20,613 | INFO | step=4930/20000 loss=0.1155764 nll=0.1146731 kl=0.000916183 consistency=0 lambda=0 beta=0.986 grad=142.6099 horizon=140 lifetime=[476,1313] skipped=False
2026-08-30 17:28:20,985 | INFO | step=4940/20000 loss=-0.2686436 nll=-0.2701754 kl=0.001550406 consistency=0 lambda=0 beta=0.988 grad=124.0742 horizon=140 lifetime=[456,1313] skipped=False
2026-08-30 17:28:21,367 | INFO | step=4950/20000 loss=0.1481935 nll=0.145565 kl=0.002655059 consistency=0 lambda=0 beta=0.99 grad=103.1147 horizon=300 lifetime=[742,1313] skipped=False
2026-08-30 17:28:21,781 | INFO | step=4960/20000 loss=-0.1471576 nll=-0.1476424 kl=0.0004886985 consistency=0 lambda=0 beta=0.992 grad=133.1374 horizon=160 lifetime=[476,1932] skipped=False
2026-08-30 17:28:22,176 | INFO | step=4970/20000 loss=0.03765947 nll=0.03477879 kl=0.002898067 consistency=0 lambda=0 beta=0.994 grad=71.97066 horizon=140 lifetime=[476,1156] skipped=False
2026-08-30 17:28:22,526 | INFO | step=4980/20000 loss=-0.9919639 nll=-0.9935438 kl=0.001586229 consistency=0 lambda=0 beta=0.996 grad=25.77214 horizon=180 lifetime=[465,1834] skipped=False
2026-08-30 17:28:22,941 | INFO | step=4990/20000 loss=-0.4803317 nll=-0.4810026 kl=0.0006721914 consistency=0 lambda=0 beta=0.998 grad=85.97898 horizon=240 lifetime=[460,1313] skipped=False
2026-08-30 17:28:23,608 | INFO | validation step=5000 rmse=184.3062 best=173.3331@3500 stale=3/10
2026-08-30 17:28:23,608 | INFO | step=5000/20000 loss=1.115052 nll=1.113777 kl=0.001275241 consistency=0 lambda=0 beta=1 grad=185.6211 horizon=100 lifetime=[464,1705] skipped=False
2026-08-30 17:28:24,069 | INFO | step=5010/20000 loss=-0.4951061 nll=-0.4961826 kl=0.001076549 consistency=0 lambda=0 beta=1 grad=28.34014 horizon=140 lifetime=[453,1156] skipped=False
2026-08-30 17:28:24,485 | INFO | step=5020/20000 loss=-1.011112 nll=-1.011951 kl=0.0008385479 consistency=0 lambda=0 beta=1 grad=129.3034 horizon=300 lifetime=[443,858] skipped=False
2026-08-30 17:28:24,868 | INFO | step=5030/20000 loss=-0.2254237 nll=-0.2282452 kl=0.002821505 consistency=0 lambda=0 beta=1 grad=20.95495 horizon=120 lifetime=[508,1799] skipped=False
2026-08-30 17:28:25,350 | INFO | step=5040/20000 loss=-0.7974143 nll=-0.7980834 kl=0.0006691217 consistency=0 lambda=0 beta=1 grad=43.74829 horizon=260 lifetime=[299,1313] skipped=False
2026-08-30 17:28:25,758 | INFO | step=5050/20000 loss=-0.3261984 nll=-0.3315171 kl=0.005318701 consistency=0 lambda=0 beta=1 grad=48.13955 horizon=140 lifetime=[476,1799] skipped=False
2026-08-30 17:28:26,155 | INFO | step=5060/20000 loss=-1.119311 nll=-1.121459 kl=0.002147868 consistency=0 lambda=0 beta=1 grad=139.5468 horizon=200 lifetime=[443,915] skipped=False
2026-08-30 17:28:26,521 | INFO | step=5070/20000 loss=-0.7785039 nll=-0.7793111 kl=0.0008072108 consistency=0 lambda=0 beta=1 grad=219.3895 horizon=180 lifetime=[455,877] skipped=False
2026-08-30 17:28:26,899 | INFO | step=5080/20000 loss=-0.6993318 nll=-0.7006512 kl=0.001319423 consistency=0 lambda=0 beta=1 grad=55.90013 horizon=140 lifetime=[147,921] skipped=False
2026-08-30 17:28:27,294 | INFO | step=5090/20000 loss=-1.061849 nll=-1.064354 kl=0.002504751 consistency=0 lambda=0 beta=1 grad=30.26534 horizon=140 lifetime=[453,1834] skipped=False
2026-08-30 17:28:27,737 | INFO | step=5100/20000 loss=-1.780834 nll=-1.783059 kl=0.002224326 consistency=0 lambda=0 beta=1 grad=14.8979 horizon=180 lifetime=[428,863] skipped=False
2026-08-30 17:28:28,157 | INFO | step=5110/20000 loss=-0.9325619 nll=-0.9334207 kl=0.0008588135 consistency=0 lambda=0 beta=1 grad=40.90203 horizon=280 lifetime=[560,1834] skipped=False
2026-08-30 17:28:28,534 | INFO | step=5120/20000 loss=-1.203739 nll=-1.205053 kl=0.001314163 consistency=0 lambda=0 beta=1 grad=99.70472 horizon=240 lifetime=[455,1061] skipped=False
2026-08-30 17:28:28,914 | INFO | step=5130/20000 loss=-0.4394063 nll=-0.4419012 kl=0.002494872 consistency=0 lambda=0 beta=1 grad=198.4452 horizon=140 lifetime=[476,1061] skipped=False
2026-08-30 17:28:29,292 | INFO | step=5140/20000 loss=0.3113423 nll=0.3087142 kl=0.002628088 consistency=0 lambda=0 beta=1 grad=120.9614 horizon=100 lifetime=[458,2154] skipped=False
2026-08-30 17:28:29,705 | INFO | step=5150/20000 loss=-0.7407601 nll=-0.7420628 kl=0.001302719 consistency=0 lambda=0 beta=1 grad=98.17395 horizon=220 lifetime=[453,1834] skipped=False
2026-08-30 17:28:30,097 | INFO | step=5160/20000 loss=-0.4542713 nll=-0.4562081 kl=0.001936704 consistency=0 lambda=0 beta=1 grad=41.46344 horizon=120 lifetime=[486,1282] skipped=False
2026-08-30 17:28:30,512 | INFO | step=5170/20000 loss=-0.1936058 nll=-0.1943616 kl=0.0007558614 consistency=0 lambda=0 beta=1 grad=168.9178 horizon=300 lifetime=[456,1282] skipped=False
2026-08-30 17:28:30,890 | INFO | step=5180/20000 loss=-0.8930733 nll=-0.8939745 kl=0.0009012073 consistency=0 lambda=0 beta=1 grad=194.059 horizon=280 lifetime=[491,1091] skipped=False
2026-08-30 17:28:31,315 | INFO | step=5190/20000 loss=-0.2315649 nll=-0.2328592 kl=0.001294285 consistency=0 lambda=0 beta=1 grad=141.2213 horizon=120 lifetime=[465,1091] skipped=False
2026-08-30 17:28:31,732 | INFO | step=5200/20000 loss=-0.6894678 nll=-0.6904539 kl=0.0009860396 consistency=0 lambda=0 beta=1 grad=109.07 horizon=300 lifetime=[480,1052] skipped=False
2026-08-30 17:28:32,091 | INFO | step=5210/20000 loss=-1.039446 nll=-1.040375 kl=0.0009298623 consistency=0 lambda=0 beta=1 grad=34.67744 horizon=240 lifetime=[461,1052] skipped=False
2026-08-30 17:28:32,513 | INFO | step=5220/20000 loss=-1.51493 nll=-1.516047 kl=0.001117706 consistency=0 lambda=0 beta=1 grad=119.4672 horizon=300 lifetime=[453,906] skipped=False
2026-08-30 17:28:32,915 | INFO | step=5230/20000 loss=-1.387222 nll=-1.388735 kl=0.001513243 consistency=0 lambda=0 beta=1 grad=26.15418 horizon=240 lifetime=[299,1154] skipped=False
2026-08-30 17:28:33,329 | INFO | step=5240/20000 loss=-1.200612 nll=-1.202301 kl=0.001689345 consistency=0 lambda=0 beta=1 grad=28.06857 horizon=220 lifetime=[461,1282] skipped=False
2026-08-30 17:28:33,715 | INFO | step=5250/20000 loss=0.1209414 nll=0.1187323 kl=0.002209067 consistency=0 lambda=0 beta=1 grad=84.53387 horizon=300 lifetime=[560,1705] skipped=False
2026-08-30 17:28:34,120 | INFO | step=5260/20000 loss=-1.147089 nll=-1.148596 kl=0.001506656 consistency=0 lambda=0 beta=1 grad=23.58355 horizon=280 lifetime=[500,1038] skipped=False
2026-08-30 17:28:34,516 | INFO | step=5270/20000 loss=-0.9486616 nll=-0.9495996 kl=0.0009380281 consistency=0 lambda=0 beta=1 grad=100.7523 horizon=300 lifetime=[458,1025] skipped=False
2026-08-30 17:28:34,936 | INFO | step=5280/20000 loss=-0.5426167 nll=-0.543447 kl=0.0008302927 consistency=0 lambda=0 beta=1 grad=78.1558 horizon=280 lifetime=[428,1156] skipped=False
2026-08-30 17:28:35,346 | INFO | step=5290/20000 loss=-1.118283 nll=-1.121193 kl=0.002910271 consistency=0 lambda=0 beta=1 grad=65.55114 horizon=200 lifetime=[500,1055] skipped=False
2026-08-30 17:28:35,716 | INFO | step=5300/20000 loss=-0.7239746 nll=-0.7246313 kl=0.0006566942 consistency=0 lambda=0 beta=1 grad=44.61011 horizon=120 lifetime=[428,1154] skipped=False
2026-08-30 17:28:36,169 | INFO | step=5310/20000 loss=-0.5808021 nll=-0.5816109 kl=0.0008087009 consistency=0 lambda=0 beta=1 grad=23.83663 horizon=180 lifetime=[665,1799] skipped=False
2026-08-30 17:28:36,566 | INFO | step=5320/20000 loss=-0.9992833 nll=-1.000226 kl=0.0009429753 consistency=0 lambda=0 beta=1 grad=36.55851 horizon=160 lifetime=[476,1313] skipped=False
2026-08-30 17:28:36,975 | INFO | step=5330/20000 loss=-0.8716305 nll=-0.8724731 kl=0.0008425862 consistency=0 lambda=0 beta=1 grad=55.12878 horizon=200 lifetime=[455,1154] skipped=False
2026-08-30 17:28:37,361 | INFO | step=5340/20000 loss=-1.088327 nll=-1.089247 kl=0.0009203553 consistency=0 lambda=0 beta=1 grad=30.24079 horizon=260 lifetime=[465,1932] skipped=False
2026-08-30 17:28:37,761 | INFO | step=5350/20000 loss=-0.3428604 nll=-0.3439166 kl=0.001056254 consistency=0 lambda=0 beta=1 grad=29.25826 horizon=120 lifetime=[460,991] skipped=False
2026-08-30 17:28:38,202 | INFO | step=5360/20000 loss=-1.535082 nll=-1.536106 kl=0.00102362 consistency=0 lambda=0 beta=1 grad=21.45965 horizon=240 lifetime=[456,1154] skipped=False
2026-08-30 17:28:38,620 | INFO | step=5370/20000 loss=-0.3113928 nll=-0.3148195 kl=0.00342676 consistency=0 lambda=0 beta=1 grad=36.6911 horizon=120 lifetime=[465,1113] skipped=False
2026-08-30 17:28:38,999 | INFO | step=5380/20000 loss=-0.3460599 nll=-0.3479217 kl=0.001861751 consistency=0 lambda=0 beta=1 grad=62.63941 horizon=220 lifetime=[760,1313] skipped=False
2026-08-30 17:28:39,428 | INFO | step=5390/20000 loss=-0.8281983 nll=-0.8309298 kl=0.002731442 consistency=0 lambda=0 beta=1 grad=52.66697 horizon=140 lifetime=[461,1061] skipped=False
2026-08-30 17:28:39,814 | INFO | step=5400/20000 loss=-0.8567315 nll=-0.8588107 kl=0.002079189 consistency=0 lambda=0 beta=1 grad=15.89397 horizon=120 lifetime=[476,1081] skipped=False
2026-08-30 17:28:40,223 | INFO | step=5410/20000 loss=0.2060393 nll=0.2048029 kl=0.001236439 consistency=0 lambda=0 beta=1 grad=22.4157 horizon=120 lifetime=[671,1834] skipped=False
2026-08-30 17:28:40,623 | INFO | step=5420/20000 loss=-0.7007859 nll=-0.7018783 kl=0.001092404 consistency=0 lambda=0 beta=1 grad=137.9604 horizon=220 lifetime=[458,1834] skipped=False
2026-08-30 17:28:40,989 | INFO | step=5430/20000 loss=2.021603 nll=2.02042 kl=0.001183718 consistency=0 lambda=0 beta=1 grad=471.85 horizon=180 lifetime=[428,1799] skipped=False
2026-08-30 17:28:41,405 | INFO | step=5440/20000 loss=-0.1457778 nll=-0.1479501 kl=0.002172291 consistency=0 lambda=0 beta=1 grad=82.36512 horizon=260 lifetime=[486,1156] skipped=False
2026-08-30 17:28:41,775 | INFO | step=5450/20000 loss=0.7016647 nll=0.7009687 kl=0.000696063 consistency=0 lambda=0 beta=1 grad=317.6197 horizon=160 lifetime=[428,1932] skipped=False
2026-08-30 17:28:42,185 | INFO | step=5460/20000 loss=-0.9993318 nll=-0.9998929 kl=0.0005610287 consistency=0 lambda=0 beta=1 grad=84.1601 horizon=220 lifetime=[455,921] skipped=False
2026-08-30 17:28:42,577 | INFO | step=5470/20000 loss=-0.8656571 nll=-0.8669996 kl=0.001342505 consistency=0 lambda=0 beta=1 grad=81.75764 horizon=140 lifetime=[464,938] skipped=False
2026-08-30 17:28:42,958 | INFO | step=5480/20000 loss=-1.084348 nll=-1.086238 kl=0.001889735 consistency=0 lambda=0 beta=1 grad=82.11909 horizon=180 lifetime=[428,1025] skipped=False
2026-08-30 17:28:43,394 | INFO | step=5490/20000 loss=-1.39776 nll=-1.399209 kl=0.001448661 consistency=0 lambda=0 beta=1 grad=55.47696 horizon=240 lifetime=[455,1081] skipped=False
2026-08-30 17:28:44,129 | INFO | validation step=5500 rmse=159.1518 best=159.1518@5500 stale=0/10
2026-08-30 17:28:44,129 | INFO | step=5500/20000 loss=-1.179343 nll=-1.181723 kl=0.002380759 consistency=0 lambda=0 beta=1 grad=23.84929 horizon=140 lifetime=[458,891] skipped=False
2026-08-30 17:28:44,584 | INFO | step=5510/20000 loss=-0.1915124 nll=-0.1928896 kl=0.001377165 consistency=0 lambda=0 beta=1 grad=121.8819 horizon=260 lifetime=[442,921] skipped=False
2026-08-30 17:28:45,011 | INFO | step=5520/20000 loss=-0.9158533 nll=-0.9189621 kl=0.003108799 consistency=0 lambda=0 beta=1 grad=103.2722 horizon=160 lifetime=[456,1036] skipped=False
2026-08-30 17:28:45,457 | INFO | step=5530/20000 loss=-0.645039 nll=-0.6456512 kl=0.0006121993 consistency=0 lambda=0 beta=1 grad=27.84623 horizon=160 lifetime=[508,2154] skipped=False
2026-08-30 17:28:45,882 | INFO | step=5540/20000 loss=-0.1307472 nll=-0.1322604 kl=0.001513273 consistency=0 lambda=0 beta=1 grad=211.485 horizon=300 lifetime=[476,1799] skipped=False
2026-08-30 17:28:46,277 | INFO | step=5550/20000 loss=-0.3344766 nll=-0.3358864 kl=0.001409829 consistency=0 lambda=0 beta=1 grad=127.8908 horizon=160 lifetime=[614,1152] skipped=False
2026-08-30 17:28:46,722 | INFO | step=5560/20000 loss=-0.2007358 nll=-0.2025096 kl=0.001773775 consistency=0 lambda=0 beta=1 grad=136.0977 horizon=200 lifetime=[453,1932] skipped=False
2026-08-30 17:28:47,109 | INFO | step=5570/20000 loss=-0.002382426 nll=-0.00493568 kl=0.002553254 consistency=0 lambda=0 beta=1 grad=19.30466 horizon=100 lifetime=[147,1156] skipped=False
2026-08-30 17:28:47,485 | INFO | step=5580/20000 loss=-0.2672207 nll=-0.2690409 kl=0.001820117 consistency=0 lambda=0 beta=1 grad=45.21556 horizon=120 lifetime=[460,1113] skipped=False
2026-08-30 17:28:47,881 | INFO | step=5590/20000 loss=-0.1398829 nll=-0.1418623 kl=0.001979381 consistency=0 lambda=0 beta=1 grad=138.4185 horizon=240 lifetime=[455,1143] skipped=False
2026-08-30 17:28:48,295 | INFO | step=5600/20000 loss=-0.5378119 nll=-0.5383925 kl=0.0005806386 consistency=0 lambda=0 beta=1 grad=244.8664 horizon=180 lifetime=[455,1799] skipped=False
2026-08-30 17:28:48,685 | INFO | step=5610/20000 loss=-0.8511527 nll=-0.8524333 kl=0.001280621 consistency=0 lambda=0 beta=1 grad=59.17682 horizon=300 lifetime=[442,2154] skipped=False
2026-08-30 17:28:49,044 | INFO | step=5620/20000 loss=-0.895554 nll=-0.9002295 kl=0.004675433 consistency=0 lambda=0 beta=1 grad=57.72917 horizon=140 lifetime=[299,1313] skipped=False
2026-08-30 17:28:49,444 | INFO | step=5630/20000 loss=-0.8127032 nll=-0.815678 kl=0.002974793 consistency=0 lambda=0 beta=1 grad=124.1022 horizon=180 lifetime=[442,1081] skipped=False
2026-08-30 17:28:49,822 | INFO | step=5640/20000 loss=-1.52741 nll=-1.527979 kl=0.0005698651 consistency=0 lambda=0 beta=1 grad=73.03802 horizon=280 lifetime=[470,1156] skipped=False
2026-08-30 17:28:50,231 | INFO | step=5650/20000 loss=-0.4312096 nll=-0.4324129 kl=0.001203224 consistency=0 lambda=0 beta=1 grad=73.2691 horizon=120 lifetime=[428,1154] skipped=False
2026-08-30 17:28:50,663 | INFO | step=5660/20000 loss=-0.9502366 nll=-0.9517036 kl=0.001467004 consistency=0 lambda=0 beta=1 grad=88.24276 horizon=140 lifetime=[456,1038] skipped=False
2026-08-30 17:28:51,063 | INFO | step=5670/20000 loss=-0.6481549 nll=-0.6487085 kl=0.000553593 consistency=0 lambda=0 beta=1 grad=52.36332 horizon=180 lifetime=[299,1156] skipped=False
2026-08-30 17:28:51,523 | INFO | step=5680/20000 loss=0.6953276 nll=0.6941979 kl=0.001129672 consistency=0 lambda=0 beta=1 grad=116.5239 horizon=300 lifetime=[455,1834] skipped=False
2026-08-30 17:28:51,968 | INFO | step=5690/20000 loss=-0.663484 nll=-0.664555 kl=0.001070902 consistency=0 lambda=0 beta=1 grad=40.68908 horizon=260 lifetime=[428,1313] skipped=False
2026-08-30 17:28:52,373 | INFO | step=5700/20000 loss=-1.007705 nll=-1.00885 kl=0.001144558 consistency=0 lambda=0 beta=1 grad=32.51421 horizon=160 lifetime=[456,1025] skipped=False
2026-08-30 17:28:52,746 | INFO | step=5710/20000 loss=-0.8806215 nll=-0.8844842 kl=0.003862679 consistency=0 lambda=0 beta=1 grad=8.323302 horizon=240 lifetime=[614,1055] skipped=False
2026-08-30 17:28:53,174 | INFO | step=5720/20000 loss=-1.245403 nll=-1.24643 kl=0.001027673 consistency=0 lambda=0 beta=1 grad=35.32803 horizon=260 lifetime=[455,1091] skipped=False
2026-08-30 17:28:53,615 | INFO | step=5730/20000 loss=-1.150501 nll=-1.152647 kl=0.002145603 consistency=0 lambda=0 beta=1 grad=71.62948 horizon=140 lifetime=[467,858] skipped=False
2026-08-30 17:28:54,045 | INFO | step=5740/20000 loss=-1.369369 nll=-1.370046 kl=0.0006764084 consistency=0 lambda=0 beta=1 grad=28.19418 horizon=260 lifetime=[428,1932] skipped=False
2026-08-30 17:28:54,434 | INFO | step=5750/20000 loss=-1.299977 nll=-1.300564 kl=0.0005877465 consistency=0 lambda=0 beta=1 grad=146.6928 horizon=260 lifetime=[464,858] skipped=False
2026-08-30 17:28:54,809 | INFO | step=5760/20000 loss=-1.198774 nll=-1.199507 kl=0.0007338077 consistency=0 lambda=0 beta=1 grad=36.6393 horizon=180 lifetime=[458,1152] skipped=False
2026-08-30 17:28:55,178 | INFO | step=5770/20000 loss=-0.582057 nll=-0.5829636 kl=0.0009066761 consistency=0 lambda=0 beta=1 grad=93.80605 horizon=160 lifetime=[442,1154] skipped=False
2026-08-30 17:28:55,598 | INFO | step=5780/20000 loss=-0.5442804 nll=-0.5458486 kl=0.001568258 consistency=0 lambda=0 beta=1 grad=179.6758 horizon=260 lifetime=[460,1313] skipped=False
2026-08-30 17:28:55,987 | INFO | step=5790/20000 loss=0.8303675 nll=0.829617 kl=0.000750497 consistency=0 lambda=0 beta=1 grad=135.125 horizon=160 lifetime=[465,1152] skipped=False
2026-08-30 17:28:56,377 | INFO | step=5800/20000 loss=-0.3418654 nll=-0.3429615 kl=0.001096115 consistency=0 lambda=0 beta=1 grad=108.499 horizon=300 lifetime=[539,1091] skipped=False
2026-08-30 17:28:56,775 | INFO | step=5810/20000 loss=-0.1779599 nll=-0.1785798 kl=0.0006198883 consistency=0 lambda=0 beta=1 grad=50.53896 horizon=120 lifetime=[456,1313] skipped=False
2026-08-30 17:28:57,191 | INFO | step=5820/20000 loss=-0.4935144 nll=-0.4947254 kl=0.001211047 consistency=0 lambda=0 beta=1 grad=150.8134 horizon=120 lifetime=[428,1154] skipped=False
2026-08-30 17:28:57,574 | INFO | step=5830/20000 loss=-1.271239 nll=-1.272521 kl=0.001282692 consistency=0 lambda=0 beta=1 grad=59.97092 horizon=200 lifetime=[453,1152] skipped=False
2026-08-30 17:28:58,001 | INFO | step=5840/20000 loss=-0.09922827 nll=-0.1016917 kl=0.00246343 consistency=0 lambda=0 beta=1 grad=8.45896 horizon=120 lifetime=[738,1313] skipped=False
2026-08-30 17:28:58,395 | INFO | step=5850/20000 loss=-0.9223524 nll=-0.9230875 kl=0.0007351041 consistency=0 lambda=0 beta=1 grad=175.7119 horizon=180 lifetime=[460,1061] skipped=False
2026-08-30 17:28:58,815 | INFO | step=5860/20000 loss=0.4758398 nll=0.4740508 kl=0.001789063 consistency=0 lambda=0 beta=1 grad=37.98423 horizon=100 lifetime=[465,1071] skipped=False
2026-08-30 17:28:59,212 | INFO | step=5870/20000 loss=-1.052236 nll=-1.053068 kl=0.000832051 consistency=0 lambda=0 beta=1 grad=62.47328 horizon=200 lifetime=[508,891] skipped=False
2026-08-30 17:28:59,601 | INFO | step=5880/20000 loss=-0.7146111 nll=-0.7153875 kl=0.0007764697 consistency=0 lambda=0 beta=1 grad=105.3486 horizon=180 lifetime=[476,1113] skipped=False
2026-08-30 17:28:59,966 | INFO | step=5890/20000 loss=-0.1557163 nll=-0.1568484 kl=0.00113216 consistency=0 lambda=0 beta=1 grad=105.8353 horizon=200 lifetime=[456,1036] skipped=False
2026-08-30 17:29:00,394 | INFO | step=5900/20000 loss=-0.909456 nll=-0.9104595 kl=0.001003534 consistency=0 lambda=0 beta=1 grad=39.97121 horizon=180 lifetime=[443,1705] skipped=False
2026-08-30 17:29:00,818 | INFO | step=5910/20000 loss=-1.599433 nll=-1.599803 kl=0.000369966 consistency=0 lambda=0 beta=1 grad=32.0409 horizon=280 lifetime=[461,1081] skipped=False
2026-08-30 17:29:01,221 | INFO | step=5920/20000 loss=-0.8157972 nll=-0.8174825 kl=0.001685292 consistency=0 lambda=0 beta=1 grad=25.58867 horizon=180 lifetime=[456,1113] skipped=False
2026-08-30 17:29:01,631 | INFO | step=5930/20000 loss=-0.8098679 nll=-0.8107752 kl=0.0009073317 consistency=0 lambda=0 beta=1 grad=120.9368 horizon=160 lifetime=[456,991] skipped=False
2026-08-30 17:29:02,047 | INFO | step=5940/20000 loss=-1.068967 nll=-1.069584 kl=0.0006167293 consistency=0 lambda=0 beta=1 grad=58.01013 horizon=200 lifetime=[467,1156] skipped=False
2026-08-30 17:29:02,424 | INFO | step=5950/20000 loss=0.2944129 nll=0.2929733 kl=0.001439631 consistency=0 lambda=0 beta=1 grad=75.92356 horizon=120 lifetime=[443,1799] skipped=False
2026-08-30 17:29:02,868 | INFO | step=5960/20000 loss=-0.9963475 nll=-0.9970719 kl=0.0007244498 consistency=0 lambda=0 beta=1 grad=33.48478 horizon=180 lifetime=[614,1025] skipped=False
2026-08-30 17:29:03,215 | INFO | step=5970/20000 loss=-0.7303129 nll=-0.7309875 kl=0.0006745309 consistency=0 lambda=0 beta=1 grad=277.5598 horizon=240 lifetime=[460,1705] skipped=False
2026-08-30 17:29:03,631 | INFO | step=5980/20000 loss=-0.6642768 nll=-0.664645 kl=0.0003681332 consistency=0 lambda=0 beta=1 grad=74.77177 horizon=260 lifetime=[470,2154] skipped=False
2026-08-30 17:29:04,037 | INFO | step=5990/20000 loss=-1.403939 nll=-1.404685 kl=0.00074552 consistency=0 lambda=0 beta=1 grad=22.31797 horizon=300 lifetime=[470,913] skipped=False
2026-08-30 17:29:04,728 | INFO | validation step=6000 rmse=186.6147 best=159.1518@5500 stale=1/10
2026-08-30 17:29:04,728 | INFO | step=6000/20000 loss=-1.264741 nll=-1.265378 kl=0.0006369948 consistency=0 lambda=0 beta=1 grad=47.32709 horizon=180 lifetime=[458,877] skipped=False
2026-08-30 17:29:05,212 | INFO | step=6010/20000 loss=-0.5891927 nll=-0.5895759 kl=0.0003831983 consistency=0 lambda=0 beta=1 grad=125.1725 horizon=260 lifetime=[464,1705] skipped=False
2026-08-30 17:29:05,566 | INFO | step=6020/20000 loss=-0.6297493 nll=-0.6301628 kl=0.0004135519 consistency=0 lambda=0 beta=1 grad=74.90874 horizon=180 lifetime=[443,921] skipped=False
2026-08-30 17:29:05,970 | INFO | step=6030/20000 loss=-1.661608 nll=-1.662616 kl=0.001007065 consistency=0 lambda=0 beta=1 grad=20.58623 horizon=240 lifetime=[443,1156] skipped=False
2026-08-30 17:29:06,354 | INFO | step=6040/20000 loss=-0.7816277 nll=-0.7827781 kl=0.001150444 consistency=0 lambda=0 beta=1 grad=121.3848 horizon=140 lifetime=[456,921] skipped=False
2026-08-30 17:29:06,756 | INFO | step=6050/20000 loss=-0.7785637 nll=-0.7801118 kl=0.001548104 consistency=0 lambda=0 beta=1 grad=138.1608 horizon=300 lifetime=[484,1052] skipped=False
2026-08-30 17:29:07,190 | INFO | step=6060/20000 loss=-0.2958772 nll=-0.2965984 kl=0.0007212162 consistency=0 lambda=0 beta=1 grad=68.60553 horizon=140 lifetime=[512,1036] skipped=False
2026-08-30 17:29:07,585 | INFO | step=6070/20000 loss=-1.261957 nll=-1.2628 kl=0.0008435696 consistency=0 lambda=0 beta=1 grad=46.84525 horizon=140 lifetime=[443,1154] skipped=False
2026-08-30 17:29:08,027 | INFO | step=6080/20000 loss=-2.056319 nll=-2.057411 kl=0.001091965 consistency=0 lambda=0 beta=1 grad=86.19806 horizon=240 lifetime=[442,860] skipped=False
2026-08-30 17:29:08,442 | INFO | step=6090/20000 loss=1.162952 nll=1.162344 kl=0.0006075501 consistency=0 lambda=0 beta=1 grad=221.5613 horizon=120 lifetime=[480,2154] skipped=False
2026-08-30 17:29:08,853 | INFO | step=6100/20000 loss=0.1743825 nll=0.1740878 kl=0.0002946705 consistency=0 lambda=0 beta=1 grad=298.7244 horizon=280 lifetime=[428,1932] skipped=False
2026-08-30 17:29:09,250 | INFO | step=6110/20000 loss=-0.4727857 nll=-0.4736381 kl=0.0008523464 consistency=0 lambda=0 beta=1 grad=180.531 horizon=280 lifetime=[299,1113] skipped=False
2026-08-30 17:29:09,645 | INFO | step=6120/20000 loss=-0.5979394 nll=-0.5984412 kl=0.0005018264 consistency=0 lambda=0 beta=1 grad=36.83636 horizon=140 lifetime=[442,1282] skipped=False
2026-08-30 17:29:10,021 | INFO | step=6130/20000 loss=-1.26699 nll=-1.267507 kl=0.0005163848 consistency=0 lambda=0 beta=1 grad=39.2185 horizon=180 lifetime=[460,852] skipped=False
2026-08-30 17:29:10,423 | INFO | step=6140/20000 loss=-0.61148 nll=-0.6126396 kl=0.001159593 consistency=0 lambda=0 beta=1 grad=101.8221 horizon=240 lifetime=[539,1143] skipped=False
2026-08-30 17:29:10,853 | INFO | step=6150/20000 loss=-1.318328 nll=-1.318756 kl=0.0004273951 consistency=0 lambda=0 beta=1 grad=53.80817 horizon=220 lifetime=[456,1156] skipped=False
2026-08-30 17:29:11,233 | INFO | step=6160/20000 loss=-0.8378844 nll=-0.8382998 kl=0.0004153997 consistency=0 lambda=0 beta=1 grad=156.1716 horizon=180 lifetime=[476,1932] skipped=False
2026-08-30 17:29:11,677 | INFO | step=6170/20000 loss=-1.01516 nll=-1.015989 kl=0.0008285642 consistency=0 lambda=0 beta=1 grad=64.27311 horizon=140 lifetime=[465,1156] skipped=False
2026-08-30 17:29:12,055 | INFO | step=6180/20000 loss=-0.1005406 nll=-0.1010475 kl=0.0005069152 consistency=0 lambda=0 beta=1 grad=83.03487 horizon=140 lifetime=[147,1282] skipped=False
2026-08-30 17:29:12,450 | INFO | step=6190/20000 loss=1.004198 nll=1.003112 kl=0.001086257 consistency=0 lambda=0 beta=1 grad=449.2679 horizon=300 lifetime=[461,1113] skipped=False
2026-08-30 17:29:12,871 | INFO | step=6200/20000 loss=-0.6697025 nll=-0.6701323 kl=0.0004297644 consistency=0 lambda=0 beta=1 grad=89.64246 horizon=160 lifetime=[299,1143] skipped=False
2026-08-30 17:29:13,260 | INFO | step=6210/20000 loss=-0.7823951 nll=-0.7832658 kl=0.0008706972 consistency=0 lambda=0 beta=1 grad=93.34391 horizon=240 lifetime=[491,1143] skipped=False
2026-08-30 17:29:13,677 | INFO | step=6220/20000 loss=0.07613668 nll=0.07391229 kl=0.002224393 consistency=0 lambda=0 beta=1 grad=43.76268 horizon=120 lifetime=[480,1055] skipped=False
2026-08-30 17:29:14,082 | INFO | step=6230/20000 loss=-0.5071384 nll=-0.5078027 kl=0.0006643459 consistency=0 lambda=0 beta=1 grad=73.07007 horizon=140 lifetime=[476,942] skipped=False
2026-08-30 17:29:14,544 | INFO | step=6240/20000 loss=-0.8589906 nll=-0.8593925 kl=0.0004018769 consistency=0 lambda=0 beta=1 grad=96.66738 horizon=260 lifetime=[491,991] skipped=False
2026-08-30 17:29:14,934 | INFO | step=6250/20000 loss=-1.280333 nll=-1.28181 kl=0.001476198 consistency=0 lambda=0 beta=1 grad=33.20017 horizon=100 lifetime=[299,1282] skipped=False
2026-08-30 17:29:15,335 | INFO | step=6260/20000 loss=-0.8497425 nll=-0.8505518 kl=0.0008093864 consistency=0 lambda=0 beta=1 grad=155.6944 horizon=260 lifetime=[299,1799] skipped=False
2026-08-30 17:29:15,766 | INFO | step=6270/20000 loss=-0.7537746 nll=-0.7547211 kl=0.0009464771 consistency=0 lambda=0 beta=1 grad=30.62101 horizon=140 lifetime=[470,1025] skipped=False
2026-08-30 17:29:16,199 | INFO | step=6280/20000 loss=-0.9460496 nll=-0.9472935 kl=0.001243934 consistency=0 lambda=0 beta=1 grad=163.3153 horizon=280 lifetime=[493,1055] skipped=False
2026-08-30 17:29:16,584 | INFO | step=6290/20000 loss=-1.347751 nll=-1.348346 kl=0.0005943626 consistency=0 lambda=0 beta=1 grad=53.21083 horizon=200 lifetime=[456,1025] skipped=False
2026-08-30 17:29:17,006 | INFO | step=6300/20000 loss=-1.45954 nll=-1.4602 kl=0.0006591901 consistency=0 lambda=0 beta=1 grad=45.80733 horizon=220 lifetime=[428,1071] skipped=False
2026-08-30 17:29:17,423 | INFO | step=6310/20000 loss=-0.7890962 nll=-0.7898524 kl=0.000756219 consistency=0 lambda=0 beta=1 grad=54.64466 horizon=160 lifetime=[460,938] skipped=False
2026-08-30 17:29:17,840 | INFO | step=6320/20000 loss=-1.835669 nll=-1.836399 kl=0.0007298775 consistency=0 lambda=0 beta=1 grad=46.44597 horizon=260 lifetime=[460,872] skipped=False
2026-08-30 17:29:18,256 | INFO | step=6330/20000 loss=-0.4445043 nll=-0.4458618 kl=0.001357526 consistency=0 lambda=0 beta=1 grad=17.59931 horizon=100 lifetime=[505,906] skipped=False
2026-08-30 17:29:18,631 | INFO | step=6340/20000 loss=-0.9874048 nll=-0.9882417 kl=0.0008369312 consistency=0 lambda=0 beta=1 grad=143.2036 horizon=260 lifetime=[428,1154] skipped=False
2026-08-30 17:29:19,014 | INFO | step=6350/20000 loss=-0.4268572 nll=-0.4273631 kl=0.0005058199 consistency=0 lambda=0 beta=1 grad=169.2897 horizon=180 lifetime=[494,1282] skipped=False
2026-08-30 17:29:19,432 | INFO | step=6360/20000 loss=-0.9451207 nll=-0.9464679 kl=0.001347188 consistency=0 lambda=0 beta=1 grad=19.02722 horizon=100 lifetime=[461,872] skipped=False
2026-08-30 17:29:19,845 | INFO | step=6370/20000 loss=-1.378825 nll=-1.379186 kl=0.0003616288 consistency=0 lambda=0 beta=1 grad=24.65865 horizon=280 lifetime=[494,1152] skipped=False
2026-08-30 17:29:20,283 | INFO | step=6380/20000 loss=-1.040057 nll=-1.040694 kl=0.000637494 consistency=0 lambda=0 beta=1 grad=63.30576 horizon=240 lifetime=[470,1834] skipped=False
2026-08-30 17:29:20,703 | INFO | step=6390/20000 loss=-1.380629 nll=-1.381339 kl=0.0007103756 consistency=0 lambda=0 beta=1 grad=35.17572 horizon=240 lifetime=[476,2154] skipped=False
2026-08-30 17:29:21,098 | INFO | step=6400/20000 loss=-0.295994 nll=-0.2966415 kl=0.0006474629 consistency=0 lambda=0 beta=1 grad=37.54004 horizon=100 lifetime=[649,1282] skipped=False
2026-08-30 17:29:21,505 | INFO | step=6410/20000 loss=-0.204568 nll=-0.2063813 kl=0.001813255 consistency=0 lambda=0 beta=1 grad=83.93679 horizon=100 lifetime=[656,2154] skipped=False
2026-08-30 17:29:21,906 | INFO | step=6420/20000 loss=-0.5767331 nll=-0.5780309 kl=0.001297753 consistency=0 lambda=0 beta=1 grad=99.76614 horizon=140 lifetime=[458,1025] skipped=False
2026-08-30 17:29:22,296 | INFO | step=6430/20000 loss=-0.01084527 nll=-0.01210767 kl=0.001262396 consistency=0 lambda=0 beta=1 grad=41.5829 horizon=100 lifetime=[299,1282] skipped=False
2026-08-30 17:29:22,770 | INFO | step=6440/20000 loss=-1.457833 nll=-1.458257 kl=0.0004236251 consistency=0 lambda=0 beta=1 grad=69.58137 horizon=200 lifetime=[428,1154] skipped=False
2026-08-30 17:29:23,197 | INFO | step=6450/20000 loss=0.5143565 nll=0.5134196 kl=0.0009368956 consistency=0 lambda=0 beta=1 grad=244.2205 horizon=280 lifetime=[428,1799] skipped=False
2026-08-30 17:29:23,661 | INFO | step=6460/20000 loss=-0.8746838 nll=-0.8751854 kl=0.000501629 consistency=0 lambda=0 beta=1 grad=81.042 horizon=220 lifetime=[519,2154] skipped=False
2026-08-30 17:29:24,083 | INFO | step=6470/20000 loss=-1.011161 nll=-1.011495 kl=0.0003333837 consistency=0 lambda=0 beta=1 grad=81.19567 horizon=180 lifetime=[456,1313] skipped=False
2026-08-30 17:29:24,516 | INFO | step=6480/20000 loss=-0.5419366 nll=-0.5429059 kl=0.0009693503 consistency=0 lambda=0 beta=1 grad=74.09746 horizon=280 lifetime=[505,1932] skipped=False
2026-08-30 17:29:24,930 | INFO | step=6490/20000 loss=0.05522979 nll=0.05459812 kl=0.0006316677 consistency=0 lambda=0 beta=1 grad=77.23116 horizon=120 lifetime=[147,1156] skipped=False
2026-08-30 17:29:25,641 | INFO | validation step=6500 rmse=197.0447 best=159.1518@5500 stale=2/10
2026-08-30 17:29:25,641 | INFO | step=6500/20000 loss=0.374378 nll=0.3739153 kl=0.0004626289 consistency=0 lambda=0 beta=1 grad=175.7775 horizon=120 lifetime=[458,1061] skipped=False
2026-08-30 17:29:26,119 | INFO | step=6510/20000 loss=-1.460471 nll=-1.461515 kl=0.001043975 consistency=0 lambda=0 beta=1 grad=124.8373 horizon=240 lifetime=[456,909] skipped=False
2026-08-30 17:29:26,566 | INFO | step=6520/20000 loss=-1.231004 nll=-1.231512 kl=0.0005078316 consistency=0 lambda=0 beta=1 grad=16.04878 horizon=240 lifetime=[497,1834] skipped=False
2026-08-30 17:29:26,949 | INFO | step=6530/20000 loss=-1.582157 nll=-1.583662 kl=0.001504123 consistency=0 lambda=0 beta=1 grad=63.17899 horizon=200 lifetime=[465,811] skipped=False
2026-08-30 17:29:27,362 | INFO | step=6540/20000 loss=-1.89195 nll=-1.892582 kl=0.0006314814 consistency=0 lambda=0 beta=1 grad=77.85007 horizon=280 lifetime=[455,1154] skipped=False
2026-08-30 17:29:27,768 | INFO | step=6550/20000 loss=-1.089271 nll=-1.089633 kl=0.0003618002 consistency=0 lambda=0 beta=1 grad=54.93568 horizon=200 lifetime=[442,1834] skipped=False
2026-08-30 17:29:28,154 | INFO | step=6560/20000 loss=-0.7742223 nll=-0.7752249 kl=0.001002699 consistency=0 lambda=0 beta=1 grad=31.10958 horizon=140 lifetime=[458,1052] skipped=False
2026-08-30 17:29:28,548 | INFO | step=6570/20000 loss=-0.7636172 nll=-0.7656785 kl=0.002061397 consistency=0 lambda=0 beta=1 grad=84.55093 horizon=140 lifetime=[299,1282] skipped=False
2026-08-30 17:29:28,918 | INFO | step=6580/20000 loss=-0.580646 nll=-0.5816514 kl=0.001005381 consistency=0 lambda=0 beta=1 grad=175.77 horizon=280 lifetime=[428,1799] skipped=False
2026-08-30 17:29:29,269 | INFO | step=6590/20000 loss=-1.468391 nll=-1.469372 kl=0.0009813011 consistency=0 lambda=0 beta=1 grad=29.53991 horizon=200 lifetime=[299,1282] skipped=False
2026-08-30 17:29:29,652 | INFO | step=6600/20000 loss=-1.621685 nll=-1.622692 kl=0.001007229 consistency=0 lambda=0 beta=1 grad=142.4613 horizon=180 lifetime=[443,1038] skipped=False
2026-08-30 17:29:30,023 | INFO | step=6610/20000 loss=-0.5383241 nll=-0.5396073 kl=0.001283199 consistency=0 lambda=0 beta=1 grad=135.2822 horizon=180 lifetime=[442,1000] skipped=False
2026-08-30 17:29:30,382 | INFO | step=6620/20000 loss=-0.4833131 nll=-0.4841107 kl=0.0007975996 consistency=0 lambda=0 beta=1 grad=157.7523 horizon=140 lifetime=[455,1799] skipped=False
2026-08-30 17:29:30,824 | INFO | step=6630/20000 loss=-1.645425 nll=-1.646235 kl=0.0008104444 consistency=0 lambda=0 beta=1 grad=80.51443 horizon=260 lifetime=[299,1038] skipped=False
2026-08-30 17:29:31,247 | INFO | step=6640/20000 loss=-0.8870091 nll=-0.8881345 kl=0.001125395 consistency=0 lambda=0 beta=1 grad=64.40331 horizon=300 lifetime=[476,1834] skipped=False
2026-08-30 17:29:31,601 | INFO | step=6650/20000 loss=0.05027774 nll=0.04779422 kl=0.002483517 consistency=0 lambda=0 beta=1 grad=248.804 horizon=300 lifetime=[442,1154] skipped=False
2026-08-30 17:29:32,029 | INFO | step=6660/20000 loss=-1.467806 nll=-1.46869 kl=0.0008843243 consistency=0 lambda=0 beta=1 grad=80.14928 horizon=200 lifetime=[491,875] skipped=False
2026-08-30 17:29:32,380 | INFO | step=6670/20000 loss=-1.167832 nll=-1.168943 kl=0.00111112 consistency=0 lambda=0 beta=1 grad=96.4465 horizon=260 lifetime=[486,2154] skipped=False
2026-08-30 17:29:32,791 | INFO | step=6680/20000 loss=-0.9224876 nll=-0.925288 kl=0.002800405 consistency=0 lambda=0 beta=1 grad=38.00211 horizon=140 lifetime=[465,1071] skipped=False
2026-08-30 17:29:33,144 | INFO | step=6690/20000 loss=-0.7051058 nll=-0.705915 kl=0.0008091331 consistency=0 lambda=0 beta=1 grad=29.84295 horizon=100 lifetime=[460,1834] skipped=False
2026-08-30 17:29:33,556 | INFO | step=6700/20000 loss=-0.727802 nll=-0.7283012 kl=0.0004992485 consistency=0 lambda=0 beta=1 grad=190.8278 horizon=200 lifetime=[497,1799] skipped=False
2026-08-30 17:29:33,966 | INFO | step=6710/20000 loss=-1.31108 nll=-1.311804 kl=0.000724107 consistency=0 lambda=0 beta=1 grad=119.3506 horizon=180 lifetime=[458,852] skipped=False
2026-08-30 17:29:34,402 | INFO | step=6720/20000 loss=-0.8209094 nll=-0.8217242 kl=0.0008147359 consistency=0 lambda=0 beta=1 grad=70.67654 horizon=240 lifetime=[519,1313] skipped=False
2026-08-30 17:29:34,742 | INFO | step=6730/20000 loss=-1.423447 nll=-1.424205 kl=0.0007579923 consistency=0 lambda=0 beta=1 grad=158.9457 horizon=240 lifetime=[484,1143] skipped=False
2026-08-30 17:29:35,117 | INFO | step=6740/20000 loss=-1.730136 nll=-1.731471 kl=0.001335204 consistency=0 lambda=0 beta=1 grad=33.51358 horizon=240 lifetime=[460,1081] skipped=False
2026-08-30 17:29:35,493 | INFO | step=6750/20000 loss=-1.409889 nll=-1.410313 kl=0.0004238188 consistency=0 lambda=0 beta=1 grad=47.10578 horizon=280 lifetime=[461,1143] skipped=False
2026-08-30 17:29:35,904 | INFO | step=6760/20000 loss=-1.026591 nll=-1.027224 kl=0.0006328821 consistency=0 lambda=0 beta=1 grad=126.2776 horizon=280 lifetime=[299,2154] skipped=False
2026-08-30 17:29:36,280 | INFO | step=6770/20000 loss=-1.772429 nll=-1.773039 kl=0.0006105304 consistency=0 lambda=0 beta=1 grad=45.45441 horizon=180 lifetime=[461,1799] skipped=False
2026-08-30 17:29:36,633 | INFO | step=6780/20000 loss=-1.113632 nll=-1.115811 kl=0.00217852 consistency=0 lambda=0 beta=1 grad=75.55764 horizon=260 lifetime=[465,1154] skipped=False
2026-08-30 17:29:37,011 | INFO | step=6790/20000 loss=-1.003928 nll=-1.004726 kl=0.0007976592 consistency=0 lambda=0 beta=1 grad=19.832 horizon=160 lifetime=[460,1799] skipped=False
2026-08-30 17:29:37,390 | INFO | step=6800/20000 loss=-0.7645968 nll=-0.7652739 kl=0.000677079 consistency=0 lambda=0 beta=1 grad=89.21223 horizon=180 lifetime=[505,1932] skipped=False
2026-08-30 17:29:37,816 | INFO | step=6810/20000 loss=-1.309705 nll=-1.310128 kl=0.0004225075 consistency=0 lambda=0 beta=1 grad=87.60567 horizon=240 lifetime=[453,1705] skipped=False
2026-08-30 17:29:38,229 | INFO | step=6820/20000 loss=-1.88209 nll=-1.88254 kl=0.0004501939 consistency=0 lambda=0 beta=1 grad=115.3439 horizon=280 lifetime=[460,1152] skipped=False
2026-08-30 17:29:38,629 | INFO | step=6830/20000 loss=-1.402709 nll=-1.403197 kl=0.0004879832 consistency=0 lambda=0 beta=1 grad=208.5988 horizon=280 lifetime=[453,1705] skipped=False
2026-08-30 17:29:39,022 | INFO | step=6840/20000 loss=-1.241572 nll=-1.241995 kl=0.0004227757 consistency=0 lambda=0 beta=1 grad=77.53001 horizon=220 lifetime=[458,1143] skipped=False
2026-08-30 17:29:39,427 | INFO | step=6850/20000 loss=-0.5037283 nll=-0.5048402 kl=0.001111954 consistency=0 lambda=0 beta=1 grad=56.42995 horizon=220 lifetime=[493,1143] skipped=False
2026-08-30 17:29:39,865 | INFO | step=6860/20000 loss=-0.7859387 nll=-0.7864216 kl=0.000482887 consistency=0 lambda=0 beta=1 grad=43.46548 horizon=140 lifetime=[299,938] skipped=False
2026-08-30 17:29:40,273 | INFO | step=6870/20000 loss=-1.122912 nll=-1.123931 kl=0.001018852 consistency=0 lambda=0 beta=1 grad=46.99293 horizon=140 lifetime=[299,1061] skipped=False
2026-08-30 17:29:40,665 | INFO | step=6880/20000 loss=-1.146732 nll=-1.14783 kl=0.001098752 consistency=0 lambda=0 beta=1 grad=106.406 horizon=260 lifetime=[465,1282] skipped=False
2026-08-30 17:29:41,063 | INFO | step=6890/20000 loss=-1.159057 nll=-1.159642 kl=0.0005849302 consistency=0 lambda=0 beta=1 grad=157.024 horizon=300 lifetime=[455,1282] skipped=False
2026-08-30 17:29:41,413 | INFO | step=6900/20000 loss=-0.9385157 nll=-0.939829 kl=0.001313269 consistency=0 lambda=0 beta=1 grad=38.1869 horizon=240 lifetime=[508,1705] skipped=False
2026-08-30 17:29:41,768 | INFO | step=6910/20000 loss=-1.459517 nll=-1.459992 kl=0.0004756451 consistency=0 lambda=0 beta=1 grad=34.96745 horizon=180 lifetime=[464,1061] skipped=False
2026-08-30 17:29:42,173 | INFO | step=6920/20000 loss=-1.479023 nll=-1.479345 kl=0.0003216863 consistency=0 lambda=0 beta=1 grad=57.89014 horizon=300 lifetime=[458,2154] skipped=False
2026-08-30 17:29:42,529 | INFO | step=6930/20000 loss=0.09046898 nll=0.08944637 kl=0.001022607 consistency=0 lambda=0 beta=1 grad=259.9087 horizon=140 lifetime=[453,1091] skipped=False
2026-08-30 17:29:42,897 | INFO | step=6940/20000 loss=-0.5087976 nll=-0.5094074 kl=0.0006097257 consistency=0 lambda=0 beta=1 grad=391.572 horizon=300 lifetime=[455,1154] skipped=False
2026-08-30 17:29:43,330 | INFO | step=6950/20000 loss=-1.676429 nll=-1.676888 kl=0.0004595518 consistency=0 lambda=0 beta=1 grad=41.76389 horizon=260 lifetime=[458,1081] skipped=False
2026-08-30 17:29:43,685 | INFO | step=6960/20000 loss=-0.4963368 nll=-0.4979128 kl=0.001576006 consistency=0 lambda=0 beta=1 grad=60.26209 horizon=100 lifetime=[493,1143] skipped=False
2026-08-30 17:29:44,196 | INFO | step=6970/20000 loss=-1.190309 nll=-1.190637 kl=0.0003286004 consistency=0 lambda=0 beta=1 grad=106.232 horizon=200 lifetime=[491,1705] skipped=False
2026-08-30 17:29:44,573 | INFO | step=6980/20000 loss=-1.092453 nll=-1.092736 kl=0.0002832413 consistency=0 lambda=0 beta=1 grad=254.1715 horizon=160 lifetime=[442,1799] skipped=False
2026-08-30 17:29:45,012 | INFO | step=6990/20000 loss=-0.8521801 nll=-0.8526226 kl=0.0004425049 consistency=0 lambda=0 beta=1 grad=174.7328 horizon=300 lifetime=[476,2154] skipped=False
2026-08-30 17:29:45,656 | INFO | validation step=7000 rmse=219.6555 best=159.1518@5500 stale=3/10
2026-08-30 17:29:45,656 | INFO | step=7000/20000 loss=-1.550729 nll=-1.551237 kl=0.0005079508 consistency=0 lambda=0 beta=1 grad=143.2599 horizon=220 lifetime=[460,906] skipped=False
2026-08-30 17:29:46,175 | INFO | step=7010/20000 loss=-1.023865 nll=-1.024662 kl=0.0007973015 consistency=0 lambda=0 beta=1 grad=97.84143 horizon=240 lifetime=[505,1932] skipped=False
2026-08-30 17:29:46,597 | INFO | step=7020/20000 loss=-1.252161 nll=-1.252939 kl=0.0007781684 consistency=0 lambda=0 beta=1 grad=39.46652 horizon=280 lifetime=[493,1932] skipped=False
2026-08-30 17:29:46,998 | INFO | step=7030/20000 loss=-0.07991304 nll=-0.08050664 kl=0.0005936027 consistency=0 lambda=0 beta=1 grad=259.4402 horizon=180 lifetime=[456,1705] skipped=False
2026-08-30 17:29:47,368 | INFO | step=7040/20000 loss=-0.1944095 nll=-0.1954323 kl=0.001022816 consistency=0 lambda=0 beta=1 grad=42.52118 horizon=100 lifetime=[465,1705] skipped=False
2026-08-30 17:29:47,745 | INFO | step=7050/20000 loss=-1.244091 nll=-1.244787 kl=0.000695914 consistency=0 lambda=0 beta=1 grad=83.07279 horizon=140 lifetime=[147,1061] skipped=False
2026-08-30 17:29:48,220 | INFO | step=7060/20000 loss=-1.732262 nll=-1.733035 kl=0.0007726252 consistency=0 lambda=0 beta=1 grad=117.2996 horizon=240 lifetime=[299,1156] skipped=False
2026-08-30 17:29:48,622 | INFO | step=7070/20000 loss=-1.0557 nll=-1.056072 kl=0.0003719628 consistency=0 lambda=0 beta=1 grad=191.6583 horizon=260 lifetime=[460,1834] skipped=False
2026-08-30 17:29:49,043 | INFO | step=7080/20000 loss=-0.5861062 nll=-0.5899235 kl=0.00381726 consistency=0 lambda=0 beta=1 grad=46.62042 horizon=100 lifetime=[442,1799] skipped=False
2026-08-30 17:29:49,447 | INFO | step=7090/20000 loss=-1.339168 nll=-1.340244 kl=0.001076341 consistency=0 lambda=0 beta=1 grad=84.16187 horizon=180 lifetime=[460,1143] skipped=False
2026-08-30 17:29:49,898 | INFO | step=7100/20000 loss=-1.286523 nll=-1.287072 kl=0.0005488396 consistency=0 lambda=0 beta=1 grad=60.69107 horizon=240 lifetime=[500,1071] skipped=False
2026-08-30 17:29:50,285 | INFO | step=7110/20000 loss=-0.8887462 nll=-0.8889994 kl=0.0002532005 consistency=0 lambda=0 beta=1 grad=72.64575 horizon=200 lifetime=[508,1038] skipped=False
2026-08-30 17:29:50,721 | INFO | step=7120/20000 loss=-1.946713 nll=-1.947153 kl=0.0004399717 consistency=0 lambda=0 beta=1 grad=94.89993 horizon=260 lifetime=[428,1036] skipped=False
2026-08-30 17:29:51,140 | INFO | step=7130/20000 loss=-1.171203 nll=-1.172276 kl=0.001073241 consistency=0 lambda=0 beta=1 grad=114.0294 horizon=240 lifetime=[443,2154] skipped=False
2026-08-30 17:29:51,547 | INFO | step=7140/20000 loss=-1.67994 nll=-1.680814 kl=0.0008732677 consistency=0 lambda=0 beta=1 grad=99.91029 horizon=160 lifetime=[428,1282] skipped=False
2026-08-30 17:29:51,905 | INFO | step=7150/20000 loss=-1.32195 nll=-1.322575 kl=0.0006244183 consistency=0 lambda=0 beta=1 grad=26.70791 horizon=160 lifetime=[467,1156] skipped=False
2026-08-30 17:29:52,327 | INFO | step=7160/20000 loss=-1.573026 nll=-1.573908 kl=0.0008820593 consistency=0 lambda=0 beta=1 grad=80.91541 horizon=260 lifetime=[460,1071] skipped=False
2026-08-30 17:29:52,741 | INFO | step=7170/20000 loss=-0.3650939 nll=-0.3660748 kl=0.000980854 consistency=0 lambda=0 beta=1 grad=315.2062 horizon=140 lifetime=[299,1282] skipped=False
2026-08-30 17:29:53,196 | INFO | step=7180/20000 loss=-0.7373958 nll=-0.7377375 kl=0.0003417432 consistency=0 lambda=0 beta=1 grad=114.4935 horizon=240 lifetime=[299,1932] skipped=False
2026-08-30 17:29:53,594 | INFO | step=7190/20000 loss=-1.323813 nll=-1.324363 kl=0.0005503297 consistency=0 lambda=0 beta=1 grad=163.2942 horizon=280 lifetime=[460,1152] skipped=False
2026-08-30 17:29:53,947 | INFO | step=7200/20000 loss=-0.5685139 nll=-0.5692388 kl=0.0007248819 consistency=0 lambda=0 beta=1 grad=19.80543 horizon=100 lifetime=[491,1055] skipped=False
2026-08-30 17:29:54,371 | INFO | step=7210/20000 loss=-0.3081127 nll=-0.3090849 kl=0.000972271 consistency=0 lambda=0 beta=1 grad=127.955 horizon=100 lifetime=[465,1025] skipped=False
2026-08-30 17:29:54,799 | INFO | step=7220/20000 loss=-0.9417979 nll=-0.9422815 kl=0.0004836619 consistency=0 lambda=0 beta=1 grad=112.7602 horizon=240 lifetime=[494,1061] skipped=False
2026-08-30 17:29:55,137 | INFO | step=7230/20000 loss=-0.5575969 nll=-0.5598789 kl=0.002281994 consistency=0 lambda=0 beta=1 grad=21.86267 horizon=100 lifetime=[147,1154] skipped=False
2026-08-30 17:29:55,522 | INFO | step=7240/20000 loss=-1.36662 nll=-1.367753 kl=0.001133084 consistency=0 lambda=0 beta=1 grad=81.14198 horizon=240 lifetime=[476,1055] skipped=False
2026-08-30 17:29:55,929 | INFO | step=7250/20000 loss=-1.279727 nll=-1.280614 kl=0.0008873343 consistency=0 lambda=0 beta=1 grad=52.85669 horizon=240 lifetime=[467,1932] skipped=False
2026-08-30 17:29:56,324 | INFO | step=7260/20000 loss=-1.219164 nll=-1.219898 kl=0.00073421 consistency=0 lambda=0 beta=1 grad=93.78273 horizon=220 lifetime=[460,906] skipped=False
2026-08-30 17:29:56,700 | INFO | step=7270/20000 loss=-0.6812911 nll=-0.6816795 kl=0.0003883839 consistency=0 lambda=0 beta=1 grad=163.3414 horizon=160 lifetime=[476,1282] skipped=False
2026-08-30 17:29:57,086 | INFO | step=7280/20000 loss=-0.8437758 nll=-0.8444316 kl=0.0006557703 consistency=0 lambda=0 beta=1 grad=158.5559 horizon=200 lifetime=[460,863] skipped=False
2026-08-30 17:29:57,502 | INFO | step=7290/20000 loss=-1.159997 nll=-1.160485 kl=0.0004877746 consistency=0 lambda=0 beta=1 grad=63.32072 horizon=260 lifetime=[299,1052] skipped=False
2026-08-30 17:29:57,949 | INFO | step=7300/20000 loss=-0.9627147 nll=-0.9629916 kl=0.0002768934 consistency=0 lambda=0 beta=1 grad=63.9842 horizon=160 lifetime=[299,1282] skipped=False
2026-08-30 17:29:58,334 | INFO | step=7310/20000 loss=-1.365022 nll=-1.365826 kl=0.0008037984 consistency=0 lambda=0 beta=1 grad=110.5824 horizon=300 lifetime=[465,1081] skipped=False
2026-08-30 17:29:58,755 | INFO | step=7320/20000 loss=-1.454569 nll=-1.455095 kl=0.0005259216 consistency=0 lambda=0 beta=1 grad=331.0442 horizon=260 lifetime=[443,1038] skipped=False
2026-08-30 17:29:59,151 | INFO | step=7330/20000 loss=-1.180416 nll=-1.183016 kl=0.002600282 consistency=0 lambda=0 beta=1 grad=105.5801 horizon=240 lifetime=[458,1705] skipped=False
2026-08-30 17:29:59,568 | INFO | step=7340/20000 loss=-1.642732 nll=-1.643174 kl=0.0004419088 consistency=0 lambda=0 beta=1 grad=22.44596 horizon=200 lifetime=[465,1799] skipped=False
2026-08-30 17:29:59,937 | INFO | step=7350/20000 loss=-0.4596347 nll=-0.4600889 kl=0.0004542172 consistency=0 lambda=0 beta=1 grad=142.8119 horizon=260 lifetime=[687,1282] skipped=False
2026-08-30 17:30:00,331 | INFO | step=7360/20000 loss=-0.6338422 nll=-0.6343088 kl=0.000466615 consistency=0 lambda=0 beta=1 grad=287.1856 horizon=300 lifetime=[461,1705] skipped=False
2026-08-30 17:30:00,746 | INFO | step=7370/20000 loss=-0.1664433 nll=-0.1676608 kl=0.001217544 consistency=0 lambda=0 beta=1 grad=57.93941 horizon=120 lifetime=[729,1705] skipped=False
2026-08-30 17:30:01,118 | INFO | step=7380/20000 loss=-0.3894489 nll=-0.3911771 kl=0.001728266 consistency=0 lambda=0 beta=1 grad=52.2469 horizon=100 lifetime=[455,1025] skipped=False
2026-08-30 17:30:01,468 | INFO | step=7390/20000 loss=-0.9318187 nll=-0.9328517 kl=0.001033008 consistency=0 lambda=0 beta=1 grad=14.77146 horizon=120 lifetime=[147,1154] skipped=False
2026-08-30 17:30:01,864 | INFO | step=7400/20000 loss=-0.5582972 nll=-0.5591557 kl=0.0008585453 consistency=0 lambda=0 beta=1 grad=336.8341 horizon=240 lifetime=[458,1113] skipped=False
2026-08-30 17:30:02,264 | INFO | step=7410/20000 loss=-1.042186 nll=-1.042614 kl=0.0004281104 consistency=0 lambda=0 beta=1 grad=126.4346 horizon=260 lifetime=[461,1143] skipped=False
2026-08-30 17:30:02,644 | INFO | step=7420/20000 loss=0.5969779 nll=0.5953798 kl=0.00159812 consistency=0 lambda=0 beta=1 grad=319.0596 horizon=120 lifetime=[500,2154] skipped=False
2026-08-30 17:30:03,056 | INFO | step=7430/20000 loss=-0.9401039 nll=-0.9405885 kl=0.0004846156 consistency=0 lambda=0 beta=1 grad=58.81273 horizon=160 lifetime=[493,2154] skipped=False
2026-08-30 17:30:03,483 | INFO | step=7440/20000 loss=-1.209438 nll=-1.210152 kl=0.000713855 consistency=0 lambda=0 beta=1 grad=58.86126 horizon=220 lifetime=[453,1052] skipped=False
2026-08-30 17:30:03,833 | INFO | step=7450/20000 loss=-0.4920086 nll=-0.4925357 kl=0.0005270839 consistency=0 lambda=0 beta=1 grad=37.70011 horizon=120 lifetime=[494,1932] skipped=False
2026-08-30 17:30:04,237 | INFO | step=7460/20000 loss=-1.235732 nll=-1.236357 kl=0.0006251335 consistency=0 lambda=0 beta=1 grad=87.58964 horizon=260 lifetime=[453,868] skipped=False
2026-08-30 17:30:04,620 | INFO | step=7470/20000 loss=-1.226363 nll=-1.227156 kl=0.0007929504 consistency=0 lambda=0 beta=1 grad=56.17445 horizon=140 lifetime=[461,1052] skipped=False
2026-08-30 17:30:04,985 | INFO | step=7480/20000 loss=-1.47498 nll=-1.475679 kl=0.0006994009 consistency=0 lambda=0 beta=1 grad=34.92894 horizon=160 lifetime=[458,1143] skipped=False
2026-08-30 17:30:05,381 | INFO | step=7490/20000 loss=-1.259831 nll=-1.260492 kl=0.0006603599 consistency=0 lambda=0 beta=1 grad=112.7869 horizon=180 lifetime=[299,1705] skipped=False
2026-08-30 17:30:06,062 | INFO | validation step=7500 rmse=218.7533 best=159.1518@5500 stale=4/10
2026-08-30 17:30:06,062 | INFO | step=7500/20000 loss=-1.080565 nll=-1.081583 kl=0.001018375 consistency=0 lambda=0 beta=1 grad=47.20442 horizon=160 lifetime=[497,1799] skipped=False
2026-08-30 17:30:06,531 | INFO | step=7510/20000 loss=-0.8032097 nll=-0.8049234 kl=0.001713753 consistency=0 lambda=0 beta=1 grad=106.6452 horizon=260 lifetime=[458,1113] skipped=False
2026-08-30 17:30:06,912 | INFO | step=7520/20000 loss=-0.6407018 nll=-0.641187 kl=0.0004852712 consistency=0 lambda=0 beta=1 grad=96.22244 horizon=260 lifetime=[484,1071] skipped=False
2026-08-30 17:30:07,336 | INFO | step=7530/20000 loss=-1.613924 nll=-1.614686 kl=0.0007620752 consistency=0 lambda=0 beta=1 grad=40.10361 horizon=280 lifetime=[442,887] skipped=False
2026-08-30 17:30:07,719 | INFO | step=7540/20000 loss=-1.639069 nll=-1.639497 kl=0.0004286766 consistency=0 lambda=0 beta=1 grad=94.63119 horizon=220 lifetime=[461,1025] skipped=False
2026-08-30 17:30:08,147 | INFO | step=7550/20000 loss=-1.597767 nll=-1.599397 kl=0.001629949 consistency=0 lambda=0 beta=1 grad=75.4293 horizon=300 lifetime=[460,1113] skipped=False
2026-08-30 17:30:08,554 | INFO | step=7560/20000 loss=-0.6236 nll=-0.6246805 kl=0.001080543 consistency=0 lambda=0 beta=1 grad=45.45176 horizon=120 lifetime=[480,1152] skipped=False
2026-08-30 17:30:09,000 | INFO | step=7570/20000 loss=-1.164551 nll=-1.164886 kl=0.0003359914 consistency=0 lambda=0 beta=1 grad=75.03653 horizon=260 lifetime=[461,1932] skipped=False
2026-08-30 17:30:09,437 | INFO | step=7580/20000 loss=-0.8736764 nll=-0.8741923 kl=0.0005158782 consistency=0 lambda=0 beta=1 grad=35.36096 horizon=180 lifetime=[675,1932] skipped=False
2026-08-30 17:30:09,820 | INFO | step=7590/20000 loss=-1.958097 nll=-1.959183 kl=0.001086265 consistency=0 lambda=0 beta=1 grad=121.8657 horizon=300 lifetime=[455,1038] skipped=False
2026-08-30 17:30:10,257 | INFO | step=7600/20000 loss=-1.423731 nll=-1.424834 kl=0.001102746 consistency=0 lambda=0 beta=1 grad=66.54759 horizon=160 lifetime=[299,942] skipped=False
2026-08-30 17:30:10,677 | INFO | step=7610/20000 loss=-1.408405 nll=-1.408816 kl=0.0004113019 consistency=0 lambda=0 beta=1 grad=50.75893 horizon=200 lifetime=[476,2154] skipped=False
2026-08-30 17:30:11,042 | INFO | step=7620/20000 loss=-1.431376 nll=-1.431944 kl=0.0005677044 consistency=0 lambda=0 beta=1 grad=169.8861 horizon=200 lifetime=[442,1025] skipped=False
2026-08-30 17:30:11,414 | INFO | step=7630/20000 loss=-1.195244 nll=-1.195832 kl=0.000587821 consistency=0 lambda=0 beta=1 grad=131.0682 horizon=200 lifetime=[442,1154] skipped=False
2026-08-30 17:30:11,812 | INFO | step=7640/20000 loss=-1.113137 nll=-1.113821 kl=0.0006845891 consistency=0 lambda=0 beta=1 grad=155.7445 horizon=260 lifetime=[299,858] skipped=False
2026-08-30 17:30:12,243 | INFO | step=7650/20000 loss=-1.11345 nll=-1.114002 kl=0.0005525053 consistency=0 lambda=0 beta=1 grad=46.23286 horizon=120 lifetime=[443,1081] skipped=False
2026-08-30 17:30:12,601 | INFO | step=7660/20000 loss=-1.031234 nll=-1.031999 kl=0.0007650852 consistency=0 lambda=0 beta=1 grad=49.34779 horizon=160 lifetime=[508,1282] skipped=False
2026-08-30 17:30:12,967 | INFO | step=7670/20000 loss=-1.337832 nll=-1.338929 kl=0.001096278 consistency=0 lambda=0 beta=1 grad=59.99183 horizon=260 lifetime=[460,1834] skipped=False
2026-08-30 17:30:13,366 | INFO | step=7680/20000 loss=-1.329331 nll=-1.330721 kl=0.001390845 consistency=0 lambda=0 beta=1 grad=77.09724 horizon=260 lifetime=[460,2154] skipped=False
2026-08-30 17:30:13,745 | INFO | step=7690/20000 loss=0.04852074 nll=0.0474025 kl=0.001118243 consistency=0 lambda=0 beta=1 grad=96.20473 horizon=100 lifetime=[442,1156] skipped=False
2026-08-30 17:30:14,126 | INFO | step=7700/20000 loss=-0.7870775 nll=-0.7879258 kl=0.0008482635 consistency=0 lambda=0 beta=1 grad=25.1274 horizon=120 lifetime=[484,1313] skipped=False
2026-08-30 17:30:14,549 | INFO | step=7710/20000 loss=-1.065397 nll=-1.065885 kl=0.0004877746 consistency=0 lambda=0 beta=1 grad=77.34411 horizon=200 lifetime=[461,1834] skipped=False
2026-08-30 17:30:14,971 | INFO | step=7720/20000 loss=-1.564719 nll=-1.565282 kl=0.0005629659 consistency=0 lambda=0 beta=1 grad=36.78129 horizon=280 lifetime=[299,872] skipped=False
2026-08-30 17:30:15,347 | INFO | step=7730/20000 loss=-1.060212 nll=-1.060636 kl=0.000423789 consistency=0 lambda=0 beta=1 grad=55.01275 horizon=180 lifetime=[706,1282] skipped=False
2026-08-30 17:30:15,747 | INFO | step=7740/20000 loss=-0.8980818 nll=-0.8986822 kl=0.0006004274 consistency=0 lambda=0 beta=1 grad=27.72738 horizon=140 lifetime=[476,1282] skipped=False
2026-08-30 17:30:16,140 | INFO | step=7750/20000 loss=-0.2696739 nll=-0.2704425 kl=0.0007686913 consistency=0 lambda=0 beta=1 grad=141.7057 horizon=180 lifetime=[470,1705] skipped=False
2026-08-30 17:30:16,511 | INFO | step=7760/20000 loss=-1.217946 nll=-1.219544 kl=0.001597881 consistency=0 lambda=0 beta=1 grad=27.40033 horizon=140 lifetime=[456,2154] skipped=False
2026-08-30 17:30:16,903 | INFO | step=7770/20000 loss=-1.610066 nll=-1.610363 kl=0.0002964139 consistency=0 lambda=0 beta=1 grad=166.9716 horizon=280 lifetime=[456,1091] skipped=False
2026-08-30 17:30:17,352 | INFO | step=7780/20000 loss=-1.097202 nll=-1.098061 kl=0.0008592606 consistency=0 lambda=0 beta=1 grad=114.7852 horizon=220 lifetime=[453,1313] skipped=False
2026-08-30 17:30:17,779 | INFO | step=7790/20000 loss=-1.206098 nll=-1.206578 kl=0.0004802048 consistency=0 lambda=0 beta=1 grad=277.6548 horizon=200 lifetime=[442,1113] skipped=False
2026-08-30 17:30:18,173 | INFO | step=7800/20000 loss=0.09205398 nll=0.09151626 kl=0.0005377233 consistency=0 lambda=0 beta=1 grad=234.3154 horizon=200 lifetime=[476,1156] skipped=False
2026-08-30 17:30:18,571 | INFO | step=7810/20000 loss=-0.4301663 nll=-0.4329201 kl=0.002753735 consistency=0 lambda=0 beta=1 grad=40.10663 horizon=120 lifetime=[442,921] skipped=False
2026-08-30 17:30:18,939 | INFO | step=7820/20000 loss=-1.187955 nll=-1.189001 kl=0.001046002 consistency=0 lambda=0 beta=1 grad=21.49689 horizon=220 lifetime=[498,1113] skipped=False
2026-08-30 17:30:19,378 | INFO | step=7830/20000 loss=-0.9982099 nll=-0.998681 kl=0.0004711151 consistency=0 lambda=0 beta=1 grad=33.9766 horizon=160 lifetime=[671,1071] skipped=False
2026-08-30 17:30:19,769 | INFO | step=7840/20000 loss=-1.874362 nll=-1.87485 kl=0.0004883111 consistency=0 lambda=0 beta=1 grad=63.13353 horizon=200 lifetime=[442,1091] skipped=False
2026-08-30 17:30:20,159 | INFO | step=7850/20000 loss=-1.248269 nll=-1.248644 kl=0.0003757775 consistency=0 lambda=0 beta=1 grad=41.03971 horizon=180 lifetime=[497,1799] skipped=False
2026-08-30 17:30:20,565 | INFO | step=7860/20000 loss=-1.317364 nll=-1.318335 kl=0.0009710193 consistency=0 lambda=0 beta=1 grad=186.1404 horizon=300 lifetime=[533,1038] skipped=False
2026-08-30 17:30:20,979 | INFO | step=7870/20000 loss=-1.104211 nll=-1.105484 kl=0.001273215 consistency=0 lambda=0 beta=1 grad=50.15781 horizon=120 lifetime=[442,1154] skipped=False
2026-08-30 17:30:21,322 | INFO | step=7880/20000 loss=-0.5484098 nll=-0.5488267 kl=0.0004168749 consistency=0 lambda=0 beta=1 grad=104.3132 horizon=160 lifetime=[476,1091] skipped=False
2026-08-30 17:30:21,674 | INFO | step=7890/20000 loss=-0.7976913 nll=-0.7982317 kl=0.0005404353 consistency=0 lambda=0 beta=1 grad=213.4773 horizon=220 lifetime=[299,1799] skipped=False
2026-08-30 17:30:22,124 | INFO | step=7900/20000 loss=-1.359121 nll=-1.359582 kl=0.0004606247 consistency=0 lambda=0 beta=1 grad=44.31039 horizon=260 lifetime=[464,1038] skipped=False
2026-08-30 17:30:22,545 | INFO | step=7910/20000 loss=-1.460696 nll=-1.460985 kl=0.0002888441 consistency=0 lambda=0 beta=1 grad=79.15515 horizon=200 lifetime=[428,1071] skipped=False
2026-08-30 17:30:22,946 | INFO | step=7920/20000 loss=-1.89463 nll=-1.894907 kl=0.0002776682 consistency=0 lambda=0 beta=1 grad=153.5578 horizon=220 lifetime=[464,872] skipped=False
2026-08-30 17:30:23,422 | INFO | step=7930/20000 loss=-1.506032 nll=-1.506396 kl=0.0003637671 consistency=0 lambda=0 beta=1 grad=47.46666 horizon=300 lifetime=[665,1154] skipped=False
2026-08-30 17:30:23,820 | INFO | step=7940/20000 loss=-0.461759 nll=-0.4620459 kl=0.0002869368 consistency=0 lambda=0 beta=1 grad=390.5587 horizon=260 lifetime=[299,1834] skipped=False
2026-08-30 17:30:24,202 | INFO | step=7950/20000 loss=-0.7976354 nll=-0.7979294 kl=0.0002939403 consistency=0 lambda=0 beta=1 grad=139.8615 horizon=160 lifetime=[665,1156] skipped=False
2026-08-30 17:30:24,609 | INFO | step=7960/20000 loss=-0.6767541 nll=-0.677166 kl=0.0004118979 consistency=0 lambda=0 beta=1 grad=166.0573 horizon=160 lifetime=[476,1025] skipped=False
2026-08-30 17:30:25,004 | INFO | step=7970/20000 loss=-0.9467244 nll=-0.9473569 kl=0.0006325543 consistency=0 lambda=0 beta=1 grad=43.96904 horizon=180 lifetime=[519,2154] skipped=False
2026-08-30 17:30:25,369 | INFO | step=7980/20000 loss=-0.7325162 nll=-0.7332011 kl=0.0006848872 consistency=0 lambda=0 beta=1 grad=40.25691 horizon=100 lifetime=[458,2154] skipped=False
2026-08-30 17:30:25,778 | INFO | step=7990/20000 loss=-0.8713576 nll=-0.8716744 kl=0.0003167987 consistency=0 lambda=0 beta=1 grad=63.66914 horizon=280 lifetime=[453,1932] skipped=False
2026-08-30 17:30:26,508 | INFO | validation step=8000 rmse=239.0545 best=159.1518@5500 stale=5/10
2026-08-30 17:30:26,508 | INFO | step=8000/20000 loss=-1.806338 nll=-1.806564 kl=0.0002262294 consistency=0 lambda=0 beta=1 grad=11.318 horizon=160 lifetime=[455,1834] skipped=False
2026-08-30 17:30:26,973 | INFO | step=8010/20000 loss=-1.065597 nll=-1.06592 kl=0.0003223419 consistency=0 lambda=0 beta=1 grad=313.5486 horizon=160 lifetime=[460,1081] skipped=False
2026-08-30 17:30:27,418 | INFO | step=8020/20000 loss=1.149904 nll=1.149665 kl=0.0002395511 consistency=0 lambda=0 beta=1 grad=275.1621 horizon=220 lifetime=[486,1705] skipped=False
2026-08-30 17:30:27,799 | INFO | step=8030/20000 loss=-1.137051 nll=-1.137379 kl=0.0003287792 consistency=0 lambda=0 beta=1 grad=81.50467 horizon=160 lifetime=[442,1313] skipped=False
2026-08-30 17:30:28,208 | INFO | step=8040/20000 loss=-1.002634 nll=-1.003211 kl=0.0005773902 consistency=0 lambda=0 beta=1 grad=58.72063 horizon=260 lifetime=[460,1143] skipped=False
2026-08-30 17:30:28,596 | INFO | step=8050/20000 loss=0.2256173 nll=0.2250915 kl=0.0005257428 consistency=0 lambda=0 beta=1 grad=111.4082 horizon=180 lifetime=[701,1834] skipped=False
2026-08-30 17:30:28,993 | INFO | step=8060/20000 loss=-0.9814382 nll=-0.9823767 kl=0.0009385645 consistency=0 lambda=0 beta=1 grad=440.2154 horizon=200 lifetime=[453,1055] skipped=False
2026-08-30 17:30:29,396 | INFO | step=8070/20000 loss=0.05316693 nll=0.05271304 kl=0.0004538894 consistency=0 lambda=0 beta=1 grad=152.7292 horizon=160 lifetime=[700,1154] skipped=False
2026-08-30 17:30:29,852 | INFO | step=8080/20000 loss=-0.2991277 nll=-0.2995671 kl=0.0004393756 consistency=0 lambda=0 beta=1 grad=45.24376 horizon=120 lifetime=[497,1152] skipped=False
2026-08-30 17:30:30,234 | INFO | step=8090/20000 loss=-1.47824 nll=-1.479566 kl=0.001325458 consistency=0 lambda=0 beta=1 grad=372.6824 horizon=260 lifetime=[443,1081] skipped=False
2026-08-30 17:30:30,634 | INFO | step=8100/20000 loss=-1.214845 nll=-1.215579 kl=0.0007342696 consistency=0 lambda=0 beta=1 grad=43.9588 horizon=280 lifetime=[470,1081] skipped=False
2026-08-30 17:30:31,048 | INFO | step=8110/20000 loss=-1.316444 nll=-1.317081 kl=0.0006372929 consistency=0 lambda=0 beta=1 grad=23.69978 horizon=120 lifetime=[453,1282] skipped=False
2026-08-30 17:30:31,476 | INFO | step=8120/20000 loss=-1.157487 nll=-1.158486 kl=0.0009993613 consistency=0 lambda=0 beta=1 grad=99.94719 horizon=160 lifetime=[461,1152] skipped=False
2026-08-30 17:30:31,887 | INFO | step=8130/20000 loss=-1.461786 nll=-1.461947 kl=0.0001609921 consistency=0 lambda=0 beta=1 grad=66.64687 horizon=280 lifetime=[484,1113] skipped=False
2026-08-30 17:30:32,289 | INFO | step=8140/20000 loss=-1.235361 nll=-1.23612 kl=0.0007591248 consistency=0 lambda=0 beta=1 grad=112.7155 horizon=220 lifetime=[299,1143] skipped=False
2026-08-30 17:30:32,703 | INFO | step=8150/20000 loss=-0.9686291 nll=-0.9692701 kl=0.0006409585 consistency=0 lambda=0 beta=1 grad=200.626 horizon=300 lifetime=[453,1932] skipped=False
2026-08-30 17:30:33,127 | INFO | step=8160/20000 loss=-1.655787 nll=-1.656208 kl=0.0004213452 consistency=0 lambda=0 beta=1 grad=65.08665 horizon=300 lifetime=[453,1052] skipped=False
2026-08-30 17:30:33,552 | INFO | step=8170/20000 loss=-1.549186 nll=-1.549854 kl=0.0006687343 consistency=0 lambda=0 beta=1 grad=36.3342 horizon=280 lifetime=[461,1932] skipped=False
2026-08-30 17:30:33,930 | INFO | step=8180/20000 loss=-1.341177 nll=-1.341824 kl=0.00064677 consistency=0 lambda=0 beta=1 grad=69.17751 horizon=260 lifetime=[299,2154] skipped=False
2026-08-30 17:30:34,345 | INFO | step=8190/20000 loss=-1.337226 nll=-1.337885 kl=0.0006590188 consistency=0 lambda=0 beta=1 grad=56.33095 horizon=180 lifetime=[500,1113] skipped=False
2026-08-30 17:30:34,779 | INFO | step=8200/20000 loss=-1.718101 nll=-1.718392 kl=0.0002914369 consistency=0 lambda=0 beta=1 grad=97.39014 horizon=240 lifetime=[443,906] skipped=False
2026-08-30 17:30:35,226 | INFO | step=8210/20000 loss=-1.816218 nll=-1.816658 kl=0.0004399419 consistency=0 lambda=0 beta=1 grad=275.0321 horizon=280 lifetime=[455,877] skipped=False
2026-08-30 17:30:35,663 | INFO | step=8220/20000 loss=-1.398586 nll=-1.398829 kl=0.0002434552 consistency=0 lambda=0 beta=1 grad=397.9783 horizon=260 lifetime=[464,1932] skipped=False
2026-08-30 17:30:36,072 | INFO | step=8230/20000 loss=-1.672664 nll=-1.673148 kl=0.0004834235 consistency=0 lambda=0 beta=1 grad=146.2886 horizon=220 lifetime=[470,1071] skipped=False
2026-08-30 17:30:36,526 | INFO | step=8240/20000 loss=-1.454767 nll=-1.455068 kl=0.0003018975 consistency=0 lambda=0 beta=1 grad=121.5504 horizon=260 lifetime=[465,1061] skipped=False
2026-08-30 17:30:36,949 | INFO | step=8250/20000 loss=-1.389703 nll=-1.390244 kl=0.0005403459 consistency=0 lambda=0 beta=1 grad=232.2178 horizon=140 lifetime=[455,1834] skipped=False
2026-08-30 17:30:37,354 | INFO | step=8260/20000 loss=-1.70356 nll=-1.703916 kl=0.0003559291 consistency=0 lambda=0 beta=1 grad=122.1861 horizon=200 lifetime=[442,1143] skipped=False
2026-08-30 17:30:37,719 | INFO | step=8270/20000 loss=-1.030359 nll=-1.031145 kl=0.0007857978 consistency=0 lambda=0 beta=1 grad=146.9292 horizon=180 lifetime=[465,991] skipped=False
2026-08-30 17:30:38,122 | INFO | step=8280/20000 loss=0.6772157 nll=0.6766623 kl=0.0005533695 consistency=0 lambda=0 beta=1 grad=466.2326 horizon=200 lifetime=[476,1154] skipped=False
2026-08-30 17:30:38,596 | INFO | step=8290/20000 loss=-0.5078999 nll=-0.5083525 kl=0.0004526675 consistency=0 lambda=0 beta=1 grad=52.78732 horizon=140 lifetime=[455,1932] skipped=False
2026-08-30 17:30:39,031 | INFO | step=8300/20000 loss=-0.8472621 nll=-0.8478539 kl=0.0005917251 consistency=0 lambda=0 beta=1 grad=142.9987 horizon=120 lifetime=[453,1091] skipped=False
2026-08-30 17:30:39,465 | INFO | step=8310/20000 loss=-0.2859648 nll=-0.2868848 kl=0.0009199679 consistency=0 lambda=0 beta=1 grad=50.51283 horizon=120 lifetime=[460,1834] skipped=False
2026-08-30 17:30:39,844 | INFO | step=8320/20000 loss=-0.304889 nll=-0.3063462 kl=0.001457214 consistency=0 lambda=0 beta=1 grad=316.0199 horizon=120 lifetime=[443,875] skipped=False
2026-08-30 17:30:40,284 | INFO | step=8330/20000 loss=-1.233425 nll=-1.234798 kl=0.001373887 consistency=0 lambda=0 beta=1 grad=49.63104 horizon=200 lifetime=[533,1143] skipped=False
2026-08-30 17:30:40,733 | INFO | step=8340/20000 loss=-1.54414 nll=-1.544393 kl=0.0002532899 consistency=0 lambda=0 beta=1 grad=49.34843 horizon=160 lifetime=[299,1052] skipped=False
2026-08-30 17:30:41,116 | INFO | step=8350/20000 loss=-0.9345095 nll=-0.9351951 kl=0.0006856024 consistency=0 lambda=0 beta=1 grad=362.2098 horizon=260 lifetime=[428,1154] skipped=False
2026-08-30 17:30:41,517 | INFO | step=8360/20000 loss=-1.666027 nll=-1.666321 kl=0.0002936125 consistency=0 lambda=0 beta=1 grad=80.37119 horizon=180 lifetime=[460,891] skipped=False
2026-08-30 17:30:41,896 | INFO | step=8370/20000 loss=-1.628435 nll=-1.629499 kl=0.00106433 consistency=0 lambda=0 beta=1 grad=26.65497 horizon=160 lifetime=[299,1834] skipped=False
2026-08-30 17:30:42,308 | INFO | step=8380/20000 loss=-2.007039 nll=-2.007451 kl=0.0004116595 consistency=0 lambda=0 beta=1 grad=111.0891 horizon=220 lifetime=[453,1038] skipped=False
2026-08-30 17:30:42,685 | INFO | step=8390/20000 loss=-1.163582 nll=-1.163945 kl=0.0003634393 consistency=0 lambda=0 beta=1 grad=64.5786 horizon=160 lifetime=[464,1081] skipped=False
2026-08-30 17:30:43,053 | INFO | step=8400/20000 loss=-1.72728 nll=-1.727925 kl=0.0006452799 consistency=0 lambda=0 beta=1 grad=111.4043 horizon=180 lifetime=[461,1799] skipped=False
2026-08-30 17:30:43,491 | INFO | step=8410/20000 loss=-1.431702 nll=-1.432392 kl=0.0006905496 consistency=0 lambda=0 beta=1 grad=127.6236 horizon=140 lifetime=[453,1055] skipped=False
2026-08-30 17:30:43,875 | INFO | step=8420/20000 loss=-1.554099 nll=-1.554703 kl=0.000603646 consistency=0 lambda=0 beta=1 grad=52.24315 horizon=180 lifetime=[464,1799] skipped=False
2026-08-30 17:30:44,283 | INFO | step=8430/20000 loss=-1.452592 nll=-1.453091 kl=0.0004992187 consistency=0 lambda=0 beta=1 grad=265.2267 horizon=280 lifetime=[299,1113] skipped=False
2026-08-30 17:30:44,697 | INFO | step=8440/20000 loss=-1.719923 nll=-1.720587 kl=0.0006636977 consistency=0 lambda=0 beta=1 grad=202.5442 horizon=200 lifetime=[453,1834] skipped=False
2026-08-30 17:30:45,096 | INFO | step=8450/20000 loss=-0.2275083 nll=-0.2283962 kl=0.0008879006 consistency=0 lambda=0 beta=1 grad=62.26863 horizon=100 lifetime=[458,1799] skipped=False
2026-08-30 17:30:45,526 | INFO | step=8460/20000 loss=-2.151443 nll=-2.152139 kl=0.0006951094 consistency=0 lambda=0 beta=1 grad=146.7368 horizon=260 lifetime=[458,841] skipped=False
2026-08-30 17:30:45,915 | INFO | step=8470/20000 loss=-1.007093 nll=-1.007774 kl=0.0006814003 consistency=0 lambda=0 beta=1 grad=85.82817 horizon=260 lifetime=[465,1061] skipped=False
2026-08-30 17:30:46,256 | INFO | step=8480/20000 loss=-1.02399 nll=-1.024291 kl=0.0003010631 consistency=0 lambda=0 beta=1 grad=129.3267 horizon=160 lifetime=[428,1061] skipped=False
2026-08-30 17:30:46,640 | INFO | step=8490/20000 loss=-0.6355771 nll=-0.6358626 kl=0.0002855062 consistency=0 lambda=0 beta=1 grad=76.63203 horizon=100 lifetime=[453,1313] skipped=False
2026-08-30 17:30:47,327 | INFO | validation step=8500 rmse=223.3039 best=159.1518@5500 stale=6/10
2026-08-30 17:30:47,327 | INFO | step=8500/20000 loss=-0.5146465 nll=-0.5152918 kl=0.0006451905 consistency=0 lambda=0 beta=1 grad=141.7025 horizon=120 lifetime=[456,1799] skipped=False
2026-08-30 17:30:47,814 | INFO | step=8510/20000 loss=-0.629428 nll=-0.6304697 kl=0.001041681 consistency=0 lambda=0 beta=1 grad=91.82967 horizon=100 lifetime=[428,852] skipped=False
2026-08-30 17:30:48,207 | INFO | step=8520/20000 loss=-1.152298 nll=-1.1528 kl=0.0005018115 consistency=0 lambda=0 beta=1 grad=215.1865 horizon=200 lifetime=[443,1834] skipped=False
2026-08-30 17:30:48,604 | INFO | step=8530/20000 loss=-1.236166 nll=-1.236917 kl=0.0007508993 consistency=0 lambda=0 beta=1 grad=33.86101 horizon=260 lifetime=[456,1834] skipped=False
2026-08-30 17:30:48,969 | INFO | step=8540/20000 loss=-0.5982603 nll=-0.5987054 kl=0.0004451573 consistency=0 lambda=0 beta=1 grad=20.28901 horizon=120 lifetime=[675,1071] skipped=False
2026-08-30 17:30:49,380 | INFO | step=8550/20000 loss=-0.5710433 nll=-0.5715767 kl=0.0005333424 consistency=0 lambda=0 beta=1 grad=118.5134 horizon=140 lifetime=[460,1061] skipped=False
2026-08-30 17:30:49,791 | INFO | step=8560/20000 loss=-1.098721 nll=-1.099254 kl=0.0005335212 consistency=0 lambda=0 beta=1 grad=91.74471 horizon=120 lifetime=[442,887] skipped=False
2026-08-30 17:30:50,216 | INFO | step=8570/20000 loss=-1.284016 nll=-1.284519 kl=0.0005028844 consistency=0 lambda=0 beta=1 grad=72.87536 horizon=140 lifetime=[464,1156] skipped=False
2026-08-30 17:30:50,591 | INFO | step=8580/20000 loss=-1.13303 nll=-1.13367 kl=0.0006400943 consistency=0 lambda=0 beta=1 grad=42.76819 horizon=120 lifetime=[456,1313] skipped=False
2026-08-30 17:30:51,002 | INFO | step=8590/20000 loss=-0.8530713 nll=-0.8536856 kl=0.0006142855 consistency=0 lambda=0 beta=1 grad=79.79656 horizon=140 lifetime=[701,1282] skipped=False
2026-08-30 17:30:51,405 | INFO | step=8600/20000 loss=-1.541419 nll=-1.54169 kl=0.0002703667 consistency=0 lambda=0 beta=1 grad=172.783 horizon=200 lifetime=[476,1834] skipped=False
2026-08-30 17:30:51,809 | INFO | step=8610/20000 loss=-0.03830531 nll=-0.03880948 kl=0.0005041659 consistency=0 lambda=0 beta=1 grad=650.7526 horizon=260 lifetime=[442,1834] skipped=False
2026-08-30 17:30:52,230 | INFO | step=8620/20000 loss=0.4692455 nll=0.4690636 kl=0.000181824 consistency=0 lambda=0 beta=1 grad=563.5788 horizon=180 lifetime=[442,1313] skipped=False
2026-08-30 17:30:52,638 | INFO | step=8630/20000 loss=-1.703959 nll=-1.704558 kl=0.0005990863 consistency=0 lambda=0 beta=1 grad=139.6045 horizon=280 lifetime=[476,1055] skipped=False
2026-08-30 17:30:53,043 | INFO | step=8640/20000 loss=-1.856659 nll=-1.857199 kl=0.0005397201 consistency=0 lambda=0 beta=1 grad=83.64978 horizon=300 lifetime=[465,1154] skipped=False
2026-08-30 17:30:53,402 | INFO | step=8650/20000 loss=-1.310007 nll=-1.31057 kl=0.0005627275 consistency=0 lambda=0 beta=1 grad=104.4506 horizon=180 lifetime=[508,1834] skipped=False
2026-08-30 17:30:53,784 | INFO | step=8660/20000 loss=-1.560669 nll=-1.561119 kl=0.0004498065 consistency=0 lambda=0 beta=1 grad=173.0553 horizon=300 lifetime=[458,1152] skipped=False
2026-08-30 17:30:54,188 | INFO | step=8670/20000 loss=-0.2707478 nll=-0.2715781 kl=0.0008302927 consistency=0 lambda=0 beta=1 grad=39.82708 horizon=120 lifetime=[704,1091] skipped=False
2026-08-30 17:30:54,635 | INFO | step=8680/20000 loss=-0.6460481 nll=-0.6462699 kl=0.0002218187 consistency=0 lambda=0 beta=1 grad=143.975 horizon=200 lifetime=[539,1705] skipped=False
2026-08-30 17:30:55,010 | INFO | step=8690/20000 loss=-0.6052992 nll=-0.6056602 kl=0.0003609955 consistency=0 lambda=0 beta=1 grad=283.8502 horizon=180 lifetime=[480,1834] skipped=False
2026-08-30 17:30:55,427 | INFO | step=8700/20000 loss=-0.5866346 nll=-0.587682 kl=0.001047343 consistency=0 lambda=0 beta=1 grad=26.44586 horizon=100 lifetime=[480,1799] skipped=False
2026-08-30 17:30:55,830 | INFO | step=8710/20000 loss=-1.006472 nll=-1.007564 kl=0.001091689 consistency=0 lambda=0 beta=1 grad=130.2755 horizon=260 lifetime=[519,1152] skipped=False
2026-08-30 17:30:56,247 | INFO | step=8720/20000 loss=-1.119532 nll=-1.120304 kl=0.0007722378 consistency=0 lambda=0 beta=1 grad=406.571 horizon=300 lifetime=[453,1834] skipped=False
2026-08-30 17:30:56,638 | INFO | step=8730/20000 loss=0.8118135 nll=0.8114878 kl=0.0003256798 consistency=0 lambda=0 beta=1 grad=799.3875 horizon=260 lifetime=[464,1038] skipped=False
2026-08-30 17:30:57,028 | INFO | step=8740/20000 loss=-0.2453896 nll=-0.2464747 kl=0.001085132 consistency=0 lambda=0 beta=1 grad=32.27333 horizon=120 lifetime=[754,1705] skipped=False
2026-08-30 17:30:57,386 | INFO | step=8750/20000 loss=-1.086965 nll=-1.087783 kl=0.0008180141 consistency=0 lambda=0 beta=1 grad=60.84973 horizon=120 lifetime=[464,1000] skipped=False
2026-08-30 17:30:57,802 | INFO | step=8760/20000 loss=-0.9704281 nll=-0.9706397 kl=0.0002116263 consistency=0 lambda=0 beta=1 grad=142.0609 horizon=200 lifetime=[460,1705] skipped=False
2026-08-30 17:30:58,239 | INFO | step=8770/20000 loss=-1.208359 nll=-1.208873 kl=0.0005140305 consistency=0 lambda=0 beta=1 grad=54.83271 horizon=280 lifetime=[675,2154] skipped=False
2026-08-30 17:30:58,651 | INFO | step=8780/20000 loss=-0.6627745 nll=-0.6629168 kl=0.0001422763 consistency=0 lambda=0 beta=1 grad=314.5129 horizon=220 lifetime=[428,2154] skipped=False
2026-08-30 17:30:59,053 | INFO | step=8790/20000 loss=-0.9297942 nll=-0.9302217 kl=0.0004275143 consistency=0 lambda=0 beta=1 grad=331.2076 horizon=220 lifetime=[428,1152] skipped=False
2026-08-30 17:30:59,426 | INFO | step=8800/20000 loss=-1.99551 nll=-1.9964 kl=0.0008892417 consistency=0 lambda=0 beta=1 grad=185.289 horizon=220 lifetime=[299,754] skipped=False
2026-08-30 17:30:59,858 | INFO | step=8810/20000 loss=-1.284122 nll=-1.284443 kl=0.00032112 consistency=0 lambda=0 beta=1 grad=76.66044 horizon=260 lifetime=[615,2154] skipped=False
2026-08-30 17:31:00,294 | INFO | step=8820/20000 loss=-1.608292 nll=-1.608709 kl=0.0004174113 consistency=0 lambda=0 beta=1 grad=77.12148 horizon=160 lifetime=[456,1000] skipped=False
2026-08-30 17:31:00,699 | INFO | step=8830/20000 loss=-0.7343857 nll=-0.7352453 kl=0.000859648 consistency=0 lambda=0 beta=1 grad=224.2039 horizon=140 lifetime=[442,1061] skipped=False
2026-08-30 17:31:01,096 | INFO | step=8840/20000 loss=-1.545128 nll=-1.545416 kl=0.0002884865 consistency=0 lambda=0 beta=1 grad=71.48681 horizon=240 lifetime=[486,1154] skipped=False
2026-08-30 17:31:01,464 | INFO | step=8850/20000 loss=-1.011925 nll=-1.012453 kl=0.0005281568 consistency=0 lambda=0 beta=1 grad=114.1067 horizon=160 lifetime=[458,1081] skipped=False
2026-08-30 17:31:01,859 | INFO | step=8860/20000 loss=0.4291061 nll=0.428461 kl=0.0006450117 consistency=0 lambda=0 beta=1 grad=452.5063 horizon=240 lifetime=[484,1282] skipped=False
2026-08-30 17:31:02,240 | INFO | step=8870/20000 loss=-1.768513 nll=-1.769083 kl=0.000570327 consistency=0 lambda=0 beta=1 grad=58.59097 horizon=260 lifetime=[442,1081] skipped=False
2026-08-30 17:31:02,632 | INFO | step=8880/20000 loss=-0.9517921 nll=-0.9524683 kl=0.0006762147 consistency=0 lambda=0 beta=1 grad=142.8495 horizon=180 lifetime=[480,1313] skipped=False
2026-08-30 17:31:03,019 | INFO | step=8890/20000 loss=-1.709253 nll=-1.70973 kl=0.0004773438 consistency=0 lambda=0 beta=1 grad=52.6756 horizon=200 lifetime=[465,863] skipped=False
2026-08-30 17:31:03,406 | INFO | step=8900/20000 loss=-1.173327 nll=-1.173969 kl=0.000641942 consistency=0 lambda=0 beta=1 grad=33.99264 horizon=140 lifetime=[486,1156] skipped=False
2026-08-30 17:31:03,838 | INFO | step=8910/20000 loss=-1.345913 nll=-1.346676 kl=0.0007639229 consistency=0 lambda=0 beta=1 grad=90.35727 horizon=200 lifetime=[494,1799] skipped=False
2026-08-30 17:31:04,261 | INFO | step=8920/20000 loss=-1.051105 nll=-1.0517 kl=0.0005955994 consistency=0 lambda=0 beta=1 grad=297.0968 horizon=280 lifetime=[443,1154] skipped=False
2026-08-30 17:31:04,669 | INFO | step=8930/20000 loss=-1.447994 nll=-1.448271 kl=0.0002765357 consistency=0 lambda=0 beta=1 grad=224.8907 horizon=260 lifetime=[428,1156] skipped=False
2026-08-30 17:31:05,094 | INFO | step=8940/20000 loss=-1.068969 nll=-1.06947 kl=0.0005005896 consistency=0 lambda=0 beta=1 grad=179.1219 horizon=280 lifetime=[460,2154] skipped=False
2026-08-30 17:31:05,456 | INFO | step=8950/20000 loss=-1.032676 nll=-1.033201 kl=0.0005249679 consistency=0 lambda=0 beta=1 grad=83.53232 horizon=140 lifetime=[461,1156] skipped=False
2026-08-30 17:31:05,823 | INFO | step=8960/20000 loss=-0.500335 nll=-0.5019461 kl=0.001611054 consistency=0 lambda=0 beta=1 grad=39.25082 horizon=120 lifetime=[497,1705] skipped=False
2026-08-30 17:31:06,247 | INFO | step=8970/20000 loss=-0.3480908 nll=-0.3487033 kl=0.0006124973 consistency=0 lambda=0 beta=1 grad=48.85501 horizon=100 lifetime=[458,1091] skipped=False
2026-08-30 17:31:06,688 | INFO | step=8980/20000 loss=-0.4000491 nll=-0.4004969 kl=0.0004478097 consistency=0 lambda=0 beta=1 grad=371.3431 horizon=240 lifetime=[455,1313] skipped=False
2026-08-30 17:31:07,088 | INFO | step=8990/20000 loss=-1.927265 nll=-1.927965 kl=0.0006999671 consistency=0 lambda=0 beta=1 grad=168.2799 horizon=300 lifetime=[455,1000] skipped=False
2026-08-30 17:31:07,791 | INFO | validation step=9000 rmse=240.6598 best=159.1518@5500 stale=7/10
2026-08-30 17:31:07,791 | INFO | step=9000/20000 loss=-0.8209515 nll=-0.8212768 kl=0.0003252923 consistency=0 lambda=0 beta=1 grad=212.1227 horizon=140 lifetime=[476,1071] skipped=False
2026-08-30 17:31:08,267 | INFO | step=9010/20000 loss=-1.797502 nll=-1.797667 kl=0.0001648068 consistency=0 lambda=0 beta=1 grad=67.17493 horizon=220 lifetime=[460,1834] skipped=False
2026-08-30 17:31:08,646 | INFO | step=9020/20000 loss=-1.563361 nll=-1.563884 kl=0.0005234778 consistency=0 lambda=0 beta=1 grad=26.00464 horizon=300 lifetime=[508,1932] skipped=False
2026-08-30 17:31:09,102 | INFO | step=9030/20000 loss=-1.203199 nll=-1.203507 kl=0.0003073215 consistency=0 lambda=0 beta=1 grad=96.92401 horizon=300 lifetime=[456,1156] skipped=False
2026-08-30 17:31:09,547 | INFO | step=9040/20000 loss=-2.102186 nll=-2.102798 kl=0.0006121397 consistency=0 lambda=0 beta=1 grad=57.17081 horizon=260 lifetime=[456,1091] skipped=False
2026-08-30 17:31:09,923 | INFO | step=9050/20000 loss=-1.532833 nll=-1.533163 kl=0.0003297627 consistency=0 lambda=0 beta=1 grad=68.98273 horizon=300 lifetime=[518,1152] skipped=False
2026-08-30 17:31:10,344 | INFO | step=9060/20000 loss=-1.289081 nll=-1.289474 kl=0.0003937185 consistency=0 lambda=0 beta=1 grad=219.5798 horizon=140 lifetime=[460,2154] skipped=False
2026-08-30 17:31:10,762 | INFO | step=9070/20000 loss=-1.29501 nll=-1.295213 kl=0.0002022982 consistency=0 lambda=0 beta=1 grad=73.05557 horizon=300 lifetime=[742,2154] skipped=False
2026-08-30 17:31:11,181 | INFO | step=9080/20000 loss=-2.231236 nll=-2.231816 kl=0.0005803108 consistency=0 lambda=0 beta=1 grad=119.2541 horizon=300 lifetime=[470,1143] skipped=False
2026-08-30 17:31:11,565 | INFO | step=9090/20000 loss=-1.291174 nll=-1.291646 kl=0.0004725158 consistency=0 lambda=0 beta=1 grad=229.5981 horizon=240 lifetime=[560,1055] skipped=False
2026-08-30 17:31:11,975 | INFO | step=9100/20000 loss=-1.762738 nll=-1.763267 kl=0.0005288422 consistency=0 lambda=0 beta=1 grad=52.79397 horizon=300 lifetime=[539,1154] skipped=False
2026-08-30 17:31:12,382 | INFO | step=9110/20000 loss=-1.727335 nll=-1.727635 kl=0.0002993941 consistency=0 lambda=0 beta=1 grad=120.837 horizon=300 lifetime=[461,1081] skipped=False
2026-08-30 17:31:12,769 | INFO | step=9120/20000 loss=-1.413142 nll=-1.413361 kl=0.0002185404 consistency=0 lambda=0 beta=1 grad=94.59055 horizon=180 lifetime=[458,1799] skipped=False
2026-08-30 17:31:13,198 | INFO | step=9130/20000 loss=-0.424797 nll=-0.4250629 kl=0.0002658963 consistency=0 lambda=0 beta=1 grad=421.5607 horizon=300 lifetime=[465,1313] skipped=False
2026-08-30 17:31:13,573 | INFO | step=9140/20000 loss=-1.18598 nll=-1.186388 kl=0.0004081726 consistency=0 lambda=0 beta=1 grad=78.2693 horizon=180 lifetime=[484,2154] skipped=False
2026-08-30 17:31:13,970 | INFO | step=9150/20000 loss=-2.094059 nll=-2.094383 kl=0.0003238022 consistency=0 lambda=0 beta=1 grad=21.3023 horizon=180 lifetime=[464,877] skipped=False
2026-08-30 17:31:14,375 | INFO | step=9160/20000 loss=-1.772394 nll=-1.772802 kl=0.00040856 consistency=0 lambda=0 beta=1 grad=191.7267 horizon=200 lifetime=[460,1154] skipped=False
2026-08-30 17:31:14,815 | INFO | step=9170/20000 loss=-1.012531 nll=-1.012964 kl=0.0004330277 consistency=0 lambda=0 beta=1 grad=191.2994 horizon=160 lifetime=[460,1071] skipped=False
2026-08-30 17:31:15,236 | INFO | step=9180/20000 loss=-1.544474 nll=-1.544903 kl=0.000428915 consistency=0 lambda=0 beta=1 grad=101.7003 horizon=300 lifetime=[533,1282] skipped=False
2026-08-30 17:31:15,646 | INFO | step=9190/20000 loss=-2.154772 nll=-2.155368 kl=0.0005954802 consistency=0 lambda=0 beta=1 grad=214.0665 horizon=280 lifetime=[428,815] skipped=False
2026-08-30 17:31:16,028 | INFO | step=9200/20000 loss=-1.22282 nll=-1.223327 kl=0.0005070567 consistency=0 lambda=0 beta=1 grad=126.6675 horizon=160 lifetime=[456,1282] skipped=False
2026-08-30 17:31:16,470 | INFO | step=9210/20000 loss=-1.184499 nll=-1.184666 kl=0.0001669526 consistency=0 lambda=0 beta=1 grad=94.35307 horizon=220 lifetime=[512,1834] skipped=False
2026-08-30 17:31:16,868 | INFO | step=9220/20000 loss=-0.2719204 nll=-0.2729341 kl=0.001013696 consistency=0 lambda=0 beta=1 grad=51.46534 horizon=100 lifetime=[299,1156] skipped=False
2026-08-30 17:31:17,261 | INFO | step=9230/20000 loss=-0.1999955 nll=-0.2005934 kl=0.0005978942 consistency=0 lambda=0 beta=1 grad=313.269 horizon=120 lifetime=[455,1932] skipped=False
2026-08-30 17:31:17,650 | INFO | step=9240/20000 loss=-1.573927 nll=-1.574524 kl=0.0005969405 consistency=0 lambda=0 beta=1 grad=73.32486 horizon=300 lifetime=[428,1282] skipped=False
2026-08-30 17:31:18,085 | INFO | step=9250/20000 loss=-1.145149 nll=-1.145351 kl=0.0002025366 consistency=0 lambda=0 beta=1 grad=377.0694 horizon=180 lifetime=[476,1282] skipped=False
2026-08-30 17:31:18,535 | INFO | step=9260/20000 loss=-1.500697 nll=-1.500915 kl=0.0002175868 consistency=0 lambda=0 beta=1 grad=376.3234 horizon=260 lifetime=[428,1156] skipped=False
2026-08-30 17:31:18,930 | INFO | step=9270/20000 loss=-1.79109 nll=-1.791348 kl=0.0002584755 consistency=0 lambda=0 beta=1 grad=77.29336 horizon=180 lifetime=[299,1052] skipped=False
2026-08-30 17:31:19,310 | INFO | step=9280/20000 loss=-1.225262 nll=-1.225694 kl=0.0004325211 consistency=0 lambda=0 beta=1 grad=76.42336 horizon=220 lifetime=[656,1834] skipped=False
2026-08-30 17:31:19,695 | INFO | step=9290/20000 loss=-1.841002 nll=-1.84149 kl=0.0004881322 consistency=0 lambda=0 beta=1 grad=192.5054 horizon=180 lifetime=[443,1154] skipped=False
2026-08-30 17:31:20,053 | INFO | step=9300/20000 loss=-1.078987 nll=-1.079604 kl=0.0006172657 consistency=0 lambda=0 beta=1 grad=88.55266 horizon=120 lifetime=[299,771] skipped=False
2026-08-30 17:31:20,458 | INFO | step=9310/20000 loss=-1.198057 nll=-1.198702 kl=0.000644803 consistency=0 lambda=0 beta=1 grad=41.67947 horizon=120 lifetime=[458,1282] skipped=False
2026-08-30 17:31:20,857 | INFO | step=9320/20000 loss=-1.715352 nll=-1.715649 kl=0.0002967417 consistency=0 lambda=0 beta=1 grad=130.1086 horizon=300 lifetime=[456,991] skipped=False
2026-08-30 17:31:21,257 | INFO | step=9330/20000 loss=-1.340782 nll=-1.341106 kl=0.0003241301 consistency=0 lambda=0 beta=1 grad=81.95174 horizon=220 lifetime=[458,1154] skipped=False
2026-08-30 17:31:21,622 | INFO | step=9340/20000 loss=-1.561529 nll=-1.562368 kl=0.000838697 consistency=0 lambda=0 beta=1 grad=168.3918 horizon=280 lifetime=[455,1081] skipped=False
2026-08-30 17:31:22,033 | INFO | step=9350/20000 loss=-1.03577 nll=-1.036241 kl=0.0004718602 consistency=0 lambda=0 beta=1 grad=173.5588 horizon=280 lifetime=[443,1143] skipped=False
2026-08-30 17:31:22,413 | INFO | step=9360/20000 loss=-1.259109 nll=-1.259295 kl=0.0001853704 consistency=0 lambda=0 beta=1 grad=362.061 horizon=260 lifetime=[461,858] skipped=False
2026-08-30 17:31:22,858 | INFO | step=9370/20000 loss=-1.815762 nll=-1.815978 kl=0.0002159476 consistency=0 lambda=0 beta=1 grad=93.3545 horizon=300 lifetime=[476,1705] skipped=False
2026-08-30 17:31:23,257 | INFO | step=9380/20000 loss=-0.5508314 nll=-0.5516146 kl=0.000783205 consistency=0 lambda=0 beta=1 grad=78.83379 horizon=100 lifetime=[467,1705] skipped=False
2026-08-30 17:31:23,625 | INFO | step=9390/20000 loss=-1.415837 nll=-1.416421 kl=0.0005844831 consistency=0 lambda=0 beta=1 grad=45.90472 horizon=140 lifetime=[494,1156] skipped=False
2026-08-30 17:31:24,003 | INFO | step=9400/20000 loss=-0.6176028 nll=-0.6181902 kl=0.0005874336 consistency=0 lambda=0 beta=1 grad=29.24667 horizon=100 lifetime=[456,1705] skipped=False
2026-08-30 17:31:24,425 | INFO | step=9410/20000 loss=-1.894503 nll=-1.894742 kl=0.0002397895 consistency=0 lambda=0 beta=1 grad=109.593 horizon=260 lifetime=[456,1081] skipped=False
2026-08-30 17:31:24,828 | INFO | step=9420/20000 loss=-1.274783 nll=-1.275887 kl=0.001103282 consistency=0 lambda=0 beta=1 grad=108.4695 horizon=300 lifetime=[500,1154] skipped=False
2026-08-30 17:31:25,231 | INFO | step=9430/20000 loss=-0.4856256 nll=-0.4864725 kl=0.0008469224 consistency=0 lambda=0 beta=1 grad=203.7901 horizon=180 lifetime=[614,1799] skipped=False
2026-08-30 17:31:25,654 | INFO | step=9440/20000 loss=-0.972813 nll=-0.9732682 kl=0.0004551411 consistency=0 lambda=0 beta=1 grad=166.1149 horizon=240 lifetime=[443,2154] skipped=False
2026-08-30 17:31:26,066 | INFO | step=9450/20000 loss=-1.723489 nll=-1.723767 kl=0.0002783835 consistency=0 lambda=0 beta=1 grad=68.14294 horizon=240 lifetime=[491,1091] skipped=False
2026-08-30 17:31:26,472 | INFO | step=9460/20000 loss=-1.51127 nll=-1.512223 kl=0.0009523928 consistency=0 lambda=0 beta=1 grad=67.65237 horizon=140 lifetime=[493,1143] skipped=False
2026-08-30 17:31:26,828 | INFO | step=9470/20000 loss=-0.8855662 nll=-0.8863479 kl=0.0007817745 consistency=0 lambda=0 beta=1 grad=76.71655 horizon=140 lifetime=[461,1932] skipped=False
2026-08-30 17:31:27,228 | INFO | step=9480/20000 loss=-1.926642 nll=-1.926961 kl=0.0003189147 consistency=0 lambda=0 beta=1 grad=56.8059 horizon=300 lifetime=[465,1705] skipped=False
2026-08-30 17:31:27,719 | INFO | step=9490/20000 loss=-1.423111 nll=-1.423513 kl=0.0004012585 consistency=0 lambda=0 beta=1 grad=81.14692 horizon=280 lifetime=[428,1313] skipped=False
2026-08-30 17:31:28,417 | INFO | validation step=9500 rmse=238.303 best=159.1518@5500 stale=8/10
2026-08-30 17:31:28,417 | INFO | step=9500/20000 loss=-0.6417582 nll=-0.6431087 kl=0.001350433 consistency=0 lambda=0 beta=1 grad=202.2778 horizon=120 lifetime=[455,1152] skipped=False
2026-08-30 17:31:28,905 | INFO | step=9510/20000 loss=-1.326565 nll=-1.327012 kl=0.000446707 consistency=0 lambda=0 beta=1 grad=324.4742 horizon=280 lifetime=[456,2154] skipped=False
2026-08-30 17:31:29,332 | INFO | step=9520/20000 loss=-1.057814 nll=-1.058349 kl=0.0005348921 consistency=0 lambda=0 beta=1 grad=34.64974 horizon=140 lifetime=[700,1799] skipped=False
2026-08-30 17:31:29,720 | INFO | step=9530/20000 loss=-2.182765 nll=-2.183663 kl=0.0008988976 consistency=0 lambda=0 beta=1 grad=122.2534 horizon=280 lifetime=[455,1154] skipped=False
2026-08-30 17:31:30,133 | INFO | step=9540/20000 loss=-1.818863 nll=-1.819255 kl=0.0003914833 consistency=0 lambda=0 beta=1 grad=27.1848 horizon=200 lifetime=[299,1154] skipped=False
2026-08-30 17:31:30,526 | INFO | step=9550/20000 loss=-0.6588494 nll=-0.6592891 kl=0.0004397333 consistency=0 lambda=0 beta=1 grad=76.91266 horizon=160 lifetime=[491,875] skipped=False
2026-08-30 17:31:30,931 | INFO | step=9560/20000 loss=-1.096398 nll=-1.096889 kl=0.0004903674 consistency=0 lambda=0 beta=1 grad=85.8114 horizon=160 lifetime=[455,1705] skipped=False
2026-08-30 17:31:31,337 | INFO | step=9570/20000 loss=-1.41506 nll=-1.415854 kl=0.0007939339 consistency=0 lambda=0 beta=1 grad=109.5424 horizon=260 lifetime=[453,1705] skipped=False
2026-08-30 17:31:31,756 | INFO | step=9580/20000 loss=-1.952493 nll=-1.953175 kl=0.0006822944 consistency=0 lambda=0 beta=1 grad=53.02201 horizon=260 lifetime=[500,1154] skipped=False
2026-08-30 17:31:32,167 | INFO | step=9590/20000 loss=-0.5511401 nll=-0.5515833 kl=0.0004433095 consistency=0 lambda=0 beta=1 grad=135.7312 horizon=100 lifetime=[470,1081] skipped=False
2026-08-30 17:31:32,566 | INFO | step=9600/20000 loss=-0.5075126 nll=-0.5081545 kl=0.0006418824 consistency=0 lambda=0 beta=1 grad=100.1305 horizon=120 lifetime=[299,891] skipped=False
2026-08-30 17:31:32,959 | INFO | step=9610/20000 loss=-0.706877 nll=-0.707339 kl=0.000462085 consistency=0 lambda=0 beta=1 grad=236.108 horizon=260 lifetime=[299,1152] skipped=False
2026-08-30 17:31:33,354 | INFO | step=9620/20000 loss=-1.370082 nll=-1.370425 kl=0.0003432333 consistency=0 lambda=0 beta=1 grad=47.61205 horizon=220 lifetime=[497,1932] skipped=False
2026-08-30 17:31:33,746 | INFO | step=9630/20000 loss=-1.346712 nll=-1.347009 kl=0.0002967715 consistency=0 lambda=0 beta=1 grad=58.69221 horizon=140 lifetime=[299,1154] skipped=False
2026-08-30 17:31:34,167 | INFO | step=9640/20000 loss=-1.773613 nll=-1.773951 kl=0.0003378391 consistency=0 lambda=0 beta=1 grad=128.3044 horizon=120 lifetime=[455,1282] skipped=False
2026-08-30 17:31:34,559 | INFO | step=9650/20000 loss=-1.171221 nll=-1.171921 kl=0.0006996989 consistency=0 lambda=0 beta=1 grad=40.35807 horizon=120 lifetime=[147,1152] skipped=False
2026-08-30 17:31:34,940 | INFO | step=9660/20000 loss=-0.2137854 nll=-0.2142927 kl=0.0005073547 consistency=0 lambda=0 beta=1 grad=799.6296 horizon=160 lifetime=[442,1061] skipped=False
2026-08-30 17:31:35,292 | INFO | step=9670/20000 loss=-0.648686 nll=-0.6492082 kl=0.0005221963 consistency=0 lambda=0 beta=1 grad=347.2191 horizon=160 lifetime=[464,1932] skipped=False
2026-08-30 17:31:35,731 | INFO | step=9680/20000 loss=-1.092663 nll=-1.093067 kl=0.0004039407 consistency=0 lambda=0 beta=1 grad=355.5541 horizon=300 lifetime=[461,1025] skipped=False
2026-08-30 17:31:36,147 | INFO | step=9690/20000 loss=-1.829796 nll=-1.830017 kl=0.0002213418 consistency=0 lambda=0 beta=1 grad=40.06053 horizon=300 lifetime=[470,1061] skipped=False
2026-08-30 17:31:36,525 | INFO | step=9700/20000 loss=-1.36444 nll=-1.364656 kl=0.0002159178 consistency=0 lambda=0 beta=1 grad=94.23853 horizon=140 lifetime=[467,1081] skipped=False
2026-08-30 17:31:36,940 | INFO | step=9710/20000 loss=-1.713135 nll=-1.713622 kl=0.0004876256 consistency=0 lambda=0 beta=1 grad=63.32442 horizon=200 lifetime=[486,1313] skipped=False
2026-08-30 17:31:37,316 | INFO | step=9720/20000 loss=-1.15503 nll=-1.156063 kl=0.001033902 consistency=0 lambda=0 beta=1 grad=124.7612 horizon=120 lifetime=[443,1282] skipped=False
2026-08-30 17:31:37,706 | INFO | step=9730/20000 loss=-0.8835534 nll=-0.883952 kl=0.0003986657 consistency=0 lambda=0 beta=1 grad=133.09 horizon=140 lifetime=[428,1152] skipped=False
2026-08-30 17:31:38,124 | INFO | step=9740/20000 loss=-1.303585 nll=-1.304042 kl=0.0004572868 consistency=0 lambda=0 beta=1 grad=227.9318 horizon=160 lifetime=[456,1705] skipped=False
2026-08-30 17:31:38,577 | INFO | step=9750/20000 loss=-1.34909 nll=-1.349401 kl=0.000310719 consistency=0 lambda=0 beta=1 grad=51.02066 horizon=240 lifetime=[649,1313] skipped=False
2026-08-30 17:31:38,945 | INFO | step=9760/20000 loss=-0.6229912 nll=-0.6234577 kl=0.0004664958 consistency=0 lambda=0 beta=1 grad=73.39432 horizon=100 lifetime=[428,1091] skipped=False
2026-08-30 17:31:39,475 | INFO | step=9770/20000 loss=-1.621945 nll=-1.622204 kl=0.0002589226 consistency=0 lambda=0 beta=1 grad=96.43063 horizon=280 lifetime=[484,2154] skipped=False
2026-08-30 17:31:39,903 | INFO | step=9780/20000 loss=-2.082373 nll=-2.082947 kl=0.0005746186 consistency=0 lambda=0 beta=1 grad=249.8006 horizon=200 lifetime=[428,1113] skipped=False
2026-08-30 17:31:40,342 | INFO | step=9790/20000 loss=-1.411721 nll=-1.412032 kl=0.0003107786 consistency=0 lambda=0 beta=1 grad=91.60226 horizon=300 lifetime=[493,1313] skipped=False
2026-08-30 17:31:40,712 | INFO | step=9800/20000 loss=-0.8288431 nll=-0.8294085 kl=0.0005654395 consistency=0 lambda=0 beta=1 grad=103.7882 horizon=140 lifetime=[512,1152] skipped=False
2026-08-30 17:31:41,111 | INFO | step=9810/20000 loss=-1.764448 nll=-1.764645 kl=0.0001970828 consistency=0 lambda=0 beta=1 grad=63.60856 horizon=300 lifetime=[461,942] skipped=False
2026-08-30 17:31:41,483 | INFO | step=9820/20000 loss=-1.593794 nll=-1.595112 kl=0.001317292 consistency=0 lambda=0 beta=1 grad=39.75744 horizon=300 lifetime=[484,1834] skipped=False
2026-08-30 17:31:41,893 | INFO | step=9830/20000 loss=-1.330644 nll=-1.331103 kl=0.0004584193 consistency=0 lambda=0 beta=1 grad=106.5012 horizon=120 lifetime=[476,915] skipped=False
2026-08-30 17:31:42,309 | INFO | step=9840/20000 loss=-0.712791 nll=-0.7141461 kl=0.001355112 consistency=0 lambda=0 beta=1 grad=45.36304 horizon=100 lifetime=[460,1313] skipped=False
2026-08-30 17:31:42,679 | INFO | step=9850/20000 loss=-0.03468132 nll=-0.03523743 kl=0.0005561113 consistency=0 lambda=0 beta=1 grad=280.0786 horizon=140 lifetime=[299,891] skipped=False
2026-08-30 17:31:43,094 | INFO | step=9860/20000 loss=0.740337 nll=0.7400507 kl=0.0002863109 consistency=0 lambda=0 beta=1 grad=449.1245 horizon=140 lifetime=[455,1156] skipped=False
2026-08-30 17:31:43,509 | INFO | step=9870/20000 loss=-1.21777 nll=-1.218085 kl=0.0003151596 consistency=0 lambda=0 beta=1 grad=15.35867 horizon=160 lifetime=[649,1834] skipped=False
2026-08-30 17:31:43,873 | INFO | step=9880/20000 loss=-0.7239381 nll=-0.7243335 kl=0.0003954172 consistency=0 lambda=0 beta=1 grad=212.2322 horizon=280 lifetime=[505,1834] skipped=False
2026-08-30 17:31:44,284 | INFO | step=9890/20000 loss=-1.259337 nll=-1.259948 kl=0.0006113648 consistency=0 lambda=0 beta=1 grad=152.6102 horizon=200 lifetime=[484,2154] skipped=False
2026-08-30 17:31:44,663 | INFO | step=9900/20000 loss=-0.9973525 nll=-0.9977185 kl=0.0003659725 consistency=0 lambda=0 beta=1 grad=22.03453 horizon=120 lifetime=[500,1152] skipped=False
2026-08-30 17:31:45,021 | INFO | step=9910/20000 loss=-1.409893 nll=-1.410523 kl=0.0006302297 consistency=0 lambda=0 beta=1 grad=44.10999 horizon=280 lifetime=[476,1705] skipped=False
2026-08-30 17:31:45,391 | INFO | step=9920/20000 loss=-1.071128 nll=-1.071641 kl=0.0005134344 consistency=0 lambda=0 beta=1 grad=114.5959 horizon=100 lifetime=[442,942] skipped=False
2026-08-30 17:31:45,805 | INFO | step=9930/20000 loss=-1.126532 nll=-1.126896 kl=0.0003639162 consistency=0 lambda=0 beta=1 grad=40.26556 horizon=160 lifetime=[461,1705] skipped=False
2026-08-30 17:31:46,189 | INFO | step=9940/20000 loss=-0.6416885 nll=-0.6428187 kl=0.001130313 consistency=0 lambda=0 beta=1 grad=91.7086 horizon=100 lifetime=[460,2154] skipped=False
2026-08-30 17:31:46,579 | INFO | step=9950/20000 loss=-0.6416945 nll=-0.6419126 kl=0.0002180636 consistency=0 lambda=0 beta=1 grad=453.4552 horizon=180 lifetime=[460,915] skipped=False
2026-08-30 17:31:47,023 | INFO | step=9960/20000 loss=-0.7544763 nll=-0.7549298 kl=0.0004534423 consistency=0 lambda=0 beta=1 grad=270.5495 horizon=300 lifetime=[456,1834] skipped=False
2026-08-30 17:31:47,429 | INFO | step=9970/20000 loss=-1.743765 nll=-1.744565 kl=0.0007998943 consistency=0 lambda=0 beta=1 grad=84.13861 horizon=220 lifetime=[497,1799] skipped=False
2026-08-30 17:31:47,848 | INFO | step=9980/20000 loss=-1.387017 nll=-1.387515 kl=0.0004972219 consistency=0 lambda=0 beta=1 grad=31.70034 horizon=160 lifetime=[299,1313] skipped=False
2026-08-30 17:31:48,253 | INFO | step=9990/20000 loss=-1.273452 nll=-1.273975 kl=0.0005224347 consistency=0 lambda=0 beta=1 grad=348.6476 horizon=180 lifetime=[453,2154] skipped=False
2026-08-30 17:31:48,945 | INFO | validation step=10000 rmse=221.3017 best=159.1518@5500 stale=9/10
2026-08-30 17:31:48,945 | INFO | step=10000/20000 loss=-0.1782499 nll=-0.1786432 kl=0.0003933012 consistency=0 lambda=0 beta=1 grad=111.6111 horizon=120 lifetime=[299,1113] skipped=False
2026-08-30 17:31:49,450 | INFO | step=10010/20000 loss=-1.38805 nll=-1.388739 kl=0.0006890893 consistency=0 lambda=0 beta=1 grad=204.3712 horizon=160 lifetime=[443,1081] skipped=False
2026-08-30 17:31:49,821 | INFO | step=10020/20000 loss=-1.364317 nll=-1.364642 kl=0.0003246665 consistency=0 lambda=0 beta=1 grad=109.827 horizon=260 lifetime=[500,1081] skipped=False
2026-08-30 17:31:50,256 | INFO | step=10030/20000 loss=-1.158327 nll=-1.158612 kl=0.0002844036 consistency=0 lambda=0 beta=1 grad=269.5878 horizon=280 lifetime=[484,1799] skipped=False
2026-08-30 17:31:50,685 | INFO | step=10040/20000 loss=-1.537045 nll=-1.537741 kl=0.0006956756 consistency=0 lambda=0 beta=1 grad=254.2297 horizon=220 lifetime=[461,1282] skipped=False
2026-08-30 17:31:51,092 | INFO | step=10050/20000 loss=-2.147723 nll=-2.148319 kl=0.0005958676 consistency=0 lambda=0 beta=1 grad=94.15981 horizon=240 lifetime=[465,938] skipped=False
2026-08-30 17:31:51,524 | INFO | step=10060/20000 loss=-2.080875 nll=-2.081238 kl=0.0003625751 consistency=0 lambda=0 beta=1 grad=222.106 horizon=260 lifetime=[428,868] skipped=False
2026-08-30 17:31:51,913 | INFO | step=10070/20000 loss=-1.498712 nll=-1.499221 kl=0.0005094707 consistency=0 lambda=0 beta=1 grad=47.24556 horizon=120 lifetime=[470,1282] skipped=False
2026-08-30 17:31:52,284 | INFO | step=10080/20000 loss=-1.363013 nll=-1.363491 kl=0.0004787445 consistency=0 lambda=0 beta=1 grad=159.1237 horizon=200 lifetime=[494,1061] skipped=False
2026-08-30 17:31:52,656 | INFO | step=10090/20000 loss=-1.869512 nll=-1.86984 kl=0.0003280342 consistency=0 lambda=0 beta=1 grad=38.26685 horizon=200 lifetime=[458,1081] skipped=False
2026-08-30 17:31:53,039 | INFO | step=10100/20000 loss=-0.2725387 nll=-0.2728686 kl=0.0003299415 consistency=0 lambda=0 beta=1 grad=171.9507 horizon=100 lifetime=[147,1152] skipped=False
2026-08-30 17:31:53,432 | INFO | step=10110/20000 loss=-1.549974 nll=-1.550263 kl=0.0002888441 consistency=0 lambda=0 beta=1 grad=61.82946 horizon=220 lifetime=[299,872] skipped=False
2026-08-30 17:31:53,802 | INFO | step=10120/20000 loss=-0.597124 nll=-0.5973919 kl=0.0002679527 consistency=0 lambda=0 beta=1 grad=72.04152 horizon=120 lifetime=[486,1061] skipped=False
2026-08-30 17:31:54,181 | INFO | step=10130/20000 loss=-1.795171 nll=-1.795887 kl=0.000716269 consistency=0 lambda=0 beta=1 grad=150.4974 horizon=180 lifetime=[458,1152] skipped=False
2026-08-30 17:31:54,627 | INFO | step=10140/20000 loss=-1.481863 nll=-1.482227 kl=0.00036484 consistency=0 lambda=0 beta=1 grad=123.2022 horizon=200 lifetime=[460,1036] skipped=False
2026-08-30 17:31:55,029 | INFO | step=10150/20000 loss=-1.55354 nll=-1.553893 kl=0.000353545 consistency=0 lambda=0 beta=1 grad=78.3964 horizon=300 lifetime=[560,1313] skipped=False
2026-08-30 17:31:55,401 | INFO | step=10160/20000 loss=-0.7874509 nll=-0.7877859 kl=0.0003350079 consistency=0 lambda=0 beta=1 grad=58.11526 horizon=100 lifetime=[500,1143] skipped=False
2026-08-30 17:31:55,770 | INFO | step=10170/20000 loss=1.572993 nll=1.572559 kl=0.0004338026 consistency=0 lambda=0 beta=1 grad=601.5256 horizon=260 lifetime=[461,1071] skipped=False
2026-08-30 17:31:56,161 | INFO | step=10180/20000 loss=0.3867302 nll=0.3859158 kl=0.0008144081 consistency=0 lambda=0 beta=1 grad=648.2715 horizon=240 lifetime=[428,1282] skipped=False
2026-08-30 17:31:56,549 | INFO | step=10190/20000 loss=-1.283202 nll=-1.283438 kl=0.000236094 consistency=0 lambda=0 beta=1 grad=135.8204 horizon=200 lifetime=[484,1834] skipped=False
2026-08-30 17:31:56,939 | INFO | step=10200/20000 loss=-1.998193 nll=-1.998557 kl=0.0003636777 consistency=0 lambda=0 beta=1 grad=43.74517 horizon=200 lifetime=[428,1038] skipped=False
2026-08-30 17:31:57,370 | INFO | step=10210/20000 loss=-1.42726 nll=-1.427593 kl=0.0003323257 consistency=0 lambda=0 beta=1 grad=119.2699 horizon=220 lifetime=[467,1156] skipped=False
2026-08-30 17:31:57,767 | INFO | step=10220/20000 loss=-0.8794552 nll=-0.8797716 kl=0.0003164709 consistency=0 lambda=0 beta=1 grad=239.4373 horizon=180 lifetime=[453,1834] skipped=False
2026-08-30 17:31:58,180 | INFO | step=10230/20000 loss=-1.341936 nll=-1.342297 kl=0.0003615916 consistency=0 lambda=0 beta=1 grad=114.9887 horizon=160 lifetime=[428,1081] skipped=False
2026-08-30 17:31:58,611 | INFO | step=10240/20000 loss=-1.733223 nll=-1.733485 kl=0.0002620816 consistency=0 lambda=0 beta=1 grad=23.37732 horizon=280 lifetime=[505,991] skipped=False
2026-08-30 17:31:59,010 | INFO | step=10250/20000 loss=1.278453 nll=1.278244 kl=0.0002085865 consistency=0 lambda=0 beta=1 grad=514.0315 horizon=140 lifetime=[461,1154] skipped=False
2026-08-30 17:31:59,432 | INFO | step=10260/20000 loss=-1.181284 nll=-1.181546 kl=0.0002614558 consistency=0 lambda=0 beta=1 grad=271.4308 horizon=300 lifetime=[729,1081] skipped=False
2026-08-30 17:31:59,834 | INFO | step=10270/20000 loss=-1.55567 nll=-1.556333 kl=0.0006634295 consistency=0 lambda=0 beta=1 grad=52.61179 horizon=240 lifetime=[299,1705] skipped=False
2026-08-30 17:32:00,204 | INFO | step=10280/20000 loss=-0.756404 nll=-0.7570016 kl=0.0005975962 consistency=0 lambda=0 beta=1 grad=44.30323 horizon=100 lifetime=[464,2154] skipped=False
2026-08-30 17:32:00,643 | INFO | step=10290/20000 loss=-0.9096431 nll=-0.9099199 kl=0.0002768934 consistency=0 lambda=0 beta=1 grad=196.7178 horizon=260 lifetime=[533,1834] skipped=False
2026-08-30 17:32:01,073 | INFO | step=10300/20000 loss=-1.681656 nll=-1.682003 kl=0.0003469288 consistency=0 lambda=0 beta=1 grad=45.14298 horizon=300 lifetime=[497,1932] skipped=False
2026-08-30 17:32:01,506 | INFO | step=10310/20000 loss=-0.08950445 nll=-0.08977038 kl=0.0002659261 consistency=0 lambda=0 beta=1 grad=138.8731 horizon=180 lifetime=[614,2154] skipped=False
2026-08-30 17:32:01,907 | INFO | step=10320/20000 loss=-0.718688 nll=-0.7190431 kl=0.0003550947 consistency=0 lambda=0 beta=1 grad=86.94817 horizon=180 lifetime=[700,1932] skipped=False
2026-08-30 17:32:02,312 | INFO | step=10330/20000 loss=-1.516701 nll=-1.516952 kl=0.000251323 consistency=0 lambda=0 beta=1 grad=210.8221 horizon=160 lifetime=[461,1313] skipped=False
2026-08-30 17:32:02,741 | INFO | step=10340/20000 loss=-2.187941 nll=-2.188084 kl=0.0001434386 consistency=0 lambda=0 beta=1 grad=143.7199 horizon=300 lifetime=[493,1154] skipped=False
2026-08-30 17:32:03,104 | INFO | step=10350/20000 loss=-1.462231 nll=-1.462435 kl=0.0002036691 consistency=0 lambda=0 beta=1 grad=59.3116 horizon=120 lifetime=[456,1932] skipped=False
2026-08-30 17:32:03,506 | INFO | step=10360/20000 loss=-0.08162701 nll=-0.08187145 kl=0.0002444386 consistency=0 lambda=0 beta=1 grad=634.3055 horizon=180 lifetime=[442,1055] skipped=False
2026-08-30 17:32:03,932 | INFO | step=10370/20000 loss=-0.9062775 nll=-0.9067506 kl=0.0004730821 consistency=0 lambda=0 beta=1 grad=345.7186 horizon=240 lifetime=[456,1799] skipped=False
2026-08-30 17:32:04,339 | INFO | step=10380/20000 loss=-1.304981 nll=-1.305314 kl=0.0003335178 consistency=0 lambda=0 beta=1 grad=156.5637 horizon=220 lifetime=[299,1313] skipped=False
2026-08-30 17:32:04,749 | INFO | step=10390/20000 loss=-1.43613 nll=-1.43684 kl=0.0007103682 consistency=0 lambda=0 beta=1 grad=87.20229 horizon=300 lifetime=[491,1834] skipped=False
2026-08-30 17:32:05,137 | INFO | step=10400/20000 loss=-0.9665005 nll=-0.9671881 kl=0.0006876588 consistency=0 lambda=0 beta=1 grad=38.69125 horizon=100 lifetime=[470,1282] skipped=False
2026-08-30 17:32:05,566 | INFO | step=10410/20000 loss=-1.109742 nll=-1.110172 kl=0.0004299581 consistency=0 lambda=0 beta=1 grad=67.91232 horizon=160 lifetime=[456,2154] skipped=False
2026-08-30 17:32:05,968 | INFO | step=10420/20000 loss=-1.843205 nll=-1.843396 kl=0.0001912117 consistency=0 lambda=0 beta=1 grad=133.6309 horizon=240 lifetime=[453,2154] skipped=False
2026-08-30 17:32:06,366 | INFO | step=10430/20000 loss=-0.6321616 nll=-0.6331519 kl=0.0009903908 consistency=0 lambda=0 beta=1 grad=82.96134 horizon=100 lifetime=[491,1932] skipped=False
2026-08-30 17:32:06,759 | INFO | step=10440/20000 loss=-1.818324 nll=-1.818487 kl=0.0001629591 consistency=0 lambda=0 beta=1 grad=96.83822 horizon=160 lifetime=[467,1313] skipped=False
2026-08-30 17:32:07,123 | INFO | step=10450/20000 loss=-0.2999509 nll=-0.3003481 kl=0.0003971756 consistency=0 lambda=0 beta=1 grad=99.49343 horizon=100 lifetime=[476,1282] skipped=False
2026-08-30 17:32:07,532 | INFO | step=10460/20000 loss=-1.000558 nll=-1.000785 kl=0.0002270341 consistency=0 lambda=0 beta=1 grad=314.6161 horizon=300 lifetime=[458,1113] skipped=False
2026-08-30 17:32:07,918 | INFO | step=10470/20000 loss=-1.872371 nll=-1.87302 kl=0.000649184 consistency=0 lambda=0 beta=1 grad=55.09071 horizon=140 lifetime=[443,1282] skipped=False
2026-08-30 17:32:08,314 | INFO | step=10480/20000 loss=1.313771 nll=1.312623 kl=0.001148254 consistency=0 lambda=0 beta=1 grad=323.9285 horizon=120 lifetime=[519,1932] skipped=False
2026-08-30 17:32:08,701 | INFO | step=10490/20000 loss=-1.096851 nll=-1.097161 kl=0.0003103018 consistency=0 lambda=0 beta=1 grad=81.54401 horizon=160 lifetime=[460,1156] skipped=False
2026-08-30 17:32:09,367 | INFO | validation step=10500 rmse=227.3249 best=159.1518@5500 stale=10/10
2026-08-30 17:32:09,367 | INFO | step=10500/20000 loss=-1.950541 nll=-1.950735 kl=0.0001940131 consistency=0 lambda=0 beta=1 grad=156.0503 horizon=280 lifetime=[458,1152] skipped=False
2026-08-30 17:32:09,463 | INFO | early stopping at step=10500 best=159.1518@5500
2026-08-30 17:32:09,541 | INFO | completed run=/home/JunseoPark/바탕화면/battery_gru/outputs/horizon_lifetime_iv_anp_grid/suites/20260830_124935_068102/runs/horiginal_s52_lr0p0001_f1/20260830_172500_257726_f1_life_iv_base_s52
