2026-08-30 03:01:44,019 | INFO | start fold=0 device=cuda parameters=886228 train=108 validation=27 horizons=[100, 120, 140, 160, 180, 200, 220, 240, 260, 280, 300] q_points=256 context=[8,16] query=8 target=lifetime delta_soh=false paired_horizons=True consistency_weight=0.1 consistency_gap=40
2026-08-30 03:01:44,019 | INFO | train_scalers cycle=300 soh=0.96513+-0.017554 voltage=2.7644+-0.46937 current=3.2253+-1.5022 lifetime=763.96+-315.73
2026-08-30 03:01:44,204 | INFO | step=1/20000 loss=0.8530329 nll=0.8530304 kl=0.01190831 consistency=0.0006490891 lambda=0.0001 beta=0.0002 grad=1.558439 horizon=100->140 lifetime=[455,868] skipped=False
2026-08-30 03:01:45,280 | INFO | step=10/20000 loss=0.8762817 nll=0.8762372 kl=0.02227349 consistency=3.159279e-06 lambda=0.001 beta=0.002 grad=1.411922 horizon=260->300 lifetime=[464,909] skipped=False
2026-08-30 03:01:46,218 | INFO | step=20/20000 loss=3.678233 nll=3.678093 kl=0.03491715 consistency=7.020961e-05 lambda=0.002 beta=0.004 grad=12.24519 horizon=220->260 lifetime=[498,2154] skipped=False
2026-08-30 03:01:46,950 | INFO | step=30/20000 loss=2.060545 nll=2.060298 kl=0.04102035 consistency=0.0003032731 lambda=0.003 beta=0.006 grad=4.824725 horizon=160->200 lifetime=[486,1858] skipped=False
2026-08-30 03:01:47,781 | INFO | step=40/20000 loss=2.599272 nll=2.599034 kl=0.02959365 consistency=0.000148411 lambda=0.004 beta=0.008 grad=6.793636 horizon=240->280 lifetime=[461,2154] skipped=False
2026-08-30 03:01:48,676 | INFO | step=50/20000 loss=1.250387 nll=1.250264 kl=0.01129068 consistency=0.001883965 lambda=0.005 beta=0.01 grad=2.784864 horizon=200->240 lifetime=[461,1156] skipped=False
2026-08-30 03:01:49,415 | INFO | step=60/20000 loss=2.238946 nll=2.238097 kl=0.07054618 consistency=0.0003723986 lambda=0.006 beta=0.012 grad=7.759765 horizon=140->180 lifetime=[428,1858] skipped=False
2026-08-30 03:01:50,141 | INFO | step=70/20000 loss=0.8170925 nll=0.8166049 kl=0.03260262 consistency=0.004465957 lambda=0.007 beta=0.014 grad=1.490226 horizon=160->200 lifetime=[533,1045] skipped=False
2026-08-30 03:01:50,874 | INFO | step=80/20000 loss=1.606288 nll=1.602553 kl=0.2280184 consistency=0.01083893 lambda=0.008 beta=0.016 grad=6.500288 horizon=140->180 lifetime=[299,1635] skipped=False
2026-08-30 03:01:51,629 | INFO | step=90/20000 loss=0.7434562 nll=0.7399892 kl=0.1732291 consistency=0.03876561 lambda=0.009 beta=0.018 grad=14.55653 horizon=200->240 lifetime=[486,1081] skipped=False
2026-08-30 03:01:52,329 | INFO | step=100/20000 loss=0.6629618 nll=0.6579458 kl=0.2458884 consistency=0.009824923 lambda=0.01 beta=0.02 grad=7.072384 horizon=160->200 lifetime=[455,860] skipped=False
2026-08-30 03:01:53,139 | INFO | step=110/20000 loss=0.5224732 nll=0.518246 kl=0.1783678 consistency=0.02755092 lambda=0.011 beta=0.022 grad=2.455428 horizon=200->240 lifetime=[455,942] skipped=False
2026-08-30 03:01:53,838 | INFO | step=120/20000 loss=0.4684737 nll=0.4673165 kl=0.02845652 consistency=0.0395174 lambda=0.012 beta=0.024 grad=7.766446 horizon=140->180 lifetime=[467,988] skipped=False
2026-08-30 03:01:54,627 | INFO | step=130/20000 loss=0.8888314 nll=0.8867095 kl=0.07606268 consistency=0.0110986 lambda=0.013 beta=0.026 grad=34.07168 horizon=240->280 lifetime=[458,1049] skipped=False
2026-08-30 03:01:55,340 | INFO | step=140/20000 loss=0.7312219 nll=0.7303231 kl=0.02386258 consistency=0.01647091 lambda=0.014 beta=0.028 grad=9.313696 horizon=140->180 lifetime=[464,938] skipped=False
2026-08-30 03:01:56,087 | INFO | step=150/20000 loss=0.4722015 nll=0.4630503 kl=0.279101 consistency=0.05187643 lambda=0.015 beta=0.03 grad=23.06998 horizon=220->260 lifetime=[443,909] skipped=False
2026-08-30 03:01:56,815 | INFO | step=160/20000 loss=2.925354 nll=2.918875 kl=0.1966654 consistency=0.01165578 lambda=0.016 beta=0.032 grad=43.82832 horizon=220->260 lifetime=[505,2154] skipped=False
2026-08-30 03:01:57,556 | INFO | step=170/20000 loss=0.1742927 nll=0.1713402 kl=0.06346425 consistency=0.04675092 lambda=0.017 beta=0.034 grad=5.575646 horizon=140->180 lifetime=[453,909] skipped=False
2026-08-30 03:01:58,510 | INFO | step=180/20000 loss=0.2168834 nll=0.2147586 kl=0.05112123 consistency=0.01579991 lambda=0.018 beta=0.036 grad=4.30897 horizon=200->240 lifetime=[497,1156] skipped=False
2026-08-30 03:01:59,273 | INFO | step=190/20000 loss=0.233292 nll=0.2308022 kl=0.05620778 consistency=0.01862419 lambda=0.019 beta=0.038 grad=30.89751 horizon=160->200 lifetime=[491,1152] skipped=False
2026-08-30 03:02:00,002 | INFO | step=200/20000 loss=0.2584044 nll=0.249482 kl=0.2180092 consistency=0.01010622 lambda=0.02 beta=0.04 grad=14.89117 horizon=180->220 lifetime=[299,1025] skipped=False
2026-08-30 03:02:00,773 | INFO | step=210/20000 loss=4.013829 nll=3.996253 kl=0.403237 consistency=0.03047003 lambda=0.021 beta=0.042 grad=69.26427 horizon=120->160 lifetime=[453,2154] skipped=False
2026-08-30 03:02:01,578 | INFO | step=220/20000 loss=0.04943438 nll=0.04695969 kl=0.04809008 consistency=0.01630555 lambda=0.022 beta=0.044 grad=24.21726 horizon=180->220 lifetime=[482,930] skipped=False
2026-08-30 03:02:02,361 | INFO | step=230/20000 loss=0.3683431 nll=0.3674148 kl=0.01327763 consistency=0.01380829 lambda=0.023 beta=0.046 grad=24.3424 horizon=260->300 lifetime=[465,1049] skipped=False
2026-08-30 03:02:03,107 | INFO | step=240/20000 loss=2.641253 nll=2.629308 kl=0.2467825 consistency=0.004173666 lambda=0.024 beta=0.048 grad=186.9682 horizon=220->260 lifetime=[486,2154] skipped=False
2026-08-30 03:02:03,932 | INFO | step=250/20000 loss=0.2551328 nll=0.2433159 kl=0.1975417 consistency=0.07758997 lambda=0.025 beta=0.05 grad=8.576393 horizon=140->180 lifetime=[476,863] skipped=False
2026-08-30 03:02:04,663 | INFO | step=260/20000 loss=0.1197643 nll=0.1141857 kl=0.0825707 consistency=0.04942144 lambda=0.026 beta=0.052 grad=13.04779 horizon=140->180 lifetime=[437,1091] skipped=False
2026-08-30 03:02:05,450 | INFO | step=270/20000 loss=0.3577111 nll=0.3545792 kl=0.05769509 consistency=0.0006063581 lambda=0.027 beta=0.054 grad=13.09312 horizon=240->280 lifetime=[437,1152] skipped=False
2026-08-30 03:02:06,170 | INFO | step=280/20000 loss=-0.07091697 nll=-0.08243223 kl=0.1858232 consistency=0.03961283 lambda=0.028 beta=0.056 grad=10.07273 horizon=160->200 lifetime=[443,1049] skipped=False
2026-08-30 03:02:06,974 | INFO | step=290/20000 loss=0.8222871 nll=0.8198989 kl=0.02347067 consistency=0.03541145 lambda=0.029 beta=0.058 grad=41.83175 horizon=140->180 lifetime=[486,1076] skipped=False
2026-08-30 03:02:07,729 | INFO | step=300/20000 loss=0.7159144 nll=0.7065514 kl=0.1067932 consistency=0.09851173 lambda=0.03 beta=0.06 grad=33.15921 horizon=120->160 lifetime=[497,1012] skipped=False
2026-08-30 03:02:08,479 | INFO | step=310/20000 loss=0.2881333 nll=0.2854391 kl=0.04163314 consistency=0.003645245 lambda=0.031 beta=0.062 grad=42.70405 horizon=200->240 lifetime=[467,930] skipped=False
2026-08-30 03:02:09,275 | INFO | step=320/20000 loss=1.330659 nll=1.314807 kl=0.2316857 consistency=0.03202214 lambda=0.032 beta=0.064 grad=12.31698 horizon=140->180 lifetime=[461,2154] skipped=False
2026-08-30 03:02:10,025 | INFO | step=330/20000 loss=-0.1509015 nll=-0.1541788 kl=0.04323783 consistency=0.01283576 lambda=0.033 beta=0.066 grad=16.00643 horizon=200->240 lifetime=[443,988] skipped=False
2026-08-30 03:02:10,737 | INFO | step=340/20000 loss=0.8339813 nll=0.8304327 kl=0.02477615 consistency=0.05481948 lambda=0.034 beta=0.068 grad=72.8857 horizon=140->180 lifetime=[486,858] skipped=False
2026-08-30 03:02:11,528 | INFO | step=350/20000 loss=0.3468446 nll=0.3346204 kl=0.06883758 consistency=0.2115875 lambda=0.035 beta=0.07 grad=31.90116 horizon=100->140 lifetime=[505,1156] skipped=False
2026-08-30 03:02:12,308 | INFO | step=360/20000 loss=-0.03227465 nll=-0.03562668 kl=0.02979434 consistency=0.03352329 lambda=0.036 beta=0.072 grad=28.30328 horizon=160->200 lifetime=[460,1156] skipped=False
2026-08-30 03:02:13,123 | INFO | step=370/20000 loss=-0.2011769 nll=-0.2084831 kl=0.09103959 consistency=0.01538498 lambda=0.037 beta=0.074 grad=16.73185 horizon=120->160 lifetime=[437,754] skipped=False
2026-08-30 03:02:13,960 | INFO | step=380/20000 loss=0.7284581 nll=0.7186121 kl=0.1241827 consistency=0.0107393 lambda=0.038 beta=0.076 grad=55.94904 horizon=260->300 lifetime=[614,1154] skipped=False
2026-08-30 03:02:14,755 | INFO | step=390/20000 loss=1.457885 nll=1.452849 kl=0.06035988 consistency=0.008404672 lambda=0.039 beta=0.078 grad=89.47726 horizon=200->240 lifetime=[491,1932] skipped=False
2026-08-30 03:02:15,532 | INFO | step=400/20000 loss=0.1868871 nll=0.183749 kl=0.01252311 consistency=0.05340633 lambda=0.04 beta=0.08 grad=36.43389 horizon=160->200 lifetime=[476,1081] skipped=False
2026-08-30 03:02:16,315 | INFO | step=410/20000 loss=-0.0435582 nll=-0.04579697 kl=0.02572719 consistency=0.003149718 lambda=0.041 beta=0.082 grad=31.51392 horizon=220->260 lifetime=[482,1055] skipped=False
2026-08-30 03:02:17,092 | INFO | step=420/20000 loss=0.9602509 nll=0.9590891 kl=0.01216988 consistency=0.003322441 lambda=0.042 beta=0.084 grad=121.5913 horizon=180->220 lifetime=[479,2154] skipped=False
2026-08-30 03:02:17,874 | INFO | step=430/20000 loss=-0.07317562 nll=-0.07597756 kl=0.03134599 consistency=0.002469361 lambda=0.043 beta=0.086 grad=36.42632 horizon=200->240 lifetime=[486,1052] skipped=False
2026-08-30 03:02:18,662 | INFO | step=440/20000 loss=0.521394 nll=0.5185731 kl=0.02574574 consistency=0.01261814 lambda=0.044 beta=0.088 grad=44.45901 horizon=260->300 lifetime=[428,1932] skipped=False
2026-08-30 03:02:19,379 | INFO | step=450/20000 loss=0.8515016 nll=0.8492178 kl=0.0224654 consistency=0.005820647 lambda=0.045 beta=0.09 grad=45.12785 horizon=200->240 lifetime=[455,1932] skipped=False
2026-08-30 03:02:20,101 | INFO | step=460/20000 loss=0.3447102 nll=0.3425117 kl=0.01678143 consistency=0.01423033 lambda=0.046 beta=0.092 grad=24.6893 horizon=160->200 lifetime=[460,2154] skipped=False
2026-08-30 03:02:20,823 | INFO | step=470/20000 loss=-0.2234127 nll=-0.2268048 kl=0.03234058 consistency=0.007490257 lambda=0.047 beta=0.094 grad=9.071535 horizon=220->260 lifetime=[443,1049] skipped=False
2026-08-30 03:02:21,554 | INFO | step=480/20000 loss=0.04853474 nll=0.04259969 kl=0.03147535 consistency=0.06069621 lambda=0.048 beta=0.096 grad=36.4045 horizon=120->160 lifetime=[460,913] skipped=False
2026-08-30 03:02:22,287 | INFO | step=490/20000 loss=0.3985918 nll=0.3940454 kl=0.04086355 consistency=0.01105666 lambda=0.049 beta=0.098 grad=38.7814 horizon=160->200 lifetime=[493,869] skipped=False
2026-08-30 03:02:23,520 | INFO | validation step=500 rmse=238.1921 best=238.1921@500 stale=0/10
2026-08-30 03:02:23,520 | INFO | step=500/20000 loss=-0.132912 nll=-0.1376399 kl=0.03965255 consistency=0.01525249 lambda=0.05 beta=0.1 grad=21.0682 horizon=140->180 lifetime=[505,1045] skipped=False
2026-08-30 03:02:24,307 | INFO | step=510/20000 loss=1.344041 nll=1.340553 kl=0.02780489 consistency=0.01278124 lambda=0.051 beta=0.102 grad=190.6303 horizon=200->240 lifetime=[497,1076] skipped=False
2026-08-30 03:02:25,154 | INFO | step=520/20000 loss=0.83081 nll=0.8255208 kl=0.01818542 consistency=0.06534459 lambda=0.052 beta=0.104 grad=26.10398 horizon=120->160 lifetime=[486,1025] skipped=False
2026-08-30 03:02:25,853 | INFO | step=530/20000 loss=0.5873159 nll=0.5766855 kl=0.07570791 consistency=0.04915711 lambda=0.053 beta=0.106 grad=11.93168 horizon=100->140 lifetime=[501,1081] skipped=False
2026-08-30 03:02:26,587 | INFO | step=540/20000 loss=0.05512113 nll=0.04946654 kl=0.02145717 consistency=0.06180036 lambda=0.054 beta=0.108 grad=16.98323 horizon=100->140 lifetime=[443,1091] skipped=False
2026-08-30 03:02:27,363 | INFO | step=550/20000 loss=-0.3034005 nll=-0.307567 kl=0.03481294 consistency=0.006130022 lambda=0.055 beta=0.11 grad=11.059 horizon=240->280 lifetime=[462,869] skipped=False
2026-08-30 03:02:28,064 | INFO | step=560/20000 loss=0.3571609 nll=0.3528579 kl=0.02600798 consistency=0.02482202 lambda=0.056 beta=0.112 grad=21.55178 horizon=140->180 lifetime=[526,1081] skipped=False
2026-08-30 03:02:28,805 | INFO | step=570/20000 loss=0.5321985 nll=0.5297801 kl=0.01776959 consistency=0.006889079 lambda=0.057 beta=0.114 grad=63.01924 horizon=200->240 lifetime=[460,1635] skipped=False
2026-08-30 03:02:29,537 | INFO | step=580/20000 loss=0.1827155 nll=0.1814335 kl=0.008590046 consistency=0.00492312 lambda=0.058 beta=0.116 grad=27.19673 horizon=180->220 lifetime=[461,1154] skipped=False
2026-08-30 03:02:30,351 | INFO | step=590/20000 loss=1.069587 nll=1.063623 kl=0.02586587 consistency=0.04935841 lambda=0.059 beta=0.118 grad=66.88765 horizon=160->200 lifetime=[460,1932] skipped=False
2026-08-30 03:02:31,128 | INFO | step=600/20000 loss=-0.1359656 nll=-0.1382675 kl=0.01060855 consistency=0.01714815 lambda=0.06 beta=0.12 grad=10.88596 horizon=180->220 lifetime=[428,1049] skipped=False
2026-08-30 03:02:31,876 | INFO | step=610/20000 loss=-0.1063472 nll=-0.1088282 kl=0.01203791 consistency=0.0165958 lambda=0.061 beta=0.122 grad=7.598726 horizon=140->180 lifetime=[486,942] skipped=False
2026-08-30 03:02:32,693 | INFO | step=620/20000 loss=0.3508754 nll=0.3487891 kl=0.01316573 consistency=0.007318 lambda=0.062 beta=0.124 grad=12.17861 horizon=140->180 lifetime=[299,1045] skipped=False
2026-08-30 03:02:33,407 | INFO | step=630/20000 loss=-0.08893276 nll=-0.09113521 kl=0.01658141 consistency=0.001796752 lambda=0.063 beta=0.126 grad=9.825271 horizon=260->300 lifetime=[458,938] skipped=False
2026-08-30 03:02:34,197 | INFO | step=640/20000 loss=0.8833611 nll=0.873391 kl=0.02674915 consistency=0.1022842 lambda=0.064 beta=0.128 grad=32.99682 horizon=100->140 lifetime=[491,1091] skipped=False
2026-08-30 03:02:35,008 | INFO | step=650/20000 loss=0.2141922 nll=0.207656 kl=0.04894557 consistency=0.002666174 lambda=0.065 beta=0.13 grad=22.59966 horizon=220->260 lifetime=[476,942] skipped=False
2026-08-30 03:02:35,725 | INFO | step=660/20000 loss=0.8759663 nll=0.8747542 kl=0.008311605 consistency=0.001742713 lambda=0.066 beta=0.132 grad=77.02452 horizon=200->240 lifetime=[299,938] skipped=False
2026-08-30 03:02:36,559 | INFO | step=670/20000 loss=-0.09587647 nll=-0.09740844 kl=0.009479273 consistency=0.003906697 lambda=0.067 beta=0.134 grad=14.46476 horizon=200->240 lifetime=[428,942] skipped=False
2026-08-30 03:02:37,337 | INFO | step=680/20000 loss=0.253923 nll=0.2533504 kl=0.003132827 consistency=0.002155433 lambda=0.068 beta=0.136 grad=45.79609 horizon=260->300 lifetime=[461,1091] skipped=False
2026-08-30 03:02:38,157 | INFO | step=690/20000 loss=0.1993012 nll=0.195585 kl=0.0256766 consistency=0.002505064 lambda=0.069 beta=0.138 grad=16.08397 horizon=200->240 lifetime=[428,1635] skipped=False
2026-08-30 03:02:38,961 | INFO | step=700/20000 loss=-0.168851 nll=-0.1803157 kl=0.07561773 consistency=0.01254681 lambda=0.07 beta=0.14 grad=14.54009 horizon=200->240 lifetime=[498,909] skipped=False
2026-08-30 03:02:39,729 | INFO | step=710/20000 loss=-0.1037297 nll=-0.106283 kl=0.007716776 consistency=0.02052835 lambda=0.071 beta=0.142 grad=7.746865 horizon=140->180 lifetime=[443,1015] skipped=False
2026-08-30 03:02:40,556 | INFO | step=720/20000 loss=-0.2499033 nll=-0.251478 kl=0.004281216 consistency=0.01330819 lambda=0.072 beta=0.144 grad=20.83571 horizon=200->240 lifetime=[464,991] skipped=False
2026-08-30 03:02:41,353 | INFO | step=730/20000 loss=0.5726711 nll=0.5684627 kl=0.01369161 consistency=0.03026612 lambda=0.073 beta=0.146 grad=21.7495 horizon=160->200 lifetime=[464,1154] skipped=False
2026-08-30 03:02:42,177 | INFO | step=740/20000 loss=-0.2558332 nll=-0.2623773 kl=0.04083778 consistency=0.006758332 lambda=0.074 beta=0.148 grad=43.82066 horizon=160->200 lifetime=[428,1076] skipped=False
2026-08-30 03:02:42,930 | INFO | step=750/20000 loss=1.35997 nll=1.343007 kl=0.1027657 consistency=0.02064639 lambda=0.075 beta=0.15 grad=73.63679 horizon=220->260 lifetime=[742,2154] skipped=False
2026-08-30 03:02:43,679 | INFO | step=760/20000 loss=0.06431506 nll=0.06167611 kl=0.008314919 consistency=0.01809318 lambda=0.076 beta=0.152 grad=26.78483 horizon=120->160 lifetime=[299,1076] skipped=False
2026-08-30 03:02:44,457 | INFO | step=770/20000 loss=0.523316 nll=0.5206323 kl=0.009055276 consistency=0.01674241 lambda=0.077 beta=0.154 grad=58.44875 horizon=260->300 lifetime=[437,1156] skipped=False
2026-08-30 03:02:45,343 | INFO | step=780/20000 loss=0.613021 nll=0.6090741 kl=0.02208697 consistency=0.006425828 lambda=0.078 beta=0.156 grad=48.73109 horizon=140->180 lifetime=[443,1635] skipped=False
2026-08-30 03:02:46,154 | INFO | step=790/20000 loss=0.5388603 nll=0.5370055 kl=0.01049859 consistency=0.002480358 lambda=0.079 beta=0.158 grad=59.31365 horizon=220->260 lifetime=[461,942] skipped=False
2026-08-30 03:02:46,860 | INFO | step=800/20000 loss=0.1574882 nll=0.1555273 kl=0.008729734 consistency=0.007051417 lambda=0.08 beta=0.16 grad=17.49822 horizon=220->260 lifetime=[453,1038] skipped=False
2026-08-30 03:02:47,634 | INFO | step=810/20000 loss=-0.5730415 nll=-0.5781466 kl=0.03047265 consistency=0.002081294 lambda=0.081 beta=0.162 grad=14.87109 horizon=240->280 lifetime=[461,991] skipped=False
2026-08-30 03:02:48,426 | INFO | step=820/20000 loss=0.08587315 nll=0.08105569 kl=0.02624651 consistency=0.006256541 lambda=0.082 beta=0.164 grad=27.88572 horizon=160->200 lifetime=[461,1154] skipped=False
2026-08-30 03:02:49,083 | INFO | step=830/20000 loss=0.05995641 nll=0.04696256 kl=0.05895507 consistency=0.03864217 lambda=0.083 beta=0.166 grad=14.92407 horizon=100->140 lifetime=[299,1154] skipped=False
2026-08-30 03:02:49,856 | INFO | step=840/20000 loss=-0.4401853 nll=-0.4476311 kl=0.02509175 consistency=0.03845667 lambda=0.084 beta=0.168 grad=7.150007 horizon=140->180 lifetime=[428,991] skipped=False
2026-08-30 03:02:50,541 | INFO | step=850/20000 loss=-0.1193833 nll=-0.1349248 kl=0.03527457 consistency=0.1122921 lambda=0.085 beta=0.17 grad=11.33268 horizon=100->140 lifetime=[465,988] skipped=False
2026-08-30 03:02:51,279 | INFO | step=860/20000 loss=0.009295837 nll=-0.003892794 kl=0.009573201 consistency=0.1342098 lambda=0.086 beta=0.172 grad=17.14075 horizon=120->160 lifetime=[464,1091] skipped=False
2026-08-30 03:02:52,092 | INFO | step=870/20000 loss=0.2823733 nll=0.2720091 kl=0.01350798 consistency=0.09211294 lambda=0.087 beta=0.174 grad=10.34832 horizon=100->140 lifetime=[428,1858] skipped=False
2026-08-30 03:02:52,884 | INFO | step=880/20000 loss=0.1465971 nll=0.1435682 kl=0.01007591 consistency=0.01426758 lambda=0.088 beta=0.176 grad=42.12579 horizon=140->180 lifetime=[437,1076] skipped=False
2026-08-30 03:02:53,638 | INFO | step=890/20000 loss=-0.5347813 nll=-0.5408752 kl=0.03400061 consistency=0.0004689991 lambda=0.089 beta=0.178 grad=23.64324 horizon=260->300 lifetime=[462,1081] skipped=False
2026-08-30 03:02:54,374 | INFO | step=900/20000 loss=0.1681476 nll=0.1645184 kl=0.0183045 consistency=0.003715551 lambda=0.09 beta=0.18 grad=49.45594 horizon=200->240 lifetime=[460,1038] skipped=False
2026-08-30 03:02:55,111 | INFO | step=910/20000 loss=0.05052723 nll=0.04618353 kl=0.009676299 consistency=0.02838035 lambda=0.091 beta=0.182 grad=31.70538 horizon=120->160 lifetime=[486,1154] skipped=False
2026-08-30 03:02:55,856 | INFO | step=920/20000 loss=0.2068167 nll=0.2028391 kl=0.01619839 consistency=0.01083843 lambda=0.092 beta=0.184 grad=50.32055 horizon=180->220 lifetime=[461,1052] skipped=False
2026-08-30 03:02:56,596 | INFO | step=930/20000 loss=0.470998 nll=0.4665675 kl=0.003603351 consistency=0.0404323 lambda=0.093 beta=0.186 grad=86.57866 horizon=180->220 lifetime=[453,1932] skipped=False
2026-08-30 03:02:57,367 | INFO | step=940/20000 loss=-0.3809571 nll=-0.3822529 kl=0.005539112 consistency=0.00270693 lambda=0.094 beta=0.188 grad=14.36349 horizon=180->220 lifetime=[464,1858] skipped=False
2026-08-30 03:02:58,242 | INFO | step=950/20000 loss=0.6645912 nll=0.6629664 kl=0.006206656 consistency=0.004689874 lambda=0.095 beta=0.19 grad=47.56672 horizon=240->280 lifetime=[479,1156] skipped=False
2026-08-30 03:02:58,972 | INFO | step=960/20000 loss=-0.1825225 nll=-0.1848626 kl=0.01136277 consistency=0.001651123 lambda=0.096 beta=0.192 grad=17.71446 horizon=200->240 lifetime=[443,1038] skipped=False
2026-08-30 03:02:59,729 | INFO | step=970/20000 loss=0.2437244 nll=0.2384156 kl=0.02236831 consistency=0.009993587 lambda=0.097 beta=0.194 grad=13.38439 horizon=240->280 lifetime=[299,2154] skipped=False
2026-08-30 03:03:00,511 | INFO | step=980/20000 loss=-0.2788006 nll=-0.2806512 kl=0.008914138 consistency=0.001055587 lambda=0.098 beta=0.196 grad=40.3779 horizon=220->260 lifetime=[453,913] skipped=False
2026-08-30 03:03:01,279 | INFO | step=990/20000 loss=-0.3269131 nll=-0.3281006 kl=0.004201047 consistency=0.003593445 lambda=0.099 beta=0.198 grad=22.12477 horizon=240->280 lifetime=[462,1091] skipped=False
2026-08-30 03:03:02,330 | INFO | validation step=1000 rmse=196.0653 best=196.0653@1000 stale=0/10
2026-08-30 03:03:02,330 | INFO | step=1000/20000 loss=0.2171976 nll=0.2144018 kl=0.01128059 consistency=0.005396798 lambda=0.1 beta=0.2 grad=14.32459 horizon=220->260 lifetime=[299,1858] skipped=False
2026-08-30 03:03:03,143 | INFO | step=1010/20000 loss=-0.378354 nll=-0.3801945 kl=0.008527414 consistency=0.001179297 lambda=0.1 beta=0.202 grad=6.960803 horizon=200->240 lifetime=[479,942] skipped=False
2026-08-30 03:03:04,152 | INFO | step=1020/20000 loss=0.3220039 nll=0.3201187 kl=0.008220504 consistency=0.002082221 lambda=0.1 beta=0.204 grad=16.75738 horizon=240->280 lifetime=[443,1156] skipped=False
2026-08-30 03:03:04,933 | INFO | step=1030/20000 loss=0.01821141 nll=0.01126652 kl=0.008797301 consistency=0.05132641 lambda=0.1 beta=0.206 grad=39.81693 horizon=180->220 lifetime=[460,1152] skipped=False
2026-08-30 03:03:05,737 | INFO | step=1040/20000 loss=-0.5841892 nll=-0.5863819 kl=0.008988723 consistency=0.003229739 lambda=0.1 beta=0.208 grad=27.76167 horizon=260->300 lifetime=[458,856] skipped=False
2026-08-30 03:03:06,513 | INFO | step=1050/20000 loss=1.608437 nll=1.595986 kl=0.02546386 consistency=0.07103828 lambda=0.1 beta=0.21 grad=107.6492 horizon=140->180 lifetime=[497,964] skipped=False
2026-08-30 03:03:07,313 | INFO | step=1060/20000 loss=-0.5098754 nll=-0.5147275 kl=0.02212 consistency=0.001625807 lambda=0.1 beta=0.212 grad=11.95245 horizon=260->300 lifetime=[461,991] skipped=False
2026-08-30 03:03:08,084 | INFO | step=1070/20000 loss=2.410359 nll=2.40732 kl=0.01343273 consistency=0.001644128 lambda=0.1 beta=0.214 grad=239.4236 horizon=220->260 lifetime=[464,2154] skipped=False
2026-08-30 03:03:08,922 | INFO | step=1080/20000 loss=0.3197715 nll=0.3170214 kl=0.009291796 consistency=0.007430795 lambda=0.1 beta=0.216 grad=16.67462 horizon=260->300 lifetime=[460,2154] skipped=False
2026-08-30 03:03:09,759 | INFO | step=1090/20000 loss=0.1669457 nll=0.1643085 kl=0.006147859 consistency=0.01296939 lambda=0.1 beta=0.218 grad=44.71601 horizon=220->260 lifetime=[458,1025] skipped=False
2026-08-30 03:03:10,509 | INFO | step=1100/20000 loss=0.3332454 nll=0.3212407 kl=0.00595527 consistency=0.1069457 lambda=0.1 beta=0.22 grad=49.72953 horizon=120->160 lifetime=[461,991] skipped=False
2026-08-30 03:03:11,290 | INFO | step=1110/20000 loss=-0.4121726 nll=-0.4144824 kl=0.01006079 consistency=0.0007633865 lambda=0.1 beta=0.222 grad=16.85475 horizon=240->280 lifetime=[458,1012] skipped=False
2026-08-30 03:03:12,090 | INFO | step=1120/20000 loss=0.5208637 nll=0.5059841 kl=0.008568662 consistency=0.1296014 lambda=0.1 beta=0.224 grad=52.8793 horizon=120->160 lifetime=[597,2154] skipped=False
2026-08-30 03:03:12,836 | INFO | step=1130/20000 loss=-0.4830265 nll=-0.4851424 kl=0.007332934 consistency=0.004586238 lambda=0.1 beta=0.226 grad=16.0076 horizon=140->180 lifetime=[467,1000] skipped=False
2026-08-30 03:03:13,663 | INFO | step=1140/20000 loss=0.05772154 nll=0.05518134 kl=0.005531337 consistency=0.01279063 lambda=0.1 beta=0.228 grad=24.39087 horizon=220->260 lifetime=[491,1045] skipped=False
2026-08-30 03:03:14,490 | INFO | step=1150/20000 loss=-0.1129857 nll=-0.1149492 kl=0.006863398 consistency=0.003849723 lambda=0.1 beta=0.23 grad=67.31876 horizon=240->280 lifetime=[299,1007] skipped=False
2026-08-30 03:03:15,338 | INFO | step=1160/20000 loss=0.3436522 nll=0.3396279 kl=0.01529103 consistency=0.004768744 lambda=0.1 beta=0.232 grad=23.52694 horizon=240->280 lifetime=[299,2154] skipped=False
2026-08-30 03:03:16,136 | INFO | step=1170/20000 loss=0.1963835 nll=0.193675 kl=0.007905741 consistency=0.008586525 lambda=0.1 beta=0.234 grad=23.68561 horizon=260->300 lifetime=[559,1156] skipped=False
2026-08-30 03:03:16,905 | INFO | step=1180/20000 loss=0.3564108 nll=0.3511571 kl=0.007921135 consistency=0.0338428 lambda=0.1 beta=0.236 grad=72.03107 horizon=140->180 lifetime=[437,1154] skipped=False
2026-08-30 03:03:17,671 | INFO | step=1190/20000 loss=-0.4831705 nll=-0.4867809 kl=0.00621398 consistency=0.02131441 lambda=0.1 beta=0.238 grad=10.07508 horizon=140->180 lifetime=[482,1052] skipped=False
2026-08-30 03:03:18,409 | INFO | step=1200/20000 loss=0.5727967 nll=0.5644072 kl=0.01328473 consistency=0.0520118 lambda=0.1 beta=0.24 grad=36.66761 horizon=100->140 lifetime=[493,1154] skipped=False
2026-08-30 03:03:19,194 | INFO | step=1210/20000 loss=-0.2497364 nll=-0.2519263 kl=0.0034528 consistency=0.01354349 lambda=0.1 beta=0.242 grad=17.97969 horizon=220->260 lifetime=[479,1081] skipped=False
2026-08-30 03:03:19,998 | INFO | step=1220/20000 loss=0.3177582 nll=0.312543 kl=0.02026278 consistency=0.002710613 lambda=0.1 beta=0.244 grad=44.14757 horizon=240->280 lifetime=[458,856] skipped=False
2026-08-30 03:03:20,787 | INFO | step=1230/20000 loss=0.5561286 nll=0.5494641 kl=0.02404286 consistency=0.007499322 lambda=0.1 beta=0.246 grad=38.02398 horizon=200->240 lifetime=[476,988] skipped=False
2026-08-30 03:03:21,557 | INFO | step=1240/20000 loss=0.1745831 nll=0.1709325 kl=0.006520994 consistency=0.02033392 lambda=0.1 beta=0.248 grad=29.60828 horizon=220->260 lifetime=[467,1076] skipped=False
2026-08-30 03:03:22,399 | INFO | step=1250/20000 loss=-0.1052258 nll=-0.107452 kl=0.008494901 consistency=0.001024723 lambda=0.1 beta=0.25 grad=23.65568 horizon=240->280 lifetime=[455,1152] skipped=False
2026-08-30 03:03:23,241 | INFO | step=1260/20000 loss=-0.6539912 nll=-0.6555266 kl=0.004383795 consistency=0.004306428 lambda=0.1 beta=0.252 grad=10.07028 horizon=240->280 lifetime=[460,942] skipped=False
2026-08-30 03:03:24,001 | INFO | step=1270/20000 loss=-0.593896 nll=-0.5958886 kl=0.005844357 consistency=0.005080793 lambda=0.1 beta=0.254 grad=17.59254 horizon=180->220 lifetime=[464,1045] skipped=False
2026-08-30 03:03:24,704 | INFO | step=1280/20000 loss=-0.8463886 nll=-0.8514739 kl=0.01895069 consistency=0.002339005 lambda=0.1 beta=0.256 grad=18.23583 horizon=220->260 lifetime=[299,856] skipped=False
2026-08-30 03:03:25,482 | INFO | step=1290/20000 loss=-0.3811141 nll=-0.3866153 kl=0.01457711 consistency=0.01740347 lambda=0.1 beta=0.258 grad=29.60851 horizon=140->180 lifetime=[476,988] skipped=False
2026-08-30 03:03:26,254 | INFO | step=1300/20000 loss=-0.4793775 nll=-0.4831189 kl=0.005519541 consistency=0.02306344 lambda=0.1 beta=0.26 grad=34.8894 horizon=180->220 lifetime=[437,991] skipped=False
2026-08-30 03:03:27,064 | INFO | step=1310/20000 loss=-0.4118379 nll=-0.4157892 kl=0.008925692 consistency=0.01612734 lambda=0.1 beta=0.262 grad=21.02616 horizon=200->240 lifetime=[443,1007] skipped=False
2026-08-30 03:03:27,817 | INFO | step=1320/20000 loss=0.4186261 nll=0.397432 kl=0.01624854 consistency=0.1690448 lambda=0.1 beta=0.264 grad=39.78829 horizon=100->140 lifetime=[470,1932] skipped=False
2026-08-30 03:03:28,588 | INFO | step=1330/20000 loss=-0.8035058 nll=-0.8049703 kl=0.003610506 consistency=0.005040139 lambda=0.1 beta=0.266 grad=13.53013 horizon=220->260 lifetime=[460,930] skipped=False
2026-08-30 03:03:29,350 | INFO | step=1340/20000 loss=-0.338875 nll=-0.3416818 kl=0.006249373 consistency=0.0113196 lambda=0.1 beta=0.268 grad=38.46937 horizon=240->280 lifetime=[465,1154] skipped=False
2026-08-30 03:03:30,123 | INFO | step=1350/20000 loss=0.1149061 nll=0.1123755 kl=0.008139805 consistency=0.003328256 lambda=0.1 beta=0.27 grad=66.45396 horizon=260->300 lifetime=[453,1007] skipped=False
2026-08-30 03:03:30,898 | INFO | step=1360/20000 loss=-0.1036024 nll=-0.1069465 kl=0.01125043 consistency=0.002839224 lambda=0.1 beta=0.272 grad=25.30968 horizon=240->280 lifetime=[559,1156] skipped=False
2026-08-30 03:03:31,728 | INFO | step=1370/20000 loss=-0.5731561 nll=-0.5753321 kl=0.006827055 consistency=0.003053978 lambda=0.1 beta=0.274 grad=19.48919 horizon=200->240 lifetime=[461,1012] skipped=False
2026-08-30 03:03:32,521 | INFO | step=1380/20000 loss=-0.4185989 nll=-0.4216782 kl=0.007366253 consistency=0.01046206 lambda=0.1 beta=0.276 grad=16.65692 horizon=120->160 lifetime=[465,1025] skipped=False
2026-08-30 03:03:33,401 | INFO | step=1390/20000 loss=-0.6746716 nll=-0.6759708 kl=0.003471 consistency=0.003342275 lambda=0.1 beta=0.278 grad=9.940773 horizon=220->260 lifetime=[465,1052] skipped=False
2026-08-30 03:03:34,148 | INFO | step=1400/20000 loss=0.3252671 nll=0.3036738 kl=0.0601493 consistency=0.04751524 lambda=0.1 beta=0.28 grad=18.01749 horizon=120->160 lifetime=[750,1076] skipped=False
2026-08-30 03:03:34,904 | INFO | step=1410/20000 loss=0.03301737 nll=0.009563521 kl=0.04035491 consistency=0.1207376 lambda=0.1 beta=0.282 grad=13.47532 horizon=100->140 lifetime=[526,1076] skipped=False
2026-08-30 03:03:35,749 | INFO | step=1420/20000 loss=0.5113332 nll=0.5079197 kl=0.009550651 consistency=0.007011123 lambda=0.1 beta=0.284 grad=84.33337 horizon=240->280 lifetime=[484,1932] skipped=False
2026-08-30 03:03:36,532 | INFO | step=1430/20000 loss=-0.004928287 nll=-0.007119969 kl=0.006645571 consistency=0.002910486 lambda=0.1 beta=0.286 grad=58.0859 horizon=240->280 lifetime=[486,2154] skipped=False
2026-08-30 03:03:37,355 | INFO | step=1440/20000 loss=0.5773304 nll=0.5627793 kl=0.009341361 consistency=0.118608 lambda=0.1 beta=0.288 grad=28.92768 horizon=120->160 lifetime=[484,1156] skipped=False
2026-08-30 03:03:38,082 | INFO | step=1450/20000 loss=0.0943663 nll=0.07793689 kl=0.01633259 consistency=0.1169297 lambda=0.1 beta=0.29 grad=11.41974 horizon=100->140 lifetime=[671,2154] skipped=False
2026-08-30 03:03:38,891 | INFO | step=1460/20000 loss=0.8946418 nll=0.8798718 kl=0.01605927 consistency=0.1008074 lambda=0.1 beta=0.292 grad=40.68901 horizon=120->160 lifetime=[671,1932] skipped=False
2026-08-30 03:03:39,582 | INFO | step=1470/20000 loss=1.368908 nll=1.367415 kl=0.003765314 consistency=0.003861144 lambda=0.1 beta=0.294 grad=90.87706 horizon=180->220 lifetime=[460,770] skipped=False
2026-08-30 03:03:40,353 | INFO | step=1480/20000 loss=-0.2334278 nll=-0.2363383 kl=0.009278013 consistency=0.001641882 lambda=0.1 beta=0.296 grad=57.89653 horizon=220->260 lifetime=[470,1858] skipped=False
2026-08-30 03:03:41,131 | INFO | step=1490/20000 loss=-0.5199194 nll=-0.5256689 kl=0.01825634 consistency=0.003091312 lambda=0.1 beta=0.298 grad=13.42265 horizon=260->300 lifetime=[453,1635] skipped=False
2026-08-30 03:03:42,191 | INFO | validation step=1500 rmse=151.8065 best=151.8065@1500 stale=0/10
2026-08-30 03:03:42,191 | INFO | step=1500/20000 loss=0.3772854 nll=0.3713367 kl=0.004163423 consistency=0.04699687 lambda=0.1 beta=0.3 grad=58.27043 horizon=120->160 lifetime=[443,1858] skipped=False
2026-08-30 03:03:43,021 | INFO | step=1510/20000 loss=-0.7081791 nll=-0.7098745 kl=0.003830613 consistency=0.005386546 lambda=0.1 beta=0.302 grad=22.59394 horizon=180->220 lifetime=[460,1152] skipped=False
2026-08-30 03:03:43,891 | INFO | step=1520/20000 loss=0.1151467 nll=0.1110256 kl=0.009498162 consistency=0.0123369 lambda=0.1 beta=0.304 grad=59.7219 horizon=160->200 lifetime=[464,909] skipped=False
2026-08-30 03:03:44,682 | INFO | step=1530/20000 loss=-0.07918482 nll=-0.0836927 kl=0.01356462 consistency=0.003571048 lambda=0.1 beta=0.306 grad=27.47453 horizon=200->240 lifetime=[443,1045] skipped=False
2026-08-30 03:03:45,404 | INFO | step=1540/20000 loss=0.1563003 nll=0.1536101 kl=0.007421327 consistency=0.004044652 lambda=0.1 beta=0.308 grad=65.9842 horizon=160->200 lifetime=[458,1052] skipped=False
2026-08-30 03:03:46,143 | INFO | step=1550/20000 loss=0.1826017 nll=0.1754048 kl=0.007189127 consistency=0.04968316 lambda=0.1 beta=0.31 grad=42.45742 horizon=160->200 lifetime=[476,1152] skipped=False
2026-08-30 03:03:46,890 | INFO | step=1560/20000 loss=-0.1481502 nll=-0.1548563 kl=0.01808987 consistency=0.01062111 lambda=0.1 beta=0.312 grad=41.34747 horizon=200->240 lifetime=[476,1932] skipped=False
2026-08-30 03:03:47,642 | INFO | step=1570/20000 loss=1.420829 nll=1.419066 kl=0.004765023 consistency=0.002670873 lambda=0.1 beta=0.314 grad=150.1888 horizon=180->220 lifetime=[437,1007] skipped=False
2026-08-30 03:03:48,400 | INFO | step=1580/20000 loss=-0.4581644 nll=-0.4633969 kl=0.01587294 consistency=0.002166763 lambda=0.1 beta=0.316 grad=21.0436 horizon=220->260 lifetime=[476,860] skipped=False
2026-08-30 03:03:49,178 | INFO | step=1590/20000 loss=-0.1380066 nll=-0.1507622 kl=0.007762216 consistency=0.1028729 lambda=0.1 beta=0.318 grad=12.51861 horizon=120->160 lifetime=[467,1635] skipped=False
2026-08-30 03:03:49,996 | INFO | step=1600/20000 loss=-0.1815595 nll=-0.186606 kl=0.01400597 consistency=0.005645931 lambda=0.1 beta=0.32 grad=49.15001 horizon=240->280 lifetime=[437,1858] skipped=False
2026-08-30 03:03:50,821 | INFO | step=1610/20000 loss=-0.5941466 nll=-0.5998355 kl=0.01457962 consistency=0.0099428 lambda=0.1 beta=0.322 grad=41.93014 horizon=140->180 lifetime=[461,942] skipped=False
2026-08-30 03:03:51,553 | INFO | step=1620/20000 loss=0.1444707 nll=0.1421891 kl=0.00308887 consistency=0.0128078 lambda=0.1 beta=0.324 grad=60.67929 horizon=160->200 lifetime=[510,1076] skipped=False
2026-08-30 03:03:52,370 | INFO | step=1630/20000 loss=0.2926527 nll=0.2900465 kl=0.006877811 consistency=0.003640249 lambda=0.1 beta=0.326 grad=36.94518 horizon=240->280 lifetime=[453,2154] skipped=False
2026-08-30 03:03:53,106 | INFO | step=1640/20000 loss=0.4755968 nll=0.4586362 kl=0.0136337 consistency=0.1248871 lambda=0.1 beta=0.328 grad=75.84305 horizon=100->140 lifetime=[443,1154] skipped=False
2026-08-30 03:03:53,892 | INFO | step=1650/20000 loss=0.02725136 nll=0.001782719 kl=0.03267341 consistency=0.1468641 lambda=0.1 beta=0.33 grad=30.71299 horizon=100->140 lifetime=[465,1152] skipped=False
2026-08-30 03:03:54,701 | INFO | step=1660/20000 loss=-0.2806648 nll=-0.2838159 kl=0.008749324 consistency=0.002462614 lambda=0.1 beta=0.332 grad=12.76434 horizon=160->200 lifetime=[484,1635] skipped=False
2026-08-30 03:03:55,436 | INFO | step=1670/20000 loss=-0.4306597 nll=-0.4326689 kl=0.004698595 consistency=0.004398882 lambda=0.1 beta=0.334 grad=40.5871 horizon=200->240 lifetime=[470,1038] skipped=False
2026-08-30 03:03:56,197 | INFO | step=1680/20000 loss=-0.5227458 nll=-0.5252226 kl=0.002456408 consistency=0.01651484 lambda=0.1 beta=0.336 grad=58.73538 horizon=200->240 lifetime=[482,1091] skipped=False
2026-08-30 03:03:56,985 | INFO | step=1690/20000 loss=0.2168521 nll=0.2026048 kl=0.01689404 consistency=0.08537097 lambda=0.1 beta=0.338 grad=75.1645 horizon=100->140 lifetime=[464,1055] skipped=False
2026-08-30 03:03:57,716 | INFO | step=1700/20000 loss=1.431239 nll=1.424069 kl=0.004787039 consistency=0.0554241 lambda=0.1 beta=0.34 grad=78.87286 horizon=180->220 lifetime=[614,1091] skipped=False
2026-08-30 03:03:58,540 | INFO | step=1710/20000 loss=-0.250477 nll=-0.2539693 kl=0.00976672 consistency=0.001521242 lambda=0.1 beta=0.342 grad=35.89759 horizon=240->280 lifetime=[460,1154] skipped=False
2026-08-30 03:03:59,338 | INFO | step=1720/20000 loss=-0.3067947 nll=-0.3086978 kl=0.003712766 consistency=0.006259283 lambda=0.1 beta=0.344 grad=15.3809 horizon=200->240 lifetime=[458,1858] skipped=False
2026-08-30 03:04:00,121 | INFO | step=1730/20000 loss=0.5195212 nll=0.5043906 kl=0.03159456 consistency=0.04198916 lambda=0.1 beta=0.346 grad=95.92846 horizon=100->140 lifetime=[453,858] skipped=False
2026-08-30 03:04:00,923 | INFO | step=1740/20000 loss=-0.350853 nll=-0.355217 kl=0.006117779 consistency=0.0223504 lambda=0.1 beta=0.348 grad=8.896317 horizon=140->180 lifetime=[299,1081] skipped=False
2026-08-30 03:04:01,700 | INFO | step=1750/20000 loss=0.04108955 nll=0.03987161 kl=0.002735548 consistency=0.002605051 lambda=0.1 beta=0.35 grad=63.31202 horizon=260->300 lifetime=[491,1052] skipped=False
2026-08-30 03:04:02,433 | INFO | step=1760/20000 loss=-0.166181 nll=-0.1689011 kl=0.005894288 consistency=0.006452501 lambda=0.1 beta=0.352 grad=23.81807 horizon=180->220 lifetime=[458,1858] skipped=False
2026-08-30 03:04:03,185 | INFO | step=1770/20000 loss=-0.2471702 nll=-0.2540344 kl=0.009229496 consistency=0.03596938 lambda=0.1 beta=0.354 grad=18.69042 horizon=120->160 lifetime=[467,1000] skipped=False
2026-08-30 03:04:03,964 | INFO | step=1780/20000 loss=0.4499999 nll=0.4477034 kl=0.005738536 consistency=0.002535895 lambda=0.1 beta=0.356 grad=74.18506 horizon=260->300 lifetime=[497,1154] skipped=False
2026-08-30 03:04:04,668 | INFO | step=1790/20000 loss=0.6106858 nll=0.5980605 kl=0.009513717 consistency=0.09219387 lambda=0.1 beta=0.358 grad=34.79575 horizon=100->140 lifetime=[453,1000] skipped=False
2026-08-30 03:04:05,486 | INFO | step=1800/20000 loss=-0.1015087 nll=-0.1028636 kl=0.002733025 consistency=0.003710395 lambda=0.1 beta=0.36 grad=23.36832 horizon=260->300 lifetime=[460,1152] skipped=False
2026-08-30 03:04:06,230 | INFO | step=1810/20000 loss=0.1623355 nll=0.1587667 kl=0.007929949 consistency=0.006981745 lambda=0.1 beta=0.362 grad=58.4911 horizon=240->280 lifetime=[460,1154] skipped=False
2026-08-30 03:04:07,003 | INFO | step=1820/20000 loss=-0.006618038 nll=-0.01991273 kl=0.00327977 consistency=0.1210086 lambda=0.1 beta=0.364 grad=20.54349 horizon=120->160 lifetime=[486,1635] skipped=False
2026-08-30 03:04:07,784 | INFO | step=1830/20000 loss=-0.2507466 nll=-0.2520376 kl=0.002936944 consistency=0.002160445 lambda=0.1 beta=0.366 grad=35.81343 horizon=220->260 lifetime=[476,1858] skipped=False
2026-08-30 03:04:08,502 | INFO | step=1840/20000 loss=0.05701704 nll=0.05264996 kl=0.008809105 consistency=0.01125335 lambda=0.1 beta=0.368 grad=40.62134 horizon=160->200 lifetime=[465,1076] skipped=False
2026-08-30 03:04:09,223 | INFO | step=1850/20000 loss=0.5809699 nll=0.564796 kl=0.005468036 consistency=0.1415069 lambda=0.1 beta=0.37 grad=71.14841 horizon=100->140 lifetime=[299,942] skipped=False
2026-08-30 03:04:09,933 | INFO | step=1860/20000 loss=-0.1838429 nll=-0.187192 kl=0.003909493 consistency=0.01894696 lambda=0.1 beta=0.372 grad=13.28159 horizon=120->160 lifetime=[437,1091] skipped=False
2026-08-30 03:04:10,837 | INFO | step=1870/20000 loss=-0.08473719 nll=-0.087027 kl=0.005625362 consistency=0.001859316 lambda=0.1 beta=0.374 grad=34.89744 horizon=220->260 lifetime=[464,1025] skipped=False
2026-08-30 03:04:11,668 | INFO | step=1880/20000 loss=-0.5893987 nll=-0.5976226 kl=0.01373879 consistency=0.03058187 lambda=0.1 beta=0.376 grad=11.71812 horizon=120->160 lifetime=[437,1049] skipped=False
2026-08-30 03:04:12,407 | INFO | step=1890/20000 loss=0.4055801 nll=0.3926551 kl=0.006109286 consistency=0.1061561 lambda=0.1 beta=0.378 grad=58.38771 horizon=100->140 lifetime=[460,1081] skipped=False
2026-08-30 03:04:13,187 | INFO | step=1900/20000 loss=0.518757 nll=0.513846 kl=0.01189109 consistency=0.00392408 lambda=0.1 beta=0.38 grad=73.15156 horizon=180->220 lifetime=[443,1154] skipped=False
2026-08-30 03:04:13,941 | INFO | step=1910/20000 loss=-0.5154507 nll=-0.520382 kl=0.008167927 consistency=0.0181129 lambda=0.1 beta=0.382 grad=32.70604 horizon=160->200 lifetime=[437,1091] skipped=False
2026-08-30 03:04:14,704 | INFO | step=1920/20000 loss=-0.3321352 nll=-0.3373021 kl=0.01066454 consistency=0.01071776 lambda=0.1 beta=0.384 grad=15.68364 horizon=240->280 lifetime=[467,1154] skipped=False
2026-08-30 03:04:15,490 | INFO | step=1930/20000 loss=-0.4608042 nll=-0.4627765 kl=0.002791842 consistency=0.008946571 lambda=0.1 beta=0.386 grad=56.03363 horizon=240->280 lifetime=[501,1038] skipped=False
2026-08-30 03:04:16,310 | INFO | step=1940/20000 loss=-0.4908154 nll=-0.4967183 kl=0.004636885 consistency=0.04103777 lambda=0.1 beta=0.388 grad=30.56915 horizon=120->160 lifetime=[453,1932] skipped=False
2026-08-30 03:04:17,123 | INFO | step=1950/20000 loss=-0.3612519 nll=-0.3720298 kl=0.0157863 consistency=0.04621219 lambda=0.1 beta=0.39 grad=52.20522 horizon=180->220 lifetime=[299,1152] skipped=False
2026-08-30 03:04:17,898 | INFO | step=1960/20000 loss=-0.3969843 nll=-0.4014013 kl=0.01057333 consistency=0.002721924 lambda=0.1 beta=0.392 grad=56.76373 horizon=240->280 lifetime=[508,1091] skipped=False
2026-08-30 03:04:18,670 | INFO | step=1970/20000 loss=-0.08894105 nll=-0.09247576 kl=0.00312216 consistency=0.02304584 lambda=0.1 beta=0.394 grad=59.53001 horizon=140->180 lifetime=[453,1635] skipped=False
2026-08-30 03:04:19,458 | INFO | step=1980/20000 loss=-0.266005 nll=-0.271888 kl=0.006341187 consistency=0.03371914 lambda=0.1 beta=0.396 grad=14.65804 horizon=160->200 lifetime=[462,1858] skipped=False
2026-08-30 03:04:20,226 | INFO | step=1990/20000 loss=1.278688 nll=1.272912 kl=0.01166019 consistency=0.01135074 lambda=0.1 beta=0.398 grad=245.2811 horizon=140->180 lifetime=[486,1932] skipped=False
2026-08-30 03:04:21,310 | INFO | validation step=2000 rmse=138.9558 best=138.9558@2000 stale=0/10
2026-08-30 03:04:21,310 | INFO | step=2000/20000 loss=-0.7073985 nll=-0.7085115 kl=0.0021862 consistency=0.00238505 lambda=0.1 beta=0.4 grad=13.01048 horizon=200->240 lifetime=[461,988] skipped=False
2026-08-30 03:04:22,135 | INFO | step=2010/20000 loss=0.08832981 nll=0.07811172 kl=0.01213096 consistency=0.05341437 lambda=0.1 beta=0.402 grad=36.30386 horizon=100->140 lifetime=[428,1152] skipped=False
2026-08-30 03:04:22,910 | INFO | step=2020/20000 loss=-0.03803002 nll=-0.04044709 kl=0.005677955 consistency=0.001231709 lambda=0.1 beta=0.404 grad=100.6464 horizon=240->280 lifetime=[470,988] skipped=False
2026-08-30 03:04:23,718 | INFO | step=2030/20000 loss=-0.7602725 nll=-0.7630476 kl=0.006257758 consistency=0.002344564 lambda=0.1 beta=0.406 grad=38.60014 horizon=240->280 lifetime=[299,930] skipped=False
2026-08-30 03:04:24,534 | INFO | step=2040/20000 loss=0.06566237 nll=0.06397294 kl=0.003777638 consistency=0.001481548 lambda=0.1 beta=0.408 grad=93.14947 horizon=240->280 lifetime=[443,1052] skipped=False
2026-08-30 03:04:25,231 | INFO | step=2050/20000 loss=0.9240192 nll=0.9109437 kl=0.006322513 consistency=0.104833 lambda=0.1 beta=0.41 grad=85.24043 horizon=100->140 lifetime=[533,1081] skipped=False
2026-08-30 03:04:25,983 | INFO | step=2060/20000 loss=-0.2705633 nll=-0.2724422 kl=0.003081704 consistency=0.006092582 lambda=0.1 beta=0.412 grad=68.7757 horizon=260->300 lifetime=[443,964] skipped=False
2026-08-30 03:04:26,729 | INFO | step=2070/20000 loss=0.2814943 nll=0.2763525 kl=0.00550202 consistency=0.02863951 lambda=0.1 beta=0.414 grad=36.86423 horizon=140->180 lifetime=[614,1858] skipped=False
2026-08-30 03:04:27,558 | INFO | step=2080/20000 loss=0.4468276 nll=0.437992 kl=0.005390051 consistency=0.06593298 lambda=0.1 beta=0.416 grad=38.20294 horizon=100->140 lifetime=[505,988] skipped=False
2026-08-30 03:04:28,303 | INFO | step=2090/20000 loss=-0.918346 nll=-0.9197085 kl=0.003070131 consistency=0.0007913262 lambda=0.1 beta=0.418 grad=17.83283 horizon=260->300 lifetime=[455,915] skipped=False
2026-08-30 03:04:29,170 | INFO | step=2100/20000 loss=-0.1689966 nll=-0.1722424 kl=0.006044375 consistency=0.007072046 lambda=0.1 beta=0.42 grad=35.4973 horizon=240->280 lifetime=[476,2154] skipped=False
2026-08-30 03:04:29,920 | INFO | step=2110/20000 loss=-0.07924627 nll=-0.1027768 kl=0.005186608 consistency=0.2134181 lambda=0.1 beta=0.422 grad=73.33727 horizon=100->140 lifetime=[428,1012] skipped=False
2026-08-30 03:04:30,704 | INFO | step=2120/20000 loss=-0.328987 nll=-0.3309959 kl=0.003846491 consistency=0.003779755 lambda=0.1 beta=0.424 grad=70.90896 horizon=260->300 lifetime=[443,1049] skipped=False
2026-08-30 03:04:31,475 | INFO | step=2130/20000 loss=-0.9848302 nll=-0.9904308 kl=0.01201401 consistency=0.004826138 lambda=0.1 beta=0.426 grad=49.94558 horizon=180->220 lifetime=[460,930] skipped=False
2026-08-30 03:04:32,331 | INFO | step=2140/20000 loss=0.2606654 nll=0.2587939 kl=0.003501057 consistency=0.003730021 lambda=0.1 beta=0.428 grad=77.57027 horizon=180->220 lifetime=[437,1000] skipped=False
2026-08-30 03:04:33,119 | INFO | step=2150/20000 loss=-0.08031587 nll=-0.08402137 kl=0.003142633 consistency=0.02354171 lambda=0.1 beta=0.43 grad=42.70762 horizon=140->180 lifetime=[428,1635] skipped=False
2026-08-30 03:04:33,942 | INFO | step=2160/20000 loss=0.5798028 nll=0.5778534 kl=0.003104176 consistency=0.006083265 lambda=0.1 beta=0.432 grad=31.72651 horizon=240->280 lifetime=[428,1091] skipped=False
2026-08-30 03:04:34,704 | INFO | step=2170/20000 loss=-0.2303976 nll=-0.2414141 kl=0.01214312 consistency=0.05746353 lambda=0.1 beta=0.434 grad=42.6043 horizon=120->160 lifetime=[464,1156] skipped=False
2026-08-30 03:04:35,509 | INFO | step=2180/20000 loss=-0.4959114 nll=-0.5003749 kl=0.004750885 consistency=0.0239206 lambda=0.1 beta=0.436 grad=46.78425 horizon=160->200 lifetime=[428,1045] skipped=False
2026-08-30 03:04:36,302 | INFO | step=2190/20000 loss=-0.4024267 nll=-0.4110273 kl=0.009557301 consistency=0.04414557 lambda=0.1 beta=0.438 grad=20.25979 horizon=240->280 lifetime=[299,1635] skipped=False
2026-08-30 03:04:37,099 | INFO | step=2200/20000 loss=0.5893753 nll=0.5861735 kl=0.003623013 consistency=0.01607682 lambda=0.1 beta=0.44 grad=72.08937 horizon=240->280 lifetime=[443,1081] skipped=False
2026-08-30 03:04:37,893 | INFO | step=2210/20000 loss=0.1172727 nll=0.1098295 kl=0.009817839 consistency=0.03103653 lambda=0.1 beta=0.442 grad=36.21189 horizon=140->180 lifetime=[486,1858] skipped=False
2026-08-30 03:04:38,567 | INFO | step=2220/20000 loss=-0.2189375 nll=-0.230969 kl=0.01131154 consistency=0.07009184 lambda=0.1 beta=0.444 grad=58.44098 horizon=140->180 lifetime=[437,2154] skipped=False
2026-08-30 03:04:39,430 | INFO | step=2230/20000 loss=0.08308374 nll=0.06936412 kl=0.008660964 consistency=0.09856826 lambda=0.1 beta=0.446 grad=18.90981 horizon=120->160 lifetime=[497,1932] skipped=False
2026-08-30 03:04:40,195 | INFO | step=2240/20000 loss=-0.5919626 nll=-0.5996739 kl=0.008126802 consistency=0.04070443 lambda=0.1 beta=0.448 grad=31.95684 horizon=140->180 lifetime=[464,1635] skipped=False
2026-08-30 03:04:40,960 | INFO | step=2250/20000 loss=-0.3561074 nll=-0.3591309 kl=0.005505974 consistency=0.005457168 lambda=0.1 beta=0.45 grad=92.1404 horizon=260->300 lifetime=[467,1049] skipped=False
2026-08-30 03:04:41,791 | INFO | step=2260/20000 loss=0.7710924 nll=0.7598576 kl=0.005112746 consistency=0.08923876 lambda=0.1 beta=0.452 grad=120.7383 horizon=100->140 lifetime=[486,938] skipped=False
2026-08-30 03:04:42,580 | INFO | step=2270/20000 loss=-0.6288379 nll=-0.6322527 kl=0.003773275 consistency=0.01701684 lambda=0.1 beta=0.454 grad=31.39288 horizon=160->200 lifetime=[484,1076] skipped=False
2026-08-30 03:04:43,351 | INFO | step=2280/20000 loss=-0.4810154 nll=-0.4844843 kl=0.002032194 consistency=0.02542186 lambda=0.1 beta=0.456 grad=36.06244 horizon=160->200 lifetime=[428,1635] skipped=False
2026-08-30 03:04:44,112 | INFO | step=2290/20000 loss=0.753865 nll=0.7509344 kl=0.003022083 consistency=0.01546517 lambda=0.1 beta=0.458 grad=75.66978 horizon=160->200 lifetime=[458,1635] skipped=False
2026-08-30 03:04:44,912 | INFO | step=2300/20000 loss=0.5051935 nll=0.5028892 kl=0.004038785 consistency=0.004464933 lambda=0.1 beta=0.46 grad=92.08033 horizon=220->260 lifetime=[453,1012] skipped=False
2026-08-30 03:04:45,709 | INFO | step=2310/20000 loss=-0.3931552 nll=-0.3946878 kl=0.001977347 consistency=0.00619008 lambda=0.1 beta=0.462 grad=66.71793 horizon=220->260 lifetime=[493,1091] skipped=False
2026-08-30 03:04:46,491 | INFO | step=2320/20000 loss=-0.8311858 nll=-0.8330528 kl=0.00373004 consistency=0.001362804 lambda=0.1 beta=0.464 grad=42.22625 horizon=220->260 lifetime=[299,988] skipped=False
2026-08-30 03:04:47,305 | INFO | step=2330/20000 loss=0.3263151 nll=0.319355 kl=0.0042686 consistency=0.04970852 lambda=0.1 beta=0.466 grad=54.75005 horizon=100->140 lifetime=[476,1081] skipped=False
2026-08-30 03:04:48,096 | INFO | step=2340/20000 loss=-0.3011273 nll=-0.3123134 kl=0.001388409 consistency=0.1053638 lambda=0.1 beta=0.468 grad=47.98538 horizon=160->200 lifetime=[467,1152] skipped=False
2026-08-30 03:04:48,944 | INFO | step=2350/20000 loss=1.278925 nll=1.269894 kl=0.003085732 consistency=0.07581462 lambda=0.1 beta=0.47 grad=193.89 horizon=160->200 lifetime=[428,1932] skipped=False
2026-08-30 03:04:49,764 | INFO | step=2360/20000 loss=-0.5615544 nll=-0.5628076 kl=0.002140125 consistency=0.002429484 lambda=0.1 beta=0.472 grad=65.5307 horizon=260->300 lifetime=[491,1015] skipped=False
2026-08-30 03:04:50,595 | INFO | step=2370/20000 loss=-0.5952244 nll=-0.5975249 kl=0.002405802 consistency=0.01160081 lambda=0.1 beta=0.474 grad=39.6342 horizon=200->240 lifetime=[461,988] skipped=False
2026-08-30 03:04:51,423 | INFO | step=2380/20000 loss=0.9546906 nll=0.9534593 kl=0.001550959 consistency=0.004930477 lambda=0.1 beta=0.476 grad=123.3968 horizon=220->260 lifetime=[476,1081] skipped=False
2026-08-30 03:04:52,259 | INFO | step=2390/20000 loss=-0.8021442 nll=-0.8067757 kl=0.005991798 consistency=0.0176734 lambda=0.1 beta=0.478 grad=22.10924 horizon=180->220 lifetime=[462,1045] skipped=False
2026-08-30 03:04:53,046 | INFO | step=2400/20000 loss=-0.8351464 nll=-0.8378829 kl=0.002123117 consistency=0.0171753 lambda=0.1 beta=0.48 grad=22.41309 horizon=240->280 lifetime=[479,1049] skipped=False
2026-08-30 03:04:53,891 | INFO | step=2410/20000 loss=-0.8335943 nll=-0.8366264 kl=0.005003147 consistency=0.006206111 lambda=0.1 beta=0.482 grad=34.1674 horizon=160->200 lifetime=[437,1045] skipped=False
2026-08-30 03:04:54,637 | INFO | step=2420/20000 loss=-0.6223454 nll=-0.6269149 kl=0.008474234 consistency=0.004679263 lambda=0.1 beta=0.484 grad=25.25759 horizon=140->180 lifetime=[482,1156] skipped=False
2026-08-30 03:04:55,407 | INFO | step=2430/20000 loss=-0.3627974 nll=-0.3742265 kl=0.007515989 consistency=0.07776283 lambda=0.1 beta=0.486 grad=27.17717 horizon=100->140 lifetime=[486,1858] skipped=False
2026-08-30 03:04:56,195 | INFO | step=2440/20000 loss=-0.6218871 nll=-0.6284324 kl=0.01110999 consistency=0.01123597 lambda=0.1 beta=0.488 grad=27.32995 horizon=220->260 lifetime=[484,1932] skipped=False
2026-08-30 03:04:56,905 | INFO | step=2450/20000 loss=-0.1743615 nll=-0.1982435 kl=0.02609163 consistency=0.1109709 lambda=0.1 beta=0.49 grad=68.3035 horizon=100->140 lifetime=[428,1076] skipped=False
2026-08-30 03:04:57,647 | INFO | step=2460/20000 loss=0.1036579 nll=0.1015521 kl=0.002337698 consistency=0.009556979 lambda=0.1 beta=0.492 grad=152.9711 horizon=180->220 lifetime=[486,1052] skipped=False
2026-08-30 03:04:58,446 | INFO | step=2470/20000 loss=0.1523709 nll=0.1502662 kl=0.003854912 consistency=0.002004161 lambda=0.1 beta=0.494 grad=108.8118 horizon=200->240 lifetime=[501,1858] skipped=False
2026-08-30 03:04:59,248 | INFO | step=2480/20000 loss=-0.6501209 nll=-0.6530483 kl=0.005424105 consistency=0.002370957 lambda=0.1 beta=0.496 grad=23.36797 horizon=200->240 lifetime=[491,988] skipped=False
2026-08-30 03:04:59,938 | INFO | step=2490/20000 loss=-0.07717698 nll=-0.09772837 kl=0.006575707 consistency=0.1727669 lambda=0.1 beta=0.498 grad=27.3185 horizon=100->140 lifetime=[461,1635] skipped=False
2026-08-30 03:05:00,985 | INFO | validation step=2500 rmse=161.7231 best=138.9558@2000 stale=1/10
2026-08-30 03:05:00,985 | INFO | step=2500/20000 loss=0.2539867 nll=0.2512237 kl=0.002696782 consistency=0.01414593 lambda=0.1 beta=0.5 grad=164.9283 horizon=180->220 lifetime=[476,913] skipped=False
2026-08-30 03:05:01,947 | INFO | step=2510/20000 loss=-0.634517 nll=-0.6372997 kl=0.005324598 consistency=0.001097202 lambda=0.1 beta=0.502 grad=27.09702 horizon=260->300 lifetime=[443,2154] skipped=False
2026-08-30 03:05:02,761 | INFO | step=2520/20000 loss=1.02596 nll=1.024239 kl=0.001494259 consistency=0.009675102 lambda=0.1 beta=0.504 grad=122.3536 horizon=180->220 lifetime=[465,1045] skipped=False
2026-08-30 03:05:03,586 | INFO | step=2530/20000 loss=-0.3466487 nll=-0.3500901 kl=0.004742451 consistency=0.01041725 lambda=0.1 beta=0.506 grad=59.65985 horizon=260->300 lifetime=[443,1038] skipped=False
2026-08-30 03:05:04,420 | INFO | step=2540/20000 loss=-0.2638183 nll=-0.2652188 kl=0.00134672 consistency=0.007163682 lambda=0.1 beta=0.508 grad=72.15532 horizon=240->280 lifetime=[476,1154] skipped=False
2026-08-30 03:05:05,156 | INFO | step=2550/20000 loss=-0.4121748 nll=-0.4220342 kl=0.002033726 consistency=0.08822187 lambda=0.1 beta=0.51 grad=54.06979 horizon=140->180 lifetime=[458,1152] skipped=False
2026-08-30 03:05:05,978 | INFO | step=2560/20000 loss=0.1067927 nll=0.1013601 kl=0.003596166 consistency=0.03591424 lambda=0.1 beta=0.512 grad=156.2681 horizon=220->260 lifetime=[467,1932] skipped=False
2026-08-30 03:05:06,715 | INFO | step=2570/20000 loss=-0.8187351 nll=-0.8208173 kl=0.002682068 consistency=0.007035822 lambda=0.1 beta=0.514 grad=17.81922 horizon=240->280 lifetime=[455,1081] skipped=False
2026-08-30 03:05:07,533 | INFO | step=2580/20000 loss=0.6001559 nll=0.5830818 kl=0.005419268 consistency=0.1427778 lambda=0.1 beta=0.516 grad=77.65821 horizon=100->140 lifetime=[443,1635] skipped=False
2026-08-30 03:05:08,262 | INFO | step=2590/20000 loss=0.2384617 nll=0.2324158 kl=0.002493969 consistency=0.0475398 lambda=0.1 beta=0.518 grad=95.6302 horizon=160->200 lifetime=[470,1000] skipped=False
2026-08-30 03:05:09,033 | INFO | step=2600/20000 loss=-0.5344858 nll=-0.5366639 kl=0.002268097 consistency=0.009987494 lambda=0.1 beta=0.52 grad=49.00398 horizon=200->240 lifetime=[500,1154] skipped=False
2026-08-30 03:05:09,852 | INFO | step=2610/20000 loss=-0.1719206 nll=-0.1752023 kl=0.004601251 consistency=0.008798659 lambda=0.1 beta=0.522 grad=64.2455 horizon=140->180 lifetime=[299,1081] skipped=False
2026-08-30 03:05:10,651 | INFO | step=2620/20000 loss=-0.4575447 nll=-0.4612303 kl=0.006703936 consistency=0.001727964 lambda=0.1 beta=0.524 grad=133.4235 horizon=200->240 lifetime=[453,863] skipped=False
2026-08-30 03:05:11,433 | INFO | step=2630/20000 loss=-0.05564426 nll=-0.06240055 kl=0.007323336 consistency=0.0290421 lambda=0.1 beta=0.526 grad=95.8775 horizon=140->180 lifetime=[498,1076] skipped=False
2026-08-30 03:05:12,201 | INFO | step=2640/20000 loss=-0.3255714 nll=-0.3401302 kl=0.01147236 consistency=0.08501443 lambda=0.1 beta=0.528 grad=51.61146 horizon=140->180 lifetime=[462,1091] skipped=False
2026-08-30 03:05:13,044 | INFO | step=2650/20000 loss=-0.4657933 nll=-0.4727834 kl=0.007964918 consistency=0.02768623 lambda=0.1 beta=0.53 grad=58.07495 horizon=240->280 lifetime=[501,1154] skipped=False
2026-08-30 03:05:13,787 | INFO | step=2660/20000 loss=-0.6518275 nll=-0.6538041 kl=0.003073823 consistency=0.003413971 lambda=0.1 beta=0.532 grad=13.68557 horizon=180->220 lifetime=[491,1858] skipped=False
2026-08-30 03:05:14,537 | INFO | step=2670/20000 loss=-0.5042843 nll=-0.5080628 kl=0.004581628 consistency=0.01331988 lambda=0.1 beta=0.534 grad=30.56812 horizon=120->160 lifetime=[479,1049] skipped=False
2026-08-30 03:05:15,275 | INFO | step=2680/20000 loss=-0.5110716 nll=-0.5130494 kl=0.002703298 consistency=0.005288735 lambda=0.1 beta=0.536 grad=79.03838 horizon=200->240 lifetime=[443,942] skipped=False
2026-08-30 03:05:16,028 | INFO | step=2690/20000 loss=-0.6612166 nll=-0.6633273 kl=0.003141763 consistency=0.004205316 lambda=0.1 beta=0.538 grad=49.89164 horizon=160->200 lifetime=[486,1045] skipped=False
2026-08-30 03:05:16,797 | INFO | step=2700/20000 loss=0.7508019 nll=0.7492738 kl=0.002251415 consistency=0.003123463 lambda=0.1 beta=0.54 grad=118.7113 horizon=220->260 lifetime=[458,847] skipped=False
2026-08-30 03:05:17,562 | INFO | step=2710/20000 loss=-0.6635541 nll=-0.6664149 kl=0.004523883 consistency=0.004088404 lambda=0.1 beta=0.542 grad=31.87498 horizon=220->260 lifetime=[622,942] skipped=False
2026-08-30 03:05:18,364 | INFO | step=2720/20000 loss=-0.3308152 nll=-0.3398038 kl=0.01215011 consistency=0.02378841 lambda=0.1 beta=0.544 grad=39.33262 horizon=260->300 lifetime=[460,2154] skipped=False
2026-08-30 03:05:19,119 | INFO | step=2730/20000 loss=-0.3294007 nll=-0.3439213 kl=0.006674781 consistency=0.1087621 lambda=0.1 beta=0.546 grad=10.95919 horizon=100->140 lifetime=[479,1932] skipped=False
2026-08-30 03:05:19,859 | INFO | step=2740/20000 loss=0.7935827 nll=0.7846431 kl=0.00271624 consistency=0.07451116 lambda=0.1 beta=0.548 grad=129.5676 horizon=120->160 lifetime=[497,1154] skipped=False
2026-08-30 03:05:20,598 | INFO | step=2750/20000 loss=-0.7486274 nll=-0.7516201 kl=0.002934955 consistency=0.01378335 lambda=0.1 beta=0.55 grad=16.71589 horizon=180->220 lifetime=[464,1055] skipped=False
2026-08-30 03:05:21,333 | INFO | step=2760/20000 loss=-0.7022671 nll=-0.7059383 kl=0.005830067 consistency=0.004531289 lambda=0.1 beta=0.552 grad=61.00841 horizon=180->220 lifetime=[461,1932] skipped=False
2026-08-30 03:05:22,178 | INFO | step=2770/20000 loss=-0.4874558 nll=-0.4960209 kl=0.008400248 consistency=0.03911333 lambda=0.1 beta=0.554 grad=16.01048 horizon=120->160 lifetime=[482,1055] skipped=False
2026-08-30 03:05:22,944 | INFO | step=2780/20000 loss=-0.6582254 nll=-0.6599393 kl=0.002562914 consistency=0.002889493 lambda=0.1 beta=0.556 grad=72.68195 horizon=200->240 lifetime=[484,1045] skipped=False
2026-08-30 03:05:23,763 | INFO | step=2790/20000 loss=-0.8695114 nll=-0.8728042 kl=0.003990909 consistency=0.01065905 lambda=0.1 beta=0.558 grad=29.17855 horizon=220->260 lifetime=[467,988] skipped=False
2026-08-30 03:05:24,523 | INFO | step=2800/20000 loss=0.2747728 nll=0.2580085 kl=0.003818799 consistency=0.1462572 lambda=0.1 beta=0.56 grad=78.03928 horizon=100->140 lifetime=[437,942] skipped=False
2026-08-30 03:05:25,352 | INFO | step=2810/20000 loss=-1.223019 nll=-1.224562 kl=0.002543577 consistency=0.001140177 lambda=0.1 beta=0.562 grad=44.56936 horizon=260->300 lifetime=[437,1000] skipped=False
2026-08-30 03:05:26,106 | INFO | step=2820/20000 loss=0.4265325 nll=0.4188037 kl=0.006528426 consistency=0.04046769 lambda=0.1 beta=0.564 grad=94.01112 horizon=120->160 lifetime=[460,1045] skipped=False
2026-08-30 03:05:26,888 | INFO | step=2830/20000 loss=-0.6765257 nll=-0.6948103 kl=0.001937071 consistency=0.171882 lambda=0.1 beta=0.566 grad=26.0476 horizon=120->160 lifetime=[428,1152] skipped=False
2026-08-30 03:05:27,669 | INFO | step=2840/20000 loss=-0.5385432 nll=-0.5414856 kl=0.002198501 consistency=0.01693667 lambda=0.1 beta=0.568 grad=43.27891 horizon=140->180 lifetime=[299,1156] skipped=False
2026-08-30 03:05:28,488 | INFO | step=2850/20000 loss=-0.9435447 nll=-0.9463356 kl=0.004390382 consistency=0.00288339 lambda=0.1 beta=0.57 grad=20.90555 horizon=240->280 lifetime=[479,1015] skipped=False
2026-08-30 03:05:29,239 | INFO | step=2860/20000 loss=0.6896256 nll=0.6806419 kl=0.00798428 consistency=0.04416615 lambda=0.1 beta=0.572 grad=109.9819 horizon=160->200 lifetime=[500,1932] skipped=False
2026-08-30 03:05:30,014 | INFO | step=2870/20000 loss=-0.8670092 nll=-0.8688605 kl=0.002431517 consistency=0.004556529 lambda=0.1 beta=0.574 grad=91.25922 horizon=240->280 lifetime=[299,1012] skipped=False
2026-08-30 03:05:30,763 | INFO | step=2880/20000 loss=-0.8653882 nll=-0.8719279 kl=0.008112397 consistency=0.01866894 lambda=0.1 beta=0.576 grad=52.66952 horizon=240->280 lifetime=[462,1152] skipped=False
2026-08-30 03:05:31,511 | INFO | step=2890/20000 loss=-0.381312 nll=-0.3908882 kl=0.003444551 consistency=0.0758521 lambda=0.1 beta=0.578 grad=74.16131 horizon=120->160 lifetime=[458,1858] skipped=False
2026-08-30 03:05:32,307 | INFO | step=2900/20000 loss=-0.5970308 nll=-0.605455 kl=0.005677074 consistency=0.05131496 lambda=0.1 beta=0.58 grad=52.66285 horizon=100->140 lifetime=[455,1038] skipped=False
2026-08-30 03:05:33,114 | INFO | step=2910/20000 loss=0.6796645 nll=0.6782622 kl=0.001671144 consistency=0.004297453 lambda=0.1 beta=0.582 grad=85.64407 horizon=260->300 lifetime=[526,988] skipped=False
2026-08-30 03:05:33,998 | INFO | step=2920/20000 loss=-1.010161 nll=-1.011733 kl=0.002437878 consistency=0.001478527 lambda=0.1 beta=0.584 grad=51.4672 horizon=260->300 lifetime=[476,1858] skipped=False
2026-08-30 03:05:34,804 | INFO | step=2930/20000 loss=-1.1099 nll=-1.111299 kl=0.002223317 consistency=0.0009656101 lambda=0.1 beta=0.586 grad=44.73123 horizon=240->280 lifetime=[443,1000] skipped=False
2026-08-30 03:05:35,574 | INFO | step=2940/20000 loss=-0.4111873 nll=-0.4142725 kl=0.003269386 consistency=0.01162803 lambda=0.1 beta=0.588 grad=107.4688 horizon=220->260 lifetime=[476,1932] skipped=False
2026-08-30 03:05:36,375 | INFO | step=2950/20000 loss=0.3360115 nll=0.3315877 kl=0.007247731 consistency=0.001476064 lambda=0.1 beta=0.59 grad=54.01171 horizon=240->280 lifetime=[497,1045] skipped=False
2026-08-30 03:05:37,172 | INFO | step=2960/20000 loss=-1.163756 nll=-1.165003 kl=0.001941442 consistency=0.0009751515 lambda=0.1 beta=0.592 grad=100.2209 horizon=220->260 lifetime=[428,827] skipped=False
2026-08-30 03:05:37,962 | INFO | step=2970/20000 loss=-0.7405604 nll=-0.7424924 kl=0.001775641 consistency=0.008773703 lambda=0.1 beta=0.594 grad=68.0701 horizon=120->160 lifetime=[465,915] skipped=False
2026-08-30 03:05:38,706 | INFO | step=2980/20000 loss=-1.436616 nll=-1.441186 kl=0.007241167 consistency=0.0025392 lambda=0.1 beta=0.596 grad=24.82441 horizon=180->220 lifetime=[428,915] skipped=False
2026-08-30 03:05:39,426 | INFO | step=2990/20000 loss=-0.5207669 nll=-0.5336969 kl=0.006770983 consistency=0.08880985 lambda=0.1 beta=0.598 grad=50.87991 horizon=100->140 lifetime=[428,1154] skipped=False
2026-08-30 03:05:40,524 | INFO | validation step=3000 rmse=164.4941 best=138.9558@2000 stale=2/10
2026-08-30 03:05:40,524 | INFO | step=3000/20000 loss=-0.1950914 nll=-0.2020199 kl=0.001657203 consistency=0.05934237 lambda=0.1 beta=0.6 grad=27.65828 horizon=120->160 lifetime=[484,1154] skipped=False
2026-08-30 03:05:41,312 | INFO | step=3010/20000 loss=0.1533799 nll=0.1348577 kl=0.01006898 consistency=0.1246072 lambda=0.1 beta=0.602 grad=31.26767 horizon=120->160 lifetime=[428,1932] skipped=False
2026-08-30 03:05:42,103 | INFO | step=3020/20000 loss=-0.3857853 nll=-0.3910182 kl=0.005378939 consistency=0.01984018 lambda=0.1 beta=0.604 grad=31.60751 horizon=120->160 lifetime=[458,1015] skipped=False
2026-08-30 03:05:42,814 | INFO | step=3030/20000 loss=-0.3810166 nll=-0.3910636 kl=0.003512941 consistency=0.07918091 lambda=0.1 beta=0.606 grad=25.73083 horizon=120->160 lifetime=[437,1152] skipped=False
2026-08-30 03:05:43,614 | INFO | step=3040/20000 loss=-0.9945058 nll=-0.9975653 kl=0.003812335 consistency=0.007416025 lambda=0.1 beta=0.608 grad=68.98812 horizon=260->300 lifetime=[455,1635] skipped=False
2026-08-30 03:05:44,475 | INFO | step=3050/20000 loss=-0.9703063 nll=-0.9725832 kl=0.002235346 consistency=0.009133592 lambda=0.1 beta=0.61 grad=96.99302 horizon=260->300 lifetime=[462,1635] skipped=False
2026-08-30 03:05:45,256 | INFO | step=3060/20000 loss=-0.262456 nll=-0.2652175 kl=0.002170861 consistency=0.01432936 lambda=0.1 beta=0.612 grad=70.5332 horizon=140->180 lifetime=[299,1081] skipped=False
2026-08-30 03:05:46,042 | INFO | step=3070/20000 loss=-0.3631237 nll=-0.3680121 kl=0.004230261 consistency=0.02291093 lambda=0.1 beta=0.614 grad=67.23135 horizon=160->200 lifetime=[482,2154] skipped=False
2026-08-30 03:05:46,772 | INFO | step=3080/20000 loss=-0.2647324 nll=-0.2731265 kl=0.002906226 consistency=0.06603818 lambda=0.1 beta=0.616 grad=57.49826 horizon=120->160 lifetime=[299,2154] skipped=False
2026-08-30 03:05:47,474 | INFO | step=3090/20000 loss=-0.7991655 nll=-0.8009088 kl=0.002415374 consistency=0.002506042 lambda=0.1 beta=0.618 grad=143.1454 horizon=200->240 lifetime=[437,1156] skipped=False
2026-08-30 03:05:48,232 | INFO | step=3100/20000 loss=-0.2164159 nll=-0.2230926 kl=0.008759931 consistency=0.01245552 lambda=0.1 beta=0.62 grad=114.7465 horizon=180->220 lifetime=[437,1152] skipped=False
2026-08-30 03:05:49,003 | INFO | step=3110/20000 loss=-1.011172 nll=-1.013713 kl=0.002615072 consistency=0.009147855 lambda=0.1 beta=0.622 grad=32.78416 horizon=180->220 lifetime=[467,913] skipped=False
2026-08-30 03:05:49,899 | INFO | step=3120/20000 loss=-1.022036 nll=-1.024973 kl=0.004102767 consistency=0.003774243 lambda=0.1 beta=0.624 grad=92.54218 horizon=240->280 lifetime=[453,1152] skipped=False
2026-08-30 03:05:50,687 | INFO | step=3130/20000 loss=1.284234 nll=1.27917 kl=0.003171861 consistency=0.03077899 lambda=0.1 beta=0.626 grad=374.4516 horizon=160->200 lifetime=[500,1049] skipped=False
2026-08-30 03:05:51,622 | INFO | step=3140/20000 loss=-1.193655 nll=-1.197473 kl=0.005648352 consistency=0.002712607 lambda=0.1 beta=0.628 grad=42.82843 horizon=180->220 lifetime=[443,2154] skipped=False
2026-08-30 03:05:52,457 | INFO | step=3150/20000 loss=-1.444104 nll=-1.446924 kl=0.004010685 consistency=0.002934836 lambda=0.1 beta=0.63 grad=22.45666 horizon=220->260 lifetime=[453,1015] skipped=False
2026-08-30 03:05:53,258 | INFO | step=3160/20000 loss=-1.372027 nll=-1.37342 kl=0.002021119 consistency=0.001161519 lambda=0.1 beta=0.632 grad=62.3023 horizon=260->300 lifetime=[479,1076] skipped=False
2026-08-30 03:05:54,005 | INFO | step=3170/20000 loss=0.36385 nll=0.3616514 kl=0.002625406 consistency=0.005341202 lambda=0.1 beta=0.634 grad=117.7677 horizon=260->300 lifetime=[453,1156] skipped=False
2026-08-30 03:05:54,808 | INFO | step=3180/20000 loss=-0.6849988 nll=-0.6887731 kl=0.003660806 consistency=0.01446076 lambda=0.1 beta=0.636 grad=78.13705 horizon=160->200 lifetime=[299,1154] skipped=False
2026-08-30 03:05:55,629 | INFO | step=3190/20000 loss=-0.07297826 nll=-0.09404878 kl=0.004209362 consistency=0.1838495 lambda=0.1 beta=0.638 grad=44.18782 horizon=140->180 lifetime=[453,2154] skipped=False
2026-08-30 03:05:56,384 | INFO | step=3200/20000 loss=-0.4687784 nll=-0.470368 kl=0.001957558 consistency=0.003367856 lambda=0.1 beta=0.64 grad=48.92598 horizon=160->200 lifetime=[458,1156] skipped=False
2026-08-30 03:05:57,148 | INFO | step=3210/20000 loss=-0.5301527 nll=-0.5354768 kl=0.003669053 consistency=0.02968635 lambda=0.1 beta=0.642 grad=22.47077 horizon=140->180 lifetime=[458,942] skipped=False
2026-08-30 03:05:58,002 | INFO | step=3220/20000 loss=-0.9840279 nll=-0.9870616 kl=0.004465818 consistency=0.001577699 lambda=0.1 beta=0.644 grad=24.59625 horizon=180->220 lifetime=[476,1052] skipped=False
2026-08-30 03:05:58,722 | INFO | step=3230/20000 loss=-0.6352932 nll=-0.6369061 kl=0.001932189 consistency=0.003647361 lambda=0.1 beta=0.646 grad=78.63235 horizon=200->240 lifetime=[486,1076] skipped=False
2026-08-30 03:05:59,443 | INFO | step=3240/20000 loss=-0.2161569 nll=-0.2205773 kl=0.002801478 consistency=0.02605095 lambda=0.1 beta=0.648 grad=56.65592 horizon=100->140 lifetime=[476,988] skipped=False
2026-08-30 03:06:00,248 | INFO | step=3250/20000 loss=-0.6760908 nll=-0.6783807 kl=0.002213374 consistency=0.008511637 lambda=0.1 beta=0.65 grad=83.35553 horizon=260->300 lifetime=[476,1025] skipped=False
2026-08-30 03:06:00,970 | INFO | step=3260/20000 loss=-0.668166 nll=-0.6780498 kl=0.005085289 consistency=0.06568168 lambda=0.1 beta=0.652 grad=20.50449 horizon=120->160 lifetime=[493,1000] skipped=False
2026-08-30 03:06:01,737 | INFO | step=3270/20000 loss=-0.3573716 nll=-0.3679272 kl=0.006905153 consistency=0.06039638 lambda=0.1 beta=0.654 grad=219.4844 horizon=220->260 lifetime=[465,1152] skipped=False
2026-08-30 03:06:02,521 | INFO | step=3280/20000 loss=-0.8709732 nll=-0.8732032 kl=0.001844347 consistency=0.01020141 lambda=0.1 beta=0.656 grad=41.89208 horizon=240->280 lifetime=[299,1156] skipped=False
2026-08-30 03:06:03,295 | INFO | step=3290/20000 loss=-0.0648692 nll=-0.07607766 kl=0.004652277 consistency=0.08147267 lambda=0.1 beta=0.658 grad=21.71255 horizon=100->140 lifetime=[501,1000] skipped=False
2026-08-30 03:06:04,087 | INFO | step=3300/20000 loss=-0.4371132 nll=-0.4489553 kl=0.006121501 consistency=0.0780194 lambda=0.1 beta=0.66 grad=84.83944 horizon=140->180 lifetime=[470,1000] skipped=False
2026-08-30 03:06:04,847 | INFO | step=3310/20000 loss=-0.8430398 nll=-0.8459452 kl=0.003697649 consistency=0.004575593 lambda=0.1 beta=0.662 grad=16.72106 horizon=260->300 lifetime=[533,1012] skipped=False
2026-08-30 03:06:05,728 | INFO | step=3320/20000 loss=-0.5097232 nll=-0.5112987 kl=0.001793519 consistency=0.003844813 lambda=0.1 beta=0.664 grad=184.9015 horizon=240->280 lifetime=[462,1015] skipped=False
2026-08-30 03:06:06,487 | INFO | step=3330/20000 loss=0.1276003 nll=0.1243527 kl=0.003390424 consistency=0.009896073 lambda=0.1 beta=0.666 grad=73.14775 horizon=120->160 lifetime=[614,1045] skipped=False
2026-08-30 03:06:07,270 | INFO | step=3340/20000 loss=-0.3645091 nll=-0.366888 kl=0.003126211 consistency=0.002906282 lambda=0.1 beta=0.668 grad=73.21098 horizon=220->260 lifetime=[299,1154] skipped=False
2026-08-30 03:06:08,034 | INFO | step=3350/20000 loss=-1.105114 nll=-1.10668 kl=0.002045564 consistency=0.001958827 lambda=0.1 beta=0.67 grad=20.96932 horizon=160->200 lifetime=[443,815] skipped=False
2026-08-30 03:06:08,715 | INFO | step=3360/20000 loss=1.419863 nll=1.409897 kl=0.006887645 consistency=0.05337206 lambda=0.1 beta=0.672 grad=145.0896 horizon=100->140 lifetime=[476,1152] skipped=False
2026-08-30 03:06:09,559 | INFO | step=3370/20000 loss=-1.182773 nll=-1.184114 kl=0.001325771 consistency=0.004478529 lambda=0.1 beta=0.674 grad=34.41079 horizon=160->200 lifetime=[453,856] skipped=False
2026-08-30 03:06:10,343 | INFO | step=3380/20000 loss=-0.3940372 nll=-0.3997397 kl=0.005524769 consistency=0.01967731 lambda=0.1 beta=0.676 grad=103.7774 horizon=140->180 lifetime=[458,1015] skipped=False
2026-08-30 03:06:11,110 | INFO | step=3390/20000 loss=-1.223445 nll=-1.226023 kl=0.002507046 consistency=0.008788869 lambda=0.1 beta=0.678 grad=53.25102 horizon=140->180 lifetime=[437,1025] skipped=False
2026-08-30 03:06:11,899 | INFO | step=3400/20000 loss=-0.4081373 nll=-0.428151 kl=0.003167436 consistency=0.1785986 lambda=0.1 beta=0.68 grad=11.02022 horizon=100->140 lifetime=[437,1635] skipped=False
2026-08-30 03:06:12,686 | INFO | step=3410/20000 loss=-1.043682 nll=-1.045545 kl=0.002175808 consistency=0.003792778 lambda=0.1 beta=0.682 grad=53.35065 horizon=260->300 lifetime=[443,1156] skipped=False
2026-08-30 03:06:13,416 | INFO | step=3420/20000 loss=-0.2760513 nll=-0.2779301 kl=0.001543924 consistency=0.008226875 lambda=0.1 beta=0.684 grad=71.03157 horizon=140->180 lifetime=[479,988] skipped=False
2026-08-30 03:06:14,207 | INFO | step=3430/20000 loss=-0.3362252 nll=-0.3379011 kl=0.001999006 consistency=0.003045865 lambda=0.1 beta=0.686 grad=137.8824 horizon=200->240 lifetime=[465,1091] skipped=False
2026-08-30 03:06:14,934 | INFO | step=3440/20000 loss=-0.4995649 nll=-0.5104377 kl=0.008169308 consistency=0.05252346 lambda=0.1 beta=0.688 grad=20.48436 horizon=100->140 lifetime=[462,1038] skipped=False
2026-08-30 03:06:15,660 | INFO | step=3450/20000 loss=-0.4646467 nll=-0.4694443 kl=0.002235904 consistency=0.03254862 lambda=0.1 beta=0.69 grad=63.8104 horizon=120->160 lifetime=[518,1154] skipped=False
2026-08-30 03:06:16,436 | INFO | step=3460/20000 loss=-0.5396718 nll=-0.5420727 kl=0.001591742 consistency=0.01299438 lambda=0.1 beta=0.692 grad=41.26036 horizon=140->180 lifetime=[486,1156] skipped=False
2026-08-30 03:06:17,244 | INFO | step=3470/20000 loss=-0.7609666 nll=-0.7635677 kl=0.0035308 consistency=0.001507118 lambda=0.1 beta=0.694 grad=135.6342 horizon=260->300 lifetime=[455,2154] skipped=False
2026-08-30 03:06:18,035 | INFO | step=3480/20000 loss=-0.8401159 nll=-0.8438118 kl=0.004746675 consistency=0.003922112 lambda=0.1 beta=0.696 grad=32.79536 horizon=220->260 lifetime=[428,1858] skipped=False
2026-08-30 03:06:18,780 | INFO | step=3490/20000 loss=-1.118232 nll=-1.119573 kl=0.001119688 consistency=0.005598268 lambda=0.1 beta=0.698 grad=87.51049 horizon=200->240 lifetime=[462,942] skipped=False
2026-08-30 03:06:19,779 | INFO | validation step=3500 rmse=145.3872 best=138.9558@2000 stale=3/10
2026-08-30 03:06:19,780 | INFO | step=3500/20000 loss=-0.8632639 nll=-0.8687354 kl=0.003551096 consistency=0.02985747 lambda=0.1 beta=0.7 grad=64.84512 horizon=200->240 lifetime=[428,1932] skipped=False
2026-08-30 03:06:20,591 | INFO | step=3510/20000 loss=-1.026971 nll=-1.02905 kl=0.001814455 consistency=0.008047362 lambda=0.1 beta=0.702 grad=71.36712 horizon=240->280 lifetime=[476,988] skipped=False
2026-08-30 03:06:21,356 | INFO | step=3520/20000 loss=-0.6707349 nll=-0.6730846 kl=0.002934977 consistency=0.002834115 lambda=0.1 beta=0.704 grad=41.16087 horizon=160->200 lifetime=[465,1154] skipped=False
2026-08-30 03:06:22,069 | INFO | step=3530/20000 loss=-0.5807695 nll=-0.5837465 kl=0.003129378 consistency=0.007675949 lambda=0.1 beta=0.706 grad=65.75977 horizon=140->180 lifetime=[299,1932] skipped=False
2026-08-30 03:06:22,862 | INFO | step=3540/20000 loss=-0.539861 nll=-0.5444437 kl=0.004800931 consistency=0.01183653 lambda=0.1 beta=0.708 grad=41.58996 horizon=160->200 lifetime=[428,1049] skipped=False
2026-08-30 03:06:23,643 | INFO | step=3550/20000 loss=-1.420202 nll=-1.422024 kl=0.002087668 consistency=0.003397474 lambda=0.1 beta=0.71 grad=46.77616 horizon=180->220 lifetime=[479,1012] skipped=False
2026-08-30 03:06:24,374 | INFO | step=3560/20000 loss=-0.705592 nll=-0.7102658 kl=0.004977643 consistency=0.01129646 lambda=0.1 beta=0.712 grad=69.60129 horizon=140->180 lifetime=[443,858] skipped=False
2026-08-30 03:06:25,186 | INFO | step=3570/20000 loss=-0.6269215 nll=-0.6366959 kl=0.006807342 consistency=0.04913877 lambda=0.1 beta=0.714 grad=39.91662 horizon=100->140 lifetime=[458,988] skipped=False
2026-08-30 03:06:25,938 | INFO | step=3580/20000 loss=-1.023575 nll=-1.026721 kl=0.001736373 consistency=0.01902706 lambda=0.1 beta=0.716 grad=77.6274 horizon=140->180 lifetime=[486,1012] skipped=False
2026-08-30 03:06:26,588 | INFO | step=3590/20000 loss=-1.004503 nll=-1.006728 kl=0.002608761 consistency=0.003521353 lambda=0.1 beta=0.718 grad=23.78699 horizon=200->240 lifetime=[464,2154] skipped=False
2026-08-30 03:06:27,308 | INFO | step=3600/20000 loss=-0.5508503 nll=-0.5558991 kl=0.003402486 consistency=0.02599034 lambda=0.1 beta=0.72 grad=208.6677 horizon=180->220 lifetime=[455,1049] skipped=False
2026-08-30 03:06:28,069 | INFO | step=3610/20000 loss=-0.7714753 nll=-0.7807525 kl=0.003742427 consistency=0.0657516 lambda=0.1 beta=0.722 grad=116.1775 horizon=160->200 lifetime=[460,1152] skipped=False
2026-08-30 03:06:28,846 | INFO | step=3620/20000 loss=-1.255463 nll=-1.258337 kl=0.002250567 consistency=0.01245432 lambda=0.1 beta=0.724 grad=15.63648 horizon=140->180 lifetime=[453,909] skipped=False
2026-08-30 03:06:29,615 | INFO | step=3630/20000 loss=-1.042867 nll=-1.043959 kl=0.00133051 consistency=0.00126636 lambda=0.1 beta=0.726 grad=34.49614 horizon=180->220 lifetime=[498,2154] skipped=False
2026-08-30 03:06:30,345 | INFO | step=3640/20000 loss=-0.3859257 nll=-0.3891533 kl=0.00254263 consistency=0.01376569 lambda=0.1 beta=0.728 grad=90.17297 horizon=120->160 lifetime=[437,2154] skipped=False
2026-08-30 03:06:31,157 | INFO | step=3650/20000 loss=-0.3228651 nll=-0.3372684 kl=0.00206086 consistency=0.1289889 lambda=0.1 beta=0.73 grad=75.20689 horizon=120->160 lifetime=[465,1091] skipped=False
2026-08-30 03:06:31,891 | INFO | step=3660/20000 loss=-0.6156273 nll=-0.6244496 kl=0.002239272 consistency=0.07183111 lambda=0.1 beta=0.732 grad=49.18164 horizon=120->160 lifetime=[458,1045] skipped=False
2026-08-30 03:06:32,700 | INFO | step=3670/20000 loss=-0.004424944 nll=-0.00656952 kl=0.002147481 consistency=0.005683232 lambda=0.1 beta=0.734 grad=173.945 horizon=180->220 lifetime=[437,875] skipped=False
2026-08-30 03:06:33,511 | INFO | step=3680/20000 loss=-0.8064207 nll=-0.8102934 kl=0.004164934 consistency=0.008073325 lambda=0.1 beta=0.736 grad=86.50262 horizon=260->300 lifetime=[453,1858] skipped=False
2026-08-30 03:06:34,269 | INFO | step=3690/20000 loss=-0.4242516 nll=-0.4276534 kl=0.004039228 consistency=0.004208311 lambda=0.1 beta=0.738 grad=126.5253 horizon=220->260 lifetime=[467,1012] skipped=False
2026-08-30 03:06:35,053 | INFO | step=3700/20000 loss=-0.4270269 nll=-0.4334569 kl=0.008410856 consistency=0.002059572 lambda=0.1 beta=0.74 grad=97.04479 horizon=220->260 lifetime=[299,2154] skipped=False
2026-08-30 03:06:35,907 | INFO | step=3710/20000 loss=-0.5539896 nll=-0.5560757 kl=0.002557263 consistency=0.001885981 lambda=0.1 beta=0.742 grad=45.75934 horizon=200->240 lifetime=[443,1635] skipped=False
2026-08-30 03:06:36,709 | INFO | step=3720/20000 loss=-1.2106 nll=-1.212283 kl=0.001928717 consistency=0.002472729 lambda=0.1 beta=0.744 grad=44.79552 horizon=240->280 lifetime=[453,1045] skipped=False
2026-08-30 03:06:37,506 | INFO | step=3730/20000 loss=-1.322722 nll=-1.32377 kl=0.001272961 consistency=0.0009866664 lambda=0.1 beta=0.746 grad=111.8173 horizon=200->240 lifetime=[476,930] skipped=False
2026-08-30 03:06:38,268 | INFO | step=3740/20000 loss=-0.5020621 nll=-0.5051435 kl=0.003587648 consistency=0.003978685 lambda=0.1 beta=0.748 grad=53.21201 horizon=140->180 lifetime=[464,1156] skipped=False
2026-08-30 03:06:39,023 | INFO | step=3750/20000 loss=-1.038124 nll=-1.04266 kl=0.005937591 consistency=0.0008271048 lambda=0.1 beta=0.75 grad=57.52387 horizon=220->260 lifetime=[458,1052] skipped=False
2026-08-30 03:06:39,767 | INFO | step=3760/20000 loss=-0.9484337 nll=-0.9502841 kl=0.001341969 consistency=0.008412093 lambda=0.1 beta=0.752 grad=127.5792 horizon=160->200 lifetime=[453,860] skipped=False
2026-08-30 03:06:40,568 | INFO | step=3770/20000 loss=-1.123371 nll=-1.126468 kl=0.002375975 consistency=0.01305777 lambda=0.1 beta=0.754 grad=22.48725 horizon=180->220 lifetime=[491,1038] skipped=False
2026-08-30 03:06:41,286 | INFO | step=3780/20000 loss=-1.100727 nll=-1.104052 kl=0.004087806 consistency=0.002341922 lambda=0.1 beta=0.756 grad=35.29538 horizon=240->280 lifetime=[482,1012] skipped=False
2026-08-30 03:06:42,085 | INFO | step=3790/20000 loss=-0.8866578 nll=-0.8883394 kl=0.001444235 consistency=0.005869268 lambda=0.1 beta=0.758 grad=69.81951 horizon=180->220 lifetime=[455,2154] skipped=False
2026-08-30 03:06:42,827 | INFO | step=3800/20000 loss=0.05480674 nll=0.05253877 kl=0.002463058 consistency=0.003960475 lambda=0.1 beta=0.76 grad=169.4395 horizon=200->240 lifetime=[299,2154] skipped=False
2026-08-30 03:06:43,654 | INFO | step=3810/20000 loss=-1.19379 nll=-1.196165 kl=0.001675785 consistency=0.01098157 lambda=0.1 beta=0.762 grad=64.15421 horizon=220->260 lifetime=[479,1156] skipped=False
2026-08-30 03:06:44,421 | INFO | step=3820/20000 loss=-0.8787632 nll=-0.8832355 kl=0.001300469 consistency=0.03478653 lambda=0.1 beta=0.764 grad=31.20633 horizon=180->220 lifetime=[443,1154] skipped=False
2026-08-30 03:06:45,248 | INFO | step=3830/20000 loss=-1.314466 nll=-1.315248 kl=0.0008610934 consistency=0.001223478 lambda=0.1 beta=0.766 grad=31.4292 horizon=220->260 lifetime=[467,858] skipped=False
2026-08-30 03:06:46,056 | INFO | step=3840/20000 loss=-0.8727512 nll=-0.8743644 kl=0.001726359 consistency=0.002873492 lambda=0.1 beta=0.768 grad=238.4971 horizon=220->260 lifetime=[493,938] skipped=False
2026-08-30 03:06:46,828 | INFO | step=3850/20000 loss=0.1044021 nll=0.1015887 kl=0.001589969 consistency=0.01589111 lambda=0.1 beta=0.77 grad=72.98064 horizon=160->200 lifetime=[461,909] skipped=False
2026-08-30 03:06:47,636 | INFO | step=3860/20000 loss=-0.9567984 nll=-0.9582256 kl=0.001137346 consistency=0.00549111 lambda=0.1 beta=0.772 grad=76.01107 horizon=240->280 lifetime=[467,868] skipped=False
2026-08-30 03:06:48,498 | INFO | step=3870/20000 loss=-1.087083 nll=-1.090561 kl=0.003425956 consistency=0.00825964 lambda=0.1 beta=0.774 grad=14.91501 horizon=120->160 lifetime=[461,747] skipped=False
2026-08-30 03:06:49,233 | INFO | step=3880/20000 loss=-0.2909482 nll=-0.29893 kl=0.002708182 consistency=0.05880317 lambda=0.1 beta=0.776 grad=93.75702 horizon=100->140 lifetime=[437,1156] skipped=False
2026-08-30 03:06:50,016 | INFO | step=3890/20000 loss=-1.059359 nll=-1.061571 kl=0.002497867 consistency=0.002689005 lambda=0.1 beta=0.778 grad=56.21798 horizon=180->220 lifetime=[505,938] skipped=False
2026-08-30 03:06:50,758 | INFO | step=3900/20000 loss=-0.9281188 nll=-0.9300811 kl=0.001049496 consistency=0.01143672 lambda=0.1 beta=0.78 grad=53.13403 horizon=180->220 lifetime=[465,1635] skipped=False
2026-08-30 03:06:51,595 | INFO | step=3910/20000 loss=-0.6628241 nll=-0.6663655 kl=0.004163012 consistency=0.002859488 lambda=0.1 beta=0.782 grad=23.24971 horizon=240->280 lifetime=[479,2154] skipped=False
2026-08-30 03:06:52,366 | INFO | step=3920/20000 loss=-1.181822 nll=-1.186231 kl=0.001678124 consistency=0.03092714 lambda=0.1 beta=0.784 grad=25.63082 horizon=180->220 lifetime=[498,1635] skipped=False
2026-08-30 03:06:53,076 | INFO | step=3930/20000 loss=-0.3207275 nll=-0.3267969 kl=0.004611105 consistency=0.02445084 lambda=0.1 beta=0.786 grad=52.93431 horizon=100->140 lifetime=[147,1081] skipped=False
2026-08-30 03:06:53,869 | INFO | step=3940/20000 loss=-0.2490701 nll=-0.2518358 kl=0.001573652 consistency=0.01525692 lambda=0.1 beta=0.788 grad=55.60864 horizon=140->180 lifetime=[497,1932] skipped=False
2026-08-30 03:06:54,700 | INFO | step=3950/20000 loss=-0.9427222 nll=-0.9450901 kl=0.001054592 consistency=0.01534671 lambda=0.1 beta=0.79 grad=111.0406 horizon=220->260 lifetime=[458,1038] skipped=False
2026-08-30 03:06:55,417 | INFO | step=3960/20000 loss=-0.7988538 nll=-0.8011038 kl=0.002363637 consistency=0.003780067 lambda=0.1 beta=0.792 grad=43.297 horizon=240->280 lifetime=[455,1154] skipped=False
2026-08-30 03:06:56,197 | INFO | step=3970/20000 loss=-0.7590344 nll=-0.7712621 kl=0.002095193 consistency=0.1056413 lambda=0.1 beta=0.794 grad=86.68828 horizon=160->200 lifetime=[299,1152] skipped=False
2026-08-30 03:06:56,906 | INFO | step=3980/20000 loss=-0.2520174 nll=-0.2559199 kl=0.001586452 consistency=0.02639718 lambda=0.1 beta=0.796 grad=41.70404 horizon=100->140 lifetime=[458,1156] skipped=False
2026-08-30 03:06:57,708 | INFO | step=3990/20000 loss=-0.8889156 nll=-0.890453 kl=0.00145945 consistency=0.003728107 lambda=0.1 beta=0.798 grad=64.27533 horizon=200->240 lifetime=[498,1154] skipped=False
2026-08-30 03:06:58,795 | INFO | validation step=4000 rmse=123.0601 best=123.0601@4000 stale=0/10
2026-08-30 03:06:58,795 | INFO | step=4000/20000 loss=-1.107524 nll=-1.111903 kl=0.001695856 consistency=0.03022567 lambda=0.1 beta=0.8 grad=46.83628 horizon=120->160 lifetime=[443,1154] skipped=False
2026-08-30 03:06:59,799 | INFO | step=4010/20000 loss=-0.7948959 nll=-0.7965569 kl=0.001864508 consistency=0.001656353 lambda=0.1 beta=0.802 grad=24.32565 horizon=200->240 lifetime=[470,1038] skipped=False
2026-08-30 03:07:00,610 | INFO | step=4020/20000 loss=-0.7000043 nll=-0.7028016 kl=0.002128206 consistency=0.01086298 lambda=0.1 beta=0.804 grad=22.57292 horizon=120->160 lifetime=[491,1858] skipped=False
2026-08-30 03:07:01,460 | INFO | step=4030/20000 loss=-1.119989 nll=-1.121529 kl=0.0005974919 consistency=0.01058393 lambda=0.1 beta=0.806 grad=59.53331 horizon=160->200 lifetime=[476,1015] skipped=False
2026-08-30 03:07:02,285 | INFO | step=4040/20000 loss=-0.730129 nll=-0.7312317 kl=0.001296461 consistency=0.000551194 lambda=0.1 beta=0.808 grad=137.3775 horizon=240->280 lifetime=[443,1932] skipped=False
2026-08-30 03:07:02,994 | INFO | step=4050/20000 loss=-1.152288 nll=-1.160454 kl=0.00439173 consistency=0.04609007 lambda=0.1 beta=0.81 grad=50.11319 horizon=180->220 lifetime=[299,1052] skipped=False
2026-08-30 03:07:03,802 | INFO | step=4060/20000 loss=-1.010175 nll=-1.012364 kl=0.002237603 consistency=0.003713503 lambda=0.1 beta=0.812 grad=125.2373 horizon=240->280 lifetime=[460,1025] skipped=False
2026-08-30 03:07:04,586 | INFO | step=4070/20000 loss=-0.8127794 nll=-0.8143181 kl=0.001007736 consistency=0.007183515 lambda=0.1 beta=0.814 grad=81.3982 horizon=160->200 lifetime=[460,2154] skipped=False
2026-08-30 03:07:05,345 | INFO | step=4080/20000 loss=-0.2865592 nll=-0.3016269 kl=0.002457231 consistency=0.1306259 lambda=0.1 beta=0.816 grad=57.92081 horizon=100->140 lifetime=[486,1007] skipped=False
2026-08-30 03:07:06,048 | INFO | step=4090/20000 loss=-0.5577508 nll=-0.5648609 kl=0.003524035 consistency=0.04227467 lambda=0.1 beta=0.818 grad=54.46548 horizon=120->160 lifetime=[498,1025] skipped=False
2026-08-30 03:07:06,902 | INFO | step=4100/20000 loss=-0.6453636 nll=-0.6558284 kl=0.001695856 consistency=0.09074247 lambda=0.1 beta=0.82 grad=124.8125 horizon=240->280 lifetime=[497,1932] skipped=False
2026-08-30 03:07:07,675 | INFO | step=4110/20000 loss=-1.045777 nll=-1.04851 kl=0.001557335 consistency=0.01452549 lambda=0.1 beta=0.822 grad=17.73606 horizon=180->220 lifetime=[500,1049] skipped=False
2026-08-30 03:07:08,422 | INFO | step=4120/20000 loss=-0.8044224 nll=-0.8061361 kl=0.0009551346 consistency=0.009267231 lambda=0.1 beta=0.824 grad=124.0392 horizon=200->240 lifetime=[437,1052] skipped=False
2026-08-30 03:07:09,191 | INFO | step=4130/20000 loss=-1.005453 nll=-1.008465 kl=0.001029566 consistency=0.0216144 lambda=0.1 beta=0.826 grad=23.78681 horizon=140->180 lifetime=[455,1091] skipped=False
2026-08-30 03:07:09,965 | INFO | step=4140/20000 loss=-0.9985331 nll=-1.00021 kl=0.001571685 consistency=0.003756642 lambda=0.1 beta=0.828 grad=100.378 horizon=180->220 lifetime=[498,1025] skipped=False
2026-08-30 03:07:10,735 | INFO | step=4150/20000 loss=-0.8591555 nll=-0.8613106 kl=0.00152342 consistency=0.008906327 lambda=0.1 beta=0.83 grad=21.35289 horizon=140->180 lifetime=[458,2154] skipped=False
2026-08-30 03:07:11,498 | INFO | step=4160/20000 loss=-0.9370211 nll=-0.939209 kl=0.00235565 consistency=0.002280071 lambda=0.1 beta=0.832 grad=94.69352 horizon=220->260 lifetime=[437,1049] skipped=False
2026-08-30 03:07:12,275 | INFO | step=4170/20000 loss=0.3673053 nll=0.3585878 kl=0.001224056 consistency=0.07696685 lambda=0.1 beta=0.834 grad=306.5301 horizon=220->260 lifetime=[428,1076] skipped=False
2026-08-30 03:07:13,009 | INFO | step=4180/20000 loss=-0.3133259 nll=-0.3169481 kl=0.00214833 consistency=0.01826179 lambda=0.1 beta=0.836 grad=79.80249 horizon=120->160 lifetime=[465,1154] skipped=False
2026-08-30 03:07:13,790 | INFO | step=4190/20000 loss=-1.386437 nll=-1.387662 kl=0.001353294 consistency=0.0009103002 lambda=0.1 beta=0.838 grad=26.03822 horizon=240->280 lifetime=[464,991] skipped=False
2026-08-30 03:07:14,627 | INFO | step=4200/20000 loss=-0.7750787 nll=-0.7790305 kl=0.002751485 consistency=0.01640565 lambda=0.1 beta=0.84 grad=64.5229 horizon=140->180 lifetime=[470,1932] skipped=False
2026-08-30 03:07:15,416 | INFO | step=4210/20000 loss=-1.483362 nll=-1.485833 kl=0.001386687 consistency=0.01303238 lambda=0.1 beta=0.842 grad=38.89038 horizon=240->280 lifetime=[437,1152] skipped=False
2026-08-30 03:07:16,176 | INFO | step=4220/20000 loss=-0.5462491 nll=-0.547879 kl=0.0009689331 consistency=0.008121869 lambda=0.1 beta=0.844 grad=89.56206 horizon=160->200 lifetime=[501,1858] skipped=False
2026-08-30 03:07:16,988 | INFO | step=4230/20000 loss=-0.5636318 nll=-0.5667642 kl=0.001127899 consistency=0.02178157 lambda=0.1 beta=0.846 grad=78.82315 horizon=200->240 lifetime=[467,1049] skipped=False
2026-08-30 03:07:17,749 | INFO | step=4240/20000 loss=-0.7303254 nll=-0.7414165 kl=0.004905321 consistency=0.06931347 lambda=0.1 beta=0.848 grad=21.2383 horizon=100->140 lifetime=[465,1052] skipped=False
2026-08-30 03:07:18,488 | INFO | step=4250/20000 loss=-1.278291 nll=-1.281596 kl=0.003466919 consistency=0.003583338 lambda=0.1 beta=0.85 grad=30.02836 horizon=240->280 lifetime=[479,2154] skipped=False
2026-08-30 03:07:19,277 | INFO | step=4260/20000 loss=-1.249327 nll=-1.250543 kl=0.00124386 consistency=0.001568094 lambda=0.1 beta=0.852 grad=27.16224 horizon=260->300 lifetime=[470,1635] skipped=False
2026-08-30 03:07:20,048 | INFO | step=4270/20000 loss=-1.557818 nll=-1.558886 kl=0.001070037 consistency=0.00154845 lambda=0.1 beta=0.854 grad=99.79888 horizon=260->300 lifetime=[455,858] skipped=False
2026-08-30 03:07:20,781 | INFO | step=4280/20000 loss=-1.081979 nll=-1.083388 kl=0.001492456 consistency=0.001313132 lambda=0.1 beta=0.856 grad=73.25804 horizon=120->160 lifetime=[428,1081] skipped=False
2026-08-30 03:07:21,568 | INFO | step=4290/20000 loss=-0.05084408 nll=-0.05759147 kl=0.004898936 consistency=0.02544108 lambda=0.1 beta=0.858 grad=131.5704 horizon=160->200 lifetime=[476,1858] skipped=False
2026-08-30 03:07:22,367 | INFO | step=4300/20000 loss=-0.4440421 nll=-0.4533012 kl=0.0009909421 consistency=0.08406921 lambda=0.1 beta=0.86 grad=69.89693 horizon=140->180 lifetime=[754,1932] skipped=False
2026-08-30 03:07:23,135 | INFO | step=4310/20000 loss=-1.425303 nll=-1.427443 kl=0.002335936 consistency=0.001257284 lambda=0.1 beta=0.862 grad=21.85194 horizon=260->300 lifetime=[443,1635] skipped=False
2026-08-30 03:07:23,938 | INFO | step=4320/20000 loss=-0.5811163 nll=-0.5898408 kl=0.0008978695 consistency=0.0794868 lambda=0.1 beta=0.864 grad=41.67709 horizon=120->160 lifetime=[464,1076] skipped=False
2026-08-30 03:07:24,704 | INFO | step=4330/20000 loss=0.8807181 nll=0.8793909 kl=0.001142427 consistency=0.003378325 lambda=0.1 beta=0.866 grad=243.2403 horizon=200->240 lifetime=[465,1156] skipped=False
2026-08-30 03:07:25,476 | INFO | step=4340/20000 loss=1.540758 nll=1.537943 kl=0.002269655 consistency=0.008448996 lambda=0.1 beta=0.868 grad=404.7903 horizon=200->240 lifetime=[465,1932] skipped=False
2026-08-30 03:07:26,257 | INFO | step=4350/20000 loss=-0.4779057 nll=-0.4799813 kl=0.002313435 consistency=0.0006295231 lambda=0.1 beta=0.87 grad=186.69 horizon=260->300 lifetime=[486,827] skipped=False
2026-08-30 03:07:27,027 | INFO | step=4360/20000 loss=-1.043121 nll=-1.044041 kl=0.0009748191 consistency=0.0007048633 lambda=0.1 beta=0.872 grad=44.30917 horizon=180->220 lifetime=[437,1012] skipped=False
2026-08-30 03:07:27,791 | INFO | step=4370/20000 loss=-0.8299531 nll=-0.831699 kl=0.001035497 consistency=0.008409317 lambda=0.1 beta=0.874 grad=42.63543 horizon=140->180 lifetime=[453,1152] skipped=False
2026-08-30 03:07:28,637 | INFO | step=4380/20000 loss=-0.56829 nll=-0.5697649 kl=0.0008614063 consistency=0.007202349 lambda=0.1 beta=0.876 grad=149.5036 horizon=220->260 lifetime=[453,1081] skipped=False
2026-08-30 03:07:29,464 | INFO | step=4390/20000 loss=-0.6277165 nll=-0.6306201 kl=0.002203763 consistency=0.009686748 lambda=0.1 beta=0.878 grad=35.29194 horizon=120->160 lifetime=[464,988] skipped=False
2026-08-30 03:07:30,247 | INFO | step=4400/20000 loss=-0.8657754 nll=-0.8728895 kl=0.001151115 consistency=0.06101068 lambda=0.1 beta=0.88 grad=61.29787 horizon=120->160 lifetime=[443,1081] skipped=False
2026-08-30 03:07:31,011 | INFO | step=4410/20000 loss=-1.402951 nll=-1.40433 kl=0.001391307 consistency=0.001522858 lambda=0.1 beta=0.882 grad=26.83367 horizon=240->280 lifetime=[500,1049] skipped=False
2026-08-30 03:07:31,737 | INFO | step=4420/20000 loss=-0.8832127 nll=-0.8889703 kl=0.002656683 consistency=0.03409025 lambda=0.1 beta=0.884 grad=67.16499 horizon=100->140 lifetime=[465,1076] skipped=False
2026-08-30 03:07:32,489 | INFO | step=4430/20000 loss=-0.8968818 nll=-0.8992496 kl=0.001158342 consistency=0.01341435 lambda=0.1 beta=0.886 grad=110.9188 horizon=180->220 lifetime=[299,1932] skipped=False
2026-08-30 03:07:33,283 | INFO | step=4440/20000 loss=-0.7445031 nll=-0.7644015 kl=0.001137093 consistency=0.1888859 lambda=0.1 beta=0.888 grad=45.28256 horizon=140->180 lifetime=[467,1152] skipped=False
2026-08-30 03:07:34,013 | INFO | step=4450/20000 loss=-0.4535238 nll=-0.4563325 kl=0.00253965 consistency=0.005483836 lambda=0.1 beta=0.89 grad=220.1927 horizon=260->300 lifetime=[460,1052] skipped=False
2026-08-30 03:07:34,767 | INFO | step=4460/20000 loss=-0.5323206 nll=-0.5525528 kl=0.002824962 consistency=0.1771237 lambda=0.1 beta=0.892 grad=25.69127 horizon=120->160 lifetime=[299,1152] skipped=False
2026-08-30 03:07:35,536 | INFO | step=4470/20000 loss=-1.208086 nll=-1.209254 kl=0.001009062 consistency=0.002662718 lambda=0.1 beta=0.894 grad=52.71223 horizon=220->260 lifetime=[437,1156] skipped=False
2026-08-30 03:07:36,336 | INFO | step=4480/20000 loss=-1.051538 nll=-1.054824 kl=0.002798557 consistency=0.007785844 lambda=0.1 beta=0.896 grad=29.52272 horizon=260->300 lifetime=[455,2154] skipped=False
2026-08-30 03:07:37,124 | INFO | step=4490/20000 loss=-0.8324864 nll=-0.834012 kl=0.0013991 consistency=0.002692878 lambda=0.1 beta=0.898 grad=159.8511 horizon=240->280 lifetime=[649,1081] skipped=False
2026-08-30 03:07:38,133 | INFO | validation step=4500 rmse=152.5899 best=123.0601@4000 stale=1/10
2026-08-30 03:07:38,133 | INFO | step=4500/20000 loss=-0.6693824 nll=-0.6759204 kl=0.002268985 consistency=0.04495947 lambda=0.1 beta=0.9 grad=26.94176 horizon=100->140 lifetime=[443,828] skipped=False
2026-08-30 03:07:38,957 | INFO | step=4510/20000 loss=-0.9313152 nll=-0.9343517 kl=0.001952201 consistency=0.01275583 lambda=0.1 beta=0.902 grad=91.81355 horizon=160->200 lifetime=[437,1091] skipped=False
2026-08-30 03:07:39,786 | INFO | step=4520/20000 loss=-0.719678 nll=-0.7238773 kl=0.001210779 consistency=0.03104818 lambda=0.1 beta=0.904 grad=44.55618 horizon=120->160 lifetime=[437,988] skipped=False
2026-08-30 03:07:40,569 | INFO | step=4530/20000 loss=-1.66368 nll=-1.664292 kl=0.0005136132 consistency=0.00146595 lambda=0.1 beta=0.906 grad=52.31109 horizon=200->240 lifetime=[470,1000] skipped=False
2026-08-30 03:07:41,304 | INFO | step=4540/20000 loss=-1.051751 nll=-1.05408 kl=0.001753122 consistency=0.007376346 lambda=0.1 beta=0.908 grad=110.6711 horizon=140->180 lifetime=[460,1076] skipped=False
2026-08-30 03:07:42,103 | INFO | step=4550/20000 loss=-1.298085 nll=-1.299324 kl=0.001230285 consistency=0.001197532 lambda=0.1 beta=0.91 grad=234.2374 horizon=200->240 lifetime=[437,1038] skipped=False
2026-08-30 03:07:42,850 | INFO | step=4560/20000 loss=-0.850329 nll=-0.8531825 kl=0.002653196 consistency=0.004337708 lambda=0.1 beta=0.912 grad=131.4132 horizon=220->260 lifetime=[476,1152] skipped=False
2026-08-30 03:07:43,613 | INFO | step=4570/20000 loss=-1.097326 nll=-1.100337 kl=0.0007086992 consistency=0.0236321 lambda=0.1 beta=0.914 grad=155.9117 horizon=160->200 lifetime=[443,1152] skipped=False
2026-08-30 03:07:44,450 | INFO | step=4580/20000 loss=-1.120783 nll=-1.124551 kl=0.001521587 consistency=0.02374764 lambda=0.1 beta=0.916 grad=178.0526 horizon=240->280 lifetime=[458,1932] skipped=False
2026-08-30 03:07:45,204 | INFO | step=4590/20000 loss=-1.42099 nll=-1.422475 kl=0.001431301 consistency=0.001707699 lambda=0.1 beta=0.918 grad=71.35243 horizon=180->220 lifetime=[455,1932] skipped=False
2026-08-30 03:07:45,971 | INFO | step=4600/20000 loss=-1.149005 nll=-1.150289 kl=0.001085475 consistency=0.002852231 lambda=0.1 beta=0.92 grad=184.3035 horizon=240->280 lifetime=[479,991] skipped=False
2026-08-30 03:07:46,871 | INFO | step=4610/20000 loss=-1.406546 nll=-1.40839 kl=0.001887307 consistency=0.001044745 lambda=0.1 beta=0.922 grad=191.9163 horizon=260->300 lifetime=[482,1045] skipped=False
2026-08-30 03:07:47,660 | INFO | step=4620/20000 loss=-1.092839 nll=-1.095225 kl=0.001678273 consistency=0.008352742 lambda=0.1 beta=0.924 grad=64.5929 horizon=240->280 lifetime=[510,1081] skipped=False
2026-08-30 03:07:48,411 | INFO | step=4630/20000 loss=-1.09642 nll=-1.098226 kl=0.001545653 consistency=0.003750653 lambda=0.1 beta=0.926 grad=187.7641 horizon=240->280 lifetime=[428,1858] skipped=False
2026-08-30 03:07:49,126 | INFO | step=4640/20000 loss=-1.277881 nll=-1.281538 kl=0.003811911 consistency=0.001188967 lambda=0.1 beta=0.928 grad=56.60823 horizon=240->280 lifetime=[455,1081] skipped=False
2026-08-30 03:07:49,887 | INFO | step=4650/20000 loss=-1.299925 nll=-1.303077 kl=0.001404166 consistency=0.01846135 lambda=0.1 beta=0.93 grad=79.79318 horizon=180->220 lifetime=[482,1055] skipped=False
2026-08-30 03:07:50,662 | INFO | step=4660/20000 loss=-0.8478257 nll=-0.85319 kl=0.003891125 consistency=0.01737765 lambda=0.1 beta=0.932 grad=24.3798 horizon=100->140 lifetime=[464,1081] skipped=False
2026-08-30 03:07:51,439 | INFO | step=4670/20000 loss=-0.8688696 nll=-0.8696904 kl=0.000661388 consistency=0.002030559 lambda=0.1 beta=0.934 grad=100.6145 horizon=180->220 lifetime=[437,988] skipped=False
2026-08-30 03:07:52,205 | INFO | step=4680/20000 loss=-0.8572122 nll=-0.8619764 kl=0.002064079 consistency=0.02832172 lambda=0.1 beta=0.936 grad=20.8661 horizon=100->140 lifetime=[539,1049] skipped=False
2026-08-30 03:07:52,977 | INFO | step=4690/20000 loss=-0.7419516 nll=-0.7491206 kl=0.001189753 consistency=0.06052929 lambda=0.1 beta=0.938 grad=60.44874 horizon=140->180 lifetime=[464,1635] skipped=False
2026-08-30 03:07:53,750 | INFO | step=4700/20000 loss=-1.328405 nll=-1.329271 kl=0.0006653368 consistency=0.002400193 lambda=0.1 beta=0.94 grad=92.5999 horizon=160->200 lifetime=[458,1049] skipped=False
2026-08-30 03:07:54,509 | INFO | step=4710/20000 loss=-0.8904827 nll=-0.8937883 kl=0.002316162 consistency=0.01123713 lambda=0.1 beta=0.942 grad=52.67764 horizon=140->180 lifetime=[493,1038] skipped=False
2026-08-30 03:07:55,310 | INFO | step=4720/20000 loss=-0.9833847 nll=-0.9843512 kl=0.0008340925 consistency=0.001790777 lambda=0.1 beta=0.944 grad=120.5222 horizon=160->200 lifetime=[443,1091] skipped=False
2026-08-30 03:07:56,093 | INFO | step=4730/20000 loss=-0.9334344 nll=-0.9361991 kl=0.002738148 consistency=0.001744322 lambda=0.1 beta=0.946 grad=62.0499 horizon=240->280 lifetime=[510,1858] skipped=False
2026-08-30 03:07:56,812 | INFO | step=4740/20000 loss=-0.9470008 nll=-0.9513972 kl=0.003061473 consistency=0.01494113 lambda=0.1 beta=0.948 grad=59.52043 horizon=100->140 lifetime=[437,2154] skipped=False
2026-08-30 03:07:57,601 | INFO | step=4750/20000 loss=-1.558304 nll=-1.560154 kl=0.001643732 consistency=0.002886645 lambda=0.1 beta=0.95 grad=49.87466 horizon=220->260 lifetime=[464,1156] skipped=False
2026-08-30 03:07:58,345 | INFO | step=4760/20000 loss=-1.267003 nll=-1.269382 kl=0.00232403 consistency=0.001660923 lambda=0.1 beta=0.952 grad=46.78012 horizon=200->240 lifetime=[484,1052] skipped=False
2026-08-30 03:07:59,067 | INFO | step=4770/20000 loss=-0.3302609 nll=-0.3351186 kl=0.003162548 consistency=0.01840647 lambda=0.1 beta=0.954 grad=95.00977 horizon=100->140 lifetime=[484,988] skipped=False
2026-08-30 03:07:59,810 | INFO | step=4780/20000 loss=-1.052604 nll=-1.05568 kl=0.0009722263 consistency=0.02146709 lambda=0.1 beta=0.956 grad=50.61334 horizon=140->180 lifetime=[453,1156] skipped=False
2026-08-30 03:08:00,620 | INFO | step=4790/20000 loss=-1.891061 nll=-1.892625 kl=0.001555324 consistency=0.0007476592 lambda=0.1 beta=0.958 grad=76.50375 horizon=260->300 lifetime=[458,1076] skipped=False
2026-08-30 03:08:01,371 | INFO | step=4800/20000 loss=-0.5593752 nll=-0.5678231 kl=0.00250946 consistency=0.06038811 lambda=0.1 beta=0.96 grad=28.19516 horizon=100->140 lifetime=[443,938] skipped=False
2026-08-30 03:08:02,067 | INFO | step=4810/20000 loss=-0.6309218 nll=-0.6383287 kl=0.003264666 consistency=0.04266331 lambda=0.1 beta=0.962 grad=41.2382 horizon=120->160 lifetime=[729,2154] skipped=False
2026-08-30 03:08:02,890 | INFO | step=4820/20000 loss=-1.258804 nll=-1.262686 kl=0.0006035715 consistency=0.03300843 lambda=0.1 beta=0.964 grad=43.45494 horizon=200->240 lifetime=[453,1932] skipped=False
2026-08-30 03:08:03,591 | INFO | step=4830/20000 loss=-1.418983 nll=-1.421618 kl=0.002525121 consistency=0.001967166 lambda=0.1 beta=0.966 grad=81.72827 horizon=180->220 lifetime=[455,1000] skipped=False
2026-08-30 03:08:04,355 | INFO | step=4840/20000 loss=-0.7522888 nll=-0.7561724 kl=0.001996726 consistency=0.01950752 lambda=0.1 beta=0.968 grad=46.77434 horizon=140->180 lifetime=[461,1076] skipped=False
2026-08-30 03:08:05,107 | INFO | step=4850/20000 loss=-0.3756827 nll=-0.3771597 kl=0.001049563 consistency=0.004589364 lambda=0.1 beta=0.97 grad=283.1273 horizon=200->240 lifetime=[461,1152] skipped=False
2026-08-30 03:08:05,889 | INFO | step=4860/20000 loss=-1.359835 nll=-1.361288 kl=0.001005903 consistency=0.004750653 lambda=0.1 beta=0.972 grad=39.40477 horizon=160->200 lifetime=[464,1076] skipped=False
2026-08-30 03:08:06,668 | INFO | step=4870/20000 loss=-0.1391192 nll=-0.1473611 kl=0.001283407 consistency=0.06991905 lambda=0.1 beta=0.974 grad=189.0439 horizon=220->260 lifetime=[455,1932] skipped=False
2026-08-30 03:08:07,458 | INFO | step=4880/20000 loss=-0.8246057 nll=-0.8269777 kl=0.001970112 consistency=0.004491754 lambda=0.1 beta=0.976 grad=234.6749 horizon=220->260 lifetime=[479,1052] skipped=False
2026-08-30 03:08:08,226 | INFO | step=4890/20000 loss=-0.919258 nll=-0.9216546 kl=0.002277911 consistency=0.001688302 lambda=0.1 beta=0.978 grad=235.9737 horizon=220->260 lifetime=[462,1091] skipped=False
2026-08-30 03:08:09,033 | INFO | step=4900/20000 loss=-1.069346 nll=-1.070903 kl=0.001433358 consistency=0.001524811 lambda=0.1 beta=0.98 grad=257.0963 horizon=240->280 lifetime=[461,1081] skipped=False
2026-08-30 03:08:09,794 | INFO | step=4910/20000 loss=-0.8511609 nll=-0.8567902 kl=0.002999127 consistency=0.02684151 lambda=0.1 beta=0.982 grad=53.08268 horizon=100->140 lifetime=[486,1154] skipped=False
2026-08-30 03:08:10,795 | INFO | step=4920/20000 loss=-0.6040356 nll=-0.611372 kl=0.001911491 consistency=0.0545547 lambda=0.1 beta=0.984 grad=72.0589 horizon=140->180 lifetime=[559,1932] skipped=False
2026-08-30 03:08:11,567 | INFO | step=4930/20000 loss=-1.410215 nll=-1.411545 kl=0.0006450862 consistency=0.006937467 lambda=0.1 beta=0.986 grad=22.02158 horizon=140->180 lifetime=[299,1081] skipped=False
2026-08-30 03:08:12,375 | INFO | step=4940/20000 loss=-1.361273 nll=-1.363033 kl=0.001239225 consistency=0.005354188 lambda=0.1 beta=0.988 grad=126.2631 horizon=140->180 lifetime=[467,1052] skipped=False
2026-08-30 03:08:13,129 | INFO | step=4950/20000 loss=-0.4459975 nll=-0.4492967 kl=0.002175927 consistency=0.01145013 lambda=0.1 beta=0.99 grad=121.2526 horizon=120->160 lifetime=[486,1007] skipped=False
2026-08-30 03:08:13,872 | INFO | step=4960/20000 loss=-1.127049 nll=-1.12888 kl=0.001294419 consistency=0.005470571 lambda=0.1 beta=0.992 grad=182.4645 horizon=200->240 lifetime=[461,991] skipped=False
2026-08-30 03:08:14,617 | INFO | step=4970/20000 loss=-1.587234 nll=-1.589956 kl=0.001959667 consistency=0.007742129 lambda=0.1 beta=0.994 grad=26.63544 horizon=260->300 lifetime=[467,871] skipped=False
2026-08-30 03:08:15,370 | INFO | step=4980/20000 loss=-0.1272444 nll=-0.1434236 kl=0.001285017 consistency=0.1489942 lambda=0.1 beta=0.996 grad=232.6793 horizon=140->180 lifetime=[428,1152] skipped=False
2026-08-30 03:08:16,145 | INFO | step=4990/20000 loss=-1.133797 nll=-1.135912 kl=0.0007749349 consistency=0.01340873 lambda=0.1 beta=0.998 grad=55.21365 horizon=160->200 lifetime=[299,1152] skipped=False
2026-08-30 03:08:17,191 | INFO | validation step=5000 rmse=193.6014 best=123.0601@4000 stale=2/10
2026-08-30 03:08:17,191 | INFO | step=5000/20000 loss=-0.4768571 nll=-0.4807917 kl=0.0007151216 consistency=0.0321947 lambda=0.1 beta=1 grad=104.8679 horizon=140->180 lifetime=[501,1858] skipped=False
2026-08-30 03:08:18,056 | INFO | step=5010/20000 loss=-0.7081239 nll=-0.7142842 kl=0.00141564 consistency=0.04744675 lambda=0.1 beta=1 grad=27.36322 horizon=100->140 lifetime=[458,1025] skipped=False
2026-08-30 03:08:18,801 | INFO | step=5020/20000 loss=-0.2608824 nll=-0.2630707 kl=0.0009187162 consistency=0.0126957 lambda=0.1 beta=1 grad=305.6056 horizon=160->200 lifetime=[455,1091] skipped=False
2026-08-30 03:08:19,598 | INFO | step=5030/20000 loss=-1.410483 nll=-1.412518 kl=0.001918316 consistency=0.001161338 lambda=0.1 beta=1 grad=90.95689 horizon=160->200 lifetime=[486,930] skipped=False
2026-08-30 03:08:20,375 | INFO | step=5040/20000 loss=-1.501018 nll=-1.50206 kl=0.0009965003 consistency=0.000448063 lambda=0.1 beta=1 grad=156.8604 horizon=200->240 lifetime=[470,2154] skipped=False
2026-08-30 03:08:21,141 | INFO | step=5050/20000 loss=-0.6396692 nll=-0.6408885 kl=0.001079008 consistency=0.001402561 lambda=0.1 beta=1 grad=147.6754 horizon=240->280 lifetime=[467,1154] skipped=False
2026-08-30 03:08:21,926 | INFO | step=5060/20000 loss=-1.582006 nll=-1.582881 kl=0.0007987022 consistency=0.0007581571 lambda=0.1 beta=1 grad=46.98837 horizon=140->180 lifetime=[484,988] skipped=False
2026-08-30 03:08:22,703 | INFO | step=5070/20000 loss=-0.4068488 nll=-0.4108473 kl=0.002198368 consistency=0.01800151 lambda=0.1 beta=1 grad=138.8304 horizon=120->160 lifetime=[437,1932] skipped=False
2026-08-30 03:08:23,504 | INFO | step=5080/20000 loss=-0.7497473 nll=-0.7590034 kl=0.0007777363 consistency=0.08478275 lambda=0.1 beta=1 grad=61.62683 horizon=120->160 lifetime=[299,1932] skipped=False
2026-08-30 03:08:24,386 | INFO | step=5090/20000 loss=-0.8815786 nll=-0.8838047 kl=0.001560703 consistency=0.006653998 lambda=0.1 beta=1 grad=156.7159 horizon=220->260 lifetime=[458,1055] skipped=False
2026-08-30 03:08:25,175 | INFO | step=5100/20000 loss=-1.518947 nll=-1.520631 kl=0.001492634 consistency=0.001917407 lambda=0.1 beta=1 grad=54.5937 horizon=240->280 lifetime=[443,2154] skipped=False
2026-08-30 03:08:25,966 | INFO | step=5110/20000 loss=-1.688789 nll=-1.689827 kl=0.000856638 consistency=0.001815807 lambda=0.1 beta=1 grad=63.10268 horizon=180->220 lifetime=[479,1007] skipped=False
2026-08-30 03:08:26,742 | INFO | step=5120/20000 loss=-1.243942 nll=-1.245313 kl=0.001009852 consistency=0.003606439 lambda=0.1 beta=1 grad=80.19761 horizon=220->260 lifetime=[470,2154] skipped=False
2026-08-30 03:08:27,476 | INFO | step=5130/20000 loss=-0.4799232 nll=-0.4882235 kl=0.001624733 consistency=0.0667557 lambda=0.1 beta=1 grad=58.34877 horizon=120->160 lifetime=[428,1858] skipped=False
2026-08-30 03:08:28,181 | INFO | step=5140/20000 loss=-1.505384 nll=-1.507697 kl=0.002019688 consistency=0.002927355 lambda=0.1 beta=1 grad=26.24791 horizon=200->240 lifetime=[486,1038] skipped=False
2026-08-30 03:08:29,044 | INFO | step=5150/20000 loss=-1.027069 nll=-1.029943 kl=0.0006096959 consistency=0.02264532 lambda=0.1 beta=1 grad=40.60521 horizon=180->220 lifetime=[486,2154] skipped=False
2026-08-30 03:08:29,816 | INFO | step=5160/20000 loss=-0.8274991 nll=-0.8287082 kl=0.000969097 consistency=0.002400314 lambda=0.1 beta=1 grad=98.0005 horizon=140->180 lifetime=[462,1015] skipped=False
2026-08-30 03:08:30,569 | INFO | step=5170/20000 loss=-0.9090427 nll=-0.9118395 kl=0.002150923 consistency=0.006458939 lambda=0.1 beta=1 grad=188.213 horizon=160->200 lifetime=[428,794] skipped=False
2026-08-30 03:08:31,296 | INFO | step=5180/20000 loss=-1.04856 nll=-1.050188 kl=0.001192108 consistency=0.004358004 lambda=0.1 beta=1 grad=113.4751 horizon=140->180 lifetime=[437,1045] skipped=False
2026-08-30 03:08:32,055 | INFO | step=5190/20000 loss=-1.207737 nll=-1.212564 kl=0.003178909 consistency=0.01647955 lambda=0.1 beta=1 grad=25.39065 horizon=120->160 lifetime=[500,930] skipped=False
2026-08-30 03:08:32,791 | INFO | step=5200/20000 loss=-0.9146259 nll=-0.9158099 kl=0.0007638186 consistency=0.00420218 lambda=0.1 beta=1 grad=223.6823 horizon=200->240 lifetime=[486,1007] skipped=False
2026-08-30 03:08:33,502 | INFO | step=5210/20000 loss=-0.882989 nll=-0.8953241 kl=0.002808273 consistency=0.09526714 lambda=0.1 beta=1 grad=83.97598 horizon=120->160 lifetime=[428,1000] skipped=False
2026-08-30 03:08:34,231 | INFO | step=5220/20000 loss=-1.529431 nll=-1.530628 kl=0.001039684 consistency=0.001566843 lambda=0.1 beta=1 grad=119.4175 horizon=240->280 lifetime=[428,988] skipped=False
2026-08-30 03:08:34,987 | INFO | step=5230/20000 loss=-1.66472 nll=-1.66713 kl=0.002197519 consistency=0.002121197 lambda=0.1 beta=1 grad=28.04054 horizon=260->300 lifetime=[428,863] skipped=False
2026-08-30 03:08:35,819 | INFO | step=5240/20000 loss=-0.3035255 nll=-0.3069054 kl=0.001294881 consistency=0.02085032 lambda=0.1 beta=1 grad=195.8631 horizon=180->220 lifetime=[501,1932] skipped=False
2026-08-30 03:08:36,562 | INFO | step=5250/20000 loss=-1.359951 nll=-1.361487 kl=0.001023531 consistency=0.005128458 lambda=0.1 beta=1 grad=20.69002 horizon=180->220 lifetime=[460,1858] skipped=False
2026-08-30 03:08:37,295 | INFO | step=5260/20000 loss=-1.62364 nll=-1.624668 kl=0.0008082986 consistency=0.002195776 lambda=0.1 beta=1 grad=271.3978 horizon=220->260 lifetime=[443,1091] skipped=False
2026-08-30 03:08:38,115 | INFO | step=5270/20000 loss=-1.048981 nll=-1.050731 kl=0.0009812713 consistency=0.007691548 lambda=0.1 beta=1 grad=88.6887 horizon=160->200 lifetime=[539,1858] skipped=False
2026-08-30 03:08:38,874 | INFO | step=5280/20000 loss=-0.5751914 nll=-0.5795597 kl=0.001756683 consistency=0.02611617 lambda=0.1 beta=1 grad=195.7556 horizon=220->260 lifetime=[455,1932] skipped=False
2026-08-30 03:08:39,603 | INFO | step=5290/20000 loss=-1.138257 nll=-1.139546 kl=0.001123413 consistency=0.001657411 lambda=0.1 beta=1 grad=86.63345 horizon=180->220 lifetime=[299,1007] skipped=False
2026-08-30 03:08:40,416 | INFO | step=5300/20000 loss=-1.480111 nll=-1.48124 kl=0.0006045848 consistency=0.005248215 lambda=0.1 beta=1 grad=75.02984 horizon=180->220 lifetime=[458,913] skipped=False
2026-08-30 03:08:41,194 | INFO | step=5310/20000 loss=-0.2941385 nll=-0.2956392 kl=0.0009028912 consistency=0.005978548 lambda=0.1 beta=1 grad=305.949 horizon=260->300 lifetime=[455,1091] skipped=False
2026-08-30 03:08:41,924 | INFO | step=5320/20000 loss=-1.334381 nll=-1.335906 kl=0.001395419 consistency=0.001297411 lambda=0.1 beta=1 grad=92.61807 horizon=120->160 lifetime=[460,913] skipped=False
2026-08-30 03:08:42,694 | INFO | step=5330/20000 loss=-0.6670315 nll=-0.6713855 kl=0.001122966 consistency=0.03230961 lambda=0.1 beta=1 grad=82.39058 horizon=120->160 lifetime=[505,1635] skipped=False
2026-08-30 03:08:43,447 | INFO | step=5340/20000 loss=-0.3246343 nll=-0.3396071 kl=0.003849879 consistency=0.1112289 lambda=0.1 beta=1 grad=43.69986 horizon=100->140 lifetime=[597,1932] skipped=False
2026-08-30 03:08:44,187 | INFO | step=5350/20000 loss=2.120156 nll=2.118391 kl=0.001596421 consistency=0.001684189 lambda=0.1 beta=1 grad=702.6727 horizon=180->220 lifetime=[453,991] skipped=False
2026-08-30 03:08:44,963 | INFO | step=5360/20000 loss=-0.184849 nll=-0.1871766 kl=0.001731008 consistency=0.005966124 lambda=0.1 beta=1 grad=95.97856 horizon=140->180 lifetime=[460,2154] skipped=False
2026-08-30 03:08:45,749 | INFO | step=5370/20000 loss=-1.524489 nll=-1.525778 kl=0.001179889 consistency=0.001088606 lambda=0.1 beta=1 grad=34.73178 horizon=240->280 lifetime=[470,1038] skipped=False
2026-08-30 03:08:46,547 | INFO | step=5380/20000 loss=-1.565186 nll=-1.567174 kl=0.00140202 consistency=0.005862847 lambda=0.1 beta=1 grad=89.06297 horizon=220->260 lifetime=[486,1049] skipped=False
2026-08-30 03:08:47,289 | INFO | step=5390/20000 loss=-1.163416 nll=-1.165426 kl=0.001836568 consistency=0.001734324 lambda=0.1 beta=1 grad=73.16174 horizon=220->260 lifetime=[458,1055] skipped=False
2026-08-30 03:08:48,100 | INFO | step=5400/20000 loss=-1.52634 nll=-1.528135 kl=0.0009084046 consistency=0.008857121 lambda=0.1 beta=1 grad=167.5323 horizon=220->260 lifetime=[460,1152] skipped=False
2026-08-30 03:08:48,828 | INFO | step=5410/20000 loss=-0.8341122 nll=-0.8368098 kl=0.002042592 consistency=0.006549021 lambda=0.1 beta=1 grad=124.8783 horizon=100->140 lifetime=[453,1038] skipped=False
2026-08-30 03:08:49,523 | INFO | step=5420/20000 loss=-1.032871 nll=-1.033949 kl=0.0006469637 consistency=0.004307097 lambda=0.1 beta=1 grad=215.0268 horizon=160->200 lifetime=[443,814] skipped=False
2026-08-30 03:08:50,214 | INFO | step=5430/20000 loss=-0.5835887 nll=-0.5844616 kl=0.000592947 consistency=0.002799526 lambda=0.1 beta=1 grad=134.32 horizon=200->240 lifetime=[437,1055] skipped=False
2026-08-30 03:08:50,936 | INFO | step=5440/20000 loss=-1.535092 nll=-1.538194 kl=0.00285688 consistency=0.002447817 lambda=0.1 beta=1 grad=119.5876 horizon=220->260 lifetime=[533,1052] skipped=False
2026-08-30 03:08:51,631 | INFO | step=5450/20000 loss=-0.9939992 nll=-0.9993178 kl=0.001398504 consistency=0.03920075 lambda=0.1 beta=1 grad=62.36396 horizon=140->180 lifetime=[455,1015] skipped=False
2026-08-30 03:08:52,437 | INFO | step=5460/20000 loss=-1.79578 nll=-1.79647 kl=0.0005879253 consistency=0.001018414 lambda=0.1 beta=1 grad=132.9773 horizon=260->300 lifetime=[455,1007] skipped=False
2026-08-30 03:08:53,321 | INFO | step=5470/20000 loss=-0.7740116 nll=-0.7750019 kl=0.0004095584 consistency=0.005808637 lambda=0.1 beta=1 grad=329.0073 horizon=220->260 lifetime=[461,988] skipped=False
2026-08-30 03:08:54,056 | INFO | step=5480/20000 loss=-1.355829 nll=-1.357246 kl=0.001157314 consistency=0.002591116 lambda=0.1 beta=1 grad=62.24633 horizon=240->280 lifetime=[484,828] skipped=False
2026-08-30 03:08:54,840 | INFO | step=5490/20000 loss=-0.9959071 nll=-1.003574 kl=0.001644656 consistency=0.06022167 lambda=0.1 beta=1 grad=58.9842 horizon=120->160 lifetime=[453,1015] skipped=False
2026-08-30 03:08:55,823 | INFO | validation step=5500 rmse=230.1436 best=123.0601@4000 stale=3/10
2026-08-30 03:08:55,824 | INFO | step=5500/20000 loss=-1.439431 nll=-1.440637 kl=0.0009698346 consistency=0.002365574 lambda=0.1 beta=1 grad=46.06618 horizon=160->200 lifetime=[498,1015] skipped=False
2026-08-30 03:08:56,587 | INFO | step=5510/20000 loss=-0.175822 nll=-0.1786606 kl=0.001721188 consistency=0.01117414 lambda=0.1 beta=1 grad=128.3316 horizon=140->180 lifetime=[455,1152] skipped=False
2026-08-30 03:08:57,390 | INFO | step=5520/20000 loss=-0.8568941 nll=-0.859055 kl=0.001734272 consistency=0.004266732 lambda=0.1 beta=1 grad=78.31599 horizon=180->220 lifetime=[560,1038] skipped=False
2026-08-30 03:08:58,164 | INFO | step=5530/20000 loss=-1.1722 nll=-1.173661 kl=0.0006922856 consistency=0.007680179 lambda=0.1 beta=1 grad=139.9499 horizon=260->300 lifetime=[500,1154] skipped=False
2026-08-30 03:08:58,919 | INFO | step=5540/20000 loss=-1.30834 nll=-1.310874 kl=0.002404444 consistency=0.001293875 lambda=0.1 beta=1 grad=69.67296 horizon=180->220 lifetime=[482,1045] skipped=False
2026-08-30 03:08:59,593 | INFO | step=5550/20000 loss=-1.3323 nll=-1.334484 kl=0.001844294 consistency=0.003394514 lambda=0.1 beta=1 grad=31.16699 horizon=120->160 lifetime=[497,1038] skipped=False
2026-08-30 03:09:00,383 | INFO | step=5560/20000 loss=-1.271397 nll=-1.273203 kl=0.001666911 consistency=0.001394844 lambda=0.1 beta=1 grad=146.0801 horizon=240->280 lifetime=[458,1156] skipped=False
2026-08-30 03:09:01,247 | INFO | step=5570/20000 loss=-1.084428 nll=-1.086601 kl=0.0007020831 consistency=0.01471623 lambda=0.1 beta=1 grad=32.24327 horizon=220->260 lifetime=[458,1932] skipped=False
2026-08-30 03:09:02,028 | INFO | step=5580/20000 loss=-1.098784 nll=-1.100867 kl=0.001098678 consistency=0.009841651 lambda=0.1 beta=1 grad=120.1739 horizon=160->200 lifetime=[508,1055] skipped=False
2026-08-30 03:09:02,848 | INFO | step=5590/20000 loss=-1.156562 nll=-1.159272 kl=0.001089558 consistency=0.01620227 lambda=0.1 beta=1 grad=68.79456 horizon=240->280 lifetime=[559,1076] skipped=False
2026-08-30 03:09:03,588 | INFO | step=5600/20000 loss=-1.722508 nll=-1.7233 kl=0.0004371703 consistency=0.003552286 lambda=0.1 beta=1 grad=138.9856 horizon=200->240 lifetime=[461,1012] skipped=False
2026-08-30 03:09:04,398 | INFO | step=5610/20000 loss=-1.133234 nll=-1.136545 kl=0.002264991 consistency=0.01046189 lambda=0.1 beta=1 grad=64.23055 horizon=220->260 lifetime=[719,1156] skipped=False
2026-08-30 03:09:05,187 | INFO | step=5620/20000 loss=-0.9332199 nll=-0.9375612 kl=0.002135605 consistency=0.02205648 lambda=0.1 beta=1 grad=54.36092 horizon=120->160 lifetime=[539,2154] skipped=False
2026-08-30 03:09:05,939 | INFO | step=5630/20000 loss=-1.20125 nll=-1.20477 kl=0.002137691 consistency=0.01382581 lambda=0.1 beta=1 grad=57.13256 horizon=120->160 lifetime=[458,1156] skipped=False
2026-08-30 03:09:06,660 | INFO | step=5640/20000 loss=-0.8279471 nll=-0.8313998 kl=0.0009517372 consistency=0.02500959 lambda=0.1 beta=1 grad=39.069 horizon=100->140 lifetime=[497,1858] skipped=False
2026-08-30 03:09:07,398 | INFO | step=5650/20000 loss=-0.8202994 nll=-0.8222089 kl=0.001459904 consistency=0.004496486 lambda=0.1 beta=1 grad=215.4308 horizon=120->160 lifetime=[437,930] skipped=False
2026-08-30 03:09:08,120 | INFO | step=5660/20000 loss=-1.641421 nll=-1.642402 kl=0.0005746111 consistency=0.00406753 lambda=0.1 beta=1 grad=85.57349 horizon=200->240 lifetime=[505,1858] skipped=False
2026-08-30 03:09:08,951 | INFO | step=5670/20000 loss=-1.014234 nll=-1.01636 kl=0.0007950515 consistency=0.01331541 lambda=0.1 beta=1 grad=147.5767 horizon=240->280 lifetime=[453,1635] skipped=False
2026-08-30 03:09:09,744 | INFO | step=5680/20000 loss=-1.232701 nll=-1.23413 kl=0.001346119 consistency=0.0008242363 lambda=0.1 beta=1 grad=130.928 horizon=200->240 lifetime=[479,1025] skipped=False
2026-08-30 03:09:10,516 | INFO | step=5690/20000 loss=-0.8455529 nll=-0.8472993 kl=0.000912115 consistency=0.008343731 lambda=0.1 beta=1 grad=108.5013 horizon=120->160 lifetime=[462,1081] skipped=False
2026-08-30 03:09:11,242 | INFO | step=5700/20000 loss=-1.722254 nll=-1.723237 kl=0.000486441 consistency=0.004969074 lambda=0.1 beta=1 grad=54.56945 horizon=160->200 lifetime=[428,847] skipped=False
2026-08-30 03:09:12,078 | INFO | step=5710/20000 loss=-1.49677 nll=-1.498217 kl=0.001049273 consistency=0.003970593 lambda=0.1 beta=1 grad=119.703 horizon=200->240 lifetime=[460,1858] skipped=False
2026-08-30 03:09:12,842 | INFO | step=5720/20000 loss=-1.413965 nll=-1.418865 kl=0.001830369 consistency=0.03069581 lambda=0.1 beta=1 grad=68.98889 horizon=140->180 lifetime=[428,1635] skipped=False
2026-08-30 03:09:13,610 | INFO | step=5730/20000 loss=-1.47088 nll=-1.471994 kl=0.000822261 consistency=0.00291314 lambda=0.1 beta=1 grad=105.8723 horizon=260->300 lifetime=[467,915] skipped=False
2026-08-30 03:09:14,346 | INFO | step=5740/20000 loss=-1.216974 nll=-1.218209 kl=0.0007700026 consistency=0.004650071 lambda=0.1 beta=1 grad=141.8854 horizon=120->160 lifetime=[428,1154] skipped=False
2026-08-30 03:09:15,155 | INFO | step=5750/20000 loss=-0.8299734 nll=-0.8391606 kl=0.001343891 consistency=0.07843283 lambda=0.1 beta=1 grad=49.81638 horizon=100->140 lifetime=[453,860] skipped=False
2026-08-30 03:09:15,910 | INFO | step=5760/20000 loss=-1.220647 nll=-1.222947 kl=0.001015753 consistency=0.0128444 lambda=0.1 beta=1 grad=86.78568 horizon=260->300 lifetime=[465,1635] skipped=False
2026-08-30 03:09:16,650 | INFO | step=5770/20000 loss=-1.133004 nll=-1.135 kl=0.001616269 consistency=0.003793001 lambda=0.1 beta=1 grad=208.2264 horizon=180->220 lifetime=[299,1007] skipped=False
2026-08-30 03:09:17,563 | INFO | step=5780/20000 loss=-1.689009 nll=-1.690651 kl=0.0007956028 consistency=0.008457491 lambda=0.1 beta=1 grad=43.61171 horizon=180->220 lifetime=[461,1152] skipped=False
2026-08-30 03:09:18,270 | INFO | step=5790/20000 loss=-1.856132 nll=-1.857343 kl=0.001165479 consistency=0.0004572272 lambda=0.1 beta=1 grad=50.01065 horizon=180->220 lifetime=[462,1000] skipped=False
2026-08-30 03:09:19,011 | INFO | step=5800/20000 loss=-1.833831 nll=-1.835575 kl=0.001691759 consistency=0.0005221702 lambda=0.1 beta=1 grad=58.0448 horizon=160->200 lifetime=[428,1055] skipped=False
2026-08-30 03:09:19,845 | INFO | step=5810/20000 loss=-1.523795 nll=-1.525228 kl=0.001231909 consistency=0.002001909 lambda=0.1 beta=1 grad=265.8963 horizon=260->300 lifetime=[428,738] skipped=False
2026-08-30 03:09:20,549 | INFO | step=5820/20000 loss=-1.200491 nll=-1.202905 kl=0.0007487237 consistency=0.01665202 lambda=0.1 beta=1 grad=52.84943 horizon=240->280 lifetime=[476,1858] skipped=False
2026-08-30 03:09:21,345 | INFO | step=5830/20000 loss=-1.250556 nll=-1.2516 kl=0.0007199794 consistency=0.003242601 lambda=0.1 beta=1 grad=35.10551 horizon=140->180 lifetime=[460,836] skipped=False
2026-08-30 03:09:22,071 | INFO | step=5840/20000 loss=-1.070825 nll=-1.074421 kl=0.001170084 consistency=0.02426081 lambda=0.1 beta=1 grad=29.12266 horizon=120->160 lifetime=[443,1858] skipped=False
2026-08-30 03:09:22,856 | INFO | step=5850/20000 loss=-1.471331 nll=-1.472531 kl=0.001008108 consistency=0.001914372 lambda=0.1 beta=1 grad=102.4425 horizon=260->300 lifetime=[464,988] skipped=False
2026-08-30 03:09:23,645 | INFO | step=5860/20000 loss=-0.9786038 nll=-0.980728 kl=0.001196161 consistency=0.009280385 lambda=0.1 beta=1 grad=63.82418 horizon=200->240 lifetime=[677,2154] skipped=False
2026-08-30 03:09:24,495 | INFO | step=5870/20000 loss=-1.345039 nll=-1.345644 kl=0.0002940893 consistency=0.003109449 lambda=0.1 beta=1 grad=65.98786 horizon=260->300 lifetime=[460,826] skipped=False
2026-08-30 03:09:25,233 | INFO | step=5880/20000 loss=0.11489 nll=0.1079125 kl=0.001019612 consistency=0.05957967 lambda=0.1 beta=1 grad=290.3005 horizon=140->180 lifetime=[607,2154] skipped=False
2026-08-30 03:09:26,024 | INFO | step=5890/20000 loss=-1.017844 nll=-1.021001 kl=0.002627447 consistency=0.005286936 lambda=0.1 beta=1 grad=55.58377 horizon=100->140 lifetime=[443,1091] skipped=False
2026-08-30 03:09:26,850 | INFO | step=5900/20000 loss=-0.8549778 nll=-0.857702 kl=0.001160443 consistency=0.01563674 lambda=0.1 beta=1 grad=125.5963 horizon=160->200 lifetime=[479,1156] skipped=False
2026-08-30 03:09:27,588 | INFO | step=5910/20000 loss=-1.601384 nll=-1.602703 kl=0.0008426905 consistency=0.00475544 lambda=0.1 beta=1 grad=68.3458 horizon=260->300 lifetime=[470,1012] skipped=False
2026-08-30 03:09:28,378 | INFO | step=5920/20000 loss=-1.793561 nll=-1.79485 kl=0.0008282512 consistency=0.00460507 lambda=0.1 beta=1 grad=82.65385 horizon=240->280 lifetime=[428,1025] skipped=False
2026-08-30 03:09:29,196 | INFO | step=5930/20000 loss=-1.503773 nll=-1.504648 kl=0.0007594824 consistency=0.001159933 lambda=0.1 beta=1 grad=71.17625 horizon=180->220 lifetime=[299,938] skipped=False
2026-08-30 03:09:29,963 | INFO | step=5940/20000 loss=-1.184092 nll=-1.190631 kl=0.001660213 consistency=0.04879091 lambda=0.1 beta=1 grad=148.2544 horizon=260->300 lifetime=[443,1076] skipped=False
2026-08-30 03:09:30,747 | INFO | step=5950/20000 loss=-1.720653 nll=-1.722592 kl=0.001897037 consistency=0.00041606 lambda=0.1 beta=1 grad=58.93816 horizon=240->280 lifetime=[470,1045] skipped=False
2026-08-30 03:09:31,546 | INFO | step=5960/20000 loss=-1.245446 nll=-1.248371 kl=0.0007795244 consistency=0.02145125 lambda=0.1 beta=1 grad=85.56 horizon=260->300 lifetime=[476,1154] skipped=False
2026-08-30 03:09:32,284 | INFO | step=5970/20000 loss=-1.643894 nll=-1.644697 kl=0.0007248968 consistency=0.0007758783 lambda=0.1 beta=1 grad=67.59706 horizon=220->260 lifetime=[428,909] skipped=False
2026-08-30 03:09:33,125 | INFO | step=5980/20000 loss=-0.4372765 nll=-0.4411094 kl=0.002796426 consistency=0.01036491 lambda=0.1 beta=1 grad=148.8069 horizon=120->160 lifetime=[479,964] skipped=False
2026-08-30 03:09:33,892 | INFO | step=5990/20000 loss=-1.314374 nll=-1.315538 kl=0.0009223074 consistency=0.002417505 lambda=0.1 beta=1 grad=85.00657 horizon=180->220 lifetime=[437,1635] skipped=False
2026-08-30 03:09:34,957 | INFO | validation step=6000 rmse=164.0103 best=123.0601@4000 stale=4/10
2026-08-30 03:09:34,957 | INFO | step=6000/20000 loss=-0.4905251 nll=-0.4942351 kl=0.0007018149 consistency=0.03008121 lambda=0.1 beta=1 grad=93.76975 horizon=120->160 lifetime=[437,1932] skipped=False
2026-08-30 03:09:35,768 | INFO | step=6010/20000 loss=-1.569961 nll=-1.570869 kl=0.0006050169 consistency=0.003026564 lambda=0.1 beta=1 grad=49.44479 horizon=220->260 lifetime=[559,1932] skipped=False
2026-08-30 03:09:36,583 | INFO | step=6020/20000 loss=-1.409121 nll=-1.410703 kl=0.001384959 consistency=0.001971623 lambda=0.1 beta=1 grad=170.6409 horizon=260->300 lifetime=[479,1081] skipped=False
2026-08-30 03:09:37,324 | INFO | step=6030/20000 loss=-0.8126706 nll=-0.8284984 kl=0.001314849 consistency=0.1451286 lambda=0.1 beta=1 grad=21.67794 horizon=100->140 lifetime=[455,1635] skipped=False
2026-08-30 03:09:38,070 | INFO | step=6040/20000 loss=-1.471832 nll=-1.472408 kl=0.0004179478 consistency=0.001580745 lambda=0.1 beta=1 grad=117.7378 horizon=220->260 lifetime=[428,1081] skipped=False
2026-08-30 03:09:38,795 | INFO | step=6050/20000 loss=-0.7825834 nll=-0.7896466 kl=0.001464173 consistency=0.0559897 lambda=0.1 beta=1 grad=79.34688 horizon=100->140 lifetime=[486,1049] skipped=False
2026-08-30 03:09:39,589 | INFO | step=6060/20000 loss=0.7590938 nll=0.7563626 kl=0.0007104129 consistency=0.02020857 lambda=0.1 beta=1 grad=309.8566 horizon=200->240 lifetime=[462,1152] skipped=False
2026-08-30 03:09:40,385 | INFO | step=6070/20000 loss=-1.737432 nll=-1.738285 kl=0.0008118898 consistency=0.0004178286 lambda=0.1 beta=1 grad=66.2795 horizon=220->260 lifetime=[498,1049] skipped=False
2026-08-30 03:09:41,156 | INFO | step=6080/20000 loss=-1.371995 nll=-1.372747 kl=0.0006030351 consistency=0.001489021 lambda=0.1 beta=1 grad=114.2476 horizon=200->240 lifetime=[458,1156] skipped=False
2026-08-30 03:09:41,948 | INFO | step=6090/20000 loss=-0.2072819 nll=-0.2086272 kl=0.0005373955 consistency=0.008078147 lambda=0.1 beta=1 grad=400.6225 horizon=140->180 lifetime=[465,1081] skipped=False
2026-08-30 03:09:42,731 | INFO | step=6100/20000 loss=-1.364801 nll=-1.367079 kl=0.001447812 consistency=0.008304482 lambda=0.1 beta=1 grad=162.0447 horizon=200->240 lifetime=[443,1635] skipped=False
2026-08-30 03:09:43,461 | INFO | step=6110/20000 loss=-1.164723 nll=-1.170529 kl=0.003399044 consistency=0.02407414 lambda=0.1 beta=1 grad=79.91914 horizon=100->140 lifetime=[428,2154] skipped=False
2026-08-30 03:09:44,253 | INFO | step=6120/20000 loss=-0.8873816 nll=-0.8887011 kl=0.00122261 consistency=0.000968535 lambda=0.1 beta=1 grad=204.2398 horizon=220->260 lifetime=[534,794] skipped=False
2026-08-30 03:09:45,023 | INFO | step=6130/20000 loss=-1.423465 nll=-1.425309 kl=0.00120084 consistency=0.006426666 lambda=0.1 beta=1 grad=51.49196 horizon=160->200 lifetime=[467,1049] skipped=False
2026-08-30 03:09:45,829 | INFO | step=6140/20000 loss=-1.330213 nll=-1.33267 kl=0.00200513 consistency=0.004514426 lambda=0.1 beta=1 grad=100.7736 horizon=140->180 lifetime=[428,1045] skipped=False
2026-08-30 03:09:46,552 | INFO | step=6150/20000 loss=-1.238253 nll=-1.239679 kl=0.001049802 consistency=0.003757317 lambda=0.1 beta=1 grad=26.81411 horizon=220->260 lifetime=[597,1156] skipped=False
2026-08-30 03:09:47,284 | INFO | step=6160/20000 loss=-0.3272346 nll=-0.3301065 kl=0.001513943 consistency=0.01357917 lambda=0.1 beta=1 grad=105.3198 horizon=100->140 lifetime=[493,988] skipped=False
2026-08-30 03:09:48,062 | INFO | step=6170/20000 loss=-0.8527725 nll=-0.8547529 kl=0.0006324053 consistency=0.01348008 lambda=0.1 beta=1 grad=161.448 horizon=180->220 lifetime=[428,1932] skipped=False
2026-08-30 03:09:48,851 | INFO | step=6180/20000 loss=-1.569473 nll=-1.570585 kl=0.001064822 consistency=0.0004771389 lambda=0.1 beta=1 grad=153.9262 horizon=180->220 lifetime=[299,1635] skipped=False
2026-08-30 03:09:49,609 | INFO | step=6190/20000 loss=-1.099294 nll=-1.100451 kl=0.000442028 consistency=0.007144466 lambda=0.1 beta=1 grad=183.3699 horizon=220->260 lifetime=[299,1156] skipped=False
2026-08-30 03:09:50,347 | INFO | step=6200/20000 loss=-0.7017009 nll=-0.7025254 kl=0.0007289201 consistency=0.0009552559 lambda=0.1 beta=1 grad=594.0634 horizon=220->260 lifetime=[486,1000] skipped=False
2026-08-30 03:09:51,100 | INFO | step=6210/20000 loss=-1.126229 nll=-1.129163 kl=0.0006703809 consistency=0.02263892 lambda=0.1 beta=1 grad=134.7883 horizon=140->180 lifetime=[428,1858] skipped=False
2026-08-30 03:09:51,906 | INFO | step=6220/20000 loss=-1.6337 nll=-1.634685 kl=0.0004813522 consistency=0.005040255 lambda=0.1 beta=1 grad=43.48208 horizon=260->300 lifetime=[458,1932] skipped=False
2026-08-30 03:09:52,700 | INFO | step=6230/20000 loss=-1.019503 nll=-1.027961 kl=0.001186356 consistency=0.07271549 lambda=0.1 beta=1 grad=60.77312 horizon=160->200 lifetime=[500,1152] skipped=False
2026-08-30 03:09:53,512 | INFO | step=6240/20000 loss=-1.262635 nll=-1.2641 kl=0.001431584 consistency=0.0003348084 lambda=0.1 beta=1 grad=220.8166 horizon=160->200 lifetime=[500,858] skipped=False
2026-08-30 03:09:54,254 | INFO | step=6250/20000 loss=-1.353372 nll=-1.355181 kl=0.0006926656 consistency=0.01116497 lambda=0.1 beta=1 grad=66.09674 horizon=180->220 lifetime=[476,1156] skipped=False
2026-08-30 03:09:55,041 | INFO | step=6260/20000 loss=-1.251584 nll=-1.2529 kl=0.001070872 consistency=0.002445156 lambda=0.1 beta=1 grad=78.19882 horizon=140->180 lifetime=[437,2154] skipped=False
2026-08-30 03:09:55,768 | INFO | step=6270/20000 loss=-0.8158606 nll=-0.8171239 kl=0.001185015 consistency=0.0007837899 lambda=0.1 beta=1 grad=286.4182 horizon=140->180 lifetime=[460,1081] skipped=False
2026-08-30 03:09:56,623 | INFO | step=6280/20000 loss=-0.2929225 nll=-0.2937887 kl=0.0005885661 consistency=0.002775583 lambda=0.1 beta=1 grad=261.6913 horizon=260->300 lifetime=[479,964] skipped=False
2026-08-30 03:09:57,462 | INFO | step=6290/20000 loss=-1.104165 nll=-1.105186 kl=0.0008014888 consistency=0.002200458 lambda=0.1 beta=1 grad=62.66848 horizon=220->260 lifetime=[747,1152] skipped=False
2026-08-30 03:09:58,248 | INFO | step=6300/20000 loss=0.5232379 nll=0.5217162 kl=0.0009981245 consistency=0.005236872 lambda=0.1 beta=1 grad=419.1788 horizon=200->240 lifetime=[443,1858] skipped=False
2026-08-30 03:09:59,047 | INFO | step=6310/20000 loss=-1.363691 nll=-1.364374 kl=0.0003508925 consistency=0.003317848 lambda=0.1 beta=1 grad=93.05759 horizon=200->240 lifetime=[476,1635] skipped=False
2026-08-30 03:09:59,813 | INFO | step=6320/20000 loss=-1.404337 nll=-1.407069 kl=0.002239093 consistency=0.004929733 lambda=0.1 beta=1 grad=16.9219 horizon=160->200 lifetime=[729,1156] skipped=False
2026-08-30 03:10:00,615 | INFO | step=6330/20000 loss=-0.3590159 nll=-0.3597854 kl=0.0006255955 consistency=0.001439371 lambda=0.1 beta=1 grad=329.9819 horizon=240->280 lifetime=[428,1154] skipped=False
2026-08-30 03:10:01,329 | INFO | step=6340/20000 loss=-1.073768 nll=-1.076699 kl=0.001983836 consistency=0.009464949 lambda=0.1 beta=1 grad=117.3334 horizon=120->160 lifetime=[443,1049] skipped=False
2026-08-30 03:10:02,095 | INFO | step=6350/20000 loss=-1.234899 nll=-1.237117 kl=0.0009912103 consistency=0.0122649 lambda=0.1 beta=1 grad=37.05399 horizon=140->180 lifetime=[299,1932] skipped=False
2026-08-30 03:10:02,899 | INFO | step=6360/20000 loss=-1.360841 nll=-1.362524 kl=0.0003625751 consistency=0.01320922 lambda=0.1 beta=1 grad=56.51215 horizon=160->200 lifetime=[476,2154] skipped=False
2026-08-30 03:10:03,626 | INFO | step=6370/20000 loss=-1.218423 nll=-1.219723 kl=0.001039609 consistency=0.002601475 lambda=0.1 beta=1 grad=55.00214 horizon=160->200 lifetime=[443,1635] skipped=False
2026-08-30 03:10:04,368 | INFO | step=6380/20000 loss=-0.7405754 nll=-0.7424291 kl=0.001188338 consistency=0.00665364 lambda=0.1 beta=1 grad=240.3733 horizon=260->300 lifetime=[476,1635] skipped=False
2026-08-30 03:10:05,108 | INFO | step=6390/20000 loss=-0.3076451 nll=-0.3101048 kl=0.001632974 consistency=0.008267563 lambda=0.1 beta=1 grad=166.1792 horizon=240->280 lifetime=[465,2154] skipped=False
2026-08-30 03:10:05,917 | INFO | step=6400/20000 loss=-1.787902 nll=-1.788756 kl=0.0005335659 consistency=0.003198863 lambda=0.1 beta=1 grad=30.7139 horizon=180->220 lifetime=[505,1007] skipped=False
2026-08-30 03:10:06,696 | INFO | step=6410/20000 loss=-1.18398 nll=-1.186117 kl=0.001393899 consistency=0.007431865 lambda=0.1 beta=1 grad=109.6003 horizon=220->260 lifetime=[458,1932] skipped=False
2026-08-30 03:10:07,480 | INFO | step=6420/20000 loss=-1.437166 nll=-1.437805 kl=0.0004543811 consistency=0.00184077 lambda=0.1 beta=1 grad=103.9637 horizon=200->240 lifetime=[443,1012] skipped=False
2026-08-30 03:10:08,197 | INFO | step=6430/20000 loss=-1.808694 nll=-1.809106 kl=0.0003530681 consistency=0.0005916059 lambda=0.1 beta=1 grad=56.35645 horizon=160->200 lifetime=[428,1055] skipped=False
2026-08-30 03:10:08,967 | INFO | step=6440/20000 loss=-0.8536191 nll=-0.855195 kl=0.001337901 consistency=0.002380318 lambda=0.1 beta=1 grad=122.3669 horizon=140->180 lifetime=[455,2154] skipped=False
2026-08-30 03:10:09,687 | INFO | step=6450/20000 loss=-1.444275 nll=-1.444848 kl=0.0003917515 consistency=0.001819385 lambda=0.1 beta=1 grad=154.413 horizon=220->260 lifetime=[460,1635] skipped=False
2026-08-30 03:10:10,422 | INFO | step=6460/20000 loss=-1.38293 nll=-1.385639 kl=0.002475172 consistency=0.002338103 lambda=0.1 beta=1 grad=122.5559 horizon=260->300 lifetime=[460,1156] skipped=False
2026-08-30 03:10:11,205 | INFO | step=6470/20000 loss=-1.527733 nll=-1.529444 kl=0.001203641 consistency=0.005068008 lambda=0.1 beta=1 grad=63.32547 horizon=160->200 lifetime=[497,1932] skipped=False
2026-08-30 03:10:11,924 | INFO | step=6480/20000 loss=-1.586746 nll=-1.588087 kl=0.001244187 consistency=0.0009651817 lambda=0.1 beta=1 grad=238.0555 horizon=220->260 lifetime=[299,1045] skipped=False
2026-08-30 03:10:12,669 | INFO | step=6490/20000 loss=-1.195963 nll=-1.197783 kl=0.001141354 consistency=0.006785695 lambda=0.1 beta=1 grad=73.84789 horizon=220->260 lifetime=[461,1156] skipped=False
2026-08-30 03:10:13,707 | INFO | validation step=6500 rmse=191.5586 best=123.0601@4000 stale=5/10
2026-08-30 03:10:13,707 | INFO | step=6500/20000 loss=-0.3951226 nll=-0.3968642 kl=0.0008922666 consistency=0.008493338 lambda=0.1 beta=1 grad=190.8538 horizon=140->180 lifetime=[443,1858] skipped=False
2026-08-30 03:10:14,490 | INFO | step=6510/20000 loss=-0.5800361 nll=-0.5862708 kl=0.001449481 consistency=0.04785155 lambda=0.1 beta=1 grad=93.83587 horizon=120->160 lifetime=[493,1055] skipped=False
2026-08-30 03:10:15,266 | INFO | step=6520/20000 loss=-1.257054 nll=-1.259621 kl=0.001229063 consistency=0.01338242 lambda=0.1 beta=1 grad=54.76812 horizon=160->200 lifetime=[453,1858] skipped=False
2026-08-30 03:10:16,127 | INFO | step=6530/20000 loss=-1.027077 nll=-1.028408 kl=0.0006343573 consistency=0.006966501 lambda=0.1 beta=1 grad=139.6307 horizon=240->280 lifetime=[508,1091] skipped=False
2026-08-30 03:10:16,875 | INFO | step=6540/20000 loss=-1.39725 nll=-1.397885 kl=0.0005449504 consistency=0.0009043263 lambda=0.1 beta=1 grad=135.2189 horizon=160->200 lifetime=[428,2154] skipped=False
2026-08-30 03:10:17,662 | INFO | step=6550/20000 loss=-1.433572 nll=-1.436656 kl=0.0007868111 consistency=0.02297904 lambda=0.1 beta=1 grad=84.15999 horizon=180->220 lifetime=[470,1635] skipped=False
2026-08-30 03:10:18,480 | INFO | step=6560/20000 loss=-1.678976 nll=-1.679974 kl=0.0008115172 consistency=0.001866851 lambda=0.1 beta=1 grad=113.7509 horizon=120->160 lifetime=[470,1038] skipped=False
2026-08-30 03:10:19,239 | INFO | step=6570/20000 loss=-0.6370668 nll=-0.6472421 kl=0.001842603 consistency=0.0833263 lambda=0.1 beta=1 grad=37.40369 horizon=100->140 lifetime=[498,1076] skipped=False
2026-08-30 03:10:19,985 | INFO | step=6580/20000 loss=-2.072607 nll=-2.073377 kl=0.000714913 consistency=0.0005501658 lambda=0.1 beta=1 grad=54.55847 horizon=260->300 lifetime=[443,875] skipped=False
2026-08-30 03:10:20,755 | INFO | step=6590/20000 loss=-0.4487346 nll=-0.4492753 kl=0.00047791 consistency=0.0006286651 lambda=0.1 beta=1 grad=187.7695 horizon=220->260 lifetime=[299,1049] skipped=False
2026-08-30 03:10:21,484 | INFO | step=6600/20000 loss=-1.831923 nll=-1.832416 kl=0.0002430379 consistency=0.002492924 lambda=0.1 beta=1 grad=46.377 horizon=240->280 lifetime=[458,1045] skipped=False
2026-08-30 03:10:22,248 | INFO | step=6610/20000 loss=-1.380932 nll=-1.382305 kl=0.0007460862 consistency=0.006267399 lambda=0.1 beta=1 grad=99.01676 horizon=160->200 lifetime=[458,2154] skipped=False
2026-08-30 03:10:22,933 | INFO | step=6620/20000 loss=-1.553712 nll=-1.55534 kl=0.0007831007 consistency=0.008451225 lambda=0.1 beta=1 grad=173.8734 horizon=140->180 lifetime=[462,1635] skipped=False
2026-08-30 03:10:23,716 | INFO | step=6630/20000 loss=-0.7058765 nll=-0.7073677 kl=0.001177341 consistency=0.003138272 lambda=0.1 beta=1 grad=270.8315 horizon=160->200 lifetime=[493,2154] skipped=False
2026-08-30 03:10:24,480 | INFO | step=6640/20000 loss=-1.486719 nll=-1.48732 kl=0.0005027503 consistency=0.0009902194 lambda=0.1 beta=1 grad=161.6575 horizon=240->280 lifetime=[443,1932] skipped=False
2026-08-30 03:10:25,284 | INFO | step=6650/20000 loss=-1.513466 nll=-1.514535 kl=0.0009873658 consistency=0.0008131221 lambda=0.1 beta=1 grad=116.5066 horizon=200->240 lifetime=[299,1076] skipped=False
2026-08-30 03:10:26,044 | INFO | step=6660/20000 loss=-1.45223 nll=-1.453635 kl=0.0007409751 consistency=0.006648039 lambda=0.1 beta=1 grad=23.66258 horizon=220->260 lifetime=[559,1055] skipped=False
2026-08-30 03:10:26,774 | INFO | step=6670/20000 loss=-1.470931 nll=-1.471574 kl=0.0004548579 consistency=0.001887262 lambda=0.1 beta=1 grad=46.54239 horizon=180->220 lifetime=[299,2154] skipped=False
2026-08-30 03:10:27,496 | INFO | step=6680/20000 loss=-1.998616 nll=-1.999304 kl=0.0006479919 consistency=0.0004058117 lambda=0.1 beta=1 grad=102.3249 horizon=220->260 lifetime=[428,860] skipped=False
2026-08-30 03:10:28,309 | INFO | step=6690/20000 loss=-0.9141404 nll=-0.9292151 kl=0.002094135 consistency=0.1298057 lambda=0.1 beta=1 grad=28.72734 horizon=100->140 lifetime=[484,2154] skipped=False
2026-08-30 03:10:29,231 | INFO | step=6700/20000 loss=-1.221099 nll=-1.221879 kl=0.0005567074 consistency=0.002236489 lambda=0.1 beta=1 grad=54.50684 horizon=140->180 lifetime=[428,2154] skipped=False
2026-08-30 03:10:29,994 | INFO | step=6710/20000 loss=-0.9152929 nll=-0.9169666 kl=0.0007289648 consistency=0.009447437 lambda=0.1 beta=1 grad=127.7616 horizon=140->180 lifetime=[467,2154] skipped=False
2026-08-30 03:10:30,771 | INFO | step=6720/20000 loss=-1.539262 nll=-1.541324 kl=0.001301527 consistency=0.007604764 lambda=0.1 beta=1 grad=109.348 horizon=200->240 lifetime=[299,2154] skipped=False
2026-08-30 03:10:31,555 | INFO | step=6730/20000 loss=-0.8189292 nll=-0.8307432 kl=0.0007645935 consistency=0.1104939 lambda=0.1 beta=1 grad=28.23383 horizon=100->140 lifetime=[470,1152] skipped=False
2026-08-30 03:10:32,295 | INFO | step=6740/20000 loss=-1.801942 nll=-1.803315 kl=0.0008028001 consistency=0.005704418 lambda=0.1 beta=1 grad=122.5609 horizon=200->240 lifetime=[559,915] skipped=False
2026-08-30 03:10:33,034 | INFO | step=6750/20000 loss=0.09640907 nll=0.09567457 kl=0.0006234795 consistency=0.001110184 lambda=0.1 beta=1 grad=421.8007 horizon=240->280 lifetime=[437,858] skipped=False
2026-08-30 03:10:33,803 | INFO | step=6760/20000 loss=-1.034142 nll=-1.039458 kl=0.0008938909 consistency=0.04421873 lambda=0.1 beta=1 grad=72.62489 horizon=100->140 lifetime=[428,1038] skipped=False
2026-08-30 03:10:34,543 | INFO | step=6770/20000 loss=-1.834706 nll=-1.836082 kl=0.001043722 consistency=0.003324738 lambda=0.1 beta=1 grad=84.70553 horizon=200->240 lifetime=[486,1635] skipped=False
2026-08-30 03:10:35,378 | INFO | step=6780/20000 loss=-2.240531 nll=-2.241243 kl=0.0005851239 consistency=0.0012701 lambda=0.1 beta=1 grad=52.14001 horizon=200->240 lifetime=[443,1076] skipped=False
2026-08-30 03:10:36,167 | INFO | step=6790/20000 loss=-1.513461 nll=-1.514589 kl=0.0005708337 consistency=0.005575985 lambda=0.1 beta=1 grad=65.9791 horizon=160->200 lifetime=[470,1049] skipped=False
2026-08-30 03:10:36,980 | INFO | step=6800/20000 loss=-1.513272 nll=-1.514696 kl=0.0008319914 consistency=0.005924154 lambda=0.1 beta=1 grad=123.6985 horizon=240->280 lifetime=[476,1635] skipped=False
2026-08-30 03:10:37,732 | INFO | step=6810/20000 loss=-1.379971 nll=-1.381646 kl=0.001266271 consistency=0.00409219 lambda=0.1 beta=1 grad=168.4973 horizon=160->200 lifetime=[479,1052] skipped=False
2026-08-30 03:10:38,512 | INFO | step=6820/20000 loss=-0.7210857 nll=-0.7248366 kl=0.0008355826 consistency=0.02915265 lambda=0.1 beta=1 grad=215.9623 horizon=160->200 lifetime=[559,1858] skipped=False
2026-08-30 03:10:39,243 | INFO | step=6830/20000 loss=-1.195622 nll=-1.197892 kl=0.001972675 consistency=0.002972348 lambda=0.1 beta=1 grad=210.2017 horizon=180->220 lifetime=[560,1156] skipped=False
2026-08-30 03:10:39,991 | INFO | step=6840/20000 loss=-0.5704861 nll=-0.5715395 kl=0.0004735589 consistency=0.005798776 lambda=0.1 beta=1 grad=257.271 horizon=160->200 lifetime=[443,991] skipped=False
2026-08-30 03:10:40,757 | INFO | step=6850/20000 loss=-1.641812 nll=-1.642943 kl=0.0009777397 consistency=0.001531569 lambda=0.1 beta=1 grad=76.83942 horizon=260->300 lifetime=[453,1091] skipped=False
2026-08-30 03:10:41,532 | INFO | step=6860/20000 loss=-1.383326 nll=-1.383934 kl=0.0003471673 consistency=0.002614622 lambda=0.1 beta=1 grad=168.3508 horizon=240->280 lifetime=[479,1025] skipped=False
2026-08-30 03:10:42,303 | INFO | step=6870/20000 loss=-0.4919591 nll=-0.4965677 kl=0.002056956 consistency=0.02551635 lambda=0.1 beta=1 grad=218.957 horizon=100->140 lifetime=[470,1156] skipped=False
2026-08-30 03:10:43,028 | INFO | step=6880/20000 loss=-1.380249 nll=-1.381122 kl=0.0008041114 consistency=0.0006857216 lambda=0.1 beta=1 grad=244.6552 horizon=200->240 lifetime=[484,1635] skipped=False
2026-08-30 03:10:43,761 | INFO | step=6890/20000 loss=-1.2027 nll=-1.203451 kl=0.0006208718 consistency=0.001301963 lambda=0.1 beta=1 grad=125.5245 horizon=260->300 lifetime=[491,930] skipped=False
2026-08-30 03:10:44,567 | INFO | step=6900/20000 loss=-0.6385955 nll=-0.6474998 kl=0.00340423 consistency=0.0550002 lambda=0.1 beta=1 grad=34.77694 horizon=100->140 lifetime=[147,2154] skipped=False
2026-08-30 03:10:45,298 | INFO | step=6910/20000 loss=-1.555979 nll=-1.56009 kl=0.00119406 consistency=0.02916336 lambda=0.1 beta=1 grad=44.08201 horizon=260->300 lifetime=[461,2154] skipped=False
2026-08-30 03:10:46,054 | INFO | step=6920/20000 loss=-1.113061 nll=-1.119289 kl=0.001564413 consistency=0.04663508 lambda=0.1 beta=1 grad=79.4362 horizon=100->140 lifetime=[476,2154] skipped=False
2026-08-30 03:10:46,812 | INFO | step=6930/20000 loss=-0.2672617 nll=-0.2708602 kl=0.001312122 consistency=0.0228646 lambda=0.1 beta=1 grad=235.741 horizon=100->140 lifetime=[460,1045] skipped=False
2026-08-30 03:10:47,633 | INFO | step=6940/20000 loss=-2.227942 nll=-2.228584 kl=0.0005806684 consistency=0.0006129304 lambda=0.1 beta=1 grad=63.02712 horizon=200->240 lifetime=[455,1045] skipped=False
2026-08-30 03:10:48,368 | INFO | step=6950/20000 loss=-1.056038 nll=-1.062053 kl=0.0005036145 consistency=0.05511178 lambda=0.1 beta=1 grad=46.28609 horizon=120->160 lifetime=[539,1049] skipped=False
2026-08-30 03:10:49,089 | INFO | step=6960/20000 loss=-1.374094 nll=-1.375789 kl=0.0007249415 consistency=0.009704903 lambda=0.1 beta=1 grad=55.16828 horizon=100->140 lifetime=[455,1049] skipped=False
2026-08-30 03:10:49,934 | INFO | step=6970/20000 loss=-1.158771 nll=-1.159568 kl=0.0007102191 consistency=0.0008666925 lambda=0.1 beta=1 grad=320.4734 horizon=260->300 lifetime=[476,1015] skipped=False
2026-08-30 03:10:50,600 | INFO | step=6980/20000 loss=-1.353621 nll=-1.355084 kl=0.001033485 consistency=0.004289072 lambda=0.1 beta=1 grad=72.26007 horizon=160->200 lifetime=[453,2154] skipped=False
2026-08-30 03:10:51,352 | INFO | step=6990/20000 loss=-0.4517538 nll=-0.4529139 kl=0.0007939041 consistency=0.003662661 lambda=0.1 beta=1 grad=184.9413 horizon=180->220 lifetime=[299,1858] skipped=False
2026-08-30 03:10:52,402 | INFO | validation step=7000 rmse=167.8055 best=123.0601@4000 stale=6/10
2026-08-30 03:10:52,402 | INFO | step=7000/20000 loss=-1.031059 nll=-1.031761 kl=0.0005724579 consistency=0.001293473 lambda=0.1 beta=1 grad=132.7738 horizon=260->300 lifetime=[455,1081] skipped=False
2026-08-30 03:10:53,272 | INFO | step=7010/20000 loss=-1.516283 nll=-1.517444 kl=0.0009185523 consistency=0.002423201 lambda=0.1 beta=1 grad=198.5461 horizon=260->300 lifetime=[479,1000] skipped=False
2026-08-30 03:10:54,046 | INFO | step=7020/20000 loss=-1.205632 nll=-1.206762 kl=0.000573352 consistency=0.005563207 lambda=0.1 beta=1 grad=176.8421 horizon=180->220 lifetime=[299,1154] skipped=False
2026-08-30 03:10:54,766 | INFO | step=7030/20000 loss=-1.48471 nll=-1.485724 kl=0.0009449124 consistency=0.0006996393 lambda=0.1 beta=1 grad=394.8017 horizon=260->300 lifetime=[461,704] skipped=False
2026-08-30 03:10:55,500 | INFO | step=7040/20000 loss=-1.871179 nll=-1.871962 kl=0.0005318969 consistency=0.002510048 lambda=0.1 beta=1 grad=26.99575 horizon=220->260 lifetime=[464,930] skipped=False
2026-08-30 03:10:56,285 | INFO | step=7050/20000 loss=-1.818903 nll=-1.820716 kl=0.001167819 consistency=0.006458145 lambda=0.1 beta=1 grad=56.11322 horizon=240->280 lifetime=[458,1156] skipped=False
2026-08-30 03:10:56,992 | INFO | step=7060/20000 loss=-1.680953 nll=-1.68165 kl=0.0003411323 consistency=0.003560788 lambda=0.1 beta=1 grad=42.81934 horizon=180->220 lifetime=[479,1156] skipped=False
2026-08-30 03:10:57,746 | INFO | step=7070/20000 loss=0.7990492 nll=0.7980387 kl=0.0007490963 consistency=0.002614001 lambda=0.1 beta=1 grad=443.7867 horizon=260->300 lifetime=[458,1052] skipped=False
2026-08-30 03:10:58,648 | INFO | step=7080/20000 loss=-1.304657 nll=-1.305835 kl=0.0009794086 consistency=0.001980858 lambda=0.1 beta=1 grad=93.31381 horizon=180->220 lifetime=[497,1000] skipped=False
2026-08-30 03:10:59,463 | INFO | step=7090/20000 loss=-1.915951 nll=-1.916406 kl=0.00041987 consistency=0.0003537016 lambda=0.1 beta=1 grad=63.06483 horizon=240->280 lifetime=[467,1081] skipped=False
2026-08-30 03:11:00,218 | INFO | step=7100/20000 loss=-0.2172643 nll=-0.2186425 kl=0.001246691 consistency=0.001314484 lambda=0.1 beta=1 grad=128.737 horizon=220->260 lifetime=[437,1635] skipped=False
2026-08-30 03:11:00,951 | INFO | step=7110/20000 loss=-1.463708 nll=-1.464779 kl=0.0009993613 consistency=0.0007197298 lambda=0.1 beta=1 grad=188.9355 horizon=160->200 lifetime=[458,1156] skipped=False
2026-08-30 03:11:01,736 | INFO | step=7120/20000 loss=-1.58513 nll=-1.589092 kl=0.0008864403 consistency=0.03076071 lambda=0.1 beta=1 grad=44.71003 horizon=120->160 lifetime=[460,988] skipped=False
2026-08-30 03:11:02,451 | INFO | step=7130/20000 loss=-1.145607 nll=-1.147293 kl=0.0006941855 consistency=0.009918311 lambda=0.1 beta=1 grad=114.6467 horizon=140->180 lifetime=[455,2154] skipped=False
2026-08-30 03:11:03,244 | INFO | step=7140/20000 loss=-1.762993 nll=-1.763706 kl=0.0005388111 consistency=0.00173989 lambda=0.1 beta=1 grad=58.473 horizon=200->240 lifetime=[428,1156] skipped=False
2026-08-30 03:11:03,990 | INFO | step=7150/20000 loss=-1.293664 nll=-1.296867 kl=0.0007082522 consistency=0.02494277 lambda=0.1 beta=1 grad=110.2898 horizon=100->140 lifetime=[464,1045] skipped=False
2026-08-30 03:11:04,715 | INFO | step=7160/20000 loss=-0.9915517 nll=-0.9929796 kl=0.001381725 consistency=0.0004620291 lambda=0.1 beta=1 grad=243.4688 horizon=240->280 lifetime=[437,1052] skipped=False
2026-08-30 03:11:05,488 | INFO | step=7170/20000 loss=-1.51402 nll=-1.51622 kl=0.0006799698 consistency=0.01520142 lambda=0.1 beta=1 grad=136.4663 horizon=160->200 lifetime=[464,1154] skipped=False
2026-08-30 03:11:06,294 | INFO | step=7180/20000 loss=-1.174953 nll=-1.175746 kl=0.0005740374 consistency=0.002192631 lambda=0.1 beta=1 grad=173.4263 horizon=180->220 lifetime=[299,1858] skipped=False
2026-08-30 03:11:07,104 | INFO | step=7190/20000 loss=-1.914942 nll=-1.916436 kl=0.0007228851 consistency=0.00770898 lambda=0.1 beta=1 grad=73.9804 horizon=260->300 lifetime=[437,871] skipped=False
2026-08-30 03:11:07,929 | INFO | step=7200/20000 loss=-1.313935 nll=-1.314756 kl=0.000457108 consistency=0.003648195 lambda=0.1 beta=1 grad=136.6476 horizon=140->180 lifetime=[299,1635] skipped=False
2026-08-30 03:11:08,668 | INFO | step=7210/20000 loss=-1.611992 nll=-1.612624 kl=0.0006016642 consistency=0.0003106492 lambda=0.1 beta=1 grad=111.8 horizon=220->260 lifetime=[491,1858] skipped=False
2026-08-30 03:11:09,400 | INFO | step=7220/20000 loss=-1.344925 nll=-1.345543 kl=0.0004230738 consistency=0.001945285 lambda=0.1 beta=1 grad=206.5072 horizon=160->200 lifetime=[465,915] skipped=False
2026-08-30 03:11:10,081 | INFO | step=7230/20000 loss=-1.079584 nll=-1.080972 kl=0.0008171946 consistency=0.005717173 lambda=0.1 beta=1 grad=219.9818 horizon=220->260 lifetime=[464,1091] skipped=False
2026-08-30 03:11:10,878 | INFO | step=7240/20000 loss=-1.403562 nll=-1.406575 kl=0.001604676 consistency=0.01408974 lambda=0.1 beta=1 grad=51.41189 horizon=100->140 lifetime=[460,913] skipped=False
2026-08-30 03:11:11,630 | INFO | step=7250/20000 loss=-0.9909521 nll=-0.9914761 kl=0.0004929751 consistency=0.000309784 lambda=0.1 beta=1 grad=647.6382 horizon=200->240 lifetime=[476,794] skipped=False
2026-08-30 03:11:12,460 | INFO | step=7260/20000 loss=-0.7803251 nll=-0.7840633 kl=0.0004438758 consistency=0.03294268 lambda=0.1 beta=1 grad=286.1052 horizon=140->180 lifetime=[497,1932] skipped=False
2026-08-30 03:11:13,255 | INFO | step=7270/20000 loss=-1.620361 nll=-1.621063 kl=0.0006870925 consistency=0.0001441354 lambda=0.1 beta=1 grad=426.7125 horizon=200->240 lifetime=[299,860] skipped=False
2026-08-30 03:11:14,001 | INFO | step=7280/20000 loss=-1.903275 nll=-1.90464 kl=0.0005341023 consistency=0.008313179 lambda=0.1 beta=1 grad=45.92142 horizon=160->200 lifetime=[453,1049] skipped=False
2026-08-30 03:11:14,761 | INFO | step=7290/20000 loss=-1.118497 nll=-1.119945 kl=0.0004412532 consistency=0.01006392 lambda=0.1 beta=1 grad=71.79819 horizon=120->160 lifetime=[443,1091] skipped=False
2026-08-30 03:11:15,594 | INFO | step=7300/20000 loss=-1.138892 nll=-1.14897 kl=0.0008248985 consistency=0.09252645 lambda=0.1 beta=1 grad=75.55573 horizon=100->140 lifetime=[467,991] skipped=False
2026-08-30 03:11:16,317 | INFO | step=7310/20000 loss=-1.41641 nll=-1.418707 kl=0.0007143021 consistency=0.01582366 lambda=0.1 beta=1 grad=187.4381 horizon=120->160 lifetime=[428,1154] skipped=False
2026-08-30 03:11:17,084 | INFO | step=7320/20000 loss=-1.802983 nll=-1.803933 kl=0.0007636696 consistency=0.001864064 lambda=0.1 beta=1 grad=188.5061 horizon=220->260 lifetime=[428,2154] skipped=False
2026-08-30 03:11:17,885 | INFO | step=7330/20000 loss=-1.331269 nll=-1.332398 kl=0.0004952848 consistency=0.006341262 lambda=0.1 beta=1 grad=224.2023 horizon=240->280 lifetime=[484,1858] skipped=False
2026-08-30 03:11:18,652 | INFO | step=7340/20000 loss=-2.169962 nll=-2.171181 kl=0.001182765 consistency=0.0003688047 lambda=0.1 beta=1 grad=29.38368 horizon=180->220 lifetime=[428,1007] skipped=False
2026-08-30 03:11:19,404 | INFO | step=7350/20000 loss=-1.870866 nll=-1.872088 kl=0.0006374717 consistency=0.005847886 lambda=0.1 beta=1 grad=93.26381 horizon=220->260 lifetime=[482,1055] skipped=False
2026-08-30 03:11:20,264 | INFO | step=7360/20000 loss=-1.486066 nll=-1.48663 kl=0.0003757328 consistency=0.001883481 lambda=0.1 beta=1 grad=191.1976 horizon=180->220 lifetime=[428,964] skipped=False
2026-08-30 03:11:21,055 | INFO | step=7370/20000 loss=-1.185917 nll=-1.186501 kl=0.0005151927 consistency=0.0006906021 lambda=0.1 beta=1 grad=167.3313 horizon=140->180 lifetime=[460,915] skipped=False
2026-08-30 03:11:21,807 | INFO | step=7380/20000 loss=-0.9391846 nll=-0.9404435 kl=0.0008619577 consistency=0.003969707 lambda=0.1 beta=1 grad=139.8654 horizon=140->180 lifetime=[462,1858] skipped=False
2026-08-30 03:11:22,566 | INFO | step=7390/20000 loss=-1.266062 nll=-1.268164 kl=0.0007624328 consistency=0.01339627 lambda=0.1 beta=1 grad=35.5069 horizon=100->140 lifetime=[455,913] skipped=False
2026-08-30 03:11:23,352 | INFO | step=7400/20000 loss=-1.327479 nll=-1.328334 kl=0.0007627755 consistency=0.0009284914 lambda=0.1 beta=1 grad=287.0689 horizon=200->240 lifetime=[476,1081] skipped=False
2026-08-30 03:11:24,098 | INFO | step=7410/20000 loss=-1.702828 nll=-1.703999 kl=0.0005167127 consistency=0.006550969 lambda=0.1 beta=1 grad=81.87794 horizon=160->200 lifetime=[453,858] skipped=False
2026-08-30 03:11:24,860 | INFO | step=7420/20000 loss=-1.507748 nll=-1.508481 kl=0.0004381388 consistency=0.002945969 lambda=0.1 beta=1 grad=337.6873 horizon=200->240 lifetime=[465,1154] skipped=False
2026-08-30 03:11:25,607 | INFO | step=7430/20000 loss=-1.422788 nll=-1.427104 kl=0.001503795 consistency=0.02812284 lambda=0.1 beta=1 grad=68.72404 horizon=120->160 lifetime=[453,1076] skipped=False
2026-08-30 03:11:26,386 | INFO | step=7440/20000 loss=-1.174837 nll=-1.180722 kl=0.00180839 consistency=0.04076901 lambda=0.1 beta=1 grad=105.1113 horizon=100->140 lifetime=[464,1012] skipped=False
2026-08-30 03:11:27,088 | INFO | step=7450/20000 loss=-1.564298 nll=-1.565728 kl=0.0008488595 consistency=0.005816698 lambda=0.1 beta=1 grad=174.4851 horizon=140->180 lifetime=[453,1858] skipped=False
2026-08-30 03:11:27,854 | INFO | step=7460/20000 loss=-2.261489 nll=-2.262203 kl=0.000652045 consistency=0.00061931 lambda=0.1 beta=1 grad=113.4447 horizon=220->260 lifetime=[486,1045] skipped=False
2026-08-30 03:11:28,628 | INFO | step=7470/20000 loss=-1.012366 nll=-1.015573 kl=0.001609549 consistency=0.01598066 lambda=0.1 beta=1 grad=325.9045 horizon=100->140 lifetime=[464,1015] skipped=False
2026-08-30 03:11:29,395 | INFO | step=7480/20000 loss=-1.286099 nll=-1.286638 kl=0.0003840029 consistency=0.001552835 lambda=0.1 beta=1 grad=383.3759 horizon=260->300 lifetime=[437,938] skipped=False
2026-08-30 03:11:30,245 | INFO | step=7490/20000 loss=-1.950817 nll=-1.951697 kl=0.000563547 consistency=0.003160685 lambda=0.1 beta=1 grad=66.2549 horizon=140->180 lifetime=[453,1091] skipped=False
2026-08-30 03:11:31,216 | INFO | validation step=7500 rmse=182.6117 best=123.0601@4000 stale=7/10
2026-08-30 03:11:31,217 | INFO | step=7500/20000 loss=-0.8690038 nll=-0.8702163 kl=0.001105607 consistency=0.001068862 lambda=0.1 beta=1 grad=202.9789 horizon=240->280 lifetime=[460,1091] skipped=False
2026-08-30 03:11:32,144 | INFO | step=7510/20000 loss=-1.388501 nll=-1.389361 kl=0.0005565286 consistency=0.003027998 lambda=0.1 beta=1 grad=176.3099 horizon=260->300 lifetime=[437,1154] skipped=False
2026-08-30 03:11:32,957 | INFO | step=7520/20000 loss=-1.494757 nll=-1.496163 kl=0.0003252625 consistency=0.0107999 lambda=0.1 beta=1 grad=72.8484 horizon=180->220 lifetime=[453,1156] skipped=False
2026-08-30 03:11:33,686 | INFO | step=7530/20000 loss=-1.756681 nll=-1.757381 kl=0.0003440529 consistency=0.003565896 lambda=0.1 beta=1 grad=88.64732 horizon=140->180 lifetime=[467,1091] skipped=False
2026-08-30 03:11:34,459 | INFO | step=7540/20000 loss=-1.995612 nll=-1.996318 kl=0.000555709 consistency=0.001496378 lambda=0.1 beta=1 grad=68.44701 horizon=180->220 lifetime=[443,1025] skipped=False
2026-08-30 03:11:35,438 | INFO | step=7550/20000 loss=-2.142758 nll=-2.143867 kl=0.0005953163 consistency=0.005143533 lambda=0.1 beta=1 grad=42.14722 horizon=160->200 lifetime=[458,964] skipped=False
2026-08-30 03:11:36,289 | INFO | step=7560/20000 loss=-1.72446 nll=-1.72889 kl=0.0003598928 consistency=0.0406981 lambda=0.1 beta=1 grad=34.3526 horizon=200->240 lifetime=[467,1635] skipped=False
2026-08-30 03:11:37,046 | INFO | step=7570/20000 loss=-1.095496 nll=-1.09698 kl=0.0004145056 consistency=0.0107003 lambda=0.1 beta=1 grad=164.5331 horizon=200->240 lifetime=[597,1156] skipped=False
2026-08-30 03:11:37,792 | INFO | step=7580/20000 loss=-1.318737 nll=-1.324168 kl=0.001764208 consistency=0.03667173 lambda=0.1 beta=1 grad=300.4435 horizon=120->160 lifetime=[460,1932] skipped=False
2026-08-30 03:11:38,514 | INFO | step=7590/20000 loss=-1.241839 nll=-1.244911 kl=0.001395911 consistency=0.01676846 lambda=0.1 beta=1 grad=79.87092 horizon=100->140 lifetime=[461,2154] skipped=False
2026-08-30 03:11:39,253 | INFO | step=7600/20000 loss=-0.8424091 nll=-0.8469281 kl=0.0007431656 consistency=0.03775829 lambda=0.1 beta=1 grad=165.249 horizon=100->140 lifetime=[464,1076] skipped=False
2026-08-30 03:11:40,024 | INFO | step=7610/20000 loss=-1.01032 nll=-1.011425 kl=0.0009953082 consistency=0.001100142 lambda=0.1 beta=1 grad=324.6582 horizon=200->240 lifetime=[453,1012] skipped=False
2026-08-30 03:11:40,757 | INFO | step=7620/20000 loss=-1.642985 nll=-1.646899 kl=0.0008189678 consistency=0.03094769 lambda=0.1 beta=1 grad=135.2965 horizon=140->180 lifetime=[428,1635] skipped=False
2026-08-30 03:11:41,478 | INFO | step=7630/20000 loss=-1.706803 nll=-1.71204 kl=0.0005337596 consistency=0.047031 lambda=0.1 beta=1 grad=35.7944 horizon=120->160 lifetime=[461,991] skipped=False
2026-08-30 03:11:42,233 | INFO | step=7640/20000 loss=-1.57923 nll=-1.580187 kl=0.0006337166 consistency=0.003239462 lambda=0.1 beta=1 grad=117.9184 horizon=160->200 lifetime=[462,1635] skipped=False
2026-08-30 03:11:43,069 | INFO | step=7650/20000 loss=-1.494122 nll=-1.49477 kl=0.000375241 consistency=0.002721578 lambda=0.1 beta=1 grad=116.4885 horizon=260->300 lifetime=[500,1015] skipped=False
2026-08-30 03:11:43,892 | INFO | step=7660/20000 loss=-1.982566 nll=-1.985175 kl=0.0006231517 consistency=0.01986273 lambda=0.1 beta=1 grad=101.9263 horizon=260->300 lifetime=[453,1154] skipped=False
2026-08-30 03:11:44,675 | INFO | step=7670/20000 loss=-0.6621449 nll=-0.6655954 kl=0.0005359203 consistency=0.02914537 lambda=0.1 beta=1 grad=309.2728 horizon=220->260 lifetime=[455,1932] skipped=False
2026-08-30 03:11:45,509 | INFO | step=7680/20000 loss=-1.134587 nll=-1.135095 kl=0.0004132986 consistency=0.0009515667 lambda=0.1 beta=1 grad=367.3094 horizon=200->240 lifetime=[461,988] skipped=False
2026-08-30 03:11:46,385 | INFO | step=7690/20000 loss=-1.680791 nll=-1.681191 kl=0.0003080964 consistency=0.00091663 lambda=0.1 beta=1 grad=87.90065 horizon=220->260 lifetime=[498,2154] skipped=False
2026-08-30 03:11:47,161 | INFO | step=7700/20000 loss=-0.7341006 nll=-0.7456121 kl=0.0008133203 consistency=0.106982 lambda=0.1 beta=1 grad=69.91511 horizon=120->160 lifetime=[784,1000] skipped=False
2026-08-30 03:11:48,051 | INFO | step=7710/20000 loss=-2.050079 nll=-2.05046 kl=0.0003380179 consistency=0.0004388625 lambda=0.1 beta=1 grad=169.3185 horizon=260->300 lifetime=[455,1055] skipped=False
2026-08-30 03:11:48,919 | INFO | step=7720/20000 loss=-1.71516 nll=-1.715485 kl=0.0002702028 consistency=0.0005468614 lambda=0.1 beta=1 grad=91.09949 horizon=260->300 lifetime=[458,875] skipped=False
2026-08-30 03:11:49,695 | INFO | step=7730/20000 loss=-1.896353 nll=-1.897596 kl=0.001145348 consistency=0.000975046 lambda=0.1 beta=1 grad=160.3237 horizon=140->180 lifetime=[299,1007] skipped=False
2026-08-30 03:11:50,484 | INFO | step=7740/20000 loss=-0.2230231 nll=-0.2236102 kl=0.0005401671 consistency=0.0004700571 lambda=0.1 beta=1 grad=311.3051 horizon=120->160 lifetime=[453,1081] skipped=False
2026-08-30 03:11:51,227 | INFO | step=7750/20000 loss=-0.06770749 nll=-0.06853171 kl=0.000798732 consistency=0.0002547735 lambda=0.1 beta=1 grad=342.4779 horizon=260->300 lifetime=[443,1932] skipped=False
2026-08-30 03:11:51,978 | INFO | step=7760/20000 loss=-1.668397 nll=-1.669388 kl=0.000794962 consistency=0.001955945 lambda=0.1 beta=1 grad=78.71667 horizon=160->200 lifetime=[526,1038] skipped=False
2026-08-30 03:11:52,736 | INFO | step=7770/20000 loss=0.3058867 nll=0.3006292 kl=0.0007271767 consistency=0.04530317 lambda=0.1 beta=1 grad=135.696 horizon=180->220 lifetime=[461,1932] skipped=False
2026-08-30 03:11:53,553 | INFO | step=7780/20000 loss=-0.6836718 nll=-0.6927375 kl=0.001573548 consistency=0.07492071 lambda=0.1 beta=1 grad=57.92291 horizon=100->140 lifetime=[482,1091] skipped=False
2026-08-30 03:11:54,267 | INFO | step=7790/20000 loss=0.1147766 nll=0.1105053 kl=0.0005497187 consistency=0.0372159 lambda=0.1 beta=1 grad=165.582 horizon=200->240 lifetime=[428,1932] skipped=False
2026-08-30 03:11:55,016 | INFO | step=7800/20000 loss=-1.10968 nll=-1.110597 kl=0.0008125305 consistency=0.00104909 lambda=0.1 beta=1 grad=229.4545 horizon=260->300 lifetime=[458,1152] skipped=False
2026-08-30 03:11:55,799 | INFO | step=7810/20000 loss=-1.127535 nll=-1.129011 kl=0.0007339269 consistency=0.007417531 lambda=0.1 beta=1 grad=48.05438 horizon=180->220 lifetime=[497,1635] skipped=False
2026-08-30 03:11:56,633 | INFO | step=7820/20000 loss=-1.291858 nll=-1.292786 kl=0.0003714859 consistency=0.005564406 lambda=0.1 beta=1 grad=76.26486 horizon=160->200 lifetime=[476,1154] skipped=False
2026-08-30 03:11:57,438 | INFO | step=7830/20000 loss=-1.480154 nll=-1.480631 kl=0.0002794862 consistency=0.001972283 lambda=0.1 beta=1 grad=49.77575 horizon=140->180 lifetime=[455,1049] skipped=False
2026-08-30 03:11:58,218 | INFO | step=7840/20000 loss=-1.047521 nll=-1.051162 kl=0.00155434 consistency=0.02087654 lambda=0.1 beta=1 grad=142.5888 horizon=100->140 lifetime=[428,1055] skipped=False
2026-08-30 03:11:59,030 | INFO | step=7850/20000 loss=-0.9371532 nll=-0.9377115 kl=0.0004523098 consistency=0.00105983 lambda=0.1 beta=1 grad=475.6017 horizon=260->300 lifetime=[486,1091] skipped=False
2026-08-30 03:11:59,801 | INFO | step=7860/20000 loss=-1.628775 nll=-1.63068 kl=0.000416711 consistency=0.01487698 lambda=0.1 beta=1 grad=112.3619 horizon=240->280 lifetime=[461,1635] skipped=False
2026-08-30 03:12:00,498 | INFO | step=7870/20000 loss=-0.6958547 nll=-0.7122476 kl=0.002002224 consistency=0.1439075 lambda=0.1 beta=1 grad=84.08212 horizon=100->140 lifetime=[437,1152] skipped=False
2026-08-30 03:12:01,285 | INFO | step=7880/20000 loss=-1.33055 nll=-1.331803 kl=0.001087114 consistency=0.001659889 lambda=0.1 beta=1 grad=185.6747 horizon=220->260 lifetime=[649,1152] skipped=False
2026-08-30 03:12:02,049 | INFO | step=7890/20000 loss=-0.5117263 nll=-0.5125761 kl=0.0006465018 consistency=0.00203341 lambda=0.1 beta=1 grad=268.7906 horizon=220->260 lifetime=[443,1858] skipped=False
2026-08-30 03:12:02,864 | INFO | step=7900/20000 loss=-0.716839 nll=-0.7176606 kl=0.0003403723 consistency=0.004811898 lambda=0.1 beta=1 grad=229.0269 horizon=200->240 lifetime=[461,1635] skipped=False
2026-08-30 03:12:03,667 | INFO | step=7910/20000 loss=-1.312029 nll=-1.312716 kl=0.0005576015 consistency=0.001291066 lambda=0.1 beta=1 grad=144.3553 horizon=220->260 lifetime=[461,1156] skipped=False
2026-08-30 03:12:04,460 | INFO | step=7920/20000 loss=-1.206033 nll=-1.207358 kl=0.0003736317 consistency=0.009521687 lambda=0.1 beta=1 grad=161.8024 horizon=220->260 lifetime=[607,1091] skipped=False
2026-08-30 03:12:05,298 | INFO | step=7930/20000 loss=-1.414535 nll=-1.415335 kl=0.0007366985 consistency=0.0006283522 lambda=0.1 beta=1 grad=221.6799 horizon=220->260 lifetime=[461,1025] skipped=False
2026-08-30 03:12:06,103 | INFO | step=7940/20000 loss=-1.469267 nll=-1.469772 kl=0.0004702508 consistency=0.0003423566 lambda=0.1 beta=1 grad=102.2604 horizon=260->300 lifetime=[437,1858] skipped=False
2026-08-30 03:12:06,902 | INFO | step=7950/20000 loss=-1.55084 nll=-1.551731 kl=0.0007025003 consistency=0.001890812 lambda=0.1 beta=1 grad=190.4939 horizon=240->280 lifetime=[428,1081] skipped=False
2026-08-30 03:12:07,671 | INFO | step=7960/20000 loss=-0.06769813 nll=-0.06882638 kl=0.00085482 consistency=0.002734367 lambda=0.1 beta=1 grad=423.3416 horizon=260->300 lifetime=[428,1858] skipped=False
2026-08-30 03:12:08,420 | INFO | step=7970/20000 loss=-1.021826 nll=-1.024133 kl=0.0006842613 consistency=0.01622839 lambda=0.1 beta=1 grad=107.5115 horizon=120->160 lifetime=[453,1052] skipped=False
2026-08-30 03:12:09,210 | INFO | step=7980/20000 loss=-1.640163 nll=-1.640906 kl=0.0005979091 consistency=0.00145545 lambda=0.1 beta=1 grad=30.45671 horizon=220->260 lifetime=[470,1091] skipped=False
2026-08-30 03:12:10,062 | INFO | step=7990/20000 loss=-1.76504 nll=-1.76549 kl=0.0002269149 consistency=0.00222875 lambda=0.1 beta=1 grad=24.92334 horizon=260->300 lifetime=[458,1007] skipped=False
2026-08-30 03:12:11,103 | INFO | validation step=8000 rmse=179.5146 best=123.0601@4000 stale=8/10
2026-08-30 03:12:11,103 | INFO | step=8000/20000 loss=-1.712042 nll=-1.712561 kl=0.000351876 consistency=0.001671735 lambda=0.1 beta=1 grad=108.5441 horizon=260->300 lifetime=[437,1038] skipped=False
2026-08-30 03:12:11,989 | INFO | step=8010/20000 loss=-1.219467 nll=-1.220431 kl=0.0005463809 consistency=0.004178201 lambda=0.1 beta=1 grad=211.7369 horizon=160->200 lifetime=[498,930] skipped=False
2026-08-30 03:12:12,798 | INFO | step=8020/20000 loss=-1.087311 nll=-1.088197 kl=0.0003582984 consistency=0.005277369 lambda=0.1 beta=1 grad=106.8946 horizon=220->260 lifetime=[455,1156] skipped=False
2026-08-30 03:12:13,642 | INFO | step=8030/20000 loss=-1.558623 nll=-1.559402 kl=0.0002572089 consistency=0.005221427 lambda=0.1 beta=1 grad=50.3153 horizon=160->200 lifetime=[486,1076] skipped=False
2026-08-30 03:12:14,408 | INFO | step=8040/20000 loss=-1.525824 nll=-1.527441 kl=0.0006136894 consistency=0.01003569 lambda=0.1 beta=1 grad=123.3278 horizon=180->220 lifetime=[299,1858] skipped=False
2026-08-30 03:12:15,143 | INFO | step=8050/20000 loss=-1.221018 nll=-1.222166 kl=0.0009360611 consistency=0.002117948 lambda=0.1 beta=1 grad=89.11191 horizon=180->220 lifetime=[510,1154] skipped=False
2026-08-30 03:12:15,990 | INFO | step=8060/20000 loss=-0.3102798 nll=-0.3108402 kl=0.0001959652 consistency=0.003644887 lambda=0.1 beta=1 grad=351.9935 horizon=260->300 lifetime=[428,1152] skipped=False
2026-08-30 03:12:16,771 | INFO | step=8070/20000 loss=-1.639677 nll=-1.641299 kl=0.001290143 consistency=0.003324338 lambda=0.1 beta=1 grad=66.26739 horizon=160->200 lifetime=[443,1156] skipped=False
2026-08-30 03:12:17,543 | INFO | step=8080/20000 loss=-1.768129 nll=-1.768768 kl=0.0004649162 consistency=0.001735512 lambda=0.1 beta=1 grad=88.11427 horizon=120->160 lifetime=[464,1012] skipped=False
2026-08-30 03:12:18,204 | INFO | step=8090/20000 loss=-0.5444252 nll=-0.5551684 kl=0.001723722 consistency=0.09019539 lambda=0.1 beta=1 grad=141.2353 horizon=100->140 lifetime=[498,1635] skipped=False
2026-08-30 03:12:19,055 | INFO | step=8100/20000 loss=-0.9747216 nll=-0.9751847 kl=0.0003299564 consistency=0.001330373 lambda=0.1 beta=1 grad=246.691 horizon=260->300 lifetime=[491,1015] skipped=False
2026-08-30 03:12:19,794 | INFO | step=8110/20000 loss=-1.699499 nll=-1.700241 kl=0.0005266219 consistency=0.002162799 lambda=0.1 beta=1 grad=105.6399 horizon=120->160 lifetime=[443,942] skipped=False
2026-08-30 03:12:20,562 | INFO | step=8120/20000 loss=-1.642915 nll=-1.643444 kl=0.0002923459 consistency=0.002362908 lambda=0.1 beta=1 grad=257.4771 horizon=240->280 lifetime=[437,1007] skipped=False
2026-08-30 03:12:21,377 | INFO | step=8130/20000 loss=-2.162391 nll=-2.163206 kl=0.000743255 consistency=0.0007137547 lambda=0.1 beta=1 grad=23.88228 horizon=240->280 lifetime=[453,1091] skipped=False
2026-08-30 03:12:22,180 | INFO | step=8140/20000 loss=3.787137 nll=3.785699 kl=0.0008092225 consistency=0.006284348 lambda=0.1 beta=1 grad=355.947 horizon=140->180 lifetime=[704,1156] skipped=False
2026-08-30 03:12:22,972 | INFO | step=8150/20000 loss=-1.176861 nll=-1.182174 kl=0.0006005913 consistency=0.04712334 lambda=0.1 beta=1 grad=32.74223 horizon=100->140 lifetime=[455,1635] skipped=False
2026-08-30 03:12:23,761 | INFO | step=8160/20000 loss=-1.192965 nll=-1.193533 kl=0.0004790425 consistency=0.0008943707 lambda=0.1 beta=1 grad=115.6088 horizon=140->180 lifetime=[465,1152] skipped=False
2026-08-30 03:12:24,479 | INFO | step=8170/20000 loss=-0.6178564 nll=-0.618962 kl=0.0009093732 consistency=0.00196181 lambda=0.1 beta=1 grad=422.9362 horizon=140->180 lifetime=[470,1152] skipped=False
2026-08-30 03:12:25,295 | INFO | step=8180/20000 loss=-0.8589904 nll=-0.8595284 kl=0.0004545301 consistency=0.0008356161 lambda=0.1 beta=1 grad=209.3747 horizon=260->300 lifetime=[597,1012] skipped=False
2026-08-30 03:12:26,121 | INFO | step=8190/20000 loss=-1.959273 nll=-1.959978 kl=0.0005185604 consistency=0.001859912 lambda=0.1 beta=1 grad=87.80246 horizon=220->260 lifetime=[437,909] skipped=False
2026-08-30 03:12:26,910 | INFO | step=8200/20000 loss=-0.8233447 nll=-0.8269074 kl=0.001506984 consistency=0.020557 lambda=0.1 beta=1 grad=72.95884 horizon=120->160 lifetime=[500,1154] skipped=False
2026-08-30 03:12:27,686 | INFO | step=8210/20000 loss=-1.510884 nll=-1.511387 kl=0.000422895 consistency=0.0007975847 lambda=0.1 beta=1 grad=121.0671 horizon=160->200 lifetime=[500,1025] skipped=False
2026-08-30 03:12:28,549 | INFO | step=8220/20000 loss=-2.220017 nll=-2.220614 kl=0.0005155206 consistency=0.0008063465 lambda=0.1 beta=1 grad=133.4438 horizon=260->300 lifetime=[470,1156] skipped=False
2026-08-30 03:12:29,351 | INFO | step=8230/20000 loss=-1.240822 nll=-1.241793 kl=0.0009362996 consistency=0.0003510521 lambda=0.1 beta=1 grad=214.9097 horizon=180->220 lifetime=[498,1152] skipped=False
2026-08-30 03:12:30,166 | INFO | step=8240/20000 loss=-1.423468 nll=-1.425259 kl=0.0006504208 consistency=0.01140454 lambda=0.1 beta=1 grad=57.58431 horizon=100->140 lifetime=[437,815] skipped=False
2026-08-30 03:12:30,937 | INFO | step=8250/20000 loss=-1.623588 nll=-1.624422 kl=0.0006827563 consistency=0.001510829 lambda=0.1 beta=1 grad=30.3179 horizon=120->160 lifetime=[458,869] skipped=False
2026-08-30 03:12:31,676 | INFO | step=8260/20000 loss=-0.7501198 nll=-0.7506664 kl=0.0004418641 consistency=0.00104766 lambda=0.1 beta=1 grad=539.5298 horizon=180->220 lifetime=[476,1152] skipped=False
2026-08-30 03:12:32,425 | INFO | step=8270/20000 loss=-1.450159 nll=-1.451325 kl=0.0006787479 consistency=0.004866082 lambda=0.1 beta=1 grad=115.8749 horizon=220->260 lifetime=[671,1635] skipped=False
2026-08-30 03:12:33,236 | INFO | step=8280/20000 loss=-1.598497 nll=-1.599538 kl=0.0006834716 consistency=0.003572613 lambda=0.1 beta=1 grad=106.4117 horizon=200->240 lifetime=[461,1154] skipped=False
2026-08-30 03:12:33,994 | INFO | step=8290/20000 loss=-1.081389 nll=-1.08199 kl=0.0005004704 consistency=0.0009977259 lambda=0.1 beta=1 grad=354.3216 horizon=220->260 lifetime=[464,1000] skipped=False
2026-08-30 03:12:34,746 | INFO | step=8300/20000 loss=-0.9823644 nll=-0.9842342 kl=0.000356093 consistency=0.01513771 lambda=0.1 beta=1 grad=372.7178 horizon=140->180 lifetime=[460,1154] skipped=False
2026-08-30 03:12:35,492 | INFO | step=8310/20000 loss=-1.23928 nll=-1.240034 kl=0.0005698055 consistency=0.001842296 lambda=0.1 beta=1 grad=84.38781 horizon=200->240 lifetime=[453,1858] skipped=False
2026-08-30 03:12:36,200 | INFO | step=8320/20000 loss=-2.074958 nll=-2.075558 kl=0.0005588681 consistency=0.0004084706 lambda=0.1 beta=1 grad=35.16557 horizon=180->220 lifetime=[455,1635] skipped=False
2026-08-30 03:12:36,951 | INFO | step=8330/20000 loss=-0.9625765 nll=-0.9636276 kl=0.0008340329 consistency=0.002170985 lambda=0.1 beta=1 grad=251.2183 horizon=140->180 lifetime=[491,1091] skipped=False
2026-08-30 03:12:37,652 | INFO | step=8340/20000 loss=-1.159739 nll=-1.161832 kl=0.0006461889 consistency=0.01446921 lambda=0.1 beta=1 grad=302.2874 horizon=180->220 lifetime=[453,1858] skipped=False
2026-08-30 03:12:38,408 | INFO | step=8350/20000 loss=-0.9440296 nll=-0.9467643 kl=0.000815168 consistency=0.01919544 lambda=0.1 beta=1 grad=212.9053 horizon=120->160 lifetime=[461,1154] skipped=False
2026-08-30 03:12:39,140 | INFO | step=8360/20000 loss=-2.591584 nll=-2.592024 kl=0.0003956705 consistency=0.0004442632 lambda=0.1 beta=1 grad=61.93229 horizon=220->260 lifetime=[465,915] skipped=False
2026-08-30 03:12:39,905 | INFO | step=8370/20000 loss=-1.133128 nll=-1.134275 kl=0.0009058565 consistency=0.002417121 lambda=0.1 beta=1 grad=420.1453 horizon=260->300 lifetime=[437,988] skipped=False
2026-08-30 03:12:40,613 | INFO | step=8380/20000 loss=-1.740583 nll=-1.742424 kl=0.001663595 consistency=0.001776675 lambda=0.1 beta=1 grad=111.4046 horizon=140->180 lifetime=[784,1156] skipped=False
2026-08-30 03:12:41,394 | INFO | step=8390/20000 loss=-1.5082 nll=-1.511328 kl=0.0004718453 consistency=0.02656312 lambda=0.1 beta=1 grad=103.6539 horizon=120->160 lifetime=[443,847] skipped=False
2026-08-30 03:12:42,257 | INFO | step=8400/20000 loss=-1.39673 nll=-1.39742 kl=0.0004855692 consistency=0.002046883 lambda=0.1 beta=1 grad=307.8261 horizon=240->280 lifetime=[437,1049] skipped=False
2026-08-30 03:12:43,054 | INFO | step=8410/20000 loss=-1.385409 nll=-1.393786 kl=0.0004142076 consistency=0.07963347 lambda=0.1 beta=1 grad=94.50425 horizon=120->160 lifetime=[453,1015] skipped=False
2026-08-30 03:12:43,825 | INFO | step=8420/20000 loss=-0.784893 nll=-0.7892241 kl=0.0006142259 consistency=0.03717026 lambda=0.1 beta=1 grad=21.94083 horizon=100->140 lifetime=[534,1635] skipped=False
2026-08-30 03:12:44,595 | INFO | step=8430/20000 loss=-1.496118 nll=-1.498591 kl=0.0008171201 consistency=0.0165537 lambda=0.1 beta=1 grad=50.40845 horizon=200->240 lifetime=[493,1154] skipped=False
2026-08-30 03:12:45,545 | INFO | step=8440/20000 loss=-0.905356 nll=-0.9110096 kl=0.0004869699 consistency=0.05166617 lambda=0.1 beta=1 grad=51.7184 horizon=100->140 lifetime=[505,2154] skipped=False
2026-08-30 03:12:46,335 | INFO | step=8450/20000 loss=-1.291489 nll=-1.292681 kl=0.0004949123 consistency=0.006971803 lambda=0.1 beta=1 grad=34.06507 horizon=180->220 lifetime=[501,1154] skipped=False
2026-08-30 03:12:47,163 | INFO | step=8460/20000 loss=-2.001362 nll=-2.002404 kl=0.001005769 consistency=0.0003652594 lambda=0.1 beta=1 grad=115.1055 horizon=260->300 lifetime=[455,930] skipped=False
2026-08-30 03:12:47,970 | INFO | step=8470/20000 loss=-2.101042 nll=-2.101595 kl=0.0005179346 consistency=0.0003494471 lambda=0.1 beta=1 grad=51.68696 horizon=260->300 lifetime=[462,1049] skipped=False
2026-08-30 03:12:48,790 | INFO | step=8480/20000 loss=-1.683787 nll=-1.685086 kl=0.0005328953 consistency=0.007657442 lambda=0.1 beta=1 grad=55.20348 horizon=140->180 lifetime=[299,1052] skipped=False
2026-08-30 03:12:49,588 | INFO | step=8490/20000 loss=-1.888295 nll=-1.888676 kl=0.0003025383 consistency=0.0007902533 lambda=0.1 beta=1 grad=80.66566 horizon=260->300 lifetime=[428,1007] skipped=False
2026-08-30 03:12:50,637 | INFO | validation step=8500 rmse=207.3877 best=123.0601@4000 stale=9/10
2026-08-30 03:12:50,637 | INFO | step=8500/20000 loss=-1.498888 nll=-1.500042 kl=0.0006761551 consistency=0.004779419 lambda=0.1 beta=1 grad=184.9281 horizon=200->240 lifetime=[518,1025] skipped=False
2026-08-30 03:12:51,477 | INFO | step=8510/20000 loss=-1.095436 nll=-1.096532 kl=0.0008389205 consistency=0.002576545 lambda=0.1 beta=1 grad=321.3703 horizon=160->200 lifetime=[510,1076] skipped=False
2026-08-30 03:12:52,271 | INFO | step=8520/20000 loss=-1.537534 nll=-1.538164 kl=0.0003495365 consistency=0.00281502 lambda=0.1 beta=1 grad=75.2357 horizon=180->220 lifetime=[518,1055] skipped=False
2026-08-30 03:12:53,064 | INFO | step=8530/20000 loss=-0.8510242 nll=-0.85146 kl=0.0003666729 consistency=0.0006916681 lambda=0.1 beta=1 grad=341.713 horizon=220->260 lifetime=[437,1038] skipped=False
2026-08-30 03:12:53,806 | INFO | step=8540/20000 loss=-1.236872 nll=-1.238216 kl=0.0008725971 consistency=0.004709451 lambda=0.1 beta=1 grad=172.7221 horizon=120->160 lifetime=[299,964] skipped=False
2026-08-30 03:12:54,568 | INFO | step=8550/20000 loss=-1.36764 nll=-1.371057 kl=0.0006681979 consistency=0.02748489 lambda=0.1 beta=1 grad=50.15525 horizon=100->140 lifetime=[299,1932] skipped=False
2026-08-30 03:12:55,281 | INFO | step=8560/20000 loss=-1.199179 nll=-1.201685 kl=0.001420453 consistency=0.01086202 lambda=0.1 beta=1 grad=30.87629 horizon=100->140 lifetime=[518,1052] skipped=False
2026-08-30 03:12:56,085 | INFO | step=8570/20000 loss=-1.732805 nll=-1.733254 kl=0.0003807545 consistency=0.0006839754 lambda=0.1 beta=1 grad=97.40535 horizon=240->280 lifetime=[458,1858] skipped=False
2026-08-30 03:12:56,830 | INFO | step=8580/20000 loss=-0.9617375 nll=-0.9641588 kl=0.001034632 consistency=0.01386728 lambda=0.1 beta=1 grad=65.64069 horizon=120->160 lifetime=[461,1154] skipped=False
2026-08-30 03:12:57,615 | INFO | step=8590/20000 loss=-1.384883 nll=-1.390289 kl=0.0009112954 consistency=0.04494138 lambda=0.1 beta=1 grad=42.83076 horizon=100->140 lifetime=[147,826] skipped=False
2026-08-30 03:12:58,355 | INFO | step=8600/20000 loss=-1.606557 nll=-1.607192 kl=0.0003603697 consistency=0.002752856 lambda=0.1 beta=1 grad=124.0554 horizon=200->240 lifetime=[465,1858] skipped=False
2026-08-30 03:12:59,155 | INFO | step=8610/20000 loss=-1.451327 nll=-1.452525 kl=0.0003316253 consistency=0.008661423 lambda=0.1 beta=1 grad=79.60877 horizon=200->240 lifetime=[501,1038] skipped=False
2026-08-30 03:12:59,863 | INFO | step=8620/20000 loss=-1.467001 nll=-1.468167 kl=0.0006929189 consistency=0.00472847 lambda=0.1 beta=1 grad=63.30071 horizon=180->220 lifetime=[428,875] skipped=False
2026-08-30 03:13:00,643 | INFO | step=8630/20000 loss=-1.884269 nll=-1.88494 kl=0.0006187409 consistency=0.0005199164 lambda=0.1 beta=1 grad=286.6737 horizon=180->220 lifetime=[458,988] skipped=False
2026-08-30 03:13:01,344 | INFO | step=8640/20000 loss=-0.9063334 nll=-0.9158701 kl=0.0003202707 consistency=0.09216413 lambda=0.1 beta=1 grad=209.1666 horizon=120->160 lifetime=[299,1000] skipped=False
2026-08-30 03:13:02,194 | INFO | step=8650/20000 loss=-1.621398 nll=-1.62239 kl=0.0002939552 consistency=0.006986484 lambda=0.1 beta=1 grad=62.21076 horizon=240->280 lifetime=[607,1932] skipped=False
2026-08-30 03:13:02,892 | INFO | step=8660/20000 loss=-1.632601 nll=-1.633165 kl=0.0003949702 consistency=0.001698126 lambda=0.1 beta=1 grad=64.42487 horizon=200->240 lifetime=[597,1152] skipped=False
2026-08-30 03:13:03,756 | INFO | step=8670/20000 loss=-1.958958 nll=-1.959892 kl=0.0004457533 consistency=0.004882127 lambda=0.1 beta=1 grad=50.46543 horizon=260->300 lifetime=[615,1052] skipped=False
2026-08-30 03:13:04,533 | INFO | step=8680/20000 loss=-1.434716 nll=-1.435893 kl=0.0007133633 consistency=0.00463137 lambda=0.1 beta=1 grad=83.8755 horizon=180->220 lifetime=[501,1012] skipped=False
2026-08-30 03:13:05,304 | INFO | step=8690/20000 loss=-1.822378 nll=-1.822832 kl=0.000328362 consistency=0.001254255 lambda=0.1 beta=1 grad=130.832 horizon=200->240 lifetime=[428,964] skipped=False
2026-08-30 03:13:06,074 | INFO | step=8700/20000 loss=-1.767946 nll=-1.768866 kl=0.0006173551 consistency=0.003024899 lambda=0.1 beta=1 grad=115.3053 horizon=200->240 lifetime=[484,1156] skipped=False
2026-08-30 03:13:06,856 | INFO | step=8710/20000 loss=-1.582042 nll=-1.582498 kl=0.0003695041 consistency=0.0008700537 lambda=0.1 beta=1 grad=507.2183 horizon=180->220 lifetime=[437,1052] skipped=False
2026-08-30 03:13:07,649 | INFO | step=8720/20000 loss=-0.02015066 nll=-0.02063917 kl=0.0004225671 consistency=0.000659355 lambda=0.1 beta=1 grad=552.5364 horizon=220->260 lifetime=[462,1000] skipped=False
2026-08-30 03:13:08,464 | INFO | step=8730/20000 loss=-1.591362 nll=-1.591842 kl=0.0004262924 consistency=0.0005344744 lambda=0.1 beta=1 grad=105.5046 horizon=200->240 lifetime=[428,1932] skipped=False
2026-08-30 03:13:09,262 | INFO | step=8740/20000 loss=-1.498358 nll=-1.498846 kl=0.0003841072 consistency=0.00103946 lambda=0.1 beta=1 grad=190.2304 horizon=260->300 lifetime=[470,1055] skipped=False
2026-08-30 03:13:10,056 | INFO | step=8750/20000 loss=-1.972507 nll=-1.973228 kl=0.0006286204 consistency=0.0009237826 lambda=0.1 beta=1 grad=79.71998 horizon=240->280 lifetime=[428,1000] skipped=False
2026-08-30 03:13:10,817 | INFO | step=8760/20000 loss=-1.729532 nll=-1.729944 kl=0.0003150851 consistency=0.000975877 lambda=0.1 beta=1 grad=143.4534 horizon=220->260 lifetime=[465,1049] skipped=False
2026-08-30 03:13:11,595 | INFO | step=8770/20000 loss=-0.3529065 nll=-0.353657 kl=0.0006590188 consistency=0.0009153709 lambda=0.1 beta=1 grad=240.4435 horizon=200->240 lifetime=[729,2154] skipped=False
2026-08-30 03:13:12,368 | INFO | step=8780/20000 loss=-0.71897 nll=-0.7198004 kl=0.000643298 consistency=0.001870859 lambda=0.1 beta=1 grad=396.9304 horizon=260->300 lifetime=[476,1635] skipped=False
2026-08-30 03:13:13,110 | INFO | step=8790/20000 loss=-1.978654 nll=-1.979488 kl=0.0007488877 consistency=0.0008501559 lambda=0.1 beta=1 grad=34.92516 horizon=160->200 lifetime=[461,2154] skipped=False
2026-08-30 03:13:13,923 | INFO | step=8800/20000 loss=-1.499026 nll=-1.500044 kl=0.000295952 consistency=0.007217634 lambda=0.1 beta=1 grad=52.91056 horizon=140->180 lifetime=[597,2154] skipped=False
2026-08-30 03:13:14,668 | INFO | step=8810/20000 loss=-0.9014056 nll=-0.9022059 kl=0.0006839037 consistency=0.001164619 lambda=0.1 beta=1 grad=202.9875 horizon=180->220 lifetime=[460,2154] skipped=False
2026-08-30 03:13:15,365 | INFO | step=8820/20000 loss=-2.343489 nll=-2.344045 kl=0.0005099624 consistency=0.0004630126 lambda=0.1 beta=1 grad=132.5769 horizon=200->240 lifetime=[470,938] skipped=False
2026-08-30 03:13:16,135 | INFO | step=8830/20000 loss=-1.837864 nll=-1.83878 kl=0.0003491193 consistency=0.005661845 lambda=0.1 beta=1 grad=48.70532 horizon=260->300 lifetime=[476,942] skipped=False
2026-08-30 03:13:16,893 | INFO | step=8840/20000 loss=-1.665127 nll=-1.665945 kl=0.0006846637 consistency=0.001328841 lambda=0.1 beta=1 grad=296.2619 horizon=180->220 lifetime=[458,1015] skipped=False
2026-08-30 03:13:17,708 | INFO | step=8850/20000 loss=-2.022341 nll=-2.023755 kl=0.001288414 consistency=0.001254082 lambda=0.1 beta=1 grad=223.1383 horizon=240->280 lifetime=[458,869] skipped=False
2026-08-30 03:13:18,517 | INFO | step=8860/20000 loss=-1.807965 nll=-1.808492 kl=0.0003846437 consistency=0.001420015 lambda=0.1 beta=1 grad=66.48639 horizon=180->220 lifetime=[428,1932] skipped=False
2026-08-30 03:13:19,317 | INFO | step=8870/20000 loss=-1.154575 nll=-1.158069 kl=0.0008031428 consistency=0.02690855 lambda=0.1 beta=1 grad=84.1221 horizon=100->140 lifetime=[486,1156] skipped=False
2026-08-30 03:13:20,061 | INFO | step=8880/20000 loss=-1.978426 nll=-1.978831 kl=0.000280872 consistency=0.001242895 lambda=0.1 beta=1 grad=138.9847 horizon=240->280 lifetime=[482,942] skipped=False
2026-08-30 03:13:20,738 | INFO | step=8890/20000 loss=0.7174109 nll=0.716343 kl=0.00060229 consistency=0.004655767 lambda=0.1 beta=1 grad=481.8339 horizon=140->180 lifetime=[460,1007] skipped=False
2026-08-30 03:13:21,510 | INFO | step=8900/20000 loss=-0.7479244 nll=-0.7490658 kl=0.001055524 consistency=0.00085821 lambda=0.1 beta=1 grad=442.4649 horizon=180->220 lifetime=[482,964] skipped=False
2026-08-30 03:13:22,302 | INFO | step=8910/20000 loss=-1.201979 nll=-1.206929 kl=0.0008187145 consistency=0.04131399 lambda=0.1 beta=1 grad=91.14533 horizon=120->160 lifetime=[428,1154] skipped=False
2026-08-30 03:13:23,021 | INFO | step=8920/20000 loss=-0.9139823 nll=-0.9144476 kl=0.0003863424 consistency=0.0007895827 lambda=0.1 beta=1 grad=341.4618 horizon=180->220 lifetime=[437,1091] skipped=False
2026-08-30 03:13:23,759 | INFO | step=8930/20000 loss=-1.248281 nll=-1.250418 kl=0.0009491593 consistency=0.01188009 lambda=0.1 beta=1 grad=150.7426 horizon=120->160 lifetime=[467,964] skipped=False
2026-08-30 03:13:24,513 | INFO | step=8940/20000 loss=-1.490128 nll=-1.497011 kl=0.0003968626 consistency=0.06485841 lambda=0.1 beta=1 grad=64.59628 horizon=120->160 lifetime=[470,1154] skipped=False
2026-08-30 03:13:25,278 | INFO | step=8950/20000 loss=-1.768698 nll=-1.76954 kl=0.0007840544 consistency=0.0005838163 lambda=0.1 beta=1 grad=177.142 horizon=200->240 lifetime=[510,2154] skipped=False
2026-08-30 03:13:26,022 | INFO | step=8960/20000 loss=-1.418702 nll=-1.419073 kl=0.0003391355 consistency=0.0003244318 lambda=0.1 beta=1 grad=282.1502 horizon=220->260 lifetime=[470,1055] skipped=False
2026-08-30 03:13:26,788 | INFO | step=8970/20000 loss=-1.997181 nll=-1.997699 kl=0.0004336834 consistency=0.000843063 lambda=0.1 beta=1 grad=455.3058 horizon=200->240 lifetime=[460,938] skipped=False
2026-08-30 03:13:27,498 | INFO | step=8980/20000 loss=-1.294912 nll=-1.298359 kl=0.001133755 consistency=0.02313028 lambda=0.1 beta=1 grad=43.96473 horizon=100->140 lifetime=[147,1025] skipped=False
2026-08-30 03:13:28,278 | INFO | step=8990/20000 loss=-1.211508 nll=-1.21209 kl=0.0004307926 consistency=0.001511887 lambda=0.1 beta=1 grad=220.4535 horizon=140->180 lifetime=[299,1635] skipped=False
2026-08-30 03:13:29,264 | INFO | validation step=9000 rmse=171.8811 best=123.0601@4000 stale=10/10
2026-08-30 03:13:29,265 | INFO | step=9000/20000 loss=-1.197676 nll=-1.198015 kl=0.0002858043 consistency=0.0005380325 lambda=0.1 beta=1 grad=162.4933 horizon=200->240 lifetime=[464,1007] skipped=False
2026-08-30 03:13:29,354 | INFO | early stopping at step=9000 best=123.0601@4000
2026-08-30 03:13:29,428 | INFO | completed run=/home/JunseoPark/바탕화면/battery_gru/outputs/horizon_lifetime_iv_anp_consistency/suites/20260830_021040_353261_f0/runs/cons_w010_g40/20260830_030143_993249_f0_life_iv_pair-w0p1-g40_s42
