2026-08-30 15:33:03,098 | INFO | start fold=1 device=cuda parameters=886228 train=108 validation=27 horizons=[100, 120, 140, 160, 180, 200, 220, 240, 260, 280, 300] q_points=256 context=[8,16] query=8 target=lifetime delta_soh=false paired_horizons=False consistency_weight=0 consistency_gap=20
2026-08-30 15:33:03,098 | INFO | train_scalers cycle=300 soh=0.96507+-0.017419 voltage=2.7659+-0.46941 current=3.2273+-1.5004 lifetime=790.3+-335.96
2026-08-30 15:33:03,240 | INFO | step=1/20000 loss=0.8372848 nll=0.8372824 kl=0.01211253 consistency=0 lambda=0 beta=0.0002 grad=1.536233 horizon=180 lifetime=[442,938] skipped=False
2026-08-30 15:33:04,060 | INFO | step=10/20000 loss=0.8525957 nll=0.8525753 kl=0.01022663 consistency=0 lambda=0 beta=0.002 grad=2.008252 horizon=200 lifetime=[461,868] skipped=False
2026-08-30 15:33:04,503 | INFO | step=20/20000 loss=2.120559 nll=2.120401 kl=0.0394448 consistency=0 lambda=0 beta=0.004 grad=4.903951 horizon=240 lifetime=[476,1834] skipped=False
2026-08-30 15:33:04,928 | INFO | step=30/20000 loss=1.360805 nll=1.360752 kl=0.008727405 consistency=0 lambda=0 beta=0.006 grad=1.178401 horizon=180 lifetime=[456,1152] skipped=False
2026-08-30 15:33:05,343 | INFO | step=40/20000 loss=1.102255 nll=1.10217 kl=0.0107458 consistency=0 lambda=0 beta=0.008 grad=0.5517631 horizon=240 lifetime=[442,1113] skipped=False
2026-08-30 15:33:05,767 | INFO | step=50/20000 loss=3.053366 nll=3.053146 kl=0.02203823 consistency=0 lambda=0 beta=0.01 grad=8.190081 horizon=100 lifetime=[464,1834] skipped=False
2026-08-30 15:33:06,148 | INFO | step=60/20000 loss=1.654563 nll=1.654108 kl=0.03793171 consistency=0 lambda=0 beta=0.012 grad=2.315505 horizon=200 lifetime=[494,1705] skipped=False
2026-08-30 15:33:06,497 | INFO | step=70/20000 loss=2.973022 nll=2.972814 kl=0.0149086 consistency=0 lambda=0 beta=0.014 grad=8.114104 horizon=100 lifetime=[428,1932] skipped=False
2026-08-30 15:33:06,911 | INFO | step=80/20000 loss=1.110261 nll=1.110084 kl=0.01109888 consistency=0 lambda=0 beta=0.016 grad=0.715055 horizon=200 lifetime=[455,1091] skipped=False
2026-08-30 15:33:07,290 | INFO | step=90/20000 loss=1.068682 nll=1.068442 kl=0.01335148 consistency=0 lambda=0 beta=0.018 grad=1.757861 horizon=140 lifetime=[442,1071] skipped=False
2026-08-30 15:33:07,677 | INFO | step=100/20000 loss=2.006649 nll=2.006461 kl=0.009393584 consistency=0 lambda=0 beta=0.02 grad=3.2766 horizon=260 lifetime=[453,1834] skipped=False
2026-08-30 15:33:08,062 | INFO | step=110/20000 loss=1.876997 nll=1.876496 kl=0.02278824 consistency=0 lambda=0 beta=0.022 grad=3.38678 horizon=240 lifetime=[484,1834] skipped=False
2026-08-30 15:33:08,472 | INFO | step=120/20000 loss=1.007613 nll=1.007079 kl=0.02224511 consistency=0 lambda=0 beta=0.024 grad=1.028557 horizon=240 lifetime=[456,1036] skipped=False
2026-08-30 15:33:08,845 | INFO | step=130/20000 loss=0.927038 nll=0.9265448 kl=0.01897078 consistency=0 lambda=0 beta=0.026 grad=1.398313 horizon=180 lifetime=[458,875] skipped=False
2026-08-30 15:33:09,256 | INFO | step=140/20000 loss=1.076252 nll=1.076146 kl=0.003780884 consistency=0 lambda=0 beta=0.028 grad=0.8967502 horizon=120 lifetime=[455,1113] skipped=False
2026-08-30 15:33:09,657 | INFO | step=150/20000 loss=2.212445 nll=2.212304 kl=0.00469495 consistency=0 lambda=0 beta=0.03 grad=5.146308 horizon=180 lifetime=[461,1932] skipped=False
2026-08-30 15:33:10,051 | INFO | step=160/20000 loss=0.9066394 nll=0.9058262 kl=0.02541235 consistency=0 lambda=0 beta=0.032 grad=2.285306 horizon=220 lifetime=[470,938] skipped=False
2026-08-30 15:33:10,461 | INFO | step=170/20000 loss=1.030015 nll=1.028533 kl=0.04360235 consistency=0 lambda=0 beta=0.034 grad=2.135248 horizon=160 lifetime=[442,991] skipped=False
2026-08-30 15:33:10,862 | INFO | step=180/20000 loss=0.9686338 nll=0.967787 kl=0.02352286 consistency=0 lambda=0 beta=0.036 grad=1.67545 horizon=220 lifetime=[455,1081] skipped=False
2026-08-30 15:33:11,283 | INFO | step=190/20000 loss=0.8539062 nll=0.8529309 kl=0.0256657 consistency=0 lambda=0 beta=0.038 grad=4.094778 horizon=300 lifetime=[656,1113] skipped=False
2026-08-30 15:33:11,699 | INFO | step=200/20000 loss=0.9865378 nll=0.9855578 kl=0.02449912 consistency=0 lambda=0 beta=0.04 grad=2.206455 horizon=200 lifetime=[299,1156] skipped=False
2026-08-30 15:33:12,143 | INFO | step=210/20000 loss=2.178205 nll=2.16462 kl=0.3234389 consistency=0 lambda=0 beta=0.042 grad=18.23782 horizon=280 lifetime=[505,1834] skipped=False
2026-08-30 15:33:12,556 | INFO | step=220/20000 loss=0.6288474 nll=0.6221889 kl=0.1513276 consistency=0 lambda=0 beta=0.044 grad=4.563488 horizon=300 lifetime=[460,887] skipped=False
2026-08-30 15:33:12,944 | INFO | step=230/20000 loss=1.647104 nll=1.645976 kl=0.02453353 consistency=0 lambda=0 beta=0.046 grad=7.210165 horizon=140 lifetime=[461,1799] skipped=False
2026-08-30 15:33:13,351 | INFO | step=240/20000 loss=0.4835815 nll=0.4823408 kl=0.02584703 consistency=0 lambda=0 beta=0.048 grad=4.358482 horizon=300 lifetime=[480,906] skipped=False
2026-08-30 15:33:13,746 | INFO | step=250/20000 loss=1.65095 nll=1.647272 kl=0.07356097 consistency=0 lambda=0 beta=0.05 grad=6.206519 horizon=160 lifetime=[467,1834] skipped=False
2026-08-30 15:33:14,117 | INFO | step=260/20000 loss=0.7162089 nll=0.7009999 kl=0.2924812 consistency=0 lambda=0 beta=0.052 grad=17.5894 horizon=220 lifetime=[539,1143] skipped=False
2026-08-30 15:33:14,581 | INFO | step=270/20000 loss=0.5154283 nll=0.5148764 kl=0.01022072 consistency=0 lambda=0 beta=0.054 grad=15.94016 horizon=220 lifetime=[428,921] skipped=False
2026-08-30 15:33:14,973 | INFO | step=280/20000 loss=0.5929421 nll=0.5914611 kl=0.02644536 consistency=0 lambda=0 beta=0.056 grad=4.082538 horizon=180 lifetime=[453,1282] skipped=False
2026-08-30 15:33:15,371 | INFO | step=290/20000 loss=1.400639 nll=1.37989 kl=0.3577451 consistency=0 lambda=0 beta=0.058 grad=28.55511 horizon=280 lifetime=[460,1834] skipped=False
2026-08-30 15:33:15,826 | INFO | step=300/20000 loss=0.4457669 nll=0.4394245 kl=0.1057059 consistency=0 lambda=0 beta=0.06 grad=10.41292 horizon=240 lifetime=[455,1113] skipped=False
2026-08-30 15:33:16,218 | INFO | step=310/20000 loss=1.754458 nll=1.752383 kl=0.03346717 consistency=0 lambda=0 beta=0.062 grad=16.4685 horizon=140 lifetime=[147,1834] skipped=False
2026-08-30 15:33:16,580 | INFO | step=320/20000 loss=0.4563517 nll=0.4531219 kl=0.05046542 consistency=0 lambda=0 beta=0.064 grad=21.87905 horizon=160 lifetime=[470,1055] skipped=False
2026-08-30 15:33:16,967 | INFO | step=330/20000 loss=0.5394827 nll=0.5384793 kl=0.01520232 consistency=0 lambda=0 beta=0.066 grad=8.322183 horizon=120 lifetime=[460,1143] skipped=False
2026-08-30 15:33:17,391 | INFO | step=340/20000 loss=0.2687303 nll=0.2671449 kl=0.0233146 consistency=0 lambda=0 beta=0.068 grad=15.33937 horizon=300 lifetime=[467,909] skipped=False
2026-08-30 15:33:17,780 | INFO | step=350/20000 loss=0.6604542 nll=0.6577832 kl=0.0381578 consistency=0 lambda=0 beta=0.07 grad=71.48504 horizon=240 lifetime=[428,1143] skipped=False
2026-08-30 15:33:18,217 | INFO | step=360/20000 loss=1.994832 nll=1.991765 kl=0.04259327 consistency=0 lambda=0 beta=0.072 grad=27.69994 horizon=280 lifetime=[497,2154] skipped=False
2026-08-30 15:33:18,602 | INFO | step=370/20000 loss=1.516685 nll=1.508686 kl=0.1080971 consistency=0 lambda=0 beta=0.074 grad=36.17441 horizon=280 lifetime=[742,1834] skipped=False
2026-08-30 15:33:19,006 | INFO | step=380/20000 loss=0.1044636 nll=0.1027689 kl=0.02229878 consistency=0 lambda=0 beta=0.076 grad=26.06471 horizon=200 lifetime=[299,875] skipped=False
2026-08-30 15:33:19,464 | INFO | step=390/20000 loss=2.201392 nll=2.199255 kl=0.02740303 consistency=0 lambda=0 beta=0.078 grad=85.65559 horizon=280 lifetime=[491,2154] skipped=False
2026-08-30 15:33:19,842 | INFO | step=400/20000 loss=0.2231461 nll=0.2210747 kl=0.02589221 consistency=0 lambda=0 beta=0.08 grad=40.95758 horizon=220 lifetime=[443,1156] skipped=False
2026-08-30 15:33:20,233 | INFO | step=410/20000 loss=1.934604 nll=1.92697 kl=0.09310541 consistency=0 lambda=0 beta=0.082 grad=14.8255 horizon=120 lifetime=[465,1932] skipped=False
2026-08-30 15:33:20,658 | INFO | step=420/20000 loss=0.839011 nll=0.8369431 kl=0.02461731 consistency=0 lambda=0 beta=0.084 grad=57.2552 horizon=200 lifetime=[460,1705] skipped=False
2026-08-30 15:33:21,059 | INFO | step=430/20000 loss=1.314175 nll=1.308995 kl=0.06023847 consistency=0 lambda=0 beta=0.086 grad=16.66114 horizon=260 lifetime=[498,1932] skipped=False
2026-08-30 15:33:21,474 | INFO | step=440/20000 loss=1.616303 nll=1.615112 kl=0.01354135 consistency=0 lambda=0 beta=0.088 grad=39.33677 horizon=100 lifetime=[147,1834] skipped=False
2026-08-30 15:33:21,865 | INFO | step=450/20000 loss=2.9803 nll=2.978738 kl=0.01734941 consistency=0 lambda=0 beta=0.09 grad=inf horizon=120 lifetime=[491,1705] skipped=True
2026-08-30 15:33:22,291 | INFO | step=460/20000 loss=1.22736 nll=1.223359 kl=0.04349111 consistency=0 lambda=0 beta=0.092 grad=34.814 horizon=220 lifetime=[428,1834] skipped=False
2026-08-30 15:33:22,702 | INFO | step=470/20000 loss=1.189566 nll=1.185945 kl=0.03852395 consistency=0 lambda=0 beta=0.094 grad=27.13307 horizon=300 lifetime=[460,1834] skipped=False
2026-08-30 15:33:23,087 | INFO | step=480/20000 loss=0.4277574 nll=0.4232942 kl=0.04649073 consistency=0 lambda=0 beta=0.096 grad=19.87412 horizon=220 lifetime=[299,1313] skipped=False
2026-08-30 15:33:23,471 | INFO | step=490/20000 loss=0.1150505 nll=0.1084248 kl=0.06760933 consistency=0 lambda=0 beta=0.098 grad=6.56878 horizon=220 lifetime=[458,921] skipped=False
2026-08-30 15:33:24,358 | INFO | validation step=500 rmse=285.4118 best=285.4118@500 stale=0/10
2026-08-30 15:33:24,358 | INFO | step=500/20000 loss=0.4438493 nll=0.4386671 kl=0.05182245 consistency=0 lambda=0 beta=0.1 grad=68.00461 horizon=280 lifetime=[299,942] skipped=False
2026-08-30 15:33:24,799 | INFO | step=510/20000 loss=0.8004705 nll=0.7980469 kl=0.02376079 consistency=0 lambda=0 beta=0.102 grad=34.69933 horizon=180 lifetime=[465,1705] skipped=False
2026-08-30 15:33:25,206 | INFO | step=520/20000 loss=0.1706688 nll=0.1694451 kl=0.01176572 consistency=0 lambda=0 beta=0.104 grad=39.10506 horizon=260 lifetime=[442,1156] skipped=False
2026-08-30 15:33:25,620 | INFO | step=530/20000 loss=1.720594 nll=1.714582 kl=0.05671787 consistency=0 lambda=0 beta=0.106 grad=45.83214 horizon=240 lifetime=[460,1932] skipped=False
2026-08-30 15:33:26,015 | INFO | step=540/20000 loss=0.009514477 nll=-0.007269725 kl=0.1554093 consistency=0 lambda=0 beta=0.108 grad=50.17112 horizon=300 lifetime=[453,1113] skipped=False
2026-08-30 15:33:26,407 | INFO | step=550/20000 loss=0.8747092 nll=0.8720478 kl=0.02419479 consistency=0 lambda=0 beta=0.11 grad=19.17271 horizon=100 lifetime=[649,1038] skipped=False
2026-08-30 15:33:26,763 | INFO | step=560/20000 loss=1.040842 nll=1.039093 kl=0.01562012 consistency=0 lambda=0 beta=0.112 grad=59.78954 horizon=100 lifetime=[443,1799] skipped=False
2026-08-30 15:33:27,168 | INFO | step=570/20000 loss=0.7763728 nll=0.774848 kl=0.01337521 consistency=0 lambda=0 beta=0.114 grad=108.2602 horizon=160 lifetime=[497,860] skipped=False
2026-08-30 15:33:27,599 | INFO | step=580/20000 loss=0.4257494 nll=0.4245049 kl=0.01072816 consistency=0 lambda=0 beta=0.116 grad=69.61625 horizon=300 lifetime=[428,1156] skipped=False
2026-08-30 15:33:27,995 | INFO | step=590/20000 loss=0.3032074 nll=0.2920361 kl=0.09467211 consistency=0 lambda=0 beta=0.118 grad=77.84061 horizon=160 lifetime=[299,754] skipped=False
2026-08-30 15:33:28,358 | INFO | step=600/20000 loss=-0.0128536 nll=-0.01954561 kl=0.05576676 consistency=0 lambda=0 beta=0.12 grad=105.8941 horizon=260 lifetime=[428,786] skipped=False
2026-08-30 15:33:28,822 | INFO | step=610/20000 loss=1.468613 nll=1.464433 kl=0.03426158 consistency=0 lambda=0 beta=0.122 grad=34.66614 horizon=140 lifetime=[147,1799] skipped=False
2026-08-30 15:33:29,230 | INFO | step=620/20000 loss=1.680714 nll=1.678003 kl=0.02186616 consistency=0 lambda=0 beta=0.124 grad=25.55206 horizon=120 lifetime=[147,2154] skipped=False
2026-08-30 15:33:29,680 | INFO | step=630/20000 loss=0.6695087 nll=0.6674162 kl=0.01660716 consistency=0 lambda=0 beta=0.126 grad=45.57731 horizon=200 lifetime=[467,1799] skipped=False
2026-08-30 15:33:30,043 | INFO | step=640/20000 loss=0.8215945 nll=0.8192625 kl=0.01821895 consistency=0 lambda=0 beta=0.128 grad=38.03852 horizon=100 lifetime=[656,1282] skipped=False
2026-08-30 15:33:30,402 | INFO | step=650/20000 loss=0.3412153 nll=0.3362267 kl=0.03837355 consistency=0 lambda=0 beta=0.13 grad=45.98145 horizon=180 lifetime=[428,1113] skipped=False
2026-08-30 15:33:30,774 | INFO | step=660/20000 loss=0.6774588 nll=0.6740018 kl=0.02618896 consistency=0 lambda=0 beta=0.132 grad=113.8713 horizon=220 lifetime=[493,1081] skipped=False
2026-08-30 15:33:31,150 | INFO | step=670/20000 loss=0.4978465 nll=0.4933829 kl=0.03331013 consistency=0 lambda=0 beta=0.134 grad=48.82661 horizon=300 lifetime=[470,1282] skipped=False
2026-08-30 15:33:31,543 | INFO | step=680/20000 loss=0.2932742 nll=0.292464 kl=0.005957357 consistency=0 lambda=0 beta=0.136 grad=72.50277 horizon=300 lifetime=[460,1113] skipped=False
2026-08-30 15:33:31,912 | INFO | step=690/20000 loss=0.1091597 nll=0.09805496 kl=0.08046881 consistency=0 lambda=0 beta=0.138 grad=19.52501 horizon=220 lifetime=[467,1061] skipped=False
2026-08-30 15:33:32,313 | INFO | step=700/20000 loss=0.5386323 nll=0.537063 kl=0.01120939 consistency=0 lambda=0 beta=0.14 grad=55.9148 horizon=160 lifetime=[476,1282] skipped=False
2026-08-30 15:33:32,687 | INFO | step=710/20000 loss=0.5060688 nll=0.5037114 kl=0.01660169 consistency=0 lambda=0 beta=0.142 grad=133.3631 horizon=220 lifetime=[443,1282] skipped=False
2026-08-30 15:33:33,059 | INFO | step=720/20000 loss=-0.05097098 nll=-0.06168753 kl=0.07442047 consistency=0 lambda=0 beta=0.144 grad=26.90737 horizon=220 lifetime=[460,1052] skipped=False
2026-08-30 15:33:33,478 | INFO | step=730/20000 loss=0.8262739 nll=0.822315 kl=0.02711597 consistency=0 lambda=0 beta=0.146 grad=21.81134 horizon=180 lifetime=[519,1834] skipped=False
2026-08-30 15:33:33,857 | INFO | step=740/20000 loss=0.6684012 nll=0.6596836 kl=0.05890293 consistency=0 lambda=0 beta=0.148 grad=21.10081 horizon=120 lifetime=[443,1071] skipped=False
2026-08-30 15:33:34,287 | INFO | step=750/20000 loss=0.06485476 nll=0.06228626 kl=0.01712333 consistency=0 lambda=0 beta=0.15 grad=25.73023 horizon=180 lifetime=[453,906] skipped=False
2026-08-30 15:33:34,698 | INFO | step=760/20000 loss=1.706993 nll=1.696357 kl=0.06997512 consistency=0 lambda=0 beta=0.152 grad=234.0905 horizon=160 lifetime=[497,1932] skipped=False
2026-08-30 15:33:35,109 | INFO | step=770/20000 loss=-0.1405769 nll=-0.1438355 kl=0.0211601 consistency=0 lambda=0 beta=0.154 grad=41.32827 horizon=180 lifetime=[458,1071] skipped=False
2026-08-30 15:33:35,496 | INFO | step=780/20000 loss=-0.3178775 nll=-0.3204973 kl=0.01679365 consistency=0 lambda=0 beta=0.156 grad=32.88011 horizon=240 lifetime=[456,1282] skipped=False
2026-08-30 15:33:35,925 | INFO | step=790/20000 loss=0.2888174 nll=0.2868068 kl=0.01272541 consistency=0 lambda=0 beta=0.158 grad=55.34811 horizon=260 lifetime=[480,1156] skipped=False
2026-08-30 15:33:36,364 | INFO | step=800/20000 loss=0.331317 nll=0.3291394 kl=0.0136097 consistency=0 lambda=0 beta=0.16 grad=24.13356 horizon=200 lifetime=[299,1152] skipped=False
2026-08-30 15:33:36,797 | INFO | step=810/20000 loss=0.2439364 nll=0.2418867 kl=0.01265221 consistency=0 lambda=0 beta=0.162 grad=18.11007 horizon=300 lifetime=[486,1834] skipped=False
2026-08-30 15:33:37,154 | INFO | step=820/20000 loss=0.5769686 nll=0.5723879 kl=0.02793062 consistency=0 lambda=0 beta=0.164 grad=81.22828 horizon=260 lifetime=[560,1061] skipped=False
2026-08-30 15:33:37,577 | INFO | step=830/20000 loss=0.9644511 nll=0.95943 kl=0.03024716 consistency=0 lambda=0 beta=0.166 grad=27.22278 horizon=120 lifetime=[456,1081] skipped=False
2026-08-30 15:33:37,960 | INFO | step=840/20000 loss=0.9316828 nll=0.927958 kl=0.02217163 consistency=0 lambda=0 beta=0.168 grad=139.5033 horizon=240 lifetime=[428,1152] skipped=False
2026-08-30 15:33:38,370 | INFO | step=850/20000 loss=0.3955575 nll=0.3892638 kl=0.03702166 consistency=0 lambda=0 beta=0.17 grad=44.23159 horizon=140 lifetime=[299,1154] skipped=False
2026-08-30 15:33:38,771 | INFO | step=860/20000 loss=-0.03586869 nll=-0.04272015 kl=0.03983405 consistency=0 lambda=0 beta=0.172 grad=22.36524 horizon=180 lifetime=[442,875] skipped=False
2026-08-30 15:33:39,158 | INFO | step=870/20000 loss=0.1549522 nll=0.1540374 kl=0.005258 consistency=0 lambda=0 beta=0.174 grad=29.11849 horizon=240 lifetime=[464,1154] skipped=False
2026-08-30 15:33:39,548 | INFO | step=880/20000 loss=0.4355029 nll=0.4303179 kl=0.02946035 consistency=0 lambda=0 beta=0.176 grad=59.45821 horizon=120 lifetime=[467,913] skipped=False
2026-08-30 15:33:39,929 | INFO | step=890/20000 loss=0.5630879 nll=0.5619637 kl=0.0063157 consistency=0 lambda=0 beta=0.178 grad=184.2718 horizon=160 lifetime=[453,1154] skipped=False
2026-08-30 15:33:40,314 | INFO | step=900/20000 loss=-0.1208481 nll=-0.125393 kl=0.02524927 consistency=0 lambda=0 beta=0.18 grad=13.48205 horizon=200 lifetime=[455,1156] skipped=False
2026-08-30 15:33:40,735 | INFO | step=910/20000 loss=1.98431 nll=1.983419 kl=0.004891573 consistency=0 lambda=0 beta=0.182 grad=195.4668 horizon=300 lifetime=[461,1932] skipped=False
2026-08-30 15:33:41,144 | INFO | step=920/20000 loss=0.0205227 nll=0.01254424 kl=0.04336115 consistency=0 lambda=0 beta=0.184 grad=24.16498 horizon=220 lifetime=[443,1282] skipped=False
2026-08-30 15:33:41,561 | INFO | step=930/20000 loss=0.02059235 nll=0.01857758 kl=0.0108321 consistency=0 lambda=0 beta=0.186 grad=10.03156 horizon=280 lifetime=[465,1055] skipped=False
2026-08-30 15:33:41,943 | INFO | step=940/20000 loss=1.5302 nll=1.526833 kl=0.01791099 consistency=0 lambda=0 beta=0.188 grad=178.9415 horizon=120 lifetime=[428,1932] skipped=False
2026-08-30 15:33:42,349 | INFO | step=950/20000 loss=0.3966153 nll=0.3934326 kl=0.01675093 consistency=0 lambda=0 beta=0.19 grad=69.28552 horizon=200 lifetime=[486,1152] skipped=False
2026-08-30 15:33:42,808 | INFO | step=960/20000 loss=-0.5705792 nll=-0.5754318 kl=0.02527393 consistency=0 lambda=0 beta=0.192 grad=17.04112 horizon=220 lifetime=[443,906] skipped=False
2026-08-30 15:33:43,220 | INFO | step=970/20000 loss=0.5606688 nll=0.5597847 kl=0.004557467 consistency=0 lambda=0 beta=0.194 grad=74.98756 horizon=120 lifetime=[460,1799] skipped=False
2026-08-30 15:33:43,591 | INFO | step=980/20000 loss=0.9950242 nll=0.9923295 kl=0.0137487 consistency=0 lambda=0 beta=0.196 grad=83.33236 horizon=100 lifetime=[442,875] skipped=False
2026-08-30 15:33:43,966 | INFO | step=990/20000 loss=0.08457531 nll=0.08254749 kl=0.01024154 consistency=0 lambda=0 beta=0.198 grad=34.51188 horizon=260 lifetime=[467,1143] skipped=False
2026-08-30 15:33:44,691 | INFO | validation step=1000 rmse=257.7995 best=257.7995@1000 stale=0/10
2026-08-30 15:33:44,691 | INFO | step=1000/20000 loss=-0.08096159 nll=-0.08434802 kl=0.01693214 consistency=0 lambda=0 beta=0.2 grad=41.89088 horizon=280 lifetime=[299,1052] skipped=False
2026-08-30 15:33:45,100 | INFO | step=1010/20000 loss=0.9630545 nll=0.9613817 kl=0.008281222 consistency=0 lambda=0 beta=0.202 grad=130.8788 horizon=240 lifetime=[453,1061] skipped=False
2026-08-30 15:33:45,502 | INFO | step=1020/20000 loss=0.5327951 nll=0.5301774 kl=0.01283201 consistency=0 lambda=0 beta=0.204 grad=54.31504 horizon=240 lifetime=[453,1091] skipped=False
2026-08-30 15:33:45,852 | INFO | step=1030/20000 loss=0.4156594 nll=0.4140659 kl=0.007735429 consistency=0 lambda=0 beta=0.206 grad=32.05441 horizon=160 lifetime=[460,1705] skipped=False
2026-08-30 15:33:46,227 | INFO | step=1040/20000 loss=0.151885 nll=0.1388616 kl=0.06261258 consistency=0 lambda=0 beta=0.208 grad=58.15959 horizon=160 lifetime=[486,906] skipped=False
2026-08-30 15:33:46,640 | INFO | step=1050/20000 loss=0.157347 nll=0.1546906 kl=0.0126493 consistency=0 lambda=0 beta=0.21 grad=37.63903 horizon=280 lifetime=[443,1313] skipped=False
2026-08-30 15:33:47,045 | INFO | step=1060/20000 loss=-0.2406617 nll=-0.2442167 kl=0.01676891 consistency=0 lambda=0 beta=0.212 grad=18.0066 horizon=280 lifetime=[453,913] skipped=False
2026-08-30 15:33:47,438 | INFO | step=1070/20000 loss=0.1039713 nll=0.0993389 kl=0.02164657 consistency=0 lambda=0 beta=0.214 grad=64.61775 horizon=140 lifetime=[453,1113] skipped=False
2026-08-30 15:33:47,811 | INFO | step=1080/20000 loss=-0.08726761 nll=-0.09268904 kl=0.02509922 consistency=0 lambda=0 beta=0.216 grad=31.60288 horizon=300 lifetime=[484,1091] skipped=False
2026-08-30 15:33:48,215 | INFO | step=1090/20000 loss=0.1509614 nll=0.1469195 kl=0.0185408 consistency=0 lambda=0 beta=0.218 grad=75.55247 horizon=260 lifetime=[456,858] skipped=False
2026-08-30 15:33:48,623 | INFO | step=1100/20000 loss=0.1483802 nll=0.1426495 kl=0.02604865 consistency=0 lambda=0 beta=0.22 grad=46.62958 horizon=120 lifetime=[453,1152] skipped=False
2026-08-30 15:33:48,996 | INFO | step=1110/20000 loss=0.03799092 nll=0.03395672 kl=0.01817208 consistency=0 lambda=0 beta=0.222 grad=41.51551 horizon=120 lifetime=[442,1091] skipped=False
2026-08-30 15:33:49,395 | INFO | step=1120/20000 loss=0.4995331 nll=0.4978988 kl=0.007295945 consistency=0 lambda=0 beta=0.224 grad=18.12126 horizon=240 lifetime=[460,1834] skipped=False
2026-08-30 15:33:49,821 | INFO | step=1130/20000 loss=0.3425713 nll=0.337419 kl=0.0227979 consistency=0 lambda=0 beta=0.226 grad=42.5816 horizon=220 lifetime=[508,1052] skipped=False
2026-08-30 15:33:50,190 | INFO | step=1140/20000 loss=0.6092828 nll=0.6044482 kl=0.02120433 consistency=0 lambda=0 beta=0.228 grad=61.55767 horizon=120 lifetime=[299,1025] skipped=False
2026-08-30 15:33:50,560 | INFO | step=1150/20000 loss=0.6484887 nll=0.6436551 kl=0.02101577 consistency=0 lambda=0 beta=0.23 grad=39.24773 horizon=100 lifetime=[460,909] skipped=False
2026-08-30 15:33:50,935 | INFO | step=1160/20000 loss=1.298543 nll=1.29011 kl=0.03635131 consistency=0 lambda=0 beta=0.232 grad=42.92104 horizon=120 lifetime=[147,858] skipped=False
2026-08-30 15:33:51,331 | INFO | step=1170/20000 loss=1.30268 nll=1.299824 kl=0.01220507 consistency=0 lambda=0 beta=0.234 grad=34.89538 horizon=100 lifetime=[147,1799] skipped=False
2026-08-30 15:33:51,731 | INFO | step=1180/20000 loss=0.8777018 nll=0.8762001 kl=0.006363279 consistency=0 lambda=0 beta=0.236 grad=80.47278 horizon=240 lifetime=[491,2154] skipped=False
2026-08-30 15:33:52,088 | INFO | step=1190/20000 loss=1.874386 nll=1.841851 kl=0.1367045 consistency=0 lambda=0 beta=0.238 grad=104.6199 horizon=120 lifetime=[539,2154] skipped=False
2026-08-30 15:33:52,511 | INFO | step=1200/20000 loss=-0.441223 nll=-0.4460384 kl=0.02006409 consistency=0 lambda=0 beta=0.24 grad=22.61414 horizon=240 lifetime=[458,1113] skipped=False
2026-08-30 15:33:52,944 | INFO | step=1210/20000 loss=0.2048252 nll=0.2010128 kl=0.01575368 consistency=0 lambda=0 beta=0.242 grad=20.09581 horizon=280 lifetime=[453,2154] skipped=False
2026-08-30 15:33:53,331 | INFO | step=1220/20000 loss=0.7588048 nll=0.7573807 kl=0.00583631 consistency=0 lambda=0 beta=0.244 grad=19.85866 horizon=180 lifetime=[480,2154] skipped=False
2026-08-30 15:33:53,714 | INFO | step=1230/20000 loss=0.9485128 nll=0.9466324 kl=0.007643589 consistency=0 lambda=0 beta=0.246 grad=126.2461 horizon=140 lifetime=[486,1143] skipped=False
2026-08-30 15:33:54,112 | INFO | step=1240/20000 loss=0.8359536 nll=0.8323073 kl=0.01470276 consistency=0 lambda=0 beta=0.248 grad=64.54556 horizon=180 lifetime=[497,1932] skipped=False
2026-08-30 15:33:54,538 | INFO | step=1250/20000 loss=-0.382783 nll=-0.3867058 kl=0.01569102 consistency=0 lambda=0 beta=0.25 grad=11.10606 horizon=260 lifetime=[467,1091] skipped=False
2026-08-30 15:33:54,930 | INFO | step=1260/20000 loss=-0.08683845 nll=-0.09401032 kl=0.02845984 consistency=0 lambda=0 beta=0.252 grad=82.7065 horizon=280 lifetime=[456,1055] skipped=False
2026-08-30 15:33:55,333 | INFO | step=1270/20000 loss=0.5639639 nll=0.5564154 kl=0.02971887 consistency=0 lambda=0 beta=0.254 grad=76.95913 horizon=120 lifetime=[442,921] skipped=False
2026-08-30 15:33:55,690 | INFO | step=1280/20000 loss=0.5563971 nll=0.5498114 kl=0.02572576 consistency=0 lambda=0 beta=0.256 grad=21.59508 horizon=260 lifetime=[491,1799] skipped=False
2026-08-30 15:33:56,086 | INFO | step=1290/20000 loss=0.5002876 nll=0.4922734 kl=0.03106267 consistency=0 lambda=0 beta=0.258 grad=74.99659 horizon=300 lifetime=[498,1152] skipped=False
2026-08-30 15:33:56,483 | INFO | step=1300/20000 loss=-0.1288906 nll=-0.1321308 kl=0.01246209 consistency=0 lambda=0 beta=0.26 grad=76.05844 horizon=260 lifetime=[443,909] skipped=False
2026-08-30 15:33:56,902 | INFO | step=1310/20000 loss=-0.4348097 nll=-0.436021 kl=0.00462343 consistency=0 lambda=0 beta=0.262 grad=21.08519 horizon=160 lifetime=[458,1156] skipped=False
2026-08-30 15:33:57,257 | INFO | step=1320/20000 loss=0.2827684 nll=0.2782007 kl=0.01730166 consistency=0 lambda=0 beta=0.264 grad=9.55852 horizon=160 lifetime=[464,1834] skipped=False
2026-08-30 15:33:57,627 | INFO | step=1330/20000 loss=1.074819 nll=1.069581 kl=0.01968999 consistency=0 lambda=0 beta=0.266 grad=35.9296 horizon=100 lifetime=[147,1154] skipped=False
2026-08-30 15:33:58,017 | INFO | step=1340/20000 loss=0.6103423 nll=0.6039572 kl=0.02382473 consistency=0 lambda=0 beta=0.268 grad=78.21133 horizon=140 lifetime=[464,2154] skipped=False
2026-08-30 15:33:58,419 | INFO | step=1350/20000 loss=0.4522398 nll=0.4457611 kl=0.02399502 consistency=0 lambda=0 beta=0.27 grad=27.17909 horizon=180 lifetime=[493,1152] skipped=False
2026-08-30 15:33:58,833 | INFO | step=1360/20000 loss=0.3236986 nll=0.322342 kl=0.004987557 consistency=0 lambda=0 beta=0.272 grad=8.969579 horizon=220 lifetime=[460,1834] skipped=False
2026-08-30 15:33:59,284 | INFO | step=1370/20000 loss=2.043738 nll=2.042658 kl=0.003942422 consistency=0 lambda=0 beta=0.274 grad=300.1196 horizon=220 lifetime=[460,1000] skipped=False
2026-08-30 15:33:59,676 | INFO | step=1380/20000 loss=0.4396272 nll=0.4366762 kl=0.01069201 consistency=0 lambda=0 beta=0.276 grad=75.32454 horizon=220 lifetime=[442,1834] skipped=False
2026-08-30 15:34:00,090 | INFO | step=1390/20000 loss=-0.02074593 nll=-0.02631363 kl=0.02002767 consistency=0 lambda=0 beta=0.278 grad=22.14076 horizon=260 lifetime=[442,921] skipped=False
2026-08-30 15:34:00,523 | INFO | step=1400/20000 loss=0.1789081 nll=0.1767686 kl=0.007641149 consistency=0 lambda=0 beta=0.28 grad=12.18202 horizon=300 lifetime=[442,1313] skipped=False
2026-08-30 15:34:00,913 | INFO | step=1410/20000 loss=0.3725548 nll=0.3674721 kl=0.01802393 consistency=0 lambda=0 beta=0.282 grad=70.00524 horizon=120 lifetime=[480,706] skipped=False
2026-08-30 15:34:01,294 | INFO | step=1420/20000 loss=0.3429192 nll=0.3403016 kl=0.009216821 consistency=0 lambda=0 beta=0.284 grad=83.70046 horizon=200 lifetime=[455,2154] skipped=False
2026-08-30 15:34:01,636 | INFO | step=1430/20000 loss=0.03804299 nll=0.02512588 kl=0.04516473 consistency=0 lambda=0 beta=0.286 grad=15.69546 horizon=120 lifetime=[464,1154] skipped=False
2026-08-30 15:34:01,997 | INFO | step=1440/20000 loss=-0.04342219 nll=-0.0463236 kl=0.01007433 consistency=0 lambda=0 beta=0.288 grad=25.9648 horizon=260 lifetime=[458,1156] skipped=False
2026-08-30 15:34:02,352 | INFO | step=1450/20000 loss=-0.05721541 nll=-0.06871779 kl=0.03966337 consistency=0 lambda=0 beta=0.29 grad=24.43108 horizon=100 lifetime=[428,1061] skipped=False
2026-08-30 15:34:02,728 | INFO | step=1460/20000 loss=-0.2030469 nll=-0.209849 kl=0.02329477 consistency=0 lambda=0 beta=0.292 grad=53.52414 horizon=300 lifetime=[443,1154] skipped=False
2026-08-30 15:34:03,102 | INFO | step=1470/20000 loss=-0.330779 nll=-0.3337248 kl=0.01001971 consistency=0 lambda=0 beta=0.294 grad=38.40151 horizon=200 lifetime=[428,942] skipped=False
2026-08-30 15:34:03,481 | INFO | step=1480/20000 loss=0.2034945 nll=0.1987098 kl=0.01616461 consistency=0 lambda=0 beta=0.296 grad=53.18773 horizon=100 lifetime=[460,877] skipped=False
2026-08-30 15:34:03,894 | INFO | step=1490/20000 loss=1.116794 nll=1.103345 kl=0.04513072 consistency=0 lambda=0 beta=0.298 grad=137.5736 horizon=100 lifetime=[442,1932] skipped=False
2026-08-30 15:34:04,528 | INFO | validation step=1500 rmse=261.6088 best=257.7995@1000 stale=1/10
2026-08-30 15:34:04,528 | INFO | step=1500/20000 loss=0.4336877 nll=0.4312199 kl=0.008226275 consistency=0 lambda=0 beta=0.3 grad=81.2599 horizon=120 lifetime=[453,1152] skipped=False
2026-08-30 15:34:04,970 | INFO | step=1510/20000 loss=0.1260209 nll=0.1189382 kl=0.02345258 consistency=0 lambda=0 beta=0.302 grad=20.44149 horizon=140 lifetime=[461,1799] skipped=False
2026-08-30 15:34:05,414 | INFO | step=1520/20000 loss=0.4600051 nll=0.4508279 kl=0.03018818 consistency=0 lambda=0 beta=0.304 grad=34.46746 horizon=120 lifetime=[464,1154] skipped=False
2026-08-30 15:34:05,819 | INFO | step=1530/20000 loss=0.2135097 nll=0.2044811 kl=0.02950531 consistency=0 lambda=0 beta=0.306 grad=72.01134 horizon=220 lifetime=[428,1932] skipped=False
2026-08-30 15:34:06,238 | INFO | step=1540/20000 loss=0.1623609 nll=0.1488057 kl=0.0440102 consistency=0 lambda=0 beta=0.308 grad=60.095 horizon=280 lifetime=[460,1705] skipped=False
2026-08-30 15:34:06,685 | INFO | step=1550/20000 loss=0.4899218 nll=0.4842429 kl=0.01831922 consistency=0 lambda=0 beta=0.31 grad=45.34 horizon=240 lifetime=[453,1932] skipped=False
2026-08-30 15:34:07,070 | INFO | step=1560/20000 loss=0.3995121 nll=0.3958524 kl=0.01172967 consistency=0 lambda=0 beta=0.312 grad=14.78603 horizon=180 lifetime=[476,2154] skipped=False
2026-08-30 15:34:07,447 | INFO | step=1570/20000 loss=1.132792 nll=1.127323 kl=0.01741747 consistency=0 lambda=0 beta=0.314 grad=65.91737 horizon=140 lifetime=[147,1081] skipped=False
2026-08-30 15:34:07,851 | INFO | step=1580/20000 loss=1.186959 nll=1.179688 kl=0.02300681 consistency=0 lambda=0 beta=0.316 grad=59.9535 horizon=100 lifetime=[147,1152] skipped=False
2026-08-30 15:34:08,257 | INFO | step=1590/20000 loss=1.052365 nll=1.049027 kl=0.01049688 consistency=0 lambda=0 beta=0.318 grad=26.69657 horizon=140 lifetime=[147,1143] skipped=False
2026-08-30 15:34:08,671 | INFO | step=1600/20000 loss=1.602951 nll=1.588166 kl=0.04620318 consistency=0 lambda=0 beta=0.32 grad=125.944 horizon=300 lifetime=[649,2154] skipped=False
2026-08-30 15:34:09,058 | INFO | step=1610/20000 loss=1.102624 nll=1.094667 kl=0.02471229 consistency=0 lambda=0 beta=0.322 grad=32.53886 horizon=120 lifetime=[465,2154] skipped=False
2026-08-30 15:34:09,473 | INFO | step=1620/20000 loss=0.09412535 nll=0.08699875 kl=0.0219957 consistency=0 lambda=0 beta=0.324 grad=30.42463 horizon=300 lifetime=[467,1152] skipped=False
2026-08-30 15:34:09,852 | INFO | step=1630/20000 loss=0.4035268 nll=0.3984683 kl=0.015517 consistency=0 lambda=0 beta=0.326 grad=43.32195 horizon=120 lifetime=[465,1834] skipped=False
2026-08-30 15:34:10,247 | INFO | step=1640/20000 loss=0.8696972 nll=0.8526399 kl=0.05200399 consistency=0 lambda=0 beta=0.328 grad=74.154 horizon=100 lifetime=[453,1152] skipped=False
2026-08-30 15:34:10,662 | INFO | step=1650/20000 loss=0.424874 nll=0.4234296 kl=0.00437707 consistency=0 lambda=0 beta=0.33 grad=107.057 horizon=200 lifetime=[460,1705] skipped=False
2026-08-30 15:34:11,025 | INFO | step=1660/20000 loss=0.9330563 nll=0.924466 kl=0.02587427 consistency=0 lambda=0 beta=0.332 grad=57.24418 horizon=100 lifetime=[491,2154] skipped=False
2026-08-30 15:34:11,405 | INFO | step=1670/20000 loss=1.359662 nll=1.339812 kl=0.0594299 consistency=0 lambda=0 beta=0.334 grad=81.68415 horizon=100 lifetime=[147,1113] skipped=False
2026-08-30 15:34:11,782 | INFO | step=1680/20000 loss=0.1756845 nll=0.1681839 kl=0.02232317 consistency=0 lambda=0 beta=0.336 grad=20.81507 horizon=140 lifetime=[453,1143] skipped=False
2026-08-30 15:34:12,161 | INFO | step=1690/20000 loss=0.4738582 nll=0.4683205 kl=0.01638382 consistency=0 lambda=0 beta=0.338 grad=30.22506 horizon=240 lifetime=[700,1036] skipped=False
2026-08-30 15:34:12,569 | INFO | step=1700/20000 loss=1.210613 nll=1.204296 kl=0.01858069 consistency=0 lambda=0 beta=0.34 grad=78.26853 horizon=100 lifetime=[480,2154] skipped=False
2026-08-30 15:34:12,953 | INFO | step=1710/20000 loss=0.6805919 nll=0.6762087 kl=0.01281614 consistency=0 lambda=0 beta=0.342 grad=106.8465 horizon=120 lifetime=[465,868] skipped=False
2026-08-30 15:34:13,374 | INFO | step=1720/20000 loss=0.6570066 nll=0.650938 kl=0.0176413 consistency=0 lambda=0 beta=0.344 grad=65.01543 horizon=240 lifetime=[706,1282] skipped=False
2026-08-30 15:34:13,791 | INFO | step=1730/20000 loss=-0.2971006 nll=-0.3027962 kl=0.01646131 consistency=0 lambda=0 beta=0.346 grad=25.54782 horizon=200 lifetime=[428,1152] skipped=False
2026-08-30 15:34:14,188 | INFO | step=1740/20000 loss=-0.1399981 nll=-0.1481443 kl=0.02340876 consistency=0 lambda=0 beta=0.348 grad=61.18407 horizon=220 lifetime=[442,1156] skipped=False
2026-08-30 15:34:14,618 | INFO | step=1750/20000 loss=0.4782369 nll=0.4764472 kl=0.005113381 consistency=0 lambda=0 beta=0.35 grad=53.21871 horizon=260 lifetime=[491,1152] skipped=False
2026-08-30 15:34:15,043 | INFO | step=1760/20000 loss=0.1920812 nll=0.188157 kl=0.01114833 consistency=0 lambda=0 beta=0.352 grad=62.56816 horizon=220 lifetime=[480,1313] skipped=False
2026-08-30 15:34:15,447 | INFO | step=1770/20000 loss=0.2593193 nll=0.2563701 kl=0.00833104 consistency=0 lambda=0 beta=0.354 grad=54.3084 horizon=300 lifetime=[671,1081] skipped=False
2026-08-30 15:34:15,862 | INFO | step=1780/20000 loss=0.09466423 nll=0.0928391 kl=0.00512677 consistency=0 lambda=0 beta=0.356 grad=19.91682 horizon=220 lifetime=[500,1154] skipped=False
2026-08-30 15:34:16,247 | INFO | step=1790/20000 loss=-0.3648682 nll=-0.3752906 kl=0.02911285 consistency=0 lambda=0 beta=0.358 grad=19.36973 horizon=120 lifetime=[443,858] skipped=False
2026-08-30 15:34:16,655 | INFO | step=1800/20000 loss=1.020183 nll=1.016992 kl=0.008864021 consistency=0 lambda=0 beta=0.36 grad=127.8544 horizon=120 lifetime=[458,1091] skipped=False
2026-08-30 15:34:17,076 | INFO | step=1810/20000 loss=-0.3072113 nll=-0.3103756 kl=0.008741246 consistency=0 lambda=0 beta=0.362 grad=54.16988 horizon=240 lifetime=[455,1071] skipped=False
2026-08-30 15:34:17,505 | INFO | step=1820/20000 loss=0.93862 nll=0.9337021 kl=0.01351088 consistency=0 lambda=0 beta=0.364 grad=102.9193 horizon=180 lifetime=[486,1313] skipped=False
2026-08-30 15:34:17,923 | INFO | step=1830/20000 loss=0.0368706 nll=0.03159624 kl=0.01441082 consistency=0 lambda=0 beta=0.366 grad=82.84943 horizon=280 lifetime=[460,1313] skipped=False
2026-08-30 15:34:18,317 | INFO | step=1840/20000 loss=-0.0777273 nll=-0.08241586 kl=0.01274066 consistency=0 lambda=0 beta=0.368 grad=23.32354 horizon=220 lifetime=[512,1282] skipped=False
2026-08-30 15:34:18,708 | INFO | step=1850/20000 loss=-0.3939876 nll=-0.3965102 kl=0.006817781 consistency=0 lambda=0 beta=0.37 grad=14.90322 horizon=220 lifetime=[484,1156] skipped=False
2026-08-30 15:34:19,149 | INFO | step=1860/20000 loss=-0.7429014 nll=-0.7560158 kl=0.03525379 consistency=0 lambda=0 beta=0.372 grad=34.11169 horizon=300 lifetime=[442,856] skipped=False
2026-08-30 15:34:19,577 | INFO | step=1870/20000 loss=0.6482272 nll=0.6425079 kl=0.0152923 consistency=0 lambda=0 beta=0.374 grad=125.391 horizon=300 lifetime=[615,1071] skipped=False
2026-08-30 15:34:19,932 | INFO | step=1880/20000 loss=0.291748 nll=0.2891924 kl=0.00679668 consistency=0 lambda=0 beta=0.376 grad=38.08253 horizon=220 lifetime=[460,1282] skipped=False
2026-08-30 15:34:20,350 | INFO | step=1890/20000 loss=0.2786711 nll=0.2763399 kl=0.00616724 consistency=0 lambda=0 beta=0.378 grad=64.9701 horizon=300 lifetime=[456,1055] skipped=False
2026-08-30 15:34:20,783 | INFO | step=1900/20000 loss=0.05924999 nll=0.05435233 kl=0.01288859 consistency=0 lambda=0 beta=0.38 grad=71.23182 horizon=220 lifetime=[442,1705] skipped=False
2026-08-30 15:34:21,159 | INFO | step=1910/20000 loss=0.2044541 nll=0.1983695 kl=0.01592848 consistency=0 lambda=0 beta=0.382 grad=39.4112 horizon=160 lifetime=[464,1834] skipped=False
2026-08-30 15:34:21,738 | INFO | step=1920/20000 loss=-0.1051114 nll=-0.1115577 kl=0.01678723 consistency=0 lambda=0 beta=0.384 grad=23.30169 horizon=240 lifetime=[465,1156] skipped=False
2026-08-30 15:34:22,164 | INFO | step=1930/20000 loss=-0.2697609 nll=-0.2718301 kl=0.005360586 consistency=0 lambda=0 beta=0.386 grad=16.31474 horizon=260 lifetime=[467,1152] skipped=False
2026-08-30 15:34:22,548 | INFO | step=1940/20000 loss=-0.5366603 nll=-0.5413541 kl=0.01209737 consistency=0 lambda=0 beta=0.388 grad=36.96338 horizon=260 lifetime=[455,1036] skipped=False
2026-08-30 15:34:22,936 | INFO | step=1950/20000 loss=1.089604 nll=1.081071 kl=0.02188151 consistency=0 lambda=0 beta=0.39 grad=15.30447 horizon=100 lifetime=[147,1154] skipped=False
2026-08-30 15:34:23,369 | INFO | step=1960/20000 loss=0.1307556 nll=0.1281347 kl=0.006686055 consistency=0 lambda=0 beta=0.392 grad=67.86217 horizon=280 lifetime=[455,1282] skipped=False
2026-08-30 15:34:23,757 | INFO | step=1970/20000 loss=0.3487539 nll=0.346054 kl=0.006852388 consistency=0 lambda=0 beta=0.394 grad=81.79104 horizon=180 lifetime=[470,1036] skipped=False
2026-08-30 15:34:24,152 | INFO | step=1980/20000 loss=0.440177 nll=0.4373699 kl=0.007088765 consistency=0 lambda=0 beta=0.396 grad=114.8263 horizon=160 lifetime=[460,1154] skipped=False
2026-08-30 15:34:24,540 | INFO | step=1990/20000 loss=-0.2265998 nll=-0.2494033 kl=0.05729519 consistency=0 lambda=0 beta=0.398 grad=15.89998 horizon=120 lifetime=[299,1061] skipped=False
2026-08-30 15:34:25,227 | INFO | validation step=2000 rmse=236.0369 best=236.0369@2000 stale=0/10
2026-08-30 15:34:25,227 | INFO | step=2000/20000 loss=-0.4497856 nll=-0.4517438 kl=0.004895653 consistency=0 lambda=0 beta=0.4 grad=48.47364 horizon=280 lifetime=[460,1113] skipped=False
2026-08-30 15:34:25,699 | INFO | step=2010/20000 loss=-0.6124369 nll=-0.6190824 kl=0.01653115 consistency=0 lambda=0 beta=0.402 grad=25.41609 horizon=240 lifetime=[299,1143] skipped=False
2026-08-30 15:34:26,083 | INFO | step=2020/20000 loss=0.2985027 nll=0.292696 kl=0.01437318 consistency=0 lambda=0 beta=0.404 grad=80.99101 horizon=120 lifetime=[442,1071] skipped=False
2026-08-30 15:34:26,504 | INFO | step=2030/20000 loss=0.1480059 nll=0.141349 kl=0.01639636 consistency=0 lambda=0 beta=0.406 grad=41.32819 horizon=300 lifetime=[461,1091] skipped=False
2026-08-30 15:34:26,937 | INFO | step=2040/20000 loss=-0.4350294 nll=-0.4383104 kl=0.008041775 consistency=0 lambda=0 beta=0.408 grad=36.70399 horizon=300 lifetime=[465,1036] skipped=False
2026-08-30 15:34:27,364 | INFO | step=2050/20000 loss=-0.7573512 nll=-0.7634922 kl=0.01497807 consistency=0 lambda=0 beta=0.41 grad=16.31108 horizon=240 lifetime=[299,921] skipped=False
2026-08-30 15:34:27,724 | INFO | step=2060/20000 loss=0.4714749 nll=0.4685257 kl=0.007158316 consistency=0 lambda=0 beta=0.412 grad=62.40899 horizon=180 lifetime=[464,1799] skipped=False
2026-08-30 15:34:28,133 | INFO | step=2070/20000 loss=-0.005699462 nll=-0.009637773 kl=0.009512828 consistency=0 lambda=0 beta=0.414 grad=79.56678 horizon=300 lifetime=[458,1313] skipped=False
2026-08-30 15:34:28,568 | INFO | step=2080/20000 loss=-0.2495475 nll=-0.2519209 kl=0.005705259 consistency=0 lambda=0 beta=0.416 grad=26.53844 horizon=220 lifetime=[467,1834] skipped=False
2026-08-30 15:34:29,016 | INFO | step=2090/20000 loss=0.3606206 nll=0.3585963 kl=0.004842906 consistency=0 lambda=0 beta=0.418 grad=102.9036 horizon=280 lifetime=[443,2154] skipped=False
2026-08-30 15:34:29,403 | INFO | step=2100/20000 loss=0.2221845 nll=0.2207052 kl=0.003522232 consistency=0 lambda=0 beta=0.42 grad=40.72364 horizon=280 lifetime=[484,2154] skipped=False
2026-08-30 15:34:29,798 | INFO | step=2110/20000 loss=0.273539 nll=0.2687935 kl=0.01124536 consistency=0 lambda=0 beta=0.422 grad=35.76254 horizon=100 lifetime=[456,1834] skipped=False
2026-08-30 15:34:30,179 | INFO | step=2120/20000 loss=-0.303354 nll=-0.3068275 kl=0.008192095 consistency=0 lambda=0 beta=0.424 grad=42.20765 horizon=260 lifetime=[476,1091] skipped=False
2026-08-30 15:34:30,567 | INFO | step=2130/20000 loss=1.772683 nll=1.759481 kl=0.03099158 consistency=0 lambda=0 beta=0.426 grad=56.66948 horizon=100 lifetime=[147,1313] skipped=False
2026-08-30 15:34:30,979 | INFO | step=2140/20000 loss=0.3596014 nll=0.3562698 kl=0.007784266 consistency=0 lambda=0 beta=0.428 grad=44.43288 horizon=280 lifetime=[465,1799] skipped=False
2026-08-30 15:34:31,364 | INFO | step=2150/20000 loss=0.3221505 nll=0.3191525 kl=0.006972071 consistency=0 lambda=0 beta=0.43 grad=7.959073 horizon=120 lifetime=[465,1154] skipped=False
2026-08-30 15:34:31,737 | INFO | step=2160/20000 loss=0.3184684 nll=0.3159778 kl=0.005765316 consistency=0 lambda=0 beta=0.432 grad=77.00337 horizon=300 lifetime=[442,1834] skipped=False
2026-08-30 15:34:32,116 | INFO | step=2170/20000 loss=0.03015577 nll=0.02548672 kl=0.01075817 consistency=0 lambda=0 beta=0.434 grad=52.7415 horizon=180 lifetime=[443,1156] skipped=False
2026-08-30 15:34:32,512 | INFO | step=2180/20000 loss=0.8323786 nll=0.8277402 kl=0.0106386 consistency=0 lambda=0 beta=0.436 grad=31.92309 horizon=220 lifetime=[671,1081] skipped=False
2026-08-30 15:34:32,945 | INFO | step=2190/20000 loss=0.06746002 nll=0.06594879 kl=0.00345029 consistency=0 lambda=0 beta=0.438 grad=48.06131 horizon=260 lifetime=[455,1036] skipped=False
2026-08-30 15:34:33,337 | INFO | step=2200/20000 loss=-0.2188608 nll=-0.2266452 kl=0.01769177 consistency=0 lambda=0 beta=0.44 grad=16.58484 horizon=140 lifetime=[428,841] skipped=False
2026-08-30 15:34:33,706 | INFO | step=2210/20000 loss=-0.3892776 nll=-0.3932486 kl=0.008984292 consistency=0 lambda=0 beta=0.442 grad=29.81309 horizon=140 lifetime=[460,1038] skipped=False
2026-08-30 15:34:34,119 | INFO | step=2220/20000 loss=-0.2913226 nll=-0.2968966 kl=0.012554 consistency=0 lambda=0 beta=0.444 grad=41.81328 horizon=240 lifetime=[442,1113] skipped=False
2026-08-30 15:34:34,544 | INFO | step=2230/20000 loss=0.1796795 nll=0.1774932 kl=0.004901994 consistency=0 lambda=0 beta=0.446 grad=29.34816 horizon=280 lifetime=[299,1705] skipped=False
2026-08-30 15:34:34,944 | INFO | step=2240/20000 loss=-0.1188571 nll=-0.125478 kl=0.01477879 consistency=0 lambda=0 beta=0.448 grad=38.35539 horizon=260 lifetime=[453,2154] skipped=False
2026-08-30 15:34:35,334 | INFO | step=2250/20000 loss=-0.08979244 nll=-0.1024407 kl=0.02810725 consistency=0 lambda=0 beta=0.45 grad=25.58884 horizon=140 lifetime=[442,1156] skipped=False
2026-08-30 15:34:35,749 | INFO | step=2260/20000 loss=0.1530093 nll=0.1335397 kl=0.0430743 consistency=0 lambda=0 beta=0.452 grad=47.20531 horizon=200 lifetime=[560,1154] skipped=False
2026-08-30 15:34:36,124 | INFO | step=2270/20000 loss=0.06652813 nll=0.06356119 kl=0.006535111 consistency=0 lambda=0 beta=0.454 grad=36.71226 horizon=120 lifetime=[443,1705] skipped=False
2026-08-30 15:34:36,523 | INFO | step=2280/20000 loss=1.036898 nll=1.026086 kl=0.02371011 consistency=0 lambda=0 beta=0.456 grad=180.3541 horizon=260 lifetime=[460,1932] skipped=False
2026-08-30 15:34:36,908 | INFO | step=2290/20000 loss=0.6521769 nll=0.6470316 kl=0.01123412 consistency=0 lambda=0 beta=0.458 grad=124.1847 horizon=260 lifetime=[486,1705] skipped=False
2026-08-30 15:34:37,346 | INFO | step=2300/20000 loss=0.01866307 nll=0.01769097 kl=0.002113268 consistency=0 lambda=0 beta=0.46 grad=27.1507 horizon=260 lifetime=[455,1705] skipped=False
2026-08-30 15:34:37,745 | INFO | step=2310/20000 loss=-0.03173594 nll=-0.03520599 kl=0.007510934 consistency=0 lambda=0 beta=0.462 grad=53.39231 horizon=180 lifetime=[461,887] skipped=False
2026-08-30 15:34:38,156 | INFO | step=2320/20000 loss=-0.4671827 nll=-0.4711726 kl=0.00859898 consistency=0 lambda=0 beta=0.464 grad=56.00743 horizon=200 lifetime=[476,915] skipped=False
2026-08-30 15:34:38,539 | INFO | step=2330/20000 loss=0.3921655 nll=0.3827986 kl=0.02010073 consistency=0 lambda=0 beta=0.466 grad=47.33514 horizon=120 lifetime=[460,1799] skipped=False
2026-08-30 15:34:38,910 | INFO | step=2340/20000 loss=0.1863126 nll=0.1794584 kl=0.01464577 consistency=0 lambda=0 beta=0.468 grad=49.91481 horizon=120 lifetime=[497,1091] skipped=False
2026-08-30 15:34:39,348 | INFO | step=2350/20000 loss=0.5826381 nll=0.5741706 kl=0.01801595 consistency=0 lambda=0 beta=0.47 grad=96.72647 horizon=100 lifetime=[299,1143] skipped=False
2026-08-30 15:34:39,768 | INFO | step=2360/20000 loss=1.117481 nll=1.11539 kl=0.004431855 consistency=0 lambda=0 beta=0.472 grad=182.0014 horizon=180 lifetime=[465,1834] skipped=False
2026-08-30 15:34:40,171 | INFO | step=2370/20000 loss=0.9010584 nll=0.8966964 kl=0.009202424 consistency=0 lambda=0 beta=0.474 grad=83.24872 horizon=120 lifetime=[461,2154] skipped=False
2026-08-30 15:34:40,616 | INFO | step=2380/20000 loss=-0.1336311 nll=-0.1372823 kl=0.007670596 consistency=0 lambda=0 beta=0.476 grad=28.83072 horizon=280 lifetime=[461,1000] skipped=False
2026-08-30 15:34:41,028 | INFO | step=2390/20000 loss=0.9461337 nll=0.9422035 kl=0.008222036 consistency=0 lambda=0 beta=0.478 grad=205.0738 horizon=220 lifetime=[476,2154] skipped=False
2026-08-30 15:34:41,418 | INFO | step=2400/20000 loss=-0.04443249 nll=-0.04898575 kl=0.009485949 consistency=0 lambda=0 beta=0.48 grad=57.19437 horizon=300 lifetime=[470,1313] skipped=False
2026-08-30 15:34:41,797 | INFO | step=2410/20000 loss=-0.4637333 nll=-0.4685872 kl=0.01007045 consistency=0 lambda=0 beta=0.482 grad=7.702712 horizon=200 lifetime=[456,1705] skipped=False
2026-08-30 15:34:42,214 | INFO | step=2420/20000 loss=-0.3882354 nll=-0.3921513 kl=0.008090777 consistency=0 lambda=0 beta=0.484 grad=15.5629 horizon=300 lifetime=[464,2154] skipped=False
2026-08-30 15:34:42,645 | INFO | step=2430/20000 loss=0.1104011 nll=0.1087944 kl=0.003305949 consistency=0 lambda=0 beta=0.486 grad=142.9338 horizon=220 lifetime=[460,1282] skipped=False
2026-08-30 15:34:43,043 | INFO | step=2440/20000 loss=0.531287 nll=0.518958 kl=0.02526449 consistency=0 lambda=0 beta=0.488 grad=54.03779 horizon=180 lifetime=[476,1081] skipped=False
2026-08-30 15:34:43,413 | INFO | step=2450/20000 loss=0.1711452 nll=0.1636968 kl=0.01520083 consistency=0 lambda=0 beta=0.49 grad=56.57481 horizon=280 lifetime=[470,1113] skipped=False
2026-08-30 15:34:43,805 | INFO | step=2460/20000 loss=0.1707503 nll=0.1643959 kl=0.01291556 consistency=0 lambda=0 beta=0.492 grad=98.49379 horizon=120 lifetime=[460,906] skipped=False
2026-08-30 15:34:44,226 | INFO | step=2470/20000 loss=0.341339 nll=0.3384287 kl=0.005891314 consistency=0 lambda=0 beta=0.494 grad=23.67872 horizon=300 lifetime=[649,1156] skipped=False
2026-08-30 15:34:44,600 | INFO | step=2480/20000 loss=0.3387371 nll=0.3297328 kl=0.01815391 consistency=0 lambda=0 beta=0.496 grad=19.97946 horizon=100 lifetime=[656,1113] skipped=False
2026-08-30 15:34:45,024 | INFO | step=2490/20000 loss=-0.1950897 nll=-0.2015887 kl=0.0130501 consistency=0 lambda=0 beta=0.498 grad=28.2157 horizon=200 lifetime=[455,1313] skipped=False
2026-08-30 15:34:45,758 | INFO | validation step=2500 rmse=222.5596 best=222.5596@2500 stale=0/10
2026-08-30 15:34:45,758 | INFO | step=2500/20000 loss=0.01283483 nll=0.009695694 kl=0.006278281 consistency=0 lambda=0 beta=0.5 grad=15.4878 horizon=100 lifetime=[461,1313] skipped=False
2026-08-30 15:34:46,233 | INFO | step=2510/20000 loss=0.3576951 nll=0.3491213 kl=0.01707942 consistency=0 lambda=0 beta=0.502 grad=82.21582 horizon=140 lifetime=[484,1091] skipped=False
2026-08-30 15:34:46,644 | INFO | step=2520/20000 loss=0.2560278 nll=0.2544144 kl=0.003201142 consistency=0 lambda=0 beta=0.504 grad=50.95305 horizon=200 lifetime=[486,1282] skipped=False
2026-08-30 15:34:47,091 | INFO | step=2530/20000 loss=0.8878199 nll=0.8792331 kl=0.01697009 consistency=0 lambda=0 beta=0.506 grad=154.3291 horizon=300 lifetime=[464,2154] skipped=False
2026-08-30 15:34:47,474 | INFO | step=2540/20000 loss=-0.4428255 nll=-0.4581848 kl=0.0302349 consistency=0 lambda=0 beta=0.508 grad=18.6878 horizon=100 lifetime=[299,909] skipped=False
2026-08-30 15:34:47,876 | INFO | step=2550/20000 loss=0.08521505 nll=0.07856452 kl=0.01304026 consistency=0 lambda=0 beta=0.51 grad=70.93639 horizon=180 lifetime=[456,1705] skipped=False
2026-08-30 15:34:48,277 | INFO | step=2560/20000 loss=1.289789 nll=1.284291 kl=0.01073877 consistency=0 lambda=0 beta=0.512 grad=72.21855 horizon=140 lifetime=[539,2154] skipped=False
2026-08-30 15:34:48,660 | INFO | step=2570/20000 loss=0.09682485 nll=0.09382713 kl=0.005832151 consistency=0 lambda=0 beta=0.514 grad=51.57115 horizon=140 lifetime=[455,1705] skipped=False
2026-08-30 15:34:49,079 | INFO | step=2580/20000 loss=-0.8340461 nll=-0.8372399 kl=0.006189546 consistency=0 lambda=0 beta=0.516 grad=28.38559 horizon=300 lifetime=[453,823] skipped=False
2026-08-30 15:34:49,445 | INFO | step=2590/20000 loss=0.3618591 nll=0.349079 kl=0.02467187 consistency=0 lambda=0 beta=0.518 grad=64.20473 horizon=100 lifetime=[476,1052] skipped=False
2026-08-30 15:34:49,829 | INFO | step=2600/20000 loss=0.5812299 nll=0.5739865 kl=0.0139296 consistency=0 lambda=0 beta=0.52 grad=24.40862 horizon=100 lifetime=[461,1113] skipped=False
2026-08-30 15:34:50,255 | INFO | step=2610/20000 loss=0.02073185 nll=0.01779021 kl=0.005635326 consistency=0 lambda=0 beta=0.522 grad=96.60827 horizon=300 lifetime=[461,1152] skipped=False
2026-08-30 15:34:50,683 | INFO | step=2620/20000 loss=-0.5324811 nll=-0.5417756 kl=0.01773764 consistency=0 lambda=0 beta=0.524 grad=54.07821 horizon=280 lifetime=[455,891] skipped=False
2026-08-30 15:34:51,087 | INFO | step=2630/20000 loss=-0.1965061 nll=-0.2011653 kl=0.008857902 consistency=0 lambda=0 beta=0.526 grad=23.61382 horizon=220 lifetime=[455,991] skipped=False
2026-08-30 15:34:51,452 | INFO | step=2640/20000 loss=0.1535829 nll=0.1485612 kl=0.009510823 consistency=0 lambda=0 beta=0.528 grad=76.7899 horizon=140 lifetime=[458,1025] skipped=False
2026-08-30 15:34:51,894 | INFO | step=2650/20000 loss=1.269948 nll=1.267561 kl=0.00450471 consistency=0 lambda=0 beta=0.53 grad=172.1175 horizon=260 lifetime=[464,2154] skipped=False
2026-08-30 15:34:52,272 | INFO | step=2660/20000 loss=0.3567944 nll=0.3515214 kl=0.009911705 consistency=0 lambda=0 beta=0.532 grad=35.9794 horizon=140 lifetime=[505,1834] skipped=False
2026-08-30 15:34:52,651 | INFO | step=2670/20000 loss=0.01009293 nll=-0.0006029382 kl=0.02002972 consistency=0 lambda=0 beta=0.534 grad=55.91516 horizon=260 lifetime=[512,1799] skipped=False
2026-08-30 15:34:53,058 | INFO | step=2680/20000 loss=-0.09674192 nll=-0.1010416 kl=0.00802186 consistency=0 lambda=0 beta=0.536 grad=23.60516 horizon=160 lifetime=[455,1156] skipped=False
2026-08-30 15:34:53,452 | INFO | step=2690/20000 loss=0.4294234 nll=0.4215198 kl=0.01469078 consistency=0 lambda=0 beta=0.538 grad=50.53276 horizon=100 lifetime=[465,1834] skipped=False
2026-08-30 15:34:53,858 | INFO | step=2700/20000 loss=-0.3986484 nll=-0.4001121 kl=0.002710561 consistency=0 lambda=0 beta=0.54 grad=26.71358 horizon=300 lifetime=[480,991] skipped=False
2026-08-30 15:34:54,287 | INFO | step=2710/20000 loss=-0.5505796 nll=-0.5552568 kl=0.008629605 consistency=0 lambda=0 beta=0.542 grad=45.79317 horizon=160 lifetime=[461,863] skipped=False
2026-08-30 15:34:54,726 | INFO | step=2720/20000 loss=-0.1988951 nll=-0.2014886 kl=0.004767438 consistency=0 lambda=0 beta=0.544 grad=19.41399 horizon=200 lifetime=[442,1834] skipped=False
2026-08-30 15:34:55,185 | INFO | step=2730/20000 loss=0.1897597 nll=0.186976 kl=0.005098183 consistency=0 lambda=0 beta=0.546 grad=39.24855 horizon=180 lifetime=[456,1932] skipped=False
2026-08-30 15:34:55,583 | INFO | step=2740/20000 loss=0.7323949 nll=0.7271636 kl=0.009546049 consistency=0 lambda=0 beta=0.548 grad=128.897 horizon=140 lifetime=[484,2154] skipped=False
2026-08-30 15:34:56,026 | INFO | step=2750/20000 loss=0.2108124 nll=0.20905 kl=0.00320432 consistency=0 lambda=0 beta=0.55 grad=47.61734 horizon=280 lifetime=[512,1834] skipped=False
2026-08-30 15:34:56,435 | INFO | step=2760/20000 loss=0.1640694 nll=0.1626118 kl=0.00264049 consistency=0 lambda=0 beta=0.552 grad=57.58789 horizon=280 lifetime=[455,2154] skipped=False
2026-08-30 15:34:56,861 | INFO | step=2770/20000 loss=-0.7241256 nll=-0.7291759 kl=0.009116196 consistency=0 lambda=0 beta=0.554 grad=40.98849 horizon=260 lifetime=[428,1061] skipped=False
2026-08-30 15:34:57,269 | INFO | step=2780/20000 loss=0.08097106 nll=0.07646463 kl=0.008105092 consistency=0 lambda=0 beta=0.556 grad=40.64857 horizon=180 lifetime=[494,1282] skipped=False
2026-08-30 15:34:57,687 | INFO | step=2790/20000 loss=-0.2118075 nll=-0.2161524 kl=0.007786533 consistency=0 lambda=0 beta=0.558 grad=85.76741 horizon=160 lifetime=[428,906] skipped=False
2026-08-30 15:34:58,097 | INFO | step=2800/20000 loss=-0.3104319 nll=-0.3121206 kl=0.003015668 consistency=0 lambda=0 beta=0.56 grad=52.90663 horizon=200 lifetime=[486,1282] skipped=False
2026-08-30 15:34:58,503 | INFO | step=2810/20000 loss=0.4099083 nll=0.4033622 kl=0.01164771 consistency=0 lambda=0 beta=0.562 grad=47.10804 horizon=120 lifetime=[442,1834] skipped=False
2026-08-30 15:34:58,880 | INFO | step=2820/20000 loss=-0.5549516 nll=-0.5586224 kl=0.006508458 consistency=0 lambda=0 beta=0.564 grad=44.51566 horizon=260 lifetime=[456,887] skipped=False
2026-08-30 15:34:59,272 | INFO | step=2830/20000 loss=0.3281112 nll=0.3212422 kl=0.01213603 consistency=0 lambda=0 beta=0.566 grad=78.23164 horizon=180 lifetime=[467,1705] skipped=False
2026-08-30 15:34:59,697 | INFO | step=2840/20000 loss=0.1224882 nll=0.1199504 kl=0.004467891 consistency=0 lambda=0 beta=0.568 grad=13.70859 horizon=300 lifetime=[494,2154] skipped=False
2026-08-30 15:35:00,123 | INFO | step=2850/20000 loss=-0.06592052 nll=-0.08998259 kl=0.04221416 consistency=0 lambda=0 beta=0.57 grad=34.39708 horizon=120 lifetime=[428,938] skipped=False
2026-08-30 15:35:00,531 | INFO | step=2860/20000 loss=0.006697029 nll=0.004541554 kl=0.003768314 consistency=0 lambda=0 beta=0.572 grad=63.6583 horizon=260 lifetime=[494,2154] skipped=False
2026-08-30 15:35:00,916 | INFO | step=2870/20000 loss=-0.03980395 nll=-0.04138857 kl=0.002760662 consistency=0 lambda=0 beta=0.574 grad=56.70612 horizon=160 lifetime=[455,921] skipped=False
2026-08-30 15:35:01,341 | INFO | step=2880/20000 loss=-0.1352459 nll=-0.1427972 kl=0.01310981 consistency=0 lambda=0 beta=0.576 grad=25.33493 horizon=240 lifetime=[460,1061] skipped=False
2026-08-30 15:35:01,734 | INFO | step=2890/20000 loss=0.06928682 nll=0.06427327 kl=0.008673953 consistency=0 lambda=0 beta=0.578 grad=74.15726 horizon=140 lifetime=[458,1143] skipped=False
2026-08-30 15:35:02,143 | INFO | step=2900/20000 loss=-0.03574583 nll=-0.04193693 kl=0.01067432 consistency=0 lambda=0 beta=0.58 grad=16.74049 horizon=120 lifetime=[443,1143] skipped=False
2026-08-30 15:35:02,563 | INFO | step=2910/20000 loss=-0.03991499 nll=-0.04591826 kl=0.01031489 consistency=0 lambda=0 beta=0.582 grad=69.17255 horizon=220 lifetime=[443,1834] skipped=False
2026-08-30 15:35:02,976 | INFO | step=2920/20000 loss=-0.001002309 nll=-0.005267575 kl=0.007303539 consistency=0 lambda=0 beta=0.584 grad=65.61604 horizon=160 lifetime=[453,1055] skipped=False
2026-08-30 15:35:03,394 | INFO | step=2930/20000 loss=0.9721962 nll=0.9656482 kl=0.01117404 consistency=0 lambda=0 beta=0.586 grad=200.8177 horizon=120 lifetime=[464,1000] skipped=False
2026-08-30 15:35:03,849 | INFO | step=2940/20000 loss=-0.3303798 nll=-0.3329223 kl=0.004323901 consistency=0 lambda=0 beta=0.588 grad=26.77948 horizon=300 lifetime=[464,1834] skipped=False
2026-08-30 15:35:04,331 | INFO | step=2950/20000 loss=-0.2988043 nll=-0.3011513 kl=0.003978001 consistency=0 lambda=0 beta=0.59 grad=57.54136 horizon=300 lifetime=[428,1834] skipped=False
2026-08-30 15:35:04,736 | INFO | step=2960/20000 loss=1.452064 nll=1.449673 kl=0.004040181 consistency=0 lambda=0 beta=0.592 grad=211.4226 horizon=260 lifetime=[453,1154] skipped=False
2026-08-30 15:35:05,105 | INFO | step=2970/20000 loss=-0.7630036 nll=-0.7669892 kl=0.0067098 consistency=0 lambda=0 beta=0.594 grad=28.49294 horizon=240 lifetime=[470,1282] skipped=False
2026-08-30 15:35:05,497 | INFO | step=2980/20000 loss=0.6258478 nll=0.6229893 kl=0.004796031 consistency=0 lambda=0 beta=0.596 grad=93.58749 horizon=140 lifetime=[455,1834] skipped=False
2026-08-30 15:35:05,926 | INFO | step=2990/20000 loss=-0.1668291 nll=-0.1719173 kl=0.008508608 consistency=0 lambda=0 beta=0.598 grad=60.70065 horizon=300 lifetime=[649,1152] skipped=False
2026-08-30 15:35:06,643 | INFO | validation step=3000 rmse=216.0527 best=216.0527@3000 stale=0/10
2026-08-30 15:35:06,643 | INFO | step=3000/20000 loss=-0.3561195 nll=-0.3594852 kl=0.005609426 consistency=0 lambda=0 beta=0.6 grad=54.03641 horizon=260 lifetime=[460,1799] skipped=False
2026-08-30 15:35:07,116 | INFO | step=3010/20000 loss=-0.04397181 nll=-0.0493755 kl=0.008976232 consistency=0 lambda=0 beta=0.602 grad=46.91641 horizon=180 lifetime=[461,1834] skipped=False
2026-08-30 15:35:07,528 | INFO | step=3020/20000 loss=-0.7124516 nll=-0.7219466 kl=0.01572015 consistency=0 lambda=0 beta=0.604 grad=10.61254 horizon=300 lifetime=[476,942] skipped=False
2026-08-30 15:35:07,946 | INFO | step=3030/20000 loss=0.8476721 nll=0.8453447 kl=0.003840673 consistency=0 lambda=0 beta=0.606 grad=159.3664 horizon=140 lifetime=[460,1154] skipped=False
2026-08-30 15:35:08,331 | INFO | step=3040/20000 loss=-0.2237036 nll=-0.2305371 kl=0.01123931 consistency=0 lambda=0 beta=0.608 grad=37.07549 horizon=120 lifetime=[428,1152] skipped=False
2026-08-30 15:35:08,740 | INFO | step=3050/20000 loss=-0.479719 nll=-0.4829058 kl=0.00522428 consistency=0 lambda=0 beta=0.61 grad=37.15744 horizon=280 lifetime=[470,1799] skipped=False
2026-08-30 15:35:09,136 | INFO | step=3060/20000 loss=0.1169435 nll=0.112441 kl=0.007357005 consistency=0 lambda=0 beta=0.612 grad=34.93661 horizon=300 lifetime=[687,1071] skipped=False
2026-08-30 15:35:09,580 | INFO | step=3070/20000 loss=-0.2621593 nll=-0.2637001 kl=0.002509341 consistency=0 lambda=0 beta=0.614 grad=68.60122 horizon=300 lifetime=[460,1036] skipped=False
2026-08-30 15:35:10,058 | INFO | step=3080/20000 loss=-0.9561502 nll=-0.9589736 kl=0.004583597 consistency=0 lambda=0 beta=0.616 grad=64.51676 horizon=300 lifetime=[443,1156] skipped=False
2026-08-30 15:35:10,506 | INFO | step=3090/20000 loss=0.623466 nll=0.6223129 kl=0.001865834 consistency=0 lambda=0 beta=0.618 grad=186.6332 horizon=280 lifetime=[539,1932] skipped=False
2026-08-30 15:35:10,941 | INFO | step=3100/20000 loss=-0.438278 nll=-0.4418873 kl=0.005821431 consistency=0 lambda=0 beta=0.62 grad=33.20001 horizon=260 lifetime=[455,1799] skipped=False
2026-08-30 15:35:11,331 | INFO | step=3110/20000 loss=0.2600421 nll=0.2525172 kl=0.01209792 consistency=0 lambda=0 beta=0.622 grad=80.68719 horizon=160 lifetime=[456,1152] skipped=False
2026-08-30 15:35:11,724 | INFO | step=3120/20000 loss=1.155417 nll=1.152899 kl=0.004035987 consistency=0 lambda=0 beta=0.624 grad=200.777 horizon=220 lifetime=[533,1154] skipped=False
2026-08-30 15:35:12,109 | INFO | step=3130/20000 loss=0.3306012 nll=0.3275895 kl=0.004811034 consistency=0 lambda=0 beta=0.626 grad=70.80004 horizon=300 lifetime=[505,2154] skipped=False
2026-08-30 15:35:12,468 | INFO | step=3140/20000 loss=-0.1435225 nll=-0.1540909 kl=0.0168287 consistency=0 lambda=0 beta=0.628 grad=10.67659 horizon=140 lifetime=[299,1282] skipped=False
2026-08-30 15:35:12,875 | INFO | step=3150/20000 loss=-0.007300055 nll=-0.01447409 kl=0.01138735 consistency=0 lambda=0 beta=0.63 grad=49.99049 horizon=260 lifetime=[470,1834] skipped=False
2026-08-30 15:35:13,244 | INFO | step=3160/20000 loss=0.1945136 nll=0.1887852 kl=0.009063978 consistency=0 lambda=0 beta=0.632 grad=37.95365 horizon=160 lifetime=[455,1154] skipped=False
2026-08-30 15:35:13,644 | INFO | step=3170/20000 loss=0.1750464 nll=0.1696252 kl=0.008550717 consistency=0 lambda=0 beta=0.634 grad=56.187 horizon=140 lifetime=[497,1143] skipped=False
2026-08-30 15:35:14,055 | INFO | step=3180/20000 loss=-0.6050445 nll=-0.6056612 kl=0.0009695217 consistency=0 lambda=0 beta=0.636 grad=30.46091 horizon=300 lifetime=[442,1081] skipped=False
2026-08-30 15:35:14,453 | INFO | step=3190/20000 loss=-0.2786175 nll=-0.2815787 kl=0.004641496 consistency=0 lambda=0 beta=0.638 grad=67.41617 horizon=280 lifetime=[443,1000] skipped=False
2026-08-30 15:35:14,815 | INFO | step=3200/20000 loss=0.7261872 nll=0.7231194 kl=0.004793376 consistency=0 lambda=0 beta=0.64 grad=29.58608 horizon=180 lifetime=[443,1834] skipped=False
2026-08-30 15:35:15,228 | INFO | step=3210/20000 loss=-0.589014 nll=-0.6020797 kl=0.02035165 consistency=0 lambda=0 beta=0.642 grad=18.01968 horizon=120 lifetime=[428,1081] skipped=False
2026-08-30 15:35:15,556 | INFO | step=3220/20000 loss=0.8252383 nll=0.8173566 kl=0.01223878 consistency=0 lambda=0 beta=0.644 grad=23.52049 horizon=120 lifetime=[147,1932] skipped=False
2026-08-30 15:35:15,915 | INFO | step=3230/20000 loss=0.2454032 nll=0.2421001 kl=0.005113058 consistency=0 lambda=0 beta=0.646 grad=159.6113 horizon=260 lifetime=[460,938] skipped=False
2026-08-30 15:35:16,281 | INFO | step=3240/20000 loss=0.5602468 nll=0.5581168 kl=0.00328698 consistency=0 lambda=0 beta=0.648 grad=229.2353 horizon=300 lifetime=[460,863] skipped=False
2026-08-30 15:35:16,670 | INFO | step=3250/20000 loss=-0.3498919 nll=-0.3515195 kl=0.002504043 consistency=0 lambda=0 beta=0.65 grad=87.06003 horizon=260 lifetime=[476,1055] skipped=False
2026-08-30 15:35:17,048 | INFO | step=3260/20000 loss=0.4827838 nll=0.4698197 kl=0.01988358 consistency=0 lambda=0 beta=0.652 grad=18.94974 horizon=120 lifetime=[147,1282] skipped=False
2026-08-30 15:35:17,403 | INFO | step=3270/20000 loss=-0.1195568 nll=-0.1231946 kl=0.00556241 consistency=0 lambda=0 beta=0.654 grad=43.94347 horizon=200 lifetime=[460,942] skipped=False
2026-08-30 15:35:17,793 | INFO | step=3280/20000 loss=0.005941591 nll=0.004644006 kl=0.001978025 consistency=0 lambda=0 beta=0.656 grad=24.95176 horizon=260 lifetime=[456,1154] skipped=False
2026-08-30 15:35:18,207 | INFO | step=3290/20000 loss=0.1396254 nll=0.1309323 kl=0.01321151 consistency=0 lambda=0 beta=0.658 grad=31.11666 horizon=140 lifetime=[453,1932] skipped=False
2026-08-30 15:35:18,601 | INFO | step=3300/20000 loss=0.4438201 nll=0.4390854 kl=0.007173829 consistency=0 lambda=0 beta=0.66 grad=202.2586 horizon=300 lifetime=[461,1038] skipped=False
2026-08-30 15:35:18,991 | INFO | step=3310/20000 loss=0.264831 nll=0.2598111 kl=0.007583 consistency=0 lambda=0 beta=0.662 grad=43.12397 horizon=180 lifetime=[476,2154] skipped=False
2026-08-30 15:35:19,448 | INFO | step=3320/20000 loss=-0.2512152 nll=-0.2518391 kl=0.0009396523 consistency=0 lambda=0 beta=0.664 grad=81.62515 horizon=300 lifetime=[455,1154] skipped=False
2026-08-30 15:35:19,806 | INFO | step=3330/20000 loss=0.4117414 nll=0.4091879 kl=0.003834176 consistency=0 lambda=0 beta=0.666 grad=58.89017 horizon=100 lifetime=[456,1313] skipped=False
2026-08-30 15:35:20,213 | INFO | step=3340/20000 loss=2.634857 nll=2.632635 kl=0.003327169 consistency=0 lambda=0 beta=0.668 grad=369.4739 horizon=100 lifetime=[493,1932] skipped=False
2026-08-30 15:35:20,549 | INFO | step=3350/20000 loss=0.3182862 nll=0.3102435 kl=0.01200388 consistency=0 lambda=0 beta=0.67 grad=27.0483 horizon=100 lifetime=[486,1036] skipped=False
2026-08-30 15:35:21,015 | INFO | step=3360/20000 loss=-0.4568091 nll=-0.4583667 kl=0.002317797 consistency=0 lambda=0 beta=0.672 grad=54.81665 horizon=260 lifetime=[455,1282] skipped=False
2026-08-30 15:35:21,425 | INFO | step=3370/20000 loss=-0.04238157 nll=-0.04477463 kl=0.003550537 consistency=0 lambda=0 beta=0.674 grad=64.64001 horizon=240 lifetime=[442,1113] skipped=False
2026-08-30 15:35:21,850 | INFO | step=3380/20000 loss=0.1789459 nll=0.1747438 kl=0.006216258 consistency=0 lambda=0 beta=0.676 grad=111.646 horizon=280 lifetime=[428,860] skipped=False
2026-08-30 15:35:22,242 | INFO | step=3390/20000 loss=-0.1858615 nll=-0.194978 kl=0.01344614 consistency=0 lambda=0 beta=0.678 grad=105.4159 horizon=140 lifetime=[467,1143] skipped=False
2026-08-30 15:35:22,627 | INFO | step=3400/20000 loss=-0.621007 nll=-0.6237936 kl=0.004098017 consistency=0 lambda=0 beta=0.68 grad=55.49419 horizon=180 lifetime=[476,906] skipped=False
2026-08-30 15:35:23,014 | INFO | step=3410/20000 loss=-0.4769586 nll=-0.478921 kl=0.002877451 consistency=0 lambda=0 beta=0.682 grad=27.54628 horizon=240 lifetime=[443,1052] skipped=False
2026-08-30 15:35:23,414 | INFO | step=3420/20000 loss=-0.3286887 nll=-0.3312325 kl=0.003719085 consistency=0 lambda=0 beta=0.684 grad=39.18995 horizon=200 lifetime=[505,1282] skipped=False
2026-08-30 15:35:23,807 | INFO | step=3430/20000 loss=0.6454587 nll=0.6235386 kl=0.03195351 consistency=0 lambda=0 beta=0.686 grad=49.35681 horizon=140 lifetime=[442,1152] skipped=False
2026-08-30 15:35:24,234 | INFO | step=3440/20000 loss=0.6055056 nll=0.5895813 kl=0.02314581 consistency=0 lambda=0 beta=0.688 grad=11.72989 horizon=140 lifetime=[147,1932] skipped=False
2026-08-30 15:35:24,650 | INFO | step=3450/20000 loss=0.2250064 nll=0.2214794 kl=0.005111594 consistency=0 lambda=0 beta=0.69 grad=171.1834 horizon=200 lifetime=[456,1932] skipped=False
2026-08-30 15:35:25,032 | INFO | step=3460/20000 loss=0.4929462 nll=0.4888195 kl=0.005963467 consistency=0 lambda=0 beta=0.692 grad=61.10316 horizon=140 lifetime=[656,1705] skipped=False
2026-08-30 15:35:25,444 | INFO | step=3470/20000 loss=-0.08112068 nll=-0.08378437 kl=0.003838162 consistency=0 lambda=0 beta=0.694 grad=33.79574 horizon=260 lifetime=[467,1156] skipped=False
2026-08-30 15:35:25,811 | INFO | step=3480/20000 loss=-0.3847398 nll=-0.3873205 kl=0.003707837 consistency=0 lambda=0 beta=0.696 grad=12.73061 horizon=280 lifetime=[460,1152] skipped=False
2026-08-30 15:35:26,196 | INFO | step=3490/20000 loss=-0.1816906 nll=-0.188416 kl=0.009635184 consistency=0 lambda=0 beta=0.698 grad=23.38792 horizon=160 lifetime=[460,1313] skipped=False
2026-08-30 15:35:26,928 | INFO | validation step=3500 rmse=205.8388 best=205.8388@3500 stale=0/10
2026-08-30 15:35:26,928 | INFO | step=3500/20000 loss=0.1391343 nll=0.133293 kl=0.008344741 consistency=0 lambda=0 beta=0.7 grad=154.8561 horizon=260 lifetime=[299,891] skipped=False
2026-08-30 15:35:27,373 | INFO | step=3510/20000 loss=-0.1995356 nll=-0.2082987 kl=0.01248316 consistency=0 lambda=0 beta=0.702 grad=48.58552 horizon=180 lifetime=[461,1834] skipped=False
2026-08-30 15:35:27,726 | INFO | step=3520/20000 loss=0.134182 nll=0.1304781 kl=0.00526116 consistency=0 lambda=0 beta=0.704 grad=38.19396 horizon=100 lifetime=[455,1143] skipped=False
2026-08-30 15:35:28,154 | INFO | step=3530/20000 loss=-0.6135011 nll=-0.6154667 kl=0.002784137 consistency=0 lambda=0 beta=0.706 grad=81.86769 horizon=260 lifetime=[484,906] skipped=False
2026-08-30 15:35:28,557 | INFO | step=3540/20000 loss=-0.7471706 nll=-0.7485369 kl=0.001929849 consistency=0 lambda=0 beta=0.708 grad=47.29779 horizon=200 lifetime=[456,938] skipped=False
2026-08-30 15:35:28,971 | INFO | step=3550/20000 loss=0.2586914 nll=0.2544202 kl=0.006015737 consistency=0 lambda=0 beta=0.71 grad=28.39259 horizon=100 lifetime=[453,1799] skipped=False
2026-08-30 15:35:29,346 | INFO | step=3560/20000 loss=-0.2396856 nll=-0.2445492 kl=0.006830893 consistency=0 lambda=0 beta=0.712 grad=75.35921 horizon=300 lifetime=[453,877] skipped=False
2026-08-30 15:35:29,773 | INFO | step=3570/20000 loss=5.025882e-05 nll=-0.005708143 kl=0.008064989 consistency=0 lambda=0 beta=0.714 grad=145.6454 horizon=220 lifetime=[505,1143] skipped=False
2026-08-30 15:35:30,236 | INFO | step=3580/20000 loss=-0.5269886 nll=-0.5297505 kl=0.003857329 consistency=0 lambda=0 beta=0.716 grad=41.37121 horizon=280 lifetime=[442,913] skipped=False
2026-08-30 15:35:30,671 | INFO | step=3590/20000 loss=-0.8658297 nll=-0.8675047 kl=0.002332911 consistency=0 lambda=0 beta=0.718 grad=80.85103 horizon=260 lifetime=[460,786] skipped=False
2026-08-30 15:35:31,121 | INFO | step=3600/20000 loss=-0.9232519 nll=-0.9258952 kl=0.00367124 consistency=0 lambda=0 beta=0.72 grad=25.1748 horizon=220 lifetime=[442,942] skipped=False
2026-08-30 15:35:31,535 | INFO | step=3610/20000 loss=-0.7614096 nll=-0.7690254 kl=0.0105483 consistency=0 lambda=0 beta=0.722 grad=12.94722 horizon=220 lifetime=[299,1052] skipped=False
2026-08-30 15:35:31,906 | INFO | step=3620/20000 loss=-0.216649 nll=-0.2215669 kl=0.00679269 consistency=0 lambda=0 beta=0.724 grad=204.0408 horizon=280 lifetime=[456,1052] skipped=False
2026-08-30 15:35:32,309 | INFO | step=3630/20000 loss=-0.6073855 nll=-0.6123515 kl=0.006840331 consistency=0 lambda=0 beta=0.726 grad=48.99417 horizon=300 lifetime=[518,906] skipped=False
2026-08-30 15:35:32,698 | INFO | step=3640/20000 loss=-0.5468086 nll=-0.5494356 kl=0.003608532 consistency=0 lambda=0 beta=0.728 grad=25.85373 horizon=180 lifetime=[455,2154] skipped=False
2026-08-30 15:35:33,140 | INFO | step=3650/20000 loss=0.2844852 nll=0.2736019 kl=0.01490862 consistency=0 lambda=0 beta=0.73 grad=21.76636 horizon=120 lifetime=[464,1799] skipped=False
2026-08-30 15:35:33,520 | INFO | step=3660/20000 loss=-0.1236966 nll=-0.1291612 kl=0.007465199 consistency=0 lambda=0 beta=0.732 grad=63.25732 horizon=200 lifetime=[460,1834] skipped=False
2026-08-30 15:35:33,942 | INFO | step=3670/20000 loss=-1.080523 nll=-1.086145 kl=0.007659256 consistency=0 lambda=0 beta=0.734 grad=46.86724 horizon=180 lifetime=[453,1061] skipped=False
2026-08-30 15:35:34,302 | INFO | step=3680/20000 loss=1.473934 nll=1.469132 kl=0.006524414 consistency=0 lambda=0 beta=0.736 grad=388.3114 horizon=220 lifetime=[455,1932] skipped=False
2026-08-30 15:35:34,721 | INFO | step=3690/20000 loss=-0.2499257 nll=-0.2527425 kl=0.003816769 consistency=0 lambda=0 beta=0.738 grad=81.99062 horizon=180 lifetime=[476,1055] skipped=False
2026-08-30 15:35:35,146 | INFO | step=3700/20000 loss=-0.1697469 nll=-0.1728292 kl=0.004165217 consistency=0 lambda=0 beta=0.74 grad=11.90547 horizon=160 lifetime=[455,1313] skipped=False
2026-08-30 15:35:35,534 | INFO | step=3710/20000 loss=-0.6404286 nll=-0.6427042 kl=0.003066946 consistency=0 lambda=0 beta=0.742 grad=154.9242 horizon=280 lifetime=[443,1705] skipped=False
2026-08-30 15:35:35,931 | INFO | step=3720/20000 loss=-0.8049893 nll=-0.8063836 kl=0.001874059 consistency=0 lambda=0 beta=0.744 grad=42.45533 horizon=160 lifetime=[460,1052] skipped=False
2026-08-30 15:35:36,314 | INFO | step=3730/20000 loss=-0.3829254 nll=-0.386947 kl=0.00539095 consistency=0 lambda=0 beta=0.746 grad=20.92366 horizon=140 lifetime=[456,891] skipped=False
2026-08-30 15:35:36,705 | INFO | step=3740/20000 loss=-0.1115749 nll=-0.1163632 kl=0.006401522 consistency=0 lambda=0 beta=0.748 grad=19.04572 horizon=220 lifetime=[460,1152] skipped=False
2026-08-30 15:35:37,097 | INFO | step=3750/20000 loss=-0.3370821 nll=-0.3403808 kl=0.004398267 consistency=0 lambda=0 beta=0.75 grad=73.01454 horizon=240 lifetime=[486,1282] skipped=False
2026-08-30 15:35:37,532 | INFO | step=3760/20000 loss=0.6686325 nll=0.6640033 kl=0.0061559 consistency=0 lambda=0 beta=0.752 grad=161.0737 horizon=220 lifetime=[443,1834] skipped=False
2026-08-30 15:35:37,888 | INFO | step=3770/20000 loss=-0.3670295 nll=-0.369502 kl=0.00327915 consistency=0 lambda=0 beta=0.754 grad=49.20374 horizon=160 lifetime=[460,1143] skipped=False
2026-08-30 15:35:38,294 | INFO | step=3780/20000 loss=0.1296934 nll=0.1215255 kl=0.01080418 consistency=0 lambda=0 beta=0.756 grad=62.99717 horizon=200 lifetime=[493,1025] skipped=False
2026-08-30 15:35:38,720 | INFO | step=3790/20000 loss=-0.5729691 nll=-0.5748618 kl=0.002496928 consistency=0 lambda=0 beta=0.758 grad=28.24632 horizon=260 lifetime=[455,1113] skipped=False
2026-08-30 15:35:39,087 | INFO | step=3800/20000 loss=0.7148057 nll=0.7037482 kl=0.01454933 consistency=0 lambda=0 beta=0.76 grad=23.22798 horizon=100 lifetime=[147,1154] skipped=False
2026-08-30 15:35:39,424 | INFO | step=3810/20000 loss=0.1314819 nll=0.1208351 kl=0.01397223 consistency=0 lambda=0 beta=0.762 grad=64.99577 horizon=120 lifetime=[147,1282] skipped=False
2026-08-30 15:35:39,809 | INFO | step=3820/20000 loss=-0.7288837 nll=-0.7308835 kl=0.002617639 consistency=0 lambda=0 beta=0.764 grad=54.41503 horizon=280 lifetime=[455,1091] skipped=False
2026-08-30 15:35:40,211 | INFO | step=3830/20000 loss=-0.2277821 nll=-0.2310592 kl=0.00427822 consistency=0 lambda=0 beta=0.766 grad=17.23965 horizon=280 lifetime=[455,1154] skipped=False
2026-08-30 15:35:40,591 | INFO | step=3840/20000 loss=-0.37125 nll=-0.3728872 kl=0.002131745 consistency=0 lambda=0 beta=0.768 grad=80.56438 horizon=300 lifetime=[456,1313] skipped=False
2026-08-30 15:35:41,044 | INFO | step=3850/20000 loss=-0.2879454 nll=-0.2949725 kl=0.009126104 consistency=0 lambda=0 beta=0.77 grad=11.73378 horizon=280 lifetime=[508,1036] skipped=False
2026-08-30 15:35:41,438 | INFO | step=3860/20000 loss=-0.6343251 nll=-0.6376133 kl=0.004259259 consistency=0 lambda=0 beta=0.772 grad=60.07793 horizon=180 lifetime=[428,921] skipped=False
2026-08-30 15:35:41,835 | INFO | step=3870/20000 loss=1.141646 nll=1.137674 kl=0.005131073 consistency=0 lambda=0 beta=0.774 grad=181.5026 horizon=200 lifetime=[614,1025] skipped=False
2026-08-30 15:35:42,212 | INFO | step=3880/20000 loss=0.8115567 nll=0.8053881 kl=0.007949248 consistency=0 lambda=0 beta=0.776 grad=86.73936 horizon=100 lifetime=[147,1156] skipped=False
2026-08-30 15:35:42,624 | INFO | step=3890/20000 loss=0.436693 nll=0.4298595 kl=0.008783355 consistency=0 lambda=0 beta=0.778 grad=46.30934 horizon=300 lifetime=[491,1154] skipped=False
2026-08-30 15:35:43,056 | INFO | step=3900/20000 loss=-0.27318 nll=-0.2765448 kl=0.004313886 consistency=0 lambda=0 beta=0.78 grad=164.3738 horizon=180 lifetime=[453,2154] skipped=False
2026-08-30 15:35:43,413 | INFO | step=3910/20000 loss=0.0006967725 nll=-0.002426147 kl=0.003993504 consistency=0 lambda=0 beta=0.782 grad=18.58143 horizon=100 lifetime=[460,1282] skipped=False
2026-08-30 15:35:43,807 | INFO | step=3920/20000 loss=-0.3511232 nll=-0.3537296 kl=0.003324486 consistency=0 lambda=0 beta=0.784 grad=143.2271 horizon=260 lifetime=[500,856] skipped=False
2026-08-30 15:35:44,228 | INFO | step=3930/20000 loss=-0.5432445 nll=-0.5455629 kl=0.002949558 consistency=0 lambda=0 beta=0.786 grad=104.0918 horizon=200 lifetime=[461,1055] skipped=False
2026-08-30 15:35:44,616 | INFO | step=3940/20000 loss=-0.5458686 nll=-0.5516036 kl=0.007277876 consistency=0 lambda=0 beta=0.788 grad=51.16539 horizon=140 lifetime=[428,858] skipped=False
2026-08-30 15:35:45,025 | INFO | step=3950/20000 loss=0.1466926 nll=0.144631 kl=0.002609625 consistency=0 lambda=0 beta=0.79 grad=111.0802 horizon=260 lifetime=[453,1154] skipped=False
2026-08-30 15:35:45,407 | INFO | step=3960/20000 loss=-0.4632762 nll=-0.4651849 kl=0.002409913 consistency=0 lambda=0 beta=0.792 grad=95.08988 horizon=180 lifetime=[442,915] skipped=False
2026-08-30 15:35:45,767 | INFO | step=3970/20000 loss=0.02496036 nll=0.01688316 kl=0.01017278 consistency=0 lambda=0 beta=0.794 grad=117.3179 horizon=140 lifetime=[464,1055] skipped=False
2026-08-30 15:35:46,167 | INFO | step=3980/20000 loss=-0.3227225 nll=-0.3245362 kl=0.002278492 consistency=0 lambda=0 beta=0.796 grad=43.54025 horizon=180 lifetime=[456,2154] skipped=False
2026-08-30 15:35:46,584 | INFO | step=3990/20000 loss=-0.4662637 nll=-0.4687753 kl=0.003147408 consistency=0 lambda=0 beta=0.798 grad=22.78892 horizon=300 lifetime=[428,1313] skipped=False
2026-08-30 15:35:47,300 | INFO | validation step=4000 rmse=191.5857 best=191.5857@4000 stale=0/10
2026-08-30 15:35:47,300 | INFO | step=4000/20000 loss=-0.2448959 nll=-0.2545175 kl=0.01202706 consistency=0 lambda=0 beta=0.8 grad=106.8241 horizon=280 lifetime=[442,1038] skipped=False
2026-08-30 15:35:47,788 | INFO | step=4010/20000 loss=0.04690558 nll=0.04529162 kl=0.002012424 consistency=0 lambda=0 beta=0.802 grad=50.91693 horizon=260 lifetime=[442,1154] skipped=False
2026-08-30 15:35:48,225 | INFO | step=4020/20000 loss=0.5010647 nll=0.4977809 kl=0.004084319 consistency=0 lambda=0 beta=0.804 grad=51.35677 horizon=100 lifetime=[494,1156] skipped=False
2026-08-30 15:35:48,618 | INFO | step=4030/20000 loss=0.2204145 nll=0.2169481 kl=0.004300773 consistency=0 lambda=0 beta=0.806 grad=78.48034 horizon=140 lifetime=[493,1834] skipped=False
2026-08-30 15:35:49,015 | INFO | step=4040/20000 loss=0.001827043 nll=-0.002736181 kl=0.005647555 consistency=0 lambda=0 beta=0.808 grad=104.9011 horizon=240 lifetime=[458,1143] skipped=False
2026-08-30 15:35:49,378 | INFO | step=4050/20000 loss=-0.4107745 nll=-0.4131016 kl=0.002872884 consistency=0 lambda=0 beta=0.81 grad=47.42191 horizon=180 lifetime=[461,1081] skipped=False
2026-08-30 15:35:49,750 | INFO | step=4060/20000 loss=-0.7009948 nll=-0.7066207 kl=0.006928429 consistency=0 lambda=0 beta=0.812 grad=47.28307 horizon=240 lifetime=[453,1799] skipped=False
2026-08-30 15:35:50,135 | INFO | step=4070/20000 loss=-0.2732897 nll=-0.2745227 kl=0.001514763 consistency=0 lambda=0 beta=0.814 grad=65.04115 horizon=240 lifetime=[484,938] skipped=False
2026-08-30 15:35:50,561 | INFO | step=4080/20000 loss=0.1288837 nll=0.1234478 kl=0.006661639 consistency=0 lambda=0 beta=0.816 grad=70.52792 horizon=120 lifetime=[453,1113] skipped=False
2026-08-30 15:35:50,963 | INFO | step=4090/20000 loss=0.03763715 nll=0.02422554 kl=0.01639561 consistency=0 lambda=0 beta=0.818 grad=41.19574 horizon=100 lifetime=[456,1113] skipped=False
2026-08-30 15:35:51,371 | INFO | step=4100/20000 loss=-0.2670405 nll=-0.2698469 kl=0.003422365 consistency=0 lambda=0 beta=0.82 grad=14.44623 horizon=180 lifetime=[512,1156] skipped=False
2026-08-30 15:35:51,735 | INFO | step=4110/20000 loss=-0.1979787 nll=-0.2011713 kl=0.003883883 consistency=0 lambda=0 beta=0.822 grad=18.56922 horizon=300 lifetime=[453,2154] skipped=False
2026-08-30 15:35:52,085 | INFO | step=4120/20000 loss=-0.8227607 nll=-0.8301591 kl=0.008978568 consistency=0 lambda=0 beta=0.824 grad=48.55978 horizon=260 lifetime=[428,1061] skipped=False
2026-08-30 15:35:52,432 | INFO | step=4130/20000 loss=-0.659043 nll=-0.6625446 kl=0.004239216 consistency=0 lambda=0 beta=0.826 grad=24.05751 horizon=200 lifetime=[476,855] skipped=False
2026-08-30 15:35:52,837 | INFO | step=4140/20000 loss=0.1204429 nll=0.1167053 kl=0.004514068 consistency=0 lambda=0 beta=0.828 grad=44.49812 horizon=240 lifetime=[491,1282] skipped=False
2026-08-30 15:35:53,210 | INFO | step=4150/20000 loss=-0.4643836 nll=-0.4705318 kl=0.007407412 consistency=0 lambda=0 beta=0.83 grad=41.53088 horizon=180 lifetime=[453,1313] skipped=False
2026-08-30 15:35:53,593 | INFO | step=4160/20000 loss=-0.2501347 nll=-0.2672175 kl=0.02053224 consistency=0 lambda=0 beta=0.832 grad=27.72887 horizon=120 lifetime=[458,863] skipped=False
2026-08-30 15:35:53,999 | INFO | step=4170/20000 loss=0.5552898 nll=0.5522914 kl=0.003595203 consistency=0 lambda=0 beta=0.834 grad=86.11412 horizon=120 lifetime=[460,991] skipped=False
2026-08-30 15:35:54,396 | INFO | step=4180/20000 loss=-0.5201574 nll=-0.5213842 kl=0.001467481 consistency=0 lambda=0 beta=0.836 grad=16.89955 horizon=300 lifetime=[443,1313] skipped=False
2026-08-30 15:35:54,800 | INFO | step=4190/20000 loss=0.3367662 nll=0.335459 kl=0.001559854 consistency=0 lambda=0 beta=0.838 grad=133.2393 horizon=180 lifetime=[458,1000] skipped=False
2026-08-30 15:35:55,223 | INFO | step=4200/20000 loss=0.1757078 nll=0.1720196 kl=0.004390761 consistency=0 lambda=0 beta=0.84 grad=36.58354 horizon=280 lifetime=[480,1705] skipped=False
2026-08-30 15:35:55,647 | INFO | step=4210/20000 loss=-0.4464317 nll=-0.4538439 kl=0.008803084 consistency=0 lambda=0 beta=0.842 grad=28.47113 horizon=120 lifetime=[461,1071] skipped=False
2026-08-30 15:35:56,061 | INFO | step=4220/20000 loss=0.2655405 nll=0.2576906 kl=0.009300828 consistency=0 lambda=0 beta=0.844 grad=81.48932 horizon=140 lifetime=[614,1143] skipped=False
2026-08-30 15:35:56,443 | INFO | step=4230/20000 loss=-0.2473186 nll=-0.2517218 kl=0.005204782 consistency=0 lambda=0 beta=0.846 grad=40.96966 horizon=300 lifetime=[615,1052] skipped=False
2026-08-30 15:35:56,831 | INFO | step=4240/20000 loss=0.3146914 nll=0.3091178 kl=0.006572589 consistency=0 lambda=0 beta=0.848 grad=68.35754 horizon=180 lifetime=[665,1932] skipped=False
2026-08-30 15:35:57,219 | INFO | step=4250/20000 loss=0.2690616 nll=0.2646327 kl=0.005210429 consistency=0 lambda=0 beta=0.85 grad=51.20796 horizon=100 lifetime=[443,1932] skipped=False
2026-08-30 15:35:57,624 | INFO | step=4260/20000 loss=-0.6173387 nll=-0.6202655 kl=0.003435329 consistency=0 lambda=0 beta=0.852 grad=101.2497 horizon=280 lifetime=[465,913] skipped=False
2026-08-30 15:35:58,011 | INFO | step=4270/20000 loss=-0.4739802 nll=-0.4799898 kl=0.007036939 consistency=0 lambda=0 beta=0.854 grad=63.05176 horizon=220 lifetime=[460,1834] skipped=False
2026-08-30 15:35:58,359 | INFO | step=4280/20000 loss=-0.6099602 nll=-0.6120619 kl=0.002455205 consistency=0 lambda=0 beta=0.856 grad=25.82634 horizon=160 lifetime=[460,1081] skipped=False
2026-08-30 15:35:58,756 | INFO | step=4290/20000 loss=-0.000178847 nll=-0.007457254 kl=0.008482993 consistency=0 lambda=0 beta=0.858 grad=44.44165 horizon=220 lifetime=[675,1071] skipped=False
2026-08-30 15:35:59,175 | INFO | step=4300/20000 loss=0.01783871 nll=0.008345 kl=0.0110392 consistency=0 lambda=0 beta=0.86 grad=47.78825 horizon=120 lifetime=[147,1025] skipped=False
2026-08-30 15:35:59,591 | INFO | step=4310/20000 loss=-0.5237237 nll=-0.525798 kl=0.002406403 consistency=0 lambda=0 beta=0.862 grad=131.6382 horizon=160 lifetime=[453,921] skipped=False
2026-08-30 15:36:00,008 | INFO | step=4320/20000 loss=-1.458448 nll=-1.46447 kl=0.00696972 consistency=0 lambda=0 beta=0.864 grad=47.83224 horizon=180 lifetime=[455,1143] skipped=False
2026-08-30 15:36:00,414 | INFO | step=4330/20000 loss=1.761863 nll=1.757776 kl=0.004718885 consistency=0 lambda=0 beta=0.866 grad=185.6974 horizon=120 lifetime=[428,2154] skipped=False
2026-08-30 15:36:00,820 | INFO | step=4340/20000 loss=-0.06762429 nll=-0.07308118 kl=0.00628674 consistency=0 lambda=0 beta=0.868 grad=18.1084 horizon=180 lifetime=[465,1834] skipped=False
2026-08-30 15:36:01,278 | INFO | step=4350/20000 loss=-0.651897 nll=-0.6570051 kl=0.005871356 consistency=0 lambda=0 beta=0.87 grad=16.39488 horizon=260 lifetime=[465,1055] skipped=False
2026-08-30 15:36:01,686 | INFO | step=4360/20000 loss=-0.1587862 nll=-0.1626736 kl=0.004457995 consistency=0 lambda=0 beta=0.872 grad=38.84673 horizon=240 lifetime=[442,1313] skipped=False
2026-08-30 15:36:02,075 | INFO | step=4370/20000 loss=-0.1217249 nll=-0.129365 kl=0.008741543 consistency=0 lambda=0 beta=0.874 grad=36.19163 horizon=120 lifetime=[498,1154] skipped=False
2026-08-30 15:36:02,508 | INFO | step=4380/20000 loss=0.2907198 nll=0.2859503 kl=0.005444705 consistency=0 lambda=0 beta=0.876 grad=95.18943 horizon=300 lifetime=[453,1932] skipped=False
2026-08-30 15:36:02,916 | INFO | step=4390/20000 loss=0.1726591 nll=0.1698197 kl=0.003233969 consistency=0 lambda=0 beta=0.878 grad=65.72098 horizon=120 lifetime=[460,991] skipped=False
2026-08-30 15:36:03,282 | INFO | step=4400/20000 loss=-0.5352166 nll=-0.5429059 kl=0.008737877 consistency=0 lambda=0 beta=0.88 grad=68.61348 horizon=240 lifetime=[464,1071] skipped=False
2026-08-30 15:36:03,662 | INFO | step=4410/20000 loss=0.6897714 nll=0.6875289 kl=0.002542436 consistency=0 lambda=0 beta=0.882 grad=63.41636 horizon=220 lifetime=[460,2154] skipped=False
2026-08-30 15:36:04,072 | INFO | step=4420/20000 loss=-0.1307256 nll=-0.1333041 kl=0.002916843 consistency=0 lambda=0 beta=0.884 grad=54.07558 horizon=220 lifetime=[443,991] skipped=False
2026-08-30 15:36:04,504 | INFO | step=4430/20000 loss=-0.6451768 nll=-0.6513235 kl=0.006937638 consistency=0 lambda=0 beta=0.886 grad=38.08119 horizon=280 lifetime=[465,1143] skipped=False
2026-08-30 15:36:04,899 | INFO | step=4440/20000 loss=-0.3873743 nll=-0.3919079 kl=0.005105317 consistency=0 lambda=0 beta=0.888 grad=64.45245 horizon=180 lifetime=[465,1143] skipped=False
2026-08-30 15:36:05,288 | INFO | step=4450/20000 loss=-0.8854596 nll=-0.8906269 kl=0.005805969 consistency=0 lambda=0 beta=0.89 grad=65.52677 horizon=180 lifetime=[453,1313] skipped=False
2026-08-30 15:36:05,683 | INFO | step=4460/20000 loss=0.6335446 nll=0.6288724 kl=0.005237937 consistency=0 lambda=0 beta=0.892 grad=88.8266 horizon=180 lifetime=[519,1705] skipped=False
2026-08-30 15:36:06,111 | INFO | step=4470/20000 loss=-0.7580264 nll=-0.7601962 kl=0.002427042 consistency=0 lambda=0 beta=0.894 grad=45.39623 horizon=280 lifetime=[461,1834] skipped=False
2026-08-30 15:36:06,506 | INFO | step=4480/20000 loss=0.06018088 nll=0.05569925 kl=0.005001813 consistency=0 lambda=0 beta=0.896 grad=78.42546 horizon=100 lifetime=[442,1154] skipped=False
2026-08-30 15:36:06,914 | INFO | step=4490/20000 loss=1.664687 nll=1.659893 kl=0.005338117 consistency=0 lambda=0 beta=0.898 grad=293.5492 horizon=140 lifetime=[476,1038] skipped=False
2026-08-30 15:36:07,605 | INFO | validation step=4500 rmse=188.1319 best=188.1319@4500 stale=0/10
2026-08-30 15:36:07,605 | INFO | step=4500/20000 loss=-0.1905281 nll=-0.2002331 kl=0.01078333 consistency=0 lambda=0 beta=0.9 grad=82.20352 horizon=280 lifetime=[460,1313] skipped=False
2026-08-30 15:36:08,051 | INFO | step=4510/20000 loss=-0.5500939 nll=-0.5546544 kl=0.005055934 consistency=0 lambda=0 beta=0.902 grad=37.44186 horizon=300 lifetime=[456,1061] skipped=False
2026-08-30 15:36:08,463 | INFO | step=4520/20000 loss=0.3638199 nll=0.3512479 kl=0.01390705 consistency=0 lambda=0 beta=0.904 grad=32.33349 horizon=100 lifetime=[147,1154] skipped=False
2026-08-30 15:36:08,840 | INFO | step=4530/20000 loss=0.1531349 nll=0.150529 kl=0.002876356 consistency=0 lambda=0 beta=0.906 grad=147.1914 horizon=120 lifetime=[442,872] skipped=False
2026-08-30 15:36:09,206 | INFO | step=4540/20000 loss=0.3147326 nll=0.3111818 kl=0.003910542 consistency=0 lambda=0 beta=0.908 grad=87.54305 horizon=100 lifetime=[480,1091] skipped=False
2026-08-30 15:36:09,599 | INFO | step=4550/20000 loss=-0.4284437 nll=-0.4308988 kl=0.002697855 consistency=0 lambda=0 beta=0.91 grad=78.37509 horizon=240 lifetime=[428,1313] skipped=False
2026-08-30 15:36:09,996 | INFO | step=4560/20000 loss=-0.6356491 nll=-0.6377979 kl=0.002356172 consistency=0 lambda=0 beta=0.912 grad=67.68409 horizon=200 lifetime=[299,1799] skipped=False
2026-08-30 15:36:10,411 | INFO | step=4570/20000 loss=-0.3704745 nll=-0.3760508 kl=0.006100938 consistency=0 lambda=0 beta=0.914 grad=51.3434 horizon=200 lifetime=[497,1932] skipped=False
2026-08-30 15:36:10,835 | INFO | step=4580/20000 loss=-0.1258708 nll=-0.1288952 kl=0.003301725 consistency=0 lambda=0 beta=0.916 grad=12.61369 horizon=120 lifetime=[455,1113] skipped=False
2026-08-30 15:36:11,242 | INFO | step=4590/20000 loss=-0.1316868 nll=-0.1366381 kl=0.005393624 consistency=0 lambda=0 beta=0.918 grad=149.6758 horizon=240 lifetime=[460,1799] skipped=False
2026-08-30 15:36:11,622 | INFO | step=4600/20000 loss=-0.2268527 nll=-0.2360279 kl=0.009973094 consistency=0 lambda=0 beta=0.92 grad=42.11694 horizon=160 lifetime=[442,938] skipped=False
2026-08-30 15:36:12,010 | INFO | step=4610/20000 loss=-0.3155523 nll=-0.3168624 kl=0.00142096 consistency=0 lambda=0 beta=0.922 grad=57.66084 horizon=220 lifetime=[428,1705] skipped=False
2026-08-30 15:36:12,397 | INFO | step=4620/20000 loss=-0.5695815 nll=-0.5790246 kl=0.01021974 consistency=0 lambda=0 beta=0.924 grad=45.94788 horizon=300 lifetime=[460,1156] skipped=False
2026-08-30 15:36:12,815 | INFO | step=4630/20000 loss=-0.4752594 nll=-0.4799081 kl=0.005020246 consistency=0 lambda=0 beta=0.926 grad=88.88397 horizon=300 lifetime=[453,921] skipped=False
2026-08-30 15:36:13,256 | INFO | step=4640/20000 loss=0.0206759 nll=0.01371872 kl=0.007496953 consistency=0 lambda=0 beta=0.928 grad=26.61359 horizon=140 lifetime=[476,1156] skipped=False
2026-08-30 15:36:13,650 | INFO | step=4650/20000 loss=0.7729105 nll=0.7575181 kl=0.01655102 consistency=0 lambda=0 beta=0.93 grad=54.35033 horizon=120 lifetime=[476,1932] skipped=False
2026-08-30 15:36:14,070 | INFO | step=4660/20000 loss=-0.7032104 nll=-0.7057998 kl=0.002778351 consistency=0 lambda=0 beta=0.932 grad=97.52338 horizon=260 lifetime=[467,815] skipped=False
2026-08-30 15:36:14,487 | INFO | step=4670/20000 loss=-0.8219178 nll=-0.8227024 kl=0.0008400977 consistency=0 lambda=0 beta=0.934 grad=58.20049 horizon=280 lifetime=[460,868] skipped=False
2026-08-30 15:36:14,884 | INFO | step=4680/20000 loss=-0.218337 nll=-0.2289431 kl=0.01133133 consistency=0 lambda=0 beta=0.936 grad=76.48702 horizon=300 lifetime=[455,2154] skipped=False
2026-08-30 15:36:15,253 | INFO | step=4690/20000 loss=-0.6199516 nll=-0.6254088 kl=0.00581789 consistency=0 lambda=0 beta=0.938 grad=31.12299 horizon=220 lifetime=[460,906] skipped=False
2026-08-30 15:36:15,885 | INFO | step=4700/20000 loss=0.1973368 nll=0.1879515 kl=0.009984314 consistency=0 lambda=0 beta=0.94 grad=50.87687 horizon=300 lifetime=[460,1932] skipped=False
2026-08-30 15:36:16,319 | INFO | step=4710/20000 loss=-0.3083092 nll=-0.3101454 kl=0.001949281 consistency=0 lambda=0 beta=0.942 grad=55.16624 horizon=280 lifetime=[443,2154] skipped=False
2026-08-30 15:36:16,773 | INFO | step=4720/20000 loss=-1.190685 nll=-1.193013 kl=0.002465785 consistency=0 lambda=0 beta=0.944 grad=63.67257 horizon=300 lifetime=[453,921] skipped=False
2026-08-30 15:36:17,190 | INFO | step=4730/20000 loss=-0.4272044 nll=-0.4307466 kl=0.003744453 consistency=0 lambda=0 beta=0.946 grad=30.74638 horizon=220 lifetime=[476,1282] skipped=False
2026-08-30 15:36:17,603 | INFO | step=4740/20000 loss=0.457646 nll=0.4523256 kl=0.005612135 consistency=0 lambda=0 beta=0.948 grad=88.32817 horizon=100 lifetime=[456,1113] skipped=False
2026-08-30 15:36:17,985 | INFO | step=4750/20000 loss=1.110184 nll=1.103966 kl=0.006545052 consistency=0 lambda=0 beta=0.95 grad=197.4566 horizon=180 lifetime=[465,1932] skipped=False
2026-08-30 15:36:18,395 | INFO | step=4760/20000 loss=-0.5541821 nll=-0.5570493 kl=0.003011733 consistency=0 lambda=0 beta=0.952 grad=31.35298 horizon=240 lifetime=[443,1834] skipped=False
2026-08-30 15:36:18,812 | INFO | step=4770/20000 loss=0.1253192 nll=0.1197044 kl=0.005885497 consistency=0 lambda=0 beta=0.954 grad=142.2997 horizon=160 lifetime=[455,1038] skipped=False
2026-08-30 15:36:19,218 | INFO | step=4780/20000 loss=0.02197893 nll=0.01608156 kl=0.006168798 consistency=0 lambda=0 beta=0.956 grad=48.62653 horizon=300 lifetime=[467,2154] skipped=False
2026-08-30 15:36:19,628 | INFO | step=4790/20000 loss=-0.3295197 nll=-0.3359355 kl=0.006697163 consistency=0 lambda=0 beta=0.958 grad=35.01945 horizon=120 lifetime=[453,906] skipped=False
2026-08-30 15:36:20,049 | INFO | step=4800/20000 loss=-0.2809131 nll=-0.2848017 kl=0.004050538 consistency=0 lambda=0 beta=0.96 grad=54.87467 horizon=200 lifetime=[467,1113] skipped=False
2026-08-30 15:36:20,464 | INFO | step=4810/20000 loss=-0.3936894 nll=-0.3982948 kl=0.004787371 consistency=0 lambda=0 beta=0.962 grad=131.5172 horizon=200 lifetime=[428,1313] skipped=False
2026-08-30 15:36:20,871 | INFO | step=4820/20000 loss=-0.6244763 nll=-0.6282343 kl=0.003898427 consistency=0 lambda=0 beta=0.964 grad=60.11586 horizon=300 lifetime=[456,1313] skipped=False
2026-08-30 15:36:21,286 | INFO | step=4830/20000 loss=-0.461261 nll=-0.4660367 kl=0.004943803 consistency=0 lambda=0 beta=0.966 grad=190.2216 horizon=180 lifetime=[458,814] skipped=False
2026-08-30 15:36:21,670 | INFO | step=4840/20000 loss=-0.3348871 nll=-0.3386254 kl=0.003861859 consistency=0 lambda=0 beta=0.968 grad=34.99976 horizon=140 lifetime=[428,942] skipped=False
2026-08-30 15:36:22,038 | INFO | step=4850/20000 loss=0.185316 nll=0.1816169 kl=0.003813505 consistency=0 lambda=0 beta=0.97 grad=18.26471 horizon=100 lifetime=[486,1799] skipped=False
2026-08-30 15:36:22,413 | INFO | step=4860/20000 loss=-0.2100397 nll=-0.2123314 kl=0.002357692 consistency=0 lambda=0 beta=0.972 grad=46.52115 horizon=220 lifetime=[460,1052] skipped=False
2026-08-30 15:36:22,826 | INFO | step=4870/20000 loss=-0.5079258 nll=-0.5167858 kl=0.009096518 consistency=0 lambda=0 beta=0.974 grad=40.81158 horizon=300 lifetime=[500,1091] skipped=False
2026-08-30 15:36:23,228 | INFO | step=4880/20000 loss=-0.8066024 nll=-0.8074924 kl=0.000911817 consistency=0 lambda=0 beta=0.976 grad=70.75474 horizon=220 lifetime=[428,913] skipped=False
2026-08-30 15:36:23,637 | INFO | step=4890/20000 loss=0.0465346 nll=0.04200155 kl=0.004635021 consistency=0 lambda=0 beta=0.978 grad=72.78249 horizon=220 lifetime=[500,1705] skipped=False
2026-08-30 15:36:24,071 | INFO | step=4900/20000 loss=-0.4697514 nll=-0.4709145 kl=0.001186773 consistency=0 lambda=0 beta=0.98 grad=70.93035 horizon=300 lifetime=[460,1081] skipped=False
2026-08-30 15:36:24,472 | INFO | step=4910/20000 loss=-0.3251251 nll=-0.3281926 kl=0.00312376 consistency=0 lambda=0 beta=0.982 grad=113.1003 horizon=280 lifetime=[442,2154] skipped=False
2026-08-30 15:36:24,881 | INFO | step=4920/20000 loss=0.8251576 nll=0.8219076 kl=0.003302827 consistency=0 lambda=0 beta=0.984 grad=190.6883 horizon=100 lifetime=[470,1000] skipped=False
2026-08-30 15:36:25,238 | INFO | step=4930/20000 loss=-0.1982307 nll=-0.2000904 kl=0.001886114 consistency=0 lambda=0 beta=0.986 grad=18.99788 horizon=140 lifetime=[476,1313] skipped=False
2026-08-30 15:36:25,590 | INFO | step=4940/20000 loss=0.1147562 nll=0.1096774 kl=0.005140468 consistency=0 lambda=0 beta=0.988 grad=146.6841 horizon=140 lifetime=[456,1313] skipped=False
2026-08-30 15:36:25,955 | INFO | step=4950/20000 loss=1.658576 nll=1.654851 kl=0.003763035 consistency=0 lambda=0 beta=0.99 grad=227.263 horizon=300 lifetime=[742,1313] skipped=False
2026-08-30 15:36:26,349 | INFO | step=4960/20000 loss=-0.1190039 nll=-0.1205801 kl=0.001588941 consistency=0 lambda=0 beta=0.992 grad=27.2297 horizon=160 lifetime=[476,1932] skipped=False
2026-08-30 15:36:26,720 | INFO | step=4970/20000 loss=-0.2869968 nll=-0.3022569 kl=0.01535226 consistency=0 lambda=0 beta=0.994 grad=21.2907 horizon=140 lifetime=[476,1156] skipped=False
2026-08-30 15:36:27,043 | INFO | step=4980/20000 loss=0.02936471 nll=0.02469939 kl=0.004684061 consistency=0 lambda=0 beta=0.996 grad=169.479 horizon=180 lifetime=[465,1834] skipped=False
2026-08-30 15:36:27,437 | INFO | step=4990/20000 loss=-0.3625039 nll=-0.364158 kl=0.001657411 consistency=0 lambda=0 beta=0.998 grad=131.5831 horizon=240 lifetime=[460,1313] skipped=False
2026-08-30 15:36:28,095 | INFO | validation step=5000 rmse=186.3033 best=186.3033@5000 stale=0/10
2026-08-30 15:36:28,095 | INFO | step=5000/20000 loss=0.132321 nll=0.1293533 kl=0.00296776 consistency=0 lambda=0 beta=1 grad=33.54369 horizon=100 lifetime=[464,1705] skipped=False
2026-08-30 15:36:28,524 | INFO | step=5010/20000 loss=-0.1619451 nll=-0.1652458 kl=0.003300667 consistency=0 lambda=0 beta=1 grad=30.29282 horizon=140 lifetime=[453,1156] skipped=False
2026-08-30 15:36:28,918 | INFO | step=5020/20000 loss=-0.3608044 nll=-0.3650109 kl=0.004206449 consistency=0 lambda=0 beta=1 grad=126.7139 horizon=300 lifetime=[443,858] skipped=False
2026-08-30 15:36:29,277 | INFO | step=5030/20000 loss=0.1649701 nll=0.1594834 kl=0.005486667 consistency=0 lambda=0 beta=1 grad=20.87362 horizon=120 lifetime=[508,1799] skipped=False
2026-08-30 15:36:29,737 | INFO | step=5040/20000 loss=-0.6106327 nll=-0.6124368 kl=0.001804113 consistency=0 lambda=0 beta=1 grad=68.47932 horizon=260 lifetime=[299,1313] skipped=False
2026-08-30 15:36:30,125 | INFO | step=5050/20000 loss=-0.1351252 nll=-0.1526831 kl=0.0175579 consistency=0 lambda=0 beta=1 grad=27.60223 horizon=140 lifetime=[476,1799] skipped=False
2026-08-30 15:36:30,502 | INFO | step=5060/20000 loss=-0.2174843 nll=-0.222764 kl=0.00527969 consistency=0 lambda=0 beta=1 grad=131.8245 horizon=200 lifetime=[443,915] skipped=False
2026-08-30 15:36:30,843 | INFO | step=5070/20000 loss=0.5343664 nll=0.5325724 kl=0.001793995 consistency=0 lambda=0 beta=1 grad=328.2694 horizon=180 lifetime=[455,877] skipped=False
2026-08-30 15:36:31,210 | INFO | step=5080/20000 loss=0.004302219 nll=-0.001155883 kl=0.005458102 consistency=0 lambda=0 beta=1 grad=43.37492 horizon=140 lifetime=[147,921] skipped=False
2026-08-30 15:36:31,597 | INFO | step=5090/20000 loss=-0.2270503 nll=-0.2329331 kl=0.00588277 consistency=0 lambda=0 beta=1 grad=52.23396 horizon=140 lifetime=[453,1834] skipped=False
2026-08-30 15:36:32,036 | INFO | step=5100/20000 loss=-0.9058883 nll=-0.9132303 kl=0.007342026 consistency=0 lambda=0 beta=1 grad=114.3273 horizon=180 lifetime=[428,863] skipped=False
2026-08-30 15:36:32,450 | INFO | step=5110/20000 loss=0.5258632 nll=0.522329 kl=0.003534243 consistency=0 lambda=0 beta=1 grad=202.3486 horizon=280 lifetime=[560,1834] skipped=False
2026-08-30 15:36:32,818 | INFO | step=5120/20000 loss=-0.5555529 nll=-0.5590791 kl=0.003526196 consistency=0 lambda=0 beta=1 grad=69.38304 horizon=240 lifetime=[455,1061] skipped=False
2026-08-30 15:36:33,191 | INFO | step=5130/20000 loss=-0.4319327 nll=-0.4382859 kl=0.006353185 consistency=0 lambda=0 beta=1 grad=34.395 horizon=140 lifetime=[476,1061] skipped=False
2026-08-30 15:36:33,561 | INFO | step=5140/20000 loss=0.383777 nll=0.377206 kl=0.006570935 consistency=0 lambda=0 beta=1 grad=46.54736 horizon=100 lifetime=[458,2154] skipped=False
2026-08-30 15:36:33,966 | INFO | step=5150/20000 loss=-0.6307237 nll=-0.6347973 kl=0.004073665 consistency=0 lambda=0 beta=1 grad=101.5581 horizon=220 lifetime=[453,1834] skipped=False
2026-08-30 15:36:34,347 | INFO | step=5160/20000 loss=-0.2051983 nll=-0.2083843 kl=0.003185973 consistency=0 lambda=0 beta=1 grad=33.49102 horizon=120 lifetime=[486,1282] skipped=False
2026-08-30 15:36:34,752 | INFO | step=5170/20000 loss=1.021603 nll=1.020148 kl=0.001455233 consistency=0 lambda=0 beta=1 grad=255.8828 horizon=300 lifetime=[456,1282] skipped=False
2026-08-30 15:36:35,123 | INFO | step=5180/20000 loss=-0.3586305 nll=-0.3611056 kl=0.002475068 consistency=0 lambda=0 beta=1 grad=112.0709 horizon=280 lifetime=[491,1091] skipped=False
2026-08-30 15:36:35,537 | INFO | step=5190/20000 loss=-0.3178476 nll=-0.3227583 kl=0.004910648 consistency=0 lambda=0 beta=1 grad=32.47572 horizon=120 lifetime=[465,1091] skipped=False
2026-08-30 15:36:35,947 | INFO | step=5200/20000 loss=-0.4786802 nll=-0.4804433 kl=0.001763061 consistency=0 lambda=0 beta=1 grad=63.56511 horizon=300 lifetime=[480,1052] skipped=False
2026-08-30 15:36:36,297 | INFO | step=5210/20000 loss=-0.4939878 nll=-0.496224 kl=0.002236202 consistency=0 lambda=0 beta=1 grad=82.13342 horizon=240 lifetime=[461,1052] skipped=False
2026-08-30 15:36:36,710 | INFO | step=5220/20000 loss=-1.169679 nll=-1.173062 kl=0.003383085 consistency=0 lambda=0 beta=1 grad=82.67527 horizon=300 lifetime=[453,906] skipped=False
2026-08-30 15:36:37,105 | INFO | step=5230/20000 loss=-0.4852817 nll=-0.4896493 kl=0.004367635 consistency=0 lambda=0 beta=1 grad=53.99605 horizon=240 lifetime=[299,1154] skipped=False
2026-08-30 15:36:37,512 | INFO | step=5240/20000 loss=0.1792996 nll=0.1757451 kl=0.003554508 consistency=0 lambda=0 beta=1 grad=79.39931 horizon=220 lifetime=[461,1282] skipped=False
2026-08-30 15:36:37,888 | INFO | step=5250/20000 loss=-0.2563727 nll=-0.2616118 kl=0.00523904 consistency=0 lambda=0 beta=1 grad=49.57908 horizon=300 lifetime=[560,1705] skipped=False
2026-08-30 15:36:38,287 | INFO | step=5260/20000 loss=-0.1951442 nll=-0.201047 kl=0.005902827 consistency=0 lambda=0 beta=1 grad=113.7172 horizon=280 lifetime=[500,1038] skipped=False
2026-08-30 15:36:38,677 | INFO | step=5270/20000 loss=-0.7127746 nll=-0.7156608 kl=0.002886191 consistency=0 lambda=0 beta=1 grad=76.37486 horizon=300 lifetime=[458,1025] skipped=False
2026-08-30 15:36:39,091 | INFO | step=5280/20000 loss=-0.6347957 nll=-0.6376572 kl=0.002861425 consistency=0 lambda=0 beta=1 grad=35.53796 horizon=280 lifetime=[428,1156] skipped=False
2026-08-30 15:36:39,496 | INFO | step=5290/20000 loss=-0.8361134 nll=-0.8439519 kl=0.007838488 consistency=0 lambda=0 beta=1 grad=41.63307 horizon=200 lifetime=[500,1055] skipped=False
2026-08-30 15:36:39,859 | INFO | step=5300/20000 loss=-0.4173049 nll=-0.4193268 kl=0.002021953 consistency=0 lambda=0 beta=1 grad=77.09817 horizon=120 lifetime=[428,1154] skipped=False
2026-08-30 15:36:40,304 | INFO | step=5310/20000 loss=0.3375332 nll=0.3355244 kl=0.002008855 consistency=0 lambda=0 beta=1 grad=33.55909 horizon=180 lifetime=[665,1799] skipped=False
2026-08-30 15:36:40,690 | INFO | step=5320/20000 loss=-0.196744 nll=-0.2002016 kl=0.003457516 consistency=0 lambda=0 beta=1 grad=71.12048 horizon=160 lifetime=[476,1313] skipped=False
2026-08-30 15:36:41,094 | INFO | step=5330/20000 loss=-0.2579814 nll=-0.2599491 kl=0.001967728 consistency=0 lambda=0 beta=1 grad=54.18917 horizon=200 lifetime=[455,1154] skipped=False
2026-08-30 15:36:41,473 | INFO | step=5340/20000 loss=0.1313571 nll=0.1282851 kl=0.003072023 consistency=0 lambda=0 beta=1 grad=158.6604 horizon=260 lifetime=[465,1932] skipped=False
2026-08-30 15:36:41,865 | INFO | step=5350/20000 loss=-0.3061979 nll=-0.3095334 kl=0.003335506 consistency=0 lambda=0 beta=1 grad=17.57808 horizon=120 lifetime=[460,991] skipped=False
2026-08-30 15:36:42,300 | INFO | step=5360/20000 loss=-0.01296782 nll=-0.01685129 kl=0.003883466 consistency=0 lambda=0 beta=1 grad=41.51595 horizon=240 lifetime=[456,1154] skipped=False
2026-08-30 15:36:42,707 | INFO | step=5370/20000 loss=-0.1066301 nll=-0.1138255 kl=0.007195443 consistency=0 lambda=0 beta=1 grad=25.66288 horizon=120 lifetime=[465,1113] skipped=False
2026-08-30 15:36:43,077 | INFO | step=5380/20000 loss=-0.2030602 nll=-0.2088444 kl=0.005784154 consistency=0 lambda=0 beta=1 grad=16.30739 horizon=220 lifetime=[760,1313] skipped=False
2026-08-30 15:36:43,500 | INFO | step=5390/20000 loss=-0.3527799 nll=-0.3579742 kl=0.005194381 consistency=0 lambda=0 beta=1 grad=59.9095 horizon=140 lifetime=[461,1061] skipped=False
2026-08-30 15:36:43,878 | INFO | step=5400/20000 loss=-0.2443287 nll=-0.2502885 kl=0.005959809 consistency=0 lambda=0 beta=1 grad=99.84917 horizon=120 lifetime=[476,1081] skipped=False
2026-08-30 15:36:44,280 | INFO | step=5410/20000 loss=0.543706 nll=0.540016 kl=0.003689989 consistency=0 lambda=0 beta=1 grad=26.4521 horizon=120 lifetime=[671,1834] skipped=False
2026-08-30 15:36:44,671 | INFO | step=5420/20000 loss=-0.3596718 nll=-0.3635025 kl=0.003830701 consistency=0 lambda=0 beta=1 grad=19.27921 horizon=220 lifetime=[458,1834] skipped=False
2026-08-30 15:36:45,029 | INFO | step=5430/20000 loss=-0.09524588 nll=-0.1011278 kl=0.005881891 consistency=0 lambda=0 beta=1 grad=174.418 horizon=180 lifetime=[428,1799] skipped=False
2026-08-30 15:36:45,434 | INFO | step=5440/20000 loss=-0.5165626 nll=-0.5247768 kl=0.008214206 consistency=0 lambda=0 beta=1 grad=35.4829 horizon=260 lifetime=[486,1156] skipped=False
2026-08-30 15:36:45,795 | INFO | step=5450/20000 loss=-0.4689109 nll=-0.4715585 kl=0.002647623 consistency=0 lambda=0 beta=1 grad=30.21253 horizon=160 lifetime=[428,1932] skipped=False
2026-08-30 15:36:46,200 | INFO | step=5460/20000 loss=-1.065972 nll=-1.067202 kl=0.001229823 consistency=0 lambda=0 beta=1 grad=29.48597 horizon=220 lifetime=[455,921] skipped=False
2026-08-30 15:36:46,585 | INFO | step=5470/20000 loss=-0.7925962 nll=-0.7985051 kl=0.005908892 consistency=0 lambda=0 beta=1 grad=13.84003 horizon=140 lifetime=[464,938] skipped=False
2026-08-30 15:36:46,959 | INFO | step=5480/20000 loss=-1.107133 nll=-1.114971 kl=0.007838055 consistency=0 lambda=0 beta=1 grad=98.61279 horizon=180 lifetime=[428,1025] skipped=False
2026-08-30 15:36:47,389 | INFO | step=5490/20000 loss=-0.5531877 nll=-0.5574843 kl=0.004296631 consistency=0 lambda=0 beta=1 grad=28.0166 horizon=240 lifetime=[455,1081] skipped=False
2026-08-30 15:36:48,101 | INFO | validation step=5500 rmse=175.1838 best=175.1838@5500 stale=0/10
2026-08-30 15:36:48,101 | INFO | step=5500/20000 loss=-0.5941067 nll=-0.6053596 kl=0.01125292 consistency=0 lambda=0 beta=1 grad=58.13364 horizon=140 lifetime=[458,891] skipped=False
2026-08-30 15:36:48,545 | INFO | step=5510/20000 loss=-0.3082714 nll=-0.3114877 kl=0.003216282 consistency=0 lambda=0 beta=1 grad=73.59583 horizon=260 lifetime=[442,921] skipped=False
2026-08-30 15:36:48,966 | INFO | step=5520/20000 loss=-0.1706473 nll=-0.1781505 kl=0.007503167 consistency=0 lambda=0 beta=1 grad=60.56255 horizon=160 lifetime=[456,1036] skipped=False
2026-08-30 15:36:49,404 | INFO | step=5530/20000 loss=-0.05200261 nll=-0.05483171 kl=0.002829105 consistency=0 lambda=0 beta=1 grad=70.1204 horizon=160 lifetime=[508,2154] skipped=False
2026-08-30 15:36:49,820 | INFO | step=5540/20000 loss=-0.9003466 nll=-0.9061511 kl=0.005804554 consistency=0 lambda=0 beta=1 grad=81.5092 horizon=300 lifetime=[476,1799] skipped=False
2026-08-30 15:36:50,205 | INFO | step=5550/20000 loss=1.287066 nll=1.281701 kl=0.005364522 consistency=0 lambda=0 beta=1 grad=211.4588 horizon=160 lifetime=[614,1152] skipped=False
2026-08-30 15:36:50,643 | INFO | step=5560/20000 loss=0.6922466 nll=0.6864593 kl=0.005787268 consistency=0 lambda=0 beta=1 grad=197.0023 horizon=200 lifetime=[453,1932] skipped=False
2026-08-30 15:36:51,022 | INFO | step=5570/20000 loss=0.7858584 nll=0.773789 kl=0.01206936 consistency=0 lambda=0 beta=1 grad=15.18227 horizon=100 lifetime=[147,1156] skipped=False
2026-08-30 15:36:51,387 | INFO | step=5580/20000 loss=0.1909475 nll=0.1841722 kl=0.00677529 consistency=0 lambda=0 beta=1 grad=36.81842 horizon=120 lifetime=[460,1113] skipped=False
2026-08-30 15:36:51,773 | INFO | step=5590/20000 loss=-0.22264 nll=-0.2272521 kl=0.004612133 consistency=0 lambda=0 beta=1 grad=107.8851 horizon=240 lifetime=[455,1143] skipped=False
2026-08-30 15:36:52,179 | INFO | step=5600/20000 loss=-0.4602673 nll=-0.4619962 kl=0.001728833 consistency=0 lambda=0 beta=1 grad=86.81477 horizon=180 lifetime=[455,1799] skipped=False
2026-08-30 15:36:52,561 | INFO | step=5610/20000 loss=-0.2591024 nll=-0.263702 kl=0.004599556 consistency=0 lambda=0 beta=1 grad=172.9384 horizon=300 lifetime=[442,2154] skipped=False
2026-08-30 15:36:52,911 | INFO | step=5620/20000 loss=-0.3355545 nll=-0.353356 kl=0.01780151 consistency=0 lambda=0 beta=1 grad=47.41456 horizon=140 lifetime=[299,1313] skipped=False
2026-08-30 15:36:53,302 | INFO | step=5630/20000 loss=-0.344472 nll=-0.3492844 kl=0.004812405 consistency=0 lambda=0 beta=1 grad=83.78671 horizon=180 lifetime=[442,1081] skipped=False
2026-08-30 15:36:53,673 | INFO | step=5640/20000 loss=-0.7391009 nll=-0.7404257 kl=0.001324773 consistency=0 lambda=0 beta=1 grad=149.2433 horizon=280 lifetime=[470,1156] skipped=False
2026-08-30 15:36:54,074 | INFO | step=5650/20000 loss=0.03316227 nll=0.0295057 kl=0.003656566 consistency=0 lambda=0 beta=1 grad=109.9004 horizon=120 lifetime=[428,1154] skipped=False
2026-08-30 15:36:54,500 | INFO | step=5660/20000 loss=-0.544685 nll=-0.54926 kl=0.004575014 consistency=0 lambda=0 beta=1 grad=75.1445 horizon=140 lifetime=[456,1038] skipped=False
2026-08-30 15:36:54,891 | INFO | step=5670/20000 loss=-0.2611163 nll=-0.263745 kl=0.002628654 consistency=0 lambda=0 beta=1 grad=60.16596 horizon=180 lifetime=[299,1156] skipped=False
2026-08-30 15:36:55,342 | INFO | step=5680/20000 loss=-0.1893068 nll=-0.1937903 kl=0.004483581 consistency=0 lambda=0 beta=1 grad=86.44405 horizon=300 lifetime=[455,1834] skipped=False
2026-08-30 15:36:55,781 | INFO | step=5690/20000 loss=-0.1753849 nll=-0.1780987 kl=0.002713844 consistency=0 lambda=0 beta=1 grad=57.64136 horizon=260 lifetime=[428,1313] skipped=False
2026-08-30 15:36:56,178 | INFO | step=5700/20000 loss=-0.5429802 nll=-0.5463824 kl=0.003402144 consistency=0 lambda=0 beta=1 grad=71.54012 horizon=160 lifetime=[456,1025] skipped=False
2026-08-30 15:36:56,542 | INFO | step=5710/20000 loss=0.03238891 nll=0.0246983 kl=0.007690609 consistency=0 lambda=0 beta=1 grad=131.5598 horizon=240 lifetime=[614,1055] skipped=False
2026-08-30 15:36:56,964 | INFO | step=5720/20000 loss=-0.4932699 nll=-0.4968691 kl=0.003599301 consistency=0 lambda=0 beta=1 grad=76.44794 horizon=260 lifetime=[455,1091] skipped=False
2026-08-30 15:36:57,396 | INFO | step=5730/20000 loss=-0.5917845 nll=-0.5995349 kl=0.007750362 consistency=0 lambda=0 beta=1 grad=15.45976 horizon=140 lifetime=[467,858] skipped=False
2026-08-30 15:36:57,817 | INFO | step=5740/20000 loss=-0.6533008 nll=-0.6545697 kl=0.001268953 consistency=0 lambda=0 beta=1 grad=66.72754 horizon=260 lifetime=[428,1932] skipped=False
2026-08-30 15:36:58,196 | INFO | step=5750/20000 loss=-0.5855002 nll=-0.5882974 kl=0.002797246 consistency=0 lambda=0 beta=1 grad=92.89957 horizon=260 lifetime=[464,858] skipped=False
2026-08-30 15:36:58,562 | INFO | step=5760/20000 loss=-0.4226647 nll=-0.4250779 kl=0.002413213 consistency=0 lambda=0 beta=1 grad=124.1306 horizon=180 lifetime=[458,1152] skipped=False
2026-08-30 15:36:58,924 | INFO | step=5770/20000 loss=0.5055048 nll=0.5026588 kl=0.002845988 consistency=0 lambda=0 beta=1 grad=59.79117 horizon=160 lifetime=[442,1154] skipped=False
2026-08-30 15:36:59,336 | INFO | step=5780/20000 loss=-0.8050109 nll=-0.8095704 kl=0.004559517 consistency=0 lambda=0 beta=1 grad=53.09098 horizon=260 lifetime=[460,1313] skipped=False
2026-08-30 15:36:59,713 | INFO | step=5790/20000 loss=0.2624609 nll=0.2599697 kl=0.002491221 consistency=0 lambda=0 beta=1 grad=44.54382 horizon=160 lifetime=[465,1152] skipped=False
2026-08-30 15:37:00,095 | INFO | step=5800/20000 loss=-0.467544 nll=-0.4708927 kl=0.003348783 consistency=0 lambda=0 beta=1 grad=20.00215 horizon=300 lifetime=[539,1091] skipped=False
2026-08-30 15:37:00,479 | INFO | step=5810/20000 loss=-0.03556603 nll=-0.03902164 kl=0.003455609 consistency=0 lambda=0 beta=1 grad=80.3705 horizon=120 lifetime=[456,1313] skipped=False
2026-08-30 15:37:00,889 | INFO | step=5820/20000 loss=-0.7900842 nll=-0.7925637 kl=0.002479509 consistency=0 lambda=0 beta=1 grad=16.98889 horizon=120 lifetime=[428,1154] skipped=False
2026-08-30 15:37:01,263 | INFO | step=5830/20000 loss=-0.9133732 nll=-0.9177202 kl=0.004346952 consistency=0 lambda=0 beta=1 grad=138.929 horizon=200 lifetime=[453,1152] skipped=False
2026-08-30 15:37:01,683 | INFO | step=5840/20000 loss=0.2993807 nll=0.2906932 kl=0.008687526 consistency=0 lambda=0 beta=1 grad=27.13834 horizon=120 lifetime=[738,1313] skipped=False
2026-08-30 15:37:02,070 | INFO | step=5850/20000 loss=-1.17492 nll=-1.177447 kl=0.00252755 consistency=0 lambda=0 beta=1 grad=41.75011 horizon=180 lifetime=[460,1061] skipped=False
2026-08-30 15:37:02,483 | INFO | step=5860/20000 loss=0.3003453 nll=0.2956046 kl=0.004740775 consistency=0 lambda=0 beta=1 grad=13.5045 horizon=100 lifetime=[465,1071] skipped=False
2026-08-30 15:37:02,875 | INFO | step=5870/20000 loss=-0.5440969 nll=-0.5473615 kl=0.003264576 consistency=0 lambda=0 beta=1 grad=28.46194 horizon=200 lifetime=[508,891] skipped=False
2026-08-30 15:37:03,257 | INFO | step=5880/20000 loss=0.6140607 nll=0.6104743 kl=0.003586352 consistency=0 lambda=0 beta=1 grad=243.9066 horizon=180 lifetime=[476,1113] skipped=False
2026-08-30 15:37:03,614 | INFO | step=5890/20000 loss=0.2124039 nll=0.206898 kl=0.00550586 consistency=0 lambda=0 beta=1 grad=33.85135 horizon=200 lifetime=[456,1036] skipped=False
2026-08-30 15:37:04,036 | INFO | step=5900/20000 loss=-1.048839 nll=-1.052649 kl=0.003809601 consistency=0 lambda=0 beta=1 grad=127.9058 horizon=180 lifetime=[443,1705] skipped=False
2026-08-30 15:37:04,454 | INFO | step=5910/20000 loss=-0.2834206 nll=-0.2852201 kl=0.001799583 consistency=0 lambda=0 beta=1 grad=360.9066 horizon=280 lifetime=[461,1081] skipped=False
2026-08-30 15:37:04,852 | INFO | step=5920/20000 loss=-0.1940731 nll=-0.1988135 kl=0.004740417 consistency=0 lambda=0 beta=1 grad=63.74962 horizon=180 lifetime=[456,1113] skipped=False
2026-08-30 15:37:05,252 | INFO | step=5930/20000 loss=-0.09855528 nll=-0.1015645 kl=0.003009245 consistency=0 lambda=0 beta=1 grad=223.7592 horizon=160 lifetime=[456,991] skipped=False
2026-08-30 15:37:05,659 | INFO | step=5940/20000 loss=-0.5109924 nll=-0.5134932 kl=0.002500817 consistency=0 lambda=0 beta=1 grad=49.86966 horizon=200 lifetime=[467,1156] skipped=False
2026-08-30 15:37:06,026 | INFO | step=5950/20000 loss=0.2427867 nll=0.2395051 kl=0.003281564 consistency=0 lambda=0 beta=1 grad=51.68532 horizon=120 lifetime=[443,1799] skipped=False
2026-08-30 15:37:06,459 | INFO | step=5960/20000 loss=-0.5035402 nll=-0.5051829 kl=0.001642674 consistency=0 lambda=0 beta=1 grad=25.75423 horizon=180 lifetime=[614,1025] skipped=False
2026-08-30 15:37:06,794 | INFO | step=5970/20000 loss=-0.8295598 nll=-0.8313256 kl=0.001765758 consistency=0 lambda=0 beta=1 grad=54.04848 horizon=240 lifetime=[460,1705] skipped=False
2026-08-30 15:37:07,203 | INFO | step=5980/20000 loss=0.08706094 nll=0.08583844 kl=0.001222506 consistency=0 lambda=0 beta=1 grad=79.66704 horizon=260 lifetime=[470,2154] skipped=False
2026-08-30 15:37:07,605 | INFO | step=5990/20000 loss=-0.6145741 nll=-0.6173264 kl=0.002752289 consistency=0 lambda=0 beta=1 grad=102.7272 horizon=300 lifetime=[470,913] skipped=False
2026-08-30 15:37:08,278 | INFO | validation step=6000 rmse=177.8846 best=175.1838@5500 stale=1/10
2026-08-30 15:37:08,278 | INFO | step=6000/20000 loss=-0.3912212 nll=-0.3932036 kl=0.001982421 consistency=0 lambda=0 beta=1 grad=135.6575 horizon=180 lifetime=[458,877] skipped=False
2026-08-30 15:37:08,751 | INFO | step=6010/20000 loss=-0.4276437 nll=-0.4283426 kl=0.0006989688 consistency=0 lambda=0 beta=1 grad=62.11658 horizon=260 lifetime=[464,1705] skipped=False
2026-08-30 15:37:09,093 | INFO | step=6020/20000 loss=-0.04374515 nll=-0.04546741 kl=0.001722261 consistency=0 lambda=0 beta=1 grad=186.4431 horizon=180 lifetime=[443,921] skipped=False
2026-08-30 15:37:09,489 | INFO | step=6030/20000 loss=-0.6127561 nll=-0.6157925 kl=0.00303638 consistency=0 lambda=0 beta=1 grad=88.74996 horizon=240 lifetime=[443,1156] skipped=False
2026-08-30 15:37:09,865 | INFO | step=6040/20000 loss=-0.4813505 nll=-0.4868054 kl=0.005454868 consistency=0 lambda=0 beta=1 grad=130.5861 horizon=140 lifetime=[456,921] skipped=False
2026-08-30 15:37:10,259 | INFO | step=6050/20000 loss=-0.7359012 nll=-0.7409963 kl=0.005095035 consistency=0 lambda=0 beta=1 grad=48.39764 horizon=300 lifetime=[484,1052] skipped=False
2026-08-30 15:37:10,685 | INFO | step=6060/20000 loss=0.4040966 nll=0.4016739 kl=0.002422675 consistency=0 lambda=0 beta=1 grad=167.5115 horizon=140 lifetime=[512,1036] skipped=False
2026-08-30 15:37:11,075 | INFO | step=6070/20000 loss=-0.7594218 nll=-0.7639889 kl=0.004567057 consistency=0 lambda=0 beta=1 grad=69.10529 horizon=140 lifetime=[443,1154] skipped=False
2026-08-30 15:37:11,508 | INFO | step=6080/20000 loss=-0.8895925 nll=-0.8928392 kl=0.003246665 consistency=0 lambda=0 beta=1 grad=225.4806 horizon=240 lifetime=[442,860] skipped=False
2026-08-30 15:37:11,918 | INFO | step=6090/20000 loss=1.180625 nll=1.178589 kl=0.002036542 consistency=0 lambda=0 beta=1 grad=139.8893 horizon=120 lifetime=[480,2154] skipped=False
2026-08-30 15:37:12,323 | INFO | step=6100/20000 loss=-0.5456865 nll=-0.5465037 kl=0.0008171797 consistency=0 lambda=0 beta=1 grad=93.69852 horizon=280 lifetime=[428,1932] skipped=False
2026-08-30 15:37:12,715 | INFO | step=6110/20000 loss=-0.6451767 nll=-0.6494255 kl=0.004248798 consistency=0 lambda=0 beta=1 grad=86.14829 horizon=280 lifetime=[299,1113] skipped=False
2026-08-30 15:37:13,103 | INFO | step=6120/20000 loss=-0.3762999 nll=-0.3779595 kl=0.001659602 consistency=0 lambda=0 beta=1 grad=85.05007 horizon=140 lifetime=[442,1282] skipped=False
2026-08-30 15:37:13,472 | INFO | step=6130/20000 loss=-0.9331007 nll=-0.9355849 kl=0.002484173 consistency=0 lambda=0 beta=1 grad=34.21558 horizon=180 lifetime=[460,852] skipped=False
2026-08-30 15:37:13,864 | INFO | step=6140/20000 loss=-0.3246289 nll=-0.3282778 kl=0.003648907 consistency=0 lambda=0 beta=1 grad=71.015 horizon=240 lifetime=[539,1143] skipped=False
2026-08-30 15:37:14,288 | INFO | step=6150/20000 loss=-0.2771557 nll=-0.2788461 kl=0.001690418 consistency=0 lambda=0 beta=1 grad=162.4437 horizon=220 lifetime=[456,1156] skipped=False
2026-08-30 15:37:14,663 | INFO | step=6160/20000 loss=-0.03138056 nll=-0.03276691 kl=0.001386344 consistency=0 lambda=0 beta=1 grad=131.894 horizon=180 lifetime=[476,1932] skipped=False
2026-08-30 15:37:15,100 | INFO | step=6170/20000 loss=-0.2467574 nll=-0.24883 kl=0.002072603 consistency=0 lambda=0 beta=1 grad=111.6798 horizon=140 lifetime=[465,1156] skipped=False
2026-08-30 15:37:15,475 | INFO | step=6180/20000 loss=0.1348712 nll=0.1309428 kl=0.003928423 consistency=0 lambda=0 beta=1 grad=111.285 horizon=140 lifetime=[147,1282] skipped=False
2026-08-30 15:37:15,864 | INFO | step=6190/20000 loss=-0.2790398 nll=-0.2832723 kl=0.004232496 consistency=0 lambda=0 beta=1 grad=252.1085 horizon=300 lifetime=[461,1113] skipped=False
2026-08-30 15:37:16,278 | INFO | step=6200/20000 loss=-0.2640032 nll=-0.2656407 kl=0.001637489 consistency=0 lambda=0 beta=1 grad=136.628 horizon=160 lifetime=[299,1143] skipped=False
2026-08-30 15:37:16,653 | INFO | step=6210/20000 loss=-0.1702732 nll=-0.1742096 kl=0.00393644 consistency=0 lambda=0 beta=1 grad=59.78616 horizon=240 lifetime=[491,1143] skipped=False
2026-08-30 15:37:17,047 | INFO | step=6220/20000 loss=0.5879295 nll=0.5825114 kl=0.005418062 consistency=0 lambda=0 beta=1 grad=80.49155 horizon=120 lifetime=[480,1055] skipped=False
2026-08-30 15:37:17,432 | INFO | step=6230/20000 loss=-0.298534 nll=-0.3014424 kl=0.002908334 consistency=0 lambda=0 beta=1 grad=21.67467 horizon=140 lifetime=[476,942] skipped=False
2026-08-30 15:37:17,875 | INFO | step=6240/20000 loss=0.09086975 nll=0.08973524 kl=0.001134515 consistency=0 lambda=0 beta=1 grad=145.2492 horizon=260 lifetime=[491,991] skipped=False
2026-08-30 15:37:18,244 | INFO | step=6250/20000 loss=-0.5845247 nll=-0.5861759 kl=0.001651168 consistency=0 lambda=0 beta=1 grad=35.00227 horizon=100 lifetime=[299,1282] skipped=False
2026-08-30 15:37:18,625 | INFO | step=6260/20000 loss=-0.5436356 nll=-0.5465854 kl=0.002949744 consistency=0 lambda=0 beta=1 grad=60.11383 horizon=260 lifetime=[299,1799] skipped=False
2026-08-30 15:37:19,036 | INFO | step=6270/20000 loss=-0.5625805 nll=-0.5684747 kl=0.005894139 consistency=0 lambda=0 beta=1 grad=29.30688 horizon=140 lifetime=[470,1025] skipped=False
2026-08-30 15:37:19,454 | INFO | step=6280/20000 loss=-0.169445 nll=-0.1724312 kl=0.002986163 consistency=0 lambda=0 beta=1 grad=258.3276 horizon=280 lifetime=[493,1055] skipped=False
2026-08-30 15:37:19,821 | INFO | step=6290/20000 loss=0.1438856 nll=0.1416343 kl=0.002251327 consistency=0 lambda=0 beta=1 grad=84.81881 horizon=200 lifetime=[456,1025] skipped=False
2026-08-30 15:37:20,227 | INFO | step=6300/20000 loss=-0.0360809 nll=-0.03865829 kl=0.002577394 consistency=0 lambda=0 beta=1 grad=191.9361 horizon=220 lifetime=[428,1071] skipped=False
2026-08-30 15:37:20,630 | INFO | step=6310/20000 loss=-0.2730502 nll=-0.2751936 kl=0.002143309 consistency=0 lambda=0 beta=1 grad=37.04851 horizon=160 lifetime=[460,938] skipped=False
2026-08-30 15:37:21,034 | INFO | step=6320/20000 loss=-1.480263 nll=-1.48241 kl=0.002146751 consistency=0 lambda=0 beta=1 grad=111.7612 horizon=260 lifetime=[460,872] skipped=False
2026-08-30 15:37:21,434 | INFO | step=6330/20000 loss=0.5519361 nll=0.550472 kl=0.001464114 consistency=0 lambda=0 beta=1 grad=77.47917 horizon=100 lifetime=[505,906] skipped=False
2026-08-30 15:37:21,795 | INFO | step=6340/20000 loss=-0.2789469 nll=-0.2819501 kl=0.00300312 consistency=0 lambda=0 beta=1 grad=163.7078 horizon=260 lifetime=[428,1154] skipped=False
2026-08-30 15:37:22,163 | INFO | step=6350/20000 loss=-0.581115 nll=-0.5830401 kl=0.001925081 consistency=0 lambda=0 beta=1 grad=69.96474 horizon=180 lifetime=[494,1282] skipped=False
2026-08-30 15:37:22,567 | INFO | step=6360/20000 loss=-0.4610361 nll=-0.4652907 kl=0.004254609 consistency=0 lambda=0 beta=1 grad=53.48183 horizon=100 lifetime=[461,872] skipped=False
2026-08-30 15:37:22,965 | INFO | step=6370/20000 loss=-0.3459598 nll=-0.3465912 kl=0.0006314218 consistency=0 lambda=0 beta=1 grad=139.1862 horizon=280 lifetime=[494,1152] skipped=False
2026-08-30 15:37:23,387 | INFO | step=6380/20000 loss=-0.9163617 nll=-0.9174452 kl=0.001083434 consistency=0 lambda=0 beta=1 grad=23.16524 horizon=240 lifetime=[470,1834] skipped=False
2026-08-30 15:37:23,786 | INFO | step=6390/20000 loss=0.1111457 nll=0.1089754 kl=0.002170324 consistency=0 lambda=0 beta=1 grad=94.02108 horizon=240 lifetime=[476,2154] skipped=False
2026-08-30 15:37:24,158 | INFO | step=6400/20000 loss=0.364052 nll=0.3627241 kl=0.001327872 consistency=0 lambda=0 beta=1 grad=18.61884 horizon=100 lifetime=[649,1282] skipped=False
2026-08-30 15:37:24,547 | INFO | step=6410/20000 loss=0.3970047 nll=0.3872092 kl=0.009795427 consistency=0 lambda=0 beta=1 grad=23.56024 horizon=100 lifetime=[656,2154] skipped=False
2026-08-30 15:37:24,933 | INFO | step=6420/20000 loss=-0.1146251 nll=-0.121413 kl=0.006787896 consistency=0 lambda=0 beta=1 grad=22.42968 horizon=140 lifetime=[458,1025] skipped=False
2026-08-30 15:37:25,304 | INFO | step=6430/20000 loss=0.3436466 nll=0.3369857 kl=0.006660849 consistency=0 lambda=0 beta=1 grad=34.93523 horizon=100 lifetime=[299,1282] skipped=False
2026-08-30 15:37:25,761 | INFO | step=6440/20000 loss=-1.104366 nll=-1.10593 kl=0.001564622 consistency=0 lambda=0 beta=1 grad=21.86152 horizon=200 lifetime=[428,1154] skipped=False
2026-08-30 15:37:26,169 | INFO | step=6450/20000 loss=-0.5198917 nll=-0.5227899 kl=0.002898216 consistency=0 lambda=0 beta=1 grad=127.2288 horizon=280 lifetime=[428,1799] skipped=False
2026-08-30 15:37:26,615 | INFO | step=6460/20000 loss=0.2545897 nll=0.2532364 kl=0.001353264 consistency=0 lambda=0 beta=1 grad=123.3801 horizon=220 lifetime=[519,2154] skipped=False
2026-08-30 15:37:27,021 | INFO | step=6470/20000 loss=-0.4656622 nll=-0.4670257 kl=0.001363546 consistency=0 lambda=0 beta=1 grad=50.05124 horizon=180 lifetime=[456,1313] skipped=False
2026-08-30 15:37:27,438 | INFO | step=6480/20000 loss=-0.4429681 nll=-0.4456781 kl=0.002710044 consistency=0 lambda=0 beta=1 grad=69.5175 horizon=280 lifetime=[505,1932] skipped=False
2026-08-30 15:37:27,832 | INFO | step=6490/20000 loss=0.7128103 nll=0.7093024 kl=0.003507897 consistency=0 lambda=0 beta=1 grad=100.1773 horizon=120 lifetime=[147,1156] skipped=False
2026-08-30 15:37:28,511 | INFO | validation step=6500 rmse=177.0051 best=175.1838@5500 stale=2/10
2026-08-30 15:37:28,512 | INFO | step=6500/20000 loss=-0.5928238 nll=-0.5957556 kl=0.002931848 consistency=0 lambda=0 beta=1 grad=50.45891 horizon=120 lifetime=[458,1061] skipped=False
2026-08-30 15:37:28,975 | INFO | step=6510/20000 loss=-1.131022 nll=-1.133931 kl=0.002908692 consistency=0 lambda=0 beta=1 grad=42.14089 horizon=240 lifetime=[456,909] skipped=False
2026-08-30 15:37:29,404 | INFO | step=6520/20000 loss=0.6867936 nll=0.6852629 kl=0.001530632 consistency=0 lambda=0 beta=1 grad=243.5021 horizon=240 lifetime=[497,1834] skipped=False
2026-08-30 15:37:29,767 | INFO | step=6530/20000 loss=-1.403365 nll=-1.40583 kl=0.00246416 consistency=0 lambda=0 beta=1 grad=50.52561 horizon=200 lifetime=[465,811] skipped=False
2026-08-30 15:37:30,163 | INFO | step=6540/20000 loss=-1.050114 nll=-1.051039 kl=0.0009250343 consistency=0 lambda=0 beta=1 grad=121.972 horizon=280 lifetime=[455,1154] skipped=False
2026-08-30 15:37:30,553 | INFO | step=6550/20000 loss=0.1540051 nll=0.152417 kl=0.001588091 consistency=0 lambda=0 beta=1 grad=157.7228 horizon=200 lifetime=[442,1834] skipped=False
2026-08-30 15:37:30,924 | INFO | step=6560/20000 loss=-0.4648875 nll=-0.470533 kl=0.005645543 consistency=0 lambda=0 beta=1 grad=54.72374 horizon=140 lifetime=[458,1052] skipped=False
2026-08-30 15:37:31,304 | INFO | step=6570/20000 loss=0.5040357 nll=0.4996532 kl=0.004382491 consistency=0 lambda=0 beta=1 grad=99.95831 horizon=140 lifetime=[299,1282] skipped=False
2026-08-30 15:37:31,678 | INFO | step=6580/20000 loss=-0.6397743 nll=-0.6440699 kl=0.004295543 consistency=0 lambda=0 beta=1 grad=98.44794 horizon=280 lifetime=[428,1799] skipped=False
2026-08-30 15:37:32,033 | INFO | step=6590/20000 loss=-0.9187752 nll=-0.923053 kl=0.00427781 consistency=0 lambda=0 beta=1 grad=106.68 horizon=200 lifetime=[299,1282] skipped=False
2026-08-30 15:37:32,416 | INFO | step=6600/20000 loss=-0.7067113 nll=-0.7103115 kl=0.00360021 consistency=0 lambda=0 beta=1 grad=193.7581 horizon=180 lifetime=[443,1038] skipped=False
2026-08-30 15:37:32,790 | INFO | step=6610/20000 loss=-0.2763754 nll=-0.2821976 kl=0.005822197 consistency=0 lambda=0 beta=1 grad=85.95379 horizon=180 lifetime=[442,1000] skipped=False
2026-08-30 15:37:33,152 | INFO | step=6620/20000 loss=-0.4746476 nll=-0.476909 kl=0.002261341 consistency=0 lambda=0 beta=1 grad=37.06739 horizon=140 lifetime=[455,1799] skipped=False
2026-08-30 15:37:33,594 | INFO | step=6630/20000 loss=-0.6026182 nll=-0.6066324 kl=0.004014164 consistency=0 lambda=0 beta=1 grad=87.34959 horizon=260 lifetime=[299,1038] skipped=False
2026-08-30 15:37:34,018 | INFO | step=6640/20000 loss=-0.5167737 nll=-0.5210342 kl=0.004260525 consistency=0 lambda=0 beta=1 grad=24.09371 horizon=300 lifetime=[476,1834] skipped=False
2026-08-30 15:37:34,371 | INFO | step=6650/20000 loss=0.04546584 nll=0.03985493 kl=0.005610913 consistency=0 lambda=0 beta=1 grad=153.1139 horizon=300 lifetime=[442,1154] skipped=False
2026-08-30 15:37:34,800 | INFO | step=6660/20000 loss=-0.1980229 nll=-0.2009024 kl=0.002879471 consistency=0 lambda=0 beta=1 grad=83.49857 horizon=200 lifetime=[491,875] skipped=False
2026-08-30 15:37:35,154 | INFO | step=6670/20000 loss=-0.1495054 nll=-0.1530831 kl=0.003577709 consistency=0 lambda=0 beta=1 grad=112.7786 horizon=260 lifetime=[486,2154] skipped=False
2026-08-30 15:37:35,567 | INFO | step=6680/20000 loss=-0.281117 nll=-0.290681 kl=0.009563982 consistency=0 lambda=0 beta=1 grad=25.38289 horizon=140 lifetime=[465,1071] skipped=False
2026-08-30 15:37:35,920 | INFO | step=6690/20000 loss=0.5458114 nll=0.5438126 kl=0.001998782 consistency=0 lambda=0 beta=1 grad=155.8851 horizon=100 lifetime=[460,1834] skipped=False
2026-08-30 15:37:36,331 | INFO | step=6700/20000 loss=-0.2609323 nll=-0.263934 kl=0.003001794 consistency=0 lambda=0 beta=1 grad=139.8373 horizon=200 lifetime=[497,1799] skipped=False
2026-08-30 15:37:36,738 | INFO | step=6710/20000 loss=-0.3796587 nll=-0.3822524 kl=0.002593696 consistency=0 lambda=0 beta=1 grad=71.55939 horizon=180 lifetime=[458,852] skipped=False
2026-08-30 15:37:37,172 | INFO | step=6720/20000 loss=0.1575649 nll=0.1554792 kl=0.002085671 consistency=0 lambda=0 beta=1 grad=71.77633 horizon=240 lifetime=[519,1313] skipped=False
2026-08-30 15:37:37,513 | INFO | step=6730/20000 loss=-0.1739193 nll=-0.1771711 kl=0.003251821 consistency=0 lambda=0 beta=1 grad=161.1923 horizon=240 lifetime=[484,1143] skipped=False
2026-08-30 15:37:37,890 | INFO | step=6740/20000 loss=-0.9030305 nll=-0.9104819 kl=0.00745149 consistency=0 lambda=0 beta=1 grad=48.40728 horizon=240 lifetime=[460,1081] skipped=False
2026-08-30 15:37:38,264 | INFO | step=6750/20000 loss=0.09067883 nll=0.08934809 kl=0.001330733 consistency=0 lambda=0 beta=1 grad=131.3909 horizon=280 lifetime=[461,1143] skipped=False
2026-08-30 15:37:38,674 | INFO | step=6760/20000 loss=-0.4485652 nll=-0.451008 kl=0.002442792 consistency=0 lambda=0 beta=1 grad=26.69959 horizon=280 lifetime=[299,2154] skipped=False
2026-08-30 15:37:39,051 | INFO | step=6770/20000 loss=-0.6209415 nll=-0.6233516 kl=0.002410084 consistency=0 lambda=0 beta=1 grad=60.06398 horizon=180 lifetime=[461,1799] skipped=False
2026-08-30 15:37:39,403 | INFO | step=6780/20000 loss=-0.7110567 nll=-0.7190536 kl=0.007996887 consistency=0 lambda=0 beta=1 grad=70.79877 horizon=260 lifetime=[465,1154] skipped=False
2026-08-30 15:37:39,779 | INFO | step=6790/20000 loss=-0.5011978 nll=-0.5023721 kl=0.00117439 consistency=0 lambda=0 beta=1 grad=43.16241 horizon=160 lifetime=[460,1799] skipped=False
2026-08-30 15:37:40,155 | INFO | step=6800/20000 loss=-0.3670947 nll=-0.3694012 kl=0.002306461 consistency=0 lambda=0 beta=1 grad=43.26937 horizon=180 lifetime=[505,1932] skipped=False
2026-08-30 15:37:40,570 | INFO | step=6810/20000 loss=-0.4485904 nll=-0.4502412 kl=0.00165081 consistency=0 lambda=0 beta=1 grad=122.9005 horizon=240 lifetime=[453,1705] skipped=False
2026-08-30 15:37:40,971 | INFO | step=6820/20000 loss=-1.141755 nll=-1.143424 kl=0.0016689 consistency=0 lambda=0 beta=1 grad=67.80091 horizon=280 lifetime=[460,1152] skipped=False
2026-08-30 15:37:41,359 | INFO | step=6830/20000 loss=-1.156989 nll=-1.158562 kl=0.001572907 consistency=0 lambda=0 beta=1 grad=75.75404 horizon=280 lifetime=[453,1705] skipped=False
2026-08-30 15:37:41,739 | INFO | step=6840/20000 loss=-0.2133027 nll=-0.2150452 kl=0.001742542 consistency=0 lambda=0 beta=1 grad=62.6572 horizon=220 lifetime=[458,1143] skipped=False
2026-08-30 15:37:42,135 | INFO | step=6850/20000 loss=-0.3831296 nll=-0.3854256 kl=0.00229606 consistency=0 lambda=0 beta=1 grad=79.53238 horizon=220 lifetime=[493,1143] skipped=False
2026-08-30 15:37:42,560 | INFO | step=6860/20000 loss=-0.3227299 nll=-0.3237371 kl=0.001007155 consistency=0 lambda=0 beta=1 grad=92.2275 horizon=140 lifetime=[299,938] skipped=False
2026-08-30 15:37:42,953 | INFO | step=6870/20000 loss=-0.4724385 nll=-0.4771925 kl=0.004754066 consistency=0 lambda=0 beta=1 grad=63.72447 horizon=140 lifetime=[299,1061] skipped=False
2026-08-30 15:37:43,346 | INFO | step=6880/20000 loss=-0.648106 nll=-0.6518753 kl=0.003769249 consistency=0 lambda=0 beta=1 grad=71.88869 horizon=260 lifetime=[465,1282] skipped=False
2026-08-30 15:37:43,747 | INFO | step=6890/20000 loss=-0.118452 nll=-0.1200383 kl=0.001586318 consistency=0 lambda=0 beta=1 grad=209.3263 horizon=300 lifetime=[455,1282] skipped=False
2026-08-30 15:37:44,093 | INFO | step=6900/20000 loss=-0.6733655 nll=-0.6756791 kl=0.002313673 consistency=0 lambda=0 beta=1 grad=34.40371 horizon=240 lifetime=[508,1705] skipped=False
2026-08-30 15:37:44,444 | INFO | step=6910/20000 loss=-0.7437553 nll=-0.7453718 kl=0.001616389 consistency=0 lambda=0 beta=1 grad=31.01807 horizon=180 lifetime=[464,1061] skipped=False
2026-08-30 15:37:44,847 | INFO | step=6920/20000 loss=-0.2155804 nll=-0.2170676 kl=0.001487195 consistency=0 lambda=0 beta=1 grad=157.5512 horizon=300 lifetime=[458,2154] skipped=False
2026-08-30 15:37:45,206 | INFO | step=6930/20000 loss=-0.1057996 nll=-0.1083843 kl=0.002584726 consistency=0 lambda=0 beta=1 grad=153.8746 horizon=140 lifetime=[453,1091] skipped=False
2026-08-30 15:37:45,571 | INFO | step=6940/20000 loss=-0.8912067 nll=-0.8918561 kl=0.0006493032 consistency=0 lambda=0 beta=1 grad=101.3353 horizon=300 lifetime=[455,1154] skipped=False
2026-08-30 15:37:46,002 | INFO | step=6950/20000 loss=-1.044558 nll=-1.045924 kl=0.001366079 consistency=0 lambda=0 beta=1 grad=41.13165 horizon=260 lifetime=[458,1081] skipped=False
2026-08-30 15:37:46,354 | INFO | step=6960/20000 loss=0.318809 nll=0.3160409 kl=0.002768099 consistency=0 lambda=0 beta=1 grad=198.0873 horizon=100 lifetime=[493,1143] skipped=False
2026-08-30 15:37:46,698 | INFO | step=6970/20000 loss=-0.346258 nll=-0.3468552 kl=0.0005972385 consistency=0 lambda=0 beta=1 grad=44.99463 horizon=200 lifetime=[491,1705] skipped=False
2026-08-30 15:37:47,061 | INFO | step=6980/20000 loss=-0.3972128 nll=-0.3985867 kl=0.001373857 consistency=0 lambda=0 beta=1 grad=76.08942 horizon=160 lifetime=[442,1799] skipped=False
2026-08-30 15:37:47,487 | INFO | step=6990/20000 loss=-0.2267546 nll=-0.2281618 kl=0.001407176 consistency=0 lambda=0 beta=1 grad=180.1985 horizon=300 lifetime=[476,2154] skipped=False
2026-08-30 15:37:48,133 | INFO | validation step=7000 rmse=170.17 best=170.17@7000 stale=0/10
2026-08-30 15:37:48,134 | INFO | step=7000/20000 loss=-0.6571025 nll=-0.6592346 kl=0.002132118 consistency=0 lambda=0 beta=1 grad=258.2033 horizon=220 lifetime=[460,906] skipped=False
2026-08-30 15:37:48,623 | INFO | step=7010/20000 loss=-0.1094374 nll=-0.1122486 kl=0.002811164 consistency=0 lambda=0 beta=1 grad=162.1826 horizon=240 lifetime=[505,1932] skipped=False
2026-08-30 15:37:49,031 | INFO | step=7020/20000 loss=0.01611233 nll=0.01250526 kl=0.003607064 consistency=0 lambda=0 beta=1 grad=57.21873 horizon=280 lifetime=[493,1932] skipped=False
2026-08-30 15:37:49,418 | INFO | step=7030/20000 loss=0.09578069 nll=0.09249108 kl=0.00328961 consistency=0 lambda=0 beta=1 grad=144.7661 horizon=180 lifetime=[456,1705] skipped=False
2026-08-30 15:37:49,775 | INFO | step=7040/20000 loss=0.9635938 nll=0.9592601 kl=0.004333675 consistency=0 lambda=0 beta=1 grad=160.3066 horizon=100 lifetime=[465,1705] skipped=False
2026-08-30 15:37:50,138 | INFO | step=7050/20000 loss=-0.3815492 nll=-0.3853136 kl=0.003764451 consistency=0 lambda=0 beta=1 grad=46.47521 horizon=140 lifetime=[147,1061] skipped=False
2026-08-30 15:37:50,600 | INFO | step=7060/20000 loss=-0.8286818 nll=-0.8315352 kl=0.002853394 consistency=0 lambda=0 beta=1 grad=28.59519 horizon=240 lifetime=[299,1156] skipped=False
2026-08-30 15:37:50,985 | INFO | step=7070/20000 loss=-0.1475604 nll=-0.1493757 kl=0.001815259 consistency=0 lambda=0 beta=1 grad=143.3838 horizon=260 lifetime=[460,1834] skipped=False
2026-08-30 15:37:51,390 | INFO | step=7080/20000 loss=0.02966097 nll=0.02503777 kl=0.004623204 consistency=0 lambda=0 beta=1 grad=39.39329 horizon=100 lifetime=[442,1799] skipped=False
2026-08-30 15:37:51,780 | INFO | step=7090/20000 loss=-0.5906309 nll=-0.5934797 kl=0.002848774 consistency=0 lambda=0 beta=1 grad=68.14352 horizon=180 lifetime=[460,1143] skipped=False
2026-08-30 15:37:52,218 | INFO | step=7100/20000 loss=-0.616266 nll=-0.6181023 kl=0.00183636 consistency=0 lambda=0 beta=1 grad=60.4444 horizon=240 lifetime=[500,1071] skipped=False
2026-08-30 15:37:52,588 | INFO | step=7110/20000 loss=-0.1999484 nll=-0.2016207 kl=0.001672208 consistency=0 lambda=0 beta=1 grad=64.80283 horizon=200 lifetime=[508,1038] skipped=False
2026-08-30 15:37:53,010 | INFO | step=7120/20000 loss=-1.133846 nll=-1.135916 kl=0.002069265 consistency=0 lambda=0 beta=1 grad=58.08582 horizon=260 lifetime=[428,1036] skipped=False
2026-08-30 15:37:53,413 | INFO | step=7130/20000 loss=-0.1891109 nll=-0.1940918 kl=0.004980832 consistency=0 lambda=0 beta=1 grad=120.993 horizon=240 lifetime=[443,2154] skipped=False
2026-08-30 15:37:53,806 | INFO | step=7140/20000 loss=-1.175687 nll=-1.179259 kl=0.003572017 consistency=0 lambda=0 beta=1 grad=84.74121 horizon=160 lifetime=[428,1282] skipped=False
2026-08-30 15:37:54,149 | INFO | step=7150/20000 loss=-0.8169705 nll=-0.8187516 kl=0.001781106 consistency=0 lambda=0 beta=1 grad=83.12491 horizon=160 lifetime=[467,1156] skipped=False
2026-08-30 15:37:54,558 | INFO | step=7160/20000 loss=-0.5331178 nll=-0.5362724 kl=0.003154635 consistency=0 lambda=0 beta=1 grad=140.1871 horizon=260 lifetime=[460,1071] skipped=False
2026-08-30 15:37:54,958 | INFO | step=7170/20000 loss=-0.7378647 nll=-0.74389 kl=0.006025285 consistency=0 lambda=0 beta=1 grad=68.22557 horizon=140 lifetime=[299,1282] skipped=False
2026-08-30 15:37:55,402 | INFO | step=7180/20000 loss=-0.1430581 nll=-0.1442778 kl=0.00121972 consistency=0 lambda=0 beta=1 grad=139.4411 horizon=240 lifetime=[299,1932] skipped=False
2026-08-30 15:37:55,788 | INFO | step=7190/20000 loss=-0.8537198 nll=-0.8549743 kl=0.001254439 consistency=0 lambda=0 beta=1 grad=63.89312 horizon=280 lifetime=[460,1152] skipped=False
2026-08-30 15:37:56,124 | INFO | step=7200/20000 loss=0.1568458 nll=0.1520193 kl=0.004826427 consistency=0 lambda=0 beta=1 grad=49.20177 horizon=100 lifetime=[491,1055] skipped=False
2026-08-30 15:37:56,536 | INFO | step=7210/20000 loss=-0.2073768 nll=-0.2116058 kl=0.00422895 consistency=0 lambda=0 beta=1 grad=51.89952 horizon=100 lifetime=[465,1025] skipped=False
2026-08-30 15:37:56,951 | INFO | step=7220/20000 loss=-0.4129239 nll=-0.4146488 kl=0.001724869 consistency=0 lambda=0 beta=1 grad=68.96103 horizon=240 lifetime=[494,1061] skipped=False
2026-08-30 15:37:57,273 | INFO | step=7230/20000 loss=0.2930768 nll=0.2867287 kl=0.006348103 consistency=0 lambda=0 beta=1 grad=11.97892 horizon=100 lifetime=[147,1154] skipped=False
2026-08-30 15:37:57,646 | INFO | step=7240/20000 loss=-0.6790026 nll=-0.6829472 kl=0.003944546 consistency=0 lambda=0 beta=1 grad=34.89515 horizon=240 lifetime=[476,1055] skipped=False
2026-08-30 15:37:58,042 | INFO | step=7250/20000 loss=0.2345986 nll=0.2320142 kl=0.002584338 consistency=0 lambda=0 beta=1 grad=188.6796 horizon=240 lifetime=[467,1932] skipped=False
2026-08-30 15:37:58,423 | INFO | step=7260/20000 loss=-0.6524918 nll=-0.6543642 kl=0.00187245 consistency=0 lambda=0 beta=1 grad=160.5956 horizon=220 lifetime=[460,906] skipped=False
2026-08-30 15:37:58,784 | INFO | step=7270/20000 loss=-0.6354567 nll=-0.6379187 kl=0.00246191 consistency=0 lambda=0 beta=1 grad=68.76907 horizon=160 lifetime=[476,1282] skipped=False
2026-08-30 15:37:59,156 | INFO | step=7280/20000 loss=-1.030106 nll=-1.031998 kl=0.001891285 consistency=0 lambda=0 beta=1 grad=123.5767 horizon=200 lifetime=[460,863] skipped=False
2026-08-30 15:37:59,558 | INFO | step=7290/20000 loss=-0.8688928 nll=-0.8710545 kl=0.002161682 consistency=0 lambda=0 beta=1 grad=94.18484 horizon=260 lifetime=[299,1052] skipped=False
2026-08-30 15:37:59,995 | INFO | step=7300/20000 loss=0.3116147 nll=0.3104885 kl=0.0011262 consistency=0 lambda=0 beta=1 grad=285.8887 horizon=160 lifetime=[299,1282] skipped=False
2026-08-30 15:38:00,365 | INFO | step=7310/20000 loss=-0.7536464 nll=-0.7564602 kl=0.002813756 consistency=0 lambda=0 beta=1 grad=64.35631 horizon=300 lifetime=[465,1081] skipped=False
2026-08-30 15:38:00,776 | INFO | step=7320/20000 loss=-1.068026 nll=-1.070308 kl=0.002282634 consistency=0 lambda=0 beta=1 grad=190.3698 horizon=260 lifetime=[443,1038] skipped=False
2026-08-30 15:38:01,161 | INFO | step=7330/20000 loss=0.1595814 nll=0.1527462 kl=0.006835133 consistency=0 lambda=0 beta=1 grad=61.35862 horizon=240 lifetime=[458,1705] skipped=False
2026-08-30 15:38:01,564 | INFO | step=7340/20000 loss=-1.0324 nll=-1.034619 kl=0.00221929 consistency=0 lambda=0 beta=1 grad=19.24223 horizon=200 lifetime=[465,1799] skipped=False
2026-08-30 15:38:01,918 | INFO | step=7350/20000 loss=0.02759052 nll=0.0264625 kl=0.001128018 consistency=0 lambda=0 beta=1 grad=101.6 horizon=260 lifetime=[687,1282] skipped=False
2026-08-30 15:38:02,296 | INFO | step=7360/20000 loss=0.04427971 nll=0.04294367 kl=0.001336038 consistency=0 lambda=0 beta=1 grad=180.1219 horizon=300 lifetime=[461,1705] skipped=False
2026-08-30 15:38:02,700 | INFO | step=7370/20000 loss=0.4344728 nll=0.4280678 kl=0.006405026 consistency=0 lambda=0 beta=1 grad=150.4813 horizon=120 lifetime=[729,1705] skipped=False
2026-08-30 15:38:03,059 | INFO | step=7380/20000 loss=0.2660694 nll=0.2611928 kl=0.004876584 consistency=0 lambda=0 beta=1 grad=56.48118 horizon=100 lifetime=[455,1025] skipped=False
2026-08-30 15:38:03,396 | INFO | step=7390/20000 loss=-0.1338502 nll=-0.1369899 kl=0.003139704 consistency=0 lambda=0 beta=1 grad=25.76656 horizon=120 lifetime=[147,1154] skipped=False
2026-08-30 15:38:03,778 | INFO | step=7400/20000 loss=-0.8163995 nll=-0.8211904 kl=0.004790962 consistency=0 lambda=0 beta=1 grad=160.6484 horizon=240 lifetime=[458,1113] skipped=False
2026-08-30 15:38:04,165 | INFO | step=7410/20000 loss=-0.898528 nll=-0.9005699 kl=0.002041906 consistency=0 lambda=0 beta=1 grad=66.61074 horizon=260 lifetime=[461,1143] skipped=False
2026-08-30 15:38:04,530 | INFO | step=7420/20000 loss=0.4422319 nll=0.4387106 kl=0.003521264 consistency=0 lambda=0 beta=1 grad=332.3593 horizon=120 lifetime=[500,2154] skipped=False
2026-08-30 15:38:04,930 | INFO | step=7430/20000 loss=0.17338 nll=0.1713166 kl=0.002063334 consistency=0 lambda=0 beta=1 grad=72.98306 horizon=160 lifetime=[493,2154] skipped=False
2026-08-30 15:38:05,343 | INFO | step=7440/20000 loss=-1.046074 nll=-1.049198 kl=0.003124416 consistency=0 lambda=0 beta=1 grad=75.55974 horizon=220 lifetime=[453,1052] skipped=False
2026-08-30 15:38:05,680 | INFO | step=7450/20000 loss=0.419198 nll=0.4176579 kl=0.001540124 consistency=0 lambda=0 beta=1 grad=48.65631 horizon=120 lifetime=[494,1932] skipped=False
2026-08-30 15:38:06,071 | INFO | step=7460/20000 loss=-0.9772702 nll=-0.9803318 kl=0.003061593 consistency=0 lambda=0 beta=1 grad=112.2105 horizon=260 lifetime=[453,868] skipped=False
2026-08-30 15:38:06,444 | INFO | step=7470/20000 loss=-0.8560301 nll=-0.8598308 kl=0.00380066 consistency=0 lambda=0 beta=1 grad=45.97552 horizon=140 lifetime=[461,1052] skipped=False
2026-08-30 15:38:06,794 | INFO | step=7480/20000 loss=-0.9463812 nll=-0.9483673 kl=0.001986057 consistency=0 lambda=0 beta=1 grad=61.57706 horizon=160 lifetime=[458,1143] skipped=False
2026-08-30 15:38:07,178 | INFO | step=7490/20000 loss=-0.9521123 nll=-0.9545656 kl=0.002453327 consistency=0 lambda=0 beta=1 grad=88.94075 horizon=180 lifetime=[299,1705] skipped=False
2026-08-30 15:38:08,005 | INFO | validation step=7500 rmse=175.2878 best=170.17@7000 stale=1/10
2026-08-30 15:38:08,005 | INFO | step=7500/20000 loss=-0.02932874 nll=-0.03377408 kl=0.004445344 consistency=0 lambda=0 beta=1 grad=36.64025 horizon=160 lifetime=[497,1799] skipped=False
2026-08-30 15:38:08,454 | INFO | step=7510/20000 loss=-0.795852 nll=-0.8009678 kl=0.005115747 consistency=0 lambda=0 beta=1 grad=38.44467 horizon=260 lifetime=[458,1113] skipped=False
2026-08-30 15:38:08,825 | INFO | step=7520/20000 loss=-0.4007757 nll=-0.4021955 kl=0.001419783 consistency=0 lambda=0 beta=1 grad=113.7419 horizon=260 lifetime=[484,1071] skipped=False
2026-08-30 15:38:09,238 | INFO | step=7530/20000 loss=-0.9026278 nll=-0.906855 kl=0.004227132 consistency=0 lambda=0 beta=1 grad=61.20499 horizon=280 lifetime=[442,887] skipped=False
2026-08-30 15:38:09,606 | INFO | step=7540/20000 loss=1.043749 nll=1.04266 kl=0.001089543 consistency=0 lambda=0 beta=1 grad=416.4558 horizon=220 lifetime=[461,1025] skipped=False
2026-08-30 15:38:10,020 | INFO | step=7550/20000 loss=-0.4048717 nll=-0.4120625 kl=0.007190794 consistency=0 lambda=0 beta=1 grad=144.9354 horizon=300 lifetime=[460,1113] skipped=False
2026-08-30 15:38:10,410 | INFO | step=7560/20000 loss=0.6404147 nll=0.6356736 kl=0.004741013 consistency=0 lambda=0 beta=1 grad=82.54 horizon=120 lifetime=[480,1152] skipped=False
2026-08-30 15:38:10,843 | INFO | step=7570/20000 loss=-0.02913253 nll=-0.03095104 kl=0.001818508 consistency=0 lambda=0 beta=1 grad=188.2771 horizon=260 lifetime=[461,1932] skipped=False
2026-08-30 15:38:11,266 | INFO | step=7580/20000 loss=0.2197616 nll=0.2178594 kl=0.001902133 consistency=0 lambda=0 beta=1 grad=71.34144 horizon=180 lifetime=[675,1932] skipped=False
2026-08-30 15:38:11,635 | INFO | step=7590/20000 loss=-0.8229311 nll=-0.8268767 kl=0.003945678 consistency=0 lambda=0 beta=1 grad=162.4822 horizon=300 lifetime=[455,1038] skipped=False
2026-08-30 15:38:12,057 | INFO | step=7600/20000 loss=-0.4770872 nll=-0.4840977 kl=0.00701049 consistency=0 lambda=0 beta=1 grad=62.94856 horizon=160 lifetime=[299,942] skipped=False
2026-08-30 15:38:12,481 | INFO | step=7610/20000 loss=-0.8666376 nll=-0.8684798 kl=0.001842231 consistency=0 lambda=0 beta=1 grad=55.49366 horizon=200 lifetime=[476,2154] skipped=False
2026-08-30 15:38:12,853 | INFO | step=7620/20000 loss=-0.9853535 nll=-0.9878598 kl=0.002506405 consistency=0 lambda=0 beta=1 grad=67.59669 horizon=200 lifetime=[442,1025] skipped=False
2026-08-30 15:38:13,231 | INFO | step=7630/20000 loss=-0.6201416 nll=-0.6234761 kl=0.003334492 consistency=0 lambda=0 beta=1 grad=36.45628 horizon=200 lifetime=[442,1154] skipped=False
2026-08-30 15:38:13,632 | INFO | step=7640/20000 loss=-0.7587187 nll=-0.7629865 kl=0.004267782 consistency=0 lambda=0 beta=1 grad=166.5451 horizon=260 lifetime=[299,858] skipped=False
2026-08-30 15:38:14,063 | INFO | step=7650/20000 loss=0.2953035 nll=0.2926804 kl=0.002623081 consistency=0 lambda=0 beta=1 grad=108.8149 horizon=120 lifetime=[443,1081] skipped=False
2026-08-30 15:38:14,422 | INFO | step=7660/20000 loss=-0.3784825 nll=-0.3817608 kl=0.003278255 consistency=0 lambda=0 beta=1 grad=89.24993 horizon=160 lifetime=[508,1282] skipped=False
2026-08-30 15:38:14,792 | INFO | step=7670/20000 loss=-0.9878052 nll=-0.9930227 kl=0.005217433 consistency=0 lambda=0 beta=1 grad=85.4168 horizon=260 lifetime=[460,1834] skipped=False
2026-08-30 15:38:15,194 | INFO | step=7680/20000 loss=-0.3789425 nll=-0.3831585 kl=0.004215986 consistency=0 lambda=0 beta=1 grad=39.44083 horizon=260 lifetime=[460,2154] skipped=False
2026-08-30 15:38:15,575 | INFO | step=7690/20000 loss=0.547681 nll=0.5443994 kl=0.003281564 consistency=0 lambda=0 beta=1 grad=216.1401 horizon=100 lifetime=[442,1156] skipped=False
2026-08-30 15:38:15,959 | INFO | step=7700/20000 loss=-0.4094154 nll=-0.4144527 kl=0.005037338 consistency=0 lambda=0 beta=1 grad=68.62532 horizon=120 lifetime=[484,1313] skipped=False
2026-08-30 15:38:16,384 | INFO | step=7710/20000 loss=-0.9733418 nll=-0.975574 kl=0.002232194 consistency=0 lambda=0 beta=1 grad=173.2927 horizon=200 lifetime=[461,1834] skipped=False
2026-08-30 15:38:16,807 | INFO | step=7720/20000 loss=-1.130643 nll=-1.133465 kl=0.002822042 consistency=0 lambda=0 beta=1 grad=64.84306 horizon=280 lifetime=[299,872] skipped=False
2026-08-30 15:38:17,181 | INFO | step=7730/20000 loss=-0.06469508 nll=-0.06730549 kl=0.002610415 consistency=0 lambda=0 beta=1 grad=28.79605 horizon=180 lifetime=[706,1282] skipped=False
2026-08-30 15:38:17,582 | INFO | step=7740/20000 loss=-0.1672486 nll=-0.1701818 kl=0.002933145 consistency=0 lambda=0 beta=1 grad=83.81049 horizon=140 lifetime=[476,1282] skipped=False
2026-08-30 15:38:17,975 | INFO | step=7750/20000 loss=-0.577333 nll=-0.5808347 kl=0.003501803 consistency=0 lambda=0 beta=1 grad=60.86794 horizon=180 lifetime=[470,1705] skipped=False
2026-08-30 15:38:18,347 | INFO | step=7760/20000 loss=-0.5343308 nll=-0.5379314 kl=0.003600568 consistency=0 lambda=0 beta=1 grad=31.73234 horizon=140 lifetime=[456,2154] skipped=False
2026-08-30 15:38:18,740 | INFO | step=7770/20000 loss=-1.089799 nll=-1.091618 kl=0.001818657 consistency=0 lambda=0 beta=1 grad=71.03952 horizon=280 lifetime=[456,1091] skipped=False
2026-08-30 15:38:19,190 | INFO | step=7780/20000 loss=-0.7314566 nll=-0.7358457 kl=0.004389048 consistency=0 lambda=0 beta=1 grad=39.84703 horizon=220 lifetime=[453,1313] skipped=False
2026-08-30 15:38:19,617 | INFO | step=7790/20000 loss=-0.7852988 nll=-0.7866443 kl=0.001345485 consistency=0 lambda=0 beta=1 grad=182.5743 horizon=200 lifetime=[442,1113] skipped=False
2026-08-30 15:38:20,011 | INFO | step=7800/20000 loss=-0.7011051 nll=-0.7031178 kl=0.002012759 consistency=0 lambda=0 beta=1 grad=74.01167 horizon=200 lifetime=[476,1156] skipped=False
2026-08-30 15:38:20,410 | INFO | step=7810/20000 loss=-0.01248527 nll=-0.02297965 kl=0.01049438 consistency=0 lambda=0 beta=1 grad=106.0755 horizon=120 lifetime=[442,921] skipped=False
2026-08-30 15:38:20,778 | INFO | step=7820/20000 loss=-0.9615817 nll=-0.9647857 kl=0.003203958 consistency=0 lambda=0 beta=1 grad=33.48405 horizon=220 lifetime=[498,1113] skipped=False
2026-08-30 15:38:21,218 | INFO | step=7830/20000 loss=0.2744601 nll=0.2720209 kl=0.002439201 consistency=0 lambda=0 beta=1 grad=26.29361 horizon=160 lifetime=[671,1071] skipped=False
2026-08-30 15:38:21,611 | INFO | step=7840/20000 loss=-0.8544016 nll=-0.8558713 kl=0.001469702 consistency=0 lambda=0 beta=1 grad=162.1046 horizon=200 lifetime=[442,1091] skipped=False
2026-08-30 15:38:22,002 | INFO | step=7850/20000 loss=0.2042052 nll=0.202559 kl=0.001646191 consistency=0 lambda=0 beta=1 grad=98.81772 horizon=180 lifetime=[497,1799] skipped=False
2026-08-30 15:38:22,408 | INFO | step=7860/20000 loss=-0.2095007 nll=-0.2117504 kl=0.002249688 consistency=0 lambda=0 beta=1 grad=92.02874 horizon=300 lifetime=[533,1038] skipped=False
2026-08-30 15:38:22,823 | INFO | step=7870/20000 loss=-0.07228905 nll=-0.0769856 kl=0.004696548 consistency=0 lambda=0 beta=1 grad=75.75957 horizon=120 lifetime=[442,1154] skipped=False
2026-08-30 15:38:23,167 | INFO | step=7880/20000 loss=-0.02165239 nll=-0.02410634 kl=0.002453953 consistency=0 lambda=0 beta=1 grad=85.14002 horizon=160 lifetime=[476,1091] skipped=False
2026-08-30 15:38:23,521 | INFO | step=7890/20000 loss=-1.192239 nll=-1.195312 kl=0.003072381 consistency=0 lambda=0 beta=1 grad=94.55367 horizon=220 lifetime=[299,1799] skipped=False
2026-08-30 15:38:23,973 | INFO | step=7900/20000 loss=-0.5969963 nll=-0.5982864 kl=0.001290113 consistency=0 lambda=0 beta=1 grad=114.141 horizon=260 lifetime=[464,1038] skipped=False
2026-08-30 15:38:24,396 | INFO | step=7910/20000 loss=-0.8694367 nll=-0.8712786 kl=0.001841933 consistency=0 lambda=0 beta=1 grad=40.37619 horizon=200 lifetime=[428,1071] skipped=False
2026-08-30 15:38:24,798 | INFO | step=7920/20000 loss=-1.058579 nll=-1.059354 kl=0.0007749498 consistency=0 lambda=0 beta=1 grad=42.78047 horizon=220 lifetime=[464,872] skipped=False
2026-08-30 15:38:25,274 | INFO | step=7930/20000 loss=-0.3722798 nll=-0.3742909 kl=0.00201112 consistency=0 lambda=0 beta=1 grad=64.04379 horizon=300 lifetime=[665,1154] skipped=False
2026-08-30 15:38:25,672 | INFO | step=7940/20000 loss=-1.169808 nll=-1.171429 kl=0.001621366 consistency=0 lambda=0 beta=1 grad=45.30252 horizon=260 lifetime=[299,1834] skipped=False
2026-08-30 15:38:26,056 | INFO | step=7950/20000 loss=-0.3118145 nll=-0.3129031 kl=0.001088589 consistency=0 lambda=0 beta=1 grad=48.11562 horizon=160 lifetime=[665,1156] skipped=False
2026-08-30 15:38:26,463 | INFO | step=7960/20000 loss=-0.6023308 nll=-0.6039981 kl=0.001667291 consistency=0 lambda=0 beta=1 grad=70.74901 horizon=160 lifetime=[476,1025] skipped=False
2026-08-30 15:38:26,859 | INFO | step=7970/20000 loss=0.5656223 nll=0.5632211 kl=0.002401173 consistency=0 lambda=0 beta=1 grad=196.7321 horizon=180 lifetime=[519,2154] skipped=False
2026-08-30 15:38:27,223 | INFO | step=7980/20000 loss=0.2098491 nll=0.2069487 kl=0.002900451 consistency=0 lambda=0 beta=1 grad=72.26029 horizon=100 lifetime=[458,2154] skipped=False
2026-08-30 15:38:27,631 | INFO | step=7990/20000 loss=0.2104668 nll=0.2094881 kl=0.0009787083 consistency=0 lambda=0 beta=1 grad=463.0425 horizon=280 lifetime=[453,1932] skipped=False
2026-08-30 15:38:28,347 | INFO | validation step=8000 rmse=197.0243 best=170.17@7000 stale=2/10
2026-08-30 15:38:28,347 | INFO | step=8000/20000 loss=-0.6282083 nll=-0.6300914 kl=0.00188309 consistency=0 lambda=0 beta=1 grad=235.7409 horizon=160 lifetime=[455,1834] skipped=False
2026-08-30 15:38:28,811 | INFO | step=8010/20000 loss=-0.5319747 nll=-0.5336369 kl=0.001662195 consistency=0 lambda=0 beta=1 grad=160.9295 horizon=160 lifetime=[460,1081] skipped=False
2026-08-30 15:38:29,257 | INFO | step=8020/20000 loss=-0.4551858 nll=-0.4561195 kl=0.0009337068 consistency=0 lambda=0 beta=1 grad=54.78403 horizon=220 lifetime=[486,1705] skipped=False
2026-08-30 15:38:29,635 | INFO | step=8030/20000 loss=-0.1641699 nll=-0.1648651 kl=0.0006952286 consistency=0 lambda=0 beta=1 grad=53.33453 horizon=160 lifetime=[442,1313] skipped=False
2026-08-30 15:38:30,043 | INFO | step=8040/20000 loss=-0.294113 nll=-0.2952992 kl=0.001186192 consistency=0 lambda=0 beta=1 grad=91.03682 horizon=260 lifetime=[460,1143] skipped=False
2026-08-30 15:38:30,428 | INFO | step=8050/20000 loss=-0.1163357 nll=-0.1187965 kl=0.002460808 consistency=0 lambda=0 beta=1 grad=141.6598 horizon=180 lifetime=[701,1834] skipped=False
2026-08-30 15:38:30,828 | INFO | step=8060/20000 loss=-0.5514367 nll=-0.5566658 kl=0.005229086 consistency=0 lambda=0 beta=1 grad=313.6633 horizon=200 lifetime=[453,1055] skipped=False
2026-08-30 15:38:31,234 | INFO | step=8070/20000 loss=-0.2632308 nll=-0.2662562 kl=0.003025472 consistency=0 lambda=0 beta=1 grad=33.12722 horizon=160 lifetime=[700,1154] skipped=False
2026-08-30 15:38:31,689 | INFO | step=8080/20000 loss=0.1832027 nll=0.1799777 kl=0.003224969 consistency=0 lambda=0 beta=1 grad=101.4225 horizon=120 lifetime=[497,1152] skipped=False
2026-08-30 15:38:32,071 | INFO | step=8090/20000 loss=-1.338108 nll=-1.342829 kl=0.00472194 consistency=0 lambda=0 beta=1 grad=374.2756 horizon=260 lifetime=[443,1081] skipped=False
2026-08-30 15:38:32,472 | INFO | step=8100/20000 loss=-0.400506 nll=-0.4039128 kl=0.003406733 consistency=0 lambda=0 beta=1 grad=164.1639 horizon=280 lifetime=[470,1081] skipped=False
2026-08-30 15:38:32,886 | INFO | step=8110/20000 loss=-0.2542956 nll=-0.2562376 kl=0.001941949 consistency=0 lambda=0 beta=1 grad=177.0025 horizon=120 lifetime=[453,1282] skipped=False
2026-08-30 15:38:33,314 | INFO | step=8120/20000 loss=-0.3763584 nll=-0.3824317 kl=0.006073356 consistency=0 lambda=0 beta=1 grad=40.43326 horizon=160 lifetime=[461,1152] skipped=False
2026-08-30 15:38:33,724 | INFO | step=8130/20000 loss=-0.9235001 nll=-0.9238622 kl=0.000362128 consistency=0 lambda=0 beta=1 grad=117.0911 horizon=280 lifetime=[484,1113] skipped=False
2026-08-30 15:38:34,127 | INFO | step=8140/20000 loss=-0.5024801 nll=-0.5068478 kl=0.004367679 consistency=0 lambda=0 beta=1 grad=171.058 horizon=220 lifetime=[299,1143] skipped=False
2026-08-30 15:38:34,540 | INFO | step=8150/20000 loss=-0.9522287 nll=-0.9547307 kl=0.002502054 consistency=0 lambda=0 beta=1 grad=242.1257 horizon=300 lifetime=[453,1932] skipped=False
2026-08-30 15:38:34,965 | INFO | step=8160/20000 loss=-0.2678392 nll=-0.2694214 kl=0.001582175 consistency=0 lambda=0 beta=1 grad=277.3896 horizon=300 lifetime=[453,1052] skipped=False
2026-08-30 15:38:35,391 | INFO | step=8170/20000 loss=-0.5301018 nll=-0.5316019 kl=0.00150013 consistency=0 lambda=0 beta=1 grad=65.98062 horizon=280 lifetime=[461,1932] skipped=False
2026-08-30 15:38:35,768 | INFO | step=8180/20000 loss=-0.8380846 nll=-0.8417901 kl=0.003705561 consistency=0 lambda=0 beta=1 grad=20.63213 horizon=260 lifetime=[299,2154] skipped=False
2026-08-30 15:38:36,183 | INFO | step=8190/20000 loss=-0.5590539 nll=-0.5608752 kl=0.00182125 consistency=0 lambda=0 beta=1 grad=38.99437 horizon=180 lifetime=[500,1113] skipped=False
2026-08-30 15:38:36,618 | INFO | step=8200/20000 loss=-0.8517852 nll=-0.8524742 kl=0.0006889999 consistency=0 lambda=0 beta=1 grad=226.8713 horizon=240 lifetime=[443,906] skipped=False
2026-08-30 15:38:37,067 | INFO | step=8210/20000 loss=-1.25239 nll=-1.2541 kl=0.001709789 consistency=0 lambda=0 beta=1 grad=82.9619 horizon=280 lifetime=[455,877] skipped=False
2026-08-30 15:38:37,491 | INFO | step=8220/20000 loss=-0.8626907 nll=-0.8638293 kl=0.001138568 consistency=0 lambda=0 beta=1 grad=250.551 horizon=260 lifetime=[464,1932] skipped=False
2026-08-30 15:38:37,888 | INFO | step=8230/20000 loss=-0.9420566 nll=-0.9435831 kl=0.001526535 consistency=0 lambda=0 beta=1 grad=89.24554 horizon=220 lifetime=[470,1071] skipped=False
2026-08-30 15:38:38,339 | INFO | step=8240/20000 loss=-0.5615626 nll=-0.5630437 kl=0.001481056 consistency=0 lambda=0 beta=1 grad=119.618 horizon=260 lifetime=[465,1061] skipped=False
2026-08-30 15:38:38,762 | INFO | step=8250/20000 loss=-0.4787806 nll=-0.4807062 kl=0.001925588 consistency=0 lambda=0 beta=1 grad=257.1677 horizon=140 lifetime=[455,1834] skipped=False
2026-08-30 15:38:39,165 | INFO | step=8260/20000 loss=-0.5232816 nll=-0.5248345 kl=0.00155291 consistency=0 lambda=0 beta=1 grad=164.5105 horizon=200 lifetime=[442,1143] skipped=False
2026-08-30 15:38:39,528 | INFO | step=8270/20000 loss=-0.280609 nll=-0.283217 kl=0.002607971 consistency=0 lambda=0 beta=1 grad=286.054 horizon=180 lifetime=[465,991] skipped=False
2026-08-30 15:38:39,930 | INFO | step=8280/20000 loss=-0.6276811 nll=-0.6302938 kl=0.00261274 consistency=0 lambda=0 beta=1 grad=73.86186 horizon=200 lifetime=[476,1154] skipped=False
2026-08-30 15:38:40,403 | INFO | step=8290/20000 loss=-0.1726047 nll=-0.1751309 kl=0.002526283 consistency=0 lambda=0 beta=1 grad=73.42664 horizon=140 lifetime=[455,1932] skipped=False
2026-08-30 15:38:40,835 | INFO | step=8300/20000 loss=-0.3040753 nll=-0.3068089 kl=0.002733648 consistency=0 lambda=0 beta=1 grad=73.74648 horizon=120 lifetime=[453,1091] skipped=False
2026-08-30 15:38:41,269 | INFO | step=8310/20000 loss=0.7687455 nll=0.765286 kl=0.003459573 consistency=0 lambda=0 beta=1 grad=26.64487 horizon=120 lifetime=[460,1834] skipped=False
2026-08-30 15:38:41,645 | INFO | step=8320/20000 loss=-1.08324 nll=-1.090493 kl=0.007253438 consistency=0 lambda=0 beta=1 grad=45.50816 horizon=120 lifetime=[443,875] skipped=False
2026-08-30 15:38:42,083 | INFO | step=8330/20000 loss=-0.6228855 nll=-0.6281323 kl=0.005246818 consistency=0 lambda=0 beta=1 grad=60.06835 horizon=200 lifetime=[533,1143] skipped=False
2026-08-30 15:38:42,531 | INFO | step=8340/20000 loss=-0.4952756 nll=-0.4961065 kl=0.0008309186 consistency=0 lambda=0 beta=1 grad=18.88376 horizon=160 lifetime=[299,1052] skipped=False
2026-08-30 15:38:42,913 | INFO | step=8350/20000 loss=-0.4491194 nll=-0.4522954 kl=0.003175914 consistency=0 lambda=0 beta=1 grad=428.4367 horizon=260 lifetime=[428,1154] skipped=False
2026-08-30 15:38:43,313 | INFO | step=8360/20000 loss=-0.751034 nll=-0.7524209 kl=0.001386911 consistency=0 lambda=0 beta=1 grad=343.39 horizon=180 lifetime=[460,891] skipped=False
2026-08-30 15:38:43,688 | INFO | step=8370/20000 loss=-0.6948388 nll=-0.7011334 kl=0.006294638 consistency=0 lambda=0 beta=1 grad=123.9177 horizon=160 lifetime=[299,1834] skipped=False
2026-08-30 15:38:44,097 | INFO | step=8380/20000 loss=-0.7955745 nll=-0.7966546 kl=0.001080155 consistency=0 lambda=0 beta=1 grad=74.15734 horizon=220 lifetime=[453,1038] skipped=False
2026-08-30 15:38:44,470 | INFO | step=8390/20000 loss=0.05585554 nll=0.0537416 kl=0.002113938 consistency=0 lambda=0 beta=1 grad=176.0856 horizon=160 lifetime=[464,1081] skipped=False
2026-08-30 15:38:44,832 | INFO | step=8400/20000 loss=-0.6549128 nll=-0.6572675 kl=0.002354711 consistency=0 lambda=0 beta=1 grad=174.7144 horizon=180 lifetime=[461,1799] skipped=False
2026-08-30 15:38:45,268 | INFO | step=8410/20000 loss=-0.5860791 nll=-0.5894109 kl=0.00333181 consistency=0 lambda=0 beta=1 grad=151.3993 horizon=140 lifetime=[453,1055] skipped=False
2026-08-30 15:38:45,651 | INFO | step=8420/20000 loss=-0.548632 nll=-0.5530719 kl=0.004439861 consistency=0 lambda=0 beta=1 grad=32.98571 horizon=180 lifetime=[464,1799] skipped=False
2026-08-30 15:38:46,058 | INFO | step=8430/20000 loss=-0.8906484 nll=-0.8920349 kl=0.001386553 consistency=0 lambda=0 beta=1 grad=98.11837 horizon=280 lifetime=[299,1113] skipped=False
2026-08-30 15:38:46,472 | INFO | step=8440/20000 loss=-0.6608253 nll=-0.6633517 kl=0.002526462 consistency=0 lambda=0 beta=1 grad=290.9806 horizon=200 lifetime=[453,1834] skipped=False
2026-08-30 15:38:46,870 | INFO | step=8450/20000 loss=-0.1679056 nll=-0.1725403 kl=0.004634768 consistency=0 lambda=0 beta=1 grad=31.42834 horizon=100 lifetime=[458,1799] skipped=False
2026-08-30 15:38:47,297 | INFO | step=8460/20000 loss=-1.633117 nll=-1.635731 kl=0.002613872 consistency=0 lambda=0 beta=1 grad=80.34431 horizon=260 lifetime=[458,841] skipped=False
2026-08-30 15:38:47,685 | INFO | step=8470/20000 loss=-1.245884 nll=-1.24812 kl=0.002236277 consistency=0 lambda=0 beta=1 grad=62.54346 horizon=260 lifetime=[465,1061] skipped=False
2026-08-30 15:38:48,024 | INFO | step=8480/20000 loss=-0.7737021 nll=-0.7758678 kl=0.002165735 consistency=0 lambda=0 beta=1 grad=202.9359 horizon=160 lifetime=[428,1061] skipped=False
2026-08-30 15:38:48,407 | INFO | step=8490/20000 loss=-0.04635883 nll=-0.0480688 kl=0.001709968 consistency=0 lambda=0 beta=1 grad=43.35121 horizon=100 lifetime=[453,1313] skipped=False
2026-08-30 15:38:49,088 | INFO | validation step=8500 rmse=171.6322 best=170.17@7000 stale=3/10
2026-08-30 15:38:49,088 | INFO | step=8500/20000 loss=-0.1516276 nll=-0.1536648 kl=0.002037227 consistency=0 lambda=0 beta=1 grad=113.9306 horizon=120 lifetime=[456,1799] skipped=False
2026-08-30 15:38:49,584 | INFO | step=8510/20000 loss=-0.06808916 nll=-0.07370895 kl=0.005619794 consistency=0 lambda=0 beta=1 grad=69.16534 horizon=100 lifetime=[428,852] skipped=False
2026-08-30 15:38:49,986 | INFO | step=8520/20000 loss=-0.3158339 nll=-0.3195654 kl=0.00373143 consistency=0 lambda=0 beta=1 grad=235.0603 horizon=200 lifetime=[443,1834] skipped=False
2026-08-30 15:38:50,392 | INFO | step=8530/20000 loss=0.03549491 nll=0.03193025 kl=0.003564656 consistency=0 lambda=0 beta=1 grad=94.28933 horizon=260 lifetime=[456,1834] skipped=False
2026-08-30 15:38:50,767 | INFO | step=8540/20000 loss=0.4578643 nll=0.4555346 kl=0.002329677 consistency=0 lambda=0 beta=1 grad=30.04109 horizon=120 lifetime=[675,1071] skipped=False
2026-08-30 15:38:51,183 | INFO | step=8550/20000 loss=-0.5057678 nll=-0.5077492 kl=0.001981407 consistency=0 lambda=0 beta=1 grad=37.02936 horizon=140 lifetime=[460,1061] skipped=False
2026-08-30 15:38:51,595 | INFO | step=8560/20000 loss=-0.4064179 nll=-0.4078195 kl=0.001401573 consistency=0 lambda=0 beta=1 grad=59.61301 horizon=120 lifetime=[442,887] skipped=False
2026-08-30 15:38:52,020 | INFO | step=8570/20000 loss=-0.1631019 nll=-0.1648625 kl=0.001760572 consistency=0 lambda=0 beta=1 grad=91.89115 horizon=140 lifetime=[464,1156] skipped=False
2026-08-30 15:38:52,394 | INFO | step=8580/20000 loss=-0.5825182 nll=-0.5850785 kl=0.002560377 consistency=0 lambda=0 beta=1 grad=72.39362 horizon=120 lifetime=[456,1313] skipped=False
2026-08-30 15:38:52,804 | INFO | step=8590/20000 loss=0.2115957 nll=0.2063491 kl=0.005246609 consistency=0 lambda=0 beta=1 grad=119.4246 horizon=140 lifetime=[701,1282] skipped=False
2026-08-30 15:38:53,207 | INFO | step=8600/20000 loss=-1.10202 nll=-1.103304 kl=0.001284122 consistency=0 lambda=0 beta=1 grad=75.1423 horizon=200 lifetime=[476,1834] skipped=False
2026-08-30 15:38:53,611 | INFO | step=8610/20000 loss=0.05376866 nll=0.05163068 kl=0.002137989 consistency=0 lambda=0 beta=1 grad=485.8065 horizon=260 lifetime=[442,1834] skipped=False
2026-08-30 15:38:54,032 | INFO | step=8620/20000 loss=1.306765 nll=1.305532 kl=0.001233339 consistency=0 lambda=0 beta=1 grad=509.8717 horizon=180 lifetime=[442,1313] skipped=False
2026-08-30 15:38:54,440 | INFO | step=8630/20000 loss=-0.8100946 nll=-0.8127068 kl=0.002612233 consistency=0 lambda=0 beta=1 grad=16.61795 horizon=280 lifetime=[476,1055] skipped=False
2026-08-30 15:38:54,846 | INFO | step=8640/20000 loss=-0.9924759 nll=-0.9961936 kl=0.00371778 consistency=0 lambda=0 beta=1 grad=75.56941 horizon=300 lifetime=[465,1154] skipped=False
2026-08-30 15:38:55,206 | INFO | step=8650/20000 loss=-0.3190174 nll=-0.3224139 kl=0.003396451 consistency=0 lambda=0 beta=1 grad=47.10312 horizon=180 lifetime=[508,1834] skipped=False
2026-08-30 15:38:55,587 | INFO | step=8660/20000 loss=0.3917384 nll=0.3883984 kl=0.003339946 consistency=0 lambda=0 beta=1 grad=inf horizon=300 lifetime=[458,1152] skipped=True
2026-08-30 15:38:55,991 | INFO | step=8670/20000 loss=0.3627121 nll=0.356682 kl=0.006030053 consistency=0 lambda=0 beta=1 grad=98.75307 horizon=120 lifetime=[704,1091] skipped=False
2026-08-30 15:38:56,439 | INFO | step=8680/20000 loss=0.5070031 nll=0.5050353 kl=0.001967818 consistency=0 lambda=0 beta=1 grad=191.9328 horizon=200 lifetime=[539,1705] skipped=False
2026-08-30 15:38:56,813 | INFO | step=8690/20000 loss=0.9863713 nll=0.984061 kl=0.002310246 consistency=0 lambda=0 beta=1 grad=504.1133 horizon=180 lifetime=[480,1834] skipped=False
2026-08-30 15:38:57,229 | INFO | step=8700/20000 loss=-0.006259665 nll=-0.01134996 kl=0.005090296 consistency=0 lambda=0 beta=1 grad=76.1967 horizon=100 lifetime=[480,1799] skipped=False
2026-08-30 15:38:57,630 | INFO | step=8710/20000 loss=-0.6924703 nll=-0.6956952 kl=0.00322488 consistency=0 lambda=0 beta=1 grad=124.2861 horizon=260 lifetime=[519,1152] skipped=False
2026-08-30 15:38:58,046 | INFO | step=8720/20000 loss=-0.4892133 nll=-0.4915154 kl=0.00230211 consistency=0 lambda=0 beta=1 grad=135.9611 horizon=300 lifetime=[453,1834] skipped=False
2026-08-30 15:38:58,436 | INFO | step=8730/20000 loss=-0.9216331 nll=-0.9242368 kl=0.00260371 consistency=0 lambda=0 beta=1 grad=260.8073 horizon=260 lifetime=[464,1038] skipped=False
2026-08-30 15:38:58,824 | INFO | step=8740/20000 loss=0.4528411 nll=0.4483779 kl=0.004463196 consistency=0 lambda=0 beta=1 grad=88.2244 horizon=120 lifetime=[754,1705] skipped=False
2026-08-30 15:38:59,180 | INFO | step=8750/20000 loss=-0.3100973 nll=-0.3142348 kl=0.004137456 consistency=0 lambda=0 beta=1 grad=93.68504 horizon=120 lifetime=[464,1000] skipped=False
2026-08-30 15:38:59,594 | INFO | step=8760/20000 loss=0.4947732 nll=0.4937406 kl=0.001032561 consistency=0 lambda=0 beta=1 grad=476.2066 horizon=200 lifetime=[460,1705] skipped=False
2026-08-30 15:39:00,030 | INFO | step=8770/20000 loss=0.7753317 nll=0.7721969 kl=0.003134817 consistency=0 lambda=0 beta=1 grad=181.4434 horizon=280 lifetime=[675,2154] skipped=False
2026-08-30 15:39:00,439 | INFO | step=8780/20000 loss=-0.2773266 nll=-0.2785182 kl=0.001191586 consistency=0 lambda=0 beta=1 grad=270.8526 horizon=220 lifetime=[428,2154] skipped=False
2026-08-30 15:39:00,838 | INFO | step=8790/20000 loss=1.575174 nll=1.572718 kl=0.002455533 consistency=0 lambda=0 beta=1 grad=716.7656 horizon=220 lifetime=[428,1152] skipped=False
2026-08-30 15:39:01,208 | INFO | step=8800/20000 loss=-1.145288 nll=-1.14868 kl=0.003391653 consistency=0 lambda=0 beta=1 grad=152.4357 horizon=220 lifetime=[299,754] skipped=False
2026-08-30 15:39:01,636 | INFO | step=8810/20000 loss=0.3151213 nll=0.3134275 kl=0.001693755 consistency=0 lambda=0 beta=1 grad=55.93695 horizon=260 lifetime=[615,2154] skipped=False
2026-08-30 15:39:02,069 | INFO | step=8820/20000 loss=-0.4569335 nll=-0.4588833 kl=0.001949787 consistency=0 lambda=0 beta=1 grad=204.0116 horizon=160 lifetime=[456,1000] skipped=False
2026-08-30 15:39:02,472 | INFO | step=8830/20000 loss=-0.8644975 nll=-0.8669012 kl=0.002403617 consistency=0 lambda=0 beta=1 grad=55.61226 horizon=140 lifetime=[442,1061] skipped=False
2026-08-30 15:39:02,864 | INFO | step=8840/20000 loss=-1.001018 nll=-1.002677 kl=0.001659334 consistency=0 lambda=0 beta=1 grad=28.51463 horizon=240 lifetime=[486,1154] skipped=False
2026-08-30 15:39:03,229 | INFO | step=8850/20000 loss=0.264731 nll=0.2618425 kl=0.002888471 consistency=0 lambda=0 beta=1 grad=137.3886 horizon=160 lifetime=[458,1081] skipped=False
2026-08-30 15:39:03,622 | INFO | step=8860/20000 loss=-0.4129604 nll=-0.4157481 kl=0.002787679 consistency=0 lambda=0 beta=1 grad=63.00714 horizon=240 lifetime=[484,1282] skipped=False
2026-08-30 15:39:04,001 | INFO | step=8870/20000 loss=-0.5677533 nll=-0.5696903 kl=0.001937032 consistency=0 lambda=0 beta=1 grad=84.45685 horizon=260 lifetime=[442,1081] skipped=False
2026-08-30 15:39:04,392 | INFO | step=8880/20000 loss=-0.0720448 nll=-0.07488059 kl=0.00283578 consistency=0 lambda=0 beta=1 grad=107.3605 horizon=180 lifetime=[480,1313] skipped=False
2026-08-30 15:39:04,778 | INFO | step=8890/20000 loss=-0.5560353 nll=-0.5581928 kl=0.00215745 consistency=0 lambda=0 beta=1 grad=124.804 horizon=200 lifetime=[465,863] skipped=False
2026-08-30 15:39:05,162 | INFO | step=8900/20000 loss=0.03686216 nll=0.03312331 kl=0.00373885 consistency=0 lambda=0 beta=1 grad=43.76993 horizon=140 lifetime=[486,1156] skipped=False
2026-08-30 15:39:05,593 | INFO | step=8910/20000 loss=0.03638008 nll=0.0325444 kl=0.003835678 consistency=0 lambda=0 beta=1 grad=114.4241 horizon=200 lifetime=[494,1799] skipped=False
2026-08-30 15:39:06,016 | INFO | step=8920/20000 loss=-0.8274201 nll=-0.8295511 kl=0.002130955 consistency=0 lambda=0 beta=1 grad=178.6514 horizon=280 lifetime=[443,1154] skipped=False
2026-08-30 15:39:06,423 | INFO | step=8930/20000 loss=-0.5516778 nll=-0.5532423 kl=0.001564533 consistency=0 lambda=0 beta=1 grad=199.4278 horizon=260 lifetime=[428,1156] skipped=False
2026-08-30 15:39:06,847 | INFO | step=8940/20000 loss=-0.1560672 nll=-0.1592164 kl=0.003149211 consistency=0 lambda=0 beta=1 grad=60.00958 horizon=280 lifetime=[460,2154] skipped=False
2026-08-30 15:39:07,207 | INFO | step=8950/20000 loss=1.925059 nll=1.922564 kl=0.002494931 consistency=0 lambda=0 beta=1 grad=737.6592 horizon=140 lifetime=[461,1156] skipped=False
2026-08-30 15:39:07,568 | INFO | step=8960/20000 loss=-0.03018674 nll=-0.0380978 kl=0.007911056 consistency=0 lambda=0 beta=1 grad=49.11018 horizon=120 lifetime=[497,1705] skipped=False
2026-08-30 15:39:07,987 | INFO | step=8970/20000 loss=-0.2981548 nll=-0.3013023 kl=0.003147513 consistency=0 lambda=0 beta=1 grad=57.5345 horizon=100 lifetime=[458,1091] skipped=False
2026-08-30 15:39:08,422 | INFO | step=8980/20000 loss=-0.7483622 nll=-0.7510419 kl=0.002679765 consistency=0 lambda=0 beta=1 grad=81.8932 horizon=240 lifetime=[455,1313] skipped=False
2026-08-30 15:39:08,817 | INFO | step=8990/20000 loss=-0.4709761 nll=-0.4728751 kl=0.001899034 consistency=0 lambda=0 beta=1 grad=133.7253 horizon=300 lifetime=[455,1000] skipped=False
2026-08-30 15:39:09,508 | INFO | validation step=9000 rmse=180.6968 best=170.17@7000 stale=4/10
2026-08-30 15:39:09,508 | INFO | step=9000/20000 loss=-0.5978326 nll=-0.5993304 kl=0.001497865 consistency=0 lambda=0 beta=1 grad=44.04834 horizon=140 lifetime=[476,1071] skipped=False
2026-08-30 15:39:09,973 | INFO | step=9010/20000 loss=-0.7067517 nll=-0.708232 kl=0.001480371 consistency=0 lambda=0 beta=1 grad=113.9677 horizon=220 lifetime=[460,1834] skipped=False
2026-08-30 15:39:10,347 | INFO | step=9020/20000 loss=-0.5756981 nll=-0.577773 kl=0.002074867 consistency=0 lambda=0 beta=1 grad=58.24233 horizon=300 lifetime=[508,1932] skipped=False
2026-08-30 15:39:10,803 | INFO | step=9030/20000 loss=-0.3470843 nll=-0.3481561 kl=0.001071811 consistency=0 lambda=0 beta=1 grad=145.5235 horizon=300 lifetime=[456,1156] skipped=False
2026-08-30 15:39:11,256 | INFO | step=9040/20000 loss=-1.055441 nll=-1.058129 kl=0.00268805 consistency=0 lambda=0 beta=1 grad=70.52511 horizon=260 lifetime=[456,1091] skipped=False
2026-08-30 15:39:11,636 | INFO | step=9050/20000 loss=-0.233351 nll=-0.2342609 kl=0.0009099245 consistency=0 lambda=0 beta=1 grad=68.43603 horizon=300 lifetime=[518,1152] skipped=False
2026-08-30 15:39:12,054 | INFO | step=9060/20000 loss=-0.2021697 nll=-0.2036237 kl=0.001454026 consistency=0 lambda=0 beta=1 grad=304.6408 horizon=140 lifetime=[460,2154] skipped=False
2026-08-30 15:39:12,474 | INFO | step=9070/20000 loss=-0.1207837 nll=-0.1224018 kl=0.001618057 consistency=0 lambda=0 beta=1 grad=95.36437 horizon=300 lifetime=[742,2154] skipped=False
2026-08-30 15:39:12,896 | INFO | step=9080/20000 loss=-0.9546435 nll=-0.9568912 kl=0.002247751 consistency=0 lambda=0 beta=1 grad=138.3253 horizon=300 lifetime=[470,1143] skipped=False
2026-08-30 15:39:13,281 | INFO | step=9090/20000 loss=-0.1050244 nll=-0.1084846 kl=0.003460258 consistency=0 lambda=0 beta=1 grad=61.17009 horizon=240 lifetime=[560,1055] skipped=False
2026-08-30 15:39:13,690 | INFO | step=9100/20000 loss=-0.2337463 nll=-0.2357531 kl=0.002006859 consistency=0 lambda=0 beta=1 grad=60.89574 horizon=300 lifetime=[539,1154] skipped=False
2026-08-30 15:39:14,101 | INFO | step=9110/20000 loss=-1.062081 nll=-1.06357 kl=0.001489699 consistency=0 lambda=0 beta=1 grad=93.94972 horizon=300 lifetime=[461,1081] skipped=False
2026-08-30 15:39:14,488 | INFO | step=9120/20000 loss=-0.3834715 nll=-0.3850179 kl=0.001546383 consistency=0 lambda=0 beta=1 grad=45.98751 horizon=180 lifetime=[458,1799] skipped=False
2026-08-30 15:39:14,923 | INFO | step=9130/20000 loss=-1.047738 nll=-1.048909 kl=0.001170576 consistency=0 lambda=0 beta=1 grad=98.81279 horizon=300 lifetime=[465,1313] skipped=False
2026-08-30 15:39:15,302 | INFO | step=9140/20000 loss=-0.5486533 nll=-0.5508741 kl=0.002220809 consistency=0 lambda=0 beta=1 grad=126.3978 horizon=180 lifetime=[484,2154] skipped=False
2026-08-30 15:39:15,703 | INFO | step=9150/20000 loss=-1.121007 nll=-1.122531 kl=0.001523405 consistency=0 lambda=0 beta=1 grad=157.8877 horizon=180 lifetime=[464,877] skipped=False
2026-08-30 15:39:16,108 | INFO | step=9160/20000 loss=-0.5855683 nll=-0.5879531 kl=0.002384752 consistency=0 lambda=0 beta=1 grad=112.6911 horizon=200 lifetime=[460,1154] skipped=False
2026-08-30 15:39:16,552 | INFO | step=9170/20000 loss=-0.3526693 nll=-0.3546142 kl=0.001944929 consistency=0 lambda=0 beta=1 grad=72.4149 horizon=160 lifetime=[460,1071] skipped=False
2026-08-30 15:39:16,975 | INFO | step=9180/20000 loss=-0.5087252 nll=-0.5117335 kl=0.003008395 consistency=0 lambda=0 beta=1 grad=118.9452 horizon=300 lifetime=[533,1282] skipped=False
2026-08-30 15:39:17,387 | INFO | step=9190/20000 loss=-1.77499 nll=-1.77781 kl=0.002819806 consistency=0 lambda=0 beta=1 grad=26.36977 horizon=280 lifetime=[428,815] skipped=False
2026-08-30 15:39:17,770 | INFO | step=9200/20000 loss=0.6369528 nll=0.6347158 kl=0.002236992 consistency=0 lambda=0 beta=1 grad=200.8013 horizon=160 lifetime=[456,1282] skipped=False
2026-08-30 15:39:18,221 | INFO | step=9210/20000 loss=-0.8074101 nll=-0.8088453 kl=0.00143519 consistency=0 lambda=0 beta=1 grad=71.86545 horizon=220 lifetime=[512,1834] skipped=False
2026-08-30 15:39:18,632 | INFO | step=9220/20000 loss=-0.006430261 nll=-0.0117942 kl=0.005363941 consistency=0 lambda=0 beta=1 grad=59.53465 horizon=100 lifetime=[299,1156] skipped=False
2026-08-30 15:39:19,040 | INFO | step=9230/20000 loss=-0.2571662 nll=-0.2604822 kl=0.003316015 consistency=0 lambda=0 beta=1 grad=104.3035 horizon=120 lifetime=[455,1932] skipped=False
2026-08-30 15:39:19,436 | INFO | step=9240/20000 loss=-0.8681931 nll=-0.8718914 kl=0.00369823 consistency=0 lambda=0 beta=1 grad=161.63 horizon=300 lifetime=[428,1282] skipped=False
2026-08-30 15:39:19,878 | INFO | step=9250/20000 loss=-0.9959607 nll=-0.9969757 kl=0.001014948 consistency=0 lambda=0 beta=1 grad=64.91103 horizon=180 lifetime=[476,1282] skipped=False
2026-08-30 15:39:20,336 | INFO | step=9260/20000 loss=-1.441098 nll=-1.442694 kl=0.001595885 consistency=0 lambda=0 beta=1 grad=48.94049 horizon=260 lifetime=[428,1156] skipped=False
2026-08-30 15:39:20,735 | INFO | step=9270/20000 loss=-0.7639277 nll=-0.7663761 kl=0.002448469 consistency=0 lambda=0 beta=1 grad=313.2038 horizon=180 lifetime=[299,1052] skipped=False
2026-08-30 15:39:21,120 | INFO | step=9280/20000 loss=-0.7759138 nll=-0.7780362 kl=0.002122462 consistency=0 lambda=0 beta=1 grad=47.5263 horizon=220 lifetime=[656,1834] skipped=False
2026-08-30 15:39:21,509 | INFO | step=9290/20000 loss=-0.04367141 nll=-0.04597293 kl=0.002301514 consistency=0 lambda=0 beta=1 grad=395.4725 horizon=180 lifetime=[443,1154] skipped=False
2026-08-30 15:39:21,867 | INFO | step=9300/20000 loss=0.610886 nll=0.6085663 kl=0.002319694 consistency=0 lambda=0 beta=1 grad=441.6158 horizon=120 lifetime=[299,771] skipped=False
2026-08-30 15:39:22,265 | INFO | step=9310/20000 loss=-0.2569268 nll=-0.2603529 kl=0.003426105 consistency=0 lambda=0 beta=1 grad=70.49051 horizon=120 lifetime=[458,1282] skipped=False
2026-08-30 15:39:22,660 | INFO | step=9320/20000 loss=-0.8762347 nll=-0.8771149 kl=0.0008801818 consistency=0 lambda=0 beta=1 grad=65.06099 horizon=300 lifetime=[456,991] skipped=False
2026-08-30 15:39:23,056 | INFO | step=9330/20000 loss=-0.9422411 nll=-0.9442078 kl=0.001966715 consistency=0 lambda=0 beta=1 grad=91.99541 horizon=220 lifetime=[458,1154] skipped=False
2026-08-30 15:39:23,415 | INFO | step=9340/20000 loss=-0.6120553 nll=-0.6166266 kl=0.004571259 consistency=0 lambda=0 beta=1 grad=103.8382 horizon=280 lifetime=[455,1081] skipped=False
2026-08-30 15:39:23,823 | INFO | step=9350/20000 loss=-0.6941836 nll=-0.6978375 kl=0.003653884 consistency=0 lambda=0 beta=1 grad=76.62076 horizon=280 lifetime=[443,1143] skipped=False
2026-08-30 15:39:24,201 | INFO | step=9360/20000 loss=-1.417829 nll=-1.419123 kl=0.001293868 consistency=0 lambda=0 beta=1 grad=166.3702 horizon=260 lifetime=[461,858] skipped=False
2026-08-30 15:39:24,643 | INFO | step=9370/20000 loss=-0.441734 nll=-0.4427498 kl=0.001015812 consistency=0 lambda=0 beta=1 grad=104.767 horizon=300 lifetime=[476,1705] skipped=False
2026-08-30 15:39:25,039 | INFO | step=9380/20000 loss=0.1699491 nll=0.1652133 kl=0.004735798 consistency=0 lambda=0 beta=1 grad=145.3804 horizon=100 lifetime=[467,1705] skipped=False
2026-08-30 15:39:25,403 | INFO | step=9390/20000 loss=-0.598983 nll=-0.6026227 kl=0.003639638 consistency=0 lambda=0 beta=1 grad=33.17493 horizon=140 lifetime=[494,1156] skipped=False
2026-08-30 15:39:25,776 | INFO | step=9400/20000 loss=-0.07713917 nll=-0.08203158 kl=0.004892409 consistency=0 lambda=0 beta=1 grad=123.3779 horizon=100 lifetime=[456,1705] skipped=False
2026-08-30 15:39:26,195 | INFO | step=9410/20000 loss=-0.964777 nll=-0.9663886 kl=0.00161168 consistency=0 lambda=0 beta=1 grad=114.7908 horizon=260 lifetime=[456,1081] skipped=False
2026-08-30 15:39:26,595 | INFO | step=9420/20000 loss=-0.8124911 nll=-0.822662 kl=0.01017097 consistency=0 lambda=0 beta=1 grad=76.01746 horizon=300 lifetime=[500,1154] skipped=False
2026-08-30 15:39:26,996 | INFO | step=9430/20000 loss=-0.1070456 nll=-0.1108831 kl=0.003837526 consistency=0 lambda=0 beta=1 grad=51.81453 horizon=180 lifetime=[614,1799] skipped=False
2026-08-30 15:39:27,415 | INFO | step=9440/20000 loss=-0.6307001 nll=-0.6328164 kl=0.002116293 consistency=0 lambda=0 beta=1 grad=82.31421 horizon=240 lifetime=[443,2154] skipped=False
2026-08-30 15:39:27,825 | INFO | step=9450/20000 loss=-0.6236727 nll=-0.624676 kl=0.001003265 consistency=0 lambda=0 beta=1 grad=139.2758 horizon=240 lifetime=[491,1091] skipped=False
2026-08-30 15:39:28,237 | INFO | step=9460/20000 loss=-0.556821 nll=-0.5590055 kl=0.00218454 consistency=0 lambda=0 beta=1 grad=56.2748 horizon=140 lifetime=[493,1143] skipped=False
2026-08-30 15:39:28,597 | INFO | step=9470/20000 loss=-0.3428757 nll=-0.3473197 kl=0.004444003 consistency=0 lambda=0 beta=1 grad=140.4655 horizon=140 lifetime=[461,1932] skipped=False
2026-08-30 15:39:29,000 | INFO | step=9480/20000 loss=-0.9892772 nll=-0.9916224 kl=0.002345175 consistency=0 lambda=0 beta=1 grad=28.96964 horizon=300 lifetime=[465,1705] skipped=False
2026-08-30 15:39:29,496 | INFO | step=9490/20000 loss=-0.896286 nll=-0.8981285 kl=0.001842558 consistency=0 lambda=0 beta=1 grad=84.32825 horizon=280 lifetime=[428,1313] skipped=False
2026-08-30 15:39:30,198 | INFO | validation step=9500 rmse=176.2754 best=170.17@7000 stale=5/10
2026-08-30 15:39:30,198 | INFO | step=9500/20000 loss=-0.4045096 nll=-0.4064763 kl=0.001966625 consistency=0 lambda=0 beta=1 grad=54.46782 horizon=120 lifetime=[455,1152] skipped=False
2026-08-30 15:39:30,681 | INFO | step=9510/20000 loss=-0.7488506 nll=-0.7513175 kl=0.002466887 consistency=0 lambda=0 beta=1 grad=50.38567 horizon=280 lifetime=[456,2154] skipped=False
2026-08-30 15:39:31,104 | INFO | step=9520/20000 loss=0.1017335 nll=0.09814161 kl=0.003591865 consistency=0 lambda=0 beta=1 grad=58.39896 horizon=140 lifetime=[700,1799] skipped=False
2026-08-30 15:39:31,487 | INFO | step=9530/20000 loss=-1.664472 nll=-1.668524 kl=0.004052758 consistency=0 lambda=0 beta=1 grad=97.89542 horizon=280 lifetime=[455,1154] skipped=False
2026-08-30 15:39:31,898 | INFO | step=9540/20000 loss=-0.858673 nll=-0.8600062 kl=0.001333207 consistency=0 lambda=0 beta=1 grad=48.3256 horizon=200 lifetime=[299,1154] skipped=False
2026-08-30 15:39:32,291 | INFO | step=9550/20000 loss=0.04162976 nll=0.03944832 kl=0.002181441 consistency=0 lambda=0 beta=1 grad=77.78705 horizon=160 lifetime=[491,875] skipped=False
2026-08-30 15:39:32,696 | INFO | step=9560/20000 loss=-0.4559409 nll=-0.4582561 kl=0.002315134 consistency=0 lambda=0 beta=1 grad=222.4811 horizon=160 lifetime=[455,1705] skipped=False
2026-08-30 15:39:33,100 | INFO | step=9570/20000 loss=-0.5385005 nll=-0.5432805 kl=0.004779994 consistency=0 lambda=0 beta=1 grad=130.7328 horizon=260 lifetime=[453,1705] skipped=False
2026-08-30 15:39:33,518 | INFO | step=9580/20000 loss=-0.8089929 nll=-0.810478 kl=0.001485109 consistency=0 lambda=0 beta=1 grad=261.471 horizon=260 lifetime=[500,1154] skipped=False
2026-08-30 15:39:33,925 | INFO | step=9590/20000 loss=-0.3024895 nll=-0.3053389 kl=0.0028494 consistency=0 lambda=0 beta=1 grad=69.97213 horizon=100 lifetime=[470,1081] skipped=False
2026-08-30 15:39:34,321 | INFO | step=9600/20000 loss=-0.4348363 nll=-0.4375595 kl=0.002723217 consistency=0 lambda=0 beta=1 grad=197.3745 horizon=120 lifetime=[299,891] skipped=False
2026-08-30 15:39:34,712 | INFO | step=9610/20000 loss=-0.712072 nll=-0.7145337 kl=0.002461731 consistency=0 lambda=0 beta=1 grad=309.3483 horizon=260 lifetime=[299,1152] skipped=False
2026-08-30 15:39:35,103 | INFO | step=9620/20000 loss=-0.7801813 nll=-0.7814435 kl=0.001262218 consistency=0 lambda=0 beta=1 grad=137.6861 horizon=220 lifetime=[497,1932] skipped=False
2026-08-30 15:39:35,492 | INFO | step=9630/20000 loss=-0.5887832 nll=-0.591923 kl=0.003139794 consistency=0 lambda=0 beta=1 grad=56.68218 horizon=140 lifetime=[299,1154] skipped=False
2026-08-30 15:39:35,907 | INFO | step=9640/20000 loss=-1.334946 nll=-1.337776 kl=0.002829969 consistency=0 lambda=0 beta=1 grad=60.51131 horizon=120 lifetime=[455,1282] skipped=False
2026-08-30 15:39:36,294 | INFO | step=9650/20000 loss=-0.2624192 nll=-0.267723 kl=0.0053038 consistency=0 lambda=0 beta=1 grad=70.94569 horizon=120 lifetime=[147,1152] skipped=False
2026-08-30 15:39:36,675 | INFO | step=9660/20000 loss=-1.332787 nll=-1.335467 kl=0.002679527 consistency=0 lambda=0 beta=1 grad=82.24494 horizon=160 lifetime=[442,1061] skipped=False
2026-08-30 15:39:37,025 | INFO | step=9670/20000 loss=-0.164132 nll=-0.1672085 kl=0.003076583 consistency=0 lambda=0 beta=1 grad=62.65645 horizon=160 lifetime=[464,1932] skipped=False
2026-08-30 15:39:37,461 | INFO | step=9680/20000 loss=-1.33505 nll=-1.336297 kl=0.001246423 consistency=0 lambda=0 beta=1 grad=105.463 horizon=300 lifetime=[461,1025] skipped=False
2026-08-30 15:39:37,875 | INFO | step=9690/20000 loss=-0.9522092 nll=-0.9537675 kl=0.001558244 consistency=0 lambda=0 beta=1 grad=54.23125 horizon=300 lifetime=[470,1061] skipped=False
2026-08-30 15:39:38,247 | INFO | step=9700/20000 loss=-0.6150547 nll=-0.6164727 kl=0.001417994 consistency=0 lambda=0 beta=1 grad=75.22923 horizon=140 lifetime=[467,1081] skipped=False
2026-08-30 15:39:38,658 | INFO | step=9710/20000 loss=-0.6986614 nll=-0.7007799 kl=0.002118498 consistency=0 lambda=0 beta=1 grad=43.91667 horizon=200 lifetime=[486,1313] skipped=False
2026-08-30 15:39:39,028 | INFO | step=9720/20000 loss=-0.2568147 nll=-0.2626504 kl=0.005835742 consistency=0 lambda=0 beta=1 grad=198.7454 horizon=120 lifetime=[443,1282] skipped=False
2026-08-30 15:39:39,412 | INFO | step=9730/20000 loss=-0.1592701 nll=-0.1632131 kl=0.003942966 consistency=0 lambda=0 beta=1 grad=148.3912 horizon=140 lifetime=[428,1152] skipped=False
2026-08-30 15:39:39,828 | INFO | step=9740/20000 loss=-0.9172915 nll=-0.9200294 kl=0.00273788 consistency=0 lambda=0 beta=1 grad=53.51857 horizon=160 lifetime=[456,1705] skipped=False
2026-08-30 15:39:40,278 | INFO | step=9750/20000 loss=-0.4998648 nll=-0.5015513 kl=0.001686513 consistency=0 lambda=0 beta=1 grad=38.80329 horizon=240 lifetime=[649,1313] skipped=False
2026-08-30 15:39:40,641 | INFO | step=9760/20000 loss=0.2310774 nll=0.2287821 kl=0.002295256 consistency=0 lambda=0 beta=1 grad=311.825 horizon=100 lifetime=[428,1091] skipped=False
2026-08-30 15:39:41,002 | INFO | step=9770/20000 loss=-0.8866559 nll=-0.8882838 kl=0.001627922 consistency=0 lambda=0 beta=1 grad=181.7566 horizon=280 lifetime=[484,2154] skipped=False
2026-08-30 15:39:41,424 | INFO | step=9780/20000 loss=-1.424107 nll=-1.427104 kl=0.002997279 consistency=0 lambda=0 beta=1 grad=214.96 horizon=200 lifetime=[428,1113] skipped=False
2026-08-30 15:39:41,859 | INFO | step=9790/20000 loss=0.6199389 nll=0.6180281 kl=0.001910776 consistency=0 lambda=0 beta=1 grad=243.9483 horizon=300 lifetime=[493,1313] skipped=False
2026-08-30 15:39:42,225 | INFO | step=9800/20000 loss=0.1491995 nll=0.1465802 kl=0.002619267 consistency=0 lambda=0 beta=1 grad=152.4961 horizon=140 lifetime=[512,1152] skipped=False
2026-08-30 15:39:42,621 | INFO | step=9810/20000 loss=-1.334526 nll=-1.336029 kl=0.001502335 consistency=0 lambda=0 beta=1 grad=249.1612 horizon=300 lifetime=[461,942] skipped=False
2026-08-30 15:39:42,988 | INFO | step=9820/20000 loss=-0.6964452 nll=-0.7022617 kl=0.005816519 consistency=0 lambda=0 beta=1 grad=74.4653 horizon=300 lifetime=[484,1834] skipped=False
2026-08-30 15:39:43,395 | INFO | step=9830/20000 loss=-0.4052688 nll=-0.4078674 kl=0.002598643 consistency=0 lambda=0 beta=1 grad=169.7481 horizon=120 lifetime=[476,915] skipped=False
2026-08-30 15:39:43,804 | INFO | step=9840/20000 loss=-0.08269563 nll=-0.08737457 kl=0.004678935 consistency=0 lambda=0 beta=1 grad=80.26401 horizon=100 lifetime=[460,1313] skipped=False
2026-08-30 15:39:44,179 | INFO | step=9850/20000 loss=-0.5954183 nll=-0.5992682 kl=0.003849894 consistency=0 lambda=0 beta=1 grad=127.9976 horizon=140 lifetime=[299,891] skipped=False
2026-08-30 15:39:44,600 | INFO | step=9860/20000 loss=-0.7420937 nll=-0.7440745 kl=0.001980811 consistency=0 lambda=0 beta=1 grad=48.80978 horizon=140 lifetime=[455,1156] skipped=False
2026-08-30 15:39:45,019 | INFO | step=9870/20000 loss=0.2852223 nll=0.2831681 kl=0.002054125 consistency=0 lambda=0 beta=1 grad=120.1414 horizon=160 lifetime=[649,1834] skipped=False
2026-08-30 15:39:45,386 | INFO | step=9880/20000 loss=-0.4566359 nll=-0.4582439 kl=0.001607955 consistency=0 lambda=0 beta=1 grad=113.1181 horizon=280 lifetime=[505,1834] skipped=False
2026-08-30 15:39:45,801 | INFO | step=9890/20000 loss=-0.8622576 nll=-0.8659584 kl=0.003700793 consistency=0 lambda=0 beta=1 grad=84.39931 horizon=200 lifetime=[484,2154] skipped=False
2026-08-30 15:39:46,185 | INFO | step=9900/20000 loss=0.4733823 nll=0.471839 kl=0.001543343 consistency=0 lambda=0 beta=1 grad=157.5615 horizon=120 lifetime=[500,1152] skipped=False
2026-08-30 15:39:46,550 | INFO | step=9910/20000 loss=-0.6976391 nll=-0.7018596 kl=0.004220456 consistency=0 lambda=0 beta=1 grad=54.29108 horizon=280 lifetime=[476,1705] skipped=False
2026-08-30 15:39:46,917 | INFO | step=9920/20000 loss=-0.4265746 nll=-0.4310718 kl=0.0044972 consistency=0 lambda=0 beta=1 grad=32.37091 horizon=100 lifetime=[442,942] skipped=False
2026-08-30 15:39:47,328 | INFO | step=9930/20000 loss=-0.4675236 nll=-0.4693408 kl=0.001817167 consistency=0 lambda=0 beta=1 grad=63.67667 horizon=160 lifetime=[461,1705] skipped=False
2026-08-30 15:39:47,707 | INFO | step=9940/20000 loss=-0.3097768 nll=-0.3141193 kl=0.004342556 consistency=0 lambda=0 beta=1 grad=66.36302 horizon=100 lifetime=[460,2154] skipped=False
2026-08-30 15:39:48,094 | INFO | step=9950/20000 loss=0.07873183 nll=0.07786182 kl=0.0008700192 consistency=0 lambda=0 beta=1 grad=252.2884 horizon=180 lifetime=[460,915] skipped=False
2026-08-30 15:39:48,534 | INFO | step=9960/20000 loss=-0.1733647 nll=-0.1765898 kl=0.003225178 consistency=0 lambda=0 beta=1 grad=124.4697 horizon=300 lifetime=[456,1834] skipped=False
2026-08-30 15:39:48,936 | INFO | step=9970/20000 loss=-0.9540449 nll=-0.9585576 kl=0.004512697 consistency=0 lambda=0 beta=1 grad=67.4744 horizon=220 lifetime=[497,1799] skipped=False
2026-08-30 15:39:49,351 | INFO | step=9980/20000 loss=-0.2868879 nll=-0.2893144 kl=0.002426445 consistency=0 lambda=0 beta=1 grad=99.90591 horizon=160 lifetime=[299,1313] skipped=False
2026-08-30 15:39:49,751 | INFO | step=9990/20000 loss=-1.223326 nll=-1.225031 kl=0.001705378 consistency=0 lambda=0 beta=1 grad=218.6564 horizon=180 lifetime=[453,2154] skipped=False
2026-08-30 15:39:50,434 | INFO | validation step=10000 rmse=184.2457 best=170.17@7000 stale=6/10
2026-08-30 15:39:50,434 | INFO | step=10000/20000 loss=-0.7856499 nll=-0.7875721 kl=0.00192225 consistency=0 lambda=0 beta=1 grad=20.73725 horizon=120 lifetime=[299,1113] skipped=False
2026-08-30 15:39:50,940 | INFO | step=10010/20000 loss=-0.710615 nll=-0.7146383 kl=0.004023314 consistency=0 lambda=0 beta=1 grad=199.5422 horizon=160 lifetime=[443,1081] skipped=False
2026-08-30 15:39:51,306 | INFO | step=10020/20000 loss=-1.142423 nll=-1.14388 kl=0.001456589 consistency=0 lambda=0 beta=1 grad=74.66331 horizon=260 lifetime=[500,1081] skipped=False
2026-08-30 15:39:51,735 | INFO | step=10030/20000 loss=-0.8203274 nll=-0.8217726 kl=0.001445204 consistency=0 lambda=0 beta=1 grad=75.49828 horizon=280 lifetime=[484,1799] skipped=False
2026-08-30 15:39:52,163 | INFO | step=10040/20000 loss=-0.8392226 nll=-0.8419951 kl=0.002772599 consistency=0 lambda=0 beta=1 grad=85.13506 horizon=220 lifetime=[461,1282] skipped=False
2026-08-30 15:39:52,563 | INFO | step=10050/20000 loss=0.005625024 nll=0.003273681 kl=0.002351344 consistency=0 lambda=0 beta=1 grad=470.9587 horizon=240 lifetime=[465,938] skipped=False
2026-08-30 15:39:52,990 | INFO | step=10060/20000 loss=-1.585401 nll=-1.587519 kl=0.002117336 consistency=0 lambda=0 beta=1 grad=34.24901 horizon=260 lifetime=[428,868] skipped=False
2026-08-30 15:39:53,374 | INFO | step=10070/20000 loss=-0.8786579 nll=-0.8816022 kl=0.002944291 consistency=0 lambda=0 beta=1 grad=110.761 horizon=120 lifetime=[470,1282] skipped=False
2026-08-30 15:39:53,742 | INFO | step=10080/20000 loss=-1.043331 nll=-1.04581 kl=0.002479136 consistency=0 lambda=0 beta=1 grad=127.2127 horizon=200 lifetime=[494,1061] skipped=False
2026-08-30 15:39:54,108 | INFO | step=10090/20000 loss=-0.6529807 nll=-0.655867 kl=0.002886385 consistency=0 lambda=0 beta=1 grad=39.84059 horizon=200 lifetime=[458,1081] skipped=False
2026-08-30 15:39:54,486 | INFO | step=10100/20000 loss=-0.02852422 nll=-0.03090012 kl=0.002375901 consistency=0 lambda=0 beta=1 grad=44.64056 horizon=100 lifetime=[147,1152] skipped=False
2026-08-30 15:39:54,872 | INFO | step=10110/20000 loss=-1.341613 nll=-1.343483 kl=0.001870215 consistency=0 lambda=0 beta=1 grad=92.06392 horizon=220 lifetime=[299,872] skipped=False
2026-08-30 15:39:55,235 | INFO | step=10120/20000 loss=0.5298471 nll=0.5263464 kl=0.00350073 consistency=0 lambda=0 beta=1 grad=136.8905 horizon=120 lifetime=[486,1061] skipped=False
2026-08-30 15:39:55,610 | INFO | step=10130/20000 loss=-0.7560067 nll=-0.7611699 kl=0.005163103 consistency=0 lambda=0 beta=1 grad=110.0024 horizon=180 lifetime=[458,1152] skipped=False
2026-08-30 15:39:56,052 | INFO | step=10140/20000 loss=-0.2273221 nll=-0.2287382 kl=0.001416147 consistency=0 lambda=0 beta=1 grad=176.5072 horizon=200 lifetime=[460,1036] skipped=False
2026-08-30 15:39:56,450 | INFO | step=10150/20000 loss=0.1683377 nll=0.1671622 kl=0.001175523 consistency=0 lambda=0 beta=1 grad=192.8106 horizon=300 lifetime=[560,1313] skipped=False
2026-08-30 15:39:56,816 | INFO | step=10160/20000 loss=-0.09806436 nll=-0.09941294 kl=0.001348585 consistency=0 lambda=0 beta=1 grad=29.1955 horizon=100 lifetime=[500,1143] skipped=False
2026-08-30 15:39:57,179 | INFO | step=10170/20000 loss=-0.2957649 nll=-0.2977128 kl=0.001947939 consistency=0 lambda=0 beta=1 grad=388.8635 horizon=260 lifetime=[461,1071] skipped=False
2026-08-30 15:39:57,566 | INFO | step=10180/20000 loss=-0.5301349 nll=-0.5326273 kl=0.002492428 consistency=0 lambda=0 beta=1 grad=83.92409 horizon=240 lifetime=[428,1282] skipped=False
2026-08-30 15:39:57,949 | INFO | step=10190/20000 loss=-0.6971132 nll=-0.6986538 kl=0.001540601 consistency=0 lambda=0 beta=1 grad=47.69886 horizon=200 lifetime=[484,1834] skipped=False
2026-08-30 15:39:58,335 | INFO | step=10200/20000 loss=-1.143613 nll=-1.145821 kl=0.002208114 consistency=0 lambda=0 beta=1 grad=167.3955 horizon=200 lifetime=[428,1038] skipped=False
2026-08-30 15:39:58,762 | INFO | step=10210/20000 loss=-0.9278415 nll=-0.9296931 kl=0.001851588 consistency=0 lambda=0 beta=1 grad=38.32739 horizon=220 lifetime=[467,1156] skipped=False
2026-08-30 15:39:59,155 | INFO | step=10220/20000 loss=-1.048331 nll=-1.049722 kl=0.001390964 consistency=0 lambda=0 beta=1 grad=70.33976 horizon=180 lifetime=[453,1834] skipped=False
2026-08-30 15:39:59,565 | INFO | step=10230/20000 loss=-0.8802568 nll=-0.8837283 kl=0.003471464 consistency=0 lambda=0 beta=1 grad=115.3105 horizon=160 lifetime=[428,1081] skipped=False
2026-08-30 15:39:59,992 | INFO | step=10240/20000 loss=-0.7232919 nll=-0.7245986 kl=0.001306772 consistency=0 lambda=0 beta=1 grad=104.0314 horizon=280 lifetime=[505,991] skipped=False
2026-08-30 15:40:00,386 | INFO | step=10250/20000 loss=0.0687093 nll=0.06757022 kl=0.001139075 consistency=0 lambda=0 beta=1 grad=205.7796 horizon=140 lifetime=[461,1154] skipped=False
2026-08-30 15:40:00,804 | INFO | step=10260/20000 loss=-0.7839155 nll=-0.7849487 kl=0.001033247 consistency=0 lambda=0 beta=1 grad=99.68111 horizon=300 lifetime=[729,1081] skipped=False
2026-08-30 15:40:01,203 | INFO | step=10270/20000 loss=-0.8501099 nll=-0.8528688 kl=0.002758831 consistency=0 lambda=0 beta=1 grad=131.1428 horizon=240 lifetime=[299,1705] skipped=False
2026-08-30 15:40:01,568 | INFO | step=10280/20000 loss=-0.07165319 nll=-0.07359838 kl=0.001945198 consistency=0 lambda=0 beta=1 grad=61.18821 horizon=100 lifetime=[464,2154] skipped=False
2026-08-30 15:40:02,004 | INFO | step=10290/20000 loss=-1.064914 nll=-1.066995 kl=0.002080768 consistency=0 lambda=0 beta=1 grad=48.97534 horizon=260 lifetime=[533,1834] skipped=False
2026-08-30 15:40:02,591 | INFO | step=10300/20000 loss=-1.031068 nll=-1.03326 kl=0.002191871 consistency=0 lambda=0 beta=1 grad=65.40939 horizon=300 lifetime=[497,1932] skipped=False
2026-08-30 15:40:03,020 | INFO | step=10310/20000 loss=0.2557247 nll=0.2535235 kl=0.002201259 consistency=0 lambda=0 beta=1 grad=157.5411 horizon=180 lifetime=[614,2154] skipped=False
2026-08-30 15:40:03,418 | INFO | step=10320/20000 loss=1.49208 nll=1.489914 kl=0.002165705 consistency=0 lambda=0 beta=1 grad=558.1661 horizon=180 lifetime=[700,1932] skipped=False
2026-08-30 15:40:03,817 | INFO | step=10330/20000 loss=0.3395619 nll=0.3371834 kl=0.002378523 consistency=0 lambda=0 beta=1 grad=231.3391 horizon=160 lifetime=[461,1313] skipped=False
2026-08-30 15:40:04,242 | INFO | step=10340/20000 loss=0.538687 nll=0.5381366 kl=0.0005503893 consistency=0 lambda=0 beta=1 grad=467.1672 horizon=300 lifetime=[493,1154] skipped=False
2026-08-30 15:40:04,600 | INFO | step=10350/20000 loss=-0.4374936 nll=-0.4389456 kl=0.001451969 consistency=0 lambda=0 beta=1 grad=37.01164 horizon=120 lifetime=[456,1932] skipped=False
2026-08-30 15:40:04,998 | INFO | step=10360/20000 loss=-0.6844978 nll=-0.6857761 kl=0.001278251 consistency=0 lambda=0 beta=1 grad=226.5384 horizon=180 lifetime=[442,1055] skipped=False
2026-08-30 15:40:05,422 | INFO | step=10370/20000 loss=-1.289682 nll=-1.292803 kl=0.00312072 consistency=0 lambda=0 beta=1 grad=91.25336 horizon=240 lifetime=[456,1799] skipped=False
2026-08-30 15:40:05,825 | INFO | step=10380/20000 loss=-0.1450675 nll=-0.1468026 kl=0.001735091 consistency=0 lambda=0 beta=1 grad=204.6445 horizon=220 lifetime=[299,1313] skipped=False
2026-08-30 15:40:06,229 | INFO | step=10390/20000 loss=-0.5800081 nll=-0.5855175 kl=0.005509406 consistency=0 lambda=0 beta=1 grad=104.5324 horizon=300 lifetime=[491,1834] skipped=False
2026-08-30 15:40:06,614 | INFO | step=10400/20000 loss=0.06642896 nll=0.06307963 kl=0.003349334 consistency=0 lambda=0 beta=1 grad=99.96201 horizon=100 lifetime=[470,1282] skipped=False
2026-08-30 15:40:07,038 | INFO | step=10410/20000 loss=0.2316475 nll=0.2293677 kl=0.002279788 consistency=0 lambda=0 beta=1 grad=241.9034 horizon=160 lifetime=[456,2154] skipped=False
2026-08-30 15:40:07,435 | INFO | step=10420/20000 loss=-0.6125835 nll=-0.6139321 kl=0.001348585 consistency=0 lambda=0 beta=1 grad=87.5218 horizon=240 lifetime=[453,2154] skipped=False
2026-08-30 15:40:07,828 | INFO | step=10430/20000 loss=0.5031459 nll=0.4990657 kl=0.004080176 consistency=0 lambda=0 beta=1 grad=74.46622 horizon=100 lifetime=[491,1932] skipped=False
2026-08-30 15:40:08,218 | INFO | step=10440/20000 loss=-0.9500906 nll=-0.9506685 kl=0.000577867 consistency=0 lambda=0 beta=1 grad=49.58339 horizon=160 lifetime=[467,1313] skipped=False
2026-08-30 15:40:08,577 | INFO | step=10450/20000 loss=0.4449422 nll=0.4424156 kl=0.002526611 consistency=0 lambda=0 beta=1 grad=174.8615 horizon=100 lifetime=[476,1282] skipped=False
2026-08-30 15:40:08,980 | INFO | step=10460/20000 loss=-1.170694 nll=-1.171778 kl=0.001083851 consistency=0 lambda=0 beta=1 grad=83.29572 horizon=300 lifetime=[458,1113] skipped=False
2026-08-30 15:40:09,364 | INFO | step=10470/20000 loss=-0.6659042 nll=-0.6685472 kl=0.002642959 consistency=0 lambda=0 beta=1 grad=83.11962 horizon=140 lifetime=[443,1282] skipped=False
2026-08-30 15:40:09,757 | INFO | step=10480/20000 loss=0.1224985 nll=0.1176209 kl=0.004877537 consistency=0 lambda=0 beta=1 grad=45.69901 horizon=120 lifetime=[519,1932] skipped=False
2026-08-30 15:40:10,140 | INFO | step=10490/20000 loss=0.1869832 nll=0.1852799 kl=0.001703322 consistency=0 lambda=0 beta=1 grad=380.7694 horizon=160 lifetime=[460,1156] skipped=False
2026-08-30 15:40:10,793 | INFO | validation step=10500 rmse=176.0394 best=170.17@7000 stale=7/10
2026-08-30 15:40:10,793 | INFO | step=10500/20000 loss=-0.8890368 nll=-0.8901502 kl=0.001113385 consistency=0 lambda=0 beta=1 grad=122.746 horizon=280 lifetime=[458,1152] skipped=False
2026-08-30 15:40:11,293 | INFO | step=10510/20000 loss=-0.7802938 nll=-0.7815599 kl=0.001266181 consistency=0 lambda=0 beta=1 grad=53.24017 horizon=300 lifetime=[675,1061] skipped=False
2026-08-30 15:40:11,662 | INFO | step=10520/20000 loss=0.0405314 nll=0.03940326 kl=0.001128137 consistency=0 lambda=0 beta=1 grad=36.66954 horizon=100 lifetime=[508,1932] skipped=False
2026-08-30 15:40:12,055 | INFO | step=10530/20000 loss=-0.9986806 nll=-0.9997061 kl=0.001025558 consistency=0 lambda=0 beta=1 grad=286.9507 horizon=160 lifetime=[453,877] skipped=False
2026-08-30 15:40:12,449 | INFO | step=10540/20000 loss=-0.4733092 nll=-0.4761111 kl=0.002801955 consistency=0 lambda=0 beta=1 grad=108.5017 horizon=280 lifetime=[470,1091] skipped=False
2026-08-30 15:40:12,847 | INFO | step=10550/20000 loss=-0.4181179 nll=-0.4193824 kl=0.001264513 consistency=0 lambda=0 beta=1 grad=163.4118 horizon=220 lifetime=[428,1282] skipped=False
2026-08-30 15:40:13,281 | INFO | step=10560/20000 loss=-1.032554 nll=-1.034436 kl=0.001881748 consistency=0 lambda=0 beta=1 grad=49.90973 horizon=280 lifetime=[455,2154] skipped=False
2026-08-30 15:40:13,655 | INFO | step=10570/20000 loss=-0.5701029 nll=-0.5718485 kl=0.001745492 consistency=0 lambda=0 beta=1 grad=234.435 horizon=260 lifetime=[519,1081] skipped=False
2026-08-30 15:40:14,046 | INFO | step=10580/20000 loss=-0.2972123 nll=-0.29963 kl=0.002417684 consistency=0 lambda=0 beta=1 grad=31.14348 horizon=100 lifetime=[460,1313] skipped=False
2026-08-30 15:40:14,507 | INFO | step=10590/20000 loss=-1.052359 nll=-1.053582 kl=0.00122267 consistency=0 lambda=0 beta=1 grad=76.25037 horizon=280 lifetime=[461,1071] skipped=False
2026-08-30 15:40:14,942 | INFO | step=10600/20000 loss=-1.012407 nll=-1.016907 kl=0.004499882 consistency=0 lambda=0 beta=1 grad=75.46673 horizon=160 lifetime=[465,1282] skipped=False
2026-08-30 15:40:15,369 | INFO | step=10610/20000 loss=0.3215166 nll=0.3195342 kl=0.00198245 consistency=0 lambda=0 beta=1 grad=190.0458 horizon=100 lifetime=[456,1282] skipped=False
2026-08-30 15:40:15,760 | INFO | step=10620/20000 loss=-1.588006 nll=-1.592138 kl=0.004132688 consistency=0 lambda=0 beta=1 grad=125.1734 horizon=120 lifetime=[428,815] skipped=False
2026-08-30 15:40:16,148 | INFO | step=10630/20000 loss=-0.3718181 nll=-0.3731299 kl=0.001311809 consistency=0 lambda=0 beta=1 grad=128.414 horizon=160 lifetime=[455,1113] skipped=False
2026-08-30 15:40:16,549 | INFO | step=10640/20000 loss=-0.263677 nll=-0.2685441 kl=0.004867136 consistency=0 lambda=0 beta=1 grad=87.17019 horizon=100 lifetime=[470,1282] skipped=False
2026-08-30 15:40:16,954 | INFO | step=10650/20000 loss=-1.314821 nll=-1.315713 kl=0.0008923709 consistency=0 lambda=0 beta=1 grad=157.6098 horizon=280 lifetime=[464,1071] skipped=False
2026-08-30 15:40:17,357 | INFO | step=10660/20000 loss=-1.339677 nll=-1.340991 kl=0.00131309 consistency=0 lambda=0 beta=1 grad=235.3454 horizon=220 lifetime=[443,1932] skipped=False
2026-08-30 15:40:17,749 | INFO | step=10670/20000 loss=-1.160381 nll=-1.163942 kl=0.00356096 consistency=0 lambda=0 beta=1 grad=53.1992 horizon=180 lifetime=[460,1143] skipped=False
2026-08-30 15:40:18,163 | INFO | step=10680/20000 loss=-0.4293979 nll=-0.4305184 kl=0.001120508 consistency=0 lambda=0 beta=1 grad=146.7403 horizon=260 lifetime=[428,1061] skipped=False
2026-08-30 15:40:18,594 | INFO | step=10690/20000 loss=-0.375084 nll=-0.3763057 kl=0.001221687 consistency=0 lambda=0 beta=1 grad=119.6151 horizon=240 lifetime=[497,1061] skipped=False
2026-08-30 15:40:18,976 | INFO | step=10700/20000 loss=0.06986445 nll=0.06798315 kl=0.001881301 consistency=0 lambda=0 beta=1 grad=212.7167 horizon=280 lifetime=[460,1313] skipped=False
2026-08-30 15:40:19,346 | INFO | step=10710/20000 loss=-0.7886335 nll=-0.7917488 kl=0.003115326 consistency=0 lambda=0 beta=1 grad=58.35249 horizon=120 lifetime=[299,921] skipped=False
2026-08-30 15:40:19,763 | INFO | step=10720/20000 loss=-1.431075 nll=-1.432706 kl=0.001630962 consistency=0 lambda=0 beta=1 grad=98.82552 horizon=200 lifetime=[455,1154] skipped=False
2026-08-30 15:40:20,152 | INFO | step=10730/20000 loss=-0.7944627 nll=-0.7981757 kl=0.003713042 consistency=0 lambda=0 beta=1 grad=141.384 horizon=280 lifetime=[299,1113] skipped=False
2026-08-30 15:40:20,532 | INFO | step=10740/20000 loss=-1.120634 nll=-1.122432 kl=0.001798302 consistency=0 lambda=0 beta=1 grad=90.04346 horizon=240 lifetime=[460,1282] skipped=False
2026-08-30 15:40:20,933 | INFO | step=10750/20000 loss=-1.224247 nll=-1.225848 kl=0.001600802 consistency=0 lambda=0 beta=1 grad=91.98162 horizon=240 lifetime=[470,1055] skipped=False
2026-08-30 15:40:21,342 | INFO | step=10760/20000 loss=-0.9546103 nll=-0.9572619 kl=0.002651632 consistency=0 lambda=0 beta=1 grad=77.35246 horizon=300 lifetime=[456,1091] skipped=False
2026-08-30 15:40:21,772 | INFO | step=10770/20000 loss=-1.697939 nll=-1.700303 kl=0.002364099 consistency=0 lambda=0 beta=1 grad=25.82006 horizon=300 lifetime=[456,921] skipped=False
2026-08-30 15:40:22,167 | INFO | step=10780/20000 loss=-0.6655914 nll=-0.6679194 kl=0.002328038 consistency=0 lambda=0 beta=1 grad=89.45764 horizon=200 lifetime=[442,1154] skipped=False
2026-08-30 15:40:22,577 | INFO | step=10790/20000 loss=-0.9265805 nll=-0.9285744 kl=0.001993865 consistency=0 lambda=0 beta=1 grad=70.4807 horizon=240 lifetime=[428,1834] skipped=False
2026-08-30 15:40:22,991 | INFO | step=10800/20000 loss=-1.258363 nll=-1.259155 kl=0.0007924438 consistency=0 lambda=0 beta=1 grad=174.6151 horizon=200 lifetime=[428,1113] skipped=False
2026-08-30 15:40:23,379 | INFO | step=10810/20000 loss=-1.394759 nll=-1.397947 kl=0.003187954 consistency=0 lambda=0 beta=1 grad=52.18093 horizon=220 lifetime=[442,1313] skipped=False
2026-08-30 15:40:23,773 | INFO | step=10820/20000 loss=-0.312806 nll=-0.3155885 kl=0.002782434 consistency=0 lambda=0 beta=1 grad=112.833 horizon=180 lifetime=[491,1834] skipped=False
2026-08-30 15:40:24,151 | INFO | step=10830/20000 loss=-0.261791 nll=-0.2646826 kl=0.0028916 consistency=0 lambda=0 beta=1 grad=63.66316 horizon=180 lifetime=[443,1799] skipped=False
2026-08-30 15:40:24,550 | INFO | step=10840/20000 loss=-0.2934147 nll=-0.2947405 kl=0.001325756 consistency=0 lambda=0 beta=1 grad=58.25052 horizon=140 lifetime=[464,1091] skipped=False
2026-08-30 15:40:24,966 | INFO | step=10850/20000 loss=-0.8787392 nll=-0.8804845 kl=0.001745254 consistency=0 lambda=0 beta=1 grad=118.6183 horizon=140 lifetime=[455,1154] skipped=False
2026-08-30 15:40:25,373 | INFO | step=10860/20000 loss=-0.9821008 nll=-0.9852544 kl=0.003153622 consistency=0 lambda=0 beta=1 grad=76.04319 horizon=160 lifetime=[453,1036] skipped=False
2026-08-30 15:40:25,780 | INFO | step=10870/20000 loss=-0.6912578 nll=-0.6921685 kl=0.00091061 consistency=0 lambda=0 beta=1 grad=111.0172 horizon=220 lifetime=[464,1081] skipped=False
2026-08-30 15:40:26,208 | INFO | step=10880/20000 loss=-0.5448411 nll=-0.5465854 kl=0.00174433 consistency=0 lambda=0 beta=1 grad=101.9489 horizon=120 lifetime=[147,991] skipped=False
2026-08-30 15:40:26,634 | INFO | step=10890/20000 loss=-1.694019 nll=-1.694984 kl=0.0009647608 consistency=0 lambda=0 beta=1 grad=48.29259 horizon=280 lifetime=[455,906] skipped=False
2026-08-30 15:40:27,090 | INFO | step=10900/20000 loss=-1.854119 nll=-1.858686 kl=0.004566699 consistency=0 lambda=0 beta=1 grad=117.7223 horizon=260 lifetime=[442,887] skipped=False
2026-08-30 15:40:27,508 | INFO | step=10910/20000 loss=-1.116253 nll=-1.119605 kl=0.003351867 consistency=0 lambda=0 beta=1 grad=286.839 horizon=260 lifetime=[461,1052] skipped=False
2026-08-30 15:40:27,853 | INFO | step=10920/20000 loss=-0.6117717 nll=-0.6148466 kl=0.003074974 consistency=0 lambda=0 beta=1 grad=314.0018 horizon=160 lifetime=[299,868] skipped=False
2026-08-30 15:40:28,260 | INFO | step=10930/20000 loss=-0.3477637 nll=-0.3491962 kl=0.001432508 consistency=0 lambda=0 beta=1 grad=541.5847 horizon=160 lifetime=[460,913] skipped=False
2026-08-30 15:40:28,677 | INFO | step=10940/20000 loss=-1.131608 nll=-1.132849 kl=0.001240492 consistency=0 lambda=0 beta=1 grad=59.34256 horizon=180 lifetime=[476,1932] skipped=False
2026-08-30 15:40:29,080 | INFO | step=10950/20000 loss=-0.8633608 nll=-0.8677578 kl=0.004396975 consistency=0 lambda=0 beta=1 grad=105.5299 horizon=160 lifetime=[476,938] skipped=False
2026-08-30 15:40:29,474 | INFO | step=10960/20000 loss=-0.5965199 nll=-0.6019149 kl=0.005394906 consistency=0 lambda=0 beta=1 grad=161.7796 horizon=160 lifetime=[461,1143] skipped=False
2026-08-30 15:40:29,851 | INFO | step=10970/20000 loss=0.3968503 nll=0.394323 kl=0.002527356 consistency=0 lambda=0 beta=1 grad=146.3543 horizon=120 lifetime=[497,1705] skipped=False
2026-08-30 15:40:30,236 | INFO | step=10980/20000 loss=-1.040065 nll=-1.041066 kl=0.001001209 consistency=0 lambda=0 beta=1 grad=79.48555 horizon=300 lifetime=[480,1071] skipped=False
2026-08-30 15:40:30,633 | INFO | step=10990/20000 loss=-1.241667 nll=-1.243444 kl=0.001776725 consistency=0 lambda=0 beta=1 grad=50.70094 horizon=240 lifetime=[455,2154] skipped=False
2026-08-30 15:40:31,308 | INFO | validation step=11000 rmse=177.7201 best=170.17@7000 stale=8/10
2026-08-30 15:40:31,308 | INFO | step=11000/20000 loss=-0.725251 nll=-0.7275649 kl=0.002313942 consistency=0 lambda=0 beta=1 grad=142.4528 horizon=240 lifetime=[470,1156] skipped=False
2026-08-30 15:40:31,782 | INFO | step=11010/20000 loss=-0.4480502 nll=-0.4524307 kl=0.004380465 consistency=0 lambda=0 beta=1 grad=236.694 horizon=120 lifetime=[299,1932] skipped=False
2026-08-30 15:40:32,147 | INFO | step=11020/20000 loss=0.728747 nll=0.726194 kl=0.002553046 consistency=0 lambda=0 beta=1 grad=142.4592 horizon=100 lifetime=[456,1932] skipped=False
2026-08-30 15:40:32,578 | INFO | step=11030/20000 loss=-1.038025 nll=-1.039337 kl=0.001311958 consistency=0 lambda=0 beta=1 grad=53.35094 horizon=280 lifetime=[480,1143] skipped=False
2026-08-30 15:40:33,007 | INFO | step=11040/20000 loss=-0.6168799 nll=-0.619917 kl=0.003037095 consistency=0 lambda=0 beta=1 grad=207.9843 horizon=300 lifetime=[428,1071] skipped=False
2026-08-30 15:40:33,404 | INFO | step=11050/20000 loss=-1.585491 nll=-1.58651 kl=0.001019001 consistency=0 lambda=0 beta=1 grad=37.069 horizon=280 lifetime=[299,1152] skipped=False
2026-08-30 15:40:33,835 | INFO | step=11060/20000 loss=-0.0218671 nll=-0.02331719 kl=0.001450092 consistency=0 lambda=0 beta=1 grad=92.74722 horizon=100 lifetime=[453,991] skipped=False
2026-08-30 15:40:34,216 | INFO | step=11070/20000 loss=0.2751411 nll=0.2719963 kl=0.003144801 consistency=0 lambda=0 beta=1 grad=170.5272 horizon=120 lifetime=[458,1152] skipped=False
2026-08-30 15:40:34,607 | INFO | step=11080/20000 loss=0.5832177 nll=0.579234 kl=0.003983766 consistency=0 lambda=0 beta=1 grad=403.5639 horizon=140 lifetime=[486,1932] skipped=False
2026-08-30 15:40:34,982 | INFO | step=11090/20000 loss=-0.7825183 nll=-0.7867879 kl=0.0042696 consistency=0 lambda=0 beta=1 grad=214.6398 horizon=300 lifetime=[458,1154] skipped=False
2026-08-30 15:40:35,405 | INFO | step=11100/20000 loss=-0.5064303 nll=-0.5090874 kl=0.002657115 consistency=0 lambda=0 beta=1 grad=169.4906 horizon=300 lifetime=[442,1834] skipped=False
2026-08-30 15:40:35,780 | INFO | step=11110/20000 loss=-0.04250447 nll=-0.04592963 kl=0.003425151 consistency=0 lambda=0 beta=1 grad=91.57693 horizon=120 lifetime=[442,1282] skipped=False
2026-08-30 15:40:36,157 | INFO | step=11120/20000 loss=-0.6899599 nll=-0.6925891 kl=0.00262925 consistency=0 lambda=0 beta=1 grad=200.3657 horizon=240 lifetime=[428,1799] skipped=False
2026-08-30 15:40:36,574 | INFO | step=11130/20000 loss=-0.9210476 nll=-0.9224436 kl=0.00139603 consistency=0 lambda=0 beta=1 grad=67.02682 horizon=180 lifetime=[476,1061] skipped=False
2026-08-30 15:40:36,940 | INFO | step=11140/20000 loss=-0.1113262 nll=-0.1139356 kl=0.002609432 consistency=0 lambda=0 beta=1 grad=81.55243 horizon=100 lifetime=[480,1036] skipped=False
2026-08-30 15:40:37,324 | INFO | step=11150/20000 loss=-0.02299643 nll=-0.02421207 kl=0.001215637 consistency=0 lambda=0 beta=1 grad=85.47733 horizon=140 lifetime=[458,2154] skipped=False
2026-08-30 15:40:37,739 | INFO | step=11160/20000 loss=-0.902331 nll=-0.9036509 kl=0.001319945 consistency=0 lambda=0 beta=1 grad=56.26542 horizon=160 lifetime=[428,1932] skipped=False
2026-08-30 15:40:38,106 | INFO | step=11170/20000 loss=-0.1360587 nll=-0.1434876 kl=0.007428944 consistency=0 lambda=0 beta=1 grad=91.50969 horizon=120 lifetime=[442,1152] skipped=False
2026-08-30 15:40:38,469 | INFO | step=11180/20000 loss=0.230538 nll=0.2276454 kl=0.002892584 consistency=0 lambda=0 beta=1 grad=124.8269 horizon=100 lifetime=[470,1932] skipped=False
2026-08-30 15:40:38,872 | INFO | step=11190/20000 loss=-0.699995 nll=-0.7038381 kl=0.00384298 consistency=0 lambda=0 beta=1 grad=165.9537 horizon=100 lifetime=[299,1705] skipped=False
2026-08-30 15:40:39,271 | INFO | step=11200/20000 loss=-0.6741053 nll=-0.6750494 kl=0.0009440482 consistency=0 lambda=0 beta=1 grad=144.1693 horizon=200 lifetime=[505,1834] skipped=False
2026-08-30 15:40:39,643 | INFO | step=11210/20000 loss=-0.8356407 nll=-0.8371306 kl=0.001489937 consistency=0 lambda=0 beta=1 grad=243.5947 horizon=180 lifetime=[456,1143] skipped=False
2026-08-30 15:40:40,049 | INFO | step=11220/20000 loss=-1.095822 nll=-1.097468 kl=0.001646042 consistency=0 lambda=0 beta=1 grad=145.984 horizon=200 lifetime=[428,942] skipped=False
2026-08-30 15:40:40,454 | INFO | step=11230/20000 loss=-0.9083909 nll=-0.912171 kl=0.003780127 consistency=0 lambda=0 beta=1 grad=120.1384 horizon=180 lifetime=[464,2154] skipped=False
2026-08-30 15:40:40,808 | INFO | step=11240/20000 loss=0.1749133 nll=0.1710665 kl=0.003846854 consistency=0 lambda=0 beta=1 grad=104.0264 horizon=100 lifetime=[465,1834] skipped=False
2026-08-30 15:40:41,250 | INFO | step=11250/20000 loss=-0.4582793 nll=-0.4608772 kl=0.002597898 consistency=0 lambda=0 beta=1 grad=49.4316 horizon=100 lifetime=[443,1052] skipped=False
2026-08-30 15:40:41,594 | INFO | step=11260/20000 loss=-0.5882212 nll=-0.5893583 kl=0.001137048 consistency=0 lambda=0 beta=1 grad=30.37521 horizon=100 lifetime=[453,991] skipped=False
2026-08-30 15:40:42,011 | INFO | step=11270/20000 loss=2.474715 nll=2.469896 kl=0.004818827 consistency=0 lambda=0 beta=1 grad=991.5327 horizon=140 lifetime=[455,921] skipped=False
2026-08-30 15:40:42,399 | INFO | step=11280/20000 loss=-0.1350698 nll=-0.1369095 kl=0.001839638 consistency=0 lambda=0 beta=1 grad=83.36587 horizon=260 lifetime=[533,1282] skipped=False
2026-08-30 15:40:42,867 | INFO | step=11290/20000 loss=-0.9327241 nll=-0.9346052 kl=0.001881123 consistency=0 lambda=0 beta=1 grad=69.74303 horizon=100 lifetime=[428,863] skipped=False
2026-08-30 15:40:43,277 | INFO | step=11300/20000 loss=-1.312635 nll=-1.314529 kl=0.001893818 consistency=0 lambda=0 beta=1 grad=318.7608 horizon=280 lifetime=[443,860] skipped=False
2026-08-30 15:40:43,735 | INFO | step=11310/20000 loss=-1.806322 nll=-1.809172 kl=0.002849936 consistency=0 lambda=0 beta=1 grad=80.66025 horizon=240 lifetime=[299,1113] skipped=False
2026-08-30 15:40:44,150 | INFO | step=11320/20000 loss=-0.8638525 nll=-0.8656705 kl=0.001817971 consistency=0 lambda=0 beta=1 grad=73.008 horizon=200 lifetime=[494,1799] skipped=False
2026-08-30 15:40:44,589 | INFO | step=11330/20000 loss=-1.404065 nll=-1.406755 kl=0.002689928 consistency=0 lambda=0 beta=1 grad=90.88908 horizon=200 lifetime=[460,1000] skipped=False
2026-08-30 15:40:44,970 | INFO | step=11340/20000 loss=-1.007901 nll=-1.009685 kl=0.001784027 consistency=0 lambda=0 beta=1 grad=100.9337 horizon=200 lifetime=[453,1313] skipped=False
2026-08-30 15:40:45,313 | INFO | step=11350/20000 loss=0.3850538 nll=0.3795682 kl=0.005485535 consistency=0 lambda=0 beta=1 grad=69.43813 horizon=100 lifetime=[460,1799] skipped=False
2026-08-30 15:40:45,699 | INFO | step=11360/20000 loss=-1.211299 nll=-1.21376 kl=0.002461731 consistency=0 lambda=0 beta=1 grad=74.24113 horizon=220 lifetime=[453,1834] skipped=False
2026-08-30 15:40:46,087 | INFO | step=11370/20000 loss=-0.8547789 nll=-0.8557544 kl=0.0009754896 consistency=0 lambda=0 beta=1 grad=340.5775 horizon=260 lifetime=[460,1055] skipped=False
2026-08-30 15:40:46,496 | INFO | step=11380/20000 loss=-1.302198 nll=-1.303658 kl=0.001460105 consistency=0 lambda=0 beta=1 grad=121.0357 horizon=300 lifetime=[467,909] skipped=False
2026-08-30 15:40:46,859 | INFO | step=11390/20000 loss=-1.009595 nll=-1.012909 kl=0.003314018 consistency=0 lambda=0 beta=1 grad=57.67325 horizon=200 lifetime=[464,1799] skipped=False
2026-08-30 15:40:47,247 | INFO | step=11400/20000 loss=0.01955336 nll=0.01657 kl=0.002983361 consistency=0 lambda=0 beta=1 grad=364.6933 horizon=300 lifetime=[453,2154] skipped=False
2026-08-30 15:40:47,645 | INFO | step=11410/20000 loss=-1.002968 nll=-1.00518 kl=0.002211958 consistency=0 lambda=0 beta=1 grad=134.6926 horizon=300 lifetime=[456,2154] skipped=False
2026-08-30 15:40:48,039 | INFO | step=11420/20000 loss=-1.452646 nll=-1.454506 kl=0.001859993 consistency=0 lambda=0 beta=1 grad=153.1066 horizon=180 lifetime=[442,858] skipped=False
2026-08-30 15:40:48,406 | INFO | step=11430/20000 loss=-0.822635 nll=-0.8247384 kl=0.002103448 consistency=0 lambda=0 beta=1 grad=38.40295 horizon=140 lifetime=[461,887] skipped=False
2026-08-30 15:40:48,849 | INFO | step=11440/20000 loss=-1.184984 nll=-1.186496 kl=0.001511961 consistency=0 lambda=0 beta=1 grad=25.19299 horizon=260 lifetime=[428,1061] skipped=False
2026-08-30 15:40:49,266 | INFO | step=11450/20000 loss=-1.117926 nll=-1.119093 kl=0.00116688 consistency=0 lambda=0 beta=1 grad=281.2183 horizon=220 lifetime=[443,1156] skipped=False
2026-08-30 15:40:49,725 | INFO | step=11460/20000 loss=-1.086305 nll=-1.088821 kl=0.002516091 consistency=0 lambda=0 beta=1 grad=134.8627 horizon=280 lifetime=[443,1156] skipped=False
2026-08-30 15:40:50,126 | INFO | step=11470/20000 loss=-0.04848119 nll=-0.05069946 kl=0.002218276 consistency=0 lambda=0 beta=1 grad=273.8022 horizon=140 lifetime=[464,1932] skipped=False
2026-08-30 15:40:50,494 | INFO | step=11480/20000 loss=-1.05479 nll=-1.057659 kl=0.002868712 consistency=0 lambda=0 beta=1 grad=263.2036 horizon=100 lifetime=[453,560] skipped=False
2026-08-30 15:40:50,930 | INFO | step=11490/20000 loss=-0.2295315 nll=-0.2308842 kl=0.001352698 consistency=0 lambda=0 beta=1 grad=190.8254 horizon=220 lifetime=[476,938] skipped=False
2026-08-30 15:40:51,619 | INFO | validation step=11500 rmse=193.3411 best=170.17@7000 stale=9/10
2026-08-30 15:40:51,619 | INFO | step=11500/20000 loss=-0.6931926 nll=-0.6948793 kl=0.001686722 consistency=0 lambda=0 beta=1 grad=29.20195 horizon=100 lifetime=[460,1071] skipped=False
2026-08-30 15:40:52,151 | INFO | step=11510/20000 loss=-1.310365 nll=-1.31178 kl=0.001414746 consistency=0 lambda=0 beta=1 grad=159.3964 horizon=240 lifetime=[428,1025] skipped=False
2026-08-30 15:40:52,580 | INFO | step=11520/20000 loss=-1.361028 nll=-1.362626 kl=0.001597583 consistency=0 lambda=0 beta=1 grad=106.0406 horizon=280 lifetime=[460,1091] skipped=False
2026-08-30 15:40:53,014 | INFO | step=11530/20000 loss=-1.661038 nll=-1.663842 kl=0.002804786 consistency=0 lambda=0 beta=1 grad=88.72558 horizon=300 lifetime=[453,1282] skipped=False
2026-08-30 15:40:53,372 | INFO | step=11540/20000 loss=-0.1920642 nll=-0.1945492 kl=0.002485007 consistency=0 lambda=0 beta=1 grad=108.3198 horizon=180 lifetime=[614,1282] skipped=False
2026-08-30 15:40:53,835 | INFO | step=11550/20000 loss=-0.7583557 nll=-0.7625918 kl=0.004236132 consistency=0 lambda=0 beta=1 grad=89.17754 horizon=200 lifetime=[442,2154] skipped=False
2026-08-30 15:40:54,213 | INFO | step=11560/20000 loss=-0.578388 nll=-0.5793701 kl=0.0009820759 consistency=0 lambda=0 beta=1 grad=77.71268 horizon=160 lifetime=[455,1143] skipped=False
2026-08-30 15:40:54,645 | INFO | step=11570/20000 loss=-0.7544399 nll=-0.7560871 kl=0.001647234 consistency=0 lambda=0 beta=1 grad=127.9736 horizon=220 lifetime=[461,1834] skipped=False
2026-08-30 15:40:54,995 | INFO | step=11580/20000 loss=-1.189593 nll=-1.191815 kl=0.002221763 consistency=0 lambda=0 beta=1 grad=128.8289 horizon=280 lifetime=[456,1036] skipped=False
2026-08-30 15:40:55,368 | INFO | step=11590/20000 loss=-1.120365 nll=-1.123089 kl=0.002724349 consistency=0 lambda=0 beta=1 grad=209.7368 horizon=200 lifetime=[442,938] skipped=False
2026-08-30 15:40:55,755 | INFO | step=11600/20000 loss=-0.1901589 nll=-0.1946393 kl=0.004480422 consistency=0 lambda=0 beta=1 grad=49.96967 horizon=300 lifetime=[498,1036] skipped=False
2026-08-30 15:40:56,173 | INFO | step=11610/20000 loss=-0.359804 nll=-0.3631542 kl=0.003350198 consistency=0 lambda=0 beta=1 grad=270.7724 horizon=180 lifetime=[443,2154] skipped=False
2026-08-30 15:40:56,616 | INFO | step=11620/20000 loss=-0.04170299 nll=-0.04286915 kl=0.001166165 consistency=0 lambda=0 beta=1 grad=67.69881 horizon=100 lifetime=[455,1705] skipped=False
2026-08-30 15:40:57,008 | INFO | step=11630/20000 loss=-0.9908742 nll=-0.9928292 kl=0.001955032 consistency=0 lambda=0 beta=1 grad=102.2068 horizon=280 lifetime=[453,1705] skipped=False
2026-08-30 15:40:57,384 | INFO | step=11640/20000 loss=-1.150118 nll=-1.150998 kl=0.0008799434 consistency=0 lambda=0 beta=1 grad=162.4572 horizon=160 lifetime=[455,891] skipped=False
2026-08-30 15:40:57,757 | INFO | step=11650/20000 loss=-0.544028 nll=-0.5475195 kl=0.003491431 consistency=0 lambda=0 beta=1 grad=355.0764 horizon=280 lifetime=[428,1113] skipped=False
2026-08-30 15:40:58,161 | INFO | step=11660/20000 loss=-0.0977591 nll=-0.09955019 kl=0.00179109 consistency=0 lambda=0 beta=1 grad=315.8367 horizon=300 lifetime=[480,1052] skipped=False
2026-08-30 15:40:58,601 | INFO | step=11670/20000 loss=-0.7291088 nll=-0.7304175 kl=0.00130865 consistency=0 lambda=0 beta=1 grad=148.8812 horizon=140 lifetime=[443,887] skipped=False
2026-08-30 15:40:58,992 | INFO | step=11680/20000 loss=-0.5325553 nll=-0.5354052 kl=0.002849877 consistency=0 lambda=0 beta=1 grad=73.83541 horizon=200 lifetime=[491,1705] skipped=False
2026-08-30 15:40:59,359 | INFO | step=11690/20000 loss=0.03950778 nll=0.03799438 kl=0.001513392 consistency=0 lambda=0 beta=1 grad=340.0615 horizon=120 lifetime=[458,1705] skipped=False
2026-08-30 15:40:59,745 | INFO | step=11700/20000 loss=-0.515339 nll=-0.5171053 kl=0.001766324 consistency=0 lambda=0 beta=1 grad=99.08569 horizon=200 lifetime=[299,1313] skipped=False
2026-08-30 15:41:00,159 | INFO | step=11710/20000 loss=-0.8036345 nll=-0.8060198 kl=0.002385259 consistency=0 lambda=0 beta=1 grad=120.5866 horizon=260 lifetime=[675,1932] skipped=False
2026-08-30 15:41:00,558 | INFO | step=11720/20000 loss=-0.7455798 nll=-0.7469765 kl=0.001396656 consistency=0 lambda=0 beta=1 grad=95.54604 horizon=220 lifetime=[428,1932] skipped=False
2026-08-30 15:41:00,994 | INFO | step=11730/20000 loss=-0.6601729 nll=-0.6614561 kl=0.001283169 consistency=0 lambda=0 beta=1 grad=290.7065 horizon=220 lifetime=[428,1055] skipped=False
2026-08-30 15:41:01,438 | INFO | step=11740/20000 loss=0.461484 nll=0.4598224 kl=0.001661658 consistency=0 lambda=0 beta=1 grad=187.6519 horizon=100 lifetime=[519,1152] skipped=False
2026-08-30 15:41:01,817 | INFO | step=11750/20000 loss=0.5339257 nll=0.5255436 kl=0.008382052 consistency=0 lambda=0 beta=1 grad=141.4601 horizon=100 lifetime=[147,1834] skipped=False
2026-08-30 15:41:02,229 | INFO | step=11760/20000 loss=-1.067847 nll=-1.068814 kl=0.0009676814 consistency=0 lambda=0 beta=1 grad=69.31951 horizon=280 lifetime=[299,915] skipped=False
2026-08-30 15:41:02,636 | INFO | step=11770/20000 loss=-1.885759 nll=-1.888368 kl=0.002608776 consistency=0 lambda=0 beta=1 grad=315.2268 horizon=200 lifetime=[453,913] skipped=False
2026-08-30 15:41:03,040 | INFO | step=11780/20000 loss=-0.1118133 nll=-0.1128611 kl=0.00104785 consistency=0 lambda=0 beta=1 grad=799.6945 horizon=280 lifetime=[453,1038] skipped=False
2026-08-30 15:41:03,461 | INFO | step=11790/20000 loss=-1.535835 nll=-1.53753 kl=0.001694798 consistency=0 lambda=0 beta=1 grad=57.13973 horizon=300 lifetime=[460,1113] skipped=False
2026-08-30 15:41:03,834 | INFO | step=11800/20000 loss=-1.111507 nll=-1.11391 kl=0.002403051 consistency=0 lambda=0 beta=1 grad=132.554 horizon=280 lifetime=[453,1834] skipped=False
2026-08-30 15:41:04,231 | INFO | step=11810/20000 loss=-1.850483 nll=-1.85398 kl=0.003497064 consistency=0 lambda=0 beta=1 grad=53.03053 horizon=280 lifetime=[476,913] skipped=False
2026-08-30 15:41:04,637 | INFO | step=11820/20000 loss=-1.061787 nll=-1.062951 kl=0.001164407 consistency=0 lambda=0 beta=1 grad=172.518 horizon=240 lifetime=[461,1313] skipped=False
2026-08-30 15:41:05,052 | INFO | step=11830/20000 loss=-0.5193027 nll=-0.5205749 kl=0.001272112 consistency=0 lambda=0 beta=1 grad=309.1931 horizon=160 lifetime=[458,1152] skipped=False
2026-08-30 15:41:05,495 | INFO | step=11840/20000 loss=-0.1471523 nll=-0.1476393 kl=0.0004870594 consistency=0 lambda=0 beta=1 grad=80.09188 horizon=260 lifetime=[508,1932] skipped=False
2026-08-30 15:41:05,892 | INFO | step=11850/20000 loss=-0.2318768 nll=-0.2343897 kl=0.002512872 consistency=0 lambda=0 beta=1 grad=92.73154 horizon=140 lifetime=[453,2154] skipped=False
2026-08-30 15:41:06,317 | INFO | step=11860/20000 loss=-1.117533 nll=-1.119356 kl=0.001822203 consistency=0 lambda=0 beta=1 grad=109.1292 horizon=260 lifetime=[428,1025] skipped=False
2026-08-30 15:41:06,705 | INFO | step=11870/20000 loss=-0.04127713 nll=-0.04518446 kl=0.003907323 consistency=0 lambda=0 beta=1 grad=153.3966 horizon=160 lifetime=[455,1932] skipped=False
2026-08-30 15:41:07,134 | INFO | step=11880/20000 loss=-1.231081 nll=-1.232057 kl=0.0009756386 consistency=0 lambda=0 beta=1 grad=64.3269 horizon=200 lifetime=[470,1834] skipped=False
2026-08-30 15:41:07,510 | INFO | step=11890/20000 loss=-0.4781724 nll=-0.4805022 kl=0.002329797 consistency=0 lambda=0 beta=1 grad=176.9279 horizon=160 lifetime=[453,1313] skipped=False
2026-08-30 15:41:07,939 | INFO | step=11900/20000 loss=-1.457833 nll=-1.461295 kl=0.003462464 consistency=0 lambda=0 beta=1 grad=69.25176 horizon=140 lifetime=[428,786] skipped=False
2026-08-30 15:41:08,297 | INFO | step=11910/20000 loss=0.2427664 nll=0.2391283 kl=0.003638059 consistency=0 lambda=0 beta=1 grad=192.8802 horizon=100 lifetime=[700,1156] skipped=False
2026-08-30 15:41:08,662 | INFO | step=11920/20000 loss=0.3268056 nll=0.3257306 kl=0.001075 consistency=0 lambda=0 beta=1 grad=439.4698 horizon=180 lifetime=[456,1834] skipped=False
2026-08-30 15:41:09,041 | INFO | step=11930/20000 loss=-0.347762 nll=-0.3491347 kl=0.001372695 consistency=0 lambda=0 beta=1 grad=260.141 horizon=200 lifetime=[486,1152] skipped=False
2026-08-30 15:41:09,459 | INFO | step=11940/20000 loss=-0.6684597 nll=-0.6691378 kl=0.000678122 consistency=0 lambda=0 beta=1 grad=85.69882 horizon=240 lifetime=[494,1061] skipped=False
2026-08-30 15:41:09,868 | INFO | step=11950/20000 loss=-0.4840482 nll=-0.4873337 kl=0.003285497 consistency=0 lambda=0 beta=1 grad=114.0625 horizon=140 lifetime=[494,1143] skipped=False
2026-08-30 15:41:10,309 | INFO | step=11960/20000 loss=-0.7716172 nll=-0.7733254 kl=0.00170821 consistency=0 lambda=0 beta=1 grad=75.63757 horizon=160 lifetime=[461,1113] skipped=False
2026-08-30 15:41:10,665 | INFO | step=11970/20000 loss=-0.574463 nll=-0.5776407 kl=0.003177673 consistency=0 lambda=0 beta=1 grad=167.7074 horizon=100 lifetime=[461,938] skipped=False
2026-08-30 15:41:11,051 | INFO | step=11980/20000 loss=-0.01742814 nll=-0.01970409 kl=0.002275944 consistency=0 lambda=0 beta=1 grad=165.0773 horizon=180 lifetime=[706,1834] skipped=False
2026-08-30 15:41:11,453 | INFO | step=11990/20000 loss=-1.436673 nll=-1.438649 kl=0.001976609 consistency=0 lambda=0 beta=1 grad=143.9961 horizon=200 lifetime=[299,868] skipped=False
2026-08-30 15:41:12,163 | INFO | validation step=12000 rmse=173.8522 best=170.17@7000 stale=10/10
2026-08-30 15:41:12,163 | INFO | step=12000/20000 loss=-1.083173 nll=-1.085353 kl=0.002179623 consistency=0 lambda=0 beta=1 grad=286.1856 horizon=240 lifetime=[428,1154] skipped=False
2026-08-30 15:41:12,258 | INFO | early stopping at step=12000 best=170.17@7000
2026-08-30 15:41:12,349 | INFO | completed run=/home/JunseoPark/바탕화면/battery_gru/outputs/horizon_lifetime_iv_anp_grid/suites/20260830_124935_068102/runs/horiginal_s52_lr2p5em05_f1/20260830_153303_078367_f1_life_iv_base_s52
