2026-08-30 16:41:02,464 | INFO | start fold=2 device=cuda parameters=886228 train=108 validation=27 horizons=[100, 120, 140, 160, 180, 200, 220, 240, 260, 280, 300] q_points=256 context=[8,16] query=8 target=lifetime delta_soh=false paired_horizons=False consistency_weight=0 consistency_gap=20
2026-08-30 16:41:02,464 | INFO | train_scalers cycle=300 soh=0.96703+-0.01565 voltage=2.7596+-0.47182 current=3.2038+-1.5204 lifetime=774.95+-330
2026-08-30 16:41:02,616 | INFO | step=1/20000 loss=1.709944 nll=1.709942 kl=0.009547211 consistency=0 lambda=0 beta=0.0002 grad=2.846997 horizon=120 lifetime=[147,1431] skipped=False
2026-08-30 16:41:03,371 | INFO | step=10/20000 loss=3.745877 nll=3.745828 kl=0.02427713 consistency=0 lambda=0 beta=0.002 grad=nan horizon=260 lifetime=[729,2237] skipped=True
2026-08-30 16:41:03,809 | INFO | step=20/20000 loss=1.000854 nll=1.000835 kl=0.004545937 consistency=0 lambda=0 beta=0.004 grad=0.217258 horizon=120 lifetime=[460,1071] skipped=False
2026-08-30 16:41:04,208 | INFO | step=30/20000 loss=0.8922306 nll=0.8921407 kl=0.01498792 consistency=0 lambda=0 beta=0.006 grad=0.5833206 horizon=160 lifetime=[460,938] skipped=False
2026-08-30 16:41:04,552 | INFO | step=40/20000 loss=0.9528558 nll=0.9525992 kl=0.03206739 consistency=0 lambda=0 beta=0.008 grad=2.805058 horizon=140 lifetime=[428,773] skipped=False
2026-08-30 16:41:04,970 | INFO | step=50/20000 loss=0.7054686 nll=0.7053518 kl=0.01167946 consistency=0 lambda=0 beta=0.01 grad=1.436477 horizon=300 lifetime=[479,938] skipped=False
2026-08-30 16:41:05,361 | INFO | step=60/20000 loss=2.451033 nll=2.450925 kl=0.009008234 consistency=0 lambda=0 beta=0.012 grad=6.316522 horizon=140 lifetime=[477,1858] skipped=False
2026-08-30 16:41:05,749 | INFO | step=70/20000 loss=4.139914 nll=4.13956 kl=0.02523855 consistency=0 lambda=0 beta=0.014 grad=13.4347 horizon=280 lifetime=[428,2237] skipped=False
2026-08-30 16:41:06,179 | INFO | step=80/20000 loss=2.601196 nll=2.600829 kl=0.02296891 consistency=0 lambda=0 beta=0.016 grad=6.864069 horizon=140 lifetime=[482,1858] skipped=False
2026-08-30 16:41:06,601 | INFO | step=90/20000 loss=0.796496 nll=0.7962332 kl=0.01460273 consistency=0 lambda=0 beta=0.018 grad=1.135049 horizon=220 lifetime=[607,1055] skipped=False
2026-08-30 16:41:06,996 | INFO | step=100/20000 loss=1.052287 nll=1.051575 kl=0.03561878 consistency=0 lambda=0 beta=0.02 grad=2.870796 horizon=220 lifetime=[437,988] skipped=False
2026-08-30 16:41:07,383 | INFO | step=110/20000 loss=0.9048581 nll=0.9045278 kl=0.01501185 consistency=0 lambda=0 beta=0.022 grad=3.087815 horizon=200 lifetime=[671,1071] skipped=False
2026-08-30 16:41:07,750 | INFO | step=120/20000 loss=0.9973883 nll=0.9969385 kl=0.01874076 consistency=0 lambda=0 beta=0.024 grad=1.731635 horizon=220 lifetime=[479,1091] skipped=False
2026-08-30 16:41:08,150 | INFO | step=130/20000 loss=0.8324412 nll=0.8318155 kl=0.02406517 consistency=0 lambda=0 beta=0.026 grad=1.481449 horizon=240 lifetime=[494,1052] skipped=False
2026-08-30 16:41:08,527 | INFO | step=140/20000 loss=1.037707 nll=1.035386 kl=0.08290792 consistency=0 lambda=0 beta=0.028 grad=11.63603 horizon=140 lifetime=[334,856] skipped=False
2026-08-30 16:41:08,970 | INFO | step=150/20000 loss=0.8374584 nll=0.8367779 kl=0.02268362 consistency=0 lambda=0 beta=0.03 grad=4.519931 horizon=300 lifetime=[648,1282] skipped=False
2026-08-30 16:41:09,372 | INFO | step=160/20000 loss=0.9769943 nll=0.9760162 kl=0.03056629 consistency=0 lambda=0 beta=0.032 grad=4.064494 horizon=140 lifetime=[470,1431] skipped=False
2026-08-30 16:41:09,810 | INFO | step=170/20000 loss=0.8783497 nll=0.8766506 kl=0.04997329 consistency=0 lambda=0 beta=0.034 grad=31.57124 horizon=100 lifetime=[428,774] skipped=False
2026-08-30 16:41:10,210 | INFO | step=180/20000 loss=1.167268 nll=1.163242 kl=0.1118112 consistency=0 lambda=0 beta=0.036 grad=23.64976 horizon=120 lifetime=[428,1052] skipped=False
2026-08-30 16:41:10,653 | INFO | step=190/20000 loss=1.543228 nll=1.542758 kl=0.01238559 consistency=0 lambda=0 beta=0.038 grad=7.680978 horizon=200 lifetime=[461,1858] skipped=False
2026-08-30 16:41:11,045 | INFO | step=200/20000 loss=1.718042 nll=1.71381 kl=0.1058118 consistency=0 lambda=0 beta=0.04 grad=19.90112 horizon=140 lifetime=[482,1858] skipped=False
2026-08-30 16:41:11,446 | INFO | step=210/20000 loss=0.3774305 nll=0.3728849 kl=0.1082283 consistency=0 lambda=0 beta=0.042 grad=12.22316 horizon=240 lifetime=[461,863] skipped=False
2026-08-30 16:41:11,878 | INFO | step=220/20000 loss=0.4157087 nll=0.4150165 kl=0.01573164 consistency=0 lambda=0 beta=0.044 grad=15.68948 horizon=200 lifetime=[498,1045] skipped=False
2026-08-30 16:41:12,283 | INFO | step=230/20000 loss=0.6405519 nll=0.6395895 kl=0.02092078 consistency=0 lambda=0 beta=0.046 grad=13.46862 horizon=240 lifetime=[334,1431] skipped=False
2026-08-30 16:41:12,700 | INFO | step=240/20000 loss=0.69241 nll=0.6894588 kl=0.06148299 consistency=0 lambda=0 beta=0.048 grad=36.50585 horizon=140 lifetime=[477,1071] skipped=False
2026-08-30 16:41:13,128 | INFO | step=250/20000 loss=0.5823311 nll=0.5790724 kl=0.06517471 consistency=0 lambda=0 beta=0.05 grad=11.82316 horizon=300 lifetime=[477,1055] skipped=False
2026-08-30 16:41:13,528 | INFO | step=260/20000 loss=1.749059 nll=1.746757 kl=0.0442761 consistency=0 lambda=0 beta=0.052 grad=15.07633 horizon=120 lifetime=[614,2237] skipped=False
2026-08-30 16:41:13,933 | INFO | step=270/20000 loss=0.3014432 nll=0.3000419 kl=0.02594898 consistency=0 lambda=0 beta=0.054 grad=26.43547 horizon=160 lifetime=[453,1282] skipped=False
2026-08-30 16:41:14,356 | INFO | step=280/20000 loss=0.5147358 nll=0.5132294 kl=0.02689864 consistency=0 lambda=0 beta=0.056 grad=14.89828 horizon=240 lifetime=[437,1313] skipped=False
2026-08-30 16:41:14,781 | INFO | step=290/20000 loss=0.1834102 nll=0.1788365 kl=0.07885583 consistency=0 lambda=0 beta=0.058 grad=12.35674 horizon=140 lifetime=[428,871] skipped=False
2026-08-30 16:41:15,168 | INFO | step=300/20000 loss=0.9062451 nll=0.9014219 kl=0.08038729 consistency=0 lambda=0 beta=0.06 grad=45.31345 horizon=140 lifetime=[442,1858] skipped=False
2026-08-30 16:41:15,565 | INFO | step=310/20000 loss=0.3178863 nll=0.3165996 kl=0.02075293 consistency=0 lambda=0 beta=0.062 grad=32.41145 horizon=280 lifetime=[461,1055] skipped=False
2026-08-30 16:41:15,978 | INFO | step=320/20000 loss=0.2078387 nll=0.2029624 kl=0.07619143 consistency=0 lambda=0 beta=0.064 grad=59.99668 horizon=200 lifetime=[334,1091] skipped=False
2026-08-30 16:41:16,376 | INFO | step=330/20000 loss=0.233004 nll=0.2319525 kl=0.01593307 consistency=0 lambda=0 beta=0.066 grad=19.91626 horizon=220 lifetime=[442,887] skipped=False
2026-08-30 16:41:16,775 | INFO | step=340/20000 loss=0.09749373 nll=0.09616828 kl=0.01949193 consistency=0 lambda=0 beta=0.068 grad=60.36184 horizon=220 lifetime=[461,1015] skipped=False
2026-08-30 16:41:17,194 | INFO | step=350/20000 loss=0.009776335 nll=0.008476734 kl=0.01856573 consistency=0 lambda=0 beta=0.07 grad=21.68633 horizon=280 lifetime=[465,1431] skipped=False
2026-08-30 16:41:17,647 | INFO | step=360/20000 loss=1.565345 nll=1.563687 kl=0.02302779 consistency=0 lambda=0 beta=0.072 grad=95.03255 horizon=180 lifetime=[437,2154] skipped=False
2026-08-30 16:41:18,033 | INFO | step=370/20000 loss=2.108381 nll=2.107691 kl=0.009326608 consistency=0 lambda=0 beta=0.074 grad=57.5536 horizon=140 lifetime=[147,933] skipped=False
2026-08-30 16:41:18,452 | INFO | step=380/20000 loss=0.2097633 nll=0.2066844 kl=0.04051141 consistency=0 lambda=0 beta=0.076 grad=8.297554 horizon=180 lifetime=[453,1705] skipped=False
2026-08-30 16:41:18,853 | INFO | step=390/20000 loss=0.4040043 nll=0.4030467 kl=0.01227787 consistency=0 lambda=0 beta=0.078 grad=66.30704 horizon=280 lifetime=[428,1282] skipped=False
2026-08-30 16:41:19,246 | INFO | step=400/20000 loss=0.6197487 nll=0.6123272 kl=0.09276848 consistency=0 lambda=0 beta=0.08 grad=45.86455 horizon=180 lifetime=[512,1045] skipped=False
2026-08-30 16:41:19,658 | INFO | step=410/20000 loss=0.4411586 nll=0.4360095 kl=0.06279439 consistency=0 lambda=0 beta=0.082 grad=14.93786 horizon=120 lifetime=[334,1431] skipped=False
2026-08-30 16:41:20,032 | INFO | step=420/20000 loss=0.6588017 nll=0.6550065 kl=0.04517997 consistency=0 lambda=0 beta=0.084 grad=38.72972 horizon=280 lifetime=[505,2154] skipped=False
2026-08-30 16:41:20,433 | INFO | step=430/20000 loss=0.1877472 nll=0.1865039 kl=0.01445669 consistency=0 lambda=0 beta=0.086 grad=25.44025 horizon=240 lifetime=[437,1061] skipped=False
2026-08-30 16:41:20,832 | INFO | step=440/20000 loss=0.9671721 nll=0.9642897 kl=0.0327556 consistency=0 lambda=0 beta=0.088 grad=112.963 horizon=240 lifetime=[477,1858] skipped=False
2026-08-30 16:41:21,253 | INFO | step=450/20000 loss=-0.03147275 nll=-0.0340777 kl=0.02894388 consistency=0 lambda=0 beta=0.09 grad=34.57378 horizon=180 lifetime=[476,1015] skipped=False
2026-08-30 16:41:21,639 | INFO | step=460/20000 loss=0.2103637 nll=0.2084278 kl=0.02104217 consistency=0 lambda=0 beta=0.092 grad=17.91799 horizon=220 lifetime=[480,1091] skipped=False
2026-08-30 16:41:22,053 | INFO | step=470/20000 loss=1.456061 nll=1.451408 kl=0.04950419 consistency=0 lambda=0 beta=0.094 grad=152.573 horizon=140 lifetime=[476,938] skipped=False
2026-08-30 16:41:22,428 | INFO | step=480/20000 loss=0.8841777 nll=0.8814738 kl=0.0281661 consistency=0 lambda=0 beta=0.096 grad=85.56332 horizon=200 lifetime=[428,1154] skipped=False
2026-08-30 16:41:22,859 | INFO | step=490/20000 loss=-0.1913886 nll=-0.1924544 kl=0.01087501 consistency=0 lambda=0 beta=0.098 grad=27.04462 horizon=300 lifetime=[460,1705] skipped=False
2026-08-30 16:41:23,689 | INFO | validation step=500 rmse=179.6826 best=179.6826@500 stale=0/10
2026-08-30 16:41:23,689 | INFO | step=500/20000 loss=0.4163953 nll=0.415259 kl=0.01136336 consistency=0 lambda=0 beta=0.1 grad=50.17098 horizon=260 lifetime=[494,1052] skipped=False
2026-08-30 16:41:24,126 | INFO | step=510/20000 loss=-0.1835485 nll=-0.1844849 kl=0.009179685 consistency=0 lambda=0 beta=0.102 grad=47.22242 horizon=160 lifetime=[428,871] skipped=False
2026-08-30 16:41:24,490 | INFO | step=520/20000 loss=0.6865541 nll=0.6777752 kl=0.08441288 consistency=0 lambda=0 beta=0.104 grad=16.8608 horizon=140 lifetime=[498,2154] skipped=False
2026-08-30 16:41:24,900 | INFO | step=530/20000 loss=0.5453005 nll=0.542335 kl=0.02797627 consistency=0 lambda=0 beta=0.106 grad=46.93538 horizon=260 lifetime=[614,2154] skipped=False
2026-08-30 16:41:25,286 | INFO | step=540/20000 loss=0.8816859 nll=0.8742172 kl=0.06915468 consistency=0 lambda=0 beta=0.108 grad=64.45942 horizon=180 lifetime=[491,2154] skipped=False
2026-08-30 16:41:25,685 | INFO | step=550/20000 loss=0.9035524 nll=0.8921931 kl=0.1032656 consistency=0 lambda=0 beta=0.11 grad=16.98763 horizon=300 lifetime=[437,2154] skipped=False
2026-08-30 16:41:26,083 | INFO | step=560/20000 loss=0.4993414 nll=0.4957907 kl=0.03170274 consistency=0 lambda=0 beta=0.112 grad=40.15689 horizon=120 lifetime=[462,933] skipped=False
2026-08-30 16:41:26,488 | INFO | step=570/20000 loss=0.9870592 nll=0.9835173 kl=0.03106849 consistency=0 lambda=0 beta=0.114 grad=63.6294 horizon=120 lifetime=[477,1705] skipped=False
2026-08-30 16:41:26,855 | INFO | step=580/20000 loss=0.1804172 nll=0.178149 kl=0.0195531 consistency=0 lambda=0 beta=0.116 grad=24.02702 horizon=300 lifetime=[437,1858] skipped=False
2026-08-30 16:41:27,230 | INFO | step=590/20000 loss=-0.07204102 nll=-0.07771777 kl=0.04810803 consistency=0 lambda=0 beta=0.118 grad=43.83865 horizon=140 lifetime=[461,1045] skipped=False
2026-08-30 16:41:27,610 | INFO | step=600/20000 loss=0.03319975 nll=0.02732754 kl=0.04893505 consistency=0 lambda=0 beta=0.12 grad=28.74652 horizon=140 lifetime=[465,1061] skipped=False
2026-08-30 16:41:28,016 | INFO | step=610/20000 loss=0.2478454 nll=0.2435774 kl=0.03498356 consistency=0 lambda=0 beta=0.122 grad=10.75129 horizon=100 lifetime=[453,863] skipped=False
2026-08-30 16:41:28,407 | INFO | step=620/20000 loss=0.5987966 nll=0.5979128 kl=0.00712765 consistency=0 lambda=0 beta=0.124 grad=39.36264 horizon=220 lifetime=[428,2237] skipped=False
2026-08-30 16:41:28,817 | INFO | step=630/20000 loss=0.5642691 nll=0.5543918 kl=0.07839121 consistency=0 lambda=0 beta=0.126 grad=47.52763 horizon=140 lifetime=[442,1313] skipped=False
2026-08-30 16:41:29,208 | INFO | step=640/20000 loss=0.1751693 nll=0.1711293 kl=0.0315626 consistency=0 lambda=0 beta=0.128 grad=56.99582 horizon=260 lifetime=[484,1045] skipped=False
2026-08-30 16:41:29,589 | INFO | step=650/20000 loss=0.6901877 nll=0.686361 kl=0.02943651 consistency=0 lambda=0 beta=0.13 grad=15.25204 horizon=120 lifetime=[476,1091] skipped=False
2026-08-30 16:41:29,984 | INFO | step=660/20000 loss=0.6967843 nll=0.6961508 kl=0.004799253 consistency=0 lambda=0 beta=0.132 grad=110.6249 horizon=180 lifetime=[614,1858] skipped=False
2026-08-30 16:41:30,388 | INFO | step=670/20000 loss=0.2117338 nll=0.2086567 kl=0.02296381 consistency=0 lambda=0 beta=0.134 grad=27.28929 horizon=260 lifetime=[465,1015] skipped=False
2026-08-30 16:41:30,806 | INFO | step=680/20000 loss=0.05322989 nll=0.05193677 kl=0.009508265 consistency=0 lambda=0 beta=0.136 grad=42.45751 horizon=280 lifetime=[465,1055] skipped=False
2026-08-30 16:41:31,203 | INFO | step=690/20000 loss=0.4818617 nll=0.4785068 kl=0.02431092 consistency=0 lambda=0 beta=0.138 grad=18.8901 horizon=160 lifetime=[501,1282] skipped=False
2026-08-30 16:41:31,633 | INFO | step=700/20000 loss=-0.3763829 nll=-0.3771541 kl=0.005508598 consistency=0 lambda=0 beta=0.14 grad=9.193281 horizon=300 lifetime=[462,856] skipped=False
2026-08-30 16:41:32,023 | INFO | step=710/20000 loss=0.0170941 nll=0.01484168 kl=0.01586214 consistency=0 lambda=0 beta=0.142 grad=58.35809 horizon=160 lifetime=[476,871] skipped=False
2026-08-30 16:41:32,357 | INFO | step=720/20000 loss=0.3600808 nll=0.3567704 kl=0.02298855 consistency=0 lambda=0 beta=0.144 grad=41.47781 horizon=100 lifetime=[460,874] skipped=False
2026-08-30 16:41:32,721 | INFO | step=730/20000 loss=0.4391055 nll=0.4372566 kl=0.01266352 consistency=0 lambda=0 beta=0.146 grad=12.29916 horizon=260 lifetime=[437,2237] skipped=False
2026-08-30 16:41:33,089 | INFO | step=740/20000 loss=-0.1743697 nll=-0.1769691 kl=0.01756367 consistency=0 lambda=0 beta=0.148 grad=31.08125 horizon=300 lifetime=[428,2154] skipped=False
2026-08-30 16:41:33,464 | INFO | step=750/20000 loss=-0.2831501 nll=-0.2844421 kl=0.008613391 consistency=0 lambda=0 beta=0.15 grad=57.79057 horizon=240 lifetime=[428,1055] skipped=False
2026-08-30 16:41:33,833 | INFO | step=760/20000 loss=0.4566015 nll=0.4541414 kl=0.01618495 consistency=0 lambda=0 beta=0.152 grad=110.3583 horizon=120 lifetime=[437,1045] skipped=False
2026-08-30 16:41:34,182 | INFO | step=770/20000 loss=-0.2198404 nll=-0.2287002 kl=0.05753101 consistency=0 lambda=0 beta=0.154 grad=29.31103 horizon=160 lifetime=[334,1061] skipped=False
2026-08-30 16:41:34,582 | INFO | step=780/20000 loss=0.1739598 nll=0.1721065 kl=0.01188037 consistency=0 lambda=0 beta=0.156 grad=11.17425 horizon=220 lifetime=[476,1431] skipped=False
2026-08-30 16:41:34,971 | INFO | step=790/20000 loss=1.758006 nll=1.748316 kl=0.0613305 consistency=0 lambda=0 beta=0.158 grad=204.289 horizon=240 lifetime=[777,1858] skipped=False
2026-08-30 16:41:35,332 | INFO | step=800/20000 loss=2.045136 nll=2.036758 kl=0.05235849 consistency=0 lambda=0 beta=0.16 grad=43.25248 horizon=120 lifetime=[147,1431] skipped=False
2026-08-30 16:41:35,736 | INFO | step=810/20000 loss=-0.04359745 nll=-0.04445764 kl=0.005309856 consistency=0 lambda=0 beta=0.162 grad=20.06406 horizon=200 lifetime=[462,1431] skipped=False
2026-08-30 16:41:36,119 | INFO | step=820/20000 loss=-0.01569567 nll=-0.02146059 kl=0.03515195 consistency=0 lambda=0 beta=0.164 grad=42.00723 horizon=120 lifetime=[480,891] skipped=False
2026-08-30 16:41:36,483 | INFO | step=830/20000 loss=-0.105066 nll=-0.1073784 kl=0.01392988 consistency=0 lambda=0 beta=0.166 grad=25.89617 horizon=240 lifetime=[482,1705] skipped=False
2026-08-30 16:41:36,844 | INFO | step=840/20000 loss=0.8625562 nll=0.8542638 kl=0.04935887 consistency=0 lambda=0 beta=0.168 grad=37.27511 horizon=140 lifetime=[460,1705] skipped=False
2026-08-30 16:41:37,240 | INFO | step=850/20000 loss=0.2599365 nll=0.2590561 kl=0.005178566 consistency=0 lambda=0 beta=0.17 grad=65.26906 horizon=240 lifetime=[482,1431] skipped=False
2026-08-30 16:41:37,618 | INFO | step=860/20000 loss=0.1025016 nll=0.1010381 kl=0.008508376 consistency=0 lambda=0 beta=0.172 grad=56.8273 horizon=300 lifetime=[460,1052] skipped=False
2026-08-30 16:41:37,959 | INFO | step=870/20000 loss=-0.04204421 nll=-0.04546542 kl=0.01966215 consistency=0 lambda=0 beta=0.174 grad=13.32969 horizon=160 lifetime=[437,877] skipped=False
2026-08-30 16:41:38,411 | INFO | step=880/20000 loss=0.09536392 nll=0.09327388 kl=0.01187525 consistency=0 lambda=0 beta=0.176 grad=14.53369 horizon=240 lifetime=[498,2237] skipped=False
2026-08-30 16:41:38,772 | INFO | step=890/20000 loss=0.08186258 nll=0.07807174 kl=0.02129683 consistency=0 lambda=0 beta=0.178 grad=43.47532 horizon=200 lifetime=[442,1007] skipped=False
2026-08-30 16:41:39,162 | INFO | step=900/20000 loss=-0.448978 nll=-0.4528487 kl=0.02150393 consistency=0 lambda=0 beta=0.18 grad=21.58801 horizon=180 lifetime=[470,1061] skipped=False
2026-08-30 16:41:39,504 | INFO | step=910/20000 loss=0.2372589 nll=0.2328644 kl=0.02414529 consistency=0 lambda=0 beta=0.182 grad=44.38848 horizon=200 lifetime=[482,1282] skipped=False
2026-08-30 16:41:39,881 | INFO | step=920/20000 loss=0.5384664 nll=0.5192501 kl=0.1044365 consistency=0 lambda=0 beta=0.184 grad=91.84948 horizon=100 lifetime=[484,1045] skipped=False
2026-08-30 16:41:40,296 | INFO | step=930/20000 loss=0.7886797 nll=0.7829491 kl=0.0308094 consistency=0 lambda=0 beta=0.186 grad=17.73338 horizon=140 lifetime=[526,1071] skipped=False
2026-08-30 16:41:40,693 | INFO | step=940/20000 loss=-0.09786445 nll=-0.1006112 kl=0.01461057 consistency=0 lambda=0 beta=0.188 grad=46.72061 horizon=260 lifetime=[476,1012] skipped=False
2026-08-30 16:41:41,084 | INFO | step=950/20000 loss=0.03894143 nll=0.02898727 kl=0.05239033 consistency=0 lambda=0 beta=0.19 grad=16.90766 horizon=220 lifetime=[461,1052] skipped=False
2026-08-30 16:41:41,524 | INFO | step=960/20000 loss=0.1458969 nll=0.143638 kl=0.01176537 consistency=0 lambda=0 beta=0.192 grad=31.34164 horizon=280 lifetime=[470,1154] skipped=False
2026-08-30 16:41:41,955 | INFO | step=970/20000 loss=-0.1484061 nll=-0.1494962 kl=0.005618644 consistency=0 lambda=0 beta=0.194 grad=7.870557 horizon=220 lifetime=[480,988] skipped=False
2026-08-30 16:41:42,399 | INFO | step=980/20000 loss=0.1139843 nll=0.1083048 kl=0.02897731 consistency=0 lambda=0 beta=0.196 grad=40.30027 horizon=180 lifetime=[437,2154] skipped=False
2026-08-30 16:41:42,774 | INFO | step=990/20000 loss=0.2800081 nll=0.2776302 kl=0.01200977 consistency=0 lambda=0 beta=0.198 grad=32.62407 horizon=180 lifetime=[460,1431] skipped=False
2026-08-30 16:41:43,475 | INFO | validation step=1000 rmse=147.1659 best=147.1659@1000 stale=0/10
2026-08-30 16:41:43,475 | INFO | step=1000/20000 loss=-0.2205496 nll=-0.2246443 kl=0.02047343 consistency=0 lambda=0 beta=0.2 grad=36.81608 horizon=260 lifetime=[437,826] skipped=False
2026-08-30 16:41:43,907 | INFO | step=1010/20000 loss=-0.1038112 nll=-0.1058114 kl=0.009902017 consistency=0 lambda=0 beta=0.202 grad=75.69135 horizon=220 lifetime=[334,1858] skipped=False
2026-08-30 16:41:44,277 | INFO | step=1020/20000 loss=0.652676 nll=0.6423368 kl=0.05068231 consistency=0 lambda=0 beta=0.204 grad=120.0864 horizon=180 lifetime=[428,1431] skipped=False
2026-08-30 16:41:44,683 | INFO | step=1030/20000 loss=-0.06021829 nll=-0.06142858 kl=0.005875155 consistency=0 lambda=0 beta=0.206 grad=31.49972 horizon=300 lifetime=[334,891] skipped=False
2026-08-30 16:41:45,072 | INFO | step=1040/20000 loss=0.4597391 nll=0.4544619 kl=0.02537129 consistency=0 lambda=0 beta=0.208 grad=84.565 horizon=100 lifetime=[477,719] skipped=False
2026-08-30 16:41:45,471 | INFO | step=1050/20000 loss=-0.285181 nll=-0.2905643 kl=0.02563457 consistency=0 lambda=0 beta=0.21 grad=55.31463 horizon=180 lifetime=[442,1015] skipped=False
2026-08-30 16:41:45,860 | INFO | step=1060/20000 loss=0.2111556 nll=0.207412 kl=0.01765842 consistency=0 lambda=0 beta=0.212 grad=24.91472 horizon=200 lifetime=[738,1313] skipped=False
2026-08-30 16:41:46,255 | INFO | step=1070/20000 loss=0.01532843 nll=0.01318124 kl=0.01003363 consistency=0 lambda=0 beta=0.214 grad=16.92368 horizon=300 lifetime=[480,877] skipped=False
2026-08-30 16:41:46,628 | INFO | step=1080/20000 loss=0.1867594 nll=0.1841227 kl=0.01220738 consistency=0 lambda=0 beta=0.216 grad=41.98078 horizon=260 lifetime=[462,1705] skipped=False
2026-08-30 16:41:47,009 | INFO | step=1090/20000 loss=-0.01423269 nll=-0.02308092 kl=0.0405882 consistency=0 lambda=0 beta=0.218 grad=18.56671 horizon=200 lifetime=[462,2237] skipped=False
2026-08-30 16:41:47,410 | INFO | step=1100/20000 loss=0.2648118 nll=0.2630035 kl=0.008219164 consistency=0 lambda=0 beta=0.22 grad=83.34683 horizon=220 lifetime=[557,1091] skipped=False
2026-08-30 16:41:47,785 | INFO | step=1110/20000 loss=-0.1078901 nll=-0.1139047 kl=0.02709277 consistency=0 lambda=0 beta=0.222 grad=52.82647 horizon=200 lifetime=[671,1055] skipped=False
2026-08-30 16:41:48,163 | INFO | step=1120/20000 loss=-0.2496492 nll=-0.251825 kl=0.009713332 consistency=0 lambda=0 beta=0.224 grad=18.79439 horizon=220 lifetime=[505,1431] skipped=False
2026-08-30 16:41:48,552 | INFO | step=1130/20000 loss=-0.4268211 nll=-0.433514 kl=0.02961466 consistency=0 lambda=0 beta=0.226 grad=43.04702 horizon=200 lifetime=[484,869] skipped=False
2026-08-30 16:41:48,909 | INFO | step=1140/20000 loss=0.6289256 nll=0.6219454 kl=0.0306151 consistency=0 lambda=0 beta=0.228 grad=28.0171 horizon=160 lifetime=[484,2154] skipped=False
2026-08-30 16:41:49,299 | INFO | step=1150/20000 loss=0.2639596 nll=0.2603832 kl=0.0155491 consistency=0 lambda=0 beta=0.23 grad=34.66153 horizon=120 lifetime=[498,1055] skipped=False
2026-08-30 16:41:49,724 | INFO | step=1160/20000 loss=0.3841191 nll=0.3825096 kl=0.006937208 consistency=0 lambda=0 beta=0.232 grad=75.20111 horizon=140 lifetime=[462,2154] skipped=False
2026-08-30 16:41:50,101 | INFO | step=1170/20000 loss=-0.02003579 nll=-0.0215327 kl=0.00639705 consistency=0 lambda=0 beta=0.234 grad=44.97237 horizon=280 lifetime=[442,1052] skipped=False
2026-08-30 16:41:50,500 | INFO | step=1180/20000 loss=-0.1295901 nll=-0.1365728 kl=0.02958804 consistency=0 lambda=0 beta=0.236 grad=10.10971 horizon=140 lifetime=[437,1313] skipped=False
2026-08-30 16:41:50,879 | INFO | step=1190/20000 loss=1.560269 nll=1.550465 kl=0.04119418 consistency=0 lambda=0 beta=0.238 grad=279.7684 horizon=100 lifetime=[498,2237] skipped=False
2026-08-30 16:41:51,303 | INFO | step=1200/20000 loss=0.414046 nll=0.4123297 kl=0.007151023 consistency=0 lambda=0 beta=0.24 grad=64.87165 horizon=260 lifetime=[460,1071] skipped=False
2026-08-30 16:41:51,696 | INFO | step=1210/20000 loss=-0.07121896 nll=-0.0762907 kl=0.02095758 consistency=0 lambda=0 beta=0.242 grad=23.29996 horizon=160 lifetime=[428,836] skipped=False
2026-08-30 16:41:52,079 | INFO | step=1220/20000 loss=0.2796811 nll=0.2764213 kl=0.0133599 consistency=0 lambda=0 beta=0.244 grad=9.344587 horizon=100 lifetime=[465,826] skipped=False
2026-08-30 16:41:52,483 | INFO | step=1230/20000 loss=0.2841511 nll=0.2822601 kl=0.007687109 consistency=0 lambda=0 beta=0.246 grad=54.50288 horizon=240 lifetime=[465,1431] skipped=False
2026-08-30 16:41:52,844 | INFO | step=1240/20000 loss=0.8768343 nll=0.8698031 kl=0.02835186 consistency=0 lambda=0 beta=0.248 grad=100.0178 horizon=120 lifetime=[460,2237] skipped=False
2026-08-30 16:41:53,324 | INFO | step=1250/20000 loss=0.3094253 nll=0.3087029 kl=0.002889697 consistency=0 lambda=0 beta=0.25 grad=59.19162 horizon=300 lifetime=[498,1282] skipped=False
2026-08-30 16:41:53,733 | INFO | step=1260/20000 loss=-0.08287776 nll=-0.08426112 kl=0.005489497 consistency=0 lambda=0 beta=0.252 grad=74.29472 horizon=260 lifetime=[482,874] skipped=False
2026-08-30 16:41:54,130 | INFO | step=1270/20000 loss=-0.18112 nll=-0.1835764 kl=0.009671016 consistency=0 lambda=0 beta=0.254 grad=20.89192 horizon=300 lifetime=[494,1045] skipped=False
2026-08-30 16:41:54,553 | INFO | step=1280/20000 loss=0.3305394 nll=0.328701 kl=0.007181427 consistency=0 lambda=0 beta=0.256 grad=93.71877 horizon=260 lifetime=[486,1091] skipped=False
2026-08-30 16:41:54,947 | INFO | step=1290/20000 loss=-0.05671153 nll=-0.06013457 kl=0.01326759 consistency=0 lambda=0 beta=0.258 grad=46.13346 horizon=220 lifetime=[334,1007] skipped=False
2026-08-30 16:41:55,379 | INFO | step=1300/20000 loss=0.1064831 nll=0.1049141 kl=0.006034803 consistency=0 lambda=0 beta=0.26 grad=55.0106 horizon=280 lifetime=[465,1015] skipped=False
2026-08-30 16:41:55,753 | INFO | step=1310/20000 loss=-0.1419273 nll=-0.1467523 kl=0.01841603 consistency=0 lambda=0 beta=0.262 grad=6.185608 horizon=180 lifetime=[460,1071] skipped=False
2026-08-30 16:41:56,125 | INFO | step=1320/20000 loss=-0.2056908 nll=-0.2095195 kl=0.01450245 consistency=0 lambda=0 beta=0.264 grad=17.65172 horizon=180 lifetime=[428,1313] skipped=False
2026-08-30 16:41:56,553 | INFO | step=1330/20000 loss=-0.5906405 nll=-0.5927081 kl=0.007772718 consistency=0 lambda=0 beta=0.266 grad=33.23013 horizon=300 lifetime=[462,871] skipped=False
2026-08-30 16:41:56,948 | INFO | step=1340/20000 loss=-0.5678767 nll=-0.5688137 kl=0.003496401 consistency=0 lambda=0 beta=0.268 grad=13.39963 horizon=240 lifetime=[334,828] skipped=False
2026-08-30 16:41:57,335 | INFO | step=1350/20000 loss=0.1577581 nll=0.1551495 kl=0.009661596 consistency=0 lambda=0 beta=0.27 grad=50.26046 horizon=280 lifetime=[491,2237] skipped=False
2026-08-30 16:41:57,755 | INFO | step=1360/20000 loss=0.1208311 nll=0.1159044 kl=0.01811306 consistency=0 lambda=0 beta=0.272 grad=32.76574 horizon=180 lifetime=[460,818] skipped=False
2026-08-30 16:41:58,172 | INFO | step=1370/20000 loss=0.160714 nll=0.1514425 kl=0.0338379 consistency=0 lambda=0 beta=0.274 grad=10.14232 horizon=100 lifetime=[428,1313] skipped=False
2026-08-30 16:41:58,565 | INFO | step=1380/20000 loss=0.2830246 nll=0.2798381 kl=0.01154519 consistency=0 lambda=0 beta=0.276 grad=47.68005 horizon=280 lifetime=[505,1858] skipped=False
2026-08-30 16:41:58,989 | INFO | step=1390/20000 loss=-0.1222237 nll=-0.125376 kl=0.01133913 consistency=0 lambda=0 beta=0.278 grad=40.76442 horizon=300 lifetime=[533,887] skipped=False
2026-08-30 16:41:59,384 | INFO | step=1400/20000 loss=0.7081088 nll=0.7063223 kl=0.006380416 consistency=0 lambda=0 beta=0.28 grad=69.67099 horizon=200 lifetime=[442,1858] skipped=False
2026-08-30 16:41:59,789 | INFO | step=1410/20000 loss=1.217519 nll=1.214986 kl=0.008982336 consistency=0 lambda=0 beta=0.282 grad=130.2713 horizon=180 lifetime=[477,988] skipped=False
2026-08-30 16:42:00,235 | INFO | step=1420/20000 loss=-0.2705602 nll=-0.2730488 kl=0.00876255 consistency=0 lambda=0 beta=0.284 grad=21.29066 horizon=240 lifetime=[477,1007] skipped=False
2026-08-30 16:42:00,624 | INFO | step=1430/20000 loss=0.4075333 nll=0.4052094 kl=0.008125514 consistency=0 lambda=0 beta=0.286 grad=84.89107 horizon=180 lifetime=[442,2237] skipped=False
2026-08-30 16:42:01,021 | INFO | step=1440/20000 loss=0.2855553 nll=0.2804824 kl=0.01761412 consistency=0 lambda=0 beta=0.288 grad=19.4497 horizon=100 lifetime=[494,887] skipped=False
2026-08-30 16:42:01,457 | INFO | step=1450/20000 loss=-0.2591983 nll=-0.2615701 kl=0.008178581 consistency=0 lambda=0 beta=0.29 grad=22.39139 horizon=220 lifetime=[476,930] skipped=False
2026-08-30 16:42:01,825 | INFO | step=1460/20000 loss=0.2182524 nll=0.2145504 kl=0.01267801 consistency=0 lambda=0 beta=0.292 grad=11.09844 horizon=120 lifetime=[437,1313] skipped=False
2026-08-30 16:42:02,233 | INFO | step=1470/20000 loss=1.900043 nll=1.897242 kl=0.009526378 consistency=0 lambda=0 beta=0.294 grad=84.80898 horizon=180 lifetime=[461,2154] skipped=False
2026-08-30 16:42:02,614 | INFO | step=1480/20000 loss=0.002391971 nll=-0.001298305 kl=0.01246715 consistency=0 lambda=0 beta=0.296 grad=29.39296 horizon=100 lifetime=[462,1071] skipped=False
2026-08-30 16:42:03,046 | INFO | step=1490/20000 loss=-0.04579144 nll=-0.04669917 kl=0.003046086 consistency=0 lambda=0 beta=0.298 grad=24.34748 horizon=300 lifetime=[460,1705] skipped=False
2026-08-30 16:42:03,740 | INFO | validation step=1500 rmse=183.7182 best=147.1659@1000 stale=1/10
2026-08-30 16:42:03,740 | INFO | step=1500/20000 loss=1.903455 nll=1.896658 kl=0.02265843 consistency=0 lambda=0 beta=0.3 grad=44.86455 horizon=100 lifetime=[147,1154] skipped=False
2026-08-30 16:42:04,153 | INFO | step=1510/20000 loss=0.9645124 nll=0.960507 kl=0.01326312 consistency=0 lambda=0 beta=0.302 grad=106.0344 horizon=180 lifetime=[334,1705] skipped=False
2026-08-30 16:42:04,583 | INFO | step=1520/20000 loss=0.08877341 nll=0.08284631 kl=0.01949702 consistency=0 lambda=0 beta=0.304 grad=20.95671 horizon=280 lifetime=[482,1061] skipped=False
2026-08-30 16:42:04,952 | INFO | step=1530/20000 loss=-0.04057422 nll=-0.04991306 kl=0.03051906 consistency=0 lambda=0 beta=0.306 grad=12.74797 horizon=120 lifetime=[453,921] skipped=False
2026-08-30 16:42:05,374 | INFO | step=1540/20000 loss=0.3951119 nll=0.3913328 kl=0.01226955 consistency=0 lambda=0 beta=0.308 grad=66.92027 horizon=220 lifetime=[428,1091] skipped=False
2026-08-30 16:42:05,760 | INFO | step=1550/20000 loss=0.01849467 nll=0.01438418 kl=0.01325964 consistency=0 lambda=0 beta=0.31 grad=24.14139 horizon=300 lifetime=[428,1091] skipped=False
2026-08-30 16:42:06,146 | INFO | step=1560/20000 loss=0.5492255 nll=0.5448743 kl=0.01394612 consistency=0 lambda=0 beta=0.312 grad=45.13536 horizon=120 lifetime=[428,938] skipped=False
2026-08-30 16:42:06,502 | INFO | step=1570/20000 loss=0.6476076 nll=0.6432013 kl=0.01403288 consistency=0 lambda=0 beta=0.314 grad=58.20013 horizon=120 lifetime=[334,1282] skipped=False
2026-08-30 16:42:06,891 | INFO | step=1580/20000 loss=0.3026137 nll=0.3004241 kl=0.006929144 consistency=0 lambda=0 beta=0.316 grad=81.76908 horizon=260 lifetime=[428,1313] skipped=False
2026-08-30 16:42:07,268 | INFO | step=1590/20000 loss=0.2839232 nll=0.281875 kl=0.006440759 consistency=0 lambda=0 beta=0.318 grad=27.1603 horizon=100 lifetime=[560,1313] skipped=False
2026-08-30 16:42:07,662 | INFO | step=1600/20000 loss=-0.5692067 nll=-0.57348 kl=0.01335391 consistency=0 lambda=0 beta=0.32 grad=26.7815 horizon=200 lifetime=[462,874] skipped=False
2026-08-30 16:42:08,013 | INFO | step=1610/20000 loss=1.022601 nll=1.016562 kl=0.01875547 consistency=0 lambda=0 beta=0.322 grad=50.73829 horizon=140 lifetime=[428,1858] skipped=False
2026-08-30 16:42:08,405 | INFO | step=1620/20000 loss=-0.2599462 nll=-0.268627 kl=0.0267927 consistency=0 lambda=0 beta=0.324 grad=42.29855 horizon=200 lifetime=[479,871] skipped=False
2026-08-30 16:42:08,748 | INFO | step=1630/20000 loss=0.8605629 nll=0.8435917 kl=0.05205867 consistency=0 lambda=0 beta=0.326 grad=18.67083 horizon=100 lifetime=[147,1313] skipped=False
2026-08-30 16:42:09,145 | INFO | step=1640/20000 loss=2.308624 nll=2.306894 kl=0.005275544 consistency=0 lambda=0 beta=0.328 grad=227.4069 horizon=220 lifetime=[476,2154] skipped=False
2026-08-30 16:42:09,533 | INFO | step=1650/20000 loss=0.4202046 nll=0.4178358 kl=0.007178035 consistency=0 lambda=0 beta=0.33 grad=25.3294 horizon=120 lifetime=[428,2237] skipped=False
2026-08-30 16:42:09,925 | INFO | step=1660/20000 loss=0.07104586 nll=0.06867647 kl=0.007136725 consistency=0 lambda=0 beta=0.332 grad=25.16875 horizon=240 lifetime=[428,1015] skipped=False
2026-08-30 16:42:10,311 | INFO | step=1670/20000 loss=-0.02385924 nll=-0.02498391 kl=0.003367271 consistency=0 lambda=0 beta=0.334 grad=28.03186 horizon=240 lifetime=[462,938] skipped=False
2026-08-30 16:42:10,716 | INFO | step=1680/20000 loss=-0.2745268 nll=-0.2772835 kl=0.008204313 consistency=0 lambda=0 beta=0.336 grad=11.02885 horizon=300 lifetime=[476,877] skipped=False
2026-08-30 16:42:11,102 | INFO | step=1690/20000 loss=0.03581398 nll=0.03335765 kl=0.007267257 consistency=0 lambda=0 beta=0.338 grad=17.44455 horizon=260 lifetime=[519,2237] skipped=False
2026-08-30 16:42:11,486 | INFO | step=1700/20000 loss=-0.4805734 nll=-0.4853606 kl=0.01407974 consistency=0 lambda=0 beta=0.34 grad=53.6287 horizon=280 lifetime=[460,1052] skipped=False
2026-08-30 16:42:11,900 | INFO | step=1710/20000 loss=1.362641 nll=1.360272 kl=0.006926131 consistency=0 lambda=0 beta=0.342 grad=206.9196 horizon=160 lifetime=[453,1705] skipped=False
2026-08-30 16:42:12,320 | INFO | step=1720/20000 loss=-0.1747757 nll=-0.1764511 kl=0.004870422 consistency=0 lambda=0 beta=0.344 grad=33.48138 horizon=300 lifetime=[477,1091] skipped=False
2026-08-30 16:42:12,723 | INFO | step=1730/20000 loss=0.8548146 nll=0.8520672 kl=0.007940688 consistency=0 lambda=0 beta=0.346 grad=60.51252 horizon=100 lifetime=[442,863] skipped=False
2026-08-30 16:42:13,119 | INFO | step=1740/20000 loss=-0.3011944 nll=-0.3032082 kl=0.005786588 consistency=0 lambda=0 beta=0.348 grad=10.40773 horizon=220 lifetime=[460,2237] skipped=False
2026-08-30 16:42:13,487 | INFO | step=1750/20000 loss=-0.7110526 nll=-0.71363 kl=0.007363939 consistency=0 lambda=0 beta=0.35 grad=19.3708 horizon=180 lifetime=[428,868] skipped=False
2026-08-30 16:42:13,908 | INFO | step=1760/20000 loss=0.05918032 nll=0.05702604 kl=0.006120113 consistency=0 lambda=0 beta=0.352 grad=100.4519 horizon=180 lifetime=[428,891] skipped=False
2026-08-30 16:42:14,285 | INFO | step=1770/20000 loss=-0.4328795 nll=-0.4388292 kl=0.01680708 consistency=0 lambda=0 beta=0.354 grad=10.24698 horizon=280 lifetime=[486,988] skipped=False
2026-08-30 16:42:14,645 | INFO | step=1780/20000 loss=0.07560762 nll=0.06997801 kl=0.01581352 consistency=0 lambda=0 beta=0.356 grad=18.34143 horizon=100 lifetime=[437,1012] skipped=False
2026-08-30 16:42:14,979 | INFO | step=1790/20000 loss=-0.1808537 nll=-0.1862276 kl=0.01501089 consistency=0 lambda=0 beta=0.358 grad=12.34229 horizon=140 lifetime=[428,988] skipped=False
2026-08-30 16:42:15,372 | INFO | step=1800/20000 loss=-0.1415661 nll=-0.1520007 kl=0.02898501 consistency=0 lambda=0 beta=0.36 grad=99.02569 horizon=200 lifetime=[460,841] skipped=False
2026-08-30 16:42:15,747 | INFO | step=1810/20000 loss=-0.5310313 nll=-0.5403957 kl=0.02586859 consistency=0 lambda=0 beta=0.362 grad=14.31481 horizon=200 lifetime=[614,887] skipped=False
2026-08-30 16:42:16,113 | INFO | step=1820/20000 loss=1.793177 nll=1.787043 kl=0.01685242 consistency=0 lambda=0 beta=0.364 grad=60.38158 horizon=100 lifetime=[147,2237] skipped=False
2026-08-30 16:42:16,467 | INFO | step=1830/20000 loss=-0.253913 nll=-0.256304 kl=0.006532706 consistency=0 lambda=0 beta=0.366 grad=38.99506 horizon=200 lifetime=[460,988] skipped=False
2026-08-30 16:42:16,867 | INFO | step=1840/20000 loss=-0.02537947 nll=-0.02898394 kl=0.009794768 consistency=0 lambda=0 beta=0.368 grad=49.8182 horizon=300 lifetime=[479,2237] skipped=False
2026-08-30 16:42:17,264 | INFO | step=1850/20000 loss=0.05942901 nll=0.05514276 kl=0.01158446 consistency=0 lambda=0 beta=0.37 grad=41.65856 horizon=160 lifetime=[599,964] skipped=False
2026-08-30 16:42:17,691 | INFO | step=1860/20000 loss=0.1251666 nll=0.1236896 kl=0.00397021 consistency=0 lambda=0 beta=0.372 grad=67.36356 horizon=200 lifetime=[428,988] skipped=False
2026-08-30 16:42:18,065 | INFO | step=1870/20000 loss=-0.202013 nll=-0.2043574 kl=0.006268542 consistency=0 lambda=0 beta=0.374 grad=23.75645 horizon=260 lifetime=[494,1858] skipped=False
2026-08-30 16:42:18,469 | INFO | step=1880/20000 loss=0.6966928 nll=0.6940577 kl=0.00700815 consistency=0 lambda=0 beta=0.376 grad=142.733 horizon=160 lifetime=[461,1705] skipped=False
2026-08-30 16:42:18,855 | INFO | step=1890/20000 loss=0.06936142 nll=0.06505491 kl=0.01139289 consistency=0 lambda=0 beta=0.378 grad=81.56081 horizon=280 lifetime=[460,2237] skipped=False
2026-08-30 16:42:19,214 | INFO | step=1900/20000 loss=-0.3719426 nll=-0.3733758 kl=0.003771445 consistency=0 lambda=0 beta=0.38 grad=12.65841 horizon=200 lifetime=[488,1061] skipped=False
2026-08-30 16:42:19,626 | INFO | step=1910/20000 loss=0.1049664 nll=0.09908572 kl=0.01539445 consistency=0 lambda=0 beta=0.382 grad=32.95032 horizon=180 lifetime=[671,1858] skipped=False
2026-08-30 16:42:20,021 | INFO | step=1920/20000 loss=0.04003188 nll=0.03679155 kl=0.008438369 consistency=0 lambda=0 beta=0.384 grad=18.58557 horizon=160 lifetime=[460,2237] skipped=False
2026-08-30 16:42:20,362 | INFO | step=1930/20000 loss=1.973938 nll=1.971134 kl=0.00726546 consistency=0 lambda=0 beta=0.386 grad=174.2416 horizon=220 lifetime=[453,2237] skipped=False
2026-08-30 16:42:20,768 | INFO | step=1940/20000 loss=-0.4925101 nll=-0.4947827 kl=0.00585738 consistency=0 lambda=0 beta=0.388 grad=31.401 horizon=280 lifetime=[470,988] skipped=False
2026-08-30 16:42:21,178 | INFO | step=1950/20000 loss=0.02127855 nll=0.01640168 kl=0.01250479 consistency=0 lambda=0 beta=0.39 grad=119.9705 horizon=300 lifetime=[460,1055] skipped=False
2026-08-30 16:42:21,579 | INFO | step=1960/20000 loss=-0.1846879 nll=-0.1875343 kl=0.00726133 consistency=0 lambda=0 beta=0.392 grad=26.26535 horizon=160 lifetime=[453,1705] skipped=False
2026-08-30 16:42:21,964 | INFO | step=1970/20000 loss=0.858238 nll=0.8521829 kl=0.01536825 consistency=0 lambda=0 beta=0.394 grad=56.24052 horizon=140 lifetime=[491,1705] skipped=False
2026-08-30 16:42:22,386 | INFO | step=1980/20000 loss=0.02332836 nll=0.0215238 kl=0.004556958 consistency=0 lambda=0 beta=0.396 grad=50.84586 horizon=180 lifetime=[460,1282] skipped=False
2026-08-30 16:42:22,735 | INFO | step=1990/20000 loss=0.5741351 nll=0.5727143 kl=0.003569823 consistency=0 lambda=0 beta=0.398 grad=32.15375 horizon=100 lifetime=[428,2154] skipped=False
2026-08-30 16:42:23,473 | INFO | validation step=2000 rmse=122.6296 best=122.6296@2000 stale=0/10
2026-08-30 16:42:23,473 | INFO | step=2000/20000 loss=0.1434142 nll=0.1376582 kl=0.01438996 consistency=0 lambda=0 beta=0.4 grad=32.23774 horizon=160 lifetime=[334,1052] skipped=False
2026-08-30 16:42:23,923 | INFO | step=2010/20000 loss=-0.1738096 nll=-0.1766629 kl=0.007097706 consistency=0 lambda=0 beta=0.402 grad=56.0256 horizon=240 lifetime=[428,863] skipped=False
2026-08-30 16:42:24,316 | INFO | step=2020/20000 loss=-0.1100193 nll=-0.1126806 kl=0.00658717 consistency=0 lambda=0 beta=0.404 grad=25.84701 horizon=160 lifetime=[461,1091] skipped=False
2026-08-30 16:42:24,724 | INFO | step=2030/20000 loss=-0.5273118 nll=-0.5306758 kl=0.008285671 consistency=0 lambda=0 beta=0.406 grad=30.47511 horizon=240 lifetime=[334,2154] skipped=False
2026-08-30 16:42:25,110 | INFO | step=2040/20000 loss=-0.7145739 nll=-0.7172898 kl=0.006656602 consistency=0 lambda=0 beta=0.408 grad=15.41217 horizon=180 lifetime=[476,863] skipped=False
2026-08-30 16:42:25,532 | INFO | step=2050/20000 loss=0.2936182 nll=0.2895499 kl=0.009922585 consistency=0 lambda=0 beta=0.41 grad=45.92126 horizon=160 lifetime=[479,1858] skipped=False
2026-08-30 16:42:25,934 | INFO | step=2060/20000 loss=0.09857438 nll=0.09487873 kl=0.008970028 consistency=0 lambda=0 beta=0.412 grad=16.44899 horizon=160 lifetime=[484,1431] skipped=False
2026-08-30 16:42:26,346 | INFO | step=2070/20000 loss=0.3929017 nll=0.3855475 kl=0.01776381 consistency=0 lambda=0 beta=0.414 grad=37.37505 horizon=100 lifetime=[488,964] skipped=False
2026-08-30 16:42:26,706 | INFO | step=2080/20000 loss=-0.1747277 nll=-0.1788804 kl=0.009982569 consistency=0 lambda=0 beta=0.416 grad=12.59226 horizon=140 lifetime=[465,921] skipped=False
2026-08-30 16:42:27,087 | INFO | step=2090/20000 loss=-0.3223031 nll=-0.3248318 kl=0.00604951 consistency=0 lambda=0 beta=0.418 grad=45.70722 horizon=160 lifetime=[470,877] skipped=False
2026-08-30 16:42:27,481 | INFO | step=2100/20000 loss=-0.1573194 nll=-0.1598099 kl=0.005929761 consistency=0 lambda=0 beta=0.42 grad=49.43962 horizon=300 lifetime=[437,988] skipped=False
2026-08-30 16:42:27,876 | INFO | step=2110/20000 loss=0.2999063 nll=0.2971536 kl=0.006523076 consistency=0 lambda=0 beta=0.422 grad=22.84303 horizon=160 lifetime=[461,2154] skipped=False
2026-08-30 16:42:28,338 | INFO | step=2120/20000 loss=-0.3580968 nll=-0.3605808 kl=0.005858477 consistency=0 lambda=0 beta=0.424 grad=26.77358 horizon=280 lifetime=[428,1061] skipped=False
2026-08-30 16:42:28,762 | INFO | step=2130/20000 loss=0.3563527 nll=0.3534349 kl=0.006849237 consistency=0 lambda=0 beta=0.426 grad=38.93079 horizon=300 lifetime=[512,2154] skipped=False
2026-08-30 16:42:29,173 | INFO | step=2140/20000 loss=-0.7138045 nll=-0.7150725 kl=0.00296269 consistency=0 lambda=0 beta=0.428 grad=22.59137 horizon=300 lifetime=[442,841] skipped=False
2026-08-30 16:42:29,559 | INFO | step=2150/20000 loss=0.09726728 nll=0.09109849 kl=0.014346 consistency=0 lambda=0 beta=0.43 grad=31.35106 horizon=100 lifetime=[460,1431] skipped=False
2026-08-30 16:42:29,947 | INFO | step=2160/20000 loss=0.2844474 nll=0.2811415 kl=0.007652345 consistency=0 lambda=0 beta=0.432 grad=29.83363 horizon=100 lifetime=[462,1012] skipped=False
2026-08-30 16:42:30,350 | INFO | step=2170/20000 loss=-0.07100383 nll=-0.0724843 kl=0.003411215 consistency=0 lambda=0 beta=0.434 grad=80.67162 horizon=180 lifetime=[334,1313] skipped=False
2026-08-30 16:42:30,757 | INFO | step=2180/20000 loss=0.526882 nll=0.5250223 kl=0.004265483 consistency=0 lambda=0 beta=0.436 grad=157.0474 horizon=260 lifetime=[470,1055] skipped=False
2026-08-30 16:42:31,125 | INFO | step=2190/20000 loss=-0.1632751 nll=-0.1673142 kl=0.009221734 consistency=0 lambda=0 beta=0.438 grad=22.7368 horizon=140 lifetime=[428,921] skipped=False
2026-08-30 16:42:31,523 | INFO | step=2200/20000 loss=-0.7915333 nll=-0.7919992 kl=0.001058903 consistency=0 lambda=0 beta=0.44 grad=23.98773 horizon=300 lifetime=[480,921] skipped=False
2026-08-30 16:42:31,913 | INFO | step=2210/20000 loss=0.7197756 nll=0.7170059 kl=0.006266352 consistency=0 lambda=0 beta=0.442 grad=33.04793 horizon=180 lifetime=[498,2154] skipped=False
2026-08-30 16:42:32,342 | INFO | step=2220/20000 loss=-0.1907319 nll=-0.1931307 kl=0.005402811 consistency=0 lambda=0 beta=0.444 grad=33.70443 horizon=300 lifetime=[505,1705] skipped=False
2026-08-30 16:42:32,756 | INFO | step=2230/20000 loss=0.4487284 nll=0.4459018 kl=0.006337639 consistency=0 lambda=0 beta=0.446 grad=38.44021 horizon=120 lifetime=[476,2237] skipped=False
2026-08-30 16:42:33,186 | INFO | step=2240/20000 loss=-0.4031965 nll=-0.406902 kl=0.008271325 consistency=0 lambda=0 beta=0.448 grad=63.932 horizon=280 lifetime=[428,1052] skipped=False
2026-08-30 16:42:33,572 | INFO | step=2250/20000 loss=0.06218349 nll=0.05830227 kl=0.008624933 consistency=0 lambda=0 beta=0.45 grad=16.29648 horizon=140 lifetime=[462,1055] skipped=False
2026-08-30 16:42:33,982 | INFO | step=2260/20000 loss=0.3695535 nll=0.3645481 kl=0.01107399 consistency=0 lambda=0 beta=0.452 grad=16.70117 horizon=140 lifetime=[147,863] skipped=False
2026-08-30 16:42:34,400 | INFO | step=2270/20000 loss=0.684669 nll=0.6787132 kl=0.01311837 consistency=0 lambda=0 beta=0.454 grad=56.28885 horizon=160 lifetime=[460,1431] skipped=False
2026-08-30 16:42:34,798 | INFO | step=2280/20000 loss=0.1967515 nll=0.1933262 kl=0.007511519 consistency=0 lambda=0 beta=0.456 grad=45.24192 horizon=120 lifetime=[476,1045] skipped=False
2026-08-30 16:42:35,236 | INFO | step=2290/20000 loss=0.1519513 nll=0.1505 kl=0.003168836 consistency=0 lambda=0 beta=0.458 grad=43.58553 horizon=240 lifetime=[486,2154] skipped=False
2026-08-30 16:42:35,628 | INFO | step=2300/20000 loss=0.3861609 nll=0.3811073 kl=0.01098603 consistency=0 lambda=0 beta=0.46 grad=33.72221 horizon=100 lifetime=[442,1858] skipped=False
2026-08-30 16:42:36,041 | INFO | step=2310/20000 loss=-0.1656139 nll=-0.1684641 kl=0.006169248 consistency=0 lambda=0 beta=0.462 grad=16.76526 horizon=160 lifetime=[428,2154] skipped=False
2026-08-30 16:42:36,427 | INFO | step=2320/20000 loss=-0.07104335 nll=-0.07524094 kl=0.009046532 consistency=0 lambda=0 beta=0.464 grad=42.19377 horizon=300 lifetime=[334,1858] skipped=False
2026-08-30 16:42:36,812 | INFO | step=2330/20000 loss=0.4326657 nll=0.4295477 kl=0.006691083 consistency=0 lambda=0 beta=0.466 grad=129.0051 horizon=240 lifetime=[476,1091] skipped=False
2026-08-30 16:42:37,190 | INFO | step=2340/20000 loss=-0.03012376 nll=-0.03210208 kl=0.004227165 consistency=0 lambda=0 beta=0.468 grad=35.5211 horizon=160 lifetime=[494,1015] skipped=False
2026-08-30 16:42:37,587 | INFO | step=2350/20000 loss=-0.7456201 nll=-0.7501833 kl=0.009708837 consistency=0 lambda=0 beta=0.47 grad=55.80615 horizon=260 lifetime=[428,863] skipped=False
2026-08-30 16:42:37,982 | INFO | step=2360/20000 loss=0.3370112 nll=0.3355263 kl=0.003145932 consistency=0 lambda=0 beta=0.472 grad=37.56314 horizon=100 lifetime=[460,933] skipped=False
2026-08-30 16:42:38,397 | INFO | step=2370/20000 loss=-0.05867062 nll=-0.0610031 kl=0.004920848 consistency=0 lambda=0 beta=0.474 grad=66.70425 horizon=220 lifetime=[461,1282] skipped=False
2026-08-30 16:42:38,792 | INFO | step=2380/20000 loss=-0.1130258 nll=-0.1156764 kl=0.005568426 consistency=0 lambda=0 beta=0.476 grad=18.64537 horizon=120 lifetime=[476,921] skipped=False
2026-08-30 16:42:39,179 | INFO | step=2390/20000 loss=-0.4786123 nll=-0.4833181 kl=0.00984481 consistency=0 lambda=0 beta=0.478 grad=13.12707 horizon=300 lifetime=[334,1015] skipped=False
2026-08-30 16:42:39,563 | INFO | step=2400/20000 loss=-0.3447792 nll=-0.3472757 kl=0.005201036 consistency=0 lambda=0 beta=0.48 grad=27.66785 horizon=260 lifetime=[334,1052] skipped=False
2026-08-30 16:42:39,964 | INFO | step=2410/20000 loss=0.1998037 nll=0.1983663 kl=0.002982172 consistency=0 lambda=0 beta=0.482 grad=66.68577 horizon=120 lifetime=[334,988] skipped=False
2026-08-30 16:42:40,380 | INFO | step=2420/20000 loss=0.5253896 nll=0.522639 kl=0.005682966 consistency=0 lambda=0 beta=0.484 grad=119.3898 horizon=240 lifetime=[428,2154] skipped=False
2026-08-30 16:42:40,779 | INFO | step=2430/20000 loss=0.01268295 nll=0.00945155 kl=0.006648977 consistency=0 lambda=0 beta=0.486 grad=29.09262 horizon=140 lifetime=[428,877] skipped=False
2026-08-30 16:42:41,158 | INFO | step=2440/20000 loss=0.01748058 nll=0.01272953 kl=0.009735774 consistency=0 lambda=0 beta=0.488 grad=24.54642 horizon=120 lifetime=[460,1045] skipped=False
2026-08-30 16:42:41,530 | INFO | step=2450/20000 loss=-0.05336919 nll=-0.05728317 kl=0.007987703 consistency=0 lambda=0 beta=0.49 grad=11.55598 horizon=140 lifetime=[476,1282] skipped=False
2026-08-30 16:42:41,967 | INFO | step=2460/20000 loss=-0.5070001 nll=-0.5086011 kl=0.00325398 consistency=0 lambda=0 beta=0.492 grad=46.42665 horizon=260 lifetime=[437,877] skipped=False
2026-08-30 16:42:42,382 | INFO | step=2470/20000 loss=1.306034 nll=1.303699 kl=0.004725033 consistency=0 lambda=0 beta=0.494 grad=inf horizon=300 lifetime=[437,1052] skipped=True
2026-08-30 16:42:42,790 | INFO | step=2480/20000 loss=-0.2955759 nll=-0.2967728 kl=0.002413159 consistency=0 lambda=0 beta=0.496 grad=24.39155 horizon=240 lifetime=[488,1012] skipped=False
2026-08-30 16:42:43,131 | INFO | step=2490/20000 loss=-0.5384318 nll=-0.5399071 kl=0.00296242 consistency=0 lambda=0 beta=0.498 grad=14.10764 horizon=140 lifetime=[453,891] skipped=False
2026-08-30 16:42:43,782 | INFO | validation step=2500 rmse=134.5745 best=122.6296@2000 stale=1/10
2026-08-30 16:42:43,782 | INFO | step=2500/20000 loss=0.2683573 nll=0.2671236 kl=0.002467472 consistency=0 lambda=0 beta=0.5 grad=75.10349 horizon=280 lifetime=[519,1154] skipped=False
2026-08-30 16:42:44,256 | INFO | step=2510/20000 loss=-0.2122351 nll=-0.2139239 kl=0.003364094 consistency=0 lambda=0 beta=0.502 grad=29.53687 horizon=300 lifetime=[453,1705] skipped=False
2026-08-30 16:42:44,621 | INFO | step=2520/20000 loss=0.03268825 nll=0.02868992 kl=0.00793319 consistency=0 lambda=0 beta=0.504 grad=56.84296 horizon=120 lifetime=[470,828] skipped=False
2026-08-30 16:42:45,012 | INFO | step=2530/20000 loss=-0.06797854 nll=-0.06965615 kl=0.00331543 consistency=0 lambda=0 beta=0.506 grad=24.24551 horizon=180 lifetime=[480,1705] skipped=False
2026-08-30 16:42:45,483 | INFO | step=2540/20000 loss=-0.008622902 nll=-0.01042302 kl=0.003543537 consistency=0 lambda=0 beta=0.508 grad=60.32763 horizon=300 lifetime=[428,1858] skipped=False
2026-08-30 16:42:45,902 | INFO | step=2550/20000 loss=0.2263796 nll=0.2190019 kl=0.01446607 consistency=0 lambda=0 beta=0.51 grad=12.20772 horizon=100 lifetime=[482,1858] skipped=False
2026-08-30 16:42:46,290 | INFO | step=2560/20000 loss=0.32777 nll=0.3261817 kl=0.003102075 consistency=0 lambda=0 beta=0.512 grad=51.75181 horizon=180 lifetime=[479,1154] skipped=False
2026-08-30 16:42:46,764 | INFO | step=2570/20000 loss=-0.2485184 nll=-0.2495279 kl=0.001964085 consistency=0 lambda=0 beta=0.514 grad=17.07376 horizon=140 lifetime=[476,1012] skipped=False
2026-08-30 16:42:47,191 | INFO | step=2580/20000 loss=-0.2145817 nll=-0.216418 kl=0.003558751 consistency=0 lambda=0 beta=0.516 grad=35.01849 horizon=240 lifetime=[428,2154] skipped=False
2026-08-30 16:42:47,589 | INFO | step=2590/20000 loss=-0.2389217 nll=-0.2421342 kl=0.0062018 consistency=0 lambda=0 beta=0.518 grad=18.97819 horizon=220 lifetime=[334,2154] skipped=False
2026-08-30 16:42:47,991 | INFO | step=2600/20000 loss=1.091828 nll=1.090278 kl=0.002980551 consistency=0 lambda=0 beta=0.52 grad=94.2012 horizon=200 lifetime=[505,1154] skipped=False
2026-08-30 16:42:48,373 | INFO | step=2610/20000 loss=3.326592 nll=3.325179 kl=0.002708056 consistency=0 lambda=0 beta=0.522 grad=inf horizon=280 lifetime=[476,930] skipped=True
2026-08-30 16:42:48,757 | INFO | step=2620/20000 loss=0.0537912 nll=0.04960601 kl=0.007986994 consistency=0 lambda=0 beta=0.524 grad=71.57405 horizon=220 lifetime=[476,2237] skipped=False
2026-08-30 16:42:49,173 | INFO | step=2630/20000 loss=-0.1706396 nll=-0.1729714 kl=0.004433185 consistency=0 lambda=0 beta=0.526 grad=26.49032 horizon=100 lifetime=[488,826] skipped=False
2026-08-30 16:42:49,543 | INFO | step=2640/20000 loss=-0.8853134 nll=-0.8868428 kl=0.002896667 consistency=0 lambda=0 beta=0.528 grad=25.66178 horizon=220 lifetime=[476,1052] skipped=False
2026-08-30 16:42:49,925 | INFO | step=2650/20000 loss=-0.439498 nll=-0.4431862 kl=0.006958857 consistency=0 lambda=0 beta=0.53 grad=9.902534 horizon=200 lifetime=[484,1091] skipped=False
2026-08-30 16:42:50,323 | INFO | step=2660/20000 loss=0.2124223 nll=0.2104888 kl=0.003634263 consistency=0 lambda=0 beta=0.532 grad=11.42536 horizon=120 lifetime=[437,1071] skipped=False
2026-08-30 16:42:50,748 | INFO | step=2670/20000 loss=0.3486106 nll=0.3448246 kl=0.00709001 consistency=0 lambda=0 beta=0.534 grad=16.78953 horizon=200 lifetime=[470,1858] skipped=False
2026-08-30 16:42:51,101 | INFO | step=2680/20000 loss=0.8002498 nll=0.7971601 kl=0.005764209 consistency=0 lambda=0 beta=0.536 grad=65.81503 horizon=160 lifetime=[633,2154] skipped=False
2026-08-30 16:42:51,540 | INFO | step=2690/20000 loss=-0.2943849 nll=-0.2969448 kl=0.004758053 consistency=0 lambda=0 beta=0.538 grad=17.24841 horizon=160 lifetime=[687,1061] skipped=False
2026-08-30 16:42:51,921 | INFO | step=2700/20000 loss=-0.9707404 nll=-0.9737735 kl=0.005616732 consistency=0 lambda=0 beta=0.54 grad=10.00965 horizon=200 lifetime=[477,933] skipped=False
2026-08-30 16:42:52,332 | INFO | step=2710/20000 loss=-0.2473488 nll=-0.2498136 kl=0.004547589 consistency=0 lambda=0 beta=0.542 grad=109.6837 horizon=280 lifetime=[482,1045] skipped=False
2026-08-30 16:42:52,735 | INFO | step=2720/20000 loss=0.004341836 nll=0.003159493 kl=0.002173424 consistency=0 lambda=0 beta=0.544 grad=47.45736 horizon=220 lifetime=[484,2154] skipped=False
2026-08-30 16:42:53,305 | INFO | step=2730/20000 loss=0.7744153 nll=0.7723876 kl=0.003713608 consistency=0 lambda=0 beta=0.546 grad=166.2567 horizon=280 lifetime=[428,1055] skipped=False
2026-08-30 16:42:53,747 | INFO | step=2740/20000 loss=-0.3549419 nll=-0.3567927 kl=0.003377333 consistency=0 lambda=0 beta=0.548 grad=32.48809 horizon=160 lifetime=[437,1007] skipped=False
2026-08-30 16:42:54,182 | INFO | step=2750/20000 loss=0.04369526 nll=0.04054222 kl=0.005732805 consistency=0 lambda=0 beta=0.55 grad=13.76693 horizon=220 lifetime=[428,2154] skipped=False
2026-08-30 16:42:54,590 | INFO | step=2760/20000 loss=-0.3755815 nll=-0.381638 kl=0.0109719 consistency=0 lambda=0 beta=0.552 grad=19.17824 horizon=180 lifetime=[460,930] skipped=False
2026-08-30 16:42:55,032 | INFO | step=2770/20000 loss=-0.00668257 nll=-0.008476183 kl=0.003237568 consistency=0 lambda=0 beta=0.554 grad=102.3738 horizon=240 lifetime=[486,988] skipped=False
2026-08-30 16:42:55,457 | INFO | step=2780/20000 loss=0.2001988 nll=0.1978187 kl=0.004280716 consistency=0 lambda=0 beta=0.556 grad=71.44217 horizon=300 lifetime=[484,1705] skipped=False
2026-08-30 16:42:55,843 | INFO | step=2790/20000 loss=-0.2345543 nll=-0.2378561 kl=0.005917285 consistency=0 lambda=0 beta=0.558 grad=14.75248 horizon=120 lifetime=[437,2154] skipped=False
2026-08-30 16:42:56,244 | INFO | step=2800/20000 loss=0.5064442 nll=0.5016524 kl=0.008556773 consistency=0 lambda=0 beta=0.56 grad=44.8385 horizon=100 lifetime=[442,988] skipped=False
2026-08-30 16:42:56,654 | INFO | step=2810/20000 loss=-0.4630756 nll=-0.4657836 kl=0.004818414 consistency=0 lambda=0 beta=0.562 grad=48.36921 horizon=260 lifetime=[428,1282] skipped=False
2026-08-30 16:42:57,061 | INFO | step=2820/20000 loss=-0.6258695 nll=-0.6264991 kl=0.001116265 consistency=0 lambda=0 beta=0.564 grad=17.91404 horizon=260 lifetime=[470,1858] skipped=False
2026-08-30 16:42:57,473 | INFO | step=2830/20000 loss=-0.01004687 nll=-0.01312945 kl=0.00544627 consistency=0 lambda=0 beta=0.566 grad=28.55182 horizon=120 lifetime=[334,1045] skipped=False
2026-08-30 16:42:57,899 | INFO | step=2840/20000 loss=0.3791684 nll=0.3754126 kl=0.006612236 consistency=0 lambda=0 beta=0.568 grad=66.7299 horizon=220 lifetime=[486,1012] skipped=False
2026-08-30 16:42:58,328 | INFO | step=2850/20000 loss=-0.8591343 nll=-0.8616868 kl=0.004478157 consistency=0 lambda=0 beta=0.57 grad=43.44687 horizon=280 lifetime=[460,1858] skipped=False
2026-08-30 16:42:58,690 | INFO | step=2860/20000 loss=0.03059074 nll=0.02607657 kl=0.007891901 consistency=0 lambda=0 beta=0.572 grad=9.78205 horizon=100 lifetime=[480,1052] skipped=False
2026-08-30 16:42:59,079 | INFO | step=2870/20000 loss=-0.5896836 nll=-0.5904619 kl=0.001355837 consistency=0 lambda=0 beta=0.574 grad=21.54946 horizon=260 lifetime=[437,988] skipped=False
2026-08-30 16:42:59,478 | INFO | step=2880/20000 loss=0.2363663 nll=0.2312981 kl=0.008798849 consistency=0 lambda=0 beta=0.576 grad=26.07852 horizon=140 lifetime=[505,1705] skipped=False
2026-08-30 16:42:59,902 | INFO | step=2890/20000 loss=-0.521989 nll=-0.5231943 kl=0.002085229 consistency=0 lambda=0 beta=0.578 grad=39.87529 horizon=300 lifetime=[428,1313] skipped=False
2026-08-30 16:43:00,338 | INFO | step=2900/20000 loss=-0.1667354 nll=-0.1721908 kl=0.009405833 consistency=0 lambda=0 beta=0.58 grad=77.31364 horizon=240 lifetime=[465,1431] skipped=False
2026-08-30 16:43:00,773 | INFO | step=2910/20000 loss=-0.06202801 nll=-0.06383017 kl=0.003096495 consistency=0 lambda=0 beta=0.582 grad=12.27526 horizon=100 lifetime=[453,877] skipped=False
2026-08-30 16:43:01,149 | INFO | step=2920/20000 loss=0.5855283 nll=0.5808804 kl=0.007958636 consistency=0 lambda=0 beta=0.584 grad=19.72818 horizon=140 lifetime=[147,1282] skipped=False
2026-08-30 16:43:01,535 | INFO | step=2930/20000 loss=-0.08111097 nll=-0.0862008 kl=0.008685704 consistency=0 lambda=0 beta=0.586 grad=18.61005 horizon=140 lifetime=[460,1071] skipped=False
2026-08-30 16:43:01,997 | INFO | step=2940/20000 loss=0.08204965 nll=0.08013141 kl=0.003262306 consistency=0 lambda=0 beta=0.588 grad=71.5755 horizon=240 lifetime=[428,988] skipped=False
2026-08-30 16:43:02,382 | INFO | step=2950/20000 loss=-0.3371123 nll=-0.3403082 kl=0.005416702 consistency=0 lambda=0 beta=0.59 grad=27.52329 horizon=280 lifetime=[460,1313] skipped=False
2026-08-30 16:43:02,812 | INFO | step=2960/20000 loss=-0.4912917 nll=-0.4943275 kl=0.005127978 consistency=0 lambda=0 beta=0.592 grad=15.84815 horizon=240 lifetime=[334,777] skipped=False
2026-08-30 16:43:03,266 | INFO | step=2970/20000 loss=-0.1471714 nll=-0.1493317 kl=0.003636904 consistency=0 lambda=0 beta=0.594 grad=29.11398 horizon=180 lifetime=[671,1091] skipped=False
2026-08-30 16:43:03,621 | INFO | step=2980/20000 loss=0.8100654 nll=0.8077977 kl=0.003804967 consistency=0 lambda=0 beta=0.596 grad=80.33397 horizon=120 lifetime=[482,1071] skipped=False
2026-08-30 16:43:04,033 | INFO | step=2990/20000 loss=-0.2198252 nll=-0.2237686 kl=0.006594319 consistency=0 lambda=0 beta=0.598 grad=10.83888 horizon=240 lifetime=[826,1052] skipped=False
2026-08-30 16:43:04,725 | INFO | validation step=3000 rmse=129.1529 best=122.6296@2000 stale=2/10
2026-08-30 16:43:04,725 | INFO | step=3000/20000 loss=-0.6144536 nll=-0.6183056 kl=0.006420016 consistency=0 lambda=0 beta=0.6 grad=23.36552 horizon=180 lifetime=[334,847] skipped=False
2026-08-30 16:43:05,172 | INFO | step=3010/20000 loss=-0.6396526 nll=-0.6411347 kl=0.002462108 consistency=0 lambda=0 beta=0.602 grad=35.79255 horizon=240 lifetime=[428,2237] skipped=False
2026-08-30 16:43:05,604 | INFO | step=3020/20000 loss=-0.3609348 nll=-0.3626958 kl=0.00291558 consistency=0 lambda=0 beta=0.604 grad=54.54197 horizon=280 lifetime=[470,2154] skipped=False
2026-08-30 16:43:06,035 | INFO | step=3030/20000 loss=-0.3527132 nll=-0.3542625 kl=0.002556697 consistency=0 lambda=0 beta=0.606 grad=49.35638 horizon=280 lifetime=[453,1055] skipped=False
2026-08-30 16:43:06,483 | INFO | step=3040/20000 loss=-0.09596721 nll=-0.1000863 kl=0.006774869 consistency=0 lambda=0 beta=0.608 grad=18.88472 horizon=120 lifetime=[462,1052] skipped=False
2026-08-30 16:43:06,907 | INFO | step=3050/20000 loss=1.068623 nll=1.064788 kl=0.006287117 consistency=0 lambda=0 beta=0.61 grad=141.879 horizon=220 lifetime=[486,1154] skipped=False
2026-08-30 16:43:07,314 | INFO | step=3060/20000 loss=-0.3644892 nll=-0.3663884 kl=0.003103258 consistency=0 lambda=0 beta=0.612 grad=18.85896 horizon=280 lifetime=[428,1282] skipped=False
2026-08-30 16:43:07,723 | INFO | step=3070/20000 loss=0.5410506 nll=0.5362281 kl=0.007854272 consistency=0 lambda=0 beta=0.614 grad=142.5472 horizon=240 lifetime=[480,1154] skipped=False
2026-08-30 16:43:08,176 | INFO | step=3080/20000 loss=0.2240235 nll=0.2216455 kl=0.003860332 consistency=0 lambda=0 beta=0.616 grad=40.82616 horizon=100 lifetime=[428,1154] skipped=False
2026-08-30 16:43:08,609 | INFO | step=3090/20000 loss=0.5081174 nll=0.505484 kl=0.004261085 consistency=0 lambda=0 beta=0.618 grad=50.37219 horizon=160 lifetime=[460,1015] skipped=False
2026-08-30 16:43:09,003 | INFO | step=3100/20000 loss=0.07297327 nll=0.06907053 kl=0.006294736 consistency=0 lambda=0 beta=0.62 grad=48.13309 horizon=180 lifetime=[687,1858] skipped=False
2026-08-30 16:43:09,445 | INFO | step=3110/20000 loss=-0.553453 nll=-0.5569057 kl=0.005550902 consistency=0 lambda=0 beta=0.622 grad=13.68506 horizon=300 lifetime=[599,1052] skipped=False
2026-08-30 16:43:09,882 | INFO | step=3120/20000 loss=-0.3003929 nll=-0.3033096 kl=0.004674173 consistency=0 lambda=0 beta=0.624 grad=19.91018 horizon=300 lifetime=[334,2237] skipped=False
2026-08-30 16:43:10,295 | INFO | step=3130/20000 loss=-0.6481674 nll=-0.6500289 kl=0.002973679 consistency=0 lambda=0 beta=0.626 grad=25.0961 horizon=260 lifetime=[488,871] skipped=False
2026-08-30 16:43:10,711 | INFO | step=3140/20000 loss=0.2515152 nll=0.2479016 kl=0.005754095 consistency=0 lambda=0 beta=0.628 grad=36.73559 horizon=100 lifetime=[334,988] skipped=False
2026-08-30 16:43:11,067 | INFO | step=3150/20000 loss=0.8154642 nll=0.8096026 kl=0.009304084 consistency=0 lambda=0 beta=0.63 grad=82.25405 horizon=140 lifetime=[453,1313] skipped=False
2026-08-30 16:43:11,502 | INFO | step=3160/20000 loss=0.3880402 nll=0.38492 kl=0.004937043 consistency=0 lambda=0 beta=0.632 grad=70.96674 horizon=200 lifetime=[476,2237] skipped=False
2026-08-30 16:43:11,914 | INFO | step=3170/20000 loss=1.798511 nll=1.797693 kl=0.00128923 consistency=0 lambda=0 beta=0.634 grad=201.5215 horizon=280 lifetime=[482,1858] skipped=False
2026-08-30 16:43:12,319 | INFO | step=3180/20000 loss=0.03706139 nll=0.03071499 kl=0.009978622 consistency=0 lambda=0 beta=0.636 grad=42.00921 horizon=100 lifetime=[460,1282] skipped=False
2026-08-30 16:43:12,769 | INFO | step=3190/20000 loss=-0.3268247 nll=-0.3299775 kl=0.004941717 consistency=0 lambda=0 beta=0.638 grad=74.12587 horizon=220 lifetime=[465,1091] skipped=False
2026-08-30 16:43:13,202 | INFO | step=3200/20000 loss=-0.3826401 nll=-0.3845814 kl=0.00303331 consistency=0 lambda=0 beta=0.64 grad=39.36055 horizon=240 lifetime=[461,1282] skipped=False
2026-08-30 16:43:13,597 | INFO | step=3210/20000 loss=-0.7354115 nll=-0.7396399 kl=0.006586235 consistency=0 lambda=0 beta=0.642 grad=38.05391 horizon=260 lifetime=[476,964] skipped=False
2026-08-30 16:43:13,981 | INFO | step=3220/20000 loss=0.4139808 nll=0.4114931 kl=0.003862947 consistency=0 lambda=0 beta=0.644 grad=22.58608 horizon=120 lifetime=[526,1313] skipped=False
2026-08-30 16:43:14,373 | INFO | step=3230/20000 loss=-0.4733961 nll=-0.475962 kl=0.003971994 consistency=0 lambda=0 beta=0.646 grad=33.3518 horizon=240 lifetime=[599,891] skipped=False
2026-08-30 16:43:14,798 | INFO | step=3240/20000 loss=-0.5761032 nll=-0.5773418 kl=0.001911446 consistency=0 lambda=0 beta=0.648 grad=38.11116 horizon=240 lifetime=[442,988] skipped=False
2026-08-30 16:43:15,208 | INFO | step=3250/20000 loss=0.1817038 nll=0.1800033 kl=0.00261616 consistency=0 lambda=0 beta=0.65 grad=27.30356 horizon=100 lifetime=[488,1313] skipped=False
2026-08-30 16:43:15,615 | INFO | step=3260/20000 loss=-0.3273925 nll=-0.330594 kl=0.004910309 consistency=0 lambda=0 beta=0.652 grad=37.67449 horizon=200 lifetime=[462,1045] skipped=False
2026-08-30 16:43:15,989 | INFO | step=3270/20000 loss=0.7100986 nll=0.7017661 kl=0.01274085 consistency=0 lambda=0 beta=0.654 grad=97.32511 horizon=100 lifetime=[461,1052] skipped=False
2026-08-30 16:43:16,376 | INFO | step=3280/20000 loss=0.2733614 nll=0.2719977 kl=0.002078906 consistency=0 lambda=0 beta=0.656 grad=16.1249 horizon=100 lifetime=[462,1091] skipped=False
2026-08-30 16:43:16,771 | INFO | step=3290/20000 loss=-0.5116574 nll=-0.5126424 kl=0.001497027 consistency=0 lambda=0 beta=0.658 grad=52.23741 horizon=220 lifetime=[465,1055] skipped=False
2026-08-30 16:43:17,174 | INFO | step=3300/20000 loss=-0.4683174 nll=-0.4700193 kl=0.002578631 consistency=0 lambda=0 beta=0.66 grad=28.94882 horizon=180 lifetime=[453,988] skipped=False
2026-08-30 16:43:17,576 | INFO | step=3310/20000 loss=0.0007371181 nll=-0.0007887334 kl=0.002304912 consistency=0 lambda=0 beta=0.662 grad=45.77336 horizon=220 lifetime=[460,1313] skipped=False
2026-08-30 16:43:17,997 | INFO | step=3320/20000 loss=0.4606063 nll=0.4563444 kl=0.00641857 consistency=0 lambda=0 beta=0.664 grad=34.4378 horizon=120 lifetime=[774,2154] skipped=False
2026-08-30 16:43:18,428 | INFO | step=3330/20000 loss=0.7900724 nll=0.7878042 kl=0.003405601 consistency=0 lambda=0 beta=0.666 grad=198.6511 horizon=280 lifetime=[465,891] skipped=False
2026-08-30 16:43:18,924 | INFO | step=3340/20000 loss=-0.6161222 nll=-0.6177224 kl=0.002395507 consistency=0 lambda=0 beta=0.668 grad=18.81496 horizon=300 lifetime=[461,933] skipped=False
2026-08-30 16:43:19,337 | INFO | step=3350/20000 loss=0.02702221 nll=0.02188819 kl=0.007662725 consistency=0 lambda=0 beta=0.67 grad=17.2633 horizon=140 lifetime=[453,1313] skipped=False
2026-08-30 16:43:19,695 | INFO | step=3360/20000 loss=-0.3774242 nll=-0.3802981 kl=0.004276775 consistency=0 lambda=0 beta=0.672 grad=44.96311 horizon=200 lifetime=[334,1858] skipped=False
2026-08-30 16:43:20,055 | INFO | step=3370/20000 loss=-0.07625941 nll=-0.07965179 kl=0.005033199 consistency=0 lambda=0 beta=0.674 grad=39.35525 horizon=220 lifetime=[442,1071] skipped=False
2026-08-30 16:43:20,458 | INFO | step=3380/20000 loss=-0.4979149 nll=-0.4990177 kl=0.00163136 consistency=0 lambda=0 beta=0.676 grad=16.90964 horizon=260 lifetime=[488,1091] skipped=False
2026-08-30 16:43:20,882 | INFO | step=3390/20000 loss=0.522597 nll=0.5204253 kl=0.003202992 consistency=0 lambda=0 beta=0.678 grad=84.17056 horizon=160 lifetime=[428,1431] skipped=False
2026-08-30 16:43:21,280 | INFO | step=3400/20000 loss=-0.2435756 nll=-0.2462427 kl=0.003922094 consistency=0 lambda=0 beta=0.68 grad=41.26091 horizon=260 lifetime=[479,1045] skipped=False
2026-08-30 16:43:21,667 | INFO | step=3410/20000 loss=-0.3780775 nll=-0.3786857 kl=0.0008916967 consistency=0 lambda=0 beta=0.682 grad=57.78119 horizon=300 lifetime=[465,1007] skipped=False
2026-08-30 16:43:22,091 | INFO | step=3420/20000 loss=-0.9767632 nll=-0.9791961 kl=0.003556721 consistency=0 lambda=0 beta=0.684 grad=13.02412 horizon=300 lifetime=[428,871] skipped=False
2026-08-30 16:43:22,459 | INFO | step=3430/20000 loss=-0.5687479 nll=-0.5701142 kl=0.001991746 consistency=0 lambda=0 beta=0.686 grad=33.93073 horizon=180 lifetime=[428,868] skipped=False
2026-08-30 16:43:22,863 | INFO | step=3440/20000 loss=-0.354781 nll=-0.3593906 kl=0.006699886 consistency=0 lambda=0 beta=0.688 grad=58.39524 horizon=300 lifetime=[334,2237] skipped=False
2026-08-30 16:43:23,270 | INFO | step=3450/20000 loss=-0.8546124 nll=-0.8571878 kl=0.00373243 consistency=0 lambda=0 beta=0.69 grad=53.63733 horizon=300 lifetime=[460,938] skipped=False
2026-08-30 16:43:23,642 | INFO | step=3460/20000 loss=0.06843135 nll=0.06727636 kl=0.001669059 consistency=0 lambda=0 beta=0.692 grad=88.52299 horizon=300 lifetime=[476,1313] skipped=False
2026-08-30 16:43:24,023 | INFO | step=3470/20000 loss=-1.087232 nll=-1.089416 kl=0.003145746 consistency=0 lambda=0 beta=0.694 grad=19.13837 horizon=260 lifetime=[334,863] skipped=False
2026-08-30 16:43:24,401 | INFO | step=3480/20000 loss=0.9183585 nll=0.9172071 kl=0.001654277 consistency=0 lambda=0 beta=0.696 grad=58.84885 horizon=160 lifetime=[462,2154] skipped=False
2026-08-30 16:43:24,811 | INFO | step=3490/20000 loss=-0.1740206 nll=-0.1758687 kl=0.002647736 consistency=0 lambda=0 beta=0.698 grad=72.91253 horizon=240 lifetime=[428,1282] skipped=False
2026-08-30 16:43:25,489 | INFO | validation step=3500 rmse=163.6269 best=122.6296@2000 stale=3/10
2026-08-30 16:43:25,489 | INFO | step=3500/20000 loss=0.217269 nll=0.2147189 kl=0.003642979 consistency=0 lambda=0 beta=0.7 grad=98.95571 horizon=220 lifetime=[476,964] skipped=False
2026-08-30 16:43:25,924 | INFO | step=3510/20000 loss=-0.3318637 nll=-0.3345452 kl=0.003819734 consistency=0 lambda=0 beta=0.702 grad=43.28548 horizon=300 lifetime=[428,1431] skipped=False
2026-08-30 16:43:26,320 | INFO | step=3520/20000 loss=-0.7206439 nll=-0.7280339 kl=0.01049711 consistency=0 lambda=0 beta=0.704 grad=19.85502 horizon=300 lifetime=[482,858] skipped=False
2026-08-30 16:43:26,718 | INFO | step=3530/20000 loss=-0.1769509 nll=-0.178605 kl=0.002342841 consistency=0 lambda=0 beta=0.706 grad=62.14428 horizon=280 lifetime=[494,1015] skipped=False
2026-08-30 16:43:27,105 | INFO | step=3540/20000 loss=-0.08162379 nll=-0.08663916 kl=0.007083851 consistency=0 lambda=0 beta=0.708 grad=66.99205 horizon=240 lifetime=[476,1313] skipped=False
2026-08-30 16:43:27,529 | INFO | step=3550/20000 loss=-0.203579 nll=-0.2047014 kl=0.001580825 consistency=0 lambda=0 beta=0.71 grad=15.39659 horizon=180 lifetime=[453,1282] skipped=False
2026-08-30 16:43:27,939 | INFO | step=3560/20000 loss=0.5150164 nll=0.5112048 kl=0.005353287 consistency=0 lambda=0 beta=0.712 grad=70.82932 horizon=100 lifetime=[428,1313] skipped=False
2026-08-30 16:43:28,356 | INFO | step=3570/20000 loss=-0.5045111 nll=-0.5058213 kl=0.001835038 consistency=0 lambda=0 beta=0.714 grad=48.80257 horizon=260 lifetime=[491,1015] skipped=False
2026-08-30 16:43:28,765 | INFO | step=3580/20000 loss=0.5433931 nll=0.5422429 kl=0.00160646 consistency=0 lambda=0 beta=0.716 grad=136.421 horizon=240 lifetime=[428,1154] skipped=False
2026-08-30 16:43:29,134 | INFO | step=3590/20000 loss=-0.3869496 nll=-0.3880054 kl=0.001470421 consistency=0 lambda=0 beta=0.718 grad=20.84114 horizon=140 lifetime=[470,988] skipped=False
2026-08-30 16:43:29,536 | INFO | step=3600/20000 loss=-0.06381372 nll=-0.06530756 kl=0.002074783 consistency=0 lambda=0 beta=0.72 grad=90.72861 horizon=240 lifetime=[614,930] skipped=False
2026-08-30 16:43:29,903 | INFO | step=3610/20000 loss=-0.7480277 nll=-0.7511474 kl=0.004320954 consistency=0 lambda=0 beta=0.722 grad=62.98791 horizon=180 lifetime=[476,847] skipped=False
2026-08-30 16:43:30,284 | INFO | step=3620/20000 loss=-0.3747181 nll=-0.3758343 kl=0.001541823 consistency=0 lambda=0 beta=0.724 grad=23.45728 horizon=160 lifetime=[437,1007] skipped=False
2026-08-30 16:43:30,655 | INFO | step=3630/20000 loss=-0.1323314 nll=-0.1340755 kl=0.002402369 consistency=0 lambda=0 beta=0.726 grad=53.63837 horizon=140 lifetime=[462,891] skipped=False
2026-08-30 16:43:31,029 | INFO | step=3640/20000 loss=-0.6863576 nll=-0.6909965 kl=0.00637211 consistency=0 lambda=0 beta=0.728 grad=32.82536 horizon=160 lifetime=[437,869] skipped=False
2026-08-30 16:43:31,380 | INFO | step=3650/20000 loss=-0.80874 nll=-0.8103915 kl=0.002262275 consistency=0 lambda=0 beta=0.73 grad=59.94673 horizon=240 lifetime=[462,1061] skipped=False
2026-08-30 16:43:31,759 | INFO | step=3660/20000 loss=0.4401099 nll=0.4373518 kl=0.003767915 consistency=0 lambda=0 beta=0.732 grad=73.7816 horizon=100 lifetime=[428,1858] skipped=False
2026-08-30 16:43:32,172 | INFO | step=3670/20000 loss=-0.4935136 nll=-0.4954722 kl=0.002668468 consistency=0 lambda=0 beta=0.734 grad=19.31572 horizon=220 lifetime=[486,1431] skipped=False
2026-08-30 16:43:32,605 | INFO | step=3680/20000 loss=-0.5066643 nll=-0.5074664 kl=0.00108984 consistency=0 lambda=0 beta=0.736 grad=40.31427 horizon=220 lifetime=[501,891] skipped=False
2026-08-30 16:43:32,999 | INFO | step=3690/20000 loss=-0.9747649 nll=-0.9752405 kl=0.0006443432 consistency=0 lambda=0 beta=0.738 grad=22.43107 horizon=260 lifetime=[476,1012] skipped=False
2026-08-30 16:43:33,392 | INFO | step=3700/20000 loss=-0.13796 nll=-0.1393475 kl=0.001875 consistency=0 lambda=0 beta=0.74 grad=41.3414 horizon=200 lifetime=[477,1282] skipped=False
2026-08-30 16:43:33,793 | INFO | step=3710/20000 loss=0.05866215 nll=0.05656019 kl=0.002832836 consistency=0 lambda=0 beta=0.742 grad=28.99685 horizon=160 lifetime=[428,868] skipped=False
2026-08-30 16:43:34,139 | INFO | step=3720/20000 loss=-0.3442253 nll=-0.3457566 kl=0.002058124 consistency=0 lambda=0 beta=0.744 grad=18.42866 horizon=100 lifetime=[453,938] skipped=False
2026-08-30 16:43:34,519 | INFO | step=3730/20000 loss=0.4730113 nll=0.4696277 kl=0.004535604 consistency=0 lambda=0 beta=0.746 grad=73.30166 horizon=160 lifetime=[614,1007] skipped=False
2026-08-30 16:43:34,926 | INFO | step=3740/20000 loss=-0.8618209 nll=-0.8639761 kl=0.002881238 consistency=0 lambda=0 beta=0.748 grad=42.25303 horizon=200 lifetime=[476,1007] skipped=False
2026-08-30 16:43:35,303 | INFO | step=3750/20000 loss=0.5838866 nll=0.5825713 kl=0.001753694 consistency=0 lambda=0 beta=0.75 grad=75.62247 horizon=160 lifetime=[476,921] skipped=False
2026-08-30 16:43:35,742 | INFO | step=3760/20000 loss=-0.9670039 nll=-0.9681214 kl=0.001485961 consistency=0 lambda=0 beta=0.752 grad=72.73386 horizon=200 lifetime=[442,858] skipped=False
2026-08-30 16:43:36,100 | INFO | step=3770/20000 loss=-0.0848884 nll=-0.08924735 kl=0.00578111 consistency=0 lambda=0 beta=0.754 grad=48.59358 horizon=180 lifetime=[607,2154] skipped=False
2026-08-30 16:43:36,501 | INFO | step=3780/20000 loss=0.3995377 nll=0.3951207 kl=0.005842501 consistency=0 lambda=0 beta=0.756 grad=54.87664 horizon=140 lifetime=[597,1282] skipped=False
2026-08-30 16:43:36,924 | INFO | step=3790/20000 loss=-0.5452614 nll=-0.547604 kl=0.00309046 consistency=0 lambda=0 beta=0.758 grad=40.95453 horizon=260 lifetime=[334,1154] skipped=False
2026-08-30 16:43:37,405 | INFO | step=3800/20000 loss=0.7974012 nll=0.7949862 kl=0.003177573 consistency=0 lambda=0 beta=0.76 grad=282.4538 horizon=260 lifetime=[453,1154] skipped=False
2026-08-30 16:43:37,820 | INFO | step=3810/20000 loss=-0.2368948 nll=-0.2378567 kl=0.001262358 consistency=0 lambda=0 beta=0.762 grad=36.81351 horizon=160 lifetime=[465,852] skipped=False
2026-08-30 16:43:38,208 | INFO | step=3820/20000 loss=0.1881534 nll=0.1859375 kl=0.0029003 consistency=0 lambda=0 beta=0.764 grad=45.98658 horizon=100 lifetime=[560,1052] skipped=False
2026-08-30 16:43:38,599 | INFO | step=3830/20000 loss=-0.434118 nll=-0.4352793 kl=0.001516111 consistency=0 lambda=0 beta=0.766 grad=47.04228 horizon=160 lifetime=[428,1012] skipped=False
2026-08-30 16:43:39,047 | INFO | step=3840/20000 loss=-0.134953 nll=-0.1365304 kl=0.002053922 consistency=0 lambda=0 beta=0.768 grad=36.58182 horizon=280 lifetime=[482,777] skipped=False
2026-08-30 16:43:39,476 | INFO | step=3850/20000 loss=-0.3901278 nll=-0.3922974 kl=0.002817589 consistency=0 lambda=0 beta=0.77 grad=41.07664 horizon=140 lifetime=[479,1052] skipped=False
2026-08-30 16:43:39,862 | INFO | step=3860/20000 loss=-0.2607095 nll=-0.2647339 kl=0.005212971 consistency=0 lambda=0 beta=0.772 grad=19.85858 horizon=100 lifetime=[453,1012] skipped=False
2026-08-30 16:43:40,276 | INFO | step=3870/20000 loss=-0.2445422 nll=-0.2461124 kl=0.002028759 consistency=0 lambda=0 beta=0.774 grad=49.33435 horizon=240 lifetime=[334,1313] skipped=False
2026-08-30 16:43:40,658 | INFO | step=3880/20000 loss=-0.06817649 nll=-0.07125369 kl=0.003965456 consistency=0 lambda=0 beta=0.776 grad=20.17609 horizon=140 lifetime=[482,1015] skipped=False
2026-08-30 16:43:41,102 | INFO | step=3890/20000 loss=-0.7191668 nll=-0.7223178 kl=0.004050207 consistency=0 lambda=0 beta=0.778 grad=17.64662 horizon=300 lifetime=[428,1071] skipped=False
2026-08-30 16:43:41,527 | INFO | step=3900/20000 loss=-0.6406445 nll=-0.643609 kl=0.003800719 consistency=0 lambda=0 beta=0.78 grad=46.235 horizon=200 lifetime=[486,930] skipped=False
2026-08-30 16:43:41,924 | INFO | step=3910/20000 loss=0.07649005 nll=0.07139908 kl=0.006510197 consistency=0 lambda=0 beta=0.782 grad=55.08554 horizon=100 lifetime=[437,1007] skipped=False
2026-08-30 16:43:42,371 | INFO | step=3920/20000 loss=0.2437719 nll=0.2419963 kl=0.002264734 consistency=0 lambda=0 beta=0.784 grad=62.78632 horizon=280 lifetime=[484,1858] skipped=False
2026-08-30 16:43:42,749 | INFO | step=3930/20000 loss=-0.03739269 nll=-0.04033309 kl=0.003740971 consistency=0 lambda=0 beta=0.786 grad=12.82246 horizon=120 lifetime=[465,1858] skipped=False
2026-08-30 16:43:43,147 | INFO | step=3940/20000 loss=-0.4076987 nll=-0.4105693 kl=0.003642909 consistency=0 lambda=0 beta=0.788 grad=28.09126 horizon=240 lifetime=[334,1282] skipped=False
2026-08-30 16:43:43,525 | INFO | step=3950/20000 loss=-0.2470678 nll=-0.2513942 kl=0.005476449 consistency=0 lambda=0 beta=0.79 grad=36.6979 horizon=260 lifetime=[533,1705] skipped=False
2026-08-30 16:43:43,896 | INFO | step=3960/20000 loss=-0.499901 nll=-0.5028585 kl=0.003734258 consistency=0 lambda=0 beta=0.792 grad=11.44012 horizon=120 lifetime=[460,858] skipped=False
2026-08-30 16:43:44,315 | INFO | step=3970/20000 loss=-0.8489271 nll=-0.8510981 kl=0.002734188 consistency=0 lambda=0 beta=0.794 grad=17.20152 horizon=200 lifetime=[476,938] skipped=False
2026-08-30 16:43:44,719 | INFO | step=3980/20000 loss=0.7475395 nll=0.7441064 kl=0.004312983 consistency=0 lambda=0 beta=0.796 grad=35.5221 horizon=100 lifetime=[147,1431] skipped=False
2026-08-30 16:43:45,091 | INFO | step=3990/20000 loss=-0.6785834 nll=-0.6817954 kl=0.004024955 consistency=0 lambda=0 beta=0.798 grad=69.85554 horizon=260 lifetime=[334,930] skipped=False
2026-08-30 16:43:45,792 | INFO | validation step=4000 rmse=142.0314 best=122.6296@2000 stale=4/10
2026-08-30 16:43:45,792 | INFO | step=4000/20000 loss=0.1614962 nll=0.1598086 kl=0.002109499 consistency=0 lambda=0 beta=0.8 grad=26.25392 horizon=120 lifetime=[147,1007] skipped=False
2026-08-30 16:43:46,238 | INFO | step=4010/20000 loss=-0.4296027 nll=-0.4344286 kl=0.006017325 consistency=0 lambda=0 beta=0.802 grad=40.64321 horizon=140 lifetime=[334,921] skipped=False
2026-08-30 16:43:46,622 | INFO | step=4020/20000 loss=0.2521924 nll=0.2500085 kl=0.002716271 consistency=0 lambda=0 beta=0.804 grad=95.30164 horizon=140 lifetime=[437,1091] skipped=False
2026-08-30 16:43:47,052 | INFO | step=4030/20000 loss=0.3316867 nll=0.3303022 kl=0.001717769 consistency=0 lambda=0 beta=0.806 grad=164.9055 horizon=280 lifetime=[480,1313] skipped=False
2026-08-30 16:43:47,421 | INFO | step=4040/20000 loss=-0.4061292 nll=-0.407812 kl=0.002082661 consistency=0 lambda=0 beta=0.808 grad=87.40662 horizon=200 lifetime=[460,2237] skipped=False
2026-08-30 16:43:47,815 | INFO | step=4050/20000 loss=0.4932967 nll=0.4912618 kl=0.002512196 consistency=0 lambda=0 beta=0.81 grad=182.2443 horizon=300 lifetime=[476,1091] skipped=False
2026-08-30 16:43:48,197 | INFO | step=4060/20000 loss=-0.7343479 nll=-0.7360185 kl=0.002057402 consistency=0 lambda=0 beta=0.812 grad=35.71061 horizon=200 lifetime=[334,1061] skipped=False
2026-08-30 16:43:48,551 | INFO | step=4070/20000 loss=-0.1679097 nll=-0.173222 kl=0.006526159 consistency=0 lambda=0 beta=0.814 grad=60.96086 horizon=180 lifetime=[484,1061] skipped=False
2026-08-30 16:43:48,868 | INFO | step=4080/20000 loss=0.425045 nll=0.4203426 kl=0.005762719 consistency=0 lambda=0 beta=0.816 grad=44.24888 horizon=120 lifetime=[147,1154] skipped=False
2026-08-30 16:43:49,248 | INFO | step=4090/20000 loss=-0.4206359 nll=-0.4227886 kl=0.002631668 consistency=0 lambda=0 beta=0.818 grad=76.45109 horizon=240 lifetime=[460,2154] skipped=False
2026-08-30 16:43:49,615 | INFO | step=4100/20000 loss=0.1058293 nll=0.1045209 kl=0.00159562 consistency=0 lambda=0 beta=0.82 grad=103.6153 horizon=200 lifetime=[428,1015] skipped=False
2026-08-30 16:43:50,015 | INFO | step=4110/20000 loss=-0.789121 nll=-0.7898521 kl=0.0008894224 consistency=0 lambda=0 beta=0.822 grad=80.56855 horizon=240 lifetime=[465,1313] skipped=False
2026-08-30 16:43:50,381 | INFO | step=4120/20000 loss=-0.9461129 nll=-0.9503049 kl=0.005087364 consistency=0 lambda=0 beta=0.824 grad=57.49801 horizon=200 lifetime=[428,933] skipped=False
2026-08-30 16:43:50,757 | INFO | step=4130/20000 loss=0.02739237 nll=0.02620773 kl=0.001434185 consistency=0 lambda=0 beta=0.826 grad=18.00313 horizon=180 lifetime=[494,1282] skipped=False
2026-08-30 16:43:51,144 | INFO | step=4140/20000 loss=-0.5525221 nll=-0.5535849 kl=0.001283566 consistency=0 lambda=0 beta=0.828 grad=33.11262 horizon=260 lifetime=[462,1282] skipped=False
2026-08-30 16:43:51,549 | INFO | step=4150/20000 loss=0.3863561 nll=0.3799087 kl=0.007768033 consistency=0 lambda=0 beta=0.83 grad=31.17101 horizon=100 lifetime=[428,1313] skipped=False
2026-08-30 16:43:51,925 | INFO | step=4160/20000 loss=-0.04715433 nll=-0.04832811 kl=0.001410788 consistency=0 lambda=0 beta=0.832 grad=25.82659 horizon=100 lifetime=[486,1091] skipped=False
2026-08-30 16:43:52,312 | INFO | step=4170/20000 loss=-0.3592415 nll=-0.3602025 kl=0.001152254 consistency=0 lambda=0 beta=0.834 grad=27.61113 horizon=180 lifetime=[486,1091] skipped=False
2026-08-30 16:43:52,701 | INFO | step=4180/20000 loss=-0.2849822 nll=-0.2873212 kl=0.002797831 consistency=0 lambda=0 beta=0.836 grad=16.88805 horizon=120 lifetime=[442,1052] skipped=False
2026-08-30 16:43:53,094 | INFO | step=4190/20000 loss=0.6167176 nll=0.6147308 kl=0.002370939 consistency=0 lambda=0 beta=0.838 grad=216.6714 horizon=300 lifetime=[460,1282] skipped=False
2026-08-30 16:43:53,479 | INFO | step=4200/20000 loss=-0.5230863 nll=-0.5258846 kl=0.003331285 consistency=0 lambda=0 beta=0.84 grad=13.57226 horizon=120 lifetime=[460,1007] skipped=False
2026-08-30 16:43:53,885 | INFO | step=4210/20000 loss=0.2388832 nll=0.238101 kl=0.0009289719 consistency=0 lambda=0 beta=0.842 grad=116.8777 horizon=260 lifetime=[428,2237] skipped=False
2026-08-30 16:43:54,298 | INFO | step=4220/20000 loss=-0.6423669 nll=-0.6438512 kl=0.001758598 consistency=0 lambda=0 beta=0.844 grad=28.82051 horizon=140 lifetime=[428,1015] skipped=False
2026-08-30 16:43:54,672 | INFO | step=4230/20000 loss=-0.6768826 nll=-0.6783727 kl=0.001761425 consistency=0 lambda=0 beta=0.846 grad=19.59523 horizon=200 lifetime=[460,1015] skipped=False
2026-08-30 16:43:55,077 | INFO | step=4240/20000 loss=-0.1183854 nll=-0.1198107 kl=0.001680836 consistency=0 lambda=0 beta=0.848 grad=137.5888 horizon=300 lifetime=[453,1091] skipped=False
2026-08-30 16:43:55,473 | INFO | step=4250/20000 loss=0.2829236 nll=0.2820359 kl=0.001044393 consistency=0 lambda=0 beta=0.85 grad=122.8357 horizon=200 lifetime=[479,847] skipped=False
2026-08-30 16:43:55,877 | INFO | step=4260/20000 loss=-0.3702425 nll=-0.3734659 kl=0.003783341 consistency=0 lambda=0 beta=0.852 grad=98.14126 horizon=220 lifetime=[482,1015] skipped=False
2026-08-30 16:43:56,253 | INFO | step=4270/20000 loss=-0.3359402 nll=-0.3385923 kl=0.003105563 consistency=0 lambda=0 beta=0.854 grad=11.44132 horizon=120 lifetime=[470,858] skipped=False
2026-08-30 16:43:56,675 | INFO | step=4280/20000 loss=1.15282 nll=1.151557 kl=0.001474891 consistency=0 lambda=0 beta=0.856 grad=176.1628 horizon=240 lifetime=[476,2237] skipped=False
2026-08-30 16:43:57,065 | INFO | step=4290/20000 loss=2.171735 nll=2.16996 kl=0.002067665 consistency=0 lambda=0 beta=0.858 grad=122.9907 horizon=220 lifetime=[491,2237] skipped=False
2026-08-30 16:43:57,460 | INFO | step=4300/20000 loss=1.617638 nll=1.614306 kl=0.003873426 consistency=0 lambda=0 beta=0.86 grad=252.3978 horizon=240 lifetime=[526,964] skipped=False
2026-08-30 16:43:57,865 | INFO | step=4310/20000 loss=0.1082447 nll=0.1001559 kl=0.009383768 consistency=0 lambda=0 beta=0.862 grad=66.13287 horizon=140 lifetime=[428,2237] skipped=False
2026-08-30 16:43:58,276 | INFO | step=4320/20000 loss=0.3482707 nll=0.3422239 kl=0.006998658 consistency=0 lambda=0 beta=0.864 grad=44.9276 horizon=120 lifetime=[147,1705] skipped=False
2026-08-30 16:43:58,702 | INFO | step=4330/20000 loss=-0.1561686 nll=-0.1573878 kl=0.001407837 consistency=0 lambda=0 beta=0.866 grad=72.36928 horizon=260 lifetime=[470,1282] skipped=False
2026-08-30 16:43:59,093 | INFO | step=4340/20000 loss=-0.7456518 nll=-0.7502321 kl=0.005276809 consistency=0 lambda=0 beta=0.868 grad=22.35982 horizon=240 lifetime=[477,1431] skipped=False
2026-08-30 16:43:59,557 | INFO | step=4350/20000 loss=-1.053323 nll=-1.055101 kl=0.002043802 consistency=0 lambda=0 beta=0.87 grad=52.74688 horizon=280 lifetime=[465,877] skipped=False
2026-08-30 16:43:59,931 | INFO | step=4360/20000 loss=-0.5076356 nll=-0.5105484 kl=0.003340352 consistency=0 lambda=0 beta=0.872 grad=23.20031 horizon=160 lifetime=[526,988] skipped=False
2026-08-30 16:44:00,309 | INFO | step=4370/20000 loss=0.1847002 nll=0.1816172 kl=0.003527399 consistency=0 lambda=0 beta=0.874 grad=35.39927 horizon=120 lifetime=[480,1282] skipped=False
2026-08-30 16:44:00,710 | INFO | step=4380/20000 loss=-0.5988048 nll=-0.5993687 kl=0.0006436706 consistency=0 lambda=0 beta=0.876 grad=86.58652 horizon=280 lifetime=[476,1061] skipped=False
2026-08-30 16:44:01,136 | INFO | step=4390/20000 loss=0.01666951 nll=0.01550324 kl=0.001328323 consistency=0 lambda=0 beta=0.878 grad=89.69724 horizon=200 lifetime=[461,1705] skipped=False
2026-08-30 16:44:01,509 | INFO | step=4400/20000 loss=-0.9371477 nll=-0.9384474 kl=0.001476936 consistency=0 lambda=0 beta=0.88 grad=51.79979 horizon=260 lifetime=[453,1015] skipped=False
2026-08-30 16:44:01,905 | INFO | step=4410/20000 loss=-0.3598767 nll=-0.362892 kl=0.00341871 consistency=0 lambda=0 beta=0.882 grad=27.59819 horizon=260 lifetime=[334,1282] skipped=False
2026-08-30 16:44:02,342 | INFO | step=4420/20000 loss=-0.03581627 nll=-0.03866345 kl=0.003220789 consistency=0 lambda=0 beta=0.884 grad=55.27367 horizon=300 lifetime=[428,921] skipped=False
2026-08-30 16:44:02,758 | INFO | step=4430/20000 loss=-0.3131819 nll=-0.314092 kl=0.001027089 consistency=0 lambda=0 beta=0.886 grad=144.9244 horizon=220 lifetime=[461,921] skipped=False
2026-08-30 16:44:03,124 | INFO | step=4440/20000 loss=-0.6685969 nll=-0.6699798 kl=0.001557361 consistency=0 lambda=0 beta=0.888 grad=29.84022 horizon=200 lifetime=[442,1858] skipped=False
2026-08-30 16:44:03,512 | INFO | step=4450/20000 loss=-0.1499393 nll=-0.1522804 kl=0.002630461 consistency=0 lambda=0 beta=0.89 grad=48.37756 horizon=120 lifetime=[460,1705] skipped=False
2026-08-30 16:44:03,857 | INFO | step=4460/20000 loss=-0.1594132 nll=-0.1648358 kl=0.006079156 consistency=0 lambda=0 beta=0.892 grad=25.37563 horizon=140 lifetime=[512,1705] skipped=False
2026-08-30 16:44:04,266 | INFO | step=4470/20000 loss=-0.05457151 nll=-0.05618905 kl=0.001809329 consistency=0 lambda=0 beta=0.894 grad=62.50105 horizon=240 lifetime=[484,1055] skipped=False
2026-08-30 16:44:04,609 | INFO | step=4480/20000 loss=-0.02166542 nll=-0.02372321 kl=0.002296649 consistency=0 lambda=0 beta=0.896 grad=47.46264 horizon=220 lifetime=[428,1012] skipped=False
2026-08-30 16:44:05,027 | INFO | step=4490/20000 loss=-0.4555004 nll=-0.4579991 kl=0.002782546 consistency=0 lambda=0 beta=0.898 grad=45.26658 horizon=180 lifetime=[334,1091] skipped=False
2026-08-30 16:44:05,712 | INFO | validation step=4500 rmse=132.7773 best=122.6296@2000 stale=5/10
2026-08-30 16:44:05,712 | INFO | step=4500/20000 loss=-0.4654503 nll=-0.4664567 kl=0.001118176 consistency=0 lambda=0 beta=0.9 grad=23.3515 horizon=240 lifetime=[476,2154] skipped=False
2026-08-30 16:44:06,190 | INFO | step=4510/20000 loss=-0.3094216 nll=-0.3101192 kl=0.0007733274 consistency=0 lambda=0 beta=0.902 grad=22.93997 horizon=260 lifetime=[526,1858] skipped=False
2026-08-30 16:44:06,630 | INFO | step=4520/20000 loss=-0.6508611 nll=-0.6522327 kl=0.001517262 consistency=0 lambda=0 beta=0.904 grad=39.16095 horizon=280 lifetime=[428,1015] skipped=False
2026-08-30 16:44:06,998 | INFO | step=4530/20000 loss=-0.220377 nll=-0.2217798 kl=0.001548287 consistency=0 lambda=0 beta=0.906 grad=22.03164 horizon=160 lifetime=[428,964] skipped=False
2026-08-30 16:44:07,361 | INFO | step=4540/20000 loss=-0.4479209 nll=-0.4544854 kl=0.007229675 consistency=0 lambda=0 beta=0.908 grad=48.61174 horizon=300 lifetime=[519,1052] skipped=False
2026-08-30 16:44:07,719 | INFO | step=4550/20000 loss=-0.5981063 nll=-0.6008767 kl=0.003044408 consistency=0 lambda=0 beta=0.91 grad=15.88149 horizon=120 lifetime=[461,826] skipped=False
2026-08-30 16:44:08,126 | INFO | step=4560/20000 loss=-0.5674503 nll=-0.5688401 kl=0.001523942 consistency=0 lambda=0 beta=0.912 grad=17.35924 horizon=280 lifetime=[480,1061] skipped=False
2026-08-30 16:44:08,536 | INFO | step=4570/20000 loss=-0.05453672 nll=-0.05753113 kl=0.003276166 consistency=0 lambda=0 beta=0.914 grad=8.152408 horizon=160 lifetime=[491,2154] skipped=False
2026-08-30 16:44:08,905 | INFO | step=4580/20000 loss=0.1190006 nll=0.1140208 kl=0.005436487 consistency=0 lambda=0 beta=0.916 grad=28.54477 horizon=160 lifetime=[437,988] skipped=False
2026-08-30 16:44:09,338 | INFO | step=4590/20000 loss=-0.1021789 nll=-0.1038437 kl=0.001813509 consistency=0 lambda=0 beta=0.918 grad=77.37844 horizon=200 lifetime=[461,1007] skipped=False
2026-08-30 16:44:09,734 | INFO | step=4600/20000 loss=0.03284524 nll=0.03088273 kl=0.002133161 consistency=0 lambda=0 beta=0.92 grad=21.9666 horizon=120 lifetime=[147,2154] skipped=False
2026-08-30 16:44:10,119 | INFO | step=4610/20000 loss=-1.175222 nll=-1.177731 kl=0.002721209 consistency=0 lambda=0 beta=0.922 grad=13.72108 horizon=300 lifetime=[428,988] skipped=False
2026-08-30 16:44:10,598 | INFO | step=4620/20000 loss=-0.8228359 nll=-0.823517 kl=0.0007370338 consistency=0 lambda=0 beta=0.924 grad=69.72251 horizon=220 lifetime=[460,871] skipped=False
2026-08-30 16:44:10,966 | INFO | step=4630/20000 loss=-0.4562936 nll=-0.459358 kl=0.003309282 consistency=0 lambda=0 beta=0.926 grad=47.77986 horizon=140 lifetime=[460,1091] skipped=False
2026-08-30 16:44:11,359 | INFO | step=4640/20000 loss=-0.04835662 nll=-0.05084413 kl=0.00268051 consistency=0 lambda=0 beta=0.928 grad=17.10507 horizon=160 lifetime=[512,2237] skipped=False
2026-08-30 16:44:11,744 | INFO | step=4650/20000 loss=0.04842595 nll=0.04631374 kl=0.002271198 consistency=0 lambda=0 beta=0.93 grad=27.5908 horizon=120 lifetime=[460,2154] skipped=False
2026-08-30 16:44:12,075 | INFO | step=4660/20000 loss=-0.4557273 nll=-0.4571787 kl=0.001557261 consistency=0 lambda=0 beta=0.932 grad=20.69159 horizon=140 lifetime=[470,2237] skipped=False
2026-08-30 16:44:12,425 | INFO | step=4670/20000 loss=0.8560462 nll=0.8533233 kl=0.002915299 consistency=0 lambda=0 beta=0.934 grad=104.469 horizon=160 lifetime=[498,1154] skipped=False
2026-08-30 16:44:12,818 | INFO | step=4680/20000 loss=-0.5641691 nll=-0.5681346 kl=0.004236665 consistency=0 lambda=0 beta=0.936 grad=48.0773 horizon=260 lifetime=[334,2237] skipped=False
2026-08-30 16:44:13,243 | INFO | step=4690/20000 loss=-0.5251619 nll=-0.5267552 kl=0.001698563 consistency=0 lambda=0 beta=0.938 grad=45.14922 horizon=220 lifetime=[470,871] skipped=False
2026-08-30 16:44:13,638 | INFO | step=4700/20000 loss=-0.5078306 nll=-0.5086128 kl=0.0008322112 consistency=0 lambda=0 beta=0.94 grad=11.27993 horizon=140 lifetime=[470,2237] skipped=False
2026-08-30 16:44:14,056 | INFO | step=4710/20000 loss=-0.1394588 nll=-0.140984 kl=0.001619056 consistency=0 lambda=0 beta=0.942 grad=115.0675 horizon=180 lifetime=[460,2237] skipped=False
2026-08-30 16:44:14,456 | INFO | step=4720/20000 loss=0.3901756 nll=0.3866861 kl=0.00369654 consistency=0 lambda=0 beta=0.944 grad=126.5566 horizon=160 lifetime=[480,1012] skipped=False
2026-08-30 16:44:14,849 | INFO | step=4730/20000 loss=-0.6035276 nll=-0.6089342 kl=0.005715154 consistency=0 lambda=0 beta=0.946 grad=30.22948 horizon=300 lifetime=[437,794] skipped=False
2026-08-30 16:44:15,245 | INFO | step=4740/20000 loss=0.3312733 nll=0.3306325 kl=0.0006759567 consistency=0 lambda=0 beta=0.948 grad=51.5068 horizon=160 lifetime=[460,1282] skipped=False
2026-08-30 16:44:15,611 | INFO | step=4750/20000 loss=-0.9731827 nll=-0.9764547 kl=0.003444117 consistency=0 lambda=0 beta=0.95 grad=44.84504 horizon=300 lifetime=[477,2237] skipped=False
2026-08-30 16:44:15,998 | INFO | step=4760/20000 loss=-1.129235 nll=-1.134589 kl=0.005624169 consistency=0 lambda=0 beta=0.952 grad=69.28486 horizon=300 lifetime=[460,818] skipped=False
2026-08-30 16:44:16,367 | INFO | step=4770/20000 loss=-0.6412129 nll=-0.6418644 kl=0.0006829724 consistency=0 lambda=0 beta=0.954 grad=43.51994 horizon=160 lifetime=[442,1858] skipped=False
2026-08-30 16:44:16,769 | INFO | step=4780/20000 loss=-0.3906034 nll=-0.391468 kl=0.0009043887 consistency=0 lambda=0 beta=0.956 grad=52.62914 horizon=160 lifetime=[453,1705] skipped=False
2026-08-30 16:44:17,172 | INFO | step=4790/20000 loss=0.2490608 nll=0.242069 kl=0.007298373 consistency=0 lambda=0 beta=0.958 grad=82.00299 horizon=100 lifetime=[428,1431] skipped=False
2026-08-30 16:44:17,550 | INFO | step=4800/20000 loss=-0.9572914 nll=-0.9588653 kl=0.001639493 consistency=0 lambda=0 beta=0.96 grad=37.81777 horizon=200 lifetime=[442,921] skipped=False
2026-08-30 16:44:17,946 | INFO | step=4810/20000 loss=-0.8679249 nll=-0.8703315 kl=0.002501652 consistency=0 lambda=0 beta=0.962 grad=50.1764 horizon=280 lifetime=[465,1052] skipped=False
2026-08-30 16:44:18,316 | INFO | step=4820/20000 loss=0.05103356 nll=0.05040194 kl=0.0006552115 consistency=0 lambda=0 beta=0.964 grad=215.2009 horizon=300 lifetime=[460,1705] skipped=False
2026-08-30 16:44:18,688 | INFO | step=4830/20000 loss=-0.4390477 nll=-0.440477 kl=0.001479633 consistency=0 lambda=0 beta=0.966 grad=126.6996 horizon=260 lifetime=[461,964] skipped=False
2026-08-30 16:44:19,102 | INFO | step=4840/20000 loss=0.5471689 nll=0.545424 kl=0.001802549 consistency=0 lambda=0 beta=0.968 grad=149.5192 horizon=220 lifetime=[519,1015] skipped=False
2026-08-30 16:44:19,534 | INFO | step=4850/20000 loss=-0.3090206 nll=-0.3099884 kl=0.0009976625 consistency=0 lambda=0 beta=0.97 grad=54.47019 horizon=240 lifetime=[557,1431] skipped=False
2026-08-30 16:44:19,915 | INFO | step=4860/20000 loss=-0.7027807 nll=-0.705121 kl=0.00240767 consistency=0 lambda=0 beta=0.972 grad=44.02834 horizon=200 lifetime=[462,1007] skipped=False
2026-08-30 16:44:20,270 | INFO | step=4870/20000 loss=-0.1692562 nll=-0.1700329 kl=0.0007974431 consistency=0 lambda=0 beta=0.974 grad=39.45691 horizon=120 lifetime=[470,1045] skipped=False
2026-08-30 16:44:20,670 | INFO | step=4880/20000 loss=-0.09516967 nll=-0.09615245 kl=0.001006953 consistency=0 lambda=0 beta=0.976 grad=59.0364 horizon=300 lifetime=[428,1154] skipped=False
2026-08-30 16:44:21,127 | INFO | step=4890/20000 loss=-0.8743169 nll=-0.8751279 kl=0.0008292794 consistency=0 lambda=0 beta=0.978 grad=28.88062 horizon=280 lifetime=[453,1061] skipped=False
2026-08-30 16:44:21,492 | INFO | step=4900/20000 loss=-0.1433988 nll=-0.1441563 kl=0.0007730164 consistency=0 lambda=0 beta=0.98 grad=95.33264 horizon=200 lifetime=[476,2237] skipped=False
2026-08-30 16:44:21,868 | INFO | step=4910/20000 loss=-0.8460746 nll=-0.8489612 kl=0.002939526 consistency=0 lambda=0 beta=0.982 grad=14.71008 horizon=220 lifetime=[437,707] skipped=False
2026-08-30 16:44:22,310 | INFO | step=4920/20000 loss=-0.5390791 nll=-0.5400605 kl=0.00099729 consistency=0 lambda=0 beta=0.984 grad=91.21044 horizon=300 lifetime=[453,1055] skipped=False
2026-08-30 16:44:22,701 | INFO | step=4930/20000 loss=-0.1429664 nll=-0.1450394 kl=0.002102472 consistency=0 lambda=0 beta=0.986 grad=110.5634 horizon=300 lifetime=[512,1282] skipped=False
2026-08-30 16:44:23,078 | INFO | step=4940/20000 loss=-0.3521795 nll=-0.3545761 kl=0.002425708 consistency=0 lambda=0 beta=0.988 grad=17.53619 horizon=120 lifetime=[453,858] skipped=False
2026-08-30 16:44:23,502 | INFO | step=4950/20000 loss=-0.9745301 nll=-0.9752967 kl=0.0007743165 consistency=0 lambda=0 beta=0.99 grad=27.293 horizon=280 lifetime=[453,1858] skipped=False
2026-08-30 16:44:23,909 | INFO | step=4960/20000 loss=0.4715734 nll=0.4703646 kl=0.001218557 consistency=0 lambda=0 beta=0.992 grad=68.24327 horizon=100 lifetime=[482,2237] skipped=False
2026-08-30 16:44:24,284 | INFO | step=4970/20000 loss=-0.1468276 nll=-0.1482778 kl=0.001458913 consistency=0 lambda=0 beta=0.994 grad=265.9316 horizon=240 lifetime=[428,1052] skipped=False
2026-08-30 16:44:24,693 | INFO | step=4980/20000 loss=-0.5509861 nll=-0.5516686 kl=0.0006853119 consistency=0 lambda=0 beta=0.996 grad=110.7894 horizon=240 lifetime=[428,1007] skipped=False
2026-08-30 16:44:25,083 | INFO | step=4990/20000 loss=-0.8051205 nll=-0.8070903 kl=0.001973778 consistency=0 lambda=0 beta=0.998 grad=100.9369 horizon=220 lifetime=[460,2237] skipped=False
2026-08-30 16:44:25,772 | INFO | validation step=5000 rmse=118.7634 best=118.7634@5000 stale=0/10
2026-08-30 16:44:25,772 | INFO | step=5000/20000 loss=-0.7063128 nll=-0.7076591 kl=0.00134632 consistency=0 lambda=0 beta=1 grad=87.31823 horizon=200 lifetime=[442,1055] skipped=False
2026-08-30 16:44:26,201 | INFO | step=5010/20000 loss=-0.4817051 nll=-0.4833664 kl=0.001661316 consistency=0 lambda=0 beta=1 grad=24.86923 horizon=140 lifetime=[334,1061] skipped=False
2026-08-30 16:44:26,597 | INFO | step=5020/20000 loss=-0.5655903 nll=-0.566548 kl=0.0009576976 consistency=0 lambda=0 beta=1 grad=65.39117 horizon=280 lifetime=[512,1012] skipped=False
2026-08-30 16:44:26,975 | INFO | step=5030/20000 loss=0.1384955 nll=0.1353779 kl=0.00311764 consistency=0 lambda=0 beta=1 grad=47.80208 horizon=100 lifetime=[147,1007] skipped=False
2026-08-30 16:44:27,364 | INFO | step=5040/20000 loss=1.284574 nll=1.282314 kl=0.002260193 consistency=0 lambda=0 beta=1 grad=285.4155 horizon=240 lifetime=[482,1154] skipped=False
2026-08-30 16:44:27,745 | INFO | step=5050/20000 loss=-0.2548265 nll=-0.2574983 kl=0.00267186 consistency=0 lambda=0 beta=1 grad=55.56129 horizon=220 lifetime=[334,2237] skipped=False
2026-08-30 16:44:28,144 | INFO | step=5060/20000 loss=0.192792 nll=0.1877577 kl=0.005034231 consistency=0 lambda=0 beta=1 grad=88.79511 horizon=160 lifetime=[505,1154] skipped=False
2026-08-30 16:44:28,565 | INFO | step=5070/20000 loss=-0.1126402 nll=-0.1146951 kl=0.002054863 consistency=0 lambda=0 beta=1 grad=87.95905 horizon=300 lifetime=[428,1282] skipped=False
2026-08-30 16:44:28,954 | INFO | step=5080/20000 loss=-0.4866113 nll=-0.4886608 kl=0.002049461 consistency=0 lambda=0 beta=1 grad=45.05226 horizon=220 lifetime=[334,2237] skipped=False
2026-08-30 16:44:29,343 | INFO | step=5090/20000 loss=-0.1722448 nll=-0.1745315 kl=0.00228668 consistency=0 lambda=0 beta=1 grad=44.73092 horizon=100 lifetime=[453,2237] skipped=False
2026-08-30 16:44:29,745 | INFO | step=5100/20000 loss=0.3778895 nll=0.37516 kl=0.002729453 consistency=0 lambda=0 beta=1 grad=107.6273 horizon=100 lifetime=[460,964] skipped=False
2026-08-30 16:44:30,158 | INFO | step=5110/20000 loss=0.08624317 nll=0.08520421 kl=0.001038954 consistency=0 lambda=0 beta=1 grad=95.94983 horizon=220 lifetime=[428,2154] skipped=False
2026-08-30 16:44:30,489 | INFO | step=5120/20000 loss=0.4908744 nll=0.4875082 kl=0.00336615 consistency=0 lambda=0 beta=1 grad=32.08894 horizon=100 lifetime=[334,1071] skipped=False
2026-08-30 16:44:30,907 | INFO | step=5130/20000 loss=-0.3189827 nll=-0.3258151 kl=0.006832466 consistency=0 lambda=0 beta=1 grad=30.62784 horizon=120 lifetime=[147,863] skipped=False
2026-08-30 16:44:31,312 | INFO | step=5140/20000 loss=-0.2902892 nll=-0.291317 kl=0.001027837 consistency=0 lambda=0 beta=1 grad=32.30386 horizon=220 lifetime=[505,2237] skipped=False
2026-08-30 16:44:31,686 | INFO | step=5150/20000 loss=-0.1177414 nll=-0.1196023 kl=0.001860969 consistency=0 lambda=0 beta=1 grad=56.4101 horizon=300 lifetime=[774,2154] skipped=False
2026-08-30 16:44:32,043 | INFO | step=5160/20000 loss=-0.4419113 nll=-0.4453804 kl=0.00346905 consistency=0 lambda=0 beta=1 grad=46.07751 horizon=140 lifetime=[461,964] skipped=False
2026-08-30 16:44:32,413 | INFO | step=5170/20000 loss=-0.7896993 nll=-0.7922449 kl=0.002545558 consistency=0 lambda=0 beta=1 grad=43.28092 horizon=180 lifetime=[465,1071] skipped=False
2026-08-30 16:44:32,788 | INFO | step=5180/20000 loss=-0.651035 nll=-0.652668 kl=0.001632974 consistency=0 lambda=0 beta=1 grad=15.06841 horizon=180 lifetime=[428,1015] skipped=False
2026-08-30 16:44:33,169 | INFO | step=5190/20000 loss=-0.9428241 nll=-0.9440426 kl=0.001218557 consistency=0 lambda=0 beta=1 grad=67.42189 horizon=220 lifetime=[437,1055] skipped=False
2026-08-30 16:44:33,586 | INFO | step=5200/20000 loss=-0.9325591 nll=-0.933607 kl=0.001047879 consistency=0 lambda=0 beta=1 grad=58.22582 horizon=220 lifetime=[334,1007] skipped=False
2026-08-30 16:44:34,008 | INFO | step=5210/20000 loss=-0.3366074 nll=-0.3374111 kl=0.0008037388 consistency=0 lambda=0 beta=1 grad=121.4149 horizon=240 lifetime=[465,2154] skipped=False
2026-08-30 16:44:34,435 | INFO | step=5220/20000 loss=0.07745145 nll=0.07251358 kl=0.004937865 consistency=0 lambda=0 beta=1 grad=33.5186 horizon=100 lifetime=[476,938] skipped=False
2026-08-30 16:44:34,833 | INFO | step=5230/20000 loss=-0.9819295 nll=-0.9840772 kl=0.002147734 consistency=0 lambda=0 beta=1 grad=104.2359 horizon=300 lifetime=[460,938] skipped=False
2026-08-30 16:44:35,238 | INFO | step=5240/20000 loss=-0.6063961 nll=-0.6082982 kl=0.001902118 consistency=0 lambda=0 beta=1 grad=40.16561 horizon=300 lifetime=[428,1154] skipped=False
2026-08-30 16:44:35,605 | INFO | step=5250/20000 loss=-0.5656743 nll=-0.5670425 kl=0.001368165 consistency=0 lambda=0 beta=1 grad=57.2162 horizon=220 lifetime=[437,1705] skipped=False
2026-08-30 16:44:36,057 | INFO | step=5260/20000 loss=-1.029991 nll=-1.030681 kl=0.0006905273 consistency=0 lambda=0 beta=1 grad=17.56285 horizon=280 lifetime=[460,1007] skipped=False
2026-08-30 16:44:36,429 | INFO | step=5270/20000 loss=-0.3957758 nll=-0.3980178 kl=0.002242036 consistency=0 lambda=0 beta=1 grad=30.3164 horizon=280 lifetime=[712,2154] skipped=False
2026-08-30 16:44:36,808 | INFO | step=5280/20000 loss=0.8195318 nll=0.812592 kl=0.006939784 consistency=0 lambda=0 beta=1 grad=119.6128 horizon=120 lifetime=[442,1431] skipped=False
2026-08-30 16:44:37,210 | INFO | step=5290/20000 loss=-0.6461647 nll=-0.6471832 kl=0.001018494 consistency=0 lambda=0 beta=1 grad=45.04785 horizon=260 lifetime=[484,1705] skipped=False
2026-08-30 16:44:37,626 | INFO | step=5300/20000 loss=0.8250664 nll=0.82262 kl=0.002446398 consistency=0 lambda=0 beta=1 grad=62.47318 horizon=100 lifetime=[501,1091] skipped=False
2026-08-30 16:44:38,020 | INFO | step=5310/20000 loss=1.244607 nll=1.241809 kl=0.002797175 consistency=0 lambda=0 beta=1 grad=115.4764 horizon=100 lifetime=[465,1705] skipped=False
2026-08-30 16:44:38,384 | INFO | step=5320/20000 loss=-0.3943861 nll=-0.4022151 kl=0.007828981 consistency=0 lambda=0 beta=1 grad=78.38607 horizon=280 lifetime=[437,729] skipped=False
2026-08-30 16:44:38,768 | INFO | step=5330/20000 loss=-0.553534 nll=-0.55664 kl=0.003105976 consistency=0 lambda=0 beta=1 grad=69.45822 horizon=280 lifetime=[701,2154] skipped=False
2026-08-30 16:44:39,177 | INFO | step=5340/20000 loss=-0.6290112 nll=-0.6303998 kl=0.001388691 consistency=0 lambda=0 beta=1 grad=46.59579 horizon=200 lifetime=[482,1015] skipped=False
2026-08-30 16:44:39,528 | INFO | step=5350/20000 loss=-0.007691685 nll=-0.008917853 kl=0.001226168 consistency=0 lambda=0 beta=1 grad=146.7435 horizon=240 lifetime=[484,933] skipped=False
2026-08-30 16:44:39,933 | INFO | step=5360/20000 loss=0.3212146 nll=0.3171909 kl=0.004023702 consistency=0 lambda=0 beta=1 grad=37.23223 horizon=100 lifetime=[729,2237] skipped=False
2026-08-30 16:44:40,330 | INFO | step=5370/20000 loss=-0.04883494 nll=-0.04942486 kl=0.0005899165 consistency=0 lambda=0 beta=1 grad=54.07918 horizon=180 lifetime=[460,1052] skipped=False
2026-08-30 16:44:40,743 | INFO | step=5380/20000 loss=-0.4676715 nll=-0.4697378 kl=0.002066363 consistency=0 lambda=0 beta=1 grad=40.88773 horizon=300 lifetime=[460,1313] skipped=False
2026-08-30 16:44:41,123 | INFO | step=5390/20000 loss=-1.130965 nll=-1.136916 kl=0.005950801 consistency=0 lambda=0 beta=1 grad=80.51867 horizon=260 lifetime=[460,1007] skipped=False
2026-08-30 16:44:41,538 | INFO | step=5400/20000 loss=-0.4534245 nll=-0.4545084 kl=0.001083974 consistency=0 lambda=0 beta=1 grad=72.57358 horizon=220 lifetime=[465,1154] skipped=False
2026-08-30 16:44:41,932 | INFO | step=5410/20000 loss=-0.831068 nll=-0.8334194 kl=0.002351427 consistency=0 lambda=0 beta=1 grad=90.42313 horizon=220 lifetime=[461,1045] skipped=False
2026-08-30 16:44:42,302 | INFO | step=5420/20000 loss=-1.480502 nll=-1.481876 kl=0.001373642 consistency=0 lambda=0 beta=1 grad=64.932 horizon=220 lifetime=[461,869] skipped=False
2026-08-30 16:44:42,715 | INFO | step=5430/20000 loss=-0.2234913 nll=-0.2251697 kl=0.001678366 consistency=0 lambda=0 beta=1 grad=33.40234 horizon=140 lifetime=[437,1052] skipped=False
2026-08-30 16:44:43,115 | INFO | step=5440/20000 loss=-0.4296846 nll=-0.4319264 kl=0.002241726 consistency=0 lambda=0 beta=1 grad=82.17117 horizon=280 lifetime=[701,1071] skipped=False
2026-08-30 16:44:43,467 | INFO | step=5450/20000 loss=-0.5805181 nll=-0.5833321 kl=0.002813925 consistency=0 lambda=0 beta=1 grad=144.9191 horizon=160 lifetime=[479,826] skipped=False
2026-08-30 16:44:43,882 | INFO | step=5460/20000 loss=-0.8523256 nll=-0.8532539 kl=0.0009283395 consistency=0 lambda=0 beta=1 grad=37.13583 horizon=240 lifetime=[476,1091] skipped=False
2026-08-30 16:44:44,269 | INFO | step=5470/20000 loss=-0.833803 nll=-0.835207 kl=0.001403978 consistency=0 lambda=0 beta=1 grad=48.89616 horizon=240 lifetime=[460,877] skipped=False
2026-08-30 16:44:44,627 | INFO | step=5480/20000 loss=-0.3341383 nll=-0.3361138 kl=0.001975466 consistency=0 lambda=0 beta=1 grad=52.87353 horizon=180 lifetime=[437,856] skipped=False
2026-08-30 16:44:45,034 | INFO | step=5490/20000 loss=-0.2213191 nll=-0.222453 kl=0.00113388 consistency=0 lambda=0 beta=1 grad=49.42302 horizon=120 lifetime=[461,1052] skipped=False
2026-08-30 16:44:45,657 | INFO | validation step=5500 rmse=138.9551 best=118.7634@5000 stale=1/10
2026-08-30 16:44:45,657 | INFO | step=5500/20000 loss=0.2168035 nll=0.2152025 kl=0.001601089 consistency=0 lambda=0 beta=1 grad=28.50035 horizon=140 lifetime=[597,1858] skipped=False
2026-08-30 16:44:46,072 | INFO | step=5510/20000 loss=-0.2502231 nll=-0.253871 kl=0.003647887 consistency=0 lambda=0 beta=1 grad=36.5477 horizon=180 lifetime=[437,1154] skipped=False
2026-08-30 16:44:46,494 | INFO | step=5520/20000 loss=-1.079611 nll=-1.081095 kl=0.001484107 consistency=0 lambda=0 beta=1 grad=39.37768 horizon=240 lifetime=[462,1015] skipped=False
2026-08-30 16:44:47,033 | INFO | step=5530/20000 loss=-0.6073001 nll=-0.6086128 kl=0.00131274 consistency=0 lambda=0 beta=1 grad=62.22589 horizon=240 lifetime=[476,1313] skipped=False
2026-08-30 16:44:47,382 | INFO | step=5540/20000 loss=0.9634914 nll=0.9620849 kl=0.001406495 consistency=0 lambda=0 beta=1 grad=82.07681 horizon=120 lifetime=[437,1431] skipped=False
2026-08-30 16:44:47,740 | INFO | step=5550/20000 loss=-0.1209334 nll=-0.121848 kl=0.0009146631 consistency=0 lambda=0 beta=1 grad=86.84062 horizon=160 lifetime=[470,1431] skipped=False
2026-08-30 16:44:48,146 | INFO | step=5560/20000 loss=0.08387932 nll=0.08206087 kl=0.001818445 consistency=0 lambda=0 beta=1 grad=100.7162 horizon=240 lifetime=[428,1282] skipped=False
2026-08-30 16:44:48,510 | INFO | step=5570/20000 loss=-0.7038609 nll=-0.7055045 kl=0.001643606 consistency=0 lambda=0 beta=1 grad=129.6877 horizon=220 lifetime=[428,988] skipped=False
2026-08-30 16:44:48,917 | INFO | step=5580/20000 loss=-0.330625 nll=-0.3353441 kl=0.004719168 consistency=0 lambda=0 beta=1 grad=41.06688 horizon=100 lifetime=[526,887] skipped=False
2026-08-30 16:44:49,304 | INFO | step=5590/20000 loss=-0.8129753 nll=-0.8135442 kl=0.0005688518 consistency=0 lambda=0 beta=1 grad=19.96446 horizon=180 lifetime=[533,964] skipped=False
2026-08-30 16:44:49,677 | INFO | step=5600/20000 loss=0.2319621 nll=0.2303777 kl=0.001584329 consistency=0 lambda=0 beta=1 grad=142.1033 horizon=200 lifetime=[505,2154] skipped=False
2026-08-30 16:44:50,021 | INFO | step=5610/20000 loss=-0.7742519 nll=-0.7759764 kl=0.001724467 consistency=0 lambda=0 beta=1 grad=19.64858 horizon=240 lifetime=[428,1705] skipped=False
2026-08-30 16:44:50,419 | INFO | step=5620/20000 loss=-1.002522 nll=-1.005371 kl=0.002848729 consistency=0 lambda=0 beta=1 grad=25.68541 horizon=300 lifetime=[599,1071] skipped=False
2026-08-30 16:44:50,848 | INFO | step=5630/20000 loss=-0.377731 nll=-0.378338 kl=0.0006069615 consistency=0 lambda=0 beta=1 grad=55.02431 horizon=220 lifetime=[622,1313] skipped=False
2026-08-30 16:44:51,206 | INFO | step=5640/20000 loss=-0.3749063 nll=-0.3756194 kl=0.0007130951 consistency=0 lambda=0 beta=1 grad=48.77586 horizon=220 lifetime=[501,1858] skipped=False
2026-08-30 16:44:51,574 | INFO | step=5650/20000 loss=-0.05792739 nll=-0.06090611 kl=0.00297872 consistency=0 lambda=0 beta=1 grad=67.24883 horizon=220 lifetime=[729,1431] skipped=False
2026-08-30 16:44:51,990 | INFO | step=5660/20000 loss=0.008788407 nll=0.007241368 kl=0.001547039 consistency=0 lambda=0 beta=1 grad=46.31785 horizon=220 lifetime=[462,2237] skipped=False
2026-08-30 16:44:52,402 | INFO | step=5670/20000 loss=-0.6244518 nll=-0.6263369 kl=0.001885138 consistency=0 lambda=0 beta=1 grad=29.60659 horizon=160 lifetime=[428,938] skipped=False
2026-08-30 16:44:52,812 | INFO | step=5680/20000 loss=-0.6074335 nll=-0.6090908 kl=0.001657318 consistency=0 lambda=0 beta=1 grad=52.94261 horizon=260 lifetime=[607,1071] skipped=False
2026-08-30 16:44:53,178 | INFO | step=5690/20000 loss=-1.323451 nll=-1.324578 kl=0.001126483 consistency=0 lambda=0 beta=1 grad=58.1567 horizon=200 lifetime=[437,828] skipped=False
2026-08-30 16:44:53,554 | INFO | step=5700/20000 loss=-0.1552713 nll=-0.156638 kl=0.001366653 consistency=0 lambda=0 beta=1 grad=40.42559 horizon=240 lifetime=[494,1705] skipped=False
2026-08-30 16:44:53,936 | INFO | step=5710/20000 loss=-0.2867791 nll=-0.2891283 kl=0.002349142 consistency=0 lambda=0 beta=1 grad=37.16722 horizon=220 lifetime=[428,1282] skipped=False
2026-08-30 16:44:54,303 | INFO | step=5720/20000 loss=-0.8036855 nll=-0.8057712 kl=0.002085647 consistency=0 lambda=0 beta=1 grad=33.79691 horizon=220 lifetime=[494,1015] skipped=False
2026-08-30 16:44:54,697 | INFO | step=5730/20000 loss=-0.3022575 nll=-0.3050734 kl=0.002815949 consistency=0 lambda=0 beta=1 grad=31.48152 horizon=140 lifetime=[462,1015] skipped=False
2026-08-30 16:44:55,102 | INFO | step=5740/20000 loss=-0.5754811 nll=-0.576802 kl=0.001320891 consistency=0 lambda=0 beta=1 grad=65.33569 horizon=200 lifetime=[462,1071] skipped=False
2026-08-30 16:44:55,486 | INFO | step=5750/20000 loss=-0.2574977 nll=-0.2585427 kl=0.001044999 consistency=0 lambda=0 beta=1 grad=28.02568 horizon=100 lifetime=[476,2154] skipped=False
2026-08-30 16:44:55,909 | INFO | step=5760/20000 loss=0.375775 nll=0.3742591 kl=0.001515899 consistency=0 lambda=0 beta=1 grad=50.51537 horizon=120 lifetime=[428,2154] skipped=False
2026-08-30 16:44:56,254 | INFO | step=5770/20000 loss=-0.5705602 nll=-0.5730435 kl=0.002483301 consistency=0 lambda=0 beta=1 grad=48.13797 horizon=280 lifetime=[334,1858] skipped=False
2026-08-30 16:44:56,661 | INFO | step=5780/20000 loss=-0.291186 nll=-0.2921584 kl=0.0009723157 consistency=0 lambda=0 beta=1 grad=65.27188 horizon=260 lifetime=[477,1007] skipped=False
2026-08-30 16:44:57,075 | INFO | step=5790/20000 loss=-0.265433 nll=-0.2667555 kl=0.001322515 consistency=0 lambda=0 beta=1 grad=33.76522 horizon=140 lifetime=[560,2154] skipped=False
2026-08-30 16:44:57,463 | INFO | step=5800/20000 loss=-0.933233 nll=-0.9348849 kl=0.001651943 consistency=0 lambda=0 beta=1 grad=33.25587 horizon=200 lifetime=[460,988] skipped=False
2026-08-30 16:44:57,841 | INFO | step=5810/20000 loss=-0.0180028 nll=-0.01907251 kl=0.00106971 consistency=0 lambda=0 beta=1 grad=93.82298 horizon=200 lifetime=[462,858] skipped=False
2026-08-30 16:44:58,199 | INFO | step=5820/20000 loss=-0.5012208 nll=-0.5017254 kl=0.0005046129 consistency=0 lambda=0 beta=1 grad=49.18976 horizon=160 lifetime=[476,863] skipped=False
2026-08-30 16:44:58,571 | INFO | step=5830/20000 loss=-0.8463486 nll=-0.8471373 kl=0.0007887036 consistency=0 lambda=0 beta=1 grad=24.32115 horizon=260 lifetime=[428,988] skipped=False
2026-08-30 16:44:58,962 | INFO | step=5840/20000 loss=-0.4897897 nll=-0.4927218 kl=0.002932161 consistency=0 lambda=0 beta=1 grad=95.44892 horizon=160 lifetime=[428,1091] skipped=False
2026-08-30 16:44:59,328 | INFO | step=5850/20000 loss=-0.2185289 nll=-0.2212311 kl=0.002702236 consistency=0 lambda=0 beta=1 grad=59.78346 horizon=280 lifetime=[614,1282] skipped=False
2026-08-30 16:44:59,727 | INFO | step=5860/20000 loss=-0.5716876 nll=-0.5737611 kl=0.002073467 consistency=0 lambda=0 beta=1 grad=49.44646 horizon=300 lifetime=[465,887] skipped=False
2026-08-30 16:45:00,125 | INFO | step=5870/20000 loss=-0.4816786 nll=-0.4862853 kl=0.004606701 consistency=0 lambda=0 beta=1 grad=34.08772 horizon=220 lifetime=[476,858] skipped=False
2026-08-30 16:45:00,509 | INFO | step=5880/20000 loss=-0.6431484 nll=-0.644803 kl=0.001654543 consistency=0 lambda=0 beta=1 grad=50.06603 horizon=260 lifetime=[465,887] skipped=False
2026-08-30 16:45:00,907 | INFO | step=5890/20000 loss=-1.193614 nll=-1.19488 kl=0.001266547 consistency=0 lambda=0 beta=1 grad=25.23174 horizon=300 lifetime=[428,2154] skipped=False
2026-08-30 16:45:01,286 | INFO | step=5900/20000 loss=-0.009727851 nll=-0.01135582 kl=0.001627967 consistency=0 lambda=0 beta=1 grad=160.8463 horizon=260 lifetime=[476,1431] skipped=False
2026-08-30 16:45:01,644 | INFO | step=5910/20000 loss=-0.4304438 nll=-0.4325367 kl=0.002092913 consistency=0 lambda=0 beta=1 grad=113.8724 horizon=260 lifetime=[526,1282] skipped=False
2026-08-30 16:45:02,045 | INFO | step=5920/20000 loss=-0.8918333 nll=-0.8932891 kl=0.001455799 consistency=0 lambda=0 beta=1 grad=93.85765 horizon=240 lifetime=[479,2154] skipped=False
2026-08-30 16:45:02,417 | INFO | step=5930/20000 loss=0.2589915 nll=0.2579804 kl=0.001011074 consistency=0 lambda=0 beta=1 grad=118.485 horizon=160 lifetime=[334,891] skipped=False
2026-08-30 16:45:02,801 | INFO | step=5940/20000 loss=-1.193423 nll=-1.195353 kl=0.001929626 consistency=0 lambda=0 beta=1 grad=20.41292 horizon=180 lifetime=[437,1007] skipped=False
2026-08-30 16:45:03,163 | INFO | step=5950/20000 loss=-0.1528325 nll=-0.155113 kl=0.002280533 consistency=0 lambda=0 beta=1 grad=148.9921 horizon=240 lifetime=[442,1431] skipped=False
2026-08-30 16:45:03,553 | INFO | step=5960/20000 loss=-0.8314832 nll=-0.8339823 kl=0.002499118 consistency=0 lambda=0 beta=1 grad=148.9053 horizon=180 lifetime=[460,852] skipped=False
2026-08-30 16:45:03,976 | INFO | step=5970/20000 loss=-0.170114 nll=-0.1725909 kl=0.002476908 consistency=0 lambda=0 beta=1 grad=14.27046 horizon=180 lifetime=[484,2154] skipped=False
2026-08-30 16:45:04,366 | INFO | step=5980/20000 loss=0.09829351 nll=0.09734246 kl=0.0009510517 consistency=0 lambda=0 beta=1 grad=118.9539 horizon=280 lifetime=[470,988] skipped=False
2026-08-30 16:45:04,726 | INFO | step=5990/20000 loss=-1.403231 nll=-1.405348 kl=0.002116978 consistency=0 lambda=0 beta=1 grad=69.88125 horizon=280 lifetime=[462,841] skipped=False
2026-08-30 16:45:05,341 | INFO | validation step=6000 rmse=145.7795 best=118.7634@5000 stale=2/10
2026-08-30 16:45:05,341 | INFO | step=6000/20000 loss=-0.07135023 nll=-0.07433119 kl=0.002980962 consistency=0 lambda=0 beta=1 grad=52.52463 horizon=200 lifetime=[607,1313] skipped=False
2026-08-30 16:45:05,784 | INFO | step=6010/20000 loss=-0.8407882 nll=-0.8418949 kl=0.00110665 consistency=0 lambda=0 beta=1 grad=46.70536 horizon=240 lifetime=[437,938] skipped=False
2026-08-30 16:45:06,174 | INFO | step=6020/20000 loss=-0.5333334 nll=-0.5345675 kl=0.001234025 consistency=0 lambda=0 beta=1 grad=88.55386 horizon=120 lifetime=[428,852] skipped=False
2026-08-30 16:45:06,556 | INFO | step=6030/20000 loss=0.2689234 nll=0.2652204 kl=0.003702968 consistency=0 lambda=0 beta=1 grad=129.0104 horizon=140 lifetime=[477,1431] skipped=False
2026-08-30 16:45:06,963 | INFO | step=6040/20000 loss=0.447979 nll=0.4460643 kl=0.001914695 consistency=0 lambda=0 beta=1 grad=229.5094 horizon=280 lifetime=[560,1705] skipped=False
2026-08-30 16:45:07,341 | INFO | step=6050/20000 loss=0.05830342 nll=0.05572487 kl=0.002578542 consistency=0 lambda=0 beta=1 grad=144.1902 horizon=160 lifetime=[461,1061] skipped=False
2026-08-30 16:45:07,764 | INFO | step=6060/20000 loss=-0.6422052 nll=-0.6439713 kl=0.00176613 consistency=0 lambda=0 beta=1 grad=62.72466 horizon=240 lifetime=[453,2237] skipped=False
2026-08-30 16:45:08,171 | INFO | step=6070/20000 loss=-0.06715386 nll=-0.06764847 kl=0.0004946142 consistency=0 lambda=0 beta=1 grad=91.21095 horizon=200 lifetime=[428,1012] skipped=False
2026-08-30 16:45:08,532 | INFO | step=6080/20000 loss=0.01757535 nll=0.01682429 kl=0.0007510632 consistency=0 lambda=0 beta=1 grad=114.4904 horizon=220 lifetime=[476,1313] skipped=False
2026-08-30 16:45:08,915 | INFO | step=6090/20000 loss=-0.7677315 nll=-0.7692418 kl=0.001510277 consistency=0 lambda=0 beta=1 grad=43.19424 horizon=140 lifetime=[442,1061] skipped=False
2026-08-30 16:45:09,352 | INFO | step=6100/20000 loss=-0.6257409 nll=-0.6265683 kl=0.0008274317 consistency=0 lambda=0 beta=1 grad=20.89388 horizon=160 lifetime=[453,1313] skipped=False
2026-08-30 16:45:09,738 | INFO | step=6110/20000 loss=-0.722476 nll=-0.724509 kl=0.00203298 consistency=0 lambda=0 beta=1 grad=135.094 horizon=240 lifetime=[476,1858] skipped=False
2026-08-30 16:45:10,175 | INFO | step=6120/20000 loss=-0.8121303 nll=-0.8136449 kl=0.001514599 consistency=0 lambda=0 beta=1 grad=40.74992 horizon=200 lifetime=[462,863] skipped=False
2026-08-30 16:45:10,574 | INFO | step=6130/20000 loss=-1.134323 nll=-1.134776 kl=0.0004527718 consistency=0 lambda=0 beta=1 grad=47.3779 horizon=240 lifetime=[453,1071] skipped=False
2026-08-30 16:45:11,000 | INFO | step=6140/20000 loss=0.2438664 nll=0.2433113 kl=0.0005551875 consistency=0 lambda=0 beta=1 grad=124.3555 horizon=120 lifetime=[480,2154] skipped=False
2026-08-30 16:45:11,432 | INFO | step=6150/20000 loss=-1.193213 nll=-1.194779 kl=0.001565889 consistency=0 lambda=0 beta=1 grad=52.15042 horizon=300 lifetime=[428,1055] skipped=False
2026-08-30 16:45:11,823 | INFO | step=6160/20000 loss=-0.7532948 nll=-0.7548403 kl=0.001545519 consistency=0 lambda=0 beta=1 grad=34.35398 horizon=140 lifetime=[147,1045] skipped=False
2026-08-30 16:45:12,230 | INFO | step=6170/20000 loss=-0.7574243 nll=-0.7581177 kl=0.0006933659 consistency=0 lambda=0 beta=1 grad=45.93001 horizon=180 lifetime=[479,891] skipped=False
2026-08-30 16:45:12,607 | INFO | step=6180/20000 loss=-0.9441711 nll=-0.9457728 kl=0.001601696 consistency=0 lambda=0 beta=1 grad=24.98884 horizon=180 lifetime=[453,1061] skipped=False
2026-08-30 16:45:12,956 | INFO | step=6190/20000 loss=-0.5900814 nll=-0.5906299 kl=0.0005485415 consistency=0 lambda=0 beta=1 grad=31.42015 horizon=140 lifetime=[437,1091] skipped=False
2026-08-30 16:45:13,313 | INFO | step=6200/20000 loss=-0.6771766 nll=-0.6809426 kl=0.003766 consistency=0 lambda=0 beta=1 grad=64.79441 horizon=200 lifetime=[519,1071] skipped=False
2026-08-30 16:45:13,681 | INFO | step=6210/20000 loss=-0.04653242 nll=-0.04738981 kl=0.000857383 consistency=0 lambda=0 beta=1 grad=68.42194 horizon=120 lifetime=[476,2237] skipped=False
2026-08-30 16:45:14,030 | INFO | step=6220/20000 loss=-0.3936402 nll=-0.3945001 kl=0.0008598268 consistency=0 lambda=0 beta=1 grad=135.1219 horizon=240 lifetime=[501,1431] skipped=False
2026-08-30 16:45:14,446 | INFO | step=6230/20000 loss=-0.7221282 nll=-0.7242081 kl=0.002079904 consistency=0 lambda=0 beta=1 grad=20.97146 horizon=180 lifetime=[470,2237] skipped=False
2026-08-30 16:45:14,833 | INFO | step=6240/20000 loss=-0.5313332 nll=-0.5325003 kl=0.001167148 consistency=0 lambda=0 beta=1 grad=36.16982 horizon=180 lifetime=[505,1313] skipped=False
2026-08-30 16:45:15,268 | INFO | step=6250/20000 loss=-0.7168307 nll=-0.7186173 kl=0.00178656 consistency=0 lambda=0 beta=1 grad=132.2816 horizon=240 lifetime=[461,1045] skipped=False
2026-08-30 16:45:15,689 | INFO | step=6260/20000 loss=0.01238747 nll=0.01075633 kl=0.001631141 consistency=0 lambda=0 beta=1 grad=110.8749 horizon=260 lifetime=[597,2154] skipped=False
2026-08-30 16:45:16,104 | INFO | step=6270/20000 loss=0.6645219 nll=0.6618156 kl=0.002706289 consistency=0 lambda=0 beta=1 grad=108.2504 horizon=120 lifetime=[428,2237] skipped=False
2026-08-30 16:45:16,521 | INFO | step=6280/20000 loss=-0.4922539 nll=-0.4940157 kl=0.001761794 consistency=0 lambda=0 beta=1 grad=14.79871 horizon=160 lifetime=[738,1858] skipped=False
2026-08-30 16:45:16,963 | INFO | step=6290/20000 loss=-1.020459 nll=-1.021257 kl=0.0007975996 consistency=0 lambda=0 beta=1 grad=101.4871 horizon=240 lifetime=[460,1431] skipped=False
2026-08-30 16:45:17,382 | INFO | step=6300/20000 loss=-0.5417573 nll=-0.5431042 kl=0.001346856 consistency=0 lambda=0 beta=1 grad=132.2215 horizon=300 lifetime=[477,1071] skipped=False
2026-08-30 16:45:17,779 | INFO | step=6310/20000 loss=-0.5939962 nll=-0.5957752 kl=0.001779079 consistency=0 lambda=0 beta=1 grad=38.60122 horizon=160 lifetime=[428,964] skipped=False
2026-08-30 16:45:18,158 | INFO | step=6320/20000 loss=-0.819109 nll=-0.8214083 kl=0.002299249 consistency=0 lambda=0 beta=1 grad=11.62488 horizon=240 lifetime=[706,1061] skipped=False
2026-08-30 16:45:18,538 | INFO | step=6330/20000 loss=-0.6706229 nll=-0.6718136 kl=0.001190662 consistency=0 lambda=0 beta=1 grad=31.56461 horizon=280 lifetime=[476,1313] skipped=False
2026-08-30 16:45:18,925 | INFO | step=6340/20000 loss=1.066099 nll=1.064574 kl=0.001525402 consistency=0 lambda=0 beta=1 grad=193.6077 horizon=240 lifetime=[476,2237] skipped=False
2026-08-30 16:45:19,303 | INFO | step=6350/20000 loss=-0.0772569 nll=-0.08060955 kl=0.003352642 consistency=0 lambda=0 beta=1 grad=70.73661 horizon=240 lifetime=[494,2237] skipped=False
2026-08-30 16:45:19,714 | INFO | step=6360/20000 loss=-1.279416 nll=-1.281003 kl=0.001586974 consistency=0 lambda=0 beta=1 grad=45.28072 horizon=280 lifetime=[477,826] skipped=False
2026-08-30 16:45:20,091 | INFO | step=6370/20000 loss=-0.6606817 nll=-0.6619229 kl=0.001241177 consistency=0 lambda=0 beta=1 grad=30.96482 horizon=160 lifetime=[465,938] skipped=False
2026-08-30 16:45:20,504 | INFO | step=6380/20000 loss=-0.4351223 nll=-0.4361209 kl=0.0009986162 consistency=0 lambda=0 beta=1 grad=96.57677 horizon=280 lifetime=[701,1313] skipped=False
2026-08-30 16:45:20,877 | INFO | step=6390/20000 loss=-0.5520223 nll=-0.5528938 kl=0.0008713901 consistency=0 lambda=0 beta=1 grad=74.84515 horizon=220 lifetime=[437,2237] skipped=False
2026-08-30 16:45:21,245 | INFO | step=6400/20000 loss=-0.787231 nll=-0.7891164 kl=0.001885414 consistency=0 lambda=0 beta=1 grad=49.88929 horizon=240 lifetime=[470,2237] skipped=False
2026-08-30 16:45:21,619 | INFO | step=6410/20000 loss=-0.8056738 nll=-0.8075365 kl=0.001862615 consistency=0 lambda=0 beta=1 grad=28.32812 horizon=160 lifetime=[470,1007] skipped=False
2026-08-30 16:45:22,038 | INFO | step=6420/20000 loss=-0.5003909 nll=-0.5017958 kl=0.001404822 consistency=0 lambda=0 beta=1 grad=73.71287 horizon=220 lifetime=[477,858] skipped=False
2026-08-30 16:45:22,443 | INFO | step=6430/20000 loss=-0.3502458 nll=-0.3544996 kl=0.004253805 consistency=0 lambda=0 beta=1 grad=54.16252 horizon=260 lifetime=[477,2237] skipped=False
2026-08-30 16:45:22,855 | INFO | step=6440/20000 loss=-0.5550064 nll=-0.5561997 kl=0.001193285 consistency=0 lambda=0 beta=1 grad=87.77296 horizon=200 lifetime=[462,1705] skipped=False
2026-08-30 16:45:23,250 | INFO | step=6450/20000 loss=-0.6986887 nll=-0.6997124 kl=0.00102371 consistency=0 lambda=0 beta=1 grad=76.46002 horizon=180 lifetime=[486,874] skipped=False
2026-08-30 16:45:23,643 | INFO | step=6460/20000 loss=-0.3625253 nll=-0.3630322 kl=0.0005069077 consistency=0 lambda=0 beta=1 grad=95.53118 horizon=220 lifetime=[512,1071] skipped=False
2026-08-30 16:45:24,008 | INFO | step=6470/20000 loss=-1.002973 nll=-1.003976 kl=0.001002491 consistency=0 lambda=0 beta=1 grad=116.8577 horizon=280 lifetime=[437,1007] skipped=False
2026-08-30 16:45:24,402 | INFO | step=6480/20000 loss=-1.44602 nll=-1.447074 kl=0.001053542 consistency=0 lambda=0 beta=1 grad=28.34163 horizon=220 lifetime=[428,933] skipped=False
2026-08-30 16:45:24,795 | INFO | step=6490/20000 loss=-0.8153098 nll=-0.8158827 kl=0.0005728602 consistency=0 lambda=0 beta=1 grad=67.18222 horizon=220 lifetime=[476,2237] skipped=False
2026-08-30 16:45:25,438 | INFO | validation step=6500 rmse=133.5735 best=118.7634@5000 stale=3/10
2026-08-30 16:45:25,438 | INFO | step=6500/20000 loss=-0.2175134 nll=-0.2194668 kl=0.001953393 consistency=0 lambda=0 beta=1 grad=100.4925 horizon=240 lifetime=[486,2154] skipped=False
2026-08-30 16:45:25,879 | INFO | step=6510/20000 loss=-0.4456163 nll=-0.4468604 kl=0.001244158 consistency=0 lambda=0 beta=1 grad=87.74387 horizon=220 lifetime=[477,1052] skipped=False
2026-08-30 16:45:26,293 | INFO | step=6520/20000 loss=-0.8104835 nll=-0.8117093 kl=0.001225829 consistency=0 lambda=0 beta=1 grad=52.05955 horizon=280 lifetime=[462,988] skipped=False
2026-08-30 16:45:26,727 | INFO | step=6530/20000 loss=-0.3812156 nll=-0.3824932 kl=0.001277566 consistency=0 lambda=0 beta=1 grad=134.9504 horizon=200 lifetime=[428,1858] skipped=False
2026-08-30 16:45:27,131 | INFO | step=6540/20000 loss=-1.02335 nll=-1.025559 kl=0.002208978 consistency=0 lambda=0 beta=1 grad=26.82271 horizon=260 lifetime=[465,1858] skipped=False
2026-08-30 16:45:27,536 | INFO | step=6550/20000 loss=-1.121756 nll=-1.123813 kl=0.002056986 consistency=0 lambda=0 beta=1 grad=63.92973 horizon=200 lifetime=[480,988] skipped=False
2026-08-30 16:45:27,919 | INFO | step=6560/20000 loss=-1.303754 nll=-1.304621 kl=0.0008672178 consistency=0 lambda=0 beta=1 grad=56.40255 horizon=240 lifetime=[428,988] skipped=False
2026-08-30 16:45:28,348 | INFO | step=6570/20000 loss=-0.5630286 nll=-0.5641248 kl=0.001096278 consistency=0 lambda=0 beta=1 grad=28.31525 horizon=200 lifetime=[484,2237] skipped=False
2026-08-30 16:45:28,785 | INFO | step=6580/20000 loss=0.4545643 nll=0.4527172 kl=0.001847059 consistency=0 lambda=0 beta=1 grad=197.8416 horizon=300 lifetime=[334,2237] skipped=False
2026-08-30 16:45:29,193 | INFO | step=6590/20000 loss=-0.9360456 nll=-0.9364372 kl=0.0003916025 consistency=0 lambda=0 beta=1 grad=93.02433 horizon=240 lifetime=[442,891] skipped=False
2026-08-30 16:45:29,554 | INFO | step=6600/20000 loss=-0.7363828 nll=-0.737124 kl=0.0007411838 consistency=0 lambda=0 beta=1 grad=80.36523 horizon=240 lifetime=[476,2154] skipped=False
2026-08-30 16:45:29,917 | INFO | step=6610/20000 loss=-0.8957359 nll=-0.8984025 kl=0.002666593 consistency=0 lambda=0 beta=1 grad=58.99606 horizon=140 lifetime=[428,1091] skipped=False
2026-08-30 16:45:30,305 | INFO | step=6620/20000 loss=-0.3699945 nll=-0.3713085 kl=0.001313955 consistency=0 lambda=0 beta=1 grad=15.1147 horizon=120 lifetime=[526,1061] skipped=False
2026-08-30 16:45:30,698 | INFO | step=6630/20000 loss=-0.9449952 nll=-0.9466884 kl=0.001693249 consistency=0 lambda=0 beta=1 grad=37.46532 horizon=180 lifetime=[460,2154] skipped=False
2026-08-30 16:45:31,103 | INFO | step=6640/20000 loss=0.1893143 nll=0.1880994 kl=0.001214862 consistency=0 lambda=0 beta=1 grad=152.207 horizon=260 lifetime=[428,1313] skipped=False
2026-08-30 16:45:31,491 | INFO | step=6650/20000 loss=0.05642485 nll=0.05576812 kl=0.000656724 consistency=0 lambda=0 beta=1 grad=48.02781 horizon=140 lifetime=[428,1313] skipped=False
2026-08-30 16:45:31,906 | INFO | step=6660/20000 loss=-0.1538619 nll=-0.1573249 kl=0.00346303 consistency=0 lambda=0 beta=1 grad=66.70109 horizon=120 lifetime=[607,1431] skipped=False
2026-08-30 16:45:32,294 | INFO | step=6670/20000 loss=-0.7874024 nll=-0.7886052 kl=0.001202822 consistency=0 lambda=0 beta=1 grad=47.76736 horizon=260 lifetime=[453,858] skipped=False
2026-08-30 16:45:32,672 | INFO | step=6680/20000 loss=-0.4742321 nll=-0.4753878 kl=0.001155615 consistency=0 lambda=0 beta=1 grad=34.4232 horizon=220 lifetime=[477,1705] skipped=False
2026-08-30 16:45:33,052 | INFO | step=6690/20000 loss=-0.2237362 nll=-0.2251805 kl=0.00144434 consistency=0 lambda=0 beta=1 grad=149.3447 horizon=260 lifetime=[465,1858] skipped=False
2026-08-30 16:45:33,490 | INFO | step=6700/20000 loss=-0.2777024 nll=-0.2787305 kl=0.001028091 consistency=0 lambda=0 beta=1 grad=30.07875 horizon=100 lifetime=[453,2154] skipped=False
2026-08-30 16:45:33,915 | INFO | step=6710/20000 loss=-0.3190065 nll=-0.3195042 kl=0.0004976988 consistency=0 lambda=0 beta=1 grad=92.1132 horizon=160 lifetime=[428,1091] skipped=False
2026-08-30 16:45:34,265 | INFO | step=6720/20000 loss=-0.6478277 nll=-0.6486471 kl=0.0008193851 consistency=0 lambda=0 beta=1 grad=30.37563 horizon=120 lifetime=[486,1431] skipped=False
2026-08-30 16:45:34,654 | INFO | step=6730/20000 loss=-0.1392509 nll=-0.1398715 kl=0.0006206632 consistency=0 lambda=0 beta=1 grad=92.64634 horizon=160 lifetime=[428,1154] skipped=False
2026-08-30 16:45:35,038 | INFO | step=6740/20000 loss=-0.7632899 nll=-0.7658025 kl=0.002512604 consistency=0 lambda=0 beta=1 grad=33.214 horizon=100 lifetime=[428,863] skipped=False
2026-08-30 16:45:35,494 | INFO | step=6750/20000 loss=-0.722849 nll=-0.7254179 kl=0.002568871 consistency=0 lambda=0 beta=1 grad=40.89035 horizon=180 lifetime=[479,871] skipped=False
2026-08-30 16:45:35,950 | INFO | step=6760/20000 loss=-0.6380435 nll=-0.6383612 kl=0.0003176033 consistency=0 lambda=0 beta=1 grad=65.26434 horizon=260 lifetime=[476,988] skipped=False
2026-08-30 16:45:36,340 | INFO | step=6770/20000 loss=-0.5947427 nll=-0.596457 kl=0.001714319 consistency=0 lambda=0 beta=1 grad=56.98607 horizon=180 lifetime=[428,1045] skipped=False
2026-08-30 16:45:36,741 | INFO | step=6780/20000 loss=-0.120831 nll=-0.1227005 kl=0.00186947 consistency=0 lambda=0 beta=1 grad=23.03256 horizon=140 lifetime=[488,1055] skipped=False
2026-08-30 16:45:37,165 | INFO | step=6790/20000 loss=-0.04562351 nll=-0.04635131 kl=0.0007278025 consistency=0 lambda=0 beta=1 grad=204.5561 horizon=140 lifetime=[460,1061] skipped=False
2026-08-30 16:45:37,551 | INFO | step=6800/20000 loss=-0.03071418 nll=-0.03156062 kl=0.0008464456 consistency=0 lambda=0 beta=1 grad=30.94487 horizon=140 lifetime=[486,988] skipped=False
2026-08-30 16:45:37,920 | INFO | step=6810/20000 loss=-0.9505832 nll=-0.9516295 kl=0.00104633 consistency=0 lambda=0 beta=1 grad=19.29653 horizon=160 lifetime=[470,2154] skipped=False
2026-08-30 16:45:38,314 | INFO | step=6820/20000 loss=-0.243186 nll=-0.2440501 kl=0.0008641183 consistency=0 lambda=0 beta=1 grad=27.70563 horizon=100 lifetime=[461,1313] skipped=False
2026-08-30 16:45:38,696 | INFO | step=6830/20000 loss=-0.9538906 nll=-0.9543497 kl=0.0004591048 consistency=0 lambda=0 beta=1 grad=123.4454 horizon=300 lifetime=[334,874] skipped=False
2026-08-30 16:45:39,094 | INFO | step=6840/20000 loss=-0.6617527 nll=-0.6629717 kl=0.001218945 consistency=0 lambda=0 beta=1 grad=125.278 horizon=240 lifetime=[437,921] skipped=False
2026-08-30 16:45:39,516 | INFO | step=6850/20000 loss=-0.2596477 nll=-0.2601188 kl=0.0004710555 consistency=0 lambda=0 beta=1 grad=105.986 horizon=220 lifetime=[437,2154] skipped=False
2026-08-30 16:45:39,893 | INFO | step=6860/20000 loss=-0.8331621 nll=-0.8353732 kl=0.002211034 consistency=0 lambda=0 beta=1 grad=125.2562 horizon=180 lifetime=[428,1431] skipped=False
2026-08-30 16:45:40,275 | INFO | step=6870/20000 loss=-1.063744 nll=-1.064341 kl=0.0005963147 consistency=0 lambda=0 beta=1 grad=70.07903 horizon=140 lifetime=[428,1015] skipped=False
2026-08-30 16:45:40,627 | INFO | step=6880/20000 loss=0.3317601 nll=0.3301668 kl=0.001593262 consistency=0 lambda=0 beta=1 grad=134.2746 horizon=140 lifetime=[526,1313] skipped=False
2026-08-30 16:45:41,059 | INFO | step=6890/20000 loss=-1.233558 nll=-1.234121 kl=0.0005629659 consistency=0 lambda=0 beta=1 grad=38.36023 horizon=280 lifetime=[526,1858] skipped=False
2026-08-30 16:45:41,516 | INFO | step=6900/20000 loss=-1.447898 nll=-1.449065 kl=0.001167327 consistency=0 lambda=0 beta=1 grad=61.67807 horizon=200 lifetime=[461,988] skipped=False
2026-08-30 16:45:41,971 | INFO | step=6910/20000 loss=-0.8911411 nll=-0.892277 kl=0.001135975 consistency=0 lambda=0 beta=1 grad=119.4011 horizon=260 lifetime=[505,1071] skipped=False
2026-08-30 16:45:42,369 | INFO | step=6920/20000 loss=-0.3771694 nll=-0.3790059 kl=0.001836479 consistency=0 lambda=0 beta=1 grad=49.23218 horizon=280 lifetime=[476,988] skipped=False
2026-08-30 16:45:42,761 | INFO | step=6930/20000 loss=-0.7451337 nll=-0.7462509 kl=0.00111717 consistency=0 lambda=0 beta=1 grad=39.78162 horizon=140 lifetime=[476,938] skipped=False
2026-08-30 16:45:43,142 | INFO | step=6940/20000 loss=-0.5319467 nll=-0.5328321 kl=0.0008854866 consistency=0 lambda=0 beta=1 grad=99.91298 horizon=180 lifetime=[428,1091] skipped=False
2026-08-30 16:45:43,597 | INFO | step=6950/20000 loss=-0.06559128 nll=-0.06601495 kl=0.0004236698 consistency=0 lambda=0 beta=1 grad=80.70579 horizon=240 lifetime=[460,2154] skipped=False
2026-08-30 16:45:44,001 | INFO | step=6960/20000 loss=-0.8098292 nll=-0.8113053 kl=0.001476049 consistency=0 lambda=0 beta=1 grad=14.89088 horizon=220 lifetime=[479,921] skipped=False
2026-08-30 16:45:44,441 | INFO | step=6970/20000 loss=0.592503 nll=0.5905419 kl=0.001961112 consistency=0 lambda=0 beta=1 grad=196.522 horizon=240 lifetime=[334,1154] skipped=False
2026-08-30 16:45:44,856 | INFO | step=6980/20000 loss=-0.5198954 nll=-0.5205861 kl=0.0006906986 consistency=0 lambda=0 beta=1 grad=72.9996 horizon=200 lifetime=[633,1061] skipped=False
2026-08-30 16:45:45,224 | INFO | step=6990/20000 loss=-0.128958 nll=-0.131584 kl=0.002626032 consistency=0 lambda=0 beta=1 grad=57.1108 horizon=100 lifetime=[437,2154] skipped=False
2026-08-30 16:45:45,895 | INFO | validation step=7000 rmse=134.5599 best=118.7634@5000 stale=4/10
2026-08-30 16:45:45,895 | INFO | step=7000/20000 loss=0.1641742 nll=0.1612581 kl=0.002916127 consistency=0 lambda=0 beta=1 grad=93.50676 horizon=120 lifetime=[486,1091] skipped=False
2026-08-30 16:45:46,370 | INFO | step=7010/20000 loss=-0.250705 nll=-0.2524516 kl=0.001746595 consistency=0 lambda=0 beta=1 grad=69.46086 horizon=120 lifetime=[461,2237] skipped=False
2026-08-30 16:45:46,777 | INFO | step=7020/20000 loss=-0.6311295 nll=-0.6322474 kl=0.001117885 consistency=0 lambda=0 beta=1 grad=147.6993 horizon=240 lifetime=[334,938] skipped=False
2026-08-30 16:45:47,148 | INFO | step=7030/20000 loss=-0.2915438 nll=-0.2923643 kl=0.0008204877 consistency=0 lambda=0 beta=1 grad=32.68012 horizon=120 lifetime=[428,2154] skipped=False
2026-08-30 16:45:47,548 | INFO | step=7040/20000 loss=-0.8214047 nll=-0.8220394 kl=0.0006347597 consistency=0 lambda=0 beta=1 grad=95.9179 horizon=220 lifetime=[428,1012] skipped=False
2026-08-30 16:45:47,930 | INFO | step=7050/20000 loss=-0.5194464 nll=-0.5217173 kl=0.002270818 consistency=0 lambda=0 beta=1 grad=29.80118 horizon=180 lifetime=[486,1045] skipped=False
2026-08-30 16:45:48,335 | INFO | step=7060/20000 loss=-0.08723743 nll=-0.08834277 kl=0.001105338 consistency=0 lambda=0 beta=1 grad=207.546 horizon=260 lifetime=[557,1052] skipped=False
2026-08-30 16:45:48,762 | INFO | step=7070/20000 loss=-0.2926764 nll=-0.2931521 kl=0.0004757047 consistency=0 lambda=0 beta=1 grad=93.63255 horizon=160 lifetime=[442,2154] skipped=False
2026-08-30 16:45:49,167 | INFO | step=7080/20000 loss=-0.04470888 nll=-0.04581454 kl=0.001105666 consistency=0 lambda=0 beta=1 grad=148.028 horizon=300 lifetime=[437,2154] skipped=False
2026-08-30 16:45:49,555 | INFO | step=7090/20000 loss=0.1054075 nll=0.1043958 kl=0.00101167 consistency=0 lambda=0 beta=1 grad=218.465 horizon=180 lifetime=[334,1313] skipped=False
2026-08-30 16:45:49,944 | INFO | step=7100/20000 loss=-1.421866 nll=-1.422532 kl=0.0006665289 consistency=0 lambda=0 beta=1 grad=76.29473 horizon=260 lifetime=[462,841] skipped=False
2026-08-30 16:45:50,373 | INFO | step=7110/20000 loss=-0.37353 nll=-0.3752717 kl=0.001741767 consistency=0 lambda=0 beta=1 grad=87.22031 horizon=140 lifetime=[461,1858] skipped=False
2026-08-30 16:45:50,816 | INFO | step=7120/20000 loss=-0.8871741 nll=-0.8880652 kl=0.000891149 consistency=0 lambda=0 beta=1 grad=250.4822 horizon=260 lifetime=[428,938] skipped=False
2026-08-30 16:45:51,189 | INFO | step=7130/20000 loss=0.05347297 nll=0.04954889 kl=0.003924072 consistency=0 lambda=0 beta=1 grad=77.44852 horizon=120 lifetime=[147,1705] skipped=False
2026-08-30 16:45:51,621 | INFO | step=7140/20000 loss=-0.1966022 nll=-0.1989395 kl=0.002337307 consistency=0 lambda=0 beta=1 grad=135.5666 horizon=260 lifetime=[675,1007] skipped=False
2026-08-30 16:45:51,988 | INFO | step=7150/20000 loss=-1.325321 nll=-1.327027 kl=0.001705438 consistency=0 lambda=0 beta=1 grad=74.32841 horizon=240 lifetime=[442,773] skipped=False
2026-08-30 16:45:52,410 | INFO | step=7160/20000 loss=0.6514433 nll=0.6509786 kl=0.0004647374 consistency=0 lambda=0 beta=1 grad=311.0429 horizon=280 lifetime=[477,2237] skipped=False
2026-08-30 16:45:52,829 | INFO | step=7170/20000 loss=-0.5699155 nll=-0.5721222 kl=0.002206624 consistency=0 lambda=0 beta=1 grad=83.93639 horizon=280 lifetime=[486,1015] skipped=False
2026-08-30 16:45:53,207 | INFO | step=7180/20000 loss=-0.809477 nll=-0.8103471 kl=0.0008700788 consistency=0 lambda=0 beta=1 grad=58.03428 horizon=140 lifetime=[147,877] skipped=False
2026-08-30 16:45:53,606 | INFO | step=7190/20000 loss=-0.8209204 nll=-0.8222342 kl=0.001313746 consistency=0 lambda=0 beta=1 grad=77.20969 horizon=200 lifetime=[428,1007] skipped=False
2026-08-30 16:45:53,949 | INFO | step=7200/20000 loss=-0.5342404 nll=-0.5380423 kl=0.003801882 consistency=0 lambda=0 beta=1 grad=35.72303 horizon=140 lifetime=[147,891] skipped=False
2026-08-30 16:45:54,353 | INFO | step=7210/20000 loss=-0.6454678 nll=-0.6463543 kl=0.0008864999 consistency=0 lambda=0 beta=1 grad=58.55566 horizon=160 lifetime=[470,2154] skipped=False
2026-08-30 16:45:54,765 | INFO | step=7220/20000 loss=-0.6504577 nll=-0.6519012 kl=0.001443446 consistency=0 lambda=0 beta=1 grad=85.93596 horizon=180 lifetime=[437,1282] skipped=False
2026-08-30 16:45:55,146 | INFO | step=7230/20000 loss=-0.9392391 nll=-0.9416317 kl=0.00239256 consistency=0 lambda=0 beta=1 grad=44.19395 horizon=260 lifetime=[470,1091] skipped=False
2026-08-30 16:45:55,519 | INFO | step=7240/20000 loss=-0.5360475 nll=-0.5395072 kl=0.003459752 consistency=0 lambda=0 beta=1 grad=62.55056 horizon=160 lifetime=[334,1055] skipped=False
2026-08-30 16:45:55,914 | INFO | step=7250/20000 loss=-0.4021276 nll=-0.4047026 kl=0.00257498 consistency=0 lambda=0 beta=1 grad=94.03826 horizon=100 lifetime=[428,1154] skipped=False
2026-08-30 16:45:56,267 | INFO | step=7260/20000 loss=-0.4180082 nll=-0.4206708 kl=0.002662629 consistency=0 lambda=0 beta=1 grad=85.15966 horizon=280 lifetime=[484,852] skipped=False
2026-08-30 16:45:56,635 | INFO | step=7270/20000 loss=-0.5385922 nll=-0.5404091 kl=0.001816839 consistency=0 lambda=0 beta=1 grad=54.52716 horizon=120 lifetime=[479,1045] skipped=False
2026-08-30 16:45:57,013 | INFO | step=7280/20000 loss=0.09602258 nll=0.09435022 kl=0.001672357 consistency=0 lambda=0 beta=1 grad=124.5756 horizon=300 lifetime=[484,2154] skipped=False
2026-08-30 16:45:57,408 | INFO | step=7290/20000 loss=-0.8642961 nll=-0.8661991 kl=0.001902938 consistency=0 lambda=0 beta=1 grad=204.8013 horizon=300 lifetime=[442,933] skipped=False
2026-08-30 16:45:57,796 | INFO | step=7300/20000 loss=-1.540337 nll=-1.541073 kl=0.000736028 consistency=0 lambda=0 beta=1 grad=26.27375 horizon=260 lifetime=[465,671] skipped=False
2026-08-30 16:45:58,190 | INFO | step=7310/20000 loss=-1.22745 nll=-1.228613 kl=0.00116393 consistency=0 lambda=0 beta=1 grad=40.39225 horizon=220 lifetime=[476,826] skipped=False
2026-08-30 16:45:58,619 | INFO | step=7320/20000 loss=-0.337274 nll=-0.3404451 kl=0.003171146 consistency=0 lambda=0 beta=1 grad=53.54931 horizon=140 lifetime=[701,1858] skipped=False
2026-08-30 16:45:59,030 | INFO | step=7330/20000 loss=-0.6850779 nll=-0.6862212 kl=0.001143306 consistency=0 lambda=0 beta=1 grad=145.9882 horizon=300 lifetime=[491,1061] skipped=False
2026-08-30 16:45:59,452 | INFO | step=7340/20000 loss=-0.189772 nll=-0.1902683 kl=0.0004963875 consistency=0 lambda=0 beta=1 grad=53.97894 horizon=200 lifetime=[437,2237] skipped=False
2026-08-30 16:45:59,880 | INFO | step=7350/20000 loss=-0.9662825 nll=-0.9698204 kl=0.003537893 consistency=0 lambda=0 beta=1 grad=200.0993 horizon=260 lifetime=[334,863] skipped=False
2026-08-30 16:46:00,258 | INFO | step=7360/20000 loss=0.1183988 nll=0.1148337 kl=0.003565162 consistency=0 lambda=0 beta=1 grad=32.58301 horizon=100 lifetime=[147,1071] skipped=False
2026-08-30 16:46:00,646 | INFO | step=7370/20000 loss=-0.2401883 nll=-0.2433112 kl=0.003122836 consistency=0 lambda=0 beta=1 grad=140.5188 horizon=120 lifetime=[460,1313] skipped=False
2026-08-30 16:46:01,091 | INFO | step=7380/20000 loss=-1.010968 nll=-1.011836 kl=0.0008684397 consistency=0 lambda=0 beta=1 grad=77.59268 horizon=160 lifetime=[442,1055] skipped=False
2026-08-30 16:46:01,460 | INFO | step=7390/20000 loss=0.2363966 nll=0.233438 kl=0.002958655 consistency=0 lambda=0 beta=1 grad=69.50581 horizon=100 lifetime=[470,1858] skipped=False
2026-08-30 16:46:01,884 | INFO | step=7400/20000 loss=-0.8341577 nll=-0.8352208 kl=0.001063138 consistency=0 lambda=0 beta=1 grad=94.7585 horizon=260 lifetime=[465,1061] skipped=False
2026-08-30 16:46:02,264 | INFO | step=7410/20000 loss=-0.9138155 nll=-0.9144064 kl=0.0005908906 consistency=0 lambda=0 beta=1 grad=81.97726 horizon=220 lifetime=[453,1045] skipped=False
2026-08-30 16:46:02,621 | INFO | step=7420/20000 loss=-0.3680829 nll=-0.3691341 kl=0.001051188 consistency=0 lambda=0 beta=1 grad=33.96544 horizon=200 lifetime=[428,1431] skipped=False
2026-08-30 16:46:02,970 | INFO | step=7430/20000 loss=-0.4423485 nll=-0.4445313 kl=0.002182752 consistency=0 lambda=0 beta=1 grad=58.33564 horizon=120 lifetime=[461,891] skipped=False
2026-08-30 16:46:03,388 | INFO | step=7440/20000 loss=-1.243651 nll=-1.245306 kl=0.001654625 consistency=0 lambda=0 beta=1 grad=117.3506 horizon=300 lifetime=[470,1061] skipped=False
2026-08-30 16:46:03,766 | INFO | step=7450/20000 loss=-1.027853 nll=-1.028922 kl=0.001068771 consistency=0 lambda=0 beta=1 grad=25.21794 horizon=220 lifetime=[442,1313] skipped=False
2026-08-30 16:46:04,168 | INFO | step=7460/20000 loss=-0.8152235 nll=-0.8169783 kl=0.00175491 consistency=0 lambda=0 beta=1 grad=73.56076 horizon=180 lifetime=[453,1858] skipped=False
2026-08-30 16:46:04,562 | INFO | step=7470/20000 loss=-0.5088456 nll=-0.5100957 kl=0.001250058 consistency=0 lambda=0 beta=1 grad=57.33791 horizon=240 lifetime=[428,938] skipped=False
2026-08-30 16:46:04,918 | INFO | step=7480/20000 loss=-0.05869189 nll=-0.06039407 kl=0.001702189 consistency=0 lambda=0 beta=1 grad=33.82026 horizon=140 lifetime=[614,2237] skipped=False
2026-08-30 16:46:05,318 | INFO | step=7490/20000 loss=-0.9509899 nll=-0.9516509 kl=0.0006609559 consistency=0 lambda=0 beta=1 grad=66.7595 horizon=300 lifetime=[437,868] skipped=False
2026-08-30 16:46:05,995 | INFO | validation step=7500 rmse=143.2265 best=118.7634@5000 stale=5/10
2026-08-30 16:46:05,995 | INFO | step=7500/20000 loss=-0.523958 nll=-0.5250673 kl=0.001109362 consistency=0 lambda=0 beta=1 grad=88.57043 horizon=280 lifetime=[428,1091] skipped=False
2026-08-30 16:46:06,464 | INFO | step=7510/20000 loss=-1.040148 nll=-1.041347 kl=0.001198679 consistency=0 lambda=0 beta=1 grad=122.7632 horizon=180 lifetime=[437,1705] skipped=False
2026-08-30 16:46:06,856 | INFO | step=7520/20000 loss=-0.5655941 nll=-0.5662153 kl=0.0006211698 consistency=0 lambda=0 beta=1 grad=110.8044 horizon=300 lifetime=[442,1045] skipped=False
2026-08-30 16:46:07,251 | INFO | step=7530/20000 loss=-0.9880597 nll=-0.9889804 kl=0.0009206533 consistency=0 lambda=0 beta=1 grad=78.40955 horizon=300 lifetime=[437,877] skipped=False
2026-08-30 16:46:07,632 | INFO | step=7540/20000 loss=-1.257014 nll=-1.257768 kl=0.0007539988 consistency=0 lambda=0 beta=1 grad=40.77891 horizon=220 lifetime=[442,1091] skipped=False
2026-08-30 16:46:07,993 | INFO | step=7550/20000 loss=-0.4508709 nll=-0.453837 kl=0.002966106 consistency=0 lambda=0 beta=1 grad=30.5607 horizon=120 lifetime=[560,1858] skipped=False
2026-08-30 16:46:08,384 | INFO | step=7560/20000 loss=-0.2112074 nll=-0.2122035 kl=0.0009961128 consistency=0 lambda=0 beta=1 grad=82.39436 horizon=140 lifetime=[491,2237] skipped=False
2026-08-30 16:46:08,756 | INFO | step=7570/20000 loss=-0.8674591 nll=-0.8692952 kl=0.001836121 consistency=0 lambda=0 beta=1 grad=46.52782 horizon=100 lifetime=[428,777] skipped=False
2026-08-30 16:46:09,154 | INFO | step=7580/20000 loss=-0.8886929 nll=-0.8908255 kl=0.002132684 consistency=0 lambda=0 beta=1 grad=51.99789 horizon=140 lifetime=[599,826] skipped=False
2026-08-30 16:46:09,560 | INFO | step=7590/20000 loss=-0.814507 nll=-0.8166723 kl=0.002165288 consistency=0 lambda=0 beta=1 grad=21.16845 horizon=140 lifetime=[477,1055] skipped=False
2026-08-30 16:46:09,955 | INFO | step=7600/20000 loss=-0.8063377 nll=-0.8067815 kl=0.000443846 consistency=0 lambda=0 beta=1 grad=156.8084 horizon=280 lifetime=[462,921] skipped=False
2026-08-30 16:46:10,359 | INFO | step=7610/20000 loss=-0.7906324 nll=-0.791798 kl=0.001165599 consistency=0 lambda=0 beta=1 grad=45.83516 horizon=200 lifetime=[465,2154] skipped=False
2026-08-30 16:46:10,815 | INFO | step=7620/20000 loss=-0.8102894 nll=-0.8139056 kl=0.003616184 consistency=0 lambda=0 beta=1 grad=163.2427 horizon=220 lifetime=[479,1071] skipped=False
2026-08-30 16:46:11,275 | INFO | step=7630/20000 loss=-0.4612099 nll=-0.4635969 kl=0.002386957 consistency=0 lambda=0 beta=1 grad=28.30562 horizon=260 lifetime=[648,2237] skipped=False
2026-08-30 16:46:11,697 | INFO | step=7640/20000 loss=-1.249096 nll=-1.250695 kl=0.001598656 consistency=0 lambda=0 beta=1 grad=61.53054 horizon=200 lifetime=[428,1282] skipped=False
2026-08-30 16:46:12,105 | INFO | step=7650/20000 loss=-0.6054814 nll=-0.6070507 kl=0.00156936 consistency=0 lambda=0 beta=1 grad=118.9919 horizon=300 lifetime=[675,1431] skipped=False
2026-08-30 16:46:12,558 | INFO | step=7660/20000 loss=-1.27247 nll=-1.273165 kl=0.0006951988 consistency=0 lambda=0 beta=1 grad=92.4395 horizon=280 lifetime=[453,2154] skipped=False
2026-08-30 16:46:12,952 | INFO | step=7670/20000 loss=0.1956246 nll=0.1949663 kl=0.0006583333 consistency=0 lambda=0 beta=1 grad=172.3824 horizon=180 lifetime=[560,2237] skipped=False
2026-08-30 16:46:13,313 | INFO | step=7680/20000 loss=-0.4646611 nll=-0.4657978 kl=0.00113672 consistency=0 lambda=0 beta=1 grad=54.06366 horizon=100 lifetime=[147,871] skipped=False
2026-08-30 16:46:13,708 | INFO | step=7690/20000 loss=-0.6564314 nll=-0.6598722 kl=0.003440768 consistency=0 lambda=0 beta=1 grad=38.63892 horizon=120 lifetime=[460,877] skipped=False
2026-08-30 16:46:14,096 | INFO | step=7700/20000 loss=-1.454233 nll=-1.455169 kl=0.0009354353 consistency=0 lambda=0 beta=1 grad=36.54195 horizon=260 lifetime=[453,2154] skipped=False
2026-08-30 16:46:14,497 | INFO | step=7710/20000 loss=-0.2993222 nll=-0.3004259 kl=0.001103669 consistency=0 lambda=0 beta=1 grad=172.3985 horizon=280 lifetime=[442,2154] skipped=False
2026-08-30 16:46:14,847 | INFO | step=7720/20000 loss=-0.9808325 nll=-0.9818037 kl=0.0009711385 consistency=0 lambda=0 beta=1 grad=188.0139 horizon=220 lifetime=[453,841] skipped=False
2026-08-30 16:46:15,209 | INFO | step=7730/20000 loss=0.2887202 nll=0.2865321 kl=0.002188087 consistency=0 lambda=0 beta=1 grad=146.3008 horizon=140 lifetime=[334,1431] skipped=False
2026-08-30 16:46:15,622 | INFO | step=7740/20000 loss=-0.8969709 nll=-0.8982199 kl=0.001249045 consistency=0 lambda=0 beta=1 grad=56.10617 horizon=200 lifetime=[334,1015] skipped=False
2026-08-30 16:46:16,002 | INFO | step=7750/20000 loss=-1.409343 nll=-1.410544 kl=0.001200795 consistency=0 lambda=0 beta=1 grad=48.82681 horizon=280 lifetime=[476,1071] skipped=False
2026-08-30 16:46:16,437 | INFO | step=7760/20000 loss=-0.8180683 nll=-0.8188835 kl=0.0008152425 consistency=0 lambda=0 beta=1 grad=56.72114 horizon=300 lifetime=[773,938] skipped=False
2026-08-30 16:46:16,817 | INFO | step=7770/20000 loss=-0.7118732 nll=-0.7133682 kl=0.001494944 consistency=0 lambda=0 beta=1 grad=34.95539 horizon=120 lifetime=[147,1071] skipped=False
2026-08-30 16:46:17,178 | INFO | step=7780/20000 loss=-0.2181552 nll=-0.2187033 kl=0.0005481541 consistency=0 lambda=0 beta=1 grad=153.5588 horizon=160 lifetime=[491,1015] skipped=False
2026-08-30 16:46:17,627 | INFO | step=7790/20000 loss=-0.7429625 nll=-0.743448 kl=0.0004854798 consistency=0 lambda=0 beta=1 grad=60.18029 horizon=300 lifetime=[437,2237] skipped=False
2026-08-30 16:46:18,009 | INFO | step=7800/20000 loss=-0.5147786 nll=-0.5152613 kl=0.0004826784 consistency=0 lambda=0 beta=1 grad=45.79677 horizon=120 lifetime=[461,1012] skipped=False
2026-08-30 16:46:18,436 | INFO | step=7810/20000 loss=-0.5645083 nll=-0.5658118 kl=0.001303494 consistency=0 lambda=0 beta=1 grad=95.65807 horizon=280 lifetime=[491,1858] skipped=False
2026-08-30 16:46:18,804 | INFO | step=7820/20000 loss=-0.7011975 nll=-0.7023975 kl=0.001199991 consistency=0 lambda=0 beta=1 grad=165.8628 horizon=220 lifetime=[465,938] skipped=False
2026-08-30 16:46:19,257 | INFO | step=7830/20000 loss=-0.9087395 nll=-0.9092536 kl=0.0005140901 consistency=0 lambda=0 beta=1 grad=23.40524 horizon=300 lifetime=[486,2154] skipped=False
2026-08-30 16:46:19,662 | INFO | step=7840/20000 loss=-0.3601688 nll=-0.3608145 kl=0.0006456077 consistency=0 lambda=0 beta=1 grad=121.3741 horizon=240 lifetime=[437,1091] skipped=False
2026-08-30 16:46:20,048 | INFO | step=7850/20000 loss=-0.5557141 nll=-0.5565077 kl=0.0007935464 consistency=0 lambda=0 beta=1 grad=46.66515 horizon=160 lifetime=[460,1313] skipped=False
2026-08-30 16:46:20,462 | INFO | step=7860/20000 loss=-0.5713073 nll=-0.5736107 kl=0.002303421 consistency=0 lambda=0 beta=1 grad=23.68039 horizon=100 lifetime=[147,938] skipped=False
2026-08-30 16:46:20,850 | INFO | step=7870/20000 loss=-1.005154 nll=-1.005723 kl=0.0005688369 consistency=0 lambda=0 beta=1 grad=100.7539 horizon=200 lifetime=[334,786] skipped=False
2026-08-30 16:46:21,252 | INFO | step=7880/20000 loss=-1.221527 nll=-1.223328 kl=0.001801282 consistency=0 lambda=0 beta=1 grad=224.4616 horizon=220 lifetime=[460,874] skipped=False
2026-08-30 16:46:21,651 | INFO | step=7890/20000 loss=-1.067466 nll=-1.068283 kl=0.0008169115 consistency=0 lambda=0 beta=1 grad=44.03881 horizon=160 lifetime=[460,2154] skipped=False
2026-08-30 16:46:22,041 | INFO | step=7900/20000 loss=-0.4512513 nll=-0.4532413 kl=0.001989961 consistency=0 lambda=0 beta=1 grad=57.70167 horizon=260 lifetime=[648,2237] skipped=False
2026-08-30 16:46:22,438 | INFO | step=7910/20000 loss=-0.4260029 nll=-0.4273497 kl=0.001346856 consistency=0 lambda=0 beta=1 grad=54.24829 horizon=280 lifetime=[428,1154] skipped=False
2026-08-30 16:46:22,847 | INFO | step=7920/20000 loss=-0.8783236 nll=-0.8791255 kl=0.0008018613 consistency=0 lambda=0 beta=1 grad=47.46373 horizon=300 lifetime=[607,2237] skipped=False
2026-08-30 16:46:23,265 | INFO | step=7930/20000 loss=-1.050283 nll=-1.051433 kl=0.00115031 consistency=0 lambda=0 beta=1 grad=172.5476 horizon=280 lifetime=[470,871] skipped=False
2026-08-30 16:46:23,659 | INFO | step=7940/20000 loss=-0.3684916 nll=-0.3701113 kl=0.001619726 consistency=0 lambda=0 beta=1 grad=110.6088 horizon=140 lifetime=[334,933] skipped=False
2026-08-30 16:46:24,045 | INFO | step=7950/20000 loss=-0.06726891 nll=-0.06837422 kl=0.001105309 consistency=0 lambda=0 beta=1 grad=202.2874 horizon=260 lifetime=[486,847] skipped=False
2026-08-30 16:46:24,425 | INFO | step=7960/20000 loss=1.458953 nll=1.457008 kl=0.001945525 consistency=0 lambda=0 beta=1 grad=187.8424 horizon=100 lifetime=[465,1705] skipped=False
2026-08-30 16:46:24,803 | INFO | step=7970/20000 loss=-0.5851158 nll=-0.5879118 kl=0.002796084 consistency=0 lambda=0 beta=1 grad=111.0141 horizon=160 lifetime=[675,1052] skipped=False
2026-08-30 16:46:25,187 | INFO | step=7980/20000 loss=-1.021596 nll=-1.023252 kl=0.001656085 consistency=0 lambda=0 beta=1 grad=80.83181 horizon=280 lifetime=[476,1313] skipped=False
2026-08-30 16:46:25,587 | INFO | step=7990/20000 loss=-0.6771853 nll=-0.6787277 kl=0.001542479 consistency=0 lambda=0 beta=1 grad=78.90665 horizon=160 lifetime=[334,1012] skipped=False
2026-08-30 16:46:26,267 | INFO | validation step=8000 rmse=127.0061 best=118.7634@5000 stale=6/10
2026-08-30 16:46:26,267 | INFO | step=8000/20000 loss=-0.3414925 nll=-0.3436066 kl=0.002114058 consistency=0 lambda=0 beta=1 grad=209.3458 horizon=240 lifetime=[437,1015] skipped=False
2026-08-30 16:46:26,761 | INFO | step=8010/20000 loss=-0.4849741 nll=-0.4868049 kl=0.001830876 consistency=0 lambda=0 beta=1 grad=122.1823 horizon=280 lifetime=[334,1045] skipped=False
2026-08-30 16:46:27,183 | INFO | step=8020/20000 loss=-0.9247463 nll=-0.9259635 kl=0.001217276 consistency=0 lambda=0 beta=1 grad=45.71148 horizon=200 lifetime=[428,1154] skipped=False
2026-08-30 16:46:27,564 | INFO | step=8030/20000 loss=-1.264489 nll=-1.265629 kl=0.001139879 consistency=0 lambda=0 beta=1 grad=104.3643 horizon=240 lifetime=[334,1052] skipped=False
2026-08-30 16:46:28,015 | INFO | step=8040/20000 loss=-1.01634 nll=-1.017977 kl=0.00163722 consistency=0 lambda=0 beta=1 grad=47.68243 horizon=220 lifetime=[512,1154] skipped=False
2026-08-30 16:46:28,425 | INFO | step=8050/20000 loss=-0.6751883 nll=-0.677048 kl=0.001859695 consistency=0 lambda=0 beta=1 grad=260.4278 horizon=180 lifetime=[334,1091] skipped=False
2026-08-30 16:46:28,825 | INFO | step=8060/20000 loss=-0.3370217 nll=-0.3430218 kl=0.006000102 consistency=0 lambda=0 beta=1 grad=45.89026 horizon=100 lifetime=[453,1012] skipped=False
2026-08-30 16:46:29,218 | INFO | step=8070/20000 loss=-0.8582664 nll=-0.8599325 kl=0.001666099 consistency=0 lambda=0 beta=1 grad=38.30748 horizon=120 lifetime=[428,847] skipped=False
2026-08-30 16:46:29,596 | INFO | step=8080/20000 loss=0.4712974 nll=0.4660448 kl=0.0052526 consistency=0 lambda=0 beta=1 grad=78.26642 horizon=100 lifetime=[437,1154] skipped=False
2026-08-30 16:46:29,997 | INFO | step=8090/20000 loss=-0.4224895 nll=-0.4232447 kl=0.0007551312 consistency=0 lambda=0 beta=1 grad=64.02628 horizon=140 lifetime=[428,1007] skipped=False
2026-08-30 16:46:30,351 | INFO | step=8100/20000 loss=-0.3332274 nll=-0.3357087 kl=0.002481312 consistency=0 lambda=0 beta=1 grad=56.28702 horizon=120 lifetime=[147,2237] skipped=False
2026-08-30 16:46:30,754 | INFO | step=8110/20000 loss=-0.648635 nll=-0.6492769 kl=0.0006418228 consistency=0 lambda=0 beta=1 grad=33.39738 horizon=140 lifetime=[460,1091] skipped=False
2026-08-30 16:46:31,150 | INFO | step=8120/20000 loss=-0.7245969 nll=-0.7252447 kl=0.0006478429 consistency=0 lambda=0 beta=1 grad=61.93963 horizon=240 lifetime=[476,2154] skipped=False
2026-08-30 16:46:31,555 | INFO | step=8130/20000 loss=-0.149718 nll=-0.1503846 kl=0.0006666183 consistency=0 lambda=0 beta=1 grad=56.46239 horizon=120 lifetime=[560,2154] skipped=False
2026-08-30 16:46:32,003 | INFO | step=8140/20000 loss=-1.248156 nll=-1.248995 kl=0.0008393228 consistency=0 lambda=0 beta=1 grad=44.07641 horizon=280 lifetime=[476,1091] skipped=False
2026-08-30 16:46:32,368 | INFO | step=8150/20000 loss=0.02340245 nll=0.0221793 kl=0.001223147 consistency=0 lambda=0 beta=1 grad=119.2367 horizon=220 lifetime=[777,2237] skipped=False
2026-08-30 16:46:32,777 | INFO | step=8160/20000 loss=-1.133467 nll=-1.13522 kl=0.001753032 consistency=0 lambda=0 beta=1 grad=148.9303 horizon=180 lifetime=[334,794] skipped=False
2026-08-30 16:46:33,184 | INFO | step=8170/20000 loss=-0.9466103 nll=-0.9474143 kl=0.0008039176 consistency=0 lambda=0 beta=1 grad=150.6926 horizon=220 lifetime=[453,1858] skipped=False
2026-08-30 16:46:33,575 | INFO | step=8180/20000 loss=-1.134198 nll=-1.134836 kl=0.0006377399 consistency=0 lambda=0 beta=1 grad=66.89402 horizon=280 lifetime=[428,887] skipped=False
2026-08-30 16:46:34,003 | INFO | step=8190/20000 loss=0.4074678 nll=0.4071024 kl=0.0003654361 consistency=0 lambda=0 beta=1 grad=224.2931 horizon=180 lifetime=[460,1061] skipped=False
2026-08-30 16:46:34,394 | INFO | step=8200/20000 loss=0.9515863 nll=0.9508685 kl=0.0007178187 consistency=0 lambda=0 beta=1 grad=345.9205 horizon=300 lifetime=[526,2237] skipped=False
2026-08-30 16:46:34,806 | INFO | step=8210/20000 loss=-0.3749967 nll=-0.3754721 kl=0.0004754364 consistency=0 lambda=0 beta=1 grad=78.26949 horizon=220 lifetime=[437,1313] skipped=False
2026-08-30 16:46:35,218 | INFO | step=8220/20000 loss=-1.09344 nll=-1.094273 kl=0.0008329153 consistency=0 lambda=0 beta=1 grad=84.96565 horizon=280 lifetime=[512,1055] skipped=False
2026-08-30 16:46:35,621 | INFO | step=8230/20000 loss=0.02551076 nll=0.02450892 kl=0.001001835 consistency=0 lambda=0 beta=1 grad=43.03082 horizon=100 lifetime=[460,1071] skipped=False
2026-08-30 16:46:36,000 | INFO | step=8240/20000 loss=-0.9786199 nll=-0.9797121 kl=0.001092255 consistency=0 lambda=0 beta=1 grad=33.05565 horizon=180 lifetime=[428,1705] skipped=False
2026-08-30 16:46:36,418 | INFO | step=8250/20000 loss=-1.076653 nll=-1.077114 kl=0.0004610717 consistency=0 lambda=0 beta=1 grad=62.59738 horizon=300 lifetime=[476,2154] skipped=False
2026-08-30 16:46:36,811 | INFO | step=8260/20000 loss=-0.7712618 nll=-0.7724597 kl=0.001197934 consistency=0 lambda=0 beta=1 grad=29.00037 horizon=180 lifetime=[477,1154] skipped=False
2026-08-30 16:46:37,211 | INFO | step=8270/20000 loss=-1.090609 nll=-1.091488 kl=0.0008794963 consistency=0 lambda=0 beta=1 grad=84.70443 horizon=280 lifetime=[482,921] skipped=False
2026-08-30 16:46:37,595 | INFO | step=8280/20000 loss=0.0376516 nll=0.03672361 kl=0.0009279847 consistency=0 lambda=0 beta=1 grad=187.6759 horizon=240 lifetime=[480,871] skipped=False
2026-08-30 16:46:37,988 | INFO | step=8290/20000 loss=0.564835 nll=0.562607 kl=0.002227962 consistency=0 lambda=0 beta=1 grad=66.90211 horizon=100 lifetime=[462,988] skipped=False
2026-08-30 16:46:38,354 | INFO | step=8300/20000 loss=-1.024425 nll=-1.025391 kl=0.0009661019 consistency=0 lambda=0 beta=1 grad=111.9662 horizon=300 lifetime=[428,1091] skipped=False
2026-08-30 16:46:38,761 | INFO | step=8310/20000 loss=-0.7732165 nll=-0.7768632 kl=0.003646702 consistency=0 lambda=0 beta=1 grad=155.0217 horizon=300 lifetime=[460,1045] skipped=False
2026-08-30 16:46:39,303 | INFO | step=8320/20000 loss=-0.9328406 nll=-0.9335716 kl=0.0007309616 consistency=0 lambda=0 beta=1 grad=47.2289 horizon=160 lifetime=[334,2237] skipped=False
2026-08-30 16:46:39,657 | INFO | step=8330/20000 loss=-0.1744165 nll=-0.1754889 kl=0.001072437 consistency=0 lambda=0 beta=1 grad=90.22084 horizon=160 lifetime=[476,1282] skipped=False
2026-08-30 16:46:40,061 | INFO | step=8340/20000 loss=-0.9665966 nll=-0.968376 kl=0.001779407 consistency=0 lambda=0 beta=1 grad=24.46728 horizon=200 lifetime=[460,1045] skipped=False
2026-08-30 16:46:40,421 | INFO | step=8350/20000 loss=-0.4775705 nll=-0.4781021 kl=0.0005316138 consistency=0 lambda=0 beta=1 grad=39.97086 horizon=240 lifetime=[494,1705] skipped=False
2026-08-30 16:46:40,865 | INFO | step=8360/20000 loss=-1.660994 nll=-1.662396 kl=0.001401633 consistency=0 lambda=0 beta=1 grad=55.07429 horizon=300 lifetime=[656,938] skipped=False
2026-08-30 16:46:41,229 | INFO | step=8370/20000 loss=-0.3381053 nll=-0.3389753 kl=0.0008699894 consistency=0 lambda=0 beta=1 grad=77.59859 horizon=120 lifetime=[453,1154] skipped=False
2026-08-30 16:46:41,593 | INFO | step=8380/20000 loss=-0.1557813 nll=-0.1586035 kl=0.00282228 consistency=0 lambda=0 beta=1 grad=71.78485 horizon=100 lifetime=[465,1154] skipped=False
2026-08-30 16:46:41,982 | INFO | step=8390/20000 loss=-0.7044145 nll=-0.7049882 kl=0.0005736947 consistency=0 lambda=0 beta=1 grad=58.99728 horizon=200 lifetime=[519,1858] skipped=False
2026-08-30 16:46:42,415 | INFO | step=8400/20000 loss=-0.8081555 nll=-0.8091182 kl=0.0009627342 consistency=0 lambda=0 beta=1 grad=22.07279 horizon=160 lifetime=[501,1052] skipped=False
2026-08-30 16:46:42,898 | INFO | step=8410/20000 loss=-1.188561 nll=-1.1901 kl=0.001538873 consistency=0 lambda=0 beta=1 grad=62.60083 horizon=260 lifetime=[428,1012] skipped=False
2026-08-30 16:46:43,324 | INFO | step=8420/20000 loss=-0.07610835 nll=-0.07653312 kl=0.0004247725 consistency=0 lambda=0 beta=1 grad=192.026 horizon=300 lifetime=[477,2154] skipped=False
2026-08-30 16:46:43,692 | INFO | step=8430/20000 loss=-0.04075269 nll=-0.04135303 kl=0.000600338 consistency=0 lambda=0 beta=1 grad=57.77812 horizon=140 lifetime=[428,2154] skipped=False
2026-08-30 16:46:44,111 | INFO | step=8440/20000 loss=-1.068185 nll=-1.068724 kl=0.0005393028 consistency=0 lambda=0 beta=1 grad=97.35853 horizon=300 lifetime=[470,2237] skipped=False
2026-08-30 16:46:44,499 | INFO | step=8450/20000 loss=-1.291428 nll=-1.292848 kl=0.001419187 consistency=0 lambda=0 beta=1 grad=43.4193 horizon=180 lifetime=[460,1052] skipped=False
2026-08-30 16:46:44,927 | INFO | step=8460/20000 loss=-0.7012442 nll=-0.7020714 kl=0.0008271635 consistency=0 lambda=0 beta=1 grad=110.5961 horizon=260 lifetime=[428,933] skipped=False
2026-08-30 16:46:45,355 | INFO | step=8470/20000 loss=-0.8018643 nll=-0.80249 kl=0.0006257296 consistency=0 lambda=0 beta=1 grad=104.5913 horizon=300 lifetime=[428,1858] skipped=False
2026-08-30 16:46:45,759 | INFO | step=8480/20000 loss=-0.2973361 nll=-0.2988722 kl=0.001536131 consistency=0 lambda=0 beta=1 grad=41.95831 horizon=120 lifetime=[460,2154] skipped=False
2026-08-30 16:46:46,192 | INFO | step=8490/20000 loss=-0.4124251 nll=-0.4130364 kl=0.0006112754 consistency=0 lambda=0 beta=1 grad=90.78935 horizon=240 lifetime=[533,2237] skipped=False
2026-08-30 16:46:46,878 | INFO | validation step=8500 rmse=125.5126 best=118.7634@5000 stale=7/10
2026-08-30 16:46:46,878 | INFO | step=8500/20000 loss=-0.1138123 nll=-0.1145082 kl=0.0006959438 consistency=0 lambda=0 beta=1 grad=85.29458 horizon=280 lifetime=[460,1071] skipped=False
2026-08-30 16:46:47,364 | INFO | step=8510/20000 loss=-0.6739221 nll=-0.6750095 kl=0.001087487 consistency=0 lambda=0 beta=1 grad=82.00945 horizon=180 lifetime=[482,1282] skipped=False
2026-08-30 16:46:47,775 | INFO | step=8520/20000 loss=-1.069651 nll=-1.070008 kl=0.0003568232 consistency=0 lambda=0 beta=1 grad=21.89389 horizon=200 lifetime=[428,1858] skipped=False
2026-08-30 16:46:48,215 | INFO | step=8530/20000 loss=-1.180578 nll=-1.181146 kl=0.0005681217 consistency=0 lambda=0 beta=1 grad=193.5508 horizon=300 lifetime=[428,1061] skipped=False
2026-08-30 16:46:48,612 | INFO | step=8540/20000 loss=-0.4817265 nll=-0.4830475 kl=0.001321018 consistency=0 lambda=0 beta=1 grad=21.13676 horizon=100 lifetime=[442,1091] skipped=False
2026-08-30 16:46:49,044 | INFO | step=8550/20000 loss=0.4081674 nll=0.4033941 kl=0.004773289 consistency=0 lambda=0 beta=1 grad=114.4917 horizon=100 lifetime=[147,988] skipped=False
2026-08-30 16:46:49,398 | INFO | step=8560/20000 loss=-0.1331131 nll=-0.13367 kl=0.000556916 consistency=0 lambda=0 beta=1 grad=207.6504 horizon=200 lifetime=[461,2237] skipped=False
2026-08-30 16:46:49,739 | INFO | step=8570/20000 loss=-0.6429796 nll=-0.6453013 kl=0.00232172 consistency=0 lambda=0 beta=1 grad=86.64956 horizon=120 lifetime=[526,1313] skipped=False
2026-08-30 16:46:50,143 | INFO | step=8580/20000 loss=0.1904772 nll=0.1896971 kl=0.0007800758 consistency=0 lambda=0 beta=1 grad=324.2208 horizon=200 lifetime=[442,2154] skipped=False
2026-08-30 16:46:50,505 | INFO | step=8590/20000 loss=-0.8735337 nll=-0.8746929 kl=0.001159251 consistency=0 lambda=0 beta=1 grad=103.7426 horizon=160 lifetime=[334,2237] skipped=False
2026-08-30 16:46:50,889 | INFO | step=8600/20000 loss=-0.6610355 nll=-0.6625079 kl=0.001472414 consistency=0 lambda=0 beta=1 grad=26.32677 horizon=180 lifetime=[498,2237] skipped=False
2026-08-30 16:46:51,311 | INFO | step=8610/20000 loss=-0.4794623 nll=-0.4807507 kl=0.001288414 consistency=0 lambda=0 beta=1 grad=140.7167 horizon=300 lifetime=[465,1052] skipped=False
2026-08-30 16:46:51,686 | INFO | step=8620/20000 loss=-1.286432 nll=-1.287437 kl=0.001004875 consistency=0 lambda=0 beta=1 grad=68.15601 horizon=260 lifetime=[486,887] skipped=False
2026-08-30 16:46:52,115 | INFO | step=8630/20000 loss=-1.228522 nll=-1.22955 kl=0.001027703 consistency=0 lambda=0 beta=1 grad=134.0763 horizon=300 lifetime=[453,1061] skipped=False
2026-08-30 16:46:52,539 | INFO | step=8640/20000 loss=-1.068624 nll=-1.069075 kl=0.0004503727 consistency=0 lambda=0 beta=1 grad=37.92927 horizon=200 lifetime=[461,2237] skipped=False
2026-08-30 16:46:52,941 | INFO | step=8650/20000 loss=-1.043369 nll=-1.04469 kl=0.001320779 consistency=0 lambda=0 beta=1 grad=140.061 horizon=260 lifetime=[428,1154] skipped=False
2026-08-30 16:46:53,347 | INFO | step=8660/20000 loss=-0.5596805 nll=-0.5605627 kl=0.000882268 consistency=0 lambda=0 beta=1 grad=265.473 horizon=240 lifetime=[442,1045] skipped=False
2026-08-30 16:46:53,695 | INFO | step=8670/20000 loss=-0.4479188 nll=-0.4488842 kl=0.0009653866 consistency=0 lambda=0 beta=1 grad=39.69273 horizon=100 lifetime=[428,1154] skipped=False
2026-08-30 16:46:54,073 | INFO | step=8680/20000 loss=-1.189511 nll=-1.192398 kl=0.002887219 consistency=0 lambda=0 beta=1 grad=92.9222 horizon=260 lifetime=[462,988] skipped=False
2026-08-30 16:46:54,460 | INFO | step=8690/20000 loss=-0.8242928 nll=-0.824928 kl=0.0006352365 consistency=0 lambda=0 beta=1 grad=136.147 horizon=180 lifetime=[465,1015] skipped=False
2026-08-30 16:46:54,839 | INFO | step=8700/20000 loss=-0.9459814 nll=-0.9470005 kl=0.00101909 consistency=0 lambda=0 beta=1 grad=28.6036 horizon=260 lifetime=[476,1071] skipped=False
2026-08-30 16:46:55,217 | INFO | step=8710/20000 loss=-0.2003042 nll=-0.2014871 kl=0.001182914 consistency=0 lambda=0 beta=1 grad=61.38271 horizon=160 lifetime=[460,1055] skipped=False
2026-08-30 16:46:55,570 | INFO | step=8720/20000 loss=-0.752165 nll=-0.7534373 kl=0.001272261 consistency=0 lambda=0 beta=1 grad=76.76521 horizon=160 lifetime=[470,964] skipped=False
2026-08-30 16:46:55,977 | INFO | step=8730/20000 loss=-0.4516176 nll=-0.452706 kl=0.001088351 consistency=0 lambda=0 beta=1 grad=85.15096 horizon=100 lifetime=[462,2237] skipped=False
2026-08-30 16:46:56,398 | INFO | step=8740/20000 loss=-1.588967 nll=-1.590074 kl=0.001106799 consistency=0 lambda=0 beta=1 grad=61.45663 horizon=240 lifetime=[442,988] skipped=False
2026-08-30 16:46:56,776 | INFO | step=8750/20000 loss=-0.8431186 nll=-0.843979 kl=0.000860393 consistency=0 lambda=0 beta=1 grad=123.4973 horizon=220 lifetime=[428,1705] skipped=False
2026-08-30 16:46:57,154 | INFO | step=8760/20000 loss=-1.358384 nll=-1.359898 kl=0.001514196 consistency=0 lambda=0 beta=1 grad=51.25262 horizon=180 lifetime=[453,1858] skipped=False
2026-08-30 16:46:57,545 | INFO | step=8770/20000 loss=-0.8754724 nll=-0.8764564 kl=0.0009839535 consistency=0 lambda=0 beta=1 grad=150.8696 horizon=260 lifetime=[462,1313] skipped=False
2026-08-30 16:46:57,966 | INFO | step=8780/20000 loss=-1.181224 nll=-1.181945 kl=0.0007208288 consistency=0 lambda=0 beta=1 grad=146.5674 horizon=280 lifetime=[470,777] skipped=False
2026-08-30 16:46:58,388 | INFO | step=8790/20000 loss=-1.130582 nll=-1.131922 kl=0.001340091 consistency=0 lambda=0 beta=1 grad=140.9849 horizon=180 lifetime=[470,891] skipped=False
2026-08-30 16:46:58,766 | INFO | step=8800/20000 loss=-1.125422 nll=-1.126197 kl=0.0007752478 consistency=0 lambda=0 beta=1 grad=72.39312 horizon=240 lifetime=[334,1313] skipped=False
2026-08-30 16:46:59,158 | INFO | step=8810/20000 loss=-0.683387 nll=-0.6856592 kl=0.002272248 consistency=0 lambda=0 beta=1 grad=45.64113 horizon=160 lifetime=[428,1858] skipped=False
2026-08-30 16:46:59,594 | INFO | step=8820/20000 loss=-1.031788 nll=-1.03207 kl=0.0002817512 consistency=0 lambda=0 beta=1 grad=50.63735 horizon=220 lifetime=[462,1282] skipped=False
2026-08-30 16:46:59,959 | INFO | step=8830/20000 loss=1.321305 nll=1.318985 kl=0.002320588 consistency=0 lambda=0 beta=1 grad=202.1226 horizon=100 lifetime=[560,1071] skipped=False
2026-08-30 16:47:00,344 | INFO | step=8840/20000 loss=-0.7411469 nll=-0.7428477 kl=0.001700759 consistency=0 lambda=0 beta=1 grad=48.46976 horizon=120 lifetime=[442,887] skipped=False
2026-08-30 16:47:00,719 | INFO | step=8850/20000 loss=-0.5006683 nll=-0.5057085 kl=0.005040109 consistency=0 lambda=0 beta=1 grad=66.12002 horizon=120 lifetime=[462,1858] skipped=False
2026-08-30 16:47:01,101 | INFO | step=8860/20000 loss=-0.9768333 nll=-0.9797082 kl=0.002874911 consistency=0 lambda=0 beta=1 grad=80.56883 horizon=280 lifetime=[491,1071] skipped=False
2026-08-30 16:47:01,511 | INFO | step=8870/20000 loss=-0.9938846 nll=-0.9946434 kl=0.0007587969 consistency=0 lambda=0 beta=1 grad=36.42861 horizon=180 lifetime=[460,887] skipped=False
2026-08-30 16:47:01,920 | INFO | step=8880/20000 loss=-0.7670732 nll=-0.7678656 kl=0.0007924438 consistency=0 lambda=0 beta=1 grad=31.5136 horizon=240 lifetime=[656,1705] skipped=False
2026-08-30 16:47:02,339 | INFO | step=8890/20000 loss=-0.9828594 nll=-0.9834929 kl=0.0006334186 consistency=0 lambda=0 beta=1 grad=148.7694 horizon=220 lifetime=[461,891] skipped=False
2026-08-30 16:47:02,768 | INFO | step=8900/20000 loss=-0.0298972 nll=-0.03037794 kl=0.0004807413 consistency=0 lambda=0 beta=1 grad=247.4391 horizon=240 lifetime=[494,2237] skipped=False
2026-08-30 16:47:03,166 | INFO | step=8910/20000 loss=-0.8953184 nll=-0.895688 kl=0.0003695786 consistency=0 lambda=0 beta=1 grad=58.36074 horizon=240 lifetime=[476,1052] skipped=False
2026-08-30 16:47:03,558 | INFO | step=8920/20000 loss=-0.5698286 nll=-0.5704333 kl=0.0006046891 consistency=0 lambda=0 beta=1 grad=190.7345 horizon=240 lifetime=[428,1091] skipped=False
2026-08-30 16:47:03,966 | INFO | step=8930/20000 loss=-0.5405297 nll=-0.5411239 kl=0.0005941689 consistency=0 lambda=0 beta=1 grad=87.16058 horizon=240 lifetime=[484,1282] skipped=False
2026-08-30 16:47:04,367 | INFO | step=8940/20000 loss=-0.7695113 nll=-0.7701031 kl=0.0005917549 consistency=0 lambda=0 beta=1 grad=39.61152 horizon=260 lifetime=[437,1431] skipped=False
2026-08-30 16:47:04,783 | INFO | step=8950/20000 loss=-0.5244833 nll=-0.5251517 kl=0.0006684661 consistency=0 lambda=0 beta=1 grad=169.0076 horizon=240 lifetime=[428,1055] skipped=False
2026-08-30 16:47:05,169 | INFO | step=8960/20000 loss=0.6613255 nll=0.6597493 kl=0.001576215 consistency=0 lambda=0 beta=1 grad=268.7937 horizon=180 lifetime=[477,2237] skipped=False
2026-08-30 16:47:05,558 | INFO | step=8970/20000 loss=-0.9193037 nll=-0.9201004 kl=0.0007967651 consistency=0 lambda=0 beta=1 grad=134.3256 horizon=280 lifetime=[488,1071] skipped=False
2026-08-30 16:47:05,965 | INFO | step=8980/20000 loss=-0.8816166 nll=-0.8825457 kl=0.0009291172 consistency=0 lambda=0 beta=1 grad=25.69749 horizon=280 lifetime=[476,2237] skipped=False
2026-08-30 16:47:06,350 | INFO | step=8990/20000 loss=-0.6083841 nll=-0.6116168 kl=0.003232718 consistency=0 lambda=0 beta=1 grad=28.46518 horizon=100 lifetime=[428,1071] skipped=False
2026-08-30 16:47:07,033 | INFO | validation step=9000 rmse=114.8394 best=114.8394@9000 stale=0/10
2026-08-30 16:47:07,034 | INFO | step=9000/20000 loss=-0.4329276 nll=-0.4337988 kl=0.0008712113 consistency=0 lambda=0 beta=1 grad=35.91269 horizon=120 lifetime=[147,2237] skipped=False
2026-08-30 16:47:07,483 | INFO | step=9010/20000 loss=0.6231974 nll=0.6205592 kl=0.002638251 consistency=0 lambda=0 beta=1 grad=102.9498 horizon=100 lifetime=[476,933] skipped=False
2026-08-30 16:47:07,865 | INFO | step=9020/20000 loss=-0.300379 nll=-0.3030738 kl=0.002694845 consistency=0 lambda=0 beta=1 grad=29.99811 horizon=100 lifetime=[465,1061] skipped=False
2026-08-30 16:47:08,239 | INFO | step=9030/20000 loss=-0.02040854 nll=-0.02095512 kl=0.0005465746 consistency=0 lambda=0 beta=1 grad=104.0166 horizon=120 lifetime=[437,887] skipped=False
2026-08-30 16:47:08,672 | INFO | step=9040/20000 loss=-1.141297 nll=-1.142091 kl=0.0007931888 consistency=0 lambda=0 beta=1 grad=48.07248 horizon=300 lifetime=[479,1313] skipped=False
2026-08-30 16:47:09,046 | INFO | step=9050/20000 loss=-0.6149114 nll=-0.6158241 kl=0.0009126663 consistency=0 lambda=0 beta=1 grad=142.1258 horizon=140 lifetime=[147,887] skipped=False
2026-08-30 16:47:09,448 | INFO | step=9060/20000 loss=-0.8886657 nll=-0.8892236 kl=0.0005578697 consistency=0 lambda=0 beta=1 grad=146.2838 horizon=300 lifetime=[453,1071] skipped=False
2026-08-30 16:47:09,847 | INFO | step=9070/20000 loss=-0.5237361 nll=-0.5241348 kl=0.0003986955 consistency=0 lambda=0 beta=1 grad=48.60283 horizon=160 lifetime=[476,1071] skipped=False
2026-08-30 16:47:10,270 | INFO | step=9080/20000 loss=0.5813316 nll=0.5807571 kl=0.0005744696 consistency=0 lambda=0 beta=1 grad=250.0113 horizon=220 lifetime=[486,1313] skipped=False
2026-08-30 16:47:10,668 | INFO | step=9090/20000 loss=-0.3109278 nll=-0.3115467 kl=0.0006189346 consistency=0 lambda=0 beta=1 grad=119.5949 horizon=160 lifetime=[501,1052] skipped=False
2026-08-30 16:47:11,069 | INFO | step=9100/20000 loss=-0.58132 nll=-0.5824251 kl=0.00110507 consistency=0 lambda=0 beta=1 grad=25.54128 horizon=140 lifetime=[491,1061] skipped=False
2026-08-30 16:47:11,456 | INFO | step=9110/20000 loss=-0.7872616 nll=-0.7882532 kl=0.0009916127 consistency=0 lambda=0 beta=1 grad=34.36275 horizon=260 lifetime=[477,1858] skipped=False
2026-08-30 16:47:11,871 | INFO | step=9120/20000 loss=-0.7419809 nll=-0.7422495 kl=0.0002685487 consistency=0 lambda=0 beta=1 grad=106.5115 horizon=240 lifetime=[334,988] skipped=False
2026-08-30 16:47:12,227 | INFO | step=9130/20000 loss=-0.9598591 nll=-0.9613345 kl=0.001475304 consistency=0 lambda=0 beta=1 grad=52.52338 horizon=160 lifetime=[437,1091] skipped=False
2026-08-30 16:47:12,649 | INFO | step=9140/20000 loss=0.01560103 nll=0.01468351 kl=0.0009175241 consistency=0 lambda=0 beta=1 grad=71.48463 horizon=100 lifetime=[505,988] skipped=False
2026-08-30 16:47:13,053 | INFO | step=9150/20000 loss=-1.107714 nll=-1.108289 kl=0.00057441 consistency=0 lambda=0 beta=1 grad=141.8903 horizon=160 lifetime=[428,841] skipped=False
2026-08-30 16:47:13,423 | INFO | step=9160/20000 loss=-1.221325 nll=-1.222252 kl=0.0009264052 consistency=0 lambda=0 beta=1 grad=47.43161 horizon=200 lifetime=[505,1052] skipped=False
2026-08-30 16:47:13,806 | INFO | step=9170/20000 loss=-1.261524 nll=-1.262616 kl=0.001091123 consistency=0 lambda=0 beta=1 grad=84.81259 horizon=240 lifetime=[476,1282] skipped=False
2026-08-30 16:47:14,225 | INFO | step=9180/20000 loss=-0.7818853 nll=-0.7853736 kl=0.003488392 consistency=0 lambda=0 beta=1 grad=66.27088 horizon=120 lifetime=[462,1061] skipped=False
2026-08-30 16:47:14,623 | INFO | step=9190/20000 loss=0.4125506 nll=0.4117566 kl=0.0007940531 consistency=0 lambda=0 beta=1 grad=237.8914 horizon=120 lifetime=[428,2237] skipped=False
2026-08-30 16:47:15,022 | INFO | step=9200/20000 loss=-1.175244 nll=-1.176184 kl=0.0009391606 consistency=0 lambda=0 beta=1 grad=45.18515 horizon=220 lifetime=[428,1061] skipped=False
2026-08-30 16:47:15,439 | INFO | step=9210/20000 loss=-1.20158 nll=-1.201998 kl=0.0004180968 consistency=0 lambda=0 beta=1 grad=37.75205 horizon=280 lifetime=[428,1282] skipped=False
2026-08-30 16:47:15,843 | INFO | step=9220/20000 loss=-1.344023 nll=-1.345254 kl=0.001230985 consistency=0 lambda=0 beta=1 grad=175.811 horizon=260 lifetime=[428,858] skipped=False
2026-08-30 16:47:16,205 | INFO | step=9230/20000 loss=-0.2950101 nll=-0.2957844 kl=0.0007742047 consistency=0 lambda=0 beta=1 grad=42.22938 horizon=140 lifetime=[442,1313] skipped=False
2026-08-30 16:47:16,575 | INFO | step=9240/20000 loss=-0.4769924 nll=-0.4774497 kl=0.0004572868 consistency=0 lambda=0 beta=1 grad=38.18354 horizon=140 lifetime=[428,2154] skipped=False
2026-08-30 16:47:16,987 | INFO | step=9250/20000 loss=-1.059753 nll=-1.060672 kl=0.0009189248 consistency=0 lambda=0 beta=1 grad=187.2051 horizon=300 lifetime=[442,2237] skipped=False
2026-08-30 16:47:17,412 | INFO | step=9260/20000 loss=-1.446257 nll=-1.447107 kl=0.0008497834 consistency=0 lambda=0 beta=1 grad=80.32111 horizon=260 lifetime=[453,1154] skipped=False
2026-08-30 16:47:17,810 | INFO | step=9270/20000 loss=0.2931164 nll=0.292356 kl=0.0007603467 consistency=0 lambda=0 beta=1 grad=393.1743 horizon=180 lifetime=[428,847] skipped=False
2026-08-30 16:47:18,249 | INFO | step=9280/20000 loss=-0.1344419 nll=-0.1363851 kl=0.001943201 consistency=0 lambda=0 beta=1 grad=74.49684 horizon=100 lifetime=[428,1045] skipped=False
2026-08-30 16:47:18,617 | INFO | step=9290/20000 loss=-0.5756177 nll=-0.5776048 kl=0.00198707 consistency=0 lambda=0 beta=1 grad=145.5454 horizon=140 lifetime=[428,1061] skipped=False
2026-08-30 16:47:19,026 | INFO | step=9300/20000 loss=-0.7828119 nll=-0.7841979 kl=0.001386076 consistency=0 lambda=0 beta=1 grad=47.06524 horizon=180 lifetime=[476,1015] skipped=False
2026-08-30 16:47:19,421 | INFO | step=9310/20000 loss=-0.4511127 nll=-0.451786 kl=0.0006733537 consistency=0 lambda=0 beta=1 grad=90.23441 horizon=160 lifetime=[437,1091] skipped=False
2026-08-30 16:47:19,837 | INFO | step=9320/20000 loss=-1.047348 nll=-1.04777 kl=0.0004214942 consistency=0 lambda=0 beta=1 grad=77.09244 horizon=240 lifetime=[460,1313] skipped=False
2026-08-30 16:47:20,292 | INFO | step=9330/20000 loss=-0.2645709 nll=-0.2654967 kl=0.0009258091 consistency=0 lambda=0 beta=1 grad=331.8765 horizon=300 lifetime=[533,1705] skipped=False
2026-08-30 16:47:20,715 | INFO | step=9340/20000 loss=-1.354775 nll=-1.355094 kl=0.0003194511 consistency=0 lambda=0 beta=1 grad=62.67663 horizon=280 lifetime=[465,1012] skipped=False
2026-08-30 16:47:21,168 | INFO | step=9350/20000 loss=-1.455767 nll=-1.458704 kl=0.002936155 consistency=0 lambda=0 beta=1 grad=99.01493 horizon=260 lifetime=[462,988] skipped=False
2026-08-30 16:47:21,530 | INFO | step=9360/20000 loss=-0.6896353 nll=-0.6917728 kl=0.002137542 consistency=0 lambda=0 beta=1 grad=38.95662 horizon=120 lifetime=[482,868] skipped=False
2026-08-30 16:47:21,926 | INFO | step=9370/20000 loss=-0.365738 nll=-0.3668943 kl=0.00115636 consistency=0 lambda=0 beta=1 grad=189.9933 horizon=200 lifetime=[498,1052] skipped=False
2026-08-30 16:47:22,336 | INFO | step=9380/20000 loss=-0.775113 nll=-0.7756358 kl=0.0005228221 consistency=0 lambda=0 beta=1 grad=75.46247 horizon=300 lifetime=[494,2154] skipped=False
2026-08-30 16:47:22,738 | INFO | step=9390/20000 loss=-0.6750166 nll=-0.6757566 kl=0.0007399023 consistency=0 lambda=0 beta=1 grad=37.37132 horizon=100 lifetime=[428,1055] skipped=False
2026-08-30 16:47:23,132 | INFO | step=9400/20000 loss=-1.027349 nll=-1.028534 kl=0.00118506 consistency=0 lambda=0 beta=1 grad=80.65074 horizon=140 lifetime=[460,1858] skipped=False
2026-08-30 16:47:23,511 | INFO | step=9410/20000 loss=-1.272481 nll=-1.272901 kl=0.0004201531 consistency=0 lambda=0 beta=1 grad=31.14046 horizon=200 lifetime=[428,1071] skipped=False
2026-08-30 16:47:23,910 | INFO | step=9420/20000 loss=-0.9741999 nll=-0.9763684 kl=0.002168506 consistency=0 lambda=0 beta=1 grad=28.0242 horizon=100 lifetime=[460,1154] skipped=False
2026-08-30 16:47:24,296 | INFO | step=9430/20000 loss=-0.04800233 nll=-0.04894871 kl=0.0009463727 consistency=0 lambda=0 beta=1 grad=38.79813 horizon=220 lifetime=[491,1154] skipped=False
2026-08-30 16:47:24,685 | INFO | step=9440/20000 loss=0.5641425 nll=0.5618103 kl=0.00233227 consistency=0 lambda=0 beta=1 grad=152.8787 horizon=100 lifetime=[476,2237] skipped=False
2026-08-30 16:47:25,078 | INFO | step=9450/20000 loss=0.9027511 nll=0.9014954 kl=0.001255751 consistency=0 lambda=0 beta=1 grad=128.5675 horizon=100 lifetime=[476,1858] skipped=False
2026-08-30 16:47:25,497 | INFO | step=9460/20000 loss=-0.8639843 nll=-0.865392 kl=0.001407683 consistency=0 lambda=0 beta=1 grad=101.5783 horizon=220 lifetime=[460,988] skipped=False
2026-08-30 16:47:25,862 | INFO | step=9470/20000 loss=-1.299324 nll=-1.300338 kl=0.001014054 consistency=0 lambda=0 beta=1 grad=106.9658 horizon=200 lifetime=[334,868] skipped=False
2026-08-30 16:47:26,247 | INFO | step=9480/20000 loss=0.4604809 nll=0.4592858 kl=0.001195073 consistency=0 lambda=0 beta=1 grad=136.5741 horizon=100 lifetime=[501,858] skipped=False
2026-08-30 16:47:26,635 | INFO | step=9490/20000 loss=-0.3334429 nll=-0.3351735 kl=0.001730561 consistency=0 lambda=0 beta=1 grad=147.7009 horizon=120 lifetime=[460,2237] skipped=False
2026-08-30 16:47:27,327 | INFO | validation step=9500 rmse=110.7624 best=110.7624@9500 stale=0/10
2026-08-30 16:47:27,327 | INFO | step=9500/20000 loss=-0.003377095 nll=-0.00526689 kl=0.001889795 consistency=0 lambda=0 beta=1 grad=48.95648 horizon=120 lifetime=[470,1154] skipped=False
2026-08-30 16:47:27,807 | INFO | step=9510/20000 loss=0.9001969 nll=0.899243 kl=0.0009539425 consistency=0 lambda=0 beta=1 grad=191.1871 horizon=160 lifetime=[491,1282] skipped=False
2026-08-30 16:47:28,182 | INFO | step=9520/20000 loss=0.1991997 nll=0.1988576 kl=0.0003421307 consistency=0 lambda=0 beta=1 grad=217.6181 horizon=180 lifetime=[460,988] skipped=False
2026-08-30 16:47:28,526 | INFO | step=9530/20000 loss=-0.8393137 nll=-0.8414031 kl=0.002089381 consistency=0 lambda=0 beta=1 grad=25.73954 horizon=140 lifetime=[334,2237] skipped=False
2026-08-30 16:47:28,940 | INFO | step=9540/20000 loss=-1.483338 nll=-1.484241 kl=0.0009031892 consistency=0 lambda=0 beta=1 grad=113.4568 horizon=160 lifetime=[460,1858] skipped=False
2026-08-30 16:47:29,372 | INFO | step=9550/20000 loss=-0.967654 nll=-0.9685202 kl=0.0008662045 consistency=0 lambda=0 beta=1 grad=25.90872 horizon=220 lifetime=[476,988] skipped=False
2026-08-30 16:47:29,736 | INFO | step=9560/20000 loss=-0.1354236 nll=-0.1360457 kl=0.0006220341 consistency=0 lambda=0 beta=1 grad=291.206 horizon=260 lifetime=[480,1705] skipped=False
2026-08-30 16:47:30,118 | INFO | step=9570/20000 loss=-0.2303382 nll=-0.2320239 kl=0.001685619 consistency=0 lambda=0 beta=1 grad=132.6585 horizon=180 lifetime=[442,2237] skipped=False
2026-08-30 16:47:30,549 | INFO | step=9580/20000 loss=-0.4508941 nll=-0.4519193 kl=0.00102523 consistency=0 lambda=0 beta=1 grad=77.90876 horizon=280 lifetime=[614,1282] skipped=False
2026-08-30 16:47:30,949 | INFO | step=9590/20000 loss=-0.9028718 nll=-0.9034925 kl=0.0006207228 consistency=0 lambda=0 beta=1 grad=95.86108 horizon=280 lifetime=[334,1313] skipped=False
2026-08-30 16:47:31,345 | INFO | step=9600/20000 loss=-0.8648962 nll=-0.8656362 kl=0.0007399917 consistency=0 lambda=0 beta=1 grad=70.57291 horizon=160 lifetime=[477,1045] skipped=False
2026-08-30 16:47:31,744 | INFO | step=9610/20000 loss=0.1679667 nll=0.1663924 kl=0.001574278 consistency=0 lambda=0 beta=1 grad=190.4474 horizon=120 lifetime=[442,1705] skipped=False
2026-08-30 16:47:32,164 | INFO | step=9620/20000 loss=0.1664636 nll=0.1659669 kl=0.0004967153 consistency=0 lambda=0 beta=1 grad=202.7593 horizon=240 lifetime=[460,871] skipped=False
2026-08-30 16:47:32,532 | INFO | step=9630/20000 loss=-1.124555 nll=-1.12532 kl=0.0007654727 consistency=0 lambda=0 beta=1 grad=62.82664 horizon=160 lifetime=[437,874] skipped=False
2026-08-30 16:47:32,946 | INFO | step=9640/20000 loss=-0.4084153 nll=-0.4095472 kl=0.001131862 consistency=0 lambda=0 beta=1 grad=51.67221 horizon=160 lifetime=[557,2154] skipped=False
2026-08-30 16:47:33,305 | INFO | step=9650/20000 loss=-0.3123308 nll=-0.3136429 kl=0.001312166 consistency=0 lambda=0 beta=1 grad=43.03636 horizon=100 lifetime=[494,1045] skipped=False
2026-08-30 16:47:33,715 | INFO | step=9660/20000 loss=-0.504738 nll=-0.5063934 kl=0.00165543 consistency=0 lambda=0 beta=1 grad=283.3826 horizon=260 lifetime=[442,1154] skipped=False
2026-08-30 16:47:34,129 | INFO | step=9670/20000 loss=-0.9767485 nll=-0.9776833 kl=0.0009348094 consistency=0 lambda=0 beta=1 grad=45.7685 horizon=140 lifetime=[461,1071] skipped=False
2026-08-30 16:47:34,510 | INFO | step=9680/20000 loss=-1.100027 nll=-1.100576 kl=0.0005492866 consistency=0 lambda=0 beta=1 grad=57.54605 horizon=180 lifetime=[428,988] skipped=False
2026-08-30 16:47:34,958 | INFO | step=9690/20000 loss=-0.2652419 nll=-0.2656364 kl=0.0003944635 consistency=0 lambda=0 beta=1 grad=374.5478 horizon=240 lifetime=[498,1052] skipped=False
2026-08-30 16:47:35,331 | INFO | step=9700/20000 loss=-0.5834525 nll=-0.5839657 kl=0.0005132854 consistency=0 lambda=0 beta=1 grad=79.98418 horizon=120 lifetime=[465,1431] skipped=False
2026-08-30 16:47:35,726 | INFO | step=9710/20000 loss=-1.233615 nll=-1.234349 kl=0.00073421 consistency=0 lambda=0 beta=1 grad=191.789 horizon=160 lifetime=[482,1055] skipped=False
2026-08-30 16:47:36,109 | INFO | step=9720/20000 loss=-0.9289336 nll=-0.9302886 kl=0.001354992 consistency=0 lambda=0 beta=1 grad=70.54233 horizon=220 lifetime=[486,1154] skipped=False
2026-08-30 16:47:36,556 | INFO | step=9730/20000 loss=-1.378035 nll=-1.378458 kl=0.0004229248 consistency=0 lambda=0 beta=1 grad=145.0132 horizon=280 lifetime=[428,1431] skipped=False
2026-08-30 16:47:36,961 | INFO | step=9740/20000 loss=0.3378754 nll=0.3364026 kl=0.001472771 consistency=0 lambda=0 beta=1 grad=457.3213 horizon=200 lifetime=[462,1061] skipped=False
2026-08-30 16:47:37,333 | INFO | step=9750/20000 loss=-0.05223103 nll=-0.05285658 kl=0.0006255507 consistency=0 lambda=0 beta=1 grad=218.0627 horizon=180 lifetime=[428,1015] skipped=False
2026-08-30 16:47:37,759 | INFO | step=9760/20000 loss=-1.018622 nll=-1.018914 kl=0.0002914667 consistency=0 lambda=0 beta=1 grad=82.70328 horizon=240 lifetime=[460,988] skipped=False
2026-08-30 16:47:38,165 | INFO | step=9770/20000 loss=-0.3807189 nll=-0.3822093 kl=0.001490414 consistency=0 lambda=0 beta=1 grad=90.4333 horizon=180 lifetime=[491,1705] skipped=False
2026-08-30 16:47:38,600 | INFO | step=9780/20000 loss=-1.008452 nll=-1.009035 kl=0.0005825758 consistency=0 lambda=0 beta=1 grad=38.56006 horizon=220 lifetime=[505,887] skipped=False
2026-08-30 16:47:39,006 | INFO | step=9790/20000 loss=-0.8623208 nll=-0.8630774 kl=0.0007566214 consistency=0 lambda=0 beta=1 grad=60.8131 horizon=140 lifetime=[476,2237] skipped=False
2026-08-30 16:47:39,388 | INFO | step=9800/20000 loss=-1.065437 nll=-1.067048 kl=0.001610994 consistency=0 lambda=0 beta=1 grad=91.40642 horizon=120 lifetime=[442,1154] skipped=False
2026-08-30 16:47:39,757 | INFO | step=9810/20000 loss=-0.3646415 nll=-0.3667302 kl=0.002088755 consistency=0 lambda=0 beta=1 grad=117.1933 horizon=160 lifetime=[470,868] skipped=False
2026-08-30 16:47:40,178 | INFO | step=9820/20000 loss=-0.2127784 nll=-0.2142642 kl=0.001485735 consistency=0 lambda=0 beta=1 grad=116.6514 horizon=100 lifetime=[428,1858] skipped=False
2026-08-30 16:47:40,605 | INFO | step=9830/20000 loss=-0.5919479 nll=-0.5928488 kl=0.0009009838 consistency=0 lambda=0 beta=1 grad=129.1961 horizon=240 lifetime=[428,1091] skipped=False
2026-08-30 16:47:40,992 | INFO | step=9840/20000 loss=-1.475254 nll=-1.475844 kl=0.000589937 consistency=0 lambda=0 beta=1 grad=50.97846 horizon=280 lifetime=[476,964] skipped=False
2026-08-30 16:47:41,438 | INFO | step=9850/20000 loss=-0.7986715 nll=-0.7990549 kl=0.0003833473 consistency=0 lambda=0 beta=1 grad=61.64651 horizon=260 lifetime=[488,1282] skipped=False
2026-08-30 16:47:41,828 | INFO | step=9860/20000 loss=-0.3563309 nll=-0.3569846 kl=0.0006537139 consistency=0 lambda=0 beta=1 grad=187.6195 horizon=280 lifetime=[484,1858] skipped=False
2026-08-30 16:47:42,214 | INFO | step=9870/20000 loss=0.06869179 nll=0.06784266 kl=0.0008491278 consistency=0 lambda=0 beta=1 grad=237.2131 horizon=140 lifetime=[453,868] skipped=False
2026-08-30 16:47:42,627 | INFO | step=9880/20000 loss=-1.755528 nll=-1.756077 kl=0.0005492866 consistency=0 lambda=0 beta=1 grad=29.41115 horizon=240 lifetime=[437,868] skipped=False
2026-08-30 16:47:43,016 | INFO | step=9890/20000 loss=-0.4328151 nll=-0.4335406 kl=0.0007254481 consistency=0 lambda=0 beta=1 grad=364.2727 horizon=280 lifetime=[470,1858] skipped=False
2026-08-30 16:47:43,406 | INFO | step=9900/20000 loss=-1.599009 nll=-1.599347 kl=0.0003381073 consistency=0 lambda=0 beta=1 grad=207.2606 horizon=300 lifetime=[461,1431] skipped=False
2026-08-30 16:47:43,807 | INFO | step=9910/20000 loss=-0.6600477 nll=-0.660967 kl=0.000919342 consistency=0 lambda=0 beta=1 grad=359.3319 horizon=140 lifetime=[428,964] skipped=False
2026-08-30 16:47:44,204 | INFO | step=9920/20000 loss=-1.047182 nll=-1.047835 kl=0.0006533563 consistency=0 lambda=0 beta=1 grad=55.88527 horizon=160 lifetime=[453,863] skipped=False
2026-08-30 16:47:44,603 | INFO | step=9930/20000 loss=-0.4254449 nll=-0.4263157 kl=0.0008707941 consistency=0 lambda=0 beta=1 grad=58.68962 horizon=180 lifetime=[453,1313] skipped=False
2026-08-30 16:47:45,004 | INFO | step=9940/20000 loss=-0.7134037 nll=-0.7154588 kl=0.002055019 consistency=0 lambda=0 beta=1 grad=204.0014 horizon=240 lifetime=[460,1313] skipped=False
2026-08-30 16:47:45,394 | INFO | step=9950/20000 loss=-0.7619181 nll=-0.7629499 kl=0.001031786 consistency=0 lambda=0 beta=1 grad=78.46456 horizon=140 lifetime=[437,868] skipped=False
2026-08-30 16:47:45,812 | INFO | step=9960/20000 loss=-1.116889 nll=-1.118318 kl=0.001428843 consistency=0 lambda=0 beta=1 grad=41.22694 horizon=260 lifetime=[462,2237] skipped=False
2026-08-30 16:47:46,218 | INFO | step=9970/20000 loss=-1.043956 nll=-1.044608 kl=0.0006519854 consistency=0 lambda=0 beta=1 grad=155.748 horizon=240 lifetime=[453,1858] skipped=False
2026-08-30 16:47:46,655 | INFO | step=9980/20000 loss=-0.3651599 nll=-0.3654983 kl=0.0003384054 consistency=0 lambda=0 beta=1 grad=184.0038 horizon=200 lifetime=[476,1061] skipped=False
2026-08-30 16:47:47,072 | INFO | step=9990/20000 loss=-0.9867102 nll=-0.9877335 kl=0.001023322 consistency=0 lambda=0 beta=1 grad=74.50938 horizon=160 lifetime=[476,1091] skipped=False
2026-08-30 16:47:47,735 | INFO | validation step=10000 rmse=159.7484 best=110.7624@9500 stale=1/10
2026-08-30 16:47:47,735 | INFO | step=10000/20000 loss=-0.4575649 nll=-0.458751 kl=0.001186043 consistency=0 lambda=0 beta=1 grad=110.9832 horizon=100 lifetime=[442,707] skipped=False
2026-08-30 16:47:48,213 | INFO | step=10010/20000 loss=-0.9385787 nll=-0.9398437 kl=0.001265049 consistency=0 lambda=0 beta=1 grad=128.7717 horizon=200 lifetime=[484,933] skipped=False
2026-08-30 16:47:48,620 | INFO | step=10020/20000 loss=0.2835042 nll=0.2826197 kl=0.0008845329 consistency=0 lambda=0 beta=1 grad=241.8619 horizon=140 lifetime=[512,988] skipped=False
2026-08-30 16:47:49,040 | INFO | step=10030/20000 loss=-0.832621 nll=-0.8333443 kl=0.0007233024 consistency=0 lambda=0 beta=1 grad=47.58181 horizon=160 lifetime=[334,1431] skipped=False
2026-08-30 16:47:49,476 | INFO | step=10040/20000 loss=-0.870627 nll=-0.8709599 kl=0.0003328323 consistency=0 lambda=0 beta=1 grad=119.6538 horizon=300 lifetime=[461,2154] skipped=False
2026-08-30 16:47:49,884 | INFO | step=10050/20000 loss=-0.6250424 nll=-0.6261649 kl=0.001122415 consistency=0 lambda=0 beta=1 grad=48.02927 horizon=140 lifetime=[460,1313] skipped=False
2026-08-30 16:47:50,316 | INFO | step=10060/20000 loss=-0.9921744 nll=-0.9926156 kl=0.0004411936 consistency=0 lambda=0 beta=1 grad=56.9487 horizon=240 lifetime=[484,1052] skipped=False
2026-08-30 16:47:50,766 | INFO | step=10070/20000 loss=-1.780128 nll=-1.78072 kl=0.0005921125 consistency=0 lambda=0 beta=1 grad=58.2978 horizon=300 lifetime=[470,1007] skipped=False
2026-08-30 16:47:51,151 | INFO | step=10080/20000 loss=-1.447509 nll=-1.449582 kl=0.002073109 consistency=0 lambda=0 beta=1 grad=52.52701 horizon=260 lifetime=[465,930] skipped=False
2026-08-30 16:47:51,516 | INFO | step=10090/20000 loss=-0.3548156 nll=-0.355711 kl=0.0008953512 consistency=0 lambda=0 beta=1 grad=116.2161 horizon=260 lifetime=[437,1045] skipped=False
2026-08-30 16:47:51,884 | INFO | step=10100/20000 loss=-1.162085 nll=-1.162651 kl=0.0005668104 consistency=0 lambda=0 beta=1 grad=88.68517 horizon=180 lifetime=[461,988] skipped=False
2026-08-30 16:47:52,261 | INFO | step=10110/20000 loss=-1.174026 nll=-1.175303 kl=0.001276493 consistency=0 lambda=0 beta=1 grad=126.3125 horizon=140 lifetime=[461,1091] skipped=False
2026-08-30 16:47:52,640 | INFO | step=10120/20000 loss=-1.208977 nll=-1.209506 kl=0.0005285144 consistency=0 lambda=0 beta=1 grad=41.75863 horizon=260 lifetime=[461,988] skipped=False
2026-08-30 16:47:53,071 | INFO | step=10130/20000 loss=-1.379304 nll=-1.379838 kl=0.0005338788 consistency=0 lambda=0 beta=1 grad=55.77295 horizon=200 lifetime=[462,856] skipped=False
2026-08-30 16:47:53,486 | INFO | step=10140/20000 loss=0.3379002 nll=0.3373074 kl=0.0005927682 consistency=0 lambda=0 beta=1 grad=204.4011 horizon=200 lifetime=[460,1705] skipped=False
2026-08-30 16:47:53,863 | INFO | step=10150/20000 loss=-1.637205 nll=-1.638762 kl=0.001556516 consistency=0 lambda=0 beta=1 grad=38.11133 horizon=200 lifetime=[453,933] skipped=False
2026-08-30 16:47:54,262 | INFO | step=10160/20000 loss=-0.7050496 nll=-0.7057604 kl=0.000710696 consistency=0 lambda=0 beta=1 grad=66.56492 horizon=160 lifetime=[465,1858] skipped=False
2026-08-30 16:47:54,658 | INFO | step=10170/20000 loss=-0.6723463 nll=-0.673578 kl=0.00123173 consistency=0 lambda=0 beta=1 grad=57.79616 horizon=100 lifetime=[533,1007] skipped=False
2026-08-30 16:47:55,047 | INFO | step=10180/20000 loss=-1.242048 nll=-1.243912 kl=0.001863629 consistency=0 lambda=0 beta=1 grad=46.35355 horizon=220 lifetime=[460,1313] skipped=False
2026-08-30 16:47:55,475 | INFO | step=10190/20000 loss=0.2443861 nll=0.2431029 kl=0.001283169 consistency=0 lambda=0 beta=1 grad=186.9765 horizon=140 lifetime=[334,1313] skipped=False
2026-08-30 16:47:55,895 | INFO | step=10200/20000 loss=-0.5476021 nll=-0.5484097 kl=0.0008076131 consistency=0 lambda=0 beta=1 grad=221.7995 horizon=240 lifetime=[461,1313] skipped=False
2026-08-30 16:47:56,365 | INFO | step=10210/20000 loss=-1.046786 nll=-1.047556 kl=0.0007701516 consistency=0 lambda=0 beta=1 grad=101.2896 horizon=220 lifetime=[428,1091] skipped=False
2026-08-30 16:47:56,729 | INFO | step=10220/20000 loss=-0.04582244 nll=-0.04705751 kl=0.001235068 consistency=0 lambda=0 beta=1 grad=67.70502 horizon=160 lifetime=[607,1055] skipped=False
2026-08-30 16:47:57,187 | INFO | step=10230/20000 loss=-0.8035044 nll=-0.8037834 kl=0.0002790093 consistency=0 lambda=0 beta=1 grad=68.58961 horizon=220 lifetime=[428,1705] skipped=False
2026-08-30 16:47:57,559 | INFO | step=10240/20000 loss=-0.9148751 nll=-0.9184773 kl=0.003602207 consistency=0 lambda=0 beta=1 grad=49.48589 horizon=100 lifetime=[334,1431] skipped=False
2026-08-30 16:47:57,938 | INFO | step=10250/20000 loss=-0.9792249 nll=-0.9797871 kl=0.0005622506 consistency=0 lambda=0 beta=1 grad=133.1215 horizon=200 lifetime=[462,933] skipped=False
2026-08-30 16:47:58,354 | INFO | step=10260/20000 loss=-0.3759704 nll=-0.3764988 kl=0.0005283654 consistency=0 lambda=0 beta=1 grad=350.6556 horizon=280 lifetime=[460,1154] skipped=False
2026-08-30 16:47:58,757 | INFO | step=10270/20000 loss=-0.7219046 nll=-0.722762 kl=0.0008573532 consistency=0 lambda=0 beta=1 grad=122.5608 horizon=180 lifetime=[482,1061] skipped=False
2026-08-30 16:47:59,138 | INFO | step=10280/20000 loss=-1.274462 nll=-1.274994 kl=0.0005319417 consistency=0 lambda=0 beta=1 grad=272.3098 horizon=180 lifetime=[437,858] skipped=False
2026-08-30 16:47:59,538 | INFO | step=10290/20000 loss=-1.050897 nll=-1.051671 kl=0.0007745624 consistency=0 lambda=0 beta=1 grad=45.31952 horizon=140 lifetime=[460,2154] skipped=False
2026-08-30 16:47:59,942 | INFO | step=10300/20000 loss=-0.3319357 nll=-0.3325278 kl=0.0005921423 consistency=0 lambda=0 beta=1 grad=322.7986 horizon=300 lifetime=[482,1858] skipped=False
2026-08-30 16:48:00,358 | INFO | step=10310/20000 loss=-0.4260878 nll=-0.4268377 kl=0.0007498264 consistency=0 lambda=0 beta=1 grad=295.8072 horizon=260 lifetime=[599,1282] skipped=False
2026-08-30 16:48:00,739 | INFO | step=10320/20000 loss=-0.9856632 nll=-0.986286 kl=0.0006228685 consistency=0 lambda=0 beta=1 grad=33.79686 horizon=140 lifetime=[470,1012] skipped=False
2026-08-30 16:48:01,143 | INFO | step=10330/20000 loss=0.2305216 nll=0.2299297 kl=0.0005918443 consistency=0 lambda=0 beta=1 grad=266.22 horizon=280 lifetime=[453,1052] skipped=False
2026-08-30 16:48:01,556 | INFO | step=10340/20000 loss=-0.6034532 nll=-0.6051352 kl=0.001681983 consistency=0 lambda=0 beta=1 grad=36.92642 horizon=100 lifetime=[437,1154] skipped=False
2026-08-30 16:48:01,968 | INFO | step=10350/20000 loss=-0.9345539 nll=-0.9356894 kl=0.001135558 consistency=0 lambda=0 beta=1 grad=170.3522 horizon=200 lifetime=[460,1007] skipped=False
2026-08-30 16:48:02,365 | INFO | step=10360/20000 loss=-0.8563543 nll=-0.8570914 kl=0.0007371306 consistency=0 lambda=0 beta=1 grad=44.97714 horizon=120 lifetime=[334,1313] skipped=False
2026-08-30 16:48:02,748 | INFO | step=10370/20000 loss=-1.006815 nll=-1.007163 kl=0.0003477931 consistency=0 lambda=0 beta=1 grad=74.25203 horizon=160 lifetime=[476,1154] skipped=False
2026-08-30 16:48:03,099 | INFO | step=10380/20000 loss=0.1514215 nll=0.1505739 kl=0.0008476377 consistency=0 lambda=0 beta=1 grad=277.882 horizon=280 lifetime=[470,2154] skipped=False
2026-08-30 16:48:03,513 | INFO | step=10390/20000 loss=0.779893 nll=0.7786865 kl=0.001206487 consistency=0 lambda=0 beta=1 grad=509.511 horizon=300 lifetime=[533,858] skipped=False
2026-08-30 16:48:03,933 | INFO | step=10400/20000 loss=-0.9231559 nll=-0.9240215 kl=0.0008656085 consistency=0 lambda=0 beta=1 grad=75.16791 horizon=120 lifetime=[460,847] skipped=False
2026-08-30 16:48:04,336 | INFO | step=10410/20000 loss=-0.6549729 nll=-0.6567271 kl=0.001754194 consistency=0 lambda=0 beta=1 grad=41.8125 horizon=120 lifetime=[428,2154] skipped=False
2026-08-30 16:48:04,702 | INFO | step=10420/20000 loss=-1.426081 nll=-1.427171 kl=0.001090556 consistency=0 lambda=0 beta=1 grad=27.64616 horizon=260 lifetime=[476,1061] skipped=False
2026-08-30 16:48:05,083 | INFO | step=10430/20000 loss=0.176013 nll=0.1750987 kl=0.0009143353 consistency=0 lambda=0 beta=1 grad=214.4763 horizon=220 lifetime=[671,2154] skipped=False
2026-08-30 16:48:05,475 | INFO | step=10440/20000 loss=1.100857 nll=1.099775 kl=0.001081288 consistency=0 lambda=0 beta=1 grad=223.063 horizon=120 lifetime=[147,1313] skipped=False
2026-08-30 16:48:05,862 | INFO | step=10450/20000 loss=-1.193197 nll=-1.194975 kl=0.001778603 consistency=0 lambda=0 beta=1 grad=58.76543 horizon=160 lifetime=[461,1431] skipped=False
2026-08-30 16:48:06,259 | INFO | step=10460/20000 loss=-1.398413 nll=-1.398834 kl=0.0004217029 consistency=0 lambda=0 beta=1 grad=36.07706 horizon=140 lifetime=[453,988] skipped=False
2026-08-30 16:48:06,739 | INFO | step=10470/20000 loss=-0.9733931 nll=-0.9738329 kl=0.0004398227 consistency=0 lambda=0 beta=1 grad=218.4106 horizon=260 lifetime=[486,1012] skipped=False
2026-08-30 16:48:07,176 | INFO | step=10480/20000 loss=-0.8823805 nll=-0.8829472 kl=0.0005666614 consistency=0 lambda=0 beta=1 grad=46.69838 horizon=140 lifetime=[428,2237] skipped=False
2026-08-30 16:48:07,576 | INFO | step=10490/20000 loss=-0.7364023 nll=-0.7371337 kl=0.0007314682 consistency=0 lambda=0 beta=1 grad=69.00925 horizon=160 lifetime=[614,1313] skipped=False
2026-08-30 16:48:08,263 | INFO | validation step=10500 rmse=136.2252 best=110.7624@9500 stale=2/10
2026-08-30 16:48:08,263 | INFO | step=10500/20000 loss=-1.922485 nll=-1.923504 kl=0.001018405 consistency=0 lambda=0 beta=1 grad=35.61346 horizon=280 lifetime=[460,921] skipped=False
2026-08-30 16:48:08,753 | INFO | step=10510/20000 loss=0.1125681 nll=0.1119084 kl=0.0006596446 consistency=0 lambda=0 beta=1 grad=111.7448 horizon=160 lifetime=[614,1091] skipped=False
2026-08-30 16:48:09,156 | INFO | step=10520/20000 loss=-0.6633129 nll=-0.6637619 kl=0.0004490316 consistency=0 lambda=0 beta=1 grad=87.88159 horizon=160 lifetime=[622,1313] skipped=False
2026-08-30 16:48:09,569 | INFO | step=10530/20000 loss=-0.5394577 nll=-0.5405344 kl=0.001076698 consistency=0 lambda=0 beta=1 grad=421.5722 horizon=220 lifetime=[461,1061] skipped=False
2026-08-30 16:48:09,953 | INFO | step=10540/20000 loss=-0.8694714 nll=-0.8700275 kl=0.0005561113 consistency=0 lambda=0 beta=1 grad=115.2037 horizon=240 lifetime=[479,1154] skipped=False
2026-08-30 16:48:10,342 | INFO | step=10550/20000 loss=-0.9080899 nll=-0.9101636 kl=0.002073795 consistency=0 lambda=0 beta=1 grad=26.04923 horizon=160 lifetime=[622,1071] skipped=False
2026-08-30 16:48:10,735 | INFO | step=10560/20000 loss=-0.8830422 nll=-0.8834157 kl=0.0003735125 consistency=0 lambda=0 beta=1 grad=65.51235 horizon=160 lifetime=[428,1091] skipped=False
2026-08-30 16:48:11,083 | INFO | step=10570/20000 loss=-1.07251 nll=-1.073249 kl=0.0007389188 consistency=0 lambda=0 beta=1 grad=81.19508 horizon=220 lifetime=[442,2154] skipped=False
2026-08-30 16:48:11,484 | INFO | step=10580/20000 loss=-1.026029 nll=-1.027176 kl=0.001147717 consistency=0 lambda=0 beta=1 grad=71.27892 horizon=260 lifetime=[614,1705] skipped=False
2026-08-30 16:48:11,905 | INFO | step=10590/20000 loss=-1.608519 nll=-1.609164 kl=0.0006444156 consistency=0 lambda=0 beta=1 grad=85.2143 horizon=200 lifetime=[334,1012] skipped=False
2026-08-30 16:48:12,303 | INFO | step=10600/20000 loss=-0.5559607 nll=-0.5568611 kl=0.0009004772 consistency=0 lambda=0 beta=1 grad=152.4166 horizon=300 lifetime=[442,874] skipped=False
2026-08-30 16:48:12,697 | INFO | step=10610/20000 loss=0.2459033 nll=0.245151 kl=0.0007523298 consistency=0 lambda=0 beta=1 grad=168.1503 horizon=120 lifetime=[526,988] skipped=False
2026-08-30 16:48:13,173 | INFO | step=10620/20000 loss=-0.7895763 nll=-0.790975 kl=0.001398712 consistency=0 lambda=0 beta=1 grad=64.34127 horizon=240 lifetime=[480,1858] skipped=False
2026-08-30 16:48:13,584 | INFO | step=10630/20000 loss=-1.05935 nll=-1.060376 kl=0.00102675 consistency=0 lambda=0 beta=1 grad=29.96635 horizon=120 lifetime=[460,1061] skipped=False
2026-08-30 16:48:13,931 | INFO | step=10640/20000 loss=-0.5022091 nll=-0.5027444 kl=0.0005353093 consistency=0 lambda=0 beta=1 grad=89.94376 horizon=160 lifetime=[428,1055] skipped=False
2026-08-30 16:48:14,326 | INFO | step=10650/20000 loss=-0.4579625 nll=-0.461418 kl=0.003455579 consistency=0 lambda=0 beta=1 grad=128.8956 horizon=160 lifetime=[428,1431] skipped=False
2026-08-30 16:48:14,716 | INFO | step=10660/20000 loss=-0.6273715 nll=-0.628053 kl=0.0006814301 consistency=0 lambda=0 beta=1 grad=137.6587 horizon=220 lifetime=[486,1431] skipped=False
2026-08-30 16:48:15,088 | INFO | step=10670/20000 loss=-1.127611 nll=-1.128146 kl=0.0005348623 consistency=0 lambda=0 beta=1 grad=78.95963 horizon=200 lifetime=[453,1313] skipped=False
2026-08-30 16:48:15,493 | INFO | step=10680/20000 loss=-1.268839 nll=-1.269464 kl=0.0006253719 consistency=0 lambda=0 beta=1 grad=73.69409 horizon=260 lifetime=[453,1061] skipped=False
2026-08-30 16:48:15,900 | INFO | step=10690/20000 loss=-0.06215869 nll=-0.06278174 kl=0.0006230474 consistency=0 lambda=0 beta=1 grad=83.61586 horizon=120 lifetime=[428,2154] skipped=False
2026-08-30 16:48:16,287 | INFO | step=10700/20000 loss=-0.6489284 nll=-0.6502646 kl=0.001336217 consistency=0 lambda=0 beta=1 grad=36.99202 horizon=200 lifetime=[480,1061] skipped=False
2026-08-30 16:48:16,651 | INFO | step=10710/20000 loss=-1.023231 nll=-1.024178 kl=0.0009471476 consistency=0 lambda=0 beta=1 grad=53.26645 horizon=160 lifetime=[428,877] skipped=False
2026-08-30 16:48:17,046 | INFO | step=10720/20000 loss=-0.6005908 nll=-0.6014988 kl=0.0009080768 consistency=0 lambda=0 beta=1 grad=98.00288 horizon=140 lifetime=[461,1313] skipped=False
2026-08-30 16:48:17,418 | INFO | step=10730/20000 loss=-0.5273305 nll=-0.5295563 kl=0.002225786 consistency=0 lambda=0 beta=1 grad=46.47209 horizon=100 lifetime=[477,828] skipped=False
2026-08-30 16:48:17,830 | INFO | step=10740/20000 loss=-1.135768 nll=-1.136265 kl=0.0004971921 consistency=0 lambda=0 beta=1 grad=33.00305 horizon=300 lifetime=[465,1052] skipped=False
2026-08-30 16:48:18,237 | INFO | step=10750/20000 loss=-0.2703452 nll=-0.2712669 kl=0.0009216964 consistency=0 lambda=0 beta=1 grad=37.54474 horizon=100 lifetime=[465,1007] skipped=False
2026-08-30 16:48:18,650 | INFO | step=10760/20000 loss=-0.7797505 nll=-0.7810158 kl=0.001265317 consistency=0 lambda=0 beta=1 grad=85.28606 horizon=140 lifetime=[462,2154] skipped=False
2026-08-30 16:48:19,100 | INFO | step=10770/20000 loss=-0.8819722 nll=-0.8824656 kl=0.0004934371 consistency=0 lambda=0 beta=1 grad=142.2325 horizon=240 lifetime=[484,1061] skipped=False
2026-08-30 16:48:19,490 | INFO | step=10780/20000 loss=-0.8507252 nll=-0.8520188 kl=0.0012936 consistency=0 lambda=0 beta=1 grad=100.6965 horizon=300 lifetime=[480,1858] skipped=False
2026-08-30 16:48:19,879 | INFO | step=10790/20000 loss=-0.1592112 nll=-0.1605739 kl=0.001362652 consistency=0 lambda=0 beta=1 grad=178.4709 horizon=300 lifetime=[334,1431] skipped=False
2026-08-30 16:48:20,255 | INFO | step=10800/20000 loss=-1.661323 nll=-1.662353 kl=0.001029789 consistency=0 lambda=0 beta=1 grad=51.20968 horizon=300 lifetime=[460,1015] skipped=False
2026-08-30 16:48:20,629 | INFO | step=10810/20000 loss=-0.3357475 nll=-0.3374274 kl=0.001679987 consistency=0 lambda=0 beta=1 grad=140.025 horizon=100 lifetime=[334,891] skipped=False
2026-08-30 16:48:21,027 | INFO | step=10820/20000 loss=-1.511259 nll=-1.511867 kl=0.0006081462 consistency=0 lambda=0 beta=1 grad=55.26664 horizon=200 lifetime=[453,1055] skipped=False
2026-08-30 16:48:21,439 | INFO | step=10830/20000 loss=-1.743968 nll=-1.74435 kl=0.0003817081 consistency=0 lambda=0 beta=1 grad=62.16851 horizon=240 lifetime=[460,841] skipped=False
2026-08-30 16:48:21,857 | INFO | step=10840/20000 loss=-1.125494 nll=-1.126983 kl=0.001488626 consistency=0 lambda=0 beta=1 grad=64.61006 horizon=120 lifetime=[460,1858] skipped=False
2026-08-30 16:48:22,224 | INFO | step=10850/20000 loss=-0.6517536 nll=-0.652498 kl=0.0007444024 consistency=0 lambda=0 beta=1 grad=37.63519 horizon=140 lifetime=[488,1313] skipped=False
2026-08-30 16:48:22,671 | INFO | step=10860/20000 loss=-1.608489 nll=-1.609475 kl=0.0009856522 consistency=0 lambda=0 beta=1 grad=83.07558 horizon=280 lifetime=[460,1071] skipped=False
2026-08-30 16:48:23,071 | INFO | step=10870/20000 loss=-0.142648 nll=-0.1431819 kl=0.0005339086 consistency=0 lambda=0 beta=1 grad=64.79152 horizon=140 lifetime=[501,1055] skipped=False
2026-08-30 16:48:23,532 | INFO | step=10880/20000 loss=-1.027129 nll=-1.028331 kl=0.001201481 consistency=0 lambda=0 beta=1 grad=29.74036 horizon=160 lifetime=[442,933] skipped=False
2026-08-30 16:48:23,934 | INFO | step=10890/20000 loss=-1.540533 nll=-1.541294 kl=0.0007604361 consistency=0 lambda=0 beta=1 grad=41.10165 horizon=280 lifetime=[460,2154] skipped=False
2026-08-30 16:48:24,298 | INFO | step=10900/20000 loss=-0.9435935 nll=-0.9439054 kl=0.0003118217 consistency=0 lambda=0 beta=1 grad=183.5155 horizon=140 lifetime=[477,1313] skipped=False
2026-08-30 16:48:24,664 | INFO | step=10910/20000 loss=-1.022848 nll=-1.023229 kl=0.0003805459 consistency=0 lambda=0 beta=1 grad=87.23398 horizon=200 lifetime=[480,1858] skipped=False
2026-08-30 16:48:25,037 | INFO | step=10920/20000 loss=-0.7055728 nll=-0.7060237 kl=0.0004508197 consistency=0 lambda=0 beta=1 grad=108.1528 horizon=240 lifetime=[334,988] skipped=False
2026-08-30 16:48:25,400 | INFO | step=10930/20000 loss=-0.7755791 nll=-0.7763725 kl=0.0007933676 consistency=0 lambda=0 beta=1 grad=73.27048 horizon=160 lifetime=[462,1154] skipped=False
2026-08-30 16:48:25,811 | INFO | step=10940/20000 loss=-0.4517241 nll=-0.4529786 kl=0.001254499 consistency=0 lambda=0 beta=1 grad=170.6722 horizon=140 lifetime=[477,1045] skipped=False
2026-08-30 16:48:26,199 | INFO | step=10950/20000 loss=-1.110379 nll=-1.11078 kl=0.0004004836 consistency=0 lambda=0 beta=1 grad=195.3429 horizon=180 lifetime=[465,1045] skipped=False
2026-08-30 16:48:26,618 | INFO | step=10960/20000 loss=-1.332551 nll=-1.332875 kl=0.0003240705 consistency=0 lambda=0 beta=1 grad=68.09383 horizon=300 lifetime=[486,933] skipped=False
2026-08-30 16:48:26,980 | INFO | step=10970/20000 loss=-0.8300884 nll=-0.8304596 kl=0.0003712177 consistency=0 lambda=0 beta=1 grad=59.67454 horizon=160 lifetime=[486,887] skipped=False
2026-08-30 16:48:27,377 | INFO | step=10980/20000 loss=-1.304036 nll=-1.304856 kl=0.0008201003 consistency=0 lambda=0 beta=1 grad=114.9741 horizon=160 lifetime=[460,891] skipped=False
2026-08-30 16:48:27,756 | INFO | step=10990/20000 loss=-0.8751425 nll=-0.8757641 kl=0.0006216168 consistency=0 lambda=0 beta=1 grad=124.3096 horizon=200 lifetime=[334,1154] skipped=False
2026-08-30 16:48:28,446 | INFO | validation step=11000 rmse=130.3331 best=110.7624@9500 stale=3/10
2026-08-30 16:48:28,446 | INFO | step=11000/20000 loss=-1.134133 nll=-1.134915 kl=0.0007816553 consistency=0 lambda=0 beta=1 grad=67.28616 horizon=240 lifetime=[428,1431] skipped=False
2026-08-30 16:48:28,968 | INFO | step=11010/20000 loss=-0.805733 nll=-0.8063447 kl=0.0006117523 consistency=0 lambda=0 beta=1 grad=238.2516 horizon=280 lifetime=[334,1052] skipped=False
2026-08-30 16:48:29,351 | INFO | step=11020/20000 loss=-1.547096 nll=-1.547662 kl=0.0005660057 consistency=0 lambda=0 beta=1 grad=290.2508 horizon=280 lifetime=[461,2154] skipped=False
2026-08-30 16:48:29,761 | INFO | step=11030/20000 loss=-1.203787 nll=-1.204711 kl=0.0009237826 consistency=0 lambda=0 beta=1 grad=54.93054 horizon=100 lifetime=[428,863] skipped=False
2026-08-30 16:48:30,152 | INFO | step=11040/20000 loss=-1.567625 nll=-1.568918 kl=0.001292199 consistency=0 lambda=0 beta=1 grad=75.85811 horizon=280 lifetime=[476,1015] skipped=False
2026-08-30 16:48:30,547 | INFO | step=11050/20000 loss=-1.11472 nll=-1.115952 kl=0.001231432 consistency=0 lambda=0 beta=1 grad=82.34719 horizon=100 lifetime=[461,988] skipped=False
2026-08-30 16:48:30,953 | INFO | step=11060/20000 loss=-1.525714 nll=-1.526212 kl=0.0004983246 consistency=0 lambda=0 beta=1 grad=49.41144 horizon=260 lifetime=[477,2237] skipped=False
2026-08-30 16:48:31,324 | INFO | step=11070/20000 loss=-0.8627495 nll=-0.8629788 kl=0.0002292991 consistency=0 lambda=0 beta=1 grad=271.6468 horizon=200 lifetime=[460,988] skipped=False
2026-08-30 16:48:31,729 | INFO | step=11080/20000 loss=-0.3195264 nll=-0.3203042 kl=0.0007778406 consistency=0 lambda=0 beta=1 grad=34.26065 horizon=140 lifetime=[501,1012] skipped=False
2026-08-30 16:48:32,099 | INFO | step=11090/20000 loss=-1.526655 nll=-1.52748 kl=0.0008248985 consistency=0 lambda=0 beta=1 grad=35.78649 horizon=280 lifetime=[453,1007] skipped=False
2026-08-30 16:48:32,517 | INFO | step=11100/20000 loss=-0.9304188 nll=-0.9307045 kl=0.0002855957 consistency=0 lambda=0 beta=1 grad=37.44379 horizon=280 lifetime=[488,1091] skipped=False
2026-08-30 16:48:32,922 | INFO | step=11110/20000 loss=-0.9682054 nll=-0.9686208 kl=0.0004154444 consistency=0 lambda=0 beta=1 grad=92.81303 horizon=120 lifetime=[461,841] skipped=False
2026-08-30 16:48:33,445 | INFO | step=11120/20000 loss=-0.033599 nll=-0.03568657 kl=0.002087563 consistency=0 lambda=0 beta=1 grad=71.04768 horizon=100 lifetime=[687,1055] skipped=False
2026-08-30 16:48:33,814 | INFO | step=11130/20000 loss=-0.5366111 nll=-0.5377188 kl=0.001107693 consistency=0 lambda=0 beta=1 grad=129.785 horizon=180 lifetime=[501,1313] skipped=False
2026-08-30 16:48:34,174 | INFO | step=11140/20000 loss=-1.290263 nll=-1.290565 kl=0.0003027618 consistency=0 lambda=0 beta=1 grad=55.14349 horizon=240 lifetime=[491,1091] skipped=False
2026-08-30 16:48:34,550 | INFO | step=11150/20000 loss=-1.313308 nll=-1.313683 kl=0.0003750622 consistency=0 lambda=0 beta=1 grad=149.7044 horizon=260 lifetime=[486,1061] skipped=False
2026-08-30 16:48:34,937 | INFO | step=11160/20000 loss=-0.9168295 nll=-0.9177971 kl=0.0009676218 consistency=0 lambda=0 beta=1 grad=229.6056 horizon=260 lifetime=[428,988] skipped=False
2026-08-30 16:48:35,364 | INFO | step=11170/20000 loss=-1.056356 nll=-1.056828 kl=0.0004712343 consistency=0 lambda=0 beta=1 grad=225.777 horizon=240 lifetime=[460,1007] skipped=False
2026-08-30 16:48:35,760 | INFO | step=11180/20000 loss=-1.146682 nll=-1.147492 kl=0.0008104444 consistency=0 lambda=0 beta=1 grad=58.89817 horizon=200 lifetime=[477,1705] skipped=False
2026-08-30 16:48:36,205 | INFO | step=11190/20000 loss=-1.663702 nll=-1.665372 kl=0.001669943 consistency=0 lambda=0 beta=1 grad=34.52015 horizon=300 lifetime=[470,1313] skipped=False
2026-08-30 16:48:36,611 | INFO | step=11200/20000 loss=-1.711378 nll=-1.712588 kl=0.001210243 consistency=0 lambda=0 beta=1 grad=135.5976 horizon=300 lifetime=[460,1858] skipped=False
2026-08-30 16:48:36,981 | INFO | step=11210/20000 loss=-0.7000799 nll=-0.7010092 kl=0.0009292662 consistency=0 lambda=0 beta=1 grad=250.0547 horizon=180 lifetime=[428,930] skipped=False
2026-08-30 16:48:37,355 | INFO | step=11220/20000 loss=-1.330148 nll=-1.330732 kl=0.0005834103 consistency=0 lambda=0 beta=1 grad=93.52827 horizon=220 lifetime=[453,2154] skipped=False
2026-08-30 16:48:37,769 | INFO | step=11230/20000 loss=-0.6353567 nll=-0.6364527 kl=0.00109598 consistency=0 lambda=0 beta=1 grad=41.89842 horizon=140 lifetime=[501,1282] skipped=False
2026-08-30 16:48:38,159 | INFO | step=11240/20000 loss=-1.4743 nll=-1.47514 kl=0.0008399785 consistency=0 lambda=0 beta=1 grad=160.067 horizon=280 lifetime=[437,826] skipped=False
2026-08-30 16:48:38,554 | INFO | step=11250/20000 loss=-1.050035 nll=-1.051283 kl=0.001248837 consistency=0 lambda=0 beta=1 grad=22.95 horizon=100 lifetime=[437,1052] skipped=False
2026-08-30 16:48:38,937 | INFO | step=11260/20000 loss=-1.323883 nll=-1.324305 kl=0.0004227757 consistency=0 lambda=0 beta=1 grad=166.7339 horizon=260 lifetime=[460,1061] skipped=False
2026-08-30 16:48:39,335 | INFO | step=11270/20000 loss=-1.686929 nll=-1.688055 kl=0.001125962 consistency=0 lambda=0 beta=1 grad=41.38125 horizon=220 lifetime=[442,1154] skipped=False
2026-08-30 16:48:39,724 | INFO | step=11280/20000 loss=-1.114174 nll=-1.114821 kl=0.0006465018 consistency=0 lambda=0 beta=1 grad=172.597 horizon=240 lifetime=[498,1045] skipped=False
2026-08-30 16:48:40,156 | INFO | step=11290/20000 loss=-1.741636 nll=-1.7423 kl=0.0006636679 consistency=0 lambda=0 beta=1 grad=24.54265 horizon=240 lifetime=[491,933] skipped=False
2026-08-30 16:48:40,549 | INFO | step=11300/20000 loss=-0.5585806 nll=-0.5590507 kl=0.0004701018 consistency=0 lambda=0 beta=1 grad=201.9007 horizon=200 lifetime=[470,1045] skipped=False
2026-08-30 16:48:40,937 | INFO | step=11310/20000 loss=-0.557669 nll=-0.5589018 kl=0.001232743 consistency=0 lambda=0 beta=1 grad=204.3943 horizon=160 lifetime=[460,921] skipped=False
2026-08-30 16:48:41,341 | INFO | step=11320/20000 loss=-1.492333 nll=-1.492641 kl=0.0003088415 consistency=0 lambda=0 beta=1 grad=43.99683 horizon=220 lifetime=[498,2154] skipped=False
2026-08-30 16:48:41,697 | INFO | step=11330/20000 loss=-1.272939 nll=-1.273925 kl=0.000985682 consistency=0 lambda=0 beta=1 grad=68.24287 horizon=140 lifetime=[533,1007] skipped=False
2026-08-30 16:48:42,085 | INFO | step=11340/20000 loss=-0.9031625 nll=-0.9037323 kl=0.0005697608 consistency=0 lambda=0 beta=1 grad=55.54736 horizon=200 lifetime=[491,891] skipped=False
2026-08-30 16:48:42,438 | INFO | step=11350/20000 loss=0.2573703 nll=0.2569793 kl=0.0003910065 consistency=0 lambda=0 beta=1 grad=230.2281 horizon=200 lifetime=[460,988] skipped=False
2026-08-30 16:48:42,845 | INFO | step=11360/20000 loss=-0.4294749 nll=-0.4300212 kl=0.000546217 consistency=0 lambda=0 beta=1 grad=61.93185 horizon=120 lifetime=[622,1282] skipped=False
2026-08-30 16:48:43,207 | INFO | step=11370/20000 loss=-0.8545462 nll=-0.8553351 kl=0.0007888973 consistency=0 lambda=0 beta=1 grad=66.96133 horizon=100 lifetime=[460,1705] skipped=False
2026-08-30 16:48:43,585 | INFO | step=11380/20000 loss=0.01738967 nll=0.01575832 kl=0.001631349 consistency=0 lambda=0 beta=1 grad=57.92852 horizon=100 lifetime=[476,1858] skipped=False
2026-08-30 16:48:43,973 | INFO | step=11390/20000 loss=-1.74859 nll=-1.749148 kl=0.0005578995 consistency=0 lambda=0 beta=1 grad=113.6663 horizon=200 lifetime=[453,826] skipped=False
2026-08-30 16:48:44,385 | INFO | step=11400/20000 loss=-1.153052 nll=-1.153611 kl=0.0005593002 consistency=0 lambda=0 beta=1 grad=139.4791 horizon=180 lifetime=[477,1091] skipped=False
2026-08-30 16:48:44,804 | INFO | step=11410/20000 loss=-1.095678 nll=-1.096376 kl=0.0006978214 consistency=0 lambda=0 beta=1 grad=138.5353 horizon=240 lifetime=[498,1282] skipped=False
2026-08-30 16:48:45,214 | INFO | step=11420/20000 loss=-0.4281756 nll=-0.4294485 kl=0.001272857 consistency=0 lambda=0 beta=1 grad=246.3808 horizon=160 lifetime=[428,1061] skipped=False
2026-08-30 16:48:45,646 | INFO | step=11430/20000 loss=-0.7864794 nll=-0.786937 kl=0.0004575849 consistency=0 lambda=0 beta=1 grad=124.429 horizon=160 lifetime=[453,1705] skipped=False
2026-08-30 16:48:46,077 | INFO | step=11440/20000 loss=-0.8565191 nll=-0.8568541 kl=0.0003350675 consistency=0 lambda=0 beta=1 grad=197.8507 horizon=240 lifetime=[460,1858] skipped=False
2026-08-30 16:48:46,470 | INFO | step=11450/20000 loss=-0.885129 nll=-0.8860769 kl=0.0009478331 consistency=0 lambda=0 beta=1 grad=156.8397 horizon=180 lifetime=[334,794] skipped=False
2026-08-30 16:48:46,926 | INFO | step=11460/20000 loss=-0.996106 nll=-0.9963301 kl=0.0002241433 consistency=0 lambda=0 beta=1 grad=194.872 horizon=300 lifetime=[462,1858] skipped=False
2026-08-30 16:48:47,362 | INFO | step=11470/20000 loss=0.3107944 nll=0.3101057 kl=0.0006887019 consistency=0 lambda=0 beta=1 grad=254.9447 horizon=100 lifetime=[428,826] skipped=False
2026-08-30 16:48:47,734 | INFO | step=11480/20000 loss=-0.4721369 nll=-0.473755 kl=0.001618147 consistency=0 lambda=0 beta=1 grad=39.77097 horizon=100 lifetime=[476,2237] skipped=False
2026-08-30 16:48:48,120 | INFO | step=11490/20000 loss=-0.6315185 nll=-0.6324547 kl=0.0009361506 consistency=0 lambda=0 beta=1 grad=168.8959 horizon=280 lifetime=[465,1282] skipped=False
2026-08-30 16:48:48,814 | INFO | validation step=11500 rmse=142.9823 best=110.7624@9500 stale=4/10
2026-08-30 16:48:48,814 | INFO | step=11500/20000 loss=-0.4119452 nll=-0.4132009 kl=0.001255751 consistency=0 lambda=0 beta=1 grad=120.469 horizon=160 lifetime=[560,1282] skipped=False
2026-08-30 16:48:49,273 | INFO | step=11510/20000 loss=-1.581249 nll=-1.581812 kl=0.0005631149 consistency=0 lambda=0 beta=1 grad=109.4047 horizon=220 lifetime=[460,1858] skipped=False
2026-08-30 16:48:49,676 | INFO | step=11520/20000 loss=-1.422948 nll=-1.423523 kl=0.0005744398 consistency=0 lambda=0 beta=1 grad=67.17471 horizon=220 lifetime=[460,1282] skipped=False
2026-08-30 16:48:50,080 | INFO | step=11530/20000 loss=-0.9789017 nll=-0.9794236 kl=0.0005218089 consistency=0 lambda=0 beta=1 grad=79.06551 horizon=240 lifetime=[428,1858] skipped=False
2026-08-30 16:48:50,477 | INFO | step=11540/20000 loss=-1.131144 nll=-1.131876 kl=0.0007320642 consistency=0 lambda=0 beta=1 grad=46.73173 horizon=280 lifetime=[607,1705] skipped=False
2026-08-30 16:48:50,846 | INFO | step=11550/20000 loss=-1.147078 nll=-1.148035 kl=0.0009573698 consistency=0 lambda=0 beta=1 grad=131.9261 horizon=240 lifetime=[428,1313] skipped=False
2026-08-30 16:48:51,255 | INFO | step=11560/20000 loss=1.102491 nll=1.102065 kl=0.0004256368 consistency=0 lambda=0 beta=1 grad=359.1383 horizon=260 lifetime=[460,1052] skipped=False
2026-08-30 16:48:51,683 | INFO | step=11570/20000 loss=-0.1501715 nll=-0.1509659 kl=0.0007943809 consistency=0 lambda=0 beta=1 grad=50.00858 horizon=120 lifetime=[453,2237] skipped=False
2026-08-30 16:48:52,116 | INFO | step=11580/20000 loss=-0.8663988 nll=-0.8669 kl=0.0005011857 consistency=0 lambda=0 beta=1 grad=162.4621 horizon=220 lifetime=[437,1431] skipped=False
2026-08-30 16:48:52,547 | INFO | step=11590/20000 loss=-0.9050831 nll=-0.9062657 kl=0.001182675 consistency=0 lambda=0 beta=1 grad=121.6929 horizon=140 lifetime=[484,1858] skipped=False
2026-08-30 16:48:52,969 | INFO | step=11600/20000 loss=-1.232908 nll=-1.234104 kl=0.001195371 consistency=0 lambda=0 beta=1 grad=152.4811 horizon=180 lifetime=[461,964] skipped=False
2026-08-30 16:48:53,332 | INFO | step=11610/20000 loss=-0.5915698 nll=-0.5928606 kl=0.001290798 consistency=0 lambda=0 beta=1 grad=47.03864 horizon=160 lifetime=[491,2237] skipped=False
2026-08-30 16:48:53,755 | INFO | step=11620/20000 loss=-0.9171172 nll=-0.9176399 kl=0.0005226135 consistency=0 lambda=0 beta=1 grad=323.5749 horizon=200 lifetime=[460,1858] skipped=False
2026-08-30 16:48:54,121 | INFO | step=11630/20000 loss=-0.948063 nll=-0.9483809 kl=0.000317961 consistency=0 lambda=0 beta=1 grad=114.1547 horizon=200 lifetime=[599,1045] skipped=False
2026-08-30 16:48:54,497 | INFO | step=11640/20000 loss=-0.7457073 nll=-0.7462767 kl=0.0005694628 consistency=0 lambda=0 beta=1 grad=83.48898 horizon=160 lifetime=[512,887] skipped=False
2026-08-30 16:48:54,906 | INFO | step=11650/20000 loss=-1.33999 nll=-1.341021 kl=0.00103116 consistency=0 lambda=0 beta=1 grad=55.58371 horizon=180 lifetime=[480,1055] skipped=False
2026-08-30 16:48:55,361 | INFO | step=11660/20000 loss=-0.175763 nll=-0.1764981 kl=0.0007351339 consistency=0 lambda=0 beta=1 grad=73.71304 horizon=100 lifetime=[465,1071] skipped=False
2026-08-30 16:48:55,757 | INFO | step=11670/20000 loss=-1.01782 nll=-1.018244 kl=0.0004242063 consistency=0 lambda=0 beta=1 grad=107.0793 horizon=220 lifetime=[470,1055] skipped=False
2026-08-30 16:48:56,127 | INFO | step=11680/20000 loss=-0.4251983 nll=-0.426194 kl=0.0009956658 consistency=0 lambda=0 beta=1 grad=353.8037 horizon=180 lifetime=[428,1154] skipped=False
2026-08-30 16:48:56,516 | INFO | step=11690/20000 loss=-0.7539985 nll=-0.7543279 kl=0.0003294051 consistency=0 lambda=0 beta=1 grad=59.56365 horizon=160 lifetime=[428,1705] skipped=False
2026-08-30 16:48:56,876 | INFO | step=11700/20000 loss=-0.7001296 nll=-0.7015238 kl=0.001394212 consistency=0 lambda=0 beta=1 grad=262.3169 horizon=300 lifetime=[442,2154] skipped=False
2026-08-30 16:48:57,255 | INFO | step=11710/20000 loss=-0.8620393 nll=-0.8628682 kl=0.0008289218 consistency=0 lambda=0 beta=1 grad=237.3805 horizon=140 lifetime=[482,1061] skipped=False
2026-08-30 16:48:57,641 | INFO | step=11720/20000 loss=-0.4498229 nll=-0.4502158 kl=0.000392884 consistency=0 lambda=0 beta=1 grad=242.418 horizon=140 lifetime=[476,1313] skipped=False
2026-08-30 16:48:58,026 | INFO | step=11730/20000 loss=-1.152402 nll=-1.15301 kl=0.0006088018 consistency=0 lambda=0 beta=1 grad=44.81825 horizon=280 lifetime=[453,1313] skipped=False
2026-08-30 16:48:58,398 | INFO | step=11740/20000 loss=-1.520998 nll=-1.521536 kl=0.0005386472 consistency=0 lambda=0 beta=1 grad=99.58984 horizon=280 lifetime=[470,863] skipped=False
2026-08-30 16:48:58,781 | INFO | step=11750/20000 loss=-0.3707103 nll=-0.3727394 kl=0.002029121 consistency=0 lambda=0 beta=1 grad=33.81997 horizon=100 lifetime=[533,1705] skipped=False
2026-08-30 16:48:59,191 | INFO | step=11760/20000 loss=-1.27024 nll=-1.271158 kl=0.0009183884 consistency=0 lambda=0 beta=1 grad=159.6108 horizon=280 lifetime=[465,1012] skipped=False
2026-08-30 16:48:59,638 | INFO | step=11770/20000 loss=-0.06448707 nll=-0.06471947 kl=0.0002323985 consistency=0 lambda=0 beta=1 grad=268.4717 horizon=260 lifetime=[480,2237] skipped=False
2026-08-30 16:49:00,007 | INFO | step=11780/20000 loss=-0.4969693 nll=-0.4974025 kl=0.000433296 consistency=0 lambda=0 beta=1 grad=129.3899 horizon=120 lifetime=[486,1705] skipped=False
2026-08-30 16:49:00,391 | INFO | step=11790/20000 loss=-0.7565749 nll=-0.7579975 kl=0.001422673 consistency=0 lambda=0 beta=1 grad=26.33931 horizon=160 lifetime=[486,2154] skipped=False
2026-08-30 16:49:00,793 | INFO | step=11800/20000 loss=1.687901 nll=1.686122 kl=0.001779824 consistency=0 lambda=0 beta=1 grad=726.1158 horizon=140 lifetime=[428,863] skipped=False
2026-08-30 16:49:01,181 | INFO | step=11810/20000 loss=-0.474957 nll=-0.4762188 kl=0.001261801 consistency=0 lambda=0 beta=1 grad=266.3605 horizon=300 lifetime=[526,1055] skipped=False
2026-08-30 16:49:01,561 | INFO | step=11820/20000 loss=-1.040996 nll=-1.041565 kl=0.0005689561 consistency=0 lambda=0 beta=1 grad=119.682 horizon=240 lifetime=[491,2154] skipped=False
2026-08-30 16:49:01,969 | INFO | step=11830/20000 loss=-1.28421 nll=-1.28473 kl=0.0005202889 consistency=0 lambda=0 beta=1 grad=147.8699 horizon=300 lifetime=[453,1154] skipped=False
2026-08-30 16:49:02,384 | INFO | step=11840/20000 loss=-0.832779 nll=-0.8334517 kl=0.0006727278 consistency=0 lambda=0 beta=1 grad=150.3964 horizon=280 lifetime=[557,1282] skipped=False
2026-08-30 16:49:02,837 | INFO | step=11850/20000 loss=1.265984 nll=1.265729 kl=0.0002549887 consistency=0 lambda=0 beta=1 grad=551.4593 horizon=280 lifetime=[428,1052] skipped=False
2026-08-30 16:49:03,209 | INFO | step=11860/20000 loss=-0.136935 nll=-0.1376196 kl=0.0006845295 consistency=0 lambda=0 beta=1 grad=152.9005 horizon=120 lifetime=[491,2237] skipped=False
2026-08-30 16:49:03,611 | INFO | step=11870/20000 loss=-1.8067 nll=-1.807344 kl=0.0006445944 consistency=0 lambda=0 beta=1 grad=169.3623 horizon=220 lifetime=[460,847] skipped=False
2026-08-30 16:49:04,015 | INFO | step=11880/20000 loss=-1.318507 nll=-1.319376 kl=0.000869453 consistency=0 lambda=0 beta=1 grad=227.9995 horizon=280 lifetime=[428,988] skipped=False
2026-08-30 16:49:04,400 | INFO | step=11890/20000 loss=-1.017729 nll=-1.018507 kl=0.0007783175 consistency=0 lambda=0 beta=1 grad=50.20338 horizon=260 lifetime=[501,1012] skipped=False
2026-08-30 16:49:04,796 | INFO | step=11900/20000 loss=-1.257844 nll=-1.258242 kl=0.0003975034 consistency=0 lambda=0 beta=1 grad=180.7946 horizon=280 lifetime=[465,863] skipped=False
2026-08-30 16:49:05,209 | INFO | step=11910/20000 loss=-0.9426128 nll=-0.9431076 kl=0.000494808 consistency=0 lambda=0 beta=1 grad=82.08691 horizon=140 lifetime=[428,1705] skipped=False
2026-08-30 16:49:05,589 | INFO | step=11920/20000 loss=-1.503507 nll=-1.504938 kl=0.001430839 consistency=0 lambda=0 beta=1 grad=94.5379 horizon=300 lifetime=[334,988] skipped=False
2026-08-30 16:49:05,990 | INFO | step=11930/20000 loss=-0.8034985 nll=-0.806038 kl=0.002539515 consistency=0 lambda=0 beta=1 grad=38.08658 horizon=120 lifetime=[461,1154] skipped=False
2026-08-30 16:49:06,388 | INFO | step=11940/20000 loss=-0.731294 nll=-0.7323005 kl=0.001006424 consistency=0 lambda=0 beta=1 grad=60.96039 horizon=100 lifetime=[453,1282] skipped=False
2026-08-30 16:49:06,775 | INFO | step=11950/20000 loss=-1.24359 nll=-1.244961 kl=0.001371115 consistency=0 lambda=0 beta=1 grad=93.56824 horizon=300 lifetime=[442,1091] skipped=False
2026-08-30 16:49:07,168 | INFO | step=11960/20000 loss=-1.49843 nll=-1.499391 kl=0.0009610355 consistency=0 lambda=0 beta=1 grad=201.5014 horizon=180 lifetime=[461,964] skipped=False
2026-08-30 16:49:07,565 | INFO | step=11970/20000 loss=-0.6321346 nll=-0.6325842 kl=0.0004496872 consistency=0 lambda=0 beta=1 grad=89.92211 horizon=180 lifetime=[479,1282] skipped=False
2026-08-30 16:49:07,971 | INFO | step=11980/20000 loss=-0.8408226 nll=-0.841512 kl=0.0006893873 consistency=0 lambda=0 beta=1 grad=166.2982 horizon=260 lifetime=[465,868] skipped=False
2026-08-30 16:49:08,371 | INFO | step=11990/20000 loss=-1.087952 nll=-1.088525 kl=0.0005732477 consistency=0 lambda=0 beta=1 grad=169.7422 horizon=240 lifetime=[428,2154] skipped=False
2026-08-30 16:49:09,046 | INFO | validation step=12000 rmse=130.6297 best=110.7624@9500 stale=5/10
2026-08-30 16:49:09,046 | INFO | step=12000/20000 loss=-1.485007 nll=-1.485455 kl=0.0004487038 consistency=0 lambda=0 beta=1 grad=49.44825 horizon=200 lifetime=[462,1045] skipped=False
2026-08-30 16:49:09,552 | INFO | step=12010/20000 loss=0.1827841 nll=0.1823347 kl=0.000449419 consistency=0 lambda=0 beta=1 grad=157.0441 horizon=280 lifetime=[526,1431] skipped=False
2026-08-30 16:49:09,960 | INFO | step=12020/20000 loss=-1.183419 nll=-1.184768 kl=0.001348823 consistency=0 lambda=0 beta=1 grad=77.6522 horizon=120 lifetime=[428,1313] skipped=False
2026-08-30 16:49:10,339 | INFO | step=12030/20000 loss=-0.8295376 nll=-0.8305025 kl=0.0009649098 consistency=0 lambda=0 beta=1 grad=63.42063 horizon=100 lifetime=[476,1091] skipped=False
2026-08-30 16:49:10,684 | INFO | step=12040/20000 loss=-0.74271 nll=-0.7435338 kl=0.0008238554 consistency=0 lambda=0 beta=1 grad=234.8266 horizon=180 lifetime=[461,921] skipped=False
2026-08-30 16:49:11,116 | INFO | step=12050/20000 loss=-1.585548 nll=-1.585967 kl=0.000418961 consistency=0 lambda=0 beta=1 grad=106.617 horizon=240 lifetime=[491,1012] skipped=False
2026-08-30 16:49:11,523 | INFO | step=12060/20000 loss=-1.159311 nll=-1.159736 kl=0.0004249215 consistency=0 lambda=0 beta=1 grad=120.6686 horizon=160 lifetime=[477,1071] skipped=False
2026-08-30 16:49:11,921 | INFO | step=12070/20000 loss=0.1018102 nll=0.1012161 kl=0.0005940795 consistency=0 lambda=0 beta=1 grad=162.0332 horizon=180 lifetime=[437,1313] skipped=False
2026-08-30 16:49:12,337 | INFO | step=12080/20000 loss=-1.717014 nll=-1.717427 kl=0.000413686 consistency=0 lambda=0 beta=1 grad=39.90736 horizon=160 lifetime=[453,828] skipped=False
2026-08-30 16:49:12,739 | INFO | step=12090/20000 loss=-1.728289 nll=-1.729182 kl=0.0008937418 consistency=0 lambda=0 beta=1 grad=50.15165 horizon=300 lifetime=[428,1313] skipped=False
2026-08-30 16:49:13,122 | INFO | step=12100/20000 loss=-0.8868443 nll=-0.8875629 kl=0.0007186234 consistency=0 lambda=0 beta=1 grad=34.16085 horizon=100 lifetime=[476,1705] skipped=False
2026-08-30 16:49:13,534 | INFO | step=12110/20000 loss=-1.084521 nll=-1.085369 kl=0.0008473694 consistency=0 lambda=0 beta=1 grad=79.56088 horizon=220 lifetime=[479,1858] skipped=False
2026-08-30 16:49:13,960 | INFO | step=12120/20000 loss=-1.269098 nll=-1.269592 kl=0.0004934072 consistency=0 lambda=0 beta=1 grad=274.9608 horizon=200 lifetime=[479,1045] skipped=False
2026-08-30 16:49:14,332 | INFO | step=12130/20000 loss=-1.109422 nll=-1.109921 kl=0.0004985332 consistency=0 lambda=0 beta=1 grad=77.82831 horizon=200 lifetime=[480,1858] skipped=False
2026-08-30 16:49:14,759 | INFO | step=12140/20000 loss=-1.809101 nll=-1.809479 kl=0.0003778636 consistency=0 lambda=0 beta=1 grad=23.58528 horizon=300 lifetime=[453,1091] skipped=False
2026-08-30 16:49:15,135 | INFO | step=12150/20000 loss=-0.7717476 nll=-0.7730871 kl=0.001339585 consistency=0 lambda=0 beta=1 grad=44.92631 horizon=120 lifetime=[461,1045] skipped=False
2026-08-30 16:49:15,542 | INFO | step=12160/20000 loss=-0.8475556 nll=-0.8487363 kl=0.001180619 consistency=0 lambda=0 beta=1 grad=36.98956 horizon=180 lifetime=[622,1154] skipped=False
2026-08-30 16:49:15,926 | INFO | step=12170/20000 loss=-1.810404 nll=-1.811133 kl=0.0007290542 consistency=0 lambda=0 beta=1 grad=119.7382 horizon=240 lifetime=[460,874] skipped=False
2026-08-30 16:49:16,296 | INFO | step=12180/20000 loss=-1.063504 nll=-1.064177 kl=0.0006735027 consistency=0 lambda=0 beta=1 grad=118.3316 horizon=160 lifetime=[442,1091] skipped=False
2026-08-30 16:49:16,688 | INFO | step=12190/20000 loss=-1.835632 nll=-1.836041 kl=0.0004096925 consistency=0 lambda=0 beta=1 grad=46.4984 horizon=180 lifetime=[428,988] skipped=False
2026-08-30 16:49:17,086 | INFO | step=12200/20000 loss=-1.422642 nll=-1.42344 kl=0.0007978082 consistency=0 lambda=0 beta=1 grad=125.1509 horizon=240 lifetime=[476,1858] skipped=False
2026-08-30 16:49:17,503 | INFO | step=12210/20000 loss=-0.6562946 nll=-0.6569446 kl=0.0006499588 consistency=0 lambda=0 beta=1 grad=371.4318 horizon=300 lifetime=[461,933] skipped=False
2026-08-30 16:49:17,895 | INFO | step=12220/20000 loss=-1.069066 nll=-1.069736 kl=0.0006703138 consistency=0 lambda=0 beta=1 grad=120.7681 horizon=180 lifetime=[470,1071] skipped=False
2026-08-30 16:49:18,296 | INFO | step=12230/20000 loss=-1.124736 nll=-1.125706 kl=0.0009702146 consistency=0 lambda=0 beta=1 grad=296.6042 horizon=200 lifetime=[505,2154] skipped=False
2026-08-30 16:49:18,685 | INFO | step=12240/20000 loss=-1.624893 nll=-1.625542 kl=0.0006493926 consistency=0 lambda=0 beta=1 grad=29.78105 horizon=240 lifetime=[460,2154] skipped=False
2026-08-30 16:49:19,090 | INFO | step=12250/20000 loss=-1.355928 nll=-1.356631 kl=0.0007035136 consistency=0 lambda=0 beta=1 grad=225.0544 horizon=180 lifetime=[453,2237] skipped=False
2026-08-30 16:49:19,484 | INFO | step=12260/20000 loss=-1.023889 nll=-1.0242 kl=0.0003116131 consistency=0 lambda=0 beta=1 grad=290.7543 horizon=280 lifetime=[476,1282] skipped=False
2026-08-30 16:49:19,853 | INFO | step=12270/20000 loss=-1.930953 nll=-1.931593 kl=0.0006400347 consistency=0 lambda=0 beta=1 grad=91.64393 horizon=280 lifetime=[465,871] skipped=False
2026-08-30 16:49:20,253 | INFO | step=12280/20000 loss=-0.3283352 nll=-0.3301708 kl=0.001835525 consistency=0 lambda=0 beta=1 grad=189.5214 horizon=200 lifetime=[437,1012] skipped=False
2026-08-30 16:49:20,664 | INFO | step=12290/20000 loss=-1.576185 nll=-1.577232 kl=0.001046836 consistency=0 lambda=0 beta=1 grad=43.14101 horizon=180 lifetime=[462,1055] skipped=False
2026-08-30 16:49:21,058 | INFO | step=12300/20000 loss=-1.195871 nll=-1.19619 kl=0.0003198087 consistency=0 lambda=0 beta=1 grad=265.7284 horizon=280 lifetime=[428,1015] skipped=False
2026-08-30 16:49:21,478 | INFO | step=12310/20000 loss=-0.7185855 nll=-0.7188627 kl=0.0002771616 consistency=0 lambda=0 beta=1 grad=165.426 horizon=180 lifetime=[334,2237] skipped=False
2026-08-30 16:49:21,826 | INFO | step=12320/20000 loss=-1.303715 nll=-1.304872 kl=0.00115788 consistency=0 lambda=0 beta=1 grad=94.63519 horizon=160 lifetime=[334,988] skipped=False
2026-08-30 16:49:22,263 | INFO | step=12330/20000 loss=-1.093078 nll=-1.093828 kl=0.0007501543 consistency=0 lambda=0 beta=1 grad=231.1441 horizon=260 lifetime=[428,1313] skipped=False
2026-08-30 16:49:22,686 | INFO | step=12340/20000 loss=-1.144389 nll=-1.145433 kl=0.001044095 consistency=0 lambda=0 beta=1 grad=55.92325 horizon=300 lifetime=[442,988] skipped=False
2026-08-30 16:49:23,122 | INFO | step=12350/20000 loss=-1.502088 nll=-1.502689 kl=0.000600189 consistency=0 lambda=0 beta=1 grad=253.1574 horizon=300 lifetime=[476,1007] skipped=False
2026-08-30 16:49:23,513 | INFO | step=12360/20000 loss=-1.708395 nll=-1.708813 kl=0.0004183054 consistency=0 lambda=0 beta=1 grad=109.6238 horizon=240 lifetime=[461,874] skipped=False
2026-08-30 16:49:23,935 | INFO | step=12370/20000 loss=-1.041111 nll=-1.041931 kl=0.0008201003 consistency=0 lambda=0 beta=1 grad=145.9734 horizon=220 lifetime=[437,988] skipped=False
2026-08-30 16:49:24,306 | INFO | step=12380/20000 loss=0.07297696 nll=0.07231961 kl=0.0006573498 consistency=0 lambda=0 beta=1 grad=443.0034 horizon=220 lifetime=[476,828] skipped=False
2026-08-30 16:49:24,719 | INFO | step=12390/20000 loss=0.1327935 nll=0.1322144 kl=0.0005790293 consistency=0 lambda=0 beta=1 grad=319.3514 horizon=300 lifetime=[488,1705] skipped=False
2026-08-30 16:49:25,109 | INFO | step=12400/20000 loss=-1.070954 nll=-1.072022 kl=0.001067638 consistency=0 lambda=0 beta=1 grad=53.81894 horizon=160 lifetime=[476,1055] skipped=False
2026-08-30 16:49:25,472 | INFO | step=12410/20000 loss=-1.447902 nll=-1.448508 kl=0.0006060898 consistency=0 lambda=0 beta=1 grad=107.9165 horizon=160 lifetime=[462,836] skipped=False
2026-08-30 16:49:25,818 | INFO | step=12420/20000 loss=-0.718067 nll=-0.719718 kl=0.001651019 consistency=0 lambda=0 beta=1 grad=30.6293 horizon=100 lifetime=[462,2154] skipped=False
2026-08-30 16:49:26,248 | INFO | step=12430/20000 loss=-1.790447 nll=-1.791436 kl=0.0009887218 consistency=0 lambda=0 beta=1 grad=86.73294 horizon=260 lifetime=[480,856] skipped=False
2026-08-30 16:49:26,668 | INFO | step=12440/20000 loss=-0.9729711 nll=-0.9760336 kl=0.003062487 consistency=0 lambda=0 beta=1 grad=54.38914 horizon=100 lifetime=[147,1858] skipped=False
2026-08-30 16:49:27,084 | INFO | step=12450/20000 loss=-2.03728 nll=-2.038103 kl=0.0008228719 consistency=0 lambda=0 beta=1 grad=64.35696 horizon=240 lifetime=[461,1061] skipped=False
2026-08-30 16:49:27,495 | INFO | step=12460/20000 loss=-1.77785 nll=-1.778435 kl=0.0005856156 consistency=0 lambda=0 beta=1 grad=298.8498 horizon=240 lifetime=[334,1012] skipped=False
2026-08-30 16:49:27,861 | INFO | step=12470/20000 loss=0.2856387 nll=0.2845718 kl=0.001066893 consistency=0 lambda=0 beta=1 grad=188.8609 horizon=100 lifetime=[437,1012] skipped=False
2026-08-30 16:49:28,255 | INFO | step=12480/20000 loss=-0.6058078 nll=-0.6068394 kl=0.001031607 consistency=0 lambda=0 beta=1 grad=54.37025 horizon=100 lifetime=[428,933] skipped=False
2026-08-30 16:49:28,654 | INFO | step=12490/20000 loss=-0.6177814 nll=-0.6182114 kl=0.0004300177 consistency=0 lambda=0 beta=1 grad=101.6121 horizon=200 lifetime=[557,1055] skipped=False
2026-08-30 16:49:29,333 | INFO | validation step=12500 rmse=132.6344 best=110.7624@9500 stale=6/10
2026-08-30 16:49:29,333 | INFO | step=12500/20000 loss=-0.8714833 nll=-0.872342 kl=0.0008587241 consistency=0 lambda=0 beta=1 grad=176.7044 horizon=180 lifetime=[428,921] skipped=False
2026-08-30 16:49:29,837 | INFO | step=12510/20000 loss=-0.9238627 nll=-0.9252996 kl=0.001436919 consistency=0 lambda=0 beta=1 grad=39.80913 horizon=160 lifetime=[501,1431] skipped=False
2026-08-30 16:49:30,243 | INFO | step=12520/20000 loss=-0.323401 nll=-0.3249293 kl=0.001528323 consistency=0 lambda=0 beta=1 grad=68.85703 horizon=100 lifetime=[656,1015] skipped=False
2026-08-30 16:49:30,698 | INFO | step=12530/20000 loss=-1.227298 nll=-1.227771 kl=0.0004733503 consistency=0 lambda=0 beta=1 grad=52.06816 horizon=220 lifetime=[607,2154] skipped=False
2026-08-30 16:49:31,115 | INFO | step=12540/20000 loss=-1.255815 nll=-1.256459 kl=0.000644356 consistency=0 lambda=0 beta=1 grad=78.61913 horizon=160 lifetime=[437,1052] skipped=False
2026-08-30 16:49:31,462 | INFO | step=12550/20000 loss=-0.4191695 nll=-0.4204667 kl=0.001297206 consistency=0 lambda=0 beta=1 grad=149.3292 horizon=140 lifetime=[437,1431] skipped=False
2026-08-30 16:49:31,840 | INFO | step=12560/20000 loss=-1.479093 nll=-1.479637 kl=0.00054425 consistency=0 lambda=0 beta=1 grad=257.7795 horizon=280 lifetime=[428,891] skipped=False
2026-08-30 16:49:32,229 | INFO | step=12570/20000 loss=-1.069301 nll=-1.070718 kl=0.001416951 consistency=0 lambda=0 beta=1 grad=90.91916 horizon=120 lifetime=[476,891] skipped=False
2026-08-30 16:49:32,623 | INFO | step=12580/20000 loss=-1.593088 nll=-1.593578 kl=0.0004894137 consistency=0 lambda=0 beta=1 grad=33.11536 horizon=300 lifetime=[428,2237] skipped=False
2026-08-30 16:49:33,010 | INFO | step=12590/20000 loss=-1.606565 nll=-1.606933 kl=0.0003673434 consistency=0 lambda=0 beta=1 grad=83.24711 horizon=280 lifetime=[428,933] skipped=False
2026-08-30 16:49:33,426 | INFO | step=12600/20000 loss=-1.439863 nll=-1.441172 kl=0.001308471 consistency=0 lambda=0 beta=1 grad=76.24479 horizon=160 lifetime=[460,964] skipped=False
2026-08-30 16:49:33,774 | INFO | step=12610/20000 loss=-1.133147 nll=-1.133659 kl=0.0005130172 consistency=0 lambda=0 beta=1 grad=71.55727 horizon=220 lifetime=[460,1052] skipped=False
2026-08-30 16:49:34,175 | INFO | step=12620/20000 loss=-1.254122 nll=-1.254832 kl=0.0007098913 consistency=0 lambda=0 beta=1 grad=299.8207 horizon=300 lifetime=[476,2154] skipped=False
2026-08-30 16:49:34,566 | INFO | step=12630/20000 loss=-1.398513 nll=-1.399425 kl=0.000911355 consistency=0 lambda=0 beta=1 grad=175.0869 horizon=200 lifetime=[599,1012] skipped=False
2026-08-30 16:49:34,906 | INFO | step=12640/20000 loss=-1.044417 nll=-1.045159 kl=0.0007420182 consistency=0 lambda=0 beta=1 grad=102.2038 horizon=280 lifetime=[428,2237] skipped=False
2026-08-30 16:49:35,344 | INFO | step=12650/20000 loss=-1.589281 nll=-1.590118 kl=0.0008368194 consistency=0 lambda=0 beta=1 grad=130.6094 horizon=240 lifetime=[428,964] skipped=False
2026-08-30 16:49:35,739 | INFO | step=12660/20000 loss=-1.673422 nll=-1.674884 kl=0.001461834 consistency=0 lambda=0 beta=1 grad=51.5348 horizon=240 lifetime=[607,2237] skipped=False
2026-08-30 16:49:36,142 | INFO | step=12670/20000 loss=-0.883419 nll=-0.8842326 kl=0.000813663 consistency=0 lambda=0 beta=1 grad=101.6063 horizon=100 lifetime=[460,1858] skipped=False
2026-08-30 16:49:36,530 | INFO | step=12680/20000 loss=-1.496393 nll=-1.49717 kl=0.000777483 consistency=0 lambda=0 beta=1 grad=84.21595 horizon=180 lifetime=[484,1015] skipped=False
2026-08-30 16:49:36,915 | INFO | step=12690/20000 loss=-0.5952762 nll=-0.595759 kl=0.0004827976 consistency=0 lambda=0 beta=1 grad=289.0249 horizon=260 lifetime=[442,1154] skipped=False
2026-08-30 16:49:37,277 | INFO | step=12700/20000 loss=-0.5004905 nll=-0.5021363 kl=0.001645863 consistency=0 lambda=0 beta=1 grad=109.7526 horizon=140 lifetime=[428,2237] skipped=False
2026-08-30 16:49:37,671 | INFO | step=12710/20000 loss=-0.8037933 nll=-0.8047603 kl=0.0009670556 consistency=0 lambda=0 beta=1 grad=33.49104 horizon=120 lifetime=[470,1313] skipped=False
2026-08-30 16:49:38,031 | INFO | step=12720/20000 loss=-1.076865 nll=-1.077187 kl=0.0003219843 consistency=0 lambda=0 beta=1 grad=72.2169 horizon=140 lifetime=[465,1091] skipped=False
2026-08-30 16:49:38,459 | INFO | step=12730/20000 loss=-0.7738676 nll=-0.7750599 kl=0.001192331 consistency=0 lambda=0 beta=1 grad=416.6869 horizon=260 lifetime=[428,1091] skipped=False
2026-08-30 16:49:38,889 | INFO | step=12740/20000 loss=-1.174356 nll=-1.174755 kl=0.0003984869 consistency=0 lambda=0 beta=1 grad=224.1964 horizon=220 lifetime=[476,1012] skipped=False
2026-08-30 16:49:39,279 | INFO | step=12750/20000 loss=-1.234071 nll=-1.235925 kl=0.001853824 consistency=0 lambda=0 beta=1 grad=51.46989 horizon=100 lifetime=[147,1313] skipped=False
2026-08-30 16:49:39,661 | INFO | step=12760/20000 loss=-0.2647715 nll=-0.265569 kl=0.0007974803 consistency=0 lambda=0 beta=1 grad=287.1888 horizon=220 lifetime=[597,1154] skipped=False
2026-08-30 16:49:40,066 | INFO | step=12770/20000 loss=-1.422689 nll=-1.42326 kl=0.0005704761 consistency=0 lambda=0 beta=1 grad=118.7139 horizon=180 lifetime=[437,1091] skipped=False
2026-08-30 16:49:40,475 | INFO | step=12780/20000 loss=-1.539733 nll=-1.540079 kl=0.0003459454 consistency=0 lambda=0 beta=1 grad=247.6055 horizon=180 lifetime=[442,964] skipped=False
2026-08-30 16:49:40,843 | INFO | step=12790/20000 loss=-1.144852 nll=-1.145382 kl=0.0005296469 consistency=0 lambda=0 beta=1 grad=194.6255 horizon=280 lifetime=[482,2154] skipped=False
2026-08-30 16:49:41,241 | INFO | step=12800/20000 loss=-0.1082019 nll=-0.1100402 kl=0.001838297 consistency=0 lambda=0 beta=1 grad=100.3737 horizon=140 lifetime=[147,1154] skipped=False
2026-08-30 16:49:41,603 | INFO | step=12810/20000 loss=-0.5538596 nll=-0.5544179 kl=0.0005583465 consistency=0 lambda=0 beta=1 grad=102.9118 horizon=140 lifetime=[482,1091] skipped=False
2026-08-30 16:49:42,051 | INFO | step=12820/20000 loss=-1.631753 nll=-1.632241 kl=0.000487864 consistency=0 lambda=0 beta=1 grad=77.71198 horizon=200 lifetime=[505,988] skipped=False
2026-08-30 16:49:42,456 | INFO | step=12830/20000 loss=-0.7174317 nll=-0.7181013 kl=0.0006696284 consistency=0 lambda=0 beta=1 grad=70.92204 horizon=260 lifetime=[622,988] skipped=False
2026-08-30 16:49:42,845 | INFO | step=12840/20000 loss=-1.011189 nll=-1.012188 kl=0.000998795 consistency=0 lambda=0 beta=1 grad=283.6379 horizon=280 lifetime=[486,1052] skipped=False
2026-08-30 16:49:43,285 | INFO | step=12850/20000 loss=-1.607065 nll=-1.607729 kl=0.0006633699 consistency=0 lambda=0 beta=1 grad=48.61768 horizon=300 lifetime=[484,1705] skipped=False
2026-08-30 16:49:43,684 | INFO | step=12860/20000 loss=-0.8876467 nll=-0.8883809 kl=0.0007342994 consistency=0 lambda=0 beta=1 grad=87.73158 horizon=160 lifetime=[428,1007] skipped=False
2026-08-30 16:49:44,082 | INFO | step=12870/20000 loss=-1.178347 nll=-1.179039 kl=0.0006927252 consistency=0 lambda=0 beta=1 grad=108.2622 horizon=240 lifetime=[437,2237] skipped=False
2026-08-30 16:49:44,465 | INFO | step=12880/20000 loss=-1.151279 nll=-1.152002 kl=0.0007227361 consistency=0 lambda=0 beta=1 grad=107.026 horizon=140 lifetime=[476,856] skipped=False
2026-08-30 16:49:44,864 | INFO | step=12890/20000 loss=-1.52794 nll=-1.528404 kl=0.0004634559 consistency=0 lambda=0 beta=1 grad=61.76898 horizon=240 lifetime=[501,1705] skipped=False
2026-08-30 16:49:45,233 | INFO | step=12900/20000 loss=-0.5231324 nll=-0.5243204 kl=0.00118795 consistency=0 lambda=0 beta=1 grad=192.9794 horizon=280 lifetime=[334,2154] skipped=False
2026-08-30 16:49:45,668 | INFO | step=12910/20000 loss=-0.6452024 nll=-0.6458718 kl=0.00066939 consistency=0 lambda=0 beta=1 grad=112.1724 horizon=100 lifetime=[460,877] skipped=False
2026-08-30 16:49:46,052 | INFO | step=12920/20000 loss=-0.8983099 nll=-0.8990527 kl=0.0007428229 consistency=0 lambda=0 beta=1 grad=42.26486 horizon=140 lifetime=[501,1071] skipped=False
2026-08-30 16:49:46,434 | INFO | step=12930/20000 loss=-1.750144 nll=-1.750641 kl=0.0004970431 consistency=0 lambda=0 beta=1 grad=87.59926 horizon=180 lifetime=[428,1705] skipped=False
2026-08-30 16:49:46,849 | INFO | step=12940/20000 loss=1.492405 nll=1.491949 kl=0.0004567504 consistency=0 lambda=0 beta=1 grad=419.269 horizon=260 lifetime=[501,1431] skipped=False
2026-08-30 16:49:47,244 | INFO | step=12950/20000 loss=-1.493942 nll=-1.494911 kl=0.0009695292 consistency=0 lambda=0 beta=1 grad=138.0048 horizon=220 lifetime=[465,1313] skipped=False
2026-08-30 16:49:47,642 | INFO | step=12960/20000 loss=-0.3608409 nll=-0.3615111 kl=0.0006701052 consistency=0 lambda=0 beta=1 grad=70.80941 horizon=140 lifetime=[480,1061] skipped=False
2026-08-30 16:49:48,024 | INFO | step=12970/20000 loss=-1.105118 nll=-1.10727 kl=0.002151936 consistency=0 lambda=0 beta=1 grad=47.16144 horizon=100 lifetime=[442,1012] skipped=False
2026-08-30 16:49:48,424 | INFO | step=12980/20000 loss=0.08106074 nll=0.0800854 kl=0.0009753406 consistency=0 lambda=0 beta=1 grad=380.6872 horizon=280 lifetime=[491,2237] skipped=False
2026-08-30 16:49:48,806 | INFO | step=12990/20000 loss=-0.7858565 nll=-0.7863651 kl=0.0005086362 consistency=0 lambda=0 beta=1 grad=148.1575 horizon=220 lifetime=[476,1313] skipped=False
2026-08-30 16:49:49,466 | INFO | validation step=13000 rmse=138.7816 best=110.7624@9500 stale=7/10
2026-08-30 16:49:49,466 | INFO | step=13000/20000 loss=-1.172429 nll=-1.173003 kl=0.0005735457 consistency=0 lambda=0 beta=1 grad=110.3581 horizon=220 lifetime=[334,2237] skipped=False
2026-08-30 16:49:49,979 | INFO | step=13010/20000 loss=-1.220587 nll=-1.221322 kl=0.0007347763 consistency=0 lambda=0 beta=1 grad=160.2284 horizon=220 lifetime=[465,1282] skipped=False
2026-08-30 16:49:50,438 | INFO | step=13020/20000 loss=-1.570351 nll=-1.571169 kl=0.0008181036 consistency=0 lambda=0 beta=1 grad=142.6381 horizon=280 lifetime=[470,1071] skipped=False
2026-08-30 16:49:50,869 | INFO | step=13030/20000 loss=-1.382346 nll=-1.38325 kl=0.0009041131 consistency=0 lambda=0 beta=1 grad=112.2431 horizon=180 lifetime=[460,887] skipped=False
2026-08-30 16:49:51,243 | INFO | step=13040/20000 loss=-1.595374 nll=-1.596307 kl=0.0009330213 consistency=0 lambda=0 beta=1 grad=82.14771 horizon=240 lifetime=[476,933] skipped=False
2026-08-30 16:49:51,682 | INFO | step=13050/20000 loss=-0.9957108 nll=-0.9972482 kl=0.001537353 consistency=0 lambda=0 beta=1 grad=104.9461 horizon=180 lifetime=[560,1154] skipped=False
2026-08-30 16:49:52,113 | INFO | step=13060/20000 loss=-1.306721 nll=-1.307336 kl=0.0006151497 consistency=0 lambda=0 beta=1 grad=50.58165 horizon=180 lifetime=[488,2154] skipped=False
2026-08-30 16:49:52,525 | INFO | step=13070/20000 loss=-0.9818091 nll=-0.9823353 kl=0.00052616 consistency=0 lambda=0 beta=1 grad=63.33937 horizon=140 lifetime=[482,921] skipped=False
2026-08-30 16:49:52,914 | INFO | step=13080/20000 loss=-0.8884976 nll=-0.8892481 kl=0.0007505119 consistency=0 lambda=0 beta=1 grad=98.27804 horizon=160 lifetime=[526,1705] skipped=False
2026-08-30 16:49:53,318 | INFO | step=13090/20000 loss=-1.174556 nll=-1.174926 kl=0.000369817 consistency=0 lambda=0 beta=1 grad=122.9951 horizon=200 lifetime=[533,1313] skipped=False
2026-08-30 16:49:53,734 | INFO | step=13100/20000 loss=-1.122655 nll=-1.123619 kl=0.0009640157 consistency=0 lambda=0 beta=1 grad=319.6799 horizon=220 lifetime=[437,1154] skipped=False
2026-08-30 16:49:54,160 | INFO | step=13110/20000 loss=-1.868533 nll=-1.86886 kl=0.0003264546 consistency=0 lambda=0 beta=1 grad=89.06412 horizon=260 lifetime=[476,938] skipped=False
2026-08-30 16:49:54,558 | INFO | step=13120/20000 loss=-1.770748 nll=-1.772389 kl=0.001641393 consistency=0 lambda=0 beta=1 grad=220.1513 horizon=200 lifetime=[442,2154] skipped=False
2026-08-30 16:49:54,948 | INFO | step=13130/20000 loss=-0.5004311 nll=-0.5012004 kl=0.0007692575 consistency=0 lambda=0 beta=1 grad=56.82151 horizon=120 lifetime=[465,887] skipped=False
2026-08-30 16:49:55,359 | INFO | step=13140/20000 loss=-2.062189 nll=-2.06364 kl=0.001450777 consistency=0 lambda=0 beta=1 grad=66.12254 horizon=220 lifetime=[442,933] skipped=False
2026-08-30 16:49:55,746 | INFO | step=13150/20000 loss=-0.4207988 nll=-0.4214952 kl=0.0006964505 consistency=0 lambda=0 beta=1 grad=261.7498 horizon=140 lifetime=[428,988] skipped=False
2026-08-30 16:49:56,135 | INFO | step=13160/20000 loss=-1.383413 nll=-1.384131 kl=0.0007178485 consistency=0 lambda=0 beta=1 grad=228.5515 horizon=160 lifetime=[512,1091] skipped=False
2026-08-30 16:49:56,547 | INFO | step=13170/20000 loss=-1.017427 nll=-1.018242 kl=0.0008157492 consistency=0 lambda=0 beta=1 grad=62.77058 horizon=120 lifetime=[462,2237] skipped=False
2026-08-30 16:49:56,935 | INFO | step=13180/20000 loss=-1.244491 nll=-1.2457 kl=0.001209199 consistency=0 lambda=0 beta=1 grad=68.04583 horizon=100 lifetime=[334,858] skipped=False
2026-08-30 16:49:57,360 | INFO | step=13190/20000 loss=-0.1126811 nll=-0.114217 kl=0.001535863 consistency=0 lambda=0 beta=1 grad=385.7436 horizon=120 lifetime=[460,988] skipped=False
2026-08-30 16:49:57,846 | INFO | step=13200/20000 loss=-0.8671736 nll=-0.8676564 kl=0.0004827976 consistency=0 lambda=0 beta=1 grad=194.7616 horizon=300 lifetime=[470,1045] skipped=False
2026-08-30 16:49:58,237 | INFO | step=13210/20000 loss=-1.065956 nll=-1.066342 kl=0.0003864765 consistency=0 lambda=0 beta=1 grad=52.95754 horizon=220 lifetime=[707,1313] skipped=False
2026-08-30 16:49:58,645 | INFO | step=13220/20000 loss=-1.000099 nll=-1.000803 kl=0.0007047951 consistency=0 lambda=0 beta=1 grad=73.52706 horizon=160 lifetime=[470,2237] skipped=False
2026-08-30 16:49:59,094 | INFO | step=13230/20000 loss=-1.292821 nll=-1.293606 kl=0.0007846951 consistency=0 lambda=0 beta=1 grad=194.4317 horizon=280 lifetime=[477,1055] skipped=False
2026-08-30 16:49:59,498 | INFO | step=13240/20000 loss=-1.790573 nll=-1.791181 kl=0.0006087124 consistency=0 lambda=0 beta=1 grad=72.80563 horizon=220 lifetime=[476,773] skipped=False
2026-08-30 16:49:59,875 | INFO | step=13250/20000 loss=-1.817264 nll=-1.817559 kl=0.0002949834 consistency=0 lambda=0 beta=1 grad=52.53399 horizon=220 lifetime=[334,1061] skipped=False
2026-08-30 16:50:00,281 | INFO | step=13260/20000 loss=-1.418745 nll=-1.419183 kl=0.0004378259 consistency=0 lambda=0 beta=1 grad=212.8275 horizon=260 lifetime=[477,1055] skipped=False
2026-08-30 16:50:00,657 | INFO | step=13270/20000 loss=-1.445347 nll=-1.445834 kl=0.000487268 consistency=0 lambda=0 beta=1 grad=70.85031 horizon=260 lifetime=[480,1007] skipped=False
2026-08-30 16:50:01,063 | INFO | step=13280/20000 loss=-0.8164586 nll=-0.8168445 kl=0.0003858507 consistency=0 lambda=0 beta=1 grad=236.0862 horizon=200 lifetime=[476,1091] skipped=False
2026-08-30 16:50:01,493 | INFO | step=13290/20000 loss=-1.299793 nll=-1.300105 kl=0.0003123283 consistency=0 lambda=0 beta=1 grad=50.75877 horizon=140 lifetime=[494,2237] skipped=False
2026-08-30 16:50:01,931 | INFO | step=13300/20000 loss=-1.249139 nll=-1.249998 kl=0.0008594096 consistency=0 lambda=0 beta=1 grad=77.65796 horizon=300 lifetime=[494,1061] skipped=False
2026-08-30 16:50:02,365 | INFO | step=13310/20000 loss=-2.002913 nll=-2.003183 kl=0.0002692938 consistency=0 lambda=0 beta=1 grad=24.39916 horizon=220 lifetime=[460,1071] skipped=False
2026-08-30 16:50:02,785 | INFO | step=13320/20000 loss=-1.00935 nll=-1.010375 kl=0.001024991 consistency=0 lambda=0 beta=1 grad=151.9004 horizon=180 lifetime=[480,1282] skipped=False
2026-08-30 16:50:03,181 | INFO | step=13330/20000 loss=-0.6928528 nll=-0.6935624 kl=0.0007096529 consistency=0 lambda=0 beta=1 grad=163.3165 horizon=120 lifetime=[479,1154] skipped=False
2026-08-30 16:50:03,583 | INFO | step=13340/20000 loss=-0.4157137 nll=-0.4163404 kl=0.0006266832 consistency=0 lambda=0 beta=1 grad=385.019 horizon=260 lifetime=[460,921] skipped=False
2026-08-30 16:50:04,030 | INFO | step=13350/20000 loss=-0.9945648 nll=-0.9951594 kl=0.0005946159 consistency=0 lambda=0 beta=1 grad=134.648 horizon=140 lifetime=[428,1091] skipped=False
2026-08-30 16:50:04,425 | INFO | step=13360/20000 loss=-0.8254395 nll=-0.8259431 kl=0.0005035996 consistency=0 lambda=0 beta=1 grad=143.3544 horizon=140 lifetime=[470,2237] skipped=False
2026-08-30 16:50:04,848 | INFO | step=13370/20000 loss=-0.9603122 nll=-0.9613741 kl=0.001061827 consistency=0 lambda=0 beta=1 grad=375.1152 horizon=280 lifetime=[437,1431] skipped=False
2026-08-30 16:50:05,244 | INFO | step=13380/20000 loss=-1.415842 nll=-1.416335 kl=0.0004924238 consistency=0 lambda=0 beta=1 grad=156.0987 horizon=240 lifetime=[334,871] skipped=False
2026-08-30 16:50:05,660 | INFO | step=13390/20000 loss=-0.2597131 nll=-0.2604686 kl=0.0007555485 consistency=0 lambda=0 beta=1 grad=256.833 horizon=280 lifetime=[484,1282] skipped=False
2026-08-30 16:50:06,059 | INFO | step=13400/20000 loss=-1.373411 nll=-1.373714 kl=0.0003029704 consistency=0 lambda=0 beta=1 grad=101.9342 horizon=180 lifetime=[428,1858] skipped=False
2026-08-30 16:50:06,495 | INFO | step=13410/20000 loss=-0.6394607 nll=-0.6397457 kl=0.0002850592 consistency=0 lambda=0 beta=1 grad=269.8829 horizon=300 lifetime=[462,2154] skipped=False
2026-08-30 16:50:06,887 | INFO | step=13420/20000 loss=-1.479306 nll=-1.479813 kl=0.000506103 consistency=0 lambda=0 beta=1 grad=59.67051 horizon=280 lifetime=[470,1858] skipped=False
2026-08-30 16:50:07,325 | INFO | step=13430/20000 loss=-1.338608 nll=-1.33923 kl=0.0006213784 consistency=0 lambda=0 beta=1 grad=111.4717 horizon=200 lifetime=[480,1705] skipped=False
2026-08-30 16:50:07,683 | INFO | step=13440/20000 loss=-1.028456 nll=-1.028924 kl=0.0004676282 consistency=0 lambda=0 beta=1 grad=195.2749 horizon=220 lifetime=[501,1858] skipped=False
2026-08-30 16:50:08,064 | INFO | step=13450/20000 loss=-1.518126 nll=-1.518524 kl=0.0003976226 consistency=0 lambda=0 beta=1 grad=188.2088 horizon=260 lifetime=[460,2154] skipped=False
2026-08-30 16:50:08,487 | INFO | step=13460/20000 loss=-1.630172 nll=-1.630547 kl=0.000374943 consistency=0 lambda=0 beta=1 grad=55.8372 horizon=200 lifetime=[428,1154] skipped=False
2026-08-30 16:50:08,894 | INFO | step=13470/20000 loss=-1.092936 nll=-1.093302 kl=0.0003655255 consistency=0 lambda=0 beta=1 grad=282.0598 horizon=220 lifetime=[428,1282] skipped=False
2026-08-30 16:50:09,313 | INFO | step=13480/20000 loss=-1.12379 nll=-1.124112 kl=0.0003220737 consistency=0 lambda=0 beta=1 grad=125.7279 horizon=300 lifetime=[465,2237] skipped=False
2026-08-30 16:50:09,669 | INFO | step=13490/20000 loss=-0.9361447 nll=-0.9370761 kl=0.0009313524 consistency=0 lambda=0 beta=1 grad=108.0765 horizon=160 lifetime=[486,1858] skipped=False
2026-08-30 16:50:10,328 | INFO | validation step=13500 rmse=128.6183 best=110.7624@9500 stale=8/10
2026-08-30 16:50:10,328 | INFO | step=13500/20000 loss=0.376424 nll=0.375715 kl=0.0007089972 consistency=0 lambda=0 beta=1 grad=172.1215 horizon=100 lifetime=[477,1431] skipped=False
2026-08-30 16:50:10,863 | INFO | step=13510/20000 loss=-1.700468 nll=-1.701135 kl=0.0006674528 consistency=0 lambda=0 beta=1 grad=90.99186 horizon=140 lifetime=[462,823] skipped=False
2026-08-30 16:50:11,241 | INFO | step=13520/20000 loss=-1.714449 nll=-1.715005 kl=0.0005554855 consistency=0 lambda=0 beta=1 grad=239.1292 horizon=260 lifetime=[442,887] skipped=False
2026-08-30 16:50:11,624 | INFO | step=13530/20000 loss=-1.473095 nll=-1.473984 kl=0.000888288 consistency=0 lambda=0 beta=1 grad=146.5987 horizon=300 lifetime=[482,938] skipped=False
2026-08-30 16:50:12,042 | INFO | step=13540/20000 loss=-1.361765 nll=-1.362038 kl=0.000272423 consistency=0 lambda=0 beta=1 grad=241.0516 horizon=260 lifetime=[460,847] skipped=False
2026-08-30 16:50:12,399 | INFO | step=13550/20000 loss=-0.6384988 nll=-0.6400183 kl=0.001519561 consistency=0 lambda=0 beta=1 grad=69.78716 horizon=100 lifetime=[428,1431] skipped=False
2026-08-30 16:50:12,828 | INFO | step=13560/20000 loss=-1.571652 nll=-1.571896 kl=0.000243932 consistency=0 lambda=0 beta=1 grad=86.44567 horizon=220 lifetime=[465,1061] skipped=False
2026-08-30 16:50:13,215 | INFO | step=13570/20000 loss=-0.9807474 nll=-0.9812809 kl=0.0005334616 consistency=0 lambda=0 beta=1 grad=82.41145 horizon=160 lifetime=[482,1313] skipped=False
2026-08-30 16:50:13,586 | INFO | step=13580/20000 loss=-0.7608409 nll=-0.7627361 kl=0.001895249 consistency=0 lambda=0 beta=1 grad=87.83624 horizon=180 lifetime=[614,1052] skipped=False
2026-08-30 16:50:14,018 | INFO | step=13590/20000 loss=-1.501936 nll=-1.502636 kl=0.0006993711 consistency=0 lambda=0 beta=1 grad=35.16785 horizon=220 lifetime=[460,1282] skipped=False
2026-08-30 16:50:14,429 | INFO | step=13600/20000 loss=-1.190616 nll=-1.191164 kl=0.0005477667 consistency=0 lambda=0 beta=1 grad=184.4875 horizon=200 lifetime=[453,1705] skipped=False
2026-08-30 16:50:14,847 | INFO | step=13610/20000 loss=-1.63651 nll=-1.637012 kl=0.0005025566 consistency=0 lambda=0 beta=1 grad=61.20425 horizon=260 lifetime=[557,2154] skipped=False
2026-08-30 16:50:15,268 | INFO | step=13620/20000 loss=-0.9244739 nll=-0.9249766 kl=0.0005026758 consistency=0 lambda=0 beta=1 grad=179.7789 horizon=260 lifetime=[437,2237] skipped=False
2026-08-30 16:50:15,662 | INFO | step=13630/20000 loss=-1.495929 nll=-1.496517 kl=0.0005878806 consistency=0 lambda=0 beta=1 grad=110.4956 horizon=200 lifetime=[461,871] skipped=False
2026-08-30 16:50:16,083 | INFO | step=13640/20000 loss=-0.9223782 nll=-0.9229093 kl=0.0005311072 consistency=0 lambda=0 beta=1 grad=145.3375 horizon=160 lifetime=[428,1055] skipped=False
2026-08-30 16:50:16,491 | INFO | step=13650/20000 loss=-1.464624 nll=-1.465067 kl=0.0004436076 consistency=0 lambda=0 beta=1 grad=76.63066 horizon=160 lifetime=[482,863] skipped=False
2026-08-30 16:50:16,907 | INFO | step=13660/20000 loss=-1.337569 nll=-1.337854 kl=0.0002852976 consistency=0 lambda=0 beta=1 grad=64.57008 horizon=220 lifetime=[462,921] skipped=False
2026-08-30 16:50:17,284 | INFO | step=13670/20000 loss=-1.575866 nll=-1.577288 kl=0.001421452 consistency=0 lambda=0 beta=1 grad=91.5561 horizon=240 lifetime=[442,1052] skipped=False
2026-08-30 16:50:17,654 | INFO | step=13680/20000 loss=-1.260012 nll=-1.261488 kl=0.001475751 consistency=0 lambda=0 beta=1 grad=108.3846 horizon=100 lifetime=[334,2154] skipped=False
2026-08-30 16:50:18,047 | INFO | step=13690/20000 loss=-0.6515827 nll=-0.6518699 kl=0.0002871454 consistency=0 lambda=0 beta=1 grad=283.5913 horizon=160 lifetime=[460,2237] skipped=False
2026-08-30 16:50:18,497 | INFO | step=13700/20000 loss=-1.312726 nll=-1.313092 kl=0.0003662109 consistency=0 lambda=0 beta=1 grad=173.7052 horizon=280 lifetime=[533,2237] skipped=False
2026-08-30 16:50:18,891 | INFO | step=13710/20000 loss=-0.8297421 nll=-0.8313043 kl=0.001562178 consistency=0 lambda=0 beta=1 grad=211.995 horizon=300 lifetime=[428,2154] skipped=False
2026-08-30 16:50:19,300 | INFO | step=13720/20000 loss=-0.6369771 nll=-0.6382834 kl=0.001306266 consistency=0 lambda=0 beta=1 grad=238.9466 horizon=200 lifetime=[774,1061] skipped=False
2026-08-30 16:50:19,679 | INFO | step=13730/20000 loss=-0.7118598 nll=-0.7125355 kl=0.0006756485 consistency=0 lambda=0 beta=1 grad=56.8115 horizon=120 lifetime=[480,1154] skipped=False
2026-08-30 16:50:20,067 | INFO | step=13740/20000 loss=-1.080972 nll=-1.082303 kl=0.001331568 consistency=0 lambda=0 beta=1 grad=178.7214 horizon=160 lifetime=[437,2237] skipped=False
2026-08-30 16:50:20,477 | INFO | step=13750/20000 loss=-1.197805 nll=-1.198268 kl=0.0004629791 consistency=0 lambda=0 beta=1 grad=115.034 horizon=300 lifetime=[614,2154] skipped=False
2026-08-30 16:50:20,931 | INFO | step=13760/20000 loss=-0.7303283 nll=-0.7309139 kl=0.0005856156 consistency=0 lambda=0 beta=1 grad=203.5828 horizon=260 lifetime=[597,1282] skipped=False
2026-08-30 16:50:21,322 | INFO | step=13770/20000 loss=-0.6703296 nll=-0.6710728 kl=0.0007432401 consistency=0 lambda=0 beta=1 grad=115.8275 horizon=100 lifetime=[491,2154] skipped=False
2026-08-30 16:50:21,726 | INFO | step=13780/20000 loss=-1.227254 nll=-1.227828 kl=0.0005747378 consistency=0 lambda=0 beta=1 grad=73.65611 horizon=200 lifetime=[533,1282] skipped=False
2026-08-30 16:50:22,130 | INFO | step=13790/20000 loss=-1.176744 nll=-1.17742 kl=0.0006763637 consistency=0 lambda=0 beta=1 grad=168.4033 horizon=120 lifetime=[147,1154] skipped=False
2026-08-30 16:50:22,532 | INFO | step=13800/20000 loss=-1.185624 nll=-1.186457 kl=0.0008332133 consistency=0 lambda=0 beta=1 grad=223.9065 horizon=300 lifetime=[334,1055] skipped=False
2026-08-30 16:50:22,956 | INFO | step=13810/20000 loss=-1.179122 nll=-1.179998 kl=0.0008758903 consistency=0 lambda=0 beta=1 grad=90.68457 horizon=140 lifetime=[442,1052] skipped=False
2026-08-30 16:50:23,332 | INFO | step=13820/20000 loss=-1.685666 nll=-1.6862 kl=0.0005333722 consistency=0 lambda=0 beta=1 grad=77.89548 horizon=220 lifetime=[461,2237] skipped=False
2026-08-30 16:50:23,724 | INFO | step=13830/20000 loss=0.1551739 nll=0.1539824 kl=0.001191437 consistency=0 lambda=0 beta=1 grad=203.5885 horizon=140 lifetime=[656,1313] skipped=False
2026-08-30 16:50:24,139 | INFO | step=13840/20000 loss=-1.300239 nll=-1.300588 kl=0.0003492236 consistency=0 lambda=0 beta=1 grad=74.78 horizon=180 lifetime=[460,1858] skipped=False
2026-08-30 16:50:24,526 | INFO | step=13850/20000 loss=-0.663969 nll=-0.6644712 kl=0.0005021691 consistency=0 lambda=0 beta=1 grad=28.51563 horizon=120 lifetime=[476,1431] skipped=False
2026-08-30 16:50:24,920 | INFO | step=13860/20000 loss=-2.070608 nll=-2.07115 kl=0.0005423725 consistency=0 lambda=0 beta=1 grad=33.68531 horizon=280 lifetime=[437,823] skipped=False
2026-08-30 16:50:25,334 | INFO | step=13870/20000 loss=-1.510162 nll=-1.511551 kl=0.001388341 consistency=0 lambda=0 beta=1 grad=112.6835 horizon=160 lifetime=[334,2237] skipped=False
2026-08-30 16:50:25,713 | INFO | step=13880/20000 loss=-1.06483 nll=-1.06543 kl=0.0006006658 consistency=0 lambda=0 beta=1 grad=115.6036 horizon=140 lifetime=[465,869] skipped=False
2026-08-30 16:50:26,111 | INFO | step=13890/20000 loss=-1.829309 nll=-1.829568 kl=0.0002587438 consistency=0 lambda=0 beta=1 grad=48.113 horizon=240 lifetime=[476,1313] skipped=False
2026-08-30 16:50:26,482 | INFO | step=13900/20000 loss=-1.131312 nll=-1.131946 kl=0.0006341636 consistency=0 lambda=0 beta=1 grad=98.7643 horizon=280 lifetime=[453,2154] skipped=False
2026-08-30 16:50:26,867 | INFO | step=13910/20000 loss=-0.9748031 nll=-0.975632 kl=0.0008289218 consistency=0 lambda=0 beta=1 grad=134.4616 horizon=120 lifetime=[465,1091] skipped=False
2026-08-30 16:50:27,445 | INFO | step=13920/20000 loss=-0.9949229 nll=-0.9953814 kl=0.0004584789 consistency=0 lambda=0 beta=1 grad=133.9044 horizon=240 lifetime=[633,1705] skipped=False
2026-08-30 16:50:27,824 | INFO | step=13930/20000 loss=-0.9303685 nll=-0.9311187 kl=0.0007501841 consistency=0 lambda=0 beta=1 grad=255.4706 horizon=280 lifetime=[461,1071] skipped=False
2026-08-30 16:50:28,241 | INFO | step=13940/20000 loss=-1.551548 nll=-1.551955 kl=0.0004071593 consistency=0 lambda=0 beta=1 grad=75.31104 horizon=220 lifetime=[428,1705] skipped=False
2026-08-30 16:50:28,597 | INFO | step=13950/20000 loss=-0.8872462 nll=-0.8879957 kl=0.0007495284 consistency=0 lambda=0 beta=1 grad=41.98531 horizon=100 lifetime=[437,1154] skipped=False
2026-08-30 16:50:28,975 | INFO | step=13960/20000 loss=-1.443508 nll=-1.444738 kl=0.001230329 consistency=0 lambda=0 beta=1 grad=73.73927 horizon=160 lifetime=[460,2237] skipped=False
2026-08-30 16:50:29,401 | INFO | step=13970/20000 loss=-1.846009 nll=-1.846469 kl=0.0004606545 consistency=0 lambda=0 beta=1 grad=194.3651 horizon=260 lifetime=[442,1282] skipped=False
2026-08-30 16:50:29,799 | INFO | step=13980/20000 loss=-1.41982 nll=-1.420078 kl=0.0002574027 consistency=0 lambda=0 beta=1 grad=102.3116 horizon=240 lifetime=[476,988] skipped=False
2026-08-30 16:50:30,200 | INFO | step=13990/20000 loss=-0.3935329 nll=-0.3942505 kl=0.0007176101 consistency=0 lambda=0 beta=1 grad=94.01045 horizon=100 lifetime=[147,1313] skipped=False
2026-08-30 16:50:30,890 | INFO | validation step=14000 rmse=145.1375 best=110.7624@9500 stale=9/10
2026-08-30 16:50:30,890 | INFO | step=14000/20000 loss=-1.528463 nll=-1.529008 kl=0.0005445778 consistency=0 lambda=0 beta=1 grad=79.27208 horizon=220 lifetime=[477,1154] skipped=False
2026-08-30 16:50:31,407 | INFO | step=14010/20000 loss=-1.186482 nll=-1.187288 kl=0.000805676 consistency=0 lambda=0 beta=1 grad=119.2547 horizon=120 lifetime=[461,786] skipped=False
2026-08-30 16:50:31,790 | INFO | step=14020/20000 loss=-1.46648 nll=-1.467028 kl=0.0005483329 consistency=0 lambda=0 beta=1 grad=112.7596 horizon=260 lifetime=[479,1858] skipped=False
2026-08-30 16:50:32,135 | INFO | step=14030/20000 loss=-1.072822 nll=-1.074156 kl=0.001334071 consistency=0 lambda=0 beta=1 grad=49.48977 horizon=140 lifetime=[334,1015] skipped=False
2026-08-30 16:50:32,502 | INFO | step=14040/20000 loss=-0.9145687 nll=-0.9160143 kl=0.001445621 consistency=0 lambda=0 beta=1 grad=339.9546 horizon=260 lifetime=[334,1071] skipped=False
2026-08-30 16:50:32,908 | INFO | step=14050/20000 loss=-1.208643 nll=-1.209755 kl=0.001111358 consistency=0 lambda=0 beta=1 grad=222.4089 horizon=220 lifetime=[461,1858] skipped=False
2026-08-30 16:50:33,285 | INFO | step=14060/20000 loss=-1.838362 nll=-1.838914 kl=0.0005514026 consistency=0 lambda=0 beta=1 grad=82.92544 horizon=260 lifetime=[465,1015] skipped=False
2026-08-30 16:50:33,679 | INFO | step=14070/20000 loss=-0.6006595 nll=-0.6011614 kl=0.0005018711 consistency=0 lambda=0 beta=1 grad=152.8911 horizon=140 lifetime=[462,1282] skipped=False
2026-08-30 16:50:34,107 | INFO | step=14080/20000 loss=-1.081232 nll=-1.082277 kl=0.001045197 consistency=0 lambda=0 beta=1 grad=67.75928 horizon=100 lifetime=[470,1052] skipped=False
2026-08-30 16:50:34,502 | INFO | step=14090/20000 loss=-1.430859 nll=-1.431619 kl=0.0007595718 consistency=0 lambda=0 beta=1 grad=183.8206 horizon=280 lifetime=[477,1858] skipped=False
2026-08-30 16:50:34,900 | INFO | step=14100/20000 loss=-1.436304 nll=-1.437161 kl=0.000857383 consistency=0 lambda=0 beta=1 grad=61.42822 horizon=120 lifetime=[460,964] skipped=False
2026-08-30 16:50:35,325 | INFO | step=14110/20000 loss=-1.890652 nll=-1.89104 kl=0.0003887415 consistency=0 lambda=0 beta=1 grad=54.67028 horizon=200 lifetime=[460,1052] skipped=False
2026-08-30 16:50:35,728 | INFO | step=14120/20000 loss=-1.246934 nll=-1.248124 kl=0.001190275 consistency=0 lambda=0 beta=1 grad=73.44451 horizon=200 lifetime=[491,2237] skipped=False
2026-08-30 16:50:36,129 | INFO | step=14130/20000 loss=-0.6193187 nll=-0.6204368 kl=0.001118094 consistency=0 lambda=0 beta=1 grad=116.1688 horizon=160 lifetime=[484,1858] skipped=False
2026-08-30 16:50:36,535 | INFO | step=14140/20000 loss=-0.8925582 nll=-0.8936536 kl=0.001095474 consistency=0 lambda=0 beta=1 grad=23.96648 horizon=120 lifetime=[482,2154] skipped=False
2026-08-30 16:50:36,939 | INFO | step=14150/20000 loss=-0.9614483 nll=-0.9621873 kl=0.0007390976 consistency=0 lambda=0 beta=1 grad=159.3541 horizon=240 lifetime=[597,2154] skipped=False
2026-08-30 16:50:37,373 | INFO | step=14160/20000 loss=-1.494572 nll=-1.495182 kl=0.0006094873 consistency=0 lambda=0 beta=1 grad=206.4167 horizon=300 lifetime=[334,1858] skipped=False
2026-08-30 16:50:37,765 | INFO | step=14170/20000 loss=-0.9993263 nll=-0.9998152 kl=0.0004888475 consistency=0 lambda=0 beta=1 grad=58.14724 horizon=160 lifetime=[648,1055] skipped=False
2026-08-30 16:50:38,139 | INFO | step=14180/20000 loss=-1.245559 nll=-1.245939 kl=0.0003798306 consistency=0 lambda=0 beta=1 grad=180.2717 horizon=200 lifetime=[557,1052] skipped=False
2026-08-30 16:50:38,532 | INFO | step=14190/20000 loss=-0.7655174 nll=-0.7665223 kl=0.001004875 consistency=0 lambda=0 beta=1 grad=87.16032 horizon=120 lifetime=[428,1282] skipped=False
2026-08-30 16:50:38,888 | INFO | step=14200/20000 loss=-1.746065 nll=-1.746517 kl=0.0004517138 consistency=0 lambda=0 beta=1 grad=83.24156 horizon=280 lifetime=[460,871] skipped=False
2026-08-30 16:50:39,254 | INFO | step=14210/20000 loss=-0.5749481 nll=-0.5762876 kl=0.001339495 consistency=0 lambda=0 beta=1 grad=135.803 horizon=100 lifetime=[428,1431] skipped=False
2026-08-30 16:50:39,708 | INFO | step=14220/20000 loss=-1.591192 nll=-1.59193 kl=0.0007381141 consistency=0 lambda=0 beta=1 grad=85.06406 horizon=160 lifetime=[453,1071] skipped=False
2026-08-30 16:50:40,113 | INFO | step=14230/20000 loss=-1.281632 nll=-1.282272 kl=0.0006401241 consistency=0 lambda=0 beta=1 grad=225.6317 horizon=140 lifetime=[461,988] skipped=False
2026-08-30 16:50:40,525 | INFO | step=14240/20000 loss=-0.9042604 nll=-0.9055198 kl=0.001259387 consistency=0 lambda=0 beta=1 grad=186.9309 horizon=120 lifetime=[334,1313] skipped=False
2026-08-30 16:50:40,916 | INFO | step=14250/20000 loss=-0.413884 nll=-0.4148473 kl=0.0009633303 consistency=0 lambda=0 beta=1 grad=60.4221 horizon=100 lifetime=[607,1431] skipped=False
2026-08-30 16:50:41,315 | INFO | step=14260/20000 loss=-0.4765855 nll=-0.4773626 kl=0.0007770658 consistency=0 lambda=0 beta=1 grad=284.026 horizon=160 lifetime=[460,1071] skipped=False
2026-08-30 16:50:41,680 | INFO | step=14270/20000 loss=-0.8066336 nll=-0.8069931 kl=0.0003594458 consistency=0 lambda=0 beta=1 grad=278.6275 horizon=120 lifetime=[460,1045] skipped=False
2026-08-30 16:50:42,028 | INFO | step=14280/20000 loss=-0.7243932 nll=-0.7257795 kl=0.001386225 consistency=0 lambda=0 beta=1 grad=53.40527 horizon=100 lifetime=[462,2237] skipped=False
2026-08-30 16:50:42,441 | INFO | step=14290/20000 loss=-1.285683 nll=-1.286594 kl=0.0009108484 consistency=0 lambda=0 beta=1 grad=68.30827 horizon=300 lifetime=[486,2154] skipped=False
2026-08-30 16:50:42,888 | INFO | step=14300/20000 loss=-1.718723 nll=-1.719204 kl=0.0004807413 consistency=0 lambda=0 beta=1 grad=186.0234 horizon=220 lifetime=[334,1052] skipped=False
2026-08-30 16:50:43,261 | INFO | step=14310/20000 loss=-0.9870297 nll=-0.9875592 kl=0.0005295575 consistency=0 lambda=0 beta=1 grad=174.7176 horizon=260 lifetime=[428,1055] skipped=False
2026-08-30 16:50:43,632 | INFO | step=14320/20000 loss=-0.6981834 nll=-0.698583 kl=0.0003995895 consistency=0 lambda=0 beta=1 grad=675.5822 horizon=300 lifetime=[442,1012] skipped=False
2026-08-30 16:50:44,017 | INFO | step=14330/20000 loss=-1.142198 nll=-1.143234 kl=0.001035333 consistency=0 lambda=0 beta=1 grad=161.9273 horizon=180 lifetime=[437,1052] skipped=False
2026-08-30 16:50:44,442 | INFO | step=14340/20000 loss=-1.264094 nll=-1.264518 kl=0.0004239678 consistency=0 lambda=0 beta=1 grad=94.47532 horizon=300 lifetime=[498,1091] skipped=False
2026-08-30 16:50:44,842 | INFO | step=14350/20000 loss=-1.009612 nll=-1.009978 kl=0.0003659427 consistency=0 lambda=0 beta=1 grad=112.0817 horizon=220 lifetime=[494,2154] skipped=False
2026-08-30 16:50:45,234 | INFO | step=14360/20000 loss=-0.8584921 nll=-0.8591144 kl=0.0006223321 consistency=0 lambda=0 beta=1 grad=160.3506 horizon=160 lifetime=[334,1091] skipped=False
2026-08-30 16:50:45,620 | INFO | step=14370/20000 loss=-1.260577 nll=-1.261019 kl=0.0004421473 consistency=0 lambda=0 beta=1 grad=189.8201 horizon=300 lifetime=[482,1091] skipped=False
2026-08-30 16:50:46,050 | INFO | step=14380/20000 loss=-1.328987 nll=-1.329402 kl=0.0004152358 consistency=0 lambda=0 beta=1 grad=345.5018 horizon=260 lifetime=[442,1012] skipped=False
2026-08-30 16:50:46,461 | INFO | step=14390/20000 loss=-1.408496 nll=-1.408973 kl=0.0004767776 consistency=0 lambda=0 beta=1 grad=151.9948 horizon=180 lifetime=[480,2154] skipped=False
2026-08-30 16:50:46,803 | INFO | step=14400/20000 loss=-1.530302 nll=-1.531981 kl=0.001679033 consistency=0 lambda=0 beta=1 grad=213.4921 horizon=120 lifetime=[437,856] skipped=False
2026-08-30 16:50:47,221 | INFO | step=14410/20000 loss=-1.621834 nll=-1.622209 kl=0.0003744364 consistency=0 lambda=0 beta=1 grad=55.30225 horizon=180 lifetime=[334,1012] skipped=False
2026-08-30 16:50:47,606 | INFO | step=14420/20000 loss=-0.8534929 nll=-0.8549124 kl=0.001419485 consistency=0 lambda=0 beta=1 grad=234.7439 horizon=120 lifetime=[428,938] skipped=False
2026-08-30 16:50:47,975 | INFO | step=14430/20000 loss=-1.219879 nll=-1.221002 kl=0.001122892 consistency=0 lambda=0 beta=1 grad=21.27351 horizon=100 lifetime=[482,1071] skipped=False
2026-08-30 16:50:48,393 | INFO | step=14440/20000 loss=-0.4658502 nll=-0.4664038 kl=0.0005535781 consistency=0 lambda=0 beta=1 grad=558.8365 horizon=280 lifetime=[437,887] skipped=False
2026-08-30 16:50:48,756 | INFO | step=14450/20000 loss=-0.8020449 nll=-0.8024542 kl=0.0004093647 consistency=0 lambda=0 beta=1 grad=396.7787 horizon=280 lifetime=[470,1055] skipped=False
2026-08-30 16:50:49,137 | INFO | step=14460/20000 loss=-1.015363 nll=-1.01581 kl=0.0004466176 consistency=0 lambda=0 beta=1 grad=205.7888 horizon=300 lifetime=[494,1705] skipped=False
2026-08-30 16:50:49,487 | INFO | step=14470/20000 loss=-1.401895 nll=-1.4031 kl=0.001205623 consistency=0 lambda=0 beta=1 grad=295.3408 horizon=300 lifetime=[334,863] skipped=False
2026-08-30 16:50:49,897 | INFO | step=14480/20000 loss=-1.029995 nll=-1.031335 kl=0.001340121 consistency=0 lambda=0 beta=1 grad=19.15179 horizon=100 lifetime=[476,868] skipped=False
2026-08-30 16:50:50,304 | INFO | step=14490/20000 loss=-0.2458165 nll=-0.2462143 kl=0.0003978014 consistency=0 lambda=0 beta=1 grad=203.8547 horizon=300 lifetime=[428,1052] skipped=False
2026-08-30 16:50:50,965 | INFO | validation step=14500 rmse=126.5622 best=110.7624@9500 stale=10/10
2026-08-30 16:50:50,965 | INFO | step=14500/20000 loss=-0.812922 nll=-0.8133476 kl=0.000425607 consistency=0 lambda=0 beta=1 grad=284.1539 horizon=200 lifetime=[477,1282] skipped=False
2026-08-30 16:50:51,083 | INFO | early stopping at step=14500 best=110.7624@9500
2026-08-30 16:50:51,191 | INFO | completed run=/home/JunseoPark/바탕화면/battery_gru/outputs/horizon_lifetime_iv_anp_grid/suites/20260830_124935_068102/runs/horiginal_s52_lr5em05_f2/20260830_164102_443297_f2_life_iv_base_s52
