2026-08-30 17:35:31,791 | INFO | start fold=2 device=cuda parameters=886228 train=108 validation=27 horizons=[100, 120, 140, 160, 180, 200, 220, 240, 260, 280, 300] q_points=256 context=[8,16] query=8 target=lifetime delta_soh=false paired_horizons=False consistency_weight=0 consistency_gap=20
2026-08-30 17:35:31,791 | INFO | train_scalers cycle=300 soh=0.96703+-0.01565 voltage=2.7596+-0.47182 current=3.2038+-1.5204 lifetime=774.95+-330
2026-08-30 17:35:31,945 | INFO | step=1/20000 loss=1.709944 nll=1.709942 kl=0.009547211 consistency=0 lambda=0 beta=0.0002 grad=2.846997 horizon=120 lifetime=[147,1431] skipped=False
2026-08-30 17:35:32,700 | INFO | step=10/20000 loss=3.927223 nll=3.927183 kl=0.02025018 consistency=0 lambda=0 beta=0.002 grad=nan horizon=260 lifetime=[729,2237] skipped=True
2026-08-30 17:35:33,143 | INFO | step=20/20000 loss=1.007515 nll=1.007495 kl=0.004966774 consistency=0 lambda=0 beta=0.004 grad=0.6369819 horizon=120 lifetime=[460,1071] skipped=False
2026-08-30 17:35:33,550 | INFO | step=30/20000 loss=0.8884712 nll=0.8884271 kl=0.007351553 consistency=0 lambda=0 beta=0.006 grad=0.514758 horizon=160 lifetime=[460,938] skipped=False
2026-08-30 17:35:33,903 | INFO | step=40/20000 loss=0.987062 nll=0.9868544 kl=0.02595181 consistency=0 lambda=0 beta=0.008 grad=2.507713 horizon=140 lifetime=[428,773] skipped=False
2026-08-30 17:35:34,327 | INFO | step=50/20000 loss=0.7079188 nll=0.7078012 kl=0.01175121 consistency=0 lambda=0 beta=0.01 grad=1.21011 horizon=300 lifetime=[479,938] skipped=False
2026-08-30 17:35:34,726 | INFO | step=60/20000 loss=2.443624 nll=2.443537 kl=0.007304119 consistency=0 lambda=0 beta=0.012 grad=5.418146 horizon=140 lifetime=[477,1858] skipped=False
2026-08-30 17:35:35,124 | INFO | step=70/20000 loss=3.876292 nll=3.875912 kl=0.02716839 consistency=0 lambda=0 beta=0.014 grad=10.86041 horizon=280 lifetime=[428,2237] skipped=False
2026-08-30 17:35:35,562 | INFO | step=80/20000 loss=2.400333 nll=2.400034 kl=0.01872314 consistency=0 lambda=0 beta=0.016 grad=5.709847 horizon=140 lifetime=[482,1858] skipped=False
2026-08-30 17:35:35,994 | INFO | step=90/20000 loss=0.7641495 nll=0.7630274 kl=0.06234016 consistency=0 lambda=0 beta=0.018 grad=1.20927 horizon=220 lifetime=[607,1055] skipped=False
2026-08-30 17:35:36,400 | INFO | step=100/20000 loss=1.013303 nll=1.011291 kl=0.1006333 consistency=0 lambda=0 beta=0.02 grad=10.90723 horizon=220 lifetime=[437,988] skipped=False
2026-08-30 17:35:36,798 | INFO | step=110/20000 loss=1.210103 nll=1.208261 kl=0.08371411 consistency=0 lambda=0 beta=0.022 grad=21.40834 horizon=200 lifetime=[671,1071] skipped=False
2026-08-30 17:35:37,174 | INFO | step=120/20000 loss=0.8590976 nll=0.8584936 kl=0.02516817 consistency=0 lambda=0 beta=0.024 grad=15.49562 horizon=220 lifetime=[479,1091] skipped=False
2026-08-30 17:35:37,577 | INFO | step=130/20000 loss=0.5924833 nll=0.5912975 kl=0.04560635 consistency=0 lambda=0 beta=0.026 grad=2.666166 horizon=240 lifetime=[494,1052] skipped=False
2026-08-30 17:35:37,956 | INFO | step=140/20000 loss=0.5849442 nll=0.5825717 kl=0.08473229 consistency=0 lambda=0 beta=0.028 grad=17.06307 horizon=140 lifetime=[334,856] skipped=False
2026-08-30 17:35:38,399 | INFO | step=150/20000 loss=0.7834165 nll=0.78321 kl=0.006881645 consistency=0 lambda=0 beta=0.03 grad=23.54324 horizon=300 lifetime=[648,1282] skipped=False
2026-08-30 17:35:38,801 | INFO | step=160/20000 loss=0.6027043 nll=0.6022487 kl=0.01423815 consistency=0 lambda=0 beta=0.032 grad=6.875847 horizon=140 lifetime=[470,1431] skipped=False
2026-08-30 17:35:39,241 | INFO | step=170/20000 loss=1.557278 nll=1.556327 kl=0.02797837 consistency=0 lambda=0 beta=0.034 grad=37.57656 horizon=100 lifetime=[428,774] skipped=False
2026-08-30 17:35:39,642 | INFO | step=180/20000 loss=0.4447442 nll=0.4414364 kl=0.09188429 consistency=0 lambda=0 beta=0.036 grad=28.51056 horizon=120 lifetime=[428,1052] skipped=False
2026-08-30 17:35:40,086 | INFO | step=190/20000 loss=0.8638269 nll=0.8633983 kl=0.01127723 consistency=0 lambda=0 beta=0.038 grad=33.83117 horizon=200 lifetime=[461,1858] skipped=False
2026-08-30 17:35:40,473 | INFO | step=200/20000 loss=0.7810714 nll=0.775557 kl=0.13786 consistency=0 lambda=0 beta=0.04 grad=13.14033 horizon=140 lifetime=[482,1858] skipped=False
2026-08-30 17:35:40,872 | INFO | step=210/20000 loss=0.5238023 nll=0.5205359 kl=0.07777129 consistency=0 lambda=0 beta=0.042 grad=43.66715 horizon=240 lifetime=[461,863] skipped=False
2026-08-30 17:35:41,303 | INFO | step=220/20000 loss=0.4371713 nll=0.436951 kl=0.005007469 consistency=0 lambda=0 beta=0.044 grad=52.47711 horizon=200 lifetime=[498,1045] skipped=False
2026-08-30 17:35:41,709 | INFO | step=230/20000 loss=0.4747713 nll=0.4740899 kl=0.01481248 consistency=0 lambda=0 beta=0.046 grad=31.82995 horizon=240 lifetime=[334,1431] skipped=False
2026-08-30 17:35:42,121 | INFO | step=240/20000 loss=0.7551737 nll=0.7524761 kl=0.05620028 consistency=0 lambda=0 beta=0.048 grad=42.0084 horizon=140 lifetime=[477,1071] skipped=False
2026-08-30 17:35:42,538 | INFO | step=250/20000 loss=0.1130019 nll=0.1111559 kl=0.03692137 consistency=0 lambda=0 beta=0.05 grad=25.96934 horizon=300 lifetime=[477,1055] skipped=False
2026-08-30 17:35:42,928 | INFO | step=260/20000 loss=1.397245 nll=1.391268 kl=0.1149478 consistency=0 lambda=0 beta=0.052 grad=17.04412 horizon=120 lifetime=[614,2237] skipped=False
2026-08-30 17:35:43,333 | INFO | step=270/20000 loss=0.5285037 nll=0.5267861 kl=0.0318081 consistency=0 lambda=0 beta=0.054 grad=124.273 horizon=160 lifetime=[453,1282] skipped=False
2026-08-30 17:35:43,748 | INFO | step=280/20000 loss=0.7678808 nll=0.7669467 kl=0.0166802 consistency=0 lambda=0 beta=0.056 grad=36.26458 horizon=240 lifetime=[437,1313] skipped=False
2026-08-30 17:35:44,167 | INFO | step=290/20000 loss=0.2757497 nll=0.271568 kl=0.07209678 consistency=0 lambda=0 beta=0.058 grad=18.07952 horizon=140 lifetime=[428,871] skipped=False
2026-08-30 17:35:44,542 | INFO | step=300/20000 loss=0.595303 nll=0.5914733 kl=0.06382726 consistency=0 lambda=0 beta=0.06 grad=26.84213 horizon=140 lifetime=[442,1858] skipped=False
2026-08-30 17:35:44,928 | INFO | step=310/20000 loss=1.320254 nll=1.31948 kl=0.01247935 consistency=0 lambda=0 beta=0.062 grad=93.57136 horizon=280 lifetime=[461,1055] skipped=False
2026-08-30 17:35:45,336 | INFO | step=320/20000 loss=0.1064594 nll=0.100301 kl=0.09622591 consistency=0 lambda=0 beta=0.064 grad=16.47908 horizon=200 lifetime=[334,1091] skipped=False
2026-08-30 17:35:45,729 | INFO | step=330/20000 loss=0.5446184 nll=0.5435019 kl=0.01691677 consistency=0 lambda=0 beta=0.066 grad=26.36387 horizon=220 lifetime=[442,887] skipped=False
2026-08-30 17:35:46,120 | INFO | step=340/20000 loss=0.1539749 nll=0.1529772 kl=0.01467246 consistency=0 lambda=0 beta=0.068 grad=17.68736 horizon=220 lifetime=[461,1015] skipped=False
2026-08-30 17:35:46,535 | INFO | step=350/20000 loss=0.115853 nll=0.1151689 kl=0.009773165 consistency=0 lambda=0 beta=0.07 grad=35.02753 horizon=280 lifetime=[465,1431] skipped=False
2026-08-30 17:35:46,979 | INFO | step=360/20000 loss=0.3320536 nll=0.3292903 kl=0.03837937 consistency=0 lambda=0 beta=0.072 grad=29.00532 horizon=180 lifetime=[437,2154] skipped=False
2026-08-30 17:35:47,358 | INFO | step=370/20000 loss=1.793525 nll=1.792958 kl=0.007660805 consistency=0 lambda=0 beta=0.074 grad=32.53942 horizon=140 lifetime=[147,933] skipped=False
2026-08-30 17:35:47,767 | INFO | step=380/20000 loss=0.1582285 nll=0.1566223 kl=0.02113407 consistency=0 lambda=0 beta=0.076 grad=24.00131 horizon=180 lifetime=[453,1705] skipped=False
2026-08-30 17:35:48,159 | INFO | step=390/20000 loss=0.1621335 nll=0.1612145 kl=0.01178169 consistency=0 lambda=0 beta=0.078 grad=23.5878 horizon=280 lifetime=[428,1282] skipped=False
2026-08-30 17:35:48,539 | INFO | step=400/20000 loss=0.5008833 nll=0.4958494 kl=0.06292303 consistency=0 lambda=0 beta=0.08 grad=26.86005 horizon=180 lifetime=[512,1045] skipped=False
2026-08-30 17:35:48,938 | INFO | step=410/20000 loss=0.3450096 nll=0.3367656 kl=0.1005371 consistency=0 lambda=0 beta=0.082 grad=6.731237 horizon=120 lifetime=[334,1431] skipped=False
2026-08-30 17:35:49,294 | INFO | step=420/20000 loss=0.6726691 nll=0.6691025 kl=0.04245933 consistency=0 lambda=0 beta=0.084 grad=16.79742 horizon=280 lifetime=[505,2154] skipped=False
2026-08-30 17:35:49,682 | INFO | step=430/20000 loss=0.1505323 nll=0.1494331 kl=0.01278217 consistency=0 lambda=0 beta=0.086 grad=20.39624 horizon=240 lifetime=[437,1061] skipped=False
2026-08-30 17:35:50,059 | INFO | step=440/20000 loss=1.640848 nll=1.639127 kl=0.01955071 consistency=0 lambda=0 beta=0.088 grad=92.8211 horizon=240 lifetime=[477,1858] skipped=False
2026-08-30 17:35:50,473 | INFO | step=450/20000 loss=-0.2865489 nll=-0.2900872 kl=0.03931481 consistency=0 lambda=0 beta=0.09 grad=11.97567 horizon=180 lifetime=[476,1015] skipped=False
2026-08-30 17:35:50,856 | INFO | step=460/20000 loss=0.1837816 nll=0.1818857 kl=0.02060746 consistency=0 lambda=0 beta=0.092 grad=22.40943 horizon=220 lifetime=[480,1091] skipped=False
2026-08-30 17:35:51,265 | INFO | step=470/20000 loss=1.440536 nll=1.434696 kl=0.06212521 consistency=0 lambda=0 beta=0.094 grad=117.1703 horizon=140 lifetime=[476,938] skipped=False
2026-08-30 17:35:51,634 | INFO | step=480/20000 loss=1.697735 nll=1.694537 kl=0.03331312 consistency=0 lambda=0 beta=0.096 grad=102.8961 horizon=200 lifetime=[428,1154] skipped=False
2026-08-30 17:35:52,056 | INFO | step=490/20000 loss=-0.2601639 nll=-0.2613335 kl=0.01193469 consistency=0 lambda=0 beta=0.098 grad=12.40844 horizon=300 lifetime=[460,1705] skipped=False
2026-08-30 17:35:52,875 | INFO | validation step=500 rmse=195.5087 best=195.5087@500 stale=0/10
2026-08-30 17:35:52,875 | INFO | step=500/20000 loss=0.24584 nll=0.2449922 kl=0.008477748 consistency=0 lambda=0 beta=0.1 grad=50.14304 horizon=260 lifetime=[494,1052] skipped=False
2026-08-30 17:35:53,313 | INFO | step=510/20000 loss=-0.279735 nll=-0.2807252 kl=0.009708214 consistency=0 lambda=0 beta=0.102 grad=8.607458 horizon=160 lifetime=[428,871] skipped=False
2026-08-30 17:35:53,683 | INFO | step=520/20000 loss=0.6138332 nll=0.6086797 kl=0.04955312 consistency=0 lambda=0 beta=0.104 grad=31.03333 horizon=140 lifetime=[498,2154] skipped=False
2026-08-30 17:35:54,098 | INFO | step=530/20000 loss=0.2911386 nll=0.2886075 kl=0.0238782 consistency=0 lambda=0 beta=0.106 grad=13.44524 horizon=260 lifetime=[614,2154] skipped=False
2026-08-30 17:35:54,490 | INFO | step=540/20000 loss=0.5456375 nll=0.5388995 kl=0.06238895 consistency=0 lambda=0 beta=0.108 grad=6.347128 horizon=180 lifetime=[491,2154] skipped=False
2026-08-30 17:35:54,894 | INFO | step=550/20000 loss=0.8924265 nll=0.8884659 kl=0.03600542 consistency=0 lambda=0 beta=0.11 grad=37.72718 horizon=300 lifetime=[437,2154] skipped=False
2026-08-30 17:35:55,298 | INFO | step=560/20000 loss=0.4345783 nll=0.4320093 kl=0.0229377 consistency=0 lambda=0 beta=0.112 grad=22.16719 horizon=120 lifetime=[462,933] skipped=False
2026-08-30 17:35:55,706 | INFO | step=570/20000 loss=0.7684171 nll=0.7633923 kl=0.04407702 consistency=0 lambda=0 beta=0.114 grad=25.60791 horizon=120 lifetime=[477,1705] skipped=False
2026-08-30 17:35:56,079 | INFO | step=580/20000 loss=0.4651168 nll=0.4634746 kl=0.01415683 consistency=0 lambda=0 beta=0.116 grad=31.16651 horizon=300 lifetime=[437,1858] skipped=False
2026-08-30 17:35:56,457 | INFO | step=590/20000 loss=0.01620196 nll=0.004655771 kl=0.09784904 consistency=0 lambda=0 beta=0.118 grad=22.66989 horizon=140 lifetime=[461,1045] skipped=False
2026-08-30 17:35:56,839 | INFO | step=600/20000 loss=0.2902696 nll=0.28531 kl=0.04133001 consistency=0 lambda=0 beta=0.12 grad=27.32688 horizon=140 lifetime=[465,1061] skipped=False
2026-08-30 17:35:57,244 | INFO | step=610/20000 loss=0.1895635 nll=0.1877931 kl=0.01451125 consistency=0 lambda=0 beta=0.122 grad=8.236207 horizon=100 lifetime=[453,863] skipped=False
2026-08-30 17:35:57,628 | INFO | step=620/20000 loss=0.1790901 nll=0.1785154 kl=0.004634738 consistency=0 lambda=0 beta=0.124 grad=15.33321 horizon=220 lifetime=[428,2237] skipped=False
2026-08-30 17:35:58,037 | INFO | step=630/20000 loss=0.270461 nll=0.2646222 kl=0.0463396 consistency=0 lambda=0 beta=0.126 grad=38.8381 horizon=140 lifetime=[442,1313] skipped=False
2026-08-30 17:35:58,435 | INFO | step=640/20000 loss=0.8870184 nll=0.8849413 kl=0.01622768 consistency=0 lambda=0 beta=0.128 grad=56.72002 horizon=260 lifetime=[484,1045] skipped=False
2026-08-30 17:35:58,828 | INFO | step=650/20000 loss=0.5429028 nll=0.5398579 kl=0.02342253 consistency=0 lambda=0 beta=0.13 grad=26.63732 horizon=120 lifetime=[476,1091] skipped=False
2026-08-30 17:35:59,242 | INFO | step=660/20000 loss=0.7827806 nll=0.782439 kl=0.002588275 consistency=0 lambda=0 beta=0.132 grad=72.14 horizon=180 lifetime=[614,1858] skipped=False
2026-08-30 17:35:59,665 | INFO | step=670/20000 loss=0.1881574 nll=0.1855258 kl=0.01963876 consistency=0 lambda=0 beta=0.134 grad=20.5055 horizon=260 lifetime=[465,1015] skipped=False
2026-08-30 17:36:00,106 | INFO | step=680/20000 loss=-0.1631652 nll=-0.1639494 kl=0.005766057 consistency=0 lambda=0 beta=0.136 grad=10.50668 horizon=280 lifetime=[465,1055] skipped=False
2026-08-30 17:36:00,523 | INFO | step=690/20000 loss=0.7642855 nll=0.7623985 kl=0.01367358 consistency=0 lambda=0 beta=0.138 grad=29.67282 horizon=160 lifetime=[501,1282] skipped=False
2026-08-30 17:36:00,969 | INFO | step=700/20000 loss=0.074045 nll=0.07336283 kl=0.004872662 consistency=0 lambda=0 beta=0.14 grad=51.45411 horizon=300 lifetime=[462,856] skipped=False
2026-08-30 17:36:01,381 | INFO | step=710/20000 loss=0.008800461 nll=0.007159829 kl=0.01155374 consistency=0 lambda=0 beta=0.142 grad=36.57962 horizon=160 lifetime=[476,871] skipped=False
2026-08-30 17:36:01,738 | INFO | step=720/20000 loss=0.1657071 nll=0.1620266 kl=0.02555879 consistency=0 lambda=0 beta=0.144 grad=5.271475 horizon=100 lifetime=[460,874] skipped=False
2026-08-30 17:36:02,124 | INFO | step=730/20000 loss=0.2946703 nll=0.2935766 kl=0.007491088 consistency=0 lambda=0 beta=0.146 grad=9.086589 horizon=260 lifetime=[437,2237] skipped=False
2026-08-30 17:36:02,511 | INFO | step=740/20000 loss=-0.2021815 nll=-0.2041194 kl=0.01309365 consistency=0 lambda=0 beta=0.148 grad=21.62607 horizon=300 lifetime=[428,2154] skipped=False
2026-08-30 17:36:02,909 | INFO | step=750/20000 loss=-0.2671135 nll=-0.2681285 kl=0.006766662 consistency=0 lambda=0 beta=0.15 grad=34.91497 horizon=240 lifetime=[428,1055] skipped=False
2026-08-30 17:36:03,301 | INFO | step=760/20000 loss=-0.005632835 nll=-0.00713614 kl=0.009890161 consistency=0 lambda=0 beta=0.152 grad=13.636 horizon=120 lifetime=[437,1045] skipped=False
2026-08-30 17:36:03,677 | INFO | step=770/20000 loss=-0.4815378 nll=-0.4861625 kl=0.03002986 consistency=0 lambda=0 beta=0.154 grad=15.20696 horizon=160 lifetime=[334,1061] skipped=False
2026-08-30 17:36:04,099 | INFO | step=780/20000 loss=0.0275824 nll=0.02632327 kl=0.008071322 consistency=0 lambda=0 beta=0.156 grad=26.28875 horizon=220 lifetime=[476,1431] skipped=False
2026-08-30 17:36:04,510 | INFO | step=790/20000 loss=0.6952074 nll=0.6862226 kl=0.05686599 consistency=0 lambda=0 beta=0.158 grad=34.23063 horizon=240 lifetime=[777,1858] skipped=False
2026-08-30 17:36:04,885 | INFO | step=800/20000 loss=1.412219 nll=1.408393 kl=0.02391565 consistency=0 lambda=0 beta=0.16 grad=25.47483 horizon=120 lifetime=[147,1431] skipped=False
2026-08-30 17:36:05,310 | INFO | step=810/20000 loss=0.05824388 nll=0.05727154 kl=0.00600208 consistency=0 lambda=0 beta=0.162 grad=24.02753 horizon=200 lifetime=[462,1431] skipped=False
2026-08-30 17:36:05,714 | INFO | step=820/20000 loss=0.2626222 nll=0.260411 kl=0.01348282 consistency=0 lambda=0 beta=0.164 grad=55.26033 horizon=120 lifetime=[480,891] skipped=False
2026-08-30 17:36:06,100 | INFO | step=830/20000 loss=-0.07331416 nll=-0.0748136 kl=0.009032765 consistency=0 lambda=0 beta=0.166 grad=30.69706 horizon=240 lifetime=[482,1705] skipped=False
2026-08-30 17:36:06,478 | INFO | step=840/20000 loss=0.5564355 nll=0.5533398 kl=0.01842672 consistency=0 lambda=0 beta=0.168 grad=15.54269 horizon=140 lifetime=[460,1705] skipped=False
2026-08-30 17:36:06,889 | INFO | step=850/20000 loss=0.09186805 nll=0.0912561 kl=0.003599748 consistency=0 lambda=0 beta=0.17 grad=43.50634 horizon=240 lifetime=[482,1431] skipped=False
2026-08-30 17:36:07,281 | INFO | step=860/20000 loss=0.06938192 nll=0.06824979 kl=0.006582147 consistency=0 lambda=0 beta=0.172 grad=53.94469 horizon=300 lifetime=[460,1052] skipped=False
2026-08-30 17:36:07,632 | INFO | step=870/20000 loss=-0.1882876 nll=-0.1908786 kl=0.01489122 consistency=0 lambda=0 beta=0.174 grad=19.75028 horizon=160 lifetime=[437,877] skipped=False
2026-08-30 17:36:08,094 | INFO | step=880/20000 loss=0.07573859 nll=0.07396393 kl=0.01008336 consistency=0 lambda=0 beta=0.176 grad=34.81723 horizon=240 lifetime=[498,2237] skipped=False
2026-08-30 17:36:08,464 | INFO | step=890/20000 loss=0.3252302 nll=0.3224951 kl=0.01536539 consistency=0 lambda=0 beta=0.178 grad=53.90321 horizon=200 lifetime=[442,1007] skipped=False
2026-08-30 17:36:08,860 | INFO | step=900/20000 loss=-0.4727686 nll=-0.4761715 kl=0.0189046 consistency=0 lambda=0 beta=0.18 grad=15.22127 horizon=180 lifetime=[470,1061] skipped=False
2026-08-30 17:36:09,205 | INFO | step=910/20000 loss=0.07949593 nll=0.07765251 kl=0.01012864 consistency=0 lambda=0 beta=0.182 grad=21.36259 horizon=200 lifetime=[482,1282] skipped=False
2026-08-30 17:36:09,587 | INFO | step=920/20000 loss=0.430688 nll=0.4019644 kl=0.1561062 consistency=0 lambda=0 beta=0.184 grad=5.923139 horizon=100 lifetime=[484,1045] skipped=False
2026-08-30 17:36:10,004 | INFO | step=930/20000 loss=0.6192782 nll=0.6140544 kl=0.02808463 consistency=0 lambda=0 beta=0.186 grad=14.68738 horizon=140 lifetime=[526,1071] skipped=False
2026-08-30 17:36:10,405 | INFO | step=940/20000 loss=-0.07508391 nll=-0.07656027 kl=0.007852984 consistency=0 lambda=0 beta=0.188 grad=13.47936 horizon=260 lifetime=[476,1012] skipped=False
2026-08-30 17:36:10,802 | INFO | step=950/20000 loss=0.1737258 nll=0.1668633 kl=0.03611806 consistency=0 lambda=0 beta=0.19 grad=15.90142 horizon=220 lifetime=[461,1052] skipped=False
2026-08-30 17:36:11,243 | INFO | step=960/20000 loss=0.07035569 nll=0.06913212 kl=0.006372774 consistency=0 lambda=0 beta=0.192 grad=23.86086 horizon=280 lifetime=[470,1154] skipped=False
2026-08-30 17:36:11,669 | INFO | step=970/20000 loss=-0.2726342 nll=-0.2734181 kl=0.004040815 consistency=0 lambda=0 beta=0.194 grad=12.20235 horizon=220 lifetime=[480,988] skipped=False
2026-08-30 17:36:12,103 | INFO | step=980/20000 loss=0.3873827 nll=0.3843715 kl=0.01536378 consistency=0 lambda=0 beta=0.196 grad=58.7334 horizon=180 lifetime=[437,2154] skipped=False
2026-08-30 17:36:12,485 | INFO | step=990/20000 loss=0.732731 nll=0.7317169 kl=0.005121771 consistency=0 lambda=0 beta=0.198 grad=35.076 horizon=180 lifetime=[460,1431] skipped=False
2026-08-30 17:36:13,199 | INFO | validation step=1000 rmse=161.9226 best=161.9226@1000 stale=0/10
2026-08-30 17:36:13,199 | INFO | step=1000/20000 loss=-0.3785264 nll=-0.3815249 kl=0.01499211 consistency=0 lambda=0 beta=0.2 grad=14.69932 horizon=260 lifetime=[437,826] skipped=False
2026-08-30 17:36:13,641 | INFO | step=1010/20000 loss=-0.2743409 nll=-0.2756326 kl=0.00639433 consistency=0 lambda=0 beta=0.202 grad=16.92419 horizon=220 lifetime=[334,1858] skipped=False
2026-08-30 17:36:14,016 | INFO | step=1020/20000 loss=0.5438123 nll=0.5380499 kl=0.02824696 consistency=0 lambda=0 beta=0.204 grad=41.0462 horizon=180 lifetime=[428,1431] skipped=False
2026-08-30 17:36:14,429 | INFO | step=1030/20000 loss=-0.3151905 nll=-0.3161704 kl=0.004756778 consistency=0 lambda=0 beta=0.206 grad=13.09121 horizon=300 lifetime=[334,891] skipped=False
2026-08-30 17:36:14,836 | INFO | step=1040/20000 loss=0.3758431 nll=0.3727022 kl=0.01510057 consistency=0 lambda=0 beta=0.208 grad=79.42746 horizon=100 lifetime=[477,719] skipped=False
2026-08-30 17:36:15,244 | INFO | step=1050/20000 loss=-0.5505387 nll=-0.5531129 kl=0.01225802 consistency=0 lambda=0 beta=0.21 grad=35.75724 horizon=180 lifetime=[442,1015] skipped=False
2026-08-30 17:36:15,648 | INFO | step=1060/20000 loss=0.8399713 nll=0.837939 kl=0.009586608 consistency=0 lambda=0 beta=0.212 grad=119.0636 horizon=200 lifetime=[738,1313] skipped=False
2026-08-30 17:36:16,055 | INFO | step=1070/20000 loss=-0.04010207 nll=-0.04162012 kl=0.007093698 consistency=0 lambda=0 beta=0.214 grad=21.6249 horizon=300 lifetime=[480,877] skipped=False
2026-08-30 17:36:16,445 | INFO | step=1080/20000 loss=0.1855803 nll=0.183261 kl=0.01073754 consistency=0 lambda=0 beta=0.216 grad=21.74294 horizon=260 lifetime=[462,1705] skipped=False
2026-08-30 17:36:16,841 | INFO | step=1090/20000 loss=-0.05229522 nll=-0.05712771 kl=0.02216743 consistency=0 lambda=0 beta=0.218 grad=35.68032 horizon=200 lifetime=[462,2237] skipped=False
2026-08-30 17:36:17,258 | INFO | step=1100/20000 loss=0.07912403 nll=0.07784729 kl=0.005803365 consistency=0 lambda=0 beta=0.22 grad=58.5718 horizon=220 lifetime=[557,1091] skipped=False
2026-08-30 17:36:17,647 | INFO | step=1110/20000 loss=0.4734621 nll=0.4706502 kl=0.01266623 consistency=0 lambda=0 beta=0.222 grad=90.76875 horizon=200 lifetime=[671,1055] skipped=False
2026-08-30 17:36:18,041 | INFO | step=1120/20000 loss=-0.007038657 nll=-0.00808084 kl=0.004652603 consistency=0 lambda=0 beta=0.224 grad=40.56036 horizon=220 lifetime=[505,1431] skipped=False
2026-08-30 17:36:18,444 | INFO | step=1130/20000 loss=-0.7635298 nll=-0.7665647 kl=0.01342902 consistency=0 lambda=0 beta=0.226 grad=32.59077 horizon=200 lifetime=[484,869] skipped=False
2026-08-30 17:36:18,819 | INFO | step=1140/20000 loss=0.6477653 nll=0.6453229 kl=0.01071206 consistency=0 lambda=0 beta=0.228 grad=25.01291 horizon=160 lifetime=[484,2154] skipped=False
2026-08-30 17:36:19,223 | INFO | step=1150/20000 loss=0.1714264 nll=0.168923 kl=0.01088422 consistency=0 lambda=0 beta=0.23 grad=9.799923 horizon=120 lifetime=[498,1055] skipped=False
2026-08-30 17:36:19,659 | INFO | step=1160/20000 loss=0.3287076 nll=0.3274488 kl=0.005425885 consistency=0 lambda=0 beta=0.232 grad=39.83086 horizon=140 lifetime=[462,2154] skipped=False
2026-08-30 17:36:20,053 | INFO | step=1170/20000 loss=-0.2699127 nll=-0.2710438 kl=0.00483373 consistency=0 lambda=0 beta=0.234 grad=31.61271 horizon=280 lifetime=[442,1052] skipped=False
2026-08-30 17:36:20,467 | INFO | step=1180/20000 loss=-0.04258124 nll=-0.0451087 kl=0.01070958 consistency=0 lambda=0 beta=0.236 grad=16.38786 horizon=140 lifetime=[437,1313] skipped=False
2026-08-30 17:36:20,859 | INFO | step=1190/20000 loss=0.4193577 nll=0.4051836 kl=0.05955547 consistency=0 lambda=0 beta=0.238 grad=11.83657 horizon=100 lifetime=[498,2237] skipped=False
2026-08-30 17:36:21,297 | INFO | step=1200/20000 loss=0.2648135 nll=0.2638391 kl=0.00406003 consistency=0 lambda=0 beta=0.24 grad=34.37948 horizon=260 lifetime=[460,1071] skipped=False
2026-08-30 17:36:21,704 | INFO | step=1210/20000 loss=0.4465924 nll=0.4437594 kl=0.01170637 consistency=0 lambda=0 beta=0.242 grad=66.75952 horizon=160 lifetime=[428,836] skipped=False
2026-08-30 17:36:22,102 | INFO | step=1220/20000 loss=0.1219757 nll=0.1200527 kl=0.00788112 consistency=0 lambda=0 beta=0.244 grad=8.41296 horizon=100 lifetime=[465,826] skipped=False
2026-08-30 17:36:22,518 | INFO | step=1230/20000 loss=0.4849223 nll=0.4834236 kl=0.006092548 consistency=0 lambda=0 beta=0.246 grad=48.10573 horizon=240 lifetime=[465,1431] skipped=False
2026-08-30 17:36:22,894 | INFO | step=1240/20000 loss=1.44273 nll=1.439043 kl=0.01486486 consistency=0 lambda=0 beta=0.248 grad=154.332 horizon=120 lifetime=[460,2237] skipped=False
2026-08-30 17:36:23,387 | INFO | step=1250/20000 loss=0.1909143 nll=0.1902141 kl=0.002800813 consistency=0 lambda=0 beta=0.25 grad=27.80704 horizon=300 lifetime=[498,1282] skipped=False
2026-08-30 17:36:23,811 | INFO | step=1260/20000 loss=-0.2222623 nll=-0.2229852 kl=0.002868782 consistency=0 lambda=0 beta=0.252 grad=55.2003 horizon=260 lifetime=[482,874] skipped=False
2026-08-30 17:36:24,222 | INFO | step=1270/20000 loss=-0.177495 nll=-0.179358 kl=0.007334607 consistency=0 lambda=0 beta=0.254 grad=19.82183 horizon=300 lifetime=[494,1045] skipped=False
2026-08-30 17:36:24,661 | INFO | step=1280/20000 loss=0.08881907 nll=0.08767119 kl=0.004483908 consistency=0 lambda=0 beta=0.256 grad=42.07286 horizon=260 lifetime=[486,1091] skipped=False
2026-08-30 17:36:25,069 | INFO | step=1290/20000 loss=-0.4163632 nll=-0.4188473 kl=0.009628208 consistency=0 lambda=0 beta=0.258 grad=13.86996 horizon=220 lifetime=[334,1007] skipped=False
2026-08-30 17:36:25,513 | INFO | step=1300/20000 loss=-0.1763733 nll=-0.1774474 kl=0.004131366 consistency=0 lambda=0 beta=0.26 grad=13.9696 horizon=280 lifetime=[465,1015] skipped=False
2026-08-30 17:36:25,905 | INFO | step=1310/20000 loss=-0.1547043 nll=-0.1577036 kl=0.01144774 consistency=0 lambda=0 beta=0.262 grad=19.98393 horizon=180 lifetime=[460,1071] skipped=False
2026-08-30 17:36:26,294 | INFO | step=1320/20000 loss=-0.2534034 nll=-0.255487 kl=0.007892432 consistency=0 lambda=0 beta=0.264 grad=12.78324 horizon=180 lifetime=[428,1313] skipped=False
2026-08-30 17:36:26,732 | INFO | step=1330/20000 loss=-0.7436241 nll=-0.7450225 kl=0.005257225 consistency=0 lambda=0 beta=0.266 grad=29.53791 horizon=300 lifetime=[462,871] skipped=False
2026-08-30 17:36:27,141 | INFO | step=1340/20000 loss=-0.621447 nll=-0.6219527 kl=0.001887127 consistency=0 lambda=0 beta=0.268 grad=15.22899 horizon=240 lifetime=[334,828] skipped=False
2026-08-30 17:36:27,545 | INFO | step=1350/20000 loss=0.03210064 nll=0.03065144 kl=0.005367395 consistency=0 lambda=0 beta=0.27 grad=25.82484 horizon=280 lifetime=[491,2237] skipped=False
2026-08-30 17:36:27,978 | INFO | step=1360/20000 loss=0.1224876 nll=0.1198574 kl=0.009669818 consistency=0 lambda=0 beta=0.272 grad=46.00883 horizon=180 lifetime=[460,818] skipped=False
2026-08-30 17:36:28,406 | INFO | step=1370/20000 loss=0.3212449 nll=0.3174627 kl=0.01380354 consistency=0 lambda=0 beta=0.274 grad=12.8611 horizon=100 lifetime=[428,1313] skipped=False
2026-08-30 17:36:28,816 | INFO | step=1380/20000 loss=0.06806582 nll=0.06595746 kl=0.007639017 consistency=0 lambda=0 beta=0.276 grad=8.57526 horizon=280 lifetime=[505,1858] skipped=False
2026-08-30 17:36:29,250 | INFO | step=1390/20000 loss=-0.05374257 nll=-0.05615841 kl=0.008690089 consistency=0 lambda=0 beta=0.278 grad=41.25597 horizon=300 lifetime=[533,887] skipped=False
2026-08-30 17:36:29,659 | INFO | step=1400/20000 loss=0.5147544 nll=0.5135193 kl=0.004411019 consistency=0 lambda=0 beta=0.28 grad=50.01075 horizon=200 lifetime=[442,1858] skipped=False
2026-08-30 17:36:30,075 | INFO | step=1410/20000 loss=-0.1554219 nll=-0.1564559 kl=0.003666569 consistency=0 lambda=0 beta=0.282 grad=33.00128 horizon=180 lifetime=[477,988] skipped=False
2026-08-30 17:36:30,528 | INFO | step=1420/20000 loss=-0.3067912 nll=-0.3078278 kl=0.00364969 consistency=0 lambda=0 beta=0.284 grad=64.80016 horizon=240 lifetime=[477,1007] skipped=False
2026-08-30 17:36:30,933 | INFO | step=1430/20000 loss=-0.1169355 nll=-0.1182829 kl=0.004711062 consistency=0 lambda=0 beta=0.286 grad=18.0345 horizon=180 lifetime=[442,2237] skipped=False
2026-08-30 17:36:31,344 | INFO | step=1440/20000 loss=0.01371735 nll=0.01140098 kl=0.008042945 consistency=0 lambda=0 beta=0.288 grad=10.01396 horizon=100 lifetime=[494,887] skipped=False
2026-08-30 17:36:31,794 | INFO | step=1450/20000 loss=-0.3411574 nll=-0.3424369 kl=0.004411824 consistency=0 lambda=0 beta=0.29 grad=39.125 horizon=220 lifetime=[476,930] skipped=False
2026-08-30 17:36:32,177 | INFO | step=1460/20000 loss=0.3324952 nll=0.3302593 kl=0.007656926 consistency=0 lambda=0 beta=0.292 grad=21.53407 horizon=120 lifetime=[437,1313] skipped=False
2026-08-30 17:36:32,599 | INFO | step=1470/20000 loss=0.959941 nll=0.9577298 kl=0.007520919 consistency=0 lambda=0 beta=0.294 grad=50.00827 horizon=180 lifetime=[461,2154] skipped=False
2026-08-30 17:36:32,993 | INFO | step=1480/20000 loss=0.802229 nll=0.8006983 kl=0.005171406 consistency=0 lambda=0 beta=0.296 grad=79.27918 horizon=100 lifetime=[462,1071] skipped=False
2026-08-30 17:36:33,438 | INFO | step=1490/20000 loss=-0.1592001 nll=-0.1596597 kl=0.001542477 consistency=0 lambda=0 beta=0.298 grad=20.97316 horizon=300 lifetime=[460,1705] skipped=False
2026-08-30 17:36:34,182 | INFO | validation step=1500 rmse=145.7147 best=145.7147@1500 stale=0/10
2026-08-30 17:36:34,182 | INFO | step=1500/20000 loss=1.330351 nll=1.32671 kl=0.01213796 consistency=0 lambda=0 beta=0.3 grad=26.19173 horizon=100 lifetime=[147,1154] skipped=False
2026-08-30 17:36:34,598 | INFO | step=1510/20000 loss=0.2286279 nll=0.2265734 kl=0.006803114 consistency=0 lambda=0 beta=0.302 grad=39.23354 horizon=180 lifetime=[334,1705] skipped=False
2026-08-30 17:36:35,038 | INFO | step=1520/20000 loss=-0.2740952 nll=-0.2775188 kl=0.01126187 consistency=0 lambda=0 beta=0.304 grad=16.66101 horizon=280 lifetime=[482,1061] skipped=False
2026-08-30 17:36:35,417 | INFO | step=1530/20000 loss=-0.2374306 nll=-0.2422737 kl=0.01582704 consistency=0 lambda=0 beta=0.306 grad=15.82656 horizon=120 lifetime=[453,921] skipped=False
2026-08-30 17:36:35,848 | INFO | step=1540/20000 loss=-0.2643567 nll=-0.2666546 kl=0.007460505 consistency=0 lambda=0 beta=0.308 grad=45.55162 horizon=220 lifetime=[428,1091] skipped=False
2026-08-30 17:36:36,248 | INFO | step=1550/20000 loss=0.9550059 nll=0.953046 kl=0.006322226 consistency=0 lambda=0 beta=0.31 grad=111.2258 horizon=300 lifetime=[428,1091] skipped=False
2026-08-30 17:36:36,654 | INFO | step=1560/20000 loss=0.2422623 nll=0.2402058 kl=0.006591287 consistency=0 lambda=0 beta=0.312 grad=33.39962 horizon=120 lifetime=[428,938] skipped=False
2026-08-30 17:36:37,025 | INFO | step=1570/20000 loss=-0.1002342 nll=-0.1047335 kl=0.01432917 consistency=0 lambda=0 beta=0.314 grad=17.15368 horizon=120 lifetime=[334,1282] skipped=False
2026-08-30 17:36:37,429 | INFO | step=1580/20000 loss=0.1774542 nll=0.1759798 kl=0.004665658 consistency=0 lambda=0 beta=0.316 grad=79.73463 horizon=260 lifetime=[428,1313] skipped=False
2026-08-30 17:36:37,817 | INFO | step=1590/20000 loss=0.5674238 nll=0.5663478 kl=0.003383532 consistency=0 lambda=0 beta=0.318 grad=26.85498 horizon=100 lifetime=[560,1313] skipped=False
2026-08-30 17:36:38,229 | INFO | step=1600/20000 loss=-0.6223317 nll=-0.6245394 kl=0.006898993 consistency=0 lambda=0 beta=0.32 grad=22.61283 horizon=200 lifetime=[462,874] skipped=False
2026-08-30 17:36:38,595 | INFO | step=1610/20000 loss=1.022432 nll=1.01892 kl=0.010908 consistency=0 lambda=0 beta=0.322 grad=56.90278 horizon=140 lifetime=[428,1858] skipped=False
2026-08-30 17:36:39,001 | INFO | step=1620/20000 loss=-0.4989115 nll=-0.5022074 kl=0.01017264 consistency=0 lambda=0 beta=0.324 grad=23.40906 horizon=200 lifetime=[479,871] skipped=False
2026-08-30 17:36:39,357 | INFO | step=1630/20000 loss=0.7650795 nll=0.7573571 kl=0.02368828 consistency=0 lambda=0 beta=0.326 grad=11.84206 horizon=100 lifetime=[147,1313] skipped=False
2026-08-30 17:36:39,767 | INFO | step=1640/20000 loss=0.3729982 nll=0.3719423 kl=0.003219311 consistency=0 lambda=0 beta=0.328 grad=89.25046 horizon=220 lifetime=[476,2154] skipped=False
2026-08-30 17:36:40,167 | INFO | step=1650/20000 loss=-0.0788369 nll=-0.08035688 kl=0.004606025 consistency=0 lambda=0 beta=0.33 grad=10.34728 horizon=120 lifetime=[428,2237] skipped=False
2026-08-30 17:36:40,574 | INFO | step=1660/20000 loss=-0.3241742 nll=-0.3256023 kl=0.004301712 consistency=0 lambda=0 beta=0.332 grad=22.64922 horizon=240 lifetime=[428,1015] skipped=False
2026-08-30 17:36:40,974 | INFO | step=1670/20000 loss=-0.4883028 nll=-0.4891107 kl=0.002419045 consistency=0 lambda=0 beta=0.334 grad=9.561852 horizon=240 lifetime=[462,938] skipped=False
2026-08-30 17:36:41,391 | INFO | step=1680/20000 loss=-0.1476616 nll=-0.1491124 kl=0.004317742 consistency=0 lambda=0 beta=0.336 grad=38.33636 horizon=300 lifetime=[476,877] skipped=False
2026-08-30 17:36:41,786 | INFO | step=1690/20000 loss=-0.06728388 nll=-0.06833109 kl=0.003098231 consistency=0 lambda=0 beta=0.338 grad=27.47449 horizon=260 lifetime=[519,2237] skipped=False
2026-08-30 17:36:42,181 | INFO | step=1700/20000 loss=-0.4680662 nll=-0.4720046 kl=0.01158334 consistency=0 lambda=0 beta=0.34 grad=36.36233 horizon=280 lifetime=[460,1052] skipped=False
2026-08-30 17:36:42,607 | INFO | step=1710/20000 loss=1.063129 nll=1.061971 kl=0.003387563 consistency=0 lambda=0 beta=0.342 grad=106.8154 horizon=160 lifetime=[453,1705] skipped=False
2026-08-30 17:36:43,045 | INFO | step=1720/20000 loss=-0.009871986 nll=-0.01106495 kl=0.00346791 consistency=0 lambda=0 beta=0.344 grad=26.62476 horizon=300 lifetime=[477,1091] skipped=False
2026-08-30 17:36:43,459 | INFO | step=1730/20000 loss=0.2851428 nll=0.2828903 kl=0.006510328 consistency=0 lambda=0 beta=0.346 grad=30.51804 horizon=100 lifetime=[442,863] skipped=False
2026-08-30 17:36:43,870 | INFO | step=1740/20000 loss=-0.3236238 nll=-0.3243908 kl=0.002204083 consistency=0 lambda=0 beta=0.348 grad=14.5125 horizon=220 lifetime=[460,2237] skipped=False
2026-08-30 17:36:44,247 | INFO | step=1750/20000 loss=-0.3365335 nll=-0.3378476 kl=0.003754601 consistency=0 lambda=0 beta=0.35 grad=33.03608 horizon=180 lifetime=[428,868] skipped=False
2026-08-30 17:36:44,678 | INFO | step=1760/20000 loss=-0.1616337 nll=-0.1632875 kl=0.004698306 consistency=0 lambda=0 beta=0.352 grad=67.51284 horizon=180 lifetime=[428,891] skipped=False
2026-08-30 17:36:45,068 | INFO | step=1770/20000 loss=-0.4623164 nll=-0.4662697 kl=0.0111674 consistency=0 lambda=0 beta=0.354 grad=25.00521 horizon=280 lifetime=[486,988] skipped=False
2026-08-30 17:36:45,442 | INFO | step=1780/20000 loss=0.3003989 nll=0.2966669 kl=0.01048324 consistency=0 lambda=0 beta=0.356 grad=28.02308 horizon=100 lifetime=[437,1012] skipped=False
2026-08-30 17:36:45,794 | INFO | step=1790/20000 loss=-0.5223681 nll=-0.5259199 kl=0.009921402 consistency=0 lambda=0 beta=0.358 grad=12.56452 horizon=140 lifetime=[428,988] skipped=False
2026-08-30 17:36:46,195 | INFO | step=1800/20000 loss=0.3998707 nll=0.3952386 kl=0.01286711 consistency=0 lambda=0 beta=0.36 grad=145.9075 horizon=200 lifetime=[460,841] skipped=False
2026-08-30 17:36:46,558 | INFO | step=1810/20000 loss=-0.6149812 nll=-0.6201637 kl=0.01431637 consistency=0 lambda=0 beta=0.362 grad=8.023652 horizon=200 lifetime=[614,887] skipped=False
2026-08-30 17:36:46,911 | INFO | step=1820/20000 loss=0.6555208 nll=0.6523774 kl=0.008635566 consistency=0 lambda=0 beta=0.364 grad=28.57244 horizon=100 lifetime=[147,2237] skipped=False
2026-08-30 17:36:47,256 | INFO | step=1830/20000 loss=-0.1511531 nll=-0.1526997 kl=0.004225694 consistency=0 lambda=0 beta=0.366 grad=26.38451 horizon=200 lifetime=[460,988] skipped=False
2026-08-30 17:36:47,646 | INFO | step=1840/20000 loss=-0.3498357 nll=-0.3518909 kl=0.005584776 consistency=0 lambda=0 beta=0.368 grad=16.92101 horizon=300 lifetime=[479,2237] skipped=False
2026-08-30 17:36:48,038 | INFO | step=1850/20000 loss=0.1074488 nll=0.1047072 kl=0.007409506 consistency=0 lambda=0 beta=0.37 grad=45.36296 horizon=160 lifetime=[599,964] skipped=False
2026-08-30 17:36:48,451 | INFO | step=1860/20000 loss=-0.5928859 nll=-0.5936083 kl=0.001941845 consistency=0 lambda=0 beta=0.372 grad=19.4187 horizon=200 lifetime=[428,988] skipped=False
2026-08-30 17:36:48,817 | INFO | step=1870/20000 loss=-0.09507053 nll=-0.09698931 kl=0.005130418 consistency=0 lambda=0 beta=0.374 grad=27.04053 horizon=260 lifetime=[494,1858] skipped=False
2026-08-30 17:36:49,209 | INFO | step=1880/20000 loss=1.222181 nll=1.221178 kl=0.002667613 consistency=0 lambda=0 beta=0.376 grad=104.1526 horizon=160 lifetime=[461,1705] skipped=False
2026-08-30 17:36:49,589 | INFO | step=1890/20000 loss=-0.5191568 nll=-0.5215727 kl=0.006391451 consistency=0 lambda=0 beta=0.378 grad=26.149 horizon=280 lifetime=[460,2237] skipped=False
2026-08-30 17:36:49,944 | INFO | step=1900/20000 loss=-0.4468215 nll=-0.4478729 kl=0.002766825 consistency=0 lambda=0 beta=0.38 grad=15.93413 horizon=200 lifetime=[488,1061] skipped=False
2026-08-30 17:36:50,350 | INFO | step=1910/20000 loss=-0.1804133 nll=-0.1831582 kl=0.007185643 consistency=0 lambda=0 beta=0.382 grad=10.58023 horizon=180 lifetime=[671,1858] skipped=False
2026-08-30 17:36:50,903 | INFO | step=1920/20000 loss=-0.1569158 nll=-0.1585479 kl=0.004250109 consistency=0 lambda=0 beta=0.384 grad=23.88625 horizon=160 lifetime=[460,2237] skipped=False
2026-08-30 17:36:51,239 | INFO | step=1930/20000 loss=4.337655 nll=4.336311 kl=0.003482666 consistency=0 lambda=0 beta=0.386 grad=299.0607 horizon=220 lifetime=[453,2237] skipped=False
2026-08-30 17:36:51,635 | INFO | step=1940/20000 loss=-0.3289796 nll=-0.330555 kl=0.004060332 consistency=0 lambda=0 beta=0.388 grad=52.05485 horizon=280 lifetime=[470,988] skipped=False
2026-08-30 17:36:52,039 | INFO | step=1950/20000 loss=0.6324198 nll=0.6294686 kl=0.007567015 consistency=0 lambda=0 beta=0.39 grad=136.3728 horizon=300 lifetime=[460,1055] skipped=False
2026-08-30 17:36:52,433 | INFO | step=1960/20000 loss=-0.3202513 nll=-0.3219765 kl=0.004400995 consistency=0 lambda=0 beta=0.392 grad=12.76059 horizon=160 lifetime=[453,1705] skipped=False
2026-08-30 17:36:52,807 | INFO | step=1970/20000 loss=0.02634628 nll=0.02447465 kl=0.004750315 consistency=0 lambda=0 beta=0.394 grad=22.13571 horizon=140 lifetime=[491,1705] skipped=False
2026-08-30 17:36:53,222 | INFO | step=1980/20000 loss=-0.5460038 nll=-0.5472124 kl=0.003051944 consistency=0 lambda=0 beta=0.396 grad=17.84471 horizon=180 lifetime=[460,1282] skipped=False
2026-08-30 17:36:53,571 | INFO | step=1990/20000 loss=-0.09288808 nll=-0.09358862 kl=0.001760159 consistency=0 lambda=0 beta=0.398 grad=12.92147 horizon=100 lifetime=[428,2154] skipped=False
2026-08-30 17:36:54,286 | INFO | validation step=2000 rmse=136.3954 best=136.3954@2000 stale=0/10
2026-08-30 17:36:54,286 | INFO | step=2000/20000 loss=0.03793953 nll=0.03493953 kl=0.007500011 consistency=0 lambda=0 beta=0.4 grad=32.244 horizon=160 lifetime=[334,1052] skipped=False
2026-08-30 17:36:54,739 | INFO | step=2010/20000 loss=-0.7045428 nll=-0.7065382 kl=0.004963689 consistency=0 lambda=0 beta=0.402 grad=17.54046 horizon=240 lifetime=[428,863] skipped=False
2026-08-30 17:36:55,135 | INFO | step=2020/20000 loss=-0.2584396 nll=-0.2599646 kl=0.003774717 consistency=0 lambda=0 beta=0.404 grad=25.80485 horizon=160 lifetime=[461,1091] skipped=False
2026-08-30 17:36:55,547 | INFO | step=2030/20000 loss=-0.764251 nll=-0.7661824 kl=0.00475727 consistency=0 lambda=0 beta=0.406 grad=9.287977 horizon=240 lifetime=[334,2154] skipped=False
2026-08-30 17:36:55,940 | INFO | step=2040/20000 loss=-0.4643924 nll=-0.4666867 kl=0.005623408 consistency=0 lambda=0 beta=0.408 grad=55.93371 horizon=180 lifetime=[476,863] skipped=False
2026-08-30 17:36:56,368 | INFO | step=2050/20000 loss=0.08663181 nll=0.08427508 kl=0.005748123 consistency=0 lambda=0 beta=0.41 grad=28.28607 horizon=160 lifetime=[479,1858] skipped=False
2026-08-30 17:36:56,780 | INFO | step=2060/20000 loss=0.2566647 nll=0.2545004 kl=0.005253062 consistency=0 lambda=0 beta=0.412 grad=22.50346 horizon=160 lifetime=[484,1431] skipped=False
2026-08-30 17:36:57,199 | INFO | step=2070/20000 loss=0.5158097 nll=0.5132742 kl=0.006124327 consistency=0 lambda=0 beta=0.414 grad=28.81934 horizon=100 lifetime=[488,964] skipped=False
2026-08-30 17:36:57,570 | INFO | step=2080/20000 loss=-0.146413 nll=-0.1486394 kl=0.005351905 consistency=0 lambda=0 beta=0.416 grad=8.343386 horizon=140 lifetime=[465,921] skipped=False
2026-08-30 17:36:57,962 | INFO | step=2090/20000 loss=-0.5719382 nll=-0.5736537 kl=0.004104119 consistency=0 lambda=0 beta=0.418 grad=37.30353 horizon=160 lifetime=[470,877] skipped=False
2026-08-30 17:36:58,362 | INFO | step=2100/20000 loss=-0.1524451 nll=-0.1546455 kl=0.005238909 consistency=0 lambda=0 beta=0.42 grad=39.56579 horizon=300 lifetime=[437,988] skipped=False
2026-08-30 17:36:58,767 | INFO | step=2110/20000 loss=0.1557017 nll=0.1537429 kl=0.004641616 consistency=0 lambda=0 beta=0.422 grad=34.14495 horizon=160 lifetime=[461,2154] skipped=False
2026-08-30 17:36:59,236 | INFO | step=2120/20000 loss=-0.165832 nll=-0.1672227 kl=0.003280027 consistency=0 lambda=0 beta=0.424 grad=47.78292 horizon=280 lifetime=[428,1061] skipped=False
2026-08-30 17:36:59,667 | INFO | step=2130/20000 loss=0.09425756 nll=0.09300128 kl=0.002949037 consistency=0 lambda=0 beta=0.426 grad=13.13615 horizon=300 lifetime=[512,2154] skipped=False
2026-08-30 17:37:00,088 | INFO | step=2140/20000 loss=-0.7668815 nll=-0.7679382 kl=0.002469014 consistency=0 lambda=0 beta=0.428 grad=22.94484 horizon=300 lifetime=[442,841] skipped=False
2026-08-30 17:37:00,484 | INFO | step=2150/20000 loss=-0.2635042 nll=-0.2660997 kl=0.006035991 consistency=0 lambda=0 beta=0.43 grad=24.20579 horizon=100 lifetime=[460,1431] skipped=False
2026-08-30 17:37:00,877 | INFO | step=2160/20000 loss=0.04719102 nll=0.04363632 kl=0.00822847 consistency=0 lambda=0 beta=0.432 grad=30.40075 horizon=100 lifetime=[462,1012] skipped=False
2026-08-30 17:37:01,285 | INFO | step=2170/20000 loss=0.3523523 nll=0.3512152 kl=0.002620094 consistency=0 lambda=0 beta=0.434 grad=168.3616 horizon=180 lifetime=[334,1313] skipped=False
2026-08-30 17:37:01,694 | INFO | step=2180/20000 loss=1.089476 nll=1.088093 kl=0.003173124 consistency=0 lambda=0 beta=0.436 grad=180.0107 horizon=260 lifetime=[470,1055] skipped=False
2026-08-30 17:37:02,057 | INFO | step=2190/20000 loss=-0.2843016 nll=-0.2862501 kl=0.004448488 consistency=0 lambda=0 beta=0.438 grad=19.02237 horizon=140 lifetime=[428,921] skipped=False
2026-08-30 17:37:02,452 | INFO | step=2200/20000 loss=-0.7347548 nll=-0.7350539 kl=0.0006797332 consistency=0 lambda=0 beta=0.44 grad=12.60886 horizon=300 lifetime=[480,921] skipped=False
2026-08-30 17:37:02,836 | INFO | step=2210/20000 loss=0.4466277 nll=0.4451292 kl=0.003390092 consistency=0 lambda=0 beta=0.442 grad=21.80297 horizon=180 lifetime=[498,2154] skipped=False
2026-08-30 17:37:03,262 | INFO | step=2220/20000 loss=-0.3128955 nll=-0.3143947 kl=0.00337664 consistency=0 lambda=0 beta=0.444 grad=46.25521 horizon=300 lifetime=[505,1705] skipped=False
2026-08-30 17:37:03,676 | INFO | step=2230/20000 loss=0.070662 nll=0.06968683 kl=0.002186473 consistency=0 lambda=0 beta=0.446 grad=35.65195 horizon=120 lifetime=[476,2237] skipped=False
2026-08-30 17:37:04,106 | INFO | step=2240/20000 loss=-1.010814 nll=-1.012413 kl=0.00356839 consistency=0 lambda=0 beta=0.448 grad=24.12008 horizon=280 lifetime=[428,1052] skipped=False
2026-08-30 17:37:04,487 | INFO | step=2250/20000 loss=-0.07998983 nll=-0.08143817 kl=0.003218533 consistency=0 lambda=0 beta=0.45 grad=8.075701 horizon=140 lifetime=[462,1055] skipped=False
2026-08-30 17:37:04,893 | INFO | step=2260/20000 loss=0.0849382 nll=0.0827319 kl=0.004881191 consistency=0 lambda=0 beta=0.452 grad=36.25727 horizon=140 lifetime=[147,863] skipped=False
2026-08-30 17:37:05,313 | INFO | step=2270/20000 loss=0.56494 nll=0.5609101 kl=0.008876461 consistency=0 lambda=0 beta=0.454 grad=50.72106 horizon=160 lifetime=[460,1431] skipped=False
2026-08-30 17:37:05,710 | INFO | step=2280/20000 loss=0.2569548 nll=0.2544802 kl=0.005426566 consistency=0 lambda=0 beta=0.456 grad=40.93537 horizon=120 lifetime=[476,1045] skipped=False
2026-08-30 17:37:06,149 | INFO | step=2290/20000 loss=0.9730023 nll=0.9721308 kl=0.001902965 consistency=0 lambda=0 beta=0.458 grad=116.3299 horizon=240 lifetime=[486,2154] skipped=False
2026-08-30 17:37:06,535 | INFO | step=2300/20000 loss=0.1253654 nll=0.1239534 kl=0.003069719 consistency=0 lambda=0 beta=0.46 grad=12.27711 horizon=100 lifetime=[442,1858] skipped=False
2026-08-30 17:37:06,950 | INFO | step=2310/20000 loss=-0.3081473 nll=-0.3102593 kl=0.004571537 consistency=0 lambda=0 beta=0.462 grad=12.5337 horizon=160 lifetime=[428,2154] skipped=False
2026-08-30 17:37:07,333 | INFO | step=2320/20000 loss=-0.2882411 nll=-0.2907368 kl=0.005378652 consistency=0 lambda=0 beta=0.464 grad=11.0396 horizon=300 lifetime=[334,1858] skipped=False
2026-08-30 17:37:07,719 | INFO | step=2330/20000 loss=-0.2561697 nll=-0.2586827 kl=0.005392823 consistency=0 lambda=0 beta=0.466 grad=34.04813 horizon=240 lifetime=[476,1091] skipped=False
2026-08-30 17:37:08,089 | INFO | step=2340/20000 loss=-0.3680659 nll=-0.3694982 kl=0.003060444 consistency=0 lambda=0 beta=0.468 grad=18.99092 horizon=160 lifetime=[494,1015] skipped=False
2026-08-30 17:37:08,478 | INFO | step=2350/20000 loss=-0.8488688 nll=-0.8507499 kl=0.004002132 consistency=0 lambda=0 beta=0.47 grad=33.99059 horizon=260 lifetime=[428,863] skipped=False
2026-08-30 17:37:08,858 | INFO | step=2360/20000 loss=0.2884353 nll=0.2864475 kl=0.004211396 consistency=0 lambda=0 beta=0.472 grad=29.29175 horizon=100 lifetime=[460,933] skipped=False
2026-08-30 17:37:09,263 | INFO | step=2370/20000 loss=-0.1684876 nll=-0.1693929 kl=0.001910049 consistency=0 lambda=0 beta=0.474 grad=52.36731 horizon=220 lifetime=[461,1282] skipped=False
2026-08-30 17:37:09,651 | INFO | step=2380/20000 loss=-0.2635324 nll=-0.26487 kl=0.00281005 consistency=0 lambda=0 beta=0.476 grad=21.74353 horizon=120 lifetime=[476,921] skipped=False
2026-08-30 17:37:10,031 | INFO | step=2390/20000 loss=-0.3952829 nll=-0.3984527 kl=0.006631482 consistency=0 lambda=0 beta=0.478 grad=43.14717 horizon=300 lifetime=[334,1015] skipped=False
2026-08-30 17:37:10,405 | INFO | step=2400/20000 loss=-0.3025063 nll=-0.3046992 kl=0.004568571 consistency=0 lambda=0 beta=0.48 grad=31.4489 horizon=260 lifetime=[334,1052] skipped=False
2026-08-30 17:37:10,796 | INFO | step=2410/20000 loss=-0.1053691 nll=-0.1064968 kl=0.002339605 consistency=0 lambda=0 beta=0.482 grad=25.60431 horizon=120 lifetime=[334,988] skipped=False
2026-08-30 17:37:11,196 | INFO | step=2420/20000 loss=0.3653918 nll=0.3642642 kl=0.002329701 consistency=0 lambda=0 beta=0.484 grad=67.35831 horizon=240 lifetime=[428,2154] skipped=False
2026-08-30 17:37:11,575 | INFO | step=2430/20000 loss=0.1257738 nll=0.1243271 kl=0.002976682 consistency=0 lambda=0 beta=0.486 grad=21.17745 horizon=140 lifetime=[428,877] skipped=False
2026-08-30 17:37:11,936 | INFO | step=2440/20000 loss=-0.1778069 nll=-0.1824196 kl=0.009452386 consistency=0 lambda=0 beta=0.488 grad=15.84952 horizon=120 lifetime=[460,1045] skipped=False
2026-08-30 17:37:12,290 | INFO | step=2450/20000 loss=-0.2378599 nll=-0.2393888 kl=0.003120184 consistency=0 lambda=0 beta=0.49 grad=10.89576 horizon=140 lifetime=[476,1282] skipped=False
2026-08-30 17:37:12,712 | INFO | step=2460/20000 loss=-0.671517 nll=-0.6722806 kl=0.001551884 consistency=0 lambda=0 beta=0.492 grad=34.9098 horizon=260 lifetime=[437,877] skipped=False
2026-08-30 17:37:13,124 | INFO | step=2470/20000 loss=-0.5759314 nll=-0.5770333 kl=0.002230437 consistency=0 lambda=0 beta=0.494 grad=22.36069 horizon=300 lifetime=[437,1052] skipped=False
2026-08-30 17:37:13,529 | INFO | step=2480/20000 loss=-0.6634398 nll=-0.6641551 kl=0.00144206 consistency=0 lambda=0 beta=0.496 grad=22.06713 horizon=240 lifetime=[488,1012] skipped=False
2026-08-30 17:37:13,870 | INFO | step=2490/20000 loss=-0.4613219 nll=-0.4629804 kl=0.003330502 consistency=0 lambda=0 beta=0.498 grad=27.29668 horizon=140 lifetime=[453,891] skipped=False
2026-08-30 17:37:14,521 | INFO | validation step=2500 rmse=147.0386 best=136.3954@2000 stale=1/10
2026-08-30 17:37:14,521 | INFO | step=2500/20000 loss=0.863544 nll=0.862933 kl=0.001222007 consistency=0 lambda=0 beta=0.5 grad=116.7623 horizon=280 lifetime=[519,1154] skipped=False
2026-08-30 17:37:14,997 | INFO | step=2510/20000 loss=-0.04076109 nll=-0.04164472 kl=0.00176022 consistency=0 lambda=0 beta=0.502 grad=47.13336 horizon=300 lifetime=[453,1705] skipped=False
2026-08-30 17:37:15,354 | INFO | step=2520/20000 loss=-0.5000024 nll=-0.5020418 kl=0.004046418 consistency=0 lambda=0 beta=0.504 grad=14.52659 horizon=120 lifetime=[470,828] skipped=False
2026-08-30 17:37:15,738 | INFO | step=2530/20000 loss=0.2765407 nll=0.2757468 kl=0.00156885 consistency=0 lambda=0 beta=0.506 grad=48.23354 horizon=180 lifetime=[480,1705] skipped=False
2026-08-30 17:37:16,200 | INFO | step=2540/20000 loss=-0.1522238 nll=-0.1534918 kl=0.002496169 consistency=0 lambda=0 beta=0.508 grad=15.77631 horizon=300 lifetime=[428,1858] skipped=False
2026-08-30 17:37:16,609 | INFO | step=2550/20000 loss=0.05405155 nll=0.04997037 kl=0.008002311 consistency=0 lambda=0 beta=0.51 grad=26.8355 horizon=100 lifetime=[482,1858] skipped=False
2026-08-30 17:37:16,990 | INFO | step=2560/20000 loss=1.229637 nll=1.228392 kl=0.002432456 consistency=0 lambda=0 beta=0.512 grad=87.72621 horizon=180 lifetime=[479,1154] skipped=False
2026-08-30 17:37:17,455 | INFO | step=2570/20000 loss=-0.376559 nll=-0.3774146 kl=0.001664741 consistency=0 lambda=0 beta=0.514 grad=8.953223 horizon=140 lifetime=[476,1012] skipped=False
2026-08-30 17:37:17,873 | INFO | step=2580/20000 loss=-0.356892 nll=-0.3580617 kl=0.002266989 consistency=0 lambda=0 beta=0.516 grad=40.65618 horizon=240 lifetime=[428,2154] skipped=False
2026-08-30 17:37:18,263 | INFO | step=2590/20000 loss=0.08941178 nll=0.08783381 kl=0.003046285 consistency=0 lambda=0 beta=0.518 grad=90.09216 horizon=220 lifetime=[334,2154] skipped=False
2026-08-30 17:37:18,658 | INFO | step=2600/20000 loss=0.5177048 nll=0.5167087 kl=0.001915544 consistency=0 lambda=0 beta=0.52 grad=65.22202 horizon=200 lifetime=[505,1154] skipped=False
2026-08-30 17:37:19,032 | INFO | step=2610/20000 loss=2.140016 nll=2.13912 kl=0.001715458 consistency=0 lambda=0 beta=0.522 grad=inf horizon=280 lifetime=[476,930] skipped=True
2026-08-30 17:37:19,406 | INFO | step=2620/20000 loss=-0.3355106 nll=-0.3381056 kl=0.004952453 consistency=0 lambda=0 beta=0.524 grad=44.81946 horizon=220 lifetime=[476,2237] skipped=False
2026-08-30 17:37:19,814 | INFO | step=2630/20000 loss=-0.05818151 nll=-0.05955773 kl=0.002616378 consistency=0 lambda=0 beta=0.526 grad=15.0137 horizon=100 lifetime=[488,826] skipped=False
2026-08-30 17:37:20,174 | INFO | step=2640/20000 loss=-0.7353649 nll=-0.736414 kl=0.001986973 consistency=0 lambda=0 beta=0.528 grad=21.39106 horizon=220 lifetime=[476,1052] skipped=False
2026-08-30 17:37:20,547 | INFO | step=2650/20000 loss=-0.3911981 nll=-0.394613 kl=0.006443277 consistency=0 lambda=0 beta=0.53 grad=10.86432 horizon=200 lifetime=[484,1091] skipped=False
2026-08-30 17:37:20,936 | INFO | step=2660/20000 loss=-0.125534 nll=-0.126805 kl=0.002389014 consistency=0 lambda=0 beta=0.532 grad=12.613 horizon=120 lifetime=[437,1071] skipped=False
2026-08-30 17:37:21,351 | INFO | step=2670/20000 loss=0.0153609 nll=0.01256853 kl=0.005229145 consistency=0 lambda=0 beta=0.534 grad=29.4939 horizon=200 lifetime=[470,1858] skipped=False
2026-08-30 17:37:21,696 | INFO | step=2680/20000 loss=0.8451964 nll=0.8437822 kl=0.002638333 consistency=0 lambda=0 beta=0.536 grad=75.23235 horizon=160 lifetime=[633,2154] skipped=False
2026-08-30 17:37:22,127 | INFO | step=2690/20000 loss=-0.4371203 nll=-0.4385452 kl=0.002648488 consistency=0 lambda=0 beta=0.538 grad=19.65958 horizon=160 lifetime=[687,1061] skipped=False
2026-08-30 17:37:22,498 | INFO | step=2700/20000 loss=-1.122803 nll=-1.124667 kl=0.00345064 consistency=0 lambda=0 beta=0.54 grad=18.41269 horizon=200 lifetime=[477,933] skipped=False
2026-08-30 17:37:22,903 | INFO | step=2710/20000 loss=2.256542 nll=2.255692 kl=0.001567222 consistency=0 lambda=0 beta=0.542 grad=247.1109 horizon=280 lifetime=[482,1045] skipped=False
2026-08-30 17:37:23,293 | INFO | step=2720/20000 loss=-0.2135221 nll=-0.2140328 kl=0.0009387285 consistency=0 lambda=0 beta=0.544 grad=22.33187 horizon=220 lifetime=[484,2154] skipped=False
2026-08-30 17:37:23,690 | INFO | step=2730/20000 loss=-0.4318764 nll=-0.4327318 kl=0.001566648 consistency=0 lambda=0 beta=0.546 grad=15.44833 horizon=280 lifetime=[428,1055] skipped=False
2026-08-30 17:37:24,124 | INFO | step=2740/20000 loss=-0.447359 nll=-0.4483877 kl=0.001877185 consistency=0 lambda=0 beta=0.548 grad=24.42035 horizon=160 lifetime=[437,1007] skipped=False
2026-08-30 17:37:24,550 | INFO | step=2750/20000 loss=-0.03698048 nll=-0.03829344 kl=0.002387196 consistency=0 lambda=0 beta=0.55 grad=21.19613 horizon=220 lifetime=[428,2154] skipped=False
2026-08-30 17:37:24,948 | INFO | step=2760/20000 loss=-0.476423 nll=-0.4805892 kl=0.007547602 consistency=0 lambda=0 beta=0.552 grad=31.05107 horizon=180 lifetime=[460,930] skipped=False
2026-08-30 17:37:25,376 | INFO | step=2770/20000 loss=0.08484697 nll=0.08359332 kl=0.002262896 consistency=0 lambda=0 beta=0.554 grad=93.56517 horizon=240 lifetime=[486,988] skipped=False
2026-08-30 17:37:25,789 | INFO | step=2780/20000 loss=-0.2991625 nll=-0.2999998 kl=0.001505937 consistency=0 lambda=0 beta=0.556 grad=20.124 horizon=300 lifetime=[484,1705] skipped=False
2026-08-30 17:37:26,164 | INFO | step=2790/20000 loss=-0.3650566 nll=-0.3664336 kl=0.002467716 consistency=0 lambda=0 beta=0.558 grad=32.70639 horizon=120 lifetime=[437,2154] skipped=False
2026-08-30 17:37:26,552 | INFO | step=2800/20000 loss=0.1130107 nll=0.110629 kl=0.004253007 consistency=0 lambda=0 beta=0.56 grad=68.24105 horizon=100 lifetime=[442,988] skipped=False
2026-08-30 17:37:26,954 | INFO | step=2810/20000 loss=-0.4211172 nll=-0.4228684 kl=0.003115941 consistency=0 lambda=0 beta=0.562 grad=45.91156 horizon=260 lifetime=[428,1282] skipped=False
2026-08-30 17:37:27,349 | INFO | step=2820/20000 loss=-0.6303068 nll=-0.6306679 kl=0.0006402358 consistency=0 lambda=0 beta=0.564 grad=43.51678 horizon=260 lifetime=[470,1858] skipped=False
2026-08-30 17:37:27,750 | INFO | step=2830/20000 loss=-0.6345798 nll=-0.635768 kl=0.002099309 consistency=0 lambda=0 beta=0.566 grad=18.22202 horizon=120 lifetime=[334,1045] skipped=False
2026-08-30 17:37:28,165 | INFO | step=2840/20000 loss=-0.0104605 nll=-0.01257572 kl=0.003723972 consistency=0 lambda=0 beta=0.568 grad=29.34396 horizon=220 lifetime=[486,1012] skipped=False
2026-08-30 17:37:28,583 | INFO | step=2850/20000 loss=-1.036039 nll=-1.03747 kl=0.00250987 consistency=0 lambda=0 beta=0.57 grad=32.51083 horizon=280 lifetime=[460,1858] skipped=False
2026-08-30 17:37:28,934 | INFO | step=2860/20000 loss=-0.1513728 nll=-0.1528761 kl=0.002628051 consistency=0 lambda=0 beta=0.572 grad=39.99314 horizon=100 lifetime=[480,1052] skipped=False
2026-08-30 17:37:29,313 | INFO | step=2870/20000 loss=-0.5224789 nll=-0.5228047 kl=0.0005676001 consistency=0 lambda=0 beta=0.574 grad=30.73093 horizon=260 lifetime=[437,988] skipped=False
2026-08-30 17:37:29,699 | INFO | step=2880/20000 loss=-0.2014786 nll=-0.2028888 kl=0.002448261 consistency=0 lambda=0 beta=0.576 grad=16.95621 horizon=140 lifetime=[505,1705] skipped=False
2026-08-30 17:37:30,113 | INFO | step=2890/20000 loss=-0.4816796 nll=-0.4823581 kl=0.001173906 consistency=0 lambda=0 beta=0.578 grad=36.95873 horizon=300 lifetime=[428,1313] skipped=False
2026-08-30 17:37:30,539 | INFO | step=2900/20000 loss=0.008606317 nll=0.005456232 kl=0.005431183 consistency=0 lambda=0 beta=0.58 grad=67.41055 horizon=240 lifetime=[465,1431] skipped=False
2026-08-30 17:37:30,952 | INFO | step=2910/20000 loss=-0.4996681 nll=-0.5008999 kl=0.002116442 consistency=0 lambda=0 beta=0.582 grad=8.999902 horizon=100 lifetime=[453,877] skipped=False
2026-08-30 17:37:31,312 | INFO | step=2920/20000 loss=0.1996405 nll=0.1976882 kl=0.003342986 consistency=0 lambda=0 beta=0.584 grad=21.16792 horizon=140 lifetime=[147,1282] skipped=False
2026-08-30 17:37:31,677 | INFO | step=2930/20000 loss=-0.4202972 nll=-0.4232525 kl=0.005043119 consistency=0 lambda=0 beta=0.586 grad=10.37873 horizon=140 lifetime=[460,1071] skipped=False
2026-08-30 17:37:32,113 | INFO | step=2940/20000 loss=0.3770819 nll=0.3761824 kl=0.001529768 consistency=0 lambda=0 beta=0.588 grad=76.71083 horizon=240 lifetime=[428,988] skipped=False
2026-08-30 17:37:32,473 | INFO | step=2950/20000 loss=-0.1157765 nll=-0.1181846 kl=0.004081458 consistency=0 lambda=0 beta=0.59 grad=25.0294 horizon=280 lifetime=[460,1313] skipped=False
2026-08-30 17:37:32,882 | INFO | step=2960/20000 loss=-0.7478713 nll=-0.7491859 kl=0.002220526 consistency=0 lambda=0 beta=0.592 grad=35.02599 horizon=240 lifetime=[334,777] skipped=False
2026-08-30 17:37:33,312 | INFO | step=2970/20000 loss=0.03029279 nll=0.02935401 kl=0.00158044 consistency=0 lambda=0 beta=0.594 grad=32.22524 horizon=180 lifetime=[671,1091] skipped=False
2026-08-30 17:37:33,641 | INFO | step=2980/20000 loss=-0.3229486 nll=-0.3246682 kl=0.002885211 consistency=0 lambda=0 beta=0.596 grad=19.43587 horizon=120 lifetime=[482,1071] skipped=False
2026-08-30 17:37:34,029 | INFO | step=2990/20000 loss=-0.370839 nll=-0.3722466 kl=0.002353873 consistency=0 lambda=0 beta=0.598 grad=25.99596 horizon=240 lifetime=[826,1052] skipped=False
2026-08-30 17:37:34,705 | INFO | validation step=3000 rmse=126.6728 best=126.6728@3000 stale=0/10
2026-08-30 17:37:34,706 | INFO | step=3000/20000 loss=-0.7329845 nll=-0.7346457 kl=0.002768601 consistency=0 lambda=0 beta=0.6 grad=29.92177 horizon=180 lifetime=[334,847] skipped=False
2026-08-30 17:37:35,124 | INFO | step=3010/20000 loss=-0.7919812 nll=-0.7926124 kl=0.001048499 consistency=0 lambda=0 beta=0.602 grad=19.64741 horizon=240 lifetime=[428,2237] skipped=False
2026-08-30 17:37:35,531 | INFO | step=3020/20000 loss=-0.6514057 nll=-0.6525669 kl=0.001922582 consistency=0 lambda=0 beta=0.604 grad=29.7795 horizon=280 lifetime=[470,2154] skipped=False
2026-08-30 17:37:35,939 | INFO | step=3030/20000 loss=-0.6969311 nll=-0.6978067 kl=0.001444863 consistency=0 lambda=0 beta=0.606 grad=15.11472 horizon=280 lifetime=[453,1055] skipped=False
2026-08-30 17:37:36,362 | INFO | step=3040/20000 loss=-0.405615 nll=-0.4072459 kl=0.002682455 consistency=0 lambda=0 beta=0.608 grad=20.01462 horizon=120 lifetime=[462,1052] skipped=False
2026-08-30 17:37:36,759 | INFO | step=3050/20000 loss=0.6688598 nll=0.6661062 kl=0.004514119 consistency=0 lambda=0 beta=0.61 grad=112.0182 horizon=220 lifetime=[486,1154] skipped=False
2026-08-30 17:37:37,144 | INFO | step=3060/20000 loss=-0.3984126 nll=-0.399218 kl=0.001316002 consistency=0 lambda=0 beta=0.612 grad=56.67139 horizon=280 lifetime=[428,1282] skipped=False
2026-08-30 17:37:37,536 | INFO | step=3070/20000 loss=2.822982 nll=2.820877 kl=0.003428556 consistency=0 lambda=0 beta=0.614 grad=314.0564 horizon=240 lifetime=[480,1154] skipped=False
2026-08-30 17:37:37,965 | INFO | step=3080/20000 loss=0.4693039 nll=0.4678471 kl=0.002364946 consistency=0 lambda=0 beta=0.616 grad=69.06986 horizon=100 lifetime=[428,1154] skipped=False
2026-08-30 17:37:38,373 | INFO | step=3090/20000 loss=0.578697 nll=0.5772554 kl=0.002332681 consistency=0 lambda=0 beta=0.618 grad=90.22678 horizon=160 lifetime=[460,1015] skipped=False
2026-08-30 17:37:38,744 | INFO | step=3100/20000 loss=0.1696919 nll=0.1676793 kl=0.003246022 consistency=0 lambda=0 beta=0.62 grad=41.99182 horizon=180 lifetime=[687,1858] skipped=False
2026-08-30 17:37:39,159 | INFO | step=3110/20000 loss=-0.6321556 nll=-0.6345951 kl=0.003922004 consistency=0 lambda=0 beta=0.622 grad=11.44481 horizon=300 lifetime=[599,1052] skipped=False
2026-08-30 17:37:39,567 | INFO | step=3120/20000 loss=-0.02777005 nll=-0.02892458 kl=0.001850214 consistency=0 lambda=0 beta=0.624 grad=28.2464 horizon=300 lifetime=[334,2237] skipped=False
2026-08-30 17:37:39,953 | INFO | step=3130/20000 loss=-0.8038401 nll=-0.8047563 kl=0.001463591 consistency=0 lambda=0 beta=0.626 grad=50.94404 horizon=260 lifetime=[488,871] skipped=False
2026-08-30 17:37:40,342 | INFO | step=3140/20000 loss=0.01918065 nll=0.01754694 kl=0.002601448 consistency=0 lambda=0 beta=0.628 grad=36.86381 horizon=100 lifetime=[334,988] skipped=False
2026-08-30 17:37:40,675 | INFO | step=3150/20000 loss=1.778496 nll=1.776788 kl=0.00270994 consistency=0 lambda=0 beta=0.63 grad=180.2334 horizon=140 lifetime=[453,1313] skipped=False
2026-08-30 17:37:41,093 | INFO | step=3160/20000 loss=-0.06670492 nll=-0.06758009 kl=0.001384763 consistency=0 lambda=0 beta=0.632 grad=39.28256 horizon=200 lifetime=[476,2237] skipped=False
2026-08-30 17:37:41,492 | INFO | step=3170/20000 loss=0.4516333 nll=0.4510269 kl=0.0009564757 consistency=0 lambda=0 beta=0.634 grad=65.81181 horizon=280 lifetime=[482,1858] skipped=False
2026-08-30 17:37:41,883 | INFO | step=3180/20000 loss=-0.3422743 nll=-0.3446961 kl=0.003807917 consistency=0 lambda=0 beta=0.636 grad=41.69609 horizon=100 lifetime=[460,1282] skipped=False
2026-08-30 17:37:42,317 | INFO | step=3190/20000 loss=-0.6004077 nll=-0.6015096 kl=0.00172713 consistency=0 lambda=0 beta=0.638 grad=20.1488 horizon=220 lifetime=[465,1091] skipped=False
2026-08-30 17:37:42,734 | INFO | step=3200/20000 loss=-0.6221864 nll=-0.6231312 kl=0.001476146 consistency=0 lambda=0 beta=0.64 grad=11.73625 horizon=240 lifetime=[461,1282] skipped=False
2026-08-30 17:37:43,116 | INFO | step=3210/20000 loss=-0.9426235 nll=-0.9450232 kl=0.003737867 consistency=0 lambda=0 beta=0.642 grad=17.85952 horizon=260 lifetime=[476,964] skipped=False
2026-08-30 17:37:43,484 | INFO | step=3220/20000 loss=-0.0617889 nll=-0.06309205 kl=0.002023526 consistency=0 lambda=0 beta=0.644 grad=12.87774 horizon=120 lifetime=[526,1313] skipped=False
2026-08-30 17:37:43,877 | INFO | step=3230/20000 loss=-0.5846381 nll=-0.5861554 kl=0.002348796 consistency=0 lambda=0 beta=0.646 grad=19.36403 horizon=240 lifetime=[599,891] skipped=False
2026-08-30 17:37:44,300 | INFO | step=3240/20000 loss=-0.7174411 nll=-0.7179431 kl=0.0007745847 consistency=0 lambda=0 beta=0.648 grad=11.04583 horizon=240 lifetime=[442,988] skipped=False
2026-08-30 17:37:44,707 | INFO | step=3250/20000 loss=-0.2253099 nll=-0.2259365 kl=0.0009639934 consistency=0 lambda=0 beta=0.65 grad=37.68518 horizon=100 lifetime=[488,1313] skipped=False
2026-08-30 17:37:45,116 | INFO | step=3260/20000 loss=-0.5522643 nll=-0.5539224 kl=0.002543181 consistency=0 lambda=0 beta=0.652 grad=33.84459 horizon=200 lifetime=[462,1045] skipped=False
2026-08-30 17:37:45,490 | INFO | step=3270/20000 loss=-0.08974853 nll=-0.09423403 kl=0.006858559 consistency=0 lambda=0 beta=0.654 grad=54.16741 horizon=100 lifetime=[461,1052] skipped=False
2026-08-30 17:37:45,877 | INFO | step=3280/20000 loss=1.111696 nll=1.111056 kl=0.0009754077 consistency=0 lambda=0 beta=0.656 grad=46.08029 horizon=100 lifetime=[462,1091] skipped=False
2026-08-30 17:37:46,270 | INFO | step=3290/20000 loss=-0.6764393 nll=-0.6767883 kl=0.0005303994 consistency=0 lambda=0 beta=0.658 grad=48.08652 horizon=220 lifetime=[465,1055] skipped=False
2026-08-30 17:37:46,670 | INFO | step=3300/20000 loss=-0.2894038 nll=-0.2904473 kl=0.001581023 consistency=0 lambda=0 beta=0.66 grad=105.1464 horizon=180 lifetime=[453,988] skipped=False
2026-08-30 17:37:47,070 | INFO | step=3310/20000 loss=-0.4416704 nll=-0.4423487 kl=0.001024615 consistency=0 lambda=0 beta=0.662 grad=30.35085 horizon=220 lifetime=[460,1313] skipped=False
2026-08-30 17:37:47,489 | INFO | step=3320/20000 loss=0.01374943 nll=0.01218883 kl=0.002350299 consistency=0 lambda=0 beta=0.664 grad=17.79676 horizon=120 lifetime=[774,2154] skipped=False
2026-08-30 17:37:47,925 | INFO | step=3330/20000 loss=-0.09193692 nll=-0.09322876 kl=0.001939699 consistency=0 lambda=0 beta=0.666 grad=200.969 horizon=280 lifetime=[465,891] skipped=False
2026-08-30 17:37:48,424 | INFO | step=3340/20000 loss=-0.8106873 nll=-0.8115625 kl=0.001310147 consistency=0 lambda=0 beta=0.668 grad=32.50143 horizon=300 lifetime=[461,933] skipped=False
2026-08-30 17:37:48,843 | INFO | step=3350/20000 loss=0.0634043 nll=0.06093085 kl=0.003691716 consistency=0 lambda=0 beta=0.67 grad=40.60115 horizon=140 lifetime=[453,1313] skipped=False
2026-08-30 17:37:49,205 | INFO | step=3360/20000 loss=-0.4731248 nll=-0.4742958 kl=0.001742534 consistency=0 lambda=0 beta=0.672 grad=47.96301 horizon=200 lifetime=[334,1858] skipped=False
2026-08-30 17:37:49,571 | INFO | step=3370/20000 loss=-0.2730978 nll=-0.2743529 kl=0.001862101 consistency=0 lambda=0 beta=0.674 grad=51.12791 horizon=220 lifetime=[442,1071] skipped=False
2026-08-30 17:37:49,976 | INFO | step=3380/20000 loss=-0.4943562 nll=-0.4950903 kl=0.001085982 consistency=0 lambda=0 beta=0.676 grad=47.12494 horizon=260 lifetime=[488,1091] skipped=False
2026-08-30 17:37:50,403 | INFO | step=3390/20000 loss=0.4993586 nll=0.4985636 kl=0.001172639 consistency=0 lambda=0 beta=0.678 grad=54.14579 horizon=160 lifetime=[428,1431] skipped=False
2026-08-30 17:37:50,805 | INFO | step=3400/20000 loss=-0.4440932 nll=-0.4453095 kl=0.001788773 consistency=0 lambda=0 beta=0.68 grad=42.32973 horizon=260 lifetime=[479,1045] skipped=False
2026-08-30 17:37:51,196 | INFO | step=3410/20000 loss=-0.6909984 nll=-0.6912361 kl=0.0003486201 consistency=0 lambda=0 beta=0.682 grad=14.96052 horizon=300 lifetime=[465,1007] skipped=False
2026-08-30 17:37:51,623 | INFO | step=3420/20000 loss=-0.6463212 nll=-0.6471846 kl=0.001262273 consistency=0 lambda=0 beta=0.684 grad=39.40289 horizon=300 lifetime=[428,871] skipped=False
2026-08-30 17:37:51,996 | INFO | step=3430/20000 loss=-0.7371982 nll=-0.7379098 kl=0.001037259 consistency=0 lambda=0 beta=0.686 grad=54.67263 horizon=180 lifetime=[428,868] skipped=False
2026-08-30 17:37:52,403 | INFO | step=3440/20000 loss=-0.2948641 nll=-0.2969271 kl=0.002998613 consistency=0 lambda=0 beta=0.688 grad=41.35946 horizon=300 lifetime=[334,2237] skipped=False
2026-08-30 17:37:52,815 | INFO | step=3450/20000 loss=-1.054582 nll=-1.055795 kl=0.001758873 consistency=0 lambda=0 beta=0.69 grad=28.43343 horizon=300 lifetime=[460,938] skipped=False
2026-08-30 17:37:53,193 | INFO | step=3460/20000 loss=-0.4028913 nll=-0.4034942 kl=0.0008712038 consistency=0 lambda=0 beta=0.692 grad=32.77815 horizon=300 lifetime=[476,1313] skipped=False
2026-08-30 17:37:53,578 | INFO | step=3470/20000 loss=-0.6348185 nll=-0.6356598 kl=0.001212232 consistency=0 lambda=0 beta=0.694 grad=65.31075 horizon=260 lifetime=[334,863] skipped=False
2026-08-30 17:37:53,963 | INFO | step=3480/20000 loss=0.237221 nll=0.2365893 kl=0.0009077042 consistency=0 lambda=0 beta=0.696 grad=28.89196 horizon=160 lifetime=[462,2154] skipped=False
2026-08-30 17:37:54,377 | INFO | step=3490/20000 loss=-0.2144033 nll=-0.2152109 kl=0.001157023 consistency=0 lambda=0 beta=0.698 grad=37.36517 horizon=240 lifetime=[428,1282] skipped=False
2026-08-30 17:37:55,088 | INFO | validation step=3500 rmse=126.2724 best=126.2724@3500 stale=0/10
2026-08-30 17:37:55,088 | INFO | step=3500/20000 loss=-0.2000924 nll=-0.2013918 kl=0.001856342 consistency=0 lambda=0 beta=0.7 grad=58.0552 horizon=220 lifetime=[476,964] skipped=False
2026-08-30 17:37:55,519 | INFO | step=3510/20000 loss=-0.278882 nll=-0.2801523 kl=0.00180956 consistency=0 lambda=0 beta=0.702 grad=19.42937 horizon=300 lifetime=[428,1431] skipped=False
2026-08-30 17:37:55,923 | INFO | step=3520/20000 loss=-0.287929 nll=-0.2915968 kl=0.005209927 consistency=0 lambda=0 beta=0.704 grad=86.93816 horizon=300 lifetime=[482,858] skipped=False
2026-08-30 17:37:56,327 | INFO | step=3530/20000 loss=-0.06566069 nll=-0.06650348 kl=0.001193758 consistency=0 lambda=0 beta=0.706 grad=85.14452 horizon=280 lifetime=[494,1015] skipped=False
2026-08-30 17:37:56,725 | INFO | step=3540/20000 loss=-0.3150017 nll=-0.3176593 kl=0.003753603 consistency=0 lambda=0 beta=0.708 grad=58.97387 horizon=240 lifetime=[476,1313] skipped=False
2026-08-30 17:37:57,163 | INFO | step=3550/20000 loss=-0.2269192 nll=-0.2275648 kl=0.0009091869 consistency=0 lambda=0 beta=0.71 grad=32.8307 horizon=180 lifetime=[453,1282] skipped=False
2026-08-30 17:37:57,589 | INFO | step=3560/20000 loss=-0.3708123 nll=-0.3723681 kl=0.002185136 consistency=0 lambda=0 beta=0.712 grad=11.38098 horizon=100 lifetime=[428,1313] skipped=False
2026-08-30 17:37:58,023 | INFO | step=3570/20000 loss=-0.996862 nll=-0.9976427 kl=0.001093447 consistency=0 lambda=0 beta=0.714 grad=22.9578 horizon=260 lifetime=[491,1015] skipped=False
2026-08-30 17:37:58,449 | INFO | step=3580/20000 loss=0.07506271 nll=0.07449949 kl=0.0007866323 consistency=0 lambda=0 beta=0.716 grad=76.70555 horizon=240 lifetime=[428,1154] skipped=False
2026-08-30 17:37:58,835 | INFO | step=3590/20000 loss=-0.6258691 nll=-0.6264603 kl=0.0008234382 consistency=0 lambda=0 beta=0.718 grad=29.51761 horizon=140 lifetime=[470,988] skipped=False
2026-08-30 17:37:59,253 | INFO | step=3600/20000 loss=-0.474837 nll=-0.4756823 kl=0.001174085 consistency=0 lambda=0 beta=0.72 grad=68.21254 horizon=240 lifetime=[614,930] skipped=False
2026-08-30 17:37:59,639 | INFO | step=3610/20000 loss=-0.823772 nll=-0.8247812 kl=0.001397803 consistency=0 lambda=0 beta=0.722 grad=105.0718 horizon=180 lifetime=[476,847] skipped=False
2026-08-30 17:38:00,033 | INFO | step=3620/20000 loss=-0.3577138 nll=-0.3584396 kl=0.001002505 consistency=0 lambda=0 beta=0.724 grad=44.57002 horizon=160 lifetime=[437,1007] skipped=False
2026-08-30 17:38:00,415 | INFO | step=3630/20000 loss=-0.4404915 nll=-0.4413933 kl=0.00124225 consistency=0 lambda=0 beta=0.726 grad=26.25854 horizon=140 lifetime=[462,891] skipped=False
2026-08-30 17:38:00,794 | INFO | step=3640/20000 loss=-0.571722 nll=-0.573793 kl=0.002844768 consistency=0 lambda=0 beta=0.728 grad=64.15519 horizon=160 lifetime=[437,869] skipped=False
2026-08-30 17:38:01,153 | INFO | step=3650/20000 loss=-0.5329531 nll=-0.5336689 kl=0.00098055 consistency=0 lambda=0 beta=0.73 grad=97.67332 horizon=240 lifetime=[462,1061] skipped=False
2026-08-30 17:38:01,539 | INFO | step=3660/20000 loss=0.1257919 nll=0.1247345 kl=0.001444596 consistency=0 lambda=0 beta=0.732 grad=30.75698 horizon=100 lifetime=[428,1858] skipped=False
2026-08-30 17:38:01,959 | INFO | step=3670/20000 loss=0.2064837 nll=0.2054471 kl=0.001412215 consistency=0 lambda=0 beta=0.734 grad=46.52748 horizon=220 lifetime=[486,1431] skipped=False
2026-08-30 17:38:02,397 | INFO | step=3680/20000 loss=-0.8263862 nll=-0.8270302 kl=0.00087504 consistency=0 lambda=0 beta=0.736 grad=19.65749 horizon=220 lifetime=[501,891] skipped=False
2026-08-30 17:38:02,800 | INFO | step=3690/20000 loss=-0.717499 nll=-0.7178017 kl=0.0004102699 consistency=0 lambda=0 beta=0.738 grad=68.8851 horizon=260 lifetime=[476,1012] skipped=False
2026-08-30 17:38:03,202 | INFO | step=3700/20000 loss=-0.4842229 nll=-0.4849463 kl=0.0009774268 consistency=0 lambda=0 beta=0.74 grad=23.23277 horizon=200 lifetime=[477,1282] skipped=False
2026-08-30 17:38:03,608 | INFO | step=3710/20000 loss=0.4607755 nll=0.4599971 kl=0.001048997 consistency=0 lambda=0 beta=0.742 grad=57.88522 horizon=160 lifetime=[428,868] skipped=False
2026-08-30 17:38:03,963 | INFO | step=3720/20000 loss=-0.5516736 nll=-0.5522453 kl=0.0007683635 consistency=0 lambda=0 beta=0.744 grad=55.60214 horizon=100 lifetime=[453,938] skipped=False
2026-08-30 17:38:04,350 | INFO | step=3730/20000 loss=-0.2319299 nll=-0.232597 kl=0.0008942932 consistency=0 lambda=0 beta=0.746 grad=22.77806 horizon=160 lifetime=[614,1007] skipped=False
2026-08-30 17:38:04,763 | INFO | step=3740/20000 loss=-0.8923237 nll=-0.8935007 kl=0.001573592 consistency=0 lambda=0 beta=0.748 grad=37.09539 horizon=200 lifetime=[476,1007] skipped=False
2026-08-30 17:38:05,146 | INFO | step=3750/20000 loss=1.663471 nll=1.662826 kl=0.000859648 consistency=0 lambda=0 beta=0.75 grad=181.2283 horizon=160 lifetime=[476,921] skipped=False
2026-08-30 17:38:05,591 | INFO | step=3760/20000 loss=-1.158276 nll=-1.158916 kl=0.0008507147 consistency=0 lambda=0 beta=0.752 grad=19.21792 horizon=200 lifetime=[442,858] skipped=False
2026-08-30 17:38:05,959 | INFO | step=3770/20000 loss=-0.4772094 nll=-0.4791792 kl=0.002612494 consistency=0 lambda=0 beta=0.754 grad=13.5133 horizon=180 lifetime=[607,2154] skipped=False
2026-08-30 17:38:06,366 | INFO | step=3780/20000 loss=1.031067 nll=1.02917 kl=0.002509616 consistency=0 lambda=0 beta=0.756 grad=152.0759 horizon=140 lifetime=[597,1282] skipped=False
2026-08-30 17:38:06,799 | INFO | step=3790/20000 loss=-0.5834876 nll=-0.5846586 kl=0.001544885 consistency=0 lambda=0 beta=0.758 grad=34.98185 horizon=260 lifetime=[334,1154] skipped=False
2026-08-30 17:38:07,289 | INFO | step=3800/20000 loss=-0.4269938 nll=-0.4278511 kl=0.0011281 consistency=0 lambda=0 beta=0.76 grad=86.99948 horizon=260 lifetime=[453,1154] skipped=False
2026-08-30 17:38:07,711 | INFO | step=3810/20000 loss=-0.5895666 nll=-0.5899849 kl=0.000548847 consistency=0 lambda=0 beta=0.762 grad=21.00122 horizon=160 lifetime=[465,852] skipped=False
2026-08-30 17:38:08,098 | INFO | step=3820/20000 loss=0.6973765 nll=0.696538 kl=0.00109756 consistency=0 lambda=0 beta=0.764 grad=89.16675 horizon=100 lifetime=[560,1052] skipped=False
2026-08-30 17:38:08,491 | INFO | step=3830/20000 loss=-0.7937493 nll=-0.7947258 kl=0.001274809 consistency=0 lambda=0 beta=0.766 grad=70.26843 horizon=160 lifetime=[428,1012] skipped=False
2026-08-30 17:38:08,939 | INFO | step=3840/20000 loss=-0.281621 nll=-0.2822928 kl=0.0008747876 consistency=0 lambda=0 beta=0.768 grad=27.84828 horizon=280 lifetime=[482,777] skipped=False
2026-08-30 17:38:09,367 | INFO | step=3850/20000 loss=-0.6558904 nll=-0.6567687 kl=0.001140609 consistency=0 lambda=0 beta=0.77 grad=17.89001 horizon=140 lifetime=[479,1052] skipped=False
2026-08-30 17:38:09,755 | INFO | step=3860/20000 loss=0.08332254 nll=0.08202625 kl=0.00167913 consistency=0 lambda=0 beta=0.772 grad=62.44306 horizon=100 lifetime=[453,1012] skipped=False
2026-08-30 17:38:10,170 | INFO | step=3870/20000 loss=-0.2723508 nll=-0.2731776 kl=0.00106816 consistency=0 lambda=0 beta=0.774 grad=52.33485 horizon=240 lifetime=[334,1313] skipped=False
2026-08-30 17:38:10,554 | INFO | step=3880/20000 loss=-0.1775044 nll=-0.1793248 kl=0.00234592 consistency=0 lambda=0 beta=0.776 grad=27.30604 horizon=140 lifetime=[482,1015] skipped=False
2026-08-30 17:38:10,999 | INFO | step=3890/20000 loss=-0.6720926 nll=-0.673376 kl=0.001649648 consistency=0 lambda=0 beta=0.778 grad=25.09443 horizon=300 lifetime=[428,1071] skipped=False
2026-08-30 17:38:11,426 | INFO | step=3900/20000 loss=-1.008185 nll=-1.00977 kl=0.002032377 consistency=0 lambda=0 beta=0.78 grad=25.2486 horizon=200 lifetime=[486,930] skipped=False
2026-08-30 17:38:11,824 | INFO | step=3910/20000 loss=0.07928541 nll=0.07748361 kl=0.0023041 consistency=0 lambda=0 beta=0.782 grad=64.16499 horizon=100 lifetime=[437,1007] skipped=False
2026-08-30 17:38:12,274 | INFO | step=3920/20000 loss=0.06053548 nll=0.05965194 kl=0.00112696 consistency=0 lambda=0 beta=0.784 grad=45.53234 horizon=280 lifetime=[484,1858] skipped=False
2026-08-30 17:38:12,651 | INFO | step=3930/20000 loss=-0.3701147 nll=-0.3712405 kl=0.001432281 consistency=0 lambda=0 beta=0.786 grad=11.66918 horizon=120 lifetime=[465,1858] skipped=False
2026-08-30 17:38:13,051 | INFO | step=3940/20000 loss=-0.7293428 nll=-0.7301337 kl=0.001003722 consistency=0 lambda=0 beta=0.788 grad=11.27754 horizon=240 lifetime=[334,1282] skipped=False
2026-08-30 17:38:13,426 | INFO | step=3950/20000 loss=-0.2508091 nll=-0.2528921 kl=0.002636712 consistency=0 lambda=0 beta=0.79 grad=63.94713 horizon=260 lifetime=[533,1705] skipped=False
2026-08-30 17:38:13,790 | INFO | step=3960/20000 loss=-0.7078834 nll=-0.709143 kl=0.001590444 consistency=0 lambda=0 beta=0.792 grad=20.64462 horizon=120 lifetime=[460,858] skipped=False
2026-08-30 17:38:14,200 | INFO | step=3970/20000 loss=-0.7304751 nll=-0.732159 kl=0.002120744 consistency=0 lambda=0 beta=0.794 grad=57.91941 horizon=200 lifetime=[476,938] skipped=False
2026-08-30 17:38:14,598 | INFO | step=3980/20000 loss=0.2473203 nll=0.245866 kl=0.001827061 consistency=0 lambda=0 beta=0.796 grad=22.26925 horizon=100 lifetime=[147,1431] skipped=False
2026-08-30 17:38:14,967 | INFO | step=3990/20000 loss=-0.6717365 nll=-0.6727756 kl=0.001302134 consistency=0 lambda=0 beta=0.798 grad=78.01834 horizon=260 lifetime=[334,930] skipped=False
2026-08-30 17:38:15,657 | INFO | validation step=4000 rmse=123.9911 best=123.9911@4000 stale=0/10
2026-08-30 17:38:15,657 | INFO | step=4000/20000 loss=0.1023934 nll=0.1018693 kl=0.0006551519 consistency=0 lambda=0 beta=0.8 grad=36.42634 horizon=120 lifetime=[147,1007] skipped=False
2026-08-30 17:38:16,112 | INFO | step=4010/20000 loss=-0.1680303 nll=-0.1709527 kl=0.003643831 consistency=0 lambda=0 beta=0.802 grad=76.37098 horizon=140 lifetime=[334,921] skipped=False
2026-08-30 17:38:16,515 | INFO | step=4020/20000 loss=0.3818181 nll=0.3809987 kl=0.001019225 consistency=0 lambda=0 beta=0.804 grad=78.86983 horizon=140 lifetime=[437,1091] skipped=False
2026-08-30 17:38:16,957 | INFO | step=4030/20000 loss=0.09472379 nll=0.09421784 kl=0.0006277375 consistency=0 lambda=0 beta=0.806 grad=114.6429 horizon=280 lifetime=[480,1313] skipped=False
2026-08-30 17:38:17,339 | INFO | step=4040/20000 loss=-0.8466036 nll=-0.8470986 kl=0.0006126352 consistency=0 lambda=0 beta=0.808 grad=13.42874 horizon=200 lifetime=[460,2237] skipped=False
2026-08-30 17:38:17,745 | INFO | step=4050/20000 loss=-0.2111009 nll=-0.2121411 kl=0.001284201 consistency=0 lambda=0 beta=0.81 grad=50.7102 horizon=300 lifetime=[476,1091] skipped=False
2026-08-30 17:38:18,139 | INFO | step=4060/20000 loss=-0.7419184 nll=-0.7427444 kl=0.001017272 consistency=0 lambda=0 beta=0.812 grad=54.24303 horizon=200 lifetime=[334,1061] skipped=False
2026-08-30 17:38:18,506 | INFO | step=4070/20000 loss=-0.1658626 nll=-0.1687732 kl=0.003575616 consistency=0 lambda=0 beta=0.814 grad=41.04334 horizon=180 lifetime=[484,1061] skipped=False
2026-08-30 17:38:18,843 | INFO | step=4080/20000 loss=0.1588347 nll=0.1569523 kl=0.002306931 consistency=0 lambda=0 beta=0.816 grad=26.43097 horizon=120 lifetime=[147,1154] skipped=False
2026-08-30 17:38:19,245 | INFO | step=4090/20000 loss=-0.784215 nll=-0.7852632 kl=0.001281336 consistency=0 lambda=0 beta=0.818 grad=19.00201 horizon=240 lifetime=[460,2154] skipped=False
2026-08-30 17:38:19,630 | INFO | step=4100/20000 loss=-0.2206854 nll=-0.221146 kl=0.0005616993 consistency=0 lambda=0 beta=0.82 grad=69.03362 horizon=200 lifetime=[428,1015] skipped=False
2026-08-30 17:38:20,050 | INFO | step=4110/20000 loss=-1.094063 nll=-1.094877 kl=0.0009904578 consistency=0 lambda=0 beta=0.822 grad=30.67364 horizon=240 lifetime=[465,1313] skipped=False
2026-08-30 17:38:20,442 | INFO | step=4120/20000 loss=-0.6592777 nll=-0.6610081 kl=0.002100065 consistency=0 lambda=0 beta=0.824 grad=139.4697 horizon=200 lifetime=[428,933] skipped=False
2026-08-30 17:38:20,841 | INFO | step=4130/20000 loss=0.004703088 nll=0.004056096 kl=0.0007832833 consistency=0 lambda=0 beta=0.826 grad=22.20482 horizon=180 lifetime=[494,1282] skipped=False
2026-08-30 17:38:21,246 | INFO | step=4140/20000 loss=-0.6362319 nll=-0.6367977 kl=0.0006833151 consistency=0 lambda=0 beta=0.828 grad=33.84677 horizon=260 lifetime=[462,1282] skipped=False
2026-08-30 17:38:21,669 | INFO | step=4150/20000 loss=0.1497282 nll=0.1462185 kl=0.004228607 consistency=0 lambda=0 beta=0.83 grad=24.76132 horizon=100 lifetime=[428,1313] skipped=False
2026-08-30 17:38:22,063 | INFO | step=4160/20000 loss=0.1353733 nll=0.1347284 kl=0.0007751808 consistency=0 lambda=0 beta=0.832 grad=27.44477 horizon=100 lifetime=[486,1091] skipped=False
2026-08-30 17:38:22,467 | INFO | step=4170/20000 loss=-0.2283964 nll=-0.2289437 kl=0.0006562397 consistency=0 lambda=0 beta=0.834 grad=61.28536 horizon=180 lifetime=[486,1091] skipped=False
2026-08-30 17:38:22,883 | INFO | step=4180/20000 loss=-0.08345164 nll=-0.08425619 kl=0.000962384 consistency=0 lambda=0 beta=0.836 grad=81.51311 horizon=120 lifetime=[442,1052] skipped=False
2026-08-30 17:38:23,295 | INFO | step=4190/20000 loss=-0.6556151 nll=-0.6567399 kl=0.001342259 consistency=0 lambda=0 beta=0.838 grad=61.05208 horizon=300 lifetime=[460,1282] skipped=False
2026-08-30 17:38:23,697 | INFO | step=4200/20000 loss=-0.459193 nll=-0.4612809 kl=0.002485594 consistency=0 lambda=0 beta=0.84 grad=50.16172 horizon=120 lifetime=[460,1007] skipped=False
2026-08-30 17:38:24,116 | INFO | step=4210/20000 loss=-0.184108 nll=-0.1846943 kl=0.0006962419 consistency=0 lambda=0 beta=0.842 grad=49.74407 horizon=260 lifetime=[428,2237] skipped=False
2026-08-30 17:38:24,545 | INFO | step=4220/20000 loss=-0.5585621 nll=-0.5594735 kl=0.00107984 consistency=0 lambda=0 beta=0.844 grad=33.39325 horizon=140 lifetime=[428,1015] skipped=False
2026-08-30 17:38:24,935 | INFO | step=4230/20000 loss=-0.88842 nll=-0.8891222 kl=0.0008301102 consistency=0 lambda=0 beta=0.846 grad=32.73445 horizon=200 lifetime=[460,1015] skipped=False
2026-08-30 17:38:25,358 | INFO | step=4240/20000 loss=-0.9126583 nll=-0.9133018 kl=0.0007588342 consistency=0 lambda=0 beta=0.848 grad=53.5509 horizon=300 lifetime=[453,1091] skipped=False
2026-08-30 17:38:25,769 | INFO | step=4250/20000 loss=-0.5481272 nll=-0.5486891 kl=0.0006609634 consistency=0 lambda=0 beta=0.85 grad=108.7069 horizon=200 lifetime=[479,847] skipped=False
2026-08-30 17:38:26,188 | INFO | step=4260/20000 loss=-0.9594328 nll=-0.9612067 kl=0.002081946 consistency=0 lambda=0 beta=0.852 grad=29.2225 horizon=220 lifetime=[482,1015] skipped=False
2026-08-30 17:38:26,584 | INFO | step=4270/20000 loss=-0.1781727 nll=-0.1791378 kl=0.001130193 consistency=0 lambda=0 beta=0.854 grad=81.64655 horizon=120 lifetime=[470,858] skipped=False
2026-08-30 17:38:27,008 | INFO | step=4280/20000 loss=0.5275741 nll=0.5268303 kl=0.0008689538 consistency=0 lambda=0 beta=0.856 grad=113.5103 horizon=240 lifetime=[476,2237] skipped=False
2026-08-30 17:38:27,398 | INFO | step=4290/20000 loss=0.3683277 nll=0.3667826 kl=0.001800805 consistency=0 lambda=0 beta=0.858 grad=55.55732 horizon=220 lifetime=[491,2237] skipped=False
2026-08-30 17:38:27,796 | INFO | step=4300/20000 loss=-0.354615 nll=-0.3565209 kl=0.002216175 consistency=0 lambda=0 beta=0.86 grad=96.02805 horizon=240 lifetime=[526,964] skipped=False
2026-08-30 17:38:28,213 | INFO | step=4310/20000 loss=-0.6073921 nll=-0.6095719 kl=0.002528816 consistency=0 lambda=0 beta=0.862 grad=43.80429 horizon=140 lifetime=[428,2237] skipped=False
2026-08-30 17:38:28,638 | INFO | step=4320/20000 loss=0.08425031 nll=0.08194534 kl=0.002667785 consistency=0 lambda=0 beta=0.864 grad=25.57771 horizon=120 lifetime=[147,1705] skipped=False
2026-08-30 17:38:29,077 | INFO | step=4330/20000 loss=0.9969506 nll=0.9962099 kl=0.0008553267 consistency=0 lambda=0 beta=0.866 grad=189.6589 horizon=260 lifetime=[470,1282] skipped=False
2026-08-30 17:38:29,484 | INFO | step=4340/20000 loss=-0.5659703 nll=-0.5676364 kl=0.001919463 consistency=0 lambda=0 beta=0.868 grad=65.93633 horizon=240 lifetime=[477,1431] skipped=False
2026-08-30 17:38:29,960 | INFO | step=4350/20000 loss=-1.151577 nll=-1.152575 kl=0.001147389 consistency=0 lambda=0 beta=0.87 grad=97.68247 horizon=280 lifetime=[465,877] skipped=False
2026-08-30 17:38:30,348 | INFO | step=4360/20000 loss=-0.191601 nll=-0.1935469 kl=0.002231501 consistency=0 lambda=0 beta=0.872 grad=37.6272 horizon=160 lifetime=[526,988] skipped=False
2026-08-30 17:38:30,736 | INFO | step=4370/20000 loss=-0.01890838 nll=-0.02080279 kl=0.002167513 consistency=0 lambda=0 beta=0.874 grad=19.13035 horizon=120 lifetime=[480,1282] skipped=False
2026-08-30 17:38:31,142 | INFO | step=4380/20000 loss=-0.04544932 nll=-0.04578978 kl=0.0003886487 consistency=0 lambda=0 beta=0.876 grad=110.1395 horizon=280 lifetime=[476,1061] skipped=False
2026-08-30 17:38:31,571 | INFO | step=4390/20000 loss=-0.1424028 nll=-0.1433162 kl=0.001040313 consistency=0 lambda=0 beta=0.878 grad=70.202 horizon=200 lifetime=[461,1705] skipped=False
2026-08-30 17:38:31,950 | INFO | step=4400/20000 loss=-0.5109972 nll=-0.5119058 kl=0.001032554 consistency=0 lambda=0 beta=0.88 grad=147.6642 horizon=260 lifetime=[453,1015] skipped=False
2026-08-30 17:38:32,350 | INFO | step=4410/20000 loss=-0.4295539 nll=-0.4304343 kl=0.0009982139 consistency=0 lambda=0 beta=0.882 grad=43.52822 horizon=260 lifetime=[334,1282] skipped=False
2026-08-30 17:38:32,789 | INFO | step=4420/20000 loss=-0.6396393 nll=-0.6414499 kl=0.002048165 consistency=0 lambda=0 beta=0.884 grad=16.73911 horizon=300 lifetime=[428,921] skipped=False
2026-08-30 17:38:33,210 | INFO | step=4430/20000 loss=-0.8286031 nll=-0.8291763 kl=0.0006469414 consistency=0 lambda=0 beta=0.886 grad=77.12196 horizon=220 lifetime=[461,921] skipped=False
2026-08-30 17:38:33,583 | INFO | step=4440/20000 loss=-0.938895 nll=-0.9401087 kl=0.001366746 consistency=0 lambda=0 beta=0.888 grad=20.47935 horizon=200 lifetime=[442,1858] skipped=False
2026-08-30 17:38:33,976 | INFO | step=4450/20000 loss=-0.4147726 nll=-0.4161268 kl=0.001521528 consistency=0 lambda=0 beta=0.89 grad=26.38712 horizon=120 lifetime=[460,1705] skipped=False
2026-08-30 17:38:34,326 | INFO | step=4460/20000 loss=-0.4932622 nll=-0.4962788 kl=0.003381774 consistency=0 lambda=0 beta=0.892 grad=23.21754 horizon=140 lifetime=[512,1705] skipped=False
2026-08-30 17:38:34,738 | INFO | step=4470/20000 loss=-0.7407788 nll=-0.7418301 kl=0.00117597 consistency=0 lambda=0 beta=0.894 grad=39.15231 horizon=240 lifetime=[484,1055] skipped=False
2026-08-30 17:38:35,086 | INFO | step=4480/20000 loss=0.5877028 nll=0.5865211 kl=0.001318723 consistency=0 lambda=0 beta=0.896 grad=97.01775 horizon=220 lifetime=[428,1012] skipped=False
2026-08-30 17:38:35,506 | INFO | step=4490/20000 loss=-0.7203192 nll=-0.7214274 kl=0.00123401 consistency=0 lambda=0 beta=0.898 grad=27.90378 horizon=180 lifetime=[334,1091] skipped=False
2026-08-30 17:38:36,218 | INFO | validation step=4500 rmse=104.937 best=104.937@4500 stale=0/10
2026-08-30 17:38:36,218 | INFO | step=4500/20000 loss=-0.5321486 nll=-0.5328751 kl=0.0008072555 consistency=0 lambda=0 beta=0.9 grad=35.40434 horizon=240 lifetime=[476,2154] skipped=False
2026-08-30 17:38:36,685 | INFO | step=4510/20000 loss=-0.9004067 nll=-0.9007551 kl=0.0003862157 consistency=0 lambda=0 beta=0.902 grad=13.6796 horizon=260 lifetime=[526,1858] skipped=False
2026-08-30 17:38:37,131 | INFO | step=4520/20000 loss=-0.5405738 nll=-0.5413919 kl=0.0009050146 consistency=0 lambda=0 beta=0.904 grad=72.58928 horizon=280 lifetime=[428,1015] skipped=False
2026-08-30 17:38:37,516 | INFO | step=4530/20000 loss=-0.6369612 nll=-0.6378919 kl=0.001027197 consistency=0 lambda=0 beta=0.906 grad=54.12008 horizon=160 lifetime=[428,964] skipped=False
2026-08-30 17:38:37,893 | INFO | step=4540/20000 loss=-0.7878199 nll=-0.7901862 kl=0.002605975 consistency=0 lambda=0 beta=0.908 grad=35.66369 horizon=300 lifetime=[519,1052] skipped=False
2026-08-30 17:38:38,263 | INFO | step=4550/20000 loss=-0.7650719 nll=-0.7660362 kl=0.001059666 consistency=0 lambda=0 beta=0.91 grad=23.31854 horizon=120 lifetime=[461,826] skipped=False
2026-08-30 17:38:38,684 | INFO | step=4560/20000 loss=-0.84189 nll=-0.8428662 kl=0.001070395 consistency=0 lambda=0 beta=0.912 grad=54.5254 horizon=280 lifetime=[480,1061] skipped=False
2026-08-30 17:38:39,109 | INFO | step=4570/20000 loss=-0.3254043 nll=-0.3268575 kl=0.001589961 consistency=0 lambda=0 beta=0.914 grad=11.1564 horizon=160 lifetime=[491,2154] skipped=False
2026-08-30 17:38:39,493 | INFO | step=4580/20000 loss=0.2389541 nll=0.2366382 kl=0.002528243 consistency=0 lambda=0 beta=0.916 grad=62.02145 horizon=160 lifetime=[437,988] skipped=False
2026-08-30 17:38:39,942 | INFO | step=4590/20000 loss=-0.4446285 nll=-0.4454265 kl=0.0008691959 consistency=0 lambda=0 beta=0.918 grad=91.11509 horizon=200 lifetime=[461,1007] skipped=False
2026-08-30 17:38:40,352 | INFO | step=4600/20000 loss=-0.4557476 nll=-0.4565697 kl=0.0008936413 consistency=0 lambda=0 beta=0.92 grad=19.99578 horizon=120 lifetime=[147,2154] skipped=False
2026-08-30 17:38:40,752 | INFO | step=4610/20000 loss=-1.220765 nll=-1.222772 kl=0.002177615 consistency=0 lambda=0 beta=0.922 grad=49.75486 horizon=300 lifetime=[428,988] skipped=False
2026-08-30 17:38:41,243 | INFO | step=4620/20000 loss=-0.8568261 nll=-0.8571988 kl=0.000403285 consistency=0 lambda=0 beta=0.924 grad=127.3528 horizon=220 lifetime=[460,871] skipped=False
2026-08-30 17:38:41,625 | INFO | step=4630/20000 loss=-0.5765862 nll=-0.5774405 kl=0.0009225458 consistency=0 lambda=0 beta=0.926 grad=69.01336 horizon=140 lifetime=[460,1091] skipped=False
2026-08-30 17:38:42,030 | INFO | step=4640/20000 loss=0.005796611 nll=0.004605547 kl=0.001283474 consistency=0 lambda=0 beta=0.928 grad=35.19307 horizon=160 lifetime=[512,2237] skipped=False
2026-08-30 17:38:42,432 | INFO | step=4650/20000 loss=-0.1365186 nll=-0.1377351 kl=0.001308084 consistency=0 lambda=0 beta=0.93 grad=78.9608 horizon=120 lifetime=[460,2154] skipped=False
2026-08-30 17:38:42,779 | INFO | step=4660/20000 loss=-0.627774 nll=-0.6286336 kl=0.0009223446 consistency=0 lambda=0 beta=0.932 grad=23.52697 horizon=140 lifetime=[470,2237] skipped=False
2026-08-30 17:38:43,143 | INFO | step=4670/20000 loss=0.7256765 nll=0.7243442 kl=0.001426417 consistency=0 lambda=0 beta=0.934 grad=88.94836 horizon=160 lifetime=[498,1154] skipped=False
2026-08-30 17:38:43,548 | INFO | step=4680/20000 loss=-0.8730941 nll=-0.8752244 kl=0.002275854 consistency=0 lambda=0 beta=0.936 grad=20.96833 horizon=260 lifetime=[334,2237] skipped=False
2026-08-30 17:38:43,986 | INFO | step=4690/20000 loss=-0.7772264 nll=-0.7778478 kl=0.0006624199 consistency=0 lambda=0 beta=0.938 grad=32.25366 horizon=220 lifetime=[470,871] skipped=False
2026-08-30 17:38:44,556 | INFO | step=4700/20000 loss=-0.7245017 nll=-0.7250205 kl=0.0005519018 consistency=0 lambda=0 beta=0.94 grad=22.98502 horizon=140 lifetime=[470,2237] skipped=False
2026-08-30 17:38:44,987 | INFO | step=4710/20000 loss=-0.8533783 nll=-0.8543435 kl=0.001024656 consistency=0 lambda=0 beta=0.942 grad=56.50183 horizon=180 lifetime=[460,2237] skipped=False
2026-08-30 17:38:45,401 | INFO | step=4720/20000 loss=-0.04255643 nll=-0.04366478 kl=0.0011741 consistency=0 lambda=0 beta=0.944 grad=91.59666 horizon=160 lifetime=[480,1012] skipped=False
2026-08-30 17:38:45,805 | INFO | step=4730/20000 loss=-0.810272 nll=-0.8125424 kl=0.002399988 consistency=0 lambda=0 beta=0.946 grad=30.27807 horizon=300 lifetime=[437,794] skipped=False
2026-08-30 17:38:46,214 | INFO | step=4740/20000 loss=-0.0706908 nll=-0.07092807 kl=0.0002502874 consistency=0 lambda=0 beta=0.948 grad=60.79256 horizon=160 lifetime=[460,1282] skipped=False
2026-08-30 17:38:46,596 | INFO | step=4750/20000 loss=-1.170985 nll=-1.172136 kl=0.001211446 consistency=0 lambda=0 beta=0.95 grad=31.49191 horizon=300 lifetime=[477,2237] skipped=False
2026-08-30 17:38:47,001 | INFO | step=4760/20000 loss=-1.280529 nll=-1.282631 kl=0.002207857 consistency=0 lambda=0 beta=0.952 grad=40.36463 horizon=300 lifetime=[460,818] skipped=False
2026-08-30 17:38:47,377 | INFO | step=4770/20000 loss=-0.7140905 nll=-0.7144029 kl=0.0003275042 consistency=0 lambda=0 beta=0.954 grad=147.2083 horizon=160 lifetime=[442,1858] skipped=False
2026-08-30 17:38:47,795 | INFO | step=4780/20000 loss=-0.5776325 nll=-0.578061 kl=0.0004481301 consistency=0 lambda=0 beta=0.956 grad=143.6666 horizon=160 lifetime=[453,1705] skipped=False
2026-08-30 17:38:48,207 | INFO | step=4790/20000 loss=0.01671542 nll=0.01490393 kl=0.001890905 consistency=0 lambda=0 beta=0.958 grad=43.74078 horizon=100 lifetime=[428,1431] skipped=False
2026-08-30 17:38:48,596 | INFO | step=4800/20000 loss=-0.7834228 nll=-0.7842811 kl=0.0008940632 consistency=0 lambda=0 beta=0.96 grad=54.67366 horizon=200 lifetime=[442,921] skipped=False
2026-08-30 17:38:49,010 | INFO | step=4810/20000 loss=-1.016395 nll=-1.017455 kl=0.001102423 consistency=0 lambda=0 beta=0.962 grad=44.64705 horizon=280 lifetime=[465,1052] skipped=False
2026-08-30 17:38:49,394 | INFO | step=4820/20000 loss=4.735677 nll=4.735319 kl=0.0003719102 consistency=0 lambda=0 beta=0.964 grad=538.0207 horizon=300 lifetime=[460,1705] skipped=False
2026-08-30 17:38:49,782 | INFO | step=4830/20000 loss=-0.9627911 nll=-0.9635413 kl=0.0007766148 consistency=0 lambda=0 beta=0.966 grad=49.70489 horizon=260 lifetime=[461,964] skipped=False
2026-08-30 17:38:50,208 | INFO | step=4840/20000 loss=-0.508971 nll=-0.5097598 kl=0.000814938 consistency=0 lambda=0 beta=0.968 grad=15.10328 horizon=220 lifetime=[519,1015] skipped=False
2026-08-30 17:38:50,654 | INFO | step=4850/20000 loss=-0.2918205 nll=-0.2921799 kl=0.0003704485 consistency=0 lambda=0 beta=0.97 grad=68.55608 horizon=240 lifetime=[557,1431] skipped=False
2026-08-30 17:38:51,049 | INFO | step=4860/20000 loss=-1.173142 nll=-1.174085 kl=0.0009706616 consistency=0 lambda=0 beta=0.972 grad=25.30384 horizon=200 lifetime=[462,1007] skipped=False
2026-08-30 17:38:51,399 | INFO | step=4870/20000 loss=-0.4624304 nll=-0.4631251 kl=0.000713259 consistency=0 lambda=0 beta=0.974 grad=37.05301 horizon=120 lifetime=[470,1045] skipped=False
2026-08-30 17:38:51,793 | INFO | step=4880/20000 loss=-0.2732584 nll=-0.2738875 kl=0.0006446615 consistency=0 lambda=0 beta=0.976 grad=56.03674 horizon=300 lifetime=[428,1154] skipped=False
2026-08-30 17:38:52,244 | INFO | step=4890/20000 loss=-0.6767031 nll=-0.6772482 kl=0.0005573444 consistency=0 lambda=0 beta=0.978 grad=72.64346 horizon=280 lifetime=[453,1061] skipped=False
2026-08-30 17:38:52,598 | INFO | step=4900/20000 loss=0.5621346 nll=0.5613917 kl=0.0007579923 consistency=0 lambda=0 beta=0.98 grad=125.8473 horizon=200 lifetime=[476,2237] skipped=False
2026-08-30 17:38:52,969 | INFO | step=4910/20000 loss=-0.9179528 nll=-0.9192715 kl=0.001342885 consistency=0 lambda=0 beta=0.982 grad=32.32045 horizon=220 lifetime=[437,707] skipped=False
2026-08-30 17:38:53,404 | INFO | step=4920/20000 loss=-0.576351 nll=-0.5768974 kl=0.0005553588 consistency=0 lambda=0 beta=0.984 grad=71.15442 horizon=300 lifetime=[453,1055] skipped=False
2026-08-30 17:38:53,787 | INFO | step=4930/20000 loss=-0.4529514 nll=-0.4542842 kl=0.001351669 consistency=0 lambda=0 beta=0.986 grad=89.77608 horizon=300 lifetime=[512,1282] skipped=False
2026-08-30 17:38:54,151 | INFO | step=4940/20000 loss=-0.4535339 nll=-0.4550215 kl=0.001505621 consistency=0 lambda=0 beta=0.988 grad=29.56718 horizon=120 lifetime=[453,858] skipped=False
2026-08-30 17:38:54,566 | INFO | step=4950/20000 loss=-0.883749 nll=-0.8841577 kl=0.0004128218 consistency=0 lambda=0 beta=0.99 grad=114.6478 horizon=280 lifetime=[453,1858] skipped=False
2026-08-30 17:38:54,964 | INFO | step=4960/20000 loss=0.47306 nll=0.472045 kl=0.001023196 consistency=0 lambda=0 beta=0.992 grad=73.62012 horizon=100 lifetime=[482,2237] skipped=False
2026-08-30 17:38:55,333 | INFO | step=4970/20000 loss=-0.8871457 nll=-0.8878548 kl=0.0007133782 consistency=0 lambda=0 beta=0.994 grad=75.22021 horizon=240 lifetime=[428,1052] skipped=False
2026-08-30 17:38:55,738 | INFO | step=4980/20000 loss=-0.7760731 nll=-0.7764418 kl=0.0003701933 consistency=0 lambda=0 beta=0.996 grad=52.39915 horizon=240 lifetime=[428,1007] skipped=False
2026-08-30 17:38:56,124 | INFO | step=4990/20000 loss=-0.6948946 nll=-0.6956096 kl=0.0007165037 consistency=0 lambda=0 beta=0.998 grad=190.1005 horizon=220 lifetime=[460,2237] skipped=False
2026-08-30 17:38:56,800 | INFO | validation step=5000 rmse=102.689 best=102.689@5000 stale=0/10
2026-08-30 17:38:56,800 | INFO | step=5000/20000 loss=-0.8272746 nll=-0.8276676 kl=0.0003929809 consistency=0 lambda=0 beta=1 grad=74.8901 horizon=200 lifetime=[442,1055] skipped=False
2026-08-30 17:38:57,240 | INFO | step=5010/20000 loss=-0.2183177 nll=-0.2189188 kl=0.0006010272 consistency=0 lambda=0 beta=1 grad=62.7568 horizon=140 lifetime=[334,1061] skipped=False
2026-08-30 17:38:57,638 | INFO | step=5020/20000 loss=0.1914123 nll=0.1910711 kl=0.000341244 consistency=0 lambda=0 beta=1 grad=185.47 horizon=280 lifetime=[512,1012] skipped=False
2026-08-30 17:38:58,017 | INFO | step=5030/20000 loss=-0.02998428 nll=-0.03083959 kl=0.0008553118 consistency=0 lambda=0 beta=1 grad=49.91903 horizon=100 lifetime=[147,1007] skipped=False
2026-08-30 17:38:58,408 | INFO | step=5040/20000 loss=0.1248529 nll=0.1239233 kl=0.0009296685 consistency=0 lambda=0 beta=1 grad=106.7737 horizon=240 lifetime=[482,1154] skipped=False
2026-08-30 17:38:58,791 | INFO | step=5050/20000 loss=-0.6643709 nll=-0.6652417 kl=0.0008707978 consistency=0 lambda=0 beta=1 grad=31.79121 horizon=220 lifetime=[334,2237] skipped=False
2026-08-30 17:38:59,194 | INFO | step=5060/20000 loss=-0.4488375 nll=-0.4502566 kl=0.00141912 consistency=0 lambda=0 beta=1 grad=14.72815 horizon=160 lifetime=[505,1154] skipped=False
2026-08-30 17:38:59,615 | INFO | step=5070/20000 loss=-0.04413524 nll=-0.04488628 kl=0.0007510334 consistency=0 lambda=0 beta=1 grad=74.45287 horizon=300 lifetime=[428,1282] skipped=False
2026-08-30 17:39:00,004 | INFO | step=5080/20000 loss=-0.6687837 nll=-0.6696272 kl=0.0008435398 consistency=0 lambda=0 beta=1 grad=35.17659 horizon=220 lifetime=[334,2237] skipped=False
2026-08-30 17:39:00,393 | INFO | step=5090/20000 loss=-0.2644759 nll=-0.2656413 kl=0.001165375 consistency=0 lambda=0 beta=1 grad=58.86374 horizon=100 lifetime=[453,2237] skipped=False
2026-08-30 17:39:00,797 | INFO | step=5100/20000 loss=-0.4602473 nll=-0.4619987 kl=0.001751319 consistency=0 lambda=0 beta=1 grad=28.77046 horizon=100 lifetime=[460,964] skipped=False
2026-08-30 17:39:01,214 | INFO | step=5110/20000 loss=-0.3402171 nll=-0.3407024 kl=0.0004853159 consistency=0 lambda=0 beta=1 grad=49.1633 horizon=220 lifetime=[428,2154] skipped=False
2026-08-30 17:39:01,544 | INFO | step=5120/20000 loss=0.4096022 nll=0.4086362 kl=0.0009659976 consistency=0 lambda=0 beta=1 grad=56.20119 horizon=100 lifetime=[334,1071] skipped=False
2026-08-30 17:39:01,959 | INFO | step=5130/20000 loss=0.001295418 nll=-0.0001888871 kl=0.001484305 consistency=0 lambda=0 beta=1 grad=75.67371 horizon=120 lifetime=[147,863] skipped=False
2026-08-30 17:39:02,362 | INFO | step=5140/20000 loss=-0.5960132 nll=-0.5963861 kl=0.0003729016 consistency=0 lambda=0 beta=1 grad=52.04222 horizon=220 lifetime=[505,2237] skipped=False
2026-08-30 17:39:02,736 | INFO | step=5150/20000 loss=-0.3716658 nll=-0.3724719 kl=0.0008060634 consistency=0 lambda=0 beta=1 grad=38.23568 horizon=300 lifetime=[774,2154] skipped=False
2026-08-30 17:39:03,093 | INFO | step=5160/20000 loss=-0.8219856 nll=-0.8244662 kl=0.002480641 consistency=0 lambda=0 beta=1 grad=95.08708 horizon=140 lifetime=[461,964] skipped=False
2026-08-30 17:39:03,464 | INFO | step=5170/20000 loss=-0.8332689 nll=-0.8346168 kl=0.001347989 consistency=0 lambda=0 beta=1 grad=139.2655 horizon=180 lifetime=[465,1071] skipped=False
2026-08-30 17:39:03,841 | INFO | step=5180/20000 loss=-0.5708588 nll=-0.5718272 kl=0.0009683967 consistency=0 lambda=0 beta=1 grad=102.0607 horizon=180 lifetime=[428,1015] skipped=False
2026-08-30 17:39:04,225 | INFO | step=5190/20000 loss=-0.4918288 nll=-0.4927266 kl=0.0008978248 consistency=0 lambda=0 beta=1 grad=117.9561 horizon=220 lifetime=[437,1055] skipped=False
2026-08-30 17:39:04,645 | INFO | step=5200/20000 loss=-1.015123 nll=-1.015527 kl=0.0004036427 consistency=0 lambda=0 beta=1 grad=39.47213 horizon=220 lifetime=[334,1007] skipped=False
2026-08-30 17:39:05,066 | INFO | step=5210/20000 loss=-1.163081 nll=-1.163423 kl=0.0003425628 consistency=0 lambda=0 beta=1 grad=18.84366 horizon=240 lifetime=[465,2154] skipped=False
2026-08-30 17:39:05,493 | INFO | step=5220/20000 loss=0.005475312 nll=0.004122704 kl=0.001352608 consistency=0 lambda=0 beta=1 grad=64.4557 horizon=100 lifetime=[476,938] skipped=False
2026-08-30 17:39:05,890 | INFO | step=5230/20000 loss=-0.9410254 nll=-0.9423468 kl=0.001321375 consistency=0 lambda=0 beta=1 grad=223.6291 horizon=300 lifetime=[460,938] skipped=False
2026-08-30 17:39:06,294 | INFO | step=5240/20000 loss=-0.9732312 nll=-0.9739034 kl=0.0006722212 consistency=0 lambda=0 beta=1 grad=24.81121 horizon=300 lifetime=[428,1154] skipped=False
2026-08-30 17:39:06,663 | INFO | step=5250/20000 loss=-0.0973759 nll=-0.09806567 kl=0.0006897748 consistency=0 lambda=0 beta=1 grad=107.3383 horizon=220 lifetime=[437,1705] skipped=False
2026-08-30 17:39:07,118 | INFO | step=5260/20000 loss=-1.098416 nll=-1.098801 kl=0.0003850013 consistency=0 lambda=0 beta=1 grad=117.6574 horizon=280 lifetime=[460,1007] skipped=False
2026-08-30 17:39:07,490 | INFO | step=5270/20000 loss=-0.696876 nll=-0.6977941 kl=0.000918135 consistency=0 lambda=0 beta=1 grad=27.37004 horizon=280 lifetime=[712,2154] skipped=False
2026-08-30 17:39:07,870 | INFO | step=5280/20000 loss=3.373835 nll=3.370212 kl=0.003623128 consistency=0 lambda=0 beta=1 grad=451.6823 horizon=120 lifetime=[442,1431] skipped=False
2026-08-30 17:39:08,272 | INFO | step=5290/20000 loss=-0.8107296 nll=-0.8112086 kl=0.0004790574 consistency=0 lambda=0 beta=1 grad=29.13172 horizon=260 lifetime=[484,1705] skipped=False
2026-08-30 17:39:08,689 | INFO | step=5300/20000 loss=-0.07717161 nll=-0.07908238 kl=0.001910776 consistency=0 lambda=0 beta=1 grad=18.94173 horizon=100 lifetime=[501,1091] skipped=False
2026-08-30 17:39:09,083 | INFO | step=5310/20000 loss=0.2522163 nll=0.2504338 kl=0.001782522 consistency=0 lambda=0 beta=1 grad=68.49398 horizon=100 lifetime=[465,1705] skipped=False
2026-08-30 17:39:09,447 | INFO | step=5320/20000 loss=-0.8484393 nll=-0.8512202 kl=0.002780914 consistency=0 lambda=0 beta=1 grad=33.19198 horizon=280 lifetime=[437,729] skipped=False
2026-08-30 17:39:09,832 | INFO | step=5330/20000 loss=-1.028213 nll=-1.029297 kl=0.001084283 consistency=0 lambda=0 beta=1 grad=32.84178 horizon=280 lifetime=[701,2154] skipped=False
2026-08-30 17:39:10,241 | INFO | step=5340/20000 loss=-0.6013495 nll=-0.6017395 kl=0.000390023 consistency=0 lambda=0 beta=1 grad=46.11452 horizon=200 lifetime=[482,1015] skipped=False
2026-08-30 17:39:10,594 | INFO | step=5350/20000 loss=-1.382615 nll=-1.383499 kl=0.0008845329 consistency=0 lambda=0 beta=1 grad=28.2433 horizon=240 lifetime=[484,933] skipped=False
2026-08-30 17:39:11,002 | INFO | step=5360/20000 loss=0.1740148 nll=0.1724769 kl=0.001537815 consistency=0 lambda=0 beta=1 grad=21.98198 horizon=100 lifetime=[729,2237] skipped=False
2026-08-30 17:39:11,399 | INFO | step=5370/20000 loss=-0.4939873 nll=-0.4941899 kl=0.0002025664 consistency=0 lambda=0 beta=1 grad=30.42597 horizon=180 lifetime=[460,1052] skipped=False
2026-08-30 17:39:11,815 | INFO | step=5380/20000 loss=-0.6185507 nll=-0.6195926 kl=0.001041904 consistency=0 lambda=0 beta=1 grad=51.14692 horizon=300 lifetime=[460,1313] skipped=False
2026-08-30 17:39:12,196 | INFO | step=5390/20000 loss=-1.345021 nll=-1.346743 kl=0.001721829 consistency=0 lambda=0 beta=1 grad=87.07526 horizon=260 lifetime=[460,1007] skipped=False
2026-08-30 17:39:12,613 | INFO | step=5400/20000 loss=0.4260626 nll=0.425449 kl=0.0006136894 consistency=0 lambda=0 beta=1 grad=227.8428 horizon=220 lifetime=[465,1154] skipped=False
2026-08-30 17:39:13,011 | INFO | step=5410/20000 loss=-0.6890576 nll=-0.6896626 kl=0.000605002 consistency=0 lambda=0 beta=1 grad=153.8574 horizon=220 lifetime=[461,1045] skipped=False
2026-08-30 17:39:13,383 | INFO | step=5420/20000 loss=-1.256737 nll=-1.257166 kl=0.0004290491 consistency=0 lambda=0 beta=1 grad=52.10884 horizon=220 lifetime=[461,869] skipped=False
2026-08-30 17:39:13,799 | INFO | step=5430/20000 loss=-0.2967443 nll=-0.2978702 kl=0.001125887 consistency=0 lambda=0 beta=1 grad=46.1518 horizon=140 lifetime=[437,1052] skipped=False
2026-08-30 17:39:14,204 | INFO | step=5440/20000 loss=-0.7473509 nll=-0.7478104 kl=0.0004594624 consistency=0 lambda=0 beta=1 grad=14.55029 horizon=280 lifetime=[701,1071] skipped=False
2026-08-30 17:39:14,561 | INFO | step=5450/20000 loss=-1.321471 nll=-1.322596 kl=0.001124978 consistency=0 lambda=0 beta=1 grad=35.30667 horizon=160 lifetime=[479,826] skipped=False
2026-08-30 17:39:14,981 | INFO | step=5460/20000 loss=0.07379305 nll=0.0731914 kl=0.0006016493 consistency=0 lambda=0 beta=1 grad=198.635 horizon=240 lifetime=[476,1091] skipped=False
2026-08-30 17:39:15,374 | INFO | step=5470/20000 loss=-1.015742 nll=-1.016106 kl=0.0003636181 consistency=0 lambda=0 beta=1 grad=49.38234 horizon=240 lifetime=[460,877] skipped=False
2026-08-30 17:39:15,738 | INFO | step=5480/20000 loss=0.8098418 nll=0.809098 kl=0.0007437468 consistency=0 lambda=0 beta=1 grad=239.6702 horizon=180 lifetime=[437,856] skipped=False
2026-08-30 17:39:16,149 | INFO | step=5490/20000 loss=-0.6480985 nll=-0.6485716 kl=0.0004730821 consistency=0 lambda=0 beta=1 grad=61.31841 horizon=120 lifetime=[461,1052] skipped=False
2026-08-30 17:39:16,783 | INFO | validation step=5500 rmse=121.5364 best=102.689@5000 stale=1/10
2026-08-30 17:39:16,783 | INFO | step=5500/20000 loss=-0.3485602 nll=-0.3489482 kl=0.0003879219 consistency=0 lambda=0 beta=1 grad=16.83698 horizon=140 lifetime=[597,1858] skipped=False
2026-08-30 17:39:17,192 | INFO | step=5510/20000 loss=0.2670596 nll=0.2661393 kl=0.0009202361 consistency=0 lambda=0 beta=1 grad=128.2925 horizon=180 lifetime=[437,1154] skipped=False
2026-08-30 17:39:17,620 | INFO | step=5520/20000 loss=-1.208118 nll=-1.208965 kl=0.0008468181 consistency=0 lambda=0 beta=1 grad=45.37088 horizon=240 lifetime=[462,1015] skipped=False
2026-08-30 17:39:18,007 | INFO | step=5530/20000 loss=-0.3487435 nll=-0.349162 kl=0.0004185587 consistency=0 lambda=0 beta=1 grad=80.63021 horizon=240 lifetime=[476,1313] skipped=False
2026-08-30 17:39:18,363 | INFO | step=5540/20000 loss=-0.009188004 nll=-0.01007712 kl=0.000889115 consistency=0 lambda=0 beta=1 grad=45.68785 horizon=120 lifetime=[437,1431] skipped=False
2026-08-30 17:39:18,725 | INFO | step=5550/20000 loss=-0.07203062 nll=-0.07255639 kl=0.0005257726 consistency=0 lambda=0 beta=1 grad=78.93992 horizon=160 lifetime=[470,1431] skipped=False
2026-08-30 17:39:19,137 | INFO | step=5560/20000 loss=0.5750887 nll=0.574666 kl=0.0004226305 consistency=0 lambda=0 beta=1 grad=212.8709 horizon=240 lifetime=[428,1282] skipped=False
2026-08-30 17:39:19,507 | INFO | step=5570/20000 loss=-1.084707 nll=-1.085274 kl=0.0005671345 consistency=0 lambda=0 beta=1 grad=49.72072 horizon=220 lifetime=[428,988] skipped=False
2026-08-30 17:39:19,918 | INFO | step=5580/20000 loss=-0.5399874 nll=-0.54208 kl=0.002092557 consistency=0 lambda=0 beta=1 grad=45.4091 horizon=100 lifetime=[526,887] skipped=False
2026-08-30 17:39:20,311 | INFO | step=5590/20000 loss=-0.8816761 nll=-0.882027 kl=0.0003508925 consistency=0 lambda=0 beta=1 grad=17.45274 horizon=180 lifetime=[533,964] skipped=False
2026-08-30 17:39:20,689 | INFO | step=5600/20000 loss=-0.2575779 nll=-0.258251 kl=0.0006730799 consistency=0 lambda=0 beta=1 grad=71.31933 horizon=200 lifetime=[505,2154] skipped=False
2026-08-30 17:39:21,040 | INFO | step=5610/20000 loss=-0.2748592 nll=-0.275271 kl=0.0004117638 consistency=0 lambda=0 beta=1 grad=70.72188 horizon=240 lifetime=[428,1705] skipped=False
2026-08-30 17:39:21,447 | INFO | step=5620/20000 loss=-0.9924667 nll=-0.9936855 kl=0.001218721 consistency=0 lambda=0 beta=1 grad=62.11274 horizon=300 lifetime=[599,1071] skipped=False
2026-08-30 17:39:21,881 | INFO | step=5630/20000 loss=-0.5810634 nll=-0.5814338 kl=0.0003703833 consistency=0 lambda=0 beta=1 grad=25.34468 horizon=220 lifetime=[622,1313] skipped=False
2026-08-30 17:39:22,247 | INFO | step=5640/20000 loss=-0.5541873 nll=-0.5546205 kl=0.0004332066 consistency=0 lambda=0 beta=1 grad=58.14397 horizon=220 lifetime=[501,1858] skipped=False
2026-08-30 17:39:22,623 | INFO | step=5650/20000 loss=-0.3313397 nll=-0.3327947 kl=0.001454979 consistency=0 lambda=0 beta=1 grad=43.03946 horizon=220 lifetime=[729,1431] skipped=False
2026-08-30 17:39:23,045 | INFO | step=5660/20000 loss=-0.7159258 nll=-0.7166785 kl=0.0007527322 consistency=0 lambda=0 beta=1 grad=10.24723 horizon=220 lifetime=[462,2237] skipped=False
2026-08-30 17:39:23,464 | INFO | step=5670/20000 loss=-0.5984346 nll=-0.5991474 kl=0.0007128268 consistency=0 lambda=0 beta=1 grad=100.92 horizon=160 lifetime=[428,938] skipped=False
2026-08-30 17:39:23,882 | INFO | step=5680/20000 loss=-0.9147737 nll=-0.9156186 kl=0.0008448958 consistency=0 lambda=0 beta=1 grad=32.76693 horizon=260 lifetime=[607,1071] skipped=False
2026-08-30 17:39:24,253 | INFO | step=5690/20000 loss=-0.7213686 nll=-0.7217271 kl=0.0003585219 consistency=0 lambda=0 beta=1 grad=68.87095 horizon=200 lifetime=[437,828] skipped=False
2026-08-30 17:39:24,636 | INFO | step=5700/20000 loss=-0.1319651 nll=-0.132537 kl=0.0005718768 consistency=0 lambda=0 beta=1 grad=48.32679 horizon=240 lifetime=[494,1705] skipped=False
2026-08-30 17:39:25,023 | INFO | step=5710/20000 loss=-0.6201653 nll=-0.6210571 kl=0.0008917153 consistency=0 lambda=0 beta=1 grad=37.85312 horizon=220 lifetime=[428,1282] skipped=False
2026-08-30 17:39:25,394 | INFO | step=5720/20000 loss=-0.277844 nll=-0.2787457 kl=0.0009016395 consistency=0 lambda=0 beta=1 grad=164.347 horizon=220 lifetime=[494,1015] skipped=False
2026-08-30 17:39:25,794 | INFO | step=5730/20000 loss=-0.7052963 nll=-0.7059646 kl=0.0006683767 consistency=0 lambda=0 beta=1 grad=25.66837 horizon=140 lifetime=[462,1015] skipped=False
2026-08-30 17:39:26,204 | INFO | step=5740/20000 loss=-0.738302 nll=-0.7390847 kl=0.0007826984 consistency=0 lambda=0 beta=1 grad=26.27768 horizon=200 lifetime=[462,1071] skipped=False
2026-08-30 17:39:26,595 | INFO | step=5750/20000 loss=-0.8234153 nll=-0.8240096 kl=0.0005942434 consistency=0 lambda=0 beta=1 grad=18.15701 horizon=100 lifetime=[476,2154] skipped=False
2026-08-30 17:39:27,021 | INFO | step=5760/20000 loss=0.03760129 nll=0.03664967 kl=0.000951618 consistency=0 lambda=0 beta=1 grad=69.70309 horizon=120 lifetime=[428,2154] skipped=False
2026-08-30 17:39:27,369 | INFO | step=5770/20000 loss=-0.245322 nll=-0.2462724 kl=0.000950411 consistency=0 lambda=0 beta=1 grad=117.7782 horizon=280 lifetime=[334,1858] skipped=False
2026-08-30 17:39:27,783 | INFO | step=5780/20000 loss=0.5094345 nll=0.5087732 kl=0.0006613135 consistency=0 lambda=0 beta=1 grad=106.8234 horizon=260 lifetime=[477,1007] skipped=False
2026-08-30 17:39:28,203 | INFO | step=5790/20000 loss=-0.5687197 nll=-0.5692334 kl=0.0005136728 consistency=0 lambda=0 beta=1 grad=26.58535 horizon=140 lifetime=[560,2154] skipped=False
2026-08-30 17:39:28,597 | INFO | step=5800/20000 loss=-1.06577 nll=-1.066499 kl=0.0007291138 consistency=0 lambda=0 beta=1 grad=38.0026 horizon=200 lifetime=[460,988] skipped=False
2026-08-30 17:39:28,981 | INFO | step=5810/20000 loss=-0.7246734 nll=-0.7251202 kl=0.0004467964 consistency=0 lambda=0 beta=1 grad=71.16708 horizon=200 lifetime=[462,858] skipped=False
2026-08-30 17:39:29,344 | INFO | step=5820/20000 loss=-0.8423045 nll=-0.8426113 kl=0.0003068149 consistency=0 lambda=0 beta=1 grad=23.37228 horizon=160 lifetime=[476,863] skipped=False
2026-08-30 17:39:29,721 | INFO | step=5830/20000 loss=-0.9817963 nll=-0.9820659 kl=0.0002696514 consistency=0 lambda=0 beta=1 grad=23.96609 horizon=260 lifetime=[428,988] skipped=False
2026-08-30 17:39:30,117 | INFO | step=5840/20000 loss=-0.9602842 nll=-0.9612318 kl=0.0009476095 consistency=0 lambda=0 beta=1 grad=35.12129 horizon=160 lifetime=[428,1091] skipped=False
2026-08-30 17:39:30,489 | INFO | step=5850/20000 loss=-0.5485902 nll=-0.5498512 kl=0.001260936 consistency=0 lambda=0 beta=1 grad=65.21869 horizon=280 lifetime=[614,1282] skipped=False
2026-08-30 17:39:30,894 | INFO | step=5860/20000 loss=-1.235452 nll=-1.236083 kl=0.0006316453 consistency=0 lambda=0 beta=1 grad=41.02096 horizon=300 lifetime=[465,887] skipped=False
2026-08-30 17:39:31,297 | INFO | step=5870/20000 loss=-0.946214 nll=-0.9478151 kl=0.00160107 consistency=0 lambda=0 beta=1 grad=17.76326 horizon=220 lifetime=[476,858] skipped=False
2026-08-30 17:39:31,686 | INFO | step=5880/20000 loss=-0.9171146 nll=-0.9179401 kl=0.0008255094 consistency=0 lambda=0 beta=1 grad=42.89145 horizon=260 lifetime=[465,887] skipped=False
2026-08-30 17:39:32,087 | INFO | step=5890/20000 loss=-1.18132 nll=-1.181962 kl=0.000641942 consistency=0 lambda=0 beta=1 grad=130.5685 horizon=300 lifetime=[428,2154] skipped=False
2026-08-30 17:39:32,469 | INFO | step=5900/20000 loss=-1.095146 nll=-1.095706 kl=0.0005600303 consistency=0 lambda=0 beta=1 grad=24.98639 horizon=260 lifetime=[476,1431] skipped=False
2026-08-30 17:39:32,832 | INFO | step=5910/20000 loss=-0.6736614 nll=-0.6743627 kl=0.0007013381 consistency=0 lambda=0 beta=1 grad=39.7471 horizon=260 lifetime=[526,1282] skipped=False
2026-08-30 17:39:33,234 | INFO | step=5920/20000 loss=-1.05607 nll=-1.056634 kl=0.0005645305 consistency=0 lambda=0 beta=1 grad=60.22033 horizon=240 lifetime=[479,2154] skipped=False
2026-08-30 17:39:33,611 | INFO | step=5930/20000 loss=-0.696906 nll=-0.6972963 kl=0.0003902316 consistency=0 lambda=0 beta=1 grad=43.25841 horizon=160 lifetime=[334,891] skipped=False
2026-08-30 17:39:34,001 | INFO | step=5940/20000 loss=-1.361669 nll=-1.362242 kl=0.0005725026 consistency=0 lambda=0 beta=1 grad=91.55308 horizon=180 lifetime=[437,1007] skipped=False
2026-08-30 17:39:34,369 | INFO | step=5950/20000 loss=-1.085132 nll=-1.086371 kl=0.001238406 consistency=0 lambda=0 beta=1 grad=52.84874 horizon=240 lifetime=[442,1431] skipped=False
2026-08-30 17:39:34,764 | INFO | step=5960/20000 loss=-1.171536 nll=-1.172611 kl=0.001075149 consistency=0 lambda=0 beta=1 grad=31.04411 horizon=180 lifetime=[460,852] skipped=False
2026-08-30 17:39:35,192 | INFO | step=5970/20000 loss=-0.004841872 nll=-0.005591281 kl=0.0007494092 consistency=0 lambda=0 beta=1 grad=45.99923 horizon=180 lifetime=[484,2154] skipped=False
2026-08-30 17:39:35,590 | INFO | step=5980/20000 loss=-0.3810319 nll=-0.3814717 kl=0.0004397631 consistency=0 lambda=0 beta=1 grad=81.0995 horizon=280 lifetime=[470,988] skipped=False
2026-08-30 17:39:35,956 | INFO | step=5990/20000 loss=-1.047169 nll=-1.048212 kl=0.001042902 consistency=0 lambda=0 beta=1 grad=33.65159 horizon=280 lifetime=[462,841] skipped=False
2026-08-30 17:39:36,578 | INFO | validation step=6000 rmse=124.981 best=102.689@5000 stale=2/10
2026-08-30 17:39:36,578 | INFO | step=6000/20000 loss=-0.4668519 nll=-0.4679305 kl=0.001078606 consistency=0 lambda=0 beta=1 grad=39.56504 horizon=200 lifetime=[607,1313] skipped=False
2026-08-30 17:39:37,023 | INFO | step=6010/20000 loss=-1.093824 nll=-1.094324 kl=0.000500083 consistency=0 lambda=0 beta=1 grad=27.15824 horizon=240 lifetime=[437,938] skipped=False
2026-08-30 17:39:37,422 | INFO | step=6020/20000 loss=-1.068091 nll=-1.068793 kl=0.0007019341 consistency=0 lambda=0 beta=1 grad=22.1637 horizon=120 lifetime=[428,852] skipped=False
2026-08-30 17:39:37,814 | INFO | step=6030/20000 loss=0.03035229 nll=0.02841836 kl=0.001933932 consistency=0 lambda=0 beta=1 grad=98.70472 horizon=140 lifetime=[477,1431] skipped=False
2026-08-30 17:39:38,228 | INFO | step=6040/20000 loss=-0.3757715 nll=-0.3769467 kl=0.001175225 consistency=0 lambda=0 beta=1 grad=109.815 horizon=280 lifetime=[560,1705] skipped=False
2026-08-30 17:39:38,612 | INFO | step=6050/20000 loss=-0.9507576 nll=-0.9516116 kl=0.0008540154 consistency=0 lambda=0 beta=1 grad=141.9195 horizon=160 lifetime=[461,1061] skipped=False
2026-08-30 17:39:39,042 | INFO | step=6060/20000 loss=-1.169664 nll=-1.170685 kl=0.001021117 consistency=0 lambda=0 beta=1 grad=28.27448 horizon=240 lifetime=[453,2237] skipped=False
2026-08-30 17:39:39,456 | INFO | step=6070/20000 loss=-0.4915986 nll=-0.4918779 kl=0.0002792478 consistency=0 lambda=0 beta=1 grad=100.1902 horizon=200 lifetime=[428,1012] skipped=False
2026-08-30 17:39:39,824 | INFO | step=6080/20000 loss=-0.7946366 nll=-0.795251 kl=0.0006143451 consistency=0 lambda=0 beta=1 grad=36.24393 horizon=220 lifetime=[476,1313] skipped=False
2026-08-30 17:39:40,214 | INFO | step=6090/20000 loss=-1.155201 nll=-1.155535 kl=0.0003339946 consistency=0 lambda=0 beta=1 grad=37.97143 horizon=140 lifetime=[442,1061] skipped=False
2026-08-30 17:39:40,655 | INFO | step=6100/20000 loss=-0.5755712 nll=-0.5759476 kl=0.0003763437 consistency=0 lambda=0 beta=1 grad=37.45784 horizon=160 lifetime=[453,1313] skipped=False
2026-08-30 17:39:41,048 | INFO | step=6110/20000 loss=-0.6794819 nll=-0.6804271 kl=0.0009452105 consistency=0 lambda=0 beta=1 grad=36.68338 horizon=240 lifetime=[476,1858] skipped=False
2026-08-30 17:39:41,492 | INFO | step=6120/20000 loss=-0.6420473 nll=-0.6424988 kl=0.0004514456 consistency=0 lambda=0 beta=1 grad=84.35162 horizon=200 lifetime=[462,863] skipped=False
2026-08-30 17:39:41,897 | INFO | step=6130/20000 loss=-1.087437 nll=-1.087572 kl=0.0001349747 consistency=0 lambda=0 beta=1 grad=62.98262 horizon=240 lifetime=[453,1071] skipped=False
2026-08-30 17:39:42,329 | INFO | step=6140/20000 loss=-0.0277587 nll=-0.0280396 kl=0.0002809018 consistency=0 lambda=0 beta=1 grad=136.6829 horizon=120 lifetime=[480,2154] skipped=False
2026-08-30 17:39:42,773 | INFO | step=6150/20000 loss=-1.23131 nll=-1.23205 kl=0.0007399768 consistency=0 lambda=0 beta=1 grad=44.42596 horizon=300 lifetime=[428,1055] skipped=False
2026-08-30 17:39:43,172 | INFO | step=6160/20000 loss=-0.7473512 nll=-0.7479237 kl=0.0005725175 consistency=0 lambda=0 beta=1 grad=73.05318 horizon=140 lifetime=[147,1045] skipped=False
2026-08-30 17:39:43,585 | INFO | step=6170/20000 loss=-1.450449 nll=-1.450846 kl=0.0003973097 consistency=0 lambda=0 beta=1 grad=17.00266 horizon=180 lifetime=[479,891] skipped=False
2026-08-30 17:39:43,970 | INFO | step=6180/20000 loss=-1.278461 nll=-1.279081 kl=0.0006196946 consistency=0 lambda=0 beta=1 grad=29.97406 horizon=180 lifetime=[453,1061] skipped=False
2026-08-30 17:39:44,326 | INFO | step=6190/20000 loss=-0.4742236 nll=-0.4744936 kl=0.0002700239 consistency=0 lambda=0 beta=1 grad=36.05852 horizon=140 lifetime=[437,1091] skipped=False
2026-08-30 17:39:44,689 | INFO | step=6200/20000 loss=-0.3113421 nll=-0.3127396 kl=0.001397491 consistency=0 lambda=0 beta=1 grad=81.02857 horizon=200 lifetime=[519,1071] skipped=False
2026-08-30 17:39:45,067 | INFO | step=6210/20000 loss=-0.1640014 nll=-0.164313 kl=0.0003115684 consistency=0 lambda=0 beta=1 grad=51.21572 horizon=120 lifetime=[476,2237] skipped=False
2026-08-30 17:39:45,422 | INFO | step=6220/20000 loss=-0.5183326 nll=-0.5186827 kl=0.0003501475 consistency=0 lambda=0 beta=1 grad=96.01807 horizon=240 lifetime=[501,1431] skipped=False
2026-08-30 17:39:45,847 | INFO | step=6230/20000 loss=-1.135389 nll=-1.136136 kl=0.0007472187 consistency=0 lambda=0 beta=1 grad=34.30639 horizon=180 lifetime=[470,2237] skipped=False
2026-08-30 17:39:46,242 | INFO | step=6240/20000 loss=-0.4303851 nll=-0.4312674 kl=0.0008823276 consistency=0 lambda=0 beta=1 grad=59.25037 horizon=180 lifetime=[505,1313] skipped=False
2026-08-30 17:39:46,683 | INFO | step=6250/20000 loss=-0.9785055 nll=-0.9790047 kl=0.0004991889 consistency=0 lambda=0 beta=1 grad=68.09625 horizon=240 lifetime=[461,1045] skipped=False
2026-08-30 17:39:47,112 | INFO | step=6260/20000 loss=-0.6755046 nll=-0.6763537 kl=0.0008491427 consistency=0 lambda=0 beta=1 grad=48.0178 horizon=260 lifetime=[597,2154] skipped=False
2026-08-30 17:39:47,533 | INFO | step=6270/20000 loss=-0.4934395 nll=-0.4945255 kl=0.001085982 consistency=0 lambda=0 beta=1 grad=25.54454 horizon=120 lifetime=[428,2237] skipped=False
2026-08-30 17:39:47,958 | INFO | step=6280/20000 loss=-0.3411736 nll=-0.3418298 kl=0.0006562471 consistency=0 lambda=0 beta=1 grad=67.31685 horizon=160 lifetime=[738,1858] skipped=False
2026-08-30 17:39:48,406 | INFO | step=6290/20000 loss=-1.269297 nll=-1.26968 kl=0.0003835484 consistency=0 lambda=0 beta=1 grad=84.23794 horizon=240 lifetime=[460,1431] skipped=False
2026-08-30 17:39:48,835 | INFO | step=6300/20000 loss=-0.9381342 nll=-0.9390674 kl=0.0009331927 consistency=0 lambda=0 beta=1 grad=57.344 horizon=300 lifetime=[477,1071] skipped=False
2026-08-30 17:39:49,241 | INFO | step=6310/20000 loss=-0.6989852 nll=-0.7000961 kl=0.001110896 consistency=0 lambda=0 beta=1 grad=46.8497 horizon=160 lifetime=[428,964] skipped=False
2026-08-30 17:39:49,637 | INFO | step=6320/20000 loss=-0.6784165 nll=-0.6791961 kl=0.0007795542 consistency=0 lambda=0 beta=1 grad=98.34185 horizon=240 lifetime=[706,1061] skipped=False
2026-08-30 17:39:50,032 | INFO | step=6330/20000 loss=-0.8476956 nll=-0.8479933 kl=0.0002976507 consistency=0 lambda=0 beta=1 grad=38.11687 horizon=280 lifetime=[476,1313] skipped=False
2026-08-30 17:39:50,435 | INFO | step=6340/20000 loss=-0.9818532 nll=-0.9825596 kl=0.0007063001 consistency=0 lambda=0 beta=1 grad=51.22723 horizon=240 lifetime=[476,2237] skipped=False
2026-08-30 17:39:50,831 | INFO | step=6350/20000 loss=-0.339378 nll=-0.3403788 kl=0.001000747 consistency=0 lambda=0 beta=1 grad=59.24935 horizon=240 lifetime=[494,2237] skipped=False
2026-08-30 17:39:51,260 | INFO | step=6360/20000 loss=-1.219905 nll=-1.22049 kl=0.0005849153 consistency=0 lambda=0 beta=1 grad=86.30019 horizon=280 lifetime=[477,826] skipped=False
2026-08-30 17:39:51,657 | INFO | step=6370/20000 loss=-0.2804974 nll=-0.2808229 kl=0.000325501 consistency=0 lambda=0 beta=1 grad=105.5895 horizon=160 lifetime=[465,938] skipped=False
2026-08-30 17:39:52,083 | INFO | step=6380/20000 loss=-1.12326 nll=-1.123869 kl=0.0006092489 consistency=0 lambda=0 beta=1 grad=27.80554 horizon=280 lifetime=[701,1313] skipped=False
2026-08-30 17:39:52,472 | INFO | step=6390/20000 loss=-0.9864154 nll=-0.9869475 kl=0.0005321205 consistency=0 lambda=0 beta=1 grad=27.50829 horizon=220 lifetime=[437,2237] skipped=False
2026-08-30 17:39:52,857 | INFO | step=6400/20000 loss=-1.244372 nll=-1.245063 kl=0.0006910264 consistency=0 lambda=0 beta=1 grad=31.09796 horizon=240 lifetime=[470,2237] skipped=False
2026-08-30 17:39:53,248 | INFO | step=6410/20000 loss=-1.205812 nll=-1.206728 kl=0.0009167492 consistency=0 lambda=0 beta=1 grad=33.04409 horizon=160 lifetime=[470,1007] skipped=False
2026-08-30 17:39:53,685 | INFO | step=6420/20000 loss=-1.071641 nll=-1.07208 kl=0.0004386306 consistency=0 lambda=0 beta=1 grad=116.4638 horizon=220 lifetime=[477,858] skipped=False
2026-08-30 17:39:54,109 | INFO | step=6430/20000 loss=-0.7918233 nll=-0.7930286 kl=0.001205325 consistency=0 lambda=0 beta=1 grad=20.59981 horizon=260 lifetime=[477,2237] skipped=False
2026-08-30 17:39:54,538 | INFO | step=6440/20000 loss=-1.010517 nll=-1.010944 kl=0.0004266798 consistency=0 lambda=0 beta=1 grad=41.88683 horizon=200 lifetime=[462,1705] skipped=False
2026-08-30 17:39:54,950 | INFO | step=6450/20000 loss=-1.211698 nll=-1.212243 kl=0.0005453825 consistency=0 lambda=0 beta=1 grad=43.20737 horizon=180 lifetime=[486,874] skipped=False
2026-08-30 17:39:55,364 | INFO | step=6460/20000 loss=-0.801199 nll=-0.8014142 kl=0.0002152026 consistency=0 lambda=0 beta=1 grad=92.54231 horizon=220 lifetime=[512,1071] skipped=False
2026-08-30 17:39:55,747 | INFO | step=6470/20000 loss=-0.9630097 nll=-0.9633777 kl=0.0003680587 consistency=0 lambda=0 beta=1 grad=141.7409 horizon=280 lifetime=[437,1007] skipped=False
2026-08-30 17:39:56,156 | INFO | step=6480/20000 loss=-1.408574 nll=-1.409026 kl=0.0004514009 consistency=0 lambda=0 beta=1 grad=90.04856 horizon=220 lifetime=[428,933] skipped=False
2026-08-30 17:39:56,568 | INFO | step=6490/20000 loss=-0.769536 nll=-0.7698427 kl=0.0003067553 consistency=0 lambda=0 beta=1 grad=52.17249 horizon=220 lifetime=[476,2237] skipped=False
2026-08-30 17:39:57,253 | INFO | validation step=6500 rmse=111.7167 best=102.689@5000 stale=3/10
2026-08-30 17:39:57,253 | INFO | step=6500/20000 loss=-0.9940357 nll=-0.9947131 kl=0.0006774664 consistency=0 lambda=0 beta=1 grad=45.71503 horizon=240 lifetime=[486,2154] skipped=False
2026-08-30 17:39:57,698 | INFO | step=6510/20000 loss=-0.8918239 nll=-0.8924845 kl=0.0006605685 consistency=0 lambda=0 beta=1 grad=59.44737 horizon=220 lifetime=[477,1052] skipped=False
2026-08-30 17:39:58,126 | INFO | step=6520/20000 loss=-1.11937 nll=-1.119872 kl=0.0005026758 consistency=0 lambda=0 beta=1 grad=29.80742 horizon=280 lifetime=[462,988] skipped=False
2026-08-30 17:39:58,569 | INFO | step=6530/20000 loss=-1.087433 nll=-1.087898 kl=0.0004653633 consistency=0 lambda=0 beta=1 grad=54.90016 horizon=200 lifetime=[428,1858] skipped=False
2026-08-30 17:39:58,988 | INFO | step=6540/20000 loss=-1.130726 nll=-1.131526 kl=0.0008001626 consistency=0 lambda=0 beta=1 grad=35.14131 horizon=260 lifetime=[465,1858] skipped=False
2026-08-30 17:39:59,406 | INFO | step=6550/20000 loss=-1.150058 nll=-1.150907 kl=0.0008490086 consistency=0 lambda=0 beta=1 grad=65.68638 horizon=200 lifetime=[480,988] skipped=False
2026-08-30 17:39:59,805 | INFO | step=6560/20000 loss=-1.39087 nll=-1.391443 kl=0.0005730689 consistency=0 lambda=0 beta=1 grad=59.25566 horizon=240 lifetime=[428,988] skipped=False
2026-08-30 17:40:00,247 | INFO | step=6570/20000 loss=-0.5043693 nll=-0.5048374 kl=0.0004680753 consistency=0 lambda=0 beta=1 grad=104.5118 horizon=200 lifetime=[484,2237] skipped=False
2026-08-30 17:40:00,694 | INFO | step=6580/20000 loss=-0.7562064 nll=-0.7568815 kl=0.0006750524 consistency=0 lambda=0 beta=1 grad=28.0252 horizon=300 lifetime=[334,2237] skipped=False
2026-08-30 17:40:01,119 | INFO | step=6590/20000 loss=-0.5555595 nll=-0.5557315 kl=0.0001719892 consistency=0 lambda=0 beta=1 grad=209.1695 horizon=240 lifetime=[442,891] skipped=False
2026-08-30 17:40:01,497 | INFO | step=6600/20000 loss=-1.464999 nll=-1.465603 kl=0.000603348 consistency=0 lambda=0 beta=1 grad=28.62934 horizon=240 lifetime=[476,2154] skipped=False
2026-08-30 17:40:01,873 | INFO | step=6610/20000 loss=-0.6053479 nll=-0.6064508 kl=0.001102865 consistency=0 lambda=0 beta=1 grad=168.9322 horizon=140 lifetime=[428,1091] skipped=False
2026-08-30 17:40:02,272 | INFO | step=6620/20000 loss=1.316172 nll=1.315166 kl=0.00100556 consistency=0 lambda=0 beta=1 grad=152.8347 horizon=120 lifetime=[526,1061] skipped=False
2026-08-30 17:40:02,679 | INFO | step=6630/20000 loss=0.3688146 nll=0.368349 kl=0.0004656315 consistency=0 lambda=0 beta=1 grad=247.1911 horizon=180 lifetime=[460,2154] skipped=False
2026-08-30 17:40:03,097 | INFO | step=6640/20000 loss=-0.6496781 nll=-0.6500883 kl=0.0004102588 consistency=0 lambda=0 beta=1 grad=89.21519 horizon=260 lifetime=[428,1313] skipped=False
2026-08-30 17:40:03,499 | INFO | step=6650/20000 loss=0.2830334 nll=0.2827815 kl=0.000251919 consistency=0 lambda=0 beta=1 grad=93.50443 horizon=140 lifetime=[428,1313] skipped=False
2026-08-30 17:40:03,922 | INFO | step=6660/20000 loss=-0.1350876 nll=-0.136222 kl=0.001134396 consistency=0 lambda=0 beta=1 grad=93.24418 horizon=120 lifetime=[607,1431] skipped=False
2026-08-30 17:40:04,325 | INFO | step=6670/20000 loss=-1.391736 nll=-1.392077 kl=0.0003408492 consistency=0 lambda=0 beta=1 grad=50.87879 horizon=260 lifetime=[453,858] skipped=False
2026-08-30 17:40:04,718 | INFO | step=6680/20000 loss=-0.6076044 nll=-0.6079324 kl=0.0003280342 consistency=0 lambda=0 beta=1 grad=31.79533 horizon=220 lifetime=[477,1705] skipped=False
2026-08-30 17:40:05,108 | INFO | step=6690/20000 loss=0.07524759 nll=0.0749464 kl=0.0003011823 consistency=0 lambda=0 beta=1 grad=172.8035 horizon=260 lifetime=[465,1858] skipped=False
2026-08-30 17:40:05,554 | INFO | step=6700/20000 loss=-0.6413489 nll=-0.6417485 kl=0.0003996491 consistency=0 lambda=0 beta=1 grad=11.40944 horizon=100 lifetime=[453,2154] skipped=False
2026-08-30 17:40:05,994 | INFO | step=6710/20000 loss=-0.8800324 nll=-0.8802906 kl=0.0002581477 consistency=0 lambda=0 beta=1 grad=24.9268 horizon=160 lifetime=[428,1091] skipped=False
2026-08-30 17:40:06,358 | INFO | step=6720/20000 loss=-0.7046317 nll=-0.7049959 kl=0.0003642142 consistency=0 lambda=0 beta=1 grad=35.75806 horizon=120 lifetime=[486,1431] skipped=False
2026-08-30 17:40:06,761 | INFO | step=6730/20000 loss=-0.529242 nll=-0.5295819 kl=0.0003398359 consistency=0 lambda=0 beta=1 grad=34.8475 horizon=160 lifetime=[428,1154] skipped=False
2026-08-30 17:40:07,157 | INFO | step=6740/20000 loss=-1.092474 nll=-1.093184 kl=0.0007103086 consistency=0 lambda=0 beta=1 grad=18.86734 horizon=100 lifetime=[428,863] skipped=False
2026-08-30 17:40:07,625 | INFO | step=6750/20000 loss=-1.307397 nll=-1.307913 kl=0.0005155802 consistency=0 lambda=0 beta=1 grad=30.93392 horizon=180 lifetime=[479,871] skipped=False
2026-08-30 17:40:08,094 | INFO | step=6760/20000 loss=-1.034302 nll=-1.034501 kl=0.0001988709 consistency=0 lambda=0 beta=1 grad=48.89973 horizon=260 lifetime=[476,988] skipped=False
2026-08-30 17:40:08,494 | INFO | step=6770/20000 loss=-0.4871195 nll=-0.4879563 kl=0.0008368194 consistency=0 lambda=0 beta=1 grad=72.34033 horizon=180 lifetime=[428,1045] skipped=False
2026-08-30 17:40:08,905 | INFO | step=6780/20000 loss=-0.3727192 nll=-0.3733451 kl=0.0006259084 consistency=0 lambda=0 beta=1 grad=28.77291 horizon=140 lifetime=[488,1055] skipped=False
2026-08-30 17:40:09,339 | INFO | step=6790/20000 loss=-0.6906369 nll=-0.6911278 kl=0.0004909337 consistency=0 lambda=0 beta=1 grad=167.4768 horizon=140 lifetime=[460,1061] skipped=False
2026-08-30 17:40:09,735 | INFO | step=6800/20000 loss=-0.4545824 nll=-0.4549137 kl=0.000331372 consistency=0 lambda=0 beta=1 grad=31.53063 horizon=140 lifetime=[486,988] skipped=False
2026-08-30 17:40:10,110 | INFO | step=6810/20000 loss=-1.042541 nll=-1.043006 kl=0.0004654825 consistency=0 lambda=0 beta=1 grad=54.77775 horizon=160 lifetime=[470,2154] skipped=False
2026-08-30 17:40:10,519 | INFO | step=6820/20000 loss=-0.2667797 nll=-0.2672792 kl=0.0004995763 consistency=0 lambda=0 beta=1 grad=66.94417 horizon=100 lifetime=[461,1313] skipped=False
2026-08-30 17:40:10,914 | INFO | step=6830/20000 loss=-1.380651 nll=-1.380857 kl=0.0002056956 consistency=0 lambda=0 beta=1 grad=116.952 horizon=300 lifetime=[334,874] skipped=False
2026-08-30 17:40:11,321 | INFO | step=6840/20000 loss=-1.05999 nll=-1.060249 kl=0.0002589524 consistency=0 lambda=0 beta=1 grad=41.7383 horizon=240 lifetime=[437,921] skipped=False
2026-08-30 17:40:11,756 | INFO | step=6850/20000 loss=-0.4266803 nll=-0.426861 kl=0.0001807213 consistency=0 lambda=0 beta=1 grad=79.42067 horizon=220 lifetime=[437,2154] skipped=False
2026-08-30 17:40:12,141 | INFO | step=6860/20000 loss=-0.8353993 nll=-0.8364273 kl=0.001027942 consistency=0 lambda=0 beta=1 grad=81.46756 horizon=180 lifetime=[428,1431] skipped=False
2026-08-30 17:40:12,536 | INFO | step=6870/20000 loss=-0.6822114 nll=-0.6824412 kl=0.0002297759 consistency=0 lambda=0 beta=1 grad=70.77441 horizon=140 lifetime=[428,1015] skipped=False
2026-08-30 17:40:12,898 | INFO | step=6880/20000 loss=-0.3241859 nll=-0.3248706 kl=0.0006847084 consistency=0 lambda=0 beta=1 grad=29.37732 horizon=140 lifetime=[526,1313] skipped=False
2026-08-30 17:40:13,341 | INFO | step=6890/20000 loss=-1.274556 nll=-1.274979 kl=0.0004231036 consistency=0 lambda=0 beta=1 grad=55.31815 horizon=280 lifetime=[526,1858] skipped=False
2026-08-30 17:40:13,809 | INFO | step=6900/20000 loss=-1.535126 nll=-1.535713 kl=0.0005865097 consistency=0 lambda=0 beta=1 grad=31.22898 horizon=200 lifetime=[461,988] skipped=False
2026-08-30 17:40:14,274 | INFO | step=6910/20000 loss=-0.7139775 nll=-0.7143791 kl=0.0004016161 consistency=0 lambda=0 beta=1 grad=72.55511 horizon=260 lifetime=[505,1071] skipped=False
2026-08-30 17:40:14,690 | INFO | step=6920/20000 loss=-0.6565538 nll=-0.6570363 kl=0.0004824996 consistency=0 lambda=0 beta=1 grad=87.55354 horizon=280 lifetime=[476,988] skipped=False
2026-08-30 17:40:15,097 | INFO | step=6930/20000 loss=-1.024617 nll=-1.02504 kl=0.0004222393 consistency=0 lambda=0 beta=1 grad=36.82319 horizon=140 lifetime=[476,938] skipped=False
2026-08-30 17:40:15,499 | INFO | step=6940/20000 loss=-0.007331237 nll=-0.007533535 kl=0.0002022982 consistency=0 lambda=0 beta=1 grad=244.4552 horizon=180 lifetime=[428,1091] skipped=False
2026-08-30 17:40:15,967 | INFO | step=6950/20000 loss=-0.7114691 nll=-0.7117606 kl=0.0002915263 consistency=0 lambda=0 beta=1 grad=84.01276 horizon=240 lifetime=[460,2154] skipped=False
2026-08-30 17:40:16,385 | INFO | step=6960/20000 loss=-1.178404 nll=-1.178999 kl=0.0005956888 consistency=0 lambda=0 beta=1 grad=62.48744 horizon=220 lifetime=[479,921] skipped=False
2026-08-30 17:40:16,837 | INFO | step=6970/20000 loss=-0.6920163 nll=-0.6927554 kl=0.0007390976 consistency=0 lambda=0 beta=1 grad=67.24549 horizon=240 lifetime=[334,1154] skipped=False
2026-08-30 17:40:17,268 | INFO | step=6980/20000 loss=-0.5264972 nll=-0.5267701 kl=0.0002728999 consistency=0 lambda=0 beta=1 grad=38.95693 horizon=200 lifetime=[633,1061] skipped=False
2026-08-30 17:40:17,653 | INFO | step=6990/20000 loss=-0.5254644 nll=-0.5261825 kl=0.0007181466 consistency=0 lambda=0 beta=1 grad=45.04699 horizon=100 lifetime=[437,2154] skipped=False
2026-08-30 17:40:18,367 | INFO | validation step=7000 rmse=127.628 best=102.689@5000 stale=4/10
2026-08-30 17:40:18,367 | INFO | step=7000/20000 loss=-0.8503333 nll=-0.8512056 kl=0.000872314 consistency=0 lambda=0 beta=1 grad=33.29225 horizon=120 lifetime=[486,1091] skipped=False
2026-08-30 17:40:18,842 | INFO | step=7010/20000 loss=-0.4515099 nll=-0.4521325 kl=0.0006226003 consistency=0 lambda=0 beta=1 grad=105.3394 horizon=120 lifetime=[461,2237] skipped=False
2026-08-30 17:40:19,253 | INFO | step=7020/20000 loss=-1.288927 nll=-1.28938 kl=0.0004528463 consistency=0 lambda=0 beta=1 grad=65.5765 horizon=240 lifetime=[334,938] skipped=False
2026-08-30 17:40:19,625 | INFO | step=7030/20000 loss=-0.8425451 nll=-0.8428494 kl=0.0003042817 consistency=0 lambda=0 beta=1 grad=23.79984 horizon=120 lifetime=[428,2154] skipped=False
2026-08-30 17:40:20,027 | INFO | step=7040/20000 loss=-1.542361 nll=-1.542668 kl=0.0003073066 consistency=0 lambda=0 beta=1 grad=53.27595 horizon=220 lifetime=[428,1012] skipped=False
2026-08-30 17:40:20,411 | INFO | step=7050/20000 loss=-0.7493312 nll=-0.7500502 kl=0.0007189512 consistency=0 lambda=0 beta=1 grad=20.02786 horizon=180 lifetime=[486,1045] skipped=False
2026-08-30 17:40:20,826 | INFO | step=7060/20000 loss=-0.6556854 nll=-0.6561705 kl=0.0004851371 consistency=0 lambda=0 beta=1 grad=67.8993 horizon=260 lifetime=[557,1052] skipped=False
2026-08-30 17:40:21,256 | INFO | step=7070/20000 loss=-0.9182611 nll=-0.9184657 kl=0.0002046376 consistency=0 lambda=0 beta=1 grad=36.72668 horizon=160 lifetime=[442,2154] skipped=False
2026-08-30 17:40:21,666 | INFO | step=7080/20000 loss=-0.801881 nll=-0.8022851 kl=0.0004041642 consistency=0 lambda=0 beta=1 grad=67.42493 horizon=300 lifetime=[437,2154] skipped=False
2026-08-30 17:40:22,055 | INFO | step=7090/20000 loss=-0.9304872 nll=-0.9308673 kl=0.0003800988 consistency=0 lambda=0 beta=1 grad=76.08356 horizon=180 lifetime=[334,1313] skipped=False
2026-08-30 17:40:22,446 | INFO | step=7100/20000 loss=-1.282942 nll=-1.283123 kl=0.000180617 consistency=0 lambda=0 beta=1 grad=189.9033 horizon=260 lifetime=[462,841] skipped=False
2026-08-30 17:40:22,875 | INFO | step=7110/20000 loss=-0.6256552 nll=-0.6260509 kl=0.0003957003 consistency=0 lambda=0 beta=1 grad=48.85524 horizon=140 lifetime=[461,1858] skipped=False
2026-08-30 17:40:23,325 | INFO | step=7120/20000 loss=-0.9052256 nll=-0.905483 kl=0.0002574474 consistency=0 lambda=0 beta=1 grad=158.2239 horizon=260 lifetime=[428,938] skipped=False
2026-08-30 17:40:23,697 | INFO | step=7130/20000 loss=-0.5659334 nll=-0.5665072 kl=0.0005738139 consistency=0 lambda=0 beta=1 grad=14.21815 horizon=120 lifetime=[147,1705] skipped=False
2026-08-30 17:40:24,133 | INFO | step=7140/20000 loss=0.6911579 nll=0.6904126 kl=0.0007453859 consistency=0 lambda=0 beta=1 grad=185.2738 horizon=260 lifetime=[675,1007] skipped=False
2026-08-30 17:40:24,508 | INFO | step=7150/20000 loss=-1.085467 nll=-1.08593 kl=0.0004632473 consistency=0 lambda=0 beta=1 grad=160.3096 horizon=240 lifetime=[442,773] skipped=False
2026-08-30 17:40:24,938 | INFO | step=7160/20000 loss=-1.246828 nll=-1.24709 kl=0.000261873 consistency=0 lambda=0 beta=1 grad=44.50113 horizon=280 lifetime=[477,2237] skipped=False
2026-08-30 17:40:25,360 | INFO | step=7170/20000 loss=-0.8348029 nll=-0.8357083 kl=0.0009054244 consistency=0 lambda=0 beta=1 grad=59.47483 horizon=280 lifetime=[486,1015] skipped=False
2026-08-30 17:40:25,740 | INFO | step=7180/20000 loss=-0.9233263 nll=-0.9236925 kl=0.0003662109 consistency=0 lambda=0 beta=1 grad=29.85396 horizon=140 lifetime=[147,877] skipped=False
2026-08-30 17:40:26,133 | INFO | step=7190/20000 loss=0.1417345 nll=0.1412469 kl=0.0004875958 consistency=0 lambda=0 beta=1 grad=180.7982 horizon=200 lifetime=[428,1007] skipped=False
2026-08-30 17:40:26,493 | INFO | step=7200/20000 loss=-0.6905475 nll=-0.691427 kl=0.0008795261 consistency=0 lambda=0 beta=1 grad=22.81948 horizon=140 lifetime=[147,891] skipped=False
2026-08-30 17:40:26,911 | INFO | step=7210/20000 loss=-0.1373935 nll=-0.1377232 kl=0.0003297031 consistency=0 lambda=0 beta=1 grad=73.83041 horizon=160 lifetime=[470,2154] skipped=False
2026-08-30 17:40:27,336 | INFO | step=7220/20000 loss=-0.5690432 nll=-0.5694407 kl=0.0003974736 consistency=0 lambda=0 beta=1 grad=76.64347 horizon=180 lifetime=[437,1282] skipped=False
2026-08-30 17:40:27,734 | INFO | step=7230/20000 loss=-0.9064005 nll=-0.9070579 kl=0.0006574392 consistency=0 lambda=0 beta=1 grad=138.6541 horizon=260 lifetime=[470,1091] skipped=False
2026-08-30 17:40:28,123 | INFO | step=7240/20000 loss=-0.7385238 nll=-0.7400177 kl=0.001493901 consistency=0 lambda=0 beta=1 grad=21.47353 horizon=160 lifetime=[334,1055] skipped=False
2026-08-30 17:40:28,533 | INFO | step=7250/20000 loss=-0.6265699 nll=-0.6276044 kl=0.001034588 consistency=0 lambda=0 beta=1 grad=12.3701 horizon=100 lifetime=[428,1154] skipped=False
2026-08-30 17:40:28,901 | INFO | step=7260/20000 loss=-0.703776 nll=-0.7045529 kl=0.0007769167 consistency=0 lambda=0 beta=1 grad=100.6386 horizon=280 lifetime=[484,852] skipped=False
2026-08-30 17:40:29,284 | INFO | step=7270/20000 loss=-0.9519899 nll=-0.9526339 kl=0.000643909 consistency=0 lambda=0 beta=1 grad=58.28433 horizon=120 lifetime=[479,1045] skipped=False
2026-08-30 17:40:29,672 | INFO | step=7280/20000 loss=0.1212429 nll=0.1206911 kl=0.0005518496 consistency=0 lambda=0 beta=1 grad=127.5366 horizon=300 lifetime=[484,2154] skipped=False
2026-08-30 17:40:30,068 | INFO | step=7290/20000 loss=-0.8247541 nll=-0.8253717 kl=0.0006176531 consistency=0 lambda=0 beta=1 grad=151.8018 horizon=300 lifetime=[442,933] skipped=False
2026-08-30 17:40:30,459 | INFO | step=7300/20000 loss=-1.667988 nll=-1.668214 kl=0.0002256632 consistency=0 lambda=0 beta=1 grad=62.8646 horizon=260 lifetime=[465,671] skipped=False
2026-08-30 17:40:30,856 | INFO | step=7310/20000 loss=-0.7112675 nll=-0.7116607 kl=0.0003933012 consistency=0 lambda=0 beta=1 grad=113.9111 horizon=220 lifetime=[476,826] skipped=False
2026-08-30 17:40:31,288 | INFO | step=7320/20000 loss=-0.4523377 nll=-0.453125 kl=0.0007872581 consistency=0 lambda=0 beta=1 grad=24.90718 horizon=140 lifetime=[701,1858] skipped=False
2026-08-30 17:40:31,699 | INFO | step=7330/20000 loss=-1.024807 nll=-1.025202 kl=0.0003943443 consistency=0 lambda=0 beta=1 grad=51.4123 horizon=300 lifetime=[491,1061] skipped=False
2026-08-30 17:40:32,122 | INFO | step=7340/20000 loss=-0.4057325 nll=-0.4058726 kl=0.0001401007 consistency=0 lambda=0 beta=1 grad=49.09661 horizon=200 lifetime=[437,2237] skipped=False
2026-08-30 17:40:32,551 | INFO | step=7350/20000 loss=-1.198268 nll=-1.199622 kl=0.001353979 consistency=0 lambda=0 beta=1 grad=70.15735 horizon=260 lifetime=[334,863] skipped=False
2026-08-30 17:40:32,929 | INFO | step=7360/20000 loss=-0.2164321 nll=-0.2174686 kl=0.001036555 consistency=0 lambda=0 beta=1 grad=33.19604 horizon=100 lifetime=[147,1071] skipped=False
2026-08-30 17:40:33,320 | INFO | step=7370/20000 loss=-0.4602866 nll=-0.4611271 kl=0.0008404553 consistency=0 lambda=0 beta=1 grad=122.044 horizon=120 lifetime=[460,1313] skipped=False
2026-08-30 17:40:33,767 | INFO | step=7380/20000 loss=-0.8787472 nll=-0.8790178 kl=0.0002705455 consistency=0 lambda=0 beta=1 grad=198.8963 horizon=160 lifetime=[442,1055] skipped=False
2026-08-30 17:40:34,138 | INFO | step=7390/20000 loss=0.02403572 nll=0.02336332 kl=0.0006724 consistency=0 lambda=0 beta=1 grad=74.05885 horizon=100 lifetime=[470,1858] skipped=False
2026-08-30 17:40:34,563 | INFO | step=7400/20000 loss=-0.2559796 nll=-0.256322 kl=0.0003424287 consistency=0 lambda=0 beta=1 grad=191.533 horizon=260 lifetime=[465,1061] skipped=False
2026-08-30 17:40:34,945 | INFO | step=7410/20000 loss=-1.393814 nll=-1.394213 kl=0.0003989935 consistency=0 lambda=0 beta=1 grad=22.38769 horizon=220 lifetime=[453,1045] skipped=False
2026-08-30 17:40:35,308 | INFO | step=7420/20000 loss=-0.2934971 nll=-0.2938563 kl=0.0003591478 consistency=0 lambda=0 beta=1 grad=83.92136 horizon=200 lifetime=[428,1431] skipped=False
2026-08-30 17:40:35,661 | INFO | step=7430/20000 loss=-0.9036418 nll=-0.9043301 kl=0.0006883144 consistency=0 lambda=0 beta=1 grad=32.68914 horizon=120 lifetime=[461,891] skipped=False
2026-08-30 17:40:36,082 | INFO | step=7440/20000 loss=-1.602088 nll=-1.602727 kl=0.0006389618 consistency=0 lambda=0 beta=1 grad=43.27132 horizon=300 lifetime=[470,1061] skipped=False
2026-08-30 17:40:36,465 | INFO | step=7450/20000 loss=-1.210666 nll=-1.211105 kl=0.0004390478 consistency=0 lambda=0 beta=1 grad=36.04538 horizon=220 lifetime=[442,1313] skipped=False
2026-08-30 17:40:36,869 | INFO | step=7460/20000 loss=-0.4770786 nll=-0.4778927 kl=0.0008140206 consistency=0 lambda=0 beta=1 grad=123.2649 horizon=180 lifetime=[453,1858] skipped=False
2026-08-30 17:40:37,265 | INFO | step=7470/20000 loss=-0.4347696 nll=-0.4353409 kl=0.0005712509 consistency=0 lambda=0 beta=1 grad=180.2418 horizon=240 lifetime=[428,938] skipped=False
2026-08-30 17:40:37,624 | INFO | step=7480/20000 loss=-0.2201669 nll=-0.220753 kl=0.0005861223 consistency=0 lambda=0 beta=1 grad=28.24999 horizon=140 lifetime=[614,2237] skipped=False
2026-08-30 17:40:38,029 | INFO | step=7490/20000 loss=-1.416925 nll=-1.417153 kl=0.0002278686 consistency=0 lambda=0 beta=1 grad=28.58357 horizon=300 lifetime=[437,868] skipped=False
2026-08-30 17:40:38,908 | INFO | validation step=7500 rmse=114.1619 best=102.689@5000 stale=5/10
2026-08-30 17:40:38,908 | INFO | step=7500/20000 loss=-0.6143502 nll=-0.6147472 kl=0.0003969371 consistency=0 lambda=0 beta=1 grad=202.3874 horizon=280 lifetime=[428,1091] skipped=False
2026-08-30 17:40:39,387 | INFO | step=7510/20000 loss=-1.328793 nll=-1.329367 kl=0.0005740523 consistency=0 lambda=0 beta=1 grad=144.0685 horizon=180 lifetime=[437,1705] skipped=False
2026-08-30 17:40:39,794 | INFO | step=7520/20000 loss=-1.064026 nll=-1.064419 kl=0.0003927648 consistency=0 lambda=0 beta=1 grad=58.86968 horizon=300 lifetime=[442,1045] skipped=False
2026-08-30 17:40:40,205 | INFO | step=7530/20000 loss=-1.263775 nll=-1.264116 kl=0.0003412962 consistency=0 lambda=0 beta=1 grad=65.13168 horizon=300 lifetime=[437,877] skipped=False
2026-08-30 17:40:40,600 | INFO | step=7540/20000 loss=-1.269753 nll=-1.270016 kl=0.0002622008 consistency=0 lambda=0 beta=1 grad=187.9936 horizon=220 lifetime=[442,1091] skipped=False
2026-08-30 17:40:40,979 | INFO | step=7550/20000 loss=-0.07473604 nll=-0.07561176 kl=0.0008757114 consistency=0 lambda=0 beta=1 grad=96.23376 horizon=120 lifetime=[560,1858] skipped=False
2026-08-30 17:40:41,383 | INFO | step=7560/20000 loss=-1.03049 nll=-1.030826 kl=0.000336349 consistency=0 lambda=0 beta=1 grad=30.38598 horizon=140 lifetime=[491,2237] skipped=False
2026-08-30 17:40:41,770 | INFO | step=7570/20000 loss=-1.316184 nll=-1.316992 kl=0.0008074045 consistency=0 lambda=0 beta=1 grad=19.99496 horizon=100 lifetime=[428,777] skipped=False
2026-08-30 17:40:42,175 | INFO | step=7580/20000 loss=-1.093824 nll=-1.094474 kl=0.0006501079 consistency=0 lambda=0 beta=1 grad=56.41237 horizon=140 lifetime=[599,826] skipped=False
2026-08-30 17:40:42,586 | INFO | step=7590/20000 loss=-1.203277 nll=-1.203909 kl=0.0006319582 consistency=0 lambda=0 beta=1 grad=21.56907 horizon=140 lifetime=[477,1055] skipped=False
2026-08-30 17:40:42,987 | INFO | step=7600/20000 loss=-0.850595 nll=-0.8507527 kl=0.0001576841 consistency=0 lambda=0 beta=1 grad=109.8744 horizon=280 lifetime=[462,921] skipped=False
2026-08-30 17:40:43,400 | INFO | step=7610/20000 loss=-0.9145419 nll=-0.9148539 kl=0.0003120303 consistency=0 lambda=0 beta=1 grad=51.17791 horizon=200 lifetime=[465,2154] skipped=False
2026-08-30 17:40:43,861 | INFO | step=7620/20000 loss=-0.4574511 nll=-0.4585713 kl=0.001120239 consistency=0 lambda=0 beta=1 grad=253.448 horizon=220 lifetime=[479,1071] skipped=False
2026-08-30 17:40:44,326 | INFO | step=7630/20000 loss=-0.5888718 nll=-0.5895836 kl=0.0007118583 consistency=0 lambda=0 beta=1 grad=42.76133 horizon=260 lifetime=[648,2237] skipped=False
2026-08-30 17:40:44,754 | INFO | step=7640/20000 loss=-1.460348 nll=-1.460849 kl=0.0005000532 consistency=0 lambda=0 beta=1 grad=47.41436 horizon=200 lifetime=[428,1282] skipped=False
2026-08-30 17:40:45,171 | INFO | step=7650/20000 loss=-1.116045 nll=-1.116541 kl=0.0004951656 consistency=0 lambda=0 beta=1 grad=29.23513 horizon=300 lifetime=[675,1431] skipped=False
2026-08-30 17:40:45,629 | INFO | step=7660/20000 loss=-1.005256 nll=-1.005557 kl=0.0003006458 consistency=0 lambda=0 beta=1 grad=168.3919 horizon=280 lifetime=[453,2154] skipped=False
2026-08-30 17:40:46,030 | INFO | step=7670/20000 loss=-0.8645959 nll=-0.8649772 kl=0.0003813207 consistency=0 lambda=0 beta=1 grad=27.10868 horizon=180 lifetime=[560,2237] skipped=False
2026-08-30 17:40:46,399 | INFO | step=7680/20000 loss=-0.8432287 nll=-0.8437382 kl=0.0005095005 consistency=0 lambda=0 beta=1 grad=21.98904 horizon=100 lifetime=[147,871] skipped=False
2026-08-30 17:40:46,802 | INFO | step=7690/20000 loss=-1.189611 nll=-1.190832 kl=0.001220852 consistency=0 lambda=0 beta=1 grad=34.38556 horizon=120 lifetime=[460,877] skipped=False
2026-08-30 17:40:47,196 | INFO | step=7700/20000 loss=-1.387347 nll=-1.387626 kl=0.0002793074 consistency=0 lambda=0 beta=1 grad=48.61545 horizon=260 lifetime=[453,2154] skipped=False
2026-08-30 17:40:47,603 | INFO | step=7710/20000 loss=-1.145531 nll=-1.14609 kl=0.000558883 consistency=0 lambda=0 beta=1 grad=131.4994 horizon=280 lifetime=[442,2154] skipped=False
2026-08-30 17:40:47,962 | INFO | step=7720/20000 loss=-1.774734 nll=-1.77496 kl=0.0002265871 consistency=0 lambda=0 beta=1 grad=35.73478 horizon=220 lifetime=[453,841] skipped=False
2026-08-30 17:40:48,332 | INFO | step=7730/20000 loss=-0.3978831 nll=-0.3985783 kl=0.0006952584 consistency=0 lambda=0 beta=1 grad=75.73263 horizon=140 lifetime=[334,1431] skipped=False
2026-08-30 17:40:48,757 | INFO | step=7740/20000 loss=-1.173925 nll=-1.174436 kl=0.0005113184 consistency=0 lambda=0 beta=1 grad=45.90191 horizon=200 lifetime=[334,1015] skipped=False
2026-08-30 17:40:49,153 | INFO | step=7750/20000 loss=0.03677097 nll=0.03630859 kl=0.000462383 consistency=0 lambda=0 beta=1 grad=382.6129 horizon=280 lifetime=[476,1071] skipped=False
2026-08-30 17:40:49,604 | INFO | step=7760/20000 loss=-1.144672 nll=-1.144956 kl=0.0002841949 consistency=0 lambda=0 beta=1 grad=78.13426 horizon=300 lifetime=[773,938] skipped=False
2026-08-30 17:40:50,000 | INFO | step=7770/20000 loss=-0.908295 nll=-0.9086695 kl=0.000374496 consistency=0 lambda=0 beta=1 grad=37.64365 horizon=120 lifetime=[147,1071] skipped=False
2026-08-30 17:40:50,378 | INFO | step=7780/20000 loss=-0.9754632 nll=-0.9757297 kl=0.0002665818 consistency=0 lambda=0 beta=1 grad=14.96093 horizon=160 lifetime=[491,1015] skipped=False
2026-08-30 17:40:50,842 | INFO | step=7790/20000 loss=-0.9311356 nll=-0.9313168 kl=0.0001811981 consistency=0 lambda=0 beta=1 grad=54.12884 horizon=300 lifetime=[437,2237] skipped=False
2026-08-30 17:40:51,233 | INFO | step=7800/20000 loss=-0.9434624 nll=-0.9436646 kl=0.000202179 consistency=0 lambda=0 beta=1 grad=44.32532 horizon=120 lifetime=[461,1012] skipped=False
2026-08-30 17:40:51,656 | INFO | step=7810/20000 loss=-0.9360091 nll=-0.9364327 kl=0.0004235506 consistency=0 lambda=0 beta=1 grad=111.4533 horizon=280 lifetime=[491,1858] skipped=False
2026-08-30 17:40:52,021 | INFO | step=7820/20000 loss=-1.341355 nll=-1.341797 kl=0.0004421175 consistency=0 lambda=0 beta=1 grad=109.5197 horizon=220 lifetime=[465,938] skipped=False
2026-08-30 17:40:52,470 | INFO | step=7830/20000 loss=-0.6677759 nll=-0.6680406 kl=0.0002647042 consistency=0 lambda=0 beta=1 grad=127.0463 horizon=300 lifetime=[486,2154] skipped=False
2026-08-30 17:40:52,871 | INFO | step=7840/20000 loss=-0.1725521 nll=-0.1727315 kl=0.0001793206 consistency=0 lambda=0 beta=1 grad=233.6715 horizon=240 lifetime=[437,1091] skipped=False
2026-08-30 17:40:53,255 | INFO | step=7850/20000 loss=-0.9431964 nll=-0.9434849 kl=0.0002885163 consistency=0 lambda=0 beta=1 grad=41.725 horizon=160 lifetime=[460,1313] skipped=False
2026-08-30 17:40:53,662 | INFO | step=7860/20000 loss=-0.5771072 nll=-0.5780122 kl=0.0009049475 consistency=0 lambda=0 beta=1 grad=21.52368 horizon=100 lifetime=[147,938] skipped=False
2026-08-30 17:40:54,049 | INFO | step=7870/20000 loss=-1.284905 nll=-1.285137 kl=0.0002320111 consistency=0 lambda=0 beta=1 grad=202.7767 horizon=200 lifetime=[334,786] skipped=False
2026-08-30 17:40:54,451 | INFO | step=7880/20000 loss=-1.23212 nll=-1.232652 kl=0.000531733 consistency=0 lambda=0 beta=1 grad=210.1128 horizon=220 lifetime=[460,874] skipped=False
2026-08-30 17:40:54,851 | INFO | step=7890/20000 loss=-1.162547 nll=-1.162706 kl=0.0001592934 consistency=0 lambda=0 beta=1 grad=30.89266 horizon=160 lifetime=[460,2154] skipped=False
2026-08-30 17:40:55,239 | INFO | step=7900/20000 loss=-0.8131362 nll=-0.8137714 kl=0.0006351173 consistency=0 lambda=0 beta=1 grad=64.48487 horizon=260 lifetime=[648,2237] skipped=False
2026-08-30 17:40:55,634 | INFO | step=7910/20000 loss=-1.099269 nll=-1.099725 kl=0.0004560351 consistency=0 lambda=0 beta=1 grad=64.88612 horizon=280 lifetime=[428,1154] skipped=False
2026-08-30 17:40:56,041 | INFO | step=7920/20000 loss=-1.000162 nll=-1.000556 kl=0.0003938973 consistency=0 lambda=0 beta=1 grad=35.01326 horizon=300 lifetime=[607,2237] skipped=False
2026-08-30 17:40:56,456 | INFO | step=7930/20000 loss=-1.245599 nll=-1.245958 kl=0.000359118 consistency=0 lambda=0 beta=1 grad=125.4199 horizon=280 lifetime=[470,871] skipped=False
2026-08-30 17:40:56,855 | INFO | step=7940/20000 loss=-1.166683 nll=-1.167103 kl=0.0004193783 consistency=0 lambda=0 beta=1 grad=54.6246 horizon=140 lifetime=[334,933] skipped=False
2026-08-30 17:40:57,247 | INFO | step=7950/20000 loss=-0.243333 nll=-0.2437484 kl=0.0004154146 consistency=0 lambda=0 beta=1 grad=380.228 horizon=260 lifetime=[486,847] skipped=False
2026-08-30 17:40:57,637 | INFO | step=7960/20000 loss=-0.3505082 nll=-0.3509362 kl=0.0004280806 consistency=0 lambda=0 beta=1 grad=53.41897 horizon=100 lifetime=[465,1705] skipped=False
2026-08-30 17:40:58,022 | INFO | step=7970/20000 loss=-0.734553 nll=-0.7353706 kl=0.0008176565 consistency=0 lambda=0 beta=1 grad=31.57893 horizon=160 lifetime=[675,1052] skipped=False
2026-08-30 17:40:58,412 | INFO | step=7980/20000 loss=-0.7861754 nll=-0.7866964 kl=0.0005210042 consistency=0 lambda=0 beta=1 grad=198.9642 horizon=280 lifetime=[476,1313] skipped=False
2026-08-30 17:40:58,820 | INFO | step=7990/20000 loss=-0.4589712 nll=-0.4594159 kl=0.0004447103 consistency=0 lambda=0 beta=1 grad=140.0157 horizon=160 lifetime=[334,1012] skipped=False
2026-08-30 17:40:59,515 | INFO | validation step=8000 rmse=142.0525 best=102.689@5000 stale=6/10
2026-08-30 17:40:59,515 | INFO | step=8000/20000 loss=-0.338811 nll=-0.339544 kl=0.0007330179 consistency=0 lambda=0 beta=1 grad=137.5479 horizon=240 lifetime=[437,1015] skipped=False
2026-08-30 17:41:00,012 | INFO | step=8010/20000 loss=-1.340907 nll=-1.341345 kl=0.0004375875 consistency=0 lambda=0 beta=1 grad=48.18512 horizon=280 lifetime=[334,1045] skipped=False
2026-08-30 17:41:00,444 | INFO | step=8020/20000 loss=-1.147513 nll=-1.147955 kl=0.000441879 consistency=0 lambda=0 beta=1 grad=inf horizon=200 lifetime=[428,1154] skipped=True
2026-08-30 17:41:00,831 | INFO | step=8030/20000 loss=-1.648346 nll=-1.648701 kl=0.0003556907 consistency=0 lambda=0 beta=1 grad=30.55925 horizon=240 lifetime=[334,1052] skipped=False
2026-08-30 17:41:01,291 | INFO | step=8040/20000 loss=-1.092037 nll=-1.092658 kl=0.0006216764 consistency=0 lambda=0 beta=1 grad=34.33461 horizon=220 lifetime=[512,1154] skipped=False
2026-08-30 17:41:01,711 | INFO | step=8050/20000 loss=-0.1450917 nll=-0.1456321 kl=0.0005403459 consistency=0 lambda=0 beta=1 grad=79.68724 horizon=180 lifetime=[334,1091] skipped=False
2026-08-30 17:41:02,120 | INFO | step=8060/20000 loss=-0.7827526 nll=-0.7848135 kl=0.002060831 consistency=0 lambda=0 beta=1 grad=12.61928 horizon=100 lifetime=[453,1012] skipped=False
2026-08-30 17:41:02,522 | INFO | step=8070/20000 loss=-0.8590055 nll=-0.8595613 kl=0.0005559027 consistency=0 lambda=0 beta=1 grad=43.62875 horizon=120 lifetime=[428,847] skipped=False
2026-08-30 17:41:02,910 | INFO | step=8080/20000 loss=0.4565289 nll=0.4547233 kl=0.001805574 consistency=0 lambda=0 beta=1 grad=75.00019 horizon=100 lifetime=[437,1154] skipped=False
2026-08-30 17:41:03,321 | INFO | step=8090/20000 loss=-0.4780542 nll=-0.4785695 kl=0.0005153418 consistency=0 lambda=0 beta=1 grad=56.12061 horizon=140 lifetime=[428,1007] skipped=False
2026-08-30 17:41:03,684 | INFO | step=8100/20000 loss=-0.5523778 nll=-0.5531001 kl=0.0007223487 consistency=0 lambda=0 beta=1 grad=73.79995 horizon=120 lifetime=[147,2237] skipped=False
2026-08-30 17:41:04,095 | INFO | step=8110/20000 loss=-0.7814445 nll=-0.7817426 kl=0.0002980232 consistency=0 lambda=0 beta=1 grad=81.24494 horizon=140 lifetime=[460,1091] skipped=False
2026-08-30 17:41:04,501 | INFO | step=8120/20000 loss=-0.9994937 nll=-0.9997239 kl=0.0002301633 consistency=0 lambda=0 beta=1 grad=94.98286 horizon=240 lifetime=[476,2154] skipped=False
2026-08-30 17:41:04,913 | INFO | step=8130/20000 loss=-0.6227924 nll=-0.6232328 kl=0.0004403889 consistency=0 lambda=0 beta=1 grad=22.5783 horizon=120 lifetime=[560,2154] skipped=False
2026-08-30 17:41:05,371 | INFO | step=8140/20000 loss=-1.51039 nll=-1.510665 kl=0.0002752542 consistency=0 lambda=0 beta=1 grad=49.47593 horizon=280 lifetime=[476,1091] skipped=False
2026-08-30 17:41:05,745 | INFO | step=8150/20000 loss=0.3976788 nll=0.3969831 kl=0.0006956756 consistency=0 lambda=0 beta=1 grad=182.1645 horizon=220 lifetime=[777,2237] skipped=False
2026-08-30 17:41:06,162 | INFO | step=8160/20000 loss=-1.644081 nll=-1.644591 kl=0.0005106032 consistency=0 lambda=0 beta=1 grad=67.46382 horizon=180 lifetime=[334,794] skipped=False
2026-08-30 17:41:06,578 | INFO | step=8170/20000 loss=-0.9337512 nll=-0.9340478 kl=0.0002966523 consistency=0 lambda=0 beta=1 grad=197.2957 horizon=220 lifetime=[453,1858] skipped=False
2026-08-30 17:41:06,977 | INFO | step=8180/20000 loss=-1.574245 nll=-1.574477 kl=0.0002318919 consistency=0 lambda=0 beta=1 grad=92.43591 horizon=280 lifetime=[428,887] skipped=False
2026-08-30 17:41:07,414 | INFO | step=8190/20000 loss=-0.03115964 nll=-0.03128296 kl=0.000123322 consistency=0 lambda=0 beta=1 grad=133.7028 horizon=180 lifetime=[460,1061] skipped=False
2026-08-30 17:41:07,810 | INFO | step=8200/20000 loss=0.2519807 nll=0.2515194 kl=0.0004612505 consistency=0 lambda=0 beta=1 grad=156.0595 horizon=300 lifetime=[526,2237] skipped=False
2026-08-30 17:41:08,226 | INFO | step=8210/20000 loss=-0.8688709 nll=-0.8690895 kl=0.0002185702 consistency=0 lambda=0 beta=1 grad=27.96873 horizon=220 lifetime=[437,1313] skipped=False
2026-08-30 17:41:08,643 | INFO | step=8220/20000 loss=-1.336815 nll=-1.337019 kl=0.000204742 consistency=0 lambda=0 beta=1 grad=146.3919 horizon=280 lifetime=[512,1055] skipped=False
2026-08-30 17:41:09,052 | INFO | step=8230/20000 loss=0.09475181 nll=0.0941253 kl=0.0006265044 consistency=0 lambda=0 beta=1 grad=111.852 horizon=100 lifetime=[460,1071] skipped=False
2026-08-30 17:41:09,433 | INFO | step=8240/20000 loss=-0.5470261 nll=-0.547691 kl=0.0006648898 consistency=0 lambda=0 beta=1 grad=77.13377 horizon=180 lifetime=[428,1705] skipped=False
2026-08-30 17:41:09,856 | INFO | step=8250/20000 loss=-0.9907734 nll=-0.9909407 kl=0.0001672804 consistency=0 lambda=0 beta=1 grad=64.01851 horizon=300 lifetime=[476,2154] skipped=False
2026-08-30 17:41:10,255 | INFO | step=8260/20000 loss=-1.062566 nll=-1.062902 kl=0.000336349 consistency=0 lambda=0 beta=1 grad=15.04265 horizon=180 lifetime=[477,1154] skipped=False
2026-08-30 17:41:10,661 | INFO | step=8270/20000 loss=-1.099113 nll=-1.099467 kl=0.0003546178 consistency=0 lambda=0 beta=1 grad=205.926 horizon=280 lifetime=[482,921] skipped=False
2026-08-30 17:41:11,051 | INFO | step=8280/20000 loss=-1.666942 nll=-1.667351 kl=0.0004096627 consistency=0 lambda=0 beta=1 grad=86.04565 horizon=240 lifetime=[480,871] skipped=False
2026-08-30 17:41:11,446 | INFO | step=8290/20000 loss=-0.3255183 nll=-0.326626 kl=0.001107663 consistency=0 lambda=0 beta=1 grad=30.92593 horizon=100 lifetime=[462,988] skipped=False
2026-08-30 17:41:11,815 | INFO | step=8300/20000 loss=-1.383614 nll=-1.383985 kl=0.0003705323 consistency=0 lambda=0 beta=1 grad=58.30327 horizon=300 lifetime=[428,1091] skipped=False
2026-08-30 17:41:12,227 | INFO | step=8310/20000 loss=-1.5132 nll=-1.51399 kl=0.0007894337 consistency=0 lambda=0 beta=1 grad=30.40506 horizon=300 lifetime=[460,1045] skipped=False
2026-08-30 17:41:12,614 | INFO | step=8320/20000 loss=-1.299538 nll=-1.299809 kl=0.0002712309 consistency=0 lambda=0 beta=1 grad=54.53329 horizon=160 lifetime=[334,2237] skipped=False
2026-08-30 17:41:12,972 | INFO | step=8330/20000 loss=0.4066662 nll=0.4063947 kl=0.0002714694 consistency=0 lambda=0 beta=1 grad=162.7682 horizon=160 lifetime=[476,1282] skipped=False
2026-08-30 17:41:13,380 | INFO | step=8340/20000 loss=-0.9966819 nll=-0.9971313 kl=0.0004494786 consistency=0 lambda=0 beta=1 grad=103.5595 horizon=200 lifetime=[460,1045] skipped=False
2026-08-30 17:41:13,737 | INFO | step=8350/20000 loss=-0.7736762 nll=-0.7739315 kl=0.0002553165 consistency=0 lambda=0 beta=1 grad=47.89704 horizon=240 lifetime=[494,1705] skipped=False
2026-08-30 17:41:14,180 | INFO | step=8360/20000 loss=-1.389302 nll=-1.389729 kl=0.0004269779 consistency=0 lambda=0 beta=1 grad=127.4304 horizon=300 lifetime=[656,938] skipped=False
2026-08-30 17:41:14,545 | INFO | step=8370/20000 loss=-0.934702 nll=-0.9349694 kl=0.000267446 consistency=0 lambda=0 beta=1 grad=57.82128 horizon=120 lifetime=[453,1154] skipped=False
2026-08-30 17:41:14,907 | INFO | step=8380/20000 loss=-0.7910807 nll=-0.7914752 kl=0.0003944933 consistency=0 lambda=0 beta=1 grad=28.95279 horizon=100 lifetime=[465,1154] skipped=False
2026-08-30 17:41:15,295 | INFO | step=8390/20000 loss=-1.099934 nll=-1.100117 kl=0.0001839697 consistency=0 lambda=0 beta=1 grad=33.12663 horizon=200 lifetime=[519,1858] skipped=False
2026-08-30 17:41:15,728 | INFO | step=8400/20000 loss=-1.30677 nll=-1.30704 kl=0.0002694428 consistency=0 lambda=0 beta=1 grad=43.41549 horizon=160 lifetime=[501,1052] skipped=False
2026-08-30 17:41:16,212 | INFO | step=8410/20000 loss=-1.677781 nll=-1.678214 kl=0.0004329085 consistency=0 lambda=0 beta=1 grad=66.03511 horizon=260 lifetime=[428,1012] skipped=False
2026-08-30 17:41:16,637 | INFO | step=8420/20000 loss=-1.050954 nll=-1.051065 kl=0.0001112819 consistency=0 lambda=0 beta=1 grad=76.19814 horizon=300 lifetime=[477,2154] skipped=False
2026-08-30 17:41:17,001 | INFO | step=8430/20000 loss=-0.4697887 nll=-0.4701257 kl=0.0003370047 consistency=0 lambda=0 beta=1 grad=43.20991 horizon=140 lifetime=[428,2154] skipped=False
2026-08-30 17:41:17,415 | INFO | step=8440/20000 loss=-1.406787 nll=-1.406922 kl=0.0001349151 consistency=0 lambda=0 beta=1 grad=116.0959 horizon=300 lifetime=[470,2237] skipped=False
2026-08-30 17:41:17,801 | INFO | step=8450/20000 loss=-1.330938 nll=-1.331296 kl=0.0003577769 consistency=0 lambda=0 beta=1 grad=98.67754 horizon=180 lifetime=[460,1052] skipped=False
2026-08-30 17:41:18,229 | INFO | step=8460/20000 loss=-1.163337 nll=-1.163561 kl=0.0002243221 consistency=0 lambda=0 beta=1 grad=103.1301 horizon=260 lifetime=[428,933] skipped=False
2026-08-30 17:41:18,661 | INFO | step=8470/20000 loss=-1.477864 nll=-1.478192 kl=0.0003274679 consistency=0 lambda=0 beta=1 grad=52.1298 horizon=300 lifetime=[428,1858] skipped=False
2026-08-30 17:41:19,066 | INFO | step=8480/20000 loss=-1.272498 nll=-1.273047 kl=0.0005491972 consistency=0 lambda=0 beta=1 grad=42.93701 horizon=120 lifetime=[460,2154] skipped=False
2026-08-30 17:41:19,499 | INFO | step=8490/20000 loss=-1.301262 nll=-1.30152 kl=0.0002578795 consistency=0 lambda=0 beta=1 grad=95.56268 horizon=240 lifetime=[533,2237] skipped=False
2026-08-30 17:41:20,181 | INFO | validation step=8500 rmse=113.0959 best=102.689@5000 stale=7/10
2026-08-30 17:41:20,181 | INFO | step=8500/20000 loss=-1.024197 nll=-1.024517 kl=0.0003201067 consistency=0 lambda=0 beta=1 grad=60.78104 horizon=280 lifetime=[460,1071] skipped=False
2026-08-30 17:41:20,670 | INFO | step=8510/20000 loss=-1.307745 nll=-1.30802 kl=0.0002751052 consistency=0 lambda=0 beta=1 grad=24.39507 horizon=180 lifetime=[482,1282] skipped=False
2026-08-30 17:41:21,086 | INFO | step=8520/20000 loss=-1.620589 nll=-1.620968 kl=0.0003780723 consistency=0 lambda=0 beta=1 grad=80.04276 horizon=200 lifetime=[428,1858] skipped=False
2026-08-30 17:41:21,530 | INFO | step=8530/20000 loss=-1.917337 nll=-1.917506 kl=0.0001684129 consistency=0 lambda=0 beta=1 grad=84.02206 horizon=300 lifetime=[428,1061] skipped=False
2026-08-30 17:41:21,932 | INFO | step=8540/20000 loss=1.009092 nll=1.008589 kl=0.0005030334 consistency=0 lambda=0 beta=1 grad=158.5915 horizon=100 lifetime=[442,1091] skipped=False
2026-08-30 17:41:22,366 | INFO | step=8550/20000 loss=-0.03983203 nll=-0.04145375 kl=0.001621723 consistency=0 lambda=0 beta=1 grad=67.00201 horizon=100 lifetime=[147,988] skipped=False
2026-08-30 17:41:22,725 | INFO | step=8560/20000 loss=-0.8551558 nll=-0.8553553 kl=0.0001994073 consistency=0 lambda=0 beta=1 grad=70.51124 horizon=200 lifetime=[461,2237] skipped=False
2026-08-30 17:41:23,071 | INFO | step=8570/20000 loss=-0.4462892 nll=-0.4468386 kl=0.0005494356 consistency=0 lambda=0 beta=1 grad=74.81082 horizon=120 lifetime=[526,1313] skipped=False
2026-08-30 17:41:23,480 | INFO | step=8580/20000 loss=-1.471057 nll=-1.471284 kl=0.0002275109 consistency=0 lambda=0 beta=1 grad=53.27795 horizon=200 lifetime=[442,2154] skipped=False
2026-08-30 17:41:23,848 | INFO | step=8590/20000 loss=-0.848947 nll=-0.8493848 kl=0.0004377663 consistency=0 lambda=0 beta=1 grad=78.99549 horizon=160 lifetime=[334,2237] skipped=False
2026-08-30 17:41:24,236 | INFO | step=8600/20000 loss=-0.9390173 nll=-0.9395704 kl=0.0005531609 consistency=0 lambda=0 beta=1 grad=39.81884 horizon=180 lifetime=[498,2237] skipped=False
2026-08-30 17:41:24,663 | INFO | step=8610/20000 loss=-0.4727972 nll=-0.4730466 kl=0.0002493858 consistency=0 lambda=0 beta=1 grad=106.6664 horizon=300 lifetime=[465,1052] skipped=False
2026-08-30 17:41:25,044 | INFO | step=8620/20000 loss=-1.246285 nll=-1.246668 kl=0.00038293 consistency=0 lambda=0 beta=1 grad=55.75824 horizon=260 lifetime=[486,887] skipped=False
2026-08-30 17:41:25,479 | INFO | step=8630/20000 loss=-1.488109 nll=-1.488442 kl=0.0003328621 consistency=0 lambda=0 beta=1 grad=112.8739 horizon=300 lifetime=[453,1061] skipped=False
2026-08-30 17:41:25,907 | INFO | step=8640/20000 loss=-0.09837779 nll=-0.0986318 kl=0.0002540052 consistency=0 lambda=0 beta=1 grad=287.8934 horizon=200 lifetime=[461,2237] skipped=False
2026-08-30 17:41:26,315 | INFO | step=8650/20000 loss=-0.8436933 nll=-0.844111 kl=0.0004177094 consistency=0 lambda=0 beta=1 grad=216.133 horizon=260 lifetime=[428,1154] skipped=False
2026-08-30 17:41:26,724 | INFO | step=8660/20000 loss=-0.6156654 nll=-0.6159704 kl=0.000304997 consistency=0 lambda=0 beta=1 grad=258.6937 horizon=240 lifetime=[442,1045] skipped=False
2026-08-30 17:41:27,078 | INFO | step=8670/20000 loss=-0.7548984 nll=-0.7552035 kl=0.0003050864 consistency=0 lambda=0 beta=1 grad=18.03412 horizon=100 lifetime=[428,1154] skipped=False
2026-08-30 17:41:27,460 | INFO | step=8680/20000 loss=-1.39052 nll=-1.391458 kl=0.0009376407 consistency=0 lambda=0 beta=1 grad=121.3747 horizon=260 lifetime=[462,988] skipped=False
2026-08-30 17:41:27,852 | INFO | step=8690/20000 loss=-1.379974 nll=-1.380326 kl=0.0003516376 consistency=0 lambda=0 beta=1 grad=71.89841 horizon=180 lifetime=[465,1015] skipped=False
2026-08-30 17:41:28,236 | INFO | step=8700/20000 loss=-1.146339 nll=-1.146853 kl=0.0005141497 consistency=0 lambda=0 beta=1 grad=37.36566 horizon=260 lifetime=[476,1071] skipped=False
2026-08-30 17:41:28,619 | INFO | step=8710/20000 loss=-0.7393834 nll=-0.7397107 kl=0.0003272891 consistency=0 lambda=0 beta=1 grad=178.3478 horizon=160 lifetime=[460,1055] skipped=False
2026-08-30 17:41:28,979 | INFO | step=8720/20000 loss=-1.447163 nll=-1.447596 kl=0.0004331172 consistency=0 lambda=0 beta=1 grad=37.43433 horizon=160 lifetime=[470,964] skipped=False
2026-08-30 17:41:29,391 | INFO | step=8730/20000 loss=-0.5690362 nll=-0.5694125 kl=0.0003761947 consistency=0 lambda=0 beta=1 grad=91.98106 horizon=100 lifetime=[462,2237] skipped=False
2026-08-30 17:41:29,818 | INFO | step=8740/20000 loss=-1.673325 nll=-1.67365 kl=0.0003252029 consistency=0 lambda=0 beta=1 grad=147.9675 horizon=240 lifetime=[442,988] skipped=False
2026-08-30 17:41:30,201 | INFO | step=8750/20000 loss=-0.4591982 nll=-0.4594947 kl=0.0002964735 consistency=0 lambda=0 beta=1 grad=171.9041 horizon=220 lifetime=[428,1705] skipped=False
2026-08-30 17:41:30,583 | INFO | step=8760/20000 loss=-0.3755692 nll=-0.3760095 kl=0.0004402995 consistency=0 lambda=0 beta=1 grad=176.3033 horizon=180 lifetime=[453,1858] skipped=False
2026-08-30 17:41:30,978 | INFO | step=8770/20000 loss=-1.57372 nll=-1.574088 kl=0.0003679395 consistency=0 lambda=0 beta=1 grad=106.1089 horizon=260 lifetime=[462,1313] skipped=False
2026-08-30 17:41:31,404 | INFO | step=8780/20000 loss=1.580323 nll=1.580076 kl=0.0002470613 consistency=0 lambda=0 beta=1 grad=607.5681 horizon=280 lifetime=[470,777] skipped=False
2026-08-30 17:41:31,831 | INFO | step=8790/20000 loss=-0.6949548 nll=-0.6954696 kl=0.0005148649 consistency=0 lambda=0 beta=1 grad=148.5736 horizon=180 lifetime=[470,891] skipped=False
2026-08-30 17:41:32,216 | INFO | step=8800/20000 loss=-0.7843235 nll=-0.7846892 kl=0.0003657639 consistency=0 lambda=0 beta=1 grad=179.3811 horizon=240 lifetime=[334,1313] skipped=False
2026-08-30 17:41:32,613 | INFO | step=8810/20000 loss=-1.143344 nll=-1.143927 kl=0.0005834699 consistency=0 lambda=0 beta=1 grad=69.12915 horizon=160 lifetime=[428,1858] skipped=False
2026-08-30 17:41:33,053 | INFO | step=8820/20000 loss=-1.106949 nll=-1.107147 kl=0.0001980662 consistency=0 lambda=0 beta=1 grad=68.28548 horizon=220 lifetime=[462,1282] skipped=False
2026-08-30 17:41:33,424 | INFO | step=8830/20000 loss=1.823022 nll=1.822201 kl=0.0008206964 consistency=0 lambda=0 beta=1 grad=242.7249 horizon=100 lifetime=[560,1071] skipped=False
2026-08-30 17:41:33,815 | INFO | step=8840/20000 loss=-0.8684727 nll=-0.8692269 kl=0.0007542074 consistency=0 lambda=0 beta=1 grad=96.4091 horizon=120 lifetime=[442,887] skipped=False
2026-08-30 17:41:34,191 | INFO | step=8850/20000 loss=-0.5613821 nll=-0.5626339 kl=0.001251847 consistency=0 lambda=0 beta=1 grad=56.47788 horizon=120 lifetime=[462,1858] skipped=False
2026-08-30 17:41:34,577 | INFO | step=8860/20000 loss=-1.399548 nll=-1.400612 kl=0.001064062 consistency=0 lambda=0 beta=1 grad=91.87415 horizon=280 lifetime=[491,1071] skipped=False
2026-08-30 17:41:34,991 | INFO | step=8870/20000 loss=-1.082813 nll=-1.083096 kl=0.0002832413 consistency=0 lambda=0 beta=1 grad=57.8876 horizon=180 lifetime=[460,887] skipped=False
2026-08-30 17:41:35,404 | INFO | step=8880/20000 loss=-1.138497 nll=-1.138861 kl=0.0003641844 consistency=0 lambda=0 beta=1 grad=79.79037 horizon=240 lifetime=[656,1705] skipped=False
2026-08-30 17:41:35,825 | INFO | step=8890/20000 loss=-0.5627912 nll=-0.5631093 kl=0.0003180504 consistency=0 lambda=0 beta=1 grad=154.4699 horizon=220 lifetime=[461,891] skipped=False
2026-08-30 17:41:36,259 | INFO | step=8900/20000 loss=0.6543151 nll=0.6540444 kl=0.0002706945 consistency=0 lambda=0 beta=1 grad=223.1698 horizon=240 lifetime=[494,2237] skipped=False
2026-08-30 17:41:36,662 | INFO | step=8910/20000 loss=-1.50688 nll=-1.507124 kl=0.0002439022 consistency=0 lambda=0 beta=1 grad=54.64682 horizon=240 lifetime=[476,1052] skipped=False
2026-08-30 17:41:37,058 | INFO | step=8920/20000 loss=-1.18495 nll=-1.185182 kl=0.0002326667 consistency=0 lambda=0 beta=1 grad=110.5761 horizon=240 lifetime=[428,1091] skipped=False
2026-08-30 17:41:37,471 | INFO | step=8930/20000 loss=-1.486437 nll=-1.486737 kl=0.0002992451 consistency=0 lambda=0 beta=1 grad=59.38453 horizon=240 lifetime=[484,1282] skipped=False
2026-08-30 17:41:37,878 | INFO | step=8940/20000 loss=0.7080504 nll=0.7078155 kl=0.0002348423 consistency=0 lambda=0 beta=1 grad=257.9419 horizon=260 lifetime=[437,1431] skipped=False
2026-08-30 17:41:38,299 | INFO | step=8950/20000 loss=1.068862 nll=1.068542 kl=0.0003191233 consistency=0 lambda=0 beta=1 grad=389.6124 horizon=240 lifetime=[428,1055] skipped=False
2026-08-30 17:41:38,692 | INFO | step=8960/20000 loss=-0.628983 nll=-0.6294829 kl=0.0004998147 consistency=0 lambda=0 beta=1 grad=113.8534 horizon=180 lifetime=[477,2237] skipped=False
2026-08-30 17:41:39,084 | INFO | step=8970/20000 loss=-1.425281 nll=-1.42559 kl=0.000308454 consistency=0 lambda=0 beta=1 grad=91.20252 horizon=280 lifetime=[488,1071] skipped=False
2026-08-30 17:41:39,496 | INFO | step=8980/20000 loss=-1.056439 nll=-1.056693 kl=0.0002539456 consistency=0 lambda=0 beta=1 grad=83.02106 horizon=280 lifetime=[476,2237] skipped=False
2026-08-30 17:41:39,886 | INFO | step=8990/20000 loss=-0.6142361 nll=-0.6149098 kl=0.0006736815 consistency=0 lambda=0 beta=1 grad=102.674 horizon=100 lifetime=[428,1071] skipped=False
2026-08-30 17:41:40,547 | INFO | validation step=9000 rmse=128.5614 best=102.689@5000 stale=8/10
2026-08-30 17:41:40,547 | INFO | step=9000/20000 loss=-0.9563257 nll=-0.9566655 kl=0.0003398359 consistency=0 lambda=0 beta=1 grad=21.55406 horizon=120 lifetime=[147,2237] skipped=False
2026-08-30 17:41:41,011 | INFO | step=9010/20000 loss=-0.3457159 nll=-0.3460268 kl=0.000310868 consistency=0 lambda=0 beta=1 grad=167.2191 horizon=100 lifetime=[476,933] skipped=False
2026-08-30 17:41:41,397 | INFO | step=9020/20000 loss=-0.595425 nll=-0.5963089 kl=0.0008839071 consistency=0 lambda=0 beta=1 grad=34.72277 horizon=100 lifetime=[465,1061] skipped=False
2026-08-30 17:41:41,774 | INFO | step=9030/20000 loss=-1.233711 nll=-1.233974 kl=0.0002621114 consistency=0 lambda=0 beta=1 grad=42.36554 horizon=120 lifetime=[437,887] skipped=False
2026-08-30 17:41:42,208 | INFO | step=9040/20000 loss=-1.403565 nll=-1.403807 kl=0.0002422631 consistency=0 lambda=0 beta=1 grad=50.35101 horizon=300 lifetime=[479,1313] skipped=False
2026-08-30 17:41:42,585 | INFO | step=9050/20000 loss=-0.9544119 nll=-0.9547482 kl=0.0003362298 consistency=0 lambda=0 beta=1 grad=104.8005 horizon=140 lifetime=[147,887] skipped=False
2026-08-30 17:41:43,002 | INFO | step=9060/20000 loss=-1.244424 nll=-1.244699 kl=0.0002752542 consistency=0 lambda=0 beta=1 grad=104.8022 horizon=300 lifetime=[453,1071] skipped=False
2026-08-30 17:41:43,405 | INFO | step=9070/20000 loss=-1.248462 nll=-1.248801 kl=0.000338912 consistency=0 lambda=0 beta=1 grad=30.8252 horizon=160 lifetime=[476,1071] skipped=False
2026-08-30 17:41:43,835 | INFO | step=9080/20000 loss=-1.519425 nll=-1.519658 kl=0.0002325177 consistency=0 lambda=0 beta=1 grad=60.2406 horizon=220 lifetime=[486,1313] skipped=False
2026-08-30 17:41:44,241 | INFO | step=9090/20000 loss=-0.778395 nll=-0.7786487 kl=0.0002536774 consistency=0 lambda=0 beta=1 grad=64.4025 horizon=160 lifetime=[501,1052] skipped=False
2026-08-30 17:41:44,648 | INFO | step=9100/20000 loss=-0.6011435 nll=-0.6014051 kl=0.0002616644 consistency=0 lambda=0 beta=1 grad=24.60275 horizon=140 lifetime=[491,1061] skipped=False
2026-08-30 17:41:45,035 | INFO | step=9110/20000 loss=-1.020641 nll=-1.020942 kl=0.000300765 consistency=0 lambda=0 beta=1 grad=43.42209 horizon=260 lifetime=[477,1858] skipped=False
2026-08-30 17:41:45,456 | INFO | step=9120/20000 loss=-1.285654 nll=-1.285794 kl=0.0001402497 consistency=0 lambda=0 beta=1 grad=100.954 horizon=240 lifetime=[334,988] skipped=False
2026-08-30 17:41:45,819 | INFO | step=9130/20000 loss=-1.381772 nll=-1.382277 kl=0.0005047917 consistency=0 lambda=0 beta=1 grad=80.56219 horizon=160 lifetime=[437,1091] skipped=False
2026-08-30 17:41:46,252 | INFO | step=9140/20000 loss=-0.8418158 nll=-0.8424447 kl=0.0006287992 consistency=0 lambda=0 beta=1 grad=54.99329 horizon=100 lifetime=[505,988] skipped=False
2026-08-30 17:41:46,662 | INFO | step=9150/20000 loss=-1.557027 nll=-1.557355 kl=0.000328064 consistency=0 lambda=0 beta=1 grad=47.46228 horizon=160 lifetime=[428,841] skipped=False
2026-08-30 17:41:47,035 | INFO | step=9160/20000 loss=-1.275647 nll=-1.275953 kl=0.0003063977 consistency=0 lambda=0 beta=1 grad=169.0822 horizon=200 lifetime=[505,1052] skipped=False
2026-08-30 17:41:47,428 | INFO | step=9170/20000 loss=-0.8292538 nll=-0.8295712 kl=0.0003174841 consistency=0 lambda=0 beta=1 grad=208.4142 horizon=240 lifetime=[476,1282] skipped=False
2026-08-30 17:41:47,858 | INFO | step=9180/20000 loss=-0.5026844 nll=-0.5032542 kl=0.0005697906 consistency=0 lambda=0 beta=1 grad=69.88066 horizon=120 lifetime=[462,1061] skipped=False
2026-08-30 17:41:48,269 | INFO | step=9190/20000 loss=-1.098894 nll=-1.099126 kl=0.0002323985 consistency=0 lambda=0 beta=1 grad=135.8964 horizon=120 lifetime=[428,2237] skipped=False
2026-08-30 17:41:48,681 | INFO | step=9200/20000 loss=-1.616935 nll=-1.617197 kl=0.0002618134 consistency=0 lambda=0 beta=1 grad=23.42935 horizon=220 lifetime=[428,1061] skipped=False
2026-08-30 17:41:49,109 | INFO | step=9210/20000 loss=-1.550095 nll=-1.550337 kl=0.0002423823 consistency=0 lambda=0 beta=1 grad=62.23304 horizon=280 lifetime=[428,1282] skipped=False
2026-08-30 17:41:49,524 | INFO | step=9220/20000 loss=-1.692752 nll=-1.693295 kl=0.0005435348 consistency=0 lambda=0 beta=1 grad=125.0382 horizon=260 lifetime=[428,858] skipped=False
2026-08-30 17:41:49,899 | INFO | step=9230/20000 loss=1.426725 nll=1.42637 kl=0.0003548861 consistency=0 lambda=0 beta=1 grad=264.5257 horizon=140 lifetime=[442,1313] skipped=False
2026-08-30 17:41:50,280 | INFO | step=9240/20000 loss=-0.4715491 nll=-0.471742 kl=0.00019297 consistency=0 lambda=0 beta=1 grad=90.85803 horizon=140 lifetime=[428,2154] skipped=False
2026-08-30 17:41:50,702 | INFO | step=9250/20000 loss=-1.704094 nll=-1.704398 kl=0.0003048182 consistency=0 lambda=0 beta=1 grad=72.32318 horizon=300 lifetime=[442,2237] skipped=False
2026-08-30 17:41:51,137 | INFO | step=9260/20000 loss=-0.5494764 nll=-0.5498487 kl=0.0003722906 consistency=0 lambda=0 beta=1 grad=315.3561 horizon=260 lifetime=[453,1154] skipped=False
2026-08-30 17:41:51,546 | INFO | step=9270/20000 loss=-1.308175 nll=-1.308419 kl=0.000244379 consistency=0 lambda=0 beta=1 grad=49.37387 horizon=180 lifetime=[428,847] skipped=False
2026-08-30 17:41:51,995 | INFO | step=9280/20000 loss=-0.6193288 nll=-0.619701 kl=0.000372231 consistency=0 lambda=0 beta=1 grad=49.18139 horizon=100 lifetime=[428,1045] skipped=False
2026-08-30 17:41:52,375 | INFO | step=9290/20000 loss=-0.9590542 nll=-0.9594737 kl=0.0004194975 consistency=0 lambda=0 beta=1 grad=72.88807 horizon=140 lifetime=[428,1061] skipped=False
2026-08-30 17:41:52,791 | INFO | step=9300/20000 loss=-0.8485363 nll=-0.8489565 kl=0.0004201829 consistency=0 lambda=0 beta=1 grad=161.2526 horizon=180 lifetime=[476,1015] skipped=False
2026-08-30 17:41:53,196 | INFO | step=9310/20000 loss=-0.8700096 nll=-0.8702526 kl=0.0002430081 consistency=0 lambda=0 beta=1 grad=67.33099 horizon=160 lifetime=[437,1091] skipped=False
2026-08-30 17:41:53,620 | INFO | step=9320/20000 loss=-1.284147 nll=-1.284381 kl=0.0002345741 consistency=0 lambda=0 beta=1 grad=63.89784 horizon=240 lifetime=[460,1313] skipped=False
2026-08-30 17:41:54,086 | INFO | step=9330/20000 loss=-0.9169227 nll=-0.9171454 kl=0.0002227724 consistency=0 lambda=0 beta=1 grad=74.51308 horizon=300 lifetime=[533,1705] skipped=False
2026-08-30 17:41:54,520 | INFO | step=9340/20000 loss=-1.211186 nll=-1.211362 kl=0.0001755357 consistency=0 lambda=0 beta=1 grad=103.9427 horizon=280 lifetime=[465,1012] skipped=False
2026-08-30 17:41:54,983 | INFO | step=9350/20000 loss=-1.862559 nll=-1.863334 kl=0.0007753372 consistency=0 lambda=0 beta=1 grad=31.33434 horizon=260 lifetime=[462,988] skipped=False
2026-08-30 17:41:55,354 | INFO | step=9360/20000 loss=-0.7586849 nll=-0.759125 kl=0.000440076 consistency=0 lambda=0 beta=1 grad=75.70439 horizon=120 lifetime=[482,868] skipped=False
2026-08-30 17:41:55,759 | INFO | step=9370/20000 loss=-1.486282 nll=-1.486703 kl=0.0004212856 consistency=0 lambda=0 beta=1 grad=30.06244 horizon=200 lifetime=[498,1052] skipped=False
2026-08-30 17:41:56,180 | INFO | step=9380/20000 loss=-1.222317 nll=-1.222614 kl=0.0002972037 consistency=0 lambda=0 beta=1 grad=52.86217 horizon=300 lifetime=[494,2154] skipped=False
2026-08-30 17:41:56,589 | INFO | step=9390/20000 loss=-0.9850624 nll=-0.9852995 kl=0.0002371222 consistency=0 lambda=0 beta=1 grad=56.68699 horizon=100 lifetime=[428,1055] skipped=False
2026-08-30 17:41:56,992 | INFO | step=9400/20000 loss=-0.9864808 nll=-0.9869277 kl=0.0004468858 consistency=0 lambda=0 beta=1 grad=102.15 horizon=140 lifetime=[460,1858] skipped=False
2026-08-30 17:41:57,382 | INFO | step=9410/20000 loss=-1.563318 nll=-1.563475 kl=0.0001570582 consistency=0 lambda=0 beta=1 grad=31.74978 horizon=200 lifetime=[428,1071] skipped=False
2026-08-30 17:41:57,784 | INFO | step=9420/20000 loss=-0.6274277 nll=-0.6283365 kl=0.0009088367 consistency=0 lambda=0 beta=1 grad=76.37814 horizon=100 lifetime=[460,1154] skipped=False
2026-08-30 17:41:58,173 | INFO | step=9430/20000 loss=-0.5259568 nll=-0.5261945 kl=0.0002377182 consistency=0 lambda=0 beta=1 grad=44.79571 horizon=220 lifetime=[491,1154] skipped=False
2026-08-30 17:41:58,566 | INFO | step=9440/20000 loss=0.0308796 nll=0.02971457 kl=0.001165032 consistency=0 lambda=0 beta=1 grad=147.6693 horizon=100 lifetime=[476,2237] skipped=False
2026-08-30 17:41:58,963 | INFO | step=9450/20000 loss=0.3945346 nll=0.3940399 kl=0.0004946887 consistency=0 lambda=0 beta=1 grad=88.97569 horizon=100 lifetime=[476,1858] skipped=False
2026-08-30 17:41:59,386 | INFO | step=9460/20000 loss=-0.6965306 nll=-0.6970576 kl=0.0005269796 consistency=0 lambda=0 beta=1 grad=313.1611 horizon=220 lifetime=[460,988] skipped=False
2026-08-30 17:41:59,756 | INFO | step=9470/20000 loss=-1.562198 nll=-1.562598 kl=0.0004008412 consistency=0 lambda=0 beta=1 grad=51.41835 horizon=200 lifetime=[334,868] skipped=False
2026-08-30 17:42:00,148 | INFO | step=9480/20000 loss=-0.6913406 nll=-0.6918362 kl=0.000495702 consistency=0 lambda=0 beta=1 grad=42.87409 horizon=100 lifetime=[501,858] skipped=False
2026-08-30 17:42:00,542 | INFO | step=9490/20000 loss=-1.01758 nll=-1.01811 kl=0.0005299747 consistency=0 lambda=0 beta=1 grad=77.69691 horizon=120 lifetime=[460,2237] skipped=False
2026-08-30 17:42:01,210 | INFO | validation step=9500 rmse=120.1623 best=102.689@5000 stale=9/10
2026-08-30 17:42:01,210 | INFO | step=9500/20000 loss=-0.4123856 nll=-0.4133689 kl=0.0009832978 consistency=0 lambda=0 beta=1 grad=49.34115 horizon=120 lifetime=[470,1154] skipped=False
2026-08-30 17:42:01,709 | INFO | step=9510/20000 loss=-0.8346179 nll=-0.8351245 kl=0.0005065799 consistency=0 lambda=0 beta=1 grad=67.36652 horizon=160 lifetime=[491,1282] skipped=False
2026-08-30 17:42:02,090 | INFO | step=9520/20000 loss=-1.379825 nll=-1.379965 kl=0.0001404285 consistency=0 lambda=0 beta=1 grad=22.98828 horizon=180 lifetime=[460,988] skipped=False
2026-08-30 17:42:02,441 | INFO | step=9530/20000 loss=-0.6893019 nll=-0.6899654 kl=0.0006635189 consistency=0 lambda=0 beta=1 grad=68.77702 horizon=140 lifetime=[334,2237] skipped=False
2026-08-30 17:42:02,859 | INFO | step=9540/20000 loss=-1.618376 nll=-1.618582 kl=0.00020504 consistency=0 lambda=0 beta=1 grad=197.209 horizon=160 lifetime=[460,1858] skipped=False
2026-08-30 17:42:03,294 | INFO | step=9550/20000 loss=-1.054794 nll=-1.055217 kl=0.0004229248 consistency=0 lambda=0 beta=1 grad=161.7965 horizon=220 lifetime=[476,988] skipped=False
2026-08-30 17:42:03,660 | INFO | step=9560/20000 loss=-1.131897 nll=-1.132385 kl=0.0004885793 consistency=0 lambda=0 beta=1 grad=243.6486 horizon=260 lifetime=[480,1705] skipped=False
2026-08-30 17:42:04,047 | INFO | step=9570/20000 loss=-0.940285 nll=-0.9406875 kl=0.00040254 consistency=0 lambda=0 beta=1 grad=119.3308 horizon=180 lifetime=[442,2237] skipped=False
2026-08-30 17:42:04,481 | INFO | step=9580/20000 loss=-1.097088 nll=-1.097356 kl=0.0002679527 consistency=0 lambda=0 beta=1 grad=25.05506 horizon=280 lifetime=[614,1282] skipped=False
2026-08-30 17:42:04,883 | INFO | step=9590/20000 loss=-1.499819 nll=-1.500063 kl=0.0002442002 consistency=0 lambda=0 beta=1 grad=37.18339 horizon=280 lifetime=[334,1313] skipped=False
2026-08-30 17:42:05,281 | INFO | step=9600/20000 loss=-1.297932 nll=-1.298335 kl=0.000402689 consistency=0 lambda=0 beta=1 grad=107.7905 horizon=160 lifetime=[477,1045] skipped=False
2026-08-30 17:42:05,683 | INFO | step=9610/20000 loss=-0.2391937 nll=-0.2394531 kl=0.0002594292 consistency=0 lambda=0 beta=1 grad=172.8339 horizon=120 lifetime=[442,1705] skipped=False
2026-08-30 17:42:06,105 | INFO | step=9620/20000 loss=-1.464644 nll=-1.464897 kl=0.0002534389 consistency=0 lambda=0 beta=1 grad=72.72707 horizon=240 lifetime=[460,871] skipped=False
2026-08-30 17:42:06,475 | INFO | step=9630/20000 loss=-1.441327 nll=-1.441549 kl=0.0002219081 consistency=0 lambda=0 beta=1 grad=76.91512 horizon=160 lifetime=[437,874] skipped=False
2026-08-30 17:42:06,892 | INFO | step=9640/20000 loss=-0.3135978 nll=-0.3138671 kl=0.000269264 consistency=0 lambda=0 beta=1 grad=127.1038 horizon=160 lifetime=[557,2154] skipped=False
2026-08-30 17:42:07,257 | INFO | step=9650/20000 loss=-0.5898197 nll=-0.5907099 kl=0.0008902252 consistency=0 lambda=0 beta=1 grad=55.08009 horizon=100 lifetime=[494,1045] skipped=False
2026-08-30 17:42:07,669 | INFO | step=9660/20000 loss=-1.702491 nll=-1.703089 kl=0.0005973279 consistency=0 lambda=0 beta=1 grad=131.8294 horizon=260 lifetime=[442,1154] skipped=False
2026-08-30 17:42:08,086 | INFO | step=9670/20000 loss=-1.038456 nll=-1.038743 kl=0.0002868474 consistency=0 lambda=0 beta=1 grad=39.79177 horizon=140 lifetime=[461,1071] skipped=False
2026-08-30 17:42:08,467 | INFO | step=9680/20000 loss=-1.222456 nll=-1.222724 kl=0.0002679229 consistency=0 lambda=0 beta=1 grad=56.08873 horizon=180 lifetime=[428,988] skipped=False
2026-08-30 17:42:08,918 | INFO | step=9690/20000 loss=1.54126 nll=1.541095 kl=0.000164777 consistency=0 lambda=0 beta=1 grad=572.2314 horizon=240 lifetime=[498,1052] skipped=False
2026-08-30 17:42:09,295 | INFO | step=9700/20000 loss=-0.2236879 nll=-0.2238806 kl=0.000192672 consistency=0 lambda=0 beta=1 grad=79.22161 horizon=120 lifetime=[465,1431] skipped=False
2026-08-30 17:42:09,692 | INFO | step=9710/20000 loss=-1.793043 nll=-1.793335 kl=0.0002923608 consistency=0 lambda=0 beta=1 grad=53.78143 horizon=160 lifetime=[482,1055] skipped=False
2026-08-30 17:42:10,081 | INFO | step=9720/20000 loss=-1.579941 nll=-1.580398 kl=0.0004571378 consistency=0 lambda=0 beta=1 grad=21.49142 horizon=220 lifetime=[486,1154] skipped=False
2026-08-30 17:42:10,530 | INFO | step=9730/20000 loss=-1.355256 nll=-1.355416 kl=0.0001602471 consistency=0 lambda=0 beta=1 grad=58.80376 horizon=280 lifetime=[428,1431] skipped=False
2026-08-30 17:42:10,939 | INFO | step=9740/20000 loss=-1.896551 nll=-1.896986 kl=0.0004343688 consistency=0 lambda=0 beta=1 grad=76.56331 horizon=200 lifetime=[462,1061] skipped=False
2026-08-30 17:42:11,313 | INFO | step=9750/20000 loss=-0.2655822 nll=-0.2657192 kl=0.0001370609 consistency=0 lambda=0 beta=1 grad=324.0366 horizon=180 lifetime=[428,1015] skipped=False
2026-08-30 17:42:11,744 | INFO | step=9760/20000 loss=-1.590601 nll=-1.590785 kl=0.0001840889 consistency=0 lambda=0 beta=1 grad=74.9278 horizon=240 lifetime=[460,988] skipped=False
2026-08-30 17:42:12,156 | INFO | step=9770/20000 loss=-0.4356965 nll=-0.4362403 kl=0.0005438626 consistency=0 lambda=0 beta=1 grad=89.67464 horizon=180 lifetime=[491,1705] skipped=False
2026-08-30 17:42:12,599 | INFO | step=9780/20000 loss=-1.379853 nll=-1.380156 kl=0.0003030896 consistency=0 lambda=0 beta=1 grad=109.4454 horizon=220 lifetime=[505,887] skipped=False
2026-08-30 17:42:13,023 | INFO | step=9790/20000 loss=-0.9441651 nll=-0.9444687 kl=0.0003036261 consistency=0 lambda=0 beta=1 grad=58.91156 horizon=140 lifetime=[476,2237] skipped=False
2026-08-30 17:42:13,420 | INFO | step=9800/20000 loss=-0.495633 nll=-0.4963738 kl=0.0007407963 consistency=0 lambda=0 beta=1 grad=342.8469 horizon=120 lifetime=[442,1154] skipped=False
2026-08-30 17:42:13,801 | INFO | step=9810/20000 loss=-1.073572 nll=-1.074206 kl=0.0006336272 consistency=0 lambda=0 beta=1 grad=307.2008 horizon=160 lifetime=[470,868] skipped=False
2026-08-30 17:42:14,231 | INFO | step=9820/20000 loss=-0.2545583 nll=-0.2551638 kl=0.0006055832 consistency=0 lambda=0 beta=1 grad=73.39066 horizon=100 lifetime=[428,1858] skipped=False
2026-08-30 17:42:14,667 | INFO | step=9830/20000 loss=-1.058342 nll=-1.05856 kl=0.0002182424 consistency=0 lambda=0 beta=1 grad=48.47484 horizon=240 lifetime=[428,1091] skipped=False
2026-08-30 17:42:15,060 | INFO | step=9840/20000 loss=-1.157776 nll=-1.157885 kl=0.0001084805 consistency=0 lambda=0 beta=1 grad=313.8535 horizon=280 lifetime=[476,964] skipped=False
2026-08-30 17:42:15,513 | INFO | step=9850/20000 loss=-1.243704 nll=-1.243893 kl=0.0001884103 consistency=0 lambda=0 beta=1 grad=55.93685 horizon=260 lifetime=[488,1282] skipped=False
2026-08-30 17:42:15,912 | INFO | step=9860/20000 loss=-0.3264053 nll=-0.326682 kl=0.0002766252 consistency=0 lambda=0 beta=1 grad=136.3943 horizon=280 lifetime=[484,1858] skipped=False
2026-08-30 17:42:16,309 | INFO | step=9870/20000 loss=-1.412678 nll=-1.412992 kl=0.0003139079 consistency=0 lambda=0 beta=1 grad=51.64087 horizon=140 lifetime=[453,868] skipped=False
2026-08-30 17:42:16,731 | INFO | step=9880/20000 loss=-1.407828 nll=-1.408076 kl=0.0002481043 consistency=0 lambda=0 beta=1 grad=337.9368 horizon=240 lifetime=[437,868] skipped=False
2026-08-30 17:42:17,130 | INFO | step=9890/20000 loss=-1.884981 nll=-1.88521 kl=0.0002290308 consistency=0 lambda=0 beta=1 grad=54.71702 horizon=280 lifetime=[470,1858] skipped=False
2026-08-30 17:42:17,530 | INFO | step=9900/20000 loss=-1.180674 nll=-1.180888 kl=0.0002137423 consistency=0 lambda=0 beta=1 grad=199.6797 horizon=300 lifetime=[461,1431] skipped=False
2026-08-30 17:42:17,939 | INFO | step=9910/20000 loss=-2.027127 nll=-2.027477 kl=0.0003502369 consistency=0 lambda=0 beta=1 grad=87.56333 horizon=140 lifetime=[428,964] skipped=False
2026-08-30 17:42:18,347 | INFO | step=9920/20000 loss=-1.388324 nll=-1.388561 kl=0.0002369285 consistency=0 lambda=0 beta=1 grad=133.7651 horizon=160 lifetime=[453,863] skipped=False
2026-08-30 17:42:18,755 | INFO | step=9930/20000 loss=-0.9644102 nll=-0.9646749 kl=0.000264734 consistency=0 lambda=0 beta=1 grad=86.64009 horizon=180 lifetime=[453,1313] skipped=False
2026-08-30 17:42:19,164 | INFO | step=9940/20000 loss=-1.23798 nll=-1.238564 kl=0.0005835295 consistency=0 lambda=0 beta=1 grad=97.10226 horizon=240 lifetime=[460,1313] skipped=False
2026-08-30 17:42:19,564 | INFO | step=9950/20000 loss=-1.502825 nll=-1.503396 kl=0.0005704761 consistency=0 lambda=0 beta=1 grad=34.23909 horizon=140 lifetime=[437,868] skipped=False
2026-08-30 17:42:19,994 | INFO | step=9960/20000 loss=-1.459078 nll=-1.459545 kl=0.0004668534 consistency=0 lambda=0 beta=1 grad=37.31445 horizon=260 lifetime=[462,2237] skipped=False
2026-08-30 17:42:20,410 | INFO | step=9970/20000 loss=-0.7416465 nll=-0.7418751 kl=0.000228554 consistency=0 lambda=0 beta=1 grad=122.8832 horizon=240 lifetime=[453,1858] skipped=False
2026-08-30 17:42:20,858 | INFO | step=9980/20000 loss=-1.434468 nll=-1.434616 kl=0.0001479983 consistency=0 lambda=0 beta=1 grad=101.8743 horizon=200 lifetime=[476,1061] skipped=False
2026-08-30 17:42:21,282 | INFO | step=9990/20000 loss=-1.581015 nll=-1.58139 kl=0.0003752708 consistency=0 lambda=0 beta=1 grad=30.90869 horizon=160 lifetime=[476,1091] skipped=False
2026-08-30 17:42:21,966 | INFO | validation step=10000 rmse=130.1656 best=102.689@5000 stale=10/10
2026-08-30 17:42:21,966 | INFO | step=10000/20000 loss=-0.7622526 nll=-0.7624763 kl=0.0002237558 consistency=0 lambda=0 beta=1 grad=81.2742 horizon=100 lifetime=[442,707] skipped=False
2026-08-30 17:42:22,056 | INFO | early stopping at step=10000 best=102.689@5000
2026-08-30 17:42:22,139 | INFO | completed run=/home/JunseoPark/바탕화면/battery_gru/outputs/horizon_lifetime_iv_anp_grid/suites/20260830_124935_068102/runs/horiginal_s52_lr0p0001_f2/20260830_173531_773750_f2_life_iv_base_s52
