horizon,cell_id,true_lifetime_cycles,predicted_lifetime_mean_cycles,predicted_lifetime_std_cycles,lifetime_lower_cycles,lifetime_upper_cycles,true_rul_cycles,predicted_rul_mean_cycles,rul_lower_cycles,rul_upper_cycles,absolute_error_cycles,context_cell_ids,query_label_used_as_input,model_parameter_update,interval_level
60,MATR_b1c14,877.0,1288.7121562599534,463.0334753248302,381.18322098687065,2196.241091533036,817.0,1228.7121562599534,321.18322098687065,2136.241091533036,411.7121562599534,"MATR_b2c35,MATR_b4c31,MATR_b4c23,MATR_b1c28,MATR_b4c5,MATR_b2c34,MATR_b1c41,MATR_b4c40,MATR_b1c31,MATR_b3c27,MATR_b2c27,MATR_b3c8",False,False,0.95
60,MATR_b1c18,687.0,1222.9236150002898,384.3413307821235,469.6284488971322,1976.2187811034473,627.0,1162.9236150002898,409.6284488971322,1916.2187811034473,535.9236150002898,"MATR_b2c35,MATR_b4c31,MATR_b4c23,MATR_b1c28,MATR_b4c5,MATR_b2c34,MATR_b1c41,MATR_b4c40,MATR_b1c31,MATR_b3c27,MATR_b2c27,MATR_b3c8",False,False,0.95
60,MATR_b1c19,786.0,1331.3709425276131,458.14773594565696,433.41788047555895,2229.3240045796674,726.0,1271.3709425276131,373.41788047555895,2169.3240045796674,545.3709425276131,"MATR_b2c35,MATR_b4c31,MATR_b4c23,MATR_b1c28,MATR_b4c5,MATR_b2c34,MATR_b1c41,MATR_b4c40,MATR_b1c31,MATR_b3c27,MATR_b2c27,MATR_b3c8",False,False,0.95
60,MATR_b1c2,2237.0,1325.9149047587289,472.24022618988033,400.34106937551485,2251.488740141943,2177.0,1265.9149047587289,340.34106937551485,2191.488740141943,911.0850952412711,"MATR_b2c35,MATR_b4c31,MATR_b4c23,MATR_b1c28,MATR_b4c5,MATR_b2c34,MATR_b1c41,MATR_b4c40,MATR_b1c31,MATR_b3c27,MATR_b2c27,MATR_b3c8",False,False,0.95
60,MATR_b1c30,707.0,1334.6356298115866,472.76803072518385,408.02731654830075,2261.2439430748723,647.0,1274.6356298115866,348.02731654830075,2201.2439430748723,627.6356298115866,"MATR_b2c35,MATR_b4c31,MATR_b4c23,MATR_b1c28,MATR_b4c5,MATR_b2c34,MATR_b1c41,MATR_b4c40,MATR_b1c31,MATR_b3c27,MATR_b2c27,MATR_b3c8",False,False,0.95
60,MATR_b1c34,742.0,1323.9488959091927,458.04697770982955,426.19331637050607,2221.7044754478793,682.0,1263.9488959091927,366.19331637050607,2161.7044754478793,581.9488959091927,"MATR_b2c35,MATR_b4c31,MATR_b4c23,MATR_b1c28,MATR_b4c5,MATR_b2c34,MATR_b1c41,MATR_b4c40,MATR_b1c31,MATR_b3c27,MATR_b2c27,MATR_b3c8",False,False,0.95
60,MATR_b1c35,701.0,1282.2926860807315,461.07326280264465,378.60569675317686,2185.9796754082863,641.0,1222.2926860807315,318.60569675317686,2125.9796754082863,581.2926860807315,"MATR_b2c35,MATR_b4c31,MATR_b4c23,MATR_b1c28,MATR_b4c5,MATR_b2c34,MATR_b1c41,MATR_b4c40,MATR_b1c31,MATR_b3c27,MATR_b2c27,MATR_b3c8",False,False,0.95
60,MATR_b1c42,700.0,1341.9397174045744,463.6796529089485,433.1442973390026,2250.735137470146,640.0,1281.9397174045744,373.1442973390026,2190.735137470146,641.9397174045744,"MATR_b2c35,MATR_b4c31,MATR_b4c23,MATR_b1c28,MATR_b4c5,MATR_b2c34,MATR_b1c41,MATR_b4c40,MATR_b1c31,MATR_b3c27,MATR_b2c27,MATR_b3c8",False,False,0.95
60,MATR_b1c5,1071.0,1325.385481768386,468.8183229361457,406.51845352107216,2244.2525100157,1011.0,1265.385481768386,346.51845352107216,2184.2525100157,254.38548176838594,"MATR_b2c35,MATR_b4c31,MATR_b4c23,MATR_b1c28,MATR_b4c5,MATR_b2c34,MATR_b1c41,MATR_b4c40,MATR_b1c31,MATR_b3c27,MATR_b2c27,MATR_b3c8",False,False,0.95
60,MATR_b1c6,633.0,1333.0409246588893,468.5973850040176,414.6069268013654,2251.4749225164132,573.0,1273.0409246588893,354.6069268013654,2191.4749225164132,700.0409246588893,"MATR_b2c35,MATR_b4c31,MATR_b4c23,MATR_b1c28,MATR_b4c5,MATR_b2c34,MATR_b1c41,MATR_b4c40,MATR_b1c31,MATR_b3c27,MATR_b2c27,MATR_b3c8",False,False,0.95
60,MATR_b2c19,460.0,920.2560840150131,203.31101836636995,521.7738103567667,1318.7383576732595,400.0,860.2560840150131,461.7738103567667,1258.7383576732595,460.25608401501313,"MATR_b2c35,MATR_b4c31,MATR_b4c23,MATR_b1c28,MATR_b4c5,MATR_b2c34,MATR_b1c41,MATR_b4c40,MATR_b1c31,MATR_b3c27,MATR_b2c27,MATR_b3c8",False,False,0.95
60,MATR_b2c22,512.0,1344.5827297609567,459.883961818082,443.22672752992275,2245.9387319919906,452.0,1284.5827297609567,383.22672752992275,2185.9387319919906,832.5827297609567,"MATR_b2c35,MATR_b4c31,MATR_b4c23,MATR_b1c28,MATR_b4c5,MATR_b2c34,MATR_b1c41,MATR_b4c40,MATR_b1c31,MATR_b3c27,MATR_b2c27,MATR_b3c8",False,False,0.95
60,MATR_b2c24,494.0,1297.4968667446028,451.11566171476267,413.32641692171364,2181.667316567492,434.0,1237.4968667446028,353.32641692171364,2121.667316567492,803.4968667446028,"MATR_b2c35,MATR_b4c31,MATR_b4c23,MATR_b1c28,MATR_b4c5,MATR_b2c34,MATR_b1c41,MATR_b4c40,MATR_b1c31,MATR_b3c27,MATR_b2c27,MATR_b3c8",False,False,0.95
60,MATR_b2c3,334.0,1018.2190315679843,219.8721606653431,587.2775154609076,1449.160547675061,274.0,958.2190315679843,527.2775154609076,1389.160547675061,684.2190315679843,"MATR_b2c35,MATR_b4c31,MATR_b4c23,MATR_b1c28,MATR_b4c5,MATR_b2c34,MATR_b1c41,MATR_b4c40,MATR_b1c31,MATR_b3c27,MATR_b2c27,MATR_b3c8",False,False,0.95
60,MATR_b2c33,519.0,1338.3811864347197,468.6314478368244,419.880426651683,2256.881946217756,459.0,1278.3811864347197,359.880426651683,2196.881946217756,819.3811864347197,"MATR_b2c35,MATR_b4c31,MATR_b4c23,MATR_b1c28,MATR_b4c5,MATR_b2c34,MATR_b1c41,MATR_b4c40,MATR_b1c31,MATR_b3c27,MATR_b2c27,MATR_b3c8",False,False,0.95
60,MATR_b2c41,428.0,1296.6911772428766,459.1813641385191,396.7122411594074,2196.670113326346,368.0,1236.6911772428766,336.7122411594074,2136.670113326346,868.6911772428766,"MATR_b2c35,MATR_b4c31,MATR_b4c23,MATR_b1c28,MATR_b4c5,MATR_b2c34,MATR_b1c41,MATR_b4c40,MATR_b1c31,MATR_b3c27,MATR_b2c27,MATR_b3c8",False,False,0.95
60,MATR_b3c1,1061.0,1226.4955452723314,439.23661574866316,365.60759771369305,2087.3834928309698,1001.0,1166.4955452723314,305.60759771369305,2027.3834928309698,165.49554527233136,"MATR_b2c35,MATR_b4c31,MATR_b4c23,MATR_b1c28,MATR_b4c5,MATR_b2c34,MATR_b1c41,MATR_b4c40,MATR_b1c31,MATR_b3c27,MATR_b2c27,MATR_b3c8",False,False,0.95
60,MATR_b3c14,856.0,1307.63795546777,470.3713999196891,385.7269522674932,2229.548958668047,796.0,1247.63795546777,325.7269522674932,2169.548958668047,451.6379554677701,"MATR_b2c35,MATR_b4c31,MATR_b4c23,MATR_b1c28,MATR_b4c5,MATR_b2c34,MATR_b1c41,MATR_b4c40,MATR_b1c31,MATR_b3c27,MATR_b2c27,MATR_b3c8",False,False,0.95
60,MATR_b3c17,1313.0,1206.8830694659212,432.1853835267206,359.8152831089186,2053.9508558229236,1253.0,1146.8830694659212,299.8152831089186,1993.9508558229236,106.11693053407885,"MATR_b2c35,MATR_b4c31,MATR_b4c23,MATR_b1c28,MATR_b4c5,MATR_b2c34,MATR_b1c41,MATR_b4c40,MATR_b1c31,MATR_b3c27,MATR_b2c27,MATR_b3c8",False,False,0.95
60,MATR_b3c24,823.0,1146.3271439027208,365.55618660878093,429.8501838237071,1862.8041039817344,763.0,1086.3271439027208,369.8501838237071,1802.8041039817344,323.32714390272076,"MATR_b2c35,MATR_b4c31,MATR_b4c23,MATR_b1c28,MATR_b4c5,MATR_b2c34,MATR_b1c41,MATR_b4c40,MATR_b1c31,MATR_b3c27,MATR_b2c27,MATR_b3c8",False,False,0.95
60,MATR_b3c31,729.0,1256.6159721570114,447.635983379969,379.26556654810213,2133.9663777659207,669.0,1196.6159721570114,319.26556654810213,2073.9663777659207,527.6159721570114,"MATR_b2c35,MATR_b4c31,MATR_b4c23,MATR_b1c28,MATR_b4c5,MATR_b2c34,MATR_b1c41,MATR_b4c40,MATR_b1c31,MATR_b3c27,MATR_b2c27,MATR_b3c8",False,False,0.95
60,MATR_b3c33,1282.0,1215.1866095034966,425.6614289012316,380.90553924922597,2049.467679757767,1222.0,1155.1866095034966,320.90553924922597,1989.4676797577672,66.81339049650342,"MATR_b2c35,MATR_b4c31,MATR_b4c23,MATR_b1c28,MATR_b4c5,MATR_b2c34,MATR_b1c41,MATR_b4c40,MATR_b1c31,MATR_b3c27,MATR_b2c27,MATR_b3c8",False,False,0.95
60,MATR_b3c36,921.0,1197.0067675149041,418.23223096984617,377.2866576401684,2016.7268773896399,861.0,1137.0067675149041,317.2866576401684,1956.7268773896399,276.00676751490414,"MATR_b2c35,MATR_b4c31,MATR_b4c23,MATR_b1c28,MATR_b4c5,MATR_b2c34,MATR_b1c41,MATR_b4c40,MATR_b1c31,MATR_b3c27,MATR_b2c27,MATR_b3c8",False,False,0.95
60,MATR_b3c6,665.0,1190.507277907453,405.49224219974366,395.757087185563,1985.257468629343,605.0,1130.507277907453,335.757087185563,1925.257468629343,525.507277907453,"MATR_b2c35,MATR_b4c31,MATR_b4c23,MATR_b1c28,MATR_b4c5,MATR_b2c34,MATR_b1c41,MATR_b4c40,MATR_b1c31,MATR_b3c27,MATR_b2c27,MATR_b3c8",False,False,0.95
60,MATR_b4c1,760.0,1151.2573343377446,376.2837959105429,413.7546463870607,1888.7600222884284,700.0,1091.2573343377446,353.7546463870607,1828.7600222884284,391.2573343377446,"MATR_b2c35,MATR_b4c31,MATR_b4c23,MATR_b1c28,MATR_b4c5,MATR_b2c34,MATR_b1c41,MATR_b4c40,MATR_b1c31,MATR_b3c27,MATR_b2c27,MATR_b3c8",False,False,0.95
60,MATR_b4c11,863.0,1218.1216588982743,415.73186848787014,403.3021694365068,2032.9411483600418,803.0,1158.1216588982743,343.3021694365068,1972.9411483600418,355.1216588982743,"MATR_b2c35,MATR_b4c31,MATR_b4c23,MATR_b1c28,MATR_b4c5,MATR_b2c34,MATR_b1c41,MATR_b4c40,MATR_b1c31,MATR_b3c27,MATR_b2c27,MATR_b3c8",False,False,0.95
60,MATR_b4c15,675.0,1232.091748775329,428.5499947617372,392.1491934674955,2072.0343040831626,615.0,1172.091748775329,332.1491934674955,2012.0343040831626,557.091748775329,"MATR_b2c35,MATR_b4c31,MATR_b4c23,MATR_b1c28,MATR_b4c5,MATR_b2c34,MATR_b1c41,MATR_b4c40,MATR_b1c31,MATR_b3c27,MATR_b2c27,MATR_b3c8",False,False,0.95
60,MATR_b4c21,773.0,1179.6040474146673,389.2275218231682,416.7321228494799,1942.4759719798549,713.0,1119.6040474146673,356.7321228494799,1882.4759719798549,406.6040474146673,"MATR_b2c35,MATR_b4c31,MATR_b4c23,MATR_b1c28,MATR_b4c5,MATR_b2c34,MATR_b1c41,MATR_b4c40,MATR_b1c31,MATR_b3c27,MATR_b2c27,MATR_b3c8",False,False,0.95
60,MATR_b4c3,777.0,1158.0971511653493,394.6846887467313,384.52937597235496,1931.6649263583436,717.0,1098.0971511653493,324.52937597235496,1871.6649263583436,381.09715116534926,"MATR_b2c35,MATR_b4c31,MATR_b4c23,MATR_b1c28,MATR_b4c5,MATR_b2c34,MATR_b1c41,MATR_b4c40,MATR_b1c31,MATR_b3c27,MATR_b2c27,MATR_b3c8",False,False,0.95
60,MATR_b4c32,754.0,1162.3233889351957,370.3803117809876,436.3913172617439,1888.2554606086474,694.0,1102.3233889351957,376.3913172617439,1828.2554606086474,408.3233889351957,"MATR_b2c35,MATR_b4c31,MATR_b4c23,MATR_b1c28,MATR_b4c5,MATR_b2c34,MATR_b1c41,MATR_b4c40,MATR_b1c31,MATR_b3c27,MATR_b2c27,MATR_b3c8",False,False,0.95
60,MATR_b4c34,891.0,1149.8859007035112,388.88847431165044,387.6784970499465,1912.0933043570758,831.0,1089.8859007035112,327.6784970499465,1852.0933043570758,258.8859007035112,"MATR_b2c35,MATR_b4c31,MATR_b4c23,MATR_b1c28,MATR_b4c5,MATR_b2c34,MATR_b1c41,MATR_b4c40,MATR_b1c31,MATR_b3c27,MATR_b2c27,MATR_b3c8",False,False,0.95
60,MATR_b4c42,774.0,1159.3905978497753,392.8881283759755,389.3440162795142,1929.4371794200365,714.0,1099.3905978497753,329.3440162795142,1869.4371794200365,385.3905978497753,"MATR_b2c35,MATR_b4c31,MATR_b4c23,MATR_b1c28,MATR_b4c5,MATR_b2c34,MATR_b1c41,MATR_b4c40,MATR_b1c31,MATR_b3c27,MATR_b2c27,MATR_b3c8",False,False,0.95
60,MATR_b4c6,706.0,1086.9305214481192,352.48238207717185,396.0777473919759,1777.7832955042625,646.0,1026.9305214481192,336.0777473919759,1717.7832955042625,380.9305214481192,"MATR_b2c35,MATR_b4c31,MATR_b4c23,MATR_b1c28,MATR_b4c5,MATR_b2c34,MATR_b1c41,MATR_b4c40,MATR_b1c31,MATR_b3c27,MATR_b2c27,MATR_b3c8",False,False,0.95
60,MATR_b4c7,529.0,1183.498388985961,402.0952556259185,395.40616960473426,1971.5906083671875,469.0,1123.498388985961,335.40616960473426,1911.5906083671875,654.4983889859609,"MATR_b2c35,MATR_b4c31,MATR_b4c23,MATR_b1c28,MATR_b4c5,MATR_b2c34,MATR_b1c41,MATR_b4c40,MATR_b1c31,MATR_b3c27,MATR_b2c27,MATR_b3c8",False,False,0.95
80,MATR_b1c14,877.0,1343.9698622398596,472.5601533488392,417.76898114740993,2270.170743332309,797.0,1263.9698622398596,337.76898114740993,2190.170743332309,466.9698622398596,"MATR_b4c14,MATR_b4c37,MATR_b4c4,MATR_b1c17,MATR_b2c39,MATR_b3c5,MATR_b3c41,MATR_b2c45,MATR_b2c0,MATR_b2c38,MATR_b1c15,MATR_b1c28",False,False,0.95
80,MATR_b1c18,687.0,877.8981233729979,166.99482566355883,550.5942794678776,1205.2019672781182,607.0,797.8981233729979,470.59427946787764,1125.2019672781182,190.89812337299793,"MATR_b4c14,MATR_b4c37,MATR_b4c4,MATR_b1c17,MATR_b2c39,MATR_b3c5,MATR_b3c41,MATR_b2c45,MATR_b2c0,MATR_b2c38,MATR_b1c15,MATR_b1c28",False,False,0.95
80,MATR_b1c19,786.0,1324.3873090324341,402.5230170566912,535.4566926529177,2113.3179254119505,706.0,1244.3873090324341,455.4566926529177,2033.3179254119505,538.3873090324341,"MATR_b4c14,MATR_b4c37,MATR_b4c4,MATR_b1c17,MATR_b2c39,MATR_b3c5,MATR_b3c41,MATR_b2c45,MATR_b2c0,MATR_b2c38,MATR_b1c15,MATR_b1c28",False,False,0.95
80,MATR_b1c2,2237.0,1368.3782719899987,490.9366564439681,406.16010666930754,2330.59643731069,2157.0,1288.3782719899987,326.16010666930754,2250.59643731069,868.6217280100013,"MATR_b4c14,MATR_b4c37,MATR_b4c4,MATR_b1c17,MATR_b2c39,MATR_b3c5,MATR_b3c41,MATR_b2c45,MATR_b2c0,MATR_b2c38,MATR_b1c15,MATR_b1c28",False,False,0.95
80,MATR_b1c30,707.0,1382.3029322104812,475.53634161241024,450.2688293102216,2314.337035110741,627.0,1302.3029322104812,370.2688293102216,2234.337035110741,675.3029322104812,"MATR_b4c14,MATR_b4c37,MATR_b4c4,MATR_b1c17,MATR_b2c39,MATR_b3c5,MATR_b3c41,MATR_b2c45,MATR_b2c0,MATR_b2c38,MATR_b1c15,MATR_b1c28",False,False,0.95
80,MATR_b1c34,742.0,1299.1800976241086,396.76636067385334,521.532320426327,2076.82787482189,662.0,1219.1800976241086,441.53232042632703,1996.82787482189,557.1800976241086,"MATR_b4c14,MATR_b4c37,MATR_b4c4,MATR_b1c17,MATR_b2c39,MATR_b3c5,MATR_b3c41,MATR_b2c45,MATR_b2c0,MATR_b2c38,MATR_b1c15,MATR_b1c28",False,False,0.95
80,MATR_b1c35,701.0,1322.7174774551154,454.971574388492,430.98957766418516,2214.4453772460456,621.0,1242.7174774551154,350.98957766418516,2134.4453772460456,621.7174774551154,"MATR_b4c14,MATR_b4c37,MATR_b4c4,MATR_b1c17,MATR_b2c39,MATR_b3c5,MATR_b3c41,MATR_b2c45,MATR_b2c0,MATR_b2c38,MATR_b1c15,MATR_b1c28",False,False,0.95
80,MATR_b1c42,700.0,1336.037814091569,411.28235919955966,529.9392025837666,2142.1364255993717,620.0,1256.037814091569,449.9392025837666,2062.1364255993717,636.0378140915691,"MATR_b4c14,MATR_b4c37,MATR_b4c4,MATR_b1c17,MATR_b2c39,MATR_b3c5,MATR_b3c41,MATR_b2c45,MATR_b2c0,MATR_b2c38,MATR_b1c15,MATR_b1c28",False,False,0.95
80,MATR_b1c5,1071.0,1376.113884862688,480.7504015336538,433.86041230355727,2318.367357421819,991.0,1296.113884862688,353.86041230355727,2238.367357421819,305.1138848626881,"MATR_b4c14,MATR_b4c37,MATR_b4c4,MATR_b1c17,MATR_b2c39,MATR_b3c5,MATR_b3c41,MATR_b2c45,MATR_b2c0,MATR_b2c38,MATR_b1c15,MATR_b1c28",False,False,0.95
80,MATR_b1c6,633.0,1382.6808226429455,488.46346895125896,425.3100157349792,2340.051629550912,553.0,1302.6808226429455,345.3100157349792,2260.051629550912,749.6808226429455,"MATR_b4c14,MATR_b4c37,MATR_b4c4,MATR_b1c17,MATR_b2c39,MATR_b3c5,MATR_b3c41,MATR_b2c45,MATR_b2c0,MATR_b2c38,MATR_b1c15,MATR_b1c28",False,False,0.95
80,MATR_b2c19,460.0,685.5133749596698,143.4251331894972,404.405279430395,966.6214704889446,380.0,605.5133749596698,324.405279430395,886.6214704889446,225.51337495966982,"MATR_b4c14,MATR_b4c37,MATR_b4c4,MATR_b1c17,MATR_b2c39,MATR_b3c5,MATR_b3c41,MATR_b2c45,MATR_b2c0,MATR_b2c38,MATR_b1c15,MATR_b1c28",False,False,0.95
80,MATR_b2c22,512.0,1272.532009568811,351.5705520356498,583.4663895540725,1961.5976295835494,432.0,1192.532009568811,503.4663895540725,1881.5976295835494,760.532009568811,"MATR_b4c14,MATR_b4c37,MATR_b4c4,MATR_b1c17,MATR_b2c39,MATR_b3c5,MATR_b3c41,MATR_b2c45,MATR_b2c0,MATR_b2c38,MATR_b1c15,MATR_b1c28",False,False,0.95
80,MATR_b2c24,494.0,1152.8073626036557,301.84828221778383,561.1956006615176,1744.419124545794,414.0,1072.8073626036557,481.1956006615176,1664.419124545794,658.8073626036557,"MATR_b4c14,MATR_b4c37,MATR_b4c4,MATR_b1c17,MATR_b2c39,MATR_b3c5,MATR_b3c41,MATR_b2c45,MATR_b2c0,MATR_b2c38,MATR_b1c15,MATR_b1c28",False,False,0.95
80,MATR_b2c3,334.0,471.16861934371474,81.71439290754543,311.0113522263705,631.325886461059,254.0,391.16861934371474,231.0113522263705,551.325886461059,137.16861934371474,"MATR_b4c14,MATR_b4c37,MATR_b4c4,MATR_b1c17,MATR_b2c39,MATR_b3c5,MATR_b3c41,MATR_b2c45,MATR_b2c0,MATR_b2c38,MATR_b1c15,MATR_b1c28",False,False,0.95
80,MATR_b2c33,519.0,1360.3548752282036,438.54899818783736,500.81463332392116,2219.895117132486,439.0,1280.3548752282036,420.81463332392116,2139.895117132486,841.3548752282036,"MATR_b4c14,MATR_b4c37,MATR_b4c4,MATR_b1c17,MATR_b2c39,MATR_b3c5,MATR_b3c41,MATR_b2c45,MATR_b2c0,MATR_b2c38,MATR_b1c15,MATR_b1c28",False,False,0.95
80,MATR_b2c41,428.0,1208.8768178820635,343.3680713418162,535.8877646111241,1881.865871153003,348.0,1128.8768178820635,455.8877646111241,1801.865871153003,780.8768178820635,"MATR_b4c14,MATR_b4c37,MATR_b4c4,MATR_b1c17,MATR_b2c39,MATR_b3c5,MATR_b3c41,MATR_b2c45,MATR_b2c0,MATR_b2c38,MATR_b1c15,MATR_b1c28",False,False,0.95
80,MATR_b3c1,1061.0,1260.3481294779576,452.91587301897954,372.64933033424154,2148.046928621674,981.0,1180.3481294779576,292.64933033424154,2068.046928621674,199.34812947795763,"MATR_b4c14,MATR_b4c37,MATR_b4c4,MATR_b1c17,MATR_b2c39,MATR_b3c5,MATR_b3c41,MATR_b2c45,MATR_b2c0,MATR_b2c38,MATR_b1c15,MATR_b1c28",False,False,0.95
80,MATR_b3c14,856.0,1359.5547938613813,482.06037151487783,414.7338273182228,2304.37576040454,776.0,1279.5547938613813,334.7338273182228,2224.37576040454,503.5547938613813,"MATR_b4c14,MATR_b4c37,MATR_b4c4,MATR_b1c17,MATR_b2c39,MATR_b3c5,MATR_b3c41,MATR_b2c45,MATR_b2c0,MATR_b2c38,MATR_b1c15,MATR_b1c28",False,False,0.95
80,MATR_b3c17,1313.0,1236.586348973808,446.46749647998337,361.52613560527755,2111.6465623423387,1233.0,1156.586348973808,281.52613560527755,2031.6465623423387,76.41365102619193,"MATR_b4c14,MATR_b4c37,MATR_b4c4,MATR_b1c17,MATR_b2c39,MATR_b3c5,MATR_b3c41,MATR_b2c45,MATR_b2c0,MATR_b2c38,MATR_b1c15,MATR_b1c28",False,False,0.95
80,MATR_b3c24,823.0,1163.2473009317796,366.8800451925527,444.17562570794905,1882.31897615561,743.0,1083.2473009317796,364.17562570794905,1802.31897615561,340.2473009317796,"MATR_b4c14,MATR_b4c37,MATR_b4c4,MATR_b1c17,MATR_b2c39,MATR_b3c5,MATR_b3c41,MATR_b2c45,MATR_b2c0,MATR_b2c38,MATR_b1c15,MATR_b1c28",False,False,0.95
80,MATR_b3c31,729.0,1293.4440671334014,456.91883927036207,397.89959830564624,2188.9885359611567,649.0,1213.4440671334014,317.89959830564624,2108.9885359611567,564.4440671334014,"MATR_b4c14,MATR_b4c37,MATR_b4c4,MATR_b1c17,MATR_b2c39,MATR_b3c5,MATR_b3c41,MATR_b2c45,MATR_b2c0,MATR_b2c38,MATR_b1c15,MATR_b1c28",False,False,0.95
80,MATR_b3c33,1282.0,1242.495892900139,434.9185400649508,390.0712181640953,2094.920567636183,1202.0,1162.495892900139,310.0712181640953,2014.920567636183,39.5041070998609,"MATR_b4c14,MATR_b4c37,MATR_b4c4,MATR_b1c17,MATR_b2c39,MATR_b3c5,MATR_b3c41,MATR_b2c45,MATR_b2c0,MATR_b2c38,MATR_b1c15,MATR_b1c28",False,False,0.95
80,MATR_b3c36,921.0,1223.4711044654914,425.2517339453178,389.99302156945953,2056.9491873615234,841.0,1143.4711044654914,309.99302156945953,1976.9491873615234,302.4711044654914,"MATR_b4c14,MATR_b4c37,MATR_b4c4,MATR_b1c17,MATR_b2c39,MATR_b3c5,MATR_b3c41,MATR_b2c45,MATR_b2c0,MATR_b2c38,MATR_b1c15,MATR_b1c28",False,False,0.95
80,MATR_b3c6,665.0,1187.0115655762222,387.56367476564645,427.4007213195604,1946.622409832884,585.0,1107.0115655762222,347.4007213195604,1866.622409832884,522.0115655762222,"MATR_b4c14,MATR_b4c37,MATR_b4c4,MATR_b1c17,MATR_b2c39,MATR_b3c5,MATR_b3c41,MATR_b2c45,MATR_b2c0,MATR_b2c38,MATR_b1c15,MATR_b1c28",False,False,0.95
80,MATR_b4c1,760.0,1126.7025108642702,338.04038082140823,464.15553913410577,1789.2494825944345,680.0,1046.7025108642702,384.15553913410577,1709.2494825944345,366.70251086427015,"MATR_b4c14,MATR_b4c37,MATR_b4c4,MATR_b1c17,MATR_b2c39,MATR_b3c5,MATR_b3c41,MATR_b2c45,MATR_b2c0,MATR_b2c38,MATR_b1c15,MATR_b1c28",False,False,0.95
80,MATR_b4c11,863.0,1236.6005386842703,412.3732355346308,428.3638488481413,2044.8372285203993,783.0,1156.6005386842703,348.3638488481413,1964.8372285203993,373.6005386842703,"MATR_b4c14,MATR_b4c37,MATR_b4c4,MATR_b1c17,MATR_b2c39,MATR_b3c5,MATR_b3c41,MATR_b2c45,MATR_b2c0,MATR_b2c38,MATR_b1c15,MATR_b1c28",False,False,0.95
80,MATR_b4c15,675.0,1255.8258273513616,425.1056966068754,422.63397237907486,2089.0176823236484,595.0,1175.8258273513616,342.63397237907486,2009.0176823236484,580.8258273513616,"MATR_b4c14,MATR_b4c37,MATR_b4c4,MATR_b1c17,MATR_b2c39,MATR_b3c5,MATR_b3c41,MATR_b2c45,MATR_b2c0,MATR_b2c38,MATR_b1c15,MATR_b1c28",False,False,0.95
80,MATR_b4c21,773.0,1195.0344353991673,380.4839502073119,449.2995962973048,1940.7692745010297,693.0,1115.0344353991673,369.2995962973048,1860.7692745010297,422.03443539916725,"MATR_b4c14,MATR_b4c37,MATR_b4c4,MATR_b1c17,MATR_b2c39,MATR_b3c5,MATR_b3c41,MATR_b2c45,MATR_b2c0,MATR_b2c38,MATR_b1c15,MATR_b1c28",False,False,0.95
80,MATR_b4c3,777.0,1175.6839611166997,397.9541184803551,395.70822139581844,1955.659700837581,697.0,1095.6839611166997,315.70822139581844,1875.659700837581,398.6839611166997,"MATR_b4c14,MATR_b4c37,MATR_b4c4,MATR_b1c17,MATR_b2c39,MATR_b3c5,MATR_b3c41,MATR_b2c45,MATR_b2c0,MATR_b2c38,MATR_b1c15,MATR_b1c28",False,False,0.95
80,MATR_b4c32,754.0,1130.0805652779827,318.29790167299285,506.2281416442454,1753.93298891172,674.0,1050.0805652779827,426.2281416442454,1673.93298891172,376.0805652779827,"MATR_b4c14,MATR_b4c37,MATR_b4c4,MATR_b1c17,MATR_b2c39,MATR_b3c5,MATR_b3c41,MATR_b2c45,MATR_b2c0,MATR_b2c38,MATR_b1c15,MATR_b1c28",False,False,0.95
80,MATR_b4c34,891.0,1173.7176511592493,397.44306307278526,394.74356163130926,1952.6917406871894,811.0,1093.7176511592493,314.74356163130926,1872.6917406871894,282.7176511592493,"MATR_b4c14,MATR_b4c37,MATR_b4c4,MATR_b1c17,MATR_b2c39,MATR_b3c5,MATR_b3c41,MATR_b2c45,MATR_b2c0,MATR_b2c38,MATR_b1c15,MATR_b1c28",False,False,0.95
80,MATR_b4c42,774.0,1181.777896002059,396.0022617027917,405.6277252681822,1957.9280667359358,694.0,1101.777896002059,325.6277252681822,1877.9280667359358,407.7778960020589,"MATR_b4c14,MATR_b4c37,MATR_b4c4,MATR_b1c17,MATR_b2c39,MATR_b3c5,MATR_b3c41,MATR_b2c45,MATR_b2c0,MATR_b2c38,MATR_b1c15,MATR_b1c28",False,False,0.95
80,MATR_b4c6,706.0,1088.0139830008004,343.0955686793618,415.5590251339628,1760.4689408676381,626.0,1008.0139830008004,335.5590251339628,1680.4689408676381,382.0139830008004,"MATR_b4c14,MATR_b4c37,MATR_b4c4,MATR_b1c17,MATR_b2c39,MATR_b3c5,MATR_b3c41,MATR_b2c45,MATR_b2c0,MATR_b2c38,MATR_b1c15,MATR_b1c28",False,False,0.95
80,MATR_b4c7,529.0,1186.5527523917858,385.1480365230606,431.67647209026984,1941.429032693302,449.0,1106.5527523917858,351.67647209026984,1861.429032693302,657.5527523917858,"MATR_b4c14,MATR_b4c37,MATR_b4c4,MATR_b1c17,MATR_b2c39,MATR_b3c5,MATR_b3c41,MATR_b2c45,MATR_b2c0,MATR_b2c38,MATR_b1c15,MATR_b1c28",False,False,0.95
100,MATR_b1c14,877.0,968.1571496612612,136.19486408362792,701.2201211780227,1235.0941781444997,777.0,868.1571496612612,601.2201211780227,1135.0941781444997,91.1571496612612,"MATR_b2c27,MATR_b1c24,MATR_b2c26,MATR_b2c4,MATR_b3c22,MATR_b2c0,MATR_b3c28,MATR_b4c14,MATR_b3c27,MATR_b3c12,MATR_b4c19,MATR_b2c47",False,False,0.95
100,MATR_b1c18,687.0,533.408302725271,61.731041542112166,412.4176845745853,654.3989208759567,587.0,433.408302725271,312.4176845745853,554.3989208759567,153.59169727472897,"MATR_b2c27,MATR_b1c24,MATR_b2c26,MATR_b2c4,MATR_b3c22,MATR_b2c0,MATR_b3c28,MATR_b4c14,MATR_b3c27,MATR_b3c12,MATR_b4c19,MATR_b2c47",False,False,0.95
100,MATR_b1c19,786.0,707.5618561361825,78.1687390058388,554.3539429678272,860.7697693045379,686.0,607.5618561361825,454.35394296782715,760.7697693045379,78.43814386381746,"MATR_b2c27,MATR_b1c24,MATR_b2c26,MATR_b2c4,MATR_b3c22,MATR_b2c0,MATR_b3c28,MATR_b4c14,MATR_b3c27,MATR_b3c12,MATR_b4c19,MATR_b2c47",False,False,0.95
100,MATR_b1c2,2237.0,1348.7414817195076,325.2929019919372,711.1791093887933,1986.303854050222,2137.0,1248.7414817195076,611.1791093887933,1886.303854050222,888.2585182804924,"MATR_b2c27,MATR_b1c24,MATR_b2c26,MATR_b2c4,MATR_b3c22,MATR_b2c0,MATR_b3c28,MATR_b4c14,MATR_b3c27,MATR_b3c12,MATR_b4c19,MATR_b2c47",False,False,0.95
100,MATR_b1c30,707.0,1191.7233022194112,205.79030329434394,788.3817193949227,1595.0648850438997,607.0,1091.7233022194112,688.3817193949227,1495.0648850438997,484.72330221941115,"MATR_b2c27,MATR_b1c24,MATR_b2c26,MATR_b2c4,MATR_b3c22,MATR_b2c0,MATR_b3c28,MATR_b4c14,MATR_b3c27,MATR_b3c12,MATR_b4c19,MATR_b2c47",False,False,0.95
100,MATR_b1c34,742.0,634.8394959219142,78.6052137468819,480.77610798095304,788.9028838628755,642.0,534.8394959219142,380.77610798095304,688.9028838628755,107.16050407808575,"MATR_b2c27,MATR_b1c24,MATR_b2c26,MATR_b2c4,MATR_b3c22,MATR_b2c0,MATR_b3c28,MATR_b4c14,MATR_b3c27,MATR_b3c12,MATR_b4c19,MATR_b2c47",False,False,0.95
100,MATR_b1c35,701.0,621.8805452403715,76.63312628132557,471.68237770626354,772.0787127744794,601.0,521.8805452403715,371.68237770626354,672.0787127744794,79.11945475962852,"MATR_b2c27,MATR_b1c24,MATR_b2c26,MATR_b2c4,MATR_b3c22,MATR_b2c0,MATR_b3c28,MATR_b4c14,MATR_b3c27,MATR_b3c12,MATR_b4c19,MATR_b2c47",False,False,0.95
100,MATR_b1c42,700.0,693.4711678346339,79.99680749694087,536.680306262446,850.2620294068217,600.0,593.4711678346339,436.68030626244604,750.2620294068217,6.528832165366111,"MATR_b2c27,MATR_b1c24,MATR_b2c26,MATR_b2c4,MATR_b3c22,MATR_b2c0,MATR_b3c28,MATR_b4c14,MATR_b3c27,MATR_b3c12,MATR_b4c19,MATR_b2c47",False,False,0.95
100,MATR_b1c5,1071.0,895.2897589381389,116.59632392787705,666.7651633097341,1123.8143545665437,971.0,795.2897589381389,566.7651633097341,1023.8143545665437,175.7102410618611,"MATR_b2c27,MATR_b1c24,MATR_b2c26,MATR_b2c4,MATR_b3c22,MATR_b2c0,MATR_b3c28,MATR_b4c14,MATR_b3c27,MATR_b3c12,MATR_b4c19,MATR_b2c47",False,False,0.95
100,MATR_b1c6,633.0,966.8124769929125,131.9760410961714,708.1441896222385,1225.4807643635863,533.0,866.8124769929125,608.1441896222385,1125.4807643635863,333.8124769929125,"MATR_b2c27,MATR_b1c24,MATR_b2c26,MATR_b2c4,MATR_b3c22,MATR_b2c0,MATR_b3c28,MATR_b4c14,MATR_b3c27,MATR_b3c12,MATR_b4c19,MATR_b2c47",False,False,0.95
100,MATR_b2c19,460.0,417.69059287211826,64.31675870817391,291.63206220174453,543.749123542492,360.0,317.69059287211826,191.63206220174453,443.74912354249204,42.30940712788174,"MATR_b2c27,MATR_b1c24,MATR_b2c26,MATR_b2c4,MATR_b3c22,MATR_b2c0,MATR_b3c28,MATR_b4c14,MATR_b3c27,MATR_b3c12,MATR_b4c19,MATR_b2c47",False,False,0.95
100,MATR_b2c22,512.0,563.5347894067265,65.8077039555231,434.5540597486272,692.5155190648259,412.0,463.53478940672653,334.5540597486272,592.5155190648259,51.53478940672653,"MATR_b2c27,MATR_b1c24,MATR_b2c26,MATR_b2c4,MATR_b3c22,MATR_b2c0,MATR_b3c28,MATR_b4c14,MATR_b3c27,MATR_b3c12,MATR_b4c19,MATR_b2c47",False,False,0.95
100,MATR_b2c24,494.0,560.1683841054489,65.54572125082507,431.70113111313015,688.6356370977677,394.0,460.1683841054489,331.70113111313015,588.6356370977677,66.16838410544892,"MATR_b2c27,MATR_b1c24,MATR_b2c26,MATR_b2c4,MATR_b3c22,MATR_b2c0,MATR_b3c28,MATR_b4c14,MATR_b3c27,MATR_b3c12,MATR_b4c19,MATR_b2c47",False,False,0.95
100,MATR_b2c3,334.0,392.04639860314416,53.46659378047489,287.25380041738015,496.83899678890816,234.0,292.04639860314416,187.25380041738015,396.83899678890816,58.046398603144155,"MATR_b2c27,MATR_b1c24,MATR_b2c26,MATR_b2c4,MATR_b3c22,MATR_b2c0,MATR_b3c28,MATR_b4c14,MATR_b3c27,MATR_b3c12,MATR_b4c19,MATR_b2c47",False,False,0.95
100,MATR_b2c33,519.0,682.1130338554868,78.43688501315793,528.3795641701878,835.8465035407859,419.0,582.1130338554868,428.3795641701878,735.8465035407859,163.11303385548683,"MATR_b2c27,MATR_b1c24,MATR_b2c26,MATR_b2c4,MATR_b3c22,MATR_b2c0,MATR_b3c28,MATR_b4c14,MATR_b3c27,MATR_b3c12,MATR_b4c19,MATR_b2c47",False,False,0.95
100,MATR_b2c41,428.0,487.1655042305077,59.99845248871466,369.5706982244894,604.7603102365259,328.0,387.1655042305077,269.5706982244894,504.7603102365259,59.16550423050768,"MATR_b2c27,MATR_b1c24,MATR_b2c26,MATR_b2c4,MATR_b3c22,MATR_b2c0,MATR_b3c28,MATR_b4c14,MATR_b3c27,MATR_b3c12,MATR_b4c19,MATR_b2c47",False,False,0.95
100,MATR_b3c1,1061.0,1099.7959969415122,207.63679112114195,692.835364478608,1506.7566294044163,961.0,999.7959969415122,592.835364478608,1406.7566294044163,38.79599694151216,"MATR_b2c27,MATR_b1c24,MATR_b2c26,MATR_b2c4,MATR_b3c22,MATR_b2c0,MATR_b3c28,MATR_b4c14,MATR_b3c27,MATR_b3c12,MATR_b4c19,MATR_b2c47",False,False,0.95
100,MATR_b3c14,856.0,1214.7067940420368,231.50465570735324,760.9660066022795,1668.447581481794,756.0,1114.7067940420368,660.9660066022795,1568.447581481794,358.7067940420368,"MATR_b2c27,MATR_b1c24,MATR_b2c26,MATR_b2c4,MATR_b3c22,MATR_b2c0,MATR_b3c28,MATR_b4c14,MATR_b3c27,MATR_b3c12,MATR_b4c19,MATR_b2c47",False,False,0.95
100,MATR_b3c17,1313.0,1319.583809752358,424.30185139112433,487.9674624520884,2151.2001570526277,1213.0,1219.583809752358,387.9674624520884,2051.2001570526277,6.583809752358093,"MATR_b2c27,MATR_b1c24,MATR_b2c26,MATR_b2c4,MATR_b3c22,MATR_b2c0,MATR_b3c28,MATR_b4c14,MATR_b3c27,MATR_b3c12,MATR_b4c19,MATR_b2c47",False,False,0.95
100,MATR_b3c24,823.0,955.5680912332086,154.9998907889376,651.7738876792494,1259.362294787168,723.0,855.5680912332086,551.7738876792494,1159.362294787168,132.56809123320863,"MATR_b2c27,MATR_b1c24,MATR_b2c26,MATR_b2c4,MATR_b3c22,MATR_b2c0,MATR_b3c28,MATR_b4c14,MATR_b3c27,MATR_b3c12,MATR_b4c19,MATR_b2c47",False,False,0.95
100,MATR_b3c31,729.0,785.1922094864163,95.19837228580674,598.6068284193991,971.7775905534336,629.0,685.1922094864163,498.6068284193991,871.7775905534336,56.192209486416345,"MATR_b2c27,MATR_b1c24,MATR_b2c26,MATR_b2c4,MATR_b3c22,MATR_b2c0,MATR_b3c28,MATR_b4c14,MATR_b3c27,MATR_b3c12,MATR_b4c19,MATR_b2c47",False,False,0.95
100,MATR_b3c33,1282.0,1224.259668454591,297.40076776940566,641.3648746519956,1807.1544622571864,1182.0,1124.259668454591,541.3648746519956,1707.1544622571864,57.740331545408935,"MATR_b2c27,MATR_b1c24,MATR_b2c26,MATR_b2c4,MATR_b3c22,MATR_b2c0,MATR_b3c28,MATR_b4c14,MATR_b3c27,MATR_b3c12,MATR_b4c19,MATR_b2c47",False,False,0.95
100,MATR_b3c36,921.0,1014.6228244703509,168.06635581513527,685.218820059792,1344.0268288809098,821.0,914.6228244703509,585.218820059792,1244.0268288809098,93.6228244703509,"MATR_b2c27,MATR_b1c24,MATR_b2c26,MATR_b2c4,MATR_b3c22,MATR_b2c0,MATR_b3c28,MATR_b4c14,MATR_b3c27,MATR_b3c12,MATR_b4c19,MATR_b2c47",False,False,0.95
100,MATR_b3c6,665.0,639.1578821231633,85.01988031390836,472.52197873799696,805.7937855083296,565.0,539.1578821231633,372.52197873799696,705.7937855083296,25.84211787683671,"MATR_b2c27,MATR_b1c24,MATR_b2c26,MATR_b2c4,MATR_b3c22,MATR_b2c0,MATR_b3c28,MATR_b4c14,MATR_b3c27,MATR_b3c12,MATR_b4c19,MATR_b2c47",False,False,0.95
100,MATR_b4c1,760.0,706.8787081459599,94.89589056663347,520.8861803545041,892.8712359374157,660.0,606.8787081459599,420.88618035450406,792.8712359374157,53.12129185404012,"MATR_b2c27,MATR_b1c24,MATR_b2c26,MATR_b2c4,MATR_b3c22,MATR_b2c0,MATR_b3c28,MATR_b4c14,MATR_b3c27,MATR_b3c12,MATR_b4c19,MATR_b2c47",False,False,0.95
100,MATR_b4c11,863.0,973.639270903223,135.48736399083504,708.0889171209174,1239.1896246855285,763.0,873.639270903223,608.0889171209174,1139.1896246855285,110.63927090322295,"MATR_b2c27,MATR_b1c24,MATR_b2c26,MATR_b2c4,MATR_b3c22,MATR_b2c0,MATR_b3c28,MATR_b4c14,MATR_b3c27,MATR_b3c12,MATR_b4c19,MATR_b2c47",False,False,0.95
100,MATR_b4c15,675.0,873.7042076558286,107.44468522076873,663.1164942928789,1084.2919210187783,575.0,773.7042076558286,563.1164942928789,984.2919210187783,198.70420765582855,"MATR_b2c27,MATR_b1c24,MATR_b2c26,MATR_b2c4,MATR_b3c22,MATR_b2c0,MATR_b3c28,MATR_b4c14,MATR_b3c27,MATR_b3c12,MATR_b4c19,MATR_b2c47",False,False,0.95
100,MATR_b4c21,773.0,931.4787994145086,132.09527983023983,672.5768084194983,1190.3807904095188,673.0,831.4787994145086,572.5768084194983,1090.3807904095188,158.47879941450856,"MATR_b2c27,MATR_b1c24,MATR_b2c26,MATR_b2c4,MATR_b3c22,MATR_b2c0,MATR_b3c28,MATR_b4c14,MATR_b3c27,MATR_b3c12,MATR_b4c19,MATR_b2c47",False,False,0.95
100,MATR_b4c3,777.0,1080.1608627645498,240.41308390629658,608.9598768960026,1551.361848633097,677.0,980.1608627645498,508.9598768960026,1451.361848633097,303.16086276454985,"MATR_b2c27,MATR_b1c24,MATR_b2c26,MATR_b2c4,MATR_b3c22,MATR_b2c0,MATR_b3c28,MATR_b4c14,MATR_b3c27,MATR_b3c12,MATR_b4c19,MATR_b2c47",False,False,0.95
100,MATR_b4c32,754.0,730.9710275106422,91.12369530270583,552.3718665791371,909.5701884421474,654.0,630.9710275106422,452.3718665791371,809.5701884421474,23.028972489357784,"MATR_b2c27,MATR_b1c24,MATR_b2c26,MATR_b2c4,MATR_b3c22,MATR_b2c0,MATR_b3c28,MATR_b4c14,MATR_b3c27,MATR_b3c12,MATR_b4c19,MATR_b2c47",False,False,0.95
100,MATR_b4c34,891.0,1065.9610840066075,216.75567493294628,641.1277676933614,1490.7944003198536,791.0,965.9610840066075,541.1277676933614,1390.7944003198536,174.9610840066075,"MATR_b2c27,MATR_b1c24,MATR_b2c26,MATR_b2c4,MATR_b3c22,MATR_b2c0,MATR_b3c28,MATR_b4c14,MATR_b3c27,MATR_b3c12,MATR_b4c19,MATR_b2c47",False,False,0.95
100,MATR_b4c42,774.0,1030.3270136451858,187.18358437947717,663.4539297642964,1397.2000975260753,674.0,930.3270136451858,563.4539297642964,1297.2000975260753,256.32701364518584,"MATR_b2c27,MATR_b1c24,MATR_b2c26,MATR_b2c4,MATR_b3c22,MATR_b2c0,MATR_b3c28,MATR_b4c14,MATR_b3c27,MATR_b3c12,MATR_b4c19,MATR_b2c47",False,False,0.95
100,MATR_b4c6,706.0,768.2358565807905,128.27594235847735,516.819629475239,1019.6520836863419,606.0,668.2358565807905,416.819629475239,919.6520836863419,62.23585658079048,"MATR_b2c27,MATR_b1c24,MATR_b2c26,MATR_b2c4,MATR_b3c22,MATR_b2c0,MATR_b3c28,MATR_b4c14,MATR_b3c27,MATR_b3c12,MATR_b4c19,MATR_b2c47",False,False,0.95
100,MATR_b4c7,529.0,839.7340361048515,114.6549588792031,615.0144460526926,1064.4536261570104,429.0,739.7340361048515,515.0144460526926,964.4536261570104,310.7340361048515,"MATR_b2c27,MATR_b1c24,MATR_b2c26,MATR_b2c4,MATR_b3c22,MATR_b2c0,MATR_b3c28,MATR_b4c14,MATR_b3c27,MATR_b3c12,MATR_b4c19,MATR_b2c47",False,False,0.95
120,MATR_b1c14,877.0,976.4185910485664,120.43700242306653,740.3664038933929,1212.4707782037399,757.0,856.4185910485664,620.3664038933929,1092.4707782037399,99.41859104856644,"MATR_b2c27,MATR_b4c23,MATR_b2c13,MATR_b4c22,MATR_b4c26,MATR_b2c14,MATR_b4c0,MATR_b2c44,MATR_b4c38,MATR_b2c17,MATR_b3c39,MATR_b1c7",False,False,0.95
120,MATR_b1c18,687.0,525.0928124673463,50.64182986412578,425.8366498224549,624.3489751122378,567.0,405.09281246734633,305.8366498224549,504.3489751122378,161.90718753265367,"MATR_b2c27,MATR_b4c23,MATR_b2c13,MATR_b4c22,MATR_b4c26,MATR_b2c14,MATR_b4c0,MATR_b2c44,MATR_b4c38,MATR_b2c17,MATR_b3c39,MATR_b1c7",False,False,0.95
120,MATR_b1c19,786.0,747.3957408717667,71.67687119246888,606.9116548100112,887.8798269335223,666.0,627.3957408717667,486.9116548100112,767.8798269335223,38.60425912823325,"MATR_b2c27,MATR_b4c23,MATR_b2c13,MATR_b4c22,MATR_b4c26,MATR_b2c14,MATR_b4c0,MATR_b2c44,MATR_b4c38,MATR_b2c17,MATR_b3c39,MATR_b1c7",False,False,0.95
120,MATR_b1c2,2237.0,1399.0287617193394,344.40320507424985,724.0108836136475,2074.0466398250314,2117.0,1279.0287617193394,604.0108836136475,1954.0466398250314,837.9712382806606,"MATR_b2c27,MATR_b4c23,MATR_b2c13,MATR_b4c22,MATR_b4c26,MATR_b2c14,MATR_b4c0,MATR_b2c44,MATR_b4c38,MATR_b2c17,MATR_b3c39,MATR_b1c7",False,False,0.95
120,MATR_b1c30,707.0,1202.5741775735955,189.86092303809133,830.4536063474056,1574.6947487997854,587.0,1082.5741775735955,710.4536063474056,1454.6947487997854,495.57417757359553,"MATR_b2c27,MATR_b4c23,MATR_b2c13,MATR_b4c22,MATR_b4c26,MATR_b2c14,MATR_b4c0,MATR_b2c44,MATR_b4c38,MATR_b2c17,MATR_b3c39,MATR_b1c7",False,False,0.95
120,MATR_b1c34,742.0,646.6305901481671,64.9902053777823,519.2521282598525,774.0090520364818,622.0,526.6305901481671,399.2521282598525,654.0090520364818,95.36940985183287,"MATR_b2c27,MATR_b4c23,MATR_b2c13,MATR_b4c22,MATR_b4c26,MATR_b2c14,MATR_b4c0,MATR_b2c44,MATR_b4c38,MATR_b2c17,MATR_b3c39,MATR_b1c7",False,False,0.95
120,MATR_b1c35,701.0,603.8119061683841,59.31694177277604,487.5528366206836,720.0709757160846,581.0,483.8119061683841,367.5528366206836,600.0709757160846,97.1880938316159,"MATR_b2c27,MATR_b4c23,MATR_b2c13,MATR_b4c22,MATR_b4c26,MATR_b2c14,MATR_b4c0,MATR_b2c44,MATR_b4c38,MATR_b2c17,MATR_b3c39,MATR_b1c7",False,False,0.95
120,MATR_b1c42,700.0,684.1680012744581,64.61477556155525,557.525368304671,810.8106342442452,580.0,564.1680012744581,437.525368304671,690.8106342442452,15.831998725541894,"MATR_b2c27,MATR_b4c23,MATR_b2c13,MATR_b4c22,MATR_b4c26,MATR_b2c14,MATR_b4c0,MATR_b2c44,MATR_b4c38,MATR_b2c17,MATR_b3c39,MATR_b1c7",False,False,0.95
120,MATR_b1c5,1071.0,922.5343700005601,104.95482387730446,716.8266951972989,1128.2420448038213,951.0,802.5343700005601,596.8266951972989,1008.2420448038213,148.4656299994399,"MATR_b2c27,MATR_b4c23,MATR_b2c13,MATR_b4c22,MATR_b4c26,MATR_b2c14,MATR_b4c0,MATR_b2c44,MATR_b4c38,MATR_b2c17,MATR_b3c39,MATR_b1c7",False,False,0.95
120,MATR_b1c6,633.0,954.3461953169216,111.62392192711526,735.5673285266648,1173.1250621071783,513.0,834.3461953169216,615.5673285266648,1053.1250621071783,321.3461953169216,"MATR_b2c27,MATR_b4c23,MATR_b2c13,MATR_b4c22,MATR_b4c26,MATR_b2c14,MATR_b4c0,MATR_b2c44,MATR_b4c38,MATR_b2c17,MATR_b3c39,MATR_b1c7",False,False,0.95
120,MATR_b2c19,460.0,399.9122406487745,55.339494417131654,291.4488246685411,508.37565662900795,340.0,279.9122406487745,171.44882466854108,388.37565662900795,60.087759351225486,"MATR_b2c27,MATR_b4c23,MATR_b2c13,MATR_b4c22,MATR_b4c26,MATR_b2c14,MATR_b4c0,MATR_b2c44,MATR_b4c38,MATR_b2c17,MATR_b3c39,MATR_b1c7",False,False,0.95
120,MATR_b2c22,512.0,559.6459430548691,53.20911828486926,455.3579875673937,663.9338985423445,392.0,439.6459430548691,335.3579875673937,543.9338985423445,47.64594305486912,"MATR_b2c27,MATR_b4c23,MATR_b2c13,MATR_b4c22,MATR_b4c26,MATR_b2c14,MATR_b4c0,MATR_b2c44,MATR_b4c38,MATR_b2c17,MATR_b3c39,MATR_b1c7",False,False,0.95
120,MATR_b2c24,494.0,575.6691372456753,54.16514061762807,469.5074124175767,681.8308620737739,374.0,455.6691372456753,349.5074124175767,561.8308620737739,81.6691372456753,"MATR_b2c27,MATR_b4c23,MATR_b2c13,MATR_b4c22,MATR_b4c26,MATR_b2c14,MATR_b4c0,MATR_b2c44,MATR_b4c38,MATR_b2c17,MATR_b3c39,MATR_b1c7",False,False,0.95
120,MATR_b2c3,334.0,373.9456350805485,47.80353491087718,280.2524283215261,467.63884183957094,214.0,253.94563508054853,160.2524283215261,347.63884183957094,39.94563508054853,"MATR_b2c27,MATR_b4c23,MATR_b2c13,MATR_b4c22,MATR_b4c26,MATR_b2c14,MATR_b4c0,MATR_b2c44,MATR_b4c38,MATR_b2c17,MATR_b3c39,MATR_b1c7",False,False,0.95
120,MATR_b2c33,519.0,643.0725484786731,59.35106106331677,526.7466063503347,759.3984906070115,399.0,523.0725484786731,406.7466063503347,639.3984906070115,124.07254847867307,"MATR_b2c27,MATR_b4c23,MATR_b2c13,MATR_b4c22,MATR_b4c26,MATR_b2c14,MATR_b4c0,MATR_b2c44,MATR_b4c38,MATR_b2c17,MATR_b3c39,MATR_b1c7",False,False,0.95
120,MATR_b2c41,428.0,454.77325577081626,44.78479163035346,366.99667712019266,542.5498344214399,308.0,334.77325577081626,246.99667712019266,422.54983442143987,26.773255770816263,"MATR_b2c27,MATR_b4c23,MATR_b2c13,MATR_b4c22,MATR_b4c26,MATR_b2c14,MATR_b4c0,MATR_b2c44,MATR_b4c38,MATR_b2c17,MATR_b3c39,MATR_b1c7",False,False,0.95
120,MATR_b3c1,1061.0,1144.029389408589,228.71925694598954,695.7478832236869,1592.3108955934908,941.0,1024.029389408589,575.7478832236869,1472.3108955934908,83.02938940858894,"MATR_b2c27,MATR_b4c23,MATR_b2c13,MATR_b4c22,MATR_b4c26,MATR_b2c14,MATR_b4c0,MATR_b2c44,MATR_b4c38,MATR_b2c17,MATR_b3c39,MATR_b1c7",False,False,0.95
120,MATR_b3c14,856.0,1279.5980713555334,255.0131479978305,779.7814856956031,1779.4146570154637,736.0,1159.5980713555334,659.7814856956031,1659.4146570154637,423.5980713555334,"MATR_b2c27,MATR_b4c23,MATR_b2c13,MATR_b4c22,MATR_b4c26,MATR_b2c14,MATR_b4c0,MATR_b2c44,MATR_b4c38,MATR_b2c17,MATR_b3c39,MATR_b1c7",False,False,0.95
120,MATR_b3c17,1313.0,1338.638332593544,447.77618675257156,461.01313342382264,2216.2635317632653,1193.0,1218.638332593544,341.01313342382264,2096.2635317632653,25.638332593543964,"MATR_b2c27,MATR_b4c23,MATR_b2c13,MATR_b4c22,MATR_b4c26,MATR_b2c14,MATR_b4c0,MATR_b2c44,MATR_b4c38,MATR_b2c17,MATR_b3c39,MATR_b1c7",False,False,0.95
120,MATR_b3c24,823.0,919.2382922165194,139.39391925190307,646.031230818905,1192.4453536141339,703.0,799.2382922165194,526.031230818905,1072.4453536141339,96.23829221651943,"MATR_b2c27,MATR_b4c23,MATR_b2c13,MATR_b4c22,MATR_b4c26,MATR_b2c14,MATR_b4c0,MATR_b2c44,MATR_b4c38,MATR_b2c17,MATR_b3c39,MATR_b1c7",False,False,0.95
120,MATR_b3c31,729.0,803.0938630482663,87.19785972549936,632.1891984573119,973.9985276392206,609.0,683.0938630482663,512.1891984573119,853.9985276392206,74.09386304826626,"MATR_b2c27,MATR_b4c23,MATR_b2c13,MATR_b4c22,MATR_b4c26,MATR_b2c14,MATR_b4c0,MATR_b2c44,MATR_b4c38,MATR_b2c17,MATR_b3c39,MATR_b1c7",False,False,0.95
120,MATR_b3c33,1282.0,1246.6589356464688,319.9178246135141,619.6315213915797,1873.686349901358,1162.0,1126.6589356464688,499.63152139157967,1753.686349901358,35.34106435353124,"MATR_b2c27,MATR_b4c23,MATR_b2c13,MATR_b4c22,MATR_b4c26,MATR_b2c14,MATR_b4c0,MATR_b2c44,MATR_b4c38,MATR_b2c17,MATR_b3c39,MATR_b1c7",False,False,0.95
120,MATR_b3c36,921.0,985.1783095763278,154.66488000539604,682.0407150925425,1288.315904060113,801.0,865.1783095763278,562.0407150925425,1168.315904060113,64.17830957632782,"MATR_b2c27,MATR_b4c23,MATR_b2c13,MATR_b4c22,MATR_b4c26,MATR_b2c14,MATR_b4c0,MATR_b2c44,MATR_b4c38,MATR_b2c17,MATR_b3c39,MATR_b1c7",False,False,0.95
120,MATR_b3c6,665.0,612.6579956194421,75.88425678399263,463.9275853292273,761.3884059096569,545.0,492.6579956194421,343.9275853292273,641.3884059096569,52.34200438055791,"MATR_b2c27,MATR_b4c23,MATR_b2c13,MATR_b4c22,MATR_b4c26,MATR_b2c14,MATR_b4c0,MATR_b2c44,MATR_b4c38,MATR_b2c17,MATR_b3c39,MATR_b1c7",False,False,0.95
120,MATR_b4c1,760.0,697.9163534014873,87.51332672347743,526.3933848561849,869.4393219467897,640.0,577.9163534014873,406.39338485618487,749.4393219467897,62.0836465985127,"MATR_b2c27,MATR_b4c23,MATR_b2c13,MATR_b4c22,MATR_b4c26,MATR_b2c14,MATR_b4c0,MATR_b2c44,MATR_b4c38,MATR_b2c17,MATR_b3c39,MATR_b1c7",False,False,0.95
120,MATR_b4c11,863.0,933.8794951768466,121.67953364110647,695.391991584648,1172.366998769045,743.0,813.8794951768466,575.391991584648,1052.366998769045,70.8794951768466,"MATR_b2c27,MATR_b4c23,MATR_b2c13,MATR_b4c22,MATR_b4c26,MATR_b2c14,MATR_b4c0,MATR_b2c44,MATR_b4c38,MATR_b2c17,MATR_b3c39,MATR_b1c7",False,False,0.95
120,MATR_b4c15,675.0,836.8848118752755,94.83786142577172,651.0060191099626,1022.7636046405885,555.0,716.8848118752755,531.0060191099626,902.7636046405885,161.88481187527555,"MATR_b2c27,MATR_b4c23,MATR_b2c13,MATR_b4c22,MATR_b4c26,MATR_b2c14,MATR_b4c0,MATR_b2c44,MATR_b4c38,MATR_b2c17,MATR_b3c39,MATR_b1c7",False,False,0.95
120,MATR_b4c21,773.0,897.002046731376,119.06563465618939,663.6376910088408,1130.3664024539112,653.0,777.002046731376,543.6376910088408,1010.3664024539112,124.00204673137603,"MATR_b2c27,MATR_b4c23,MATR_b2c13,MATR_b4c22,MATR_b4c26,MATR_b2c14,MATR_b4c0,MATR_b2c44,MATR_b4c38,MATR_b2c17,MATR_b3c39,MATR_b1c7",False,False,0.95
120,MATR_b4c3,777.0,1088.3514873342574,248.70520066237262,600.8982512682,1575.8047234003147,657.0,968.3514873342574,480.89825126820006,1455.8047234003147,311.3514873342574,"MATR_b2c27,MATR_b4c23,MATR_b2c13,MATR_b4c22,MATR_b4c26,MATR_b2c14,MATR_b4c0,MATR_b2c44,MATR_b4c38,MATR_b2c17,MATR_b3c39,MATR_b1c7",False,False,0.95
120,MATR_b4c32,754.0,714.1673921872061,81.20452311238824,555.0094515051748,873.3253328692375,634.0,594.1673921872061,435.00945150517475,753.3253328692375,39.83260781279387,"MATR_b2c27,MATR_b4c23,MATR_b2c13,MATR_b4c22,MATR_b4c26,MATR_b2c14,MATR_b4c0,MATR_b2c44,MATR_b4c38,MATR_b2c17,MATR_b3c39,MATR_b1c7",False,False,0.95
120,MATR_b4c34,891.0,1069.5208194081195,214.7565818513249,648.6056535365944,1490.4359852796445,771.0,949.5208194081195,528.6056535365944,1370.4359852796445,178.52081940811945,"MATR_b2c27,MATR_b4c23,MATR_b2c13,MATR_b4c22,MATR_b4c26,MATR_b2c14,MATR_b4c0,MATR_b2c44,MATR_b4c38,MATR_b2c17,MATR_b3c39,MATR_b1c7",False,False,0.95
120,MATR_b4c42,774.0,968.3756787300747,157.27686883698172,660.1186802083606,1276.6326772517887,654.0,848.3756787300747,540.1186802083606,1156.6326772517887,194.3756787300747,"MATR_b2c27,MATR_b4c23,MATR_b2c13,MATR_b4c22,MATR_b4c26,MATR_b2c14,MATR_b4c0,MATR_b2c44,MATR_b4c38,MATR_b2c17,MATR_b3c39,MATR_b1c7",False,False,0.95
120,MATR_b4c6,706.0,752.6523099380543,118.23845357707893,520.9091993392685,984.39542053684,586.0,632.6523099380543,400.9091993392685,864.39542053684,46.65230993805426,"MATR_b2c27,MATR_b4c23,MATR_b2c13,MATR_b4c22,MATR_b4c26,MATR_b2c14,MATR_b4c0,MATR_b2c44,MATR_b4c38,MATR_b2c17,MATR_b3c39,MATR_b1c7",False,False,0.95
120,MATR_b4c7,529.0,746.2256943268812,91.74216154908491,566.4143618268195,926.037026826943,409.0,626.2256943268812,446.41436182681946,806.037026826943,217.22569432688124,"MATR_b2c27,MATR_b4c23,MATR_b2c13,MATR_b4c22,MATR_b4c26,MATR_b2c14,MATR_b4c0,MATR_b2c44,MATR_b4c38,MATR_b2c17,MATR_b3c39,MATR_b1c7",False,False,0.95
140,MATR_b1c14,877.0,892.5364281696498,87.12383422668967,721.7768508903,1063.2960054489995,737.0,752.5364281696498,581.7768508903,923.2960054489995,15.536428169649753,"MATR_b3c34,MATR_b3c22,MATR_b4c33,MATR_b1c15,MATR_b2c44,MATR_b3c4,MATR_b1c31,MATR_b2c39,MATR_b4c23,MATR_b2c35,MATR_b2c14,MATR_b2c13",False,False,0.95
140,MATR_b1c18,687.0,545.7314264072502,46.34127019236643,454.90420583237244,636.5586469821279,547.0,405.7314264072502,314.90420583237244,496.5586469821279,141.26857359274982,"MATR_b3c34,MATR_b3c22,MATR_b4c33,MATR_b1c15,MATR_b2c44,MATR_b3c4,MATR_b1c31,MATR_b2c39,MATR_b4c23,MATR_b2c35,MATR_b2c14,MATR_b2c13",False,False,0.95
140,MATR_b1c19,786.0,738.3833892752874,66.4898215921015,608.0657336162749,868.7010449343,646.0,598.3833892752874,468.0657336162749,728.7010449343,47.61661072471259,"MATR_b3c34,MATR_b3c22,MATR_b4c33,MATR_b1c15,MATR_b2c44,MATR_b3c4,MATR_b1c31,MATR_b2c39,MATR_b4c23,MATR_b2c35,MATR_b2c14,MATR_b2c13",False,False,0.95
140,MATR_b1c2,2237.0,1381.6997754196204,343.8362565100855,707.7930960807773,2055.6064547584638,2097.0,1241.6997754196204,567.7930960807773,1915.6064547584638,855.3002245803796,"MATR_b3c34,MATR_b3c22,MATR_b4c33,MATR_b1c15,MATR_b2c44,MATR_b3c4,MATR_b1c31,MATR_b2c39,MATR_b4c23,MATR_b2c35,MATR_b2c14,MATR_b2c13",False,False,0.95
140,MATR_b1c30,707.0,972.4934800122787,104.89886485335363,766.8954828805712,1178.0914771439864,567.0,832.4934800122787,626.8954828805712,1038.0914771439864,265.4934800122787,"MATR_b3c34,MATR_b3c22,MATR_b4c33,MATR_b1c15,MATR_b2c44,MATR_b3c4,MATR_b1c31,MATR_b2c39,MATR_b4c23,MATR_b2c35,MATR_b2c14,MATR_b2c13",False,False,0.95
140,MATR_b1c34,742.0,641.088586069746,58.8407160822323,525.762901724024,756.4142704154681,602.0,501.08858606974604,385.762901724024,616.4142704154681,100.91141393025396,"MATR_b3c34,MATR_b3c22,MATR_b4c33,MATR_b1c15,MATR_b2c44,MATR_b3c4,MATR_b1c31,MATR_b2c39,MATR_b4c23,MATR_b2c35,MATR_b2c14,MATR_b2c13",False,False,0.95
140,MATR_b1c35,701.0,565.5556187159125,50.11983106579512,467.3225549157223,663.7886825161027,561.0,425.5556187159125,327.3225549157223,523.7886825161027,135.4443812840875,"MATR_b3c34,MATR_b3c22,MATR_b4c33,MATR_b1c15,MATR_b2c44,MATR_b3c4,MATR_b1c31,MATR_b2c39,MATR_b4c23,MATR_b2c35,MATR_b2c14,MATR_b2c13",False,False,0.95
140,MATR_b1c42,700.0,679.0296982225316,60.410927988024696,560.6264550933604,797.4329413517028,560.0,539.0296982225316,420.6264550933604,657.4329413517028,20.97030177746842,"MATR_b3c34,MATR_b3c22,MATR_b4c33,MATR_b1c15,MATR_b2c44,MATR_b3c4,MATR_b1c31,MATR_b2c39,MATR_b4c23,MATR_b2c35,MATR_b2c14,MATR_b2c13",False,False,0.95
140,MATR_b1c5,1071.0,925.6232479010632,91.38170714678382,746.5183930475805,1104.728102754546,931.0,785.6232479010632,606.5183930475805,964.728102754546,145.37675209893678,"MATR_b3c34,MATR_b3c22,MATR_b4c33,MATR_b1c15,MATR_b2c44,MATR_b3c4,MATR_b1c31,MATR_b2c39,MATR_b4c23,MATR_b2c35,MATR_b2c14,MATR_b2c13",False,False,0.95
140,MATR_b1c6,633.0,903.3690394469064,89.3613106802247,728.2240889023716,1078.5139899914413,493.0,763.3690394469064,588.2240889023716,938.5139899914413,270.3690394469064,"MATR_b3c34,MATR_b3c22,MATR_b4c33,MATR_b1c15,MATR_b2c44,MATR_b3c4,MATR_b1c31,MATR_b2c39,MATR_b4c23,MATR_b2c35,MATR_b2c14,MATR_b2c13",False,False,0.95
140,MATR_b2c19,460.0,433.17491681176983,48.67475302245608,337.7741539313738,528.5756796921659,320.0,293.17491681176983,197.7741539313738,388.57567969216586,26.825083188230167,"MATR_b3c34,MATR_b3c22,MATR_b4c33,MATR_b1c15,MATR_b2c44,MATR_b3c4,MATR_b1c31,MATR_b2c39,MATR_b4c23,MATR_b2c35,MATR_b2c14,MATR_b2c13",False,False,0.95
140,MATR_b2c22,512.0,555.7191382865635,51.54390683211073,454.69493727313846,656.7433392999885,372.0,415.7191382865635,314.69493727313846,516.7433392999885,43.71913828656352,"MATR_b3c34,MATR_b3c22,MATR_b4c33,MATR_b1c15,MATR_b2c44,MATR_b3c4,MATR_b1c31,MATR_b2c39,MATR_b4c23,MATR_b2c35,MATR_b2c14,MATR_b2c13",False,False,0.95
140,MATR_b2c24,494.0,536.0631147480456,45.61924634751906,446.6510349050478,625.4751945910433,354.0,396.06311474804556,306.6510349050478,485.4751945910433,42.063114748045564,"MATR_b3c34,MATR_b3c22,MATR_b4c33,MATR_b1c15,MATR_b2c44,MATR_b3c4,MATR_b1c31,MATR_b2c39,MATR_b4c23,MATR_b2c35,MATR_b2c14,MATR_b2c13",False,False,0.95
140,MATR_b2c3,334.0,395.0156990231753,45.612015052764356,305.61779225745835,484.4136057888922,194.0,255.01569902317527,165.61779225745835,344.4136057888922,61.01569902317527,"MATR_b3c34,MATR_b3c22,MATR_b4c33,MATR_b1c15,MATR_b2c44,MATR_b3c4,MATR_b1c31,MATR_b2c39,MATR_b4c23,MATR_b2c35,MATR_b2c14,MATR_b2c13",False,False,0.95
140,MATR_b2c33,519.0,585.0906721498548,54.35666407037656,478.55356825217433,691.6277760475351,379.0,445.09067214985475,338.55356825217433,551.6277760475351,66.09067214985475,"MATR_b3c34,MATR_b3c22,MATR_b4c33,MATR_b1c15,MATR_b2c44,MATR_b3c4,MATR_b1c31,MATR_b2c39,MATR_b4c23,MATR_b2c35,MATR_b2c14,MATR_b2c13",False,False,0.95
140,MATR_b2c41,428.0,483.5917484917355,43.215807680274125,398.89032187558877,568.2931751078822,288.0,343.5917484917355,258.89032187558877,428.29317510788223,55.59174849173547,"MATR_b3c34,MATR_b3c22,MATR_b4c33,MATR_b1c15,MATR_b2c44,MATR_b3c4,MATR_b1c31,MATR_b2c39,MATR_b4c23,MATR_b2c35,MATR_b2c14,MATR_b2c13",False,False,0.95
140,MATR_b3c1,1061.0,1261.2055342639674,322.19819012559424,629.7086857338139,1892.7023827941207,921.0,1121.2055342639674,489.7086857338139,1752.7023827941207,200.20553426396737,"MATR_b3c34,MATR_b3c22,MATR_b4c33,MATR_b1c15,MATR_b2c44,MATR_b3c4,MATR_b1c31,MATR_b2c39,MATR_b4c23,MATR_b2c35,MATR_b2c14,MATR_b2c13",False,False,0.95
140,MATR_b3c14,856.0,1109.4064958811684,158.88508620733396,797.9974492342523,1420.8155425280847,716.0,969.4064958811684,657.9974492342523,1280.8155425280847,253.40649588116844,"MATR_b3c34,MATR_b3c22,MATR_b4c33,MATR_b1c15,MATR_b2c44,MATR_b3c4,MATR_b1c31,MATR_b2c39,MATR_b4c23,MATR_b2c35,MATR_b2c14,MATR_b2c13",False,False,0.95
140,MATR_b3c17,1313.0,1341.568451346225,460.6471198269114,438.7166869033721,2244.4202157890777,1173.0,1201.568451346225,298.7166869033721,2104.4202157890777,28.568451346224947,"MATR_b3c34,MATR_b3c22,MATR_b4c33,MATR_b1c15,MATR_b2c44,MATR_b3c4,MATR_b1c31,MATR_b2c39,MATR_b4c23,MATR_b2c35,MATR_b2c14,MATR_b2c13",False,False,0.95
140,MATR_b3c24,823.0,869.9721444311056,104.26156054308525,665.6232407947161,1074.321048067495,683.0,729.9721444311056,525.6232407947161,934.321048067495,46.97214443110556,"MATR_b3c34,MATR_b3c22,MATR_b4c33,MATR_b1c15,MATR_b2c44,MATR_b3c4,MATR_b1c31,MATR_b2c39,MATR_b4c23,MATR_b2c35,MATR_b2c14,MATR_b2c13",False,False,0.95
140,MATR_b3c31,729.0,708.7125165066785,60.795640396672724,589.5552509121516,827.8697821012055,589.0,568.7125165066785,449.55525091215156,687.8697821012055,20.287483493321474,"MATR_b3c34,MATR_b3c22,MATR_b4c33,MATR_b1c15,MATR_b2c44,MATR_b3c4,MATR_b1c31,MATR_b2c39,MATR_b4c23,MATR_b2c35,MATR_b2c14,MATR_b2c13",False,False,0.95
140,MATR_b3c33,1282.0,1261.726187486306,353.9126823086537,568.0700764893788,1955.382298483233,1142.0,1121.726187486306,428.07007648937883,1815.382298483233,20.27381251369411,"MATR_b3c34,MATR_b3c22,MATR_b4c33,MATR_b1c15,MATR_b2c44,MATR_b3c4,MATR_b1c31,MATR_b2c39,MATR_b4c23,MATR_b2c35,MATR_b2c14,MATR_b2c13",False,False,0.95
140,MATR_b3c36,921.0,950.8090618282278,125.3368844645902,705.1532823431733,1196.4648413132822,781.0,810.8090618282278,565.1532823431733,1056.4648413132822,29.809061828227755,"MATR_b3c34,MATR_b3c22,MATR_b4c33,MATR_b1c15,MATR_b2c44,MATR_b3c4,MATR_b1c31,MATR_b2c39,MATR_b4c23,MATR_b2c35,MATR_b2c14,MATR_b2c13",False,False,0.95
140,MATR_b3c6,665.0,584.8663467536907,59.220996558766515,468.7953263699378,700.9373671374435,525.0,444.86634675369066,328.7953263699378,560.9373671374435,80.13365324630934,"MATR_b3c34,MATR_b3c22,MATR_b4c33,MATR_b1c15,MATR_b2c44,MATR_b3c4,MATR_b1c31,MATR_b2c39,MATR_b4c23,MATR_b2c35,MATR_b2c14,MATR_b2c13",False,False,0.95
140,MATR_b4c1,760.0,698.0735082087035,71.50525850055442,557.9257768423904,838.2212395750166,620.0,558.0735082087035,417.9257768423904,698.2212395750166,61.926491791296485,"MATR_b3c34,MATR_b3c22,MATR_b4c33,MATR_b1c15,MATR_b2c44,MATR_b3c4,MATR_b1c31,MATR_b2c39,MATR_b4c23,MATR_b2c35,MATR_b2c14,MATR_b2c13",False,False,0.95
140,MATR_b4c11,863.0,915.5845735072521,102.40146640240917,714.8813873944418,1116.2877596200624,723.0,775.5845735072521,574.8813873944418,976.2877596200624,52.58457350725212,"MATR_b3c34,MATR_b3c22,MATR_b4c33,MATR_b1c15,MATR_b2c44,MATR_b3c4,MATR_b1c31,MATR_b2c39,MATR_b4c23,MATR_b2c35,MATR_b2c14,MATR_b2c13",False,False,0.95
140,MATR_b4c15,675.0,784.2256648434957,70.6075146636489,645.8374790648601,922.6138506221313,535.0,644.2256648434957,505.8374790648601,782.6138506221313,109.22566484349568,"MATR_b3c34,MATR_b3c22,MATR_b4c33,MATR_b1c15,MATR_b2c44,MATR_b3c4,MATR_b1c31,MATR_b2c39,MATR_b4c23,MATR_b2c35,MATR_b2c14,MATR_b2c13",False,False,0.95
140,MATR_b4c21,773.0,850.240458119494,88.80805311653928,676.179872473957,1024.301043765031,633.0,710.240458119494,536.179872473957,884.301043765031,77.24045811949395,"MATR_b3c34,MATR_b3c22,MATR_b4c33,MATR_b1c15,MATR_b2c44,MATR_b3c4,MATR_b1c31,MATR_b2c39,MATR_b4c23,MATR_b2c35,MATR_b2c14,MATR_b2c13",False,False,0.95
140,MATR_b4c3,777.0,1095.7509508591043,254.51460738794935,596.9114868393717,1594.5904148788368,637.0,955.7509508591043,456.9114868393717,1454.5904148788368,318.75095085910425,"MATR_b3c34,MATR_b3c22,MATR_b4c33,MATR_b1c15,MATR_b2c44,MATR_b3c4,MATR_b1c31,MATR_b2c39,MATR_b4c23,MATR_b2c35,MATR_b2c14,MATR_b2c13",False,False,0.95
140,MATR_b4c32,754.0,669.0142091381226,59.871864839612506,551.6675103652321,786.3609079110131,614.0,529.0142091381226,411.66751036523215,646.3609079110131,84.98579086187738,"MATR_b3c34,MATR_b3c22,MATR_b4c33,MATR_b1c15,MATR_b2c44,MATR_b3c4,MATR_b1c31,MATR_b2c39,MATR_b4c23,MATR_b2c35,MATR_b2c14,MATR_b2c13",False,False,0.95
140,MATR_b4c34,891.0,1134.3265256162167,267.08845986632895,610.8427635919404,1657.810287640493,751.0,994.3265256162167,470.8427635919404,1517.810287640493,243.3265256162167,"MATR_b3c34,MATR_b3c22,MATR_b4c33,MATR_b1c15,MATR_b2c44,MATR_b3c4,MATR_b1c31,MATR_b2c39,MATR_b4c23,MATR_b2c35,MATR_b2c14,MATR_b2c13",False,False,0.95
140,MATR_b4c42,774.0,897.7602646884861,111.07702526811974,680.0532956531259,1115.4672337238462,634.0,757.7602646884861,540.0532956531259,975.4672337238462,123.76026468848613,"MATR_b3c34,MATR_b3c22,MATR_b4c33,MATR_b1c15,MATR_b2c44,MATR_b3c4,MATR_b1c31,MATR_b2c39,MATR_b4c23,MATR_b2c35,MATR_b2c14,MATR_b2c13",False,False,0.95
140,MATR_b4c6,706.0,742.2576177788671,92.77339028825486,560.4251140902096,924.0901214675247,566.0,602.2576177788671,420.4251140902096,784.0901214675247,36.25761777886714,"MATR_b3c34,MATR_b3c22,MATR_b4c33,MATR_b1c15,MATR_b2c44,MATR_b3c4,MATR_b1c31,MATR_b2c39,MATR_b4c23,MATR_b2c35,MATR_b2c14,MATR_b2c13",False,False,0.95
140,MATR_b4c7,529.0,613.6418939583308,54.9026621104403,506.034653566496,721.2491343501656,389.0,473.6418939583308,366.034653566496,581.2491343501656,84.6418939583308,"MATR_b3c34,MATR_b3c22,MATR_b4c33,MATR_b1c15,MATR_b2c44,MATR_b3c4,MATR_b1c31,MATR_b2c39,MATR_b4c23,MATR_b2c35,MATR_b2c14,MATR_b2c13",False,False,0.95
160,MATR_b1c14,877.0,870.9734882097798,81.62432400267619,710.9927529021063,1030.9542235174533,717.0,710.9734882097798,550.9927529021063,870.9542235174533,6.026511790220184,"MATR_b2c11,MATR_b4c30,MATR_b4c43,MATR_b3c10,MATR_b3c19,MATR_b1c0,MATR_b2c5,MATR_b1c41,MATR_b3c27,MATR_b2c47,MATR_b2c36,MATR_b1c16",False,False,0.95
160,MATR_b1c18,687.0,537.4888983608128,45.67320112191524,447.9710691032045,627.006727618421,527.0,377.48889836081275,287.9710691032045,467.006727618421,149.51110163918725,"MATR_b2c11,MATR_b4c30,MATR_b4c43,MATR_b3c10,MATR_b3c19,MATR_b1c0,MATR_b2c5,MATR_b1c41,MATR_b3c27,MATR_b2c47,MATR_b2c36,MATR_b1c16",False,False,0.95
160,MATR_b1c19,786.0,734.4496519677358,67.29009585618128,602.5634875733726,866.335816362099,626.0,574.4496519677358,442.56348757337264,706.335816362099,51.550348032264196,"MATR_b2c11,MATR_b4c30,MATR_b4c43,MATR_b3c10,MATR_b3c19,MATR_b1c0,MATR_b2c5,MATR_b1c41,MATR_b3c27,MATR_b2c47,MATR_b2c36,MATR_b1c16",False,False,0.95
160,MATR_b1c2,2237.0,1375.2710838105227,336.82589968751114,715.1044513626999,2035.4377162583455,2077.0,1215.2710838105227,555.1044513626999,1875.4377162583455,861.7289161894773,"MATR_b2c11,MATR_b4c30,MATR_b4c43,MATR_b3c10,MATR_b3c19,MATR_b1c0,MATR_b2c5,MATR_b1c41,MATR_b3c27,MATR_b2c47,MATR_b2c36,MATR_b1c16",False,False,0.95
160,MATR_b1c30,707.0,907.7460193663564,89.64448385439258,732.0460595990646,1083.4459791336483,547.0,747.7460193663564,572.0460595990646,923.4459791336483,200.74601936635645,"MATR_b2c11,MATR_b4c30,MATR_b4c43,MATR_b3c10,MATR_b3c19,MATR_b1c0,MATR_b2c5,MATR_b1c41,MATR_b3c27,MATR_b2c47,MATR_b2c36,MATR_b1c16",False,False,0.95
160,MATR_b1c34,742.0,651.4273615482828,60.1707944263591,533.4947715514555,769.35995154511,582.0,491.42736154828276,373.49477155145553,609.35995154511,90.57263845171724,"MATR_b2c11,MATR_b4c30,MATR_b4c43,MATR_b3c10,MATR_b3c19,MATR_b1c0,MATR_b2c5,MATR_b1c41,MATR_b3c27,MATR_b2c47,MATR_b2c36,MATR_b1c16",False,False,0.95
160,MATR_b1c35,701.0,561.6784026572454,49.47075531800153,464.7175039459691,658.6393013685217,541.0,401.67840265724544,304.7175039459691,498.6393013685217,139.32159734275456,"MATR_b2c11,MATR_b4c30,MATR_b4c43,MATR_b3c10,MATR_b3c19,MATR_b1c0,MATR_b2c5,MATR_b1c41,MATR_b3c27,MATR_b2c47,MATR_b2c36,MATR_b1c16",False,False,0.95
160,MATR_b1c42,700.0,695.6549059350862,62.78341370264036,572.6016762514325,818.7081356187398,540.0,535.6549059350862,412.60167625143254,658.7081356187398,4.345094064913837,"MATR_b2c11,MATR_b4c30,MATR_b4c43,MATR_b3c10,MATR_b3c19,MATR_b1c0,MATR_b2c5,MATR_b1c41,MATR_b3c27,MATR_b2c47,MATR_b2c36,MATR_b1c16",False,False,0.95
160,MATR_b1c5,1071.0,942.7124770240096,93.29179461085839,759.8639195336193,1125.5610345143998,911.0,782.7124770240096,599.8639195336193,965.5610345143998,128.28752297599044,"MATR_b2c11,MATR_b4c30,MATR_b4c43,MATR_b3c10,MATR_b3c19,MATR_b1c0,MATR_b2c5,MATR_b1c41,MATR_b3c27,MATR_b2c47,MATR_b2c36,MATR_b1c16",False,False,0.95
160,MATR_b1c6,633.0,903.0452731620401,87.8481399049502,730.8660828395018,1075.2244634845783,473.0,743.0452731620401,570.8660828395018,915.2244634845783,270.0452731620401,"MATR_b2c11,MATR_b4c30,MATR_b4c43,MATR_b3c10,MATR_b3c19,MATR_b1c0,MATR_b2c5,MATR_b1c41,MATR_b3c27,MATR_b2c47,MATR_b2c36,MATR_b1c16",False,False,0.95
160,MATR_b2c19,460.0,430.6342058692757,47.82341744284424,336.9020300636764,524.366381674875,300.0,270.6342058692757,176.90203006367642,364.366381674875,29.365794130724282,"MATR_b2c11,MATR_b4c30,MATR_b4c43,MATR_b3c10,MATR_b3c19,MATR_b1c0,MATR_b2c5,MATR_b1c41,MATR_b3c27,MATR_b2c47,MATR_b2c36,MATR_b1c16",False,False,0.95
160,MATR_b2c22,512.0,547.3155739637019,50.52168780631441,448.2948854251493,646.3362625022546,352.0,387.3155739637019,288.2948854251493,486.3362625022546,35.31557396370192,"MATR_b2c11,MATR_b4c30,MATR_b4c43,MATR_b3c10,MATR_b3c19,MATR_b1c0,MATR_b2c5,MATR_b1c41,MATR_b3c27,MATR_b2c47,MATR_b2c36,MATR_b1c16",False,False,0.95
160,MATR_b2c24,494.0,502.10608373464174,43.036417935510265,417.756254557428,586.4559129118554,334.0,342.10608373464174,257.756254557428,426.4559129118554,8.106083734641743,"MATR_b2c11,MATR_b4c30,MATR_b4c43,MATR_b3c10,MATR_b3c19,MATR_b1c0,MATR_b2c5,MATR_b1c41,MATR_b3c27,MATR_b2c47,MATR_b2c36,MATR_b1c16",False,False,0.95
160,MATR_b2c3,334.0,388.235388647137,44.968636831286936,300.09848002395324,476.3722972703207,174.0,228.23538864713697,140.09848002395324,316.3722972703207,54.23538864713697,"MATR_b2c11,MATR_b4c30,MATR_b4c43,MATR_b3c10,MATR_b3c19,MATR_b1c0,MATR_b2c5,MATR_b1c41,MATR_b3c27,MATR_b2c47,MATR_b2c36,MATR_b1c16",False,False,0.95
160,MATR_b2c33,519.0,571.9444323456084,53.258118893112744,467.5604374307553,676.3284272604616,359.0,411.94443234560845,307.5604374307553,516.3284272604616,52.94443234560845,"MATR_b2c11,MATR_b4c30,MATR_b4c43,MATR_b3c10,MATR_b3c19,MATR_b1c0,MATR_b2c5,MATR_b1c41,MATR_b3c27,MATR_b2c47,MATR_b2c36,MATR_b1c16",False,False,0.95
160,MATR_b2c41,428.0,485.034563520906,42.67906870857555,401.3851259583875,568.6840010834244,268.0,325.034563520906,241.3851259583875,408.6840010834244,57.03456352090598,"MATR_b2c11,MATR_b4c30,MATR_b4c43,MATR_b3c10,MATR_b3c19,MATR_b1c0,MATR_b2c5,MATR_b1c41,MATR_b3c27,MATR_b2c47,MATR_b2c36,MATR_b1c16",False,False,0.95
160,MATR_b3c1,1061.0,1251.812058853553,321.37142306986595,621.9356439762313,1881.6884737308746,901.0,1091.812058853553,461.9356439762313,1721.6884737308746,190.81205885355303,"MATR_b2c11,MATR_b4c30,MATR_b4c43,MATR_b3c10,MATR_b3c19,MATR_b1c0,MATR_b2c5,MATR_b1c41,MATR_b3c27,MATR_b2c47,MATR_b2c36,MATR_b1c16",False,False,0.95
160,MATR_b3c14,856.0,1028.9660058724855,121.46105162040455,790.9067191721323,1267.0252925728387,696.0,868.9660058724855,630.9067191721323,1107.0252925728387,172.96600587248554,"MATR_b2c11,MATR_b4c30,MATR_b4c43,MATR_b3c10,MATR_b3c19,MATR_b1c0,MATR_b2c5,MATR_b1c41,MATR_b3c27,MATR_b2c47,MATR_b2c36,MATR_b1c16",False,False,0.95
160,MATR_b3c17,1313.0,1337.7913913075568,461.8619397072121,432.55862365161124,2243.0241589635025,1153.0,1177.7913913075568,272.55862365161124,2083.0241589635025,24.79139130755675,"MATR_b2c11,MATR_b4c30,MATR_b4c43,MATR_b3c10,MATR_b3c19,MATR_b1c0,MATR_b2c5,MATR_b1c41,MATR_b3c27,MATR_b2c47,MATR_b2c36,MATR_b1c16",False,False,0.95
160,MATR_b3c24,823.0,856.303595310992,102.47773139133156,655.4509325666124,1057.1562580553716,663.0,696.303595310992,495.45093256661244,897.1562580553716,33.30359531099202,"MATR_b2c11,MATR_b4c30,MATR_b4c43,MATR_b3c10,MATR_b3c19,MATR_b1c0,MATR_b2c5,MATR_b1c41,MATR_b3c27,MATR_b2c47,MATR_b2c36,MATR_b1c16",False,False,0.95
160,MATR_b3c31,729.0,699.7524530052415,58.08840736794055,585.9012666447869,813.603639365696,569.0,539.7524530052415,425.9012666447869,653.603639365696,29.247546994758522,"MATR_b2c11,MATR_b4c30,MATR_b4c43,MATR_b3c10,MATR_b3c19,MATR_b1c0,MATR_b2c5,MATR_b1c41,MATR_b3c27,MATR_b2c47,MATR_b2c36,MATR_b1c16",False,False,0.95
160,MATR_b3c33,1282.0,1227.2653276552758,332.6945861876522,575.1959208760208,1879.3347344345307,1122.0,1067.2653276552758,415.19592087602075,1719.3347344345307,54.73467234472423,"MATR_b2c11,MATR_b4c30,MATR_b4c43,MATR_b3c10,MATR_b3c19,MATR_b1c0,MATR_b2c5,MATR_b1c41,MATR_b3c27,MATR_b2c47,MATR_b2c36,MATR_b1c16",False,False,0.95
160,MATR_b3c36,921.0,959.4374220283696,133.0097916141237,698.7430208735095,1220.1318231832297,761.0,799.4374220283696,538.7430208735095,1060.1318231832297,38.43742202836961,"MATR_b2c11,MATR_b4c30,MATR_b4c43,MATR_b3c10,MATR_b3c19,MATR_b1c0,MATR_b2c5,MATR_b1c41,MATR_b3c27,MATR_b2c47,MATR_b2c36,MATR_b1c16",False,False,0.95
160,MATR_b3c6,665.0,578.5689005567444,59.96085634272584,461.04778164282175,696.0900194706671,505.0,418.56890055674444,301.04778164282175,536.0900194706671,86.43109944325556,"MATR_b2c11,MATR_b4c30,MATR_b4c43,MATR_b3c10,MATR_b3c19,MATR_b1c0,MATR_b2c5,MATR_b1c41,MATR_b3c27,MATR_b2c47,MATR_b2c36,MATR_b1c16",False,False,0.95
160,MATR_b4c1,760.0,711.737324288789,74.52707872757755,565.6669341097559,857.807714467822,600.0,551.737324288789,405.66693410975586,697.807714467822,48.262675711211045,"MATR_b2c11,MATR_b4c30,MATR_b4c43,MATR_b3c10,MATR_b3c19,MATR_b1c0,MATR_b2c5,MATR_b1c41,MATR_b3c27,MATR_b2c47,MATR_b2c36,MATR_b1c16",False,False,0.95
160,MATR_b4c11,863.0,932.0680864220661,110.11611463656449,716.2444676169159,1147.8917052272163,703.0,772.0680864220661,556.2444676169159,987.8917052272163,69.06808642206613,"MATR_b2c11,MATR_b4c30,MATR_b4c43,MATR_b3c10,MATR_b3c19,MATR_b1c0,MATR_b2c5,MATR_b1c41,MATR_b3c27,MATR_b2c47,MATR_b2c36,MATR_b1c16",False,False,0.95
160,MATR_b4c15,675.0,781.0419085449138,69.55746197502316,644.7117882178541,917.3720288719735,515.0,621.0419085449138,484.71178821785406,757.3720288719735,106.04190854491378,"MATR_b2c11,MATR_b4c30,MATR_b4c43,MATR_b3c10,MATR_b3c19,MATR_b1c0,MATR_b2c5,MATR_b1c41,MATR_b3c27,MATR_b2c47,MATR_b2c36,MATR_b1c16",False,False,0.95
160,MATR_b4c21,773.0,847.7684091910858,89.90958114407928,671.5488682836088,1023.9879500985627,613.0,687.7684091910858,511.54886828360884,863.9879500985627,74.76840919108577,"MATR_b2c11,MATR_b4c30,MATR_b4c43,MATR_b3c10,MATR_b3c19,MATR_b1c0,MATR_b2c5,MATR_b1c41,MATR_b3c27,MATR_b2c47,MATR_b2c36,MATR_b1c16",False,False,0.95
160,MATR_b4c3,777.0,1044.1443100749707,222.8944184398042,607.279277577954,1481.0093425719874,617.0,884.1443100749707,447.27927757795396,1321.0093425719874,267.1443100749707,"MATR_b2c11,MATR_b4c30,MATR_b4c43,MATR_b3c10,MATR_b3c19,MATR_b1c0,MATR_b2c5,MATR_b1c41,MATR_b3c27,MATR_b2c47,MATR_b2c36,MATR_b1c16",False,False,0.95
160,MATR_b4c32,754.0,690.3912573042039,63.365116554606146,566.1979109809931,814.5846036274147,594.0,530.3912573042039,406.19791098099313,654.5846036274147,63.60874269579608,"MATR_b2c11,MATR_b4c30,MATR_b4c43,MATR_b3c10,MATR_b3c19,MATR_b1c0,MATR_b2c5,MATR_b1c41,MATR_b3c27,MATR_b2c47,MATR_b2c36,MATR_b1c16",False,False,0.95
160,MATR_b4c34,891.0,1114.6713301244633,264.5173934822231,596.2267656148962,1633.1158946340306,731.0,954.6713301244633,436.2267656148962,1473.1158946340306,223.67133012446334,"MATR_b2c11,MATR_b4c30,MATR_b4c43,MATR_b3c10,MATR_b3c19,MATR_b1c0,MATR_b2c5,MATR_b1c41,MATR_b3c27,MATR_b2c47,MATR_b2c36,MATR_b1c16",False,False,0.95
160,MATR_b4c42,774.0,877.6294974749403,106.67830912110512,668.5438536659435,1086.715141283937,614.0,717.6294974749403,508.5438536659435,926.7151412839371,103.62949747494031,"MATR_b2c11,MATR_b4c30,MATR_b4c43,MATR_b3c10,MATR_b3c19,MATR_b1c0,MATR_b2c5,MATR_b1c41,MATR_b3c27,MATR_b2c47,MATR_b2c36,MATR_b1c16",False,False,0.95
160,MATR_b4c6,706.0,742.4186869889694,92.33369745637752,561.4479654150518,923.389408562887,546.0,582.4186869889694,401.44796541505184,763.389408562887,36.4186869889694,"MATR_b2c11,MATR_b4c30,MATR_b4c43,MATR_b3c10,MATR_b3c19,MATR_b1c0,MATR_b2c5,MATR_b1c41,MATR_b3c27,MATR_b2c47,MATR_b2c36,MATR_b1c16",False,False,0.95
160,MATR_b4c7,529.0,601.437801998729,53.40624516771069,496.76348492049976,706.1121190769583,369.0,441.437801998729,336.76348492049976,546.1121190769583,72.43780199872901,"MATR_b2c11,MATR_b4c30,MATR_b4c43,MATR_b3c10,MATR_b3c19,MATR_b1c0,MATR_b2c5,MATR_b1c41,MATR_b3c27,MATR_b2c47,MATR_b2c36,MATR_b1c16",False,False,0.95
180,MATR_b1c14,877.0,863.2421378960024,75.5862493402336,715.0958114626801,1011.3884643293247,697.0,683.2421378960024,535.0958114626801,831.3884643293247,13.757862103997581,"MATR_b1c15,MATR_b2c14,MATR_b2c5,MATR_b2c42,MATR_b4c8,MATR_b3c28,MATR_b2c10,MATR_b1c36,MATR_b2c27,MATR_b1c16,MATR_b1c23,MATR_b3c10",False,False,0.95
180,MATR_b1c18,687.0,559.6665877662443,44.01309438926656,473.40250791511994,645.9306676173687,507.0,379.66658776624433,293.40250791511994,465.9306676173687,127.33341223375567,"MATR_b1c15,MATR_b2c14,MATR_b2c5,MATR_b2c42,MATR_b4c8,MATR_b3c28,MATR_b2c10,MATR_b1c36,MATR_b2c27,MATR_b1c16,MATR_b1c23,MATR_b3c10",False,False,0.95
180,MATR_b1c19,786.0,738.0605639526533,64.72505633517284,611.2017846383885,864.9193432669181,606.0,558.0605639526533,431.2017846383885,684.9193432669181,47.9394360473467,"MATR_b1c15,MATR_b2c14,MATR_b2c5,MATR_b2c42,MATR_b4c8,MATR_b3c28,MATR_b2c10,MATR_b1c36,MATR_b2c27,MATR_b1c16,MATR_b1c23,MATR_b3c10",False,False,0.95
180,MATR_b1c2,2237.0,1389.2316887882764,329.58421670976486,743.2584941642932,2035.2048834122597,2057.0,1209.2316887882764,563.2584941642932,1855.2048834122597,847.7683112117236,"MATR_b1c15,MATR_b2c14,MATR_b2c5,MATR_b2c42,MATR_b4c8,MATR_b3c28,MATR_b2c10,MATR_b1c36,MATR_b2c27,MATR_b1c16,MATR_b1c23,MATR_b3c10",False,False,0.95
180,MATR_b1c30,707.0,889.0242678185994,82.97435074612632,726.3975287155977,1051.651006921601,527.0,709.0242678185994,546.3975287155977,871.651006921601,182.02426781859936,"MATR_b1c15,MATR_b2c14,MATR_b2c5,MATR_b2c42,MATR_b4c8,MATR_b3c28,MATR_b2c10,MATR_b1c36,MATR_b2c27,MATR_b1c16,MATR_b1c23,MATR_b3c10",False,False,0.95
180,MATR_b1c34,742.0,679.7177109874949,59.639917649367334,562.8256203538002,796.6098016211896,562.0,499.7177109874949,382.8256203538002,616.6098016211896,62.28228901250509,"MATR_b1c15,MATR_b2c14,MATR_b2c5,MATR_b2c42,MATR_b4c8,MATR_b3c28,MATR_b2c10,MATR_b1c36,MATR_b2c27,MATR_b1c16,MATR_b1c23,MATR_b3c10",False,False,0.95
180,MATR_b1c35,701.0,577.8040676351417,46.77496439001329,486.1268220525721,669.4813132177112,521.0,397.8040676351417,306.1268220525721,489.4813132177112,123.19593236485832,"MATR_b1c15,MATR_b2c14,MATR_b2c5,MATR_b2c42,MATR_b4c8,MATR_b3c28,MATR_b2c10,MATR_b1c36,MATR_b2c27,MATR_b1c16,MATR_b1c23,MATR_b3c10",False,False,0.95
180,MATR_b1c42,700.0,709.7220325423398,61.42102742026987,589.3390309051638,830.1050341795158,520.0,529.7220325423398,409.3390309051638,650.1050341795158,9.722032542339775,"MATR_b1c15,MATR_b2c14,MATR_b2c5,MATR_b2c42,MATR_b4c8,MATR_b3c28,MATR_b2c10,MATR_b1c36,MATR_b2c27,MATR_b1c16,MATR_b1c23,MATR_b3c10",False,False,0.95
180,MATR_b1c5,1071.0,977.9443424888859,97.17895664032012,787.477087418679,1168.4115975590928,891.0,797.9443424888859,607.477087418679,988.4115975590928,93.05565751111408,"MATR_b1c15,MATR_b2c14,MATR_b2c5,MATR_b2c42,MATR_b4c8,MATR_b3c28,MATR_b2c10,MATR_b1c36,MATR_b2c27,MATR_b1c16,MATR_b1c23,MATR_b3c10",False,False,0.95
180,MATR_b1c6,633.0,884.0308729504364,79.93718812990666,727.3568631904167,1040.704882710456,453.0,704.0308729504364,547.3568631904167,860.7048827104561,251.03087295043645,"MATR_b1c15,MATR_b2c14,MATR_b2c5,MATR_b2c42,MATR_b4c8,MATR_b3c28,MATR_b2c10,MATR_b1c36,MATR_b2c27,MATR_b1c16,MATR_b1c23,MATR_b3c10",False,False,0.95
180,MATR_b2c19,460.0,443.04414272680054,45.07856944887859,354.69177013241097,531.3965153211901,280.0,263.04414272680054,174.69177013241097,351.3965153211901,16.955857273199456,"MATR_b1c15,MATR_b2c14,MATR_b2c5,MATR_b2c42,MATR_b4c8,MATR_b3c28,MATR_b2c10,MATR_b1c36,MATR_b2c27,MATR_b1c16,MATR_b1c23,MATR_b3c10",False,False,0.95
180,MATR_b2c22,512.0,531.1154976924809,45.29691032524569,442.3351848440588,619.8958105409029,332.0,351.11549769248086,262.3351848440588,439.89581054090286,19.115497692480858,"MATR_b1c15,MATR_b2c14,MATR_b2c5,MATR_b2c42,MATR_b4c8,MATR_b3c28,MATR_b2c10,MATR_b1c36,MATR_b2c27,MATR_b1c16,MATR_b1c23,MATR_b3c10",False,False,0.95
180,MATR_b2c24,494.0,488.98769641246946,38.838369041735845,412.8658918723918,565.1095009525471,314.0,308.98769641246946,232.86589187239179,385.10950095254714,5.012303587530539,"MATR_b1c15,MATR_b2c14,MATR_b2c5,MATR_b2c42,MATR_b4c8,MATR_b3c28,MATR_b2c10,MATR_b1c36,MATR_b2c27,MATR_b1c16,MATR_b1c23,MATR_b3c10",False,False,0.95
180,MATR_b2c3,334.0,391.8628356908804,42.482101789313596,308.59944619626117,475.1262251854996,154.0,211.8628356908804,128.59944619626117,295.1262251854996,57.86283569088039,"MATR_b1c15,MATR_b2c14,MATR_b2c5,MATR_b2c42,MATR_b4c8,MATR_b3c28,MATR_b2c10,MATR_b1c36,MATR_b2c27,MATR_b1c16,MATR_b1c23,MATR_b3c10",False,False,0.95
180,MATR_b2c33,519.0,578.1553664749232,49.973586715661625,480.2089363339371,676.1017966159093,339.0,398.1553664749232,300.2089363339371,496.1017966159093,59.1553664749232,"MATR_b1c15,MATR_b2c14,MATR_b2c5,MATR_b2c42,MATR_b4c8,MATR_b3c28,MATR_b2c10,MATR_b1c36,MATR_b2c27,MATR_b1c16,MATR_b1c23,MATR_b3c10",False,False,0.95
180,MATR_b2c41,428.0,483.7963889580013,39.771490706167704,405.8456995624431,561.7470783535595,248.0,303.7963889580013,225.8456995624431,381.74707835355946,55.79638895800127,"MATR_b1c15,MATR_b2c14,MATR_b2c5,MATR_b2c42,MATR_b4c8,MATR_b3c28,MATR_b2c10,MATR_b1c36,MATR_b2c27,MATR_b1c16,MATR_b1c23,MATR_b3c10",False,False,0.95
180,MATR_b3c1,1061.0,1211.1125065073572,256.336649015954,708.7019065184029,1713.5231064963116,881.0,1031.1125065073572,528.7019065184029,1533.5231064963116,150.11250650735724,"MATR_b1c15,MATR_b2c14,MATR_b2c5,MATR_b2c42,MATR_b4c8,MATR_b3c28,MATR_b2c10,MATR_b1c36,MATR_b2c27,MATR_b1c16,MATR_b1c23,MATR_b3c10",False,False,0.95
180,MATR_b3c14,856.0,1016.2792755647274,105.48626052682441,809.5300040683425,1223.0285470611125,676.0,836.2792755647274,629.5300040683425,1043.0285470611125,160.2792755647274,"MATR_b1c15,MATR_b2c14,MATR_b2c5,MATR_b2c42,MATR_b4c8,MATR_b3c28,MATR_b2c10,MATR_b1c36,MATR_b2c27,MATR_b1c16,MATR_b1c23,MATR_b3c10",False,False,0.95
180,MATR_b3c17,1313.0,1356.3313960001583,450.994051755869,472.3992973168621,2240.2634946834546,1133.0,1176.3313960001583,292.3992973168621,2060.2634946834546,43.33139600015829,"MATR_b1c15,MATR_b2c14,MATR_b2c5,MATR_b2c42,MATR_b4c8,MATR_b3c28,MATR_b2c10,MATR_b1c36,MATR_b2c27,MATR_b1c16,MATR_b1c23,MATR_b3c10",False,False,0.95
180,MATR_b3c24,823.0,853.3406275667838,93.8230807064212,669.4507684636035,1037.2304866699642,643.0,673.3406275667838,489.4507684636035,857.2304866699642,30.340627566783837,"MATR_b1c15,MATR_b2c14,MATR_b2c5,MATR_b2c42,MATR_b4c8,MATR_b3c28,MATR_b2c10,MATR_b1c36,MATR_b2c27,MATR_b1c16,MATR_b1c23,MATR_b3c10",False,False,0.95
180,MATR_b3c31,729.0,700.9342357015686,54.07595151244597,594.9473183074402,806.9211530956969,549.0,520.9342357015686,414.94731830744024,626.9211530956969,28.065764298431418,"MATR_b1c15,MATR_b2c14,MATR_b2c5,MATR_b2c42,MATR_b4c8,MATR_b3c28,MATR_b2c10,MATR_b1c36,MATR_b2c27,MATR_b1c16,MATR_b1c23,MATR_b3c10",False,False,0.95
180,MATR_b3c33,1282.0,1205.582810214934,289.0944048451336,638.9681885864304,1772.1974318434375,1102.0,1025.582810214934,458.9681885864304,1592.1974318434375,76.41718978506606,"MATR_b1c15,MATR_b2c14,MATR_b2c5,MATR_b2c42,MATR_b4c8,MATR_b3c28,MATR_b2c10,MATR_b1c36,MATR_b2c27,MATR_b1c16,MATR_b1c23,MATR_b3c10",False,False,0.95
180,MATR_b3c36,921.0,979.3402411411573,131.29242262483257,722.0118213534738,1236.6686609288408,741.0,799.3402411411573,542.0118213534738,1056.6686609288408,58.34024114115732,"MATR_b1c15,MATR_b2c14,MATR_b2c5,MATR_b2c42,MATR_b4c8,MATR_b3c28,MATR_b2c10,MATR_b1c36,MATR_b2c27,MATR_b1c16,MATR_b1c23,MATR_b3c10",False,False,0.95
180,MATR_b3c6,665.0,562.9558906222129,53.97103422355211,457.17460733567214,668.7371739087537,485.0,382.9558906222129,277.17460733567214,488.7371739087537,102.0441093777871,"MATR_b1c15,MATR_b2c14,MATR_b2c5,MATR_b2c42,MATR_b4c8,MATR_b3c28,MATR_b2c10,MATR_b1c36,MATR_b2c27,MATR_b1c16,MATR_b1c23,MATR_b3c10",False,False,0.95
180,MATR_b4c1,760.0,725.383403230797,71.52635487380105,585.1943237327159,865.572482728878,580.0,545.383403230797,405.19432373271593,685.572482728878,34.616596769203056,"MATR_b1c15,MATR_b2c14,MATR_b2c5,MATR_b2c42,MATR_b4c8,MATR_b3c28,MATR_b2c10,MATR_b1c36,MATR_b2c27,MATR_b1c16,MATR_b1c23,MATR_b3c10",False,False,0.95
180,MATR_b4c11,863.0,965.7770797910537,114.04347457258717,742.2559769569734,1189.298182625134,683.0,785.7770797910537,562.2559769569734,1009.2981826251339,102.77707979105367,"MATR_b1c15,MATR_b2c14,MATR_b2c5,MATR_b2c42,MATR_b4c8,MATR_b3c28,MATR_b2c10,MATR_b1c36,MATR_b2c27,MATR_b1c16,MATR_b1c23,MATR_b3c10",False,False,0.95
180,MATR_b4c15,675.0,745.3294889632255,59.09216471474048,629.5109743538255,861.1480035726254,495.0,565.3294889632255,449.51097435382553,681.1480035726254,70.32948896322546,"MATR_b1c15,MATR_b2c14,MATR_b2c5,MATR_b2c42,MATR_b4c8,MATR_b3c28,MATR_b2c10,MATR_b1c36,MATR_b2c27,MATR_b1c16,MATR_b1c23,MATR_b3c10",False,False,0.95
180,MATR_b4c21,773.0,849.2416925773359,83.89232527102483,684.8157564668079,1013.667628687864,593.0,669.2416925773359,504.8157564668079,833.667628687864,76.24169257733593,"MATR_b1c15,MATR_b2c14,MATR_b2c5,MATR_b2c42,MATR_b4c8,MATR_b3c28,MATR_b2c10,MATR_b1c36,MATR_b2c27,MATR_b1c16,MATR_b1c23,MATR_b3c10",False,False,0.95
180,MATR_b4c3,777.0,1006.1706312193276,171.16057838111746,670.7020620192925,1341.6392004193626,597.0,826.1706312193276,490.7020620192925,1161.6392004193626,229.17063121932756,"MATR_b1c15,MATR_b2c14,MATR_b2c5,MATR_b2c42,MATR_b4c8,MATR_b3c28,MATR_b2c10,MATR_b1c36,MATR_b2c27,MATR_b1c16,MATR_b1c23,MATR_b3c10",False,False,0.95
180,MATR_b4c32,754.0,724.863194613113,63.70773501779527,599.9983284416131,849.7280607846129,574.0,544.863194613113,419.9983284416131,669.7280607846129,29.136805386886977,"MATR_b1c15,MATR_b2c14,MATR_b2c5,MATR_b2c42,MATR_b4c8,MATR_b3c28,MATR_b2c10,MATR_b1c36,MATR_b2c27,MATR_b1c16,MATR_b1c23,MATR_b3c10",False,False,0.95
180,MATR_b4c34,891.0,1126.3491983653116,259.53744496435877,617.6651535956221,1635.0332431350012,711.0,946.3491983653116,437.6651535956221,1455.0332431350012,235.34919836531162,"MATR_b1c15,MATR_b2c14,MATR_b2c5,MATR_b2c42,MATR_b4c8,MATR_b3c28,MATR_b2c10,MATR_b1c36,MATR_b2c27,MATR_b1c16,MATR_b1c23,MATR_b3c10",False,False,0.95
180,MATR_b4c42,774.0,862.7475681467413,93.98874651702795,678.5330100213021,1046.9621262721805,594.0,682.7475681467413,498.53301002130206,866.9621262721805,88.74756814674129,"MATR_b1c15,MATR_b2c14,MATR_b2c5,MATR_b2c42,MATR_b4c8,MATR_b3c28,MATR_b2c10,MATR_b1c36,MATR_b2c27,MATR_b1c16,MATR_b1c23,MATR_b3c10",False,False,0.95
180,MATR_b4c6,706.0,768.0313931330446,90.96543486486674,589.7424169598817,946.3203693062076,526.0,588.0313931330446,409.74241695988167,766.3203693062076,62.03139313304462,"MATR_b1c15,MATR_b2c14,MATR_b2c5,MATR_b2c42,MATR_b4c8,MATR_b3c28,MATR_b2c10,MATR_b1c36,MATR_b2c27,MATR_b1c16,MATR_b1c23,MATR_b3c10",False,False,0.95
180,MATR_b4c7,529.0,585.9076720176124,47.30482963260541,493.1919096429027,678.6234343923221,349.0,405.9076720176124,313.1919096429027,498.6234343923221,56.90767201761241,"MATR_b1c15,MATR_b2c14,MATR_b2c5,MATR_b2c42,MATR_b4c8,MATR_b3c28,MATR_b2c10,MATR_b1c36,MATR_b2c27,MATR_b1c16,MATR_b1c23,MATR_b3c10",False,False,0.95
200,MATR_b1c14,877.0,873.4182680526978,73.02117218073587,730.2994004695574,1016.5371356358382,677.0,673.4182680526978,530.2994004695574,816.5371356358382,3.58173194730216,"MATR_b4c5,MATR_b4c24,MATR_b2c31,MATR_b2c34,MATR_b1c9,MATR_b1c39,MATR_b4c16,MATR_b4c37,MATR_b2c43,MATR_b4c2,MATR_b3c28,MATR_b2c20",False,False,0.95
200,MATR_b1c18,687.0,565.4978059963641,43.780342676312834,479.6899111199691,651.3057008727592,487.0,365.49780599636415,279.6899111199691,451.3057008727592,121.50219400363585,"MATR_b4c5,MATR_b4c24,MATR_b2c31,MATR_b2c34,MATR_b1c9,MATR_b1c39,MATR_b4c16,MATR_b4c37,MATR_b2c43,MATR_b4c2,MATR_b3c28,MATR_b2c20",False,False,0.95
200,MATR_b1c19,786.0,750.1858173916274,63.154246918362965,626.4057679608864,873.9658668223685,586.0,550.1858173916274,426.40576796088635,673.9658668223685,35.81418260837256,"MATR_b4c5,MATR_b4c24,MATR_b2c31,MATR_b2c34,MATR_b1c9,MATR_b1c39,MATR_b4c16,MATR_b4c37,MATR_b2c43,MATR_b4c2,MATR_b3c28,MATR_b2c20",False,False,0.95
200,MATR_b1c2,2237.0,1395.081199324191,337.2770346201324,734.0303586562627,2056.132039992119,2037.0,1195.081199324191,534.0303586562627,1856.1320399921192,841.918800675809,"MATR_b4c5,MATR_b4c24,MATR_b2c31,MATR_b2c34,MATR_b1c9,MATR_b1c39,MATR_b4c16,MATR_b4c37,MATR_b2c43,MATR_b4c2,MATR_b3c28,MATR_b2c20",False,False,0.95
200,MATR_b1c30,707.0,875.5944596360476,76.724456075586,725.2172889944737,1025.9716302776214,507.0,675.5944596360476,525.2172889944737,825.9716302776214,168.59445963604765,"MATR_b4c5,MATR_b4c24,MATR_b2c31,MATR_b2c34,MATR_b1c9,MATR_b1c39,MATR_b4c16,MATR_b4c37,MATR_b2c43,MATR_b4c2,MATR_b3c28,MATR_b2c20",False,False,0.95
200,MATR_b1c34,742.0,691.7304629819835,57.40823281837169,579.2123942418846,804.2485317220824,542.0,491.73046298198346,379.21239424188457,604.2485317220824,50.269537018016536,"MATR_b4c5,MATR_b4c24,MATR_b2c31,MATR_b2c34,MATR_b1c9,MATR_b1c39,MATR_b4c16,MATR_b4c37,MATR_b2c43,MATR_b4c2,MATR_b3c28,MATR_b2c20",False,False,0.95
200,MATR_b1c35,701.0,594.6726787531189,45.693949339135955,505.1141837370147,684.2311737692232,501.0,394.67267875311893,305.1141837370147,484.23117376922323,106.32732124688107,"MATR_b4c5,MATR_b4c24,MATR_b2c31,MATR_b2c34,MATR_b1c9,MATR_b1c39,MATR_b4c16,MATR_b4c37,MATR_b2c43,MATR_b4c2,MATR_b3c28,MATR_b2c20",False,False,0.95
200,MATR_b1c42,700.0,702.3916215309051,57.588351808865525,589.5205260565067,815.2627170053036,500.0,502.3916215309051,389.5205260565067,615.2627170053036,2.3916215309051267,"MATR_b4c5,MATR_b4c24,MATR_b2c31,MATR_b2c34,MATR_b1c9,MATR_b1c39,MATR_b4c16,MATR_b4c37,MATR_b2c43,MATR_b4c2,MATR_b3c28,MATR_b2c20",False,False,0.95
200,MATR_b1c5,1071.0,983.6202266737089,95.82990849759153,795.7970573766606,1171.4433959707571,871.0,783.6202266737089,595.7970573766606,971.4433959707571,87.37977332629112,"MATR_b4c5,MATR_b4c24,MATR_b2c31,MATR_b2c34,MATR_b1c9,MATR_b1c39,MATR_b4c16,MATR_b4c37,MATR_b2c43,MATR_b4c2,MATR_b3c28,MATR_b2c20",False,False,0.95
200,MATR_b1c6,633.0,876.5085197580601,74.56899859502347,730.3559681485962,1022.661071367524,433.0,676.5085197580601,530.3559681485962,822.661071367524,243.50851975806006,"MATR_b4c5,MATR_b4c24,MATR_b2c31,MATR_b2c34,MATR_b1c9,MATR_b1c39,MATR_b4c16,MATR_b4c37,MATR_b2c43,MATR_b4c2,MATR_b3c28,MATR_b2c20",False,False,0.95
200,MATR_b2c19,460.0,443.7561876671751,45.320453200296136,354.92973163156165,532.5826437027886,260.0,243.75618766717508,154.92973163156165,332.5826437027886,16.243812332824916,"MATR_b4c5,MATR_b4c24,MATR_b2c31,MATR_b2c34,MATR_b1c9,MATR_b1c39,MATR_b4c16,MATR_b4c37,MATR_b2c43,MATR_b4c2,MATR_b3c28,MATR_b2c20",False,False,0.95
200,MATR_b2c22,512.0,513.8165845457039,41.958776234235486,431.57889429122724,596.0542748001806,312.0,313.8165845457039,231.57889429122724,396.05427480018056,1.816584545703904,"MATR_b4c5,MATR_b4c24,MATR_b2c31,MATR_b2c34,MATR_b1c9,MATR_b1c39,MATR_b4c16,MATR_b4c37,MATR_b2c43,MATR_b4c2,MATR_b3c28,MATR_b2c20",False,False,0.95
200,MATR_b2c24,494.0,482.07053248937535,37.080028204447736,409.39501266292837,554.7460523158223,294.0,282.07053248937535,209.39501266292837,354.74605231582234,11.929467510624647,"MATR_b4c5,MATR_b4c24,MATR_b2c31,MATR_b2c34,MATR_b1c9,MATR_b1c39,MATR_b4c16,MATR_b4c37,MATR_b2c43,MATR_b4c2,MATR_b3c28,MATR_b2c20",False,False,0.95
200,MATR_b2c3,334.0,384.6394073804394,42.55728467166893,301.22866214414984,468.050152616729,134.0,184.63940738043942,101.22866214414984,268.050152616729,50.63940738043942,"MATR_b4c5,MATR_b4c24,MATR_b2c31,MATR_b2c34,MATR_b1c9,MATR_b1c39,MATR_b4c16,MATR_b4c37,MATR_b2c43,MATR_b4c2,MATR_b3c28,MATR_b2c20",False,False,0.95
200,MATR_b2c33,519.0,570.8884845285977,46.96430010557184,478.8401477625463,662.9368212946491,319.0,370.8884845285977,278.8401477625463,462.9368212946491,51.8884845285977,"MATR_b4c5,MATR_b4c24,MATR_b2c31,MATR_b2c34,MATR_b1c9,MATR_b1c39,MATR_b4c16,MATR_b4c37,MATR_b2c43,MATR_b4c2,MATR_b3c28,MATR_b2c20",False,False,0.95
200,MATR_b2c41,428.0,479.78768283700214,38.04621763412581,405.21846652614283,554.3568991478614,228.0,279.78768283700214,205.21846652614283,354.35689914786144,51.78768283700214,"MATR_b4c5,MATR_b4c24,MATR_b2c31,MATR_b2c34,MATR_b1c9,MATR_b1c39,MATR_b4c16,MATR_b4c37,MATR_b2c43,MATR_b4c2,MATR_b3c28,MATR_b2c20",False,False,0.95
200,MATR_b3c1,1061.0,1193.783858954042,251.83841670325853,700.189632292065,1687.378085616019,861.0,993.783858954042,500.18963229206497,1487.378085616019,132.783858954042,"MATR_b4c5,MATR_b4c24,MATR_b2c31,MATR_b2c34,MATR_b1c9,MATR_b1c39,MATR_b4c16,MATR_b4c37,MATR_b2c43,MATR_b4c2,MATR_b3c28,MATR_b2c20",False,False,0.95
200,MATR_b3c14,856.0,993.7005480559185,95.19425087122957,807.1232448130379,1180.277851298799,656.0,793.7005480559185,607.1232448130379,980.2778512987991,137.7005480559185,"MATR_b4c5,MATR_b4c24,MATR_b2c31,MATR_b2c34,MATR_b1c9,MATR_b1c39,MATR_b4c16,MATR_b4c37,MATR_b2c43,MATR_b4c2,MATR_b3c28,MATR_b2c20",False,False,0.95
200,MATR_b3c17,1313.0,1352.11106747313,452.1395415388989,465.93385007043673,2238.2882848758236,1113.0,1152.11106747313,265.93385007043673,2038.2882848758236,39.111067473130106,"MATR_b4c5,MATR_b4c24,MATR_b2c31,MATR_b2c34,MATR_b1c9,MATR_b1c39,MATR_b4c16,MATR_b4c37,MATR_b2c43,MATR_b4c2,MATR_b3c28,MATR_b2c20",False,False,0.95
200,MATR_b3c24,823.0,853.2304408893895,95.335122327017,666.3770346667158,1040.083847112063,623.0,653.2304408893895,466.37703466671576,840.083847112063,30.230440889389456,"MATR_b4c5,MATR_b4c24,MATR_b2c31,MATR_b2c34,MATR_b1c9,MATR_b1c39,MATR_b4c16,MATR_b4c37,MATR_b2c43,MATR_b4c2,MATR_b3c28,MATR_b2c20",False,False,0.95
200,MATR_b3c31,729.0,706.5556428779565,52.898963018692136,602.8755805418037,810.2357052141093,529.0,506.55564287795653,402.87558054180374,610.2357052141093,22.44435712204347,"MATR_b4c5,MATR_b4c24,MATR_b2c31,MATR_b2c34,MATR_b1c9,MATR_b1c39,MATR_b4c16,MATR_b4c37,MATR_b2c43,MATR_b4c2,MATR_b3c28,MATR_b2c20",False,False,0.95
200,MATR_b3c33,1282.0,1183.0877154293257,279.4798597678788,635.3172558799786,1730.8581749786729,1082.0,983.0877154293257,435.3172558799786,1530.8581749786729,98.91228457067427,"MATR_b4c5,MATR_b4c24,MATR_b2c31,MATR_b2c34,MATR_b1c9,MATR_b1c39,MATR_b4c16,MATR_b4c37,MATR_b2c43,MATR_b4c2,MATR_b3c28,MATR_b2c20",False,False,0.95
200,MATR_b3c36,921.0,962.2288994057535,130.73074344916867,706.0013505732373,1218.4564482382698,721.0,762.2288994057535,506.00135057323735,1018.4564482382698,41.22889940575351,"MATR_b4c5,MATR_b4c24,MATR_b2c31,MATR_b2c34,MATR_b1c9,MATR_b1c39,MATR_b4c16,MATR_b4c37,MATR_b2c43,MATR_b4c2,MATR_b3c28,MATR_b2c20",False,False,0.95
200,MATR_b3c6,665.0,570.3512515517273,55.345667129375094,461.8757372778098,678.8267658256448,465.0,370.3512515517273,261.8757372778098,478.82676582564477,94.64874844827273,"MATR_b4c5,MATR_b4c24,MATR_b2c31,MATR_b2c34,MATR_b1c9,MATR_b1c39,MATR_b4c16,MATR_b4c37,MATR_b2c43,MATR_b4c2,MATR_b3c28,MATR_b2c20",False,False,0.95
200,MATR_b4c1,760.0,723.8640926769571,70.96600715969578,584.7732745173417,862.9549108365724,560.0,523.8640926769571,384.77327451734175,662.9549108365724,36.13590732304294,"MATR_b4c5,MATR_b4c24,MATR_b2c31,MATR_b2c34,MATR_b1c9,MATR_b1c39,MATR_b4c16,MATR_b4c37,MATR_b2c43,MATR_b4c2,MATR_b3c28,MATR_b2c20",False,False,0.95
200,MATR_b4c11,863.0,952.2397572638472,113.75657518797965,729.2809668907844,1175.19854763691,663.0,752.2397572638472,529.2809668907844,975.19854763691,89.2397572638472,"MATR_b4c5,MATR_b4c24,MATR_b2c31,MATR_b2c34,MATR_b1c9,MATR_b1c39,MATR_b4c16,MATR_b4c37,MATR_b2c43,MATR_b4c2,MATR_b3c28,MATR_b2c20",False,False,0.95
200,MATR_b4c15,675.0,741.7359788985902,58.72798880681091,626.6312359527694,856.8407218444111,475.0,541.7359788985902,426.63123595276943,656.8407218444111,66.73597889859025,"MATR_b4c5,MATR_b4c24,MATR_b2c31,MATR_b2c34,MATR_b1c9,MATR_b1c39,MATR_b4c16,MATR_b4c37,MATR_b2c43,MATR_b4c2,MATR_b3c28,MATR_b2c20",False,False,0.95
200,MATR_b4c21,773.0,846.8411003208436,84.67868740850106,680.8739227420562,1012.808277899631,573.0,646.8411003208436,480.87392274205615,812.808277899631,73.84110032084357,"MATR_b4c5,MATR_b4c24,MATR_b2c31,MATR_b2c34,MATR_b1c9,MATR_b1c39,MATR_b4c16,MATR_b4c37,MATR_b2c43,MATR_b4c2,MATR_b3c28,MATR_b2c20",False,False,0.95
200,MATR_b4c3,777.0,967.2935909822526,154.918074122845,663.6597451471698,1270.9274368173353,577.0,767.2935909822526,463.6597451471698,1070.9274368173353,190.29359098225257,"MATR_b4c5,MATR_b4c24,MATR_b2c31,MATR_b2c34,MATR_b1c9,MATR_b1c39,MATR_b4c16,MATR_b4c37,MATR_b2c43,MATR_b4c2,MATR_b3c28,MATR_b2c20",False,False,0.95
200,MATR_b4c32,754.0,734.5706150150947,65.52787119727964,606.1383474848471,863.0028825453423,554.0,534.5706150150947,406.13834748484715,663.0028825453423,19.429384984905255,"MATR_b4c5,MATR_b4c24,MATR_b2c31,MATR_b2c34,MATR_b1c9,MATR_b1c39,MATR_b4c16,MATR_b4c37,MATR_b2c43,MATR_b4c2,MATR_b3c28,MATR_b2c20",False,False,0.95
200,MATR_b4c34,891.0,1098.827934996992,246.75215827239666,615.2025916755676,1582.4532783184166,691.0,898.8279349969921,415.20259167556765,1382.4532783184166,207.8279349969921,"MATR_b4c5,MATR_b4c24,MATR_b2c31,MATR_b2c34,MATR_b1c9,MATR_b1c39,MATR_b4c16,MATR_b4c37,MATR_b2c43,MATR_b4c2,MATR_b3c28,MATR_b2c20",False,False,0.95
200,MATR_b4c42,774.0,851.5049137575448,93.94151962259222,667.3829186443013,1035.6269088707884,574.0,651.5049137575448,467.3829186443013,835.6269088707884,77.50491375754484,"MATR_b4c5,MATR_b4c24,MATR_b2c31,MATR_b2c34,MATR_b1c9,MATR_b1c39,MATR_b4c16,MATR_b4c37,MATR_b2c43,MATR_b4c2,MATR_b3c28,MATR_b2c20",False,False,0.95
200,MATR_b4c6,706.0,770.6306154595445,92.11936507911973,590.0799776257732,951.1812532933159,506.0,570.6306154595445,390.07997762577315,751.1812532933159,64.63061545954452,"MATR_b4c5,MATR_b4c24,MATR_b2c31,MATR_b2c34,MATR_b1c9,MATR_b1c39,MATR_b4c16,MATR_b4c37,MATR_b2c43,MATR_b4c2,MATR_b3c28,MATR_b2c20",False,False,0.95
200,MATR_b4c7,529.0,576.4698584668154,45.48450055586345,487.32187552253095,665.6178414110998,329.0,376.46985846681537,287.32187552253095,465.6178414110998,47.46985846681537,"MATR_b4c5,MATR_b4c24,MATR_b2c31,MATR_b2c34,MATR_b1c9,MATR_b1c39,MATR_b4c16,MATR_b4c37,MATR_b2c43,MATR_b4c2,MATR_b3c28,MATR_b2c20",False,False,0.95
220,MATR_b1c14,877.0,880.1134872140755,73.45105077653103,736.1520730654519,1024.074901362699,657.0,660.1134872140755,516.1520730654519,804.0749013626989,3.1134872140754624,"MATR_b1c9,MATR_b2c32,MATR_b4c2,MATR_b2c38,MATR_b4c43,MATR_b2c42,MATR_b2c27,MATR_b2c44,MATR_b2c2,MATR_b3c44,MATR_b4c33,MATR_b4c40",False,False,0.95
220,MATR_b1c18,687.0,598.8871733143072,46.18100550497269,508.3740657547148,689.4002808738996,467.0,378.88717331430723,288.3740657547148,469.40028087389965,88.11282668569277,"MATR_b1c9,MATR_b2c32,MATR_b4c2,MATR_b2c38,MATR_b4c43,MATR_b2c42,MATR_b2c27,MATR_b2c44,MATR_b2c2,MATR_b3c44,MATR_b4c33,MATR_b4c40",False,False,0.95
220,MATR_b1c19,786.0,774.1066169844157,64.19289984954523,648.2908452161205,899.922388752711,566.0,554.1066169844157,428.2908452161205,679.922388752711,11.893383015584277,"MATR_b1c9,MATR_b2c32,MATR_b4c2,MATR_b2c38,MATR_b4c43,MATR_b2c42,MATR_b2c27,MATR_b2c44,MATR_b2c2,MATR_b3c44,MATR_b4c33,MATR_b4c40",False,False,0.95
220,MATR_b1c2,2237.0,1415.23973433321,356.2907573389288,716.9226819244097,2113.5567867420104,2017.0,1195.23973433321,496.92268192440974,1893.5567867420104,821.76026566679,"MATR_b1c9,MATR_b2c32,MATR_b4c2,MATR_b2c38,MATR_b4c43,MATR_b2c42,MATR_b2c27,MATR_b2c44,MATR_b2c2,MATR_b3c44,MATR_b4c33,MATR_b4c40",False,False,0.95
220,MATR_b1c30,707.0,895.4739617047206,77.56429309671998,743.4507407488408,1047.4971826606004,487.0,675.4739617047206,523.4507407488408,827.4971826606004,188.47396170472064,"MATR_b1c9,MATR_b2c32,MATR_b4c2,MATR_b2c38,MATR_b4c43,MATR_b2c42,MATR_b2c27,MATR_b2c44,MATR_b2c2,MATR_b3c44,MATR_b4c33,MATR_b4c40",False,False,0.95
220,MATR_b1c34,742.0,723.4651576241689,58.30389712874398,609.1916190935025,837.7386961548353,522.0,503.4651576241689,389.1916190935025,617.7386961548353,18.53484237583109,"MATR_b1c9,MATR_b2c32,MATR_b4c2,MATR_b2c38,MATR_b4c43,MATR_b2c42,MATR_b2c27,MATR_b2c44,MATR_b2c2,MATR_b3c44,MATR_b4c33,MATR_b4c40",False,False,0.95
220,MATR_b1c35,701.0,619.1294727812395,45.542463829368934,529.8678839084583,708.3910616540207,481.0,399.12947278123954,309.86788390845834,488.39106165402075,81.87052721876046,"MATR_b1c9,MATR_b2c32,MATR_b4c2,MATR_b2c38,MATR_b4c43,MATR_b2c42,MATR_b2c27,MATR_b2c44,MATR_b2c2,MATR_b3c44,MATR_b4c33,MATR_b4c40",False,False,0.95
220,MATR_b1c42,700.0,718.923998614439,57.09512763559651,607.0196047559524,830.8283924729257,480.0,498.92399861443903,387.0196047559524,610.8283924729257,18.92399861443903,"MATR_b1c9,MATR_b2c32,MATR_b4c2,MATR_b2c38,MATR_b4c43,MATR_b2c42,MATR_b2c27,MATR_b2c44,MATR_b2c2,MATR_b3c44,MATR_b4c33,MATR_b4c40",False,False,0.95
220,MATR_b1c5,1071.0,1011.5751795348642,102.27933891428779,811.1113589002941,1212.0390001694343,851.0,791.5751795348642,591.1113589002941,992.0390001694343,59.42482046513578,"MATR_b1c9,MATR_b2c32,MATR_b4c2,MATR_b2c38,MATR_b4c43,MATR_b2c42,MATR_b2c27,MATR_b2c44,MATR_b2c2,MATR_b3c44,MATR_b4c33,MATR_b4c40",False,False,0.95
220,MATR_b1c6,633.0,902.4545841207565,77.7377877130989,750.0913199652624,1054.8178482762507,413.0,682.4545841207565,530.0913199652624,834.8178482762507,269.4545841207565,"MATR_b1c9,MATR_b2c32,MATR_b4c2,MATR_b2c38,MATR_b4c43,MATR_b2c42,MATR_b2c27,MATR_b2c44,MATR_b2c2,MATR_b3c44,MATR_b4c33,MATR_b4c40",False,False,0.95
220,MATR_b2c19,460.0,452.26453754421806,44.90139567017164,364.25941917509897,540.2696559133371,240.0,232.26453754421806,144.25941917509897,320.26965591333715,7.735462455781942,"MATR_b1c9,MATR_b2c32,MATR_b4c2,MATR_b2c38,MATR_b4c43,MATR_b2c42,MATR_b2c27,MATR_b2c44,MATR_b2c2,MATR_b3c44,MATR_b4c33,MATR_b4c40",False,False,0.95
220,MATR_b2c22,512.0,523.0592048910466,40.50830647730576,443.6643831208168,602.4540266612765,292.0,303.05920489104665,223.6643831208168,382.45402666127654,11.059204891046647,"MATR_b1c9,MATR_b2c32,MATR_b4c2,MATR_b2c38,MATR_b4c43,MATR_b2c42,MATR_b2c27,MATR_b2c44,MATR_b2c2,MATR_b3c44,MATR_b4c33,MATR_b4c40",False,False,0.95
220,MATR_b2c24,494.0,483.8018841774375,35.95230143595683,413.33666820163444,554.2671001532406,274.0,263.8018841774375,193.33666820163444,334.26710015324056,10.1981158225625,"MATR_b1c9,MATR_b2c32,MATR_b4c2,MATR_b2c38,MATR_b4c43,MATR_b2c42,MATR_b2c27,MATR_b2c44,MATR_b2c2,MATR_b3c44,MATR_b4c33,MATR_b4c40",False,False,0.95
220,MATR_b2c3,334.0,384.4872349682429,42.343827389287114,301.49485831765946,467.4796116188263,114.0,164.4872349682429,81.49485831765946,247.4796116188263,50.48723496824289,"MATR_b1c9,MATR_b2c32,MATR_b4c2,MATR_b2c38,MATR_b4c43,MATR_b2c42,MATR_b2c27,MATR_b2c44,MATR_b2c2,MATR_b3c44,MATR_b4c33,MATR_b4c40",False,False,0.95
220,MATR_b2c33,519.0,574.9574875094384,45.35655792114687,486.0602675212856,663.8547074975911,299.0,354.95748750943835,266.0602675212856,443.8547074975911,55.95748750943835,"MATR_b1c9,MATR_b2c32,MATR_b4c2,MATR_b2c38,MATR_b4c43,MATR_b2c42,MATR_b2c27,MATR_b2c44,MATR_b2c2,MATR_b3c44,MATR_b4c33,MATR_b4c40",False,False,0.95
220,MATR_b2c41,428.0,482.8070989055219,36.69868679299668,410.8789945113327,554.7352032997111,208.0,262.8070989055219,190.87899451133268,334.7352032997111,54.80709890552191,"MATR_b1c9,MATR_b2c32,MATR_b4c2,MATR_b2c38,MATR_b4c43,MATR_b2c42,MATR_b2c27,MATR_b2c44,MATR_b2c2,MATR_b3c44,MATR_b4c33,MATR_b4c40",False,False,0.95
220,MATR_b3c1,1061.0,1187.063845437845,241.4784601648742,713.7747604725015,1660.3529304031886,841.0,967.063845437845,493.7747604725015,1440.3529304031886,126.06384543784498,"MATR_b1c9,MATR_b2c32,MATR_b4c2,MATR_b2c38,MATR_b4c43,MATR_b2c42,MATR_b2c27,MATR_b2c44,MATR_b2c2,MATR_b3c44,MATR_b4c33,MATR_b4c40",False,False,0.95
220,MATR_b3c14,856.0,1011.4445551577858,99.08532730357739,817.2408822464108,1205.6482280691607,636.0,791.4445551577858,597.2408822464108,985.6482280691607,155.44455515778577,"MATR_b1c9,MATR_b2c32,MATR_b4c2,MATR_b2c38,MATR_b4c43,MATR_b2c42,MATR_b2c27,MATR_b2c44,MATR_b2c2,MATR_b3c44,MATR_b4c33,MATR_b4c40",False,False,0.95
220,MATR_b3c17,1313.0,1357.2723582323902,453.0020275209627,469.404699367681,2245.140017097099,1093.0,1137.2723582323902,249.40469936768102,2025.1400170970992,44.27235823239016,"MATR_b1c9,MATR_b2c32,MATR_b4c2,MATR_b2c38,MATR_b4c43,MATR_b2c42,MATR_b2c27,MATR_b2c44,MATR_b2c2,MATR_b3c44,MATR_b4c33,MATR_b4c40",False,False,0.95
220,MATR_b3c24,823.0,870.2620548948562,98.23961867811428,677.7159404308038,1062.8081693589086,603.0,650.2620548948562,457.7159404308038,842.8081693589086,47.26205489485619,"MATR_b1c9,MATR_b2c32,MATR_b4c2,MATR_b2c38,MATR_b4c43,MATR_b2c42,MATR_b2c27,MATR_b2c44,MATR_b2c2,MATR_b3c44,MATR_b4c33,MATR_b4c40",False,False,0.95
220,MATR_b3c31,729.0,746.1013202914304,56.458143252487105,635.4453928825526,856.7572477003082,509.0,526.1013202914304,415.4453928825526,636.7572477003082,17.101320291430397,"MATR_b1c9,MATR_b2c32,MATR_b4c2,MATR_b2c38,MATR_b4c43,MATR_b2c42,MATR_b2c27,MATR_b2c44,MATR_b2c2,MATR_b3c44,MATR_b4c33,MATR_b4c40",False,False,0.95
220,MATR_b3c33,1282.0,1177.4687030018188,274.0120787903362,640.4148972438084,1714.5225087598292,1062.0,957.4687030018188,420.41489724380835,1494.5225087598292,104.53129699818123,"MATR_b1c9,MATR_b2c32,MATR_b4c2,MATR_b2c38,MATR_b4c43,MATR_b2c42,MATR_b2c27,MATR_b2c44,MATR_b2c2,MATR_b3c44,MATR_b4c33,MATR_b4c40",False,False,0.95
220,MATR_b3c36,921.0,961.379323425516,130.32265753867202,705.9516082801715,1216.8070385708604,701.0,741.379323425516,485.9516082801715,996.8070385708604,40.37932342551596,"MATR_b1c9,MATR_b2c32,MATR_b4c2,MATR_b2c38,MATR_b4c43,MATR_b2c42,MATR_b2c27,MATR_b2c44,MATR_b2c2,MATR_b3c44,MATR_b4c33,MATR_b4c40",False,False,0.95
220,MATR_b3c6,665.0,574.2772094540239,54.58650350522153,467.2896285418203,681.2647903662275,445.0,354.27720945402393,247.28962854182032,461.26479036622754,90.72279054597607,"MATR_b1c9,MATR_b2c32,MATR_b4c2,MATR_b2c38,MATR_b4c43,MATR_b2c42,MATR_b2c27,MATR_b2c44,MATR_b2c2,MATR_b3c44,MATR_b4c33,MATR_b4c40",False,False,0.95
220,MATR_b4c1,760.0,755.3946243912096,75.10378036527901,608.1939197724563,902.5953290099629,540.0,535.3946243912096,388.1939197724563,682.5953290099629,4.605375608790382,"MATR_b1c9,MATR_b2c32,MATR_b4c2,MATR_b2c38,MATR_b4c43,MATR_b2c42,MATR_b2c27,MATR_b2c44,MATR_b2c2,MATR_b3c44,MATR_b4c33,MATR_b4c40",False,False,0.95
220,MATR_b4c11,863.0,964.0253844995307,119.36174606105045,730.0806610880562,1197.9701079110052,643.0,744.0253844995307,510.0806610880562,977.9701079110052,101.02538449953067,"MATR_b1c9,MATR_b2c32,MATR_b4c2,MATR_b2c38,MATR_b4c43,MATR_b2c42,MATR_b2c27,MATR_b2c44,MATR_b2c2,MATR_b3c44,MATR_b4c33,MATR_b4c40",False,False,0.95
220,MATR_b4c15,675.0,737.1866523366846,57.13918819212078,625.1959013742716,849.1774032990976,455.0,517.1866523366846,405.19590137427156,629.1774032990976,62.186652336684574,"MATR_b1c9,MATR_b2c32,MATR_b4c2,MATR_b2c38,MATR_b4c43,MATR_b2c42,MATR_b2c27,MATR_b2c44,MATR_b2c2,MATR_b3c44,MATR_b4c33,MATR_b4c40",False,False,0.95
220,MATR_b4c21,773.0,867.2258708793581,90.2897392955233,690.2612336866216,1044.1905080720946,553.0,647.2258708793581,470.2612336866216,824.1905080720946,94.22587087935813,"MATR_b1c9,MATR_b2c32,MATR_b4c2,MATR_b2c38,MATR_b4c43,MATR_b2c42,MATR_b2c27,MATR_b2c44,MATR_b2c2,MATR_b3c44,MATR_b4c33,MATR_b4c40",False,False,0.95
220,MATR_b4c3,777.0,965.1700274165515,149.39399537494796,672.3631769751103,1257.9768778579928,557.0,745.1700274165515,452.36317697511026,1037.9768778579928,188.17002741655153,"MATR_b1c9,MATR_b2c32,MATR_b4c2,MATR_b2c38,MATR_b4c43,MATR_b2c42,MATR_b2c27,MATR_b2c44,MATR_b2c2,MATR_b3c44,MATR_b4c33,MATR_b4c40",False,False,0.95
220,MATR_b4c32,754.0,763.9693145522186,69.53538229624384,627.6824696003566,900.2561595040806,534.0,543.9693145522186,407.6824696003566,680.2561595040806,9.969314552218634,"MATR_b1c9,MATR_b2c32,MATR_b4c2,MATR_b2c38,MATR_b4c43,MATR_b2c42,MATR_b2c27,MATR_b2c44,MATR_b2c2,MATR_b3c44,MATR_b4c33,MATR_b4c40",False,False,0.95
220,MATR_b4c34,891.0,1093.5330652392443,240.74031293217755,621.6907222652742,1565.3754082132143,671.0,873.5330652392443,401.6907222652742,1345.3754082132143,202.53306523924425,"MATR_b1c9,MATR_b2c32,MATR_b4c2,MATR_b2c38,MATR_b4c43,MATR_b2c42,MATR_b2c27,MATR_b2c44,MATR_b2c2,MATR_b3c44,MATR_b4c33,MATR_b4c40",False,False,0.95
220,MATR_b4c42,774.0,868.7283899621638,97.49145960726668,677.6486403316796,1059.8081395926479,554.0,648.7283899621638,457.64864033167964,839.8081395926479,94.72838996216376,"MATR_b1c9,MATR_b2c32,MATR_b4c2,MATR_b2c38,MATR_b4c43,MATR_b2c42,MATR_b2c27,MATR_b2c44,MATR_b2c2,MATR_b3c44,MATR_b4c33,MATR_b4c40",False,False,0.95
220,MATR_b4c6,706.0,789.2965408942661,94.49876686614229,604.0823612531802,974.5107205353519,486.0,569.2965408942661,384.08236125318024,754.5107205353519,83.29654089426606,"MATR_b1c9,MATR_b2c32,MATR_b4c2,MATR_b2c38,MATR_b4c43,MATR_b2c42,MATR_b2c27,MATR_b2c44,MATR_b2c2,MATR_b3c44,MATR_b4c33,MATR_b4c40",False,False,0.95
220,MATR_b4c7,529.0,585.2980602258386,44.7835636746404,497.5238883241872,673.07223212749,309.0,365.29806022583864,277.5238883241872,453.07223212749,56.29806022583864,"MATR_b1c9,MATR_b2c32,MATR_b4c2,MATR_b2c38,MATR_b4c43,MATR_b2c42,MATR_b2c27,MATR_b2c44,MATR_b2c2,MATR_b3c44,MATR_b4c33,MATR_b4c40",False,False,0.95
240,MATR_b1c14,877.0,880.4231390654584,75.11678916813962,733.1969376616163,1027.6493404693003,637.0,640.4231390654584,493.1969376616163,787.6493404693003,3.423139065458372,"MATR_b2c31,MATR_b4c40,MATR_b3c35,MATR_b1c40,MATR_b2c5,MATR_b1c0,MATR_b1c17,MATR_b4c41,MATR_b3c38,MATR_b2c43,MATR_b3c5,MATR_b2c0",False,False,0.95
240,MATR_b1c18,687.0,609.5607055165829,48.025790190130365,515.4318864148503,703.6895246183154,447.0,369.56070551658286,275.4318864148503,463.68952461831543,77.43929448341714,"MATR_b2c31,MATR_b4c40,MATR_b3c35,MATR_b1c40,MATR_b2c5,MATR_b1c0,MATR_b1c17,MATR_b4c41,MATR_b3c38,MATR_b2c43,MATR_b3c5,MATR_b2c0",False,False,0.95
240,MATR_b1c19,786.0,772.8355563795959,64.34120961177845,646.7291028187678,898.942009940424,546.0,532.8355563795959,406.72910281876784,658.942009940424,13.164443620404086,"MATR_b2c31,MATR_b4c40,MATR_b3c35,MATR_b1c40,MATR_b2c5,MATR_b1c0,MATR_b1c17,MATR_b4c41,MATR_b3c38,MATR_b2c43,MATR_b3c5,MATR_b2c0",False,False,0.95
240,MATR_b1c2,2237.0,1430.6163369165156,385.5832880132018,674.8869793701055,2186.3456944629256,1997.0,1190.6163369165156,434.88697937010545,1946.3456944629256,806.3836630834844,"MATR_b2c31,MATR_b4c40,MATR_b3c35,MATR_b1c40,MATR_b2c5,MATR_b1c0,MATR_b1c17,MATR_b4c41,MATR_b3c38,MATR_b2c43,MATR_b3c5,MATR_b2c0",False,False,0.95
240,MATR_b1c30,707.0,877.1203898591912,75.63519349074315,728.8781346536163,1025.362645064766,467.0,637.1203898591912,488.87813465361626,785.362645064766,170.12038985919116,"MATR_b2c31,MATR_b4c40,MATR_b3c35,MATR_b1c40,MATR_b2c5,MATR_b1c0,MATR_b1c17,MATR_b4c41,MATR_b3c38,MATR_b2c43,MATR_b3c5,MATR_b2c0",False,False,0.95
240,MATR_b1c34,742.0,729.7703385306639,59.13780608781489,613.8623684738333,845.6783085874946,502.0,489.77033853066393,373.86236847383327,605.6783085874946,12.229661469336065,"MATR_b2c31,MATR_b4c40,MATR_b3c35,MATR_b1c40,MATR_b2c5,MATR_b1c0,MATR_b1c17,MATR_b4c41,MATR_b3c38,MATR_b2c43,MATR_b3c5,MATR_b2c0",False,False,0.95
240,MATR_b1c35,701.0,621.1347479847267,46.087530316822765,530.8048484273562,711.4646475420972,461.0,381.1347479847267,290.8048484273562,471.46464754209717,79.86525201527331,"MATR_b2c31,MATR_b4c40,MATR_b3c35,MATR_b1c40,MATR_b2c5,MATR_b1c0,MATR_b1c17,MATR_b4c41,MATR_b3c38,MATR_b2c43,MATR_b3c5,MATR_b2c0",False,False,0.95
240,MATR_b1c42,700.0,718.4572437087627,57.186292761466305,606.3741694869252,830.5403179306002,460.0,478.4572437087627,366.3741694869252,590.5403179306002,18.45724370876269,"MATR_b2c31,MATR_b4c40,MATR_b3c35,MATR_b1c40,MATR_b2c5,MATR_b1c0,MATR_b1c17,MATR_b4c41,MATR_b3c38,MATR_b2c43,MATR_b3c5,MATR_b2c0",False,False,0.95
240,MATR_b1c5,1071.0,1012.2242176441686,104.01289245397332,808.362694506543,1216.0857407817941,831.0,772.2242176441686,568.362694506543,976.0857407817941,58.77578235583144,"MATR_b2c31,MATR_b4c40,MATR_b3c35,MATR_b1c40,MATR_b2c5,MATR_b1c0,MATR_b1c17,MATR_b4c41,MATR_b3c38,MATR_b2c43,MATR_b3c5,MATR_b2c0",False,False,0.95
240,MATR_b1c6,633.0,892.5958405249928,77.92858192011741,739.8586265952836,1045.333054454702,393.0,652.5958405249928,499.85862659528357,805.333054454702,259.5958405249928,"MATR_b2c31,MATR_b4c40,MATR_b3c35,MATR_b1c40,MATR_b2c5,MATR_b1c0,MATR_b1c17,MATR_b4c41,MATR_b3c38,MATR_b2c43,MATR_b3c5,MATR_b2c0",False,False,0.95
240,MATR_b2c19,460.0,455.3077787764579,45.916679804316416,365.31274007034006,545.3028174825757,220.0,215.3077787764579,125.31274007034006,305.30281748257573,4.692221223542106,"MATR_b2c31,MATR_b4c40,MATR_b3c35,MATR_b1c40,MATR_b2c5,MATR_b1c0,MATR_b1c17,MATR_b4c41,MATR_b3c38,MATR_b2c43,MATR_b3c5,MATR_b2c0",False,False,0.95
240,MATR_b2c22,512.0,524.9520068789152,40.18918854586662,446.182644761127,603.7213689967034,272.0,284.9520068789152,206.182644761127,363.7213689967034,12.9520068789152,"MATR_b2c31,MATR_b4c40,MATR_b3c35,MATR_b1c40,MATR_b2c5,MATR_b1c0,MATR_b1c17,MATR_b4c41,MATR_b3c38,MATR_b2c43,MATR_b3c5,MATR_b2c0",False,False,0.95
240,MATR_b2c24,494.0,483.9423133809758,35.99714534353942,413.38920496138485,554.4954218005668,254.0,243.9423133809758,173.38920496138485,314.49542180056676,10.057686619024196,"MATR_b2c31,MATR_b4c40,MATR_b3c35,MATR_b1c40,MATR_b2c5,MATR_b1c0,MATR_b1c17,MATR_b4c41,MATR_b3c38,MATR_b2c43,MATR_b3c5,MATR_b2c0",False,False,0.95
240,MATR_b2c3,334.0,381.09563069838606,43.0355898887459,296.747424463008,465.44383693376415,94.0,141.09563069838606,56.747424463007974,225.44383693376415,47.09563069838606,"MATR_b2c31,MATR_b4c40,MATR_b3c35,MATR_b1c40,MATR_b2c5,MATR_b1c0,MATR_b1c17,MATR_b4c41,MATR_b3c38,MATR_b2c43,MATR_b3c5,MATR_b2c0",False,False,0.95
240,MATR_b2c33,519.0,579.1101232134796,45.511172130336064,489.90986494381787,668.3103814831413,279.0,339.1101232134796,249.90986494381787,428.3103814831413,60.110123213479596,"MATR_b2c31,MATR_b4c40,MATR_b3c35,MATR_b1c40,MATR_b2c5,MATR_b1c0,MATR_b1c17,MATR_b4c41,MATR_b3c38,MATR_b2c43,MATR_b3c5,MATR_b2c0",False,False,0.95
240,MATR_b2c41,428.0,484.4080896859306,36.64627284425578,412.58271474356104,556.2334646283001,188.0,244.40808968593058,172.58271474356104,316.2334646283001,56.40808968593058,"MATR_b2c31,MATR_b4c40,MATR_b3c35,MATR_b1c40,MATR_b2c5,MATR_b1c0,MATR_b1c17,MATR_b4c41,MATR_b3c38,MATR_b2c43,MATR_b3c5,MATR_b2c0",False,False,0.95
240,MATR_b3c1,1061.0,1168.3341803977148,239.6745226502177,698.5807479914588,1638.0876128039708,821.0,928.3341803977148,458.5807479914588,1398.0876128039708,107.33418039771482,"MATR_b2c31,MATR_b4c40,MATR_b3c35,MATR_b1c40,MATR_b2c5,MATR_b1c0,MATR_b1c17,MATR_b4c41,MATR_b3c38,MATR_b2c43,MATR_b3c5,MATR_b2c0",False,False,0.95
240,MATR_b3c14,856.0,993.3067930002187,98.35308931369913,800.5382801771173,1186.0753058233202,616.0,753.3067930002187,560.5382801771173,946.0753058233202,137.3067930002187,"MATR_b2c31,MATR_b4c40,MATR_b3c35,MATR_b1c40,MATR_b2c5,MATR_b1c0,MATR_b1c17,MATR_b4c41,MATR_b3c38,MATR_b2c43,MATR_b3c5,MATR_b2c0",False,False,0.95
240,MATR_b3c17,1313.0,1338.2086892383068,443.1161653936661,469.71696409922754,2206.700414377386,1073.0,1098.2086892383068,229.71696409922754,1966.700414377386,25.20868923830676,"MATR_b2c31,MATR_b4c40,MATR_b3c35,MATR_b1c40,MATR_b2c5,MATR_b1c0,MATR_b1c17,MATR_b4c41,MATR_b3c38,MATR_b2c43,MATR_b3c5,MATR_b2c0",False,False,0.95
240,MATR_b3c24,823.0,863.5304581335806,100.32241035029271,666.9021470047586,1060.1587692624025,583.0,623.5304581335806,426.9021470047586,820.1587692624025,40.53045813358062,"MATR_b2c31,MATR_b4c40,MATR_b3c35,MATR_b1c40,MATR_b2c5,MATR_b1c0,MATR_b1c17,MATR_b4c41,MATR_b3c38,MATR_b2c43,MATR_b3c5,MATR_b2c0",False,False,0.95
240,MATR_b3c31,729.0,743.3186279726872,57.82566248383442,629.9824121222027,856.6548438231716,489.0,503.3186279726872,389.98241212220273,616.6548438231716,14.318627972687182,"MATR_b2c31,MATR_b4c40,MATR_b3c35,MATR_b1c40,MATR_b2c5,MATR_b1c0,MATR_b1c17,MATR_b4c41,MATR_b3c38,MATR_b2c43,MATR_b3c5,MATR_b2c0",False,False,0.95
240,MATR_b3c33,1282.0,1165.0231977719156,275.00093600018874,626.0312674967414,1704.01512804709,1042.0,925.0231977719156,386.0312674967414,1464.01512804709,116.97680222808435,"MATR_b2c31,MATR_b4c40,MATR_b3c35,MATR_b1c40,MATR_b2c5,MATR_b1c0,MATR_b1c17,MATR_b4c41,MATR_b3c38,MATR_b2c43,MATR_b3c5,MATR_b2c0",False,False,0.95
240,MATR_b3c36,921.0,939.5460826548151,128.3875498888424,687.9111088093447,1191.1810565002856,681.0,699.5460826548151,447.9111088093447,951.1810565002856,18.54608265481511,"MATR_b2c31,MATR_b4c40,MATR_b3c35,MATR_b1c40,MATR_b2c5,MATR_b1c0,MATR_b1c17,MATR_b4c41,MATR_b3c38,MATR_b2c43,MATR_b3c5,MATR_b2c0",False,False,0.95
240,MATR_b3c6,665.0,567.5207995186843,55.374836958574285,458.9881134301012,676.0534856072674,425.0,327.52079951868427,218.98811343010118,436.05348560726736,97.47920048131573,"MATR_b2c31,MATR_b4c40,MATR_b3c35,MATR_b1c40,MATR_b2c5,MATR_b1c0,MATR_b1c17,MATR_b4c41,MATR_b3c38,MATR_b2c43,MATR_b3c5,MATR_b2c0",False,False,0.95
240,MATR_b4c1,760.0,748.2289217613105,76.07829260590117,599.1182082484444,897.3396352741767,520.0,508.2289217613105,359.1182082484444,657.3396352741767,11.771078238689483,"MATR_b2c31,MATR_b4c40,MATR_b3c35,MATR_b1c40,MATR_b2c5,MATR_b1c0,MATR_b1c17,MATR_b4c41,MATR_b3c38,MATR_b2c43,MATR_b3c5,MATR_b2c0",False,False,0.95
240,MATR_b4c11,863.0,950.5546632791215,120.05027635524152,715.2604452887678,1185.8488812694752,623.0,710.5546632791215,475.26044528876776,945.8488812694752,87.55466327912154,"MATR_b2c31,MATR_b4c40,MATR_b3c35,MATR_b1c40,MATR_b2c5,MATR_b1c0,MATR_b1c17,MATR_b4c41,MATR_b3c38,MATR_b2c43,MATR_b3c5,MATR_b2c0",False,False,0.95
240,MATR_b4c15,675.0,738.8235220070083,59.19154444089765,622.8102267135469,854.8368173004696,435.0,498.82352200700825,382.81022671354685,614.8368173004696,63.82352200700825,"MATR_b2c31,MATR_b4c40,MATR_b3c35,MATR_b1c40,MATR_b2c5,MATR_b1c0,MATR_b1c17,MATR_b4c41,MATR_b3c38,MATR_b2c43,MATR_b3c5,MATR_b2c0",False,False,0.95
240,MATR_b4c21,773.0,860.037267581132,92.13644354363474,679.453156572,1040.6213785902642,533.0,620.037267581132,439.453156572,800.6213785902642,87.03726758113203,"MATR_b2c31,MATR_b4c40,MATR_b3c35,MATR_b1c40,MATR_b2c5,MATR_b1c0,MATR_b1c17,MATR_b4c41,MATR_b3c38,MATR_b2c43,MATR_b3c5,MATR_b2c0",False,False,0.95
240,MATR_b4c3,777.0,938.5270958342865,144.44960581983972,655.4110708463933,1221.6431208221798,537.0,698.5270958342865,415.4110708463933,981.6431208221798,161.52709583428646,"MATR_b2c31,MATR_b4c40,MATR_b3c35,MATR_b1c40,MATR_b2c5,MATR_b1c0,MATR_b1c17,MATR_b4c41,MATR_b3c38,MATR_b2c43,MATR_b3c5,MATR_b2c0",False,False,0.95
240,MATR_b4c32,754.0,762.7628028331643,71.49881290926363,622.6277045936401,902.8979010726885,514.0,522.7628028331643,382.62770459364015,662.8979010726885,8.7628028331643,"MATR_b2c31,MATR_b4c40,MATR_b3c35,MATR_b1c40,MATR_b2c5,MATR_b1c0,MATR_b1c17,MATR_b4c41,MATR_b3c38,MATR_b2c43,MATR_b3c5,MATR_b2c0",False,False,0.95
240,MATR_b4c34,891.0,1068.5802900185142,232.5854261080502,612.721231517834,1524.4393485191945,651.0,828.5802900185142,372.721231517834,1284.4393485191945,177.58029001851423,"MATR_b2c31,MATR_b4c40,MATR_b3c35,MATR_b1c40,MATR_b2c5,MATR_b1c0,MATR_b1c17,MATR_b4c41,MATR_b3c38,MATR_b2c43,MATR_b3c5,MATR_b2c0",False,False,0.95
240,MATR_b4c42,774.0,869.2774320150488,100.84576413423778,671.6233663185217,1066.931497711576,534.0,629.2774320150488,431.6233663185217,826.931497711576,95.27743201504882,"MATR_b2c31,MATR_b4c40,MATR_b3c35,MATR_b1c40,MATR_b2c5,MATR_b1c0,MATR_b1c17,MATR_b4c41,MATR_b3c38,MATR_b2c43,MATR_b3c5,MATR_b2c0",False,False,0.95
240,MATR_b4c6,706.0,768.3013557855734,93.00309798838731,586.0186332776848,950.584078293462,466.0,528.3013557855734,346.0186332776848,710.584078293462,62.30135578557338,"MATR_b2c31,MATR_b4c40,MATR_b3c35,MATR_b1c40,MATR_b2c5,MATR_b1c0,MATR_b1c17,MATR_b4c41,MATR_b3c38,MATR_b2c43,MATR_b3c5,MATR_b2c0",False,False,0.95
240,MATR_b4c7,529.0,573.9651111008372,44.52238549265094,486.7028390294328,661.2273831722416,289.0,333.96511110083725,246.70283902943282,421.2273831722416,44.96511110083725,"MATR_b2c31,MATR_b4c40,MATR_b3c35,MATR_b1c40,MATR_b2c5,MATR_b1c0,MATR_b1c17,MATR_b4c41,MATR_b3c38,MATR_b2c43,MATR_b3c5,MATR_b2c0",False,False,0.95
260,MATR_b1c14,877.0,897.5264073449096,78.84754445535975,742.9880599429837,1052.0647547468354,617.0,637.5264073449096,482.9880599429837,792.0647547468354,20.526407344909558,"MATR_b4c2,MATR_b2c35,MATR_b2c23,MATR_b3c35,MATR_b3c16,MATR_b2c25,MATR_b4c24,MATR_b1c24,MATR_b1c29,MATR_b2c42,MATR_b2c10,MATR_b3c13",False,False,0.95
260,MATR_b1c18,687.0,613.3335970925623,47.69343292008372,519.8561862701213,706.8110079150033,427.0,353.3335970925623,259.85618627012127,446.8110079150033,73.66640290743771,"MATR_b4c2,MATR_b2c35,MATR_b2c23,MATR_b3c35,MATR_b3c16,MATR_b2c25,MATR_b4c24,MATR_b1c24,MATR_b1c29,MATR_b2c42,MATR_b2c10,MATR_b3c13",False,False,0.95
260,MATR_b1c19,786.0,776.4420393729066,66.17434047968995,646.7427153320234,906.1413634137898,526.0,516.4420393729066,386.7427153320234,646.1413634137898,9.557960627093394,"MATR_b4c2,MATR_b2c35,MATR_b2c23,MATR_b3c35,MATR_b3c16,MATR_b2c25,MATR_b4c24,MATR_b1c24,MATR_b1c29,MATR_b2c42,MATR_b2c10,MATR_b3c13",False,False,0.95
260,MATR_b1c2,2237.0,1456.4072836552286,417.88716130004207,637.3634979054661,2275.4510694049914,1977.0,1196.4072836552286,377.36349790546615,2015.4510694049914,780.5927163447714,"MATR_b4c2,MATR_b2c35,MATR_b2c23,MATR_b3c35,MATR_b3c16,MATR_b2c25,MATR_b4c24,MATR_b1c24,MATR_b1c29,MATR_b2c42,MATR_b2c10,MATR_b3c13",False,False,0.95
260,MATR_b1c30,707.0,851.0441621909101,74.74195686293002,704.552618605521,997.5357057762992,447.0,591.0441621909101,444.55261860552105,737.5357057762992,144.04416219091013,"MATR_b4c2,MATR_b2c35,MATR_b2c23,MATR_b3c35,MATR_b3c16,MATR_b2c25,MATR_b4c24,MATR_b1c24,MATR_b1c29,MATR_b2c42,MATR_b2c10,MATR_b3c13",False,False,0.95
260,MATR_b1c34,742.0,733.6243928039846,60.47776453538013,615.0901524491459,852.1586331588234,482.0,473.6243928039846,355.0901524491459,592.1586331588234,8.37560719601538,"MATR_b4c2,MATR_b2c35,MATR_b2c23,MATR_b3c35,MATR_b3c16,MATR_b2c25,MATR_b4c24,MATR_b1c24,MATR_b1c29,MATR_b2c42,MATR_b2c10,MATR_b3c13",False,False,0.95
260,MATR_b1c35,701.0,628.3392911831668,47.19255872386666,535.8435757460966,720.835006620237,441.0,368.3392911831668,275.8435757460966,460.835006620237,72.66070881683322,"MATR_b4c2,MATR_b2c35,MATR_b2c23,MATR_b3c35,MATR_b3c16,MATR_b2c25,MATR_b4c24,MATR_b1c24,MATR_b1c29,MATR_b2c42,MATR_b2c10,MATR_b3c13",False,False,0.95
260,MATR_b1c42,700.0,721.0071384426433,58.63705892149918,606.0806147971518,835.9336620881347,440.0,461.0071384426433,346.08061479715184,575.9336620881347,21.00713844264328,"MATR_b4c2,MATR_b2c35,MATR_b2c23,MATR_b3c35,MATR_b3c16,MATR_b2c25,MATR_b4c24,MATR_b1c24,MATR_b1c29,MATR_b2c42,MATR_b2c10,MATR_b3c13",False,False,0.95
260,MATR_b1c5,1071.0,1024.678492642076,108.79656565981635,811.4411423071888,1237.9158429769632,811.0,764.678492642076,551.4411423071888,977.9158429769632,46.32150735792402,"MATR_b4c2,MATR_b2c35,MATR_b2c23,MATR_b3c35,MATR_b3c16,MATR_b2c25,MATR_b4c24,MATR_b1c24,MATR_b1c29,MATR_b2c42,MATR_b2c10,MATR_b3c13",False,False,0.95
260,MATR_b1c6,633.0,897.261225368622,80.01854372450543,740.4277615732478,1054.0946891639962,373.0,637.261225368622,480.42776157324784,794.0946891639962,264.26122536862204,"MATR_b4c2,MATR_b2c35,MATR_b2c23,MATR_b3c35,MATR_b3c16,MATR_b2c25,MATR_b4c24,MATR_b1c24,MATR_b1c29,MATR_b2c42,MATR_b2c10,MATR_b3c13",False,False,0.95
260,MATR_b2c19,460.0,455.4157447829842,46.17708169246428,364.9103277545903,545.921161811378,200.0,195.41574478298418,104.9103277545903,285.92116181137806,4.584255217015823,"MATR_b4c2,MATR_b2c35,MATR_b2c23,MATR_b3c35,MATR_b3c16,MATR_b2c25,MATR_b4c24,MATR_b1c24,MATR_b1c29,MATR_b2c42,MATR_b2c10,MATR_b3c13",False,False,0.95
260,MATR_b2c22,512.0,529.0468863211421,40.60763445054017,449.45738530071543,608.6363873415687,252.0,269.0468863211421,189.45738530071543,348.6363873415687,17.046886321142097,"MATR_b4c2,MATR_b2c35,MATR_b2c23,MATR_b3c35,MATR_b3c16,MATR_b2c25,MATR_b4c24,MATR_b1c24,MATR_b1c29,MATR_b2c42,MATR_b2c10,MATR_b3c13",False,False,0.95
260,MATR_b2c24,494.0,487.9988203833723,36.33452735190618,416.7844553783507,559.2131853883939,234.0,227.99882038337228,156.78445537835069,299.21318538839387,6.001179616627724,"MATR_b4c2,MATR_b2c35,MATR_b2c23,MATR_b3c35,MATR_b3c16,MATR_b2c25,MATR_b4c24,MATR_b1c24,MATR_b1c29,MATR_b2c42,MATR_b2c10,MATR_b3c13",False,False,0.95
260,MATR_b2c3,334.0,378.6541724521478,44.16508331382783,292.09219978283437,465.21614512146124,74.0,118.6541724521478,32.09219978283437,205.21614512146124,44.654172452147805,"MATR_b4c2,MATR_b2c35,MATR_b2c23,MATR_b3c35,MATR_b3c16,MATR_b2c25,MATR_b4c24,MATR_b1c24,MATR_b1c29,MATR_b2c42,MATR_b2c10,MATR_b3c13",False,False,0.95
260,MATR_b2c33,519.0,586.8721583056501,46.8467456938991,495.0542239527011,678.6900926585993,259.0,326.87215830565015,235.05422395270108,418.69009265859927,67.87215830565015,"MATR_b4c2,MATR_b2c35,MATR_b2c23,MATR_b3c35,MATR_b3c16,MATR_b2c25,MATR_b4c24,MATR_b1c24,MATR_b1c29,MATR_b2c42,MATR_b2c10,MATR_b3c13",False,False,0.95
260,MATR_b2c41,428.0,487.14262002901984,36.9040635622092,414.8119845639129,559.4732554941268,168.0,227.14262002901984,154.81198456391292,299.47325549412676,59.14262002901984,"MATR_b4c2,MATR_b2c35,MATR_b2c23,MATR_b3c35,MATR_b3c16,MATR_b2c25,MATR_b4c24,MATR_b1c24,MATR_b1c29,MATR_b2c42,MATR_b2c10,MATR_b3c13",False,False,0.95
260,MATR_b3c1,1061.0,1205.9865206510506,263.12094907185696,690.2789368922133,1721.6941044098878,801.0,945.9865206510506,430.2789368922133,1461.6941044098878,144.98652065105057,"MATR_b4c2,MATR_b2c35,MATR_b2c23,MATR_b3c35,MATR_b3c16,MATR_b2c25,MATR_b4c24,MATR_b1c24,MATR_b1c29,MATR_b2c42,MATR_b2c10,MATR_b3c13",False,False,0.95
260,MATR_b3c14,856.0,1004.4289477659556,102.31456854026254,803.8960783332863,1204.961817198625,596.0,744.4289477659556,543.8960783332863,944.9618171986251,148.42894776595563,"MATR_b4c2,MATR_b2c35,MATR_b2c23,MATR_b3c35,MATR_b3c16,MATR_b2c25,MATR_b4c24,MATR_b1c24,MATR_b1c29,MATR_b2c42,MATR_b2c10,MATR_b3c13",False,False,0.95
260,MATR_b3c17,1313.0,1359.0717038513535,460.18924760470736,457.1173524735419,2261.026055229165,1053.0,1099.0717038513535,197.11735247354193,2001.0260552291652,46.071703851353504,"MATR_b4c2,MATR_b2c35,MATR_b2c23,MATR_b3c35,MATR_b3c16,MATR_b2c25,MATR_b4c24,MATR_b1c24,MATR_b1c29,MATR_b2c42,MATR_b2c10,MATR_b3c13",False,False,0.95
260,MATR_b3c24,823.0,873.5643618488742,100.4087906832116,676.7667483785585,1070.36197531919,563.0,613.5643618488742,416.76674837855853,810.3619753191899,50.56436184887423,"MATR_b4c2,MATR_b2c35,MATR_b2c23,MATR_b3c35,MATR_b3c16,MATR_b2c25,MATR_b4c24,MATR_b1c24,MATR_b1c29,MATR_b2c42,MATR_b2c10,MATR_b3c13",False,False,0.95
260,MATR_b3c31,729.0,746.8754510960904,57.81391927517617,633.562251511639,860.1886506805417,469.0,486.8754510960904,373.56225151163903,600.1886506805417,17.875451096090387,"MATR_b4c2,MATR_b2c35,MATR_b2c23,MATR_b3c35,MATR_b3c16,MATR_b2c25,MATR_b4c24,MATR_b1c24,MATR_b1c29,MATR_b2c42,MATR_b2c10,MATR_b3c13",False,False,0.95
260,MATR_b3c33,1282.0,1200.826697792873,299.83349388612885,613.1638484172499,1788.4895471684958,1022.0,940.8266977928729,353.16384841724994,1528.4895471684958,81.17330220712711,"MATR_b4c2,MATR_b2c35,MATR_b2c23,MATR_b3c35,MATR_b3c16,MATR_b2c25,MATR_b4c24,MATR_b1c24,MATR_b1c29,MATR_b2c42,MATR_b2c10,MATR_b3c13",False,False,0.95
260,MATR_b3c36,921.0,951.0960553090586,128.83782854583234,698.5785515128807,1203.6135591052364,661.0,691.0960553090586,438.5785515128807,943.6135591052364,30.096055309058556,"MATR_b4c2,MATR_b2c35,MATR_b2c23,MATR_b3c35,MATR_b3c16,MATR_b2c25,MATR_b4c24,MATR_b1c24,MATR_b1c29,MATR_b2c42,MATR_b2c10,MATR_b3c13",False,False,0.95
260,MATR_b3c6,665.0,567.283827590119,54.89980629006548,459.6821845033652,674.8854706768728,405.0,307.283827590119,199.6821845033652,414.88547067687284,97.71617240988098,"MATR_b4c2,MATR_b2c35,MATR_b2c23,MATR_b3c35,MATR_b3c16,MATR_b2c25,MATR_b4c24,MATR_b1c24,MATR_b1c29,MATR_b2c42,MATR_b2c10,MATR_b3c13",False,False,0.95
260,MATR_b4c1,760.0,743.7749146735299,73.27435218375136,600.1598234028734,887.3900059441864,500.0,483.7749146735299,340.15982340287337,627.3900059441864,16.225085326470094,"MATR_b4c2,MATR_b2c35,MATR_b2c23,MATR_b3c35,MATR_b3c16,MATR_b2c25,MATR_b4c24,MATR_b1c24,MATR_b1c29,MATR_b2c42,MATR_b2c10,MATR_b3c13",False,False,0.95
260,MATR_b4c11,863.0,944.5906564587891,113.19918680009474,722.7243272513816,1166.4569856661967,603.0,684.5906564587891,462.7243272513816,906.4569856661967,81.59065645878911,"MATR_b4c2,MATR_b2c35,MATR_b2c23,MATR_b3c35,MATR_b3c16,MATR_b2c25,MATR_b4c24,MATR_b1c24,MATR_b1c29,MATR_b2c42,MATR_b2c10,MATR_b3c13",False,False,0.95
260,MATR_b4c15,675.0,752.3677359063631,59.910538387357235,634.9452383727386,869.7902334399877,415.0,492.3677359063631,374.9452383727386,609.7902334399877,77.36773590636312,"MATR_b4c2,MATR_b2c35,MATR_b2c23,MATR_b3c35,MATR_b3c16,MATR_b2c25,MATR_b4c24,MATR_b1c24,MATR_b1c29,MATR_b2c42,MATR_b2c10,MATR_b3c13",False,False,0.95
260,MATR_b4c21,773.0,869.9512456599277,91.85562277504744,689.9175332433376,1049.9849580765178,513.0,609.9512456599277,429.91753324333763,789.9849580765178,96.95124565992774,"MATR_b4c2,MATR_b2c35,MATR_b2c23,MATR_b3c35,MATR_b3c16,MATR_b2c25,MATR_b4c24,MATR_b1c24,MATR_b1c29,MATR_b2c42,MATR_b2c10,MATR_b3c13",False,False,0.95
260,MATR_b4c3,777.0,935.4110805830059,137.7393124435018,665.4469889384327,1205.375172227579,517.0,675.4110805830059,405.4469889384327,945.375172227579,158.41108058300586,"MATR_b4c2,MATR_b2c35,MATR_b2c23,MATR_b3c35,MATR_b3c16,MATR_b2c25,MATR_b4c24,MATR_b1c24,MATR_b1c29,MATR_b2c42,MATR_b2c10,MATR_b3c13",False,False,0.95
260,MATR_b4c32,754.0,769.9942926905046,70.49839597838812,631.8199756050205,908.1686097759887,494.0,509.9942926905046,371.81997560502055,648.1686097759887,15.994292690504608,"MATR_b4c2,MATR_b2c35,MATR_b2c23,MATR_b3c35,MATR_b3c16,MATR_b2c25,MATR_b4c24,MATR_b1c24,MATR_b1c29,MATR_b2c42,MATR_b2c10,MATR_b3c13",False,False,0.95
260,MATR_b4c34,891.0,1078.36716291898,234.18190026974418,619.3790725591308,1537.3552532788294,631.0,818.3671629189801,359.3790725591308,1277.3552532788294,187.36716291898006,"MATR_b4c2,MATR_b2c35,MATR_b2c23,MATR_b3c35,MATR_b3c16,MATR_b2c25,MATR_b4c24,MATR_b1c24,MATR_b1c29,MATR_b2c42,MATR_b2c10,MATR_b3c13",False,False,0.95
260,MATR_b4c42,774.0,887.2851908306106,103.29535229416254,684.8300205636752,1089.740361097546,514.0,627.2851908306106,424.83002056367525,829.7403610975459,113.28519083061065,"MATR_b4c2,MATR_b2c35,MATR_b2c23,MATR_b3c35,MATR_b3c16,MATR_b2c25,MATR_b4c24,MATR_b1c24,MATR_b1c29,MATR_b2c42,MATR_b2c10,MATR_b3c13",False,False,0.95
260,MATR_b4c6,706.0,751.9439065215184,87.6423608743834,580.1680356876647,923.7197773553722,446.0,491.94390652151844,320.16803568766466,663.7197773553722,45.94390652151844,"MATR_b4c2,MATR_b2c35,MATR_b2c23,MATR_b3c35,MATR_b3c16,MATR_b2c25,MATR_b4c24,MATR_b1c24,MATR_b1c29,MATR_b2c42,MATR_b2c10,MATR_b3c13",False,False,0.95
260,MATR_b4c7,529.0,577.0919474177886,43.93022855028506,490.99028162661665,663.1936132089605,269.0,317.09194741778856,230.99028162661665,403.1936132089605,48.09194741778856,"MATR_b4c2,MATR_b2c35,MATR_b2c23,MATR_b3c35,MATR_b3c16,MATR_b2c25,MATR_b4c24,MATR_b1c24,MATR_b1c29,MATR_b2c42,MATR_b2c10,MATR_b3c13",False,False,0.95
280,MATR_b1c14,877.0,885.1561885032073,77.55030569313784,733.1603823545856,1037.151994651829,597.0,605.1561885032073,453.16038235458564,757.151994651829,8.156188503207318,"MATR_b2c38,MATR_b4c35,MATR_b1c23,MATR_b4c37,MATR_b2c4,MATR_b2c6,MATR_b2c5,MATR_b4c5,MATR_b1c7,MATR_b3c16,MATR_b1c41,MATR_b1c26",False,False,0.95
280,MATR_b1c18,687.0,604.1109439657874,46.75813057567866,512.4666920530362,695.7551958785386,407.0,324.11094396578744,232.46669205303624,415.75519587853864,82.88905603421256,"MATR_b2c38,MATR_b4c35,MATR_b1c23,MATR_b4c37,MATR_b2c4,MATR_b2c6,MATR_b2c5,MATR_b4c5,MATR_b1c7,MATR_b3c16,MATR_b1c41,MATR_b1c26",False,False,0.95
280,MATR_b1c19,786.0,746.9629676409047,61.76025371461181,625.9150946842095,868.0108405975999,506.0,466.9629676409047,345.9150946842095,588.0108405975999,39.03703235909529,"MATR_b2c38,MATR_b4c35,MATR_b1c23,MATR_b4c37,MATR_b2c4,MATR_b2c6,MATR_b2c5,MATR_b4c5,MATR_b1c7,MATR_b3c16,MATR_b1c41,MATR_b1c26",False,False,0.95
280,MATR_b1c2,2237.0,1463.8015154300642,429.3541034469133,622.2829360596296,2305.3200948004987,1957.0,1183.8015154300642,342.2829360596296,2025.3200948004987,773.1984845699358,"MATR_b2c38,MATR_b4c35,MATR_b1c23,MATR_b4c37,MATR_b2c4,MATR_b2c6,MATR_b2c5,MATR_b4c5,MATR_b1c7,MATR_b3c16,MATR_b1c41,MATR_b1c26",False,False,0.95
280,MATR_b1c30,707.0,796.302037646911,66.06893859524648,666.8092975034396,925.7947777903825,427.0,516.302037646911,386.80929750343955,645.7947777903825,89.302037646911,"MATR_b2c38,MATR_b4c35,MATR_b1c23,MATR_b4c37,MATR_b2c4,MATR_b2c6,MATR_b2c5,MATR_b4c5,MATR_b1c7,MATR_b3c16,MATR_b1c41,MATR_b1c26",False,False,0.95
280,MATR_b1c34,742.0,726.4897678042106,58.985050279034354,610.8811936310191,842.0983419774021,462.0,446.4897678042106,330.8811936310191,562.0983419774021,15.5102321957894,"MATR_b2c38,MATR_b4c35,MATR_b1c23,MATR_b4c37,MATR_b2c4,MATR_b2c6,MATR_b2c5,MATR_b4c5,MATR_b1c7,MATR_b3c16,MATR_b1c41,MATR_b1c26",False,False,0.95
280,MATR_b1c35,701.0,612.4253238882782,45.51115801590258,523.2250932823978,701.6255544941586,421.0,332.4253238882782,243.22509328239778,421.62555449415856,88.57467611172183,"MATR_b2c38,MATR_b4c35,MATR_b1c23,MATR_b4c37,MATR_b2c4,MATR_b2c6,MATR_b2c5,MATR_b4c5,MATR_b1c7,MATR_b3c16,MATR_b1c41,MATR_b1c26",False,False,0.95
280,MATR_b1c42,700.0,698.5463605496448,55.61965651215639,589.5338369533296,807.55888414596,420.0,418.54636054964476,309.53383695332957,527.55888414596,1.4536394503552401,"MATR_b2c38,MATR_b4c35,MATR_b1c23,MATR_b4c37,MATR_b2c4,MATR_b2c6,MATR_b2c5,MATR_b4c5,MATR_b1c7,MATR_b3c16,MATR_b1c41,MATR_b1c26",False,False,0.95
280,MATR_b1c5,1071.0,993.8765832703245,100.93950279181273,796.0387931809914,1191.7143733596577,791.0,713.8765832703245,516.0387931809914,911.7143733596577,77.12341672967545,"MATR_b2c38,MATR_b4c35,MATR_b1c23,MATR_b4c37,MATR_b2c4,MATR_b2c6,MATR_b2c5,MATR_b4c5,MATR_b1c7,MATR_b3c16,MATR_b1c41,MATR_b1c26",False,False,0.95
280,MATR_b1c6,633.0,865.7325732264284,75.593179527074,717.5726638764928,1013.8924825763639,353.0,585.7325732264284,437.5726638764928,733.8924825763639,232.73257322642837,"MATR_b2c38,MATR_b4c35,MATR_b1c23,MATR_b4c37,MATR_b2c4,MATR_b2c6,MATR_b2c5,MATR_b4c5,MATR_b1c7,MATR_b3c16,MATR_b1c41,MATR_b1c26",False,False,0.95
280,MATR_b2c19,460.0,457.05723457786814,46.292871799951584,366.32487310903315,547.7895960467031,180.0,177.05723457786814,86.32487310903315,267.7895960467031,2.942765422131856,"MATR_b2c38,MATR_b4c35,MATR_b1c23,MATR_b4c37,MATR_b2c4,MATR_b2c6,MATR_b2c5,MATR_b4c5,MATR_b1c7,MATR_b3c16,MATR_b1c41,MATR_b1c26",False,False,0.95
280,MATR_b2c22,512.0,527.8397635119011,39.89909929929184,449.6389658697018,606.0405611541004,232.0,247.83976351190108,169.6389658697018,326.0405611541004,15.839763511901083,"MATR_b2c38,MATR_b4c35,MATR_b1c23,MATR_b4c37,MATR_b2c4,MATR_b2c6,MATR_b2c5,MATR_b4c5,MATR_b1c7,MATR_b3c16,MATR_b1c41,MATR_b1c26",False,False,0.95
280,MATR_b2c24,494.0,488.5322895113139,36.1695555009457,417.6412633926377,559.42331562999,214.0,208.53228951131388,137.6412633926377,279.42331562999004,5.467710488686123,"MATR_b2c38,MATR_b4c35,MATR_b1c23,MATR_b4c37,MATR_b2c4,MATR_b2c6,MATR_b2c5,MATR_b4c5,MATR_b1c7,MATR_b3c16,MATR_b1c41,MATR_b1c26",False,False,0.95
280,MATR_b2c3,334.0,378.3453486475293,44.65943664177552,290.81446125980085,465.87623603525776,54.0,98.3453486475293,10.81446125980085,185.87623603525776,44.345348647529306,"MATR_b2c38,MATR_b4c35,MATR_b1c23,MATR_b4c37,MATR_b2c4,MATR_b2c6,MATR_b2c5,MATR_b4c5,MATR_b1c7,MATR_b3c16,MATR_b1c41,MATR_b1c26",False,False,0.95
280,MATR_b2c33,519.0,579.1986113017988,45.61178922182862,489.8011471565825,668.5960754470151,239.0,299.1986113017988,209.8011471565825,388.5960754470151,60.19861130179879,"MATR_b2c38,MATR_b4c35,MATR_b1c23,MATR_b4c37,MATR_b2c4,MATR_b2c6,MATR_b2c5,MATR_b4c5,MATR_b1c7,MATR_b3c16,MATR_b1c41,MATR_b1c26",False,False,0.95
280,MATR_b2c41,428.0,487.71235384139163,36.67317730688087,415.8342471212535,559.5904605615298,148.0,207.71235384139163,135.8342471212535,279.59046056152977,59.71235384139163,"MATR_b2c38,MATR_b4c35,MATR_b1c23,MATR_b4c37,MATR_b2c4,MATR_b2c6,MATR_b2c5,MATR_b4c5,MATR_b1c7,MATR_b3c16,MATR_b1c41,MATR_b1c26",False,False,0.95
280,MATR_b3c1,1061.0,1186.8838958205529,251.6253828538812,693.7072078308433,1680.0605838102624,781.0,906.8838958205529,413.70720783084334,1400.0605838102624,125.88389582055288,"MATR_b2c38,MATR_b4c35,MATR_b1c23,MATR_b4c37,MATR_b2c4,MATR_b2c6,MATR_b2c5,MATR_b4c5,MATR_b1c7,MATR_b3c16,MATR_b1c41,MATR_b1c26",False,False,0.95
280,MATR_b3c14,856.0,992.2404757794088,101.49876369453979,793.3065544627693,1191.1743970960483,576.0,712.2404757794088,513.3065544627693,911.1743970960483,136.24047577940883,"MATR_b2c38,MATR_b4c35,MATR_b1c23,MATR_b4c37,MATR_b2c4,MATR_b2c6,MATR_b2c5,MATR_b4c5,MATR_b1c7,MATR_b3c16,MATR_b1c41,MATR_b1c26",False,False,0.95
280,MATR_b3c17,1313.0,1350.8817567744532,449.41474074529094,470.0450507922775,2231.718462756629,1033.0,1070.8817567744532,190.0450507922775,1951.718462756629,37.88175677445315,"MATR_b2c38,MATR_b4c35,MATR_b1c23,MATR_b4c37,MATR_b2c4,MATR_b2c6,MATR_b2c5,MATR_b4c5,MATR_b1c7,MATR_b3c16,MATR_b1c41,MATR_b1c26",False,False,0.95
280,MATR_b3c24,823.0,854.9913105626767,97.169669343088,664.5422582605585,1045.440362864795,543.0,574.9913105626767,384.54225826055847,765.4403628647949,31.991310562676745,"MATR_b2c38,MATR_b4c35,MATR_b1c23,MATR_b4c37,MATR_b2c4,MATR_b2c6,MATR_b2c5,MATR_b4c5,MATR_b1c7,MATR_b3c16,MATR_b1c41,MATR_b1c26",False,False,0.95
280,MATR_b3c31,729.0,715.8766124435662,54.83469170359503,608.4025916011626,823.3506332859697,449.0,435.87661244356616,328.4025916011626,543.3506332859697,13.12338755643384,"MATR_b2c38,MATR_b4c35,MATR_b1c23,MATR_b4c37,MATR_b2c4,MATR_b2c6,MATR_b2c5,MATR_b4c5,MATR_b1c7,MATR_b3c16,MATR_b1c41,MATR_b1c26",False,False,0.95
280,MATR_b3c33,1282.0,1192.5519135611146,294.5768648334991,615.1918678087329,1769.9119593134963,1002.0,912.5519135611146,335.1918678087329,1489.9119593134963,89.44808643888541,"MATR_b2c38,MATR_b4c35,MATR_b1c23,MATR_b4c37,MATR_b2c4,MATR_b2c6,MATR_b2c5,MATR_b4c5,MATR_b1c7,MATR_b3c16,MATR_b1c41,MATR_b1c26",False,False,0.95
280,MATR_b3c36,921.0,955.2033554527509,131.9322863523726,696.6208258040754,1213.7858851014264,641.0,675.2033554527509,416.62082580407537,933.7858851014264,34.203355452750884,"MATR_b2c38,MATR_b4c35,MATR_b1c23,MATR_b4c37,MATR_b2c4,MATR_b2c6,MATR_b2c5,MATR_b4c5,MATR_b1c7,MATR_b3c16,MATR_b1c41,MATR_b1c26",False,False,0.95
280,MATR_b3c6,665.0,565.1678669992544,55.06307264698004,457.246227733061,673.0895062654479,385.0,285.16786699925444,177.246227733061,393.0895062654479,99.83213300074556,"MATR_b2c38,MATR_b4c35,MATR_b1c23,MATR_b4c37,MATR_b2c4,MATR_b2c6,MATR_b2c5,MATR_b4c5,MATR_b1c7,MATR_b3c16,MATR_b1c41,MATR_b1c26",False,False,0.95
280,MATR_b4c1,760.0,709.6785553823995,68.19269976301628,576.0233198383346,843.3337909264644,480.0,429.6785553823995,296.0233198383346,563.3337909264644,50.32144461760049,"MATR_b2c38,MATR_b4c35,MATR_b1c23,MATR_b4c37,MATR_b2c4,MATR_b2c6,MATR_b2c5,MATR_b4c5,MATR_b1c7,MATR_b3c16,MATR_b1c41,MATR_b1c26",False,False,0.95
280,MATR_b4c11,863.0,897.2660807337403,100.89337682318872,699.5186958816622,1095.0134655858183,583.0,617.2660807337403,419.5186958816622,815.0134655858183,34.266080733740296,"MATR_b2c38,MATR_b4c35,MATR_b1c23,MATR_b4c37,MATR_b2c4,MATR_b2c6,MATR_b2c5,MATR_b4c5,MATR_b1c7,MATR_b3c16,MATR_b1c41,MATR_b1c26",False,False,0.95
280,MATR_b4c15,675.0,734.2935204569471,58.779760548828314,619.0873067613553,849.499734152539,395.0,454.29352045694714,339.0873067613553,569.499734152539,59.293520456947135,"MATR_b2c38,MATR_b4c35,MATR_b1c23,MATR_b4c37,MATR_b2c4,MATR_b2c6,MATR_b2c5,MATR_b4c5,MATR_b1c7,MATR_b3c16,MATR_b1c41,MATR_b1c26",False,False,0.95
280,MATR_b4c21,773.0,860.5851804793384,91.1584638571868,681.9178744332561,1039.2524865254206,493.0,580.5851804793384,401.9178744332561,759.2524865254206,87.58518047933842,"MATR_b2c38,MATR_b4c35,MATR_b1c23,MATR_b4c37,MATR_b2c4,MATR_b2c6,MATR_b2c5,MATR_b4c5,MATR_b1c7,MATR_b3c16,MATR_b1c41,MATR_b1c26",False,False,0.95
280,MATR_b4c3,777.0,884.8330244341696,117.33258923610926,654.8653753185636,1114.8006735497756,497.0,604.8330244341696,374.86537531856357,834.8006735497756,107.8330244341696,"MATR_b2c38,MATR_b4c35,MATR_b1c23,MATR_b4c37,MATR_b2c4,MATR_b2c6,MATR_b2c5,MATR_b4c5,MATR_b1c7,MATR_b3c16,MATR_b1c41,MATR_b1c26",False,False,0.95
280,MATR_b4c32,754.0,755.2694123112707,68.64006614189746,620.7373547767045,889.8014698458369,474.0,475.2694123112707,340.7373547767045,609.8014698458369,1.2694123112706848,"MATR_b2c38,MATR_b4c35,MATR_b1c23,MATR_b4c37,MATR_b2c4,MATR_b2c6,MATR_b2c5,MATR_b4c5,MATR_b1c7,MATR_b3c16,MATR_b1c41,MATR_b1c26",False,False,0.95
280,MATR_b4c34,891.0,1045.1816268397831,209.27035801403053,635.0192621004803,1455.343991579086,611.0,765.1816268397831,355.0192621004803,1175.343991579086,154.18162683978312,"MATR_b2c38,MATR_b4c35,MATR_b1c23,MATR_b4c37,MATR_b2c4,MATR_b2c6,MATR_b2c5,MATR_b4c5,MATR_b1c7,MATR_b3c16,MATR_b1c41,MATR_b1c26",False,False,0.95
280,MATR_b4c42,774.0,892.2836668948275,105.7620659667139,684.993826669519,1099.5735071201361,494.0,612.2836668948275,404.99382666951897,819.5735071201361,118.28366689482755,"MATR_b2c38,MATR_b4c35,MATR_b1c23,MATR_b4c37,MATR_b2c4,MATR_b2c6,MATR_b2c5,MATR_b4c5,MATR_b1c7,MATR_b3c16,MATR_b1c41,MATR_b1c26",False,False,0.95
280,MATR_b4c6,706.0,719.3361494817789,80.85947226182878,560.854496039679,877.8178029238787,426.0,439.3361494817789,280.854496039679,597.8178029238787,13.336149481778875,"MATR_b2c38,MATR_b4c35,MATR_b1c23,MATR_b4c37,MATR_b2c4,MATR_b2c6,MATR_b2c5,MATR_b4c5,MATR_b1c7,MATR_b3c16,MATR_b1c41,MATR_b1c26",False,False,0.95
280,MATR_b4c7,529.0,570.581843756358,43.48578856394611,485.3512643316999,655.8124231810161,249.0,290.581843756358,205.3512643316999,375.81242318101613,41.58184375635801,"MATR_b2c38,MATR_b4c35,MATR_b1c23,MATR_b4c37,MATR_b2c4,MATR_b2c6,MATR_b2c5,MATR_b4c5,MATR_b1c7,MATR_b3c16,MATR_b1c41,MATR_b1c26",False,False,0.95
300,MATR_b1c14,877.0,857.8440445813789,74.6884678648388,711.4573375058177,1004.23075165694,577.0,557.8440445813789,411.4573375058177,704.23075165694,19.155955418621147,"MATR_b1c24,MATR_b3c19,MATR_b4c41,MATR_b2c6,MATR_b2c34,MATR_b4c33,MATR_b3c22,MATR_b3c38,MATR_b4c22,MATR_b1c43,MATR_b4c8,MATR_b3c40",False,False,0.95
300,MATR_b1c18,687.0,598.1565537794684,46.16900823651173,507.6669604339723,688.6461471249645,387.0,298.15655377946837,207.6669604339723,388.6461471249645,88.84344622053163,"MATR_b1c24,MATR_b3c19,MATR_b4c41,MATR_b2c6,MATR_b2c34,MATR_b4c33,MATR_b3c22,MATR_b3c38,MATR_b4c22,MATR_b1c43,MATR_b4c8,MATR_b3c40",False,False,0.95
300,MATR_b1c19,786.0,725.553195160792,59.75930693739292,608.4271058224274,842.6792844991567,486.0,425.55319516079203,308.4271058224274,542.6792844991567,60.44680483920797,"MATR_b1c24,MATR_b3c19,MATR_b4c41,MATR_b2c6,MATR_b2c34,MATR_b4c33,MATR_b3c22,MATR_b3c38,MATR_b4c22,MATR_b1c43,MATR_b4c8,MATR_b3c40",False,False,0.95
300,MATR_b1c2,2237.0,1471.4094585470843,437.0312261072472,614.8439952574989,2327.9749218366696,1937.0,1171.4094585470843,314.84399525749893,2027.9749218366696,765.5905414529157,"MATR_b1c24,MATR_b3c19,MATR_b4c41,MATR_b2c6,MATR_b2c34,MATR_b4c33,MATR_b3c22,MATR_b3c38,MATR_b4c22,MATR_b1c43,MATR_b4c8,MATR_b3c40",False,False,0.95
300,MATR_b1c30,707.0,773.2435576034917,64.0026278765656,647.8007120495039,898.6864031574795,407.0,473.2435576034917,347.8007120495039,598.6864031574795,66.2435576034917,"MATR_b1c24,MATR_b3c19,MATR_b4c41,MATR_b2c6,MATR_b2c34,MATR_b4c33,MATR_b3c22,MATR_b3c38,MATR_b4c22,MATR_b1c43,MATR_b4c8,MATR_b3c40",False,False,0.95
300,MATR_b1c34,742.0,725.5745902895474,59.22879713567171,609.4882810560017,841.660899523093,442.0,425.57459028954736,309.4882810560017,541.660899523093,16.42540971045264,"MATR_b1c24,MATR_b3c19,MATR_b4c41,MATR_b2c6,MATR_b2c34,MATR_b4c33,MATR_b3c22,MATR_b3c38,MATR_b4c22,MATR_b1c43,MATR_b4c8,MATR_b3c40",False,False,0.95
300,MATR_b1c35,701.0,608.7889659321954,45.37753196930332,519.850637565046,697.7272942993449,401.0,308.7889659321954,219.850637565046,397.72729429934486,92.21103406780458,"MATR_b1c24,MATR_b3c19,MATR_b4c41,MATR_b2c6,MATR_b2c34,MATR_b4c33,MATR_b3c22,MATR_b3c38,MATR_b4c22,MATR_b1c43,MATR_b4c8,MATR_b3c40",False,False,0.95
300,MATR_b1c42,700.0,685.9698498529591,54.805427778172614,578.5531852504298,793.3865144554884,400.0,385.9698498529591,278.5531852504298,493.3865144554884,14.0301501470409,"MATR_b1c24,MATR_b3c19,MATR_b4c41,MATR_b2c6,MATR_b2c34,MATR_b4c33,MATR_b3c22,MATR_b3c38,MATR_b4c22,MATR_b1c43,MATR_b4c8,MATR_b3c40",False,False,0.95
300,MATR_b1c5,1071.0,965.9418422779174,95.98466855592672,777.8153488402869,1154.068335715548,771.0,665.9418422779174,477.8153488402869,854.0683357155481,105.05815772208257,"MATR_b1c24,MATR_b3c19,MATR_b4c41,MATR_b2c6,MATR_b2c34,MATR_b4c33,MATR_b3c22,MATR_b3c38,MATR_b4c22,MATR_b1c43,MATR_b4c8,MATR_b3c40",False,False,0.95
300,MATR_b1c6,633.0,811.6732626310594,68.91577278075259,676.6008300140386,946.7456952480802,333.0,511.6732626310594,376.6008300140386,646.7456952480802,178.6732626310594,"MATR_b1c24,MATR_b3c19,MATR_b4c41,MATR_b2c6,MATR_b2c34,MATR_b4c33,MATR_b3c22,MATR_b3c38,MATR_b4c22,MATR_b1c43,MATR_b4c8,MATR_b3c40",False,False,0.95
300,MATR_b2c19,460.0,456.42078654323115,46.787347452989465,364.71927060320996,548.1223024832523,160.0,156.42078654323115,64.71927060320996,248.12230248325227,3.579213456768855,"MATR_b1c24,MATR_b3c19,MATR_b4c41,MATR_b2c6,MATR_b2c34,MATR_b4c33,MATR_b3c22,MATR_b3c38,MATR_b4c22,MATR_b1c43,MATR_b4c8,MATR_b3c40",False,False,0.95
300,MATR_b2c22,512.0,526.3524221499013,39.80173323231164,448.34245849229944,604.3623858075031,212.0,226.35242214990126,148.34245849229944,304.3623858075031,14.352422149901258,"MATR_b1c24,MATR_b3c19,MATR_b4c41,MATR_b2c6,MATR_b2c34,MATR_b4c33,MATR_b3c22,MATR_b3c38,MATR_b4c22,MATR_b1c43,MATR_b4c8,MATR_b3c40",False,False,0.95
300,MATR_b2c24,494.0,489.90682832091363,36.426071215074444,418.5130406410766,561.3006160007507,194.0,189.90682832091363,118.5130406410766,261.30061600075067,4.0931716790863675,"MATR_b1c24,MATR_b3c19,MATR_b4c41,MATR_b2c6,MATR_b2c34,MATR_b4c33,MATR_b3c22,MATR_b3c38,MATR_b4c22,MATR_b1c43,MATR_b4c8,MATR_b3c40",False,False,0.95
300,MATR_b2c3,334.0,376.6425081151038,46.134663115035266,286.22022997074623,467.06478625946136,34.0,76.6425081151038,-13.779770029253768,167.06478625946136,42.642508115103794,"MATR_b1c24,MATR_b3c19,MATR_b4c41,MATR_b2c6,MATR_b2c34,MATR_b4c33,MATR_b3c22,MATR_b3c38,MATR_b4c22,MATR_b1c43,MATR_b4c8,MATR_b3c40",False,False,0.95
300,MATR_b2c33,519.0,574.0521312880741,45.22868115378655,485.40554515840694,662.6987174177411,219.0,274.05213128807407,185.40554515840694,362.69871741774114,55.052131288074065,"MATR_b1c24,MATR_b3c19,MATR_b4c41,MATR_b2c6,MATR_b2c34,MATR_b4c33,MATR_b3c22,MATR_b3c38,MATR_b4c22,MATR_b1c43,MATR_b4c8,MATR_b3c40",False,False,0.95
300,MATR_b2c41,428.0,486.5401971887003,36.80159983233589,414.4103869438667,558.6700074335339,128.0,186.5401971887003,114.41038694386668,258.6700074335339,58.54019718870029,"MATR_b1c24,MATR_b3c19,MATR_b4c41,MATR_b2c6,MATR_b2c34,MATR_b4c33,MATR_b3c22,MATR_b3c38,MATR_b4c22,MATR_b1c43,MATR_b4c8,MATR_b3c40",False,False,0.95
300,MATR_b3c1,1061.0,1177.8712090062784,239.3253127465918,708.8022154341738,1646.940202578383,761.0,877.8712090062784,408.80221543417383,1346.940202578383,116.87120900627838,"MATR_b1c24,MATR_b3c19,MATR_b4c41,MATR_b2c6,MATR_b2c34,MATR_b4c33,MATR_b3c22,MATR_b3c38,MATR_b4c22,MATR_b1c43,MATR_b4c8,MATR_b3c40",False,False,0.95
300,MATR_b3c14,856.0,975.9245482381554,99.93760384542146,780.0504439998977,1171.798652476413,556.0,675.9245482381554,480.05044399989765,871.798652476413,119.92454823815535,"MATR_b1c24,MATR_b3c19,MATR_b4c41,MATR_b2c6,MATR_b2c34,MATR_b4c33,MATR_b3c22,MATR_b3c38,MATR_b4c22,MATR_b1c43,MATR_b4c8,MATR_b3c40",False,False,0.95
300,MATR_b3c17,1313.0,1346.7662138016062,431.69216876307394,500.6651106179945,2192.867316985218,1013.0,1046.7662138016062,200.66511061799451,1892.8673169852182,33.76621380160623,"MATR_b1c24,MATR_b3c19,MATR_b4c41,MATR_b2c6,MATR_b2c34,MATR_b4c33,MATR_b3c22,MATR_b3c38,MATR_b4c22,MATR_b1c43,MATR_b4c8,MATR_b3c40",False,False,0.95
300,MATR_b3c24,823.0,837.8014737578601,91.98181522001207,657.5204286940183,1018.0825188217019,523.0,537.8014737578601,357.5204286940183,718.0825188217019,14.801473757860094,"MATR_b1c24,MATR_b3c19,MATR_b4c41,MATR_b2c6,MATR_b2c34,MATR_b4c33,MATR_b3c22,MATR_b3c38,MATR_b4c22,MATR_b1c43,MATR_b4c8,MATR_b3c40",False,False,0.95
300,MATR_b3c31,729.0,696.1817648033464,53.23465599985204,591.8437563142572,800.5197732924355,429.0,396.18176480334637,291.84375631425723,500.5197732924355,32.81823519665363,"MATR_b1c24,MATR_b3c19,MATR_b4c41,MATR_b2c6,MATR_b2c34,MATR_b4c33,MATR_b3c22,MATR_b3c38,MATR_b4c22,MATR_b1c43,MATR_b4c8,MATR_b3c40",False,False,0.95
300,MATR_b3c33,1282.0,1199.2993655360033,291.33827984184785,628.28682972813,1770.3119013438766,982.0,899.2993655360033,328.28682972813,1470.3119013438766,82.70063446399672,"MATR_b1c24,MATR_b3c19,MATR_b4c41,MATR_b2c6,MATR_b2c34,MATR_b4c33,MATR_b3c22,MATR_b3c38,MATR_b4c22,MATR_b1c43,MATR_b4c8,MATR_b3c40",False,False,0.95
300,MATR_b3c36,921.0,968.9723052430437,135.19667252843163,703.991696257662,1233.9529142284255,621.0,668.9723052430437,403.99169625766206,933.9529142284255,47.97230524304371,"MATR_b1c24,MATR_b3c19,MATR_b4c41,MATR_b2c6,MATR_b2c34,MATR_b4c33,MATR_b3c22,MATR_b3c38,MATR_b4c22,MATR_b1c43,MATR_b4c8,MATR_b3c40",False,False,0.95
300,MATR_b3c6,665.0,554.194290169987,53.59319083919937,449.1535663085743,659.2350140313997,365.0,254.19429016998697,149.15356630857428,359.2350140313997,110.80570983001303,"MATR_b1c24,MATR_b3c19,MATR_b4c41,MATR_b2c6,MATR_b2c34,MATR_b4c33,MATR_b3c22,MATR_b3c38,MATR_b4c22,MATR_b1c43,MATR_b4c8,MATR_b3c40",False,False,0.95
300,MATR_b4c1,760.0,692.7702685919002,64.90675143740566,565.5553734210918,819.9851637627086,460.0,392.77026859190016,265.55537342109176,519.9851637627086,67.22973140809984,"MATR_b1c24,MATR_b3c19,MATR_b4c41,MATR_b2c6,MATR_b2c34,MATR_b4c33,MATR_b3c22,MATR_b3c38,MATR_b4c22,MATR_b1c43,MATR_b4c8,MATR_b3c40",False,False,0.95
300,MATR_b4c11,863.0,891.2776747627261,99.10857848033584,697.0284303823064,1085.5269191431457,563.0,591.2776747627261,397.0284303823064,785.5269191431457,28.277674762726065,"MATR_b1c24,MATR_b3c19,MATR_b4c41,MATR_b2c6,MATR_b2c34,MATR_b4c33,MATR_b3c22,MATR_b3c38,MATR_b4c22,MATR_b1c43,MATR_b4c8,MATR_b3c40",False,False,0.95
300,MATR_b4c15,675.0,717.4493837666301,57.22550265768341,605.2894595603696,829.6093079728907,375.0,417.44938376663015,305.28945956036955,529.6093079728907,42.44938376663015,"MATR_b1c24,MATR_b3c19,MATR_b4c41,MATR_b2c6,MATR_b2c34,MATR_b4c33,MATR_b3c22,MATR_b3c38,MATR_b4c22,MATR_b1c43,MATR_b4c8,MATR_b3c40",False,False,0.95
300,MATR_b4c21,773.0,854.0017946792616,89.4737086188648,678.6365482230556,1029.3670411354676,473.0,554.0017946792616,378.63654822305557,729.3670411354676,81.0017946792616,"MATR_b1c24,MATR_b3c19,MATR_b4c41,MATR_b2c6,MATR_b2c34,MATR_b4c33,MATR_b3c22,MATR_b3c38,MATR_b4c22,MATR_b1c43,MATR_b4c8,MATR_b3c40",False,False,0.95
300,MATR_b4c3,777.0,853.5746542835623,103.68269939706082,650.3602976454304,1056.7890109216942,477.0,553.5746542835623,350.36029764543036,756.7890109216942,76.57465428356227,"MATR_b1c24,MATR_b3c19,MATR_b4c41,MATR_b2c6,MATR_b2c34,MATR_b4c33,MATR_b3c22,MATR_b3c38,MATR_b4c22,MATR_b1c43,MATR_b4c8,MATR_b3c40",False,False,0.95
300,MATR_b4c32,754.0,749.6149532483741,67.32924458985329,617.6520587459735,881.5778477507748,454.0,449.61495324837415,317.6520587459735,581.5778477507748,4.3850467516258504,"MATR_b1c24,MATR_b3c19,MATR_b4c41,MATR_b2c6,MATR_b2c34,MATR_b4c33,MATR_b3c22,MATR_b3c38,MATR_b4c22,MATR_b1c43,MATR_b4c8,MATR_b3c40",False,False,0.95
300,MATR_b4c34,891.0,1037.302536045923,193.33205743581635,658.378666414694,1416.2264056771521,591.0,737.302536045923,358.37866641469395,1116.2264056771521,146.30253604592303,"MATR_b1c24,MATR_b3c19,MATR_b4c41,MATR_b2c6,MATR_b2c34,MATR_b4c33,MATR_b3c22,MATR_b3c38,MATR_b4c22,MATR_b1c43,MATR_b4c8,MATR_b3c40",False,False,0.95
300,MATR_b4c42,774.0,901.5491243935467,107.06895900143853,691.6978208885316,1111.4004278985617,474.0,601.5491243935467,391.6978208885316,811.4004278985617,127.54912439354666,"MATR_b1c24,MATR_b3c19,MATR_b4c41,MATR_b2c6,MATR_b2c34,MATR_b4c33,MATR_b3c22,MATR_b3c38,MATR_b4c22,MATR_b1c43,MATR_b4c8,MATR_b3c40",False,False,0.95
300,MATR_b4c6,706.0,725.5898080012481,81.03724825636436,566.7597200125427,884.4198959899535,406.0,425.5898080012481,266.75972001254274,584.4198959899535,19.589808001248116,"MATR_b1c24,MATR_b3c19,MATR_b4c41,MATR_b2c6,MATR_b2c34,MATR_b4c33,MATR_b3c22,MATR_b3c38,MATR_b4c22,MATR_b1c43,MATR_b4c8,MATR_b3c40",False,False,0.95
300,MATR_b4c7,529.0,561.4149708707098,42.625537367183874,477.87045280936314,644.9594889320565,229.0,261.4149708707098,177.87045280936314,344.9594889320565,32.414970870709794,"MATR_b1c24,MATR_b3c19,MATR_b4c41,MATR_b2c6,MATR_b2c34,MATR_b4c33,MATR_b3c22,MATR_b3c38,MATR_b4c22,MATR_b1c43,MATR_b4c8,MATR_b3c40",False,False,0.95
320,MATR_b1c14,877.0,850.794054429583,76.64065868399459,700.5811236575266,1001.0069852016393,557.0,530.794054429583,380.58112365752663,681.0069852016393,26.205945570417043,"MATR_b2c36,MATR_b4c16,MATR_b4c28,MATR_b3c21,MATR_b2c46,MATR_b2c11,MATR_b2c44,MATR_b4c17,MATR_b4c30,MATR_b1c9,MATR_b1c0,MATR_b2c28",False,False,0.95
320,MATR_b1c18,687.0,592.6801535878785,46.4796669174831,501.5816804161938,683.7786267595632,367.0,272.6801535878785,181.58168041619382,363.77862675956317,94.31984641212148,"MATR_b2c36,MATR_b4c16,MATR_b4c28,MATR_b3c21,MATR_b2c46,MATR_b2c11,MATR_b2c44,MATR_b4c17,MATR_b4c30,MATR_b1c9,MATR_b1c0,MATR_b2c28",False,False,0.95
320,MATR_b1c19,786.0,717.7170639976443,60.659981871651844,598.8256842263542,836.6084437689345,466.0,397.71706399764435,278.82568422635416,516.6084437689345,68.28293600235565,"MATR_b2c36,MATR_b4c16,MATR_b4c28,MATR_b3c21,MATR_b2c46,MATR_b2c11,MATR_b2c44,MATR_b4c17,MATR_b4c30,MATR_b1c9,MATR_b1c0,MATR_b2c28",False,False,0.95
320,MATR_b1c2,2237.0,1480.2603751343936,457.8797499019173,582.8325560764285,2377.6881941923584,1917.0,1160.2603751343936,262.83255607642855,2057.6881941923584,756.7396248656064,"MATR_b2c36,MATR_b4c16,MATR_b4c28,MATR_b3c21,MATR_b2c46,MATR_b2c11,MATR_b2c44,MATR_b4c17,MATR_b4c30,MATR_b1c9,MATR_b1c0,MATR_b2c28",False,False,0.95
320,MATR_b1c30,707.0,756.6813667197309,64.22062059690677,630.8112632849825,882.5514701544794,387.0,436.68136671973093,310.8112632849825,562.5514701544794,49.68136671973093,"MATR_b2c36,MATR_b4c16,MATR_b4c28,MATR_b3c21,MATR_b2c46,MATR_b2c11,MATR_b2c44,MATR_b4c17,MATR_b4c30,MATR_b1c9,MATR_b1c0,MATR_b2c28",False,False,0.95
320,MATR_b1c34,742.0,726.0780027313858,60.97538770708483,606.5684388821333,845.5875665806384,422.0,406.0780027313858,286.56843888213325,525.5875665806384,15.921997268614177,"MATR_b2c36,MATR_b4c16,MATR_b4c28,MATR_b3c21,MATR_b2c46,MATR_b2c11,MATR_b2c44,MATR_b4c17,MATR_b4c30,MATR_b1c9,MATR_b1c0,MATR_b2c28",False,False,0.95
320,MATR_b1c35,701.0,598.5160954484043,45.5606620389403,509.21883874028003,687.8133521565285,381.0,278.51609544840426,189.21883874028003,367.8133521565285,102.48390455159574,"MATR_b2c36,MATR_b4c16,MATR_b4c28,MATR_b3c21,MATR_b2c46,MATR_b2c11,MATR_b2c44,MATR_b4c17,MATR_b4c30,MATR_b1c9,MATR_b1c0,MATR_b2c28",False,False,0.95
320,MATR_b1c42,700.0,682.6321250805199,55.987883262495714,572.8978903153954,792.3663598456444,380.0,362.6321250805199,252.89789031539544,472.3663598456444,17.367874919480073,"MATR_b2c36,MATR_b4c16,MATR_b4c28,MATR_b3c21,MATR_b2c46,MATR_b2c11,MATR_b2c44,MATR_b4c17,MATR_b4c30,MATR_b1c9,MATR_b1c0,MATR_b2c28",False,False,0.95
320,MATR_b1c5,1071.0,982.0622190480685,103.27642954367235,779.6441366905824,1184.4803014055547,751.0,662.0622190480685,459.6441366905824,864.4803014055547,88.93778095193147,"MATR_b2c36,MATR_b4c16,MATR_b4c28,MATR_b3c21,MATR_b2c46,MATR_b2c11,MATR_b2c44,MATR_b4c17,MATR_b4c30,MATR_b1c9,MATR_b1c0,MATR_b2c28",False,False,0.95
320,MATR_b1c6,633.0,810.8438561762697,71.59425470847891,670.5216954476639,951.1660169048755,313.0,490.8438561762697,350.5216954476639,631.1660169048755,177.8438561762697,"MATR_b2c36,MATR_b4c16,MATR_b4c28,MATR_b3c21,MATR_b2c46,MATR_b2c11,MATR_b2c44,MATR_b4c17,MATR_b4c30,MATR_b1c9,MATR_b1c0,MATR_b2c28",False,False,0.95
320,MATR_b2c19,460.0,452.7271145775833,47.589508346344864,359.45339217677906,546.0008369783875,140.0,132.72711457758328,39.45339217677906,226.0008369783875,7.272885422416721,"MATR_b2c36,MATR_b4c16,MATR_b4c28,MATR_b3c21,MATR_b2c46,MATR_b2c11,MATR_b2c44,MATR_b4c17,MATR_b4c30,MATR_b1c9,MATR_b1c0,MATR_b2c28",False,False,0.95
320,MATR_b2c22,512.0,521.9436941647357,40.13918581284582,443.27233560279683,600.6150527266745,192.0,201.9436941647357,123.27233560279683,280.61505272667455,9.943694164735689,"MATR_b2c36,MATR_b4c16,MATR_b4c28,MATR_b3c21,MATR_b2c46,MATR_b2c11,MATR_b2c44,MATR_b4c17,MATR_b4c30,MATR_b1c9,MATR_b1c0,MATR_b2c28",False,False,0.95
320,MATR_b2c24,494.0,485.23498847637137,36.78044229654415,413.14664623969117,557.3233307130515,174.0,165.23498847637137,93.14664623969117,237.32333071305152,8.76501152362863,"MATR_b2c36,MATR_b4c16,MATR_b4c28,MATR_b3c21,MATR_b2c46,MATR_b2c11,MATR_b2c44,MATR_b4c17,MATR_b4c30,MATR_b1c9,MATR_b1c0,MATR_b2c28",False,False,0.95
320,MATR_b2c3,334.0,372.33775645659983,47.90869684995142,278.4384360844475,466.23707682875215,14.0,52.337756456599834,-41.56156391555248,146.23707682875215,38.337756456599834,"MATR_b2c36,MATR_b4c16,MATR_b4c28,MATR_b3c21,MATR_b2c46,MATR_b2c11,MATR_b2c44,MATR_b4c17,MATR_b4c30,MATR_b1c9,MATR_b1c0,MATR_b2c28",False,False,0.95
320,MATR_b2c33,519.0,566.3512963794878,45.55873777117539,477.0578111668795,655.6447815920963,199.0,246.35129637948785,157.0578111668795,335.64478159209625,47.35129637948785,"MATR_b2c36,MATR_b4c16,MATR_b4c28,MATR_b3c21,MATR_b2c46,MATR_b2c11,MATR_b2c44,MATR_b4c17,MATR_b4c30,MATR_b1c9,MATR_b1c0,MATR_b2c28",False,False,0.95
320,MATR_b2c41,428.0,479.38376538919425,36.958926365159485,406.94560080621386,551.8219299721746,108.0,159.38376538919425,86.94560080621386,231.82192997217464,51.38376538919425,"MATR_b2c36,MATR_b4c16,MATR_b4c28,MATR_b3c21,MATR_b2c46,MATR_b2c11,MATR_b2c44,MATR_b4c17,MATR_b4c30,MATR_b1c9,MATR_b1c0,MATR_b2c28",False,False,0.95
320,MATR_b3c1,1061.0,1172.4640636349807,241.66552345664192,698.808341354943,1646.1197859150184,741.0,852.4640636349807,378.80834135494297,1326.1197859150184,111.46406363498068,"MATR_b2c36,MATR_b4c16,MATR_b4c28,MATR_b3c21,MATR_b2c46,MATR_b2c11,MATR_b2c44,MATR_b4c17,MATR_b4c30,MATR_b1c9,MATR_b1c0,MATR_b2c28",False,False,0.95
320,MATR_b3c14,856.0,960.729626642649,100.80392895339276,763.1575563938649,1158.301696891433,536.0,640.729626642649,443.15755639386487,838.301696891433,104.72962664264901,"MATR_b2c36,MATR_b4c16,MATR_b4c28,MATR_b3c21,MATR_b2c46,MATR_b2c11,MATR_b2c44,MATR_b4c17,MATR_b4c30,MATR_b1c9,MATR_b1c0,MATR_b2c28",False,False,0.95
320,MATR_b3c17,1313.0,1341.6522722618722,431.6072563312373,495.7175943865001,2187.5869501372445,993.0,1021.6522722618722,175.71759438650008,1867.5869501372445,28.652272261872213,"MATR_b2c36,MATR_b4c16,MATR_b4c28,MATR_b3c21,MATR_b2c46,MATR_b2c11,MATR_b2c44,MATR_b4c17,MATR_b4c30,MATR_b1c9,MATR_b1c0,MATR_b2c28",False,False,0.95
320,MATR_b3c24,823.0,850.2720838601192,97.40049678827681,659.3706180787875,1041.173549641451,503.0,530.2720838601192,339.3706180787875,721.173549641451,27.27208386011921,"MATR_b2c36,MATR_b4c16,MATR_b4c28,MATR_b3c21,MATR_b2c46,MATR_b2c11,MATR_b2c44,MATR_b4c17,MATR_b4c30,MATR_b1c9,MATR_b1c0,MATR_b2c28",False,False,0.95
320,MATR_b3c31,729.0,698.6765285600405,54.968943490078715,590.9393790512688,806.4136780688123,409.0,378.67652856004054,270.9393790512688,486.41367806881226,30.323471439959462,"MATR_b2c36,MATR_b4c16,MATR_b4c28,MATR_b3c21,MATR_b2c46,MATR_b2c11,MATR_b2c44,MATR_b4c17,MATR_b4c30,MATR_b1c9,MATR_b1c0,MATR_b2c28",False,False,0.95
320,MATR_b3c33,1282.0,1204.4373957088826,300.5734854048007,615.3241896077978,1793.5506018099672,962.0,884.4373957088826,295.32418960779785,1473.5506018099672,77.5626042911174,"MATR_b2c36,MATR_b4c16,MATR_b4c28,MATR_b3c21,MATR_b2c46,MATR_b2c11,MATR_b2c44,MATR_b4c17,MATR_b4c30,MATR_b1c9,MATR_b1c0,MATR_b2c28",False,False,0.95
320,MATR_b3c36,921.0,986.8067576346731,145.2944675792938,702.0348340263347,1271.5786812430115,601.0,666.8067576346731,382.0348340263347,951.5786812430115,65.80675763467309,"MATR_b2c36,MATR_b4c16,MATR_b4c28,MATR_b3c21,MATR_b2c46,MATR_b2c11,MATR_b2c44,MATR_b4c17,MATR_b4c30,MATR_b1c9,MATR_b1c0,MATR_b2c28",False,False,0.95
320,MATR_b3c6,665.0,538.1636435583016,53.479150921464026,433.3464338284501,642.9808532881531,345.0,218.1636435583016,113.34643382845007,322.98085328815307,126.8363564416984,"MATR_b2c36,MATR_b4c16,MATR_b4c28,MATR_b3c21,MATR_b2c46,MATR_b2c11,MATR_b2c44,MATR_b4c17,MATR_b4c30,MATR_b1c9,MATR_b1c0,MATR_b2c28",False,False,0.95
320,MATR_b4c1,760.0,674.4419898111731,63.9637567267521,549.0753303108575,799.8086493114888,440.0,354.44198981117313,229.07533031085745,479.8086493114888,85.55801018882687,"MATR_b2c36,MATR_b4c16,MATR_b4c28,MATR_b3c21,MATR_b2c46,MATR_b2c11,MATR_b2c44,MATR_b4c17,MATR_b4c30,MATR_b1c9,MATR_b1c0,MATR_b2c28",False,False,0.95
320,MATR_b4c11,863.0,906.8375203311366,105.94716264741625,699.1848972779935,1114.4901433842797,543.0,586.8375203311366,379.1848972779935,794.4901433842797,43.8375203311366,"MATR_b2c36,MATR_b4c16,MATR_b4c28,MATR_b3c21,MATR_b2c46,MATR_b2c11,MATR_b2c44,MATR_b4c17,MATR_b4c30,MATR_b1c9,MATR_b1c0,MATR_b2c28",False,False,0.95
320,MATR_b4c15,675.0,715.0842281478036,58.58058236832062,600.2683965125132,829.9000597830941,355.0,395.0842281478036,280.26839651251316,509.9000597830941,40.08422814780363,"MATR_b2c36,MATR_b4c16,MATR_b4c28,MATR_b3c21,MATR_b2c46,MATR_b2c11,MATR_b2c44,MATR_b4c17,MATR_b4c30,MATR_b1c9,MATR_b1c0,MATR_b2c28",False,False,0.95
320,MATR_b4c21,773.0,862.5289355720822,93.97866881152073,678.3341293864839,1046.7237417576805,453.0,542.5289355720822,358.33412938648394,726.7237417576805,89.52893557208222,"MATR_b2c36,MATR_b4c16,MATR_b4c28,MATR_b3c21,MATR_b2c46,MATR_b2c11,MATR_b2c44,MATR_b4c17,MATR_b4c30,MATR_b1c9,MATR_b1c0,MATR_b2c28",False,False,0.95
320,MATR_b4c3,777.0,847.723807581278,104.98820921730405,641.950698714006,1053.49691644855,457.0,527.723807581278,321.95069871400597,733.4969164485501,70.72380758127804,"MATR_b2c36,MATR_b4c16,MATR_b4c28,MATR_b3c21,MATR_b2c46,MATR_b2c11,MATR_b2c44,MATR_b4c17,MATR_b4c30,MATR_b1c9,MATR_b1c0,MATR_b2c28",False,False,0.95
320,MATR_b4c32,754.0,759.7378728729891,70.27937760921381,621.9928239030394,897.4829218429388,434.0,439.7378728729891,301.9928239030394,577.4829218429388,5.737872872989101,"MATR_b2c36,MATR_b4c16,MATR_b4c28,MATR_b3c21,MATR_b2c46,MATR_b2c11,MATR_b2c44,MATR_b4c17,MATR_b4c30,MATR_b1c9,MATR_b1c0,MATR_b2c28",False,False,0.95
320,MATR_b4c34,891.0,1038.6636379148465,197.0514364896488,652.4499192932531,1424.87735653644,571.0,718.6636379148465,332.44991929325306,1104.87735653644,147.6636379148465,"MATR_b2c36,MATR_b4c16,MATR_b4c28,MATR_b3c21,MATR_b2c46,MATR_b2c11,MATR_b2c44,MATR_b4c17,MATR_b4c30,MATR_b1c9,MATR_b1c0,MATR_b2c28",False,False,0.95
320,MATR_b4c42,774.0,916.2014683467035,113.8795307228654,693.0016895535648,1139.401247139842,454.0,596.2014683467035,373.0016895535648,819.4012471398421,142.20146834670345,"MATR_b2c36,MATR_b4c16,MATR_b4c28,MATR_b3c21,MATR_b2c46,MATR_b2c11,MATR_b2c44,MATR_b4c17,MATR_b4c30,MATR_b1c9,MATR_b1c0,MATR_b2c28",False,False,0.95
320,MATR_b4c6,706.0,730.990378398948,84.1042487849681,566.149079833614,895.831676964282,386.0,410.990378398948,246.149079833614,575.831676964282,24.990378398947996,"MATR_b2c36,MATR_b4c16,MATR_b4c28,MATR_b3c21,MATR_b2c46,MATR_b2c11,MATR_b2c44,MATR_b4c17,MATR_b4c30,MATR_b1c9,MATR_b1c0,MATR_b2c28",False,False,0.95
320,MATR_b4c7,529.0,547.6944241776431,42.25191890325386,464.8821848495585,630.5066635057277,209.0,227.6944241776431,144.88218484955848,310.5066635057277,18.6944241776431,"MATR_b2c36,MATR_b4c16,MATR_b4c28,MATR_b3c21,MATR_b2c46,MATR_b2c11,MATR_b2c44,MATR_b4c17,MATR_b4c30,MATR_b1c9,MATR_b1c0,MATR_b2c28",False,False,0.95
340,MATR_b1c14,877.0,874.6155389873675,82.76045121149535,712.4080352685523,1036.8230427061826,537.0,534.6155389873675,372.40803526855234,696.8230427061826,2.384461012632528,"MATR_b3c21,MATR_b2c25,MATR_b1c20,MATR_b2c36,MATR_b1c24,MATR_b2c45,MATR_b1c15,MATR_b3c8,MATR_b2c17,MATR_b2c46,MATR_b4c39,MATR_b1c17",False,False,0.95
340,MATR_b1c18,687.0,604.9710775422707,47.50315624229294,511.86660215539746,698.0755529291439,347.0,264.9710775422707,171.86660215539746,358.0755529291439,82.02892245772932,"MATR_b3c21,MATR_b2c25,MATR_b1c20,MATR_b2c36,MATR_b1c24,MATR_b2c45,MATR_b1c15,MATR_b3c8,MATR_b2c17,MATR_b2c46,MATR_b4c39,MATR_b1c17",False,False,0.95
340,MATR_b1c19,786.0,736.2166284859102,63.878957210383355,611.0161729835836,861.4170839882368,446.0,396.2166284859102,271.0161729835836,521.4170839882368,49.78337151408982,"MATR_b3c21,MATR_b2c25,MATR_b1c20,MATR_b2c36,MATR_b1c24,MATR_b2c45,MATR_b1c15,MATR_b3c8,MATR_b2c17,MATR_b2c46,MATR_b4c39,MATR_b1c17",False,False,0.95
340,MATR_b1c2,2237.0,1490.9567068515562,475.6571235245395,558.6858757535393,2423.227537949573,1897.0,1150.9567068515562,218.68587575353934,2083.227537949573,746.0432931484438,"MATR_b3c21,MATR_b2c25,MATR_b1c20,MATR_b2c36,MATR_b1c24,MATR_b2c45,MATR_b1c15,MATR_b3c8,MATR_b2c17,MATR_b2c46,MATR_b4c39,MATR_b1c17",False,False,0.95
340,MATR_b1c30,707.0,775.9273342080785,68.10602302699424,642.4419819449142,909.4126864712428,367.0,435.9273342080785,302.44198194491423,569.4126864712428,68.92733420807849,"MATR_b3c21,MATR_b2c25,MATR_b1c20,MATR_b2c36,MATR_b1c24,MATR_b2c45,MATR_b1c15,MATR_b3c8,MATR_b2c17,MATR_b2c46,MATR_b4c39,MATR_b1c17",False,False,0.95
340,MATR_b1c34,742.0,744.6374865183974,64.15129990925824,618.9032491348237,870.3717239019711,402.0,404.6374865183974,278.9032491348237,530.3717239019711,2.6374865183973952,"MATR_b3c21,MATR_b2c25,MATR_b1c20,MATR_b2c36,MATR_b1c24,MATR_b2c45,MATR_b1c15,MATR_b3c8,MATR_b2c17,MATR_b2c46,MATR_b4c39,MATR_b1c17",False,False,0.95
340,MATR_b1c35,701.0,613.8902515299061,47.040485112704495,521.6925948937127,706.0879081660995,361.0,273.8902515299061,181.69259489371268,366.0879081660995,87.1097484700939,"MATR_b3c21,MATR_b2c25,MATR_b1c20,MATR_b2c36,MATR_b1c24,MATR_b2c45,MATR_b1c15,MATR_b3c8,MATR_b2c17,MATR_b2c46,MATR_b4c39,MATR_b1c17",False,False,0.95
340,MATR_b1c42,700.0,700.1708565666146,58.65455140939637,585.2100482748447,815.1316648583845,360.0,360.1708565666146,245.21004827484467,475.1316648583845,0.1708565666145887,"MATR_b3c21,MATR_b2c25,MATR_b1c20,MATR_b2c36,MATR_b1c24,MATR_b2c45,MATR_b1c15,MATR_b3c8,MATR_b2c17,MATR_b2c46,MATR_b4c39,MATR_b1c17",False,False,0.95
340,MATR_b1c5,1071.0,1009.2538068887034,112.4969655054247,788.7638061280262,1229.7438076493804,731.0,669.2538068887034,448.7638061280262,889.7438076493804,61.746193111296634,"MATR_b3c21,MATR_b2c25,MATR_b1c20,MATR_b2c36,MATR_b1c24,MATR_b2c45,MATR_b1c15,MATR_b3c8,MATR_b2c17,MATR_b2c46,MATR_b4c39,MATR_b1c17",False,False,0.95
340,MATR_b1c6,633.0,834.0200194255673,77.10902263508804,682.889112177711,985.1509266734236,293.0,494.0200194255673,342.889112177711,645.1509266734236,201.02001942556728,"MATR_b3c21,MATR_b2c25,MATR_b1c20,MATR_b2c36,MATR_b1c24,MATR_b2c45,MATR_b1c15,MATR_b3c8,MATR_b2c17,MATR_b2c46,MATR_b4c39,MATR_b1c17",False,False,0.95
340,MATR_b2c19,460.0,455.071051498073,48.06496244785818,360.86545618200086,549.2766468141451,120.0,115.07105149807302,20.865456182000855,209.27664681414512,4.928948501926982,"MATR_b3c21,MATR_b2c25,MATR_b1c20,MATR_b2c36,MATR_b1c24,MATR_b2c45,MATR_b1c15,MATR_b3c8,MATR_b2c17,MATR_b2c46,MATR_b4c39,MATR_b1c17",False,False,0.95
340,MATR_b2c22,512.0,528.2238266566088,40.680295554113115,448.49191249010227,607.9557408231154,172.0,188.22382665660882,108.49191249010227,267.95574082311543,16.22382665660882,"MATR_b3c21,MATR_b2c25,MATR_b1c20,MATR_b2c36,MATR_b1c24,MATR_b2c45,MATR_b1c15,MATR_b3c8,MATR_b2c17,MATR_b2c46,MATR_b4c39,MATR_b1c17",False,False,0.95
340,MATR_b2c24,494.0,488.97544508420583,36.79885457502335,416.8510154448331,561.0998747235785,154.0,148.97544508420583,76.85101544483308,221.09987472357852,5.02455491579417,"MATR_b3c21,MATR_b2c25,MATR_b1c20,MATR_b2c36,MATR_b1c24,MATR_b2c45,MATR_b1c15,MATR_b3c8,MATR_b2c17,MATR_b2c46,MATR_b4c39,MATR_b1c17",False,False,0.95
340,MATR_b2c33,519.0,573.9699288274662,46.66358269058399,482.51098736431493,665.4288702906175,179.0,233.96992882746622,142.51098736431493,325.4288702906175,54.96992882746622,"MATR_b3c21,MATR_b2c25,MATR_b1c20,MATR_b2c36,MATR_b1c24,MATR_b2c45,MATR_b1c15,MATR_b3c8,MATR_b2c17,MATR_b2c46,MATR_b4c39,MATR_b1c17",False,False,0.95
340,MATR_b2c41,428.0,480.3901809543002,36.75402007706308,408.35362531619455,552.4267365924059,88.0,140.3901809543002,68.35362531619455,212.42673659240586,52.390180954300206,"MATR_b3c21,MATR_b2c25,MATR_b1c20,MATR_b2c36,MATR_b1c24,MATR_b2c45,MATR_b1c15,MATR_b3c8,MATR_b2c17,MATR_b2c46,MATR_b4c39,MATR_b1c17",False,False,0.95
340,MATR_b3c1,1061.0,1194.5065932253747,249.10215498966198,706.2753409743227,1682.7378454764266,721.0,854.5065932253747,366.2753409743227,1342.7378454764266,133.50659322537467,"MATR_b3c21,MATR_b2c25,MATR_b1c20,MATR_b2c36,MATR_b1c24,MATR_b2c45,MATR_b1c15,MATR_b3c8,MATR_b2c17,MATR_b2c46,MATR_b4c39,MATR_b1c17",False,False,0.95
340,MATR_b3c14,856.0,970.4412790222702,106.55634159656321,761.5946871686591,1179.2878708758813,516.0,630.4412790222702,421.5946871686591,839.2878708758813,114.44127902227024,"MATR_b3c21,MATR_b2c25,MATR_b1c20,MATR_b2c36,MATR_b1c24,MATR_b2c45,MATR_b1c15,MATR_b3c8,MATR_b2c17,MATR_b2c46,MATR_b4c39,MATR_b1c17",False,False,0.95
340,MATR_b3c17,1313.0,1362.3138456802426,443.421262987845,493.2241402448029,2231.403551115682,973.0,1022.3138456802426,153.22414024480292,1891.4035511156821,49.31384568024259,"MATR_b3c21,MATR_b2c25,MATR_b1c20,MATR_b2c36,MATR_b1c24,MATR_b2c45,MATR_b1c15,MATR_b3c8,MATR_b2c17,MATR_b2c46,MATR_b4c39,MATR_b1c17",False,False,0.95
340,MATR_b3c24,823.0,890.3352822679012,105.85583285315582,682.861662322224,1097.8089022135784,483.0,550.3352822679012,342.861662322224,757.8089022135784,67.33528226790122,"MATR_b3c21,MATR_b2c25,MATR_b1c20,MATR_b2c36,MATR_b1c24,MATR_b2c45,MATR_b1c15,MATR_b3c8,MATR_b2c17,MATR_b2c46,MATR_b4c39,MATR_b1c17",False,False,0.95
340,MATR_b3c31,729.0,726.1026394750313,58.58431798838258,611.2794861589595,840.9257927911032,389.0,386.1026394750313,271.27948615895946,500.92579279110316,2.89736052496869,"MATR_b3c21,MATR_b2c25,MATR_b1c20,MATR_b2c36,MATR_b1c24,MATR_b2c45,MATR_b1c15,MATR_b3c8,MATR_b2c17,MATR_b2c46,MATR_b4c39,MATR_b1c17",False,False,0.95
340,MATR_b3c33,1282.0,1236.9283322874905,319.36404952060093,610.9862972702466,1862.8703673047344,942.0,896.9283322874905,270.9862972702466,1522.8703673047344,45.07166771250945,"MATR_b3c21,MATR_b2c25,MATR_b1c20,MATR_b2c36,MATR_b1c24,MATR_b2c45,MATR_b1c15,MATR_b3c8,MATR_b2c17,MATR_b2c46,MATR_b4c39,MATR_b1c17",False,False,0.95
340,MATR_b3c36,921.0,1032.5639819791154,161.19044367630218,716.6365177215312,1348.4914462366996,581.0,692.5639819791154,376.63651772153116,1008.4914462366996,111.5639819791154,"MATR_b3c21,MATR_b2c25,MATR_b1c20,MATR_b2c36,MATR_b1c24,MATR_b2c45,MATR_b1c15,MATR_b3c8,MATR_b2c17,MATR_b2c46,MATR_b4c39,MATR_b1c17",False,False,0.95
340,MATR_b3c6,665.0,541.8267530706466,54.02424093297366,435.9411865499037,647.7123195913896,325.0,201.82675307064665,95.9411865499037,307.7123195913896,123.17324692935335,"MATR_b3c21,MATR_b2c25,MATR_b1c20,MATR_b2c36,MATR_b1c24,MATR_b2c45,MATR_b1c15,MATR_b3c8,MATR_b2c17,MATR_b2c46,MATR_b4c39,MATR_b1c17",False,False,0.95
340,MATR_b4c1,760.0,693.263342211212,66.35191887215674,563.2159709166613,823.3107135057628,420.0,353.26334221121203,223.21597091666126,483.3107135057628,66.73665778878797,"MATR_b3c21,MATR_b2c25,MATR_b1c20,MATR_b2c36,MATR_b1c24,MATR_b2c45,MATR_b1c15,MATR_b3c8,MATR_b2c17,MATR_b2c46,MATR_b4c39,MATR_b1c17",False,False,0.95
340,MATR_b4c11,863.0,946.8306923295959,116.045324673549,719.3860353951826,1174.2753492640093,523.0,606.8306923295959,379.3860353951826,834.2753492640093,83.83069232959588,"MATR_b3c21,MATR_b2c25,MATR_b1c20,MATR_b2c36,MATR_b1c24,MATR_b2c45,MATR_b1c15,MATR_b3c8,MATR_b2c17,MATR_b2c46,MATR_b4c39,MATR_b1c17",False,False,0.95
340,MATR_b4c15,675.0,733.0923751102863,61.248299688110215,613.0479136072745,853.1368366132981,335.0,393.0923751102863,273.0479136072745,513.1368366132981,58.0923751102863,"MATR_b3c21,MATR_b2c25,MATR_b1c20,MATR_b2c36,MATR_b1c24,MATR_b2c45,MATR_b1c15,MATR_b3c8,MATR_b2c17,MATR_b2c46,MATR_b4c39,MATR_b1c17",False,False,0.95
340,MATR_b4c21,773.0,898.4709922817356,101.77763667130637,698.990489974372,1097.9514945890992,433.0,558.4709922817356,358.99048997437205,757.9514945890992,125.47099228173556,"MATR_b3c21,MATR_b2c25,MATR_b1c20,MATR_b2c36,MATR_b1c24,MATR_b2c45,MATR_b1c15,MATR_b3c8,MATR_b2c17,MATR_b2c46,MATR_b4c39,MATR_b1c17",False,False,0.95
340,MATR_b4c3,777.0,890.3176956837807,114.7808502162534,665.3513631450376,1115.2840282225238,437.0,550.3176956837807,325.35136314503757,775.2840282225238,113.3176956837807,"MATR_b3c21,MATR_b2c25,MATR_b1c20,MATR_b2c36,MATR_b1c24,MATR_b2c45,MATR_b1c15,MATR_b3c8,MATR_b2c17,MATR_b2c46,MATR_b4c39,MATR_b1c17",False,False,0.95
340,MATR_b4c32,754.0,786.7399817953756,74.07375605776632,641.558087722548,931.9218758682032,414.0,446.73998179537557,301.55808772254795,591.9218758682032,32.73998179537557,"MATR_b3c21,MATR_b2c25,MATR_b1c20,MATR_b2c36,MATR_b1c24,MATR_b2c45,MATR_b1c15,MATR_b3c8,MATR_b2c17,MATR_b2c46,MATR_b4c39,MATR_b1c17",False,False,0.95
340,MATR_b4c34,891.0,1087.7534117394507,220.47687945350927,655.6266685867936,1519.8801548921078,551.0,747.7534117394507,315.6266685867936,1179.8801548921078,196.7534117394507,"MATR_b3c21,MATR_b2c25,MATR_b1c20,MATR_b2c36,MATR_b1c24,MATR_b2c45,MATR_b1c15,MATR_b3c8,MATR_b2c17,MATR_b2c46,MATR_b4c39,MATR_b1c17",False,False,0.95
340,MATR_b4c42,774.0,955.6519874258345,123.11363536000653,714.3536961144248,1196.9502787372442,434.0,615.6519874258345,374.3536961144248,856.9502787372442,181.65198742583448,"MATR_b3c21,MATR_b2c25,MATR_b1c20,MATR_b2c36,MATR_b1c24,MATR_b2c45,MATR_b1c15,MATR_b3c8,MATR_b2c17,MATR_b2c46,MATR_b4c39,MATR_b1c17",False,False,0.95
340,MATR_b4c6,706.0,760.4441453041195,88.59849141779891,586.7942930406526,934.0939975675864,366.0,420.4441453041195,246.79429304065263,594.0939975675864,54.4441453041195,"MATR_b3c21,MATR_b2c25,MATR_b1c20,MATR_b2c36,MATR_b1c24,MATR_b2c45,MATR_b1c15,MATR_b3c8,MATR_b2c17,MATR_b2c46,MATR_b4c39,MATR_b1c17",False,False,0.95
340,MATR_b4c7,529.0,555.256523614709,42.420760461394394,472.1133609135752,638.3996863158427,189.0,215.25652361470895,132.1133609135752,298.3996863158427,26.256523614708954,"MATR_b3c21,MATR_b2c25,MATR_b1c20,MATR_b2c36,MATR_b1c24,MATR_b2c45,MATR_b1c15,MATR_b3c8,MATR_b2c17,MATR_b2c46,MATR_b4c39,MATR_b1c17",False,False,0.95
360,MATR_b1c14,877.0,857.3288865784766,81.17157061501548,698.2355316044966,1016.4222415524566,517.0,497.3288865784766,338.2355316044966,656.4222415524566,19.671113421523387,"MATR_b3c16,MATR_b2c38,MATR_b4c23,MATR_b3c5,MATR_b2c39,MATR_b3c39,MATR_b3c26,MATR_b3c28,MATR_b2c14,MATR_b2c36,MATR_b4c41,MATR_b2c45",False,False,0.95
360,MATR_b1c18,687.0,601.6726473526495,48.5215549614264,506.572147154373,696.7731475509261,327.0,241.6726473526495,146.572147154373,336.77314755092607,85.3273526473505,"MATR_b3c16,MATR_b2c38,MATR_b4c23,MATR_b3c5,MATR_b2c39,MATR_b3c39,MATR_b3c26,MATR_b3c28,MATR_b2c14,MATR_b2c36,MATR_b4c41,MATR_b2c45",False,False,0.95
360,MATR_b1c19,786.0,730.0938178220495,63.642507515856956,605.3567952051501,854.8308404389488,426.0,370.09381782204946,245.3567952051501,494.8308404389488,55.90618217795054,"MATR_b3c16,MATR_b2c38,MATR_b4c23,MATR_b3c5,MATR_b2c39,MATR_b3c39,MATR_b3c26,MATR_b3c28,MATR_b2c14,MATR_b2c36,MATR_b4c41,MATR_b2c45",False,False,0.95
360,MATR_b1c2,2237.0,1481.4776791549875,476.0489025595516,548.4389752584491,2414.5163830515257,1877.0,1121.4776791549875,188.4389752584491,2054.5163830515257,755.5223208450125,"MATR_b3c16,MATR_b2c38,MATR_b4c23,MATR_b3c5,MATR_b2c39,MATR_b3c39,MATR_b3c26,MATR_b3c28,MATR_b2c14,MATR_b2c36,MATR_b4c41,MATR_b2c45",False,False,0.95
360,MATR_b1c30,707.0,770.3092880311638,68.13453888744202,636.7680457085337,903.8505303537938,347.0,410.30928803116376,276.7680457085337,543.8505303537938,63.30928803116376,"MATR_b3c16,MATR_b2c38,MATR_b4c23,MATR_b3c5,MATR_b2c39,MATR_b3c39,MATR_b3c26,MATR_b3c28,MATR_b2c14,MATR_b2c36,MATR_b4c41,MATR_b2c45",False,False,0.95
360,MATR_b1c34,742.0,738.6347649832226,63.99435681854428,613.2081304050705,864.0613995613746,382.0,378.63476498322257,253.2081304050705,504.0613995613746,3.365235016777433,"MATR_b3c16,MATR_b2c38,MATR_b4c23,MATR_b3c5,MATR_b2c39,MATR_b3c39,MATR_b3c26,MATR_b3c28,MATR_b2c14,MATR_b2c36,MATR_b4c41,MATR_b2c45",False,False,0.95
360,MATR_b1c35,701.0,613.805122676756,47.833791551454595,520.0526139919087,707.5576313616033,341.0,253.805122676756,160.05261399190874,347.5576313616033,87.19487732324399,"MATR_b3c16,MATR_b2c38,MATR_b4c23,MATR_b3c5,MATR_b2c39,MATR_b3c39,MATR_b3c26,MATR_b3c28,MATR_b2c14,MATR_b2c36,MATR_b4c41,MATR_b2c45",False,False,0.95
360,MATR_b1c42,700.0,695.0288367138706,58.67129112750778,580.035219177491,810.0224542502503,340.0,335.02883671387065,220.03521917749094,450.02245425025035,4.971163286129354,"MATR_b3c16,MATR_b2c38,MATR_b4c23,MATR_b3c5,MATR_b2c39,MATR_b3c39,MATR_b3c26,MATR_b3c28,MATR_b2c14,MATR_b2c36,MATR_b4c41,MATR_b2c45",False,False,0.95
360,MATR_b1c5,1071.0,988.9583054171607,108.35056838098306,776.5950936859896,1201.3215171483318,711.0,628.9583054171607,416.5950936859896,841.3215171483318,82.04169458283934,"MATR_b3c16,MATR_b2c38,MATR_b4c23,MATR_b3c5,MATR_b2c39,MATR_b3c39,MATR_b3c26,MATR_b3c28,MATR_b2c14,MATR_b2c36,MATR_b4c41,MATR_b2c45",False,False,0.95
360,MATR_b1c6,633.0,821.022461063636,76.60063956025776,670.8879663327967,971.1569557944753,273.0,461.022461063636,310.88796633279674,611.1569557944753,188.022461063636,"MATR_b3c16,MATR_b2c38,MATR_b4c23,MATR_b3c5,MATR_b2c39,MATR_b3c39,MATR_b3c26,MATR_b3c28,MATR_b2c14,MATR_b2c36,MATR_b4c41,MATR_b2c45",False,False,0.95
360,MATR_b2c19,460.0,448.69096999789224,49.426657122987976,351.8165021606257,545.5654378351587,100.0,88.69096999789224,-8.183497839374297,185.56543783515872,11.309030002107761,"MATR_b3c16,MATR_b2c38,MATR_b4c23,MATR_b3c5,MATR_b2c39,MATR_b3c39,MATR_b3c26,MATR_b3c28,MATR_b2c14,MATR_b2c36,MATR_b4c41,MATR_b2c45",False,False,0.95
360,MATR_b2c22,512.0,523.9764360557817,41.20608172542851,443.2139999299278,604.7388721816357,152.0,163.97643605578173,83.21399992992781,244.73887218163566,11.976436055781733,"MATR_b3c16,MATR_b2c38,MATR_b4c23,MATR_b3c5,MATR_b2c39,MATR_b3c39,MATR_b3c26,MATR_b3c28,MATR_b2c14,MATR_b2c36,MATR_b4c41,MATR_b2c45",False,False,0.95
360,MATR_b2c24,494.0,484.56453406666145,37.544157825496136,410.9793368988014,558.1497312345215,134.0,124.56453406666145,50.97933689880142,198.14973123452148,9.435465933338548,"MATR_b3c16,MATR_b2c38,MATR_b4c23,MATR_b3c5,MATR_b2c39,MATR_b3c39,MATR_b3c26,MATR_b3c28,MATR_b2c14,MATR_b2c36,MATR_b4c41,MATR_b2c45",False,False,0.95
360,MATR_b2c33,519.0,569.049242110988,46.832852386540196,477.2585381400885,660.8399460818874,159.0,209.04924211098796,117.25853814008849,300.83994608188743,50.04924211098796,"MATR_b3c16,MATR_b2c38,MATR_b4c23,MATR_b3c5,MATR_b2c39,MATR_b3c39,MATR_b3c26,MATR_b3c28,MATR_b2c14,MATR_b2c36,MATR_b4c41,MATR_b2c45",False,False,0.95
360,MATR_b2c41,428.0,474.0721465037128,37.39080215329256,400.7875209301967,547.3567720772289,68.0,114.07214650371282,40.787520930196706,187.35677207722892,46.072146503712816,"MATR_b3c16,MATR_b2c38,MATR_b4c23,MATR_b3c5,MATR_b2c39,MATR_b3c39,MATR_b3c26,MATR_b3c28,MATR_b2c14,MATR_b2c36,MATR_b4c41,MATR_b2c45",False,False,0.95
360,MATR_b3c1,1061.0,1162.103166134364,233.7655056627369,703.9311942076058,1620.2751380611223,701.0,802.1031661343641,343.9311942076058,1260.2751380611223,101.10316613436407,"MATR_b3c16,MATR_b2c38,MATR_b4c23,MATR_b3c5,MATR_b2c39,MATR_b3c39,MATR_b3c26,MATR_b3c28,MATR_b2c14,MATR_b2c36,MATR_b4c41,MATR_b2c45",False,False,0.95
360,MATR_b3c14,856.0,936.5507740386852,100.92229259258521,738.7467153200048,1134.3548327573656,496.0,576.5507740386852,378.7467153200048,774.3548327573656,80.55077403868518,"MATR_b3c16,MATR_b2c38,MATR_b4c23,MATR_b3c5,MATR_b2c39,MATR_b3c39,MATR_b3c26,MATR_b3c28,MATR_b2c14,MATR_b2c36,MATR_b4c41,MATR_b2c45",False,False,0.95
360,MATR_b3c17,1313.0,1332.4589959759876,414.21518792346944,520.6121457964973,2144.305846155478,953.0,972.4589959759876,160.61214579649732,1784.3058461554779,19.45899597598759,"MATR_b3c16,MATR_b2c38,MATR_b4c23,MATR_b3c5,MATR_b2c39,MATR_b3c39,MATR_b3c26,MATR_b3c28,MATR_b2c14,MATR_b2c36,MATR_b4c41,MATR_b2c45",False,False,0.95
360,MATR_b3c24,823.0,872.3976063193959,102.28532343408477,671.922056241559,1072.8731563972328,463.0,512.3976063193959,311.92205624155895,712.8731563972328,49.39760631939589,"MATR_b3c16,MATR_b2c38,MATR_b4c23,MATR_b3c5,MATR_b2c39,MATR_b3c39,MATR_b3c26,MATR_b3c28,MATR_b2c14,MATR_b2c36,MATR_b4c41,MATR_b2c45",False,False,0.95
360,MATR_b3c31,729.0,713.5744589509986,58.5469100348402,598.8246238766052,828.3242940253921,369.0,353.57445895099863,238.8246238766052,468.3242940253921,15.425541049001367,"MATR_b3c16,MATR_b2c38,MATR_b4c23,MATR_b3c5,MATR_b2c39,MATR_b3c39,MATR_b3c26,MATR_b3c28,MATR_b2c14,MATR_b2c36,MATR_b4c41,MATR_b2c45",False,False,0.95
360,MATR_b3c33,1282.0,1198.3032629169625,292.6946957188548,624.6322008420973,1771.9743249918276,922.0,838.3032629169625,264.6322008420973,1411.9743249918276,83.69673708303753,"MATR_b3c16,MATR_b2c38,MATR_b4c23,MATR_b3c5,MATR_b2c39,MATR_b3c39,MATR_b3c26,MATR_b3c28,MATR_b2c14,MATR_b2c36,MATR_b4c41,MATR_b2c45",False,False,0.95
360,MATR_b3c36,921.0,1012.0766559469099,155.09809901711563,708.0899678027362,1316.0633440910838,561.0,652.0766559469099,348.08996780273617,956.0633440910838,91.07665594690991,"MATR_b3c16,MATR_b2c38,MATR_b4c23,MATR_b3c5,MATR_b2c39,MATR_b3c39,MATR_b3c26,MATR_b3c28,MATR_b2c14,MATR_b2c36,MATR_b4c41,MATR_b2c45",False,False,0.95
360,MATR_b3c6,665.0,523.4155849268823,53.518134986745395,418.5219678331083,628.3092020206562,305.0,163.41558492688227,58.521967833108306,268.30920202065624,141.58441507311773,"MATR_b3c16,MATR_b2c38,MATR_b4c23,MATR_b3c5,MATR_b2c39,MATR_b3c39,MATR_b3c26,MATR_b3c28,MATR_b2c14,MATR_b2c36,MATR_b4c41,MATR_b2c45",False,False,0.95
360,MATR_b4c1,760.0,679.8234563231531,65.26779864591305,551.9009216269515,807.7459910193547,400.0,319.8234563231531,191.90092162695146,447.74599101935473,80.1765436768469,"MATR_b3c16,MATR_b2c38,MATR_b4c23,MATR_b3c5,MATR_b2c39,MATR_b3c39,MATR_b3c26,MATR_b3c28,MATR_b2c14,MATR_b2c36,MATR_b4c41,MATR_b2c45",False,False,0.95
360,MATR_b4c11,863.0,923.944966482899,110.93524107896702,706.5158893518553,1141.3740436139426,503.0,563.944966482899,346.5158893518553,781.3740436139426,60.94496648289896,"MATR_b3c16,MATR_b2c38,MATR_b4c23,MATR_b3c5,MATR_b2c39,MATR_b3c39,MATR_b3c26,MATR_b3c28,MATR_b2c14,MATR_b2c36,MATR_b4c41,MATR_b2c45",False,False,0.95
360,MATR_b4c15,675.0,706.8994140198802,59.40312920843733,590.4714202023637,823.3274078373967,315.0,346.89941401988017,230.47142020236367,463.32740783739666,31.89941401988017,"MATR_b3c16,MATR_b2c38,MATR_b4c23,MATR_b3c5,MATR_b2c39,MATR_b3c39,MATR_b3c26,MATR_b3c28,MATR_b2c14,MATR_b2c36,MATR_b4c41,MATR_b2c45",False,False,0.95
360,MATR_b4c21,773.0,883.3342503810483,99.6455856262706,688.0324913351558,1078.6360094269407,413.0,523.3342503810483,328.0324913351558,718.6360094269407,110.33425038104826,"MATR_b3c16,MATR_b2c38,MATR_b4c23,MATR_b3c5,MATR_b2c39,MATR_b3c39,MATR_b3c26,MATR_b3c28,MATR_b2c14,MATR_b2c36,MATR_b4c41,MATR_b2c45",False,False,0.95
360,MATR_b4c3,777.0,879.771616815861,111.38214168154326,661.4666305990986,1098.0766030326233,417.0,519.771616815861,301.4666305990986,738.0766030326233,102.77161681586097,"MATR_b3c16,MATR_b2c38,MATR_b4c23,MATR_b3c5,MATR_b2c39,MATR_b3c39,MATR_b3c26,MATR_b3c28,MATR_b2c14,MATR_b2c36,MATR_b4c41,MATR_b2c45",False,False,0.95
360,MATR_b4c32,754.0,764.0163571342987,71.73343243224834,623.4214130796545,904.6113011889429,394.0,404.0163571342987,263.4214130796545,544.6113011889429,10.016357134298687,"MATR_b3c16,MATR_b2c38,MATR_b4c23,MATR_b3c5,MATR_b2c39,MATR_b3c39,MATR_b3c26,MATR_b3c28,MATR_b2c14,MATR_b2c36,MATR_b4c41,MATR_b2c45",False,False,0.95
360,MATR_b4c34,891.0,1070.423503296744,213.51477517420378,651.9422337881379,1488.9047728053501,531.0,710.423503296744,291.94223378813786,1128.9047728053501,179.423503296744,"MATR_b3c16,MATR_b2c38,MATR_b4c23,MATR_b3c5,MATR_b2c39,MATR_b3c39,MATR_b3c26,MATR_b3c28,MATR_b2c14,MATR_b2c36,MATR_b4c41,MATR_b2c45",False,False,0.95
360,MATR_b4c42,774.0,925.2687121512029,114.35999544826535,701.1272398004382,1149.4101845019675,414.0,565.2687121512029,341.12723980043825,789.4101845019675,151.26871215120286,"MATR_b3c16,MATR_b2c38,MATR_b4c23,MATR_b3c5,MATR_b2c39,MATR_b3c39,MATR_b3c26,MATR_b3c28,MATR_b2c14,MATR_b2c36,MATR_b4c41,MATR_b2c45",False,False,0.95
360,MATR_b4c6,706.0,743.0392021806092,85.32552366618194,575.8042488328726,910.2741555283458,346.0,383.0392021806092,215.80424883287264,550.2741555283458,37.03920218060921,"MATR_b3c16,MATR_b2c38,MATR_b4c23,MATR_b3c5,MATR_b2c39,MATR_b3c39,MATR_b3c26,MATR_b3c28,MATR_b2c14,MATR_b2c36,MATR_b4c41,MATR_b2c45",False,False,0.95
360,MATR_b4c7,529.0,547.1868691495772,43.008654844848266,462.8914546301605,631.4822836689939,169.0,187.1868691495772,102.89145463016052,271.4822836689939,18.186869149577205,"MATR_b3c16,MATR_b2c38,MATR_b4c23,MATR_b3c5,MATR_b2c39,MATR_b3c39,MATR_b3c26,MATR_b3c28,MATR_b2c14,MATR_b2c36,MATR_b4c41,MATR_b2c45",False,False,0.95
380,MATR_b1c14,877.0,874.5502362084505,84.70496848364729,708.5315486689016,1040.5689237479996,497.0,494.55023620845054,328.53154866890156,660.5689237479996,2.449763791549458,"MATR_b4c31,MATR_b2c29,MATR_b2c46,MATR_b4c0,MATR_b2c26,MATR_b1c0,MATR_b2c18,MATR_b4c41,MATR_b3c41,MATR_b2c44,MATR_b3c28,MATR_b3c16",False,False,0.95
380,MATR_b1c18,687.0,606.1598515879832,48.75633915280175,510.5991828304717,701.7205203454947,307.0,226.1598515879832,130.5991828304717,321.7205203454947,80.84014841201679,"MATR_b4c31,MATR_b2c29,MATR_b2c46,MATR_b4c0,MATR_b2c26,MATR_b1c0,MATR_b2c18,MATR_b4c41,MATR_b3c41,MATR_b2c44,MATR_b3c28,MATR_b3c16",False,False,0.95
380,MATR_b1c19,786.0,741.0708903260097,65.73417716669648,612.2342705259094,869.90751012611,406.0,361.0708903260097,232.23427052590944,489.90751012610997,44.9291096739903,"MATR_b4c31,MATR_b2c29,MATR_b2c46,MATR_b4c0,MATR_b2c26,MATR_b1c0,MATR_b2c18,MATR_b4c41,MATR_b3c41,MATR_b2c44,MATR_b3c28,MATR_b3c16",False,False,0.95
380,MATR_b1c2,2237.0,1484.5090078053672,481.39864923468303,540.9849930991583,2428.0330225115763,1857.0,1104.5090078053672,160.98499309915826,2048.0330225115763,752.4909921946328,"MATR_b4c31,MATR_b2c29,MATR_b2c46,MATR_b4c0,MATR_b2c26,MATR_b1c0,MATR_b2c18,MATR_b4c41,MATR_b3c41,MATR_b2c44,MATR_b3c28,MATR_b3c16",False,False,0.95
380,MATR_b1c30,707.0,784.7488116157497,70.87007606011974,645.8460149563007,923.6516082751987,327.0,404.7488116157497,265.8460149563007,543.6516082751987,77.74881161574967,"MATR_b4c31,MATR_b2c29,MATR_b2c46,MATR_b4c0,MATR_b2c26,MATR_b1c0,MATR_b2c18,MATR_b4c41,MATR_b3c41,MATR_b2c44,MATR_b3c28,MATR_b3c16",False,False,0.95
380,MATR_b1c34,742.0,754.0654787758955,66.54463734694018,623.6403862116138,884.4905713401772,362.0,374.0654787758955,243.64038621161376,504.4905713401772,12.065478775895485,"MATR_b4c31,MATR_b2c29,MATR_b2c46,MATR_b4c0,MATR_b2c26,MATR_b1c0,MATR_b2c18,MATR_b4c41,MATR_b3c41,MATR_b2c44,MATR_b3c28,MATR_b3c16",False,False,0.95
380,MATR_b1c35,701.0,626.7183425938124,49.386007554555555,529.9235464466605,723.5131387409643,321.0,246.7183425938124,149.92354644666045,343.51313874096434,74.2816574061876,"MATR_b4c31,MATR_b2c29,MATR_b2c46,MATR_b4c0,MATR_b2c26,MATR_b1c0,MATR_b2c18,MATR_b4c41,MATR_b3c41,MATR_b2c44,MATR_b3c28,MATR_b3c16",False,False,0.95
380,MATR_b1c42,700.0,706.5762452460312,60.67602998252256,587.6534117554146,825.4990787366479,320.0,326.57624524603125,207.6534117554146,445.4990787366479,6.576245246031249,"MATR_b4c31,MATR_b2c29,MATR_b2c46,MATR_b4c0,MATR_b2c26,MATR_b1c0,MATR_b2c18,MATR_b4c41,MATR_b3c41,MATR_b2c44,MATR_b3c28,MATR_b3c16",False,False,0.95
380,MATR_b1c5,1071.0,1005.6163856452984,112.44094061411761,785.2361916538209,1225.9965796367758,691.0,625.6163856452984,405.2361916538209,845.9965796367758,65.38361435470165,"MATR_b4c31,MATR_b2c29,MATR_b2c46,MATR_b4c0,MATR_b2c26,MATR_b1c0,MATR_b2c18,MATR_b4c41,MATR_b3c41,MATR_b2c44,MATR_b3c28,MATR_b3c16",False,False,0.95
380,MATR_b1c6,633.0,836.2170580271721,79.91551776969835,679.5855213926927,992.8485946616515,253.0,456.21705802717213,299.5855213926927,612.8485946616515,203.21705802717213,"MATR_b4c31,MATR_b2c29,MATR_b2c46,MATR_b4c0,MATR_b2c26,MATR_b1c0,MATR_b2c18,MATR_b4c41,MATR_b3c41,MATR_b2c44,MATR_b3c28,MATR_b3c16",False,False,0.95
380,MATR_b2c19,460.0,449.16201569134756,49.67709422109651,351.79670016139556,546.5273312212995,80.0,69.16201569134756,-28.203299838604437,166.5273312212995,10.837984308652437,"MATR_b4c31,MATR_b2c29,MATR_b2c46,MATR_b4c0,MATR_b2c26,MATR_b1c0,MATR_b2c18,MATR_b4c41,MATR_b3c41,MATR_b2c44,MATR_b3c28,MATR_b3c16",False,False,0.95
380,MATR_b2c22,512.0,523.1845034218907,41.33608977224484,442.1672562065763,604.201750637205,132.0,143.18450342189067,62.167256206576326,224.201750637205,11.184503421890668,"MATR_b4c31,MATR_b2c29,MATR_b2c46,MATR_b4c0,MATR_b2c26,MATR_b1c0,MATR_b2c18,MATR_b4c41,MATR_b3c41,MATR_b2c44,MATR_b3c28,MATR_b3c16",False,False,0.95
380,MATR_b2c24,494.0,483.4740152972386,37.55974251246748,409.8582727042044,557.0897578902728,114.0,103.47401529723862,29.85827270420441,177.08975789027284,10.525984702761377,"MATR_b4c31,MATR_b2c29,MATR_b2c46,MATR_b4c0,MATR_b2c26,MATR_b1c0,MATR_b2c18,MATR_b4c41,MATR_b3c41,MATR_b2c44,MATR_b3c28,MATR_b3c16",False,False,0.95
380,MATR_b2c33,519.0,570.562140007215,47.380699417390275,477.6976755868122,663.4266044276178,139.0,190.56214000721502,97.69767558681218,283.4266044276178,51.56214000721502,"MATR_b4c31,MATR_b2c29,MATR_b2c46,MATR_b4c0,MATR_b2c26,MATR_b1c0,MATR_b2c18,MATR_b4c41,MATR_b3c41,MATR_b2c44,MATR_b3c28,MATR_b3c16",False,False,0.95
380,MATR_b2c41,428.0,469.6168785265411,37.27453685987798,396.5601287407695,542.6736283123126,48.0,89.61687852654109,16.560128740769528,162.67362831231264,41.616878526541086,"MATR_b4c31,MATR_b2c29,MATR_b2c46,MATR_b4c0,MATR_b2c26,MATR_b1c0,MATR_b2c18,MATR_b4c41,MATR_b3c41,MATR_b2c44,MATR_b3c28,MATR_b3c16",False,False,0.95
380,MATR_b3c1,1061.0,1175.6105660625858,242.77807956154368,699.7742738861605,1651.4468582390111,681.0,795.6105660625858,319.7742738861605,1271.4468582390111,114.6105660625858,"MATR_b4c31,MATR_b2c29,MATR_b2c46,MATR_b4c0,MATR_b2c26,MATR_b1c0,MATR_b2c18,MATR_b4c41,MATR_b3c41,MATR_b2c44,MATR_b3c28,MATR_b3c16",False,False,0.95
380,MATR_b3c14,856.0,944.060706529596,104.18554020434324,739.8608000192335,1148.2606130399586,476.0,564.060706529596,359.86080001923347,768.2606130399586,88.06070652959602,"MATR_b4c31,MATR_b2c29,MATR_b2c46,MATR_b4c0,MATR_b2c26,MATR_b1c0,MATR_b2c18,MATR_b4c41,MATR_b3c41,MATR_b2c44,MATR_b3c28,MATR_b3c16",False,False,0.95
380,MATR_b3c17,1313.0,1344.1413431970614,425.05529866971705,511.04826636650023,2177.2344200276225,933.0,964.1413431970614,131.04826636650023,1797.2344200276225,31.14134319706136,"MATR_b4c31,MATR_b2c29,MATR_b2c46,MATR_b4c0,MATR_b2c26,MATR_b1c0,MATR_b2c18,MATR_b4c41,MATR_b3c41,MATR_b2c44,MATR_b3c28,MATR_b3c16",False,False,0.95
380,MATR_b3c24,823.0,879.1877591603834,102.22624041552294,678.8280096710256,1079.5475086497413,443.0,499.1877591603834,298.8280096710256,699.5475086497413,56.18775916038339,"MATR_b4c31,MATR_b2c29,MATR_b2c46,MATR_b4c0,MATR_b2c26,MATR_b1c0,MATR_b2c18,MATR_b4c41,MATR_b3c41,MATR_b2c44,MATR_b3c28,MATR_b3c16",False,False,0.95
380,MATR_b3c31,729.0,715.734230743396,59.51779016124595,599.0815055879416,832.3869558988504,349.0,335.734230743396,219.0815055879416,452.3869558988504,13.265769256604017,"MATR_b4c31,MATR_b2c29,MATR_b2c46,MATR_b4c0,MATR_b2c26,MATR_b1c0,MATR_b2c18,MATR_b4c41,MATR_b3c41,MATR_b2c44,MATR_b3c28,MATR_b3c16",False,False,0.95
380,MATR_b3c33,1282.0,1221.3200648026093,309.6374358414873,614.4418422879627,1828.198287317256,902.0,841.3200648026093,234.4418422879627,1448.198287317256,60.679935197390705,"MATR_b4c31,MATR_b2c29,MATR_b2c46,MATR_b4c0,MATR_b2c26,MATR_b1c0,MATR_b2c18,MATR_b4c41,MATR_b3c41,MATR_b2c44,MATR_b3c28,MATR_b3c16",False,False,0.95
380,MATR_b3c36,921.0,1028.1390506243108,160.15273170735216,714.2454644521947,1342.032636796427,541.0,648.1390506243108,334.2454644521947,962.0326367964269,107.13905062431081,"MATR_b4c31,MATR_b2c29,MATR_b2c46,MATR_b4c0,MATR_b2c26,MATR_b1c0,MATR_b2c18,MATR_b4c41,MATR_b3c41,MATR_b2c44,MATR_b3c28,MATR_b3c16",False,False,0.95
380,MATR_b3c6,665.0,517.8086920929264,52.42542377532141,415.0567496190466,620.5606345668062,285.0,137.80869209292644,35.05674961904663,240.56063456680624,147.19130790707356,"MATR_b4c31,MATR_b2c29,MATR_b2c46,MATR_b4c0,MATR_b2c26,MATR_b1c0,MATR_b2c18,MATR_b4c41,MATR_b3c41,MATR_b2c44,MATR_b3c28,MATR_b3c16",False,False,0.95
380,MATR_b4c1,760.0,665.2786925820075,61.52714914082099,544.6876961945738,785.8696889694411,380.0,285.27869258200747,164.68769619457385,405.8696889694411,94.72130741799253,"MATR_b4c31,MATR_b2c29,MATR_b2c46,MATR_b4c0,MATR_b2c26,MATR_b1c0,MATR_b2c18,MATR_b4c41,MATR_b3c41,MATR_b2c44,MATR_b3c28,MATR_b3c16",False,False,0.95
380,MATR_b4c11,863.0,927.2513760322495,111.13464979522162,709.4314649991435,1145.0712870653556,483.0,547.2513760322495,329.4314649991435,765.0712870653556,64.25137603224948,"MATR_b4c31,MATR_b2c29,MATR_b2c46,MATR_b4c0,MATR_b2c26,MATR_b1c0,MATR_b2c18,MATR_b4c41,MATR_b3c41,MATR_b2c44,MATR_b3c28,MATR_b3c16",False,False,0.95
380,MATR_b4c15,675.0,701.7593984166908,59.03725015886742,586.0485143590291,817.4702824743525,295.0,321.75939841669083,206.04851435902913,437.47028247435253,26.75939841669083,"MATR_b4c31,MATR_b2c29,MATR_b2c46,MATR_b4c0,MATR_b2c26,MATR_b1c0,MATR_b2c18,MATR_b4c41,MATR_b3c41,MATR_b2c44,MATR_b3c28,MATR_b3c16",False,False,0.95
380,MATR_b4c21,773.0,886.0945066315667,99.5670058702569,690.9467610773751,1081.2422521857584,393.0,506.0945066315667,310.9467610773751,701.2422521857584,113.09450663156667,"MATR_b4c31,MATR_b2c29,MATR_b2c46,MATR_b4c0,MATR_b2c26,MATR_b1c0,MATR_b2c18,MATR_b4c41,MATR_b3c41,MATR_b2c44,MATR_b3c28,MATR_b3c16",False,False,0.95
380,MATR_b4c3,777.0,853.9843021913643,98.63548148921426,660.6623108747373,1047.3062935079915,397.0,473.98430219136435,280.6623108747373,667.3062935079915,76.98430219136435,"MATR_b4c31,MATR_b2c29,MATR_b2c46,MATR_b4c0,MATR_b2c26,MATR_b1c0,MATR_b2c18,MATR_b4c41,MATR_b3c41,MATR_b2c44,MATR_b3c28,MATR_b3c16",False,False,0.95
380,MATR_b4c32,754.0,756.9449496483252,70.22879618442019,619.2990384492576,894.5908608473927,374.0,376.9449496483252,239.29903844925764,514.5908608473927,2.944949648325178,"MATR_b4c31,MATR_b2c29,MATR_b2c46,MATR_b4c0,MATR_b2c26,MATR_b1c0,MATR_b2c18,MATR_b4c41,MATR_b3c41,MATR_b2c44,MATR_b3c28,MATR_b3c16",False,False,0.95
380,MATR_b4c34,891.0,1088.4559341420352,218.0326735975529,661.1197464378545,1515.7921218462159,511.0,708.4559341420352,281.1197464378545,1135.7921218462159,197.45593414203518,"MATR_b4c31,MATR_b2c29,MATR_b2c46,MATR_b4c0,MATR_b2c26,MATR_b1c0,MATR_b2c18,MATR_b4c41,MATR_b3c41,MATR_b2c44,MATR_b3c28,MATR_b3c16",False,False,0.95
380,MATR_b4c42,774.0,888.4663054437528,102.19592261240042,688.1659777566056,1088.7666331309001,394.0,508.46630544375284,308.16597775660557,708.7666331309001,114.46630544375284,"MATR_b4c31,MATR_b2c29,MATR_b2c46,MATR_b4c0,MATR_b2c26,MATR_b1c0,MATR_b2c18,MATR_b4c41,MATR_b3c41,MATR_b2c44,MATR_b3c28,MATR_b3c16",False,False,0.95
380,MATR_b4c6,706.0,746.5811804485961,84.0813551738579,581.7847525365141,911.3776083606781,326.0,366.5811804485961,201.78475253651413,531.3776083606781,40.581180448596115,"MATR_b4c31,MATR_b2c29,MATR_b2c46,MATR_b4c0,MATR_b2c26,MATR_b1c0,MATR_b2c18,MATR_b4c41,MATR_b3c41,MATR_b2c44,MATR_b3c28,MATR_b3c16",False,False,0.95
380,MATR_b4c7,529.0,540.1501277460111,42.13767667863858,457.5617990636861,622.738456428336,149.0,160.1501277460111,77.56179906368612,242.738456428336,11.150127746011094,"MATR_b4c31,MATR_b2c29,MATR_b2c46,MATR_b4c0,MATR_b2c26,MATR_b1c0,MATR_b2c18,MATR_b4c41,MATR_b3c41,MATR_b2c44,MATR_b3c28,MATR_b3c16",False,False,0.95
400,MATR_b1c14,877.0,877.1499831213949,86.58304441258133,707.4503344009036,1046.8496318418863,477.0,477.14998312139494,307.45033440090356,646.8496318418863,0.1499831213949392,"MATR_b2c4,MATR_b1c24,MATR_b1c29,MATR_b3c26,MATR_b1c32,MATR_b3c10,MATR_b2c32,MATR_b3c40,MATR_b2c42,MATR_b2c27,MATR_b2c35,MATR_b3c12",False,False,0.95
400,MATR_b1c18,687.0,603.6536927786567,48.65757105209553,508.2866059413508,699.0207796159626,287.0,203.6536927786567,108.28660594135079,299.0207796159626,83.3463072213433,"MATR_b2c4,MATR_b1c24,MATR_b1c29,MATR_b3c26,MATR_b1c32,MATR_b3c10,MATR_b2c32,MATR_b3c40,MATR_b2c42,MATR_b2c27,MATR_b2c35,MATR_b3c12",False,False,0.95
400,MATR_b1c19,786.0,742.1832888197375,66.51231999907417,611.821537093349,872.5450405461261,386.0,342.1832888197375,211.82153709334898,472.5450405461261,43.81671118026247,"MATR_b2c4,MATR_b1c24,MATR_b1c29,MATR_b3c26,MATR_b1c32,MATR_b3c10,MATR_b2c32,MATR_b3c40,MATR_b2c42,MATR_b2c27,MATR_b2c35,MATR_b3c12",False,False,0.95
400,MATR_b1c2,2237.0,1482.7476017836077,484.75498624007577,532.6452874268499,2432.8499161403656,1837.0,1082.7476017836077,132.6452874268499,2032.8499161403656,754.2523982163923,"MATR_b2c4,MATR_b1c24,MATR_b1c29,MATR_b3c26,MATR_b1c32,MATR_b3c10,MATR_b2c32,MATR_b3c40,MATR_b2c42,MATR_b2c27,MATR_b2c35,MATR_b3c12",False,False,0.95
400,MATR_b1c30,707.0,784.1338151676019,72.034319220438,642.9491438446821,925.3184864905218,307.0,384.13381516760194,242.9491438446821,525.3184864905218,77.13381516760194,"MATR_b2c4,MATR_b1c24,MATR_b1c29,MATR_b3c26,MATR_b1c32,MATR_b3c10,MATR_b2c32,MATR_b3c40,MATR_b2c42,MATR_b2c27,MATR_b2c35,MATR_b3c12",False,False,0.95
400,MATR_b1c34,742.0,755.4619861131109,67.37013410365493,623.4189496363136,887.5050225899082,342.0,355.4619861131109,223.41894963631364,487.5050225899082,13.461986113110925,"MATR_b2c4,MATR_b1c24,MATR_b1c29,MATR_b3c26,MATR_b1c32,MATR_b3c10,MATR_b2c32,MATR_b3c40,MATR_b2c42,MATR_b2c27,MATR_b2c35,MATR_b3c12",False,False,0.95
400,MATR_b1c35,701.0,629.2234475254388,49.93814537318461,531.3464811392714,727.1004139116062,301.0,229.22344752543881,131.34648113927142,327.1004139116062,71.77655247456119,"MATR_b2c4,MATR_b1c24,MATR_b1c29,MATR_b3c26,MATR_b1c32,MATR_b3c10,MATR_b2c32,MATR_b3c40,MATR_b2c42,MATR_b2c27,MATR_b2c35,MATR_b3c12",False,False,0.95
400,MATR_b1c42,700.0,704.4819691298084,60.99183572690424,584.9401677540927,824.023770505524,300.0,304.48196912980836,184.94016775409273,424.023770505524,4.481969129808363,"MATR_b2c4,MATR_b1c24,MATR_b1c29,MATR_b3c26,MATR_b1c32,MATR_b3c10,MATR_b2c32,MATR_b3c40,MATR_b2c42,MATR_b2c27,MATR_b2c35,MATR_b3c12",False,False,0.95
400,MATR_b1c5,1071.0,1005.8671708994328,114.0668857129251,782.3001830734532,1229.4341587254125,671.0,605.8671708994328,382.30018307345324,829.4341587254125,65.13282910056716,"MATR_b2c4,MATR_b1c24,MATR_b1c29,MATR_b3c26,MATR_b1c32,MATR_b3c10,MATR_b2c32,MATR_b3c40,MATR_b2c42,MATR_b2c27,MATR_b2c35,MATR_b3c12",False,False,0.95
400,MATR_b1c6,633.0,838.3490385000405,81.56748988384939,678.4796960183605,998.2183809817204,233.0,438.3490385000405,278.4796960183605,598.2183809817204,205.34903850004048,"MATR_b2c4,MATR_b1c24,MATR_b1c29,MATR_b3c26,MATR_b1c32,MATR_b3c10,MATR_b2c32,MATR_b3c40,MATR_b2c42,MATR_b2c27,MATR_b2c35,MATR_b3c12",False,False,0.95
400,MATR_b2c19,460.0,441.3469479677684,50.81103369272573,341.75915191277477,540.9347440227621,60.0,41.346947967768415,-58.24084808722523,140.93474402276206,18.653052032231585,"MATR_b2c4,MATR_b1c24,MATR_b1c29,MATR_b3c26,MATR_b1c32,MATR_b3c10,MATR_b2c32,MATR_b3c40,MATR_b2c42,MATR_b2c27,MATR_b2c35,MATR_b3c12",False,False,0.95
400,MATR_b2c22,512.0,513.9800296854426,40.68460516113674,434.23966884438215,593.7203905265029,112.0,113.98002968544256,34.23966884438215,193.7203905265029,1.9800296854425596,"MATR_b2c4,MATR_b1c24,MATR_b1c29,MATR_b3c26,MATR_b1c32,MATR_b3c10,MATR_b2c32,MATR_b3c40,MATR_b2c42,MATR_b2c27,MATR_b2c35,MATR_b3c12",False,False,0.95
400,MATR_b2c24,494.0,476.5711163615851,37.39835102280064,403.27169527570913,549.8705374474611,94.0,76.5711163615851,3.271695275709135,149.87053744746106,17.428883638414902,"MATR_b2c4,MATR_b1c24,MATR_b1c29,MATR_b3c26,MATR_b1c32,MATR_b3c10,MATR_b2c32,MATR_b3c40,MATR_b2c42,MATR_b2c27,MATR_b2c35,MATR_b3c12",False,False,0.95
400,MATR_b2c33,519.0,562.277701502954,46.768866954748425,470.6124066739016,653.9429963320064,119.0,162.27770150295396,70.6124066739016,253.94299633200637,43.27770150295396,"MATR_b2c4,MATR_b1c24,MATR_b1c29,MATR_b3c26,MATR_b1c32,MATR_b3c10,MATR_b2c32,MATR_b3c40,MATR_b2c42,MATR_b2c27,MATR_b2c35,MATR_b3c12",False,False,0.95
400,MATR_b2c41,428.0,457.7844478294263,37.135751987840514,384.9997113944472,530.5691842644054,28.0,57.78444782942631,-15.000288605552782,130.5691842644054,29.784447829426313,"MATR_b2c4,MATR_b1c24,MATR_b1c29,MATR_b3c26,MATR_b1c32,MATR_b3c10,MATR_b2c32,MATR_b3c40,MATR_b2c42,MATR_b2c27,MATR_b2c35,MATR_b3c12",False,False,0.95
400,MATR_b3c1,1061.0,1184.2624503185334,252.29389888139272,689.7754949918135,1678.7494056452533,661.0,784.2624503185334,289.7754949918135,1278.7494056452533,123.26245031853341,"MATR_b2c4,MATR_b1c24,MATR_b1c29,MATR_b3c26,MATR_b1c32,MATR_b3c10,MATR_b2c32,MATR_b3c40,MATR_b2c42,MATR_b2c27,MATR_b2c35,MATR_b3c12",False,False,0.95
400,MATR_b3c14,856.0,936.1723378481261,105.57785379050986,729.2435468536912,1143.101128842561,456.0,536.1723378481261,329.2435468536912,743.1011288425609,80.17233784812606,"MATR_b2c4,MATR_b1c24,MATR_b1c29,MATR_b3c26,MATR_b1c32,MATR_b3c10,MATR_b2c32,MATR_b3c40,MATR_b2c42,MATR_b2c27,MATR_b2c35,MATR_b3c12",False,False,0.95
400,MATR_b3c17,1313.0,1343.646999278736,426.0436477599642,508.6167938271376,2178.677204730335,913.0,943.6469992787361,108.6167938271376,1778.6772047303348,30.646999278736075,"MATR_b2c4,MATR_b1c24,MATR_b1c29,MATR_b3c26,MATR_b1c32,MATR_b3c10,MATR_b2c32,MATR_b3c40,MATR_b2c42,MATR_b2c27,MATR_b2c35,MATR_b3c12",False,False,0.95
400,MATR_b3c24,823.0,870.9671178954676,102.02532615969677,671.0011531115098,1070.9330826794255,423.0,470.9671178954676,271.0011531115098,670.9330826794255,47.967117895467595,"MATR_b2c4,MATR_b1c24,MATR_b1c29,MATR_b3c26,MATR_b1c32,MATR_b3c10,MATR_b2c32,MATR_b3c40,MATR_b2c42,MATR_b2c27,MATR_b2c35,MATR_b3c12",False,False,0.95
400,MATR_b3c31,729.0,711.3360321256091,59.98367938166862,593.7701808773409,828.9018833738774,329.0,311.3360321256091,193.77018087734086,428.90188337387735,17.66396787439089,"MATR_b2c4,MATR_b1c24,MATR_b1c29,MATR_b3c26,MATR_b1c32,MATR_b3c10,MATR_b2c32,MATR_b3c40,MATR_b2c42,MATR_b2c27,MATR_b2c35,MATR_b3c12",False,False,0.95
400,MATR_b3c33,1282.0,1234.7437943691407,323.66541371506884,600.3712404463495,1869.116348291932,882.0,834.7437943691407,200.37124044634947,1469.116348291932,47.25620563085931,"MATR_b2c4,MATR_b1c24,MATR_b1c29,MATR_b3c26,MATR_b1c32,MATR_b3c10,MATR_b2c32,MATR_b3c40,MATR_b2c42,MATR_b2c27,MATR_b2c35,MATR_b3c12",False,False,0.95
400,MATR_b3c36,921.0,1035.5886297976465,164.26469902371645,713.6357357798506,1357.5415238154424,521.0,635.5886297976465,313.6357357798506,957.5415238154424,114.58862979764649,"MATR_b2c4,MATR_b1c24,MATR_b1c29,MATR_b3c26,MATR_b1c32,MATR_b3c10,MATR_b2c32,MATR_b3c40,MATR_b2c42,MATR_b2c27,MATR_b2c35,MATR_b3c12",False,False,0.95
400,MATR_b3c6,665.0,507.952903118572,52.6147547860688,404.82987868247073,611.0759275546733,265.0,107.95290311857201,4.829878682470735,211.07592755467329,157.047096881428,"MATR_b2c4,MATR_b1c24,MATR_b1c29,MATR_b3c26,MATR_b1c32,MATR_b3c10,MATR_b2c32,MATR_b3c40,MATR_b2c42,MATR_b2c27,MATR_b2c35,MATR_b3c12",False,False,0.95
400,MATR_b4c1,760.0,648.2743194331638,59.87931726049178,530.9130141837524,765.6356246825752,360.0,248.27431943316378,130.91301418375235,365.6356246825752,111.72568056683622,"MATR_b2c4,MATR_b1c24,MATR_b1c29,MATR_b3c26,MATR_b1c32,MATR_b3c10,MATR_b2c32,MATR_b3c40,MATR_b2c42,MATR_b2c27,MATR_b2c35,MATR_b3c12",False,False,0.95
400,MATR_b4c11,863.0,932.575170969016,114.80890030039623,707.5538612755896,1157.5964806624424,463.0,532.575170969016,307.5538612755896,757.5964806624424,69.57517096901597,"MATR_b2c4,MATR_b1c24,MATR_b1c29,MATR_b3c26,MATR_b1c32,MATR_b3c10,MATR_b2c32,MATR_b3c40,MATR_b2c42,MATR_b2c27,MATR_b2c35,MATR_b3c12",False,False,0.95
400,MATR_b4c15,675.0,693.6836324018607,58.84568906762964,578.3482011838641,809.0190636198572,275.0,293.6836324018607,178.34820118386415,409.0190636198572,18.683632401860677,"MATR_b2c4,MATR_b1c24,MATR_b1c29,MATR_b3c26,MATR_b1c32,MATR_b3c10,MATR_b2c32,MATR_b3c40,MATR_b2c42,MATR_b2c27,MATR_b2c35,MATR_b3c12",False,False,0.95
400,MATR_b4c21,773.0,873.21175507159,97.56966297838747,681.9787296502395,1064.4447804929405,373.0,473.21175507159,281.97872965023953,664.4447804929405,100.21175507159,"MATR_b2c4,MATR_b1c24,MATR_b1c29,MATR_b3c26,MATR_b1c32,MATR_b3c10,MATR_b2c32,MATR_b3c40,MATR_b2c42,MATR_b2c27,MATR_b2c35,MATR_b3c12",False,False,0.95
400,MATR_b4c3,777.0,807.1253004643904,90.85979303505405,629.0433784729213,985.2072224558596,377.0,407.1253004643904,229.0433784729213,585.2072224558596,30.12530046439042,"MATR_b2c4,MATR_b1c24,MATR_b1c29,MATR_b3c26,MATR_b1c32,MATR_b3c10,MATR_b2c32,MATR_b3c40,MATR_b2c42,MATR_b2c27,MATR_b2c35,MATR_b3c12",False,False,0.95
400,MATR_b4c32,754.0,741.9519955982437,68.54139684222562,607.613326337414,876.2906648590733,354.0,341.9519955982437,207.61332633741404,476.29066485907333,12.048004401756316,"MATR_b2c4,MATR_b1c24,MATR_b1c29,MATR_b3c26,MATR_b1c32,MATR_b3c10,MATR_b2c32,MATR_b3c40,MATR_b2c42,MATR_b2c27,MATR_b2c35,MATR_b3c12",False,False,0.95
400,MATR_b4c34,891.0,1080.0268321041908,208.07025478304192,672.2166264753558,1487.8370377330257,491.0,680.0268321041908,272.21662647535584,1087.8370377330257,189.02683210419082,"MATR_b2c4,MATR_b1c24,MATR_b1c29,MATR_b3c26,MATR_b1c32,MATR_b3c10,MATR_b2c32,MATR_b3c40,MATR_b2c42,MATR_b2c27,MATR_b2c35,MATR_b3c12",False,False,0.95
400,MATR_b4c42,774.0,855.0295230389277,96.14213858549073,666.5943940147072,1043.4646520631482,374.0,455.02952303892766,266.5943940147072,643.4646520631482,81.02952303892766,"MATR_b2c4,MATR_b1c24,MATR_b1c29,MATR_b3c26,MATR_b1c32,MATR_b3c10,MATR_b2c32,MATR_b3c40,MATR_b2c42,MATR_b2c27,MATR_b2c35,MATR_b3c12",False,False,0.95
400,MATR_b4c6,706.0,719.3030087919597,79.5423415580175,563.4028840922617,875.2031334916576,306.0,319.30300879195966,163.40288409226173,475.2031334916576,13.303008791959655,"MATR_b2c4,MATR_b1c24,MATR_b1c29,MATR_b3c26,MATR_b1c32,MATR_b3c10,MATR_b2c32,MATR_b3c40,MATR_b2c42,MATR_b2c27,MATR_b2c35,MATR_b3c12",False,False,0.95
400,MATR_b4c7,529.0,530.2574906906424,41.69290735551835,448.54089386306134,611.9740875182234,129.0,130.25749069064238,48.54089386306134,211.97408751822343,1.2574906906423848,"MATR_b2c4,MATR_b1c24,MATR_b1c29,MATR_b3c26,MATR_b1c32,MATR_b3c10,MATR_b2c32,MATR_b3c40,MATR_b2c42,MATR_b2c27,MATR_b2c35,MATR_b3c12",False,False,0.95
420,MATR_b1c14,877.0,876.6475186990053,88.60457003381913,702.985752567063,1050.3092848309477,457.0,456.64751869900533,282.98575256706295,630.3092848309477,0.35248130099466835,"MATR_b4c41,MATR_b3c21,MATR_b4c0,MATR_b3c11,MATR_b1c24,MATR_b3c4,MATR_b1c20,MATR_b4c4,MATR_b2c10,MATR_b3c0,MATR_b1c23,MATR_b4c28",False,False,0.95
420,MATR_b1c18,687.0,599.2423112799962,49.067797651670524,503.071195082023,695.4134274779694,267.0,179.24231127999622,83.071195082023,275.41342747796944,87.75768872000378,"MATR_b4c41,MATR_b3c21,MATR_b4c0,MATR_b3c11,MATR_b1c24,MATR_b3c4,MATR_b1c20,MATR_b4c4,MATR_b2c10,MATR_b3c0,MATR_b1c23,MATR_b4c28",False,False,0.95
420,MATR_b1c19,786.0,736.7564914522197,67.29787761384183,604.8550750931054,868.6579078113341,366.0,316.75649145221973,184.85507509310537,448.6579078113341,49.243508547780266,"MATR_b4c41,MATR_b3c21,MATR_b4c0,MATR_b3c11,MATR_b1c24,MATR_b3c4,MATR_b1c20,MATR_b4c4,MATR_b2c10,MATR_b3c0,MATR_b1c23,MATR_b4c28",False,False,0.95
420,MATR_b1c2,2237.0,1473.8323233796136,480.31511240502334,532.4320018354604,2415.232644923767,1817.0,1053.8323233796136,112.43200183546037,1995.232644923767,763.1676766203864,"MATR_b4c41,MATR_b3c21,MATR_b4c0,MATR_b3c11,MATR_b1c24,MATR_b3c4,MATR_b1c20,MATR_b4c4,MATR_b2c10,MATR_b3c0,MATR_b1c23,MATR_b4c28",False,False,0.95
420,MATR_b1c30,707.0,779.9044545793472,73.64105928008563,635.5706306070003,924.2382785516941,287.0,359.9044545793472,215.57063060700034,504.23827855169407,72.9044545793472,"MATR_b4c41,MATR_b3c21,MATR_b4c0,MATR_b3c11,MATR_b1c24,MATR_b3c4,MATR_b1c20,MATR_b4c4,MATR_b2c10,MATR_b3c0,MATR_b1c23,MATR_b4c28",False,False,0.95
420,MATR_b1c34,742.0,750.6801060284216,68.1313678447194,617.1450788353213,884.2151332215219,322.0,330.6801060284216,197.14507883532133,464.2151332215219,8.68010602842162,"MATR_b4c41,MATR_b3c21,MATR_b4c0,MATR_b3c11,MATR_b1c24,MATR_b3c4,MATR_b1c20,MATR_b4c4,MATR_b2c10,MATR_b3c0,MATR_b1c23,MATR_b4c28",False,False,0.95
420,MATR_b1c35,701.0,628.3216293220678,51.27564790932373,527.8232061358368,728.8200525082988,281.0,208.3216293220678,107.82320613583681,308.8200525082988,72.67837067793221,"MATR_b4c41,MATR_b3c21,MATR_b4c0,MATR_b3c11,MATR_b1c24,MATR_b3c4,MATR_b1c20,MATR_b4c4,MATR_b2c10,MATR_b3c0,MATR_b1c23,MATR_b4c28",False,False,0.95
420,MATR_b1c42,700.0,695.8945454915798,61.470376184539276,575.4148220537543,816.3742689294054,280.0,275.89454549157983,155.41482205375428,396.3742689294054,4.105454508420166,"MATR_b4c41,MATR_b3c21,MATR_b4c0,MATR_b3c11,MATR_b1c24,MATR_b3c4,MATR_b1c20,MATR_b4c4,MATR_b2c10,MATR_b3c0,MATR_b1c23,MATR_b4c28",False,False,0.95
420,MATR_b1c5,1071.0,1005.6894795914982,115.30684810407105,779.6922101366883,1231.686749046308,651.0,585.6894795914982,359.69221013668835,811.686749046308,65.31052040850182,"MATR_b4c41,MATR_b3c21,MATR_b4c0,MATR_b3c11,MATR_b1c24,MATR_b3c4,MATR_b1c20,MATR_b4c4,MATR_b2c10,MATR_b3c0,MATR_b1c23,MATR_b4c28",False,False,0.95
420,MATR_b1c6,633.0,831.01033761134,82.50583624107571,669.301870064472,992.7188051582079,213.0,411.01033761134,249.30187006447204,572.7188051582079,198.01033761134,"MATR_b4c41,MATR_b3c21,MATR_b4c0,MATR_b3c11,MATR_b1c24,MATR_b3c4,MATR_b1c20,MATR_b4c4,MATR_b2c10,MATR_b3c0,MATR_b1c23,MATR_b4c28",False,False,0.95
420,MATR_b2c19,460.0,434.8148634285929,52.137258796511546,332.6277139347862,537.0020129223997,40.0,14.8148634285929,-87.37228606521381,117.00201292239967,25.1851365714071,"MATR_b4c41,MATR_b3c21,MATR_b4c0,MATR_b3c11,MATR_b1c24,MATR_b3c4,MATR_b1c20,MATR_b4c4,MATR_b2c10,MATR_b3c0,MATR_b1c23,MATR_b4c28",False,False,0.95
420,MATR_b2c22,512.0,502.69392166036164,40.56261881735019,423.1926496597286,582.1951936609946,92.0,82.69392166036164,3.192649659728602,162.19519366099462,9.306078339638361,"MATR_b4c41,MATR_b3c21,MATR_b4c0,MATR_b3c11,MATR_b1c24,MATR_b3c4,MATR_b1c20,MATR_b4c4,MATR_b2c10,MATR_b3c0,MATR_b1c23,MATR_b4c28",False,False,0.95
420,MATR_b2c24,494.0,468.30205318019875,37.9233420810298,393.9736685279881,542.6304378324094,74.0,48.302053180198754,-26.02633147201192,122.63043783240937,25.697946819801246,"MATR_b4c41,MATR_b3c21,MATR_b4c0,MATR_b3c11,MATR_b1c24,MATR_b3c4,MATR_b1c20,MATR_b4c4,MATR_b2c10,MATR_b3c0,MATR_b1c23,MATR_b4c28",False,False,0.95
420,MATR_b2c33,519.0,548.1240675328802,46.29476783884953,457.38798989609194,638.8601451696684,99.0,128.1240675328802,37.38798989609194,218.86014516966839,29.12406753288019,"MATR_b4c41,MATR_b3c21,MATR_b4c0,MATR_b3c11,MATR_b1c24,MATR_b3c4,MATR_b1c20,MATR_b4c4,MATR_b2c10,MATR_b3c0,MATR_b1c23,MATR_b4c28",False,False,0.95
420,MATR_b2c41,428.0,444.2940793176081,37.92765168805342,369.95724799084365,518.6309106443726,8.0,24.294079317608123,-50.042752009156345,98.63091064437265,16.294079317608123,"MATR_b4c41,MATR_b3c21,MATR_b4c0,MATR_b3c11,MATR_b1c24,MATR_b3c4,MATR_b1c20,MATR_b4c4,MATR_b2c10,MATR_b3c0,MATR_b1c23,MATR_b4c28",False,False,0.95
420,MATR_b3c1,1061.0,1166.6972072215456,237.3992759726809,701.4031763592061,1631.991238083885,641.0,746.6972072215456,281.4031763592061,1211.991238083885,105.69720722154557,"MATR_b4c41,MATR_b3c21,MATR_b4c0,MATR_b3c11,MATR_b1c24,MATR_b3c4,MATR_b1c20,MATR_b4c4,MATR_b2c10,MATR_b3c0,MATR_b1c23,MATR_b4c28",False,False,0.95
420,MATR_b3c14,856.0,900.7467470788779,101.83713371325038,701.1496327121174,1100.3438614456384,436.0,480.7467470788779,281.1496327121174,680.3438614456384,44.74674707887789,"MATR_b4c41,MATR_b3c21,MATR_b4c0,MATR_b3c11,MATR_b1c24,MATR_b3c4,MATR_b1c20,MATR_b4c4,MATR_b2c10,MATR_b3c0,MATR_b1c23,MATR_b4c28",False,False,0.95
420,MATR_b3c17,1313.0,1325.2673345505068,400.66073988363627,539.9867143594091,2110.5479547416044,893.0,905.2673345505068,119.98671435940912,1690.5479547416044,12.267334550506803,"MATR_b4c41,MATR_b3c21,MATR_b4c0,MATR_b3c11,MATR_b1c24,MATR_b3c4,MATR_b1c20,MATR_b4c4,MATR_b2c10,MATR_b3c0,MATR_b1c23,MATR_b4c28",False,False,0.95
420,MATR_b3c24,823.0,842.289938882585,97.63751576495372,650.923924443314,1033.655953321856,403.0,422.28993888258503,230.92392444331404,613.655953321856,19.289938882585034,"MATR_b4c41,MATR_b3c21,MATR_b4c0,MATR_b3c11,MATR_b1c24,MATR_b3c4,MATR_b1c20,MATR_b4c4,MATR_b2c10,MATR_b3c0,MATR_b1c23,MATR_b4c28",False,False,0.95
420,MATR_b3c31,729.0,691.9663951472821,60.254093107967435,573.8705427345429,810.0622475600213,309.0,271.9663951472821,153.87054273454294,390.0622475600213,37.03360485271787,"MATR_b4c41,MATR_b3c21,MATR_b4c0,MATR_b3c11,MATR_b1c24,MATR_b3c4,MATR_b1c20,MATR_b4c4,MATR_b2c10,MATR_b3c0,MATR_b1c23,MATR_b4c28",False,False,0.95
420,MATR_b3c33,1282.0,1242.670384936484,327.4302036062288,600.9189784176588,1884.4217914553092,862.0,822.670384936484,180.91897841765876,1464.4217914553092,39.32961506351603,"MATR_b4c41,MATR_b3c21,MATR_b4c0,MATR_b3c11,MATR_b1c24,MATR_b3c4,MATR_b1c20,MATR_b4c4,MATR_b2c10,MATR_b3c0,MATR_b1c23,MATR_b4c28",False,False,0.95
420,MATR_b3c36,921.0,1018.3899103093576,152.62113826585525,719.2579760287734,1317.5218445899418,501.0,598.3899103093576,299.25797602877344,897.5218445899418,97.38991030935756,"MATR_b4c41,MATR_b3c21,MATR_b4c0,MATR_b3c11,MATR_b1c24,MATR_b3c4,MATR_b1c20,MATR_b4c4,MATR_b2c10,MATR_b3c0,MATR_b1c23,MATR_b4c28",False,False,0.95
420,MATR_b3c6,665.0,496.28967625005714,52.7204671880489,392.95945931335564,599.6198931867586,245.0,76.28967625005714,-27.040540686644363,179.61989318675865,168.71032374994286,"MATR_b4c41,MATR_b3c21,MATR_b4c0,MATR_b3c11,MATR_b1c24,MATR_b3c4,MATR_b1c20,MATR_b4c4,MATR_b2c10,MATR_b3c0,MATR_b1c23,MATR_b4c28",False,False,0.95
420,MATR_b4c1,760.0,613.6808780236122,56.60510743872825,502.73690610268454,724.6248499445398,340.0,193.6808780236122,82.73690610268454,304.62484994453985,146.3191219763878,"MATR_b4c41,MATR_b3c21,MATR_b4c0,MATR_b3c11,MATR_b1c24,MATR_b3c4,MATR_b1c20,MATR_b4c4,MATR_b2c10,MATR_b3c0,MATR_b1c23,MATR_b4c28",False,False,0.95
420,MATR_b4c11,863.0,913.0323734159025,109.80122162554807,697.8259335713278,1128.2388132604772,443.0,493.0323734159025,277.8259335713278,708.2388132604772,50.0323734159025,"MATR_b4c41,MATR_b3c21,MATR_b4c0,MATR_b3c11,MATR_b1c24,MATR_b3c4,MATR_b1c20,MATR_b4c4,MATR_b2c10,MATR_b3c0,MATR_b1c23,MATR_b4c28",False,False,0.95
420,MATR_b4c15,675.0,662.9391405455199,57.43995736003139,550.358892846342,775.5193882446978,255.0,242.93914054551988,130.35889284634197,355.5193882446978,12.060859454480124,"MATR_b4c41,MATR_b3c21,MATR_b4c0,MATR_b3c11,MATR_b1c24,MATR_b3c4,MATR_b1c20,MATR_b4c4,MATR_b2c10,MATR_b3c0,MATR_b1c23,MATR_b4c28",False,False,0.95
420,MATR_b4c21,773.0,839.1190137802424,91.18994845347727,660.389999059363,1017.8480285011218,353.0,419.1190137802424,240.38999905936305,597.8480285011218,66.11901378024243,"MATR_b4c41,MATR_b3c21,MATR_b4c0,MATR_b3c11,MATR_b1c24,MATR_b3c4,MATR_b1c20,MATR_b4c4,MATR_b2c10,MATR_b3c0,MATR_b1c23,MATR_b4c28",False,False,0.95
420,MATR_b4c3,777.0,735.1960655536426,79.86273919809247,578.6679730186661,891.7241580886191,357.0,315.1960655536426,158.6679730186661,471.7241580886191,41.8039344463574,"MATR_b4c41,MATR_b3c21,MATR_b4c0,MATR_b3c11,MATR_b1c24,MATR_b3c4,MATR_b1c20,MATR_b4c4,MATR_b2c10,MATR_b3c0,MATR_b1c23,MATR_b4c28",False,False,0.95
420,MATR_b4c32,754.0,709.1327549444045,65.1344266591165,581.4716245388706,836.7938853499384,334.0,289.1327549444045,161.47162453887063,416.79388534993836,44.867245055595504,"MATR_b4c41,MATR_b3c21,MATR_b4c0,MATR_b3c11,MATR_b1c24,MATR_b3c4,MATR_b1c20,MATR_b4c4,MATR_b2c10,MATR_b3c0,MATR_b1c23,MATR_b4c28",False,False,0.95
420,MATR_b4c34,891.0,1014.8125977333475,172.13347687151133,677.437182531527,1352.188012935168,471.0,594.8125977333475,257.437182531527,932.188012935168,123.8125977333475,"MATR_b4c41,MATR_b3c21,MATR_b4c0,MATR_b3c11,MATR_b1c24,MATR_b3c4,MATR_b1c20,MATR_b4c4,MATR_b2c10,MATR_b3c0,MATR_b1c23,MATR_b4c28",False,False,0.95
420,MATR_b4c42,774.0,815.7418515885178,90.52264626724535,638.3207251194577,993.1629780575778,354.0,395.74185158851776,218.32072511945773,573.1629780575778,41.74185158851776,"MATR_b4c41,MATR_b3c21,MATR_b4c0,MATR_b3c11,MATR_b1c24,MATR_b3c4,MATR_b1c20,MATR_b4c4,MATR_b2c10,MATR_b3c0,MATR_b1c23,MATR_b4c28",False,False,0.95
420,MATR_b4c6,706.0,670.0892584884476,70.9258610060576,531.077125344081,809.1013916328143,286.0,250.08925848844763,111.07712534408097,389.1013916328143,35.910741511552374,"MATR_b4c41,MATR_b3c21,MATR_b4c0,MATR_b3c11,MATR_b1c24,MATR_b3c4,MATR_b1c20,MATR_b4c4,MATR_b2c10,MATR_b3c0,MATR_b1c23,MATR_b4c28",False,False,0.95
420,MATR_b4c7,529.0,518.5966350469528,42.097328218120474,436.08738789407494,601.1058821998306,109.0,98.59663504695277,16.087387894074936,181.1058821998306,10.40336495304723,"MATR_b4c41,MATR_b3c21,MATR_b4c0,MATR_b3c11,MATR_b1c24,MATR_b3c4,MATR_b1c20,MATR_b4c4,MATR_b2c10,MATR_b3c0,MATR_b1c23,MATR_b4c28",False,False,0.95
440,MATR_b1c14,877.0,892.2335324270942,94.53224630236511,706.953734296789,1077.5133305573995,437.0,452.23353242709425,266.953734296789,637.5133305573995,15.233532427094246,"MATR_b3c12,MATR_b1c7,MATR_b4c19,MATR_b1c38,MATR_b2c10,MATR_b2c44,MATR_b4c31,MATR_b3c35,MATR_b3c11,MATR_b1c9,MATR_b1c44,MATR_b2c47",False,False,0.95
440,MATR_b1c18,687.0,601.4325514294732,50.90213765605042,501.6661948875143,701.198907971432,247.0,161.43255142947316,61.66619488751428,261.19890797143205,85.56744857052684,"MATR_b3c12,MATR_b1c7,MATR_b4c19,MATR_b1c38,MATR_b2c10,MATR_b2c44,MATR_b4c31,MATR_b3c35,MATR_b3c11,MATR_b1c9,MATR_b1c44,MATR_b2c47",False,False,0.95
440,MATR_b1c19,786.0,745.2472371021005,70.3010009213105,607.4598072192148,883.0346669849862,346.0,305.2472371021005,167.45980721921478,443.0346669849862,40.752762897899515,"MATR_b3c12,MATR_b1c7,MATR_b4c19,MATR_b1c38,MATR_b2c10,MATR_b2c44,MATR_b4c31,MATR_b3c35,MATR_b3c11,MATR_b1c9,MATR_b1c44,MATR_b2c47",False,False,0.95
440,MATR_b1c2,2237.0,1475.354649717408,486.0494868022019,522.7151608809161,2427.9941385538996,1797.0,1035.354649717408,82.71516088091607,1987.9941385538996,761.6453502825921,"MATR_b3c12,MATR_b1c7,MATR_b4c19,MATR_b1c38,MATR_b2c10,MATR_b2c44,MATR_b4c31,MATR_b3c35,MATR_b3c11,MATR_b1c9,MATR_b1c44,MATR_b2c47",False,False,0.95
440,MATR_b1c30,707.0,788.5507036477266,77.74773368389359,636.1679457476836,940.9334615477695,267.0,348.55070364772655,196.16794574768358,500.9334615477695,81.55070364772655,"MATR_b3c12,MATR_b1c7,MATR_b4c19,MATR_b1c38,MATR_b2c10,MATR_b2c44,MATR_b4c31,MATR_b3c35,MATR_b3c11,MATR_b1c9,MATR_b1c44,MATR_b2c47",False,False,0.95
440,MATR_b1c34,742.0,759.8070333030074,71.08442725662218,620.4841160183706,899.1299505876442,302.0,319.8070333030074,180.48411601837063,459.1299505876442,17.807033303007415,"MATR_b3c12,MATR_b1c7,MATR_b4c19,MATR_b1c38,MATR_b2c10,MATR_b2c44,MATR_b4c31,MATR_b3c35,MATR_b3c11,MATR_b1c9,MATR_b1c44,MATR_b2c47",False,False,0.95
440,MATR_b1c35,701.0,633.8140729197172,53.35872657498298,529.2328905718304,738.395255267604,261.0,193.8140729197172,89.23289057183035,298.39525526760406,67.1859270802828,"MATR_b3c12,MATR_b1c7,MATR_b4c19,MATR_b1c38,MATR_b2c10,MATR_b2c44,MATR_b4c31,MATR_b3c35,MATR_b3c11,MATR_b1c9,MATR_b1c44,MATR_b2c47",False,False,0.95
440,MATR_b1c42,700.0,697.5300319474222,63.44280239649921,573.1844241719924,821.875639722852,260.0,257.53003194742223,133.18442417199242,381.87563972285204,2.4699680525777694,"MATR_b3c12,MATR_b1c7,MATR_b4c19,MATR_b1c38,MATR_b2c10,MATR_b2c44,MATR_b4c31,MATR_b3c35,MATR_b3c11,MATR_b1c9,MATR_b1c44,MATR_b2c47",False,False,0.95
440,MATR_b1c5,1071.0,1018.5928005858714,121.5474131340788,780.3642484290663,1256.8213527426765,631.0,578.5928005858714,340.36424842906627,816.8213527426765,52.40719941412863,"MATR_b3c12,MATR_b1c7,MATR_b4c19,MATR_b1c38,MATR_b2c10,MATR_b2c44,MATR_b4c31,MATR_b3c35,MATR_b3c11,MATR_b1c9,MATR_b1c44,MATR_b2c47",False,False,0.95
440,MATR_b1c6,633.0,830.1896726956877,86.64294606828523,660.3726188874024,1000.006726503973,193.0,390.1896726956877,220.37261888740238,560.006726503973,197.1896726956877,"MATR_b3c12,MATR_b1c7,MATR_b4c19,MATR_b1c38,MATR_b2c10,MATR_b2c44,MATR_b4c31,MATR_b3c35,MATR_b3c11,MATR_b1c9,MATR_b1c44,MATR_b2c47",False,False,0.95
440,MATR_b2c19,460.0,428.97939204918333,55.54975713273504,320.1038687190757,537.854915379291,20.0,-11.020607950816668,-119.8961312809243,97.85491537929101,31.020607950816668,"MATR_b3c12,MATR_b1c7,MATR_b4c19,MATR_b1c38,MATR_b2c10,MATR_b2c44,MATR_b4c31,MATR_b3c35,MATR_b3c11,MATR_b1c9,MATR_b1c44,MATR_b2c47",False,False,0.95
440,MATR_b2c22,512.0,491.18162513389683,40.93184298765568,410.95668705724336,571.4065632105503,72.0,51.18162513389683,-29.043312942756643,131.4065632105503,20.81837486610317,"MATR_b3c12,MATR_b1c7,MATR_b4c19,MATR_b1c38,MATR_b2c10,MATR_b2c44,MATR_b4c31,MATR_b3c35,MATR_b3c11,MATR_b1c9,MATR_b1c44,MATR_b2c47",False,False,0.95
440,MATR_b2c24,494.0,459.6332880618049,39.041619236303525,383.1131204605238,536.1534556630859,54.0,19.633288061804876,-56.88687953947618,96.15345566308588,34.366711938195124,"MATR_b3c12,MATR_b1c7,MATR_b4c19,MATR_b1c38,MATR_b2c10,MATR_b2c44,MATR_b4c31,MATR_b3c35,MATR_b3c11,MATR_b1c9,MATR_b1c44,MATR_b2c47",False,False,0.95
440,MATR_b2c33,519.0,534.7456923459423,46.09542969476235,444.40031029231,625.0910743995746,79.0,94.7456923459423,4.400310292309996,185.0910743995746,15.745692345942302,"MATR_b3c12,MATR_b1c7,MATR_b4c19,MATR_b1c38,MATR_b2c10,MATR_b2c44,MATR_b4c31,MATR_b3c35,MATR_b3c11,MATR_b1c9,MATR_b1c44,MATR_b2c47",False,False,0.95
440,MATR_b3c1,1061.0,1152.4700841011345,236.4178147259737,689.0996819345629,1615.8404862677062,621.0,712.4700841011345,249.0996819345629,1175.8404862677062,91.47008410113449,"MATR_b3c12,MATR_b1c7,MATR_b4c19,MATR_b1c38,MATR_b2c10,MATR_b2c44,MATR_b4c31,MATR_b3c35,MATR_b3c11,MATR_b1c9,MATR_b1c44,MATR_b2c47",False,False,0.95
440,MATR_b3c14,856.0,891.9279737614215,105.72005200304476,684.7204793917523,1099.1354681310909,416.0,451.9279737614215,244.7204793917523,659.1354681310909,35.927973761421526,"MATR_b3c12,MATR_b1c7,MATR_b4c19,MATR_b1c38,MATR_b2c10,MATR_b2c44,MATR_b4c31,MATR_b3c35,MATR_b3c11,MATR_b1c9,MATR_b1c44,MATR_b2c47",False,False,0.95
440,MATR_b3c17,1313.0,1306.1633923728841,387.1598890525511,547.343953571361,2064.9828311744072,873.0,866.1633923728841,107.343953571361,1624.9828311744072,6.836607627115882,"MATR_b3c12,MATR_b1c7,MATR_b4c19,MATR_b1c38,MATR_b2c10,MATR_b2c44,MATR_b4c31,MATR_b3c35,MATR_b3c11,MATR_b1c9,MATR_b1c44,MATR_b2c47",False,False,0.95
440,MATR_b3c24,823.0,834.7885220998758,103.2831950621221,632.3571795698913,1037.2198646298602,383.0,394.78852209987576,192.3571795698913,597.2198646298602,11.788522099875763,"MATR_b3c12,MATR_b1c7,MATR_b4c19,MATR_b1c38,MATR_b2c10,MATR_b2c44,MATR_b4c31,MATR_b3c35,MATR_b3c11,MATR_b1c9,MATR_b1c44,MATR_b2c47",False,False,0.95
440,MATR_b3c31,729.0,694.616078925891,63.662502963291885,569.8398659521645,819.3922918996175,289.0,254.61607892589097,129.83986595216447,379.3922918996175,34.383921074109026,"MATR_b3c12,MATR_b1c7,MATR_b4c19,MATR_b1c38,MATR_b2c10,MATR_b2c44,MATR_b4c31,MATR_b3c35,MATR_b3c11,MATR_b1c9,MATR_b1c44,MATR_b2c47",False,False,0.95
440,MATR_b3c33,1282.0,1250.736426106644,338.55365689984615,587.1834517486154,1914.2894004646728,842.0,810.7364261066441,147.18345174861543,1474.2894004646728,31.263573893355897,"MATR_b3c12,MATR_b1c7,MATR_b4c19,MATR_b1c38,MATR_b2c10,MATR_b2c44,MATR_b4c31,MATR_b3c35,MATR_b3c11,MATR_b1c9,MATR_b1c44,MATR_b2c47",False,False,0.95
440,MATR_b3c36,921.0,1016.6651453569211,158.96986690445806,705.0899315970576,1328.2403591167847,481.0,576.6651453569211,265.08993159705756,888.2403591167847,95.66514535692113,"MATR_b3c12,MATR_b1c7,MATR_b4c19,MATR_b1c38,MATR_b2c10,MATR_b2c44,MATR_b4c31,MATR_b3c35,MATR_b3c11,MATR_b1c9,MATR_b1c44,MATR_b2c47",False,False,0.95
440,MATR_b3c6,665.0,492.62223831144394,56.03475729609435,382.79613212865604,602.4483444942318,225.0,52.62223831144394,-57.20386787134396,162.44834449423183,172.37776168855606,"MATR_b3c12,MATR_b1c7,MATR_b4c19,MATR_b1c38,MATR_b2c10,MATR_b2c44,MATR_b4c31,MATR_b3c35,MATR_b3c11,MATR_b1c9,MATR_b1c44,MATR_b2c47",False,False,0.95
440,MATR_b4c1,760.0,606.1450690713148,59.65630450664165,489.2208607875426,723.0692773550869,320.0,166.14506907131477,49.22086078754262,283.0692773550869,153.85493092868523,"MATR_b3c12,MATR_b1c7,MATR_b4c19,MATR_b1c38,MATR_b2c10,MATR_b2c44,MATR_b4c31,MATR_b3c35,MATR_b3c11,MATR_b1c9,MATR_b1c44,MATR_b2c47",False,False,0.95
440,MATR_b4c11,863.0,911.1413874851422,114.88637913059821,685.9682220749557,1136.3145528953287,423.0,471.1413874851422,245.96822207495575,696.3145528953287,48.14138748514222,"MATR_b3c12,MATR_b1c7,MATR_b4c19,MATR_b1c38,MATR_b2c10,MATR_b2c44,MATR_b4c31,MATR_b3c35,MATR_b3c11,MATR_b1c9,MATR_b1c44,MATR_b2c47",False,False,0.95
440,MATR_b4c15,675.0,660.1274230705206,60.350024207543484,541.843549157615,778.4112969834263,235.0,220.12742307052065,101.84354915761503,338.41129698342627,14.87257692947935,"MATR_b3c12,MATR_b1c7,MATR_b4c19,MATR_b1c38,MATR_b2c10,MATR_b2c44,MATR_b4c31,MATR_b3c35,MATR_b3c11,MATR_b1c9,MATR_b1c44,MATR_b2c47",False,False,0.95
440,MATR_b4c21,773.0,809.8478382438299,91.68380307144189,630.150886258141,989.5447902295188,333.0,369.84783824382987,190.15088625814099,549.5447902295188,36.84783824382987,"MATR_b3c12,MATR_b1c7,MATR_b4c19,MATR_b1c38,MATR_b2c10,MATR_b2c44,MATR_b4c31,MATR_b3c35,MATR_b3c11,MATR_b1c9,MATR_b1c44,MATR_b2c47",False,False,0.95
440,MATR_b4c3,777.0,717.7134695219172,83.25287556686698,554.5408318014634,880.886107242371,337.0,277.7134695219172,114.54083180146336,440.88610724237105,59.286530478082796,"MATR_b3c12,MATR_b1c7,MATR_b4c19,MATR_b1c38,MATR_b2c10,MATR_b2c44,MATR_b4c31,MATR_b3c35,MATR_b3c11,MATR_b1c9,MATR_b1c44,MATR_b2c47",False,False,0.95
440,MATR_b4c32,754.0,695.2334066079691,67.10449105587352,563.7110209375668,826.7557922783714,314.0,255.23340660796907,123.71102093756679,386.75579227837136,58.76659339203093,"MATR_b3c12,MATR_b1c7,MATR_b4c19,MATR_b1c38,MATR_b2c10,MATR_b2c44,MATR_b4c31,MATR_b3c35,MATR_b3c11,MATR_b1c9,MATR_b1c44,MATR_b2c47",False,False,0.95
440,MATR_b4c34,891.0,994.1788203393173,173.60525471818997,653.9187735647628,1334.4388671138718,451.0,554.1788203393173,213.91877356476277,894.4388671138718,103.17882033931733,"MATR_b3c12,MATR_b1c7,MATR_b4c19,MATR_b1c38,MATR_b2c10,MATR_b2c44,MATR_b4c31,MATR_b3c35,MATR_b3c11,MATR_b1c9,MATR_b1c44,MATR_b2c47",False,False,0.95
440,MATR_b4c42,774.0,788.8318678675286,92.33549469424108,607.8576237721268,969.8061119629303,334.0,348.83186786752856,167.85762377212677,529.8061119629303,14.831867867528558,"MATR_b3c12,MATR_b1c7,MATR_b4c19,MATR_b1c38,MATR_b2c10,MATR_b2c44,MATR_b4c31,MATR_b3c35,MATR_b3c11,MATR_b1c9,MATR_b1c44,MATR_b2c47",False,False,0.95
440,MATR_b4c6,706.0,665.8202351659015,75.0150523315907,518.7934342975964,812.8470360342067,266.0,225.82023516590152,78.79343429759638,372.84703603420667,40.17976483409848,"MATR_b3c12,MATR_b1c7,MATR_b4c19,MATR_b1c38,MATR_b2c10,MATR_b2c44,MATR_b4c31,MATR_b3c35,MATR_b3c11,MATR_b1c9,MATR_b1c44,MATR_b2c47",False,False,0.95
440,MATR_b4c7,529.0,512.7275901350972,43.818908013400865,426.844108586958,598.6110716832364,89.0,72.72759013509722,-13.155891413042013,158.61107168323645,16.272409864902784,"MATR_b3c12,MATR_b1c7,MATR_b4c19,MATR_b1c38,MATR_b2c10,MATR_b2c44,MATR_b4c31,MATR_b3c35,MATR_b3c11,MATR_b1c9,MATR_b1c44,MATR_b2c47",False,False,0.95
460,MATR_b1c14,877.0,912.683408162457,99.89111090152687,716.900428419768,1108.466387905146,417.0,452.683408162457,256.900428419768,648.4663879051459,35.683408162457,"MATR_b1c36,MATR_b2c26,MATR_b4c27,MATR_b2c34,MATR_b2c14,MATR_b1c0,MATR_b1c45,MATR_b4c33,MATR_b1c38,MATR_b1c32,MATR_b4c44,MATR_b4c23",False,False,0.95
460,MATR_b1c18,687.0,615.1306467636789,53.08031937452136,511.0951325017334,719.1661610256244,227.0,155.1306467636789,51.09513250173342,259.16616102562443,71.8693532363211,"MATR_b1c36,MATR_b2c26,MATR_b4c27,MATR_b2c34,MATR_b2c14,MATR_b1c0,MATR_b1c45,MATR_b4c33,MATR_b1c38,MATR_b1c32,MATR_b4c44,MATR_b4c23",False,False,0.95
460,MATR_b1c19,786.0,761.9651784069457,73.38737115746474,618.1285740182414,905.8017827956501,326.0,301.9651784069457,158.12857401824135,445.80178279565007,24.03482159305429,"MATR_b1c36,MATR_b2c26,MATR_b4c27,MATR_b2c34,MATR_b2c14,MATR_b1c0,MATR_b1c45,MATR_b4c33,MATR_b1c38,MATR_b1c32,MATR_b4c44,MATR_b4c23",False,False,0.95
460,MATR_b1c2,2237.0,1475.2991705841955,485.07525214543824,524.5691465874512,2426.02919458094,1777.0,1015.2991705841955,64.5691465874512,1966.02919458094,761.7008294158045,"MATR_b1c36,MATR_b2c26,MATR_b4c27,MATR_b2c34,MATR_b2c14,MATR_b1c0,MATR_b1c45,MATR_b4c33,MATR_b1c38,MATR_b1c32,MATR_b4c44,MATR_b4c23",False,False,0.95
460,MATR_b1c30,707.0,803.5240403995701,81.0785376791147,644.6130266293317,962.4350541698086,247.0,343.52404039957014,184.61302662933167,502.4350541698086,96.52404039957014,"MATR_b1c36,MATR_b2c26,MATR_b4c27,MATR_b2c34,MATR_b2c14,MATR_b1c0,MATR_b1c45,MATR_b4c33,MATR_b1c38,MATR_b1c32,MATR_b4c44,MATR_b4c23",False,False,0.95
460,MATR_b1c34,742.0,778.4862704128082,74.5679164884564,632.3358396932432,924.6367011323731,282.0,318.48627041280815,172.3358396932432,464.6367011323731,36.48627041280815,"MATR_b1c36,MATR_b2c26,MATR_b4c27,MATR_b2c34,MATR_b2c14,MATR_b1c0,MATR_b1c45,MATR_b4c33,MATR_b1c38,MATR_b1c32,MATR_b4c44,MATR_b4c23",False,False,0.95
460,MATR_b1c35,701.0,651.6117901458002,55.75560673546926,542.3328090081017,760.8907712834988,241.0,191.61179014580023,82.33280900810166,300.8907712834988,49.38820985419977,"MATR_b1c36,MATR_b2c26,MATR_b4c27,MATR_b2c34,MATR_b2c14,MATR_b1c0,MATR_b1c45,MATR_b4c33,MATR_b1c38,MATR_b1c32,MATR_b4c44,MATR_b4c23",False,False,0.95
460,MATR_b1c42,700.0,711.6007718496475,65.75346218764608,582.726354103045,840.47518959625,240.0,251.60077184964746,122.72635410304497,380.47518959624995,11.600771849647458,"MATR_b1c36,MATR_b2c26,MATR_b4c27,MATR_b2c34,MATR_b2c14,MATR_b1c0,MATR_b1c45,MATR_b4c33,MATR_b1c38,MATR_b1c32,MATR_b4c44,MATR_b4c23",False,False,0.95
460,MATR_b1c5,1071.0,1033.3145875517669,126.54778994200484,785.2854769422974,1281.3436981612363,611.0,573.3145875517669,325.28547694229735,821.3436981612363,37.68541244823314,"MATR_b1c36,MATR_b2c26,MATR_b4c27,MATR_b2c34,MATR_b2c14,MATR_b1c0,MATR_b1c45,MATR_b4c33,MATR_b1c38,MATR_b1c32,MATR_b4c44,MATR_b4c23",False,False,0.95
460,MATR_b1c6,633.0,839.1106062826974,89.73816605423359,663.2270327777247,1014.9941797876701,173.0,379.1106062826974,203.22703277772473,554.9941797876701,206.1106062826974,"MATR_b1c36,MATR_b2c26,MATR_b4c27,MATR_b2c34,MATR_b2c14,MATR_b1c0,MATR_b1c45,MATR_b4c33,MATR_b1c38,MATR_b1c32,MATR_b4c44,MATR_b4c23",False,False,0.95
460,MATR_b2c22,512.0,487.2392380310254,41.28380520581087,406.32446668286894,568.1540093791818,52.0,27.239238031025423,-53.675533317131055,108.15400937918184,24.760761968974577,"MATR_b1c36,MATR_b2c26,MATR_b4c27,MATR_b2c34,MATR_b2c14,MATR_b1c0,MATR_b1c45,MATR_b4c33,MATR_b1c38,MATR_b1c32,MATR_b4c44,MATR_b4c23",False,False,0.95
460,MATR_b2c24,494.0,457.69251581933725,40.03193964242718,379.23135588889875,536.1536757497757,34.0,-2.3074841806627546,-80.76864411110125,76.15367574977574,36.307484180662755,"MATR_b1c36,MATR_b2c26,MATR_b4c27,MATR_b2c34,MATR_b2c14,MATR_b1c0,MATR_b1c45,MATR_b4c33,MATR_b1c38,MATR_b1c32,MATR_b4c44,MATR_b4c23",False,False,0.95
460,MATR_b2c33,519.0,529.2464079528645,45.83384689901304,439.41371875787615,619.0790971478528,59.0,69.2464079528645,-20.586281242123846,159.07909714785285,10.246407952864502,"MATR_b1c36,MATR_b2c26,MATR_b4c27,MATR_b2c34,MATR_b2c14,MATR_b1c0,MATR_b1c45,MATR_b4c33,MATR_b1c38,MATR_b1c32,MATR_b4c44,MATR_b4c23",False,False,0.95
460,MATR_b3c1,1061.0,1151.8467154415252,232.62406201730565,695.9119319501943,1607.7814989328563,601.0,691.8467154415252,235.91193195019434,1147.7814989328563,90.84671544152525,"MATR_b1c36,MATR_b2c26,MATR_b4c27,MATR_b2c34,MATR_b2c14,MATR_b1c0,MATR_b1c45,MATR_b4c33,MATR_b1c38,MATR_b1c32,MATR_b4c44,MATR_b4c23",False,False,0.95
460,MATR_b3c14,856.0,902.5743403840527,109.13805967313797,688.667674082119,1116.4810066859864,396.0,442.5743403840527,228.667674082119,656.4810066859864,46.574340384052675,"MATR_b1c36,MATR_b2c26,MATR_b4c27,MATR_b2c34,MATR_b2c14,MATR_b1c0,MATR_b1c45,MATR_b4c33,MATR_b1c38,MATR_b1c32,MATR_b4c44,MATR_b4c23",False,False,0.95
460,MATR_b3c17,1313.0,1296.4333535912451,365.74287351565573,579.5904938983716,2013.2762132841185,853.0,836.4333535912451,119.59049389837162,1553.2762132841185,16.566646408754877,"MATR_b1c36,MATR_b2c26,MATR_b4c27,MATR_b2c34,MATR_b2c14,MATR_b1c0,MATR_b1c45,MATR_b4c33,MATR_b1c38,MATR_b1c32,MATR_b4c44,MATR_b4c23",False,False,0.95
460,MATR_b3c24,823.0,833.3841877211923,103.47706151082885,630.572873933932,1036.1955015084527,363.0,373.38418772119235,170.572873933932,576.1955015084527,10.384187721192347,"MATR_b1c36,MATR_b2c26,MATR_b4c27,MATR_b2c34,MATR_b2c14,MATR_b1c0,MATR_b1c45,MATR_b4c33,MATR_b1c38,MATR_b1c32,MATR_b4c44,MATR_b4c23",False,False,0.95
460,MATR_b3c31,729.0,710.3984620622243,66.5269002088626,580.0081336497635,840.7887904746851,269.0,250.39846206222433,120.00813364976352,380.78879047468513,18.601537937775674,"MATR_b1c36,MATR_b2c26,MATR_b4c27,MATR_b2c34,MATR_b2c14,MATR_b1c0,MATR_b1c45,MATR_b4c33,MATR_b1c38,MATR_b1c32,MATR_b4c44,MATR_b4c23",False,False,0.95
460,MATR_b3c33,1282.0,1263.4318885439175,343.2443536275223,590.6853175372437,1936.1784595505912,822.0,803.4318885439175,130.6853175372437,1476.1784595505912,18.568111456082534,"MATR_b1c36,MATR_b2c26,MATR_b4c27,MATR_b2c34,MATR_b2c14,MATR_b1c0,MATR_b1c45,MATR_b4c33,MATR_b1c38,MATR_b1c32,MATR_b4c44,MATR_b4c23",False,False,0.95
460,MATR_b3c36,921.0,1025.2694169239178,161.44081490705446,708.8512340712941,1341.6875997765414,461.0,565.2694169239178,248.85123407129413,881.6875997765414,104.26941692391779,"MATR_b1c36,MATR_b2c26,MATR_b4c27,MATR_b2c34,MATR_b2c14,MATR_b1c0,MATR_b1c45,MATR_b4c33,MATR_b1c38,MATR_b1c32,MATR_b4c44,MATR_b4c23",False,False,0.95
460,MATR_b3c6,665.0,498.5413988717882,58.04627578399236,384.7727888984837,612.3100088450926,205.0,38.5413988717882,-75.22721110151627,152.31000884509263,166.4586011282118,"MATR_b1c36,MATR_b2c26,MATR_b4c27,MATR_b2c34,MATR_b2c14,MATR_b1c0,MATR_b1c45,MATR_b4c33,MATR_b1c38,MATR_b1c32,MATR_b4c44,MATR_b4c23",False,False,0.95
460,MATR_b4c1,760.0,612.6530085196113,61.127386041268416,492.84553340964874,732.4604836295738,300.0,152.65300851961126,32.84553340964874,272.4604836295738,147.34699148038874,"MATR_b1c36,MATR_b2c26,MATR_b4c27,MATR_b2c34,MATR_b2c14,MATR_b1c0,MATR_b1c45,MATR_b4c33,MATR_b1c38,MATR_b1c32,MATR_b4c44,MATR_b4c23",False,False,0.95
460,MATR_b4c11,863.0,912.0673037312808,115.0570320410358,686.5596647627797,1137.574942699782,403.0,452.06730373128084,226.55966476277968,677.574942699782,49.067303731280845,"MATR_b1c36,MATR_b2c26,MATR_b4c27,MATR_b2c34,MATR_b2c14,MATR_b1c0,MATR_b1c45,MATR_b4c33,MATR_b1c38,MATR_b1c32,MATR_b4c44,MATR_b4c23",False,False,0.95
460,MATR_b4c15,675.0,669.7720883488292,62.37304125391937,547.5231738849163,792.0210028127422,215.0,209.77208834882924,87.52317388491633,332.02100281274215,5.227911651170757,"MATR_b1c36,MATR_b2c26,MATR_b4c27,MATR_b2c34,MATR_b2c14,MATR_b1c0,MATR_b1c45,MATR_b4c33,MATR_b1c38,MATR_b1c32,MATR_b4c44,MATR_b4c23",False,False,0.95
460,MATR_b4c21,773.0,815.2207749331747,93.48650792557414,631.990586358631,998.4509635077183,313.0,355.22077493317465,171.99058635863105,538.4509635077183,42.22077493317465,"MATR_b1c36,MATR_b2c26,MATR_b4c27,MATR_b2c34,MATR_b2c14,MATR_b1c0,MATR_b1c45,MATR_b4c33,MATR_b1c38,MATR_b1c32,MATR_b4c44,MATR_b4c23",False,False,0.95
460,MATR_b4c3,777.0,719.6961569270197,83.07285067259636,556.8763615156569,882.5159523383826,317.0,259.69615692701973,96.87636151565687,422.5159523383826,57.30384307298027,"MATR_b1c36,MATR_b2c26,MATR_b4c27,MATR_b2c34,MATR_b2c14,MATR_b1c0,MATR_b1c45,MATR_b4c33,MATR_b1c38,MATR_b1c32,MATR_b4c44,MATR_b4c23",False,False,0.95
460,MATR_b4c32,754.0,704.7390588308988,69.33164985853213,568.8515221194343,840.6265955423632,294.0,244.73905883089878,108.85152211943432,380.62659554236325,49.260941169101216,"MATR_b1c36,MATR_b2c26,MATR_b4c27,MATR_b2c34,MATR_b2c14,MATR_b1c0,MATR_b1c45,MATR_b4c33,MATR_b1c38,MATR_b1c32,MATR_b4c44,MATR_b4c23",False,False,0.95
460,MATR_b4c34,891.0,954.8330115373891,151.59603519081713,657.710242364321,1251.9557807104572,431.0,494.8330115373891,197.71024236432095,791.9557807104572,63.8330115373891,"MATR_b1c36,MATR_b2c26,MATR_b4c27,MATR_b2c34,MATR_b2c14,MATR_b1c0,MATR_b1c45,MATR_b4c33,MATR_b1c38,MATR_b1c32,MATR_b4c44,MATR_b4c23",False,False,0.95
460,MATR_b4c42,774.0,796.6283068913151,94.24826390067751,611.9051040405607,981.3515097420695,314.0,336.6283068913151,151.90510404056067,521.3515097420695,22.628306891315106,"MATR_b1c36,MATR_b2c26,MATR_b4c27,MATR_b2c34,MATR_b2c14,MATR_b1c0,MATR_b1c45,MATR_b4c33,MATR_b1c38,MATR_b1c32,MATR_b4c44,MATR_b4c23",False,False,0.95
460,MATR_b4c6,706.0,680.766695683987,77.81414679824452,528.253770471715,833.279620896259,246.0,220.766695683987,68.25377047171503,373.27962089625896,25.233304316013005,"MATR_b1c36,MATR_b2c26,MATR_b4c27,MATR_b2c34,MATR_b2c14,MATR_b1c0,MATR_b1c45,MATR_b4c33,MATR_b1c38,MATR_b1c32,MATR_b4c44,MATR_b4c23",False,False,0.95
460,MATR_b4c7,529.0,517.9420452604784,44.98898043474779,429.7652639071956,606.1188266137611,69.0,57.94204526047838,-30.234736092804383,146.11882661376114,11.05795473952162,"MATR_b1c36,MATR_b2c26,MATR_b4c27,MATR_b2c34,MATR_b2c14,MATR_b1c0,MATR_b1c45,MATR_b4c33,MATR_b1c38,MATR_b1c32,MATR_b4c44,MATR_b4c23",False,False,0.95
480,MATR_b1c14,877.0,898.8160619515397,98.84442215288136,705.0845544592192,1092.5475694438603,397.0,418.8160619515397,225.08455445921925,612.5475694438603,21.816061951539723,"MATR_b1c9,MATR_b1c28,MATR_b1c7,MATR_b1c17,MATR_b1c24,MATR_b3c11,MATR_b3c28,MATR_b4c39,MATR_b1c36,MATR_b3c22,MATR_b3c25,MATR_b1c15",False,False,0.95
480,MATR_b1c18,687.0,604.8426173783264,53.27939875399467,500.41691470254864,709.2683200541042,207.0,124.8426173783264,20.416914702548638,229.26832005410415,82.1573826216736,"MATR_b1c9,MATR_b1c28,MATR_b1c7,MATR_b1c17,MATR_b1c24,MATR_b3c11,MATR_b3c28,MATR_b4c39,MATR_b1c36,MATR_b3c22,MATR_b3c25,MATR_b1c15",False,False,0.95
480,MATR_b1c19,786.0,745.7975118155097,71.76132725762285,605.1478949077764,886.4471287232429,306.0,265.79751181550967,125.14789490777639,406.44712872324294,40.202488184490335,"MATR_b1c9,MATR_b1c28,MATR_b1c7,MATR_b1c17,MATR_b1c24,MATR_b3c11,MATR_b3c28,MATR_b4c39,MATR_b1c36,MATR_b3c22,MATR_b3c25,MATR_b1c15",False,False,0.95
480,MATR_b1c2,2237.0,1467.6450826793066,488.43520244580276,510.3296771040033,2424.96048825461,1757.0,987.6450826793066,30.32967710400328,1944.96048825461,769.3549173206934,"MATR_b1c9,MATR_b1c28,MATR_b1c7,MATR_b1c17,MATR_b1c24,MATR_b3c11,MATR_b3c28,MATR_b4c39,MATR_b1c36,MATR_b3c22,MATR_b3c25,MATR_b1c15",False,False,0.95
480,MATR_b1c30,707.0,784.0143129641084,78.84478743601932,629.4813692207945,938.5472567074223,227.0,304.0143129641084,149.48136922079448,458.5472567074223,77.0143129641084,"MATR_b1c9,MATR_b1c28,MATR_b1c7,MATR_b1c17,MATR_b1c24,MATR_b3c11,MATR_b3c28,MATR_b4c39,MATR_b1c36,MATR_b3c22,MATR_b3c25,MATR_b1c15",False,False,0.95
480,MATR_b1c34,742.0,760.5964806204025,72.67708581646446,618.1520099188054,903.0409513219996,262.0,280.59648062040253,138.15200991880545,423.0409513219996,18.59648062040253,"MATR_b1c9,MATR_b1c28,MATR_b1c7,MATR_b1c17,MATR_b1c24,MATR_b3c11,MATR_b3c28,MATR_b4c39,MATR_b1c36,MATR_b3c22,MATR_b3c25,MATR_b1c15",False,False,0.95
480,MATR_b1c35,701.0,638.809509675924,55.151772451801385,530.714021986845,746.904997365003,221.0,158.809509675924,50.714021986844955,266.90499736500306,62.190490324075995,"MATR_b1c9,MATR_b1c28,MATR_b1c7,MATR_b1c17,MATR_b1c24,MATR_b3c11,MATR_b3c28,MATR_b4c39,MATR_b1c36,MATR_b3c22,MATR_b3c25,MATR_b1c15",False,False,0.95
480,MATR_b1c42,700.0,692.470623873857,63.923041290963425,567.183765161302,817.757482586412,220.0,212.470623873857,87.18376516130195,337.75748258641204,7.529376126143006,"MATR_b1c9,MATR_b1c28,MATR_b1c7,MATR_b1c17,MATR_b1c24,MATR_b3c11,MATR_b3c28,MATR_b4c39,MATR_b1c36,MATR_b3c22,MATR_b3c25,MATR_b1c15",False,False,0.95
480,MATR_b1c5,1071.0,1019.3050148994478,124.82638422473741,774.6497974986037,1263.9602323002919,591.0,539.3050148994478,294.6497974986037,783.9602323002919,51.69498510055223,"MATR_b1c9,MATR_b1c28,MATR_b1c7,MATR_b1c17,MATR_b1c24,MATR_b3c11,MATR_b3c28,MATR_b4c39,MATR_b1c36,MATR_b3c22,MATR_b3c25,MATR_b1c15",False,False,0.95
480,MATR_b1c6,633.0,805.2209293458767,85.04571913680545,638.5343827984292,971.9074758933242,153.0,325.2209293458767,158.5343827984292,491.9074758933242,172.2209293458767,"MATR_b1c9,MATR_b1c28,MATR_b1c7,MATR_b1c17,MATR_b1c24,MATR_b3c11,MATR_b3c28,MATR_b4c39,MATR_b1c36,MATR_b3c22,MATR_b3c25,MATR_b1c15",False,False,0.95
480,MATR_b2c22,512.0,467.1810095959623,41.00472051254204,386.8132341952491,547.5487849966754,32.0,-12.81899040403772,-93.1867658047509,67.54878499667541,44.81899040403772,"MATR_b1c9,MATR_b1c28,MATR_b1c7,MATR_b1c17,MATR_b1c24,MATR_b3c11,MATR_b3c28,MATR_b4c39,MATR_b1c36,MATR_b3c22,MATR_b3c25,MATR_b1c15",False,False,0.95
480,MATR_b2c24,494.0,441.1446410878386,40.752095677243574,361.2720012659108,521.0172809097664,14.0,-38.85535891216142,-118.72799873408923,41.01728090976644,52.85535891216142,"MATR_b1c9,MATR_b1c28,MATR_b1c7,MATR_b1c17,MATR_b1c24,MATR_b3c11,MATR_b3c28,MATR_b4c39,MATR_b1c36,MATR_b3c22,MATR_b3c25,MATR_b1c15",False,False,0.95
480,MATR_b2c33,519.0,504.0734852082815,44.18747821495495,417.4676193393216,590.6793510772414,39.0,24.07348520828151,-62.53238066067843,110.67935107724145,14.926514791718489,"MATR_b1c9,MATR_b1c28,MATR_b1c7,MATR_b1c17,MATR_b1c24,MATR_b3c11,MATR_b3c28,MATR_b4c39,MATR_b1c36,MATR_b3c22,MATR_b3c25,MATR_b1c15",False,False,0.95
480,MATR_b3c1,1061.0,1140.9012922022464,232.47631212760058,685.2560931734572,1596.5464912310356,581.0,660.9012922022464,205.2560931734572,1116.5464912310356,79.9012922022464,"MATR_b1c9,MATR_b1c28,MATR_b1c7,MATR_b1c17,MATR_b1c24,MATR_b3c11,MATR_b3c28,MATR_b4c39,MATR_b1c36,MATR_b3c22,MATR_b3c25,MATR_b1c15",False,False,0.95
480,MATR_b3c14,856.0,871.9278779730657,103.64713102468245,668.7832340637841,1075.0725218823472,376.0,391.92787797306573,188.7832340637841,595.0725218823472,15.927877973065733,"MATR_b1c9,MATR_b1c28,MATR_b1c7,MATR_b1c17,MATR_b1c24,MATR_b3c11,MATR_b3c28,MATR_b4c39,MATR_b1c36,MATR_b3c22,MATR_b3c25,MATR_b1c15",False,False,0.95
480,MATR_b3c17,1313.0,1272.0903218970013,347.9058805259993,590.2073260563479,1953.9733177376547,833.0,792.0903218970013,110.20732605634794,1473.9733177376547,40.90967810299867,"MATR_b1c9,MATR_b1c28,MATR_b1c7,MATR_b1c17,MATR_b1c24,MATR_b3c11,MATR_b3c28,MATR_b4c39,MATR_b1c36,MATR_b3c22,MATR_b3c25,MATR_b1c15",False,False,0.95
480,MATR_b3c24,823.0,815.7198189578501,101.66399666251971,616.4620469749112,1014.9775909407889,343.0,335.71981895785007,136.46204697491123,534.9775909407889,7.280181042149934,"MATR_b1c9,MATR_b1c28,MATR_b1c7,MATR_b1c17,MATR_b1c24,MATR_b3c11,MATR_b3c28,MATR_b4c39,MATR_b1c36,MATR_b3c22,MATR_b3c25,MATR_b1c15",False,False,0.95
480,MATR_b3c31,729.0,694.2893203811261,65.50074325612438,565.9102226385176,822.6684181237347,249.0,214.28932038112612,85.91022263851755,342.6684181237347,34.71067961887388,"MATR_b1c9,MATR_b1c28,MATR_b1c7,MATR_b1c17,MATR_b1c24,MATR_b3c11,MATR_b3c28,MATR_b4c39,MATR_b1c36,MATR_b3c22,MATR_b3c25,MATR_b1c15",False,False,0.95
480,MATR_b3c33,1282.0,1254.76833635629,341.4895343413883,585.4611479498152,1924.0755247627649,802.0,774.7683363562901,105.4611479498152,1444.0755247627649,27.231663643709908,"MATR_b1c9,MATR_b1c28,MATR_b1c7,MATR_b1c17,MATR_b1c24,MATR_b3c11,MATR_b3c28,MATR_b4c39,MATR_b1c36,MATR_b3c22,MATR_b3c25,MATR_b1c15",False,False,0.95
480,MATR_b3c36,921.0,1003.3810545856528,156.0301315177637,697.5676163077881,1309.1944928635176,441.0,523.3810545856528,217.56761630778806,829.1944928635176,82.3810545856528,"MATR_b1c9,MATR_b1c28,MATR_b1c7,MATR_b1c17,MATR_b1c24,MATR_b3c11,MATR_b3c28,MATR_b4c39,MATR_b1c36,MATR_b3c22,MATR_b3c25,MATR_b1c15",False,False,0.95
480,MATR_b3c6,665.0,484.70701456786605,58.83485859233665,369.3928106913793,600.0212184443528,185.0,4.707014567866054,-110.60718930862072,120.02121844435283,180.29298543213395,"MATR_b1c9,MATR_b1c28,MATR_b1c7,MATR_b1c17,MATR_b1c24,MATR_b3c11,MATR_b3c28,MATR_b4c39,MATR_b1c36,MATR_b3c22,MATR_b3c25,MATR_b1c15",False,False,0.95
480,MATR_b4c1,760.0,590.6534150358742,59.26109095948191,474.50381107073747,706.803019001011,280.0,110.65341503587422,-5.49618892926253,226.80301900101097,169.34658496412578,"MATR_b1c9,MATR_b1c28,MATR_b1c7,MATR_b1c17,MATR_b1c24,MATR_b3c11,MATR_b3c28,MATR_b4c39,MATR_b1c36,MATR_b3c22,MATR_b3c25,MATR_b1c15",False,False,0.95
480,MATR_b4c11,863.0,886.3889807621437,110.75681582049121,669.3096107116448,1103.4683508126425,383.0,406.38898076214366,189.30961071164484,623.4683508126425,23.38898076214366,"MATR_b1c9,MATR_b1c28,MATR_b1c7,MATR_b1c17,MATR_b1c24,MATR_b3c11,MATR_b3c28,MATR_b4c39,MATR_b1c36,MATR_b3c22,MATR_b3c25,MATR_b1c15",False,False,0.95
480,MATR_b4c15,675.0,652.2957473635427,61.22189628787379,532.3030355740636,772.2884591530217,195.0,172.29574736354266,52.30303557406364,292.2884591530217,22.70425263645734,"MATR_b1c9,MATR_b1c28,MATR_b1c7,MATR_b1c17,MATR_b1c24,MATR_b3c11,MATR_b3c28,MATR_b4c39,MATR_b1c36,MATR_b3c22,MATR_b3c25,MATR_b1c15",False,False,0.95
480,MATR_b4c21,773.0,792.646387612662,90.73590594755841,614.8072798508339,970.4854953744901,293.0,312.646387612662,134.80727985083388,490.48549537449014,19.64638761266201,"MATR_b1c9,MATR_b1c28,MATR_b1c7,MATR_b1c17,MATR_b1c24,MATR_b3c11,MATR_b3c28,MATR_b4c39,MATR_b1c36,MATR_b3c22,MATR_b3c25,MATR_b1c15",False,False,0.95
480,MATR_b4c3,777.0,693.5595006641847,79.1605555419117,538.4076628058552,848.7113385225142,297.0,213.55950066418472,58.40766280585524,368.7113385225142,83.44049933581528,"MATR_b1c9,MATR_b1c28,MATR_b1c7,MATR_b1c17,MATR_b1c24,MATR_b3c11,MATR_b3c28,MATR_b4c39,MATR_b1c36,MATR_b3c22,MATR_b3c25,MATR_b1c15",False,False,0.95
480,MATR_b4c32,754.0,685.756764250659,67.89070734420376,552.6934229710707,818.8201055302472,274.0,205.756764250659,72.69342297107073,338.82010553024725,68.24323574934101,"MATR_b1c9,MATR_b1c28,MATR_b1c7,MATR_b1c17,MATR_b1c24,MATR_b3c11,MATR_b3c28,MATR_b4c39,MATR_b1c36,MATR_b3c22,MATR_b3c25,MATR_b1c15",False,False,0.95
480,MATR_b4c34,891.0,918.956765726258,141.55850877092942,641.507186830039,1196.406344622477,411.0,438.956765726258,161.50718683003902,716.406344622477,27.956765726258027,"MATR_b1c9,MATR_b1c28,MATR_b1c7,MATR_b1c17,MATR_b1c24,MATR_b3c11,MATR_b3c28,MATR_b4c39,MATR_b1c36,MATR_b3c22,MATR_b3c25,MATR_b1c15",False,False,0.95
480,MATR_b4c42,774.0,769.3708228774557,90.3627579647445,592.2630717228466,946.4785740320648,294.0,289.3708228774557,112.26307172284658,466.4785740320648,4.62917712254432,"MATR_b1c9,MATR_b1c28,MATR_b1c7,MATR_b1c17,MATR_b1c24,MATR_b3c11,MATR_b3c28,MATR_b4c39,MATR_b1c36,MATR_b3c22,MATR_b3c25,MATR_b1c15",False,False,0.95
480,MATR_b4c6,706.0,654.8969904064363,74.15189826634202,509.56194041912795,800.2320403937447,226.0,174.89699040643632,29.56194041912795,320.2320403937447,51.103009593563684,"MATR_b1c9,MATR_b1c28,MATR_b1c7,MATR_b1c17,MATR_b1c24,MATR_b3c11,MATR_b3c28,MATR_b4c39,MATR_b1c36,MATR_b3c22,MATR_b3c25,MATR_b1c15",False,False,0.95
480,MATR_b4c7,529.0,501.8252441468098,44.82702672014719,413.96588624130663,589.6846020523129,49.0,21.82524414680978,-66.03411375869337,109.68460205231293,27.17475585319022,"MATR_b1c9,MATR_b1c28,MATR_b1c7,MATR_b1c17,MATR_b1c24,MATR_b3c11,MATR_b3c28,MATR_b4c39,MATR_b1c36,MATR_b3c22,MATR_b3c25,MATR_b1c15",False,False,0.95
500,MATR_b1c14,877.0,909.8744382971759,102.55571834113894,708.8689239399097,1110.879952654442,377.0,409.87443829717586,208.86892393990968,610.8799526544419,32.87443829717586,"MATR_b1c32,MATR_b4c16,MATR_b4c38,MATR_b1c31,MATR_b3c10,MATR_b1c43,MATR_b4c23,MATR_b1c29,MATR_b4c33,MATR_b1c28,MATR_b2c28,MATR_b3c41",False,False,0.95
500,MATR_b1c18,687.0,614.6447903246882,55.29692058093432,506.2648175300853,723.0247631192912,187.0,114.64479032468819,6.264817530085281,223.02476311929115,72.35520967531181,"MATR_b1c32,MATR_b4c16,MATR_b4c38,MATR_b1c31,MATR_b3c10,MATR_b1c43,MATR_b4c23,MATR_b1c29,MATR_b4c33,MATR_b1c28,MATR_b2c28,MATR_b3c41",False,False,0.95
500,MATR_b1c19,786.0,754.8126186670253,74.01978716893666,609.7365016725894,899.8887356614612,286.0,254.81261866702528,109.73650167258938,399.88873566146117,31.187381332974724,"MATR_b1c32,MATR_b4c16,MATR_b4c38,MATR_b1c31,MATR_b3c10,MATR_b1c43,MATR_b4c23,MATR_b1c29,MATR_b4c33,MATR_b1c28,MATR_b2c28,MATR_b3c41",False,False,0.95
500,MATR_b1c2,2237.0,1456.453654274033,468.7300983172516,537.7595431023014,2375.1477654457644,1737.0,956.4536542740329,37.75954310230145,1875.1477654457644,780.5463457259671,"MATR_b1c32,MATR_b4c16,MATR_b4c38,MATR_b1c31,MATR_b3c10,MATR_b1c43,MATR_b4c23,MATR_b1c29,MATR_b4c33,MATR_b1c28,MATR_b2c28,MATR_b3c41",False,False,0.95
500,MATR_b1c30,707.0,793.3239415824141,81.60823354850503,633.3747429854109,953.2731401794174,207.0,293.32394158241414,133.37474298541088,453.2731401794174,86.32394158241414,"MATR_b1c32,MATR_b4c16,MATR_b4c38,MATR_b1c31,MATR_b3c10,MATR_b1c43,MATR_b4c23,MATR_b1c29,MATR_b4c33,MATR_b1c28,MATR_b2c28,MATR_b3c41",False,False,0.95
500,MATR_b1c34,742.0,768.1401960078562,74.87963375193904,621.3788106785058,914.9015813372065,242.0,268.14019600785616,121.37881067850583,414.9015813372065,26.14019600785616,"MATR_b1c32,MATR_b4c16,MATR_b4c38,MATR_b1c31,MATR_b3c10,MATR_b1c43,MATR_b4c23,MATR_b1c29,MATR_b4c33,MATR_b1c28,MATR_b2c28,MATR_b3c41",False,False,0.95
500,MATR_b1c35,701.0,647.6383889277545,57.10959022510592,535.7056489147062,759.5711289408027,201.0,147.63838892775448,35.70564891470622,259.57112894080274,53.36161107224552,"MATR_b1c32,MATR_b4c16,MATR_b4c38,MATR_b1c31,MATR_b3c10,MATR_b1c43,MATR_b4c23,MATR_b1c29,MATR_b4c33,MATR_b1c28,MATR_b2c28,MATR_b3c41",False,False,0.95
500,MATR_b1c42,700.0,698.2514865101191,65.76115925870573,569.3619827814532,827.140990238785,200.0,198.2514865101191,69.36198278145321,327.140990238785,1.7485134898809065,"MATR_b1c32,MATR_b4c16,MATR_b4c38,MATR_b1c31,MATR_b3c10,MATR_b1c43,MATR_b4c23,MATR_b1c29,MATR_b4c33,MATR_b1c28,MATR_b2c28,MATR_b3c41",False,False,0.95
500,MATR_b1c5,1071.0,1025.6916643160096,127.68669298940908,775.4303447517448,1275.9529838802744,571.0,525.6916643160096,275.43034475174477,775.9529838802744,45.308335683990435,"MATR_b1c32,MATR_b4c16,MATR_b4c38,MATR_b1c31,MATR_b3c10,MATR_b1c43,MATR_b4c23,MATR_b1c29,MATR_b4c33,MATR_b1c28,MATR_b2c28,MATR_b3c41",False,False,0.95
500,MATR_b1c6,633.0,803.5577691907845,86.75753644892643,633.5161223634677,973.5994160181012,133.0,303.5577691907845,133.51612236346773,473.59941601810124,170.55776919078448,"MATR_b1c32,MATR_b4c16,MATR_b4c38,MATR_b1c31,MATR_b3c10,MATR_b1c43,MATR_b4c23,MATR_b1c29,MATR_b4c33,MATR_b1c28,MATR_b2c28,MATR_b3c41",False,False,0.95
500,MATR_b2c22,512.0,462.41366208484845,42.00060200545819,380.09399482514965,544.7333293445472,12.0,-37.586337915151546,-119.90600517485035,44.7333293445472,49.586337915151546,"MATR_b1c32,MATR_b4c16,MATR_b4c38,MATR_b1c31,MATR_b3c10,MATR_b1c43,MATR_b4c23,MATR_b1c29,MATR_b4c33,MATR_b1c28,MATR_b2c28,MATR_b3c41",False,False,0.95
500,MATR_b2c33,519.0,495.78742824898103,44.23740567099718,409.08370636433864,582.4911501336235,19.0,-4.21257175101897,-90.91629363566136,82.49115013362348,23.21257175101897,"MATR_b1c32,MATR_b4c16,MATR_b4c38,MATR_b1c31,MATR_b3c10,MATR_b1c43,MATR_b4c23,MATR_b1c29,MATR_b4c33,MATR_b1c28,MATR_b2c28,MATR_b3c41",False,False,0.95
500,MATR_b3c1,1061.0,1149.3466540674638,238.72727479027446,681.4497933511291,1617.2435147837984,561.0,649.3466540674638,181.44979335112907,1117.2435147837984,88.34665406746376,"MATR_b1c32,MATR_b4c16,MATR_b4c38,MATR_b1c31,MATR_b3c10,MATR_b1c43,MATR_b4c23,MATR_b1c29,MATR_b4c33,MATR_b1c28,MATR_b2c28,MATR_b3c41",False,False,0.95
500,MATR_b3c14,856.0,873.5644371258528,106.06496170926937,665.680932154065,1081.4479420976406,356.0,373.5644371258528,165.68093215406498,581.4479420976406,17.564437125852805,"MATR_b1c32,MATR_b4c16,MATR_b4c38,MATR_b1c31,MATR_b3c10,MATR_b1c43,MATR_b4c23,MATR_b1c29,MATR_b4c33,MATR_b1c28,MATR_b2c28,MATR_b3c41",False,False,0.95
500,MATR_b3c17,1313.0,1275.4816250589438,351.39304892016156,586.763904757706,1964.1993453601817,813.0,775.4816250589438,86.76390475770597,1464.1993453601817,37.51837494105621,"MATR_b1c32,MATR_b4c16,MATR_b4c38,MATR_b1c31,MATR_b3c10,MATR_b1c43,MATR_b4c23,MATR_b1c29,MATR_b4c33,MATR_b1c28,MATR_b2c28,MATR_b3c41",False,False,0.95
500,MATR_b3c24,823.0,825.2812514219065,105.4152178782909,618.6712209580136,1031.8912818857993,323.0,325.2812514219065,118.67122095801358,531.8912818857993,2.281251421906518,"MATR_b1c32,MATR_b4c16,MATR_b4c38,MATR_b1c31,MATR_b3c10,MATR_b1c43,MATR_b4c23,MATR_b1c29,MATR_b4c33,MATR_b1c28,MATR_b2c28,MATR_b3c41",False,False,0.95
500,MATR_b3c31,729.0,703.8725690545369,68.13022457560724,570.3397826277211,837.4053554813528,229.0,203.87256905453694,70.33978262772109,337.4053554813528,25.12743094546306,"MATR_b1c32,MATR_b4c16,MATR_b4c38,MATR_b1c31,MATR_b3c10,MATR_b1c43,MATR_b4c23,MATR_b1c29,MATR_b4c33,MATR_b1c28,MATR_b2c28,MATR_b3c41",False,False,0.95
500,MATR_b3c33,1282.0,1260.2308103068428,345.05243137600064,583.9404720319033,1936.5211485817824,782.0,760.2308103068428,83.94047203190325,1436.5211485817824,21.76918969315716,"MATR_b1c32,MATR_b4c16,MATR_b4c38,MATR_b1c31,MATR_b3c10,MATR_b1c43,MATR_b4c23,MATR_b1c29,MATR_b4c33,MATR_b1c28,MATR_b2c28,MATR_b3c41",False,False,0.95
500,MATR_b3c36,921.0,1004.9697375800639,158.61561344326736,694.0888478455327,1315.8506273145952,421.0,504.9697375800639,194.08884784553265,815.8506273145952,83.9697375800639,"MATR_b1c32,MATR_b4c16,MATR_b4c38,MATR_b1c31,MATR_b3c10,MATR_b1c43,MATR_b4c23,MATR_b1c29,MATR_b4c33,MATR_b1c28,MATR_b2c28,MATR_b3c41",False,False,0.95
500,MATR_b3c6,665.0,485.1465380265416,60.468651316160965,366.63015925315557,603.6629167999276,165.0,-14.853461973458423,-133.36984074684443,103.66291679992764,179.85346197345842,"MATR_b1c32,MATR_b4c16,MATR_b4c38,MATR_b1c31,MATR_b3c10,MATR_b1c43,MATR_b4c23,MATR_b1c29,MATR_b4c33,MATR_b1c28,MATR_b2c28,MATR_b3c41",False,False,0.95
500,MATR_b4c1,760.0,596.9929034253564,60.98644871812471,477.46166039283304,716.5241464578797,260.0,96.99290342535642,-22.53833960716696,216.52414645787974,163.00709657464358,"MATR_b1c32,MATR_b4c16,MATR_b4c38,MATR_b1c31,MATR_b3c10,MATR_b1c43,MATR_b4c23,MATR_b1c29,MATR_b4c33,MATR_b1c28,MATR_b2c28,MATR_b3c41",False,False,0.95
500,MATR_b4c11,863.0,888.2641867562694,113.26158200571405,666.27556519304,1110.2528083194989,363.0,388.2641867562694,166.27556519304005,610.2528083194989,25.264186756269396,"MATR_b1c32,MATR_b4c16,MATR_b4c38,MATR_b1c31,MATR_b3c10,MATR_b1c43,MATR_b4c23,MATR_b1c29,MATR_b4c33,MATR_b1c28,MATR_b2c28,MATR_b3c41",False,False,0.95
500,MATR_b4c15,675.0,661.4733754475053,63.55716694620468,536.9036172735446,786.043133621466,175.0,161.4733754475053,36.90361727354457,286.04313362146604,13.526624552494695,"MATR_b1c32,MATR_b4c16,MATR_b4c38,MATR_b1c31,MATR_b3c10,MATR_b1c43,MATR_b4c23,MATR_b1c29,MATR_b4c33,MATR_b1c28,MATR_b2c28,MATR_b3c41",False,False,0.95
500,MATR_b4c21,773.0,797.9371782991329,93.48810756136895,614.7038544960432,981.1705021022227,273.0,297.93717829913294,114.70385449604316,481.1705021022227,24.93717829913294,"MATR_b1c32,MATR_b4c16,MATR_b4c38,MATR_b1c31,MATR_b3c10,MATR_b1c43,MATR_b4c23,MATR_b1c29,MATR_b4c33,MATR_b1c28,MATR_b2c28,MATR_b3c41",False,False,0.95
500,MATR_b4c3,777.0,705.0772830004635,82.07598587414752,544.2113066915161,865.9432593094108,277.0,205.07728300046347,44.21130669151614,365.9432593094108,71.92271699953653,"MATR_b1c32,MATR_b4c16,MATR_b4c38,MATR_b1c31,MATR_b3c10,MATR_b1c43,MATR_b4c23,MATR_b1c29,MATR_b4c33,MATR_b1c28,MATR_b2c28,MATR_b3c41",False,False,0.95
500,MATR_b4c32,754.0,693.5945515073354,70.3497804034294,555.7115155963121,831.4775874183587,254.0,193.59455150733538,55.7115155963121,331.47758741835867,60.40544849266462,"MATR_b1c32,MATR_b4c16,MATR_b4c38,MATR_b1c31,MATR_b3c10,MATR_b1c43,MATR_b4c23,MATR_b1c29,MATR_b4c33,MATR_b1c28,MATR_b2c28,MATR_b3c41",False,False,0.95
500,MATR_b4c34,891.0,930.3228837699455,147.2303656373985,641.756669689981,1218.88909784991,391.0,430.3228837699455,141.75666968998098,718.8890978499101,39.32288376994552,"MATR_b1c32,MATR_b4c16,MATR_b4c38,MATR_b1c31,MATR_b3c10,MATR_b1c43,MATR_b4c23,MATR_b1c29,MATR_b4c33,MATR_b1c28,MATR_b2c28,MATR_b3c41",False,False,0.95
500,MATR_b4c42,774.0,772.3740285191196,92.40640560806207,591.2608015865179,953.4872554517214,274.0,272.37402851911963,91.26080158651791,453.48725545172135,1.6259714808803665,"MATR_b1c32,MATR_b4c16,MATR_b4c38,MATR_b1c31,MATR_b3c10,MATR_b1c43,MATR_b4c23,MATR_b1c29,MATR_b4c33,MATR_b1c28,MATR_b2c28,MATR_b3c41",False,False,0.95
500,MATR_b4c6,706.0,666.838544493623,77.16581441061439,515.5963274111169,818.080761576129,206.0,166.83854449362298,15.596327411116931,318.080761576129,39.161455506377024,"MATR_b1c32,MATR_b4c16,MATR_b4c38,MATR_b1c31,MATR_b3c10,MATR_b1c43,MATR_b4c23,MATR_b1c29,MATR_b4c33,MATR_b1c28,MATR_b2c28,MATR_b3c41",False,False,0.95
500,MATR_b4c7,529.0,500.22269136909557,45.92256552307902,410.2161168661799,590.2292658720112,29.0,0.2226913690955712,-89.7838831338201,90.22926587201118,28.77730863090443,"MATR_b1c32,MATR_b4c16,MATR_b4c38,MATR_b1c31,MATR_b3c10,MATR_b1c43,MATR_b4c23,MATR_b1c29,MATR_b4c33,MATR_b1c28,MATR_b2c28,MATR_b3c41",False,False,0.95
520,MATR_b1c14,877.0,908.3280986032152,105.02221559237691,702.4883384655556,1114.1678587408746,357.0,388.32809860321515,182.48833846555556,594.1678587408746,31.328098603215153,"MATR_b1c40,MATR_b3c19,MATR_b1c43,MATR_b4c30,MATR_b1c32,MATR_b3c8,MATR_b1c17,MATR_b4c28,MATR_b4c13,MATR_b3c44,MATR_b3c35,MATR_b1c38",False,False,0.95
520,MATR_b1c18,687.0,612.3094349797564,57.41167674014166,499.7846162770228,724.8342536824899,167.0,92.30943497975636,-20.215383722977208,204.83425368248993,74.69056502024364,"MATR_b1c40,MATR_b3c19,MATR_b1c43,MATR_b4c30,MATR_b1c32,MATR_b3c8,MATR_b1c17,MATR_b4c28,MATR_b4c13,MATR_b3c44,MATR_b3c35,MATR_b1c38",False,False,0.95
520,MATR_b1c19,786.0,750.6320310917741,75.63510880414225,602.389941868887,898.8741203146612,266.0,230.63203109177414,82.38994186888704,378.87412031466124,35.36796890822586,"MATR_b1c40,MATR_b3c19,MATR_b1c43,MATR_b4c30,MATR_b1c32,MATR_b3c8,MATR_b1c17,MATR_b4c28,MATR_b4c13,MATR_b3c44,MATR_b3c35,MATR_b1c38",False,False,0.95
520,MATR_b1c2,2237.0,1453.70687260268,470.53162696859357,531.4818301572012,2375.9319150481588,1717.0,933.70687260268,11.481830157201216,1855.9319150481588,783.29312739732,"MATR_b1c40,MATR_b3c19,MATR_b1c43,MATR_b4c30,MATR_b1c32,MATR_b3c8,MATR_b1c17,MATR_b4c28,MATR_b4c13,MATR_b3c44,MATR_b3c35,MATR_b1c38",False,False,0.95
520,MATR_b1c30,707.0,785.1920283511867,83.15977676360994,622.2018609321203,948.182195770253,187.0,265.19202835118665,102.20186093212033,428.182195770253,78.19202835118665,"MATR_b1c40,MATR_b3c19,MATR_b1c43,MATR_b4c30,MATR_b1c32,MATR_b3c8,MATR_b1c17,MATR_b4c28,MATR_b4c13,MATR_b3c44,MATR_b3c35,MATR_b1c38",False,False,0.95
520,MATR_b1c34,742.0,765.0973905587501,76.62892018014749,614.9074668314665,915.2873142860337,222.0,245.09739055875013,94.90746683146654,395.28731428603373,23.097390558750135,"MATR_b1c40,MATR_b3c19,MATR_b1c43,MATR_b4c30,MATR_b1c32,MATR_b3c8,MATR_b1c17,MATR_b4c28,MATR_b4c13,MATR_b3c44,MATR_b3c35,MATR_b1c38",False,False,0.95
520,MATR_b1c35,701.0,643.3210001464716,58.59087179033008,528.4850016146208,758.1569986783225,181.0,123.32100014647165,8.485001614620842,238.15699867832245,57.67899985352835,"MATR_b1c40,MATR_b3c19,MATR_b1c43,MATR_b4c30,MATR_b1c32,MATR_b3c8,MATR_b1c17,MATR_b4c28,MATR_b4c13,MATR_b3c44,MATR_b3c35,MATR_b1c38",False,False,0.95
520,MATR_b1c42,700.0,689.9604330413654,66.6866850055179,559.256932182183,820.6639339005477,180.0,169.96043304136538,39.25693218218305,300.6639339005477,10.039566958634623,"MATR_b1c40,MATR_b3c19,MATR_b1c43,MATR_b4c30,MATR_b1c32,MATR_b3c8,MATR_b1c17,MATR_b4c28,MATR_b4c13,MATR_b3c44,MATR_b3c35,MATR_b1c38",False,False,0.95
520,MATR_b1c5,1071.0,1026.5837341506547,132.80683547025362,766.2871197282211,1286.8803485730882,551.0,506.58373415065466,246.2871197282211,766.8803485730882,44.416265849345336,"MATR_b1c40,MATR_b3c19,MATR_b1c43,MATR_b4c30,MATR_b1c32,MATR_b3c8,MATR_b1c17,MATR_b4c28,MATR_b4c13,MATR_b3c44,MATR_b3c35,MATR_b1c38",False,False,0.95
520,MATR_b1c6,633.0,795.440624361792,88.86705144850023,621.2644041104635,969.6168446131204,113.0,275.44062436179195,101.26440411046349,449.6168446131204,162.44062436179195,"MATR_b1c40,MATR_b3c19,MATR_b1c43,MATR_b4c30,MATR_b1c32,MATR_b3c8,MATR_b1c17,MATR_b4c28,MATR_b4c13,MATR_b3c44,MATR_b3c35,MATR_b1c38",False,False,0.95
520,MATR_b3c1,1061.0,1152.915535621873,244.9586842577626,672.8053367763398,1633.0257344674062,541.0,632.915535621873,152.8053367763398,1113.0257344674062,91.915535621873,"MATR_b1c40,MATR_b3c19,MATR_b1c43,MATR_b4c30,MATR_b1c32,MATR_b3c8,MATR_b1c17,MATR_b4c28,MATR_b4c13,MATR_b3c44,MATR_b3c35,MATR_b1c38",False,False,0.95
520,MATR_b3c14,856.0,869.3275476635374,108.90308258450501,655.8814279925165,1082.7736673345585,336.0,349.3275476635374,135.88142799251648,562.7736673345585,13.327547663537416,"MATR_b1c40,MATR_b3c19,MATR_b1c43,MATR_b4c30,MATR_b1c32,MATR_b3c8,MATR_b1c17,MATR_b4c28,MATR_b4c13,MATR_b3c44,MATR_b3c35,MATR_b1c38",False,False,0.95
520,MATR_b3c17,1313.0,1274.5555300299811,353.98536223147124,580.7569690019326,1968.3540910580296,793.0,754.5555300299811,60.75696900193259,1448.3540910580296,38.44446997001887,"MATR_b1c40,MATR_b3c19,MATR_b1c43,MATR_b4c30,MATR_b1c32,MATR_b3c8,MATR_b1c17,MATR_b4c28,MATR_b4c13,MATR_b3c44,MATR_b3c35,MATR_b1c38",False,False,0.95
520,MATR_b3c24,823.0,821.7781101938522,109.08798166313858,607.9695949879348,1035.5866253997697,303.0,301.77811019385217,87.96959498793478,515.5866253997697,1.2218898061478285,"MATR_b1c40,MATR_b3c19,MATR_b1c43,MATR_b4c30,MATR_b1c32,MATR_b3c8,MATR_b1c17,MATR_b4c28,MATR_b4c13,MATR_b3c44,MATR_b3c35,MATR_b1c38",False,False,0.95
520,MATR_b3c31,729.0,703.5465115266351,70.68335621956679,565.009679029869,842.0833440234012,209.0,183.54651152663507,45.00967902986895,322.0833440234012,25.453488473364928,"MATR_b1c40,MATR_b3c19,MATR_b1c43,MATR_b4c30,MATR_b1c32,MATR_b3c8,MATR_b1c17,MATR_b4c28,MATR_b4c13,MATR_b3c44,MATR_b3c35,MATR_b1c38",False,False,0.95
520,MATR_b3c33,1282.0,1261.6331075022936,348.8867395568779,577.8276632872072,1945.43855171738,762.0,741.6331075022936,57.8276632872072,1425.43855171738,20.36689249770643,"MATR_b1c40,MATR_b3c19,MATR_b1c43,MATR_b4c30,MATR_b1c32,MATR_b3c8,MATR_b1c17,MATR_b4c28,MATR_b4c13,MATR_b3c44,MATR_b3c35,MATR_b1c38",False,False,0.95
520,MATR_b3c36,921.0,1003.5389856867106,163.81913458750998,682.4593819166712,1324.61858945675,401.0,483.5389856867106,162.4593819166712,804.61858945675,82.53898568671059,"MATR_b1c40,MATR_b3c19,MATR_b1c43,MATR_b4c30,MATR_b1c32,MATR_b3c8,MATR_b1c17,MATR_b4c28,MATR_b4c13,MATR_b3c44,MATR_b3c35,MATR_b1c38",False,False,0.95
520,MATR_b3c6,665.0,479.09696010080995,63.39260206140964,354.8497431741675,603.3441770274524,145.0,-40.90303989919005,-165.1502568258325,83.34417702745236,185.90303989919005,"MATR_b1c40,MATR_b3c19,MATR_b1c43,MATR_b4c30,MATR_b1c32,MATR_b3c8,MATR_b1c17,MATR_b4c28,MATR_b4c13,MATR_b3c44,MATR_b3c35,MATR_b1c38",False,False,0.95
520,MATR_b4c1,760.0,591.35533522263,63.22274426405829,467.4410334612894,715.2696369839705,240.0,71.35533522262995,-52.55896653871059,195.26963698397049,168.64466477737005,"MATR_b1c40,MATR_b3c19,MATR_b1c43,MATR_b4c30,MATR_b1c32,MATR_b3c8,MATR_b1c17,MATR_b4c28,MATR_b4c13,MATR_b3c44,MATR_b3c35,MATR_b1c38",False,False,0.95
520,MATR_b4c11,863.0,886.1610232517631,117.00296075653608,656.8394340843992,1115.4826124191272,343.0,366.16102325176314,136.83943408439916,595.4826124191272,23.16102325176314,"MATR_b1c40,MATR_b3c19,MATR_b1c43,MATR_b4c30,MATR_b1c32,MATR_b3c8,MATR_b1c17,MATR_b4c28,MATR_b4c13,MATR_b3c44,MATR_b3c35,MATR_b1c38",False,False,0.95
520,MATR_b4c15,675.0,658.3792846162355,65.59028522214358,529.8246878451243,786.9338813873467,155.0,138.3792846162355,9.824687845124345,266.9338813873467,16.62071538376449,"MATR_b1c40,MATR_b3c19,MATR_b1c43,MATR_b4c30,MATR_b1c32,MATR_b3c8,MATR_b1c17,MATR_b4c28,MATR_b4c13,MATR_b3c44,MATR_b3c35,MATR_b1c38",False,False,0.95
520,MATR_b4c21,773.0,796.2826444153046,96.90285950213864,606.356529792168,986.2087590384413,253.0,276.2826444153046,86.35652979216798,466.20875903844126,23.282644415304617,"MATR_b1c40,MATR_b3c19,MATR_b1c43,MATR_b4c30,MATR_b1c32,MATR_b3c8,MATR_b1c17,MATR_b4c28,MATR_b4c13,MATR_b3c44,MATR_b3c35,MATR_b1c38",False,False,0.95
520,MATR_b4c3,777.0,707.9963031036152,85.84087927115304,539.7512713309044,876.241334876326,257.0,187.99630310361522,19.751271330904387,356.24133487632605,69.00369689638478,"MATR_b1c40,MATR_b3c19,MATR_b1c43,MATR_b4c30,MATR_b1c32,MATR_b3c8,MATR_b1c17,MATR_b4c28,MATR_b4c13,MATR_b3c44,MATR_b3c35,MATR_b1c38",False,False,0.95
520,MATR_b4c32,754.0,692.7348272494231,73.05912118756179,549.5415809796549,835.9280735191913,234.0,172.73482724942312,29.541580979654896,315.92807351919134,61.26517275057688,"MATR_b1c40,MATR_b3c19,MATR_b1c43,MATR_b4c30,MATR_b1c32,MATR_b3c8,MATR_b1c17,MATR_b4c28,MATR_b4c13,MATR_b3c44,MATR_b3c35,MATR_b1c38",False,False,0.95
520,MATR_b4c34,891.0,933.3716014023771,153.07439036349905,633.3513093344939,1233.3918934702604,371.0,413.3716014023771,113.35130933449386,713.3918934702604,42.37160140237711,"MATR_b1c40,MATR_b3c19,MATR_b1c43,MATR_b4c30,MATR_b1c32,MATR_b3c8,MATR_b1c17,MATR_b4c28,MATR_b4c13,MATR_b3c44,MATR_b3c35,MATR_b1c38",False,False,0.95
520,MATR_b4c42,774.0,770.7669855872534,95.66466611998928,583.2676853990254,958.2662857754815,254.0,250.76698558725343,63.26768539902537,438.2662857754815,3.23301441274657,"MATR_b1c40,MATR_b3c19,MATR_b1c43,MATR_b4c30,MATR_b1c32,MATR_b3c8,MATR_b1c17,MATR_b4c28,MATR_b4c13,MATR_b3c44,MATR_b3c35,MATR_b1c38",False,False,0.95
520,MATR_b4c6,706.0,665.9178317686286,80.47587018861479,508.188024574423,823.6476389628342,186.0,145.91783176862862,-11.811975425576975,303.6476389628342,40.082168231371384,"MATR_b1c40,MATR_b3c19,MATR_b1c43,MATR_b4c30,MATR_b1c32,MATR_b3c8,MATR_b1c17,MATR_b4c28,MATR_b4c13,MATR_b3c44,MATR_b3c35,MATR_b1c38",False,False,0.95
520,MATR_b4c7,529.0,490.7480861950183,48.019264617049835,396.6320569815021,584.8641154085345,9.0,-29.25191380498171,-123.3679430184979,64.86411540853453,38.25191380498171,"MATR_b1c40,MATR_b3c19,MATR_b1c43,MATR_b4c30,MATR_b1c32,MATR_b3c8,MATR_b1c17,MATR_b4c28,MATR_b4c13,MATR_b3c44,MATR_b3c35,MATR_b1c38",False,False,0.95
540,MATR_b1c14,877.0,906.0889095984176,106.15087156107215,698.0370244111791,1114.140794785656,337.0,366.08890959841756,158.03702441117912,574.140794785656,29.08890959841756,"MATR_b4c37,MATR_b4c8,MATR_b1c29,MATR_b4c0,MATR_b4c31,MATR_b3c39,MATR_b3c16,MATR_b1c23,MATR_b3c35,MATR_b1c9,MATR_b2c10,MATR_b3c0",False,False,0.95
540,MATR_b1c18,687.0,601.7758520902806,58.2231719788408,487.66053194607105,715.8911722344902,147.0,61.77585209028064,-52.339468053928954,175.89117223449023,85.22414790971936,"MATR_b4c37,MATR_b4c8,MATR_b1c29,MATR_b4c0,MATR_b4c31,MATR_b3c39,MATR_b3c16,MATR_b1c23,MATR_b3c35,MATR_b1c9,MATR_b2c10,MATR_b3c0",False,False,0.95
540,MATR_b1c19,786.0,741.3571145702156,75.26374394475843,593.8428870968445,888.8713420435867,246.0,201.35711457021557,53.84288709684449,348.87134204358665,44.64288542978443,"MATR_b4c37,MATR_b4c8,MATR_b1c29,MATR_b4c0,MATR_b4c31,MATR_b3c39,MATR_b3c16,MATR_b1c23,MATR_b3c35,MATR_b1c9,MATR_b2c10,MATR_b3c0",False,False,0.95
540,MATR_b1c2,2237.0,1447.3176637688466,465.8964470126191,534.1774070989397,2360.4579204387537,1697.0,907.3176637688466,-5.822592901060261,1820.4579204387537,789.6823362311534,"MATR_b4c37,MATR_b4c8,MATR_b1c29,MATR_b4c0,MATR_b4c31,MATR_b3c39,MATR_b3c16,MATR_b1c23,MATR_b3c35,MATR_b1c9,MATR_b2c10,MATR_b3c0",False,False,0.95
540,MATR_b1c30,707.0,766.0269617080342,81.49615553702388,606.2974319769928,925.7564914390755,167.0,226.02696170803415,66.29743197699281,385.7564914390755,59.02696170803415,"MATR_b4c37,MATR_b4c8,MATR_b1c29,MATR_b4c0,MATR_b4c31,MATR_b3c39,MATR_b3c16,MATR_b1c23,MATR_b3c35,MATR_b1c9,MATR_b2c10,MATR_b3c0",False,False,0.95
540,MATR_b1c34,742.0,754.0682734337253,76.00909424334283,605.0931862192626,903.0433606481879,202.0,214.06827343372527,65.09318621926263,363.0433606481879,12.068273433725267,"MATR_b4c37,MATR_b4c8,MATR_b1c29,MATR_b4c0,MATR_b4c31,MATR_b3c39,MATR_b3c16,MATR_b1c23,MATR_b3c35,MATR_b1c9,MATR_b2c10,MATR_b3c0",False,False,0.95
540,MATR_b1c35,701.0,627.556796400465,57.73598407829156,514.3963469950356,740.7172458058944,161.0,87.55679640046503,-25.60365300496437,200.71724580589444,73.44320359953497,"MATR_b4c37,MATR_b4c8,MATR_b1c29,MATR_b4c0,MATR_b4c31,MATR_b3c39,MATR_b3c16,MATR_b1c23,MATR_b3c35,MATR_b1c9,MATR_b2c10,MATR_b3c0",False,False,0.95
540,MATR_b1c42,700.0,670.4126389787988,65.07116106343238,542.8755068622662,797.9497710953314,160.0,130.41263897879878,2.8755068622662066,257.94977109533136,29.587361021201218,"MATR_b4c37,MATR_b4c8,MATR_b1c29,MATR_b4c0,MATR_b4c31,MATR_b3c39,MATR_b3c16,MATR_b1c23,MATR_b3c35,MATR_b1c9,MATR_b2c10,MATR_b3c0",False,False,0.95
540,MATR_b1c5,1071.0,1024.5850739116602,135.51055870985957,758.989259315435,1290.1808885078854,531.0,484.5850739116602,218.989259315435,750.1808885078854,46.414926088339826,"MATR_b4c37,MATR_b4c8,MATR_b1c29,MATR_b4c0,MATR_b4c31,MATR_b3c39,MATR_b3c16,MATR_b1c23,MATR_b3c35,MATR_b1c9,MATR_b2c10,MATR_b3c0",False,False,0.95
540,MATR_b1c6,633.0,753.8727603011121,84.21929082748078,588.8059834757453,918.9395371264789,93.0,213.87276030111207,48.80598347574528,378.93953712647885,120.87276030111207,"MATR_b4c37,MATR_b4c8,MATR_b1c29,MATR_b4c0,MATR_b4c31,MATR_b3c39,MATR_b3c16,MATR_b1c23,MATR_b3c35,MATR_b1c9,MATR_b2c10,MATR_b3c0",False,False,0.95
540,MATR_b3c1,1061.0,1140.388091400787,238.76705867345325,672.4132557062569,1608.3629270953172,521.0,600.3880914007871,132.4132557062569,1068.3629270953172,79.38809140078706,"MATR_b4c37,MATR_b4c8,MATR_b1c29,MATR_b4c0,MATR_b4c31,MATR_b3c39,MATR_b3c16,MATR_b1c23,MATR_b3c35,MATR_b1c9,MATR_b2c10,MATR_b3c0",False,False,0.95
540,MATR_b3c14,856.0,855.6005459695576,107.33814947683544,645.2216388277834,1065.9794531113318,316.0,315.60054596955763,105.22163882778341,525.9794531113318,0.3994540304423708,"MATR_b4c37,MATR_b4c8,MATR_b1c29,MATR_b4c0,MATR_b4c31,MATR_b3c39,MATR_b3c16,MATR_b1c23,MATR_b3c35,MATR_b1c9,MATR_b2c10,MATR_b3c0",False,False,0.95
540,MATR_b3c17,1313.0,1264.5217110012884,347.5458307374581,583.344399778817,1945.6990222237598,773.0,724.5217110012884,43.34439977881698,1405.6990222237598,48.478288998711605,"MATR_b4c37,MATR_b4c8,MATR_b1c29,MATR_b4c0,MATR_b4c31,MATR_b3c39,MATR_b3c16,MATR_b1c23,MATR_b3c35,MATR_b1c9,MATR_b2c10,MATR_b3c0",False,False,0.95
540,MATR_b3c24,823.0,806.1129850660884,108.25634983266968,593.9344382962872,1018.2915318358896,283.0,266.1129850660884,53.934438296287226,478.2915318358896,16.887014933911587,"MATR_b4c37,MATR_b4c8,MATR_b1c29,MATR_b4c0,MATR_b4c31,MATR_b3c39,MATR_b3c16,MATR_b1c23,MATR_b3c35,MATR_b1c9,MATR_b2c10,MATR_b3c0",False,False,0.95
540,MATR_b3c31,729.0,691.097976398344,70.29932600853714,553.3138292841713,828.8821235125167,189.0,151.09797639834403,13.313829284171334,288.8821235125167,37.90202360165597,"MATR_b4c37,MATR_b4c8,MATR_b1c29,MATR_b4c0,MATR_b4c31,MATR_b3c39,MATR_b3c16,MATR_b1c23,MATR_b3c35,MATR_b1c9,MATR_b2c10,MATR_b3c0",False,False,0.95
540,MATR_b3c33,1282.0,1250.3170204204937,340.9958302773809,581.9774741984944,1918.656566642493,742.0,710.3170204204937,41.977474198494406,1378.656566642493,31.68297957950631,"MATR_b4c37,MATR_b4c8,MATR_b1c29,MATR_b4c0,MATR_b4c31,MATR_b3c39,MATR_b3c16,MATR_b1c23,MATR_b3c35,MATR_b1c9,MATR_b2c10,MATR_b3c0",False,False,0.95
540,MATR_b3c36,921.0,979.3199163569411,158.60650492885938,668.4568789826022,1290.1829537312801,381.0,439.3199163569411,128.45687898260223,750.1829537312801,58.31991635694112,"MATR_b4c37,MATR_b4c8,MATR_b1c29,MATR_b4c0,MATR_b4c31,MATR_b3c39,MATR_b3c16,MATR_b1c23,MATR_b3c35,MATR_b1c9,MATR_b2c10,MATR_b3c0",False,False,0.95
540,MATR_b3c6,665.0,465.37953740235423,66.19720115712201,335.63540725704195,595.1236675476665,125.0,-74.62046259764577,-204.36459274295805,55.123667547666514,199.62046259764577,"MATR_b4c37,MATR_b4c8,MATR_b1c29,MATR_b4c0,MATR_b4c31,MATR_b3c39,MATR_b3c16,MATR_b1c23,MATR_b3c35,MATR_b1c9,MATR_b2c10,MATR_b3c0",False,False,0.95
540,MATR_b4c1,760.0,568.6917705589631,63.39808316641239,444.43381086391975,692.9497302540065,220.0,28.69177055896307,-95.56618913608025,152.94973025400645,191.30822944103693,"MATR_b4c37,MATR_b4c8,MATR_b1c29,MATR_b4c0,MATR_b4c31,MATR_b3c39,MATR_b3c16,MATR_b1c23,MATR_b3c35,MATR_b1c9,MATR_b2c10,MATR_b3c0",False,False,0.95
540,MATR_b4c11,863.0,869.9045080658527,114.84460981710944,644.8132090057632,1094.9958071259423,323.0,329.9045080658527,104.81320900576316,554.9958071259423,6.904508065852724,"MATR_b4c37,MATR_b4c8,MATR_b1c29,MATR_b4c0,MATR_b4c31,MATR_b3c39,MATR_b3c16,MATR_b1c23,MATR_b3c35,MATR_b1c9,MATR_b2c10,MATR_b3c0",False,False,0.95
540,MATR_b4c15,675.0,641.2348962872358,64.8949847046916,514.0430634887625,768.426729085709,135.0,101.23489628723576,-25.956936511237473,228.42672908570898,33.765103712764244,"MATR_b4c37,MATR_b4c8,MATR_b1c29,MATR_b4c0,MATR_b4c31,MATR_b3c39,MATR_b3c16,MATR_b1c23,MATR_b3c35,MATR_b1c9,MATR_b2c10,MATR_b3c0",False,False,0.95
540,MATR_b4c21,773.0,774.5407922490039,94.71298632793221,588.9067501780222,960.1748343199855,233.0,234.54079224900386,48.90675017802221,420.1748343199855,1.5407922490038573,"MATR_b4c37,MATR_b4c8,MATR_b1c29,MATR_b4c0,MATR_b4c31,MATR_b3c39,MATR_b3c16,MATR_b1c23,MATR_b3c35,MATR_b1c9,MATR_b2c10,MATR_b3c0",False,False,0.95
540,MATR_b4c3,777.0,687.323344042235,84.07417563202597,522.5409877735691,852.1057003109009,237.0,147.32334404223502,-17.4590122264309,312.10570031090094,89.67665595776498,"MATR_b4c37,MATR_b4c8,MATR_b1c29,MATR_b4c0,MATR_b4c31,MATR_b3c39,MATR_b3c16,MATR_b1c23,MATR_b3c35,MATR_b1c9,MATR_b2c10,MATR_b3c0",False,False,0.95
540,MATR_b4c32,754.0,677.180829761286,72.75520920579552,534.5832400302497,819.7784194923222,214.0,137.18082976128596,-5.416759969750274,279.7784194923222,76.81917023871404,"MATR_b4c37,MATR_b4c8,MATR_b1c29,MATR_b4c0,MATR_b4c31,MATR_b3c39,MATR_b3c16,MATR_b1c23,MATR_b3c35,MATR_b1c9,MATR_b2c10,MATR_b3c0",False,False,0.95
540,MATR_b4c34,891.0,913.756942563588,150.21889932545642,619.3333100884454,1208.1805750387307,351.0,373.75694256358804,79.33331008844539,668.1805750387307,22.75694256358804,"MATR_b4c37,MATR_b4c8,MATR_b1c29,MATR_b4c0,MATR_b4c31,MATR_b3c39,MATR_b3c16,MATR_b1c23,MATR_b3c35,MATR_b1c9,MATR_b2c10,MATR_b3c0",False,False,0.95
540,MATR_b4c42,774.0,756.3510478091199,94.88454256211274,570.3807616978211,942.3213339204187,234.0,216.3510478091199,30.38076169782107,402.32133392041874,17.648952190880095,"MATR_b4c37,MATR_b4c8,MATR_b1c29,MATR_b4c0,MATR_b4c31,MATR_b3c39,MATR_b3c16,MATR_b1c23,MATR_b3c35,MATR_b1c9,MATR_b2c10,MATR_b3c0",False,False,0.95
540,MATR_b4c6,706.0,647.4777949035795,80.46521849614594,489.7688646429873,805.1867251641717,166.0,107.47779490357948,-50.231135357012704,265.18672516417166,58.52220509642052,"MATR_b4c37,MATR_b4c8,MATR_b1c29,MATR_b4c0,MATR_b4c31,MATR_b3c39,MATR_b3c16,MATR_b1c23,MATR_b3c35,MATR_b1c9,MATR_b2c10,MATR_b3c0",False,False,0.95
560,MATR_b1c14,877.0,887.6780143337005,104.59015396420297,682.6850794263636,1092.6709492410375,317.0,327.6780143337005,122.68507942636359,532.6709492410375,10.678014333700503,"MATR_b1c29,MATR_b4c44,MATR_b4c43,MATR_b3c26,MATR_b3c4,MATR_b4c4,MATR_b3c44,MATR_b1c31,MATR_b1c33,MATR_b1c44,MATR_b4c5,MATR_b1c0",False,False,0.95
560,MATR_b1c18,687.0,582.3776522033943,57.700194579788615,469.2873489260554,695.4679554807332,127.0,22.37765220339429,-90.71265107394458,135.46795548073317,104.62234779660571,"MATR_b1c29,MATR_b4c44,MATR_b4c43,MATR_b3c26,MATR_b3c4,MATR_b4c4,MATR_b3c44,MATR_b1c31,MATR_b1c33,MATR_b1c44,MATR_b4c5,MATR_b1c0",False,False,0.95
560,MATR_b1c19,786.0,721.023595872085,73.8672524862807,576.2464413620481,865.8007503821219,226.0,161.02359587208502,16.24644136204813,305.8007503821219,64.97640412791498,"MATR_b1c29,MATR_b4c44,MATR_b4c43,MATR_b3c26,MATR_b3c4,MATR_b4c4,MATR_b3c44,MATR_b1c31,MATR_b1c33,MATR_b1c44,MATR_b4c5,MATR_b1c0",False,False,0.95
560,MATR_b1c2,2237.0,1440.3397136855504,463.7968968030846,531.3144998100646,2349.364927561036,1677.0,880.3397136855504,-28.685500189935397,1789.364927561036,796.6602863144496,"MATR_b1c29,MATR_b4c44,MATR_b4c43,MATR_b3c26,MATR_b3c4,MATR_b4c4,MATR_b3c44,MATR_b1c31,MATR_b1c33,MATR_b1c44,MATR_b4c5,MATR_b1c0",False,False,0.95
560,MATR_b1c30,707.0,725.471611382852,76.59052892107243,575.3569331406766,875.5862896250273,147.0,165.47161138285196,15.356933140676574,315.58628962502735,18.47161138285196,"MATR_b1c29,MATR_b4c44,MATR_b4c43,MATR_b3c26,MATR_b3c4,MATR_b4c4,MATR_b3c44,MATR_b1c31,MATR_b1c33,MATR_b1c44,MATR_b4c5,MATR_b1c0",False,False,0.95
560,MATR_b1c34,742.0,731.6104725099889,74.28726038825975,586.0101176388508,877.2108273811269,182.0,171.61047250998888,26.01011763885083,317.21082738112693,10.389527490011119,"MATR_b1c29,MATR_b4c44,MATR_b4c43,MATR_b3c26,MATR_b3c4,MATR_b4c4,MATR_b3c44,MATR_b1c31,MATR_b1c33,MATR_b1c44,MATR_b4c5,MATR_b1c0",False,False,0.95
560,MATR_b1c35,701.0,600.8464825127498,55.86983955046222,491.34360917181243,710.3493558536873,141.0,40.846482512749844,-68.65639082818757,150.34935585368726,100.15351748725016,"MATR_b1c29,MATR_b4c44,MATR_b4c43,MATR_b3c26,MATR_b3c4,MATR_b4c4,MATR_b3c44,MATR_b1c31,MATR_b1c33,MATR_b1c44,MATR_b4c5,MATR_b1c0",False,False,0.95
560,MATR_b1c42,700.0,639.2972574490014,62.431719658721356,516.9333354250064,761.6611794729965,140.0,79.29725744900145,-43.06666457499364,201.66117947299654,60.70274255099855,"MATR_b1c29,MATR_b4c44,MATR_b4c43,MATR_b3c26,MATR_b3c4,MATR_b4c4,MATR_b3c44,MATR_b1c31,MATR_b1c33,MATR_b1c44,MATR_b4c5,MATR_b1c0",False,False,0.95
560,MATR_b1c5,1071.0,1014.3308250704447,137.3901872264768,745.0510062773353,1283.610643863554,511.0,454.3308250704447,185.05100627733532,723.6106438635541,56.66917492955531,"MATR_b1c29,MATR_b4c44,MATR_b4c43,MATR_b3c26,MATR_b3c4,MATR_b4c4,MATR_b3c44,MATR_b1c31,MATR_b1c33,MATR_b1c44,MATR_b4c5,MATR_b1c0",False,False,0.95
560,MATR_b1c6,633.0,685.3005340075501,75.52699224365881,537.270349349343,833.3307186657573,73.0,125.30053400755014,-22.72965065065705,273.33071866575733,52.30053400755014,"MATR_b1c29,MATR_b4c44,MATR_b4c43,MATR_b3c26,MATR_b3c4,MATR_b4c4,MATR_b3c44,MATR_b1c31,MATR_b1c33,MATR_b1c44,MATR_b4c5,MATR_b1c0",False,False,0.95
560,MATR_b3c1,1061.0,1136.1810492604782,239.06675514441912,667.6188192765611,1604.7432792443951,501.0,576.1810492604782,107.61881927656111,1044.7432792443951,75.18104926047818,"MATR_b1c29,MATR_b4c44,MATR_b4c43,MATR_b3c26,MATR_b3c4,MATR_b4c4,MATR_b3c44,MATR_b1c31,MATR_b1c33,MATR_b1c44,MATR_b4c5,MATR_b1c0",False,False,0.95
560,MATR_b3c14,856.0,838.8554926022947,105.2333863365344,632.601845411498,1045.1091397930916,296.0,278.8554926022947,72.60184541149795,485.1091397930916,17.144507397705297,"MATR_b1c29,MATR_b4c44,MATR_b4c43,MATR_b3c26,MATR_b3c4,MATR_b4c4,MATR_b3c44,MATR_b1c31,MATR_b1c33,MATR_b1c44,MATR_b4c5,MATR_b1c0",False,False,0.95
560,MATR_b3c17,1313.0,1261.6790264592264,347.2818343735831,581.0191386019995,1942.3389143164532,753.0,701.6790264592264,21.019138601999543,1382.3389143164532,51.32097354077359,"MATR_b1c29,MATR_b4c44,MATR_b4c43,MATR_b3c26,MATR_b3c4,MATR_b4c4,MATR_b3c44,MATR_b1c31,MATR_b1c33,MATR_b1c44,MATR_b4c5,MATR_b1c0",False,False,0.95
560,MATR_b3c24,823.0,778.5456474820676,104.31577878690646,574.0904780404836,983.0008169236515,263.0,218.54564748206758,14.090478040483617,423.00081692365154,44.45435251793242,"MATR_b1c29,MATR_b4c44,MATR_b4c43,MATR_b3c26,MATR_b3c4,MATR_b4c4,MATR_b3c44,MATR_b1c31,MATR_b1c33,MATR_b1c44,MATR_b4c5,MATR_b1c0",False,False,0.95
560,MATR_b3c31,729.0,664.6115691785997,67.78674983678678,531.7519808694713,797.4711574877281,169.0,104.61156917859967,-28.248019130528746,237.47115748772808,64.38843082140033,"MATR_b1c29,MATR_b4c44,MATR_b4c43,MATR_b3c26,MATR_b3c4,MATR_b4c4,MATR_b3c44,MATR_b1c31,MATR_b1c33,MATR_b1c44,MATR_b4c5,MATR_b1c0",False,False,0.95
560,MATR_b3c33,1282.0,1241.059307040946,335.3780599200205,583.7303883927897,1898.388225689102,722.0,681.0593070409459,23.730388392789678,1338.388225689102,40.940692959054104,"MATR_b1c29,MATR_b4c44,MATR_b4c43,MATR_b3c26,MATR_b3c4,MATR_b4c4,MATR_b3c44,MATR_b1c31,MATR_b1c33,MATR_b1c44,MATR_b4c5,MATR_b1c0",False,False,0.95
560,MATR_b3c36,921.0,926.2223961928146,143.7313411191101,644.5141441497178,1207.9306482359113,361.0,366.2223961928146,84.51414414971782,647.9306482359113,5.2223961928145854,"MATR_b1c29,MATR_b4c44,MATR_b4c43,MATR_b3c26,MATR_b3c4,MATR_b4c4,MATR_b3c44,MATR_b1c31,MATR_b1c33,MATR_b1c44,MATR_b4c5,MATR_b1c0",False,False,0.95
560,MATR_b3c6,665.0,455.3247160966381,68.16629165796869,321.72123948736635,588.9281927059099,105.0,-104.6752839033619,-238.27876051263365,28.92819270590985,209.6752839033619,"MATR_b1c29,MATR_b4c44,MATR_b4c43,MATR_b3c26,MATR_b3c4,MATR_b4c4,MATR_b3c44,MATR_b1c31,MATR_b1c33,MATR_b1c44,MATR_b4c5,MATR_b1c0",False,False,0.95
560,MATR_b4c1,760.0,539.6961134689592,61.866511874686594,418.43997834545394,660.9522485924645,200.0,-20.303886531040803,-141.56002165454606,100.95224859246446,220.3038865310408,"MATR_b1c29,MATR_b4c44,MATR_b4c43,MATR_b3c26,MATR_b3c4,MATR_b4c4,MATR_b3c44,MATR_b1c31,MATR_b1c33,MATR_b1c44,MATR_b4c5,MATR_b1c0",False,False,0.95
560,MATR_b4c11,863.0,836.4039660601716,108.28860601799059,624.1621983288627,1048.6457337914803,303.0,276.40396606017157,64.1621983288627,488.6457337914803,26.59603393982843,"MATR_b1c29,MATR_b4c44,MATR_b4c43,MATR_b3c26,MATR_b3c4,MATR_b4c4,MATR_b3c44,MATR_b1c31,MATR_b1c33,MATR_b1c44,MATR_b4c5,MATR_b1c0",False,False,0.95
560,MATR_b4c15,675.0,613.1463456083482,62.4800333645353,490.68773046099807,735.6049607556982,115.0,53.146345608348156,-69.31226953900193,175.60496075569824,61.853654391651844,"MATR_b1c29,MATR_b4c44,MATR_b4c43,MATR_b3c26,MATR_b3c4,MATR_b4c4,MATR_b3c44,MATR_b1c31,MATR_b1c33,MATR_b1c44,MATR_b4c5,MATR_b1c0",False,False,0.95
560,MATR_b4c21,773.0,746.0897346939461,90.78592749982386,568.1525864912269,924.0268828966653,213.0,186.08973469394607,8.152586491226884,364.02688289666526,26.91026530605393,"MATR_b1c29,MATR_b4c44,MATR_b4c43,MATR_b3c26,MATR_b3c4,MATR_b4c4,MATR_b3c44,MATR_b1c31,MATR_b1c33,MATR_b1c44,MATR_b4c5,MATR_b1c0",False,False,0.95
560,MATR_b4c3,777.0,672.2011917609583,82.7777931454354,509.9596984761984,834.4426850457182,217.0,112.2011917609583,-50.04030152380159,274.44268504571824,104.7988082390417,"MATR_b1c29,MATR_b4c44,MATR_b4c43,MATR_b3c26,MATR_b3c4,MATR_b4c4,MATR_b3c44,MATR_b1c31,MATR_b1c33,MATR_b1c44,MATR_b4c5,MATR_b1c0",False,False,0.95
560,MATR_b4c32,754.0,651.988758435277,70.43716286112563,513.9344560542885,790.0430608162654,194.0,91.98875843527696,-46.06554394571151,230.04306081626544,102.01124156472304,"MATR_b1c29,MATR_b4c44,MATR_b4c43,MATR_b3c26,MATR_b3c4,MATR_b4c4,MATR_b3c44,MATR_b1c31,MATR_b1c33,MATR_b1c44,MATR_b4c5,MATR_b1c0",False,False,0.95
560,MATR_b4c34,891.0,908.3206932304475,151.2713938110748,611.8342094695658,1204.8071769913292,331.0,348.32069323044755,51.83420946956585,644.8071769913292,17.320693230447546,"MATR_b1c29,MATR_b4c44,MATR_b4c43,MATR_b3c26,MATR_b3c4,MATR_b4c4,MATR_b3c44,MATR_b1c31,MATR_b1c33,MATR_b1c44,MATR_b4c5,MATR_b1c0",False,False,0.95
560,MATR_b4c42,774.0,732.0121551724952,91.51568134940901,552.6447157070097,911.3795946379807,214.0,172.01215517249523,-7.355284292990291,351.37959463798074,41.98784482750477,"MATR_b1c29,MATR_b4c44,MATR_b4c43,MATR_b3c26,MATR_b3c4,MATR_b4c4,MATR_b3c44,MATR_b1c31,MATR_b1c33,MATR_b1c44,MATR_b4c5,MATR_b1c0",False,False,0.95
560,MATR_b4c6,706.0,611.8041288514255,76.67214328028507,461.5294894045721,762.0787682982789,146.0,51.8041288514255,-98.47051059542792,202.07876829827887,94.1958711485745,"MATR_b1c29,MATR_b4c44,MATR_b4c43,MATR_b3c26,MATR_b3c4,MATR_b4c4,MATR_b3c44,MATR_b1c31,MATR_b1c33,MATR_b1c44,MATR_b4c5,MATR_b1c0",False,False,0.95
580,MATR_b1c14,877.0,869.900396060898,106.4288882622074,661.3036081523338,1078.4971839694622,297.0,289.90039606089795,81.30360815233382,498.4971839694622,7.099603939102053,"MATR_b1c15,MATR_b4c24,MATR_b3c34,MATR_b3c44,MATR_b1c43,MATR_b4c44,MATR_b1c39,MATR_b4c13,MATR_b3c39,MATR_b1c28,MATR_b3c13,MATR_b3c38",False,False,0.95
580,MATR_b1c18,687.0,566.4536354318655,58.69026092610957,451.4228377734323,681.4844330902986,107.0,-13.54636456813455,-128.57716222656768,101.48443309029858,120.54636456813455,"MATR_b1c15,MATR_b4c24,MATR_b3c34,MATR_b3c44,MATR_b1c43,MATR_b4c44,MATR_b1c39,MATR_b4c13,MATR_b3c39,MATR_b1c28,MATR_b3c13,MATR_b3c38",False,False,0.95
580,MATR_b1c19,786.0,706.472894659254,75.57887219633291,558.341027162286,854.6047621562221,206.0,126.47289465925405,-21.658972837714032,274.60476215622214,79.52710534074595,"MATR_b1c15,MATR_b4c24,MATR_b3c34,MATR_b3c44,MATR_b1c43,MATR_b4c44,MATR_b1c39,MATR_b4c13,MATR_b3c39,MATR_b1c28,MATR_b3c13,MATR_b3c38",False,False,0.95
580,MATR_b1c2,2237.0,1439.0137097078891,466.77903194796335,524.1436183514099,2353.8838010643685,1657.0,859.0137097078891,-55.85638164859006,1773.8838010643685,797.9862902921109,"MATR_b1c15,MATR_b4c24,MATR_b3c34,MATR_b3c44,MATR_b1c43,MATR_b4c44,MATR_b1c39,MATR_b4c13,MATR_b3c39,MATR_b1c28,MATR_b3c13,MATR_b3c38",False,False,0.95
580,MATR_b1c30,707.0,685.6571163502656,74.68759276996282,539.2721244291444,832.0421082713868,127.0,105.6571163502656,-40.727875570855645,252.04210827138684,21.342883649734404,"MATR_b1c15,MATR_b4c24,MATR_b3c34,MATR_b3c44,MATR_b1c43,MATR_b4c44,MATR_b1c39,MATR_b4c13,MATR_b3c39,MATR_b1c28,MATR_b3c13,MATR_b3c38",False,False,0.95
580,MATR_b1c34,742.0,712.3899098257089,75.47117436404281,564.4691262012424,860.3106934501753,162.0,132.38990982570886,-15.530873798757625,280.31069345017534,29.610090174291145,"MATR_b1c15,MATR_b4c24,MATR_b3c34,MATR_b3c44,MATR_b1c43,MATR_b4c44,MATR_b1c39,MATR_b4c13,MATR_b3c39,MATR_b1c28,MATR_b3c13,MATR_b3c38",False,False,0.95
580,MATR_b1c35,701.0,581.4113592678707,56.715110628487324,470.2517850568307,692.5709334789107,121.0,1.4113592678706937,-109.74821494316927,112.57093347891066,119.5886407321293,"MATR_b1c15,MATR_b4c24,MATR_b3c34,MATR_b3c44,MATR_b1c43,MATR_b4c44,MATR_b1c39,MATR_b4c13,MATR_b3c39,MATR_b1c28,MATR_b3c13,MATR_b3c38",False,False,0.95
580,MATR_b1c42,700.0,612.8211020127771,62.475469697708974,490.3714314880441,735.2707725375102,120.0,32.821102012777146,-89.6285685119559,155.2707725375102,87.17889798722285,"MATR_b1c15,MATR_b4c24,MATR_b3c34,MATR_b3c44,MATR_b1c43,MATR_b4c44,MATR_b1c39,MATR_b4c13,MATR_b3c39,MATR_b1c28,MATR_b3c13,MATR_b3c38",False,False,0.95
580,MATR_b1c5,1071.0,1012.5432414793845,144.9526348195686,728.4412977688435,1296.6451851899255,491.0,432.5432414793845,148.44129776884347,716.6451851899255,58.456758520615494,"MATR_b1c15,MATR_b4c24,MATR_b3c34,MATR_b3c44,MATR_b1c43,MATR_b4c44,MATR_b1c39,MATR_b4c13,MATR_b3c39,MATR_b1c28,MATR_b3c13,MATR_b3c38",False,False,0.95
580,MATR_b1c6,633.0,621.8793408087141,70.94775249239048,482.82430113956696,760.9343804778613,53.0,41.87934080871412,-97.17569886043304,180.93438047786128,11.120659191285881,"MATR_b1c15,MATR_b4c24,MATR_b3c34,MATR_b3c44,MATR_b1c43,MATR_b4c44,MATR_b1c39,MATR_b4c13,MATR_b3c39,MATR_b1c28,MATR_b3c13,MATR_b3c38",False,False,0.95
580,MATR_b3c1,1061.0,1122.2588355417993,234.77222233575722,662.1137351932852,1582.4039358903133,481.0,542.2588355417993,82.11373519328515,1002.4039358903133,61.25883554179927,"MATR_b1c15,MATR_b4c24,MATR_b3c34,MATR_b3c44,MATR_b1c43,MATR_b4c44,MATR_b1c39,MATR_b4c13,MATR_b3c39,MATR_b1c28,MATR_b3c13,MATR_b3c38",False,False,0.95
580,MATR_b3c14,856.0,820.904605544049,105.75610967578388,613.6264394344447,1028.1827716536532,276.0,240.904605544049,33.626439434444706,448.18277165365316,35.09539445595101,"MATR_b1c15,MATR_b4c24,MATR_b3c34,MATR_b3c44,MATR_b1c43,MATR_b4c44,MATR_b1c39,MATR_b4c13,MATR_b3c39,MATR_b1c28,MATR_b3c13,MATR_b3c38",False,False,0.95
580,MATR_b3c17,1313.0,1271.1596726108346,355.09916040651956,575.1781072736449,1967.1412379480244,733.0,691.1596726108346,-4.821892726355145,1387.1412379480244,41.840327389165395,"MATR_b1c15,MATR_b4c24,MATR_b3c34,MATR_b3c44,MATR_b1c43,MATR_b4c44,MATR_b1c39,MATR_b4c13,MATR_b3c39,MATR_b1c28,MATR_b3c13,MATR_b3c38",False,False,0.95
580,MATR_b3c24,823.0,772.9108851110972,106.63550474916089,563.909136329492,981.9126338927024,243.0,192.91088511109717,-16.090863670508043,401.9126338927024,50.08911488890283,"MATR_b1c15,MATR_b4c24,MATR_b3c34,MATR_b3c44,MATR_b1c43,MATR_b4c44,MATR_b1c39,MATR_b4c13,MATR_b3c39,MATR_b1c28,MATR_b3c13,MATR_b3c38",False,False,0.95
580,MATR_b3c31,729.0,646.5419326866462,68.32950626196047,512.6185613317996,780.4653040414928,149.0,66.54193268664619,-67.38143866820042,200.4653040414928,82.45806731335381,"MATR_b1c15,MATR_b4c24,MATR_b3c34,MATR_b3c44,MATR_b1c43,MATR_b4c44,MATR_b1c39,MATR_b4c13,MATR_b3c39,MATR_b1c28,MATR_b3c13,MATR_b3c38",False,False,0.95
580,MATR_b3c33,1282.0,1248.6445165104353,340.3397161320902,581.590930382953,1915.6981026379176,702.0,668.6445165104353,1.5909303829530472,1335.6981026379176,33.355483489564676,"MATR_b1c15,MATR_b4c24,MATR_b3c34,MATR_b3c44,MATR_b1c43,MATR_b4c44,MATR_b1c39,MATR_b4c13,MATR_b3c39,MATR_b1c28,MATR_b3c13,MATR_b3c38",False,False,0.95
580,MATR_b3c36,921.0,914.0490548789621,144.82078719158824,630.2055277707098,1197.8925819872145,341.0,334.0490548789621,50.20552777070975,617.8925819872145,6.950945121037876,"MATR_b1c15,MATR_b4c24,MATR_b3c34,MATR_b3c44,MATR_b1c43,MATR_b4c44,MATR_b1c39,MATR_b4c13,MATR_b3c39,MATR_b1c28,MATR_b3c13,MATR_b3c38",False,False,0.95
580,MATR_b3c6,665.0,450.71262735384255,71.09713965637962,311.3647942235241,590.060460484161,85.0,-129.28737264615745,-268.6352057764759,10.060460484161013,214.28737264615745,"MATR_b1c15,MATR_b4c24,MATR_b3c34,MATR_b3c44,MATR_b1c43,MATR_b4c44,MATR_b1c39,MATR_b4c13,MATR_b3c39,MATR_b1c28,MATR_b3c13,MATR_b3c38",False,False,0.95
580,MATR_b4c1,760.0,517.7721074813372,61.83572359044797,396.57631628608544,638.967898676589,180.0,-62.22789251866277,-183.42368371391456,58.967898676589016,242.22789251866277,"MATR_b1c15,MATR_b4c24,MATR_b3c34,MATR_b3c44,MATR_b1c43,MATR_b4c44,MATR_b1c39,MATR_b4c13,MATR_b3c39,MATR_b1c28,MATR_b3c13,MATR_b3c38",False,False,0.95
580,MATR_b4c11,863.0,795.0700193294107,103.22853456605175,592.7458094031012,997.3942292557201,283.0,215.07001932941068,12.745809403101248,417.3942292557201,67.92998067058932,"MATR_b1c15,MATR_b4c24,MATR_b3c34,MATR_b3c44,MATR_b1c43,MATR_b4c44,MATR_b1c39,MATR_b4c13,MATR_b3c39,MATR_b1c28,MATR_b3c13,MATR_b3c38",False,False,0.95
580,MATR_b4c15,675.0,588.2907153284738,62.24988341215369,466.28318579883523,710.2982448581123,95.0,8.290715328473766,-113.71681420116477,130.2982448581123,86.70928467152623,"MATR_b1c15,MATR_b4c24,MATR_b3c34,MATR_b3c44,MATR_b1c43,MATR_b4c44,MATR_b1c39,MATR_b4c13,MATR_b3c39,MATR_b1c28,MATR_b3c13,MATR_b3c38",False,False,0.95
580,MATR_b4c21,773.0,720.0602434435372,89.28467871603173,545.0654887888851,895.0549980981892,193.0,140.06024344353716,-34.93451121111491,315.05499809818923,52.93975655646284,"MATR_b1c15,MATR_b4c24,MATR_b3c34,MATR_b3c44,MATR_b1c43,MATR_b4c44,MATR_b1c39,MATR_b4c13,MATR_b3c39,MATR_b1c28,MATR_b3c13,MATR_b3c38",False,False,0.95
580,MATR_b4c3,777.0,647.9704168610199,80.76581829085475,489.67232182903825,806.2685118930015,197.0,67.97041686101988,-90.32767817096175,226.26851189300146,129.02958313898012,"MATR_b1c15,MATR_b4c24,MATR_b3c34,MATR_b3c44,MATR_b1c43,MATR_b4c44,MATR_b1c39,MATR_b4c13,MATR_b3c39,MATR_b1c28,MATR_b3c13,MATR_b3c38",False,False,0.95
580,MATR_b4c32,754.0,634.3046529891136,70.74211931096967,495.6526469495776,772.9566590286496,174.0,54.304652989113606,-84.34735305042238,192.9566590286496,119.6953470108864,"MATR_b1c15,MATR_b4c24,MATR_b3c34,MATR_b3c44,MATR_b1c43,MATR_b4c44,MATR_b1c39,MATR_b4c13,MATR_b3c39,MATR_b1c28,MATR_b3c13,MATR_b3c38",False,False,0.95
580,MATR_b4c34,891.0,899.5677308115136,153.03140720873068,599.6316841789182,1199.503777444109,311.0,319.56773081151357,19.63168417891825,619.5037774441089,8.56773081151357,"MATR_b1c15,MATR_b4c24,MATR_b3c34,MATR_b3c44,MATR_b1c43,MATR_b4c44,MATR_b1c39,MATR_b4c13,MATR_b3c39,MATR_b1c28,MATR_b3c13,MATR_b3c38",False,False,0.95
580,MATR_b4c42,774.0,701.2454495502569,88.680439818604,527.4349813726215,875.0559177278924,194.0,121.24544955025692,-52.56501862737855,295.0559177278924,72.75455044974308,"MATR_b1c15,MATR_b4c24,MATR_b3c34,MATR_b3c44,MATR_b1c43,MATR_b4c44,MATR_b1c39,MATR_b4c13,MATR_b3c39,MATR_b1c28,MATR_b3c13,MATR_b3c38",False,False,0.95
580,MATR_b4c6,706.0,581.2422683547386,74.14238984298532,435.9258545347591,726.5586821747181,126.0,1.2422683547385986,-144.07414546524092,146.55868217471811,124.7577316452614,"MATR_b1c15,MATR_b4c24,MATR_b3c34,MATR_b3c44,MATR_b1c43,MATR_b4c44,MATR_b1c39,MATR_b4c13,MATR_b3c39,MATR_b1c28,MATR_b3c13,MATR_b3c38",False,False,0.95
600,MATR_b1c14,877.0,815.3394679091484,99.93135585619943,619.4776095047417,1011.2013263135551,277.0,215.33946790914842,19.477609504741736,411.2013263135551,61.660532090851575,"MATR_b1c41,MATR_b3c13,MATR_b4c35,MATR_b1c29,MATR_b3c10,MATR_b4c24,MATR_b4c39,MATR_b3c41,MATR_b4c16,MATR_b3c4,MATR_b3c27,MATR_b1c39",False,False,0.95
600,MATR_b1c18,687.0,547.9221370378432,59.2111870274955,431.87034298208675,663.9739310935996,87.0,-52.077862962156814,-168.12965701791325,63.97393109359962,139.07786296215681,"MATR_b1c41,MATR_b3c13,MATR_b4c35,MATR_b1c29,MATR_b3c10,MATR_b4c24,MATR_b4c39,MATR_b3c41,MATR_b4c16,MATR_b3c4,MATR_b3c27,MATR_b1c39",False,False,0.95
600,MATR_b1c19,786.0,672.112346106991,73.34444446043031,528.3598764984494,815.8648157155327,186.0,72.11234610699103,-71.64012350155065,215.8648157155327,113.88765389300897,"MATR_b1c41,MATR_b3c13,MATR_b4c35,MATR_b1c29,MATR_b3c10,MATR_b4c24,MATR_b4c39,MATR_b3c41,MATR_b4c16,MATR_b3c4,MATR_b3c27,MATR_b1c39",False,False,0.95
600,MATR_b1c2,2237.0,1418.5876026785127,451.2549994021116,534.1440560067305,2303.031149350295,1637.0,818.5876026785127,-65.85594399326953,1703.031149350295,818.4123973214873,"MATR_b1c41,MATR_b3c13,MATR_b4c35,MATR_b1c29,MATR_b3c10,MATR_b4c24,MATR_b4c39,MATR_b3c41,MATR_b4c16,MATR_b3c4,MATR_b3c27,MATR_b1c39",False,False,0.95
600,MATR_b1c30,707.0,629.8043223306403,69.44161070499077,493.70126632040734,765.9073783408733,107.0,29.804322330640275,-106.29873367959266,165.90737834087327,77.19567766935972,"MATR_b1c41,MATR_b3c13,MATR_b4c35,MATR_b1c29,MATR_b3c10,MATR_b4c24,MATR_b4c39,MATR_b3c41,MATR_b4c16,MATR_b3c4,MATR_b3c27,MATR_b1c39",False,False,0.95
600,MATR_b1c34,742.0,672.6020510815115,72.50415577742487,530.4965170282771,814.7075851347458,142.0,72.60205108151149,-69.50348297172286,214.70758513474584,69.39794891848851,"MATR_b1c41,MATR_b3c13,MATR_b4c35,MATR_b1c29,MATR_b3c10,MATR_b4c24,MATR_b4c39,MATR_b3c41,MATR_b4c16,MATR_b3c4,MATR_b3c27,MATR_b1c39",False,False,0.95
600,MATR_b1c35,701.0,552.4198612309333,55.897908453849695,442.8619738502709,661.9777486115956,101.0,-47.58013876906671,-157.13802614972911,61.97774861159564,148.5801387690667,"MATR_b1c41,MATR_b3c13,MATR_b4c35,MATR_b1c29,MATR_b3c10,MATR_b4c24,MATR_b4c39,MATR_b3c41,MATR_b4c16,MATR_b3c4,MATR_b3c27,MATR_b1c39",False,False,0.95
600,MATR_b1c42,700.0,577.9349178431559,60.624079457681034,459.1139055102065,696.7559301761052,100.0,-22.06508215684414,-140.8860944897935,96.75593017610515,122.06508215684414,"MATR_b1c41,MATR_b3c13,MATR_b4c35,MATR_b1c29,MATR_b3c10,MATR_b4c24,MATR_b4c39,MATR_b3c41,MATR_b4c16,MATR_b3c4,MATR_b3c27,MATR_b1c39",False,False,0.95
600,MATR_b1c5,1071.0,953.9526660921575,135.91008186404292,687.5738005027431,1220.331531681572,471.0,353.95266609215753,87.5738005027431,620.331531681572,117.04733390784247,"MATR_b1c41,MATR_b3c13,MATR_b4c35,MATR_b1c29,MATR_b3c10,MATR_b4c24,MATR_b4c39,MATR_b3c41,MATR_b4c16,MATR_b3c4,MATR_b3c27,MATR_b1c39",False,False,0.95
600,MATR_b1c6,633.0,560.3439112002495,66.96109782130371,429.1025711052308,691.5852512952682,33.0,-39.65608879975048,-170.89742889476918,91.58525129526822,72.65608879975048,"MATR_b1c41,MATR_b3c13,MATR_b4c35,MATR_b1c29,MATR_b3c10,MATR_b4c24,MATR_b4c39,MATR_b3c41,MATR_b4c16,MATR_b3c4,MATR_b3c27,MATR_b1c39",False,False,0.95
600,MATR_b3c1,1061.0,1057.2885738585292,208.21610392903787,649.1925091563662,1465.384638560692,461.0,457.28857385852916,49.192509156366214,865.3846385606921,3.711426141470838,"MATR_b1c41,MATR_b3c13,MATR_b4c35,MATR_b1c29,MATR_b3c10,MATR_b4c24,MATR_b4c39,MATR_b3c41,MATR_b4c16,MATR_b3c4,MATR_b3c27,MATR_b1c39",False,False,0.95
600,MATR_b3c14,856.0,764.9701570272907,97.84238206215525,573.2026120238586,956.7377020307229,256.0,164.97015702729072,-26.797387976141408,356.73770203072286,91.02984297270928,"MATR_b1c41,MATR_b3c13,MATR_b4c35,MATR_b1c29,MATR_b3c10,MATR_b4c24,MATR_b4c39,MATR_b3c41,MATR_b4c16,MATR_b3c4,MATR_b3c27,MATR_b1c39",False,False,0.95
600,MATR_b3c17,1313.0,1235.9775840480434,334.5320972347547,580.3067217952729,1891.6484463008137,713.0,635.9775840480434,-19.693278204727108,1291.6484463008137,77.02241595195665,"MATR_b1c41,MATR_b3c13,MATR_b4c35,MATR_b1c29,MATR_b3c10,MATR_b4c24,MATR_b4c39,MATR_b3c41,MATR_b4c16,MATR_b3c4,MATR_b3c27,MATR_b1c39",False,False,0.95
600,MATR_b3c24,823.0,741.2662129137708,103.26954170013242,538.861630481554,943.6707953459876,223.0,141.2662129137708,-61.138369518445984,343.6707953459876,81.7337870862292,"MATR_b1c41,MATR_b3c13,MATR_b4c35,MATR_b1c29,MATR_b3c10,MATR_b4c24,MATR_b4c39,MATR_b3c41,MATR_b4c16,MATR_b3c4,MATR_b3c27,MATR_b1c39",False,False,0.95
600,MATR_b3c31,729.0,614.9172083005417,66.38163445945064,484.8115955251155,745.0228210759678,129.0,14.917208300541688,-115.18840447488452,145.02282107596784,114.08279169945831,"MATR_b1c41,MATR_b3c13,MATR_b4c35,MATR_b1c29,MATR_b3c10,MATR_b4c24,MATR_b4c39,MATR_b3c41,MATR_b4c16,MATR_b3c4,MATR_b3c27,MATR_b1c39",False,False,0.95
600,MATR_b3c33,1282.0,1202.6588641744963,313.2838150453432,588.6338697463162,1816.6838586026765,682.0,602.6588641744963,-11.366130253683764,1216.6838586026765,79.34113582550367,"MATR_b1c41,MATR_b3c13,MATR_b4c35,MATR_b1c29,MATR_b3c10,MATR_b4c24,MATR_b4c39,MATR_b3c41,MATR_b4c16,MATR_b3c4,MATR_b3c27,MATR_b1c39",False,False,0.95
600,MATR_b3c36,921.0,847.3534824851608,130.55470823476273,591.4709563328911,1103.2360086374306,321.0,247.35348248516084,-8.529043667108908,503.2360086374306,73.64651751483916,"MATR_b1c41,MATR_b3c13,MATR_b4c35,MATR_b1c29,MATR_b3c10,MATR_b4c24,MATR_b4c39,MATR_b3c41,MATR_b4c16,MATR_b3c4,MATR_b3c27,MATR_b1c39",False,False,0.95
600,MATR_b3c6,665.0,445.8934892814667,73.47052398992707,301.89390833592364,589.8930702270097,65.0,-154.1065107185333,-298.10609166407636,-10.10692977299027,219.1065107185333,"MATR_b1c41,MATR_b3c13,MATR_b4c35,MATR_b1c29,MATR_b3c10,MATR_b4c24,MATR_b4c39,MATR_b3c41,MATR_b4c16,MATR_b3c4,MATR_b3c27,MATR_b1c39",False,False,0.95
600,MATR_b4c1,760.0,498.346205666334,61.85527678563375,377.1120909127354,619.5803204199326,160.0,-101.65379433366599,-222.88790908726457,19.580320419932605,261.653794333666,"MATR_b1c41,MATR_b3c13,MATR_b4c35,MATR_b1c29,MATR_b3c10,MATR_b4c24,MATR_b4c39,MATR_b3c41,MATR_b4c16,MATR_b3c4,MATR_b3c27,MATR_b1c39",False,False,0.95
600,MATR_b4c11,863.0,723.5322670505717,92.24822044720156,542.7290773361453,904.3354567649981,263.0,123.5322670505717,-57.27092266385466,304.33545676499807,139.4677329494283,"MATR_b1c41,MATR_b3c13,MATR_b4c35,MATR_b1c29,MATR_b3c10,MATR_b4c24,MATR_b4c39,MATR_b3c41,MATR_b4c16,MATR_b3c4,MATR_b3c27,MATR_b1c39",False,False,0.95
600,MATR_b4c15,675.0,556.0543654914185,60.75212089343199,436.9823965558685,675.1263344269685,75.0,-43.94563450858152,-163.0176034441315,75.12633442696847,118.94563450858152,"MATR_b1c41,MATR_b3c13,MATR_b4c35,MATR_b1c29,MATR_b3c10,MATR_b4c24,MATR_b4c39,MATR_b3c41,MATR_b4c16,MATR_b3c4,MATR_b3c27,MATR_b1c39",False,False,0.95
600,MATR_b4c21,773.0,669.5068216859407,82.93804842320681,506.95123382841643,832.062409543465,173.0,69.50682168594074,-93.04876617158357,232.06240954346504,103.49317831405926,"MATR_b1c41,MATR_b3c13,MATR_b4c35,MATR_b1c29,MATR_b3c10,MATR_b4c24,MATR_b4c39,MATR_b3c41,MATR_b4c16,MATR_b3c4,MATR_b3c27,MATR_b1c39",False,False,0.95
600,MATR_b4c3,777.0,605.7150963792965,75.64066048131242,457.46212606910206,753.9680666894909,177.0,5.715096379296483,-142.53787393089794,153.9680666894909,171.28490362070352,"MATR_b1c41,MATR_b3c13,MATR_b4c35,MATR_b1c29,MATR_b3c10,MATR_b4c24,MATR_b4c39,MATR_b3c41,MATR_b4c16,MATR_b3c4,MATR_b3c27,MATR_b1c39",False,False,0.95
600,MATR_b4c32,754.0,607.7506235185499,69.35416708474945,471.8189538546677,743.6822931824321,154.0,7.750623518549901,-128.1810461453323,143.6822931824321,146.2493764814501,"MATR_b1c41,MATR_b3c13,MATR_b4c35,MATR_b1c29,MATR_b3c10,MATR_b4c24,MATR_b4c39,MATR_b3c41,MATR_b4c16,MATR_b3c4,MATR_b3c27,MATR_b1c39",False,False,0.95
600,MATR_b4c34,891.0,813.4650429136755,130.69956937041485,557.298594152768,1069.6314916745828,291.0,213.46504291367546,-42.70140584723197,469.6314916745828,77.53495708632454,"MATR_b1c41,MATR_b3c13,MATR_b4c35,MATR_b1c29,MATR_b3c10,MATR_b4c24,MATR_b4c39,MATR_b3c41,MATR_b4c16,MATR_b3c4,MATR_b3c27,MATR_b1c39",False,False,0.95
600,MATR_b4c42,774.0,652.4819637893014,82.38018955420578,491.0197592234753,813.9441683551274,174.0,52.4819637893014,-108.98024077652468,213.94416835512743,121.5180362106986,"MATR_b1c41,MATR_b3c13,MATR_b4c35,MATR_b1c29,MATR_b3c10,MATR_b4c24,MATR_b4c39,MATR_b3c41,MATR_b4c16,MATR_b3c4,MATR_b3c27,MATR_b1c39",False,False,0.95
600,MATR_b4c6,706.0,548.0975888556652,71.52166417707339,407.9177029542328,688.2774747570976,106.0,-51.90241114433479,-192.08229704576718,88.2774747570976,157.9024111443348,"MATR_b1c41,MATR_b3c13,MATR_b4c35,MATR_b1c29,MATR_b3c10,MATR_b4c24,MATR_b4c39,MATR_b3c41,MATR_b4c16,MATR_b3c4,MATR_b3c27,MATR_b1c39",False,False,0.95
