epoch,meta_loss,checkpoint_selection_meta_loss,checkpoint_selection_metric,mean_support_loss,gradient_norm,elapsed_seconds,outer_learning_rate,CALCE_CX2_16_support_loss,CALCE_CX2_16_query_loss,CALCE_CX2_33_support_loss,CALCE_CX2_33_query_loss,CALCE_CX2_34_support_loss,CALCE_CX2_34_query_loss,CALCE_CX2_35_support_loss,CALCE_CX2_35_query_loss,CALCE_CX2_36_support_loss,CALCE_CX2_36_query_loss
1,0.36660274863243103,0.37136363983154297,deterministic_post_update_meta_query_loss,0.9296289682388306,1.4899738930736406,2.9792525288648903,0.0001,0.9025200009346008,0.4330276548862457,0.9283583760261536,0.3632645606994629,0.9249039888381958,0.3338041603565216,0.9775413274765015,0.3904902935028076,0.9148209691047668,0.31242695450782776
2,0.3637773394584656,0.3689091444015503,deterministic_post_update_meta_query_loss,0.925504207611084,1.4845142806173568,5.735018299892545,0.0001,0.8991292715072632,0.42982959747314453,0.9245082139968872,0.3603821396827698,0.920075535774231,0.33018821477890015,0.9736583828926086,0.3873303234577179,0.9101496338844299,0.31115636229515076
3,0.36151251196861267,0.36644681096076964,deterministic_post_update_meta_query_loss,0.9213499426841736,1.4825104622319767,8.507939025061205,0.0001,0.8959248065948486,0.42805176973342896,0.9207485914230347,0.3581846058368683,0.9170696139335632,0.3285072445869446,0.9688815474510193,0.38306084275245667,0.9041247367858887,0.30975815653800964
4,0.3592172861099243,0.36397676467895507,deterministic_post_update_meta_query_loss,0.9176151156425476,1.4815160813270876,11.407482445938513,0.0001,0.8912922143936157,0.4238799810409546,0.9164637327194214,0.35658472776412964,0.9126405715942383,0.3257582187652588,0.9663543701171875,0.3823395371437073,0.9013248682022095,0.3075239360332489
5,0.3548622727394104,0.3614998996257782,deterministic_post_update_meta_query_loss,0.9136958122253418,1.4775496885918349,14.21405671001412,0.0001,0.8887118697166443,0.42016568779945374,0.9120899438858032,0.3511549234390259,0.9077807664871216,0.3224503695964813,0.9613256454467773,0.37812095880508423,0.8985707759857178,0.3024193048477173
6,0.35235193371772766,0.35901533961296084,deterministic_post_update_meta_query_loss,0.9102344512939453,1.4746916562628616,17.049184103962034,0.0001,0.8840640187263489,0.4174518883228302,0.9095250368118286,0.3488609194755554,0.9057886004447937,0.3204188644886017,0.958332359790802,0.3751069903373718,0.8934623003005981,0.29992103576660156
7,0.3506363034248352,0.3565227806568146,deterministic_post_update_meta_query_loss,0.9066940546035767,1.4748839384800003,19.984957159962505,0.0001,0.8804425597190857,0.4153113067150116,0.9054684042930603,0.3474898338317871,0.9024779200553894,0.3163866698741913,0.955714225769043,0.37408360838890076,0.8893672823905945,0.2999099791049957
8,0.34785062074661255,0.35402180552482604,deterministic_post_update_meta_query_loss,0.9037078022956848,1.4724177954457307,22.827010243898258,0.0001,0.8771641254425049,0.4124782085418701,0.9028786420822144,0.34515199065208435,0.8986391425132751,0.31495460867881775,0.9512847065925598,0.3706587851047516,0.8885722160339355,0.2960094213485718
9,0.3443550169467926,0.35151318907737733,deterministic_post_update_meta_query_loss,0.8986005783081055,1.4683570465141198,25.667078336933628,0.0001,0.8727443218231201,0.4077356457710266,0.8972452282905579,0.3411664366722107,0.8921796083450317,0.3116796612739563,0.9469364881515503,0.3672660291194916,0.883897066116333,0.293927401304245
10,0.341692179441452,0.3489966750144958,deterministic_post_update_meta_query_loss,0.8947863578796387,1.4686924025164094,28.591815878869966,0.0001,0.8691998720169067,0.4057305157184601,0.8940384984016418,0.33808016777038574,0.8902835249900818,0.3099762499332428,0.9425155520439148,0.36310625076293945,0.877894401550293,0.2915675938129425
11,0.3386552333831787,0.3464721322059631,deterministic_post_update_meta_query_loss,0.8912126421928406,1.4648203834321833,31.42360429605469,0.0001,0.8649049997329712,0.40160828828811646,0.889313817024231,0.33589357137680054,0.8851866126060486,0.30568796396255493,0.9384750127792358,0.3619607090950012,0.8781830668449402,0.2881256937980652
12,0.33612141013145447,0.3439391553401947,deterministic_post_update_meta_query_loss,0.8868358731269836,1.4618139696663435,34.260838699992746,0.0001,0.8609699010848999,0.39875391125679016,0.8863255381584167,0.33327946066856384,0.8824516534805298,0.30388182401657104,0.9349730014801025,0.3590394854545593,0.8694590330123901,0.2856523394584656
13,0.3332577347755432,0.3413976848125458,deterministic_post_update_meta_query_loss,0.8828136324882507,1.4586079310320341,37.09888239298016,0.0001,0.8582848310470581,0.39760392904281616,0.8815172910690308,0.33027738332748413,0.8768407106399536,0.3020256459712982,0.928979754447937,0.35447388887405396,0.8684452772140503,0.28190773725509644
14,0.33085712790489197,0.3388471961021423,deterministic_post_update_meta_query_loss,0.8792406320571899,1.4595496237058416,40.04598056804389,0.0001,0.8533368706703186,0.39305379986763,0.8777340650558472,0.3271329700946808,0.8754332661628723,0.30020180344581604,0.9264844655990601,0.35281437635421753,0.8632143139839172,0.28108254075050354
15,0.32816821336746216,0.3362876296043396,deterministic_post_update_meta_query_loss,0.8757181167602539,1.455225511347893,42.865143636008725,0.0001,0.8510562181472778,0.3914981186389923,0.8745424151420593,0.32442665100097656,0.8700505495071411,0.2965644299983978,0.9231281280517578,0.3506167531013489,0.8598130345344543,0.27773499488830566
16,0.3257009983062744,0.3337181985378265,deterministic_post_update_meta_query_loss,0.8723737597465515,1.4534532512693688,45.71296603092924,0.0001,0.847011923789978,0.3882921040058136,0.8693361282348633,0.3219955265522003,0.8662533164024353,0.2940256893634796,0.9206060171127319,0.3480290174484253,0.8586615324020386,0.276162713766098
17,0.3224724233150482,0.3311394274234772,deterministic_post_update_meta_query_loss,0.8680481910705566,1.4521257172470052,48.54009248688817,0.0001,0.8429367542266846,0.3844294846057892,0.8681852221488953,0.320163756608963,0.862296998500824,0.29083552956581116,0.9148929119110107,0.34399399161338806,0.8519290089607239,0.2729393541812897
18,0.3197379410266876,0.3285506844520569,deterministic_post_update_meta_query_loss,0.8640701174736023,1.4501985269219253,51.45937710488215,0.0001,0.8400402069091797,0.38134732842445374,0.863385796546936,0.317474901676178,0.8586721420288086,0.2879297435283661,0.9095964431762695,0.34000322222709656,0.8486559391021729,0.27193453907966614
19,0.3166416585445404,0.32595196962356565,deterministic_post_update_meta_query_loss,0.8592061996459961,1.4457498474205612,54.28601863095537,0.0001,0.8346911668777466,0.3781425952911377,0.8571873903274536,0.31278061866760254,0.853409469127655,0.28493326902389526,0.9059610962867737,0.33776551485061646,0.8447815775871277,0.2695862650871277
20,0.3136362135410309,0.32334293723106383,deterministic_post_update_meta_query_loss,0.8556086421012878,1.4421066823119697,57.11821733508259,0.0001,0.8283355236053467,0.3726021945476532,0.8569832444190979,0.31201934814453125,0.8506627082824707,0.2836260497570038,0.9016425609588623,0.33403292298316956,0.840419352054596,0.26590049266815186
21,0.3100596070289612,0.32072350978851316,deterministic_post_update_meta_query_loss,0.8517444729804993,1.4393135884464117,60.05458346987143,0.0001,0.8265586495399475,0.3705488443374634,0.8496038913726807,0.3060362637042999,0.8468256592750549,0.2794604003429413,0.898780882358551,0.3305865526199341,0.8369531631469727,0.26366597414016724
22,0.30736491084098816,0.318093478679657,deterministic_post_update_meta_query_loss,0.8473232388496399,1.4368280145992673,62.89723446499556,0.0001,0.8221086263656616,0.3672039210796356,0.8482785820960999,0.30585405230522156,0.8425299525260925,0.27736708521842957,0.8920671939849854,0.3273478150367737,0.8316320180892944,0.25905168056488037
23,0.3053392171859741,0.3154517233371735,deterministic_post_update_meta_query_loss,0.8438072204589844,1.434230887224489,65.72350164293312,0.0001,0.8197807669639587,0.3651801347732544,0.8446028232574463,0.3026738464832306,0.8389593362808228,0.2753748595714569,0.888511598110199,0.32519084215164185,0.8271811008453369,0.2582763731479645
24,0.3019498288631439,0.31279838681221006,deterministic_post_update_meta_query_loss,0.8396015167236328,1.4303880597736849,68.55110672698356,0.0001,0.817522406578064,0.3629295527935028,0.8348454833030701,0.2983767092227936,0.8357772827148438,0.27283382415771484,0.8849372863769531,0.32099220156669617,0.824924886226654,0.2546168863773346
25,0.29966112971305847,0.31013321280479433,deterministic_post_update_meta_query_loss,0.8363001942634583,1.4311124205756234,71.47839976288378,0.0001,0.8121244311332703,0.35957401990890503,0.8357570171356201,0.2965039014816284,0.8301020860671997,0.2699762284755707,0.8829246759414673,0.319771945476532,0.8205925226211548,0.2524794638156891
26,0.2964456081390381,0.30745567083358766,deterministic_post_update_meta_query_loss,0.8323392868041992,1.4280883392752215,74.3035128118936,0.0001,0.8086492419242859,0.35498103499412537,0.8325269818305969,0.2951328754425049,0.8278313875198364,0.26661670207977295,0.8750916719436646,0.315091073513031,0.8175972104072571,0.250406414270401
27,0.2941327691078186,0.30476545691490176,deterministic_post_update_meta_query_loss,0.8295459151268005,1.4254977995932934,77.1345854268875,0.0001,0.8057425618171692,0.3536737859249115,0.8259312510490417,0.29026731848716736,0.8259199261665344,0.26501449942588806,0.8742579817771912,0.31334981322288513,0.8158777952194214,0.24835841357707977
28,0.29134103655815125,0.30206236243247986,deterministic_post_update_meta_query_loss,0.8252384066581726,1.4232874378298639,79.9626208820846,0.0001,0.8019376397132874,0.3499951660633087,0.822589635848999,0.28785568475723267,0.8209744691848755,0.2628655731678009,0.87336665391922,0.31153404712677,0.807323694229126,0.24445465207099915
29,0.287540465593338,0.2993460834026337,deterministic_post_update_meta_query_loss,0.8203781247138977,1.4181198317172223,82.89231996191666,0.0001,0.7949943542480469,0.34456220269203186,0.8180997371673584,0.2851250171661377,0.8157903552055359,0.25878551602363586,0.8664360642433167,0.3071342408657074,0.8065698146820068,0.2420952469110489
30,0.28524500131607056,0.29661633968353274,deterministic_post_update_meta_query_loss,0.8161953091621399,1.4161585898049067,85.73561638197862,0.0001,0.7917104959487915,0.3425144851207733,0.813829779624939,0.2813990116119385,0.8131539821624756,0.257163405418396,0.8611446022987366,0.30531901121139526,0.8011378049850464,0.23982907831668854
31,0.28202125430107117,0.2938730210065842,deterministic_post_update_meta_query_loss,0.8122667670249939,1.4123337483270102,88.57691013696603,0.0001,0.7854167819023132,0.33806943893432617,0.8132086992263794,0.27989497780799866,0.8055343627929688,0.25302672386169434,0.8590313196182251,0.302631676197052,0.7981424331665039,0.23648348450660706
32,0.27985143661499023,0.29111520648002626,deterministic_post_update_meta_query_loss,0.8100938200950623,1.412001229105993,91.50676451507024,0.0001,0.7860393524169922,0.33679988980293274,0.810639500617981,0.2778167724609375,0.8045145273208618,0.2508908808231354,0.8555359840393066,0.29886898398399353,0.7937397360801697,0.23488068580627441
33,0.2765319347381592,0.28834307193756104,deterministic_post_update_meta_query_loss,0.8054847121238708,1.4078529995319968,94.34609219594859,0.0001,0.7813734412193298,0.3329188823699951,0.8027057647705078,0.2735793888568878,0.8009387254714966,0.2488292157649994,0.8478180170059204,0.29450348019599915,0.7945874929428101,0.23282861709594727
34,0.2730233073234558,0.28555613458156587,deterministic_post_update_meta_query_loss,0.8011146783828735,1.4028954779589398,97.18924404401332,0.0001,0.7762752771377563,0.3284108340740204,0.7975772619247437,0.2694265842437744,0.7982310652732849,0.24488595128059387,0.8466029167175293,0.2918888330459595,0.7868868112564087,0.23050425946712494
35,0.27008119225502014,0.2827543705701828,deterministic_post_update_meta_query_loss,0.7959120273590088,1.4009961912637736,100.14054273907095,0.0001,0.77463698387146,0.32700368762016296,0.7951956987380981,0.26687997579574585,0.7917170524597168,0.2420072704553604,0.8376991152763367,0.2883870601654053,0.7803114652633667,0.22612802684307098
36,0.26748764514923096,0.2799375206232071,deterministic_post_update_meta_query_loss,0.794715940952301,1.4003792021445554,102.97067393595353,0.0001,0.770675539970398,0.32354646921157837,0.7936305999755859,0.2654893100261688,0.7874017357826233,0.2380814254283905,0.8420403003692627,0.287044882774353,0.77983158826828,0.2232760787010193
37,0.2642240524291992,0.27710512578487395,deterministic_post_update_meta_query_loss,0.7894814014434814,1.3948199885705899,105.82036769390106,0.0001,0.7658276557922363,0.3190478980541229,0.7893348336219788,0.26104408502578735,0.7823887467384338,0.23596858978271484,0.8324863314628601,0.28354743123054504,0.7773693799972534,0.22151216864585876
38,0.26183414459228516,0.2742565363645554,deterministic_post_update_meta_query_loss,0.7861827611923218,1.3926995821835195,108.75807071197778,0.0001,0.7630495429039001,0.3164079189300537,0.7818101644515991,0.25844985246658325,0.7838829755783081,0.23497271537780762,0.8316230177879333,0.2806738317012787,0.7705479264259338,0.2186664342880249
39,0.2581832706928253,0.271391898393631,deterministic_post_update_meta_query_loss,0.7807415127754211,1.388866528521613,111.59687342005782,0.0001,0.7546864151954651,0.3121006190776825,0.7822353839874268,0.2562831938266754,0.7728291749954224,0.23061850666999817,0.8244655728340149,0.27559834718704224,0.7694910764694214,0.21631565690040588
40,0.2556169033050537,0.26851042807102204,deterministic_post_update_meta_query_loss,0.7773306965827942,1.3863164572369764,114.42741819191724,0.0001,0.7564414739608765,0.31010445952415466,0.7749371528625488,0.25254637002944946,0.7712720632553101,0.2282484769821167,0.8205353021621704,0.2731776237487793,0.7634673714637756,0.21400761604309082
41,0.2524312734603882,0.26561228930950165,deterministic_post_update_meta_query_loss,0.7726238369941711,1.3821995110271925,117.25992998387665,0.0001,0.7464855313301086,0.3052925765514374,0.7697674632072449,0.24989557266235352,0.771000862121582,0.22632546722888947,0.8169611692428589,0.2704508602619171,0.758904218673706,0.21019193530082703
42,0.24915876984596252,0.26269670128822326,deterministic_post_update_meta_query_loss,0.7681941986083984,1.3783535307843862,120.19598968792707,0.0001,0.7449999451637268,0.3016281723976135,0.7672436237335205,0.2463645040988922,0.7646540999412537,0.22364847362041473,0.8135474920272827,0.2676985263824463,0.7505256533622742,0.20645421743392944
43,0.24654541909694672,0.2597636491060257,deterministic_post_update_meta_query_loss,0.7659935355186462,1.3766894946568238,123.03076329198666,0.0001,0.7434831857681274,0.29932624101638794,0.7656054496765137,0.24408088624477386,0.7613918781280518,0.22052103281021118,0.8087531924247742,0.2638154923915863,0.7507339715957642,0.20498345792293549
44,0.24337120354175568,0.2568125069141388,deterministic_post_update_meta_query_loss,0.7616748809814453,1.373602394624438,125.8660945519805,0.0001,0.7386435270309448,0.29589682817459106,0.7612593173980713,0.2407226860523224,0.7560745477676392,0.21751005947589874,0.8043982982635498,0.2604387104511261,0.7479985952377319,0.2022876739501953
45,0.2395813912153244,0.2538433611392975,deterministic_post_update_meta_query_loss,0.7559581398963928,1.3674417700185564,128.77916407887824,0.0001,0.7322534322738647,0.29084306955337524,0.7565250992774963,0.23752941191196442,0.7490843534469604,0.2134069800376892,0.7969367504119873,0.2565487027168274,0.7449911832809448,0.1995789110660553
46,0.23690076172351837,0.2508555382490158,deterministic_post_update_meta_query_loss,0.7535073161125183,1.3668155254970993,131.60873272595927,0.0001,0.72756028175354,0.2866884469985962,0.7530490159988403,0.23510554432868958,0.751970112323761,0.21213220059871674,0.7955573201179504,0.25396057963371277,0.7393995523452759,0.19661693274974823
47,0.23351386189460754,0.2478488266468048,deterministic_post_update_meta_query_loss,0.7488541603088379,1.3616793595035215,134.4258435429074,0.0001,0.7231097221374512,0.28337419033050537,0.7500945329666138,0.2314993143081665,0.7478623986244202,0.20960694551467896,0.7917754054069519,0.250495582818985,0.731428861618042,0.1925932615995407
48,0.2316119521856308,0.24482257664203644,deterministic_post_update_meta_query_loss,0.7469167113304138,1.3594870551671723,137.33734369790182,0.0001,0.7235921621322632,0.28243979811668396,0.7480568289756775,0.22941932082176208,0.7429856061935425,0.20702460408210754,0.7877657413482666,0.24783271551132202,0.7321830987930298,0.1913432627916336
49,0.22721703350543976,0.2417767435312271,deterministic_post_update_meta_query_loss,0.7387638092041016,1.3513608520322933,140.17231685086153,0.0001,0.7186763882637024,0.2781834900379181,0.7342332601547241,0.22473162412643433,0.7367825508117676,0.20287087559700012,0.7782977819442749,0.24268761277198792,0.7258291244506836,0.18761150538921356
50,0.22517095506191254,0.2387109637260437,deterministic_post_update_meta_query_loss,0.7394407987594604,1.3515100565197684,143.09703528904356,0.0001,0.7201170921325684,0.27560579776763916,0.7410786151885986,0.22342604398727417,0.7353909015655518,0.20046934485435486,0.780067503452301,0.24146075546741486,0.7205497026443481,0.18489275872707367
51,0.22080226242542267,0.23562470972537994,deterministic_post_update_meta_query_loss,0.7309686541557312,1.345422530641849,145.91332338098437,0.0001,0.7070398330688477,0.2701007127761841,0.7299166321754456,0.21865612268447876,0.7264444828033447,0.19647718966007233,0.7745265960693359,0.23742112517356873,0.7169158458709717,0.18135617673397064
52,0.2178623229265213,0.2325180232524872,deterministic_post_update_meta_query_loss,0.7281287908554077,1.3405198144458024,148.73681520903483,0.0001,0.7055239677429199,0.267844021320343,0.7271197438240051,0.21516460180282593,0.7251501083374023,0.1936434507369995,0.7689317464828491,0.23307932913303375,0.7139182090759277,0.17958025634288788
53,0.21394650638103485,0.2293906182050705,deterministic_post_update_meta_query_loss,0.7216635942459106,1.335120720973596,151.55171084986068,0.0001,0.7010407447814941,0.262879878282547,0.717915415763855,0.21173234283924103,0.7228589653968811,0.19150622189044952,0.7590436935424805,0.2273450493812561,0.7074588537216187,0.176269069314003
54,0.21202054619789124,0.22624170780181885,deterministic_post_update_meta_query_loss,0.7214805483818054,1.3341630533030666,154.4771983390674,0.0001,0.6973850727081299,0.2599547207355499,0.7217913866043091,0.20930950343608856,0.7190702557563782,0.18925578892230988,0.7638670802116394,0.22809365391731262,0.7052890062332153,0.173489049077034
55,0.20831309258937836,0.22307141423225402,deterministic_post_update_meta_query_loss,0.7132335305213928,1.3267732747327394,157.30688136490062,0.0001,0.6921548843383789,0.25598740577697754,0.719107449054718,0.20758408308029175,0.7029576301574707,0.18284866213798523,0.7514599561691284,0.22291715443134308,0.7004877328872681,0.17222806811332703
56,0.20478688180446625,0.21987919211387635,deterministic_post_update_meta_query_loss,0.711560070514679,1.3235899336692383,160.13512960006483,0.0001,0.6906846761703491,0.25294065475463867,0.7089712023735046,0.20218299329280853,0.7039623260498047,0.1803891658782959,0.7566167116165161,0.22071655094623566,0.6975653767585754,0.16770495474338531
57,0.2016075700521469,0.2166649430990219,deterministic_post_update_meta_query_loss,0.70795738697052,1.32046317061529,162.96648711408488,0.0001,0.691426157951355,0.24885721504688263,0.7060461044311523,0.19946368038654327,0.7031728029251099,0.17869266867637634,0.7451224327087402,0.21628519892692566,0.6940194964408875,0.16473904252052307
58,0.19742046296596527,0.21342869400978087,deterministic_post_update_meta_query_loss,0.6991000175476074,1.3110425463514652,165.89295084704645,0.0001,0.6776539087295532,0.24306368827819824,0.6953049898147583,0.19522526860237122,0.6949499845504761,0.174421489238739,0.7383836507797241,0.21163491904735565,0.6892076730728149,0.16275697946548462
59,0.19529783725738525,0.21016985476016997,deterministic_post_update_meta_query_loss,0.6995036005973816,1.3096714780715777,168.7171782499645,0.0001,0.6762723922729492,0.24269099533557892,0.7013673782348633,0.1934690624475479,0.6934228539466858,0.1719142347574234,0.7402501106262207,0.21024329960346222,0.6862050294876099,0.15817159414291382
60,0.1909947693347931,0.20688839256763458,deterministic_post_update_meta_query_loss,0.6905408501625061,1.301731045221318,171.54114495706744,0.0001,0.6632295250892639,0.23469281196594238,0.6857603788375854,0.18857403099536896,0.6858782768249512,0.16830022633075714,0.7362066507339478,0.20644445717334747,0.6816293597221375,0.1569623500108719
61,0.1885281503200531,0.2035837858915329,deterministic_post_update_meta_query_loss,0.6882202625274658,1.2990423259672532,174.4683298668824,0.0001,0.6594688296318054,0.2328127771615982,0.6954209804534912,0.18737277388572693,0.6877952218055725,0.1676178127527237,0.7253242135047913,0.2017531543970108,0.673092246055603,0.15308420360088348
62,0.18544185161590576,0.2002560406923294,deterministic_post_update_meta_query_loss,0.6865994334220886,1.2947972775862298,177.30165463802405,0.0001,0.6652712821960449,0.23010331392288208,0.685817301273346,0.18338802456855774,0.6779168844223022,0.16300949454307556,0.731212854385376,0.19988463819026947,0.6727789044380188,0.15082378685474396
63,0.1815219223499298,0.19690516889095305,deterministic_post_update_meta_query_loss,0.6801533102989197,1.2870050407862608,180.12870236905292,0.0001,0.6548348069190979,0.22415649890899658,0.6801126003265381,0.1815134733915329,0.6708817481994629,0.1592157781124115,0.7285786867141724,0.1961917132139206,0.6663585901260376,0.14653213322162628
64,0.1781063824892044,0.19353115260601045,deterministic_post_update_meta_query_loss,0.6761811971664429,1.28181167092543,182.954140702961,0.0001,0.655210018157959,0.22093041241168976,0.674809455871582,0.17636996507644653,0.6695997714996338,0.15671475231647491,0.7142582535743713,0.1913750320672989,0.6670284271240234,0.14514176547527313
65,0.17466312646865845,0.1901340365409851,deterministic_post_update_meta_query_loss,0.6707367300987244,1.274528713550405,185.87505287700333,0.0001,0.6449437141418457,0.21706724166870117,0.6717966794967651,0.17390644550323486,0.6690128445625305,0.15411609411239624,0.7107847929000854,0.18777711689472198,0.657145619392395,0.14044871926307678
66,0.17048271000385284,0.1867140144109726,deterministic_post_update_meta_query_loss,0.6667653918266296,1.268879430283496,188.69621189590544,0.0001,0.6472059488296509,0.21216115355491638,0.6676653623580933,0.16854573786258698,0.6566723585128784,0.14952102303504944,0.7068682909011841,0.18344128131866455,0.6554150581359863,0.1387443095445633
67,0.1676100492477417,0.18327077627182006,deterministic_post_update_meta_query_loss,0.6602177023887634,1.2623925506883584,191.515956684947,0.0001,0.6373966932296753,0.20953966677188873,0.6566989421844482,0.1649211198091507,0.6573920249938965,0.1478978991508484,0.699171781539917,0.17993688583374023,0.6504290103912354,0.13575470447540283
68,0.16421695053577423,0.17980462908744813,deterministic_post_update_meta_query_loss,0.656526505947113,1.2554447858126305,194.35337680089287,0.0001,0.6404379606246948,0.20620959997177124,0.6533650159835815,0.1610829085111618,0.648125410079956,0.1439714878797531,0.6968283653259277,0.17729723453521729,0.6438758373260498,0.13252347707748413
69,0.1610802412033081,0.1763155609369278,deterministic_post_update_meta_query_loss,0.6554272770881653,1.2500889622160138,197.26783928088844,0.0001,0.6380919814109802,0.2027144581079483,0.654964804649353,0.16004495322704315,0.6479731202125549,0.13979199528694153,0.6926670074462891,0.173028826713562,0.6434394121170044,0.12982092797756195
70,0.1567244976758957,0.17280408143997192,deterministic_post_update_meta_query_loss,0.6463986039161682,1.2416516440741643,200.09130762587301,0.0001,0.621198296546936,0.19739335775375366,0.6512476205825806,0.15451036393642426,0.6426220536231995,0.13692158460617065,0.6853705048561096,0.16965191066265106,0.6315544843673706,0.1251453310251236
71,0.15371716022491455,0.1692700892686844,deterministic_post_update_meta_query_loss,0.6432134509086609,1.2355455957028754,202.91196969989687,0.0001,0.6271447539329529,0.19442857801914215,0.6381633877754211,0.15157541632652283,0.6388704776763916,0.13401350378990173,0.676453173160553,0.16460593044757843,0.6354353427886963,0.1239623948931694
72,0.15048108994960785,0.16571424007415772,deterministic_post_update_meta_query_loss,0.6373981833457947,1.227298008605141,205.82771090394817,0.0001,0.6168962717056274,0.18997080624103546,0.6324300765991211,0.1486341506242752,0.6391034722328186,0.13214103877544403,0.6737210750579834,0.16197675466537476,0.6248399615287781,0.11968272924423218
73,0.14714911580085754,0.1621364563703537,deterministic_post_update_meta_query_loss,0.6339178681373596,1.221884247627224,208.66104421508498,0.0001,0.6127511262893677,0.1861129105091095,0.6327083110809326,0.14574125409126282,0.6324625611305237,0.12878908216953278,0.6710333824157715,0.1580689549446106,0.6206339597702026,0.11703339219093323
74,0.14252805709838867,0.15853751301765442,deterministic_post_update_meta_query_loss,0.623784601688385,1.2098873239159962,211.49197270791046,0.0001,0.601607620716095,0.1806538701057434,0.6270970106124878,0.14091423153877258,0.6238780617713928,0.12495527416467667,0.6560174822807312,0.1522998958826065,0.6103228330612183,0.1138170138001442
75,0.13960736989974976,0.15491841733455658,deterministic_post_update_meta_query_loss,0.623234212398529,1.2030006820848635,214.4119860860519,0.0001,0.6041017770767212,0.17681603133678436,0.6209256649017334,0.13836278021335602,0.6153246164321899,0.12106779962778091,0.6667202711105347,0.1514049470424652,0.6090986132621765,0.11038528382778168
76,0.13631436228752136,0.1512797772884369,deterministic_post_update_meta_query_loss,0.617987871170044,1.19433675848497,217.23611107305624,0.0001,0.5961588025093079,0.17280584573745728,0.6274789571762085,0.13582243025302887,0.6069110631942749,0.11795304715633392,0.6568899154663086,0.14731840789318085,0.6025006771087646,0.10767204314470291
77,0.13177774846553802,0.1476223349571228,deterministic_post_update_meta_query_loss,0.6096392869949341,1.1831920105662839,220.07698468398303,0.0001,0.5821199417114258,0.16706159710884094,0.6186262369155884,0.13214616477489471,0.610333263874054,0.11495918780565262,0.6381797194480896,0.14012674987316132,0.5989373326301575,0.10459505021572113
78,0.12927554547786713,0.14394708573818207,deterministic_post_update_meta_query_loss,0.6086315512657166,1.176754576147651,223.0074411209207,0.0001,0.5889458656311035,0.16528338193893433,0.6071314811706543,0.1276126503944397,0.599239706993103,0.11058015376329422,0.6577546000480652,0.14238415658473969,0.5900861024856567,0.10051730275154114
79,0.12597201764583588,0.14025542587041856,deterministic_post_update_meta_query_loss,0.6060704588890076,1.1661267239832143,225.84327566693537,0.0001,0.5853145122528076,0.1614816039800644,0.6026507616043091,0.12449344992637634,0.6004828810691833,0.10913904011249542,0.6461118459701538,0.13570399582386017,0.5957924127578735,0.09904201328754425
80,0.1224389597773552,0.13654784858226776,deterministic_post_update_meta_query_loss,0.6007712483406067,1.157677117732362,228.6715503318701,0.0001,0.580661416053772,0.15744726359844208,0.5951859951019287,0.11991629749536514,0.5981729626655579,0.10598533600568771,0.6390763521194458,0.1324596256017685,0.5907595753669739,0.09638623893260956
81,0.1188497319817543,0.13282653242349624,deterministic_post_update_meta_query_loss,0.5974804759025574,1.1479957632189055,231.5042927209288,0.0001,0.5768025517463684,0.15246449410915375,0.5928316116333008,0.11702118068933487,0.5951842069625854,0.10354015976190567,0.6391029357910156,0.1287989616394043,0.5834811925888062,0.09242387861013412
82,0.11472213268280029,0.1290927603840828,deterministic_post_update_meta_query_loss,0.5879839062690735,1.1343100646078959,234.4426960500423,0.0001,0.5725959539413452,0.14942526817321777,0.5907232761383057,0.1127970889210701,0.5842677354812622,0.09868068993091583,0.6180062890052795,0.12293907254934311,0.5743263959884644,0.08976851403713226
83,0.11094360798597336,0.1253482297062874,deterministic_post_update_meta_query_loss,0.5833888053894043,1.1223275831425947,237.2798104309477,0.0001,0.5567213296890259,0.14227724075317383,0.591962456703186,0.11023087054491043,0.5859549045562744,0.09686018526554108,0.6154136657714844,0.11943651735782623,0.5668917298316956,0.08591319620609283
84,0.10838963091373444,0.12159411311149597,deterministic_post_update_meta_query_loss,0.5812035202980042,1.1159589007116568,240.11703640199266,0.0001,0.5596005916595459,0.14013874530792236,0.5824683308601379,0.1071535274386406,0.5839464068412781,0.09391104429960251,0.6196951270103455,0.11753539741039276,0.5603070259094238,0.08320941776037216
85,0.1044045239686966,0.11783247739076615,deterministic_post_update_meta_query_loss,0.5712546706199646,1.1001598893327647,243.05434340494685,0.0001,0.5532011985778809,0.13623753190040588,0.570572018623352,0.10309689491987228,0.5657331347465515,0.08899980783462524,0.6132341623306274,0.11325372755527496,0.5535328388214111,0.08043468743562698
86,0.10108112543821335,0.11406589597463608,deterministic_post_update_meta_query_loss,0.5691576600074768,1.0890935100976158,245.9011027540546,0.0001,0.557233452796936,0.13231156766414642,0.5705538392066956,0.09981175512075424,0.5587899088859558,0.08752875030040741,0.602184534072876,0.10782372206449509,0.5570265650749207,0.0779297947883606
87,0.09754582494497299,0.11029697805643082,deterministic_post_update_meta_query_loss,0.5646106004714966,1.0750270262877282,248.75859755207784,0.0001,0.5473735332489014,0.12824255228042603,0.5673300623893738,0.0967283844947815,0.5637316703796387,0.08340015262365341,0.6012013554573059,0.10583654046058655,0.5434163808822632,0.07352149486541748
88,0.09335177391767502,0.10652883052825927,deterministic_post_update_meta_query_loss,0.5540318489074707,1.0583202774829046,251.69221108406782,0.0001,0.5425353050231934,0.12386316061019897,0.5605627298355103,0.09311656653881073,0.5401405096054077,0.07790828496217728,0.5873855352401733,0.10145050287246704,0.5395353436470032,0.07042034715414047
89,0.09051459282636642,0.10276438295841217,deterministic_post_update_meta_query_loss,0.5543161630630493,1.0469532013762963,254.5365186498966,0.0001,0.5358791351318359,0.1195545569062233,0.5485353469848633,0.08760543912649155,0.5479124784469604,0.07723613828420639,0.5923606157302856,0.09798495471477509,0.5468931198120117,0.0701918825507164
90,0.08631926029920578,0.09900705516338348,deterministic_post_update_meta_query_loss,0.5456898808479309,1.029033473900275,257.47360077803023,0.0001,0.5347815752029419,0.11438829451799393,0.5317639112472534,0.08432523161172867,0.5495584011077881,0.07470077276229858,0.5794864892959595,0.09232175350189209,0.5328590273857117,0.06586027145385742
91,0.08264435827732086,0.0952613115310669,deterministic_post_update_meta_query_loss,0.5394427180290222,1.009681429946544,260.308800349012,0.0001,0.5193670988082886,0.1088334396481514,0.5306667685508728,0.0805068239569664,0.5355993509292603,0.0694252997636795,0.5801321864128113,0.09101607650518417,0.5314480066299438,0.06344013661146164
92,0.0793733149766922,0.09152985215187073,deterministic_post_update_meta_query_loss,0.5308390259742737,0.9945869116719779,263.1460276460275,0.0001,0.5173892974853516,0.10648001730442047,0.5255215167999268,0.0781334936618805,0.5264923572540283,0.06736070662736893,0.5754995346069336,0.0861816257238388,0.5092924237251282,0.05871071293950081
93,0.07627876102924347,0.08781697750091552,deterministic_post_update_meta_query_loss,0.5304083824157715,0.9807681740476812,266.00096672493964,0.0001,0.5217016935348511,0.10296426713466644,0.533517599105835,0.07606025040149689,0.521061897277832,0.06374980509281158,0.5597530007362366,0.08183816820383072,0.5160078406333923,0.056781310588121414
94,0.07274965196847916,0.08412716537714005,deterministic_post_update_meta_query_loss,0.5219046473503113,0.9616593544006328,268.93686713208444,0.0001,0.5074260234832764,0.0981951504945755,0.5213284492492676,0.071787990629673,0.5201287269592285,0.060995325446128845,0.5520623922348022,0.07861491292715073,0.5085777044296265,0.05415487289428711
95,0.06951003521680832,0.08046506568789483,deterministic_post_update_meta_query_loss,0.517456591129303,0.9433093410903467,271.768985362025,0.0001,0.49771344661712646,0.0935831144452095,0.5138354301452637,0.067946657538414,0.5141869783401489,0.05810645967721939,0.5570646524429321,0.0765545666217804,0.5044823288917542,0.05135937035083771
96,0.06583751738071442,0.07683615460991859,deterministic_post_update_meta_query_loss,0.5101361274719238,0.9223269487070761,274.60863509890623,0.0001,0.4907417893409729,0.08856616914272308,0.5157786011695862,0.06519876420497894,0.5019580125808716,0.055643029510974884,0.5464415550231934,0.07196617126464844,0.4957606792449951,0.047813426703214645
97,0.06344150751829147,0.07324527576565742,deterministic_post_update_meta_query_loss,0.512995183467865,0.9096159530069852,277.4582603590097,0.0001,0.49262529611587524,0.08553903549909592,0.5097135305404663,0.06240445375442505,0.5107638835906982,0.05309583619236946,0.5483526587486267,0.06924153864383698,0.5035204887390137,0.04692668095231056
98,0.059945978224277496,0.06969871148467063,deterministic_post_update_meta_query_loss,0.5040673613548279,0.8854961220177616,280.40951647399925,0.0001,0.48777613043785095,0.08208229392766953,0.5077484846115112,0.05922176316380501,0.500518262386322,0.05020194128155708,0.5346360206604004,0.06454262882471085,0.48965775966644287,0.04368124157190323
99,0.057095903903245926,0.06620250642299652,deterministic_post_update_meta_query_loss,0.49771568179130554,0.8654165781147197,283.262262172997,0.0001,0.4848357141017914,0.07832188904285431,0.4939999580383301,0.05620552971959114,0.49301254749298096,0.04755493625998497,0.5288374423980713,0.061500173062086105,0.4878925681114197,0.04189698398113251
100,0.05359542369842529,0.06276399344205856,deterministic_post_update_meta_query_loss,0.4924159049987793,0.8403269204013357,286.1021084149834,0.0001,0.47247546911239624,0.07285915315151215,0.4822436273097992,0.05229605361819267,0.4818689823150635,0.04463944211602211,0.5348523855209351,0.058440130203962326,0.49063894152641296,0.039742328226566315
101,0.05054633691906929,0.05938972011208534,deterministic_post_update_meta_query_loss,0.4814072549343109,0.8168541013124632,289.05427566193976,0.0001,0.45911964774131775,0.06945732235908508,0.48500674962997437,0.05027339980006218,0.4817798137664795,0.04259634017944336,0.5123568773269653,0.05342649668455124,0.46877312660217285,0.03697814419865608
102,0.04842349514365196,0.056087016314268115,deterministic_post_update_meta_query_loss,0.48383256793022156,0.7974197234662448,291.89858228806406,0.0001,0.4765244126319885,0.0677017867565155,0.48275625705718994,0.04786878079175949,0.4724770486354828,0.03982599452137947,0.5183933973312378,0.05203000828623772,0.4690116047859192,0.03469089791178703
103,0.04479152709245682,0.05286436602473259,deterministic_post_update_meta_query_loss,0.47248443961143494,0.7676185281509905,294.7469137609005,0.0001,0.4530431628227234,0.06170253828167915,0.48073798418045044,0.04516313597559929,0.4726531207561493,0.037724196910858154,0.49532657861709595,0.04761162027716637,0.460661381483078,0.03175614774227142
104,0.0415472649037838,0.04973139092326164,deterministic_post_update_meta_query_loss,0.4621794819831848,0.7342523983087327,297.57737161405385,0.0001,0.44020816683769226,0.0572245754301548,0.45795029401779175,0.040282927453517914,0.4653933048248291,0.03515451028943062,0.4999774992465973,0.045898906886577606,0.44736814498901367,0.02917538769543171
105,0.03991307318210602,0.04669386819005013,deterministic_post_update_meta_query_loss,0.467469185590744,0.7200300903686373,300.51489653694443,0.0001,0.455009400844574,0.05644512176513672,0.46654874086380005,0.038831017911434174,0.4625067114830017,0.03352518007159233,0.496095210313797,0.04267994314432144,0.4571857452392578,0.028084097430109978
106,0.03686637803912163,0.043761850148439405,deterministic_post_update_meta_query_loss,0.45048752427101135,0.6841990702479069,303.3587599340826,0.0001,0.4346601665019989,0.05205335468053818,0.4536668658256531,0.03641219809651375,0.4424896240234375,0.030063847079873085,0.4876787066459656,0.04002365469932556,0.43394213914871216,0.02577885612845421
107,0.034300532191991806,0.040944147109985354,deterministic_post_update_meta_query_loss,0.45265594124794006,0.6567333944838122,306.2010516449809,0.0001,0.4303656816482544,0.04731419309973717,0.4583728313446045,0.03438883647322655,0.45462554693222046,0.028969656676054,0.48491567373275757,0.036749329417943954,0.4350000023841858,0.024080639705061913
108,0.03224069997668266,0.038248803839087485,deterministic_post_update_meta_query_loss,0.4481211304664612,0.6307684105441607,309.0253197369166,0.0001,0.4341539144515991,0.04563993215560913,0.4511939287185669,0.0324271023273468,0.4449232816696167,0.026705248281359673,0.4820660352706909,0.034272272139787674,0.4282684624195099,0.02215895615518093
109,0.030002376064658165,0.035684353485703466,deterministic_post_update_meta_query_loss,0.4407719671726227,0.5995178420878444,311.9726707690861,0.0001,0.41984593868255615,0.04127161577343941,0.4472469091415405,0.030082611367106438,0.43394437432289124,0.0253693126142025,0.4750157594680786,0.03243965655565262,0.42780694365501404,0.020848684012889862
110,0.027891099452972412,0.033260169252753255,deterministic_post_update_meta_query_loss,0.43928033113479614,0.5679949716593131,314.8214837089181,0.0001,0.4269688129425049,0.039361774921417236,0.4325768053531647,0.027327382937073708,0.4384039640426636,0.02330462820827961,0.46568259596824646,0.02952687442302704,0.4327692985534668,0.019934846088290215
111,0.025486549362540245,0.030985984951257706,deterministic_post_update_meta_query_loss,0.42690226435661316,0.5274270798900473,317.66799976304173,0.0001,0.41911327838897705,0.03608694672584534,0.42362475395202637,0.0251340139657259,0.4215037524700165,0.02139388583600521,0.44996243715286255,0.026203589513897896,0.4203070104122162,0.018614310771226883
112,0.024051547050476074,0.028867562860250474,deterministic_post_update_meta_query_loss,0.42533379793167114,0.5006717866564304,320.604013988981,0.0001,0.42417722940444946,0.034312766045331955,0.4251292049884796,0.023856939747929573,0.42064476013183594,0.020708490163087845,0.43897396326065063,0.024064818397164345,0.41774362325668335,0.017314724624156952
113,0.022345850244164467,0.026911164447665215,deterministic_post_update_meta_query_loss,0.42025575041770935,0.4690574631020123,323.4459011659492,0.0001,0.39857789874076843,0.029869351536035538,0.4201183617115021,0.022341782227158546,0.4203333556652069,0.019597748294472694,0.45740970969200134,0.023978356271982193,0.40483954548835754,0.015942011028528214
114,0.02074047550559044,0.025124164298176765,deterministic_post_update_meta_query_loss,0.41201087832450867,0.4292525631710912,326.28266635606997,0.0001,0.40684545040130615,0.029065262526273727,0.40025973320007324,0.019737625494599342,0.4017065763473511,0.017819654196500778,0.45870843529701233,0.022638658061623573,0.3925340473651886,0.014441173523664474
115,0.019215742126107216,0.023509721830487253,deterministic_post_update_meta_query_loss,0.4114662706851959,0.3994219419872014,329.2024542449508,0.0001,0.3948419690132141,0.02584191970527172,0.41386178135871887,0.019108526408672333,0.4067119061946869,0.017021380364894867,0.4379855990409851,0.019968220964074135,0.40393000841140747,0.014138663187623024
116,0.017825528979301453,0.022072062268853186,deterministic_post_update_meta_query_loss,0.4002645015716553,0.35915141226722325,332.0411268339958,0.0001,0.4034994840621948,0.024550311267375946,0.4018348157405853,0.01763889193534851,0.3925110101699829,0.015909697860479355,0.4158318340778351,0.01781288906931877,0.3876453638076782,0.013215857557952404
117,0.016660476103425026,0.020812815800309182,deterministic_post_update_meta_query_loss,0.39849409461021423,0.3220492117510405,334.8806416199077,0.0001,0.3849056363105774,0.021344104781746864,0.40010708570480347,0.01641009747982025,0.3938661813735962,0.015365906059741974,0.42793726921081543,0.017155708745121956,0.3856542408466339,0.01302656065672636
118,0.01581530272960663,0.01972948983311653,deterministic_post_update_meta_query_loss,0.39787861704826355,0.2927083576177205,337.84387091896497,0.0001,0.39009666442871094,0.019902223721146584,0.38550126552581787,0.015492442063987255,0.3979857563972473,0.014657099731266499,0.4249163866043091,0.016291193664073944,0.3908928334712982,0.012733550742268562
119,0.01503466721624136,0.018818556517362594,deterministic_post_update_meta_query_loss,0.3949226438999176,0.26090649644194935,340.6802352529485,0.0001,0.38227182626724243,0.0180341936647892,0.39178091287612915,0.01515793427824974,0.4007074534893036,0.014463045634329319,0.4187248945236206,0.015322245657444,0.3811280429363251,0.012195910327136517
120,0.014155558310449123,0.01807594709098339,deterministic_post_update_meta_query_loss,0.3870549201965332,0.22087607741997392,343.5216760800686,0.0001,0.37912774085998535,0.016410648822784424,0.3854997754096985,0.013996106572449207,0.3704652786254883,0.013521028682589531,0.42033684253692627,0.014655973762273788,0.37984487414360046,0.012194035574793816
121,0.013624975457787514,0.01749449372291565,deterministic_post_update_meta_query_loss,0.3780535161495209,0.17873822280615906,346.36378531786613,0.0001,0.36126309633255005,0.01455303467810154,0.386224627494812,0.013919048942625523,0.37847837805747986,0.013922704383730888,0.3961145281791687,0.013603652827441692,0.36818695068359375,0.012126429937779903
122,0.013072088360786438,0.017062700539827346,deterministic_post_update_meta_query_loss,0.3774779736995697,0.14755070284993377,349.29154168302193,0.0001,0.3624189794063568,0.013484926894307137,0.38531357049942017,0.013022438623011112,0.36760616302490234,0.01333598792552948,0.40484803915023804,0.013630490750074387,0.3672031760215759,0.011886595748364925
123,0.012947121635079384,0.01676731985062361,deterministic_post_update_meta_query_loss,0.37239718437194824,0.11580549433554219,352.12568709999323,0.0001,0.36115747690200806,0.012379436753690243,0.37478190660476685,0.013125987723469734,0.369106650352478,0.013690945692360401,0.40748727321624756,0.01321402844041586,0.3494526147842407,0.012325206771492958
124,0.012493346817791462,0.016593037731945516,deterministic_post_update_meta_query_loss,0.3660389482975006,0.07569984873135381,354.95555270300247,0.0001,0.35264694690704346,0.01151880994439125,0.3693428635597229,0.012574374675750732,0.35914841294288635,0.013702786527574062,0.38992810249328613,0.011998159810900688,0.359128475189209,0.012672602199018002
125,0.012306824326515198,0.01652190238237381,deterministic_post_update_meta_query_loss,0.36479297280311584,0.04799952117421641,357.90090028289706,0.0001,0.3465379774570465,0.009940464049577713,0.36882972717285156,0.012352407909929752,0.35107916593551636,0.013523920439183712,0.3968915343284607,0.012736001051962376,0.36062636971473694,0.01298132911324501
126,0.012361793778836727,0.016534926556050777,deterministic_post_update_meta_query_loss,0.365436851978302,0.033120231223898414,360.75155249400996,0.0001,0.35230132937431335,0.010075774043798447,0.3597610592842102,0.012702420353889465,0.36617374420166016,0.013922258280217648,0.40540826320648193,0.01211256068199873,0.3435397744178772,0.012995956465601921
127,0.012185285799205303,0.016613646037876607,deterministic_post_update_meta_query_loss,0.3651701509952545,0.019669350719370805,363.5892201690003,0.0001,0.3512312173843384,0.009098575450479984,0.3526264429092407,0.012547248043119907,0.37008726596832275,0.0139353321865201,0.3938645124435425,0.012110075913369656,0.35804128646850586,0.013235198333859444
128,0.012367074377834797,0.01673807669430971,deterministic_post_update_meta_query_loss,0.3544333577156067,0.04168157779632289,366.5265818729531,0.0001,0.3389979600906372,0.008379370905458927,0.3474462628364563,0.012513642199337482,0.3507430851459503,0.014375964179635048,0.4005264937877655,0.012357261963188648,0.3344530165195465,0.014209129847586155
129,0.012447322718799114,0.016889327205717564,deterministic_post_update_meta_query_loss,0.35225242376327515,0.061124471047537134,369.363373239059,0.0001,0.34438252449035645,0.008219069801270962,0.35456597805023193,0.012828662991523743,0.35961657762527466,0.014690622687339783,0.3770318031311035,0.01167997531592846,0.325665146112442,0.014818280003964901
130,0.012602128088474274,0.017049702070653438,deterministic_post_update_meta_query_loss,0.3471873104572296,0.08313390455868909,372.28896106407046,0.0001,0.34141993522644043,0.00799237284809351,0.3479210436344147,0.013013829477131367,0.34116560220718384,0.015141043812036514,0.3818514049053192,0.012071999721229076,0.32357853651046753,0.014791392721235752
131,0.01261936780065298,0.017205182276666165,deterministic_post_update_meta_query_loss,0.34544771909713745,0.09448545958037886,375.13099770690314,0.0001,0.3290990889072418,0.007509387098252773,0.3526485860347748,0.012909761629998684,0.33624932169914246,0.015691794455051422,0.3718087077140808,0.01227755006402731,0.3374328911304474,0.01470834482461214
132,0.012719168327748775,0.017344987764954568,deterministic_post_update_meta_query_loss,0.34746667742729187,0.10243713672192821,377.96650031907484,0.0001,0.3360345959663391,0.007480571046471596,0.33836525678634644,0.012854190543293953,0.3467414975166321,0.01558136660605669,0.3753189444541931,0.012894163839519024,0.34087318181991577,0.01478554680943489
133,0.012701091356575489,0.017460437677800655,deterministic_post_update_meta_query_loss,0.34759435057640076,0.11415461746041826,380.81301805586554,0.0001,0.3388073444366455,0.007379119284451008,0.3430902361869812,0.013026032596826553,0.34850239753723145,0.015377678908407688,0.36203238368034363,0.012805666774511337,0.34553927183151245,0.014916962943971157
134,0.012560221366584301,0.01754631903022528,deterministic_post_update_meta_query_loss,0.34417182207107544,0.11972807906928627,383.7571724180598,0.0001,0.3319786787033081,0.007099248003214598,0.33008474111557007,0.013784928247332573,0.3385121524333954,0.015300760045647621,0.37255823612213135,0.011976352892816067,0.3477252125740051,0.01463981531560421
135,0.012753999792039394,0.017599011957645416,deterministic_post_update_meta_query_loss,0.3459154963493347,0.1296069614722538,386.6105858110823,0.0001,0.3330204486846924,0.0069489991292357445,0.3388749659061432,0.013151625171303749,0.3563157916069031,0.015301255509257317,0.36438894271850586,0.012501293793320656,0.3369772732257843,0.015866827219724655
136,0.012915032915771008,0.017615911550819874,deterministic_post_update_meta_query_loss,0.340940922498703,0.14092421776835787,389.45806850492954,0.0001,0.3334776759147644,0.006934241857379675,0.3488919138908386,0.013381624594330788,0.336858332157135,0.015878450125455856,0.35990238189697266,0.012817242182791233,0.32557427883148193,0.015563600696623325
137,0.012735748663544655,0.01759886909276247,deterministic_post_update_meta_query_loss,0.33936044573783875,0.1442288161352701,392.30764525802806,0.0001,0.3090769648551941,0.00641793105751276,0.3399006128311157,0.013677121140062809,0.3315371870994568,0.015882447361946106,0.37650009989738464,0.012299932539463043,0.3397873640060425,0.015401306562125683
138,0.012676605954766273,0.01755279302597046,deterministic_post_update_meta_query_loss,0.33969900012016296,0.13729903958108602,395.2540980530903,0.0001,0.323424756526947,0.006689038127660751,0.3472270667552948,0.01266337651759386,0.3260250687599182,0.016332821920514107,0.36008191108703613,0.01270984299480915,0.3417360782623291,0.014987951144576073
139,0.01283738762140274,0.017482483945786952,deterministic_post_update_meta_query_loss,0.34038230776786804,0.13370410371359545,398.1097764519509,0.0001,0.3244706392288208,0.006886814720928669,0.3363386392593384,0.013577941805124283,0.3358321189880371,0.016063183546066284,0.3704843521118164,0.011980315670371056,0.3347858190536499,0.015678681433200836
140,0.012801850214600563,0.01739191375672817,deterministic_post_update_meta_query_loss,0.3375777304172516,0.13508204163715978,400.96035371907055,0.0001,0.3257339596748352,0.0068393428809940815,0.3437061905860901,0.012885117903351784,0.330937922000885,0.016193293035030365,0.3595510721206665,0.012483173981308937,0.32795950770378113,0.015608326531946659
141,0.01292282622307539,0.017284545488655566,deterministic_post_update_meta_query_loss,0.33253806829452515,0.14180882942841222,403.9156650600489,0.0001,0.31303176283836365,0.006533265113830566,0.3443406820297241,0.01318376138806343,0.32599759101867676,0.016416173428297043,0.35980474948883057,0.012905786745250225,0.31951552629470825,0.015575149096548557
142,0.012439905665814877,0.01717089433223009,deterministic_post_update_meta_query_loss,0.3430425226688385,0.11263242733980487,406.76945850998163,0.0001,0.3164028525352478,0.006775901652872562,0.3498944640159607,0.01252933219075203,0.3443748950958252,0.015423165634274483,0.37382107973098755,0.012435573153197765,0.3307192921638489,0.015035552904009819
143,0.012471677735447884,0.017053962498903275,deterministic_post_update_meta_query_loss,0.33707889914512634,0.11241927966564519,409.6215053240303,0.0001,0.32638633251190186,0.00690551707521081,0.3345049023628235,0.012761621735990047,0.32402634620666504,0.015321065671741962,0.37475281953811646,0.012142024002969265,0.32572412490844727,0.015228159725666046
144,0.012492785230278969,0.016936661675572395,deterministic_post_update_meta_query_loss,0.3363841772079468,0.11269354224658609,412.47261861595325,0.0001,0.31993579864501953,0.0067980410531163216,0.3319184482097626,0.01295019593089819,0.3292110860347748,0.01553992461413145,0.37079954147338867,0.012041336856782436,0.33005595207214355,0.015134423971176147
145,0.012372114695608616,0.016824625618755817,deterministic_post_update_meta_query_loss,0.33927401900291443,0.0914857470285186,415.415930619929,0.0001,0.3268871009349823,0.007393002975732088,0.3445587158203125,0.01287821214646101,0.3498101830482483,0.015012511983513832,0.3614353537559509,0.011883647181093693,0.3136787414550781,0.014693200588226318
146,0.01222685631364584,0.01671914868056774,deterministic_post_update_meta_query_loss,0.3352210223674774,0.09201024573338372,418.2696989548858,0.0001,0.32253971695899963,0.007116284687072039,0.3328678011894226,0.012907209806144238,0.3337785005569458,0.014557011425495148,0.3633114695549011,0.012134885415434837,0.32360753417015076,0.0144188916310668
147,0.01244615763425827,0.016622745990753175,deterministic_post_update_meta_query_loss,0.3407498002052307,0.0795819331234783,421.1246750059072,0.0001,0.3301275372505188,0.007621097844094038,0.3395141363143921,0.012552069500088692,0.3329732418060303,0.014978822320699692,0.3676697611808777,0.012624870054423809,0.33346420526504517,0.014453929848968983
148,0.011929045431315899,0.016537744738161563,deterministic_post_update_meta_query_loss,0.34382209181785583,0.06077929856418197,423.9730936039705,0.0001,0.3206234574317932,0.007250568829476833,0.34968698024749756,0.012350022792816162,0.3351779282093048,0.014654744416475296,0.3727651536464691,0.011957202106714249,0.3408568799495697,0.013432687148451805
149,0.012229233980178833,0.016462828777730466,deterministic_post_update_meta_query_loss,0.33669254183769226,0.0664625051979271,426.90828815707937,0.0001,0.31333208084106445,0.007671524304896593,0.3345698118209839,0.012446049600839615,0.3412173390388489,0.014439795166254044,0.36131322383880615,0.012313619256019592,0.33303019404411316,0.014275182038545609
150,0.012054845690727234,0.016399263590574264,deterministic_post_update_meta_query_loss,0.3406720459461212,0.04373917127428712,429.75205240608193,0.0001,0.33231109380722046,0.008234473876655102,0.33213096857070923,0.01220626663416624,0.34583979845046997,0.014139557257294655,0.36779895424842834,0.011966383084654808,0.3252793550491333,0.013727549463510513
151,0.011789321899414062,0.016346454806625842,deterministic_post_update_meta_query_loss,0.34393802285194397,0.03412374491152395,432.5929030799307,0.0001,0.3354625105857849,0.00831864308565855,0.3338763415813446,0.01201796717941761,0.3404419422149658,0.01402139663696289,0.3680717349052429,0.011529413983225822,0.3418375849723816,0.013059187680482864
152,0.012178388424217701,0.016302840411663057,deterministic_post_update_meta_query_loss,0.34309178590774536,0.03277648673019793,435.54157467000186,0.0001,0.3313984274864197,0.008358946070075035,0.3455045819282532,0.012697380967438221,0.33858633041381836,0.01434039231389761,0.3695835769176483,0.011822211556136608,0.3303859233856201,0.013673008419573307
153,0.011962205171585083,0.016267165914177893,deterministic_post_update_meta_query_loss,0.3376368582248688,0.031395675296470006,438.3811111410614,0.0001,0.32223135232925415,0.008298262022435665,0.3270517885684967,0.012513598427176476,0.3466225862503052,0.013860178180038929,0.3720785975456238,0.011505603790283203,0.3201998472213745,0.013633382506668568
154,0.011927937157452106,0.016239024698734283,deterministic_post_update_meta_query_loss,0.34507495164871216,0.019613708029291126,441.2176483180374,0.0001,0.33530962467193604,0.009022039361298084,0.3454405963420868,0.012012340128421783,0.33221572637557983,0.013579964637756348,0.37781867384910583,0.01192911621183157,0.33459001779556274,0.013096224516630173
155,0.012044109404087067,0.016216413117945194,deterministic_post_update_meta_query_loss,0.3379923105239868,0.0240365539353307,444.16141782305203,0.0001,0.3269982933998108,0.008598380722105503,0.3368627727031708,0.012510424479842186,0.3328392803668976,0.01419574674218893,0.3670152425765991,0.011605437844991684,0.32624590396881104,0.01331055723130703
156,0.011866617016494274,0.016198584251105784,deterministic_post_update_meta_query_loss,0.34139057993888855,0.019892578254240692,447.00604688492604,0.0001,0.3226854205131531,0.008418405428528786,0.34351423382759094,0.012241937220096588,0.3439357578754425,0.013693721033632755,0.37421849370002747,0.01174124050885439,0.3225988447666168,0.013237778097391129
157,0.011785974726080894,0.016184514202177525,deterministic_post_update_meta_query_loss,0.34166669845581055,0.019876814027378432,449.8528221959714,0.0001,0.32385802268981934,0.008755357936024666,0.34187376499176025,0.012382504530251026,0.34536367654800415,0.01351328007876873,0.3650588393211365,0.011539868079125881,0.3321792483329773,0.012738860212266445
158,0.011870346032083035,0.016173245385289192,deterministic_post_update_meta_query_loss,0.34012705087661743,0.021493337493825287,452.8014282279182,0.0001,0.32523924112319946,0.008803298696875572,0.34887802600860596,0.011864816769957542,0.3356644809246063,0.013777085579931736,0.3688945174217224,0.011971959844231606,0.32195886969566345,0.012934567406773567
159,0.011667492799460888,0.016163960658013822,deterministic_post_update_meta_query_loss,0.34333568811416626,0.02538736960396561,455.6514551239088,0.0001,0.31604713201522827,0.00823806319385767,0.35850685834884644,0.012585273943841457,0.3342067003250122,0.013479962013661861,0.3671676516532898,0.011710582301020622,0.3407500386238098,0.012323582544922829
160,0.011797272600233555,0.016155780851840974,deterministic_post_update_meta_query_loss,0.34439530968666077,0.03392059055035916,458.4916987679899,0.0001,0.33661016821861267,0.009640702977776527,0.3445344567298889,0.012141920626163483,0.343106746673584,0.013125566765666008,0.36864590644836426,0.011633875779807568,0.32907921075820923,0.012444297783076763
161,0.011712091974914074,0.016148035973310472,deterministic_post_update_meta_query_loss,0.34267041087150574,0.03441376346006113,461.3346825770568,0.0001,0.3290245831012726,0.009309928864240646,0.34692662954330444,0.012105867266654968,0.3428003787994385,0.013358579017221928,0.3600561022758484,0.011440874077379704,0.3345443606376648,0.012345212511718273
162,0.011810226365923882,0.01614041142165661,deterministic_post_update_meta_query_loss,0.3354058861732483,0.026472685446705474,464.27428574790247,0.0001,0.33208948373794556,0.00947955809533596,0.3358955383300781,0.012263962998986244,0.33275821805000305,0.013323649764060974,0.35005706548690796,0.011420230381190777,0.3262289762496948,0.012563728727400303
163,0.01192431803792715,0.016132296435534953,deterministic_post_update_meta_query_loss,0.34471458196640015,0.04324740235614242,467.11974024795927,0.0001,0.33412137627601624,0.00992160476744175,0.34100136160850525,0.012067842297255993,0.33580541610717773,0.01343450602144003,0.3765377402305603,0.011706830933690071,0.3361070156097412,0.012490802444517612
164,0.011949232779443264,0.016123630478978156,deterministic_post_update_meta_query_loss,0.3411692678928375,0.03454813006606257,469.9650189608801,0.0001,0.3304297924041748,0.00976928323507309,0.343622624874115,0.012069504708051682,0.3376007080078125,0.013422265648841858,0.36693111062049866,0.011762624606490135,0.3272620439529419,0.012722482904791832
165,0.01191841159015894,0.016114418022334577,deterministic_post_update_meta_query_loss,0.3403932452201843,0.031987799860773776,472.9068306819536,0.0001,0.3266713619232178,0.009432048536837101,0.3431224226951599,0.012207046151161194,0.3316454291343689,0.01379055343568325,0.3730407953262329,0.011726354248821735,0.32748615741729736,0.012436055578291416
166,0.011694285087287426,0.01610435526818037,deterministic_post_update_meta_query_loss,0.3422301411628723,0.04194267158459441,475.75902141886763,0.0001,0.3246809244155884,0.009164792485535145,0.3390817642211914,0.01218497660011053,0.3409992456436157,0.013075742870569229,0.37335604429244995,0.011807967908680439,0.33303260803222656,0.012237942777574062
167,0.011692984029650688,0.0160935303196311,deterministic_post_update_meta_query_loss,0.33656930923461914,0.03738392371243092,478.59332681796513,0.0001,0.3225274085998535,0.009255513548851013,0.33116614818573,0.011794920079410076,0.3398303985595703,0.013339005410671234,0.36314427852630615,0.011663772165775299,0.32617834210395813,0.012411706149578094
168,0.01167919673025608,0.016082067415118216,deterministic_post_update_meta_query_loss,0.3362290859222412,0.03817649079805403,481.53215978993103,0.0001,0.3247629404067993,0.009582682512700558,0.33844617009162903,0.011770566925406456,0.3343777060508728,0.013132253661751747,0.36365431547164917,0.011430875398218632,0.31990426778793335,0.012479600496590137
169,0.011665623635053635,0.01607013903558254,deterministic_post_update_meta_query_loss,0.33679118752479553,0.036240838705545446,484.37477296194993,0.0001,0.3247409164905548,0.009269961155951023,0.3400441110134125,0.011739382520318031,0.33715319633483887,0.013478836044669151,0.3561275601387024,0.011396447196602821,0.32589012384414673,0.012443489395081997
170,0.011608565226197243,0.016057733446359634,deterministic_post_update_meta_query_loss,0.3394932448863983,0.038902044016721156,487.3077437139582,0.0001,0.3154456615447998,0.00876154936850071,0.34883028268814087,0.011972158215939999,0.3319729268550873,0.013315806165337563,0.3711797893047333,0.011545398272573948,0.3300376534461975,0.012447912245988846
171,0.011861637234687805,0.016044994816184044,deterministic_post_update_meta_query_loss,0.3398659825325012,0.03750095489292627,490.1621418718714,0.0001,0.32413250207901,0.009629259817302227,0.34069278836250305,0.012097555212676525,0.33956846594810486,0.0136638805270195,0.3633861541748047,0.011574446223676205,0.3315499722957611,0.012343044392764568
172,0.011858792044222355,0.016032239235937596,deterministic_post_update_meta_query_loss,0.3330998122692108,0.026613703143164153,493.00844832486473,0.0001,0.31381678581237793,0.008984318003058434,0.33532455563545227,0.012401305139064789,0.3275907337665558,0.01351232174783945,0.3599967956542969,0.011874486692249775,0.32877010107040405,0.012521527707576752
173,0.011664659716188908,0.016019537299871444,deterministic_post_update_meta_query_loss,0.336510568857193,0.03174847887103401,495.85351182194427,0.0001,0.32299935817718506,0.009170925244688988,0.3374793529510498,0.01204435434192419,0.3340992331504822,0.013385641388595104,0.35803982615470886,0.011425774544477463,0.3299350440502167,0.012296602129936218
174,0.011892687529325485,0.016006831638514997,deterministic_post_update_meta_query_loss,0.33728504180908203,0.03591461210091596,498.80209496594034,0.0001,0.32735970616340637,0.009593099355697632,0.34216129779815674,0.011953581124544144,0.33183741569519043,0.01336454413831234,0.3671422600746155,0.011627436615526676,0.317924439907074,0.012924779206514359
175,0.011438052169978619,0.01599434148520231,deterministic_post_update_meta_query_loss,0.3312647342681885,0.030914386553798523,501.6472404960077,0.0001,0.3162323236465454,0.009013916365802288,0.33916419744491577,0.011228116229176521,0.32861489057540894,0.013297179713845253,0.35331425070762634,0.011208531446754932,0.31899797916412354,0.012442516162991524
176,0.011457889340817928,0.01598210521042347,deterministic_post_update_meta_query_loss,0.3340151011943817,0.031043957029702352,504.4923310179729,0.0001,0.3108305335044861,0.008333633653819561,0.3439025282859802,0.011857382021844387,0.33469530940055847,0.012783434242010117,0.35902372002601624,0.011811486445367336,0.3216232657432556,0.012503506615757942
177,0.01171576976776123,0.015970160253345966,deterministic_post_update_meta_query_loss,0.33510759472846985,0.0320742698961855,507.35223090602085,0.0001,0.32463183999061584,0.009160269051790237,0.33773255348205566,0.012112279422581196,0.3329722583293915,0.013409703969955444,0.35456666350364685,0.011303593404591084,0.32563459873199463,0.01259300671517849
178,0.01167888380587101,0.015958600863814353,deterministic_post_update_meta_query_loss,0.32959863543510437,0.02593192834197417,510.29110137792304,0.0001,0.32245850563049316,0.009210741147398949,0.31586754322052,0.011813649907708168,0.3283049166202545,0.013333261013031006,0.36014610528945923,0.01152130402624607,0.321215957403183,0.012515460141003132
179,0.011735300533473492,0.015947402082383634,deterministic_post_update_meta_query_loss,0.3359953463077545,0.03163088702218663,513.1265005359892,0.0001,0.31938838958740234,0.009092513471841812,0.33534619212150574,0.012177268043160439,0.33013033866882324,0.01351372990757227,0.36137744784355164,0.011665500700473785,0.33373427391052246,0.012227492406964302
180,0.011466111056506634,0.015936640650033952,deterministic_post_update_meta_query_loss,0.3329330384731293,0.029985571160860112,515.9642136408947,0.0001,0.31809934973716736,0.008603277616202831,0.34165555238723755,0.012050526216626167,0.32052505016326904,0.013339347206056118,0.3563743829727173,0.01121699158102274,0.32801082730293274,0.012120411731302738
181,0.011503866873681545,0.01592627987265587,deterministic_post_update_meta_query_loss,0.3296094834804535,0.0226186466503268,518.8946254199836,0.0001,0.3157247304916382,0.00880872830748558,0.325965940952301,0.011908018961548805,0.3216833174228668,0.013206904754042625,0.3559444844722748,0.011777954176068306,0.32872897386550903,0.011817727237939835
182,0.01157254260033369,0.015916094928979874,deterministic_post_update_meta_query_loss,0.3247089982032776,0.02026077615863013,521.7211348710116,0.0001,0.3162197470664978,0.008570650592446327,0.3159731328487396,0.011900389567017555,0.3214285969734192,0.013610703870654106,0.3511524200439453,0.011414827778935432,0.31877103447914124,0.012366141192615032
183,0.0117057329043746,0.015906088054180145,deterministic_post_update_meta_query_loss,0.32929590344429016,0.021940815515551947,524.556255371077,0.0001,0.3191978931427002,0.008845379576086998,0.3299156725406647,0.0120347635820508,0.3260338604450226,0.013500186614692211,0.34653735160827637,0.011648906394839287,0.3247947096824646,0.012499427422881126
184,0.011455871164798737,0.01589632239192724,deterministic_post_update_meta_query_loss,0.3301824629306793,0.024053527250228097,527.4049099159893,0.0001,0.3159414529800415,0.008981677703559399,0.329719603061676,0.011570398695766926,0.32343655824661255,0.013319440186023712,0.3616008162498474,0.011114750988781452,0.32021376490592957,0.012293089181184769
185,0.011500432156026363,0.01588657982647419,deterministic_post_update_meta_query_loss,0.3282639682292938,0.02220372816720839,530.3463257690892,0.0001,0.3142746090888977,0.008865742944180965,0.3243105113506317,0.011521322652697563,0.3306960463523865,0.0132500184699893,0.35511815547943115,0.011430906131863594,0.31692036986351013,0.01243416965007782
186,0.011427225545048714,0.015876523032784463,deterministic_post_update_meta_query_loss,0.3188396096229553,0.021919439204992987,533.1757855298929,0.0001,0.3092644214630127,0.008559901267290115,0.31671440601348877,0.01162484660744667,0.3217392861843109,0.012956524267792702,0.3361113667488098,0.011361498385667801,0.3103685975074768,0.012633352540433407
187,0.011534377932548523,0.015866478346288203,deterministic_post_update_meta_query_loss,0.3288240134716034,0.021775624999073605,536.0185584099963,0.0001,0.31887125968933105,0.008792168460786343,0.3225853741168976,0.01178606878966093,0.3305593729019165,0.013097262009978294,0.35329487919807434,0.011504903435707092,0.3188091516494751,0.01249148603528738
188,0.01132099237293005,0.015856227464973928,deterministic_post_update_meta_query_loss,0.32714882493019104,0.020612123795079127,538.8640770378988,0.0001,0.3059719204902649,0.008027208968997002,0.3248099982738495,0.011789500713348389,0.3225775957107544,0.013213066384196281,0.3608480393886566,0.01108808908611536,0.3215365707874298,0.012487092055380344
189,0.011406526900827885,0.015845716930925846,deterministic_post_update_meta_query_loss,0.3244984745979309,0.02004408285019676,541.8040293299127,0.0001,0.30969923734664917,0.00847808737307787,0.3157421350479126,0.01163773238658905,0.3216968774795532,0.013270723633468151,0.3589954376220703,0.011185417883098125,0.3163585662841797,0.012460671365261078
190,0.011565516702830791,0.015834728628396987,deterministic_post_update_meta_query_loss,0.3208424150943756,0.02061697557279167,544.6628333518747,0.0001,0.3147270381450653,0.008484016172587872,0.31548458337783813,0.011652106419205666,0.3135188817977905,0.01348380371928215,0.35104840993881226,0.01149706356227398,0.30943307280540466,0.012710590846836567
191,0.011355369351804256,0.015823342837393284,deterministic_post_update_meta_query_loss,0.3220457136631012,0.02011072342756371,547.5207077569794,0.0001,0.30071187019348145,0.007828893139958382,0.3250446319580078,0.012054990977048874,0.3270050287246704,0.013056044466793537,0.3411972224712372,0.011565882712602615,0.31626975536346436,0.012271035462617874
192,0.011471894569694996,0.01581134498119354,deterministic_post_update_meta_query_loss,0.31712114810943604,0.02182986782650475,550.4608561850619,0.0001,0.3047347962856293,0.008250654675066471,0.32025617361068726,0.01185660157352686,0.3118129074573517,0.013328627683222294,0.3426896035671234,0.011310945264995098,0.30611225962638855,0.012612641789019108
193,0.011508073657751083,0.015798806212842464,deterministic_post_update_meta_query_loss,0.3216498792171478,0.020845120627074238,553.2969344309531,0.0001,0.31160467863082886,0.008391139097511768,0.32244643568992615,0.011635844595730305,0.318362832069397,0.013562997803092003,0.340047150850296,0.011586062610149384,0.3157881796360016,0.012364325113594532
194,0.011593127623200417,0.01578586399555206,deterministic_post_update_meta_query_loss,0.3190017640590668,0.019896952689790044,556.1487634379882,0.0001,0.30862265825271606,0.008478235453367233,0.3168141841888428,0.012259025126695633,0.30403780937194824,0.01365472562611103,0.3515770733356476,0.011311587877571583,0.313957154750824,0.012262064032256603
195,0.011511043645441532,0.015772520937025546,deterministic_post_update_meta_query_loss,0.3187410831451416,0.020013760796174698,559.0928773449268,0.0001,0.30864185094833374,0.008651725016534328,0.3163430392742157,0.011711533181369305,0.3143762946128845,0.013240369968116283,0.34667038917541504,0.011181855574250221,0.3076738119125366,0.012769734486937523
196,0.011220184154808521,0.015758798457682133,deterministic_post_update_meta_query_loss,0.31742143630981445,0.021571285258903273,561.9472377749626,0.0001,0.3038221001625061,0.00791158527135849,0.31479883193969727,0.011463337577879429,0.3120531439781189,0.013246957212686539,0.3457406163215637,0.011033163405954838,0.3106924295425415,0.012445874512195587
197,0.011249859817326069,0.015744934417307378,deterministic_post_update_meta_query_loss,0.31599268317222595,0.02049384161823888,564.7797665540129,0.0001,0.29732009768486023,0.008063928224146366,0.316032350063324,0.011462155729532242,0.3137030303478241,0.013268770650029182,0.34577512741088867,0.011001471430063248,0.30713289976119995,0.012452974915504456
198,0.011186624877154827,0.015731123648583888,deterministic_post_update_meta_query_loss,0.3179374635219574,0.02123717676988788,567.7448556050658,0.0001,0.3009457588195801,0.008220942690968513,0.3182167708873749,0.011392067186534405,0.31691473722457886,0.0129214096814394,0.34346330165863037,0.011126678436994553,0.310146689414978,0.01227202545851469
199,0.01142497081309557,0.01571711152791977,deterministic_post_update_meta_query_loss,0.3184264898300171,0.01966720727012705,570.5718541468959,0.0001,0.3036002516746521,0.00809909775853157,0.3220983147621155,0.011727213859558105,0.3133011758327484,0.013446933589875698,0.3425869345664978,0.011331047862768173,0.31054574251174927,0.012520559132099152
200,0.011443421244621277,0.015702803060412406,deterministic_post_update_meta_query_loss,0.31575608253479004,0.019813271162269858,573.4096918080468,0.0001,0.3013153672218323,0.008204640820622444,0.31543421745300293,0.011593824252486229,0.3121238946914673,0.013538611121475697,0.3439781367778778,0.011234942823648453,0.3059287667274475,0.012645089998841286
201,0.011302708648145199,0.015688317082822322,deterministic_post_update_meta_query_loss,0.31615859270095825,0.0199129321725457,576.2500546749216,0.0001,0.29742753505706787,0.00787753239274025,0.31011539697647095,0.011829454451799393,0.31767767667770386,0.013158582150936127,0.34774136543273926,0.011001876555383205,0.30783089995384216,0.012646093033254147
202,0.011196808889508247,0.015673728100955485,deterministic_post_update_meta_query_loss,0.3156639039516449,0.020546292526682528,579.1803876550402,0.0001,0.29543957114219666,0.00801530946046114,0.32109683752059937,0.011386418715119362,0.3188336491584778,0.012756580486893654,0.3445863723754883,0.011249610222876072,0.2983631491661072,0.012576122768223286
203,0.011116549372673035,0.015658920258283617,deterministic_post_update_meta_query_loss,0.31435146927833557,0.020713019186010373,582.0222936929204,0.0001,0.29736006259918213,0.007904430851340294,0.31152597069740295,0.01147807389497757,0.31287524104118347,0.012770203873515129,0.3450866937637329,0.011269434355199337,0.3049093782901764,0.012160600163042545
204,0.011248717084527016,0.01564397905021906,deterministic_post_update_meta_query_loss,0.3158229887485504,0.02060216057008646,584.8647906379774,0.0001,0.29809948801994324,0.00818538572639227,0.3141779899597168,0.011651990003883839,0.3119851350784302,0.012891964055597782,0.3461740016937256,0.011177165433764458,0.3086783289909363,0.012337079271674156
205,0.011334311217069626,0.0156286234036088,deterministic_post_update_meta_query_loss,0.31101900339126587,0.02124850433727121,587.7696483600885,0.0001,0.2969866394996643,0.00817626342177391,0.3101274073123932,0.011440834030508995,0.3117614984512329,0.013097208924591541,0.3320186734199524,0.011644365265965462,0.3042007088661194,0.012312883511185646
206,0.01125176902860403,0.015612955018877984,deterministic_post_update_meta_query_loss,0.3130205571651459,0.020016020492339824,590.5880331769586,0.0001,0.2978384792804718,0.008011636324226856,0.3105980455875397,0.01148336660116911,0.310671329498291,0.013306084088981152,0.34407830238342285,0.01103190053254366,0.3019167184829712,0.012425853870809078
207,0.01114126481115818,0.015597033500671386,deterministic_post_update_meta_query_loss,0.3100278079509735,0.020382274481696976,593.4228008629289,0.0001,0.2937031388282776,0.008064990863204002,0.3085693120956421,0.011487423442304134,0.3034917116165161,0.013124366290867329,0.33886343240737915,0.010978803038597107,0.3055114150047302,0.012050739489495754
208,0.011178558692336082,0.015581258572638035,deterministic_post_update_meta_query_loss,0.3142532408237457,0.02416764593251378,596.366150907008,0.0001,0.30064713954925537,0.008423471823334694,0.3130640983581543,0.011005628854036331,0.3123927414417267,0.012914711609482765,0.3392866849899292,0.011178524233400822,0.3058755397796631,0.012370454147458076
209,0.011111144907772541,0.015565130673348904,deterministic_post_update_meta_query_loss,0.3066262900829315,0.020685009081992205,599.2050557408947,0.0001,0.29326409101486206,0.007670574821531773,0.3048963248729706,0.011493708938360214,0.3045578598976135,0.013077438808977604,0.3332025408744812,0.01127194706350565,0.2972106337547302,0.01204205583781004
210,0.011264272034168243,0.0155487310141325,deterministic_post_update_meta_query_loss,0.3067212998867035,0.019616176997759534,602.1459439860191,0.0001,0.2960622310638428,0.008508232422173023,0.30324408411979675,0.011068430729210377,0.3037002980709076,0.013228820636868477,0.3315868079662323,0.01113702729344368,0.2990131974220276,0.012378848157823086
211,0.011070570908486843,0.0155320193618536,deterministic_post_update_meta_query_loss,0.3059538006782532,0.02039518221649116,604.9937223419547,0.0001,0.2944193482398987,0.007909237407147884,0.3033997416496277,0.011380708776414394,0.30165183544158936,0.012818051502108574,0.33196428418159485,0.011025181040167809,0.29833364486694336,0.01221967488527298
212,0.011143328621983528,0.015515006519854069,deterministic_post_update_meta_query_loss,0.30628737807273865,0.02049400865251018,607.8372401059605,0.0001,0.2943427562713623,0.008200385607779026,0.30403345823287964,0.011344416998326778,0.3052215874195099,0.012967362999916077,0.3269498646259308,0.010609361343085766,0.30088919401168823,0.012595117092132568
213,0.010894040577113628,0.015497948043048382,deterministic_post_update_meta_query_loss,0.3080960810184479,0.021430522888689116,610.681892008055,0.0001,0.2910374402999878,0.007705198135226965,0.3070994019508362,0.011355414055287838,0.3073895275592804,0.012474694289267063,0.33357471227645874,0.010987289249897003,0.3013792634010315,0.011947602964937687
214,0.011111713014543056,0.01548076868057251,deterministic_post_update_meta_query_loss,0.30519258975982666,0.020594507345434186,613.6266293078661,0.0001,0.290225625038147,0.008005786687135696,0.3064832091331482,0.011534047313034534,0.2960132360458374,0.013299369253218174,0.33082297444343567,0.011095475405454636,0.3024178743362427,0.011623886413872242
215,0.01113352831453085,0.015463504195213317,deterministic_post_update_meta_query_loss,0.30422165989875793,0.020911098590605758,616.4737398109864,0.0001,0.2912164330482483,0.0086205517873168,0.3072531223297119,0.01121948380023241,0.29950690269470215,0.012916424311697483,0.3264869153499603,0.010737180709838867,0.29664483666419983,0.012174001894891262
216,0.011013547889888287,0.015446056425571442,deterministic_post_update_meta_query_loss,0.3042975962162018,0.020788020570590305,619.316625009058,0.0001,0.2916116416454315,0.0082557899877429,0.2978847622871399,0.011039331555366516,0.30245113372802734,0.012796195223927498,0.3303985595703125,0.011387434788048267,0.29914188385009766,0.011588988825678825
217,0.01095828227698803,0.015428741089999675,deterministic_post_update_meta_query_loss,0.3045292794704437,0.029743260477308995,622.1559593670536,0.0001,0.2912156879901886,0.00845668837428093,0.2994736433029175,0.011198659427464008,0.30332255363464355,0.012270904146134853,0.3334045708179474,0.010985630564391613,0.29522985219955444,0.01187952607870102
218,0.011136701330542564,0.015411001071333886,deterministic_post_update_meta_query_loss,0.3004627823829651,0.01966776395606368,625.0952563220635,0.0001,0.28554463386535645,0.008097194135189056,0.30185508728027344,0.011082782410085201,0.29881513118743896,0.012886632233858109,0.321968674659729,0.011201821267604828,0.29413026571273804,0.01241507288068533
219,0.010957847349345684,0.015392901189625264,deterministic_post_update_meta_query_loss,0.2999168336391449,0.0200253067232817,627.9331844940316,0.0001,0.28501075506210327,0.008015054278075695,0.30047330260276794,0.011114603839814663,0.2947644591331482,0.012921104207634926,0.32555973529815674,0.01073448732495308,0.29377591609954834,0.012003987096250057
220,0.011140299960970879,0.01537449862807989,deterministic_post_update_meta_query_loss,0.30083510279655457,0.020033102914915706,630.776229463052,0.0001,0.28908875584602356,0.008473160676658154,0.2975426912307739,0.011313339695334435,0.3013545870780945,0.01269107311964035,0.32790887355804443,0.010987771674990654,0.2882804274559021,0.0122361546382308
221,0.011124695651233196,0.01535581573843956,deterministic_post_update_meta_query_loss,0.2988295555114746,0.020195065240542046,633.716728772968,0.0001,0.28602221608161926,0.008460364304482937,0.30057263374328613,0.011183151975274086,0.29860836267471313,0.01282709464430809,0.3185197412967682,0.010957887396216393,0.2904249429702759,0.012194979004561901
222,0.010975095443427563,0.015336935222148896,deterministic_post_update_meta_query_loss,0.29738351702690125,0.020741408687163444,636.5703370550182,0.0001,0.2853691875934601,0.008212671615183353,0.294783353805542,0.011173888109624386,0.2964742183685303,0.012252500280737877,0.32047590613365173,0.011029025539755821,0.28981491923332214,0.012207387015223503
223,0.010816684924066067,0.015317734144628049,deterministic_post_update_meta_query_loss,0.2975098192691803,0.0207409247393583,639.4209102259483,0.0001,0.28092455863952637,0.007661953568458557,0.29721593856811523,0.010897837579250336,0.29692065715789795,0.01255607046186924,0.32216230034828186,0.010679674334824085,0.2903256416320801,0.012287893332540989
224,0.011049478314816952,0.015298176743090152,deterministic_post_update_meta_query_loss,0.29774972796440125,0.019709124408927983,642.281025435077,0.0001,0.28255027532577515,0.008168363012373447,0.2962418794631958,0.01097075454890728,0.2941286563873291,0.012562225572764874,0.3223188817501068,0.011372772045433521,0.29350897669792175,0.012173274531960487
225,0.010884716175496578,0.015278341807425022,deterministic_post_update_meta_query_loss,0.29633262753486633,0.02329505954077605,645.2337217610329,0.0001,0.2823792099952698,0.008190866559743881,0.29732489585876465,0.011069037951529026,0.29125550389289856,0.01275081466883421,0.320607990026474,0.010650434531271458,0.2900954484939575,0.011762422509491444
226,0.010900582186877728,0.01525834370404482,deterministic_post_update_meta_query_loss,0.29284974932670593,0.024129653929458792,648.0697588729672,0.0001,0.2819463014602661,0.008010256104171276,0.2931504249572754,0.011255014687776566,0.29058897495269775,0.012668745592236519,0.31699520349502563,0.010839618742465973,0.28156769275665283,0.011729270219802856
227,0.010893111117184162,0.015238126181066037,deterministic_post_update_meta_query_loss,0.2934912145137787,0.023920830670389057,650.9061762590427,0.0001,0.28124386072158813,0.008169624023139477,0.29094788432121277,0.01094889361411333,0.29167652130126953,0.012687518261373043,0.3198156952857971,0.011024233885109425,0.2837720513343811,0.011635281145572662
228,0.01094322931021452,0.015217495523393154,deterministic_post_update_meta_query_loss,0.291988730430603,0.02021777755883085,653.7486214819364,0.0001,0.2803254723548889,0.007981291972100735,0.2937883734703064,0.011302243918180466,0.289268434047699,0.012689104303717613,0.31956830620765686,0.010867847129702568,0.2769930362701416,0.011875662952661514
229,0.01079542189836502,0.015196580067276954,deterministic_post_update_meta_query_loss,0.2911916971206665,0.02535257553059615,656.6763477609493,0.0001,0.2800407111644745,0.007992815226316452,0.29290148615837097,0.011011980473995209,0.28855788707733154,0.012286044657230377,0.3102540373802185,0.010895914398133755,0.284204363822937,0.011790353804826736
230,0.010680031031370163,0.015174942649900913,deterministic_post_update_meta_query_loss,0.28768056631088257,0.022410048716541793,659.5113797739614,0.0001,0.2710370421409607,0.007235300727188587,0.2865528166294098,0.010861535556614399,0.28576090931892395,0.012585603632032871,0.31348901987075806,0.010584300383925438,0.2815629839897156,0.012133413925766945
231,0.010727563872933388,0.015152913890779019,deterministic_post_update_meta_query_loss,0.2884747087955475,0.020942886744573442,662.3512253169902,0.0001,0.2751913368701935,0.007808902766555548,0.2865924537181854,0.010723607614636421,0.28476056456565857,0.012732351198792458,0.31462880969047546,0.010623862966895103,0.28120043873786926,0.011749090626835823
232,0.010621732100844383,0.01513024177402258,deterministic_post_update_meta_query_loss,0.28680381178855896,0.023606404773227212,665.2856176400091,0.0001,0.2701660394668579,0.007222780026495457,0.2904270887374878,0.010620567947626114,0.28326544165611267,0.012699073180556297,0.31026002764701843,0.010516186244785786,0.27990037202835083,0.012050052173435688
233,0.010958651080727577,0.015107386931777,deterministic_post_update_meta_query_loss,0.2856483459472656,0.02359866090592736,668.1283913690131,0.0001,0.274969220161438,0.008906598202884197,0.2871507406234741,0.011243415996432304,0.28295472264289856,0.012362251058220863,0.3083605170249939,0.010577265173196793,0.2748066484928131,0.011703722178936005
234,0.01067263912409544,0.015084288269281387,deterministic_post_update_meta_query_loss,0.2844889461994171,0.024715588848258314,670.9531796979718,0.0001,0.271701455116272,0.007940775714814663,0.28528064489364624,0.010557993315160275,0.2791520655155182,0.012587896548211575,0.30844101309776306,0.010775551199913025,0.2778695225715637,0.011500976979732513
235,0.010615788400173187,0.015060612931847572,deterministic_post_update_meta_query_loss,0.28340041637420654,0.021509651368335415,673.8711860049516,0.0001,0.2709038555622101,0.007389659062027931,0.28546378016471863,0.010930434800684452,0.27887973189353943,0.012608258984982967,0.306856632232666,0.010622789151966572,0.2748979926109314,0.011527801863849163
236,0.01075699646025896,0.015036366321146489,deterministic_post_update_meta_query_loss,0.28208333253860474,0.020441102182457645,676.6923805989791,0.0001,0.2710103392601013,0.007776378653943539,0.28053006529808044,0.010910912416875362,0.27977460622787476,0.012517382390797138,0.30452102422714233,0.010706466622650623,0.2745806872844696,0.011873840354382992
237,0.010614803992211819,0.015011528879404068,deterministic_post_update_meta_query_loss,0.2806759476661682,0.021446314553804524,679.5291591840796,0.0001,0.26946738362312317,0.007648272905498743,0.27668601274490356,0.010982931591570377,0.27990469336509705,0.01230600755661726,0.30610108375549316,0.010582761839032173,0.2712205648422241,0.011554042808711529
238,0.010720289312303066,0.014986208081245423,deterministic_post_update_meta_query_loss,0.27967798709869385,0.020660757736617616,682.4526374689303,0.0001,0.2674940228462219,0.007782022934406996,0.27840328216552734,0.011176370084285736,0.28009867668151855,0.012415413744747639,0.30008435249328613,0.010592021048069,0.2723096013069153,0.011635616421699524
239,0.010748560540378094,0.014960214681923389,deterministic_post_update_meta_query_loss,0.27742505073547363,0.019964589665370323,685.282245510025,0.0001,0.26663488149642944,0.0079156793653965,0.27647268772125244,0.010609799064695835,0.2745298743247986,0.012582147493958473,0.3008517622947693,0.010713396593928337,0.2686361074447632,0.011921781115233898
240,0.010673223994672298,0.014933888800442219,deterministic_post_update_meta_query_loss,0.27623769640922546,0.021409801002728053,688.1108503730502,0.0001,0.264404833316803,0.007901935838162899,0.2745419442653656,0.010870106518268585,0.2715604901313782,0.012692601419985294,0.3006359040737152,0.010342472232878208,0.27004531025886536,0.01155900303274393
241,0.01062601525336504,0.014907138235867024,deterministic_post_update_meta_query_loss,0.2748880982398987,0.022342369249397347,690.9391117950436,0.0001,0.2608989477157593,0.007848281413316727,0.27617889642715454,0.010480797849595547,0.2698429226875305,0.012526150792837143,0.2994759678840637,0.010619672946631908,0.2680436670780182,0.011655173264443874
242,0.01038449164479971,0.014879832230508327,deterministic_post_update_meta_query_loss,0.2722751796245575,0.021091224586550626,693.8664605179802,0.0001,0.26015931367874146,0.007127128541469574,0.27199989557266235,0.010871619917452335,0.27075380086898804,0.012266715988516808,0.2937735915184021,0.010165984742343426,0.2646891474723816,0.011491007171571255
243,0.01051848754286766,0.014852433279156686,deterministic_post_update_meta_query_loss,0.2723913788795471,0.024386453104247745,696.694639650872,0.0001,0.26060640811920166,0.00807976070791483,0.273560106754303,0.010945518501102924,0.2701125741004944,0.012059819884598255,0.2933233976364136,0.010278349742293358,0.2643543481826782,0.011228987947106361
244,0.010508651845157146,0.014824770763516426,deterministic_post_update_meta_query_loss,0.2701878249645233,0.02400705344090047,699.5239450200461,0.0001,0.25764572620391846,0.007861718535423279,0.2683904469013214,0.01035611517727375,0.26838159561157227,0.01179297175258398,0.2946004271507263,0.01045775692909956,0.26192089915275574,0.012074694968760014
245,0.01058982778340578,0.014796712435781956,deterministic_post_update_meta_query_loss,0.2702539563179016,0.02247448394841631,702.4533289379906,0.0001,0.2578013241291046,0.007811673916876316,0.2677629590034485,0.010634330101311207,0.26772546768188477,0.012171993963420391,0.2953777313232422,0.010597658343613148,0.26260218024253845,0.011733483523130417
246,0.01039581373333931,0.014768447913229465,deterministic_post_update_meta_query_loss,0.26744166016578674,0.026669069926946974,705.2975949300453,0.0001,0.25582242012023926,0.007627649698406458,0.26722005009651184,0.01045325305312872,0.26543480157852173,0.012035731226205826,0.28943175077438354,0.010386526584625244,0.2592991590499878,0.011475907638669014
247,0.010320005007088184,0.014739765226840973,deterministic_post_update_meta_query_loss,0.2655734121799469,0.02250713992880333,708.1307295400184,0.0001,0.2536861300468445,0.007229854352772236,0.2634906768798828,0.010532448999583721,0.26320621371269226,0.012052064761519432,0.2882251441478729,0.010334448888897896,0.25925886631011963,0.011451207101345062
248,0.010196611285209656,0.014710674807429314,deterministic_post_update_meta_query_loss,0.26340121030807495,0.022723265178741313,711.0655142648611,0.0001,0.2503104507923126,0.006969307083636522,0.26331180334091187,0.010692932642996311,0.2616546154022217,0.011868548579514027,0.28515878319740295,0.010371183045208454,0.2565702795982361,0.011081087402999401
249,0.010465024039149284,0.014681786112487317,deterministic_post_update_meta_query_loss,0.261702299118042,0.032124673812817396,713.8973746518604,0.0001,0.2500966191291809,0.008584725670516491,0.2624567151069641,0.01042627077549696,0.25863116979599,0.012083914130926132,0.282609760761261,0.01017990056425333,0.2547171711921692,0.01105030719190836
250,0.010233709588646889,0.014652584865689277,deterministic_post_update_meta_query_loss,0.2603176534175873,0.021265928713701754,716.8285466679372,0.0001,0.24804718792438507,0.0069820755161345005,0.2591497302055359,0.0106437299400568,0.2577134370803833,0.012072334066033363,0.28447631001472473,0.010094545781612396,0.25220155715942383,0.011375862173736095
251,0.01044793613255024,0.014623584784567356,deterministic_post_update_meta_query_loss,0.25880399346351624,0.024163310217570285,719.6737866438925,0.0001,0.24625474214553833,0.008330601267516613,0.25882673263549805,0.010712622664868832,0.2559908628463745,0.011838220991194248,0.2825700640678406,0.010165388695895672,0.25037750601768494,0.011192845180630684
252,0.010227194987237453,0.014594465121626854,deterministic_post_update_meta_query_loss,0.25595834851264954,0.02554065446329477,722.5251742829569,0.0001,0.24252218008041382,0.007765611633658409,0.2562521696090698,0.010244970209896564,0.2536839246749878,0.011687938123941422,0.27995917201042175,0.010507358238101006,0.24737420678138733,0.010930097661912441
253,0.010329543612897396,0.014565364457666874,deterministic_post_update_meta_query_loss,0.25328609347343445,0.025823762248383765,725.3616437390447,0.0001,0.24157774448394775,0.007368057034909725,0.2518036365509033,0.010690606199204922,0.25204795598983765,0.012002148665487766,0.275337278842926,0.010482248850166798,0.24566373229026794,0.011104659177362919
254,0.010090325959026814,0.014536426030099392,deterministic_post_update_meta_query_loss,0.25306233763694763,0.026324724796211466,728.3063239299227,0.0001,0.24133500456809998,0.007374892942607403,0.2523777484893799,0.010446488857269287,0.2494845986366272,0.011543461121618748,0.27776557207107544,0.009953809902071953,0.24434882402420044,0.011132977902889252
255,0.010262171737849712,0.014507858268916606,deterministic_post_update_meta_query_loss,0.25171390175819397,0.023796568922827034,731.1439589199144,0.0001,0.241189643740654,0.0072329347021877766,0.2506483793258667,0.010639003477990627,0.24569770693778992,0.011551734991371632,0.27393049001693726,0.010057243518531322,0.2471032291650772,0.011829942464828491
256,0.010150950402021408,0.014479766972362995,deterministic_post_update_meta_query_loss,0.24764573574066162,0.0335282446780542,733.983797987923,0.0001,0.2342129647731781,0.008038591593503952,0.24810472130775452,0.010145777836441994,0.2439332902431488,0.011601115576922894,0.2711949944496155,0.010037194006145,0.2407827228307724,0.0109320729970932
257,0.010032324120402336,0.014452066458761691,deterministic_post_update_meta_query_loss,0.24716834723949432,0.023347893318097838,736.81382403709,0.0001,0.2361518144607544,0.00727038411423564,0.24588336050510406,0.010208884254097939,0.2458636462688446,0.011937171220779419,0.2691030204296112,0.009961806237697601,0.23883983492851257,0.01078337337821722
258,0.010225004516541958,0.014425421133637428,deterministic_post_update_meta_query_loss,0.24522574245929718,0.024528459021613852,739.7539731559809,0.0001,0.23191645741462708,0.007780300918966532,0.2429453730583191,0.01022460125386715,0.2445199191570282,0.011896987445652485,0.26685798168182373,0.009832811541855335,0.2398889660835266,0.011390317231416702
259,0.010427958332002163,0.014400179870426655,deterministic_post_update_meta_query_loss,0.24241076409816742,0.026691264807100944,742.5859884640668,0.0001,0.22758513689041138,0.00872141495347023,0.24307280778884888,0.010199245996773243,0.24126051366329193,0.011719461530447006,0.26341062784194946,0.010101857595145702,0.2367246150970459,0.011397809721529484
260,0.009959759190678596,0.014375629834830761,deterministic_post_update_meta_query_loss,0.24159322679042816,0.02444179103191238,745.4236302990466,0.0001,0.2311229705810547,0.007249016780406237,0.2413613200187683,0.01000180933624506,0.23842178285121918,0.011710220947861671,0.26219823956489563,0.0098883593454957,0.234861820936203,0.010949387215077877
261,0.010080606676638126,0.014352343790233136,deterministic_post_update_meta_query_loss,0.23924195766448975,0.023957526432946005,748.3670107899234,0.0001,0.22353076934814453,0.00824631005525589,0.23812639713287354,0.010079845786094666,0.23708301782608032,0.011257537640631199,0.26444002985954285,0.009735447354614735,0.2330295443534851,0.011083891615271568
262,0.00995983462780714,0.014330203086137772,deterministic_post_update_meta_query_loss,0.23446869850158691,0.04816702238554547,751.2047540938947,0.0001,0.22242584824562073,0.008228288032114506,0.2358907014131546,0.00976531207561493,0.22786295413970947,0.011283633299171925,0.2582911550998688,0.009943720884621143,0.22787287831306458,0.010578220710158348
263,0.009927095845341682,0.014308870770037174,deterministic_post_update_meta_query_loss,0.23470821976661682,0.031143700754136066,754.0428780668881,0.0001,0.2255457639694214,0.007488617207854986,0.23358970880508423,0.010078195482492447,0.23013882339000702,0.011196221224963665,0.2550983428955078,0.009803775697946548,0.22916850447654724,0.011068669147789478
264,0.01023303996771574,0.014288830757141113,deterministic_post_update_meta_query_loss,0.2310105413198471,0.041182510310328165,756.8901951150037,0.0001,0.21600869297981262,0.008977949619293213,0.22991006076335907,0.010212128050625324,0.2297968715429306,0.011204599402844906,0.25480592250823975,0.009879743680357933,0.2245311588048935,0.010890773497521877
265,0.009816630743443966,0.014269645884633064,deterministic_post_update_meta_query_loss,0.23213504254817963,0.025583925052847817,759.8292890540324,0.0001,0.22100228071212769,0.007504667621105909,0.2343391478061676,0.010180224664509296,0.22329893708229065,0.011011384427547455,0.2597026228904724,0.009984396398067474,0.2223321944475174,0.010402482934296131
266,0.010029217228293419,0.014251261577010154,deterministic_post_update_meta_query_loss,0.2275327891111374,0.03923928727291319,762.673987580929,0.0001,0.2183159589767456,0.007547629997134209,0.2254319041967392,0.009863867424428463,0.22780615091323853,0.011639426462352276,0.2459895759820938,0.010214056819677353,0.22012034058570862,0.010881101712584496
267,0.009842871688306332,0.014233612827956677,deterministic_post_update_meta_query_loss,0.22730310261249542,0.02957221208452335,765.5254948809743,0.0001,0.21817919611930847,0.007016744930297136,0.22437570989131927,0.00989813543856144,0.2259465754032135,0.011912503279745579,0.24910381436347961,0.009817015379667282,0.21891026198863983,0.010569957084953785
268,0.010141870938241482,0.014216974936425686,deterministic_post_update_meta_query_loss,0.2234944850206375,0.037687004899620735,768.369079649914,0.0001,0.21005935966968536,0.008596556261181831,0.22215819358825684,0.010022261179983616,0.2210046499967575,0.011373971588909626,0.24632865190505981,0.00973222590982914,0.21792156994342804,0.01098434068262577
269,0.009990568272769451,0.014201419800519944,deterministic_post_update_meta_query_loss,0.22167383134365082,0.04204907564430611,771.3059262728784,0.0001,0.20749378204345703,0.008491822518408298,0.22242385149002075,0.009975594468414783,0.2190043032169342,0.011235600337386131,0.24284589290618896,0.009454792365431786,0.21660125255584717,0.010795030742883682
270,0.009744487702846527,0.014186439476907254,deterministic_post_update_meta_query_loss,0.22342446446418762,0.025049264229065876,774.151406717021,0.0001,0.21580466628074646,0.006945216096937656,0.2240714281797409,0.010095094330608845,0.21611519157886505,0.011069031432271004,0.24594371020793915,0.00995356123894453,0.21518734097480774,0.010659534484148026
271,0.009829324670135975,0.01417216770350933,deterministic_post_update_meta_query_loss,0.22090111672878265,0.029396897034277225,776.9972539448645,0.0001,0.21114599704742432,0.007435381878167391,0.21944165229797363,0.009867947548627853,0.2212361991405487,0.011878219433128834,0.24090416729450226,0.009696071967482567,0.211777463555336,0.010269002988934517
272,0.009963407181203365,0.014158880710601807,deterministic_post_update_meta_query_loss,0.21787308156490326,0.031014919614610992,779.9397845119238,0.0001,0.2056378722190857,0.008121254853904247,0.21894845366477966,0.009925744496285915,0.21627673506736755,0.011240662075579166,0.23720207810401917,0.009975257329642773,0.21130019426345825,0.010554115287959576
273,0.009713741950690746,0.014146395586431026,deterministic_post_update_meta_query_loss,0.2186906337738037,0.027459305684599946,782.7891289279796,0.0001,0.2095409333705902,0.007199626415967941,0.22140619158744812,0.009807920083403587,0.21554338932037354,0.011381404474377632,0.23647868633270264,0.009648584760725498,0.21048390865325928,0.010531173087656498
274,0.00968441367149353,0.014134990796446801,deterministic_post_update_meta_query_loss,0.215429425239563,0.03889380190148247,785.628000079887,0.0001,0.20534247159957886,0.00762803154066205,0.21289342641830444,0.009781110100448132,0.21276897192001343,0.01115014124661684,0.23718422651290894,0.009515779092907906,0.20895802974700928,0.010347006842494011
275,0.009806021116673946,0.014124829322099686,deterministic_post_update_meta_query_loss,0.21292035281658173,0.04048356012973915,788.5711953090504,0.0001,0.2027580887079239,0.007822249084711075,0.21259668469429016,0.01000538095831871,0.20652982592582703,0.011107800528407097,0.23406100273132324,0.009459440596401691,0.20865623652935028,0.010635234415531158
276,0.009631169028580189,0.01411511581391096,deterministic_post_update_meta_query_loss,0.2162267416715622,0.021405385861893472,791.4040847050492,0.0001,0.20883117616176605,0.00642688013613224,0.21524760127067566,0.009869772009551525,0.21389850974082947,0.01159244030714035,0.23245596885681152,0.009299739263951778,0.21070043742656708,0.010967010632157326
277,0.009971740655601025,0.014105767756700516,deterministic_post_update_meta_query_loss,0.21430683135986328,0.02005880185603475,794.2181801449042,0.0001,0.20242533087730408,0.00723657151684165,0.21270141005516052,0.00986985769122839,0.21258217096328735,0.011615457013249397,0.23328985273838043,0.010015217587351799,0.21053540706634521,0.011121601797640324
278,0.009747184813022614,0.014096196927130222,deterministic_post_update_meta_query_loss,0.21351388096809387,0.021057633056376573,797.1673225529958,0.0001,0.20639431476593018,0.006698179990053177,0.20933915674686432,0.010066337883472443,0.2114720344543457,0.011542782187461853,0.23862482607364655,0.009901778772473335,0.20173899829387665,0.01052684523165226
279,0.009491147473454475,0.0140871437266469,deterministic_post_update_meta_query_loss,0.20993399620056152,0.026389372870854858,800.0153495429549,0.0001,0.204489067196846,0.0064671216532588005,0.20684000849723816,0.010002481751143932,0.20776185393333435,0.011299926787614822,0.22873042523860931,0.009545882232487202,0.20184862613677979,0.01014032494276762
280,0.009889280423521996,0.014078417234122753,deterministic_post_update_meta_query_loss,0.21076929569244385,0.02040546353397943,802.8656618648674,0.0001,0.19888360798358917,0.007328546140342951,0.20528487861156464,0.010012364014983177,0.21306687593460083,0.01166072953492403,0.2328246682882309,0.009805231355130672,0.2037864327430725,0.010639531537890434
281,0.009777308441698551,0.014070523716509343,deterministic_post_update_meta_query_loss,0.2071937620639801,0.02746589583644103,805.7163713788614,0.0001,0.19847288727760315,0.007304482161998749,0.21150900423526764,0.009763293899595737,0.20094113051891327,0.01114415843039751,0.224885493516922,0.009861688129603863,0.20016032457351685,0.010812918655574322
282,0.009585422463715076,0.014062500186264515,deterministic_post_update_meta_query_loss,0.2091120332479477,0.021226856588173505,808.6322040169034,0.0001,0.20035703480243683,0.006733334623277187,0.21108129620552063,0.010073110461235046,0.20831875503063202,0.011504815891385078,0.22893622517585754,0.009428810328245163,0.19686686992645264,0.010187041014432907
283,0.009872471913695335,0.01405563075095415,deterministic_post_update_meta_query_loss,0.20498836040496826,0.025834597292337006,811.4521234559361,0.0001,0.19085457921028137,0.008188489824533463,0.2085351198911667,0.009826240129768848,0.202402263879776,0.011165193282067776,0.22494690120220184,0.009642860852181911,0.19820287823677063,0.01053957175463438
284,0.009669831022620201,0.014049446024000645,deterministic_post_update_meta_query_loss,0.20564691722393036,0.025114916407736436,814.2805152288638,0.0001,0.19459675252437592,0.007539854384958744,0.20645219087600708,0.009733702056109905,0.20444563031196594,0.011355702765285969,0.2270319163799286,0.009356756694614887,0.19570818543434143,0.0103631392121315
285,0.00984714925289154,0.014043397828936576,deterministic_post_update_meta_query_loss,0.20524556934833527,0.020171548822451063,817.1997094389517,0.0001,0.1915057897567749,0.0074199954979121685,0.20286878943443298,0.009775780141353607,0.20694828033447266,0.011711478233337402,0.22898757457733154,0.00993561651557684,0.19591736793518066,0.010392873547971249
286,0.009763863869011402,0.014037621021270753,deterministic_post_update_meta_query_loss,0.2041519731283188,0.021134294108332587,820.0139749259688,0.0001,0.19368359446525574,0.007035940419882536,0.2030106484889984,0.00978957861661911,0.20620985329151154,0.011811616830527782,0.22048281133174896,0.00953194685280323,0.1973729282617569,0.010650234296917915
287,0.009603813290596008,0.014032019488513469,deterministic_post_update_meta_query_loss,0.2006865292787552,0.02541186177499545,822.8342329270672,0.0001,0.19562700390815735,0.006682188715785742,0.20101463794708252,0.009650715626776218,0.196336567401886,0.011440877802670002,0.21885940432548523,0.009626193903386593,0.19159501791000366,0.010619091801345348
288,0.009802517481148243,0.01402768474072218,deterministic_post_update_meta_query_loss,0.19840598106384277,0.03158609622606145,825.7481835039798,0.0001,0.1897462159395218,0.0075304340571165085,0.19786256551742554,0.00965524185448885,0.19672998785972595,0.011174025014042854,0.211518794298172,0.009802461601793766,0.19617226719856262,0.010850423946976662
289,0.009628230705857277,0.01402383465319872,deterministic_post_update_meta_query_loss,0.19916120171546936,0.02533556774717972,828.575534591917,0.0001,0.19093327224254608,0.007145711686462164,0.19969406723976135,0.009992025792598724,0.1971237063407898,0.011115954257547855,0.2189902365207672,0.009905597195029259,0.18906471133232117,0.009981862269341946
290,0.009778100065886974,0.014021174237132072,deterministic_post_update_meta_query_loss,0.19799013435840607,0.0268589044757093,831.4904110389762,0.0001,0.18608321249485016,0.00789672788232565,0.20105594396591187,0.009418546222150326,0.1941894292831421,0.011178748682141304,0.21313181519508362,0.009856965392827988,0.1954902857542038,0.010539508424699306
291,0.010202944278717041,0.014021016657352448,deterministic_post_update_meta_query_loss,0.1983712613582611,0.02402925048080443,834.3352752390783,0.0001,0.17792287468910217,0.009270258247852325,0.19588129222393036,0.009779313579201698,0.19538326561450958,0.011046938598155975,0.22234860062599182,0.009624835103750229,0.2003202736377716,0.011293378658592701
292,0.009490452706813812,0.014021658711135388,deterministic_post_update_meta_query_loss,0.19796907901763916,0.023731212440767094,837.1895552810747,0.0001,0.19207747280597687,0.006515918765217066,0.18837235867977142,0.009758589789271355,0.19889786839485168,0.01105557568371296,0.22466139495372772,0.009756652638316154,0.18583634495735168,0.010365528985857964
293,0.009222432039678097,0.014023271575570106,deterministic_post_update_meta_query_loss,0.19728974997997284,0.02747050819671294,840.0463958620094,0.0001,0.19420024752616882,0.006247490644454956,0.19705459475517273,0.009409116581082344,0.19448700547218323,0.011062164790928364,0.2130328267812729,0.009148411452770233,0.18767406046390533,0.010244977660477161
294,0.009523062966763973,0.014024747535586357,deterministic_post_update_meta_query_loss,0.19754908978939056,0.021531576541555762,843.0150903400499,0.0001,0.1898474395275116,0.006804017350077629,0.19628235697746277,0.009677502326667309,0.1897786259651184,0.011085404083132744,0.22101017832756042,0.009521239437162876,0.19082681834697723,0.01052714604884386
295,0.009675840847194195,0.014024359546601773,deterministic_post_update_meta_query_loss,0.1996408998966217,0.025080315321375075,845.8698439719155,0.0001,0.1916806399822235,0.006358160637319088,0.1930268406867981,0.009621066972613335,0.19307586550712585,0.011086340062320232,0.2185898721218109,0.009428874589502811,0.20183131098747253,0.011884761974215508
296,0.009992505423724651,0.014022023789584637,deterministic_post_update_meta_query_loss,0.1987779438495636,0.0253961998767438,848.7101823000703,0.0001,0.18261319398880005,0.007661850191652775,0.20265191793441772,0.01009353343397379,0.1930113434791565,0.011025145649909973,0.22002443671226501,0.009593160822987556,0.19558879733085632,0.011588833294808865
297,0.00980040431022644,0.01401686631143093,deterministic_post_update_meta_query_loss,0.19967292249202728,0.031311926400429665,851.5444831738714,0.0001,0.18690532445907593,0.006602864246815443,0.1970582902431488,0.009865833446383476,0.194747656583786,0.011565311811864376,0.22268734872341156,0.009539780206978321,0.1969659924507141,0.011428232304751873
298,0.009382277727127075,0.014010247029364108,deterministic_post_update_meta_query_loss,0.19584572315216064,0.02166879969747311,854.4722597049549,0.0001,0.19252897799015045,0.006160628516227007,0.19249537587165833,0.009710577316582203,0.19276562333106995,0.01109530683606863,0.21724876761436462,0.009572041220963001,0.18418991565704346,0.010372833348810673
299,0.009499755688011646,0.014002976566553115,deterministic_post_update_meta_query_loss,0.1959940642118454,0.021658125732916353,857.309755384922,0.0001,0.19220700860023499,0.00603896751999855,0.19630232453346252,0.009773634374141693,0.19024991989135742,0.01121455803513527,0.2171381711959839,0.009826259687542915,0.18407286703586578,0.010645360685884953
300,0.009617562405765057,0.013995173946022987,deterministic_post_update_meta_query_loss,0.1964181512594223,0.022999919586482787,860.1450055930763,0.0001,0.18544700741767883,0.0068526118993759155,0.19785526394844055,0.009701608680188656,0.19143810868263245,0.01126762293279171,0.22110876441001892,0.009839042089879513,0.18624159693717957,0.010426928289234638
301,0.009736861102283001,0.013990036770701408,deterministic_post_update_meta_query_loss,0.19168077409267426,0.02468668029002865,863.0852629069705,0.0001,0.18043310940265656,0.007835433818399906,0.19158834218978882,0.009844218380749226,0.19119465351104736,0.0111803924664855,0.2131066918373108,0.009364930912852287,0.18208101391792297,0.01045932900160551
302,0.009921655058860779,0.01398597341030836,deterministic_post_update_meta_query_loss,0.1931539922952652,0.020300579342688307,865.9448049298953,0.0001,0.18025095760822296,0.007546956185251474,0.18565675616264343,0.009500203654170036,0.19996094703674316,0.011917267926037312,0.2152670919895172,0.009948603808879852,0.18463420867919922,0.010695241391658783
303,0.009506831876933575,0.013983257859945298,deterministic_post_update_meta_query_loss,0.19186244904994965,0.02624844257018695,868.787880623946,0.0001,0.18627884984016418,0.006862552370876074,0.19151951372623444,0.009498693980276585,0.17852157354354858,0.01055831741541624,0.2128327488899231,0.009677768684923649,0.19015958905220032,0.010936829261481762
304,0.0096487021073699,0.013981289975345135,deterministic_post_update_meta_query_loss,0.19208475947380066,0.021585028132042848,871.6339757579844,0.0001,0.18234513700008392,0.00727849081158638,0.1913062334060669,0.009170965291559696,0.19663479924201965,0.011930126696825027,0.20667868852615356,0.009599970653653145,0.1834588646888733,0.01026395708322525
305,0.010034359991550446,0.013980264216661454,deterministic_post_update_meta_query_loss,0.1910492479801178,0.021253165422670847,874.5688072890043,0.0001,0.1758541762828827,0.00823922734707594,0.19365806877613068,0.009814657270908356,0.1897556036710739,0.011491603218019009,0.2102634161710739,0.009869961068034172,0.1857149302959442,0.010756348259747028
306,0.00987331010401249,0.013979836367070675,deterministic_post_update_meta_query_loss,0.19205079972743988,0.020785441571441857,877.4080391798634,0.0001,0.18019074201583862,0.007453915197402239,0.18494969606399536,0.009414472617208958,0.19809779524803162,0.011801538057625294,0.20764143764972687,0.010008160956203938,0.18937434256076813,0.010688460431993008
307,0.009346384555101395,0.013978533633053302,deterministic_post_update_meta_query_loss,0.19440031051635742,0.023512462544335998,880.2455186829902,0.0001,0.18855778872966766,0.006002729292958975,0.19140012562274933,0.009549428708851337,0.19346435368061066,0.011262491345405579,0.20981982350349426,0.009392782114446163,0.188759446144104,0.010524490848183632
308,0.009569749236106873,0.013976609334349632,deterministic_post_update_meta_query_loss,0.1925177127122879,0.021245877467231302,883.0930895670317,0.0001,0.1832267940044403,0.006526964716613293,0.19217336177825928,0.009764811024069786,0.19375060498714447,0.011664360761642456,0.21332550048828125,0.009787410497665405,0.18011228740215302,0.010105196386575699
309,0.00982863549143076,0.013974073529243469,deterministic_post_update_meta_query_loss,0.19462259113788605,0.027823448594747856,886.0306342148688,0.0001,0.18036514520645142,0.0073188552632927895,0.19511711597442627,0.009319727309048176,0.18678253889083862,0.011295109987258911,0.22005805373191833,0.010022628121078014,0.1907900869846344,0.011186856776475906
310,0.00953266303986311,0.013972687534987926,deterministic_post_update_meta_query_loss,0.18967750668525696,0.025456510941798623,888.880640943069,0.0001,0.1777561753988266,0.0076341088861227036,0.18787533044815063,0.009589810855686665,0.18412309885025024,0.01072077639400959,0.21805645525455475,0.009733116254210472,0.18057647347450256,0.009985504671931267
311,0.009202221408486366,0.013971104845404625,deterministic_post_update_meta_query_loss,0.1915939897298813,0.021465293061456534,891.7279246819671,0.0001,0.18453088402748108,0.006535682361572981,0.19560877978801727,0.009333946742117405,0.191385880112648,0.011181550100445747,0.2092927247285843,0.009023246355354786,0.17715167999267578,0.00993668008595705
312,0.009869088418781757,0.013969914056360722,deterministic_post_update_meta_query_loss,0.19094344973564148,0.02048434569405851,894.6742221668828,0.0001,0.17804856598377228,0.007536622229963541,0.18769371509552002,0.009553092531859875,0.19259017705917358,0.011834261938929558,0.20910918712615967,0.00952579453587532,0.18727555871009827,0.010895667597651482
313,0.009349471889436245,0.013968534022569656,deterministic_post_update_meta_query_loss,0.19044025242328644,0.021505392382361977,897.5186179780867,0.0001,0.18391090631484985,0.006612521130591631,0.19343899190425873,0.009550072252750397,0.18373054265975952,0.010807691141963005,0.21035611629486084,0.009474986232817173,0.18076470494270325,0.010302089154720306
314,0.00970554631203413,0.013967407867312431,deterministic_post_update_meta_query_loss,0.19146981835365295,0.02070499856260568,900.3827352169901,0.0001,0.18117433786392212,0.006976163014769554,0.19260594248771667,0.009615642949938774,0.19740253686904907,0.011978724971413612,0.20434212684631348,0.00947225745767355,0.18182411789894104,0.010484945960342884
315,0.009552164003252983,0.01396666318178177,deterministic_post_update_meta_query_loss,0.18815957009792328,0.02276096920563755,903.3249125410803,0.0001,0.17605790495872498,0.007288970984518528,0.18803130090236664,0.009848901070654392,0.1867346465587616,0.011328096501529217,0.20834313333034515,0.009230012074112892,0.18163082003593445,0.010064836591482162
316,0.009837508201599121,0.013966734707355499,deterministic_post_update_meta_query_loss,0.18976421654224396,0.020832456880539,906.1670759820845,0.0001,0.17643660306930542,0.007531645707786083,0.19160789251327515,0.009696079418063164,0.19502121210098267,0.011825460009276867,0.20073336362838745,0.009497271850705147,0.1850220113992691,0.01063708495348692
317,0.009849130176007748,0.013967261649668217,deterministic_post_update_meta_query_loss,0.18974776566028595,0.02106631685542252,909.0010930479039,0.0001,0.17456358671188354,0.0077995010651648045,0.19151808321475983,0.009524269960820675,0.18681573867797852,0.011085648089647293,0.20624275505542755,0.009349471889436245,0.18959864974021912,0.011486759409308434
318,0.009193181060254574,0.013968941569328309,deterministic_post_update_meta_query_loss,0.18722088634967804,0.029356749623768878,911.9525071249809,0.0001,0.1834774911403656,0.00667863292619586,0.19336292147636414,0.009055356495082378,0.18265360593795776,0.010900575667619705,0.20598876476287842,0.009454340673983097,0.1706215739250183,0.009877000004053116
319,0.009644652716815472,0.013971383310854435,deterministic_post_update_meta_query_loss,0.1882762908935547,0.021499584120531715,914.7928089220077,0.0001,0.17725008726119995,0.007212275639176369,0.18451040983200073,0.009816856123507023,0.19268031418323517,0.01153754536062479,0.2067066729068756,0.00942028034478426,0.18023402988910675,0.010236305184662342
320,0.009434621781110764,0.013972826674580574,deterministic_post_update_meta_query_loss,0.1905367225408554,0.02203573208708004,917.6551276000682,0.0001,0.18654537200927734,0.00593818724155426,0.1828324943780899,0.00970882922410965,0.19158248603343964,0.01166995894163847,0.20667791366577148,0.009403594769537449,0.18504533171653748,0.01045253872871399
321,0.009560796432197094,0.013971462659537793,deterministic_post_update_meta_query_loss,0.19294790923595428,0.02982097370282176,920.4990188858937,0.0001,0.1842322051525116,0.006272572558373213,0.1909663826227188,0.009692045859992504,0.18995951116085052,0.011290296912193298,0.21087390184402466,0.009577452205121517,0.18870756030082703,0.010971615090966225
322,0.009758476167917252,0.013969277590513229,deterministic_post_update_meta_query_loss,0.1905980110168457,0.024824298137822214,923.418650544947,0.0001,0.17706388235092163,0.0070533412508666515,0.18870201706886292,0.009306942112743855,0.18828552961349487,0.011444440111517906,0.21250468492507935,0.009846406988799572,0.18643391132354736,0.011141249909996986
323,0.00950527936220169,0.013966761156916618,deterministic_post_update_meta_query_loss,0.19017870724201202,0.021087435964912627,926.257081199903,0.0001,0.1808927357196808,0.006733700167387724,0.18628308176994324,0.0094249676913023,0.1877983808517456,0.011080540716648102,0.20921295881271362,0.009618229232728481,0.18670642375946045,0.010668962262570858
324,0.009805585257709026,0.013964717835187912,deterministic_post_update_meta_query_loss,0.18878236413002014,0.020387420782263955,929.0942558189854,0.0001,0.17375534772872925,0.007962106727063656,0.1893002986907959,0.009308985434472561,0.1884574294090271,0.011834765784442425,0.21313904225826263,0.00961048062890768,0.17925967276096344,0.01031158771365881
325,0.009578217752277851,0.013962149247527122,deterministic_post_update_meta_query_loss,0.19027574360370636,0.021497848334657187,932.0198088278994,0.0001,0.1781778484582901,0.006975704804062843,0.18654364347457886,0.009464029222726822,0.1897197961807251,0.011601143516600132,0.21036231517791748,0.009097510017454624,0.18657508492469788,0.010752701200544834
326,0.00921973492950201,0.013962000794708728,deterministic_post_update_meta_query_loss,0.1857801228761673,0.032095362555228026,934.8767752649728,0.0001,0.18269872665405273,0.006670928560197353,0.18217319250106812,0.009454170241951942,0.17801406979560852,0.010576100088655949,0.2075565755367279,0.00928271934390068,0.1784580945968628,0.010114754550158978
327,0.009613391011953354,0.013959462381899356,deterministic_post_update_meta_query_loss,0.1925518959760666,0.031186716136678234,937.7107174510602,0.0001,0.18434521555900574,0.006489228922873735,0.1986059546470642,0.010059266351163387,0.18991239368915558,0.011870862916111946,0.21004730463027954,0.009519563056528568,0.1798485815525055,0.01012803427875042
328,0.009408446028828621,0.013956875167787075,deterministic_post_update_meta_query_loss,0.18986807763576508,0.02202851438934399,940.6443034280092,0.0001,0.1810147762298584,0.006602933630347252,0.18982678651809692,0.009309623390436172,0.18562710285186768,0.01094713807106018,0.20837201178073883,0.009451240301132202,0.18449971079826355,0.010731292888522148
329,0.009486482478678226,0.013954006135463715,deterministic_post_update_meta_query_loss,0.1883985996246338,0.020896152160295497,943.4933350959327,0.0001,0.1826164424419403,0.006304802373051643,0.18505682051181793,0.009832218289375305,0.18842515349388123,0.011258216574788094,0.20547771453857422,0.00947149470448494,0.18041689693927765,0.010565679520368576
330,0.00967371091246605,0.013952182047069073,deterministic_post_update_meta_query_loss,0.1884475201368332,0.020817331579263302,946.419944139896,0.0001,0.17666198313236237,0.007475581951439381,0.18837499618530273,0.009828013367950916,0.18613341450691223,0.010626551695168018,0.20443522930145264,0.009301576763391495,0.18663200736045837,0.011136830784380436
331,0.009367220103740692,0.013949805125594138,deterministic_post_update_meta_query_loss,0.19137154519557953,0.02871589345320695,949.2408726839349,0.0001,0.18525496125221252,0.006027671974152327,0.19472116231918335,0.009337237104773521,0.19338849186897278,0.01158631220459938,0.20491227507591248,0.009431659244000912,0.17858076095581055,0.010453218594193459
332,0.009434510953724384,0.013948099315166473,deterministic_post_update_meta_query_loss,0.1865682452917099,0.02306138997170374,952.0682435969356,0.0001,0.18005186319351196,0.0069266981445252895,0.1881175935268402,0.00951220840215683,0.1809176504611969,0.010773993097245693,0.20326384902000427,0.009497152641415596,0.18049031496047974,0.01046250481158495
333,0.009590815752744675,0.013947119563817978,deterministic_post_update_meta_query_loss,0.18617303669452667,0.02221266688138013,954.8924329639412,0.0001,0.17389369010925293,0.007622999604791403,0.18859361112117767,0.009581532329320908,0.186072438955307,0.011270514689385891,0.20755326747894287,0.009537179954349995,0.1747521162033081,0.009941854514181614
334,0.009556430391967297,0.013946779817342759,deterministic_post_update_meta_query_loss,0.18346205353736877,0.03778899844842678,957.8501205870416,0.0001,0.17526140809059143,0.0075112213380634785,0.1785602867603302,0.009712510742247105,0.18116901814937592,0.010835397057235241,0.1988254189491272,0.009474758058786392,0.18349412083625793,0.010248266160488129
335,0.009375812485814095,0.01394638866186142,deterministic_post_update_meta_query_loss,0.1867484152317047,0.02105468455699918,960.6935511808842,0.0001,0.18462252616882324,0.005796015728265047,0.18178784847259521,0.009814023040235043,0.18105274438858032,0.011061803437769413,0.20406007766723633,0.00974015612155199,0.18221884965896606,0.010467061772942543
336,0.009852812625467777,0.013946282677352428,deterministic_post_update_meta_query_loss,0.18823650479316711,0.020094748623533342,963.5416815269273,0.0001,0.175490602850914,0.007636489346623421,0.18171262741088867,0.00925878994166851,0.19050581753253937,0.01160625834017992,0.20694077014923096,0.00959151890128851,0.18653270602226257,0.011171005666255951
337,0.009392131119966507,0.01394689455628395,deterministic_post_update_meta_query_loss,0.1864030808210373,0.022567605469132945,966.3777389770839,0.0001,0.17749512195587158,0.0070931012742221355,0.19161862134933472,0.00917330477386713,0.1881980001926422,0.010814287699759007,0.2064710557460785,0.009971867315471172,0.16823258996009827,0.009908094070851803
338,0.009409094229340553,0.013947987370193005,deterministic_post_update_meta_query_loss,0.18755705654621124,0.021376771111901793,969.3171216270421,0.0001,0.17600253224372864,0.007204404566437006,0.18823572993278503,0.009091361425817013,0.1871376931667328,0.011111713014543056,0.20364165306091309,0.009273801930248737,0.1827675998210907,0.010364189743995667
339,0.009533403441309929,0.013951606675982475,deterministic_post_update_meta_query_loss,0.18355023860931396,0.029746337104478555,972.1562463368755,0.0001,0.1724412739276886,0.007959824986755848,0.18361058831214905,0.009325333870947361,0.18511077761650085,0.010929581709206104,0.19987864792346954,0.009594559669494629,0.17670990526676178,0.009857716038823128
340,0.00966644287109375,0.0139550244435668,deterministic_post_update_meta_query_loss,0.1877458393573761,0.022603948595530117,975.0036337100901,0.0001,0.17582842707633972,0.007237380836158991,0.18421456217765808,0.009619503282010555,0.18668720126152039,0.011364839039742947,0.2146625816822052,0.01011347770690918,0.17733639478683472,0.00999701302498579
341,0.00939770508557558,0.01395841371268034,deterministic_post_update_meta_query_loss,0.18805073201656342,0.022499069896163546,977.9395560109988,0.0001,0.17696963250637054,0.006848527584224939,0.18588843941688538,0.009518426842987537,0.18935465812683105,0.011105941608548164,0.20961494743824005,0.009336666204035282,0.17842590808868408,0.010178960859775543
342,0.009574329480528831,0.013963170535862445,deterministic_post_update_meta_query_loss,0.18491435050964355,0.022131019084895863,980.7631183529738,0.0001,0.17378604412078857,0.007541027385741472,0.18208451569080353,0.00955524854362011,0.18163728713989258,0.010982231236994267,0.20880194008350372,0.009461128152906895,0.17826198041439056,0.010332009755074978
343,0.00949285738170147,0.013968534022569656,deterministic_post_update_meta_query_loss,0.18457470834255219,0.02111223682492606,983.5868009019177,0.0001,0.1762447953224182,0.006954794749617577,0.18113970756530762,0.009635524824261665,0.18309012055397034,0.011228210292756557,0.21129627525806427,0.009811810217797756,0.1711026430130005,0.009833946824073792
344,0.009442632086575031,0.013974453136324883,deterministic_post_update_meta_query_loss,0.1852225512266159,0.021482585765667358,986.4085793409031,0.0001,0.1777746081352234,0.0067418827675282955,0.1887342631816864,0.00987390149384737,0.17374169826507568,0.01037195511162281,0.2011474072933197,0.009257295168936253,0.18471476435661316,0.010968123562633991
345,0.009642372839152813,0.013974941335618496,deterministic_post_update_meta_query_loss,0.19051377475261688,0.0355240252603418,989.3329589599743,0.0001,0.1791069209575653,0.0063737607561051846,0.18772847950458527,0.009288789704442024,0.18997631967067719,0.01171654462814331,0.20830298960208893,0.009564361535012722,0.18745416402816772,0.011268406175076962
346,0.009335232898592949,0.013975406624376773,deterministic_post_update_meta_query_loss,0.1854257434606552,0.020979961780805294,992.1549532050267,0.0001,0.1778416931629181,0.006597806699573994,0.18702396750450134,0.009470394812524319,0.18675683438777924,0.011182901449501514,0.19863761961460114,0.009256381541490555,0.17686854302883148,0.010168676264584064
347,0.009260257706046104,0.013977451995015145,deterministic_post_update_meta_query_loss,0.18412724137306213,0.024261348655111998,994.9962978500407,0.0001,0.17761024832725525,0.006941303610801697,0.1868360936641693,0.009270225651562214,0.18559560179710388,0.010869921185076237,0.1977977752685547,0.00920959934592247,0.17279639840126038,0.010010236874222755
348,0.00924645271152258,0.013976237550377846,deterministic_post_update_meta_query_loss,0.18797165155410767,0.025809749051827563,997.8419953580014,0.0001,0.17825639247894287,0.00641876133158803,0.1942964494228363,0.009359604679048061,0.18304169178009033,0.010844983160495758,0.21211156249046326,0.009908613748848438,0.17215213179588318,0.009700296446681023
349,0.009429940953850746,0.013969358429312706,deterministic_post_update_meta_query_loss,0.18991243839263916,0.03661019009828728,1000.766898219008,0.0001,0.1812736541032791,0.006205510348081589,0.18920254707336426,0.009284727275371552,0.18337994813919067,0.011024219915270805,0.20753493905067444,0.009289005771279335,0.1881711632013321,0.011346238665282726
350,0.009391670115292072,0.013961387798190117,deterministic_post_update_meta_query_loss,0.1877823919057846,0.023902261315584702,1003.5934688670095,0.0001,0.17986246943473816,0.006328543648123741,0.1885053515434265,0.009663861244916916,0.18392643332481384,0.010814569890499115,0.20571166276931763,0.009532691910862923,0.1809060424566269,0.010618684813380241
351,0.009477995336055756,0.013952849060297012,deterministic_post_update_meta_query_loss,0.18828341364860535,0.026056732892990403,1006.4360546120442,0.0001,0.17830754816532135,0.006609680131077766,0.18296194076538086,0.009913011454045773,0.18408317863941193,0.011023493483662605,0.21373598277568817,0.009342496283352375,0.18232840299606323,0.010501298122107983
352,0.009362165816128254,0.013944958150386811,deterministic_post_update_meta_query_loss,0.1870252937078476,0.022500845170392334,1009.3796273588669,0.0001,0.17910891771316528,0.006267995107918978,0.18710371851921082,0.009576801210641861,0.18992212414741516,0.011566399596631527,0.20430469512939453,0.009448779746890068,0.1746869683265686,0.00995084922760725
353,0.009602886624634266,0.01393863745033741,deterministic_post_update_meta_query_loss,0.18799352645874023,0.025635389958679755,1012.219248968875,0.0001,0.17436954379081726,0.007159845437854528,0.19175659120082855,0.00934508815407753,0.18388275802135468,0.011065197177231312,0.20503459870815277,0.009459746070206165,0.18492412567138672,0.010984555818140507
354,0.009532650001347065,0.013935317285358906,deterministic_post_update_meta_query_loss,0.18345019221305847,0.024151193981526452,1015.0548604899086,0.0001,0.17322421073913574,0.007505571469664574,0.18083132803440094,0.009578309021890163,0.18464329838752747,0.010750489309430122,0.19953754544258118,0.009518725797533989,0.17901453375816345,0.010310156270861626
355,0.009653790853917599,0.013933852314949036,deterministic_post_update_meta_query_loss,0.18355798721313477,0.023444205239794937,1017.9885244208854,0.0001,0.16981960833072662,0.00769740529358387,0.1805143803358078,0.009132868610322475,0.185450479388237,0.011269410140812397,0.20277319848537445,0.009591670706868172,0.17923226952552795,0.010577603243291378
356,0.009341234341263771,0.013932928815484047,deterministic_post_update_meta_query_loss,0.18520131707191467,0.022419386481570838,1020.8498778878711,0.0001,0.17468872666358948,0.00709756463766098,0.18925794959068298,0.009231927804648876,0.17837625741958618,0.010723622515797615,0.20144087076187134,0.009038382209837437,0.18224281072616577,0.010614670813083649
357,0.009209888055920601,0.013932616822421551,deterministic_post_update_meta_query_loss,0.18424385786056519,0.02444777599518848,1023.6938457400538,0.0001,0.17760521173477173,0.00673577981069684,0.17795053124427795,0.009050273336470127,0.18569901585578918,0.011118024587631226,0.20864376425743103,0.009397328831255436,0.17132076621055603,0.009748034179210663
358,0.00919280480593443,0.013931932114064693,deterministic_post_update_meta_query_loss,0.18664908409118652,0.021088666708317327,1026.632634610869,0.0001,0.17999544739723206,0.006340745836496353,0.1850990504026413,0.009215075522661209,0.17825093865394592,0.010884421877563,0.21253344416618347,0.009402146562933922,0.17736655473709106,0.010121631436049938
359,0.008982423692941666,0.01393119189888239,deterministic_post_update_meta_query_loss,0.18591061234474182,0.022004925020551923,1029.4767115190625,0.0001,0.18491104245185852,0.005711700301617384,0.1868644803762436,0.009750967845320702,0.18099743127822876,0.010524161159992218,0.20199058949947357,0.009168507531285286,0.1747894585132599,0.009756781160831451
360,0.009417071007192135,0.013929974846541881,deterministic_post_update_meta_query_loss,0.18778137862682343,0.024498337552730606,1032.3209978509694,0.0001,0.17870266735553741,0.006446659564971924,0.18821018934249878,0.009445066563785076,0.18889683485031128,0.011437930166721344,0.203459233045578,0.009644042700529099,0.17963799834251404,0.010111654177308083
361,0.00967951025813818,0.013929038308560848,deterministic_post_update_meta_query_loss,0.18508176505565643,0.020276440355251887,1035.1800133299548,0.0001,0.17217335104942322,0.007519222795963287,0.18626146018505096,0.009502378292381763,0.17866560816764832,0.010919205844402313,0.20612528920173645,0.009590400382876396,0.18218305706977844,0.010866344906389713
362,0.009333556517958641,0.013929472491145133,deterministic_post_update_meta_query_loss,0.18156231939792633,0.03410806105677456,1038.1203207520302,0.0001,0.17070603370666504,0.007780018262565136,0.18363842368125916,0.009331436827778816,0.17996200919151306,0.010560926049947739,0.1971093714237213,0.009289699606597424,0.1763957440853119,0.009705699980258942
363,0.009270804934203625,0.013929587975144386,deterministic_post_update_meta_query_loss,0.18676140904426575,0.022187727322251296,1040.973916982999,0.0001,0.17815780639648438,0.006318304222077131,0.18298351764678955,0.009293848648667336,0.18066562712192535,0.01090893242508173,0.2139708697795868,0.009572090581059456,0.17802919447422028,0.010260844603180885
364,0.009490215219557285,0.013930752314627171,deterministic_post_update_meta_query_loss,0.18471871316432953,0.022276041201491476,1043.933523369953,0.0001,0.1734239161014557,0.007582598831504583,0.1818685084581375,0.009500518441200256,0.18853461742401123,0.01114567369222641,0.20071443915367126,0.00917407963424921,0.17905202507972717,0.010048205964267254
365,0.009121175855398178,0.013930436037480832,deterministic_post_update_meta_query_loss,0.188058540225029,0.028976953743498117,1046.7804347500205,0.0001,0.18760496377944946,0.005219310522079468,0.17746859788894653,0.009213690645992756,0.18285197019577026,0.01062950398772955,0.20708313584327698,0.009621025994420052,0.18528401851654053,0.010922346264123917
366,0.009614221751689911,0.013932758569717407,deterministic_post_update_meta_query_loss,0.18187697231769562,0.028475751907095385,1049.620749933878,0.0001,0.16795997321605682,0.00819153618067503,0.18740007281303406,0.009501158259809017,0.18549785017967224,0.011103647761046886,0.19358229637145996,0.009320191107690334,0.17494457960128784,0.009954574517905712
367,0.009337280876934528,0.01393340602517128,deterministic_post_update_meta_query_loss,0.18725815415382385,0.02751747519460067,1052.5572832860053,0.0001,0.1769362986087799,0.006455812603235245,0.18511244654655457,0.009341583587229252,0.18600407242774963,0.01115410216152668,0.20758652687072754,0.009389059618115425,0.18065141141414642,0.010345841757953167
368,0.009128465317189693,0.013934419117867946,deterministic_post_update_meta_query_loss,0.1857328861951828,0.021890555116682968,1055.406390577089,0.0001,0.1803939938545227,0.006181483156979084,0.18789036571979523,0.00943055097013712,0.17732971906661987,0.010545587167143822,0.20257963240146637,0.009261351078748703,0.18047071993350983,0.010223351418972015
369,0.009750956669449806,0.013934697024524212,deterministic_post_update_meta_query_loss,0.18622879683971405,0.024643003720546244,1058.2464668778703,0.0001,0.16880647838115692,0.00799708440899849,0.1915884017944336,0.010020684450864792,0.1864643096923828,0.01104394719004631,0.2046034187078476,0.009051783941686153,0.17968137562274933,0.010641278699040413
370,0.009327282197773457,0.013934320583939553,deterministic_post_update_meta_query_loss,0.1860518753528595,0.021010778800594685,1061.0950364039745,0.0001,0.17659689486026764,0.006870395969599485,0.18685859441757202,0.00967997033149004,0.1810913234949112,0.01054858323186636,0.21110841631889343,0.009795055724680424,0.1746041178703308,0.009742405265569687
371,0.009471363388001919,0.013935171812772752,deterministic_post_update_meta_query_loss,0.18375495076179504,0.020702508294315553,1064.0396050259005,0.0001,0.17048946022987366,0.007756026927381754,0.18893401324748993,0.009501440450549126,0.18622417747974396,0.011090457439422607,0.20506656169891357,0.00945740845054388,0.1680605113506317,0.009551480412483215
372,0.009849484078586102,0.013935829512774944,deterministic_post_update_meta_query_loss,0.1870018094778061,0.024981584423199046,1066.8886904329993,0.0001,0.16742193698883057,0.0083434097468853,0.18516415357589722,0.009041874669492245,0.19166545569896698,0.01175540778785944,0.20612433552742004,0.009247176349163055,0.18463313579559326,0.010859550908207893
373,0.008999879471957684,0.013936587423086167,deterministic_post_update_meta_query_loss,0.18408744037151337,0.021422960306431316,1069.7425892259926,0.0001,0.18100690841674805,0.006135734263807535,0.18382064998149872,0.009443315677344799,0.17850568890571594,0.010733223520219326,0.20864230394363403,0.009279966354370117,0.16846168041229248,0.009407158009707928
374,0.00911368615925312,0.013936780020594597,deterministic_post_update_meta_query_loss,0.18582862615585327,0.02174632563499963,1072.5742238180246,0.0001,0.18150420486927032,0.006022710353136063,0.18519151210784912,0.009196586906909943,0.18140438199043274,0.010957565158605576,0.19991379976272583,0.009196681901812553,0.18112927675247192,0.010194886475801468
375,0.009304582141339779,0.013935527577996255,deterministic_post_update_meta_query_loss,0.1859496831893921,0.021810548010904877,1075.5132490440737,0.0001,0.177252858877182,0.006785113830119371,0.19112735986709595,0.009461915120482445,0.1844087690114975,0.011314853094518185,0.2049306333065033,0.009217432700097561,0.1720288097858429,0.009743595495820045
376,0.00932228658348322,0.013936101086437702,deterministic_post_update_meta_query_loss,0.18384654819965363,0.0225109662106409,1078.3631938190665,0.0001,0.17351876199245453,0.007252193987369537,0.1853499412536621,0.009436112828552723,0.18336221575737,0.010478511452674866,0.2026282548904419,0.009794443845748901,0.17437350749969482,0.009650171734392643
377,0.009650853462517262,0.013935999944806099,deterministic_post_update_meta_query_loss,0.18571773171424866,0.022441036333530683,1081.2121035060845,0.0001,0.16789212822914124,0.007884085178375244,0.1915666162967682,0.009615527465939522,0.1870509684085846,0.011207496747374535,0.20896464586257935,0.009647969156503677,0.17311425507068634,0.00989918876439333
378,0.009523448534309864,0.013939517736434936,deterministic_post_update_meta_query_loss,0.18121977150440216,0.027932148907003313,1084.1437263670377,0.0001,0.16818754374980927,0.008246815763413906,0.18333694338798523,0.009309492073953152,0.18005532026290894,0.010596140287816525,0.19815552234649658,0.0093559380620718,0.17636346817016602,0.010108855552971363
379,0.009559051133692265,0.01394285149872303,deterministic_post_update_meta_query_loss,0.1849278211593628,0.021172606255906723,1086.970226784004,0.0001,0.17401020228862762,0.006973405834287405,0.18328239023685455,0.009311242960393429,0.19200539588928223,0.011613328941166401,0.19479045271873474,0.009367183782160282,0.18055061995983124,0.010530094616115093
380,0.009257403202354908,0.013943500071763992,deterministic_post_update_meta_query_loss,0.18749704957008362,0.027155672814799907,1089.8080083939712,0.0001,0.17659685015678406,0.006560822483152151,0.18039926886558533,0.009129103273153305,0.1856628656387329,0.01096754427999258,0.2127087116241455,0.009085653349757195,0.1821174919605255,0.010543889366090298
381,0.009366604499518871,0.013939336128532886,deterministic_post_update_meta_query_loss,0.18927828967571259,0.03727718900749284,1092.6689715769608,0.0001,0.1800912469625473,0.0061036329716444016,0.1867162585258484,0.009231395088136196,0.19177907705307007,0.011642761528491974,0.20486101508140564,0.009357554838061333,0.18294385075569153,0.010497676208615303
382,0.009494009427726269,0.013932563923299312,deterministic_post_update_meta_query_loss,0.1900341659784317,0.03645275866936973,1095.6136104089674,0.0001,0.1758330762386322,0.006766440812498331,0.19736795127391815,0.01000700518488884,0.1909271776676178,0.011423771269619465,0.20836293697357178,0.009072977118194103,0.17767967283725739,0.01019984856247902
383,0.00982863362878561,0.013927012868225574,deterministic_post_update_meta_query_loss,0.18709202110767365,0.02541773054554855,1098.4675974969286,0.0001,0.17066963016986847,0.007771377917379141,0.18929889798164368,0.009907182306051254,0.18128180503845215,0.010622342117130756,0.20420759916305542,0.009168975986540318,0.19000214338302612,0.011673289351165295
384,0.008934780023992062,0.01392323300242424,deterministic_post_update_meta_query_loss,0.18424105644226074,0.02353119143019855,1101.3131657240447,0.0001,0.18192583322525024,0.0058797746896743774,0.1830640286207199,0.009130346588790417,0.1784316897392273,0.010574734769761562,0.2011004090309143,0.009164453484117985,0.17668333649635315,0.009924591518938541
385,0.008980105631053448,0.01391954142600298,deterministic_post_update_meta_query_loss,0.18716460466384888,0.022956238730785426,1104.1587128329556,0.0001,0.18444941937923431,0.005575413815677166,0.19023975729942322,0.009401167742908001,0.19113567471504211,0.011342808604240417,0.1982257068157196,0.008956543169915676,0.17177249491214752,0.009624592959880829
386,0.009070150554180145,0.013917280361056328,deterministic_post_update_meta_query_loss,0.18663367629051208,0.02212564039417814,1107.0988502739929,0.0001,0.17963869869709015,0.0060183703899383545,0.18252265453338623,0.009018005803227425,0.18915970623493195,0.01128894742578268,0.20394153892993927,0.00913126952946186,0.17790578305721283,0.009894157759845257
387,0.00943021196871996,0.013915794156491756,deterministic_post_update_meta_query_loss,0.18984614312648773,0.029892659683720135,1109.943773848936,0.0001,0.17974287271499634,0.006533309817314148,0.19259384274482727,0.009613984264433384,0.18912462890148163,0.011237031780183315,0.20655715465545654,0.009666734375059605,0.1812121421098709,0.010099997743964195
388,0.009049042128026485,0.013915407285094262,deterministic_post_update_meta_query_loss,0.18249103426933289,0.0326978425538182,1112.7852357770316,0.0001,0.17876502871513367,0.006579908076673746,0.18583035469055176,0.009553132578730583,0.18533006310462952,0.010927893221378326,0.1920444369316101,0.008930276148021221,0.17048528790473938,0.009254000149667263
389,0.00931388046592474,0.013914709165692329,deterministic_post_update_meta_query_loss,0.18290485441684723,0.037633084498107726,1115.7233268879354,0.0001,0.17502517998218536,0.007452089339494705,0.17883315682411194,0.009456194937229156,0.18071295320987701,0.010693848133087158,0.20004889369010925,0.009121738374233246,0.17990410327911377,0.009845533408224583
390,0.009281383827328682,0.013914137706160545,deterministic_post_update_meta_query_loss,0.18695661425590515,0.021211797334846908,1118.5626277190167,0.0001,0.17830777168273926,0.006645045708864927,0.17867770791053772,0.00933936145156622,0.1875489056110382,0.010845346376299858,0.20591561496257782,0.00897249300032854,0.18433310091495514,0.010604670271277428
391,0.009637494571506977,0.013913814164698123,deterministic_post_update_meta_query_loss,0.18606720864772797,0.020212474988818206,1121.410311799962,0.0001,0.17097964882850647,0.008043820038437843,0.18928422033786774,0.009475655853748322,0.18440969288349152,0.010652240365743637,0.20349189639091492,0.009562062099575996,0.18217051029205322,0.010453695431351662
392,0.009245541878044605,0.013914708234369754,deterministic_post_update_meta_query_loss,0.1829756200313568,0.033301499559394016,1124.3575414600782,0.0001,0.1751079559326172,0.007004863116890192,0.17869055271148682,0.00924459844827652,0.18252678215503693,0.010698960162699223,0.20185638964176178,0.009207856841385365,0.17669638991355896,0.01007143221795559
393,0.009452407248318195,0.013917345739901065,deterministic_post_update_meta_query_loss,0.18558286130428314,0.02183415278291534,1127.1983923949301,0.0001,0.17098814249038696,0.007676843553781509,0.187576025724411,0.009474013932049274,0.1846243143081665,0.010750001296401024,0.20190297067165375,0.009338565170764923,0.18282288312911987,0.01002261321991682
394,0.009344028308987617,0.013925185985863208,deterministic_post_update_meta_query_loss,0.18142494559288025,0.03590076945332922,1130.0453317170031,0.0001,0.1697075366973877,0.007983105257153511,0.1790112853050232,0.009142158553004265,0.18021869659423828,0.010814981535077095,0.20544815063476562,0.009152770973742008,0.17273905873298645,0.009627120569348335
395,0.009469486773014069,0.013939419202506543,deterministic_post_update_meta_query_loss,0.1844206303358078,0.023701161988422766,1132.9900154520292,0.0001,0.16899146139621735,0.008129516616463661,0.1841157078742981,0.009063933975994587,0.17766916751861572,0.009998359717428684,0.20248734951019287,0.009131082333624363,0.18883946537971497,0.011024544946849346
396,0.00912733655422926,0.013955249264836312,deterministic_post_update_meta_query_loss,0.18692843616008759,0.022836916731041223,1135.8376213088632,0.0001,0.17820203304290771,0.0064550465904176235,0.18491283059120178,0.008858545683324337,0.18838907778263092,0.011198882013559341,0.2024560272693634,0.009194230660796165,0.1806821972131729,0.009929975494742393
397,0.00916533637791872,0.013966583460569382,deterministic_post_update_meta_query_loss,0.18940432369709015,0.0312836496784808,1138.6843800810166,0.0001,0.18200048804283142,0.006030765362083912,0.1942945420742035,0.009131691418588161,0.1884816735982895,0.010999232530593872,0.19921357929706573,0.009155592881143093,0.18303130567073822,0.010509398765861988
398,0.009009688161313534,0.013973197899758816,deterministic_post_update_meta_query_loss,0.18895301222801208,0.02856542491836233,1141.5362781009171,0.0001,0.17845946550369263,0.006323674228042364,0.191952645778656,0.009099312126636505,0.18311335146427155,0.010589093901216984,0.21193422377109528,0.008994827046990395,0.17930537462234497,0.010041529312729836
399,0.009300703182816505,0.013974844105541706,deterministic_post_update_meta_query_loss,0.18805162608623505,0.027272090327774973,1144.4734995060135,0.0001,0.17817264795303345,0.006332120858132839,0.19136996567249298,0.009341404773294926,0.189401313662529,0.01133018545806408,0.2010311633348465,0.008991807699203491,0.1802830994129181,0.010507997125387192
400,0.009302414953708649,0.013975552842020988,deterministic_post_update_meta_query_loss,0.18630997836589813,0.02158945496676514,1147.3140523920301,0.0001,0.1767643243074417,0.006791429594159126,0.1929093599319458,0.009389352984726429,0.18349656462669373,0.010691819712519646,0.19681546092033386,0.009168798103928566,0.18156416714191437,0.010470673441886902
401,0.009128524921834469,0.013970736041665077,deterministic_post_update_meta_query_loss,0.18884877860546112,0.028630801602481194,1150.1572501088958,0.0001,0.18027517199516296,0.0061369542963802814,0.188519686460495,0.009284165687859058,0.18768639862537384,0.011086837388575077,0.20737503468990326,0.008861699141561985,0.18038764595985413,0.010272965766489506
402,0.009228224866092205,0.01396523490548134,deterministic_post_update_meta_query_loss,0.18643967807292938,0.02248176832776381,1153.094774510013,0.0001,0.17300623655319214,0.0068193762563169,0.18153508007526398,0.008980252780020237,0.18482625484466553,0.010746829211711884,0.20689228177070618,0.009000379592180252,0.18593847751617432,0.010594289749860764
403,0.00952553004026413,0.013959796726703643,deterministic_post_update_meta_query_loss,0.18599973618984222,0.021041882850599686,1155.9494603208732,0.0001,0.17249399423599243,0.0074911718256771564,0.18341881036758423,0.009310202673077583,0.18249401450157166,0.010486437007784843,0.20594605803489685,0.00928291492164135,0.18564572930335999,0.011056923307478428
404,0.009360702708363533,0.01395303439348936,deterministic_post_update_meta_query_loss,0.18753428757190704,0.023520906611502967,1158.787210654933,0.0001,0.17645615339279175,0.006825002375990152,0.19230762124061584,0.009155205450952053,0.1855262815952301,0.010818618349730968,0.19901043176651,0.009359541349112988,0.18437090516090393,0.010645143687725067
405,0.009123935364186764,0.013945143669843674,deterministic_post_update_meta_query_loss,0.1882847547531128,0.024507290211451073,1161.7137683439068,0.0001,0.18315351009368896,0.005961923860013485,0.18660807609558105,0.009092763997614384,0.19157397747039795,0.011157066561281681,0.19773921370506287,0.008824733085930347,0.18234901130199432,0.010583183728158474
406,0.008957140147686005,0.013935717567801476,deterministic_post_update_meta_query_loss,0.18736805021762848,0.024387413941845053,1164.5446446670685,0.0001,0.180301696062088,0.006056461948901415,0.18611326813697815,0.009007814340293407,0.18306568264961243,0.010399676859378815,0.21077480912208557,0.009099208749830723,0.17658481001853943,0.01022253930568695
407,0.009212665259838104,0.013928060792386532,deterministic_post_update_meta_query_loss,0.18594582378864288,0.021327002098352248,1167.4806825560518,0.0001,0.17633651196956635,0.006423705257475376,0.1839796006679535,0.009559281170368195,0.1815328598022461,0.010397537611424923,0.20041994750499725,0.008643519133329391,0.18746019899845123,0.011039282195270061
408,0.00911214854568243,0.013920170813798904,deterministic_post_update_meta_query_loss,0.18860004842281342,0.025584901792138466,1170.3163115459029,0.0001,0.1807192862033844,0.006269749253988266,0.18862247467041016,0.009378737770020962,0.18160498142242432,0.010439414530992508,0.2103848159313202,0.009244400076568127,0.18166860938072205,0.010228442028164864
409,0.009102997370064259,0.01391113642603159,deterministic_post_update_meta_query_loss,0.19235959649085999,0.03949652422331229,1173.1574594650883,0.0001,0.18234208226203918,0.005984594579786062,0.19360272586345673,0.009363015182316303,0.18592001497745514,0.010855496861040592,0.21409828960895538,0.009362873621284962,0.1858348548412323,0.009949002414941788
410,0.009108944796025753,0.013906420022249222,deterministic_post_update_meta_query_loss,0.186030313372612,0.02302120862887745,1175.9994237690698,0.0001,0.17573456466197968,0.0068329088389873505,0.1863221526145935,0.009150566533207893,0.17953810095787048,0.010559536516666412,0.20536404848098755,0.008816618472337723,0.18319274485111237,0.010185089893639088
411,0.009155171923339367,0.013903839886188507,deterministic_post_update_meta_query_loss,0.18592803180217743,0.021462555624406455,1178.9571746259462,0.0001,0.178004652261734,0.006361861247569323,0.1825537085533142,0.009236512705683708,0.18398267030715942,0.010561332106590271,0.20113366842269897,0.009266631677746773,0.18396544456481934,0.010349519550800323
412,0.009300164878368378,0.013902775943279266,deterministic_post_update_meta_query_loss,0.1891629546880722,0.022473527026239476,1181.7980960009154,0.0001,0.18107034265995026,0.006319960113614798,0.18855518102645874,0.00929757859557867,0.19550105929374695,0.01204496156424284,0.20359429717063904,0.009243643842637539,0.17709381878376007,0.009594683535397053
413,0.00884784385561943,0.013902487605810166,deterministic_post_update_meta_query_loss,0.18477895855903625,0.024703873863853424,1184.6441806398798,0.0001,0.18205177783966064,0.005808875896036625,0.18790805339813232,0.009109525941312313,0.18467479944229126,0.010627119801938534,0.19436010718345642,0.009212111122906208,0.17490005493164062,0.009481587447226048
414,0.009143378585577011,0.013901962339878083,deterministic_post_update_meta_query_loss,0.18432627618312836,0.025931541450231355,1187.4892720689531,0.0001,0.17429757118225098,0.007120635360479355,0.18764741718769073,0.009101206436753273,0.18116354942321777,0.010939273051917553,0.19882121682167053,0.008802326396107674,0.17970164120197296,0.009753451682627201
415,0.009298997931182384,0.013901453278958798,deterministic_post_update_meta_query_loss,0.1864532083272934,0.020745584209433763,1190.4295141550247,0.0001,0.17548930644989014,0.006960125640034676,0.18298181891441345,0.009493592195212841,0.17592711746692657,0.010241303592920303,0.21398402750492096,0.009473932906985283,0.18388371169567108,0.010326036252081394
416,0.009039483033120632,0.013900305330753326,deterministic_post_update_meta_query_loss,0.1850575953722,0.027193250608575473,1193.2724601998925,0.0001,0.17731350660324097,0.006902742199599743,0.185217946767807,0.008777955546975136,0.1826801300048828,0.010480697266757488,0.19941142201423645,0.008871098980307579,0.18066497147083282,0.01016492024064064
417,0.009370312094688416,0.013899323157966137,deterministic_post_update_meta_query_loss,0.18596820533275604,0.02139043096915083,1196.113030784065,0.0001,0.17071941494941711,0.007980987429618835,0.1907845139503479,0.009178007021546364,0.18887683749198914,0.010569047182798386,0.20225241780281067,0.009340200573205948,0.1772078424692154,0.009783318266272545
418,0.009073354303836823,0.013898700661957263,deterministic_post_update_meta_query_loss,0.18775618076324463,0.021759553755882163,1199.0499019909184,0.0001,0.17904630303382874,0.006311400793492794,0.18492279946804047,0.009117414243519306,0.17847341299057007,0.010371399112045765,0.2084384262561798,0.009000450372695923,0.18789997696876526,0.010566106997430325
419,0.008998795412480831,0.013898559100925922,deterministic_post_update_meta_query_loss,0.18723416328430176,0.021116355846971364,1201.8884098459966,0.0001,0.17620936036109924,0.006898398511111736,0.18437065184116364,0.008858813904225826,0.18831554055213928,0.010860473848879337,0.20904088020324707,0.008861792273819447,0.17823436856269836,0.009514495730400085
420,0.009355581365525723,0.013898521475493909,deterministic_post_update_meta_query_loss,0.18861210346221924,0.02456412834353739,1204.7392515670508,0.0001,0.17670363187789917,0.00682720635086298,0.1934264600276947,0.009640033356845379,0.18458589911460876,0.010437026619911194,0.20520642399787903,0.00950811617076397,0.18313810229301453,0.010365522466599941
421,0.00920080579817295,0.01389981284737587,deterministic_post_update_meta_query_loss,0.18356208503246307,0.028107024164323802,1207.6052892610896,0.0001,0.17223332822322845,0.007510005496442318,0.1875217854976654,0.009082542732357979,0.18552181124687195,0.0107429726049304,0.19961214065551758,0.00906199961900711,0.17292140424251556,0.00960650946944952
422,0.009319229982793331,0.013903362862765788,deterministic_post_update_meta_query_loss,0.18464666604995728,0.023120834618536253,1210.5442107950803,0.0001,0.17017418146133423,0.0077818320132792,0.1859440803527832,0.009118502028286457,0.1904001533985138,0.0108329551294446,0.20045983791351318,0.009055417962372303,0.17625507712364197,0.009807439520955086
423,0.009097111411392689,0.013907889276742936,deterministic_post_update_meta_query_loss,0.18626368045806885,0.021424912626224365,1213.38179911091,0.0001,0.18014191091060638,0.006335653364658356,0.18220272660255432,0.009255974553525448,0.18607613444328308,0.010724516585469246,0.20302093029022217,0.008892773650586605,0.17987677454948425,0.01027663890272379
424,0.00925514381378889,0.01391245387494564,deterministic_post_update_meta_query_loss,0.1866169273853302,0.022499372331586477,1216.2077930448577,0.0001,0.1755865216255188,0.006681650876998901,0.18138590455055237,0.008946963585913181,0.19172562658786774,0.01174449548125267,0.20711946487426758,0.009202195331454277,0.17726710438728333,0.0097004109993577
425,0.008701424114406109,0.013917927443981171,deterministic_post_update_meta_query_loss,0.18572796881198883,0.02266309051072619,1219.0747017760295,0.0001,0.1800186038017273,0.005988033954054117,0.19063889980316162,0.008855702355504036,0.17631541192531586,0.010188033804297447,0.20633792877197266,0.008850835263729095,0.17532895505428314,0.00962451659142971
426,0.008694993332028389,0.013924456760287285,deterministic_post_update_meta_query_loss,0.18515852093696594,0.02325583909808353,1222.0242391959764,0.0001,0.18164077401161194,0.0056523047387599945,0.18627625703811646,0.00923797395080328,0.17977285385131836,0.010365462861955166,0.20296502113342285,0.008715868927538395,0.17513766884803772,0.009503352455794811
427,0.009575963020324707,0.01393132507801056,deterministic_post_update_meta_query_loss,0.1869553178548813,0.022320271928478276,1224.8829045910388,0.0001,0.1680491715669632,0.008115284144878387,0.18888476490974426,0.009231031872332096,0.19125628471374512,0.011260293424129486,0.20334510505199432,0.008916824124753475,0.18324121832847595,0.01035638339817524
428,0.009545806795358658,0.013939708657562732,deterministic_post_update_meta_query_loss,0.1856183558702469,0.021459959889849937,1227.738359601004,0.0001,0.16861364245414734,0.00794142670929432,0.19181880354881287,0.009741932153701782,0.19340890645980835,0.011522925458848476,0.19941012561321259,0.008996793068945408,0.1748403012752533,0.009525955654680729
429,0.00938431080430746,0.013949677161872388,deterministic_post_update_meta_query_loss,0.18487600982189178,0.02097810770976585,1230.6813332280144,0.0001,0.17336870729923248,0.0073394509963691235,0.18158556520938873,0.008845023810863495,0.1882835328578949,0.011164611205458641,0.1975485235452652,0.00891819130629301,0.1835937350988388,0.010654275305569172
430,0.009258290752768517,0.013952737115323544,deterministic_post_update_meta_query_loss,0.18908797204494476,0.03315186628214541,1233.523918458959,0.0001,0.17803463339805603,0.006546814925968647,0.1897526979446411,0.009328599087893963,0.18558946251869202,0.011168942786753178,0.20498451590538025,0.00909089669585228,0.18707850575447083,0.010156196542084217
431,0.00942077487707138,0.013953310996294021,deterministic_post_update_meta_query_loss,0.1872992366552353,0.024733584597147865,1236.3735046489164,0.0001,0.17061200737953186,0.007586201652884483,0.18563319742679596,0.009022013284265995,0.1878959685564041,0.01117834821343422,0.20939511060714722,0.009275486692786217,0.18295985460281372,0.010041825473308563
432,0.009367658756673336,0.01394852064549923,deterministic_post_update_meta_query_loss,0.18847279250621796,0.029317101012979706,1239.32563410094,0.0001,0.1757235825061798,0.006834717933088541,0.19147196412086487,0.009403124451637268,0.1852598488330841,0.010596041567623615,0.20600226521492004,0.009287756867706776,0.18390631675720215,0.010716654360294342
433,0.00916201900690794,0.0139384925365448,deterministic_post_update_meta_query_loss,0.18939195573329926,0.032129281359892375,1242.173775710864,0.0001,0.18141214549541473,0.00583428330719471,0.18416455388069153,0.00880731176584959,0.1846875548362732,0.010388605296611786,0.20896488428115845,0.00967637449502945,0.187730610370636,0.011103518307209015
434,0.00928518921136856,0.013930691778659821,deterministic_post_update_meta_query_loss,0.18756678700447083,0.021603108910072204,1245.0294460300356,0.0001,0.17606894671916962,0.006910901516675949,0.18100085854530334,0.00896932277828455,0.19822785258293152,0.011568119749426842,0.20102068781852722,0.008744773454964161,0.18151551485061646,0.010232829488813877
435,0.008637834340333939,0.013921920582652092,deterministic_post_update_meta_query_loss,0.18806523084640503,0.02283583673148539,1247.9965173949022,0.0001,0.1853811889886856,0.005327963270246983,0.1874578595161438,0.009134161286056042,0.18337154388427734,0.010283001698553562,0.20864081382751465,0.009061257354915142,0.17547476291656494,0.009382788091897964
436,0.009062095545232296,0.013910950906574727,deterministic_post_update_meta_query_loss,0.1900012344121933,0.029516322974551524,1250.8481328198686,0.0001,0.18176987767219543,0.005864659324288368,0.18537816405296326,0.009157812222838402,0.18632790446281433,0.010709816589951515,0.21167710423469543,0.00923384539783001,0.18485304713249207,0.010344340465962887
437,0.008986308239400387,0.013900883309543133,deterministic_post_update_meta_query_loss,0.18828865885734558,0.02402312954763001,1253.71084553306,0.0001,0.18176719546318054,0.005830100737512112,0.18735972046852112,0.009484400972723961,0.1804516315460205,0.01026016753166914,0.20930686593055725,0.009171618148684502,0.1825578510761261,0.010185254737734795
438,0.008990908041596413,0.01389391515403986,deterministic_post_update_meta_query_loss,0.18666861951351166,0.020882430340201413,1256.5562941350508,0.0001,0.17940816283226013,0.006605899892747402,0.18818575143814087,0.008904173038899899,0.17805668711662292,0.010398135520517826,0.20895464718341827,0.009258806705474854,0.1787378191947937,0.009787522256374359
439,0.008930881507694721,0.013890998065471649,deterministic_post_update_meta_query_loss,0.18480269610881805,0.030055208091041456,1259.4883768439759,0.0001,0.17234793305397034,0.007531714625656605,0.18183329701423645,0.008623049594461918,0.18384048342704773,0.010175026953220367,0.2091585248708725,0.00901581160724163,0.17683327198028564,0.009308801963925362
440,0.009250647388398647,0.013890300132334232,deterministic_post_update_meta_query_loss,0.1845332235097885,0.027588201768097186,1262.325027843006,0.0001,0.17217496037483215,0.007544621825218201,0.18316461145877838,0.009004544466733932,0.18087558448314667,0.01051260530948639,0.20502936840057373,0.009417840279638767,0.18142162263393402,0.009773623198270798
441,0.00891734380275011,0.013889659196138382,deterministic_post_update_meta_query_loss,0.18717513978481293,0.02161785560507767,1265.1705787798855,0.0001,0.1802423894405365,0.006170305889099836,0.18479427695274353,0.008914833888411522,0.18797603249549866,0.010583438910543919,0.2022463083267212,0.008991274982690811,0.18061664700508118,0.009926863946020603
442,0.009114193730056286,0.013892015442252159,deterministic_post_update_meta_query_loss,0.18268080055713654,0.034531309752329466,1268.116215070011,0.0001,0.17287969589233398,0.007352424319833517,0.1837155818939209,0.008904356509447098,0.18292619287967682,0.010485292412340641,0.1976543366909027,0.009273652918636799,0.1762281358242035,0.009555243887007236
443,0.008874616585671902,0.013893850520253182,deterministic_post_update_meta_query_loss,0.18762682378292084,0.022637718367317563,1270.9825845940504,0.0001,0.18405655026435852,0.00544695882126689,0.1914137899875641,0.009517047554254532,0.17552214860916138,0.010120938532054424,0.20144298672676086,0.008715550415217876,0.18569865822792053,0.010572582483291626
444,0.009058188647031784,0.01389290001243353,deterministic_post_update_meta_query_loss,0.18924753367900848,0.031108802393968727,1273.8245840370655,0.0001,0.1796877384185791,0.006143550388514996,0.19061696529388428,0.00933544710278511,0.18783487379550934,0.011070535518229008,0.21268151700496674,0.009207472205162048,0.17541657388210297,0.009533937089145184
445,0.00924732442945242,0.013892732188105583,deterministic_post_update_meta_query_loss,0.18734221160411835,0.021129552302942507,1276.7571533839218,0.0001,0.17184174060821533,0.007529501337558031,0.18478214740753174,0.00866472814232111,0.18757382035255432,0.010953618213534355,0.20737503468990326,0.008747315034270287,0.18513831496238708,0.010341459885239601
446,0.009029986336827278,0.01389557048678398,deterministic_post_update_meta_query_loss,0.18339334428310394,0.028520558647207126,1279.5964646660723,0.0001,0.17276401817798615,0.007393816951662302,0.18135994672775269,0.00912456214427948,0.18221747875213623,0.01016557589173317,0.2081974297761917,0.009080756455659866,0.17242783308029175,0.009385216981172562
447,0.008888657204806805,0.013898542895913125,deterministic_post_update_meta_query_loss,0.1862640678882599,0.02134646735011259,1282.5287408418953,0.0001,0.18017078936100006,0.006551702041178942,0.18717458844184875,0.009166647680103779,0.18618625402450562,0.01064943429082632,0.20285621285438538,0.008926918730139732,0.17493245005607605,0.00914857815951109
448,0.009232922457158566,0.013901065662503242,deterministic_post_update_meta_query_loss,0.18713296949863434,0.021161941051582263,1285.3764293279964,0.0001,0.1807306557893753,0.006360409781336784,0.17913897335529327,0.009463535621762276,0.19248485565185547,0.011715362779796124,0.20592376589775085,0.009114705957472324,0.17738653719425201,0.009510593488812447
449,0.009212004952132702,0.01389964371919632,deterministic_post_update_meta_query_loss,0.18988046050071716,0.0343263684332668,1288.2204708710779,0.0001,0.17676401138305664,0.006584556773304939,0.19237634539604187,0.009266674518585205,0.188660129904747,0.010663012973964214,0.20731253921985626,0.009498625993728638,0.18428924679756165,0.010047155432403088
450,0.009038582444190979,0.013898734748363496,deterministic_post_update_meta_query_loss,0.18596944212913513,0.021222500102100163,1291.0751519759651,0.0001,0.1747775375843048,0.006859167013317347,0.1835567057132721,0.00930730439722538,0.18324872851371765,0.010096185840666294,0.20588341355323792,0.009048624895513058,0.18238084018230438,0.009881631471216679
451,0.008789695799350739,0.01389424167573452,deterministic_post_update_meta_query_loss,0.18913094699382782,0.03042783613835186,1294.0231408348773,0.0001,0.1848510503768921,0.005374631844460964,0.18444612622261047,0.0090034706518054,0.19184064865112305,0.010749632492661476,0.2062820941209793,0.00913288164883852,0.17823480069637299,0.009687863290309906
452,0.008912196382880211,0.01388816311955452,deterministic_post_update_meta_query_loss,0.18921969830989838,0.02729949511162526,1296.8747019299772,0.0001,0.18113239109516144,0.0061604855582118034,0.1902211308479309,0.009018955752253532,0.19215862452983856,0.01085470337420702,0.20928898453712463,0.00904566328972578,0.17329733073711395,0.009481173008680344
453,0.009099239483475685,0.013884514383971692,deterministic_post_update_meta_query_loss,0.1871727705001831,0.021384583861273686,1299.7222433930729,0.0001,0.1707431972026825,0.007889006286859512,0.19151997566223145,0.009128277190029621,0.18450988829135895,0.009963830932974815,0.20540383458137512,0.008586810901761055,0.18368691205978394,0.009928271174430847
454,0.008958977647125721,0.013881617970764638,deterministic_post_update_meta_query_loss,0.18738722801208496,0.021642903289381236,1302.5692193720024,0.0001,0.18007320165634155,0.006207972299307585,0.18179111182689667,0.009028046391904354,0.18197575211524963,0.010345833376049995,0.20577722787857056,0.009062675759196281,0.18731878697872162,0.010150358080863953
455,0.008958252146840096,0.013879169896245002,deterministic_post_update_meta_query_loss,0.18735840916633606,0.021544703629321822,1305.509631525958,0.0001,0.17694346606731415,0.0065411655232310295,0.1817888617515564,0.0089033842086792,0.18391254544258118,0.010484497994184494,0.2141161561012268,0.009087142534554005,0.18003101646900177,0.009775069542229176
456,0.008701262064278126,0.013876270316541196,deterministic_post_update_meta_query_loss,0.1896170824766159,0.02634980147109432,1308.3499960899353,0.0001,0.18918129801750183,0.005081686656922102,0.18502654135227203,0.00896437093615532,0.18776506185531616,0.010421983897686005,0.20187051594257355,0.008874669671058655,0.18424198031425476,0.01016360055655241
457,0.008921685628592968,0.013874821364879608,deterministic_post_update_meta_query_loss,0.18610873818397522,0.02341841484960106,1311.1937931638677,0.0001,0.17545947432518005,0.0069475239142775536,0.18463671207427979,0.009005025960505009,0.1862473338842392,0.01052235160022974,0.21005579829216003,0.00895033497363329,0.17414435744285583,0.009183193556964397
458,0.008949373848736286,0.013873717561364175,deterministic_post_update_meta_query_loss,0.1876644492149353,0.021577788169340605,1314.1470977799036,0.0001,0.17521819472312927,0.007049874402582645,0.19123290479183197,0.00892600230872631,0.18424437940120697,0.010254933498799801,0.20190933346748352,0.008276774547994137,0.18571746349334717,0.010239282622933388
459,0.009301289916038513,0.013872921094298362,deterministic_post_update_meta_query_loss,0.18998780846595764,0.023573485237390383,1316.9924249020405,0.0001,0.17287659645080566,0.007638394366949797,0.19345012307167053,0.008756355382502079,0.19093084335327148,0.010593351908028126,0.20410583913326263,0.009006425738334656,0.1885756254196167,0.010511921718716621
460,0.00907832756638527,0.013872716389596463,deterministic_post_update_meta_query_loss,0.1855948269367218,0.023100425059264247,1319.859181781998,0.0001,0.17362940311431885,0.007412451785057783,0.18063998222351074,0.008919265121221542,0.17522171139717102,0.009631170891225338,0.21602106094360352,0.009459770284593105,0.1824619024991989,0.009968980215489864
461,0.009117573499679565,0.013872684352099896,deterministic_post_update_meta_query_loss,0.1864755004644394,0.020879952721968072,1322.6954606210347,0.0001,0.1780066192150116,0.006857559084892273,0.1762828230857849,0.00919297430664301,0.19099602103233337,0.011119329370558262,0.2087080478668213,0.008904031477868557,0.1783839762210846,0.009513972327113152
462,0.009114724583923817,0.013874750211834907,deterministic_post_update_meta_query_loss,0.18387804925441742,0.026925281692596774,1325.6242946339771,0.0001,0.1689242720603943,0.008158739656209946,0.19213563203811646,0.009247113950550556,0.17573685944080353,0.010010188445448875,0.20710042119026184,0.008791959844529629,0.1754930317401886,0.009365621954202652
463,0.008787157945334911,0.013878736831247806,deterministic_post_update_meta_query_loss,0.18668626248836517,0.024671432906298703,1328.4587022750638,0.0001,0.17886681854724884,0.006736300885677338,0.18176233768463135,0.008460179902613163,0.1833481639623642,0.010186705738306046,0.20580202341079712,0.008817197754979134,0.18365198373794556,0.009735402651131153
464,0.008967152796685696,0.013881459832191467,deterministic_post_update_meta_query_loss,0.18962816894054413,0.028989569941011362,1331.2994102130178,0.0001,0.18219172954559326,0.005963165313005447,0.196038618683815,0.009806746616959572,0.18567849695682526,0.010027259588241577,0.20291964709758759,0.009234428405761719,0.18131233751773834,0.009804163128137589
465,0.008822286501526833,0.013882581889629365,deterministic_post_update_meta_query_loss,0.18959687650203705,0.026808722399242205,1334.137611255981,0.0001,0.1827201396226883,0.005758105311542749,0.1817152202129364,0.00911690853536129,0.1919560432434082,0.010522650554776192,0.2089802324771881,0.009062590077519417,0.18261277675628662,0.009651177562773228
466,0.00900605134665966,0.013879535347223282,deterministic_post_update_meta_query_loss,0.19214145839214325,0.03915297990317685,1337.0697349950206,0.0001,0.18208330869674683,0.005683079827576876,0.1953487992286682,0.009475810453295708,0.18088556826114655,0.0101334722712636,0.21139995753765106,0.00896396767348051,0.1909896433353424,0.010773926042020321
467,0.008975536562502384,0.013873202167451382,deterministic_post_update_meta_query_loss,0.19309256970882416,0.04584623195922317,1339.906286336016,0.0001,0.18505871295928955,0.005632499698549509,0.1914227455854416,0.008995326235890388,0.19421055912971497,0.011058680713176727,0.20988573133945465,0.009004722349345684,0.1848851442337036,0.0101864542812109
468,0.009237299673259258,0.013869722001254558,deterministic_post_update_meta_query_loss,0.18900255858898163,0.021733894253273267,1342.749404703034,0.0001,0.17410920560359955,0.00737991277128458,0.17968912422657013,0.009122611954808235,0.19103370606899261,0.010609338991343975,0.21428102254867554,0.008820531889796257,0.1858997642993927,0.010254100896418095
469,0.008866392076015472,0.013867882639169693,deterministic_post_update_meta_query_loss,0.18882445991039276,0.021699730859541983,1345.6950125950389,0.0001,0.17671068012714386,0.006972383242100477,0.1944427192211151,0.008714633993804455,0.1870727688074112,0.010655730031430721,0.20189708471298218,0.00836051907390356,0.18399904668331146,0.00962869729846716
470,0.008802841417491436,0.013867080770432949,deterministic_post_update_meta_query_loss,0.18793319165706635,0.023729787019657472,1348.5496303490363,0.0001,0.1792573779821396,0.006675430573523045,0.18501818180084229,0.008421479724347591,0.18403445184230804,0.010148367844522,0.20437505841255188,0.008723326958715916,0.18698079884052277,0.010045603848993778
471,0.008915014564990997,0.013866392523050308,deterministic_post_update_meta_query_loss,0.18944542109966278,0.02078720392500383,1351.3952797860838,0.0001,0.18300966918468475,0.006312768440693617,0.19131022691726685,0.00945478118956089,0.17478644847869873,0.009903071448206902,0.21486009657382965,0.008977538906037807,0.18326064944267273,0.009926913306117058
472,0.009084074757993221,0.013865870423614979,deterministic_post_update_meta_query_loss,0.18729153275489807,0.02130843890760961,1354.3317565759644,0.0001,0.17229126393795013,0.007660995237529278,0.18899619579315186,0.009267679415643215,0.18777476251125336,0.010174009017646313,0.20294640958309174,0.008556382730603218,0.1844490021467209,0.009761304594576359
473,0.009125477634370327,0.013865522295236587,deterministic_post_update_meta_query_loss,0.19026687741279602,0.023236170408364662,1357.1736331509892,0.0001,0.17459559440612793,0.007419911213219166,0.19831907749176025,0.009212694130837917,0.1906137466430664,0.010159988887608051,0.20317181944847107,0.009072807617485523,0.18463408946990967,0.009761987254023552
474,0.009043342433869839,0.013864951767027378,deterministic_post_update_meta_query_loss,0.18680474162101746,0.029219764924060837,1360.0217738540377,0.0001,0.1774124652147293,0.00726010836660862,0.18132498860359192,0.008980685845017433,0.18644611537456512,0.01056068018078804,0.20295323431491852,0.008686568588018417,0.18588683009147644,0.009728668257594109
475,0.009124216623604298,0.013865120522677899,deterministic_post_update_meta_query_loss,0.1881738156080246,0.023184727931028316,1362.975445854012,0.0001,0.17545801401138306,0.0075825578533113,0.1818297803401947,0.009035465307533741,0.18812063336372375,0.01017438992857933,0.21375426650047302,0.0091940239071846,0.18170630931854248,0.009634646587073803
476,0.008632431738078594,0.013866084069013596,deterministic_post_update_meta_query_loss,0.19026508927345276,0.022075588965962196,1365.8332613750827,0.0001,0.18462777137756348,0.006137258838862181,0.1910475194454193,0.00849916785955429,0.18609604239463806,0.010632290504872799,0.20477092266082764,0.008239693939685822,0.18478316068649292,0.009653743356466293
477,0.008598108775913715,0.013868904113769532,deterministic_post_update_meta_query_loss,0.18724796175956726,0.02739716764252812,1368.6848495670129,0.0001,0.18787932395935059,0.005469734314829111,0.18763799965381622,0.008839305490255356,0.1858832687139511,0.01039148773998022,0.19560664892196655,0.008924199268221855,0.17923256754875183,0.009365817531943321
478,0.008705644868314266,0.01387309655547142,deterministic_post_update_meta_query_loss,0.18867212533950806,0.02221337548581365,1371.5358205270022,0.0001,0.18134081363677979,0.006135033909231424,0.1910352259874344,0.008698663674294949,0.18477122485637665,0.010188808664679527,0.20079991221427917,0.008588125929236412,0.1854134202003479,0.009917589835822582
479,0.008497526869177818,0.013877584040164948,deterministic_post_update_meta_query_loss,0.18938951194286346,0.022125370809176453,1374.4793029669672,0.0001,0.1847476214170456,0.005682242102921009,0.19107288122177124,0.008716273121535778,0.18970522284507751,0.010519297793507576,0.20545317232608795,0.00861076358705759,0.17596860229969025,0.008959056809544563
480,0.0092396792024374,0.013876252062618732,deterministic_post_update_meta_query_loss,0.1965784728527069,0.05293221054089963,1377.326678588055,0.0001,0.18461862206459045,0.0057617127895355225,0.1994931995868683,0.009308514185249805,0.19399559497833252,0.010482161305844784,0.20533163845539093,0.008759493939578533,0.19945326447486877,0.011886510998010635
481,0.0087561821565032,0.013873173110187053,deterministic_post_update_meta_query_loss,0.19152294099330902,0.026251119602511707,1380.1752703050151,0.0001,0.18476717174053192,0.00594298355281353,0.18475784361362457,0.008411521092057228,0.1899673491716385,0.010577247478067875,0.21166914701461792,0.009015931747853756,0.18645316362380981,0.009833227843046188
482,0.008895928040146828,0.013875039666891098,deterministic_post_update_meta_query_loss,0.18452619016170502,0.035693566611344464,1383.1104168740567,0.0001,0.17266935110092163,0.007909142412245274,0.18505969643592834,0.008727025240659714,0.1771971732378006,0.009628195315599442,0.20577283203601837,0.008913884870707989,0.18193186819553375,0.009301388636231422
483,0.008924080058932304,0.013878737017512322,deterministic_post_update_meta_query_loss,0.18815664947032928,0.022279019618551228,1385.9650896210223,0.0001,0.17708246409893036,0.006672185380011797,0.18107262253761292,0.00931202620267868,0.1864735186100006,0.010057867504656315,0.20654264092445374,0.008497831411659718,0.18961201608181,0.01008048839867115
484,0.00895011704415083,0.013885624893009662,deterministic_post_update_meta_query_loss,0.1867462396621704,0.02441728988207034,1388.8326514859218,0.0001,0.17436674237251282,0.007517739199101925,0.18996284902095795,0.008903111331164837,0.18170589208602905,0.009876261465251446,0.205510675907135,0.008855119347572327,0.18218502402305603,0.009598352946341038
485,0.00914979912340641,0.013892102986574173,deterministic_post_update_meta_query_loss,0.1910632699728012,0.023324743687745716,1391.769241666887,0.0001,0.17648723721504211,0.007432363927364349,0.18694087862968445,0.008727543987333775,0.192075714468956,0.010573165491223335,0.21274974942207336,0.008999068289995193,0.18706269562244415,0.01001685205847025
486,0.008732854388654232,0.013894334807991982,deterministic_post_update_meta_query_loss,0.19159898161888123,0.0288389735379142,1394.6225271110889,0.0001,0.1839401125907898,0.00581616535782814,0.19634252786636353,0.008704635314643383,0.18502748012542725,0.010105668567121029,0.2026808261871338,0.008738196454942226,0.1900039166212082,0.010299604386091232
487,0.008759820833802223,0.013893056288361549,deterministic_post_update_meta_query_loss,0.19115646183490753,0.026799352038292104,1397.557776059024,0.0001,0.1814875304698944,0.006224213633686304,0.19054147601127625,0.008905752561986446,0.18680071830749512,0.010191360488533974,0.2117384672164917,0.008503741584718227,0.1852141171693802,0.009974033571779728
488,0.009288995526731014,0.013892661407589912,deterministic_post_update_meta_query_loss,0.1887292116880417,0.02119691398398694,1400.3991454360075,0.0001,0.16701336205005646,0.008482467383146286,0.195931077003479,0.009049950167536736,0.18468980491161346,0.010219821706414223,0.21214446425437927,0.00879662949591875,0.18386739492416382,0.009896107949316502
489,0.009173979982733727,0.013891496323049068,deterministic_post_update_meta_query_loss,0.1905500888824463,0.023894705284422006,1403.2385609049816,0.0001,0.17557626962661743,0.007176413666456938,0.18713483214378357,0.008827418088912964,0.1857985556125641,0.010203393176198006,0.20821848511695862,0.00888596661388874,0.19602230191230774,0.010776706971228123
490,0.008907672949135303,0.013886847905814648,deterministic_post_update_meta_query_loss,0.19169189035892487,0.028478126374714308,1406.0967463669367,0.0001,0.18244031071662903,0.0060454425401985645,0.19387134909629822,0.008705421350896358,0.19154435396194458,0.010978217236697674,0.20278067886829376,0.008871939033269882,0.18782274425029755,0.009937341324985027
491,0.008379349485039711,0.013876543194055558,deterministic_post_update_meta_query_loss,0.19306881725788116,0.03585392921361337,1409.0386851779185,0.0001,0.18926262855529785,0.00504293292760849,0.19463738799095154,0.008953623473644257,0.19391822814941406,0.010374209843575954,0.20815490186214447,0.00836772657930851,0.1793709397315979,0.00915825366973877
492,0.008722024969756603,0.013864112831652165,deterministic_post_update_meta_query_loss,0.19531641900539398,0.04282934885460743,1411.8853279429022,0.0001,0.18758711218833923,0.005472149234265089,0.19850470125675201,0.009360525757074356,0.19195738434791565,0.01021644938737154,0.21456791460514069,0.00894570630043745,0.18396496772766113,0.009615292772650719
493,0.008882562629878521,0.013855301588773728,deterministic_post_update_meta_query_loss,0.19335418939590454,0.028439918276216287,1414.741696076002,0.0001,0.18241095542907715,0.006507068406790495,0.1954423487186432,0.008831551298499107,0.18528468906879425,0.010202431119978428,0.21626053750514984,0.008961543440818787,0.18737241625785828,0.009910223074257374
494,0.008787536062300205,0.0138524504378438,deterministic_post_update_meta_query_loss,0.19427695870399475,0.03090401306632184,1417.58663247386,0.0001,0.18745094537734985,0.005695327650755644,0.19742199778556824,0.009100914932787418,0.19351251423358917,0.010381191037595272,0.20858517289161682,0.00907757319509983,0.18441416323184967,0.009682671166956425
495,0.008794541470706463,0.013854603469371795,deterministic_post_update_meta_query_loss,0.1885712891817093,0.026126977711478278,1420.5237799859606,0.0001,0.17965321242809296,0.0066905552521348,0.19050246477127075,0.009068794548511505,0.1819838285446167,0.00959102064371109,0.2031485140323639,0.008884099312126637,0.18756845593452454,0.009738235734403133
496,0.008593927137553692,0.013857100158929825,deterministic_post_update_meta_query_loss,0.18929234147071838,0.03201449959767444,1423.3678533378989,0.0001,0.18407538533210754,0.006403973326086998,0.18556450307369232,0.008375754579901695,0.18494397401809692,0.009906909428536892,0.20519329607486725,0.008505881763994694,0.18668454885482788,0.009777114726603031
497,0.009148990735411644,0.013855129294097424,deterministic_post_update_meta_query_loss,0.18613861501216888,0.043896549130691555,1426.2162793960888,0.0001,0.1728471964597702,0.008426337502896786,0.179151713848114,0.00893793161958456,0.18300968408584595,0.009800470434129238,0.2094329297542572,0.00905048567801714,0.1862514615058899,0.009529727511107922
498,0.008470913395285606,0.01385217234492302,deterministic_post_update_meta_query_loss,0.18988041579723358,0.026690436526846335,1429.1594681600109,0.0001,0.18670809268951416,0.005843690130859613,0.18943920731544495,0.0085479486733675,0.18320778012275696,0.009882797487080097,0.20583884418010712,0.00863166805356741,0.18420815467834473,0.009448460303246975
499,0.009068506769835949,0.01384984515607357,deterministic_post_update_meta_query_loss,0.19134660065174103,0.021359092289020647,1432.0011336859316,0.0001,0.17828208208084106,0.00703240092843771,0.18407490849494934,0.00860099121928215,0.19404089450836182,0.010875968262553215,0.21157574653625488,0.00877330545336008,0.18875938653945923,0.010059870779514313
500,0.008429835550487041,0.013847612217068673,deterministic_post_update_meta_query_loss,0.18924638628959656,0.030328499603265353,1434.8613058000337,0.0001,0.1883470118045807,0.005543421022593975,0.19142666459083557,0.008437066338956356,0.1915186494588852,0.010106687434017658,0.19161751866340637,0.008876189589500427,0.18332207202911377,0.009185810573399067
