2026-08-30 15:54:48,935 | INFO | start fold=3 device=cuda parameters=886228 train=108 validation=27 horizons=[100, 120, 140, 160, 180, 200, 220, 240, 260, 280, 300] q_points=256 context=[8,16] query=8 target=lifetime delta_soh=false paired_horizons=False consistency_weight=0 consistency_gap=20
2026-08-30 15:54:48,935 | INFO | train_scalers cycle=300 soh=0.96522+-0.016708 voltage=2.7675+-0.46865 current=3.2315+-1.4987 lifetime=795.06+-289.69
2026-08-30 15:54:49,082 | INFO | step=1/20000 loss=0.8622249 nll=0.8622214 kl=0.01738948 consistency=0 lambda=0 beta=0.0002 grad=1.663066 horizon=160 lifetime=[607,1061] skipped=False
2026-08-30 15:54:49,818 | INFO | step=10/20000 loss=1.009518 nll=1.009506 kl=0.006179454 consistency=0 lambda=0 beta=0.002 grad=2.837492 horizon=120 lifetime=[456,814] skipped=False
2026-08-30 15:54:50,268 | INFO | step=20/20000 loss=1.115729 nll=1.115621 kl=0.02691174 consistency=0 lambda=0 beta=0.004 grad=0.978946 horizon=220 lifetime=[491,1154] skipped=False
2026-08-30 15:54:50,710 | INFO | step=30/20000 loss=2.79132 nll=2.790884 kl=0.07273179 consistency=0 lambda=0 beta=0.006 grad=7.380834 horizon=220 lifetime=[464,1932] skipped=False
2026-08-30 15:54:51,122 | INFO | step=40/20000 loss=1.027387 nll=1.027214 kl=0.02155397 consistency=0 lambda=0 beta=0.008 grad=1.512455 horizon=180 lifetime=[458,991] skipped=False
2026-08-30 15:54:51,539 | INFO | step=50/20000 loss=1.005001 nll=1.004867 kl=0.01341581 consistency=0 lambda=0 beta=0.01 grad=0.761185 horizon=140 lifetime=[461,1071] skipped=False
2026-08-30 15:54:51,912 | INFO | step=60/20000 loss=1.917089 nll=1.916848 kl=0.02003607 consistency=0 lambda=0 beta=0.012 grad=4.971256 horizon=100 lifetime=[649,1635] skipped=False
2026-08-30 15:54:52,261 | INFO | step=70/20000 loss=2.187549 nll=2.187376 kl=0.01233932 consistency=0 lambda=0 beta=0.014 grad=5.807142 horizon=240 lifetime=[614,1705] skipped=False
2026-08-30 15:54:52,679 | INFO | step=80/20000 loss=1.075791 nll=1.075566 kl=0.01407028 consistency=0 lambda=0 beta=0.016 grad=0.891666 horizon=280 lifetime=[460,1015] skipped=False
2026-08-30 15:54:53,077 | INFO | step=90/20000 loss=1.037207 nll=1.036723 kl=0.02687934 consistency=0 lambda=0 beta=0.018 grad=0.9999282 horizon=200 lifetime=[486,1025] skipped=False
2026-08-30 15:54:53,487 | INFO | step=100/20000 loss=1.073263 nll=1.073013 kl=0.01247779 consistency=0 lambda=0 beta=0.02 grad=0.6778749 horizon=300 lifetime=[476,1091] skipped=False
2026-08-30 15:54:53,847 | INFO | step=110/20000 loss=2.414357 nll=2.414024 kl=0.0151565 consistency=0 lambda=0 beta=0.022 grad=4.924328 horizon=100 lifetime=[476,1858] skipped=False
2026-08-30 15:54:54,254 | INFO | step=120/20000 loss=1.372688 nll=1.371827 kl=0.03585519 consistency=0 lambda=0 beta=0.024 grad=0.9121175 horizon=100 lifetime=[477,1282] skipped=False
2026-08-30 15:54:54,698 | INFO | step=130/20000 loss=1.108958 nll=1.108675 kl=0.01087676 consistency=0 lambda=0 beta=0.026 grad=2.477636 horizon=200 lifetime=[455,988] skipped=False
2026-08-30 15:54:55,119 | INFO | step=140/20000 loss=0.9569399 nll=0.9562716 kl=0.02386898 consistency=0 lambda=0 beta=0.028 grad=1.838426 horizon=280 lifetime=[461,860] skipped=False
2026-08-30 15:54:55,517 | INFO | step=150/20000 loss=0.9044974 nll=0.9043739 kl=0.004117179 consistency=0 lambda=0 beta=0.03 grad=1.61325 horizon=220 lifetime=[456,964] skipped=False
2026-08-30 15:54:55,895 | INFO | step=160/20000 loss=1.024918 nll=1.023856 kl=0.03317122 consistency=0 lambda=0 beta=0.032 grad=1.335046 horizon=160 lifetime=[518,1156] skipped=False
2026-08-30 15:54:56,288 | INFO | step=170/20000 loss=0.87437 nll=0.8739085 kl=0.0135729 consistency=0 lambda=0 beta=0.034 grad=1.782029 horizon=140 lifetime=[677,1049] skipped=False
2026-08-30 15:54:56,723 | INFO | step=180/20000 loss=2.012283 nll=2.012025 kl=0.007170413 consistency=0 lambda=0 beta=0.036 grad=3.961193 horizon=180 lifetime=[648,1858] skipped=False
2026-08-30 15:54:57,143 | INFO | step=190/20000 loss=1.741667 nll=1.741224 kl=0.01165415 consistency=0 lambda=0 beta=0.038 grad=2.285008 horizon=160 lifetime=[460,1635] skipped=False
2026-08-30 15:54:57,598 | INFO | step=200/20000 loss=0.9661546 nll=0.9648985 kl=0.0314023 consistency=0 lambda=0 beta=0.04 grad=2.693741 horizon=280 lifetime=[706,1036] skipped=False
2026-08-30 15:54:57,973 | INFO | step=210/20000 loss=1.157779 nll=1.155839 kl=0.04619399 consistency=0 lambda=0 beta=0.042 grad=1.512628 horizon=180 lifetime=[299,1071] skipped=False
2026-08-30 15:54:58,352 | INFO | step=220/20000 loss=0.9758157 nll=0.9745241 kl=0.02935223 consistency=0 lambda=0 beta=0.044 grad=1.494769 horizon=260 lifetime=[456,1015] skipped=False
2026-08-30 15:54:58,719 | INFO | step=230/20000 loss=2.583158 nll=2.581244 kl=0.04159143 consistency=0 lambda=0 beta=0.046 grad=6.961746 horizon=180 lifetime=[458,1932] skipped=False
2026-08-30 15:54:59,117 | INFO | step=240/20000 loss=1.0231 nll=1.022895 kl=0.004274906 consistency=0 lambda=0 beta=0.048 grad=2.782446 horizon=200 lifetime=[476,1049] skipped=False
2026-08-30 15:54:59,493 | INFO | step=250/20000 loss=1.773092 nll=1.772648 kl=0.008879635 consistency=0 lambda=0 beta=0.05 grad=3.72043 horizon=140 lifetime=[455,1635] skipped=False
2026-08-30 15:54:59,886 | INFO | step=260/20000 loss=2.342719 nll=2.342259 kl=0.008854942 consistency=0 lambda=0 beta=0.052 grad=18.7681 horizon=180 lifetime=[437,1932] skipped=False
2026-08-30 15:55:00,306 | INFO | step=270/20000 loss=2.033691 nll=2.030171 kl=0.06517583 consistency=0 lambda=0 beta=0.054 grad=5.587491 horizon=200 lifetime=[455,1858] skipped=False
2026-08-30 15:55:00,734 | INFO | step=280/20000 loss=1.757098 nll=1.754037 kl=0.05465746 consistency=0 lambda=0 beta=0.056 grad=4.862248 horizon=280 lifetime=[299,1705] skipped=False
2026-08-30 15:55:01,122 | INFO | step=290/20000 loss=1.948596 nll=1.93796 kl=0.183375 consistency=0 lambda=0 beta=0.058 grad=13.08538 horizon=180 lifetime=[299,1858] skipped=False
2026-08-30 15:55:01,492 | INFO | step=300/20000 loss=0.9618731 nll=0.9608684 kl=0.01674522 consistency=0 lambda=0 beta=0.06 grad=9.864449 horizon=240 lifetime=[456,1282] skipped=False
2026-08-30 15:55:01,855 | INFO | step=310/20000 loss=0.9616452 nll=0.9601075 kl=0.02480188 consistency=0 lambda=0 beta=0.062 grad=4.08313 horizon=220 lifetime=[484,1071] skipped=False
2026-08-30 15:55:02,246 | INFO | step=320/20000 loss=0.9267468 nll=0.9234728 kl=0.05115633 consistency=0 lambda=0 beta=0.064 grad=4.875442 horizon=260 lifetime=[299,1156] skipped=False
2026-08-30 15:55:02,627 | INFO | step=330/20000 loss=1.133101 nll=1.130546 kl=0.03871071 consistency=0 lambda=0 beta=0.066 grad=14.32777 horizon=120 lifetime=[299,1154] skipped=False
2026-08-30 15:55:03,052 | INFO | step=340/20000 loss=0.7782455 nll=0.7765179 kl=0.02540565 consistency=0 lambda=0 beta=0.068 grad=17.00016 horizon=200 lifetime=[455,1154] skipped=False
2026-08-30 15:55:03,429 | INFO | step=350/20000 loss=1.019751 nll=1.017437 kl=0.0330491 consistency=0 lambda=0 beta=0.07 grad=38.72934 horizon=180 lifetime=[477,1282] skipped=False
2026-08-30 15:55:03,827 | INFO | step=360/20000 loss=1.714599 nll=1.710503 kl=0.05689672 consistency=0 lambda=0 beta=0.072 grad=27.01393 horizon=280 lifetime=[437,1932] skipped=False
2026-08-30 15:55:04,212 | INFO | step=370/20000 loss=1.270299 nll=1.267371 kl=0.03957139 consistency=0 lambda=0 beta=0.074 grad=24.29734 horizon=140 lifetime=[464,1156] skipped=False
2026-08-30 15:55:04,623 | INFO | step=380/20000 loss=0.9150786 nll=0.9138907 kl=0.01563056 consistency=0 lambda=0 beta=0.076 grad=37.95608 horizon=260 lifetime=[486,942] skipped=False
2026-08-30 15:55:05,017 | INFO | step=390/20000 loss=0.5537286 nll=0.5482019 kl=0.07085627 consistency=0 lambda=0 beta=0.078 grad=4.716659 horizon=180 lifetime=[476,921] skipped=False
2026-08-30 15:55:05,361 | INFO | step=400/20000 loss=0.8280529 nll=0.8275162 kl=0.006709444 consistency=0 lambda=0 beta=0.08 grad=30.19766 horizon=120 lifetime=[508,991] skipped=False
2026-08-30 15:55:05,778 | INFO | step=410/20000 loss=0.6238691 nll=0.6228458 kl=0.01248018 consistency=0 lambda=0 beta=0.082 grad=39.60519 horizon=260 lifetime=[510,1038] skipped=False
2026-08-30 15:55:06,220 | INFO | step=420/20000 loss=0.5351635 nll=0.5313422 kl=0.04549206 consistency=0 lambda=0 beta=0.084 grad=12.1432 horizon=220 lifetime=[477,1071] skipped=False
2026-08-30 15:55:06,644 | INFO | step=430/20000 loss=0.5466499 nll=0.5444062 kl=0.02608965 consistency=0 lambda=0 beta=0.086 grad=22.68258 horizon=180 lifetime=[470,1007] skipped=False
2026-08-30 15:55:07,018 | INFO | step=440/20000 loss=1.918712 nll=1.912983 kl=0.06510484 consistency=0 lambda=0 beta=0.088 grad=51.5109 horizon=140 lifetime=[482,1858] skipped=False
2026-08-30 15:55:07,457 | INFO | step=450/20000 loss=0.2382283 nll=0.2364606 kl=0.01964107 consistency=0 lambda=0 beta=0.09 grad=24.75161 horizon=220 lifetime=[456,875] skipped=False
2026-08-30 15:55:07,833 | INFO | step=460/20000 loss=2.194602 nll=2.189757 kl=0.05265683 consistency=0 lambda=0 beta=0.092 grad=33.94986 horizon=100 lifetime=[299,1858] skipped=False
2026-08-30 15:55:08,185 | INFO | step=470/20000 loss=0.3794052 nll=0.3755518 kl=0.04099274 consistency=0 lambda=0 beta=0.094 grad=23.39758 horizon=180 lifetime=[539,1025] skipped=False
2026-08-30 15:55:08,585 | INFO | step=480/20000 loss=1.74623 nll=1.743697 kl=0.02638482 consistency=0 lambda=0 beta=0.096 grad=36.65327 horizon=220 lifetime=[529,1932] skipped=False
2026-08-30 15:55:08,961 | INFO | step=490/20000 loss=0.4514294 nll=0.4504334 kl=0.01016315 consistency=0 lambda=0 beta=0.098 grad=51.15266 horizon=220 lifetime=[464,1007] skipped=False
2026-08-30 15:55:09,785 | INFO | validation step=500 rmse=303.6726 best=303.6726@500 stale=0/10
2026-08-30 15:55:09,785 | INFO | step=500/20000 loss=0.2552879 nll=0.2522084 kl=0.03079401 consistency=0 lambda=0 beta=0.1 grad=5.399318 horizon=240 lifetime=[299,1007] skipped=False
2026-08-30 15:55:10,214 | INFO | step=510/20000 loss=1.771742 nll=1.770113 kl=0.0159676 consistency=0 lambda=0 beta=0.102 grad=77.78036 horizon=180 lifetime=[464,1932] skipped=False
2026-08-30 15:55:10,625 | INFO | step=520/20000 loss=0.5667198 nll=0.5562737 kl=0.1004429 consistency=0 lambda=0 beta=0.104 grad=17.95722 horizon=280 lifetime=[615,988] skipped=False
2026-08-30 15:55:10,995 | INFO | step=530/20000 loss=1.875534 nll=1.872226 kl=0.03121615 consistency=0 lambda=0 beta=0.106 grad=45.04729 horizon=120 lifetime=[491,1858] skipped=False
2026-08-30 15:55:11,396 | INFO | step=540/20000 loss=0.9509352 nll=0.9469548 kl=0.03685559 consistency=0 lambda=0 beta=0.108 grad=9.78708 horizon=280 lifetime=[484,1705] skipped=False
2026-08-30 15:55:11,762 | INFO | step=550/20000 loss=0.6706727 nll=0.6688273 kl=0.0167761 consistency=0 lambda=0 beta=0.11 grad=16.50455 horizon=180 lifetime=[299,1045] skipped=False
2026-08-30 15:55:12,165 | INFO | step=560/20000 loss=0.2491124 nll=0.24738 kl=0.01546763 consistency=0 lambda=0 beta=0.112 grad=23.12285 horizon=160 lifetime=[455,875] skipped=False
2026-08-30 15:55:12,546 | INFO | step=570/20000 loss=1.054316 nll=1.052024 kl=0.02010434 consistency=0 lambda=0 beta=0.114 grad=68.42213 horizon=100 lifetime=[493,915] skipped=False
2026-08-30 15:55:12,958 | INFO | step=580/20000 loss=1.46704 nll=1.464639 kl=0.02069302 consistency=0 lambda=0 beta=0.116 grad=128.1913 horizon=160 lifetime=[437,1705] skipped=False
2026-08-30 15:55:13,390 | INFO | step=590/20000 loss=1.277085 nll=1.275963 kl=0.009510804 consistency=0 lambda=0 beta=0.118 grad=13.20336 horizon=160 lifetime=[467,1932] skipped=False
2026-08-30 15:55:13,792 | INFO | step=600/20000 loss=0.4251535 nll=0.418465 kl=0.0557379 consistency=0 lambda=0 beta=0.12 grad=6.666587 horizon=160 lifetime=[461,942] skipped=False
2026-08-30 15:55:14,184 | INFO | step=610/20000 loss=0.46426 nll=0.4633224 kl=0.007684985 consistency=0 lambda=0 beta=0.122 grad=15.97239 horizon=120 lifetime=[437,991] skipped=False
2026-08-30 15:55:14,623 | INFO | step=620/20000 loss=0.3414905 nll=0.340389 kl=0.008883093 consistency=0 lambda=0 beta=0.124 grad=10.59846 horizon=260 lifetime=[458,1282] skipped=False
2026-08-30 15:55:15,034 | INFO | step=630/20000 loss=1.117167 nll=1.11066 kl=0.05164245 consistency=0 lambda=0 beta=0.126 grad=19.19106 horizon=280 lifetime=[460,1932] skipped=False
2026-08-30 15:55:15,435 | INFO | step=640/20000 loss=0.7919309 nll=0.7904304 kl=0.01172234 consistency=0 lambda=0 beta=0.128 grad=45.14025 horizon=120 lifetime=[455,1431] skipped=False
2026-08-30 15:55:15,825 | INFO | step=650/20000 loss=2.315107 nll=2.309858 kl=0.04037211 consistency=0 lambda=0 beta=0.13 grad=169.4316 horizon=180 lifetime=[467,1932] skipped=False
2026-08-30 15:55:16,201 | INFO | step=660/20000 loss=0.5230389 nll=0.5199509 kl=0.02339414 consistency=0 lambda=0 beta=0.132 grad=4.464045 horizon=180 lifetime=[559,1156] skipped=False
2026-08-30 15:55:16,594 | INFO | step=670/20000 loss=0.6963167 nll=0.6891193 kl=0.05371124 consistency=0 lambda=0 beta=0.134 grad=6.422088 horizon=140 lifetime=[458,1049] skipped=False
2026-08-30 15:55:17,004 | INFO | step=680/20000 loss=0.9294304 nll=0.926911 kl=0.01852516 consistency=0 lambda=0 beta=0.136 grad=31.31363 horizon=100 lifetime=[648,1061] skipped=False
2026-08-30 15:55:17,391 | INFO | step=690/20000 loss=1.102365 nll=1.10117 kl=0.008662807 consistency=0 lambda=0 beta=0.138 grad=21.62303 horizon=240 lifetime=[477,1858] skipped=False
2026-08-30 15:55:17,798 | INFO | step=700/20000 loss=0.1498619 nll=0.1458267 kl=0.02882255 consistency=0 lambda=0 beta=0.14 grad=49.56078 horizon=280 lifetime=[437,1007] skipped=False
2026-08-30 15:55:18,202 | INFO | step=710/20000 loss=0.4188232 nll=0.4179429 kl=0.006198995 consistency=0 lambda=0 beta=0.142 grad=27.62013 horizon=260 lifetime=[493,1282] skipped=False
2026-08-30 15:55:18,598 | INFO | step=720/20000 loss=1.014228 nll=1.010733 kl=0.02427051 consistency=0 lambda=0 beta=0.144 grad=46.7684 horizon=140 lifetime=[677,988] skipped=False
2026-08-30 15:55:19,035 | INFO | step=730/20000 loss=0.6211769 nll=0.6156768 kl=0.03767205 consistency=0 lambda=0 beta=0.146 grad=47.09996 horizon=260 lifetime=[607,1431] skipped=False
2026-08-30 15:55:19,420 | INFO | step=740/20000 loss=0.3611299 nll=0.3587058 kl=0.01637847 consistency=0 lambda=0 beta=0.148 grad=30.61922 horizon=260 lifetime=[508,1156] skipped=False
2026-08-30 15:55:19,827 | INFO | step=750/20000 loss=1.204779 nll=1.203572 kl=0.008043566 consistency=0 lambda=0 beta=0.15 grad=33.21196 horizon=100 lifetime=[464,1858] skipped=False
2026-08-30 15:55:20,249 | INFO | step=760/20000 loss=0.3631166 nll=0.362257 kl=0.005655308 consistency=0 lambda=0 beta=0.152 grad=19.04549 horizon=200 lifetime=[510,1061] skipped=False
2026-08-30 15:55:20,658 | INFO | step=770/20000 loss=0.3429441 nll=0.3369737 kl=0.03876837 consistency=0 lambda=0 beta=0.154 grad=11.66361 horizon=260 lifetime=[754,1091] skipped=False
2026-08-30 15:55:21,071 | INFO | step=780/20000 loss=0.5934138 nll=0.589662 kl=0.02405024 consistency=0 lambda=0 beta=0.156 grad=73.18821 horizon=280 lifetime=[512,1431] skipped=False
2026-08-30 15:55:21,442 | INFO | step=790/20000 loss=0.4416002 nll=0.4379552 kl=0.02306948 consistency=0 lambda=0 beta=0.158 grad=95.20912 horizon=180 lifetime=[460,1156] skipped=False
2026-08-30 15:55:21,847 | INFO | step=800/20000 loss=0.04710938 nll=0.04195538 kl=0.03221251 consistency=0 lambda=0 beta=0.16 grad=76.45261 horizon=160 lifetime=[467,1015] skipped=False
2026-08-30 15:55:22,243 | INFO | step=810/20000 loss=0.7788746 nll=0.7776294 kl=0.007686112 consistency=0 lambda=0 beta=0.162 grad=179.6068 horizon=120 lifetime=[493,1156] skipped=False
2026-08-30 15:55:22,648 | INFO | step=820/20000 loss=-0.02467871 nll=-0.02585193 kl=0.007153794 consistency=0 lambda=0 beta=0.164 grad=30.21174 horizon=280 lifetime=[456,991] skipped=False
2026-08-30 15:55:23,064 | INFO | step=830/20000 loss=-0.04250109 nll=-0.04494469 kl=0.01472049 consistency=0 lambda=0 beta=0.166 grad=62.29925 horizon=160 lifetime=[633,836] skipped=False
2026-08-30 15:55:23,476 | INFO | step=840/20000 loss=0.2118931 nll=0.2095657 kl=0.01385354 consistency=0 lambda=0 beta=0.168 grad=68.23679 horizon=220 lifetime=[458,964] skipped=False
2026-08-30 15:55:23,850 | INFO | step=850/20000 loss=0.7981751 nll=0.79255 kl=0.03308905 consistency=0 lambda=0 beta=0.17 grad=71.0559 horizon=240 lifetime=[461,1025] skipped=False
2026-08-30 15:55:24,250 | INFO | step=860/20000 loss=1.423861 nll=1.412947 kl=0.06345165 consistency=0 lambda=0 beta=0.172 grad=46.65725 horizon=260 lifetime=[456,1858] skipped=False
2026-08-30 15:55:24,633 | INFO | step=870/20000 loss=0.5739422 nll=0.5726485 kl=0.007435234 consistency=0 lambda=0 beta=0.174 grad=51.35133 horizon=300 lifetime=[486,1156] skipped=False
2026-08-30 15:55:25,038 | INFO | step=880/20000 loss=0.6126024 nll=0.609356 kl=0.0184456 consistency=0 lambda=0 beta=0.176 grad=55.66462 horizon=180 lifetime=[482,1282] skipped=False
2026-08-30 15:55:25,414 | INFO | step=890/20000 loss=0.4253485 nll=0.4195665 kl=0.03248341 consistency=0 lambda=0 beta=0.178 grad=8.884212 horizon=300 lifetime=[437,1038] skipped=False
2026-08-30 15:55:25,801 | INFO | step=900/20000 loss=0.0510986 nll=0.04465173 kl=0.03581592 consistency=0 lambda=0 beta=0.18 grad=47.43504 horizon=220 lifetime=[464,1045] skipped=False
2026-08-30 15:55:26,164 | INFO | step=910/20000 loss=0.75561 nll=0.753386 kl=0.01222014 consistency=0 lambda=0 beta=0.182 grad=48.64892 horizon=140 lifetime=[614,915] skipped=False
2026-08-30 15:55:26,556 | INFO | step=920/20000 loss=0.2649246 nll=0.2624489 kl=0.01345507 consistency=0 lambda=0 beta=0.184 grad=51.38923 horizon=220 lifetime=[299,1025] skipped=False
2026-08-30 15:55:26,947 | INFO | step=930/20000 loss=0.4604951 nll=0.4571742 kl=0.01785407 consistency=0 lambda=0 beta=0.186 grad=81.55257 horizon=120 lifetime=[455,1282] skipped=False
2026-08-30 15:55:27,337 | INFO | step=940/20000 loss=0.4155776 nll=0.410073 kl=0.0292797 consistency=0 lambda=0 beta=0.188 grad=11.32986 horizon=180 lifetime=[477,1038] skipped=False
2026-08-30 15:55:27,746 | INFO | step=950/20000 loss=0.7369986 nll=0.7323371 kl=0.0245345 consistency=0 lambda=0 beta=0.19 grad=70.10535 horizon=100 lifetime=[486,875] skipped=False
2026-08-30 15:55:28,118 | INFO | step=960/20000 loss=0.6834636 nll=0.6797229 kl=0.019483 consistency=0 lambda=0 beta=0.192 grad=89.03831 horizon=200 lifetime=[455,1705] skipped=False
2026-08-30 15:55:28,522 | INFO | step=970/20000 loss=0.1027591 nll=0.09686142 kl=0.03040044 consistency=0 lambda=0 beta=0.194 grad=22.02859 horizon=180 lifetime=[482,1282] skipped=False
2026-08-30 15:55:28,964 | INFO | step=980/20000 loss=0.4454995 nll=0.4446205 kl=0.004484755 consistency=0 lambda=0 beta=0.196 grad=65.84312 horizon=100 lifetime=[455,915] skipped=False
2026-08-30 15:55:29,411 | INFO | step=990/20000 loss=0.344378 nll=0.3425322 kl=0.009321941 consistency=0 lambda=0 beta=0.198 grad=43.71503 horizon=240 lifetime=[486,1071] skipped=False
2026-08-30 15:55:30,106 | INFO | validation step=1000 rmse=265.5755 best=265.5755@1000 stale=0/10
2026-08-30 15:55:30,106 | INFO | step=1000/20000 loss=0.5746542 nll=0.5709653 kl=0.01844477 consistency=0 lambda=0 beta=0.2 grad=30.27854 horizon=260 lifetime=[482,1858] skipped=False
2026-08-30 15:55:30,490 | INFO | step=1010/20000 loss=0.5679919 nll=0.5654669 kl=0.01249951 consistency=0 lambda=0 beta=0.202 grad=24.42826 horizon=200 lifetime=[477,1858] skipped=False
2026-08-30 15:55:30,891 | INFO | step=1020/20000 loss=0.1889562 nll=0.1851216 kl=0.01879726 consistency=0 lambda=0 beta=0.204 grad=8.674041 horizon=260 lifetime=[458,874] skipped=False
2026-08-30 15:55:31,247 | INFO | step=1030/20000 loss=2.539046 nll=2.53692 kl=0.0103193 consistency=0 lambda=0 beta=0.206 grad=252.2276 horizon=220 lifetime=[486,1932] skipped=False
2026-08-30 15:55:31,644 | INFO | step=1040/20000 loss=1.243182 nll=1.236722 kl=0.03105803 consistency=0 lambda=0 beta=0.208 grad=48.01139 horizon=140 lifetime=[461,1858] skipped=False
2026-08-30 15:55:32,039 | INFO | step=1050/20000 loss=0.9542531 nll=0.9503474 kl=0.01859885 consistency=0 lambda=0 beta=0.21 grad=61.95197 horizon=140 lifetime=[491,1858] skipped=False
2026-08-30 15:55:32,409 | INFO | step=1060/20000 loss=-0.1908672 nll=-0.2005363 kl=0.04560856 consistency=0 lambda=0 beta=0.212 grad=23.56119 horizon=180 lifetime=[484,1007] skipped=False
2026-08-30 15:55:32,793 | INFO | step=1070/20000 loss=-0.1582729 nll=-0.1652252 kl=0.03248745 consistency=0 lambda=0 beta=0.214 grad=37.56409 horizon=160 lifetime=[460,891] skipped=False
2026-08-30 15:55:33,175 | INFO | step=1080/20000 loss=1.8778 nll=1.87563 kl=0.01004475 consistency=0 lambda=0 beta=0.216 grad=181.4097 horizon=200 lifetime=[760,1282] skipped=False
2026-08-30 15:55:33,589 | INFO | step=1090/20000 loss=0.2085673 nll=0.2049666 kl=0.01651687 consistency=0 lambda=0 beta=0.218 grad=18.80663 horizon=240 lifetime=[512,1282] skipped=False
2026-08-30 15:55:34,010 | INFO | step=1100/20000 loss=0.9133295 nll=0.9115702 kl=0.007996652 consistency=0 lambda=0 beta=0.22 grad=78.98231 horizon=200 lifetime=[476,1635] skipped=False
2026-08-30 15:55:34,378 | INFO | step=1110/20000 loss=1.044242 nll=1.040775 kl=0.0156204 consistency=0 lambda=0 beta=0.222 grad=199.9189 horizon=240 lifetime=[460,1038] skipped=False
2026-08-30 15:55:34,760 | INFO | step=1120/20000 loss=0.7629938 nll=0.7440839 kl=0.08441904 consistency=0 lambda=0 beta=0.224 grad=23.95673 horizon=120 lifetime=[299,1431] skipped=False
2026-08-30 15:55:35,159 | INFO | step=1130/20000 loss=0.4751621 nll=0.4727468 kl=0.01068722 consistency=0 lambda=0 beta=0.226 grad=57.65169 horizon=160 lifetime=[482,1071] skipped=False
2026-08-30 15:55:35,556 | INFO | step=1140/20000 loss=0.6973559 nll=0.6962243 kl=0.004962775 consistency=0 lambda=0 beta=0.228 grad=11.24145 horizon=120 lifetime=[456,1282] skipped=False
2026-08-30 15:55:35,986 | INFO | step=1150/20000 loss=0.3516011 nll=0.3476544 kl=0.01715952 consistency=0 lambda=0 beta=0.23 grad=19.143 horizon=280 lifetime=[464,1282] skipped=False
2026-08-30 15:55:36,416 | INFO | step=1160/20000 loss=0.5410614 nll=0.5348305 kl=0.02685763 consistency=0 lambda=0 beta=0.232 grad=71.73352 horizon=220 lifetime=[467,942] skipped=False
2026-08-30 15:55:36,832 | INFO | step=1170/20000 loss=0.4449992 nll=0.4434251 kl=0.006726892 consistency=0 lambda=0 beta=0.234 grad=28.29693 horizon=220 lifetime=[467,1038] skipped=False
2026-08-30 15:55:37,215 | INFO | step=1180/20000 loss=0.7268899 nll=0.7254857 kl=0.00595008 consistency=0 lambda=0 beta=0.236 grad=72.4649 horizon=120 lifetime=[486,1076] skipped=False
2026-08-30 15:55:37,591 | INFO | step=1190/20000 loss=1.050883 nll=1.038005 kl=0.05411047 consistency=0 lambda=0 beta=0.238 grad=106.9405 horizon=160 lifetime=[484,1932] skipped=False
2026-08-30 15:55:38,006 | INFO | step=1200/20000 loss=0.3978534 nll=0.3955093 kl=0.009766784 consistency=0 lambda=0 beta=0.24 grad=31.71677 horizon=220 lifetime=[464,1282] skipped=False
2026-08-30 15:55:38,458 | INFO | step=1210/20000 loss=0.00925554 nll=0.004508659 kl=0.01961521 consistency=0 lambda=0 beta=0.242 grad=22.62208 horizon=180 lifetime=[482,964] skipped=False
2026-08-30 15:55:38,816 | INFO | step=1220/20000 loss=0.7535506 nll=0.7516791 kl=0.007670106 consistency=0 lambda=0 beta=0.244 grad=124.6507 horizon=200 lifetime=[607,1431] skipped=False
2026-08-30 15:55:39,176 | INFO | step=1230/20000 loss=0.5290904 nll=0.5254439 kl=0.01482309 consistency=0 lambda=0 beta=0.246 grad=59.34138 horizon=240 lifetime=[510,988] skipped=False
2026-08-30 15:55:39,537 | INFO | step=1240/20000 loss=0.3560323 nll=0.3526317 kl=0.01371191 consistency=0 lambda=0 beta=0.248 grad=17.7607 horizon=220 lifetime=[299,1036] skipped=False
2026-08-30 15:55:39,930 | INFO | step=1250/20000 loss=0.4828208 nll=0.4808313 kl=0.007958069 consistency=0 lambda=0 beta=0.25 grad=20.66664 horizon=240 lifetime=[476,1858] skipped=False
2026-08-30 15:55:40,309 | INFO | step=1260/20000 loss=0.267635 nll=0.2616854 kl=0.02360988 consistency=0 lambda=0 beta=0.252 grad=36.94508 horizon=160 lifetime=[493,794] skipped=False
2026-08-30 15:55:40,682 | INFO | step=1270/20000 loss=0.7615296 nll=0.7591785 kl=0.009256577 consistency=0 lambda=0 beta=0.254 grad=77.25371 horizon=120 lifetime=[455,1635] skipped=False
2026-08-30 15:55:41,081 | INFO | step=1280/20000 loss=0.9400593 nll=0.9381431 kl=0.007485298 consistency=0 lambda=0 beta=0.256 grad=21.8776 horizon=100 lifetime=[299,1705] skipped=False
2026-08-30 15:55:41,529 | INFO | step=1290/20000 loss=-0.05392902 nll=-0.05584224 kl=0.007415615 consistency=0 lambda=0 beta=0.258 grad=29.92701 horizon=160 lifetime=[470,1143] skipped=False
2026-08-30 15:55:41,895 | INFO | step=1300/20000 loss=0.1056042 nll=0.1030612 kl=0.009780917 consistency=0 lambda=0 beta=0.26 grad=55.86541 horizon=240 lifetime=[464,1007] skipped=False
2026-08-30 15:55:42,318 | INFO | step=1310/20000 loss=0.004269242 nll=0.002873916 kl=0.005325672 consistency=0 lambda=0 beta=0.262 grad=26.72256 horizon=280 lifetime=[299,855] skipped=False
2026-08-30 15:55:42,732 | INFO | step=1320/20000 loss=0.3891593 nll=0.3879749 kl=0.004486121 consistency=0 lambda=0 beta=0.264 grad=22.49292 horizon=220 lifetime=[299,964] skipped=False
2026-08-30 15:55:43,090 | INFO | step=1330/20000 loss=0.9770705 nll=0.9750961 kl=0.007422431 consistency=0 lambda=0 beta=0.266 grad=168.9961 horizon=180 lifetime=[501,1932] skipped=False
2026-08-30 15:55:43,478 | INFO | step=1340/20000 loss=2.015 nll=2.013695 kl=0.004870548 consistency=0 lambda=0 beta=0.268 grad=283.7748 horizon=120 lifetime=[484,991] skipped=False
2026-08-30 15:55:43,860 | INFO | step=1350/20000 loss=0.3604756 nll=0.3589044 kl=0.005819276 consistency=0 lambda=0 beta=0.27 grad=70.09296 horizon=160 lifetime=[460,858] skipped=False
2026-08-30 15:55:44,269 | INFO | step=1360/20000 loss=0.244449 nll=0.2408787 kl=0.0131262 consistency=0 lambda=0 beta=0.272 grad=35.85268 horizon=120 lifetime=[455,1431] skipped=False
2026-08-30 15:55:44,626 | INFO | step=1370/20000 loss=0.3495267 nll=0.3474779 kl=0.007477174 consistency=0 lambda=0 beta=0.274 grad=44.70871 horizon=100 lifetime=[455,1282] skipped=False
2026-08-30 15:55:45,016 | INFO | step=1380/20000 loss=0.1313745 nll=0.1264296 kl=0.01791629 consistency=0 lambda=0 beta=0.276 grad=30.93418 horizon=180 lifetime=[458,855] skipped=False
2026-08-30 15:55:45,478 | INFO | step=1390/20000 loss=0.5343926 nll=0.5260949 kl=0.02984784 consistency=0 lambda=0 beta=0.278 grad=105.7269 horizon=280 lifetime=[437,828] skipped=False
2026-08-30 15:55:45,851 | INFO | step=1400/20000 loss=0.8620518 nll=0.8581474 kl=0.01394436 consistency=0 lambda=0 beta=0.28 grad=28.17023 horizon=140 lifetime=[437,868] skipped=False
2026-08-30 15:55:46,240 | INFO | step=1410/20000 loss=0.4126944 nll=0.4107535 kl=0.006882398 consistency=0 lambda=0 beta=0.282 grad=14.19256 horizon=180 lifetime=[437,1036] skipped=False
2026-08-30 15:55:46,624 | INFO | step=1420/20000 loss=0.3240986 nll=0.3209106 kl=0.01122515 consistency=0 lambda=0 beta=0.284 grad=12.25426 horizon=260 lifetime=[508,1282] skipped=False
2026-08-30 15:55:46,988 | INFO | step=1430/20000 loss=1.261842 nll=1.252689 kl=0.03200566 consistency=0 lambda=0 beta=0.286 grad=8.278404 horizon=100 lifetime=[747,1705] skipped=False
2026-08-30 15:55:47,368 | INFO | step=1440/20000 loss=0.4354234 nll=0.4293167 kl=0.02120385 consistency=0 lambda=0 beta=0.288 grad=71.42896 horizon=120 lifetime=[455,964] skipped=False
2026-08-30 15:55:47,741 | INFO | step=1450/20000 loss=-0.07577551 nll=-0.07947323 kl=0.01275075 consistency=0 lambda=0 beta=0.29 grad=32.81659 horizon=180 lifetime=[470,874] skipped=False
2026-08-30 15:55:48,170 | INFO | step=1460/20000 loss=0.3568314 nll=0.3514251 kl=0.01851499 consistency=0 lambda=0 beta=0.292 grad=30.55316 horizon=240 lifetime=[482,1156] skipped=False
2026-08-30 15:55:48,549 | INFO | step=1470/20000 loss=0.1409411 nll=0.1379696 kl=0.01010705 consistency=0 lambda=0 beta=0.294 grad=35.02872 horizon=180 lifetime=[299,942] skipped=False
2026-08-30 15:55:48,912 | INFO | step=1480/20000 loss=0.8479222 nll=0.8437979 kl=0.01393367 consistency=0 lambda=0 beta=0.296 grad=75.89215 horizon=180 lifetime=[486,1858] skipped=False
2026-08-30 15:55:49,289 | INFO | step=1490/20000 loss=1.347792 nll=1.341402 kl=0.02144383 consistency=0 lambda=0 beta=0.298 grad=121.4708 horizon=120 lifetime=[539,1705] skipped=False
2026-08-30 15:55:49,979 | INFO | validation step=1500 rmse=250.1091 best=250.1091@1500 stale=0/10
2026-08-30 15:55:49,979 | INFO | step=1500/20000 loss=-0.1789903 nll=-0.1842684 kl=0.01759397 consistency=0 lambda=0 beta=0.3 grad=25.62743 horizon=240 lifetime=[299,1156] skipped=False
2026-08-30 15:55:50,401 | INFO | step=1510/20000 loss=0.2386836 nll=0.2362752 kl=0.007974798 consistency=0 lambda=0 beta=0.302 grad=6.739496 horizon=120 lifetime=[477,921] skipped=False
2026-08-30 15:55:50,807 | INFO | step=1520/20000 loss=0.09029988 nll=0.08366992 kl=0.02180909 consistency=0 lambda=0 beta=0.304 grad=14.18907 horizon=300 lifetime=[476,1154] skipped=False
2026-08-30 15:55:51,231 | INFO | step=1530/20000 loss=0.5067793 nll=0.5039881 kl=0.009121241 consistency=0 lambda=0 beta=0.306 grad=75.9952 horizon=300 lifetime=[486,874] skipped=False
2026-08-30 15:55:51,662 | INFO | step=1540/20000 loss=0.5767739 nll=0.567483 kl=0.03016528 consistency=0 lambda=0 beta=0.308 grad=36.75686 horizon=140 lifetime=[470,915] skipped=False
2026-08-30 15:55:52,028 | INFO | step=1550/20000 loss=0.667777 nll=0.6660423 kl=0.005595898 consistency=0 lambda=0 beta=0.31 grad=76.3261 horizon=260 lifetime=[508,1156] skipped=False
2026-08-30 15:55:52,408 | INFO | step=1560/20000 loss=1.838346 nll=1.835445 kl=0.009298862 consistency=0 lambda=0 beta=0.312 grad=167.8754 horizon=200 lifetime=[510,1431] skipped=False
2026-08-30 15:55:52,784 | INFO | step=1570/20000 loss=0.6926062 nll=0.6902554 kl=0.007486644 consistency=0 lambda=0 beta=0.314 grad=35.82263 horizon=240 lifetime=[476,1932] skipped=False
2026-08-30 15:55:53,198 | INFO | step=1580/20000 loss=-0.06933884 nll=-0.07630223 kl=0.02203606 consistency=0 lambda=0 beta=0.316 grad=7.74717 horizon=260 lifetime=[299,1076] skipped=False
2026-08-30 15:55:53,562 | INFO | step=1590/20000 loss=0.7142053 nll=0.7050136 kl=0.02890458 consistency=0 lambda=0 beta=0.318 grad=39.01928 horizon=180 lifetime=[510,1156] skipped=False
2026-08-30 15:55:53,952 | INFO | step=1600/20000 loss=0.8749341 nll=0.8688013 kl=0.01916522 consistency=0 lambda=0 beta=0.32 grad=13.50545 horizon=160 lifetime=[437,1932] skipped=False
2026-08-30 15:55:54,385 | INFO | step=1610/20000 loss=0.3506861 nll=0.3484442 kl=0.006962391 consistency=0 lambda=0 beta=0.322 grad=13.11704 horizon=220 lifetime=[486,1049] skipped=False
2026-08-30 15:55:54,794 | INFO | step=1620/20000 loss=-0.0928911 nll=-0.09766144 kl=0.01472325 consistency=0 lambda=0 beta=0.324 grad=19.24531 horizon=260 lifetime=[460,794] skipped=False
2026-08-30 15:55:55,166 | INFO | step=1630/20000 loss=-0.1050792 nll=-0.1091872 kl=0.01260146 consistency=0 lambda=0 beta=0.326 grad=50.15231 horizon=160 lifetime=[456,921] skipped=False
2026-08-30 15:55:55,602 | INFO | step=1640/20000 loss=0.2004109 nll=0.1984143 kl=0.006087137 consistency=0 lambda=0 beta=0.328 grad=33.41404 horizon=280 lifetime=[493,1038] skipped=False
2026-08-30 15:55:55,979 | INFO | step=1650/20000 loss=-0.1015657 nll=-0.1061106 kl=0.01377266 consistency=0 lambda=0 beta=0.33 grad=24.92696 horizon=240 lifetime=[437,1025] skipped=False
2026-08-30 15:55:56,371 | INFO | step=1660/20000 loss=1.285608 nll=1.269037 kl=0.04991134 consistency=0 lambda=0 beta=0.332 grad=42.87334 horizon=200 lifetime=[633,1000] skipped=False
2026-08-30 15:55:56,740 | INFO | step=1670/20000 loss=0.3371788 nll=0.3288082 kl=0.0250616 consistency=0 lambda=0 beta=0.334 grad=30.79241 horizon=160 lifetime=[677,1038] skipped=False
2026-08-30 15:55:57,139 | INFO | step=1680/20000 loss=0.9122164 nll=0.9097347 kl=0.00738599 consistency=0 lambda=0 beta=0.336 grad=101.8114 horizon=280 lifetime=[486,1932] skipped=False
2026-08-30 15:55:57,527 | INFO | step=1690/20000 loss=0.48256 nll=0.4806006 kl=0.005797004 consistency=0 lambda=0 beta=0.338 grad=38.21803 horizon=300 lifetime=[486,1154] skipped=False
2026-08-30 15:55:57,912 | INFO | step=1700/20000 loss=0.4473127 nll=0.4434541 kl=0.01134864 consistency=0 lambda=0 beta=0.34 grad=5.860398 horizon=240 lifetime=[493,1858] skipped=False
2026-08-30 15:55:58,287 | INFO | step=1710/20000 loss=0.3036529 nll=0.3015296 kl=0.006208356 consistency=0 lambda=0 beta=0.342 grad=66.43652 horizon=300 lifetime=[464,1143] skipped=False
2026-08-30 15:55:58,692 | INFO | step=1720/20000 loss=0.2558106 nll=0.2540635 kl=0.005078807 consistency=0 lambda=0 beta=0.344 grad=5.878971 horizon=280 lifetime=[460,1858] skipped=False
2026-08-30 15:55:59,067 | INFO | step=1730/20000 loss=0.1319145 nll=0.129104 kl=0.008122941 consistency=0 lambda=0 beta=0.346 grad=27.33275 horizon=120 lifetime=[456,1282] skipped=False
2026-08-30 15:55:59,446 | INFO | step=1740/20000 loss=0.7286003 nll=0.7265871 kl=0.005785241 consistency=0 lambda=0 beta=0.348 grad=33.78596 horizon=280 lifetime=[484,1635] skipped=False
2026-08-30 15:55:59,804 | INFO | step=1750/20000 loss=1.182798 nll=1.179989 kl=0.008025296 consistency=0 lambda=0 beta=0.35 grad=151.3457 horizon=160 lifetime=[482,1705] skipped=False
2026-08-30 15:56:00,219 | INFO | step=1760/20000 loss=1.420653 nll=1.419386 kl=0.003600874 consistency=0 lambda=0 beta=0.352 grad=107.1156 horizon=180 lifetime=[614,1635] skipped=False
2026-08-30 15:56:00,598 | INFO | step=1770/20000 loss=0.09810682 nll=0.09534396 kl=0.007804696 consistency=0 lambda=0 beta=0.354 grad=46.5075 horizon=220 lifetime=[700,1071] skipped=False
2026-08-30 15:56:00,954 | INFO | step=1780/20000 loss=1.877049 nll=1.87221 kl=0.01359275 consistency=0 lambda=0 beta=0.356 grad=123.5685 horizon=260 lifetime=[750,1932] skipped=False
2026-08-30 15:56:01,339 | INFO | step=1790/20000 loss=1.237494 nll=1.233465 kl=0.01125267 consistency=0 lambda=0 beta=0.358 grad=32.83081 horizon=120 lifetime=[501,1858] skipped=False
2026-08-30 15:56:01,760 | INFO | step=1800/20000 loss=0.001687114 nll=-0.003623769 kl=0.01475245 consistency=0 lambda=0 beta=0.36 grad=38.46957 horizon=300 lifetime=[539,1282] skipped=False
2026-08-30 15:56:02,192 | INFO | step=1810/20000 loss=2.904197 nll=2.902093 kl=0.005813092 consistency=0 lambda=0 beta=0.362 grad=334.6726 horizon=300 lifetime=[633,1932] skipped=False
2026-08-30 15:56:02,595 | INFO | step=1820/20000 loss=1.039613 nll=1.035466 kl=0.01139303 consistency=0 lambda=0 beta=0.364 grad=14.18485 horizon=160 lifetime=[510,1932] skipped=False
2026-08-30 15:56:03,000 | INFO | step=1830/20000 loss=0.4786007 nll=0.4766724 kl=0.005268704 consistency=0 lambda=0 beta=0.366 grad=16.71694 horizon=100 lifetime=[455,1076] skipped=False
2026-08-30 15:56:03,393 | INFO | step=1840/20000 loss=0.6967518 nll=0.6954526 kl=0.003530546 consistency=0 lambda=0 beta=0.368 grad=76.95123 horizon=120 lifetime=[486,1431] skipped=False
2026-08-30 15:56:03,779 | INFO | step=1850/20000 loss=0.5091616 nll=0.5052781 kl=0.01049613 consistency=0 lambda=0 beta=0.37 grad=13.20465 horizon=100 lifetime=[461,1076] skipped=False
2026-08-30 15:56:04,182 | INFO | step=1860/20000 loss=0.3592014 nll=0.3550594 kl=0.01113443 consistency=0 lambda=0 beta=0.372 grad=35.28453 horizon=100 lifetime=[477,1076] skipped=False
2026-08-30 15:56:04,597 | INFO | step=1870/20000 loss=0.5772901 nll=0.575098 kl=0.005861009 consistency=0 lambda=0 beta=0.374 grad=24.54699 horizon=100 lifetime=[482,1282] skipped=False
2026-08-30 15:56:04,990 | INFO | step=1880/20000 loss=0.05792014 nll=0.05341749 kl=0.01197513 consistency=0 lambda=0 beta=0.376 grad=33.98659 horizon=260 lifetime=[437,1061] skipped=False
2026-08-30 15:56:05,382 | INFO | step=1890/20000 loss=0.6822225 nll=0.6780967 kl=0.01091492 consistency=0 lambda=0 beta=0.378 grad=58.39342 horizon=120 lifetime=[461,1635] skipped=False
2026-08-30 15:56:05,776 | INFO | step=1900/20000 loss=1.335645 nll=1.334418 kl=0.003229125 consistency=0 lambda=0 beta=0.38 grad=22.2208 horizon=260 lifetime=[510,1705] skipped=False
2026-08-30 15:56:06,182 | INFO | step=1910/20000 loss=0.4060278 nll=0.4030576 kl=0.007775516 consistency=0 lambda=0 beta=0.382 grad=24.13107 horizon=100 lifetime=[458,988] skipped=False
2026-08-30 15:56:06,566 | INFO | step=1920/20000 loss=-0.03427291 nll=-0.04019677 kl=0.01542672 consistency=0 lambda=0 beta=0.384 grad=13.88291 horizon=160 lifetime=[614,1007] skipped=False
2026-08-30 15:56:06,933 | INFO | step=1930/20000 loss=0.9644628 nll=0.9583588 kl=0.01581367 consistency=0 lambda=0 beta=0.386 grad=62.30343 horizon=300 lifetime=[614,1705] skipped=False
2026-08-30 15:56:07,300 | INFO | step=1940/20000 loss=1.060899 nll=1.0538 kl=0.01829519 consistency=0 lambda=0 beta=0.388 grad=27.41902 horizon=280 lifetime=[559,1091] skipped=False
2026-08-30 15:56:07,721 | INFO | step=1950/20000 loss=1.401137 nll=1.396939 kl=0.01076415 consistency=0 lambda=0 beta=0.39 grad=144.6018 horizon=240 lifetime=[510,1154] skipped=False
2026-08-30 15:56:08,114 | INFO | step=1960/20000 loss=0.507827 nll=0.5033391 kl=0.01144887 consistency=0 lambda=0 beta=0.392 grad=45.7494 horizon=180 lifetime=[458,1154] skipped=False
2026-08-30 15:56:08,495 | INFO | step=1970/20000 loss=0.5248729 nll=0.5216743 kl=0.008118305 consistency=0 lambda=0 beta=0.394 grad=66.68481 horizon=220 lifetime=[491,1076] skipped=False
2026-08-30 15:56:08,890 | INFO | step=1980/20000 loss=0.1294837 nll=0.1258176 kl=0.009257875 consistency=0 lambda=0 beta=0.396 grad=50.55719 horizon=220 lifetime=[460,1061] skipped=False
2026-08-30 15:56:09,297 | INFO | step=1990/20000 loss=-0.01515121 nll=-0.01678018 kl=0.004092882 consistency=0 lambda=0 beta=0.398 grad=65.75518 horizon=180 lifetime=[467,860] skipped=False
2026-08-30 15:56:09,973 | INFO | validation step=2000 rmse=221.6301 best=221.6301@2000 stale=0/10
2026-08-30 15:56:09,974 | INFO | step=2000/20000 loss=0.1630062 nll=0.1597802 kl=0.008064978 consistency=0 lambda=0 beta=0.4 grad=29.01843 horizon=240 lifetime=[437,1635] skipped=False
2026-08-30 15:56:10,368 | INFO | step=2010/20000 loss=0.02747386 nll=0.0227033 kl=0.01186705 consistency=0 lambda=0 beta=0.402 grad=34.67966 horizon=200 lifetime=[460,891] skipped=False
2026-08-30 15:56:10,738 | INFO | step=2020/20000 loss=0.6972938 nll=0.6880952 kl=0.02276869 consistency=0 lambda=0 beta=0.404 grad=10.59005 horizon=140 lifetime=[701,1858] skipped=False
2026-08-30 15:56:11,177 | INFO | step=2030/20000 loss=0.5200086 nll=0.5185233 kl=0.003658335 consistency=0 lambda=0 beta=0.406 grad=83.30961 horizon=260 lifetime=[461,988] skipped=False
2026-08-30 15:56:11,557 | INFO | step=2040/20000 loss=0.5977527 nll=0.5922258 kl=0.01354637 consistency=0 lambda=0 beta=0.408 grad=31.95485 horizon=280 lifetime=[719,1025] skipped=False
2026-08-30 15:56:11,979 | INFO | step=2050/20000 loss=0.706018 nll=0.7038686 kl=0.005242357 consistency=0 lambda=0 beta=0.41 grad=85.25997 horizon=180 lifetime=[437,1038] skipped=False
2026-08-30 15:56:12,349 | INFO | step=2060/20000 loss=-0.1102397 nll=-0.1150712 kl=0.01172695 consistency=0 lambda=0 beta=0.412 grad=24.78645 horizon=240 lifetime=[470,1025] skipped=False
2026-08-30 15:56:12,781 | INFO | step=2070/20000 loss=1.102661 nll=1.094642 kl=0.0193684 consistency=0 lambda=0 beta=0.414 grad=49.69549 horizon=160 lifetime=[486,1282] skipped=False
2026-08-30 15:56:13,155 | INFO | step=2080/20000 loss=0.918781 nll=0.9162259 kl=0.006142179 consistency=0 lambda=0 beta=0.416 grad=63.01474 horizon=180 lifetime=[455,1038] skipped=False
2026-08-30 15:56:13,559 | INFO | step=2090/20000 loss=0.7649519 nll=0.7625189 kl=0.005820538 consistency=0 lambda=0 beta=0.418 grad=13.67821 horizon=180 lifetime=[501,1007] skipped=False
2026-08-30 15:56:13,971 | INFO | step=2100/20000 loss=0.5569049 nll=0.5508417 kl=0.01443622 consistency=0 lambda=0 beta=0.42 grad=19.77161 horizon=120 lifetime=[437,1025] skipped=False
2026-08-30 15:56:14,388 | INFO | step=2110/20000 loss=2.506135 nll=2.504498 kl=0.003879902 consistency=0 lambda=0 beta=0.422 grad=250.4528 horizon=300 lifetime=[518,1932] skipped=False
2026-08-30 15:56:14,768 | INFO | step=2120/20000 loss=0.01714035 nll=0.01476949 kl=0.005591643 consistency=0 lambda=0 beta=0.424 grad=15.67111 horizon=300 lifetime=[455,1038] skipped=False
2026-08-30 15:56:15,173 | INFO | step=2130/20000 loss=0.8109823 nll=0.8074287 kl=0.008341941 consistency=0 lambda=0 beta=0.426 grad=28.21194 horizon=100 lifetime=[665,1282] skipped=False
2026-08-30 15:56:15,598 | INFO | step=2140/20000 loss=0.07464965 nll=0.07273848 kl=0.004465352 consistency=0 lambda=0 beta=0.428 grad=9.338508 horizon=220 lifetime=[458,988] skipped=False
2026-08-30 15:56:16,040 | INFO | step=2150/20000 loss=0.4637433 nll=0.4615225 kl=0.00516482 consistency=0 lambda=0 beta=0.43 grad=80.23608 horizon=280 lifetime=[456,1143] skipped=False
2026-08-30 15:56:16,421 | INFO | step=2160/20000 loss=0.165195 nll=0.1574253 kl=0.01798553 consistency=0 lambda=0 beta=0.432 grad=23.18488 horizon=100 lifetime=[455,988] skipped=False
2026-08-30 15:56:16,809 | INFO | step=2170/20000 loss=0.1634471 nll=0.1572865 kl=0.01419506 consistency=0 lambda=0 beta=0.434 grad=38.94032 horizon=220 lifetime=[437,1143] skipped=False
2026-08-30 15:56:17,203 | INFO | step=2180/20000 loss=0.9207283 nll=0.9181479 kl=0.005918387 consistency=0 lambda=0 beta=0.436 grad=25.69292 horizon=140 lifetime=[518,1091] skipped=False
2026-08-30 15:56:17,598 | INFO | step=2190/20000 loss=0.1251519 nll=0.1223287 kl=0.00644578 consistency=0 lambda=0 beta=0.438 grad=62.23359 horizon=180 lifetime=[470,942] skipped=False
2026-08-30 15:56:17,986 | INFO | step=2200/20000 loss=1.184505 nll=1.174373 kl=0.02302721 consistency=0 lambda=0 beta=0.44 grad=47.60073 horizon=100 lifetime=[467,1932] skipped=False
2026-08-30 15:56:18,553 | INFO | step=2210/20000 loss=0.322738 nll=0.3183279 kl=0.009977581 consistency=0 lambda=0 beta=0.442 grad=25.53671 horizon=140 lifetime=[477,1143] skipped=False
2026-08-30 15:56:18,914 | INFO | step=2220/20000 loss=0.1887119 nll=0.1838321 kl=0.01099051 consistency=0 lambda=0 beta=0.444 grad=89.95078 horizon=200 lifetime=[512,1036] skipped=False
2026-08-30 15:56:19,281 | INFO | step=2230/20000 loss=-0.1301213 nll=-0.1330021 kl=0.00645922 consistency=0 lambda=0 beta=0.446 grad=29.97095 horizon=240 lifetime=[455,1143] skipped=False
2026-08-30 15:56:19,646 | INFO | step=2240/20000 loss=0.2867383 nll=0.2843575 kl=0.005314191 consistency=0 lambda=0 beta=0.448 grad=48.54491 horizon=200 lifetime=[470,1049] skipped=False
2026-08-30 15:56:20,048 | INFO | step=2250/20000 loss=0.09288095 nll=0.08574875 kl=0.01584932 consistency=0 lambda=0 beta=0.45 grad=17.96769 horizon=180 lifetime=[437,1045] skipped=False
2026-08-30 15:56:20,468 | INFO | step=2260/20000 loss=0.7475302 nll=0.7445282 kl=0.006641713 consistency=0 lambda=0 beta=0.452 grad=69.58101 horizon=300 lifetime=[615,1154] skipped=False
2026-08-30 15:56:20,856 | INFO | step=2270/20000 loss=0.1755969 nll=0.1725512 kl=0.006708534 consistency=0 lambda=0 beta=0.454 grad=26.67293 horizon=240 lifetime=[559,847] skipped=False
2026-08-30 15:56:21,275 | INFO | step=2280/20000 loss=0.2151551 nll=0.2121263 kl=0.006641965 consistency=0 lambda=0 beta=0.456 grad=21.46976 horizon=280 lifetime=[455,1431] skipped=False
2026-08-30 15:56:21,648 | INFO | step=2290/20000 loss=0.4323085 nll=0.4279997 kl=0.009407741 consistency=0 lambda=0 beta=0.458 grad=18.40616 horizon=160 lifetime=[456,1858] skipped=False
2026-08-30 15:56:22,058 | INFO | step=2300/20000 loss=-0.08035292 nll=-0.08323923 kl=0.006274599 consistency=0 lambda=0 beta=0.46 grad=46.74805 horizon=200 lifetime=[455,1061] skipped=False
2026-08-30 15:56:22,416 | INFO | step=2310/20000 loss=1.600394 nll=1.598355 kl=0.004413818 consistency=0 lambda=0 beta=0.462 grad=200.8248 horizon=220 lifetime=[437,1932] skipped=False
2026-08-30 15:56:22,807 | INFO | step=2320/20000 loss=0.2795922 nll=0.2780997 kl=0.003216489 consistency=0 lambda=0 beta=0.464 grad=45.93424 horizon=280 lifetime=[460,1036] skipped=False
2026-08-30 15:56:23,202 | INFO | step=2330/20000 loss=0.4505766 nll=0.4487649 kl=0.003887666 consistency=0 lambda=0 beta=0.466 grad=97.29804 horizon=140 lifetime=[461,1635] skipped=False
2026-08-30 15:56:23,621 | INFO | step=2340/20000 loss=0.6125653 nll=0.6056013 kl=0.01488042 consistency=0 lambda=0 beta=0.468 grad=38.29263 horizon=100 lifetime=[460,988] skipped=False
2026-08-30 15:56:24,023 | INFO | step=2350/20000 loss=0.5404649 nll=0.5394246 kl=0.002213419 consistency=0 lambda=0 beta=0.47 grad=86.62552 horizon=300 lifetime=[477,1282] skipped=False
2026-08-30 15:56:24,388 | INFO | step=2360/20000 loss=1.644625 nll=1.638564 kl=0.01284308 consistency=0 lambda=0 beta=0.472 grad=210.1713 horizon=100 lifetime=[458,1705] skipped=False
2026-08-30 15:56:24,796 | INFO | step=2370/20000 loss=0.1129699 nll=0.1120842 kl=0.001868704 consistency=0 lambda=0 beta=0.474 grad=36.86869 horizon=240 lifetime=[456,988] skipped=False
2026-08-30 15:56:25,164 | INFO | step=2380/20000 loss=0.9223522 nll=0.9160352 kl=0.01327105 consistency=0 lambda=0 beta=0.476 grad=51.78693 horizon=120 lifetime=[476,1705] skipped=False
2026-08-30 15:56:25,560 | INFO | step=2390/20000 loss=0.0272548 nll=0.02512158 kl=0.004462803 consistency=0 lambda=0 beta=0.478 grad=9.824373 horizon=300 lifetime=[458,988] skipped=False
2026-08-30 15:56:25,927 | INFO | step=2400/20000 loss=0.9324436 nll=0.9214921 kl=0.0228155 consistency=0 lambda=0 beta=0.48 grad=29.17815 horizon=100 lifetime=[529,1858] skipped=False
2026-08-30 15:56:26,344 | INFO | step=2410/20000 loss=0.9577637 nll=0.9512342 kl=0.01354669 consistency=0 lambda=0 beta=0.482 grad=63.84708 horizon=100 lifetime=[476,1431] skipped=False
2026-08-30 15:56:26,718 | INFO | step=2420/20000 loss=0.4546017 nll=0.4514924 kl=0.006424167 consistency=0 lambda=0 beta=0.484 grad=34.00114 horizon=220 lifetime=[508,1154] skipped=False
2026-08-30 15:56:27,134 | INFO | step=2430/20000 loss=-0.2045514 nll=-0.2121659 kl=0.01566764 consistency=0 lambda=0 beta=0.486 grad=9.8703 horizon=180 lifetime=[460,921] skipped=False
2026-08-30 15:56:27,491 | INFO | step=2440/20000 loss=0.3884175 nll=0.382774 kl=0.01156452 consistency=0 lambda=0 beta=0.488 grad=47.36073 horizon=140 lifetime=[774,1143] skipped=False
2026-08-30 15:56:27,865 | INFO | step=2450/20000 loss=0.2121051 nll=0.2038651 kl=0.01681627 consistency=0 lambda=0 beta=0.49 grad=40.85798 horizon=140 lifetime=[486,1076] skipped=False
2026-08-30 15:56:28,231 | INFO | step=2460/20000 loss=0.6811364 nll=0.6728144 kl=0.01691476 consistency=0 lambda=0 beta=0.492 grad=22.41298 horizon=120 lifetime=[491,754] skipped=False
2026-08-30 15:56:28,578 | INFO | step=2470/20000 loss=0.2653194 nll=0.2631006 kl=0.00449144 consistency=0 lambda=0 beta=0.494 grad=14.08298 horizon=180 lifetime=[456,1143] skipped=False
2026-08-30 15:56:28,983 | INFO | step=2480/20000 loss=0.4130268 nll=0.4078629 kl=0.01041107 consistency=0 lambda=0 beta=0.496 grad=41.18781 horizon=140 lifetime=[470,1143] skipped=False
2026-08-30 15:56:29,344 | INFO | step=2490/20000 loss=0.8810287 nll=0.8720596 kl=0.01801013 consistency=0 lambda=0 beta=0.498 grad=23.16871 horizon=120 lifetime=[707,1635] skipped=False
2026-08-30 15:56:30,049 | INFO | validation step=2500 rmse=208.5937 best=208.5937@2500 stale=0/10
2026-08-30 15:56:30,049 | INFO | step=2500/20000 loss=0.2295018 nll=0.2253932 kl=0.008217258 consistency=0 lambda=0 beta=0.5 grad=23.6115 horizon=220 lifetime=[299,1705] skipped=False
2026-08-30 15:56:30,526 | INFO | step=2510/20000 loss=0.250049 nll=0.2449514 kl=0.01015453 consistency=0 lambda=0 beta=0.502 grad=14.92127 horizon=180 lifetime=[559,1858] skipped=False
2026-08-30 15:56:30,934 | INFO | step=2520/20000 loss=0.9188251 nll=0.9173595 kl=0.002908013 consistency=0 lambda=0 beta=0.504 grad=30.83787 horizon=120 lifetime=[559,1635] skipped=False
2026-08-30 15:56:31,285 | INFO | step=2530/20000 loss=-0.1177891 nll=-0.1201896 kl=0.004744014 consistency=0 lambda=0 beta=0.506 grad=16.40628 horizon=180 lifetime=[484,1061] skipped=False
2026-08-30 15:56:31,716 | INFO | step=2540/20000 loss=0.8048449 nll=0.7993778 kl=0.01076187 consistency=0 lambda=0 beta=0.508 grad=64.0577 horizon=220 lifetime=[607,1635] skipped=False
2026-08-30 15:56:32,120 | INFO | step=2550/20000 loss=-0.1175518 nll=-0.1188502 kl=0.002545955 consistency=0 lambda=0 beta=0.51 grad=59.40338 horizon=300 lifetime=[461,1007] skipped=False
2026-08-30 15:56:32,561 | INFO | step=2560/20000 loss=0.5344316 nll=0.5318366 kl=0.005068367 consistency=0 lambda=0 beta=0.512 grad=18.36152 horizon=120 lifetime=[299,1858] skipped=False
2026-08-30 15:56:32,966 | INFO | step=2570/20000 loss=-0.5911099 nll=-0.5956924 kl=0.008915388 consistency=0 lambda=0 beta=0.514 grad=20.60167 horizon=260 lifetime=[299,988] skipped=False
2026-08-30 15:56:33,344 | INFO | step=2580/20000 loss=0.2630952 nll=0.2589851 kl=0.00796527 consistency=0 lambda=0 beta=0.516 grad=65.64179 horizon=200 lifetime=[467,1025] skipped=False
2026-08-30 15:56:33,756 | INFO | step=2590/20000 loss=0.1315516 nll=0.1291383 kl=0.004659005 consistency=0 lambda=0 beta=0.518 grad=30.4999 horizon=260 lifetime=[476,1143] skipped=False
2026-08-30 15:56:34,150 | INFO | step=2600/20000 loss=0.4694237 nll=0.4631093 kl=0.01214304 consistency=0 lambda=0 beta=0.52 grad=84.56082 horizon=300 lifetime=[476,871] skipped=False
2026-08-30 15:56:34,546 | INFO | step=2610/20000 loss=0.5652224 nll=0.5617236 kl=0.006702723 consistency=0 lambda=0 beta=0.522 grad=139.2316 horizon=180 lifetime=[508,1007] skipped=False
2026-08-30 15:56:34,941 | INFO | step=2620/20000 loss=0.594517 nll=0.5892522 kl=0.01004736 consistency=0 lambda=0 beta=0.524 grad=59.71355 horizon=280 lifetime=[464,1932] skipped=False
2026-08-30 15:56:35,346 | INFO | step=2630/20000 loss=0.7418009 nll=0.7376775 kl=0.00783921 consistency=0 lambda=0 beta=0.526 grad=33.69511 horizon=140 lifetime=[742,1154] skipped=False
2026-08-30 15:56:35,751 | INFO | step=2640/20000 loss=1.323125 nll=1.31782 kl=0.01004744 consistency=0 lambda=0 beta=0.528 grad=133.0948 horizon=220 lifetime=[476,1932] skipped=False
2026-08-30 15:56:36,182 | INFO | step=2650/20000 loss=-0.06050501 nll=-0.06481081 kl=0.008124152 consistency=0 lambda=0 beta=0.53 grad=72.96457 horizon=220 lifetime=[299,942] skipped=False
2026-08-30 15:56:36,596 | INFO | step=2660/20000 loss=0.2345248 nll=0.2305678 kl=0.007437899 consistency=0 lambda=0 beta=0.532 grad=36.34426 horizon=140 lifetime=[467,1071] skipped=False
2026-08-30 15:56:36,967 | INFO | step=2670/20000 loss=0.06731071 nll=0.06527121 kl=0.003819298 consistency=0 lambda=0 beta=0.534 grad=36.96655 horizon=240 lifetime=[437,1007] skipped=False
2026-08-30 15:56:37,365 | INFO | step=2680/20000 loss=0.496296 nll=0.4946538 kl=0.003063885 consistency=0 lambda=0 beta=0.536 grad=54.06723 horizon=180 lifetime=[464,1061] skipped=False
2026-08-30 15:56:37,736 | INFO | step=2690/20000 loss=0.2789536 nll=0.2732401 kl=0.01062005 consistency=0 lambda=0 beta=0.538 grad=63.14254 horizon=140 lifetime=[299,1154] skipped=False
2026-08-30 15:56:38,159 | INFO | step=2700/20000 loss=1.069456 nll=1.066254 kl=0.005929289 consistency=0 lambda=0 beta=0.54 grad=36.68143 horizon=200 lifetime=[615,1045] skipped=False
2026-08-30 15:56:38,529 | INFO | step=2710/20000 loss=-0.07579899 nll=-0.07860965 kl=0.005185716 consistency=0 lambda=0 beta=0.542 grad=44.40221 horizon=280 lifetime=[456,942] skipped=False
2026-08-30 15:56:39,008 | INFO | step=2720/20000 loss=0.6345235 nll=0.6323832 kl=0.003934413 consistency=0 lambda=0 beta=0.544 grad=119.5808 horizon=260 lifetime=[461,1036] skipped=False
2026-08-30 15:56:39,400 | INFO | step=2730/20000 loss=0.2367153 nll=0.2327735 kl=0.007219569 consistency=0 lambda=0 beta=0.546 grad=10.86499 horizon=180 lifetime=[467,1156] skipped=False
2026-08-30 15:56:39,813 | INFO | step=2740/20000 loss=0.1400339 nll=0.1319194 kl=0.01480748 consistency=0 lambda=0 beta=0.548 grad=38.92168 horizon=140 lifetime=[460,1049] skipped=False
2026-08-30 15:56:40,261 | INFO | step=2750/20000 loss=0.3507774 nll=0.3477977 kl=0.005417675 consistency=0 lambda=0 beta=0.55 grad=8.603273 horizon=200 lifetime=[461,1282] skipped=False
2026-08-30 15:56:40,681 | INFO | step=2760/20000 loss=0.1336515 nll=0.1309376 kl=0.004916511 consistency=0 lambda=0 beta=0.552 grad=33.55553 horizon=200 lifetime=[482,856] skipped=False
2026-08-30 15:56:41,090 | INFO | step=2770/20000 loss=0.1790635 nll=0.1774879 kl=0.002844008 consistency=0 lambda=0 beta=0.554 grad=62.3759 horizon=260 lifetime=[460,1282] skipped=False
2026-08-30 15:56:41,497 | INFO | step=2780/20000 loss=-0.03261405 nll=-0.0353791 kl=0.004973117 consistency=0 lambda=0 beta=0.556 grad=26.56338 horizon=300 lifetime=[510,1143] skipped=False
2026-08-30 15:56:41,886 | INFO | step=2790/20000 loss=1.386823 nll=1.384085 kl=0.004907912 consistency=0 lambda=0 beta=0.558 grad=112.827 horizon=300 lifetime=[512,1705] skipped=False
2026-08-30 15:56:42,294 | INFO | step=2800/20000 loss=0.2606924 nll=0.2547588 kl=0.0105958 consistency=0 lambda=0 beta=0.56 grad=52.32947 horizon=160 lifetime=[484,1045] skipped=False
2026-08-30 15:56:42,713 | INFO | step=2810/20000 loss=-0.2982629 nll=-0.3001514 kl=0.003360379 consistency=0 lambda=0 beta=0.562 grad=33.54387 horizon=280 lifetime=[460,1049] skipped=False
2026-08-30 15:56:43,060 | INFO | step=2820/20000 loss=0.4108386 nll=0.4083662 kl=0.004383676 consistency=0 lambda=0 beta=0.564 grad=99.5153 horizon=220 lifetime=[464,1932] skipped=False
2026-08-30 15:56:43,432 | INFO | step=2830/20000 loss=0.3260352 nll=0.3219722 kl=0.007178415 consistency=0 lambda=0 beta=0.566 grad=50.58081 horizon=160 lifetime=[460,1076] skipped=False
2026-08-30 15:56:43,820 | INFO | step=2840/20000 loss=0.9573331 nll=0.9523882 kl=0.008705825 consistency=0 lambda=0 beta=0.568 grad=151.2543 horizon=240 lifetime=[455,1932] skipped=False
2026-08-30 15:56:44,242 | INFO | step=2850/20000 loss=0.4959965 nll=0.4941497 kl=0.003240044 consistency=0 lambda=0 beta=0.57 grad=13.5197 horizon=240 lifetime=[649,1858] skipped=False
2026-08-30 15:56:44,638 | INFO | step=2860/20000 loss=1.096996 nll=1.095257 kl=0.003040809 consistency=0 lambda=0 beta=0.572 grad=99.06684 horizon=160 lifetime=[461,1000] skipped=False
2026-08-30 15:56:45,046 | INFO | step=2870/20000 loss=0.8946286 nll=0.8890684 kl=0.009686764 consistency=0 lambda=0 beta=0.574 grad=31.24211 horizon=280 lifetime=[559,1858] skipped=False
2026-08-30 15:56:45,434 | INFO | step=2880/20000 loss=0.718789 nll=0.7164261 kl=0.004102288 consistency=0 lambda=0 beta=0.576 grad=70.75914 horizon=300 lifetime=[486,1705] skipped=False
2026-08-30 15:56:45,830 | INFO | step=2890/20000 loss=0.4236484 nll=0.4212544 kl=0.00414185 consistency=0 lambda=0 beta=0.578 grad=85.81799 horizon=180 lifetime=[460,1932] skipped=False
2026-08-30 15:56:46,251 | INFO | step=2900/20000 loss=0.3907072 nll=0.3812703 kl=0.01627057 consistency=0 lambda=0 beta=0.58 grad=28.29498 horizon=300 lifetime=[742,1431] skipped=False
2026-08-30 15:56:46,619 | INFO | step=2910/20000 loss=0.8679999 nll=0.8670965 kl=0.001552305 consistency=0 lambda=0 beta=0.582 grad=82.21227 horizon=280 lifetime=[299,921] skipped=False
2026-08-30 15:56:46,982 | INFO | step=2920/20000 loss=0.9084496 nll=0.8991178 kl=0.01597907 consistency=0 lambda=0 beta=0.584 grad=53.67162 horizon=100 lifetime=[559,1635] skipped=False
2026-08-30 15:56:47,346 | INFO | step=2930/20000 loss=0.1356855 nll=0.1338433 kl=0.003143691 consistency=0 lambda=0 beta=0.586 grad=50.29245 horizon=160 lifetime=[437,942] skipped=False
2026-08-30 15:56:47,772 | INFO | step=2940/20000 loss=0.575982 nll=0.5740501 kl=0.003285528 consistency=0 lambda=0 beta=0.588 grad=32.27966 horizon=160 lifetime=[484,1076] skipped=False
2026-08-30 15:56:48,139 | INFO | step=2950/20000 loss=0.8211778 nll=0.8107547 kl=0.01766629 consistency=0 lambda=0 beta=0.59 grad=16.91714 horizon=140 lifetime=[539,1049] skipped=False
2026-08-30 15:56:48,527 | INFO | step=2960/20000 loss=0.2874682 nll=0.2865014 kl=0.00163313 consistency=0 lambda=0 beta=0.592 grad=35.79536 horizon=240 lifetime=[482,1858] skipped=False
2026-08-30 15:56:48,947 | INFO | step=2970/20000 loss=-0.2247136 nll=-0.2269266 kl=0.003725567 consistency=0 lambda=0 beta=0.594 grad=31.4658 horizon=280 lifetime=[491,942] skipped=False
2026-08-30 15:56:49,356 | INFO | step=2980/20000 loss=0.01888586 nll=0.0116199 kl=0.01219121 consistency=0 lambda=0 beta=0.596 grad=88.01086 horizon=220 lifetime=[470,1071] skipped=False
2026-08-30 15:56:49,764 | INFO | step=2990/20000 loss=0.3927594 nll=0.3893802 kl=0.005650817 consistency=0 lambda=0 beta=0.598 grad=73.6459 horizon=140 lifetime=[299,1015] skipped=False
2026-08-30 15:56:50,458 | INFO | validation step=3000 rmse=197.3932 best=197.3932@3000 stale=0/10
2026-08-30 15:56:50,458 | INFO | step=3000/20000 loss=1.005578 nll=0.9985982 kl=0.01163216 consistency=0 lambda=0 beta=0.6 grad=13.94854 horizon=120 lifetime=[476,1932] skipped=False
2026-08-30 15:56:50,861 | INFO | step=3010/20000 loss=3.362688 nll=3.361078 kl=0.002673729 consistency=0 lambda=0 beta=0.602 grad=249.3721 horizon=180 lifetime=[529,1154] skipped=False
2026-08-30 15:56:51,231 | INFO | step=3020/20000 loss=0.6410847 nll=0.6378746 kl=0.005314787 consistency=0 lambda=0 beta=0.604 grad=18.24119 horizon=220 lifetime=[671,1932] skipped=False
2026-08-30 15:56:51,595 | INFO | step=3030/20000 loss=0.7470249 nll=0.7437246 kl=0.005446025 consistency=0 lambda=0 beta=0.606 grad=86.58661 horizon=120 lifetime=[456,1431] skipped=False
2026-08-30 15:56:51,980 | INFO | step=3040/20000 loss=0.09173278 nll=0.0888856 kl=0.004682863 consistency=0 lambda=0 beta=0.608 grad=11.77823 horizon=300 lifetime=[491,1705] skipped=False
2026-08-30 15:56:52,402 | INFO | step=3050/20000 loss=0.9624276 nll=0.9601869 kl=0.0036733 consistency=0 lambda=0 beta=0.61 grad=61.10153 horizon=260 lifetime=[491,1282] skipped=False
2026-08-30 15:56:52,762 | INFO | step=3060/20000 loss=0.2402062 nll=0.2372279 kl=0.00486661 consistency=0 lambda=0 beta=0.612 grad=26.75502 horizon=180 lifetime=[299,1858] skipped=False
2026-08-30 15:56:53,120 | INFO | step=3070/20000 loss=0.3041921 nll=0.289621 kl=0.02373146 consistency=0 lambda=0 beta=0.614 grad=12.91517 horizon=100 lifetime=[455,1076] skipped=False
2026-08-30 15:56:53,503 | INFO | step=3080/20000 loss=-0.1068594 nll=-0.110057 kl=0.005190787 consistency=0 lambda=0 beta=0.616 grad=29.43387 horizon=260 lifetime=[458,868] skipped=False
2026-08-30 15:56:53,927 | INFO | step=3090/20000 loss=-0.1459268 nll=-0.1495473 kl=0.005858365 consistency=0 lambda=0 beta=0.618 grad=80.97478 horizon=220 lifetime=[476,1007] skipped=False
2026-08-30 15:56:54,313 | INFO | step=3100/20000 loss=0.3458369 nll=0.3406162 kl=0.008420593 consistency=0 lambda=0 beta=0.62 grad=49.22332 horizon=220 lifetime=[486,1705] skipped=False
2026-08-30 15:56:54,658 | INFO | step=3110/20000 loss=0.4319199 nll=0.4299305 kl=0.003198498 consistency=0 lambda=0 beta=0.622 grad=46.02013 horizon=100 lifetime=[458,891] skipped=False
2026-08-30 15:56:55,020 | INFO | step=3120/20000 loss=1.330522 nll=1.326565 kl=0.006340113 consistency=0 lambda=0 beta=0.624 grad=138.7339 horizon=240 lifetime=[476,1932] skipped=False
2026-08-30 15:56:55,408 | INFO | step=3130/20000 loss=-0.1639518 nll=-0.1664049 kl=0.003918663 consistency=0 lambda=0 beta=0.626 grad=8.865766 horizon=180 lifetime=[437,915] skipped=False
2026-08-30 15:56:55,794 | INFO | step=3140/20000 loss=0.3345769 nll=0.3267499 kl=0.01246339 consistency=0 lambda=0 beta=0.628 grad=22.19134 horizon=160 lifetime=[476,1091] skipped=False
2026-08-30 15:56:56,183 | INFO | step=3150/20000 loss=0.2702244 nll=0.2682338 kl=0.003159633 consistency=0 lambda=0 beta=0.63 grad=84.27602 horizon=140 lifetime=[299,1154] skipped=False
2026-08-30 15:56:56,575 | INFO | step=3160/20000 loss=-0.09101486 nll=-0.1008899 kl=0.01562501 consistency=0 lambda=0 beta=0.632 grad=37.46773 horizon=220 lifetime=[491,1007] skipped=False
2026-08-30 15:56:56,963 | INFO | step=3170/20000 loss=0.4696785 nll=0.4640425 kl=0.008889588 consistency=0 lambda=0 beta=0.634 grad=14.03661 horizon=140 lifetime=[470,1635] skipped=False
2026-08-30 15:56:57,404 | INFO | step=3180/20000 loss=0.2657667 nll=0.262944 kl=0.004438259 consistency=0 lambda=0 beta=0.636 grad=27.42996 horizon=280 lifetime=[539,1635] skipped=False
2026-08-30 15:56:57,782 | INFO | step=3190/20000 loss=0.799112 nll=0.7972074 kl=0.002985207 consistency=0 lambda=0 beta=0.638 grad=116.7987 horizon=140 lifetime=[482,1635] skipped=False
2026-08-30 15:56:58,202 | INFO | step=3200/20000 loss=-0.0600065 nll=-0.06193809 kl=0.003018106 consistency=0 lambda=0 beta=0.64 grad=30.01133 horizon=240 lifetime=[299,1007] skipped=False
2026-08-30 15:56:58,624 | INFO | step=3210/20000 loss=2.502272 nll=2.498393 kl=0.00604133 consistency=0 lambda=0 beta=0.642 grad=191.6663 horizon=300 lifetime=[491,1705] skipped=False
2026-08-30 15:56:59,020 | INFO | step=3220/20000 loss=0.3210878 nll=0.31681 kl=0.00664255 consistency=0 lambda=0 beta=0.644 grad=28.63201 horizon=140 lifetime=[299,1061] skipped=False
2026-08-30 15:56:59,457 | INFO | step=3230/20000 loss=0.1676007 nll=0.1632647 kl=0.006712113 consistency=0 lambda=0 beta=0.646 grad=22.16533 horizon=240 lifetime=[484,1858] skipped=False
2026-08-30 15:56:59,824 | INFO | step=3240/20000 loss=0.4508428 nll=0.4479818 kl=0.004415178 consistency=0 lambda=0 beta=0.648 grad=81.31712 horizon=180 lifetime=[299,1025] skipped=False
2026-08-30 15:57:00,215 | INFO | step=3250/20000 loss=0.9872694 nll=0.9836304 kl=0.005598424 consistency=0 lambda=0 beta=0.65 grad=179.8955 horizon=280 lifetime=[460,1932] skipped=False
2026-08-30 15:57:00,624 | INFO | step=3260/20000 loss=0.4935296 nll=0.4911201 kl=0.003695666 consistency=0 lambda=0 beta=0.652 grad=19.18569 horizon=300 lifetime=[529,1858] skipped=False
2026-08-30 15:57:01,032 | INFO | step=3270/20000 loss=0.8496148 nll=0.8444649 kl=0.007874427 consistency=0 lambda=0 beta=0.654 grad=48.23959 horizon=100 lifetime=[486,1932] skipped=False
2026-08-30 15:57:01,412 | INFO | step=3280/20000 loss=-0.1646971 nll=-0.1729182 kl=0.0125323 consistency=0 lambda=0 beta=0.656 grad=34.62202 horizon=280 lifetime=[476,964] skipped=False
2026-08-30 15:57:01,842 | INFO | step=3290/20000 loss=-0.1613876 nll=-0.1631125 kl=0.002621429 consistency=0 lambda=0 beta=0.658 grad=17.7688 horizon=280 lifetime=[455,1143] skipped=False
2026-08-30 15:57:02,261 | INFO | step=3300/20000 loss=0.09487228 nll=0.09323949 kl=0.002473927 consistency=0 lambda=0 beta=0.66 grad=25.75729 horizon=300 lifetime=[458,1015] skipped=False
2026-08-30 15:57:02,695 | INFO | step=3310/20000 loss=-0.1019775 nll=-0.1097405 kl=0.01172671 consistency=0 lambda=0 beta=0.662 grad=11.75689 horizon=180 lifetime=[461,1015] skipped=False
2026-08-30 15:57:03,072 | INFO | step=3320/20000 loss=0.4853102 nll=0.4810572 kl=0.006405232 consistency=0 lambda=0 beta=0.664 grad=42.43155 horizon=180 lifetime=[464,1000] skipped=False
2026-08-30 15:57:03,471 | INFO | step=3330/20000 loss=1.26943 nll=1.268206 kl=0.001838558 consistency=0 lambda=0 beta=0.666 grad=164.5411 horizon=280 lifetime=[486,1932] skipped=False
2026-08-30 15:57:03,875 | INFO | step=3340/20000 loss=0.9845169 nll=0.9820675 kl=0.003666786 consistency=0 lambda=0 beta=0.668 grad=48.16551 horizon=140 lifetime=[437,1282] skipped=False
2026-08-30 15:57:04,300 | INFO | step=3350/20000 loss=3.236912 nll=3.234462 kl=0.003656656 consistency=0 lambda=0 beta=0.67 grad=292.0117 horizon=300 lifetime=[607,1932] skipped=False
2026-08-30 15:57:04,667 | INFO | step=3360/20000 loss=0.04854327 nll=0.04520513 kl=0.004967477 consistency=0 lambda=0 beta=0.672 grad=31.01189 horizon=120 lifetime=[458,858] skipped=False
2026-08-30 15:57:05,069 | INFO | step=3370/20000 loss=0.8995843 nll=0.8954685 kl=0.006106458 consistency=0 lambda=0 beta=0.674 grad=89.35552 horizon=240 lifetime=[704,1932] skipped=False
2026-08-30 15:57:05,471 | INFO | step=3380/20000 loss=0.1135625 nll=0.1095538 kl=0.005930012 consistency=0 lambda=0 beta=0.676 grad=11.16737 horizon=160 lifetime=[476,1282] skipped=False
2026-08-30 15:57:05,847 | INFO | step=3390/20000 loss=0.1762071 nll=0.1708617 kl=0.007884143 consistency=0 lambda=0 beta=0.678 grad=33.82174 horizon=160 lifetime=[299,1431] skipped=False
2026-08-30 15:57:06,231 | INFO | step=3400/20000 loss=0.9107424 nll=0.9039817 kl=0.009942108 consistency=0 lambda=0 beta=0.68 grad=87.66962 horizon=100 lifetime=[477,1282] skipped=False
2026-08-30 15:57:06,652 | INFO | step=3410/20000 loss=0.02148253 nll=0.01793433 kl=0.005202653 consistency=0 lambda=0 beta=0.682 grad=28.93162 horizon=220 lifetime=[559,1143] skipped=False
2026-08-30 15:57:07,054 | INFO | step=3420/20000 loss=0.2196106 nll=0.2151705 kl=0.006491353 consistency=0 lambda=0 beta=0.684 grad=22.46339 horizon=140 lifetime=[742,1156] skipped=False
2026-08-30 15:57:07,450 | INFO | step=3430/20000 loss=1.141024 nll=1.13968 kl=0.001957842 consistency=0 lambda=0 beta=0.686 grad=85.93361 horizon=260 lifetime=[458,1156] skipped=False
2026-08-30 15:57:07,851 | INFO | step=3440/20000 loss=0.3529165 nll=0.3495495 kl=0.004893858 consistency=0 lambda=0 beta=0.688 grad=31.55796 horizon=120 lifetime=[460,1143] skipped=False
2026-08-30 15:57:08,231 | INFO | step=3450/20000 loss=0.1034621 nll=0.101928 kl=0.00222331 consistency=0 lambda=0 beta=0.69 grad=41.42857 horizon=140 lifetime=[476,1282] skipped=False
2026-08-30 15:57:08,631 | INFO | step=3460/20000 loss=0.2113438 nll=0.2085548 kl=0.004030322 consistency=0 lambda=0 beta=0.692 grad=30.69097 horizon=240 lifetime=[649,1635] skipped=False
2026-08-30 15:57:09,065 | INFO | step=3470/20000 loss=0.1026738 nll=0.1017082 kl=0.001391239 consistency=0 lambda=0 beta=0.694 grad=25.86029 horizon=300 lifetime=[559,1156] skipped=False
2026-08-30 15:57:09,509 | INFO | step=3480/20000 loss=0.2582752 nll=0.2570858 kl=0.001708874 consistency=0 lambda=0 beta=0.696 grad=26.02876 horizon=280 lifetime=[486,1154] skipped=False
2026-08-30 15:57:09,885 | INFO | step=3490/20000 loss=0.4396414 nll=0.4366024 kl=0.004353877 consistency=0 lambda=0 beta=0.698 grad=47.12312 horizon=140 lifetime=[614,1038] skipped=False
2026-08-30 15:57:10,573 | INFO | validation step=3500 rmse=204.9554 best=197.3932@3000 stale=1/10
2026-08-30 15:57:10,573 | INFO | step=3500/20000 loss=-0.2074932 nll=-0.2105326 kl=0.004342007 consistency=0 lambda=0 beta=0.7 grad=32.04928 horizon=180 lifetime=[461,1015] skipped=False
2026-08-30 15:57:11,042 | INFO | step=3510/20000 loss=0.09972001 nll=0.09615305 kl=0.005081141 consistency=0 lambda=0 beta=0.702 grad=25.48286 horizon=220 lifetime=[456,1154] skipped=False
2026-08-30 15:57:11,491 | INFO | step=3520/20000 loss=0.2775247 nll=0.2744969 kl=0.004300776 consistency=0 lambda=0 beta=0.704 grad=59.29128 horizon=140 lifetime=[456,1431] skipped=False
2026-08-30 15:57:11,908 | INFO | step=3530/20000 loss=0.03853289 nll=0.0378155 kl=0.001016133 consistency=0 lambda=0 beta=0.706 grad=30.73237 horizon=120 lifetime=[477,1076] skipped=False
2026-08-30 15:57:12,330 | INFO | step=3540/20000 loss=0.1798458 nll=0.1770297 kl=0.003977632 consistency=0 lambda=0 beta=0.708 grad=36.48711 horizon=280 lifetime=[476,1156] skipped=False
2026-08-30 15:57:12,724 | INFO | step=3550/20000 loss=0.4656884 nll=0.4619823 kl=0.005219818 consistency=0 lambda=0 beta=0.71 grad=31.7469 horizon=120 lifetime=[614,1007] skipped=False
2026-08-30 15:57:13,121 | INFO | step=3560/20000 loss=0.4064816 nll=0.3972162 kl=0.01301315 consistency=0 lambda=0 beta=0.712 grad=45.89657 horizon=240 lifetime=[437,1858] skipped=False
2026-08-30 15:57:13,503 | INFO | step=3570/20000 loss=0.5104427 nll=0.5043768 kl=0.008495573 consistency=0 lambda=0 beta=0.714 grad=43.00347 horizon=160 lifetime=[510,988] skipped=False
2026-08-30 15:57:13,911 | INFO | step=3580/20000 loss=0.7314287 nll=0.7294456 kl=0.002769741 consistency=0 lambda=0 beta=0.716 grad=60.49876 horizon=120 lifetime=[476,1076] skipped=False
2026-08-30 15:57:14,319 | INFO | step=3590/20000 loss=0.3138386 nll=0.3101109 kl=0.005191805 consistency=0 lambda=0 beta=0.718 grad=43.46999 horizon=100 lifetime=[477,1045] skipped=False
2026-08-30 15:57:14,757 | INFO | step=3600/20000 loss=-0.001689318 nll=-0.00353013 kl=0.002556683 consistency=0 lambda=0 beta=0.72 grad=43.06584 horizon=280 lifetime=[460,1091] skipped=False
2026-08-30 15:57:15,156 | INFO | step=3610/20000 loss=0.255634 nll=0.2505531 kl=0.007037289 consistency=0 lambda=0 beta=0.722 grad=38.33042 horizon=240 lifetime=[648,1431] skipped=False
2026-08-30 15:57:15,542 | INFO | step=3620/20000 loss=0.09093469 nll=0.08484685 kl=0.008408619 consistency=0 lambda=0 beta=0.724 grad=7.548301 horizon=200 lifetime=[484,1154] skipped=False
2026-08-30 15:57:15,928 | INFO | step=3630/20000 loss=0.7952513 nll=0.7941734 kl=0.001484613 consistency=0 lambda=0 beta=0.726 grad=78.27068 horizon=140 lifetime=[486,1635] skipped=False
2026-08-30 15:57:16,352 | INFO | step=3640/20000 loss=0.1566605 nll=0.1558773 kl=0.001075824 consistency=0 lambda=0 beta=0.728 grad=31.87211 horizon=220 lifetime=[456,1061] skipped=False
2026-08-30 15:57:16,765 | INFO | step=3650/20000 loss=0.03529846 nll=0.03113925 kl=0.005697543 consistency=0 lambda=0 beta=0.73 grad=39.10249 horizon=280 lifetime=[467,1858] skipped=False
2026-08-30 15:57:17,130 | INFO | step=3660/20000 loss=-0.1477103 nll=-0.1489458 kl=0.001687879 consistency=0 lambda=0 beta=0.732 grad=38.42836 horizon=280 lifetime=[476,1071] skipped=False
2026-08-30 15:57:17,551 | INFO | step=3670/20000 loss=0.0526462 nll=0.04998489 kl=0.003625772 consistency=0 lambda=0 beta=0.734 grad=21.13084 horizon=200 lifetime=[493,1076] skipped=False
2026-08-30 15:57:17,941 | INFO | step=3680/20000 loss=0.3979428 nll=0.3949776 kl=0.004028799 consistency=0 lambda=0 beta=0.736 grad=22.79861 horizon=120 lifetime=[461,1071] skipped=False
2026-08-30 15:57:18,332 | INFO | step=3690/20000 loss=-0.3139983 nll=-0.3147024 kl=0.0009540373 consistency=0 lambda=0 beta=0.738 grad=42.82662 horizon=300 lifetime=[455,1143] skipped=False
2026-08-30 15:57:18,761 | INFO | step=3700/20000 loss=0.1707118 nll=0.1666267 kl=0.00552046 consistency=0 lambda=0 beta=0.74 grad=40.68835 horizon=100 lifetime=[482,875] skipped=False
2026-08-30 15:57:19,155 | INFO | step=3710/20000 loss=0.8809758 nll=0.8799539 kl=0.001377257 consistency=0 lambda=0 beta=0.742 grad=55.44087 horizon=120 lifetime=[665,1091] skipped=False
2026-08-30 15:57:19,542 | INFO | step=3720/20000 loss=-0.2361985 nll=-0.237986 kl=0.0024026 consistency=0 lambda=0 beta=0.744 grad=55.43689 horizon=280 lifetime=[458,786] skipped=False
2026-08-30 15:57:20,002 | INFO | step=3730/20000 loss=0.4758218 nll=0.4736705 kl=0.002883852 consistency=0 lambda=0 beta=0.746 grad=50.20214 horizon=260 lifetime=[707,1635] skipped=False
2026-08-30 15:57:20,400 | INFO | step=3740/20000 loss=0.2406265 nll=0.2371643 kl=0.004628586 consistency=0 lambda=0 beta=0.748 grad=21.61542 horizon=140 lifetime=[467,1156] skipped=False
2026-08-30 15:57:20,834 | INFO | step=3750/20000 loss=0.4125817 nll=0.4120654 kl=0.0006883091 consistency=0 lambda=0 beta=0.75 grad=65.80885 horizon=280 lifetime=[491,1076] skipped=False
2026-08-30 15:57:21,248 | INFO | step=3760/20000 loss=0.09761269 nll=0.09287908 kl=0.00629469 consistency=0 lambda=0 beta=0.752 grad=60.17947 horizon=220 lifetime=[458,1143] skipped=False
2026-08-30 15:57:21,622 | INFO | step=3770/20000 loss=0.2274283 nll=0.2264886 kl=0.00124631 consistency=0 lambda=0 beta=0.754 grad=40.9784 horizon=220 lifetime=[458,1154] skipped=False
2026-08-30 15:57:22,040 | INFO | step=3780/20000 loss=0.3818385 nll=0.3810949 kl=0.0009836033 consistency=0 lambda=0 beta=0.756 grad=30.56379 horizon=260 lifetime=[510,1000] skipped=False
2026-08-30 15:57:22,443 | INFO | step=3790/20000 loss=1.314716 nll=1.312644 kl=0.002734464 consistency=0 lambda=0 beta=0.758 grad=182.442 horizon=180 lifetime=[482,1635] skipped=False
2026-08-30 15:57:22,789 | INFO | step=3800/20000 loss=0.5181442 nll=0.5146701 kl=0.004571235 consistency=0 lambda=0 beta=0.76 grad=27.36078 horizon=120 lifetime=[614,1036] skipped=False
2026-08-30 15:57:23,186 | INFO | step=3810/20000 loss=0.7883446 nll=0.7852662 kl=0.004039939 consistency=0 lambda=0 beta=0.762 grad=101.99 horizon=220 lifetime=[677,1015] skipped=False
2026-08-30 15:57:23,582 | INFO | step=3820/20000 loss=0.333337 nll=0.3287205 kl=0.006042508 consistency=0 lambda=0 beta=0.764 grad=18.69773 horizon=140 lifetime=[482,1932] skipped=False
2026-08-30 15:57:23,982 | INFO | step=3830/20000 loss=0.3112791 nll=0.3104672 kl=0.001060037 consistency=0 lambda=0 beta=0.766 grad=112.9552 horizon=200 lifetime=[486,1038] skipped=False
2026-08-30 15:57:24,375 | INFO | step=3840/20000 loss=0.718148 nll=0.7133 kl=0.006312469 consistency=0 lambda=0 beta=0.768 grad=39.47432 horizon=200 lifetime=[437,991] skipped=False
2026-08-30 15:57:24,769 | INFO | step=3850/20000 loss=0.4821695 nll=0.4801356 kl=0.002641449 consistency=0 lambda=0 beta=0.77 grad=80.55116 horizon=180 lifetime=[299,891] skipped=False
2026-08-30 15:57:25,137 | INFO | step=3860/20000 loss=-0.158866 nll=-0.1618648 kl=0.003884406 consistency=0 lambda=0 beta=0.772 grad=37.75903 horizon=160 lifetime=[464,856] skipped=False
2026-08-30 15:57:25,518 | INFO | step=3870/20000 loss=-0.124546 nll=-0.1283337 kl=0.004893629 consistency=0 lambda=0 beta=0.774 grad=44.27378 horizon=260 lifetime=[508,921] skipped=False
2026-08-30 15:57:25,933 | INFO | step=3880/20000 loss=-0.09927515 nll=-0.1027388 kl=0.004463423 consistency=0 lambda=0 beta=0.776 grad=34.97064 horizon=300 lifetime=[464,1154] skipped=False
2026-08-30 15:57:26,339 | INFO | step=3890/20000 loss=0.3985793 nll=0.3953561 kl=0.00414292 consistency=0 lambda=0 beta=0.778 grad=38.5725 horizon=200 lifetime=[529,1076] skipped=False
2026-08-30 15:57:26,706 | INFO | step=3900/20000 loss=-0.1255444 nll=-0.1287481 kl=0.004107385 consistency=0 lambda=0 beta=0.78 grad=55.41056 horizon=280 lifetime=[458,1154] skipped=False
2026-08-30 15:57:27,094 | INFO | step=3910/20000 loss=0.1379149 nll=0.1317349 kl=0.007902843 consistency=0 lambda=0 beta=0.782 grad=15.67947 horizon=240 lifetime=[665,1858] skipped=False
2026-08-30 15:57:27,536 | INFO | step=3920/20000 loss=-0.4212902 nll=-0.4228278 kl=0.001961187 consistency=0 lambda=0 beta=0.784 grad=29.12583 horizon=300 lifetime=[461,871] skipped=False
2026-08-30 15:57:27,904 | INFO | step=3930/20000 loss=0.4468919 nll=0.4412915 kl=0.007125221 consistency=0 lambda=0 beta=0.786 grad=33.91758 horizon=300 lifetime=[486,1705] skipped=False
2026-08-30 15:57:28,262 | INFO | step=3940/20000 loss=-0.2377835 nll=-0.2419814 kl=0.005327269 consistency=0 lambda=0 beta=0.788 grad=12.21701 horizon=160 lifetime=[470,1076] skipped=False
2026-08-30 15:57:28,680 | INFO | step=3950/20000 loss=-0.1733379 nll=-0.1761122 kl=0.00351178 consistency=0 lambda=0 beta=0.79 grad=9.976395 horizon=280 lifetime=[299,1858] skipped=False
2026-08-30 15:57:29,073 | INFO | step=3960/20000 loss=0.6426681 nll=0.6395081 kl=0.003989808 consistency=0 lambda=0 beta=0.792 grad=70.50258 horizon=180 lifetime=[482,1932] skipped=False
2026-08-30 15:57:29,495 | INFO | step=3970/20000 loss=0.2816605 nll=0.2805966 kl=0.001339932 consistency=0 lambda=0 beta=0.794 grad=31.48887 horizon=280 lifetime=[458,1143] skipped=False
2026-08-30 15:57:29,865 | INFO | step=3980/20000 loss=0.2047965 nll=0.2015532 kl=0.004074465 consistency=0 lambda=0 beta=0.796 grad=83.45193 horizon=240 lifetime=[458,991] skipped=False
2026-08-30 15:57:30,241 | INFO | step=3990/20000 loss=0.1495283 nll=0.1430544 kl=0.008112662 consistency=0 lambda=0 beta=0.798 grad=54.40472 horizon=220 lifetime=[476,988] skipped=False
2026-08-30 15:57:30,920 | INFO | validation step=4000 rmse=174.5967 best=174.5967@4000 stale=0/10
2026-08-30 15:57:30,920 | INFO | step=4000/20000 loss=0.1382314 nll=0.1365049 kl=0.002158003 consistency=0 lambda=0 beta=0.8 grad=86.92411 horizon=240 lifetime=[477,814] skipped=False
2026-08-30 15:57:31,390 | INFO | step=4010/20000 loss=0.06466739 nll=0.06339216 kl=0.001590055 consistency=0 lambda=0 beta=0.802 grad=11.33057 horizon=220 lifetime=[518,1635] skipped=False
2026-08-30 15:57:31,763 | INFO | step=4020/20000 loss=0.1029847 nll=0.1006565 kl=0.002895805 consistency=0 lambda=0 beta=0.804 grad=63.99054 horizon=260 lifetime=[299,1635] skipped=False
2026-08-30 15:57:32,135 | INFO | step=4030/20000 loss=0.6534774 nll=0.648994 kl=0.005562464 consistency=0 lambda=0 beta=0.806 grad=147.9173 horizon=300 lifetime=[470,1015] skipped=False
2026-08-30 15:57:32,513 | INFO | step=4040/20000 loss=-0.1484999 nll=-0.1516001 kl=0.003836866 consistency=0 lambda=0 beta=0.808 grad=47.41579 horizon=280 lifetime=[455,1076] skipped=False
2026-08-30 15:57:32,920 | INFO | step=4050/20000 loss=0.9529874 nll=0.9481171 kl=0.006012726 consistency=0 lambda=0 beta=0.81 grad=99.57636 horizon=280 lifetime=[455,1071] skipped=False
2026-08-30 15:57:33,312 | INFO | step=4060/20000 loss=0.6489503 nll=0.6440823 kl=0.005995129 consistency=0 lambda=0 beta=0.812 grad=25.9486 horizon=240 lifetime=[486,1156] skipped=False
2026-08-30 15:57:33,716 | INFO | step=4070/20000 loss=0.6654589 nll=0.6599855 kl=0.006724064 consistency=0 lambda=0 beta=0.814 grad=43.73381 horizon=140 lifetime=[493,1635] skipped=False
2026-08-30 15:57:34,127 | INFO | step=4080/20000 loss=0.6066602 nll=0.5981159 kl=0.01047106 consistency=0 lambda=0 beta=0.816 grad=24.62204 horizon=100 lifetime=[437,1015] skipped=False
2026-08-30 15:57:34,529 | INFO | step=4090/20000 loss=0.7741221 nll=0.7678941 kl=0.007613743 consistency=0 lambda=0 beta=0.818 grad=39.34122 horizon=180 lifetime=[649,1282] skipped=False
2026-08-30 15:57:34,922 | INFO | step=4100/20000 loss=0.4492829 nll=0.4470804 kl=0.002686013 consistency=0 lambda=0 beta=0.82 grad=48.63284 horizon=280 lifetime=[458,1858] skipped=False
2026-08-30 15:57:35,344 | INFO | step=4110/20000 loss=0.2240527 nll=0.2234073 kl=0.0007852623 consistency=0 lambda=0 beta=0.822 grad=82.74635 horizon=300 lifetime=[437,1071] skipped=False
2026-08-30 15:57:35,742 | INFO | step=4120/20000 loss=0.6661788 nll=0.6605942 kl=0.006777434 consistency=0 lambda=0 beta=0.824 grad=41.47928 horizon=200 lifetime=[486,1635] skipped=False
2026-08-30 15:57:36,113 | INFO | step=4130/20000 loss=0.6971163 nll=0.6939535 kl=0.003829078 consistency=0 lambda=0 beta=0.826 grad=61.8632 horizon=120 lifetime=[455,1932] skipped=False
2026-08-30 15:57:36,486 | INFO | step=4140/20000 loss=1.133811 nll=1.131156 kl=0.003205927 consistency=0 lambda=0 beta=0.828 grad=89.34574 horizon=260 lifetime=[738,1705] skipped=False
2026-08-30 15:57:36,874 | INFO | step=4150/20000 loss=-0.0005166973 nll=-0.006911755 kl=0.007704888 consistency=0 lambda=0 beta=0.83 grad=28.32152 horizon=180 lifetime=[437,1143] skipped=False
2026-08-30 15:57:37,279 | INFO | step=4160/20000 loss=0.6694519 nll=0.6682603 kl=0.001432127 consistency=0 lambda=0 beta=0.832 grad=18.25397 horizon=140 lifetime=[476,1858] skipped=False
2026-08-30 15:57:37,621 | INFO | step=4170/20000 loss=0.706004 nll=0.7047908 kl=0.00145459 consistency=0 lambda=0 beta=0.834 grad=65.41071 horizon=160 lifetime=[437,1154] skipped=False
2026-08-30 15:57:38,040 | INFO | step=4180/20000 loss=0.5833872 nll=0.5733044 kl=0.0120608 consistency=0 lambda=0 beta=0.836 grad=58.4615 horizon=200 lifetime=[529,1154] skipped=False
2026-08-30 15:57:38,405 | INFO | step=4190/20000 loss=0.46846 nll=0.4667229 kl=0.002072841 consistency=0 lambda=0 beta=0.838 grad=12.40191 horizon=280 lifetime=[700,1154] skipped=False
2026-08-30 15:57:38,825 | INFO | step=4200/20000 loss=1.118323 nll=1.111414 kl=0.008224704 consistency=0 lambda=0 beta=0.84 grad=33.30745 horizon=120 lifetime=[493,1635] skipped=False
2026-08-30 15:57:39,220 | INFO | step=4210/20000 loss=1.129348 nll=1.124013 kl=0.006336975 consistency=0 lambda=0 beta=0.842 grad=25.19479 horizon=120 lifetime=[615,1705] skipped=False
2026-08-30 15:57:39,600 | INFO | step=4220/20000 loss=0.02929827 nll=0.02786806 kl=0.001694554 consistency=0 lambda=0 beta=0.844 grad=25.5246 horizon=120 lifetime=[455,856] skipped=False
2026-08-30 15:57:40,004 | INFO | step=4230/20000 loss=-0.4020036 nll=-0.4041452 kl=0.002531447 consistency=0 lambda=0 beta=0.846 grad=10.62441 horizon=300 lifetime=[486,1038] skipped=False
2026-08-30 15:57:40,417 | INFO | step=4240/20000 loss=-0.1366573 nll=-0.1382104 kl=0.001831435 consistency=0 lambda=0 beta=0.848 grad=66.40157 horizon=260 lifetime=[458,836] skipped=False
2026-08-30 15:57:40,783 | INFO | step=4250/20000 loss=-0.1730802 nll=-0.1753969 kl=0.002725486 consistency=0 lambda=0 beta=0.85 grad=21.69859 horizon=160 lifetime=[486,991] skipped=False
2026-08-30 15:57:41,172 | INFO | step=4260/20000 loss=-0.2126647 nll=-0.2158572 kl=0.003747052 consistency=0 lambda=0 beta=0.852 grad=56.41817 horizon=180 lifetime=[464,823] skipped=False
2026-08-30 15:57:41,610 | INFO | step=4270/20000 loss=0.07055911 nll=0.05958244 kl=0.01285324 consistency=0 lambda=0 beta=0.854 grad=8.17224 horizon=200 lifetime=[486,1071] skipped=False
2026-08-30 15:57:42,013 | INFO | step=4280/20000 loss=0.3715269 nll=0.3691895 kl=0.002730628 consistency=0 lambda=0 beta=0.856 grad=32.49801 horizon=120 lifetime=[464,1932] skipped=False
2026-08-30 15:57:42,388 | INFO | step=4290/20000 loss=0.03872967 nll=0.03588387 kl=0.003316775 consistency=0 lambda=0 beta=0.858 grad=16.26806 horizon=140 lifetime=[467,1076] skipped=False
2026-08-30 15:57:42,801 | INFO | step=4300/20000 loss=0.3802382 nll=0.3704365 kl=0.01139729 consistency=0 lambda=0 beta=0.86 grad=82.91737 horizon=260 lifetime=[458,1156] skipped=False
2026-08-30 15:57:43,146 | INFO | step=4310/20000 loss=-0.2843995 nll=-0.2921242 kl=0.008961279 consistency=0 lambda=0 beta=0.862 grad=25.94784 horizon=200 lifetime=[486,1038] skipped=False
2026-08-30 15:57:43,534 | INFO | step=4320/20000 loss=0.5639479 nll=0.5585288 kl=0.006271986 consistency=0 lambda=0 beta=0.864 grad=25.44492 horizon=100 lifetime=[437,1156] skipped=False
2026-08-30 15:57:43,989 | INFO | step=4330/20000 loss=1.311645 nll=1.309049 kl=0.002996829 consistency=0 lambda=0 beta=0.866 grad=73.88209 horizon=260 lifetime=[607,1858] skipped=False
2026-08-30 15:57:44,393 | INFO | step=4340/20000 loss=0.01887265 nll=0.01606272 kl=0.00323724 consistency=0 lambda=0 beta=0.868 grad=30.53854 horizon=200 lifetime=[476,1154] skipped=False
2026-08-30 15:57:44,760 | INFO | step=4350/20000 loss=-0.1886952 nll=-0.1918072 kl=0.003576992 consistency=0 lambda=0 beta=0.87 grad=35.59493 horizon=240 lifetime=[461,988] skipped=False
2026-08-30 15:57:45,174 | INFO | step=4360/20000 loss=0.5003007 nll=0.4980982 kl=0.002525803 consistency=0 lambda=0 beta=0.872 grad=71.30816 horizon=300 lifetime=[456,1932] skipped=False
2026-08-30 15:57:45,551 | INFO | step=4370/20000 loss=-0.3071443 nll=-0.3086909 kl=0.001769541 consistency=0 lambda=0 beta=0.874 grad=66.1111 horizon=260 lifetime=[467,964] skipped=False
2026-08-30 15:57:45,986 | INFO | step=4380/20000 loss=-0.177304 nll=-0.1790786 kl=0.002025794 consistency=0 lambda=0 beta=0.876 grad=45.64051 horizon=220 lifetime=[460,1431] skipped=False
2026-08-30 15:57:46,346 | INFO | step=4390/20000 loss=0.6688951 nll=0.6656746 kl=0.00366796 consistency=0 lambda=0 beta=0.878 grad=39.29362 horizon=100 lifetime=[559,1705] skipped=False
2026-08-30 15:57:46,732 | INFO | step=4400/20000 loss=0.1141212 nll=0.1101845 kl=0.004473465 consistency=0 lambda=0 beta=0.88 grad=45.51343 horizon=160 lifetime=[437,818] skipped=False
2026-08-30 15:57:47,179 | INFO | step=4410/20000 loss=0.1830288 nll=0.1750727 kl=0.009020491 consistency=0 lambda=0 beta=0.882 grad=53.92792 horizon=120 lifetime=[470,1431] skipped=False
2026-08-30 15:57:47,576 | INFO | step=4420/20000 loss=-0.3461577 nll=-0.3487836 kl=0.002970516 consistency=0 lambda=0 beta=0.884 grad=22.08359 horizon=300 lifetime=[455,868] skipped=False
2026-08-30 15:57:47,974 | INFO | step=4430/20000 loss=-0.02952745 nll=-0.03113658 kl=0.00181617 consistency=0 lambda=0 beta=0.886 grad=8.71874 horizon=300 lifetime=[437,1705] skipped=False
2026-08-30 15:57:48,361 | INFO | step=4440/20000 loss=0.1490117 nll=0.1475621 kl=0.001632466 consistency=0 lambda=0 beta=0.888 grad=98.07903 horizon=300 lifetime=[458,1705] skipped=False
2026-08-30 15:57:48,754 | INFO | step=4450/20000 loss=-0.1473735 nll=-0.1592795 kl=0.01337755 consistency=0 lambda=0 beta=0.89 grad=6.514855 horizon=160 lifetime=[455,855] skipped=False
2026-08-30 15:57:49,210 | INFO | step=4460/20000 loss=0.433691 nll=0.4308614 kl=0.00317229 consistency=0 lambda=0 beta=0.892 grad=38.51872 horizon=260 lifetime=[501,1143] skipped=False
2026-08-30 15:57:49,647 | INFO | step=4470/20000 loss=-0.2117053 nll=-0.2164669 kl=0.005326221 consistency=0 lambda=0 beta=0.894 grad=16.62111 horizon=240 lifetime=[299,868] skipped=False
2026-08-30 15:57:50,031 | INFO | step=4480/20000 loss=0.06334105 nll=0.05865221 kl=0.005233076 consistency=0 lambda=0 beta=0.896 grad=25.22972 horizon=100 lifetime=[299,1045] skipped=False
2026-08-30 15:57:50,449 | INFO | step=4490/20000 loss=0.9997491 nll=0.9977375 kl=0.002240064 consistency=0 lambda=0 beta=0.898 grad=72.86786 horizon=120 lifetime=[437,1858] skipped=False
2026-08-30 15:57:51,115 | INFO | validation step=4500 rmse=160.6152 best=160.6152@4500 stale=0/10
2026-08-30 15:57:51,115 | INFO | step=4500/20000 loss=1.003246 nll=0.9984016 kl=0.005382159 consistency=0 lambda=0 beta=0.9 grad=108.6862 horizon=140 lifetime=[486,1932] skipped=False
2026-08-30 15:57:51,528 | INFO | step=4510/20000 loss=0.5205975 nll=0.518741 kl=0.002058121 consistency=0 lambda=0 beta=0.902 grad=81.38475 horizon=100 lifetime=[476,1154] skipped=False
2026-08-30 15:57:51,893 | INFO | step=4520/20000 loss=1.556823 nll=1.555473 kl=0.001493712 consistency=0 lambda=0 beta=0.904 grad=93.38106 horizon=120 lifetime=[476,1858] skipped=False
2026-08-30 15:57:52,250 | INFO | step=4530/20000 loss=1.296317 nll=1.28885 kl=0.008242076 consistency=0 lambda=0 beta=0.906 grad=86.27463 horizon=100 lifetime=[461,1282] skipped=False
2026-08-30 15:57:52,674 | INFO | step=4540/20000 loss=-0.1770223 nll=-0.1785236 kl=0.001653511 consistency=0 lambda=0 beta=0.908 grad=29.31296 horizon=200 lifetime=[456,1705] skipped=False
2026-08-30 15:57:53,041 | INFO | step=4550/20000 loss=0.06763341 nll=0.06573597 kl=0.002085099 consistency=0 lambda=0 beta=0.91 grad=24.12753 horizon=280 lifetime=[461,1038] skipped=False
2026-08-30 15:57:53,426 | INFO | step=4560/20000 loss=0.5911664 nll=0.5849592 kl=0.00680611 consistency=0 lambda=0 beta=0.912 grad=13.54259 horizon=100 lifetime=[299,1932] skipped=False
2026-08-30 15:57:53,803 | INFO | step=4570/20000 loss=0.1252934 nll=0.120254 kl=0.005513547 consistency=0 lambda=0 beta=0.914 grad=11.43258 horizon=140 lifetime=[476,1007] skipped=False
2026-08-30 15:57:54,194 | INFO | step=4580/20000 loss=-0.2152907 nll=-0.2164522 kl=0.00126798 consistency=0 lambda=0 beta=0.916 grad=44.49434 horizon=160 lifetime=[476,871] skipped=False
2026-08-30 15:57:54,574 | INFO | step=4590/20000 loss=-0.03708453 nll=-0.04098076 kl=0.004244252 consistency=0 lambda=0 beta=0.918 grad=52.92243 horizon=120 lifetime=[456,1049] skipped=False
2026-08-30 15:57:54,983 | INFO | step=4600/20000 loss=-0.1409888 nll=-0.142408 kl=0.001542506 consistency=0 lambda=0 beta=0.92 grad=68.72063 horizon=300 lifetime=[455,1156] skipped=False
2026-08-30 15:57:55,326 | INFO | step=4610/20000 loss=0.2388638 nll=0.2350644 kl=0.004120864 consistency=0 lambda=0 beta=0.922 grad=29.3014 horizon=100 lifetime=[455,1431] skipped=False
2026-08-30 15:57:55,736 | INFO | step=4620/20000 loss=-0.4683961 nll=-0.4697614 kl=0.001477592 consistency=0 lambda=0 beta=0.924 grad=56.74269 horizon=240 lifetime=[437,1091] skipped=False
2026-08-30 15:57:56,126 | INFO | step=4630/20000 loss=-0.3419737 nll=-0.346042 kl=0.004393466 consistency=0 lambda=0 beta=0.926 grad=14.89151 horizon=180 lifetime=[464,1282] skipped=False
2026-08-30 15:57:56,519 | INFO | step=4640/20000 loss=0.71106 nll=0.7090489 kl=0.002167076 consistency=0 lambda=0 beta=0.928 grad=99.44773 horizon=240 lifetime=[607,1154] skipped=False
2026-08-30 15:57:56,877 | INFO | step=4650/20000 loss=-0.0179179 nll=-0.01935603 kl=0.001546373 consistency=0 lambda=0 beta=0.93 grad=88.99438 horizon=240 lifetime=[464,1635] skipped=False
2026-08-30 15:57:57,262 | INFO | step=4660/20000 loss=0.1789399 nll=0.1761208 kl=0.003024732 consistency=0 lambda=0 beta=0.932 grad=117.1029 horizon=160 lifetime=[486,1061] skipped=False
2026-08-30 15:57:57,672 | INFO | step=4670/20000 loss=0.1377252 nll=0.136813 kl=0.0009766303 consistency=0 lambda=0 beta=0.934 grad=90.5548 horizon=300 lifetime=[458,1045] skipped=False
2026-08-30 15:57:58,061 | INFO | step=4680/20000 loss=-0.8801927 nll=-0.8841209 kl=0.004196831 consistency=0 lambda=0 beta=0.936 grad=29.91787 horizon=240 lifetime=[455,774] skipped=False
2026-08-30 15:57:58,465 | INFO | step=4690/20000 loss=0.7169046 nll=0.7143644 kl=0.002708142 consistency=0 lambda=0 beta=0.938 grad=179.6939 horizon=180 lifetime=[299,1932] skipped=False
2026-08-30 15:57:58,883 | INFO | step=4700/20000 loss=-0.1329464 nll=-0.1347559 kl=0.001924926 consistency=0 lambda=0 beta=0.94 grad=48.27697 horizon=200 lifetime=[437,1932] skipped=False
2026-08-30 15:57:59,324 | INFO | step=4710/20000 loss=0.7542586 nll=0.7533303 kl=0.000985384 consistency=0 lambda=0 beta=0.942 grad=147.0308 horizon=180 lifetime=[476,1156] skipped=False
2026-08-30 15:57:59,769 | INFO | step=4720/20000 loss=0.9749382 nll=0.9740733 kl=0.0009161569 consistency=0 lambda=0 beta=0.944 grad=100.5904 horizon=200 lifetime=[437,1091] skipped=False
2026-08-30 15:58:00,155 | INFO | step=4730/20000 loss=0.3412673 nll=0.339002 kl=0.002394598 consistency=0 lambda=0 beta=0.946 grad=36.93189 horizon=260 lifetime=[476,1431] skipped=False
2026-08-30 15:58:00,594 | INFO | step=4740/20000 loss=-0.3008777 nll=-0.3016406 kl=0.0008047186 consistency=0 lambda=0 beta=0.948 grad=29.1181 horizon=300 lifetime=[467,1007] skipped=False
2026-08-30 15:58:00,946 | INFO | step=4750/20000 loss=0.6684177 nll=0.6651145 kl=0.003477099 consistency=0 lambda=0 beta=0.95 grad=93.44398 horizon=220 lifetime=[508,1858] skipped=False
2026-08-30 15:58:01,311 | INFO | step=4760/20000 loss=0.6066456 nll=0.599159 kl=0.007864096 consistency=0 lambda=0 beta=0.952 grad=113.3999 horizon=200 lifetime=[476,1000] skipped=False
2026-08-30 15:58:01,687 | INFO | step=4770/20000 loss=0.1627642 nll=0.1615892 kl=0.00123167 consistency=0 lambda=0 beta=0.954 grad=21.82924 horizon=140 lifetime=[501,1932] skipped=False
2026-08-30 15:58:02,096 | INFO | step=4780/20000 loss=0.3387248 nll=0.3367432 kl=0.002072791 consistency=0 lambda=0 beta=0.956 grad=35.28234 horizon=100 lifetime=[476,1091] skipped=False
2026-08-30 15:58:02,497 | INFO | step=4790/20000 loss=-0.001066127 nll=-0.00258486 kl=0.001585316 consistency=0 lambda=0 beta=0.958 grad=50.54025 horizon=280 lifetime=[482,1858] skipped=False
2026-08-30 15:58:02,901 | INFO | step=4800/20000 loss=0.4527231 nll=0.4509858 kl=0.00180977 consistency=0 lambda=0 beta=0.96 grad=41.74246 horizon=120 lifetime=[614,1858] skipped=False
2026-08-30 15:58:03,320 | INFO | step=4810/20000 loss=0.2076932 nll=0.1999544 kl=0.008044515 consistency=0 lambda=0 beta=0.962 grad=61.69099 horizon=260 lifetime=[299,1015] skipped=False
2026-08-30 15:58:03,695 | INFO | step=4820/20000 loss=-0.1884568 nll=-0.1904625 kl=0.002080647 consistency=0 lambda=0 beta=0.964 grad=19.57893 horizon=220 lifetime=[512,1431] skipped=False
2026-08-30 15:58:04,084 | INFO | step=4830/20000 loss=0.6214281 nll=0.6173047 kl=0.004268453 consistency=0 lambda=0 beta=0.966 grad=44.81848 horizon=140 lifetime=[467,1932] skipped=False
2026-08-30 15:58:04,473 | INFO | step=4840/20000 loss=-0.1588969 nll=-0.1623573 kl=0.003574736 consistency=0 lambda=0 beta=0.968 grad=22.86362 horizon=260 lifetime=[486,1282] skipped=False
2026-08-30 15:58:04,879 | INFO | step=4850/20000 loss=-0.2369504 nll=-0.2422953 kl=0.005510223 consistency=0 lambda=0 beta=0.97 grad=13.05882 horizon=260 lifetime=[675,1282] skipped=False
2026-08-30 15:58:05,263 | INFO | step=4860/20000 loss=0.7123269 nll=0.7044389 kl=0.008115239 consistency=0 lambda=0 beta=0.972 grad=47.36611 horizon=120 lifetime=[493,964] skipped=False
2026-08-30 15:58:05,671 | INFO | step=4870/20000 loss=0.12186 nll=0.1126595 kl=0.009446086 consistency=0 lambda=0 beta=0.974 grad=13.5634 horizon=180 lifetime=[477,1154] skipped=False
2026-08-30 15:58:06,065 | INFO | step=4880/20000 loss=-0.06942229 nll=-0.07431044 kl=0.00500835 consistency=0 lambda=0 beta=0.976 grad=75.84316 horizon=180 lifetime=[437,1635] skipped=False
2026-08-30 15:58:06,454 | INFO | step=4890/20000 loss=0.3638062 nll=0.3602996 kl=0.003585436 consistency=0 lambda=0 beta=0.978 grad=58.10511 horizon=160 lifetime=[455,1705] skipped=False
2026-08-30 15:58:06,838 | INFO | step=4900/20000 loss=0.595168 nll=0.5887118 kl=0.006587927 consistency=0 lambda=0 beta=0.98 grad=16.80506 horizon=160 lifetime=[476,1858] skipped=False
2026-08-30 15:58:07,219 | INFO | step=4910/20000 loss=1.082138 nll=1.079705 kl=0.002476768 consistency=0 lambda=0 beta=0.982 grad=127.5096 horizon=100 lifetime=[460,1635] skipped=False
2026-08-30 15:58:07,605 | INFO | step=4920/20000 loss=-0.1096305 nll=-0.1105564 kl=0.0009409674 consistency=0 lambda=0 beta=0.984 grad=32.53703 horizon=120 lifetime=[512,856] skipped=False
2026-08-30 15:58:08,037 | INFO | step=4930/20000 loss=-0.2168388 nll=-0.2197113 kl=0.0029133 consistency=0 lambda=0 beta=0.986 grad=58.20286 horizon=300 lifetime=[467,1143] skipped=False
2026-08-30 15:58:08,499 | INFO | step=4940/20000 loss=-0.1214598 nll=-0.1251804 kl=0.003765794 consistency=0 lambda=0 beta=0.988 grad=20.49953 horizon=140 lifetime=[437,1091] skipped=False
2026-08-30 15:58:08,882 | INFO | step=4950/20000 loss=-0.2943005 nll=-0.2984296 kl=0.004170852 consistency=0 lambda=0 beta=0.99 grad=62.559 horizon=200 lifetime=[484,1049] skipped=False
2026-08-30 15:58:09,292 | INFO | step=4960/20000 loss=-0.3387182 nll=-0.3399431 kl=0.001234744 consistency=0 lambda=0 beta=0.992 grad=15.85865 horizon=140 lifetime=[455,988] skipped=False
2026-08-30 15:58:09,645 | INFO | step=4970/20000 loss=0.3335775 nll=0.3258533 kl=0.00777081 consistency=0 lambda=0 beta=0.994 grad=59.58176 horizon=280 lifetime=[464,1154] skipped=False
2026-08-30 15:58:10,085 | INFO | step=4980/20000 loss=0.4530154 nll=0.4514025 kl=0.001619471 consistency=0 lambda=0 beta=0.996 grad=135.8156 horizon=240 lifetime=[486,1932] skipped=False
2026-08-30 15:58:10,458 | INFO | step=4990/20000 loss=-0.3649738 nll=-0.3668823 kl=0.001912313 consistency=0 lambda=0 beta=0.998 grad=29.48618 horizon=240 lifetime=[486,1282] skipped=False
2026-08-30 15:58:11,131 | INFO | validation step=5000 rmse=174.9143 best=160.6152@4500 stale=1/10
2026-08-30 15:58:11,131 | INFO | step=5000/20000 loss=-0.1428111 nll=-0.1444694 kl=0.001658264 consistency=0 lambda=0 beta=1 grad=28.71359 horizon=200 lifetime=[456,841] skipped=False
2026-08-30 15:58:11,799 | INFO | step=5010/20000 loss=-0.05572814 nll=-0.05702456 kl=0.001296423 consistency=0 lambda=0 beta=1 grad=17.41564 horizon=240 lifetime=[476,856] skipped=False
2026-08-30 15:58:12,188 | INFO | step=5020/20000 loss=-0.1538547 nll=-0.1552467 kl=0.001392049 consistency=0 lambda=0 beta=1 grad=31.92541 horizon=180 lifetime=[486,1025] skipped=False
2026-08-30 15:58:12,610 | INFO | step=5030/20000 loss=-0.2722037 nll=-0.2743629 kl=0.002159211 consistency=0 lambda=0 beta=1 grad=25.47321 horizon=120 lifetime=[437,988] skipped=False
2026-08-30 15:58:12,954 | INFO | step=5040/20000 loss=-0.3286484 nll=-0.3378354 kl=0.00918695 consistency=0 lambda=0 beta=1 grad=54.78828 horizon=120 lifetime=[456,1143] skipped=False
2026-08-30 15:58:13,311 | INFO | step=5050/20000 loss=-0.160673 nll=-0.1670859 kl=0.00641289 consistency=0 lambda=0 beta=1 grad=57.6912 horizon=120 lifetime=[486,1045] skipped=False
2026-08-30 15:58:13,744 | INFO | step=5060/20000 loss=0.100401 nll=0.09916404 kl=0.001236937 consistency=0 lambda=0 beta=1 grad=58.64225 horizon=240 lifetime=[491,988] skipped=False
2026-08-30 15:58:14,146 | INFO | step=5070/20000 loss=0.6549259 nll=0.6488048 kl=0.00612116 consistency=0 lambda=0 beta=1 grad=88.29354 horizon=220 lifetime=[455,1000] skipped=False
2026-08-30 15:58:14,533 | INFO | step=5080/20000 loss=0.7887672 nll=0.7815326 kl=0.007234523 consistency=0 lambda=0 beta=1 grad=78.04417 horizon=100 lifetime=[458,1858] skipped=False
2026-08-30 15:58:14,913 | INFO | step=5090/20000 loss=0.1966002 nll=0.1925959 kl=0.004004338 consistency=0 lambda=0 beta=1 grad=55.78087 horizon=100 lifetime=[437,1282] skipped=False
2026-08-30 15:58:15,340 | INFO | step=5100/20000 loss=0.2092059 nll=0.2044918 kl=0.004714137 consistency=0 lambda=0 beta=1 grad=31.18275 horizon=160 lifetime=[476,1156] skipped=False
2026-08-30 15:58:15,759 | INFO | step=5110/20000 loss=-0.3384881 nll=-0.3407018 kl=0.002213683 consistency=0 lambda=0 beta=1 grad=23.34034 horizon=200 lifetime=[476,1143] skipped=False
2026-08-30 15:58:16,103 | INFO | step=5120/20000 loss=0.3117907 nll=0.3047041 kl=0.007086631 consistency=0 lambda=0 beta=1 grad=30.9807 horizon=100 lifetime=[460,1932] skipped=False
2026-08-30 15:58:16,440 | INFO | step=5130/20000 loss=0.2724587 nll=0.2686952 kl=0.003763567 consistency=0 lambda=0 beta=1 grad=82.73685 horizon=240 lifetime=[529,1282] skipped=False
2026-08-30 15:58:16,808 | INFO | step=5140/20000 loss=0.0227931 nll=0.01885585 kl=0.003937243 consistency=0 lambda=0 beta=1 grad=68.47414 horizon=280 lifetime=[437,1025] skipped=False
2026-08-30 15:58:17,219 | INFO | step=5150/20000 loss=0.2534056 nll=0.2499284 kl=0.003477208 consistency=0 lambda=0 beta=1 grad=13.80558 horizon=120 lifetime=[482,1156] skipped=False
2026-08-30 15:58:17,643 | INFO | step=5160/20000 loss=-0.403794 nll=-0.4099118 kl=0.006117823 consistency=0 lambda=0 beta=1 grad=17.66257 horizon=300 lifetime=[476,1091] skipped=False
2026-08-30 15:58:18,014 | INFO | step=5170/20000 loss=0.06607326 nll=0.06239611 kl=0.003677152 consistency=0 lambda=0 beta=1 grad=52.87688 horizon=120 lifetime=[437,1635] skipped=False
2026-08-30 15:58:18,406 | INFO | step=5180/20000 loss=-0.3099531 nll=-0.3139469 kl=0.003993804 consistency=0 lambda=0 beta=1 grad=22.01973 horizon=300 lifetime=[486,1007] skipped=False
2026-08-30 15:58:18,829 | INFO | step=5190/20000 loss=1.19766 nll=1.194815 kl=0.002844468 consistency=0 lambda=0 beta=1 grad=84.51028 horizon=200 lifetime=[677,1431] skipped=False
2026-08-30 15:58:19,209 | INFO | step=5200/20000 loss=-0.2813804 nll=-0.2827996 kl=0.001419285 consistency=0 lambda=0 beta=1 grad=22.25503 horizon=300 lifetime=[476,1076] skipped=False
2026-08-30 15:58:19,582 | INFO | step=5210/20000 loss=-0.4397434 nll=-0.4410241 kl=0.001280671 consistency=0 lambda=0 beta=1 grad=45.85567 horizon=300 lifetime=[461,855] skipped=False
2026-08-30 15:58:19,966 | INFO | step=5220/20000 loss=0.2242217 nll=0.2188604 kl=0.005361339 consistency=0 lambda=0 beta=1 grad=27.15434 horizon=220 lifetime=[615,1858] skipped=False
2026-08-30 15:58:20,369 | INFO | step=5230/20000 loss=-0.4325967 nll=-0.436262 kl=0.003665385 consistency=0 lambda=0 beta=1 grad=60.92788 horizon=280 lifetime=[437,1932] skipped=False
2026-08-30 15:58:20,749 | INFO | step=5240/20000 loss=0.6625156 nll=0.66058 kl=0.001935607 consistency=0 lambda=0 beta=1 grad=87.86541 horizon=140 lifetime=[476,988] skipped=False
2026-08-30 15:58:21,137 | INFO | step=5250/20000 loss=0.4868444 nll=0.4830438 kl=0.003800618 consistency=0 lambda=0 beta=1 grad=92.35873 horizon=160 lifetime=[458,1049] skipped=False
2026-08-30 15:58:21,515 | INFO | step=5260/20000 loss=-0.1022904 nll=-0.1079534 kl=0.005663052 consistency=0 lambda=0 beta=1 grad=11.71123 horizon=160 lifetime=[493,1156] skipped=False
2026-08-30 15:58:21,930 | INFO | step=5270/20000 loss=0.4689846 nll=0.4671716 kl=0.001812978 consistency=0 lambda=0 beta=1 grad=44.62935 horizon=180 lifetime=[508,1045] skipped=False
2026-08-30 15:58:22,290 | INFO | step=5280/20000 loss=0.5890335 nll=0.5867094 kl=0.002324099 consistency=0 lambda=0 beta=1 grad=35.85802 horizon=100 lifetime=[456,1282] skipped=False
2026-08-30 15:58:22,628 | INFO | step=5290/20000 loss=0.1331756 nll=0.1308516 kl=0.002324017 consistency=0 lambda=0 beta=1 grad=132.5662 horizon=300 lifetime=[512,1932] skipped=False
2026-08-30 15:58:22,986 | INFO | step=5300/20000 loss=0.1509423 nll=0.1483333 kl=0.002608934 consistency=0 lambda=0 beta=1 grad=54.25031 horizon=220 lifetime=[476,1932] skipped=False
2026-08-30 15:58:23,380 | INFO | step=5310/20000 loss=-0.3261766 nll=-0.3289855 kl=0.002808884 consistency=0 lambda=0 beta=1 grad=28.90998 horizon=220 lifetime=[470,988] skipped=False
2026-08-30 15:58:23,749 | INFO | step=5320/20000 loss=-0.09794037 nll=-0.1003655 kl=0.002425181 consistency=0 lambda=0 beta=1 grad=71.30003 horizon=180 lifetime=[437,964] skipped=False
2026-08-30 15:58:24,125 | INFO | step=5330/20000 loss=-0.8209129 nll=-0.8247632 kl=0.003850309 consistency=0 lambda=0 beta=1 grad=49.80693 horizon=260 lifetime=[299,991] skipped=False
2026-08-30 15:58:24,513 | INFO | step=5340/20000 loss=0.7768195 nll=0.77389 kl=0.002929452 consistency=0 lambda=0 beta=1 grad=32.42817 horizon=140 lifetime=[484,1858] skipped=False
2026-08-30 15:58:24,920 | INFO | step=5350/20000 loss=0.1690964 nll=0.1683663 kl=0.0007301793 consistency=0 lambda=0 beta=1 grad=44.63148 horizon=280 lifetime=[559,1635] skipped=False
2026-08-30 15:58:25,316 | INFO | step=5360/20000 loss=0.5945226 nll=0.5898337 kl=0.004688846 consistency=0 lambda=0 beta=1 grad=20.39659 horizon=180 lifetime=[615,1932] skipped=False
2026-08-30 15:58:25,662 | INFO | step=5370/20000 loss=-0.2557014 nll=-0.2571168 kl=0.001415445 consistency=0 lambda=0 beta=1 grad=52.913 horizon=160 lifetime=[458,1932] skipped=False
2026-08-30 15:58:26,043 | INFO | step=5380/20000 loss=-0.09274974 nll=-0.09402683 kl=0.001277098 consistency=0 lambda=0 beta=1 grad=16.08528 horizon=300 lifetime=[675,1635] skipped=False
2026-08-30 15:58:26,459 | INFO | step=5390/20000 loss=0.3451379 nll=0.3402879 kl=0.004849947 consistency=0 lambda=0 beta=1 grad=62.29598 horizon=180 lifetime=[477,1858] skipped=False
2026-08-30 15:58:26,839 | INFO | step=5400/20000 loss=0.5118138 nll=0.5102654 kl=0.00154845 consistency=0 lambda=0 beta=1 grad=93.77935 horizon=260 lifetime=[470,1635] skipped=False
2026-08-30 15:58:27,244 | INFO | step=5410/20000 loss=0.2936341 nll=0.2925621 kl=0.001072045 consistency=0 lambda=0 beta=1 grad=112.1603 horizon=260 lifetime=[467,1038] skipped=False
2026-08-30 15:58:27,608 | INFO | step=5420/20000 loss=0.7105086 nll=0.7026257 kl=0.007882917 consistency=0 lambda=0 beta=1 grad=35.46866 horizon=120 lifetime=[486,1025] skipped=False
2026-08-30 15:58:28,018 | INFO | step=5430/20000 loss=-0.06703802 nll=-0.06825516 kl=0.001217139 consistency=0 lambda=0 beta=1 grad=45.12203 horizon=120 lifetime=[437,828] skipped=False
2026-08-30 15:58:28,436 | INFO | step=5440/20000 loss=-0.194679 nll=-0.1970276 kl=0.002348622 consistency=0 lambda=0 beta=1 grad=58.58563 horizon=260 lifetime=[707,1282] skipped=False
2026-08-30 15:58:28,870 | INFO | step=5450/20000 loss=-0.5397764 nll=-0.5459659 kl=0.006189436 consistency=0 lambda=0 beta=1 grad=30.72593 horizon=260 lifetime=[299,1061] skipped=False
2026-08-30 15:58:29,209 | INFO | step=5460/20000 loss=0.04325579 nll=0.04184452 kl=0.00141127 consistency=0 lambda=0 beta=1 grad=40.00743 horizon=260 lifetime=[510,1076] skipped=False
2026-08-30 15:58:29,620 | INFO | step=5470/20000 loss=-0.1966696 nll=-0.199052 kl=0.002382397 consistency=0 lambda=0 beta=1 grad=23.40183 horizon=140 lifetime=[455,1431] skipped=False
2026-08-30 15:58:30,016 | INFO | step=5480/20000 loss=-0.5776306 nll=-0.5791715 kl=0.00154098 consistency=0 lambda=0 beta=1 grad=51.89974 horizon=260 lifetime=[461,1143] skipped=False
2026-08-30 15:58:30,423 | INFO | step=5490/20000 loss=-0.003341166 nll=-0.005935855 kl=0.002594689 consistency=0 lambda=0 beta=1 grad=67.02108 horizon=120 lifetime=[461,1061] skipped=False
2026-08-30 15:58:31,096 | INFO | validation step=5500 rmse=155.6079 best=155.6079@5500 stale=0/10
2026-08-30 15:58:31,096 | INFO | step=5500/20000 loss=-0.3504993 nll=-0.3517953 kl=0.00129599 consistency=0 lambda=0 beta=1 grad=36.24823 horizon=200 lifetime=[456,1282] skipped=False
2026-08-30 15:58:31,565 | INFO | step=5510/20000 loss=-0.3717601 nll=-0.372832 kl=0.001071848 consistency=0 lambda=0 beta=1 grad=79.61636 horizon=260 lifetime=[458,1025] skipped=False
2026-08-30 15:58:31,955 | INFO | step=5520/20000 loss=-0.08934447 nll=-0.09031504 kl=0.0009705755 consistency=0 lambda=0 beta=1 grad=17.29571 horizon=240 lifetime=[607,1705] skipped=False
2026-08-30 15:58:32,318 | INFO | step=5530/20000 loss=0.06163086 nll=0.05854324 kl=0.00308763 consistency=0 lambda=0 beta=1 grad=87.74041 horizon=220 lifetime=[456,1282] skipped=False
2026-08-30 15:58:32,690 | INFO | step=5540/20000 loss=-0.440365 nll=-0.4419608 kl=0.001595715 consistency=0 lambda=0 beta=1 grad=19.16657 horizon=300 lifetime=[486,774] skipped=False
2026-08-30 15:58:33,044 | INFO | step=5550/20000 loss=-0.3709355 nll=-0.3749077 kl=0.003972161 consistency=0 lambda=0 beta=1 grad=32.02689 horizon=200 lifetime=[437,1932] skipped=False
2026-08-30 15:58:33,476 | INFO | step=5560/20000 loss=-0.4188472 nll=-0.4200406 kl=0.001193425 consistency=0 lambda=0 beta=1 grad=83.68513 horizon=280 lifetime=[456,823] skipped=False
2026-08-30 15:58:33,878 | INFO | step=5570/20000 loss=0.7318816 nll=0.7309647 kl=0.0009169267 consistency=0 lambda=0 beta=1 grad=154.8289 horizon=300 lifetime=[539,1038] skipped=False
2026-08-30 15:58:34,270 | INFO | step=5580/20000 loss=0.7635394 nll=0.7566231 kl=0.00691626 consistency=0 lambda=0 beta=1 grad=17.78369 horizon=100 lifetime=[501,1049] skipped=False
2026-08-30 15:58:34,664 | INFO | step=5590/20000 loss=0.1269384 nll=0.1228615 kl=0.004076833 consistency=0 lambda=0 beta=1 grad=36.16299 horizon=120 lifetime=[456,875] skipped=False
2026-08-30 15:58:35,081 | INFO | step=5600/20000 loss=-0.03167141 nll=-0.03316085 kl=0.00148944 consistency=0 lambda=0 beta=1 grad=75.43848 horizon=240 lifetime=[464,891] skipped=False
2026-08-30 15:58:35,489 | INFO | step=5610/20000 loss=-0.07912926 nll=-0.08027951 kl=0.001150258 consistency=0 lambda=0 beta=1 grad=20.55167 horizon=200 lifetime=[458,1932] skipped=False
2026-08-30 15:58:35,891 | INFO | step=5620/20000 loss=0.215246 nll=0.2145979 kl=0.0006481148 consistency=0 lambda=0 beta=1 grad=125.7116 horizon=300 lifetime=[455,1036] skipped=False
2026-08-30 15:58:36,290 | INFO | step=5630/20000 loss=-0.2383708 nll=-0.2402555 kl=0.001884691 consistency=0 lambda=0 beta=1 grad=19.85729 horizon=300 lifetime=[501,1635] skipped=False
2026-08-30 15:58:36,685 | INFO | step=5640/20000 loss=0.6995508 nll=0.6956552 kl=0.003895581 consistency=0 lambda=0 beta=1 grad=46.77478 horizon=240 lifetime=[486,1635] skipped=False
2026-08-30 15:58:37,058 | INFO | step=5650/20000 loss=0.3084566 nll=0.3071044 kl=0.001352238 consistency=0 lambda=0 beta=1 grad=18.08007 horizon=280 lifetime=[508,1282] skipped=False
2026-08-30 15:58:37,429 | INFO | step=5660/20000 loss=-0.3061492 nll=-0.307469 kl=0.001319824 consistency=0 lambda=0 beta=1 grad=30.68341 horizon=180 lifetime=[467,1071] skipped=False
2026-08-30 15:58:37,829 | INFO | step=5670/20000 loss=-0.1179504 nll=-0.122471 kl=0.004520595 consistency=0 lambda=0 beta=1 grad=23.55848 horizon=120 lifetime=[464,1036] skipped=False
2026-08-30 15:58:38,255 | INFO | step=5680/20000 loss=-0.2663899 nll=-0.2677895 kl=0.001399532 consistency=0 lambda=0 beta=1 grad=74.46067 horizon=280 lifetime=[455,1143] skipped=False
2026-08-30 15:58:38,603 | INFO | step=5690/20000 loss=-0.1132737 nll=-0.1138676 kl=0.0005939063 consistency=0 lambda=0 beta=1 grad=53.30576 horizon=180 lifetime=[482,1036] skipped=False
2026-08-30 15:58:38,987 | INFO | step=5700/20000 loss=-0.1520852 nll=-0.1535341 kl=0.00144894 consistency=0 lambda=0 beta=1 grad=86.65902 horizon=220 lifetime=[477,1076] skipped=False
2026-08-30 15:58:39,353 | INFO | step=5710/20000 loss=-0.1424699 nll=-0.1440253 kl=0.001555331 consistency=0 lambda=0 beta=1 grad=16.21294 horizon=140 lifetime=[437,1282] skipped=False
2026-08-30 15:58:39,715 | INFO | step=5720/20000 loss=0.3670658 nll=0.3632546 kl=0.003811207 consistency=0 lambda=0 beta=1 grad=54.26837 horizon=120 lifetime=[456,991] skipped=False
2026-08-30 15:58:40,083 | INFO | step=5730/20000 loss=-0.01845627 nll=-0.02197926 kl=0.003522988 consistency=0 lambda=0 beta=1 grad=63.15978 horizon=160 lifetime=[461,1431] skipped=False
2026-08-30 15:58:40,516 | INFO | step=5740/20000 loss=-0.2751608 nll=-0.279049 kl=0.003888234 consistency=0 lambda=0 beta=1 grad=54.58696 horizon=240 lifetime=[460,874] skipped=False
2026-08-30 15:58:40,932 | INFO | step=5750/20000 loss=-0.3798869 nll=-0.3828728 kl=0.002985906 consistency=0 lambda=0 beta=1 grad=56.88926 horizon=280 lifetime=[477,1076] skipped=False
2026-08-30 15:58:41,314 | INFO | step=5760/20000 loss=0.1955928 nll=0.193873 kl=0.001719795 consistency=0 lambda=0 beta=1 grad=63.74267 horizon=240 lifetime=[633,1282] skipped=False
2026-08-30 15:58:41,703 | INFO | step=5770/20000 loss=0.1634896 nll=0.1603114 kl=0.0031782 consistency=0 lambda=0 beta=1 grad=48.51082 horizon=160 lifetime=[508,1858] skipped=False
2026-08-30 15:58:42,040 | INFO | step=5780/20000 loss=0.1117164 nll=0.1102028 kl=0.001513582 consistency=0 lambda=0 beta=1 grad=60.44023 horizon=160 lifetime=[512,1156] skipped=False
2026-08-30 15:58:42,452 | INFO | step=5790/20000 loss=-0.1112803 nll=-0.1137939 kl=0.002513632 consistency=0 lambda=0 beta=1 grad=38.57692 horizon=220 lifetime=[458,1154] skipped=False
2026-08-30 15:58:42,811 | INFO | step=5800/20000 loss=0.2722265 nll=0.2686642 kl=0.003562253 consistency=0 lambda=0 beta=1 grad=36.28019 horizon=140 lifetime=[486,1282] skipped=False
2026-08-30 15:58:43,203 | INFO | step=5810/20000 loss=-0.5808864 nll=-0.5841603 kl=0.003273949 consistency=0 lambda=0 beta=1 grad=34.76381 horizon=260 lifetime=[437,828] skipped=False
2026-08-30 15:58:43,608 | INFO | step=5820/20000 loss=0.1423655 nll=0.1377119 kl=0.0046536 consistency=0 lambda=0 beta=1 grad=34.85183 horizon=120 lifetime=[510,868] skipped=False
2026-08-30 15:58:43,974 | INFO | step=5830/20000 loss=-0.6179301 nll=-0.6228501 kl=0.004919982 consistency=0 lambda=0 beta=1 grad=30.15132 horizon=180 lifetime=[455,1431] skipped=False
2026-08-30 15:58:44,375 | INFO | step=5840/20000 loss=0.6971136 nll=0.6938626 kl=0.003251057 consistency=0 lambda=0 beta=1 grad=173.39 horizon=280 lifetime=[455,1000] skipped=False
2026-08-30 15:58:44,744 | INFO | step=5850/20000 loss=0.3149162 nll=0.3133026 kl=0.001613619 consistency=0 lambda=0 beta=1 grad=54.03591 horizon=220 lifetime=[437,1000] skipped=False
2026-08-30 15:58:45,103 | INFO | step=5860/20000 loss=0.8528598 nll=0.8498638 kl=0.002996026 consistency=0 lambda=0 beta=1 grad=128.9747 horizon=140 lifetime=[539,1858] skipped=False
2026-08-30 15:58:45,514 | INFO | step=5870/20000 loss=-0.4039081 nll=-0.4054222 kl=0.001514062 consistency=0 lambda=0 beta=1 grad=85.42926 horizon=200 lifetime=[437,1025] skipped=False
2026-08-30 15:58:45,899 | INFO | step=5880/20000 loss=0.09558256 nll=0.09389611 kl=0.001686458 consistency=0 lambda=0 beta=1 grad=54.32514 horizon=120 lifetime=[464,964] skipped=False
2026-08-30 15:58:46,358 | INFO | step=5890/20000 loss=-0.2522069 nll=-0.253404 kl=0.001197072 consistency=0 lambda=0 beta=1 grad=22.32528 horizon=220 lifetime=[458,1007] skipped=False
2026-08-30 15:58:46,739 | INFO | step=5900/20000 loss=0.2762187 nll=0.2687519 kl=0.007466838 consistency=0 lambda=0 beta=1 grad=20.60965 horizon=100 lifetime=[648,1858] skipped=False
2026-08-30 15:58:47,091 | INFO | step=5910/20000 loss=-0.2770986 nll=-0.2828112 kl=0.005712575 consistency=0 lambda=0 beta=1 grad=30.94492 horizon=200 lifetime=[461,1635] skipped=False
2026-08-30 15:58:47,501 | INFO | step=5920/20000 loss=0.1132787 nll=0.1094735 kl=0.003805157 consistency=0 lambda=0 beta=1 grad=81.85445 horizon=200 lifetime=[437,1076] skipped=False
2026-08-30 15:58:47,868 | INFO | step=5930/20000 loss=-0.009020983 nll=-0.01552412 kl=0.006503136 consistency=0 lambda=0 beta=1 grad=82.51276 horizon=220 lifetime=[458,1091] skipped=False
2026-08-30 15:58:48,271 | INFO | step=5940/20000 loss=0.4745359 nll=0.4731996 kl=0.001336321 consistency=0 lambda=0 beta=1 grad=132.8546 horizon=280 lifetime=[510,1071] skipped=False
2026-08-30 15:58:48,667 | INFO | step=5950/20000 loss=-0.0002773469 nll=-0.001110286 kl=0.0008329386 consistency=0 lambda=0 beta=1 grad=111.381 horizon=220 lifetime=[467,1061] skipped=False
2026-08-30 15:58:49,017 | INFO | step=5960/20000 loss=-0.2080427 nll=-0.210682 kl=0.00263931 consistency=0 lambda=0 beta=1 grad=54.65905 horizon=140 lifetime=[437,814] skipped=False
2026-08-30 15:58:49,412 | INFO | step=5970/20000 loss=-0.1851198 nll=-0.1894199 kl=0.004300036 consistency=0 lambda=0 beta=1 grad=36.75702 horizon=300 lifetime=[458,1858] skipped=False
2026-08-30 15:58:49,799 | INFO | step=5980/20000 loss=-0.1300577 nll=-0.1311885 kl=0.001130775 consistency=0 lambda=0 beta=1 grad=93.52953 horizon=160 lifetime=[464,1705] skipped=False
2026-08-30 15:58:50,193 | INFO | step=5990/20000 loss=0.8310236 nll=0.8289102 kl=0.00211339 consistency=0 lambda=0 beta=1 grad=154.181 horizon=220 lifetime=[299,1932] skipped=False
2026-08-30 15:58:50,894 | INFO | validation step=6000 rmse=157.3898 best=155.6079@5500 stale=1/10
2026-08-30 15:58:50,894 | INFO | step=6000/20000 loss=0.7095819 nll=0.7054981 kl=0.004083805 consistency=0 lambda=0 beta=1 grad=83.9319 horizon=120 lifetime=[437,1932] skipped=False
2026-08-30 15:58:51,341 | INFO | step=6010/20000 loss=-0.822242 nll=-0.8262691 kl=0.004027161 consistency=0 lambda=0 beta=1 grad=18.48525 horizon=300 lifetime=[460,868] skipped=False
2026-08-30 15:58:51,732 | INFO | step=6020/20000 loss=-0.2033341 nll=-0.2060573 kl=0.002723221 consistency=0 lambda=0 beta=1 grad=18.18767 horizon=300 lifetime=[491,1049] skipped=False
2026-08-30 15:58:52,184 | INFO | step=6030/20000 loss=-0.2607712 nll=-0.2618794 kl=0.001108098 consistency=0 lambda=0 beta=1 grad=30.09684 horizon=220 lifetime=[477,1036] skipped=False
2026-08-30 15:58:52,593 | INFO | step=6040/20000 loss=0.1917188 nll=0.1890982 kl=0.002620637 consistency=0 lambda=0 beta=1 grad=102.2433 horizon=300 lifetime=[455,1156] skipped=False
2026-08-30 15:58:52,975 | INFO | step=6050/20000 loss=-0.2573795 nll=-0.2586991 kl=0.001319548 consistency=0 lambda=0 beta=1 grad=18.88328 horizon=140 lifetime=[464,1025] skipped=False
2026-08-30 15:58:53,373 | INFO | step=6060/20000 loss=-0.5065837 nll=-0.5082847 kl=0.001701053 consistency=0 lambda=0 beta=1 grad=52.6334 horizon=300 lifetime=[467,1932] skipped=False
2026-08-30 15:58:53,769 | INFO | step=6070/20000 loss=-0.01591322 nll=-0.01851966 kl=0.002606446 consistency=0 lambda=0 beta=1 grad=30.12701 horizon=140 lifetime=[518,1025] skipped=False
2026-08-30 15:58:54,136 | INFO | step=6080/20000 loss=-0.2062877 nll=-0.2109657 kl=0.004677989 consistency=0 lambda=0 beta=1 grad=19.28529 horizon=160 lifetime=[493,988] skipped=False
2026-08-30 15:58:54,518 | INFO | step=6090/20000 loss=-0.08985747 nll=-0.09087947 kl=0.001021996 consistency=0 lambda=0 beta=1 grad=79.75179 horizon=260 lifetime=[470,1431] skipped=False
2026-08-30 15:58:54,873 | INFO | step=6100/20000 loss=-0.2113128 nll=-0.2128018 kl=0.001489021 consistency=0 lambda=0 beta=1 grad=58.37468 horizon=300 lifetime=[464,1049] skipped=False
2026-08-30 15:58:55,212 | INFO | step=6110/20000 loss=-0.1684937 nll=-0.1696253 kl=0.001131516 consistency=0 lambda=0 beta=1 grad=39.71444 horizon=260 lifetime=[501,1282] skipped=False
2026-08-30 15:58:55,570 | INFO | step=6120/20000 loss=0.2988698 nll=0.2949327 kl=0.003937079 consistency=0 lambda=0 beta=1 grad=20.039 horizon=120 lifetime=[437,988] skipped=False
2026-08-30 15:58:55,936 | INFO | step=6130/20000 loss=-0.6802508 nll=-0.6811063 kl=0.0008555576 consistency=0 lambda=0 beta=1 grad=10.02081 horizon=220 lifetime=[464,1036] skipped=False
2026-08-30 15:58:56,361 | INFO | step=6140/20000 loss=-0.4285513 nll=-0.4327624 kl=0.004211027 consistency=0 lambda=0 beta=1 grad=20.4689 horizon=220 lifetime=[476,1015] skipped=False
2026-08-30 15:58:56,723 | INFO | step=6150/20000 loss=-0.06808087 nll=-0.06846534 kl=0.0003844649 consistency=0 lambda=0 beta=1 grad=96.52419 horizon=300 lifetime=[491,1932] skipped=False
2026-08-30 15:58:57,119 | INFO | step=6160/20000 loss=-0.08889686 nll=-0.09187333 kl=0.002976481 consistency=0 lambda=0 beta=1 grad=50.1599 horizon=180 lifetime=[501,1858] skipped=False
2026-08-30 15:58:57,478 | INFO | step=6170/20000 loss=0.6472525 nll=0.6456749 kl=0.001577611 consistency=0 lambda=0 beta=1 grad=97.79762 horizon=280 lifetime=[470,1156] skipped=False
2026-08-30 15:58:57,811 | INFO | step=6180/20000 loss=-0.1567225 nll=-0.1598532 kl=0.003130797 consistency=0 lambda=0 beta=1 grad=130.5598 horizon=220 lifetime=[458,1049] skipped=False
2026-08-30 15:58:58,197 | INFO | step=6190/20000 loss=0.2565283 nll=0.2556173 kl=0.0009109266 consistency=0 lambda=0 beta=1 grad=42.41515 horizon=120 lifetime=[477,1025] skipped=False
2026-08-30 15:58:58,566 | INFO | step=6200/20000 loss=0.308866 nll=0.3067426 kl=0.002123382 consistency=0 lambda=0 beta=1 grad=34.00853 horizon=100 lifetime=[476,1156] skipped=False
2026-08-30 15:58:58,938 | INFO | step=6210/20000 loss=0.09551482 nll=0.09381932 kl=0.001695502 consistency=0 lambda=0 beta=1 grad=27.01916 horizon=140 lifetime=[476,1858] skipped=False
2026-08-30 15:58:59,339 | INFO | step=6220/20000 loss=-0.2336655 nll=-0.2349781 kl=0.001312685 consistency=0 lambda=0 beta=1 grad=46.68081 horizon=280 lifetime=[529,1635] skipped=False
2026-08-30 15:58:59,689 | INFO | step=6230/20000 loss=-0.08860761 nll=-0.0917071 kl=0.003099489 consistency=0 lambda=0 beta=1 grad=36.11132 horizon=200 lifetime=[476,1431] skipped=False
2026-08-30 15:59:00,063 | INFO | step=6240/20000 loss=0.0362993 nll=0.03522569 kl=0.001073611 consistency=0 lambda=0 beta=1 grad=100.8624 horizon=220 lifetime=[455,1635] skipped=False
2026-08-30 15:59:00,445 | INFO | step=6250/20000 loss=-0.3133025 nll=-0.3145548 kl=0.001252228 consistency=0 lambda=0 beta=1 grad=15.21342 horizon=260 lifetime=[476,1015] skipped=False
2026-08-30 15:59:00,825 | INFO | step=6260/20000 loss=0.2560614 nll=0.2477087 kl=0.008352682 consistency=0 lambda=0 beta=1 grad=40.0107 horizon=180 lifetime=[456,1635] skipped=False
2026-08-30 15:59:01,239 | INFO | step=6270/20000 loss=0.2162642 nll=0.2152206 kl=0.001043659 consistency=0 lambda=0 beta=1 grad=33.77602 horizon=300 lifetime=[458,1705] skipped=False
2026-08-30 15:59:01,620 | INFO | step=6280/20000 loss=-0.1269097 nll=-0.1289054 kl=0.001995681 consistency=0 lambda=0 beta=1 grad=44.66829 horizon=260 lifetime=[464,1635] skipped=False
2026-08-30 15:59:02,004 | INFO | step=6290/20000 loss=-0.03118381 nll=-0.03214613 kl=0.0009623216 consistency=0 lambda=0 beta=1 grad=29.70885 horizon=120 lifetime=[461,1932] skipped=False
2026-08-30 15:59:02,410 | INFO | step=6300/20000 loss=-0.3399121 nll=-0.3408492 kl=0.000937093 consistency=0 lambda=0 beta=1 grad=87.45136 horizon=200 lifetime=[455,1932] skipped=False
2026-08-30 15:59:02,796 | INFO | step=6310/20000 loss=0.3684043 nll=0.3668452 kl=0.001559069 consistency=0 lambda=0 beta=1 grad=73.55032 horizon=160 lifetime=[456,915] skipped=False
2026-08-30 15:59:03,189 | INFO | step=6320/20000 loss=0.2658585 nll=0.2626817 kl=0.003176875 consistency=0 lambda=0 beta=1 grad=101.3567 horizon=180 lifetime=[299,1143] skipped=False
2026-08-30 15:59:03,623 | INFO | step=6330/20000 loss=-0.01440805 nll=-0.01566356 kl=0.001255515 consistency=0 lambda=0 beta=1 grad=75.13625 horizon=120 lifetime=[299,1143] skipped=False
2026-08-30 15:59:03,994 | INFO | step=6340/20000 loss=-0.3280202 nll=-0.3299401 kl=0.001919869 consistency=0 lambda=0 beta=1 grad=49.71114 horizon=160 lifetime=[458,1061] skipped=False
2026-08-30 15:59:04,373 | INFO | step=6350/20000 loss=-0.1994745 nll=-0.2004098 kl=0.0009352807 consistency=0 lambda=0 beta=1 grad=101.1977 horizon=300 lifetime=[458,868] skipped=False
2026-08-30 15:59:04,724 | INFO | step=6360/20000 loss=0.6392456 nll=0.6372993 kl=0.001946356 consistency=0 lambda=0 beta=1 grad=113.9857 horizon=180 lifetime=[460,1045] skipped=False
2026-08-30 15:59:05,105 | INFO | step=6370/20000 loss=0.711331 nll=0.6991686 kl=0.01216242 consistency=0 lambda=0 beta=1 grad=91.34035 horizon=100 lifetime=[476,1858] skipped=False
2026-08-30 15:59:05,560 | INFO | step=6380/20000 loss=-0.333509 nll=-0.3340687 kl=0.0005596713 consistency=0 lambda=0 beta=1 grad=117.4705 horizon=240 lifetime=[464,1705] skipped=False
2026-08-30 15:59:05,949 | INFO | step=6390/20000 loss=-0.1671611 nll=-0.1692324 kl=0.00207131 consistency=0 lambda=0 beta=1 grad=58.75828 horizon=300 lifetime=[501,1858] skipped=False
2026-08-30 15:59:06,318 | INFO | step=6400/20000 loss=0.5638481 nll=0.5615013 kl=0.002346742 consistency=0 lambda=0 beta=1 grad=120.9408 horizon=120 lifetime=[467,1156] skipped=False
2026-08-30 15:59:06,699 | INFO | step=6410/20000 loss=-0.1364446 nll=-0.1377747 kl=0.001330119 consistency=0 lambda=0 beta=1 grad=47.97065 horizon=200 lifetime=[476,1705] skipped=False
2026-08-30 15:59:07,094 | INFO | step=6420/20000 loss=0.4989401 nll=0.4976049 kl=0.001335144 consistency=0 lambda=0 beta=1 grad=36.67941 horizon=260 lifetime=[607,1015] skipped=False
2026-08-30 15:59:07,464 | INFO | step=6430/20000 loss=0.2469524 nll=0.2431823 kl=0.003770109 consistency=0 lambda=0 beta=1 grad=55.87666 horizon=100 lifetime=[299,1045] skipped=False
2026-08-30 15:59:07,789 | INFO | step=6440/20000 loss=-0.06795339 nll=-0.06990159 kl=0.001948189 consistency=0 lambda=0 beta=1 grad=26.72717 horizon=140 lifetime=[518,1431] skipped=False
2026-08-30 15:59:08,196 | INFO | step=6450/20000 loss=-0.2945619 nll=-0.2959267 kl=0.001364899 consistency=0 lambda=0 beta=1 grad=120.6657 horizon=280 lifetime=[455,1143] skipped=False
2026-08-30 15:59:08,573 | INFO | step=6460/20000 loss=-0.297151 nll=-0.2990336 kl=0.001882664 consistency=0 lambda=0 beta=1 grad=60.81612 horizon=260 lifetime=[476,1635] skipped=False
2026-08-30 15:59:08,956 | INFO | step=6470/20000 loss=0.02217401 nll=0.0208032 kl=0.00137081 consistency=0 lambda=0 beta=1 grad=115.1236 horizon=220 lifetime=[470,1635] skipped=False
2026-08-30 15:59:09,310 | INFO | step=6480/20000 loss=-0.3828521 nll=-0.3837463 kl=0.0008942292 consistency=0 lambda=0 beta=1 grad=54.17989 horizon=220 lifetime=[464,1091] skipped=False
2026-08-30 15:59:09,731 | INFO | step=6490/20000 loss=-0.2413042 nll=-0.243327 kl=0.002022804 consistency=0 lambda=0 beta=1 grad=69.67544 horizon=220 lifetime=[464,921] skipped=False
2026-08-30 15:59:10,419 | INFO | validation step=6500 rmse=147.1556 best=147.1556@6500 stale=0/10
2026-08-30 15:59:10,420 | INFO | step=6500/20000 loss=0.3635206 nll=0.3615405 kl=0.001980126 consistency=0 lambda=0 beta=1 grad=20.40527 horizon=100 lifetime=[437,1071] skipped=False
2026-08-30 15:59:10,902 | INFO | step=6510/20000 loss=-0.01986609 nll=-0.0210988 kl=0.001232713 consistency=0 lambda=0 beta=1 grad=21.97114 horizon=100 lifetime=[455,1858] skipped=False
2026-08-30 15:59:11,309 | INFO | step=6520/20000 loss=-0.3304625 nll=-0.3340406 kl=0.00357818 consistency=0 lambda=0 beta=1 grad=40.00033 horizon=140 lifetime=[437,868] skipped=False
2026-08-30 15:59:11,661 | INFO | step=6530/20000 loss=-0.3732625 nll=-0.3749844 kl=0.00172187 consistency=0 lambda=0 beta=1 grad=33.29058 horizon=200 lifetime=[482,1282] skipped=False
2026-08-30 15:59:12,065 | INFO | step=6540/20000 loss=1.675243 nll=1.67344 kl=0.001803178 consistency=0 lambda=0 beta=1 grad=340.8463 horizon=300 lifetime=[510,1156] skipped=False
2026-08-30 15:59:12,443 | INFO | step=6550/20000 loss=0.2205227 nll=0.2181064 kl=0.002416273 consistency=0 lambda=0 beta=1 grad=46.09805 horizon=240 lifetime=[477,1705] skipped=False
2026-08-30 15:59:12,827 | INFO | step=6560/20000 loss=0.4438166 nll=0.4431077 kl=0.0007088818 consistency=0 lambda=0 beta=1 grad=67.72677 horizon=220 lifetime=[464,1076] skipped=False
2026-08-30 15:59:13,215 | INFO | step=6570/20000 loss=0.4068128 nll=0.4037664 kl=0.003046442 consistency=0 lambda=0 beta=1 grad=116.7164 horizon=280 lifetime=[464,1000] skipped=False
2026-08-30 15:59:13,618 | INFO | step=6580/20000 loss=-0.1560739 nll=-0.1572252 kl=0.001151334 consistency=0 lambda=0 beta=1 grad=43.6874 horizon=280 lifetime=[461,1932] skipped=False
2026-08-30 15:59:13,963 | INFO | step=6590/20000 loss=0.403664 nll=0.4017653 kl=0.001898609 consistency=0 lambda=0 beta=1 grad=50.3128 horizon=100 lifetime=[455,1431] skipped=False
2026-08-30 15:59:14,316 | INFO | step=6600/20000 loss=-0.6097744 nll=-0.6111503 kl=0.001375961 consistency=0 lambda=0 beta=1 grad=23.88703 horizon=220 lifetime=[437,964] skipped=False
2026-08-30 15:59:14,700 | INFO | step=6610/20000 loss=0.5688329 nll=0.563586 kl=0.005246906 consistency=0 lambda=0 beta=1 grad=188.7827 horizon=180 lifetime=[460,1858] skipped=False
2026-08-30 15:59:15,088 | INFO | step=6620/20000 loss=1.27591 nll=1.272302 kl=0.003607916 consistency=0 lambda=0 beta=1 grad=123.8362 horizon=140 lifetime=[482,942] skipped=False
2026-08-30 15:59:15,518 | INFO | step=6630/20000 loss=-0.1454406 nll=-0.1468129 kl=0.001372267 consistency=0 lambda=0 beta=1 grad=89.61057 horizon=280 lifetime=[437,1858] skipped=False
2026-08-30 15:59:15,878 | INFO | step=6640/20000 loss=0.1957726 nll=0.1902916 kl=0.005481069 consistency=0 lambda=0 beta=1 grad=70.44163 horizon=120 lifetime=[665,1154] skipped=False
2026-08-30 15:59:16,313 | INFO | step=6650/20000 loss=-0.415347 nll=-0.4165066 kl=0.001159648 consistency=0 lambda=0 beta=1 grad=63.42325 horizon=200 lifetime=[470,1282] skipped=False
2026-08-30 15:59:16,709 | INFO | step=6660/20000 loss=-0.4361018 nll=-0.4376898 kl=0.001587972 consistency=0 lambda=0 beta=1 grad=40.00905 horizon=180 lifetime=[470,891] skipped=False
2026-08-30 15:59:17,116 | INFO | step=6670/20000 loss=0.4617985 nll=0.458715 kl=0.003083593 consistency=0 lambda=0 beta=1 grad=116.7945 horizon=160 lifetime=[649,1091] skipped=False
2026-08-30 15:59:17,499 | INFO | step=6680/20000 loss=0.2600051 nll=0.2562923 kl=0.003712775 consistency=0 lambda=0 beta=1 grad=94.28555 horizon=220 lifetime=[518,1858] skipped=False
2026-08-30 15:59:17,888 | INFO | step=6690/20000 loss=0.3604233 nll=0.3573312 kl=0.003092071 consistency=0 lambda=0 beta=1 grad=62.06333 horizon=120 lifetime=[518,988] skipped=False
2026-08-30 15:59:18,288 | INFO | step=6700/20000 loss=-0.1053686 nll=-0.1072803 kl=0.001911736 consistency=0 lambda=0 beta=1 grad=88.93646 horizon=200 lifetime=[476,874] skipped=False
2026-08-30 15:59:18,677 | INFO | step=6710/20000 loss=-0.4183209 nll=-0.4231352 kl=0.004814307 consistency=0 lambda=0 beta=1 grad=19.51939 horizon=140 lifetime=[455,1025] skipped=False
2026-08-30 15:59:19,075 | INFO | step=6720/20000 loss=-0.5306712 nll=-0.5318569 kl=0.001185678 consistency=0 lambda=0 beta=1 grad=35.60159 horizon=240 lifetime=[455,871] skipped=False
2026-08-30 15:59:19,445 | INFO | step=6730/20000 loss=0.1458145 nll=0.1442944 kl=0.001520116 consistency=0 lambda=0 beta=1 grad=116.7449 horizon=180 lifetime=[458,1156] skipped=False
2026-08-30 15:59:19,792 | INFO | step=6740/20000 loss=0.1851159 nll=0.1826158 kl=0.002500065 consistency=0 lambda=0 beta=1 grad=33.14116 horizon=120 lifetime=[484,1076] skipped=False
2026-08-30 15:59:20,181 | INFO | step=6750/20000 loss=0.3825676 nll=0.3805263 kl=0.002041306 consistency=0 lambda=0 beta=1 grad=42.68334 horizon=100 lifetime=[518,1076] skipped=False
2026-08-30 15:59:20,602 | INFO | step=6760/20000 loss=0.8682693 nll=0.8671186 kl=0.001150733 consistency=0 lambda=0 beta=1 grad=83.18573 horizon=180 lifetime=[477,1045] skipped=False
2026-08-30 15:59:21,032 | INFO | step=6770/20000 loss=-0.4730082 nll=-0.475092 kl=0.002083756 consistency=0 lambda=0 beta=1 grad=31.87648 horizon=160 lifetime=[456,1143] skipped=False
2026-08-30 15:59:21,428 | INFO | step=6780/20000 loss=-0.2001601 nll=-0.2047576 kl=0.004597414 consistency=0 lambda=0 beta=1 grad=101.3956 horizon=260 lifetime=[493,1282] skipped=False
2026-08-30 15:59:21,847 | INFO | step=6790/20000 loss=-0.1267566 nll=-0.1290633 kl=0.002306696 consistency=0 lambda=0 beta=1 grad=27.76247 horizon=140 lifetime=[464,1156] skipped=False
2026-08-30 15:59:22,267 | INFO | step=6800/20000 loss=-0.03190628 nll=-0.03269678 kl=0.0007904992 consistency=0 lambda=0 beta=1 grad=41.87886 horizon=300 lifetime=[477,1091] skipped=False
2026-08-30 15:59:22,653 | INFO | step=6810/20000 loss=-0.4543851 nll=-0.4556616 kl=0.00127653 consistency=0 lambda=0 beta=1 grad=26.45755 horizon=260 lifetime=[470,1431] skipped=False
2026-08-30 15:59:23,053 | INFO | step=6820/20000 loss=0.2734894 nll=0.2686999 kl=0.004789513 consistency=0 lambda=0 beta=1 grad=217.9486 horizon=140 lifetime=[455,1635] skipped=False
2026-08-30 15:59:23,423 | INFO | step=6830/20000 loss=-0.03812107 nll=-0.04253844 kl=0.004417375 consistency=0 lambda=0 beta=1 grad=121.384 horizon=180 lifetime=[437,1858] skipped=False
2026-08-30 15:59:23,819 | INFO | step=6840/20000 loss=-0.4726423 nll=-0.4734262 kl=0.0007839203 consistency=0 lambda=0 beta=1 grad=66.02177 horizon=220 lifetime=[484,1635] skipped=False
2026-08-30 15:59:24,212 | INFO | step=6850/20000 loss=-0.1426976 nll=-0.1448652 kl=0.002167657 consistency=0 lambda=0 beta=1 grad=70.73036 horizon=160 lifetime=[299,1091] skipped=False
2026-08-30 15:59:24,560 | INFO | step=6860/20000 loss=-1.067483 nll=-1.071722 kl=0.004238818 consistency=0 lambda=0 beta=1 grad=60.34237 horizon=240 lifetime=[455,814] skipped=False
2026-08-30 15:59:24,910 | INFO | step=6870/20000 loss=-0.02348765 nll=-0.02548173 kl=0.001994081 consistency=0 lambda=0 beta=1 grad=33.29855 horizon=120 lifetime=[477,1932] skipped=False
2026-08-30 15:59:25,314 | INFO | step=6880/20000 loss=-0.3604167 nll=-0.3613205 kl=0.0009037703 consistency=0 lambda=0 beta=1 grad=47.77205 horizon=240 lifetime=[455,1932] skipped=False
2026-08-30 15:59:25,698 | INFO | step=6890/20000 loss=-0.5427295 nll=-0.5442762 kl=0.001546741 consistency=0 lambda=0 beta=1 grad=19.85 horizon=180 lifetime=[455,1091] skipped=False
2026-08-30 15:59:26,107 | INFO | step=6900/20000 loss=-0.3742451 nll=-0.3764344 kl=0.002189316 consistency=0 lambda=0 beta=1 grad=50.45177 horizon=280 lifetime=[437,1154] skipped=False
2026-08-30 15:59:26,508 | INFO | step=6910/20000 loss=0.4370114 nll=0.4278513 kl=0.009160101 consistency=0 lambda=0 beta=1 grad=88.86668 horizon=100 lifetime=[476,1071] skipped=False
2026-08-30 15:59:26,917 | INFO | step=6920/20000 loss=0.3258249 nll=0.3237519 kl=0.00207293 consistency=0 lambda=0 beta=1 grad=90.61956 horizon=220 lifetime=[529,1705] skipped=False
2026-08-30 15:59:27,297 | INFO | step=6930/20000 loss=-0.3857961 nll=-0.3867808 kl=0.0009846911 consistency=0 lambda=0 beta=1 grad=44.10511 horizon=260 lifetime=[470,1154] skipped=False
2026-08-30 15:59:27,660 | INFO | step=6940/20000 loss=1.274025 nll=1.273037 kl=0.0009878203 consistency=0 lambda=0 beta=1 grad=200.1952 horizon=180 lifetime=[701,1015] skipped=False
2026-08-30 15:59:28,049 | INFO | step=6950/20000 loss=-0.07536304 nll=-0.07611509 kl=0.0007520504 consistency=0 lambda=0 beta=1 grad=45.81316 horizon=260 lifetime=[607,915] skipped=False
2026-08-30 15:59:28,388 | INFO | step=6960/20000 loss=0.007080667 nll=0.002834618 kl=0.004246049 consistency=0 lambda=0 beta=1 grad=59.05341 horizon=180 lifetime=[299,1705] skipped=False
2026-08-30 15:59:28,775 | INFO | step=6970/20000 loss=-0.06898416 nll=-0.07004104 kl=0.00105688 consistency=0 lambda=0 beta=1 grad=28.04093 horizon=220 lifetime=[461,1705] skipped=False
2026-08-30 15:59:29,189 | INFO | step=6980/20000 loss=-0.4561723 nll=-0.4581373 kl=0.00196502 consistency=0 lambda=0 beta=1 grad=34.95031 horizon=200 lifetime=[299,988] skipped=False
2026-08-30 15:59:29,518 | INFO | step=6990/20000 loss=0.1882324 nll=0.1868653 kl=0.001367047 consistency=0 lambda=0 beta=1 grad=39.05538 horizon=160 lifetime=[770,1858] skipped=False
2026-08-30 15:59:30,202 | INFO | validation step=7000 rmse=127.2853 best=127.2853@7000 stale=0/10
2026-08-30 15:59:30,202 | INFO | step=7000/20000 loss=-0.1478127 nll=-0.1492126 kl=0.001399826 consistency=0 lambda=0 beta=1 grad=33.35146 horizon=260 lifetime=[455,1091] skipped=False
2026-08-30 15:59:30,683 | INFO | step=7010/20000 loss=-0.04235547 nll=-0.04321957 kl=0.0008640997 consistency=0 lambda=0 beta=1 grad=31.20015 horizon=180 lifetime=[470,921] skipped=False
2026-08-30 15:59:31,093 | INFO | step=7020/20000 loss=-0.005421737 nll=-0.007880993 kl=0.002459256 consistency=0 lambda=0 beta=1 grad=30.52486 horizon=160 lifetime=[470,1932] skipped=False
2026-08-30 15:59:31,519 | INFO | step=7030/20000 loss=-0.4739026 nll=-0.4754973 kl=0.001594767 consistency=0 lambda=0 beta=1 grad=33.17077 horizon=280 lifetime=[299,991] skipped=False
2026-08-30 15:59:31,940 | INFO | step=7040/20000 loss=0.1851269 nll=0.1825481 kl=0.002578788 consistency=0 lambda=0 beta=1 grad=54.91511 horizon=120 lifetime=[299,1091] skipped=False
2026-08-30 15:59:32,341 | INFO | step=7050/20000 loss=0.5174779 nll=0.5157403 kl=0.001737581 consistency=0 lambda=0 beta=1 grad=179.9262 horizon=180 lifetime=[470,1635] skipped=False
2026-08-30 15:59:32,729 | INFO | step=7060/20000 loss=-0.4019295 nll=-0.4060041 kl=0.004074543 consistency=0 lambda=0 beta=1 grad=71.52123 horizon=260 lifetime=[482,1154] skipped=False
2026-08-30 15:59:33,143 | INFO | step=7070/20000 loss=-0.3389192 nll=-0.3401073 kl=0.001188125 consistency=0 lambda=0 beta=1 grad=41.43351 horizon=180 lifetime=[464,1705] skipped=False
2026-08-30 15:59:33,501 | INFO | step=7080/20000 loss=-0.196029 nll=-0.1982663 kl=0.002237318 consistency=0 lambda=0 beta=1 grad=39.47147 horizon=140 lifetime=[493,1038] skipped=False
2026-08-30 15:59:33,925 | INFO | step=7090/20000 loss=0.8052297 nll=0.801949 kl=0.003280634 consistency=0 lambda=0 beta=1 grad=140.6883 horizon=220 lifetime=[476,1156] skipped=False
2026-08-30 15:59:34,364 | INFO | step=7100/20000 loss=0.07857287 nll=0.07778829 kl=0.0007845778 consistency=0 lambda=0 beta=1 grad=195.2467 horizon=300 lifetime=[486,1061] skipped=False
2026-08-30 15:59:34,787 | INFO | step=7110/20000 loss=-0.1047789 nll=-0.1060486 kl=0.00126965 consistency=0 lambda=0 beta=1 grad=224.6229 horizon=260 lifetime=[456,1932] skipped=False
2026-08-30 15:59:35,153 | INFO | step=7120/20000 loss=-0.1156525 nll=-0.1186513 kl=0.002998866 consistency=0 lambda=0 beta=1 grad=59.05424 horizon=200 lifetime=[706,1045] skipped=False
2026-08-30 15:59:35,493 | INFO | step=7130/20000 loss=0.2469315 nll=0.2427298 kl=0.004201753 consistency=0 lambda=0 beta=1 grad=21.90152 horizon=100 lifetime=[456,1154] skipped=False
2026-08-30 15:59:35,851 | INFO | step=7140/20000 loss=-0.03037906 nll=-0.03425458 kl=0.003875518 consistency=0 lambda=0 beta=1 grad=26.19555 horizon=160 lifetime=[482,1015] skipped=False
2026-08-30 15:59:36,227 | INFO | step=7150/20000 loss=0.002344724 nll=0.0004100464 kl=0.001934677 consistency=0 lambda=0 beta=1 grad=40.55457 horizon=160 lifetime=[455,1143] skipped=False
2026-08-30 15:59:36,592 | INFO | step=7160/20000 loss=-0.946866 nll=-0.9491193 kl=0.00225332 consistency=0 lambda=0 beta=1 grad=24.11682 horizon=200 lifetime=[299,1282] skipped=False
2026-08-30 15:59:36,989 | INFO | step=7170/20000 loss=0.2245049 nll=0.2222405 kl=0.002264313 consistency=0 lambda=0 beta=1 grad=27.50326 horizon=100 lifetime=[455,1036] skipped=False
2026-08-30 15:59:37,361 | INFO | step=7180/20000 loss=1.112325 nll=1.110486 kl=0.001839774 consistency=0 lambda=0 beta=1 grad=127.0872 horizon=100 lifetime=[458,1015] skipped=False
2026-08-30 15:59:37,773 | INFO | step=7190/20000 loss=-0.2930754 nll=-0.2941974 kl=0.001121983 consistency=0 lambda=0 beta=1 grad=197.981 horizon=300 lifetime=[470,875] skipped=False
2026-08-30 15:59:38,184 | INFO | step=7200/20000 loss=0.1754335 nll=0.1738341 kl=0.001599446 consistency=0 lambda=0 beta=1 grad=96.24412 horizon=300 lifetime=[615,1036] skipped=False
2026-08-30 15:59:38,535 | INFO | step=7210/20000 loss=-0.2950795 nll=-0.2967629 kl=0.001683396 consistency=0 lambda=0 beta=1 grad=75.8782 horizon=140 lifetime=[476,1061] skipped=False
2026-08-30 15:59:38,959 | INFO | step=7220/20000 loss=-0.5595257 nll=-0.5608916 kl=0.001365874 consistency=0 lambda=0 beta=1 grad=58.20671 horizon=200 lifetime=[477,1038] skipped=False
2026-08-30 15:59:39,356 | INFO | step=7230/20000 loss=-0.3780185 nll=-0.3814067 kl=0.00338822 consistency=0 lambda=0 beta=1 grad=35.59496 horizon=220 lifetime=[437,1076] skipped=False
2026-08-30 15:59:39,721 | INFO | step=7240/20000 loss=0.06420378 nll=0.06228116 kl=0.00192263 consistency=0 lambda=0 beta=1 grad=77.32409 horizon=200 lifetime=[512,1932] skipped=False
2026-08-30 15:59:40,051 | INFO | step=7250/20000 loss=0.2464358 nll=0.2385316 kl=0.007904213 consistency=0 lambda=0 beta=1 grad=26.57571 horizon=120 lifetime=[476,1143] skipped=False
2026-08-30 15:59:40,415 | INFO | step=7260/20000 loss=0.04352235 nll=0.041106 kl=0.002416356 consistency=0 lambda=0 beta=1 grad=102.0567 horizon=240 lifetime=[742,1045] skipped=False
2026-08-30 15:59:40,811 | INFO | step=7270/20000 loss=-0.2214831 nll=-0.222104 kl=0.0006208643 consistency=0 lambda=0 beta=1 grad=57.15282 horizon=200 lifetime=[456,991] skipped=False
2026-08-30 15:59:41,217 | INFO | step=7280/20000 loss=-0.391039 nll=-0.3932967 kl=0.002257764 consistency=0 lambda=0 beta=1 grad=109.5782 horizon=280 lifetime=[455,1015] skipped=False
2026-08-30 15:59:41,623 | INFO | step=7290/20000 loss=-0.6825546 nll=-0.6837751 kl=0.001220509 consistency=0 lambda=0 beta=1 grad=35.86039 horizon=260 lifetime=[437,1143] skipped=False
2026-08-30 15:59:42,058 | INFO | step=7300/20000 loss=-0.8763758 nll=-0.8771768 kl=0.0008009914 consistency=0 lambda=0 beta=1 grad=62.79466 horizon=260 lifetime=[476,823] skipped=False
2026-08-30 15:59:42,444 | INFO | step=7310/20000 loss=0.0185743 nll=0.01781571 kl=0.0007585939 consistency=0 lambda=0 beta=1 grad=79.14599 horizon=280 lifetime=[456,1154] skipped=False
2026-08-30 15:59:42,871 | INFO | step=7320/20000 loss=-0.2745559 nll=-0.2770006 kl=0.002444755 consistency=0 lambda=0 beta=1 grad=36.63233 horizon=180 lifetime=[456,1045] skipped=False
2026-08-30 15:59:43,296 | INFO | step=7330/20000 loss=-0.4493794 nll=-0.4501111 kl=0.0007317495 consistency=0 lambda=0 beta=1 grad=38.76924 horizon=260 lifetime=[484,856] skipped=False
2026-08-30 15:59:43,653 | INFO | step=7340/20000 loss=0.354848 nll=0.3522297 kl=0.002618334 consistency=0 lambda=0 beta=1 grad=95.23052 horizon=100 lifetime=[464,1705] skipped=False
2026-08-30 15:59:44,013 | INFO | step=7350/20000 loss=0.3012253 nll=0.2996433 kl=0.001581953 consistency=0 lambda=0 beta=1 grad=61.87524 horizon=140 lifetime=[482,1038] skipped=False
2026-08-30 15:59:44,372 | INFO | step=7360/20000 loss=0.4120791 nll=0.411137 kl=0.000942152 consistency=0 lambda=0 beta=1 grad=110.6677 horizon=200 lifetime=[460,1156] skipped=False
2026-08-30 15:59:44,750 | INFO | step=7370/20000 loss=-0.5612158 nll=-0.5629479 kl=0.001732122 consistency=0 lambda=0 beta=1 grad=41.42359 horizon=200 lifetime=[456,1007] skipped=False
2026-08-30 15:59:45,137 | INFO | step=7380/20000 loss=-0.2765765 nll=-0.2784391 kl=0.001862595 consistency=0 lambda=0 beta=1 grad=18.80169 horizon=160 lifetime=[455,774] skipped=False
2026-08-30 15:59:45,502 | INFO | step=7390/20000 loss=-0.2602803 nll=-0.2608773 kl=0.0005969121 consistency=0 lambda=0 beta=1 grad=55.03122 horizon=280 lifetime=[476,1154] skipped=False
2026-08-30 15:59:45,928 | INFO | step=7400/20000 loss=-0.6986464 nll=-0.7010641 kl=0.002417718 consistency=0 lambda=0 beta=1 grad=87.08937 horizon=240 lifetime=[470,1049] skipped=False
2026-08-30 15:59:46,280 | INFO | step=7410/20000 loss=-0.6077062 nll=-0.6110221 kl=0.003315863 consistency=0 lambda=0 beta=1 grad=132.8849 horizon=200 lifetime=[486,1061] skipped=False
2026-08-30 15:59:46,694 | INFO | step=7420/20000 loss=0.4920397 nll=0.4906597 kl=0.001379963 consistency=0 lambda=0 beta=1 grad=100.3244 horizon=200 lifetime=[510,1154] skipped=False
2026-08-30 15:59:47,134 | INFO | step=7430/20000 loss=0.4372982 nll=0.4363231 kl=0.0009751199 consistency=0 lambda=0 beta=1 grad=275.5576 horizon=260 lifetime=[467,1091] skipped=False
2026-08-30 15:59:47,524 | INFO | step=7440/20000 loss=0.08132642 nll=0.07875596 kl=0.002570461 consistency=0 lambda=0 beta=1 grad=29.75395 horizon=100 lifetime=[299,1071] skipped=False
2026-08-30 15:59:47,924 | INFO | step=7450/20000 loss=0.1552341 nll=0.1532255 kl=0.002008619 consistency=0 lambda=0 beta=1 grad=124.6922 horizon=120 lifetime=[456,1431] skipped=False
2026-08-30 15:59:48,258 | INFO | step=7460/20000 loss=-0.5009314 nll=-0.5037284 kl=0.002797036 consistency=0 lambda=0 beta=1 grad=71.01722 horizon=240 lifetime=[299,1858] skipped=False
2026-08-30 15:59:48,631 | INFO | step=7470/20000 loss=0.1386383 nll=0.1376074 kl=0.001030855 consistency=0 lambda=0 beta=1 grad=129.5811 horizon=200 lifetime=[493,1154] skipped=False
2026-08-30 15:59:49,031 | INFO | step=7480/20000 loss=-0.6570539 nll=-0.6588908 kl=0.001836913 consistency=0 lambda=0 beta=1 grad=92.21158 horizon=180 lifetime=[299,1143] skipped=False
2026-08-30 15:59:49,390 | INFO | step=7490/20000 loss=-0.4256404 nll=-0.4303904 kl=0.00474995 consistency=0 lambda=0 beta=1 grad=166.8538 horizon=240 lifetime=[455,1049] skipped=False
2026-08-30 15:59:50,046 | INFO | validation step=7500 rmse=148.9229 best=127.2853@7000 stale=1/10
2026-08-30 15:59:50,046 | INFO | step=7500/20000 loss=-0.5404622 nll=-0.5437832 kl=0.003321045 consistency=0 lambda=0 beta=1 grad=36.44381 horizon=180 lifetime=[476,1038] skipped=False
2026-08-30 15:59:50,527 | INFO | step=7510/20000 loss=-0.07755106 nll=-0.07949241 kl=0.001941345 consistency=0 lambda=0 beta=1 grad=34.78892 horizon=200 lifetime=[501,1705] skipped=False
2026-08-30 15:59:50,954 | INFO | step=7520/20000 loss=0.1585231 nll=0.1579883 kl=0.0005348586 consistency=0 lambda=0 beta=1 grad=125.2545 horizon=200 lifetime=[461,1076] skipped=False
2026-08-30 15:59:51,350 | INFO | step=7530/20000 loss=0.01075989 nll=0.007699385 kl=0.003060501 consistency=0 lambda=0 beta=1 grad=51.26696 horizon=180 lifetime=[460,1000] skipped=False
2026-08-30 15:59:51,727 | INFO | step=7540/20000 loss=-0.5473969 nll=-0.5515507 kl=0.004153796 consistency=0 lambda=0 beta=1 grad=54.07686 horizon=240 lifetime=[467,964] skipped=False
2026-08-30 15:59:52,179 | INFO | step=7550/20000 loss=-0.1484991 nll=-0.1532519 kl=0.004752796 consistency=0 lambda=0 beta=1 grad=106.0651 horizon=160 lifetime=[437,1143] skipped=False
2026-08-30 15:59:52,555 | INFO | step=7560/20000 loss=0.1189803 nll=0.1177516 kl=0.001228631 consistency=0 lambda=0 beta=1 grad=93.72709 horizon=280 lifetime=[704,1036] skipped=False
2026-08-30 15:59:52,912 | INFO | step=7570/20000 loss=-0.146708 nll=-0.1493314 kl=0.002623431 consistency=0 lambda=0 beta=1 grad=26.89205 horizon=120 lifetime=[464,1858] skipped=False
2026-08-30 15:59:53,260 | INFO | step=7580/20000 loss=-0.6988167 nll=-0.7021836 kl=0.003366869 consistency=0 lambda=0 beta=1 grad=55.68678 horizon=260 lifetime=[458,915] skipped=False
2026-08-30 15:59:53,630 | INFO | step=7590/20000 loss=-0.5056154 nll=-0.5064204 kl=0.0008050688 consistency=0 lambda=0 beta=1 grad=85.62379 horizon=240 lifetime=[461,1049] skipped=False
2026-08-30 15:59:54,010 | INFO | step=7600/20000 loss=-0.4265271 nll=-0.4278257 kl=0.001298644 consistency=0 lambda=0 beta=1 grad=114.3669 horizon=280 lifetime=[437,1635] skipped=False
2026-08-30 15:59:54,416 | INFO | step=7610/20000 loss=0.5950556 nll=0.5896157 kl=0.005439907 consistency=0 lambda=0 beta=1 grad=80.27982 horizon=120 lifetime=[456,1431] skipped=False
2026-08-30 15:59:54,890 | INFO | step=7620/20000 loss=-0.3685805 nll=-0.3727543 kl=0.004173849 consistency=0 lambda=0 beta=1 grad=27.00637 horizon=300 lifetime=[484,1635] skipped=False
2026-08-30 15:59:55,311 | INFO | step=7630/20000 loss=-0.2802683 nll=-0.2814957 kl=0.001227409 consistency=0 lambda=0 beta=1 grad=36.85519 horizon=260 lifetime=[518,1154] skipped=False
2026-08-30 15:59:55,703 | INFO | step=7640/20000 loss=-0.50901 nll=-0.5101213 kl=0.001111355 consistency=0 lambda=0 beta=1 grad=77.96652 horizon=200 lifetime=[460,1858] skipped=False
2026-08-30 15:59:56,068 | INFO | step=7650/20000 loss=-0.4851683 nll=-0.4863105 kl=0.001142189 consistency=0 lambda=0 beta=1 grad=49.05711 horizon=220 lifetime=[486,1156] skipped=False
2026-08-30 15:59:56,423 | INFO | step=7660/20000 loss=-0.1185172 nll=-0.1204173 kl=0.001900125 consistency=0 lambda=0 beta=1 grad=48.94725 horizon=200 lifetime=[493,1049] skipped=False
2026-08-30 15:59:56,778 | INFO | step=7670/20000 loss=0.1194416 nll=0.1178562 kl=0.001585469 consistency=0 lambda=0 beta=1 grad=83.40106 horizon=140 lifetime=[539,1282] skipped=False
2026-08-30 15:59:57,169 | INFO | step=7680/20000 loss=-0.195767 nll=-0.197322 kl=0.001554959 consistency=0 lambda=0 beta=1 grad=53.75032 horizon=220 lifetime=[559,1154] skipped=False
2026-08-30 15:59:57,522 | INFO | step=7690/20000 loss=0.04614709 nll=0.03903255 kl=0.007114541 consistency=0 lambda=0 beta=1 grad=28.14787 horizon=160 lifetime=[455,1143] skipped=False
2026-08-30 15:59:57,927 | INFO | step=7700/20000 loss=-0.4119848 nll=-0.4143171 kl=0.002332255 consistency=0 lambda=0 beta=1 grad=46.39751 horizon=200 lifetime=[493,1858] skipped=False
2026-08-30 15:59:58,347 | INFO | step=7710/20000 loss=0.8135711 nll=0.8122772 kl=0.00129389 consistency=0 lambda=0 beta=1 grad=263.8522 horizon=140 lifetime=[461,1635] skipped=False
2026-08-30 15:59:58,730 | INFO | step=7720/20000 loss=0.5903696 nll=0.5817722 kl=0.008597448 consistency=0 lambda=0 beta=1 grad=163.8967 horizon=120 lifetime=[458,1091] skipped=False
2026-08-30 15:59:59,126 | INFO | step=7730/20000 loss=0.4559155 nll=0.4521065 kl=0.003809068 consistency=0 lambda=0 beta=1 grad=136.8185 horizon=300 lifetime=[614,1858] skipped=False
2026-08-30 15:59:59,518 | INFO | step=7740/20000 loss=0.7835063 nll=0.7825242 kl=0.0009821095 consistency=0 lambda=0 beta=1 grad=246.8691 horizon=280 lifetime=[437,1061] skipped=False
2026-08-30 15:59:59,880 | INFO | step=7750/20000 loss=-0.451748 nll=-0.4538124 kl=0.002064411 consistency=0 lambda=0 beta=1 grad=61.62679 horizon=180 lifetime=[437,1705] skipped=False
2026-08-30 16:00:00,287 | INFO | step=7760/20000 loss=-0.4139756 nll=-0.4157475 kl=0.001771856 consistency=0 lambda=0 beta=1 grad=65.89456 horizon=140 lifetime=[476,1932] skipped=False
2026-08-30 16:00:00,681 | INFO | step=7770/20000 loss=0.1153913 nll=0.1132101 kl=0.002181277 consistency=0 lambda=0 beta=1 grad=116.1054 horizon=220 lifetime=[464,856] skipped=False
2026-08-30 16:00:01,100 | INFO | step=7780/20000 loss=0.2644446 nll=0.2621661 kl=0.002278537 consistency=0 lambda=0 beta=1 grad=61.08726 horizon=180 lifetime=[559,921] skipped=False
2026-08-30 16:00:01,495 | INFO | step=7790/20000 loss=-0.3510641 nll=-0.3521774 kl=0.001113273 consistency=0 lambda=0 beta=1 grad=64.99534 horizon=160 lifetime=[437,1705] skipped=False
2026-08-30 16:00:01,854 | INFO | step=7800/20000 loss=-0.2779173 nll=-0.279389 kl=0.001471683 consistency=0 lambda=0 beta=1 grad=27.95453 horizon=140 lifetime=[456,1076] skipped=False
2026-08-30 16:00:02,352 | INFO | step=7810/20000 loss=1.333915 nll=1.330905 kl=0.003009263 consistency=0 lambda=0 beta=1 grad=201.2365 horizon=120 lifetime=[299,1705] skipped=False
2026-08-30 16:00:02,748 | INFO | step=7820/20000 loss=1.19295 nll=1.188082 kl=0.004868433 consistency=0 lambda=0 beta=1 grad=178.8793 horizon=140 lifetime=[614,988] skipped=False
2026-08-30 16:00:03,162 | INFO | step=7830/20000 loss=-0.1057513 nll=-0.1075014 kl=0.001750134 consistency=0 lambda=0 beta=1 grad=65.2106 horizon=240 lifetime=[671,1705] skipped=False
2026-08-30 16:00:03,571 | INFO | step=7840/20000 loss=-0.1759824 nll=-0.1769127 kl=0.0009302534 consistency=0 lambda=0 beta=1 grad=153.5775 horizon=300 lifetime=[460,1635] skipped=False
2026-08-30 16:00:03,953 | INFO | step=7850/20000 loss=-0.9315627 nll=-0.9332184 kl=0.001655728 consistency=0 lambda=0 beta=1 grad=25.66987 horizon=180 lifetime=[299,1007] skipped=False
2026-08-30 16:00:04,326 | INFO | step=7860/20000 loss=-0.3536009 nll=-0.3552229 kl=0.001621954 consistency=0 lambda=0 beta=1 grad=30.37382 horizon=140 lifetime=[299,856] skipped=False
2026-08-30 16:00:04,740 | INFO | step=7870/20000 loss=-0.1155954 nll=-0.1189537 kl=0.00335829 consistency=0 lambda=0 beta=1 grad=73.95812 horizon=140 lifetime=[455,1635] skipped=False
2026-08-30 16:00:05,172 | INFO | step=7880/20000 loss=-0.8127999 nll=-0.8146744 kl=0.001874531 consistency=0 lambda=0 beta=1 grad=62.91983 horizon=260 lifetime=[456,1705] skipped=False
2026-08-30 16:00:05,562 | INFO | step=7890/20000 loss=-0.3340775 nll=-0.3350259 kl=0.000948336 consistency=0 lambda=0 beta=1 grad=80.85712 horizon=240 lifetime=[461,1015] skipped=False
2026-08-30 16:00:05,941 | INFO | step=7900/20000 loss=-0.07414623 nll=-0.07598443 kl=0.001838204 consistency=0 lambda=0 beta=1 grad=31.5706 horizon=160 lifetime=[665,1635] skipped=False
2026-08-30 16:00:06,328 | INFO | step=7910/20000 loss=1.115965 nll=1.115018 kl=0.0009475574 consistency=0 lambda=0 beta=1 grad=307.3332 horizon=200 lifetime=[464,1431] skipped=False
2026-08-30 16:00:06,701 | INFO | step=7920/20000 loss=-0.1566492 nll=-0.157895 kl=0.001245815 consistency=0 lambda=0 beta=1 grad=22.92075 horizon=160 lifetime=[437,921] skipped=False
2026-08-30 16:00:07,085 | INFO | step=7930/20000 loss=-0.7944103 nll=-0.7954814 kl=0.001071053 consistency=0 lambda=0 beta=1 grad=57.26449 horizon=280 lifetime=[460,1282] skipped=False
2026-08-30 16:00:07,446 | INFO | step=7940/20000 loss=0.6451417 nll=0.6408247 kl=0.004317075 consistency=0 lambda=0 beta=1 grad=216.236 horizon=120 lifetime=[464,1061] skipped=False
2026-08-30 16:00:07,824 | INFO | step=7950/20000 loss=-0.1965842 nll=-0.1978694 kl=0.001285207 consistency=0 lambda=0 beta=1 grad=99.37511 horizon=260 lifetime=[477,1705] skipped=False
2026-08-30 16:00:08,223 | INFO | step=7960/20000 loss=0.1728782 nll=0.1706359 kl=0.002242275 consistency=0 lambda=0 beta=1 grad=54.2108 horizon=120 lifetime=[461,1154] skipped=False
2026-08-30 16:00:08,611 | INFO | step=7970/20000 loss=0.02652975 nll=0.02570282 kl=0.0008269288 consistency=0 lambda=0 beta=1 grad=165.3354 horizon=200 lifetime=[482,1282] skipped=False
2026-08-30 16:00:09,041 | INFO | step=7980/20000 loss=-0.09155989 nll=-0.0936114 kl=0.002051506 consistency=0 lambda=0 beta=1 grad=71.33827 horizon=220 lifetime=[456,1015] skipped=False
2026-08-30 16:00:09,397 | INFO | step=7990/20000 loss=0.5560466 nll=0.553334 kl=0.00271263 consistency=0 lambda=0 beta=1 grad=43.8957 horizon=100 lifetime=[484,1036] skipped=False
2026-08-30 16:00:10,077 | INFO | validation step=8000 rmse=147.895 best=127.2853@7000 stale=2/10
2026-08-30 16:00:10,077 | INFO | step=8000/20000 loss=0.6338971 nll=0.6319599 kl=0.001937278 consistency=0 lambda=0 beta=1 grad=24.00806 horizon=100 lifetime=[437,1071] skipped=False
2026-08-30 16:00:10,568 | INFO | step=8010/20000 loss=-0.3359783 nll=-0.3375077 kl=0.001529371 consistency=0 lambda=0 beta=1 grad=35.62833 horizon=280 lifetime=[455,1858] skipped=False
2026-08-30 16:00:11,012 | INFO | step=8020/20000 loss=-0.3694923 nll=-0.3703851 kl=0.0008928366 consistency=0 lambda=0 beta=1 grad=61.23108 horizon=260 lifetime=[467,988] skipped=False
2026-08-30 16:00:11,384 | INFO | step=8030/20000 loss=0.01885371 nll=0.0145106 kl=0.004343104 consistency=0 lambda=0 beta=1 grad=77.42806 horizon=140 lifetime=[461,1036] skipped=False
2026-08-30 16:00:11,741 | INFO | step=8040/20000 loss=0.67869 nll=0.672188 kl=0.006501954 consistency=0 lambda=0 beta=1 grad=31.5116 horizon=100 lifetime=[614,1154] skipped=False
2026-08-30 16:00:12,101 | INFO | step=8050/20000 loss=-0.5165427 nll=-0.519975 kl=0.00343227 consistency=0 lambda=0 beta=1 grad=35.42105 horizon=140 lifetime=[455,826] skipped=False
2026-08-30 16:00:12,471 | INFO | step=8060/20000 loss=-0.3903705 nll=-0.3923355 kl=0.001965014 consistency=0 lambda=0 beta=1 grad=36.54424 horizon=180 lifetime=[299,1156] skipped=False
2026-08-30 16:00:12,813 | INFO | step=8070/20000 loss=0.4131636 nll=0.4117299 kl=0.001433689 consistency=0 lambda=0 beta=1 grad=94.71142 horizon=160 lifetime=[456,1143] skipped=False
2026-08-30 16:00:13,194 | INFO | step=8080/20000 loss=-0.151398 nll=-0.1528618 kl=0.001463772 consistency=0 lambda=0 beta=1 grad=158.1833 horizon=240 lifetime=[467,1061] skipped=False
2026-08-30 16:00:13,583 | INFO | step=8090/20000 loss=-0.2452458 nll=-0.2493216 kl=0.004075792 consistency=0 lambda=0 beta=1 grad=23.02138 horizon=120 lifetime=[455,1007] skipped=False
2026-08-30 16:00:13,965 | INFO | step=8100/20000 loss=-0.04864515 nll=-0.05025274 kl=0.001607593 consistency=0 lambda=0 beta=1 grad=68.6916 horizon=300 lifetime=[456,1858] skipped=False
2026-08-30 16:00:14,339 | INFO | step=8110/20000 loss=-0.3515368 nll=-0.3544011 kl=0.002864277 consistency=0 lambda=0 beta=1 grad=46.70801 horizon=300 lifetime=[461,964] skipped=False
2026-08-30 16:00:14,738 | INFO | step=8120/20000 loss=0.0004093032 nll=-0.0004515573 kl=0.0008608606 consistency=0 lambda=0 beta=1 grad=46.96039 horizon=160 lifetime=[482,1076] skipped=False
2026-08-30 16:00:15,172 | INFO | step=8130/20000 loss=-0.0977148 nll=-0.09970273 kl=0.001987932 consistency=0 lambda=0 beta=1 grad=153.8892 horizon=280 lifetime=[518,1858] skipped=False
2026-08-30 16:00:15,577 | INFO | step=8140/20000 loss=0.2739267 nll=0.2722466 kl=0.001680151 consistency=0 lambda=0 beta=1 grad=143.9218 horizon=280 lifetime=[704,1858] skipped=False
2026-08-30 16:00:15,951 | INFO | step=8150/20000 loss=-0.1887912 nll=-0.1909042 kl=0.002112958 consistency=0 lambda=0 beta=1 grad=28.97059 horizon=240 lifetime=[501,1049] skipped=False
2026-08-30 16:00:16,333 | INFO | step=8160/20000 loss=-1.008595 nll=-1.009666 kl=0.00107047 consistency=0 lambda=0 beta=1 grad=38.70352 horizon=220 lifetime=[437,1049] skipped=False
2026-08-30 16:00:16,667 | INFO | step=8170/20000 loss=0.1682914 nll=0.1642319 kl=0.004059461 consistency=0 lambda=0 beta=1 grad=67.21526 horizon=100 lifetime=[476,1143] skipped=False
2026-08-30 16:00:17,040 | INFO | step=8180/20000 loss=-0.4084598 nll=-0.413174 kl=0.004714231 consistency=0 lambda=0 beta=1 grad=108.5288 horizon=200 lifetime=[467,1143] skipped=False
2026-08-30 16:00:17,428 | INFO | step=8190/20000 loss=-0.3171671 nll=-0.3184818 kl=0.001314692 consistency=0 lambda=0 beta=1 grad=87.75131 horizon=220 lifetime=[476,1091] skipped=False
2026-08-30 16:00:17,830 | INFO | step=8200/20000 loss=-0.587982 nll=-0.5893078 kl=0.001325773 consistency=0 lambda=0 beta=1 grad=32.8281 horizon=180 lifetime=[464,1076] skipped=False
2026-08-30 16:00:18,233 | INFO | step=8210/20000 loss=-0.7347543 nll=-0.7355198 kl=0.0007654801 consistency=0 lambda=0 beta=1 grad=66.66195 horizon=260 lifetime=[455,836] skipped=False
2026-08-30 16:00:18,624 | INFO | step=8220/20000 loss=-0.2702756 nll=-0.2720013 kl=0.001725774 consistency=0 lambda=0 beta=1 grad=91.62156 horizon=200 lifetime=[470,1705] skipped=False
2026-08-30 16:00:19,011 | INFO | step=8230/20000 loss=-0.6620644 nll=-0.6648194 kl=0.002755042 consistency=0 lambda=0 beta=1 grad=52.60839 horizon=240 lifetime=[299,1038] skipped=False
2026-08-30 16:00:19,394 | INFO | step=8240/20000 loss=-0.3171895 nll=-0.3191259 kl=0.001936341 consistency=0 lambda=0 beta=1 grad=44.61893 horizon=140 lifetime=[470,1705] skipped=False
2026-08-30 16:00:19,813 | INFO | step=8250/20000 loss=0.1716729 nll=0.1700966 kl=0.001576278 consistency=0 lambda=0 beta=1 grad=201.5716 horizon=220 lifetime=[486,1431] skipped=False
2026-08-30 16:00:20,186 | INFO | step=8260/20000 loss=-0.5235532 nll=-0.5249693 kl=0.00141615 consistency=0 lambda=0 beta=1 grad=32.82027 horizon=300 lifetime=[464,964] skipped=False
2026-08-30 16:00:20,601 | INFO | step=8270/20000 loss=-0.7014104 nll=-0.703326 kl=0.001915626 consistency=0 lambda=0 beta=1 grad=51.84227 horizon=280 lifetime=[501,1705] skipped=False
2026-08-30 16:00:20,990 | INFO | step=8280/20000 loss=0.1723066 nll=0.1701157 kl=0.002190956 consistency=0 lambda=0 beta=1 grad=174.6061 horizon=100 lifetime=[464,1282] skipped=False
2026-08-30 16:00:21,330 | INFO | step=8290/20000 loss=0.1249056 nll=0.1223898 kl=0.00251573 consistency=0 lambda=0 beta=1 grad=102.6905 horizon=180 lifetime=[299,1000] skipped=False
2026-08-30 16:00:21,701 | INFO | step=8300/20000 loss=0.5758657 nll=0.5741338 kl=0.001731956 consistency=0 lambda=0 beta=1 grad=28.26498 horizon=100 lifetime=[486,1156] skipped=False
2026-08-30 16:00:22,120 | INFO | step=8310/20000 loss=-0.1445436 nll=-0.1467581 kl=0.00221446 consistency=0 lambda=0 beta=1 grad=30.02646 horizon=280 lifetime=[701,1156] skipped=False
2026-08-30 16:00:22,524 | INFO | step=8320/20000 loss=-0.3467672 nll=-0.3488509 kl=0.002083734 consistency=0 lambda=0 beta=1 grad=34.72439 horizon=160 lifetime=[458,1932] skipped=False
2026-08-30 16:00:22,976 | INFO | step=8330/20000 loss=1.006764 nll=1.005528 kl=0.001236472 consistency=0 lambda=0 beta=1 grad=154.1682 horizon=180 lifetime=[467,1000] skipped=False
2026-08-30 16:00:23,359 | INFO | step=8340/20000 loss=0.07829478 nll=0.07722144 kl=0.001073337 consistency=0 lambda=0 beta=1 grad=59.10397 horizon=120 lifetime=[512,1061] skipped=False
2026-08-30 16:00:23,767 | INFO | step=8350/20000 loss=-0.8705599 nll=-0.872666 kl=0.002106082 consistency=0 lambda=0 beta=1 grad=114.4503 horizon=220 lifetime=[464,1705] skipped=False
2026-08-30 16:00:24,151 | INFO | step=8360/20000 loss=-0.5457907 nll=-0.5464765 kl=0.0006857663 consistency=0 lambda=0 beta=1 grad=116.4349 horizon=280 lifetime=[437,1091] skipped=False
2026-08-30 16:00:24,525 | INFO | step=8370/20000 loss=-0.04379985 nll=-0.04547864 kl=0.001678791 consistency=0 lambda=0 beta=1 grad=55.39328 horizon=240 lifetime=[477,1015] skipped=False
2026-08-30 16:00:24,914 | INFO | step=8380/20000 loss=-0.1565197 nll=-0.1582533 kl=0.001733616 consistency=0 lambda=0 beta=1 grad=54.70455 horizon=160 lifetime=[456,1049] skipped=False
2026-08-30 16:00:25,281 | INFO | step=8390/20000 loss=-0.1390262 nll=-0.1399319 kl=0.0009057 consistency=0 lambda=0 beta=1 grad=54.79512 horizon=180 lifetime=[482,1061] skipped=False
2026-08-30 16:00:25,695 | INFO | step=8400/20000 loss=-0.5743865 nll=-0.5755745 kl=0.001187962 consistency=0 lambda=0 beta=1 grad=76.24384 horizon=200 lifetime=[455,1036] skipped=False
2026-08-30 16:00:26,138 | INFO | step=8410/20000 loss=0.7523266 nll=0.7513955 kl=0.00093114 consistency=0 lambda=0 beta=1 grad=269.2083 horizon=240 lifetime=[299,988] skipped=False
2026-08-30 16:00:26,516 | INFO | step=8420/20000 loss=-0.2519234 nll=-0.2529727 kl=0.001049343 consistency=0 lambda=0 beta=1 grad=35.66186 horizon=200 lifetime=[467,1932] skipped=False
2026-08-30 16:00:26,920 | INFO | step=8430/20000 loss=-0.6676428 nll=-0.6697038 kl=0.002061021 consistency=0 lambda=0 beta=1 grad=28.43041 horizon=260 lifetime=[460,1076] skipped=False
2026-08-30 16:00:27,303 | INFO | step=8440/20000 loss=-0.6498416 nll=-0.6510421 kl=0.001200471 consistency=0 lambda=0 beta=1 grad=75.47033 horizon=200 lifetime=[476,1705] skipped=False
2026-08-30 16:00:27,707 | INFO | step=8450/20000 loss=-0.2655986 nll=-0.2670316 kl=0.001432996 consistency=0 lambda=0 beta=1 grad=69.81968 horizon=180 lifetime=[299,1156] skipped=False
2026-08-30 16:00:28,091 | INFO | step=8460/20000 loss=0.09570785 nll=0.09230138 kl=0.003406469 consistency=0 lambda=0 beta=1 grad=60.07863 horizon=160 lifetime=[464,1282] skipped=False
2026-08-30 16:00:28,479 | INFO | step=8470/20000 loss=-0.9839719 nll=-0.9871224 kl=0.003150474 consistency=0 lambda=0 beta=1 grad=35.44386 horizon=260 lifetime=[460,856] skipped=False
2026-08-30 16:00:28,881 | INFO | step=8480/20000 loss=-0.1947144 nll=-0.1967637 kl=0.00204929 consistency=0 lambda=0 beta=1 grad=126.911 horizon=280 lifetime=[464,1932] skipped=False
2026-08-30 16:00:29,274 | INFO | step=8490/20000 loss=0.3384974 nll=0.3368664 kl=0.001630947 consistency=0 lambda=0 beta=1 grad=145.4966 horizon=260 lifetime=[299,1076] skipped=False
2026-08-30 16:00:29,902 | INFO | validation step=8500 rmse=139.2565 best=127.2853@7000 stale=3/10
2026-08-30 16:00:29,902 | INFO | step=8500/20000 loss=0.0679197 nll=0.06463145 kl=0.00328825 consistency=0 lambda=0 beta=1 grad=61.94496 horizon=120 lifetime=[491,1025] skipped=False
2026-08-30 16:00:30,385 | INFO | step=8510/20000 loss=0.5806888 nll=0.5775619 kl=0.003126953 consistency=0 lambda=0 beta=1 grad=117.5308 horizon=100 lifetime=[477,1932] skipped=False
2026-08-30 16:00:30,795 | INFO | step=8520/20000 loss=-0.4506694 nll=-0.4525034 kl=0.00183396 consistency=0 lambda=0 beta=1 grad=44.8961 horizon=260 lifetime=[665,1431] skipped=False
2026-08-30 16:00:31,221 | INFO | step=8530/20000 loss=0.7174417 nll=0.7133724 kl=0.004069261 consistency=0 lambda=0 beta=1 grad=174.5793 horizon=100 lifetime=[486,1635] skipped=False
2026-08-30 16:00:31,633 | INFO | step=8540/20000 loss=1.457161 nll=1.45435 kl=0.002810724 consistency=0 lambda=0 beta=1 grad=445.6158 horizon=160 lifetime=[633,1025] skipped=False
2026-08-30 16:00:32,085 | INFO | step=8550/20000 loss=-0.1834924 nll=-0.1847914 kl=0.001298942 consistency=0 lambda=0 beta=1 grad=56.61625 horizon=300 lifetime=[719,1431] skipped=False
2026-08-30 16:00:32,527 | INFO | step=8560/20000 loss=-0.1502459 nll=-0.1520358 kl=0.00178989 consistency=0 lambda=0 beta=1 grad=74.10344 horizon=200 lifetime=[512,1061] skipped=False
2026-08-30 16:00:32,914 | INFO | step=8570/20000 loss=0.111692 nll=0.1095876 kl=0.002104433 consistency=0 lambda=0 beta=1 grad=21.62545 horizon=100 lifetime=[615,1932] skipped=False
2026-08-30 16:00:33,354 | INFO | step=8580/20000 loss=-0.327947 nll=-0.3293248 kl=0.001377843 consistency=0 lambda=0 beta=1 grad=30.28899 horizon=280 lifetime=[491,1049] skipped=False
2026-08-30 16:00:33,741 | INFO | step=8590/20000 loss=0.5666074 nll=0.5639924 kl=0.002615046 consistency=0 lambda=0 beta=1 grad=194.2909 horizon=280 lifetime=[633,1282] skipped=False
2026-08-30 16:00:34,137 | INFO | step=8600/20000 loss=-0.22576 nll=-0.2272339 kl=0.001473896 consistency=0 lambda=0 beta=1 grad=41.75801 horizon=120 lifetime=[491,1932] skipped=False
2026-08-30 16:00:34,531 | INFO | step=8610/20000 loss=-0.4735638 nll=-0.4774922 kl=0.003928408 consistency=0 lambda=0 beta=1 grad=53.29123 horizon=160 lifetime=[464,1045] skipped=False
2026-08-30 16:00:34,937 | INFO | step=8620/20000 loss=0.6722437 nll=0.6688676 kl=0.003376056 consistency=0 lambda=0 beta=1 grad=383.2846 horizon=260 lifetime=[464,1932] skipped=False
2026-08-30 16:00:35,303 | INFO | step=8630/20000 loss=-0.04566075 nll=-0.04801704 kl=0.002356295 consistency=0 lambda=0 beta=1 grad=57.32227 horizon=180 lifetime=[467,1705] skipped=False
2026-08-30 16:00:35,709 | INFO | step=8640/20000 loss=-0.3447041 nll=-0.3465616 kl=0.001857467 consistency=0 lambda=0 beta=1 grad=187.9636 horizon=280 lifetime=[458,1858] skipped=False
2026-08-30 16:00:36,098 | INFO | step=8650/20000 loss=-0.2624584 nll=-0.2649466 kl=0.002488285 consistency=0 lambda=0 beta=1 grad=54.15305 horizon=160 lifetime=[458,1932] skipped=False
2026-08-30 16:00:36,513 | INFO | step=8660/20000 loss=0.618292 nll=0.6167856 kl=0.001506317 consistency=0 lambda=0 beta=1 grad=218.9498 horizon=180 lifetime=[456,1431] skipped=False
2026-08-30 16:00:36,932 | INFO | step=8670/20000 loss=1.086549 nll=1.085138 kl=0.001410585 consistency=0 lambda=0 beta=1 grad=320.4484 horizon=180 lifetime=[484,1025] skipped=False
2026-08-30 16:00:37,300 | INFO | step=8680/20000 loss=-0.4193345 nll=-0.42065 kl=0.001315515 consistency=0 lambda=0 beta=1 grad=32.48607 horizon=260 lifetime=[510,1025] skipped=False
2026-08-30 16:00:37,668 | INFO | step=8690/20000 loss=-0.4487173 nll=-0.4518032 kl=0.003085945 consistency=0 lambda=0 beta=1 grad=60.46865 horizon=200 lifetime=[484,874] skipped=False
2026-08-30 16:00:38,061 | INFO | step=8700/20000 loss=-0.4395131 nll=-0.441216 kl=0.001702916 consistency=0 lambda=0 beta=1 grad=42.42721 horizon=280 lifetime=[491,1071] skipped=False
2026-08-30 16:00:38,442 | INFO | step=8710/20000 loss=-0.3423629 nll=-0.3433788 kl=0.001015857 consistency=0 lambda=0 beta=1 grad=37.93292 horizon=200 lifetime=[484,1025] skipped=False
2026-08-30 16:00:38,826 | INFO | step=8720/20000 loss=-0.3017341 nll=-0.3027002 kl=0.0009661689 consistency=0 lambda=0 beta=1 grad=82.78585 horizon=200 lifetime=[470,988] skipped=False
2026-08-30 16:00:39,197 | INFO | step=8730/20000 loss=-0.02136781 nll=-0.02401197 kl=0.002644155 consistency=0 lambda=0 beta=1 grad=109.2147 horizon=180 lifetime=[467,1025] skipped=False
2026-08-30 16:00:39,567 | INFO | step=8740/20000 loss=-0.3447922 nll=-0.3477067 kl=0.002914481 consistency=0 lambda=0 beta=1 grad=88.75538 horizon=260 lifetime=[455,1705] skipped=False
2026-08-30 16:00:39,980 | INFO | step=8750/20000 loss=-0.2823289 nll=-0.2839889 kl=0.001659993 consistency=0 lambda=0 beta=1 grad=91.34374 horizon=220 lifetime=[456,1154] skipped=False
2026-08-30 16:00:40,384 | INFO | step=8760/20000 loss=-0.890201 nll=-0.8920321 kl=0.001831103 consistency=0 lambda=0 beta=1 grad=96.29807 horizon=280 lifetime=[467,1932] skipped=False
2026-08-30 16:00:40,784 | INFO | step=8770/20000 loss=0.08239585 nll=0.07971236 kl=0.002683491 consistency=0 lambda=0 beta=1 grad=77.11092 horizon=200 lifetime=[539,1061] skipped=False
2026-08-30 16:00:41,133 | INFO | step=8780/20000 loss=-0.2475923 nll=-0.2501084 kl=0.00251602 consistency=0 lambda=0 beta=1 grad=57.30359 horizon=180 lifetime=[456,1091] skipped=False
2026-08-30 16:00:41,521 | INFO | step=8790/20000 loss=0.2664732 nll=0.2647231 kl=0.001750112 consistency=0 lambda=0 beta=1 grad=110.9007 horizon=260 lifetime=[614,1143] skipped=False
2026-08-30 16:00:41,880 | INFO | step=8800/20000 loss=0.2920351 nll=0.2885292 kl=0.003505919 consistency=0 lambda=0 beta=1 grad=200.1699 horizon=260 lifetime=[614,942] skipped=False
2026-08-30 16:00:42,325 | INFO | step=8810/20000 loss=-0.46099 nll=-0.4619575 kl=0.0009674635 consistency=0 lambda=0 beta=1 grad=56.48015 horizon=220 lifetime=[456,1076] skipped=False
2026-08-30 16:00:42,674 | INFO | step=8820/20000 loss=1.221977 nll=1.219284 kl=0.002693452 consistency=0 lambda=0 beta=1 grad=250.1999 horizon=200 lifetime=[529,1635] skipped=False
2026-08-30 16:00:43,052 | INFO | step=8830/20000 loss=0.5329912 nll=0.5312935 kl=0.00169771 consistency=0 lambda=0 beta=1 grad=192.0156 horizon=180 lifetime=[299,1858] skipped=False
2026-08-30 16:00:43,431 | INFO | step=8840/20000 loss=0.1503311 nll=0.1451567 kl=0.00517441 consistency=0 lambda=0 beta=1 grad=137.0881 horizon=220 lifetime=[461,1431] skipped=False
2026-08-30 16:00:43,864 | INFO | step=8850/20000 loss=-0.3045107 nll=-0.3052219 kl=0.0007111393 consistency=0 lambda=0 beta=1 grad=54.95279 horizon=280 lifetime=[539,1635] skipped=False
2026-08-30 16:00:44,229 | INFO | step=8860/20000 loss=0.01199791 nll=0.007116139 kl=0.004881773 consistency=0 lambda=0 beta=1 grad=123.3379 horizon=200 lifetime=[476,1705] skipped=False
2026-08-30 16:00:44,627 | INFO | step=8870/20000 loss=-0.4766546 nll=-0.477784 kl=0.001129422 consistency=0 lambda=0 beta=1 grad=97.57898 horizon=260 lifetime=[458,1156] skipped=False
2026-08-30 16:00:45,002 | INFO | step=8880/20000 loss=-0.3928525 nll=-0.3941765 kl=0.001323942 consistency=0 lambda=0 beta=1 grad=99.18133 horizon=160 lifetime=[455,1635] skipped=False
2026-08-30 16:00:45,396 | INFO | step=8890/20000 loss=-0.1469239 nll=-0.1486976 kl=0.001773652 consistency=0 lambda=0 beta=1 grad=23.08542 horizon=100 lifetime=[486,1282] skipped=False
2026-08-30 16:00:45,778 | INFO | step=8900/20000 loss=-0.3664542 nll=-0.3691188 kl=0.002664633 consistency=0 lambda=0 beta=1 grad=27.00952 horizon=120 lifetime=[470,1156] skipped=False
2026-08-30 16:00:46,135 | INFO | step=8910/20000 loss=-0.7099732 nll=-0.7117811 kl=0.00180795 consistency=0 lambda=0 beta=1 grad=53.86019 horizon=220 lifetime=[456,1858] skipped=False
2026-08-30 16:00:46,516 | INFO | step=8920/20000 loss=0.4116172 nll=0.4090889 kl=0.002528377 consistency=0 lambda=0 beta=1 grad=155.5637 horizon=120 lifetime=[456,1932] skipped=False
2026-08-30 16:00:46,884 | INFO | step=8930/20000 loss=-0.2625519 nll=-0.2672789 kl=0.004726965 consistency=0 lambda=0 beta=1 grad=190.5425 horizon=240 lifetime=[437,1045] skipped=False
2026-08-30 16:00:47,290 | INFO | step=8940/20000 loss=0.05019489 nll=0.04870918 kl=0.001485709 consistency=0 lambda=0 beta=1 grad=247.8559 horizon=180 lifetime=[486,1705] skipped=False
2026-08-30 16:00:47,679 | INFO | step=8950/20000 loss=-0.0769584 nll=-0.07987238 kl=0.002913985 consistency=0 lambda=0 beta=1 grad=92.15505 horizon=140 lifetime=[470,1431] skipped=False
2026-08-30 16:00:48,086 | INFO | step=8960/20000 loss=-0.2168359 nll=-0.2178111 kl=0.0009751618 consistency=0 lambda=0 beta=1 grad=99.09935 horizon=240 lifetime=[456,1932] skipped=False
2026-08-30 16:00:48,481 | INFO | step=8970/20000 loss=-0.7808658 nll=-0.7836905 kl=0.002824642 consistency=0 lambda=0 beta=1 grad=84.64191 horizon=220 lifetime=[476,942] skipped=False
2026-08-30 16:00:48,854 | INFO | step=8980/20000 loss=-0.7585642 nll=-0.7599908 kl=0.001426648 consistency=0 lambda=0 beta=1 grad=41.00359 horizon=200 lifetime=[461,1038] skipped=False
2026-08-30 16:00:49,265 | INFO | step=8990/20000 loss=-0.2746339 nll=-0.2766628 kl=0.002028905 consistency=0 lambda=0 beta=1 grad=84.32665 horizon=120 lifetime=[455,794] skipped=False
2026-08-30 16:00:49,909 | INFO | validation step=9000 rmse=162.7046 best=127.2853@7000 stale=4/10
2026-08-30 16:00:49,909 | INFO | step=9000/20000 loss=-0.2800961 nll=-0.2835497 kl=0.003453575 consistency=0 lambda=0 beta=1 grad=32.57727 horizon=200 lifetime=[476,1154] skipped=False
2026-08-30 16:00:50,391 | INFO | step=9010/20000 loss=-0.4608332 nll=-0.4626188 kl=0.001785621 consistency=0 lambda=0 beta=1 grad=22.79783 horizon=160 lifetime=[476,1932] skipped=False
2026-08-30 16:00:50,812 | INFO | step=9020/20000 loss=0.1676395 nll=0.1659545 kl=0.001685008 consistency=0 lambda=0 beta=1 grad=197.431 horizon=280 lifetime=[614,1932] skipped=False
2026-08-30 16:00:51,230 | INFO | step=9030/20000 loss=-0.3615113 nll=-0.3628048 kl=0.001293484 consistency=0 lambda=0 beta=1 grad=48.67565 horizon=200 lifetime=[460,921] skipped=False
2026-08-30 16:00:51,651 | INFO | step=9040/20000 loss=-0.2805486 nll=-0.2818697 kl=0.001321152 consistency=0 lambda=0 beta=1 grad=66.42578 horizon=220 lifetime=[559,1635] skipped=False
2026-08-30 16:00:52,092 | INFO | step=9050/20000 loss=-0.1191613 nll=-0.1208173 kl=0.001656033 consistency=0 lambda=0 beta=1 grad=99.29685 horizon=300 lifetime=[700,1635] skipped=False
2026-08-30 16:00:52,505 | INFO | step=9060/20000 loss=-0.7090617 nll=-0.7113045 kl=0.002242796 consistency=0 lambda=0 beta=1 grad=84.42445 horizon=280 lifetime=[299,1076] skipped=False
2026-08-30 16:00:52,954 | INFO | step=9070/20000 loss=-0.4824359 nll=-0.483577 kl=0.001141064 consistency=0 lambda=0 beta=1 grad=27.15676 horizon=220 lifetime=[461,991] skipped=False
2026-08-30 16:00:53,333 | INFO | step=9080/20000 loss=-0.5529639 nll=-0.5608634 kl=0.007899601 consistency=0 lambda=0 beta=1 grad=21.57446 horizon=160 lifetime=[464,1091] skipped=False
2026-08-30 16:00:53,749 | INFO | step=9090/20000 loss=0.1961763 nll=0.1936045 kl=0.002571769 consistency=0 lambda=0 beta=1 grad=253.8581 horizon=180 lifetime=[493,1431] skipped=False
2026-08-30 16:00:54,140 | INFO | step=9100/20000 loss=-0.1565974 nll=-0.1573475 kl=0.0007501096 consistency=0 lambda=0 beta=1 grad=70.48574 horizon=280 lifetime=[477,1156] skipped=False
2026-08-30 16:00:54,518 | INFO | step=9110/20000 loss=-0.5360411 nll=-0.5387364 kl=0.002695289 consistency=0 lambda=0 beta=1 grad=39.93393 horizon=240 lifetime=[648,1932] skipped=False
2026-08-30 16:00:54,880 | INFO | step=9120/20000 loss=-0.6280949 nll=-0.6295934 kl=0.001498505 consistency=0 lambda=0 beta=1 grad=54.08932 horizon=180 lifetime=[464,1858] skipped=False
2026-08-30 16:00:55,252 | INFO | step=9130/20000 loss=-0.4451613 nll=-0.447644 kl=0.002482709 consistency=0 lambda=0 beta=1 grad=56.83202 horizon=240 lifetime=[437,1091] skipped=False
2026-08-30 16:00:55,640 | INFO | step=9140/20000 loss=-0.4963711 nll=-0.5003117 kl=0.003940642 consistency=0 lambda=0 beta=1 grad=29.69618 horizon=120 lifetime=[455,988] skipped=False
2026-08-30 16:00:56,009 | INFO | step=9150/20000 loss=-0.1921688 nll=-0.1940987 kl=0.001929842 consistency=0 lambda=0 beta=1 grad=35.88312 horizon=240 lifetime=[539,1282] skipped=False
2026-08-30 16:00:56,404 | INFO | step=9160/20000 loss=-0.8439153 nll=-0.8459395 kl=0.002024099 consistency=0 lambda=0 beta=1 grad=161.5256 horizon=280 lifetime=[456,988] skipped=False
2026-08-30 16:00:56,823 | INFO | step=9170/20000 loss=0.05698211 nll=0.05595712 kl=0.001024988 consistency=0 lambda=0 beta=1 grad=49.48809 horizon=200 lifetime=[614,1635] skipped=False
2026-08-30 16:00:57,216 | INFO | step=9180/20000 loss=-0.577067 nll=-0.5799667 kl=0.002899721 consistency=0 lambda=0 beta=1 grad=111.0417 horizon=260 lifetime=[467,1045] skipped=False
2026-08-30 16:00:57,619 | INFO | step=9190/20000 loss=-0.101123 nll=-0.1028181 kl=0.001695078 consistency=0 lambda=0 beta=1 grad=70.02775 horizon=140 lifetime=[456,1932] skipped=False
2026-08-30 16:00:57,959 | INFO | step=9200/20000 loss=0.08755168 nll=0.08081393 kl=0.006737746 consistency=0 lambda=0 beta=1 grad=38.12728 horizon=120 lifetime=[501,1431] skipped=False
2026-08-30 16:00:58,330 | INFO | step=9210/20000 loss=-0.110527 nll=-0.1125745 kl=0.002047535 consistency=0 lambda=0 beta=1 grad=129.8331 horizon=300 lifetime=[476,1858] skipped=False
2026-08-30 16:00:58,727 | INFO | step=9220/20000 loss=-0.7335219 nll=-0.7341748 kl=0.0006529056 consistency=0 lambda=0 beta=1 grad=108.9605 horizon=220 lifetime=[299,1858] skipped=False
2026-08-30 16:00:59,152 | INFO | step=9230/20000 loss=-0.05040955 nll=-0.0558783 kl=0.005468756 consistency=0 lambda=0 beta=1 grad=46.45649 horizon=100 lifetime=[299,1143] skipped=False
2026-08-30 16:00:59,526 | INFO | step=9240/20000 loss=-0.5582377 nll=-0.5599216 kl=0.001683928 consistency=0 lambda=0 beta=1 grad=58.29324 horizon=160 lifetime=[299,1049] skipped=False
2026-08-30 16:00:59,875 | INFO | step=9250/20000 loss=-0.4728694 nll=-0.47553 kl=0.002660621 consistency=0 lambda=0 beta=1 grad=24.2199 horizon=160 lifetime=[470,1705] skipped=False
2026-08-30 16:01:00,285 | INFO | step=9260/20000 loss=-0.6018599 nll=-0.6025523 kl=0.0006923825 consistency=0 lambda=0 beta=1 grad=61.68895 horizon=300 lifetime=[486,1049] skipped=False
2026-08-30 16:01:00,692 | INFO | step=9270/20000 loss=0.8723931 nll=0.8707913 kl=0.001601752 consistency=0 lambda=0 beta=1 grad=286.3859 horizon=200 lifetime=[467,1431] skipped=False
2026-08-30 16:01:01,087 | INFO | step=9280/20000 loss=-0.700162 nll=-0.7027985 kl=0.002636567 consistency=0 lambda=0 beta=1 grad=80.11078 horizon=220 lifetime=[437,1061] skipped=False
2026-08-30 16:01:01,467 | INFO | step=9290/20000 loss=0.09462939 nll=0.09202263 kl=0.002606761 consistency=0 lambda=0 beta=1 grad=117.5444 horizon=160 lifetime=[482,1143] skipped=False
2026-08-30 16:01:01,892 | INFO | step=9300/20000 loss=-0.2253678 nll=-0.225892 kl=0.0005242005 consistency=0 lambda=0 beta=1 grad=169.7882 horizon=220 lifetime=[467,1143] skipped=False
2026-08-30 16:01:02,307 | INFO | step=9310/20000 loss=0.6083499 nll=0.6063209 kl=0.002029002 consistency=0 lambda=0 beta=1 grad=75.61449 horizon=100 lifetime=[455,921] skipped=False
2026-08-30 16:01:02,718 | INFO | step=9320/20000 loss=-0.3381107 nll=-0.3392026 kl=0.001091897 consistency=0 lambda=0 beta=1 grad=80.20878 horizon=300 lifetime=[437,1705] skipped=False
2026-08-30 16:01:03,078 | INFO | step=9330/20000 loss=0.07980473 nll=0.07662961 kl=0.003175117 consistency=0 lambda=0 beta=1 grad=28.55574 horizon=120 lifetime=[437,1076] skipped=False
2026-08-30 16:01:03,441 | INFO | step=9340/20000 loss=0.9714814 nll=0.9700972 kl=0.001384228 consistency=0 lambda=0 beta=1 grad=175.4511 horizon=220 lifetime=[491,991] skipped=False
2026-08-30 16:01:03,828 | INFO | step=9350/20000 loss=-0.609025 nll=-0.6119078 kl=0.002882853 consistency=0 lambda=0 beta=1 grad=41.06144 horizon=280 lifetime=[458,1071] skipped=False
2026-08-30 16:01:04,200 | INFO | step=9360/20000 loss=0.1277353 nll=0.1235193 kl=0.004216079 consistency=0 lambda=0 beta=1 grad=42.11123 horizon=100 lifetime=[464,1858] skipped=False
2026-08-30 16:01:04,557 | INFO | step=9370/20000 loss=-0.9028493 nll=-0.9052325 kl=0.00238324 consistency=0 lambda=0 beta=1 grad=72.38682 horizon=260 lifetime=[460,1015] skipped=False
2026-08-30 16:01:04,892 | INFO | step=9380/20000 loss=-0.2475059 nll=-0.2498709 kl=0.002364986 consistency=0 lambda=0 beta=1 grad=93.19307 horizon=140 lifetime=[484,1282] skipped=False
2026-08-30 16:01:05,256 | INFO | step=9390/20000 loss=-0.4127154 nll=-0.415538 kl=0.002822608 consistency=0 lambda=0 beta=1 grad=45.15202 horizon=140 lifetime=[460,1154] skipped=False
2026-08-30 16:01:05,676 | INFO | step=9400/20000 loss=-0.6640083 nll=-0.6650999 kl=0.001091525 consistency=0 lambda=0 beta=1 grad=32.31635 horizon=280 lifetime=[633,828] skipped=False
2026-08-30 16:01:06,080 | INFO | step=9410/20000 loss=-0.9642321 nll=-0.965764 kl=0.001531966 consistency=0 lambda=0 beta=1 grad=83.66843 horizon=200 lifetime=[299,1282] skipped=False
2026-08-30 16:01:06,509 | INFO | step=9420/20000 loss=0.3601853 nll=0.3582883 kl=0.001896955 consistency=0 lambda=0 beta=1 grad=31.77164 horizon=100 lifetime=[491,1076] skipped=False
2026-08-30 16:01:06,877 | INFO | step=9430/20000 loss=-0.6399619 nll=-0.6417527 kl=0.001790799 consistency=0 lambda=0 beta=1 grad=118.5728 horizon=280 lifetime=[437,1635] skipped=False
2026-08-30 16:01:07,301 | INFO | step=9440/20000 loss=-0.5868304 nll=-0.5874161 kl=0.0005857423 consistency=0 lambda=0 beta=1 grad=133.7402 horizon=240 lifetime=[455,1015] skipped=False
2026-08-30 16:01:07,718 | INFO | step=9450/20000 loss=0.04803155 nll=0.04504894 kl=0.002982609 consistency=0 lambda=0 beta=1 grad=58.93679 horizon=180 lifetime=[729,1071] skipped=False
2026-08-30 16:01:08,122 | INFO | step=9460/20000 loss=-0.5573125 nll=-0.558727 kl=0.00141453 consistency=0 lambda=0 beta=1 grad=93.61237 horizon=280 lifetime=[510,1049] skipped=False
2026-08-30 16:01:08,472 | INFO | step=9470/20000 loss=0.5890826 nll=0.5870723 kl=0.00201036 consistency=0 lambda=0 beta=1 grad=190.7184 horizon=160 lifetime=[508,1091] skipped=False
2026-08-30 16:01:08,838 | INFO | step=9480/20000 loss=-0.3664649 nll=-0.3692732 kl=0.002808262 consistency=0 lambda=0 beta=1 grad=54.59952 horizon=160 lifetime=[464,868] skipped=False
2026-08-30 16:01:09,216 | INFO | step=9490/20000 loss=-0.5321643 nll=-0.5328898 kl=0.0007255897 consistency=0 lambda=0 beta=1 grad=61.85877 horizon=280 lifetime=[464,1282] skipped=False
2026-08-30 16:01:09,860 | INFO | validation step=9500 rmse=130.4427 best=127.2853@7000 stale=5/10
2026-08-30 16:01:09,860 | INFO | step=9500/20000 loss=0.02404497 nll=0.0217621 kl=0.002282869 consistency=0 lambda=0 beta=1 grad=255.9406 horizon=260 lifetime=[518,1705] skipped=False
2026-08-30 16:01:10,375 | INFO | step=9510/20000 loss=-0.1414305 nll=-0.1463812 kl=0.004950728 consistency=0 lambda=0 beta=1 grad=119.5087 horizon=220 lifetime=[614,1705] skipped=False
2026-08-30 16:01:10,762 | INFO | step=9520/20000 loss=-0.3682474 nll=-0.3690879 kl=0.0008404925 consistency=0 lambda=0 beta=1 grad=98.00768 horizon=300 lifetime=[458,891] skipped=False
2026-08-30 16:01:11,150 | INFO | step=9530/20000 loss=-0.1371627 nll=-0.1388146 kl=0.00165192 consistency=0 lambda=0 beta=1 grad=192.2097 horizon=180 lifetime=[477,1282] skipped=False
2026-08-30 16:01:11,505 | INFO | step=9540/20000 loss=-0.02715349 nll=-0.03097612 kl=0.003822628 consistency=0 lambda=0 beta=1 grad=89.16832 horizon=160 lifetime=[539,1156] skipped=False
2026-08-30 16:01:11,864 | INFO | step=9550/20000 loss=-0.2010017 nll=-0.202329 kl=0.00132728 consistency=0 lambda=0 beta=1 grad=135.5737 horizon=220 lifetime=[455,1635] skipped=False
2026-08-30 16:01:12,218 | INFO | step=9560/20000 loss=-0.4707575 nll=-0.4732262 kl=0.002468698 consistency=0 lambda=0 beta=1 grad=46.29642 horizon=160 lifetime=[712,988] skipped=False
2026-08-30 16:01:12,605 | INFO | step=9570/20000 loss=-0.3166946 nll=-0.3185567 kl=0.001862116 consistency=0 lambda=0 beta=1 grad=145.0308 horizon=260 lifetime=[460,1282] skipped=False
2026-08-30 16:01:12,982 | INFO | step=9580/20000 loss=-0.2196672 nll=-0.2219268 kl=0.002259582 consistency=0 lambda=0 beta=1 grad=43.74199 horizon=160 lifetime=[633,1071] skipped=False
2026-08-30 16:01:13,361 | INFO | step=9590/20000 loss=0.04249411 nll=0.04119396 kl=0.001300149 consistency=0 lambda=0 beta=1 grad=197.7505 horizon=240 lifetime=[476,1282] skipped=False
2026-08-30 16:01:13,723 | INFO | step=9600/20000 loss=0.01477516 nll=0.01092147 kl=0.003853686 consistency=0 lambda=0 beta=1 grad=54.42971 horizon=120 lifetime=[467,1015] skipped=False
2026-08-30 16:01:14,128 | INFO | step=9610/20000 loss=-0.3747561 nll=-0.3774287 kl=0.00267265 consistency=0 lambda=0 beta=1 grad=67.21992 horizon=240 lifetime=[437,1431] skipped=False
2026-08-30 16:01:14,485 | INFO | step=9620/20000 loss=-0.6641815 nll=-0.6670707 kl=0.002889227 consistency=0 lambda=0 beta=1 grad=59.96564 horizon=220 lifetime=[510,988] skipped=False
2026-08-30 16:01:14,897 | INFO | step=9630/20000 loss=-0.6930318 nll=-0.6951821 kl=0.002150252 consistency=0 lambda=0 beta=1 grad=33.64667 horizon=280 lifetime=[437,1154] skipped=False
2026-08-30 16:01:15,294 | INFO | step=9640/20000 loss=-0.3731975 nll=-0.3747077 kl=0.001510251 consistency=0 lambda=0 beta=1 grad=77.72314 horizon=160 lifetime=[461,1705] skipped=False
2026-08-30 16:01:15,658 | INFO | step=9650/20000 loss=0.006728942 nll=0.005237669 kl=0.001491273 consistency=0 lambda=0 beta=1 grad=31.8846 horizon=100 lifetime=[486,1932] skipped=False
2026-08-30 16:01:16,088 | INFO | step=9660/20000 loss=0.0002883896 nll=-0.0008716732 kl=0.001160063 consistency=0 lambda=0 beta=1 grad=53.21477 horizon=220 lifetime=[607,1705] skipped=False
2026-08-30 16:01:16,481 | INFO | step=9670/20000 loss=-0.5777887 nll=-0.5813255 kl=0.003536791 consistency=0 lambda=0 beta=1 grad=41.57707 horizon=180 lifetime=[467,875] skipped=False
2026-08-30 16:01:16,903 | INFO | step=9680/20000 loss=0.1425013 nll=0.141739 kl=0.0007623434 consistency=0 lambda=0 beta=1 grad=127.4781 horizon=160 lifetime=[458,1705] skipped=False
2026-08-30 16:01:17,285 | INFO | step=9690/20000 loss=-0.153469 nll=-0.1563206 kl=0.002851546 consistency=0 lambda=0 beta=1 grad=78.81139 horizon=140 lifetime=[437,1932] skipped=False
2026-08-30 16:01:17,700 | INFO | step=9700/20000 loss=0.1669744 nll=0.162738 kl=0.004236422 consistency=0 lambda=0 beta=1 grad=163.516 horizon=120 lifetime=[460,1071] skipped=False
2026-08-30 16:01:18,050 | INFO | step=9710/20000 loss=0.0934104 nll=0.09218928 kl=0.00122112 consistency=0 lambda=0 beta=1 grad=94.48634 horizon=120 lifetime=[455,1705] skipped=False
2026-08-30 16:01:18,479 | INFO | step=9720/20000 loss=-0.04151744 nll=-0.04378384 kl=0.002266407 consistency=0 lambda=0 beta=1 grad=79.53897 horizon=200 lifetime=[484,921] skipped=False
2026-08-30 16:01:18,900 | INFO | step=9730/20000 loss=-0.3650355 nll=-0.3655636 kl=0.0005280897 consistency=0 lambda=0 beta=1 grad=116.9379 horizon=280 lifetime=[455,1036] skipped=False
2026-08-30 16:01:19,316 | INFO | step=9740/20000 loss=-0.2469926 nll=-0.2477164 kl=0.0007238239 consistency=0 lambda=0 beta=1 grad=85.26752 horizon=160 lifetime=[649,1705] skipped=False
2026-08-30 16:01:19,732 | INFO | step=9750/20000 loss=-0.8556529 nll=-0.8575892 kl=0.001936294 consistency=0 lambda=0 beta=1 grad=91.4497 horizon=280 lifetime=[512,1025] skipped=False
2026-08-30 16:01:20,173 | INFO | step=9760/20000 loss=-0.779989 nll=-0.7811702 kl=0.001181275 consistency=0 lambda=0 beta=1 grad=50.91403 horizon=280 lifetime=[467,988] skipped=False
2026-08-30 16:01:20,536 | INFO | step=9770/20000 loss=-0.2669876 nll=-0.270422 kl=0.003434457 consistency=0 lambda=0 beta=1 grad=24.27845 horizon=120 lifetime=[461,1156] skipped=False
2026-08-30 16:01:20,924 | INFO | step=9780/20000 loss=-0.3665181 nll=-0.3673862 kl=0.0008681193 consistency=0 lambda=0 beta=1 grad=89.33595 horizon=180 lifetime=[704,1156] skipped=False
2026-08-30 16:01:21,294 | INFO | step=9790/20000 loss=-0.1015823 nll=-0.1042163 kl=0.002634019 consistency=0 lambda=0 beta=1 grad=129.5558 horizon=240 lifetime=[437,1635] skipped=False
2026-08-30 16:01:21,672 | INFO | step=9800/20000 loss=0.1112415 nll=0.1101142 kl=0.001127265 consistency=0 lambda=0 beta=1 grad=62.52153 horizon=180 lifetime=[476,1015] skipped=False
2026-08-30 16:01:22,119 | INFO | step=9810/20000 loss=-0.9231085 nll=-0.9241347 kl=0.001026154 consistency=0 lambda=0 beta=1 grad=60.12452 horizon=260 lifetime=[484,1045] skipped=False
2026-08-30 16:01:22,516 | INFO | step=9820/20000 loss=-0.626978 nll=-0.62802 kl=0.00104209 consistency=0 lambda=0 beta=1 grad=97.55794 horizon=240 lifetime=[470,988] skipped=False
2026-08-30 16:01:22,930 | INFO | step=9830/20000 loss=-0.7270545 nll=-0.7281605 kl=0.001105949 consistency=0 lambda=0 beta=1 grad=117.9745 horizon=260 lifetime=[493,784] skipped=False
2026-08-30 16:01:23,308 | INFO | step=9840/20000 loss=-0.09253488 nll=-0.09299836 kl=0.0004634857 consistency=0 lambda=0 beta=1 grad=87.5239 horizon=300 lifetime=[482,874] skipped=False
2026-08-30 16:01:23,745 | INFO | step=9850/20000 loss=-0.9493198 nll=-0.9497079 kl=0.0003881156 consistency=0 lambda=0 beta=1 grad=82.8806 horizon=240 lifetime=[467,1076] skipped=False
2026-08-30 16:01:24,108 | INFO | step=9860/20000 loss=0.02003796 nll=0.01854517 kl=0.001492783 consistency=0 lambda=0 beta=1 grad=144.1311 horizon=120 lifetime=[467,1091] skipped=False
2026-08-30 16:01:24,475 | INFO | step=9870/20000 loss=-0.6673276 nll=-0.6681218 kl=0.0007942244 consistency=0 lambda=0 beta=1 grad=26.6653 horizon=220 lifetime=[458,891] skipped=False
2026-08-30 16:01:24,863 | INFO | step=9880/20000 loss=-0.3143274 nll=-0.3174555 kl=0.003128126 consistency=0 lambda=0 beta=1 grad=44.30891 horizon=140 lifetime=[508,1143] skipped=False
2026-08-30 16:01:25,231 | INFO | step=9890/20000 loss=-0.1443873 nll=-0.1459506 kl=0.001563318 consistency=0 lambda=0 beta=1 grad=117.8225 horizon=260 lifetime=[486,860] skipped=False
2026-08-30 16:01:25,628 | INFO | step=9900/20000 loss=0.1143314 nll=0.1119719 kl=0.002359524 consistency=0 lambda=0 beta=1 grad=56.26538 horizon=140 lifetime=[491,1431] skipped=False
2026-08-30 16:01:25,971 | INFO | step=9910/20000 loss=0.03641198 nll=0.03486714 kl=0.001544841 consistency=0 lambda=0 beta=1 grad=64.52412 horizon=140 lifetime=[614,1007] skipped=False
2026-08-30 16:01:26,358 | INFO | step=9920/20000 loss=-0.01850624 nll=-0.01974297 kl=0.001236729 consistency=0 lambda=0 beta=1 grad=40.6199 horizon=140 lifetime=[491,1858] skipped=False
2026-08-30 16:01:26,731 | INFO | step=9930/20000 loss=-0.3322044 nll=-0.3340873 kl=0.001882866 consistency=0 lambda=0 beta=1 grad=23.43124 horizon=240 lifetime=[729,1154] skipped=False
2026-08-30 16:01:27,145 | INFO | step=9940/20000 loss=0.7448494 nll=0.7429515 kl=0.001897924 consistency=0 lambda=0 beta=1 grad=270.8429 horizon=120 lifetime=[486,1045] skipped=False
2026-08-30 16:01:27,520 | INFO | step=9950/20000 loss=-0.5194993 nll=-0.5213047 kl=0.001805395 consistency=0 lambda=0 beta=1 grad=75.34995 horizon=260 lifetime=[464,1932] skipped=False
2026-08-30 16:01:27,949 | INFO | step=9960/20000 loss=-0.7469354 nll=-0.747893 kl=0.0009576678 consistency=0 lambda=0 beta=1 grad=97.26875 horizon=240 lifetime=[476,671] skipped=False
2026-08-30 16:01:28,328 | INFO | step=9970/20000 loss=-0.08175108 nll=-0.08335175 kl=0.001600668 consistency=0 lambda=0 beta=1 grad=138.9686 horizon=220 lifetime=[470,1015] skipped=False
2026-08-30 16:01:28,678 | INFO | step=9980/20000 loss=-0.1593109 nll=-0.1629148 kl=0.003603891 consistency=0 lambda=0 beta=1 grad=47.49158 horizon=120 lifetime=[458,988] skipped=False
2026-08-30 16:01:29,052 | INFO | step=9990/20000 loss=-0.2849261 nll=-0.2890205 kl=0.004094422 consistency=0 lambda=0 beta=1 grad=47.3478 horizon=200 lifetime=[501,1635] skipped=False
2026-08-30 16:01:29,706 | INFO | validation step=10000 rmse=130.3087 best=127.2853@7000 stale=6/10
2026-08-30 16:01:29,706 | INFO | step=10000/20000 loss=-0.5180722 nll=-0.5190665 kl=0.00099428 consistency=0 lambda=0 beta=1 grad=45.60667 horizon=180 lifetime=[484,1154] skipped=False
2026-08-30 16:01:30,190 | INFO | step=10010/20000 loss=-0.7641649 nll=-0.7652419 kl=0.001077026 consistency=0 lambda=0 beta=1 grad=53.16097 horizon=300 lifetime=[467,1932] skipped=False
2026-08-30 16:01:30,609 | INFO | step=10020/20000 loss=-0.8224506 nll=-0.8242036 kl=0.001752973 consistency=0 lambda=0 beta=1 grad=63.3133 horizon=240 lifetime=[649,988] skipped=False
2026-08-30 16:01:30,988 | INFO | step=10030/20000 loss=-0.1091243 nll=-0.1099714 kl=0.0008470863 consistency=0 lambda=0 beta=1 grad=177.1124 horizon=280 lifetime=[455,1015] skipped=False
2026-08-30 16:01:31,333 | INFO | step=10040/20000 loss=0.4376225 nll=0.4359531 kl=0.001669407 consistency=0 lambda=0 beta=1 grad=147.8389 horizon=100 lifetime=[508,1431] skipped=False
2026-08-30 16:01:31,732 | INFO | step=10050/20000 loss=0.3828994 nll=0.3814659 kl=0.001433477 consistency=0 lambda=0 beta=1 grad=59.38897 horizon=120 lifetime=[470,1431] skipped=False
2026-08-30 16:01:32,133 | INFO | step=10060/20000 loss=-0.6553841 nll=-0.6563458 kl=0.0009618104 consistency=0 lambda=0 beta=1 grad=54.82756 horizon=220 lifetime=[482,1156] skipped=False
2026-08-30 16:01:32,508 | INFO | step=10070/20000 loss=-0.7457495 nll=-0.7468581 kl=0.001108617 consistency=0 lambda=0 beta=1 grad=66.63328 horizon=280 lifetime=[476,988] skipped=False
2026-08-30 16:01:32,923 | INFO | step=10080/20000 loss=-0.1371094 nll=-0.1388022 kl=0.001692876 consistency=0 lambda=0 beta=1 grad=37.86766 horizon=180 lifetime=[484,1156] skipped=False
2026-08-30 16:01:33,306 | INFO | step=10090/20000 loss=-0.2729384 nll=-0.2772698 kl=0.00433138 consistency=0 lambda=0 beta=1 grad=28.82579 horizon=140 lifetime=[299,1025] skipped=False
2026-08-30 16:01:33,720 | INFO | step=10100/20000 loss=-0.7830017 nll=-0.7844008 kl=0.001399085 consistency=0 lambda=0 beta=1 grad=24.61969 horizon=180 lifetime=[458,818] skipped=False
2026-08-30 16:01:34,153 | INFO | step=10110/20000 loss=-0.5205253 nll=-0.5227548 kl=0.002229437 consistency=0 lambda=0 beta=1 grad=50.66093 horizon=160 lifetime=[665,1431] skipped=False
2026-08-30 16:01:34,536 | INFO | step=10120/20000 loss=0.1997736 nll=0.1942241 kl=0.005549565 consistency=0 lambda=0 beta=1 grad=42.71726 horizon=100 lifetime=[508,1061] skipped=False
2026-08-30 16:01:34,904 | INFO | step=10130/20000 loss=-0.6849948 nll=-0.6864837 kl=0.001488939 consistency=0 lambda=0 beta=1 grad=46.5942 horizon=260 lifetime=[559,1154] skipped=False
2026-08-30 16:01:35,324 | INFO | step=10140/20000 loss=0.8279956 nll=0.8263468 kl=0.001648858 consistency=0 lambda=0 beta=1 grad=242.7572 horizon=200 lifetime=[437,1635] skipped=False
2026-08-30 16:01:35,740 | INFO | step=10150/20000 loss=-0.5982861 nll=-0.5990456 kl=0.0007595271 consistency=0 lambda=0 beta=1 grad=69.26877 horizon=200 lifetime=[464,1932] skipped=False
2026-08-30 16:01:36,151 | INFO | step=10160/20000 loss=-0.8463236 nll=-0.8473896 kl=0.001065969 consistency=0 lambda=0 beta=1 grad=54.83144 horizon=240 lifetime=[467,1635] skipped=False
2026-08-30 16:01:36,565 | INFO | step=10170/20000 loss=-0.6674106 nll=-0.6683233 kl=0.0009126365 consistency=0 lambda=0 beta=1 grad=72.88813 horizon=220 lifetime=[456,828] skipped=False
2026-08-30 16:01:36,949 | INFO | step=10180/20000 loss=-0.4151191 nll=-0.4166724 kl=0.001553342 consistency=0 lambda=0 beta=1 grad=51.5864 horizon=220 lifetime=[633,1076] skipped=False
2026-08-30 16:01:37,355 | INFO | step=10190/20000 loss=-0.5239811 nll=-0.5259958 kl=0.002014667 consistency=0 lambda=0 beta=1 grad=109.7122 horizon=260 lifetime=[470,1705] skipped=False
2026-08-30 16:01:37,765 | INFO | step=10200/20000 loss=-0.2103795 nll=-0.2119723 kl=0.00159274 consistency=0 lambda=0 beta=1 grad=64.61481 horizon=200 lifetime=[486,1635] skipped=False
2026-08-30 16:01:38,129 | INFO | step=10210/20000 loss=-0.2656829 nll=-0.2666142 kl=0.0009312928 consistency=0 lambda=0 beta=1 grad=51.85962 horizon=120 lifetime=[467,1635] skipped=False
2026-08-30 16:01:38,531 | INFO | step=10220/20000 loss=-0.05162539 nll=-0.05428509 kl=0.002659693 consistency=0 lambda=0 beta=1 grad=43.60047 horizon=100 lifetime=[477,1036] skipped=False
2026-08-30 16:01:38,947 | INFO | step=10230/20000 loss=1.332374 nll=1.328994 kl=0.003379717 consistency=0 lambda=0 beta=1 grad=267.5849 horizon=300 lifetime=[486,1061] skipped=False
2026-08-30 16:01:39,378 | INFO | step=10240/20000 loss=0.1692566 nll=0.168526 kl=0.0007305741 consistency=0 lambda=0 beta=1 grad=87.45115 horizon=140 lifetime=[437,1143] skipped=False
2026-08-30 16:01:39,815 | INFO | step=10250/20000 loss=0.5690097 nll=0.5659738 kl=0.003035858 consistency=0 lambda=0 beta=1 grad=42.95392 horizon=100 lifetime=[299,1071] skipped=False
2026-08-30 16:01:40,233 | INFO | step=10260/20000 loss=-0.1418625 nll=-0.1439653 kl=0.002102748 consistency=0 lambda=0 beta=1 grad=239.1615 horizon=180 lifetime=[456,1091] skipped=False
2026-08-30 16:01:40,626 | INFO | step=10270/20000 loss=-0.4338512 nll=-0.4364853 kl=0.002634063 consistency=0 lambda=0 beta=1 grad=52.35257 horizon=180 lifetime=[456,991] skipped=False
2026-08-30 16:01:41,020 | INFO | step=10280/20000 loss=-0.5857103 nll=-0.5868191 kl=0.001108721 consistency=0 lambda=0 beta=1 grad=138.3793 horizon=240 lifetime=[455,1071] skipped=False
2026-08-30 16:01:41,415 | INFO | step=10290/20000 loss=-0.3785667 nll=-0.3803743 kl=0.0018076 consistency=0 lambda=0 beta=1 grad=26.76452 horizon=140 lifetime=[461,875] skipped=False
2026-08-30 16:01:41,841 | INFO | step=10300/20000 loss=-0.9221035 nll=-0.923385 kl=0.001281425 consistency=0 lambda=0 beta=1 grad=149.4745 horizon=280 lifetime=[467,1049] skipped=False
2026-08-30 16:01:42,282 | INFO | step=10310/20000 loss=-0.04866176 nll=-0.04946546 kl=0.0008036941 consistency=0 lambda=0 beta=1 grad=215.6029 horizon=240 lifetime=[455,1282] skipped=False
2026-08-30 16:01:42,715 | INFO | step=10320/20000 loss=-0.9485177 nll=-0.9502281 kl=0.001710415 consistency=0 lambda=0 beta=1 grad=112.4275 horizon=280 lifetime=[461,942] skipped=False
2026-08-30 16:01:43,089 | INFO | step=10330/20000 loss=-0.7471669 nll=-0.7484633 kl=0.001296386 consistency=0 lambda=0 beta=1 grad=49.18427 horizon=200 lifetime=[491,1071] skipped=False
2026-08-30 16:01:43,510 | INFO | step=10340/20000 loss=-0.496358 nll=-0.4976848 kl=0.001326844 consistency=0 lambda=0 beta=1 grad=121.8914 horizon=300 lifetime=[460,1431] skipped=False
2026-08-30 16:01:43,930 | INFO | step=10350/20000 loss=-0.8749554 nll=-0.8759519 kl=0.0009964854 consistency=0 lambda=0 beta=1 grad=31.16577 horizon=220 lifetime=[455,1932] skipped=False
2026-08-30 16:01:44,361 | INFO | step=10360/20000 loss=-0.8380737 nll=-0.8396841 kl=0.001610428 consistency=0 lambda=0 beta=1 grad=152.9402 horizon=180 lifetime=[437,1932] skipped=False
2026-08-30 16:01:44,755 | INFO | step=10370/20000 loss=-0.8281056 nll=-0.8297437 kl=0.001638055 consistency=0 lambda=0 beta=1 grad=60.4886 horizon=300 lifetime=[437,1932] skipped=False
2026-08-30 16:01:45,147 | INFO | step=10380/20000 loss=0.5207324 nll=0.5182234 kl=0.002509013 consistency=0 lambda=0 beta=1 grad=60.22198 horizon=100 lifetime=[299,921] skipped=False
2026-08-30 16:01:45,574 | INFO | step=10390/20000 loss=-0.6593372 nll=-0.6603163 kl=0.0009791851 consistency=0 lambda=0 beta=1 grad=42.37475 horizon=140 lifetime=[437,1015] skipped=False
2026-08-30 16:01:45,978 | INFO | step=10400/20000 loss=-0.3993553 nll=-0.4007462 kl=0.001390889 consistency=0 lambda=0 beta=1 grad=46.25526 horizon=140 lifetime=[491,1007] skipped=False
2026-08-30 16:01:46,409 | INFO | step=10410/20000 loss=-0.250158 nll=-0.255903 kl=0.005745009 consistency=0 lambda=0 beta=1 grad=168.355 horizon=200 lifetime=[437,1282] skipped=False
2026-08-30 16:01:46,862 | INFO | step=10420/20000 loss=-1.124166 nll=-1.126837 kl=0.002670959 consistency=0 lambda=0 beta=1 grad=149.1924 horizon=260 lifetime=[461,1932] skipped=False
2026-08-30 16:01:47,252 | INFO | step=10430/20000 loss=0.1222546 nll=0.120907 kl=0.001347646 consistency=0 lambda=0 beta=1 grad=43.45521 horizon=120 lifetime=[456,1635] skipped=False
2026-08-30 16:01:47,628 | INFO | step=10440/20000 loss=-0.5071526 nll=-0.5077486 kl=0.0005960464 consistency=0 lambda=0 beta=1 grad=175.8275 horizon=260 lifetime=[470,1154] skipped=False
2026-08-30 16:01:48,065 | INFO | step=10450/20000 loss=-0.7051183 nll=-0.7061123 kl=0.0009940118 consistency=0 lambda=0 beta=1 grad=121.6451 horizon=260 lifetime=[467,1045] skipped=False
2026-08-30 16:01:48,418 | INFO | step=10460/20000 loss=-0.2219015 nll=-0.223587 kl=0.001685441 consistency=0 lambda=0 beta=1 grad=113.8732 horizon=160 lifetime=[484,828] skipped=False
2026-08-30 16:01:48,796 | INFO | step=10470/20000 loss=-0.2333955 nll=-0.2342092 kl=0.0008136481 consistency=0 lambda=0 beta=1 grad=130.413 horizon=300 lifetime=[476,1932] skipped=False
2026-08-30 16:01:49,125 | INFO | step=10480/20000 loss=0.1152785 nll=0.1113024 kl=0.003976122 consistency=0 lambda=0 beta=1 grad=227.0389 horizon=180 lifetime=[510,1061] skipped=False
2026-08-30 16:01:49,534 | INFO | step=10490/20000 loss=-0.4438071 nll=-0.4447941 kl=0.0009869635 consistency=0 lambda=0 beta=1 grad=103.864 horizon=140 lifetime=[482,1025] skipped=False
2026-08-30 16:01:50,213 | INFO | validation step=10500 rmse=160.5996 best=127.2853@7000 stale=7/10
2026-08-30 16:01:50,213 | INFO | step=10500/20000 loss=-0.7936783 nll=-0.7943876 kl=0.0007092357 consistency=0 lambda=0 beta=1 grad=85.64635 horizon=220 lifetime=[461,964] skipped=False
2026-08-30 16:01:50,680 | INFO | step=10510/20000 loss=1.106979 nll=1.103481 kl=0.003497243 consistency=0 lambda=0 beta=1 grad=125.7093 horizon=100 lifetime=[461,1705] skipped=False
2026-08-30 16:01:51,079 | INFO | step=10520/20000 loss=-0.4787279 nll=-0.4803738 kl=0.001645938 consistency=0 lambda=0 beta=1 grad=48.33313 horizon=140 lifetime=[476,915] skipped=False
2026-08-30 16:01:51,471 | INFO | step=10530/20000 loss=-0.8522843 nll=-0.8546054 kl=0.002321094 consistency=0 lambda=0 beta=1 grad=39.31568 horizon=200 lifetime=[455,1932] skipped=False
2026-08-30 16:01:51,836 | INFO | step=10540/20000 loss=-0.09608205 nll=-0.09697067 kl=0.0008886158 consistency=0 lambda=0 beta=1 grad=40.45346 horizon=100 lifetime=[508,836] skipped=False
2026-08-30 16:01:52,237 | INFO | step=10550/20000 loss=-0.1389792 nll=-0.1437445 kl=0.004765302 consistency=0 lambda=0 beta=1 grad=77.71684 horizon=120 lifetime=[529,1071] skipped=False
2026-08-30 16:01:52,583 | INFO | step=10560/20000 loss=-0.6593412 nll=-0.6598902 kl=0.0005489886 consistency=0 lambda=0 beta=1 grad=117.8131 horizon=280 lifetime=[456,1036] skipped=False
2026-08-30 16:01:52,977 | INFO | step=10570/20000 loss=-0.08785701 nll=-0.08975741 kl=0.001900405 consistency=0 lambda=0 beta=1 grad=109.3735 horizon=120 lifetime=[455,1061] skipped=False
2026-08-30 16:01:53,374 | INFO | step=10580/20000 loss=-0.7447091 nll=-0.7478368 kl=0.003127754 consistency=0 lambda=0 beta=1 grad=60.32977 horizon=180 lifetime=[482,1076] skipped=False
2026-08-30 16:01:53,706 | INFO | step=10590/20000 loss=-0.249292 nll=-0.2510316 kl=0.001739606 consistency=0 lambda=0 beta=1 grad=39.99918 horizon=120 lifetime=[467,1282] skipped=False
2026-08-30 16:01:54,112 | INFO | step=10600/20000 loss=-0.7274792 nll=-0.7279484 kl=0.000469178 consistency=0 lambda=0 beta=1 grad=69.21239 horizon=260 lifetime=[456,1061] skipped=False
2026-08-30 16:01:54,629 | INFO | step=10610/20000 loss=-0.4030707 nll=-0.4072315 kl=0.004160851 consistency=0 lambda=0 beta=1 grad=103.5975 horizon=260 lifetime=[470,1932] skipped=False
2026-08-30 16:01:55,004 | INFO | step=10620/20000 loss=-0.6358656 nll=-0.6366402 kl=0.0007745922 consistency=0 lambda=0 beta=1 grad=135.0851 horizon=220 lifetime=[486,1036] skipped=False
2026-08-30 16:01:55,396 | INFO | step=10630/20000 loss=-0.5105444 nll=-0.5129212 kl=0.002376825 consistency=0 lambda=0 beta=1 grad=168.8425 horizon=200 lifetime=[461,1091] skipped=False
2026-08-30 16:01:55,800 | INFO | step=10640/20000 loss=-0.1414396 nll=-0.1429382 kl=0.00149855 consistency=0 lambda=0 beta=1 grad=58.66692 horizon=100 lifetime=[460,1858] skipped=False
2026-08-30 16:01:56,151 | INFO | step=10650/20000 loss=-0.8687631 nll=-0.8705339 kl=0.001770824 consistency=0 lambda=0 beta=1 grad=32.60915 horizon=240 lifetime=[476,921] skipped=False
2026-08-30 16:01:56,496 | INFO | step=10660/20000 loss=-0.49314 nll=-0.4948271 kl=0.00168702 consistency=0 lambda=0 beta=1 grad=52.05087 horizon=220 lifetime=[299,988] skipped=False
2026-08-30 16:01:56,919 | INFO | step=10670/20000 loss=-0.06071476 nll=-0.06171427 kl=0.0009995103 consistency=0 lambda=0 beta=1 grad=40.95327 horizon=140 lifetime=[476,1154] skipped=False
2026-08-30 16:01:57,271 | INFO | step=10680/20000 loss=-1.228419 nll=-1.23064 kl=0.002221376 consistency=0 lambda=0 beta=1 grad=91.4042 horizon=240 lifetime=[455,1036] skipped=False
2026-08-30 16:01:57,635 | INFO | step=10690/20000 loss=-0.5447518 nll=-0.5464498 kl=0.001698107 consistency=0 lambda=0 beta=1 grad=22.97508 horizon=240 lifetime=[299,1282] skipped=False
2026-08-30 16:01:58,031 | INFO | step=10700/20000 loss=-0.2103238 nll=-0.2122814 kl=0.001957595 consistency=0 lambda=0 beta=1 grad=86.76405 horizon=120 lifetime=[437,1858] skipped=False
2026-08-30 16:01:58,427 | INFO | step=10710/20000 loss=0.09408882 nll=0.09208617 kl=0.002002656 consistency=0 lambda=0 beta=1 grad=130.7094 horizon=180 lifetime=[470,1000] skipped=False
2026-08-30 16:01:58,828 | INFO | step=10720/20000 loss=-0.6387607 nll=-0.640557 kl=0.001796275 consistency=0 lambda=0 beta=1 grad=76.91547 horizon=240 lifetime=[458,1015] skipped=False
2026-08-30 16:01:59,251 | INFO | step=10730/20000 loss=0.2608437 nll=0.2575697 kl=0.003274024 consistency=0 lambda=0 beta=1 grad=163.0045 horizon=120 lifetime=[460,1932] skipped=False
2026-08-30 16:01:59,627 | INFO | step=10740/20000 loss=-0.2181053 nll=-0.2201298 kl=0.002024472 consistency=0 lambda=0 beta=1 grad=161.1407 horizon=180 lifetime=[486,1071] skipped=False
2026-08-30 16:02:00,035 | INFO | step=10750/20000 loss=-0.6719551 nll=-0.6736248 kl=0.001669675 consistency=0 lambda=0 beta=1 grad=104.4186 horizon=280 lifetime=[299,1705] skipped=False
2026-08-30 16:02:00,400 | INFO | step=10760/20000 loss=0.02964338 nll=0.02678641 kl=0.00285697 consistency=0 lambda=0 beta=1 grad=108.3736 horizon=120 lifetime=[649,1705] skipped=False
2026-08-30 16:02:00,761 | INFO | step=10770/20000 loss=0.09916621 nll=0.0983431 kl=0.0008231103 consistency=0 lambda=0 beta=1 grad=234.1106 horizon=220 lifetime=[464,1932] skipped=False
2026-08-30 16:02:01,161 | INFO | step=10780/20000 loss=0.5661599 nll=0.5650805 kl=0.001079381 consistency=0 lambda=0 beta=1 grad=359.1237 horizon=280 lifetime=[518,1932] skipped=False
2026-08-30 16:02:01,550 | INFO | step=10790/20000 loss=-0.4080641 nll=-0.4094406 kl=0.001376539 consistency=0 lambda=0 beta=1 grad=43.75079 horizon=220 lifetime=[477,1858] skipped=False
2026-08-30 16:02:01,966 | INFO | step=10800/20000 loss=0.3798047 nll=0.3773903 kl=0.002414465 consistency=0 lambda=0 beta=1 grad=98.28006 horizon=120 lifetime=[455,1071] skipped=False
2026-08-30 16:02:02,351 | INFO | step=10810/20000 loss=-0.04247521 nll=-0.04652263 kl=0.004047424 consistency=0 lambda=0 beta=1 grad=51.87193 horizon=100 lifetime=[458,1036] skipped=False
2026-08-30 16:02:02,749 | INFO | step=10820/20000 loss=-0.9963733 nll=-0.999138 kl=0.002764672 consistency=0 lambda=0 beta=1 grad=82.2429 horizon=220 lifetime=[476,1143] skipped=False
2026-08-30 16:02:03,144 | INFO | step=10830/20000 loss=-0.2668322 nll=-0.2692692 kl=0.002437025 consistency=0 lambda=0 beta=1 grad=55.71097 horizon=140 lifetime=[476,1071] skipped=False
2026-08-30 16:02:03,527 | INFO | step=10840/20000 loss=-0.7752562 nll=-0.7777361 kl=0.002479881 consistency=0 lambda=0 beta=1 grad=168.6441 horizon=240 lifetime=[299,1282] skipped=False
2026-08-30 16:02:03,926 | INFO | step=10850/20000 loss=-0.6417654 nll=-0.643308 kl=0.001542687 consistency=0 lambda=0 beta=1 grad=88.47623 horizon=240 lifetime=[476,1705] skipped=False
2026-08-30 16:02:04,300 | INFO | step=10860/20000 loss=0.3076697 nll=0.305723 kl=0.001946777 consistency=0 lambda=0 beta=1 grad=176.2471 horizon=160 lifetime=[477,1091] skipped=False
2026-08-30 16:02:04,646 | INFO | step=10870/20000 loss=-0.2739727 nll=-0.276855 kl=0.002882242 consistency=0 lambda=0 beta=1 grad=47.92042 horizon=120 lifetime=[738,1061] skipped=False
2026-08-30 16:02:05,040 | INFO | step=10880/20000 loss=0.1517775 nll=0.1502357 kl=0.001541793 consistency=0 lambda=0 beta=1 grad=111.1619 horizon=140 lifetime=[512,1071] skipped=False
2026-08-30 16:02:05,461 | INFO | step=10890/20000 loss=-0.74992 nll=-0.7515419 kl=0.001621902 consistency=0 lambda=0 beta=1 grad=60.41545 horizon=240 lifetime=[437,1076] skipped=False
2026-08-30 16:02:05,835 | INFO | step=10900/20000 loss=-0.1838396 nll=-0.1853721 kl=0.001532555 consistency=0 lambda=0 beta=1 grad=101.2939 horizon=160 lifetime=[458,1015] skipped=False
2026-08-30 16:02:06,202 | INFO | step=10910/20000 loss=0.2902963 nll=0.2876714 kl=0.002624869 consistency=0 lambda=0 beta=1 grad=62.00191 horizon=100 lifetime=[491,988] skipped=False
2026-08-30 16:02:06,571 | INFO | step=10920/20000 loss=-0.9277735 nll=-0.9287757 kl=0.001002192 consistency=0 lambda=0 beta=1 grad=87.56528 horizon=240 lifetime=[477,1858] skipped=False
2026-08-30 16:02:07,002 | INFO | step=10930/20000 loss=-0.835605 nll=-0.8363246 kl=0.0007195473 consistency=0 lambda=0 beta=1 grad=63.37422 horizon=260 lifetime=[460,1431] skipped=False
2026-08-30 16:02:07,376 | INFO | step=10940/20000 loss=-0.04433396 nll=-0.04755217 kl=0.003218204 consistency=0 lambda=0 beta=1 grad=257.3435 horizon=220 lifetime=[456,1932] skipped=False
2026-08-30 16:02:07,766 | INFO | step=10950/20000 loss=-0.4046701 nll=-0.4057609 kl=0.001090825 consistency=0 lambda=0 beta=1 grad=165.2995 horizon=240 lifetime=[477,1705] skipped=False
2026-08-30 16:02:08,115 | INFO | step=10960/20000 loss=0.09274666 nll=0.09055926 kl=0.002187401 consistency=0 lambda=0 beta=1 grad=69.88426 horizon=120 lifetime=[456,1858] skipped=False
2026-08-30 16:02:08,485 | INFO | step=10970/20000 loss=-0.5359148 nll=-0.5374014 kl=0.001486689 consistency=0 lambda=0 beta=1 grad=148.8808 horizon=260 lifetime=[299,1635] skipped=False
2026-08-30 16:02:08,918 | INFO | step=10980/20000 loss=-0.2893771 nll=-0.2906004 kl=0.001223296 consistency=0 lambda=0 beta=1 grad=179.8982 horizon=240 lifetime=[467,1635] skipped=False
2026-08-30 16:02:09,338 | INFO | step=10990/20000 loss=-0.647507 nll=-0.6490536 kl=0.001546562 consistency=0 lambda=0 beta=1 grad=71.18732 horizon=220 lifetime=[501,858] skipped=False
2026-08-30 16:02:10,023 | INFO | validation step=11000 rmse=171.6687 best=127.2853@7000 stale=8/10
2026-08-30 16:02:10,023 | INFO | step=11000/20000 loss=-0.6028129 nll=-0.6036965 kl=0.0008836091 consistency=0 lambda=0 beta=1 grad=147.5092 horizon=300 lifetime=[455,856] skipped=False
2026-08-30 16:02:10,480 | INFO | step=11010/20000 loss=0.6365179 nll=0.6345692 kl=0.001948684 consistency=0 lambda=0 beta=1 grad=247.475 horizon=240 lifetime=[456,1705] skipped=False
2026-08-30 16:02:10,872 | INFO | step=11020/20000 loss=-0.6734698 nll=-0.6751269 kl=0.001657099 consistency=0 lambda=0 beta=1 grad=42.60563 horizon=200 lifetime=[508,1143] skipped=False
2026-08-30 16:02:11,285 | INFO | step=11030/20000 loss=-0.6281645 nll=-0.628799 kl=0.000634402 consistency=0 lambda=0 beta=1 grad=54.85238 horizon=240 lifetime=[437,1431] skipped=False
2026-08-30 16:02:11,666 | INFO | step=11040/20000 loss=-0.6373175 nll=-0.6382676 kl=0.000950098 consistency=0 lambda=0 beta=1 grad=51.42043 horizon=200 lifetime=[482,1007] skipped=False
2026-08-30 16:02:12,023 | INFO | step=11050/20000 loss=0.06118032 nll=0.058952 kl=0.00222832 consistency=0 lambda=0 beta=1 grad=153.4539 horizon=140 lifetime=[649,1431] skipped=False
2026-08-30 16:02:12,380 | INFO | step=11060/20000 loss=0.2482127 nll=0.2476637 kl=0.000548929 consistency=0 lambda=0 beta=1 grad=127.0129 horizon=220 lifetime=[477,1858] skipped=False
2026-08-30 16:02:12,757 | INFO | step=11070/20000 loss=-0.5644316 nll=-0.5663434 kl=0.001911819 consistency=0 lambda=0 beta=1 grad=68.55257 horizon=220 lifetime=[607,1049] skipped=False
2026-08-30 16:02:13,149 | INFO | step=11080/20000 loss=-0.4095667 nll=-0.4120915 kl=0.002524763 consistency=0 lambda=0 beta=1 grad=52.93706 horizon=180 lifetime=[460,1635] skipped=False
2026-08-30 16:02:13,551 | INFO | step=11090/20000 loss=-0.9103051 nll=-0.911197 kl=0.0008919239 consistency=0 lambda=0 beta=1 grad=85.03532 horizon=200 lifetime=[476,1061] skipped=False
2026-08-30 16:02:13,969 | INFO | step=11100/20000 loss=-0.4038091 nll=-0.4063075 kl=0.002498388 consistency=0 lambda=0 beta=1 grad=102.2317 horizon=200 lifetime=[470,1635] skipped=False
2026-08-30 16:02:14,319 | INFO | step=11110/20000 loss=0.4069538 nll=0.4005503 kl=0.006403536 consistency=0 lambda=0 beta=1 grad=79.10596 horizon=100 lifetime=[476,1071] skipped=False
2026-08-30 16:02:14,682 | INFO | step=11120/20000 loss=0.02106757 nll=0.01974953 kl=0.001318038 consistency=0 lambda=0 beta=1 grad=28.61178 horizon=100 lifetime=[464,1282] skipped=False
2026-08-30 16:02:15,046 | INFO | step=11130/20000 loss=0.2479256 nll=0.2459191 kl=0.002006471 consistency=0 lambda=0 beta=1 grad=29.14809 horizon=120 lifetime=[482,1156] skipped=False
2026-08-30 16:02:15,427 | INFO | step=11140/20000 loss=-0.03866259 nll=-0.04169781 kl=0.003035218 consistency=0 lambda=0 beta=1 grad=22.92268 horizon=100 lifetime=[518,1049] skipped=False
2026-08-30 16:02:15,807 | INFO | step=11150/20000 loss=0.1243423 nll=0.1223695 kl=0.001972824 consistency=0 lambda=0 beta=1 grad=86.1626 horizon=120 lifetime=[704,1091] skipped=False
2026-08-30 16:02:16,227 | INFO | step=11160/20000 loss=-0.5236718 nll=-0.5245448 kl=0.0008730292 consistency=0 lambda=0 beta=1 grad=98.07918 horizon=180 lifetime=[456,1858] skipped=False
2026-08-30 16:02:16,618 | INFO | step=11170/20000 loss=-0.15871 nll=-0.1603799 kl=0.001669943 consistency=0 lambda=0 beta=1 grad=87.1847 horizon=140 lifetime=[493,1282] skipped=False
2026-08-30 16:02:16,995 | INFO | step=11180/20000 loss=-0.2144236 nll=-0.2173981 kl=0.00297451 consistency=0 lambda=0 beta=1 grad=56.59449 horizon=120 lifetime=[501,1061] skipped=False
2026-08-30 16:02:17,401 | INFO | step=11190/20000 loss=-0.2241536 nll=-0.2253496 kl=0.001196027 consistency=0 lambda=0 beta=1 grad=63.48418 horizon=120 lifetime=[460,1015] skipped=False
2026-08-30 16:02:17,786 | INFO | step=11200/20000 loss=0.3019848 nll=0.29859 kl=0.003394812 consistency=0 lambda=0 beta=1 grad=202.5242 horizon=120 lifetime=[477,1705] skipped=False
2026-08-30 16:02:18,194 | INFO | step=11210/20000 loss=-0.4687155 nll=-0.4694023 kl=0.0006868541 consistency=0 lambda=0 beta=1 grad=347.4845 horizon=260 lifetime=[458,1154] skipped=False
2026-08-30 16:02:18,571 | INFO | step=11220/20000 loss=-0.2439989 nll=-0.2469214 kl=0.002922505 consistency=0 lambda=0 beta=1 grad=91.07911 horizon=160 lifetime=[729,1076] skipped=False
2026-08-30 16:02:18,957 | INFO | step=11230/20000 loss=-0.8767442 nll=-0.8790138 kl=0.002269626 consistency=0 lambda=0 beta=1 grad=31.70823 horizon=200 lifetime=[456,988] skipped=False
2026-08-30 16:02:19,343 | INFO | step=11240/20000 loss=-0.4602597 nll=-0.4617497 kl=0.001490027 consistency=0 lambda=0 beta=1 grad=81.15522 horizon=160 lifetime=[477,874] skipped=False
2026-08-30 16:02:19,755 | INFO | step=11250/20000 loss=-0.1387893 nll=-0.1400834 kl=0.001294047 consistency=0 lambda=0 beta=1 grad=113.979 horizon=180 lifetime=[299,1036] skipped=False
2026-08-30 16:02:20,125 | INFO | step=11260/20000 loss=0.002030484 nll=0.0006782636 kl=0.001352221 consistency=0 lambda=0 beta=1 grad=225.493 horizon=300 lifetime=[482,1143] skipped=False
2026-08-30 16:02:20,542 | INFO | step=11270/20000 loss=-0.5769011 nll=-0.5780708 kl=0.001169711 consistency=0 lambda=0 beta=1 grad=50.26615 horizon=140 lifetime=[456,1932] skipped=False
2026-08-30 16:02:20,915 | INFO | step=11280/20000 loss=-0.1069003 nll=-0.1083827 kl=0.001482397 consistency=0 lambda=0 beta=1 grad=64.37379 horizon=100 lifetime=[482,1858] skipped=False
2026-08-30 16:02:21,312 | INFO | step=11290/20000 loss=-0.4118203 nll=-0.4126922 kl=0.0008718967 consistency=0 lambda=0 beta=1 grad=62.88339 horizon=260 lifetime=[700,1705] skipped=False
2026-08-30 16:02:21,741 | INFO | step=11300/20000 loss=-0.7230053 nll=-0.7261119 kl=0.003106683 consistency=0 lambda=0 beta=1 grad=131.2601 horizon=240 lifetime=[470,1705] skipped=False
2026-08-30 16:02:22,135 | INFO | step=11310/20000 loss=-0.4889482 nll=-0.4911181 kl=0.002169937 consistency=0 lambda=0 beta=1 grad=205.6334 horizon=160 lifetime=[482,1076] skipped=False
2026-08-30 16:02:22,509 | INFO | step=11320/20000 loss=-0.9697735 nll=-0.9704447 kl=0.0006712228 consistency=0 lambda=0 beta=1 grad=72.96054 horizon=260 lifetime=[491,1038] skipped=False
2026-08-30 16:02:22,908 | INFO | step=11330/20000 loss=-0.06269844 nll=-0.06434734 kl=0.001648903 consistency=0 lambda=0 beta=1 grad=241.0452 horizon=300 lifetime=[455,1091] skipped=False
2026-08-30 16:02:23,301 | INFO | step=11340/20000 loss=-0.1867341 nll=-0.1884625 kl=0.001728386 consistency=0 lambda=0 beta=1 grad=138.7102 horizon=260 lifetime=[529,1091] skipped=False
2026-08-30 16:02:23,713 | INFO | step=11350/20000 loss=-0.535814 nll=-0.5375698 kl=0.0017557 consistency=0 lambda=0 beta=1 grad=40.90835 horizon=180 lifetime=[501,1091] skipped=False
2026-08-30 16:02:24,140 | INFO | step=11360/20000 loss=-1.314003 nll=-1.315568 kl=0.001564607 consistency=0 lambda=0 beta=1 grad=45.37312 horizon=160 lifetime=[437,860] skipped=False
2026-08-30 16:02:24,526 | INFO | step=11370/20000 loss=0.230778 nll=0.229353 kl=0.001425028 consistency=0 lambda=0 beta=1 grad=34.99894 horizon=120 lifetime=[460,1282] skipped=False
2026-08-30 16:02:24,945 | INFO | step=11380/20000 loss=-0.4950021 nll=-0.4959918 kl=0.0009897053 consistency=0 lambda=0 beta=1 grad=148.3679 horizon=140 lifetime=[510,1705] skipped=False
2026-08-30 16:02:25,358 | INFO | step=11390/20000 loss=-0.8057126 nll=-0.8068708 kl=0.001158223 consistency=0 lambda=0 beta=1 grad=28.67488 horizon=300 lifetime=[665,964] skipped=False
2026-08-30 16:02:25,813 | INFO | step=11400/20000 loss=-0.9867359 nll=-0.9876733 kl=0.0009373128 consistency=0 lambda=0 beta=1 grad=86.29048 horizon=180 lifetime=[467,921] skipped=False
2026-08-30 16:02:26,162 | INFO | step=11410/20000 loss=-0.2186446 nll=-0.2200293 kl=0.001384735 consistency=0 lambda=0 beta=1 grad=64.15261 horizon=140 lifetime=[559,1061] skipped=False
2026-08-30 16:02:26,576 | INFO | step=11420/20000 loss=-0.6851448 nll=-0.6879963 kl=0.002851486 consistency=0 lambda=0 beta=1 grad=72.90839 horizon=140 lifetime=[470,1858] skipped=False
2026-08-30 16:02:26,969 | INFO | step=11430/20000 loss=-0.4491977 nll=-0.4508117 kl=0.001614034 consistency=0 lambda=0 beta=1 grad=43.57908 horizon=120 lifetime=[456,858] skipped=False
2026-08-30 16:02:27,388 | INFO | step=11440/20000 loss=-0.4382914 nll=-0.4401559 kl=0.001864433 consistency=0 lambda=0 beta=1 grad=72.97175 horizon=300 lifetime=[518,1635] skipped=False
2026-08-30 16:02:27,822 | INFO | step=11450/20000 loss=-0.5078959 nll=-0.5087907 kl=0.0008946955 consistency=0 lambda=0 beta=1 grad=181.6525 horizon=220 lifetime=[458,1282] skipped=False
2026-08-30 16:02:28,209 | INFO | step=11460/20000 loss=-0.737403 nll=-0.7391182 kl=0.001715153 consistency=0 lambda=0 beta=1 grad=44.22395 horizon=200 lifetime=[484,1038] skipped=False
2026-08-30 16:02:28,630 | INFO | step=11470/20000 loss=-0.817321 nll=-0.8185825 kl=0.001261532 consistency=0 lambda=0 beta=1 grad=76.06189 horizon=300 lifetime=[460,1858] skipped=False
2026-08-30 16:02:29,004 | INFO | step=11480/20000 loss=-0.4871874 nll=-0.4890586 kl=0.001871154 consistency=0 lambda=0 beta=1 grad=84.89152 horizon=140 lifetime=[458,1045] skipped=False
2026-08-30 16:02:29,423 | INFO | step=11490/20000 loss=-0.4569349 nll=-0.4578729 kl=0.0009379834 consistency=0 lambda=0 beta=1 grad=178.5016 horizon=300 lifetime=[461,860] skipped=False
2026-08-30 16:02:30,120 | INFO | validation step=11500 rmse=178.4707 best=127.2853@7000 stale=9/10
2026-08-30 16:02:30,120 | INFO | step=11500/20000 loss=-0.570493 nll=-0.5719503 kl=0.001457259 consistency=0 lambda=0 beta=1 grad=165.6866 horizon=260 lifetime=[456,1154] skipped=False
2026-08-30 16:02:30,592 | INFO | step=11510/20000 loss=-0.8678007 nll=-0.8690221 kl=0.001221478 consistency=0 lambda=0 beta=1 grad=41.78554 horizon=300 lifetime=[470,1015] skipped=False
2026-08-30 16:02:30,965 | INFO | step=11520/20000 loss=-0.2715816 nll=-0.2725806 kl=0.0009990633 consistency=0 lambda=0 beta=1 grad=74.15279 horizon=120 lifetime=[467,1858] skipped=False
2026-08-30 16:02:31,351 | INFO | step=11530/20000 loss=-0.7799455 nll=-0.7806966 kl=0.0007511526 consistency=0 lambda=0 beta=1 grad=40.58787 horizon=260 lifetime=[461,1049] skipped=False
2026-08-30 16:02:31,766 | INFO | step=11540/20000 loss=-0.9789323 nll=-0.9798402 kl=0.0009078979 consistency=0 lambda=0 beta=1 grad=56.52127 horizon=220 lifetime=[484,1007] skipped=False
2026-08-30 16:02:32,125 | INFO | step=11550/20000 loss=0.2229432 nll=0.2213033 kl=0.001639992 consistency=0 lambda=0 beta=1 grad=49.39915 horizon=100 lifetime=[512,1156] skipped=False
2026-08-30 16:02:32,473 | INFO | step=11560/20000 loss=-0.2405876 nll=-0.2419352 kl=0.001347572 consistency=0 lambda=0 beta=1 grad=131.2229 horizon=220 lifetime=[486,1932] skipped=False
2026-08-30 16:02:32,879 | INFO | step=11570/20000 loss=-0.8825093 nll=-0.8828657 kl=0.0003563762 consistency=0 lambda=0 beta=1 grad=57.91417 horizon=300 lifetime=[455,874] skipped=False
2026-08-30 16:02:33,264 | INFO | step=11580/20000 loss=-0.6339213 nll=-0.6350967 kl=0.001175404 consistency=0 lambda=0 beta=1 grad=43.89253 horizon=120 lifetime=[460,1858] skipped=False
2026-08-30 16:02:33,660 | INFO | step=11590/20000 loss=0.1188039 nll=0.1170174 kl=0.00178653 consistency=0 lambda=0 beta=1 grad=46.31798 horizon=100 lifetime=[477,1038] skipped=False
2026-08-30 16:02:34,047 | INFO | step=11600/20000 loss=0.741282 nll=0.7404332 kl=0.0008488595 consistency=0 lambda=0 beta=1 grad=503.7076 horizon=240 lifetime=[460,1932] skipped=False
2026-08-30 16:02:34,430 | INFO | step=11610/20000 loss=-1.034665 nll=-1.037871 kl=0.003205255 consistency=0 lambda=0 beta=1 grad=58.40904 horizon=240 lifetime=[456,1932] skipped=False
2026-08-30 16:02:34,831 | INFO | step=11620/20000 loss=-0.3138136 nll=-0.3170662 kl=0.003252566 consistency=0 lambda=0 beta=1 grad=161.7921 horizon=140 lifetime=[299,871] skipped=False
2026-08-30 16:02:35,251 | INFO | step=11630/20000 loss=-0.5606278 nll=-0.5632135 kl=0.002585769 consistency=0 lambda=0 beta=1 grad=137.0425 horizon=300 lifetime=[458,1705] skipped=False
2026-08-30 16:02:35,691 | INFO | step=11640/20000 loss=-0.8168581 nll=-0.8174213 kl=0.0005632341 consistency=0 lambda=0 beta=1 grad=45.34673 horizon=300 lifetime=[458,1858] skipped=False
2026-08-30 16:02:36,082 | INFO | step=11650/20000 loss=-0.133275 nll=-0.1339574 kl=0.000682354 consistency=0 lambda=0 beta=1 grad=21.87458 horizon=100 lifetime=[476,891] skipped=False
2026-08-30 16:02:36,449 | INFO | step=11660/20000 loss=-0.910692 nll=-0.9129671 kl=0.00227505 consistency=0 lambda=0 beta=1 grad=132.2932 horizon=260 lifetime=[484,1282] skipped=False
2026-08-30 16:02:36,831 | INFO | step=11670/20000 loss=-0.7697053 nll=-0.7703283 kl=0.0006230772 consistency=0 lambda=0 beta=1 grad=152.7187 horizon=300 lifetime=[467,1076] skipped=False
2026-08-30 16:02:37,226 | INFO | step=11680/20000 loss=-0.8968492 nll=-0.8989049 kl=0.002055734 consistency=0 lambda=0 beta=1 grad=189.3735 horizon=300 lifetime=[460,1076] skipped=False
2026-08-30 16:02:37,644 | INFO | step=11690/20000 loss=-0.6403198 nll=-0.6418266 kl=0.001506776 consistency=0 lambda=0 beta=1 grad=236.2637 horizon=200 lifetime=[460,1282] skipped=False
2026-08-30 16:02:38,012 | INFO | step=11700/20000 loss=-0.5140982 nll=-0.5152348 kl=0.001136661 consistency=0 lambda=0 beta=1 grad=97.60662 horizon=160 lifetime=[470,1061] skipped=False
2026-08-30 16:02:38,397 | INFO | step=11710/20000 loss=-0.03189868 nll=-0.03385922 kl=0.001960546 consistency=0 lambda=0 beta=1 grad=17.75687 horizon=100 lifetime=[455,1015] skipped=False
2026-08-30 16:02:38,808 | INFO | step=11720/20000 loss=-1.04577 nll=-1.046337 kl=0.0005675554 consistency=0 lambda=0 beta=1 grad=43.97433 horizon=240 lifetime=[476,988] skipped=False
2026-08-30 16:02:39,215 | INFO | step=11730/20000 loss=-1.117973 nll=-1.118946 kl=0.000973165 consistency=0 lambda=0 beta=1 grad=134.704 horizon=280 lifetime=[476,1036] skipped=False
2026-08-30 16:02:39,611 | INFO | step=11740/20000 loss=0.6849943 nll=0.6837649 kl=0.001229405 consistency=0 lambda=0 beta=1 grad=147.8099 horizon=140 lifetime=[501,1156] skipped=False
2026-08-30 16:02:39,991 | INFO | step=11750/20000 loss=-0.8359967 nll=-0.8369995 kl=0.001002699 consistency=0 lambda=0 beta=1 grad=53.99676 horizon=220 lifetime=[437,1154] skipped=False
2026-08-30 16:02:40,403 | INFO | step=11760/20000 loss=-0.7204728 nll=-0.7212308 kl=0.0007579923 consistency=0 lambda=0 beta=1 grad=54.42374 horizon=240 lifetime=[486,1932] skipped=False
2026-08-30 16:02:40,790 | INFO | step=11770/20000 loss=-0.5276695 nll=-0.5289518 kl=0.001282215 consistency=0 lambda=0 beta=1 grad=88.99583 horizon=160 lifetime=[456,1091] skipped=False
2026-08-30 16:02:41,179 | INFO | step=11780/20000 loss=-0.273496 nll=-0.2744775 kl=0.0009815693 consistency=0 lambda=0 beta=1 grad=74.11946 horizon=220 lifetime=[493,1091] skipped=False
2026-08-30 16:02:41,588 | INFO | step=11790/20000 loss=-0.2058137 nll=-0.2072992 kl=0.001485497 consistency=0 lambda=0 beta=1 grad=38.02343 horizon=120 lifetime=[484,1932] skipped=False
2026-08-30 16:02:41,971 | INFO | step=11800/20000 loss=-0.1639794 nll=-0.166606 kl=0.002626628 consistency=0 lambda=0 beta=1 grad=43.75327 horizon=120 lifetime=[455,1154] skipped=False
2026-08-30 16:02:42,337 | INFO | step=11810/20000 loss=-0.852051 nll=-0.853175 kl=0.001124024 consistency=0 lambda=0 beta=1 grad=74.58576 horizon=260 lifetime=[510,1858] skipped=False
2026-08-30 16:02:42,702 | INFO | step=11820/20000 loss=-0.64693 nll=-0.6484259 kl=0.001495957 consistency=0 lambda=0 beta=1 grad=108.186 horizon=260 lifetime=[464,855] skipped=False
2026-08-30 16:02:43,070 | INFO | step=11830/20000 loss=-0.5009145 nll=-0.5019611 kl=0.001046568 consistency=0 lambda=0 beta=1 grad=96.70123 horizon=240 lifetime=[461,1143] skipped=False
2026-08-30 16:02:43,454 | INFO | step=11840/20000 loss=-0.9926728 nll=-0.9935775 kl=0.0009046793 consistency=0 lambda=0 beta=1 grad=38.3655 horizon=220 lifetime=[470,1076] skipped=False
2026-08-30 16:02:43,891 | INFO | step=11850/20000 loss=-0.8571147 nll=-0.8586683 kl=0.001553655 consistency=0 lambda=0 beta=1 grad=188.3463 horizon=240 lifetime=[518,988] skipped=False
2026-08-30 16:02:44,291 | INFO | step=11860/20000 loss=-0.2645104 nll=-0.2654299 kl=0.0009195507 consistency=0 lambda=0 beta=1 grad=117.8013 horizon=200 lifetime=[508,1045] skipped=False
2026-08-30 16:02:44,660 | INFO | step=11870/20000 loss=0.1918354 nll=0.1911042 kl=0.0007311702 consistency=0 lambda=0 beta=1 grad=96.72895 horizon=280 lifetime=[482,1858] skipped=False
2026-08-30 16:02:45,034 | INFO | step=11880/20000 loss=-0.5746244 nll=-0.5763266 kl=0.001702189 consistency=0 lambda=0 beta=1 grad=35.52689 horizon=200 lifetime=[754,1635] skipped=False
2026-08-30 16:02:45,470 | INFO | step=11890/20000 loss=-0.3951668 nll=-0.3966986 kl=0.00153175 consistency=0 lambda=0 beta=1 grad=20.58769 horizon=120 lifetime=[476,1858] skipped=False
2026-08-30 16:02:45,842 | INFO | step=11900/20000 loss=0.01241545 nll=0.01097737 kl=0.001438081 consistency=0 lambda=0 beta=1 grad=46.23225 horizon=100 lifetime=[456,1091] skipped=False
2026-08-30 16:02:46,232 | INFO | step=11910/20000 loss=0.5150849 nll=0.5145056 kl=0.0005793273 consistency=0 lambda=0 beta=1 grad=194.8766 horizon=120 lifetime=[437,1431] skipped=False
2026-08-30 16:02:46,621 | INFO | step=11920/20000 loss=-0.3056742 nll=-0.3075235 kl=0.001849324 consistency=0 lambda=0 beta=1 grad=416.0844 horizon=260 lifetime=[486,1061] skipped=False
2026-08-30 16:02:46,973 | INFO | step=11930/20000 loss=-0.7701356 nll=-0.771305 kl=0.001169324 consistency=0 lambda=0 beta=1 grad=145.6448 horizon=240 lifetime=[299,1932] skipped=False
2026-08-30 16:02:47,388 | INFO | step=11940/20000 loss=-0.6464502 nll=-0.6475635 kl=0.001113236 consistency=0 lambda=0 beta=1 grad=145.4449 horizon=300 lifetime=[484,1154] skipped=False
2026-08-30 16:02:47,837 | INFO | step=11950/20000 loss=-0.8983649 nll=-0.899792 kl=0.001427144 consistency=0 lambda=0 beta=1 grad=106.3924 horizon=200 lifetime=[476,1061] skipped=False
2026-08-30 16:02:48,218 | INFO | step=11960/20000 loss=-0.7727847 nll=-0.7753683 kl=0.002583683 consistency=0 lambda=0 beta=1 grad=146.3867 horizon=280 lifetime=[455,1071] skipped=False
2026-08-30 16:02:48,607 | INFO | step=11970/20000 loss=0.5626295 nll=0.5596148 kl=0.003014743 consistency=0 lambda=0 beta=1 grad=185.6768 horizon=160 lifetime=[476,1705] skipped=False
2026-08-30 16:02:48,967 | INFO | step=11980/20000 loss=-0.5976892 nll=-0.5990731 kl=0.001383901 consistency=0 lambda=0 beta=1 grad=87.31593 horizon=240 lifetime=[491,1143] skipped=False
2026-08-30 16:02:49,357 | INFO | step=11990/20000 loss=-0.9217938 nll=-0.9222961 kl=0.0005022585 consistency=0 lambda=0 beta=1 grad=86.86269 horizon=300 lifetime=[458,1282] skipped=False
2026-08-30 16:02:50,051 | INFO | validation step=12000 rmse=159.6257 best=127.2853@7000 stale=10/10
2026-08-30 16:02:50,051 | INFO | step=12000/20000 loss=-0.5197129 nll=-0.5204217 kl=0.0007088482 consistency=0 lambda=0 beta=1 grad=108.6573 horizon=220 lifetime=[299,991] skipped=False
2026-08-30 16:02:50,145 | INFO | early stopping at step=12000 best=127.2853@7000
2026-08-30 16:02:50,237 | INFO | completed run=/home/JunseoPark/바탕화면/battery_gru/outputs/horizon_lifetime_iv_anp_grid/suites/20260830_124935_068102/runs/horiginal_s52_lr2p5em05_f3/20260830_155448_915052_f3_life_iv_base_s52
