horizon,cell_id,true_lifetime_cycles,predicted_lifetime_mean_cycles,predicted_lifetime_std_cycles,lifetime_lower_cycles,lifetime_upper_cycles,true_rul_cycles,predicted_rul_mean_cycles,rul_lower_cycles,rul_upper_cycles,absolute_error_cycles,context_cell_ids,query_label_used_as_input,model_parameter_update,interval_level
60,MATR_b1c1,2154.0,1381.2325115113986,249.80444319023078,891.6247996804643,1870.8402233423328,2094.0,1321.2325115113986,831.6247996804643,1810.8402233423328,772.7674884886014,"MATR_b2c32,MATR_b4c30,MATR_b4c20,MATR_b1c29,MATR_b4c7,MATR_b2c31,MATR_b1c37,MATR_b4c42,MATR_b1c30,MATR_b3c29,MATR_b2c20,MATR_b3c8",False,False,0.95
60,MATR_b1c20,533.0,1413.8669683071626,257.9090817190514,908.3744568520242,1919.359479762301,473.0,1353.8669683071626,848.3744568520242,1859.359479762301,880.8669683071626,"MATR_b2c32,MATR_b4c30,MATR_b4c20,MATR_b1c29,MATR_b4c7,MATR_b2c31,MATR_b1c37,MATR_b4c42,MATR_b1c30,MATR_b3c29,MATR_b2c20,MATR_b3c8",False,False,0.95
60,MATR_b1c21,557.0,1325.1019585916104,239.955195661637,854.7984171915401,1795.4054999916807,497.0,1265.1019585916104,794.7984171915401,1735.4054999916807,768.1019585916104,"MATR_b2c32,MATR_b4c30,MATR_b4c20,MATR_b1c29,MATR_b4c7,MATR_b2c31,MATR_b1c37,MATR_b4c42,MATR_b1c30,MATR_b3c29,MATR_b2c20,MATR_b3c8",False,False,0.95
60,MATR_b1c28,858.0,1387.961133052621,251.8187578737147,894.4054369885282,1881.516829116714,798.0,1327.961133052621,834.4054369885282,1821.516829116714,529.9611330526211,"MATR_b2c32,MATR_b4c30,MATR_b4c20,MATR_b1c29,MATR_b4c7,MATR_b2c31,MATR_b1c37,MATR_b4c42,MATR_b1c30,MATR_b3c29,MATR_b2c20,MATR_b3c8",False,False,0.95
60,MATR_b1c39,622.0,1292.4912262266669,231.92544276343438,837.9257113118299,1747.0567411415038,562.0,1232.4912262266669,777.9257113118299,1687.0567411415038,670.4912262266669,"MATR_b2c32,MATR_b4c30,MATR_b4c20,MATR_b1c29,MATR_b4c7,MATR_b2c31,MATR_b1c37,MATR_b4c42,MATR_b1c30,MATR_b3c29,MATR_b2c20,MATR_b3c8",False,False,0.95
60,MATR_b1c7,869.0,1271.8740051759528,209.00639938906548,862.2289898349902,1681.5190205169154,809.0,1211.8740051759528,802.2289898349902,1621.5190205169154,402.8740051759528,"MATR_b2c32,MATR_b4c30,MATR_b4c20,MATR_b1c29,MATR_b4c7,MATR_b2c31,MATR_b1c37,MATR_b4c42,MATR_b1c30,MATR_b3c29,MATR_b2c20,MATR_b3c8",False,False,0.95
60,MATR_b1c9,1052.0,1228.962380495679,217.20697164251465,803.2445388853376,1654.6802221060207,992.0,1168.962380495679,743.2445388853376,1594.6802221060207,176.9623804956791,"MATR_b2c32,MATR_b4c30,MATR_b4c20,MATR_b1c29,MATR_b4c7,MATR_b2c31,MATR_b1c37,MATR_b4c42,MATR_b1c30,MATR_b3c29,MATR_b2c20,MATR_b3c8",False,False,0.95
60,MATR_b2c1,147.0,826.5725402884971,108.33660324121404,614.2366997283123,1038.9083808486819,87.0,766.5725402884971,554.2366997283123,978.9083808486819,679.5725402884971,"MATR_b2c32,MATR_b4c30,MATR_b4c20,MATR_b1c29,MATR_b4c7,MATR_b2c31,MATR_b1c37,MATR_b4c42,MATR_b1c30,MATR_b3c29,MATR_b2c20,MATR_b3c8",False,False,0.95
60,MATR_b2c10,560.0,1291.0326744651804,241.26147249196822,818.168877523822,1763.896471406539,500.0,1231.0326744651804,758.168877523822,1703.896471406539,731.0326744651804,"MATR_b2c32,MATR_b4c30,MATR_b4c20,MATR_b1c29,MATR_b4c7,MATR_b2c31,MATR_b1c37,MATR_b4c42,MATR_b1c30,MATR_b3c29,MATR_b2c20,MATR_b3c8",False,False,0.95
60,MATR_b2c21,488.0,1276.154417403348,227.67619690986132,829.9172713229702,1722.3915634837256,428.0,1216.154417403348,769.9172713229702,1662.3915634837256,788.1544174033479,"MATR_b2c32,MATR_b4c30,MATR_b4c20,MATR_b1c29,MATR_b4c7,MATR_b2c31,MATR_b1c37,MATR_b4c42,MATR_b1c30,MATR_b3c29,MATR_b2c20,MATR_b3c8",False,False,0.95
60,MATR_b2c23,526.0,1207.300386621023,217.651019086048,780.7122280139292,1633.888545228117,466.0,1147.300386621023,720.7122280139292,1573.888545228117,681.3003866210231,"MATR_b2c32,MATR_b4c30,MATR_b4c20,MATR_b1c29,MATR_b4c7,MATR_b2c31,MATR_b1c37,MATR_b4c42,MATR_b1c30,MATR_b3c29,MATR_b2c20,MATR_b3c8",False,False,0.95
60,MATR_b2c25,460.0,1302.2105419197983,229.51152509415536,852.3762186983931,1752.0448651412034,400.0,1242.2105419197983,792.3762186983931,1692.0448651412034,842.2105419197983,"MATR_b2c32,MATR_b4c30,MATR_b4c20,MATR_b1c29,MATR_b4c7,MATR_b2c31,MATR_b1c37,MATR_b4c42,MATR_b1c30,MATR_b3c29,MATR_b2c20,MATR_b3c8",False,False,0.95
60,MATR_b2c29,497.0,1419.8050517547222,261.08023003872336,908.0972038033922,1931.5128997060522,437.0,1359.8050517547222,848.0972038033922,1871.5128997060522,922.8050517547222,"MATR_b2c32,MATR_b4c30,MATR_b4c20,MATR_b1c29,MATR_b4c7,MATR_b2c31,MATR_b1c37,MATR_b4c42,MATR_b1c30,MATR_b3c29,MATR_b2c20,MATR_b3c8",False,False,0.95
60,MATR_b2c30,480.0,1321.0703593541175,247.94414737350104,835.1087603245642,1807.0319583836708,420.0,1261.0703593541175,775.1087603245642,1747.0319583836708,841.0703593541175,"MATR_b2c32,MATR_b4c30,MATR_b4c20,MATR_b1c29,MATR_b4c7,MATR_b2c31,MATR_b1c37,MATR_b4c42,MATR_b1c30,MATR_b3c29,MATR_b2c20,MATR_b3c8",False,False,0.95
60,MATR_b2c36,534.0,1295.2188451034785,231.72067709742117,841.0546635192977,1749.3830266876594,474.0,1235.2188451034785,781.0546635192977,1689.3830266876594,761.2188451034785,"MATR_b2c32,MATR_b4c30,MATR_b4c20,MATR_b1c29,MATR_b4c7,MATR_b2c31,MATR_b1c37,MATR_b4c42,MATR_b1c30,MATR_b3c29,MATR_b2c20,MATR_b3c8",False,False,0.95
60,MATR_b2c40,498.0,1380.7187929773547,250.18156494682026,890.3719360857187,1871.0656498689907,438.0,1320.7187929773547,830.3719360857187,1811.0656498689907,882.7187929773547,"MATR_b2c32,MATR_b4c30,MATR_b4c20,MATR_b1c29,MATR_b4c7,MATR_b2c31,MATR_b1c37,MATR_b4c42,MATR_b1c30,MATR_b3c29,MATR_b2c20,MATR_b3c8",False,False,0.95
60,MATR_b2c42,465.0,1389.2735395575821,251.63476403468638,896.078464791362,1882.4686143238023,405.0,1329.2735395575821,836.078464791362,1822.4686143238023,924.2735395575821,"MATR_b2c32,MATR_b4c30,MATR_b4c20,MATR_b1c29,MATR_b4c7,MATR_b2c31,MATR_b1c37,MATR_b4c42,MATR_b1c30,MATR_b3c29,MATR_b2c20,MATR_b3c8",False,False,0.95
60,MATR_b2c46,428.0,1258.472533499294,225.21697144838916,817.0553807532658,1699.8896862453223,368.0,1198.472533499294,757.0553807532658,1639.8896862453223,830.4725334992941,"MATR_b2c32,MATR_b4c30,MATR_b4c20,MATR_b1c29,MATR_b4c7,MATR_b2c31,MATR_b1c37,MATR_b4c42,MATR_b1c30,MATR_b3c29,MATR_b2c20,MATR_b3c8",False,False,0.95
60,MATR_b3c19,1152.0,1449.1502042773168,269.49770644062164,920.9444057375504,1977.3560028170832,1092.0,1389.1502042773168,860.9444057375504,1917.3560028170832,297.1502042773168,"MATR_b2c32,MATR_b4c30,MATR_b4c20,MATR_b1c29,MATR_b4c7,MATR_b2c31,MATR_b1c37,MATR_b4c42,MATR_b1c30,MATR_b3c29,MATR_b2c20,MATR_b3c8",False,False,0.95
60,MATR_b3c20,811.0,1491.3146993203197,242.78410093669743,1015.4666054654557,1967.1627931751837,751.0,1431.3146993203197,955.4666054654557,1907.1627931751837,680.3146993203197,"MATR_b2c32,MATR_b4c30,MATR_b4c20,MATR_b1c29,MATR_b4c7,MATR_b2c31,MATR_b1c37,MATR_b4c42,MATR_b1c30,MATR_b3c29,MATR_b2c20,MATR_b3c8",False,False,0.95
60,MATR_b3c3,1113.0,1412.7563057976226,232.52559834310276,957.0145075615148,1868.4981040337304,1053.0,1352.7563057976226,897.0145075615148,1808.4981040337304,299.75630579762264,"MATR_b2c32,MATR_b4c30,MATR_b4c20,MATR_b1c29,MATR_b4c7,MATR_b2c31,MATR_b1c37,MATR_b4c42,MATR_b1c30,MATR_b3c29,MATR_b2c20,MATR_b3c8",False,False,0.95
60,MATR_b3c30,933.0,1444.2454285721378,269.9217417914904,915.2085360164969,1973.2823211277787,873.0,1384.2454285721378,855.2085360164969,1913.2823211277787,511.2454285721378,"MATR_b2c32,MATR_b4c30,MATR_b4c20,MATR_b1c29,MATR_b4c7,MATR_b2c31,MATR_b1c37,MATR_b4c42,MATR_b1c30,MATR_b3c29,MATR_b2c20,MATR_b3c8",False,False,0.95
60,MATR_b3c44,938.0,1448.3848064829804,270.3710037751313,918.4673766197801,1978.3022363461805,878.0,1388.3848064829804,858.4673766197801,1918.3022363461805,510.38480648298037,"MATR_b2c32,MATR_b4c30,MATR_b4c20,MATR_b1c29,MATR_b4c7,MATR_b2c31,MATR_b1c37,MATR_b4c42,MATR_b1c30,MATR_b3c29,MATR_b2c20,MATR_b3c8",False,False,0.95
60,MATR_b3c45,1799.0,1458.6853534645288,267.44761517732667,934.4976599658407,1982.873046963217,1739.0,1398.6853534645288,874.4976599658407,1922.873046963217,340.3146465354712,"MATR_b2c32,MATR_b4c30,MATR_b4c20,MATR_b1c29,MATR_b4c7,MATR_b2c31,MATR_b1c37,MATR_b4c42,MATR_b1c30,MATR_b3c29,MATR_b2c20,MATR_b3c8",False,False,0.95
60,MATR_b4c10,872.0,1507.084780874064,234.85104149744362,1046.7851978073531,1967.384363940775,812.0,1447.084780874064,986.7851978073531,1907.384363940775,635.0847808740641,"MATR_b2c32,MATR_b4c30,MATR_b4c20,MATR_b1c29,MATR_b4c7,MATR_b2c31,MATR_b1c37,MATR_b4c42,MATR_b1c30,MATR_b3c29,MATR_b2c20,MATR_b3c8",False,False,0.95
60,MATR_b4c13,771.0,1497.0597411837637,245.47119489419595,1015.9450399491272,1978.1744424184,711.0,1437.0597411837637,955.9450399491272,1918.1744424184,726.0597411837637,"MATR_b2c32,MATR_b4c30,MATR_b4c20,MATR_b1c29,MATR_b4c7,MATR_b2c31,MATR_b1c37,MATR_b4c42,MATR_b1c30,MATR_b3c29,MATR_b2c20,MATR_b3c8",False,False,0.95
60,MATR_b4c16,909.0,1075.4923699878505,163.99219271063893,754.0735785292462,1396.9111614464546,849.0,1015.4923699878505,694.0735785292462,1336.9111614464546,166.49236998785045,"MATR_b2c32,MATR_b4c30,MATR_b4c20,MATR_b1c29,MATR_b4c7,MATR_b2c31,MATR_b1c37,MATR_b4c42,MATR_b1c30,MATR_b3c29,MATR_b2c20,MATR_b3c8",False,False,0.95
60,MATR_b4c18,906.0,1026.3391134656745,182.04185709247997,669.5436298856264,1383.1345970457226,846.0,966.3391134656745,609.5436298856264,1323.1345970457226,120.33911346567447,"MATR_b2c32,MATR_b4c30,MATR_b4c20,MATR_b1c29,MATR_b4c7,MATR_b2c31,MATR_b1c37,MATR_b4c42,MATR_b1c30,MATR_b3c29,MATR_b2c20,MATR_b3c8",False,False,0.95
60,MATR_b4c25,453.0,915.3836024222098,138.26486048799262,644.3894555382892,1186.3777493061305,393.0,855.3836024222098,584.3894555382892,1126.3777493061305,462.38360242220983,"MATR_b2c32,MATR_b4c30,MATR_b4c20,MATR_b1c29,MATR_b4c7,MATR_b2c31,MATR_b1c37,MATR_b4c42,MATR_b1c30,MATR_b3c29,MATR_b2c20,MATR_b3c8",False,False,0.95
60,MATR_b4c29,887.0,1397.3311436252998,236.5744124696262,933.6538155211091,1861.0084717294903,827.0,1337.3311436252998,873.6538155211091,1801.0084717294903,510.3311436252998,"MATR_b2c32,MATR_b4c30,MATR_b4c20,MATR_b1c29,MATR_b4c7,MATR_b2c31,MATR_b1c37,MATR_b4c42,MATR_b1c30,MATR_b3c29,MATR_b2c20,MATR_b3c8",False,False,0.95
60,MATR_b4c33,505.0,1362.6930256932253,214.61396387391113,942.0573859209793,1783.3286654654712,445.0,1302.6930256932253,882.0573859209793,1723.3286654654712,857.6930256932253,"MATR_b2c32,MATR_b4c30,MATR_b4c20,MATR_b1c29,MATR_b4c7,MATR_b2c31,MATR_b1c37,MATR_b4c42,MATR_b1c30,MATR_b3c29,MATR_b2c20,MATR_b3c8",False,False,0.95
60,MATR_b4c37,863.0,1034.6334093075475,174.21814759528382,693.1721145675078,1376.0947040475871,803.0,974.6334093075475,633.1721145675078,1316.0947040475871,171.63340930754748,"MATR_b2c32,MATR_b4c30,MATR_b4c20,MATR_b1c29,MATR_b4c7,MATR_b2c31,MATR_b1c37,MATR_b4c42,MATR_b1c30,MATR_b3c29,MATR_b2c20,MATR_b3c8",False,False,0.95
60,MATR_b4c4,656.0,985.9835631060237,168.59818562766583,655.5371914170001,1316.4299347950473,596.0,925.9835631060237,595.5371914170001,1256.4299347950473,329.98356310602367,"MATR_b2c32,MATR_b4c30,MATR_b4c20,MATR_b1c29,MATR_b4c7,MATR_b2c31,MATR_b1c37,MATR_b4c42,MATR_b1c30,MATR_b3c29,MATR_b2c20,MATR_b3c8",False,False,0.95
60,MATR_b4c9,442.0,1101.84943562859,155.4272415171546,797.2176400385584,1406.4812312186218,382.0,1041.84943562859,737.2176400385584,1346.4812312186218,659.8494356285901,"MATR_b2c32,MATR_b4c30,MATR_b4c20,MATR_b1c29,MATR_b4c7,MATR_b2c31,MATR_b1c37,MATR_b4c42,MATR_b1c30,MATR_b3c29,MATR_b2c20,MATR_b3c8",False,False,0.95
80,MATR_b1c1,2154.0,1466.9862106482592,256.6016134871725,964.0562898385339,1969.9161314579846,2074.0,1386.9862106482592,884.0562898385339,1889.9161314579846,687.0137893517408,"MATR_b4c1,MATR_b4c34,MATR_b4c41,MATR_b1c19,MATR_b2c39,MATR_b3c6,MATR_b3c40,MATR_b2c6,MATR_b1c43,MATR_b2c38,MATR_b1c16,MATR_b1c29",False,False,0.95
80,MATR_b1c20,533.0,1019.4041722564198,157.14353314680702,711.4085068853019,1327.3998376275376,453.0,939.4041722564198,631.4085068853019,1247.3998376275376,486.40417225641977,"MATR_b4c1,MATR_b4c34,MATR_b4c41,MATR_b1c19,MATR_b2c39,MATR_b3c6,MATR_b3c40,MATR_b2c6,MATR_b1c43,MATR_b2c38,MATR_b1c16,MATR_b1c29",False,False,0.95
80,MATR_b1c21,557.0,847.3731314190958,136.82174514655972,579.2074386299208,1115.5388242082709,477.0,767.3731314190958,499.20743862992083,1035.5388242082709,290.3731314190958,"MATR_b4c1,MATR_b4c34,MATR_b4c41,MATR_b1c19,MATR_b2c39,MATR_b3c6,MATR_b3c40,MATR_b2c6,MATR_b1c43,MATR_b2c38,MATR_b1c16,MATR_b1c29",False,False,0.95
80,MATR_b1c28,858.0,1336.6089982071926,235.61258882011103,874.8168098155305,1798.4011865988546,778.0,1256.6089982071926,794.8168098155305,1718.4011865988546,478.6089982071926,"MATR_b4c1,MATR_b4c34,MATR_b4c41,MATR_b1c19,MATR_b2c39,MATR_b3c6,MATR_b3c40,MATR_b2c6,MATR_b1c43,MATR_b2c38,MATR_b1c16,MATR_b1c29",False,False,0.95
80,MATR_b1c39,622.0,1046.3877251777021,172.59236794988317,708.1128999894461,1384.6625503659582,542.0,966.3877251777021,628.1128999894461,1304.6625503659582,424.3877251777021,"MATR_b4c1,MATR_b4c34,MATR_b4c41,MATR_b1c19,MATR_b2c39,MATR_b3c6,MATR_b3c40,MATR_b2c6,MATR_b1c43,MATR_b2c38,MATR_b1c16,MATR_b1c29",False,False,0.95
80,MATR_b1c7,869.0,1319.8996087665166,212.9618870610142,902.5019800472423,1737.297237485791,789.0,1239.8996087665166,822.5019800472423,1657.297237485791,450.8996087665166,"MATR_b4c1,MATR_b4c34,MATR_b4c41,MATR_b1c19,MATR_b2c39,MATR_b3c6,MATR_b3c40,MATR_b2c6,MATR_b1c43,MATR_b2c38,MATR_b1c16,MATR_b1c29",False,False,0.95
80,MATR_b1c9,1052.0,1280.119332687544,217.21467258585236,854.3863975056138,1705.8522678694744,972.0,1200.119332687544,774.3863975056138,1625.8522678694744,228.1193326875441,"MATR_b4c1,MATR_b4c34,MATR_b4c41,MATR_b1c19,MATR_b2c39,MATR_b3c6,MATR_b3c40,MATR_b2c6,MATR_b1c43,MATR_b2c38,MATR_b1c16,MATR_b1c29",False,False,0.95
80,MATR_b2c1,147.0,644.0023678346771,65.0521087265413,516.5025776122724,771.5021580570818,67.0,564.0023678346771,436.5025776122724,691.5021580570818,497.0023678346771,"MATR_b4c1,MATR_b4c34,MATR_b4c41,MATR_b1c19,MATR_b2c39,MATR_b3c6,MATR_b3c40,MATR_b2c6,MATR_b1c43,MATR_b2c38,MATR_b1c16,MATR_b1c29",False,False,0.95
80,MATR_b2c10,560.0,1217.444600999478,205.52629820136298,814.6204586489675,1620.2687433499887,480.0,1137.444600999478,734.6204586489675,1540.2687433499887,657.4446009994781,"MATR_b4c1,MATR_b4c34,MATR_b4c41,MATR_b1c19,MATR_b2c39,MATR_b3c6,MATR_b3c40,MATR_b2c6,MATR_b1c43,MATR_b2c38,MATR_b1c16,MATR_b1c29",False,False,0.95
80,MATR_b2c21,488.0,706.1253252059272,106.22619943289972,497.9258001028747,914.3248503089796,408.0,626.1253252059272,417.9258001028747,834.3248503089796,218.1253252059272,"MATR_b4c1,MATR_b4c34,MATR_b4c41,MATR_b1c19,MATR_b2c39,MATR_b3c6,MATR_b3c40,MATR_b2c6,MATR_b1c43,MATR_b2c38,MATR_b1c16,MATR_b1c29",False,False,0.95
80,MATR_b2c23,526.0,704.0355637244295,103.35987724256393,501.4539268825231,906.6172005663359,446.0,624.0355637244295,421.4539268825231,826.6172005663359,178.0355637244295,"MATR_b4c1,MATR_b4c34,MATR_b4c41,MATR_b1c19,MATR_b2c39,MATR_b3c6,MATR_b3c40,MATR_b2c6,MATR_b1c43,MATR_b2c38,MATR_b1c16,MATR_b1c29",False,False,0.95
80,MATR_b2c25,460.0,775.6881363090358,105.8174451018827,568.2897549733015,983.0865176447702,380.0,695.6881363090358,488.28975497330146,903.0865176447702,315.6881363090358,"MATR_b4c1,MATR_b4c34,MATR_b4c41,MATR_b1c19,MATR_b2c39,MATR_b3c6,MATR_b3c40,MATR_b2c6,MATR_b1c43,MATR_b2c38,MATR_b1c16,MATR_b1c29",False,False,0.95
80,MATR_b2c29,497.0,1241.930112942196,221.75306641506057,807.3020893073588,1676.5581365770333,417.0,1161.930112942196,727.3020893073588,1596.5581365770333,744.930112942196,"MATR_b4c1,MATR_b4c34,MATR_b4c41,MATR_b1c19,MATR_b2c39,MATR_b3c6,MATR_b3c40,MATR_b2c6,MATR_b1c43,MATR_b2c38,MATR_b1c16,MATR_b1c29",False,False,0.95
80,MATR_b2c30,480.0,1016.847597201813,174.58116246688024,674.6748063875918,1359.020388016034,400.0,936.847597201813,594.6748063875918,1279.020388016034,536.847597201813,"MATR_b4c1,MATR_b4c34,MATR_b4c41,MATR_b1c19,MATR_b2c39,MATR_b3c6,MATR_b3c40,MATR_b2c6,MATR_b1c43,MATR_b2c38,MATR_b1c16,MATR_b1c29",False,False,0.95
80,MATR_b2c36,534.0,1182.8386336425042,199.38161881874575,792.0578415784692,1573.6194257065392,454.0,1102.8386336425042,712.0578415784692,1493.6194257065392,648.8386336425042,"MATR_b4c1,MATR_b4c34,MATR_b4c41,MATR_b1c19,MATR_b2c39,MATR_b3c6,MATR_b3c40,MATR_b2c6,MATR_b1c43,MATR_b2c38,MATR_b1c16,MATR_b1c29",False,False,0.95
80,MATR_b2c40,498.0,893.2538798399225,140.09847927006595,618.665906181762,1167.841853498083,418.0,813.2538798399225,538.665906181762,1087.841853498083,395.25387983992255,"MATR_b4c1,MATR_b4c34,MATR_b4c41,MATR_b1c19,MATR_b2c39,MATR_b3c6,MATR_b3c40,MATR_b2c6,MATR_b1c43,MATR_b2c38,MATR_b1c16,MATR_b1c29",False,False,0.95
80,MATR_b2c42,465.0,849.3281048088222,128.41245315529392,597.6443214580094,1101.011888159635,385.0,769.3281048088222,517.6443214580094,1021.011888159635,384.3281048088222,"MATR_b4c1,MATR_b4c34,MATR_b4c41,MATR_b1c19,MATR_b2c39,MATR_b3c6,MATR_b3c40,MATR_b2c6,MATR_b1c43,MATR_b2c38,MATR_b1c16,MATR_b1c29",False,False,0.95
80,MATR_b2c46,428.0,653.7528758016639,95.1952369691277,467.17363984241774,840.33211176091,348.0,573.7528758016639,387.17363984241774,760.33211176091,225.7528758016639,"MATR_b4c1,MATR_b4c34,MATR_b4c41,MATR_b1c19,MATR_b2c39,MATR_b3c6,MATR_b3c40,MATR_b2c6,MATR_b1c43,MATR_b2c38,MATR_b1c16,MATR_b1c29",False,False,0.95
80,MATR_b3c19,1152.0,1471.4819730220843,267.6344234866779,946.9281419650549,1996.0358040791136,1072.0,1391.4819730220843,866.9281419650549,1916.0358040791136,319.4819730220843,"MATR_b4c1,MATR_b4c34,MATR_b4c41,MATR_b1c19,MATR_b2c39,MATR_b3c6,MATR_b3c40,MATR_b2c6,MATR_b1c43,MATR_b2c38,MATR_b1c16,MATR_b1c29",False,False,0.95
80,MATR_b3c20,811.0,1484.8113044716915,230.65623751459657,1032.7333861335658,1936.8892228098173,731.0,1404.8113044716915,952.7333861335658,1856.8892228098173,673.8113044716915,"MATR_b4c1,MATR_b4c34,MATR_b4c41,MATR_b1c19,MATR_b2c39,MATR_b3c6,MATR_b3c40,MATR_b2c6,MATR_b1c43,MATR_b2c38,MATR_b1c16,MATR_b1c29",False,False,0.95
80,MATR_b3c3,1113.0,1465.4235062181333,230.2348094337816,1014.1715717404788,1916.6754406957878,1033.0,1385.4235062181333,934.1715717404788,1836.6754406957878,352.4235062181333,"MATR_b4c1,MATR_b4c34,MATR_b4c41,MATR_b1c19,MATR_b2c39,MATR_b3c6,MATR_b3c40,MATR_b2c6,MATR_b1c43,MATR_b2c38,MATR_b1c16,MATR_b1c29",False,False,0.95
80,MATR_b3c30,933.0,1530.083941685848,270.6601862841447,999.5997245200226,2060.5681588516736,853.0,1450.083941685848,919.5997245200226,1980.5681588516736,597.083941685848,"MATR_b4c1,MATR_b4c34,MATR_b4c41,MATR_b1c19,MATR_b2c39,MATR_b3c6,MATR_b3c40,MATR_b2c6,MATR_b1c43,MATR_b2c38,MATR_b1c16,MATR_b1c29",False,False,0.95
80,MATR_b3c44,938.0,1407.010780466884,259.372053752947,898.650896514921,1915.370664418847,858.0,1327.010780466884,818.650896514921,1835.370664418847,469.01078046688394,"MATR_b4c1,MATR_b4c34,MATR_b4c41,MATR_b1c19,MATR_b2c39,MATR_b3c6,MATR_b3c40,MATR_b2c6,MATR_b1c43,MATR_b2c38,MATR_b1c16,MATR_b1c29",False,False,0.95
80,MATR_b3c45,1799.0,1543.0150342180987,266.32182704813687,1021.0338449068453,2064.996223529352,1719.0,1463.0150342180987,941.0338449068453,1984.996223529352,255.98496578190134,"MATR_b4c1,MATR_b4c34,MATR_b4c41,MATR_b1c19,MATR_b2c39,MATR_b3c6,MATR_b3c40,MATR_b2c6,MATR_b1c43,MATR_b2c38,MATR_b1c16,MATR_b1c29",False,False,0.95
80,MATR_b4c10,872.0,1506.349841519297,219.9742693708734,1075.2081960268729,1937.491487011721,792.0,1426.349841519297,995.2081960268729,1857.491487011721,634.3498415192969,"MATR_b4c1,MATR_b4c34,MATR_b4c41,MATR_b1c19,MATR_b2c39,MATR_b3c6,MATR_b3c40,MATR_b2c6,MATR_b1c43,MATR_b2c38,MATR_b1c16,MATR_b1c29",False,False,0.95
80,MATR_b4c13,771.0,1476.5730908360088,232.25611712635023,1021.359466079246,1931.7867155927715,691.0,1396.5730908360088,941.359466079246,1851.7867155927715,705.5730908360088,"MATR_b4c1,MATR_b4c34,MATR_b4c41,MATR_b1c19,MATR_b2c39,MATR_b3c6,MATR_b3c40,MATR_b2c6,MATR_b1c43,MATR_b2c38,MATR_b1c16,MATR_b1c29",False,False,0.95
80,MATR_b4c16,909.0,984.5055517859237,145.58997707079484,699.1544402171536,1269.8566633546939,829.0,904.5055517859237,619.1544402171536,1189.8566633546939,75.50555178592367,"MATR_b4c1,MATR_b4c34,MATR_b4c41,MATR_b1c19,MATR_b2c39,MATR_b3c6,MATR_b3c40,MATR_b2c6,MATR_b1c43,MATR_b2c38,MATR_b1c16,MATR_b1c29",False,False,0.95
80,MATR_b4c18,906.0,1056.9696328581024,183.57888595591692,697.1616280625194,1416.7776376536854,826.0,976.9696328581024,617.1616280625194,1336.7776376536854,150.9696328581024,"MATR_b4c1,MATR_b4c34,MATR_b4c41,MATR_b1c19,MATR_b2c39,MATR_b3c6,MATR_b3c40,MATR_b2c6,MATR_b1c43,MATR_b2c38,MATR_b1c16,MATR_b1c29",False,False,0.95
80,MATR_b4c25,453.0,654.736619512989,83.05077162545913,491.9600982388281,817.51314078715,373.0,574.736619512989,411.9600982388281,737.51314078715,201.73661951298902,"MATR_b4c1,MATR_b4c34,MATR_b4c41,MATR_b1c19,MATR_b2c39,MATR_b3c6,MATR_b3c40,MATR_b2c6,MATR_b1c43,MATR_b2c38,MATR_b1c16,MATR_b1c29",False,False,0.95
80,MATR_b4c29,887.0,1443.9261329573378,236.86744545030842,979.6744707647275,1908.177795149948,807.0,1363.9261329573378,899.6744707647275,1828.177795149948,556.9261329573378,"MATR_b4c1,MATR_b4c34,MATR_b4c41,MATR_b1c19,MATR_b2c39,MATR_b3c6,MATR_b3c40,MATR_b2c6,MATR_b1c43,MATR_b2c38,MATR_b1c16,MATR_b1c29",False,False,0.95
80,MATR_b4c33,505.0,655.0322252303467,87.15840472839491,484.2048910127272,825.8595594479663,425.0,575.0322252303467,404.2048910127272,745.8595594479663,150.03222523034674,"MATR_b4c1,MATR_b4c34,MATR_b4c41,MATR_b1c19,MATR_b2c39,MATR_b3c6,MATR_b3c40,MATR_b2c6,MATR_b1c43,MATR_b2c38,MATR_b1c16,MATR_b1c29",False,False,0.95
80,MATR_b4c37,863.0,1019.2619983383868,164.50140463882812,696.8451698400336,1341.67882683674,783.0,939.2619983383868,616.8451698400336,1261.67882683674,156.26199833838677,"MATR_b4c1,MATR_b4c34,MATR_b4c41,MATR_b1c19,MATR_b2c39,MATR_b3c6,MATR_b3c40,MATR_b2c6,MATR_b1c43,MATR_b2c38,MATR_b1c16,MATR_b1c29",False,False,0.95
80,MATR_b4c4,656.0,865.0577089266487,136.99563797246572,596.5511924615282,1133.5642253917692,576.0,785.0577089266487,516.5511924615282,1053.5642253917692,209.05770892664873,"MATR_b4c1,MATR_b4c34,MATR_b4c41,MATR_b1c19,MATR_b2c39,MATR_b3c6,MATR_b3c40,MATR_b2c6,MATR_b1c43,MATR_b2c38,MATR_b1c16,MATR_b1c29",False,False,0.95
80,MATR_b4c9,442.0,593.7742599161502,71.39213047959652,453.8482553965568,733.7002644357435,362.0,513.7742599161502,373.8482553965568,653.7002644357435,151.77425991615019,"MATR_b4c1,MATR_b4c34,MATR_b4c41,MATR_b1c19,MATR_b2c39,MATR_b3c6,MATR_b3c40,MATR_b2c6,MATR_b1c43,MATR_b2c38,MATR_b1c16,MATR_b1c29",False,False,0.95
100,MATR_b1c1,2154.0,1551.1805205593007,253.74566857698454,1053.8481489153742,2048.5128922032272,2054.0,1451.1805205593007,953.8481489153742,1948.5128922032272,602.8194794406993,"MATR_b2c20,MATR_b1c26,MATR_b2c2,MATR_b2c43,MATR_b3c26,MATR_b1c43,MATR_b3c33,MATR_b4c1,MATR_b3c29,MATR_b3c18,MATR_b4c15,MATR_b3c1",False,False,0.95
100,MATR_b1c20,533.0,472.3289158119005,47.576419307023784,379.08084745675785,565.5769841670432,433.0,372.3289158119005,279.08084745675785,465.5769841670432,60.671084188099485,"MATR_b2c20,MATR_b1c26,MATR_b2c2,MATR_b2c43,MATR_b3c26,MATR_b1c43,MATR_b3c33,MATR_b4c1,MATR_b3c29,MATR_b3c18,MATR_b4c15,MATR_b3c1",False,False,0.95
100,MATR_b1c21,557.0,534.5481522415612,70.53385516460209,396.3043364281766,672.7919680549458,457.0,434.5481522415612,296.3043364281766,572.7919680549458,22.451847758438817,"MATR_b2c20,MATR_b1c26,MATR_b2c2,MATR_b2c43,MATR_b3c26,MATR_b1c43,MATR_b3c33,MATR_b4c1,MATR_b3c29,MATR_b3c18,MATR_b4c15,MATR_b3c1",False,False,0.95
100,MATR_b1c28,858.0,739.4317540579905,108.98125507868798,525.8324191137892,953.0310890021917,758.0,639.4317540579905,425.83241911378923,853.0310890021917,118.56824594200953,"MATR_b2c20,MATR_b1c26,MATR_b2c2,MATR_b2c43,MATR_b3c26,MATR_b1c43,MATR_b3c33,MATR_b4c1,MATR_b3c29,MATR_b3c18,MATR_b4c15,MATR_b3c1",False,False,0.95
100,MATR_b1c39,622.0,615.0980338847546,81.26917737763809,455.8133731713867,774.3826945981225,522.0,515.0980338847546,355.8133731713867,674.3826945981225,6.901966115245386,"MATR_b2c20,MATR_b1c26,MATR_b2c2,MATR_b2c43,MATR_b3c26,MATR_b1c43,MATR_b3c33,MATR_b4c1,MATR_b3c29,MATR_b3c18,MATR_b4c15,MATR_b3c1",False,False,0.95
100,MATR_b1c7,869.0,1040.7643444056428,155.0253938617768,736.9201557474236,1344.608533063862,769.0,940.7643444056428,636.9201557474236,1244.608533063862,171.76434440564276,"MATR_b2c20,MATR_b1c26,MATR_b2c2,MATR_b2c43,MATR_b3c26,MATR_b1c43,MATR_b3c33,MATR_b4c1,MATR_b3c29,MATR_b3c18,MATR_b4c15,MATR_b3c1",False,False,0.95
100,MATR_b1c9,1052.0,942.9564070089953,140.36243514630712,667.8510893398943,1218.0617246780962,952.0,842.9564070089953,567.8510893398943,1118.0617246780962,109.04359299100474,"MATR_b2c20,MATR_b1c26,MATR_b2c2,MATR_b2c43,MATR_b3c26,MATR_b1c43,MATR_b3c33,MATR_b4c1,MATR_b3c29,MATR_b3c18,MATR_b4c15,MATR_b3c1",False,False,0.95
100,MATR_b2c1,147.0,694.7473195579744,68.05536871144108,561.3612479289559,828.1333911869929,47.0,594.7473195579744,461.3612479289559,728.1333911869929,547.7473195579744,"MATR_b2c20,MATR_b1c26,MATR_b2c2,MATR_b2c43,MATR_b3c26,MATR_b1c43,MATR_b3c33,MATR_b4c1,MATR_b3c29,MATR_b3c18,MATR_b4c15,MATR_b3c1",False,False,0.95
100,MATR_b2c10,560.0,573.6635399234369,67.35321016592624,441.65367375506446,705.6734060918094,460.0,473.66353992343693,341.65367375506446,605.6734060918094,13.663539923436929,"MATR_b2c20,MATR_b1c26,MATR_b2c2,MATR_b2c43,MATR_b3c26,MATR_b1c43,MATR_b3c33,MATR_b4c1,MATR_b3c29,MATR_b3c18,MATR_b4c15,MATR_b3c1",False,False,0.95
100,MATR_b2c21,488.0,457.7470587351242,53.115452302839465,353.6426851990038,561.8514322712446,388.0,357.7470587351242,253.64268519900378,461.85143227124456,30.2529412648758,"MATR_b2c20,MATR_b1c26,MATR_b2c2,MATR_b2c43,MATR_b3c26,MATR_b1c43,MATR_b3c33,MATR_b4c1,MATR_b3c29,MATR_b3c18,MATR_b4c15,MATR_b3c1",False,False,0.95
100,MATR_b2c23,526.0,438.56614995033834,46.765541053603364,346.90737376774644,530.2249261329302,426.0,338.56614995033834,246.90737376774644,430.22492613293025,87.43385004966166,"MATR_b2c20,MATR_b1c26,MATR_b2c2,MATR_b2c43,MATR_b3c26,MATR_b1c43,MATR_b3c33,MATR_b4c1,MATR_b3c29,MATR_b3c18,MATR_b4c15,MATR_b3c1",False,False,0.95
100,MATR_b2c25,460.0,425.25104625254795,41.43710986471603,344.0358032942752,506.4662892108207,360.0,325.25104625254795,244.03580329427518,406.4662892108207,34.74895374745205,"MATR_b2c20,MATR_b1c26,MATR_b2c2,MATR_b2c43,MATR_b3c26,MATR_b1c43,MATR_b3c33,MATR_b4c1,MATR_b3c29,MATR_b3c18,MATR_b4c15,MATR_b3c1",False,False,0.95
100,MATR_b2c29,497.0,649.5665929298867,89.7632833457533,473.63379043814626,825.4993954216272,397.0,549.5665929298867,373.63379043814626,725.4993954216272,152.56659292988672,"MATR_b2c20,MATR_b1c26,MATR_b2c2,MATR_b2c43,MATR_b3c26,MATR_b1c43,MATR_b3c33,MATR_b4c1,MATR_b3c29,MATR_b3c18,MATR_b4c15,MATR_b3c1",False,False,0.95
100,MATR_b2c30,480.0,609.3735566480264,74.202810764314,463.93871999832993,754.8083932977228,380.0,509.37355664802635,363.93871999832993,654.8083932977228,129.37355664802635,"MATR_b2c20,MATR_b1c26,MATR_b2c2,MATR_b2c43,MATR_b3c26,MATR_b1c43,MATR_b3c33,MATR_b4c1,MATR_b3c29,MATR_b3c18,MATR_b4c15,MATR_b3c1",False,False,0.95
100,MATR_b2c36,534.0,669.3256940658083,89.37124316978314,494.1612761994621,844.4901119321545,434.0,569.3256940658083,394.1612761994621,744.4901119321545,135.3256940658083,"MATR_b2c20,MATR_b1c26,MATR_b2c2,MATR_b2c43,MATR_b3c26,MATR_b1c43,MATR_b3c33,MATR_b4c1,MATR_b3c29,MATR_b3c18,MATR_b4c15,MATR_b3c1",False,False,0.95
100,MATR_b2c40,498.0,529.1727556583272,68.27666723226564,395.35294689866055,662.9925644179939,398.0,429.1727556583272,295.35294689866055,562.9925644179939,31.17275565832722,"MATR_b2c20,MATR_b1c26,MATR_b2c2,MATR_b2c43,MATR_b3c26,MATR_b1c43,MATR_b3c33,MATR_b4c1,MATR_b3c29,MATR_b3c18,MATR_b4c15,MATR_b3c1",False,False,0.95
100,MATR_b2c42,465.0,500.2619294333039,58.946452061285555,384.7290063767674,615.7948524898404,365.0,400.2619294333039,284.7290063767674,515.7948524898404,35.26192943330392,"MATR_b2c20,MATR_b1c26,MATR_b2c2,MATR_b2c43,MATR_b3c26,MATR_b1c43,MATR_b3c33,MATR_b4c1,MATR_b3c29,MATR_b3c18,MATR_b4c15,MATR_b3c1",False,False,0.95
100,MATR_b2c46,428.0,403.0116888278328,45.29584796097637,314.2334581751171,491.7899194805485,328.0,303.0116888278328,214.2334581751171,391.7899194805485,24.988311172167187,"MATR_b2c20,MATR_b1c26,MATR_b2c2,MATR_b2c43,MATR_b3c26,MATR_b1c43,MATR_b3c33,MATR_b4c1,MATR_b3c29,MATR_b3c18,MATR_b4c15,MATR_b3c1",False,False,0.95
100,MATR_b3c19,1152.0,1636.3912168574072,255.48896530838624,1135.642046405567,2137.1403873092477,1052.0,1536.3912168574072,1035.642046405567,2037.1403873092477,484.39121685740724,"MATR_b2c20,MATR_b1c26,MATR_b2c2,MATR_b2c43,MATR_b3c26,MATR_b1c43,MATR_b3c33,MATR_b4c1,MATR_b3c29,MATR_b3c18,MATR_b4c15,MATR_b3c1",False,False,0.95
100,MATR_b3c20,811.0,890.4094690780521,118.339602002881,658.4681112076014,1122.3508269485028,711.0,790.4094690780521,558.4681112076014,1022.3508269485028,79.4094690780521,"MATR_b2c20,MATR_b1c26,MATR_b2c2,MATR_b2c43,MATR_b3c26,MATR_b1c43,MATR_b3c33,MATR_b4c1,MATR_b3c29,MATR_b3c18,MATR_b4c15,MATR_b3c1",False,False,0.95
100,MATR_b3c3,1113.0,1306.1261435399306,168.2723114043192,976.3184735921564,1635.9338134877048,1013.0,1206.1261435399306,876.3184735921564,1535.9338134877048,193.12614353993058,"MATR_b2c20,MATR_b1c26,MATR_b2c2,MATR_b2c43,MATR_b3c26,MATR_b1c43,MATR_b3c33,MATR_b4c1,MATR_b3c29,MATR_b3c18,MATR_b4c15,MATR_b3c1",False,False,0.95
100,MATR_b3c30,933.0,1679.7423478419814,250.70507369358262,1188.3694326610994,2171.1152630228635,833.0,1579.7423478419814,1088.3694326610994,2071.1152630228635,746.7423478419814,"MATR_b2c20,MATR_b1c26,MATR_b2c2,MATR_b2c43,MATR_b3c26,MATR_b1c43,MATR_b3c33,MATR_b4c1,MATR_b3c29,MATR_b3c18,MATR_b4c15,MATR_b3c1",False,False,0.95
100,MATR_b3c44,938.0,935.6554465242411,135.68444876908612,669.7188136746623,1201.59207937382,838.0,835.6554465242411,569.7188136746623,1101.59207937382,2.3445534757588575,"MATR_b2c20,MATR_b1c26,MATR_b2c2,MATR_b2c43,MATR_b3c26,MATR_b1c43,MATR_b3c33,MATR_b4c1,MATR_b3c29,MATR_b3c18,MATR_b4c15,MATR_b3c1",False,False,0.95
100,MATR_b3c45,1799.0,1686.287182744445,259.2018387318189,1178.260914103521,2194.3134513853693,1699.0,1586.287182744445,1078.260914103521,2094.3134513853693,112.71281725555491,"MATR_b2c20,MATR_b1c26,MATR_b2c2,MATR_b2c43,MATR_b3c26,MATR_b1c43,MATR_b3c33,MATR_b4c1,MATR_b3c29,MATR_b3c18,MATR_b4c15,MATR_b3c1",False,False,0.95
100,MATR_b4c10,872.0,1047.0454478988233,122.15011855316288,807.6356148273263,1286.4552809703205,772.0,947.0454478988233,707.6356148273263,1186.4552809703205,175.04544789882334,"MATR_b2c20,MATR_b1c26,MATR_b2c2,MATR_b2c43,MATR_b3c26,MATR_b1c43,MATR_b3c33,MATR_b4c1,MATR_b3c29,MATR_b3c18,MATR_b4c15,MATR_b3c1",False,False,0.95
100,MATR_b4c13,771.0,951.2643608019448,125.22947715358984,705.8190957781272,1196.7096258257623,671.0,851.2643608019448,605.8190957781272,1096.7096258257623,180.2643608019448,"MATR_b2c20,MATR_b1c26,MATR_b2c2,MATR_b2c43,MATR_b3c26,MATR_b1c43,MATR_b3c33,MATR_b4c1,MATR_b3c29,MATR_b3c18,MATR_b4c15,MATR_b3c1",False,False,0.95
100,MATR_b4c16,909.0,797.5219742090196,112.929482107871,576.1842564848321,1018.8596919332072,809.0,697.5219742090196,476.1842564848321,918.8596919332072,111.47802579098038,"MATR_b2c20,MATR_b1c26,MATR_b2c2,MATR_b2c43,MATR_b3c26,MATR_b1c43,MATR_b3c33,MATR_b4c1,MATR_b3c29,MATR_b3c18,MATR_b4c15,MATR_b3c1",False,False,0.95
100,MATR_b4c18,906.0,908.1713840860749,149.2547454984005,615.6374583875182,1200.7053097846315,806.0,808.1713840860749,515.6374583875182,1100.7053097846315,2.1713840860749087,"MATR_b2c20,MATR_b1c26,MATR_b2c2,MATR_b2c43,MATR_b3c26,MATR_b1c43,MATR_b3c33,MATR_b4c1,MATR_b3c29,MATR_b3c18,MATR_b4c15,MATR_b3c1",False,False,0.95
100,MATR_b4c25,453.0,430.8463168547558,45.62779142554093,341.4174889665901,520.2751447429215,353.0,330.8463168547558,241.4174889665901,420.2751447429215,22.1536831452442,"MATR_b2c20,MATR_b1c26,MATR_b2c2,MATR_b2c43,MATR_b3c26,MATR_b1c43,MATR_b3c33,MATR_b4c1,MATR_b3c29,MATR_b3c18,MATR_b4c15,MATR_b3c1",False,False,0.95
100,MATR_b4c29,887.0,1423.5146272405373,201.79800562456577,1027.9978040643773,1819.0314504166972,787.0,1323.5146272405373,927.9978040643773,1719.0314504166972,536.5146272405373,"MATR_b2c20,MATR_b1c26,MATR_b2c2,MATR_b2c43,MATR_b3c26,MATR_b1c43,MATR_b3c33,MATR_b4c1,MATR_b3c29,MATR_b3c18,MATR_b4c15,MATR_b3c1",False,False,0.95
100,MATR_b4c33,505.0,459.52742704801926,44.942869352418164,371.4410217553907,547.6138323406478,405.0,359.52742704801926,271.4410217553907,447.61383234064783,45.47257295198074,"MATR_b2c20,MATR_b1c26,MATR_b2c2,MATR_b2c43,MATR_b3c26,MATR_b1c43,MATR_b3c33,MATR_b4c1,MATR_b3c29,MATR_b3c18,MATR_b4c15,MATR_b3c1",False,False,0.95
100,MATR_b4c37,863.0,828.8651940002408,116.23403286751412,601.0506758020682,1056.6797121984132,763.0,728.8651940002408,501.0506758020682,956.6797121984132,34.13480599975924,"MATR_b2c20,MATR_b1c26,MATR_b2c2,MATR_b2c43,MATR_b3c26,MATR_b1c43,MATR_b3c33,MATR_b4c1,MATR_b3c29,MATR_b3c18,MATR_b4c15,MATR_b3c1",False,False,0.95
100,MATR_b4c4,656.0,683.4752277809488,92.75067956004429,501.68723630164664,865.2632192602509,556.0,583.4752277809488,401.68723630164664,765.2632192602509,27.475227780948785,"MATR_b2c20,MATR_b1c26,MATR_b2c2,MATR_b2c43,MATR_b3c26,MATR_b1c43,MATR_b3c33,MATR_b4c1,MATR_b3c29,MATR_b3c18,MATR_b4c15,MATR_b3c1",False,False,0.95
100,MATR_b4c9,442.0,466.61927066110746,46.71406905340222,375.06137774512206,558.1771635770929,342.0,366.61927066110746,275.06137774512206,458.17716357709287,24.619270661107464,"MATR_b2c20,MATR_b1c26,MATR_b2c2,MATR_b2c43,MATR_b3c26,MATR_b1c43,MATR_b3c33,MATR_b4c1,MATR_b3c29,MATR_b3c18,MATR_b4c15,MATR_b3c1",False,False,0.95
120,MATR_b1c1,2154.0,1725.4511416227533,244.18194301931536,1246.8633276298838,2204.038955615623,2034.0,1605.4511416227533,1126.8633276298838,2084.038955615623,428.5488583772467,"MATR_b2c20,MATR_b4c20,MATR_b2c0,MATR_b4c2,MATR_b4c24,MATR_b2c11,MATR_b3c9,MATR_b2c47,MATR_b4c39,MATR_b2c12,MATR_b3c38,MATR_b1c41",False,False,0.95
120,MATR_b1c20,533.0,478.1579428511172,42.68295759987651,394.50088320170903,561.8150025005253,413.0,358.1579428511172,274.50088320170903,441.81500250052534,54.842057148882816,"MATR_b2c20,MATR_b4c20,MATR_b2c0,MATR_b4c2,MATR_b4c24,MATR_b2c11,MATR_b3c9,MATR_b2c47,MATR_b4c39,MATR_b2c12,MATR_b3c38,MATR_b1c41",False,False,0.95
120,MATR_b1c21,557.0,532.4857843623174,57.37188541574956,420.03895522228953,644.9326135023454,437.0,412.4857843623174,300.03895522228953,524.9326135023454,24.514215637682582,"MATR_b2c20,MATR_b4c20,MATR_b2c0,MATR_b4c2,MATR_b4c24,MATR_b2c11,MATR_b3c9,MATR_b2c47,MATR_b4c39,MATR_b2c12,MATR_b3c38,MATR_b1c41",False,False,0.95
120,MATR_b1c28,858.0,766.6455669117394,91.21565363254273,587.8661709656756,945.4249628578032,738.0,646.6455669117394,467.86617096567556,825.4249628578032,91.35443308826063,"MATR_b2c20,MATR_b4c20,MATR_b2c0,MATR_b4c2,MATR_b4c24,MATR_b2c11,MATR_b3c9,MATR_b2c47,MATR_b4c39,MATR_b2c12,MATR_b3c38,MATR_b1c41",False,False,0.95
120,MATR_b1c39,622.0,591.1719799355011,63.83019262247065,466.0671012692044,716.2768586017978,502.0,471.1719799355011,346.0671012692044,596.2768586017978,30.8280200644989,"MATR_b2c20,MATR_b4c20,MATR_b2c0,MATR_b4c2,MATR_b4c24,MATR_b2c11,MATR_b3c9,MATR_b2c47,MATR_b4c39,MATR_b2c12,MATR_b3c38,MATR_b1c41",False,False,0.95
120,MATR_b1c7,869.0,963.7828657981989,123.12314828390265,722.4659294985652,1205.0998020978327,749.0,843.7828657981989,602.4659294985652,1085.0998020978327,94.78286579819894,"MATR_b2c20,MATR_b4c20,MATR_b2c0,MATR_b4c2,MATR_b4c24,MATR_b2c11,MATR_b3c9,MATR_b2c47,MATR_b4c39,MATR_b2c12,MATR_b3c38,MATR_b1c41",False,False,0.95
120,MATR_b1c9,1052.0,940.6905166653534,111.92534643672118,721.3208686922114,1160.0601646384953,932.0,820.6905166653534,601.3208686922114,1040.0601646384953,111.30948333464664,"MATR_b2c20,MATR_b4c20,MATR_b2c0,MATR_b4c2,MATR_b4c24,MATR_b2c11,MATR_b3c9,MATR_b2c47,MATR_b4c39,MATR_b2c12,MATR_b3c38,MATR_b1c41",False,False,0.95
120,MATR_b2c1,147.0,755.5397792507612,76.57191274203915,605.4615880490209,905.6179704525015,27.0,635.5397792507612,485.46158804902086,785.6179704525015,608.5397792507612,"MATR_b2c20,MATR_b4c20,MATR_b2c0,MATR_b4c2,MATR_b4c24,MATR_b2c11,MATR_b3c9,MATR_b2c47,MATR_b4c39,MATR_b2c12,MATR_b3c38,MATR_b1c41",False,False,0.95
120,MATR_b2c10,560.0,545.3623486903969,52.30529061701661,442.8458628801435,647.8788345006502,440.0,425.36234869039686,322.8458628801435,527.8788345006502,14.637651309603143,"MATR_b2c20,MATR_b4c20,MATR_b2c0,MATR_b4c2,MATR_b4c24,MATR_b2c11,MATR_b3c9,MATR_b2c47,MATR_b4c39,MATR_b2c12,MATR_b3c38,MATR_b1c41",False,False,0.95
120,MATR_b2c21,488.0,459.8091158139641,44.59707800319701,372.4004491119745,547.2177825159537,368.0,339.8091158139641,252.40044911197452,427.2177825159537,28.190884186035873,"MATR_b2c20,MATR_b4c20,MATR_b2c0,MATR_b4c2,MATR_b4c24,MATR_b2c11,MATR_b3c9,MATR_b2c47,MATR_b4c39,MATR_b2c12,MATR_b3c38,MATR_b1c41",False,False,0.95
120,MATR_b2c23,526.0,437.12514114497543,40.684398770194505,357.38518482272855,516.8650974672223,406.0,317.12514114497543,237.38518482272855,396.8650974672223,88.87485885502457,"MATR_b2c20,MATR_b4c20,MATR_b2c0,MATR_b4c2,MATR_b4c24,MATR_b2c11,MATR_b3c9,MATR_b2c47,MATR_b4c39,MATR_b2c12,MATR_b3c38,MATR_b1c41",False,False,0.95
120,MATR_b2c25,460.0,428.73014597228274,36.34489129936164,357.4954680035108,499.9648239410547,340.0,308.73014597228274,237.49546800351078,379.9648239410547,31.26985402771726,"MATR_b2c20,MATR_b4c20,MATR_b2c0,MATR_b4c2,MATR_b4c24,MATR_b2c11,MATR_b3c9,MATR_b2c47,MATR_b4c39,MATR_b2c12,MATR_b3c38,MATR_b1c41",False,False,0.95
120,MATR_b2c29,497.0,636.4829837328332,71.58718363299211,496.17468205751345,776.7912854081529,377.0,516.4829837328332,376.17468205751345,656.7912854081529,139.4829837328332,"MATR_b2c20,MATR_b4c20,MATR_b2c0,MATR_b4c2,MATR_b4c24,MATR_b2c11,MATR_b3c9,MATR_b2c47,MATR_b4c39,MATR_b2c12,MATR_b3c38,MATR_b1c41",False,False,0.95
120,MATR_b2c30,480.0,584.8438247145284,59.70937208573626,467.81560588698414,701.8720435420727,360.0,464.8438247145284,347.81560588698414,581.8720435420727,104.84382471452841,"MATR_b2c20,MATR_b4c20,MATR_b2c0,MATR_b4c2,MATR_b4c24,MATR_b2c11,MATR_b3c9,MATR_b2c47,MATR_b4c39,MATR_b2c12,MATR_b3c38,MATR_b1c41",False,False,0.95
120,MATR_b2c36,534.0,636.4844859347847,68.81938085397725,501.60097802264403,771.3679938469254,414.0,516.4844859347847,381.60097802264403,651.3679938469254,102.48448593478474,"MATR_b2c20,MATR_b4c20,MATR_b2c0,MATR_b4c2,MATR_b4c24,MATR_b2c11,MATR_b3c9,MATR_b2c47,MATR_b4c39,MATR_b2c12,MATR_b3c38,MATR_b1c41",False,False,0.95
120,MATR_b2c40,498.0,510.75760726834875,54.38804182274048,404.15900410611926,617.3562104305782,378.0,390.75760726834875,284.15900410611926,497.35621043057824,12.75760726834875,"MATR_b2c20,MATR_b4c20,MATR_b2c0,MATR_b4c2,MATR_b4c24,MATR_b2c11,MATR_b3c9,MATR_b2c47,MATR_b4c39,MATR_b2c12,MATR_b3c38,MATR_b1c41",False,False,0.95
120,MATR_b2c42,465.0,487.9882142883922,48.62946287504369,392.67621846577896,583.3002101110054,345.0,367.9882142883922,272.67621846577896,463.3002101110054,22.988214288392214,"MATR_b2c20,MATR_b4c20,MATR_b2c0,MATR_b4c2,MATR_b4c24,MATR_b2c11,MATR_b3c9,MATR_b2c47,MATR_b4c39,MATR_b2c12,MATR_b3c38,MATR_b1c41",False,False,0.95
120,MATR_b2c46,428.0,401.8687721430578,38.319419214491504,326.76409057416237,476.97345371195325,308.0,281.8687721430578,206.76409057416237,356.97345371195325,26.13122785694219,"MATR_b2c20,MATR_b4c20,MATR_b2c0,MATR_b4c2,MATR_b4c24,MATR_b2c11,MATR_b3c9,MATR_b2c47,MATR_b4c39,MATR_b2c12,MATR_b3c38,MATR_b1c41",False,False,0.95
120,MATR_b3c19,1152.0,1781.4168321950337,237.1433153420272,1316.6244749502357,2246.209189439832,1032.0,1661.4168321950337,1196.6244749502357,2126.209189439832,629.4168321950337,"MATR_b2c20,MATR_b4c20,MATR_b2c0,MATR_b4c2,MATR_b4c24,MATR_b2c11,MATR_b3c9,MATR_b2c47,MATR_b4c39,MATR_b2c12,MATR_b3c38,MATR_b1c41",False,False,0.95
120,MATR_b3c20,811.0,943.1511579953316,104.32833993403727,738.6713691577667,1147.6309468328964,691.0,823.1511579953316,618.6713691577667,1027.6309468328964,132.15115799533157,"MATR_b2c20,MATR_b4c20,MATR_b2c0,MATR_b4c2,MATR_b4c24,MATR_b2c11,MATR_b3c9,MATR_b2c47,MATR_b4c39,MATR_b2c12,MATR_b3c38,MATR_b1c41",False,False,0.95
120,MATR_b3c3,1113.0,1197.2941330884612,131.13813816292648,940.2681052894877,1454.3201608874347,993.0,1077.2941330884612,820.2681052894877,1334.3201608874347,84.2941330884612,"MATR_b2c20,MATR_b4c20,MATR_b2c0,MATR_b4c2,MATR_b4c24,MATR_b2c11,MATR_b3c9,MATR_b2c47,MATR_b4c39,MATR_b2c12,MATR_b3c38,MATR_b1c41",False,False,0.95
120,MATR_b3c30,933.0,1712.6858783725997,217.60127375475665,1286.1952188232358,2139.1765379219637,813.0,1592.6858783725997,1166.1952188232358,2019.1765379219637,779.6858783725997,"MATR_b2c20,MATR_b4c20,MATR_b2c0,MATR_b4c2,MATR_b4c24,MATR_b2c11,MATR_b3c9,MATR_b2c47,MATR_b4c39,MATR_b2c12,MATR_b3c38,MATR_b1c41",False,False,0.95
120,MATR_b3c44,938.0,979.6833281213225,122.43861039461231,739.7080614307508,1219.658594811894,818.0,859.6833281213225,619.7080614307508,1099.658594811894,41.68332812132246,"MATR_b2c20,MATR_b4c20,MATR_b2c0,MATR_b4c2,MATR_b4c24,MATR_b2c11,MATR_b3c9,MATR_b2c47,MATR_b4c39,MATR_b2c12,MATR_b3c38,MATR_b1c41",False,False,0.95
120,MATR_b3c45,1799.0,1794.9365806920139,245.0572778231386,1314.6331420092363,2275.2400193747917,1679.0,1674.9365806920139,1194.6331420092363,2155.2400193747917,4.063419307986123,"MATR_b2c20,MATR_b4c20,MATR_b2c0,MATR_b4c2,MATR_b4c24,MATR_b2c11,MATR_b3c9,MATR_b2c47,MATR_b4c39,MATR_b2c12,MATR_b3c38,MATR_b1c41",False,False,0.95
120,MATR_b4c10,872.0,936.2767710647437,99.20887884995851,741.8309415722275,1130.7226005572597,752.0,816.2767710647437,621.8309415722275,1010.7226005572597,64.27677106474368,"MATR_b2c20,MATR_b4c20,MATR_b2c0,MATR_b4c2,MATR_b4c24,MATR_b2c11,MATR_b3c9,MATR_b2c47,MATR_b4c39,MATR_b2c12,MATR_b3c38,MATR_b1c41",False,False,0.95
120,MATR_b4c13,771.0,893.5305871660626,100.9796986837824,695.6140145761424,1091.4471597559827,651.0,773.5305871660626,575.6140145761424,971.4471597559827,122.53058716606256,"MATR_b2c20,MATR_b4c20,MATR_b2c0,MATR_b4c2,MATR_b4c24,MATR_b2c11,MATR_b3c9,MATR_b2c47,MATR_b4c39,MATR_b2c12,MATR_b3c38,MATR_b1c41",False,False,0.95
120,MATR_b4c16,909.0,785.825592937045,102.42747603127177,585.0714288884128,986.5797569856772,789.0,665.825592937045,465.0714288884128,866.5797569856772,123.17440706295497,"MATR_b2c20,MATR_b4c20,MATR_b2c0,MATR_b4c2,MATR_b4c24,MATR_b2c11,MATR_b3c9,MATR_b2c47,MATR_b4c39,MATR_b2c12,MATR_b3c38,MATR_b1c41",False,False,0.95
120,MATR_b4c18,906.0,902.7889513270336,134.24331046355493,639.676897653037,1165.9010050010302,786.0,782.7889513270336,519.676897653037,1045.9010050010302,3.211048672966399,"MATR_b2c20,MATR_b4c20,MATR_b2c0,MATR_b4c2,MATR_b4c24,MATR_b2c11,MATR_b3c9,MATR_b2c47,MATR_b4c39,MATR_b2c12,MATR_b3c38,MATR_b1c41",False,False,0.95
120,MATR_b4c25,453.0,413.5249959524467,37.86878452906727,339.3035421371673,487.7464497677261,333.0,293.5249959524467,219.3035421371673,367.7464497677261,39.475004047553284,"MATR_b2c20,MATR_b4c20,MATR_b2c0,MATR_b4c2,MATR_b4c24,MATR_b2c11,MATR_b3c9,MATR_b2c47,MATR_b4c39,MATR_b2c12,MATR_b3c38,MATR_b1c41",False,False,0.95
120,MATR_b4c29,887.0,1341.4306866044317,155.97131489063267,1035.7325267974359,1647.1288464114275,767.0,1221.4306866044317,915.7325267974359,1527.1288464114275,454.4306866044317,"MATR_b2c20,MATR_b4c20,MATR_b2c0,MATR_b4c2,MATR_b4c24,MATR_b2c11,MATR_b3c9,MATR_b2c47,MATR_b4c39,MATR_b2c12,MATR_b3c38,MATR_b1c41",False,False,0.95
120,MATR_b4c33,505.0,442.44511165620474,38.286772222079456,367.4044170166404,517.4858062957691,385.0,322.44511165620474,247.40441701664042,397.48580629576907,62.554888343795255,"MATR_b2c20,MATR_b4c20,MATR_b2c0,MATR_b4c2,MATR_b4c24,MATR_b2c11,MATR_b3c9,MATR_b2c47,MATR_b4c39,MATR_b2c12,MATR_b3c38,MATR_b1c41",False,False,0.95
120,MATR_b4c37,863.0,831.498767696544,102.25717467669816,631.0783881693944,1031.9191472236935,743.0,711.498767696544,511.07838816939443,911.9191472236935,31.50123230345605,"MATR_b2c20,MATR_b4c20,MATR_b2c0,MATR_b4c2,MATR_b4c24,MATR_b2c11,MATR_b3c9,MATR_b2c47,MATR_b4c39,MATR_b2c12,MATR_b3c38,MATR_b1c41",False,False,0.95
120,MATR_b4c4,656.0,671.7049143233448,78.87048029479895,517.121613502163,826.2882151445267,536.0,551.7049143233448,397.121613502163,706.2882151445267,15.704914323344838,"MATR_b2c20,MATR_b4c20,MATR_b2c0,MATR_b4c2,MATR_b4c24,MATR_b2c11,MATR_b3c9,MATR_b2c47,MATR_b4c39,MATR_b2c12,MATR_b3c38,MATR_b1c41",False,False,0.95
120,MATR_b4c9,442.0,455.85690881294397,41.05194183100687,375.3965813287372,536.3172362971507,322.0,335.85690881294397,255.39658132873723,416.31723629715066,13.85690881294397,"MATR_b2c20,MATR_b4c20,MATR_b2c0,MATR_b4c2,MATR_b4c24,MATR_b2c11,MATR_b3c9,MATR_b2c47,MATR_b4c39,MATR_b2c12,MATR_b3c38,MATR_b1c41",False,False,0.95
140,MATR_b1c1,2154.0,1788.8776994875248,249.43887284864786,1299.986492359909,2277.7689066151406,2014.0,1648.8776994875248,1159.986492359909,2137.7689066151406,365.12230051247525,"MATR_b3c34,MATR_b3c26,MATR_b4c31,MATR_b1c16,MATR_b2c47,MATR_b3c39,MATR_b1c30,MATR_b2c39,MATR_b4c20,MATR_b2c32,MATR_b2c11,MATR_b2c0",False,False,0.95
140,MATR_b1c20,533.0,485.8710419379515,36.8274995763231,413.6904691276941,558.0516147482089,393.0,345.8710419379515,273.6904691276941,418.05161474820886,47.128958062048525,"MATR_b3c34,MATR_b3c26,MATR_b4c31,MATR_b1c16,MATR_b2c47,MATR_b3c39,MATR_b1c30,MATR_b2c39,MATR_b4c20,MATR_b2c32,MATR_b2c11,MATR_b2c0",False,False,0.95
140,MATR_b1c21,557.0,529.9323691118157,50.385088022461346,431.179411229911,628.6853269937203,417.0,389.93236911181566,291.179411229911,488.6853269937203,27.06763088818434,"MATR_b3c34,MATR_b3c26,MATR_b4c31,MATR_b1c16,MATR_b2c47,MATR_b3c39,MATR_b1c30,MATR_b2c39,MATR_b4c20,MATR_b2c32,MATR_b2c11,MATR_b2c0",False,False,0.95
140,MATR_b1c28,858.0,777.8298025371301,82.97329599147639,615.2051307152549,940.4544743590054,718.0,637.8298025371301,475.2051307152549,800.4544743590054,80.17019746286985,"MATR_b3c34,MATR_b3c26,MATR_b4c31,MATR_b1c16,MATR_b2c47,MATR_b3c39,MATR_b1c30,MATR_b2c39,MATR_b4c20,MATR_b2c32,MATR_b2c11,MATR_b2c0",False,False,0.95
140,MATR_b1c39,622.0,589.1291406816272,56.19222953324627,478.9943945854566,699.2638867777978,482.0,449.1291406816272,338.9943945854566,559.2638867777978,32.87085931837282,"MATR_b3c34,MATR_b3c26,MATR_b4c31,MATR_b1c16,MATR_b2c47,MATR_b3c39,MATR_b1c30,MATR_b2c39,MATR_b4c20,MATR_b2c32,MATR_b2c11,MATR_b2c0",False,False,0.95
140,MATR_b1c7,869.0,931.5905053101002,105.31149657793301,725.1837648593383,1137.997245760862,729.0,791.5905053101002,585.1837648593383,997.9972457608619,62.590505310100184,"MATR_b3c34,MATR_b3c26,MATR_b4c31,MATR_b1c16,MATR_b2c47,MATR_b3c39,MATR_b1c30,MATR_b2c39,MATR_b4c20,MATR_b2c32,MATR_b2c11,MATR_b2c0",False,False,0.95
140,MATR_b1c9,1052.0,993.8701060848474,106.03832058882435,786.0388167496396,1201.7013954200552,912.0,853.8701060848474,646.0388167496396,1061.7013954200552,58.12989391515259,"MATR_b3c34,MATR_b3c26,MATR_b4c31,MATR_b1c16,MATR_b2c47,MATR_b3c39,MATR_b1c30,MATR_b2c39,MATR_b4c20,MATR_b2c32,MATR_b2c11,MATR_b2c0",False,False,0.95
140,MATR_b2c1,147.0,847.9921594899483,95.97188401141133,659.8907232991266,1036.09359568077,7.0,707.9921594899483,519.8907232991266,896.09359568077,700.9921594899483,"MATR_b3c34,MATR_b3c26,MATR_b4c31,MATR_b1c16,MATR_b2c47,MATR_b3c39,MATR_b1c30,MATR_b2c39,MATR_b4c20,MATR_b2c32,MATR_b2c11,MATR_b2c0",False,False,0.95
140,MATR_b2c10,560.0,508.65048413096304,40.63506783944151,429.00721465631585,588.2937536056102,420.0,368.65048413096304,289.00721465631585,448.29375360561016,51.34951586903696,"MATR_b3c34,MATR_b3c26,MATR_b4c31,MATR_b1c16,MATR_b2c47,MATR_b3c39,MATR_b1c30,MATR_b2c39,MATR_b4c20,MATR_b2c32,MATR_b2c11,MATR_b2c0",False,False,0.95
140,MATR_b2c21,488.0,458.14236231533386,39.06674310201445,381.57295284210693,534.7117717885608,348.0,318.14236231533386,241.57295284210693,394.7117717885608,29.857637684666145,"MATR_b3c34,MATR_b3c26,MATR_b4c31,MATR_b1c16,MATR_b2c47,MATR_b3c39,MATR_b1c30,MATR_b2c39,MATR_b4c20,MATR_b2c32,MATR_b2c11,MATR_b2c0",False,False,0.95
140,MATR_b2c23,526.0,429.00430646178086,34.87879831141158,360.64311794737773,497.365494976184,386.0,289.00430646178086,220.64311794737773,357.365494976184,96.99569353821914,"MATR_b3c34,MATR_b3c26,MATR_b4c31,MATR_b1c16,MATR_b2c47,MATR_b3c39,MATR_b1c30,MATR_b2c39,MATR_b4c20,MATR_b2c32,MATR_b2c11,MATR_b2c0",False,False,0.95
140,MATR_b2c25,460.0,419.76548819286876,31.434730545520466,358.1545484599275,481.37642792581,320.0,279.76548819286876,218.15454845992753,341.37642792581,40.23451180713124,"MATR_b3c34,MATR_b3c26,MATR_b4c31,MATR_b1c16,MATR_b2c47,MATR_b3c39,MATR_b1c30,MATR_b2c39,MATR_b4c20,MATR_b2c32,MATR_b2c11,MATR_b2c0",False,False,0.95
140,MATR_b2c29,497.0,615.9207225535181,58.242506413449064,501.7675076138148,730.0739374932214,357.0,475.9207225535181,361.7675076138148,590.0739374932214,118.92072255351809,"MATR_b3c34,MATR_b3c26,MATR_b4c31,MATR_b1c16,MATR_b2c47,MATR_b3c39,MATR_b1c30,MATR_b2c39,MATR_b4c20,MATR_b2c32,MATR_b2c11,MATR_b2c0",False,False,0.95
140,MATR_b2c30,480.0,556.6463372162109,46.610304885267766,465.29181833265477,648.000856099767,340.0,416.6463372162109,325.29181833265477,508.000856099767,76.6463372162109,"MATR_b3c34,MATR_b3c26,MATR_b4c31,MATR_b1c16,MATR_b2c47,MATR_b3c39,MATR_b1c30,MATR_b2c39,MATR_b4c20,MATR_b2c32,MATR_b2c11,MATR_b2c0",False,False,0.95
140,MATR_b2c36,534.0,610.4613407945114,58.30913425000599,496.1775376947888,724.745143894234,394.0,470.46134079451144,356.1775376947888,584.745143894234,76.46134079451144,"MATR_b3c34,MATR_b3c26,MATR_b4c31,MATR_b1c16,MATR_b2c47,MATR_b3c39,MATR_b1c30,MATR_b2c39,MATR_b4c20,MATR_b2c32,MATR_b2c11,MATR_b2c0",False,False,0.95
140,MATR_b2c40,498.0,508.1163391037163,45.826384250201606,418.29827643162764,597.934401775805,358.0,368.1163391037163,278.29827643162764,457.934401775805,10.116339103716314,"MATR_b3c34,MATR_b3c26,MATR_b4c31,MATR_b1c16,MATR_b2c47,MATR_b3c39,MATR_b1c30,MATR_b2c39,MATR_b4c20,MATR_b2c32,MATR_b2c11,MATR_b2c0",False,False,0.95
140,MATR_b2c42,465.0,485.4715598189801,42.647198286754545,401.8845871354029,569.0585325025572,325.0,345.4715598189801,261.8845871354029,429.0585325025572,20.471559818980097,"MATR_b3c34,MATR_b3c26,MATR_b4c31,MATR_b1c16,MATR_b2c47,MATR_b3c39,MATR_b1c30,MATR_b2c39,MATR_b4c20,MATR_b2c32,MATR_b2c11,MATR_b2c0",False,False,0.95
140,MATR_b2c46,428.0,403.22520870521873,33.67816340165422,337.2172213725215,469.23319603791595,288.0,263.22520870521873,197.21722137252152,329.23319603791595,24.774791294781267,"MATR_b3c34,MATR_b3c26,MATR_b4c31,MATR_b1c16,MATR_b2c47,MATR_b3c39,MATR_b1c30,MATR_b2c39,MATR_b4c20,MATR_b2c32,MATR_b2c11,MATR_b2c0",False,False,0.95
140,MATR_b3c19,1152.0,1796.620428212851,228.9493389638135,1347.8879695595238,2245.3528868661783,1012.0,1656.620428212851,1207.8879695595238,2105.3528868661783,644.620428212851,"MATR_b3c34,MATR_b3c26,MATR_b4c31,MATR_b1c16,MATR_b2c47,MATR_b3c39,MATR_b1c30,MATR_b2c39,MATR_b4c20,MATR_b2c32,MATR_b2c11,MATR_b2c0",False,False,0.95
140,MATR_b3c20,811.0,908.8540744396317,89.07811522231088,734.2641767931933,1083.44397208607,671.0,768.8540744396317,594.2641767931933,943.4439720860701,97.85407443963175,"MATR_b3c34,MATR_b3c26,MATR_b4c31,MATR_b1c16,MATR_b2c47,MATR_b3c39,MATR_b1c30,MATR_b2c39,MATR_b4c20,MATR_b2c32,MATR_b2c11,MATR_b2c0",False,False,0.95
140,MATR_b3c3,1113.0,1242.5408357355923,126.56388142046171,994.4801864078893,1490.6014850632953,973.0,1102.5408357355923,854.4801864078893,1350.6014850632953,129.54083573559228,"MATR_b3c34,MATR_b3c26,MATR_b4c31,MATR_b1c16,MATR_b2c47,MATR_b3c39,MATR_b1c30,MATR_b2c39,MATR_b4c20,MATR_b2c32,MATR_b2c11,MATR_b2c0",False,False,0.95
140,MATR_b3c30,933.0,1668.1772576176518,198.27901985301457,1279.5575198158408,2056.7969954194627,793.0,1528.1772576176518,1139.5575198158408,1916.7969954194627,735.1772576176518,"MATR_b3c34,MATR_b3c26,MATR_b4c31,MATR_b1c16,MATR_b2c47,MATR_b3c39,MATR_b1c30,MATR_b2c39,MATR_b4c20,MATR_b2c32,MATR_b2c11,MATR_b2c0",False,False,0.95
140,MATR_b3c44,938.0,991.5057092799015,113.81068758598758,768.440860555626,1214.570558004177,798.0,851.5057092799015,628.440860555626,1074.570558004177,53.50570927990145,"MATR_b3c34,MATR_b3c26,MATR_b4c31,MATR_b1c16,MATR_b2c47,MATR_b3c39,MATR_b1c30,MATR_b2c39,MATR_b4c20,MATR_b2c32,MATR_b2c11,MATR_b2c0",False,False,0.95
140,MATR_b3c45,1799.0,1798.670122342297,239.55032633566702,1329.160110239573,2268.180134445021,1659.0,1658.670122342297,1189.160110239573,2128.180134445021,0.3298776577030367,"MATR_b3c34,MATR_b3c26,MATR_b4c31,MATR_b1c16,MATR_b2c47,MATR_b3c39,MATR_b1c30,MATR_b2c39,MATR_b4c20,MATR_b2c32,MATR_b2c11,MATR_b2c0",False,False,0.95
140,MATR_b4c10,872.0,915.2504071825078,87.08708466907561,744.5628577125294,1085.9379566524863,732.0,775.2504071825078,604.5628577125294,945.9379566524863,43.25040718250784,"MATR_b3c34,MATR_b3c26,MATR_b4c31,MATR_b1c16,MATR_b2c47,MATR_b3c39,MATR_b1c30,MATR_b2c39,MATR_b4c20,MATR_b2c32,MATR_b2c11,MATR_b2c0",False,False,0.95
140,MATR_b4c13,771.0,877.9342516713667,88.69130685313742,704.102484497427,1051.7660188453065,631.0,737.9342516713667,564.102484497427,911.7660188453065,106.93425167136672,"MATR_b3c34,MATR_b3c26,MATR_b4c31,MATR_b1c16,MATR_b2c47,MATR_b3c39,MATR_b1c30,MATR_b2c39,MATR_b4c20,MATR_b2c32,MATR_b2c11,MATR_b2c0",False,False,0.95
140,MATR_b4c16,909.0,776.9971261678916,92.58034367209248,595.5429868942497,958.4512654415335,769.0,636.9971261678916,455.5429868942497,818.4512654415335,132.00287383210843,"MATR_b3c34,MATR_b3c26,MATR_b4c31,MATR_b1c16,MATR_b2c47,MATR_b3c39,MATR_b1c30,MATR_b2c39,MATR_b4c20,MATR_b2c32,MATR_b2c11,MATR_b2c0",False,False,0.95
140,MATR_b4c18,906.0,911.2388459377133,127.65271020163723,661.0441314135757,1161.433560461851,766.0,771.2388459377133,521.0441314135757,1021.4335604618509,5.238845937713336,"MATR_b3c34,MATR_b3c26,MATR_b4c31,MATR_b1c16,MATR_b2c47,MATR_b3c39,MATR_b1c30,MATR_b2c39,MATR_b4c20,MATR_b2c32,MATR_b2c11,MATR_b2c0",False,False,0.95
140,MATR_b4c25,453.0,409.3679369519679,32.355910567235064,345.95151755318824,472.7843563507476,313.0,269.3679369519679,205.95151755318824,332.7843563507476,43.63206304803208,"MATR_b3c34,MATR_b3c26,MATR_b4c31,MATR_b1c16,MATR_b2c47,MATR_b3c39,MATR_b1c30,MATR_b2c39,MATR_b4c20,MATR_b2c32,MATR_b2c11,MATR_b2c0",False,False,0.95
140,MATR_b4c29,887.0,1353.2889652096453,148.4384800379815,1062.354890415334,1644.2230400039566,747.0,1213.2889652096453,922.354890415334,1504.2230400039566,466.2889652096453,"MATR_b3c34,MATR_b3c26,MATR_b4c31,MATR_b1c16,MATR_b2c47,MATR_b3c39,MATR_b1c30,MATR_b2c39,MATR_b4c20,MATR_b2c32,MATR_b2c11,MATR_b2c0",False,False,0.95
140,MATR_b4c33,505.0,428.5620374872246,32.93979013409245,364.0012351660956,493.12283980835355,365.0,288.5620374872246,224.00123516609563,353.12283980835355,76.43796251277541,"MATR_b3c34,MATR_b3c26,MATR_b4c31,MATR_b1c16,MATR_b2c47,MATR_b3c39,MATR_b1c30,MATR_b2c39,MATR_b4c20,MATR_b2c32,MATR_b2c11,MATR_b2c0",False,False,0.95
140,MATR_b4c37,863.0,828.4411521743637,90.80009622602108,650.4762337785911,1006.4060705701362,723.0,688.4411521743637,510.4762337785911,866.4060705701362,34.55884782563635,"MATR_b3c34,MATR_b3c26,MATR_b4c31,MATR_b1c16,MATR_b2c47,MATR_b3c39,MATR_b1c30,MATR_b2c39,MATR_b4c20,MATR_b2c32,MATR_b2c11,MATR_b2c0",False,False,0.95
140,MATR_b4c4,656.0,646.7005815399547,65.25204835295163,518.8089168507033,774.592246229206,516.0,506.70058153995467,378.8089168507033,634.592246229206,9.299418460045331,"MATR_b3c34,MATR_b3c26,MATR_b4c31,MATR_b1c16,MATR_b2c47,MATR_b3c39,MATR_b1c30,MATR_b2c39,MATR_b4c20,MATR_b2c32,MATR_b2c11,MATR_b2c0",False,False,0.95
140,MATR_b4c9,442.0,430.8293609660616,33.51767600149669,365.1359231576456,496.52279877447756,302.0,290.8293609660616,225.1359231576456,356.52279877447756,11.170639033938414,"MATR_b3c34,MATR_b3c26,MATR_b4c31,MATR_b1c16,MATR_b2c47,MATR_b3c39,MATR_b1c30,MATR_b2c39,MATR_b4c20,MATR_b2c32,MATR_b2c11,MATR_b2c0",False,False,0.95
160,MATR_b1c1,2154.0,1807.3043647591314,259.57331428107335,1298.5500174205313,2316.0587120977316,1994.0,1647.3043647591314,1138.5500174205313,2156.0587120977316,346.69563524086857,"MATR_b1c5,MATR_b4c28,MATR_b4c44,MATR_b3c14,MATR_b3c22,MATR_b1c0,MATR_b3c1,MATR_b1c37,MATR_b3c28,MATR_b3c0,MATR_b2c32,MATR_b1c17",False,False,0.95
160,MATR_b1c20,533.0,508.2462018724224,35.97395749247766,437.73854080579133,578.7538629390534,373.0,348.2462018724224,277.73854080579133,418.7538629390534,24.753798127577625,"MATR_b1c5,MATR_b4c28,MATR_b4c44,MATR_b3c14,MATR_b3c22,MATR_b1c0,MATR_b3c1,MATR_b1c37,MATR_b3c28,MATR_b3c0,MATR_b2c32,MATR_b1c17",False,False,0.95
160,MATR_b1c21,557.0,516.2897163218361,43.99606340574599,430.0590165850333,602.5204160586388,397.0,356.28971632183607,270.0590165850333,442.52041605863883,40.71028367816393,"MATR_b1c5,MATR_b4c28,MATR_b4c44,MATR_b3c14,MATR_b3c22,MATR_b1c0,MATR_b3c1,MATR_b1c37,MATR_b3c28,MATR_b3c0,MATR_b2c32,MATR_b1c17",False,False,0.95
160,MATR_b1c28,858.0,771.312994708577,72.69566190636115,628.8321155398088,913.7938738773452,698.0,611.312994708577,468.8321155398088,753.7938738773452,86.68700529142302,"MATR_b1c5,MATR_b4c28,MATR_b4c44,MATR_b3c14,MATR_b3c22,MATR_b1c0,MATR_b3c1,MATR_b1c37,MATR_b3c28,MATR_b3c0,MATR_b2c32,MATR_b1c17",False,False,0.95
160,MATR_b1c39,622.0,586.398206600509,50.70828159232549,487.01180096163563,685.7846122393823,462.0,426.39820660050896,327.01180096163563,525.7846122393823,35.601793399491044,"MATR_b1c5,MATR_b4c28,MATR_b4c44,MATR_b3c14,MATR_b3c22,MATR_b1c0,MATR_b3c1,MATR_b1c37,MATR_b3c28,MATR_b3c0,MATR_b2c32,MATR_b1c17",False,False,0.95
160,MATR_b1c7,869.0,847.5435406904763,83.4034696503195,684.0757439901707,1011.0113373907819,709.0,687.5435406904763,524.0757439901707,851.0113373907819,21.456459309523666,"MATR_b1c5,MATR_b4c28,MATR_b4c44,MATR_b3c14,MATR_b3c22,MATR_b1c0,MATR_b3c1,MATR_b1c37,MATR_b3c28,MATR_b3c0,MATR_b2c32,MATR_b1c17",False,False,0.95
160,MATR_b1c9,1052.0,950.9002753956244,94.04120916991813,766.582892359987,1135.2176584312617,892.0,790.9002753956244,606.582892359987,975.2176584312617,101.09972460437564,"MATR_b1c5,MATR_b4c28,MATR_b4c44,MATR_b3c14,MATR_b3c22,MATR_b1c0,MATR_b3c1,MATR_b1c37,MATR_b3c28,MATR_b3c0,MATR_b2c32,MATR_b1c17",False,False,0.95
160,MATR_b2c10,560.0,504.823201625567,36.21833078494556,433.83657770691536,575.8098255442186,400.0,344.823201625567,273.83657770691536,415.8098255442186,55.17679837443302,"MATR_b1c5,MATR_b4c28,MATR_b4c44,MATR_b3c14,MATR_b3c22,MATR_b1c0,MATR_b3c1,MATR_b1c37,MATR_b3c28,MATR_b3c0,MATR_b2c32,MATR_b1c17",False,False,0.95
160,MATR_b2c21,488.0,455.6953271363649,36.18530824204562,384.7734262124751,526.6172280602547,328.0,295.6953271363649,224.7734262124751,366.61722806025466,32.30467286363512,"MATR_b1c5,MATR_b4c28,MATR_b4c44,MATR_b3c14,MATR_b3c22,MATR_b1c0,MATR_b3c1,MATR_b1c37,MATR_b3c28,MATR_b3c0,MATR_b2c32,MATR_b1c17",False,False,0.95
160,MATR_b2c23,526.0,437.91315830203007,33.35776487708781,372.5331405381828,503.29317606587733,366.0,277.91315830203007,212.5331405381828,343.29317606587733,88.08684169796993,"MATR_b1c5,MATR_b4c28,MATR_b4c44,MATR_b3c14,MATR_b3c22,MATR_b1c0,MATR_b3c1,MATR_b1c37,MATR_b3c28,MATR_b3c0,MATR_b2c32,MATR_b1c17",False,False,0.95
160,MATR_b2c25,460.0,429.47886414495036,31.05242446552931,368.6172305598625,490.34049773003824,300.0,269.47886414495036,208.6172305598625,330.34049773003824,30.521135855049636,"MATR_b1c5,MATR_b4c28,MATR_b4c44,MATR_b3c14,MATR_b3c22,MATR_b1c0,MATR_b3c1,MATR_b1c37,MATR_b3c28,MATR_b3c0,MATR_b2c32,MATR_b1c17",False,False,0.95
160,MATR_b2c29,497.0,595.8166675027966,49.81809311920567,498.17499921069077,693.4583357949024,337.0,435.8166675027966,338.17499921069077,533.4583357949024,98.81666750279658,"MATR_b1c5,MATR_b4c28,MATR_b4c44,MATR_b3c14,MATR_b3c22,MATR_b1c0,MATR_b3c1,MATR_b1c37,MATR_b3c28,MATR_b3c0,MATR_b2c32,MATR_b1c17",False,False,0.95
160,MATR_b2c30,480.0,533.2452596822932,40.08293092215467,454.6841586800632,611.8063606845232,320.0,373.2452596822932,294.6841586800632,451.80636068452316,53.24525968229318,"MATR_b1c5,MATR_b4c28,MATR_b4c44,MATR_b3c14,MATR_b3c22,MATR_b1c0,MATR_b3c1,MATR_b1c37,MATR_b3c28,MATR_b3c0,MATR_b2c32,MATR_b1c17",False,False,0.95
160,MATR_b2c36,534.0,598.8303090845166,51.78882667940624,497.32607399129324,700.3345441777399,374.0,438.83030908451656,337.32607399129324,540.3345441777399,64.83030908451656,"MATR_b1c5,MATR_b4c28,MATR_b4c44,MATR_b3c14,MATR_b3c22,MATR_b1c0,MATR_b3c1,MATR_b1c37,MATR_b3c28,MATR_b3c0,MATR_b2c32,MATR_b1c17",False,False,0.95
160,MATR_b2c40,498.0,509.27194680497837,41.90130321775447,427.1469015928874,591.3969920170694,338.0,349.27194680497837,267.1469015928874,431.39699201706935,11.27194680497837,"MATR_b1c5,MATR_b4c28,MATR_b4c44,MATR_b3c14,MATR_b3c22,MATR_b1c0,MATR_b3c1,MATR_b1c37,MATR_b3c28,MATR_b3c0,MATR_b2c32,MATR_b1c17",False,False,0.95
160,MATR_b2c42,465.0,485.99242676231046,39.12636066279757,409.30616901710255,562.6786845075184,305.0,325.99242676231046,249.30616901710255,402.67868450751837,20.99242676231046,"MATR_b1c5,MATR_b4c28,MATR_b4c44,MATR_b3c14,MATR_b3c22,MATR_b1c0,MATR_b3c1,MATR_b1c37,MATR_b3c28,MATR_b3c0,MATR_b2c32,MATR_b1c17",False,False,0.95
160,MATR_b2c46,428.0,422.2022324251353,33.580742583427146,356.3851863875076,488.01927846276305,268.0,262.2022324251353,196.3851863875076,328.01927846276305,5.797767574864679,"MATR_b1c5,MATR_b4c28,MATR_b4c44,MATR_b3c14,MATR_b3c22,MATR_b1c0,MATR_b3c1,MATR_b1c37,MATR_b3c28,MATR_b3c0,MATR_b2c32,MATR_b1c17",False,False,0.95
160,MATR_b3c19,1152.0,1764.6427962703751,216.08365264986585,1341.126619428775,2188.1589731119752,992.0,1604.6427962703751,1181.126619428775,2028.1589731119752,612.6427962703751,"MATR_b1c5,MATR_b4c28,MATR_b4c44,MATR_b3c14,MATR_b3c22,MATR_b1c0,MATR_b3c1,MATR_b1c37,MATR_b3c28,MATR_b3c0,MATR_b2c32,MATR_b1c17",False,False,0.95
160,MATR_b3c20,811.0,867.772995070772,75.95200407004265,718.9098025398489,1016.6361876016952,651.0,707.772995070772,558.9098025398489,856.6361876016952,56.772995070772026,"MATR_b1c5,MATR_b4c28,MATR_b4c44,MATR_b3c14,MATR_b3c22,MATR_b1c0,MATR_b3c1,MATR_b1c37,MATR_b3c28,MATR_b3c0,MATR_b2c32,MATR_b1c17",False,False,0.95
160,MATR_b3c3,1113.0,1169.7000300406735,106.68051192310183,960.6100688190982,1378.7899912622488,953.0,1009.7000300406735,800.6100688190982,1218.7899912622488,56.70003004067348,"MATR_b1c5,MATR_b4c28,MATR_b4c44,MATR_b3c14,MATR_b3c22,MATR_b1c0,MATR_b3c1,MATR_b1c37,MATR_b3c28,MATR_b3c0,MATR_b2c32,MATR_b1c17",False,False,0.95
160,MATR_b3c30,933.0,1474.495562803737,156.6421775621574,1167.4825363219802,1781.5085892854936,773.0,1314.495562803737,1007.4825363219802,1621.5085892854936,541.4955628037369,"MATR_b1c5,MATR_b4c28,MATR_b4c44,MATR_b3c14,MATR_b3c22,MATR_b1c0,MATR_b3c1,MATR_b1c37,MATR_b3c28,MATR_b3c0,MATR_b2c32,MATR_b1c17",False,False,0.95
160,MATR_b3c44,938.0,976.9786912077004,101.15191664084588,778.7245776244448,1175.2328047909562,778.0,816.9786912077004,618.7245776244448,1015.2328047909562,38.97869120770042,"MATR_b1c5,MATR_b4c28,MATR_b4c44,MATR_b3c14,MATR_b3c22,MATR_b1c0,MATR_b3c1,MATR_b1c37,MATR_b3c28,MATR_b3c0,MATR_b2c32,MATR_b1c17",False,False,0.95
160,MATR_b3c45,1799.0,1825.484323576906,242.40661657963688,1350.376085466608,2300.592561687204,1639.0,1665.484323576906,1190.376085466608,2140.592561687204,26.484323576906036,"MATR_b1c5,MATR_b4c28,MATR_b4c44,MATR_b3c14,MATR_b3c22,MATR_b1c0,MATR_b3c1,MATR_b1c37,MATR_b3c28,MATR_b3c0,MATR_b2c32,MATR_b1c17",False,False,0.95
160,MATR_b4c10,872.0,906.0894616814278,79.19417028197466,750.8717401432252,1061.3071832196304,712.0,746.0894616814278,590.8717401432252,901.3071832196304,34.08946168142779,"MATR_b1c5,MATR_b4c28,MATR_b4c44,MATR_b3c14,MATR_b3c22,MATR_b1c0,MATR_b3c1,MATR_b1c37,MATR_b3c28,MATR_b3c0,MATR_b2c32,MATR_b1c17",False,False,0.95
160,MATR_b4c13,771.0,866.197940641269,76.69104426347081,715.8862559480992,1016.5096253344389,611.0,706.197940641269,555.8862559480992,856.5096253344389,95.19794064126904,"MATR_b1c5,MATR_b4c28,MATR_b4c44,MATR_b3c14,MATR_b3c22,MATR_b1c0,MATR_b3c1,MATR_b1c37,MATR_b3c28,MATR_b3c0,MATR_b2c32,MATR_b1c17",False,False,0.95
160,MATR_b4c16,909.0,753.5187435085459,79.33412543045853,598.0267149198639,909.0107720972278,749.0,593.5187435085459,438.02671491986393,749.0107720972278,155.48125649145413,"MATR_b1c5,MATR_b4c28,MATR_b4c44,MATR_b3c14,MATR_b3c22,MATR_b1c0,MATR_b3c1,MATR_b1c37,MATR_b3c28,MATR_b3c0,MATR_b2c32,MATR_b1c17",False,False,0.95
160,MATR_b4c18,906.0,997.1751403117853,133.176867944795,736.1532755661403,1258.1970050574303,746.0,837.1751403117853,576.1532755661403,1098.1970050574303,91.1751403117853,"MATR_b1c5,MATR_b4c28,MATR_b4c44,MATR_b3c14,MATR_b3c22,MATR_b1c0,MATR_b3c1,MATR_b1c37,MATR_b3c28,MATR_b3c0,MATR_b2c32,MATR_b1c17",False,False,0.95
160,MATR_b4c25,453.0,435.9934823414923,31.90491759801205,373.46099291967056,498.5259717633141,293.0,275.9934823414923,213.46099291967056,338.5259717633141,17.006517658507676,"MATR_b1c5,MATR_b4c28,MATR_b4c44,MATR_b3c14,MATR_b3c22,MATR_b1c0,MATR_b3c1,MATR_b1c37,MATR_b3c28,MATR_b3c0,MATR_b2c32,MATR_b1c17",False,False,0.95
160,MATR_b4c29,887.0,1348.3716193548034,134.54078098333534,1084.676534175575,1612.066704534032,727.0,1188.3716193548034,924.676534175575,1452.066704534032,461.37161935480344,"MATR_b1c5,MATR_b4c28,MATR_b4c44,MATR_b3c14,MATR_b3c22,MATR_b1c0,MATR_b3c1,MATR_b1c37,MATR_b3c28,MATR_b3c0,MATR_b2c32,MATR_b1c17",False,False,0.95
160,MATR_b4c33,505.0,434.12888711917714,31.658452877827155,372.0794596723775,496.1783145659768,345.0,274.12888711917714,212.07945967237748,336.1783145659768,70.87111288082286,"MATR_b1c5,MATR_b4c28,MATR_b4c44,MATR_b3c14,MATR_b3c22,MATR_b1c0,MATR_b3c1,MATR_b1c37,MATR_b3c28,MATR_b3c0,MATR_b2c32,MATR_b1c17",False,False,0.95
160,MATR_b4c37,863.0,819.0822160244052,76.27649695826142,669.5830291193338,968.5814029294766,703.0,659.0822160244052,509.5830291193338,808.5814029294766,43.91778397559483,"MATR_b1c5,MATR_b4c28,MATR_b4c44,MATR_b3c14,MATR_b3c22,MATR_b1c0,MATR_b3c1,MATR_b1c37,MATR_b3c28,MATR_b3c0,MATR_b2c32,MATR_b1c17",False,False,0.95
160,MATR_b4c4,656.0,617.2300728545088,52.841581030383765,513.6624771488017,720.7976685602158,496.0,457.23007285450876,353.6624771488017,560.7976685602158,38.76992714549124,"MATR_b1c5,MATR_b4c28,MATR_b4c44,MATR_b3c14,MATR_b3c22,MATR_b1c0,MATR_b3c1,MATR_b1c37,MATR_b3c28,MATR_b3c0,MATR_b2c32,MATR_b1c17",False,False,0.95
160,MATR_b4c9,442.0,422.2073778984865,30.282086239774863,362.85557949179184,481.5591763051812,282.0,262.2073778984865,202.85557949179184,321.5591763051812,19.792622101513473,"MATR_b1c5,MATR_b4c28,MATR_b4c44,MATR_b3c14,MATR_b3c22,MATR_b1c0,MATR_b3c1,MATR_b1c37,MATR_b3c28,MATR_b3c0,MATR_b2c32,MATR_b1c17",False,False,0.95
180,MATR_b1c1,2154.0,1807.0528926991083,257.8648444615823,1301.6470846753841,2312.4587007228324,1974.0,1627.0528926991083,1121.6470846753841,2132.4587007228324,346.94710730089173,"MATR_b1c16,MATR_b2c0,MATR_b2c6,MATR_b4c39,MATR_b4c8,MATR_b2c43,MATR_b1c44,MATR_b1c33,MATR_b2c38,MATR_b1c17,MATR_b1c25,MATR_b3c15",False,False,0.95
180,MATR_b1c20,533.0,528.8024369772423,33.25052794610853,463.63259973592704,593.9722742185576,353.0,348.80243697724234,283.63259973592704,413.9722742185576,4.197563022757663,"MATR_b1c16,MATR_b2c0,MATR_b2c6,MATR_b4c39,MATR_b4c8,MATR_b2c43,MATR_b1c44,MATR_b1c33,MATR_b2c38,MATR_b1c17,MATR_b1c25,MATR_b3c15",False,False,0.95
180,MATR_b1c21,557.0,503.8520194305607,37.566285086087085,430.22345362886585,577.4805852322555,377.0,323.8520194305607,250.22345362886585,397.4805852322555,53.14798056943931,"MATR_b1c16,MATR_b2c0,MATR_b2c6,MATR_b4c39,MATR_b4c8,MATR_b2c43,MATR_b1c44,MATR_b1c33,MATR_b2c38,MATR_b1c17,MATR_b1c25,MATR_b3c15",False,False,0.95
180,MATR_b1c28,858.0,787.6363123122861,67.21239599965975,655.9024368383091,919.3701877862632,678.0,607.6363123122861,475.9024368383091,739.3701877862632,70.36368768771388,"MATR_b1c16,MATR_b2c0,MATR_b2c6,MATR_b4c39,MATR_b4c8,MATR_b2c43,MATR_b1c44,MATR_b1c33,MATR_b2c38,MATR_b1c17,MATR_b1c25,MATR_b3c15",False,False,0.95
180,MATR_b1c39,622.0,594.3852071765049,46.202470005445214,503.8300299690402,684.9403843839696,442.0,414.3852071765049,323.8300299690402,504.94038438396956,27.614792823495122,"MATR_b1c16,MATR_b2c0,MATR_b2c6,MATR_b4c39,MATR_b4c8,MATR_b2c43,MATR_b1c44,MATR_b1c33,MATR_b2c38,MATR_b1c17,MATR_b1c25,MATR_b3c15",False,False,0.95
180,MATR_b1c7,869.0,863.1926259203665,77.81545105753277,710.677144406863,1015.7081074338699,689.0,683.1926259203665,530.677144406863,835.7081074338699,5.807374079633519,"MATR_b1c16,MATR_b2c0,MATR_b2c6,MATR_b4c39,MATR_b4c8,MATR_b2c43,MATR_b1c44,MATR_b1c33,MATR_b2c38,MATR_b1c17,MATR_b1c25,MATR_b3c15",False,False,0.95
180,MATR_b1c9,1052.0,966.8435073076437,89.12544321712852,792.1608484959022,1141.5261661193852,872.0,786.8435073076437,612.1608484959022,961.5261661193852,85.15649269235632,"MATR_b1c16,MATR_b2c0,MATR_b2c6,MATR_b4c39,MATR_b4c8,MATR_b2c43,MATR_b1c44,MATR_b1c33,MATR_b2c38,MATR_b1c17,MATR_b1c25,MATR_b3c15",False,False,0.95
180,MATR_b2c10,560.0,527.3887958740997,33.468243628945245,461.79224373555496,592.9853480126445,380.0,347.38879587409974,281.79224373555496,412.9853480126445,32.61120412590026,"MATR_b1c16,MATR_b2c0,MATR_b2c6,MATR_b4c39,MATR_b4c8,MATR_b2c43,MATR_b1c44,MATR_b1c33,MATR_b2c38,MATR_b1c17,MATR_b1c25,MATR_b3c15",False,False,0.95
180,MATR_b2c21,488.0,447.19352022491194,32.04258275185429,384.3912120596332,509.9958283901907,308.0,267.19352022491194,204.39121205963318,329.9958283901907,40.806479775088064,"MATR_b1c16,MATR_b2c0,MATR_b2c6,MATR_b4c39,MATR_b4c8,MATR_b2c43,MATR_b1c44,MATR_b1c33,MATR_b2c38,MATR_b1c17,MATR_b1c25,MATR_b3c15",False,False,0.95
180,MATR_b2c23,526.0,439.633058669704,30.63499793991281,379.58956604101616,499.6765512983918,346.0,259.633058669704,199.58956604101616,319.6765512983918,86.36694133029602,"MATR_b1c16,MATR_b2c0,MATR_b2c6,MATR_b4c39,MATR_b4c8,MATR_b2c43,MATR_b1c44,MATR_b1c33,MATR_b2c38,MATR_b1c17,MATR_b1c25,MATR_b3c15",False,False,0.95
180,MATR_b2c25,460.0,438.5730911593558,29.09308260346114,381.55169705732317,495.5944852613884,280.0,258.5730911593558,201.55169705732317,315.5944852613884,21.426908840644217,"MATR_b1c16,MATR_b2c0,MATR_b2c6,MATR_b4c39,MATR_b4c8,MATR_b2c43,MATR_b1c44,MATR_b1c33,MATR_b2c38,MATR_b1c17,MATR_b1c25,MATR_b3c15",False,False,0.95
180,MATR_b2c29,497.0,571.4503475149222,41.97959901946936,489.1718453513293,653.7288496785151,317.0,391.4503475149222,309.1718453513293,473.7288496785151,74.45034751492221,"MATR_b1c16,MATR_b2c0,MATR_b2c6,MATR_b4c39,MATR_b4c8,MATR_b2c43,MATR_b1c44,MATR_b1c33,MATR_b2c38,MATR_b1c17,MATR_b1c25,MATR_b3c15",False,False,0.95
180,MATR_b2c30,480.0,502.49126619612525,33.25699647951186,437.3087508623066,567.6737815299439,300.0,322.49126619612525,257.3087508623066,387.6737815299439,22.491266196125252,"MATR_b1c16,MATR_b2c0,MATR_b2c6,MATR_b4c39,MATR_b4c8,MATR_b2c43,MATR_b1c44,MATR_b1c33,MATR_b2c38,MATR_b1c17,MATR_b1c25,MATR_b3c15",False,False,0.95
180,MATR_b2c36,534.0,589.2877179543033,45.361888730103956,500.3800497725862,678.1953861360204,354.0,409.2877179543033,320.3800497725862,498.1953861360204,55.287717954303275,"MATR_b1c16,MATR_b2c0,MATR_b2c6,MATR_b4c39,MATR_b4c8,MATR_b2c43,MATR_b1c44,MATR_b1c33,MATR_b2c38,MATR_b1c17,MATR_b1c25,MATR_b3c15",False,False,0.95
180,MATR_b2c40,498.0,489.2576958042556,35.31122095650969,420.0489744793606,558.4664171291506,318.0,309.2576958042556,240.0489744793606,378.4664171291506,8.742304195744396,"MATR_b1c16,MATR_b2c0,MATR_b2c6,MATR_b4c39,MATR_b4c8,MATR_b2c43,MATR_b1c44,MATR_b1c33,MATR_b2c38,MATR_b1c17,MATR_b1c25,MATR_b3c15",False,False,0.95
180,MATR_b2c42,465.0,476.414387119379,33.78137719407366,410.2041044708319,542.6246697679261,285.0,296.414387119379,230.2041044708319,362.6246697679261,11.414387119379,"MATR_b1c16,MATR_b2c0,MATR_b2c6,MATR_b4c39,MATR_b4c8,MATR_b2c43,MATR_b1c44,MATR_b1c33,MATR_b2c38,MATR_b1c17,MATR_b1c25,MATR_b3c15",False,False,0.95
180,MATR_b2c46,428.0,434.45291380679026,31.949724656221367,371.832604164625,497.0732234489555,248.0,254.45291380679026,191.83260416462502,317.0732234489555,6.452913806790264,"MATR_b1c16,MATR_b2c0,MATR_b2c6,MATR_b4c39,MATR_b4c8,MATR_b2c43,MATR_b1c44,MATR_b1c33,MATR_b2c38,MATR_b1c17,MATR_b1c25,MATR_b3c15",False,False,0.95
180,MATR_b3c19,1152.0,1649.3620227745837,187.0711601594335,1282.7092863159698,2016.0147592331975,972.0,1469.3620227745837,1102.7092863159698,1836.0147592331975,497.3620227745837,"MATR_b1c16,MATR_b2c0,MATR_b2c6,MATR_b4c39,MATR_b4c8,MATR_b2c43,MATR_b1c44,MATR_b1c33,MATR_b2c38,MATR_b1c17,MATR_b1c25,MATR_b3c15",False,False,0.95
180,MATR_b3c20,811.0,890.4872123457158,74.10583240499507,745.2424497875642,1035.7319749038672,631.0,710.4872123457158,565.2424497875642,855.7319749038672,79.48721234571576,"MATR_b1c16,MATR_b2c0,MATR_b2c6,MATR_b4c39,MATR_b4c8,MATR_b2c43,MATR_b1c44,MATR_b1c33,MATR_b2c38,MATR_b1c17,MATR_b1c25,MATR_b3c15",False,False,0.95
180,MATR_b3c3,1113.0,1110.7269656948156,97.31882389456835,919.9855758436656,1301.4683555459656,933.0,930.7269656948156,739.9855758436656,1121.4683555459656,2.27303430518441,"MATR_b1c16,MATR_b2c0,MATR_b2c6,MATR_b4c39,MATR_b4c8,MATR_b2c43,MATR_b1c44,MATR_b1c33,MATR_b2c38,MATR_b1c17,MATR_b1c25,MATR_b3c15",False,False,0.95
180,MATR_b3c30,933.0,1439.4135873617092,147.10979104520106,1151.0836951399024,1727.743479583516,753.0,1259.4135873617092,971.0836951399024,1547.743479583516,506.41358736170923,"MATR_b1c16,MATR_b2c0,MATR_b2c6,MATR_b4c39,MATR_b4c8,MATR_b2c43,MATR_b1c44,MATR_b1c33,MATR_b2c38,MATR_b1c17,MATR_b1c25,MATR_b3c15",False,False,0.95
180,MATR_b3c44,938.0,1106.4787731092774,109.55036515135816,891.7640029194037,1321.1935432991513,758.0,926.4787731092774,711.7640029194037,1141.1935432991513,168.47877310927743,"MATR_b1c16,MATR_b2c0,MATR_b2c6,MATR_b4c39,MATR_b4c8,MATR_b2c43,MATR_b1c44,MATR_b1c33,MATR_b2c38,MATR_b1c17,MATR_b1c25,MATR_b3c15",False,False,0.95
180,MATR_b3c45,1799.0,1804.803526576933,242.46456358824977,1329.5817144167418,2280.0253387371245,1619.0,1624.803526576933,1149.5817144167418,2100.0253387371245,5.803526576933109,"MATR_b1c16,MATR_b2c0,MATR_b2c6,MATR_b4c39,MATR_b4c8,MATR_b2c43,MATR_b1c44,MATR_b1c33,MATR_b2c38,MATR_b1c17,MATR_b1c25,MATR_b3c15",False,False,0.95
180,MATR_b4c10,872.0,914.9053583009179,76.61577013234808,764.7412081937161,1065.0695084081196,692.0,734.9053583009179,584.7412081937161,885.0695084081196,42.9053583009179,"MATR_b1c16,MATR_b2c0,MATR_b2c6,MATR_b4c39,MATR_b4c8,MATR_b2c43,MATR_b1c44,MATR_b1c33,MATR_b2c38,MATR_b1c17,MATR_b1c25,MATR_b3c15",False,False,0.95
180,MATR_b4c13,771.0,870.0654502155911,71.79363280119239,729.3525156059607,1010.7783848252216,591.0,690.0654502155911,549.3525156059607,830.7783848252216,99.06545021559111,"MATR_b1c16,MATR_b2c0,MATR_b2c6,MATR_b4c39,MATR_b4c8,MATR_b2c43,MATR_b1c44,MATR_b1c33,MATR_b2c38,MATR_b1c17,MATR_b1c25,MATR_b3c15",False,False,0.95
180,MATR_b4c16,909.0,831.7954396319535,83.82877410283696,667.4940615222491,996.0968177416579,729.0,651.7954396319535,487.4940615222491,816.0968177416579,77.20456036804649,"MATR_b1c16,MATR_b2c0,MATR_b2c6,MATR_b4c39,MATR_b4c8,MATR_b2c43,MATR_b1c44,MATR_b1c33,MATR_b2c38,MATR_b1c17,MATR_b1c25,MATR_b3c15",False,False,0.95
180,MATR_b4c18,906.0,1153.2290935764408,159.53105004845517,840.5539810656119,1465.9042060872698,726.0,973.2290935764408,660.5539810656119,1285.9042060872698,247.22909357644085,"MATR_b1c16,MATR_b2c0,MATR_b2c6,MATR_b4c39,MATR_b4c8,MATR_b2c43,MATR_b1c44,MATR_b1c33,MATR_b2c38,MATR_b1c17,MATR_b1c25,MATR_b3c15",False,False,0.95
180,MATR_b4c25,453.0,430.23718259675644,28.362848421472947,374.64702119170073,485.82734400181215,273.0,250.23718259675644,194.64702119170073,305.82734400181215,22.76281740324356,"MATR_b1c16,MATR_b2c0,MATR_b2c6,MATR_b4c39,MATR_b4c8,MATR_b2c43,MATR_b1c44,MATR_b1c33,MATR_b2c38,MATR_b1c17,MATR_b1c25,MATR_b3c15",False,False,0.95
180,MATR_b4c29,887.0,1319.9207431939726,128.13185219076226,1068.786927627669,1571.0545587602762,707.0,1139.9207431939726,888.786927627669,1391.0545587602762,432.9207431939726,"MATR_b1c16,MATR_b2c0,MATR_b2c6,MATR_b4c39,MATR_b4c8,MATR_b2c43,MATR_b1c44,MATR_b1c33,MATR_b2c38,MATR_b1c17,MATR_b1c25,MATR_b3c15",False,False,0.95
180,MATR_b4c33,505.0,445.8096986938416,30.080391886084954,386.85321395626426,504.76618343141894,325.0,265.8096986938416,206.85321395626426,324.76618343141894,59.1903013061584,"MATR_b1c16,MATR_b2c0,MATR_b2c6,MATR_b4c39,MATR_b4c8,MATR_b2c43,MATR_b1c44,MATR_b1c33,MATR_b2c38,MATR_b1c17,MATR_b1c25,MATR_b3c15",False,False,0.95
180,MATR_b4c37,863.0,817.1526548843588,70.82458735896198,678.3390144408825,955.966295327835,683.0,637.1526548843588,498.33901444088247,775.966295327835,45.84734511564125,"MATR_b1c16,MATR_b2c0,MATR_b2c6,MATR_b4c39,MATR_b4c8,MATR_b2c43,MATR_b1c44,MATR_b1c33,MATR_b2c38,MATR_b1c17,MATR_b1c25,MATR_b3c15",False,False,0.95
180,MATR_b4c4,656.0,618.1791364207804,48.69347480820226,522.7416795145956,713.6165933269652,476.0,438.1791364207804,342.7416795145956,533.6165933269652,37.820863579219576,"MATR_b1c16,MATR_b2c0,MATR_b2c6,MATR_b4c39,MATR_b4c8,MATR_b2c43,MATR_b1c44,MATR_b1c33,MATR_b2c38,MATR_b1c17,MATR_b1c25,MATR_b3c15",False,False,0.95
180,MATR_b4c9,442.0,429.5883349538317,28.109884951178792,374.4939728399568,484.68269706770656,262.0,249.5883349538317,194.49397283995683,304.68269706770656,12.41166504616831,"MATR_b1c16,MATR_b2c0,MATR_b2c6,MATR_b4c39,MATR_b4c8,MATR_b2c43,MATR_b1c44,MATR_b1c33,MATR_b2c38,MATR_b1c17,MATR_b1c25,MATR_b3c15",False,False,0.95
200,MATR_b1c1,2154.0,1816.4527401105483,257.7111709286101,1311.348126676827,2321.55735354427,1954.0,1616.4527401105483,1111.348126676827,2121.55735354427,337.54725988945165,"MATR_b4c7,MATR_b4c22,MATR_b2c26,MATR_b2c28,MATR_b1c42,MATR_b1c35,MATR_b3c40,MATR_b4c34,MATR_b2c44,MATR_b4c17,MATR_b3c29,MATR_b2c14",False,False,0.95
200,MATR_b1c20,533.0,535.2174263776888,33.31297508556759,469.9251949920962,600.5096577632813,333.0,335.21742637768875,269.9251949920962,400.5096577632813,2.217426377688753,"MATR_b4c7,MATR_b4c22,MATR_b2c26,MATR_b2c28,MATR_b1c42,MATR_b1c35,MATR_b3c40,MATR_b4c34,MATR_b2c44,MATR_b4c17,MATR_b3c29,MATR_b2c14",False,False,0.95
200,MATR_b1c21,557.0,492.65001314458385,34.13811346584682,425.74054025138224,559.5594860377854,357.0,292.65001314458385,225.74054025138224,359.5594860377854,64.34998685541615,"MATR_b4c7,MATR_b4c22,MATR_b2c26,MATR_b2c28,MATR_b1c42,MATR_b1c35,MATR_b3c40,MATR_b4c34,MATR_b2c44,MATR_b4c17,MATR_b3c29,MATR_b2c14",False,False,0.95
200,MATR_b1c28,858.0,760.7059942122451,63.62634209097962,636.0006552459001,885.41133317859,658.0,560.7059942122451,436.00065524590013,685.41133317859,97.29400578775494,"MATR_b4c7,MATR_b4c22,MATR_b2c26,MATR_b2c28,MATR_b1c42,MATR_b1c35,MATR_b3c40,MATR_b4c34,MATR_b2c44,MATR_b4c17,MATR_b3c29,MATR_b2c14",False,False,0.95
200,MATR_b1c39,622.0,586.0878723973505,42.925433714879766,501.95556829542477,670.2201764992761,422.0,386.08787239735045,301.95556829542477,470.22017649927614,35.91212760264955,"MATR_b4c7,MATR_b4c22,MATR_b2c26,MATR_b2c28,MATR_b1c42,MATR_b1c35,MATR_b3c40,MATR_b4c34,MATR_b2c44,MATR_b4c17,MATR_b3c29,MATR_b2c14",False,False,0.95
200,MATR_b1c7,869.0,894.5897517753676,77.24067751083845,743.2008057126513,1045.978697838084,669.0,694.5897517753676,543.2008057126513,845.9786978380839,25.58975177536763,"MATR_b4c7,MATR_b4c22,MATR_b2c26,MATR_b2c28,MATR_b1c42,MATR_b1c35,MATR_b3c40,MATR_b4c34,MATR_b2c44,MATR_b4c17,MATR_b3c29,MATR_b2c14",False,False,0.95
200,MATR_b1c9,1052.0,940.6353150603071,81.7766108368502,780.3561030423328,1100.9145270782813,852.0,740.6353150603071,580.3561030423328,900.9145270782813,111.36468493969289,"MATR_b4c7,MATR_b4c22,MATR_b2c26,MATR_b2c28,MATR_b1c42,MATR_b1c35,MATR_b3c40,MATR_b4c34,MATR_b2c44,MATR_b4c17,MATR_b3c29,MATR_b2c14",False,False,0.95
200,MATR_b2c10,560.0,529.0327228097424,33.15275531909108,464.0545163960552,594.0109292234296,360.0,329.0327228097424,264.0545163960552,394.01092922342957,30.96727719025762,"MATR_b4c7,MATR_b4c22,MATR_b2c26,MATR_b2c28,MATR_b1c42,MATR_b1c35,MATR_b3c40,MATR_b4c34,MATR_b2c44,MATR_b4c17,MATR_b3c29,MATR_b2c14",False,False,0.95
200,MATR_b2c21,488.0,442.4627927458411,30.525570297754218,382.63377435469727,502.29181113698496,288.0,242.4627927458411,182.63377435469727,302.29181113698496,45.537207254158886,"MATR_b4c7,MATR_b4c22,MATR_b2c26,MATR_b2c28,MATR_b1c42,MATR_b1c35,MATR_b3c40,MATR_b4c34,MATR_b2c44,MATR_b4c17,MATR_b3c29,MATR_b2c14",False,False,0.95
200,MATR_b2c23,526.0,437.75416662881565,29.416912882485775,380.0980768427912,495.4102564148401,326.0,237.75416662881565,180.09807684279122,295.4102564148401,88.24583337118435,"MATR_b4c7,MATR_b4c22,MATR_b2c26,MATR_b2c28,MATR_b1c42,MATR_b1c35,MATR_b3c40,MATR_b4c34,MATR_b2c44,MATR_b4c17,MATR_b3c29,MATR_b2c14",False,False,0.95
200,MATR_b2c25,460.0,446.35750167216486,28.665971623596803,390.17322970806794,502.5417736362618,260.0,246.35750167216486,190.17322970806794,302.5417736362618,13.642498327835142,"MATR_b4c7,MATR_b4c22,MATR_b2c26,MATR_b2c28,MATR_b1c42,MATR_b1c35,MATR_b3c40,MATR_b4c34,MATR_b2c44,MATR_b4c17,MATR_b3c29,MATR_b2c14",False,False,0.95
200,MATR_b2c29,497.0,553.3519047363793,38.92346411587922,477.0633169157189,629.6404925570397,297.0,353.3519047363793,277.0633169157189,429.6404925570397,56.35190473637931,"MATR_b4c7,MATR_b4c22,MATR_b2c26,MATR_b2c28,MATR_b1c42,MATR_b1c35,MATR_b3c40,MATR_b4c34,MATR_b2c44,MATR_b4c17,MATR_b3c29,MATR_b2c14",False,False,0.95
200,MATR_b2c30,480.0,485.60661986110466,31.35235548850617,424.1571322731359,547.0561074490735,280.0,285.60661986110466,224.15713227313591,347.05610744907347,5.606619861104662,"MATR_b4c7,MATR_b4c22,MATR_b2c26,MATR_b2c28,MATR_b1c42,MATR_b1c35,MATR_b3c40,MATR_b4c34,MATR_b2c44,MATR_b4c17,MATR_b3c29,MATR_b2c14",False,False,0.95
200,MATR_b2c36,534.0,578.2912198019709,42.03514595829763,495.90384763882315,660.6785919651187,334.0,378.2912198019709,295.90384763882315,460.6785919651187,44.2912198019709,"MATR_b4c7,MATR_b4c22,MATR_b2c26,MATR_b2c28,MATR_b1c42,MATR_b1c35,MATR_b3c40,MATR_b4c34,MATR_b2c44,MATR_b4c17,MATR_b3c29,MATR_b2c14",False,False,0.95
200,MATR_b2c40,498.0,474.54012255116896,32.50921070805555,410.8232403975562,538.2570047047817,298.0,274.54012255116896,210.82324039755622,338.2570047047817,23.459877448831037,"MATR_b4c7,MATR_b4c22,MATR_b2c26,MATR_b2c28,MATR_b1c42,MATR_b1c35,MATR_b3c40,MATR_b4c34,MATR_b2c44,MATR_b4c17,MATR_b3c29,MATR_b2c14",False,False,0.95
200,MATR_b2c42,465.0,474.17199673959954,32.588046093804756,410.30060006921104,538.0433934099881,265.0,274.17199673959954,210.30060006921104,338.0433934099881,9.171996739599535,"MATR_b4c7,MATR_b4c22,MATR_b2c26,MATR_b2c28,MATR_b1c42,MATR_b1c35,MATR_b3c40,MATR_b4c34,MATR_b2c44,MATR_b4c17,MATR_b3c29,MATR_b2c14",False,False,0.95
200,MATR_b2c46,428.0,436.8684200114663,31.216453695288063,375.6852950436394,498.05154497929317,228.0,236.8684200114663,175.68529504363943,298.05154497929317,8.868420011466299,"MATR_b4c7,MATR_b4c22,MATR_b2c26,MATR_b2c28,MATR_b1c42,MATR_b1c35,MATR_b3c40,MATR_b4c34,MATR_b2c44,MATR_b4c17,MATR_b3c29,MATR_b2c14",False,False,0.95
200,MATR_b3c19,1152.0,1571.6251783191694,169.45968981352158,1239.4902894533382,1903.7600671850007,952.0,1371.6251783191694,1039.4902894533382,1703.7600671850007,419.62517831916944,"MATR_b4c7,MATR_b4c22,MATR_b2c26,MATR_b2c28,MATR_b1c42,MATR_b1c35,MATR_b3c40,MATR_b4c34,MATR_b2c44,MATR_b4c17,MATR_b3c29,MATR_b2c14",False,False,0.95
200,MATR_b3c20,811.0,853.6648884594498,69.58912122062166,717.2727171512394,990.0570597676602,611.0,653.6648884594498,517.2727171512394,790.0570597676602,42.6648884594498,"MATR_b4c7,MATR_b4c22,MATR_b2c26,MATR_b2c28,MATR_b1c42,MATR_b1c35,MATR_b3c40,MATR_b4c34,MATR_b2c44,MATR_b4c17,MATR_b3c29,MATR_b2c14",False,False,0.95
200,MATR_b3c3,1113.0,1208.8176451254428,104.09713033367046,1004.7910187774768,1412.8442714734088,913.0,1008.8176451254428,804.7910187774768,1212.8442714734088,95.81764512544282,"MATR_b4c7,MATR_b4c22,MATR_b2c26,MATR_b2c28,MATR_b1c42,MATR_b1c35,MATR_b3c40,MATR_b4c34,MATR_b2c44,MATR_b4c17,MATR_b3c29,MATR_b2c14",False,False,0.95
200,MATR_b3c30,933.0,1304.0143929298665,124.81452408118663,1059.3824209832335,1548.6463648764995,733.0,1104.0143929298665,859.3824209832335,1348.6463648764995,371.0143929298665,"MATR_b4c7,MATR_b4c22,MATR_b2c26,MATR_b2c28,MATR_b1c42,MATR_b1c35,MATR_b3c40,MATR_b4c34,MATR_b2c44,MATR_b4c17,MATR_b3c29,MATR_b2c14",False,False,0.95
200,MATR_b3c44,938.0,1079.7532708565648,101.615743076741,880.5900741638771,1278.9164675492525,738.0,879.7532708565648,680.5900741638771,1078.9164675492525,141.75327085656477,"MATR_b4c7,MATR_b4c22,MATR_b2c26,MATR_b2c28,MATR_b1c42,MATR_b1c35,MATR_b3c40,MATR_b4c34,MATR_b2c44,MATR_b4c17,MATR_b3c29,MATR_b2c14",False,False,0.95
200,MATR_b3c45,1799.0,1813.4958541358933,241.66413168173364,1339.8428596845504,2287.148848587236,1599.0,1613.4958541358933,1139.8428596845504,2087.148848587236,14.495854135893296,"MATR_b4c7,MATR_b4c22,MATR_b2c26,MATR_b2c28,MATR_b1c42,MATR_b1c35,MATR_b3c40,MATR_b4c34,MATR_b2c44,MATR_b4c17,MATR_b3c29,MATR_b2c14",False,False,0.95
200,MATR_b4c10,872.0,894.3183539561253,73.77883584685708,749.7144928749927,1038.922215037258,672.0,694.3183539561253,549.7144928749927,838.922215037258,22.318353956125293,"MATR_b4c7,MATR_b4c22,MATR_b2c26,MATR_b2c28,MATR_b1c42,MATR_b1c35,MATR_b3c40,MATR_b4c34,MATR_b2c44,MATR_b4c17,MATR_b3c29,MATR_b2c14",False,False,0.95
200,MATR_b4c13,771.0,853.2273764577401,68.77444861227197,718.4319341210863,988.0228187943939,571.0,653.2273764577401,518.4319341210863,788.0228187943939,82.22737645774009,"MATR_b4c7,MATR_b4c22,MATR_b2c26,MATR_b2c28,MATR_b1c42,MATR_b1c35,MATR_b3c40,MATR_b4c34,MATR_b2c44,MATR_b4c17,MATR_b3c29,MATR_b2c14",False,False,0.95
200,MATR_b4c16,909.0,861.9855160021974,85.72267952989596,693.9721514653324,1029.9988805390624,709.0,661.9855160021974,493.97215146533244,829.9988805390624,47.014483997802586,"MATR_b4c7,MATR_b4c22,MATR_b2c26,MATR_b2c28,MATR_b1c42,MATR_b1c35,MATR_b3c40,MATR_b4c34,MATR_b2c44,MATR_b4c17,MATR_b3c29,MATR_b2c14",False,False,0.95
200,MATR_b4c18,906.0,1121.2755313985676,149.19474375378493,828.859206958467,1413.6918558386683,706.0,921.2755313985676,628.859206958467,1213.6918558386683,215.27553139856764,"MATR_b4c7,MATR_b4c22,MATR_b2c26,MATR_b2c28,MATR_b1c42,MATR_b1c35,MATR_b3c40,MATR_b4c34,MATR_b2c44,MATR_b4c17,MATR_b3c29,MATR_b2c14",False,False,0.95
200,MATR_b4c25,453.0,425.56191572306835,27.769377208821624,371.1349365206706,479.9888949254661,253.0,225.56191572306835,171.13493652067058,279.9888949254661,27.438084276931647,"MATR_b4c7,MATR_b4c22,MATR_b2c26,MATR_b2c28,MATR_b1c42,MATR_b1c35,MATR_b3c40,MATR_b4c34,MATR_b2c44,MATR_b4c17,MATR_b3c29,MATR_b2c14",False,False,0.95
200,MATR_b4c29,887.0,1198.5978371821168,108.7083291574604,985.533427213969,1411.6622471502646,687.0,998.5978371821168,785.533427213969,1211.6622471502646,311.5978371821168,"MATR_b4c7,MATR_b4c22,MATR_b2c26,MATR_b2c28,MATR_b1c42,MATR_b1c35,MATR_b3c40,MATR_b4c34,MATR_b2c44,MATR_b4c17,MATR_b3c29,MATR_b2c14",False,False,0.95
200,MATR_b4c33,505.0,447.6349949317697,29.456844259361045,389.90064108521665,505.3693487783228,305.0,247.6349949317697,189.90064108521665,305.3693487783228,57.36500506823029,"MATR_b4c7,MATR_b4c22,MATR_b2c26,MATR_b2c28,MATR_b1c42,MATR_b1c35,MATR_b3c40,MATR_b4c34,MATR_b2c44,MATR_b4c17,MATR_b3c29,MATR_b2c14",False,False,0.95
200,MATR_b4c37,863.0,784.1220646281403,63.80028240028063,659.0758089201056,909.1683203361749,663.0,584.1220646281403,459.0758089201056,709.1683203361749,78.87793537185973,"MATR_b4c7,MATR_b4c22,MATR_b2c26,MATR_b2c28,MATR_b1c42,MATR_b1c35,MATR_b3c40,MATR_b4c34,MATR_b2c44,MATR_b4c17,MATR_b3c29,MATR_b2c14",False,False,0.95
200,MATR_b4c4,656.0,603.8546220783207,45.40264243304752,514.8670781065977,692.8421660500438,456.0,403.85462207832074,314.86707810659766,492.84216605004383,52.145377921679255,"MATR_b4c7,MATR_b4c22,MATR_b2c26,MATR_b2c28,MATR_b1c42,MATR_b1c35,MATR_b3c40,MATR_b4c34,MATR_b2c44,MATR_b4c17,MATR_b3c29,MATR_b2c14",False,False,0.95
200,MATR_b4c9,442.0,441.78787240237835,27.943729760324846,387.0191684784216,496.5565763263351,242.0,241.78787240237835,187.0191684784216,296.5565763263351,0.21212759762164524,"MATR_b4c7,MATR_b4c22,MATR_b2c26,MATR_b2c28,MATR_b1c42,MATR_b1c35,MATR_b3c40,MATR_b4c34,MATR_b2c44,MATR_b4c17,MATR_b3c29,MATR_b2c14",False,False,0.95
220,MATR_b1c1,2154.0,1792.4664081496535,254.48616780564151,1293.6826846869797,2291.250131612327,1934.0,1572.4664081496535,1073.6826846869797,2071.250131612327,361.5335918503465,"MATR_b2c38,MATR_b2c13,MATR_b2c43,MATR_b4c40,MATR_b4c7,MATR_b1c43,MATR_b3c4,MATR_b2c44,MATR_b3c26,MATR_b4c42,MATR_b4c17,MATR_b4c31",False,False,0.95
220,MATR_b1c20,533.0,538.2491807162726,33.496925757873164,472.59641263802916,603.901948794516,313.0,318.2491807162726,252.59641263802916,383.901948794516,5.249180716272576,"MATR_b2c38,MATR_b2c13,MATR_b2c43,MATR_b4c40,MATR_b4c7,MATR_b1c43,MATR_b3c4,MATR_b2c44,MATR_b3c26,MATR_b4c42,MATR_b4c17,MATR_b4c31",False,False,0.95
220,MATR_b1c21,557.0,494.4912638032385,33.66731992090067,428.5045293022853,560.4779983041917,337.0,274.4912638032385,208.50452930228528,340.4779983041917,62.508736196761504,"MATR_b2c38,MATR_b2c13,MATR_b2c43,MATR_b4c40,MATR_b4c7,MATR_b1c43,MATR_b3c4,MATR_b2c44,MATR_b3c26,MATR_b4c42,MATR_b4c17,MATR_b4c31",False,False,0.95
220,MATR_b1c28,858.0,773.0757833736341,66.25944311166869,643.2096612390828,902.9419055081853,638.0,553.0757833736341,423.20966123908283,682.9419055081853,84.92421662636593,"MATR_b2c38,MATR_b2c13,MATR_b2c43,MATR_b4c40,MATR_b4c7,MATR_b1c43,MATR_b3c4,MATR_b2c44,MATR_b3c26,MATR_b4c42,MATR_b4c17,MATR_b4c31",False,False,0.95
220,MATR_b1c39,622.0,597.6670867733623,43.50700602040643,512.3949218981984,682.9392516485261,402.0,377.66708677336226,292.3949218981984,462.9392516485261,24.332913226637743,"MATR_b2c38,MATR_b2c13,MATR_b2c43,MATR_b4c40,MATR_b4c7,MATR_b1c43,MATR_b3c4,MATR_b2c44,MATR_b3c26,MATR_b4c42,MATR_b4c17,MATR_b4c31",False,False,0.95
220,MATR_b1c7,869.0,914.5625886222889,79.71338825649617,758.3272185538983,1070.7979586906795,649.0,694.5625886222889,538.3272185538983,850.7979586906795,45.5625886222889,"MATR_b2c38,MATR_b2c13,MATR_b2c43,MATR_b4c40,MATR_b4c7,MATR_b1c43,MATR_b3c4,MATR_b2c44,MATR_b3c26,MATR_b4c42,MATR_b4c17,MATR_b4c31",False,False,0.95
220,MATR_b1c9,1052.0,955.8114743091476,85.38246532125346,788.4649173682507,1123.1580312500444,832.0,735.8114743091476,568.4649173682507,903.1580312500444,96.18852569085243,"MATR_b2c38,MATR_b2c13,MATR_b2c43,MATR_b4c40,MATR_b4c7,MATR_b1c43,MATR_b3c4,MATR_b2c44,MATR_b3c26,MATR_b4c42,MATR_b4c17,MATR_b4c31",False,False,0.95
220,MATR_b2c10,560.0,541.6369914507463,34.0443575023808,474.911276869274,608.3627060322186,340.0,321.63699145074634,254.911276869274,388.3627060322186,18.363008549253664,"MATR_b2c38,MATR_b2c13,MATR_b2c43,MATR_b4c40,MATR_b4c7,MATR_b1c43,MATR_b3c4,MATR_b2c44,MATR_b3c26,MATR_b4c42,MATR_b4c17,MATR_b4c31",False,False,0.95
220,MATR_b2c21,488.0,446.17167756409214,30.62225944003076,386.15315193639015,506.1902031917941,268.0,226.17167756409214,166.15315193639015,286.1902031917941,41.828322435907864,"MATR_b2c38,MATR_b2c13,MATR_b2c43,MATR_b4c40,MATR_b4c7,MATR_b1c43,MATR_b3c4,MATR_b2c44,MATR_b3c26,MATR_b4c42,MATR_b4c17,MATR_b4c31",False,False,0.95
220,MATR_b2c23,526.0,443.6448702814904,29.788474765185704,385.2605325873462,502.0292079756346,306.0,223.6448702814904,165.26053258734618,282.0292079756346,82.3551297185096,"MATR_b2c38,MATR_b2c13,MATR_b2c43,MATR_b4c40,MATR_b4c7,MATR_b1c43,MATR_b3c4,MATR_b2c44,MATR_b3c26,MATR_b4c42,MATR_b4c17,MATR_b4c31",False,False,0.95
220,MATR_b2c25,460.0,451.40807730008714,29.061430604008365,394.44871997702063,508.36743462315366,240.0,231.40807730008714,174.44871997702063,288.36743462315366,8.591922699912857,"MATR_b2c38,MATR_b2c13,MATR_b2c43,MATR_b4c40,MATR_b4c7,MATR_b1c43,MATR_b3c4,MATR_b2c44,MATR_b3c26,MATR_b4c42,MATR_b4c17,MATR_b4c31",False,False,0.95
220,MATR_b2c29,497.0,557.1514742057731,39.4274830873222,479.87502735355946,634.4279210579866,277.0,337.15147420577307,259.87502735355946,414.4279210579866,60.15147420577307,"MATR_b2c38,MATR_b2c13,MATR_b2c43,MATR_b4c40,MATR_b4c7,MATR_b1c43,MATR_b3c4,MATR_b2c44,MATR_b3c26,MATR_b4c42,MATR_b4c17,MATR_b4c31",False,False,0.95
220,MATR_b2c30,480.0,488.57621411893564,31.73861564030077,426.36967054478646,550.7827576930848,260.0,268.57621411893564,206.36967054478646,330.7827576930848,8.576214118935638,"MATR_b2c38,MATR_b2c13,MATR_b2c43,MATR_b4c40,MATR_b4c7,MATR_b1c43,MATR_b3c4,MATR_b2c44,MATR_b3c26,MATR_b4c42,MATR_b4c17,MATR_b4c31",False,False,0.95
220,MATR_b2c36,534.0,585.1791610835007,42.238607989283956,502.3930106673984,667.9653114996031,314.0,365.17916108350073,282.3930106673984,447.9653114996031,51.17916108350073,"MATR_b2c38,MATR_b2c13,MATR_b2c43,MATR_b4c40,MATR_b4c7,MATR_b1c43,MATR_b3c4,MATR_b2c44,MATR_b3c26,MATR_b4c42,MATR_b4c17,MATR_b4c31",False,False,0.95
220,MATR_b2c40,498.0,478.0417380334876,32.88994551933879,413.57862936209904,542.5048467048762,278.0,258.0417380334876,193.57862936209904,322.5048467048762,19.958261966512396,"MATR_b2c38,MATR_b2c13,MATR_b2c43,MATR_b4c40,MATR_b4c7,MATR_b1c43,MATR_b3c4,MATR_b2c44,MATR_b3c26,MATR_b4c42,MATR_b4c17,MATR_b4c31",False,False,0.95
220,MATR_b2c42,465.0,480.29707843009055,33.472426484379234,414.6923280455426,545.9018288146385,245.0,260.29707843009055,194.69232804554258,325.9018288146385,15.29707843009055,"MATR_b2c38,MATR_b2c13,MATR_b2c43,MATR_b4c40,MATR_b4c7,MATR_b1c43,MATR_b3c4,MATR_b2c44,MATR_b3c26,MATR_b4c42,MATR_b4c17,MATR_b4c31",False,False,0.95
220,MATR_b2c46,428.0,441.9724187754578,31.92419585638997,379.40214466153066,504.54269288938497,208.0,221.9724187754578,159.40214466153066,284.54269288938497,13.972418775457811,"MATR_b2c38,MATR_b2c13,MATR_b2c43,MATR_b4c40,MATR_b4c7,MATR_b1c43,MATR_b3c4,MATR_b2c44,MATR_b3c26,MATR_b4c42,MATR_b4c17,MATR_b4c31",False,False,0.95
220,MATR_b3c19,1152.0,1495.1121967870217,159.4875552586173,1182.52233249779,1807.7020610762534,932.0,1275.1121967870217,962.5223324977901,1587.7020610762534,343.11219678702173,"MATR_b2c38,MATR_b2c13,MATR_b2c43,MATR_b4c40,MATR_b4c7,MATR_b1c43,MATR_b3c4,MATR_b2c44,MATR_b3c26,MATR_b4c42,MATR_b4c17,MATR_b4c31",False,False,0.95
220,MATR_b3c20,811.0,869.6354146902607,71.9783734245242,728.5603951124184,1010.7104342681031,591.0,649.6354146902607,508.5603951124184,790.7104342681031,58.635414690260745,"MATR_b2c38,MATR_b2c13,MATR_b2c43,MATR_b4c40,MATR_b4c7,MATR_b1c43,MATR_b3c4,MATR_b2c44,MATR_b3c26,MATR_b4c42,MATR_b4c17,MATR_b4c31",False,False,0.95
220,MATR_b3c3,1113.0,1294.6358526127735,113.51997697498905,1072.1407862159788,1517.1309190095683,893.0,1074.6358526127735,852.1407862159788,1297.1309190095683,181.63585261277353,"MATR_b2c38,MATR_b2c13,MATR_b2c43,MATR_b4c40,MATR_b4c7,MATR_b1c43,MATR_b3c4,MATR_b2c44,MATR_b3c26,MATR_b4c42,MATR_b4c17,MATR_b4c31",False,False,0.95
220,MATR_b3c30,933.0,1297.8723208173033,126.76859528640763,1049.4104396852103,1546.3342019493962,713.0,1077.8723208173033,829.4104396852103,1326.3342019493962,364.87232081730326,"MATR_b2c38,MATR_b2c13,MATR_b2c43,MATR_b4c40,MATR_b4c7,MATR_b1c43,MATR_b3c4,MATR_b2c44,MATR_b3c26,MATR_b4c42,MATR_b4c17,MATR_b4c31",False,False,0.95
220,MATR_b3c44,938.0,1086.5085348990656,103.93622205796616,882.7972829762944,1290.2197868218368,718.0,866.5085348990656,662.7972829762944,1070.2197868218368,148.50853489906558,"MATR_b2c38,MATR_b2c13,MATR_b2c43,MATR_b4c40,MATR_b4c7,MATR_b1c43,MATR_b3c4,MATR_b2c44,MATR_b3c26,MATR_b4c42,MATR_b4c17,MATR_b4c31",False,False,0.95
220,MATR_b3c45,1799.0,1795.9115270252435,240.08626709857992,1325.3510903293632,2266.4719637211238,1579.0,1575.9115270252435,1105.3510903293632,2046.4719637211238,3.0884729747565416,"MATR_b2c38,MATR_b2c13,MATR_b2c43,MATR_b4c40,MATR_b4c7,MATR_b1c43,MATR_b3c4,MATR_b2c44,MATR_b3c26,MATR_b4c42,MATR_b4c17,MATR_b4c31",False,False,0.95
220,MATR_b4c10,872.0,919.8527827281687,76.13480650752321,770.6313040034975,1069.07426145284,652.0,699.8527827281687,550.6313040034975,849.0742614528399,47.85278272816868,"MATR_b2c38,MATR_b2c13,MATR_b2c43,MATR_b4c40,MATR_b4c7,MATR_b1c43,MATR_b3c4,MATR_b2c44,MATR_b3c26,MATR_b4c42,MATR_b4c17,MATR_b4c31",False,False,0.95
220,MATR_b4c13,771.0,859.3126325298266,70.34265679954763,721.4435586258518,997.1817064338014,551.0,639.3126325298266,501.4435586258518,777.1817064338014,88.3126325298266,"MATR_b2c38,MATR_b2c13,MATR_b2c43,MATR_b4c40,MATR_b4c7,MATR_b1c43,MATR_b3c4,MATR_b2c44,MATR_b3c26,MATR_b4c42,MATR_b4c17,MATR_b4c31",False,False,0.95
220,MATR_b4c16,909.0,904.3474081516412,89.52136839814573,728.8887502445334,1079.806066058749,689.0,684.3474081516412,508.8887502445334,859.8060660587489,4.652591848358838,"MATR_b2c38,MATR_b2c13,MATR_b2c43,MATR_b4c40,MATR_b4c7,MATR_b1c43,MATR_b3c4,MATR_b2c44,MATR_b3c26,MATR_b4c42,MATR_b4c17,MATR_b4c31",False,False,0.95
220,MATR_b4c18,906.0,1132.6828731512978,149.84987647154136,838.9825121793008,1426.3832341232949,686.0,912.6828731512978,618.9825121793008,1206.3832341232949,226.68287315129783,"MATR_b2c38,MATR_b2c13,MATR_b2c43,MATR_b4c40,MATR_b4c7,MATR_b1c43,MATR_b3c4,MATR_b2c44,MATR_b3c26,MATR_b4c42,MATR_b4c17,MATR_b4c31",False,False,0.95
220,MATR_b4c25,453.0,427.64603963057556,28.218220475251936,372.33934379127106,482.95273546988005,233.0,207.64603963057556,152.33934379127106,262.95273546988005,25.353960369424442,"MATR_b2c38,MATR_b2c13,MATR_b2c43,MATR_b4c40,MATR_b4c7,MATR_b1c43,MATR_b3c4,MATR_b2c44,MATR_b3c26,MATR_b4c42,MATR_b4c17,MATR_b4c31",False,False,0.95
220,MATR_b4c29,887.0,1193.042072764565,108.83332271984084,979.7326799158523,1406.351465613278,667.0,973.0420727645651,759.7326799158523,1186.351465613278,306.0420727645651,"MATR_b2c38,MATR_b2c13,MATR_b2c43,MATR_b4c40,MATR_b4c7,MATR_b1c43,MATR_b3c4,MATR_b2c44,MATR_b3c26,MATR_b4c42,MATR_b4c17,MATR_b4c31",False,False,0.95
220,MATR_b4c33,505.0,453.1715242576662,29.70608244148231,394.9486725505832,511.3943759647492,285.0,233.1715242576662,174.94867255058318,291.3943759647492,51.82847574233381,"MATR_b2c38,MATR_b2c13,MATR_b2c43,MATR_b4c40,MATR_b4c7,MATR_b1c43,MATR_b3c4,MATR_b2c44,MATR_b3c26,MATR_b4c42,MATR_b4c17,MATR_b4c31",False,False,0.95
220,MATR_b4c37,863.0,792.0030531289149,63.25361470676558,668.0282464116813,915.9778598461485,643.0,572.0030531289149,448.02824641168127,695.9778598461485,70.99694687108513,"MATR_b2c38,MATR_b2c13,MATR_b2c43,MATR_b4c40,MATR_b4c7,MATR_b1c43,MATR_b3c4,MATR_b2c44,MATR_b3c26,MATR_b4c42,MATR_b4c17,MATR_b4c31",False,False,0.95
220,MATR_b4c4,656.0,610.1822420319313,45.055107148227464,521.8758547018124,698.4886293620502,436.0,390.1822420319313,301.8758547018124,478.48862936205023,45.81775796806869,"MATR_b2c38,MATR_b2c13,MATR_b2c43,MATR_b4c40,MATR_b4c7,MATR_b1c43,MATR_b3c4,MATR_b2c44,MATR_b3c26,MATR_b4c42,MATR_b4c17,MATR_b4c31",False,False,0.95
220,MATR_b4c9,442.0,446.2331124439028,27.93585399176002,391.47984474268367,500.986380145122,222.0,226.23311244390283,171.47984474268367,280.986380145122,4.233112443902826,"MATR_b2c38,MATR_b2c13,MATR_b2c43,MATR_b4c40,MATR_b4c7,MATR_b1c43,MATR_b3c4,MATR_b2c44,MATR_b3c26,MATR_b4c42,MATR_b4c17,MATR_b4c31",False,False,0.95
240,MATR_b1c1,2154.0,1781.8552679646104,254.09970477025,1283.82899813266,2279.881537796561,1914.0,1541.8552679646104,1043.82899813266,2039.8815377965611,372.14473203538955,"MATR_b2c26,MATR_b4c32,MATR_b3c35,MATR_b1c36,MATR_b3c1,MATR_b1c0,MATR_b1c19,MATR_b4c40,MATR_b3c36,MATR_b2c44,MATR_b3c6,MATR_b1c43",False,False,0.95
240,MATR_b1c20,533.0,519.835966195473,31.889314986075867,457.3340573311109,582.3378750598351,293.0,279.835966195473,217.3340573311109,342.33787505983514,13.16403380452698,"MATR_b2c26,MATR_b4c32,MATR_b3c35,MATR_b1c36,MATR_b3c1,MATR_b1c0,MATR_b1c19,MATR_b4c40,MATR_b3c36,MATR_b2c44,MATR_b3c6,MATR_b1c43",False,False,0.95
240,MATR_b1c21,557.0,493.0714930254661,32.79917885142286,428.7862837541895,557.3567022967427,317.0,253.0714930254661,188.78628375418953,317.3567022967427,63.92850697453389,"MATR_b2c26,MATR_b4c32,MATR_b3c35,MATR_b1c36,MATR_b3c1,MATR_b1c0,MATR_b1c19,MATR_b4c40,MATR_b3c36,MATR_b2c44,MATR_b3c6,MATR_b1c43",False,False,0.95
240,MATR_b1c28,858.0,756.6589024379591,62.8020735201637,633.5691001840016,879.7487046919166,618.0,516.6589024379591,393.5691001840016,639.7487046919166,101.34109756204089,"MATR_b2c26,MATR_b4c32,MATR_b3c35,MATR_b1c36,MATR_b3c1,MATR_b1c0,MATR_b1c19,MATR_b4c40,MATR_b3c36,MATR_b2c44,MATR_b3c6,MATR_b1c43",False,False,0.95
240,MATR_b1c39,622.0,593.2256108700611,41.865893555086735,511.1699673215036,675.2812544186187,382.0,353.22561087006113,271.1699673215036,435.2812544186187,28.774389129938868,"MATR_b2c26,MATR_b4c32,MATR_b3c35,MATR_b1c36,MATR_b3c1,MATR_b1c0,MATR_b1c19,MATR_b4c40,MATR_b3c36,MATR_b2c44,MATR_b3c6,MATR_b1c43",False,False,0.95
240,MATR_b1c7,869.0,895.0049034146955,77.42611311840645,743.2525102396946,1046.7572965896964,629.0,655.0049034146955,503.25251023969463,806.7572965896964,26.00490341469549,"MATR_b2c26,MATR_b4c32,MATR_b3c35,MATR_b1c36,MATR_b3c1,MATR_b1c0,MATR_b1c19,MATR_b4c40,MATR_b3c36,MATR_b2c44,MATR_b3c6,MATR_b1c43",False,False,0.95
240,MATR_b1c9,1052.0,930.3292945383147,82.460967425905,768.7087682532103,1091.949820823419,812.0,690.3292945383147,528.7087682532103,851.949820823419,121.67070546168532,"MATR_b2c26,MATR_b4c32,MATR_b3c35,MATR_b1c36,MATR_b3c1,MATR_b1c0,MATR_b1c19,MATR_b4c40,MATR_b3c36,MATR_b2c44,MATR_b3c6,MATR_b1c43",False,False,0.95
240,MATR_b2c10,560.0,551.9137622014066,34.677734191873746,483.94665211988087,619.8808722829323,320.0,311.9137622014066,243.94665211988087,379.8808722829323,8.086237798593402,"MATR_b2c26,MATR_b4c32,MATR_b3c35,MATR_b1c36,MATR_b3c1,MATR_b1c0,MATR_b1c19,MATR_b4c40,MATR_b3c36,MATR_b2c44,MATR_b3c6,MATR_b1c43",False,False,0.95
240,MATR_b2c21,488.0,440.3169922248759,29.46753881492112,382.5616774345944,498.0723070151574,248.0,200.3169922248759,142.5616774345944,258.0723070151574,47.68300777512411,"MATR_b2c26,MATR_b4c32,MATR_b3c35,MATR_b1c36,MATR_b3c1,MATR_b1c0,MATR_b1c19,MATR_b4c40,MATR_b3c36,MATR_b2c44,MATR_b3c6,MATR_b1c43",False,False,0.95
240,MATR_b2c23,526.0,442.5096890734313,29.027331051375945,385.61716564541325,499.4022125014493,286.0,202.50968907343128,145.61716564541325,259.4022125014493,83.49031092656872,"MATR_b2c26,MATR_b4c32,MATR_b3c35,MATR_b1c36,MATR_b3c1,MATR_b1c0,MATR_b1c19,MATR_b4c40,MATR_b3c36,MATR_b2c44,MATR_b3c6,MATR_b1c43",False,False,0.95
240,MATR_b2c25,460.0,446.8222518759267,28.54479184117088,390.87548792103905,502.7690158308144,220.0,206.82225187592672,150.87548792103905,262.7690158308144,13.177748124073275,"MATR_b2c26,MATR_b4c32,MATR_b3c35,MATR_b1c36,MATR_b3c1,MATR_b1c0,MATR_b1c19,MATR_b4c40,MATR_b3c36,MATR_b2c44,MATR_b3c6,MATR_b1c43",False,False,0.95
240,MATR_b2c29,497.0,538.918592985913,37.12294557680676,466.15895665533134,611.6782293164948,257.0,298.91859298591305,226.15895665533134,371.6782293164948,41.91859298591305,"MATR_b2c26,MATR_b4c32,MATR_b3c35,MATR_b1c36,MATR_b3c1,MATR_b1c0,MATR_b1c19,MATR_b4c40,MATR_b3c36,MATR_b2c44,MATR_b3c6,MATR_b1c43",False,False,0.95
240,MATR_b2c30,480.0,486.8120074270363,31.06305211266913,425.929544036314,547.6944708177587,240.0,246.8120074270363,185.92954403631398,307.69447081775866,6.812007427036292,"MATR_b2c26,MATR_b4c32,MATR_b3c35,MATR_b1c36,MATR_b3c1,MATR_b1c0,MATR_b1c19,MATR_b4c40,MATR_b3c36,MATR_b2c44,MATR_b3c6,MATR_b1c43",False,False,0.95
240,MATR_b2c36,534.0,575.9729077902275,40.49258312100479,496.60890323206365,655.3369123483914,294.0,335.9729077902275,256.60890323206365,415.33691234839137,41.97290779022751,"MATR_b2c26,MATR_b4c32,MATR_b3c35,MATR_b1c36,MATR_b3c1,MATR_b1c0,MATR_b1c19,MATR_b4c40,MATR_b3c36,MATR_b2c44,MATR_b3c6,MATR_b1c43",False,False,0.95
240,MATR_b2c40,498.0,471.95692226197315,31.736250103894346,409.7550150539847,534.1588294699616,258.0,231.95692226197315,169.75501505398472,294.1588294699616,26.043077738026852,"MATR_b2c26,MATR_b4c32,MATR_b3c35,MATR_b1c36,MATR_b3c1,MATR_b1c0,MATR_b1c19,MATR_b4c40,MATR_b3c36,MATR_b2c44,MATR_b3c6,MATR_b1c43",False,False,0.95
240,MATR_b2c42,465.0,472.1664708008665,32.36394821101018,408.734297909767,535.5986436919659,225.0,232.16647080086648,168.734297909767,295.5986436919659,7.1664708008664775,"MATR_b2c26,MATR_b4c32,MATR_b3c35,MATR_b1c36,MATR_b3c1,MATR_b1c0,MATR_b1c19,MATR_b4c40,MATR_b3c36,MATR_b2c44,MATR_b3c6,MATR_b1c43",False,False,0.95
240,MATR_b2c46,428.0,433.81218150774157,30.823651626661455,373.39893444747565,494.2254285680075,188.0,193.81218150774157,133.39893444747565,254.2254285680075,5.81218150774157,"MATR_b2c26,MATR_b4c32,MATR_b3c35,MATR_b1c36,MATR_b3c1,MATR_b1c0,MATR_b1c19,MATR_b4c40,MATR_b3c36,MATR_b2c44,MATR_b3c6,MATR_b1c43",False,False,0.95
240,MATR_b3c19,1152.0,1463.5231344160072,151.42361431600065,1166.7383039477622,1760.3079648842522,912.0,1223.5231344160072,926.7383039477622,1520.3079648842522,311.5231344160072,"MATR_b2c26,MATR_b4c32,MATR_b3c35,MATR_b1c36,MATR_b3c1,MATR_b1c0,MATR_b1c19,MATR_b4c40,MATR_b3c36,MATR_b2c44,MATR_b3c6,MATR_b1c43",False,False,0.95
240,MATR_b3c20,811.0,853.3685920745281,69.2969947411171,717.5489781450772,989.1882060039791,571.0,613.3685920745281,477.54897814507717,749.1882060039791,42.368592074528124,"MATR_b2c26,MATR_b4c32,MATR_b3c35,MATR_b1c36,MATR_b3c1,MATR_b1c0,MATR_b1c19,MATR_b4c40,MATR_b3c36,MATR_b2c44,MATR_b3c6,MATR_b1c43",False,False,0.95
240,MATR_b3c3,1113.0,1304.565027645202,113.57820888397207,1081.9558288040496,1527.1742264863544,873.0,1064.565027645202,841.9558288040496,1287.1742264863544,191.565027645202,"MATR_b2c26,MATR_b4c32,MATR_b3c35,MATR_b1c36,MATR_b3c1,MATR_b1c0,MATR_b1c19,MATR_b4c40,MATR_b3c36,MATR_b2c44,MATR_b3c6,MATR_b1c43",False,False,0.95
240,MATR_b3c30,933.0,1260.873190351346,120.3260568835053,1025.0384524579579,1496.7079282447341,693.0,1020.873190351346,785.0384524579579,1256.7079282447341,327.873190351346,"MATR_b2c26,MATR_b4c32,MATR_b3c35,MATR_b1c36,MATR_b3c1,MATR_b1c0,MATR_b1c19,MATR_b4c40,MATR_b3c36,MATR_b2c44,MATR_b3c6,MATR_b1c43",False,False,0.95
240,MATR_b3c44,938.0,1071.196383206889,99.82016281075056,875.5524591668935,1266.8403072468845,698.0,831.1963832068891,635.5524591668935,1026.8403072468845,133.1963832068891,"MATR_b2c26,MATR_b4c32,MATR_b3c35,MATR_b1c36,MATR_b3c1,MATR_b1c0,MATR_b1c19,MATR_b4c40,MATR_b3c36,MATR_b2c44,MATR_b3c6,MATR_b1c43",False,False,0.95
240,MATR_b3c45,1799.0,1797.1346302141897,239.69360532180224,1327.343796458899,2266.92546396948,1559.0,1557.1346302141897,1087.343796458899,2026.92546396948,1.8653697858103442,"MATR_b2c26,MATR_b4c32,MATR_b3c35,MATR_b1c36,MATR_b3c1,MATR_b1c0,MATR_b1c19,MATR_b4c40,MATR_b3c36,MATR_b2c44,MATR_b3c6,MATR_b1c43",False,False,0.95
240,MATR_b4c10,872.0,924.689380911444,75.9834812442683,775.7644942527035,1073.6142675701844,632.0,684.689380911444,535.7644942527035,833.6142675701844,52.689380911444005,"MATR_b2c26,MATR_b4c32,MATR_b3c35,MATR_b1c36,MATR_b3c1,MATR_b1c0,MATR_b1c19,MATR_b4c40,MATR_b3c36,MATR_b2c44,MATR_b3c6,MATR_b1c43",False,False,0.95
240,MATR_b4c13,771.0,834.384735062401,66.42300182414952,704.1980437420297,964.5714263827723,531.0,594.384735062401,464.19804374202965,724.5714263827723,63.38473506240098,"MATR_b2c26,MATR_b4c32,MATR_b3c35,MATR_b1c36,MATR_b3c1,MATR_b1c0,MATR_b1c19,MATR_b4c40,MATR_b3c36,MATR_b2c44,MATR_b3c6,MATR_b1c43",False,False,0.95
240,MATR_b4c16,909.0,907.8468480311334,90.56641748911326,730.3399315436529,1085.3537645186138,669.0,667.8468480311334,490.33993154365294,845.3537645186138,1.1531519688666094,"MATR_b2c26,MATR_b4c32,MATR_b3c35,MATR_b1c36,MATR_b3c1,MATR_b1c0,MATR_b1c19,MATR_b4c40,MATR_b3c36,MATR_b2c44,MATR_b3c6,MATR_b1c43",False,False,0.95
240,MATR_b4c18,906.0,1022.3062364931884,129.42694883990254,768.6340781380713,1275.9783948483055,666.0,782.3062364931884,528.6340781380713,1035.9783948483055,116.30623649318841,"MATR_b2c26,MATR_b4c32,MATR_b3c35,MATR_b1c36,MATR_b3c1,MATR_b1c0,MATR_b1c19,MATR_b4c40,MATR_b3c36,MATR_b2c44,MATR_b3c6,MATR_b1c43",False,False,0.95
240,MATR_b4c25,453.0,417.1205422234585,27.48931366998815,363.2424774705571,470.99860697635984,213.0,177.12054222345847,123.2424774705571,230.99860697635984,35.87945777654153,"MATR_b2c26,MATR_b4c32,MATR_b3c35,MATR_b1c36,MATR_b3c1,MATR_b1c0,MATR_b1c19,MATR_b4c40,MATR_b3c36,MATR_b2c44,MATR_b3c6,MATR_b1c43",False,False,0.95
240,MATR_b4c29,887.0,1092.7458155353154,95.39198225805491,905.7809658956439,1279.7106651749868,647.0,852.7458155353154,665.7809658956439,1039.7106651749868,205.7458155353154,"MATR_b2c26,MATR_b4c32,MATR_b3c35,MATR_b1c36,MATR_b3c1,MATR_b1c0,MATR_b1c19,MATR_b4c40,MATR_b3c36,MATR_b2c44,MATR_b3c6,MATR_b1c43",False,False,0.95
240,MATR_b4c33,505.0,449.98457691746955,28.97714326117646,393.19041975070616,506.77873408423295,265.0,209.98457691746955,153.19041975070616,266.77873408423295,55.01542308253045,"MATR_b2c26,MATR_b4c32,MATR_b3c35,MATR_b1c36,MATR_b3c1,MATR_b1c0,MATR_b1c19,MATR_b4c40,MATR_b3c36,MATR_b2c44,MATR_b3c6,MATR_b1c43",False,False,0.95
240,MATR_b4c37,863.0,776.9324343588497,61.65399841202066,656.0928179683996,897.7720507492999,623.0,536.9324343588497,416.0928179683996,657.7720507492999,86.06756564115028,"MATR_b2c26,MATR_b4c32,MATR_b3c35,MATR_b1c36,MATR_b3c1,MATR_b1c0,MATR_b1c19,MATR_b4c40,MATR_b3c36,MATR_b2c44,MATR_b3c6,MATR_b1c43",False,False,0.95
240,MATR_b4c4,656.0,609.7533029413587,44.68344166539295,522.175366571892,697.3312393108254,416.0,369.7533029413587,282.175366571892,457.33123931082537,46.2466970586413,"MATR_b2c26,MATR_b4c32,MATR_b3c35,MATR_b1c36,MATR_b3c1,MATR_b1c0,MATR_b1c19,MATR_b4c40,MATR_b3c36,MATR_b2c44,MATR_b3c6,MATR_b1c43",False,False,0.95
240,MATR_b4c9,442.0,443.96254282751545,27.815090768208584,389.44596669511407,498.47911895991683,202.0,203.96254282751545,149.44596669511407,258.47911895991683,1.962542827515449,"MATR_b2c26,MATR_b4c32,MATR_b3c35,MATR_b1c36,MATR_b3c1,MATR_b1c0,MATR_b1c19,MATR_b4c40,MATR_b3c36,MATR_b2c44,MATR_b3c6,MATR_b1c43",False,False,0.95
260,MATR_b1c1,2154.0,1769.1334477042274,249.16647356143775,1280.776133368958,2257.490762039497,1894.0,1509.1334477042274,1020.776133368958,1997.490762039497,384.86655229577264,"MATR_b3c15,MATR_b2c17,MATR_b2c18,MATR_b3c40,MATR_b2c32,MATR_b3c9,MATR_b4c17,MATR_b1c26,MATR_b1c3,MATR_b4c19,MATR_b1c44,MATR_b3c21",False,False,0.95
260,MATR_b1c20,533.0,504.66493515329466,30.458150351834927,444.9680574279922,564.3618128785971,273.0,244.66493515329466,184.96805742799222,304.3618128785971,28.335064846705336,"MATR_b3c15,MATR_b2c17,MATR_b2c18,MATR_b3c40,MATR_b2c32,MATR_b3c9,MATR_b4c17,MATR_b1c26,MATR_b1c3,MATR_b4c19,MATR_b1c44,MATR_b3c21",False,False,0.95
260,MATR_b1c21,557.0,490.8488212046366,32.18914025058201,427.75926562018725,553.9383767890859,297.0,230.84882120463658,167.75926562018725,293.93837678908585,66.15117879536342,"MATR_b3c15,MATR_b2c17,MATR_b2c18,MATR_b3c40,MATR_b2c32,MATR_b3c9,MATR_b4c17,MATR_b1c26,MATR_b1c3,MATR_b4c19,MATR_b1c44,MATR_b3c21",False,False,0.95
260,MATR_b1c28,858.0,753.7838735196457,61.32000021145344,633.5988815732085,873.9688654660829,598.0,493.7838735196457,373.5988815732085,613.9688654660829,104.21612648035432,"MATR_b3c15,MATR_b2c17,MATR_b2c18,MATR_b3c40,MATR_b2c32,MATR_b3c9,MATR_b4c17,MATR_b1c26,MATR_b1c3,MATR_b4c19,MATR_b1c44,MATR_b3c21",False,False,0.95
260,MATR_b1c39,622.0,586.9410022389937,40.60459213318354,507.35746405101565,666.5245404269718,362.0,326.94100223899375,247.35746405101565,406.52454042697184,35.05899776100625,"MATR_b3c15,MATR_b2c17,MATR_b2c18,MATR_b3c40,MATR_b2c32,MATR_b3c9,MATR_b4c17,MATR_b1c26,MATR_b1c3,MATR_b4c19,MATR_b1c44,MATR_b3c21",False,False,0.95
260,MATR_b1c7,869.0,887.0408934352336,75.83035161200266,738.4161353406996,1035.6656515297675,609.0,627.0408934352336,478.4161353406996,775.6656515297675,18.040893435233556,"MATR_b3c15,MATR_b2c17,MATR_b2c18,MATR_b3c40,MATR_b2c32,MATR_b3c9,MATR_b4c17,MATR_b1c26,MATR_b1c3,MATR_b4c19,MATR_b1c44,MATR_b3c21",False,False,0.95
260,MATR_b1c9,1052.0,925.6600796391555,81.17847545980628,766.5531914180666,1084.7669678602442,792.0,665.6600796391555,506.5531914180666,824.7669678602442,126.33992036084453,"MATR_b3c15,MATR_b2c17,MATR_b2c18,MATR_b3c40,MATR_b2c32,MATR_b3c9,MATR_b4c17,MATR_b1c26,MATR_b1c3,MATR_b4c19,MATR_b1c44,MATR_b3c21",False,False,0.95
260,MATR_b2c10,560.0,552.5961762879379,34.414576900003354,485.1448450207472,620.0475075551285,300.0,292.59617628793785,225.1448450207472,360.0475075551285,7.403823712062149,"MATR_b3c15,MATR_b2c17,MATR_b2c18,MATR_b3c40,MATR_b2c32,MATR_b3c9,MATR_b4c17,MATR_b1c26,MATR_b1c3,MATR_b4c19,MATR_b1c44,MATR_b3c21",False,False,0.95
260,MATR_b2c21,488.0,432.9779241572825,28.742644356536484,376.64337639802756,489.3124719165374,228.0,172.97792415728247,116.64337639802756,229.3124719165374,55.02207584271753,"MATR_b3c15,MATR_b2c17,MATR_b2c18,MATR_b3c40,MATR_b2c32,MATR_b3c9,MATR_b4c17,MATR_b1c26,MATR_b1c3,MATR_b4c19,MATR_b1c44,MATR_b3c21",False,False,0.95
260,MATR_b2c23,526.0,439.2293289452145,28.630702252777994,383.1141836776799,495.3444742127491,266.0,179.2293289452145,123.11418367767988,235.3444742127491,86.77067105478551,"MATR_b3c15,MATR_b2c17,MATR_b2c18,MATR_b3c40,MATR_b2c32,MATR_b3c9,MATR_b4c17,MATR_b1c26,MATR_b1c3,MATR_b4c19,MATR_b1c44,MATR_b3c21",False,False,0.95
260,MATR_b2c25,460.0,439.952492418017,28.223361631930867,384.6357200967829,495.2692647392511,200.0,179.95249241801702,124.6357200967829,235.26926473925113,20.047507581982984,"MATR_b3c15,MATR_b2c17,MATR_b2c18,MATR_b3c40,MATR_b2c32,MATR_b3c9,MATR_b4c17,MATR_b1c26,MATR_b1c3,MATR_b4c19,MATR_b1c44,MATR_b3c21",False,False,0.95
260,MATR_b2c29,497.0,530.7493252397985,36.132534765153714,459.93085842995583,601.5677920496412,237.0,270.7493252397985,199.93085842995583,341.5677920496412,33.74932523979851,"MATR_b3c15,MATR_b2c17,MATR_b2c18,MATR_b3c40,MATR_b2c32,MATR_b3c9,MATR_b4c17,MATR_b1c26,MATR_b1c3,MATR_b4c19,MATR_b1c44,MATR_b3c21",False,False,0.95
260,MATR_b2c30,480.0,482.5205099852404,30.525078197114922,422.69245609362633,542.3485638768544,220.0,222.52050998524038,162.69245609362633,282.3485638768544,2.5205099852403805,"MATR_b3c15,MATR_b2c17,MATR_b2c18,MATR_b3c40,MATR_b2c32,MATR_b3c9,MATR_b4c17,MATR_b1c26,MATR_b1c3,MATR_b4c19,MATR_b1c44,MATR_b3c21",False,False,0.95
260,MATR_b2c36,534.0,568.7459523349474,39.31396755651966,491.6919918347928,645.7999128351021,274.0,308.74595233494745,231.69199183479282,385.7999128351021,34.74595233494745,"MATR_b3c15,MATR_b2c17,MATR_b2c18,MATR_b3c40,MATR_b2c32,MATR_b3c9,MATR_b4c17,MATR_b1c26,MATR_b1c3,MATR_b4c19,MATR_b1c44,MATR_b3c21",False,False,0.95
260,MATR_b2c40,498.0,464.7169995231805,30.757535315769065,404.43333805105436,525.0006609953067,238.0,204.7169995231805,144.43333805105436,265.0006609953067,33.283000476819495,"MATR_b3c15,MATR_b2c17,MATR_b2c18,MATR_b3c40,MATR_b2c32,MATR_b3c9,MATR_b4c17,MATR_b1c26,MATR_b1c3,MATR_b4c19,MATR_b1c44,MATR_b3c21",False,False,0.95
260,MATR_b2c42,465.0,464.70929857984277,31.526092914210277,402.9192918947272,526.4993052649583,205.0,204.70929857984277,142.91929189472722,266.49930526495825,0.29070142015723377,"MATR_b3c15,MATR_b2c17,MATR_b2c18,MATR_b3c40,MATR_b2c32,MATR_b3c9,MATR_b4c17,MATR_b1c26,MATR_b1c3,MATR_b4c19,MATR_b1c44,MATR_b3c21",False,False,0.95
260,MATR_b2c46,428.0,427.29832304551996,30.352534331294716,367.8084489166668,486.7881971743731,168.0,167.29832304551996,107.8084489166668,226.78819717437312,0.7016769544800354,"MATR_b3c15,MATR_b2c17,MATR_b2c18,MATR_b3c40,MATR_b2c32,MATR_b3c9,MATR_b4c17,MATR_b1c26,MATR_b1c3,MATR_b4c19,MATR_b1c44,MATR_b3c21",False,False,0.95
260,MATR_b3c19,1152.0,1474.3859538613428,149.56754883809992,1181.2389448827314,1767.5329628399543,892.0,1214.3859538613428,921.2389448827314,1507.5329628399543,322.38595386134284,"MATR_b3c15,MATR_b2c17,MATR_b2c18,MATR_b3c40,MATR_b2c32,MATR_b3c9,MATR_b4c17,MATR_b1c26,MATR_b1c3,MATR_b4c19,MATR_b1c44,MATR_b3c21",False,False,0.95
260,MATR_b3c20,811.0,858.6555529928743,68.98426910151862,723.4488700540785,993.86223593167,551.0,598.6555529928743,463.4488700540785,733.86223593167,47.65555299287428,"MATR_b3c15,MATR_b2c17,MATR_b2c18,MATR_b3c40,MATR_b2c32,MATR_b3c9,MATR_b4c17,MATR_b1c26,MATR_b1c3,MATR_b4c19,MATR_b1c44,MATR_b3c21",False,False,0.95
260,MATR_b3c3,1113.0,1308.6887964690998,114.92583943469302,1083.4382902840684,1533.939302654131,853.0,1048.6887964690998,823.4382902840684,1273.939302654131,195.68879646909977,"MATR_b3c15,MATR_b2c17,MATR_b2c18,MATR_b3c40,MATR_b2c32,MATR_b3c9,MATR_b4c17,MATR_b1c26,MATR_b1c3,MATR_b4c19,MATR_b1c44,MATR_b3c21",False,False,0.95
260,MATR_b3c30,933.0,1261.714492510957,117.94770859376817,1030.5412316081458,1492.887753413768,673.0,1001.7144925109569,770.5412316081458,1232.887753413768,328.7144925109569,"MATR_b3c15,MATR_b2c17,MATR_b2c18,MATR_b3c40,MATR_b2c32,MATR_b3c9,MATR_b4c17,MATR_b1c26,MATR_b1c3,MATR_b4c19,MATR_b1c44,MATR_b3c21",False,False,0.95
260,MATR_b3c44,938.0,1070.823146455347,98.18787362355995,878.3784504345991,1263.2678424760948,678.0,810.8231464553469,618.3784504345991,1003.2678424760948,132.8231464553469,"MATR_b3c15,MATR_b2c17,MATR_b2c18,MATR_b3c40,MATR_b2c32,MATR_b3c9,MATR_b4c17,MATR_b1c26,MATR_b1c3,MATR_b4c19,MATR_b1c44,MATR_b3c21",False,False,0.95
260,MATR_b3c45,1799.0,1799.10441410649,238.97885072659042,1330.714473615599,2267.4943545973806,1539.0,1539.10441410649,1070.714473615599,2007.4943545973806,0.10441410648991223,"MATR_b3c15,MATR_b2c17,MATR_b2c18,MATR_b3c40,MATR_b2c32,MATR_b3c9,MATR_b4c17,MATR_b1c26,MATR_b1c3,MATR_b4c19,MATR_b1c44,MATR_b3c21",False,False,0.95
260,MATR_b4c10,872.0,929.2849102148775,76.45087325146214,779.4439520553751,1079.12586837438,612.0,669.2849102148775,519.4439520553751,819.1258683743799,57.28491021487753,"MATR_b3c15,MATR_b2c17,MATR_b2c18,MATR_b3c40,MATR_b2c32,MATR_b3c9,MATR_b4c17,MATR_b1c26,MATR_b1c3,MATR_b4c19,MATR_b1c44,MATR_b3c21",False,False,0.95
260,MATR_b4c13,771.0,825.7333101315777,64.6413341928998,699.0386232008766,952.4279970622788,511.0,565.7333101315777,439.0386232008766,692.4279970622788,54.733310131577696,"MATR_b3c15,MATR_b2c17,MATR_b2c18,MATR_b3c40,MATR_b2c32,MATR_b3c9,MATR_b4c17,MATR_b1c26,MATR_b1c3,MATR_b4c19,MATR_b1c44,MATR_b3c21",False,False,0.95
260,MATR_b4c16,909.0,905.9516907691147,90.93778080488856,727.7169155575353,1084.186465980694,649.0,645.9516907691147,467.71691555753534,824.186465980694,3.048309230885252,"MATR_b3c15,MATR_b2c17,MATR_b2c18,MATR_b3c40,MATR_b2c32,MATR_b3c9,MATR_b4c17,MATR_b1c26,MATR_b1c3,MATR_b4c19,MATR_b1c44,MATR_b3c21",False,False,0.95
260,MATR_b4c18,906.0,974.9245940725347,119.2526472556943,741.1937003903146,1208.6554877547546,646.0,714.9245940725347,481.1937003903146,948.6554877547546,68.92459407253466,"MATR_b3c15,MATR_b2c17,MATR_b2c18,MATR_b3c40,MATR_b2c32,MATR_b3c9,MATR_b4c17,MATR_b1c26,MATR_b1c3,MATR_b4c19,MATR_b1c44,MATR_b3c21",False,False,0.95
260,MATR_b4c25,453.0,409.76261893137007,26.98558391558756,356.8718463550351,462.65339150770507,193.0,149.76261893137007,96.87184635503507,202.65339150770507,43.23738106862993,"MATR_b3c15,MATR_b2c17,MATR_b2c18,MATR_b3c40,MATR_b2c32,MATR_b3c9,MATR_b4c17,MATR_b1c26,MATR_b1c3,MATR_b4c19,MATR_b1c44,MATR_b3c21",False,False,0.95
260,MATR_b4c29,887.0,1113.760101368527,95.06659150200304,927.4330058916196,1300.0871968454346,627.0,853.7601013685271,667.4330058916196,1040.0871968454346,226.7601013685271,"MATR_b3c15,MATR_b2c17,MATR_b2c18,MATR_b3c40,MATR_b2c32,MATR_b3c9,MATR_b4c17,MATR_b1c26,MATR_b1c3,MATR_b4c19,MATR_b1c44,MATR_b3c21",False,False,0.95
260,MATR_b4c33,505.0,443.70930956520414,28.501301368005283,387.84778537139164,499.57083375901664,245.0,183.70930956520414,127.84778537139164,239.57083375901664,61.29069043479586,"MATR_b3c15,MATR_b2c17,MATR_b2c18,MATR_b3c40,MATR_b2c32,MATR_b3c9,MATR_b4c17,MATR_b1c26,MATR_b1c3,MATR_b4c19,MATR_b1c44,MATR_b3c21",False,False,0.95
260,MATR_b4c37,863.0,777.0436544991703,60.652521810991935,658.1668961780961,895.9204128202446,603.0,517.0436544991703,398.16689617809607,635.9204128202446,85.95634550082968,"MATR_b3c15,MATR_b2c17,MATR_b2c18,MATR_b3c40,MATR_b2c32,MATR_b3c9,MATR_b4c17,MATR_b1c26,MATR_b1c3,MATR_b4c19,MATR_b1c44,MATR_b3c21",False,False,0.95
260,MATR_b4c4,656.0,611.2476312826564,43.86329983327145,525.2771433663626,697.2181191989501,396.0,351.24763128265636,265.27714336636257,437.21811919895015,44.75236871734364,"MATR_b3c15,MATR_b2c17,MATR_b2c18,MATR_b3c40,MATR_b2c32,MATR_b3c9,MATR_b4c17,MATR_b1c26,MATR_b1c3,MATR_b4c19,MATR_b1c44,MATR_b3c21",False,False,0.95
260,MATR_b4c9,442.0,437.3689467950392,27.4592739476299,383.5497588160656,491.18813477401284,182.0,177.36894679503922,123.5497588160656,231.18813477401284,4.631053204960779,"MATR_b3c15,MATR_b2c17,MATR_b2c18,MATR_b3c40,MATR_b2c32,MATR_b3c9,MATR_b4c17,MATR_b1c26,MATR_b1c3,MATR_b4c19,MATR_b1c44,MATR_b3c21",False,False,0.95
280,MATR_b1c1,2154.0,1715.2401742242455,240.14293637219959,1244.5686677930407,2185.9116806554503,1874.0,1435.2401742242455,964.5686677930407,1905.9116806554503,438.7598257757545,"MATR_b2c37,MATR_b4c31,MATR_b1c25,MATR_b4c32,MATR_b2c39,MATR_b3c10,MATR_b3c1,MATR_b4c7,MATR_b1c41,MATR_b3c21,MATR_b1c37,MATR_b1c27",False,False,0.95
280,MATR_b1c20,533.0,509.2104428584113,30.676032226554216,449.086524505775,569.3343612110476,253.0,229.21044285841128,169.086524505775,289.3343612110476,23.789557141588716,"MATR_b2c37,MATR_b4c31,MATR_b1c25,MATR_b4c32,MATR_b2c39,MATR_b3c10,MATR_b3c1,MATR_b4c7,MATR_b1c41,MATR_b3c21,MATR_b1c37,MATR_b1c27",False,False,0.95
280,MATR_b1c21,557.0,497.97554352970275,32.45192415030065,434.3709409660879,561.5801460933176,277.0,217.97554352970275,154.37094096608791,281.5801460933176,59.02445647029725,"MATR_b2c37,MATR_b4c31,MATR_b1c25,MATR_b4c32,MATR_b2c39,MATR_b3c10,MATR_b3c1,MATR_b4c7,MATR_b1c41,MATR_b3c21,MATR_b1c37,MATR_b1c27",False,False,0.95
280,MATR_b1c28,858.0,751.1380814824695,60.654412513448165,632.2576174526755,870.0185455122635,578.0,471.1380814824695,352.2576174526755,590.0185455122635,106.86191851753051,"MATR_b2c37,MATR_b4c31,MATR_b1c25,MATR_b4c32,MATR_b2c39,MATR_b3c10,MATR_b3c1,MATR_b4c7,MATR_b1c41,MATR_b3c21,MATR_b1c37,MATR_b1c27",False,False,0.95
280,MATR_b1c39,622.0,593.6469008173633,41.2525246415861,512.7934382485034,674.5003633862232,342.0,313.6469008173633,232.79343824850343,394.50036338622317,28.353099182636697,"MATR_b2c37,MATR_b4c31,MATR_b1c25,MATR_b4c32,MATR_b2c39,MATR_b3c10,MATR_b3c1,MATR_b4c7,MATR_b1c41,MATR_b3c21,MATR_b1c37,MATR_b1c27",False,False,0.95
280,MATR_b1c7,869.0,884.5703323923685,76.11458721458943,735.3884827536403,1033.7521820310967,589.0,604.5703323923685,455.38848275364035,753.7521820310967,15.570332392368528,"MATR_b2c37,MATR_b4c31,MATR_b1c25,MATR_b4c32,MATR_b2c39,MATR_b3c10,MATR_b3c1,MATR_b4c7,MATR_b1c41,MATR_b3c21,MATR_b1c37,MATR_b1c27",False,False,0.95
280,MATR_b1c9,1052.0,915.3573311547472,80.73795042084892,757.1138561443029,1073.6008061651914,772.0,635.3573311547472,477.1138561443029,793.6008061651914,136.64266884525284,"MATR_b2c37,MATR_b4c31,MATR_b1c25,MATR_b4c32,MATR_b2c39,MATR_b3c10,MATR_b3c1,MATR_b4c7,MATR_b1c41,MATR_b3c21,MATR_b1c37,MATR_b1c27",False,False,0.95
280,MATR_b2c10,560.0,564.118894057221,35.28181578497579,494.9678058094917,633.2699823049503,280.0,284.11889405722104,214.96780580949172,353.2699823049503,4.118894057221041,"MATR_b2c37,MATR_b4c31,MATR_b1c25,MATR_b4c32,MATR_b2c39,MATR_b3c10,MATR_b3c1,MATR_b4c7,MATR_b1c41,MATR_b3c21,MATR_b1c37,MATR_b1c27",False,False,0.95
280,MATR_b2c21,488.0,436.8897271058132,28.87979582637806,380.28636740524206,493.4930868063844,208.0,156.88972710581322,100.28636740524206,213.49308680638438,51.11027289418678,"MATR_b2c37,MATR_b4c31,MATR_b1c25,MATR_b4c32,MATR_b2c39,MATR_b3c10,MATR_b3c1,MATR_b4c7,MATR_b1c41,MATR_b3c21,MATR_b1c37,MATR_b1c27",False,False,0.95
280,MATR_b2c23,526.0,445.2314372759495,28.85796425634977,388.67086666635976,501.7920078855392,246.0,165.23143727594947,108.67086666635976,221.7920078855392,80.76856272405053,"MATR_b2c37,MATR_b4c31,MATR_b1c25,MATR_b4c32,MATR_b2c39,MATR_b3c10,MATR_b3c1,MATR_b4c7,MATR_b1c41,MATR_b3c21,MATR_b1c37,MATR_b1c27",False,False,0.95
280,MATR_b2c25,460.0,444.45395279924463,28.53708226448862,388.5222993369902,500.38560626149905,180.0,164.45395279924463,108.52229933699022,220.38560626149905,15.546047200755368,"MATR_b2c37,MATR_b4c31,MATR_b1c25,MATR_b4c32,MATR_b2c39,MATR_b3c10,MATR_b3c1,MATR_b4c7,MATR_b1c41,MATR_b3c21,MATR_b1c37,MATR_b1c27",False,False,0.95
280,MATR_b2c29,497.0,536.537257558962,36.48869691951436,465.0207257539162,608.0537893640077,217.0,256.537257558962,185.02072575391622,328.0537893640077,39.53725755896198,"MATR_b2c37,MATR_b4c31,MATR_b1c25,MATR_b4c32,MATR_b2c39,MATR_b3c10,MATR_b3c1,MATR_b4c7,MATR_b1c41,MATR_b3c21,MATR_b1c37,MATR_b1c27",False,False,0.95
280,MATR_b2c30,480.0,489.54957191676823,30.864681596630586,429.0559075930761,550.0432362404604,200.0,209.54957191676823,149.05590759307609,270.0432362404604,9.54957191676823,"MATR_b2c37,MATR_b4c31,MATR_b1c25,MATR_b4c32,MATR_b2c39,MATR_b3c10,MATR_b3c1,MATR_b4c7,MATR_b1c41,MATR_b3c21,MATR_b1c37,MATR_b1c27",False,False,0.95
280,MATR_b2c36,534.0,573.2197860136182,39.696152769687124,495.4167562602315,651.0228157670049,254.0,293.2197860136182,215.41675626023152,371.0228157670049,39.219786013618204,"MATR_b2c37,MATR_b4c31,MATR_b1c25,MATR_b4c32,MATR_b2c39,MATR_b3c10,MATR_b3c1,MATR_b4c7,MATR_b1c41,MATR_b3c21,MATR_b1c37,MATR_b1c27",False,False,0.95
280,MATR_b2c40,498.0,469.18499706093615,30.807582814119627,408.80324429452656,529.5667498273457,218.0,189.18499706093615,128.80324429452656,249.5667498273457,28.815002939063845,"MATR_b2c37,MATR_b4c31,MATR_b1c25,MATR_b4c32,MATR_b2c39,MATR_b3c10,MATR_b3c1,MATR_b4c7,MATR_b1c41,MATR_b3c21,MATR_b1c37,MATR_b1c27",False,False,0.95
280,MATR_b2c42,465.0,467.11731104145025,31.49180342799778,405.3945105143596,528.8401115685409,185.0,187.11731104145025,125.39451051435958,248.84011156854092,2.1173110414502503,"MATR_b2c37,MATR_b4c31,MATR_b1c25,MATR_b4c32,MATR_b2c39,MATR_b3c10,MATR_b3c1,MATR_b4c7,MATR_b1c41,MATR_b3c21,MATR_b1c37,MATR_b1c27",False,False,0.95
280,MATR_b2c46,428.0,430.57181103147576,30.519179464451817,370.7553184434358,490.38830361951574,148.0,150.57181103147576,90.75531844343578,210.38830361951574,2.571811031475761,"MATR_b2c37,MATR_b4c31,MATR_b1c25,MATR_b4c32,MATR_b2c39,MATR_b3c10,MATR_b3c1,MATR_b4c7,MATR_b1c41,MATR_b3c21,MATR_b1c37,MATR_b1c27",False,False,0.95
280,MATR_b3c19,1152.0,1439.0583770335852,144.44428044907505,1155.952789580595,1722.1639644865754,872.0,1159.0583770335852,875.952789580595,1442.1639644865754,287.0583770335852,"MATR_b2c37,MATR_b4c31,MATR_b1c25,MATR_b4c32,MATR_b2c39,MATR_b3c10,MATR_b3c1,MATR_b4c7,MATR_b1c41,MATR_b3c21,MATR_b1c37,MATR_b1c27",False,False,0.95
280,MATR_b3c20,811.0,861.4290321959302,69.7108513787626,724.7982741619312,998.0597902299291,531.0,581.4290321959302,444.7982741619312,718.0597902299291,50.429032195930176,"MATR_b2c37,MATR_b4c31,MATR_b1c25,MATR_b4c32,MATR_b2c39,MATR_b3c10,MATR_b3c1,MATR_b4c7,MATR_b1c41,MATR_b3c21,MATR_b1c37,MATR_b1c27",False,False,0.95
280,MATR_b3c3,1113.0,1260.709191338293,110.85302461032336,1043.441255524727,1477.9771271518591,833.0,980.7091913382931,763.441255524727,1197.9771271518591,147.70919133829307,"MATR_b2c37,MATR_b4c31,MATR_b1c25,MATR_b4c32,MATR_b2c39,MATR_b3c10,MATR_b3c1,MATR_b4c7,MATR_b1c41,MATR_b3c21,MATR_b1c37,MATR_b1c27",False,False,0.95
280,MATR_b3c30,933.0,1232.1732249335873,114.41732680741227,1007.9193851837101,1456.4270646834646,653.0,952.1732249335873,727.9193851837101,1176.4270646834646,299.17322493358733,"MATR_b2c37,MATR_b4c31,MATR_b1c25,MATR_b4c32,MATR_b2c39,MATR_b3c10,MATR_b3c1,MATR_b4c7,MATR_b1c41,MATR_b3c21,MATR_b1c37,MATR_b1c27",False,False,0.95
280,MATR_b3c44,938.0,1057.817202825856,96.32771594034298,869.0183488697788,1246.616056781933,658.0,777.8172028258559,589.0183488697788,966.6160567819329,119.81720282585593,"MATR_b2c37,MATR_b4c31,MATR_b1c25,MATR_b4c32,MATR_b2c39,MATR_b3c10,MATR_b3c1,MATR_b4c7,MATR_b1c41,MATR_b3c21,MATR_b1c37,MATR_b1c27",False,False,0.95
280,MATR_b3c45,1799.0,1784.8488974536658,238.05965853245823,1318.2605405581444,2251.4372543491872,1519.0,1504.8488974536658,1038.2605405581444,1971.4372543491872,14.151102546334187,"MATR_b2c37,MATR_b4c31,MATR_b1c25,MATR_b4c32,MATR_b2c39,MATR_b3c10,MATR_b3c1,MATR_b4c7,MATR_b1c41,MATR_b3c21,MATR_b1c37,MATR_b1c27",False,False,0.95
280,MATR_b4c10,872.0,925.6012951961213,77.10347639926572,774.4812583707266,1076.7213320215162,592.0,645.6012951961213,494.48125837072655,796.7213320215162,53.60129519612133,"MATR_b2c37,MATR_b4c31,MATR_b1c25,MATR_b4c32,MATR_b2c39,MATR_b3c10,MATR_b3c1,MATR_b4c7,MATR_b1c41,MATR_b3c21,MATR_b1c37,MATR_b1c27",False,False,0.95
280,MATR_b4c13,771.0,817.7017830810703,63.779078906068285,692.6970854580381,942.7064807041024,491.0,537.7017830810703,412.69708545803815,662.7064807041024,46.70178308107029,"MATR_b2c37,MATR_b4c31,MATR_b1c25,MATR_b4c32,MATR_b2c39,MATR_b3c10,MATR_b3c1,MATR_b4c7,MATR_b1c41,MATR_b3c21,MATR_b1c37,MATR_b1c27",False,False,0.95
280,MATR_b4c16,909.0,897.5333337660725,89.3669178641641,722.3773933429617,1072.6892741891832,629.0,617.5333337660725,442.3773933429617,792.6892741891832,11.466666233927526,"MATR_b2c37,MATR_b4c31,MATR_b1c25,MATR_b4c32,MATR_b2c39,MATR_b3c10,MATR_b3c1,MATR_b4c7,MATR_b1c41,MATR_b3c21,MATR_b1c37,MATR_b1c27",False,False,0.95
280,MATR_b4c18,906.0,953.4845980196116,113.33703640399571,731.348088553275,1175.6211074859482,626.0,673.4845980196116,451.34808855327503,895.6211074859482,47.48459801961155,"MATR_b2c37,MATR_b4c31,MATR_b1c25,MATR_b4c32,MATR_b2c39,MATR_b3c10,MATR_b3c1,MATR_b4c7,MATR_b1c41,MATR_b3c21,MATR_b1c37,MATR_b1c27",False,False,0.95
280,MATR_b4c25,453.0,416.44852268376417,27.344273481564926,362.85473147648327,470.04231389104507,173.0,136.44852268376417,82.85473147648327,190.04231389104507,36.55147731623583,"MATR_b2c37,MATR_b4c31,MATR_b1c25,MATR_b4c32,MATR_b2c39,MATR_b3c10,MATR_b3c1,MATR_b4c7,MATR_b1c41,MATR_b3c21,MATR_b1c37,MATR_b1c27",False,False,0.95
280,MATR_b4c29,887.0,1107.5641571859778,94.91193376775223,921.5401852981324,1293.5881290738232,607.0,827.5641571859778,641.5401852981324,1013.5881290738232,220.56415718597782,"MATR_b2c37,MATR_b4c31,MATR_b1c25,MATR_b4c32,MATR_b2c39,MATR_b3c10,MATR_b3c1,MATR_b4c7,MATR_b1c41,MATR_b3c21,MATR_b1c37,MATR_b1c27",False,False,0.95
280,MATR_b4c33,505.0,448.4526762606947,28.717225631848088,392.167948286362,504.73740423502744,225.0,168.45267626069472,112.16794828636199,224.73740423502744,56.547323739305284,"MATR_b2c37,MATR_b4c31,MATR_b1c25,MATR_b4c32,MATR_b2c39,MATR_b3c10,MATR_b3c1,MATR_b4c7,MATR_b1c41,MATR_b3c21,MATR_b1c37,MATR_b1c27",False,False,0.95
280,MATR_b4c37,863.0,776.4994807630619,60.59136319820681,657.7425911203909,895.2563704057329,583.0,496.4994807630619,377.7425911203909,615.2563704057329,86.50051923693809,"MATR_b2c37,MATR_b4c31,MATR_b1c25,MATR_b4c32,MATR_b2c39,MATR_b3c10,MATR_b3c1,MATR_b4c7,MATR_b1c41,MATR_b3c21,MATR_b1c37,MATR_b1c27",False,False,0.95
280,MATR_b4c4,656.0,617.913540209075,44.56726274779703,530.5633103338592,705.2637700842907,376.0,337.913540209075,250.56331033385925,425.26377008429074,38.086459790925005,"MATR_b2c37,MATR_b4c31,MATR_b1c25,MATR_b4c32,MATR_b2c39,MATR_b3c10,MATR_b3c1,MATR_b4c7,MATR_b1c41,MATR_b3c21,MATR_b1c37,MATR_b1c27",False,False,0.95
280,MATR_b4c9,442.0,441.3057864427621,27.7614496401895,386.8943449893683,495.7172278961559,162.0,161.3057864427621,106.89434498936828,215.71722789615592,0.6942135572379016,"MATR_b2c37,MATR_b4c31,MATR_b1c25,MATR_b4c32,MATR_b2c39,MATR_b3c10,MATR_b3c1,MATR_b4c7,MATR_b1c41,MATR_b3c21,MATR_b1c37,MATR_b1c27",False,False,0.95
300,MATR_b1c1,2154.0,1644.3088916766746,230.3125613347899,1192.9045662733142,2095.713217080035,1854.0,1344.3088916766746,892.9045662733142,1795.713217080035,509.69110832332535,"MATR_b1c26,MATR_b1c37,MATR_b4c14,MATR_b3c14,MATR_b2c32,MATR_b3c35,MATR_b3c27,MATR_b4c12,MATR_b4c19,MATR_b3c21,MATR_b2c28,MATR_b3c10",False,False,0.95
300,MATR_b1c20,533.0,503.112625270006,30.37213849842936,443.584327679622,562.64092286039,233.0,203.112625270006,143.584327679622,262.64092286039,29.887374729994008,"MATR_b1c26,MATR_b1c37,MATR_b4c14,MATR_b3c14,MATR_b2c32,MATR_b3c35,MATR_b3c27,MATR_b4c12,MATR_b4c19,MATR_b3c21,MATR_b2c28,MATR_b3c10",False,False,0.95
300,MATR_b1c21,557.0,493.5751623464549,32.071761298093776,430.7156652814255,556.4346594114843,257.0,193.57516234645487,130.71566528142552,256.4346594114843,63.424837653545126,"MATR_b1c26,MATR_b1c37,MATR_b4c14,MATR_b3c14,MATR_b2c32,MATR_b3c35,MATR_b3c27,MATR_b4c12,MATR_b4c19,MATR_b3c21,MATR_b2c28,MATR_b3c10",False,False,0.95
300,MATR_b1c28,858.0,734.3987947696205,58.48465446135946,619.7709783770862,849.0266111621548,558.0,434.3987947696205,319.7709783770862,549.0266111621548,123.60120523037949,"MATR_b1c26,MATR_b1c37,MATR_b4c14,MATR_b3c14,MATR_b2c32,MATR_b3c35,MATR_b3c27,MATR_b4c12,MATR_b4c19,MATR_b3c21,MATR_b2c28,MATR_b3c10",False,False,0.95
300,MATR_b1c39,622.0,591.3255326016497,41.41794383981724,510.14785436190533,672.5032108413941,322.0,291.3255326016497,210.14785436190533,372.5032108413941,30.674467398350316,"MATR_b1c26,MATR_b1c37,MATR_b4c14,MATR_b3c14,MATR_b2c32,MATR_b3c35,MATR_b3c27,MATR_b4c12,MATR_b4c19,MATR_b3c21,MATR_b2c28,MATR_b3c10",False,False,0.95
300,MATR_b1c7,869.0,879.8160790494017,75.58734886298191,731.6675975910925,1027.9645605077108,569.0,579.8160790494017,431.66759759109254,727.9645605077108,10.816079049401651,"MATR_b1c26,MATR_b1c37,MATR_b4c14,MATR_b3c14,MATR_b2c32,MATR_b3c35,MATR_b3c27,MATR_b4c12,MATR_b4c19,MATR_b3c21,MATR_b2c28,MATR_b3c10",False,False,0.95
300,MATR_b1c9,1052.0,912.30822379362,81.18504543500806,753.1884586577562,1071.4279889294837,752.0,612.30822379362,453.1884586577562,771.4279889294837,139.69177620638004,"MATR_b1c26,MATR_b1c37,MATR_b4c14,MATR_b3c14,MATR_b2c32,MATR_b3c35,MATR_b3c27,MATR_b4c12,MATR_b4c19,MATR_b3c21,MATR_b2c28,MATR_b3c10",False,False,0.95
300,MATR_b2c10,560.0,562.1509404339652,35.3086719615316,492.94721504742404,631.3546658205063,260.0,262.15094043396516,192.94721504742404,331.3546658205063,2.150940433965161,"MATR_b1c26,MATR_b1c37,MATR_b4c14,MATR_b3c14,MATR_b2c32,MATR_b3c35,MATR_b3c27,MATR_b4c12,MATR_b4c19,MATR_b3c21,MATR_b2c28,MATR_b3c10",False,False,0.95
300,MATR_b2c21,488.0,434.5116896164799,28.97023658553726,377.73106928522225,491.2923099477375,188.0,134.51168961647988,77.73106928522225,191.29230994773752,53.488310383520115,"MATR_b1c26,MATR_b1c37,MATR_b4c14,MATR_b3c14,MATR_b2c32,MATR_b3c35,MATR_b3c27,MATR_b4c12,MATR_b4c19,MATR_b3c21,MATR_b2c28,MATR_b3c10",False,False,0.95
300,MATR_b2c23,526.0,443.8224063787961,29.056265705631926,386.8731720705312,500.77164068706094,226.0,143.82240637879607,86.87317207053121,200.77164068706094,82.17759362120393,"MATR_b1c26,MATR_b1c37,MATR_b4c14,MATR_b3c14,MATR_b2c32,MATR_b3c35,MATR_b3c27,MATR_b4c12,MATR_b4c19,MATR_b3c21,MATR_b2c28,MATR_b3c10",False,False,0.95
300,MATR_b2c25,460.0,442.9814495529669,28.738988135119982,386.6540678560078,499.308831249926,160.0,142.98144955296692,86.65406785600783,199.30883124992602,17.01855044703308,"MATR_b1c26,MATR_b1c37,MATR_b4c14,MATR_b3c14,MATR_b2c32,MATR_b3c35,MATR_b3c27,MATR_b4c12,MATR_b4c19,MATR_b3c21,MATR_b2c28,MATR_b3c10",False,False,0.95
300,MATR_b2c29,497.0,530.7112694570266,36.13876372324582,459.88059411366214,601.541944800391,197.0,230.71126945702656,159.88059411366214,301.541944800391,33.71126945702656,"MATR_b1c26,MATR_b1c37,MATR_b4c14,MATR_b3c14,MATR_b2c32,MATR_b3c35,MATR_b3c27,MATR_b4c12,MATR_b4c19,MATR_b3c21,MATR_b2c28,MATR_b3c10",False,False,0.95
300,MATR_b2c30,480.0,485.6965793113053,30.863384436612098,425.2054573745316,546.1877012480791,180.0,185.6965793113053,125.20545737453159,246.18770124807907,5.6965793113053,"MATR_b1c26,MATR_b1c37,MATR_b4c14,MATR_b3c14,MATR_b2c32,MATR_b3c35,MATR_b3c27,MATR_b4c12,MATR_b4c19,MATR_b3c21,MATR_b2c28,MATR_b3c10",False,False,0.95
300,MATR_b2c36,534.0,567.2114962081862,39.29653251720295,490.19170775716134,644.231284659211,234.0,267.2114962081862,190.19170775716134,344.23128465921104,33.21149620818619,"MATR_b1c26,MATR_b1c37,MATR_b4c14,MATR_b3c14,MATR_b2c32,MATR_b3c35,MATR_b3c27,MATR_b4c12,MATR_b4c19,MATR_b3c21,MATR_b2c28,MATR_b3c10",False,False,0.95
300,MATR_b2c40,498.0,465.7956495911327,30.787117470866217,405.45400816043104,526.1372910218344,198.0,165.7956495911327,105.45400816043104,226.13729102183436,32.2043504088673,"MATR_b1c26,MATR_b1c37,MATR_b4c14,MATR_b3c14,MATR_b2c32,MATR_b3c35,MATR_b3c27,MATR_b4c12,MATR_b4c19,MATR_b3c21,MATR_b2c28,MATR_b3c10",False,False,0.95
300,MATR_b2c42,465.0,462.90644903774205,31.365435005497908,401.4313260675343,524.3815720079498,165.0,162.90644903774205,101.43132606753431,224.38157200794979,2.0935509622579502,"MATR_b1c26,MATR_b1c37,MATR_b4c14,MATR_b3c14,MATR_b2c32,MATR_b3c35,MATR_b3c27,MATR_b4c12,MATR_b4c19,MATR_b3c21,MATR_b2c28,MATR_b3c10",False,False,0.95
300,MATR_b2c46,428.0,428.40953808911104,30.51114829568511,368.6087863026076,488.2102898756145,128.0,128.40953808911104,68.6087863026076,188.21028987561448,0.40953808911103806,"MATR_b1c26,MATR_b1c37,MATR_b4c14,MATR_b3c14,MATR_b2c32,MATR_b3c35,MATR_b3c27,MATR_b4c12,MATR_b4c19,MATR_b3c21,MATR_b2c28,MATR_b3c10",False,False,0.95
300,MATR_b3c19,1152.0,1285.8393378517958,122.33596856126924,1046.0652454578837,1525.6134302457078,852.0,985.8393378517958,746.0652454578837,1225.6134302457078,133.8393378517958,"MATR_b1c26,MATR_b1c37,MATR_b4c14,MATR_b3c14,MATR_b2c32,MATR_b3c35,MATR_b3c27,MATR_b4c12,MATR_b4c19,MATR_b3c21,MATR_b2c28,MATR_b3c10",False,False,0.95
300,MATR_b3c20,811.0,835.7275654735527,65.54571156778592,707.2603314596419,964.1947994874635,511.0,535.7275654735527,407.26033145964186,664.1947994874635,24.72756547355266,"MATR_b1c26,MATR_b1c37,MATR_b4c14,MATR_b3c14,MATR_b2c32,MATR_b3c35,MATR_b3c27,MATR_b4c12,MATR_b4c19,MATR_b3c21,MATR_b2c28,MATR_b3c10",False,False,0.95
300,MATR_b3c3,1113.0,1163.4217237511266,98.21191748812892,970.9299026217744,1355.9135448804786,813.0,863.4217237511266,670.9299026217744,1055.9135448804786,50.42172375112659,"MATR_b1c26,MATR_b1c37,MATR_b4c14,MATR_b3c14,MATR_b2c32,MATR_b3c35,MATR_b3c27,MATR_b4c12,MATR_b4c19,MATR_b3c21,MATR_b2c28,MATR_b3c10",False,False,0.95
300,MATR_b3c30,933.0,1118.5497773241786,100.95960889101688,920.6725800045358,1316.4269746438215,633.0,818.5497773241786,620.6725800045358,1016.4269746438215,185.54977732417865,"MATR_b1c26,MATR_b1c37,MATR_b4c14,MATR_b3c14,MATR_b2c32,MATR_b3c35,MATR_b3c27,MATR_b4c12,MATR_b4c19,MATR_b3c21,MATR_b2c28,MATR_b3c10",False,False,0.95
300,MATR_b3c44,938.0,1005.6513234566168,90.07376431576904,829.1099894457603,1182.192657467473,638.0,705.6513234566168,529.1099894457603,882.192657467473,67.65132345661675,"MATR_b1c26,MATR_b1c37,MATR_b4c14,MATR_b3c14,MATR_b2c32,MATR_b3c35,MATR_b3c27,MATR_b4c12,MATR_b4c19,MATR_b3c21,MATR_b2c28,MATR_b3c10",False,False,0.95
300,MATR_b3c45,1799.0,1772.9586409402425,235.11465203990284,1312.1423907043663,2233.7748911761187,1499.0,1472.9586409402425,1012.1423907043663,1933.7748911761187,26.041359059757497,"MATR_b1c26,MATR_b1c37,MATR_b4c14,MATR_b3c14,MATR_b2c32,MATR_b3c35,MATR_b3c27,MATR_b4c12,MATR_b4c19,MATR_b3c21,MATR_b2c28,MATR_b3c10",False,False,0.95
300,MATR_b4c10,872.0,890.6154002455794,71.93006122842797,749.6350708320997,1031.595729659059,572.0,590.6154002455794,449.6350708320997,731.5957296590591,18.615400245579394,"MATR_b1c26,MATR_b1c37,MATR_b4c14,MATR_b3c14,MATR_b2c32,MATR_b3c35,MATR_b3c27,MATR_b4c12,MATR_b4c19,MATR_b3c21,MATR_b2c28,MATR_b3c10",False,False,0.95
300,MATR_b4c13,771.0,789.8788413651624,59.87104441243314,672.5337505999954,907.2239321303294,471.0,489.87884136516243,372.5337505999954,607.2239321303294,18.87884136516243,"MATR_b1c26,MATR_b1c37,MATR_b4c14,MATR_b3c14,MATR_b2c32,MATR_b3c35,MATR_b3c27,MATR_b4c12,MATR_b4c19,MATR_b3c21,MATR_b2c28,MATR_b3c10",False,False,0.95
300,MATR_b4c16,909.0,872.8578709765875,79.51571919970223,717.009925140371,1028.705816812804,609.0,572.8578709765875,417.009925140371,728.705816812804,36.14212902341251,"MATR_b1c26,MATR_b1c37,MATR_b4c14,MATR_b3c14,MATR_b2c32,MATR_b3c35,MATR_b3c27,MATR_b4c12,MATR_b4c19,MATR_b3c21,MATR_b2c28,MATR_b3c10",False,False,0.95
300,MATR_b4c18,906.0,930.2091183821926,102.76766433988062,728.7881975007255,1131.63003926366,606.0,630.2091183821926,428.78819750072546,831.6300392636599,24.209118382192628,"MATR_b1c26,MATR_b1c37,MATR_b4c14,MATR_b3c14,MATR_b2c32,MATR_b3c35,MATR_b3c27,MATR_b4c12,MATR_b4c19,MATR_b3c21,MATR_b2c28,MATR_b3c10",False,False,0.95
300,MATR_b4c25,453.0,415.69890664326346,27.531131432647378,361.738880581636,469.6589327048909,153.0,115.69890664326346,61.73888058163601,169.6589327048909,37.301093356736544,"MATR_b1c26,MATR_b1c37,MATR_b4c14,MATR_b3c14,MATR_b2c32,MATR_b3c35,MATR_b3c27,MATR_b4c12,MATR_b4c19,MATR_b3c21,MATR_b2c28,MATR_b3c10",False,False,0.95
300,MATR_b4c29,887.0,1009.5784246916883,84.86820288650308,843.239803601504,1175.9170457818725,587.0,709.5784246916883,543.239803601504,875.9170457818725,122.57842469168827,"MATR_b1c26,MATR_b1c37,MATR_b4c14,MATR_b3c14,MATR_b2c32,MATR_b3c35,MATR_b3c27,MATR_b4c12,MATR_b4c19,MATR_b3c21,MATR_b2c28,MATR_b3c10",False,False,0.95
300,MATR_b4c33,505.0,445.43832674472173,28.74734305430728,389.0945697070618,501.7820837823817,205.0,145.43832674472173,89.0945697070618,201.78208378238168,59.561673255278265,"MATR_b1c26,MATR_b1c37,MATR_b4c14,MATR_b3c14,MATR_b2c32,MATR_b3c35,MATR_b3c27,MATR_b4c12,MATR_b4c19,MATR_b3c21,MATR_b2c28,MATR_b3c10",False,False,0.95
300,MATR_b4c37,863.0,772.7983940132747,59.096227639193906,656.9719162182741,888.6248718082752,563.0,472.7983940132747,356.97191621827415,588.6248718082752,90.20160598672533,"MATR_b1c26,MATR_b1c37,MATR_b4c14,MATR_b3c14,MATR_b2c32,MATR_b3c35,MATR_b3c27,MATR_b4c12,MATR_b4c19,MATR_b3c21,MATR_b2c28,MATR_b3c10",False,False,0.95
300,MATR_b4c4,656.0,618.538818821381,43.943650370989005,532.4108467450224,704.6667908977397,356.0,318.538818821381,232.41084674502235,404.6667908977397,37.46118117861897,"MATR_b1c26,MATR_b1c37,MATR_b4c14,MATR_b3c14,MATR_b2c32,MATR_b3c35,MATR_b3c27,MATR_b4c12,MATR_b4c19,MATR_b3c21,MATR_b2c28,MATR_b3c10",False,False,0.95
300,MATR_b4c9,442.0,438.6165686825045,27.812574148272553,384.10492503454054,493.1282123304685,142.0,138.61656868250452,84.10492503454054,193.1282123304685,3.3834313174954787,"MATR_b1c26,MATR_b1c37,MATR_b4c14,MATR_b3c14,MATR_b2c32,MATR_b3c35,MATR_b3c27,MATR_b4c12,MATR_b4c19,MATR_b3c21,MATR_b2c28,MATR_b3c10",False,False,0.95
320,MATR_b1c1,2154.0,1523.4805381739639,211.64727041984867,1108.659510724851,1938.3015656230766,1834.0,1203.4805381739639,788.6595107248511,1618.3015656230766,630.5194618260361,"MATR_b2c37,MATR_b4c12,MATR_b4c17,MATR_b3c27,MATR_b4c22,MATR_b3c29,MATR_b2c27,MATR_b3c38,MATR_b4c3,MATR_b1c42,MATR_b1c0,MATR_b3c25",False,False,0.95
320,MATR_b1c20,533.0,501.17178034863406,30.018803764408514,442.336006111418,560.0075545858501,213.0,181.17178034863406,122.33600611141799,240.00755458585013,31.82821965136594,"MATR_b2c37,MATR_b4c12,MATR_b4c17,MATR_b3c27,MATR_b4c22,MATR_b3c29,MATR_b2c27,MATR_b3c38,MATR_b4c3,MATR_b1c42,MATR_b1c0,MATR_b3c25",False,False,0.95
320,MATR_b1c21,557.0,496.2276711256901,31.805208943479496,433.8906070756991,558.5647351756811,237.0,176.2276711256901,113.89060707569911,238.5647351756811,60.77232887430989,"MATR_b2c37,MATR_b4c12,MATR_b4c17,MATR_b3c27,MATR_b4c22,MATR_b3c29,MATR_b2c27,MATR_b3c38,MATR_b4c3,MATR_b1c42,MATR_b1c0,MATR_b3c25",False,False,0.95
320,MATR_b1c28,858.0,720.8542599404403,56.0285585872863,611.0403030036668,830.6682168772138,538.0,400.85425994044033,291.04030300366685,510.6682168772138,137.14574005955967,"MATR_b2c37,MATR_b4c12,MATR_b4c17,MATR_b3c27,MATR_b4c22,MATR_b3c29,MATR_b2c27,MATR_b3c38,MATR_b4c3,MATR_b1c42,MATR_b1c0,MATR_b3c25",False,False,0.95
320,MATR_b1c39,622.0,589.8210687138516,40.90730309310518,509.64422794670145,669.9979094810017,302.0,269.82106871385156,189.64422794670145,349.99790948100167,32.17893128614844,"MATR_b2c37,MATR_b4c12,MATR_b4c17,MATR_b3c27,MATR_b4c22,MATR_b3c29,MATR_b2c27,MATR_b3c38,MATR_b4c3,MATR_b1c42,MATR_b1c0,MATR_b3c25",False,False,0.95
320,MATR_b1c7,869.0,875.0810953314681,75.47886225537917,727.1452437168653,1023.0169469460709,549.0,555.0810953314681,407.14524371686525,703.0169469460709,6.081095331468077,"MATR_b2c37,MATR_b4c12,MATR_b4c17,MATR_b3c27,MATR_b4c22,MATR_b3c29,MATR_b2c27,MATR_b3c38,MATR_b4c3,MATR_b1c42,MATR_b1c0,MATR_b3c25",False,False,0.95
320,MATR_b1c9,1052.0,904.7803531140844,81.11438150987449,745.7990867264887,1063.7616195016801,732.0,584.7803531140844,425.79908672648867,743.7616195016801,147.2196468859156,"MATR_b2c37,MATR_b4c12,MATR_b4c17,MATR_b3c27,MATR_b4c22,MATR_b3c29,MATR_b2c27,MATR_b3c38,MATR_b4c3,MATR_b1c42,MATR_b1c0,MATR_b3c25",False,False,0.95
320,MATR_b2c10,560.0,559.8933553677796,34.69236986922044,491.89755988576496,627.8891508497942,240.0,239.89335536777958,171.89755988576496,307.8891508497942,0.10664463222042286,"MATR_b2c37,MATR_b4c12,MATR_b4c17,MATR_b3c27,MATR_b4c22,MATR_b3c29,MATR_b2c27,MATR_b3c38,MATR_b4c3,MATR_b1c42,MATR_b1c0,MATR_b3c25",False,False,0.95
320,MATR_b2c21,488.0,435.48404594634485,28.68271599534959,379.2669556166687,491.701136276021,168.0,115.48404594634485,59.266955616668724,171.70113627602097,52.51595405365515,"MATR_b2c37,MATR_b4c12,MATR_b4c17,MATR_b3c27,MATR_b4c22,MATR_b3c29,MATR_b2c27,MATR_b3c38,MATR_b4c3,MATR_b1c42,MATR_b1c0,MATR_b3c25",False,False,0.95
320,MATR_b2c23,526.0,446.4617234075604,28.932746286833222,389.7545827115323,503.1688641035885,206.0,126.46172340756038,69.7545827115323,183.16886410358848,79.53827659243962,"MATR_b2c37,MATR_b4c12,MATR_b4c17,MATR_b3c27,MATR_b4c22,MATR_b3c29,MATR_b2c27,MATR_b3c38,MATR_b4c3,MATR_b1c42,MATR_b1c0,MATR_b3c25",False,False,0.95
320,MATR_b2c25,460.0,441.8211971123375,28.414296679976584,386.13019897354735,497.5121952511276,140.0,121.82119711233747,66.13019897354735,177.5121952511276,18.178802887662528,"MATR_b2c37,MATR_b4c12,MATR_b4c17,MATR_b3c27,MATR_b4c22,MATR_b3c29,MATR_b2c27,MATR_b3c38,MATR_b4c3,MATR_b1c42,MATR_b1c0,MATR_b3c25",False,False,0.95
320,MATR_b2c29,497.0,526.2887005782877,35.21831537748175,457.26207084225035,595.3153303143251,177.0,206.28870057828772,137.26207084225035,275.31533031432514,29.288700578287717,"MATR_b2c37,MATR_b4c12,MATR_b4c17,MATR_b3c27,MATR_b4c22,MATR_b3c29,MATR_b2c27,MATR_b3c38,MATR_b4c3,MATR_b1c42,MATR_b1c0,MATR_b3c25",False,False,0.95
320,MATR_b2c30,480.0,487.33612050791703,30.729388454203182,427.1076258707378,547.5646151450962,160.0,167.33612050791703,107.10762587073782,227.56461514509624,7.33612050791703,"MATR_b2c37,MATR_b4c12,MATR_b4c17,MATR_b3c27,MATR_b4c22,MATR_b3c29,MATR_b2c27,MATR_b3c38,MATR_b4c3,MATR_b1c42,MATR_b1c0,MATR_b3c25",False,False,0.95
320,MATR_b2c36,534.0,564.2270525977309,38.526731717146674,488.71604599008646,639.7380592053754,214.0,244.2270525977309,168.71604599008646,319.7380592053754,30.227052597730903,"MATR_b2c37,MATR_b4c12,MATR_b4c17,MATR_b3c27,MATR_b4c22,MATR_b3c29,MATR_b2c27,MATR_b3c38,MATR_b4c3,MATR_b1c42,MATR_b1c0,MATR_b3c25",False,False,0.95
320,MATR_b2c40,498.0,466.89629742099584,30.47637318384173,407.16370360126376,526.6288912407279,178.0,146.89629742099584,87.16370360126376,206.62889124072785,31.103702579004164,"MATR_b2c37,MATR_b4c12,MATR_b4c17,MATR_b3c27,MATR_b4c22,MATR_b3c29,MATR_b2c27,MATR_b3c38,MATR_b4c3,MATR_b1c42,MATR_b1c0,MATR_b3c25",False,False,0.95
320,MATR_b2c42,465.0,463.196080480672,31.028734568086847,402.3808782413688,524.0112827199752,145.0,143.19608048067198,82.3808782413688,204.01128271997516,1.8039195193280193,"MATR_b2c37,MATR_b4c12,MATR_b4c17,MATR_b3c27,MATR_b4c22,MATR_b3c29,MATR_b2c27,MATR_b3c38,MATR_b4c3,MATR_b1c42,MATR_b1c0,MATR_b3c25",False,False,0.95
320,MATR_b2c46,428.0,427.80924437592984,30.082055963246773,368.8494981070478,486.7689906448119,108.0,107.80924437592984,48.84949810704779,166.76899064481188,0.19075562407016378,"MATR_b2c37,MATR_b4c12,MATR_b4c17,MATR_b3c27,MATR_b4c22,MATR_b3c29,MATR_b2c27,MATR_b3c38,MATR_b4c3,MATR_b1c42,MATR_b1c0,MATR_b3c25",False,False,0.95
320,MATR_b3c19,1152.0,1119.20998644853,103.51876531564375,916.3169347058141,1322.1030381912458,832.0,799.2099864485299,596.3169347058141,1002.1030381912458,32.79001355147011,"MATR_b2c37,MATR_b4c12,MATR_b4c17,MATR_b3c27,MATR_b4c22,MATR_b3c29,MATR_b2c27,MATR_b3c38,MATR_b4c3,MATR_b1c42,MATR_b1c0,MATR_b3c25",False,False,0.95
320,MATR_b3c20,811.0,816.984097465384,62.582182234500635,694.3252742118405,939.6429207189276,491.0,496.984097465384,374.32527421184045,619.6429207189276,5.984097465384025,"MATR_b2c37,MATR_b4c12,MATR_b4c17,MATR_b3c27,MATR_b4c22,MATR_b3c29,MATR_b2c27,MATR_b3c38,MATR_b4c3,MATR_b1c42,MATR_b1c0,MATR_b3c25",False,False,0.95
320,MATR_b3c3,1113.0,1132.8687317927488,98.22699130771147,940.3473665199054,1325.3900970655923,793.0,812.8687317927488,620.3473665199054,1005.3900970655923,19.868731792748804,"MATR_b2c37,MATR_b4c12,MATR_b4c17,MATR_b3c27,MATR_b4c22,MATR_b3c29,MATR_b2c27,MATR_b3c38,MATR_b4c3,MATR_b1c42,MATR_b1c0,MATR_b3c25",False,False,0.95
320,MATR_b3c30,933.0,1024.4023607496188,91.0407679720136,845.9657343996045,1202.838987099633,613.0,704.4023607496188,525.9657343996045,882.838987099633,91.40236074961877,"MATR_b2c37,MATR_b4c12,MATR_b4c17,MATR_b3c27,MATR_b4c22,MATR_b3c29,MATR_b2c27,MATR_b3c38,MATR_b4c3,MATR_b1c42,MATR_b1c0,MATR_b3c25",False,False,0.95
320,MATR_b3c44,938.0,959.4391538885707,84.101518723829,794.6032061447448,1124.2751016323964,618.0,639.4391538885707,474.60320614474483,804.2751016323964,21.439153888570672,"MATR_b2c37,MATR_b4c12,MATR_b4c17,MATR_b3c27,MATR_b4c22,MATR_b3c29,MATR_b2c27,MATR_b3c38,MATR_b4c3,MATR_b1c42,MATR_b1c0,MATR_b3c25",False,False,0.95
320,MATR_b3c45,1799.0,1730.952792236672,227.35557176000052,1285.3440599025594,2176.5615245707845,1479.0,1410.952792236672,965.3440599025594,1856.5615245707845,68.04720776332806,"MATR_b2c37,MATR_b4c12,MATR_b4c17,MATR_b3c27,MATR_b4c22,MATR_b3c29,MATR_b2c27,MATR_b3c38,MATR_b4c3,MATR_b1c42,MATR_b1c0,MATR_b3c25",False,False,0.95
320,MATR_b4c10,872.0,867.629310317443,68.84624782221374,732.693144115185,1002.5654765197011,552.0,547.629310317443,412.69314411518496,682.5654765197011,4.370689682556986,"MATR_b2c37,MATR_b4c12,MATR_b4c17,MATR_b3c27,MATR_b4c22,MATR_b3c29,MATR_b2c27,MATR_b3c38,MATR_b4c3,MATR_b1c42,MATR_b1c0,MATR_b3c25",False,False,0.95
320,MATR_b4c13,771.0,770.7857628319778,57.013454850108666,659.0414446915644,882.5300809723911,451.0,450.78576283197776,339.0414446915644,562.5300809723911,0.2142371680222368,"MATR_b2c37,MATR_b4c12,MATR_b4c17,MATR_b3c27,MATR_b4c22,MATR_b3c29,MATR_b2c27,MATR_b3c38,MATR_b4c3,MATR_b1c42,MATR_b1c0,MATR_b3c25",False,False,0.95
320,MATR_b4c16,909.0,877.6887107190486,77.14148901531497,726.494170535239,1028.883250902858,589.0,557.6887107190486,406.49417053523905,708.883250902858,31.311289280951428,"MATR_b2c37,MATR_b4c12,MATR_b4c17,MATR_b3c27,MATR_b4c22,MATR_b3c29,MATR_b2c27,MATR_b3c38,MATR_b4c3,MATR_b1c42,MATR_b1c0,MATR_b3c25",False,False,0.95
320,MATR_b4c18,906.0,900.3678334484007,95.92603231851159,712.3562649242928,1088.3794019725087,586.0,580.3678334484007,392.35626492429276,768.3794019725087,5.632166551599312,"MATR_b2c37,MATR_b4c12,MATR_b4c17,MATR_b3c27,MATR_b4c22,MATR_b3c29,MATR_b2c27,MATR_b3c38,MATR_b4c3,MATR_b1c42,MATR_b1c0,MATR_b3c25",False,False,0.95
320,MATR_b4c25,453.0,417.50804126019585,27.352319758684594,363.89847963955077,471.11760288084093,133.0,97.50804126019585,43.89847963955077,151.11760288084093,35.49195873980415,"MATR_b2c37,MATR_b4c12,MATR_b4c17,MATR_b3c27,MATR_b4c22,MATR_b3c29,MATR_b2c27,MATR_b3c38,MATR_b4c3,MATR_b1c42,MATR_b1c0,MATR_b3c25",False,False,0.95
320,MATR_b4c29,887.0,936.5164499761131,79.68103911447106,780.3444830610225,1092.6884168912036,567.0,616.5164499761131,460.3444830610225,772.6884168912036,49.51644997611311,"MATR_b2c37,MATR_b4c12,MATR_b4c17,MATR_b3c27,MATR_b4c22,MATR_b3c29,MATR_b2c27,MATR_b3c38,MATR_b4c3,MATR_b1c42,MATR_b1c0,MATR_b3c25",False,False,0.95
320,MATR_b4c33,505.0,447.0956526311045,28.428025856145634,391.3777458014856,502.81355946072335,185.0,127.09565263110449,71.37774580148562,182.81355946072335,57.904347368895515,"MATR_b2c37,MATR_b4c12,MATR_b4c17,MATR_b3c27,MATR_b4c22,MATR_b3c29,MATR_b2c27,MATR_b3c38,MATR_b4c3,MATR_b1c42,MATR_b1c0,MATR_b3c25",False,False,0.95
320,MATR_b4c37,863.0,776.5746966191089,59.1304243169525,660.6811945673105,892.4681986709072,543.0,456.57469661910886,340.6811945673105,572.4681986709072,86.42530338089114,"MATR_b2c37,MATR_b4c12,MATR_b4c17,MATR_b3c27,MATR_b4c22,MATR_b3c29,MATR_b2c27,MATR_b3c38,MATR_b4c3,MATR_b1c42,MATR_b1c0,MATR_b3c25",False,False,0.95
320,MATR_b4c4,656.0,625.1386135952433,43.767435175399335,539.3560169557692,710.9212102347175,336.0,305.1386135952433,219.35601695576918,390.9212102347175,30.861386404756672,"MATR_b2c37,MATR_b4c12,MATR_b4c17,MATR_b3c27,MATR_b4c22,MATR_b3c29,MATR_b2c27,MATR_b3c38,MATR_b4c3,MATR_b1c42,MATR_b1c0,MATR_b3c25",False,False,0.95
320,MATR_b4c9,442.0,440.3065976780389,27.48967627045921,386.4278222412735,494.1853731148043,122.0,120.30659767803888,66.42782224127347,174.1853731148043,1.6934023219611163,"MATR_b2c37,MATR_b4c12,MATR_b4c17,MATR_b3c27,MATR_b4c22,MATR_b3c29,MATR_b2c27,MATR_b3c38,MATR_b4c3,MATR_b1c42,MATR_b1c0,MATR_b3c25",False,False,0.95
340,MATR_b1c1,2154.0,1522.9811855252497,219.61206603366458,1092.5494455288351,1953.4129255216642,1814.0,1182.9811855252497,752.5494455288351,1613.4129255216642,631.0188144747503,"MATR_b3c24,MATR_b2c18,MATR_b1c24,MATR_b2c32,MATR_b1c26,MATR_b2c47,MATR_b1c16,MATR_b3c6,MATR_b2c11,MATR_b2c6,MATR_b4c39,MATR_b1c19",False,False,0.95
340,MATR_b1c20,533.0,484.46308157552215,29.252881494390884,427.1284874024978,541.7976757485465,193.0,144.46308157552215,87.1284874024978,201.79767574854645,48.53691842447785,"MATR_b3c24,MATR_b2c18,MATR_b1c24,MATR_b2c32,MATR_b1c26,MATR_b2c47,MATR_b1c16,MATR_b3c6,MATR_b2c11,MATR_b2c6,MATR_b4c39,MATR_b1c19",False,False,0.95
340,MATR_b1c21,557.0,485.9358265554472,31.637117725110436,423.92821523957696,547.9434378713174,217.0,145.9358265554472,83.92821523957696,207.94343787131743,71.06417344455281,"MATR_b3c24,MATR_b2c18,MATR_b1c24,MATR_b2c32,MATR_b1c26,MATR_b2c47,MATR_b1c16,MATR_b3c6,MATR_b2c11,MATR_b2c6,MATR_b4c39,MATR_b1c19",False,False,0.95
340,MATR_b1c28,858.0,721.1552355981077,56.03705379832252,611.3246283536621,830.9858428425532,518.0,381.15523559810765,271.3246283536621,490.9858428425532,136.84476440189235,"MATR_b3c24,MATR_b2c18,MATR_b1c24,MATR_b2c32,MATR_b1c26,MATR_b2c47,MATR_b1c16,MATR_b3c6,MATR_b2c11,MATR_b2c6,MATR_b4c39,MATR_b1c19",False,False,0.95
340,MATR_b1c39,622.0,581.4606587194221,40.44951136504982,502.18107325168086,660.7402441871633,282.0,241.4606587194221,162.18107325168086,320.7402441871633,40.5393412805779,"MATR_b3c24,MATR_b2c18,MATR_b1c24,MATR_b2c32,MATR_b1c26,MATR_b2c47,MATR_b1c16,MATR_b3c6,MATR_b2c11,MATR_b2c6,MATR_b4c39,MATR_b1c19",False,False,0.95
340,MATR_b1c7,869.0,894.4972454885251,79.80311460639395,738.0860150058706,1050.9084759711795,529.0,554.4972454885251,398.08601500587065,710.9084759711795,25.497245488525095,"MATR_b3c24,MATR_b2c18,MATR_b1c24,MATR_b2c32,MATR_b1c26,MATR_b2c47,MATR_b1c16,MATR_b3c6,MATR_b2c11,MATR_b2c6,MATR_b4c39,MATR_b1c19",False,False,0.95
340,MATR_b1c9,1052.0,937.773266375523,87.50137297394855,766.2737267487774,1109.2728060022687,712.0,597.773266375523,426.27372674877745,769.2728060022687,114.22673362447699,"MATR_b3c24,MATR_b2c18,MATR_b1c24,MATR_b2c32,MATR_b1c26,MATR_b2c47,MATR_b1c16,MATR_b3c6,MATR_b2c11,MATR_b2c6,MATR_b4c39,MATR_b1c19",False,False,0.95
340,MATR_b2c10,560.0,544.9459970161766,34.001503738375696,478.3042742687563,611.587719763597,220.0,204.94599701617665,138.30427426875627,271.58771976359697,15.054002983823352,"MATR_b3c24,MATR_b2c18,MATR_b1c24,MATR_b2c32,MATR_b1c26,MATR_b2c47,MATR_b1c16,MATR_b3c6,MATR_b2c11,MATR_b2c6,MATR_b4c39,MATR_b1c19",False,False,0.95
340,MATR_b2c21,488.0,425.38479402630105,29.053339001829812,368.44129595208176,482.32829210052034,148.0,85.38479402630105,28.44129595208176,142.32829210052034,62.61520597369895,"MATR_b3c24,MATR_b2c18,MATR_b1c24,MATR_b2c32,MATR_b1c26,MATR_b2c47,MATR_b1c16,MATR_b3c6,MATR_b2c11,MATR_b2c6,MATR_b4c39,MATR_b1c19",False,False,0.95
340,MATR_b2c23,526.0,440.24188212729956,29.589672581919707,382.2471895524046,498.2365747021945,186.0,100.24188212729956,42.24718955240462,158.2365747021945,85.75811787270044,"MATR_b3c24,MATR_b2c18,MATR_b1c24,MATR_b2c32,MATR_b1c26,MATR_b2c47,MATR_b1c16,MATR_b3c6,MATR_b2c11,MATR_b2c6,MATR_b4c39,MATR_b1c19",False,False,0.95
340,MATR_b2c25,460.0,430.43008604735934,28.72645467717097,374.12726947658206,486.7329026181366,120.0,90.43008604735934,34.12726947658206,146.73290261813662,29.56991395264066,"MATR_b3c24,MATR_b2c18,MATR_b1c24,MATR_b2c32,MATR_b1c26,MATR_b2c47,MATR_b1c16,MATR_b3c6,MATR_b2c11,MATR_b2c6,MATR_b4c39,MATR_b1c19",False,False,0.95
340,MATR_b2c29,497.0,512.5547588030471,34.706785396281134,444.5307094071754,580.5788081989188,157.0,172.5547588030471,104.53070940717538,240.57880819891875,15.554758803047093,"MATR_b3c24,MATR_b2c18,MATR_b1c24,MATR_b2c32,MATR_b1c26,MATR_b2c47,MATR_b1c16,MATR_b3c6,MATR_b2c11,MATR_b2c6,MATR_b4c39,MATR_b1c19",False,False,0.95
340,MATR_b2c30,480.0,479.27347456698277,31.16224708320102,418.19659260657045,540.3503565273951,140.0,139.27347456698277,78.19659260657045,200.3503565273951,0.7265254330172297,"MATR_b3c24,MATR_b2c18,MATR_b1c24,MATR_b2c32,MATR_b1c26,MATR_b2c47,MATR_b1c16,MATR_b3c6,MATR_b2c11,MATR_b2c6,MATR_b4c39,MATR_b1c19",False,False,0.95
340,MATR_b2c36,534.0,551.2708542995315,37.66920318645573,477.44057272775683,625.1011358713062,194.0,211.2708542995315,137.44057272775683,285.10113587130616,17.270854299531493,"MATR_b3c24,MATR_b2c18,MATR_b1c24,MATR_b2c32,MATR_b1c26,MATR_b2c47,MATR_b1c16,MATR_b3c6,MATR_b2c11,MATR_b2c6,MATR_b4c39,MATR_b1c19",False,False,0.95
340,MATR_b2c40,498.0,456.65031317699726,30.55030267155097,396.77282022395957,516.527806130035,158.0,116.65031317699726,56.77282022395957,176.52780613003495,41.34968682300274,"MATR_b3c24,MATR_b2c18,MATR_b1c24,MATR_b2c32,MATR_b1c26,MATR_b2c47,MATR_b1c16,MATR_b3c6,MATR_b2c11,MATR_b2c6,MATR_b4c39,MATR_b1c19",False,False,0.95
340,MATR_b2c42,465.0,453.392606944877,31.18037926509006,392.280186561001,514.5050273287529,125.0,113.392606944877,52.28018656100102,174.50502732875293,11.607393055122998,"MATR_b3c24,MATR_b2c18,MATR_b1c24,MATR_b2c32,MATR_b1c26,MATR_b2c47,MATR_b1c16,MATR_b3c6,MATR_b2c11,MATR_b2c6,MATR_b4c39,MATR_b1c19",False,False,0.95
340,MATR_b2c46,428.0,420.96904548975596,30.858683580505165,360.48713706164835,481.45095391786356,88.0,80.96904548975596,20.487137061648355,141.45095391786356,7.030954510244044,"MATR_b3c24,MATR_b2c18,MATR_b1c24,MATR_b2c32,MATR_b1c26,MATR_b2c47,MATR_b1c16,MATR_b3c6,MATR_b2c11,MATR_b2c6,MATR_b4c39,MATR_b1c19",False,False,0.95
340,MATR_b3c19,1152.0,1130.268092147564,107.7563993207984,919.0694303750828,1341.466753920045,812.0,790.268092147564,579.0694303750828,1001.466753920045,21.731907852436052,"MATR_b3c24,MATR_b2c18,MATR_b1c24,MATR_b2c32,MATR_b1c26,MATR_b2c47,MATR_b1c16,MATR_b3c6,MATR_b2c11,MATR_b2c6,MATR_b4c39,MATR_b1c19",False,False,0.95
340,MATR_b3c20,811.0,814.8581191035033,62.842106338837425,691.6898539667458,938.0263842402609,471.0,474.8581191035033,351.6898539667458,598.0263842402609,3.858119103503327,"MATR_b3c24,MATR_b2c18,MATR_b1c24,MATR_b2c32,MATR_b1c26,MATR_b2c47,MATR_b1c16,MATR_b3c6,MATR_b2c11,MATR_b2c6,MATR_b4c39,MATR_b1c19",False,False,0.95
340,MATR_b3c3,1113.0,1178.9418527134885,111.52247141334203,960.3618252764404,1397.5218801505366,773.0,838.9418527134885,620.3618252764404,1057.5218801505366,65.94185271348852,"MATR_b3c24,MATR_b2c18,MATR_b1c24,MATR_b2c32,MATR_b1c26,MATR_b2c47,MATR_b1c16,MATR_b3c6,MATR_b2c11,MATR_b2c6,MATR_b4c39,MATR_b1c19",False,False,0.95
340,MATR_b3c30,933.0,1006.6317605969796,92.13437962606926,826.051694791943,1187.2118264020162,593.0,666.6317605969796,486.05169479194296,847.2118264020162,73.63176059697957,"MATR_b3c24,MATR_b2c18,MATR_b1c24,MATR_b2c32,MATR_b1c26,MATR_b2c47,MATR_b1c16,MATR_b3c6,MATR_b2c11,MATR_b2c6,MATR_b4c39,MATR_b1c19",False,False,0.95
340,MATR_b3c44,938.0,947.3687885411662,84.26399826824122,782.214386742068,1112.5231903402644,598.0,607.3687885411662,442.214386742068,772.5231903402644,9.368788541166168,"MATR_b3c24,MATR_b2c18,MATR_b1c24,MATR_b2c32,MATR_b1c26,MATR_b2c47,MATR_b1c16,MATR_b3c6,MATR_b2c11,MATR_b2c6,MATR_b4c39,MATR_b1c19",False,False,0.95
340,MATR_b3c45,1799.0,1692.28507800304,224.38813583830682,1252.4924132018775,2132.077742804203,1459.0,1352.28507800304,912.4924132018775,1792.077742804203,106.7149219969599,"MATR_b3c24,MATR_b2c18,MATR_b1c24,MATR_b2c32,MATR_b1c26,MATR_b2c47,MATR_b1c16,MATR_b3c6,MATR_b2c11,MATR_b2c6,MATR_b4c39,MATR_b1c19",False,False,0.95
340,MATR_b4c10,872.0,867.5058880237705,69.91560841143126,730.4738135801596,1004.5379624673814,532.0,527.5058880237705,390.4738135801596,664.5379624673814,4.494111976229533,"MATR_b3c24,MATR_b2c18,MATR_b1c24,MATR_b2c32,MATR_b1c26,MATR_b2c47,MATR_b1c16,MATR_b3c6,MATR_b2c11,MATR_b2c6,MATR_b4c39,MATR_b1c19",False,False,0.95
340,MATR_b4c13,771.0,753.8341023182318,55.52016251015697,645.0165833825132,862.6516212539503,431.0,413.83410231823177,305.0165833825132,522.6516212539503,17.16589768176823,"MATR_b3c24,MATR_b2c18,MATR_b1c24,MATR_b2c32,MATR_b1c26,MATR_b2c47,MATR_b1c16,MATR_b3c6,MATR_b2c11,MATR_b2c6,MATR_b4c39,MATR_b1c19",False,False,0.95
340,MATR_b4c16,909.0,892.2152712239886,79.97321739404292,735.4706454038723,1048.9598970441048,569.0,552.2152712239886,395.47064540387225,708.9598970441048,16.784728776011434,"MATR_b3c24,MATR_b2c18,MATR_b1c24,MATR_b2c32,MATR_b1c26,MATR_b2c47,MATR_b1c16,MATR_b3c6,MATR_b2c11,MATR_b2c6,MATR_b4c39,MATR_b1c19",False,False,0.95
340,MATR_b4c18,906.0,905.8618262857042,101.21886822782339,707.4764900032649,1104.2471625681435,566.0,565.8618262857042,367.47649000326487,764.2471625681435,0.13817371429581726,"MATR_b3c24,MATR_b2c18,MATR_b1c24,MATR_b2c32,MATR_b1c26,MATR_b2c47,MATR_b1c16,MATR_b3c6,MATR_b2c11,MATR_b2c6,MATR_b4c39,MATR_b1c19",False,False,0.95
340,MATR_b4c25,453.0,408.52701465951696,27.652047898064556,354.32999668053395,462.7240326385,113.0,68.52701465951696,14.329996680533952,122.72403263849998,44.472985340483035,"MATR_b3c24,MATR_b2c18,MATR_b1c24,MATR_b2c32,MATR_b1c26,MATR_b2c47,MATR_b1c16,MATR_b3c6,MATR_b2c11,MATR_b2c6,MATR_b4c39,MATR_b1c19",False,False,0.95
340,MATR_b4c29,887.0,924.6687213179382,81.97780229822013,763.9951812816819,1085.3422613541945,547.0,584.6687213179382,423.9951812816819,745.3422613541945,37.66872131793821,"MATR_b3c24,MATR_b2c18,MATR_b1c24,MATR_b2c32,MATR_b1c26,MATR_b2c47,MATR_b1c16,MATR_b3c6,MATR_b2c11,MATR_b2c6,MATR_b4c39,MATR_b1c19",False,False,0.95
340,MATR_b4c33,505.0,441.24666529929056,29.2041074143613,384.00766656650325,498.48566403207786,165.0,101.24666529929056,44.00766656650325,158.48566403207786,63.753334700709445,"MATR_b3c24,MATR_b2c18,MATR_b1c24,MATR_b2c32,MATR_b1c26,MATR_b2c47,MATR_b1c16,MATR_b3c6,MATR_b2c11,MATR_b2c6,MATR_b4c39,MATR_b1c19",False,False,0.95
340,MATR_b4c37,863.0,784.6916171597186,60.33040309252414,666.4461999255874,902.9370343938498,523.0,444.6916171597186,326.4461999255874,562.9370343938498,78.30838284028141,"MATR_b3c24,MATR_b2c18,MATR_b1c24,MATR_b2c32,MATR_b1c26,MATR_b2c47,MATR_b1c16,MATR_b3c6,MATR_b2c11,MATR_b2c6,MATR_b4c39,MATR_b1c19",False,False,0.95
340,MATR_b4c4,656.0,621.6526244665584,42.7937579438184,537.7784001335496,705.5268487995673,316.0,281.65262446655845,197.77840013354955,365.52684879956735,34.34737553344155,"MATR_b3c24,MATR_b2c18,MATR_b1c24,MATR_b2c32,MATR_b1c26,MATR_b2c47,MATR_b1c16,MATR_b3c6,MATR_b2c11,MATR_b2c6,MATR_b4c39,MATR_b1c19",False,False,0.95
340,MATR_b4c9,442.0,431.9273842591818,27.95572147590341,377.13517700457817,486.7195915137854,102.0,91.92738425918179,37.13517700457817,146.71959151378542,10.072615740818208,"MATR_b3c24,MATR_b2c18,MATR_b1c24,MATR_b2c32,MATR_b1c26,MATR_b2c47,MATR_b1c16,MATR_b3c6,MATR_b2c11,MATR_b2c6,MATR_b4c39,MATR_b1c19",False,False,0.95
360,MATR_b1c1,2154.0,1523.8496309201228,223.4683738434344,1085.8596665032587,1961.8395953369868,1794.0,1163.8496309201228,725.8596665032587,1601.8395953369868,630.1503690798772,"MATR_b3c21,MATR_b2c37,MATR_b4c31,MATR_b3c41,MATR_b2c38,MATR_b3c36,MATR_b3c27,MATR_b3c29,MATR_b1c6,MATR_b2c32,MATR_b4c43,MATR_b2c47",False,False,0.95
360,MATR_b1c20,533.0,478.82985879067684,29.232867243390164,421.53449182879143,536.1252257525622,173.0,118.82985879067684,61.53449182879143,176.1252257525622,54.17014120932316,"MATR_b3c21,MATR_b2c37,MATR_b4c31,MATR_b3c41,MATR_b2c38,MATR_b3c36,MATR_b3c27,MATR_b3c29,MATR_b1c6,MATR_b2c32,MATR_b4c43,MATR_b2c47",False,False,0.95
360,MATR_b1c21,557.0,478.8694340420895,30.953523028712084,418.20164371118267,539.5372243729963,197.0,118.8694340420895,58.20164371118267,179.53722437299632,78.1305659579105,"MATR_b3c21,MATR_b2c37,MATR_b4c31,MATR_b3c41,MATR_b2c38,MATR_b3c36,MATR_b3c27,MATR_b3c29,MATR_b1c6,MATR_b2c32,MATR_b4c43,MATR_b2c47",False,False,0.95
360,MATR_b1c28,858.0,711.0907328898736,54.62684876631041,604.0240767189889,818.1573890607583,498.0,351.0907328898736,244.0240767189889,458.1573890607583,146.9092671101264,"MATR_b3c21,MATR_b2c37,MATR_b4c31,MATR_b3c41,MATR_b2c38,MATR_b3c36,MATR_b3c27,MATR_b3c29,MATR_b1c6,MATR_b2c32,MATR_b4c43,MATR_b2c47",False,False,0.95
360,MATR_b1c39,622.0,572.233978932946,39.5180857216917,494.77995418046373,649.6880036854283,262.0,212.233978932946,134.77995418046373,289.68800368542827,49.766021067054,"MATR_b3c21,MATR_b2c37,MATR_b4c31,MATR_b3c41,MATR_b2c38,MATR_b3c36,MATR_b3c27,MATR_b3c29,MATR_b1c6,MATR_b2c32,MATR_b4c43,MATR_b2c47",False,False,0.95
360,MATR_b1c7,869.0,884.964358237585,78.31529580688631,731.4691990174871,1038.4595174576828,509.0,524.964358237585,371.4691990174871,678.4595174576828,15.964358237584975,"MATR_b3c21,MATR_b2c37,MATR_b4c31,MATR_b3c41,MATR_b2c38,MATR_b3c36,MATR_b3c27,MATR_b3c29,MATR_b1c6,MATR_b2c32,MATR_b4c43,MATR_b2c47",False,False,0.95
360,MATR_b1c9,1052.0,943.437888634493,88.35490858278558,770.2654499549044,1116.6103273140816,692.0,583.437888634493,410.2654499549044,756.6103273140816,108.56211136550701,"MATR_b3c21,MATR_b2c37,MATR_b4c31,MATR_b3c41,MATR_b2c38,MATR_b3c36,MATR_b3c27,MATR_b3c29,MATR_b1c6,MATR_b2c32,MATR_b4c43,MATR_b2c47",False,False,0.95
360,MATR_b2c10,560.0,533.3228389164104,33.22645170649749,468.20019023761597,598.4454875952049,200.0,173.32283891641043,108.20019023761597,238.4454875952049,26.677161083589567,"MATR_b3c21,MATR_b2c37,MATR_b4c31,MATR_b3c41,MATR_b2c38,MATR_b3c36,MATR_b3c27,MATR_b3c29,MATR_b1c6,MATR_b2c32,MATR_b4c43,MATR_b2c47",False,False,0.95
360,MATR_b2c21,488.0,418.4241081836013,28.51533918624196,362.53507037162336,474.3131459955792,128.0,58.42410818360128,2.5350703716233625,114.31314599557919,69.57589181639872,"MATR_b3c21,MATR_b2c37,MATR_b4c31,MATR_b3c41,MATR_b2c38,MATR_b3c36,MATR_b3c27,MATR_b3c29,MATR_b1c6,MATR_b2c32,MATR_b4c43,MATR_b2c47",False,False,0.95
360,MATR_b2c23,526.0,435.2556767163346,29.305156395635088,377.8186256195762,492.69272781309303,166.0,75.25567671633462,17.81862561957621,132.69272781309303,90.74432328366538,"MATR_b3c21,MATR_b2c37,MATR_b4c31,MATR_b3c41,MATR_b2c38,MATR_b3c36,MATR_b3c27,MATR_b3c29,MATR_b1c6,MATR_b2c32,MATR_b4c43,MATR_b2c47",False,False,0.95
360,MATR_b2c25,460.0,421.74038302514197,28.280194939096944,366.31221946874007,477.16854658154386,100.0,61.740383025141966,6.312219468740068,117.16854658154386,38.259616974858034,"MATR_b3c21,MATR_b2c37,MATR_b4c31,MATR_b3c41,MATR_b2c38,MATR_b3c36,MATR_b3c27,MATR_b3c29,MATR_b1c6,MATR_b2c32,MATR_b4c43,MATR_b2c47",False,False,0.95
360,MATR_b2c29,497.0,502.0352184036688,33.825325234500355,435.73879917869425,568.3316376286433,137.0,142.0352184036688,75.73879917869425,208.3316376286433,5.035218403668807,"MATR_b3c21,MATR_b2c37,MATR_b4c31,MATR_b3c41,MATR_b2c38,MATR_b3c36,MATR_b3c27,MATR_b3c29,MATR_b1c6,MATR_b2c32,MATR_b4c43,MATR_b2c47",False,False,0.95
360,MATR_b2c30,480.0,469.62408896469833,30.54490035619943,409.7571843551828,529.4909935742139,120.0,109.62408896469833,49.7571843551828,169.49099357421392,10.37591103530167,"MATR_b3c21,MATR_b2c37,MATR_b4c31,MATR_b3c41,MATR_b2c38,MATR_b3c36,MATR_b3c27,MATR_b3c29,MATR_b1c6,MATR_b2c32,MATR_b4c43,MATR_b2c47",False,False,0.95
360,MATR_b2c36,534.0,536.8311538740991,36.158480123859604,465.96183509562684,607.7004726525713,174.0,176.83115387409907,105.96183509562684,247.7004726525713,2.8311538740990727,"MATR_b3c21,MATR_b2c37,MATR_b4c31,MATR_b3c41,MATR_b2c38,MATR_b3c36,MATR_b3c27,MATR_b3c29,MATR_b1c6,MATR_b2c32,MATR_b4c43,MATR_b2c47",False,False,0.95
360,MATR_b2c40,498.0,448.1901880530269,29.829250051490636,389.72593226626566,506.6544438397881,138.0,88.19018805302687,29.72593226626566,146.6544438397881,49.80981194697313,"MATR_b3c21,MATR_b2c37,MATR_b4c31,MATR_b3c41,MATR_b2c38,MATR_b3c36,MATR_b3c27,MATR_b3c29,MATR_b1c6,MATR_b2c32,MATR_b4c43,MATR_b2c47",False,False,0.95
360,MATR_b2c42,465.0,445.1372992869872,30.47046365949794,385.4162879221347,504.85831065183964,105.0,85.13729928698717,25.4162879221347,144.85831065183964,19.862700713012828,"MATR_b3c21,MATR_b2c37,MATR_b4c31,MATR_b3c41,MATR_b2c38,MATR_b3c36,MATR_b3c27,MATR_b3c29,MATR_b1c6,MATR_b2c32,MATR_b4c43,MATR_b2c47",False,False,0.95
360,MATR_b2c46,428.0,413.82115420385566,30.24489810813004,354.54224319583716,473.10006521187415,68.0,53.821154203855656,-5.457756804162841,113.10006521187415,14.178845796144344,"MATR_b3c21,MATR_b2c37,MATR_b4c31,MATR_b3c41,MATR_b2c38,MATR_b3c36,MATR_b3c27,MATR_b3c29,MATR_b1c6,MATR_b2c32,MATR_b4c43,MATR_b2c47",False,False,0.95
360,MATR_b3c19,1152.0,1097.2961751800685,102.53729217393506,896.3267754468951,1298.2655749132418,792.0,737.2961751800685,536.3267754468951,938.2655749132418,54.70382481993147,"MATR_b3c21,MATR_b2c37,MATR_b4c31,MATR_b3c41,MATR_b2c38,MATR_b3c36,MATR_b3c27,MATR_b3c29,MATR_b1c6,MATR_b2c32,MATR_b4c43,MATR_b2c47",False,False,0.95
360,MATR_b3c20,811.0,801.2600391922622,61.22670829025693,681.2578960514187,921.2621823331057,451.0,441.2600391922622,321.2578960514187,561.2621823331057,9.739960807737816,"MATR_b3c21,MATR_b2c37,MATR_b4c31,MATR_b3c41,MATR_b2c38,MATR_b3c36,MATR_b3c27,MATR_b3c29,MATR_b1c6,MATR_b2c32,MATR_b4c43,MATR_b2c47",False,False,0.95
360,MATR_b3c3,1113.0,1145.989447104674,110.54726607977591,929.3207869989468,1362.6581072104009,753.0,785.9894471046739,569.3207869989468,1002.6581072104009,32.9894471046739,"MATR_b3c21,MATR_b2c37,MATR_b4c31,MATR_b3c41,MATR_b2c38,MATR_b3c36,MATR_b3c27,MATR_b3c29,MATR_b1c6,MATR_b2c32,MATR_b4c43,MATR_b2c47",False,False,0.95
360,MATR_b3c30,933.0,968.4025339329914,86.3379607292142,799.1832404050981,1137.6218274608848,573.0,608.4025339329914,439.1832404050981,777.6218274608848,35.402533932991446,"MATR_b3c21,MATR_b2c37,MATR_b4c31,MATR_b3c41,MATR_b2c38,MATR_b3c36,MATR_b3c27,MATR_b3c29,MATR_b1c6,MATR_b2c32,MATR_b4c43,MATR_b2c47",False,False,0.95
360,MATR_b3c44,938.0,907.926050334026,78.53822602983064,753.9939559058918,1061.8581447621602,578.0,547.926050334026,393.99395590589177,701.8581447621602,30.073949665974055,"MATR_b3c21,MATR_b2c37,MATR_b4c31,MATR_b3c41,MATR_b2c38,MATR_b3c36,MATR_b3c27,MATR_b3c29,MATR_b1c6,MATR_b2c32,MATR_b4c43,MATR_b2c47",False,False,0.95
360,MATR_b3c45,1799.0,1663.513663025794,219.2712388575591,1233.7499320194986,2093.2773940320894,1439.0,1303.513663025794,873.7499320194986,1733.2773940320894,135.4863369742061,"MATR_b3c21,MATR_b2c37,MATR_b4c31,MATR_b3c41,MATR_b2c38,MATR_b3c36,MATR_b3c27,MATR_b3c29,MATR_b1c6,MATR_b2c32,MATR_b4c43,MATR_b2c47",False,False,0.95
360,MATR_b4c10,872.0,846.3165006964158,67.24783156236113,714.5131727957721,978.1198285970595,512.0,486.3165006964158,354.5131727957721,618.1198285970595,25.6834993035842,"MATR_b3c21,MATR_b2c37,MATR_b4c31,MATR_b3c41,MATR_b2c38,MATR_b3c36,MATR_b3c27,MATR_b3c29,MATR_b1c6,MATR_b2c32,MATR_b4c43,MATR_b2c47",False,False,0.95
360,MATR_b4c13,771.0,723.3184193583222,52.0188103448471,621.3634245638024,825.2734141528421,411.0,363.3184193583222,261.36342456380237,465.27341415284207,47.68158064167778,"MATR_b3c21,MATR_b2c37,MATR_b4c31,MATR_b3c41,MATR_b2c38,MATR_b3c36,MATR_b3c27,MATR_b3c29,MATR_b1c6,MATR_b2c32,MATR_b4c43,MATR_b2c47",False,False,0.95
360,MATR_b4c16,909.0,870.8427879254386,75.58328255769933,722.7022762790335,1018.9832995718438,549.0,510.84278792543864,362.7022762790335,658.9832995718438,38.15721207456136,"MATR_b3c21,MATR_b2c37,MATR_b4c31,MATR_b3c41,MATR_b2c38,MATR_b3c36,MATR_b3c27,MATR_b3c29,MATR_b1c6,MATR_b2c32,MATR_b4c43,MATR_b2c47",False,False,0.95
360,MATR_b4c18,906.0,878.1738269826014,94.14479203781706,693.6534252564668,1062.694228708736,546.0,518.1738269826014,333.6534252564668,702.6942287087361,27.82617301739856,"MATR_b3c21,MATR_b2c37,MATR_b4c31,MATR_b3c41,MATR_b2c38,MATR_b3c36,MATR_b3c27,MATR_b3c29,MATR_b1c6,MATR_b2c32,MATR_b4c43,MATR_b2c47",False,False,0.95
360,MATR_b4c25,453.0,403.83786536779405,27.555104072123818,349.8308537961784,457.8448769394097,93.0,43.83786536779405,-10.169146203821583,97.84487693940969,49.16213463220595,"MATR_b3c21,MATR_b2c37,MATR_b4c31,MATR_b3c41,MATR_b2c38,MATR_b3c36,MATR_b3c27,MATR_b3c29,MATR_b1c6,MATR_b2c32,MATR_b4c43,MATR_b2c47",False,False,0.95
360,MATR_b4c29,887.0,893.8846406260171,78.93587787975764,739.1731628936402,1048.596118358394,527.0,533.8846406260171,379.1731628936402,688.596118358394,6.884640626017131,"MATR_b3c21,MATR_b2c37,MATR_b4c31,MATR_b3c41,MATR_b2c38,MATR_b3c36,MATR_b3c27,MATR_b3c29,MATR_b1c6,MATR_b2c32,MATR_b4c43,MATR_b2c47",False,False,0.95
360,MATR_b4c33,505.0,436.21000662278124,28.96332990989806,379.4429231270293,492.97709011853317,145.0,76.21000662278124,19.442923127029303,132.97709011853317,68.78999337721876,"MATR_b3c21,MATR_b2c37,MATR_b4c31,MATR_b3c41,MATR_b2c38,MATR_b3c36,MATR_b3c27,MATR_b3c29,MATR_b1c6,MATR_b2c32,MATR_b4c43,MATR_b2c47",False,False,0.95
360,MATR_b4c37,863.0,778.0722635437804,59.54988399521029,661.3566356296301,894.7878914579308,503.0,418.0722635437804,301.3566356296301,534.7878914579308,84.92773645621958,"MATR_b3c21,MATR_b2c37,MATR_b4c31,MATR_b3c41,MATR_b2c38,MATR_b3c36,MATR_b3c27,MATR_b3c29,MATR_b1c6,MATR_b2c32,MATR_b4c43,MATR_b2c47",False,False,0.95
360,MATR_b4c4,656.0,613.0678683806786,41.58240473680345,531.5678527059762,694.5678840553811,296.0,253.06786838067865,171.56785270597618,334.5678840553811,42.93213161932135,"MATR_b3c21,MATR_b2c37,MATR_b4c31,MATR_b3c41,MATR_b2c38,MATR_b3c36,MATR_b3c27,MATR_b3c29,MATR_b1c6,MATR_b2c32,MATR_b4c43,MATR_b2c47",False,False,0.95
360,MATR_b4c9,442.0,425.76003371377885,27.74631107052283,371.37826331170913,480.1418041158486,82.0,65.76003371377885,11.378263311709134,120.14180411584857,16.239966286221147,"MATR_b3c21,MATR_b2c37,MATR_b4c31,MATR_b3c41,MATR_b2c38,MATR_b3c36,MATR_b3c27,MATR_b3c29,MATR_b1c6,MATR_b2c32,MATR_b4c43,MATR_b2c47",False,False,0.95
380,MATR_b1c1,2154.0,1536.3474676895266,230.6328238841797,1084.3154392237655,1988.3794961552878,1774.0,1156.3474676895266,704.3154392237655,1608.3794961552878,617.6525323104734,"MATR_b2c6,MATR_b4c23,MATR_b2c22,MATR_b3c0,MATR_b4c14,MATR_b3c21,MATR_b3c1,MATR_b4c15,MATR_b1c0,MATR_b2c18,MATR_b4c40,MATR_b4c39",False,False,0.95
380,MATR_b1c20,533.0,472.0575870594145,29.077775683575762,415.0661939690715,529.0489801497575,153.0,92.05758705941452,35.06619396907149,149.04898014975754,60.942412940585484,"MATR_b2c6,MATR_b4c23,MATR_b2c22,MATR_b3c0,MATR_b4c14,MATR_b3c21,MATR_b3c1,MATR_b4c15,MATR_b1c0,MATR_b2c18,MATR_b4c40,MATR_b4c39",False,False,0.95
380,MATR_b1c21,557.0,471.8475550532264,30.188451143132532,412.67927806363963,531.0158320428131,177.0,91.84755505322642,32.67927806363963,151.01583204281314,85.15244494677358,"MATR_b2c6,MATR_b4c23,MATR_b2c22,MATR_b3c0,MATR_b4c14,MATR_b3c21,MATR_b3c1,MATR_b4c15,MATR_b1c0,MATR_b2c18,MATR_b4c40,MATR_b4c39",False,False,0.95
380,MATR_b1c28,858.0,699.7935439802441,52.941455876798884,596.0301971726019,803.5568907878862,478.0,319.79354398024407,216.0301971726019,423.55689078788623,158.20645601975593,"MATR_b2c6,MATR_b4c23,MATR_b2c22,MATR_b3c0,MATR_b4c14,MATR_b3c21,MATR_b3c1,MATR_b4c15,MATR_b1c0,MATR_b2c18,MATR_b4c40,MATR_b4c39",False,False,0.95
380,MATR_b1c39,622.0,562.0026023079242,38.23147133357082,487.07029541814995,636.9349091976985,242.0,182.00260230792423,107.07029541814995,256.9349091976985,59.997397692075765,"MATR_b2c6,MATR_b4c23,MATR_b2c22,MATR_b3c0,MATR_b4c14,MATR_b3c21,MATR_b3c1,MATR_b4c15,MATR_b1c0,MATR_b2c18,MATR_b4c40,MATR_b4c39",False,False,0.95
380,MATR_b1c7,869.0,890.0115150610659,79.40476345555847,734.381038487249,1045.6419916348827,489.0,510.0115150610659,354.38103848724904,665.6419916348827,21.011515061065893,"MATR_b2c6,MATR_b4c23,MATR_b2c22,MATR_b3c0,MATR_b4c14,MATR_b3c21,MATR_b3c1,MATR_b4c15,MATR_b1c0,MATR_b2c18,MATR_b4c40,MATR_b4c39",False,False,0.95
380,MATR_b1c9,1052.0,954.7003455990019,90.35692075028719,777.6040351744992,1131.7966560235047,672.0,574.7003455990019,397.60403517449924,751.7966560235047,97.29965440099807,"MATR_b2c6,MATR_b4c23,MATR_b2c22,MATR_b3c0,MATR_b4c14,MATR_b3c21,MATR_b3c1,MATR_b4c15,MATR_b1c0,MATR_b2c18,MATR_b4c40,MATR_b4c39",False,False,0.95
380,MATR_b2c10,560.0,523.536545736268,32.516672076082024,459.80503957004794,587.268051902488,180.0,143.53654573626795,79.80503957004794,207.26805190248797,36.46345426373205,"MATR_b2c6,MATR_b4c23,MATR_b2c22,MATR_b3c0,MATR_b4c14,MATR_b3c21,MATR_b3c1,MATR_b4c15,MATR_b1c0,MATR_b2c18,MATR_b4c40,MATR_b4c39",False,False,0.95
380,MATR_b2c21,488.0,408.51744891375665,27.52077357752471,354.5777238751267,462.4571739523866,108.0,28.517448913756652,-25.422276124873292,82.4571739523866,79.48255108624335,"MATR_b2c6,MATR_b4c23,MATR_b2c22,MATR_b3c0,MATR_b4c14,MATR_b3c21,MATR_b3c1,MATR_b4c15,MATR_b1c0,MATR_b2c18,MATR_b4c40,MATR_b4c39",False,False,0.95
380,MATR_b2c23,526.0,426.3081129591277,28.441042781389392,370.5646934248416,482.0515324934138,146.0,46.3081129591277,-9.435306575158393,102.05153249341379,99.6918870408723,"MATR_b2c6,MATR_b4c23,MATR_b2c22,MATR_b3c0,MATR_b4c14,MATR_b3c21,MATR_b3c1,MATR_b4c15,MATR_b1c0,MATR_b2c18,MATR_b4c40,MATR_b4c39",False,False,0.95
380,MATR_b2c25,460.0,412.0316000123604,27.56980234121849,357.9957803626841,466.0674196620367,80.0,32.0316000123604,-22.004219637315884,86.06741966203668,47.9683999876396,"MATR_b2c6,MATR_b4c23,MATR_b2c22,MATR_b3c0,MATR_b4c14,MATR_b3c21,MATR_b3c1,MATR_b4c15,MATR_b1c0,MATR_b2c18,MATR_b4c40,MATR_b4c39",False,False,0.95
380,MATR_b2c29,497.0,490.2677971164888,32.58083293443406,426.4105379786816,554.1250562542959,117.0,110.2677971164888,46.41053797868159,174.12505625429594,6.732202883511206,"MATR_b2c6,MATR_b4c23,MATR_b2c22,MATR_b3c0,MATR_b4c14,MATR_b3c21,MATR_b3c1,MATR_b4c15,MATR_b1c0,MATR_b2c18,MATR_b4c40,MATR_b4c39",False,False,0.95
380,MATR_b2c30,480.0,456.24741225358446,29.41759275836901,398.5899899353149,513.904834571854,100.0,76.24741225358446,18.589989935314918,133.90483457185405,23.752587746415543,"MATR_b2c6,MATR_b4c23,MATR_b2c22,MATR_b3c0,MATR_b4c14,MATR_b3c21,MATR_b3c1,MATR_b4c15,MATR_b1c0,MATR_b2c18,MATR_b4c40,MATR_b4c39",False,False,0.95
380,MATR_b2c36,534.0,522.1378575858843,34.5974419292319,454.32811744737376,589.9475977243948,154.0,142.13785758588426,74.32811744737376,209.94759772439477,11.862142414115738,"MATR_b2c6,MATR_b4c23,MATR_b2c22,MATR_b3c0,MATR_b4c14,MATR_b3c21,MATR_b3c1,MATR_b4c15,MATR_b1c0,MATR_b2c18,MATR_b4c40,MATR_b4c39",False,False,0.95
380,MATR_b2c40,498.0,437.3240879367626,28.774820831670613,380.9264754450953,493.7217004284299,118.0,57.32408793676262,0.9264754450953205,113.72170042842993,60.67591206323738,"MATR_b2c6,MATR_b4c23,MATR_b2c22,MATR_b3c0,MATR_b4c14,MATR_b3c21,MATR_b3c1,MATR_b4c15,MATR_b1c0,MATR_b2c18,MATR_b4c40,MATR_b4c39",False,False,0.95
380,MATR_b2c42,465.0,433.59790189603535,29.277151984254264,376.2157384369916,490.9800653550791,85.0,53.59790189603535,-3.7842615630083856,110.98006535507909,31.402098103964647,"MATR_b2c6,MATR_b4c23,MATR_b2c22,MATR_b3c0,MATR_b4c14,MATR_b3c21,MATR_b3c1,MATR_b4c15,MATR_b1c0,MATR_b2c18,MATR_b4c40,MATR_b4c39",False,False,0.95
380,MATR_b2c46,428.0,401.96539653525025,28.925310818840394,345.2728290886963,458.6579639818042,48.0,21.96539653525025,-34.72717091130369,78.65796398180419,26.03460346474975,"MATR_b2c6,MATR_b4c23,MATR_b2c22,MATR_b3c0,MATR_b4c14,MATR_b3c21,MATR_b3c1,MATR_b4c15,MATR_b1c0,MATR_b2c18,MATR_b4c40,MATR_b4c39",False,False,0.95
380,MATR_b3c19,1152.0,1067.3663380312373,100.41815142093715,870.5503778521108,1264.1822982103638,772.0,687.3663380312373,490.55037785211084,884.1822982103638,84.63366196876268,"MATR_b2c6,MATR_b4c23,MATR_b2c22,MATR_b3c0,MATR_b4c14,MATR_b3c21,MATR_b3c1,MATR_b4c15,MATR_b1c0,MATR_b2c18,MATR_b4c40,MATR_b4c39",False,False,0.95
380,MATR_b3c20,811.0,790.4821411009988,60.833312679192574,671.2510391895175,909.71324301248,431.0,410.4821411009988,291.25103918951754,529.71324301248,20.517858899001226,"MATR_b2c6,MATR_b4c23,MATR_b2c22,MATR_b3c0,MATR_b4c14,MATR_b3c21,MATR_b3c1,MATR_b4c15,MATR_b1c0,MATR_b2c18,MATR_b4c40,MATR_b4c39",False,False,0.95
380,MATR_b3c3,1113.0,1096.0858493410549,111.9386331539821,876.6901598806088,1315.481538801501,733.0,716.0858493410549,496.6901598806088,935.4815388015011,16.91415065894512,"MATR_b2c6,MATR_b4c23,MATR_b2c22,MATR_b3c0,MATR_b4c14,MATR_b3c21,MATR_b3c1,MATR_b4c15,MATR_b1c0,MATR_b2c18,MATR_b4c40,MATR_b4c39",False,False,0.95
380,MATR_b3c30,933.0,949.2698337441673,84.02234232097011,784.5890688983703,1113.950598589964,553.0,569.2698337441673,404.58906889837033,733.9505985899641,16.269833744167272,"MATR_b2c6,MATR_b4c23,MATR_b2c22,MATR_b3c0,MATR_b4c14,MATR_b3c21,MATR_b3c1,MATR_b4c15,MATR_b1c0,MATR_b2c18,MATR_b4c40,MATR_b4c39",False,False,0.95
380,MATR_b3c44,938.0,878.5529862085045,75.23486667173529,731.0953571502306,1026.0106152667786,558.0,498.55298620850454,351.0953571502306,646.0106152667786,59.447013791495465,"MATR_b2c6,MATR_b4c23,MATR_b2c22,MATR_b3c0,MATR_b4c14,MATR_b3c21,MATR_b3c1,MATR_b4c15,MATR_b1c0,MATR_b2c18,MATR_b4c40,MATR_b4c39",False,False,0.95
380,MATR_b3c45,1799.0,1648.2940435204937,220.87315593862633,1215.390612729087,2081.1974743119004,1419.0,1268.2940435204937,835.390612729087,1701.1974743119004,150.7059564795063,"MATR_b2c6,MATR_b4c23,MATR_b2c22,MATR_b3c0,MATR_b4c14,MATR_b3c21,MATR_b3c1,MATR_b4c15,MATR_b1c0,MATR_b2c18,MATR_b4c40,MATR_b4c39",False,False,0.95
380,MATR_b4c10,872.0,827.2033442413144,66.50376676240543,696.8583565507479,957.548331931881,492.0,447.2033442413144,316.8583565507479,577.548331931881,44.796655758685574,"MATR_b2c6,MATR_b4c23,MATR_b2c22,MATR_b3c0,MATR_b4c14,MATR_b3c21,MATR_b3c1,MATR_b4c15,MATR_b1c0,MATR_b2c18,MATR_b4c40,MATR_b4c39",False,False,0.95
380,MATR_b4c13,771.0,696.7488568915259,49.38535535703152,599.9553390280319,793.5423747550199,391.0,316.74885689152586,219.95533902803186,413.54237475501986,74.25114310847414,"MATR_b2c6,MATR_b4c23,MATR_b2c22,MATR_b3c0,MATR_b4c14,MATR_b3c21,MATR_b3c1,MATR_b4c15,MATR_b1c0,MATR_b2c18,MATR_b4c40,MATR_b4c39",False,False,0.95
380,MATR_b4c16,909.0,848.124720178826,73.76300229295421,703.5518922930903,992.6975480645617,529.0,468.124720178826,323.5518922930903,612.6975480645617,60.87527982117399,"MATR_b2c6,MATR_b4c23,MATR_b2c22,MATR_b3c0,MATR_b4c14,MATR_b3c21,MATR_b3c1,MATR_b4c15,MATR_b1c0,MATR_b2c18,MATR_b4c40,MATR_b4c39",False,False,0.95
380,MATR_b4c18,906.0,850.7211726519046,89.25695495464346,675.7807555710895,1025.6615897327197,526.0,470.72117265190457,295.78075557108946,645.6615897327197,55.27882734809543,"MATR_b2c6,MATR_b4c23,MATR_b2c22,MATR_b3c0,MATR_b4c14,MATR_b3c21,MATR_b3c1,MATR_b4c15,MATR_b1c0,MATR_b2c18,MATR_b4c40,MATR_b4c39",False,False,0.95
380,MATR_b4c25,453.0,397.1522378824255,27.187422877798667,343.8658682094798,450.43860755537116,73.0,17.15223788242548,-36.1341317905202,70.43860755537116,55.84776211757452,"MATR_b2c6,MATR_b4c23,MATR_b2c22,MATR_b3c0,MATR_b4c14,MATR_b3c21,MATR_b3c1,MATR_b4c15,MATR_b1c0,MATR_b2c18,MATR_b4c40,MATR_b4c39",False,False,0.95
380,MATR_b4c29,887.0,873.4712442067604,78.9984350943597,718.6371565867903,1028.3053318267305,507.0,493.4712442067604,338.6371565867903,648.3053318267305,13.528755793239611,"MATR_b2c6,MATR_b4c23,MATR_b2c22,MATR_b3c0,MATR_b4c14,MATR_b3c21,MATR_b3c1,MATR_b4c15,MATR_b1c0,MATR_b2c18,MATR_b4c40,MATR_b4c39",False,False,0.95
380,MATR_b4c33,505.0,429.43828742557,28.261615981627493,374.04653795667855,484.8300368944615,125.0,49.438287425570024,-5.953462043321451,104.8300368944615,75.56171257442998,"MATR_b2c6,MATR_b4c23,MATR_b2c22,MATR_b3c0,MATR_b4c14,MATR_b3c21,MATR_b3c1,MATR_b4c15,MATR_b1c0,MATR_b2c18,MATR_b4c40,MATR_b4c39",False,False,0.95
380,MATR_b4c37,863.0,763.3664845185158,58.21929998330135,649.2587533461118,877.4742156909198,483.0,383.3664845185158,269.2587533461118,497.4742156909198,99.63351548148421,"MATR_b2c6,MATR_b4c23,MATR_b2c22,MATR_b3c0,MATR_b4c14,MATR_b3c21,MATR_b3c1,MATR_b4c15,MATR_b1c0,MATR_b2c18,MATR_b4c40,MATR_b4c39",False,False,0.95
380,MATR_b4c4,656.0,595.5985719527997,39.98748066482091,517.2245500172589,673.9725938883405,276.0,215.59857195279972,137.22455001725893,293.9725938883405,60.401428047200284,"MATR_b2c6,MATR_b4c23,MATR_b2c22,MATR_b3c0,MATR_b4c14,MATR_b3c21,MATR_b3c1,MATR_b4c15,MATR_b1c0,MATR_b2c18,MATR_b4c40,MATR_b4c39",False,False,0.95
380,MATR_b4c9,442.0,416.48792526828584,27.120002931879377,363.3336962611816,469.64215427539006,62.0,36.487925268285835,-16.666303738818385,89.64215427539006,25.512074731714165,"MATR_b2c6,MATR_b4c23,MATR_b2c22,MATR_b3c0,MATR_b4c14,MATR_b3c21,MATR_b3c1,MATR_b4c15,MATR_b1c0,MATR_b2c18,MATR_b4c40,MATR_b4c39",False,False,0.95
400,MATR_b1c1,2154.0,1557.6502108308096,239.60276527045767,1088.037420304508,2027.263001357111,1754.0,1157.6502108308096,688.037420304508,1627.263001357111,596.3497891691904,"MATR_b2c39,MATR_b1c26,MATR_b1c3,MATR_b3c27,MATR_b1c31,MATR_b3c14,MATR_b2c27,MATR_b3c39,MATR_b2c43,MATR_b2c2,MATR_b2c31,MATR_b3c16",False,False,0.95
400,MATR_b1c20,533.0,467.26041736069453,29.2258526509441,409.97879874736964,524.5420359740194,133.0,67.26041736069453,9.978798747369638,124.54203597401943,65.73958263930547,"MATR_b2c39,MATR_b1c26,MATR_b1c3,MATR_b3c27,MATR_b1c31,MATR_b3c14,MATR_b2c27,MATR_b3c39,MATR_b2c43,MATR_b2c2,MATR_b2c31,MATR_b3c16",False,False,0.95
400,MATR_b1c21,557.0,464.0787536273619,29.81851664588009,405.63553492902884,522.521972325695,157.0,64.07875362736189,5.635534929028836,122.52197232569495,92.92124637263811,"MATR_b2c39,MATR_b1c26,MATR_b1c3,MATR_b3c27,MATR_b1c31,MATR_b3c14,MATR_b2c27,MATR_b3c39,MATR_b2c43,MATR_b2c2,MATR_b2c31,MATR_b3c16",False,False,0.95
400,MATR_b1c28,858.0,692.2385473321356,52.53496779872597,589.2719025176611,795.20519214661,458.0,292.23854733213557,189.27190251766115,395.20519214661,165.76145266786443,"MATR_b2c39,MATR_b1c26,MATR_b1c3,MATR_b3c27,MATR_b1c31,MATR_b3c14,MATR_b2c27,MATR_b3c39,MATR_b2c43,MATR_b2c2,MATR_b2c31,MATR_b3c16",False,False,0.95
400,MATR_b1c39,622.0,554.5649587122704,37.667144133780795,480.7387128095809,628.3912046149599,222.0,154.56495871227037,80.73871280958087,228.39120461495986,67.43504128772963,"MATR_b2c39,MATR_b1c26,MATR_b1c3,MATR_b3c27,MATR_b1c31,MATR_b3c14,MATR_b2c27,MATR_b3c39,MATR_b2c43,MATR_b2c2,MATR_b2c31,MATR_b3c16",False,False,0.95
400,MATR_b1c7,869.0,900.8149888959716,82.24239704195793,739.6228526914906,1062.0071251004526,469.0,500.8149888959716,339.6228526914906,662.0071251004526,31.814988895971624,"MATR_b2c39,MATR_b1c26,MATR_b1c3,MATR_b3c27,MATR_b1c31,MATR_b3c14,MATR_b2c27,MATR_b3c39,MATR_b2c43,MATR_b2c2,MATR_b2c31,MATR_b3c16",False,False,0.95
400,MATR_b1c9,1052.0,969.922762307936,94.20744421920915,785.27956456272,1154.565960053152,652.0,569.922762307936,385.27956456272,754.5659600531519,82.07723769206405,"MATR_b2c39,MATR_b1c26,MATR_b1c3,MATR_b3c27,MATR_b1c31,MATR_b3c14,MATR_b2c27,MATR_b3c39,MATR_b2c43,MATR_b2c2,MATR_b2c31,MATR_b3c16",False,False,0.95
400,MATR_b2c10,560.0,515.5968040883333,32.42224055340505,452.05038030556545,579.1432278711012,160.0,115.59680408833333,52.050380305565454,179.1432278711012,44.40319591166667,"MATR_b2c39,MATR_b1c26,MATR_b1c3,MATR_b3c27,MATR_b1c31,MATR_b3c14,MATR_b2c27,MATR_b3c39,MATR_b2c43,MATR_b2c2,MATR_b2c31,MATR_b3c16",False,False,0.95
400,MATR_b2c21,488.0,399.582800639995,27.413877663655114,345.85258774264395,453.3130135373461,88.0,-0.4171993600049859,-54.14741225735605,53.31301353734608,88.41719936000499,"MATR_b2c39,MATR_b1c26,MATR_b1c3,MATR_b3c27,MATR_b1c31,MATR_b3c14,MATR_b2c27,MATR_b3c39,MATR_b2c43,MATR_b2c2,MATR_b2c31,MATR_b3c16",False,False,0.95
400,MATR_b2c23,526.0,418.8650648897861,28.443153634131622,363.11750816014853,474.61262161942363,126.0,18.865064889786083,-36.88249183985147,74.61262161942363,107.13493511021392,"MATR_b2c39,MATR_b1c26,MATR_b1c3,MATR_b3c27,MATR_b1c31,MATR_b3c14,MATR_b2c27,MATR_b3c39,MATR_b2c43,MATR_b2c2,MATR_b2c31,MATR_b3c16",False,False,0.95
400,MATR_b2c25,460.0,404.6956744821829,27.709692739618237,350.38567468986014,459.0056742745056,60.0,4.695674482182881,-49.61432531013986,59.00567427450562,55.30432551781712,"MATR_b2c39,MATR_b1c26,MATR_b1c3,MATR_b3c27,MATR_b1c31,MATR_b3c14,MATR_b2c27,MATR_b3c39,MATR_b2c43,MATR_b2c2,MATR_b2c31,MATR_b3c16",False,False,0.95
400,MATR_b2c29,497.0,480.21927472901496,32.180748639680374,417.1461663997051,543.2923830583248,97.0,80.21927472901496,17.146166399705123,143.29238305832484,16.780725270985045,"MATR_b2c39,MATR_b1c26,MATR_b1c3,MATR_b3c27,MATR_b1c31,MATR_b3c14,MATR_b2c27,MATR_b3c39,MATR_b2c43,MATR_b2c2,MATR_b2c31,MATR_b3c16",False,False,0.95
400,MATR_b2c30,480.0,446.6166401421477,29.305326904189933,389.17925485476275,504.0540254295326,80.0,46.61664014214767,-10.820745145237254,104.0540254295326,33.38335985785233,"MATR_b2c39,MATR_b1c26,MATR_b1c3,MATR_b3c27,MATR_b1c31,MATR_b3c14,MATR_b2c27,MATR_b3c39,MATR_b2c43,MATR_b2c2,MATR_b2c31,MATR_b3c16",False,False,0.95
400,MATR_b2c36,534.0,512.8159002089653,34.084737813172616,446.0110416726565,579.6207587452742,134.0,112.81590020896533,46.01104167265652,179.6207587452742,21.18409979103467,"MATR_b2c39,MATR_b1c26,MATR_b1c3,MATR_b3c27,MATR_b1c31,MATR_b3c14,MATR_b2c27,MATR_b3c39,MATR_b2c43,MATR_b2c2,MATR_b2c31,MATR_b3c16",False,False,0.95
400,MATR_b2c40,498.0,427.33886523152205,28.457569161192318,371.5630545880274,483.1146758750167,98.0,27.33886523152205,-28.4369454119726,83.1146758750167,70.66113476847795,"MATR_b2c39,MATR_b1c26,MATR_b1c3,MATR_b3c27,MATR_b1c31,MATR_b3c14,MATR_b2c27,MATR_b3c39,MATR_b2c43,MATR_b2c2,MATR_b2c31,MATR_b3c16",False,False,0.95
400,MATR_b2c42,465.0,422.97761036577026,28.930326792023365,366.2752117924303,479.6800089391102,65.0,22.97761036577026,-33.7247882075697,79.68000893911022,42.02238963422974,"MATR_b2c39,MATR_b1c26,MATR_b1c3,MATR_b3c27,MATR_b1c31,MATR_b3c14,MATR_b2c27,MATR_b3c39,MATR_b2c43,MATR_b2c2,MATR_b2c31,MATR_b3c16",False,False,0.95
400,MATR_b2c46,428.0,391.6533844721409,28.674345967809334,335.4526990949933,447.85406984928846,28.0,-8.346615527859115,-64.5473009050067,47.854069849288464,36.346615527859115,"MATR_b2c39,MATR_b1c26,MATR_b1c3,MATR_b3c27,MATR_b1c31,MATR_b3c14,MATR_b2c27,MATR_b3c39,MATR_b2c43,MATR_b2c2,MATR_b2c31,MATR_b3c16",False,False,0.95
400,MATR_b3c19,1152.0,1067.7002239983256,104.00259521085889,863.8588830863442,1271.5415649103068,752.0,667.7002239983256,463.85888308634424,871.5415649103068,84.29977600167445,"MATR_b2c39,MATR_b1c26,MATR_b1c3,MATR_b3c27,MATR_b1c31,MATR_b3c14,MATR_b2c27,MATR_b3c39,MATR_b2c43,MATR_b2c2,MATR_b2c31,MATR_b3c16",False,False,0.95
400,MATR_b3c20,811.0,785.6253166101973,61.655077580089284,664.7835850891994,906.4670481311952,411.0,385.6253166101973,264.7835850891994,506.46704813119516,25.374683389802726,"MATR_b2c39,MATR_b1c26,MATR_b1c3,MATR_b3c27,MATR_b1c31,MATR_b3c14,MATR_b2c27,MATR_b3c39,MATR_b2c43,MATR_b2c2,MATR_b2c31,MATR_b3c16",False,False,0.95
400,MATR_b3c3,1113.0,1099.6979025668443,116.99065918378861,870.4004240390185,1328.99538109467,713.0,699.6979025668443,470.4004240390185,928.9953810946699,13.302097433155723,"MATR_b2c39,MATR_b1c26,MATR_b1c3,MATR_b3c27,MATR_b1c31,MATR_b3c14,MATR_b2c27,MATR_b3c39,MATR_b2c43,MATR_b2c2,MATR_b2c31,MATR_b3c16",False,False,0.95
400,MATR_b3c30,933.0,943.161259008454,85.48149841657505,775.6206007674492,1110.7019172494586,533.0,543.161259008454,375.6206007674492,710.7019172494586,10.161259008453953,"MATR_b2c39,MATR_b1c26,MATR_b1c3,MATR_b3c27,MATR_b1c31,MATR_b3c14,MATR_b2c27,MATR_b3c39,MATR_b2c43,MATR_b2c2,MATR_b2c31,MATR_b3c16",False,False,0.95
400,MATR_b3c44,938.0,864.816169529529,75.30118802456072,717.2285530083112,1012.4037860507468,538.0,464.816169529529,317.2285530083112,612.4037860507468,73.18383047047098,"MATR_b2c39,MATR_b1c26,MATR_b1c3,MATR_b3c27,MATR_b1c31,MATR_b3c14,MATR_b2c27,MATR_b3c39,MATR_b2c43,MATR_b2c2,MATR_b2c31,MATR_b3c16",False,False,0.95
400,MATR_b3c45,1799.0,1648.422162353601,225.6764553119761,1206.1044377834648,2090.739886923737,1399.0,1248.422162353601,806.1044377834648,1690.7398869237368,150.57783764639908,"MATR_b2c39,MATR_b1c26,MATR_b1c3,MATR_b3c27,MATR_b1c31,MATR_b3c14,MATR_b2c27,MATR_b3c39,MATR_b2c43,MATR_b2c2,MATR_b2c31,MATR_b3c16",False,False,0.95
400,MATR_b4c10,872.0,815.5838876880235,66.72068386087138,684.8137502968328,946.3540250792142,472.0,415.58388768802354,284.81375029683284,546.3540250792142,56.41611231197646,"MATR_b2c39,MATR_b1c26,MATR_b1c3,MATR_b3c27,MATR_b1c31,MATR_b3c14,MATR_b2c27,MATR_b3c39,MATR_b2c43,MATR_b2c2,MATR_b2c31,MATR_b3c16",False,False,0.95
400,MATR_b4c13,771.0,684.0938241845739,48.96160490653288,588.13084194249,780.0568064266579,371.0,284.0938241845739,188.13084194248995,380.0568064266579,86.90617581542608,"MATR_b2c39,MATR_b1c26,MATR_b1c3,MATR_b3c27,MATR_b1c31,MATR_b3c14,MATR_b2c27,MATR_b3c39,MATR_b2c43,MATR_b2c2,MATR_b2c31,MATR_b3c16",False,False,0.95
400,MATR_b4c16,909.0,845.6729107603214,74.50105828510381,699.6535197113985,991.6923018092443,509.0,445.67291076032143,299.65351971139853,591.6923018092443,63.32708923967857,"MATR_b2c39,MATR_b1c26,MATR_b1c3,MATR_b3c27,MATR_b1c31,MATR_b3c14,MATR_b2c27,MATR_b3c39,MATR_b2c43,MATR_b2c2,MATR_b2c31,MATR_b3c16",False,False,0.95
400,MATR_b4c18,906.0,842.6127095514487,88.141708139148,669.8581360628777,1015.3672830400196,506.0,442.6127095514487,269.85813606287775,615.3672830400196,63.38729044855131,"MATR_b2c39,MATR_b1c26,MATR_b1c3,MATR_b3c27,MATR_b1c31,MATR_b3c14,MATR_b2c27,MATR_b3c39,MATR_b2c43,MATR_b2c2,MATR_b2c31,MATR_b3c16",False,False,0.95
400,MATR_b4c25,453.0,392.620664395411,27.634496308596436,338.4580468996569,446.7832818911651,53.0,-7.379335604589016,-61.54195310034311,46.783281891165075,60.379335604589016,"MATR_b2c39,MATR_b1c26,MATR_b1c3,MATR_b3c27,MATR_b1c31,MATR_b3c14,MATR_b2c27,MATR_b3c39,MATR_b2c43,MATR_b2c2,MATR_b2c31,MATR_b3c16",False,False,0.95
400,MATR_b4c29,887.0,862.355217399147,79.7373026208969,706.0729760378179,1018.6374587604762,487.0,462.355217399147,306.07297603781785,618.6374587604762,24.644782600852977,"MATR_b2c39,MATR_b1c26,MATR_b1c3,MATR_b3c27,MATR_b1c31,MATR_b3c14,MATR_b2c27,MATR_b3c39,MATR_b2c43,MATR_b2c2,MATR_b2c31,MATR_b3c16",False,False,0.95
400,MATR_b4c33,505.0,424.6244381051814,28.472507005598228,368.8193498246445,480.4295263857183,105.0,24.62443810518141,-31.18065017535548,80.4295263857183,80.37556189481859,"MATR_b2c39,MATR_b1c26,MATR_b1c3,MATR_b3c27,MATR_b1c31,MATR_b3c14,MATR_b2c27,MATR_b3c39,MATR_b2c43,MATR_b2c2,MATR_b2c31,MATR_b3c16",False,False,0.95
400,MATR_b4c37,863.0,753.23908357857,57.561534095457475,640.420549856599,866.057617300541,463.0,353.23908357857,240.420549856599,466.057617300541,109.76091642143001,"MATR_b2c39,MATR_b1c26,MATR_b1c3,MATR_b3c27,MATR_b1c31,MATR_b3c14,MATR_b2c27,MATR_b3c39,MATR_b2c43,MATR_b2c2,MATR_b2c31,MATR_b3c16",False,False,0.95
400,MATR_b4c4,656.0,579.5899338224772,38.71737323147773,503.7052767127857,655.4745909321687,256.0,179.58993382247718,103.70527671278569,255.47459093216867,76.41006617752282,"MATR_b2c39,MATR_b1c26,MATR_b1c3,MATR_b3c27,MATR_b1c31,MATR_b3c14,MATR_b2c27,MATR_b3c39,MATR_b2c43,MATR_b2c2,MATR_b2c31,MATR_b3c16",False,False,0.95
400,MATR_b4c9,442.0,409.2868871133419,27.24641667943813,355.88489171387175,462.68888251281203,42.0,9.28688711334189,-44.11510828612825,62.68888251281203,32.71311288665811,"MATR_b2c39,MATR_b1c26,MATR_b1c3,MATR_b3c27,MATR_b1c31,MATR_b3c14,MATR_b2c27,MATR_b3c39,MATR_b2c43,MATR_b2c2,MATR_b2c31,MATR_b3c16",False,False,0.95
420,MATR_b1c1,2154.0,1512.067947347748,233.36603716825897,1054.678919283125,1969.456975412371,1734.0,1092.067947347748,634.678919283125,1549.456975412371,641.932052652252,"MATR_b1c43,MATR_b1c25,MATR_b4c39,MATR_b3c35,MATR_b3c33,MATR_b1c34,MATR_b4c1,MATR_b1c40,MATR_b1c3,MATR_b1c24,MATR_b3c14,MATR_b3c15",False,False,0.95
420,MATR_b1c20,533.0,454.5895338331506,29.2258526509441,397.3079152198257,511.8711524464755,113.0,34.5895338331506,-22.692084780174298,91.87115244647549,78.4104661668494,"MATR_b1c43,MATR_b1c25,MATR_b4c39,MATR_b3c35,MATR_b3c33,MATR_b1c34,MATR_b4c1,MATR_b1c40,MATR_b1c3,MATR_b1c24,MATR_b3c14,MATR_b3c15",False,False,0.95
420,MATR_b1c21,557.0,454.51093586437645,29.636797693140434,396.42387976872146,512.5979919600314,137.0,34.51093586437645,-23.576120231278537,92.59799196003144,102.48906413562355,"MATR_b1c43,MATR_b1c25,MATR_b4c39,MATR_b3c35,MATR_b3c33,MATR_b1c34,MATR_b4c1,MATR_b1c40,MATR_b1c3,MATR_b1c24,MATR_b3c14,MATR_b3c15",False,False,0.95
420,MATR_b1c28,858.0,676.4248242216959,52.563962886393796,573.401350079664,779.4482983637278,438.0,256.42482422169587,153.40135007966398,359.44829836372776,181.57517577830413,"MATR_b1c43,MATR_b1c25,MATR_b4c39,MATR_b3c35,MATR_b3c33,MATR_b1c34,MATR_b4c1,MATR_b1c40,MATR_b1c3,MATR_b1c24,MATR_b3c14,MATR_b3c15",False,False,0.95
420,MATR_b1c39,622.0,544.6886197484819,37.750779659099244,470.6984512283401,618.6787882686236,202.0,124.68861974848187,50.698451228340105,198.67878826862363,77.31138025151813,"MATR_b1c43,MATR_b1c25,MATR_b4c39,MATR_b3c35,MATR_b3c33,MATR_b1c34,MATR_b4c1,MATR_b1c40,MATR_b1c3,MATR_b1c24,MATR_b3c14,MATR_b3c15",False,False,0.95
420,MATR_b1c7,869.0,896.0031597782074,84.34809567749303,730.6839300857825,1061.3223894706323,449.0,476.0031597782074,310.68393008578255,641.3223894706323,27.00315977820742,"MATR_b1c43,MATR_b1c25,MATR_b4c39,MATR_b3c35,MATR_b3c33,MATR_b1c34,MATR_b4c1,MATR_b1c40,MATR_b1c3,MATR_b1c24,MATR_b3c14,MATR_b3c15",False,False,0.95
420,MATR_b1c9,1052.0,966.9254032140354,97.73203303137267,775.3741383366662,1158.4766680914047,632.0,546.9254032140354,355.3741383366662,738.4766680914047,85.07459678596456,"MATR_b1c43,MATR_b1c25,MATR_b4c39,MATR_b3c35,MATR_b3c33,MATR_b1c34,MATR_b4c1,MATR_b1c40,MATR_b1c3,MATR_b1c24,MATR_b3c14,MATR_b3c15",False,False,0.95
420,MATR_b2c10,560.0,504.6995721316253,32.72788253380107,440.5541010751177,568.8450431881329,140.0,84.6995721316253,20.554101075117728,148.84504318813288,55.3004278683747,"MATR_b1c43,MATR_b1c25,MATR_b4c39,MATR_b3c35,MATR_b3c33,MATR_b1c34,MATR_b4c1,MATR_b1c40,MATR_b1c3,MATR_b1c24,MATR_b3c14,MATR_b3c15",False,False,0.95
420,MATR_b2c21,488.0,391.0518475573447,27.46036606571535,337.23051906625676,444.8731760484326,68.0,-28.948152442655328,-82.76948093374324,24.873176048432583,96.94815244265533,"MATR_b1c43,MATR_b1c25,MATR_b4c39,MATR_b3c35,MATR_b3c33,MATR_b1c34,MATR_b4c1,MATR_b1c40,MATR_b1c3,MATR_b1c24,MATR_b3c14,MATR_b3c15",False,False,0.95
420,MATR_b2c23,526.0,410.80304054965933,28.712695284295997,354.52719189336614,467.0788892059525,106.0,-9.196959450340671,-65.47280810663386,47.07888920595252,115.19695945034067,"MATR_b1c43,MATR_b1c25,MATR_b4c39,MATR_b3c35,MATR_b3c33,MATR_b1c34,MATR_b4c1,MATR_b1c40,MATR_b1c3,MATR_b1c24,MATR_b3c14,MATR_b3c15",False,False,0.95
420,MATR_b2c25,460.0,394.1271484858336,27.92206222384299,339.40091215301493,448.8533848186522,40.0,-25.872851514166427,-80.59908784698507,28.853384818652216,65.87285151416643,"MATR_b1c43,MATR_b1c25,MATR_b4c39,MATR_b3c35,MATR_b3c33,MATR_b1c34,MATR_b4c1,MATR_b1c40,MATR_b1c3,MATR_b1c24,MATR_b3c14,MATR_b3c15",False,False,0.95
420,MATR_b2c29,497.0,467.0914110078033,32.15322553725816,404.0722469679838,530.1105750476228,77.0,47.09141100780329,-15.927753032016199,110.11057504762277,29.908588992196712,"MATR_b1c43,MATR_b1c25,MATR_b4c39,MATR_b3c35,MATR_b3c33,MATR_b1c34,MATR_b4c1,MATR_b1c40,MATR_b1c3,MATR_b1c24,MATR_b3c14,MATR_b3c15",False,False,0.95
420,MATR_b2c30,480.0,436.7700344169859,29.589502073364866,378.7756760327175,494.76439280125425,60.0,16.77003441698588,-41.22432396728249,74.76439280125425,43.22996558301412,"MATR_b1c43,MATR_b1c25,MATR_b4c39,MATR_b3c35,MATR_b3c33,MATR_b1c34,MATR_b4c1,MATR_b1c40,MATR_b1c3,MATR_b1c24,MATR_b3c14,MATR_b3c15",False,False,0.95
420,MATR_b2c36,534.0,501.49646317043295,34.198866311438145,434.46791688791404,568.5250094529518,114.0,81.49646317043295,14.467916887914043,148.52500945295185,32.503536829567054,"MATR_b1c43,MATR_b1c25,MATR_b4c39,MATR_b3c35,MATR_b3c33,MATR_b1c34,MATR_b4c1,MATR_b1c40,MATR_b1c3,MATR_b1c24,MATR_b3c14,MATR_b3c15",False,False,0.95
420,MATR_b2c40,498.0,417.43628090030455,28.445791120891343,361.6835547916083,473.1890070090008,78.0,-2.5637190996954473,-58.31644520839171,53.18900700900082,80.56371909969545,"MATR_b1c43,MATR_b1c25,MATR_b4c39,MATR_b3c35,MATR_b3c33,MATR_b1c34,MATR_b4c1,MATR_b1c40,MATR_b1c3,MATR_b1c24,MATR_b3c14,MATR_b3c15",False,False,0.95
420,MATR_b2c42,465.0,411.47654502461603,28.818071729524974,354.9941623308552,467.95892771837686,45.0,-8.52345497538397,-65.0058376691448,47.958927718376856,53.52345497538397,"MATR_b1c43,MATR_b1c25,MATR_b4c39,MATR_b3c35,MATR_b3c33,MATR_b1c34,MATR_b4c1,MATR_b1c40,MATR_b1c3,MATR_b1c24,MATR_b3c14,MATR_b3c15",False,False,0.95
420,MATR_b2c46,428.0,381.08544554322094,28.559684360517906,325.109492786774,437.06139829966787,8.0,-38.91455445677906,-94.89050721322599,17.06139829966787,46.91455445677906,"MATR_b1c43,MATR_b1c25,MATR_b4c39,MATR_b3c35,MATR_b3c33,MATR_b1c34,MATR_b4c1,MATR_b1c40,MATR_b1c3,MATR_b1c24,MATR_b3c14,MATR_b3c15",False,False,0.95
420,MATR_b3c19,1152.0,1024.1736289191374,102.44747085724725,823.380275731716,1224.9669821065588,732.0,604.1736289191374,403.380275731716,804.9669821065588,127.8263710808626,"MATR_b1c43,MATR_b1c25,MATR_b4c39,MATR_b3c35,MATR_b3c33,MATR_b1c34,MATR_b4c1,MATR_b1c40,MATR_b1c3,MATR_b1c24,MATR_b3c14,MATR_b3c15",False,False,0.95
420,MATR_b3c20,811.0,766.523342494623,61.33588124875133,646.3072242870447,886.7394607022012,391.0,346.52334249462297,226.30722428704473,466.7394607022012,44.476657505377034,"MATR_b1c43,MATR_b1c25,MATR_b4c39,MATR_b3c35,MATR_b3c33,MATR_b1c34,MATR_b4c1,MATR_b1c40,MATR_b1c3,MATR_b1c24,MATR_b3c14,MATR_b3c15",False,False,0.95
420,MATR_b3c3,1113.0,1048.3524326634074,113.51841433962569,825.8604289756458,1270.844436351169,693.0,628.3524326634074,405.86042897564585,850.844436351169,64.6475673365926,"MATR_b1c43,MATR_b1c25,MATR_b4c39,MATR_b3c35,MATR_b3c33,MATR_b1c34,MATR_b4c1,MATR_b1c40,MATR_b1c3,MATR_b1c24,MATR_b3c14,MATR_b3c15",False,False,0.95
420,MATR_b3c30,933.0,908.3393803376539,84.09231557853977,743.5214704271394,1073.1572902481682,513.0,488.3393803376539,323.52147042713943,653.1572902481682,24.660619662346107,"MATR_b1c43,MATR_b1c25,MATR_b4c39,MATR_b3c35,MATR_b3c33,MATR_b1c34,MATR_b4c1,MATR_b1c40,MATR_b1c3,MATR_b1c24,MATR_b3c14,MATR_b3c15",False,False,0.95
420,MATR_b3c44,938.0,830.7374297324818,73.74364633447536,686.2025388282509,975.2723206367127,518.0,410.7374297324818,266.2025388282509,555.2723206367127,107.26257026751819,"MATR_b1c43,MATR_b1c25,MATR_b4c39,MATR_b3c35,MATR_b3c33,MATR_b1c34,MATR_b4c1,MATR_b1c40,MATR_b1c3,MATR_b1c24,MATR_b3c14,MATR_b3c15",False,False,0.95
420,MATR_b3c45,1799.0,1557.2230329425252,209.70868743474855,1146.2015583252507,1968.2445075597996,1379.0,1137.2230329425252,726.2015583252507,1548.2445075597996,241.77696705747485,"MATR_b1c43,MATR_b1c25,MATR_b4c39,MATR_b3c35,MATR_b3c33,MATR_b1c34,MATR_b4c1,MATR_b1c40,MATR_b1c3,MATR_b1c24,MATR_b3c14,MATR_b3c15",False,False,0.95
420,MATR_b4c10,872.0,792.0851405876389,65.74696346256769,663.2234601081354,920.9468210671423,452.0,372.0851405876389,243.22346010813544,500.9468210671423,79.91485941236112,"MATR_b1c43,MATR_b1c25,MATR_b4c39,MATR_b3c35,MATR_b3c33,MATR_b1c34,MATR_b4c1,MATR_b1c40,MATR_b1c3,MATR_b1c24,MATR_b3c14,MATR_b3c15",False,False,0.95
420,MATR_b4c13,771.0,666.5556941006057,49.00062762389437,570.5162287379143,762.5951594632971,351.0,246.5556941006057,150.51622873791428,342.59515946329714,104.4443058993943,"MATR_b1c43,MATR_b1c25,MATR_b4c39,MATR_b3c35,MATR_b3c33,MATR_b1c34,MATR_b4c1,MATR_b1c40,MATR_b1c3,MATR_b1c24,MATR_b3c14,MATR_b3c15",False,False,0.95
420,MATR_b4c16,909.0,831.5514872150324,73.64512260648215,687.2096992692908,975.8932751607739,489.0,411.55148721503235,267.2096992692908,555.8932751607739,77.44851278496765,"MATR_b1c43,MATR_b1c25,MATR_b4c39,MATR_b3c35,MATR_b3c33,MATR_b1c34,MATR_b4c1,MATR_b1c40,MATR_b1c3,MATR_b1c24,MATR_b3c14,MATR_b3c15",False,False,0.95
420,MATR_b4c18,906.0,821.5082052676999,85.919485252235,653.109108603099,989.9073019323007,486.0,401.50820526769985,233.109108603099,569.9073019323007,84.49179473230015,"MATR_b1c43,MATR_b1c25,MATR_b4c39,MATR_b3c35,MATR_b3c33,MATR_b1c34,MATR_b4c1,MATR_b1c40,MATR_b1c3,MATR_b1c24,MATR_b3c14,MATR_b3c15",False,False,0.95
420,MATR_b4c25,453.0,384.2126501391384,27.91991252105029,329.49062714637097,438.93467313190587,33.0,-35.78734986086158,-90.50937285362903,18.934673131905868,68.78734986086158,"MATR_b1c43,MATR_b1c25,MATR_b4c39,MATR_b3c35,MATR_b3c33,MATR_b1c34,MATR_b4c1,MATR_b1c40,MATR_b1c3,MATR_b1c24,MATR_b3c14,MATR_b3c15",False,False,0.95
420,MATR_b4c29,887.0,840.1473198819685,79.40244108587478,684.5213950690905,995.7732446948465,467.0,420.14731988196854,264.52139506909054,575.7732446948465,46.85268011803146,"MATR_b1c43,MATR_b1c25,MATR_b4c39,MATR_b3c35,MATR_b3c33,MATR_b1c34,MATR_b4c1,MATR_b1c40,MATR_b1c3,MATR_b1c24,MATR_b3c14,MATR_b3c15",False,False,0.95
420,MATR_b4c33,505.0,418.33459766731727,28.881701637187252,361.72750264619873,474.9416926884358,85.0,-1.6654023326827314,-58.27249735380127,54.94169268843581,86.66540233268273,"MATR_b1c43,MATR_b1c25,MATR_b4c39,MATR_b3c35,MATR_b3c33,MATR_b1c34,MATR_b4c1,MATR_b1c40,MATR_b1c3,MATR_b1c24,MATR_b3c14,MATR_b3c15",False,False,0.95
420,MATR_b4c37,863.0,737.312432004757,57.222023504395715,625.159326813637,849.4655371958771,443.0,317.31243200475706,205.159326813637,429.4655371958771,125.68756799524294,"MATR_b1c43,MATR_b1c25,MATR_b4c39,MATR_b3c35,MATR_b3c33,MATR_b1c34,MATR_b4c1,MATR_b1c40,MATR_b1c3,MATR_b1c24,MATR_b3c14,MATR_b3c15",False,False,0.95
420,MATR_b4c4,656.0,560.4424706144742,37.82953302807524,486.29794832747837,634.5869929014701,236.0,140.44247061447425,66.29794832747837,214.58699290147013,95.55752938552575,"MATR_b1c43,MATR_b1c25,MATR_b4c39,MATR_b3c35,MATR_b3c33,MATR_b1c34,MATR_b4c1,MATR_b1c40,MATR_b1c3,MATR_b1c24,MATR_b3c14,MATR_b3c15",False,False,0.95
420,MATR_b4c9,442.0,397.8388995744749,27.258712720412046,344.41280437754347,451.26499477140635,22.0,-22.161100425525092,-75.58719562245653,31.26499477140635,44.16110042552509,"MATR_b1c43,MATR_b1c25,MATR_b4c39,MATR_b3c35,MATR_b3c33,MATR_b1c34,MATR_b4c1,MATR_b1c40,MATR_b1c3,MATR_b1c24,MATR_b3c14,MATR_b3c15",False,False,0.95
440,MATR_b1c1,2154.0,1475.0348360376458,227.49676147675487,1029.1493769437072,1920.9202951315845,1714.0,1035.0348360376458,589.1493769437072,1480.9202951315845,678.9651639623542,"MATR_b4c15,MATR_b1c4,MATR_b4c30,MATR_b4c3,MATR_b3c4,MATR_b2c43,MATR_b1c42,MATR_b3c35,MATR_b4c23,MATR_b4c20,MATR_b1c43,MATR_b1c41",False,False,0.95
440,MATR_b1c20,533.0,448.4743286888236,29.59339139508419,390.4723473740611,506.47631000358615,93.0,8.474328688823618,-49.52765262593891,66.47631000358615,84.52567131117638,"MATR_b4c15,MATR_b1c4,MATR_b4c30,MATR_b4c3,MATR_b3c4,MATR_b2c43,MATR_b1c42,MATR_b3c35,MATR_b4c23,MATR_b4c20,MATR_b1c43,MATR_b1c41",False,False,0.95
440,MATR_b1c21,557.0,448.937766624214,29.648946967257015,390.8268983888522,507.0486348595758,117.0,8.93776662421402,-49.173101611147786,67.04863485957583,108.06223337578598,"MATR_b4c15,MATR_b1c4,MATR_b4c30,MATR_b4c3,MATR_b3c4,MATR_b2c43,MATR_b1c42,MATR_b3c35,MATR_b4c23,MATR_b4c20,MATR_b1c43,MATR_b1c41",False,False,0.95
440,MATR_b1c28,858.0,667.4787799331295,52.52595458701682,564.5298006889901,770.427759177269,418.0,227.47877993312954,124.52980068899012,330.42775917726897,190.52122006687046,"MATR_b4c15,MATR_b1c4,MATR_b4c30,MATR_b4c3,MATR_b3c4,MATR_b2c43,MATR_b1c42,MATR_b3c35,MATR_b4c23,MATR_b4c20,MATR_b1c43,MATR_b1c41",False,False,0.95
440,MATR_b1c39,622.0,540.1701689451818,37.869047846076015,465.9481990380487,614.3921388523149,182.0,100.17016894518179,25.9481990380487,174.39213885231493,81.82983105481821,"MATR_b4c15,MATR_b1c4,MATR_b4c30,MATR_b4c3,MATR_b3c4,MATR_b2c43,MATR_b1c42,MATR_b3c35,MATR_b4c23,MATR_b4c20,MATR_b1c43,MATR_b1c41",False,False,0.95
440,MATR_b1c7,869.0,884.5818320073079,84.27987498886684,719.3963124075908,1049.767351607025,429.0,444.58183200730787,279.3963124075908,609.7673516070249,15.581832007307867,"MATR_b4c15,MATR_b1c4,MATR_b4c30,MATR_b4c3,MATR_b3c4,MATR_b2c43,MATR_b1c42,MATR_b3c35,MATR_b4c23,MATR_b4c20,MATR_b1c43,MATR_b1c41",False,False,0.95
440,MATR_b1c9,1052.0,955.3108611921292,98.45207986679304,762.348330450154,1148.2733919341044,612.0,515.3108611921292,322.348330450154,708.2733919341044,96.68913880787079,"MATR_b4c15,MATR_b1c4,MATR_b4c30,MATR_b4c3,MATR_b3c4,MATR_b2c43,MATR_b1c42,MATR_b3c35,MATR_b4c23,MATR_b4c20,MATR_b1c43,MATR_b1c41",False,False,0.95
440,MATR_b2c10,560.0,501.81731278725204,33.16331389947451,436.81841193628543,566.8162136382186,120.0,61.817312787252035,-3.181588063714571,126.81621363821864,58.182687212747965,"MATR_b4c15,MATR_b1c4,MATR_b4c30,MATR_b4c3,MATR_b3c4,MATR_b2c43,MATR_b1c42,MATR_b3c35,MATR_b4c23,MATR_b4c20,MATR_b1c43,MATR_b1c41",False,False,0.95
440,MATR_b2c21,488.0,383.7935875947299,27.599179454382607,329.7001898612822,437.8869853281776,48.0,-56.2064124052701,-110.29981013871782,-2.113014671822384,104.2064124052701,"MATR_b4c15,MATR_b1c4,MATR_b4c30,MATR_b4c3,MATR_b3c4,MATR_b2c43,MATR_b1c42,MATR_b3c35,MATR_b4c23,MATR_b4c20,MATR_b1c43,MATR_b1c41",False,False,0.95
440,MATR_b2c23,526.0,406.8259004495817,29.147189932085872,349.69845793214495,463.95334296701844,86.0,-33.174099550418305,-90.30154206785505,23.953342967018443,119.1740995504183,"MATR_b4c15,MATR_b1c4,MATR_b4c30,MATR_b4c3,MATR_b3c4,MATR_b2c43,MATR_b1c42,MATR_b3c35,MATR_b4c23,MATR_b4c20,MATR_b1c43,MATR_b1c41",False,False,0.95
440,MATR_b2c25,460.0,387.38405745914685,28.230626591368853,332.05304607906515,442.71506883922854,20.0,-52.615942540853155,-107.94695392093485,2.715068839228536,72.61594254085315,"MATR_b4c15,MATR_b1c4,MATR_b4c30,MATR_b4c3,MATR_b3c4,MATR_b2c43,MATR_b1c42,MATR_b3c35,MATR_b4c23,MATR_b4c20,MATR_b1c43,MATR_b1c41",False,False,0.95
440,MATR_b2c29,497.0,458.4611744628394,32.17111166882755,395.40695424932113,521.5153946763577,57.0,18.46117446283938,-44.59304575067887,81.51539467635769,38.53882553716062,"MATR_b4c15,MATR_b1c4,MATR_b4c30,MATR_b4c3,MATR_b3c4,MATR_b2c43,MATR_b1c42,MATR_b3c35,MATR_b4c23,MATR_b4c20,MATR_b1c43,MATR_b1c41",False,False,0.95
440,MATR_b2c30,480.0,428.6760321686496,29.718877058103928,370.42810347379225,486.923960863507,40.0,-11.323967831350387,-69.57189652620775,46.92396086350698,51.32396783135039,"MATR_b4c15,MATR_b1c4,MATR_b4c30,MATR_b4c3,MATR_b3c4,MATR_b2c43,MATR_b1c42,MATR_b3c35,MATR_b4c23,MATR_b4c20,MATR_b1c43,MATR_b1c41",False,False,0.95
440,MATR_b2c36,534.0,492.27864119546405,34.05963420556026,425.52298482595745,559.0342975649706,94.0,52.27864119546405,-14.477015174042549,119.03429756497064,41.72135880453595,"MATR_b4c15,MATR_b1c4,MATR_b4c30,MATR_b4c3,MATR_b3c4,MATR_b2c43,MATR_b1c42,MATR_b3c35,MATR_b4c23,MATR_b4c20,MATR_b1c43,MATR_b1c41",False,False,0.95
440,MATR_b2c40,498.0,410.6510246188405,28.513057824944887,354.76645819284056,466.53559104484043,58.0,-29.348975381159505,-85.23354180715944,26.53559104484043,87.3489753811595,"MATR_b4c15,MATR_b1c4,MATR_b4c30,MATR_b4c3,MATR_b3c4,MATR_b2c43,MATR_b1c42,MATR_b3c35,MATR_b4c23,MATR_b4c20,MATR_b1c43,MATR_b1c41",False,False,0.95
440,MATR_b2c42,465.0,403.61243147493053,28.822237318269867,347.1218843772553,460.10297857260576,25.0,-36.38756852506947,-92.8781156227447,20.102978572605764,61.38756852506947,"MATR_b4c15,MATR_b1c4,MATR_b4c30,MATR_b4c3,MATR_b3c4,MATR_b2c43,MATR_b1c42,MATR_b3c35,MATR_b4c23,MATR_b4c20,MATR_b1c43,MATR_b1c41",False,False,0.95
440,MATR_b3c19,1152.0,996.4046315774759,101.069217833411,798.312604678357,1194.4966584765948,712.0,556.4046315774759,358.31260467835705,754.4966584765948,155.59536842252407,"MATR_b4c15,MATR_b1c4,MATR_b4c30,MATR_b4c3,MATR_b3c4,MATR_b2c43,MATR_b1c42,MATR_b3c35,MATR_b4c23,MATR_b4c20,MATR_b1c43,MATR_b1c41",False,False,0.95
440,MATR_b3c20,811.0,763.6861448921233,61.84567592769759,642.4708474743002,884.9014423099463,371.0,323.68614489212325,202.47084747430017,444.90144230994633,47.31385510787675,"MATR_b4c15,MATR_b1c4,MATR_b4c30,MATR_b4c3,MATR_b3c4,MATR_b2c43,MATR_b1c42,MATR_b3c35,MATR_b4c23,MATR_b4c20,MATR_b1c43,MATR_b1c41",False,False,0.95
440,MATR_b3c3,1113.0,1013.3527502616208,110.22585529556113,797.3140437171975,1229.3914568060443,673.0,573.3527502616208,357.3140437171975,789.3914568060443,99.64724973837917,"MATR_b4c15,MATR_b1c4,MATR_b4c30,MATR_b4c3,MATR_b3c4,MATR_b2c43,MATR_b1c42,MATR_b3c35,MATR_b4c23,MATR_b4c20,MATR_b1c43,MATR_b1c41",False,False,0.95
440,MATR_b3c30,933.0,870.0620486778388,79.88930991837117,713.4818784880728,1026.6422188676047,493.0,430.0620486778388,273.48187848807277,586.6422188676047,62.93795132216121,"MATR_b4c15,MATR_b1c4,MATR_b4c30,MATR_b4c3,MATR_b3c4,MATR_b2c43,MATR_b1c42,MATR_b3c35,MATR_b4c23,MATR_b4c20,MATR_b1c43,MATR_b1c41",False,False,0.95
440,MATR_b3c44,938.0,800.0059315047044,70.74565700642273,661.3469917094922,938.6648712999167,498.0,360.00593150470445,221.34699170949216,498.66487129991674,137.99406849529555,"MATR_b4c15,MATR_b1c4,MATR_b4c30,MATR_b4c3,MATR_b3c4,MATR_b2c43,MATR_b1c42,MATR_b3c35,MATR_b4c23,MATR_b4c20,MATR_b1c43,MATR_b1c41",False,False,0.95
440,MATR_b3c45,1799.0,1454.3782814691665,190.5697021710927,1080.8685286693003,1827.8880342690327,1359.0,1014.3782814691665,640.8685286693003,1387.8880342690327,344.6217185308335,"MATR_b4c15,MATR_b1c4,MATR_b4c30,MATR_b4c3,MATR_b3c4,MATR_b2c43,MATR_b1c42,MATR_b3c35,MATR_b4c23,MATR_b4c20,MATR_b1c43,MATR_b1c41",False,False,0.95
440,MATR_b4c10,872.0,775.410615290172,64.14881915306837,649.6812400993848,901.1399904809592,432.0,335.410615290172,209.6812400993848,461.1399904809592,96.58938470982798,"MATR_b4c15,MATR_b1c4,MATR_b4c30,MATR_b4c3,MATR_b3c4,MATR_b2c43,MATR_b1c42,MATR_b3c35,MATR_b4c23,MATR_b4c20,MATR_b1c43,MATR_b1c41",False,False,0.95
440,MATR_b4c13,771.0,659.266423164371,48.999911056296796,563.2283622483633,755.3044840803786,331.0,219.26642316437096,123.22836224836328,315.30448408037864,111.73357683562904,"MATR_b4c15,MATR_b1c4,MATR_b4c30,MATR_b4c3,MATR_b3c4,MATR_b2c43,MATR_b1c42,MATR_b3c35,MATR_b4c23,MATR_b4c20,MATR_b1c43,MATR_b1c41",False,False,0.95
440,MATR_b4c16,909.0,820.0369991814406,72.13419666028912,678.6565716735445,961.4174266893367,469.0,380.0369991814406,238.65657167354448,521.4174266893367,88.96300081855941,"MATR_b4c15,MATR_b1c4,MATR_b4c30,MATR_b4c3,MATR_b3c4,MATR_b2c43,MATR_b1c42,MATR_b3c35,MATR_b4c23,MATR_b4c20,MATR_b1c43,MATR_b1c41",False,False,0.95
440,MATR_b4c18,906.0,799.8915968853379,81.98362117244615,639.2066520651681,960.5765417055077,466.0,359.8915968853379,199.2066520651681,520.5765417055077,106.10840311466211,"MATR_b4c15,MATR_b1c4,MATR_b4c30,MATR_b4c3,MATR_b3c4,MATR_b2c43,MATR_b1c42,MATR_b3c35,MATR_b4c23,MATR_b4c20,MATR_b1c43,MATR_b1c41",False,False,0.95
440,MATR_b4c25,453.0,379.8787111755397,28.480410832532836,324.05813167887095,435.69929067220846,13.0,-60.121288824460294,-115.94186832112905,-4.300709327791537,73.1212888244603,"MATR_b4c15,MATR_b1c4,MATR_b4c30,MATR_b4c3,MATR_b3c4,MATR_b2c43,MATR_b1c42,MATR_b3c35,MATR_b4c23,MATR_b4c20,MATR_b1c43,MATR_b1c41",False,False,0.95
440,MATR_b4c29,887.0,800.2579118528881,74.34781641935902,654.5388693417488,945.9769543640275,447.0,360.2579118528881,214.53886934174875,505.9769543640275,86.74208814711187,"MATR_b4c15,MATR_b1c4,MATR_b4c30,MATR_b4c3,MATR_b3c4,MATR_b2c43,MATR_b1c42,MATR_b3c35,MATR_b4c23,MATR_b4c20,MATR_b1c43,MATR_b1c41",False,False,0.95
440,MATR_b4c33,505.0,414.00856684732537,29.170519387393412,356.8353994377069,471.18173425694386,65.0,-25.99143315267463,-83.16460056229312,31.181734256943855,90.99143315267463,"MATR_b4c15,MATR_b1c4,MATR_b4c30,MATR_b4c3,MATR_b3c4,MATR_b2c43,MATR_b1c42,MATR_b3c35,MATR_b4c23,MATR_b4c20,MATR_b1c43,MATR_b1c41",False,False,0.95
440,MATR_b4c37,863.0,723.0079729216848,56.021479244756115,613.2078912413047,832.8080546020649,423.0,283.00797292168477,173.20789124130465,392.8080546020649,139.99202707831523,"MATR_b4c15,MATR_b1c4,MATR_b4c30,MATR_b4c3,MATR_b3c4,MATR_b2c43,MATR_b1c42,MATR_b3c35,MATR_b4c23,MATR_b4c20,MATR_b1c43,MATR_b1c41",False,False,0.95
440,MATR_b4c4,656.0,550.6540708982618,37.286158955505634,477.57454222363515,623.7335995728885,216.0,110.6540708982618,37.57454222363515,183.73359957288847,105.3459291017382,"MATR_b4c15,MATR_b1c4,MATR_b4c30,MATR_b4c3,MATR_b3c4,MATR_b2c43,MATR_b1c42,MATR_b3c35,MATR_b4c23,MATR_b4c20,MATR_b1c43,MATR_b1c41",False,False,0.95
440,MATR_b4c9,442.0,388.85117349842596,27.319383549230153,335.30616566209886,442.39618133475307,2.0,-51.148826501574035,-104.69383433790114,2.3961813347530665,53.148826501574035,"MATR_b4c15,MATR_b1c4,MATR_b4c30,MATR_b4c3,MATR_b3c4,MATR_b2c43,MATR_b1c42,MATR_b3c35,MATR_b4c23,MATR_b4c20,MATR_b1c43,MATR_b1c41",False,False,0.95
460,MATR_b1c1,2154.0,1472.7190276958218,230.85357850429764,1020.2543281252085,1925.183727266435,1694.0,1012.7190276958218,560.2543281252085,1465.183727266435,681.2809723041782,"MATR_b1c33,MATR_b1c40,MATR_b4c1,MATR_b1c6,MATR_b4c44,MATR_b1c0,MATR_b4c26,MATR_b4c31,MATR_b1c34,MATR_b1c31,MATR_b4c6,MATR_b3c18",False,False,0.95
460,MATR_b1c20,533.0,448.4495682566571,30.248204679092307,389.16417648864024,507.7349600246739,73.0,-11.550431743342926,-70.83582351135976,47.73496002467391,84.55043174334293,"MATR_b1c33,MATR_b1c40,MATR_b4c1,MATR_b1c6,MATR_b4c44,MATR_b1c0,MATR_b4c26,MATR_b4c31,MATR_b1c34,MATR_b1c31,MATR_b4c6,MATR_b3c18",False,False,0.95
460,MATR_b1c21,557.0,447.30243849974215,29.887715060776475,388.72359340042493,505.8812835990594,97.0,-12.697561500257848,-71.27640659957507,45.88128359905937,109.69756150025785,"MATR_b1c33,MATR_b1c40,MATR_b4c1,MATR_b1c6,MATR_b4c44,MATR_b1c0,MATR_b4c26,MATR_b4c31,MATR_b1c34,MATR_b1c31,MATR_b4c6,MATR_b3c18",False,False,0.95
460,MATR_b1c28,858.0,652.6119879528579,51.71510655030232,551.2522416576139,753.9717342481019,398.0,192.61198795285793,91.25224165761392,293.97173424810194,205.38801204714207,"MATR_b1c33,MATR_b1c40,MATR_b4c1,MATR_b1c6,MATR_b4c44,MATR_b1c0,MATR_b4c26,MATR_b4c31,MATR_b1c34,MATR_b1c31,MATR_b4c6,MATR_b3c18",False,False,0.95
460,MATR_b1c39,622.0,530.533405292628,37.61405769814898,456.81120689184445,604.2556036934116,162.0,70.533405292628,-3.1887931081555507,144.25560369341156,91.466594707372,"MATR_b1c33,MATR_b1c40,MATR_b4c1,MATR_b1c6,MATR_b4c44,MATR_b1c0,MATR_b4c26,MATR_b4c31,MATR_b1c34,MATR_b1c31,MATR_b4c6,MATR_b3c18",False,False,0.95
460,MATR_b1c7,869.0,865.5740822141413,84.07666332487243,700.7868501570917,1030.3613142711908,409.0,405.5740822141413,240.78685015709175,570.3613142711908,3.425917785858701,"MATR_b1c33,MATR_b1c40,MATR_b4c1,MATR_b1c6,MATR_b4c44,MATR_b1c0,MATR_b4c26,MATR_b4c31,MATR_b1c34,MATR_b1c31,MATR_b4c6,MATR_b3c18",False,False,0.95
460,MATR_b1c9,1052.0,945.567251267437,99.84203970583773,749.880449300977,1141.254053233897,592.0,485.567251267437,289.88044930097703,681.2540532338969,106.43274873256303,"MATR_b1c33,MATR_b1c40,MATR_b4c1,MATR_b1c6,MATR_b4c44,MATR_b1c0,MATR_b4c26,MATR_b4c31,MATR_b1c34,MATR_b1c31,MATR_b4c6,MATR_b3c18",False,False,0.95
460,MATR_b2c10,560.0,496.1846770698361,33.31470175447739,430.88906147536704,561.4802926643051,100.0,36.184677069836084,-29.110938524632957,101.48029266430513,63.815322930163916,"MATR_b1c33,MATR_b1c40,MATR_b4c1,MATR_b1c6,MATR_b4c44,MATR_b1c0,MATR_b4c26,MATR_b4c31,MATR_b1c34,MATR_b1c31,MATR_b4c6,MATR_b3c18",False,False,0.95
460,MATR_b2c21,488.0,379.7463447369144,27.636848894986038,325.5791162565662,433.91357321726264,28.0,-80.25365526308559,-134.42088374343382,-26.086426782737362,108.25365526308559,"MATR_b1c33,MATR_b1c40,MATR_b4c1,MATR_b1c6,MATR_b4c44,MATR_b1c0,MATR_b4c26,MATR_b4c31,MATR_b1c34,MATR_b1c31,MATR_b4c6,MATR_b3c18",False,False,0.95
460,MATR_b2c23,526.0,401.93880583403933,29.21541062071208,344.6776532238947,459.19995844418395,66.0,-58.06119416596067,-115.32234677610529,-0.8000415558160512,124.06119416596067,"MATR_b1c33,MATR_b1c40,MATR_b4c1,MATR_b1c6,MATR_b4c44,MATR_b1c0,MATR_b4c26,MATR_b4c31,MATR_b1c34,MATR_b1c31,MATR_b4c6,MATR_b3c18",False,False,0.95
460,MATR_b2c29,497.0,447.6947376760488,31.745233098897582,385.47522412138073,509.9142512307169,37.0,-12.305262323951183,-74.52477587861927,49.9142512307169,49.30526232395118,"MATR_b1c33,MATR_b1c40,MATR_b4c1,MATR_b1c6,MATR_b4c44,MATR_b1c0,MATR_b4c26,MATR_b4c31,MATR_b1c34,MATR_b1c31,MATR_b4c6,MATR_b3c18",False,False,0.95
460,MATR_b2c30,480.0,421.1418159808706,29.67592832730878,362.97806525155346,479.30556671018775,20.0,-38.858184019129396,-97.02193474844654,19.305566710187748,58.858184019129396,"MATR_b1c33,MATR_b1c40,MATR_b4c1,MATR_b1c6,MATR_b4c44,MATR_b1c0,MATR_b4c26,MATR_b4c31,MATR_b1c34,MATR_b1c31,MATR_b4c6,MATR_b3c18",False,False,0.95
460,MATR_b2c36,534.0,480.5551463653493,33.53408798948434,414.8295416515628,546.2807510791358,74.0,20.555146365349287,-45.170458348437194,86.28075107913583,53.44485363465071,"MATR_b1c33,MATR_b1c40,MATR_b4c1,MATR_b1c6,MATR_b4c44,MATR_b1c0,MATR_b4c26,MATR_b4c31,MATR_b1c34,MATR_b1c31,MATR_b4c6,MATR_b3c18",False,False,0.95
460,MATR_b2c40,498.0,404.91893277222005,28.449484034022177,349.1589686867893,460.6788968576508,38.0,-55.081067227779954,-110.84103131321069,0.6788968576507841,93.08106722777995,"MATR_b1c33,MATR_b1c40,MATR_b4c1,MATR_b1c6,MATR_b4c44,MATR_b1c0,MATR_b4c26,MATR_b4c31,MATR_b1c34,MATR_b1c31,MATR_b4c6,MATR_b3c18",False,False,0.95
460,MATR_b2c42,465.0,396.5000750351939,28.59469041432797,340.45551167403835,452.54463839634946,5.0,-63.4999249648061,-119.54448832596165,-7.455361603650545,68.4999249648061,"MATR_b1c33,MATR_b1c40,MATR_b4c1,MATR_b1c6,MATR_b4c44,MATR_b1c0,MATR_b4c26,MATR_b4c31,MATR_b1c34,MATR_b1c31,MATR_b4c6,MATR_b3c18",False,False,0.95
460,MATR_b3c19,1152.0,969.9360749252305,101.2318009779578,771.5253909183066,1168.3467589321544,692.0,509.9360749252305,311.5253909183066,708.3467589321544,182.0639250747695,"MATR_b1c33,MATR_b1c40,MATR_b4c1,MATR_b1c6,MATR_b4c44,MATR_b1c0,MATR_b4c26,MATR_b4c31,MATR_b1c34,MATR_b1c31,MATR_b4c6,MATR_b3c18",False,False,0.95
460,MATR_b3c20,811.0,747.6966231449684,61.53321792178013,627.0937321654247,868.299514124512,351.0,287.6966231449684,167.09373216542474,408.29951412451203,63.303376855031615,"MATR_b1c33,MATR_b1c40,MATR_b4c1,MATR_b1c6,MATR_b4c44,MATR_b1c0,MATR_b4c26,MATR_b4c31,MATR_b1c34,MATR_b1c31,MATR_b4c6,MATR_b3c18",False,False,0.95
460,MATR_b3c3,1113.0,991.9988459205404,112.2360346070061,772.0202603232174,1211.9774315178634,653.0,531.9988459205404,312.02026032321737,751.9774315178634,121.00115407945964,"MATR_b1c33,MATR_b1c40,MATR_b4c1,MATR_b1c6,MATR_b4c44,MATR_b1c0,MATR_b4c26,MATR_b4c31,MATR_b1c34,MATR_b1c31,MATR_b4c6,MATR_b3c18",False,False,0.95
460,MATR_b3c30,933.0,824.8186159099556,75.61854977018201,676.6089817972493,973.028250022662,473.0,364.8186159099556,216.60898179724927,513.028250022662,108.18138409004439,"MATR_b1c33,MATR_b1c40,MATR_b4c1,MATR_b1c6,MATR_b4c44,MATR_b1c0,MATR_b4c26,MATR_b4c31,MATR_b1c34,MATR_b1c31,MATR_b4c6,MATR_b3c18",False,False,0.95
460,MATR_b3c44,938.0,767.6378943258823,67.99980018925143,634.3607349990295,900.915053652735,478.0,307.63789432588226,174.36073499902955,440.91505365273497,170.36210567411774,"MATR_b1c33,MATR_b1c40,MATR_b4c1,MATR_b1c6,MATR_b4c44,MATR_b1c0,MATR_b4c26,MATR_b4c31,MATR_b1c34,MATR_b1c31,MATR_b4c6,MATR_b3c18",False,False,0.95
460,MATR_b3c45,1799.0,1399.1841356325413,184.4289423269007,1037.7100509650013,1760.6582203000812,1339.0,939.1841356325413,577.7100509650013,1300.6582203000812,399.81586436745874,"MATR_b1c33,MATR_b1c40,MATR_b4c1,MATR_b1c6,MATR_b4c44,MATR_b1c0,MATR_b4c26,MATR_b4c31,MATR_b1c34,MATR_b1c31,MATR_b4c6,MATR_b3c18",False,False,0.95
460,MATR_b4c10,872.0,759.3391026698353,63.82405431449631,634.2462548660943,884.4319504735762,412.0,299.33910266983526,174.24625486609432,424.4319504735762,112.66089733016474,"MATR_b1c33,MATR_b1c40,MATR_b4c1,MATR_b1c6,MATR_b4c44,MATR_b1c0,MATR_b4c26,MATR_b4c31,MATR_b1c34,MATR_b1c31,MATR_b4c6,MATR_b3c18",False,False,0.95
460,MATR_b4c13,771.0,642.9988969310575,48.3468891912826,548.2407353515948,737.7570585105202,311.0,182.99889693105752,88.24073535159482,277.7570585105202,128.00110306894248,"MATR_b1c33,MATR_b1c40,MATR_b4c1,MATR_b1c6,MATR_b4c44,MATR_b1c0,MATR_b4c26,MATR_b4c31,MATR_b1c34,MATR_b1c31,MATR_b4c6,MATR_b3c18",False,False,0.95
460,MATR_b4c16,909.0,803.7592445931728,71.68239647335078,663.2643291798843,944.2541600064612,449.0,343.75924459317275,203.26432917988427,484.25416000646123,105.24075540682725,"MATR_b1c33,MATR_b1c40,MATR_b4c1,MATR_b1c6,MATR_b4c44,MATR_b1c0,MATR_b4c26,MATR_b4c31,MATR_b1c34,MATR_b1c31,MATR_b4c6,MATR_b3c18",False,False,0.95
460,MATR_b4c18,906.0,779.7422405174316,80.68207541492778,621.6082785062287,937.8762025286345,446.0,319.7422405174316,161.60827850622866,477.8762025286345,126.25775948256842,"MATR_b1c33,MATR_b1c40,MATR_b4c1,MATR_b1c6,MATR_b4c44,MATR_b1c0,MATR_b4c26,MATR_b4c31,MATR_b1c34,MATR_b1c31,MATR_b4c6,MATR_b3c18",False,False,0.95
460,MATR_b4c29,887.0,773.9621278500935,72.81342935935409,631.2504287149081,916.6738269852788,427.0,313.96212785009345,171.25042871490814,456.67382698527877,113.03787214990655,"MATR_b1c33,MATR_b1c40,MATR_b4c1,MATR_b1c6,MATR_b4c44,MATR_b1c0,MATR_b4c26,MATR_b4c31,MATR_b1c34,MATR_b1c31,MATR_b4c6,MATR_b3c18",False,False,0.95
460,MATR_b4c33,505.0,408.6030916916828,29.222770546940104,351.32751389120233,465.8786694921632,45.0,-51.39690830831722,-108.67248610879767,5.878669492163226,96.39690830831722,"MATR_b1c33,MATR_b1c40,MATR_b4c1,MATR_b1c6,MATR_b4c44,MATR_b1c0,MATR_b4c26,MATR_b4c31,MATR_b1c34,MATR_b1c31,MATR_b4c6,MATR_b3c18",False,False,0.95
460,MATR_b4c37,863.0,705.0589776539573,54.63933258252827,597.967853652896,812.1501016550186,403.0,245.0589776539573,137.967853652896,352.1501016550186,157.9410223460427,"MATR_b1c33,MATR_b1c40,MATR_b4c1,MATR_b1c6,MATR_b4c44,MATR_b1c0,MATR_b4c26,MATR_b4c31,MATR_b1c34,MATR_b1c31,MATR_b4c6,MATR_b3c18",False,False,0.95
460,MATR_b4c4,656.0,540.4299462826613,36.94567711318211,468.0177497563786,612.8421428089439,196.0,80.42994628266126,8.017749756378578,152.8421428089439,115.57005371733874,"MATR_b1c33,MATR_b1c40,MATR_b4c1,MATR_b1c6,MATR_b4c44,MATR_b1c0,MATR_b4c26,MATR_b4c31,MATR_b1c34,MATR_b1c31,MATR_b4c6,MATR_b3c18",False,False,0.95
480,MATR_b1c1,2154.0,1483.5686553906864,234.8382641475111,1023.2941154696609,1943.843195311712,1674.0,1003.5686553906864,543.2941154696609,1463.843195311712,670.4313446093136,"MATR_b1c19,MATR_b1c34,MATR_b4c15,MATR_b1c26,MATR_b2c22,MATR_b3c26,MATR_b1c4,MATR_b2c45,MATR_b1c29,MATR_b4c19,MATR_b3c35,MATR_b4c42",False,False,0.95
480,MATR_b1c20,533.0,442.73878350438355,31.105051175563883,381.77400346300306,503.70356354576404,53.0,-37.26121649561645,-98.22599653699694,23.70356354576404,90.26121649561645,"MATR_b1c19,MATR_b1c34,MATR_b4c15,MATR_b1c26,MATR_b2c22,MATR_b3c26,MATR_b1c4,MATR_b2c45,MATR_b1c29,MATR_b4c19,MATR_b3c35,MATR_b4c42",False,False,0.95
480,MATR_b1c21,557.0,439.334966549116,30.129241507879343,380.28273831216325,498.3871947860688,77.0,-40.66503345088398,-99.71726168783675,18.38719478606879,117.66503345088398,"MATR_b1c19,MATR_b1c34,MATR_b4c15,MATR_b1c26,MATR_b2c22,MATR_b3c26,MATR_b1c4,MATR_b2c45,MATR_b1c29,MATR_b4c19,MATR_b3c35,MATR_b4c42",False,False,0.95
480,MATR_b1c28,858.0,637.639592902063,51.2790622171659,537.1344777954292,738.1447080086967,378.0,157.639592902063,57.134477795429234,258.14470800869674,220.360407097937,"MATR_b1c19,MATR_b1c34,MATR_b4c15,MATR_b1c26,MATR_b2c22,MATR_b3c26,MATR_b1c4,MATR_b2c45,MATR_b1c29,MATR_b4c19,MATR_b3c35,MATR_b4c42",False,False,0.95
480,MATR_b1c39,622.0,519.7320897938595,37.76435559340255,445.71531293142675,593.7488666562922,142.0,39.73208979385947,-34.28468706857325,113.7488666562922,102.26791020614053,"MATR_b1c19,MATR_b1c34,MATR_b4c15,MATR_b1c26,MATR_b2c22,MATR_b3c26,MATR_b1c4,MATR_b2c45,MATR_b1c29,MATR_b4c19,MATR_b3c35,MATR_b4c42",False,False,0.95
480,MATR_b1c7,869.0,852.4165759044206,84.93246086998131,685.9520114808998,1018.8811403279414,389.0,372.4165759044206,205.95201148089984,538.8811403279414,16.583424095579403,"MATR_b1c19,MATR_b1c34,MATR_b4c15,MATR_b1c26,MATR_b2c22,MATR_b3c26,MATR_b1c4,MATR_b2c45,MATR_b1c29,MATR_b4c19,MATR_b3c35,MATR_b4c42",False,False,0.95
480,MATR_b1c9,1052.0,941.1457356567331,102.60677333086542,740.040155358372,1142.2513159550942,572.0,461.1457356567331,260.040155358372,662.2513159550942,110.85426434326689,"MATR_b1c19,MATR_b1c34,MATR_b4c15,MATR_b1c26,MATR_b2c22,MATR_b3c26,MATR_b1c4,MATR_b2c45,MATR_b1c29,MATR_b4c19,MATR_b3c35,MATR_b4c42",False,False,0.95
480,MATR_b2c10,560.0,485.01457962531236,33.86951069190215,418.6315584951899,551.3976007554348,80.0,5.014579625312365,-61.36844150481011,71.39760075543484,74.98542037468764,"MATR_b1c19,MATR_b1c34,MATR_b4c15,MATR_b1c26,MATR_b2c22,MATR_b3c26,MATR_b1c4,MATR_b2c45,MATR_b1c29,MATR_b4c19,MATR_b3c35,MATR_b4c42",False,False,0.95
480,MATR_b2c21,488.0,370.0044442144429,27.966454881513954,315.1911998714112,424.81768855747464,8.0,-109.99555578555709,-164.8088001285888,-55.18231144252536,117.99555578555709,"MATR_b1c19,MATR_b1c34,MATR_b4c15,MATR_b1c26,MATR_b2c22,MATR_b3c26,MATR_b1c4,MATR_b2c45,MATR_b1c29,MATR_b4c19,MATR_b3c35,MATR_b4c42",False,False,0.95
480,MATR_b2c23,526.0,393.0694256450681,29.74613036850899,334.76808144335735,451.3707698467789,46.0,-86.93057435493188,-145.23191855664265,-28.6292301532211,132.93057435493188,"MATR_b1c19,MATR_b1c34,MATR_b4c15,MATR_b1c26,MATR_b2c22,MATR_b3c26,MATR_b1c4,MATR_b2c45,MATR_b1c29,MATR_b4c19,MATR_b3c35,MATR_b4c42",False,False,0.95
480,MATR_b2c29,497.0,433.7926356156826,31.64581150307128,371.7679848081196,495.81728642324566,17.0,-46.20736438431737,-108.23201519188041,15.817286423245662,63.20736438431737,"MATR_b1c19,MATR_b1c34,MATR_b4c15,MATR_b1c26,MATR_b2c22,MATR_b3c26,MATR_b1c4,MATR_b2c45,MATR_b1c29,MATR_b4c19,MATR_b3c35,MATR_b4c42",False,False,0.95
480,MATR_b2c36,534.0,465.00780510096905,33.208531041549904,399.92028028005086,530.0953299218872,54.0,-14.992194899030949,-80.07971971994914,50.09532992188724,68.99219489903095,"MATR_b1c19,MATR_b1c34,MATR_b4c15,MATR_b1c26,MATR_b2c22,MATR_b3c26,MATR_b1c4,MATR_b2c45,MATR_b1c29,MATR_b4c19,MATR_b3c35,MATR_b4c42",False,False,0.95
480,MATR_b2c40,498.0,393.9444669151767,28.610079350986567,337.86974179240997,450.0191920379434,18.0,-86.05553308482331,-142.13025820759003,-29.980807962056588,104.05553308482331,"MATR_b1c19,MATR_b1c34,MATR_b4c15,MATR_b1c26,MATR_b2c22,MATR_b3c26,MATR_b1c4,MATR_b2c45,MATR_b1c29,MATR_b4c19,MATR_b3c35,MATR_b4c42",False,False,0.95
480,MATR_b3c19,1152.0,954.250203014217,104.27299156213363,749.8788949921862,1158.6215110362477,672.0,474.25020301421705,269.87889499218625,678.6215110362477,197.74979698578295,"MATR_b1c19,MATR_b1c34,MATR_b4c15,MATR_b1c26,MATR_b2c22,MATR_b3c26,MATR_b1c4,MATR_b2c45,MATR_b1c29,MATR_b4c19,MATR_b3c35,MATR_b4c42",False,False,0.95
480,MATR_b3c20,811.0,740.0135810471813,62.929117501874536,616.674777164618,863.3523849297446,331.0,260.01358104718133,136.67477716461804,383.35238492974463,70.98641895281867,"MATR_b1c19,MATR_b1c34,MATR_b4c15,MATR_b1c26,MATR_b2c22,MATR_b3c26,MATR_b1c4,MATR_b2c45,MATR_b1c29,MATR_b4c19,MATR_b3c35,MATR_b4c42",False,False,0.95
480,MATR_b3c3,1113.0,980.1451602546267,116.7015025748089,751.414418266293,1208.8759022429604,633.0,500.1451602546267,271.41441826629296,728.8759022429604,132.85483974537328,"MATR_b1c19,MATR_b1c34,MATR_b4c15,MATR_b1c26,MATR_b2c22,MATR_b3c26,MATR_b1c4,MATR_b2c45,MATR_b1c29,MATR_b4c19,MATR_b3c35,MATR_b4c42",False,False,0.95
480,MATR_b3c30,933.0,807.5022840016277,76.06578291785394,658.416089026792,956.5884789764634,453.0,327.5022840016277,178.41608902679195,476.5884789764634,125.49771599837231,"MATR_b1c19,MATR_b1c34,MATR_b4c15,MATR_b1c26,MATR_b2c22,MATR_b3c26,MATR_b1c4,MATR_b2c45,MATR_b1c29,MATR_b4c19,MATR_b3c35,MATR_b4c42",False,False,0.95
480,MATR_b3c44,938.0,741.2615266850672,66.52767249346162,610.8696846226064,871.653368747528,458.0,261.2615266850672,130.86968462260643,391.653368747528,196.73847331493278,"MATR_b1c19,MATR_b1c34,MATR_b4c15,MATR_b1c26,MATR_b2c22,MATR_b3c26,MATR_b1c4,MATR_b2c45,MATR_b1c29,MATR_b4c19,MATR_b3c35,MATR_b4c42",False,False,0.95
480,MATR_b3c45,1799.0,1369.1080150936718,183.601626185459,1009.2554402671863,1728.9605899201574,1319.0,889.1080150936718,529.2554402671863,1248.9605899201574,429.89198490632816,"MATR_b1c19,MATR_b1c34,MATR_b4c15,MATR_b1c26,MATR_b2c22,MATR_b3c26,MATR_b1c4,MATR_b2c45,MATR_b1c29,MATR_b4c19,MATR_b3c35,MATR_b4c42",False,False,0.95
480,MATR_b4c10,872.0,752.361974622442,65.474020274651,624.0352529610807,880.6886962838032,392.0,272.36197462244195,144.0352529610807,400.6886962838032,119.63802537755805,"MATR_b1c19,MATR_b1c34,MATR_b4c15,MATR_b1c26,MATR_b2c22,MATR_b3c26,MATR_b1c4,MATR_b2c45,MATR_b1c29,MATR_b4c19,MATR_b3c35,MATR_b4c42",False,False,0.95
480,MATR_b4c13,771.0,629.9025621841388,48.48228161717231,534.8790363261528,724.9260880421248,291.0,149.9025621841388,54.8790363261528,244.92608804212477,141.0974378158612,"MATR_b1c19,MATR_b1c34,MATR_b4c15,MATR_b1c26,MATR_b2c22,MATR_b3c26,MATR_b1c4,MATR_b2c45,MATR_b1c29,MATR_b4c19,MATR_b3c35,MATR_b4c42",False,False,0.95
480,MATR_b4c16,909.0,797.9870700163553,73.80873311903028,653.3246113585274,942.6495286741833,429.0,317.98707001635535,173.32461135852736,462.64952867418333,111.01292998364465,"MATR_b1c19,MATR_b1c34,MATR_b4c15,MATR_b1c26,MATR_b2c22,MATR_b3c26,MATR_b1c4,MATR_b2c45,MATR_b1c29,MATR_b4c19,MATR_b3c35,MATR_b4c42",False,False,0.95
480,MATR_b4c18,906.0,770.1914844016112,82.07560945861576,609.3262458535494,931.056722949673,426.0,290.1914844016112,129.32624585354938,451.05672294967303,135.8085155983888,"MATR_b1c19,MATR_b1c34,MATR_b4c15,MATR_b1c26,MATR_b2c22,MATR_b3c26,MATR_b1c4,MATR_b2c45,MATR_b1c29,MATR_b4c19,MATR_b3c35,MATR_b4c42",False,False,0.95
480,MATR_b4c29,887.0,772.8037704285925,75.61284312943512,624.6053211262229,921.0022197309622,407.0,292.80377042859254,144.60532112622286,441.0022197309622,114.19622957140746,"MATR_b1c19,MATR_b1c34,MATR_b4c15,MATR_b1c26,MATR_b2c22,MATR_b3c26,MATR_b1c4,MATR_b2c45,MATR_b1c29,MATR_b4c19,MATR_b3c35,MATR_b4c42",False,False,0.95
480,MATR_b4c33,505.0,399.8145541410684,29.725103857859896,341.5544211429504,458.07468713918644,25.0,-80.18544585893159,-138.4455788570496,-21.925312860813563,105.18544585893159,"MATR_b1c19,MATR_b1c34,MATR_b4c15,MATR_b1c26,MATR_b2c22,MATR_b3c26,MATR_b1c4,MATR_b2c45,MATR_b1c29,MATR_b4c19,MATR_b3c35,MATR_b4c42",False,False,0.95
480,MATR_b4c37,863.0,688.0842251018787,53.84841462170514,582.5432718187566,793.6251783850008,383.0,208.0842251018787,102.54327181875658,313.6251783850008,174.9157748981213,"MATR_b1c19,MATR_b1c34,MATR_b4c15,MATR_b1c26,MATR_b2c22,MATR_b3c26,MATR_b1c4,MATR_b2c45,MATR_b1c29,MATR_b4c19,MATR_b3c35,MATR_b4c42",False,False,0.95
480,MATR_b4c4,656.0,525.8633184256694,36.46902152728719,454.38534968077056,597.3412871705682,176.0,45.86331842566938,-25.61465031922944,117.3412871705682,130.13668157433062,"MATR_b1c19,MATR_b1c34,MATR_b4c15,MATR_b1c26,MATR_b2c22,MATR_b3c26,MATR_b1c4,MATR_b2c45,MATR_b1c29,MATR_b4c19,MATR_b3c35,MATR_b4c42",False,False,0.95
500,MATR_b1c1,2154.0,1429.356707896712,226.6641444617601,985.1031481650782,1873.6102676283456,1654.0,929.3567078967119,485.1031481650782,1373.6102676283456,724.6432921032881,"MATR_b3c18,MATR_b1c44,MATR_b1c16,MATR_b1c43,MATR_b3c27,MATR_b2c22,MATR_b3c36,MATR_b1c30,MATR_b4c39,MATR_b1c38,MATR_b1c3,MATR_b2c28",False,False,0.95
500,MATR_b1c20,533.0,437.5685842543903,31.200907200091446,376.41592985723463,498.721238651546,33.0,-62.431415745609684,-123.58407014276537,-1.2787613484539975,95.43141574560968,"MATR_b3c18,MATR_b1c44,MATR_b1c16,MATR_b1c43,MATR_b3c27,MATR_b2c22,MATR_b3c36,MATR_b1c30,MATR_b4c39,MATR_b1c38,MATR_b1c3,MATR_b2c28",False,False,0.95
500,MATR_b1c21,557.0,430.7779062325495,29.685532923119546,372.59533084135717,488.9604816237419,57.0,-69.22209376745047,-127.40466915864283,-11.039518376258115,126.22209376745047,"MATR_b3c18,MATR_b1c44,MATR_b1c16,MATR_b1c43,MATR_b3c27,MATR_b2c22,MATR_b3c36,MATR_b1c30,MATR_b4c39,MATR_b1c38,MATR_b1c3,MATR_b2c28",False,False,0.95
500,MATR_b1c28,858.0,625.4549393395188,50.335126857556276,526.7999035414537,724.1099751375839,358.0,125.45493933951877,26.79990354145366,224.1099751375839,232.54506066048123,"MATR_b3c18,MATR_b1c44,MATR_b1c16,MATR_b1c43,MATR_b3c27,MATR_b2c22,MATR_b3c36,MATR_b1c30,MATR_b4c39,MATR_b1c38,MATR_b1c3,MATR_b2c28",False,False,0.95
500,MATR_b1c39,622.0,509.6804248689698,37.16065170912452,436.846885877049,582.5139638608906,122.0,9.680424868969794,-63.153114122951024,82.51396386089061,112.3195751310302,"MATR_b3c18,MATR_b1c44,MATR_b1c16,MATR_b1c43,MATR_b3c27,MATR_b2c22,MATR_b3c36,MATR_b1c30,MATR_b4c39,MATR_b1c38,MATR_b1c3,MATR_b2c28",False,False,0.95
500,MATR_b1c7,869.0,830.3425060194323,83.33555976209705,667.0078102542368,993.6772017846279,369.0,330.34250601943234,167.0078102542368,493.67720178462787,38.657493980567665,"MATR_b3c18,MATR_b1c44,MATR_b1c16,MATR_b1c43,MATR_b3c27,MATR_b2c22,MATR_b3c36,MATR_b1c30,MATR_b4c39,MATR_b1c38,MATR_b1c3,MATR_b2c28",False,False,0.95
500,MATR_b1c9,1052.0,917.4617606886336,101.17105676571103,719.1701331499827,1115.7533882272846,552.0,417.4617606886336,219.1701331499827,615.7533882272846,134.5382393113664,"MATR_b3c18,MATR_b1c44,MATR_b1c16,MATR_b1c43,MATR_b3c27,MATR_b2c22,MATR_b3c36,MATR_b1c30,MATR_b4c39,MATR_b1c38,MATR_b1c3,MATR_b2c28",False,False,0.95
500,MATR_b2c10,560.0,480.72266778297814,33.9242568880235,414.23234608016725,547.2129894857891,60.0,-19.277332217021865,-85.76765391983275,47.21298948578908,79.27733221702186,"MATR_b3c18,MATR_b1c44,MATR_b1c16,MATR_b1c43,MATR_b3c27,MATR_b2c22,MATR_b3c36,MATR_b1c30,MATR_b4c39,MATR_b1c38,MATR_b1c3,MATR_b2c28",False,False,0.95
500,MATR_b2c23,526.0,385.98683697733645,29.47602539261279,328.2148888004273,443.75878515424563,26.0,-114.01316302266355,-171.78511119957273,-56.24121484575437,140.01316302266355,"MATR_b3c18,MATR_b1c44,MATR_b1c16,MATR_b1c43,MATR_b3c27,MATR_b2c22,MATR_b3c36,MATR_b1c30,MATR_b4c39,MATR_b1c38,MATR_b1c3,MATR_b2c28",False,False,0.95
500,MATR_b2c36,534.0,452.3042875310299,32.426328442049,388.7498516337471,515.8587234283127,34.0,-47.6957124689701,-111.25014836625292,15.858723428312715,81.6957124689701,"MATR_b3c18,MATR_b1c44,MATR_b1c16,MATR_b1c43,MATR_b3c27,MATR_b2c22,MATR_b3c36,MATR_b1c30,MATR_b4c39,MATR_b1c38,MATR_b1c3,MATR_b2c28",False,False,0.95
500,MATR_b3c19,1152.0,941.6087246582069,104.769987307786,736.2633228742279,1146.954126442186,652.0,441.60872465820694,236.26332287422792,646.954126442186,210.39127534179306,"MATR_b3c18,MATR_b1c44,MATR_b1c16,MATR_b1c43,MATR_b3c27,MATR_b2c22,MATR_b3c36,MATR_b1c30,MATR_b4c39,MATR_b1c38,MATR_b1c3,MATR_b2c28",False,False,0.95
500,MATR_b3c20,811.0,733.757531519882,63.02816786388523,610.2245924951221,857.290470544642,311.0,233.75753151988204,110.22459249512212,357.29047054464195,77.24246848011796,"MATR_b3c18,MATR_b1c44,MATR_b1c16,MATR_b1c43,MATR_b3c27,MATR_b2c22,MATR_b3c36,MATR_b1c30,MATR_b4c39,MATR_b1c38,MATR_b1c3,MATR_b2c28",False,False,0.95
500,MATR_b3c3,1113.0,970.4913716466224,117.4290086199196,740.3347440113364,1200.6479992819084,613.0,470.4913716466224,240.3347440113364,700.6479992819084,142.50862835337762,"MATR_b3c18,MATR_b1c44,MATR_b1c16,MATR_b1c43,MATR_b3c27,MATR_b2c22,MATR_b3c36,MATR_b1c30,MATR_b4c39,MATR_b1c38,MATR_b1c3,MATR_b2c28",False,False,0.95
500,MATR_b3c30,933.0,791.178502085857,75.08725374663646,644.0101890444294,938.3468151272846,433.0,291.17850208585696,144.01018904442935,438.3468151272846,141.82149791414304,"MATR_b3c18,MATR_b1c44,MATR_b1c16,MATR_b1c43,MATR_b3c27,MATR_b2c22,MATR_b3c36,MATR_b1c30,MATR_b4c39,MATR_b1c38,MATR_b1c3,MATR_b2c28",False,False,0.95
500,MATR_b3c44,938.0,718.2292310969046,64.24760188139804,592.3062453162967,844.1522168775126,438.0,218.22923109690464,92.30624531629667,344.1522168775126,219.77076890309536,"MATR_b3c18,MATR_b1c44,MATR_b1c16,MATR_b1c43,MATR_b3c27,MATR_b2c22,MATR_b3c36,MATR_b1c30,MATR_b4c39,MATR_b1c38,MATR_b1c3,MATR_b2c28",False,False,0.95
500,MATR_b3c45,1799.0,1350.5049187928616,183.0913609892348,991.6524453735396,1709.3573922121836,1299.0,850.5049187928616,491.65244537353965,1209.3573922121836,448.49508120713836,"MATR_b3c18,MATR_b1c44,MATR_b1c16,MATR_b1c43,MATR_b3c27,MATR_b2c22,MATR_b3c36,MATR_b1c30,MATR_b4c39,MATR_b1c38,MATR_b1c3,MATR_b2c28",False,False,0.95
500,MATR_b4c10,872.0,743.5681361982745,65.25990469649122,615.6610733586353,871.4751990379136,372.0,243.5681361982745,115.66107335863535,371.4751990379136,128.4318638017255,"MATR_b3c18,MATR_b1c44,MATR_b1c16,MATR_b1c43,MATR_b3c27,MATR_b2c22,MATR_b3c36,MATR_b1c30,MATR_b4c39,MATR_b1c38,MATR_b1c3,MATR_b2c28",False,False,0.95
500,MATR_b4c13,771.0,622.1504749133212,48.08442256697613,527.906738464643,716.3942113619994,271.0,122.1504749133212,27.906738464643013,216.3942113619994,148.8495250866788,"MATR_b3c18,MATR_b1c44,MATR_b1c16,MATR_b1c43,MATR_b3c27,MATR_b2c22,MATR_b3c36,MATR_b1c30,MATR_b4c39,MATR_b1c38,MATR_b1c3,MATR_b2c28",False,False,0.95
500,MATR_b4c16,909.0,795.1037637145511,74.4220200157577,649.239284826947,940.9682426021551,409.0,295.10376371455106,149.23928482694703,440.9682426021551,113.89623628544894,"MATR_b3c18,MATR_b1c44,MATR_b1c16,MATR_b1c43,MATR_b3c27,MATR_b2c22,MATR_b3c36,MATR_b1c30,MATR_b4c39,MATR_b1c38,MATR_b1c3,MATR_b2c28",False,False,0.95
500,MATR_b4c18,906.0,759.9055817307541,81.35734972551704,600.4481063911111,919.3630570703971,406.0,259.9055817307541,100.44810639111108,419.3630570703971,146.09441826924592,"MATR_b3c18,MATR_b1c44,MATR_b1c16,MATR_b1c43,MATR_b3c27,MATR_b2c22,MATR_b3c36,MATR_b1c30,MATR_b4c39,MATR_b1c38,MATR_b1c3,MATR_b2c28",False,False,0.95
500,MATR_b4c29,887.0,760.8435795076501,74.91225585262819,614.018256035849,907.6689029794512,387.0,260.84357950765013,114.01825603584905,407.6689029794512,126.15642049234987,"MATR_b3c18,MATR_b1c44,MATR_b1c16,MATR_b1c43,MATR_b3c27,MATR_b2c22,MATR_b3c36,MATR_b1c30,MATR_b4c39,MATR_b1c38,MATR_b1c3,MATR_b2c28",False,False,0.95
500,MATR_b4c33,505.0,392.1536349886882,29.341148809059877,334.64604005790056,449.6612299194759,5.0,-107.84636501131178,-165.35395994209944,-50.338770080524114,112.84636501131178,"MATR_b3c18,MATR_b1c44,MATR_b1c16,MATR_b1c43,MATR_b3c27,MATR_b2c22,MATR_b3c36,MATR_b1c30,MATR_b4c39,MATR_b1c38,MATR_b1c3,MATR_b2c28",False,False,0.95
500,MATR_b4c37,863.0,671.8131678306448,52.34748177182758,569.2139888764958,774.4123467847938,363.0,171.81316783064483,69.21398887649582,274.41234678479384,191.18683216935517,"MATR_b3c18,MATR_b1c44,MATR_b1c16,MATR_b1c43,MATR_b3c27,MATR_b2c22,MATR_b3c36,MATR_b1c30,MATR_b4c39,MATR_b1c38,MATR_b1c3,MATR_b2c28",False,False,0.95
500,MATR_b4c4,656.0,515.7478012844953,35.66422546510154,445.84720383638,585.6483987326105,156.0,15.747801284495267,-54.152796163619996,85.64839873261053,140.25219871550473,"MATR_b3c18,MATR_b1c44,MATR_b1c16,MATR_b1c43,MATR_b3c27,MATR_b2c22,MATR_b3c36,MATR_b1c30,MATR_b4c39,MATR_b1c38,MATR_b1c3,MATR_b2c28",False,False,0.95
520,MATR_b1c1,2154.0,1282.6784977455154,202.88943304245055,885.0225161385616,1680.3344793524693,1634.0,762.6784977455154,365.0225161385616,1160.3344793524693,871.3215022544846,"MATR_b1c34,MATR_b4c30,MATR_b1c5,MATR_b1c43,MATR_b4c1,MATR_b1c31,MATR_b1c6,MATR_b3c27,MATR_b1c16,MATR_b4c43,MATR_b1c4,MATR_b4c8",False,False,0.95
520,MATR_b1c20,533.0,432.90550766320547,32.651988960206936,368.90878527760043,496.9022300488105,13.0,-87.09449233679453,-151.09121472239957,-23.09776995118949,100.09449233679453,"MATR_b1c34,MATR_b4c30,MATR_b1c5,MATR_b1c43,MATR_b4c1,MATR_b1c31,MATR_b1c6,MATR_b3c27,MATR_b1c16,MATR_b4c43,MATR_b1c4,MATR_b4c8",False,False,0.95
520,MATR_b1c21,557.0,423.9305244037109,30.488515982949902,364.1741311350553,483.68691767236646,37.0,-96.06947559628912,-155.8258688649447,-36.31308232763354,133.06947559628912,"MATR_b1c34,MATR_b4c30,MATR_b1c5,MATR_b1c43,MATR_b4c1,MATR_b1c31,MATR_b1c6,MATR_b3c27,MATR_b1c16,MATR_b4c43,MATR_b1c4,MATR_b4c8",False,False,0.95
520,MATR_b1c28,858.0,603.7223247064519,49.96887448175398,505.7851303742116,701.6595190386922,338.0,83.7223247064519,-14.214869625788424,181.65951903869222,254.2776752935481,"MATR_b1c34,MATR_b4c30,MATR_b1c5,MATR_b1c43,MATR_b4c1,MATR_b1c31,MATR_b1c6,MATR_b3c27,MATR_b1c16,MATR_b4c43,MATR_b1c4,MATR_b4c8",False,False,0.95
520,MATR_b1c39,622.0,492.6677978343548,37.368840496251416,419.4262163176802,565.9093793510294,102.0,-27.332202165645185,-100.5737836823198,45.90937935102943,129.33220216564519,"MATR_b1c34,MATR_b4c30,MATR_b1c5,MATR_b1c43,MATR_b4c1,MATR_b1c31,MATR_b1c6,MATR_b3c27,MATR_b1c16,MATR_b4c43,MATR_b1c4,MATR_b4c8",False,False,0.95
520,MATR_b1c7,869.0,782.4515480704547,79.06480824725243,627.4873714612745,937.4157246796349,349.0,262.4515480704547,107.4873714612745,417.4157246796349,86.54845192954531,"MATR_b1c34,MATR_b4c30,MATR_b1c5,MATR_b1c43,MATR_b4c1,MATR_b1c31,MATR_b1c6,MATR_b3c27,MATR_b1c16,MATR_b4c43,MATR_b1c4,MATR_b4c8",False,False,0.95
520,MATR_b1c9,1052.0,847.5784496191602,93.75052445895325,663.8307981478704,1031.32610109045,532.0,327.5784496191602,143.83079814787038,511.32610109045004,204.4215503808398,"MATR_b1c34,MATR_b4c30,MATR_b1c5,MATR_b1c43,MATR_b4c1,MATR_b1c31,MATR_b1c6,MATR_b3c27,MATR_b1c16,MATR_b4c43,MATR_b1c4,MATR_b4c8",False,False,0.95
520,MATR_b2c10,560.0,474.78182166516285,35.0534638216547,406.0782950413419,543.4853482889838,40.0,-45.21817833483715,-113.9217049586581,23.4853482889838,85.21817833483715,"MATR_b1c34,MATR_b4c30,MATR_b1c5,MATR_b1c43,MATR_b4c1,MATR_b1c31,MATR_b1c6,MATR_b3c27,MATR_b1c16,MATR_b4c43,MATR_b1c4,MATR_b4c8",False,False,0.95
520,MATR_b2c23,526.0,380.0013046681355,30.51524481767361,320.19252384607273,439.8100854901983,6.0,-139.9986953318645,-199.80747615392727,-80.18991450980172,145.9986953318645,"MATR_b1c34,MATR_b4c30,MATR_b1c5,MATR_b1c43,MATR_b4c1,MATR_b1c31,MATR_b1c6,MATR_b3c27,MATR_b1c16,MATR_b4c43,MATR_b1c4,MATR_b4c8",False,False,0.95
520,MATR_b2c36,534.0,439.2012878421193,32.779805626254905,374.9540493944363,503.4485262898023,14.0,-80.79871215788069,-145.0459506055637,-16.551473710197683,94.79871215788069,"MATR_b1c34,MATR_b4c30,MATR_b1c5,MATR_b1c43,MATR_b4c1,MATR_b1c31,MATR_b1c6,MATR_b3c27,MATR_b1c16,MATR_b4c43,MATR_b1c4,MATR_b4c8",False,False,0.95
520,MATR_b3c19,1152.0,889.7156762434051,101.07615040908385,691.6100617456474,1087.821290741163,632.0,369.71567624340514,171.61006174564739,567.821290741163,262.28432375659486,"MATR_b1c34,MATR_b4c30,MATR_b1c5,MATR_b1c43,MATR_b4c1,MATR_b1c31,MATR_b1c6,MATR_b3c27,MATR_b1c16,MATR_b4c43,MATR_b1c4,MATR_b4c8",False,False,0.95
520,MATR_b3c20,811.0,706.0430148989971,62.3481840638445,583.8428196323878,828.2432101656063,291.0,186.04301489899706,63.84281963238777,308.24321016560634,104.95698510100294,"MATR_b1c34,MATR_b4c30,MATR_b1c5,MATR_b1c43,MATR_b4c1,MATR_b1c31,MATR_b1c6,MATR_b3c27,MATR_b1c16,MATR_b4c43,MATR_b1c4,MATR_b4c8",False,False,0.95
520,MATR_b3c3,1113.0,910.3404773706334,111.47188001428488,691.8596072536648,1128.821347487602,593.0,390.3404773706334,171.85960725366476,608.821347487602,202.65952262936662,"MATR_b1c34,MATR_b4c30,MATR_b1c5,MATR_b1c43,MATR_b4c1,MATR_b1c31,MATR_b1c6,MATR_b3c27,MATR_b1c16,MATR_b4c43,MATR_b1c4,MATR_b4c8",False,False,0.95
520,MATR_b3c30,933.0,739.8800577403865,71.49044700732054,599.761356367369,879.998759113404,413.0,219.88005774038652,79.76135636736899,359.99875911340405,193.11994225961348,"MATR_b1c34,MATR_b4c30,MATR_b1c5,MATR_b1c43,MATR_b4c1,MATR_b1c31,MATR_b1c6,MATR_b3c27,MATR_b1c16,MATR_b4c43,MATR_b1c4,MATR_b4c8",False,False,0.95
520,MATR_b3c44,938.0,677.2281569319804,61.561448958455365,556.5699341373071,797.8863797266537,418.0,157.22815693198038,36.56993413730709,277.8863797266537,260.7718430680196,"MATR_b1c34,MATR_b4c30,MATR_b1c5,MATR_b1c43,MATR_b4c1,MATR_b1c31,MATR_b1c6,MATR_b3c27,MATR_b1c16,MATR_b4c43,MATR_b1c4,MATR_b4c8",False,False,0.95
520,MATR_b3c45,1799.0,1182.028376989891,158.09586011731827,872.166185055065,1491.8905689247172,1279.0,662.0283769898911,352.16618505506494,971.8905689247172,616.9716230101089,"MATR_b1c34,MATR_b4c30,MATR_b1c5,MATR_b1c43,MATR_b4c1,MATR_b1c31,MATR_b1c6,MATR_b3c27,MATR_b1c16,MATR_b4c43,MATR_b1c4,MATR_b4c8",False,False,0.95
520,MATR_b4c10,872.0,719.9470853619204,65.09738198535626,592.3585611827756,847.5356095410651,352.0,199.94708536192036,72.35856118277559,327.5356095410651,152.05291463807964,"MATR_b1c34,MATR_b4c30,MATR_b1c5,MATR_b1c43,MATR_b4c1,MATR_b1c31,MATR_b1c6,MATR_b3c27,MATR_b1c16,MATR_b4c43,MATR_b1c4,MATR_b4c8",False,False,0.95
520,MATR_b4c13,771.0,601.1118603151702,48.11697459259814,506.80432306864907,695.4193975616914,251.0,81.11186031517025,-13.195676931350931,175.41939756169143,169.88813968482975,"MATR_b1c34,MATR_b4c30,MATR_b1c5,MATR_b1c43,MATR_b4c1,MATR_b1c31,MATR_b1c6,MATR_b3c27,MATR_b1c16,MATR_b4c43,MATR_b1c4,MATR_b4c8",False,False,0.95
520,MATR_b4c16,909.0,770.0366496837971,73.79444493380167,625.4021953544216,914.6711040131727,389.0,250.03664968379712,105.40219535442156,394.6711040131727,138.96335031620288,"MATR_b1c34,MATR_b4c30,MATR_b1c5,MATR_b1c43,MATR_b4c1,MATR_b1c31,MATR_b1c6,MATR_b3c27,MATR_b1c16,MATR_b4c43,MATR_b1c4,MATR_b4c8",False,False,0.95
520,MATR_b4c18,906.0,728.4886186083155,79.19703655236493,573.265279283378,883.711957933253,386.0,208.4886186083155,53.26527928337805,363.71195793325296,177.5113813916845,"MATR_b1c34,MATR_b4c30,MATR_b1c5,MATR_b1c43,MATR_b4c1,MATR_b1c31,MATR_b1c6,MATR_b3c27,MATR_b1c16,MATR_b4c43,MATR_b1c4,MATR_b4c8",False,False,0.95
520,MATR_b4c29,887.0,735.049839598733,74.58795289798951,588.8601382381037,881.2395409593623,367.0,215.049839598733,68.86013823810367,361.23954095936233,151.950160401267,"MATR_b1c34,MATR_b4c30,MATR_b1c5,MATR_b1c43,MATR_b4c1,MATR_b1c31,MATR_b1c6,MATR_b3c27,MATR_b1c16,MATR_b4c43,MATR_b1c4,MATR_b4c8",False,False,0.95
520,MATR_b4c37,863.0,646.3696999767697,51.1647092519421,546.0887125634998,746.6506873900395,343.0,126.36969997676965,26.088712563499826,226.65068739003948,216.63030002323035,"MATR_b1c34,MATR_b4c30,MATR_b1c5,MATR_b1c43,MATR_b4c1,MATR_b1c31,MATR_b1c6,MATR_b3c27,MATR_b1c16,MATR_b4c43,MATR_b1c4,MATR_b4c8",False,False,0.95
520,MATR_b4c4,656.0,501.4059857195594,35.63342816675912,431.5657498670164,571.2462215721024,136.0,-18.594014280440604,-88.4342501329836,51.2462215721024,154.5940142804406,"MATR_b1c34,MATR_b4c30,MATR_b1c5,MATR_b1c43,MATR_b4c1,MATR_b1c31,MATR_b1c6,MATR_b3c27,MATR_b1c16,MATR_b4c43,MATR_b1c4,MATR_b4c8",False,False,0.95
540,MATR_b1c1,2154.0,1157.5498407895689,174.01412439690182,816.4884241703686,1498.6112574087692,1614.0,617.5498407895689,276.4884241703686,958.6112574087692,996.4501592104311,"MATR_b4c28,MATR_b4c3,MATR_b1c42,MATR_b4c20,MATR_b1c44,MATR_b3c21,MATR_b4c39,MATR_b1c6,MATR_b1c29,MATR_b4c8,MATR_b3c6,MATR_b3c39",False,False,0.95
540,MATR_b1c21,557.0,421.08998138019837,31.258405274787798,359.82463282745744,482.3553299329393,17.0,-118.91001861980163,-180.17536717254256,-57.6446700670607,135.91001861980163,"MATR_b4c28,MATR_b4c3,MATR_b1c42,MATR_b4c20,MATR_b1c44,MATR_b3c21,MATR_b4c39,MATR_b1c6,MATR_b1c29,MATR_b4c8,MATR_b3c6,MATR_b3c39",False,False,0.95
540,MATR_b1c28,858.0,587.2821056821248,49.11428560488197,491.0198747701421,683.5443365941074,318.0,47.28210568212478,-48.98012522985789,143.54433659410745,270.7178943178752,"MATR_b4c28,MATR_b4c3,MATR_b1c42,MATR_b4c20,MATR_b1c44,MATR_b3c21,MATR_b4c39,MATR_b1c6,MATR_b1c29,MATR_b4c8,MATR_b3c6,MATR_b3c39",False,False,0.95
540,MATR_b1c39,622.0,483.3367409122812,37.612594346247924,409.6174106285204,557.056071196042,82.0,-56.663259087718814,-130.38258937147958,17.056071196042012,138.6632590877188,"MATR_b4c28,MATR_b4c3,MATR_b1c42,MATR_b4c20,MATR_b1c44,MATR_b3c21,MATR_b4c39,MATR_b1c6,MATR_b1c29,MATR_b4c8,MATR_b3c6,MATR_b3c39",False,False,0.95
540,MATR_b1c7,869.0,733.0948618923343,72.27968146595661,591.429289405032,874.7604343796365,329.0,193.09486189233428,51.42928940503202,334.76043437963654,135.90513810766572,"MATR_b4c28,MATR_b4c3,MATR_b1c42,MATR_b4c20,MATR_b1c44,MATR_b3c21,MATR_b4c39,MATR_b1c6,MATR_b1c29,MATR_b4c8,MATR_b3c6,MATR_b3c39",False,False,0.95
540,MATR_b1c9,1052.0,790.9986732959895,84.30643115669956,625.761104563753,956.2362420282261,512.0,250.99867329598953,85.76110456375295,416.2362420282261,261.00132670401047,"MATR_b4c28,MATR_b4c3,MATR_b1c42,MATR_b4c20,MATR_b1c44,MATR_b3c21,MATR_b4c39,MATR_b1c6,MATR_b1c29,MATR_b4c8,MATR_b3c6,MATR_b3c39",False,False,0.95
540,MATR_b2c10,560.0,474.9221653141514,36.12042002441533,404.127442959838,545.7168876684648,20.0,-65.07783468584859,-135.872557040162,5.7168876684647785,85.07783468584859,"MATR_b4c28,MATR_b4c3,MATR_b1c42,MATR_b4c20,MATR_b1c44,MATR_b3c21,MATR_b4c39,MATR_b1c6,MATR_b1c29,MATR_b4c8,MATR_b3c6,MATR_b3c39",False,False,0.95
540,MATR_b3c19,1152.0,849.564110232086,94.48021474023486,664.3862920896154,1034.7419283745567,612.0,309.564110232086,124.38629208961538,494.74192837455666,302.435889767914,"MATR_b4c28,MATR_b4c3,MATR_b1c42,MATR_b4c20,MATR_b1c44,MATR_b3c21,MATR_b4c39,MATR_b1c6,MATR_b1c29,MATR_b4c8,MATR_b3c6,MATR_b3c39",False,False,0.95
540,MATR_b3c20,811.0,686.500084077238,60.818631676787,567.2977564017285,805.7024117527474,271.0,146.50008407723794,27.29775640172852,265.70241175274737,124.49991592276206,"MATR_b4c28,MATR_b4c3,MATR_b1c42,MATR_b4c20,MATR_b1c44,MATR_b3c21,MATR_b4c39,MATR_b1c6,MATR_b1c29,MATR_b4c8,MATR_b3c6,MATR_b3c39",False,False,0.95
540,MATR_b3c3,1113.0,868.1151431485935,102.76718950593042,666.6951529245673,1069.5351333726196,573.0,328.11514314859346,126.69515292456731,529.5351333726196,244.88485685140654,"MATR_b4c28,MATR_b4c3,MATR_b1c42,MATR_b4c20,MATR_b1c44,MATR_b3c21,MATR_b4c39,MATR_b1c6,MATR_b1c29,MATR_b4c8,MATR_b3c6,MATR_b3c39",False,False,0.95
540,MATR_b3c30,933.0,704.0902214287693,67.24098532013377,572.3003119163207,835.8801309412179,393.0,164.09022142876927,32.30031191632065,295.8801309412179,228.90977857123073,"MATR_b4c28,MATR_b4c3,MATR_b1c42,MATR_b4c20,MATR_b1c44,MATR_b3c21,MATR_b4c39,MATR_b1c6,MATR_b1c29,MATR_b4c8,MATR_b3c6,MATR_b3c39",False,False,0.95
540,MATR_b3c44,938.0,652.7799842044369,59.42507604973765,536.3089753683975,769.2509930404764,398.0,112.77998420443691,-3.691024631602545,229.25099304047637,285.2200157955631,"MATR_b4c28,MATR_b4c3,MATR_b1c42,MATR_b4c20,MATR_b1c44,MATR_b3c21,MATR_b4c39,MATR_b1c6,MATR_b1c29,MATR_b4c8,MATR_b3c6,MATR_b3c39",False,False,0.95
540,MATR_b3c45,1799.0,1054.3334929001321,133.24365549822605,793.1807269551468,1315.4862588451174,1259.0,514.3334929001321,253.18072695514684,775.4862588451174,744.6665070998679,"MATR_b4c28,MATR_b4c3,MATR_b1c42,MATR_b4c20,MATR_b1c44,MATR_b3c21,MATR_b4c39,MATR_b1c6,MATR_b1c29,MATR_b4c8,MATR_b3c6,MATR_b3c39",False,False,0.95
540,MATR_b4c10,872.0,697.1964958063916,62.8336456611794,574.0448132931285,820.3481783196546,332.0,157.19649580639157,34.04481329312853,280.3481783196546,174.80350419360843,"MATR_b4c28,MATR_b4c3,MATR_b1c42,MATR_b4c20,MATR_b1c44,MATR_b3c21,MATR_b4c39,MATR_b1c6,MATR_b1c29,MATR_b4c8,MATR_b3c6,MATR_b3c39",False,False,0.95
540,MATR_b4c13,771.0,585.1384807639859,47.52534875734416,491.9905088468859,678.2864526810858,231.0,45.138480763985854,-48.009491153114084,138.28645268108585,185.86151923601415,"MATR_b4c28,MATR_b4c3,MATR_b1c42,MATR_b4c20,MATR_b1c44,MATR_b3c21,MATR_b4c39,MATR_b1c6,MATR_b1c29,MATR_b4c8,MATR_b3c6,MATR_b3c39",False,False,0.95
540,MATR_b4c16,909.0,752.5536650881356,71.82134583719467,611.7864139260383,893.3209162502329,369.0,212.55366508813563,71.78641392603834,353.3209162502329,156.44633491186437,"MATR_b4c28,MATR_b4c3,MATR_b1c42,MATR_b4c20,MATR_b1c44,MATR_b3c21,MATR_b4c39,MATR_b1c6,MATR_b1c29,MATR_b4c8,MATR_b3c6,MATR_b3c39",False,False,0.95
540,MATR_b4c18,906.0,710.3874951762901,76.31740174473458,560.8081363629361,859.9668539896442,366.0,170.38749517629014,20.808136362936125,319.96685398964416,195.61250482370986,"MATR_b4c28,MATR_b4c3,MATR_b1c42,MATR_b4c20,MATR_b1c44,MATR_b3c21,MATR_b4c39,MATR_b1c6,MATR_b1c29,MATR_b4c8,MATR_b3c6,MATR_b3c39",False,False,0.95
540,MATR_b4c29,887.0,711.7899819982754,71.70925049157044,571.2424336764361,852.3375303201146,347.0,171.78998199827538,31.24243367643612,312.33753032011464,175.21001800172462,"MATR_b4c28,MATR_b4c3,MATR_b1c42,MATR_b4c20,MATR_b1c44,MATR_b3c21,MATR_b4c39,MATR_b1c6,MATR_b1c29,MATR_b4c8,MATR_b3c6,MATR_b3c39",False,False,0.95
540,MATR_b4c37,863.0,625.7524098592992,49.65351135539578,528.4333158967729,723.0715038218254,323.0,85.75240985929918,-11.56668410322709,183.07150382182544,237.24759014070082,"MATR_b4c28,MATR_b4c3,MATR_b1c42,MATR_b4c20,MATR_b1c44,MATR_b3c21,MATR_b4c39,MATR_b1c6,MATR_b1c29,MATR_b4c8,MATR_b3c6,MATR_b3c39",False,False,0.95
540,MATR_b4c4,656.0,491.78719669035667,35.69681849911016,421.82271806943766,561.7516753112757,116.0,-48.212803309643334,-118.17728193056234,21.751675311275676,164.21280330964333,"MATR_b4c28,MATR_b4c3,MATR_b1c42,MATR_b4c20,MATR_b1c44,MATR_b3c21,MATR_b4c39,MATR_b1c6,MATR_b1c29,MATR_b4c8,MATR_b3c6,MATR_b3c39",False,False,0.95
560,MATR_b1c1,2154.0,1100.4494179431458,156.6837212161272,793.3549673958222,1407.5438684904693,1594.0,540.4494179431458,233.3549673958222,847.5438684904693,1053.5505820568542,"MATR_b4c28,MATR_b3c22,MATR_b2c47,MATR_b1c29,MATR_b1c38,MATR_b3c38,MATR_b3c34,MATR_b1c0,MATR_b3c29,MATR_b3c24,MATR_b1c3,MATR_b4c0",False,False,0.95
560,MATR_b1c28,858.0,567.2949979166641,47.346245708002854,474.4980615257944,660.0919343075338,298.0,7.2949979166641015,-85.50193847420559,100.09193430753385,290.7050020833359,"MATR_b4c28,MATR_b3c22,MATR_b2c47,MATR_b1c29,MATR_b1c38,MATR_b3c38,MATR_b3c34,MATR_b1c0,MATR_b3c29,MATR_b3c24,MATR_b1c3,MATR_b4c0",False,False,0.95
560,MATR_b1c39,622.0,469.4038350785642,36.717454650029254,397.43894636052414,541.3687237966043,62.0,-90.59616492143579,-162.56105363947586,-18.631276203395714,152.5961649214358,"MATR_b4c28,MATR_b3c22,MATR_b2c47,MATR_b1c29,MATR_b1c38,MATR_b3c38,MATR_b3c34,MATR_b1c0,MATR_b3c29,MATR_b3c24,MATR_b1c3,MATR_b4c0",False,False,0.95
560,MATR_b1c7,869.0,683.4958269410428,64.75128846907589,556.5856335890903,810.4060202929952,309.0,123.49582694104276,-3.414366410909679,250.4060202929952,185.50417305895724,"MATR_b4c28,MATR_b3c22,MATR_b2c47,MATR_b1c29,MATR_b1c38,MATR_b3c38,MATR_b3c34,MATR_b1c0,MATR_b3c29,MATR_b3c24,MATR_b1c3,MATR_b4c0",False,False,0.95
560,MATR_b1c9,1052.0,734.0607129970816,73.90975188359815,589.2002611989378,878.9211647952254,492.0,174.06071299708162,29.200261198937824,318.9211647952254,317.9392870029184,"MATR_b4c28,MATR_b3c22,MATR_b2c47,MATR_b1c29,MATR_b1c38,MATR_b3c38,MATR_b3c34,MATR_b1c0,MATR_b3c29,MATR_b3c24,MATR_b1c3,MATR_b4c0",False,False,0.95
560,MATR_b3c19,1152.0,807.8401002988218,86.0465508173072,639.1919597030042,976.4882408946394,592.0,247.84010029882177,79.19195970300416,416.4882408946394,344.15989970117823,"MATR_b4c28,MATR_b3c22,MATR_b2c47,MATR_b1c29,MATR_b1c38,MATR_b3c38,MATR_b3c34,MATR_b1c0,MATR_b3c29,MATR_b3c24,MATR_b1c3,MATR_b4c0",False,False,0.95
560,MATR_b3c20,811.0,662.2373296905733,58.12103957231689,548.322185384805,776.1524739963417,251.0,102.23732969057335,-11.677814615194961,216.15247399634166,148.76267030942665,"MATR_b4c28,MATR_b3c22,MATR_b2c47,MATR_b1c29,MATR_b1c38,MATR_b3c38,MATR_b3c34,MATR_b1c0,MATR_b3c29,MATR_b3c24,MATR_b1c3,MATR_b4c0",False,False,0.95
560,MATR_b3c3,1113.0,816.5182810435704,90.37082906835563,639.394710816568,993.6418512705727,553.0,256.51828104357037,79.39471081656802,433.6418512705727,296.48171895642963,"MATR_b4c28,MATR_b3c22,MATR_b2c47,MATR_b1c29,MATR_b1c38,MATR_b3c38,MATR_b3c34,MATR_b1c0,MATR_b3c29,MATR_b3c24,MATR_b1c3,MATR_b4c0",False,False,0.95
560,MATR_b3c30,933.0,676.5453716116335,63.350532632672675,552.3806092501657,800.7101339731014,373.0,116.54537161163353,-7.619390749834338,240.7101339731014,256.4546283883665,"MATR_b4c28,MATR_b3c22,MATR_b2c47,MATR_b1c29,MATR_b1c38,MATR_b3c38,MATR_b3c34,MATR_b1c0,MATR_b3c29,MATR_b3c24,MATR_b1c3,MATR_b4c0",False,False,0.95
560,MATR_b3c44,938.0,626.7502518222727,56.417607309370226,516.1737734019835,737.326730242562,378.0,66.75025182227273,-43.82622659801655,177.326730242562,311.24974817772727,"MATR_b4c28,MATR_b3c22,MATR_b2c47,MATR_b1c29,MATR_b1c38,MATR_b3c38,MATR_b3c34,MATR_b1c0,MATR_b3c29,MATR_b3c24,MATR_b1c3,MATR_b4c0",False,False,0.95
560,MATR_b3c45,1799.0,973.2536102350754,114.9003969683071,748.0529703678383,1198.4542501023125,1239.0,413.25361023507537,188.05297036783827,638.4542501023125,825.7463897649246,"MATR_b4c28,MATR_b3c22,MATR_b2c47,MATR_b1c29,MATR_b1c38,MATR_b3c38,MATR_b3c34,MATR_b1c0,MATR_b3c29,MATR_b3c24,MATR_b1c3,MATR_b4c0",False,False,0.95
560,MATR_b4c10,872.0,663.7657079427722,58.66317044327144,548.7880066550256,778.7434092305189,312.0,103.76570794277222,-11.211993344974417,218.74340923051886,208.23429205722778,"MATR_b4c28,MATR_b3c22,MATR_b2c47,MATR_b1c29,MATR_b1c38,MATR_b3c38,MATR_b3c34,MATR_b1c0,MATR_b3c29,MATR_b3c24,MATR_b1c3,MATR_b4c0",False,False,0.95
560,MATR_b4c13,771.0,565.2414360488604,45.94237323421744,475.19603914549725,655.2868329522234,211.0,5.241436048860351,-84.80396085450275,95.28683295222345,205.75856395113965,"MATR_b4c28,MATR_b3c22,MATR_b2c47,MATR_b1c29,MATR_b1c38,MATR_b3c38,MATR_b3c34,MATR_b1c0,MATR_b3c29,MATR_b3c24,MATR_b1c3,MATR_b4c0",False,False,0.95
560,MATR_b4c16,909.0,718.5250181144979,66.85502733539839,587.4915723516763,849.5584638773196,349.0,158.52501811449793,27.49157235167627,289.5584638773196,190.47498188550207,"MATR_b4c28,MATR_b3c22,MATR_b2c47,MATR_b1c29,MATR_b1c38,MATR_b3c38,MATR_b3c34,MATR_b1c0,MATR_b3c29,MATR_b3c24,MATR_b1c3,MATR_b4c0",False,False,0.95
560,MATR_b4c18,906.0,671.2569473413863,68.31950157124551,537.3531848200175,805.1607098627551,346.0,111.25694734138631,-22.646815179982468,245.16070986275508,234.7430526586137,"MATR_b4c28,MATR_b3c22,MATR_b2c47,MATR_b1c29,MATR_b1c38,MATR_b3c38,MATR_b3c34,MATR_b1c0,MATR_b3c29,MATR_b3c24,MATR_b1c3,MATR_b4c0",False,False,0.95
560,MATR_b4c29,887.0,682.3853198317047,66.32631699854525,552.3881272873692,812.3825123760402,327.0,122.38531983170469,-7.61187271263077,252.38251237604015,204.6146801682953,"MATR_b4c28,MATR_b3c22,MATR_b2c47,MATR_b1c29,MATR_b1c38,MATR_b3c38,MATR_b3c34,MATR_b1c0,MATR_b3c29,MATR_b3c24,MATR_b1c3,MATR_b4c0",False,False,0.95
560,MATR_b4c37,863.0,601.9710507646869,47.39656084003443,509.07549852715795,694.8666030022158,303.0,41.97105076468688,-50.92450147284205,134.8666030022158,261.0289492353131,"MATR_b4c28,MATR_b3c22,MATR_b2c47,MATR_b1c29,MATR_b1c38,MATR_b3c38,MATR_b3c34,MATR_b1c0,MATR_b3c29,MATR_b3c24,MATR_b1c3,MATR_b4c0",False,False,0.95
560,MATR_b4c4,656.0,478.0471252404862,34.95100113021102,409.5444218016539,546.5498286793185,96.0,-81.9528747595138,-150.45557819834607,-13.450171320681534,177.9528747595138,"MATR_b4c28,MATR_b3c22,MATR_b2c47,MATR_b1c29,MATR_b1c38,MATR_b3c38,MATR_b3c34,MATR_b1c0,MATR_b3c29,MATR_b3c24,MATR_b1c3,MATR_b4c0",False,False,0.95
580,MATR_b1c1,2154.0,1078.9982503423764,149.62767144953915,785.7334032106876,1372.2630974740653,1574.0,498.9982503423764,205.73340321068758,792.2630974740653,1075.0017496576236,"MATR_b4c3,MATR_b1c19,MATR_b4c1,MATR_b3c9,MATR_b2c47,MATR_b3c16,MATR_b3c40,MATR_b1c36,MATR_b4c17,MATR_b1c16,MATR_b3c29,MATR_b3c22",False,False,0.95
580,MATR_b1c28,858.0,553.0045507517948,46.1135292899014,462.6236941435552,643.3854073600344,278.0,-26.995449248205205,-117.37630585644479,63.38540736003438,304.9954492482052,"MATR_b4c3,MATR_b1c19,MATR_b4c1,MATR_b3c9,MATR_b2c47,MATR_b3c16,MATR_b3c40,MATR_b1c36,MATR_b4c17,MATR_b1c16,MATR_b3c29,MATR_b3c22",False,False,0.95
580,MATR_b1c39,622.0,458.23612043713604,36.112524830825265,387.45687237791014,529.0153684963619,42.0,-121.76387956286396,-192.54312762208986,-50.98463150363807,163.76387956286396,"MATR_b4c3,MATR_b1c19,MATR_b4c1,MATR_b3c9,MATR_b2c47,MATR_b3c16,MATR_b3c40,MATR_b1c36,MATR_b4c17,MATR_b1c16,MATR_b3c29,MATR_b3c22",False,False,0.95
580,MATR_b1c7,869.0,652.8696501209229,60.30012595319079,534.68357498944,771.0557252524058,289.0,72.86965012092287,-45.31642501056001,191.05572525240575,216.13034987907713,"MATR_b4c3,MATR_b1c19,MATR_b4c1,MATR_b3c9,MATR_b2c47,MATR_b3c16,MATR_b3c40,MATR_b1c36,MATR_b4c17,MATR_b1c16,MATR_b3c29,MATR_b3c22",False,False,0.95
580,MATR_b1c9,1052.0,701.786724236272,68.51431299099373,567.5011383484195,836.0723101241244,472.0,121.786724236272,-12.498861651580455,256.07231012412444,350.213275763728,"MATR_b4c3,MATR_b1c19,MATR_b4c1,MATR_b3c9,MATR_b2c47,MATR_b3c16,MATR_b3c40,MATR_b1c36,MATR_b4c17,MATR_b1c16,MATR_b3c29,MATR_b3c22",False,False,0.95
580,MATR_b3c19,1152.0,779.1141949181977,80.4035809864661,621.5260719566747,936.7023178797206,572.0,199.11419491819765,41.52607195667474,356.70231787972057,372.88580508180235,"MATR_b4c3,MATR_b1c19,MATR_b4c1,MATR_b3c9,MATR_b2c47,MATR_b3c16,MATR_b3c40,MATR_b1c36,MATR_b4c17,MATR_b1c16,MATR_b3c29,MATR_b3c22",False,False,0.95
580,MATR_b3c20,811.0,645.1761918929375,55.95664714386539,535.5031787953453,754.8492049905296,231.0,65.17619189293748,-44.49682120465468,174.84920499052964,165.82380810706252,"MATR_b4c3,MATR_b1c19,MATR_b4c1,MATR_b3c9,MATR_b2c47,MATR_b3c16,MATR_b3c40,MATR_b1c36,MATR_b4c17,MATR_b1c16,MATR_b3c29,MATR_b3c22",False,False,0.95
580,MATR_b3c3,1113.0,782.2129073187674,82.36451570060355,620.7814229415006,943.6443916960342,533.0,202.2129073187674,40.78142294150064,363.6443916960342,330.7870926812326,"MATR_b4c3,MATR_b1c19,MATR_b4c1,MATR_b3c9,MATR_b2c47,MATR_b3c16,MATR_b3c40,MATR_b1c36,MATR_b4c17,MATR_b1c16,MATR_b3c29,MATR_b3c22",False,False,0.95
580,MATR_b3c30,933.0,659.3043321802857,60.86219553338126,540.0166209148239,778.5920434457474,353.0,79.30433218028566,-39.983379085176125,198.59204344574744,273.69566781971434,"MATR_b4c3,MATR_b1c19,MATR_b4c1,MATR_b3c9,MATR_b2c47,MATR_b3c16,MATR_b3c40,MATR_b1c36,MATR_b4c17,MATR_b1c16,MATR_b3c29,MATR_b3c22",False,False,0.95
580,MATR_b3c44,938.0,609.5115520272976,54.39620465001156,502.89695001760475,716.1261540369904,358.0,29.511552027297626,-77.10304998239525,136.12615403699044,328.4884479727024,"MATR_b4c3,MATR_b1c19,MATR_b4c1,MATR_b3c9,MATR_b2c47,MATR_b3c16,MATR_b3c40,MATR_b1c36,MATR_b4c17,MATR_b1c16,MATR_b3c29,MATR_b3c22",False,False,0.95
580,MATR_b3c45,1799.0,950.8417758529604,108.74870730991609,737.6982261602373,1163.9853255456835,1219.0,370.8417758529604,157.69822616023725,583.9853255456835,848.1582241470396,"MATR_b4c3,MATR_b1c19,MATR_b4c1,MATR_b3c9,MATR_b2c47,MATR_b3c16,MATR_b3c40,MATR_b1c36,MATR_b4c17,MATR_b1c16,MATR_b3c29,MATR_b3c22",False,False,0.95
580,MATR_b4c10,872.0,641.5231302805403,55.77170795360895,532.2125913351807,750.8336692258998,292.0,61.52313028054027,-47.78740866481928,170.83366922589983,230.47686971945973,"MATR_b4c3,MATR_b1c19,MATR_b4c1,MATR_b3c9,MATR_b2c47,MATR_b3c16,MATR_b3c40,MATR_b1c36,MATR_b4c17,MATR_b1c16,MATR_b3c29,MATR_b3c22",False,False,0.95
580,MATR_b4c13,771.0,550.2438488986714,44.74862773341018,462.5381501835973,637.9495476137456,191.0,-29.756151101328555,-117.46184981640272,57.94954761374561,220.75615110132856,"MATR_b4c3,MATR_b1c19,MATR_b4c1,MATR_b3c9,MATR_b2c47,MATR_b3c16,MATR_b3c40,MATR_b1c36,MATR_b4c17,MATR_b1c16,MATR_b3c29,MATR_b3c22",False,False,0.95
580,MATR_b4c16,909.0,691.9938006475159,62.53140090186341,569.4345069770281,814.5530943180036,329.0,111.99380064751585,-10.56549302297185,234.55309431800356,217.00619935248415,"MATR_b4c3,MATR_b1c19,MATR_b4c1,MATR_b3c9,MATR_b2c47,MATR_b3c16,MATR_b3c40,MATR_b1c36,MATR_b4c17,MATR_b1c16,MATR_b3c29,MATR_b3c22",False,False,0.95
580,MATR_b4c18,906.0,646.2165271777812,63.170989282759365,522.4036633158072,770.0293910397553,326.0,66.21652717778124,-57.596336684192806,190.0293910397553,259.78347282221876,"MATR_b4c3,MATR_b1c19,MATR_b4c1,MATR_b3c9,MATR_b2c47,MATR_b3c16,MATR_b3c40,MATR_b1c36,MATR_b4c17,MATR_b1c16,MATR_b3c29,MATR_b3c22",False,False,0.95
580,MATR_b4c29,887.0,661.3974606661574,62.422029376444385,539.0525312464251,783.7423900858896,307.0,81.39746066615737,-40.94746875357487,203.7423900858896,225.60253933384263,"MATR_b4c3,MATR_b1c19,MATR_b4c1,MATR_b3c9,MATR_b2c47,MATR_b3c16,MATR_b3c40,MATR_b1c36,MATR_b4c17,MATR_b1c16,MATR_b3c29,MATR_b3c22",False,False,0.95
580,MATR_b4c37,863.0,582.1936642050106,45.229707908386466,493.5450656733067,670.8422627367145,283.0,2.1936642050105775,-86.45493432669332,90.84226273671447,280.8063357949894,"MATR_b4c3,MATR_b1c19,MATR_b4c1,MATR_b3c9,MATR_b2c47,MATR_b3c16,MATR_b3c40,MATR_b1c36,MATR_b4c17,MATR_b1c16,MATR_b3c29,MATR_b3c22",False,False,0.95
580,MATR_b4c4,656.0,466.2920669027003,34.20866299916512,399.2443194650687,533.3398143403318,76.0,-113.7079330972997,-180.7556805349313,-46.66018565966817,189.7079330972997,"MATR_b4c3,MATR_b1c19,MATR_b4c1,MATR_b3c9,MATR_b2c47,MATR_b3c16,MATR_b3c40,MATR_b1c36,MATR_b4c17,MATR_b1c16,MATR_b3c29,MATR_b3c22",False,False,0.95
600,MATR_b1c1,2154.0,1022.3835912603474,133.36268341952314,760.9975348764651,1283.7696476442297,1554.0,422.38359126034743,160.99753487646512,683.7696476442297,1131.6164087396526,"MATR_b1c0,MATR_b1c19,MATR_b4c17,MATR_b4c42,MATR_b3c34,MATR_b4c20,MATR_b4c2,MATR_b1c33,MATR_b3c27,MATR_b4c23,MATR_b1c40,MATR_b4c12",False,False,0.95
600,MATR_b1c28,858.0,543.6925735211744,45.57239557024226,454.37231951428686,633.0128275280618,258.0,-56.30742647882562,-145.62768048571314,33.01282752806185,314.3074264788256,"MATR_b1c0,MATR_b1c19,MATR_b4c17,MATR_b4c42,MATR_b3c34,MATR_b4c20,MATR_b4c2,MATR_b1c33,MATR_b3c27,MATR_b4c23,MATR_b1c40,MATR_b4c12",False,False,0.95
600,MATR_b1c39,622.0,453.34975102253577,36.10629155606089,382.5827199573538,524.1167820877178,22.0,-146.65024897746423,-217.4172800426462,-75.88321791228225,168.65024897746423,"MATR_b1c0,MATR_b1c19,MATR_b4c17,MATR_b4c42,MATR_b3c34,MATR_b4c20,MATR_b4c2,MATR_b1c33,MATR_b3c27,MATR_b4c23,MATR_b1c40,MATR_b4c12",False,False,0.95
600,MATR_b1c7,869.0,627.1813837823609,56.74630463638436,515.9606704393093,738.4020971254124,269.0,27.181383782360854,-84.0393295606907,138.4020971254124,241.81861621763915,"MATR_b1c0,MATR_b1c19,MATR_b4c17,MATR_b4c42,MATR_b3c34,MATR_b4c20,MATR_b4c2,MATR_b1c33,MATR_b3c27,MATR_b4c23,MATR_b1c40,MATR_b4c12",False,False,0.95
600,MATR_b1c9,1052.0,667.6373744724947,63.2138970051679,543.7404130199412,791.5343359250481,452.0,67.63737447249468,-56.25958698005877,191.53433592504814,384.3626255275053,"MATR_b1c0,MATR_b1c19,MATR_b4c17,MATR_b4c42,MATR_b3c34,MATR_b4c20,MATR_b4c2,MATR_b1c33,MATR_b3c27,MATR_b4c23,MATR_b1c40,MATR_b4c12",False,False,0.95
600,MATR_b3c19,1152.0,752.6399899002811,75.22145908765069,605.2086392239326,900.0713405766296,552.0,152.63998990028108,5.2086392239325505,300.0713405766296,399.3600100997189,"MATR_b1c0,MATR_b1c19,MATR_b4c17,MATR_b4c42,MATR_b3c34,MATR_b4c20,MATR_b4c2,MATR_b1c33,MATR_b3c27,MATR_b4c23,MATR_b1c40,MATR_b4c12",False,False,0.95
600,MATR_b3c20,811.0,630.5523422282748,54.10501057171829,524.5084701245481,736.5962143320015,211.0,30.552342228274824,-75.49152987545187,136.59621433200152,180.44765777172518,"MATR_b1c0,MATR_b1c19,MATR_b4c17,MATR_b4c42,MATR_b3c34,MATR_b4c20,MATR_b4c2,MATR_b1c33,MATR_b3c27,MATR_b4c23,MATR_b1c40,MATR_b4c12",False,False,0.95
600,MATR_b3c3,1113.0,745.3624214625826,74.67207620727497,599.0078414454933,891.7170014796718,513.0,145.36242146258257,-0.9921585545066591,291.7170014796718,367.6375785374174,"MATR_b1c0,MATR_b1c19,MATR_b4c17,MATR_b4c42,MATR_b3c34,MATR_b4c20,MATR_b4c2,MATR_b1c33,MATR_b3c27,MATR_b4c23,MATR_b1c40,MATR_b4c12",False,False,0.95
600,MATR_b3c30,933.0,645.7584764493895,58.74525628324334,530.6198898716573,760.8970630271217,333.0,45.75847644938949,-69.38011012834272,160.8970630271217,287.2415235506105,"MATR_b1c0,MATR_b1c19,MATR_b4c17,MATR_b4c42,MATR_b3c34,MATR_b4c20,MATR_b4c2,MATR_b1c33,MATR_b3c27,MATR_b4c23,MATR_b1c40,MATR_b4c12",False,False,0.95
600,MATR_b3c44,938.0,600.3704459519911,53.279317499051785,495.94490253297494,704.7959893710072,338.0,0.370445951991087,-104.05509746702506,104.79598937100718,337.6295540480089,"MATR_b1c0,MATR_b1c19,MATR_b4c17,MATR_b4c42,MATR_b3c34,MATR_b4c20,MATR_b4c2,MATR_b1c33,MATR_b3c27,MATR_b4c23,MATR_b1c40,MATR_b4c12",False,False,0.95
600,MATR_b3c45,1799.0,929.8502993160471,102.43654104304821,729.0783681708135,1130.6222304612807,1199.0,329.8502993160471,129.07836817081352,530.6222304612807,869.1497006839529,"MATR_b1c0,MATR_b1c19,MATR_b4c17,MATR_b4c42,MATR_b3c34,MATR_b4c20,MATR_b4c2,MATR_b1c33,MATR_b3c27,MATR_b4c23,MATR_b1c40,MATR_b4c12",False,False,0.95
600,MATR_b4c10,872.0,621.0207327123279,53.27288565736278,516.6077954713764,725.4336699532794,272.0,21.020732712327913,-83.39220452862355,125.43366995327938,250.9792672876721,"MATR_b1c0,MATR_b1c19,MATR_b4c17,MATR_b4c42,MATR_b3c34,MATR_b4c20,MATR_b4c2,MATR_b1c33,MATR_b3c27,MATR_b4c23,MATR_b1c40,MATR_b4c12",False,False,0.95
600,MATR_b4c13,771.0,542.588006152886,44.33999858588912,455.6832058499864,629.4928064557856,171.0,-57.41199384711399,-144.3167941500136,29.492806455785626,228.411993847114,"MATR_b1c0,MATR_b1c19,MATR_b4c17,MATR_b4c42,MATR_b3c34,MATR_b4c20,MATR_b4c2,MATR_b1c33,MATR_b3c27,MATR_b4c23,MATR_b1c40,MATR_b4c12",False,False,0.95
600,MATR_b4c16,909.0,664.7966674154358,58.49034815208953,550.1576915941314,779.4356432367401,309.0,64.79666741543576,-49.84230840586861,179.43564323674013,244.20333258456424,"MATR_b1c0,MATR_b1c19,MATR_b4c17,MATR_b4c42,MATR_b3c34,MATR_b4c20,MATR_b4c2,MATR_b1c33,MATR_b3c27,MATR_b4c23,MATR_b1c40,MATR_b4c12",False,False,0.95
600,MATR_b4c18,906.0,620.2609465919485,58.45397155483231,505.6932675911484,734.8286255927486,306.0,20.260946591948482,-94.30673240885159,134.8286255927486,285.7390534080515,"MATR_b1c0,MATR_b1c19,MATR_b4c17,MATR_b4c42,MATR_b3c34,MATR_b4c20,MATR_b4c2,MATR_b1c33,MATR_b3c27,MATR_b4c23,MATR_b1c40,MATR_b4c12",False,False,0.95
600,MATR_b4c29,887.0,642.0788414024704,59.15230984538422,526.1424445031633,758.0152383017775,287.0,42.0788414024704,-73.85755549683665,158.01523830177746,244.9211585975296,"MATR_b1c0,MATR_b1c19,MATR_b4c17,MATR_b4c42,MATR_b3c34,MATR_b4c20,MATR_b4c2,MATR_b1c33,MATR_b3c27,MATR_b4c23,MATR_b1c40,MATR_b4c12",False,False,0.95
600,MATR_b4c37,863.0,567.6816336189465,44.03850924422116,481.3677415674388,653.9955256704542,263.0,-32.318366381053465,-118.63225843256117,53.995525670454185,295.31836638105347,"MATR_b1c0,MATR_b1c19,MATR_b4c17,MATR_b4c42,MATR_b3c34,MATR_b4c20,MATR_b4c2,MATR_b1c33,MATR_b3c27,MATR_b4c23,MATR_b1c40,MATR_b4c12",False,False,0.95
600,MATR_b4c4,656.0,460.5899154949758,34.2186042954133,393.5226834747382,527.6571475152134,56.0,-139.4100845050242,-206.4773165252618,-72.34285248478659,195.4100845050242,"MATR_b1c0,MATR_b1c19,MATR_b4c17,MATR_b4c42,MATR_b3c34,MATR_b4c20,MATR_b4c2,MATR_b1c33,MATR_b3c27,MATR_b4c23,MATR_b1c40,MATR_b4c12",False,False,0.95
