horizon,cell_id,true_lifetime_cycles,predicted_lifetime_mean_cycles,predicted_lifetime_std_cycles,lifetime_lower_cycles,lifetime_upper_cycles,true_rul_cycles,predicted_rul_mean_cycles,rul_lower_cycles,rul_upper_cycles,absolute_error_cycles,context_cell_ids,query_label_used_as_input,model_parameter_update,interval_level
60,MATR_b1c14,877.0,1207.598765339757,164.03928211136295,886.0876803516801,1529.1098503278338,817.0,1147.598765339757,826.0876803516801,1469.1098503278338,330.59876533975694,"MATR_b2c35,MATR_b4c31,MATR_b4c23,MATR_b1c28,MATR_b4c5,MATR_b2c34,MATR_b1c41,MATR_b4c40,MATR_b1c31,MATR_b3c27,MATR_b2c27,MATR_b3c8,MATR_b1c7,MATR_b3c26,MATR_b4c27,MATR_b4c33",False,False,0.95
60,MATR_b1c18,687.0,1156.5488166314562,202.58075639717939,759.4978301321025,1553.59980313081,627.0,1096.5488166314562,699.4978301321025,1493.59980313081,469.54881663145625,"MATR_b2c35,MATR_b4c31,MATR_b4c23,MATR_b1c28,MATR_b4c5,MATR_b2c34,MATR_b1c41,MATR_b4c40,MATR_b1c31,MATR_b3c27,MATR_b2c27,MATR_b3c8,MATR_b1c7,MATR_b3c26,MATR_b4c27,MATR_b4c33",False,False,0.95
60,MATR_b1c19,786.0,1438.0625098065705,182.2766733500787,1080.8067948186444,1795.3182247944965,726.0,1378.0625098065705,1020.8067948186444,1735.3182247944965,652.0625098065705,"MATR_b2c35,MATR_b4c31,MATR_b4c23,MATR_b1c28,MATR_b4c5,MATR_b2c34,MATR_b1c41,MATR_b4c40,MATR_b1c31,MATR_b3c27,MATR_b2c27,MATR_b3c8,MATR_b1c7,MATR_b3c26,MATR_b4c27,MATR_b4c33",False,False,0.95
60,MATR_b1c2,2237.0,1584.501149821769,214.4883699766495,1164.1116695648338,2004.8906300787044,2177.0,1524.501149821769,1104.1116695648338,1944.8906300787044,652.4988501782309,"MATR_b2c35,MATR_b4c31,MATR_b4c23,MATR_b1c28,MATR_b4c5,MATR_b2c34,MATR_b1c41,MATR_b4c40,MATR_b1c31,MATR_b3c27,MATR_b2c27,MATR_b3c8,MATR_b1c7,MATR_b3c26,MATR_b4c27,MATR_b4c33",False,False,0.95
60,MATR_b1c30,707.0,1437.914364712728,188.86865954495812,1067.738594196253,1808.090135229203,647.0,1377.914364712728,1007.738594196253,1748.090135229203,730.914364712728,"MATR_b2c35,MATR_b4c31,MATR_b4c23,MATR_b1c28,MATR_b4c5,MATR_b2c34,MATR_b1c41,MATR_b4c40,MATR_b1c31,MATR_b3c27,MATR_b2c27,MATR_b3c8,MATR_b1c7,MATR_b3c26,MATR_b4c27,MATR_b4c33",False,False,0.95
60,MATR_b1c34,742.0,1468.1457498638326,191.30484840269588,1093.195136926654,1843.0963628010113,682.0,1408.1457498638326,1033.195136926654,1783.0963628010113,726.1457498638326,"MATR_b2c35,MATR_b4c31,MATR_b4c23,MATR_b1c28,MATR_b4c5,MATR_b2c34,MATR_b1c41,MATR_b4c40,MATR_b1c31,MATR_b3c27,MATR_b2c27,MATR_b3c8,MATR_b1c7,MATR_b3c26,MATR_b4c27,MATR_b4c33",False,False,0.95
60,MATR_b1c35,701.0,1127.6869831901204,154.014477500855,825.8241541906901,1429.5498121895507,641.0,1067.6869831901204,765.8241541906901,1369.5498121895507,426.6869831901204,"MATR_b2c35,MATR_b4c31,MATR_b4c23,MATR_b1c28,MATR_b4c5,MATR_b2c34,MATR_b1c41,MATR_b4c40,MATR_b1c31,MATR_b3c27,MATR_b2c27,MATR_b3c8,MATR_b1c7,MATR_b3c26,MATR_b4c27,MATR_b4c33",False,False,0.95
60,MATR_b1c42,700.0,1395.8775921190627,193.85587229125522,1015.9270642366064,1775.828120001519,640.0,1335.8775921190627,955.9270642366064,1715.828120001519,695.8775921190627,"MATR_b2c35,MATR_b4c31,MATR_b4c23,MATR_b1c28,MATR_b4c5,MATR_b2c34,MATR_b1c41,MATR_b4c40,MATR_b1c31,MATR_b3c27,MATR_b2c27,MATR_b3c8,MATR_b1c7,MATR_b3c26,MATR_b4c27,MATR_b4c33",False,False,0.95
60,MATR_b1c5,1071.0,1589.3413842673915,204.4211279694679,1188.683335768181,1989.999432766602,1011.0,1529.3413842673915,1128.683335768181,1929.999432766602,518.3413842673915,"MATR_b2c35,MATR_b4c31,MATR_b4c23,MATR_b1c28,MATR_b4c5,MATR_b2c34,MATR_b1c41,MATR_b4c40,MATR_b1c31,MATR_b3c27,MATR_b2c27,MATR_b3c8,MATR_b1c7,MATR_b3c26,MATR_b4c27,MATR_b4c33",False,False,0.95
60,MATR_b1c6,633.0,1577.7086069367117,206.8263779890099,1172.3363550253846,1983.0808588480388,573.0,1517.7086069367117,1112.3363550253846,1923.0808588480388,944.7086069367117,"MATR_b2c35,MATR_b4c31,MATR_b4c23,MATR_b1c28,MATR_b4c5,MATR_b2c34,MATR_b1c41,MATR_b4c40,MATR_b1c31,MATR_b3c27,MATR_b2c27,MATR_b3c8,MATR_b1c7,MATR_b3c26,MATR_b4c27,MATR_b4c33",False,False,0.95
60,MATR_b2c19,460.0,836.3113518524641,85.44020814304636,668.8516210604874,1003.7710826444408,400.0,776.3113518524641,608.8516210604874,943.7710826444408,376.3113518524641,"MATR_b2c35,MATR_b4c31,MATR_b4c23,MATR_b1c28,MATR_b4c5,MATR_b2c34,MATR_b1c41,MATR_b4c40,MATR_b1c31,MATR_b3c27,MATR_b2c27,MATR_b3c8,MATR_b1c7,MATR_b3c26,MATR_b4c27,MATR_b4c33",False,False,0.95
60,MATR_b2c22,512.0,1315.7882315769593,188.8297789855223,945.6886655566774,1685.8877975972414,452.0,1255.7882315769593,885.6886655566774,1625.8877975972414,803.7882315769593,"MATR_b2c35,MATR_b4c31,MATR_b4c23,MATR_b1c28,MATR_b4c5,MATR_b2c34,MATR_b1c41,MATR_b4c40,MATR_b1c31,MATR_b3c27,MATR_b2c27,MATR_b3c8,MATR_b1c7,MATR_b3c26,MATR_b4c27,MATR_b4c33",False,False,0.95
60,MATR_b2c24,494.0,988.614590732971,137.74190008964044,718.6454273951614,1258.5837540707807,434.0,928.614590732971,658.6454273951614,1198.5837540707807,494.614590732971,"MATR_b2c35,MATR_b4c31,MATR_b4c23,MATR_b1c28,MATR_b4c5,MATR_b2c34,MATR_b1c41,MATR_b4c40,MATR_b1c31,MATR_b3c27,MATR_b2c27,MATR_b3c8,MATR_b1c7,MATR_b3c26,MATR_b4c27,MATR_b4c33",False,False,0.95
60,MATR_b2c3,334.0,579.4015203975572,64.13390151758428,453.7013832350533,705.1016575600611,274.0,519.4015203975572,393.7013832350533,645.1016575600611,245.4015203975572,"MATR_b2c35,MATR_b4c31,MATR_b4c23,MATR_b1c28,MATR_b4c5,MATR_b2c34,MATR_b1c41,MATR_b4c40,MATR_b1c31,MATR_b3c27,MATR_b2c27,MATR_b3c8,MATR_b1c7,MATR_b3c26,MATR_b4c27,MATR_b4c33",False,False,0.95
60,MATR_b2c33,519.0,1360.7327280221784,190.6581438797275,987.049632658657,1734.4158233857,459.0,1300.7327280221784,927.049632658657,1674.4158233857,841.7327280221784,"MATR_b2c35,MATR_b4c31,MATR_b4c23,MATR_b1c28,MATR_b4c5,MATR_b2c34,MATR_b1c41,MATR_b4c40,MATR_b1c31,MATR_b3c27,MATR_b2c27,MATR_b3c8,MATR_b1c7,MATR_b3c26,MATR_b4c27,MATR_b4c33",False,False,0.95
60,MATR_b2c41,428.0,1090.9632597445298,156.98189599642163,783.2843973667309,1398.6421221223286,368.0,1030.9632597445298,723.2843973667309,1338.6421221223286,662.9632597445298,"MATR_b2c35,MATR_b4c31,MATR_b4c23,MATR_b1c28,MATR_b4c5,MATR_b2c34,MATR_b1c41,MATR_b4c40,MATR_b1c31,MATR_b3c27,MATR_b2c27,MATR_b3c8,MATR_b1c7,MATR_b3c26,MATR_b4c27,MATR_b4c33",False,False,0.95
60,MATR_b3c1,1061.0,1134.4511090157644,168.8312640137166,803.5479120845066,1465.354305947022,1001.0,1074.4511090157644,743.5479120845066,1405.354305947022,73.45110901576436,"MATR_b2c35,MATR_b4c31,MATR_b4c23,MATR_b1c28,MATR_b4c5,MATR_b2c34,MATR_b1c41,MATR_b4c40,MATR_b1c31,MATR_b3c27,MATR_b2c27,MATR_b3c8,MATR_b1c7,MATR_b3c26,MATR_b4c27,MATR_b4c33",False,False,0.95
60,MATR_b3c14,856.0,1424.647474731065,191.85480318894616,1048.6189702197103,1800.6759792424195,796.0,1364.647474731065,988.6189702197103,1740.6759792424195,568.6474747310649,"MATR_b2c35,MATR_b4c31,MATR_b4c23,MATR_b1c28,MATR_b4c5,MATR_b2c34,MATR_b1c41,MATR_b4c40,MATR_b1c31,MATR_b3c27,MATR_b2c27,MATR_b3c8,MATR_b1c7,MATR_b3c26,MATR_b4c27,MATR_b4c33",False,False,0.95
60,MATR_b3c17,1313.0,1067.580611742991,146.31729352572992,780.8039861171849,1354.3572373687973,1253.0,1007.5806117429911,720.8039861171849,1294.3572373687973,245.4193882570089,"MATR_b2c35,MATR_b4c31,MATR_b4c23,MATR_b1c28,MATR_b4c5,MATR_b2c34,MATR_b1c41,MATR_b4c40,MATR_b1c31,MATR_b3c27,MATR_b2c27,MATR_b3c8,MATR_b1c7,MATR_b3c26,MATR_b4c27,MATR_b4c33",False,False,0.95
60,MATR_b3c24,823.0,811.5803190865707,68.71344708157808,676.9044375530789,946.2562006200626,763.0,751.5803190865707,616.9044375530789,886.2562006200626,11.41968091342926,"MATR_b2c35,MATR_b4c31,MATR_b4c23,MATR_b1c28,MATR_b4c5,MATR_b2c34,MATR_b1c41,MATR_b4c40,MATR_b1c31,MATR_b3c27,MATR_b2c27,MATR_b3c8,MATR_b1c7,MATR_b3c26,MATR_b4c27,MATR_b4c33",False,False,0.95
60,MATR_b3c31,729.0,1126.3065539569468,176.48888993659867,780.3946860097599,1472.2184219041337,669.0,1066.3065539569468,720.3946860097599,1412.2184219041337,397.3065539569468,"MATR_b2c35,MATR_b4c31,MATR_b4c23,MATR_b1c28,MATR_b4c5,MATR_b2c34,MATR_b1c41,MATR_b4c40,MATR_b1c31,MATR_b3c27,MATR_b2c27,MATR_b3c8,MATR_b1c7,MATR_b3c26,MATR_b4c27,MATR_b4c33",False,False,0.95
60,MATR_b3c33,1282.0,1217.1867941013074,154.65173476301177,914.0749638191634,1520.2986243834516,1222.0,1157.1867941013074,854.0749638191634,1460.2986243834516,64.81320589869256,"MATR_b2c35,MATR_b4c31,MATR_b4c23,MATR_b1c28,MATR_b4c5,MATR_b2c34,MATR_b1c41,MATR_b4c40,MATR_b1c31,MATR_b3c27,MATR_b2c27,MATR_b3c8,MATR_b1c7,MATR_b3c26,MATR_b4c27,MATR_b4c33",False,False,0.95
60,MATR_b3c36,921.0,959.0116366182847,117.07404104355888,729.5507326483453,1188.472540588224,861.0,899.0116366182847,669.5507326483453,1128.472540588224,38.01163661828468,"MATR_b2c35,MATR_b4c31,MATR_b4c23,MATR_b1c28,MATR_b4c5,MATR_b2c34,MATR_b1c41,MATR_b4c40,MATR_b1c31,MATR_b3c27,MATR_b2c27,MATR_b3c8,MATR_b1c7,MATR_b3c26,MATR_b4c27,MATR_b4c33",False,False,0.95
60,MATR_b3c6,665.0,858.192849871245,81.78306433125373,697.9009892366654,1018.4847105058246,605.0,798.192849871245,637.9009892366654,958.4847105058246,193.19284987124502,"MATR_b2c35,MATR_b4c31,MATR_b4c23,MATR_b1c28,MATR_b4c5,MATR_b2c34,MATR_b1c41,MATR_b4c40,MATR_b1c31,MATR_b3c27,MATR_b2c27,MATR_b3c8,MATR_b1c7,MATR_b3c26,MATR_b4c27,MATR_b4c33",False,False,0.95
60,MATR_b4c1,760.0,1024.2523873048322,82.99819472909108,861.5789148539716,1186.9258597556927,700.0,964.2523873048322,801.5789148539716,1126.9258597556927,264.25238730483215,"MATR_b2c35,MATR_b4c31,MATR_b4c23,MATR_b1c28,MATR_b4c5,MATR_b2c34,MATR_b1c41,MATR_b4c40,MATR_b1c31,MATR_b3c27,MATR_b2c27,MATR_b3c8,MATR_b1c7,MATR_b3c26,MATR_b4c27,MATR_b4c33",False,False,0.95
60,MATR_b4c11,863.0,1287.0227150297148,172.6403355875254,948.6538749992565,1625.3915550601732,803.0,1227.0227150297148,888.6538749992565,1565.3915550601732,424.02271502971485,"MATR_b2c35,MATR_b4c31,MATR_b4c23,MATR_b1c28,MATR_b4c5,MATR_b2c34,MATR_b1c41,MATR_b4c40,MATR_b1c31,MATR_b3c27,MATR_b2c27,MATR_b3c8,MATR_b1c7,MATR_b3c26,MATR_b4c27,MATR_b4c33",False,False,0.95
60,MATR_b4c15,675.0,1387.9641373844813,191.9183557781111,1011.811072087239,1764.1172026817235,615.0,1327.9641373844813,951.811072087239,1704.1172026817235,712.9641373844813,"MATR_b2c35,MATR_b4c31,MATR_b4c23,MATR_b1c28,MATR_b4c5,MATR_b2c34,MATR_b1c41,MATR_b4c40,MATR_b1c31,MATR_b3c27,MATR_b2c27,MATR_b3c8,MATR_b1c7,MATR_b3c26,MATR_b4c27,MATR_b4c33",False,False,0.95
60,MATR_b4c21,773.0,1014.8893614322529,89.84932192272716,838.7879264283627,1190.9907964361432,713.0,954.8893614322529,778.7879264283627,1130.9907964361432,241.88936143225294,"MATR_b2c35,MATR_b4c31,MATR_b4c23,MATR_b1c28,MATR_b4c5,MATR_b2c34,MATR_b1c41,MATR_b4c40,MATR_b1c31,MATR_b3c27,MATR_b2c27,MATR_b3c8,MATR_b1c7,MATR_b3c26,MATR_b4c27,MATR_b4c33",False,False,0.95
60,MATR_b4c3,777.0,834.2655964537464,75.28915933465102,686.7015557315328,981.82963717596,717.0,774.2655964537464,626.7015557315328,921.82963717596,57.26559645374641,"MATR_b2c35,MATR_b4c31,MATR_b4c23,MATR_b1c28,MATR_b4c5,MATR_b2c34,MATR_b1c41,MATR_b4c40,MATR_b1c31,MATR_b3c27,MATR_b2c27,MATR_b3c8,MATR_b1c7,MATR_b3c26,MATR_b4c27,MATR_b4c33",False,False,0.95
60,MATR_b4c32,754.0,1013.3943418184382,84.58037567447747,847.6198516975948,1179.1688319392817,694.0,953.3943418184382,787.6198516975948,1119.1688319392817,259.3943418184382,"MATR_b2c35,MATR_b4c31,MATR_b4c23,MATR_b1c28,MATR_b4c5,MATR_b2c34,MATR_b1c41,MATR_b4c40,MATR_b1c31,MATR_b3c27,MATR_b2c27,MATR_b3c8,MATR_b1c7,MATR_b3c26,MATR_b4c27,MATR_b4c33",False,False,0.95
60,MATR_b4c34,891.0,796.9296665130264,85.49314667823172,629.3661780986921,964.4931549273607,831.0,736.9296665130264,569.3661780986921,904.4931549273607,94.0703334869736,"MATR_b2c35,MATR_b4c31,MATR_b4c23,MATR_b1c28,MATR_b4c5,MATR_b2c34,MATR_b1c41,MATR_b4c40,MATR_b1c31,MATR_b3c27,MATR_b2c27,MATR_b3c8,MATR_b1c7,MATR_b3c26,MATR_b4c27,MATR_b4c33",False,False,0.95
60,MATR_b4c42,774.0,800.2141045942543,81.33821502634376,640.7941325758459,959.6340766126627,714.0,740.2141045942543,580.7941325758459,899.6340766126627,26.21410459425431,"MATR_b2c35,MATR_b4c31,MATR_b4c23,MATR_b1c28,MATR_b4c5,MATR_b2c34,MATR_b1c41,MATR_b4c40,MATR_b1c31,MATR_b3c27,MATR_b2c27,MATR_b3c8,MATR_b1c7,MATR_b3c26,MATR_b4c27,MATR_b4c33",False,False,0.95
60,MATR_b4c6,706.0,842.3098308241744,54.0732697700841,736.3281695484911,948.2914920998576,646.0,782.3098308241744,676.3281695484911,888.2914920998576,136.30983082417436,"MATR_b2c35,MATR_b4c31,MATR_b4c23,MATR_b1c28,MATR_b4c5,MATR_b2c34,MATR_b1c41,MATR_b4c40,MATR_b1c31,MATR_b3c27,MATR_b2c27,MATR_b3c8,MATR_b1c7,MATR_b3c26,MATR_b4c27,MATR_b4c33",False,False,0.95
60,MATR_b4c7,529.0,828.8289283924125,82.62052071794015,666.8956834013045,990.7621733835206,469.0,768.8289283924125,606.8956834013045,930.7621733835206,299.82892839241254,"MATR_b2c35,MATR_b4c31,MATR_b4c23,MATR_b1c28,MATR_b4c5,MATR_b2c34,MATR_b1c41,MATR_b4c40,MATR_b1c31,MATR_b3c27,MATR_b2c27,MATR_b3c8,MATR_b1c7,MATR_b3c26,MATR_b4c27,MATR_b4c33",False,False,0.95
80,MATR_b1c14,877.0,1039.6732151130527,155.7602823688042,734.3886714484074,1344.957758777698,797.0,959.6732151130527,654.3886714484074,1264.957758777698,162.67321511305272,"MATR_b4c14,MATR_b4c37,MATR_b4c4,MATR_b1c17,MATR_b2c39,MATR_b3c5,MATR_b3c41,MATR_b2c45,MATR_b2c0,MATR_b2c38,MATR_b1c15,MATR_b1c28,MATR_b1c32,MATR_b4c13,MATR_b2c47,MATR_b4c24",False,False,0.95
80,MATR_b1c18,687.0,583.2590327070814,105.8402222897231,375.8160089035107,790.702056510652,607.0,503.25903270708136,295.8160089035107,710.702056510652,103.74096729291864,"MATR_b4c14,MATR_b4c37,MATR_b4c4,MATR_b1c17,MATR_b2c39,MATR_b3c5,MATR_b3c41,MATR_b2c45,MATR_b2c0,MATR_b2c38,MATR_b1c15,MATR_b1c28,MATR_b1c32,MATR_b4c13,MATR_b2c47,MATR_b4c24",False,False,0.95
80,MATR_b1c19,786.0,794.8218875887711,99.1817100650249,600.4293079362286,989.2144672413136,706.0,714.8218875887711,520.4293079362286,909.2144672413136,8.82188758877112,"MATR_b4c14,MATR_b4c37,MATR_b4c4,MATR_b1c17,MATR_b2c39,MATR_b3c5,MATR_b3c41,MATR_b2c45,MATR_b2c0,MATR_b2c38,MATR_b1c15,MATR_b1c28,MATR_b1c32,MATR_b4c13,MATR_b2c47,MATR_b4c24",False,False,0.95
80,MATR_b1c2,2237.0,1743.6545231807568,258.9231471806685,1236.174479942883,2251.1345664186306,2157.0,1663.6545231807568,1156.174479942883,2171.1345664186306,493.34547681924323,"MATR_b4c14,MATR_b4c37,MATR_b4c4,MATR_b1c17,MATR_b2c39,MATR_b3c5,MATR_b3c41,MATR_b2c45,MATR_b2c0,MATR_b2c38,MATR_b1c15,MATR_b1c28,MATR_b1c32,MATR_b4c13,MATR_b2c47,MATR_b4c24",False,False,0.95
80,MATR_b1c30,707.0,1044.9955045102477,144.54838803497944,761.6858699383675,1328.3051390821279,627.0,964.9955045102477,681.6858699383675,1248.3051390821279,337.99550451024766,"MATR_b4c14,MATR_b4c37,MATR_b4c4,MATR_b1c17,MATR_b2c39,MATR_b3c5,MATR_b3c41,MATR_b2c45,MATR_b2c0,MATR_b2c38,MATR_b1c15,MATR_b1c28,MATR_b1c32,MATR_b4c13,MATR_b2c47,MATR_b4c24",False,False,0.95
80,MATR_b1c34,742.0,872.3750138162001,146.46446001885099,585.3099471641456,1159.4400804682546,662.0,792.3750138162001,505.30994716414557,1079.4400804682546,130.37501381620007,"MATR_b4c14,MATR_b4c37,MATR_b4c4,MATR_b1c17,MATR_b2c39,MATR_b3c5,MATR_b3c41,MATR_b2c45,MATR_b2c0,MATR_b2c38,MATR_b1c15,MATR_b1c28,MATR_b1c32,MATR_b4c13,MATR_b2c47,MATR_b4c24",False,False,0.95
80,MATR_b1c35,701.0,834.605570813063,128.95574993277566,581.8569453454693,1087.3541962806567,621.0,754.605570813063,501.8569453454693,1007.3541962806567,133.60557081306297,"MATR_b4c14,MATR_b4c37,MATR_b4c4,MATR_b1c17,MATR_b2c39,MATR_b3c5,MATR_b3c41,MATR_b2c45,MATR_b2c0,MATR_b2c38,MATR_b1c15,MATR_b1c28,MATR_b1c32,MATR_b4c13,MATR_b2c47,MATR_b4c24",False,False,0.95
80,MATR_b1c42,700.0,834.8923384629579,131.57290464701626,577.0141840134834,1092.7704929124325,620.0,754.8923384629579,497.0141840134834,1012.7704929124325,134.89233846295792,"MATR_b4c14,MATR_b4c37,MATR_b4c4,MATR_b1c17,MATR_b2c39,MATR_b3c5,MATR_b3c41,MATR_b2c45,MATR_b2c0,MATR_b2c38,MATR_b1c15,MATR_b1c28,MATR_b1c32,MATR_b4c13,MATR_b2c47,MATR_b4c24",False,False,0.95
80,MATR_b1c5,1071.0,1505.8726896029398,217.76406651873995,1079.062962099225,1932.6824171066546,991.0,1425.8726896029398,999.0629620992249,1852.6824171066546,434.8726896029398,"MATR_b4c14,MATR_b4c37,MATR_b4c4,MATR_b1c17,MATR_b2c39,MATR_b3c5,MATR_b3c41,MATR_b2c45,MATR_b2c0,MATR_b2c38,MATR_b1c15,MATR_b1c28,MATR_b1c32,MATR_b4c13,MATR_b2c47,MATR_b4c24",False,False,0.95
80,MATR_b1c6,633.0,1542.8352669015603,224.10276449994717,1103.6019196458026,1982.068614157318,553.0,1462.8352669015603,1023.6019196458026,1902.068614157318,909.8352669015603,"MATR_b4c14,MATR_b4c37,MATR_b4c4,MATR_b1c17,MATR_b2c39,MATR_b3c5,MATR_b3c41,MATR_b2c45,MATR_b2c0,MATR_b2c38,MATR_b1c15,MATR_b1c28,MATR_b1c32,MATR_b4c13,MATR_b2c47,MATR_b4c24",False,False,0.95
80,MATR_b2c19,460.0,558.5709689815228,86.7939046392022,388.45804181108264,728.6838961519629,380.0,478.5709689815228,308.45804181108264,648.6838961519629,98.57096898152281,"MATR_b4c14,MATR_b4c37,MATR_b4c4,MATR_b1c17,MATR_b2c39,MATR_b3c5,MATR_b3c41,MATR_b2c45,MATR_b2c0,MATR_b2c38,MATR_b1c15,MATR_b1c28,MATR_b1c32,MATR_b4c13,MATR_b2c47,MATR_b4c24",False,False,0.95
80,MATR_b2c22,512.0,716.9238610647399,129.8191016000931,462.48309742321135,971.3646247062684,432.0,636.9238610647399,382.48309742321135,891.3646247062684,204.92386106473987,"MATR_b4c14,MATR_b4c37,MATR_b4c4,MATR_b1c17,MATR_b2c39,MATR_b3c5,MATR_b3c41,MATR_b2c45,MATR_b2c0,MATR_b2c38,MATR_b1c15,MATR_b1c28,MATR_b1c32,MATR_b4c13,MATR_b2c47,MATR_b4c24",False,False,0.95
80,MATR_b2c24,494.0,678.3771973722127,128.9153356049013,425.7077825317121,931.0466122127132,414.0,598.3771973722127,345.7077825317121,851.0466122127132,184.37719737221266,"MATR_b4c14,MATR_b4c37,MATR_b4c4,MATR_b1c17,MATR_b2c39,MATR_b3c5,MATR_b3c41,MATR_b2c45,MATR_b2c0,MATR_b2c38,MATR_b1c15,MATR_b1c28,MATR_b1c32,MATR_b4c13,MATR_b2c47,MATR_b4c24",False,False,0.95
80,MATR_b2c3,334.0,349.2180509412362,22.436235245576416,305.24383791123824,393.1922639712341,254.0,269.2180509412362,225.24383791123824,313.1922639712341,15.218050941236186,"MATR_b4c14,MATR_b4c37,MATR_b4c4,MATR_b1c17,MATR_b2c39,MATR_b3c5,MATR_b3c41,MATR_b2c45,MATR_b2c0,MATR_b2c38,MATR_b1c15,MATR_b1c28,MATR_b1c32,MATR_b4c13,MATR_b2c47,MATR_b4c24",False,False,0.95
80,MATR_b2c33,519.0,829.2696609875564,123.17425214700691,587.8525629567675,1070.6867590183454,439.0,749.2696609875564,507.85256295676754,990.6867590183454,310.26966098755645,"MATR_b4c14,MATR_b4c37,MATR_b4c4,MATR_b1c17,MATR_b2c39,MATR_b3c5,MATR_b3c41,MATR_b2c45,MATR_b2c0,MATR_b2c38,MATR_b1c15,MATR_b1c28,MATR_b1c32,MATR_b4c13,MATR_b2c47,MATR_b4c24",False,False,0.95
80,MATR_b2c41,428.0,640.6131837211555,131.7486858016195,382.3905045394977,898.8358629028132,348.0,560.6131837211555,302.3905045394977,818.8358629028132,212.61318372115545,"MATR_b4c14,MATR_b4c37,MATR_b4c4,MATR_b1c17,MATR_b2c39,MATR_b3c5,MATR_b3c41,MATR_b2c45,MATR_b2c0,MATR_b2c38,MATR_b1c15,MATR_b1c28,MATR_b1c32,MATR_b4c13,MATR_b2c47,MATR_b4c24",False,False,0.95
80,MATR_b3c1,1061.0,1282.5998161533319,217.51578422414323,856.2767130050256,1708.922919301638,981.0,1202.5998161533319,776.2767130050256,1628.922919301638,221.59981615333186,"MATR_b4c14,MATR_b4c37,MATR_b4c4,MATR_b1c17,MATR_b2c39,MATR_b3c5,MATR_b3c41,MATR_b2c45,MATR_b2c0,MATR_b2c38,MATR_b1c15,MATR_b1c28,MATR_b1c32,MATR_b4c13,MATR_b2c47,MATR_b4c24",False,False,0.95
80,MATR_b3c14,856.0,1110.270637956761,158.5439497596606,799.5302064610985,1421.0110694524235,776.0,1030.270637956761,719.5302064610985,1341.0110694524235,254.270637956761,"MATR_b4c14,MATR_b4c37,MATR_b4c4,MATR_b1c17,MATR_b2c39,MATR_b3c5,MATR_b3c41,MATR_b2c45,MATR_b2c0,MATR_b2c38,MATR_b1c15,MATR_b1c28,MATR_b1c32,MATR_b4c13,MATR_b2c47,MATR_b4c24",False,False,0.95
80,MATR_b3c17,1313.0,1262.6537504163507,196.62442782866196,877.2769533913781,1648.0305474413233,1233.0,1182.6537504163507,797.2769533913781,1568.0305474413233,50.346249583649296,"MATR_b4c14,MATR_b4c37,MATR_b4c4,MATR_b1c17,MATR_b2c39,MATR_b3c5,MATR_b3c41,MATR_b2c45,MATR_b2c0,MATR_b2c38,MATR_b1c15,MATR_b1c28,MATR_b1c32,MATR_b4c13,MATR_b2c47,MATR_b4c24",False,False,0.95
80,MATR_b3c24,823.0,881.7157765223646,75.84106191272203,733.0700266241571,1030.3615264205723,743.0,801.7157765223646,653.0700266241571,950.3615264205723,58.71577652236465,"MATR_b4c14,MATR_b4c37,MATR_b4c4,MATR_b1c17,MATR_b2c39,MATR_b3c5,MATR_b3c41,MATR_b2c45,MATR_b2c0,MATR_b2c38,MATR_b1c15,MATR_b1c28,MATR_b1c32,MATR_b4c13,MATR_b2c47,MATR_b4c24",False,False,0.95
80,MATR_b3c31,729.0,900.5368654529785,143.948157636661,618.4036608442286,1182.6700700617284,649.0,820.5368654529785,538.4036608442286,1102.6700700617284,171.53686545297853,"MATR_b4c14,MATR_b4c37,MATR_b4c4,MATR_b1c17,MATR_b2c39,MATR_b3c5,MATR_b3c41,MATR_b2c45,MATR_b2c0,MATR_b2c38,MATR_b1c15,MATR_b1c28,MATR_b1c32,MATR_b4c13,MATR_b2c47,MATR_b4c24",False,False,0.95
80,MATR_b3c33,1282.0,1512.1215068717243,213.55553765810404,1093.5603443627533,1930.6826693806952,1202.0,1432.1215068717243,1013.5603443627533,1850.6826693806952,230.12150687172425,"MATR_b4c14,MATR_b4c37,MATR_b4c4,MATR_b1c17,MATR_b2c39,MATR_b3c5,MATR_b3c41,MATR_b2c45,MATR_b2c0,MATR_b2c38,MATR_b1c15,MATR_b1c28,MATR_b1c32,MATR_b4c13,MATR_b2c47,MATR_b4c24",False,False,0.95
80,MATR_b3c36,921.0,901.8103355092143,77.60033195021445,749.7164796984412,1053.9041913199874,841.0,821.8103355092143,669.7164796984412,973.9041913199874,19.18966449078573,"MATR_b4c14,MATR_b4c37,MATR_b4c4,MATR_b1c17,MATR_b2c39,MATR_b3c5,MATR_b3c41,MATR_b2c45,MATR_b2c0,MATR_b2c38,MATR_b1c15,MATR_b1c28,MATR_b1c32,MATR_b4c13,MATR_b2c47,MATR_b4c24",False,False,0.95
80,MATR_b3c6,665.0,878.225587639437,77.71186890841207,725.9131234076514,1030.5380518712227,585.0,798.225587639437,645.9131234076514,950.5380518712227,213.22558763943698,"MATR_b4c14,MATR_b4c37,MATR_b4c4,MATR_b1c17,MATR_b2c39,MATR_b3c5,MATR_b3c41,MATR_b2c45,MATR_b2c0,MATR_b2c38,MATR_b1c15,MATR_b1c28,MATR_b1c32,MATR_b4c13,MATR_b2c47,MATR_b4c24",False,False,0.95
80,MATR_b4c1,760.0,847.6466674974796,70.75311915946448,708.9731021510584,986.3202328439008,680.0,767.6466674974796,628.9731021510584,906.3202328439008,87.6466674974796,"MATR_b4c14,MATR_b4c37,MATR_b4c4,MATR_b1c17,MATR_b2c39,MATR_b3c5,MATR_b3c41,MATR_b2c45,MATR_b2c0,MATR_b2c38,MATR_b1c15,MATR_b1c28,MATR_b1c32,MATR_b4c13,MATR_b2c47,MATR_b4c24",False,False,0.95
80,MATR_b4c11,863.0,1203.6506383672688,176.82392894900715,857.0821060223454,1550.2191707121922,783.0,1123.6506383672688,777.0821060223454,1470.2191707121922,340.6506383672688,"MATR_b4c14,MATR_b4c37,MATR_b4c4,MATR_b1c17,MATR_b2c39,MATR_b3c5,MATR_b3c41,MATR_b2c45,MATR_b2c0,MATR_b2c38,MATR_b1c15,MATR_b1c28,MATR_b1c32,MATR_b4c13,MATR_b2c47,MATR_b4c24",False,False,0.95
80,MATR_b4c15,675.0,983.971544332735,134.71856020861227,719.9280182747641,1248.015070390706,595.0,903.971544332735,639.9280182747641,1168.015070390706,308.971544332735,"MATR_b4c14,MATR_b4c37,MATR_b4c4,MATR_b1c17,MATR_b2c39,MATR_b3c5,MATR_b3c41,MATR_b2c45,MATR_b2c0,MATR_b2c38,MATR_b1c15,MATR_b1c28,MATR_b1c32,MATR_b4c13,MATR_b2c47,MATR_b4c24",False,False,0.95
80,MATR_b4c21,773.0,956.1214711219843,73.76240576955426,811.5498124006285,1100.69312984334,693.0,876.1214711219843,731.5498124006285,1020.6931298433401,183.1214711219843,"MATR_b4c14,MATR_b4c37,MATR_b4c4,MATR_b1c17,MATR_b2c39,MATR_b3c5,MATR_b3c41,MATR_b2c45,MATR_b2c0,MATR_b2c38,MATR_b1c15,MATR_b1c28,MATR_b1c32,MATR_b4c13,MATR_b2c47,MATR_b4c24",False,False,0.95
80,MATR_b4c3,777.0,810.5736259376062,62.8394809372479,687.410506493409,933.7367453818033,697.0,730.5736259376062,607.410506493409,853.7367453818033,33.57362593760615,"MATR_b4c14,MATR_b4c37,MATR_b4c4,MATR_b1c17,MATR_b2c39,MATR_b3c5,MATR_b3c41,MATR_b2c45,MATR_b2c0,MATR_b2c38,MATR_b1c15,MATR_b1c28,MATR_b1c32,MATR_b4c13,MATR_b2c47,MATR_b4c24",False,False,0.95
80,MATR_b4c32,754.0,934.9901881765285,76.48896616253649,785.0745692832542,1084.905807069803,674.0,854.9901881765285,705.0745692832542,1004.9058070698029,180.99018817652848,"MATR_b4c14,MATR_b4c37,MATR_b4c4,MATR_b1c17,MATR_b2c39,MATR_b3c5,MATR_b3c41,MATR_b2c45,MATR_b2c0,MATR_b2c38,MATR_b1c15,MATR_b1c28,MATR_b1c32,MATR_b4c13,MATR_b2c47,MATR_b4c24",False,False,0.95
80,MATR_b4c34,891.0,834.9291159718047,91.66225503632377,655.2743973588849,1014.5838345847244,811.0,754.9291159718047,575.2743973588849,934.5838345847244,56.07088402819534,"MATR_b4c14,MATR_b4c37,MATR_b4c4,MATR_b1c17,MATR_b2c39,MATR_b3c5,MATR_b3c41,MATR_b2c45,MATR_b2c0,MATR_b2c38,MATR_b1c15,MATR_b1c28,MATR_b1c32,MATR_b4c13,MATR_b2c47,MATR_b4c24",False,False,0.95
80,MATR_b4c42,774.0,778.7988627711667,75.98325071563458,629.8744279402456,927.7232976020878,694.0,698.7988627711667,549.8744279402456,847.7232976020878,4.798862771166682,"MATR_b4c14,MATR_b4c37,MATR_b4c4,MATR_b1c17,MATR_b2c39,MATR_b3c5,MATR_b3c41,MATR_b2c45,MATR_b2c0,MATR_b2c38,MATR_b1c15,MATR_b1c28,MATR_b1c32,MATR_b4c13,MATR_b2c47,MATR_b4c24",False,False,0.95
80,MATR_b4c6,706.0,801.506403304757,45.51367038506264,712.301248545807,890.711558063707,626.0,721.506403304757,632.301248545807,810.711558063707,95.50640330475699,"MATR_b4c14,MATR_b4c37,MATR_b4c4,MATR_b1c17,MATR_b2c39,MATR_b3c5,MATR_b3c41,MATR_b2c45,MATR_b2c0,MATR_b2c38,MATR_b1c15,MATR_b1c28,MATR_b1c32,MATR_b4c13,MATR_b2c47,MATR_b4c24",False,False,0.95
80,MATR_b4c7,529.0,685.8645326551165,47.59417551901674,592.5816627639657,779.1474025462672,449.0,605.8645326551165,512.5816627639657,699.1474025462672,156.86453265511648,"MATR_b4c14,MATR_b4c37,MATR_b4c4,MATR_b1c17,MATR_b2c39,MATR_b3c5,MATR_b3c41,MATR_b2c45,MATR_b2c0,MATR_b2c38,MATR_b1c15,MATR_b1c28,MATR_b1c32,MATR_b4c13,MATR_b2c47,MATR_b4c24",False,False,0.95
100,MATR_b1c14,877.0,851.9983355328826,58.473416179691725,737.3925457676652,966.6041252981,777.0,751.9983355328826,637.3925457676652,866.6041252981,25.001664467117394,"MATR_b2c27,MATR_b1c24,MATR_b2c26,MATR_b2c4,MATR_b3c22,MATR_b2c0,MATR_b3c28,MATR_b4c14,MATR_b3c27,MATR_b3c12,MATR_b4c19,MATR_b2c47,MATR_b2c25,MATR_b3c39,MATR_b2c44,MATR_b1c1",False,False,0.95
100,MATR_b1c18,687.0,548.9175809833214,23.228405472431096,503.39074283906336,594.4444191275794,587.0,448.9175809833214,403.39074283906336,494.4444191275794,138.0824190166786,"MATR_b2c27,MATR_b1c24,MATR_b2c26,MATR_b2c4,MATR_b3c22,MATR_b2c0,MATR_b3c28,MATR_b4c14,MATR_b3c27,MATR_b3c12,MATR_b4c19,MATR_b2c47,MATR_b2c25,MATR_b3c39,MATR_b2c44,MATR_b1c1",False,False,0.95
100,MATR_b1c19,786.0,753.1040788439794,54.50919404822135,646.2680216831606,859.9401360047983,686.0,653.1040788439794,546.2680216831606,759.9401360047983,32.89592115602056,"MATR_b2c27,MATR_b1c24,MATR_b2c26,MATR_b2c4,MATR_b3c22,MATR_b2c0,MATR_b3c28,MATR_b4c14,MATR_b3c27,MATR_b3c12,MATR_b4c19,MATR_b2c47,MATR_b2c25,MATR_b3c39,MATR_b2c44,MATR_b1c1",False,False,0.95
100,MATR_b1c2,2237.0,1860.7457556042987,230.40862289924948,1409.153152994299,2312.3383582142983,2137.0,1760.7457556042987,1309.153152994299,2212.3383582142983,376.25424439570133,"MATR_b2c27,MATR_b1c24,MATR_b2c26,MATR_b2c4,MATR_b3c22,MATR_b2c0,MATR_b3c28,MATR_b4c14,MATR_b3c27,MATR_b3c12,MATR_b4c19,MATR_b2c47,MATR_b2c25,MATR_b3c39,MATR_b2c44,MATR_b1c1",False,False,0.95
100,MATR_b1c30,707.0,968.8516174271376,65.59404436626134,840.289652868943,1097.4135819853323,607.0,868.8516174271376,740.289652868943,997.4135819853323,261.8516174271376,"MATR_b2c27,MATR_b1c24,MATR_b2c26,MATR_b2c4,MATR_b3c22,MATR_b2c0,MATR_b3c28,MATR_b4c14,MATR_b3c27,MATR_b3c12,MATR_b4c19,MATR_b2c47,MATR_b2c25,MATR_b3c39,MATR_b2c44,MATR_b1c1",False,False,0.95
100,MATR_b1c34,742.0,691.5953643294907,56.399987081724014,581.0534209207874,802.1373077381941,642.0,591.5953643294907,481.0534209207874,702.1373077381941,50.404635670509265,"MATR_b2c27,MATR_b1c24,MATR_b2c26,MATR_b2c4,MATR_b3c22,MATR_b2c0,MATR_b3c28,MATR_b4c14,MATR_b3c27,MATR_b3c12,MATR_b4c19,MATR_b2c47,MATR_b2c25,MATR_b3c39,MATR_b2c44,MATR_b1c1",False,False,0.95
100,MATR_b1c35,701.0,633.383112217355,74.2984107907117,487.76090295899803,779.005321475712,601.0,533.383112217355,387.76090295899803,679.005321475712,67.616887782645,"MATR_b2c27,MATR_b1c24,MATR_b2c26,MATR_b2c4,MATR_b3c22,MATR_b2c0,MATR_b3c28,MATR_b4c14,MATR_b3c27,MATR_b3c12,MATR_b4c19,MATR_b2c47,MATR_b2c25,MATR_b3c39,MATR_b2c44,MATR_b1c1",False,False,0.95
100,MATR_b1c42,700.0,665.2521103989469,73.11558362630686,521.948199782759,808.5560210151348,600.0,565.2521103989469,421.94819978275905,708.5560210151348,34.74788960105309,"MATR_b2c27,MATR_b1c24,MATR_b2c26,MATR_b2c4,MATR_b3c22,MATR_b2c0,MATR_b3c28,MATR_b4c14,MATR_b3c27,MATR_b3c12,MATR_b4c19,MATR_b2c47,MATR_b2c25,MATR_b3c39,MATR_b2c44,MATR_b1c1",False,False,0.95
100,MATR_b1c5,1071.0,987.6626004233773,54.7546628657437,880.345433220887,1094.9797676258677,971.0,887.6626004233773,780.345433220887,994.9797676258677,83.33739957662272,"MATR_b2c27,MATR_b1c24,MATR_b2c26,MATR_b2c4,MATR_b3c22,MATR_b2c0,MATR_b3c28,MATR_b4c14,MATR_b3c27,MATR_b3c12,MATR_b4c19,MATR_b2c47,MATR_b2c25,MATR_b3c39,MATR_b2c44,MATR_b1c1",False,False,0.95
100,MATR_b1c6,633.0,960.9798473194442,53.706520330449386,855.7170017367952,1066.242692902093,533.0,860.9798473194442,755.7170017367952,966.242692902093,327.97984731944416,"MATR_b2c27,MATR_b1c24,MATR_b2c26,MATR_b2c4,MATR_b3c22,MATR_b2c0,MATR_b3c28,MATR_b4c14,MATR_b3c27,MATR_b3c12,MATR_b4c19,MATR_b2c47,MATR_b2c25,MATR_b3c39,MATR_b2c44,MATR_b1c1",False,False,0.95
100,MATR_b2c19,460.0,465.87137836114186,16.770073553017923,433.00263817913907,498.74011854314466,360.0,365.87137836114186,333.00263817913907,398.74011854314466,5.871378361141865,"MATR_b2c27,MATR_b1c24,MATR_b2c26,MATR_b2c4,MATR_b3c22,MATR_b2c0,MATR_b3c28,MATR_b4c14,MATR_b3c27,MATR_b3c12,MATR_b4c19,MATR_b2c47,MATR_b2c25,MATR_b3c39,MATR_b2c44,MATR_b1c1",False,False,0.95
100,MATR_b2c22,512.0,529.2680877226952,37.93250705317174,454.92174005516705,603.6144353902234,412.0,429.2680877226952,354.92174005516705,503.61443539022343,17.268087722695213,"MATR_b2c27,MATR_b1c24,MATR_b2c26,MATR_b2c4,MATR_b3c22,MATR_b2c0,MATR_b3c28,MATR_b4c14,MATR_b3c27,MATR_b3c12,MATR_b4c19,MATR_b2c47,MATR_b2c25,MATR_b3c39,MATR_b2c44,MATR_b1c1",False,False,0.95
100,MATR_b2c24,494.0,559.331115911209,59.69063080887347,442.3396293113401,676.322602511078,394.0,459.33111591120905,342.3396293113401,576.322602511078,65.33111591120905,"MATR_b2c27,MATR_b1c24,MATR_b2c26,MATR_b2c4,MATR_b3c22,MATR_b2c0,MATR_b3c28,MATR_b4c14,MATR_b3c27,MATR_b3c12,MATR_b4c19,MATR_b2c47,MATR_b2c25,MATR_b3c39,MATR_b2c44,MATR_b1c1",False,False,0.95
100,MATR_b2c3,334.0,339.33836152618306,13.067891760182292,313.72576432235803,364.9509587300081,234.0,239.33836152618306,213.72576432235803,264.9509587300081,5.338361526183064,"MATR_b2c27,MATR_b1c24,MATR_b2c26,MATR_b2c4,MATR_b3c22,MATR_b2c0,MATR_b3c28,MATR_b4c14,MATR_b3c27,MATR_b3c12,MATR_b4c19,MATR_b2c47,MATR_b2c25,MATR_b3c39,MATR_b2c44,MATR_b1c1",False,False,0.95
100,MATR_b2c33,519.0,613.5237561500741,67.30678382136992,481.6048839449659,745.4426283551823,419.0,513.5237561500741,381.6048839449659,645.4426283551823,94.52375615007406,"MATR_b2c27,MATR_b1c24,MATR_b2c26,MATR_b2c4,MATR_b3c22,MATR_b2c0,MATR_b3c28,MATR_b4c14,MATR_b3c27,MATR_b3c12,MATR_b4c19,MATR_b2c47,MATR_b2c25,MATR_b3c39,MATR_b2c44,MATR_b1c1",False,False,0.95
100,MATR_b2c41,428.0,506.2040118945011,39.11186912415638,429.54615704311044,582.8618667458917,328.0,406.2040118945011,329.54615704311044,482.8618667458917,78.2040118945011,"MATR_b2c27,MATR_b1c24,MATR_b2c26,MATR_b2c4,MATR_b3c22,MATR_b2c0,MATR_b3c28,MATR_b4c14,MATR_b3c27,MATR_b3c12,MATR_b4c19,MATR_b2c47,MATR_b2c25,MATR_b3c39,MATR_b2c44,MATR_b1c1",False,False,0.95
100,MATR_b3c1,1061.0,1039.1810354078616,117.19229176728346,809.4883642782762,1268.873706537447,961.0,939.1810354078616,709.4883642782762,1168.873706537447,21.8189645921384,"MATR_b2c27,MATR_b1c24,MATR_b2c26,MATR_b2c4,MATR_b3c22,MATR_b2c0,MATR_b3c28,MATR_b4c14,MATR_b3c27,MATR_b3c12,MATR_b4c19,MATR_b2c47,MATR_b2c25,MATR_b3c39,MATR_b2c44,MATR_b1c1",False,False,0.95
100,MATR_b3c14,856.0,977.2990305900212,48.8162455133168,881.6209475234552,1072.977113656587,756.0,877.2990305900212,781.6209475234552,972.9771136565871,121.29903059002118,"MATR_b2c27,MATR_b1c24,MATR_b2c26,MATR_b2c4,MATR_b3c22,MATR_b2c0,MATR_b3c28,MATR_b4c14,MATR_b3c27,MATR_b3c12,MATR_b4c19,MATR_b2c47,MATR_b2c25,MATR_b3c39,MATR_b2c44,MATR_b1c1",False,False,0.95
100,MATR_b3c17,1313.0,1282.2462778234376,176.96076367681832,935.40955434017,1629.0830013067052,1213.0,1182.2462778234376,835.40955434017,1529.0830013067052,30.753722176562405,"MATR_b2c27,MATR_b1c24,MATR_b2c26,MATR_b2c4,MATR_b3c22,MATR_b2c0,MATR_b3c28,MATR_b4c14,MATR_b3c27,MATR_b3c12,MATR_b4c19,MATR_b2c47,MATR_b2c25,MATR_b3c39,MATR_b2c44,MATR_b1c1",False,False,0.95
100,MATR_b3c24,823.0,920.5053355007091,77.41886738372853,768.7671437047185,1072.2435272966995,723.0,820.5053355007091,668.7671437047185,972.2435272966995,97.50533550070907,"MATR_b2c27,MATR_b1c24,MATR_b2c26,MATR_b2c4,MATR_b3c22,MATR_b2c0,MATR_b3c28,MATR_b4c14,MATR_b3c27,MATR_b3c12,MATR_b4c19,MATR_b2c47,MATR_b2c25,MATR_b3c39,MATR_b2c44,MATR_b1c1",False,False,0.95
100,MATR_b3c31,729.0,746.6579523809212,60.0718663620734,628.9192578271542,864.3966469346882,629.0,646.6579523809212,528.9192578271542,764.3966469346882,17.657952380921188,"MATR_b2c27,MATR_b1c24,MATR_b2c26,MATR_b2c4,MATR_b3c22,MATR_b2c0,MATR_b3c28,MATR_b4c14,MATR_b3c27,MATR_b3c12,MATR_b4c19,MATR_b2c47,MATR_b2c25,MATR_b3c39,MATR_b2c44,MATR_b1c1",False,False,0.95
100,MATR_b3c33,1282.0,1241.302903343626,153.20486418662034,941.0268872814997,1541.5789194057522,1182.0,1141.302903343626,841.0268872814997,1441.5789194057522,40.697096656374015,"MATR_b2c27,MATR_b1c24,MATR_b2c26,MATR_b2c4,MATR_b3c22,MATR_b2c0,MATR_b3c28,MATR_b4c14,MATR_b3c27,MATR_b3c12,MATR_b4c19,MATR_b2c47,MATR_b2c25,MATR_b3c39,MATR_b2c44,MATR_b1c1",False,False,0.95
100,MATR_b3c36,921.0,904.257354842245,77.99977512260807,751.38060479971,1057.13410488478,821.0,804.257354842245,651.38060479971,957.1341048847801,16.742645157754964,"MATR_b2c27,MATR_b1c24,MATR_b2c26,MATR_b2c4,MATR_b3c22,MATR_b2c0,MATR_b3c28,MATR_b4c14,MATR_b3c27,MATR_b3c12,MATR_b4c19,MATR_b2c47,MATR_b2c25,MATR_b3c39,MATR_b2c44,MATR_b1c1",False,False,0.95
100,MATR_b3c6,665.0,751.1388227642292,93.25568048038534,568.361047668899,933.9165978595594,565.0,651.1388227642292,468.361047668899,833.9165978595594,86.13882276422919,"MATR_b2c27,MATR_b1c24,MATR_b2c26,MATR_b2c4,MATR_b3c22,MATR_b2c0,MATR_b3c28,MATR_b4c14,MATR_b3c27,MATR_b3c12,MATR_b4c19,MATR_b2c47,MATR_b2c25,MATR_b3c39,MATR_b2c44,MATR_b1c1",False,False,0.95
100,MATR_b4c1,760.0,766.4258094277652,75.86027165669303,617.7424091232223,915.1092097323082,660.0,666.4258094277652,517.7424091232223,815.1092097323082,6.425809427765216,"MATR_b2c27,MATR_b1c24,MATR_b2c26,MATR_b2c4,MATR_b3c22,MATR_b2c0,MATR_b3c28,MATR_b4c14,MATR_b3c27,MATR_b3c12,MATR_b4c19,MATR_b2c47,MATR_b2c25,MATR_b3c39,MATR_b2c44,MATR_b1c1",False,False,0.95
100,MATR_b4c11,863.0,909.4878439640634,94.35335056277317,724.558675040346,1094.4170128877809,763.0,809.4878439640634,624.558675040346,994.4170128877809,46.48784396406336,"MATR_b2c27,MATR_b1c24,MATR_b2c26,MATR_b2c4,MATR_b3c22,MATR_b2c0,MATR_b3c28,MATR_b4c14,MATR_b3c27,MATR_b3c12,MATR_b4c19,MATR_b2c47,MATR_b2c25,MATR_b3c39,MATR_b2c44,MATR_b1c1",False,False,0.95
100,MATR_b4c15,675.0,802.7942583211179,83.3038569006093,639.5216990226453,966.0668176195906,575.0,702.7942583211179,539.5216990226453,866.0668176195906,127.79425832111792,"MATR_b2c27,MATR_b1c24,MATR_b2c26,MATR_b2c4,MATR_b3c22,MATR_b2c0,MATR_b3c28,MATR_b4c14,MATR_b3c27,MATR_b3c12,MATR_b4c19,MATR_b2c47,MATR_b2c25,MATR_b3c39,MATR_b2c44,MATR_b1c1",False,False,0.95
100,MATR_b4c21,773.0,945.6566349331954,67.12746935358463,814.0892126268533,1077.2240572395374,673.0,845.6566349331954,714.0892126268533,977.2240572395374,172.6566349331954,"MATR_b2c27,MATR_b1c24,MATR_b2c26,MATR_b2c4,MATR_b3c22,MATR_b2c0,MATR_b3c28,MATR_b4c14,MATR_b3c27,MATR_b3c12,MATR_b4c19,MATR_b2c47,MATR_b2c25,MATR_b3c39,MATR_b2c44,MATR_b1c1",False,False,0.95
100,MATR_b4c3,777.0,941.479910596009,70.7722771505127,802.7687962771171,1080.191024914901,677.0,841.479910596009,702.7687962771171,980.1910249149009,164.47991059600895,"MATR_b2c27,MATR_b1c24,MATR_b2c26,MATR_b2c4,MATR_b3c22,MATR_b2c0,MATR_b3c28,MATR_b4c14,MATR_b3c27,MATR_b3c12,MATR_b4c19,MATR_b2c47,MATR_b2c25,MATR_b3c39,MATR_b2c44,MATR_b1c1",False,False,0.95
100,MATR_b4c32,754.0,935.8716627764387,73.09176316739791,792.6144394018075,1079.1288861510698,654.0,835.8716627764387,692.6144394018075,979.1288861510698,181.8716627764387,"MATR_b2c27,MATR_b1c24,MATR_b2c26,MATR_b2c4,MATR_b3c22,MATR_b2c0,MATR_b3c28,MATR_b4c14,MATR_b3c27,MATR_b3c12,MATR_b4c19,MATR_b2c47,MATR_b2c25,MATR_b3c39,MATR_b2c44,MATR_b1c1",False,False,0.95
100,MATR_b4c34,891.0,946.613235957727,91.41776481952294,767.4377093643093,1125.7887625511448,791.0,846.613235957727,667.4377093643093,1025.7887625511448,55.613235957727056,"MATR_b2c27,MATR_b1c24,MATR_b2c26,MATR_b2c4,MATR_b3c22,MATR_b2c0,MATR_b3c28,MATR_b4c14,MATR_b3c27,MATR_b3c12,MATR_b4c19,MATR_b2c47,MATR_b2c25,MATR_b3c39,MATR_b2c44,MATR_b1c1",False,False,0.95
100,MATR_b4c42,774.0,857.8539811425512,80.88795518859845,699.3165021898085,1016.391460095294,674.0,757.8539811425512,599.3165021898085,916.391460095294,83.85398114255122,"MATR_b2c27,MATR_b1c24,MATR_b2c26,MATR_b2c4,MATR_b3c22,MATR_b2c0,MATR_b3c28,MATR_b4c14,MATR_b3c27,MATR_b3c12,MATR_b4c19,MATR_b2c47,MATR_b2c25,MATR_b3c39,MATR_b2c44,MATR_b1c1",False,False,0.95
100,MATR_b4c6,706.0,755.7957971698064,37.09947789378797,683.0821566527421,828.5094376868707,606.0,655.7957971698064,583.0821566527421,728.5094376868707,49.795797169806406,"MATR_b2c27,MATR_b1c24,MATR_b2c26,MATR_b2c4,MATR_b3c22,MATR_b2c0,MATR_b3c28,MATR_b4c14,MATR_b3c27,MATR_b3c12,MATR_b4c19,MATR_b2c47,MATR_b2c25,MATR_b3c39,MATR_b2c44,MATR_b1c1",False,False,0.95
100,MATR_b4c7,529.0,655.0162291405047,43.81040641963265,569.1494104099623,740.8830478710471,429.0,555.0162291405047,469.14941040996234,640.8830478710471,126.01622914050472,"MATR_b2c27,MATR_b1c24,MATR_b2c26,MATR_b2c4,MATR_b3c22,MATR_b2c0,MATR_b3c28,MATR_b4c14,MATR_b3c27,MATR_b3c12,MATR_b4c19,MATR_b2c47,MATR_b2c25,MATR_b3c39,MATR_b2c44,MATR_b1c1",False,False,0.95
120,MATR_b1c14,877.0,863.1358938503611,40.69935944893813,783.3666151365924,942.9051725641298,757.0,743.1358938503611,663.3666151365924,822.9051725641298,13.864106149638928,"MATR_b2c27,MATR_b4c23,MATR_b2c13,MATR_b4c22,MATR_b4c26,MATR_b2c14,MATR_b4c0,MATR_b2c44,MATR_b4c38,MATR_b2c17,MATR_b3c39,MATR_b1c7,MATR_b4c13,MATR_b3c10,MATR_b4c33,MATR_b2c34",False,False,0.95
120,MATR_b1c18,687.0,563.153097486844,18.648742288158267,526.6022342450847,599.7039607286033,567.0,443.153097486844,406.6022342450847,479.7039607286033,123.84690251315601,"MATR_b2c27,MATR_b4c23,MATR_b2c13,MATR_b4c22,MATR_b4c26,MATR_b2c14,MATR_b4c0,MATR_b2c44,MATR_b4c38,MATR_b2c17,MATR_b3c39,MATR_b1c7,MATR_b4c13,MATR_b3c10,MATR_b4c33,MATR_b2c34",False,False,0.95
120,MATR_b1c19,786.0,761.9535713437605,48.78190980146265,666.3427850358122,857.5643576517087,666.0,641.9535713437605,546.3427850358122,737.5643576517087,24.046428656239527,"MATR_b2c27,MATR_b4c23,MATR_b2c13,MATR_b4c22,MATR_b4c26,MATR_b2c14,MATR_b4c0,MATR_b2c44,MATR_b4c38,MATR_b2c17,MATR_b3c39,MATR_b1c7,MATR_b4c13,MATR_b3c10,MATR_b4c33,MATR_b2c34",False,False,0.95
120,MATR_b1c2,2237.0,1886.2943857489672,206.4321900906833,1481.694727921502,2290.8940435764325,2117.0,1766.2943857489672,1361.694727921502,2170.8940435764325,350.7056142510328,"MATR_b2c27,MATR_b4c23,MATR_b2c13,MATR_b4c22,MATR_b4c26,MATR_b2c14,MATR_b4c0,MATR_b2c44,MATR_b4c38,MATR_b2c17,MATR_b3c39,MATR_b1c7,MATR_b4c13,MATR_b3c10,MATR_b4c33,MATR_b2c34",False,False,0.95
120,MATR_b1c30,707.0,950.5874840417819,33.89865842132737,884.1473344117549,1017.0276336718089,587.0,830.5874840417819,764.1473344117549,897.0276336718089,243.58748404178186,"MATR_b2c27,MATR_b4c23,MATR_b2c13,MATR_b4c22,MATR_b4c26,MATR_b2c14,MATR_b4c0,MATR_b2c44,MATR_b4c38,MATR_b2c17,MATR_b3c39,MATR_b1c7,MATR_b4c13,MATR_b3c10,MATR_b4c33,MATR_b2c34",False,False,0.95
120,MATR_b1c34,742.0,750.597622455347,35.998754388956534,680.041360364689,821.1538845460051,622.0,630.597622455347,560.041360364689,701.1538845460051,8.59762245534705,"MATR_b2c27,MATR_b4c23,MATR_b2c13,MATR_b4c22,MATR_b4c26,MATR_b2c14,MATR_b4c0,MATR_b2c44,MATR_b4c38,MATR_b2c17,MATR_b3c39,MATR_b1c7,MATR_b4c13,MATR_b3c10,MATR_b4c33,MATR_b2c34",False,False,0.95
120,MATR_b1c35,701.0,658.0620109707716,71.41798895832606,518.0853247641733,798.0386971773698,581.0,538.0620109707716,398.08532476417327,678.0386971773698,42.93798902922845,"MATR_b2c27,MATR_b4c23,MATR_b2c13,MATR_b4c22,MATR_b4c26,MATR_b2c14,MATR_b4c0,MATR_b2c44,MATR_b4c38,MATR_b2c17,MATR_b3c39,MATR_b1c7,MATR_b4c13,MATR_b3c10,MATR_b4c33,MATR_b2c34",False,False,0.95
120,MATR_b1c42,700.0,642.0411221374344,52.23830402581977,539.655927633374,744.4263166414949,580.0,522.0411221374344,419.65592763337395,624.4263166414949,57.9588778625656,"MATR_b2c27,MATR_b4c23,MATR_b2c13,MATR_b4c22,MATR_b4c26,MATR_b2c14,MATR_b4c0,MATR_b2c44,MATR_b4c38,MATR_b2c17,MATR_b3c39,MATR_b1c7,MATR_b4c13,MATR_b3c10,MATR_b4c33,MATR_b2c34",False,False,0.95
120,MATR_b1c5,1071.0,956.4105911774599,26.643239747396105,904.1908008410975,1008.6303815138223,951.0,836.4105911774599,784.1908008410975,888.6303815138223,114.58940882254012,"MATR_b2c27,MATR_b4c23,MATR_b2c13,MATR_b4c22,MATR_b4c26,MATR_b2c14,MATR_b4c0,MATR_b2c44,MATR_b4c38,MATR_b2c17,MATR_b3c39,MATR_b1c7,MATR_b4c13,MATR_b3c10,MATR_b4c33,MATR_b2c34",False,False,0.95
120,MATR_b1c6,633.0,914.4313019665617,28.947442185224283,857.6953578389666,971.1672460941568,513.0,794.4313019665617,737.6953578389666,851.1672460941568,281.4313019665617,"MATR_b2c27,MATR_b4c23,MATR_b2c13,MATR_b4c22,MATR_b4c26,MATR_b2c14,MATR_b4c0,MATR_b2c44,MATR_b4c38,MATR_b2c17,MATR_b3c39,MATR_b1c7,MATR_b4c13,MATR_b3c10,MATR_b4c33,MATR_b2c34",False,False,0.95
120,MATR_b2c19,460.0,475.78959076998257,12.907768217123385,450.49082994362993,501.0883515963352,340.0,355.78959076998257,330.49082994362993,381.0883515963352,15.789590769982567,"MATR_b2c27,MATR_b4c23,MATR_b2c13,MATR_b4c22,MATR_b4c26,MATR_b2c14,MATR_b4c0,MATR_b2c44,MATR_b4c38,MATR_b2c17,MATR_b3c39,MATR_b1c7,MATR_b4c13,MATR_b3c10,MATR_b4c33,MATR_b2c34",False,False,0.95
120,MATR_b2c22,512.0,521.3623865169075,32.544630235984684,457.57608336420424,585.1486896696107,392.0,401.36238651690746,337.57608336420424,465.1486896696107,9.362386516907463,"MATR_b2c27,MATR_b4c23,MATR_b2c13,MATR_b4c22,MATR_b4c26,MATR_b2c14,MATR_b4c0,MATR_b2c44,MATR_b4c38,MATR_b2c17,MATR_b3c39,MATR_b1c7,MATR_b4c13,MATR_b3c10,MATR_b4c33,MATR_b2c34",False,False,0.95
120,MATR_b2c24,494.0,549.7533436379898,46.10780334811621,459.38370966942676,640.1229776065529,374.0,429.7533436379898,339.38370966942676,520.1229776065529,55.753343637989815,"MATR_b2c27,MATR_b4c23,MATR_b2c13,MATR_b4c22,MATR_b4c26,MATR_b2c14,MATR_b4c0,MATR_b2c44,MATR_b4c38,MATR_b2c17,MATR_b3c39,MATR_b1c7,MATR_b4c13,MATR_b3c10,MATR_b4c33,MATR_b2c34",False,False,0.95
120,MATR_b2c3,334.0,347.94929510578396,12.005759468900271,324.4184389396887,371.4801512718792,214.0,227.94929510578396,204.4184389396887,251.4801512718792,13.94929510578396,"MATR_b2c27,MATR_b4c23,MATR_b2c13,MATR_b4c22,MATR_b4c26,MATR_b2c14,MATR_b4c0,MATR_b2c44,MATR_b4c38,MATR_b2c17,MATR_b3c39,MATR_b1c7,MATR_b4c13,MATR_b3c10,MATR_b4c33,MATR_b2c34",False,False,0.95
120,MATR_b2c33,519.0,556.106871183977,48.35838270073506,461.3261827399315,650.8875596280225,399.0,436.106871183977,341.3261827399315,530.8875596280225,37.10687118397698,"MATR_b2c27,MATR_b4c23,MATR_b2c13,MATR_b4c22,MATR_b4c26,MATR_b2c14,MATR_b4c0,MATR_b2c44,MATR_b4c38,MATR_b2c17,MATR_b3c39,MATR_b1c7,MATR_b4c13,MATR_b3c10,MATR_b4c33,MATR_b2c34",False,False,0.95
120,MATR_b2c41,428.0,511.1769408341129,42.08540152182694,428.6910695764249,593.6628120918008,308.0,391.1769408341129,308.6910695764249,473.6628120918008,83.17694083411288,"MATR_b2c27,MATR_b4c23,MATR_b2c13,MATR_b4c22,MATR_b4c26,MATR_b2c14,MATR_b4c0,MATR_b2c44,MATR_b4c38,MATR_b2c17,MATR_b3c39,MATR_b1c7,MATR_b4c13,MATR_b3c10,MATR_b4c33,MATR_b2c34",False,False,0.95
120,MATR_b3c1,1061.0,1163.6772830334203,129.39105788065078,910.0754696658073,1417.2790964010333,941.0,1043.6772830334203,790.0754696658073,1297.2790964010333,102.67728303342028,"MATR_b2c27,MATR_b4c23,MATR_b2c13,MATR_b4c22,MATR_b4c26,MATR_b2c14,MATR_b4c0,MATR_b2c44,MATR_b4c38,MATR_b2c17,MATR_b3c39,MATR_b1c7,MATR_b4c13,MATR_b3c10,MATR_b4c33,MATR_b2c34",False,False,0.95
120,MATR_b3c14,856.0,1056.8139901470809,35.141173172528255,987.9385563544404,1125.6894239397213,736.0,936.8139901470809,867.9385563544404,1005.6894239397213,200.81399014708086,"MATR_b2c27,MATR_b4c23,MATR_b2c13,MATR_b4c22,MATR_b4c26,MATR_b2c14,MATR_b4c0,MATR_b2c44,MATR_b4c38,MATR_b2c17,MATR_b3c39,MATR_b1c7,MATR_b4c13,MATR_b3c10,MATR_b4c33,MATR_b2c34",False,False,0.95
120,MATR_b3c17,1313.0,1277.1230019383597,153.24457279282052,976.7691584382048,1577.4768454385146,1193.0,1157.1230019383597,856.7691584382048,1457.4768454385146,35.87699806164028,"MATR_b2c27,MATR_b4c23,MATR_b2c13,MATR_b4c22,MATR_b4c26,MATR_b2c14,MATR_b4c0,MATR_b2c44,MATR_b4c38,MATR_b2c17,MATR_b3c39,MATR_b1c7,MATR_b4c13,MATR_b3c10,MATR_b4c33,MATR_b2c34",False,False,0.95
120,MATR_b3c24,823.0,918.7176484038032,64.05447489556158,793.1731845598774,1044.262112247729,703.0,798.7176484038032,673.1731845598774,924.262112247729,95.7176484038032,"MATR_b2c27,MATR_b4c23,MATR_b2c13,MATR_b4c22,MATR_b4c26,MATR_b2c14,MATR_b4c0,MATR_b2c44,MATR_b4c38,MATR_b2c17,MATR_b3c39,MATR_b1c7,MATR_b4c13,MATR_b3c10,MATR_b4c33,MATR_b2c34",False,False,0.95
120,MATR_b3c31,729.0,770.7099468091411,49.1670926912268,674.3442159097941,867.0756777084881,609.0,650.7099468091411,554.3442159097941,747.0756777084881,41.709946809141115,"MATR_b2c27,MATR_b4c23,MATR_b2c13,MATR_b4c22,MATR_b4c26,MATR_b2c14,MATR_b4c0,MATR_b2c44,MATR_b4c38,MATR_b2c17,MATR_b3c39,MATR_b1c7,MATR_b4c13,MATR_b3c10,MATR_b4c33,MATR_b2c34",False,False,0.95
120,MATR_b3c33,1282.0,1169.3453760509606,136.5020223850954,901.8063283592935,1436.8844237426276,1162.0,1049.3453760509606,781.8063283592935,1316.8844237426276,112.65462394903943,"MATR_b2c27,MATR_b4c23,MATR_b2c13,MATR_b4c22,MATR_b4c26,MATR_b2c14,MATR_b4c0,MATR_b2c44,MATR_b4c38,MATR_b2c17,MATR_b3c39,MATR_b1c7,MATR_b4c13,MATR_b3c10,MATR_b4c33,MATR_b2c34",False,False,0.95
120,MATR_b3c36,921.0,904.9667650883694,69.72996858105823,768.2985380263857,1041.634992150353,801.0,784.9667650883694,648.2985380263857,921.6349921503529,16.033234911630643,"MATR_b2c27,MATR_b4c23,MATR_b2c13,MATR_b4c22,MATR_b4c26,MATR_b2c14,MATR_b4c0,MATR_b2c44,MATR_b4c38,MATR_b2c17,MATR_b3c39,MATR_b1c7,MATR_b4c13,MATR_b3c10,MATR_b4c33,MATR_b2c34",False,False,0.95
120,MATR_b3c6,665.0,678.9493212286543,60.415138794013934,560.5378250713984,797.3608173859102,545.0,558.9493212286543,440.5378250713984,677.3608173859102,13.949321228654298,"MATR_b2c27,MATR_b4c23,MATR_b2c13,MATR_b4c22,MATR_b4c26,MATR_b2c14,MATR_b4c0,MATR_b2c44,MATR_b4c38,MATR_b2c17,MATR_b3c39,MATR_b1c7,MATR_b4c13,MATR_b3c10,MATR_b4c33,MATR_b2c34",False,False,0.95
120,MATR_b4c1,760.0,766.2543796353846,64.3389983505327,640.1522600669585,892.3564992038106,640.0,646.2543796353846,520.1522600669585,772.3564992038106,6.254379635384566,"MATR_b2c27,MATR_b4c23,MATR_b2c13,MATR_b4c22,MATR_b4c26,MATR_b2c14,MATR_b4c0,MATR_b2c44,MATR_b4c38,MATR_b2c17,MATR_b3c39,MATR_b1c7,MATR_b4c13,MATR_b3c10,MATR_b4c33,MATR_b2c34",False,False,0.95
120,MATR_b4c11,863.0,845.356798266854,76.95256413992367,694.5325440345952,996.1810524991128,743.0,725.356798266854,574.5325440345952,876.1810524991128,17.643201733146043,"MATR_b2c27,MATR_b4c23,MATR_b2c13,MATR_b4c22,MATR_b4c26,MATR_b2c14,MATR_b4c0,MATR_b2c44,MATR_b4c38,MATR_b2c17,MATR_b3c39,MATR_b1c7,MATR_b4c13,MATR_b3c10,MATR_b4c33,MATR_b2c34",False,False,0.95
120,MATR_b4c15,675.0,728.1438829598455,46.845061371503405,636.3292498181304,819.9585161015607,555.0,608.1438829598455,516.3292498181304,699.9585161015607,53.14388295984554,"MATR_b2c27,MATR_b4c23,MATR_b2c13,MATR_b4c22,MATR_b4c26,MATR_b2c14,MATR_b4c0,MATR_b2c44,MATR_b4c38,MATR_b2c17,MATR_b3c39,MATR_b1c7,MATR_b4c13,MATR_b3c10,MATR_b4c33,MATR_b2c34",False,False,0.95
120,MATR_b4c21,773.0,935.1772702875409,55.6199340960149,826.1642026368603,1044.1903379382213,653.0,815.1772702875409,706.1642026368603,924.1903379382213,162.17727028754086,"MATR_b2c27,MATR_b4c23,MATR_b2c13,MATR_b4c22,MATR_b4c26,MATR_b2c14,MATR_b4c0,MATR_b2c44,MATR_b4c38,MATR_b2c17,MATR_b3c39,MATR_b1c7,MATR_b4c13,MATR_b3c10,MATR_b4c33,MATR_b2c34",False,False,0.95
120,MATR_b4c3,777.0,980.1207128550598,57.818035984942185,866.7994446677322,1093.4419810423872,657.0,860.1207128550598,746.7994446677322,973.4419810423872,203.12071285505976,"MATR_b2c27,MATR_b4c23,MATR_b2c13,MATR_b4c22,MATR_b4c26,MATR_b2c14,MATR_b4c0,MATR_b2c44,MATR_b4c38,MATR_b2c17,MATR_b3c39,MATR_b1c7,MATR_b4c13,MATR_b3c10,MATR_b4c33,MATR_b2c34",False,False,0.95
120,MATR_b4c32,754.0,937.9015441422987,59.60319189344332,821.08143466752,1054.7216536170772,634.0,817.9015441422987,701.08143466752,934.7216536170772,183.9015441422987,"MATR_b2c27,MATR_b4c23,MATR_b2c13,MATR_b4c22,MATR_b4c26,MATR_b2c14,MATR_b4c0,MATR_b2c44,MATR_b4c38,MATR_b2c17,MATR_b3c39,MATR_b1c7,MATR_b4c13,MATR_b3c10,MATR_b4c33,MATR_b2c34",False,False,0.95
120,MATR_b4c34,891.0,1011.7663830604538,74.17099509484517,866.3939039770603,1157.1388621438473,771.0,891.7663830604538,746.3939039770603,1037.1388621438473,120.76638306045379,"MATR_b2c27,MATR_b4c23,MATR_b2c13,MATR_b4c22,MATR_b4c26,MATR_b2c14,MATR_b4c0,MATR_b2c44,MATR_b4c38,MATR_b2c17,MATR_b3c39,MATR_b1c7,MATR_b4c13,MATR_b3c10,MATR_b4c33,MATR_b2c34",False,False,0.95
120,MATR_b4c42,774.0,832.0520110312877,65.17197105218254,704.317294967523,959.7867270950525,654.0,712.0520110312877,584.317294967523,839.7867270950525,58.05201103128775,"MATR_b2c27,MATR_b4c23,MATR_b2c13,MATR_b4c22,MATR_b4c26,MATR_b2c14,MATR_b4c0,MATR_b2c44,MATR_b4c38,MATR_b2c17,MATR_b3c39,MATR_b1c7,MATR_b4c13,MATR_b3c10,MATR_b4c33,MATR_b2c34",False,False,0.95
120,MATR_b4c6,706.0,744.6480464670486,25.250093409653953,695.1587727778547,794.1373201562426,586.0,624.6480464670486,575.1587727778547,674.1373201562426,38.64804646704863,"MATR_b2c27,MATR_b4c23,MATR_b2c13,MATR_b4c22,MATR_b4c26,MATR_b2c14,MATR_b4c0,MATR_b2c44,MATR_b4c38,MATR_b2c17,MATR_b3c39,MATR_b1c7,MATR_b4c13,MATR_b3c10,MATR_b4c33,MATR_b2c34",False,False,0.95
120,MATR_b4c7,529.0,649.8959549249477,33.14416667465684,584.9345819450276,714.8573279048677,409.0,529.8959549249477,464.9345819450276,594.8573279048677,120.89595492494766,"MATR_b2c27,MATR_b4c23,MATR_b2c13,MATR_b4c22,MATR_b4c26,MATR_b2c14,MATR_b4c0,MATR_b2c44,MATR_b4c38,MATR_b2c17,MATR_b3c39,MATR_b1c7,MATR_b4c13,MATR_b3c10,MATR_b4c33,MATR_b2c34",False,False,0.95
140,MATR_b1c14,877.0,874.9783175663822,32.38425263312307,811.5063487392146,938.4502863935498,737.0,734.9783175663822,671.5063487392146,798.4502863935498,2.021682433617798,"MATR_b3c34,MATR_b3c22,MATR_b4c33,MATR_b1c15,MATR_b2c44,MATR_b3c4,MATR_b1c31,MATR_b2c39,MATR_b4c23,MATR_b2c35,MATR_b2c14,MATR_b2c13,MATR_b3c0,MATR_b1c7,MATR_b2c28,MATR_b4c8",False,False,0.95
140,MATR_b1c18,687.0,647.061833139199,15.778531072195149,616.1364805087504,677.9871857696477,547.0,507.06183313919905,476.1364805087504,537.9871857696477,39.93816686080095,"MATR_b3c34,MATR_b3c22,MATR_b4c33,MATR_b1c15,MATR_b2c44,MATR_b3c4,MATR_b1c31,MATR_b2c39,MATR_b4c23,MATR_b2c35,MATR_b2c14,MATR_b2c13,MATR_b3c0,MATR_b1c7,MATR_b2c28,MATR_b4c8",False,False,0.95
140,MATR_b1c19,786.0,746.7346008119532,44.176944142765116,660.1493813450959,833.3198202788105,646.0,606.7346008119532,520.1493813450959,693.3198202788105,39.265399188046786,"MATR_b3c34,MATR_b3c22,MATR_b4c33,MATR_b1c15,MATR_b2c44,MATR_b3c4,MATR_b1c31,MATR_b2c39,MATR_b4c23,MATR_b2c35,MATR_b2c14,MATR_b2c13,MATR_b3c0,MATR_b1c7,MATR_b2c28,MATR_b4c8",False,False,0.95
140,MATR_b1c2,2237.0,1873.5489393979178,171.17870131371023,1538.0448499027066,2209.053028893129,2097.0,1733.5489393979178,1398.0448499027066,2069.053028893129,363.4510606020822,"MATR_b3c34,MATR_b3c22,MATR_b4c33,MATR_b1c15,MATR_b2c44,MATR_b3c4,MATR_b1c31,MATR_b2c39,MATR_b4c23,MATR_b2c35,MATR_b2c14,MATR_b2c13,MATR_b3c0,MATR_b1c7,MATR_b2c28,MATR_b4c8",False,False,0.95
140,MATR_b1c30,707.0,902.5713387145319,27.816537316794008,848.0519273990012,957.0907500300625,567.0,762.5713387145319,708.0519273990012,817.0907500300625,195.57133871453186,"MATR_b3c34,MATR_b3c22,MATR_b4c33,MATR_b1c15,MATR_b2c44,MATR_b3c4,MATR_b1c31,MATR_b2c39,MATR_b4c23,MATR_b2c35,MATR_b2c14,MATR_b2c13,MATR_b3c0,MATR_b1c7,MATR_b2c28,MATR_b4c8",False,False,0.95
140,MATR_b1c34,742.0,797.467981596464,29.291241556014864,740.058203084212,854.8777601087161,602.0,657.467981596464,600.058203084212,714.8777601087161,55.46798159646403,"MATR_b3c34,MATR_b3c22,MATR_b4c33,MATR_b1c15,MATR_b2c44,MATR_b3c4,MATR_b1c31,MATR_b2c39,MATR_b4c23,MATR_b2c35,MATR_b2c14,MATR_b2c13,MATR_b3c0,MATR_b1c7,MATR_b2c28,MATR_b4c8",False,False,0.95
140,MATR_b1c35,701.0,651.7869690845748,67.4590973779013,519.5695677943079,784.0043703748418,561.0,511.7869690845748,379.5695677943079,644.0043703748418,49.21303091542518,"MATR_b3c34,MATR_b3c22,MATR_b4c33,MATR_b1c15,MATR_b2c44,MATR_b3c4,MATR_b1c31,MATR_b2c39,MATR_b4c23,MATR_b2c35,MATR_b2c14,MATR_b2c13,MATR_b3c0,MATR_b1c7,MATR_b2c28,MATR_b4c8",False,False,0.95
140,MATR_b1c42,700.0,692.6143840836975,42.29650169381701,609.7147640917788,775.5140040756162,560.0,552.6143840836975,469.71476409177876,635.5140040756162,7.385615916302527,"MATR_b3c34,MATR_b3c22,MATR_b4c33,MATR_b1c15,MATR_b2c44,MATR_b3c4,MATR_b1c31,MATR_b2c39,MATR_b4c23,MATR_b2c35,MATR_b2c14,MATR_b2c13,MATR_b3c0,MATR_b1c7,MATR_b2c28,MATR_b4c8",False,False,0.95
140,MATR_b1c5,1071.0,963.6043603583408,22.51488557375752,919.4759955177357,1007.732725198946,931.0,823.6043603583408,779.4759955177357,867.732725198946,107.39563964165916,"MATR_b3c34,MATR_b3c22,MATR_b4c33,MATR_b1c15,MATR_b2c44,MATR_b3c4,MATR_b1c31,MATR_b2c39,MATR_b4c23,MATR_b2c35,MATR_b2c14,MATR_b2c13,MATR_b3c0,MATR_b1c7,MATR_b2c28,MATR_b4c8",False,False,0.95
140,MATR_b1c6,633.0,907.700053361312,22.790728652136313,863.0310460216998,952.3690607009243,493.0,767.700053361312,723.0310460216998,812.3690607009243,274.70005336131203,"MATR_b3c34,MATR_b3c22,MATR_b4c33,MATR_b1c15,MATR_b2c44,MATR_b3c4,MATR_b1c31,MATR_b2c39,MATR_b4c23,MATR_b2c35,MATR_b2c14,MATR_b2c13,MATR_b3c0,MATR_b1c7,MATR_b2c28,MATR_b4c8",False,False,0.95
140,MATR_b2c19,460.0,483.78596309646815,10.281060383820035,463.6354550212993,503.936471171637,320.0,343.78596309646815,323.6354550212993,363.936471171637,23.78596309646815,"MATR_b3c34,MATR_b3c22,MATR_b4c33,MATR_b1c15,MATR_b2c44,MATR_b3c4,MATR_b1c31,MATR_b2c39,MATR_b4c23,MATR_b2c35,MATR_b2c14,MATR_b2c13,MATR_b3c0,MATR_b1c7,MATR_b2c28,MATR_b4c8",False,False,0.95
140,MATR_b2c22,512.0,529.9178409632959,25.950406903398154,479.055978048476,580.7797038781159,372.0,389.91784096329593,339.055978048476,440.7797038781159,17.91784096329593,"MATR_b3c34,MATR_b3c22,MATR_b4c33,MATR_b1c15,MATR_b2c44,MATR_b3c4,MATR_b1c31,MATR_b2c39,MATR_b4c23,MATR_b2c35,MATR_b2c14,MATR_b2c13,MATR_b3c0,MATR_b1c7,MATR_b2c28,MATR_b4c8",False,False,0.95
140,MATR_b2c24,494.0,506.87597184378257,30.77857586079785,446.5510716611849,567.2008720263802,354.0,366.87597184378257,306.5510716611849,427.20087202638024,12.875971843782565,"MATR_b3c34,MATR_b3c22,MATR_b4c33,MATR_b1c15,MATR_b2c44,MATR_b3c4,MATR_b1c31,MATR_b2c39,MATR_b4c23,MATR_b2c35,MATR_b2c14,MATR_b2c13,MATR_b3c0,MATR_b1c7,MATR_b2c28,MATR_b4c8",False,False,0.95
140,MATR_b2c3,334.0,350.6380005881635,10.867971461741222,329.3371679381416,371.9388332381854,194.0,210.6380005881635,189.3371679381416,231.9388332381854,16.638000588163493,"MATR_b3c34,MATR_b3c22,MATR_b4c33,MATR_b1c15,MATR_b2c44,MATR_b3c4,MATR_b1c31,MATR_b2c39,MATR_b4c23,MATR_b2c35,MATR_b2c14,MATR_b2c13,MATR_b3c0,MATR_b1c7,MATR_b2c28,MATR_b4c8",False,False,0.95
140,MATR_b2c33,519.0,568.8468411348348,39.677780277459725,491.07982080452007,646.6138614651495,379.0,428.8468411348348,351.07982080452007,506.6138614651495,49.84684113483479,"MATR_b3c34,MATR_b3c22,MATR_b4c33,MATR_b1c15,MATR_b2c44,MATR_b3c4,MATR_b1c31,MATR_b2c39,MATR_b4c23,MATR_b2c35,MATR_b2c14,MATR_b2c13,MATR_b3c0,MATR_b1c7,MATR_b2c28,MATR_b4c8",False,False,0.95
140,MATR_b2c41,428.0,498.50748659293856,34.08508656358832,431.70194451837534,565.3130286675017,288.0,358.50748659293856,291.70194451837534,425.3130286675017,70.50748659293856,"MATR_b3c34,MATR_b3c22,MATR_b4c33,MATR_b1c15,MATR_b2c44,MATR_b3c4,MATR_b1c31,MATR_b2c39,MATR_b4c23,MATR_b2c35,MATR_b2c14,MATR_b2c13,MATR_b3c0,MATR_b1c7,MATR_b2c28,MATR_b4c8",False,False,0.95
140,MATR_b3c1,1061.0,1294.5497730332524,130.30753627560006,1039.1516950189298,1549.947851047575,921.0,1154.5497730332524,899.1516950189298,1409.947851047575,233.54977303325245,"MATR_b3c34,MATR_b3c22,MATR_b4c33,MATR_b1c15,MATR_b2c44,MATR_b3c4,MATR_b1c31,MATR_b2c39,MATR_b4c23,MATR_b2c35,MATR_b2c14,MATR_b2c13,MATR_b3c0,MATR_b1c7,MATR_b2c28,MATR_b4c8",False,False,0.95
140,MATR_b3c14,856.0,1010.1386877718943,22.855003429814495,965.3437041829185,1054.93367136087,716.0,870.1386877718943,825.3437041829185,914.93367136087,154.1386877718943,"MATR_b3c34,MATR_b3c22,MATR_b4c33,MATR_b1c15,MATR_b2c44,MATR_b3c4,MATR_b1c31,MATR_b2c39,MATR_b4c23,MATR_b2c35,MATR_b2c14,MATR_b2c13,MATR_b3c0,MATR_b1c7,MATR_b2c28,MATR_b4c8",False,False,0.95
140,MATR_b3c17,1313.0,1467.6313822692055,173.69265129031967,1127.2000413609044,1808.0627231775065,1173.0,1327.6313822692055,987.2000413609044,1668.0627231775065,154.63138226920546,"MATR_b3c34,MATR_b3c22,MATR_b4c33,MATR_b1c15,MATR_b2c44,MATR_b3c4,MATR_b1c31,MATR_b2c39,MATR_b4c23,MATR_b2c35,MATR_b2c14,MATR_b2c13,MATR_b3c0,MATR_b1c7,MATR_b2c28,MATR_b4c8",False,False,0.95
140,MATR_b3c24,823.0,856.0755248851436,44.50677492921821,768.8438489558457,943.3072008144416,683.0,716.0755248851436,628.8438489558457,803.3072008144416,33.075524885143636,"MATR_b3c34,MATR_b3c22,MATR_b4c33,MATR_b1c15,MATR_b2c44,MATR_b3c4,MATR_b1c31,MATR_b2c39,MATR_b4c23,MATR_b2c35,MATR_b2c14,MATR_b2c13,MATR_b3c0,MATR_b1c7,MATR_b2c28,MATR_b4c8",False,False,0.95
140,MATR_b3c31,729.0,719.1478064813754,44.58889740803625,631.755173451273,806.5404395114778,589.0,579.1478064813754,491.755173451273,666.5404395114778,9.852193518624631,"MATR_b3c34,MATR_b3c22,MATR_b4c33,MATR_b1c15,MATR_b2c44,MATR_b3c4,MATR_b1c31,MATR_b2c39,MATR_b4c23,MATR_b2c35,MATR_b2c14,MATR_b2c13,MATR_b3c0,MATR_b1c7,MATR_b2c28,MATR_b4c8",False,False,0.95
140,MATR_b3c33,1282.0,1259.8210024354612,145.6501983511891,974.3518593260155,1545.2901455449069,1142.0,1119.8210024354612,834.3518593260155,1405.2901455449069,22.178997564538804,"MATR_b3c34,MATR_b3c22,MATR_b4c33,MATR_b1c15,MATR_b2c44,MATR_b3c4,MATR_b1c31,MATR_b2c39,MATR_b4c23,MATR_b2c35,MATR_b2c14,MATR_b2c13,MATR_b3c0,MATR_b1c7,MATR_b2c28,MATR_b4c8",False,False,0.95
140,MATR_b3c36,921.0,931.713061371845,59.00969407989651,816.0561862365214,1047.3699365071686,781.0,791.713061371845,676.0561862365214,907.3699365071686,10.713061371845015,"MATR_b3c34,MATR_b3c22,MATR_b4c33,MATR_b1c15,MATR_b2c44,MATR_b3c4,MATR_b1c31,MATR_b2c39,MATR_b4c23,MATR_b2c35,MATR_b2c14,MATR_b2c13,MATR_b3c0,MATR_b1c7,MATR_b2c28,MATR_b4c8",False,False,0.95
140,MATR_b3c6,665.0,636.703664429056,36.28398121319626,565.5883680354633,707.8189608226486,525.0,496.70366442905595,425.5883680354633,567.8189608226486,28.296335570944052,"MATR_b3c34,MATR_b3c22,MATR_b4c33,MATR_b1c15,MATR_b2c44,MATR_b3c4,MATR_b1c31,MATR_b2c39,MATR_b4c23,MATR_b2c35,MATR_b2c14,MATR_b2c13,MATR_b3c0,MATR_b1c7,MATR_b2c28,MATR_b4c8",False,False,0.95
140,MATR_b4c1,760.0,742.9389403023592,53.54340923230314,637.9957865975557,847.8820940071628,620.0,602.9389403023592,497.9957865975557,707.8820940071628,17.061059697640758,"MATR_b3c34,MATR_b3c22,MATR_b4c33,MATR_b1c15,MATR_b2c44,MATR_b3c4,MATR_b1c31,MATR_b2c39,MATR_b4c23,MATR_b2c35,MATR_b2c14,MATR_b2c13,MATR_b3c0,MATR_b1c7,MATR_b2c28,MATR_b4c8",False,False,0.95
140,MATR_b4c11,863.0,846.7050748205521,61.359177972745265,726.4432958729881,966.9668537681162,723.0,706.7050748205521,586.4432958729881,826.9668537681162,16.294925179447887,"MATR_b3c34,MATR_b3c22,MATR_b4c33,MATR_b1c15,MATR_b2c44,MATR_b3c4,MATR_b1c31,MATR_b2c39,MATR_b4c23,MATR_b2c35,MATR_b2c14,MATR_b2c13,MATR_b3c0,MATR_b1c7,MATR_b2c28,MATR_b4c8",False,False,0.95
140,MATR_b4c15,675.0,704.0638055138046,36.17395449938138,633.1641575166265,774.9634535109827,535.0,564.0638055138046,493.16415751662646,634.9634535109827,29.063805513804596,"MATR_b3c34,MATR_b3c22,MATR_b4c33,MATR_b1c15,MATR_b2c44,MATR_b3c4,MATR_b1c31,MATR_b2c39,MATR_b4c23,MATR_b2c35,MATR_b2c14,MATR_b2c13,MATR_b3c0,MATR_b1c7,MATR_b2c28,MATR_b4c8",False,False,0.95
140,MATR_b4c21,773.0,940.19694623085,45.80768814895699,850.4155272438521,1029.978365217848,633.0,800.19694623085,710.4155272438521,889.978365217848,167.19694623085002,"MATR_b3c34,MATR_b3c22,MATR_b4c33,MATR_b1c15,MATR_b2c44,MATR_b3c4,MATR_b1c31,MATR_b2c39,MATR_b4c23,MATR_b2c35,MATR_b2c14,MATR_b2c13,MATR_b3c0,MATR_b1c7,MATR_b2c28,MATR_b4c8",False,False,0.95
140,MATR_b4c3,777.0,1059.5923505109474,46.66004937740197,968.140334214379,1151.0443668075159,637.0,919.5923505109474,828.140334214379,1011.0443668075159,282.5923505109474,"MATR_b3c34,MATR_b3c22,MATR_b4c33,MATR_b1c15,MATR_b2c44,MATR_b3c4,MATR_b1c31,MATR_b2c39,MATR_b4c23,MATR_b2c35,MATR_b2c14,MATR_b2c13,MATR_b3c0,MATR_b1c7,MATR_b2c28,MATR_b4c8",False,False,0.95
140,MATR_b4c32,754.0,940.5551705526607,48.201034996261235,846.0828779424339,1035.0274631628874,614.0,800.5551705526607,706.0828779424339,895.0274631628874,186.55517055266068,"MATR_b3c34,MATR_b3c22,MATR_b4c33,MATR_b1c15,MATR_b2c44,MATR_b3c4,MATR_b1c31,MATR_b2c39,MATR_b4c23,MATR_b2c35,MATR_b2c14,MATR_b2c13,MATR_b3c0,MATR_b1c7,MATR_b2c28,MATR_b4c8",False,False,0.95
140,MATR_b4c34,891.0,1197.3402821684963,68.47560476294797,1063.130563013519,1331.5500013234737,751.0,1057.3402821684963,923.1305630135189,1191.5500013234737,306.3402821684963,"MATR_b3c34,MATR_b3c22,MATR_b4c33,MATR_b1c15,MATR_b2c44,MATR_b3c4,MATR_b1c31,MATR_b2c39,MATR_b4c23,MATR_b2c35,MATR_b2c14,MATR_b2c13,MATR_b3c0,MATR_b1c7,MATR_b2c28,MATR_b4c8",False,False,0.95
140,MATR_b4c42,774.0,792.3181047090809,48.5224394659247,697.2158709138436,887.4203385043182,634.0,652.3181047090809,557.2158709138436,747.4203385043182,18.3181047090809,"MATR_b3c34,MATR_b3c22,MATR_b4c33,MATR_b1c15,MATR_b2c44,MATR_b3c4,MATR_b1c31,MATR_b2c39,MATR_b4c23,MATR_b2c35,MATR_b2c14,MATR_b2c13,MATR_b3c0,MATR_b1c7,MATR_b2c28,MATR_b4c8",False,False,0.95
140,MATR_b4c6,706.0,773.9388046037167,19.43223919563735,735.8523156412999,812.0252935661334,566.0,633.9388046037167,595.8523156412999,672.0252935661334,67.93880460371668,"MATR_b3c34,MATR_b3c22,MATR_b4c33,MATR_b1c15,MATR_b2c44,MATR_b3c4,MATR_b1c31,MATR_b2c39,MATR_b4c23,MATR_b2c35,MATR_b2c14,MATR_b2c13,MATR_b3c0,MATR_b1c7,MATR_b2c28,MATR_b4c8",False,False,0.95
140,MATR_b4c7,529.0,626.9837504010358,20.273800530061884,587.2478315323655,666.7196692697061,389.0,486.98375040103576,447.24783153236547,526.7196692697061,97.98375040103576,"MATR_b3c34,MATR_b3c22,MATR_b4c33,MATR_b1c15,MATR_b2c44,MATR_b3c4,MATR_b1c31,MATR_b2c39,MATR_b4c23,MATR_b2c35,MATR_b2c14,MATR_b2c13,MATR_b3c0,MATR_b1c7,MATR_b2c28,MATR_b4c8",False,False,0.95
160,MATR_b1c14,877.0,863.1137718282813,33.44188006771828,797.5688913202456,928.658652336317,717.0,703.1137718282813,637.5688913202456,768.658652336317,13.886228171718699,"MATR_b2c11,MATR_b4c30,MATR_b4c43,MATR_b3c10,MATR_b3c19,MATR_b1c0,MATR_b2c5,MATR_b1c41,MATR_b3c27,MATR_b2c47,MATR_b2c36,MATR_b1c16,MATR_b2c42,MATR_b2c10,MATR_b4c16,MATR_b3c21",False,False,0.95
160,MATR_b1c18,687.0,650.9648880207632,12.317532013914049,626.8229688950726,675.1068071464538,527.0,490.96488802076317,466.82296889507256,515.1068071464538,36.03511197923683,"MATR_b2c11,MATR_b4c30,MATR_b4c43,MATR_b3c10,MATR_b3c19,MATR_b1c0,MATR_b2c5,MATR_b1c41,MATR_b3c27,MATR_b2c47,MATR_b2c36,MATR_b1c16,MATR_b2c42,MATR_b2c10,MATR_b4c16,MATR_b3c21",False,False,0.95
160,MATR_b1c19,786.0,738.5948658321704,41.37959045624092,657.4923588429209,819.6973728214199,626.0,578.5948658321704,497.4923588429209,659.6973728214199,47.4051341678296,"MATR_b2c11,MATR_b4c30,MATR_b4c43,MATR_b3c10,MATR_b3c19,MATR_b1c0,MATR_b2c5,MATR_b1c41,MATR_b3c27,MATR_b2c47,MATR_b2c36,MATR_b1c16,MATR_b2c42,MATR_b2c10,MATR_b4c16,MATR_b3c21",False,False,0.95
160,MATR_b1c2,2237.0,1820.4275564315817,151.05904686412703,1524.3572650389447,2116.4978478242188,2077.0,1660.4275564315817,1364.3572650389447,1956.4978478242188,416.5724435684183,"MATR_b2c11,MATR_b4c30,MATR_b4c43,MATR_b3c10,MATR_b3c19,MATR_b1c0,MATR_b2c5,MATR_b1c41,MATR_b3c27,MATR_b2c47,MATR_b2c36,MATR_b1c16,MATR_b2c42,MATR_b2c10,MATR_b4c16,MATR_b3c21",False,False,0.95
160,MATR_b1c30,707.0,883.3544246113073,27.4735283542785,829.5072985086815,937.2015507139331,547.0,723.3544246113073,669.5072985086815,777.2015507139331,176.3544246113073,"MATR_b2c11,MATR_b4c30,MATR_b4c43,MATR_b3c10,MATR_b3c19,MATR_b1c0,MATR_b2c5,MATR_b1c41,MATR_b3c27,MATR_b2c47,MATR_b2c36,MATR_b1c16,MATR_b2c42,MATR_b2c10,MATR_b4c16,MATR_b3c21",False,False,0.95
160,MATR_b1c34,742.0,794.1936706212605,28.25693116553436,738.8111032231857,849.5762380193353,582.0,634.1936706212605,578.8111032231857,689.5762380193353,52.19367062126048,"MATR_b2c11,MATR_b4c30,MATR_b4c43,MATR_b3c10,MATR_b3c19,MATR_b1c0,MATR_b2c5,MATR_b1c41,MATR_b3c27,MATR_b2c47,MATR_b2c36,MATR_b1c16,MATR_b2c42,MATR_b2c10,MATR_b4c16,MATR_b3c21",False,False,0.95
160,MATR_b1c35,701.0,634.6199412042675,67.39825946477634,502.5217800326201,766.718102375915,541.0,474.61994120426755,342.5217800326201,606.718102375915,66.38005879573245,"MATR_b2c11,MATR_b4c30,MATR_b4c43,MATR_b3c10,MATR_b3c19,MATR_b1c0,MATR_b2c5,MATR_b1c41,MATR_b3c27,MATR_b2c47,MATR_b2c36,MATR_b1c16,MATR_b2c42,MATR_b2c10,MATR_b4c16,MATR_b3c21",False,False,0.95
160,MATR_b1c42,700.0,719.3058363834675,39.25157849158702,642.3741562036099,796.2375165633251,540.0,559.3058363834675,482.3741562036099,636.2375165633251,19.305836383467522,"MATR_b2c11,MATR_b4c30,MATR_b4c43,MATR_b3c10,MATR_b3c19,MATR_b1c0,MATR_b2c5,MATR_b1c41,MATR_b3c27,MATR_b2c47,MATR_b2c36,MATR_b1c16,MATR_b2c42,MATR_b2c10,MATR_b4c16,MATR_b3c21",False,False,0.95
160,MATR_b1c5,1071.0,976.7133568774354,21.29204163802145,934.9817221095861,1018.4449916452847,911.0,816.7133568774354,774.9817221095861,858.4449916452847,94.28664312256456,"MATR_b2c11,MATR_b4c30,MATR_b4c43,MATR_b3c10,MATR_b3c19,MATR_b1c0,MATR_b2c5,MATR_b1c41,MATR_b3c27,MATR_b2c47,MATR_b2c36,MATR_b1c16,MATR_b2c42,MATR_b2c10,MATR_b4c16,MATR_b3c21",False,False,0.95
160,MATR_b1c6,633.0,889.1353295908697,20.673794165361357,848.6154376029671,929.6552215787723,473.0,729.1353295908697,688.6154376029671,769.6552215787723,256.1353295908697,"MATR_b2c11,MATR_b4c30,MATR_b4c43,MATR_b3c10,MATR_b3c19,MATR_b1c0,MATR_b2c5,MATR_b1c41,MATR_b3c27,MATR_b2c47,MATR_b2c36,MATR_b1c16,MATR_b2c42,MATR_b2c10,MATR_b4c16,MATR_b3c21",False,False,0.95
160,MATR_b2c19,460.0,494.6763588644062,9.645006965219142,475.7724925819387,513.5802251468737,300.0,334.6763588644062,315.7724925819387,353.58022514687366,34.67635886440621,"MATR_b2c11,MATR_b4c30,MATR_b4c43,MATR_b3c10,MATR_b3c19,MATR_b1c0,MATR_b2c5,MATR_b1c41,MATR_b3c27,MATR_b2c47,MATR_b2c36,MATR_b1c16,MATR_b2c42,MATR_b2c10,MATR_b4c16,MATR_b3c21",False,False,0.95
160,MATR_b2c22,512.0,503.0845903599397,20.188111804383684,463.51661830747975,542.6525624123997,352.0,343.0845903599397,303.51661830747975,382.6525624123997,8.915409640060318,"MATR_b2c11,MATR_b4c30,MATR_b4c43,MATR_b3c10,MATR_b3c19,MATR_b1c0,MATR_b2c5,MATR_b1c41,MATR_b3c27,MATR_b2c47,MATR_b2c36,MATR_b1c16,MATR_b2c42,MATR_b2c10,MATR_b4c16,MATR_b3c21",False,False,0.95
160,MATR_b2c24,494.0,490.7635744333608,24.427970002541752,442.8856330129542,538.6415158537675,334.0,330.7635744333608,282.8856330129542,378.6415158537675,3.236425566639184,"MATR_b2c11,MATR_b4c30,MATR_b4c43,MATR_b3c10,MATR_b3c19,MATR_b1c0,MATR_b2c5,MATR_b1c41,MATR_b3c27,MATR_b2c47,MATR_b2c36,MATR_b1c16,MATR_b2c42,MATR_b2c10,MATR_b4c16,MATR_b3c21",False,False,0.95
160,MATR_b2c3,334.0,353.87547524438065,10.361943144897111,333.56643987053064,374.18451061823066,174.0,193.87547524438065,173.56643987053064,214.18451061823066,19.875475244380652,"MATR_b2c11,MATR_b4c30,MATR_b4c43,MATR_b3c10,MATR_b3c19,MATR_b1c0,MATR_b2c5,MATR_b1c41,MATR_b3c27,MATR_b2c47,MATR_b2c36,MATR_b1c16,MATR_b2c42,MATR_b2c10,MATR_b4c16,MATR_b3c21",False,False,0.95
160,MATR_b2c33,519.0,551.9581310635771,33.54497424228719,486.2111896863704,617.7050724407837,359.0,391.95813106357707,326.2111896863704,457.70507244078374,32.95813106357707,"MATR_b2c11,MATR_b4c30,MATR_b4c43,MATR_b3c10,MATR_b3c19,MATR_b1c0,MATR_b2c5,MATR_b1c41,MATR_b3c27,MATR_b2c47,MATR_b2c36,MATR_b1c16,MATR_b2c42,MATR_b2c10,MATR_b4c16,MATR_b3c21",False,False,0.95
160,MATR_b2c41,428.0,488.87798021619125,26.098700198792326,437.72546778324994,540.0304926491325,268.0,328.87798021619125,277.72546778324994,380.0304926491325,60.87798021619125,"MATR_b2c11,MATR_b4c30,MATR_b4c43,MATR_b3c10,MATR_b3c19,MATR_b1c0,MATR_b2c5,MATR_b1c41,MATR_b3c27,MATR_b2c47,MATR_b2c36,MATR_b1c16,MATR_b2c42,MATR_b2c10,MATR_b4c16,MATR_b3c21",False,False,0.95
160,MATR_b3c1,1061.0,1221.8406427479695,109.21321432662633,1007.7866760319281,1435.894609464011,901.0,1061.8406427479695,847.7866760319281,1275.894609464011,160.84064274796947,"MATR_b2c11,MATR_b4c30,MATR_b4c43,MATR_b3c10,MATR_b3c19,MATR_b1c0,MATR_b2c5,MATR_b1c41,MATR_b3c27,MATR_b2c47,MATR_b2c36,MATR_b1c16,MATR_b2c42,MATR_b2c10,MATR_b4c16,MATR_b3c21",False,False,0.95
160,MATR_b3c14,856.0,976.8567595216275,23.5671142375453,930.6660643964976,1023.0474546467574,696.0,816.8567595216275,770.6660643964976,863.0474546467574,120.85675952162751,"MATR_b2c11,MATR_b4c30,MATR_b4c43,MATR_b3c10,MATR_b3c19,MATR_b1c0,MATR_b2c5,MATR_b1c41,MATR_b3c27,MATR_b2c47,MATR_b2c36,MATR_b1c16,MATR_b2c42,MATR_b2c10,MATR_b4c16,MATR_b3c21",False,False,0.95
160,MATR_b3c17,1313.0,1355.073329495664,140.60670665378217,1079.4892484694626,1630.6574105218654,1153.0,1195.073329495664,919.4892484694626,1470.6574105218654,42.073329495663984,"MATR_b2c11,MATR_b4c30,MATR_b4c43,MATR_b3c10,MATR_b3c19,MATR_b1c0,MATR_b2c5,MATR_b1c41,MATR_b3c27,MATR_b2c47,MATR_b2c36,MATR_b1c16,MATR_b2c42,MATR_b2c10,MATR_b4c16,MATR_b3c21",False,False,0.95
160,MATR_b3c24,823.0,838.8227141829349,42.72448425071422,755.0842637934862,922.5611645723835,663.0,678.8227141829349,595.0842637934862,762.5611645723835,15.822714182934874,"MATR_b2c11,MATR_b4c30,MATR_b4c43,MATR_b3c10,MATR_b3c19,MATR_b1c0,MATR_b2c5,MATR_b1c41,MATR_b3c27,MATR_b2c47,MATR_b2c36,MATR_b1c16,MATR_b2c42,MATR_b2c10,MATR_b4c16,MATR_b3c21",False,False,0.95
160,MATR_b3c31,729.0,678.9610926661795,44.785064509400804,591.183979182451,766.738206149908,569.0,518.9610926661795,431.183979182451,606.738206149908,50.038907333820475,"MATR_b2c11,MATR_b4c30,MATR_b4c43,MATR_b3c10,MATR_b3c19,MATR_b1c0,MATR_b2c5,MATR_b1c41,MATR_b3c27,MATR_b2c47,MATR_b2c36,MATR_b1c16,MATR_b2c42,MATR_b2c10,MATR_b4c16,MATR_b3c21",False,False,0.95
160,MATR_b3c33,1282.0,1230.0862571505286,133.61267552593705,968.2102252416557,1491.9622890594014,1122.0,1070.0862571505286,808.2102252416557,1331.9622890594014,51.91374284947142,"MATR_b2c11,MATR_b4c30,MATR_b4c43,MATR_b3c10,MATR_b3c19,MATR_b1c0,MATR_b2c5,MATR_b1c41,MATR_b3c27,MATR_b2c47,MATR_b2c36,MATR_b1c16,MATR_b2c42,MATR_b2c10,MATR_b4c16,MATR_b3c21",False,False,0.95
160,MATR_b3c36,921.0,941.2876531927193,48.776579250417065,845.6873145728382,1036.8879918126004,761.0,781.2876531927193,685.6873145728382,876.8879918126004,20.28765319271929,"MATR_b2c11,MATR_b4c30,MATR_b4c43,MATR_b3c10,MATR_b3c19,MATR_b1c0,MATR_b2c5,MATR_b1c41,MATR_b3c27,MATR_b2c47,MATR_b2c36,MATR_b1c16,MATR_b2c42,MATR_b2c10,MATR_b4c16,MATR_b3c21",False,False,0.95
160,MATR_b3c6,665.0,615.5697561989722,30.867445038820996,555.0706756281135,676.0688367698309,505.0,455.5697561989722,395.07067562811346,516.0688367698309,49.430243801027814,"MATR_b2c11,MATR_b4c30,MATR_b4c43,MATR_b3c10,MATR_b3c19,MATR_b1c0,MATR_b2c5,MATR_b1c41,MATR_b3c27,MATR_b2c47,MATR_b2c36,MATR_b1c16,MATR_b2c42,MATR_b2c10,MATR_b4c16,MATR_b3c21",False,False,0.95
160,MATR_b4c1,760.0,725.7890402870842,48.171484077357995,631.3746664136179,820.2034141605504,600.0,565.7890402870842,471.3746664136179,660.2034141605504,34.21095971291584,"MATR_b2c11,MATR_b4c30,MATR_b4c43,MATR_b3c10,MATR_b3c19,MATR_b1c0,MATR_b2c5,MATR_b1c41,MATR_b3c27,MATR_b2c47,MATR_b2c36,MATR_b1c16,MATR_b2c42,MATR_b2c10,MATR_b4c16,MATR_b3c21",False,False,0.95
160,MATR_b4c11,863.0,857.1283769364103,48.99180554179547,761.1062025369014,953.1505513359192,703.0,697.1283769364103,601.1062025369014,793.1505513359192,5.871623063589709,"MATR_b2c11,MATR_b4c30,MATR_b4c43,MATR_b3c10,MATR_b3c19,MATR_b1c0,MATR_b2c5,MATR_b1c41,MATR_b3c27,MATR_b2c47,MATR_b2c36,MATR_b1c16,MATR_b2c42,MATR_b2c10,MATR_b4c16,MATR_b3c21",False,False,0.95
160,MATR_b4c15,675.0,717.0007235646797,37.02757426481197,644.4280115707661,789.5734355585932,515.0,557.0007235646797,484.4280115707661,629.5734355585932,42.000723564679674,"MATR_b2c11,MATR_b4c30,MATR_b4c43,MATR_b3c10,MATR_b3c19,MATR_b1c0,MATR_b2c5,MATR_b1c41,MATR_b3c27,MATR_b2c47,MATR_b2c36,MATR_b1c16,MATR_b2c42,MATR_b2c10,MATR_b4c16,MATR_b3c21",False,False,0.95
160,MATR_b4c21,773.0,946.4801838980894,43.2390682666549,861.7331673703771,1031.2272004258018,613.0,786.4801838980894,701.7331673703771,871.2272004258018,173.48018389808942,"MATR_b2c11,MATR_b4c30,MATR_b4c43,MATR_b3c10,MATR_b3c19,MATR_b1c0,MATR_b2c5,MATR_b1c41,MATR_b3c27,MATR_b2c47,MATR_b2c36,MATR_b1c16,MATR_b2c42,MATR_b2c10,MATR_b4c16,MATR_b3c21",False,False,0.95
160,MATR_b4c3,777.0,1059.4191005447487,45.231734576230146,970.7665298170626,1148.071671272435,617.0,899.4191005447487,810.7665298170626,988.071671272435,282.41910054474874,"MATR_b2c11,MATR_b4c30,MATR_b4c43,MATR_b3c10,MATR_b3c19,MATR_b1c0,MATR_b2c5,MATR_b1c41,MATR_b3c27,MATR_b2c47,MATR_b2c36,MATR_b1c16,MATR_b2c42,MATR_b2c10,MATR_b4c16,MATR_b3c21",False,False,0.95
160,MATR_b4c32,754.0,969.6721553128884,41.309775763420475,888.7064826071587,1050.6378280186182,594.0,809.6721553128884,728.7064826071587,890.6378280186182,215.67215531288844,"MATR_b2c11,MATR_b4c30,MATR_b4c43,MATR_b3c10,MATR_b3c19,MATR_b1c0,MATR_b2c5,MATR_b1c41,MATR_b3c27,MATR_b2c47,MATR_b2c36,MATR_b1c16,MATR_b2c42,MATR_b2c10,MATR_b4c16,MATR_b3c21",False,False,0.95
160,MATR_b4c34,891.0,1203.137362288831,64.4806272809171,1076.7576551176826,1329.5170694599792,731.0,1043.137362288831,916.7576551176826,1169.5170694599792,312.1373622888309,"MATR_b2c11,MATR_b4c30,MATR_b4c43,MATR_b3c10,MATR_b3c19,MATR_b1c0,MATR_b2c5,MATR_b1c41,MATR_b3c27,MATR_b2c47,MATR_b2c36,MATR_b1c16,MATR_b2c42,MATR_b2c10,MATR_b4c16,MATR_b3c21",False,False,0.95
160,MATR_b4c42,774.0,764.6711812010719,43.92057427778236,678.5884374363022,850.7539249658416,614.0,604.6711812010719,518.5884374363022,690.7539249658416,9.328818798928069,"MATR_b2c11,MATR_b4c30,MATR_b4c43,MATR_b3c10,MATR_b3c19,MATR_b1c0,MATR_b2c5,MATR_b1c41,MATR_b3c27,MATR_b2c47,MATR_b2c36,MATR_b1c16,MATR_b2c42,MATR_b2c10,MATR_b4c16,MATR_b3c21",False,False,0.95
160,MATR_b4c6,706.0,762.2157712048986,18.339669128548206,726.2706802245631,798.1608621852341,546.0,602.2157712048986,566.2706802245631,638.1608621852341,56.2157712048986,"MATR_b2c11,MATR_b4c30,MATR_b4c43,MATR_b3c10,MATR_b3c19,MATR_b1c0,MATR_b2c5,MATR_b1c41,MATR_b3c27,MATR_b2c47,MATR_b2c36,MATR_b1c16,MATR_b2c42,MATR_b2c10,MATR_b4c16,MATR_b3c21",False,False,0.95
160,MATR_b4c7,529.0,609.2452667474718,16.89376068603923,576.1341042393962,642.3564292555474,369.0,449.24526674747176,416.13410423939615,482.35642925554737,80.24526674747176,"MATR_b2c11,MATR_b4c30,MATR_b4c43,MATR_b3c10,MATR_b3c19,MATR_b1c0,MATR_b2c5,MATR_b1c41,MATR_b3c27,MATR_b2c47,MATR_b2c36,MATR_b1c16,MATR_b2c42,MATR_b2c10,MATR_b4c16,MATR_b3c21",False,False,0.95
180,MATR_b1c14,877.0,877.7068351608075,32.30909797963471,814.3821667477476,941.0315035738673,697.0,697.7068351608075,634.3821667477476,761.0315035738673,0.7068351608074863,"MATR_b1c15,MATR_b2c14,MATR_b2c5,MATR_b2c42,MATR_b4c8,MATR_b3c28,MATR_b2c10,MATR_b1c36,MATR_b2c27,MATR_b1c16,MATR_b1c23,MATR_b3c10,MATR_b3c27,MATR_b2c39,MATR_b4c33,MATR_b4c19",False,False,0.95
180,MATR_b1c18,687.0,665.3228707588107,11.596251529230143,642.5946354058522,688.0511061117693,507.0,485.3228707588107,462.59463540585216,508.0511061117693,21.677129241189277,"MATR_b1c15,MATR_b2c14,MATR_b2c5,MATR_b2c42,MATR_b4c8,MATR_b3c28,MATR_b2c10,MATR_b1c36,MATR_b2c27,MATR_b1c16,MATR_b1c23,MATR_b3c10,MATR_b3c27,MATR_b2c39,MATR_b4c33,MATR_b4c19",False,False,0.95
180,MATR_b1c19,786.0,744.4763902556309,32.35358902638021,681.0645209933155,807.8882595179464,606.0,564.4763902556309,501.06452099331545,627.8882595179464,41.52360974436908,"MATR_b1c15,MATR_b2c14,MATR_b2c5,MATR_b2c42,MATR_b4c8,MATR_b3c28,MATR_b2c10,MATR_b1c36,MATR_b2c27,MATR_b1c16,MATR_b1c23,MATR_b3c10,MATR_b3c27,MATR_b2c39,MATR_b4c33,MATR_b4c19",False,False,0.95
180,MATR_b1c2,2237.0,1908.0220317379672,163.0938032604163,1588.36405124589,2227.680012230044,2057.0,1728.0220317379672,1408.36405124589,2047.6800122300442,328.97796826203285,"MATR_b1c15,MATR_b2c14,MATR_b2c5,MATR_b2c42,MATR_b4c8,MATR_b3c28,MATR_b2c10,MATR_b1c36,MATR_b2c27,MATR_b1c16,MATR_b1c23,MATR_b3c10,MATR_b3c27,MATR_b2c39,MATR_b4c33,MATR_b4c19",False,False,0.95
180,MATR_b1c30,707.0,890.750086648736,24.95289989822582,841.8433015383802,939.6568717590918,527.0,710.750086648736,661.8433015383802,759.6568717590918,183.750086648736,"MATR_b1c15,MATR_b2c14,MATR_b2c5,MATR_b2c42,MATR_b4c8,MATR_b3c28,MATR_b2c10,MATR_b1c36,MATR_b2c27,MATR_b1c16,MATR_b1c23,MATR_b3c10,MATR_b3c27,MATR_b2c39,MATR_b4c33,MATR_b4c19",False,False,0.95
180,MATR_b1c34,742.0,803.205550560421,23.481799544354413,757.1820691612972,849.2290319595447,562.0,623.205550560421,577.1820691612972,669.2290319595447,61.20555056042099,"MATR_b1c15,MATR_b2c14,MATR_b2c5,MATR_b2c42,MATR_b4c8,MATR_b3c28,MATR_b2c10,MATR_b1c36,MATR_b2c27,MATR_b1c16,MATR_b1c23,MATR_b3c10,MATR_b3c27,MATR_b2c39,MATR_b4c33,MATR_b4c19",False,False,0.95
180,MATR_b1c35,701.0,662.8118189458766,64.03469116462891,537.3061305020587,788.3175073896944,521.0,482.81181894587655,357.30613050205875,608.3175073896944,38.18818105412345,"MATR_b1c15,MATR_b2c14,MATR_b2c5,MATR_b2c42,MATR_b4c8,MATR_b3c28,MATR_b2c10,MATR_b1c36,MATR_b2c27,MATR_b1c16,MATR_b1c23,MATR_b3c10,MATR_b3c27,MATR_b2c39,MATR_b4c33,MATR_b4c19",False,False,0.95
180,MATR_b1c42,700.0,736.9075935198772,31.891233119139567,674.4019251837926,799.4132618559618,520.0,556.9075935198772,494.4019251837926,619.4132618559618,36.907593519877196,"MATR_b1c15,MATR_b2c14,MATR_b2c5,MATR_b2c42,MATR_b4c8,MATR_b3c28,MATR_b2c10,MATR_b1c36,MATR_b2c27,MATR_b1c16,MATR_b1c23,MATR_b3c10,MATR_b3c27,MATR_b2c39,MATR_b4c33,MATR_b4c19",False,False,0.95
180,MATR_b1c5,1071.0,974.0850235318759,19.819638051458398,935.2392467643979,1012.9308002993539,891.0,794.0850235318759,755.2392467643979,832.9308002993539,96.91497646812411,"MATR_b1c15,MATR_b2c14,MATR_b2c5,MATR_b2c42,MATR_b4c8,MATR_b3c28,MATR_b2c10,MATR_b1c36,MATR_b2c27,MATR_b1c16,MATR_b1c23,MATR_b3c10,MATR_b3c27,MATR_b2c39,MATR_b4c33,MATR_b4c19",False,False,0.95
180,MATR_b1c6,633.0,877.6057287689541,18.16640504791618,842.0002291464718,913.2112283914364,453.0,697.6057287689541,662.0002291464718,733.2112283914364,244.60572876895412,"MATR_b1c15,MATR_b2c14,MATR_b2c5,MATR_b2c42,MATR_b4c8,MATR_b3c28,MATR_b2c10,MATR_b1c36,MATR_b2c27,MATR_b1c16,MATR_b1c23,MATR_b3c10,MATR_b3c27,MATR_b2c39,MATR_b4c33,MATR_b4c19",False,False,0.95
180,MATR_b2c19,460.0,495.93961948042227,9.469057613616883,477.3806075901984,514.4986313706462,280.0,315.93961948042227,297.3806075901984,334.4986313706462,35.939619480422266,"MATR_b1c15,MATR_b2c14,MATR_b2c5,MATR_b2c42,MATR_b4c8,MATR_b3c28,MATR_b2c10,MATR_b1c36,MATR_b2c27,MATR_b1c16,MATR_b1c23,MATR_b3c10,MATR_b3c27,MATR_b2c39,MATR_b4c33,MATR_b4c19",False,False,0.95
180,MATR_b2c22,512.0,488.10074541236764,15.203658429832581,458.302122456647,517.8993683680883,332.0,308.10074541236764,278.302122456647,337.8993683680883,23.899254587632356,"MATR_b1c15,MATR_b2c14,MATR_b2c5,MATR_b2c42,MATR_b4c8,MATR_b3c28,MATR_b2c10,MATR_b1c36,MATR_b2c27,MATR_b1c16,MATR_b1c23,MATR_b3c10,MATR_b3c27,MATR_b2c39,MATR_b4c33,MATR_b4c19",False,False,0.95
180,MATR_b2c24,494.0,482.60255253547933,20.798871570080788,441.83751333904695,523.3675917319117,314.0,302.60255253547933,261.83751333904695,343.3675917319117,11.397447464520667,"MATR_b1c15,MATR_b2c14,MATR_b2c5,MATR_b2c42,MATR_b4c8,MATR_b3c28,MATR_b2c10,MATR_b1c36,MATR_b2c27,MATR_b1c16,MATR_b1c23,MATR_b3c10,MATR_b3c27,MATR_b2c39,MATR_b4c33,MATR_b4c19",False,False,0.95
180,MATR_b2c3,334.0,353.9122480484163,10.450447700055268,333.42974693398855,374.39474916284405,154.0,173.9122480484163,153.42974693398855,194.39474916284405,19.912248048416302,"MATR_b1c15,MATR_b2c14,MATR_b2c5,MATR_b2c42,MATR_b4c8,MATR_b3c28,MATR_b2c10,MATR_b1c36,MATR_b2c27,MATR_b1c16,MATR_b1c23,MATR_b3c10,MATR_b3c27,MATR_b2c39,MATR_b4c33,MATR_b4c19",False,False,0.95
180,MATR_b2c33,519.0,534.2485443601649,24.31936414169754,486.5834665155229,581.913622204807,339.0,354.24854436016494,306.5834665155229,401.913622204807,15.248544360164942,"MATR_b1c15,MATR_b2c14,MATR_b2c5,MATR_b2c42,MATR_b4c8,MATR_b3c28,MATR_b2c10,MATR_b1c36,MATR_b2c27,MATR_b1c16,MATR_b1c23,MATR_b3c10,MATR_b3c27,MATR_b2c39,MATR_b4c33,MATR_b4c19",False,False,0.95
180,MATR_b2c41,428.0,484.7639616021607,23.377190420591607,438.9455103180664,530.582412886255,248.0,304.7639616021607,258.9455103180664,350.58241288625504,56.76396160216069,"MATR_b1c15,MATR_b2c14,MATR_b2c5,MATR_b2c42,MATR_b4c8,MATR_b3c28,MATR_b2c10,MATR_b1c36,MATR_b2c27,MATR_b1c16,MATR_b1c23,MATR_b3c10,MATR_b3c27,MATR_b2c39,MATR_b4c33,MATR_b4c19",False,False,0.95
180,MATR_b3c1,1061.0,1274.67315030901,116.41475585554558,1046.5044215631174,1502.8418790549026,881.0,1094.67315030901,866.5044215631174,1322.8418790549026,213.67315030901,"MATR_b1c15,MATR_b2c14,MATR_b2c5,MATR_b2c42,MATR_b4c8,MATR_b3c28,MATR_b2c10,MATR_b1c36,MATR_b2c27,MATR_b1c16,MATR_b1c23,MATR_b3c10,MATR_b3c27,MATR_b2c39,MATR_b4c33,MATR_b4c19",False,False,0.95
180,MATR_b3c14,856.0,984.3441277382096,22.166602517930354,940.8983851434513,1027.789870332968,676.0,804.3441277382096,760.8983851434513,847.7898703329679,128.34412773820964,"MATR_b1c15,MATR_b2c14,MATR_b2c5,MATR_b2c42,MATR_b4c8,MATR_b3c28,MATR_b2c10,MATR_b1c36,MATR_b2c27,MATR_b1c16,MATR_b1c23,MATR_b3c10,MATR_b3c27,MATR_b2c39,MATR_b4c33,MATR_b4c19",False,False,0.95
180,MATR_b3c17,1313.0,1461.0164177766148,162.1794138016226,1143.1506076916164,1778.8822278616133,1133.0,1281.0164177766148,963.1506076916164,1598.8822278616133,148.01641777661484,"MATR_b1c15,MATR_b2c14,MATR_b2c5,MATR_b2c42,MATR_b4c8,MATR_b3c28,MATR_b2c10,MATR_b1c36,MATR_b2c27,MATR_b1c16,MATR_b1c23,MATR_b3c10,MATR_b3c27,MATR_b2c39,MATR_b4c33,MATR_b4c19",False,False,0.95
180,MATR_b3c24,823.0,864.2654719620439,44.12918089985702,777.7738667310713,950.7570771930165,643.0,684.2654719620439,597.7738667310713,770.7570771930165,41.265471962043875,"MATR_b1c15,MATR_b2c14,MATR_b2c5,MATR_b2c42,MATR_b4c8,MATR_b3c28,MATR_b2c10,MATR_b1c36,MATR_b2c27,MATR_b1c16,MATR_b1c23,MATR_b3c10,MATR_b3c27,MATR_b2c39,MATR_b4c33,MATR_b4c19",False,False,0.95
180,MATR_b3c31,729.0,684.2515587206804,46.07293599260085,593.9502635131636,774.5528539281971,549.0,504.25155872068035,413.9502635131636,594.5528539281971,44.74844127931965,"MATR_b1c15,MATR_b2c14,MATR_b2c5,MATR_b2c42,MATR_b4c8,MATR_b3c28,MATR_b2c10,MATR_b1c36,MATR_b2c27,MATR_b1c16,MATR_b1c23,MATR_b3c10,MATR_b3c27,MATR_b2c39,MATR_b4c33,MATR_b4c19",False,False,0.95
180,MATR_b3c33,1282.0,1267.447501327701,146.62707711182532,980.0637110301461,1554.831291625256,1102.0,1087.447501327701,800.0637110301461,1374.831291625256,14.552498672298952,"MATR_b1c15,MATR_b2c14,MATR_b2c5,MATR_b2c42,MATR_b4c8,MATR_b3c28,MATR_b2c10,MATR_b1c36,MATR_b2c27,MATR_b1c16,MATR_b1c23,MATR_b3c10,MATR_b3c27,MATR_b2c39,MATR_b4c33,MATR_b4c19",False,False,0.95
180,MATR_b3c36,921.0,947.4362956222603,43.44748199147195,862.2807957000227,1032.591795544498,741.0,767.4362956222603,682.2807957000227,852.5917955444979,26.43629562226033,"MATR_b1c15,MATR_b2c14,MATR_b2c5,MATR_b2c42,MATR_b4c8,MATR_b3c28,MATR_b2c10,MATR_b1c36,MATR_b2c27,MATR_b1c16,MATR_b1c23,MATR_b3c10,MATR_b3c27,MATR_b2c39,MATR_b4c33,MATR_b4c19",False,False,0.95
180,MATR_b3c6,665.0,599.9260520764252,26.824824286566646,547.3503625831393,652.5017415697112,485.0,419.9260520764252,367.35036258313926,472.50174156971116,65.07394792357479,"MATR_b1c15,MATR_b2c14,MATR_b2c5,MATR_b2c42,MATR_b4c8,MATR_b3c28,MATR_b2c10,MATR_b1c36,MATR_b2c27,MATR_b1c16,MATR_b1c23,MATR_b3c10,MATR_b3c27,MATR_b2c39,MATR_b4c33,MATR_b4c19",False,False,0.95
180,MATR_b4c1,760.0,744.1142538833398,48.08317477186303,649.8729630681433,838.3555446985362,580.0,564.1142538833398,469.87296306814335,658.3555446985362,15.885746116660243,"MATR_b1c15,MATR_b2c14,MATR_b2c5,MATR_b2c42,MATR_b4c8,MATR_b3c28,MATR_b2c10,MATR_b1c36,MATR_b2c27,MATR_b1c16,MATR_b1c23,MATR_b3c10,MATR_b3c27,MATR_b2c39,MATR_b4c33,MATR_b4c19",False,False,0.95
180,MATR_b4c11,863.0,866.1805935740609,45.6530739397678,776.7022128685719,955.65897427955,683.0,686.1805935740609,596.7022128685719,775.65897427955,3.1805935740609357,"MATR_b1c15,MATR_b2c14,MATR_b2c5,MATR_b2c42,MATR_b4c8,MATR_b3c28,MATR_b2c10,MATR_b1c36,MATR_b2c27,MATR_b1c16,MATR_b1c23,MATR_b3c10,MATR_b3c27,MATR_b2c39,MATR_b4c33,MATR_b4c19",False,False,0.95
180,MATR_b4c15,675.0,719.1942382627249,35.63227077115242,649.3562708638868,789.0322056615629,495.0,539.1942382627249,469.35627086388683,609.0322056615629,44.194238262724866,"MATR_b1c15,MATR_b2c14,MATR_b2c5,MATR_b2c42,MATR_b4c8,MATR_b3c28,MATR_b2c10,MATR_b1c36,MATR_b2c27,MATR_b1c16,MATR_b1c23,MATR_b3c10,MATR_b3c27,MATR_b2c39,MATR_b4c33,MATR_b4c19",False,False,0.95
180,MATR_b4c21,773.0,936.4232360177284,42.13464678025079,853.8408458271203,1019.0056262083365,593.0,756.4232360177284,673.8408458271203,839.0056262083365,163.4232360177284,"MATR_b1c15,MATR_b2c14,MATR_b2c5,MATR_b2c42,MATR_b4c8,MATR_b3c28,MATR_b2c10,MATR_b1c36,MATR_b2c27,MATR_b1c16,MATR_b1c23,MATR_b3c10,MATR_b3c27,MATR_b2c39,MATR_b4c33,MATR_b4c19",False,False,0.95
180,MATR_b4c3,777.0,1139.7728150163753,45.57761347355396,1050.442334106922,1229.1032959258284,597.0,959.7728150163753,870.4423341069221,1049.1032959258284,362.77281501637526,"MATR_b1c15,MATR_b2c14,MATR_b2c5,MATR_b2c42,MATR_b4c8,MATR_b3c28,MATR_b2c10,MATR_b1c36,MATR_b2c27,MATR_b1c16,MATR_b1c23,MATR_b3c10,MATR_b3c27,MATR_b2c39,MATR_b4c33,MATR_b4c19",False,False,0.95
180,MATR_b4c32,754.0,976.2601706471479,36.61017753302736,904.5055412147968,1048.0148000794989,574.0,796.2601706471479,724.5055412147968,868.0148000794989,222.2601706471479,"MATR_b1c15,MATR_b2c14,MATR_b2c5,MATR_b2c42,MATR_b4c8,MATR_b3c28,MATR_b2c10,MATR_b1c36,MATR_b2c27,MATR_b1c16,MATR_b1c23,MATR_b3c10,MATR_b3c27,MATR_b2c39,MATR_b4c33,MATR_b4c19",False,False,0.95
180,MATR_b4c34,891.0,1263.8391746365166,65.03866493274225,1136.3657337657737,1391.3126155072596,711.0,1083.8391746365166,956.3657337657737,1211.3126155072596,372.83917463651665,"MATR_b1c15,MATR_b2c14,MATR_b2c5,MATR_b2c42,MATR_b4c8,MATR_b3c28,MATR_b2c10,MATR_b1c36,MATR_b2c27,MATR_b1c16,MATR_b1c23,MATR_b3c10,MATR_b3c27,MATR_b2c39,MATR_b4c33,MATR_b4c19",False,False,0.95
180,MATR_b4c42,774.0,784.7325282643209,43.05957031123433,700.3373212645314,869.1277352641104,594.0,604.7325282643209,520.3373212645314,689.1277352641104,10.732528264320877,"MATR_b1c15,MATR_b2c14,MATR_b2c5,MATR_b2c42,MATR_b4c8,MATR_b3c28,MATR_b2c10,MATR_b1c36,MATR_b2c27,MATR_b1c16,MATR_b1c23,MATR_b3c10,MATR_b3c27,MATR_b2c39,MATR_b4c33,MATR_b4c19",False,False,0.95
180,MATR_b4c6,706.0,771.2449779343882,16.165785255072993,739.5606210526365,802.9293348161399,526.0,591.2449779343882,559.5606210526365,622.9293348161399,65.2449779343882,"MATR_b1c15,MATR_b2c14,MATR_b2c5,MATR_b2c42,MATR_b4c8,MATR_b3c28,MATR_b2c10,MATR_b1c36,MATR_b2c27,MATR_b1c16,MATR_b1c23,MATR_b3c10,MATR_b3c27,MATR_b2c39,MATR_b4c33,MATR_b4c19",False,False,0.95
180,MATR_b4c7,529.0,597.5685652997913,15.345256778944423,567.4924146795412,627.6447159200414,349.0,417.5685652997913,387.4924146795412,447.64471592004145,68.56856529979132,"MATR_b1c15,MATR_b2c14,MATR_b2c5,MATR_b2c42,MATR_b4c8,MATR_b3c28,MATR_b2c10,MATR_b1c36,MATR_b2c27,MATR_b1c16,MATR_b1c23,MATR_b3c10,MATR_b3c27,MATR_b2c39,MATR_b4c33,MATR_b4c19",False,False,0.95
200,MATR_b1c14,877.0,880.2199288617855,30.60047523429215,820.2440994927631,940.195758230808,677.0,680.2199288617855,620.2440994927631,740.195758230808,3.2199288617855473,"MATR_b4c5,MATR_b4c24,MATR_b2c31,MATR_b2c34,MATR_b1c9,MATR_b1c39,MATR_b4c16,MATR_b4c37,MATR_b2c43,MATR_b4c2,MATR_b3c28,MATR_b2c20,MATR_b4c23,MATR_b3c39,MATR_b2c44,MATR_b4c25",False,False,0.95
200,MATR_b1c18,687.0,668.2816512210854,11.373721018524032,645.9895676545722,690.5737347875987,487.0,468.28165122108544,445.98956765457217,490.5737347875987,18.71834877891456,"MATR_b4c5,MATR_b4c24,MATR_b2c31,MATR_b2c34,MATR_b1c9,MATR_b1c39,MATR_b4c16,MATR_b4c37,MATR_b2c43,MATR_b4c2,MATR_b3c28,MATR_b2c20,MATR_b4c23,MATR_b3c39,MATR_b2c44,MATR_b4c25",False,False,0.95
200,MATR_b1c19,786.0,751.6308601488828,27.367133754680037,697.9922636296195,805.2694566681461,586.0,551.6308601488828,497.9922636296195,605.2694566681461,34.36913985111721,"MATR_b4c5,MATR_b4c24,MATR_b2c31,MATR_b2c34,MATR_b1c9,MATR_b1c39,MATR_b4c16,MATR_b4c37,MATR_b2c43,MATR_b4c2,MATR_b3c28,MATR_b2c20,MATR_b4c23,MATR_b3c39,MATR_b2c44,MATR_b4c25",False,False,0.95
200,MATR_b1c2,2237.0,1937.9233273380046,175.9939249832,1592.9815728730887,2282.8650818029205,2037.0,1737.9233273380046,1392.9815728730887,2082.8650818029205,299.0766726619954,"MATR_b4c5,MATR_b4c24,MATR_b2c31,MATR_b2c34,MATR_b1c9,MATR_b1c39,MATR_b4c16,MATR_b4c37,MATR_b2c43,MATR_b4c2,MATR_b3c28,MATR_b2c20,MATR_b4c23,MATR_b3c39,MATR_b2c44,MATR_b4c25",False,False,0.95
200,MATR_b1c30,707.0,882.1728112881821,22.151754133905733,838.7561709913406,925.5894515850235,507.0,682.1728112881821,638.7561709913406,725.5894515850235,175.17281128818206,"MATR_b4c5,MATR_b4c24,MATR_b2c31,MATR_b2c34,MATR_b1c9,MATR_b1c39,MATR_b4c16,MATR_b4c37,MATR_b2c43,MATR_b4c2,MATR_b3c28,MATR_b2c20,MATR_b4c23,MATR_b3c39,MATR_b2c44,MATR_b4c25",False,False,0.95
200,MATR_b1c34,742.0,803.8709261264823,19.244656022236335,766.1520934280372,841.5897588249275,542.0,603.8709261264823,566.1520934280372,641.5897588249275,61.870926126482345,"MATR_b4c5,MATR_b4c24,MATR_b2c31,MATR_b2c34,MATR_b1c9,MATR_b1c39,MATR_b4c16,MATR_b4c37,MATR_b2c43,MATR_b4c2,MATR_b3c28,MATR_b2c20,MATR_b4c23,MATR_b3c39,MATR_b2c44,MATR_b4c25",False,False,0.95
200,MATR_b1c35,701.0,657.2284689869713,54.40248893108625,550.6015500127033,763.8553879612392,501.0,457.2284689869713,350.60155001270334,563.8553879612392,43.77153101302872,"MATR_b4c5,MATR_b4c24,MATR_b2c31,MATR_b2c34,MATR_b1c9,MATR_b1c39,MATR_b4c16,MATR_b4c37,MATR_b2c43,MATR_b4c2,MATR_b3c28,MATR_b2c20,MATR_b4c23,MATR_b3c39,MATR_b2c44,MATR_b4c25",False,False,0.95
200,MATR_b1c42,700.0,725.5815910485552,26.127227821268015,674.373165502997,776.7900165941134,500.0,525.5815910485552,474.37316550299704,576.7900165941134,25.581591048555197,"MATR_b4c5,MATR_b4c24,MATR_b2c31,MATR_b2c34,MATR_b1c9,MATR_b1c39,MATR_b4c16,MATR_b4c37,MATR_b2c43,MATR_b4c2,MATR_b3c28,MATR_b2c20,MATR_b4c23,MATR_b3c39,MATR_b2c44,MATR_b4c25",False,False,0.95
200,MATR_b1c5,1071.0,989.8703424703738,19.6860778722154,951.2863388439807,1028.4543460967668,871.0,789.8703424703738,751.2863388439807,828.4543460967668,81.12965752962623,"MATR_b4c5,MATR_b4c24,MATR_b2c31,MATR_b2c34,MATR_b1c9,MATR_b1c39,MATR_b4c16,MATR_b4c37,MATR_b2c43,MATR_b4c2,MATR_b3c28,MATR_b2c20,MATR_b4c23,MATR_b3c39,MATR_b2c44,MATR_b4c25",False,False,0.95
200,MATR_b1c6,633.0,875.2355672310521,16.673688439164824,842.5557384008472,907.915396061257,433.0,675.2355672310521,642.5557384008472,707.915396061257,242.23556723105207,"MATR_b4c5,MATR_b4c24,MATR_b2c31,MATR_b2c34,MATR_b1c9,MATR_b1c39,MATR_b4c16,MATR_b4c37,MATR_b2c43,MATR_b4c2,MATR_b3c28,MATR_b2c20,MATR_b4c23,MATR_b3c39,MATR_b2c44,MATR_b4c25",False,False,0.95
200,MATR_b2c19,460.0,499.63169181027536,9.521622116314939,480.969655387898,518.2937282326527,260.0,299.63169181027536,280.969655387898,318.2937282326527,39.631691810275356,"MATR_b4c5,MATR_b4c24,MATR_b2c31,MATR_b2c34,MATR_b1c9,MATR_b1c39,MATR_b4c16,MATR_b4c37,MATR_b2c43,MATR_b4c2,MATR_b3c28,MATR_b2c20,MATR_b4c23,MATR_b3c39,MATR_b2c44,MATR_b4c25",False,False,0.95
200,MATR_b2c22,512.0,485.71115300437003,14.170394859835435,457.9376894323811,513.484616576359,312.0,285.71115300437003,257.9376894323811,313.48461657635903,26.288846995629967,"MATR_b4c5,MATR_b4c24,MATR_b2c31,MATR_b2c34,MATR_b1c9,MATR_b1c39,MATR_b4c16,MATR_b4c37,MATR_b2c43,MATR_b4c2,MATR_b3c28,MATR_b2c20,MATR_b4c23,MATR_b3c39,MATR_b2c44,MATR_b4c25",False,False,0.95
200,MATR_b2c24,494.0,482.9505391882033,19.38266224802663,444.961219257567,520.9398591188396,294.0,282.9505391882033,244.961219257567,320.93985911883965,11.049460811796678,"MATR_b4c5,MATR_b4c24,MATR_b2c31,MATR_b2c34,MATR_b1c9,MATR_b1c39,MATR_b4c16,MATR_b4c37,MATR_b2c43,MATR_b4c2,MATR_b3c28,MATR_b2c20,MATR_b4c23,MATR_b3c39,MATR_b2c44,MATR_b4c25",False,False,0.95
200,MATR_b2c3,334.0,358.1868136385102,10.818653278744366,336.98264285094507,379.39098442607536,134.0,158.18681363851022,136.98264285094507,179.39098442607536,24.186813638510216,"MATR_b4c5,MATR_b4c24,MATR_b2c31,MATR_b2c34,MATR_b1c9,MATR_b1c39,MATR_b4c16,MATR_b4c37,MATR_b2c43,MATR_b4c2,MATR_b3c28,MATR_b2c20,MATR_b4c23,MATR_b3c39,MATR_b2c44,MATR_b4c25",False,False,0.95
200,MATR_b2c33,519.0,533.7465033707799,21.139612813616615,492.3136236089699,575.1793831325899,319.0,333.7465033707799,292.3136236089699,375.1793831325899,14.74650337077992,"MATR_b4c5,MATR_b4c24,MATR_b2c31,MATR_b2c34,MATR_b1c9,MATR_b1c39,MATR_b4c16,MATR_b4c37,MATR_b2c43,MATR_b4c2,MATR_b3c28,MATR_b2c20,MATR_b4c23,MATR_b3c39,MATR_b2c44,MATR_b4c25",False,False,0.95
200,MATR_b2c41,428.0,484.2719700894159,21.389976987152146,442.34838556445715,526.1955546143747,228.0,284.2719700894159,242.34838556445715,326.1955546143747,56.2719700894159,"MATR_b4c5,MATR_b4c24,MATR_b2c31,MATR_b2c34,MATR_b1c9,MATR_b1c39,MATR_b4c16,MATR_b4c37,MATR_b2c43,MATR_b4c2,MATR_b3c28,MATR_b2c20,MATR_b4c23,MATR_b3c39,MATR_b2c44,MATR_b4c25",False,False,0.95
200,MATR_b3c1,1061.0,1235.583810173099,111.40427311324537,1017.2354471472743,1453.9321731989237,861.0,1035.583810173099,817.2354471472743,1253.9321731989237,174.58381017309898,"MATR_b4c5,MATR_b4c24,MATR_b2c31,MATR_b2c34,MATR_b1c9,MATR_b1c39,MATR_b4c16,MATR_b4c37,MATR_b2c43,MATR_b4c2,MATR_b3c28,MATR_b2c20,MATR_b4c23,MATR_b3c39,MATR_b2c44,MATR_b4c25",False,False,0.95
200,MATR_b3c14,856.0,976.1626493213994,22.823784655354622,931.4288534060064,1020.8964452367924,656.0,776.1626493213994,731.4288534060064,820.8964452367924,120.16264932139939,"MATR_b4c5,MATR_b4c24,MATR_b2c31,MATR_b2c34,MATR_b1c9,MATR_b1c39,MATR_b4c16,MATR_b4c37,MATR_b2c43,MATR_b4c2,MATR_b3c28,MATR_b2c20,MATR_b4c23,MATR_b3c39,MATR_b2c44,MATR_b4c25",False,False,0.95
200,MATR_b3c17,1313.0,1471.4641096335324,167.76018552401163,1142.6601879667119,1800.268031300353,1113.0,1271.4641096335324,942.6601879667119,1600.268031300353,158.46410963353242,"MATR_b4c5,MATR_b4c24,MATR_b2c31,MATR_b2c34,MATR_b1c9,MATR_b1c39,MATR_b4c16,MATR_b4c37,MATR_b2c43,MATR_b4c2,MATR_b3c28,MATR_b2c20,MATR_b4c23,MATR_b3c39,MATR_b2c44,MATR_b4c25",False,False,0.95
200,MATR_b3c24,823.0,839.1136173618406,42.49325219176554,755.8283734800025,922.3988612436788,623.0,639.1136173618406,555.8283734800025,722.3988612436788,16.113617361840625,"MATR_b4c5,MATR_b4c24,MATR_b2c31,MATR_b2c34,MATR_b1c9,MATR_b1c39,MATR_b4c16,MATR_b4c37,MATR_b2c43,MATR_b4c2,MATR_b3c28,MATR_b2c20,MATR_b4c23,MATR_b3c39,MATR_b2c44,MATR_b4c25",False,False,0.95
200,MATR_b3c31,729.0,691.9128732155127,36.940285903338975,619.5112432663557,764.3145031646698,529.0,491.9128732155127,419.5112432663557,564.3145031646698,37.08712678448728,"MATR_b4c5,MATR_b4c24,MATR_b2c31,MATR_b2c34,MATR_b1c9,MATR_b1c39,MATR_b4c16,MATR_b4c37,MATR_b2c43,MATR_b4c2,MATR_b3c28,MATR_b2c20,MATR_b4c23,MATR_b3c39,MATR_b2c44,MATR_b4c25",False,False,0.95
200,MATR_b3c33,1282.0,1300.742922976378,156.6519852281788,993.710673822447,1607.7751721303089,1082.0,1100.742922976378,793.710673822447,1407.7751721303089,18.74292297637794,"MATR_b4c5,MATR_b4c24,MATR_b2c31,MATR_b2c34,MATR_b1c9,MATR_b1c39,MATR_b4c16,MATR_b4c37,MATR_b2c43,MATR_b4c2,MATR_b3c28,MATR_b2c20,MATR_b4c23,MATR_b3c39,MATR_b2c44,MATR_b4c25",False,False,0.95
200,MATR_b3c36,921.0,946.1845712032114,44.83272895127452,858.3140371300672,1034.0551052763556,721.0,746.1845712032114,658.3140371300672,834.0551052763556,25.184571203211362,"MATR_b4c5,MATR_b4c24,MATR_b2c31,MATR_b2c34,MATR_b1c9,MATR_b1c39,MATR_b4c16,MATR_b4c37,MATR_b2c43,MATR_b4c2,MATR_b3c28,MATR_b2c20,MATR_b4c23,MATR_b3c39,MATR_b2c44,MATR_b4c25",False,False,0.95
200,MATR_b3c6,665.0,590.7404916808449,24.878135744063833,541.9802416199813,639.5007417417086,465.0,390.7404916808449,341.98024161998126,439.50074174170857,74.25950831915509,"MATR_b4c5,MATR_b4c24,MATR_b2c31,MATR_b2c34,MATR_b1c9,MATR_b1c39,MATR_b4c16,MATR_b4c37,MATR_b2c43,MATR_b4c2,MATR_b3c28,MATR_b2c20,MATR_b4c23,MATR_b3c39,MATR_b2c44,MATR_b4c25",False,False,0.95
200,MATR_b4c1,760.0,724.797898891413,41.397440509786364,643.6604064400923,805.9353913427336,560.0,524.797898891413,443.6604064400923,605.9353913427336,35.202101108587044,"MATR_b4c5,MATR_b4c24,MATR_b2c31,MATR_b2c34,MATR_b1c9,MATR_b1c39,MATR_b4c16,MATR_b4c37,MATR_b2c43,MATR_b4c2,MATR_b3c28,MATR_b2c20,MATR_b4c23,MATR_b3c39,MATR_b2c44,MATR_b4c25",False,False,0.95
200,MATR_b4c11,863.0,878.734431785761,47.823930267260806,785.0012508627748,972.4676127087472,663.0,678.734431785761,585.0012508627748,772.4676127087472,15.73443178576099,"MATR_b4c5,MATR_b4c24,MATR_b2c31,MATR_b2c34,MATR_b1c9,MATR_b1c39,MATR_b4c16,MATR_b4c37,MATR_b2c43,MATR_b4c2,MATR_b3c28,MATR_b2c20,MATR_b4c23,MATR_b3c39,MATR_b2c44,MATR_b4c25",False,False,0.95
200,MATR_b4c15,675.0,722.4152131461998,33.13152249466122,657.4786223036851,787.3518039887144,475.0,522.4152131461998,457.47862230368514,587.3518039887144,47.41521314619979,"MATR_b4c5,MATR_b4c24,MATR_b2c31,MATR_b2c34,MATR_b1c9,MATR_b1c39,MATR_b4c16,MATR_b4c37,MATR_b2c43,MATR_b4c2,MATR_b3c28,MATR_b2c20,MATR_b4c23,MATR_b3c39,MATR_b2c44,MATR_b4c25",False,False,0.95
200,MATR_b4c21,773.0,936.0965339306974,42.05454266542089,853.6711449201695,1018.5219229412254,573.0,736.0965339306974,653.6711449201695,818.5219229412254,163.09653393069743,"MATR_b4c5,MATR_b4c24,MATR_b2c31,MATR_b2c34,MATR_b1c9,MATR_b1c39,MATR_b4c16,MATR_b4c37,MATR_b2c43,MATR_b4c2,MATR_b3c28,MATR_b2c20,MATR_b4c23,MATR_b3c39,MATR_b2c44,MATR_b4c25",False,False,0.95
200,MATR_b4c3,777.0,1073.4187366358956,42.96193607001795,989.2148892325481,1157.622584039243,577.0,873.4187366358956,789.2148892325481,957.6225840392431,296.4187366358956,"MATR_b4c5,MATR_b4c24,MATR_b2c31,MATR_b2c34,MATR_b1c9,MATR_b1c39,MATR_b4c16,MATR_b4c37,MATR_b2c43,MATR_b4c2,MATR_b3c28,MATR_b2c20,MATR_b4c23,MATR_b3c39,MATR_b2c44,MATR_b4c25",False,False,0.95
200,MATR_b4c32,754.0,969.5033090499368,36.20071546526606,898.5512105234332,1040.4554075764404,554.0,769.5033090499368,698.5512105234332,840.4554075764404,215.50330904993677,"MATR_b4c5,MATR_b4c24,MATR_b2c31,MATR_b2c34,MATR_b1c9,MATR_b1c39,MATR_b4c16,MATR_b4c37,MATR_b2c43,MATR_b4c2,MATR_b3c28,MATR_b2c20,MATR_b4c23,MATR_b3c39,MATR_b2c44,MATR_b4c25",False,False,0.95
200,MATR_b4c34,891.0,1276.8890410889376,68.51446650313915,1142.603154322809,1411.1749278550662,691.0,1076.8890410889376,942.6031543228089,1211.1749278550662,385.8890410889376,"MATR_b4c5,MATR_b4c24,MATR_b2c31,MATR_b2c34,MATR_b1c9,MATR_b1c39,MATR_b4c16,MATR_b4c37,MATR_b2c43,MATR_b4c2,MATR_b3c28,MATR_b2c20,MATR_b4c23,MATR_b3c39,MATR_b2c44,MATR_b4c25",False,False,0.95
200,MATR_b4c42,774.0,772.8435804350313,42.87444540166502,688.811211590639,856.8759492794236,574.0,572.8435804350313,488.811211590639,656.8759492794236,1.1564195649687008,"MATR_b4c5,MATR_b4c24,MATR_b2c31,MATR_b2c34,MATR_b1c9,MATR_b1c39,MATR_b4c16,MATR_b4c37,MATR_b2c43,MATR_b4c2,MATR_b3c28,MATR_b2c20,MATR_b4c23,MATR_b3c39,MATR_b2c44,MATR_b4c25",False,False,0.95
200,MATR_b4c6,706.0,766.6972774728401,15.408345944209994,736.4974743608548,796.8970805848255,506.0,566.6972774728401,536.4974743608548,596.8970805848255,60.69727747284014,"MATR_b4c5,MATR_b4c24,MATR_b2c31,MATR_b2c34,MATR_b1c9,MATR_b1c39,MATR_b4c16,MATR_b4c37,MATR_b2c43,MATR_b4c2,MATR_b3c28,MATR_b2c20,MATR_b4c23,MATR_b3c39,MATR_b2c44,MATR_b4c25",False,False,0.95
200,MATR_b4c7,529.0,586.4922353947642,14.764885388537248,557.5535917973694,615.4308789921589,329.0,386.4922353947642,357.55359179736945,415.4308789921589,57.49223539476418,"MATR_b4c5,MATR_b4c24,MATR_b2c31,MATR_b2c34,MATR_b1c9,MATR_b1c39,MATR_b4c16,MATR_b4c37,MATR_b2c43,MATR_b4c2,MATR_b3c28,MATR_b2c20,MATR_b4c23,MATR_b3c39,MATR_b2c44,MATR_b4c25",False,False,0.95
220,MATR_b1c14,877.0,879.8356304765197,29.567573934754417,821.8842504541758,937.7870104988635,657.0,659.8356304765197,601.8842504541758,717.7870104988635,2.8356304765196683,"MATR_b1c9,MATR_b2c32,MATR_b4c2,MATR_b2c38,MATR_b4c43,MATR_b2c42,MATR_b2c27,MATR_b2c44,MATR_b2c2,MATR_b3c44,MATR_b4c33,MATR_b4c40,MATR_b2c0,MATR_b2c5,MATR_b4c5,MATR_b1c29",False,False,0.95
220,MATR_b1c18,687.0,682.4835283248058,11.420186909754435,660.1003732849713,704.8666833646403,467.0,462.4835283248058,440.1003732849713,484.86668336464027,4.516471675194225,"MATR_b1c9,MATR_b2c32,MATR_b4c2,MATR_b2c38,MATR_b4c43,MATR_b2c42,MATR_b2c27,MATR_b2c44,MATR_b2c2,MATR_b3c44,MATR_b4c33,MATR_b4c40,MATR_b2c0,MATR_b2c5,MATR_b4c5,MATR_b1c29",False,False,0.95
220,MATR_b1c19,786.0,764.8321000042424,23.654270864305786,718.470581029648,811.1936189788369,566.0,544.8321000042424,498.470581029648,591.1936189788369,21.16789999575758,"MATR_b1c9,MATR_b2c32,MATR_b4c2,MATR_b2c38,MATR_b4c43,MATR_b2c42,MATR_b2c27,MATR_b2c44,MATR_b2c2,MATR_b3c44,MATR_b4c33,MATR_b4c40,MATR_b2c0,MATR_b2c5,MATR_b4c5,MATR_b1c29",False,False,0.95
220,MATR_b1c2,2237.0,1932.1364096097782,178.73908819951347,1581.8142341092037,2282.458585110353,2017.0,1712.1364096097782,1361.8142341092037,2062.458585110353,304.8635903902218,"MATR_b1c9,MATR_b2c32,MATR_b4c2,MATR_b2c38,MATR_b4c43,MATR_b2c42,MATR_b2c27,MATR_b2c44,MATR_b2c2,MATR_b3c44,MATR_b4c33,MATR_b4c40,MATR_b2c0,MATR_b2c5,MATR_b4c5,MATR_b1c29",False,False,0.95
220,MATR_b1c30,707.0,884.5247652068904,20.40311226482636,844.5353999953032,924.5141304184775,487.0,664.5247652068904,624.5353999953032,704.5141304184775,177.52476520689038,"MATR_b1c9,MATR_b2c32,MATR_b4c2,MATR_b2c38,MATR_b4c43,MATR_b2c42,MATR_b2c27,MATR_b2c44,MATR_b2c2,MATR_b3c44,MATR_b4c33,MATR_b4c40,MATR_b2c0,MATR_b2c5,MATR_b4c5,MATR_b1c29",False,False,0.95
220,MATR_b1c34,742.0,819.2539743010789,17.070422816532403,785.7965603798045,852.7113882223532,522.0,599.2539743010789,565.7965603798045,632.7113882223532,77.25397430107887,"MATR_b1c9,MATR_b2c32,MATR_b4c2,MATR_b2c38,MATR_b4c43,MATR_b2c42,MATR_b2c27,MATR_b2c44,MATR_b2c2,MATR_b3c44,MATR_b4c33,MATR_b4c40,MATR_b2c0,MATR_b2c5,MATR_b4c5,MATR_b1c29",False,False,0.95
220,MATR_b1c35,701.0,654.2206832116419,47.66586743149048,560.7972997540598,747.644066669224,481.0,434.2206832116419,340.79729975405985,527.644066669224,46.779316788358074,"MATR_b1c9,MATR_b2c32,MATR_b4c2,MATR_b2c38,MATR_b4c43,MATR_b2c42,MATR_b2c27,MATR_b2c44,MATR_b2c2,MATR_b3c44,MATR_b4c33,MATR_b4c40,MATR_b2c0,MATR_b2c5,MATR_b4c5,MATR_b1c29",False,False,0.95
220,MATR_b1c42,700.0,731.0628889485638,22.93908546248116,686.1031076038144,776.0226702933132,480.0,511.0628889485638,466.10310760381435,556.0226702933132,31.062888948563796,"MATR_b1c9,MATR_b2c32,MATR_b4c2,MATR_b2c38,MATR_b4c43,MATR_b2c42,MATR_b2c27,MATR_b2c44,MATR_b2c2,MATR_b3c44,MATR_b4c33,MATR_b4c40,MATR_b2c0,MATR_b2c5,MATR_b4c5,MATR_b1c29",False,False,0.95
220,MATR_b1c5,1071.0,1019.979157881108,20.83284030666436,979.1475411843714,1060.8107745778445,851.0,799.979157881108,759.1475411843714,840.8107745778445,51.020842118892006,"MATR_b1c9,MATR_b2c32,MATR_b4c2,MATR_b2c38,MATR_b4c43,MATR_b2c42,MATR_b2c27,MATR_b2c44,MATR_b2c2,MATR_b3c44,MATR_b4c33,MATR_b4c40,MATR_b2c0,MATR_b2c5,MATR_b4c5,MATR_b1c29",False,False,0.95
220,MATR_b1c6,633.0,859.273243887049,15.928124071672592,828.0546943652853,890.4917934088128,413.0,639.273243887049,608.0546943652853,670.4917934088128,226.27324388704903,"MATR_b1c9,MATR_b2c32,MATR_b4c2,MATR_b2c38,MATR_b4c43,MATR_b2c42,MATR_b2c27,MATR_b2c44,MATR_b2c2,MATR_b3c44,MATR_b4c33,MATR_b4c40,MATR_b2c0,MATR_b2c5,MATR_b4c5,MATR_b1c29",False,False,0.95
220,MATR_b2c19,460.0,504.863648833176,9.419354224206206,486.4020537961066,523.3252438702453,240.0,284.863648833176,266.4020537961066,303.32524387024534,44.863648833176,"MATR_b1c9,MATR_b2c32,MATR_b4c2,MATR_b2c38,MATR_b4c43,MATR_b2c42,MATR_b2c27,MATR_b2c44,MATR_b2c2,MATR_b3c44,MATR_b4c33,MATR_b4c40,MATR_b2c0,MATR_b2c5,MATR_b4c5,MATR_b1c29",False,False,0.95
220,MATR_b2c22,512.0,482.03957483193494,13.433356786370014,455.710679339173,508.3684703246969,292.0,262.03957483193494,235.710679339173,288.3684703246969,29.960425168065058,"MATR_b1c9,MATR_b2c32,MATR_b4c2,MATR_b2c38,MATR_b4c43,MATR_b2c42,MATR_b2c27,MATR_b2c44,MATR_b2c2,MATR_b3c44,MATR_b4c33,MATR_b4c40,MATR_b2c0,MATR_b2c5,MATR_b4c5,MATR_b1c29",False,False,0.95
220,MATR_b2c24,494.0,485.06077872869594,18.02850703278259,449.725554249415,520.3960032079768,274.0,265.06077872869594,229.72555424941498,300.39600320797683,8.939221271304064,"MATR_b1c9,MATR_b2c32,MATR_b4c2,MATR_b2c38,MATR_b4c43,MATR_b2c42,MATR_b2c27,MATR_b2c44,MATR_b2c2,MATR_b3c44,MATR_b4c33,MATR_b4c40,MATR_b2c0,MATR_b2c5,MATR_b4c5,MATR_b1c29",False,False,0.95
220,MATR_b2c3,334.0,359.15946747872374,10.54835246791342,338.48507654537923,379.83385841206825,114.0,139.15946747872374,118.48507654537923,159.83385841206825,25.15946747872374,"MATR_b1c9,MATR_b2c32,MATR_b4c2,MATR_b2c38,MATR_b4c43,MATR_b2c42,MATR_b2c27,MATR_b2c44,MATR_b2c2,MATR_b3c44,MATR_b4c33,MATR_b4c40,MATR_b2c0,MATR_b2c5,MATR_b4c5,MATR_b1c29",False,False,0.95
220,MATR_b2c33,519.0,533.0191772037539,18.76396546590065,496.2424806834353,569.7958737240725,299.0,313.0191772037539,276.2424806834353,349.7958737240725,14.019177203753884,"MATR_b1c9,MATR_b2c32,MATR_b4c2,MATR_b2c38,MATR_b4c43,MATR_b2c42,MATR_b2c27,MATR_b2c44,MATR_b2c2,MATR_b3c44,MATR_b4c33,MATR_b4c40,MATR_b2c0,MATR_b2c5,MATR_b4c5,MATR_b1c29",False,False,0.95
220,MATR_b2c41,428.0,485.2779151734058,19.96570126636218,446.1458597652502,524.4099705815614,208.0,265.2779151734058,226.14585976525018,304.4099705815614,57.2779151734058,"MATR_b1c9,MATR_b2c32,MATR_b4c2,MATR_b2c38,MATR_b4c43,MATR_b2c42,MATR_b2c27,MATR_b2c44,MATR_b2c2,MATR_b3c44,MATR_b4c33,MATR_b4c40,MATR_b2c0,MATR_b2c5,MATR_b4c5,MATR_b1c29",False,False,0.95
220,MATR_b3c1,1061.0,1163.1834284154556,96.60384052397997,973.8433802202039,1352.5234766107073,841.0,943.1834284154556,753.8433802202039,1132.5234766107073,102.18342841545564,"MATR_b1c9,MATR_b2c32,MATR_b4c2,MATR_b2c38,MATR_b4c43,MATR_b2c42,MATR_b2c27,MATR_b2c44,MATR_b2c2,MATR_b3c44,MATR_b4c33,MATR_b4c40,MATR_b2c0,MATR_b2c5,MATR_b4c5,MATR_b1c29",False,False,0.95
220,MATR_b3c14,856.0,980.6008294244338,23.528254849759705,934.4862972998249,1026.7153615490427,636.0,760.6008294244338,714.4862972998249,806.7153615490427,124.60082942443375,"MATR_b1c9,MATR_b2c32,MATR_b4c2,MATR_b2c38,MATR_b4c43,MATR_b2c42,MATR_b2c27,MATR_b2c44,MATR_b2c2,MATR_b3c44,MATR_b4c33,MATR_b4c40,MATR_b2c0,MATR_b2c5,MATR_b4c5,MATR_b1c29",False,False,0.95
220,MATR_b3c17,1313.0,1462.0413138399617,165.58968676216688,1137.491491574846,1786.5911361050776,1093.0,1242.0413138399617,917.4914915748459,1566.5911361050776,149.04131383996173,"MATR_b1c9,MATR_b2c32,MATR_b4c2,MATR_b2c38,MATR_b4c43,MATR_b2c42,MATR_b2c27,MATR_b2c44,MATR_b2c2,MATR_b3c44,MATR_b4c33,MATR_b4c40,MATR_b2c0,MATR_b2c5,MATR_b4c5,MATR_b1c29",False,False,0.95
220,MATR_b3c24,823.0,848.0584702087936,46.98655856717529,755.9665076596481,940.150432757939,603.0,628.0584702087936,535.9665076596481,720.150432757939,25.05847020879355,"MATR_b1c9,MATR_b2c32,MATR_b4c2,MATR_b2c38,MATR_b4c43,MATR_b2c42,MATR_b2c27,MATR_b2c44,MATR_b2c2,MATR_b3c44,MATR_b4c33,MATR_b4c40,MATR_b2c0,MATR_b2c5,MATR_b4c5,MATR_b1c29",False,False,0.95
220,MATR_b3c31,729.0,703.7058023181185,33.136551937792504,638.7593539482042,768.6522506880327,509.0,483.70580231811846,418.7593539482042,548.6522506880327,25.294197681881542,"MATR_b1c9,MATR_b2c32,MATR_b4c2,MATR_b2c38,MATR_b4c43,MATR_b2c42,MATR_b2c27,MATR_b2c44,MATR_b2c2,MATR_b3c44,MATR_b4c33,MATR_b4c40,MATR_b2c0,MATR_b2c5,MATR_b4c5,MATR_b1c29",False,False,0.95
220,MATR_b3c33,1282.0,1305.7251298035997,157.56368353498831,996.9059848035558,1614.5442748036435,1062.0,1085.7251298035997,776.9059848035558,1394.5442748036435,23.725129803599657,"MATR_b1c9,MATR_b2c32,MATR_b4c2,MATR_b2c38,MATR_b4c43,MATR_b2c42,MATR_b2c27,MATR_b2c44,MATR_b2c2,MATR_b3c44,MATR_b4c33,MATR_b4c40,MATR_b2c0,MATR_b2c5,MATR_b4c5,MATR_b1c29",False,False,0.95
220,MATR_b3c36,921.0,953.1712157775336,43.676770963411066,867.5663177282431,1038.776113826824,701.0,733.1712157775336,647.5663177282431,818.776113826824,32.171215777533575,"MATR_b1c9,MATR_b2c32,MATR_b4c2,MATR_b2c38,MATR_b4c43,MATR_b2c42,MATR_b2c27,MATR_b2c44,MATR_b2c2,MATR_b3c44,MATR_b4c33,MATR_b4c40,MATR_b2c0,MATR_b2c5,MATR_b4c5,MATR_b1c29",False,False,0.95
220,MATR_b3c6,665.0,589.1337422115749,24.868401489771394,540.3925709385408,637.8749134846091,445.0,369.13374221157494,320.39257093854076,417.8749134846091,75.86625778842506,"MATR_b1c9,MATR_b2c32,MATR_b4c2,MATR_b2c38,MATR_b4c43,MATR_b2c42,MATR_b2c27,MATR_b2c44,MATR_b2c2,MATR_b3c44,MATR_b4c33,MATR_b4c40,MATR_b2c0,MATR_b2c5,MATR_b4c5,MATR_b1c29",False,False,0.95
220,MATR_b4c1,760.0,738.1487956287641,41.811797933560854,656.1991775501186,820.0984137074096,540.0,518.1487956287641,436.19917755011863,600.0984137074096,21.851204371235895,"MATR_b1c9,MATR_b2c32,MATR_b4c2,MATR_b2c38,MATR_b4c43,MATR_b2c42,MATR_b2c27,MATR_b2c44,MATR_b2c2,MATR_b3c44,MATR_b4c33,MATR_b4c40,MATR_b2c0,MATR_b2c5,MATR_b4c5,MATR_b1c29",False,False,0.95
220,MATR_b4c11,863.0,896.0761681237268,50.927021402281795,796.261040335354,995.8912959120996,643.0,676.0761681237268,576.261040335354,775.8912959120996,33.0761681237268,"MATR_b1c9,MATR_b2c32,MATR_b4c2,MATR_b2c38,MATR_b4c43,MATR_b2c42,MATR_b2c27,MATR_b2c44,MATR_b2c2,MATR_b3c44,MATR_b4c33,MATR_b4c40,MATR_b2c0,MATR_b2c5,MATR_b4c5,MATR_b1c29",False,False,0.95
220,MATR_b4c15,675.0,713.1052575435185,31.210811566984752,651.9331909439622,774.2773241430748,455.0,493.1052575435185,431.93319094396225,554.2773241430748,38.10525754351852,"MATR_b1c9,MATR_b2c32,MATR_b4c2,MATR_b2c38,MATR_b4c43,MATR_b2c42,MATR_b2c27,MATR_b2c44,MATR_b2c2,MATR_b3c44,MATR_b4c33,MATR_b4c40,MATR_b2c0,MATR_b2c5,MATR_b4c5,MATR_b1c29",False,False,0.95
220,MATR_b4c21,773.0,949.4806678064967,40.572795323891775,869.9594502195538,1029.0018853934398,553.0,729.4806678064967,649.9594502195538,809.0018853934398,176.48066780649674,"MATR_b1c9,MATR_b2c32,MATR_b4c2,MATR_b2c38,MATR_b4c43,MATR_b2c42,MATR_b2c27,MATR_b2c44,MATR_b2c2,MATR_b3c44,MATR_b4c33,MATR_b4c40,MATR_b2c0,MATR_b2c5,MATR_b4c5,MATR_b1c29",False,False,0.95
220,MATR_b4c3,777.0,1050.0322871469389,44.17281802337678,963.4551547254787,1136.609419568399,557.0,830.0322871469389,743.4551547254787,916.6094195683991,273.03228714693887,"MATR_b1c9,MATR_b2c32,MATR_b4c2,MATR_b2c38,MATR_b4c43,MATR_b2c42,MATR_b2c27,MATR_b2c44,MATR_b2c2,MATR_b3c44,MATR_b4c33,MATR_b4c40,MATR_b2c0,MATR_b2c5,MATR_b4c5,MATR_b1c29",False,False,0.95
220,MATR_b4c32,754.0,984.315823594264,36.059651112221005,913.6402061192312,1054.9914410692968,534.0,764.315823594264,693.6402061192312,834.9914410692968,230.31582359426397,"MATR_b1c9,MATR_b2c32,MATR_b4c2,MATR_b2c38,MATR_b4c43,MATR_b2c42,MATR_b2c27,MATR_b2c44,MATR_b2c2,MATR_b3c44,MATR_b4c33,MATR_b4c40,MATR_b2c0,MATR_b2c5,MATR_b4c5,MATR_b1c29",False,False,0.95
220,MATR_b4c34,891.0,1256.936388616331,64.26296860216837,1130.9832846164527,1382.8894926162093,671.0,1036.936388616331,910.9832846164527,1162.8894926162093,365.936388616331,"MATR_b1c9,MATR_b2c32,MATR_b4c2,MATR_b2c38,MATR_b4c43,MATR_b2c42,MATR_b2c27,MATR_b2c44,MATR_b2c2,MATR_b3c44,MATR_b4c33,MATR_b4c40,MATR_b2c0,MATR_b2c5,MATR_b4c5,MATR_b1c29",False,False,0.95
220,MATR_b4c42,774.0,795.5446289173206,45.17293384633797,707.0073055024877,884.0819523321534,554.0,575.5446289173206,487.0073055024877,664.0819523321534,21.54462891732055,"MATR_b1c9,MATR_b2c32,MATR_b4c2,MATR_b2c38,MATR_b4c43,MATR_b2c42,MATR_b2c27,MATR_b2c44,MATR_b2c2,MATR_b3c44,MATR_b4c33,MATR_b4c40,MATR_b2c0,MATR_b2c5,MATR_b4c5,MATR_b1c29",False,False,0.95
220,MATR_b4c6,706.0,769.8235186311796,15.020222547470127,740.3844233983617,799.2626138639974,486.0,549.8235186311796,520.3844233983617,579.2626138639974,63.82351863117958,"MATR_b1c9,MATR_b2c32,MATR_b4c2,MATR_b2c38,MATR_b4c43,MATR_b2c42,MATR_b2c27,MATR_b2c44,MATR_b2c2,MATR_b3c44,MATR_b4c33,MATR_b4c40,MATR_b2c0,MATR_b2c5,MATR_b4c5,MATR_b1c29",False,False,0.95
220,MATR_b4c7,529.0,583.8591784187988,14.955117370621998,554.5476869878104,613.1706698497873,309.0,363.8591784187988,334.5476869878104,393.17066984978726,54.85917841879882,"MATR_b1c9,MATR_b2c32,MATR_b4c2,MATR_b2c38,MATR_b4c43,MATR_b2c42,MATR_b2c27,MATR_b2c44,MATR_b2c2,MATR_b3c44,MATR_b4c33,MATR_b4c40,MATR_b2c0,MATR_b2c5,MATR_b4c5,MATR_b1c29",False,False,0.95
240,MATR_b1c14,877.0,860.3177307840712,31.463448164311124,798.6505055525785,921.9849560155639,637.0,620.3177307840712,558.6505055525785,681.9849560155639,16.68226921592884,"MATR_b2c31,MATR_b4c40,MATR_b3c35,MATR_b1c40,MATR_b2c5,MATR_b1c0,MATR_b1c17,MATR_b4c41,MATR_b3c38,MATR_b2c43,MATR_b3c5,MATR_b2c0,MATR_b4c4,MATR_b2c4,MATR_b2c45,MATR_b3c13",False,False,0.95
240,MATR_b1c18,687.0,666.6996302392786,10.777968424228236,645.5752003012814,687.8240601772758,447.0,426.6996302392786,405.57520030128137,447.8240601772758,20.300369760721424,"MATR_b2c31,MATR_b4c40,MATR_b3c35,MATR_b1c40,MATR_b2c5,MATR_b1c0,MATR_b1c17,MATR_b4c41,MATR_b3c38,MATR_b2c43,MATR_b3c5,MATR_b2c0,MATR_b4c4,MATR_b2c4,MATR_b2c45,MATR_b3c13",False,False,0.95
240,MATR_b1c19,786.0,766.3543743685758,19.576038220169824,727.9860444970634,804.7227042400882,546.0,526.3543743685758,487.9860444970634,564.7227042400882,19.645625631424195,"MATR_b2c31,MATR_b4c40,MATR_b3c35,MATR_b1c40,MATR_b2c5,MATR_b1c0,MATR_b1c17,MATR_b4c41,MATR_b3c38,MATR_b2c43,MATR_b3c5,MATR_b2c0,MATR_b4c4,MATR_b2c4,MATR_b2c45,MATR_b3c13",False,False,0.95
240,MATR_b1c2,2237.0,1939.4412876110414,182.59676988223936,1581.5581949485043,2297.3243802735783,1997.0,1699.4412876110414,1341.5581949485043,2057.3243802735783,297.5587123889586,"MATR_b2c31,MATR_b4c40,MATR_b3c35,MATR_b1c40,MATR_b2c5,MATR_b1c0,MATR_b1c17,MATR_b4c41,MATR_b3c38,MATR_b2c43,MATR_b3c5,MATR_b2c0,MATR_b4c4,MATR_b2c4,MATR_b2c45,MATR_b3c13",False,False,0.95
240,MATR_b1c30,707.0,856.299360980947,21.501669204118077,814.1568637333816,898.4418582285124,467.0,616.299360980947,574.1568637333816,658.4418582285124,149.29936098094697,"MATR_b2c31,MATR_b4c40,MATR_b3c35,MATR_b1c40,MATR_b2c5,MATR_b1c0,MATR_b1c17,MATR_b4c41,MATR_b3c38,MATR_b2c43,MATR_b3c5,MATR_b2c0,MATR_b4c4,MATR_b2c4,MATR_b2c45,MATR_b3c13",False,False,0.95
240,MATR_b1c34,742.0,817.1615895189428,15.719904420315938,786.3511430147116,847.972036023174,502.0,577.1615895189428,546.3511430147116,607.972036023174,75.16158951894283,"MATR_b2c31,MATR_b4c40,MATR_b3c35,MATR_b1c40,MATR_b2c5,MATR_b1c0,MATR_b1c17,MATR_b4c41,MATR_b3c38,MATR_b2c43,MATR_b3c5,MATR_b2c0,MATR_b4c4,MATR_b2c4,MATR_b2c45,MATR_b3c13",False,False,0.95
240,MATR_b1c35,701.0,616.7851782951016,36.37977587324863,545.482127817895,688.0882287723081,461.0,376.78517829510156,305.48212781789505,448.08822877230807,84.21482170489844,"MATR_b2c31,MATR_b4c40,MATR_b3c35,MATR_b1c40,MATR_b2c5,MATR_b1c0,MATR_b1c17,MATR_b4c41,MATR_b3c38,MATR_b2c43,MATR_b3c5,MATR_b2c0,MATR_b4c4,MATR_b2c4,MATR_b2c45,MATR_b3c13",False,False,0.95
240,MATR_b1c42,700.0,703.7262588370471,19.687416390990748,665.1396317620618,742.3128859120325,460.0,463.7262588370471,425.13963176206175,502.31288591203247,3.726258837047112,"MATR_b2c31,MATR_b4c40,MATR_b3c35,MATR_b1c40,MATR_b2c5,MATR_b1c0,MATR_b1c17,MATR_b4c41,MATR_b3c38,MATR_b2c43,MATR_b3c5,MATR_b2c0,MATR_b4c4,MATR_b2c4,MATR_b2c45,MATR_b3c13",False,False,0.95
240,MATR_b1c5,1071.0,1037.0710781560385,22.132800802143002,993.6915857068391,1080.450570605238,831.0,797.0710781560385,753.6915857068391,840.450570605238,33.92892184396146,"MATR_b2c31,MATR_b4c40,MATR_b3c35,MATR_b1c40,MATR_b2c5,MATR_b1c0,MATR_b1c17,MATR_b4c41,MATR_b3c38,MATR_b2c43,MATR_b3c5,MATR_b2c0,MATR_b4c4,MATR_b2c4,MATR_b2c45,MATR_b3c13",False,False,0.95
240,MATR_b1c6,633.0,820.0169300030283,17.567722532469773,785.5848265489948,854.4490334570618,393.0,580.0169300030283,545.5848265489948,614.4490334570618,187.01693000302828,"MATR_b2c31,MATR_b4c40,MATR_b3c35,MATR_b1c40,MATR_b2c5,MATR_b1c0,MATR_b1c17,MATR_b4c41,MATR_b3c38,MATR_b2c43,MATR_b3c5,MATR_b2c0,MATR_b4c4,MATR_b2c4,MATR_b2c45,MATR_b3c13",False,False,0.95
240,MATR_b2c19,460.0,498.0696004085471,9.41746171391663,479.6117146234857,516.5274861936085,220.0,258.0696004085471,239.61171462348568,276.5274861936085,38.0696004085471,"MATR_b2c31,MATR_b4c40,MATR_b3c35,MATR_b1c40,MATR_b2c5,MATR_b1c0,MATR_b1c17,MATR_b4c41,MATR_b3c38,MATR_b2c43,MATR_b3c5,MATR_b2c0,MATR_b4c4,MATR_b2c4,MATR_b2c45,MATR_b3c13",False,False,0.95
240,MATR_b2c22,512.0,478.29702928794495,13.020517840397785,452.77728326070405,503.81677531518585,272.0,238.29702928794495,212.77728326070405,263.81677531518585,33.70297071205505,"MATR_b2c31,MATR_b4c40,MATR_b3c35,MATR_b1c40,MATR_b2c5,MATR_b1c0,MATR_b1c17,MATR_b4c41,MATR_b3c38,MATR_b2c43,MATR_b3c5,MATR_b2c0,MATR_b4c4,MATR_b2c4,MATR_b2c45,MATR_b3c13",False,False,0.95
240,MATR_b2c24,494.0,483.05869338717605,15.79179981587241,452.1073344969999,514.0100522773522,254.0,243.05869338717605,212.1073344969999,274.0100522773522,10.94130661282395,"MATR_b2c31,MATR_b4c40,MATR_b3c35,MATR_b1c40,MATR_b2c5,MATR_b1c0,MATR_b1c17,MATR_b4c41,MATR_b3c38,MATR_b2c43,MATR_b3c5,MATR_b2c0,MATR_b4c4,MATR_b2c4,MATR_b2c45,MATR_b3c13",False,False,0.95
240,MATR_b2c3,334.0,356.73069340337594,11.072170851960664,335.0296373028589,378.431749503893,94.0,116.73069340337594,95.02963730285887,138.431749503893,22.730693403375938,"MATR_b2c31,MATR_b4c40,MATR_b3c35,MATR_b1c40,MATR_b2c5,MATR_b1c0,MATR_b1c17,MATR_b4c41,MATR_b3c38,MATR_b2c43,MATR_b3c5,MATR_b2c0,MATR_b4c4,MATR_b2c4,MATR_b2c45,MATR_b3c13",False,False,0.95
240,MATR_b2c33,519.0,529.3448137831114,16.7633409682463,496.4892692247838,562.2003583414389,279.0,289.34481378311136,256.4892692247838,322.2003583414389,10.344813783111363,"MATR_b2c31,MATR_b4c40,MATR_b3c35,MATR_b1c40,MATR_b2c5,MATR_b1c0,MATR_b1c17,MATR_b4c41,MATR_b3c38,MATR_b2c43,MATR_b3c5,MATR_b2c0,MATR_b4c4,MATR_b2c4,MATR_b2c45,MATR_b3c13",False,False,0.95
240,MATR_b2c41,428.0,482.01236220417877,17.080763991464632,448.53467995247945,515.4900444558781,188.0,242.01236220417877,208.53467995247945,275.4900444558781,54.01236220417877,"MATR_b2c31,MATR_b4c40,MATR_b3c35,MATR_b1c40,MATR_b2c5,MATR_b1c0,MATR_b1c17,MATR_b4c41,MATR_b3c38,MATR_b2c43,MATR_b3c5,MATR_b2c0,MATR_b4c4,MATR_b2c4,MATR_b2c45,MATR_b3c13",False,False,0.95
240,MATR_b3c1,1061.0,1101.0760819622406,83.56568905135016,937.2903410783211,1264.86182284616,821.0,861.0760819622406,697.2903410783211,1024.86182284616,40.07608196224055,"MATR_b2c31,MATR_b4c40,MATR_b3c35,MATR_b1c40,MATR_b2c5,MATR_b1c0,MATR_b1c17,MATR_b4c41,MATR_b3c38,MATR_b2c43,MATR_b3c5,MATR_b2c0,MATR_b4c4,MATR_b2c4,MATR_b2c45,MATR_b3c13",False,False,0.95
240,MATR_b3c14,856.0,968.5701191657431,25.778279034661544,918.0456206743826,1019.0946176571036,616.0,728.5701191657431,678.0456206743826,779.0946176571036,112.57011916574311,"MATR_b2c31,MATR_b4c40,MATR_b3c35,MATR_b1c40,MATR_b2c5,MATR_b1c0,MATR_b1c17,MATR_b4c41,MATR_b3c38,MATR_b2c43,MATR_b3c5,MATR_b2c0,MATR_b4c4,MATR_b2c4,MATR_b2c45,MATR_b3c13",False,False,0.95
240,MATR_b3c17,1313.0,1306.1571820221511,133.11724009142227,1045.252185721592,1567.0621783227102,1073.0,1066.1571820221511,805.252185721592,1327.0621783227102,6.842817977848881,"MATR_b2c31,MATR_b4c40,MATR_b3c35,MATR_b1c40,MATR_b2c5,MATR_b1c0,MATR_b1c17,MATR_b4c41,MATR_b3c38,MATR_b2c43,MATR_b3c5,MATR_b2c0,MATR_b4c4,MATR_b2c4,MATR_b2c45,MATR_b3c13",False,False,0.95
240,MATR_b3c24,823.0,838.1709849216464,46.37052470816652,747.2864265494154,929.0555432938775,583.0,598.1709849216464,507.2864265494154,689.0555432938775,15.170984921646436,"MATR_b2c31,MATR_b4c40,MATR_b3c35,MATR_b1c40,MATR_b2c5,MATR_b1c0,MATR_b1c17,MATR_b4c41,MATR_b3c38,MATR_b2c43,MATR_b3c5,MATR_b2c0,MATR_b4c4,MATR_b2c4,MATR_b2c45,MATR_b3c13",False,False,0.95
240,MATR_b3c31,729.0,702.3555121052433,28.761070500697265,645.9848497670592,758.7261744434273,489.0,462.3555121052433,405.98484976705925,518.7261744434273,26.644487894756708,"MATR_b2c31,MATR_b4c40,MATR_b3c35,MATR_b1c40,MATR_b2c5,MATR_b1c0,MATR_b1c17,MATR_b4c41,MATR_b3c38,MATR_b2c43,MATR_b3c5,MATR_b2c0,MATR_b4c4,MATR_b2c4,MATR_b2c45,MATR_b3c13",False,False,0.95
240,MATR_b3c33,1282.0,1272.4135236045283,153.2900871359936,971.9704736309743,1572.8565735780824,1042.0,1032.4135236045283,731.9704736309743,1332.8565735780824,9.586476395471664,"MATR_b2c31,MATR_b4c40,MATR_b3c35,MATR_b1c40,MATR_b2c5,MATR_b1c0,MATR_b1c17,MATR_b4c41,MATR_b3c38,MATR_b2c43,MATR_b3c5,MATR_b2c0,MATR_b4c4,MATR_b2c4,MATR_b2c45,MATR_b3c13",False,False,0.95
240,MATR_b3c36,921.0,956.3540205280581,44.477285172860064,869.180143459135,1043.5278975969811,681.0,716.3540205280581,629.180143459135,803.5278975969811,35.35402052805807,"MATR_b2c31,MATR_b4c40,MATR_b3c35,MATR_b1c40,MATR_b2c5,MATR_b1c0,MATR_b1c17,MATR_b4c41,MATR_b3c38,MATR_b2c43,MATR_b3c5,MATR_b2c0,MATR_b4c4,MATR_b2c4,MATR_b2c45,MATR_b3c13",False,False,0.95
240,MATR_b3c6,665.0,583.7728169051246,23.174561261097203,538.351511475857,629.1941223343922,425.0,343.7728169051246,298.351511475857,389.1941223343922,81.22718309487539,"MATR_b2c31,MATR_b4c40,MATR_b3c35,MATR_b1c40,MATR_b2c5,MATR_b1c0,MATR_b1c17,MATR_b4c41,MATR_b3c38,MATR_b2c43,MATR_b3c5,MATR_b2c0,MATR_b4c4,MATR_b2c4,MATR_b2c45,MATR_b3c13",False,False,0.95
240,MATR_b4c1,760.0,732.4609141754801,34.837070645909954,664.1815103826191,800.7403179683411,520.0,492.46091417548007,424.1815103826191,560.7403179683411,27.53908582451993,"MATR_b2c31,MATR_b4c40,MATR_b3c35,MATR_b1c40,MATR_b2c5,MATR_b1c0,MATR_b1c17,MATR_b4c41,MATR_b3c38,MATR_b2c43,MATR_b3c5,MATR_b2c0,MATR_b4c4,MATR_b2c4,MATR_b2c45,MATR_b3c13",False,False,0.95
240,MATR_b4c11,863.0,892.794741121642,53.2873169511789,788.3535190645607,997.2359631787233,623.0,652.794741121642,548.3535190645607,757.2359631787233,29.794741121642005,"MATR_b2c31,MATR_b4c40,MATR_b3c35,MATR_b1c40,MATR_b2c5,MATR_b1c0,MATR_b1c17,MATR_b4c41,MATR_b3c38,MATR_b2c43,MATR_b3c5,MATR_b2c0,MATR_b4c4,MATR_b2c4,MATR_b2c45,MATR_b3c13",False,False,0.95
240,MATR_b4c15,675.0,692.6695997474849,25.009672854507535,643.6515416875211,741.6876578074487,435.0,452.6695997474849,403.6515416875211,501.68765780744866,17.66959974748488,"MATR_b2c31,MATR_b4c40,MATR_b3c35,MATR_b1c40,MATR_b2c5,MATR_b1c0,MATR_b1c17,MATR_b4c41,MATR_b3c38,MATR_b2c43,MATR_b3c5,MATR_b2c0,MATR_b4c4,MATR_b2c4,MATR_b2c45,MATR_b3c13",False,False,0.95
240,MATR_b4c21,773.0,954.1930819424928,40.21383234672878,875.3754188625726,1033.010745022413,533.0,714.1930819424928,635.3754188625726,793.010745022413,181.19308194249277,"MATR_b2c31,MATR_b4c40,MATR_b3c35,MATR_b1c40,MATR_b2c5,MATR_b1c0,MATR_b1c17,MATR_b4c41,MATR_b3c38,MATR_b2c43,MATR_b3c5,MATR_b2c0,MATR_b4c4,MATR_b2c4,MATR_b2c45,MATR_b3c13",False,False,0.95
240,MATR_b4c3,777.0,992.5955384681192,45.6847137948266,903.055144786239,1082.1359321499995,537.0,752.5955384681192,663.055144786239,842.1359321499995,215.59553846811923,"MATR_b2c31,MATR_b4c40,MATR_b3c35,MATR_b1c40,MATR_b2c5,MATR_b1c0,MATR_b1c17,MATR_b4c41,MATR_b3c38,MATR_b2c43,MATR_b3c5,MATR_b2c0,MATR_b4c4,MATR_b2c4,MATR_b2c45,MATR_b3c13",False,False,0.95
240,MATR_b4c32,754.0,986.1640239723247,36.7256359513278,914.1831001983928,1058.1449477462565,514.0,746.1640239723247,674.1831001983928,818.1449477462565,232.16402397232469,"MATR_b2c31,MATR_b4c40,MATR_b3c35,MATR_b1c40,MATR_b2c5,MATR_b1c0,MATR_b1c17,MATR_b4c41,MATR_b3c38,MATR_b2c43,MATR_b3c5,MATR_b2c0,MATR_b4c4,MATR_b2c4,MATR_b2c45,MATR_b3c13",False,False,0.95
240,MATR_b4c34,891.0,1212.648834363167,63.12504415548565,1088.9260212959146,1336.3716474304194,651.0,972.648834363167,848.9260212959146,1096.3716474304194,321.648834363167,"MATR_b2c31,MATR_b4c40,MATR_b3c35,MATR_b1c40,MATR_b2c5,MATR_b1c0,MATR_b1c17,MATR_b4c41,MATR_b3c38,MATR_b2c43,MATR_b3c5,MATR_b2c0,MATR_b4c4,MATR_b2c4,MATR_b2c45,MATR_b3c13",False,False,0.95
240,MATR_b4c42,774.0,792.206221947263,47.02342076262297,700.042010822649,884.370433071877,534.0,552.206221947263,460.042010822649,644.370433071877,18.206221947262975,"MATR_b2c31,MATR_b4c40,MATR_b3c35,MATR_b1c40,MATR_b2c5,MATR_b1c0,MATR_b1c17,MATR_b4c41,MATR_b3c38,MATR_b2c43,MATR_b3c5,MATR_b2c0,MATR_b4c4,MATR_b2c4,MATR_b2c45,MATR_b3c13",False,False,0.95
240,MATR_b4c6,706.0,758.0886216099426,15.339758030899818,728.02324833782,788.1539948820653,466.0,518.0886216099426,488.02324833781995,548.1539948820653,52.08862160994261,"MATR_b2c31,MATR_b4c40,MATR_b3c35,MATR_b1c40,MATR_b2c5,MATR_b1c0,MATR_b1c17,MATR_b4c41,MATR_b3c38,MATR_b2c43,MATR_b3c5,MATR_b2c0,MATR_b4c4,MATR_b2c4,MATR_b2c45,MATR_b3c13",False,False,0.95
240,MATR_b4c7,529.0,573.274181352954,14.506167822785079,544.8426148666014,601.7057478393066,289.0,333.274181352954,304.84261486660137,361.7057478393066,44.274181352953974,"MATR_b2c31,MATR_b4c40,MATR_b3c35,MATR_b1c40,MATR_b2c5,MATR_b1c0,MATR_b1c17,MATR_b4c41,MATR_b3c38,MATR_b2c43,MATR_b3c5,MATR_b2c0,MATR_b4c4,MATR_b2c4,MATR_b2c45,MATR_b3c13",False,False,0.95
260,MATR_b1c14,877.0,862.5628102124426,30.87658648690713,802.0458127325686,923.0798076923166,617.0,602.5628102124426,542.0458127325686,663.0798076923166,14.437189787557372,"MATR_b4c2,MATR_b2c35,MATR_b2c23,MATR_b3c35,MATR_b3c16,MATR_b2c25,MATR_b4c24,MATR_b1c24,MATR_b1c29,MATR_b2c42,MATR_b2c10,MATR_b3c13,MATR_b1c39,MATR_b2c44,MATR_b1c0,MATR_b4c27",False,False,0.95
260,MATR_b1c18,687.0,667.6556102287369,11.0461473652255,646.0055592249729,689.3056612325009,427.0,407.6556102287369,386.0055592249729,429.30566123250094,19.34438977126308,"MATR_b4c2,MATR_b2c35,MATR_b2c23,MATR_b3c35,MATR_b3c16,MATR_b2c25,MATR_b4c24,MATR_b1c24,MATR_b1c29,MATR_b2c42,MATR_b2c10,MATR_b3c13,MATR_b1c39,MATR_b2c44,MATR_b1c0,MATR_b4c27",False,False,0.95
260,MATR_b1c19,786.0,770.3686092307906,18.4552298764914,734.1970233464599,806.5401951151214,526.0,510.36860923079064,474.1970233464599,546.5401951151214,15.63139076920936,"MATR_b4c2,MATR_b2c35,MATR_b2c23,MATR_b3c35,MATR_b3c16,MATR_b2c25,MATR_b4c24,MATR_b1c24,MATR_b1c29,MATR_b2c42,MATR_b2c10,MATR_b3c13,MATR_b1c39,MATR_b2c44,MATR_b1c0,MATR_b4c27",False,False,0.95
260,MATR_b1c2,2237.0,1949.8030131584223,183.42430852699806,1590.297974556343,2309.3080517605017,1977.0,1689.8030131584223,1330.297974556343,2049.3080517605017,287.19698684157765,"MATR_b4c2,MATR_b2c35,MATR_b2c23,MATR_b3c35,MATR_b3c16,MATR_b2c25,MATR_b4c24,MATR_b1c24,MATR_b1c29,MATR_b2c42,MATR_b2c10,MATR_b3c13,MATR_b1c39,MATR_b2c44,MATR_b1c0,MATR_b4c27",False,False,0.95
260,MATR_b1c30,707.0,848.0594111710259,21.290644309106582,806.3305151175243,889.7883072245274,447.0,588.0594111710259,546.3305151175243,629.7883072245274,141.05941117102589,"MATR_b4c2,MATR_b2c35,MATR_b2c23,MATR_b3c35,MATR_b3c16,MATR_b2c25,MATR_b4c24,MATR_b1c24,MATR_b1c29,MATR_b2c42,MATR_b2c10,MATR_b3c13,MATR_b1c39,MATR_b2c44,MATR_b1c0,MATR_b4c27",False,False,0.95
260,MATR_b1c34,742.0,817.548348520446,15.87602299287391,786.4319152366834,848.6647818042086,482.0,557.548348520446,526.4319152366834,588.6647818042086,75.54834852044598,"MATR_b4c2,MATR_b2c35,MATR_b2c23,MATR_b3c35,MATR_b3c16,MATR_b2c25,MATR_b4c24,MATR_b1c24,MATR_b1c29,MATR_b2c42,MATR_b2c10,MATR_b3c13,MATR_b1c39,MATR_b2c44,MATR_b1c0,MATR_b4c27",False,False,0.95
260,MATR_b1c35,701.0,611.1325829255263,34.66576376672097,543.1889344461797,679.0762314048729,441.0,351.1325829255263,283.1889344461797,419.07623140487294,89.86741707447368,"MATR_b4c2,MATR_b2c35,MATR_b2c23,MATR_b3c35,MATR_b3c16,MATR_b2c25,MATR_b4c24,MATR_b1c24,MATR_b1c29,MATR_b2c42,MATR_b2c10,MATR_b3c13,MATR_b1c39,MATR_b2c44,MATR_b1c0,MATR_b4c27",False,False,0.95
260,MATR_b1c42,700.0,704.8478199505114,19.31624560506733,666.9886742480493,742.7069656529735,440.0,444.8478199505114,406.9886742480493,482.7069656529735,4.8478199505113935,"MATR_b4c2,MATR_b2c35,MATR_b2c23,MATR_b3c35,MATR_b3c16,MATR_b2c25,MATR_b4c24,MATR_b1c24,MATR_b1c29,MATR_b2c42,MATR_b2c10,MATR_b3c13,MATR_b1c39,MATR_b2c44,MATR_b1c0,MATR_b4c27",False,False,0.95
260,MATR_b1c5,1071.0,1041.1053596305096,23.011238446448704,996.0041610358068,1086.2065582252126,811.0,781.1053596305096,736.0041610358068,826.2065582252126,29.89464036949039,"MATR_b4c2,MATR_b2c35,MATR_b2c23,MATR_b3c35,MATR_b3c16,MATR_b2c25,MATR_b4c24,MATR_b1c24,MATR_b1c29,MATR_b2c42,MATR_b2c10,MATR_b3c13,MATR_b1c39,MATR_b2c44,MATR_b1c0,MATR_b4c27",False,False,0.95
260,MATR_b1c6,633.0,808.6174595530192,16.759264249375157,775.7699052168542,841.4650138891842,373.0,548.6174595530192,515.7699052168542,581.4650138891842,175.61745955301922,"MATR_b4c2,MATR_b2c35,MATR_b2c23,MATR_b3c35,MATR_b3c16,MATR_b2c25,MATR_b4c24,MATR_b1c24,MATR_b1c29,MATR_b2c42,MATR_b2c10,MATR_b3c13,MATR_b1c39,MATR_b2c44,MATR_b1c0,MATR_b4c27",False,False,0.95
260,MATR_b2c19,460.0,494.75509858399937,9.494750587367976,476.1457293905676,513.3644677774312,200.0,234.75509858399937,216.14572939056762,253.36446777743117,34.75509858399937,"MATR_b4c2,MATR_b2c35,MATR_b2c23,MATR_b3c35,MATR_b3c16,MATR_b2c25,MATR_b4c24,MATR_b1c24,MATR_b1c29,MATR_b2c42,MATR_b2c10,MATR_b3c13,MATR_b1c39,MATR_b2c44,MATR_b1c0,MATR_b4c27",False,False,0.95
260,MATR_b2c22,512.0,477.78181482730866,12.531484477670576,453.2205565782516,502.3430730763657,252.0,217.78181482730866,193.2205565782516,242.34307307636573,34.218185172691335,"MATR_b4c2,MATR_b2c35,MATR_b2c23,MATR_b3c35,MATR_b3c16,MATR_b2c25,MATR_b4c24,MATR_b1c24,MATR_b1c29,MATR_b2c42,MATR_b2c10,MATR_b3c13,MATR_b1c39,MATR_b2c44,MATR_b1c0,MATR_b4c27",False,False,0.95
260,MATR_b2c24,494.0,480.505430008504,14.92996662635723,451.24323313045886,509.7676268865491,234.0,220.505430008504,191.24323313045886,249.76762688654912,13.494569991496007,"MATR_b4c2,MATR_b2c35,MATR_b2c23,MATR_b3c35,MATR_b3c16,MATR_b2c25,MATR_b4c24,MATR_b1c24,MATR_b1c29,MATR_b2c42,MATR_b2c10,MATR_b3c13,MATR_b1c39,MATR_b2c44,MATR_b1c0,MATR_b4c27",False,False,0.95
260,MATR_b2c3,334.0,349.3299125314039,11.341514233720313,327.1009531031637,371.55887195964414,74.0,89.32991253140392,67.1009531031637,111.55887195964414,15.32991253140392,"MATR_b4c2,MATR_b2c35,MATR_b2c23,MATR_b3c35,MATR_b3c16,MATR_b2c25,MATR_b4c24,MATR_b1c24,MATR_b1c29,MATR_b2c42,MATR_b2c10,MATR_b3c13,MATR_b1c39,MATR_b2c44,MATR_b1c0,MATR_b4c27",False,False,0.95
260,MATR_b2c33,519.0,530.8864110274217,16.542477136894032,498.4637516240321,563.3090704308113,259.0,270.8864110274217,238.4637516240321,303.3090704308113,11.886411027421673,"MATR_b4c2,MATR_b2c35,MATR_b2c23,MATR_b3c35,MATR_b3c16,MATR_b2c25,MATR_b4c24,MATR_b1c24,MATR_b1c29,MATR_b2c42,MATR_b2c10,MATR_b3c13,MATR_b1c39,MATR_b2c44,MATR_b1c0,MATR_b4c27",False,False,0.95
260,MATR_b2c41,428.0,478.93232934865864,15.95444866632207,447.6621845694743,510.202474127843,168.0,218.93232934865864,187.66218456947428,250.202474127843,50.93232934865864,"MATR_b4c2,MATR_b2c35,MATR_b2c23,MATR_b3c35,MATR_b3c16,MATR_b2c25,MATR_b4c24,MATR_b1c24,MATR_b1c29,MATR_b2c42,MATR_b2c10,MATR_b3c13,MATR_b1c39,MATR_b2c44,MATR_b1c0,MATR_b4c27",False,False,0.95
260,MATR_b3c1,1061.0,1106.9113275107143,85.87856480855393,938.5924334419597,1275.230221579469,801.0,846.9113275107143,678.5924334419597,1015.2302215794689,45.91132751071427,"MATR_b4c2,MATR_b2c35,MATR_b2c23,MATR_b3c35,MATR_b3c16,MATR_b2c25,MATR_b4c24,MATR_b1c24,MATR_b1c29,MATR_b2c42,MATR_b2c10,MATR_b3c13,MATR_b1c39,MATR_b2c44,MATR_b1c0,MATR_b4c27",False,False,0.95
260,MATR_b3c14,856.0,966.3363312841584,25.56899962459084,916.2220128992421,1016.4506496690747,596.0,706.3363312841584,656.2220128992421,756.4506496690747,110.3363312841584,"MATR_b4c2,MATR_b2c35,MATR_b2c23,MATR_b3c35,MATR_b3c16,MATR_b2c25,MATR_b4c24,MATR_b1c24,MATR_b1c29,MATR_b2c42,MATR_b2c10,MATR_b3c13,MATR_b1c39,MATR_b2c44,MATR_b1c0,MATR_b4c27",False,False,0.95
260,MATR_b3c17,1313.0,1318.0679195962325,137.12819511215645,1049.3015959114246,1586.8342432810405,1053.0,1058.0679195962325,789.3015959114246,1326.8342432810405,5.067919596232514,"MATR_b4c2,MATR_b2c35,MATR_b2c23,MATR_b3c35,MATR_b3c16,MATR_b2c25,MATR_b4c24,MATR_b1c24,MATR_b1c29,MATR_b2c42,MATR_b2c10,MATR_b3c13,MATR_b1c39,MATR_b2c44,MATR_b1c0,MATR_b4c27",False,False,0.95
260,MATR_b3c24,823.0,855.7112501761796,46.94961638993786,763.69169296393,947.7308073884293,563.0,595.7112501761796,503.69169296393,687.7308073884293,32.71125017617965,"MATR_b4c2,MATR_b2c35,MATR_b2c23,MATR_b3c35,MATR_b3c16,MATR_b2c25,MATR_b4c24,MATR_b1c24,MATR_b1c29,MATR_b2c42,MATR_b2c10,MATR_b3c13,MATR_b1c39,MATR_b2c44,MATR_b1c0,MATR_b4c27",False,False,0.95
260,MATR_b3c31,729.0,703.3432307507948,27.87473112604639,648.7097616650062,757.9766998365833,469.0,443.34323075079476,388.7097616650062,497.9766998365833,25.65676924920524,"MATR_b4c2,MATR_b2c35,MATR_b2c23,MATR_b3c35,MATR_b3c16,MATR_b2c25,MATR_b4c24,MATR_b1c24,MATR_b1c29,MATR_b2c42,MATR_b2c10,MATR_b3c13,MATR_b1c39,MATR_b2c44,MATR_b1c0,MATR_b4c27",False,False,0.95
260,MATR_b3c33,1282.0,1257.4902389862227,148.18680669835064,967.0494348734567,1547.9310430989888,1022.0,997.4902389862227,707.0494348734567,1287.9310430989888,24.50976101377728,"MATR_b4c2,MATR_b2c35,MATR_b2c23,MATR_b3c35,MATR_b3c16,MATR_b2c25,MATR_b4c24,MATR_b1c24,MATR_b1c29,MATR_b2c42,MATR_b2c10,MATR_b3c13,MATR_b1c39,MATR_b2c44,MATR_b1c0,MATR_b4c27",False,False,0.95
260,MATR_b3c36,921.0,957.5407244568597,43.552248726408656,872.1798855073683,1042.9015634063512,661.0,697.5407244568597,612.1798855073683,782.9015634063512,36.54072445685972,"MATR_b4c2,MATR_b2c35,MATR_b2c23,MATR_b3c35,MATR_b3c16,MATR_b2c25,MATR_b4c24,MATR_b1c24,MATR_b1c29,MATR_b2c42,MATR_b2c10,MATR_b3c13,MATR_b1c39,MATR_b2c44,MATR_b1c0,MATR_b4c27",False,False,0.95
260,MATR_b3c6,665.0,580.5393507480167,22.72032585792072,536.008330349478,625.0703711465553,405.0,320.53935074801666,276.008330349478,365.0703711465553,84.46064925198334,"MATR_b4c2,MATR_b2c35,MATR_b2c23,MATR_b3c35,MATR_b3c16,MATR_b2c25,MATR_b4c24,MATR_b1c24,MATR_b1c29,MATR_b2c42,MATR_b2c10,MATR_b3c13,MATR_b1c39,MATR_b2c44,MATR_b1c0,MATR_b4c27",False,False,0.95
260,MATR_b4c1,760.0,735.5680208668272,34.096942687714446,668.7392412159805,802.3968005176738,500.0,475.56802086682717,408.73924121598054,542.3968005176738,24.43197913317283,"MATR_b4c2,MATR_b2c35,MATR_b2c23,MATR_b3c35,MATR_b3c16,MATR_b2c25,MATR_b4c24,MATR_b1c24,MATR_b1c29,MATR_b2c42,MATR_b2c10,MATR_b3c13,MATR_b1c39,MATR_b2c44,MATR_b1c0,MATR_b4c27",False,False,0.95
260,MATR_b4c11,863.0,885.9862206978814,52.89814438155009,782.3077628610434,989.6646785347194,603.0,625.9862206978814,522.3077628610434,729.6646785347194,22.986220697881436,"MATR_b4c2,MATR_b2c35,MATR_b2c23,MATR_b3c35,MATR_b3c16,MATR_b2c25,MATR_b4c24,MATR_b1c24,MATR_b1c29,MATR_b2c42,MATR_b2c10,MATR_b3c13,MATR_b1c39,MATR_b2c44,MATR_b1c0,MATR_b4c27",False,False,0.95
260,MATR_b4c15,675.0,689.7016590178794,24.04241543269588,642.5793906684455,736.8239273673132,415.0,429.70165901787936,382.5793906684455,476.8239273673132,14.701659017879365,"MATR_b4c2,MATR_b2c35,MATR_b2c23,MATR_b3c35,MATR_b3c16,MATR_b2c25,MATR_b4c24,MATR_b1c24,MATR_b1c29,MATR_b2c42,MATR_b2c10,MATR_b3c13,MATR_b1c39,MATR_b2c44,MATR_b1c0,MATR_b4c27",False,False,0.95
260,MATR_b4c21,773.0,953.5326393709338,39.61138598235344,875.8957494678064,1031.1695292740612,513.0,693.5326393709338,615.8957494678064,771.1695292740612,180.5326393709338,"MATR_b4c2,MATR_b2c35,MATR_b2c23,MATR_b3c35,MATR_b3c16,MATR_b2c25,MATR_b4c24,MATR_b1c24,MATR_b1c29,MATR_b2c42,MATR_b2c10,MATR_b3c13,MATR_b1c39,MATR_b2c44,MATR_b1c0,MATR_b4c27",False,False,0.95
260,MATR_b4c3,777.0,1008.0702834122467,45.93407819599038,918.041144485059,1098.0994223394343,517.0,748.0702834122467,658.041144485059,838.0994223394343,231.07028341224668,"MATR_b4c2,MATR_b2c35,MATR_b2c23,MATR_b3c35,MATR_b3c16,MATR_b2c25,MATR_b4c24,MATR_b1c24,MATR_b1c29,MATR_b2c42,MATR_b2c10,MATR_b3c13,MATR_b1c39,MATR_b2c44,MATR_b1c0,MATR_b4c27",False,False,0.95
260,MATR_b4c32,754.0,985.2836032501145,36.83754694201273,913.083337964966,1057.4838685352631,494.0,725.2836032501145,653.083337964966,797.4838685352631,231.28360325011454,"MATR_b4c2,MATR_b2c35,MATR_b2c23,MATR_b3c35,MATR_b3c16,MATR_b2c25,MATR_b4c24,MATR_b1c24,MATR_b1c29,MATR_b2c42,MATR_b2c10,MATR_b3c13,MATR_b1c39,MATR_b2c44,MATR_b1c0,MATR_b4c27",False,False,0.95
260,MATR_b4c34,891.0,1211.1886115327002,60.71332502059707,1092.1926811106555,1330.1845419547449,631.0,951.1886115327002,832.1926811106555,1070.1845419547449,320.1886115327002,"MATR_b4c2,MATR_b2c35,MATR_b2c23,MATR_b3c35,MATR_b3c16,MATR_b2c25,MATR_b4c24,MATR_b1c24,MATR_b1c29,MATR_b2c42,MATR_b2c10,MATR_b3c13,MATR_b1c39,MATR_b2c44,MATR_b1c0,MATR_b4c27",False,False,0.95
260,MATR_b4c42,774.0,809.3924125234297,47.44826050566453,716.395530803253,902.3892942436064,514.0,549.3924125234297,456.395530803253,642.3892942436064,35.3924125234297,"MATR_b4c2,MATR_b2c35,MATR_b2c23,MATR_b3c35,MATR_b3c16,MATR_b2c25,MATR_b4c24,MATR_b1c24,MATR_b1c29,MATR_b2c42,MATR_b2c10,MATR_b3c13,MATR_b1c39,MATR_b2c44,MATR_b1c0,MATR_b4c27",False,False,0.95
260,MATR_b4c6,706.0,758.7323932712534,15.481054095894555,728.3900848005837,789.074701741923,446.0,498.7323932712534,468.39008480058374,529.074701741923,52.732393271253386,"MATR_b4c2,MATR_b2c35,MATR_b2c23,MATR_b3c35,MATR_b3c16,MATR_b2c25,MATR_b4c24,MATR_b1c24,MATR_b1c29,MATR_b2c42,MATR_b2c10,MATR_b3c13,MATR_b1c39,MATR_b2c44,MATR_b1c0,MATR_b4c27",False,False,0.95
260,MATR_b4c7,529.0,572.2230512625723,14.45610863203034,543.8895989871943,600.5565035379503,269.0,312.2230512625723,283.8895989871943,340.55650353795033,43.22305126257231,"MATR_b4c2,MATR_b2c35,MATR_b2c23,MATR_b3c35,MATR_b3c16,MATR_b2c25,MATR_b4c24,MATR_b1c24,MATR_b1c29,MATR_b2c42,MATR_b2c10,MATR_b3c13,MATR_b1c39,MATR_b2c44,MATR_b1c0,MATR_b4c27",False,False,0.95
280,MATR_b1c14,877.0,860.7826225845276,29.928778754435708,802.1232941245661,919.4419510444892,597.0,580.7826225845276,522.1232941245661,639.4419510444892,16.217377415472356,"MATR_b2c38,MATR_b4c35,MATR_b1c23,MATR_b4c37,MATR_b2c4,MATR_b2c6,MATR_b2c5,MATR_b4c5,MATR_b1c7,MATR_b3c16,MATR_b1c41,MATR_b1c26,MATR_b2c0,MATR_b3c8,MATR_b2c29,MATR_b4c13",False,False,0.95
280,MATR_b1c18,687.0,671.671204193276,11.20201775899472,649.7156528314683,693.6267555550837,407.0,391.671204193276,369.71565283146833,413.6267555550837,15.328795806723974,"MATR_b2c38,MATR_b4c35,MATR_b1c23,MATR_b4c37,MATR_b2c4,MATR_b2c6,MATR_b2c5,MATR_b4c5,MATR_b1c7,MATR_b3c16,MATR_b1c41,MATR_b1c26,MATR_b2c0,MATR_b3c8,MATR_b2c29,MATR_b4c13",False,False,0.95
280,MATR_b1c19,786.0,770.6861457575783,17.560928785153056,736.2673578036056,805.104933711551,506.0,490.6861457575783,456.2673578036056,525.104933711551,15.313854242421712,"MATR_b2c38,MATR_b4c35,MATR_b1c23,MATR_b4c37,MATR_b2c4,MATR_b2c6,MATR_b2c5,MATR_b4c5,MATR_b1c7,MATR_b3c16,MATR_b1c41,MATR_b1c26,MATR_b2c0,MATR_b3c8,MATR_b2c29,MATR_b4c13",False,False,0.95
280,MATR_b1c2,2237.0,1956.9915882277814,189.67534646665055,1585.2347403979898,2328.748436057573,1957.0,1676.9915882277814,1305.2347403979898,2048.748436057573,280.00841177221855,"MATR_b2c38,MATR_b4c35,MATR_b1c23,MATR_b4c37,MATR_b2c4,MATR_b2c6,MATR_b2c5,MATR_b4c5,MATR_b1c7,MATR_b3c16,MATR_b1c41,MATR_b1c26,MATR_b2c0,MATR_b3c8,MATR_b2c29,MATR_b4c13",False,False,0.95
280,MATR_b1c30,707.0,838.7397636573526,20.545867997483846,798.4706023511701,879.008924963535,427.0,558.7397636573526,518.4706023511701,599.008924963535,131.73976365735257,"MATR_b2c38,MATR_b4c35,MATR_b1c23,MATR_b4c37,MATR_b2c4,MATR_b2c6,MATR_b2c5,MATR_b4c5,MATR_b1c7,MATR_b3c16,MATR_b1c41,MATR_b1c26,MATR_b2c0,MATR_b3c8,MATR_b2c29,MATR_b4c13",False,False,0.95
280,MATR_b1c34,742.0,811.5119064274763,15.422920272984475,781.2835381559942,841.7402746989585,462.0,531.5119064274763,501.28353815599417,561.7402746989585,69.51190642747633,"MATR_b2c38,MATR_b4c35,MATR_b1c23,MATR_b4c37,MATR_b2c4,MATR_b2c6,MATR_b2c5,MATR_b4c5,MATR_b1c7,MATR_b3c16,MATR_b1c41,MATR_b1c26,MATR_b2c0,MATR_b3c8,MATR_b2c29,MATR_b4c13",False,False,0.95
280,MATR_b1c35,701.0,610.9520875501396,33.79530312973902,544.7145105692374,677.1896645310418,421.0,330.9520875501396,264.7145105692374,397.1896645310418,90.0479124498604,"MATR_b2c38,MATR_b4c35,MATR_b1c23,MATR_b4c37,MATR_b2c4,MATR_b2c6,MATR_b2c5,MATR_b4c5,MATR_b1c7,MATR_b3c16,MATR_b1c41,MATR_b1c26,MATR_b2c0,MATR_b3c8,MATR_b2c29,MATR_b4c13",False,False,0.95
280,MATR_b1c42,700.0,706.6683983822448,19.02297120133644,669.3840599486828,743.9527368158069,420.0,426.66839838224485,389.38405994868276,463.95273681580693,6.668398382244845,"MATR_b2c38,MATR_b4c35,MATR_b1c23,MATR_b4c37,MATR_b2c4,MATR_b2c6,MATR_b2c5,MATR_b4c5,MATR_b1c7,MATR_b3c16,MATR_b1c41,MATR_b1c26,MATR_b2c0,MATR_b3c8,MATR_b2c29,MATR_b4c13",False,False,0.95
280,MATR_b1c5,1071.0,1042.7421069757434,23.600054972890163,996.4868491957133,1088.9973647557736,791.0,762.7421069757434,716.4868491957133,808.9973647557736,28.257893024256646,"MATR_b2c38,MATR_b4c35,MATR_b1c23,MATR_b4c37,MATR_b2c4,MATR_b2c6,MATR_b2c5,MATR_b4c5,MATR_b1c7,MATR_b3c16,MATR_b1c41,MATR_b1c26,MATR_b2c0,MATR_b3c8,MATR_b2c29,MATR_b4c13",False,False,0.95
280,MATR_b1c6,633.0,801.0722033399103,15.984949957079868,769.7422771293586,832.402129550462,353.0,521.0722033399103,489.7422771293586,552.402129550462,168.0722033399103,"MATR_b2c38,MATR_b4c35,MATR_b1c23,MATR_b4c37,MATR_b2c4,MATR_b2c6,MATR_b2c5,MATR_b4c5,MATR_b1c7,MATR_b3c16,MATR_b1c41,MATR_b1c26,MATR_b2c0,MATR_b3c8,MATR_b2c29,MATR_b4c13",False,False,0.95
280,MATR_b2c19,460.0,496.82301364328623,9.67422560683413,477.86187987557616,515.7841474109963,180.0,216.82301364328623,197.86187987557616,235.7841474109963,36.82301364328623,"MATR_b2c38,MATR_b4c35,MATR_b1c23,MATR_b4c37,MATR_b2c4,MATR_b2c6,MATR_b2c5,MATR_b4c5,MATR_b1c7,MATR_b3c16,MATR_b1c41,MATR_b1c26,MATR_b2c0,MATR_b3c8,MATR_b2c29,MATR_b4c13",False,False,0.95
280,MATR_b2c22,512.0,480.6475905825496,12.473264791956804,456.2004408206828,505.0947403444164,232.0,200.64759058254958,176.2004408206828,225.09474034441638,31.352409417450417,"MATR_b2c38,MATR_b4c35,MATR_b1c23,MATR_b4c37,MATR_b2c4,MATR_b2c6,MATR_b2c5,MATR_b4c5,MATR_b1c7,MATR_b3c16,MATR_b1c41,MATR_b1c26,MATR_b2c0,MATR_b3c8,MATR_b2c29,MATR_b4c13",False,False,0.95
280,MATR_b2c24,494.0,481.88068394940024,14.67628556095308,453.115692823107,510.6456750756935,214.0,201.88068394940024,173.115692823107,230.64567507569348,12.119316050599764,"MATR_b2c38,MATR_b4c35,MATR_b1c23,MATR_b4c37,MATR_b2c4,MATR_b2c6,MATR_b2c5,MATR_b4c5,MATR_b1c7,MATR_b3c16,MATR_b1c41,MATR_b1c26,MATR_b2c0,MATR_b3c8,MATR_b2c29,MATR_b4c13",False,False,0.95
280,MATR_b2c3,334.0,348.44706412663464,11.55380472293416,325.8020229852749,371.0921052679944,54.0,68.44706412663464,45.8020229852749,91.09210526799438,14.447064126634643,"MATR_b2c38,MATR_b4c35,MATR_b1c23,MATR_b4c37,MATR_b2c4,MATR_b2c6,MATR_b2c5,MATR_b4c5,MATR_b1c7,MATR_b3c16,MATR_b1c41,MATR_b1c26,MATR_b2c0,MATR_b3c8,MATR_b2c29,MATR_b4c13",False,False,0.95
280,MATR_b2c33,519.0,535.4428700830476,16.73282909166339,502.64712770392333,568.2386124621719,239.0,255.44287008304764,222.64712770392333,288.2386124621719,16.442870083047637,"MATR_b2c38,MATR_b4c35,MATR_b1c23,MATR_b4c37,MATR_b2c4,MATR_b2c6,MATR_b2c5,MATR_b4c5,MATR_b1c7,MATR_b3c16,MATR_b1c41,MATR_b1c26,MATR_b2c0,MATR_b3c8,MATR_b2c29,MATR_b4c13",False,False,0.95
280,MATR_b2c41,428.0,479.4444198146839,15.759407191027826,448.5565493025678,510.3322903268,148.0,199.4444198146839,168.55654930256782,230.33229032679998,51.4444198146839,"MATR_b2c38,MATR_b4c35,MATR_b1c23,MATR_b4c37,MATR_b2c4,MATR_b2c6,MATR_b2c5,MATR_b4c5,MATR_b1c7,MATR_b3c16,MATR_b1c41,MATR_b1c26,MATR_b2c0,MATR_b3c8,MATR_b2c29,MATR_b4c13",False,False,0.95
280,MATR_b3c1,1061.0,1127.1951234120882,92.0161509318662,946.8467815896287,1307.5434652345475,781.0,847.1951234120882,666.8467815896287,1027.5434652345475,66.19512341208815,"MATR_b2c38,MATR_b4c35,MATR_b1c23,MATR_b4c37,MATR_b2c4,MATR_b2c6,MATR_b2c5,MATR_b4c5,MATR_b1c7,MATR_b3c16,MATR_b1c41,MATR_b1c26,MATR_b2c0,MATR_b3c8,MATR_b2c29,MATR_b4c13",False,False,0.95
280,MATR_b3c14,856.0,961.079890423975,25.264504246240588,911.5623720140842,1010.5974088338659,576.0,681.079890423975,631.5623720140842,730.5974088338659,105.07989042397503,"MATR_b2c38,MATR_b4c35,MATR_b1c23,MATR_b4c37,MATR_b2c4,MATR_b2c6,MATR_b2c5,MATR_b4c5,MATR_b1c7,MATR_b3c16,MATR_b1c41,MATR_b1c26,MATR_b2c0,MATR_b3c8,MATR_b2c29,MATR_b4c13",False,False,0.95
280,MATR_b3c17,1313.0,1364.422128019292,151.58835693900213,1067.3144079432454,1661.5298480953384,1033.0,1084.422128019292,787.3144079432454,1381.5298480953384,51.422128019291904,"MATR_b2c38,MATR_b4c35,MATR_b1c23,MATR_b4c37,MATR_b2c4,MATR_b2c6,MATR_b2c5,MATR_b4c5,MATR_b1c7,MATR_b3c16,MATR_b1c41,MATR_b1c26,MATR_b2c0,MATR_b3c8,MATR_b2c29,MATR_b4c13",False,False,0.95
280,MATR_b3c24,823.0,860.3865715809812,47.685999318449085,766.9237303500195,953.849412811943,543.0,580.3865715809812,486.92373035001947,673.849412811943,37.38657158098124,"MATR_b2c38,MATR_b4c35,MATR_b1c23,MATR_b4c37,MATR_b2c4,MATR_b2c6,MATR_b2c5,MATR_b4c5,MATR_b1c7,MATR_b3c16,MATR_b1c41,MATR_b1c26,MATR_b2c0,MATR_b3c8,MATR_b2c29,MATR_b4c13",False,False,0.95
280,MATR_b3c31,729.0,706.796326902528,26.7447978011209,654.377486438525,759.215167366531,449.0,426.796326902528,374.377486438525,479.215167366531,22.203673097472006,"MATR_b2c38,MATR_b4c35,MATR_b1c23,MATR_b4c37,MATR_b2c4,MATR_b2c6,MATR_b2c5,MATR_b4c5,MATR_b1c7,MATR_b3c16,MATR_b1c41,MATR_b1c26,MATR_b2c0,MATR_b3c8,MATR_b2c29,MATR_b4c13",False,False,0.95
280,MATR_b3c33,1282.0,1259.5475211722853,148.82322650412073,967.8593571611619,1551.2356851834088,1002.0,979.5475211722853,687.8593571611619,1271.2356851834088,22.452478827714685,"MATR_b2c38,MATR_b4c35,MATR_b1c23,MATR_b4c37,MATR_b2c4,MATR_b2c6,MATR_b2c5,MATR_b4c5,MATR_b1c7,MATR_b3c16,MATR_b1c41,MATR_b1c26,MATR_b2c0,MATR_b3c8,MATR_b2c29,MATR_b4c13",False,False,0.95
280,MATR_b3c36,921.0,951.6770618489725,43.465868393489764,866.4855252409747,1036.8685984569702,641.0,671.6770618489725,586.4855252409747,756.8685984569702,30.67706184897247,"MATR_b2c38,MATR_b4c35,MATR_b1c23,MATR_b4c37,MATR_b2c4,MATR_b2c6,MATR_b2c5,MATR_b4c5,MATR_b1c7,MATR_b3c16,MATR_b1c41,MATR_b1c26,MATR_b2c0,MATR_b3c8,MATR_b2c29,MATR_b4c13",False,False,0.95
280,MATR_b3c6,665.0,581.8420188623186,22.88455670112332,536.9891119259521,626.6949257986851,385.0,301.8420188623186,256.9891119259521,346.69492579868506,83.15798113768142,"MATR_b2c38,MATR_b4c35,MATR_b1c23,MATR_b4c37,MATR_b2c4,MATR_b2c6,MATR_b2c5,MATR_b4c5,MATR_b1c7,MATR_b3c16,MATR_b1c41,MATR_b1c26,MATR_b2c0,MATR_b3c8,MATR_b2c29,MATR_b4c13",False,False,0.95
280,MATR_b4c1,760.0,736.5944695178573,33.23794767553223,671.4492891537873,801.7396498819273,480.0,456.5944695178573,391.4492891537873,521.7396498819273,23.405530482142694,"MATR_b2c38,MATR_b4c35,MATR_b1c23,MATR_b4c37,MATR_b2c4,MATR_b2c6,MATR_b2c5,MATR_b4c5,MATR_b1c7,MATR_b3c16,MATR_b1c41,MATR_b1c26,MATR_b2c0,MATR_b3c8,MATR_b2c29,MATR_b4c13",False,False,0.95
280,MATR_b4c11,863.0,884.0659802513211,52.42029553115575,781.3240889513099,986.8078715513323,583.0,604.0659802513211,501.32408895130993,706.8078715513323,21.065980251321093,"MATR_b2c38,MATR_b4c35,MATR_b1c23,MATR_b4c37,MATR_b2c4,MATR_b2c6,MATR_b2c5,MATR_b4c5,MATR_b1c7,MATR_b3c16,MATR_b1c41,MATR_b1c26,MATR_b2c0,MATR_b3c8,MATR_b2c29,MATR_b4c13",False,False,0.95
280,MATR_b4c15,675.0,692.1695535980322,23.2232325325594,646.6528542296169,737.6862529664475,395.0,412.16955359803217,366.6528542296169,457.68625296644746,17.169553598032167,"MATR_b2c38,MATR_b4c35,MATR_b1c23,MATR_b4c37,MATR_b2c4,MATR_b2c6,MATR_b2c5,MATR_b4c5,MATR_b1c7,MATR_b3c16,MATR_b1c41,MATR_b1c26,MATR_b2c0,MATR_b3c8,MATR_b2c29,MATR_b4c13",False,False,0.95
280,MATR_b4c21,773.0,940.8664784975723,39.133285424561976,864.1666484687046,1017.56630852644,493.0,660.8664784975723,584.1666484687046,737.56630852644,167.8664784975723,"MATR_b2c38,MATR_b4c35,MATR_b1c23,MATR_b4c37,MATR_b2c4,MATR_b2c6,MATR_b2c5,MATR_b4c5,MATR_b1c7,MATR_b3c16,MATR_b1c41,MATR_b1c26,MATR_b2c0,MATR_b3c8,MATR_b2c29,MATR_b4c13",False,False,0.95
280,MATR_b4c3,777.0,1017.6698107322751,47.356017978038835,924.8537210440877,1110.4859004204625,497.0,737.6698107322751,644.8537210440877,830.4859004204625,240.6698107322751,"MATR_b2c38,MATR_b4c35,MATR_b1c23,MATR_b4c37,MATR_b2c4,MATR_b2c6,MATR_b2c5,MATR_b4c5,MATR_b1c7,MATR_b3c16,MATR_b1c41,MATR_b1c26,MATR_b2c0,MATR_b3c8,MATR_b2c29,MATR_b4c13",False,False,0.95
280,MATR_b4c32,754.0,967.4725431795785,36.433860029951745,896.0634897030997,1038.8815966560574,474.0,687.4725431795785,616.0634897030997,758.8815966560574,213.47254317957845,"MATR_b2c38,MATR_b4c35,MATR_b1c23,MATR_b4c37,MATR_b2c4,MATR_b2c6,MATR_b2c5,MATR_b4c5,MATR_b1c7,MATR_b3c16,MATR_b1c41,MATR_b1c26,MATR_b2c0,MATR_b3c8,MATR_b2c29,MATR_b4c13",False,False,0.95
280,MATR_b4c34,891.0,1210.121786192285,61.90904807239464,1088.7822816532328,1331.4612907313374,611.0,930.1217861922851,808.7822816532328,1051.4612907313374,319.1217861922851,"MATR_b2c38,MATR_b4c35,MATR_b1c23,MATR_b4c37,MATR_b2c4,MATR_b2c6,MATR_b2c5,MATR_b4c5,MATR_b1c7,MATR_b3c16,MATR_b1c41,MATR_b1c26,MATR_b2c0,MATR_b3c8,MATR_b2c29,MATR_b4c13",False,False,0.95
280,MATR_b4c42,774.0,817.0940895932137,47.981056845610055,723.052946235649,911.1352329507783,494.0,537.0940895932137,443.05294623564896,631.1352329507783,43.09408959321365,"MATR_b2c38,MATR_b4c35,MATR_b1c23,MATR_b4c37,MATR_b2c4,MATR_b2c6,MATR_b2c5,MATR_b4c5,MATR_b1c7,MATR_b3c16,MATR_b1c41,MATR_b1c26,MATR_b2c0,MATR_b3c8,MATR_b2c29,MATR_b4c13",False,False,0.95
280,MATR_b4c6,706.0,761.1230871931642,15.502419819580172,730.7389026735672,791.5072717127613,426.0,481.1230871931642,450.73890267356717,511.5072717127613,55.123087193164224,"MATR_b2c38,MATR_b4c35,MATR_b1c23,MATR_b4c37,MATR_b2c4,MATR_b2c6,MATR_b2c5,MATR_b4c5,MATR_b1c7,MATR_b3c16,MATR_b1c41,MATR_b1c26,MATR_b2c0,MATR_b3c8,MATR_b2c29,MATR_b4c13",False,False,0.95
280,MATR_b4c7,529.0,574.5330006272338,14.48085241012967,546.1510514379396,602.9149498165281,249.0,294.53300062723383,266.1510514379396,322.91494981652806,45.53300062723383,"MATR_b2c38,MATR_b4c35,MATR_b1c23,MATR_b4c37,MATR_b2c4,MATR_b2c6,MATR_b2c5,MATR_b4c5,MATR_b1c7,MATR_b3c16,MATR_b1c41,MATR_b1c26,MATR_b2c0,MATR_b3c8,MATR_b2c29,MATR_b4c13",False,False,0.95
300,MATR_b1c14,877.0,860.9420404059124,29.19787222611607,803.7152624175226,918.1688183943022,577.0,560.9420404059124,503.7152624175226,618.1688183943022,16.057959594087606,"MATR_b1c24,MATR_b3c19,MATR_b4c41,MATR_b2c6,MATR_b2c34,MATR_b4c33,MATR_b3c22,MATR_b3c38,MATR_b4c22,MATR_b1c43,MATR_b4c8,MATR_b3c40,MATR_b2c36,MATR_b1c41,MATR_b3c35,MATR_b3c27",False,False,0.95
300,MATR_b1c18,687.0,668.8955349813936,11.280709254273486,646.7857511229498,691.0053188398373,387.0,368.89553498139355,346.7857511229498,391.0053188398373,18.104465018606447,"MATR_b1c24,MATR_b3c19,MATR_b4c41,MATR_b2c6,MATR_b2c34,MATR_b4c33,MATR_b3c22,MATR_b3c38,MATR_b4c22,MATR_b1c43,MATR_b4c8,MATR_b3c40,MATR_b2c36,MATR_b1c41,MATR_b3c35,MATR_b3c27",False,False,0.95
300,MATR_b1c19,786.0,771.9430231210514,17.370601530642293,737.8972697311962,805.9887765109066,486.0,471.9430231210514,437.89726973119616,505.98877651090663,14.056976878948603,"MATR_b1c24,MATR_b3c19,MATR_b4c41,MATR_b2c6,MATR_b2c34,MATR_b4c33,MATR_b3c22,MATR_b3c38,MATR_b4c22,MATR_b1c43,MATR_b4c8,MATR_b3c40,MATR_b2c36,MATR_b1c41,MATR_b3c35,MATR_b3c27",False,False,0.95
300,MATR_b1c2,2237.0,1942.46365830097,179.40670090328203,1590.832985945388,2294.0943306565523,1937.0,1642.46365830097,1290.832985945388,1994.0943306565523,294.5363416990299,"MATR_b1c24,MATR_b3c19,MATR_b4c41,MATR_b2c6,MATR_b2c34,MATR_b4c33,MATR_b3c22,MATR_b3c38,MATR_b4c22,MATR_b1c43,MATR_b4c8,MATR_b3c40,MATR_b2c36,MATR_b1c41,MATR_b3c35,MATR_b3c27",False,False,0.95
300,MATR_b1c30,707.0,828.0844155502148,19.553599799539462,789.7600641750078,866.4087669254218,407.0,528.0844155502148,489.76006417500776,566.4087669254218,121.08441555021477,"MATR_b1c24,MATR_b3c19,MATR_b4c41,MATR_b2c6,MATR_b2c34,MATR_b4c33,MATR_b3c22,MATR_b3c38,MATR_b4c22,MATR_b1c43,MATR_b4c8,MATR_b3c40,MATR_b2c36,MATR_b1c41,MATR_b3c35,MATR_b3c27",False,False,0.95
300,MATR_b1c34,742.0,809.7307590180844,15.249759698197995,779.841779236726,839.6197387994429,442.0,509.7307590180844,479.841779236726,539.6197387994429,67.73075901808443,"MATR_b1c24,MATR_b3c19,MATR_b4c41,MATR_b2c6,MATR_b2c34,MATR_b4c33,MATR_b3c22,MATR_b3c38,MATR_b4c22,MATR_b1c43,MATR_b4c8,MATR_b3c40,MATR_b2c36,MATR_b1c41,MATR_b3c35,MATR_b3c27",False,False,0.95
300,MATR_b1c35,701.0,606.503980295555,32.61598575446041,542.5778228965412,670.4301376945689,401.0,306.50398029555504,242.5778228965412,370.4301376945689,94.49601970444496,"MATR_b1c24,MATR_b3c19,MATR_b4c41,MATR_b2c6,MATR_b2c34,MATR_b4c33,MATR_b3c22,MATR_b3c38,MATR_b4c22,MATR_b1c43,MATR_b4c8,MATR_b3c40,MATR_b2c36,MATR_b1c41,MATR_b3c35,MATR_b3c27",False,False,0.95
300,MATR_b1c42,700.0,709.3045323047096,19.203833551993743,671.6657101777,746.9433544317192,400.0,409.3045323047096,371.6657101777,446.9433544317192,9.304532304709596,"MATR_b1c24,MATR_b3c19,MATR_b4c41,MATR_b2c6,MATR_b2c34,MATR_b4c33,MATR_b3c22,MATR_b3c38,MATR_b4c22,MATR_b1c43,MATR_b4c8,MATR_b3c40,MATR_b2c36,MATR_b1c41,MATR_b3c35,MATR_b3c27",False,False,0.95
300,MATR_b1c5,1071.0,1059.6546045722318,24.802009547070686,1011.0435591157548,1108.265650028709,771.0,759.6546045722318,711.0435591157548,808.2656500287089,11.345395427768153,"MATR_b1c24,MATR_b3c19,MATR_b4c41,MATR_b2c6,MATR_b2c34,MATR_b4c33,MATR_b3c22,MATR_b3c38,MATR_b4c22,MATR_b1c43,MATR_b4c8,MATR_b3c40,MATR_b2c36,MATR_b1c41,MATR_b3c35,MATR_b3c27",False,False,0.95
300,MATR_b1c6,633.0,792.1095545447401,15.073123444166205,762.566775459648,821.6523336298322,333.0,492.10955454474015,462.56677545964806,521.6523336298322,159.10955454474015,"MATR_b1c24,MATR_b3c19,MATR_b4c41,MATR_b2c6,MATR_b2c34,MATR_b4c33,MATR_b3c22,MATR_b3c38,MATR_b4c22,MATR_b1c43,MATR_b4c8,MATR_b3c40,MATR_b2c36,MATR_b1c41,MATR_b3c35,MATR_b3c27",False,False,0.95
300,MATR_b2c19,460.0,492.91926244967027,9.934222881222135,473.44854338808113,512.3899815112594,160.0,192.91926244967027,173.44854338808113,212.3899815112594,32.91926244967027,"MATR_b1c24,MATR_b3c19,MATR_b4c41,MATR_b2c6,MATR_b2c34,MATR_b4c33,MATR_b3c22,MATR_b3c38,MATR_b4c22,MATR_b1c43,MATR_b4c8,MATR_b3c40,MATR_b2c36,MATR_b1c41,MATR_b3c35,MATR_b3c27",False,False,0.95
300,MATR_b2c22,512.0,478.1506343838543,12.33940115239391,453.96585253437024,502.3354162333384,212.0,178.1506343838543,153.96585253437024,202.33541623333838,33.84936561614569,"MATR_b1c24,MATR_b3c19,MATR_b4c41,MATR_b2c6,MATR_b2c34,MATR_b4c33,MATR_b3c22,MATR_b3c38,MATR_b4c22,MATR_b1c43,MATR_b4c8,MATR_b3c40,MATR_b2c36,MATR_b1c41,MATR_b3c35,MATR_b3c27",False,False,0.95
300,MATR_b2c24,494.0,476.75767153374744,14.437703410767883,448.4602928291713,505.0550502383236,194.0,176.75767153374744,148.4602928291713,205.0550502383236,17.24232846625256,"MATR_b1c24,MATR_b3c19,MATR_b4c41,MATR_b2c6,MATR_b2c34,MATR_b4c33,MATR_b3c22,MATR_b3c38,MATR_b4c22,MATR_b1c43,MATR_b4c8,MATR_b3c40,MATR_b2c36,MATR_b1c41,MATR_b3c35,MATR_b3c27",False,False,0.95
300,MATR_b2c3,334.0,339.84456156863456,11.906863162089904,316.50753860209164,363.1815845351775,34.0,39.84456156863456,16.507538602091643,63.18158453517748,5.8445615686345604,"MATR_b1c24,MATR_b3c19,MATR_b4c41,MATR_b2c6,MATR_b2c34,MATR_b4c33,MATR_b3c22,MATR_b3c38,MATR_b4c22,MATR_b1c43,MATR_b4c8,MATR_b3c40,MATR_b2c36,MATR_b1c41,MATR_b3c35,MATR_b3c27",False,False,0.95
300,MATR_b2c33,519.0,533.8527756452881,16.86722907969866,500.7936141300921,566.9119371604842,219.0,233.85277564528815,200.79361413009212,266.9119371604842,14.852775645288148,"MATR_b1c24,MATR_b3c19,MATR_b4c41,MATR_b2c6,MATR_b2c34,MATR_b4c33,MATR_b3c22,MATR_b3c38,MATR_b4c22,MATR_b1c43,MATR_b4c8,MATR_b3c40,MATR_b2c36,MATR_b1c41,MATR_b3c35,MATR_b3c27",False,False,0.95
300,MATR_b2c41,428.0,474.7821025079318,15.557148535412361,444.29065167638356,505.2735533394801,128.0,174.78210250793182,144.29065167638356,205.2735533394801,46.782102507931825,"MATR_b1c24,MATR_b3c19,MATR_b4c41,MATR_b2c6,MATR_b2c34,MATR_b4c33,MATR_b3c22,MATR_b3c38,MATR_b4c22,MATR_b1c43,MATR_b4c8,MATR_b3c40,MATR_b2c36,MATR_b1c41,MATR_b3c35,MATR_b3c27",False,False,0.95
300,MATR_b3c1,1061.0,1145.1457846393982,91.69239405662216,965.4319946321643,1324.8595746466322,761.0,845.1457846393982,665.4319946321643,1024.8595746466322,84.14578463939824,"MATR_b1c24,MATR_b3c19,MATR_b4c41,MATR_b2c6,MATR_b2c34,MATR_b4c33,MATR_b3c22,MATR_b3c38,MATR_b4c22,MATR_b1c43,MATR_b4c8,MATR_b3c40,MATR_b2c36,MATR_b1c41,MATR_b3c35,MATR_b3c27",False,False,0.95
300,MATR_b3c14,856.0,961.2811246069602,24.966647356438727,912.3473949736282,1010.2148542402923,556.0,661.2811246069602,612.3473949736282,710.2148542402923,105.28112460696025,"MATR_b1c24,MATR_b3c19,MATR_b4c41,MATR_b2c6,MATR_b2c34,MATR_b4c33,MATR_b3c22,MATR_b3c38,MATR_b4c22,MATR_b1c43,MATR_b4c8,MATR_b3c40,MATR_b2c36,MATR_b1c41,MATR_b3c35,MATR_b3c27",False,False,0.95
300,MATR_b3c17,1313.0,1364.71615989762,146.03871224725532,1078.485543544391,1650.9467762508489,1013.0,1064.71615989762,778.485543544391,1350.9467762508489,51.716159897619946,"MATR_b1c24,MATR_b3c19,MATR_b4c41,MATR_b2c6,MATR_b2c34,MATR_b4c33,MATR_b3c22,MATR_b3c38,MATR_b4c22,MATR_b1c43,MATR_b4c8,MATR_b3c40,MATR_b2c36,MATR_b1c41,MATR_b3c35,MATR_b3c27",False,False,0.95
300,MATR_b3c24,823.0,858.2145108218309,44.60855881387874,770.7833421443918,945.64567949927,523.0,558.2145108218309,470.7833421443918,645.64567949927,35.21451082183091,"MATR_b1c24,MATR_b3c19,MATR_b4c41,MATR_b2c6,MATR_b2c34,MATR_b4c33,MATR_b3c22,MATR_b3c38,MATR_b4c22,MATR_b1c43,MATR_b4c8,MATR_b3c40,MATR_b2c36,MATR_b1c41,MATR_b3c35,MATR_b3c27",False,False,0.95
300,MATR_b3c31,729.0,703.125891999205,25.738956222976572,652.6784648025179,753.5733191958922,429.0,403.125891999205,352.67846480251785,453.57331919589217,25.87410800079499,"MATR_b1c24,MATR_b3c19,MATR_b4c41,MATR_b2c6,MATR_b2c34,MATR_b4c33,MATR_b3c22,MATR_b3c38,MATR_b4c22,MATR_b1c43,MATR_b4c8,MATR_b3c40,MATR_b2c36,MATR_b1c41,MATR_b3c35,MATR_b3c27",False,False,0.95
300,MATR_b3c33,1282.0,1237.7933024098475,136.32378531906602,970.603592948308,1504.983011871387,982.0,937.7933024098475,670.603592948308,1204.983011871387,44.206697590152544,"MATR_b1c24,MATR_b3c19,MATR_b4c41,MATR_b2c6,MATR_b2c34,MATR_b4c33,MATR_b3c22,MATR_b3c38,MATR_b4c22,MATR_b1c43,MATR_b4c8,MATR_b3c40,MATR_b2c36,MATR_b1c41,MATR_b3c35,MATR_b3c27",False,False,0.95
300,MATR_b3c36,921.0,966.0241011962592,41.94107202983604,883.8211105447804,1048.227091847738,621.0,666.0241011962592,583.8211105447804,748.2270918477379,45.02410119625915,"MATR_b1c24,MATR_b3c19,MATR_b4c41,MATR_b2c6,MATR_b2c34,MATR_b4c33,MATR_b3c22,MATR_b3c38,MATR_b4c22,MATR_b1c43,MATR_b4c8,MATR_b3c40,MATR_b2c36,MATR_b1c41,MATR_b3c35,MATR_b3c27",False,False,0.95
300,MATR_b3c6,665.0,581.0639560117306,23.144351668631398,535.7018602956836,626.4260517277777,365.0,281.0639560117306,235.70186029568356,326.4260517277777,83.93604398826938,"MATR_b1c24,MATR_b3c19,MATR_b4c41,MATR_b2c6,MATR_b2c34,MATR_b4c33,MATR_b3c22,MATR_b3c38,MATR_b4c22,MATR_b1c43,MATR_b4c8,MATR_b3c40,MATR_b2c36,MATR_b1c41,MATR_b3c35,MATR_b3c27",False,False,0.95
300,MATR_b4c1,760.0,742.377762189084,33.75641080827529,676.2164127575259,808.5391116206422,460.0,442.377762189084,376.21641275752586,508.5391116206422,17.622237810915976,"MATR_b1c24,MATR_b3c19,MATR_b4c41,MATR_b2c6,MATR_b2c34,MATR_b4c33,MATR_b3c22,MATR_b3c38,MATR_b4c22,MATR_b1c43,MATR_b4c8,MATR_b3c40,MATR_b2c36,MATR_b1c41,MATR_b3c35,MATR_b3c27",False,False,0.95
300,MATR_b4c11,863.0,885.7713519721513,49.41219923828973,788.9252210681859,982.6174828761166,563.0,585.7713519721513,488.9252210681859,682.6174828761166,22.77135197215125,"MATR_b1c24,MATR_b3c19,MATR_b4c41,MATR_b2c6,MATR_b2c34,MATR_b4c33,MATR_b3c22,MATR_b3c38,MATR_b4c22,MATR_b1c43,MATR_b4c8,MATR_b3c40,MATR_b2c36,MATR_b1c41,MATR_b3c35,MATR_b3c27",False,False,0.95
300,MATR_b4c15,675.0,689.7557502317992,22.832601471470635,645.0046736743606,734.5068267892378,375.0,389.7557502317992,345.00467367436056,434.50682678923783,14.755750231799198,"MATR_b1c24,MATR_b3c19,MATR_b4c41,MATR_b2c6,MATR_b2c34,MATR_b4c33,MATR_b3c22,MATR_b3c38,MATR_b4c22,MATR_b1c43,MATR_b4c8,MATR_b3c40,MATR_b2c36,MATR_b1c41,MATR_b3c35,MATR_b3c27",False,False,0.95
300,MATR_b4c21,773.0,951.4554652432819,37.551556141047065,877.8557676433958,1025.055162843168,473.0,651.4554652432819,577.8557676433958,725.0551628431681,178.45546524328188,"MATR_b1c24,MATR_b3c19,MATR_b4c41,MATR_b2c6,MATR_b2c34,MATR_b4c33,MATR_b3c22,MATR_b3c38,MATR_b4c22,MATR_b1c43,MATR_b4c8,MATR_b3c40,MATR_b2c36,MATR_b1c41,MATR_b3c35,MATR_b3c27",False,False,0.95
300,MATR_b4c3,777.0,1015.7121952658505,44.10510638114537,929.2677752244979,1102.156615307203,477.0,715.7121952658505,629.2677752244979,802.1566153072031,238.71219526585048,"MATR_b1c24,MATR_b3c19,MATR_b4c41,MATR_b2c6,MATR_b2c34,MATR_b4c33,MATR_b3c22,MATR_b3c38,MATR_b4c22,MATR_b1c43,MATR_b4c8,MATR_b3c40,MATR_b2c36,MATR_b1c41,MATR_b3c35,MATR_b3c27",False,False,0.95
300,MATR_b4c32,754.0,972.3461065074666,34.910500986107756,903.9227818924454,1040.769431122488,454.0,672.3461065074666,603.9227818924454,740.769431122488,218.34610650746663,"MATR_b1c24,MATR_b3c19,MATR_b4c41,MATR_b2c6,MATR_b2c34,MATR_b4c33,MATR_b3c22,MATR_b3c38,MATR_b4c22,MATR_b1c43,MATR_b4c8,MATR_b3c40,MATR_b2c36,MATR_b1c41,MATR_b3c35,MATR_b3c27",False,False,0.95
300,MATR_b4c34,891.0,1200.6048941754912,56.66563953912773,1089.542281517872,1311.6675068331103,591.0,900.6048941754912,789.542281517872,1011.6675068331103,309.60489417549115,"MATR_b1c24,MATR_b3c19,MATR_b4c41,MATR_b2c6,MATR_b2c34,MATR_b4c33,MATR_b3c22,MATR_b3c38,MATR_b4c22,MATR_b1c43,MATR_b4c8,MATR_b3c40,MATR_b2c36,MATR_b1c41,MATR_b3c35,MATR_b3c27",False,False,0.95
300,MATR_b4c42,774.0,827.4393200726636,45.511736707675404,738.2379552517502,916.6406848935769,474.0,527.4393200726636,438.23795525175024,616.6406848935769,53.43932007266358,"MATR_b1c24,MATR_b3c19,MATR_b4c41,MATR_b2c6,MATR_b2c34,MATR_b4c33,MATR_b3c22,MATR_b3c38,MATR_b4c22,MATR_b1c43,MATR_b4c8,MATR_b3c40,MATR_b2c36,MATR_b1c41,MATR_b3c35,MATR_b3c27",False,False,0.95
300,MATR_b4c6,706.0,765.2213826223448,15.55369990883123,734.7366909746917,795.7060742699979,406.0,465.2213826223448,434.73669097469167,495.7060742699979,59.22138262234478,"MATR_b1c24,MATR_b3c19,MATR_b4c41,MATR_b2c6,MATR_b2c34,MATR_b4c33,MATR_b3c22,MATR_b3c38,MATR_b4c22,MATR_b1c43,MATR_b4c8,MATR_b3c40,MATR_b2c36,MATR_b1c41,MATR_b3c35,MATR_b3c27",False,False,0.95
300,MATR_b4c7,529.0,570.1093866195544,14.619494961629512,541.4557030225958,598.7630702165129,229.0,270.10938661955436,241.4557030225958,298.7630702165129,41.10938661955436,"MATR_b1c24,MATR_b3c19,MATR_b4c41,MATR_b2c6,MATR_b2c34,MATR_b4c33,MATR_b3c22,MATR_b3c38,MATR_b4c22,MATR_b1c43,MATR_b4c8,MATR_b3c40,MATR_b2c36,MATR_b1c41,MATR_b3c35,MATR_b3c27",False,False,0.95
320,MATR_b1c14,877.0,829.7236329213079,30.62159748400018,769.7064047035851,889.7408611390306,557.0,509.72363292130785,449.7064047035851,569.7408611390306,47.27636707869215,"MATR_b2c36,MATR_b4c16,MATR_b4c28,MATR_b3c21,MATR_b2c46,MATR_b2c11,MATR_b2c44,MATR_b4c17,MATR_b4c30,MATR_b1c9,MATR_b1c0,MATR_b2c28,MATR_b1c32,MATR_b3c0,MATR_b1c45,MATR_b4c20",False,False,0.95
320,MATR_b1c18,687.0,670.6064677890163,11.530671166454738,648.0067675851906,693.206167992842,367.0,350.6064677890163,328.0067675851906,373.206167992842,16.39353221098372,"MATR_b2c36,MATR_b4c16,MATR_b4c28,MATR_b3c21,MATR_b2c46,MATR_b2c11,MATR_b2c44,MATR_b4c17,MATR_b4c30,MATR_b1c9,MATR_b1c0,MATR_b2c28,MATR_b1c32,MATR_b3c0,MATR_b1c45,MATR_b4c20",False,False,0.95
320,MATR_b1c19,786.0,747.1034309543239,17.582374490628414,712.6426101899965,781.5642517186513,466.0,427.1034309543239,392.6426101899965,461.56425171865135,38.896569045676074,"MATR_b2c36,MATR_b4c16,MATR_b4c28,MATR_b3c21,MATR_b2c46,MATR_b2c11,MATR_b2c44,MATR_b4c17,MATR_b4c30,MATR_b1c9,MATR_b1c0,MATR_b2c28,MATR_b1c32,MATR_b3c0,MATR_b1c45,MATR_b4c20",False,False,0.95
320,MATR_b1c2,2237.0,1956.7549926841089,187.2910610856427,1589.671258329958,2323.8387270382595,1917.0,1636.7549926841089,1269.671258329958,2003.8387270382595,280.24500731589114,"MATR_b2c36,MATR_b4c16,MATR_b4c28,MATR_b3c21,MATR_b2c46,MATR_b2c11,MATR_b2c44,MATR_b4c17,MATR_b4c30,MATR_b1c9,MATR_b1c0,MATR_b2c28,MATR_b1c32,MATR_b3c0,MATR_b1c45,MATR_b4c20",False,False,0.95
320,MATR_b1c30,707.0,753.5786025690857,22.000463873801902,710.4584857332594,796.6987194049119,387.0,433.57860256908566,390.4584857332594,476.6987194049119,46.57860256908566,"MATR_b2c36,MATR_b4c16,MATR_b4c28,MATR_b3c21,MATR_b2c46,MATR_b2c11,MATR_b2c44,MATR_b4c17,MATR_b4c30,MATR_b1c9,MATR_b1c0,MATR_b2c28,MATR_b1c32,MATR_b3c0,MATR_b1c45,MATR_b4c20",False,False,0.95
320,MATR_b1c34,742.0,791.0628681485002,15.620868145373528,760.4465291763191,821.6792071206813,422.0,471.06286814850023,440.44652917631913,501.6792071206813,49.06286814850023,"MATR_b2c36,MATR_b4c16,MATR_b4c28,MATR_b3c21,MATR_b2c46,MATR_b2c11,MATR_b2c44,MATR_b4c17,MATR_b4c30,MATR_b1c9,MATR_b1c0,MATR_b2c28,MATR_b1c32,MATR_b3c0,MATR_b1c45,MATR_b4c20",False,False,0.95
320,MATR_b1c35,701.0,595.78077469704,31.500477380555033,534.0409735353335,657.5205758587465,381.0,275.78077469704,214.04097353533348,337.5205758587465,105.21922530296001,"MATR_b2c36,MATR_b4c16,MATR_b4c28,MATR_b3c21,MATR_b2c46,MATR_b2c11,MATR_b2c44,MATR_b4c17,MATR_b4c30,MATR_b1c9,MATR_b1c0,MATR_b2c28,MATR_b1c32,MATR_b3c0,MATR_b1c45,MATR_b4c20",False,False,0.95
320,MATR_b1c42,700.0,672.774397723967,19.7785979836996,634.0090580112193,711.5397374367147,380.0,352.774397723967,314.0090580112193,391.53973743671474,27.225602276032987,"MATR_b2c36,MATR_b4c16,MATR_b4c28,MATR_b3c21,MATR_b2c46,MATR_b2c11,MATR_b2c44,MATR_b4c17,MATR_b4c30,MATR_b1c9,MATR_b1c0,MATR_b2c28,MATR_b1c32,MATR_b3c0,MATR_b1c45,MATR_b4c20",False,False,0.95
320,MATR_b1c5,1071.0,1036.3586191922818,23.437985990416113,990.421010780912,1082.2962276036517,751.0,716.3586191922818,670.421010780912,762.2962276036517,34.64138080771818,"MATR_b2c36,MATR_b4c16,MATR_b4c28,MATR_b3c21,MATR_b2c46,MATR_b2c11,MATR_b2c44,MATR_b4c17,MATR_b4c30,MATR_b1c9,MATR_b1c0,MATR_b2c28,MATR_b1c32,MATR_b3c0,MATR_b1c45,MATR_b4c20",False,False,0.95
320,MATR_b1c6,633.0,769.1825175155413,15.35664477436001,739.0840468344205,799.2809881966622,313.0,449.18251751554135,419.0840468344205,479.2809881966622,136.18251751554135,"MATR_b2c36,MATR_b4c16,MATR_b4c28,MATR_b3c21,MATR_b2c46,MATR_b2c11,MATR_b2c44,MATR_b4c17,MATR_b4c30,MATR_b1c9,MATR_b1c0,MATR_b2c28,MATR_b1c32,MATR_b3c0,MATR_b1c45,MATR_b4c20",False,False,0.95
320,MATR_b2c19,460.0,492.37237520029703,10.198370975257074,472.3839353878145,512.3608150127795,140.0,172.37237520029703,152.38393538781452,192.36081501277954,32.37237520029703,"MATR_b2c36,MATR_b4c16,MATR_b4c28,MATR_b3c21,MATR_b2c46,MATR_b2c11,MATR_b2c44,MATR_b4c17,MATR_b4c30,MATR_b1c9,MATR_b1c0,MATR_b2c28,MATR_b1c32,MATR_b3c0,MATR_b1c45,MATR_b4c20",False,False,0.95
320,MATR_b2c22,512.0,477.9001314183895,12.21404616381597,453.9610408318006,501.8392220049784,192.0,157.9001314183895,133.96104083180057,181.8392220049784,34.09986858161051,"MATR_b2c36,MATR_b4c16,MATR_b4c28,MATR_b3c21,MATR_b2c46,MATR_b2c11,MATR_b2c44,MATR_b4c17,MATR_b4c30,MATR_b1c9,MATR_b1c0,MATR_b2c28,MATR_b1c32,MATR_b3c0,MATR_b1c45,MATR_b4c20",False,False,0.95
320,MATR_b2c24,494.0,477.37426526528435,14.188831838573229,449.5646658789856,505.1838646515831,174.0,157.37426526528435,129.56466587898558,185.18386465158312,16.62573473471565,"MATR_b2c36,MATR_b4c16,MATR_b4c28,MATR_b3c21,MATR_b2c46,MATR_b2c11,MATR_b2c44,MATR_b4c17,MATR_b4c30,MATR_b1c9,MATR_b1c0,MATR_b2c28,MATR_b1c32,MATR_b3c0,MATR_b1c45,MATR_b4c20",False,False,0.95
320,MATR_b2c3,334.0,339.33354379955404,12.173356604488681,315.47420328379343,363.19288431531464,14.0,19.333543799554036,-4.525796716206571,43.19288431531464,5.333543799554036,"MATR_b2c36,MATR_b4c16,MATR_b4c28,MATR_b3c21,MATR_b2c46,MATR_b2c11,MATR_b2c44,MATR_b4c17,MATR_b4c30,MATR_b1c9,MATR_b1c0,MATR_b2c28,MATR_b1c32,MATR_b3c0,MATR_b1c45,MATR_b4c20",False,False,0.95
320,MATR_b2c33,519.0,517.0110948663973,16.696569112044333,484.2864207414066,549.7357689913881,199.0,197.01109486639734,164.28642074140657,229.7357689913881,1.9889051336026569,"MATR_b2c36,MATR_b4c16,MATR_b4c28,MATR_b3c21,MATR_b2c46,MATR_b2c11,MATR_b2c44,MATR_b4c17,MATR_b4c30,MATR_b1c9,MATR_b1c0,MATR_b2c28,MATR_b1c32,MATR_b3c0,MATR_b1c45,MATR_b4c20",False,False,0.95
320,MATR_b2c41,428.0,475.630850441405,15.430400922730719,445.3878203658392,505.8738805169708,108.0,155.63085044140502,125.38782036583922,185.87388051697081,47.630850441405016,"MATR_b2c36,MATR_b4c16,MATR_b4c28,MATR_b3c21,MATR_b2c46,MATR_b2c11,MATR_b2c44,MATR_b4c17,MATR_b4c30,MATR_b1c9,MATR_b1c0,MATR_b2c28,MATR_b1c32,MATR_b3c0,MATR_b1c45,MATR_b4c20",False,False,0.95
320,MATR_b3c1,1061.0,1130.9567516701477,92.37732046546378,949.9005305695239,1312.0129727707715,741.0,810.9567516701477,629.9005305695239,992.0129727707715,69.9567516701477,"MATR_b2c36,MATR_b4c16,MATR_b4c28,MATR_b3c21,MATR_b2c46,MATR_b2c11,MATR_b2c44,MATR_b4c17,MATR_b4c30,MATR_b1c9,MATR_b1c0,MATR_b2c28,MATR_b1c32,MATR_b3c0,MATR_b1c45,MATR_b4c20",False,False,0.95
320,MATR_b3c14,856.0,902.876502176067,24.716243192008328,854.4335556865974,951.3194486655366,536.0,582.876502176067,534.4335556865974,631.3194486655366,46.87650217606699,"MATR_b2c36,MATR_b4c16,MATR_b4c28,MATR_b3c21,MATR_b2c46,MATR_b2c11,MATR_b2c44,MATR_b4c17,MATR_b4c30,MATR_b1c9,MATR_b1c0,MATR_b2c28,MATR_b1c32,MATR_b3c0,MATR_b1c45,MATR_b4c20",False,False,0.95
320,MATR_b3c17,1313.0,1323.483910012513,144.34500845810481,1040.572892086498,1606.3949279385279,993.0,1003.483910012513,720.5728920864981,1286.3949279385279,10.483910012512979,"MATR_b2c36,MATR_b4c16,MATR_b4c28,MATR_b3c21,MATR_b2c46,MATR_b2c11,MATR_b2c44,MATR_b4c17,MATR_b4c30,MATR_b1c9,MATR_b1c0,MATR_b2c28,MATR_b1c32,MATR_b3c0,MATR_b1c45,MATR_b4c20",False,False,0.95
320,MATR_b3c24,823.0,864.4435772933608,45.83833528886078,774.6020910159223,954.2850635707994,503.0,544.4435772933608,454.60209101592227,634.2850635707994,41.44357729336082,"MATR_b2c36,MATR_b4c16,MATR_b4c28,MATR_b3c21,MATR_b2c46,MATR_b2c11,MATR_b2c44,MATR_b4c17,MATR_b4c30,MATR_b1c9,MATR_b1c0,MATR_b2c28,MATR_b1c32,MATR_b3c0,MATR_b1c45,MATR_b4c20",False,False,0.95
320,MATR_b3c31,729.0,693.777234619912,24.55109726303488,645.6579682034237,741.8965010364002,409.0,373.77723461991195,325.6579682034237,421.8965010364002,35.22276538008805,"MATR_b2c36,MATR_b4c16,MATR_b4c28,MATR_b3c21,MATR_b2c46,MATR_b2c11,MATR_b2c44,MATR_b4c17,MATR_b4c30,MATR_b1c9,MATR_b1c0,MATR_b2c28,MATR_b1c32,MATR_b3c0,MATR_b1c45,MATR_b4c20",False,False,0.95
320,MATR_b3c33,1282.0,1236.4453175544413,133.42968660063488,974.9279373487304,1497.9626977601522,962.0,916.4453175544413,654.9279373487304,1177.9626977601522,45.55468244555868,"MATR_b2c36,MATR_b4c16,MATR_b4c28,MATR_b3c21,MATR_b2c46,MATR_b2c11,MATR_b2c44,MATR_b4c17,MATR_b4c30,MATR_b1c9,MATR_b1c0,MATR_b2c28,MATR_b1c32,MATR_b3c0,MATR_b1c45,MATR_b4c20",False,False,0.95
320,MATR_b3c36,921.0,978.2850460939324,42.11465133281587,895.7418462601515,1060.8282459277132,601.0,658.2850460939324,575.7418462601515,740.8282459277132,57.28504609393235,"MATR_b2c36,MATR_b4c16,MATR_b4c28,MATR_b3c21,MATR_b2c46,MATR_b2c11,MATR_b2c44,MATR_b4c17,MATR_b4c30,MATR_b1c9,MATR_b1c0,MATR_b2c28,MATR_b1c32,MATR_b3c0,MATR_b1c45,MATR_b4c20",False,False,0.95
320,MATR_b3c6,665.0,582.7589489191394,22.98585363782867,537.7075036350861,627.8103942031926,345.0,262.75894891913936,217.70750363508614,307.8103942031926,82.24105108086064,"MATR_b2c36,MATR_b4c16,MATR_b4c28,MATR_b3c21,MATR_b2c46,MATR_b2c11,MATR_b2c44,MATR_b4c17,MATR_b4c30,MATR_b1c9,MATR_b1c0,MATR_b2c28,MATR_b1c32,MATR_b3c0,MATR_b1c45,MATR_b4c20",False,False,0.95
320,MATR_b4c1,760.0,727.4721982420169,31.749578312293792,665.2441682255871,789.7002282584467,440.0,407.47219824201693,345.24416822558715,469.7002282584467,32.52780175798307,"MATR_b2c36,MATR_b4c16,MATR_b4c28,MATR_b3c21,MATR_b2c46,MATR_b2c11,MATR_b2c44,MATR_b4c17,MATR_b4c30,MATR_b1c9,MATR_b1c0,MATR_b2c28,MATR_b1c32,MATR_b3c0,MATR_b1c45,MATR_b4c20",False,False,0.95
320,MATR_b4c11,863.0,872.1696676282601,44.78549735202763,784.3917057885719,959.9476294679482,543.0,552.1696676282601,464.3917057885719,639.9476294679482,9.169667628260072,"MATR_b2c36,MATR_b4c16,MATR_b4c28,MATR_b3c21,MATR_b2c46,MATR_b2c11,MATR_b2c44,MATR_b4c17,MATR_b4c30,MATR_b1c9,MATR_b1c0,MATR_b2c28,MATR_b1c32,MATR_b3c0,MATR_b1c45,MATR_b4c20",False,False,0.95
320,MATR_b4c15,675.0,683.4764222626346,20.98306963185135,642.3503614991099,724.6024830261593,355.0,363.4764222626346,322.3503614991099,404.60248302615935,8.476422262634628,"MATR_b2c36,MATR_b4c16,MATR_b4c28,MATR_b3c21,MATR_b2c46,MATR_b2c11,MATR_b2c44,MATR_b4c17,MATR_b4c30,MATR_b1c9,MATR_b1c0,MATR_b2c28,MATR_b1c32,MATR_b3c0,MATR_b1c45,MATR_b4c20",False,False,0.95
320,MATR_b4c21,773.0,956.0154434976564,38.01563400917269,881.5061699902219,1030.524717005091,453.0,636.0154434976564,561.5061699902219,710.5247170050909,183.0154434976564,"MATR_b2c36,MATR_b4c16,MATR_b4c28,MATR_b3c21,MATR_b2c46,MATR_b2c11,MATR_b2c44,MATR_b4c17,MATR_b4c30,MATR_b1c9,MATR_b1c0,MATR_b2c28,MATR_b1c32,MATR_b3c0,MATR_b1c45,MATR_b4c20",False,False,0.95
320,MATR_b4c3,777.0,1015.0848181071322,47.2240245009125,922.5274308803066,1107.6422053339577,457.0,695.0848181071322,602.5274308803066,787.6422053339577,238.08481810713215,"MATR_b2c36,MATR_b4c16,MATR_b4c28,MATR_b3c21,MATR_b2c46,MATR_b2c11,MATR_b2c44,MATR_b4c17,MATR_b4c30,MATR_b1c9,MATR_b1c0,MATR_b2c28,MATR_b1c32,MATR_b3c0,MATR_b1c45,MATR_b4c20",False,False,0.95
320,MATR_b4c32,754.0,971.3195731698355,36.34482853594354,900.0850182151025,1042.5541281245685,434.0,651.3195731698355,580.0850182151025,722.5541281245685,217.3195731698355,"MATR_b2c36,MATR_b4c16,MATR_b4c28,MATR_b3c21,MATR_b2c46,MATR_b2c11,MATR_b2c44,MATR_b4c17,MATR_b4c30,MATR_b1c9,MATR_b1c0,MATR_b2c28,MATR_b1c32,MATR_b3c0,MATR_b1c45,MATR_b4c20",False,False,0.95
320,MATR_b4c34,891.0,1178.5615741768222,57.7030551049746,1065.4656643731419,1291.6574839805025,571.0,858.5615741768222,745.4656643731419,971.6574839805025,287.5615741768222,"MATR_b2c36,MATR_b4c16,MATR_b4c28,MATR_b3c21,MATR_b2c46,MATR_b2c11,MATR_b2c44,MATR_b4c17,MATR_b4c30,MATR_b1c9,MATR_b1c0,MATR_b2c28,MATR_b1c32,MATR_b3c0,MATR_b1c45,MATR_b4c20",False,False,0.95
320,MATR_b4c42,774.0,832.8846308721005,48.33714988796475,738.1455579763754,927.6237037678256,454.0,512.8846308721005,418.14555797637536,607.6237037678256,58.8846308721005,"MATR_b2c36,MATR_b4c16,MATR_b4c28,MATR_b3c21,MATR_b2c46,MATR_b2c11,MATR_b2c44,MATR_b4c17,MATR_b4c30,MATR_b1c9,MATR_b1c0,MATR_b2c28,MATR_b1c32,MATR_b3c0,MATR_b1c45,MATR_b4c20",False,False,0.95
320,MATR_b4c6,706.0,743.6416532497957,15.924817765629086,712.4295839687991,774.8537225307923,386.0,423.6416532497957,392.4295839687991,454.8537225307923,37.641653249795695,"MATR_b2c36,MATR_b4c16,MATR_b4c28,MATR_b3c21,MATR_b2c46,MATR_b2c11,MATR_b2c44,MATR_b4c17,MATR_b4c30,MATR_b1c9,MATR_b1c0,MATR_b2c28,MATR_b1c32,MATR_b3c0,MATR_b1c45,MATR_b4c20",False,False,0.95
320,MATR_b4c7,529.0,571.8282987869063,14.791923938280434,542.8366606058208,600.8199369679918,209.0,251.82829878690632,222.83666060582084,280.8199369679918,42.828298786906316,"MATR_b2c36,MATR_b4c16,MATR_b4c28,MATR_b3c21,MATR_b2c46,MATR_b2c11,MATR_b2c44,MATR_b4c17,MATR_b4c30,MATR_b1c9,MATR_b1c0,MATR_b2c28,MATR_b1c32,MATR_b3c0,MATR_b1c45,MATR_b4c20",False,False,0.95
340,MATR_b1c14,877.0,809.2618728329521,28.121251468863257,754.1452327537861,864.3785129121181,537.0,469.2618728329521,414.1452327537861,524.3785129121181,67.73812716704788,"MATR_b3c21,MATR_b2c25,MATR_b1c20,MATR_b2c36,MATR_b1c24,MATR_b2c45,MATR_b1c15,MATR_b3c8,MATR_b2c17,MATR_b2c46,MATR_b4c39,MATR_b1c17,MATR_b2c26,MATR_b2c18,MATR_b3c25,MATR_b1c9",False,False,0.95
340,MATR_b1c18,687.0,671.4809886780304,11.845637102044153,648.2639665840924,694.6980107719684,347.0,331.48098867803037,308.2639665840924,354.69801077196837,15.519011321969629,"MATR_b3c21,MATR_b2c25,MATR_b1c20,MATR_b2c36,MATR_b1c24,MATR_b2c45,MATR_b1c15,MATR_b3c8,MATR_b2c17,MATR_b2c46,MATR_b4c39,MATR_b1c17,MATR_b2c26,MATR_b2c18,MATR_b3c25,MATR_b1c9",False,False,0.95
340,MATR_b1c19,786.0,734.628350105259,17.591099562926782,700.1504285134641,769.1062716970538,446.0,394.62835010525896,360.15042851346413,429.1062716970538,51.37164989474104,"MATR_b3c21,MATR_b2c25,MATR_b1c20,MATR_b2c36,MATR_b1c24,MATR_b2c45,MATR_b1c15,MATR_b3c8,MATR_b2c17,MATR_b2c46,MATR_b4c39,MATR_b1c17,MATR_b2c26,MATR_b2c18,MATR_b3c25,MATR_b1c9",False,False,0.95
340,MATR_b1c2,2237.0,1969.2995247793324,190.43220002852397,1596.059271226698,2342.5397783319668,1897.0,1629.2995247793324,1256.059271226698,2002.5397783319668,267.7004752206676,"MATR_b3c21,MATR_b2c25,MATR_b1c20,MATR_b2c36,MATR_b1c24,MATR_b2c45,MATR_b1c15,MATR_b3c8,MATR_b2c17,MATR_b2c46,MATR_b4c39,MATR_b1c17,MATR_b2c26,MATR_b2c18,MATR_b3c25,MATR_b1c9",False,False,0.95
340,MATR_b1c30,707.0,713.6027301612661,22.393990746160362,669.7113148286685,757.4941454938637,367.0,373.6027301612661,329.7113148286685,417.4941454938637,6.602730161266095,"MATR_b3c21,MATR_b2c25,MATR_b1c20,MATR_b2c36,MATR_b1c24,MATR_b2c45,MATR_b1c15,MATR_b3c8,MATR_b2c17,MATR_b2c46,MATR_b4c39,MATR_b1c17,MATR_b2c26,MATR_b2c18,MATR_b3c25,MATR_b1c9",False,False,0.95
340,MATR_b1c34,742.0,781.6298699719267,16.06410722866359,750.1447983599566,813.1149415838969,402.0,441.6298699719267,410.14479835995655,473.1149415838969,39.62986997192672,"MATR_b3c21,MATR_b2c25,MATR_b1c20,MATR_b2c36,MATR_b1c24,MATR_b2c45,MATR_b1c15,MATR_b3c8,MATR_b2c17,MATR_b2c46,MATR_b4c39,MATR_b1c17,MATR_b2c26,MATR_b2c18,MATR_b3c25,MATR_b1c9",False,False,0.95
340,MATR_b1c35,701.0,594.1343166215697,29.74988536724935,535.8256127575659,652.4430204855736,361.0,254.13431662156972,195.82561275756586,312.4430204855736,106.86568337843028,"MATR_b3c21,MATR_b2c25,MATR_b1c20,MATR_b2c36,MATR_b1c24,MATR_b2c45,MATR_b1c15,MATR_b3c8,MATR_b2c17,MATR_b2c46,MATR_b4c39,MATR_b1c17,MATR_b2c26,MATR_b2c18,MATR_b3c25,MATR_b1c9",False,False,0.95
340,MATR_b1c42,700.0,665.5714823901887,19.684681719503324,626.9902151728282,704.1527496075493,360.0,325.57148239018875,286.99021517282824,364.15274960754925,34.42851760981125,"MATR_b3c21,MATR_b2c25,MATR_b1c20,MATR_b2c36,MATR_b1c24,MATR_b2c45,MATR_b1c15,MATR_b3c8,MATR_b2c17,MATR_b2c46,MATR_b4c39,MATR_b1c17,MATR_b2c26,MATR_b2c18,MATR_b3c25,MATR_b1c9",False,False,0.95
340,MATR_b1c5,1071.0,1006.5388109215553,21.437149776259513,964.5227694288958,1048.5548524142148,731.0,666.5388109215553,624.5227694288958,708.5548524142148,64.4611890784447,"MATR_b3c21,MATR_b2c25,MATR_b1c20,MATR_b2c36,MATR_b1c24,MATR_b2c45,MATR_b1c15,MATR_b3c8,MATR_b2c17,MATR_b2c46,MATR_b4c39,MATR_b1c17,MATR_b2c26,MATR_b2c18,MATR_b3c25,MATR_b1c9",False,False,0.95
340,MATR_b1c6,633.0,745.6117094131332,15.308957984633286,715.6067031224151,775.6167157038514,293.0,405.6117094131332,375.60670312241507,435.61671570385136,112.61170941313321,"MATR_b3c21,MATR_b2c25,MATR_b1c20,MATR_b2c36,MATR_b1c24,MATR_b2c45,MATR_b1c15,MATR_b3c8,MATR_b2c17,MATR_b2c46,MATR_b4c39,MATR_b1c17,MATR_b2c26,MATR_b2c18,MATR_b3c25,MATR_b1c9",False,False,0.95
340,MATR_b2c19,460.0,490.26025373534,10.771867460355002,469.1477814668052,511.37272600387473,120.0,150.26025373533997,129.1477814668052,171.37272600387473,30.260253735339973,"MATR_b3c21,MATR_b2c25,MATR_b1c20,MATR_b2c36,MATR_b1c24,MATR_b2c45,MATR_b1c15,MATR_b3c8,MATR_b2c17,MATR_b2c46,MATR_b4c39,MATR_b1c17,MATR_b2c26,MATR_b2c18,MATR_b3c25,MATR_b1c9",False,False,0.95
340,MATR_b2c22,512.0,477.9628747800347,12.336270100566157,453.7842296793668,502.1415198807027,172.0,137.96287478003472,113.78422967936677,162.14151988070267,34.037125219965276,"MATR_b3c21,MATR_b2c25,MATR_b1c20,MATR_b2c36,MATR_b1c24,MATR_b2c45,MATR_b1c15,MATR_b3c8,MATR_b2c17,MATR_b2c46,MATR_b4c39,MATR_b1c17,MATR_b2c26,MATR_b2c18,MATR_b3c25,MATR_b1c9",False,False,0.95
340,MATR_b2c24,494.0,474.4898960963345,14.044035394074589,446.96409252634254,502.0156996663265,154.0,134.48989609633452,106.96409252634254,162.0156996663265,19.51010390366548,"MATR_b3c21,MATR_b2c25,MATR_b1c20,MATR_b2c36,MATR_b1c24,MATR_b2c45,MATR_b1c15,MATR_b3c8,MATR_b2c17,MATR_b2c46,MATR_b4c39,MATR_b1c17,MATR_b2c26,MATR_b2c18,MATR_b3c25,MATR_b1c9",False,False,0.95
340,MATR_b2c33,519.0,510.96595828240186,16.151916647972683,479.3087833710825,542.6231331937212,179.0,170.96595828240186,139.30878337108248,202.62313319372117,8.034041717598143,"MATR_b3c21,MATR_b2c25,MATR_b1c20,MATR_b2c36,MATR_b1c24,MATR_b2c45,MATR_b1c15,MATR_b3c8,MATR_b2c17,MATR_b2c46,MATR_b4c39,MATR_b1c17,MATR_b2c26,MATR_b2c18,MATR_b3c25,MATR_b1c9",False,False,0.95
340,MATR_b2c41,428.0,473.20160588494116,15.196035459548712,443.4179236764321,502.9852880934502,88.0,133.20160588494116,103.41792367643211,162.9852880934502,45.20160588494116,"MATR_b3c21,MATR_b2c25,MATR_b1c20,MATR_b2c36,MATR_b1c24,MATR_b2c45,MATR_b1c15,MATR_b3c8,MATR_b2c17,MATR_b2c46,MATR_b4c39,MATR_b1c17,MATR_b2c26,MATR_b2c18,MATR_b3c25,MATR_b1c9",False,False,0.95
340,MATR_b3c1,1061.0,1112.1764628619235,86.85104927556563,941.9515342623014,1282.4013914615457,721.0,772.1764628619235,601.9515342623014,942.4013914615457,51.17646286192348,"MATR_b3c21,MATR_b2c25,MATR_b1c20,MATR_b2c36,MATR_b1c24,MATR_b2c45,MATR_b1c15,MATR_b3c8,MATR_b2c17,MATR_b2c46,MATR_b4c39,MATR_b1c17,MATR_b2c26,MATR_b2c18,MATR_b3c25,MATR_b1c9",False,False,0.95
340,MATR_b3c14,856.0,848.3657696545959,24.007806841794388,801.3113328968846,895.4202064123072,516.0,508.36576965459585,461.31133289688455,555.4202064123072,7.6342303454041485,"MATR_b3c21,MATR_b2c25,MATR_b1c20,MATR_b2c36,MATR_b1c24,MATR_b2c45,MATR_b1c15,MATR_b3c8,MATR_b2c17,MATR_b2c46,MATR_b4c39,MATR_b1c17,MATR_b2c26,MATR_b2c18,MATR_b3c25,MATR_b1c9",False,False,0.95
340,MATR_b3c17,1313.0,1310.6676656631103,143.64955268188453,1029.1197160113275,1592.215615314893,973.0,970.6676656631103,689.1197160113275,1252.215615314893,2.332334336889744,"MATR_b3c21,MATR_b2c25,MATR_b1c20,MATR_b2c36,MATR_b1c24,MATR_b2c45,MATR_b1c15,MATR_b3c8,MATR_b2c17,MATR_b2c46,MATR_b4c39,MATR_b1c17,MATR_b2c26,MATR_b2c18,MATR_b3c25,MATR_b1c9",False,False,0.95
340,MATR_b3c24,823.0,877.5148224076981,44.38134466366169,790.5289852814624,964.5006595339339,483.0,537.5148224076981,450.5289852814624,624.5006595339339,54.51482240769815,"MATR_b3c21,MATR_b2c25,MATR_b1c20,MATR_b2c36,MATR_b1c24,MATR_b2c45,MATR_b1c15,MATR_b3c8,MATR_b2c17,MATR_b2c46,MATR_b4c39,MATR_b1c17,MATR_b2c26,MATR_b2c18,MATR_b3c25,MATR_b1c9",False,False,0.95
340,MATR_b3c31,729.0,688.104036882262,22.416670288362734,644.168170463762,732.039903300762,389.0,348.104036882262,304.16817046376195,392.03990330076203,40.895963117738006,"MATR_b3c21,MATR_b2c25,MATR_b1c20,MATR_b2c36,MATR_b1c24,MATR_b2c45,MATR_b1c15,MATR_b3c8,MATR_b2c17,MATR_b2c46,MATR_b4c39,MATR_b1c17,MATR_b2c26,MATR_b2c18,MATR_b3c25,MATR_b1c9",False,False,0.95
340,MATR_b3c33,1282.0,1236.1764281869587,125.75049382339007,989.7099892549877,1482.6428671189296,942.0,896.1764281869587,649.7099892549877,1142.6428671189296,45.823571813041326,"MATR_b3c21,MATR_b2c25,MATR_b1c20,MATR_b2c36,MATR_b1c24,MATR_b2c45,MATR_b1c15,MATR_b3c8,MATR_b2c17,MATR_b2c46,MATR_b4c39,MATR_b1c17,MATR_b2c26,MATR_b2c18,MATR_b3c25,MATR_b1c9",False,False,0.95
340,MATR_b3c36,921.0,994.4049335637227,41.49161671479929,913.082859142376,1075.7270079850693,581.0,654.4049335637227,573.082859142376,735.7270079850693,73.4049335637227,"MATR_b3c21,MATR_b2c25,MATR_b1c20,MATR_b2c36,MATR_b1c24,MATR_b2c45,MATR_b1c15,MATR_b3c8,MATR_b2c17,MATR_b2c46,MATR_b4c39,MATR_b1c17,MATR_b2c26,MATR_b2c18,MATR_b3c25,MATR_b1c9",False,False,0.95
340,MATR_b3c6,665.0,580.6488222941146,22.755080297968206,536.0496844447799,625.2479601434492,325.0,240.64882229411455,196.04968444477993,285.2479601434492,84.35117770588545,"MATR_b3c21,MATR_b2c25,MATR_b1c20,MATR_b2c36,MATR_b1c24,MATR_b2c45,MATR_b1c15,MATR_b3c8,MATR_b2c17,MATR_b2c46,MATR_b4c39,MATR_b1c17,MATR_b2c26,MATR_b2c18,MATR_b3c25,MATR_b1c9",False,False,0.95
340,MATR_b4c1,760.0,709.3880097691421,29.706659914706197,651.1640262353383,767.6119933029458,420.0,369.38800976914206,311.16402623533827,427.61199330294585,50.61199023085794,"MATR_b3c21,MATR_b2c25,MATR_b1c20,MATR_b2c36,MATR_b1c24,MATR_b2c45,MATR_b1c15,MATR_b3c8,MATR_b2c17,MATR_b2c46,MATR_b4c39,MATR_b1c17,MATR_b2c26,MATR_b2c18,MATR_b3c25,MATR_b1c9",False,False,0.95
340,MATR_b4c11,863.0,860.9997590292375,38.03916747460081,786.4443607771325,935.5551572813424,523.0,520.9997590292375,446.4443607771325,595.5551572813424,2.0002409707625475,"MATR_b3c21,MATR_b2c25,MATR_b1c20,MATR_b2c36,MATR_b1c24,MATR_b2c45,MATR_b1c15,MATR_b3c8,MATR_b2c17,MATR_b2c46,MATR_b4c39,MATR_b1c17,MATR_b2c26,MATR_b2c18,MATR_b3c25,MATR_b1c9",False,False,0.95
340,MATR_b4c15,675.0,674.4194537657112,18.829085933385052,637.5151234744667,711.3237840569557,335.0,334.4194537657112,297.5151234744667,371.3237840569557,0.5805462342888177,"MATR_b3c21,MATR_b2c25,MATR_b1c20,MATR_b2c36,MATR_b1c24,MATR_b2c45,MATR_b1c15,MATR_b3c8,MATR_b2c17,MATR_b2c46,MATR_b4c39,MATR_b1c17,MATR_b2c26,MATR_b2c18,MATR_b3c25,MATR_b1c9",False,False,0.95
340,MATR_b4c21,773.0,955.0388940738014,37.844644704737085,880.8647534448023,1029.2130347028005,433.0,615.0388940738014,540.8647534448023,689.2130347028005,182.03889407380143,"MATR_b3c21,MATR_b2c25,MATR_b1c20,MATR_b2c36,MATR_b1c24,MATR_b2c45,MATR_b1c15,MATR_b3c8,MATR_b2c17,MATR_b2c46,MATR_b4c39,MATR_b1c17,MATR_b2c26,MATR_b2c18,MATR_b3c25,MATR_b1c9",False,False,0.95
340,MATR_b4c3,777.0,1025.5714469812197,45.63839022413382,936.1218458295325,1115.0210481329068,437.0,685.5714469812197,596.1218458295325,775.0210481329068,248.57144698121965,"MATR_b3c21,MATR_b2c25,MATR_b1c20,MATR_b2c36,MATR_b1c24,MATR_b2c45,MATR_b1c15,MATR_b3c8,MATR_b2c17,MATR_b2c46,MATR_b4c39,MATR_b1c17,MATR_b2c26,MATR_b2c18,MATR_b3c25,MATR_b1c9",False,False,0.95
340,MATR_b4c32,754.0,965.0186830511194,36.80749260831524,892.8773231775973,1037.1600429246416,414.0,625.0186830511194,552.8773231775973,697.1600429246416,211.0186830511194,"MATR_b3c21,MATR_b2c25,MATR_b1c20,MATR_b2c36,MATR_b1c24,MATR_b2c45,MATR_b1c15,MATR_b3c8,MATR_b2c17,MATR_b2c46,MATR_b4c39,MATR_b1c17,MATR_b2c26,MATR_b2c18,MATR_b3c25,MATR_b1c9",False,False,0.95
340,MATR_b4c34,891.0,1169.6199864688151,55.07084499501828,1061.6831136803914,1277.5568592572388,551.0,829.6199864688151,721.6831136803914,937.5568592572388,278.6199864688151,"MATR_b3c21,MATR_b2c25,MATR_b1c20,MATR_b2c36,MATR_b1c24,MATR_b2c45,MATR_b1c15,MATR_b3c8,MATR_b2c17,MATR_b2c46,MATR_b4c39,MATR_b1c17,MATR_b2c26,MATR_b2c18,MATR_b3c25,MATR_b1c9",False,False,0.95
340,MATR_b4c42,774.0,848.3520127867607,48.33305670225454,753.6209623876096,943.0830631859119,434.0,508.3520127867607,413.62096238760955,603.0830631859119,74.35201278676072,"MATR_b3c21,MATR_b2c25,MATR_b1c20,MATR_b2c36,MATR_b1c24,MATR_b2c45,MATR_b1c15,MATR_b3c8,MATR_b2c17,MATR_b2c46,MATR_b4c39,MATR_b1c17,MATR_b2c26,MATR_b2c18,MATR_b3c25,MATR_b1c9",False,False,0.95
340,MATR_b4c6,706.0,722.8135224591036,16.2429453343188,690.9779346009859,754.6491103172214,366.0,382.81352245910364,350.9779346009859,414.64911031722136,16.813522459103638,"MATR_b3c21,MATR_b2c25,MATR_b1c20,MATR_b2c36,MATR_b1c24,MATR_b2c45,MATR_b1c15,MATR_b3c8,MATR_b2c17,MATR_b2c46,MATR_b4c39,MATR_b1c17,MATR_b2c26,MATR_b2c18,MATR_b3c25,MATR_b1c9",False,False,0.95
340,MATR_b4c7,529.0,570.604878511803,14.777053206402798,541.6423864296214,599.5673705939846,189.0,230.604878511803,201.6423864296214,259.5673705939846,41.60487851180301,"MATR_b3c21,MATR_b2c25,MATR_b1c20,MATR_b2c36,MATR_b1c24,MATR_b2c45,MATR_b1c15,MATR_b3c8,MATR_b2c17,MATR_b2c46,MATR_b4c39,MATR_b1c17,MATR_b2c26,MATR_b2c18,MATR_b3c25,MATR_b1c9",False,False,0.95
360,MATR_b1c14,877.0,807.6420769223323,27.299309196980758,754.136414093427,861.1477397512376,517.0,447.6420769223323,394.136414093427,501.1477397512376,69.35792307766769,"MATR_b3c16,MATR_b2c38,MATR_b4c23,MATR_b3c5,MATR_b2c39,MATR_b3c39,MATR_b3c26,MATR_b3c28,MATR_b2c14,MATR_b2c36,MATR_b4c41,MATR_b2c45,MATR_b4c38,MATR_b1c17,MATR_b4c43,MATR_b1c43",False,False,0.95
360,MATR_b1c18,687.0,680.4549266675816,13.396814518081287,654.197652704579,706.7122006305842,327.0,320.4549266675816,294.197652704579,346.7122006305842,6.545073332418383,"MATR_b3c16,MATR_b2c38,MATR_b4c23,MATR_b3c5,MATR_b2c39,MATR_b3c39,MATR_b3c26,MATR_b3c28,MATR_b2c14,MATR_b2c36,MATR_b4c41,MATR_b2c45,MATR_b4c38,MATR_b1c17,MATR_b4c43,MATR_b1c43",False,False,0.95
360,MATR_b1c19,786.0,720.0060487237718,18.860783422380575,683.0395924956957,756.9725049518478,426.0,360.00604872377176,323.03959249569573,396.9725049518478,65.99395127622824,"MATR_b3c16,MATR_b2c38,MATR_b4c23,MATR_b3c5,MATR_b2c39,MATR_b3c39,MATR_b3c26,MATR_b3c28,MATR_b2c14,MATR_b2c36,MATR_b4c41,MATR_b2c45,MATR_b4c38,MATR_b1c17,MATR_b4c43,MATR_b1c43",False,False,0.95
360,MATR_b1c2,2237.0,1971.5247875430928,191.79273732010813,1595.6179298993297,2347.431645186856,1877.0,1611.5247875430928,1235.6179298993297,1987.4316451868558,265.47521245690723,"MATR_b3c16,MATR_b2c38,MATR_b4c23,MATR_b3c5,MATR_b2c39,MATR_b3c39,MATR_b3c26,MATR_b3c28,MATR_b2c14,MATR_b2c36,MATR_b4c41,MATR_b2c45,MATR_b4c38,MATR_b1c17,MATR_b4c43,MATR_b1c43",False,False,0.95
360,MATR_b1c30,707.0,680.9241186654394,22.784699436633286,636.2669283710682,725.5813089598107,347.0,320.92411866543944,276.26692837106816,365.5813089598107,26.075881334560563,"MATR_b3c16,MATR_b2c38,MATR_b4c23,MATR_b3c5,MATR_b2c39,MATR_b3c39,MATR_b3c26,MATR_b3c28,MATR_b2c14,MATR_b2c36,MATR_b4c41,MATR_b2c45,MATR_b4c38,MATR_b1c17,MATR_b4c43,MATR_b1c43",False,False,0.95
360,MATR_b1c34,742.0,770.2174824628746,17.28615722751622,736.3372368658461,804.0977280599031,382.0,410.2174824628746,376.3372368658461,444.09772805990315,28.217482462874614,"MATR_b3c16,MATR_b2c38,MATR_b4c23,MATR_b3c5,MATR_b2c39,MATR_b3c39,MATR_b3c26,MATR_b3c28,MATR_b2c14,MATR_b2c36,MATR_b4c41,MATR_b2c45,MATR_b4c38,MATR_b1c17,MATR_b4c43,MATR_b1c43",False,False,0.95
360,MATR_b1c35,701.0,588.5872313470946,27.99558125793752,533.7169003552726,643.4575623389167,341.0,228.58723134709464,173.71690035527263,283.45756233891666,112.41276865290536,"MATR_b3c16,MATR_b2c38,MATR_b4c23,MATR_b3c5,MATR_b2c39,MATR_b3c39,MATR_b3c26,MATR_b3c28,MATR_b2c14,MATR_b2c36,MATR_b4c41,MATR_b2c45,MATR_b4c38,MATR_b1c17,MATR_b4c43,MATR_b1c43",False,False,0.95
360,MATR_b1c42,700.0,638.5208789208092,19.82544614083685,599.6637185073304,677.378039334288,340.0,278.5208789208092,239.66371850733037,317.378039334288,61.479121079190804,"MATR_b3c16,MATR_b2c38,MATR_b4c23,MATR_b3c5,MATR_b2c39,MATR_b3c39,MATR_b3c26,MATR_b3c28,MATR_b2c14,MATR_b2c36,MATR_b4c41,MATR_b2c45,MATR_b4c38,MATR_b1c17,MATR_b4c43,MATR_b1c43",False,False,0.95
360,MATR_b1c5,1071.0,999.3451358368975,21.939602436621144,956.3443052259929,1042.345966447802,711.0,639.3451358368975,596.3443052259929,682.3459664478021,71.6548641631025,"MATR_b3c16,MATR_b2c38,MATR_b4c23,MATR_b3c5,MATR_b2c39,MATR_b3c39,MATR_b3c26,MATR_b3c28,MATR_b2c14,MATR_b2c36,MATR_b4c41,MATR_b2c45,MATR_b4c38,MATR_b1c17,MATR_b4c43,MATR_b1c43",False,False,0.95
360,MATR_b1c6,633.0,725.7772570875311,16.62474546485807,693.1933547242637,758.3611594507985,273.0,365.7772570875311,333.1933547242637,398.3611594507985,92.7772570875311,"MATR_b3c16,MATR_b2c38,MATR_b4c23,MATR_b3c5,MATR_b2c39,MATR_b3c39,MATR_b3c26,MATR_b3c28,MATR_b2c14,MATR_b2c36,MATR_b4c41,MATR_b2c45,MATR_b4c38,MATR_b1c17,MATR_b4c43,MATR_b1c43",False,False,0.95
360,MATR_b2c19,460.0,481.977452505363,12.082227940905389,458.2967208881849,505.65818412254106,100.0,121.97745250536298,98.2967208881849,145.65818412254106,21.977452505362976,"MATR_b3c16,MATR_b2c38,MATR_b4c23,MATR_b3c5,MATR_b2c39,MATR_b3c39,MATR_b3c26,MATR_b3c28,MATR_b2c14,MATR_b2c36,MATR_b4c41,MATR_b2c45,MATR_b4c38,MATR_b1c17,MATR_b4c43,MATR_b1c43",False,False,0.95
360,MATR_b2c22,512.0,471.927919407392,12.856569285864854,446.72950664235304,497.1263321724309,152.0,111.92791940739198,86.72950664235304,137.12633217243092,40.07208059260802,"MATR_b3c16,MATR_b2c38,MATR_b4c23,MATR_b3c5,MATR_b2c39,MATR_b3c39,MATR_b3c26,MATR_b3c28,MATR_b2c14,MATR_b2c36,MATR_b4c41,MATR_b2c45,MATR_b4c38,MATR_b1c17,MATR_b4c43,MATR_b1c43",False,False,0.95
360,MATR_b2c24,494.0,469.31577061222686,14.73628484148856,440.43318305698574,498.198358167468,134.0,109.31577061222686,80.43318305698574,138.19835816746797,24.684229387773144,"MATR_b3c16,MATR_b2c38,MATR_b4c23,MATR_b3c5,MATR_b2c39,MATR_b3c39,MATR_b3c26,MATR_b3c28,MATR_b2c14,MATR_b2c36,MATR_b4c41,MATR_b2c45,MATR_b4c38,MATR_b1c17,MATR_b4c43,MATR_b1c43",False,False,0.95
360,MATR_b2c33,519.0,491.37941539511195,15.680408706820794,460.64637906687494,522.112451723349,159.0,131.37941539511195,100.64637906687494,162.11245172334895,27.62058460488805,"MATR_b3c16,MATR_b2c38,MATR_b4c23,MATR_b3c5,MATR_b2c39,MATR_b3c39,MATR_b3c26,MATR_b3c28,MATR_b2c14,MATR_b2c36,MATR_b4c41,MATR_b2c45,MATR_b4c38,MATR_b1c17,MATR_b4c43,MATR_b1c43",False,False,0.95
360,MATR_b2c41,428.0,463.2488037044436,15.086153418677037,433.6804863385908,492.8171210702964,68.0,103.24880370444362,73.68048633859081,132.81712107029642,35.24880370444362,"MATR_b3c16,MATR_b2c38,MATR_b4c23,MATR_b3c5,MATR_b2c39,MATR_b3c39,MATR_b3c26,MATR_b3c28,MATR_b2c14,MATR_b2c36,MATR_b4c41,MATR_b2c45,MATR_b4c38,MATR_b1c17,MATR_b4c43,MATR_b1c43",False,False,0.95
360,MATR_b3c1,1061.0,1049.5661532763356,70.55670270310837,911.2775571103434,1187.8547494423278,701.0,689.5661532763356,551.2775571103434,827.8547494423278,11.433846723664374,"MATR_b3c16,MATR_b2c38,MATR_b4c23,MATR_b3c5,MATR_b2c39,MATR_b3c39,MATR_b3c26,MATR_b3c28,MATR_b2c14,MATR_b2c36,MATR_b4c41,MATR_b2c45,MATR_b4c38,MATR_b1c17,MATR_b4c43,MATR_b1c43",False,False,0.95
360,MATR_b3c14,856.0,748.4893871644091,26.09259335390514,697.3488439275059,799.6299304013123,496.0,388.4893871644091,337.34884392750587,439.6299304013123,107.5106128355909,"MATR_b3c16,MATR_b2c38,MATR_b4c23,MATR_b3c5,MATR_b2c39,MATR_b3c39,MATR_b3c26,MATR_b3c28,MATR_b2c14,MATR_b2c36,MATR_b4c41,MATR_b2c45,MATR_b4c38,MATR_b1c17,MATR_b4c43,MATR_b1c43",False,False,0.95
360,MATR_b3c17,1313.0,1202.9294472739969,127.34042829757006,953.3467940348544,1452.5121005131393,953.0,842.9294472739969,593.3467940348544,1092.5121005131393,110.07055272600314,"MATR_b3c16,MATR_b2c38,MATR_b4c23,MATR_b3c5,MATR_b2c39,MATR_b3c39,MATR_b3c26,MATR_b3c28,MATR_b2c14,MATR_b2c36,MATR_b4c41,MATR_b2c45,MATR_b4c38,MATR_b1c17,MATR_b4c43,MATR_b1c43",False,False,0.95
360,MATR_b3c24,823.0,885.2873021806465,43.82639807276943,799.3891403859028,971.1854639753902,463.0,525.2873021806465,439.3891403859028,611.1854639753902,62.28730218064652,"MATR_b3c16,MATR_b2c38,MATR_b4c23,MATR_b3c5,MATR_b2c39,MATR_b3c39,MATR_b3c26,MATR_b3c28,MATR_b2c14,MATR_b2c36,MATR_b4c41,MATR_b2c45,MATR_b4c38,MATR_b1c17,MATR_b4c43,MATR_b1c43",False,False,0.95
360,MATR_b3c31,729.0,673.054682144082,22.201707466409346,629.5401351146256,716.5692291735384,369.0,313.054682144082,269.5401351146256,356.56922917353836,55.945317855918006,"MATR_b3c16,MATR_b2c38,MATR_b4c23,MATR_b3c5,MATR_b2c39,MATR_b3c39,MATR_b3c26,MATR_b3c28,MATR_b2c14,MATR_b2c36,MATR_b4c41,MATR_b2c45,MATR_b4c38,MATR_b1c17,MATR_b4c43,MATR_b1c43",False,False,0.95
360,MATR_b3c33,1282.0,1202.2973464848728,110.50808186402303,985.7054860307838,1418.889206938962,922.0,842.2973464848728,625.7054860307838,1058.889206938962,79.70265351512717,"MATR_b3c16,MATR_b2c38,MATR_b4c23,MATR_b3c5,MATR_b2c39,MATR_b3c39,MATR_b3c26,MATR_b3c28,MATR_b2c14,MATR_b2c36,MATR_b4c41,MATR_b2c45,MATR_b4c38,MATR_b1c17,MATR_b4c43,MATR_b1c43",False,False,0.95
360,MATR_b3c36,921.0,1014.8275402135953,42.00930120129518,932.4908228433616,1097.164257583829,561.0,654.8275402135953,572.4908228433616,737.1642575838291,93.82754021359528,"MATR_b3c16,MATR_b2c38,MATR_b4c23,MATR_b3c5,MATR_b2c39,MATR_b3c39,MATR_b3c26,MATR_b3c28,MATR_b2c14,MATR_b2c36,MATR_b4c41,MATR_b2c45,MATR_b4c38,MATR_b1c17,MATR_b4c43,MATR_b1c43",False,False,0.95
360,MATR_b3c6,665.0,572.271360263575,24.26787939316097,524.7071906718178,619.8355298553323,305.0,212.27136026357505,164.70719067181778,259.8355298553323,92.72863973642495,"MATR_b3c16,MATR_b2c38,MATR_b4c23,MATR_b3c5,MATR_b2c39,MATR_b3c39,MATR_b3c26,MATR_b3c28,MATR_b2c14,MATR_b2c36,MATR_b4c41,MATR_b2c45,MATR_b4c38,MATR_b1c17,MATR_b4c43,MATR_b1c43",False,False,0.95
360,MATR_b4c1,760.0,654.88950975669,28.388654116018927,599.2487701197282,710.5302493936518,400.0,294.88950975669,239.2487701197282,350.53024939365184,105.11049024330998,"MATR_b3c16,MATR_b2c38,MATR_b4c23,MATR_b3c5,MATR_b2c39,MATR_b3c39,MATR_b3c26,MATR_b3c28,MATR_b2c14,MATR_b2c36,MATR_b4c41,MATR_b2c45,MATR_b4c38,MATR_b1c17,MATR_b4c43,MATR_b1c43",False,False,0.95
360,MATR_b4c11,863.0,843.3576581371209,35.01702496801315,774.7255503540753,911.9897659201665,503.0,483.3576581371209,414.72555035407527,551.9897659201665,19.642341862879107,"MATR_b3c16,MATR_b2c38,MATR_b4c23,MATR_b3c5,MATR_b2c39,MATR_b3c39,MATR_b3c26,MATR_b3c28,MATR_b2c14,MATR_b2c36,MATR_b4c41,MATR_b2c45,MATR_b4c38,MATR_b1c17,MATR_b4c43,MATR_b1c43",False,False,0.95
360,MATR_b4c15,675.0,650.7128418772375,18.994467102916555,613.4843704499901,687.9413133044848,315.0,290.71284187723745,253.48437044999014,327.94131330448477,24.28715812276255,"MATR_b3c16,MATR_b2c38,MATR_b4c23,MATR_b3c5,MATR_b2c39,MATR_b3c39,MATR_b3c26,MATR_b3c28,MATR_b2c14,MATR_b2c36,MATR_b4c41,MATR_b2c45,MATR_b4c38,MATR_b1c17,MATR_b4c43,MATR_b1c43",False,False,0.95
360,MATR_b4c21,773.0,957.1896326287693,40.274185664304134,878.2536792200539,1036.1255860374847,413.0,597.1896326287693,518.2536792200539,676.1255860374847,184.18963262876935,"MATR_b3c16,MATR_b2c38,MATR_b4c23,MATR_b3c5,MATR_b2c39,MATR_b3c39,MATR_b3c26,MATR_b3c28,MATR_b2c14,MATR_b2c36,MATR_b4c41,MATR_b2c45,MATR_b4c38,MATR_b1c17,MATR_b4c43,MATR_b1c43",False,False,0.95
360,MATR_b4c3,777.0,1026.0937374778423,47.85210738130499,932.3053304261413,1119.8821445295434,417.0,666.0937374778423,572.3053304261413,759.8821445295434,249.0937374778423,"MATR_b3c16,MATR_b2c38,MATR_b4c23,MATR_b3c5,MATR_b2c39,MATR_b3c39,MATR_b3c26,MATR_b3c28,MATR_b2c14,MATR_b2c36,MATR_b4c41,MATR_b2c45,MATR_b4c38,MATR_b1c17,MATR_b4c43,MATR_b1c43",False,False,0.95
360,MATR_b4c32,754.0,945.2988058155222,40.65713847357789,865.6122786928518,1024.9853329381926,394.0,585.2988058155222,505.61227869285176,664.9853329381926,191.2988058155222,"MATR_b3c16,MATR_b2c38,MATR_b4c23,MATR_b3c5,MATR_b2c39,MATR_b3c39,MATR_b3c26,MATR_b3c28,MATR_b2c14,MATR_b2c36,MATR_b4c41,MATR_b2c45,MATR_b4c38,MATR_b1c17,MATR_b4c43,MATR_b1c43",False,False,0.95
360,MATR_b4c34,891.0,1165.0827418619713,54.796427474421314,1057.6837175306443,1272.4817661932982,531.0,805.0827418619713,697.6837175306443,912.4817661932982,274.0827418619713,"MATR_b3c16,MATR_b2c38,MATR_b4c23,MATR_b3c5,MATR_b2c39,MATR_b3c39,MATR_b3c26,MATR_b3c28,MATR_b2c14,MATR_b2c36,MATR_b4c41,MATR_b2c45,MATR_b4c38,MATR_b1c17,MATR_b4c43,MATR_b1c43",False,False,0.95
360,MATR_b4c42,774.0,857.4121240975398,53.17746431537698,753.1862092502371,961.6380389448426,414.0,497.41212409753985,393.1862092502371,601.6380389448426,83.41212409753985,"MATR_b3c16,MATR_b2c38,MATR_b4c23,MATR_b3c5,MATR_b2c39,MATR_b3c39,MATR_b3c26,MATR_b3c28,MATR_b2c14,MATR_b2c36,MATR_b4c41,MATR_b2c45,MATR_b4c38,MATR_b1c17,MATR_b4c43,MATR_b1c43",False,False,0.95
360,MATR_b4c6,706.0,661.2723765050782,17.79597056493948,626.3929151278619,696.1518378822946,346.0,301.2723765050782,266.3929151278619,336.15183788229456,44.72762349492177,"MATR_b3c16,MATR_b2c38,MATR_b4c23,MATR_b3c5,MATR_b2c39,MATR_b3c39,MATR_b3c26,MATR_b3c28,MATR_b2c14,MATR_b2c36,MATR_b4c41,MATR_b2c45,MATR_b4c38,MATR_b1c17,MATR_b4c43,MATR_b1c43",False,False,0.95
360,MATR_b4c7,529.0,561.507956758499,15.699533764190907,530.7374360066142,592.2784775103837,169.0,201.50795675849895,170.7374360066142,232.2784775103837,32.50795675849895,"MATR_b3c16,MATR_b2c38,MATR_b4c23,MATR_b3c5,MATR_b2c39,MATR_b3c39,MATR_b3c26,MATR_b3c28,MATR_b2c14,MATR_b2c36,MATR_b4c41,MATR_b2c45,MATR_b4c38,MATR_b1c17,MATR_b4c43,MATR_b1c43",False,False,0.95
380,MATR_b1c14,877.0,817.8572381924207,26.81438901541119,765.3020014547683,870.4124749300731,497.0,437.8572381924207,385.3020014547683,490.41247493007313,59.14276180757929,"MATR_b4c31,MATR_b2c29,MATR_b2c46,MATR_b4c0,MATR_b2c26,MATR_b1c0,MATR_b2c18,MATR_b4c41,MATR_b3c41,MATR_b2c44,MATR_b3c28,MATR_b3c16,MATR_b2c25,MATR_b2c38,MATR_b4c19,MATR_b4c13",False,False,0.95
380,MATR_b1c18,687.0,690.3168413060679,14.233831004924141,662.4190451743871,718.2146374377487,307.0,310.3168413060679,282.41904517438707,338.2146374377487,3.316841306067886,"MATR_b4c31,MATR_b2c29,MATR_b2c46,MATR_b4c0,MATR_b2c26,MATR_b1c0,MATR_b2c18,MATR_b4c41,MATR_b3c41,MATR_b2c44,MATR_b3c28,MATR_b3c16,MATR_b2c25,MATR_b2c38,MATR_b4c19,MATR_b4c13",False,False,0.95
380,MATR_b1c19,786.0,718.1979803849158,20.18724847153561,678.6317004337448,757.7642603360869,406.0,338.1979803849158,298.63170043374475,377.76426033608686,67.80201961508419,"MATR_b4c31,MATR_b2c29,MATR_b2c46,MATR_b4c0,MATR_b2c26,MATR_b1c0,MATR_b2c18,MATR_b4c41,MATR_b3c41,MATR_b2c44,MATR_b3c28,MATR_b3c16,MATR_b2c25,MATR_b2c38,MATR_b4c19,MATR_b4c13",False,False,0.95
380,MATR_b1c2,2237.0,1982.3397557784951,196.35147350433613,1597.4979393986257,2367.1815721583644,1857.0,1602.3397557784951,1217.4979393986257,1987.1815721583644,254.66024422150485,"MATR_b4c31,MATR_b2c29,MATR_b2c46,MATR_b4c0,MATR_b2c26,MATR_b1c0,MATR_b2c18,MATR_b4c41,MATR_b3c41,MATR_b2c44,MATR_b3c28,MATR_b3c16,MATR_b2c25,MATR_b2c38,MATR_b4c19,MATR_b4c13",False,False,0.95
380,MATR_b1c30,707.0,677.6396805842115,23.729364355249054,631.1309810718949,724.1483800965282,327.0,297.63968058421153,251.1309810718949,344.1483800965282,29.360319415788467,"MATR_b4c31,MATR_b2c29,MATR_b2c46,MATR_b4c0,MATR_b2c26,MATR_b1c0,MATR_b2c18,MATR_b4c41,MATR_b3c41,MATR_b2c44,MATR_b3c28,MATR_b3c16,MATR_b2c25,MATR_b2c38,MATR_b4c19,MATR_b4c13",False,False,0.95
380,MATR_b1c34,742.0,769.3953090671439,18.353987045114405,733.422155486005,805.3684626482828,362.0,389.3953090671439,353.42215548600495,425.36846264828284,27.3953090671439,"MATR_b4c31,MATR_b2c29,MATR_b2c46,MATR_b4c0,MATR_b2c26,MATR_b1c0,MATR_b2c18,MATR_b4c41,MATR_b3c41,MATR_b2c44,MATR_b3c28,MATR_b3c16,MATR_b2c25,MATR_b2c38,MATR_b4c19,MATR_b4c13",False,False,0.95
380,MATR_b1c35,701.0,592.746905448633,26.69570780146536,540.4242796159559,645.0695312813101,321.0,212.74690544863302,160.42427961595592,265.0695312813101,108.25309455136698,"MATR_b4c31,MATR_b2c29,MATR_b2c46,MATR_b4c0,MATR_b2c26,MATR_b1c0,MATR_b2c18,MATR_b4c41,MATR_b3c41,MATR_b2c44,MATR_b3c28,MATR_b3c16,MATR_b2c25,MATR_b2c38,MATR_b4c19,MATR_b4c13",False,False,0.95
380,MATR_b1c42,700.0,639.5674077058752,20.39262524074813,599.5985966837865,679.536218727964,320.0,259.5674077058752,219.59859668378647,299.53621872796396,60.43259229412479,"MATR_b4c31,MATR_b2c29,MATR_b2c46,MATR_b4c0,MATR_b2c26,MATR_b1c0,MATR_b2c18,MATR_b4c41,MATR_b3c41,MATR_b2c44,MATR_b3c28,MATR_b3c16,MATR_b2c25,MATR_b2c38,MATR_b4c19,MATR_b4c13",False,False,0.95
380,MATR_b1c5,1071.0,1012.872559441421,23.944362463286147,965.9424713806073,1059.8026475022345,691.0,632.872559441421,585.9424713806073,679.8026475022345,58.127440558578996,"MATR_b4c31,MATR_b2c29,MATR_b2c46,MATR_b4c0,MATR_b2c26,MATR_b1c0,MATR_b2c18,MATR_b4c41,MATR_b3c41,MATR_b2c44,MATR_b3c28,MATR_b3c16,MATR_b2c25,MATR_b2c38,MATR_b4c19,MATR_b4c13",False,False,0.95
380,MATR_b1c6,633.0,737.5197576717059,17.540889818214886,703.1402453712194,771.8992699721923,253.0,357.51975767170586,323.1402453712194,391.8992699721923,104.51975767170586,"MATR_b4c31,MATR_b2c29,MATR_b2c46,MATR_b4c0,MATR_b2c26,MATR_b1c0,MATR_b2c18,MATR_b4c41,MATR_b3c41,MATR_b2c44,MATR_b3c28,MATR_b3c16,MATR_b2c25,MATR_b2c38,MATR_b4c19,MATR_b4c13",False,False,0.95
380,MATR_b2c19,460.0,480.84048784015715,12.952342774267,455.45436248717624,506.22661319313806,80.0,100.84048784015715,75.45436248717624,126.22661319313806,20.840487840157152,"MATR_b4c31,MATR_b2c29,MATR_b2c46,MATR_b4c0,MATR_b2c26,MATR_b1c0,MATR_b2c18,MATR_b4c41,MATR_b3c41,MATR_b2c44,MATR_b3c28,MATR_b3c16,MATR_b2c25,MATR_b2c38,MATR_b4c19,MATR_b4c13",False,False,0.95
380,MATR_b2c22,512.0,475.5254814906397,13.2606243493992,449.5351353533024,501.51582762797705,132.0,95.52548149063972,69.5351353533024,121.51582762797705,36.47451850936028,"MATR_b4c31,MATR_b2c29,MATR_b2c46,MATR_b4c0,MATR_b2c26,MATR_b1c0,MATR_b2c18,MATR_b4c41,MATR_b3c41,MATR_b2c44,MATR_b3c28,MATR_b3c16,MATR_b2c25,MATR_b2c38,MATR_b4c19,MATR_b4c13",False,False,0.95
380,MATR_b2c24,494.0,470.8529829725349,15.046912941187385,441.36157552929797,500.34439041577184,114.0,90.8529829725349,61.361575529297966,120.34439041577184,23.147017027465097,"MATR_b4c31,MATR_b2c29,MATR_b2c46,MATR_b4c0,MATR_b2c26,MATR_b1c0,MATR_b2c18,MATR_b4c41,MATR_b3c41,MATR_b2c44,MATR_b3c28,MATR_b3c16,MATR_b2c25,MATR_b2c38,MATR_b4c19,MATR_b4c13",False,False,0.95
380,MATR_b2c33,519.0,492.97794085447225,15.91156196018252,461.79185247473697,524.1640292342075,139.0,112.97794085447225,81.79185247473697,144.16402923420753,26.02205914552775,"MATR_b4c31,MATR_b2c29,MATR_b2c46,MATR_b4c0,MATR_b2c26,MATR_b1c0,MATR_b2c18,MATR_b4c41,MATR_b3c41,MATR_b2c44,MATR_b3c28,MATR_b3c16,MATR_b2c25,MATR_b2c38,MATR_b4c19,MATR_b4c13",False,False,0.95
380,MATR_b2c41,428.0,461.8679228093986,15.214597115782277,432.04786042317835,491.6879851956188,48.0,81.86792280939858,52.04786042317835,111.68798519561881,33.86792280939858,"MATR_b4c31,MATR_b2c29,MATR_b2c46,MATR_b4c0,MATR_b2c26,MATR_b1c0,MATR_b2c18,MATR_b4c41,MATR_b3c41,MATR_b2c44,MATR_b3c28,MATR_b3c16,MATR_b2c25,MATR_b2c38,MATR_b4c19,MATR_b4c13",False,False,0.95
380,MATR_b3c1,1061.0,989.8897262923578,55.99052266155712,880.150318400132,1099.6291341845833,681.0,609.8897262923578,500.15031840013205,719.6291341845833,71.11027370764225,"MATR_b4c31,MATR_b2c29,MATR_b2c46,MATR_b4c0,MATR_b2c26,MATR_b1c0,MATR_b2c18,MATR_b4c41,MATR_b3c41,MATR_b2c44,MATR_b3c28,MATR_b3c16,MATR_b2c25,MATR_b2c38,MATR_b4c19,MATR_b4c13",False,False,0.95
380,MATR_b3c14,856.0,722.3949260004729,28.145057813338724,667.2316263435314,777.5582256574144,476.0,342.3949260004729,287.2316263435314,397.55822565741437,133.60507399952712,"MATR_b4c31,MATR_b2c29,MATR_b2c46,MATR_b4c0,MATR_b2c26,MATR_b1c0,MATR_b2c18,MATR_b4c41,MATR_b3c41,MATR_b2c44,MATR_b3c28,MATR_b3c16,MATR_b2c25,MATR_b2c38,MATR_b4c19,MATR_b4c13",False,False,0.95
380,MATR_b3c17,1313.0,1161.7670167865217,116.59881747779247,933.2375338900891,1390.2964996829542,933.0,781.7670167865217,553.2375338900891,1010.2964996829542,151.2329832134783,"MATR_b4c31,MATR_b2c29,MATR_b2c46,MATR_b4c0,MATR_b2c26,MATR_b1c0,MATR_b2c18,MATR_b4c41,MATR_b3c41,MATR_b2c44,MATR_b3c28,MATR_b3c16,MATR_b2c25,MATR_b2c38,MATR_b4c19,MATR_b4c13",False,False,0.95
380,MATR_b3c24,823.0,898.9734943426145,45.52589348445933,809.7443827490674,988.2026059361615,443.0,518.9734943426145,429.7443827490674,608.2026059361615,75.97349434261446,"MATR_b4c31,MATR_b2c29,MATR_b2c46,MATR_b4c0,MATR_b2c26,MATR_b1c0,MATR_b2c18,MATR_b4c41,MATR_b3c41,MATR_b2c44,MATR_b3c28,MATR_b3c16,MATR_b2c25,MATR_b2c38,MATR_b4c19,MATR_b4c13",False,False,0.95
380,MATR_b3c31,729.0,673.0886602902879,22.549578851259913,628.8922978752723,717.2850227053034,349.0,293.08866029028786,248.89229787527233,337.2850227053034,55.91133970971214,"MATR_b4c31,MATR_b2c29,MATR_b2c46,MATR_b4c0,MATR_b2c26,MATR_b1c0,MATR_b2c18,MATR_b4c41,MATR_b3c41,MATR_b2c44,MATR_b3c28,MATR_b3c16,MATR_b2c25,MATR_b2c38,MATR_b4c19,MATR_b4c13",False,False,0.95
380,MATR_b3c33,1282.0,1210.0290449546762,106.49983681451768,1001.2932004388286,1418.7648894705237,902.0,830.0290449546762,621.2932004388286,1038.7648894705237,71.97095504532376,"MATR_b4c31,MATR_b2c29,MATR_b2c46,MATR_b4c0,MATR_b2c26,MATR_b1c0,MATR_b2c18,MATR_b4c41,MATR_b3c41,MATR_b2c44,MATR_b3c28,MATR_b3c16,MATR_b2c25,MATR_b2c38,MATR_b4c19,MATR_b4c13",False,False,0.95
380,MATR_b3c36,921.0,1043.1460432427957,45.06914100731163,954.8121500543077,1131.4799364312837,541.0,663.1460432427957,574.8121500543077,751.4799364312837,122.14604324279571,"MATR_b4c31,MATR_b2c29,MATR_b2c46,MATR_b4c0,MATR_b2c26,MATR_b1c0,MATR_b2c18,MATR_b4c41,MATR_b3c41,MATR_b2c44,MATR_b3c28,MATR_b3c16,MATR_b2c25,MATR_b2c38,MATR_b4c19,MATR_b4c13",False,False,0.95
380,MATR_b3c6,665.0,570.1566229236124,24.772764440892917,521.6028968219678,618.7103490252571,285.0,190.15662292361242,141.60289682196776,238.71034902525707,94.84337707638758,"MATR_b4c31,MATR_b2c29,MATR_b2c46,MATR_b4c0,MATR_b2c26,MATR_b1c0,MATR_b2c18,MATR_b4c41,MATR_b3c41,MATR_b2c44,MATR_b3c28,MATR_b3c16,MATR_b2c25,MATR_b2c38,MATR_b4c19,MATR_b4c13",False,False,0.95
380,MATR_b4c1,760.0,634.7520428920507,27.651433731121013,580.5562286581575,688.9478571259439,380.0,254.75204289205067,200.55622865815747,308.94785712594387,125.24795710794933,"MATR_b4c31,MATR_b2c29,MATR_b2c46,MATR_b4c0,MATR_b2c26,MATR_b1c0,MATR_b2c18,MATR_b4c41,MATR_b3c41,MATR_b2c44,MATR_b3c28,MATR_b3c16,MATR_b2c25,MATR_b2c38,MATR_b4c19,MATR_b4c13",False,False,0.95
380,MATR_b4c11,863.0,839.0544214278109,37.12368414721214,766.2933375258345,911.8155053297872,483.0,459.0544214278109,386.29333752583454,531.8155053297872,23.945578572189106,"MATR_b4c31,MATR_b2c29,MATR_b2c46,MATR_b4c0,MATR_b2c26,MATR_b1c0,MATR_b2c18,MATR_b4c41,MATR_b3c41,MATR_b2c44,MATR_b3c28,MATR_b3c16,MATR_b2c25,MATR_b2c38,MATR_b4c19,MATR_b4c13",False,False,0.95
380,MATR_b4c15,675.0,643.5663278196591,19.662029229965132,605.0294586659537,682.1031969733646,295.0,263.56632781965914,225.0294586659537,302.10319697336456,31.433672180340864,"MATR_b4c31,MATR_b2c29,MATR_b2c46,MATR_b4c0,MATR_b2c26,MATR_b1c0,MATR_b2c18,MATR_b4c41,MATR_b3c41,MATR_b2c44,MATR_b3c28,MATR_b3c16,MATR_b2c25,MATR_b2c38,MATR_b4c19,MATR_b4c13",False,False,0.95
380,MATR_b4c21,773.0,964.1223412479399,44.648455612525375,876.6129762820549,1051.6317062138248,393.0,584.1223412479399,496.6129762820549,671.6317062138248,191.12234124793986,"MATR_b4c31,MATR_b2c29,MATR_b2c46,MATR_b4c0,MATR_b2c26,MATR_b1c0,MATR_b2c18,MATR_b4c41,MATR_b3c41,MATR_b2c44,MATR_b3c28,MATR_b3c16,MATR_b2c25,MATR_b2c38,MATR_b4c19,MATR_b4c13",False,False,0.95
380,MATR_b4c3,777.0,981.5669529867556,52.507019315289405,878.6550861932394,1084.4788197802718,397.0,601.5669529867556,498.6550861932394,704.4788197802718,204.5669529867556,"MATR_b4c31,MATR_b2c29,MATR_b2c46,MATR_b4c0,MATR_b2c26,MATR_b1c0,MATR_b2c18,MATR_b4c41,MATR_b3c41,MATR_b2c44,MATR_b3c28,MATR_b3c16,MATR_b2c25,MATR_b2c38,MATR_b4c19,MATR_b4c13",False,False,0.95
380,MATR_b4c32,754.0,939.026464490932,45.616837484204545,849.6191059332743,1028.4338230485896,374.0,559.026464490932,469.61910593327434,648.4338230485896,185.02646449093197,"MATR_b4c31,MATR_b2c29,MATR_b2c46,MATR_b4c0,MATR_b2c26,MATR_b1c0,MATR_b2c18,MATR_b4c41,MATR_b3c41,MATR_b2c44,MATR_b3c28,MATR_b3c16,MATR_b2c25,MATR_b2c38,MATR_b4c19,MATR_b4c13",False,False,0.95
380,MATR_b4c34,891.0,1116.8334731416858,55.218571360667525,1008.6070619970226,1225.059884286349,511.0,736.8334731416858,628.6070619970226,845.059884286349,225.83347314168577,"MATR_b4c31,MATR_b2c29,MATR_b2c46,MATR_b4c0,MATR_b2c26,MATR_b1c0,MATR_b2c18,MATR_b4c41,MATR_b3c41,MATR_b2c44,MATR_b3c28,MATR_b3c16,MATR_b2c25,MATR_b2c38,MATR_b4c19,MATR_b4c13",False,False,0.95
380,MATR_b4c42,774.0,851.3141807130714,58.69775098547814,736.2687028080338,966.359658618109,394.0,471.31418071307144,356.2687028080338,586.359658618109,77.31418071307144,"MATR_b4c31,MATR_b2c29,MATR_b2c46,MATR_b4c0,MATR_b2c26,MATR_b1c0,MATR_b2c18,MATR_b4c41,MATR_b3c41,MATR_b2c44,MATR_b3c28,MATR_b3c16,MATR_b2c25,MATR_b2c38,MATR_b4c19,MATR_b4c13",False,False,0.95
380,MATR_b4c6,706.0,644.975550497139,19.139842239188017,607.4621490385521,682.488951955726,326.0,264.975550497139,227.46214903855207,302.48895195572595,61.02444950286099,"MATR_b4c31,MATR_b2c29,MATR_b2c46,MATR_b4c0,MATR_b2c26,MATR_b1c0,MATR_b2c18,MATR_b4c41,MATR_b3c41,MATR_b2c44,MATR_b3c28,MATR_b3c16,MATR_b2c25,MATR_b2c38,MATR_b4c19,MATR_b4c13",False,False,0.95
380,MATR_b4c7,529.0,562.2938860533484,16.2264232137236,530.4906809565455,594.0970911501513,149.0,182.2938860533484,150.49068095654548,214.0970911501513,33.29388605334839,"MATR_b4c31,MATR_b2c29,MATR_b2c46,MATR_b4c0,MATR_b2c26,MATR_b1c0,MATR_b2c18,MATR_b4c41,MATR_b3c41,MATR_b2c44,MATR_b3c28,MATR_b3c16,MATR_b2c25,MATR_b2c38,MATR_b4c19,MATR_b4c13",False,False,0.95
400,MATR_b1c14,877.0,826.0626499836078,27.64765341535302,771.8742450324701,880.2510549347455,477.0,426.0626499836078,371.87424503247007,480.2510549347455,50.9373500163922,"MATR_b2c4,MATR_b1c24,MATR_b1c29,MATR_b3c26,MATR_b1c32,MATR_b3c10,MATR_b2c32,MATR_b3c40,MATR_b2c42,MATR_b2c27,MATR_b2c35,MATR_b3c12,MATR_b4c44,MATR_b3c21,MATR_b4c14,MATR_b2c13",False,False,0.95
400,MATR_b1c18,687.0,697.6785251972907,15.875870086511172,666.5623916044921,728.7946587900893,287.0,297.6785251972907,266.56239160449206,328.79465879008933,10.678525197290696,"MATR_b2c4,MATR_b1c24,MATR_b1c29,MATR_b3c26,MATR_b1c32,MATR_b3c10,MATR_b2c32,MATR_b3c40,MATR_b2c42,MATR_b2c27,MATR_b2c35,MATR_b3c12,MATR_b4c44,MATR_b3c21,MATR_b4c14,MATR_b2c13",False,False,0.95
400,MATR_b1c19,786.0,723.6667399631799,22.996959344574588,678.5935278938819,768.739952032478,386.0,323.6667399631799,278.59352789388186,368.73995203247796,62.33326003682009,"MATR_b2c4,MATR_b1c24,MATR_b1c29,MATR_b3c26,MATR_b1c32,MATR_b3c10,MATR_b2c32,MATR_b3c40,MATR_b2c42,MATR_b2c27,MATR_b2c35,MATR_b3c12,MATR_b4c44,MATR_b3c21,MATR_b4c14,MATR_b2c13",False,False,0.95
400,MATR_b1c2,2237.0,1961.0490926501438,192.9629744098457,1582.8486124571223,2339.2495728431654,1837.0,1561.0490926501438,1182.8486124571223,1939.2495728431654,275.95090734985615,"MATR_b2c4,MATR_b1c24,MATR_b1c29,MATR_b3c26,MATR_b1c32,MATR_b3c10,MATR_b2c32,MATR_b3c40,MATR_b2c42,MATR_b2c27,MATR_b2c35,MATR_b3c12,MATR_b4c44,MATR_b3c21,MATR_b4c14,MATR_b2c13",False,False,0.95
400,MATR_b1c30,707.0,685.4744003040108,26.098050934852086,634.3231604050088,736.6256402030128,307.0,285.4744003040108,234.32316040500882,336.62564020301284,21.525599695989172,"MATR_b2c4,MATR_b1c24,MATR_b1c29,MATR_b3c26,MATR_b1c32,MATR_b3c10,MATR_b2c32,MATR_b3c40,MATR_b2c42,MATR_b2c27,MATR_b2c35,MATR_b3c12,MATR_b4c44,MATR_b3c21,MATR_b4c14,MATR_b2c13",False,False,0.95
400,MATR_b1c34,742.0,772.3393534727604,20.286901076740133,732.5777580044229,812.100948941098,342.0,372.3393534727604,332.5777580044229,412.10094894109795,30.339353472760422,"MATR_b2c4,MATR_b1c24,MATR_b1c29,MATR_b3c26,MATR_b1c32,MATR_b3c10,MATR_b2c32,MATR_b3c40,MATR_b2c42,MATR_b2c27,MATR_b2c35,MATR_b3c12,MATR_b4c44,MATR_b3c21,MATR_b4c14,MATR_b2c13",False,False,0.95
400,MATR_b1c35,701.0,599.2064417997035,27.13858108568764,546.0158002802358,652.3970833191712,301.0,199.2064417997035,146.0158002802358,252.3970833191712,101.7935582002965,"MATR_b2c4,MATR_b1c24,MATR_b1c29,MATR_b3c26,MATR_b1c32,MATR_b3c10,MATR_b2c32,MATR_b3c40,MATR_b2c42,MATR_b2c27,MATR_b2c35,MATR_b3c12,MATR_b4c44,MATR_b3c21,MATR_b4c14,MATR_b2c13",False,False,0.95
400,MATR_b1c42,700.0,649.4045562184092,22.439876769415154,605.4232059328385,693.3859065039799,300.0,249.4045562184092,205.42320593283853,293.38590650397987,50.5954437815908,"MATR_b2c4,MATR_b1c24,MATR_b1c29,MATR_b3c26,MATR_b1c32,MATR_b3c10,MATR_b2c32,MATR_b3c40,MATR_b2c42,MATR_b2c27,MATR_b2c35,MATR_b3c12,MATR_b4c44,MATR_b3c21,MATR_b4c14,MATR_b2c13",False,False,0.95
400,MATR_b1c5,1071.0,1042.8700213815928,27.66947903432964,988.6388390033205,1097.101203759865,671.0,642.8700213815928,588.6388390033205,697.101203759865,28.129978618407222,"MATR_b2c4,MATR_b1c24,MATR_b1c29,MATR_b3c26,MATR_b1c32,MATR_b3c10,MATR_b2c32,MATR_b3c40,MATR_b2c42,MATR_b2c27,MATR_b2c35,MATR_b3c12,MATR_b4c44,MATR_b3c21,MATR_b4c14,MATR_b2c13",False,False,0.95
400,MATR_b1c6,633.0,746.4590494318663,19.24326339813263,708.7429462265085,784.1751526372242,233.0,346.45904943186633,308.7429462265085,384.1751526372242,113.45904943186633,"MATR_b2c4,MATR_b1c24,MATR_b1c29,MATR_b3c26,MATR_b1c32,MATR_b3c10,MATR_b2c32,MATR_b3c40,MATR_b2c42,MATR_b2c27,MATR_b2c35,MATR_b3c12,MATR_b4c44,MATR_b3c21,MATR_b4c14,MATR_b2c13",False,False,0.95
400,MATR_b2c19,460.0,480.0253887161086,14.794032869883424,451.02961710503536,509.0211603271818,60.0,80.02538871610858,51.029617105035356,109.0211603271818,20.02538871610858,"MATR_b2c4,MATR_b1c24,MATR_b1c29,MATR_b3c26,MATR_b1c32,MATR_b3c10,MATR_b2c32,MATR_b3c40,MATR_b2c42,MATR_b2c27,MATR_b2c35,MATR_b3c12,MATR_b4c44,MATR_b3c21,MATR_b4c14,MATR_b2c13",False,False,0.95
400,MATR_b2c22,512.0,477.7215744252012,14.67648786783301,448.9561867847095,506.4869620656929,112.0,77.7215744252012,48.95618678470947,106.48696206569292,34.2784255747988,"MATR_b2c4,MATR_b1c24,MATR_b1c29,MATR_b3c26,MATR_b1c32,MATR_b3c10,MATR_b2c32,MATR_b3c40,MATR_b2c42,MATR_b2c27,MATR_b2c35,MATR_b3c12,MATR_b4c44,MATR_b3c21,MATR_b4c14,MATR_b2c13",False,False,0.95
400,MATR_b2c24,494.0,472.1916334825973,16.133697266751092,440.57016790229284,503.81309906290176,94.0,72.1916334825973,40.57016790229284,103.81309906290176,21.808366517402703,"MATR_b2c4,MATR_b1c24,MATR_b1c29,MATR_b3c26,MATR_b1c32,MATR_b3c10,MATR_b2c32,MATR_b3c40,MATR_b2c42,MATR_b2c27,MATR_b2c35,MATR_b3c12,MATR_b4c44,MATR_b3c21,MATR_b4c14,MATR_b2c13",False,False,0.95
400,MATR_b2c33,519.0,496.7902869768492,17.68090735077658,462.1363453553376,531.4442285983607,119.0,96.79028697684919,62.136345355337596,131.44422859836072,22.20971302315081,"MATR_b2c4,MATR_b1c24,MATR_b1c29,MATR_b3c26,MATR_b1c32,MATR_b3c10,MATR_b2c32,MATR_b3c40,MATR_b2c42,MATR_b2c27,MATR_b2c35,MATR_b3c12,MATR_b4c44,MATR_b3c21,MATR_b4c14,MATR_b2c13",False,False,0.95
400,MATR_b2c41,428.0,458.31136786023154,16.33645580855243,426.2925028404386,490.3302328800245,28.0,58.31136786023154,26.2925028404386,90.33023288002448,30.31136786023154,"MATR_b2c4,MATR_b1c24,MATR_b1c29,MATR_b3c26,MATR_b1c32,MATR_b3c10,MATR_b2c32,MATR_b3c40,MATR_b2c42,MATR_b2c27,MATR_b2c35,MATR_b3c12,MATR_b4c44,MATR_b3c21,MATR_b4c14,MATR_b2c13",False,False,0.95
400,MATR_b3c1,1061.0,986.3922637713749,48.96157713008502,890.4293359701284,1082.3551915726216,661.0,586.3922637713749,490.42933597012836,682.3551915726216,74.60773622862507,"MATR_b2c4,MATR_b1c24,MATR_b1c29,MATR_b3c26,MATR_b1c32,MATR_b3c10,MATR_b2c32,MATR_b3c40,MATR_b2c42,MATR_b2c27,MATR_b2c35,MATR_b3c12,MATR_b4c44,MATR_b3c21,MATR_b4c14,MATR_b2c13",False,False,0.95
400,MATR_b3c14,856.0,721.2872628991788,31.31672862825036,659.9076026741936,782.666923124164,456.0,321.2872628991788,259.90760267419364,382.666923124164,134.7127371008212,"MATR_b2c4,MATR_b1c24,MATR_b1c29,MATR_b3c26,MATR_b1c32,MATR_b3c10,MATR_b2c32,MATR_b3c40,MATR_b2c42,MATR_b2c27,MATR_b2c35,MATR_b3c12,MATR_b4c44,MATR_b3c21,MATR_b4c14,MATR_b2c13",False,False,0.95
400,MATR_b3c17,1313.0,1165.7126219802274,106.03020256441073,957.8972436804959,1373.5280002799589,913.0,765.7126219802274,557.8972436804959,973.5280002799589,147.28737801977263,"MATR_b2c4,MATR_b1c24,MATR_b1c29,MATR_b3c26,MATR_b1c32,MATR_b3c10,MATR_b2c32,MATR_b3c40,MATR_b2c42,MATR_b2c27,MATR_b2c35,MATR_b3c12,MATR_b4c44,MATR_b3c21,MATR_b4c14,MATR_b2c13",False,False,0.95
400,MATR_b3c24,823.0,895.5850611154802,43.43221017444282,810.4594934045982,980.7106288263623,423.0,495.58506111548024,410.4594934045982,580.7106288263623,72.58506111548024,"MATR_b2c4,MATR_b1c24,MATR_b1c29,MATR_b3c26,MATR_b1c32,MATR_b3c10,MATR_b2c32,MATR_b3c40,MATR_b2c42,MATR_b2c27,MATR_b2c35,MATR_b3c12,MATR_b4c44,MATR_b3c21,MATR_b4c14,MATR_b2c13",False,False,0.95
400,MATR_b3c31,729.0,677.8722111710407,23.81113632563559,631.2032415418215,724.5411808002599,329.0,277.8722111710407,231.2032415418215,324.5411808002599,51.1277888289593,"MATR_b2c4,MATR_b1c24,MATR_b1c29,MATR_b3c26,MATR_b1c32,MATR_b3c10,MATR_b2c32,MATR_b3c40,MATR_b2c42,MATR_b2c27,MATR_b2c35,MATR_b3c12,MATR_b4c44,MATR_b3c21,MATR_b4c14,MATR_b2c13",False,False,0.95
400,MATR_b3c33,1282.0,1224.7403872397938,100.26905779172516,1028.2166452042472,1421.2641292753403,882.0,824.7403872397938,628.2166452042472,1021.2641292753403,57.25961276020621,"MATR_b2c4,MATR_b1c24,MATR_b1c29,MATR_b3c26,MATR_b1c32,MATR_b3c10,MATR_b2c32,MATR_b3c40,MATR_b2c42,MATR_b2c27,MATR_b2c35,MATR_b3c12,MATR_b4c44,MATR_b3c21,MATR_b4c14,MATR_b2c13",False,False,0.95
400,MATR_b3c36,921.0,1053.0761305950073,44.72305509829672,965.4205533237453,1140.7317078662693,521.0,653.0761305950073,565.4205533237453,740.7317078662693,132.07613059500727,"MATR_b2c4,MATR_b1c24,MATR_b1c29,MATR_b3c26,MATR_b1c32,MATR_b3c10,MATR_b2c32,MATR_b3c40,MATR_b2c42,MATR_b2c27,MATR_b2c35,MATR_b3c12,MATR_b4c44,MATR_b3c21,MATR_b4c14,MATR_b2c13",False,False,0.95
400,MATR_b3c6,665.0,567.4416081372196,28.182790398851225,512.20435397163,622.6788623028093,265.0,167.44160813721965,112.20435397162998,222.6788623028093,97.55839186278035,"MATR_b2c4,MATR_b1c24,MATR_b1c29,MATR_b3c26,MATR_b1c32,MATR_b3c10,MATR_b2c32,MATR_b3c40,MATR_b2c42,MATR_b2c27,MATR_b2c35,MATR_b3c12,MATR_b4c44,MATR_b3c21,MATR_b4c14,MATR_b2c13",False,False,0.95
400,MATR_b4c1,760.0,631.5694922013288,32.39626872082867,568.0739722750232,695.0650121276344,360.0,231.56949220132879,168.07397227502315,295.0650121276344,128.43050779867121,"MATR_b2c4,MATR_b1c24,MATR_b1c29,MATR_b3c26,MATR_b1c32,MATR_b3c10,MATR_b2c32,MATR_b3c40,MATR_b2c42,MATR_b2c27,MATR_b2c35,MATR_b3c12,MATR_b4c44,MATR_b3c21,MATR_b4c14,MATR_b2c13",False,False,0.95
400,MATR_b4c11,863.0,845.2051433838851,37.20165463018046,772.2912401434337,918.1190466243365,463.0,445.2051433838851,372.2912401434337,518.1190466243365,17.794856616114885,"MATR_b2c4,MATR_b1c24,MATR_b1c29,MATR_b3c26,MATR_b1c32,MATR_b3c10,MATR_b2c32,MATR_b3c40,MATR_b2c42,MATR_b2c27,MATR_b2c35,MATR_b3c12,MATR_b4c44,MATR_b3c21,MATR_b4c14,MATR_b2c13",False,False,0.95
400,MATR_b4c15,675.0,646.8711189139702,21.82113529158314,604.1024796406914,689.6397581872491,275.0,246.87111891397024,204.1024796406914,289.6397581872491,28.128881086029764,"MATR_b2c4,MATR_b1c24,MATR_b1c29,MATR_b3c26,MATR_b1c32,MATR_b3c10,MATR_b2c32,MATR_b3c40,MATR_b2c42,MATR_b2c27,MATR_b2c35,MATR_b3c12,MATR_b4c44,MATR_b3c21,MATR_b4c14,MATR_b2c13",False,False,0.95
400,MATR_b4c21,773.0,959.6743563184456,45.31078010854879,870.8668591942761,1048.4818534426151,373.0,559.6743563184456,470.8668591942761,648.4818534426151,186.67435631844558,"MATR_b2c4,MATR_b1c24,MATR_b1c29,MATR_b3c26,MATR_b1c32,MATR_b3c10,MATR_b2c32,MATR_b3c40,MATR_b2c42,MATR_b2c27,MATR_b2c35,MATR_b3c12,MATR_b4c44,MATR_b3c21,MATR_b4c14,MATR_b2c13",False,False,0.95
400,MATR_b4c3,777.0,918.0770977738337,58.09010580476972,804.2225825383639,1031.9316130093034,377.0,518.0770977738337,404.2225825383639,631.9316130093034,141.07709777383366,"MATR_b2c4,MATR_b1c24,MATR_b1c29,MATR_b3c26,MATR_b1c32,MATR_b3c10,MATR_b2c32,MATR_b3c40,MATR_b2c42,MATR_b2c27,MATR_b2c35,MATR_b3c12,MATR_b4c44,MATR_b3c21,MATR_b4c14,MATR_b2c13",False,False,0.95
400,MATR_b4c32,754.0,925.9948903443055,45.97545701015278,835.8846504316366,1016.1051302569745,354.0,525.9948903443055,435.8846504316366,616.1051302569745,171.99489034430553,"MATR_b2c4,MATR_b1c24,MATR_b1c29,MATR_b3c26,MATR_b1c32,MATR_b3c10,MATR_b2c32,MATR_b3c40,MATR_b2c42,MATR_b2c27,MATR_b2c35,MATR_b3c12,MATR_b4c44,MATR_b3c21,MATR_b4c14,MATR_b2c13",False,False,0.95
400,MATR_b4c34,891.0,1090.9241909926473,54.8559292211765,983.408545380663,1198.4398366046314,491.0,690.9241909926473,583.408545380663,798.4398366046314,199.92419099264725,"MATR_b2c4,MATR_b1c24,MATR_b1c29,MATR_b3c26,MATR_b1c32,MATR_b3c10,MATR_b2c32,MATR_b3c40,MATR_b2c42,MATR_b2c27,MATR_b2c35,MATR_b3c12,MATR_b4c44,MATR_b3c21,MATR_b4c14,MATR_b2c13",False,False,0.95
400,MATR_b4c42,774.0,846.3562130729521,59.01909899740767,730.680904638029,962.0315215078751,374.0,446.3562130729521,330.680904638029,562.0315215078751,72.35621307295207,"MATR_b2c4,MATR_b1c24,MATR_b1c29,MATR_b3c26,MATR_b1c32,MATR_b3c10,MATR_b2c32,MATR_b3c40,MATR_b2c42,MATR_b2c27,MATR_b2c35,MATR_b3c12,MATR_b4c44,MATR_b3c21,MATR_b4c14,MATR_b2c13",False,False,0.95
400,MATR_b4c6,706.0,634.4905871262026,21.495656455454114,592.3598746494666,676.6212996029386,306.0,234.49058712620263,192.35987464946663,276.6212996029386,71.50941287379737,"MATR_b2c4,MATR_b1c24,MATR_b1c29,MATR_b3c26,MATR_b1c32,MATR_b3c10,MATR_b2c32,MATR_b3c40,MATR_b2c42,MATR_b2c27,MATR_b2c35,MATR_b3c12,MATR_b4c44,MATR_b3c21,MATR_b4c14,MATR_b2c13",False,False,0.95
400,MATR_b4c7,529.0,564.1112605086812,18.565715309394495,527.723127155044,600.4993938623184,129.0,164.1112605086812,127.72312715504404,200.49939386231836,35.1112605086812,"MATR_b2c4,MATR_b1c24,MATR_b1c29,MATR_b3c26,MATR_b1c32,MATR_b3c10,MATR_b2c32,MATR_b3c40,MATR_b2c42,MATR_b2c27,MATR_b2c35,MATR_b3c12,MATR_b4c44,MATR_b3c21,MATR_b4c14,MATR_b2c13",False,False,0.95
420,MATR_b1c14,877.0,803.6903131308167,33.285687394384524,738.4515646371641,868.9290616244692,457.0,383.69031313081666,318.4515646371641,448.9290616244692,73.30968686918334,"MATR_b4c41,MATR_b3c21,MATR_b4c0,MATR_b3c11,MATR_b1c24,MATR_b3c4,MATR_b1c20,MATR_b4c4,MATR_b2c10,MATR_b3c0,MATR_b1c23,MATR_b4c28,MATR_b1c29,MATR_b1c38,MATR_b3c38,MATR_b2c32",False,False,0.95
420,MATR_b1c18,687.0,681.0224209898407,20.970961800328105,639.9200911400324,722.1247508396491,267.0,261.0224209898407,219.92009114003235,302.1247508396491,5.977579010159275,"MATR_b4c41,MATR_b3c21,MATR_b4c0,MATR_b3c11,MATR_b1c24,MATR_b3c4,MATR_b1c20,MATR_b4c4,MATR_b2c10,MATR_b3c0,MATR_b1c23,MATR_b4c28,MATR_b1c29,MATR_b1c38,MATR_b3c38,MATR_b2c32",False,False,0.95
420,MATR_b1c19,786.0,683.5593869026505,32.60507529737768,619.6546136065737,747.4641601987274,366.0,263.55938690265054,199.65461360657366,327.4641601987274,102.44061309734946,"MATR_b4c41,MATR_b3c21,MATR_b4c0,MATR_b3c11,MATR_b1c24,MATR_b3c4,MATR_b1c20,MATR_b4c4,MATR_b2c10,MATR_b3c0,MATR_b1c23,MATR_b4c28,MATR_b1c29,MATR_b1c38,MATR_b3c38,MATR_b2c32",False,False,0.95
420,MATR_b1c2,2237.0,1903.435480710154,182.07197642607898,1546.5809643210137,2260.2899970992944,1817.0,1483.435480710154,1126.5809643210137,1840.2899970992944,333.564519289846,"MATR_b4c41,MATR_b3c21,MATR_b4c0,MATR_b3c11,MATR_b1c24,MATR_b3c4,MATR_b1c20,MATR_b4c4,MATR_b2c10,MATR_b3c0,MATR_b1c23,MATR_b4c28,MATR_b1c29,MATR_b1c38,MATR_b3c38,MATR_b2c32",False,False,0.95
420,MATR_b1c30,707.0,639.9411673141401,31.193949523783157,578.8021497119647,701.0801849163155,287.0,219.9411673141401,158.80214971196472,281.0801849163155,67.0588326858599,"MATR_b4c41,MATR_b3c21,MATR_b4c0,MATR_b3c11,MATR_b1c24,MATR_b3c4,MATR_b1c20,MATR_b4c4,MATR_b2c10,MATR_b3c0,MATR_b1c23,MATR_b4c28,MATR_b1c29,MATR_b1c38,MATR_b3c38,MATR_b2c32",False,False,0.95
420,MATR_b1c34,742.0,732.2179953656071,27.48992226876956,678.3387377810132,786.097252950201,322.0,312.21799536560707,258.33873778101315,366.097252950201,9.782004634392933,"MATR_b4c41,MATR_b3c21,MATR_b4c0,MATR_b3c11,MATR_b1c24,MATR_b3c4,MATR_b1c20,MATR_b4c4,MATR_b2c10,MATR_b3c0,MATR_b1c23,MATR_b4c28,MATR_b1c29,MATR_b1c38,MATR_b3c38,MATR_b2c32",False,False,0.95
420,MATR_b1c35,701.0,577.0866968485327,29.164211654663553,519.9258923678889,634.2475013291765,281.0,157.0866968485327,99.92589236788888,214.24750132917654,123.91330315146729,"MATR_b4c41,MATR_b3c21,MATR_b4c0,MATR_b3c11,MATR_b1c24,MATR_b3c4,MATR_b1c20,MATR_b4c4,MATR_b2c10,MATR_b3c0,MATR_b1c23,MATR_b4c28,MATR_b1c29,MATR_b1c38,MATR_b3c38,MATR_b2c32",False,False,0.95
420,MATR_b1c42,700.0,608.3933948193875,26.822996467430535,555.8212877857785,660.9655018529965,280.0,188.39339481938748,135.8212877857785,240.96550185299645,91.60660518061252,"MATR_b4c41,MATR_b3c21,MATR_b4c0,MATR_b3c11,MATR_b1c24,MATR_b3c4,MATR_b1c20,MATR_b4c4,MATR_b2c10,MATR_b3c0,MATR_b1c23,MATR_b4c28,MATR_b1c29,MATR_b1c38,MATR_b3c38,MATR_b2c32",False,False,0.95
420,MATR_b1c5,1071.0,1034.9308783780716,30.31415924626862,975.5162180337733,1094.34553872237,651.0,614.9308783780716,555.5162180337733,674.3455387223701,36.06912162192839,"MATR_b4c41,MATR_b3c21,MATR_b4c0,MATR_b3c11,MATR_b1c24,MATR_b3c4,MATR_b1c20,MATR_b4c4,MATR_b2c10,MATR_b3c0,MATR_b1c23,MATR_b4c28,MATR_b1c29,MATR_b1c38,MATR_b3c38,MATR_b2c32",False,False,0.95
420,MATR_b1c6,633.0,702.3489300744288,25.980169538803647,651.4287334661291,753.2691266827286,213.0,282.34893007442884,231.42873346612907,333.2691266827286,69.34893007442884,"MATR_b4c41,MATR_b3c21,MATR_b4c0,MATR_b3c11,MATR_b1c24,MATR_b3c4,MATR_b1c20,MATR_b4c4,MATR_b2c10,MATR_b3c0,MATR_b1c23,MATR_b4c28,MATR_b1c29,MATR_b1c38,MATR_b3c38,MATR_b2c32",False,False,0.95
420,MATR_b2c19,460.0,465.4247788664799,18.006246218773562,430.1331847809232,500.71637295203664,40.0,45.424778866479926,10.133184780923216,80.71637295203664,5.424778866479926,"MATR_b4c41,MATR_b3c21,MATR_b4c0,MATR_b3c11,MATR_b1c24,MATR_b3c4,MATR_b1c20,MATR_b4c4,MATR_b2c10,MATR_b3c0,MATR_b1c23,MATR_b4c28,MATR_b1c29,MATR_b1c38,MATR_b3c38,MATR_b2c32",False,False,0.95
420,MATR_b2c22,512.0,463.4881468578341,17.078503329701697,430.0148954217714,496.9613982938968,92.0,43.488146857834124,10.014895421771428,76.96139829389682,48.511853142165876,"MATR_b4c41,MATR_b3c21,MATR_b4c0,MATR_b3c11,MATR_b1c24,MATR_b3c4,MATR_b1c20,MATR_b4c4,MATR_b2c10,MATR_b3c0,MATR_b1c23,MATR_b4c28,MATR_b1c29,MATR_b1c38,MATR_b3c38,MATR_b2c32",False,False,0.95
420,MATR_b2c24,494.0,462.54797503387726,18.055677317238285,427.15949777561343,497.9364522921411,74.0,42.547975033877265,7.159497775613431,77.9364522921411,31.452024966122735,"MATR_b4c41,MATR_b3c21,MATR_b4c0,MATR_b3c11,MATR_b1c24,MATR_b3c4,MATR_b1c20,MATR_b4c4,MATR_b2c10,MATR_b3c0,MATR_b1c23,MATR_b4c28,MATR_b1c29,MATR_b1c38,MATR_b3c38,MATR_b2c32",False,False,0.95
420,MATR_b2c33,519.0,470.04258865964744,21.16194655219864,428.56593557457654,511.51924174471833,99.0,50.042588659647436,8.565935574576542,91.51924174471833,48.957411340352564,"MATR_b4c41,MATR_b3c21,MATR_b4c0,MATR_b3c11,MATR_b1c24,MATR_b3c4,MATR_b1c20,MATR_b4c4,MATR_b2c10,MATR_b3c0,MATR_b1c23,MATR_b4c28,MATR_b1c29,MATR_b1c38,MATR_b3c38,MATR_b2c32",False,False,0.95
420,MATR_b2c41,428.0,440.9430117007159,17.955024939662017,405.75180947745986,476.1342139239719,8.0,20.943011700715886,-14.248190522540142,56.13421392397191,12.943011700715886,"MATR_b4c41,MATR_b3c21,MATR_b4c0,MATR_b3c11,MATR_b1c24,MATR_b3c4,MATR_b1c20,MATR_b4c4,MATR_b2c10,MATR_b3c0,MATR_b1c23,MATR_b4c28,MATR_b1c29,MATR_b1c38,MATR_b3c38,MATR_b2c32",False,False,0.95
420,MATR_b3c1,1061.0,888.9169040279018,34.74973523632535,820.8086744924017,957.0251335634018,641.0,468.91690402790175,400.8086744924017,537.0251335634018,172.08309597209825,"MATR_b4c41,MATR_b3c21,MATR_b4c0,MATR_b3c11,MATR_b1c24,MATR_b3c4,MATR_b1c20,MATR_b4c4,MATR_b2c10,MATR_b3c0,MATR_b1c23,MATR_b4c28,MATR_b1c29,MATR_b1c38,MATR_b3c38,MATR_b2c32",False,False,0.95
420,MATR_b3c14,856.0,642.0685700057486,39.88958617112397,563.8864177521386,720.2507222593586,436.0,222.0685700057486,143.88641775213864,300.25072225935855,213.9314299942514,"MATR_b4c41,MATR_b3c21,MATR_b4c0,MATR_b3c11,MATR_b1c24,MATR_b3c4,MATR_b1c20,MATR_b4c4,MATR_b2c10,MATR_b3c0,MATR_b1c23,MATR_b4c28,MATR_b1c29,MATR_b1c38,MATR_b3c38,MATR_b2c32",False,False,0.95
420,MATR_b3c17,1313.0,977.9722702479385,59.112889407905385,862.1131359863447,1093.8314045095321,893.0,557.9722702479385,442.1131359863447,673.8314045095321,335.02772975206153,"MATR_b4c41,MATR_b3c21,MATR_b4c0,MATR_b3c11,MATR_b1c24,MATR_b3c4,MATR_b1c20,MATR_b4c4,MATR_b2c10,MATR_b3c0,MATR_b1c23,MATR_b4c28,MATR_b1c29,MATR_b1c38,MATR_b3c38,MATR_b2c32",False,False,0.95
420,MATR_b3c24,823.0,791.0925084588156,43.54909179811951,705.7378569750726,876.4471599425585,403.0,371.0925084588156,285.73785697507265,456.4471599425585,31.907491541184413,"MATR_b4c41,MATR_b3c21,MATR_b4c0,MATR_b3c11,MATR_b1c24,MATR_b3c4,MATR_b1c20,MATR_b4c4,MATR_b2c10,MATR_b3c0,MATR_b1c23,MATR_b4c28,MATR_b1c29,MATR_b1c38,MATR_b3c38,MATR_b2c32",False,False,0.95
420,MATR_b3c31,729.0,637.6120787776749,29.26311149008229,580.2574341815334,694.9667233738164,309.0,217.61207877767492,160.25743418153343,274.9667233738164,91.38792122232508,"MATR_b4c41,MATR_b3c21,MATR_b4c0,MATR_b3c11,MATR_b1c24,MATR_b3c4,MATR_b1c20,MATR_b4c4,MATR_b2c10,MATR_b3c0,MATR_b1c23,MATR_b4c28,MATR_b1c29,MATR_b1c38,MATR_b3c38,MATR_b2c32",False,False,0.95
420,MATR_b3c33,1282.0,1140.3387097028394,71.19197453495512,1000.8050036260347,1279.8724157796441,862.0,720.3387097028394,580.8050036260347,859.8724157796441,141.66129029716058,"MATR_b4c41,MATR_b3c21,MATR_b4c0,MATR_b3c11,MATR_b1c24,MATR_b3c4,MATR_b1c20,MATR_b4c4,MATR_b2c10,MATR_b3c0,MATR_b1c23,MATR_b4c28,MATR_b1c29,MATR_b1c38,MATR_b3c38,MATR_b2c32",False,False,0.95
420,MATR_b3c36,921.0,1045.8044497412975,45.00792670929378,957.5905343722634,1134.0183651103316,501.0,625.8044497412975,537.5905343722634,714.0183651103316,124.8044497412975,"MATR_b4c41,MATR_b3c21,MATR_b4c0,MATR_b3c11,MATR_b1c24,MATR_b3c4,MATR_b1c20,MATR_b4c4,MATR_b2c10,MATR_b3c0,MATR_b1c23,MATR_b4c28,MATR_b1c29,MATR_b1c38,MATR_b3c38,MATR_b2c32",False,False,0.95
420,MATR_b3c6,665.0,543.0456379077905,31.384586119627766,481.5329794436244,604.5582963719565,245.0,123.04563790779048,61.53297944362441,184.55829637195654,121.95436209220952,"MATR_b4c41,MATR_b3c21,MATR_b4c0,MATR_b3c11,MATR_b1c24,MATR_b3c4,MATR_b1c20,MATR_b4c4,MATR_b2c10,MATR_b3c0,MATR_b1c23,MATR_b4c28,MATR_b1c29,MATR_b1c38,MATR_b3c38,MATR_b2c32",False,False,0.95
420,MATR_b4c1,760.0,569.5108217243869,32.61420968824707,505.58814535118535,633.4334980975884,340.0,149.51082172438691,85.58814535118535,213.43349809758843,190.48917827561309,"MATR_b4c41,MATR_b3c21,MATR_b4c0,MATR_b3c11,MATR_b1c24,MATR_b3c4,MATR_b1c20,MATR_b4c4,MATR_b2c10,MATR_b3c0,MATR_b1c23,MATR_b4c28,MATR_b1c29,MATR_b1c38,MATR_b3c38,MATR_b2c32",False,False,0.95
420,MATR_b4c11,863.0,770.5768559348115,39.79608275410709,692.5779670109861,848.575744858637,443.0,350.57685593481153,272.5779670109861,428.575744858637,92.42314406518847,"MATR_b4c41,MATR_b3c21,MATR_b4c0,MATR_b3c11,MATR_b1c24,MATR_b3c4,MATR_b1c20,MATR_b4c4,MATR_b2c10,MATR_b3c0,MATR_b1c23,MATR_b4c28,MATR_b1c29,MATR_b1c38,MATR_b3c38,MATR_b2c32",False,False,0.95
420,MATR_b4c15,675.0,604.5876730711254,26.266464355176957,553.1063489337735,656.0689972084774,255.0,184.58767307112544,133.10634893377346,236.0689972084774,70.41232692887456,"MATR_b4c41,MATR_b3c21,MATR_b4c0,MATR_b3c11,MATR_b1c24,MATR_b3c4,MATR_b1c20,MATR_b4c4,MATR_b2c10,MATR_b3c0,MATR_b1c23,MATR_b4c28,MATR_b1c29,MATR_b1c38,MATR_b3c38,MATR_b2c32",False,False,0.95
420,MATR_b4c21,773.0,932.0307490406911,48.59482298563914,836.7866461537393,1027.274851927643,353.0,512.0307490406911,416.7866461537393,607.2748519276431,159.03074904069115,"MATR_b4c41,MATR_b3c21,MATR_b4c0,MATR_b3c11,MATR_b1c24,MATR_b3c4,MATR_b1c20,MATR_b4c4,MATR_b2c10,MATR_b3c0,MATR_b1c23,MATR_b4c28,MATR_b1c29,MATR_b1c38,MATR_b3c38,MATR_b2c32",False,False,0.95
420,MATR_b4c3,777.0,684.8746356819973,51.599061333353006,583.7423338325522,786.0069375314425,357.0,264.87463568199735,163.74233383255216,366.00693753144253,92.12536431800265,"MATR_b4c41,MATR_b3c21,MATR_b4c0,MATR_b3c11,MATR_b1c24,MATR_b3c4,MATR_b1c20,MATR_b4c4,MATR_b2c10,MATR_b3c0,MATR_b1c23,MATR_b4c28,MATR_b1c29,MATR_b1c38,MATR_b3c38,MATR_b2c32",False,False,0.95
420,MATR_b4c32,754.0,876.7880984565008,50.829697678602045,777.1637216613817,976.41247525162,334.0,456.78809845650085,357.1637216613817,556.41247525162,122.78809845650085,"MATR_b4c41,MATR_b3c21,MATR_b4c0,MATR_b3c11,MATR_b1c24,MATR_b3c4,MATR_b1c20,MATR_b4c4,MATR_b2c10,MATR_b3c0,MATR_b1c23,MATR_b4c28,MATR_b1c29,MATR_b1c38,MATR_b3c38,MATR_b2c32",False,False,0.95
420,MATR_b4c34,891.0,828.5176204475009,58.881958456871025,713.11110253285,943.9241383621518,471.0,408.5176204475009,293.11110253285005,523.9241383621518,62.48237955249908,"MATR_b4c41,MATR_b3c21,MATR_b4c0,MATR_b3c11,MATR_b1c24,MATR_b3c4,MATR_b1c20,MATR_b4c4,MATR_b2c10,MATR_b3c0,MATR_b1c23,MATR_b4c28,MATR_b1c29,MATR_b1c38,MATR_b3c38,MATR_b2c32",False,False,0.95
420,MATR_b4c42,774.0,754.4090981876592,58.487897588445776,639.7749253828384,869.04327099248,354.0,334.4090981876592,219.77492538283843,449.04327099247996,19.590901812340803,"MATR_b4c41,MATR_b3c21,MATR_b4c0,MATR_b3c11,MATR_b1c24,MATR_b3c4,MATR_b1c20,MATR_b4c4,MATR_b2c10,MATR_b3c0,MATR_b1c23,MATR_b4c28,MATR_b1c29,MATR_b1c38,MATR_b3c38,MATR_b2c32",False,False,0.95
420,MATR_b4c6,706.0,567.1309965043599,23.29711453462867,521.4694910727832,612.7925019359367,286.0,147.13099650435993,101.46949107278317,192.79250193593668,138.86900349564007,"MATR_b4c41,MATR_b3c21,MATR_b4c0,MATR_b3c11,MATR_b1c24,MATR_b3c4,MATR_b1c20,MATR_b4c4,MATR_b2c10,MATR_b3c0,MATR_b1c23,MATR_b4c28,MATR_b1c29,MATR_b1c38,MATR_b3c38,MATR_b2c32",False,False,0.95
420,MATR_b4c7,529.0,543.088771616516,23.318721379886295,497.3849175464148,588.7926256866174,109.0,123.08877161651606,77.38491754641478,168.79262568661738,14.088771616516055,"MATR_b4c41,MATR_b3c21,MATR_b4c0,MATR_b3c11,MATR_b1c24,MATR_b3c4,MATR_b1c20,MATR_b4c4,MATR_b2c10,MATR_b3c0,MATR_b1c23,MATR_b4c28,MATR_b1c29,MATR_b1c38,MATR_b3c38,MATR_b2c32",False,False,0.95
440,MATR_b1c14,877.0,786.3302586105949,30.687989426700884,726.1829045763152,846.4776126448746,437.0,346.3302586105949,286.1829045763152,406.4776126448746,90.66974138940509,"MATR_b3c12,MATR_b1c7,MATR_b4c19,MATR_b1c38,MATR_b2c10,MATR_b2c44,MATR_b4c31,MATR_b3c35,MATR_b3c11,MATR_b1c9,MATR_b1c44,MATR_b2c47,MATR_b4c41,MATR_b2c18,MATR_b3c4,MATR_b4c25",False,False,0.95
440,MATR_b1c18,687.0,666.0801101151994,22.57560116179229,621.832744908746,710.3274753216529,247.0,226.08011011519943,181.832744908746,270.32747532165286,20.91988988480057,"MATR_b3c12,MATR_b1c7,MATR_b4c19,MATR_b1c38,MATR_b2c10,MATR_b2c44,MATR_b4c31,MATR_b3c35,MATR_b3c11,MATR_b1c9,MATR_b1c44,MATR_b2c47,MATR_b4c41,MATR_b2c18,MATR_b3c4,MATR_b4c25",False,False,0.95
440,MATR_b1c19,786.0,674.5627152655685,32.40430218588635,611.0514500370787,738.0739804940583,346.0,234.5627152655685,171.05145003707867,298.07398049405833,111.4372847344315,"MATR_b3c12,MATR_b1c7,MATR_b4c19,MATR_b1c38,MATR_b2c10,MATR_b2c44,MATR_b4c31,MATR_b3c35,MATR_b3c11,MATR_b1c9,MATR_b1c44,MATR_b2c47,MATR_b4c41,MATR_b2c18,MATR_b3c4,MATR_b4c25",False,False,0.95
440,MATR_b1c2,2237.0,1930.9464311324086,188.90388917093287,1560.7016118178344,2301.191250446983,1797.0,1490.9464311324086,1120.7016118178344,1861.1912504469828,306.05356886759137,"MATR_b3c12,MATR_b1c7,MATR_b4c19,MATR_b1c38,MATR_b2c10,MATR_b2c44,MATR_b4c31,MATR_b3c35,MATR_b3c11,MATR_b1c9,MATR_b1c44,MATR_b2c47,MATR_b4c41,MATR_b2c18,MATR_b3c4,MATR_b4c25",False,False,0.95
440,MATR_b1c30,707.0,625.943563701415,28.94320785517924,569.2159187082069,682.671208694623,267.0,185.94356370141497,129.2159187082069,242.67120869462303,81.05643629858503,"MATR_b3c12,MATR_b1c7,MATR_b4c19,MATR_b1c38,MATR_b2c10,MATR_b2c44,MATR_b4c31,MATR_b3c35,MATR_b3c11,MATR_b1c9,MATR_b1c44,MATR_b2c47,MATR_b4c41,MATR_b2c18,MATR_b3c4,MATR_b4c25",False,False,0.95
440,MATR_b1c34,742.0,716.6694295819555,27.03143842111455,663.6887838262587,769.6500753376522,302.0,276.66942958195546,223.6887838262587,329.6500753376522,25.330570418044545,"MATR_b3c12,MATR_b1c7,MATR_b4c19,MATR_b1c38,MATR_b2c10,MATR_b2c44,MATR_b4c31,MATR_b3c35,MATR_b3c11,MATR_b1c9,MATR_b1c44,MATR_b2c47,MATR_b4c41,MATR_b2c18,MATR_b3c4,MATR_b4c25",False,False,0.95
440,MATR_b1c35,701.0,565.6240831279297,26.842761379118567,513.0132375792546,618.2349286766048,261.0,125.62408312792968,73.01323757925456,178.2349286766048,135.37591687207032,"MATR_b3c12,MATR_b1c7,MATR_b4c19,MATR_b1c38,MATR_b2c10,MATR_b2c44,MATR_b4c31,MATR_b3c35,MATR_b3c11,MATR_b1c9,MATR_b1c44,MATR_b2c47,MATR_b4c41,MATR_b2c18,MATR_b3c4,MATR_b4c25",False,False,0.95
440,MATR_b1c42,700.0,595.6371462219121,25.497615877248144,545.6627374108691,645.611555032955,260.0,155.63714622191208,105.66273741086911,205.61155503295504,104.36285377808792,"MATR_b3c12,MATR_b1c7,MATR_b4c19,MATR_b1c38,MATR_b2c10,MATR_b2c44,MATR_b4c31,MATR_b3c35,MATR_b3c11,MATR_b1c9,MATR_b1c44,MATR_b2c47,MATR_b4c41,MATR_b2c18,MATR_b3c4,MATR_b4c25",False,False,0.95
440,MATR_b1c5,1071.0,990.7886839705429,28.724074218131484,934.4905330137498,1047.0868349273362,631.0,550.7886839705429,494.49053301374977,607.0868349273362,80.21131602945707,"MATR_b3c12,MATR_b1c7,MATR_b4c19,MATR_b1c38,MATR_b2c10,MATR_b2c44,MATR_b4c31,MATR_b3c35,MATR_b3c11,MATR_b1c9,MATR_b1c44,MATR_b2c47,MATR_b4c41,MATR_b2c18,MATR_b3c4,MATR_b4c25",False,False,0.95
440,MATR_b1c6,633.0,689.4555926893395,26.087954410100235,638.3241416152201,740.5870437634588,193.0,249.45559268933948,198.32414161522013,300.58704376345884,56.45559268933948,"MATR_b3c12,MATR_b1c7,MATR_b4c19,MATR_b1c38,MATR_b2c10,MATR_b2c44,MATR_b4c31,MATR_b3c35,MATR_b3c11,MATR_b1c9,MATR_b1c44,MATR_b2c47,MATR_b4c41,MATR_b2c18,MATR_b3c4,MATR_b4c25",False,False,0.95
440,MATR_b2c19,460.0,449.5706755888059,18.580351976916862,413.15385489397124,485.98749628364055,20.0,9.570675588805898,-26.846145106028757,45.98749628364055,10.429324411194102,"MATR_b3c12,MATR_b1c7,MATR_b4c19,MATR_b1c38,MATR_b2c10,MATR_b2c44,MATR_b4c31,MATR_b3c35,MATR_b3c11,MATR_b1c9,MATR_b1c44,MATR_b2c47,MATR_b4c41,MATR_b2c18,MATR_b3c4,MATR_b4c25",False,False,0.95
440,MATR_b2c22,512.0,452.93156685140264,16.771136840340343,420.0607426645427,485.80239103826256,72.0,12.931566851402636,-19.939257335457285,45.802391038262556,59.068433148597364,"MATR_b3c12,MATR_b1c7,MATR_b4c19,MATR_b1c38,MATR_b2c10,MATR_b2c44,MATR_b4c31,MATR_b3c35,MATR_b3c11,MATR_b1c9,MATR_b1c44,MATR_b2c47,MATR_b4c41,MATR_b2c18,MATR_b3c4,MATR_b4c25",False,False,0.95
440,MATR_b2c24,494.0,450.40145114364344,17.423969379846117,416.25109869141636,484.5518035958705,54.0,10.401451143643442,-23.74890130858364,44.551803595870524,43.59854885635656,"MATR_b3c12,MATR_b1c7,MATR_b4c19,MATR_b1c38,MATR_b2c10,MATR_b2c44,MATR_b4c31,MATR_b3c35,MATR_b3c11,MATR_b1c9,MATR_b1c44,MATR_b2c47,MATR_b4c41,MATR_b2c18,MATR_b3c4,MATR_b4c25",False,False,0.95
440,MATR_b2c33,519.0,453.94951861347573,19.867845899021223,415.00925620100236,492.8897810259491,79.0,13.949518613475732,-24.99074379899764,52.889781025949105,65.05048138652427,"MATR_b3c12,MATR_b1c7,MATR_b4c19,MATR_b1c38,MATR_b2c10,MATR_b2c44,MATR_b4c31,MATR_b3c35,MATR_b3c11,MATR_b1c9,MATR_b1c44,MATR_b2c47,MATR_b4c41,MATR_b2c18,MATR_b3c4,MATR_b4c25",False,False,0.95
440,MATR_b3c1,1061.0,860.8960273527562,34.805487248585095,792.6785258811612,929.1135288243511,621.0,420.89602735275616,352.67852588116125,489.1135288243511,200.10397264724384,"MATR_b3c12,MATR_b1c7,MATR_b4c19,MATR_b1c38,MATR_b2c10,MATR_b2c44,MATR_b4c31,MATR_b3c35,MATR_b3c11,MATR_b1c9,MATR_b1c44,MATR_b2c47,MATR_b4c41,MATR_b2c18,MATR_b3c4,MATR_b4c25",False,False,0.95
440,MATR_b3c14,856.0,619.567885904481,36.21927829770242,548.5794048949512,690.5563669140109,416.0,179.56788590448105,108.57940489495115,250.55636691401094,236.43211409551895,"MATR_b3c12,MATR_b1c7,MATR_b4c19,MATR_b1c38,MATR_b2c10,MATR_b2c44,MATR_b4c31,MATR_b3c35,MATR_b3c11,MATR_b1c9,MATR_b1c44,MATR_b2c47,MATR_b4c41,MATR_b2c18,MATR_b3c4,MATR_b4c25",False,False,0.95
440,MATR_b3c17,1313.0,917.0110816609381,48.03423532616464,822.8657103967338,1011.1564529251424,873.0,477.0110816609381,382.8657103967338,571.1564529251424,395.9889183390619,"MATR_b3c12,MATR_b1c7,MATR_b4c19,MATR_b1c38,MATR_b2c10,MATR_b2c44,MATR_b4c31,MATR_b3c35,MATR_b3c11,MATR_b1c9,MATR_b1c44,MATR_b2c47,MATR_b4c41,MATR_b2c18,MATR_b3c4,MATR_b4c25",False,False,0.95
440,MATR_b3c24,823.0,764.8285474307397,50.01113110872768,666.8085316315228,862.8485632299567,383.0,324.8285474307397,226.80853163152278,422.84856322995665,58.17145256926028,"MATR_b3c12,MATR_b1c7,MATR_b4c19,MATR_b1c38,MATR_b2c10,MATR_b2c44,MATR_b4c31,MATR_b3c35,MATR_b3c11,MATR_b1c9,MATR_b1c44,MATR_b2c47,MATR_b4c41,MATR_b2c18,MATR_b3c4,MATR_b4c25",False,False,0.95
440,MATR_b3c31,729.0,618.755195643747,28.592595917827296,562.7147374202985,674.7956538671955,289.0,178.75519564374702,122.71473742029855,234.79565386719548,110.24480435625298,"MATR_b3c12,MATR_b1c7,MATR_b4c19,MATR_b1c38,MATR_b2c10,MATR_b2c44,MATR_b4c31,MATR_b3c35,MATR_b3c11,MATR_b1c9,MATR_b1c44,MATR_b2c47,MATR_b4c41,MATR_b2c18,MATR_b3c4,MATR_b4c25",False,False,0.95
440,MATR_b3c33,1282.0,1109.1204433625699,62.61145755951114,986.4042415263699,1231.8366451987697,842.0,669.1204433625699,546.4042415263699,791.8366451987697,172.87955663743014,"MATR_b3c12,MATR_b1c7,MATR_b4c19,MATR_b1c38,MATR_b2c10,MATR_b2c44,MATR_b4c31,MATR_b3c35,MATR_b3c11,MATR_b1c9,MATR_b1c44,MATR_b2c47,MATR_b4c41,MATR_b2c18,MATR_b3c4,MATR_b4c25",False,False,0.95
440,MATR_b3c36,921.0,1040.9496868388092,48.5171465533684,945.8578269615555,1136.0415467160628,481.0,600.9496868388092,505.8578269615555,696.0415467160628,119.94968683880916,"MATR_b3c12,MATR_b1c7,MATR_b4c19,MATR_b1c38,MATR_b2c10,MATR_b2c44,MATR_b4c31,MATR_b3c35,MATR_b3c11,MATR_b1c9,MATR_b1c44,MATR_b2c47,MATR_b4c41,MATR_b2c18,MATR_b3c4,MATR_b4c25",False,False,0.95
440,MATR_b3c6,665.0,527.0626792620346,30.826127387203694,466.64457980027163,587.4807787237977,225.0,87.06267926203464,26.64457980027163,147.4807787237977,137.93732073796536,"MATR_b3c12,MATR_b1c7,MATR_b4c19,MATR_b1c38,MATR_b2c10,MATR_b2c44,MATR_b4c31,MATR_b3c35,MATR_b3c11,MATR_b1c9,MATR_b1c44,MATR_b2c47,MATR_b4c41,MATR_b2c18,MATR_b3c4,MATR_b4c25",False,False,0.95
440,MATR_b4c1,760.0,553.1265238673395,31.70227614087949,490.99120440327226,615.2618433314068,320.0,113.12652386733953,50.99120440327226,175.2618433314068,206.87347613266047,"MATR_b3c12,MATR_b1c7,MATR_b4c19,MATR_b1c38,MATR_b2c10,MATR_b2c44,MATR_b4c31,MATR_b3c35,MATR_b3c11,MATR_b1c9,MATR_b1c44,MATR_b2c47,MATR_b4c41,MATR_b2c18,MATR_b3c4,MATR_b4c25",False,False,0.95
440,MATR_b4c11,863.0,748.2541948306655,45.06166976718771,659.9349450037402,836.5734446575908,423.0,308.2541948306655,219.93494500374015,396.5734446575908,114.74580516933452,"MATR_b3c12,MATR_b1c7,MATR_b4c19,MATR_b1c38,MATR_b2c10,MATR_b2c44,MATR_b4c31,MATR_b3c35,MATR_b3c11,MATR_b1c9,MATR_b1c44,MATR_b2c47,MATR_b4c41,MATR_b2c18,MATR_b3c4,MATR_b4c25",False,False,0.95
440,MATR_b4c15,675.0,595.837119515506,26.39824376339546,544.0975124841418,647.5767265468701,235.0,155.83711951550595,104.09751248414182,207.57672654687008,79.16288048449405,"MATR_b3c12,MATR_b1c7,MATR_b4c19,MATR_b1c38,MATR_b2c10,MATR_b2c44,MATR_b4c31,MATR_b3c35,MATR_b3c11,MATR_b1c9,MATR_b1c44,MATR_b2c47,MATR_b4c41,MATR_b2c18,MATR_b3c4,MATR_b4c25",False,False,0.95
440,MATR_b4c21,773.0,913.2907240063842,54.3092725075502,806.8465058650145,1019.7349421477538,333.0,473.29072400638415,366.8465058650145,579.7349421477538,140.29072400638415,"MATR_b3c12,MATR_b1c7,MATR_b4c19,MATR_b1c38,MATR_b2c10,MATR_b2c44,MATR_b4c31,MATR_b3c35,MATR_b3c11,MATR_b1c9,MATR_b1c44,MATR_b2c47,MATR_b4c41,MATR_b2c18,MATR_b3c4,MATR_b4c25",False,False,0.95
440,MATR_b4c3,777.0,652.4111563813259,54.74211513437689,545.1185822804022,759.7037304822496,337.0,212.4111563813259,105.11858228040217,319.7037304822496,124.5888436186741,"MATR_b3c12,MATR_b1c7,MATR_b4c19,MATR_b1c38,MATR_b2c10,MATR_b2c44,MATR_b4c31,MATR_b3c35,MATR_b3c11,MATR_b1c9,MATR_b1c44,MATR_b2c47,MATR_b4c41,MATR_b2c18,MATR_b3c4,MATR_b4c25",False,False,0.95
440,MATR_b4c32,754.0,856.7230950933656,56.673736519136085,745.6446126465465,967.8015775401847,314.0,416.7230950933656,305.64461264654653,527.8015775401847,102.7230950933656,"MATR_b3c12,MATR_b1c7,MATR_b4c19,MATR_b1c38,MATR_b2c10,MATR_b2c44,MATR_b4c31,MATR_b3c35,MATR_b3c11,MATR_b1c9,MATR_b1c44,MATR_b2c47,MATR_b4c41,MATR_b2c18,MATR_b3c4,MATR_b4c25",False,False,0.95
440,MATR_b4c34,891.0,783.0822639966214,68.23068170352032,649.3525852171056,916.8119427761371,451.0,343.08226399662135,209.35258521710557,476.81194277613713,107.91773600337865,"MATR_b3c12,MATR_b1c7,MATR_b4c19,MATR_b1c38,MATR_b2c10,MATR_b2c44,MATR_b4c31,MATR_b3c35,MATR_b3c11,MATR_b1c9,MATR_b1c44,MATR_b2c47,MATR_b4c41,MATR_b2c18,MATR_b3c4,MATR_b4c25",False,False,0.95
440,MATR_b4c42,774.0,717.7183719351472,65.68061289162668,588.9867361850418,846.4500076852526,334.0,277.71837193514716,148.98673618504176,406.45000768525256,56.28162806485284,"MATR_b3c12,MATR_b1c7,MATR_b4c19,MATR_b1c38,MATR_b2c10,MATR_b2c44,MATR_b4c31,MATR_b3c35,MATR_b3c11,MATR_b1c9,MATR_b1c44,MATR_b2c47,MATR_b4c41,MATR_b2c18,MATR_b3c4,MATR_b4c25",False,False,0.95
440,MATR_b4c6,706.0,542.4848055981356,22.001400131222976,499.36285373148377,585.6067574647875,266.0,102.48480559813561,59.36285373148377,145.6067574647875,163.5151944018644,"MATR_b3c12,MATR_b1c7,MATR_b4c19,MATR_b1c38,MATR_b2c10,MATR_b2c44,MATR_b4c31,MATR_b3c35,MATR_b3c11,MATR_b1c9,MATR_b1c44,MATR_b2c47,MATR_b4c41,MATR_b2c18,MATR_b3c4,MATR_b4c25",False,False,0.95
440,MATR_b4c7,529.0,532.9875044150169,24.52156045856512,484.92612907150783,581.048879758526,89.0,92.98750441501693,44.92612907150783,141.04887975852603,3.9875044150169288,"MATR_b3c12,MATR_b1c7,MATR_b4c19,MATR_b1c38,MATR_b2c10,MATR_b2c44,MATR_b4c31,MATR_b3c35,MATR_b3c11,MATR_b1c9,MATR_b1c44,MATR_b2c47,MATR_b4c41,MATR_b2c18,MATR_b3c4,MATR_b4c25",False,False,0.95
460,MATR_b1c14,877.0,776.8247675274474,29.3106065587542,719.3770343072657,834.2725007476291,417.0,316.8247675274474,259.3770343072657,374.2725007476291,100.17523247255258,"MATR_b1c36,MATR_b2c26,MATR_b4c27,MATR_b2c34,MATR_b2c14,MATR_b1c0,MATR_b1c45,MATR_b4c33,MATR_b1c38,MATR_b1c32,MATR_b4c44,MATR_b4c23,MATR_b4c26,MATR_b4c19,MATR_b3c35,MATR_b2c6",False,False,0.95
460,MATR_b1c18,687.0,659.9695860656861,24.367221480828857,612.2107095599508,707.7284625714215,227.0,199.96958606568614,152.21070955995083,247.72846257142146,27.030413934313856,"MATR_b1c36,MATR_b2c26,MATR_b4c27,MATR_b2c34,MATR_b2c14,MATR_b1c0,MATR_b1c45,MATR_b4c33,MATR_b1c38,MATR_b1c32,MATR_b4c44,MATR_b4c23,MATR_b4c26,MATR_b4c19,MATR_b3c35,MATR_b2c6",False,False,0.95
460,MATR_b1c19,786.0,669.8017474783892,31.61699908617789,607.8335679702448,731.7699269865336,326.0,209.8017474783892,147.83356797024476,271.7699269865336,116.19825252161081,"MATR_b1c36,MATR_b2c26,MATR_b4c27,MATR_b2c34,MATR_b2c14,MATR_b1c0,MATR_b1c45,MATR_b4c33,MATR_b1c38,MATR_b1c32,MATR_b4c44,MATR_b4c23,MATR_b4c26,MATR_b4c19,MATR_b3c35,MATR_b2c6",False,False,0.95
460,MATR_b1c2,2237.0,1908.1772528677961,181.02807292564086,1553.3687497428496,2262.9857559927427,1777.0,1448.1772528677961,1093.3687497428496,1802.9857559927427,328.82274713220386,"MATR_b1c36,MATR_b2c26,MATR_b4c27,MATR_b2c34,MATR_b2c14,MATR_b1c0,MATR_b1c45,MATR_b4c33,MATR_b1c38,MATR_b1c32,MATR_b4c44,MATR_b4c23,MATR_b4c26,MATR_b4c19,MATR_b3c35,MATR_b2c6",False,False,0.95
460,MATR_b1c30,707.0,620.9608581642102,27.710921363442715,566.6484503134409,675.2732660149795,247.0,160.9608581642102,106.64845031344089,215.27326601497953,86.03914183578979,"MATR_b1c36,MATR_b2c26,MATR_b4c27,MATR_b2c34,MATR_b2c14,MATR_b1c0,MATR_b1c45,MATR_b4c33,MATR_b1c38,MATR_b1c32,MATR_b4c44,MATR_b4c23,MATR_b4c26,MATR_b4c19,MATR_b3c35,MATR_b2c6",False,False,0.95
460,MATR_b1c34,742.0,707.2757001117385,26.435764632405707,655.4625535284456,759.0888466950314,282.0,247.2757001117385,195.4625535284456,299.0888466950314,34.7242998882615,"MATR_b1c36,MATR_b2c26,MATR_b4c27,MATR_b2c34,MATR_b2c14,MATR_b1c0,MATR_b1c45,MATR_b4c33,MATR_b1c38,MATR_b1c32,MATR_b4c44,MATR_b4c23,MATR_b4c26,MATR_b4c19,MATR_b3c35,MATR_b2c6",False,False,0.95
460,MATR_b1c35,701.0,562.829688767626,26.212457827858003,511.45421547874923,614.2051620565027,241.0,102.82968876762595,51.454215478749234,154.20516205650267,138.17031123237405,"MATR_b1c36,MATR_b2c26,MATR_b4c27,MATR_b2c34,MATR_b2c14,MATR_b1c0,MATR_b1c45,MATR_b4c33,MATR_b1c38,MATR_b1c32,MATR_b4c44,MATR_b4c23,MATR_b4c26,MATR_b4c19,MATR_b3c35,MATR_b2c6",False,False,0.95
460,MATR_b1c42,700.0,591.6261253338216,24.694688099673474,543.2254260490117,640.0268246186315,240.0,131.62612533382162,83.22542604901173,180.0268246186315,108.37387466617838,"MATR_b1c36,MATR_b2c26,MATR_b4c27,MATR_b2c34,MATR_b2c14,MATR_b1c0,MATR_b1c45,MATR_b4c33,MATR_b1c38,MATR_b1c32,MATR_b4c44,MATR_b4c23,MATR_b4c26,MATR_b4c19,MATR_b3c35,MATR_b2c6",False,False,0.95
460,MATR_b1c5,1071.0,963.3997951690536,28.423326221871093,907.6910994533533,1019.1084908847539,611.0,503.3997951690536,447.69109945335333,559.1084908847539,107.60020483094638,"MATR_b1c36,MATR_b2c26,MATR_b4c27,MATR_b2c34,MATR_b2c14,MATR_b1c0,MATR_b1c45,MATR_b4c33,MATR_b1c38,MATR_b1c32,MATR_b4c44,MATR_b4c23,MATR_b4c26,MATR_b4c19,MATR_b3c35,MATR_b2c6",False,False,0.95
460,MATR_b1c6,633.0,682.6919608688675,26.149646246450942,631.4395960173606,733.9443257203743,173.0,222.69196086886745,171.4395960173606,273.9443257203743,49.691960868867454,"MATR_b1c36,MATR_b2c26,MATR_b4c27,MATR_b2c34,MATR_b2c14,MATR_b1c0,MATR_b1c45,MATR_b4c33,MATR_b1c38,MATR_b1c32,MATR_b4c44,MATR_b4c23,MATR_b4c26,MATR_b4c19,MATR_b3c35,MATR_b2c6",False,False,0.95
460,MATR_b2c22,512.0,444.57881448908154,16.956645192019288,411.34440061409947,477.8132283640636,52.0,-15.421185510918463,-48.65559938590053,17.813228364063605,67.42118551091846,"MATR_b1c36,MATR_b2c26,MATR_b4c27,MATR_b2c34,MATR_b2c14,MATR_b1c0,MATR_b1c45,MATR_b4c33,MATR_b1c38,MATR_b1c32,MATR_b4c44,MATR_b4c23,MATR_b4c26,MATR_b4c19,MATR_b3c35,MATR_b2c6",False,False,0.95
460,MATR_b2c24,494.0,442.06320841894336,17.34604241638104,408.0655900085324,476.0608268293543,34.0,-17.93679158105664,-51.93440999146759,16.060826829354312,51.93679158105664,"MATR_b1c36,MATR_b2c26,MATR_b4c27,MATR_b2c34,MATR_b2c14,MATR_b1c0,MATR_b1c45,MATR_b4c33,MATR_b1c38,MATR_b1c32,MATR_b4c44,MATR_b4c23,MATR_b4c26,MATR_b4c19,MATR_b3c35,MATR_b2c6",False,False,0.95
460,MATR_b2c33,519.0,444.5519029692397,19.669469888816504,406.0004503921643,483.1033555463151,59.0,-15.448097030760323,-53.99954960783572,23.103355546315072,74.44809703076032,"MATR_b1c36,MATR_b2c26,MATR_b4c27,MATR_b2c34,MATR_b2c14,MATR_b1c0,MATR_b1c45,MATR_b4c33,MATR_b1c38,MATR_b1c32,MATR_b4c44,MATR_b4c23,MATR_b4c26,MATR_b4c19,MATR_b3c35,MATR_b2c6",False,False,0.95
460,MATR_b3c1,1061.0,851.155092228468,36.21503220562947,780.174933406476,922.1352510504599,601.0,391.155092228468,320.17493340647604,462.13525105045994,209.844907771532,"MATR_b1c36,MATR_b2c26,MATR_b4c27,MATR_b2c34,MATR_b2c14,MATR_b1c0,MATR_b1c45,MATR_b4c33,MATR_b1c38,MATR_b1c32,MATR_b4c44,MATR_b4c23,MATR_b4c26,MATR_b4c19,MATR_b3c35,MATR_b2c6",False,False,0.95
460,MATR_b3c14,856.0,612.4993305678431,33.69251241549,546.4632196848141,678.5354414508721,396.0,152.49933056784312,86.46321968481413,218.5354414508721,243.50066943215688,"MATR_b1c36,MATR_b2c26,MATR_b4c27,MATR_b2c34,MATR_b2c14,MATR_b1c0,MATR_b1c45,MATR_b4c33,MATR_b1c38,MATR_b1c32,MATR_b4c44,MATR_b4c23,MATR_b4c26,MATR_b4c19,MATR_b3c35,MATR_b2c6",False,False,0.95
460,MATR_b3c17,1313.0,885.0622992916752,42.12149212824419,802.5056917452292,967.6189068381212,853.0,425.06229929167523,342.5056917452292,507.61890683812123,427.93770070832477,"MATR_b1c36,MATR_b2c26,MATR_b4c27,MATR_b2c34,MATR_b2c14,MATR_b1c0,MATR_b1c45,MATR_b4c33,MATR_b1c38,MATR_b1c32,MATR_b4c44,MATR_b4c23,MATR_b4c26,MATR_b4c19,MATR_b3c35,MATR_b2c6",False,False,0.95
460,MATR_b3c24,823.0,754.7494677511132,54.254748451003515,648.412114796866,861.0868207053604,363.0,294.74946775111323,188.41211479686604,401.0868207053604,68.25053224888677,"MATR_b1c36,MATR_b2c26,MATR_b4c27,MATR_b2c34,MATR_b2c14,MATR_b1c0,MATR_b1c45,MATR_b4c33,MATR_b1c38,MATR_b1c32,MATR_b4c44,MATR_b4c23,MATR_b4c26,MATR_b4c19,MATR_b3c35,MATR_b2c6",False,False,0.95
460,MATR_b3c31,729.0,609.2959940214114,28.682620126990507,553.0790915902663,665.5128964525564,269.0,149.2959940214114,93.07909159026633,205.51289645255645,119.70400597858861,"MATR_b1c36,MATR_b2c26,MATR_b4c27,MATR_b2c34,MATR_b2c14,MATR_b1c0,MATR_b1c45,MATR_b4c33,MATR_b1c38,MATR_b1c32,MATR_b4c44,MATR_b4c23,MATR_b4c26,MATR_b4c19,MATR_b3c35,MATR_b2c6",False,False,0.95
460,MATR_b3c33,1282.0,1092.6346344999092,55.45287095649328,983.9490045858353,1201.3202644139833,822.0,632.6346344999092,523.9490045858353,741.3202644139833,189.36536550009077,"MATR_b1c36,MATR_b2c26,MATR_b4c27,MATR_b2c34,MATR_b2c14,MATR_b1c0,MATR_b1c45,MATR_b4c33,MATR_b1c38,MATR_b1c32,MATR_b4c44,MATR_b4c23,MATR_b4c26,MATR_b4c19,MATR_b3c35,MATR_b2c6",False,False,0.95
460,MATR_b3c36,921.0,1035.4567633504214,48.64685349227041,940.1106825443749,1130.802844156468,461.0,575.4567633504214,480.11068254437487,670.8028441564679,114.4567633504214,"MATR_b1c36,MATR_b2c26,MATR_b4c27,MATR_b2c34,MATR_b2c14,MATR_b1c0,MATR_b1c45,MATR_b4c33,MATR_b1c38,MATR_b1c32,MATR_b4c44,MATR_b4c23,MATR_b4c26,MATR_b4c19,MATR_b3c35,MATR_b2c6",False,False,0.95
460,MATR_b3c6,665.0,516.0954821567018,31.269929871630303,454.8075458092132,577.3834185041903,205.0,56.09548215670179,-5.192454190786805,117.38341850419033,148.9045178432982,"MATR_b1c36,MATR_b2c26,MATR_b4c27,MATR_b2c34,MATR_b2c14,MATR_b1c0,MATR_b1c45,MATR_b4c33,MATR_b1c38,MATR_b1c32,MATR_b4c44,MATR_b4c23,MATR_b4c26,MATR_b4c19,MATR_b3c35,MATR_b2c6",False,False,0.95
460,MATR_b4c1,760.0,555.0964471197617,33.66247219622599,489.11921398457787,621.0736802549455,300.0,95.0964471197617,29.11921398457787,161.07368025494554,204.9035528802383,"MATR_b1c36,MATR_b2c26,MATR_b4c27,MATR_b2c34,MATR_b2c14,MATR_b1c0,MATR_b1c45,MATR_b4c33,MATR_b1c38,MATR_b1c32,MATR_b4c44,MATR_b4c23,MATR_b4c26,MATR_b4c19,MATR_b3c35,MATR_b2c6",False,False,0.95
460,MATR_b4c11,863.0,736.9432677505066,50.72638002550298,637.5213898344288,836.3651456665845,403.0,276.9432677505066,177.52138983442876,376.36514566658445,126.0567322494934,"MATR_b1c36,MATR_b2c26,MATR_b4c27,MATR_b2c34,MATR_b2c14,MATR_b1c0,MATR_b1c45,MATR_b4c33,MATR_b1c38,MATR_b1c32,MATR_b4c44,MATR_b4c23,MATR_b4c26,MATR_b4c19,MATR_b3c35,MATR_b2c6",False,False,0.95
460,MATR_b4c15,675.0,592.1563010939503,26.93380653230375,539.3670103240654,644.9455918638353,215.0,132.15630109395033,79.3670103240654,184.94559186383526,82.84369890604967,"MATR_b1c36,MATR_b2c26,MATR_b4c27,MATR_b2c34,MATR_b2c14,MATR_b1c0,MATR_b1c45,MATR_b4c33,MATR_b1c38,MATR_b1c32,MATR_b4c44,MATR_b4c23,MATR_b4c26,MATR_b4c19,MATR_b3c35,MATR_b2c6",False,False,0.95
460,MATR_b4c21,773.0,902.1893268674903,55.87966319616672,792.6671995347752,1011.7114542002054,313.0,442.1893268674903,332.66719953477525,551.7114542002054,129.1893268674903,"MATR_b1c36,MATR_b2c26,MATR_b4c27,MATR_b2c34,MATR_b2c14,MATR_b1c0,MATR_b1c45,MATR_b4c33,MATR_b1c38,MATR_b1c32,MATR_b4c44,MATR_b4c23,MATR_b4c26,MATR_b4c19,MATR_b3c35,MATR_b2c6",False,False,0.95
460,MATR_b4c3,777.0,644.4873228333231,59.38261623177467,528.0995337112812,760.875111955365,317.0,184.4873228333231,68.0995337112812,300.875111955365,132.5126771666769,"MATR_b1c36,MATR_b2c26,MATR_b4c27,MATR_b2c34,MATR_b2c14,MATR_b1c0,MATR_b1c45,MATR_b4c33,MATR_b1c38,MATR_b1c32,MATR_b4c44,MATR_b4c23,MATR_b4c26,MATR_b4c19,MATR_b3c35,MATR_b2c6",False,False,0.95
460,MATR_b4c32,754.0,843.604171422721,58.263863890573674,729.4090965970529,957.7992462483892,294.0,383.60417142272104,269.4090965970529,497.7992462483892,89.60417142272104,"MATR_b1c36,MATR_b2c26,MATR_b4c27,MATR_b2c34,MATR_b2c14,MATR_b1c0,MATR_b1c45,MATR_b4c33,MATR_b1c38,MATR_b1c32,MATR_b4c44,MATR_b4c23,MATR_b4c26,MATR_b4c19,MATR_b3c35,MATR_b2c6",False,False,0.95
460,MATR_b4c34,891.0,751.4911931247526,74.05496504198865,606.3461287660822,896.636257483423,431.0,291.4911931247526,146.3461287660822,436.63625748342304,139.5088068752474,"MATR_b1c36,MATR_b2c26,MATR_b4c27,MATR_b2c34,MATR_b2c14,MATR_b1c0,MATR_b1c45,MATR_b4c33,MATR_b1c38,MATR_b1c32,MATR_b4c44,MATR_b4c23,MATR_b4c26,MATR_b4c19,MATR_b3c35,MATR_b2c6",False,False,0.95
460,MATR_b4c42,774.0,710.8866897260402,67.4175350761036,578.7507490504114,843.0226304016691,314.0,250.88668972604023,118.7507490504114,383.02263040166906,63.11331027395977,"MATR_b1c36,MATR_b2c26,MATR_b4c27,MATR_b2c34,MATR_b2c14,MATR_b1c0,MATR_b1c45,MATR_b4c33,MATR_b1c38,MATR_b1c32,MATR_b4c44,MATR_b4c23,MATR_b4c26,MATR_b4c19,MATR_b3c35,MATR_b2c6",False,False,0.95
460,MATR_b4c6,706.0,540.9305053636904,21.5374610550266,498.7178573774042,583.1431533499765,246.0,80.93050536369037,38.71785737740419,123.1431533499765,165.06949463630963,"MATR_b1c36,MATR_b2c26,MATR_b4c27,MATR_b2c34,MATR_b2c14,MATR_b1c0,MATR_b1c45,MATR_b4c33,MATR_b1c38,MATR_b1c32,MATR_b4c44,MATR_b4c23,MATR_b4c26,MATR_b4c19,MATR_b3c35,MATR_b2c6",False,False,0.95
460,MATR_b4c7,529.0,528.9245424117073,26.89036701085276,476.2203915393719,581.6286932840427,69.0,68.92454241170731,16.220391539371917,121.6286932840427,0.07545758829269289,"MATR_b1c36,MATR_b2c26,MATR_b4c27,MATR_b2c34,MATR_b2c14,MATR_b1c0,MATR_b1c45,MATR_b4c33,MATR_b1c38,MATR_b1c32,MATR_b4c44,MATR_b4c23,MATR_b4c26,MATR_b4c19,MATR_b3c35,MATR_b2c6",False,False,0.95
480,MATR_b1c14,877.0,784.3104643598643,30.893853143868586,723.7596248542125,844.8613038655162,397.0,304.31046435986434,243.75962485421246,364.8613038655162,92.68953564013566,"MATR_b1c9,MATR_b1c28,MATR_b1c7,MATR_b1c17,MATR_b1c24,MATR_b3c11,MATR_b3c28,MATR_b4c39,MATR_b1c36,MATR_b3c22,MATR_b3c25,MATR_b1c15,MATR_b3c35,MATR_b4c5,MATR_b2c20,MATR_b1c38",False,False,0.95
480,MATR_b1c18,687.0,667.6673628470176,28.250899597625754,612.296617104814,723.0381085892211,207.0,187.66736284701756,132.296617104814,243.0381085892211,19.332637152982443,"MATR_b1c9,MATR_b1c28,MATR_b1c7,MATR_b1c17,MATR_b1c24,MATR_b3c11,MATR_b3c28,MATR_b4c39,MATR_b1c36,MATR_b3c22,MATR_b3c25,MATR_b1c15,MATR_b3c35,MATR_b4c5,MATR_b2c20,MATR_b1c38",False,False,0.95
480,MATR_b1c19,786.0,678.5017901813825,34.92138086191794,610.0571414016171,746.9464389611479,306.0,198.5017901813825,130.05714140161706,266.9464389611479,107.49820981861751,"MATR_b1c9,MATR_b1c28,MATR_b1c7,MATR_b1c17,MATR_b1c24,MATR_b3c11,MATR_b3c28,MATR_b4c39,MATR_b1c36,MATR_b3c22,MATR_b3c25,MATR_b1c15,MATR_b3c35,MATR_b4c5,MATR_b2c20,MATR_b1c38",False,False,0.95
480,MATR_b1c2,2237.0,1865.0579220451928,173.5635700913021,1524.8795756380473,2205.236268452338,1757.0,1385.0579220451928,1044.8795756380473,1725.2362684523382,371.94207795480725,"MATR_b1c9,MATR_b1c28,MATR_b1c7,MATR_b1c17,MATR_b1c24,MATR_b3c11,MATR_b3c28,MATR_b4c39,MATR_b1c36,MATR_b3c22,MATR_b3c25,MATR_b1c15,MATR_b3c35,MATR_b4c5,MATR_b2c20,MATR_b1c38",False,False,0.95
480,MATR_b1c30,707.0,625.1806409331436,28.684534985133098,568.9599854490036,681.4012964172837,227.0,145.18064093314365,88.95998544900363,201.40129641728367,81.81935906685635,"MATR_b1c9,MATR_b1c28,MATR_b1c7,MATR_b1c17,MATR_b1c24,MATR_b3c11,MATR_b3c28,MATR_b4c39,MATR_b1c36,MATR_b3c22,MATR_b3c25,MATR_b1c15,MATR_b3c35,MATR_b4c5,MATR_b2c20,MATR_b1c38",False,False,0.95
480,MATR_b1c34,742.0,710.4037173362914,28.715349145833112,654.1226672069655,766.6847674656173,262.0,230.40371733629138,174.1226672069655,286.68476746561726,31.59628266370862,"MATR_b1c9,MATR_b1c28,MATR_b1c7,MATR_b1c17,MATR_b1c24,MATR_b3c11,MATR_b3c28,MATR_b4c39,MATR_b1c36,MATR_b3c22,MATR_b3c25,MATR_b1c15,MATR_b3c35,MATR_b4c5,MATR_b2c20,MATR_b1c38",False,False,0.95
480,MATR_b1c35,701.0,564.3524479480468,28.036089682035104,509.402721903923,619.3021739921707,221.0,84.3524479480468,29.40272190392301,139.30217399217065,136.6475520519532,"MATR_b1c9,MATR_b1c28,MATR_b1c7,MATR_b1c17,MATR_b1c24,MATR_b3c11,MATR_b3c28,MATR_b4c39,MATR_b1c36,MATR_b3c22,MATR_b3c25,MATR_b1c15,MATR_b3c35,MATR_b4c5,MATR_b2c20,MATR_b1c38",False,False,0.95
480,MATR_b1c42,700.0,592.4302151997531,26.45995912380197,540.5696482846993,644.2907821148069,220.0,112.43021519975309,60.56964828469927,164.29078211480692,107.56978480024691,"MATR_b1c9,MATR_b1c28,MATR_b1c7,MATR_b1c17,MATR_b1c24,MATR_b3c11,MATR_b3c28,MATR_b4c39,MATR_b1c36,MATR_b3c22,MATR_b3c25,MATR_b1c15,MATR_b3c35,MATR_b4c5,MATR_b2c20,MATR_b1c38",False,False,0.95
480,MATR_b1c5,1071.0,973.5174727518829,28.988261126858504,916.7015249687978,1030.3334205349681,591.0,493.5174727518829,436.7015249687978,550.3334205349681,97.4825272481171,"MATR_b1c9,MATR_b1c28,MATR_b1c7,MATR_b1c17,MATR_b1c24,MATR_b3c11,MATR_b3c28,MATR_b4c39,MATR_b1c36,MATR_b3c22,MATR_b3c25,MATR_b1c15,MATR_b3c35,MATR_b4c5,MATR_b2c20,MATR_b1c38",False,False,0.95
480,MATR_b1c6,633.0,687.1495483179417,28.74815579405988,630.8041983396379,743.4948982962455,153.0,207.1495483179417,150.80419833963788,263.49489829624554,54.14954831794171,"MATR_b1c9,MATR_b1c28,MATR_b1c7,MATR_b1c17,MATR_b1c24,MATR_b3c11,MATR_b3c28,MATR_b4c39,MATR_b1c36,MATR_b3c22,MATR_b3c25,MATR_b1c15,MATR_b3c35,MATR_b4c5,MATR_b2c20,MATR_b1c38",False,False,0.95
480,MATR_b2c22,512.0,434.12848793791363,19.010454051242174,396.8686826677254,471.38829320810186,32.0,-45.87151206208637,-83.13131733227459,-8.611706791898143,77.87151206208637,"MATR_b1c9,MATR_b1c28,MATR_b1c7,MATR_b1c17,MATR_b1c24,MATR_b3c11,MATR_b3c28,MATR_b4c39,MATR_b1c36,MATR_b3c22,MATR_b3c25,MATR_b1c15,MATR_b3c35,MATR_b4c5,MATR_b2c20,MATR_b1c38",False,False,0.95
480,MATR_b2c24,494.0,429.9880659236467,18.983867163370462,392.780369996148,467.19576185114533,14.0,-50.01193407635333,-87.21963000385199,-12.804238148854665,64.01193407635333,"MATR_b1c9,MATR_b1c28,MATR_b1c7,MATR_b1c17,MATR_b1c24,MATR_b3c11,MATR_b3c28,MATR_b4c39,MATR_b1c36,MATR_b3c22,MATR_b3c25,MATR_b1c15,MATR_b3c35,MATR_b4c5,MATR_b2c20,MATR_b1c38",False,False,0.95
480,MATR_b2c33,519.0,432.8699321330588,21.359536858939443,391.0060091630817,474.73385510303586,39.0,-47.130067866941204,-88.99399083691827,-5.266144896964136,86.1300678669412,"MATR_b1c9,MATR_b1c28,MATR_b1c7,MATR_b1c17,MATR_b1c24,MATR_b3c11,MATR_b3c28,MATR_b4c39,MATR_b1c36,MATR_b3c22,MATR_b3c25,MATR_b1c15,MATR_b3c35,MATR_b4c5,MATR_b2c20,MATR_b1c38",False,False,0.95
480,MATR_b3c1,1061.0,868.6943647678462,35.495598359326316,799.1242703738676,938.2644591618248,581.0,388.6943647678462,319.1242703738676,458.2644591618248,192.3056352321538,"MATR_b1c9,MATR_b1c28,MATR_b1c7,MATR_b1c17,MATR_b1c24,MATR_b3c11,MATR_b3c28,MATR_b4c39,MATR_b1c36,MATR_b3c22,MATR_b3c25,MATR_b1c15,MATR_b3c35,MATR_b4c5,MATR_b2c20,MATR_b1c38",False,False,0.95
480,MATR_b3c14,856.0,615.3222266741612,34.48025541504202,547.7421678829367,682.9022854653858,376.0,135.32222667416124,67.74216788293666,202.90228546538583,240.67777332583876,"MATR_b1c9,MATR_b1c28,MATR_b1c7,MATR_b1c17,MATR_b1c24,MATR_b3c11,MATR_b3c28,MATR_b4c39,MATR_b1c36,MATR_b3c22,MATR_b3c25,MATR_b1c15,MATR_b3c35,MATR_b4c5,MATR_b2c20,MATR_b1c38",False,False,0.95
480,MATR_b3c17,1313.0,899.1152032547886,39.824099904571796,821.061401725103,977.1690047844743,833.0,419.11520325478864,341.061401725103,497.1690047844743,413.88479674521136,"MATR_b1c9,MATR_b1c28,MATR_b1c7,MATR_b1c17,MATR_b1c24,MATR_b3c11,MATR_b3c28,MATR_b4c39,MATR_b1c36,MATR_b3c22,MATR_b3c25,MATR_b1c15,MATR_b3c35,MATR_b4c5,MATR_b2c20,MATR_b1c38",False,False,0.95
480,MATR_b3c24,823.0,739.5669056945273,51.99500412624272,637.6585702310801,841.4752411579746,343.0,259.56690569452735,157.65857023108015,361.47524115797455,83.43309430547265,"MATR_b1c9,MATR_b1c28,MATR_b1c7,MATR_b1c17,MATR_b1c24,MATR_b3c11,MATR_b3c28,MATR_b4c39,MATR_b1c36,MATR_b3c22,MATR_b3c25,MATR_b1c15,MATR_b3c35,MATR_b4c5,MATR_b2c20,MATR_b1c38",False,False,0.95
480,MATR_b3c31,729.0,613.5074869130788,32.19005214282388,550.4161440526776,676.5988297734799,249.0,133.50748691307876,70.41614405267762,196.5988297734799,115.49251308692124,"MATR_b1c9,MATR_b1c28,MATR_b1c7,MATR_b1c17,MATR_b1c24,MATR_b3c11,MATR_b3c28,MATR_b4c39,MATR_b1c36,MATR_b3c22,MATR_b3c25,MATR_b1c15,MATR_b3c35,MATR_b4c5,MATR_b2c20,MATR_b1c38",False,False,0.95
480,MATR_b3c33,1282.0,1073.2715513235298,49.90174895404188,975.4659206080485,1171.0771820390112,802.0,593.2715513235298,495.46592060804846,691.0771820390112,208.72844867647018,"MATR_b1c9,MATR_b1c28,MATR_b1c7,MATR_b1c17,MATR_b1c24,MATR_b3c11,MATR_b3c28,MATR_b4c39,MATR_b1c36,MATR_b3c22,MATR_b3c25,MATR_b1c15,MATR_b3c35,MATR_b4c5,MATR_b2c20,MATR_b1c38",False,False,0.95
480,MATR_b3c36,921.0,1030.084828785854,48.13469715888888,935.7425559476892,1124.4271016240186,441.0,550.0848287858539,455.7425559476892,644.4271016240186,109.08482878585392,"MATR_b1c9,MATR_b1c28,MATR_b1c7,MATR_b1c17,MATR_b1c24,MATR_b3c11,MATR_b3c28,MATR_b4c39,MATR_b1c36,MATR_b3c22,MATR_b3c25,MATR_b1c15,MATR_b3c35,MATR_b4c5,MATR_b2c20,MATR_b1c38",False,False,0.95
480,MATR_b3c6,665.0,508.19328133041796,36.73024666626574,436.20332072126473,580.1832419395712,185.0,28.19328133041796,-43.79667927873527,100.18324193957119,156.80671866958204,"MATR_b1c9,MATR_b1c28,MATR_b1c7,MATR_b1c17,MATR_b1c24,MATR_b3c11,MATR_b3c28,MATR_b4c39,MATR_b1c36,MATR_b3c22,MATR_b3c25,MATR_b1c15,MATR_b3c35,MATR_b4c5,MATR_b2c20,MATR_b1c38",False,False,0.95
480,MATR_b4c1,760.0,554.8800822640823,35.613385659151525,485.07912900461,624.6810355235544,280.0,74.88008226408226,5.079129004610024,144.68103552355444,205.11991773591774,"MATR_b1c9,MATR_b1c28,MATR_b1c7,MATR_b1c17,MATR_b1c24,MATR_b3c11,MATR_b3c28,MATR_b4c39,MATR_b1c36,MATR_b3c22,MATR_b3c25,MATR_b1c15,MATR_b3c35,MATR_b4c5,MATR_b2c20,MATR_b1c38",False,False,0.95
480,MATR_b4c11,863.0,739.7540654349239,48.20116202616259,645.2815238506655,834.2266070191822,383.0,259.75406543492386,165.2815238506655,354.2266070191822,123.24593456507614,"MATR_b1c9,MATR_b1c28,MATR_b1c7,MATR_b1c17,MATR_b1c24,MATR_b3c11,MATR_b3c28,MATR_b4c39,MATR_b1c36,MATR_b3c22,MATR_b3c25,MATR_b1c15,MATR_b3c35,MATR_b4c5,MATR_b2c20,MATR_b1c38",False,False,0.95
480,MATR_b4c15,675.0,596.0861733991331,30.682672990088772,535.9492393891393,656.223107409127,195.0,116.08617339913314,55.94923938913928,176.223107409127,78.91382660086686,"MATR_b1c9,MATR_b1c28,MATR_b1c7,MATR_b1c17,MATR_b1c24,MATR_b3c11,MATR_b3c28,MATR_b4c39,MATR_b1c36,MATR_b3c22,MATR_b3c25,MATR_b1c15,MATR_b3c35,MATR_b4c5,MATR_b2c20,MATR_b1c38",False,False,0.95
480,MATR_b4c21,773.0,887.0191808075587,54.7365540475844,779.7375062364631,994.3008553786542,293.0,407.01918080755866,299.7375062364631,514.3008553786542,114.01918080755866,"MATR_b1c9,MATR_b1c28,MATR_b1c7,MATR_b1c17,MATR_b1c24,MATR_b3c11,MATR_b3c28,MATR_b4c39,MATR_b1c36,MATR_b3c22,MATR_b3c25,MATR_b1c15,MATR_b3c35,MATR_b4c5,MATR_b2c20,MATR_b1c38",False,False,0.95
480,MATR_b4c3,777.0,625.8589429678703,54.65241320477822,518.7421814183037,732.975704517437,297.0,145.85894296787035,38.742181418303744,252.97570451743695,151.14105703212965,"MATR_b1c9,MATR_b1c28,MATR_b1c7,MATR_b1c17,MATR_b1c24,MATR_b3c11,MATR_b3c28,MATR_b4c39,MATR_b1c36,MATR_b3c22,MATR_b3c25,MATR_b1c15,MATR_b3c35,MATR_b4c5,MATR_b2c20,MATR_b1c38",False,False,0.95
480,MATR_b4c32,754.0,824.5045247376884,56.6047263490242,713.5612997388555,935.4477497365212,274.0,344.50452473768837,233.5612997388555,455.44774973652125,70.50452473768837,"MATR_b1c9,MATR_b1c28,MATR_b1c7,MATR_b1c17,MATR_b1c24,MATR_b3c11,MATR_b3c28,MATR_b4c39,MATR_b1c36,MATR_b3c22,MATR_b3c25,MATR_b1c15,MATR_b3c35,MATR_b4c5,MATR_b2c20,MATR_b1c38",False,False,0.95
480,MATR_b4c34,891.0,735.1996929630478,69.29233645646949,599.3892091037359,871.0101768223598,411.0,255.19969296304782,119.38920910373588,391.01017682235977,155.80030703695218,"MATR_b1c9,MATR_b1c28,MATR_b1c7,MATR_b1c17,MATR_b1c24,MATR_b3c11,MATR_b3c28,MATR_b4c39,MATR_b1c36,MATR_b3c22,MATR_b3c25,MATR_b1c15,MATR_b3c35,MATR_b4c5,MATR_b2c20,MATR_b1c38",False,False,0.95
480,MATR_b4c42,774.0,699.3634968569261,64.66362561584157,572.6251195400949,826.1018741737572,294.0,219.36349685692608,92.62511954009494,346.1018741737572,74.63650314307392,"MATR_b1c9,MATR_b1c28,MATR_b1c7,MATR_b1c17,MATR_b1c24,MATR_b3c11,MATR_b3c28,MATR_b4c39,MATR_b1c36,MATR_b3c22,MATR_b3c25,MATR_b1c15,MATR_b3c35,MATR_b4c5,MATR_b2c20,MATR_b1c38",False,False,0.95
480,MATR_b4c6,706.0,540.8667645820789,23.05657400679764,495.6767099218731,586.0568192422846,226.0,60.86676458207887,15.676709921873112,106.05681924228463,165.13323541792113,"MATR_b1c9,MATR_b1c28,MATR_b1c7,MATR_b1c17,MATR_b1c24,MATR_b3c11,MATR_b3c28,MATR_b4c39,MATR_b1c36,MATR_b3c22,MATR_b3c25,MATR_b1c15,MATR_b3c35,MATR_b4c5,MATR_b2c20,MATR_b1c38",False,False,0.95
480,MATR_b4c7,529.0,525.8166006163792,31.298895041543982,464.47189357905376,587.1613076537047,49.0,45.81660061637922,-15.528106420946244,107.16130765370474,3.183399383620781,"MATR_b1c9,MATR_b1c28,MATR_b1c7,MATR_b1c17,MATR_b1c24,MATR_b3c11,MATR_b3c28,MATR_b4c39,MATR_b1c36,MATR_b3c22,MATR_b3c25,MATR_b1c15,MATR_b3c35,MATR_b4c5,MATR_b2c20,MATR_b1c38",False,False,0.95
500,MATR_b1c14,877.0,789.9053152296532,31.671986566623946,727.8293622402339,851.9812682190725,377.0,289.9053152296532,227.82936224023388,351.9812682190725,87.09468477034682,"MATR_b1c32,MATR_b4c16,MATR_b4c38,MATR_b1c31,MATR_b3c10,MATR_b1c43,MATR_b4c23,MATR_b1c29,MATR_b4c33,MATR_b1c28,MATR_b2c28,MATR_b3c41,MATR_b1c15,MATR_b4c37,MATR_b2c10,MATR_b3c4",False,False,0.95
500,MATR_b1c18,687.0,670.5502170667735,30.552806087607284,610.6678175084271,730.4326166251199,187.0,170.55021706677348,110.6678175084271,230.43261662511986,16.449782933226516,"MATR_b1c32,MATR_b4c16,MATR_b4c38,MATR_b1c31,MATR_b3c10,MATR_b1c43,MATR_b4c23,MATR_b1c29,MATR_b4c33,MATR_b1c28,MATR_b2c28,MATR_b3c41,MATR_b1c15,MATR_b4c37,MATR_b2c10,MATR_b3c4",False,False,0.95
500,MATR_b1c19,786.0,686.1964853114033,36.02112341362227,615.5963807380311,756.7965898847755,286.0,186.1964853114033,115.59638073803114,256.79658988477547,99.80351468859669,"MATR_b1c32,MATR_b4c16,MATR_b4c38,MATR_b1c31,MATR_b3c10,MATR_b1c43,MATR_b4c23,MATR_b1c29,MATR_b4c33,MATR_b1c28,MATR_b2c28,MATR_b3c41,MATR_b1c15,MATR_b4c37,MATR_b2c10,MATR_b3c4",False,False,0.95
500,MATR_b1c2,2237.0,1715.4818128398183,142.51426292945203,1436.1589902148207,1994.8046354648159,1737.0,1215.4818128398183,936.1589902148207,1494.8046354648159,521.5181871601817,"MATR_b1c32,MATR_b4c16,MATR_b4c38,MATR_b1c31,MATR_b3c10,MATR_b1c43,MATR_b4c23,MATR_b1c29,MATR_b4c33,MATR_b1c28,MATR_b2c28,MATR_b3c41,MATR_b1c15,MATR_b4c37,MATR_b2c10,MATR_b3c4",False,False,0.95
500,MATR_b1c30,707.0,633.3650175136291,29.7615932898239,575.0333665430454,691.6966684842129,207.0,133.36501751362914,75.03336654304542,191.69666848421286,73.63498248637086,"MATR_b1c32,MATR_b4c16,MATR_b4c38,MATR_b1c31,MATR_b3c10,MATR_b1c43,MATR_b4c23,MATR_b1c29,MATR_b4c33,MATR_b1c28,MATR_b2c28,MATR_b3c41,MATR_b1c15,MATR_b4c37,MATR_b2c10,MATR_b3c4",False,False,0.95
500,MATR_b1c34,742.0,710.0925081924141,29.826910183174277,651.6328384632816,768.5521779215467,242.0,210.09250819241413,151.6328384632816,268.5521779215467,31.90749180758587,"MATR_b1c32,MATR_b4c16,MATR_b4c38,MATR_b1c31,MATR_b3c10,MATR_b1c43,MATR_b4c23,MATR_b1c29,MATR_b4c33,MATR_b1c28,MATR_b2c28,MATR_b3c41,MATR_b1c15,MATR_b4c37,MATR_b2c10,MATR_b3c4",False,False,0.95
500,MATR_b1c35,701.0,565.9073315790762,29.159626816187004,508.7555132167213,623.0591499414311,201.0,65.90733157907619,8.755513216721283,123.05914994143109,135.09266842092381,"MATR_b1c32,MATR_b4c16,MATR_b4c38,MATR_b1c31,MATR_b3c10,MATR_b1c43,MATR_b4c23,MATR_b1c29,MATR_b4c33,MATR_b1c28,MATR_b2c28,MATR_b3c41,MATR_b1c15,MATR_b4c37,MATR_b2c10,MATR_b3c4",False,False,0.95
500,MATR_b1c42,700.0,596.7958659339271,27.81239943537777,542.2845647169445,651.3071671509097,200.0,96.79586593392708,42.28456471694449,151.30716715090966,103.20413406607292,"MATR_b1c32,MATR_b4c16,MATR_b4c38,MATR_b1c31,MATR_b3c10,MATR_b1c43,MATR_b4c23,MATR_b1c29,MATR_b4c33,MATR_b1c28,MATR_b2c28,MATR_b3c41,MATR_b1c15,MATR_b4c37,MATR_b2c10,MATR_b3c4",False,False,0.95
500,MATR_b1c5,1071.0,978.4185686346862,30.39104527026429,918.8532144524418,1037.9839228169305,571.0,478.41856863468615,418.85321445244176,537.9839228169305,92.58143136531385,"MATR_b1c32,MATR_b4c16,MATR_b4c38,MATR_b1c31,MATR_b3c10,MATR_b1c43,MATR_b4c23,MATR_b1c29,MATR_b4c33,MATR_b1c28,MATR_b2c28,MATR_b3c41,MATR_b1c15,MATR_b4c37,MATR_b2c10,MATR_b3c4",False,False,0.95
500,MATR_b1c6,633.0,668.5159319976666,30.19857379806683,609.3278149689806,727.7040490263525,133.0,168.5159319976666,109.32781496898065,227.70404902635255,35.5159319976666,"MATR_b1c32,MATR_b4c16,MATR_b4c38,MATR_b1c31,MATR_b3c10,MATR_b1c43,MATR_b4c23,MATR_b1c29,MATR_b4c33,MATR_b1c28,MATR_b2c28,MATR_b3c41,MATR_b1c15,MATR_b4c37,MATR_b2c10,MATR_b3c4",False,False,0.95
500,MATR_b2c22,512.0,422.70355034508924,20.052413288467935,383.40154249657974,462.00555819359874,12.0,-77.29644965491076,-116.59845750342026,-37.994441806401255,89.29644965491076,"MATR_b1c32,MATR_b4c16,MATR_b4c38,MATR_b1c31,MATR_b3c10,MATR_b1c43,MATR_b4c23,MATR_b1c29,MATR_b4c33,MATR_b1c28,MATR_b2c28,MATR_b3c41,MATR_b1c15,MATR_b4c37,MATR_b2c10,MATR_b3c4",False,False,0.95
500,MATR_b2c33,519.0,420.58503033695297,22.072313397449552,377.32409102247095,463.845969651435,19.0,-79.41496966304703,-122.67590897752905,-36.154030348565016,98.41496966304703,"MATR_b1c32,MATR_b4c16,MATR_b4c38,MATR_b1c31,MATR_b3c10,MATR_b1c43,MATR_b4c23,MATR_b1c29,MATR_b4c33,MATR_b1c28,MATR_b2c28,MATR_b3c41,MATR_b1c15,MATR_b4c37,MATR_b2c10,MATR_b3c4",False,False,0.95
500,MATR_b3c1,1061.0,881.172116773448,37.500690075178184,807.6721148307001,954.6721187161959,561.0,381.172116773448,307.67211483070014,454.6721187161959,179.827883226552,"MATR_b1c32,MATR_b4c16,MATR_b4c38,MATR_b1c31,MATR_b3c10,MATR_b1c43,MATR_b4c23,MATR_b1c29,MATR_b4c33,MATR_b1c28,MATR_b2c28,MATR_b3c41,MATR_b1c15,MATR_b4c37,MATR_b2c10,MATR_b3c4",False,False,0.95
500,MATR_b3c14,856.0,616.7271303349952,34.22473947328503,549.6478735870902,683.8063870829002,356.0,116.7271303349952,49.6478735870902,183.8063870829002,239.2728696650048,"MATR_b1c32,MATR_b4c16,MATR_b4c38,MATR_b1c31,MATR_b3c10,MATR_b1c43,MATR_b4c23,MATR_b1c29,MATR_b4c33,MATR_b1c28,MATR_b2c28,MATR_b3c41,MATR_b1c15,MATR_b4c37,MATR_b2c10,MATR_b3c4",False,False,0.95
500,MATR_b3c17,1313.0,918.7747365824328,41.045765285112,838.3265149057288,999.2229582591367,813.0,418.77473658243275,338.3265149057288,499.2229582591367,394.22526341756725,"MATR_b1c32,MATR_b4c16,MATR_b4c38,MATR_b1c31,MATR_b3c10,MATR_b1c43,MATR_b4c23,MATR_b1c29,MATR_b4c33,MATR_b1c28,MATR_b2c28,MATR_b3c41,MATR_b1c15,MATR_b4c37,MATR_b2c10,MATR_b3c4",False,False,0.95
500,MATR_b3c24,823.0,735.8822669663089,52.71740906079415,632.5580438488869,839.2064900837308,323.0,235.88226696630886,132.55804384888688,339.20649008373084,87.11773303369114,"MATR_b1c32,MATR_b4c16,MATR_b4c38,MATR_b1c31,MATR_b3c10,MATR_b1c43,MATR_b4c23,MATR_b1c29,MATR_b4c33,MATR_b1c28,MATR_b2c28,MATR_b3c41,MATR_b1c15,MATR_b4c37,MATR_b2c10,MATR_b3c4",False,False,0.95
500,MATR_b3c31,729.0,620.1634867686168,34.00185374933625,553.5210780123197,686.805895524914,229.0,120.16348676861685,53.52107801231966,186.80589552491404,108.83651323138315,"MATR_b1c32,MATR_b4c16,MATR_b4c38,MATR_b1c31,MATR_b3c10,MATR_b1c43,MATR_b4c23,MATR_b1c29,MATR_b4c33,MATR_b1c28,MATR_b2c28,MATR_b3c41,MATR_b1c15,MATR_b4c37,MATR_b2c10,MATR_b3c4",False,False,0.95
500,MATR_b3c33,1282.0,1077.731881677511,48.35398840711054,982.959805890707,1172.503957464315,782.0,577.731881677511,482.959805890707,672.5039574643149,204.26811832248904,"MATR_b1c32,MATR_b4c16,MATR_b4c38,MATR_b1c31,MATR_b3c10,MATR_b1c43,MATR_b4c23,MATR_b1c29,MATR_b4c33,MATR_b1c28,MATR_b2c28,MATR_b3c41,MATR_b1c15,MATR_b4c37,MATR_b2c10,MATR_b3c4",False,False,0.95
500,MATR_b3c36,921.0,1024.9985327165027,49.32526844246499,928.3227830415012,1121.6742823915042,421.0,524.9985327165027,428.3227830415012,621.6742823915042,103.99853271650272,"MATR_b1c32,MATR_b4c16,MATR_b4c38,MATR_b1c31,MATR_b3c10,MATR_b1c43,MATR_b4c23,MATR_b1c29,MATR_b4c33,MATR_b1c28,MATR_b2c28,MATR_b3c41,MATR_b1c15,MATR_b4c37,MATR_b2c10,MATR_b3c4",False,False,0.95
500,MATR_b3c6,665.0,499.1912085701229,38.611126662651834,423.5147909088111,574.8676262314347,165.0,-0.8087914298770897,-76.48520909118889,74.86762623143466,165.8087914298771,"MATR_b1c32,MATR_b4c16,MATR_b4c38,MATR_b1c31,MATR_b3c10,MATR_b1c43,MATR_b4c23,MATR_b1c29,MATR_b4c33,MATR_b1c28,MATR_b2c28,MATR_b3c41,MATR_b1c15,MATR_b4c37,MATR_b2c10,MATR_b3c4",False,False,0.95
500,MATR_b4c1,760.0,556.5840143126971,37.026266327309166,484.01386582918303,629.1541627962113,260.0,56.58401431269715,-15.986134170816968,129.15416279621127,203.41598568730285,"MATR_b1c32,MATR_b4c16,MATR_b4c38,MATR_b1c31,MATR_b3c10,MATR_b1c43,MATR_b4c23,MATR_b1c29,MATR_b4c33,MATR_b1c28,MATR_b2c28,MATR_b3c41,MATR_b1c15,MATR_b4c37,MATR_b2c10,MATR_b3c4",False,False,0.95
500,MATR_b4c11,863.0,745.5855659537134,49.96379129882409,647.6583344769425,843.5127974304843,363.0,245.5855659537134,147.6583344769425,343.5127974304843,117.4144340462866,"MATR_b1c32,MATR_b4c16,MATR_b4c38,MATR_b1c31,MATR_b3c10,MATR_b1c43,MATR_b4c23,MATR_b1c29,MATR_b4c33,MATR_b1c28,MATR_b2c28,MATR_b3c41,MATR_b1c15,MATR_b4c37,MATR_b2c10,MATR_b3c4",False,False,0.95
500,MATR_b4c15,675.0,600.5577764806565,32.7422181903199,536.3842080536772,664.7313449076357,175.0,100.55777648065646,36.384208053677185,164.73134490763573,74.44222351934354,"MATR_b1c32,MATR_b4c16,MATR_b4c38,MATR_b1c31,MATR_b3c10,MATR_b1c43,MATR_b4c23,MATR_b1c29,MATR_b4c33,MATR_b1c28,MATR_b2c28,MATR_b3c41,MATR_b1c15,MATR_b4c37,MATR_b2c10,MATR_b3c4",False,False,0.95
500,MATR_b4c21,773.0,877.6798577736093,56.0532472039577,767.8175120373318,987.5422035098869,273.0,377.67985777360934,267.81751203733177,487.5422035098869,104.67985777360934,"MATR_b1c32,MATR_b4c16,MATR_b4c38,MATR_b1c31,MATR_b3c10,MATR_b1c43,MATR_b4c23,MATR_b1c29,MATR_b4c33,MATR_b1c28,MATR_b2c28,MATR_b3c41,MATR_b1c15,MATR_b4c37,MATR_b2c10,MATR_b3c4",False,False,0.95
500,MATR_b4c3,777.0,621.3225452270356,52.30797286949422,518.8008022985287,723.8442881555425,277.0,121.32254522703556,18.80080229852865,223.84428815554247,155.67745477296444,"MATR_b1c32,MATR_b4c16,MATR_b4c38,MATR_b1c31,MATR_b3c10,MATR_b1c43,MATR_b4c23,MATR_b1c29,MATR_b4c33,MATR_b1c28,MATR_b2c28,MATR_b3c41,MATR_b1c15,MATR_b4c37,MATR_b2c10,MATR_b3c4",False,False,0.95
500,MATR_b4c32,754.0,814.8884600064285,57.780430429331034,701.6408973537175,928.1360226591396,254.0,314.88846000642855,201.6408973537175,428.1360226591396,60.888460006428545,"MATR_b1c32,MATR_b4c16,MATR_b4c38,MATR_b1c31,MATR_b3c10,MATR_b1c43,MATR_b4c23,MATR_b1c29,MATR_b4c33,MATR_b1c28,MATR_b2c28,MATR_b3c41,MATR_b1c15,MATR_b4c37,MATR_b2c10,MATR_b3c4",False,False,0.95
500,MATR_b4c34,891.0,725.2977450863913,68.57748274383172,590.888348758064,859.7071414147185,391.0,225.29774508639127,90.88834875806401,359.70714141471854,165.70225491360873,"MATR_b1c32,MATR_b4c16,MATR_b4c38,MATR_b1c31,MATR_b3c10,MATR_b1c43,MATR_b4c23,MATR_b1c29,MATR_b4c33,MATR_b1c28,MATR_b2c28,MATR_b3c41,MATR_b1c15,MATR_b4c37,MATR_b2c10,MATR_b3c4",False,False,0.95
500,MATR_b4c42,774.0,695.851750529258,64.1519726972543,570.1161945054428,821.5873065530732,274.0,195.85175052925797,70.11619450544276,321.5873065530732,78.14824947074203,"MATR_b1c32,MATR_b4c16,MATR_b4c38,MATR_b1c31,MATR_b3c10,MATR_b1c43,MATR_b4c23,MATR_b1c29,MATR_b4c33,MATR_b1c28,MATR_b2c28,MATR_b3c41,MATR_b1c15,MATR_b4c37,MATR_b2c10,MATR_b3c4",False,False,0.95
500,MATR_b4c6,706.0,544.021999139199,23.888836281962142,497.2007403939795,590.8432578844186,206.0,44.02199913919901,-2.7992596060204846,90.84325788441856,161.978000860801,"MATR_b1c32,MATR_b4c16,MATR_b4c38,MATR_b1c31,MATR_b3c10,MATR_b1c43,MATR_b4c23,MATR_b1c29,MATR_b4c33,MATR_b1c28,MATR_b2c28,MATR_b3c41,MATR_b1c15,MATR_b4c37,MATR_b2c10,MATR_b3c4",False,False,0.95
500,MATR_b4c7,529.0,516.5309594777787,33.60253760684398,450.67119597921175,582.3907229763456,29.0,16.53095947777865,-49.328804020788255,82.39072297634561,12.469040522221349,"MATR_b1c32,MATR_b4c16,MATR_b4c38,MATR_b1c31,MATR_b3c10,MATR_b1c43,MATR_b4c23,MATR_b1c29,MATR_b4c33,MATR_b1c28,MATR_b2c28,MATR_b3c41,MATR_b1c15,MATR_b4c37,MATR_b2c10,MATR_b3c4",False,False,0.95
520,MATR_b1c14,877.0,756.5421560622834,32.045111025382035,693.7348925719473,819.3494195526196,357.0,236.54215606228342,173.73489257194728,299.34941955261957,120.45784393771658,"MATR_b1c40,MATR_b3c19,MATR_b1c43,MATR_b4c30,MATR_b1c32,MATR_b3c8,MATR_b1c17,MATR_b4c28,MATR_b4c13,MATR_b3c44,MATR_b3c35,MATR_b1c38,MATR_b3c22,MATR_b1c15,MATR_b4c16,MATR_b3c10",False,False,0.95
520,MATR_b1c18,687.0,644.2050812117652,30.804024184368565,583.8303032315021,704.5798591920284,167.0,124.20508121176522,63.83030323150206,184.57985919202838,42.79491878823478,"MATR_b1c40,MATR_b3c19,MATR_b1c43,MATR_b4c30,MATR_b1c32,MATR_b3c8,MATR_b1c17,MATR_b4c28,MATR_b4c13,MATR_b3c44,MATR_b3c35,MATR_b1c38,MATR_b3c22,MATR_b1c15,MATR_b4c16,MATR_b3c10",False,False,0.95
520,MATR_b1c19,786.0,664.0508497844127,36.294376493456845,592.9151790159001,735.1865205529252,266.0,144.05084978441266,72.9151790159001,215.18652055292523,121.94915021558734,"MATR_b1c40,MATR_b3c19,MATR_b1c43,MATR_b4c30,MATR_b1c32,MATR_b3c8,MATR_b1c17,MATR_b4c28,MATR_b4c13,MATR_b3c44,MATR_b3c35,MATR_b1c38,MATR_b3c22,MATR_b1c15,MATR_b4c16,MATR_b3c10",False,False,0.95
520,MATR_b1c2,2237.0,1616.0609478138495,127.93058099038127,1365.3216165514177,1866.8002790762812,1717.0,1096.0609478138495,845.3216165514177,1346.8002790762812,620.9390521861505,"MATR_b1c40,MATR_b3c19,MATR_b1c43,MATR_b4c30,MATR_b1c32,MATR_b3c8,MATR_b1c17,MATR_b4c28,MATR_b4c13,MATR_b3c44,MATR_b3c35,MATR_b1c38,MATR_b3c22,MATR_b1c15,MATR_b4c16,MATR_b3c10",False,False,0.95
520,MATR_b1c30,707.0,609.5702656928623,29.24452513359013,552.2520496860493,666.8884816996754,187.0,89.57026569286234,32.252049686049304,146.88848169967537,97.42973430713766,"MATR_b1c40,MATR_b3c19,MATR_b1c43,MATR_b4c30,MATR_b1c32,MATR_b3c8,MATR_b1c17,MATR_b4c28,MATR_b4c13,MATR_b3c44,MATR_b3c35,MATR_b1c38,MATR_b3c22,MATR_b1c15,MATR_b4c16,MATR_b3c10",False,False,0.95
520,MATR_b1c34,742.0,681.796522389431,29.998099442084236,623.0013278782948,740.5917169005671,222.0,161.79652238943095,103.00132787829477,220.59171690056712,60.20347761056905,"MATR_b1c40,MATR_b3c19,MATR_b1c43,MATR_b4c30,MATR_b1c32,MATR_b3c8,MATR_b1c17,MATR_b4c28,MATR_b4c13,MATR_b3c44,MATR_b3c35,MATR_b1c38,MATR_b3c22,MATR_b1c15,MATR_b4c16,MATR_b3c10",False,False,0.95
520,MATR_b1c35,701.0,538.8030273951032,28.986621500168837,481.9902932212779,595.6157615689285,181.0,18.803027395103186,-38.00970677872209,75.61576156892852,162.1969726048968,"MATR_b1c40,MATR_b3c19,MATR_b1c43,MATR_b4c30,MATR_b1c32,MATR_b3c8,MATR_b1c17,MATR_b4c28,MATR_b4c13,MATR_b3c44,MATR_b3c35,MATR_b1c38,MATR_b3c22,MATR_b1c15,MATR_b4c16,MATR_b3c10",False,False,0.95
520,MATR_b1c42,700.0,562.0124818881771,27.057340758962315,508.9810684831834,615.043895293171,180.0,42.01248188817715,-11.018931516816622,95.04389529317098,137.98751811182285,"MATR_b1c40,MATR_b3c19,MATR_b1c43,MATR_b4c30,MATR_b1c32,MATR_b3c8,MATR_b1c17,MATR_b4c28,MATR_b4c13,MATR_b3c44,MATR_b3c35,MATR_b1c38,MATR_b3c22,MATR_b1c15,MATR_b4c16,MATR_b3c10",False,False,0.95
520,MATR_b1c5,1071.0,869.5529551662686,28.241287668423503,814.2010484591234,924.9048618734138,551.0,349.5529551662686,294.2010484591234,404.9048618734138,201.4470448337314,"MATR_b1c40,MATR_b3c19,MATR_b1c43,MATR_b4c30,MATR_b1c32,MATR_b3c8,MATR_b1c17,MATR_b4c28,MATR_b4c13,MATR_b3c44,MATR_b3c35,MATR_b1c38,MATR_b3c22,MATR_b1c15,MATR_b4c16,MATR_b3c10",False,False,0.95
520,MATR_b1c6,633.0,618.1646195179312,27.97007177182171,563.3442862001602,672.9849528357022,113.0,98.16461951793121,43.34428620016024,152.9849528357022,14.835380482068786,"MATR_b1c40,MATR_b3c19,MATR_b1c43,MATR_b4c30,MATR_b1c32,MATR_b3c8,MATR_b1c17,MATR_b4c28,MATR_b4c13,MATR_b3c44,MATR_b3c35,MATR_b1c38,MATR_b3c22,MATR_b1c15,MATR_b4c16,MATR_b3c10",False,False,0.95
520,MATR_b3c1,1061.0,867.5229326560737,38.19882524135477,792.6546109312789,942.3912543808686,541.0,347.52293265607375,272.65461093127885,422.39125438086865,193.47706734392625,"MATR_b1c40,MATR_b3c19,MATR_b1c43,MATR_b4c30,MATR_b1c32,MATR_b3c8,MATR_b1c17,MATR_b4c28,MATR_b4c13,MATR_b3c44,MATR_b3c35,MATR_b1c38,MATR_b3c22,MATR_b1c15,MATR_b4c16,MATR_b3c10",False,False,0.95
520,MATR_b3c14,856.0,593.1297829809282,31.649845725299528,531.0972252430922,655.1623407187642,336.0,73.12978298092821,11.097225243092225,135.1623407187642,262.8702170190718,"MATR_b1c40,MATR_b3c19,MATR_b1c43,MATR_b4c30,MATR_b1c32,MATR_b3c8,MATR_b1c17,MATR_b4c28,MATR_b4c13,MATR_b3c44,MATR_b3c35,MATR_b1c38,MATR_b3c22,MATR_b1c15,MATR_b4c16,MATR_b3c10",False,False,0.95
520,MATR_b3c17,1313.0,908.9489737129088,41.190108891536376,828.2178437662145,989.6801036596031,793.0,388.9489737129088,308.2178437662145,469.6801036596031,404.0510262870912,"MATR_b1c40,MATR_b3c19,MATR_b1c43,MATR_b4c30,MATR_b1c32,MATR_b3c8,MATR_b1c17,MATR_b4c28,MATR_b4c13,MATR_b3c44,MATR_b3c35,MATR_b1c38,MATR_b3c22,MATR_b1c15,MATR_b4c16,MATR_b3c10",False,False,0.95
520,MATR_b3c24,823.0,676.053933391965,43.332430539336954,591.123930172281,760.9839366116489,303.0,156.05393339196496,71.123930172281,240.98393661164891,146.94606660803504,"MATR_b1c40,MATR_b3c19,MATR_b1c43,MATR_b4c30,MATR_b1c32,MATR_b3c8,MATR_b1c17,MATR_b4c28,MATR_b4c13,MATR_b3c44,MATR_b3c35,MATR_b1c38,MATR_b3c22,MATR_b1c15,MATR_b4c16,MATR_b3c10",False,False,0.95
520,MATR_b3c31,729.0,603.6155085312727,34.58169349608221,535.8366347545485,671.3943823079968,209.0,83.61550853127267,15.836634754548527,151.3943823079968,125.38449146872733,"MATR_b1c40,MATR_b3c19,MATR_b1c43,MATR_b4c30,MATR_b1c32,MATR_b3c8,MATR_b1c17,MATR_b4c28,MATR_b4c13,MATR_b3c44,MATR_b3c35,MATR_b1c38,MATR_b3c22,MATR_b1c15,MATR_b4c16,MATR_b3c10",False,False,0.95
520,MATR_b3c33,1282.0,1071.473993532808,45.879328308507965,981.5521624132434,1161.3958246523725,762.0,551.473993532808,461.5521624132434,641.3958246523725,210.52600646719202,"MATR_b1c40,MATR_b3c19,MATR_b1c43,MATR_b4c30,MATR_b1c32,MATR_b3c8,MATR_b1c17,MATR_b4c28,MATR_b4c13,MATR_b3c44,MATR_b3c35,MATR_b1c38,MATR_b3c22,MATR_b1c15,MATR_b4c16,MATR_b3c10",False,False,0.95
520,MATR_b3c36,921.0,1003.7270087599552,49.338037299956376,907.0262325841469,1100.4277849357634,401.0,483.7270087599552,387.0262325841469,580.4277849357634,82.7270087599552,"MATR_b1c40,MATR_b3c19,MATR_b1c43,MATR_b4c30,MATR_b1c32,MATR_b3c8,MATR_b1c17,MATR_b4c28,MATR_b4c13,MATR_b3c44,MATR_b3c35,MATR_b1c38,MATR_b3c22,MATR_b1c15,MATR_b4c16,MATR_b3c10",False,False,0.95
520,MATR_b3c6,665.0,481.3277933609854,39.604107639487125,403.7051687477431,558.9504179742278,145.0,-38.672206639014576,-116.29483125225693,38.950417974227776,183.67220663901458,"MATR_b1c40,MATR_b3c19,MATR_b1c43,MATR_b4c30,MATR_b1c32,MATR_b3c8,MATR_b1c17,MATR_b4c28,MATR_b4c13,MATR_b3c44,MATR_b3c35,MATR_b1c38,MATR_b3c22,MATR_b1c15,MATR_b4c16,MATR_b3c10",False,False,0.95
520,MATR_b4c1,760.0,546.9394713594788,36.097858883660784,476.18896802849446,617.6899746904631,240.0,26.93947135947883,-43.81103197150554,97.68997469046315,213.06052864052117,"MATR_b1c40,MATR_b3c19,MATR_b1c43,MATR_b4c30,MATR_b1c32,MATR_b3c8,MATR_b1c17,MATR_b4c28,MATR_b4c13,MATR_b3c44,MATR_b3c35,MATR_b1c38,MATR_b3c22,MATR_b1c15,MATR_b4c16,MATR_b3c10",False,False,0.95
520,MATR_b4c11,863.0,724.7427655618209,47.51394437428548,631.6171458247818,817.86838529886,343.0,204.74276556182087,111.6171458247818,297.86838529885995,138.25723443817913,"MATR_b1c40,MATR_b3c19,MATR_b1c43,MATR_b4c30,MATR_b1c32,MATR_b3c8,MATR_b1c17,MATR_b4c28,MATR_b4c13,MATR_b3c44,MATR_b3c35,MATR_b1c38,MATR_b3c22,MATR_b1c15,MATR_b4c16,MATR_b3c10",False,False,0.95
520,MATR_b4c15,675.0,571.1534218547049,32.37452543604737,507.7005179834762,634.6063257259336,155.0,51.1534218547049,-12.299482016523825,114.60632572593363,103.8465781452951,"MATR_b1c40,MATR_b3c19,MATR_b1c43,MATR_b4c30,MATR_b1c32,MATR_b3c8,MATR_b1c17,MATR_b4c28,MATR_b4c13,MATR_b3c44,MATR_b3c35,MATR_b1c38,MATR_b3c22,MATR_b1c15,MATR_b4c16,MATR_b3c10",False,False,0.95
520,MATR_b4c21,773.0,858.5215091597189,55.218750143491654,750.2947476071594,966.7482707122784,253.0,338.5215091597189,230.29474760715937,446.74827071227844,85.5215091597189,"MATR_b1c40,MATR_b3c19,MATR_b1c43,MATR_b4c30,MATR_b1c32,MATR_b3c8,MATR_b1c17,MATR_b4c28,MATR_b4c13,MATR_b3c44,MATR_b3c35,MATR_b1c38,MATR_b3c22,MATR_b1c15,MATR_b4c16,MATR_b3c10",False,False,0.95
520,MATR_b4c3,777.0,599.1104824712605,43.39198874382607,514.063747315794,684.1572176267271,257.0,79.11048247126053,-5.936252684206011,164.15721762672706,177.88951752873947,"MATR_b1c40,MATR_b3c19,MATR_b1c43,MATR_b4c30,MATR_b1c32,MATR_b3c8,MATR_b1c17,MATR_b4c28,MATR_b4c13,MATR_b3c44,MATR_b3c35,MATR_b1c38,MATR_b3c22,MATR_b1c15,MATR_b4c16,MATR_b3c10",False,False,0.95
520,MATR_b4c32,754.0,789.5091113197441,56.451114264612336,678.8669604739487,900.1512621655395,234.0,269.5091113197441,158.86696047394867,380.1512621655395,35.50911131974408,"MATR_b1c40,MATR_b3c19,MATR_b1c43,MATR_b4c30,MATR_b1c32,MATR_b3c8,MATR_b1c17,MATR_b4c28,MATR_b4c13,MATR_b3c44,MATR_b3c35,MATR_b1c38,MATR_b3c22,MATR_b1c15,MATR_b4c16,MATR_b3c10",False,False,0.95
520,MATR_b4c34,891.0,669.2536557973588,55.34743143356053,560.7746835507801,777.7326280439374,371.0,149.25365579735876,40.77468355078008,257.73262804393744,221.74634420264124,"MATR_b1c40,MATR_b3c19,MATR_b1c43,MATR_b4c30,MATR_b1c32,MATR_b3c8,MATR_b1c17,MATR_b4c28,MATR_b4c13,MATR_b3c44,MATR_b3c35,MATR_b1c38,MATR_b3c22,MATR_b1c15,MATR_b4c16,MATR_b3c10",False,False,0.95
520,MATR_b4c42,774.0,652.1935118170106,54.06744521386659,546.2232664617396,758.1637571722816,254.0,132.19351181701063,26.223266461739627,238.16375717228163,121.80648818298937,"MATR_b1c40,MATR_b3c19,MATR_b1c43,MATR_b4c30,MATR_b1c32,MATR_b3c8,MATR_b1c17,MATR_b4c28,MATR_b4c13,MATR_b3c44,MATR_b3c35,MATR_b1c38,MATR_b3c22,MATR_b1c15,MATR_b4c16,MATR_b3c10",False,False,0.95
520,MATR_b4c6,706.0,536.20798529332,23.81385100167558,489.53369499683276,582.8822755898073,186.0,16.207985293320007,-30.466305003167236,62.88227558980725,169.79201470668,"MATR_b1c40,MATR_b3c19,MATR_b1c43,MATR_b4c30,MATR_b1c32,MATR_b3c8,MATR_b1c17,MATR_b4c28,MATR_b4c13,MATR_b3c44,MATR_b3c35,MATR_b1c38,MATR_b3c22,MATR_b1c15,MATR_b4c16,MATR_b3c10",False,False,0.95
520,MATR_b4c7,529.0,485.249253463812,35.231011541650595,416.1977397032619,554.3007672243622,9.0,-34.75074653618799,-103.8022602967381,34.300767224362176,43.75074653618799,"MATR_b1c40,MATR_b3c19,MATR_b1c43,MATR_b4c30,MATR_b1c32,MATR_b3c8,MATR_b1c17,MATR_b4c28,MATR_b4c13,MATR_b3c44,MATR_b3c35,MATR_b1c38,MATR_b3c22,MATR_b1c15,MATR_b4c16,MATR_b3c10",False,False,0.95
540,MATR_b1c14,877.0,712.9070579637323,31.147364836070935,651.859344671704,773.9547712557606,337.0,172.9070579637323,111.85934467170398,233.95477125576065,164.0929420362677,"MATR_b4c37,MATR_b4c8,MATR_b1c29,MATR_b4c0,MATR_b4c31,MATR_b3c39,MATR_b3c16,MATR_b1c23,MATR_b3c35,MATR_b1c9,MATR_b2c10,MATR_b3c0,MATR_b3c8,MATR_b1c26,MATR_b3c27,MATR_b4c2",False,False,0.95
540,MATR_b1c18,687.0,620.6790305660345,31.056354968969462,559.8096933357629,681.5483677963061,147.0,80.6790305660345,19.80969333576286,141.54836779630614,66.3209694339655,"MATR_b4c37,MATR_b4c8,MATR_b1c29,MATR_b4c0,MATR_b4c31,MATR_b3c39,MATR_b3c16,MATR_b1c23,MATR_b3c35,MATR_b1c9,MATR_b2c10,MATR_b3c0,MATR_b3c8,MATR_b1c26,MATR_b3c27,MATR_b4c2",False,False,0.95
540,MATR_b1c19,786.0,647.4070533629603,33.87564483753256,581.0120095283262,713.8020971975943,246.0,107.40705336296026,41.01200952832619,173.80209719759432,138.59294663703974,"MATR_b4c37,MATR_b4c8,MATR_b1c29,MATR_b4c0,MATR_b4c31,MATR_b3c39,MATR_b3c16,MATR_b1c23,MATR_b3c35,MATR_b1c9,MATR_b2c10,MATR_b3c0,MATR_b3c8,MATR_b1c26,MATR_b3c27,MATR_b4c2",False,False,0.95
540,MATR_b1c2,2237.0,1518.6512578245638,110.37987575988141,1302.3106767171905,1734.991838931937,1697.0,978.6512578245638,762.3106767171905,1194.991838931937,718.3487421754362,"MATR_b4c37,MATR_b4c8,MATR_b1c29,MATR_b4c0,MATR_b4c31,MATR_b3c39,MATR_b3c16,MATR_b1c23,MATR_b3c35,MATR_b1c9,MATR_b2c10,MATR_b3c0,MATR_b3c8,MATR_b1c26,MATR_b3c27,MATR_b4c2",False,False,0.95
540,MATR_b1c30,707.0,589.9163216808777,25.945942037606212,539.0632097422057,640.7694336195497,167.0,49.91632168087767,-0.9367902577943141,100.76943361954966,117.08367831912233,"MATR_b4c37,MATR_b4c8,MATR_b1c29,MATR_b4c0,MATR_b4c31,MATR_b3c39,MATR_b3c16,MATR_b1c23,MATR_b3c35,MATR_b1c9,MATR_b2c10,MATR_b3c0,MATR_b3c8,MATR_b1c26,MATR_b3c27,MATR_b4c2",False,False,0.95
540,MATR_b1c34,742.0,654.3225800117702,27.017646267195612,601.3689663810238,707.2761936425167,202.0,114.32258001177024,61.368966381023824,167.27619364251666,87.67741998822976,"MATR_b4c37,MATR_b4c8,MATR_b1c29,MATR_b4c0,MATR_b4c31,MATR_b3c39,MATR_b3c16,MATR_b1c23,MATR_b3c35,MATR_b1c9,MATR_b2c10,MATR_b3c0,MATR_b3c8,MATR_b1c26,MATR_b3c27,MATR_b4c2",False,False,0.95
540,MATR_b1c35,701.0,513.6129414994043,25.372576111018006,463.8836061268077,563.342276872001,161.0,-26.387058500595685,-76.1163938731923,23.34227687200098,187.38705850059569,"MATR_b4c37,MATR_b4c8,MATR_b1c29,MATR_b4c0,MATR_b4c31,MATR_b3c39,MATR_b3c16,MATR_b1c23,MATR_b3c35,MATR_b1c9,MATR_b2c10,MATR_b3c0,MATR_b3c8,MATR_b1c26,MATR_b3c27,MATR_b4c2",False,False,0.95
540,MATR_b1c42,700.0,529.1287876738356,23.03369215771534,483.9835806137309,574.2739947339404,160.0,-10.871212326164368,-56.01641938626909,34.27399473394041,170.87121232616437,"MATR_b4c37,MATR_b4c8,MATR_b1c29,MATR_b4c0,MATR_b4c31,MATR_b3c39,MATR_b3c16,MATR_b1c23,MATR_b3c35,MATR_b1c9,MATR_b2c10,MATR_b3c0,MATR_b3c8,MATR_b1c26,MATR_b3c27,MATR_b4c2",False,False,0.95
540,MATR_b1c5,1071.0,807.0569866063304,28.14746902905882,751.8889610534185,862.2250121592423,531.0,267.0569866063304,211.88896105341848,322.2250121592423,263.9430133936696,"MATR_b4c37,MATR_b4c8,MATR_b1c29,MATR_b4c0,MATR_b4c31,MATR_b3c39,MATR_b3c16,MATR_b1c23,MATR_b3c35,MATR_b1c9,MATR_b2c10,MATR_b3c0,MATR_b3c8,MATR_b1c26,MATR_b3c27,MATR_b4c2",False,False,0.95
540,MATR_b1c6,633.0,572.5042860545418,24.398033289123294,524.6850195142508,620.3235525948328,93.0,32.50428605454181,-15.314980485749174,80.32355259483279,60.49571394545819,"MATR_b4c37,MATR_b4c8,MATR_b1c29,MATR_b4c0,MATR_b4c31,MATR_b3c39,MATR_b3c16,MATR_b1c23,MATR_b3c35,MATR_b1c9,MATR_b2c10,MATR_b3c0,MATR_b3c8,MATR_b1c26,MATR_b3c27,MATR_b4c2",False,False,0.95
540,MATR_b3c1,1061.0,841.9896025573012,40.65279593287614,762.3115866580076,921.6676184565947,521.0,301.98960255730117,222.31158665800763,381.6676184565947,219.01039744269883,"MATR_b4c37,MATR_b4c8,MATR_b1c29,MATR_b4c0,MATR_b4c31,MATR_b3c39,MATR_b3c16,MATR_b1c23,MATR_b3c35,MATR_b1c9,MATR_b2c10,MATR_b3c0,MATR_b3c8,MATR_b1c26,MATR_b3c27,MATR_b4c2",False,False,0.95
540,MATR_b3c14,856.0,576.6213533862048,27.270287569333146,523.1725719022614,630.0701348701481,316.0,36.62135338620476,-16.82742809773856,90.07013487014808,279.37864661379524,"MATR_b4c37,MATR_b4c8,MATR_b1c29,MATR_b4c0,MATR_b4c31,MATR_b3c39,MATR_b3c16,MATR_b1c23,MATR_b3c35,MATR_b1c9,MATR_b2c10,MATR_b3c0,MATR_b3c8,MATR_b1c26,MATR_b3c27,MATR_b4c2",False,False,0.95
540,MATR_b3c17,1313.0,890.497767626163,42.41704836538824,807.3618804995084,973.6336547528175,773.0,350.49776762616295,267.3618804995084,433.6336547528175,422.50223237383705,"MATR_b4c37,MATR_b4c8,MATR_b1c29,MATR_b4c0,MATR_b4c31,MATR_b3c39,MATR_b3c16,MATR_b1c23,MATR_b3c35,MATR_b1c9,MATR_b2c10,MATR_b3c0,MATR_b3c8,MATR_b1c26,MATR_b3c27,MATR_b4c2",False,False,0.95
540,MATR_b3c24,823.0,653.3925423510545,42.12071112959144,570.8374655338399,735.9476191682692,283.0,113.39254235105454,30.837465533839918,195.94761916826917,169.60745764894546,"MATR_b4c37,MATR_b4c8,MATR_b1c29,MATR_b4c0,MATR_b4c31,MATR_b3c39,MATR_b3c16,MATR_b1c23,MATR_b3c35,MATR_b1c9,MATR_b2c10,MATR_b3c0,MATR_b3c8,MATR_b1c26,MATR_b3c27,MATR_b4c2",False,False,0.95
540,MATR_b3c31,729.0,587.0814283060986,31.20406722018523,525.9225803833687,648.2402762288285,189.0,47.08142830609859,-14.077419616631346,108.24027622882852,141.9185716939014,"MATR_b4c37,MATR_b4c8,MATR_b1c29,MATR_b4c0,MATR_b4c31,MATR_b3c39,MATR_b3c16,MATR_b1c23,MATR_b3c35,MATR_b1c9,MATR_b2c10,MATR_b3c0,MATR_b3c8,MATR_b1c26,MATR_b3c27,MATR_b4c2",False,False,0.95
540,MATR_b3c33,1282.0,1051.1031774441972,43.957474111719335,964.9481113338754,1137.258243554519,742.0,511.1031774441972,424.94811133387543,597.2582435545189,230.89682255580283,"MATR_b4c37,MATR_b4c8,MATR_b1c29,MATR_b4c0,MATR_b4c31,MATR_b3c39,MATR_b3c16,MATR_b1c23,MATR_b3c35,MATR_b1c9,MATR_b2c10,MATR_b3c0,MATR_b3c8,MATR_b1c26,MATR_b3c27,MATR_b4c2",False,False,0.95
540,MATR_b3c36,921.0,966.0681570479724,51.58178997158039,864.9697064455655,1067.1666076503793,381.0,426.06815704797236,324.9697064455655,527.1666076503793,45.06815704797236,"MATR_b4c37,MATR_b4c8,MATR_b1c29,MATR_b4c0,MATR_b4c31,MATR_b3c39,MATR_b3c16,MATR_b1c23,MATR_b3c35,MATR_b1c9,MATR_b2c10,MATR_b3c0,MATR_b3c8,MATR_b1c26,MATR_b3c27,MATR_b4c2",False,False,0.95
540,MATR_b3c6,665.0,466.1637165074517,37.19410811307795,393.2646041687299,539.0628288461735,125.0,-73.83628349254832,-146.73539583127013,-0.9371711538265117,198.83628349254832,"MATR_b4c37,MATR_b4c8,MATR_b1c29,MATR_b4c0,MATR_b4c31,MATR_b3c39,MATR_b3c16,MATR_b1c23,MATR_b3c35,MATR_b1c9,MATR_b2c10,MATR_b3c0,MATR_b3c8,MATR_b1c26,MATR_b3c27,MATR_b4c2",False,False,0.95
540,MATR_b4c1,760.0,540.521581996807,34.611750182185276,472.68379819782615,608.3593657957878,220.0,0.5215819968069582,-67.31620180217385,68.35936579578777,219.47841800319304,"MATR_b4c37,MATR_b4c8,MATR_b1c29,MATR_b4c0,MATR_b4c31,MATR_b3c39,MATR_b3c16,MATR_b1c23,MATR_b3c35,MATR_b1c9,MATR_b2c10,MATR_b3c0,MATR_b3c8,MATR_b1c26,MATR_b3c27,MATR_b4c2",False,False,0.95
540,MATR_b4c11,863.0,709.4674410959759,47.470283726709916,616.4273946557266,802.5074875362252,323.0,169.46744109597591,76.42739465572663,262.5074875362252,153.53255890402409,"MATR_b4c37,MATR_b4c8,MATR_b1c29,MATR_b4c0,MATR_b4c31,MATR_b3c39,MATR_b3c16,MATR_b1c23,MATR_b3c35,MATR_b1c9,MATR_b2c10,MATR_b3c0,MATR_b3c8,MATR_b1c26,MATR_b3c27,MATR_b4c2",False,False,0.95
540,MATR_b4c15,675.0,545.939510795286,29.260420338098108,488.5901407601104,603.2888808304616,135.0,5.939510795285969,-51.40985923988961,63.28888083046161,129.06048920471403,"MATR_b4c37,MATR_b4c8,MATR_b1c29,MATR_b4c0,MATR_b4c31,MATR_b3c39,MATR_b3c16,MATR_b1c23,MATR_b3c35,MATR_b1c9,MATR_b2c10,MATR_b3c0,MATR_b3c8,MATR_b1c26,MATR_b3c27,MATR_b4c2",False,False,0.95
540,MATR_b4c21,773.0,831.6020570062678,56.937794045556174,720.0060313178186,943.1980826947171,233.0,291.60205700626784,180.0060313178186,403.1980826947171,58.60205700626784,"MATR_b4c37,MATR_b4c8,MATR_b1c29,MATR_b4c0,MATR_b4c31,MATR_b3c39,MATR_b3c16,MATR_b1c23,MATR_b3c35,MATR_b1c9,MATR_b2c10,MATR_b3c0,MATR_b3c8,MATR_b1c26,MATR_b3c27,MATR_b4c2",False,False,0.95
540,MATR_b4c3,777.0,585.6669550593629,38.42473851128575,510.3558514618736,660.9780586568521,237.0,45.66695505936286,-29.644148538126387,120.97805865685211,191.33304494063714,"MATR_b4c37,MATR_b4c8,MATR_b1c29,MATR_b4c0,MATR_b4c31,MATR_b3c39,MATR_b3c16,MATR_b1c23,MATR_b3c35,MATR_b1c9,MATR_b2c10,MATR_b3c0,MATR_b3c8,MATR_b1c26,MATR_b3c27,MATR_b4c2",False,False,0.95
540,MATR_b4c32,754.0,763.0872213959906,57.182637123194084,651.0113120935071,875.1631306984741,214.0,223.08722139599058,111.01131209350706,335.1631306984741,9.087221395990582,"MATR_b4c37,MATR_b4c8,MATR_b1c29,MATR_b4c0,MATR_b4c31,MATR_b3c39,MATR_b3c16,MATR_b1c23,MATR_b3c35,MATR_b1c9,MATR_b2c10,MATR_b3c0,MATR_b3c8,MATR_b1c26,MATR_b3c27,MATR_b4c2",False,False,0.95
540,MATR_b4c34,891.0,638.7843389362118,48.30989962171931,544.0986755808968,733.4700022915268,351.0,98.78433893621184,4.098675580896838,193.47000229152684,252.21566106378816,"MATR_b4c37,MATR_b4c8,MATR_b1c29,MATR_b4c0,MATR_b4c31,MATR_b3c39,MATR_b3c16,MATR_b1c23,MATR_b3c35,MATR_b1c9,MATR_b2c10,MATR_b3c0,MATR_b3c8,MATR_b1c26,MATR_b3c27,MATR_b4c2",False,False,0.95
540,MATR_b4c42,774.0,623.9959788923859,50.29527817880592,525.419045069503,722.5729127152688,234.0,83.99597889238589,-14.580954930497,182.57291271526879,150.0040211076141,"MATR_b4c37,MATR_b4c8,MATR_b1c29,MATR_b4c0,MATR_b4c31,MATR_b3c39,MATR_b3c16,MATR_b1c23,MATR_b3c35,MATR_b1c9,MATR_b2c10,MATR_b3c0,MATR_b3c8,MATR_b1c26,MATR_b3c27,MATR_b4c2",False,False,0.95
540,MATR_b4c6,706.0,532.7927628714342,22.069083544587418,489.53815395223734,576.0473717906311,166.0,-7.207237128565794,-50.46184604776266,36.04737179063113,173.2072371285658,"MATR_b4c37,MATR_b4c8,MATR_b1c29,MATR_b4c0,MATR_b4c31,MATR_b3c39,MATR_b3c16,MATR_b1c23,MATR_b3c35,MATR_b1c9,MATR_b2c10,MATR_b3c0,MATR_b3c8,MATR_b1c26,MATR_b3c27,MATR_b4c2",False,False,0.95
560,MATR_b1c14,877.0,701.8624902388542,37.477563575915504,628.4078154017496,775.3171650759588,317.0,141.8624902388542,68.40781540174964,215.31716507595877,175.1375097611458,"MATR_b1c29,MATR_b4c44,MATR_b4c43,MATR_b3c26,MATR_b3c4,MATR_b4c4,MATR_b3c44,MATR_b1c31,MATR_b1c33,MATR_b1c44,MATR_b4c5,MATR_b1c0,MATR_b3c34,MATR_b1c24,MATR_b3c19,MATR_b3c38",False,False,0.95
560,MATR_b1c18,687.0,621.662750122099,34.90509751048916,553.2500161246816,690.0754841195165,127.0,61.662750122099055,-6.749983875318435,130.07548411951655,65.33724987790094,"MATR_b1c29,MATR_b4c44,MATR_b4c43,MATR_b3c26,MATR_b3c4,MATR_b4c4,MATR_b3c44,MATR_b1c31,MATR_b1c33,MATR_b1c44,MATR_b4c5,MATR_b1c0,MATR_b3c34,MATR_b1c24,MATR_b3c19,MATR_b3c38",False,False,0.95
560,MATR_b1c19,786.0,657.3845087539423,39.020134716136084,580.9064500384146,733.86256746947,226.0,97.38450875394233,20.90645003841462,173.86256746947004,128.61549124605767,"MATR_b1c29,MATR_b4c44,MATR_b4c43,MATR_b3c26,MATR_b3c4,MATR_b4c4,MATR_b3c44,MATR_b1c31,MATR_b1c33,MATR_b1c44,MATR_b4c5,MATR_b1c0,MATR_b3c34,MATR_b1c24,MATR_b3c19,MATR_b3c38",False,False,0.95
560,MATR_b1c2,2237.0,1496.8368927562415,111.61815382863168,1278.069331231272,1715.604454281211,1677.0,936.8368927562415,718.0693312312719,1155.604454281211,740.1631072437585,"MATR_b1c29,MATR_b4c44,MATR_b4c43,MATR_b3c26,MATR_b3c4,MATR_b4c4,MATR_b3c44,MATR_b1c31,MATR_b1c33,MATR_b1c44,MATR_b4c5,MATR_b1c0,MATR_b3c34,MATR_b1c24,MATR_b3c19,MATR_b3c38",False,False,0.95
560,MATR_b1c30,707.0,580.1821238461722,30.71528674105793,519.9812680588781,640.3829796334663,147.0,20.182123846172203,-40.01873194112193,80.38297963346633,126.8178761538278,"MATR_b1c29,MATR_b4c44,MATR_b4c43,MATR_b3c26,MATR_b3c4,MATR_b4c4,MATR_b3c44,MATR_b1c31,MATR_b1c33,MATR_b1c44,MATR_b4c5,MATR_b1c0,MATR_b3c34,MATR_b1c24,MATR_b3c19,MATR_b3c38",False,False,0.95
560,MATR_b1c34,742.0,657.5943056932407,31.421707079689316,596.0088914842825,719.1797199021989,182.0,97.5943056932407,36.00889148428246,159.17971990219894,84.4056943067593,"MATR_b1c29,MATR_b4c44,MATR_b4c43,MATR_b3c26,MATR_b3c4,MATR_b4c4,MATR_b3c44,MATR_b1c31,MATR_b1c33,MATR_b1c44,MATR_b4c5,MATR_b1c0,MATR_b3c34,MATR_b1c24,MATR_b3c19,MATR_b3c38",False,False,0.95
560,MATR_b1c35,701.0,504.1034454457558,28.9893879291316,447.28528917079774,560.921601720714,141.0,-55.896554554244176,-112.71471082920226,0.9216017207139657,196.89655455424418,"MATR_b1c29,MATR_b4c44,MATR_b4c43,MATR_b3c26,MATR_b3c4,MATR_b4c4,MATR_b3c44,MATR_b1c31,MATR_b1c33,MATR_b1c44,MATR_b4c5,MATR_b1c0,MATR_b3c34,MATR_b1c24,MATR_b3c19,MATR_b3c38",False,False,0.95
560,MATR_b1c42,700.0,520.954159462076,27.132231943025655,467.77596203355847,574.1323568905934,140.0,-39.04584053792405,-92.22403796644153,14.132356890593428,179.04584053792405,"MATR_b1c29,MATR_b4c44,MATR_b4c43,MATR_b3c26,MATR_b3c4,MATR_b4c4,MATR_b3c44,MATR_b1c31,MATR_b1c33,MATR_b1c44,MATR_b4c5,MATR_b1c0,MATR_b3c34,MATR_b1c24,MATR_b3c19,MATR_b3c38",False,False,0.95
560,MATR_b1c5,1071.0,789.4705836211452,33.217912237202434,724.3646719946162,854.5764952476743,511.0,229.47058362114524,164.36467199461617,294.5764952476743,281.52941637885476,"MATR_b1c29,MATR_b4c44,MATR_b4c43,MATR_b3c26,MATR_b3c4,MATR_b4c4,MATR_b3c44,MATR_b1c31,MATR_b1c33,MATR_b1c44,MATR_b4c5,MATR_b1c0,MATR_b3c34,MATR_b1c24,MATR_b3c19,MATR_b3c38",False,False,0.95
560,MATR_b1c6,633.0,559.3553927368006,28.939589855396306,502.6348388928631,616.075946580738,73.0,-0.6446072631994184,-57.365161107136885,56.07594658073799,73.64460726319942,"MATR_b1c29,MATR_b4c44,MATR_b4c43,MATR_b3c26,MATR_b3c4,MATR_b4c4,MATR_b3c44,MATR_b1c31,MATR_b1c33,MATR_b1c44,MATR_b4c5,MATR_b1c0,MATR_b3c34,MATR_b1c24,MATR_b3c19,MATR_b3c38",False,False,0.95
560,MATR_b3c1,1061.0,848.5773544221356,44.179719981350196,761.9866944116246,935.1680144326466,501.0,288.5773544221356,201.98669441162463,375.1680144326466,212.4226455778644,"MATR_b1c29,MATR_b4c44,MATR_b4c43,MATR_b3c26,MATR_b3c4,MATR_b4c4,MATR_b3c44,MATR_b1c31,MATR_b1c33,MATR_b1c44,MATR_b4c5,MATR_b1c0,MATR_b3c34,MATR_b1c24,MATR_b3c19,MATR_b3c38",False,False,0.95
560,MATR_b3c14,856.0,579.7780370251626,31.61345165856238,517.8168103473823,641.7392637029428,296.0,19.778037025162575,-42.18318965261767,81.73926370294282,276.2219629748374,"MATR_b1c29,MATR_b4c44,MATR_b4c43,MATR_b3c26,MATR_b3c4,MATR_b4c4,MATR_b3c44,MATR_b1c31,MATR_b1c33,MATR_b1c44,MATR_b4c5,MATR_b1c0,MATR_b3c34,MATR_b1c24,MATR_b3c19,MATR_b3c38",False,False,0.95
560,MATR_b3c17,1313.0,892.7599913864057,46.292565987226105,802.0282292994987,983.4917534733127,753.0,332.75999138640566,242.02822929949866,423.49175347331266,420.24000861359434,"MATR_b1c29,MATR_b4c44,MATR_b4c43,MATR_b3c26,MATR_b3c4,MATR_b4c4,MATR_b3c44,MATR_b1c31,MATR_b1c33,MATR_b1c44,MATR_b4c5,MATR_b1c0,MATR_b3c34,MATR_b1c24,MATR_b3c19,MATR_b3c38",False,False,0.95
560,MATR_b3c24,823.0,649.9265079686282,47.483668914463415,556.8602270424558,742.9927888948007,263.0,89.92650796862824,-3.13977295754421,182.9927888948007,173.07349203137176,"MATR_b1c29,MATR_b4c44,MATR_b4c43,MATR_b3c26,MATR_b3c4,MATR_b4c4,MATR_b3c44,MATR_b1c31,MATR_b1c33,MATR_b1c44,MATR_b4c5,MATR_b1c0,MATR_b3c34,MATR_b1c24,MATR_b3c19,MATR_b3c38",False,False,0.95
560,MATR_b3c31,729.0,586.2916222468523,37.14698942929894,513.4848608313363,659.0983836623683,169.0,26.291622246852285,-46.51513916866372,99.09838366236829,142.70837775314772,"MATR_b1c29,MATR_b4c44,MATR_b4c43,MATR_b3c26,MATR_b3c4,MATR_b4c4,MATR_b3c44,MATR_b1c31,MATR_b1c33,MATR_b1c44,MATR_b4c5,MATR_b1c0,MATR_b3c34,MATR_b1c24,MATR_b3c19,MATR_b3c38",False,False,0.95
560,MATR_b3c33,1282.0,1037.3250062240286,45.495274573422506,948.1559065933596,1126.4941058546976,722.0,477.3250062240286,388.15590659335965,566.4941058546976,244.67499377597142,"MATR_b1c29,MATR_b4c44,MATR_b4c43,MATR_b3c26,MATR_b3c4,MATR_b4c4,MATR_b3c44,MATR_b1c31,MATR_b1c33,MATR_b1c44,MATR_b4c5,MATR_b1c0,MATR_b3c34,MATR_b1c24,MATR_b3c19,MATR_b3c38",False,False,0.95
560,MATR_b3c36,921.0,931.4348376590187,62.38387643402352,809.1646866323356,1053.704988685702,361.0,371.43483765901874,249.1646866323356,493.7049886857019,10.43483765901874,"MATR_b1c29,MATR_b4c44,MATR_b4c43,MATR_b3c26,MATR_b3c4,MATR_b4c4,MATR_b3c44,MATR_b1c31,MATR_b1c33,MATR_b1c44,MATR_b4c5,MATR_b1c0,MATR_b3c34,MATR_b1c24,MATR_b3c19,MATR_b3c38",False,False,0.95
560,MATR_b3c6,665.0,456.70591691884204,42.04846404940067,374.2924417767895,539.1193920608946,105.0,-103.29408308115796,-185.70755822321053,-20.880607939105403,208.29408308115796,"MATR_b1c29,MATR_b4c44,MATR_b4c43,MATR_b3c26,MATR_b3c4,MATR_b4c4,MATR_b3c44,MATR_b1c31,MATR_b1c33,MATR_b1c44,MATR_b4c5,MATR_b1c0,MATR_b3c34,MATR_b1c24,MATR_b3c19,MATR_b3c38",False,False,0.95
560,MATR_b4c1,760.0,538.925371304538,37.73391226924803,464.9682622610178,612.8824803480582,200.0,-21.074628695462025,-95.0317377389822,52.88248034805815,221.07462869546202,"MATR_b1c29,MATR_b4c44,MATR_b4c43,MATR_b3c26,MATR_b3c4,MATR_b4c4,MATR_b3c44,MATR_b1c31,MATR_b1c33,MATR_b1c44,MATR_b4c5,MATR_b1c0,MATR_b3c34,MATR_b1c24,MATR_b3c19,MATR_b3c38",False,False,0.95
560,MATR_b4c11,863.0,707.3621369023913,52.0179494902757,605.4088293518273,809.3154444529553,303.0,147.36213690239128,45.40882935182731,249.31544445295526,155.63786309760872,"MATR_b1c29,MATR_b4c44,MATR_b4c43,MATR_b3c26,MATR_b3c4,MATR_b4c4,MATR_b3c44,MATR_b1c31,MATR_b1c33,MATR_b1c44,MATR_b4c5,MATR_b1c0,MATR_b3c34,MATR_b1c24,MATR_b3c19,MATR_b3c38",False,False,0.95
560,MATR_b4c15,675.0,541.3309036127496,34.728375393653685,473.26453859960134,609.3972686258978,115.0,-18.66909638725042,-86.73546140039866,49.39726862589782,133.66909638725042,"MATR_b1c29,MATR_b4c44,MATR_b4c43,MATR_b3c26,MATR_b3c4,MATR_b4c4,MATR_b3c44,MATR_b1c31,MATR_b1c33,MATR_b1c44,MATR_b4c5,MATR_b1c0,MATR_b3c34,MATR_b1c24,MATR_b3c19,MATR_b3c38",False,False,0.95
560,MATR_b4c21,773.0,811.314577237755,64.58476827596937,684.73075746699,937.89839700852,213.0,251.31457723775497,124.73075746698999,377.89839700851996,38.314577237754975,"MATR_b1c29,MATR_b4c44,MATR_b4c43,MATR_b3c26,MATR_b3c4,MATR_b4c4,MATR_b3c44,MATR_b1c31,MATR_b1c33,MATR_b1c44,MATR_b4c5,MATR_b1c0,MATR_b3c34,MATR_b1c24,MATR_b3c19,MATR_b3c38",False,False,0.95
560,MATR_b4c3,777.0,591.1135267481909,43.53140170815355,505.79354720366456,676.4335062927172,217.0,31.113526748190907,-54.20645279633544,116.4335062927172,185.8864732518091,"MATR_b1c29,MATR_b4c44,MATR_b4c43,MATR_b3c26,MATR_b3c4,MATR_b4c4,MATR_b3c44,MATR_b1c31,MATR_b1c33,MATR_b1c44,MATR_b4c5,MATR_b1c0,MATR_b3c34,MATR_b1c24,MATR_b3c19,MATR_b3c38",False,False,0.95
560,MATR_b4c32,754.0,747.4346978843839,63.238924109641516,623.4886842084248,871.380711560343,194.0,187.43469788438392,63.48868420842484,311.380711560343,6.565302115616078,"MATR_b1c29,MATR_b4c44,MATR_b4c43,MATR_b3c26,MATR_b3c4,MATR_b4c4,MATR_b3c44,MATR_b1c31,MATR_b1c33,MATR_b1c44,MATR_b4c5,MATR_b1c0,MATR_b3c34,MATR_b1c24,MATR_b3c19,MATR_b3c38",False,False,0.95
560,MATR_b4c34,891.0,645.060387651997,55.87710848370621,535.5432674636953,754.5775078402986,331.0,85.06038765199696,-24.456732536304685,194.5775078402986,245.93961234800304,"MATR_b1c29,MATR_b4c44,MATR_b4c43,MATR_b3c26,MATR_b3c4,MATR_b4c4,MATR_b3c44,MATR_b1c31,MATR_b1c33,MATR_b1c44,MATR_b4c5,MATR_b1c0,MATR_b3c34,MATR_b1c24,MATR_b3c19,MATR_b3c38",False,False,0.95
560,MATR_b4c42,774.0,619.2057001316726,54.80439742452832,511.7910549851775,726.6203452781679,214.0,59.20570013167264,-48.20894501482252,166.62034527816786,154.79429986832736,"MATR_b1c29,MATR_b4c44,MATR_b4c43,MATR_b3c26,MATR_b3c4,MATR_b4c4,MATR_b3c44,MATR_b1c31,MATR_b1c33,MATR_b1c44,MATR_b4c5,MATR_b1c0,MATR_b3c34,MATR_b1c24,MATR_b3c19,MATR_b3c38",False,False,0.95
560,MATR_b4c6,706.0,537.4729584605986,24.695048017727302,489.0715537493659,585.8743631718314,146.0,-22.527041539401353,-70.92844625063412,25.87436317183142,168.52704153940135,"MATR_b1c29,MATR_b4c44,MATR_b4c43,MATR_b3c26,MATR_b3c4,MATR_b4c4,MATR_b3c44,MATR_b1c31,MATR_b1c33,MATR_b1c44,MATR_b4c5,MATR_b1c0,MATR_b3c34,MATR_b1c24,MATR_b3c19,MATR_b3c38",False,False,0.95
580,MATR_b1c14,877.0,693.5099778219023,39.54702887047994,615.999225540196,771.0207301036087,297.0,113.50997782190234,35.999225540195994,191.02073010360868,183.49002217809766,"MATR_b1c15,MATR_b4c24,MATR_b3c34,MATR_b3c44,MATR_b1c43,MATR_b4c44,MATR_b1c39,MATR_b4c13,MATR_b3c39,MATR_b1c28,MATR_b3c13,MATR_b3c38,MATR_b3c5,MATR_b1c31,MATR_b4c8,MATR_b4c2",False,False,0.95
580,MATR_b1c18,687.0,604.6205314722749,38.55911497526521,529.0460548450161,680.1950080995338,107.0,24.620531472274934,-50.9539451549839,100.19500809953377,82.37946852772507,"MATR_b1c15,MATR_b4c24,MATR_b3c34,MATR_b3c44,MATR_b1c43,MATR_b4c44,MATR_b1c39,MATR_b4c13,MATR_b3c39,MATR_b1c28,MATR_b3c13,MATR_b3c38,MATR_b3c5,MATR_b1c31,MATR_b4c8,MATR_b4c2",False,False,0.95
580,MATR_b1c19,786.0,655.1000030080403,42.26856452514204,572.2551388605546,737.944867155526,206.0,75.10000300804029,-7.744861139445447,157.94486715552603,130.8999969919597,"MATR_b1c15,MATR_b4c24,MATR_b3c34,MATR_b3c44,MATR_b1c43,MATR_b4c44,MATR_b1c39,MATR_b4c13,MATR_b3c39,MATR_b1c28,MATR_b3c13,MATR_b3c38,MATR_b3c5,MATR_b1c31,MATR_b4c8,MATR_b4c2",False,False,0.95
580,MATR_b1c2,2237.0,1452.8747608814726,102.06547701814611,1252.8301018610057,1652.9194199019396,1657.0,872.8747608814726,672.8301018610057,1072.9194199019396,784.1252391185274,"MATR_b1c15,MATR_b4c24,MATR_b3c34,MATR_b3c44,MATR_b1c43,MATR_b4c44,MATR_b1c39,MATR_b4c13,MATR_b3c39,MATR_b1c28,MATR_b3c13,MATR_b3c38,MATR_b3c5,MATR_b1c31,MATR_b4c8,MATR_b4c2",False,False,0.95
580,MATR_b1c30,707.0,563.690462198427,33.04321554157183,498.926949803552,628.453974593302,127.0,-16.309537801573015,-81.07305019644798,48.45397459330195,143.30953780157301,"MATR_b1c15,MATR_b4c24,MATR_b3c34,MATR_b3c44,MATR_b1c43,MATR_b4c44,MATR_b1c39,MATR_b4c13,MATR_b3c39,MATR_b1c28,MATR_b3c13,MATR_b3c38,MATR_b3c5,MATR_b1c31,MATR_b4c8,MATR_b4c2",False,False,0.95
580,MATR_b1c34,742.0,646.3291717163163,33.99685018266636,579.6965697704863,712.9617736621462,162.0,66.3291717163163,-0.3034302295136513,132.96177366214624,95.6708282836837,"MATR_b1c15,MATR_b4c24,MATR_b3c34,MATR_b3c44,MATR_b1c43,MATR_b4c44,MATR_b1c39,MATR_b4c13,MATR_b3c39,MATR_b1c28,MATR_b3c13,MATR_b3c38,MATR_b3c5,MATR_b1c31,MATR_b4c8,MATR_b4c2",False,False,0.95
580,MATR_b1c35,701.0,492.87998668609686,30.16787725764584,433.7520337710861,552.0079396011076,121.0,-87.12001331390314,-146.24796622891392,-27.992060398892363,208.12001331390314,"MATR_b1c15,MATR_b4c24,MATR_b3c34,MATR_b3c44,MATR_b1c43,MATR_b4c44,MATR_b1c39,MATR_b4c13,MATR_b3c39,MATR_b1c28,MATR_b3c13,MATR_b3c38,MATR_b3c5,MATR_b1c31,MATR_b4c8,MATR_b4c2",False,False,0.95
580,MATR_b1c42,700.0,510.9836671916125,29.764663179106556,452.6459993485982,569.3213350346268,120.0,-69.01633280838752,-127.3540006514018,-10.678664965373173,189.01633280838752,"MATR_b1c15,MATR_b4c24,MATR_b3c34,MATR_b3c44,MATR_b1c43,MATR_b4c44,MATR_b1c39,MATR_b4c13,MATR_b3c39,MATR_b1c28,MATR_b3c13,MATR_b3c38,MATR_b3c5,MATR_b1c31,MATR_b4c8,MATR_b4c2",False,False,0.95
580,MATR_b1c5,1071.0,772.7178590592841,33.77039585945184,706.529099431098,838.9066186874703,491.0,192.71785905928414,126.52909943109796,258.9066186874703,298.28214094071586,"MATR_b1c15,MATR_b4c24,MATR_b3c34,MATR_b3c44,MATR_b1c43,MATR_b4c44,MATR_b1c39,MATR_b4c13,MATR_b3c39,MATR_b1c28,MATR_b3c13,MATR_b3c38,MATR_b3c5,MATR_b1c31,MATR_b4c8,MATR_b4c2",False,False,0.95
580,MATR_b1c6,633.0,534.0055502733132,32.87957750457554,469.5627625374518,598.4483380091747,53.0,-45.99444972668675,-110.43723746254818,18.448338009174677,98.99444972668675,"MATR_b1c15,MATR_b4c24,MATR_b3c34,MATR_b3c44,MATR_b1c43,MATR_b4c44,MATR_b1c39,MATR_b4c13,MATR_b3c39,MATR_b1c28,MATR_b3c13,MATR_b3c38,MATR_b3c5,MATR_b1c31,MATR_b4c8,MATR_b4c2",False,False,0.95
580,MATR_b3c1,1061.0,837.7171164937405,44.233143112085166,751.0217490710477,924.4124839164333,481.0,257.7171164937405,171.02174907104768,344.4124839164333,223.2828835062595,"MATR_b1c15,MATR_b4c24,MATR_b3c34,MATR_b3c44,MATR_b1c43,MATR_b4c44,MATR_b1c39,MATR_b4c13,MATR_b3c39,MATR_b1c28,MATR_b3c13,MATR_b3c38,MATR_b3c5,MATR_b1c31,MATR_b4c8,MATR_b4c2",False,False,0.95
580,MATR_b3c14,856.0,582.0255441360931,32.91791230591667,517.5076215702486,646.5434667019376,276.0,2.0255441360931172,-62.4923784297514,66.54346670193763,273.9744558639069,"MATR_b1c15,MATR_b4c24,MATR_b3c34,MATR_b3c44,MATR_b1c43,MATR_b4c44,MATR_b1c39,MATR_b4c13,MATR_b3c39,MATR_b1c28,MATR_b3c13,MATR_b3c38,MATR_b3c5,MATR_b1c31,MATR_b4c8,MATR_b4c2",False,False,0.95
580,MATR_b3c17,1313.0,876.3274503957117,45.94971228347892,786.2676692201153,966.3872315713081,733.0,296.3274503957117,206.2676692201153,386.3872315713081,436.6725496042883,"MATR_b1c15,MATR_b4c24,MATR_b3c34,MATR_b3c44,MATR_b1c43,MATR_b4c44,MATR_b1c39,MATR_b4c13,MATR_b3c39,MATR_b1c28,MATR_b3c13,MATR_b3c38,MATR_b3c5,MATR_b1c31,MATR_b4c8,MATR_b4c2",False,False,0.95
580,MATR_b3c24,823.0,644.6776418544143,51.00318288535865,544.7132403022017,744.642043406627,243.0,64.67764185441433,-35.28675969779829,164.64204340662695,178.32235814558567,"MATR_b1c15,MATR_b4c24,MATR_b3c34,MATR_b3c44,MATR_b1c43,MATR_b4c44,MATR_b1c39,MATR_b4c13,MATR_b3c39,MATR_b1c28,MATR_b3c13,MATR_b3c38,MATR_b3c5,MATR_b1c31,MATR_b4c8,MATR_b4c2",False,False,0.95
580,MATR_b3c31,729.0,574.700661277773,40.33539996232198,495.64473004960365,653.7565925059423,149.0,-5.2993387222270485,-84.35526995039635,73.75659250594231,154.29933872222705,"MATR_b1c15,MATR_b4c24,MATR_b3c34,MATR_b3c44,MATR_b1c43,MATR_b4c44,MATR_b1c39,MATR_b4c13,MATR_b3c39,MATR_b1c28,MATR_b3c13,MATR_b3c38,MATR_b3c5,MATR_b1c31,MATR_b4c8,MATR_b4c2",False,False,0.95
580,MATR_b3c33,1282.0,1003.6376549863825,43.3742516057485,918.6256839827369,1088.6496259900282,702.0,423.6376549863825,338.62568398273686,508.6496259900282,278.3623450136175,"MATR_b1c15,MATR_b4c24,MATR_b3c34,MATR_b3c44,MATR_b1c43,MATR_b4c44,MATR_b1c39,MATR_b4c13,MATR_b3c39,MATR_b1c28,MATR_b3c13,MATR_b3c38,MATR_b3c5,MATR_b1c31,MATR_b4c8,MATR_b4c2",False,False,0.95
580,MATR_b3c36,921.0,882.9809661109567,66.69691796979343,752.2574090103393,1013.7045232115742,341.0,302.98096611095673,172.2574090103393,433.70452321157416,38.01903388904327,"MATR_b1c15,MATR_b4c24,MATR_b3c34,MATR_b3c44,MATR_b1c43,MATR_b4c44,MATR_b1c39,MATR_b4c13,MATR_b3c39,MATR_b1c28,MATR_b3c13,MATR_b3c38,MATR_b3c5,MATR_b1c31,MATR_b4c8,MATR_b4c2",False,False,0.95
580,MATR_b3c6,665.0,439.73985975209484,46.48954231611038,348.6220311547677,530.857688349422,85.0,-140.26014024790516,-231.37796884523232,-49.142311650577994,225.26014024790516,"MATR_b1c15,MATR_b4c24,MATR_b3c34,MATR_b3c44,MATR_b1c43,MATR_b4c44,MATR_b1c39,MATR_b4c13,MATR_b3c39,MATR_b1c28,MATR_b3c13,MATR_b3c38,MATR_b3c5,MATR_b1c31,MATR_b4c8,MATR_b4c2",False,False,0.95
580,MATR_b4c1,760.0,528.3761684420072,41.793543266255554,446.4623288538298,610.2900080301845,180.0,-51.623831557992844,-133.53767114617023,30.29000803018448,231.62383155799284,"MATR_b1c15,MATR_b4c24,MATR_b3c34,MATR_b3c44,MATR_b1c43,MATR_b4c44,MATR_b1c39,MATR_b4c13,MATR_b3c39,MATR_b1c28,MATR_b3c13,MATR_b3c38,MATR_b3c5,MATR_b1c31,MATR_b4c8,MATR_b4c2",False,False,0.95
580,MATR_b4c11,863.0,696.7184896606115,53.77817930924501,591.3151950603541,802.1217842608688,283.0,116.71848966061145,11.315195060354085,222.12178426086882,166.28151033938855,"MATR_b1c15,MATR_b4c24,MATR_b3c34,MATR_b3c44,MATR_b1c43,MATR_b4c44,MATR_b1c39,MATR_b4c13,MATR_b3c39,MATR_b1c28,MATR_b3c13,MATR_b3c38,MATR_b3c5,MATR_b1c31,MATR_b4c8,MATR_b4c2",False,False,0.95
580,MATR_b4c15,675.0,529.7753040043575,38.1686956306787,454.96603523135593,604.5845727773591,95.0,-50.22469599564249,-125.03396476864407,24.584572777359085,145.2246959956425,"MATR_b1c15,MATR_b4c24,MATR_b3c34,MATR_b3c44,MATR_b1c43,MATR_b4c44,MATR_b1c39,MATR_b4c13,MATR_b3c39,MATR_b1c28,MATR_b3c13,MATR_b3c38,MATR_b3c5,MATR_b1c31,MATR_b4c8,MATR_b4c2",False,False,0.95
580,MATR_b4c21,773.0,777.6550137910293,67.36759821043906,645.6169475736037,909.6930800084549,193.0,197.65501379102932,65.61694757360374,329.6930800084549,4.655013791029319,"MATR_b1c15,MATR_b4c24,MATR_b3c34,MATR_b3c44,MATR_b1c43,MATR_b4c44,MATR_b1c39,MATR_b4c13,MATR_b3c39,MATR_b1c28,MATR_b3c13,MATR_b3c38,MATR_b3c5,MATR_b1c31,MATR_b4c8,MATR_b4c2",False,False,0.95
580,MATR_b4c3,777.0,587.8915403303163,47.49224108039905,494.8084582676405,680.974622392992,197.0,7.891540330316275,-85.1915417323595,100.97462239299205,189.10845966968373,"MATR_b1c15,MATR_b4c24,MATR_b3c34,MATR_b3c44,MATR_b1c43,MATR_b4c44,MATR_b1c39,MATR_b4c13,MATR_b3c39,MATR_b1c28,MATR_b3c13,MATR_b3c38,MATR_b3c5,MATR_b1c31,MATR_b4c8,MATR_b4c2",False,False,0.95
580,MATR_b4c32,754.0,725.8038416229972,65.08846535888313,598.2327937106033,853.374889535391,174.0,145.8038416229972,18.232793710603346,273.37488953539105,28.196158377002803,"MATR_b1c15,MATR_b4c24,MATR_b3c34,MATR_b3c44,MATR_b1c43,MATR_b4c44,MATR_b1c39,MATR_b4c13,MATR_b3c39,MATR_b1c28,MATR_b3c13,MATR_b3c38,MATR_b3c5,MATR_b1c31,MATR_b4c8,MATR_b4c2",False,False,0.95
580,MATR_b4c34,891.0,642.5771506826477,60.16393010687497,524.6580145047877,760.4962868605077,311.0,62.5771506826477,-55.34198549521227,180.49628686050767,248.4228493173523,"MATR_b1c15,MATR_b4c24,MATR_b3c34,MATR_b3c44,MATR_b1c43,MATR_b4c44,MATR_b1c39,MATR_b4c13,MATR_b3c39,MATR_b1c28,MATR_b3c13,MATR_b3c38,MATR_b3c5,MATR_b1c31,MATR_b4c8,MATR_b4c2",False,False,0.95
580,MATR_b4c42,774.0,609.8036243264557,57.13640294391337,497.81833235021725,721.7889163026942,194.0,29.803624326455747,-82.18166764978275,141.78891630269425,164.19637567354425,"MATR_b1c15,MATR_b4c24,MATR_b3c34,MATR_b3c44,MATR_b1c43,MATR_b4c44,MATR_b1c39,MATR_b4c13,MATR_b3c39,MATR_b1c28,MATR_b3c13,MATR_b3c38,MATR_b3c5,MATR_b1c31,MATR_b4c8,MATR_b4c2",False,False,0.95
580,MATR_b4c6,706.0,532.3944159200412,26.712562787450214,480.0387549218739,584.7500769182085,126.0,-47.60558407995882,-99.96124507812613,4.750076918208492,173.60558407995882,"MATR_b1c15,MATR_b4c24,MATR_b3c34,MATR_b3c44,MATR_b1c43,MATR_b4c44,MATR_b1c39,MATR_b4c13,MATR_b3c39,MATR_b1c28,MATR_b3c13,MATR_b3c38,MATR_b3c5,MATR_b1c31,MATR_b4c8,MATR_b4c2",False,False,0.95
600,MATR_b1c14,877.0,690.7652992011385,43.6565496850404,605.200034129176,776.3305642731011,277.0,90.76529920113853,5.200034129175947,176.33056427310112,186.23470079886147,"MATR_b1c41,MATR_b3c13,MATR_b4c35,MATR_b1c29,MATR_b3c10,MATR_b4c24,MATR_b4c39,MATR_b3c41,MATR_b4c16,MATR_b3c4,MATR_b3c27,MATR_b1c39,MATR_b4c8,MATR_b1c38,MATR_b4c17,MATR_b1c33",False,False,0.95
600,MATR_b1c18,687.0,590.2476533020911,44.46709925669615,503.09374026199885,677.4015663421833,87.0,-9.752346697908933,-96.90625973800115,77.40156634218329,96.75234669790893,"MATR_b1c41,MATR_b3c13,MATR_b4c35,MATR_b1c29,MATR_b3c10,MATR_b4c24,MATR_b4c39,MATR_b3c41,MATR_b4c16,MATR_b3c4,MATR_b3c27,MATR_b1c39,MATR_b4c8,MATR_b1c38,MATR_b4c17,MATR_b1c33",False,False,0.95
600,MATR_b1c19,786.0,642.5095707751287,47.420295108122595,549.5675002269476,735.4516413233099,186.0,42.509570775128736,-50.43249977305243,135.4516413233099,143.49042922487126,"MATR_b1c41,MATR_b3c13,MATR_b4c35,MATR_b1c29,MATR_b3c10,MATR_b4c24,MATR_b4c39,MATR_b3c41,MATR_b4c16,MATR_b3c4,MATR_b3c27,MATR_b1c39,MATR_b4c8,MATR_b1c38,MATR_b4c17,MATR_b1c33",False,False,0.95
600,MATR_b1c2,2237.0,1418.3502543650543,99.16561961085374,1223.989211423182,1612.7112973069266,1637.0,818.3502543650543,623.989211423182,1012.7112973069266,818.6497456349457,"MATR_b1c41,MATR_b3c13,MATR_b4c35,MATR_b1c29,MATR_b3c10,MATR_b4c24,MATR_b4c39,MATR_b3c41,MATR_b4c16,MATR_b3c4,MATR_b3c27,MATR_b1c39,MATR_b4c8,MATR_b1c38,MATR_b4c17,MATR_b1c33",False,False,0.95
600,MATR_b1c30,707.0,548.1741455428796,36.526660077700036,476.5832073150506,619.7650837707087,107.0,-51.825854457120386,-123.41679268494943,19.765083770708657,158.82585445712039,"MATR_b1c41,MATR_b3c13,MATR_b4c35,MATR_b1c29,MATR_b3c10,MATR_b4c24,MATR_b4c39,MATR_b3c41,MATR_b4c16,MATR_b3c4,MATR_b3c27,MATR_b1c39,MATR_b4c8,MATR_b1c38,MATR_b4c17,MATR_b1c33",False,False,0.95
600,MATR_b1c34,742.0,619.9698273316012,37.878328800245406,545.7296670885539,694.2099875746485,142.0,19.96982733160121,-54.270332911446076,94.2099875746485,122.03017266839879,"MATR_b1c41,MATR_b3c13,MATR_b4c35,MATR_b1c29,MATR_b3c10,MATR_b4c24,MATR_b4c39,MATR_b3c41,MATR_b4c16,MATR_b3c4,MATR_b3c27,MATR_b1c39,MATR_b4c8,MATR_b1c38,MATR_b4c17,MATR_b1c33",False,False,0.95
600,MATR_b1c35,701.0,479.2808241209881,32.90270165143264,414.79271389011353,543.7689343518626,101.0,-120.71917587901191,-185.20728610988647,-56.23106564813736,221.7191758790119,"MATR_b1c41,MATR_b3c13,MATR_b4c35,MATR_b1c29,MATR_b3c10,MATR_b4c24,MATR_b4c39,MATR_b3c41,MATR_b4c16,MATR_b3c4,MATR_b3c27,MATR_b1c39,MATR_b4c8,MATR_b1c38,MATR_b4c17,MATR_b1c33",False,False,0.95
600,MATR_b1c42,700.0,494.8448099232204,33.925903982761646,428.3512599740436,561.3383598723972,100.0,-105.1551900767796,-171.64874002595639,-38.66164012760282,205.1551900767796,"MATR_b1c41,MATR_b3c13,MATR_b4c35,MATR_b1c29,MATR_b3c10,MATR_b4c24,MATR_b4c39,MATR_b3c41,MATR_b4c16,MATR_b3c4,MATR_b3c27,MATR_b1c39,MATR_b4c8,MATR_b1c38,MATR_b4c17,MATR_b1c33",False,False,0.95
600,MATR_b1c5,1071.0,758.2457570098128,36.643619330760885,686.4255828583257,830.0659311612999,471.0,158.2457570098128,86.4255828583257,230.0659311612999,312.7542429901872,"MATR_b1c41,MATR_b3c13,MATR_b4c35,MATR_b1c29,MATR_b3c10,MATR_b4c24,MATR_b4c39,MATR_b3c41,MATR_b4c16,MATR_b3c4,MATR_b3c27,MATR_b1c39,MATR_b4c8,MATR_b1c38,MATR_b4c17,MATR_b1c33",False,False,0.95
600,MATR_b1c6,633.0,508.26552841060874,37.755714364168846,434.26568804625623,582.2653687749612,33.0,-91.73447158939126,-165.73431195374377,-17.73463122503881,124.73447158939126,"MATR_b1c41,MATR_b3c13,MATR_b4c35,MATR_b1c29,MATR_b3c10,MATR_b4c24,MATR_b4c39,MATR_b3c41,MATR_b4c16,MATR_b3c4,MATR_b3c27,MATR_b1c39,MATR_b4c8,MATR_b1c38,MATR_b4c17,MATR_b1c33",False,False,0.95
600,MATR_b3c1,1061.0,841.3964858334584,48.47125112049128,746.3945793516988,936.3983923152181,461.0,241.39648583345843,146.39457935169878,336.3983923152181,219.60351416654157,"MATR_b1c41,MATR_b3c13,MATR_b4c35,MATR_b1c29,MATR_b3c10,MATR_b4c24,MATR_b4c39,MATR_b3c41,MATR_b4c16,MATR_b3c4,MATR_b3c27,MATR_b1c39,MATR_b4c8,MATR_b1c38,MATR_b4c17,MATR_b1c33",False,False,0.95
600,MATR_b3c14,856.0,586.643542121707,36.10658160355357,515.8759425738856,657.4111416695284,256.0,-13.356457878292986,-84.1240574261144,57.41114166952843,269.356457878293,"MATR_b1c41,MATR_b3c13,MATR_b4c35,MATR_b1c29,MATR_b3c10,MATR_b4c24,MATR_b4c39,MATR_b3c41,MATR_b4c16,MATR_b3c4,MATR_b3c27,MATR_b1c39,MATR_b4c8,MATR_b1c38,MATR_b4c17,MATR_b1c33",False,False,0.95
600,MATR_b3c17,1313.0,887.826883968462,48.97804867396024,791.8316725344501,983.8220954024738,713.0,287.82688396846197,191.83167253445015,383.8220954024738,425.17311603153803,"MATR_b1c41,MATR_b3c13,MATR_b4c35,MATR_b1c29,MATR_b3c10,MATR_b4c24,MATR_b4c39,MATR_b3c41,MATR_b4c16,MATR_b3c4,MATR_b3c27,MATR_b1c39,MATR_b4c8,MATR_b1c38,MATR_b4c17,MATR_b1c33",False,False,0.95
600,MATR_b3c24,823.0,645.2645388179021,56.37535739529534,534.7708687075495,755.7582089282547,223.0,45.26453881790212,-65.22913129245046,155.7582089282547,177.73546118209788,"MATR_b1c41,MATR_b3c13,MATR_b4c35,MATR_b1c29,MATR_b3c10,MATR_b4c24,MATR_b4c39,MATR_b3c41,MATR_b4c16,MATR_b3c4,MATR_b3c27,MATR_b1c39,MATR_b4c8,MATR_b1c38,MATR_b4c17,MATR_b1c33",False,False,0.95
600,MATR_b3c31,729.0,564.8433479446023,44.278083468296565,478.0598990422827,651.6267968469219,129.0,-35.15665205539767,-121.94010095771728,51.626796846921934,164.15665205539767,"MATR_b1c41,MATR_b3c13,MATR_b4c35,MATR_b1c29,MATR_b3c10,MATR_b4c24,MATR_b4c39,MATR_b3c41,MATR_b4c16,MATR_b3c4,MATR_b3c27,MATR_b1c39,MATR_b4c8,MATR_b1c38,MATR_b4c17,MATR_b1c33",False,False,0.95
600,MATR_b3c33,1282.0,1004.5661588786596,46.72774690519989,912.9814578657649,1096.1508598915543,682.0,404.5661588786596,312.9814578657649,496.1508598915543,277.4338411213404,"MATR_b1c41,MATR_b3c13,MATR_b4c35,MATR_b1c29,MATR_b3c10,MATR_b4c24,MATR_b4c39,MATR_b3c41,MATR_b4c16,MATR_b3c4,MATR_b3c27,MATR_b1c39,MATR_b4c8,MATR_b1c38,MATR_b4c17,MATR_b1c33",False,False,0.95
600,MATR_b3c36,921.0,836.7581583588171,86.18795319051179,667.83287420419,1005.6834425134442,321.0,236.75815835881713,67.83287420419003,405.6834425134442,84.24184164118287,"MATR_b1c41,MATR_b3c13,MATR_b4c35,MATR_b1c29,MATR_b3c10,MATR_b4c24,MATR_b4c39,MATR_b3c41,MATR_b4c16,MATR_b3c4,MATR_b3c27,MATR_b1c39,MATR_b4c8,MATR_b1c38,MATR_b4c17,MATR_b1c33",False,False,0.95
600,MATR_b3c6,665.0,428.15243680100866,52.11001323507727,326.0186876263517,530.2861859756656,65.0,-171.84756319899134,-273.9813123736483,-69.7138140243344,236.84756319899134,"MATR_b1c41,MATR_b3c13,MATR_b4c35,MATR_b1c29,MATR_b3c10,MATR_b4c24,MATR_b4c39,MATR_b3c41,MATR_b4c16,MATR_b3c4,MATR_b3c27,MATR_b1c39,MATR_b4c8,MATR_b1c38,MATR_b4c17,MATR_b1c33",False,False,0.95
600,MATR_b4c1,760.0,520.0641597443417,46.82682552344275,428.285268208053,611.8430512806304,160.0,-79.93584025565826,-171.71473179194697,11.843051280630448,239.93584025565826,"MATR_b1c41,MATR_b3c13,MATR_b4c35,MATR_b1c29,MATR_b3c10,MATR_b4c24,MATR_b4c39,MATR_b3c41,MATR_b4c16,MATR_b3c4,MATR_b3c27,MATR_b1c39,MATR_b4c8,MATR_b1c38,MATR_b4c17,MATR_b1c33",False,False,0.95
600,MATR_b4c11,863.0,682.900007618414,60.20252837764113,564.9052202199867,800.8947950168412,263.0,82.90000761841395,-35.094779780013255,200.89479501684116,180.09999238158605,"MATR_b1c41,MATR_b3c13,MATR_b4c35,MATR_b1c29,MATR_b3c10,MATR_b4c24,MATR_b4c39,MATR_b3c41,MATR_b4c16,MATR_b3c4,MATR_b3c27,MATR_b1c39,MATR_b4c8,MATR_b1c38,MATR_b4c17,MATR_b1c33",False,False,0.95
600,MATR_b4c15,675.0,517.7281080873581,43.11711015173532,433.22012507251054,602.2360911022057,75.0,-82.27189191264188,-166.77987492748946,2.2360911022057053,157.27189191264188,"MATR_b1c41,MATR_b3c13,MATR_b4c35,MATR_b1c29,MATR_b3c10,MATR_b4c24,MATR_b4c39,MATR_b3c41,MATR_b4c16,MATR_b3c4,MATR_b3c27,MATR_b1c39,MATR_b4c8,MATR_b1c38,MATR_b4c17,MATR_b1c33",False,False,0.95
600,MATR_b4c21,773.0,757.2852462872063,76.41799879098154,607.5087208862572,907.0617716881554,173.0,157.2852462872063,7.5087208862571515,307.06177168815543,15.714753712793708,"MATR_b1c41,MATR_b3c13,MATR_b4c35,MATR_b1c29,MATR_b3c10,MATR_b4c24,MATR_b4c39,MATR_b3c41,MATR_b4c16,MATR_b3c4,MATR_b3c27,MATR_b1c39,MATR_b4c8,MATR_b1c38,MATR_b4c17,MATR_b1c33",False,False,0.95
600,MATR_b4c3,777.0,587.2976049693315,52.16317760119837,485.05965555181626,689.5355543868467,177.0,-12.702395030668526,-114.94034444818374,89.53555438684668,189.70239503066853,"MATR_b1c41,MATR_b3c13,MATR_b4c35,MATR_b1c29,MATR_b3c10,MATR_b4c24,MATR_b4c39,MATR_b3c41,MATR_b4c16,MATR_b3c4,MATR_b3c27,MATR_b1c39,MATR_b4c8,MATR_b1c38,MATR_b4c17,MATR_b1c33",False,False,0.95
600,MATR_b4c32,754.0,715.3793609519431,71.65561956045393,574.9369273235496,855.8217945803366,154.0,115.37936095194311,-25.06307267645036,255.8217945803366,38.62063904805689,"MATR_b1c41,MATR_b3c13,MATR_b4c35,MATR_b1c29,MATR_b3c10,MATR_b4c24,MATR_b4c39,MATR_b3c41,MATR_b4c16,MATR_b3c4,MATR_b3c27,MATR_b1c39,MATR_b4c8,MATR_b1c38,MATR_b4c17,MATR_b1c33",False,False,0.95
600,MATR_b4c34,891.0,640.6270158659693,66.92158681717228,509.46311591604115,771.7909158158974,291.0,40.62701586596927,-90.53688408395885,171.7909158158974,250.37298413403073,"MATR_b1c41,MATR_b3c13,MATR_b4c35,MATR_b1c29,MATR_b3c10,MATR_b4c24,MATR_b4c39,MATR_b3c41,MATR_b4c16,MATR_b3c4,MATR_b3c27,MATR_b1c39,MATR_b4c8,MATR_b1c38,MATR_b4c17,MATR_b1c33",False,False,0.95
600,MATR_b4c42,774.0,600.7392504567647,60.39309204891274,482.37096512588346,719.1075357876459,174.0,0.7392504567646938,-117.62903487411654,119.10753578764593,173.2607495432353,"MATR_b1c41,MATR_b3c13,MATR_b4c35,MATR_b1c29,MATR_b3c10,MATR_b4c24,MATR_b4c39,MATR_b3c41,MATR_b4c16,MATR_b3c4,MATR_b3c27,MATR_b1c39,MATR_b4c8,MATR_b1c38,MATR_b4c17,MATR_b1c33",False,False,0.95
600,MATR_b4c6,706.0,520.0165282361462,29.332116955383018,462.5266354132788,577.5064210590135,106.0,-79.9834717638538,-137.47336458672117,-22.49357894098648,185.9834717638538,"MATR_b1c41,MATR_b3c13,MATR_b4c35,MATR_b1c29,MATR_b3c10,MATR_b4c24,MATR_b4c39,MATR_b3c41,MATR_b4c16,MATR_b3c4,MATR_b3c27,MATR_b1c39,MATR_b4c8,MATR_b1c38,MATR_b4c17,MATR_b1c33",False,False,0.95
