horizon,cell_id,true_lifetime_cycles,predicted_lifetime_mean_cycles,predicted_lifetime_std_cycles,lifetime_lower_cycles,lifetime_upper_cycles,true_rul_cycles,predicted_rul_mean_cycles,rul_lower_cycles,rul_upper_cycles,absolute_error_cycles,context_cell_ids,query_label_used_as_input,model_parameter_update,interval_level
60,MATR_b1c1,2154.0,1524.7727771860586,225.57527251386182,1082.6533672560815,1966.8921871160358,2094.0,1464.7727771860586,1022.6533672560815,1906.8921871160358,629.2272228139414,"MATR_b2c32,MATR_b4c30,MATR_b4c20,MATR_b1c29,MATR_b4c7,MATR_b2c31,MATR_b1c37,MATR_b4c42,MATR_b1c30,MATR_b3c29,MATR_b2c20,MATR_b3c8,MATR_b1c41,MATR_b3c28,MATR_b4c26,MATR_b4c31",False,False,0.95
60,MATR_b1c20,533.0,1541.698829041536,221.26730265066644,1108.022884889906,1975.3747731931662,473.0,1481.698829041536,1048.022884889906,1915.3747731931662,1008.6988290415361,"MATR_b2c32,MATR_b4c30,MATR_b4c20,MATR_b1c29,MATR_b4c7,MATR_b2c31,MATR_b1c37,MATR_b4c42,MATR_b1c30,MATR_b3c29,MATR_b2c20,MATR_b3c8,MATR_b1c41,MATR_b3c28,MATR_b4c26,MATR_b4c31",False,False,0.95
60,MATR_b1c21,557.0,1397.4466923087436,220.17763643506967,965.9064546948532,1828.986929922634,497.0,1337.4466923087436,905.9064546948532,1768.986929922634,840.4466923087436,"MATR_b2c32,MATR_b4c30,MATR_b4c20,MATR_b1c29,MATR_b4c7,MATR_b2c31,MATR_b1c37,MATR_b4c42,MATR_b1c30,MATR_b3c29,MATR_b2c20,MATR_b3c8,MATR_b1c41,MATR_b3c28,MATR_b4c26,MATR_b4c31",False,False,0.95
60,MATR_b1c28,858.0,1497.4948617490334,227.87428036719362,1050.8694792263514,1944.1202442717154,798.0,1437.4948617490334,990.8694792263514,1884.1202442717154,639.4948617490334,"MATR_b2c32,MATR_b4c30,MATR_b4c20,MATR_b1c29,MATR_b4c7,MATR_b2c31,MATR_b1c37,MATR_b4c42,MATR_b1c30,MATR_b3c29,MATR_b2c20,MATR_b3c8,MATR_b1c41,MATR_b3c28,MATR_b4c26,MATR_b4c31",False,False,0.95
60,MATR_b1c39,622.0,1438.1787428241764,224.20188006300666,998.7511326345148,1877.606353013838,562.0,1378.1787428241764,938.7511326345148,1817.606353013838,816.1787428241764,"MATR_b2c32,MATR_b4c30,MATR_b4c20,MATR_b1c29,MATR_b4c7,MATR_b2c31,MATR_b1c37,MATR_b4c42,MATR_b1c30,MATR_b3c29,MATR_b2c20,MATR_b3c8,MATR_b1c41,MATR_b3c28,MATR_b4c26,MATR_b4c31",False,False,0.95
60,MATR_b1c7,869.0,1314.6295389867805,198.4187764345738,925.7358833185112,1703.5231946550498,809.0,1254.6295389867805,865.7358833185112,1643.5231946550498,445.6295389867805,"MATR_b2c32,MATR_b4c30,MATR_b4c20,MATR_b1c29,MATR_b4c7,MATR_b2c31,MATR_b1c37,MATR_b4c42,MATR_b1c30,MATR_b3c29,MATR_b2c20,MATR_b3c8,MATR_b1c41,MATR_b3c28,MATR_b4c26,MATR_b4c31",False,False,0.95
60,MATR_b1c9,1052.0,1414.7776134901912,222.69499883873482,978.3034362290819,1851.2517907513006,992.0,1354.7776134901912,918.3034362290819,1791.2517907513006,362.77761349019124,"MATR_b2c32,MATR_b4c30,MATR_b4c20,MATR_b1c29,MATR_b4c7,MATR_b2c31,MATR_b1c37,MATR_b4c42,MATR_b1c30,MATR_b3c29,MATR_b2c20,MATR_b3c8,MATR_b1c41,MATR_b3c28,MATR_b4c26,MATR_b4c31",False,False,0.95
60,MATR_b2c1,147.0,775.8909918475675,80.43385812579945,618.2435267833963,933.5384569117388,87.0,715.8909918475675,558.2435267833963,873.5384569117388,628.8909918475675,"MATR_b2c32,MATR_b4c30,MATR_b4c20,MATR_b1c29,MATR_b4c7,MATR_b2c31,MATR_b1c37,MATR_b4c42,MATR_b1c30,MATR_b3c29,MATR_b2c20,MATR_b3c8,MATR_b1c41,MATR_b3c28,MATR_b4c26,MATR_b4c31",False,False,0.95
60,MATR_b2c10,560.0,1439.0743314543115,214.02934831443096,1019.5845171234484,1858.5641457851746,500.0,1379.0743314543115,959.5845171234484,1798.5641457851746,879.0743314543115,"MATR_b2c32,MATR_b4c30,MATR_b4c20,MATR_b1c29,MATR_b4c7,MATR_b2c31,MATR_b1c37,MATR_b4c42,MATR_b1c30,MATR_b3c29,MATR_b2c20,MATR_b3c8,MATR_b1c41,MATR_b3c28,MATR_b4c26,MATR_b4c31",False,False,0.95
60,MATR_b2c21,488.0,1254.0128585056837,197.13617223499594,867.6330608750068,1640.3926561363605,428.0,1194.0128585056837,807.6330608750068,1580.3926561363605,766.0128585056837,"MATR_b2c32,MATR_b4c30,MATR_b4c20,MATR_b1c29,MATR_b4c7,MATR_b2c31,MATR_b1c37,MATR_b4c42,MATR_b1c30,MATR_b3c29,MATR_b2c20,MATR_b3c8,MATR_b1c41,MATR_b3c28,MATR_b4c26,MATR_b4c31",False,False,0.95
60,MATR_b2c23,526.0,1194.5855421030356,184.2827970703752,833.3978968747969,1555.7731873312741,466.0,1134.5855421030356,773.3978968747969,1495.7731873312741,668.5855421030356,"MATR_b2c32,MATR_b4c30,MATR_b4c20,MATR_b1c29,MATR_b4c7,MATR_b2c31,MATR_b1c37,MATR_b4c42,MATR_b1c30,MATR_b3c29,MATR_b2c20,MATR_b3c8,MATR_b1c41,MATR_b3c28,MATR_b4c26,MATR_b4c31",False,False,0.95
60,MATR_b2c25,460.0,1356.4196231433825,196.78306844294178,970.7318962279362,1742.1073500588288,400.0,1296.4196231433825,910.7318962279362,1682.1073500588288,896.4196231433825,"MATR_b2c32,MATR_b4c30,MATR_b4c20,MATR_b1c29,MATR_b4c7,MATR_b2c31,MATR_b1c37,MATR_b4c42,MATR_b1c30,MATR_b3c29,MATR_b2c20,MATR_b3c8,MATR_b1c41,MATR_b3c28,MATR_b4c26,MATR_b4c31",False,False,0.95
60,MATR_b2c29,497.0,1556.5316056442848,229.79414626131148,1106.1433551139849,2006.9198561745848,437.0,1496.5316056442848,1046.1433551139849,1946.9198561745848,1059.5316056442848,"MATR_b2c32,MATR_b4c30,MATR_b4c20,MATR_b1c29,MATR_b4c7,MATR_b2c31,MATR_b1c37,MATR_b4c42,MATR_b1c30,MATR_b3c29,MATR_b2c20,MATR_b3c8,MATR_b1c41,MATR_b3c28,MATR_b4c26,MATR_b4c31",False,False,0.95
60,MATR_b2c30,480.0,1413.0568843214405,213.24452549485943,995.1052944511828,1831.0084741916983,420.0,1353.0568843214405,935.1052944511828,1771.0084741916983,933.0568843214405,"MATR_b2c32,MATR_b4c30,MATR_b4c20,MATR_b1c29,MATR_b4c7,MATR_b2c31,MATR_b1c37,MATR_b4c42,MATR_b1c30,MATR_b3c29,MATR_b2c20,MATR_b3c8,MATR_b1c41,MATR_b3c28,MATR_b4c26,MATR_b4c31",False,False,0.95
60,MATR_b2c36,534.0,1450.1027039147189,225.3257170563284,1008.4724136936527,1891.732994135785,474.0,1390.1027039147189,948.4724136936527,1831.732994135785,916.1027039147189,"MATR_b2c32,MATR_b4c30,MATR_b4c20,MATR_b1c29,MATR_b4c7,MATR_b2c31,MATR_b1c37,MATR_b4c42,MATR_b1c30,MATR_b3c29,MATR_b2c20,MATR_b3c8,MATR_b1c41,MATR_b3c28,MATR_b4c26,MATR_b4c31",False,False,0.95
60,MATR_b2c40,498.0,1442.4676502626075,221.89522306640444,1007.5610047109735,1877.3742958142416,438.0,1382.4676502626075,947.5610047109735,1817.3742958142416,944.4676502626075,"MATR_b2c32,MATR_b4c30,MATR_b4c20,MATR_b1c29,MATR_b4c7,MATR_b2c31,MATR_b1c37,MATR_b4c42,MATR_b1c30,MATR_b3c29,MATR_b2c20,MATR_b3c8,MATR_b1c41,MATR_b3c28,MATR_b4c26,MATR_b4c31",False,False,0.95
60,MATR_b2c42,465.0,1448.8183385128532,221.4692193129785,1014.7466449752128,1882.8900320504936,405.0,1388.8183385128532,954.7466449752128,1822.8900320504936,983.8183385128532,"MATR_b2c32,MATR_b4c30,MATR_b4c20,MATR_b1c29,MATR_b4c7,MATR_b2c31,MATR_b1c37,MATR_b4c42,MATR_b1c30,MATR_b3c29,MATR_b2c20,MATR_b3c8,MATR_b1c41,MATR_b3c28,MATR_b4c26,MATR_b4c31",False,False,0.95
60,MATR_b2c46,428.0,1239.629292086509,190.4823154575677,866.2908140978791,1612.9677700751388,368.0,1179.629292086509,806.2908140978791,1552.9677700751388,811.6292920865089,"MATR_b2c32,MATR_b4c30,MATR_b4c20,MATR_b1c29,MATR_b4c7,MATR_b2c31,MATR_b1c37,MATR_b4c42,MATR_b1c30,MATR_b3c29,MATR_b2c20,MATR_b3c8,MATR_b1c41,MATR_b3c28,MATR_b4c26,MATR_b4c31",False,False,0.95
60,MATR_b3c19,1152.0,1550.0571497665846,229.10073329382476,1101.0279636789717,1999.0863358541976,1092.0,1490.0571497665846,1041.0279636789717,1939.0863358541976,398.05714976658464,"MATR_b2c32,MATR_b4c30,MATR_b4c20,MATR_b1c29,MATR_b4c7,MATR_b2c31,MATR_b1c37,MATR_b4c42,MATR_b1c30,MATR_b3c29,MATR_b2c20,MATR_b3c8,MATR_b1c41,MATR_b3c28,MATR_b4c26,MATR_b4c31",False,False,0.95
60,MATR_b3c20,811.0,1523.5701868237609,230.7242337362645,1071.3589983400811,1975.7813753074406,751.0,1463.5701868237609,1011.3589983400811,1915.7813753074406,712.5701868237609,"MATR_b2c32,MATR_b4c30,MATR_b4c20,MATR_b1c29,MATR_b4c7,MATR_b2c31,MATR_b1c37,MATR_b4c42,MATR_b1c30,MATR_b3c29,MATR_b2c20,MATR_b3c8,MATR_b1c41,MATR_b3c28,MATR_b4c26,MATR_b4c31",False,False,0.95
60,MATR_b3c3,1113.0,1428.658512056345,221.50435702529293,994.5179498680693,1862.7990742446207,1053.0,1368.658512056345,934.5179498680693,1802.7990742446207,315.658512056345,"MATR_b2c32,MATR_b4c30,MATR_b4c20,MATR_b1c29,MATR_b4c7,MATR_b2c31,MATR_b1c37,MATR_b4c42,MATR_b1c30,MATR_b3c29,MATR_b2c20,MATR_b3c8,MATR_b1c41,MATR_b3c28,MATR_b4c26,MATR_b4c31",False,False,0.95
60,MATR_b3c30,933.0,1552.162442634926,228.64387396698072,1104.0286843739286,2000.2962008959234,873.0,1492.162442634926,1044.0286843739286,1940.2962008959234,619.162442634926,"MATR_b2c32,MATR_b4c30,MATR_b4c20,MATR_b1c29,MATR_b4c7,MATR_b2c31,MATR_b1c37,MATR_b4c42,MATR_b1c30,MATR_b3c29,MATR_b2c20,MATR_b3c8,MATR_b1c41,MATR_b3c28,MATR_b4c26,MATR_b4c31",False,False,0.95
60,MATR_b3c44,938.0,1579.8861839844617,227.48859433281152,1134.0167321985086,2025.7556357704148,878.0,1519.8861839844617,1074.0167321985086,1965.7556357704148,641.8861839844617,"MATR_b2c32,MATR_b4c30,MATR_b4c20,MATR_b1c29,MATR_b4c7,MATR_b2c31,MATR_b1c37,MATR_b4c42,MATR_b1c30,MATR_b3c29,MATR_b2c20,MATR_b3c8,MATR_b1c41,MATR_b3c28,MATR_b4c26,MATR_b4c31",False,False,0.95
60,MATR_b3c45,1799.0,1523.2120066251118,230.0223255577416,1072.3765328917912,1974.0474803584325,1739.0,1463.2120066251118,1012.3765328917912,1914.0474803584325,275.7879933748882,"MATR_b2c32,MATR_b4c30,MATR_b4c20,MATR_b1c29,MATR_b4c7,MATR_b2c31,MATR_b1c37,MATR_b4c42,MATR_b1c30,MATR_b3c29,MATR_b2c20,MATR_b3c8,MATR_b1c41,MATR_b3c28,MATR_b4c26,MATR_b4c31",False,False,0.95
60,MATR_b4c10,872.0,1529.414615749653,217.82147584082347,1102.4923680422776,1956.3368634570284,812.0,1469.414615749653,1042.4923680422776,1896.3368634570284,657.414615749653,"MATR_b2c32,MATR_b4c30,MATR_b4c20,MATR_b1c29,MATR_b4c7,MATR_b2c31,MATR_b1c37,MATR_b4c42,MATR_b1c30,MATR_b3c29,MATR_b2c20,MATR_b3c8,MATR_b1c41,MATR_b3c28,MATR_b4c26,MATR_b4c31",False,False,0.95
60,MATR_b4c13,771.0,1522.9851913971206,230.4561165879507,1071.2995028677738,1974.6708799264675,711.0,1462.9851913971206,1011.2995028677738,1914.6708799264675,751.9851913971206,"MATR_b2c32,MATR_b4c30,MATR_b4c20,MATR_b1c29,MATR_b4c7,MATR_b2c31,MATR_b1c37,MATR_b4c42,MATR_b1c30,MATR_b3c29,MATR_b2c20,MATR_b3c8,MATR_b1c41,MATR_b3c28,MATR_b4c26,MATR_b4c31",False,False,0.95
60,MATR_b4c16,909.0,1201.4513992892091,177.58825997343206,853.3848056641464,1549.5179929142719,849.0,1141.4513992892091,793.3848056641464,1489.5179929142719,292.4513992892091,"MATR_b2c32,MATR_b4c30,MATR_b4c20,MATR_b1c29,MATR_b4c7,MATR_b2c31,MATR_b1c37,MATR_b4c42,MATR_b1c30,MATR_b3c29,MATR_b2c20,MATR_b3c8,MATR_b1c41,MATR_b3c28,MATR_b4c26,MATR_b4c31",False,False,0.95
60,MATR_b4c18,906.0,1116.4732852932527,156.47805768228088,809.7819278652012,1423.1646427213043,846.0,1056.4732852932527,749.7819278652012,1363.1646427213043,210.47328529325273,"MATR_b2c32,MATR_b4c30,MATR_b4c20,MATR_b1c29,MATR_b4c7,MATR_b2c31,MATR_b1c37,MATR_b4c42,MATR_b1c30,MATR_b3c29,MATR_b2c20,MATR_b3c8,MATR_b1c41,MATR_b3c28,MATR_b4c26,MATR_b4c31",False,False,0.95
60,MATR_b4c25,453.0,1007.0510476083464,111.16611285039289,789.169470120261,1224.9326250964316,393.0,947.0510476083464,729.169470120261,1164.9326250964316,554.0510476083464,"MATR_b2c32,MATR_b4c30,MATR_b4c20,MATR_b1c29,MATR_b4c7,MATR_b2c31,MATR_b1c37,MATR_b4c42,MATR_b1c30,MATR_b3c29,MATR_b2c20,MATR_b3c8,MATR_b1c41,MATR_b3c28,MATR_b4c26,MATR_b4c31",False,False,0.95
60,MATR_b4c29,887.0,1405.1343748292256,230.1378915078745,954.0723959958053,1856.1963536626458,827.0,1345.1343748292256,894.0723959958053,1796.1963536626458,518.1343748292256,"MATR_b2c32,MATR_b4c30,MATR_b4c20,MATR_b1c29,MATR_b4c7,MATR_b2c31,MATR_b1c37,MATR_b4c42,MATR_b1c30,MATR_b3c29,MATR_b2c20,MATR_b3c8,MATR_b1c41,MATR_b3c28,MATR_b4c26,MATR_b4c31",False,False,0.95
60,MATR_b4c33,505.0,1379.4402291830258,214.33481331126373,959.3517144598329,1799.5287439062188,445.0,1319.4402291830258,899.3517144598329,1739.5287439062188,874.4402291830258,"MATR_b2c32,MATR_b4c30,MATR_b4c20,MATR_b1c29,MATR_b4c7,MATR_b2c31,MATR_b1c37,MATR_b4c42,MATR_b1c30,MATR_b3c29,MATR_b2c20,MATR_b3c8,MATR_b1c41,MATR_b3c28,MATR_b4c26,MATR_b4c31",False,False,0.95
60,MATR_b4c37,863.0,1465.9407471567533,204.45774914653308,1065.2109224694236,1866.670571844083,803.0,1405.9407471567533,1005.2109224694236,1806.670571844083,602.9407471567533,"MATR_b2c32,MATR_b4c30,MATR_b4c20,MATR_b1c29,MATR_b4c7,MATR_b2c31,MATR_b1c37,MATR_b4c42,MATR_b1c30,MATR_b3c29,MATR_b2c20,MATR_b3c8,MATR_b1c41,MATR_b3c28,MATR_b4c26,MATR_b4c31",False,False,0.95
60,MATR_b4c4,656.0,1297.1861771259269,192.2400471410553,920.4026083431763,1673.9697459086774,596.0,1237.1861771259269,860.4026083431763,1613.9697459086774,641.1861771259269,"MATR_b2c32,MATR_b4c30,MATR_b4c20,MATR_b1c29,MATR_b4c7,MATR_b2c31,MATR_b1c37,MATR_b4c42,MATR_b1c30,MATR_b3c29,MATR_b2c20,MATR_b3c8,MATR_b1c41,MATR_b3c28,MATR_b4c26,MATR_b4c31",False,False,0.95
60,MATR_b4c9,442.0,981.4333588614724,134.59959132640313,717.6230075279125,1245.2437101950322,382.0,921.4333588614724,657.6230075279125,1185.2437101950322,539.4333588614724,"MATR_b2c32,MATR_b4c30,MATR_b4c20,MATR_b1c29,MATR_b4c7,MATR_b2c31,MATR_b1c37,MATR_b4c42,MATR_b1c30,MATR_b3c29,MATR_b2c20,MATR_b3c8,MATR_b1c41,MATR_b3c28,MATR_b4c26,MATR_b4c31",False,False,0.95
80,MATR_b1c1,2154.0,1613.1467309269192,242.10500205447295,1138.6296464231566,2087.663815430682,2074.0,1533.1467309269192,1058.6296464231566,2007.663815430682,540.8532690730808,"MATR_b4c1,MATR_b4c34,MATR_b4c41,MATR_b1c19,MATR_b2c39,MATR_b3c6,MATR_b3c40,MATR_b2c6,MATR_b1c43,MATR_b2c38,MATR_b1c16,MATR_b1c29,MATR_b1c31,MATR_b4c0,MATR_b3c1,MATR_b4c22",False,False,0.95
80,MATR_b1c20,533.0,830.154439400113,121.90398190007085,591.2270253039516,1069.0818534962746,453.0,750.154439400113,511.22702530395156,989.0818534962746,297.154439400113,"MATR_b4c1,MATR_b4c34,MATR_b4c41,MATR_b1c19,MATR_b2c39,MATR_b3c6,MATR_b3c40,MATR_b2c6,MATR_b1c43,MATR_b2c38,MATR_b1c16,MATR_b1c29,MATR_b1c31,MATR_b4c0,MATR_b3c1,MATR_b4c22",False,False,0.95
80,MATR_b1c21,557.0,847.8273834758861,137.98628835943,577.3792279310449,1118.2755390207274,477.0,767.8273834758861,497.37922793104485,1038.2755390207274,290.8273834758861,"MATR_b4c1,MATR_b4c34,MATR_b4c41,MATR_b1c19,MATR_b2c39,MATR_b3c6,MATR_b3c40,MATR_b2c6,MATR_b1c43,MATR_b2c38,MATR_b1c16,MATR_b1c29,MATR_b1c31,MATR_b4c0,MATR_b3c1,MATR_b4c22",False,False,0.95
80,MATR_b1c28,858.0,1221.5798003715588,209.45469443811695,811.0561428800077,1632.10345786311,778.0,1141.5798003715588,731.0561428800077,1552.10345786311,363.5798003715588,"MATR_b4c1,MATR_b4c34,MATR_b4c41,MATR_b1c19,MATR_b2c39,MATR_b3c6,MATR_b3c40,MATR_b2c6,MATR_b1c43,MATR_b2c38,MATR_b1c16,MATR_b1c29,MATR_b1c31,MATR_b4c0,MATR_b3c1,MATR_b4c22",False,False,0.95
80,MATR_b1c39,622.0,959.2316428189908,158.56900193198175,648.4421099678444,1270.0211756701374,542.0,879.2316428189908,568.4421099678444,1190.0211756701374,337.23164281899085,"MATR_b4c1,MATR_b4c34,MATR_b4c41,MATR_b1c19,MATR_b2c39,MATR_b3c6,MATR_b3c40,MATR_b2c6,MATR_b1c43,MATR_b2c38,MATR_b1c16,MATR_b1c29,MATR_b1c31,MATR_b4c0,MATR_b3c1,MATR_b4c22",False,False,0.95
80,MATR_b1c7,869.0,1234.0973902332908,188.81057188578814,864.0354694367352,1604.1593110298463,789.0,1154.0973902332908,784.0354694367352,1524.1593110298463,365.09739023329075,"MATR_b4c1,MATR_b4c34,MATR_b4c41,MATR_b1c19,MATR_b2c39,MATR_b3c6,MATR_b3c40,MATR_b2c6,MATR_b1c43,MATR_b2c38,MATR_b1c16,MATR_b1c29,MATR_b1c31,MATR_b4c0,MATR_b3c1,MATR_b4c22",False,False,0.95
80,MATR_b1c9,1052.0,1368.013963139044,225.83239078122017,925.3906106652773,1810.6373156128109,972.0,1288.013963139044,845.3906106652773,1730.6373156128109,316.0139631390441,"MATR_b4c1,MATR_b4c34,MATR_b4c41,MATR_b1c19,MATR_b2c39,MATR_b3c6,MATR_b3c40,MATR_b2c6,MATR_b1c43,MATR_b2c38,MATR_b1c16,MATR_b1c29,MATR_b1c31,MATR_b4c0,MATR_b3c1,MATR_b4c22",False,False,0.95
80,MATR_b2c1,147.0,530.3723934167892,48.62972187538016,435.0598899628445,625.684896870734,67.0,450.37239341678924,355.0598899628445,545.684896870734,383.37239341678924,"MATR_b4c1,MATR_b4c34,MATR_b4c41,MATR_b1c19,MATR_b2c39,MATR_b3c6,MATR_b3c40,MATR_b2c6,MATR_b1c43,MATR_b2c38,MATR_b1c16,MATR_b1c29,MATR_b1c31,MATR_b4c0,MATR_b3c1,MATR_b4c22",False,False,0.95
80,MATR_b2c10,560.0,1045.5878976053045,177.30384307060976,698.0787508663678,1393.097044344241,480.0,965.5878976053045,618.0787508663678,1313.097044344241,485.58789760530453,"MATR_b4c1,MATR_b4c34,MATR_b4c41,MATR_b1c19,MATR_b2c39,MATR_b3c6,MATR_b3c40,MATR_b2c6,MATR_b1c43,MATR_b2c38,MATR_b1c16,MATR_b1c29,MATR_b1c31,MATR_b4c0,MATR_b3c1,MATR_b4c22",False,False,0.95
80,MATR_b2c21,488.0,666.7107835020839,92.08923586742253,486.21919783812166,847.2023691660462,408.0,586.7107835020839,406.21919783812166,767.2023691660462,178.71078350208393,"MATR_b4c1,MATR_b4c34,MATR_b4c41,MATR_b1c19,MATR_b2c39,MATR_b3c6,MATR_b3c40,MATR_b2c6,MATR_b1c43,MATR_b2c38,MATR_b1c16,MATR_b1c29,MATR_b1c31,MATR_b4c0,MATR_b3c1,MATR_b4c22",False,False,0.95
80,MATR_b2c23,526.0,594.9863296907628,80.74637656512874,436.7263397410014,753.2463196405241,446.0,514.9863296907628,356.7263397410014,673.2463196405241,68.98632969076277,"MATR_b4c1,MATR_b4c34,MATR_b4c41,MATR_b1c19,MATR_b2c39,MATR_b3c6,MATR_b3c40,MATR_b2c6,MATR_b1c43,MATR_b2c38,MATR_b1c16,MATR_b1c29,MATR_b1c31,MATR_b4c0,MATR_b3c1,MATR_b4c22",False,False,0.95
80,MATR_b2c25,460.0,769.2475425669932,115.03651891181121,543.7801085929824,994.7149765410039,380.0,689.2475425669932,463.7801085929824,914.7149765410039,309.24754256699316,"MATR_b4c1,MATR_b4c34,MATR_b4c41,MATR_b1c19,MATR_b2c39,MATR_b3c6,MATR_b3c40,MATR_b2c6,MATR_b1c43,MATR_b2c38,MATR_b1c16,MATR_b1c29,MATR_b1c31,MATR_b4c0,MATR_b3c1,MATR_b4c22",False,False,0.95
80,MATR_b2c29,497.0,1116.2792422411694,188.00114403425195,747.8037708817085,1484.7547136006303,417.0,1036.2792422411694,667.8037708817085,1404.7547136006303,619.2792422411694,"MATR_b4c1,MATR_b4c34,MATR_b4c41,MATR_b1c19,MATR_b2c39,MATR_b3c6,MATR_b3c40,MATR_b2c6,MATR_b1c43,MATR_b2c38,MATR_b1c16,MATR_b1c29,MATR_b1c31,MATR_b4c0,MATR_b3c1,MATR_b4c22",False,False,0.95
80,MATR_b2c30,480.0,821.2602426622357,129.94096090766098,566.5806391666931,1075.9398461577782,400.0,741.2602426622357,486.5806391666931,995.9398461577782,341.26024266223567,"MATR_b4c1,MATR_b4c34,MATR_b4c41,MATR_b1c19,MATR_b2c39,MATR_b3c6,MATR_b3c40,MATR_b2c6,MATR_b1c43,MATR_b2c38,MATR_b1c16,MATR_b1c29,MATR_b1c31,MATR_b4c0,MATR_b3c1,MATR_b4c22",False,False,0.95
80,MATR_b2c36,534.0,1064.1450817798031,177.517950015425,716.2162931401888,1412.0738704194175,454.0,984.1450817798031,636.2162931401888,1332.0738704194175,530.1450817798031,"MATR_b4c1,MATR_b4c34,MATR_b4c41,MATR_b1c19,MATR_b2c39,MATR_b3c6,MATR_b3c40,MATR_b2c6,MATR_b1c43,MATR_b2c38,MATR_b1c16,MATR_b1c29,MATR_b1c31,MATR_b4c0,MATR_b3c1,MATR_b4c22",False,False,0.95
80,MATR_b2c40,498.0,764.5211921936086,120.29601284447477,528.7453395346704,1000.2970448525468,418.0,684.5211921936086,448.7453395346704,920.2970448525468,266.5211921936086,"MATR_b4c1,MATR_b4c34,MATR_b4c41,MATR_b1c19,MATR_b2c39,MATR_b3c6,MATR_b3c40,MATR_b2c6,MATR_b1c43,MATR_b2c38,MATR_b1c16,MATR_b1c29,MATR_b1c31,MATR_b4c0,MATR_b3c1,MATR_b4c22",False,False,0.95
80,MATR_b2c42,465.0,815.0277643238912,120.88106870452695,578.1052232503066,1051.9503053974759,385.0,735.0277643238912,498.1052232503066,971.9503053974759,350.02776432389123,"MATR_b4c1,MATR_b4c34,MATR_b4c41,MATR_b1c19,MATR_b2c39,MATR_b3c6,MATR_b3c40,MATR_b2c6,MATR_b1c43,MATR_b2c38,MATR_b1c16,MATR_b1c29,MATR_b1c31,MATR_b4c0,MATR_b3c1,MATR_b4c22",False,False,0.95
80,MATR_b2c46,428.0,601.2471448242532,79.04261191841695,446.32647222017954,756.1678174283268,348.0,521.2471448242532,366.32647222017954,676.1678174283268,173.24714482425316,"MATR_b4c1,MATR_b4c34,MATR_b4c41,MATR_b1c19,MATR_b2c39,MATR_b3c6,MATR_b3c40,MATR_b2c6,MATR_b1c43,MATR_b2c38,MATR_b1c16,MATR_b1c29,MATR_b1c31,MATR_b4c0,MATR_b3c1,MATR_b4c22",False,False,0.95
80,MATR_b3c19,1152.0,1476.505336347988,242.86789617889002,1000.4930068363508,1952.5176658596254,1072.0,1396.505336347988,920.4930068363508,1872.5176658596254,324.5053363479881,"MATR_b4c1,MATR_b4c34,MATR_b4c41,MATR_b1c19,MATR_b2c39,MATR_b3c6,MATR_b3c40,MATR_b2c6,MATR_b1c43,MATR_b2c38,MATR_b1c16,MATR_b1c29,MATR_b1c31,MATR_b4c0,MATR_b3c1,MATR_b4c22",False,False,0.95
80,MATR_b3c20,811.0,1426.5068753944647,241.8833495665219,952.4242217841697,1900.5895290047597,731.0,1346.5068753944647,872.4242217841697,1820.5895290047597,615.5068753944647,"MATR_b4c1,MATR_b4c34,MATR_b4c41,MATR_b1c19,MATR_b2c39,MATR_b3c6,MATR_b3c40,MATR_b2c6,MATR_b1c43,MATR_b2c38,MATR_b1c16,MATR_b1c29,MATR_b1c31,MATR_b4c0,MATR_b3c1,MATR_b4c22",False,False,0.95
80,MATR_b3c3,1113.0,1435.7627186188274,233.07761439356594,978.9389888049238,1892.586448432731,1033.0,1355.7627186188274,898.9389888049238,1812.586448432731,322.7627186188274,"MATR_b4c1,MATR_b4c34,MATR_b4c41,MATR_b1c19,MATR_b2c39,MATR_b3c6,MATR_b3c40,MATR_b2c6,MATR_b1c43,MATR_b2c38,MATR_b1c16,MATR_b1c29,MATR_b1c31,MATR_b4c0,MATR_b3c1,MATR_b4c22",False,False,0.95
80,MATR_b3c30,933.0,1534.0226806693715,246.49498869088384,1050.9013804656315,2017.1439808731116,853.0,1454.0226806693715,970.9013804656315,1937.1439808731116,601.0226806693715,"MATR_b4c1,MATR_b4c34,MATR_b4c41,MATR_b1c19,MATR_b2c39,MATR_b3c6,MATR_b3c40,MATR_b2c6,MATR_b1c43,MATR_b2c38,MATR_b1c16,MATR_b1c29,MATR_b1c31,MATR_b4c0,MATR_b3c1,MATR_b4c22",False,False,0.95
80,MATR_b3c44,938.0,1464.2937812838293,237.36343109464855,999.0700050914634,1929.5175574761952,858.0,1384.2937812838293,919.0700050914634,1849.5175574761952,526.2937812838293,"MATR_b4c1,MATR_b4c34,MATR_b4c41,MATR_b1c19,MATR_b2c39,MATR_b3c6,MATR_b3c40,MATR_b2c6,MATR_b1c43,MATR_b2c38,MATR_b1c16,MATR_b1c29,MATR_b1c31,MATR_b4c0,MATR_b3c1,MATR_b4c22",False,False,0.95
80,MATR_b3c45,1799.0,1623.6095847859888,249.49885732657432,1134.6008102420058,2112.6183593299716,1719.0,1543.6095847859888,1054.6008102420058,2032.6183593299716,175.39041521401123,"MATR_b4c1,MATR_b4c34,MATR_b4c41,MATR_b1c19,MATR_b2c39,MATR_b3c6,MATR_b3c40,MATR_b2c6,MATR_b1c43,MATR_b2c38,MATR_b1c16,MATR_b1c29,MATR_b1c31,MATR_b4c0,MATR_b3c1,MATR_b4c22",False,False,0.95
80,MATR_b4c10,872.0,1517.563381953591,228.82783327263084,1069.0690700788984,1966.0576938282836,792.0,1437.563381953591,989.0690700788984,1886.0576938282836,645.563381953591,"MATR_b4c1,MATR_b4c34,MATR_b4c41,MATR_b1c19,MATR_b2c39,MATR_b3c6,MATR_b3c40,MATR_b2c6,MATR_b1c43,MATR_b2c38,MATR_b1c16,MATR_b1c29,MATR_b1c31,MATR_b4c0,MATR_b3c1,MATR_b4c22",False,False,0.95
80,MATR_b4c13,771.0,1393.3516552555047,238.48723355459208,925.9252667159121,1860.7780437950973,691.0,1313.3516552555047,845.9252667159121,1780.7780437950973,622.3516552555047,"MATR_b4c1,MATR_b4c34,MATR_b4c41,MATR_b1c19,MATR_b2c39,MATR_b3c6,MATR_b3c40,MATR_b2c6,MATR_b1c43,MATR_b2c38,MATR_b1c16,MATR_b1c29,MATR_b1c31,MATR_b4c0,MATR_b3c1,MATR_b4c22",False,False,0.95
80,MATR_b4c16,909.0,971.109191049238,142.5706806483953,691.6757917270216,1250.5425903714545,829.0,891.109191049238,611.6757917270216,1170.5425903714545,62.10919104923801,"MATR_b4c1,MATR_b4c34,MATR_b4c41,MATR_b1c19,MATR_b2c39,MATR_b3c6,MATR_b3c40,MATR_b2c6,MATR_b1c43,MATR_b2c38,MATR_b1c16,MATR_b1c29,MATR_b1c31,MATR_b4c0,MATR_b3c1,MATR_b4c22",False,False,0.95
80,MATR_b4c18,906.0,954.352214613408,131.54224775457612,696.5341465689941,1212.170282657822,826.0,874.352214613408,616.5341465689941,1132.170282657822,48.35221461340802,"MATR_b4c1,MATR_b4c34,MATR_b4c41,MATR_b1c19,MATR_b2c39,MATR_b3c6,MATR_b3c40,MATR_b2c6,MATR_b1c43,MATR_b2c38,MATR_b1c16,MATR_b1c29,MATR_b1c31,MATR_b4c0,MATR_b3c1,MATR_b4c22",False,False,0.95
80,MATR_b4c25,453.0,652.5682341626836,68.12355486668909,519.0485201251347,786.0879482002324,373.0,572.5682341626836,439.0485201251347,706.0879482002324,199.56823416268355,"MATR_b4c1,MATR_b4c34,MATR_b4c41,MATR_b1c19,MATR_b2c39,MATR_b3c6,MATR_b3c40,MATR_b2c6,MATR_b1c43,MATR_b2c38,MATR_b1c16,MATR_b1c29,MATR_b1c31,MATR_b4c0,MATR_b3c1,MATR_b4c22",False,False,0.95
80,MATR_b4c29,887.0,1347.8691587020514,238.73116007147956,879.964682974485,1815.773634429618,807.0,1267.8691587020514,799.964682974485,1735.773634429618,460.86915870205144,"MATR_b4c1,MATR_b4c34,MATR_b4c41,MATR_b1c19,MATR_b2c39,MATR_b3c6,MATR_b3c40,MATR_b2c6,MATR_b1c43,MATR_b2c38,MATR_b1c16,MATR_b1c29,MATR_b1c31,MATR_b4c0,MATR_b3c1,MATR_b4c22",False,False,0.95
80,MATR_b4c33,505.0,622.3149055936015,81.17386525381711,463.21705321021267,781.4127579769902,425.0,542.3149055936015,383.21705321021267,701.4127579769902,117.31490559360145,"MATR_b4c1,MATR_b4c34,MATR_b4c41,MATR_b1c19,MATR_b2c39,MATR_b3c6,MATR_b3c40,MATR_b2c6,MATR_b1c43,MATR_b2c38,MATR_b1c16,MATR_b1c29,MATR_b1c31,MATR_b4c0,MATR_b3c1,MATR_b4c22",False,False,0.95
80,MATR_b4c37,863.0,1160.10862598038,162.16846774141874,842.2642697791539,1477.9529821816063,783.0,1080.10862598038,762.2642697791539,1397.9529821816063,297.1086259803801,"MATR_b4c1,MATR_b4c34,MATR_b4c41,MATR_b1c19,MATR_b2c39,MATR_b3c6,MATR_b3c40,MATR_b2c6,MATR_b1c43,MATR_b2c38,MATR_b1c16,MATR_b1c29,MATR_b1c31,MATR_b4c0,MATR_b3c1,MATR_b4c22",False,False,0.95
80,MATR_b4c4,656.0,844.5311466270437,113.0375543149354,622.9816112692802,1066.0806819848071,576.0,764.5311466270437,542.9816112692802,986.0806819848071,188.53114662704365,"MATR_b4c1,MATR_b4c34,MATR_b4c41,MATR_b1c19,MATR_b2c39,MATR_b3c6,MATR_b3c40,MATR_b2c6,MATR_b1c43,MATR_b2c38,MATR_b1c16,MATR_b1c29,MATR_b1c31,MATR_b4c0,MATR_b3c1,MATR_b4c22",False,False,0.95
80,MATR_b4c9,442.0,592.5834281691282,68.53155809673036,458.26404249512234,726.902813843134,362.0,512.5834281691282,378.26404249512234,646.902813843134,150.58342816912818,"MATR_b4c1,MATR_b4c34,MATR_b4c41,MATR_b1c19,MATR_b2c39,MATR_b3c6,MATR_b3c40,MATR_b2c6,MATR_b1c43,MATR_b2c38,MATR_b1c16,MATR_b1c29,MATR_b1c31,MATR_b4c0,MATR_b3c1,MATR_b4c22",False,False,0.95
100,MATR_b1c1,2154.0,1657.9872174463308,238.8450338860809,1189.8595531433634,2126.114881749298,2054.0,1557.9872174463308,1089.8595531433634,2026.114881749298,496.01278255366924,"MATR_b2c20,MATR_b1c26,MATR_b2c2,MATR_b2c43,MATR_b3c26,MATR_b1c43,MATR_b3c33,MATR_b4c1,MATR_b3c29,MATR_b3c18,MATR_b4c15,MATR_b3c1,MATR_b2c19,MATR_b3c38,MATR_b2c47,MATR_b1c15",False,False,0.95
100,MATR_b1c20,533.0,467.56793709352996,42.94465585651812,383.39795828628735,551.7379159007726,433.0,367.56793709352996,283.39795828628735,451.7379159007726,65.43206290647004,"MATR_b2c20,MATR_b1c26,MATR_b2c2,MATR_b2c43,MATR_b3c26,MATR_b1c43,MATR_b3c33,MATR_b4c1,MATR_b3c29,MATR_b3c18,MATR_b4c15,MATR_b3c1,MATR_b2c19,MATR_b3c38,MATR_b2c47,MATR_b1c15",False,False,0.95
100,MATR_b1c21,557.0,509.2758490767145,53.72249297478568,403.98169768642856,614.5700004670005,457.0,409.2758490767145,303.98169768642856,514.5700004670005,47.72415092328549,"MATR_b2c20,MATR_b1c26,MATR_b2c2,MATR_b2c43,MATR_b3c26,MATR_b1c43,MATR_b3c33,MATR_b4c1,MATR_b3c29,MATR_b3c18,MATR_b4c15,MATR_b3c1,MATR_b2c19,MATR_b3c38,MATR_b2c47,MATR_b1c15",False,False,0.95
100,MATR_b1c28,858.0,781.8827196606504,103.97620307657259,578.0931063813455,985.6723329399554,758.0,681.8827196606504,478.0931063813455,885.6723329399554,76.11728033934958,"MATR_b2c20,MATR_b1c26,MATR_b2c2,MATR_b2c43,MATR_b3c26,MATR_b1c43,MATR_b3c33,MATR_b4c1,MATR_b3c29,MATR_b3c18,MATR_b4c15,MATR_b3c1,MATR_b2c19,MATR_b3c38,MATR_b2c47,MATR_b1c15",False,False,0.95
100,MATR_b1c39,622.0,650.4990545745907,76.52865968584865,500.50563780520497,800.4924713439764,522.0,550.4990545745907,400.50563780520497,700.4924713439764,28.499054574590673,"MATR_b2c20,MATR_b1c26,MATR_b2c2,MATR_b2c43,MATR_b3c26,MATR_b1c43,MATR_b3c33,MATR_b4c1,MATR_b3c29,MATR_b3c18,MATR_b4c15,MATR_b3c1,MATR_b2c19,MATR_b3c38,MATR_b2c47,MATR_b1c15",False,False,0.95
100,MATR_b1c7,869.0,909.1324393679251,117.12004711854449,679.5813651479439,1138.6835135879064,769.0,809.1324393679251,579.5813651479439,1038.6835135879064,40.132439367925144,"MATR_b2c20,MATR_b1c26,MATR_b2c2,MATR_b2c43,MATR_b3c26,MATR_b1c43,MATR_b3c33,MATR_b4c1,MATR_b3c29,MATR_b3c18,MATR_b4c15,MATR_b3c1,MATR_b2c19,MATR_b3c38,MATR_b2c47,MATR_b1c15",False,False,0.95
100,MATR_b1c9,1052.0,999.5438710556948,142.16526742171874,720.9050670566207,1278.1826750547689,952.0,899.5438710556948,620.9050670566207,1178.1826750547689,52.45612894430519,"MATR_b2c20,MATR_b1c26,MATR_b2c2,MATR_b2c43,MATR_b3c26,MATR_b1c43,MATR_b3c33,MATR_b4c1,MATR_b3c29,MATR_b3c18,MATR_b4c15,MATR_b3c1,MATR_b2c19,MATR_b3c38,MATR_b2c47,MATR_b1c15",False,False,0.95
100,MATR_b2c1,147.0,506.0813043933148,45.436921127579325,417.02657541487224,595.1360333717573,47.0,406.0813043933148,317.02657541487224,495.1360333717573,359.0813043933148,"MATR_b2c20,MATR_b1c26,MATR_b2c2,MATR_b2c43,MATR_b3c26,MATR_b1c43,MATR_b3c33,MATR_b4c1,MATR_b3c29,MATR_b3c18,MATR_b4c15,MATR_b3c1,MATR_b2c19,MATR_b3c38,MATR_b2c47,MATR_b1c15",False,False,0.95
100,MATR_b2c10,560.0,543.2969418738719,59.733994384390016,426.22046422774963,660.3734195199942,460.0,443.2969418738719,326.22046422774963,560.3734195199942,16.7030581261281,"MATR_b2c20,MATR_b1c26,MATR_b2c2,MATR_b2c43,MATR_b3c26,MATR_b1c43,MATR_b3c33,MATR_b4c1,MATR_b3c29,MATR_b3c18,MATR_b4c15,MATR_b3c1,MATR_b2c19,MATR_b3c38,MATR_b2c47,MATR_b1c15",False,False,0.95
100,MATR_b2c21,488.0,461.74688726467656,45.13854410662128,373.27696650112614,550.216808028227,388.0,361.74688726467656,273.27696650112614,450.216808028227,26.25311273532344,"MATR_b2c20,MATR_b1c26,MATR_b2c2,MATR_b2c43,MATR_b3c26,MATR_b1c43,MATR_b3c33,MATR_b4c1,MATR_b3c29,MATR_b3c18,MATR_b4c15,MATR_b3c1,MATR_b2c19,MATR_b3c38,MATR_b2c47,MATR_b1c15",False,False,0.95
100,MATR_b2c23,526.0,442.394589323904,42.36808225748533,359.3546740052023,525.4345046426057,426.0,342.394589323904,259.3546740052023,425.4345046426057,83.60541067609603,"MATR_b2c20,MATR_b1c26,MATR_b2c2,MATR_b2c43,MATR_b3c26,MATR_b1c43,MATR_b3c33,MATR_b4c1,MATR_b3c29,MATR_b3c18,MATR_b4c15,MATR_b3c1,MATR_b2c19,MATR_b3c38,MATR_b2c47,MATR_b1c15",False,False,0.95
100,MATR_b2c25,460.0,451.9688993619903,42.404899155314546,368.85682424952086,535.0809744744597,360.0,351.9688993619903,268.85682424952086,435.0809744744597,8.031100638009718,"MATR_b2c20,MATR_b1c26,MATR_b2c2,MATR_b2c43,MATR_b3c26,MATR_b1c43,MATR_b3c33,MATR_b4c1,MATR_b3c29,MATR_b3c18,MATR_b4c15,MATR_b3c1,MATR_b2c19,MATR_b3c38,MATR_b2c47,MATR_b1c15",False,False,0.95
100,MATR_b2c29,497.0,653.3318793880765,78.02287579366708,500.409852862247,806.2539059139059,397.0,553.3318793880765,400.409852862247,706.2539059139059,156.33187938807646,"MATR_b2c20,MATR_b1c26,MATR_b2c2,MATR_b2c43,MATR_b3c26,MATR_b1c43,MATR_b3c33,MATR_b4c1,MATR_b3c29,MATR_b3c18,MATR_b4c15,MATR_b3c1,MATR_b2c19,MATR_b3c38,MATR_b2c47,MATR_b1c15",False,False,0.95
100,MATR_b2c30,480.0,558.7934845389259,64.2026825897096,432.9585389522383,684.6284301256135,380.0,458.7934845389259,332.9585389522383,584.6284301256135,78.7934845389259,"MATR_b2c20,MATR_b1c26,MATR_b2c2,MATR_b2c43,MATR_b3c26,MATR_b1c43,MATR_b3c33,MATR_b4c1,MATR_b3c29,MATR_b3c18,MATR_b4c15,MATR_b3c1,MATR_b2c19,MATR_b3c38,MATR_b2c47,MATR_b1c15",False,False,0.95
100,MATR_b2c36,534.0,715.0474205967146,87.190486236739,544.1572077781709,885.9376334152582,434.0,615.0474205967146,444.1572077781709,785.9376334152582,181.04742059671457,"MATR_b2c20,MATR_b1c26,MATR_b2c2,MATR_b2c43,MATR_b3c26,MATR_b1c43,MATR_b3c33,MATR_b4c1,MATR_b3c29,MATR_b3c18,MATR_b4c15,MATR_b3c1,MATR_b2c19,MATR_b3c38,MATR_b2c47,MATR_b1c15",False,False,0.95
100,MATR_b2c40,498.0,516.966967668327,53.97311033369864,411.18161528067105,622.752320055983,398.0,416.966967668327,311.18161528067105,522.752320055983,18.966967668327015,"MATR_b2c20,MATR_b1c26,MATR_b2c2,MATR_b2c43,MATR_b3c26,MATR_b1c43,MATR_b3c33,MATR_b4c1,MATR_b3c29,MATR_b3c18,MATR_b4c15,MATR_b3c1,MATR_b2c19,MATR_b3c38,MATR_b2c47,MATR_b1c15",False,False,0.95
100,MATR_b2c42,465.0,499.3411659704638,49.364691446853485,402.5881486266985,596.0941833142291,365.0,399.3411659704638,302.5881486266985,496.0941833142291,34.341165970463805,"MATR_b2c20,MATR_b1c26,MATR_b2c2,MATR_b2c43,MATR_b3c26,MATR_b1c43,MATR_b3c33,MATR_b4c1,MATR_b3c29,MATR_b3c18,MATR_b4c15,MATR_b3c1,MATR_b2c19,MATR_b3c38,MATR_b2c47,MATR_b1c15",False,False,0.95
100,MATR_b2c46,428.0,439.78890780550256,41.45075054910345,358.546929597106,521.0308860138991,328.0,339.78890780550256,258.546929597106,421.03088601389913,11.78890780550256,"MATR_b2c20,MATR_b1c26,MATR_b2c2,MATR_b2c43,MATR_b3c26,MATR_b1c43,MATR_b3c33,MATR_b4c1,MATR_b3c29,MATR_b3c18,MATR_b4c15,MATR_b3c1,MATR_b2c19,MATR_b3c38,MATR_b2c47,MATR_b1c15",False,False,0.95
100,MATR_b3c19,1152.0,1381.6126549385801,211.92124097576666,966.2546550670436,1796.9706548101167,1052.0,1281.6126549385801,866.2546550670436,1696.9706548101167,229.61265493858014,"MATR_b2c20,MATR_b1c26,MATR_b2c2,MATR_b2c43,MATR_b3c26,MATR_b1c43,MATR_b3c33,MATR_b4c1,MATR_b3c29,MATR_b3c18,MATR_b4c15,MATR_b3c1,MATR_b2c19,MATR_b3c38,MATR_b2c47,MATR_b1c15",False,False,0.95
100,MATR_b3c20,811.0,889.3762822024948,126.79009231433464,640.8722676698903,1137.8802967350994,711.0,789.3762822024948,540.8722676698903,1037.8802967350994,78.37628220249485,"MATR_b2c20,MATR_b1c26,MATR_b2c2,MATR_b2c43,MATR_b3c26,MATR_b1c43,MATR_b3c33,MATR_b4c1,MATR_b3c29,MATR_b3c18,MATR_b4c15,MATR_b3c1,MATR_b2c19,MATR_b3c38,MATR_b2c47,MATR_b1c15",False,False,0.95
100,MATR_b3c3,1113.0,1069.3517137437932,157.97861929834284,759.719309591677,1378.9841178959095,1013.0,969.3517137437932,659.719309591677,1278.9841178959095,43.6482862562068,"MATR_b2c20,MATR_b1c26,MATR_b2c2,MATR_b2c43,MATR_b3c26,MATR_b1c43,MATR_b3c33,MATR_b4c1,MATR_b3c29,MATR_b3c18,MATR_b4c15,MATR_b3c1,MATR_b2c19,MATR_b3c38,MATR_b2c47,MATR_b1c15",False,False,0.95
100,MATR_b3c30,933.0,1461.4824189648925,223.86179535453238,1022.7213625555332,1900.2434753742518,833.0,1361.4824189648925,922.7213625555332,1800.2434753742518,528.4824189648925,"MATR_b2c20,MATR_b1c26,MATR_b2c2,MATR_b2c43,MATR_b3c26,MATR_b1c43,MATR_b3c33,MATR_b4c1,MATR_b3c29,MATR_b3c18,MATR_b4c15,MATR_b3c1,MATR_b2c19,MATR_b3c38,MATR_b2c47,MATR_b1c15",False,False,0.95
100,MATR_b3c44,938.0,889.7358005695489,119.18005809472629,656.1471790284941,1123.3244221106038,838.0,789.7358005695489,556.1471790284941,1023.3244221106038,48.26419943045107,"MATR_b2c20,MATR_b1c26,MATR_b2c2,MATR_b2c43,MATR_b3c26,MATR_b1c43,MATR_b3c33,MATR_b4c1,MATR_b3c29,MATR_b3c18,MATR_b4c15,MATR_b3c1,MATR_b2c19,MATR_b3c38,MATR_b2c47,MATR_b1c15",False,False,0.95
100,MATR_b3c45,1799.0,1595.9221725503153,240.58660394857276,1124.3810936483108,2067.4632514523196,1699.0,1495.9221725503153,1024.3810936483108,1967.4632514523196,203.07782744968472,"MATR_b2c20,MATR_b1c26,MATR_b2c2,MATR_b2c43,MATR_b3c26,MATR_b1c43,MATR_b3c33,MATR_b4c1,MATR_b3c29,MATR_b3c18,MATR_b4c15,MATR_b3c1,MATR_b2c19,MATR_b3c38,MATR_b2c47,MATR_b1c15",False,False,0.95
100,MATR_b4c10,872.0,985.0891831441253,133.05754648978322,724.3011841528863,1245.8771821353644,772.0,885.0891831441253,624.3011841528863,1145.8771821353644,113.08918314412529,"MATR_b2c20,MATR_b1c26,MATR_b2c2,MATR_b2c43,MATR_b3c26,MATR_b1c43,MATR_b3c33,MATR_b4c1,MATR_b3c29,MATR_b3c18,MATR_b4c15,MATR_b3c1,MATR_b2c19,MATR_b3c38,MATR_b2c47,MATR_b1c15",False,False,0.95
100,MATR_b4c13,771.0,908.4343039609702,130.4388976878692,652.7787623096417,1164.0898456122986,671.0,808.4343039609702,552.7787623096417,1064.0898456122986,137.43430396097017,"MATR_b2c20,MATR_b1c26,MATR_b2c2,MATR_b2c43,MATR_b3c26,MATR_b1c43,MATR_b3c33,MATR_b4c1,MATR_b3c29,MATR_b3c18,MATR_b4c15,MATR_b3c1,MATR_b2c19,MATR_b3c38,MATR_b2c47,MATR_b1c15",False,False,0.95
100,MATR_b4c16,909.0,864.7650212797485,120.33010592209878,628.922347416545,1100.6076951429518,809.0,764.7650212797485,528.922347416545,1000.6076951429518,44.23497872025155,"MATR_b2c20,MATR_b1c26,MATR_b2c2,MATR_b2c43,MATR_b3c26,MATR_b1c43,MATR_b3c33,MATR_b4c1,MATR_b3c29,MATR_b3c18,MATR_b4c15,MATR_b3c1,MATR_b2c19,MATR_b3c38,MATR_b2c47,MATR_b1c15",False,False,0.95
100,MATR_b4c18,906.0,844.0939108923595,102.71742690794999,642.7714535681522,1045.416368216567,806.0,744.0939108923595,542.7714535681522,945.416368216567,61.90608910764047,"MATR_b2c20,MATR_b1c26,MATR_b2c2,MATR_b2c43,MATR_b3c26,MATR_b1c43,MATR_b3c33,MATR_b4c1,MATR_b3c29,MATR_b3c18,MATR_b4c15,MATR_b3c1,MATR_b2c19,MATR_b3c38,MATR_b2c47,MATR_b1c15",False,False,0.95
100,MATR_b4c25,453.0,485.8010427803482,43.87179504430767,399.8139045563824,571.7881810043141,353.0,385.8010427803482,299.8139045563824,471.7881810043141,32.80104278034821,"MATR_b2c20,MATR_b1c26,MATR_b2c2,MATR_b2c43,MATR_b3c26,MATR_b1c43,MATR_b3c33,MATR_b4c1,MATR_b3c29,MATR_b3c18,MATR_b4c15,MATR_b3c1,MATR_b2c19,MATR_b3c38,MATR_b2c47,MATR_b1c15",False,False,0.95
100,MATR_b4c29,887.0,1077.346656996774,167.08598626315182,749.8641415996424,1404.8291723939058,787.0,977.3466569967741,649.8641415996424,1304.8291723939058,190.34665699677407,"MATR_b2c20,MATR_b1c26,MATR_b2c2,MATR_b2c43,MATR_b3c26,MATR_b1c43,MATR_b3c33,MATR_b4c1,MATR_b3c29,MATR_b3c18,MATR_b4c15,MATR_b3c1,MATR_b2c19,MATR_b3c38,MATR_b2c47,MATR_b1c15",False,False,0.95
100,MATR_b4c33,505.0,478.31475892150524,44.39541170787688,391.3013508952387,565.3281669477717,405.0,378.31475892150524,291.3013508952387,465.3281669477717,26.685241078494755,"MATR_b2c20,MATR_b1c26,MATR_b2c2,MATR_b2c43,MATR_b3c26,MATR_b1c43,MATR_b3c33,MATR_b4c1,MATR_b3c29,MATR_b3c18,MATR_b4c15,MATR_b3c1,MATR_b2c19,MATR_b3c38,MATR_b2c47,MATR_b1c15",False,False,0.95
100,MATR_b4c37,863.0,829.4031743908034,94.1382997627162,644.8954972900442,1013.9108514915627,763.0,729.4031743908034,544.8954972900442,913.9108514915627,33.59682560919657,"MATR_b2c20,MATR_b1c26,MATR_b2c2,MATR_b2c43,MATR_b3c26,MATR_b1c43,MATR_b3c33,MATR_b4c1,MATR_b3c29,MATR_b3c18,MATR_b4c15,MATR_b3c1,MATR_b2c19,MATR_b3c38,MATR_b2c47,MATR_b1c15",False,False,0.95
100,MATR_b4c4,656.0,611.4698881047258,62.40273385137736,489.1627772191877,733.7769989902638,556.0,511.4698881047258,389.1627772191877,633.7769989902638,44.53011189527422,"MATR_b2c20,MATR_b1c26,MATR_b2c2,MATR_b2c43,MATR_b3c26,MATR_b1c43,MATR_b3c33,MATR_b4c1,MATR_b3c29,MATR_b3c18,MATR_b4c15,MATR_b3c1,MATR_b2c19,MATR_b3c38,MATR_b2c47,MATR_b1c15",False,False,0.95
100,MATR_b4c9,442.0,516.6528865936344,49.03677543752104,420.5425728181149,612.763200369154,342.0,416.65288659363443,320.5425728181149,512.763200369154,74.65288659363443,"MATR_b2c20,MATR_b1c26,MATR_b2c2,MATR_b2c43,MATR_b3c26,MATR_b1c43,MATR_b3c33,MATR_b4c1,MATR_b3c29,MATR_b3c18,MATR_b4c15,MATR_b3c1,MATR_b2c19,MATR_b3c38,MATR_b2c47,MATR_b1c15",False,False,0.95
120,MATR_b1c1,2154.0,1692.5999533454312,233.34305520506953,1235.2559691009535,2149.943937589909,2034.0,1572.5999533454312,1115.2559691009535,2029.9439375899092,461.40004665456877,"MATR_b2c20,MATR_b4c20,MATR_b2c0,MATR_b4c2,MATR_b4c24,MATR_b2c11,MATR_b3c9,MATR_b2c47,MATR_b4c39,MATR_b2c12,MATR_b3c38,MATR_b1c41,MATR_b4c0,MATR_b3c15,MATR_b4c31,MATR_b2c31",False,False,0.95
120,MATR_b1c20,533.0,505.754515035446,40.32256235012903,426.7237450648223,584.7852850060697,413.0,385.754515035446,306.7237450648223,464.78528500606967,27.24548496455401,"MATR_b2c20,MATR_b4c20,MATR_b2c0,MATR_b4c2,MATR_b4c24,MATR_b2c11,MATR_b3c9,MATR_b2c47,MATR_b4c39,MATR_b2c12,MATR_b3c38,MATR_b1c41,MATR_b4c0,MATR_b3c15,MATR_b4c31,MATR_b2c31",False,False,0.95
120,MATR_b1c21,557.0,502.5032492783593,44.21907132879125,415.83546204412073,589.1710365125979,437.0,382.5032492783593,295.83546204412073,469.1710365125979,54.496750721640694,"MATR_b2c20,MATR_b4c20,MATR_b2c0,MATR_b4c2,MATR_b4c24,MATR_b2c11,MATR_b3c9,MATR_b2c47,MATR_b4c39,MATR_b2c12,MATR_b3c38,MATR_b1c41,MATR_b4c0,MATR_b3c15,MATR_b4c31,MATR_b2c31",False,False,0.95
120,MATR_b1c28,858.0,769.411228621306,82.92796229924959,606.8754092034815,931.9470480391306,738.0,649.411228621306,486.87540920348147,811.9470480391306,88.58877137869399,"MATR_b2c20,MATR_b4c20,MATR_b2c0,MATR_b4c2,MATR_b4c24,MATR_b2c11,MATR_b3c9,MATR_b2c47,MATR_b4c39,MATR_b2c12,MATR_b3c38,MATR_b1c41,MATR_b4c0,MATR_b3c15,MATR_b4c31,MATR_b2c31",False,False,0.95
120,MATR_b1c39,622.0,609.1935514141796,56.874367352751975,497.7218397592851,720.6652630690742,502.0,489.19355141417964,377.7218397592851,600.6652630690742,12.806448585820362,"MATR_b2c20,MATR_b4c20,MATR_b2c0,MATR_b4c2,MATR_b4c24,MATR_b2c11,MATR_b3c9,MATR_b2c47,MATR_b4c39,MATR_b2c12,MATR_b3c38,MATR_b1c41,MATR_b4c0,MATR_b3c15,MATR_b4c31,MATR_b2c31",False,False,0.95
120,MATR_b1c7,869.0,872.4014433169708,93.83763490545267,688.4830585078649,1056.3198281260766,749.0,752.4014433169708,568.4830585078649,936.3198281260766,3.4014433169708127,"MATR_b2c20,MATR_b4c20,MATR_b2c0,MATR_b4c2,MATR_b4c24,MATR_b2c11,MATR_b3c9,MATR_b2c47,MATR_b4c39,MATR_b2c12,MATR_b3c38,MATR_b1c41,MATR_b4c0,MATR_b3c15,MATR_b4c31,MATR_b2c31",False,False,0.95
120,MATR_b1c9,1052.0,961.8581652311336,115.56897180352632,735.347142765897,1188.36918769637,932.0,841.8581652311336,615.347142765897,1068.36918769637,90.14183476886637,"MATR_b2c20,MATR_b4c20,MATR_b2c0,MATR_b4c2,MATR_b4c24,MATR_b2c11,MATR_b3c9,MATR_b2c47,MATR_b4c39,MATR_b2c12,MATR_b3c38,MATR_b1c41,MATR_b4c0,MATR_b3c15,MATR_b4c31,MATR_b2c31",False,False,0.95
120,MATR_b2c1,147.0,524.0837271137837,44.02141090534186,437.80334719067486,610.3641070368924,27.0,404.08372711378365,317.80334719067486,490.3641070368924,377.08372711378365,"MATR_b2c20,MATR_b4c20,MATR_b2c0,MATR_b4c2,MATR_b4c24,MATR_b2c11,MATR_b3c9,MATR_b2c47,MATR_b4c39,MATR_b2c12,MATR_b3c38,MATR_b1c41,MATR_b4c0,MATR_b3c15,MATR_b4c31,MATR_b2c31",False,False,0.95
120,MATR_b2c10,560.0,521.5655877091092,42.24618806579797,438.7645806160393,604.3665948021791,440.0,401.5655877091092,318.7645806160393,484.36659480217907,38.434412290890805,"MATR_b2c20,MATR_b4c20,MATR_b2c0,MATR_b4c2,MATR_b4c24,MATR_b2c11,MATR_b3c9,MATR_b2c47,MATR_b4c39,MATR_b2c12,MATR_b3c38,MATR_b1c41,MATR_b4c0,MATR_b3c15,MATR_b4c31,MATR_b2c31",False,False,0.95
120,MATR_b2c21,488.0,463.31888117353697,38.61549976579951,387.6338923875551,539.0038699595189,368.0,343.31888117353697,267.6338923875551,419.00386995951885,24.681118826463035,"MATR_b2c20,MATR_b4c20,MATR_b2c0,MATR_b4c2,MATR_b4c24,MATR_b2c11,MATR_b3c9,MATR_b2c47,MATR_b4c39,MATR_b2c12,MATR_b3c38,MATR_b1c41,MATR_b4c0,MATR_b3c15,MATR_b4c31,MATR_b2c31",False,False,0.95
120,MATR_b2c23,526.0,471.7557308006032,38.683185187063685,395.9380810266651,547.5733805745413,406.0,351.7557308006032,275.9380810266651,427.57338057454126,54.2442691993968,"MATR_b2c20,MATR_b4c20,MATR_b2c0,MATR_b4c2,MATR_b4c24,MATR_b2c11,MATR_b3c9,MATR_b2c47,MATR_b4c39,MATR_b2c12,MATR_b3c38,MATR_b1c41,MATR_b4c0,MATR_b3c15,MATR_b4c31,MATR_b2c31",False,False,0.95
120,MATR_b2c25,460.0,460.89657189335634,35.78876146022089,390.7518883800283,531.0412554066844,340.0,340.89657189335634,270.7518883800283,411.0412554066844,0.896571893356338,"MATR_b2c20,MATR_b4c20,MATR_b2c0,MATR_b4c2,MATR_b4c24,MATR_b2c11,MATR_b3c9,MATR_b2c47,MATR_b4c39,MATR_b2c12,MATR_b3c38,MATR_b1c41,MATR_b4c0,MATR_b3c15,MATR_b4c31,MATR_b2c31",False,False,0.95
120,MATR_b2c29,497.0,633.4026581978168,59.547117008282335,516.6924534783909,750.1128629172426,377.0,513.4026581978168,396.6924534783909,630.1128629172426,136.40265819781678,"MATR_b2c20,MATR_b4c20,MATR_b2c0,MATR_b4c2,MATR_b4c24,MATR_b2c11,MATR_b3c9,MATR_b2c47,MATR_b4c39,MATR_b2c12,MATR_b3c38,MATR_b1c41,MATR_b4c0,MATR_b3c15,MATR_b4c31,MATR_b2c31",False,False,0.95
120,MATR_b2c30,480.0,581.4951575642399,52.45907638346797,478.677257190407,684.3130579380728,360.0,461.4951575642399,358.677257190407,564.3130579380728,101.49515756423989,"MATR_b2c20,MATR_b4c20,MATR_b2c0,MATR_b4c2,MATR_b4c24,MATR_b2c11,MATR_b3c9,MATR_b2c47,MATR_b4c39,MATR_b2c12,MATR_b3c38,MATR_b1c41,MATR_b4c0,MATR_b3c15,MATR_b4c31,MATR_b2c31",False,False,0.95
120,MATR_b2c36,534.0,639.4981102498156,60.763421438396136,520.4039926531302,758.5922278465009,414.0,519.4981102498156,400.4039926531302,638.5922278465009,105.49811024981557,"MATR_b2c20,MATR_b4c20,MATR_b2c0,MATR_b4c2,MATR_b4c24,MATR_b2c11,MATR_b3c9,MATR_b2c47,MATR_b4c39,MATR_b2c12,MATR_b3c38,MATR_b1c41,MATR_b4c0,MATR_b3c15,MATR_b4c31,MATR_b2c31",False,False,0.95
120,MATR_b2c40,498.0,499.83602928001255,43.06271252655344,415.434663651366,584.2373949086591,378.0,379.83602928001255,295.434663651366,464.2373949086591,1.8360292800125535,"MATR_b2c20,MATR_b4c20,MATR_b2c0,MATR_b4c2,MATR_b4c24,MATR_b2c11,MATR_b3c9,MATR_b2c47,MATR_b4c39,MATR_b2c12,MATR_b3c38,MATR_b1c41,MATR_b4c0,MATR_b3c15,MATR_b4c31,MATR_b2c31",False,False,0.95
120,MATR_b2c42,465.0,499.1329987666983,42.314568471298344,416.19796854159944,582.0680289917971,345.0,379.1329987666983,296.19796854159944,462.06802899179706,34.13299876669828,"MATR_b2c20,MATR_b4c20,MATR_b2c0,MATR_b4c2,MATR_b4c24,MATR_b2c11,MATR_b3c9,MATR_b2c47,MATR_b4c39,MATR_b2c12,MATR_b3c38,MATR_b1c41,MATR_b4c0,MATR_b3c15,MATR_b4c31,MATR_b2c31",False,False,0.95
120,MATR_b2c46,428.0,448.8665587983739,36.79692458660281,376.74591186679595,520.9872057299518,308.0,328.8665587983739,256.74591186679595,400.9872057299518,20.866558798373887,"MATR_b2c20,MATR_b4c20,MATR_b2c0,MATR_b4c2,MATR_b4c24,MATR_b2c11,MATR_b3c9,MATR_b2c47,MATR_b4c39,MATR_b2c12,MATR_b3c38,MATR_b1c41,MATR_b4c0,MATR_b3c15,MATR_b4c31,MATR_b2c31",False,False,0.95
120,MATR_b3c19,1152.0,1585.3621417650022,226.95524357326332,1140.5380382588905,2030.1862452711139,1032.0,1465.3621417650022,1020.5380382588905,1910.1862452711139,433.3621417650022,"MATR_b2c20,MATR_b4c20,MATR_b2c0,MATR_b4c2,MATR_b4c24,MATR_b2c11,MATR_b3c9,MATR_b2c47,MATR_b4c39,MATR_b2c12,MATR_b3c38,MATR_b1c41,MATR_b4c0,MATR_b3c15,MATR_b4c31,MATR_b2c31",False,False,0.95
120,MATR_b3c20,811.0,951.0280316282605,109.99445576161425,735.4428598364124,1166.6132034201087,691.0,831.0280316282605,615.4428598364124,1046.6132034201087,140.02803162826046,"MATR_b2c20,MATR_b4c20,MATR_b2c0,MATR_b4c2,MATR_b4c24,MATR_b2c11,MATR_b3c9,MATR_b2c47,MATR_b4c39,MATR_b2c12,MATR_b3c38,MATR_b1c41,MATR_b4c0,MATR_b3c15,MATR_b4c31,MATR_b2c31",False,False,0.95
120,MATR_b3c3,1113.0,1031.543017292787,129.45274527341493,777.8202988570561,1285.265735728518,993.0,911.543017292787,657.8202988570561,1165.265735728518,81.456982707213,"MATR_b2c20,MATR_b4c20,MATR_b2c0,MATR_b4c2,MATR_b4c24,MATR_b2c11,MATR_b3c9,MATR_b2c47,MATR_b4c39,MATR_b2c12,MATR_b3c38,MATR_b1c41,MATR_b4c0,MATR_b3c15,MATR_b4c31,MATR_b2c31",False,False,0.95
120,MATR_b3c30,933.0,1544.694116132745,221.26314137859384,1111.0263279245069,1978.361904340983,813.0,1424.694116132745,991.0263279245069,1858.361904340983,611.694116132745,"MATR_b2c20,MATR_b4c20,MATR_b2c0,MATR_b4c2,MATR_b4c24,MATR_b2c11,MATR_b3c9,MATR_b2c47,MATR_b4c39,MATR_b2c12,MATR_b3c38,MATR_b1c41,MATR_b4c0,MATR_b3c15,MATR_b4c31,MATR_b2c31",False,False,0.95
120,MATR_b3c44,938.0,958.9399739067475,108.26436804737254,746.7457117249083,1171.1342360885867,818.0,838.9399739067475,626.7457117249083,1051.1342360885867,20.93997390674747,"MATR_b2c20,MATR_b4c20,MATR_b2c0,MATR_b4c2,MATR_b4c24,MATR_b2c11,MATR_b3c9,MATR_b2c47,MATR_b4c39,MATR_b2c12,MATR_b3c38,MATR_b1c41,MATR_b4c0,MATR_b3c15,MATR_b4c31,MATR_b2c31",False,False,0.95
120,MATR_b3c45,1799.0,1665.5339347170168,237.6941227242535,1199.6620148406364,2131.405854593397,1679.0,1545.5339347170168,1079.6620148406364,2011.4058545933972,133.4660652829832,"MATR_b2c20,MATR_b4c20,MATR_b2c0,MATR_b4c2,MATR_b4c24,MATR_b2c11,MATR_b3c9,MATR_b2c47,MATR_b4c39,MATR_b2c12,MATR_b3c38,MATR_b1c41,MATR_b4c0,MATR_b3c15,MATR_b4c31,MATR_b2c31",False,False,0.95
120,MATR_b4c10,872.0,939.1478156945477,103.79604244252403,735.7113107694098,1142.5843206196855,752.0,819.1478156945477,615.7113107694098,1022.5843206196855,67.14781569454772,"MATR_b2c20,MATR_b4c20,MATR_b2c0,MATR_b4c2,MATR_b4c24,MATR_b2c11,MATR_b3c9,MATR_b2c47,MATR_b4c39,MATR_b2c12,MATR_b3c38,MATR_b1c41,MATR_b4c0,MATR_b3c15,MATR_b4c31,MATR_b2c31",False,False,0.95
120,MATR_b4c13,771.0,884.6879703451932,103.10797351531316,682.6000557362697,1086.7758849541167,651.0,764.6879703451932,562.6000557362697,966.7758849541167,113.68797034519321,"MATR_b2c20,MATR_b4c20,MATR_b2c0,MATR_b4c2,MATR_b4c24,MATR_b2c11,MATR_b3c9,MATR_b2c47,MATR_b4c39,MATR_b2c12,MATR_b3c38,MATR_b1c41,MATR_b4c0,MATR_b3c15,MATR_b4c31,MATR_b2c31",False,False,0.95
120,MATR_b4c16,909.0,829.6491578020297,96.47864406974863,640.5544901480636,1018.7438254559958,789.0,709.6491578020297,520.5544901480636,898.7438254559958,79.35084219797034,"MATR_b2c20,MATR_b4c20,MATR_b2c0,MATR_b4c2,MATR_b4c24,MATR_b2c11,MATR_b3c9,MATR_b2c47,MATR_b4c39,MATR_b2c12,MATR_b3c38,MATR_b1c41,MATR_b4c0,MATR_b3c15,MATR_b4c31,MATR_b2c31",False,False,0.95
120,MATR_b4c18,906.0,813.686891523616,82.7427943253626,651.5139946657002,975.8597883815319,786.0,693.686891523616,531.5139946657002,855.8597883815319,92.31310847638395,"MATR_b2c20,MATR_b4c20,MATR_b2c0,MATR_b4c2,MATR_b4c24,MATR_b2c11,MATR_b3c9,MATR_b2c47,MATR_b4c39,MATR_b2c12,MATR_b3c38,MATR_b1c41,MATR_b4c0,MATR_b3c15,MATR_b4c31,MATR_b2c31",False,False,0.95
120,MATR_b4c25,453.0,475.37969804187026,37.229105498053556,402.4119920890432,548.3474039946973,333.0,355.37969804187026,282.4119920890432,428.3474039946973,22.379698041870256,"MATR_b2c20,MATR_b4c20,MATR_b2c0,MATR_b4c2,MATR_b4c24,MATR_b2c11,MATR_b3c9,MATR_b2c47,MATR_b4c39,MATR_b2c12,MATR_b3c38,MATR_b1c41,MATR_b4c0,MATR_b3c15,MATR_b4c31,MATR_b2c31",False,False,0.95
120,MATR_b4c29,887.0,1064.485978022665,141.7682976060111,786.6252205653274,1342.3467354800027,767.0,944.485978022665,666.6252205653274,1222.3467354800027,177.485978022665,"MATR_b2c20,MATR_b4c20,MATR_b2c0,MATR_b4c2,MATR_b4c24,MATR_b2c11,MATR_b3c9,MATR_b2c47,MATR_b4c39,MATR_b2c12,MATR_b3c38,MATR_b1c41,MATR_b4c0,MATR_b3c15,MATR_b4c31,MATR_b2c31",False,False,0.95
120,MATR_b4c33,505.0,480.9434396697852,37.67185793990455,407.10795487686306,554.7789244627074,385.0,360.9434396697852,287.10795487686306,434.77892446270744,24.05656033021478,"MATR_b2c20,MATR_b4c20,MATR_b2c0,MATR_b4c2,MATR_b4c24,MATR_b2c11,MATR_b3c9,MATR_b2c47,MATR_b4c39,MATR_b2c12,MATR_b3c38,MATR_b1c41,MATR_b4c0,MATR_b3c15,MATR_b4c31,MATR_b2c31",False,False,0.95
120,MATR_b4c37,863.0,807.1301803765573,74.30646269896931,661.4921896680086,952.768171085106,743.0,687.1301803765573,541.4921896680086,832.768171085106,55.86981962344271,"MATR_b2c20,MATR_b4c20,MATR_b2c0,MATR_b4c2,MATR_b4c24,MATR_b2c11,MATR_b3c9,MATR_b2c47,MATR_b4c39,MATR_b2c12,MATR_b3c38,MATR_b1c41,MATR_b4c0,MATR_b3c15,MATR_b4c31,MATR_b2c31",False,False,0.95
120,MATR_b4c4,656.0,605.4777081202221,50.567299075840296,506.3676231361096,704.5877931043347,536.0,485.47770812022213,386.3676231361096,584.5877931043347,50.52229187977787,"MATR_b2c20,MATR_b4c20,MATR_b2c0,MATR_b4c2,MATR_b4c24,MATR_b2c11,MATR_b3c9,MATR_b2c47,MATR_b4c39,MATR_b2c12,MATR_b3c38,MATR_b1c41,MATR_b4c0,MATR_b3c15,MATR_b4c31,MATR_b2c31",False,False,0.95
120,MATR_b4c9,442.0,490.64666280867715,38.71407529386001,414.7684695379396,566.5248560794147,322.0,370.64666280867715,294.7684695379396,446.5248560794147,48.64666280867715,"MATR_b2c20,MATR_b4c20,MATR_b2c0,MATR_b4c2,MATR_b4c24,MATR_b2c11,MATR_b3c9,MATR_b2c47,MATR_b4c39,MATR_b2c12,MATR_b3c38,MATR_b1c41,MATR_b4c0,MATR_b3c15,MATR_b4c31,MATR_b2c31",False,False,0.95
140,MATR_b1c1,2154.0,1768.7328605171538,221.83884732649946,1333.9367093853352,2203.5290116489723,2014.0,1628.7328605171538,1193.9367093853352,2063.5290116489723,385.26713948284623,"MATR_b3c34,MATR_b3c26,MATR_b4c31,MATR_b1c16,MATR_b2c47,MATR_b3c39,MATR_b1c30,MATR_b2c39,MATR_b4c20,MATR_b2c32,MATR_b2c11,MATR_b2c0,MATR_b3c14,MATR_b1c41,MATR_b2c22,MATR_b4c8",False,False,0.95
140,MATR_b1c20,533.0,499.98417747247345,36.1714819407504,429.0893756011617,570.8789793437852,393.0,359.98417747247345,289.0893756011617,430.8789793437852,33.01582252752655,"MATR_b3c34,MATR_b3c26,MATR_b4c31,MATR_b1c16,MATR_b2c47,MATR_b3c39,MATR_b1c30,MATR_b2c39,MATR_b4c20,MATR_b2c32,MATR_b2c11,MATR_b2c0,MATR_b3c14,MATR_b1c41,MATR_b2c22,MATR_b4c8",False,False,0.95
140,MATR_b1c21,557.0,503.01541381038425,39.324271453238886,425.9412580437595,580.089569577009,417.0,363.01541381038425,285.9412580437595,440.089569577009,53.984586189615754,"MATR_b3c34,MATR_b3c26,MATR_b4c31,MATR_b1c16,MATR_b2c47,MATR_b3c39,MATR_b1c30,MATR_b2c39,MATR_b4c20,MATR_b2c32,MATR_b2c11,MATR_b2c0,MATR_b3c14,MATR_b1c41,MATR_b2c22,MATR_b4c8",False,False,0.95
140,MATR_b1c28,858.0,800.3871071561438,72.58073482372485,658.131480930191,942.6427333820966,718.0,660.3871071561438,518.131480930191,802.6427333820966,57.61289284385623,"MATR_b3c34,MATR_b3c26,MATR_b4c31,MATR_b1c16,MATR_b2c47,MATR_b3c39,MATR_b1c30,MATR_b2c39,MATR_b4c20,MATR_b2c32,MATR_b2c11,MATR_b2c0,MATR_b3c14,MATR_b1c41,MATR_b2c22,MATR_b4c8",False,False,0.95
140,MATR_b1c39,622.0,613.0069169681627,50.260616777426115,514.497918243638,711.5159156926875,482.0,473.0069169681627,374.49791824363797,571.5159156926875,8.993083031837273,"MATR_b3c34,MATR_b3c26,MATR_b4c31,MATR_b1c16,MATR_b2c47,MATR_b3c39,MATR_b1c30,MATR_b2c39,MATR_b4c20,MATR_b2c32,MATR_b2c11,MATR_b2c0,MATR_b3c14,MATR_b1c41,MATR_b2c22,MATR_b4c8",False,False,0.95
140,MATR_b1c7,869.0,883.9139046729298,85.24842401378567,716.8300638671104,1050.997745478749,729.0,743.9139046729298,576.8300638671104,910.997745478749,14.913904672929789,"MATR_b3c34,MATR_b3c26,MATR_b4c31,MATR_b1c16,MATR_b2c47,MATR_b3c39,MATR_b1c30,MATR_b2c39,MATR_b4c20,MATR_b2c32,MATR_b2c11,MATR_b2c0,MATR_b3c14,MATR_b1c41,MATR_b2c22,MATR_b4c8",False,False,0.95
140,MATR_b1c9,1052.0,1013.5966422451302,102.03801722532175,813.6058034296219,1213.5874810606383,912.0,873.5966422451302,673.6058034296219,1073.5874810606383,38.40335775486983,"MATR_b3c34,MATR_b3c26,MATR_b4c31,MATR_b1c16,MATR_b2c47,MATR_b3c39,MATR_b1c30,MATR_b2c39,MATR_b4c20,MATR_b2c32,MATR_b2c11,MATR_b2c0,MATR_b3c14,MATR_b1c41,MATR_b2c22,MATR_b4c8",False,False,0.95
140,MATR_b2c1,147.0,512.8048840613208,43.397276211188625,427.74778566025424,597.8619824623873,7.0,372.80488406132076,287.74778566025424,457.86198246238735,365.80488406132076,"MATR_b3c34,MATR_b3c26,MATR_b4c31,MATR_b1c16,MATR_b2c47,MATR_b3c39,MATR_b1c30,MATR_b2c39,MATR_b4c20,MATR_b2c32,MATR_b2c11,MATR_b2c0,MATR_b3c14,MATR_b1c41,MATR_b2c22,MATR_b4c8",False,False,0.95
140,MATR_b2c10,560.0,510.4640735536827,37.58898214890641,436.79102232630714,584.1371247810582,420.0,370.4640735536827,296.79102232630714,444.1371247810582,49.53592644631732,"MATR_b3c34,MATR_b3c26,MATR_b4c31,MATR_b1c16,MATR_b2c47,MATR_b3c39,MATR_b1c30,MATR_b2c39,MATR_b4c20,MATR_b2c32,MATR_b2c11,MATR_b2c0,MATR_b3c14,MATR_b1c41,MATR_b2c22,MATR_b4c8",False,False,0.95
140,MATR_b2c21,488.0,465.8458611230297,35.2882648933539,396.6821328551469,535.0095893909124,348.0,325.8458611230297,256.6821328551469,395.0095893909124,22.154138876970308,"MATR_b3c34,MATR_b3c26,MATR_b4c31,MATR_b1c16,MATR_b2c47,MATR_b3c39,MATR_b1c30,MATR_b2c39,MATR_b4c20,MATR_b2c32,MATR_b2c11,MATR_b2c0,MATR_b3c14,MATR_b1c41,MATR_b2c22,MATR_b4c8",False,False,0.95
140,MATR_b2c23,526.0,475.51299688170684,35.68014103577762,405.58120548827304,545.4447882751406,386.0,335.51299688170684,265.58120548827304,405.4447882751406,50.48700311829316,"MATR_b3c34,MATR_b3c26,MATR_b4c31,MATR_b1c16,MATR_b2c47,MATR_b3c39,MATR_b1c30,MATR_b2c39,MATR_b4c20,MATR_b2c32,MATR_b2c11,MATR_b2c0,MATR_b3c14,MATR_b1c41,MATR_b2c22,MATR_b4c8",False,False,0.95
140,MATR_b2c25,460.0,456.40353765640856,33.15562158948135,391.4197134559865,521.3873618568307,320.0,316.40353765640856,251.41971345598648,381.3873618568307,3.5964623435914405,"MATR_b3c34,MATR_b3c26,MATR_b4c31,MATR_b1c16,MATR_b2c47,MATR_b3c39,MATR_b1c30,MATR_b2c39,MATR_b4c20,MATR_b2c32,MATR_b2c11,MATR_b2c0,MATR_b3c14,MATR_b1c41,MATR_b2c22,MATR_b4c8",False,False,0.95
140,MATR_b2c29,497.0,629.5529980633497,51.03030966067552,529.5354290084994,729.5705671182001,357.0,489.5529980633497,389.53542900849936,589.5705671182001,132.55299806334972,"MATR_b3c34,MATR_b3c26,MATR_b4c31,MATR_b1c16,MATR_b2c47,MATR_b3c39,MATR_b1c30,MATR_b2c39,MATR_b4c20,MATR_b2c32,MATR_b2c11,MATR_b2c0,MATR_b3c14,MATR_b1c41,MATR_b2c22,MATR_b4c8",False,False,0.95
140,MATR_b2c30,480.0,569.1941783172425,44.72883579103159,481.5272710964145,656.8610855380706,340.0,429.1941783172425,341.5272710964145,516.8610855380706,89.19417831724252,"MATR_b3c34,MATR_b3c26,MATR_b4c31,MATR_b1c16,MATR_b2c47,MATR_b3c39,MATR_b1c30,MATR_b2c39,MATR_b4c20,MATR_b2c32,MATR_b2c11,MATR_b2c0,MATR_b3c14,MATR_b1c41,MATR_b2c22,MATR_b4c8",False,False,0.95
140,MATR_b2c36,534.0,621.6383621813635,50.78454855807137,522.1024760364181,721.1742483263089,394.0,481.6383621813635,382.1024760364181,581.1742483263089,87.6383621813635,"MATR_b3c34,MATR_b3c26,MATR_b4c31,MATR_b1c16,MATR_b2c47,MATR_b3c39,MATR_b1c30,MATR_b2c39,MATR_b4c20,MATR_b2c32,MATR_b2c11,MATR_b2c0,MATR_b3c14,MATR_b1c41,MATR_b2c22,MATR_b4c8",False,False,0.95
140,MATR_b2c40,498.0,501.5615585883324,38.790359526294985,425.53385096943407,577.5892662072307,358.0,361.5615585883324,285.53385096943407,437.5892662072307,3.561558588332389,"MATR_b3c34,MATR_b3c26,MATR_b4c31,MATR_b1c16,MATR_b2c47,MATR_b3c39,MATR_b1c30,MATR_b2c39,MATR_b4c20,MATR_b2c32,MATR_b2c11,MATR_b2c0,MATR_b3c14,MATR_b1c41,MATR_b2c22,MATR_b4c8",False,False,0.95
140,MATR_b2c42,465.0,496.25415822676644,38.020904060020676,421.7345556094732,570.7737608440597,325.0,356.25415822676644,281.7345556094732,430.77376084405967,31.254158226766435,"MATR_b3c34,MATR_b3c26,MATR_b4c31,MATR_b1c16,MATR_b2c47,MATR_b3c39,MATR_b1c30,MATR_b2c39,MATR_b4c20,MATR_b2c32,MATR_b2c11,MATR_b2c0,MATR_b3c14,MATR_b1c41,MATR_b2c22,MATR_b4c8",False,False,0.95
140,MATR_b2c46,428.0,453.96921076061574,34.324127507499604,386.69515704515595,521.2432644760755,288.0,313.96921076061574,246.69515704515595,381.2432644760755,25.969210760615738,"MATR_b3c34,MATR_b3c26,MATR_b4c31,MATR_b1c16,MATR_b2c47,MATR_b3c39,MATR_b1c30,MATR_b2c39,MATR_b4c20,MATR_b2c32,MATR_b2c11,MATR_b2c0,MATR_b3c14,MATR_b1c41,MATR_b2c22,MATR_b4c8",False,False,0.95
140,MATR_b3c19,1152.0,1681.8271278836744,210.73085816266124,1268.80223545364,2094.8520203137086,1012.0,1541.8271278836744,1128.80223545364,1954.8520203137086,529.8271278836744,"MATR_b3c34,MATR_b3c26,MATR_b4c31,MATR_b1c16,MATR_b2c47,MATR_b3c39,MATR_b1c30,MATR_b2c39,MATR_b4c20,MATR_b2c32,MATR_b2c11,MATR_b2c0,MATR_b3c14,MATR_b1c41,MATR_b2c22,MATR_b4c8",False,False,0.95
140,MATR_b3c20,811.0,948.7464285975395,90.00916099850886,772.331714761795,1125.161142433284,671.0,808.7464285975395,632.331714761795,985.1611424332841,137.74642859753953,"MATR_b3c34,MATR_b3c26,MATR_b4c31,MATR_b1c16,MATR_b2c47,MATR_b3c39,MATR_b1c30,MATR_b2c39,MATR_b4c20,MATR_b2c32,MATR_b2c11,MATR_b2c0,MATR_b3c14,MATR_b1c41,MATR_b2c22,MATR_b4c8",False,False,0.95
140,MATR_b3c3,1113.0,1119.2056007094989,118.19963822105258,887.5385668105719,1350.8726346084259,973.0,979.2056007094989,747.5385668105719,1210.8726346084259,6.205600709498867,"MATR_b3c34,MATR_b3c26,MATR_b4c31,MATR_b1c16,MATR_b2c47,MATR_b3c39,MATR_b1c30,MATR_b2c39,MATR_b4c20,MATR_b2c32,MATR_b2c11,MATR_b2c0,MATR_b3c14,MATR_b1c41,MATR_b2c22,MATR_b4c8",False,False,0.95
140,MATR_b3c30,933.0,1456.3772805994204,172.24458229807118,1118.7841027630557,1793.970458435785,793.0,1316.3772805994204,978.7841027630557,1653.970458435785,523.3772805994204,"MATR_b3c34,MATR_b3c26,MATR_b4c31,MATR_b1c16,MATR_b2c47,MATR_b3c39,MATR_b1c30,MATR_b2c39,MATR_b4c20,MATR_b2c32,MATR_b2c11,MATR_b2c0,MATR_b3c14,MATR_b1c41,MATR_b2c22,MATR_b4c8",False,False,0.95
140,MATR_b3c44,938.0,988.7438505586085,91.5293289400416,809.3496623070074,1168.1380388102098,798.0,848.7438505586085,669.3496623070074,1028.1380388102098,50.74385055860853,"MATR_b3c34,MATR_b3c26,MATR_b4c31,MATR_b1c16,MATR_b2c47,MATR_b3c39,MATR_b1c30,MATR_b2c39,MATR_b4c20,MATR_b2c32,MATR_b2c11,MATR_b2c0,MATR_b3c14,MATR_b1c41,MATR_b2c22,MATR_b4c8",False,False,0.95
140,MATR_b3c45,1799.0,1701.0417067122012,218.81123699329922,1272.1795627926765,2129.903850631726,1659.0,1561.0417067122012,1132.1795627926765,1989.903850631726,97.95829328779882,"MATR_b3c34,MATR_b3c26,MATR_b4c31,MATR_b1c16,MATR_b2c47,MATR_b3c39,MATR_b1c30,MATR_b2c39,MATR_b4c20,MATR_b2c32,MATR_b2c11,MATR_b2c0,MATR_b3c14,MATR_b1c41,MATR_b2c22,MATR_b4c8",False,False,0.95
140,MATR_b4c10,872.0,963.0639499309145,90.88105109785707,784.9403629019704,1141.1875369598588,732.0,823.0639499309145,644.9403629019704,1001.1875369598588,91.06394993091453,"MATR_b3c34,MATR_b3c26,MATR_b4c31,MATR_b1c16,MATR_b2c47,MATR_b3c39,MATR_b1c30,MATR_b2c39,MATR_b4c20,MATR_b2c32,MATR_b2c11,MATR_b2c0,MATR_b3c14,MATR_b1c41,MATR_b2c22,MATR_b4c8",False,False,0.95
140,MATR_b4c13,771.0,920.7195446208548,88.97978142789776,746.3223776699292,1095.1167115717803,631.0,780.7195446208548,606.3223776699292,955.1167115717803,149.71954462085478,"MATR_b3c34,MATR_b3c26,MATR_b4c31,MATR_b1c16,MATR_b2c47,MATR_b3c39,MATR_b1c30,MATR_b2c39,MATR_b4c20,MATR_b2c32,MATR_b2c11,MATR_b2c0,MATR_b3c14,MATR_b1c41,MATR_b2c22,MATR_b4c8",False,False,0.95
140,MATR_b4c16,909.0,820.9554208495717,87.65615157502305,649.1525207391427,992.7583209600008,769.0,680.9554208495717,509.1525207391427,852.7583209600008,88.04457915042826,"MATR_b3c34,MATR_b3c26,MATR_b4c31,MATR_b1c16,MATR_b2c47,MATR_b3c39,MATR_b1c30,MATR_b2c39,MATR_b4c20,MATR_b2c32,MATR_b2c11,MATR_b2c0,MATR_b3c14,MATR_b1c41,MATR_b2c22,MATR_b4c8",False,False,0.95
140,MATR_b4c18,906.0,820.6997918341482,75.13881208028309,673.4304263156703,967.9691573526261,766.0,680.6997918341482,533.4304263156703,827.9691573526261,85.30020816585181,"MATR_b3c34,MATR_b3c26,MATR_b4c31,MATR_b1c16,MATR_b2c47,MATR_b3c39,MATR_b1c30,MATR_b2c39,MATR_b4c20,MATR_b2c32,MATR_b2c11,MATR_b2c0,MATR_b3c14,MATR_b1c41,MATR_b2c22,MATR_b4c8",False,False,0.95
140,MATR_b4c25,453.0,468.55738744560193,33.922929511299095,402.06966735336476,535.045107537839,313.0,328.55738744560193,262.06966735336476,395.04510753783904,15.557387445601933,"MATR_b3c34,MATR_b3c26,MATR_b4c31,MATR_b1c16,MATR_b2c47,MATR_b3c39,MATR_b1c30,MATR_b2c39,MATR_b4c20,MATR_b2c32,MATR_b2c11,MATR_b2c0,MATR_b3c14,MATR_b1c41,MATR_b2c22,MATR_b4c8",False,False,0.95
140,MATR_b4c29,887.0,1119.355026636953,122.10756479788085,880.0285973932156,1358.6814558806902,747.0,979.355026636953,740.0285973932156,1218.6814558806902,232.35502663695297,"MATR_b3c34,MATR_b3c26,MATR_b4c31,MATR_b1c16,MATR_b2c47,MATR_b3c39,MATR_b1c30,MATR_b2c39,MATR_b4c20,MATR_b2c32,MATR_b2c11,MATR_b2c0,MATR_b3c14,MATR_b1c41,MATR_b2c22,MATR_b4c8",False,False,0.95
140,MATR_b4c33,505.0,477.71349827373456,34.92981490268777,409.2523190778161,546.174677469653,365.0,337.71349827373456,269.2523190778161,406.17467746965303,27.286501726265442,"MATR_b3c34,MATR_b3c26,MATR_b4c31,MATR_b1c16,MATR_b2c47,MATR_b3c39,MATR_b1c30,MATR_b2c39,MATR_b4c20,MATR_b2c32,MATR_b2c11,MATR_b2c0,MATR_b3c14,MATR_b1c41,MATR_b2c22,MATR_b4c8",False,False,0.95
140,MATR_b4c37,863.0,871.224200454269,70.20682838975817,733.6213453415587,1008.8270555669792,723.0,731.224200454269,593.6213453415587,868.8270555669792,8.224200454268953,"MATR_b3c34,MATR_b3c26,MATR_b4c31,MATR_b1c16,MATR_b2c47,MATR_b3c39,MATR_b1c30,MATR_b2c39,MATR_b4c20,MATR_b2c32,MATR_b2c11,MATR_b2c0,MATR_b3c14,MATR_b1c41,MATR_b2c22,MATR_b4c8",False,False,0.95
140,MATR_b4c4,656.0,652.6974839639267,49.363387811826584,555.9470216978632,749.4479462299903,516.0,512.6974839639267,415.9470216978632,609.4479462299903,3.302516036073257,"MATR_b3c34,MATR_b3c26,MATR_b4c31,MATR_b1c16,MATR_b2c47,MATR_b3c39,MATR_b1c30,MATR_b2c39,MATR_b4c20,MATR_b2c32,MATR_b2c11,MATR_b2c0,MATR_b3c14,MATR_b1c41,MATR_b2c22,MATR_b4c8",False,False,0.95
140,MATR_b4c9,442.0,477.04634794036593,35.34491905862058,407.77157954898627,546.3211163317457,302.0,337.04634794036593,267.77157954898627,406.32111633174566,35.04634794036593,"MATR_b3c34,MATR_b3c26,MATR_b4c31,MATR_b1c16,MATR_b2c47,MATR_b3c39,MATR_b1c30,MATR_b2c39,MATR_b4c20,MATR_b2c32,MATR_b2c11,MATR_b2c0,MATR_b3c14,MATR_b1c41,MATR_b2c22,MATR_b4c8",False,False,0.95
160,MATR_b1c1,2154.0,1756.0473693706329,202.5077356132501,1359.1395009779035,2152.955237763362,1994.0,1596.0473693706329,1199.1395009779035,1992.9552377633622,397.95263062936715,"MATR_b1c5,MATR_b4c28,MATR_b4c44,MATR_b3c14,MATR_b3c22,MATR_b1c0,MATR_b3c1,MATR_b1c37,MATR_b3c28,MATR_b3c0,MATR_b2c32,MATR_b1c17,MATR_b2c43,MATR_b1c44,MATR_b4c1,MATR_b3c24",False,False,0.95
160,MATR_b1c20,533.0,506.61263495023854,34.71917856238123,438.56429539515625,574.6609745053208,373.0,346.61263495023854,278.56429539515625,414.66097450532084,26.387365049761456,"MATR_b1c5,MATR_b4c28,MATR_b4c44,MATR_b3c14,MATR_b3c22,MATR_b1c0,MATR_b3c1,MATR_b1c37,MATR_b3c28,MATR_b3c0,MATR_b2c32,MATR_b1c17,MATR_b2c43,MATR_b1c44,MATR_b4c1,MATR_b3c24",False,False,0.95
160,MATR_b1c21,557.0,524.1908841863259,38.54853954547745,448.6371350205721,599.7446333520797,397.0,364.1908841863259,288.6371350205721,439.74463335207975,32.80911581367411,"MATR_b1c5,MATR_b4c28,MATR_b4c44,MATR_b3c14,MATR_b3c22,MATR_b1c0,MATR_b3c1,MATR_b1c37,MATR_b3c28,MATR_b3c0,MATR_b2c32,MATR_b1c17,MATR_b2c43,MATR_b1c44,MATR_b4c1,MATR_b3c24",False,False,0.95
160,MATR_b1c28,858.0,805.6154223045526,65.01780413197584,678.1828678520004,933.0479767571047,698.0,645.6154223045526,518.1828678520004,773.0479767571047,52.38457769544743,"MATR_b1c5,MATR_b4c28,MATR_b4c44,MATR_b3c14,MATR_b3c22,MATR_b1c0,MATR_b3c1,MATR_b1c37,MATR_b3c28,MATR_b3c0,MATR_b2c32,MATR_b1c17,MATR_b2c43,MATR_b1c44,MATR_b4c1,MATR_b3c24",False,False,0.95
160,MATR_b1c39,622.0,620.5162345902625,46.78045947298404,528.8282188429781,712.2042503375468,462.0,460.51623459026246,368.8282188429781,552.2042503375468,1.4837654097375435,"MATR_b1c5,MATR_b4c28,MATR_b4c44,MATR_b3c14,MATR_b3c22,MATR_b1c0,MATR_b3c1,MATR_b1c37,MATR_b3c28,MATR_b3c0,MATR_b2c32,MATR_b1c17,MATR_b2c43,MATR_b1c44,MATR_b4c1,MATR_b3c24",False,False,0.95
160,MATR_b1c7,869.0,902.8885196897172,78.61887010126286,748.7983657860092,1056.9786735934254,709.0,742.8885196897172,588.7983657860092,896.9786735934254,33.888519689717214,"MATR_b1c5,MATR_b4c28,MATR_b4c44,MATR_b3c14,MATR_b3c22,MATR_b1c0,MATR_b3c1,MATR_b1c37,MATR_b3c28,MATR_b3c0,MATR_b2c32,MATR_b1c17,MATR_b2c43,MATR_b1c44,MATR_b4c1,MATR_b3c24",False,False,0.95
160,MATR_b1c9,1052.0,1004.0838879536782,88.88132676666095,829.8796885928869,1178.2880873144695,892.0,844.0838879536782,669.8796885928869,1018.2880873144695,47.916112046321814,"MATR_b1c5,MATR_b4c28,MATR_b4c44,MATR_b3c14,MATR_b3c22,MATR_b1c0,MATR_b3c1,MATR_b1c37,MATR_b3c28,MATR_b3c0,MATR_b2c32,MATR_b1c17,MATR_b2c43,MATR_b1c44,MATR_b4c1,MATR_b3c24",False,False,0.95
160,MATR_b2c10,560.0,525.6678940384581,37.00107728515305,453.1471151703751,598.1886729065412,400.0,365.66789403845814,293.1471151703751,438.1886729065412,34.332105961541856,"MATR_b1c5,MATR_b4c28,MATR_b4c44,MATR_b3c14,MATR_b3c22,MATR_b1c0,MATR_b3c1,MATR_b1c37,MATR_b3c28,MATR_b3c0,MATR_b2c32,MATR_b1c17,MATR_b2c43,MATR_b1c44,MATR_b4c1,MATR_b3c24",False,False,0.95
160,MATR_b2c21,488.0,479.6976480513643,34.45140243117712,412.1741400693615,547.2211560333672,328.0,319.6976480513643,252.1741400693615,387.22115603336715,8.302351948635703,"MATR_b1c5,MATR_b4c28,MATR_b4c44,MATR_b3c14,MATR_b3c22,MATR_b1c0,MATR_b3c1,MATR_b1c37,MATR_b3c28,MATR_b3c0,MATR_b2c32,MATR_b1c17,MATR_b2c43,MATR_b1c44,MATR_b4c1,MATR_b3c24",False,False,0.95
160,MATR_b2c23,526.0,476.8260249874754,33.60218349461459,410.9669555361246,542.6850944388262,366.0,316.8260249874754,250.9669555361246,382.68509443882624,49.17397501252458,"MATR_b1c5,MATR_b4c28,MATR_b4c44,MATR_b3c14,MATR_b3c22,MATR_b1c0,MATR_b3c1,MATR_b1c37,MATR_b3c28,MATR_b3c0,MATR_b2c32,MATR_b1c17,MATR_b2c43,MATR_b1c44,MATR_b4c1,MATR_b3c24",False,False,0.95
160,MATR_b2c25,460.0,464.0665978782369,32.18105944008414,400.99288039132927,527.1403153651445,300.0,304.0665978782369,240.99288039132927,367.1403153651445,4.066597878236905,"MATR_b1c5,MATR_b4c28,MATR_b4c44,MATR_b3c14,MATR_b3c22,MATR_b1c0,MATR_b3c1,MATR_b1c37,MATR_b3c28,MATR_b3c0,MATR_b2c32,MATR_b1c17,MATR_b2c43,MATR_b1c44,MATR_b4c1,MATR_b3c24",False,False,0.95
160,MATR_b2c29,497.0,622.5035787053753,46.66698279223196,531.0379731654502,713.9691842453003,337.0,462.5035787053753,371.03797316545024,553.9691842453003,125.50357870537528,"MATR_b1c5,MATR_b4c28,MATR_b4c44,MATR_b3c14,MATR_b3c22,MATR_b1c0,MATR_b3c1,MATR_b1c37,MATR_b3c28,MATR_b3c0,MATR_b2c32,MATR_b1c17,MATR_b2c43,MATR_b1c44,MATR_b4c1,MATR_b3c24",False,False,0.95
160,MATR_b2c30,480.0,545.0132162368352,38.95037856751073,468.67187706031336,621.354555413357,320.0,385.0132162368352,308.67187706031336,461.35455541335705,65.0132162368352,"MATR_b1c5,MATR_b4c28,MATR_b4c44,MATR_b3c14,MATR_b3c22,MATR_b1c0,MATR_b3c1,MATR_b1c37,MATR_b3c28,MATR_b3c0,MATR_b2c32,MATR_b1c17,MATR_b2c43,MATR_b1c44,MATR_b4c1,MATR_b3c24",False,False,0.95
160,MATR_b2c36,534.0,624.4320088772857,46.98469418830749,532.3437004435747,716.5203173109968,374.0,464.43200887728574,372.3437004435747,556.5203173109968,90.43200887728574,"MATR_b1c5,MATR_b4c28,MATR_b4c44,MATR_b3c14,MATR_b3c22,MATR_b1c0,MATR_b3c1,MATR_b1c37,MATR_b3c28,MATR_b3c0,MATR_b2c32,MATR_b1c17,MATR_b2c43,MATR_b1c44,MATR_b4c1,MATR_b3c24",False,False,0.95
160,MATR_b2c40,498.0,512.4360330488092,37.24750747195975,439.4322598898816,585.4398062077369,338.0,352.43603304880924,279.4322598898816,425.43980620773686,14.436033048809236,"MATR_b1c5,MATR_b4c28,MATR_b4c44,MATR_b3c14,MATR_b3c22,MATR_b1c0,MATR_b3c1,MATR_b1c37,MATR_b3c28,MATR_b3c0,MATR_b2c32,MATR_b1c17,MATR_b2c43,MATR_b1c44,MATR_b4c1,MATR_b3c24",False,False,0.95
160,MATR_b2c42,465.0,504.5893415884236,36.40978815033649,433.22746812903085,575.9512150478164,305.0,344.5893415884236,273.22746812903085,415.9512150478164,39.58934158842362,"MATR_b1c5,MATR_b4c28,MATR_b4c44,MATR_b3c14,MATR_b3c22,MATR_b1c0,MATR_b3c1,MATR_b1c37,MATR_b3c28,MATR_b3c0,MATR_b2c32,MATR_b1c17,MATR_b2c43,MATR_b1c44,MATR_b4c1,MATR_b3c24",False,False,0.95
160,MATR_b2c46,428.0,460.6893716241803,33.09114129738099,395.83192647398755,525.546816774373,268.0,300.6893716241803,235.83192647398755,365.54681677437304,32.689371624180296,"MATR_b1c5,MATR_b4c28,MATR_b4c44,MATR_b3c14,MATR_b3c22,MATR_b1c0,MATR_b3c1,MATR_b1c37,MATR_b3c28,MATR_b3c0,MATR_b2c32,MATR_b1c17,MATR_b2c43,MATR_b1c44,MATR_b4c1,MATR_b3c24",False,False,0.95
160,MATR_b3c19,1152.0,1622.5353895238238,178.27768433573712,1273.1175489785787,1971.953230069069,992.0,1462.5353895238238,1113.1175489785787,1811.953230069069,470.5353895238238,"MATR_b1c5,MATR_b4c28,MATR_b4c44,MATR_b3c14,MATR_b3c22,MATR_b1c0,MATR_b3c1,MATR_b1c37,MATR_b3c28,MATR_b3c0,MATR_b2c32,MATR_b1c17,MATR_b2c43,MATR_b1c44,MATR_b4c1,MATR_b3c24",False,False,0.95
160,MATR_b3c20,811.0,915.7921668196468,76.86705225879132,765.1355127946576,1066.448820844636,651.0,755.7921668196468,605.1355127946576,906.448820844636,104.79216681964681,"MATR_b1c5,MATR_b4c28,MATR_b4c44,MATR_b3c14,MATR_b3c22,MATR_b1c0,MATR_b3c1,MATR_b1c37,MATR_b3c28,MATR_b3c0,MATR_b2c32,MATR_b1c17,MATR_b2c43,MATR_b1c44,MATR_b4c1,MATR_b3c24",False,False,0.95
160,MATR_b3c3,1113.0,1101.6706908630476,102.34667655963766,901.0748908687881,1302.2664908573072,953.0,941.6706908630476,741.0748908687881,1142.2664908573072,11.32930913695236,"MATR_b1c5,MATR_b4c28,MATR_b4c44,MATR_b3c14,MATR_b3c22,MATR_b1c0,MATR_b3c1,MATR_b1c37,MATR_b3c28,MATR_b3c0,MATR_b2c32,MATR_b1c17,MATR_b2c43,MATR_b1c44,MATR_b4c1,MATR_b3c24",False,False,0.95
160,MATR_b3c30,933.0,1243.500276582012,116.20535289692234,1015.741970093277,1471.258583070747,773.0,1083.500276582012,855.741970093277,1311.258583070747,310.500276582012,"MATR_b1c5,MATR_b4c28,MATR_b4c44,MATR_b3c14,MATR_b3c22,MATR_b1c0,MATR_b3c1,MATR_b1c37,MATR_b3c28,MATR_b3c0,MATR_b2c32,MATR_b1c17,MATR_b2c43,MATR_b1c44,MATR_b4c1,MATR_b3c24",False,False,0.95
160,MATR_b3c44,938.0,977.7780525794924,81.36446360142541,818.3066342992785,1137.2494708597064,778.0,817.7780525794924,658.3066342992785,977.2494708597064,39.778052579492396,"MATR_b1c5,MATR_b4c28,MATR_b4c44,MATR_b3c14,MATR_b3c22,MATR_b1c0,MATR_b3c1,MATR_b1c37,MATR_b3c28,MATR_b3c0,MATR_b2c32,MATR_b1c17,MATR_b2c43,MATR_b1c44,MATR_b4c1,MATR_b3c24",False,False,0.95
160,MATR_b3c45,1799.0,1698.5221514390207,197.96291857569742,1310.5219607562185,2086.522342121823,1639.0,1538.5221514390207,1150.5219607562185,1926.522342121823,100.47784856097928,"MATR_b1c5,MATR_b4c28,MATR_b4c44,MATR_b3c14,MATR_b3c22,MATR_b1c0,MATR_b3c1,MATR_b1c37,MATR_b3c28,MATR_b3c0,MATR_b2c32,MATR_b1c17,MATR_b2c43,MATR_b1c44,MATR_b4c1,MATR_b3c24",False,False,0.95
160,MATR_b4c10,872.0,970.588030572193,82.75041756859937,808.4001924320878,1132.7758687122982,712.0,810.588030572193,648.4001924320878,972.7758687122982,98.58803057219302,"MATR_b1c5,MATR_b4c28,MATR_b4c44,MATR_b3c14,MATR_b3c22,MATR_b1c0,MATR_b3c1,MATR_b1c37,MATR_b3c28,MATR_b3c0,MATR_b2c32,MATR_b1c17,MATR_b2c43,MATR_b1c44,MATR_b4c1,MATR_b3c24",False,False,0.95
160,MATR_b4c13,771.0,920.7945856516747,77.90124923566076,768.1109427991012,1073.4782285042481,611.0,760.7945856516747,608.1109427991012,913.4782285042481,149.79458565167465,"MATR_b1c5,MATR_b4c28,MATR_b4c44,MATR_b3c14,MATR_b3c22,MATR_b1c0,MATR_b3c1,MATR_b1c37,MATR_b3c28,MATR_b3c0,MATR_b2c32,MATR_b1c17,MATR_b2c43,MATR_b1c44,MATR_b4c1,MATR_b3c24",False,False,0.95
160,MATR_b4c16,909.0,829.5912582768118,81.8803318382619,669.1087568316302,990.0737597219934,749.0,669.5912582768118,509.1087568316302,830.0737597219934,79.4087417231882,"MATR_b1c5,MATR_b4c28,MATR_b4c44,MATR_b3c14,MATR_b3c22,MATR_b1c0,MATR_b3c1,MATR_b1c37,MATR_b3c28,MATR_b3c0,MATR_b2c32,MATR_b1c17,MATR_b2c43,MATR_b1c44,MATR_b4c1,MATR_b3c24",False,False,0.95
160,MATR_b4c18,906.0,814.0715652983497,72.47166114869276,672.0297195471212,956.1134110495782,746.0,654.0715652983497,512.0297195471212,796.1134110495782,91.9284347016503,"MATR_b1c5,MATR_b4c28,MATR_b4c44,MATR_b3c14,MATR_b3c22,MATR_b1c0,MATR_b3c1,MATR_b1c37,MATR_b3c28,MATR_b3c0,MATR_b2c32,MATR_b1c17,MATR_b2c43,MATR_b1c44,MATR_b4c1,MATR_b3c24",False,False,0.95
160,MATR_b4c25,453.0,491.9739531996407,34.537826526784905,424.2810571028502,559.6668492964312,293.0,331.9739531996407,264.2810571028502,399.6668492964312,38.973953199640675,"MATR_b1c5,MATR_b4c28,MATR_b4c44,MATR_b3c14,MATR_b3c22,MATR_b1c0,MATR_b3c1,MATR_b1c37,MATR_b3c28,MATR_b3c0,MATR_b2c32,MATR_b1c17,MATR_b2c43,MATR_b1c44,MATR_b4c1,MATR_b3c24",False,False,0.95
160,MATR_b4c29,887.0,1113.2421697623436,107.28225603816723,902.9728117473311,1323.5115277773562,727.0,953.2421697623436,742.9728117473311,1163.5115277773562,226.24216976234356,"MATR_b1c5,MATR_b4c28,MATR_b4c44,MATR_b3c14,MATR_b3c22,MATR_b1c0,MATR_b3c1,MATR_b1c37,MATR_b3c28,MATR_b3c0,MATR_b2c32,MATR_b1c17,MATR_b2c43,MATR_b1c44,MATR_b4c1,MATR_b3c24",False,False,0.95
160,MATR_b4c33,505.0,487.28331897265537,33.97464540348375,420.69423759430794,553.8724003510029,345.0,327.28331897265537,260.69423759430794,393.87240035100285,17.716681027344634,"MATR_b1c5,MATR_b4c28,MATR_b4c44,MATR_b3c14,MATR_b3c22,MATR_b1c0,MATR_b3c1,MATR_b1c37,MATR_b3c28,MATR_b3c0,MATR_b2c32,MATR_b1c17,MATR_b2c43,MATR_b1c44,MATR_b4c1,MATR_b3c24",False,False,0.95
160,MATR_b4c37,863.0,872.3847205285795,65.73168675938823,743.5529818371102,1001.2164592200487,703.0,712.3847205285795,583.5529818371102,841.2164592200487,9.384720528579464,"MATR_b1c5,MATR_b4c28,MATR_b4c44,MATR_b3c14,MATR_b3c22,MATR_b1c0,MATR_b3c1,MATR_b1c37,MATR_b3c28,MATR_b3c0,MATR_b2c32,MATR_b1c17,MATR_b2c43,MATR_b1c44,MATR_b4c1,MATR_b3c24",False,False,0.95
160,MATR_b4c4,656.0,678.8069711830345,48.53767747247098,583.6748714437704,773.9390709222987,496.0,518.8069711830345,423.67487144377037,613.9390709222987,22.806971183034534,"MATR_b1c5,MATR_b4c28,MATR_b4c44,MATR_b3c14,MATR_b3c22,MATR_b1c0,MATR_b3c1,MATR_b1c37,MATR_b3c28,MATR_b3c0,MATR_b2c32,MATR_b1c17,MATR_b2c43,MATR_b1c44,MATR_b4c1,MATR_b3c24",False,False,0.95
160,MATR_b4c9,442.0,477.53882844681914,33.685590236302495,411.51628478569216,543.5613721079461,282.0,317.53882844681914,251.51628478569216,383.5613721079461,35.53882844681914,"MATR_b1c5,MATR_b4c28,MATR_b4c44,MATR_b3c14,MATR_b3c22,MATR_b1c0,MATR_b3c1,MATR_b1c37,MATR_b3c28,MATR_b3c0,MATR_b2c32,MATR_b1c17,MATR_b2c43,MATR_b1c44,MATR_b4c1,MATR_b3c24",False,False,0.95
180,MATR_b1c1,2154.0,1762.34059407956,204.2687997677336,1361.9811033695785,2162.7000847895415,1974.0,1582.34059407956,1181.9811033695785,1982.7000847895415,391.6594059204399,"MATR_b1c16,MATR_b2c0,MATR_b2c6,MATR_b4c39,MATR_b4c8,MATR_b2c43,MATR_b1c44,MATR_b1c33,MATR_b2c38,MATR_b1c17,MATR_b1c25,MATR_b3c15,MATR_b3c29,MATR_b3c33,MATR_b3c25,MATR_b3c39",False,False,0.95
180,MATR_b1c20,533.0,505.158486194472,33.3273107541912,439.8381574146828,570.4788149742611,353.0,325.158486194472,259.8381574146828,390.4788149742611,27.841513805527995,"MATR_b1c16,MATR_b2c0,MATR_b2c6,MATR_b4c39,MATR_b4c8,MATR_b2c43,MATR_b1c44,MATR_b1c33,MATR_b2c38,MATR_b1c17,MATR_b1c25,MATR_b3c15,MATR_b3c29,MATR_b3c33,MATR_b3c25,MATR_b3c39",False,False,0.95
180,MATR_b1c21,557.0,498.5639922941627,34.68638696144799,430.5799230959049,566.5480614924204,377.0,318.5639922941627,250.57992309590492,386.5480614924204,58.43600770583731,"MATR_b1c16,MATR_b2c0,MATR_b2c6,MATR_b4c39,MATR_b4c8,MATR_b2c43,MATR_b1c44,MATR_b1c33,MATR_b2c38,MATR_b1c17,MATR_b1c25,MATR_b3c15,MATR_b3c29,MATR_b3c33,MATR_b3c25,MATR_b3c39",False,False,0.95
180,MATR_b1c28,858.0,807.4908577701171,64.74545664483304,680.5920945836449,934.3896209565894,678.0,627.4908577701171,500.5920945836449,754.3896209565894,50.509142229882855,"MATR_b1c16,MATR_b2c0,MATR_b2c6,MATR_b4c39,MATR_b4c8,MATR_b2c43,MATR_b1c44,MATR_b1c33,MATR_b2c38,MATR_b1c17,MATR_b1c25,MATR_b3c15,MATR_b3c29,MATR_b3c33,MATR_b3c25,MATR_b3c39",False,False,0.95
180,MATR_b1c39,622.0,621.4477552004106,46.330312571526825,530.6420111677347,712.2534992330865,442.0,441.4477552004106,350.6420111677347,532.2534992330865,0.5522447995894026,"MATR_b1c16,MATR_b2c0,MATR_b2c6,MATR_b4c39,MATR_b4c8,MATR_b2c43,MATR_b1c44,MATR_b1c33,MATR_b2c38,MATR_b1c17,MATR_b1c25,MATR_b3c15,MATR_b3c29,MATR_b3c33,MATR_b3c25,MATR_b3c39",False,False,0.95
180,MATR_b1c7,869.0,928.2467246328264,78.43082722364106,774.5251279968063,1081.9683212688465,689.0,748.2467246328264,594.5251279968063,901.9683212688465,59.246724632826385,"MATR_b1c16,MATR_b2c0,MATR_b2c6,MATR_b4c39,MATR_b4c8,MATR_b2c43,MATR_b1c44,MATR_b1c33,MATR_b2c38,MATR_b1c17,MATR_b1c25,MATR_b3c15,MATR_b3c29,MATR_b3c33,MATR_b3c25,MATR_b3c39",False,False,0.95
180,MATR_b1c9,1052.0,1024.4639510296313,89.97108794904776,848.123858999612,1200.8040430596504,872.0,844.4639510296313,668.123858999612,1020.8040430596504,27.53604897036871,"MATR_b1c16,MATR_b2c0,MATR_b2c6,MATR_b4c39,MATR_b4c8,MATR_b2c43,MATR_b1c44,MATR_b1c33,MATR_b2c38,MATR_b1c17,MATR_b1c25,MATR_b3c15,MATR_b3c29,MATR_b3c33,MATR_b3c25,MATR_b3c39",False,False,0.95
180,MATR_b2c10,560.0,519.6269701906308,34.513560353593796,451.98163491933747,587.2723054619241,380.0,339.6269701906308,271.98163491933747,407.27230546192413,40.3730298093692,"MATR_b1c16,MATR_b2c0,MATR_b2c6,MATR_b4c39,MATR_b4c8,MATR_b2c43,MATR_b1c44,MATR_b1c33,MATR_b2c38,MATR_b1c17,MATR_b1c25,MATR_b3c15,MATR_b3c29,MATR_b3c33,MATR_b3c25,MATR_b3c39",False,False,0.95
180,MATR_b2c21,488.0,468.679324804012,32.55733512890782,404.868120518752,532.4905290892721,308.0,288.679324804012,224.868120518752,352.49052908927206,19.320675195987974,"MATR_b1c16,MATR_b2c0,MATR_b2c6,MATR_b4c39,MATR_b4c8,MATR_b2c43,MATR_b1c44,MATR_b1c33,MATR_b2c38,MATR_b1c17,MATR_b1c25,MATR_b3c15,MATR_b3c29,MATR_b3c33,MATR_b3c25,MATR_b3c39",False,False,0.95
180,MATR_b2c23,526.0,467.8808785667422,31.805524060555534,405.5431968986312,530.2185602348532,346.0,287.8808785667422,225.5431968986312,350.21856023485316,58.11912143325782,"MATR_b1c16,MATR_b2c0,MATR_b2c6,MATR_b4c39,MATR_b4c8,MATR_b2c43,MATR_b1c44,MATR_b1c33,MATR_b2c38,MATR_b1c17,MATR_b1c25,MATR_b3c15,MATR_b3c29,MATR_b3c33,MATR_b3c25,MATR_b3c39",False,False,0.95
180,MATR_b2c25,460.0,459.52186717412974,30.897399814135163,398.96407632249026,520.0796580257692,280.0,279.52186717412974,218.96407632249026,340.07965802576916,0.4781328258702615,"MATR_b1c16,MATR_b2c0,MATR_b2c6,MATR_b4c39,MATR_b4c8,MATR_b2c43,MATR_b1c44,MATR_b1c33,MATR_b2c38,MATR_b1c17,MATR_b1c25,MATR_b3c15,MATR_b3c29,MATR_b3c33,MATR_b3c25,MATR_b3c39",False,False,0.95
180,MATR_b2c29,497.0,581.817250382674,41.98215880612814,499.5337311294218,664.1007696359262,317.0,401.81725038267405,319.5337311294218,484.1007696359262,84.81725038267405,"MATR_b1c16,MATR_b2c0,MATR_b2c6,MATR_b4c39,MATR_b4c8,MATR_b2c43,MATR_b1c44,MATR_b1c33,MATR_b2c38,MATR_b1c17,MATR_b1c25,MATR_b3c15,MATR_b3c29,MATR_b3c33,MATR_b3c25,MATR_b3c39",False,False,0.95
180,MATR_b2c30,480.0,496.3218091146524,33.29412633608098,431.0665205992072,561.5770976300976,300.0,316.3218091146524,251.0665205992072,381.57709763009757,16.32180911465241,"MATR_b1c16,MATR_b2c0,MATR_b2c6,MATR_b4c39,MATR_b4c8,MATR_b2c43,MATR_b1c44,MATR_b1c33,MATR_b2c38,MATR_b1c17,MATR_b1c25,MATR_b3c15,MATR_b3c29,MATR_b3c33,MATR_b3c25,MATR_b3c39",False,False,0.95
180,MATR_b2c36,534.0,597.5348066681825,44.00626801900292,511.28410625692,683.785507079445,354.0,417.53480666818245,331.28410625692,503.785507079445,63.534806668182455,"MATR_b1c16,MATR_b2c0,MATR_b2c6,MATR_b4c39,MATR_b4c8,MATR_b2c43,MATR_b1c44,MATR_b1c33,MATR_b2c38,MATR_b1c17,MATR_b1c25,MATR_b3c15,MATR_b3c29,MATR_b3c33,MATR_b3c25,MATR_b3c39",False,False,0.95
180,MATR_b2c40,498.0,499.07256535485527,34.88783310648211,430.6936689675062,567.4514617422044,318.0,319.07256535485527,250.6936689675062,387.4514617422044,1.0725653548552714,"MATR_b1c16,MATR_b2c0,MATR_b2c6,MATR_b4c39,MATR_b4c8,MATR_b2c43,MATR_b1c44,MATR_b1c33,MATR_b2c38,MATR_b1c17,MATR_b1c25,MATR_b3c15,MATR_b3c29,MATR_b3c33,MATR_b3c25,MATR_b3c39",False,False,0.95
180,MATR_b2c42,465.0,492.75223194404407,34.39647709315638,425.3363756464006,560.1680882416875,285.0,312.75223194404407,245.3363756464006,380.16808824168754,27.75223194404407,"MATR_b1c16,MATR_b2c0,MATR_b2c6,MATR_b4c39,MATR_b4c8,MATR_b2c43,MATR_b1c44,MATR_b1c33,MATR_b2c38,MATR_b1c17,MATR_b1c25,MATR_b3c15,MATR_b3c29,MATR_b3c33,MATR_b3c25,MATR_b3c39",False,False,0.95
180,MATR_b2c46,428.0,457.96966089097566,32.047421741474004,395.15786848032076,520.7814533016306,248.0,277.96966089097566,215.15786848032076,340.78145330163056,29.96966089097566,"MATR_b1c16,MATR_b2c0,MATR_b2c6,MATR_b4c39,MATR_b4c8,MATR_b2c43,MATR_b1c44,MATR_b1c33,MATR_b2c38,MATR_b1c17,MATR_b1c25,MATR_b3c15,MATR_b3c29,MATR_b3c33,MATR_b3c25,MATR_b3c39",False,False,0.95
180,MATR_b3c19,1152.0,1549.847739361204,169.07341671171017,1218.4699318631197,1881.2255468592884,972.0,1369.847739361204,1038.4699318631197,1701.2255468592884,397.84773936120405,"MATR_b1c16,MATR_b2c0,MATR_b2c6,MATR_b4c39,MATR_b4c8,MATR_b2c43,MATR_b1c44,MATR_b1c33,MATR_b2c38,MATR_b1c17,MATR_b1c25,MATR_b3c15,MATR_b3c29,MATR_b3c33,MATR_b3c25,MATR_b3c39",False,False,0.95
180,MATR_b3c20,811.0,924.9723560457265,75.33318319945931,777.3220301340284,1072.6226819574247,631.0,744.9723560457265,597.3220301340284,892.6226819574247,113.97235604572654,"MATR_b1c16,MATR_b2c0,MATR_b2c6,MATR_b4c39,MATR_b4c8,MATR_b2c43,MATR_b1c44,MATR_b1c33,MATR_b2c38,MATR_b1c17,MATR_b1c25,MATR_b3c15,MATR_b3c29,MATR_b3c33,MATR_b3c25,MATR_b3c39",False,False,0.95
180,MATR_b3c3,1113.0,1080.0216988052823,97.13745459228294,889.6357862545129,1270.4076113560518,933.0,900.0216988052823,709.6357862545129,1090.4076113560518,32.97830119471769,"MATR_b1c16,MATR_b2c0,MATR_b2c6,MATR_b4c39,MATR_b4c8,MATR_b2c43,MATR_b1c44,MATR_b1c33,MATR_b2c38,MATR_b1c17,MATR_b1c25,MATR_b3c15,MATR_b3c29,MATR_b3c33,MATR_b3c25,MATR_b3c39",False,False,0.95
180,MATR_b3c30,933.0,1251.3204636746323,118.4848148581952,1019.0944938376734,1483.546433511591,753.0,1071.3204636746323,839.0944938376734,1303.546433511591,318.32046367463226,"MATR_b1c16,MATR_b2c0,MATR_b2c6,MATR_b4c39,MATR_b4c8,MATR_b2c43,MATR_b1c44,MATR_b1c33,MATR_b2c38,MATR_b1c17,MATR_b1c25,MATR_b3c15,MATR_b3c29,MATR_b3c33,MATR_b3c25,MATR_b3c39",False,False,0.95
180,MATR_b3c44,938.0,1031.1016289193747,86.17663805297155,862.1985220268066,1200.0047358119427,758.0,851.1016289193747,682.1985220268066,1020.0047358119427,93.10162891937466,"MATR_b1c16,MATR_b2c0,MATR_b2c6,MATR_b4c39,MATR_b4c8,MATR_b2c43,MATR_b1c44,MATR_b1c33,MATR_b2c38,MATR_b1c17,MATR_b1c25,MATR_b3c15,MATR_b3c29,MATR_b3c33,MATR_b3c25,MATR_b3c39",False,False,0.95
180,MATR_b3c45,1799.0,1724.4173504130777,202.9502808548319,1326.6421092853184,2122.192591540837,1619.0,1544.4173504130777,1146.6421092853184,1942.192591540837,74.58264958692234,"MATR_b1c16,MATR_b2c0,MATR_b2c6,MATR_b4c39,MATR_b4c8,MATR_b2c43,MATR_b1c44,MATR_b1c33,MATR_b2c38,MATR_b1c17,MATR_b1c25,MATR_b3c15,MATR_b3c29,MATR_b3c33,MATR_b3c25,MATR_b3c39",False,False,0.95
180,MATR_b4c10,872.0,961.8763470547539,78.83560158282098,807.3614072528759,1116.3912868566317,692.0,781.8763470547539,627.3614072528759,936.3912868566317,89.87634705475386,"MATR_b1c16,MATR_b2c0,MATR_b2c6,MATR_b4c39,MATR_b4c8,MATR_b2c43,MATR_b1c44,MATR_b1c33,MATR_b2c38,MATR_b1c17,MATR_b1c25,MATR_b3c15,MATR_b3c29,MATR_b3c33,MATR_b3c25,MATR_b3c39",False,False,0.95
180,MATR_b4c13,771.0,911.0829191018138,75.56127616244393,762.9855391975389,1059.1802990060887,591.0,731.0829191018138,582.9855391975389,879.1802990060887,140.0829191018138,"MATR_b1c16,MATR_b2c0,MATR_b2c6,MATR_b4c39,MATR_b4c8,MATR_b2c43,MATR_b1c44,MATR_b1c33,MATR_b2c38,MATR_b1c17,MATR_b1c25,MATR_b3c15,MATR_b3c29,MATR_b3c33,MATR_b3c25,MATR_b3c39",False,False,0.95
180,MATR_b4c16,909.0,879.318418536219,78.94552995896342,724.588023076223,1034.0488139962151,729.0,699.318418536219,544.588023076223,854.0488139962151,29.681581463780958,"MATR_b1c16,MATR_b2c0,MATR_b2c6,MATR_b4c39,MATR_b4c8,MATR_b2c43,MATR_b1c44,MATR_b1c33,MATR_b2c38,MATR_b1c17,MATR_b1c25,MATR_b3c15,MATR_b3c29,MATR_b3c33,MATR_b3c25,MATR_b3c39",False,False,0.95
180,MATR_b4c18,906.0,828.3514322994743,72.12153154383573,686.9958279636868,969.7070366352617,726.0,648.3514322994743,506.9958279636868,789.7070366352617,77.64856770052575,"MATR_b1c16,MATR_b2c0,MATR_b2c6,MATR_b4c39,MATR_b4c8,MATR_b2c43,MATR_b1c44,MATR_b1c33,MATR_b2c38,MATR_b1c17,MATR_b1c25,MATR_b3c15,MATR_b3c29,MATR_b3c33,MATR_b3c25,MATR_b3c39",False,False,0.95
180,MATR_b4c25,453.0,485.29726985922485,33.048335016770906,420.52372347733996,550.0708162411097,273.0,305.29726985922485,240.52372347733996,370.0708162411097,32.297269859224855,"MATR_b1c16,MATR_b2c0,MATR_b2c6,MATR_b4c39,MATR_b4c8,MATR_b2c43,MATR_b1c44,MATR_b1c33,MATR_b2c38,MATR_b1c17,MATR_b1c25,MATR_b3c15,MATR_b3c29,MATR_b3c33,MATR_b3c25,MATR_b3c39",False,False,0.95
180,MATR_b4c29,887.0,1138.989462277587,108.26455798095262,926.7948278327715,1351.1840967224027,707.0,958.9894622775871,746.7948278327715,1171.1840967224027,251.9894622775871,"MATR_b1c16,MATR_b2c0,MATR_b2c6,MATR_b4c39,MATR_b4c8,MATR_b2c43,MATR_b1c44,MATR_b1c33,MATR_b2c38,MATR_b1c17,MATR_b1c25,MATR_b3c15,MATR_b3c29,MATR_b3c33,MATR_b3c25,MATR_b3c39",False,False,0.95
180,MATR_b4c33,505.0,482.83918399923317,32.583442362824,418.97681047576145,546.7015575227049,325.0,302.83918399923317,238.97681047576145,366.7015575227049,22.16081600076683,"MATR_b1c16,MATR_b2c0,MATR_b2c6,MATR_b4c39,MATR_b4c8,MATR_b2c43,MATR_b1c44,MATR_b1c33,MATR_b2c38,MATR_b1c17,MATR_b1c25,MATR_b3c15,MATR_b3c29,MATR_b3c33,MATR_b3c25,MATR_b3c39",False,False,0.95
180,MATR_b4c37,863.0,854.9000610640755,62.37813313608498,732.6411666945045,977.1589554336466,683.0,674.9000610640755,552.6411666945045,797.1589554336466,8.099938935924456,"MATR_b1c16,MATR_b2c0,MATR_b2c6,MATR_b4c39,MATR_b4c8,MATR_b2c43,MATR_b1c44,MATR_b1c33,MATR_b2c38,MATR_b1c17,MATR_b1c25,MATR_b3c15,MATR_b3c29,MATR_b3c33,MATR_b3c25,MATR_b3c39",False,False,0.95
180,MATR_b4c4,656.0,686.5257596439267,48.36515734834828,591.7317931345514,781.319726153302,476.0,506.5257596439267,411.73179313455137,601.319726153302,30.525759643926676,"MATR_b1c16,MATR_b2c0,MATR_b2c6,MATR_b4c39,MATR_b4c8,MATR_b2c43,MATR_b1c44,MATR_b1c33,MATR_b2c38,MATR_b1c17,MATR_b1c25,MATR_b3c15,MATR_b3c29,MATR_b3c33,MATR_b3c25,MATR_b3c39",False,False,0.95
180,MATR_b4c9,442.0,472.3254970074591,32.197221061079865,409.2201033254681,535.4308906894502,262.0,292.3254970074591,229.22010332546807,355.43089068945017,30.32549700745909,"MATR_b1c16,MATR_b2c0,MATR_b2c6,MATR_b4c39,MATR_b4c8,MATR_b2c43,MATR_b1c44,MATR_b1c33,MATR_b2c38,MATR_b1c17,MATR_b1c25,MATR_b3c15,MATR_b3c29,MATR_b3c33,MATR_b3c25,MATR_b3c39",False,False,0.95
200,MATR_b1c1,2154.0,1789.4354826121466,205.35197370822954,1386.9530099898006,2191.9179552344926,1954.0,1589.4354826121466,1186.9530099898006,1991.9179552344926,364.56451738785336,"MATR_b4c7,MATR_b4c22,MATR_b2c26,MATR_b2c28,MATR_b1c42,MATR_b1c35,MATR_b3c40,MATR_b4c34,MATR_b2c44,MATR_b4c17,MATR_b3c29,MATR_b2c14,MATR_b4c20,MATR_b3c36,MATR_b2c45,MATR_b4c23",False,False,0.95
200,MATR_b1c20,533.0,516.7493037855577,32.81152885080021,452.43988896029236,581.058718610823,333.0,316.7493037855577,252.43988896029236,381.058718610823,16.250696214442314,"MATR_b4c7,MATR_b4c22,MATR_b2c26,MATR_b2c28,MATR_b1c42,MATR_b1c35,MATR_b3c40,MATR_b4c34,MATR_b2c44,MATR_b4c17,MATR_b3c29,MATR_b2c14,MATR_b4c20,MATR_b3c36,MATR_b2c45,MATR_b4c23",False,False,0.95
200,MATR_b1c21,557.0,502.0728943192807,32.53873890474927,438.29813796361987,565.8476506749415,357.0,302.0728943192807,238.29813796361987,365.8476506749415,54.92710568071931,"MATR_b4c7,MATR_b4c22,MATR_b2c26,MATR_b2c28,MATR_b1c42,MATR_b1c35,MATR_b3c40,MATR_b4c34,MATR_b2c44,MATR_b4c17,MATR_b3c29,MATR_b2c14,MATR_b4c20,MATR_b3c36,MATR_b2c45,MATR_b4c23",False,False,0.95
200,MATR_b1c28,858.0,828.0444737340346,61.84031893740494,706.8396758242507,949.2492716438185,658.0,628.0444737340346,506.83967582425066,749.2492716438185,29.95552626596543,"MATR_b4c7,MATR_b4c22,MATR_b2c26,MATR_b2c28,MATR_b1c42,MATR_b1c35,MATR_b3c40,MATR_b4c34,MATR_b2c44,MATR_b4c17,MATR_b3c29,MATR_b2c14,MATR_b4c20,MATR_b3c36,MATR_b2c45,MATR_b4c23",False,False,0.95
200,MATR_b1c39,622.0,644.5535550840635,44.96281237832636,556.4280621789121,732.679047989215,422.0,444.55355508406353,356.4280621789121,532.679047989215,22.553555084063532,"MATR_b4c7,MATR_b4c22,MATR_b2c26,MATR_b2c28,MATR_b1c42,MATR_b1c35,MATR_b3c40,MATR_b4c34,MATR_b2c44,MATR_b4c17,MATR_b3c29,MATR_b2c14,MATR_b4c20,MATR_b3c36,MATR_b2c45,MATR_b4c23",False,False,0.95
200,MATR_b1c7,869.0,956.6180186236044,79.35005395115144,801.0947707080373,1112.1412665391713,669.0,756.6180186236044,601.0947707080373,912.1412665391713,87.61801862360437,"MATR_b4c7,MATR_b4c22,MATR_b2c26,MATR_b2c28,MATR_b1c42,MATR_b1c35,MATR_b3c40,MATR_b4c34,MATR_b2c44,MATR_b4c17,MATR_b3c29,MATR_b2c14,MATR_b4c20,MATR_b3c36,MATR_b2c45,MATR_b4c23",False,False,0.95
200,MATR_b1c9,1052.0,1049.9345966521466,86.85584916867515,879.7002604349002,1220.168932869393,852.0,849.9345966521466,679.7002604349002,1020.1689328693931,2.065403347853362,"MATR_b4c7,MATR_b4c22,MATR_b2c26,MATR_b2c28,MATR_b1c42,MATR_b1c35,MATR_b3c40,MATR_b4c34,MATR_b2c44,MATR_b4c17,MATR_b3c29,MATR_b2c14,MATR_b4c20,MATR_b3c36,MATR_b2c45,MATR_b4c23",False,False,0.95
200,MATR_b2c10,560.0,527.2824503359452,33.33256414434927,461.9518251006495,592.6130755712409,360.0,327.2824503359452,261.9518251006495,392.61307557124087,32.717549664054786,"MATR_b4c7,MATR_b4c22,MATR_b2c26,MATR_b2c28,MATR_b1c42,MATR_b1c35,MATR_b3c40,MATR_b4c34,MATR_b2c44,MATR_b4c17,MATR_b3c29,MATR_b2c14,MATR_b4c20,MATR_b3c36,MATR_b2c45,MATR_b4c23",False,False,0.95
200,MATR_b2c21,488.0,467.9247359570511,30.79800196000637,407.56176131964463,528.2877105944576,288.0,267.9247359570511,207.56176131964463,328.2877105944576,20.075264042948902,"MATR_b4c7,MATR_b4c22,MATR_b2c26,MATR_b2c28,MATR_b1c42,MATR_b1c35,MATR_b3c40,MATR_b4c34,MATR_b2c44,MATR_b4c17,MATR_b3c29,MATR_b2c14,MATR_b4c20,MATR_b3c36,MATR_b2c45,MATR_b4c23",False,False,0.95
200,MATR_b2c23,526.0,471.54856506480536,30.505573313442593,411.7587400427117,531.338390086899,326.0,271.54856506480536,211.75874004271168,331.33839008689904,54.45143493519464,"MATR_b4c7,MATR_b4c22,MATR_b2c26,MATR_b2c28,MATR_b1c42,MATR_b1c35,MATR_b3c40,MATR_b4c34,MATR_b2c44,MATR_b4c17,MATR_b3c29,MATR_b2c14,MATR_b4c20,MATR_b3c36,MATR_b2c45,MATR_b4c23",False,False,0.95
200,MATR_b2c25,460.0,463.674782169225,29.827406832429425,405.2141390254394,522.1354253130106,260.0,263.674782169225,205.2141390254394,322.1354253130106,3.6747821692250113,"MATR_b4c7,MATR_b4c22,MATR_b2c26,MATR_b2c28,MATR_b1c42,MATR_b1c35,MATR_b3c40,MATR_b4c34,MATR_b2c44,MATR_b4c17,MATR_b3c29,MATR_b2c14,MATR_b4c20,MATR_b3c36,MATR_b2c45,MATR_b4c23",False,False,0.95
200,MATR_b2c29,497.0,586.0047678227218,39.083638557296844,509.402243865639,662.6072917798045,297.0,386.00476782272176,309.402243865639,462.60729177980454,89.00476782272176,"MATR_b4c7,MATR_b4c22,MATR_b2c26,MATR_b2c28,MATR_b1c42,MATR_b1c35,MATR_b3c40,MATR_b4c34,MATR_b2c44,MATR_b4c17,MATR_b3c29,MATR_b2c14,MATR_b4c20,MATR_b3c36,MATR_b2c45,MATR_b4c23",False,False,0.95
200,MATR_b2c30,480.0,496.2282927264976,31.42151937002436,434.6432464217222,557.813339031273,280.0,296.2282927264976,234.6432464217222,357.813339031273,16.228292726497614,"MATR_b4c7,MATR_b4c22,MATR_b2c26,MATR_b2c28,MATR_b1c42,MATR_b1c35,MATR_b3c40,MATR_b4c34,MATR_b2c44,MATR_b4c17,MATR_b3c29,MATR_b2c14,MATR_b4c20,MATR_b3c36,MATR_b2c45,MATR_b4c23",False,False,0.95
200,MATR_b2c36,534.0,612.8912301512062,41.989130231851455,530.5940471546154,695.188413147797,334.0,412.8912301512062,330.5940471546154,495.18841314779695,78.89123015120617,"MATR_b4c7,MATR_b4c22,MATR_b2c26,MATR_b2c28,MATR_b1c42,MATR_b1c35,MATR_b3c40,MATR_b4c34,MATR_b2c44,MATR_b4c17,MATR_b3c29,MATR_b2c14,MATR_b4c20,MATR_b3c36,MATR_b2c45,MATR_b4c23",False,False,0.95
200,MATR_b2c40,498.0,498.011699976674,32.594493043846725,434.1276675163931,561.8957324369549,298.0,298.011699976674,234.1276675163931,361.89573243695486,0.011699976673980927,"MATR_b4c7,MATR_b4c22,MATR_b2c26,MATR_b2c28,MATR_b1c42,MATR_b1c35,MATR_b3c40,MATR_b4c34,MATR_b2c44,MATR_b4c17,MATR_b3c29,MATR_b2c14,MATR_b4c20,MATR_b3c36,MATR_b2c45,MATR_b4c23",False,False,0.95
200,MATR_b2c42,465.0,496.3653557045576,32.694242706765884,432.28581749748514,560.4448939116301,265.0,296.3653557045576,232.28581749748514,360.44489391163006,31.3653557045576,"MATR_b4c7,MATR_b4c22,MATR_b2c26,MATR_b2c28,MATR_b1c42,MATR_b1c35,MATR_b3c40,MATR_b4c34,MATR_b2c44,MATR_b4c17,MATR_b3c29,MATR_b2c14,MATR_b4c20,MATR_b3c36,MATR_b2c45,MATR_b4c23",False,False,0.95
200,MATR_b2c46,428.0,460.35691879228733,30.73231731634143,400.1226836908015,520.5911538937731,228.0,260.35691879228733,200.12268369080152,320.59115389377314,32.35691879228733,"MATR_b4c7,MATR_b4c22,MATR_b2c26,MATR_b2c28,MATR_b1c42,MATR_b1c35,MATR_b3c40,MATR_b4c34,MATR_b2c44,MATR_b4c17,MATR_b3c29,MATR_b2c14,MATR_b4c20,MATR_b3c36,MATR_b2c45,MATR_b4c23",False,False,0.95
200,MATR_b3c19,1152.0,1584.397693578744,167.67037735567374,1255.7697926873834,1913.0255944701048,952.0,1384.397693578744,1055.7697926873834,1713.0255944701048,432.3976935787441,"MATR_b4c7,MATR_b4c22,MATR_b2c26,MATR_b2c28,MATR_b1c42,MATR_b1c35,MATR_b3c40,MATR_b4c34,MATR_b2c44,MATR_b4c17,MATR_b3c29,MATR_b2c14,MATR_b4c20,MATR_b3c36,MATR_b2c45,MATR_b4c23",False,False,0.95
200,MATR_b3c20,811.0,946.4459703423234,72.2551541340929,804.8284705421111,1088.0634701425358,611.0,746.4459703423234,604.8284705421111,888.0634701425358,135.44597034232345,"MATR_b4c7,MATR_b4c22,MATR_b2c26,MATR_b2c28,MATR_b1c42,MATR_b1c35,MATR_b3c40,MATR_b4c34,MATR_b2c44,MATR_b4c17,MATR_b3c29,MATR_b2c14,MATR_b4c20,MATR_b3c36,MATR_b2c45,MATR_b4c23",False,False,0.95
200,MATR_b3c3,1113.0,1226.252442708504,113.32664185715872,1004.1363061796037,1448.3685792374044,913.0,1026.252442708504,804.1363061796037,1248.3685792374044,113.25244270850408,"MATR_b4c7,MATR_b4c22,MATR_b2c26,MATR_b2c28,MATR_b1c42,MATR_b1c35,MATR_b3c40,MATR_b4c34,MATR_b2c44,MATR_b4c17,MATR_b3c29,MATR_b2c14,MATR_b4c20,MATR_b3c36,MATR_b2c45,MATR_b4c23",False,False,0.95
200,MATR_b3c30,933.0,1283.0828490708125,116.34214824130126,1055.0564286338422,1511.1092695077828,733.0,1083.0828490708125,855.0564286338422,1311.1092695077828,350.0828490708125,"MATR_b4c7,MATR_b4c22,MATR_b2c26,MATR_b2c28,MATR_b1c42,MATR_b1c35,MATR_b3c40,MATR_b4c34,MATR_b2c44,MATR_b4c17,MATR_b3c29,MATR_b2c14,MATR_b4c20,MATR_b3c36,MATR_b2c45,MATR_b4c23",False,False,0.95
200,MATR_b3c44,938.0,1078.8846355281116,86.93551767217335,908.4941519133065,1249.2751191429168,738.0,878.8846355281116,708.4941519133065,1049.2751191429168,140.88463552811163,"MATR_b4c7,MATR_b4c22,MATR_b2c26,MATR_b2c28,MATR_b1c42,MATR_b1c35,MATR_b3c40,MATR_b4c34,MATR_b2c44,MATR_b4c17,MATR_b3c29,MATR_b2c14,MATR_b4c20,MATR_b3c36,MATR_b2c45,MATR_b4c23",False,False,0.95
200,MATR_b3c45,1799.0,1756.7298870572986,204.14827827782955,1356.606614126892,2156.853159987705,1599.0,1556.7298870572986,1156.606614126892,1956.853159987705,42.27011294270142,"MATR_b4c7,MATR_b4c22,MATR_b2c26,MATR_b2c28,MATR_b1c42,MATR_b1c35,MATR_b3c40,MATR_b4c34,MATR_b2c44,MATR_b4c17,MATR_b3c29,MATR_b2c14,MATR_b4c20,MATR_b3c36,MATR_b2c45,MATR_b4c23",False,False,0.95
200,MATR_b4c10,872.0,984.7212990662032,76.31975864779646,835.1373208077327,1134.3052773246736,672.0,784.7212990662032,635.1373208077327,934.3052773246736,112.72129906620319,"MATR_b4c7,MATR_b4c22,MATR_b2c26,MATR_b2c28,MATR_b1c42,MATR_b1c35,MATR_b3c40,MATR_b4c34,MATR_b2c44,MATR_b4c17,MATR_b3c29,MATR_b2c14,MATR_b4c20,MATR_b3c36,MATR_b2c45,MATR_b4c23",False,False,0.95
200,MATR_b4c13,771.0,934.6944948425254,72.40249510883844,792.7882120383647,1076.600777646686,571.0,734.6944948425254,592.7882120383647,876.6007776466861,163.6944948425254,"MATR_b4c7,MATR_b4c22,MATR_b2c26,MATR_b2c28,MATR_b1c42,MATR_b1c35,MATR_b3c40,MATR_b4c34,MATR_b2c44,MATR_b4c17,MATR_b3c29,MATR_b2c14,MATR_b4c20,MATR_b3c36,MATR_b2c45,MATR_b4c23",False,False,0.95
200,MATR_b4c16,909.0,931.3450938579502,78.28905043945736,777.9013746127741,1084.7888131031264,709.0,731.3450938579502,577.9013746127741,884.7888131031264,22.345093857950246,"MATR_b4c7,MATR_b4c22,MATR_b2c26,MATR_b2c28,MATR_b1c42,MATR_b1c35,MATR_b3c40,MATR_b4c34,MATR_b2c44,MATR_b4c17,MATR_b3c29,MATR_b2c14,MATR_b4c20,MATR_b3c36,MATR_b2c45,MATR_b4c23",False,False,0.95
200,MATR_b4c18,906.0,845.902734708888,72.31541056237266,704.1671344794103,987.6383349383658,706.0,645.902734708888,504.16713447941027,787.6383349383658,60.09726529111197,"MATR_b4c7,MATR_b4c22,MATR_b2c26,MATR_b2c28,MATR_b1c42,MATR_b1c35,MATR_b3c40,MATR_b4c34,MATR_b2c44,MATR_b4c17,MATR_b3c29,MATR_b2c14,MATR_b4c20,MATR_b3c36,MATR_b2c45,MATR_b4c23",False,False,0.95
200,MATR_b4c25,453.0,490.8694030980414,31.874331816611075,428.39686070620456,553.3419454898783,253.0,290.8694030980414,228.39686070620456,353.3419454898783,37.8694030980414,"MATR_b4c7,MATR_b4c22,MATR_b2c26,MATR_b2c28,MATR_b1c42,MATR_b1c35,MATR_b3c40,MATR_b4c34,MATR_b2c44,MATR_b4c17,MATR_b3c29,MATR_b2c14,MATR_b4c20,MATR_b3c36,MATR_b2c45,MATR_b4c23",False,False,0.95
200,MATR_b4c29,887.0,1199.631559325036,110.02045939539585,983.9954213475088,1415.2676973025632,687.0,999.631559325036,783.9954213475088,1215.2676973025632,312.63155932503605,"MATR_b4c7,MATR_b4c22,MATR_b2c26,MATR_b2c28,MATR_b1c42,MATR_b1c35,MATR_b3c40,MATR_b4c34,MATR_b2c44,MATR_b4c17,MATR_b3c29,MATR_b2c14,MATR_b4c20,MATR_b3c36,MATR_b2c45,MATR_b4c23",False,False,0.95
200,MATR_b4c33,505.0,488.6561243560812,31.54512512226855,426.82881522862516,550.4834334835372,305.0,288.6561243560812,226.82881522862516,350.48343348353717,16.343875643918807,"MATR_b4c7,MATR_b4c22,MATR_b2c26,MATR_b2c28,MATR_b1c42,MATR_b1c35,MATR_b3c40,MATR_b4c34,MATR_b2c44,MATR_b4c17,MATR_b3c29,MATR_b2c14,MATR_b4c20,MATR_b3c36,MATR_b2c45,MATR_b4c23",False,False,0.95
200,MATR_b4c37,863.0,865.582788942119,60.322853232716035,747.3521691613,983.813408722938,663.0,665.582788942119,547.3521691613,783.813408722938,2.5827889421190093,"MATR_b4c7,MATR_b4c22,MATR_b2c26,MATR_b2c28,MATR_b1c42,MATR_b1c35,MATR_b3c40,MATR_b4c34,MATR_b2c44,MATR_b4c17,MATR_b3c29,MATR_b2c14,MATR_b4c20,MATR_b3c36,MATR_b2c45,MATR_b4c23",False,False,0.95
200,MATR_b4c4,656.0,712.605375490895,48.35860463983559,617.8242520542057,807.3864989275843,456.0,512.605375490895,417.82425205420566,607.3864989275843,56.60537549089497,"MATR_b4c7,MATR_b4c22,MATR_b2c26,MATR_b2c28,MATR_b1c42,MATR_b1c35,MATR_b3c40,MATR_b4c34,MATR_b2c44,MATR_b4c17,MATR_b3c29,MATR_b2c14,MATR_b4c20,MATR_b3c36,MATR_b2c45,MATR_b4c23",False,False,0.95
200,MATR_b4c9,442.0,476.8078258971661,31.103926682436377,415.84524982181637,537.7704019725157,242.0,276.8078258971661,215.84524982181637,337.77040197251574,34.80782589716608,"MATR_b4c7,MATR_b4c22,MATR_b2c26,MATR_b2c28,MATR_b1c42,MATR_b1c35,MATR_b3c40,MATR_b4c34,MATR_b2c44,MATR_b4c17,MATR_b3c29,MATR_b2c14,MATR_b4c20,MATR_b3c36,MATR_b2c45,MATR_b4c23",False,False,0.95
220,MATR_b1c1,2154.0,1791.6181302476468,206.26132388957586,1387.3533640205271,2195.8828964747663,1934.0,1571.6181302476468,1167.3533640205271,1975.8828964747663,362.38186975235317,"MATR_b2c38,MATR_b2c13,MATR_b2c43,MATR_b4c40,MATR_b4c7,MATR_b1c43,MATR_b3c4,MATR_b2c44,MATR_b3c26,MATR_b4c42,MATR_b4c17,MATR_b4c31,MATR_b1c42,MATR_b1c37,MATR_b3c9,MATR_b2c19",False,False,0.95
220,MATR_b1c20,533.0,536.8914664191184,34.07417059944464,470.1073192411333,603.6756135971034,313.0,316.8914664191184,250.10731924113333,383.6756135971034,3.8914664191183874,"MATR_b2c38,MATR_b2c13,MATR_b2c43,MATR_b4c40,MATR_b4c7,MATR_b1c43,MATR_b3c4,MATR_b2c44,MATR_b3c26,MATR_b4c42,MATR_b4c17,MATR_b4c31,MATR_b1c42,MATR_b1c37,MATR_b3c9,MATR_b2c19",False,False,0.95
220,MATR_b1c21,557.0,509.3695035983821,32.458858884309635,445.75130920586724,572.9876979908969,337.0,289.3695035983821,225.75130920586724,352.9876979908969,47.630496401617904,"MATR_b2c38,MATR_b2c13,MATR_b2c43,MATR_b4c40,MATR_b4c7,MATR_b1c43,MATR_b3c4,MATR_b2c44,MATR_b3c26,MATR_b4c42,MATR_b4c17,MATR_b4c31,MATR_b1c42,MATR_b1c37,MATR_b3c9,MATR_b2c19",False,False,0.95
220,MATR_b1c28,858.0,843.2527684496225,62.565342895957805,720.6269496931463,965.8785872060987,638.0,623.2527684496225,500.62694969314634,745.8785872060987,14.747231550377478,"MATR_b2c38,MATR_b2c13,MATR_b2c43,MATR_b4c40,MATR_b4c7,MATR_b1c43,MATR_b3c4,MATR_b2c44,MATR_b3c26,MATR_b4c42,MATR_b4c17,MATR_b4c31,MATR_b1c42,MATR_b1c37,MATR_b3c9,MATR_b2c19",False,False,0.95
220,MATR_b1c39,622.0,684.0394513806043,47.92278477365745,590.1125191853712,777.9663835758374,402.0,464.0394513806043,370.1125191853712,557.9663835758374,62.039451380604305,"MATR_b2c38,MATR_b2c13,MATR_b2c43,MATR_b4c40,MATR_b4c7,MATR_b1c43,MATR_b3c4,MATR_b2c44,MATR_b3c26,MATR_b4c42,MATR_b4c17,MATR_b4c31,MATR_b1c42,MATR_b1c37,MATR_b3c9,MATR_b2c19",False,False,0.95
220,MATR_b1c7,869.0,956.6657092188931,79.03846791303343,801.7531587161229,1111.5782597216632,649.0,736.6657092188931,581.7531587161229,891.5782597216632,87.66570921889308,"MATR_b2c38,MATR_b2c13,MATR_b2c43,MATR_b4c40,MATR_b4c7,MATR_b1c43,MATR_b3c4,MATR_b2c44,MATR_b3c26,MATR_b4c42,MATR_b4c17,MATR_b4c31,MATR_b1c42,MATR_b1c37,MATR_b3c9,MATR_b2c19",False,False,0.95
220,MATR_b1c9,1052.0,1036.4647316199707,84.50513621483938,870.8377081302342,1202.0917551097073,832.0,816.4647316199707,650.8377081302342,982.0917551097073,15.535268380029265,"MATR_b2c38,MATR_b2c13,MATR_b2c43,MATR_b4c40,MATR_b4c7,MATR_b1c43,MATR_b3c4,MATR_b2c44,MATR_b3c26,MATR_b4c42,MATR_b4c17,MATR_b4c31,MATR_b1c42,MATR_b1c37,MATR_b3c9,MATR_b2c19",False,False,0.95
220,MATR_b2c10,560.0,547.1213235754994,34.5478908481929,479.4087017712204,614.8339453797785,340.0,327.12132357549945,259.4087017712204,394.83394537977847,12.878676424500554,"MATR_b2c38,MATR_b2c13,MATR_b2c43,MATR_b4c40,MATR_b4c7,MATR_b1c43,MATR_b3c4,MATR_b2c44,MATR_b3c26,MATR_b4c42,MATR_b4c17,MATR_b4c31,MATR_b1c42,MATR_b1c37,MATR_b3c9,MATR_b2c19",False,False,0.95
220,MATR_b2c21,488.0,473.0649947681484,30.618337743269375,413.05415552485704,533.0758340114397,268.0,253.06499476814838,193.05415552485704,313.0758340114397,14.935005231851619,"MATR_b2c38,MATR_b2c13,MATR_b2c43,MATR_b4c40,MATR_b4c7,MATR_b1c43,MATR_b3c4,MATR_b2c44,MATR_b3c26,MATR_b4c42,MATR_b4c17,MATR_b4c31,MATR_b1c42,MATR_b1c37,MATR_b3c9,MATR_b2c19",False,False,0.95
220,MATR_b2c23,526.0,478.71779797843084,30.54375427971055,418.85313963755704,538.5824563193047,306.0,258.71779797843084,198.85313963755704,318.5824563193047,47.28220202156916,"MATR_b2c38,MATR_b2c13,MATR_b2c43,MATR_b4c40,MATR_b4c7,MATR_b1c43,MATR_b3c4,MATR_b2c44,MATR_b3c26,MATR_b4c42,MATR_b4c17,MATR_b4c31,MATR_b1c42,MATR_b1c37,MATR_b3c9,MATR_b2c19",False,False,0.95
220,MATR_b2c25,460.0,472.7819937338321,29.953080270693103,414.0750351772364,531.4889522904278,240.0,252.7819937338321,194.07503517723637,311.48895229042785,12.78199373383211,"MATR_b2c38,MATR_b2c13,MATR_b2c43,MATR_b4c40,MATR_b4c7,MATR_b1c43,MATR_b3c4,MATR_b2c44,MATR_b3c26,MATR_b4c42,MATR_b4c17,MATR_b4c31,MATR_b1c42,MATR_b1c37,MATR_b3c9,MATR_b2c19",False,False,0.95
220,MATR_b2c29,497.0,609.899948931868,40.456866974605575,530.6059467343132,689.1939511294229,277.0,389.89994893186804,310.6059467343132,469.1939511294229,112.89994893186804,"MATR_b2c38,MATR_b2c13,MATR_b2c43,MATR_b4c40,MATR_b4c7,MATR_b1c43,MATR_b3c4,MATR_b2c44,MATR_b3c26,MATR_b4c42,MATR_b4c17,MATR_b4c31,MATR_b1c42,MATR_b1c37,MATR_b3c9,MATR_b2c19",False,False,0.95
220,MATR_b2c30,480.0,503.6947544262561,31.539416323185524,441.8786343393978,565.5108745131145,260.0,283.6947544262561,221.87863433939782,345.51087451311446,23.69475442625611,"MATR_b2c38,MATR_b2c13,MATR_b2c43,MATR_b4c40,MATR_b4c7,MATR_b1c43,MATR_b3c4,MATR_b2c44,MATR_b3c26,MATR_b4c42,MATR_b4c17,MATR_b4c31,MATR_b1c42,MATR_b1c37,MATR_b3c9,MATR_b2c19",False,False,0.95
220,MATR_b2c36,534.0,640.6013480830434,43.75151960472325,554.8499453888877,726.352750777199,314.0,420.6013480830434,334.8499453888877,506.35275077719905,106.60134808304338,"MATR_b2c38,MATR_b2c13,MATR_b2c43,MATR_b4c40,MATR_b4c7,MATR_b1c43,MATR_b3c4,MATR_b2c44,MATR_b3c26,MATR_b4c42,MATR_b4c17,MATR_b4c31,MATR_b1c42,MATR_b1c37,MATR_b3c9,MATR_b2c19",False,False,0.95
220,MATR_b2c40,498.0,501.67268699936716,32.279298267707226,438.40642494843485,564.9389490502995,278.0,281.67268699936716,218.40642494843485,344.93894905029947,3.6726869993671585,"MATR_b2c38,MATR_b2c13,MATR_b2c43,MATR_b4c40,MATR_b4c7,MATR_b1c43,MATR_b3c4,MATR_b2c44,MATR_b3c26,MATR_b4c42,MATR_b4c17,MATR_b4c31,MATR_b1c42,MATR_b1c37,MATR_b3c9,MATR_b2c19",False,False,0.95
220,MATR_b2c42,465.0,506.0201285138406,32.98955920708131,441.3617806021095,570.6784764255717,245.0,286.0201285138406,221.3617806021095,350.6784764255717,41.020128513840575,"MATR_b2c38,MATR_b2c13,MATR_b2c43,MATR_b4c40,MATR_b4c7,MATR_b1c43,MATR_b3c4,MATR_b2c44,MATR_b3c26,MATR_b4c42,MATR_b4c17,MATR_b4c31,MATR_b1c42,MATR_b1c37,MATR_b3c9,MATR_b2c19",False,False,0.95
220,MATR_b2c46,428.0,466.9248219913857,30.733618793032193,406.68803604245926,527.1616079403121,208.0,246.92482199138573,186.68803604245926,307.16160794031214,38.92482199138573,"MATR_b2c38,MATR_b2c13,MATR_b2c43,MATR_b4c40,MATR_b4c7,MATR_b1c43,MATR_b3c4,MATR_b2c44,MATR_b3c26,MATR_b4c42,MATR_b4c17,MATR_b4c31,MATR_b1c42,MATR_b1c37,MATR_b3c9,MATR_b2c19",False,False,0.95
220,MATR_b3c19,1152.0,1507.256688030724,152.0042758036774,1209.3337819594233,1805.1795941020248,932.0,1287.256688030724,989.3337819594233,1585.1795941020248,355.25668803072404,"MATR_b2c38,MATR_b2c13,MATR_b2c43,MATR_b4c40,MATR_b4c7,MATR_b1c43,MATR_b3c4,MATR_b2c44,MATR_b3c26,MATR_b4c42,MATR_b4c17,MATR_b4c31,MATR_b1c42,MATR_b1c37,MATR_b3c9,MATR_b2c19",False,False,0.95
220,MATR_b3c20,811.0,956.4428653293942,72.08017782344602,815.1683127961974,1097.717417862591,591.0,736.4428653293942,595.1683127961974,877.717417862591,145.44286532939418,"MATR_b2c38,MATR_b2c13,MATR_b2c43,MATR_b4c40,MATR_b4c7,MATR_b1c43,MATR_b3c4,MATR_b2c44,MATR_b3c26,MATR_b4c42,MATR_b4c17,MATR_b4c31,MATR_b1c42,MATR_b1c37,MATR_b3c9,MATR_b2c19",False,False,0.95
220,MATR_b3c3,1113.0,1224.8708658470164,111.66728713480698,1006.0070048115018,1443.734726882531,893.0,1004.8708658470164,786.0070048115018,1223.734726882531,111.87086584701638,"MATR_b2c38,MATR_b2c13,MATR_b2c43,MATR_b4c40,MATR_b4c7,MATR_b1c43,MATR_b3c4,MATR_b2c44,MATR_b3c26,MATR_b4c42,MATR_b4c17,MATR_b4c31,MATR_b1c42,MATR_b1c37,MATR_b3c9,MATR_b2c19",False,False,0.95
220,MATR_b3c30,933.0,1269.6640071049212,112.87439273630382,1048.4342625649363,1490.8937516449062,713.0,1049.6640071049212,828.4342625649363,1270.8937516449062,336.6640071049212,"MATR_b2c38,MATR_b2c13,MATR_b2c43,MATR_b4c40,MATR_b4c7,MATR_b1c43,MATR_b3c4,MATR_b2c44,MATR_b3c26,MATR_b4c42,MATR_b4c17,MATR_b4c31,MATR_b1c42,MATR_b1c37,MATR_b3c9,MATR_b2c19",False,False,0.95
220,MATR_b3c44,938.0,1082.7405980040994,86.64657689680736,912.9164279026767,1252.564768105522,718.0,862.7405980040994,692.9164279026767,1032.564768105522,144.7405980040994,"MATR_b2c38,MATR_b2c13,MATR_b2c43,MATR_b4c40,MATR_b4c7,MATR_b1c43,MATR_b3c4,MATR_b2c44,MATR_b3c26,MATR_b4c42,MATR_b4c17,MATR_b4c31,MATR_b1c42,MATR_b1c37,MATR_b3c9,MATR_b2c19",False,False,0.95
220,MATR_b3c45,1799.0,1765.4312623613464,205.7518356943611,1362.165074647396,2168.6974500752967,1579.0,1545.4312623613464,1142.165074647396,1948.6974500752967,33.5687376386536,"MATR_b2c38,MATR_b2c13,MATR_b2c43,MATR_b4c40,MATR_b4c7,MATR_b1c43,MATR_b3c4,MATR_b2c44,MATR_b3c26,MATR_b4c42,MATR_b4c17,MATR_b4c31,MATR_b1c42,MATR_b1c37,MATR_b3c9,MATR_b2c19",False,False,0.95
220,MATR_b4c10,872.0,994.9919919423011,76.05045873127946,845.9358318212437,1144.0481520633584,652.0,774.9919919423011,625.9358318212437,924.0481520633584,122.99199194230107,"MATR_b2c38,MATR_b2c13,MATR_b2c43,MATR_b4c40,MATR_b4c7,MATR_b1c43,MATR_b3c4,MATR_b2c44,MATR_b3c26,MATR_b4c42,MATR_b4c17,MATR_b4c31,MATR_b1c42,MATR_b1c37,MATR_b3c9,MATR_b2c19",False,False,0.95
220,MATR_b4c13,771.0,944.284094533808,71.7813734519328,803.5951878072002,1084.973001260416,551.0,724.284094533808,583.5951878072002,864.9730012604159,173.284094533808,"MATR_b2c38,MATR_b2c13,MATR_b2c43,MATR_b4c40,MATR_b4c7,MATR_b1c43,MATR_b3c4,MATR_b2c44,MATR_b3c26,MATR_b4c42,MATR_b4c17,MATR_b4c31,MATR_b1c42,MATR_b1c37,MATR_b3c9,MATR_b2c19",False,False,0.95
220,MATR_b4c16,909.0,959.0126321344718,79.29388541151563,803.5994725336552,1114.4257917352884,689.0,739.0126321344718,583.5994725336552,894.4257917352884,50.0126321344718,"MATR_b2c38,MATR_b2c13,MATR_b2c43,MATR_b4c40,MATR_b4c7,MATR_b1c43,MATR_b3c4,MATR_b2c44,MATR_b3c26,MATR_b4c42,MATR_b4c17,MATR_b4c31,MATR_b1c42,MATR_b1c37,MATR_b3c9,MATR_b2c19",False,False,0.95
220,MATR_b4c18,906.0,846.5535723377313,72.18451610899298,705.0745205226538,988.0326241528089,686.0,626.5535723377313,485.07452052265376,768.0326241528089,59.44642766226866,"MATR_b2c38,MATR_b2c13,MATR_b2c43,MATR_b4c40,MATR_b4c7,MATR_b1c43,MATR_b3c4,MATR_b2c44,MATR_b3c26,MATR_b4c42,MATR_b4c17,MATR_b4c31,MATR_b1c42,MATR_b1c37,MATR_b3c9,MATR_b2c19",False,False,0.95
220,MATR_b4c25,453.0,502.50670261617887,32.447762878228026,438.9102559959562,566.1031492364015,233.0,282.50670261617887,218.91025599595622,346.10314923640146,49.50670261617887,"MATR_b2c38,MATR_b2c13,MATR_b2c43,MATR_b4c40,MATR_b4c7,MATR_b1c43,MATR_b3c4,MATR_b2c44,MATR_b3c26,MATR_b4c42,MATR_b4c17,MATR_b4c31,MATR_b1c42,MATR_b1c37,MATR_b3c9,MATR_b2c19",False,False,0.95
220,MATR_b4c29,887.0,1171.4421699039056,103.43644637536902,968.7104603193737,1374.1738794884375,667.0,951.4421699039056,748.7104603193737,1154.1738794884375,284.44216990390555,"MATR_b2c38,MATR_b2c13,MATR_b2c43,MATR_b4c40,MATR_b4c7,MATR_b1c43,MATR_b3c4,MATR_b2c44,MATR_b3c26,MATR_b4c42,MATR_b4c17,MATR_b4c31,MATR_b1c42,MATR_b1c37,MATR_b3c9,MATR_b2c19",False,False,0.95
220,MATR_b4c33,505.0,502.5387150577666,32.03758836203269,439.74619571666295,565.3312343988703,285.0,282.5387150577666,219.74619571666295,345.33123439887027,2.4612849422334193,"MATR_b2c38,MATR_b2c13,MATR_b2c43,MATR_b4c40,MATR_b4c7,MATR_b1c43,MATR_b3c4,MATR_b2c44,MATR_b3c26,MATR_b4c42,MATR_b4c17,MATR_b4c31,MATR_b1c42,MATR_b1c37,MATR_b3c9,MATR_b2c19",False,False,0.95
220,MATR_b4c37,863.0,870.4227498130961,60.809104781077174,751.2390945100624,989.6064051161297,643.0,650.4227498130961,531.2390945100624,769.6064051161297,7.422749813096061,"MATR_b2c38,MATR_b2c13,MATR_b2c43,MATR_b4c40,MATR_b4c7,MATR_b1c43,MATR_b3c4,MATR_b2c44,MATR_b3c26,MATR_b4c42,MATR_b4c17,MATR_b4c31,MATR_b1c42,MATR_b1c37,MATR_b3c9,MATR_b2c19",False,False,0.95
220,MATR_b4c4,656.0,728.2024059698269,49.77521561350306,630.6447760446451,825.7600358950087,436.0,508.20240596982694,410.64477604464514,605.7600358950087,72.20240596982694,"MATR_b2c38,MATR_b2c13,MATR_b2c43,MATR_b4c40,MATR_b4c7,MATR_b1c43,MATR_b3c4,MATR_b2c44,MATR_b3c26,MATR_b4c42,MATR_b4c17,MATR_b4c31,MATR_b1c42,MATR_b1c37,MATR_b3c9,MATR_b2c19",False,False,0.95
220,MATR_b4c9,442.0,485.90999558855657,31.20154822592421,424.7560848038555,547.0639063732576,222.0,265.90999558855657,204.75608480385552,327.0639063732576,43.90999558855657,"MATR_b2c38,MATR_b2c13,MATR_b2c43,MATR_b4c40,MATR_b4c7,MATR_b1c43,MATR_b3c4,MATR_b2c44,MATR_b3c26,MATR_b4c42,MATR_b4c17,MATR_b4c31,MATR_b1c42,MATR_b1c37,MATR_b3c9,MATR_b2c19",False,False,0.95
240,MATR_b1c1,2154.0,1764.0870160816885,194.72983464223094,1382.4235534674758,2145.750478695901,1914.0,1524.0870160816885,1142.4235534674758,1905.7504786959012,389.9129839183115,"MATR_b2c26,MATR_b4c32,MATR_b3c35,MATR_b1c36,MATR_b3c1,MATR_b1c0,MATR_b1c19,MATR_b4c40,MATR_b3c36,MATR_b2c44,MATR_b3c6,MATR_b1c43,MATR_b4c41,MATR_b2c39,MATR_b2c47,MATR_b3c21",False,False,0.95
240,MATR_b1c20,533.0,536.8480234293479,34.51037033278294,469.2089404839538,604.487106374742,293.0,296.8480234293479,229.20894048395382,364.487106374742,3.8480234293479043,"MATR_b2c26,MATR_b4c32,MATR_b3c35,MATR_b1c36,MATR_b3c1,MATR_b1c0,MATR_b1c19,MATR_b4c40,MATR_b3c36,MATR_b2c44,MATR_b3c6,MATR_b1c43,MATR_b4c41,MATR_b2c39,MATR_b2c47,MATR_b3c21",False,False,0.95
240,MATR_b1c21,557.0,510.0176260403647,32.5868957006436,446.1484840991401,573.8867679815893,317.0,270.0176260403647,206.1484840991401,333.8867679815893,46.98237395963531,"MATR_b2c26,MATR_b4c32,MATR_b3c35,MATR_b1c36,MATR_b3c1,MATR_b1c0,MATR_b1c19,MATR_b4c40,MATR_b3c36,MATR_b2c44,MATR_b3c6,MATR_b1c43,MATR_b4c41,MATR_b2c39,MATR_b2c47,MATR_b3c21",False,False,0.95
240,MATR_b1c28,858.0,822.5231542028972,60.34539921200576,704.2483451146742,940.7979632911203,618.0,582.5231542028972,464.2483451146742,700.7979632911203,35.47684579710278,"MATR_b2c26,MATR_b4c32,MATR_b3c35,MATR_b1c36,MATR_b3c1,MATR_b1c0,MATR_b1c19,MATR_b4c40,MATR_b3c36,MATR_b2c44,MATR_b3c6,MATR_b1c43,MATR_b4c41,MATR_b2c39,MATR_b2c47,MATR_b3c21",False,False,0.95
240,MATR_b1c39,622.0,689.9152107138647,48.46109107297679,594.9332175593147,784.8972038684146,382.0,449.91521071386467,354.9332175593147,544.8972038684146,67.91521071386467,"MATR_b2c26,MATR_b4c32,MATR_b3c35,MATR_b1c36,MATR_b3c1,MATR_b1c0,MATR_b1c19,MATR_b4c40,MATR_b3c36,MATR_b2c44,MATR_b3c6,MATR_b1c43,MATR_b4c41,MATR_b2c39,MATR_b2c47,MATR_b3c21",False,False,0.95
240,MATR_b1c7,869.0,949.9585674389084,77.01045211175023,799.0208548667315,1100.8962800110853,629.0,709.9585674389084,559.0208548667315,860.8962800110853,80.9585674389084,"MATR_b2c26,MATR_b4c32,MATR_b3c35,MATR_b1c36,MATR_b3c1,MATR_b1c0,MATR_b1c19,MATR_b4c40,MATR_b3c36,MATR_b2c44,MATR_b3c6,MATR_b1c43,MATR_b4c41,MATR_b2c39,MATR_b2c47,MATR_b3c21",False,False,0.95
240,MATR_b1c9,1052.0,991.3054156863645,78.60246674661975,837.2474117669826,1145.3634196057465,812.0,751.3054156863645,597.2474117669826,905.3634196057465,60.69458431363546,"MATR_b2c26,MATR_b4c32,MATR_b3c35,MATR_b1c36,MATR_b3c1,MATR_b1c0,MATR_b1c19,MATR_b4c40,MATR_b3c36,MATR_b2c44,MATR_b3c6,MATR_b1c43,MATR_b4c41,MATR_b2c39,MATR_b2c47,MATR_b3c21",False,False,0.95
240,MATR_b2c10,560.0,563.0881935848939,36.20050940346028,492.1364989321082,634.0398882376796,320.0,323.08819358489393,252.13649893210822,394.03988823767963,3.0881935848939293,"MATR_b2c26,MATR_b4c32,MATR_b3c35,MATR_b1c36,MATR_b3c1,MATR_b1c0,MATR_b1c19,MATR_b4c40,MATR_b3c36,MATR_b2c44,MATR_b3c6,MATR_b1c43,MATR_b4c41,MATR_b2c39,MATR_b2c47,MATR_b3c21",False,False,0.95
240,MATR_b2c21,488.0,469.6136598844831,30.593823361422487,409.6508679467149,529.5764518222513,248.0,229.61365988448313,169.65086794671492,289.57645182225133,18.386340115516873,"MATR_b2c26,MATR_b4c32,MATR_b3c35,MATR_b1c36,MATR_b3c1,MATR_b1c0,MATR_b1c19,MATR_b4c40,MATR_b3c36,MATR_b2c44,MATR_b3c6,MATR_b1c43,MATR_b4c41,MATR_b2c39,MATR_b2c47,MATR_b3c21",False,False,0.95
240,MATR_b2c23,526.0,478.85669122553514,30.755746055111285,418.5765366398572,539.1368458112131,286.0,238.85669122553514,178.57653663985718,299.1368458112131,47.143308774464856,"MATR_b2c26,MATR_b4c32,MATR_b3c35,MATR_b1c36,MATR_b3c1,MATR_b1c0,MATR_b1c19,MATR_b4c40,MATR_b3c36,MATR_b2c44,MATR_b3c6,MATR_b1c43,MATR_b4c41,MATR_b2c39,MATR_b2c47,MATR_b3c21",False,False,0.95
240,MATR_b2c25,460.0,475.4866824475215,30.443365749294763,415.81878201072357,535.1545828843194,220.0,235.4866824475215,175.81878201072357,295.15458288431944,15.486682447521503,"MATR_b2c26,MATR_b4c32,MATR_b3c35,MATR_b1c36,MATR_b3c1,MATR_b1c0,MATR_b1c19,MATR_b4c40,MATR_b3c36,MATR_b2c44,MATR_b3c6,MATR_b1c43,MATR_b4c41,MATR_b2c39,MATR_b2c47,MATR_b3c21",False,False,0.95
240,MATR_b2c29,497.0,585.3119246559753,38.822518734740015,509.2211861467534,661.4026631651973,257.0,345.3119246559753,269.2211861467534,421.4026631651973,88.3119246559753,"MATR_b2c26,MATR_b4c32,MATR_b3c35,MATR_b1c36,MATR_b3c1,MATR_b1c0,MATR_b1c19,MATR_b4c40,MATR_b3c36,MATR_b2c44,MATR_b3c6,MATR_b1c43,MATR_b4c41,MATR_b2c39,MATR_b2c47,MATR_b3c21",False,False,0.95
240,MATR_b2c30,480.0,501.405916652803,31.730260721113474,439.21574841935467,563.5960848862513,240.0,261.405916652803,199.21574841935467,323.59608488625133,21.405916652803,"MATR_b2c26,MATR_b4c32,MATR_b3c35,MATR_b1c36,MATR_b3c1,MATR_b1c0,MATR_b1c19,MATR_b4c40,MATR_b3c36,MATR_b2c44,MATR_b3c6,MATR_b1c43,MATR_b4c41,MATR_b2c39,MATR_b2c47,MATR_b3c21",False,False,0.95
240,MATR_b2c36,534.0,638.3748257905451,43.634606852840676,552.8525678794127,723.8970837016774,294.0,398.37482579054506,312.85256787941273,483.8970837016774,104.37482579054506,"MATR_b2c26,MATR_b4c32,MATR_b3c35,MATR_b1c36,MATR_b3c1,MATR_b1c0,MATR_b1c19,MATR_b4c40,MATR_b3c36,MATR_b2c44,MATR_b3c6,MATR_b1c43,MATR_b4c41,MATR_b2c39,MATR_b2c47,MATR_b3c21",False,False,0.95
240,MATR_b2c40,498.0,492.4363551336852,31.868053216787814,429.9761185713753,554.8965916959951,258.0,252.4363551336852,189.9761185713753,314.8965916959951,5.563644866314803,"MATR_b2c26,MATR_b4c32,MATR_b3c35,MATR_b1c36,MATR_b3c1,MATR_b1c0,MATR_b1c19,MATR_b4c40,MATR_b3c36,MATR_b2c44,MATR_b3c6,MATR_b1c43,MATR_b4c41,MATR_b2c39,MATR_b2c47,MATR_b3c21",False,False,0.95
240,MATR_b2c42,465.0,497.1058894665927,32.68077684760558,433.0527438584953,561.1590350746901,225.0,257.1058894665927,193.05274385849532,321.1590350746901,32.105889466592714,"MATR_b2c26,MATR_b4c32,MATR_b3c35,MATR_b1c36,MATR_b3c1,MATR_b1c0,MATR_b1c19,MATR_b4c40,MATR_b3c36,MATR_b2c44,MATR_b3c6,MATR_b1c43,MATR_b4c41,MATR_b2c39,MATR_b2c47,MATR_b3c21",False,False,0.95
240,MATR_b2c46,428.0,461.63499911932155,30.799625028781584,401.26884332557125,522.0011549130719,188.0,221.63499911932155,161.26884332557125,282.0011549130719,33.63499911932155,"MATR_b2c26,MATR_b4c32,MATR_b3c35,MATR_b1c36,MATR_b3c1,MATR_b1c0,MATR_b1c19,MATR_b4c40,MATR_b3c36,MATR_b2c44,MATR_b3c6,MATR_b1c43,MATR_b4c41,MATR_b2c39,MATR_b2c47,MATR_b3c21",False,False,0.95
240,MATR_b3c19,1152.0,1267.6085113679385,109.22662336411516,1053.5282634213515,1481.6887593145254,912.0,1027.6085113679385,813.5282634213515,1241.6887593145254,115.60851136793849,"MATR_b2c26,MATR_b4c32,MATR_b3c35,MATR_b1c36,MATR_b3c1,MATR_b1c0,MATR_b1c19,MATR_b4c40,MATR_b3c36,MATR_b2c44,MATR_b3c6,MATR_b1c43,MATR_b4c41,MATR_b2c39,MATR_b2c47,MATR_b3c21",False,False,0.95
240,MATR_b3c20,811.0,943.0510629986304,70.66503020167961,804.5501488369032,1081.5519771603576,571.0,703.0510629986304,564.5501488369032,841.5519771603576,132.0510629986304,"MATR_b2c26,MATR_b4c32,MATR_b3c35,MATR_b1c36,MATR_b3c1,MATR_b1c0,MATR_b1c19,MATR_b4c40,MATR_b3c36,MATR_b2c44,MATR_b3c6,MATR_b1c43,MATR_b4c41,MATR_b2c39,MATR_b2c47,MATR_b3c21",False,False,0.95
240,MATR_b3c3,1113.0,1141.5263878400003,99.03405362284123,947.4232094962231,1335.6295661837776,873.0,901.5263878400003,707.4232094962231,1095.6295661837776,28.526387840000325,"MATR_b2c26,MATR_b4c32,MATR_b3c35,MATR_b1c36,MATR_b3c1,MATR_b1c0,MATR_b1c19,MATR_b4c40,MATR_b3c36,MATR_b2c44,MATR_b3c6,MATR_b1c43,MATR_b4c41,MATR_b2c39,MATR_b2c47,MATR_b3c21",False,False,0.95
240,MATR_b3c30,933.0,1147.7979946541768,93.93957743788728,963.6798061530063,1331.9161831553472,693.0,907.7979946541768,723.6798061530063,1091.9161831553472,214.79799465417682,"MATR_b2c26,MATR_b4c32,MATR_b3c35,MATR_b1c36,MATR_b3c1,MATR_b1c0,MATR_b1c19,MATR_b4c40,MATR_b3c36,MATR_b2c44,MATR_b3c6,MATR_b1c43,MATR_b4c41,MATR_b2c39,MATR_b2c47,MATR_b3c21",False,False,0.95
240,MATR_b3c44,938.0,1047.359874307298,82.06552571218253,886.5143995390745,1208.2053490755216,698.0,807.359874307298,646.5143995390745,968.2053490755216,109.35987430729801,"MATR_b2c26,MATR_b4c32,MATR_b3c35,MATR_b1c36,MATR_b3c1,MATR_b1c0,MATR_b1c19,MATR_b4c40,MATR_b3c36,MATR_b2c44,MATR_b3c6,MATR_b1c43,MATR_b4c41,MATR_b2c39,MATR_b2c47,MATR_b3c21",False,False,0.95
240,MATR_b3c45,1799.0,1745.2168731672887,194.76599108920217,1363.4825452192035,2126.951201115374,1559.0,1505.2168731672887,1123.4825452192035,1886.9512011153738,53.78312683271133,"MATR_b2c26,MATR_b4c32,MATR_b3c35,MATR_b1c36,MATR_b3c1,MATR_b1c0,MATR_b1c19,MATR_b4c40,MATR_b3c36,MATR_b2c44,MATR_b3c6,MATR_b1c43,MATR_b4c41,MATR_b2c39,MATR_b2c47,MATR_b3c21",False,False,0.95
240,MATR_b4c10,872.0,972.9666723956448,74.61368026474553,826.7265463227566,1119.206798468533,632.0,732.9666723956448,586.7265463227566,879.206798468533,100.96667239564476,"MATR_b2c26,MATR_b4c32,MATR_b3c35,MATR_b1c36,MATR_b3c1,MATR_b1c0,MATR_b1c19,MATR_b4c40,MATR_b3c36,MATR_b2c44,MATR_b3c6,MATR_b1c43,MATR_b4c41,MATR_b2c39,MATR_b2c47,MATR_b3c21",False,False,0.95
240,MATR_b4c13,771.0,902.9834864797563,66.9456601864738,771.7724035930106,1034.1945693665018,531.0,662.9834864797563,531.7724035930106,794.1945693665018,131.98348647975627,"MATR_b2c26,MATR_b4c32,MATR_b3c35,MATR_b1c36,MATR_b3c1,MATR_b1c0,MATR_b1c19,MATR_b4c40,MATR_b3c36,MATR_b2c44,MATR_b3c6,MATR_b1c43,MATR_b4c41,MATR_b2c39,MATR_b2c47,MATR_b3c21",False,False,0.95
240,MATR_b4c16,909.0,970.0276056441392,78.48100422215985,816.2076638981699,1123.8475473901083,669.0,730.0276056441392,576.2076638981699,883.8475473901083,61.02760564413916,"MATR_b2c26,MATR_b4c32,MATR_b3c35,MATR_b1c36,MATR_b3c1,MATR_b1c0,MATR_b1c19,MATR_b4c40,MATR_b3c36,MATR_b2c44,MATR_b3c6,MATR_b1c43,MATR_b4c41,MATR_b2c39,MATR_b2c47,MATR_b3c21",False,False,0.95
240,MATR_b4c18,906.0,837.378045117708,70.4450957492938,699.3081945616166,975.4478956737994,666.0,597.378045117708,459.3081945616166,735.4478956737994,68.62195488229202,"MATR_b2c26,MATR_b4c32,MATR_b3c35,MATR_b1c36,MATR_b3c1,MATR_b1c0,MATR_b1c19,MATR_b4c40,MATR_b3c36,MATR_b2c44,MATR_b3c6,MATR_b1c43,MATR_b4c41,MATR_b2c39,MATR_b2c47,MATR_b3c21",False,False,0.95
240,MATR_b4c25,453.0,498.13719427303823,32.69837376213258,434.04955934622893,562.2248291998476,213.0,258.13719427303823,194.04955934622893,322.2248291998476,45.13719427303823,"MATR_b2c26,MATR_b4c32,MATR_b3c35,MATR_b1c36,MATR_b3c1,MATR_b1c0,MATR_b1c19,MATR_b4c40,MATR_b3c36,MATR_b2c44,MATR_b3c6,MATR_b1c43,MATR_b4c41,MATR_b2c39,MATR_b2c47,MATR_b3c21",False,False,0.95
240,MATR_b4c29,887.0,1075.0670569019885,88.45991595253508,901.6888075595796,1248.4453062443974,647.0,835.0670569019885,661.6888075595796,1008.4453062443974,188.0670569019885,"MATR_b2c26,MATR_b4c32,MATR_b3c35,MATR_b1c36,MATR_b3c1,MATR_b1c0,MATR_b1c19,MATR_b4c40,MATR_b3c36,MATR_b2c44,MATR_b3c6,MATR_b1c43,MATR_b4c41,MATR_b2c39,MATR_b2c47,MATR_b3c21",False,False,0.95
240,MATR_b4c33,505.0,507.48480994995685,32.648160071899454,443.4955920475353,571.4740278523784,265.0,267.48480994995685,203.4955920475353,331.4740278523784,2.484809949956855,"MATR_b2c26,MATR_b4c32,MATR_b3c35,MATR_b1c36,MATR_b3c1,MATR_b1c0,MATR_b1c19,MATR_b4c40,MATR_b3c36,MATR_b2c44,MATR_b3c6,MATR_b1c43,MATR_b4c41,MATR_b2c39,MATR_b2c47,MATR_b3c21",False,False,0.95
240,MATR_b4c37,863.0,853.0433221853,60.003048250587376,735.4395086515296,970.6471357190703,623.0,613.0433221853,495.43950865152965,730.6471357190703,9.956677814700015,"MATR_b2c26,MATR_b4c32,MATR_b3c35,MATR_b1c36,MATR_b3c1,MATR_b1c0,MATR_b1c19,MATR_b4c40,MATR_b3c36,MATR_b2c44,MATR_b3c6,MATR_b1c43,MATR_b4c41,MATR_b2c39,MATR_b2c47,MATR_b3c21",False,False,0.95
240,MATR_b4c4,656.0,726.4576243031629,50.194390391390726,628.0784269100938,824.836821696232,416.0,486.4576243031629,388.07842691009375,584.836821696232,70.4576243031629,"MATR_b2c26,MATR_b4c32,MATR_b3c35,MATR_b1c36,MATR_b3c1,MATR_b1c0,MATR_b1c19,MATR_b4c40,MATR_b3c36,MATR_b2c44,MATR_b3c6,MATR_b1c43,MATR_b4c41,MATR_b2c39,MATR_b2c47,MATR_b3c21",False,False,0.95
240,MATR_b4c9,442.0,488.659439560388,31.5866428762047,426.7507571304982,550.5681219902779,202.0,248.65943956038802,186.7507571304982,310.56812199027786,46.65943956038802,"MATR_b2c26,MATR_b4c32,MATR_b3c35,MATR_b1c36,MATR_b3c1,MATR_b1c0,MATR_b1c19,MATR_b4c40,MATR_b3c36,MATR_b2c44,MATR_b3c6,MATR_b1c43,MATR_b4c41,MATR_b2c39,MATR_b2c47,MATR_b3c21",False,False,0.95
260,MATR_b1c1,2154.0,1750.0135593987138,190.8161496245885,1376.0207784659142,2124.0063403315135,1894.0,1490.0135593987138,1116.0207784659142,1864.0063403315135,403.9864406012862,"MATR_b3c15,MATR_b2c17,MATR_b2c18,MATR_b3c40,MATR_b2c32,MATR_b3c9,MATR_b4c17,MATR_b1c26,MATR_b1c3,MATR_b4c19,MATR_b1c44,MATR_b3c21,MATR_b1c35,MATR_b3c33,MATR_b1c0,MATR_b4c26",False,False,0.95
260,MATR_b1c20,533.0,531.0438431557432,34.520007303635765,463.38587209455744,598.7018142169288,273.0,271.04384315574316,203.38587209455744,338.7018142169288,1.9561568442568387,"MATR_b3c15,MATR_b2c17,MATR_b2c18,MATR_b3c40,MATR_b2c32,MATR_b3c9,MATR_b4c17,MATR_b1c26,MATR_b1c3,MATR_b4c19,MATR_b1c44,MATR_b3c21,MATR_b1c35,MATR_b3c33,MATR_b1c0,MATR_b4c26",False,False,0.95
260,MATR_b1c21,557.0,516.2738482345551,33.18608218738636,451.2303223592916,581.3173741098185,297.0,256.2738482345551,191.23032235929162,321.3173741098185,40.72615176544491,"MATR_b3c15,MATR_b2c17,MATR_b2c18,MATR_b3c40,MATR_b2c32,MATR_b3c9,MATR_b4c17,MATR_b1c26,MATR_b1c3,MATR_b4c19,MATR_b1c44,MATR_b3c21,MATR_b1c35,MATR_b3c33,MATR_b1c0,MATR_b4c26",False,False,0.95
260,MATR_b1c28,858.0,815.9536041933261,59.666757897042395,699.0089076408522,932.8983007458,598.0,555.9536041933261,439.00890764085216,672.8983007458,42.0463958066739,"MATR_b3c15,MATR_b2c17,MATR_b2c18,MATR_b3c40,MATR_b2c32,MATR_b3c9,MATR_b4c17,MATR_b1c26,MATR_b1c3,MATR_b4c19,MATR_b1c44,MATR_b3c21,MATR_b1c35,MATR_b3c33,MATR_b1c0,MATR_b4c26",False,False,0.95
260,MATR_b1c39,622.0,687.1753842878609,48.35323901619839,592.4047772802551,781.9459912954667,362.0,427.1753842878609,332.4047772802551,521.9459912954667,65.17538428786088,"MATR_b3c15,MATR_b2c17,MATR_b2c18,MATR_b3c40,MATR_b2c32,MATR_b3c9,MATR_b4c17,MATR_b1c26,MATR_b1c3,MATR_b4c19,MATR_b1c44,MATR_b3c21,MATR_b1c35,MATR_b3c33,MATR_b1c0,MATR_b4c26",False,False,0.95
260,MATR_b1c7,869.0,933.6757947191214,75.90034213626141,784.9138577177812,1082.4377317204617,609.0,673.6757947191214,524.9138577177812,822.4377317204617,64.67579471912143,"MATR_b3c15,MATR_b2c17,MATR_b2c18,MATR_b3c40,MATR_b2c32,MATR_b3c9,MATR_b4c17,MATR_b1c26,MATR_b1c3,MATR_b4c19,MATR_b1c44,MATR_b3c21,MATR_b1c35,MATR_b3c33,MATR_b1c0,MATR_b4c26",False,False,0.95
260,MATR_b1c9,1052.0,969.698468016553,76.63616209217281,819.4943504025205,1119.9025856305855,792.0,709.698468016553,559.4943504025205,859.9025856305855,82.30153198344703,"MATR_b3c15,MATR_b2c17,MATR_b2c18,MATR_b3c40,MATR_b2c32,MATR_b3c9,MATR_b4c17,MATR_b1c26,MATR_b1c3,MATR_b4c19,MATR_b1c44,MATR_b3c21,MATR_b1c35,MATR_b3c33,MATR_b1c0,MATR_b4c26",False,False,0.95
260,MATR_b2c10,560.0,567.4599120642391,36.96076819945377,495.0181375523764,639.9016865761018,300.0,307.4599120642391,235.0181375523764,379.90168657610184,7.45991206423912,"MATR_b3c15,MATR_b2c17,MATR_b2c18,MATR_b3c40,MATR_b2c32,MATR_b3c9,MATR_b4c17,MATR_b1c26,MATR_b1c3,MATR_b4c19,MATR_b1c44,MATR_b3c21,MATR_b1c35,MATR_b3c33,MATR_b1c0,MATR_b4c26",False,False,0.95
260,MATR_b2c21,488.0,469.61683695527717,30.713269999930194,409.4199339079595,529.8137400025948,228.0,209.61683695527717,149.4199339079595,269.81374000259484,18.383163044722835,"MATR_b3c15,MATR_b2c17,MATR_b2c18,MATR_b3c40,MATR_b2c32,MATR_b3c9,MATR_b4c17,MATR_b1c26,MATR_b1c3,MATR_b4c19,MATR_b1c44,MATR_b3c21,MATR_b1c35,MATR_b3c33,MATR_b1c0,MATR_b4c26",False,False,0.95
260,MATR_b2c23,526.0,482.20017836909426,31.078989266706586,421.28647873044247,543.113878007746,266.0,222.20017836909426,161.28647873044247,283.11387800774605,43.79982163090574,"MATR_b3c15,MATR_b2c17,MATR_b2c18,MATR_b3c40,MATR_b2c32,MATR_b3c9,MATR_b4c17,MATR_b1c26,MATR_b1c3,MATR_b4c19,MATR_b1c44,MATR_b3c21,MATR_b1c35,MATR_b3c33,MATR_b1c0,MATR_b4c26",False,False,0.95
260,MATR_b2c25,460.0,477.8653070042842,30.824301285838768,417.4507866354286,538.2798273731398,200.0,217.8653070042842,157.45078663542859,278.2798273731398,17.865307004284205,"MATR_b3c15,MATR_b2c17,MATR_b2c18,MATR_b3c40,MATR_b2c32,MATR_b3c9,MATR_b4c17,MATR_b1c26,MATR_b1c3,MATR_b4c19,MATR_b1c44,MATR_b3c21,MATR_b1c35,MATR_b3c33,MATR_b1c0,MATR_b4c26",False,False,0.95
260,MATR_b2c29,497.0,574.7958203277276,38.36390683895251,499.6039446171308,649.9876960383244,237.0,314.7958203277276,239.60394461713082,389.98769603832443,77.7958203277276,"MATR_b3c15,MATR_b2c17,MATR_b2c18,MATR_b3c40,MATR_b2c32,MATR_b3c9,MATR_b4c17,MATR_b1c26,MATR_b1c3,MATR_b4c19,MATR_b1c44,MATR_b3c21,MATR_b1c35,MATR_b3c33,MATR_b1c0,MATR_b4c26",False,False,0.95
260,MATR_b2c30,480.0,501.2570777927782,31.910874605750863,438.7129128503327,563.8012427352237,220.0,241.2570777927782,178.7129128503327,303.8012427352237,21.257077792778205,"MATR_b3c15,MATR_b2c17,MATR_b2c18,MATR_b3c40,MATR_b2c32,MATR_b3c9,MATR_b4c17,MATR_b1c26,MATR_b1c3,MATR_b4c19,MATR_b1c44,MATR_b3c21,MATR_b1c35,MATR_b3c33,MATR_b1c0,MATR_b4c26",False,False,0.95
260,MATR_b2c36,534.0,631.8689790720648,43.30202452077949,546.9985705536667,716.7393875904629,274.0,371.8689790720648,286.9985705536667,456.7393875904629,97.8689790720648,"MATR_b3c15,MATR_b2c17,MATR_b2c18,MATR_b3c40,MATR_b2c32,MATR_b3c9,MATR_b4c17,MATR_b1c26,MATR_b1c3,MATR_b4c19,MATR_b1c44,MATR_b3c21,MATR_b1c35,MATR_b3c33,MATR_b1c0,MATR_b4c26",False,False,0.95
260,MATR_b2c40,498.0,487.94649796753146,31.66256234983248,425.8890161036059,550.0039798314571,238.0,227.94649796753146,165.8890161036059,290.00397983145706,10.053502032468543,"MATR_b3c15,MATR_b2c17,MATR_b2c18,MATR_b3c40,MATR_b2c32,MATR_b3c9,MATR_b4c17,MATR_b1c26,MATR_b1c3,MATR_b4c19,MATR_b1c44,MATR_b3c21,MATR_b1c35,MATR_b3c33,MATR_b1c0,MATR_b4c26",False,False,0.95
260,MATR_b2c42,465.0,492.3364500705641,32.41537488615245,428.8034827483412,555.8694173927871,205.0,232.33645007056413,168.8034827483412,295.8694173927871,27.336450070564126,"MATR_b3c15,MATR_b2c17,MATR_b2c18,MATR_b3c40,MATR_b2c32,MATR_b3c9,MATR_b4c17,MATR_b1c26,MATR_b1c3,MATR_b4c19,MATR_b1c44,MATR_b3c21,MATR_b1c35,MATR_b3c33,MATR_b1c0,MATR_b4c26",False,False,0.95
260,MATR_b2c46,428.0,458.96556898477024,30.802385540701128,398.5940026870787,519.3371352824618,168.0,198.96556898477024,138.59400268707873,259.33713528246176,30.965568984770243,"MATR_b3c15,MATR_b2c17,MATR_b2c18,MATR_b3c40,MATR_b2c32,MATR_b3c9,MATR_b4c17,MATR_b1c26,MATR_b1c3,MATR_b4c19,MATR_b1c44,MATR_b3c21,MATR_b1c35,MATR_b3c33,MATR_b1c0,MATR_b4c26",False,False,0.95
260,MATR_b3c19,1152.0,1202.4606372669875,100.67398331995771,1005.1432557796843,1399.7780187542908,892.0,942.4606372669875,745.1432557796843,1139.7780187542908,50.46063726698753,"MATR_b3c15,MATR_b2c17,MATR_b2c18,MATR_b3c40,MATR_b2c32,MATR_b3c9,MATR_b4c17,MATR_b1c26,MATR_b1c3,MATR_b4c19,MATR_b1c44,MATR_b3c21,MATR_b1c35,MATR_b3c33,MATR_b1c0,MATR_b4c26",False,False,0.95
260,MATR_b3c20,811.0,930.9266788143829,70.0158026915947,793.6982271901948,1068.155130438571,551.0,670.9266788143829,533.6982271901948,808.155130438571,119.92667881438285,"MATR_b3c15,MATR_b2c17,MATR_b2c18,MATR_b3c40,MATR_b2c32,MATR_b3c9,MATR_b4c17,MATR_b1c26,MATR_b1c3,MATR_b4c19,MATR_b1c44,MATR_b3c21,MATR_b1c35,MATR_b3c33,MATR_b1c0,MATR_b4c26",False,False,0.95
260,MATR_b3c3,1113.0,1116.6119713400878,96.91312576752168,926.6657352065447,1306.558207473631,853.0,856.6119713400878,666.6657352065447,1046.558207473631,3.611971340087848,"MATR_b3c15,MATR_b2c17,MATR_b2c18,MATR_b3c40,MATR_b2c32,MATR_b3c9,MATR_b4c17,MATR_b1c26,MATR_b1c3,MATR_b4c19,MATR_b1c44,MATR_b3c21,MATR_b1c35,MATR_b3c33,MATR_b1c0,MATR_b4c26",False,False,0.95
260,MATR_b3c30,933.0,1095.3044625926138,88.00906543349713,922.8098640299305,1267.7990611552973,673.0,835.3044625926138,662.8098640299305,1007.7990611552973,162.30446259261385,"MATR_b3c15,MATR_b2c17,MATR_b2c18,MATR_b3c40,MATR_b2c32,MATR_b3c9,MATR_b4c17,MATR_b1c26,MATR_b1c3,MATR_b4c19,MATR_b1c44,MATR_b3c21,MATR_b1c35,MATR_b3c33,MATR_b1c0,MATR_b4c26",False,False,0.95
260,MATR_b3c44,938.0,1028.4135507605974,80.67823357660347,870.2871186141446,1186.5399829070502,678.0,768.4135507605974,610.2871186141446,926.5399829070502,90.41355076059745,"MATR_b3c15,MATR_b2c17,MATR_b2c18,MATR_b3c40,MATR_b2c32,MATR_b3c9,MATR_b4c17,MATR_b1c26,MATR_b1c3,MATR_b4c19,MATR_b1c44,MATR_b3c21,MATR_b1c35,MATR_b3c33,MATR_b1c0,MATR_b4c26",False,False,0.95
260,MATR_b3c45,1799.0,1735.2505402199213,191.52657028083672,1359.865360387002,2110.6357200528405,1539.0,1475.2505402199213,1099.865360387002,1850.6357200528405,63.74945978007872,"MATR_b3c15,MATR_b2c17,MATR_b2c18,MATR_b3c40,MATR_b2c32,MATR_b3c9,MATR_b4c17,MATR_b1c26,MATR_b1c3,MATR_b4c19,MATR_b1c44,MATR_b3c21,MATR_b1c35,MATR_b3c33,MATR_b1c0,MATR_b4c26",False,False,0.95
260,MATR_b4c10,872.0,953.4976343698806,73.89257152794563,808.6708554500574,1098.324413289704,612.0,693.4976343698806,548.6708554500574,838.3244132897039,81.49763436988064,"MATR_b3c15,MATR_b2c17,MATR_b2c18,MATR_b3c40,MATR_b2c32,MATR_b3c9,MATR_b4c17,MATR_b1c26,MATR_b1c3,MATR_b4c19,MATR_b1c44,MATR_b3c21,MATR_b1c35,MATR_b3c33,MATR_b1c0,MATR_b4c26",False,False,0.95
260,MATR_b4c13,771.0,875.802722068941,64.41377649727723,749.5540400260651,1002.0514041118169,511.0,615.802722068941,489.5540400260651,742.0514041118169,104.80272206894097,"MATR_b3c15,MATR_b2c17,MATR_b2c18,MATR_b3c40,MATR_b2c32,MATR_b3c9,MATR_b4c17,MATR_b1c26,MATR_b1c3,MATR_b4c19,MATR_b1c44,MATR_b3c21,MATR_b1c35,MATR_b3c33,MATR_b1c0,MATR_b4c26",False,False,0.95
260,MATR_b4c16,909.0,968.3450013249169,77.65368808071814,816.1465694200022,1120.5434332298316,649.0,708.3450013249169,556.1465694200022,860.5434332298316,59.34500132491689,"MATR_b3c15,MATR_b2c17,MATR_b2c18,MATR_b3c40,MATR_b2c32,MATR_b3c9,MATR_b4c17,MATR_b1c26,MATR_b1c3,MATR_b4c19,MATR_b1c44,MATR_b3c21,MATR_b1c35,MATR_b3c33,MATR_b1c0,MATR_b4c26",False,False,0.95
260,MATR_b4c18,906.0,827.9368310358615,69.72218696015543,691.2838556705887,964.5898064011343,646.0,567.9368310358615,431.28385567058865,704.5898064011343,78.06316896413853,"MATR_b3c15,MATR_b2c17,MATR_b2c18,MATR_b3c40,MATR_b2c32,MATR_b3c9,MATR_b4c17,MATR_b1c26,MATR_b1c3,MATR_b4c19,MATR_b1c44,MATR_b3c21,MATR_b1c35,MATR_b3c33,MATR_b1c0,MATR_b4c26",False,False,0.95
260,MATR_b4c25,453.0,495.59633190551074,32.942977996567166,431.02928148874366,560.1633823222778,193.0,235.59633190551074,171.02928148874366,300.1633823222778,42.59633190551074,"MATR_b3c15,MATR_b2c17,MATR_b2c18,MATR_b3c40,MATR_b2c32,MATR_b3c9,MATR_b4c17,MATR_b1c26,MATR_b1c3,MATR_b4c19,MATR_b1c44,MATR_b3c21,MATR_b1c35,MATR_b3c33,MATR_b1c0,MATR_b4c26",False,False,0.95
260,MATR_b4c29,887.0,1048.068516494569,86.33984279832589,878.8455341790003,1217.2914988101377,627.0,788.0685164945689,618.8455341790003,957.2914988101377,161.06851649456894,"MATR_b3c15,MATR_b2c17,MATR_b2c18,MATR_b3c40,MATR_b2c32,MATR_b3c9,MATR_b4c17,MATR_b1c26,MATR_b1c3,MATR_b4c19,MATR_b1c44,MATR_b3c21,MATR_b1c35,MATR_b3c33,MATR_b1c0,MATR_b4c26",False,False,0.95
260,MATR_b4c33,505.0,511.58058947082685,33.11712982280962,446.67220774678265,576.488971194871,245.0,251.58058947082685,186.67220774678265,316.48897119487106,6.580589470826851,"MATR_b3c15,MATR_b2c17,MATR_b2c18,MATR_b3c40,MATR_b2c32,MATR_b3c9,MATR_b4c17,MATR_b1c26,MATR_b1c3,MATR_b4c19,MATR_b1c44,MATR_b3c21,MATR_b1c35,MATR_b3c33,MATR_b1c0,MATR_b4c26",False,False,0.95
260,MATR_b4c37,863.0,844.3503557588431,59.47742001773824,727.7767546307145,960.9239568869716,603.0,584.3503557588431,467.77675463071455,700.9239568869716,18.64964424115692,"MATR_b3c15,MATR_b2c17,MATR_b2c18,MATR_b3c40,MATR_b2c32,MATR_b3c9,MATR_b4c17,MATR_b1c26,MATR_b1c3,MATR_b4c19,MATR_b1c44,MATR_b3c21,MATR_b1c35,MATR_b3c33,MATR_b1c0,MATR_b4c26",False,False,0.95
260,MATR_b4c4,656.0,723.7897481706304,50.301707180807085,625.2002137353687,822.3792826058922,396.0,463.78974817063045,365.2002137353687,562.3792826058922,67.78974817063045,"MATR_b3c15,MATR_b2c17,MATR_b2c18,MATR_b3c40,MATR_b2c32,MATR_b3c9,MATR_b4c17,MATR_b1c26,MATR_b1c3,MATR_b4c19,MATR_b1c44,MATR_b3c21,MATR_b1c35,MATR_b3c33,MATR_b1c0,MATR_b4c26",False,False,0.95
260,MATR_b4c9,442.0,492.96437048630213,32.03821212117636,430.17062859974186,555.7581123728623,182.0,232.96437048630213,170.17062859974186,295.75811237286234,50.96437048630213,"MATR_b3c15,MATR_b2c17,MATR_b2c18,MATR_b3c40,MATR_b2c32,MATR_b3c9,MATR_b4c17,MATR_b1c26,MATR_b1c3,MATR_b4c19,MATR_b1c44,MATR_b3c21,MATR_b1c35,MATR_b3c33,MATR_b1c0,MATR_b4c26",False,False,0.95
280,MATR_b1c1,2154.0,1783.0147606709195,196.67945104166466,1397.5301201301481,2168.499401211691,1874.0,1503.0147606709195,1117.5301201301481,1888.4994012116908,370.9852393290805,"MATR_b2c37,MATR_b4c31,MATR_b1c25,MATR_b4c32,MATR_b2c39,MATR_b3c10,MATR_b3c1,MATR_b4c7,MATR_b1c41,MATR_b3c21,MATR_b1c37,MATR_b1c27,MATR_b1c43,MATR_b3c6,MATR_b2c22,MATR_b3c9",False,False,0.95
280,MATR_b1c20,533.0,525.7757072451861,33.17093066770287,460.7618778028134,590.7895366875589,253.0,245.77570724518614,180.7618778028134,310.7895366875589,7.22429275481386,"MATR_b2c37,MATR_b4c31,MATR_b1c25,MATR_b4c32,MATR_b2c39,MATR_b3c10,MATR_b3c1,MATR_b4c7,MATR_b1c41,MATR_b3c21,MATR_b1c37,MATR_b1c27,MATR_b1c43,MATR_b3c6,MATR_b2c22,MATR_b3c9",False,False,0.95
280,MATR_b1c21,557.0,521.6768024535893,32.595949920739365,457.78991456706893,585.5636903401097,277.0,241.6768024535893,177.78991456706893,305.5636903401097,35.32319754641071,"MATR_b2c37,MATR_b4c31,MATR_b1c25,MATR_b4c32,MATR_b2c39,MATR_b3c10,MATR_b3c1,MATR_b4c7,MATR_b1c41,MATR_b3c21,MATR_b1c37,MATR_b1c27,MATR_b1c43,MATR_b3c6,MATR_b2c22,MATR_b3c9",False,False,0.95
280,MATR_b1c28,858.0,795.8201600911439,56.16786191825671,685.7331736427419,905.9071465395458,578.0,515.8201600911439,405.7331736427419,625.9071465395458,62.17983990885614,"MATR_b2c37,MATR_b4c31,MATR_b1c25,MATR_b4c32,MATR_b2c39,MATR_b3c10,MATR_b3c1,MATR_b4c7,MATR_b1c41,MATR_b3c21,MATR_b1c37,MATR_b1c27,MATR_b1c43,MATR_b3c6,MATR_b2c22,MATR_b3c9",False,False,0.95
280,MATR_b1c39,622.0,683.6135166939347,46.80118813324619,591.8848735190888,775.3421598687805,342.0,403.6135166939347,311.88487351908884,495.3421598687805,61.613516693934685,"MATR_b2c37,MATR_b4c31,MATR_b1c25,MATR_b4c32,MATR_b2c39,MATR_b3c10,MATR_b3c1,MATR_b4c7,MATR_b1c41,MATR_b3c21,MATR_b1c37,MATR_b1c27,MATR_b1c43,MATR_b3c6,MATR_b2c22,MATR_b3c9",False,False,0.95
280,MATR_b1c7,869.0,951.3410594349182,74.83921775774364,804.6588879985902,1098.0232308712461,589.0,671.3410594349182,524.6588879985902,818.0232308712461,82.34105943491818,"MATR_b2c37,MATR_b4c31,MATR_b1c25,MATR_b4c32,MATR_b2c39,MATR_b3c10,MATR_b3c1,MATR_b4c7,MATR_b1c41,MATR_b3c21,MATR_b1c37,MATR_b1c27,MATR_b1c43,MATR_b3c6,MATR_b2c22,MATR_b3c9",False,False,0.95
280,MATR_b1c9,1052.0,971.992416729979,73.97663440381926,827.0008776010066,1116.9839558589515,772.0,691.992416729979,547.0008776010066,836.9839558589515,80.00758327002097,"MATR_b2c37,MATR_b4c31,MATR_b1c25,MATR_b4c32,MATR_b2c39,MATR_b3c10,MATR_b3c1,MATR_b4c7,MATR_b1c41,MATR_b3c21,MATR_b1c37,MATR_b1c27,MATR_b1c43,MATR_b3c6,MATR_b2c22,MATR_b3c9",False,False,0.95
280,MATR_b2c10,560.0,579.9774501259037,36.84487849890024,507.76281525330506,652.1920849985024,280.0,299.9774501259037,227.76281525330506,372.1920849985024,19.977450125903715,"MATR_b2c37,MATR_b4c31,MATR_b1c25,MATR_b4c32,MATR_b2c39,MATR_b3c10,MATR_b3c1,MATR_b4c7,MATR_b1c41,MATR_b3c21,MATR_b1c37,MATR_b1c27,MATR_b1c43,MATR_b3c6,MATR_b2c22,MATR_b3c9",False,False,0.95
280,MATR_b2c21,488.0,469.7521387310491,29.90327666432605,411.142793449233,528.3614840128652,208.0,189.75213873104911,131.142793449233,248.36148401286516,18.247861268950885,"MATR_b2c37,MATR_b4c31,MATR_b1c25,MATR_b4c32,MATR_b2c39,MATR_b3c10,MATR_b3c1,MATR_b4c7,MATR_b1c41,MATR_b3c21,MATR_b1c37,MATR_b1c27,MATR_b1c43,MATR_b3c6,MATR_b2c22,MATR_b3c9",False,False,0.95
280,MATR_b2c23,526.0,485.56100126850777,30.39535140358549,425.9872072200412,545.1347953169743,246.0,205.56100126850777,145.98720722004123,265.1347953169743,40.438998731492234,"MATR_b2c37,MATR_b4c31,MATR_b1c25,MATR_b4c32,MATR_b2c39,MATR_b3c10,MATR_b3c1,MATR_b4c7,MATR_b1c41,MATR_b3c21,MATR_b1c37,MATR_b1c27,MATR_b1c43,MATR_b3c6,MATR_b2c22,MATR_b3c9",False,False,0.95
280,MATR_b2c25,460.0,479.24733279968837,30.099175885487444,420.2540320997965,538.2406334995802,180.0,199.24733279968837,140.25403209979652,258.2406334995802,19.247332799688365,"MATR_b2c37,MATR_b4c31,MATR_b1c25,MATR_b4c32,MATR_b2c39,MATR_b3c10,MATR_b3c1,MATR_b4c7,MATR_b1c41,MATR_b3c21,MATR_b1c37,MATR_b1c27,MATR_b1c43,MATR_b3c6,MATR_b2c22,MATR_b3c9",False,False,0.95
280,MATR_b2c29,497.0,560.6217506473788,36.34509418295855,489.38667503406384,631.8568262606938,217.0,280.6217506473788,209.38667503406384,351.85682626069377,63.6217506473788,"MATR_b2c37,MATR_b4c31,MATR_b1c25,MATR_b4c32,MATR_b2c39,MATR_b3c10,MATR_b3c1,MATR_b4c7,MATR_b1c41,MATR_b3c21,MATR_b1c37,MATR_b1c27,MATR_b1c43,MATR_b3c6,MATR_b2c22,MATR_b3c9",False,False,0.95
280,MATR_b2c30,480.0,505.3580200536885,31.29854601026838,444.0139971050927,566.7020430022843,200.0,225.3580200536885,164.0139971050927,286.7020430022843,25.358020053688506,"MATR_b2c37,MATR_b4c31,MATR_b1c25,MATR_b4c32,MATR_b2c39,MATR_b3c10,MATR_b3c1,MATR_b4c7,MATR_b1c41,MATR_b3c21,MATR_b1c37,MATR_b1c27,MATR_b1c43,MATR_b3c6,MATR_b2c22,MATR_b3c9",False,False,0.95
280,MATR_b2c36,534.0,622.7769449271749,41.52630958059631,541.3868737383456,704.1670161160042,254.0,342.7769449271749,261.38687373834557,424.1670161160042,88.7769449271749,"MATR_b2c37,MATR_b4c31,MATR_b1c25,MATR_b4c32,MATR_b2c39,MATR_b3c10,MATR_b3c1,MATR_b4c7,MATR_b1c41,MATR_b3c21,MATR_b1c37,MATR_b1c27,MATR_b1c43,MATR_b3c6,MATR_b2c22,MATR_b3c9",False,False,0.95
280,MATR_b2c40,498.0,485.30769893944006,30.588919621718652,425.35451815488096,545.2608797239992,218.0,205.30769893944006,145.35451815488096,265.2608797239992,12.692301060559942,"MATR_b2c37,MATR_b4c31,MATR_b1c25,MATR_b4c32,MATR_b2c39,MATR_b3c10,MATR_b3c1,MATR_b4c7,MATR_b1c41,MATR_b3c21,MATR_b1c37,MATR_b1c27,MATR_b1c43,MATR_b3c6,MATR_b2c22,MATR_b3c9",False,False,0.95
280,MATR_b2c42,465.0,485.7318033570652,31.12160993040887,424.7345687525597,546.7290379615706,185.0,205.7318033570652,144.7345687525597,266.7290379615706,20.73180335706519,"MATR_b2c37,MATR_b4c31,MATR_b1c25,MATR_b4c32,MATR_b2c39,MATR_b3c10,MATR_b3c1,MATR_b4c7,MATR_b1c41,MATR_b3c21,MATR_b1c37,MATR_b1c27,MATR_b1c43,MATR_b3c6,MATR_b2c22,MATR_b3c9",False,False,0.95
280,MATR_b2c46,428.0,456.0591017422816,29.927521254155785,397.4022379375793,514.7159655469839,148.0,176.0591017422816,117.40223793757929,234.71596554698385,28.059101742281598,"MATR_b2c37,MATR_b4c31,MATR_b1c25,MATR_b4c32,MATR_b2c39,MATR_b3c10,MATR_b3c1,MATR_b4c7,MATR_b1c41,MATR_b3c21,MATR_b1c37,MATR_b1c27,MATR_b1c43,MATR_b3c6,MATR_b2c22,MATR_b3c9",False,False,0.95
280,MATR_b3c19,1152.0,1147.8606382022244,91.87625125739866,967.7864947031702,1327.9347817012786,872.0,867.8606382022244,687.7864947031702,1047.9347817012786,4.139361797775564,"MATR_b2c37,MATR_b4c31,MATR_b1c25,MATR_b4c32,MATR_b2c39,MATR_b3c10,MATR_b3c1,MATR_b4c7,MATR_b1c41,MATR_b3c21,MATR_b1c37,MATR_b1c27,MATR_b1c43,MATR_b3c6,MATR_b2c22,MATR_b3c9",False,False,0.95
280,MATR_b3c20,811.0,915.2208120773938,66.93625415758767,784.0281646685025,1046.413459486285,531.0,635.2208120773938,504.02816466850254,766.4134594862851,104.22081207739382,"MATR_b2c37,MATR_b4c31,MATR_b1c25,MATR_b4c32,MATR_b2c39,MATR_b3c10,MATR_b3c1,MATR_b4c7,MATR_b1c41,MATR_b3c21,MATR_b1c37,MATR_b1c27,MATR_b1c43,MATR_b3c6,MATR_b2c22,MATR_b3c9",False,False,0.95
280,MATR_b3c3,1113.0,1110.8743196195778,95.01401443369961,924.6502733029578,1297.0983659361978,833.0,830.8743196195778,644.6502733029578,1017.0983659361978,2.1256803804221818,"MATR_b2c37,MATR_b4c31,MATR_b1c25,MATR_b4c32,MATR_b2c39,MATR_b3c10,MATR_b3c1,MATR_b4c7,MATR_b1c41,MATR_b3c21,MATR_b1c37,MATR_b1c27,MATR_b1c43,MATR_b3c6,MATR_b2c22,MATR_b3c9",False,False,0.95
280,MATR_b3c30,933.0,1051.957423813356,80.88811018258971,893.4196410779725,1210.4952065487394,653.0,771.957423813356,613.4196410779725,930.4952065487394,118.95742381335594,"MATR_b2c37,MATR_b4c31,MATR_b1c25,MATR_b4c32,MATR_b2c39,MATR_b3c10,MATR_b3c1,MATR_b4c7,MATR_b1c41,MATR_b3c21,MATR_b1c37,MATR_b1c27,MATR_b1c43,MATR_b3c6,MATR_b2c22,MATR_b3c9",False,False,0.95
280,MATR_b3c44,938.0,1017.2671604802053,77.4624508656132,865.4435466294,1169.0907743310108,658.0,737.2671604802053,585.4435466294,889.0907743310108,79.26716048020535,"MATR_b2c37,MATR_b4c31,MATR_b1c25,MATR_b4c32,MATR_b2c39,MATR_b3c10,MATR_b3c1,MATR_b4c7,MATR_b1c41,MATR_b3c21,MATR_b1c37,MATR_b1c27,MATR_b1c43,MATR_b3c6,MATR_b2c22,MATR_b3c9",False,False,0.95
280,MATR_b3c45,1799.0,1771.694788365025,198.19807361452314,1383.2337022753413,2160.1558744547087,1519.0,1491.694788365025,1103.2337022753413,1880.1558744547087,27.305211634974967,"MATR_b2c37,MATR_b4c31,MATR_b1c25,MATR_b4c32,MATR_b2c39,MATR_b3c10,MATR_b3c1,MATR_b4c7,MATR_b1c41,MATR_b3c21,MATR_b1c37,MATR_b1c27,MATR_b1c43,MATR_b3c6,MATR_b2c22,MATR_b3c9",False,False,0.95
280,MATR_b4c10,872.0,930.0138062284606,69.82311507460554,793.163015393838,1066.8645970630832,592.0,650.0138062284606,513.163015393838,786.8645970630832,58.01380622846057,"MATR_b2c37,MATR_b4c31,MATR_b1c25,MATR_b4c32,MATR_b2c39,MATR_b3c10,MATR_b3c1,MATR_b4c7,MATR_b1c41,MATR_b3c21,MATR_b1c37,MATR_b1c27,MATR_b1c43,MATR_b3c6,MATR_b2c22,MATR_b3c9",False,False,0.95
280,MATR_b4c13,771.0,839.4533586971029,59.38631233271263,723.0583253503394,955.8483920438664,491.0,559.4533586971029,443.0583253503394,675.8483920438664,68.45335869710289,"MATR_b2c37,MATR_b4c31,MATR_b1c25,MATR_b4c32,MATR_b2c39,MATR_b3c10,MATR_b3c1,MATR_b4c7,MATR_b1c41,MATR_b3c21,MATR_b1c37,MATR_b1c27,MATR_b1c43,MATR_b3c6,MATR_b2c22,MATR_b3c9",False,False,0.95
280,MATR_b4c16,909.0,982.7677458616552,75.69100943098178,834.4160934234493,1131.119398299861,629.0,702.7677458616552,554.4160934234493,851.1193982998609,73.76774586165516,"MATR_b2c37,MATR_b4c31,MATR_b1c25,MATR_b4c32,MATR_b2c39,MATR_b3c10,MATR_b3c1,MATR_b4c7,MATR_b1c41,MATR_b3c21,MATR_b1c37,MATR_b1c27,MATR_b1c43,MATR_b3c6,MATR_b2c22,MATR_b3c9",False,False,0.95
280,MATR_b4c18,906.0,839.4136927955725,68.82371479294085,704.5216905191519,974.3056950719931,626.0,559.4136927955725,424.5216905191519,694.3056950719931,66.5863072044275,"MATR_b2c37,MATR_b4c31,MATR_b1c25,MATR_b4c32,MATR_b2c39,MATR_b3c10,MATR_b3c1,MATR_b4c7,MATR_b1c41,MATR_b3c21,MATR_b1c37,MATR_b1c27,MATR_b1c43,MATR_b3c6,MATR_b2c22,MATR_b3c9",False,False,0.95
280,MATR_b4c25,453.0,493.40480919181397,31.94440004097077,430.7949356037715,556.0146827798565,173.0,213.40480919181397,150.79493560377148,276.01468277985646,40.40480919181397,"MATR_b2c37,MATR_b4c31,MATR_b1c25,MATR_b4c32,MATR_b2c39,MATR_b3c10,MATR_b3c1,MATR_b4c7,MATR_b1c41,MATR_b3c21,MATR_b1c37,MATR_b1c27,MATR_b1c43,MATR_b3c6,MATR_b2c22,MATR_b3c9",False,False,0.95
280,MATR_b4c29,887.0,1037.7326591338153,83.49626947087671,874.0829781274458,1201.3823401401849,607.0,757.7326591338153,594.0829781274458,921.3823401401849,150.73265913381533,"MATR_b2c37,MATR_b4c31,MATR_b1c25,MATR_b4c32,MATR_b2c39,MATR_b3c10,MATR_b3c1,MATR_b4c7,MATR_b1c41,MATR_b3c21,MATR_b1c37,MATR_b1c27,MATR_b1c43,MATR_b3c6,MATR_b2c22,MATR_b3c9",False,False,0.95
280,MATR_b4c33,505.0,516.3148220877846,32.38936261902631,452.83283787228515,579.796806303284,225.0,236.3148220877846,172.83283787228515,299.79680630328403,11.314822087784592,"MATR_b2c37,MATR_b4c31,MATR_b1c25,MATR_b4c32,MATR_b2c39,MATR_b3c10,MATR_b3c1,MATR_b4c7,MATR_b1c41,MATR_b3c21,MATR_b1c37,MATR_b1c27,MATR_b1c43,MATR_b3c6,MATR_b2c22,MATR_b3c9",False,False,0.95
280,MATR_b4c37,863.0,844.4390892741177,57.848601435056324,731.0579139053953,957.8202646428401,583.0,564.4390892741177,451.05791390539525,677.8202646428401,18.56091072588231,"MATR_b2c37,MATR_b4c31,MATR_b1c25,MATR_b4c32,MATR_b2c39,MATR_b3c10,MATR_b3c1,MATR_b4c7,MATR_b1c41,MATR_b3c21,MATR_b1c37,MATR_b1c27,MATR_b1c43,MATR_b3c6,MATR_b2c22,MATR_b3c9",False,False,0.95
280,MATR_b4c4,656.0,726.3712261075888,49.152773054881415,630.0335611797504,822.7088910354271,376.0,446.37122610758877,350.03356117975045,542.7088910354271,70.37122610758877,"MATR_b2c37,MATR_b4c31,MATR_b1c25,MATR_b4c32,MATR_b2c39,MATR_b3c10,MATR_b3c1,MATR_b4c7,MATR_b1c41,MATR_b3c21,MATR_b1c37,MATR_b1c27,MATR_b1c43,MATR_b3c6,MATR_b2c22,MATR_b3c9",False,False,0.95
280,MATR_b4c9,442.0,496.12117018733363,31.271845233914455,434.82947979875075,557.4128605759165,162.0,216.12117018733363,154.82947979875075,277.4128605759165,54.12117018733363,"MATR_b2c37,MATR_b4c31,MATR_b1c25,MATR_b4c32,MATR_b2c39,MATR_b3c10,MATR_b3c1,MATR_b4c7,MATR_b1c41,MATR_b3c21,MATR_b1c37,MATR_b1c27,MATR_b1c43,MATR_b3c6,MATR_b2c22,MATR_b3c9",False,False,0.95
300,MATR_b1c1,2154.0,1781.21246366287,195.76932385930894,1397.5116396208668,2164.9132877048733,1854.0,1481.21246366287,1097.5116396208668,1864.9132877048733,372.78753633712995,"MATR_b1c26,MATR_b1c37,MATR_b4c14,MATR_b3c14,MATR_b2c32,MATR_b3c35,MATR_b3c27,MATR_b4c12,MATR_b4c19,MATR_b3c21,MATR_b2c28,MATR_b3c10,MATR_b3c4,MATR_b2c37,MATR_b1c38,MATR_b2c26",False,False,0.95
300,MATR_b1c20,533.0,523.1392910201903,33.49408754585268,457.4920857352875,588.7864963050931,233.0,223.13929102019029,157.4920857352875,288.7864963050931,9.860708979809715,"MATR_b1c26,MATR_b1c37,MATR_b4c14,MATR_b3c14,MATR_b2c32,MATR_b3c35,MATR_b3c27,MATR_b4c12,MATR_b4c19,MATR_b3c21,MATR_b2c28,MATR_b3c10,MATR_b3c4,MATR_b2c37,MATR_b1c38,MATR_b2c26",False,False,0.95
300,MATR_b1c21,557.0,524.360546673403,33.04424928646309,459.5950081757719,589.126085171034,257.0,224.36054667340295,159.5950081757719,289.126085171034,32.63945332659705,"MATR_b1c26,MATR_b1c37,MATR_b4c14,MATR_b3c14,MATR_b2c32,MATR_b3c35,MATR_b3c27,MATR_b4c12,MATR_b4c19,MATR_b3c21,MATR_b2c28,MATR_b3c10,MATR_b3c4,MATR_b2c37,MATR_b1c38,MATR_b2c26",False,False,0.95
300,MATR_b1c28,858.0,792.7263099497553,56.14386553708276,682.6863555442136,902.766264355297,558.0,492.7263099497553,382.6863555442136,602.766264355297,65.27369005024468,"MATR_b1c26,MATR_b1c37,MATR_b4c14,MATR_b3c14,MATR_b2c32,MATR_b3c35,MATR_b3c27,MATR_b4c12,MATR_b4c19,MATR_b3c21,MATR_b2c28,MATR_b3c10,MATR_b3c4,MATR_b2c37,MATR_b1c38,MATR_b2c26",False,False,0.95
300,MATR_b1c39,622.0,681.1359022085732,46.92762346416632,589.1594503387504,773.1123540783959,322.0,381.13590220857316,289.1594503387504,473.1123540783959,59.13590220857316,"MATR_b1c26,MATR_b1c37,MATR_b4c14,MATR_b3c14,MATR_b2c32,MATR_b3c35,MATR_b3c27,MATR_b4c12,MATR_b4c19,MATR_b3c21,MATR_b2c28,MATR_b3c10,MATR_b3c4,MATR_b2c37,MATR_b1c38,MATR_b2c26",False,False,0.95
300,MATR_b1c7,869.0,957.3357948894084,74.97440730003646,810.3886568191,1104.2829329597166,569.0,657.3357948894084,510.3886568191,804.2829329597166,88.33579488940836,"MATR_b1c26,MATR_b1c37,MATR_b4c14,MATR_b3c14,MATR_b2c32,MATR_b3c35,MATR_b3c27,MATR_b4c12,MATR_b4c19,MATR_b3c21,MATR_b2c28,MATR_b3c10,MATR_b3c4,MATR_b2c37,MATR_b1c38,MATR_b2c26",False,False,0.95
300,MATR_b1c9,1052.0,971.6558026260135,74.23427067185055,826.1593056905884,1117.1522995614387,752.0,671.6558026260135,526.1593056905884,817.1522995614387,80.3441973739865,"MATR_b1c26,MATR_b1c37,MATR_b4c14,MATR_b3c14,MATR_b2c32,MATR_b3c35,MATR_b3c27,MATR_b4c12,MATR_b4c19,MATR_b3c21,MATR_b2c28,MATR_b3c10,MATR_b3c4,MATR_b2c37,MATR_b1c38,MATR_b2c26",False,False,0.95
300,MATR_b2c10,560.0,585.3018754429203,37.61439008191412,511.579025581928,659.0247253039125,260.0,285.3018754429203,211.57902558192802,359.02472530391253,25.301875442920277,"MATR_b1c26,MATR_b1c37,MATR_b4c14,MATR_b3c14,MATR_b2c32,MATR_b3c35,MATR_b3c27,MATR_b4c12,MATR_b4c19,MATR_b3c21,MATR_b2c28,MATR_b3c10,MATR_b3c4,MATR_b2c37,MATR_b1c38,MATR_b2c26",False,False,0.95
300,MATR_b2c21,488.0,469.0364344679369,30.172207505363584,409.89999442335517,528.1728745125185,188.0,169.03643446793689,109.89999442335517,228.17287451251855,18.963565532063114,"MATR_b1c26,MATR_b1c37,MATR_b4c14,MATR_b3c14,MATR_b2c32,MATR_b3c35,MATR_b3c27,MATR_b4c12,MATR_b4c19,MATR_b3c21,MATR_b2c28,MATR_b3c10,MATR_b3c4,MATR_b2c37,MATR_b1c38,MATR_b2c26",False,False,0.95
300,MATR_b2c23,526.0,487.01192115341297,30.75265531776274,426.73782430162385,547.2860180052021,226.0,187.01192115341297,126.73782430162385,247.2860180052021,38.98807884658703,"MATR_b1c26,MATR_b1c37,MATR_b4c14,MATR_b3c14,MATR_b2c32,MATR_b3c35,MATR_b3c27,MATR_b4c12,MATR_b4c19,MATR_b3c21,MATR_b2c28,MATR_b3c10,MATR_b3c4,MATR_b2c37,MATR_b1c38,MATR_b2c26",False,False,0.95
300,MATR_b2c25,460.0,479.2132138220307,30.47259825393768,419.4880187289547,538.9384089151067,160.0,179.2132138220307,119.48801872895473,238.93840891510672,19.213213822030696,"MATR_b1c26,MATR_b1c37,MATR_b4c14,MATR_b3c14,MATR_b2c32,MATR_b3c35,MATR_b3c27,MATR_b4c12,MATR_b4c19,MATR_b3c21,MATR_b2c28,MATR_b3c10,MATR_b3c4,MATR_b2c37,MATR_b1c38,MATR_b2c26",False,False,0.95
300,MATR_b2c29,497.0,549.7801174295664,35.758840446350185,479.6940780258059,619.866156833327,197.0,249.78011742956642,179.69407802580588,319.86615683332695,52.78011742956642,"MATR_b1c26,MATR_b1c37,MATR_b4c14,MATR_b3c14,MATR_b2c32,MATR_b3c35,MATR_b3c27,MATR_b4c12,MATR_b4c19,MATR_b3c21,MATR_b2c28,MATR_b3c10,MATR_b3c4,MATR_b2c37,MATR_b1c38,MATR_b2c26",False,False,0.95
300,MATR_b2c30,480.0,507.5803120073579,31.758230599116104,445.3353238203725,569.8253001943434,180.0,207.58031200735792,145.33532382037248,269.8253001943434,27.580312007357918,"MATR_b1c26,MATR_b1c37,MATR_b4c14,MATR_b3c14,MATR_b2c32,MATR_b3c35,MATR_b3c27,MATR_b4c12,MATR_b4c19,MATR_b3c21,MATR_b2c28,MATR_b3c10,MATR_b3c4,MATR_b2c37,MATR_b1c38,MATR_b2c26",False,False,0.95
300,MATR_b2c36,534.0,614.4509647108069,41.190459527623325,533.7191475300106,695.1827818916033,234.0,314.45096471080694,233.71914753001056,395.1827818916033,80.45096471080694,"MATR_b1c26,MATR_b1c37,MATR_b4c14,MATR_b3c14,MATR_b2c32,MATR_b3c35,MATR_b3c27,MATR_b4c12,MATR_b4c19,MATR_b3c21,MATR_b2c28,MATR_b3c10,MATR_b3c4,MATR_b2c37,MATR_b1c38,MATR_b2c26",False,False,0.95
300,MATR_b2c40,498.0,485.07155969933575,30.867921259172597,424.5715457537392,545.5715736449323,198.0,185.07155969933575,124.5715457537392,245.5715736449323,12.92844030066425,"MATR_b1c26,MATR_b1c37,MATR_b4c14,MATR_b3c14,MATR_b2c32,MATR_b3c35,MATR_b3c27,MATR_b4c12,MATR_b4c19,MATR_b3c21,MATR_b2c28,MATR_b3c10,MATR_b3c4,MATR_b2c37,MATR_b1c38,MATR_b2c26",False,False,0.95
300,MATR_b2c42,465.0,481.39012891675054,31.077541023158492,420.47926778329384,542.3009900502072,165.0,181.39012891675054,120.47926778329384,242.30099005020725,16.39012891675054,"MATR_b1c26,MATR_b1c37,MATR_b4c14,MATR_b3c14,MATR_b2c32,MATR_b3c35,MATR_b3c27,MATR_b4c12,MATR_b4c19,MATR_b3c21,MATR_b2c28,MATR_b3c10,MATR_b3c4,MATR_b2c37,MATR_b1c38,MATR_b2c26",False,False,0.95
300,MATR_b2c46,428.0,454.23421990489186,30.13289341262357,395.17483406616543,513.2936057436183,128.0,154.23421990489186,95.17483406616543,213.2936057436183,26.23421990489186,"MATR_b1c26,MATR_b1c37,MATR_b4c14,MATR_b3c14,MATR_b2c32,MATR_b3c35,MATR_b3c27,MATR_b4c12,MATR_b4c19,MATR_b3c21,MATR_b2c28,MATR_b3c10,MATR_b3c4,MATR_b2c37,MATR_b1c38,MATR_b2c26",False,False,0.95
300,MATR_b3c19,1152.0,1119.7216329798819,88.87741586158025,945.5250988521957,1293.918167107568,852.0,819.7216329798819,645.5250988521957,993.918167107568,32.27836702011814,"MATR_b1c26,MATR_b1c37,MATR_b4c14,MATR_b3c14,MATR_b2c32,MATR_b3c35,MATR_b3c27,MATR_b4c12,MATR_b4c19,MATR_b3c21,MATR_b2c28,MATR_b3c10,MATR_b3c4,MATR_b2c37,MATR_b1c38,MATR_b2c26",False,False,0.95
300,MATR_b3c20,811.0,900.6230351132691,66.1175281939722,771.035061106272,1030.2110091202662,511.0,600.6230351132691,471.035061106272,730.2110091202662,89.62303511326911,"MATR_b1c26,MATR_b1c37,MATR_b4c14,MATR_b3c14,MATR_b2c32,MATR_b3c35,MATR_b3c27,MATR_b4c12,MATR_b4c19,MATR_b3c21,MATR_b2c28,MATR_b3c10,MATR_b3c4,MATR_b2c37,MATR_b1c38,MATR_b2c26",False,False,0.95
300,MATR_b3c3,1113.0,1102.7351477125612,93.90633906137363,918.6821052322621,1286.7881901928604,813.0,802.7351477125612,618.6821052322621,986.7881901928604,10.26485228743877,"MATR_b1c26,MATR_b1c37,MATR_b4c14,MATR_b3c14,MATR_b2c32,MATR_b3c35,MATR_b3c27,MATR_b4c12,MATR_b4c19,MATR_b3c21,MATR_b2c28,MATR_b3c10,MATR_b3c4,MATR_b2c37,MATR_b1c38,MATR_b2c26",False,False,0.95
300,MATR_b3c30,933.0,1031.84732542145,79.11817958325436,876.7785429158993,1186.9161079270007,633.0,731.84732542145,576.7785429158993,886.9161079270007,98.84732542145002,"MATR_b1c26,MATR_b1c37,MATR_b4c14,MATR_b3c14,MATR_b2c32,MATR_b3c35,MATR_b3c27,MATR_b4c12,MATR_b4c19,MATR_b3c21,MATR_b2c28,MATR_b3c10,MATR_b3c4,MATR_b2c37,MATR_b1c38,MATR_b2c26",False,False,0.95
300,MATR_b3c44,938.0,1007.1767491049798,76.80385617669262,856.643957124868,1157.7095410850914,638.0,707.1767491049798,556.643957124868,857.7095410850914,69.17674910497976,"MATR_b1c26,MATR_b1c37,MATR_b4c14,MATR_b3c14,MATR_b2c32,MATR_b3c35,MATR_b3c27,MATR_b4c12,MATR_b4c19,MATR_b3c21,MATR_b2c28,MATR_b3c10,MATR_b3c4,MATR_b2c37,MATR_b1c38,MATR_b2c26",False,False,0.95
300,MATR_b3c45,1799.0,1770.6391720603297,196.71341461912044,1385.0879641309587,2156.1903799897004,1499.0,1470.6391720603297,1085.0879641309587,1856.1903799897004,28.360827939670344,"MATR_b1c26,MATR_b1c37,MATR_b4c14,MATR_b3c14,MATR_b2c32,MATR_b3c35,MATR_b3c27,MATR_b4c12,MATR_b4c19,MATR_b3c21,MATR_b2c28,MATR_b3c10,MATR_b3c4,MATR_b2c37,MATR_b1c38,MATR_b2c26",False,False,0.95
300,MATR_b4c10,872.0,918.7771715974977,69.22691788341287,783.0949057852968,1054.4594374096987,572.0,618.7771715974977,483.09490578529676,754.4594374096987,46.77717159749773,"MATR_b1c26,MATR_b1c37,MATR_b4c14,MATR_b3c14,MATR_b2c32,MATR_b3c35,MATR_b3c27,MATR_b4c12,MATR_b4c19,MATR_b3c21,MATR_b2c28,MATR_b3c10,MATR_b3c4,MATR_b2c37,MATR_b1c38,MATR_b2c26",False,False,0.95
300,MATR_b4c13,771.0,828.6955228798192,58.80363927575597,713.4425077394526,943.9485380201859,471.0,528.6955228798192,413.4425077394526,643.9485380201859,57.69552287981924,"MATR_b1c26,MATR_b1c37,MATR_b4c14,MATR_b3c14,MATR_b2c32,MATR_b3c35,MATR_b3c27,MATR_b4c12,MATR_b4c19,MATR_b3c21,MATR_b2c28,MATR_b3c10,MATR_b3c4,MATR_b2c37,MATR_b1c38,MATR_b2c26",False,False,0.95
300,MATR_b4c16,909.0,975.8662674958724,74.28177133355916,830.2766709742566,1121.4558640174882,609.0,675.8662674958724,530.2766709742566,821.4558640174882,66.86626749587242,"MATR_b1c26,MATR_b1c37,MATR_b4c14,MATR_b3c14,MATR_b2c32,MATR_b3c35,MATR_b3c27,MATR_b4c12,MATR_b4c19,MATR_b3c21,MATR_b2c28,MATR_b3c10,MATR_b3c4,MATR_b2c37,MATR_b1c38,MATR_b2c26",False,False,0.95
300,MATR_b4c18,906.0,841.8042702178633,68.37203115615391,707.7975516019512,975.8109888337754,606.0,541.8042702178633,407.7975516019512,675.8109888337754,64.19572978213671,"MATR_b1c26,MATR_b1c37,MATR_b4c14,MATR_b3c14,MATR_b2c32,MATR_b3c35,MATR_b3c27,MATR_b4c12,MATR_b4c19,MATR_b3c21,MATR_b2c28,MATR_b3c10,MATR_b3c4,MATR_b2c37,MATR_b1c38,MATR_b2c26",False,False,0.95
300,MATR_b4c25,453.0,491.87277040152634,32.341067689619194,428.4854425083007,555.260098294752,153.0,191.87277040152634,128.4854425083007,255.26009829475197,38.87277040152634,"MATR_b1c26,MATR_b1c37,MATR_b4c14,MATR_b3c14,MATR_b2c32,MATR_b3c35,MATR_b3c27,MATR_b4c12,MATR_b4c19,MATR_b3c21,MATR_b2c28,MATR_b3c10,MATR_b3c4,MATR_b2c37,MATR_b1c38,MATR_b2c26",False,False,0.95
300,MATR_b4c29,887.0,1027.1741132837647,83.07333918811022,864.3533603995887,1189.9948661679405,587.0,727.1741132837647,564.3533603995887,889.9948661679405,140.17411328376465,"MATR_b1c26,MATR_b1c37,MATR_b4c14,MATR_b3c14,MATR_b2c32,MATR_b3c35,MATR_b3c27,MATR_b4c12,MATR_b4c19,MATR_b3c21,MATR_b2c28,MATR_b3c10,MATR_b3c4,MATR_b2c37,MATR_b1c38,MATR_b2c26",False,False,0.95
300,MATR_b4c33,505.0,519.1146675250931,32.80924317283086,454.80973254632795,583.4196025038582,205.0,219.11466752509307,154.80973254632795,283.4196025038582,14.114667525093068,"MATR_b1c26,MATR_b1c37,MATR_b4c14,MATR_b3c14,MATR_b2c32,MATR_b3c35,MATR_b3c27,MATR_b4c12,MATR_b4c19,MATR_b3c21,MATR_b2c28,MATR_b3c10,MATR_b3c4,MATR_b2c37,MATR_b1c38,MATR_b2c26",False,False,0.95
300,MATR_b4c37,863.0,845.4193580642618,58.18616952359456,731.3765613996744,959.4621547288492,563.0,545.4193580642618,431.3765613996744,659.4621547288492,17.580641935738186,"MATR_b1c26,MATR_b1c37,MATR_b4c14,MATR_b3c14,MATR_b2c32,MATR_b3c35,MATR_b3c27,MATR_b4c12,MATR_b4c19,MATR_b3c21,MATR_b2c28,MATR_b3c10,MATR_b3c4,MATR_b2c37,MATR_b1c38,MATR_b2c26",False,False,0.95
300,MATR_b4c4,656.0,729.203571770452,49.754707103526904,631.6861377862001,826.7210057547038,356.0,429.20357177045196,331.6861377862001,526.7210057547038,73.20357177045196,"MATR_b1c26,MATR_b1c37,MATR_b4c14,MATR_b3c14,MATR_b2c32,MATR_b3c35,MATR_b3c27,MATR_b4c12,MATR_b4c19,MATR_b3c21,MATR_b2c28,MATR_b3c10,MATR_b3c4,MATR_b2c37,MATR_b1c38,MATR_b2c26",False,False,0.95
300,MATR_b4c9,442.0,497.68870929040673,31.63964729506329,435.67614010853254,559.7012784722809,142.0,197.68870929040673,135.67614010853254,259.70127847228093,55.688709290406734,"MATR_b1c26,MATR_b1c37,MATR_b4c14,MATR_b3c14,MATR_b2c32,MATR_b3c35,MATR_b3c27,MATR_b4c12,MATR_b4c19,MATR_b3c21,MATR_b2c28,MATR_b3c10,MATR_b3c4,MATR_b2c37,MATR_b1c38,MATR_b2c26",False,False,0.95
320,MATR_b1c1,2154.0,1733.1939394148362,187.3688896795504,1365.957663819659,2100.4302150100134,1834.0,1413.1939394148362,1045.957663819659,1780.4302150100134,420.8060605851638,"MATR_b2c37,MATR_b4c12,MATR_b4c17,MATR_b3c27,MATR_b4c22,MATR_b3c29,MATR_b2c27,MATR_b3c38,MATR_b4c3,MATR_b1c42,MATR_b1c0,MATR_b3c25,MATR_b1c31,MATR_b3c16,MATR_b1c40,MATR_b4c30",False,False,0.95
320,MATR_b1c20,533.0,514.8629525349791,33.874015139420585,448.47110284995017,581.254802220008,213.0,194.86295253497906,128.47110284995017,261.25480222000795,18.13704746502094,"MATR_b2c37,MATR_b4c12,MATR_b4c17,MATR_b3c27,MATR_b4c22,MATR_b3c29,MATR_b2c27,MATR_b3c38,MATR_b4c3,MATR_b1c42,MATR_b1c0,MATR_b3c25,MATR_b1c31,MATR_b3c16,MATR_b1c40,MATR_b4c30",False,False,0.95
320,MATR_b1c21,557.0,516.2837247807191,33.283533222319356,451.04919838673084,581.5182511747074,237.0,196.28372478071913,131.04919838673084,261.5182511747074,40.716275219280874,"MATR_b2c37,MATR_b4c12,MATR_b4c17,MATR_b3c27,MATR_b4c22,MATR_b3c29,MATR_b2c27,MATR_b3c38,MATR_b4c3,MATR_b1c42,MATR_b1c0,MATR_b3c25,MATR_b1c31,MATR_b3c16,MATR_b1c40,MATR_b4c30",False,False,0.95
320,MATR_b1c28,858.0,702.8843935622657,49.65613589213868,605.5601556022472,800.2086315222842,538.0,382.8843935622657,285.56015560224716,480.20863152228424,155.1156064377343,"MATR_b2c37,MATR_b4c12,MATR_b4c17,MATR_b3c27,MATR_b4c22,MATR_b3c29,MATR_b2c27,MATR_b3c38,MATR_b4c3,MATR_b1c42,MATR_b1c0,MATR_b3c25,MATR_b1c31,MATR_b3c16,MATR_b1c40,MATR_b4c30",False,False,0.95
320,MATR_b1c39,622.0,617.4866903878833,42.763390154367286,533.6719858284887,701.3013949472779,302.0,297.4866903878833,213.6719858284887,381.3013949472779,4.5133096121167,"MATR_b2c37,MATR_b4c12,MATR_b4c17,MATR_b3c27,MATR_b4c22,MATR_b3c29,MATR_b2c27,MATR_b3c38,MATR_b4c3,MATR_b1c42,MATR_b1c0,MATR_b3c25,MATR_b1c31,MATR_b3c16,MATR_b1c40,MATR_b4c30",False,False,0.95
320,MATR_b1c7,869.0,942.1823586034209,74.96119828287648,795.2611097310173,1089.1036074758244,549.0,622.1823586034209,475.2611097310173,769.1036074758244,73.18235860342088,"MATR_b2c37,MATR_b4c12,MATR_b4c17,MATR_b3c27,MATR_b4c22,MATR_b3c29,MATR_b2c27,MATR_b3c38,MATR_b4c3,MATR_b1c42,MATR_b1c0,MATR_b3c25,MATR_b1c31,MATR_b3c16,MATR_b1c40,MATR_b4c30",False,False,0.95
320,MATR_b1c9,1052.0,919.7834828714739,71.20600420446459,780.2222791477157,1059.3446865952321,732.0,599.7834828714739,460.22227914771565,739.3446865952321,132.2165171285261,"MATR_b2c37,MATR_b4c12,MATR_b4c17,MATR_b3c27,MATR_b4c22,MATR_b3c29,MATR_b2c27,MATR_b3c38,MATR_b4c3,MATR_b1c42,MATR_b1c0,MATR_b3c25,MATR_b1c31,MATR_b3c16,MATR_b1c40,MATR_b4c30",False,False,0.95
320,MATR_b2c10,560.0,562.7959721385994,36.82648084166632,490.6173960115791,634.9745482656197,240.0,242.79597213859938,170.6173960115791,314.97454826561966,2.7959721385993817,"MATR_b2c37,MATR_b4c12,MATR_b4c17,MATR_b3c27,MATR_b4c22,MATR_b3c29,MATR_b2c27,MATR_b3c38,MATR_b4c3,MATR_b1c42,MATR_b1c0,MATR_b3c25,MATR_b1c31,MATR_b3c16,MATR_b1c40,MATR_b4c30",False,False,0.95
320,MATR_b2c21,488.0,463.69950806801336,30.70235529408412,403.52399745105583,523.8750186849709,168.0,143.69950806801336,83.52399745105583,203.87501868497088,24.30049193198664,"MATR_b2c37,MATR_b4c12,MATR_b4c17,MATR_b3c27,MATR_b4c22,MATR_b3c29,MATR_b2c27,MATR_b3c38,MATR_b4c3,MATR_b1c42,MATR_b1c0,MATR_b3c25,MATR_b1c31,MATR_b3c16,MATR_b1c40,MATR_b4c30",False,False,0.95
320,MATR_b2c23,526.0,483.9480507731069,31.310209658754083,422.58116749355077,545.314934052663,206.0,163.9480507731069,102.58116749355077,225.31493405266303,42.0519492268931,"MATR_b2c37,MATR_b4c12,MATR_b4c17,MATR_b3c27,MATR_b4c22,MATR_b3c29,MATR_b2c27,MATR_b3c38,MATR_b4c3,MATR_b1c42,MATR_b1c0,MATR_b3c25,MATR_b1c31,MATR_b3c16,MATR_b1c40,MATR_b4c30",False,False,0.95
320,MATR_b2c25,460.0,471.48851152012253,30.879748941204728,410.9653157437224,532.0117072965227,140.0,151.48851152012253,90.96531574372239,212.01170729652267,11.488511520122529,"MATR_b2c37,MATR_b4c12,MATR_b4c17,MATR_b3c27,MATR_b4c22,MATR_b3c29,MATR_b2c27,MATR_b3c38,MATR_b4c3,MATR_b1c42,MATR_b1c0,MATR_b3c25,MATR_b1c31,MATR_b3c16,MATR_b1c40,MATR_b4c30",False,False,0.95
320,MATR_b2c29,497.0,509.0334765618458,33.28338213878975,443.79924628613423,574.2677068375574,177.0,189.03347656184582,123.79924628613423,254.2677068375574,12.033476561845816,"MATR_b2c37,MATR_b4c12,MATR_b4c17,MATR_b3c27,MATR_b4c22,MATR_b3c29,MATR_b2c27,MATR_b3c38,MATR_b4c3,MATR_b1c42,MATR_b1c0,MATR_b3c25,MATR_b1c31,MATR_b3c16,MATR_b1c40,MATR_b4c30",False,False,0.95
320,MATR_b2c30,480.0,501.122259484301,32.19069425260082,438.0296581118629,564.2148608567392,160.0,181.12225948430103,118.02965811186289,244.21486085673916,21.122259484301026,"MATR_b2c37,MATR_b4c12,MATR_b4c17,MATR_b3c27,MATR_b4c22,MATR_b3c29,MATR_b2c27,MATR_b3c38,MATR_b4c3,MATR_b1c42,MATR_b1c0,MATR_b3c25,MATR_b1c31,MATR_b3c16,MATR_b1c40,MATR_b4c30",False,False,0.95
320,MATR_b2c36,534.0,550.0181732721605,36.72365339141544,478.04113524425406,621.995211300067,214.0,230.01817327216054,158.04113524425406,301.995211300067,16.01817327216054,"MATR_b2c37,MATR_b4c12,MATR_b4c17,MATR_b3c27,MATR_b4c22,MATR_b3c29,MATR_b2c27,MATR_b3c38,MATR_b4c3,MATR_b1c42,MATR_b1c0,MATR_b3c25,MATR_b1c31,MATR_b3c16,MATR_b1c40,MATR_b4c30",False,False,0.95
320,MATR_b2c40,498.0,478.79953848462077,31.278881409721894,417.4940574448664,540.105019524375,178.0,158.79953848462077,97.49405744486643,220.10501952437505,19.20046151537923,"MATR_b2c37,MATR_b4c12,MATR_b4c17,MATR_b3c27,MATR_b4c22,MATR_b3c29,MATR_b2c27,MATR_b3c38,MATR_b4c3,MATR_b1c42,MATR_b1c0,MATR_b3c25,MATR_b1c31,MATR_b3c16,MATR_b1c40,MATR_b4c30",False,False,0.95
320,MATR_b2c42,465.0,471.66014240975665,31.250084888978698,410.41110151353905,532.9091833059742,145.0,151.66014240975665,90.41110151353905,212.90918330597424,6.660142409756645,"MATR_b2c37,MATR_b4c12,MATR_b4c17,MATR_b3c27,MATR_b4c22,MATR_b3c29,MATR_b2c27,MATR_b3c38,MATR_b4c3,MATR_b1c42,MATR_b1c0,MATR_b3c25,MATR_b1c31,MATR_b3c16,MATR_b1c40,MATR_b4c30",False,False,0.95
320,MATR_b2c46,428.0,450.02301256740174,30.703333020354297,389.8455856421679,510.20043949263555,108.0,130.02301256740174,69.84558564216792,190.20043949263555,22.023012567401736,"MATR_b2c37,MATR_b4c12,MATR_b4c17,MATR_b3c27,MATR_b4c22,MATR_b3c29,MATR_b2c27,MATR_b3c38,MATR_b4c3,MATR_b1c42,MATR_b1c0,MATR_b3c25,MATR_b1c31,MATR_b3c16,MATR_b1c40,MATR_b4c30",False,False,0.95
320,MATR_b3c19,1152.0,952.7187167579806,75.52682911769342,804.6888518207904,1100.7485816951707,832.0,632.7187167579806,484.68885182079043,780.7485816951707,199.2812832420194,"MATR_b2c37,MATR_b4c12,MATR_b4c17,MATR_b3c27,MATR_b4c22,MATR_b3c29,MATR_b2c27,MATR_b3c38,MATR_b4c3,MATR_b1c42,MATR_b1c0,MATR_b3c25,MATR_b1c31,MATR_b3c16,MATR_b1c40,MATR_b4c30",False,False,0.95
320,MATR_b3c20,811.0,795.0826125410204,58.94483762585489,679.5528537197833,910.6123713622574,491.0,475.08261254102035,359.55285371978334,590.6123713622574,15.917387458979647,"MATR_b2c37,MATR_b4c12,MATR_b4c17,MATR_b3c27,MATR_b4c22,MATR_b3c29,MATR_b2c27,MATR_b3c38,MATR_b4c3,MATR_b1c42,MATR_b1c0,MATR_b3c25,MATR_b1c31,MATR_b3c16,MATR_b1c40,MATR_b4c30",False,False,0.95
320,MATR_b3c3,1113.0,979.6792186493171,81.63306421703395,819.6813528362852,1139.677084462349,793.0,659.6792186493171,499.6813528362852,819.6770844623491,133.32078135068286,"MATR_b2c37,MATR_b4c12,MATR_b4c17,MATR_b3c27,MATR_b4c22,MATR_b3c29,MATR_b2c27,MATR_b3c38,MATR_b4c3,MATR_b1c42,MATR_b1c0,MATR_b3c25,MATR_b1c31,MATR_b3c16,MATR_b1c40,MATR_b4c30",False,False,0.95
320,MATR_b3c30,933.0,902.2920678148603,69.47773812592273,766.1182033607464,1038.4659322689743,613.0,582.2920678148603,446.1182033607464,718.4659322689743,30.707932185139725,"MATR_b2c37,MATR_b4c12,MATR_b4c17,MATR_b3c27,MATR_b4c22,MATR_b3c29,MATR_b2c27,MATR_b3c38,MATR_b4c3,MATR_b1c42,MATR_b1c0,MATR_b3c25,MATR_b1c31,MATR_b3c16,MATR_b1c40,MATR_b4c30",False,False,0.95
320,MATR_b3c44,938.0,892.7307077935975,68.40401769770796,758.6612967082494,1026.8001188789456,618.0,572.7307077935975,438.66129670824944,706.8001188789456,45.2692922064025,"MATR_b2c37,MATR_b4c12,MATR_b4c17,MATR_b3c27,MATR_b4c22,MATR_b3c29,MATR_b2c27,MATR_b3c38,MATR_b4c3,MATR_b1c42,MATR_b1c0,MATR_b3c25,MATR_b1c31,MATR_b3c16,MATR_b1c40,MATR_b4c30",False,False,0.95
320,MATR_b3c45,1799.0,1688.071591462589,181.881708551096,1331.58999325583,2044.5531896693478,1479.0,1368.071591462589,1011.58999325583,1724.5531896693478,110.92840853741109,"MATR_b2c37,MATR_b4c12,MATR_b4c17,MATR_b3c27,MATR_b4c22,MATR_b3c29,MATR_b2c27,MATR_b3c38,MATR_b4c3,MATR_b1c42,MATR_b1c0,MATR_b3c25,MATR_b1c31,MATR_b3c16,MATR_b1c40,MATR_b4c30",False,False,0.95
320,MATR_b4c10,872.0,831.2255288165765,63.78641293226266,706.2064567663417,956.2446008668112,552.0,511.22552881657646,386.2064567663417,636.2446008668112,40.77447118342354,"MATR_b2c37,MATR_b4c12,MATR_b4c17,MATR_b3c27,MATR_b4c22,MATR_b3c29,MATR_b2c27,MATR_b3c38,MATR_b4c3,MATR_b1c42,MATR_b1c0,MATR_b3c25,MATR_b1c31,MATR_b3c16,MATR_b1c40,MATR_b4c30",False,False,0.95
320,MATR_b4c13,771.0,735.1356205101719,52.285326007747045,632.6582646150523,837.6129764052914,451.0,415.13562051017186,312.6582646150523,517.6129764052914,35.86437948982814,"MATR_b2c37,MATR_b4c12,MATR_b4c17,MATR_b3c27,MATR_b4c22,MATR_b3c29,MATR_b2c27,MATR_b3c38,MATR_b4c3,MATR_b1c42,MATR_b1c0,MATR_b3c25,MATR_b1c31,MATR_b3c16,MATR_b1c40,MATR_b4c30",False,False,0.95
320,MATR_b4c16,909.0,971.9308091832773,75.64424260355983,823.6708180424897,1120.1908003240649,589.0,651.9308091832773,503.6708180424897,800.1908003240649,62.93080918327735,"MATR_b2c37,MATR_b4c12,MATR_b4c17,MATR_b3c27,MATR_b4c22,MATR_b3c29,MATR_b2c27,MATR_b3c38,MATR_b4c3,MATR_b1c42,MATR_b1c0,MATR_b3c25,MATR_b1c31,MATR_b3c16,MATR_b1c40,MATR_b4c30",False,False,0.95
320,MATR_b4c18,906.0,849.1795508491675,68.45414721283174,715.0118877196144,983.3472139787207,586.0,529.1795508491675,395.0118877196144,663.3472139787207,56.820449150832474,"MATR_b2c37,MATR_b4c12,MATR_b4c17,MATR_b3c27,MATR_b4c22,MATR_b3c29,MATR_b2c27,MATR_b3c38,MATR_b4c3,MATR_b1c42,MATR_b1c0,MATR_b3c25,MATR_b1c31,MATR_b3c16,MATR_b1c40,MATR_b4c30",False,False,0.95
320,MATR_b4c25,453.0,485.6707828777929,32.542274259342086,421.88909735445753,549.4524684011283,133.0,165.67078287779287,101.88909735445753,229.45246840112827,32.670782877792874,"MATR_b2c37,MATR_b4c12,MATR_b4c17,MATR_b3c27,MATR_b4c22,MATR_b3c29,MATR_b2c27,MATR_b3c38,MATR_b4c3,MATR_b1c42,MATR_b1c0,MATR_b3c25,MATR_b1c31,MATR_b3c16,MATR_b1c40,MATR_b4c30",False,False,0.95
320,MATR_b4c29,887.0,915.6034937078729,76.39646591411434,765.8691719700669,1065.3378154456789,567.0,595.6034937078729,445.8691719700669,745.3378154456789,28.60349370787287,"MATR_b2c37,MATR_b4c12,MATR_b4c17,MATR_b3c27,MATR_b4c22,MATR_b3c29,MATR_b2c27,MATR_b3c38,MATR_b4c3,MATR_b1c42,MATR_b1c0,MATR_b3c25,MATR_b1c31,MATR_b3c16,MATR_b1c40,MATR_b4c30",False,False,0.95
320,MATR_b4c33,505.0,513.6533518969075,33.11833849104649,448.74260122664975,578.5641025671652,185.0,193.65335189690745,128.74260122664975,258.56410256716515,8.653351896907452,"MATR_b2c37,MATR_b4c12,MATR_b4c17,MATR_b3c27,MATR_b4c22,MATR_b3c29,MATR_b2c27,MATR_b3c38,MATR_b4c3,MATR_b1c42,MATR_b1c0,MATR_b3c25,MATR_b1c31,MATR_b3c16,MATR_b1c40,MATR_b4c30",False,False,0.95
320,MATR_b4c37,863.0,812.7301896057545,57.43133894298626,700.1668336935888,925.2935455179202,543.0,492.7301896057545,380.16683369358884,605.2935455179202,50.269810394245496,"MATR_b2c37,MATR_b4c12,MATR_b4c17,MATR_b3c27,MATR_b4c22,MATR_b3c29,MATR_b2c27,MATR_b3c38,MATR_b4c3,MATR_b1c42,MATR_b1c0,MATR_b3c25,MATR_b1c31,MATR_b3c16,MATR_b1c40,MATR_b4c30",False,False,0.95
320,MATR_b4c4,656.0,698.5482099290842,48.70105056804401,603.0959048064541,794.0005150517144,336.0,378.54820992908424,283.0959048064541,474.0005150517144,42.54820992908424,"MATR_b2c37,MATR_b4c12,MATR_b4c17,MATR_b3c27,MATR_b4c22,MATR_b3c29,MATR_b2c27,MATR_b3c38,MATR_b4c3,MATR_b1c42,MATR_b1c0,MATR_b3c25,MATR_b1c31,MATR_b3c16,MATR_b1c40,MATR_b4c30",False,False,0.95
320,MATR_b4c9,442.0,495.5949160370047,32.15338093746004,432.57544741838626,558.6143846556231,122.0,175.59491603700468,112.57544741838626,238.6143846556231,53.59491603700468,"MATR_b2c37,MATR_b4c12,MATR_b4c17,MATR_b3c27,MATR_b4c22,MATR_b3c29,MATR_b2c27,MATR_b3c38,MATR_b4c3,MATR_b1c42,MATR_b1c0,MATR_b3c25,MATR_b1c31,MATR_b3c16,MATR_b1c40,MATR_b4c30",False,False,0.95
340,MATR_b1c1,2154.0,1784.1039434192217,199.55962111665707,1392.974273262115,2175.233613576328,1814.0,1444.1039434192217,1052.974273262115,1835.233613576328,369.89605658077835,"MATR_b3c24,MATR_b2c18,MATR_b1c24,MATR_b2c32,MATR_b1c26,MATR_b2c47,MATR_b1c16,MATR_b3c6,MATR_b2c11,MATR_b2c6,MATR_b4c39,MATR_b1c19,MATR_b2c19,MATR_b2c12,MATR_b3c26,MATR_b1c42",False,False,0.95
340,MATR_b1c20,533.0,517.3111618488067,32.67480688984995,453.2697171428996,581.3526065547138,193.0,177.3111618488067,113.2697171428996,241.35260655471382,15.688838151193295,"MATR_b3c24,MATR_b2c18,MATR_b1c24,MATR_b2c32,MATR_b1c26,MATR_b2c47,MATR_b1c16,MATR_b3c6,MATR_b2c11,MATR_b2c6,MATR_b4c39,MATR_b1c19,MATR_b2c19,MATR_b2c12,MATR_b3c26,MATR_b1c42",False,False,0.95
340,MATR_b1c21,557.0,514.9944556391495,31.72600448225082,452.81262948058156,577.1762817977174,217.0,174.99445563914946,112.81262948058156,237.17628179771737,42.005544360850536,"MATR_b3c24,MATR_b2c18,MATR_b1c24,MATR_b2c32,MATR_b1c26,MATR_b2c47,MATR_b1c16,MATR_b3c6,MATR_b2c11,MATR_b2c6,MATR_b4c39,MATR_b1c19,MATR_b2c19,MATR_b2c12,MATR_b3c26,MATR_b1c42",False,False,0.95
340,MATR_b1c28,858.0,718.0557008714696,48.69884474851174,622.6077190756791,813.5036826672601,518.0,378.05570087146964,282.60771907567914,473.50368266726014,139.94429912853036,"MATR_b3c24,MATR_b2c18,MATR_b1c24,MATR_b2c32,MATR_b1c26,MATR_b2c47,MATR_b1c16,MATR_b3c6,MATR_b2c11,MATR_b2c6,MATR_b4c39,MATR_b1c19,MATR_b2c19,MATR_b2c12,MATR_b3c26,MATR_b1c42",False,False,0.95
340,MATR_b1c39,622.0,610.6365976888562,40.35418197453975,531.5438543931829,689.7293409845296,282.0,270.6365976888562,191.54385439318287,349.7293409845296,11.363402311143773,"MATR_b3c24,MATR_b2c18,MATR_b1c24,MATR_b2c32,MATR_b1c26,MATR_b2c47,MATR_b1c16,MATR_b3c6,MATR_b2c11,MATR_b2c6,MATR_b4c39,MATR_b1c19,MATR_b2c19,MATR_b2c12,MATR_b3c26,MATR_b1c42",False,False,0.95
340,MATR_b1c7,869.0,956.0121305031555,72.37087548442771,814.1678210240445,1097.8564399822665,529.0,616.0121305031555,474.16782102404454,757.8564399822665,87.0121305031555,"MATR_b3c24,MATR_b2c18,MATR_b1c24,MATR_b2c32,MATR_b1c26,MATR_b2c47,MATR_b1c16,MATR_b3c6,MATR_b2c11,MATR_b2c6,MATR_b4c39,MATR_b1c19,MATR_b2c19,MATR_b2c12,MATR_b3c26,MATR_b1c42",False,False,0.95
340,MATR_b1c9,1052.0,960.8670745435974,72.31090827319035,819.1402986387649,1102.5938504484297,712.0,620.8670745435974,479.1402986387649,762.5938504484297,91.13292545640263,"MATR_b3c24,MATR_b2c18,MATR_b1c24,MATR_b2c32,MATR_b1c26,MATR_b2c47,MATR_b1c16,MATR_b3c6,MATR_b2c11,MATR_b2c6,MATR_b4c39,MATR_b1c19,MATR_b2c19,MATR_b2c12,MATR_b3c26,MATR_b1c42",False,False,0.95
340,MATR_b2c10,560.0,559.3168206187972,34.9575128303371,490.8013544822397,627.8322867553547,220.0,219.31682061879724,150.80135448223967,287.83228675535474,0.6831793812027627,"MATR_b3c24,MATR_b2c18,MATR_b1c24,MATR_b2c32,MATR_b1c26,MATR_b2c47,MATR_b1c16,MATR_b3c6,MATR_b2c11,MATR_b2c6,MATR_b4c39,MATR_b1c19,MATR_b2c19,MATR_b2c12,MATR_b3c26,MATR_b1c42",False,False,0.95
340,MATR_b2c21,488.0,457.9736667628464,29.136031334256288,400.8680946952736,515.0792388304192,148.0,117.97366676284639,60.86809469527361,175.07923883041917,30.026333237153608,"MATR_b3c24,MATR_b2c18,MATR_b1c24,MATR_b2c32,MATR_b1c26,MATR_b2c47,MATR_b1c16,MATR_b3c6,MATR_b2c11,MATR_b2c6,MATR_b4c39,MATR_b1c19,MATR_b2c19,MATR_b2c12,MATR_b3c26,MATR_b1c42",False,False,0.95
340,MATR_b2c23,526.0,484.2749782644885,29.881354444179998,425.70859974461985,542.8413567843571,186.0,144.27497826448848,85.70859974461985,202.84135678435712,41.72502173551152,"MATR_b3c24,MATR_b2c18,MATR_b1c24,MATR_b2c32,MATR_b1c26,MATR_b2c47,MATR_b1c16,MATR_b3c6,MATR_b2c11,MATR_b2c6,MATR_b4c39,MATR_b1c19,MATR_b2c19,MATR_b2c12,MATR_b3c26,MATR_b1c42",False,False,0.95
340,MATR_b2c25,460.0,467.8415450489769,29.39445971164996,410.22946266912936,525.4536274288245,120.0,127.84154504897691,70.22946266912936,185.45362742882446,7.841545048976911,"MATR_b3c24,MATR_b2c18,MATR_b1c24,MATR_b2c32,MATR_b1c26,MATR_b2c47,MATR_b1c16,MATR_b3c6,MATR_b2c11,MATR_b2c6,MATR_b4c39,MATR_b1c19,MATR_b2c19,MATR_b2c12,MATR_b3c26,MATR_b1c42",False,False,0.95
340,MATR_b2c29,497.0,498.47776244880725,31.09073709030164,437.5410374990124,559.4144873986021,157.0,158.47776244880725,97.54103749901242,219.4144873986021,1.4777624488072547,"MATR_b3c24,MATR_b2c18,MATR_b1c24,MATR_b2c32,MATR_b1c26,MATR_b2c47,MATR_b1c16,MATR_b3c6,MATR_b2c11,MATR_b2c6,MATR_b4c39,MATR_b1c19,MATR_b2c19,MATR_b2c12,MATR_b3c26,MATR_b1c42",False,False,0.95
340,MATR_b2c30,480.0,499.44466250491723,30.70088978384693,439.2720242352436,559.6173007745908,140.0,159.44466250491723,99.27202423524358,219.61730077459083,19.444662504917233,"MATR_b3c24,MATR_b2c18,MATR_b1c24,MATR_b2c32,MATR_b1c26,MATR_b2c47,MATR_b1c16,MATR_b3c6,MATR_b2c11,MATR_b2c6,MATR_b4c39,MATR_b1c19,MATR_b2c19,MATR_b2c12,MATR_b3c26,MATR_b1c42",False,False,0.95
340,MATR_b2c36,534.0,530.498681980852,33.57552804331955,464.6918562540311,596.3055077076729,194.0,190.49868198085198,124.69185625403111,256.30550770767286,3.501318019148016,"MATR_b3c24,MATR_b2c18,MATR_b1c24,MATR_b2c32,MATR_b1c26,MATR_b2c47,MATR_b1c16,MATR_b3c6,MATR_b2c11,MATR_b2c6,MATR_b4c39,MATR_b1c19,MATR_b2c19,MATR_b2c12,MATR_b3c26,MATR_b1c42",False,False,0.95
340,MATR_b2c40,498.0,474.2556020482121,29.676601728183606,416.0905314774331,532.420672618991,158.0,134.2556020482121,76.0905314774331,192.42067261899103,23.744397951787903,"MATR_b3c24,MATR_b2c18,MATR_b1c24,MATR_b2c32,MATR_b1c26,MATR_b2c47,MATR_b1c16,MATR_b3c6,MATR_b2c11,MATR_b2c6,MATR_b4c39,MATR_b1c19,MATR_b2c19,MATR_b2c12,MATR_b3c26,MATR_b1c42",False,False,0.95
340,MATR_b2c42,465.0,467.69640126041907,29.666487765044447,409.5511536931338,525.8416488277044,125.0,127.69640126041907,69.55115369313381,185.84164882770438,2.6964012604190657,"MATR_b3c24,MATR_b2c18,MATR_b1c24,MATR_b2c32,MATR_b1c26,MATR_b2c47,MATR_b1c16,MATR_b3c6,MATR_b2c11,MATR_b2c6,MATR_b4c39,MATR_b1c19,MATR_b2c19,MATR_b2c12,MATR_b3c26,MATR_b1c42",False,False,0.95
340,MATR_b2c46,428.0,445.78262452533596,29.14804679153236,388.6535025942443,502.91174645642764,88.0,105.78262452533596,48.65350259424429,162.91174645642764,17.78262452533596,"MATR_b3c24,MATR_b2c18,MATR_b1c24,MATR_b2c32,MATR_b1c26,MATR_b2c47,MATR_b1c16,MATR_b3c6,MATR_b2c11,MATR_b2c6,MATR_b4c39,MATR_b1c19,MATR_b2c19,MATR_b2c12,MATR_b3c26,MATR_b1c42",False,False,0.95
340,MATR_b3c19,1152.0,938.1250406325166,72.00548212640805,796.9968889753143,1079.253192289719,812.0,598.1250406325166,456.9968889753143,739.253192289719,213.87495936748337,"MATR_b3c24,MATR_b2c18,MATR_b1c24,MATR_b2c32,MATR_b1c26,MATR_b2c47,MATR_b1c16,MATR_b3c6,MATR_b2c11,MATR_b2c6,MATR_b4c39,MATR_b1c19,MATR_b2c19,MATR_b2c12,MATR_b3c26,MATR_b1c42",False,False,0.95
340,MATR_b3c20,811.0,792.4698926020575,55.59014871774345,683.5152032200549,901.4245819840601,471.0,452.4698926020575,343.5152032200549,561.4245819840601,18.530107397942515,"MATR_b3c24,MATR_b2c18,MATR_b1c24,MATR_b2c32,MATR_b1c26,MATR_b2c47,MATR_b1c16,MATR_b3c6,MATR_b2c11,MATR_b2c6,MATR_b4c39,MATR_b1c19,MATR_b2c19,MATR_b2c12,MATR_b3c26,MATR_b1c42",False,False,0.95
340,MATR_b3c3,1113.0,994.200210647023,78.32766738962503,840.6808035703256,1147.7196177237206,773.0,654.200210647023,500.68080357032557,807.7196177237206,118.79978935297697,"MATR_b3c24,MATR_b2c18,MATR_b1c24,MATR_b2c32,MATR_b1c26,MATR_b2c47,MATR_b1c16,MATR_b3c6,MATR_b2c11,MATR_b2c6,MATR_b4c39,MATR_b1c19,MATR_b2c19,MATR_b2c12,MATR_b3c26,MATR_b1c42",False,False,0.95
340,MATR_b3c30,933.0,879.6804578398813,63.82517664928768,754.5854103003707,1004.775505379392,593.0,539.6804578398813,414.58541030037065,664.775505379392,53.31954216011866,"MATR_b3c24,MATR_b2c18,MATR_b1c24,MATR_b2c32,MATR_b1c26,MATR_b2c47,MATR_b1c16,MATR_b3c6,MATR_b2c11,MATR_b2c6,MATR_b4c39,MATR_b1c19,MATR_b2c19,MATR_b2c12,MATR_b3c26,MATR_b1c42",False,False,0.95
340,MATR_b3c44,938.0,813.3743946676481,57.739061559418595,700.2079135100465,926.5408758252496,598.0,473.37439466764806,360.2079135100465,586.5408758252496,124.62560533235194,"MATR_b3c24,MATR_b2c18,MATR_b1c24,MATR_b2c32,MATR_b1c26,MATR_b2c47,MATR_b1c16,MATR_b3c6,MATR_b2c11,MATR_b2c6,MATR_b4c39,MATR_b1c19,MATR_b2c19,MATR_b2c12,MATR_b3c26,MATR_b1c42",False,False,0.95
340,MATR_b3c45,1799.0,1640.0262693130753,174.0299924841829,1298.9337518143006,1981.11878681185,1459.0,1300.0262693130753,958.9337518143006,1641.11878681185,158.97373068692468,"MATR_b3c24,MATR_b2c18,MATR_b1c24,MATR_b2c32,MATR_b1c26,MATR_b2c47,MATR_b1c16,MATR_b3c6,MATR_b2c11,MATR_b2c6,MATR_b4c39,MATR_b1c19,MATR_b2c19,MATR_b2c12,MATR_b3c26,MATR_b1c42",False,False,0.95
340,MATR_b4c10,872.0,829.0567592824386,59.81528163999114,711.8209615429361,946.2925570219412,532.0,489.05675928243863,371.82096154293606,606.2925570219412,42.943240717561366,"MATR_b3c24,MATR_b2c18,MATR_b1c24,MATR_b2c32,MATR_b1c26,MATR_b2c47,MATR_b1c16,MATR_b3c6,MATR_b2c11,MATR_b2c6,MATR_b4c39,MATR_b1c19,MATR_b2c19,MATR_b2c12,MATR_b3c26,MATR_b1c42",False,False,0.95
340,MATR_b4c13,771.0,704.6322055328665,47.25781004311516,612.0085998601255,797.2558112056074,431.0,364.63220553286646,272.0085998601255,457.2558112056074,66.36779446713354,"MATR_b3c24,MATR_b2c18,MATR_b1c24,MATR_b2c32,MATR_b1c26,MATR_b2c47,MATR_b1c16,MATR_b3c6,MATR_b2c11,MATR_b2c6,MATR_b4c39,MATR_b1c19,MATR_b2c19,MATR_b2c12,MATR_b3c26,MATR_b1c42",False,False,0.95
340,MATR_b4c16,909.0,1018.982778708983,77.03068003802854,868.0054201298186,1169.9601372881475,569.0,678.982778708983,528.0054201298186,829.9601372881475,109.982778708983,"MATR_b3c24,MATR_b2c18,MATR_b1c24,MATR_b2c32,MATR_b1c26,MATR_b2c47,MATR_b1c16,MATR_b3c6,MATR_b2c11,MATR_b2c6,MATR_b4c39,MATR_b1c19,MATR_b2c19,MATR_b2c12,MATR_b3c26,MATR_b1c42",False,False,0.95
340,MATR_b4c18,906.0,888.4706098259264,67.44264729878162,756.2854500982769,1020.655769553576,566.0,548.4706098259264,416.2854500982769,680.655769553576,17.52939017407357,"MATR_b3c24,MATR_b2c18,MATR_b1c24,MATR_b2c32,MATR_b1c26,MATR_b2c47,MATR_b1c16,MATR_b3c6,MATR_b2c11,MATR_b2c6,MATR_b4c39,MATR_b1c19,MATR_b2c19,MATR_b2c12,MATR_b3c26,MATR_b1c42",False,False,0.95
340,MATR_b4c25,453.0,484.8081390904566,30.98953918383438,424.06975839264845,545.5465197882647,113.0,144.80813909045662,84.06975839264845,205.54651978826473,31.80813909045662,"MATR_b3c24,MATR_b2c18,MATR_b1c24,MATR_b2c32,MATR_b1c26,MATR_b2c47,MATR_b1c16,MATR_b3c6,MATR_b2c11,MATR_b2c6,MATR_b4c39,MATR_b1c19,MATR_b2c19,MATR_b2c12,MATR_b3c26,MATR_b1c42",False,False,0.95
340,MATR_b4c29,887.0,885.2006787779247,70.00204977372813,747.9991823774374,1022.4021751784121,547.0,545.2006787779247,407.99918237743736,682.4021751784121,1.799321222075264,"MATR_b3c24,MATR_b2c18,MATR_b1c24,MATR_b2c32,MATR_b1c26,MATR_b2c47,MATR_b1c16,MATR_b3c6,MATR_b2c11,MATR_b2c6,MATR_b4c39,MATR_b1c19,MATR_b2c19,MATR_b2c12,MATR_b3c26,MATR_b1c42",False,False,0.95
340,MATR_b4c33,505.0,517.1603027861574,31.771221624326213,454.8898526576379,579.430752914677,165.0,177.16030278615744,114.8898526576379,239.430752914677,12.160302786157445,"MATR_b3c24,MATR_b2c18,MATR_b1c24,MATR_b2c32,MATR_b1c26,MATR_b2c47,MATR_b1c16,MATR_b3c6,MATR_b2c11,MATR_b2c6,MATR_b4c39,MATR_b1c19,MATR_b2c19,MATR_b2c12,MATR_b3c26,MATR_b1c42",False,False,0.95
340,MATR_b4c37,863.0,820.1362394770314,55.67788508172268,711.009589981495,929.2628889725678,523.0,480.1362394770314,371.00958998149497,589.2628889725678,42.86376052296862,"MATR_b3c24,MATR_b2c18,MATR_b1c24,MATR_b2c32,MATR_b1c26,MATR_b2c47,MATR_b1c16,MATR_b3c6,MATR_b2c11,MATR_b2c6,MATR_b4c39,MATR_b1c19,MATR_b2c19,MATR_b2c12,MATR_b3c26,MATR_b1c42",False,False,0.95
340,MATR_b4c4,656.0,702.2778493076311,46.8719988252371,610.4104197267627,794.1452788884994,316.0,362.2778493076311,270.4104197267627,454.14527888849943,46.27784930763107,"MATR_b3c24,MATR_b2c18,MATR_b1c24,MATR_b2c32,MATR_b1c26,MATR_b2c47,MATR_b1c16,MATR_b3c6,MATR_b2c11,MATR_b2c6,MATR_b4c39,MATR_b1c19,MATR_b2c19,MATR_b2c12,MATR_b3c26,MATR_b1c42",False,False,0.95
340,MATR_b4c9,442.0,495.0569896048455,30.624219209243382,435.0346229000688,555.0793563096222,102.0,155.0569896048455,95.03462290006883,215.0793563096222,53.05698960484551,"MATR_b3c24,MATR_b2c18,MATR_b1c24,MATR_b2c32,MATR_b1c26,MATR_b2c47,MATR_b1c16,MATR_b3c6,MATR_b2c11,MATR_b2c6,MATR_b4c39,MATR_b1c19,MATR_b2c19,MATR_b2c12,MATR_b3c26,MATR_b1c42",False,False,0.95
360,MATR_b1c1,2154.0,1784.3310349142384,200.16167603212622,1392.021358806097,2176.64071102238,1794.0,1424.3310349142384,1032.021358806097,1816.64071102238,369.66896508576156,"MATR_b3c21,MATR_b2c37,MATR_b4c31,MATR_b3c41,MATR_b2c38,MATR_b3c36,MATR_b3c27,MATR_b3c29,MATR_b1c6,MATR_b2c32,MATR_b4c43,MATR_b2c47,MATR_b4c39,MATR_b1c19,MATR_b4c44,MATR_b1c38",False,False,0.95
360,MATR_b1c20,533.0,511.5392875505044,33.347415655309696,446.17955388861026,576.8990212123986,173.0,151.5392875505044,86.17955388861026,216.89902121239857,21.46071244949559,"MATR_b3c21,MATR_b2c37,MATR_b4c31,MATR_b3c41,MATR_b2c38,MATR_b3c36,MATR_b3c27,MATR_b3c29,MATR_b1c6,MATR_b2c32,MATR_b4c43,MATR_b2c47,MATR_b4c39,MATR_b1c19,MATR_b4c44,MATR_b1c38",False,False,0.95
360,MATR_b1c21,557.0,505.7277171339659,31.996344716785977,443.01603385213696,568.4394004157948,197.0,145.72771713396588,83.01603385213696,208.4394004157948,51.27228286603412,"MATR_b3c21,MATR_b2c37,MATR_b4c31,MATR_b3c41,MATR_b2c38,MATR_b3c36,MATR_b3c27,MATR_b3c29,MATR_b1c6,MATR_b2c32,MATR_b4c43,MATR_b2c47,MATR_b4c39,MATR_b1c19,MATR_b4c44,MATR_b1c38",False,False,0.95
360,MATR_b1c28,858.0,713.1177040564663,49.3078754063765,616.4760441057801,809.7593640071525,498.0,353.1177040564663,256.47604410578015,449.7593640071525,144.88229594353368,"MATR_b3c21,MATR_b2c37,MATR_b4c31,MATR_b3c41,MATR_b2c38,MATR_b3c36,MATR_b3c27,MATR_b3c29,MATR_b1c6,MATR_b2c32,MATR_b4c43,MATR_b2c47,MATR_b4c39,MATR_b1c19,MATR_b4c44,MATR_b1c38",False,False,0.95
360,MATR_b1c39,622.0,592.9393809648836,40.100491144967336,514.3438625583804,671.5348993713869,262.0,232.93938096488364,154.34386255838035,311.5348993713869,29.06061903511636,"MATR_b3c21,MATR_b2c37,MATR_b4c31,MATR_b3c41,MATR_b2c38,MATR_b3c36,MATR_b3c27,MATR_b3c29,MATR_b1c6,MATR_b2c32,MATR_b4c43,MATR_b2c47,MATR_b4c39,MATR_b1c19,MATR_b4c44,MATR_b1c38",False,False,0.95
360,MATR_b1c7,869.0,921.2927382654966,69.61959261020738,784.8408441311393,1057.744632399854,509.0,561.2927382654966,424.8408441311393,697.744632399854,52.29273826549661,"MATR_b3c21,MATR_b2c37,MATR_b4c31,MATR_b3c41,MATR_b2c38,MATR_b3c36,MATR_b3c27,MATR_b3c29,MATR_b1c6,MATR_b2c32,MATR_b4c43,MATR_b2c47,MATR_b4c39,MATR_b1c19,MATR_b4c44,MATR_b1c38",False,False,0.95
360,MATR_b1c9,1052.0,967.9044935526487,73.72554221095609,823.4050860784872,1112.40390102681,692.0,607.9044935526487,463.4050860784872,752.40390102681,84.09550644735134,"MATR_b3c21,MATR_b2c37,MATR_b4c31,MATR_b3c41,MATR_b2c38,MATR_b3c36,MATR_b3c27,MATR_b3c29,MATR_b1c6,MATR_b2c32,MATR_b4c43,MATR_b2c47,MATR_b4c39,MATR_b1c19,MATR_b4c44,MATR_b1c38",False,False,0.95
360,MATR_b2c10,560.0,541.0056349638778,34.60965595343259,473.1719557778277,608.839314149928,200.0,181.0056349638778,113.17195577782769,248.839314149928,18.99436503612219,"MATR_b3c21,MATR_b2c37,MATR_b4c31,MATR_b3c41,MATR_b2c38,MATR_b3c36,MATR_b3c27,MATR_b3c29,MATR_b1c6,MATR_b2c32,MATR_b4c43,MATR_b2c47,MATR_b4c39,MATR_b1c19,MATR_b4c44,MATR_b1c38",False,False,0.95
360,MATR_b2c21,488.0,451.7813485850078,29.720392210072276,393.53045024686134,510.0322469231542,128.0,91.78134858500778,33.530450246861335,150.03224692315422,36.21865141499222,"MATR_b3c21,MATR_b2c37,MATR_b4c31,MATR_b3c41,MATR_b2c38,MATR_b3c36,MATR_b3c27,MATR_b3c29,MATR_b1c6,MATR_b2c32,MATR_b4c43,MATR_b2c47,MATR_b4c39,MATR_b1c19,MATR_b4c44,MATR_b1c38",False,False,0.95
360,MATR_b2c23,526.0,480.5037606985937,30.450594017018414,420.82169311738676,540.1858282798006,166.0,120.50376069859368,60.82169311738676,180.1858282798006,45.49623930140632,"MATR_b3c21,MATR_b2c37,MATR_b4c31,MATR_b3c41,MATR_b2c38,MATR_b3c36,MATR_b3c27,MATR_b3c29,MATR_b1c6,MATR_b2c32,MATR_b4c43,MATR_b2c47,MATR_b4c39,MATR_b1c19,MATR_b4c44,MATR_b1c38",False,False,0.95
360,MATR_b2c25,460.0,464.09308497931323,30.097848508763036,405.1023858899951,523.0837840686313,100.0,104.09308497931323,45.102385889995105,163.0837840686313,4.0930849793132325,"MATR_b3c21,MATR_b2c37,MATR_b4c31,MATR_b3c41,MATR_b2c38,MATR_b3c36,MATR_b3c27,MATR_b3c29,MATR_b1c6,MATR_b2c32,MATR_b4c43,MATR_b2c47,MATR_b4c39,MATR_b1c19,MATR_b4c44,MATR_b1c38",False,False,0.95
360,MATR_b2c29,497.0,490.3950871485193,31.52450437881326,428.60819393557006,552.1819803614685,137.0,130.39508714851928,68.60819393557006,192.1819803614685,6.604912851480719,"MATR_b3c21,MATR_b2c37,MATR_b4c31,MATR_b3c41,MATR_b2c38,MATR_b3c36,MATR_b3c27,MATR_b3c29,MATR_b1c6,MATR_b2c32,MATR_b4c43,MATR_b2c47,MATR_b4c39,MATR_b1c19,MATR_b4c44,MATR_b1c38",False,False,0.95
360,MATR_b2c30,480.0,488.70295161691496,31.042757277970562,427.860265371274,549.5456378625559,120.0,128.70295161691496,67.86026537127401,189.54563786255585,8.702951616914959,"MATR_b3c21,MATR_b2c37,MATR_b4c31,MATR_b3c41,MATR_b2c38,MATR_b3c36,MATR_b3c27,MATR_b3c29,MATR_b1c6,MATR_b2c32,MATR_b4c43,MATR_b2c47,MATR_b4c39,MATR_b1c19,MATR_b4c44,MATR_b1c38",False,False,0.95
360,MATR_b2c36,534.0,504.1383011358056,32.75874026555534,439.9323500364151,568.3442522351961,174.0,144.1383011358056,79.93235003641507,208.3442522351961,29.86169886419441,"MATR_b3c21,MATR_b2c37,MATR_b4c31,MATR_b3c41,MATR_b2c38,MATR_b3c36,MATR_b3c27,MATR_b3c29,MATR_b1c6,MATR_b2c32,MATR_b4c43,MATR_b2c47,MATR_b4c39,MATR_b1c19,MATR_b4c44,MATR_b1c38",False,False,0.95
360,MATR_b2c40,498.0,466.21132786447805,30.162922343301133,407.09308640312935,525.3295693258267,138.0,106.21132786447805,47.09308640312935,165.3295693258267,31.78867213552195,"MATR_b3c21,MATR_b2c37,MATR_b4c31,MATR_b3c41,MATR_b2c38,MATR_b3c36,MATR_b3c27,MATR_b3c29,MATR_b1c6,MATR_b2c32,MATR_b4c43,MATR_b2c47,MATR_b4c39,MATR_b1c19,MATR_b4c44,MATR_b1c38",False,False,0.95
360,MATR_b2c42,465.0,460.96135651085206,30.232491992013124,401.70676104361075,520.2159519780934,105.0,100.96135651085206,41.706761043610754,160.21595197809336,4.038643489147944,"MATR_b3c21,MATR_b2c37,MATR_b4c31,MATR_b3c41,MATR_b2c38,MATR_b3c36,MATR_b3c27,MATR_b3c29,MATR_b1c6,MATR_b2c32,MATR_b4c43,MATR_b2c47,MATR_b4c39,MATR_b1c19,MATR_b4c44,MATR_b1c38",False,False,0.95
360,MATR_b2c46,428.0,440.2658137583894,29.822710292994767,381.8143756627477,498.71725185403113,68.0,80.26581375838941,21.814375662747693,138.71725185403113,12.265813758389413,"MATR_b3c21,MATR_b2c37,MATR_b4c31,MATR_b3c41,MATR_b2c38,MATR_b3c36,MATR_b3c27,MATR_b3c29,MATR_b1c6,MATR_b2c32,MATR_b4c43,MATR_b2c47,MATR_b4c39,MATR_b1c19,MATR_b4c44,MATR_b1c38",False,False,0.95
360,MATR_b3c19,1152.0,878.5337165834711,70.47129795000002,740.4125106576798,1016.6549225092624,792.0,518.5337165834711,380.41251065767983,656.6549225092624,273.4662834165289,"MATR_b3c21,MATR_b2c37,MATR_b4c31,MATR_b3c41,MATR_b2c38,MATR_b3c36,MATR_b3c27,MATR_b3c29,MATR_b1c6,MATR_b2c32,MATR_b4c43,MATR_b2c47,MATR_b4c39,MATR_b1c19,MATR_b4c44,MATR_b1c38",False,False,0.95
360,MATR_b3c20,811.0,762.9400944229213,53.39911378801373,658.2797545920582,867.6004342537844,451.0,402.94009442292133,298.2797545920582,507.60043425378444,48.059905577078666,"MATR_b3c21,MATR_b2c37,MATR_b4c31,MATR_b3c41,MATR_b2c38,MATR_b3c36,MATR_b3c27,MATR_b3c29,MATR_b1c6,MATR_b2c32,MATR_b4c43,MATR_b2c47,MATR_b4c39,MATR_b1c19,MATR_b4c44,MATR_b1c38",False,False,0.95
360,MATR_b3c3,1113.0,937.3707971193377,73.15700193902615,793.9857081019195,1080.7558861367559,753.0,577.3707971193377,433.9857081019195,720.7558861367559,175.62920288066232,"MATR_b3c21,MATR_b2c37,MATR_b4c31,MATR_b3c41,MATR_b2c38,MATR_b3c36,MATR_b3c27,MATR_b3c29,MATR_b1c6,MATR_b2c32,MATR_b4c43,MATR_b2c47,MATR_b4c39,MATR_b1c19,MATR_b4c44,MATR_b1c38",False,False,0.95
360,MATR_b3c30,933.0,797.5526358019773,58.35284487345758,683.1831614545478,911.9221101494069,573.0,437.5526358019773,323.18316145454776,551.9221101494069,135.44736419802268,"MATR_b3c21,MATR_b2c37,MATR_b4c31,MATR_b3c41,MATR_b2c38,MATR_b3c36,MATR_b3c27,MATR_b3c29,MATR_b1c6,MATR_b2c32,MATR_b4c43,MATR_b2c47,MATR_b4c39,MATR_b1c19,MATR_b4c44,MATR_b1c38",False,False,0.95
360,MATR_b3c44,938.0,706.7848004959918,49.81810175255022,609.1431152828417,804.426485709142,578.0,346.7848004959918,249.14311528284168,444.42648570914196,231.21519950400818,"MATR_b3c21,MATR_b2c37,MATR_b4c31,MATR_b3c41,MATR_b2c38,MATR_b3c36,MATR_b3c27,MATR_b3c29,MATR_b1c6,MATR_b2c32,MATR_b4c43,MATR_b2c47,MATR_b4c39,MATR_b1c19,MATR_b4c44,MATR_b1c38",False,False,0.95
360,MATR_b3c45,1799.0,1364.8785050657377,132.2910781607229,1105.5927563947475,1624.164253736728,1439.0,1004.8785050657377,745.5927563947475,1264.164253736728,434.1214949342623,"MATR_b3c21,MATR_b2c37,MATR_b4c31,MATR_b3c41,MATR_b2c38,MATR_b3c36,MATR_b3c27,MATR_b3c29,MATR_b1c6,MATR_b2c32,MATR_b4c43,MATR_b2c47,MATR_b4c39,MATR_b1c19,MATR_b4c44,MATR_b1c38",False,False,0.95
360,MATR_b4c10,872.0,772.7527387289634,54.781001449905105,665.383948850113,880.1215286078138,512.0,412.75273872896344,305.38394885011303,520.1215286078138,99.24726127103656,"MATR_b3c21,MATR_b2c37,MATR_b4c31,MATR_b3c41,MATR_b2c38,MATR_b3c36,MATR_b3c27,MATR_b3c29,MATR_b1c6,MATR_b2c32,MATR_b4c43,MATR_b2c47,MATR_b4c39,MATR_b1c19,MATR_b4c44,MATR_b1c38",False,False,0.95
360,MATR_b4c13,771.0,640.4273516570029,43.31438315350138,555.5327206635717,725.321982650434,411.0,280.4273516570029,195.5327206635717,365.32198265043405,130.57264834299713,"MATR_b3c21,MATR_b2c37,MATR_b4c31,MATR_b3c41,MATR_b2c38,MATR_b3c36,MATR_b3c27,MATR_b3c29,MATR_b1c6,MATR_b2c32,MATR_b4c43,MATR_b2c47,MATR_b4c39,MATR_b1c19,MATR_b4c44,MATR_b1c38",False,False,0.95
360,MATR_b4c16,909.0,998.5024307027487,75.69214903246225,850.1485446866844,1146.856316718813,549.0,638.5024307027487,490.14854468668443,786.8563167188131,89.50243070274871,"MATR_b3c21,MATR_b2c37,MATR_b4c31,MATR_b3c41,MATR_b2c38,MATR_b3c36,MATR_b3c27,MATR_b3c29,MATR_b1c6,MATR_b2c32,MATR_b4c43,MATR_b2c47,MATR_b4c39,MATR_b1c19,MATR_b4c44,MATR_b1c38",False,False,0.95
360,MATR_b4c18,906.0,884.5500699327121,66.05911066808139,755.076592172527,1014.0235476928972,546.0,524.5500699327121,395.07659217252694,654.0235476928972,21.449930067287937,"MATR_b3c21,MATR_b2c37,MATR_b4c31,MATR_b3c41,MATR_b2c38,MATR_b3c36,MATR_b3c27,MATR_b3c29,MATR_b1c6,MATR_b2c32,MATR_b4c43,MATR_b2c47,MATR_b4c39,MATR_b1c19,MATR_b4c44,MATR_b1c38",False,False,0.95
360,MATR_b4c25,453.0,482.7565456252101,31.573496450792707,420.8736297156532,544.639461534767,93.0,122.7565456252101,60.87362971565318,184.63946153476695,29.756545625210094,"MATR_b3c21,MATR_b2c37,MATR_b4c31,MATR_b3c41,MATR_b2c38,MATR_b3c36,MATR_b3c27,MATR_b3c29,MATR_b1c6,MATR_b2c32,MATR_b4c43,MATR_b2c47,MATR_b4c39,MATR_b1c19,MATR_b4c44,MATR_b1c38",False,False,0.95
360,MATR_b4c29,887.0,801.3911769980414,61.448900362242306,680.9535453984562,921.8288085976266,527.0,441.3911769980414,320.9535453984562,561.8288085976266,85.60882300195863,"MATR_b3c21,MATR_b2c37,MATR_b4c31,MATR_b3c41,MATR_b2c38,MATR_b3c36,MATR_b3c27,MATR_b3c29,MATR_b1c6,MATR_b2c32,MATR_b4c43,MATR_b2c47,MATR_b4c39,MATR_b1c19,MATR_b4c44,MATR_b1c38",False,False,0.95
360,MATR_b4c33,505.0,516.9110408623387,32.57515219372082,453.064915771735,580.7571659529424,145.0,156.91104086233872,93.064915771735,220.7571659529424,11.911040862338723,"MATR_b3c21,MATR_b2c37,MATR_b4c31,MATR_b3c41,MATR_b2c38,MATR_b3c36,MATR_b3c27,MATR_b3c29,MATR_b1c6,MATR_b2c32,MATR_b4c43,MATR_b2c47,MATR_b4c39,MATR_b1c19,MATR_b4c44,MATR_b1c38",False,False,0.95
360,MATR_b4c37,863.0,772.1826919384097,53.10824777681332,668.0924390138262,876.2729448629932,503.0,412.1826919384097,308.09243901382615,516.2729448629932,90.81730806159032,"MATR_b3c21,MATR_b2c37,MATR_b4c31,MATR_b3c41,MATR_b2c38,MATR_b3c36,MATR_b3c27,MATR_b3c29,MATR_b1c6,MATR_b2c32,MATR_b4c43,MATR_b2c47,MATR_b4c39,MATR_b1c19,MATR_b4c44,MATR_b1c38",False,False,0.95
360,MATR_b4c4,656.0,667.0230947411441,45.12219686871775,578.5852139751313,755.4609755071568,296.0,307.02309474114406,218.5852139751313,395.46097550715683,11.023094741144064,"MATR_b3c21,MATR_b2c37,MATR_b4c31,MATR_b3c41,MATR_b2c38,MATR_b3c36,MATR_b3c27,MATR_b3c29,MATR_b1c6,MATR_b2c32,MATR_b4c43,MATR_b2c47,MATR_b4c39,MATR_b1c19,MATR_b4c44,MATR_b1c38",False,False,0.95
360,MATR_b4c9,442.0,489.53689816697033,31.10215684680383,428.577790905719,550.4960054282217,82.0,129.53689816697033,68.57779090571898,190.49600542822168,47.53689816697033,"MATR_b3c21,MATR_b2c37,MATR_b4c31,MATR_b3c41,MATR_b2c38,MATR_b3c36,MATR_b3c27,MATR_b3c29,MATR_b1c6,MATR_b2c32,MATR_b4c43,MATR_b2c47,MATR_b4c39,MATR_b1c19,MATR_b4c44,MATR_b1c38",False,False,0.95
380,MATR_b1c1,2154.0,1777.8973974895662,198.10213988989463,1389.6243380450571,2166.170456934075,1774.0,1397.8973974895662,1009.6243380450571,1786.170456934075,376.1026025104338,"MATR_b2c6,MATR_b4c23,MATR_b2c22,MATR_b3c0,MATR_b4c14,MATR_b3c21,MATR_b3c1,MATR_b4c15,MATR_b1c0,MATR_b2c18,MATR_b4c40,MATR_b4c39,MATR_b2c12,MATR_b3c40,MATR_b4c24,MATR_b2c19",False,False,0.95
380,MATR_b1c20,533.0,502.5649258918174,33.572398455920535,436.764234043585,568.3656177400497,153.0,122.56492589181738,56.76423404358502,188.36561774004974,30.43507410818262,"MATR_b2c6,MATR_b4c23,MATR_b2c22,MATR_b3c0,MATR_b4c14,MATR_b3c21,MATR_b3c1,MATR_b4c15,MATR_b1c0,MATR_b2c18,MATR_b4c40,MATR_b4c39,MATR_b2c12,MATR_b3c40,MATR_b4c24,MATR_b2c19",False,False,0.95
380,MATR_b1c21,557.0,499.4015648489286,32.051324013210156,436.58212412621293,562.2210055716442,177.0,119.40156484892861,56.58212412621293,182.22100557164424,57.598435151071385,"MATR_b2c6,MATR_b4c23,MATR_b2c22,MATR_b3c0,MATR_b4c14,MATR_b3c21,MATR_b3c1,MATR_b4c15,MATR_b1c0,MATR_b2c18,MATR_b4c40,MATR_b4c39,MATR_b2c12,MATR_b3c40,MATR_b4c24,MATR_b2c19",False,False,0.95
380,MATR_b1c28,858.0,676.4082395668172,47.12929407615872,584.0365205607492,768.7799585728852,478.0,296.4082395668172,204.03652056074918,388.7799585728852,181.5917604331828,"MATR_b2c6,MATR_b4c23,MATR_b2c22,MATR_b3c0,MATR_b4c14,MATR_b3c21,MATR_b3c1,MATR_b4c15,MATR_b1c0,MATR_b2c18,MATR_b4c40,MATR_b4c39,MATR_b2c12,MATR_b3c40,MATR_b4c24,MATR_b2c19",False,False,0.95
380,MATR_b1c39,622.0,566.3162011117656,38.45330943842969,490.9490995260693,641.683302697462,242.0,186.31620111176562,110.94909952606929,261.68330269746195,55.68379888823438,"MATR_b2c6,MATR_b4c23,MATR_b2c22,MATR_b3c0,MATR_b4c14,MATR_b3c21,MATR_b3c1,MATR_b4c15,MATR_b1c0,MATR_b2c18,MATR_b4c40,MATR_b4c39,MATR_b2c12,MATR_b3c40,MATR_b4c24,MATR_b2c19",False,False,0.95
380,MATR_b1c7,869.0,900.5917133392454,68.82144422332446,765.7041612974973,1035.4792653809934,489.0,520.5917133392454,385.7041612974973,655.4792653809934,31.591713339245416,"MATR_b2c6,MATR_b4c23,MATR_b2c22,MATR_b3c0,MATR_b4c14,MATR_b3c21,MATR_b3c1,MATR_b4c15,MATR_b1c0,MATR_b2c18,MATR_b4c40,MATR_b4c39,MATR_b2c12,MATR_b3c40,MATR_b4c24,MATR_b2c19",False,False,0.95
380,MATR_b1c9,1052.0,932.5384033748578,71.11284178343632,793.1597946410275,1071.9170121086881,672.0,552.5384033748578,413.1597946410275,691.9170121086881,119.46159662514219,"MATR_b2c6,MATR_b4c23,MATR_b2c22,MATR_b3c0,MATR_b4c14,MATR_b3c21,MATR_b3c1,MATR_b4c15,MATR_b1c0,MATR_b2c18,MATR_b4c40,MATR_b4c39,MATR_b2c12,MATR_b3c40,MATR_b4c24,MATR_b2c19",False,False,0.95
380,MATR_b2c10,560.0,528.1347513765118,34.17787001749497,461.14735707393027,595.1221456790933,180.0,148.13475137651176,81.14735707393027,215.12214567909325,31.86524862348824,"MATR_b2c6,MATR_b4c23,MATR_b2c22,MATR_b3c0,MATR_b4c14,MATR_b3c21,MATR_b3c1,MATR_b4c15,MATR_b1c0,MATR_b2c18,MATR_b4c40,MATR_b4c39,MATR_b2c12,MATR_b3c40,MATR_b4c24,MATR_b2c19",False,False,0.95
380,MATR_b2c21,488.0,447.8842568555885,30.16458210379068,388.7627623234573,507.00575138771967,108.0,67.88425685558849,8.76276232345731,127.00575138771967,40.11574314441151,"MATR_b2c6,MATR_b4c23,MATR_b2c22,MATR_b3c0,MATR_b4c14,MATR_b3c21,MATR_b3c1,MATR_b4c15,MATR_b1c0,MATR_b2c18,MATR_b4c40,MATR_b4c39,MATR_b2c12,MATR_b3c40,MATR_b4c24,MATR_b2c19",False,False,0.95
380,MATR_b2c23,526.0,474.9230286486063,30.61196633499221,414.924677136069,534.9213801611436,146.0,94.9230286486063,34.92467713606902,154.9213801611436,51.076971351393695,"MATR_b2c6,MATR_b4c23,MATR_b2c22,MATR_b3c0,MATR_b4c14,MATR_b3c21,MATR_b3c1,MATR_b4c15,MATR_b1c0,MATR_b2c18,MATR_b4c40,MATR_b4c39,MATR_b2c12,MATR_b3c40,MATR_b4c24,MATR_b2c19",False,False,0.95
380,MATR_b2c25,460.0,461.3775182514921,30.566017516966287,401.4692247674178,521.2858117355664,80.0,81.37751825149212,21.469224767417813,141.28581173556643,1.3775182514921198,"MATR_b2c6,MATR_b4c23,MATR_b2c22,MATR_b3c0,MATR_b4c14,MATR_b3c21,MATR_b3c1,MATR_b4c15,MATR_b1c0,MATR_b2c18,MATR_b4c40,MATR_b4c39,MATR_b2c12,MATR_b3c40,MATR_b4c24,MATR_b2c19",False,False,0.95
380,MATR_b2c29,497.0,485.045003531503,31.74302727936531,422.8298133036746,547.2601937593315,117.0,105.04500353150303,42.8298133036746,167.26019375933151,11.954996468496972,"MATR_b2c6,MATR_b4c23,MATR_b2c22,MATR_b3c0,MATR_b4c14,MATR_b3c21,MATR_b3c1,MATR_b4c15,MATR_b1c0,MATR_b2c18,MATR_b4c40,MATR_b4c39,MATR_b2c12,MATR_b3c40,MATR_b4c24,MATR_b2c19",False,False,0.95
380,MATR_b2c30,480.0,479.36778522283606,31.103926682436377,418.40520914748635,540.3303612981857,100.0,99.36778522283606,38.405209147486346,160.33036129818572,0.6322147771639379,"MATR_b2c6,MATR_b4c23,MATR_b2c22,MATR_b3c0,MATR_b4c14,MATR_b3c21,MATR_b3c1,MATR_b4c15,MATR_b1c0,MATR_b2c18,MATR_b4c40,MATR_b4c39,MATR_b2c12,MATR_b3c40,MATR_b4c24,MATR_b2c19",False,False,0.95
380,MATR_b2c36,534.0,494.3480538838597,32.57161899746414,430.50885373066933,558.18725403705,154.0,114.34805388385968,50.50885373066933,178.18725403705002,39.65194611614032,"MATR_b2c6,MATR_b4c23,MATR_b2c22,MATR_b3c0,MATR_b4c14,MATR_b3c21,MATR_b3c1,MATR_b4c15,MATR_b1c0,MATR_b2c18,MATR_b4c40,MATR_b4c39,MATR_b2c12,MATR_b3c40,MATR_b4c24,MATR_b2c19",False,False,0.95
380,MATR_b2c40,498.0,460.2742458848861,30.473090354576975,400.54808629228035,520.0004054774919,118.0,80.27424588488611,20.548086292280345,140.00040547749188,37.72575411511389,"MATR_b2c6,MATR_b4c23,MATR_b2c22,MATR_b3c0,MATR_b4c14,MATR_b3c21,MATR_b3c1,MATR_b4c15,MATR_b1c0,MATR_b2c18,MATR_b4c40,MATR_b4c39,MATR_b2c12,MATR_b3c40,MATR_b4c24,MATR_b2c19",False,False,0.95
380,MATR_b2c42,465.0,454.26823528241493,30.552268915772004,394.3868885615192,514.1495820033107,85.0,74.26823528241493,14.386888561519186,134.14958200331068,10.731764717585065,"MATR_b2c6,MATR_b4c23,MATR_b2c22,MATR_b3c0,MATR_b4c14,MATR_b3c21,MATR_b3c1,MATR_b4c15,MATR_b1c0,MATR_b2c18,MATR_b4c40,MATR_b4c39,MATR_b2c12,MATR_b3c40,MATR_b4c24,MATR_b2c19",False,False,0.95
380,MATR_b2c46,428.0,435.9467586807931,30.290674259264982,376.5781280651993,495.3153892963869,48.0,55.946758680793096,-3.42187193480072,115.31538929638691,7.946758680793096,"MATR_b2c6,MATR_b4c23,MATR_b2c22,MATR_b3c0,MATR_b4c14,MATR_b3c21,MATR_b3c1,MATR_b4c15,MATR_b1c0,MATR_b2c18,MATR_b4c40,MATR_b4c39,MATR_b2c12,MATR_b3c40,MATR_b4c24,MATR_b2c19",False,False,0.95
380,MATR_b3c19,1152.0,797.1606783172605,63.17869454276934,673.3327124231753,920.9886442113457,772.0,417.1606783172605,293.3327124231753,540.9886442113457,354.8393216827395,"MATR_b2c6,MATR_b4c23,MATR_b2c22,MATR_b3c0,MATR_b4c14,MATR_b3c21,MATR_b3c1,MATR_b4c15,MATR_b1c0,MATR_b2c18,MATR_b4c40,MATR_b4c39,MATR_b2c12,MATR_b3c40,MATR_b4c24,MATR_b2c19",False,False,0.95
380,MATR_b3c20,811.0,725.3246920813588,50.53641328571624,626.2751421335234,824.3742420291941,431.0,345.32469208135876,246.27514213352345,444.3742420291941,85.67530791864124,"MATR_b2c6,MATR_b4c23,MATR_b2c22,MATR_b3c0,MATR_b4c14,MATR_b3c21,MATR_b3c1,MATR_b4c15,MATR_b1c0,MATR_b2c18,MATR_b4c40,MATR_b4c39,MATR_b2c12,MATR_b3c40,MATR_b4c24,MATR_b2c19",False,False,0.95
380,MATR_b3c3,1113.0,856.9252105949685,64.73918020334591,730.038749007762,983.8116721821749,733.0,476.92521059496846,350.038749007762,603.8116721821749,256.07478940503154,"MATR_b2c6,MATR_b4c23,MATR_b2c22,MATR_b3c0,MATR_b4c14,MATR_b3c21,MATR_b3c1,MATR_b4c15,MATR_b1c0,MATR_b2c18,MATR_b4c40,MATR_b4c39,MATR_b2c12,MATR_b3c40,MATR_b4c24,MATR_b2c19",False,False,0.95
380,MATR_b3c30,933.0,740.1608486384982,54.60678055690626,633.1335254352799,847.1881718417166,553.0,360.16084863849824,253.13352543527992,467.18817184171655,192.83915136150176,"MATR_b2c6,MATR_b4c23,MATR_b2c22,MATR_b3c0,MATR_b4c14,MATR_b3c21,MATR_b3c1,MATR_b4c15,MATR_b1c0,MATR_b2c18,MATR_b4c40,MATR_b4c39,MATR_b2c12,MATR_b3c40,MATR_b4c24,MATR_b2c19",False,False,0.95
380,MATR_b3c44,938.0,658.4120932878354,46.39555475628363,567.4784769227635,749.3457096529073,558.0,278.41209328783543,187.47847692276355,369.3457096529073,279.58790671216457,"MATR_b2c6,MATR_b4c23,MATR_b2c22,MATR_b3c0,MATR_b4c14,MATR_b3c21,MATR_b3c1,MATR_b4c15,MATR_b1c0,MATR_b2c18,MATR_b4c40,MATR_b4c39,MATR_b2c12,MATR_b3c40,MATR_b4c24,MATR_b2c19",False,False,0.95
380,MATR_b3c45,1799.0,1146.6259663315827,101.57520089073888,947.5422308633138,1345.7097017998517,1419.0,766.6259663315827,567.5422308633138,965.7097017998517,652.3740336684173,"MATR_b2c6,MATR_b4c23,MATR_b2c22,MATR_b3c0,MATR_b4c14,MATR_b3c21,MATR_b3c1,MATR_b4c15,MATR_b1c0,MATR_b2c18,MATR_b4c40,MATR_b4c39,MATR_b2c12,MATR_b3c40,MATR_b4c24,MATR_b2c19",False,False,0.95
380,MATR_b4c10,872.0,715.70458215044,49.9419384467611,617.820181476672,813.5889828242081,492.0,335.70458215044005,237.82018147667202,433.5889828242081,156.29541784955995,"MATR_b2c6,MATR_b4c23,MATR_b2c22,MATR_b3c0,MATR_b4c14,MATR_b3c21,MATR_b3c1,MATR_b4c15,MATR_b1c0,MATR_b2c18,MATR_b4c40,MATR_b4c39,MATR_b2c12,MATR_b3c40,MATR_b4c24,MATR_b2c19",False,False,0.95
380,MATR_b4c13,771.0,605.5248116480815,41.21136948812101,524.7520116977914,686.2976115983715,391.0,225.52481164808148,144.75201169779143,306.29761159837153,165.47518835191852,"MATR_b2c6,MATR_b4c23,MATR_b2c22,MATR_b3c0,MATR_b4c14,MATR_b3c21,MATR_b3c1,MATR_b4c15,MATR_b1c0,MATR_b2c18,MATR_b4c40,MATR_b4c39,MATR_b2c12,MATR_b3c40,MATR_b4c24,MATR_b2c19",False,False,0.95
380,MATR_b4c16,909.0,943.4057035260143,70.80336659806053,804.6336550096295,1082.1777520423993,529.0,563.4057035260143,424.6336550096295,702.1777520423993,34.40570352601435,"MATR_b2c6,MATR_b4c23,MATR_b2c22,MATR_b3c0,MATR_b4c14,MATR_b3c21,MATR_b3c1,MATR_b4c15,MATR_b1c0,MATR_b2c18,MATR_b4c40,MATR_b4c39,MATR_b2c12,MATR_b3c40,MATR_b4c24,MATR_b2c19",False,False,0.95
380,MATR_b4c18,906.0,855.8349098285473,62.247890500218745,733.8312863345257,977.838533322569,526.0,475.8349098285473,353.83128633452566,597.838533322569,50.165090171452675,"MATR_b2c6,MATR_b4c23,MATR_b2c22,MATR_b3c0,MATR_b4c14,MATR_b3c21,MATR_b3c1,MATR_b4c15,MATR_b1c0,MATR_b2c18,MATR_b4c40,MATR_b4c39,MATR_b2c12,MATR_b3c40,MATR_b4c24,MATR_b2c19",False,False,0.95
380,MATR_b4c25,453.0,480.8407719364085,31.878411071910477,418.36023435110104,543.3213095217159,73.0,100.84077193640849,38.36023435110104,163.32130952171588,27.840771936408487,"MATR_b2c6,MATR_b4c23,MATR_b2c22,MATR_b3c0,MATR_b4c14,MATR_b3c21,MATR_b3c1,MATR_b4c15,MATR_b1c0,MATR_b2c18,MATR_b4c40,MATR_b4c39,MATR_b2c12,MATR_b3c40,MATR_b4c24,MATR_b2c19",False,False,0.95
380,MATR_b4c29,887.0,738.5341624919199,54.02825582200539,632.6407269332728,844.427598050567,507.0,358.5341624919199,252.64072693327284,464.427598050567,148.46583750808009,"MATR_b2c6,MATR_b4c23,MATR_b2c22,MATR_b3c0,MATR_b4c14,MATR_b3c21,MATR_b3c1,MATR_b4c15,MATR_b1c0,MATR_b2c18,MATR_b4c40,MATR_b4c39,MATR_b2c12,MATR_b3c40,MATR_b4c24,MATR_b2c19",False,False,0.95
380,MATR_b4c33,505.0,513.6350319397745,32.71229071354557,449.5201202894212,577.7499435901279,125.0,133.63503193977454,69.52012028942119,197.74994359012794,8.635031939774535,"MATR_b2c6,MATR_b4c23,MATR_b2c22,MATR_b3c0,MATR_b4c14,MATR_b3c21,MATR_b3c1,MATR_b4c15,MATR_b1c0,MATR_b2c18,MATR_b4c40,MATR_b4c39,MATR_b2c12,MATR_b3c40,MATR_b4c24,MATR_b2c19",False,False,0.95
380,MATR_b4c37,863.0,719.7534394436863,49.97625599134338,621.8017776184992,817.7051012688734,483.0,339.75343944368626,241.80177761849916,437.70510126887336,143.24656055631374,"MATR_b2c6,MATR_b4c23,MATR_b2c22,MATR_b3c0,MATR_b4c14,MATR_b3c21,MATR_b3c1,MATR_b4c15,MATR_b1c0,MATR_b2c18,MATR_b4c40,MATR_b4c39,MATR_b2c12,MATR_b3c40,MATR_b4c24,MATR_b2c19",False,False,0.95
380,MATR_b4c4,656.0,627.6736570885448,42.59949474144904,544.1801816357013,711.1671325413884,276.0,247.67365708854481,164.18018163570127,331.16713254138836,28.326342911455185,"MATR_b2c6,MATR_b4c23,MATR_b2c22,MATR_b3c0,MATR_b4c14,MATR_b3c21,MATR_b3c1,MATR_b4c15,MATR_b1c0,MATR_b2c18,MATR_b4c40,MATR_b4c39,MATR_b2c12,MATR_b3c40,MATR_b4c24,MATR_b2c19",False,False,0.95
380,MATR_b4c9,442.0,483.8315696884518,31.17989795613145,422.72009265280013,544.9430467241035,62.0,103.8315696884518,42.72009265280013,164.9430467241035,41.83156968845179,"MATR_b2c6,MATR_b4c23,MATR_b2c22,MATR_b3c0,MATR_b4c14,MATR_b3c21,MATR_b3c1,MATR_b4c15,MATR_b1c0,MATR_b2c18,MATR_b4c40,MATR_b4c39,MATR_b2c12,MATR_b3c40,MATR_b4c24,MATR_b2c19",False,False,0.95
400,MATR_b1c1,2154.0,1770.831108576343,198.49443906620127,1381.7891568751083,2159.8730602775777,1754.0,1370.831108576343,981.7891568751083,1759.8730602775777,383.168891423657,"MATR_b2c39,MATR_b1c26,MATR_b1c3,MATR_b3c27,MATR_b1c31,MATR_b3c14,MATR_b2c27,MATR_b3c39,MATR_b2c43,MATR_b2c2,MATR_b2c31,MATR_b3c16,MATR_b4c6,MATR_b3c24,MATR_b4c1,MATR_b1c5",False,False,0.95
400,MATR_b1c20,533.0,499.54653597059547,34.14456041588878,432.6244272875015,566.4686446536895,133.0,99.54653597059547,32.624427287501476,166.46864465368947,33.45346402940453,"MATR_b2c39,MATR_b1c26,MATR_b1c3,MATR_b3c27,MATR_b1c31,MATR_b3c14,MATR_b2c27,MATR_b3c39,MATR_b2c43,MATR_b2c2,MATR_b2c31,MATR_b3c16,MATR_b4c6,MATR_b3c24,MATR_b4c1,MATR_b1c5",False,False,0.95
400,MATR_b1c21,557.0,496.0669527835659,32.49012669992998,432.38747459855995,559.7464309685719,157.0,96.06695278356591,32.38747459855995,159.74643096857187,60.93304721643409,"MATR_b2c39,MATR_b1c26,MATR_b1c3,MATR_b3c27,MATR_b1c31,MATR_b3c14,MATR_b2c27,MATR_b3c39,MATR_b2c43,MATR_b2c2,MATR_b2c31,MATR_b3c16,MATR_b4c6,MATR_b3c24,MATR_b4c1,MATR_b1c5",False,False,0.95
400,MATR_b1c28,858.0,664.0182591708641,46.86221292919081,572.1700095938029,755.8665087479253,458.0,264.0182591708641,172.1700095938029,355.8665087479253,193.9817408291359,"MATR_b2c39,MATR_b1c26,MATR_b1c3,MATR_b3c27,MATR_b1c31,MATR_b3c14,MATR_b2c27,MATR_b3c39,MATR_b2c43,MATR_b2c2,MATR_b2c31,MATR_b3c16,MATR_b4c6,MATR_b3c24,MATR_b4c1,MATR_b1c5",False,False,0.95
400,MATR_b1c39,622.0,555.944411770999,38.368210561210184,480.7441009197777,631.1447226222202,222.0,155.94441177099895,80.74410091977768,231.14472262222023,66.05558822900105,"MATR_b2c39,MATR_b1c26,MATR_b1c3,MATR_b3c27,MATR_b1c31,MATR_b3c14,MATR_b2c27,MATR_b3c39,MATR_b2c43,MATR_b2c2,MATR_b2c31,MATR_b3c16,MATR_b4c6,MATR_b3c24,MATR_b4c1,MATR_b1c5",False,False,0.95
400,MATR_b1c7,869.0,898.0342404168056,69.24052835109435,762.3252985781362,1033.743182255475,469.0,498.0342404168056,362.3252985781362,633.743182255475,29.034240416805574,"MATR_b2c39,MATR_b1c26,MATR_b1c3,MATR_b3c27,MATR_b1c31,MATR_b3c14,MATR_b2c27,MATR_b3c39,MATR_b2c43,MATR_b2c2,MATR_b2c31,MATR_b3c16,MATR_b4c6,MATR_b3c24,MATR_b4c1,MATR_b1c5",False,False,0.95
400,MATR_b1c9,1052.0,930.2450503622056,71.47134573250588,790.1637867998836,1070.3263139245275,652.0,530.2450503622056,390.1637867998836,670.3263139245275,121.75494963779443,"MATR_b2c39,MATR_b1c26,MATR_b1c3,MATR_b3c27,MATR_b1c31,MATR_b3c14,MATR_b2c27,MATR_b3c39,MATR_b2c43,MATR_b2c2,MATR_b2c31,MATR_b3c16,MATR_b4c6,MATR_b3c24,MATR_b4c1,MATR_b1c5",False,False,0.95
400,MATR_b2c10,560.0,526.6681188045272,34.78049689204051,458.49959753172055,594.8366400773339,160.0,126.66811880452724,58.49959753172055,194.83664007733387,33.33188119547276,"MATR_b2c39,MATR_b1c26,MATR_b1c3,MATR_b3c27,MATR_b1c31,MATR_b3c14,MATR_b2c27,MATR_b3c39,MATR_b2c43,MATR_b2c2,MATR_b2c31,MATR_b3c16,MATR_b4c6,MATR_b3c24,MATR_b4c1,MATR_b1c5",False,False,0.95
400,MATR_b2c21,488.0,445.1068063140401,30.7991394031507,384.7416023290363,505.4720102990439,88.0,45.106806314040114,-15.258397670963689,105.47201029904392,42.893193685959886,"MATR_b2c39,MATR_b1c26,MATR_b1c3,MATR_b3c27,MATR_b1c31,MATR_b3c14,MATR_b2c27,MATR_b3c39,MATR_b2c43,MATR_b2c2,MATR_b2c31,MATR_b3c16,MATR_b4c6,MATR_b3c24,MATR_b4c1,MATR_b1c5",False,False,0.95
400,MATR_b2c23,526.0,471.2602113568687,31.11887747685911,410.2683322629102,532.2520904508272,126.0,71.2602113568687,10.268332262910178,132.25209045082715,54.739788643131305,"MATR_b2c39,MATR_b1c26,MATR_b1c3,MATR_b3c27,MATR_b1c31,MATR_b3c14,MATR_b2c27,MATR_b3c39,MATR_b2c43,MATR_b2c2,MATR_b2c31,MATR_b3c16,MATR_b4c6,MATR_b3c24,MATR_b4c1,MATR_b1c5",False,False,0.95
400,MATR_b2c25,460.0,456.70118084307995,31.27424314536294,395.40479063441995,517.99757105174,60.0,56.70118084307995,-4.595209365580047,117.99757105174001,3.2988191569200467,"MATR_b2c39,MATR_b1c26,MATR_b1c3,MATR_b3c27,MATR_b1c31,MATR_b3c14,MATR_b2c27,MATR_b3c39,MATR_b2c43,MATR_b2c2,MATR_b2c31,MATR_b3c16,MATR_b4c6,MATR_b3c24,MATR_b4c1,MATR_b1c5",False,False,0.95
400,MATR_b2c29,497.0,480.1046929801606,32.29060794906642,416.8162643610877,543.3931215992336,97.0,80.10469298016062,16.81626436108769,143.3931215992336,16.89530701983938,"MATR_b2c39,MATR_b1c26,MATR_b1c3,MATR_b3c27,MATR_b1c31,MATR_b3c14,MATR_b2c27,MATR_b3c39,MATR_b2c43,MATR_b2c2,MATR_b2c31,MATR_b3c16,MATR_b4c6,MATR_b3c24,MATR_b4c1,MATR_b1c5",False,False,0.95
400,MATR_b2c30,480.0,475.2162860962468,31.689248017833442,413.10650128413596,537.3260709083577,80.0,75.21628609624679,13.106501284135959,137.32607090835768,4.78371390375321,"MATR_b2c39,MATR_b1c26,MATR_b1c3,MATR_b3c27,MATR_b1c31,MATR_b3c14,MATR_b2c27,MATR_b3c39,MATR_b2c43,MATR_b2c2,MATR_b2c31,MATR_b3c16,MATR_b4c6,MATR_b3c24,MATR_b4c1,MATR_b1c5",False,False,0.95
400,MATR_b2c36,534.0,492.67629304539105,33.174925747892914,427.6546333897304,557.6979527010517,134.0,92.67629304539105,27.654633389730407,157.6979527010517,41.32370695460895,"MATR_b2c39,MATR_b1c26,MATR_b1c3,MATR_b3c27,MATR_b1c31,MATR_b3c14,MATR_b2c27,MATR_b3c39,MATR_b2c43,MATR_b2c2,MATR_b2c31,MATR_b3c16,MATR_b4c6,MATR_b3c24,MATR_b4c1,MATR_b1c5",False,False,0.95
400,MATR_b2c40,498.0,456.50402978695894,31.06804434415459,395.61178180232264,517.3962777715952,98.0,56.50402978695894,-4.388218197677361,117.39627777159524,41.49597021304106,"MATR_b2c39,MATR_b1c26,MATR_b1c3,MATR_b3c27,MATR_b1c31,MATR_b3c14,MATR_b2c27,MATR_b3c39,MATR_b2c43,MATR_b2c2,MATR_b2c31,MATR_b3c16,MATR_b4c6,MATR_b3c24,MATR_b4c1,MATR_b1c5",False,False,0.95
400,MATR_b2c42,465.0,449.58091625973645,31.209080819043216,388.41224186381197,510.74959065566094,65.0,49.580916259736455,-11.587758136188029,110.74959065566094,15.419083740263545,"MATR_b2c39,MATR_b1c26,MATR_b1c3,MATR_b3c27,MATR_b1c31,MATR_b3c14,MATR_b2c27,MATR_b3c39,MATR_b2c43,MATR_b2c2,MATR_b2c31,MATR_b3c16,MATR_b4c6,MATR_b3c24,MATR_b4c1,MATR_b1c5",False,False,0.95
400,MATR_b2c46,428.0,429.8975468221987,31.099745985338522,368.9431647625911,490.8519288818063,28.0,29.897546822198706,-31.056835237408905,90.85192888180632,1.8975468221987057,"MATR_b2c39,MATR_b1c26,MATR_b1c3,MATR_b3c27,MATR_b1c31,MATR_b3c14,MATR_b2c27,MATR_b3c39,MATR_b2c43,MATR_b2c2,MATR_b2c31,MATR_b3c16,MATR_b4c6,MATR_b3c24,MATR_b4c1,MATR_b1c5",False,False,0.95
400,MATR_b3c19,1152.0,786.9895048365952,62.91339186477853,663.6815226363741,910.2974870368163,752.0,386.9895048365952,263.6815226363741,510.2974870368163,365.0104951634048,"MATR_b2c39,MATR_b1c26,MATR_b1c3,MATR_b3c27,MATR_b1c31,MATR_b3c14,MATR_b2c27,MATR_b3c39,MATR_b2c43,MATR_b2c2,MATR_b2c31,MATR_b3c16,MATR_b4c6,MATR_b3c24,MATR_b4c1,MATR_b1c5",False,False,0.95
400,MATR_b3c20,811.0,714.6745896123659,50.181958375240164,616.3197585232072,813.0294207015247,411.0,314.67458961236593,216.31975852320716,413.0294207015247,96.32541038763407,"MATR_b2c39,MATR_b1c26,MATR_b1c3,MATR_b3c27,MATR_b1c31,MATR_b3c14,MATR_b2c27,MATR_b3c39,MATR_b2c43,MATR_b2c2,MATR_b2c31,MATR_b3c16,MATR_b4c6,MATR_b3c24,MATR_b4c1,MATR_b1c5",False,False,0.95
400,MATR_b3c3,1113.0,841.0357557861448,63.14549933297843,717.2728513077091,964.7986602645806,713.0,441.0357557861448,317.27285130770906,564.7986602645806,271.9642442138552,"MATR_b2c39,MATR_b1c26,MATR_b1c3,MATR_b3c27,MATR_b1c31,MATR_b3c14,MATR_b2c27,MATR_b3c39,MATR_b2c43,MATR_b2c2,MATR_b2c31,MATR_b3c16,MATR_b4c6,MATR_b3c24,MATR_b4c1,MATR_b1c5",False,False,0.95
400,MATR_b3c30,933.0,728.8347380246295,54.509897164377364,621.9973027814679,835.6721732677911,533.0,328.8347380246295,221.99730278146785,435.6721732677911,204.16526197537053,"MATR_b2c39,MATR_b1c26,MATR_b1c3,MATR_b3c27,MATR_b1c31,MATR_b3c14,MATR_b2c27,MATR_b3c39,MATR_b2c43,MATR_b2c2,MATR_b2c31,MATR_b3c16,MATR_b4c6,MATR_b3c24,MATR_b4c1,MATR_b1c5",False,False,0.95
400,MATR_b3c44,938.0,652.5330878170246,46.73087385856685,560.9422580881493,744.1239175458999,538.0,252.53308781702458,160.9422580881493,344.1239175458999,285.4669121829754,"MATR_b2c39,MATR_b1c26,MATR_b1c3,MATR_b3c27,MATR_b1c31,MATR_b3c14,MATR_b2c27,MATR_b3c39,MATR_b2c43,MATR_b2c2,MATR_b2c31,MATR_b3c16,MATR_b4c6,MATR_b3c24,MATR_b4c1,MATR_b1c5",False,False,0.95
400,MATR_b3c45,1799.0,1147.8989011852657,101.90106648074095,948.1764808967918,1347.6213214737395,1399.0,747.8989011852657,548.1764808967918,947.6213214737395,651.1010988147343,"MATR_b2c39,MATR_b1c26,MATR_b1c3,MATR_b3c27,MATR_b1c31,MATR_b3c14,MATR_b2c27,MATR_b3c39,MATR_b2c43,MATR_b2c2,MATR_b2c31,MATR_b3c16,MATR_b4c6,MATR_b3c24,MATR_b4c1,MATR_b1c5",False,False,0.95
400,MATR_b4c10,872.0,695.5025213723984,48.72898807100458,599.9954597501476,791.0095829946492,472.0,295.5025213723984,199.99545975014757,391.00958299464924,176.4974786276016,"MATR_b2c39,MATR_b1c26,MATR_b1c3,MATR_b3c27,MATR_b1c31,MATR_b3c14,MATR_b2c27,MATR_b3c39,MATR_b2c43,MATR_b2c2,MATR_b2c31,MATR_b3c16,MATR_b4c6,MATR_b3c24,MATR_b4c1,MATR_b1c5",False,False,0.95
400,MATR_b4c13,771.0,600.449700054951,41.672972837794745,518.7721741641574,682.1272259457446,371.0,200.449700054951,118.77217416415738,282.1272259457446,170.550299945049,"MATR_b2c39,MATR_b1c26,MATR_b1c3,MATR_b3c27,MATR_b1c31,MATR_b3c14,MATR_b2c27,MATR_b3c39,MATR_b2c43,MATR_b2c2,MATR_b2c31,MATR_b3c16,MATR_b4c6,MATR_b3c24,MATR_b4c1,MATR_b1c5",False,False,0.95
400,MATR_b4c16,909.0,930.2367882514721,69.68773991540492,793.6513278532842,1066.8222486496602,509.0,530.2367882514721,393.6513278532842,666.8222486496602,21.23678825147215,"MATR_b2c39,MATR_b1c26,MATR_b1c3,MATR_b3c27,MATR_b1c31,MATR_b3c14,MATR_b2c27,MATR_b3c39,MATR_b2c43,MATR_b2c2,MATR_b2c31,MATR_b3c16,MATR_b4c6,MATR_b3c24,MATR_b4c1,MATR_b1c5",False,False,0.95
400,MATR_b4c18,906.0,839.7719032109275,59.80266832360505,722.5608271172673,956.9829793045876,506.0,439.77190321092746,322.5608271172673,556.9829793045876,66.22809678907254,"MATR_b2c39,MATR_b1c26,MATR_b1c3,MATR_b3c27,MATR_b1c31,MATR_b3c14,MATR_b2c27,MATR_b3c39,MATR_b2c43,MATR_b2c2,MATR_b2c31,MATR_b3c16,MATR_b4c6,MATR_b3c24,MATR_b4c1,MATR_b1c5",False,False,0.95
400,MATR_b4c25,453.0,476.67666812677766,32.36781163269586,413.2369230683172,540.1164131852381,53.0,76.67666812677766,13.236923068317196,140.11641318523812,23.676668126777656,"MATR_b2c39,MATR_b1c26,MATR_b1c3,MATR_b3c27,MATR_b1c31,MATR_b3c14,MATR_b2c27,MATR_b3c39,MATR_b2c43,MATR_b2c2,MATR_b2c31,MATR_b3c16,MATR_b4c6,MATR_b3c24,MATR_b4c1,MATR_b1c5",False,False,0.95
400,MATR_b4c29,887.0,719.5447542392478,51.78755757775754,618.0430065395487,821.0465019389469,487.0,319.5447542392478,218.04300653954874,421.0465019389469,167.45524576075218,"MATR_b2c39,MATR_b1c26,MATR_b1c3,MATR_b3c27,MATR_b1c31,MATR_b3c14,MATR_b2c27,MATR_b3c39,MATR_b2c43,MATR_b2c2,MATR_b2c31,MATR_b3c16,MATR_b4c6,MATR_b3c24,MATR_b4c1,MATR_b1c5",False,False,0.95
400,MATR_b4c33,505.0,511.711350107366,33.261960652627536,446.51910517302764,576.9035950417043,105.0,111.711350107366,46.51910517302764,176.9035950417043,6.711350107366002,"MATR_b2c39,MATR_b1c26,MATR_b1c3,MATR_b3c27,MATR_b1c31,MATR_b3c14,MATR_b2c27,MATR_b3c39,MATR_b2c43,MATR_b2c2,MATR_b2c31,MATR_b3c16,MATR_b4c6,MATR_b3c24,MATR_b4c1,MATR_b1c5",False,False,0.95
400,MATR_b4c37,863.0,698.5563943397167,49.28839426440168,601.9529167256788,795.1598719537545,463.0,298.5563943397167,201.95291672567885,395.15987195375453,164.4436056602833,"MATR_b2c39,MATR_b1c26,MATR_b1c3,MATR_b3c27,MATR_b1c31,MATR_b3c14,MATR_b2c27,MATR_b3c39,MATR_b2c43,MATR_b2c2,MATR_b2c31,MATR_b3c16,MATR_b4c6,MATR_b3c24,MATR_b4c1,MATR_b1c5",False,False,0.95
400,MATR_b4c4,656.0,608.1538031967652,41.795255529986804,526.2366076333426,690.0709987601879,256.0,208.15380319676524,126.2366076333426,290.0709987601879,47.84619680323476,"MATR_b2c39,MATR_b1c26,MATR_b1c3,MATR_b3c27,MATR_b1c31,MATR_b3c14,MATR_b2c27,MATR_b3c39,MATR_b2c43,MATR_b2c2,MATR_b2c31,MATR_b3c16,MATR_b4c6,MATR_b3c24,MATR_b4c1,MATR_b1c5",False,False,0.95
400,MATR_b4c9,442.0,478.83966627008454,31.699979265107853,416.7088485998067,540.9704839403624,42.0,78.83966627008454,16.708848599806686,140.97048394036244,36.839666270084535,"MATR_b2c39,MATR_b1c26,MATR_b1c3,MATR_b3c27,MATR_b1c31,MATR_b3c14,MATR_b2c27,MATR_b3c39,MATR_b2c43,MATR_b2c2,MATR_b2c31,MATR_b3c16,MATR_b4c6,MATR_b3c24,MATR_b4c1,MATR_b1c5",False,False,0.95
420,MATR_b1c1,2154.0,1727.3840438671402,185.53024629094952,1363.7514430940332,2091.0166446402473,1734.0,1307.3840438671402,943.7514430940332,1671.0166446402473,426.61595613285976,"MATR_b1c43,MATR_b1c25,MATR_b4c39,MATR_b3c35,MATR_b3c33,MATR_b1c34,MATR_b4c1,MATR_b1c40,MATR_b1c3,MATR_b1c24,MATR_b3c14,MATR_b3c15,MATR_b1c26,MATR_b3c24,MATR_b3c26,MATR_b3c18",False,False,0.95
420,MATR_b1c20,533.0,482.5242395900856,33.56912210166419,416.7299692781962,548.318509901975,113.0,62.524239590085585,-3.270030721803778,128.31850990197495,50.475760409914415,"MATR_b1c43,MATR_b1c25,MATR_b4c39,MATR_b3c35,MATR_b3c33,MATR_b1c34,MATR_b4c1,MATR_b1c40,MATR_b1c3,MATR_b1c24,MATR_b3c14,MATR_b3c15,MATR_b1c26,MATR_b3c24,MATR_b3c26,MATR_b3c18",False,False,0.95
420,MATR_b1c21,557.0,482.8447093397445,31.901468576864723,420.3189798751534,545.3704388043355,137.0,62.8447093397445,0.31897987515338855,125.37043880433555,74.1552906602555,"MATR_b1c43,MATR_b1c25,MATR_b4c39,MATR_b3c35,MATR_b3c33,MATR_b1c34,MATR_b4c1,MATR_b1c40,MATR_b1c3,MATR_b1c24,MATR_b3c14,MATR_b3c15,MATR_b1c26,MATR_b3c24,MATR_b3c26,MATR_b3c18",False,False,0.95
420,MATR_b1c28,858.0,598.3902329794757,41.73743802154214,516.5863576502804,680.194108308671,438.0,178.39023297947574,96.58635765028043,260.19410830867105,259.60976702052426,"MATR_b1c43,MATR_b1c25,MATR_b4c39,MATR_b3c35,MATR_b3c33,MATR_b1c34,MATR_b4c1,MATR_b1c40,MATR_b1c3,MATR_b1c24,MATR_b3c14,MATR_b3c15,MATR_b1c26,MATR_b3c24,MATR_b3c26,MATR_b3c18",False,False,0.95
420,MATR_b1c39,622.0,519.2434079590078,35.60604535618582,449.4568414289839,589.0299744890316,202.0,99.24340795900775,29.45684142898392,169.0299744890316,102.75659204099225,"MATR_b1c43,MATR_b1c25,MATR_b4c39,MATR_b3c35,MATR_b3c33,MATR_b1c34,MATR_b4c1,MATR_b1c40,MATR_b1c3,MATR_b1c24,MATR_b3c14,MATR_b3c15,MATR_b1c26,MATR_b3c24,MATR_b3c26,MATR_b3c18",False,False,0.95
420,MATR_b1c7,869.0,864.263557778292,66.06493385897969,734.7786667736711,993.7484487829129,449.0,444.263557778292,314.77866677367115,573.7484487829129,4.736442221707989,"MATR_b1c43,MATR_b1c25,MATR_b4c39,MATR_b3c35,MATR_b3c33,MATR_b1c34,MATR_b4c1,MATR_b1c40,MATR_b1c3,MATR_b1c24,MATR_b3c14,MATR_b3c15,MATR_b1c26,MATR_b3c24,MATR_b3c26,MATR_b3c18",False,False,0.95
420,MATR_b1c9,1052.0,887.5809350368072,67.13293469643074,756.0028008553236,1019.1590692182908,632.0,467.5809350368072,336.0028008553236,599.1590692182908,164.4190649631928,"MATR_b1c43,MATR_b1c25,MATR_b4c39,MATR_b3c35,MATR_b3c33,MATR_b1c34,MATR_b4c1,MATR_b1c40,MATR_b1c3,MATR_b1c24,MATR_b3c14,MATR_b3c15,MATR_b1c26,MATR_b3c24,MATR_b3c26,MATR_b3c18",False,False,0.95
420,MATR_b2c10,560.0,508.36221675647187,33.90980466924847,441.9002208819567,574.8242126309871,140.0,88.36221675647187,21.900220881956727,154.82421263098706,51.63778324352813,"MATR_b1c43,MATR_b1c25,MATR_b4c39,MATR_b3c35,MATR_b3c33,MATR_b1c34,MATR_b4c1,MATR_b1c40,MATR_b1c3,MATR_b1c24,MATR_b3c14,MATR_b3c15,MATR_b1c26,MATR_b3c24,MATR_b3c26,MATR_b3c18",False,False,0.95
420,MATR_b2c21,488.0,431.6468350947174,30.755746055111285,371.36668050903944,491.92698968039537,68.0,11.646835094717403,-48.63331949096056,71.92698968039537,56.3531649052826,"MATR_b1c43,MATR_b1c25,MATR_b4c39,MATR_b3c35,MATR_b3c33,MATR_b1c34,MATR_b4c1,MATR_b1c40,MATR_b1c3,MATR_b1c24,MATR_b3c14,MATR_b3c15,MATR_b1c26,MATR_b3c24,MATR_b3c26,MATR_b3c18",False,False,0.95
420,MATR_b2c23,526.0,456.6928237655565,30.733295042611605,396.4566723557944,516.9289751753187,106.0,36.69282376555651,-23.54332764420559,96.92897517531867,69.30717623444349,"MATR_b1c43,MATR_b1c25,MATR_b4c39,MATR_b3c35,MATR_b3c33,MATR_b1c34,MATR_b4c1,MATR_b1c40,MATR_b1c3,MATR_b1c24,MATR_b3c14,MATR_b3c15,MATR_b1c26,MATR_b3c24,MATR_b3c26,MATR_b3c18",False,False,0.95
420,MATR_b2c25,460.0,441.91063856186514,31.18695571530026,380.785328572431,503.03594855129927,40.0,21.91063856186514,-39.21467142756899,83.03594855129927,18.08936143813486,"MATR_b1c43,MATR_b1c25,MATR_b4c39,MATR_b3c35,MATR_b3c33,MATR_b1c34,MATR_b4c1,MATR_b1c40,MATR_b1c3,MATR_b1c24,MATR_b3c14,MATR_b3c15,MATR_b1c26,MATR_b3c24,MATR_b3c26,MATR_b3c18",False,False,0.95
420,MATR_b2c29,497.0,458.895224493385,31.715596985396996,396.7337966538198,521.0566523329502,77.0,38.895224493385,-23.26620334618019,101.0566523329502,38.104775506615,"MATR_b1c43,MATR_b1c25,MATR_b4c39,MATR_b3c35,MATR_b3c33,MATR_b1c34,MATR_b4c1,MATR_b1c40,MATR_b1c3,MATR_b1c24,MATR_b3c14,MATR_b3c15,MATR_b1c26,MATR_b3c24,MATR_b3c26,MATR_b3c18",False,False,0.95
420,MATR_b2c30,480.0,456.56867627094186,31.329852675939197,395.1632933851552,517.9740591567286,60.0,36.568676270941864,-24.836706614844786,97.97405915672857,23.431323729058136,"MATR_b1c43,MATR_b1c25,MATR_b4c39,MATR_b3c35,MATR_b3c33,MATR_b1c34,MATR_b4c1,MATR_b1c40,MATR_b1c3,MATR_b1c24,MATR_b3c14,MATR_b3c15,MATR_b1c26,MATR_b3c24,MATR_b3c26,MATR_b3c18",False,False,0.95
420,MATR_b2c36,534.0,473.3088004182122,32.57039090420205,409.4720072835852,537.1455935528392,114.0,53.30880041821217,-10.527992716414815,117.14559355283916,60.69119958178783,"MATR_b1c43,MATR_b1c25,MATR_b4c39,MATR_b3c35,MATR_b3c33,MATR_b1c34,MATR_b4c1,MATR_b1c40,MATR_b1c3,MATR_b1c24,MATR_b3c14,MATR_b3c15,MATR_b1c26,MATR_b3c24,MATR_b3c26,MATR_b3c18",False,False,0.95
420,MATR_b2c40,498.0,442.1151452275419,30.895781062032224,381.5605270717241,502.66976338335974,78.0,22.115145227541916,-38.439472928275904,82.66976338335974,55.884854772458084,"MATR_b1c43,MATR_b1c25,MATR_b4c39,MATR_b3c35,MATR_b3c33,MATR_b1c34,MATR_b4c1,MATR_b1c40,MATR_b1c3,MATR_b1c24,MATR_b3c14,MATR_b3c15,MATR_b1c26,MATR_b3c24,MATR_b3c26,MATR_b3c18",False,False,0.95
420,MATR_b2c42,465.0,433.00655232780696,31.211165771751798,371.8337914996642,494.1793131559497,45.0,13.006552327806958,-48.16620850033581,74.17931315594973,31.993447672193042,"MATR_b1c43,MATR_b1c25,MATR_b4c39,MATR_b3c35,MATR_b3c33,MATR_b1c34,MATR_b4c1,MATR_b1c40,MATR_b1c3,MATR_b1c24,MATR_b3c14,MATR_b3c15,MATR_b1c26,MATR_b3c24,MATR_b3c26,MATR_b3c18",False,False,0.95
420,MATR_b2c46,428.0,414.3860512043859,31.383450637235537,352.87561824481367,475.8964841639582,8.0,-5.613948795614078,-67.12438175518633,55.89648416395818,13.613948795614078,"MATR_b1c43,MATR_b1c25,MATR_b4c39,MATR_b3c35,MATR_b3c33,MATR_b1c34,MATR_b4c1,MATR_b1c40,MATR_b1c3,MATR_b1c24,MATR_b3c14,MATR_b3c15,MATR_b1c26,MATR_b3c24,MATR_b3c26,MATR_b3c18",False,False,0.95
420,MATR_b3c19,1152.0,711.666766904872,54.77823446297715,604.3034002207461,819.030133588998,732.0,291.666766904872,184.30340022074608,399.03013358899796,440.333233095128,"MATR_b1c43,MATR_b1c25,MATR_b4c39,MATR_b3c35,MATR_b3c33,MATR_b1c34,MATR_b4c1,MATR_b1c40,MATR_b1c3,MATR_b1c24,MATR_b3c14,MATR_b3c15,MATR_b1c26,MATR_b3c24,MATR_b3c26,MATR_b3c18",False,False,0.95
420,MATR_b3c20,811.0,650.1528488248313,44.729677542125124,562.4842918021759,737.8214058474866,391.0,230.15284882483127,142.4842918021759,317.82140584748663,160.84715117516873,"MATR_b1c43,MATR_b1c25,MATR_b4c39,MATR_b3c35,MATR_b3c33,MATR_b1c34,MATR_b4c1,MATR_b1c40,MATR_b1c3,MATR_b1c24,MATR_b3c14,MATR_b3c15,MATR_b1c26,MATR_b3c24,MATR_b3c26,MATR_b3c18",False,False,0.95
420,MATR_b3c3,1113.0,770.7370664520491,55.83990274220152,661.2928681771148,880.1812647269835,693.0,350.73706645204913,241.29286817711477,460.1812647269835,342.26293354795087,"MATR_b1c43,MATR_b1c25,MATR_b4c39,MATR_b3c35,MATR_b3c33,MATR_b1c34,MATR_b4c1,MATR_b1c40,MATR_b1c3,MATR_b1c24,MATR_b3c14,MATR_b3c15,MATR_b1c26,MATR_b3c24,MATR_b3c26,MATR_b3c18",False,False,0.95
420,MATR_b3c30,933.0,650.9934689502229,47.279259587647154,558.3278229427144,743.6591149577314,513.0,230.9934689502229,138.32782294271442,323.6591149577314,282.0065310497771,"MATR_b1c43,MATR_b1c25,MATR_b4c39,MATR_b3c35,MATR_b3c33,MATR_b1c34,MATR_b4c1,MATR_b1c40,MATR_b1c3,MATR_b1c24,MATR_b3c14,MATR_b3c15,MATR_b1c26,MATR_b3c24,MATR_b3c26,MATR_b3c18",False,False,0.95
420,MATR_b3c44,938.0,594.8983559098084,41.9833502076759,512.6125015524315,677.1842102671853,518.0,174.8983559098084,92.61250155243147,257.18421026718534,343.1016440901916,"MATR_b1c43,MATR_b1c25,MATR_b4c39,MATR_b3c35,MATR_b3c33,MATR_b1c34,MATR_b4c1,MATR_b1c40,MATR_b1c3,MATR_b1c24,MATR_b3c14,MATR_b3c15,MATR_b1c26,MATR_b3c24,MATR_b3c26,MATR_b3c18",False,False,0.95
420,MATR_b3c45,1799.0,1013.6281194193557,84.89008841493481,847.2466034816626,1180.0096353570489,1379.0,593.6281194193557,427.24660348166265,760.0096353570489,785.3718805806443,"MATR_b1c43,MATR_b1c25,MATR_b4c39,MATR_b3c35,MATR_b3c33,MATR_b1c34,MATR_b4c1,MATR_b1c40,MATR_b1c3,MATR_b1c24,MATR_b3c14,MATR_b3c15,MATR_b1c26,MATR_b3c24,MATR_b3c26,MATR_b3c18",False,False,0.95
420,MATR_b4c10,872.0,624.6526253638909,42.79259244230428,540.7806853718737,708.5245653559082,452.0,204.65262536389093,120.78068537187369,288.5245653559082,247.34737463610907,"MATR_b1c43,MATR_b1c25,MATR_b4c39,MATR_b3c35,MATR_b3c33,MATR_b1c34,MATR_b4c1,MATR_b1c40,MATR_b1c3,MATR_b1c24,MATR_b3c14,MATR_b3c15,MATR_b1c26,MATR_b3c24,MATR_b3c26,MATR_b3c18",False,False,0.95
420,MATR_b4c13,771.0,563.424531421834,38.65783337079554,487.65657029472413,639.1924925489438,351.0,143.424531421834,67.65657029472413,219.19249254894385,207.575468578166,"MATR_b1c43,MATR_b1c25,MATR_b4c39,MATR_b3c35,MATR_b3c33,MATR_b1c34,MATR_b4c1,MATR_b1c40,MATR_b1c3,MATR_b1c24,MATR_b3c14,MATR_b3c15,MATR_b1c26,MATR_b3c24,MATR_b3c26,MATR_b3c18",False,False,0.95
420,MATR_b4c16,909.0,890.2170145613657,65.21038814883042,762.4070023717805,1018.0270267509508,489.0,470.21701456136566,342.40700237178055,598.0270267509508,18.78298543863434,"MATR_b1c43,MATR_b1c25,MATR_b4c39,MATR_b3c35,MATR_b3c33,MATR_b1c34,MATR_b4c1,MATR_b1c40,MATR_b1c3,MATR_b1c24,MATR_b3c14,MATR_b3c15,MATR_b1c26,MATR_b3c24,MATR_b3c26,MATR_b3c18",False,False,0.95
420,MATR_b4c18,906.0,761.0257625026593,52.692642886896664,657.7500801941112,864.3014448112074,486.0,341.0257625026593,237.7500801941112,444.3014448112074,144.9742374973407,"MATR_b1c43,MATR_b1c25,MATR_b4c39,MATR_b3c35,MATR_b3c33,MATR_b1c34,MATR_b4c1,MATR_b1c40,MATR_b1c3,MATR_b1c24,MATR_b3c14,MATR_b3c15,MATR_b1c26,MATR_b3c24,MATR_b3c26,MATR_b3c18",False,False,0.95
420,MATR_b4c25,453.0,461.64014459267275,31.860047948054753,399.19559806876623,524.0846911165793,33.0,41.640144592672755,-20.80440193123377,104.08469111657928,8.640144592672755,"MATR_b1c43,MATR_b1c25,MATR_b4c39,MATR_b3c35,MATR_b3c33,MATR_b1c34,MATR_b4c1,MATR_b1c40,MATR_b1c3,MATR_b1c24,MATR_b3c14,MATR_b3c15,MATR_b1c26,MATR_b3c24,MATR_b3c26,MATR_b3c18",False,False,0.95
420,MATR_b4c29,887.0,666.0320040536078,46.5495261396428,574.7966093225021,757.2673987847135,467.0,246.0320040536078,154.79660932250215,337.26739878471346,220.9679959463922,"MATR_b1c43,MATR_b1c25,MATR_b4c39,MATR_b3c35,MATR_b3c33,MATR_b1c34,MATR_b4c1,MATR_b1c40,MATR_b1c3,MATR_b1c24,MATR_b3c14,MATR_b3c15,MATR_b1c26,MATR_b3c24,MATR_b3c26,MATR_b3c18",False,False,0.95
420,MATR_b4c33,505.0,489.02977550816195,32.20731775752993,425.90459266476597,552.154958351558,85.0,69.02977550816195,5.904592664765971,132.15495835155798,15.970224491838053,"MATR_b1c43,MATR_b1c25,MATR_b4c39,MATR_b3c35,MATR_b3c33,MATR_b1c34,MATR_b4c1,MATR_b1c40,MATR_b1c3,MATR_b1c24,MATR_b3c14,MATR_b3c15,MATR_b1c26,MATR_b3c24,MATR_b3c26,MATR_b3c18",False,False,0.95
420,MATR_b4c37,863.0,635.6577568607723,44.857369024677126,547.7389291311825,723.5765845903621,443.0,215.65775686077234,127.73892913118254,303.57658459036213,227.34224313922766,"MATR_b1c43,MATR_b1c25,MATR_b4c39,MATR_b3c35,MATR_b3c33,MATR_b1c34,MATR_b4c1,MATR_b1c40,MATR_b1c3,MATR_b1c24,MATR_b3c14,MATR_b3c15,MATR_b1c26,MATR_b3c24,MATR_b3c26,MATR_b3c18",False,False,0.95
420,MATR_b4c4,656.0,563.5701068776192,38.74177969651775,487.6376139754593,639.5025997797791,236.0,143.5701068776192,67.63761397545932,219.50259977977908,92.4298931223808,"MATR_b1c43,MATR_b1c25,MATR_b4c39,MATR_b3c35,MATR_b3c33,MATR_b1c34,MATR_b4c1,MATR_b1c40,MATR_b1c3,MATR_b1c24,MATR_b3c14,MATR_b3c15,MATR_b1c26,MATR_b3c24,MATR_b3c26,MATR_b3c18",False,False,0.95
420,MATR_b4c9,442.0,459.4798745862434,31.245122874199158,398.24055906028445,520.7191901122023,22.0,39.4798745862434,-21.759440939715546,100.71919011220234,17.479874586243398,"MATR_b1c43,MATR_b1c25,MATR_b4c39,MATR_b3c35,MATR_b3c33,MATR_b1c34,MATR_b4c1,MATR_b1c40,MATR_b1c3,MATR_b1c24,MATR_b3c14,MATR_b3c15,MATR_b1c26,MATR_b3c24,MATR_b3c26,MATR_b3c18",False,False,0.95
440,MATR_b1c1,2154.0,1576.4825051627067,163.54738553278526,1255.9355197527607,1897.0294905726528,1714.0,1136.4825051627067,815.9355197527607,1457.0294905726528,577.5174948372933,"MATR_b4c15,MATR_b1c4,MATR_b4c30,MATR_b4c3,MATR_b3c4,MATR_b2c43,MATR_b1c42,MATR_b3c35,MATR_b4c23,MATR_b4c20,MATR_b1c43,MATR_b1c41,MATR_b3c39,MATR_b4c43,MATR_b3c10,MATR_b1c34",False,False,0.95
440,MATR_b1c20,533.0,482.4145270475569,33.97597062187202,415.8228482888968,549.0062058062169,93.0,42.414527047556874,-24.177151711103193,109.00620580621694,50.585472952443126,"MATR_b4c15,MATR_b1c4,MATR_b4c30,MATR_b4c3,MATR_b3c4,MATR_b2c43,MATR_b1c42,MATR_b3c35,MATR_b4c23,MATR_b4c20,MATR_b1c43,MATR_b1c41,MATR_b3c39,MATR_b4c43,MATR_b3c10,MATR_b1c34",False,False,0.95
440,MATR_b1c21,557.0,484.1194053957155,32.13034933253944,421.1450778932476,547.0937328981834,117.0,44.11940539571549,-18.854922106752383,107.09373289818336,72.88059460428451,"MATR_b4c15,MATR_b1c4,MATR_b4c30,MATR_b4c3,MATR_b3c4,MATR_b2c43,MATR_b1c42,MATR_b3c35,MATR_b4c23,MATR_b4c20,MATR_b1c43,MATR_b1c41,MATR_b3c39,MATR_b4c43,MATR_b3c10,MATR_b1c34",False,False,0.95
440,MATR_b1c28,858.0,583.6007612329851,40.3667003241358,504.4834824229576,662.7180400430125,418.0,143.60076123298506,64.4834824229576,222.71804004301248,274.39923876701494,"MATR_b4c15,MATR_b1c4,MATR_b4c30,MATR_b4c3,MATR_b3c4,MATR_b2c43,MATR_b1c42,MATR_b3c35,MATR_b4c23,MATR_b4c20,MATR_b1c43,MATR_b1c41,MATR_b3c39,MATR_b4c43,MATR_b3c10,MATR_b1c34",False,False,0.95
440,MATR_b1c39,622.0,513.7820923308223,35.060668347680846,445.06444509546435,582.4997395661801,182.0,73.78209233082225,5.06444509546435,142.4997395661801,108.21790766917775,"MATR_b4c15,MATR_b1c4,MATR_b4c30,MATR_b4c3,MATR_b3c4,MATR_b2c43,MATR_b1c42,MATR_b3c35,MATR_b4c23,MATR_b4c20,MATR_b1c43,MATR_b1c41,MATR_b3c39,MATR_b4c43,MATR_b3c10,MATR_b1c34",False,False,0.95
440,MATR_b1c7,869.0,832.1636992603635,63.51567556387825,707.6752627014314,956.6521358192956,429.0,392.1636992603635,267.6752627014314,516.6521358192956,36.8363007396365,"MATR_b4c15,MATR_b1c4,MATR_b4c30,MATR_b4c3,MATR_b3c4,MATR_b2c43,MATR_b1c42,MATR_b3c35,MATR_b4c23,MATR_b4c20,MATR_b1c43,MATR_b1c41,MATR_b3c39,MATR_b4c43,MATR_b3c10,MATR_b1c34",False,False,0.95
440,MATR_b1c9,1052.0,866.6448155051421,65.83735457999573,737.6059716909573,995.6836593193269,612.0,426.6448155051421,297.6059716909573,555.6836593193269,185.3551844948579,"MATR_b4c15,MATR_b1c4,MATR_b4c30,MATR_b4c3,MATR_b3c4,MATR_b2c43,MATR_b1c42,MATR_b3c35,MATR_b4c23,MATR_b4c20,MATR_b1c43,MATR_b1c41,MATR_b3c39,MATR_b4c43,MATR_b3c10,MATR_b1c34",False,False,0.95
440,MATR_b2c10,560.0,503.2571474577563,33.983919773865516,436.6498886474813,569.8644062680312,120.0,63.257147457756275,-3.350111352518695,129.8644062680312,56.742852542243725,"MATR_b4c15,MATR_b1c4,MATR_b4c30,MATR_b4c3,MATR_b3c4,MATR_b2c43,MATR_b1c42,MATR_b3c35,MATR_b4c23,MATR_b4c20,MATR_b1c43,MATR_b1c41,MATR_b3c39,MATR_b4c43,MATR_b3c10,MATR_b1c34",False,False,0.95
440,MATR_b2c21,488.0,428.7430269223499,31.08236922109752,367.82270269482245,489.6633511498773,48.0,-11.256973077650116,-72.17729730517755,49.663351149877315,59.256973077650116,"MATR_b4c15,MATR_b1c4,MATR_b4c30,MATR_b4c3,MATR_b3c4,MATR_b2c43,MATR_b1c42,MATR_b3c35,MATR_b4c23,MATR_b4c20,MATR_b1c43,MATR_b1c41,MATR_b3c39,MATR_b4c43,MATR_b3c10,MATR_b1c34",False,False,0.95
440,MATR_b2c23,526.0,453.5982532120342,30.892703274700505,393.04966740853865,514.1468390155297,86.0,13.598253212034194,-46.95033259146135,74.14683901552974,72.4017467879658,"MATR_b4c15,MATR_b1c4,MATR_b4c30,MATR_b4c3,MATR_b3c4,MATR_b2c43,MATR_b1c42,MATR_b3c35,MATR_b4c23,MATR_b4c20,MATR_b1c43,MATR_b1c41,MATR_b3c39,MATR_b4c43,MATR_b3c10,MATR_b1c34",False,False,0.95
440,MATR_b2c25,460.0,437.2775714763326,31.633955762669363,375.27615749296734,499.2789854596978,20.0,-2.7224285236674177,-64.72384250703266,59.27898545969782,22.722428523667418,"MATR_b4c15,MATR_b1c4,MATR_b4c30,MATR_b4c3,MATR_b3c4,MATR_b2c43,MATR_b1c42,MATR_b3c35,MATR_b4c23,MATR_b4c20,MATR_b1c43,MATR_b1c41,MATR_b3c39,MATR_b4c43,MATR_b3c10,MATR_b1c34",False,False,0.95
440,MATR_b2c29,497.0,452.4776450895738,31.902094494344528,389.950688849265,515.0046013298826,57.0,12.477645089573798,-50.04931115073498,75.00460132988258,44.5223549104262,"MATR_b4c15,MATR_b1c4,MATR_b4c30,MATR_b4c3,MATR_b3c4,MATR_b2c43,MATR_b1c42,MATR_b3c35,MATR_b4c23,MATR_b4c20,MATR_b1c43,MATR_b1c41,MATR_b3c39,MATR_b4c43,MATR_b3c10,MATR_b1c34",False,False,0.95
440,MATR_b2c30,480.0,450.3274933629559,31.618139475455592,388.3570787328988,512.297907993013,40.0,10.32749336295592,-51.6429212671012,72.29790799301304,29.67250663704408,"MATR_b4c15,MATR_b1c4,MATR_b4c30,MATR_b4c3,MATR_b3c4,MATR_b2c43,MATR_b1c42,MATR_b3c35,MATR_b4c23,MATR_b4c20,MATR_b1c43,MATR_b1c41,MATR_b3c39,MATR_b4c43,MATR_b3c10,MATR_b1c34",False,False,0.95
440,MATR_b2c36,534.0,466.14509284509813,32.5567200031087,402.33509418425035,529.9550915059459,94.0,26.145092845098134,-37.66490581574965,89.95509150594592,67.85490715490187,"MATR_b4c15,MATR_b1c4,MATR_b4c30,MATR_b4c3,MATR_b3c4,MATR_b2c43,MATR_b1c42,MATR_b3c35,MATR_b4c23,MATR_b4c20,MATR_b1c43,MATR_b1c41,MATR_b3c39,MATR_b4c43,MATR_b3c10,MATR_b1c34",False,False,0.95
440,MATR_b2c40,498.0,438.03620072854244,31.19513580926044,376.89485804955626,499.1775434075286,58.0,-1.9637992714575603,-63.10514195044374,59.17754340752862,59.96379927145756,"MATR_b4c15,MATR_b1c4,MATR_b4c30,MATR_b4c3,MATR_b3c4,MATR_b2c43,MATR_b1c42,MATR_b3c35,MATR_b4c23,MATR_b4c20,MATR_b1c43,MATR_b1c41,MATR_b3c39,MATR_b4c43,MATR_b3c10,MATR_b1c34",False,False,0.95
440,MATR_b2c42,465.0,427.7554759060787,31.699033913879738,365.62651109016065,489.8844407219967,25.0,-12.244524093921314,-74.37348890983935,49.884440721996725,37.244524093921314,"MATR_b4c15,MATR_b1c4,MATR_b4c30,MATR_b4c3,MATR_b3c4,MATR_b2c43,MATR_b1c42,MATR_b3c35,MATR_b4c23,MATR_b4c20,MATR_b1c43,MATR_b1c41,MATR_b3c39,MATR_b4c43,MATR_b3c10,MATR_b1c34",False,False,0.95
440,MATR_b3c19,1152.0,706.5085507371128,52.56250385116501,603.4879362515816,809.5291652226441,712.0,266.50855073711284,163.48793625158157,369.5291652226441,445.49144926288716,"MATR_b4c15,MATR_b1c4,MATR_b4c30,MATR_b4c3,MATR_b3c4,MATR_b2c43,MATR_b1c42,MATR_b3c35,MATR_b4c23,MATR_b4c20,MATR_b1c43,MATR_b1c41,MATR_b3c39,MATR_b4c43,MATR_b3c10,MATR_b1c34",False,False,0.95
440,MATR_b3c20,811.0,665.2836398480667,45.92243020830925,575.2773305572264,755.2899491389071,371.0,225.28363984806674,135.27733055722638,315.2899491389071,145.71636015193326,"MATR_b4c15,MATR_b1c4,MATR_b4c30,MATR_b4c3,MATR_b3c4,MATR_b2c43,MATR_b1c42,MATR_b3c35,MATR_b4c23,MATR_b4c20,MATR_b1c43,MATR_b1c41,MATR_b3c39,MATR_b4c43,MATR_b3c10,MATR_b1c34",False,False,0.95
440,MATR_b3c3,1113.0,774.6710355127095,55.808546434799545,665.2882944709712,884.0537765544478,673.0,334.6710355127095,225.2882944709712,444.05377655444784,338.3289644872905,"MATR_b4c15,MATR_b1c4,MATR_b4c30,MATR_b4c3,MATR_b3c4,MATR_b2c43,MATR_b1c42,MATR_b3c35,MATR_b4c23,MATR_b4c20,MATR_b1c43,MATR_b1c41,MATR_b3c39,MATR_b4c43,MATR_b3c10,MATR_b1c34",False,False,0.95
440,MATR_b3c30,933.0,629.9112645954442,44.54354695032092,542.6075168291462,717.2150123617422,493.0,189.9112645954442,102.60751682914622,277.2150123617422,303.0887354045558,"MATR_b4c15,MATR_b1c4,MATR_b4c30,MATR_b4c3,MATR_b3c4,MATR_b2c43,MATR_b1c42,MATR_b3c35,MATR_b4c23,MATR_b4c20,MATR_b1c43,MATR_b1c41,MATR_b3c39,MATR_b4c43,MATR_b3c10,MATR_b1c34",False,False,0.95
440,MATR_b3c44,938.0,580.5735998337013,40.40663817601948,501.378044272362,659.7691553950407,498.0,140.57359983370134,61.37804427236199,219.76915539504068,357.42640016629866,"MATR_b4c15,MATR_b1c4,MATR_b4c30,MATR_b4c3,MATR_b3c4,MATR_b2c43,MATR_b1c42,MATR_b3c35,MATR_b4c23,MATR_b4c20,MATR_b1c43,MATR_b1c41,MATR_b3c39,MATR_b4c43,MATR_b3c10,MATR_b1c34",False,False,0.95
440,MATR_b3c45,1799.0,959.7068739030352,78.47548751499303,805.8977447044263,1113.5160031016442,1359.0,519.7068739030352,365.89774470442626,673.5160031016442,839.2931260969648,"MATR_b4c15,MATR_b1c4,MATR_b4c30,MATR_b4c3,MATR_b3c4,MATR_b2c43,MATR_b1c42,MATR_b3c35,MATR_b4c23,MATR_b4c20,MATR_b1c43,MATR_b1c41,MATR_b3c39,MATR_b4c43,MATR_b3c10,MATR_b1c34",False,False,0.95
440,MATR_b4c10,872.0,607.8238022347242,41.10743265309558,527.2547147377511,688.3928897316973,432.0,167.8238022347242,87.2547147377511,248.39288973169732,264.1761977652758,"MATR_b4c15,MATR_b1c4,MATR_b4c30,MATR_b4c3,MATR_b3c4,MATR_b2c43,MATR_b1c42,MATR_b3c35,MATR_b4c23,MATR_b4c20,MATR_b1c43,MATR_b1c41,MATR_b3c39,MATR_b4c43,MATR_b3c10,MATR_b1c34",False,False,0.95
440,MATR_b4c13,771.0,560.5060983638003,38.08117775498953,485.868361475153,635.1438352524476,331.0,120.50609836380033,45.868361475152994,195.14383525244762,210.49390163619967,"MATR_b4c15,MATR_b1c4,MATR_b4c30,MATR_b4c3,MATR_b3c4,MATR_b2c43,MATR_b1c42,MATR_b3c35,MATR_b4c23,MATR_b4c20,MATR_b1c43,MATR_b1c41,MATR_b3c39,MATR_b4c43,MATR_b3c10,MATR_b1c34",False,False,0.95
440,MATR_b4c16,909.0,860.0710761651286,62.38769456517301,737.7934417389042,982.348710591353,469.0,420.0710761651286,297.7934417389042,542.348710591353,48.9289238348714,"MATR_b4c15,MATR_b1c4,MATR_b4c30,MATR_b4c3,MATR_b3c4,MATR_b2c43,MATR_b1c42,MATR_b3c35,MATR_b4c23,MATR_b4c20,MATR_b1c43,MATR_b1c41,MATR_b3c39,MATR_b4c43,MATR_b3c10,MATR_b1c34",False,False,0.95
440,MATR_b4c18,906.0,717.028246536693,49.200433433464184,620.5971689833428,813.4593240900432,466.0,277.028246536693,180.59716898334284,373.4593240900432,188.97175346330698,"MATR_b4c15,MATR_b1c4,MATR_b4c30,MATR_b4c3,MATR_b3c4,MATR_b2c43,MATR_b1c42,MATR_b3c35,MATR_b4c23,MATR_b4c20,MATR_b1c43,MATR_b1c41,MATR_b3c39,MATR_b4c43,MATR_b3c10,MATR_b1c34",False,False,0.95
440,MATR_b4c25,453.0,457.63852032745416,32.09234103316246,394.7386877228788,520.5383529320295,13.0,17.63852032745416,-45.26131227712119,80.53835293202951,4.6385203274541595,"MATR_b4c15,MATR_b1c4,MATR_b4c30,MATR_b4c3,MATR_b3c4,MATR_b2c43,MATR_b1c42,MATR_b3c35,MATR_b4c23,MATR_b4c20,MATR_b1c43,MATR_b1c41,MATR_b3c39,MATR_b4c43,MATR_b3c10,MATR_b1c34",False,False,0.95
440,MATR_b4c29,887.0,637.7291897517925,43.35979886250141,552.745545604389,722.7128338991961,447.0,197.72918975179255,112.74554560438901,282.7128338991961,249.27081024820745,"MATR_b4c15,MATR_b1c4,MATR_b4c30,MATR_b4c3,MATR_b3c4,MATR_b2c43,MATR_b1c42,MATR_b3c35,MATR_b4c23,MATR_b4c20,MATR_b1c43,MATR_b1c41,MATR_b3c39,MATR_b4c43,MATR_b3c10,MATR_b1c34",False,False,0.95
440,MATR_b4c33,505.0,481.0100545563253,31.978516860292288,418.33331323114555,543.6867958815051,65.0,41.010054556325315,-21.666686768854447,103.68679588150508,23.989945443674685,"MATR_b4c15,MATR_b1c4,MATR_b4c30,MATR_b4c3,MATR_b3c4,MATR_b2c43,MATR_b1c42,MATR_b3c35,MATR_b4c23,MATR_b4c20,MATR_b1c43,MATR_b1c41,MATR_b3c39,MATR_b4c43,MATR_b3c10,MATR_b1c34",False,False,0.95
440,MATR_b4c37,863.0,610.3943287741221,42.84305865786547,526.4234768171689,694.3651807310753,423.0,170.39432877412207,86.42347681716888,254.36518073107527,252.60567122587793,"MATR_b4c15,MATR_b1c4,MATR_b4c30,MATR_b4c3,MATR_b3c4,MATR_b2c43,MATR_b1c42,MATR_b3c35,MATR_b4c23,MATR_b4c20,MATR_b1c43,MATR_b1c41,MATR_b3c39,MATR_b4c43,MATR_b3c10,MATR_b1c34",False,False,0.95
440,MATR_b4c4,656.0,548.4051364433142,37.692966467326855,474.5282796968776,622.2819931897508,216.0,108.40513644331418,34.528279696877576,182.28199318975078,107.59486355668582,"MATR_b4c15,MATR_b1c4,MATR_b4c30,MATR_b4c3,MATR_b3c4,MATR_b2c43,MATR_b1c42,MATR_b3c35,MATR_b4c23,MATR_b4c20,MATR_b1c43,MATR_b1c41,MATR_b3c39,MATR_b4c43,MATR_b3c10,MATR_b1c34",False,False,0.95
440,MATR_b4c9,442.0,452.8400728937409,31.590758823218433,390.9233233559419,514.75682243154,2.0,12.84007289374091,-49.076676644058125,74.75682243153994,10.84007289374091,"MATR_b4c15,MATR_b1c4,MATR_b4c30,MATR_b4c3,MATR_b3c4,MATR_b2c43,MATR_b1c42,MATR_b3c35,MATR_b4c23,MATR_b4c20,MATR_b1c43,MATR_b1c41,MATR_b3c39,MATR_b4c43,MATR_b3c10,MATR_b1c34",False,False,0.95
460,MATR_b1c1,2154.0,1575.1147071191194,166.38445795178905,1249.007161946394,1901.2222522918448,1694.0,1115.1147071191194,789.007161946394,1441.2222522918448,578.8852928808806,"MATR_b1c33,MATR_b1c40,MATR_b4c1,MATR_b1c6,MATR_b4c44,MATR_b1c0,MATR_b4c26,MATR_b4c31,MATR_b1c34,MATR_b1c31,MATR_b4c6,MATR_b3c18,MATR_b4c17,MATR_b4c19,MATR_b4c7,MATR_b4c39",False,False,0.95
460,MATR_b1c20,533.0,477.9741216789798,34.24344674435305,410.8581993535325,545.0900440044271,73.0,17.974121678979827,-49.141800646467516,85.09004400442711,55.02587832102017,"MATR_b1c33,MATR_b1c40,MATR_b4c1,MATR_b1c6,MATR_b4c44,MATR_b1c0,MATR_b4c26,MATR_b4c31,MATR_b1c34,MATR_b1c31,MATR_b4c6,MATR_b3c18,MATR_b4c17,MATR_b4c19,MATR_b4c7,MATR_b4c39",False,False,0.95
460,MATR_b1c21,557.0,480.2819873438189,32.11804897489325,417.33176809933457,543.2322065883033,97.0,20.281987343818912,-42.66823190066543,83.23220658830326,76.71801265618109,"MATR_b1c33,MATR_b1c40,MATR_b4c1,MATR_b1c6,MATR_b4c44,MATR_b1c0,MATR_b4c26,MATR_b4c31,MATR_b1c34,MATR_b1c31,MATR_b4c6,MATR_b3c18,MATR_b4c17,MATR_b4c19,MATR_b4c7,MATR_b4c39",False,False,0.95
460,MATR_b1c28,858.0,566.7276317795928,38.6663717485545,490.94293573958896,642.5123278195966,398.0,106.7276317795928,30.94293573958896,182.51232781959663,291.2723682204072,"MATR_b1c33,MATR_b1c40,MATR_b4c1,MATR_b1c6,MATR_b4c44,MATR_b1c0,MATR_b4c26,MATR_b4c31,MATR_b1c34,MATR_b1c31,MATR_b4c6,MATR_b3c18,MATR_b4c17,MATR_b4c19,MATR_b4c7,MATR_b4c39",False,False,0.95
460,MATR_b1c39,622.0,509.2284174817623,34.662800664140114,441.2905765767566,577.1662583867679,162.0,49.22841748176228,-18.70942342324338,117.16625838676794,112.77158251823772,"MATR_b1c33,MATR_b1c40,MATR_b4c1,MATR_b1c6,MATR_b4c44,MATR_b1c0,MATR_b4c26,MATR_b4c31,MATR_b1c34,MATR_b1c31,MATR_b4c6,MATR_b3c18,MATR_b4c17,MATR_b4c19,MATR_b4c7,MATR_b4c39",False,False,0.95
460,MATR_b1c7,869.0,819.9022758397534,63.03267446973981,696.3605040298261,943.4440476496808,409.0,359.90227583975343,236.36050402982607,483.4440476496808,49.09772416024657,"MATR_b1c33,MATR_b1c40,MATR_b4c1,MATR_b1c6,MATR_b4c44,MATR_b1c0,MATR_b4c26,MATR_b4c31,MATR_b1c34,MATR_b1c31,MATR_b4c6,MATR_b3c18,MATR_b4c17,MATR_b4c19,MATR_b4c7,MATR_b4c39",False,False,0.95
460,MATR_b1c9,1052.0,858.8444505716064,66.29212463745894,728.9142738235465,988.7746273196664,592.0,398.84445057160644,268.9142738235465,528.7746273196664,193.15554942839356,"MATR_b1c33,MATR_b1c40,MATR_b4c1,MATR_b1c6,MATR_b4c44,MATR_b1c0,MATR_b4c26,MATR_b4c31,MATR_b1c34,MATR_b1c31,MATR_b4c6,MATR_b3c18,MATR_b4c17,MATR_b4c19,MATR_b4c7,MATR_b4c39",False,False,0.95
460,MATR_b2c10,560.0,492.5633343653119,33.693310604665434,426.5256590602462,558.6010096703776,100.0,32.5633343653119,-33.4743409397538,98.60100967037761,67.4366656346881,"MATR_b1c33,MATR_b1c40,MATR_b4c1,MATR_b1c6,MATR_b4c44,MATR_b1c0,MATR_b4c26,MATR_b4c31,MATR_b1c34,MATR_b1c31,MATR_b4c6,MATR_b3c18,MATR_b4c17,MATR_b4c19,MATR_b4c7,MATR_b4c39",False,False,0.95
460,MATR_b2c21,488.0,421.8124196520588,31.550833921351575,359.9739214840051,483.6509178201125,28.0,-38.18758034794121,-100.02607851599493,23.65091782011251,66.1875803479412,"MATR_b1c33,MATR_b1c40,MATR_b4c1,MATR_b1c6,MATR_b4c44,MATR_b1c0,MATR_b4c26,MATR_b4c31,MATR_b1c34,MATR_b1c31,MATR_b4c6,MATR_b3c18,MATR_b4c17,MATR_b4c19,MATR_b4c7,MATR_b4c39",False,False,0.95
460,MATR_b2c23,526.0,445.4943744175339,30.985179344837135,384.76453884713874,506.22420998792904,66.0,-14.50562558246611,-75.23546115286126,46.224209987929044,80.50562558246611,"MATR_b1c33,MATR_b1c40,MATR_b4c1,MATR_b1c6,MATR_b4c44,MATR_b1c0,MATR_b4c26,MATR_b4c31,MATR_b1c34,MATR_b1c31,MATR_b4c6,MATR_b3c18,MATR_b4c17,MATR_b4c19,MATR_b4c7,MATR_b4c39",False,False,0.95
460,MATR_b2c29,497.0,441.1063907170584,32.1934914562347,378.00830692624044,504.20447450787634,37.0,-18.89360928294161,-81.99169307375956,44.20447450787634,55.89360928294161,"MATR_b1c33,MATR_b1c40,MATR_b4c1,MATR_b1c6,MATR_b4c44,MATR_b1c0,MATR_b4c26,MATR_b4c31,MATR_b1c34,MATR_b1c31,MATR_b4c6,MATR_b3c18,MATR_b4c17,MATR_b4c19,MATR_b4c7,MATR_b4c39",False,False,0.95
460,MATR_b2c30,480.0,439.38704288343564,32.02493835393227,376.61931710261297,502.1547686642583,20.0,-20.61295711656436,-83.38068289738703,42.15476866425831,40.61295711656436,"MATR_b1c33,MATR_b1c40,MATR_b4c1,MATR_b1c6,MATR_b4c44,MATR_b1c0,MATR_b4c26,MATR_b4c31,MATR_b1c34,MATR_b1c31,MATR_b4c6,MATR_b3c18,MATR_b4c17,MATR_b4c19,MATR_b4c7,MATR_b4c39",False,False,0.95
460,MATR_b2c36,534.0,456.51404446663577,32.61566416301701,392.58851737526874,520.4395715580029,74.0,-3.4859555333642334,-67.41148262473126,60.439571558002854,77.48595553336423,"MATR_b1c33,MATR_b1c40,MATR_b4c1,MATR_b1c6,MATR_b4c44,MATR_b1c0,MATR_b4c26,MATR_b4c31,MATR_b1c34,MATR_b1c31,MATR_b4c6,MATR_b3c18,MATR_b4c17,MATR_b4c19,MATR_b4c7,MATR_b4c39",False,False,0.95
460,MATR_b2c40,498.0,430.60703507723565,31.601839720947076,368.66856737897206,492.54550277549924,38.0,-29.39296492276435,-91.33143262102794,32.545502775499244,67.39296492276435,"MATR_b1c33,MATR_b1c40,MATR_b4c1,MATR_b1c6,MATR_b4c44,MATR_b1c0,MATR_b4c26,MATR_b4c31,MATR_b1c34,MATR_b1c31,MATR_b4c6,MATR_b3c18,MATR_b4c17,MATR_b4c19,MATR_b4c7,MATR_b4c39",False,False,0.95
460,MATR_b2c42,465.0,418.1362034095812,32.49551390692856,354.44616649288076,481.8262403262816,5.0,-41.863796590418815,-105.55383350711924,21.826240326281606,46.863796590418815,"MATR_b1c33,MATR_b1c40,MATR_b4c1,MATR_b1c6,MATR_b4c44,MATR_b1c0,MATR_b4c26,MATR_b4c31,MATR_b1c34,MATR_b1c31,MATR_b4c6,MATR_b3c18,MATR_b4c17,MATR_b4c19,MATR_b4c7,MATR_b4c39",False,False,0.95
460,MATR_b3c19,1152.0,697.8873619372363,49.9708687843448,599.9462588437436,795.8284650307289,692.0,237.88736193723628,139.94625884374364,335.8284650307289,454.1126380627637,"MATR_b1c33,MATR_b1c40,MATR_b4c1,MATR_b1c6,MATR_b4c44,MATR_b1c0,MATR_b4c26,MATR_b4c31,MATR_b1c34,MATR_b1c31,MATR_b4c6,MATR_b3c18,MATR_b4c17,MATR_b4c19,MATR_b4c7,MATR_b4c39",False,False,0.95
460,MATR_b3c20,811.0,669.5853937031868,46.12216695112267,579.1876075900428,759.9831798163308,351.0,209.5853937031868,119.18760759004283,299.9831798163308,141.4146062968132,"MATR_b1c33,MATR_b1c40,MATR_b4c1,MATR_b1c6,MATR_b4c44,MATR_b1c0,MATR_b4c26,MATR_b4c31,MATR_b1c34,MATR_b1c31,MATR_b4c6,MATR_b3c18,MATR_b4c17,MATR_b4c19,MATR_b4c7,MATR_b4c39",False,False,0.95
460,MATR_b3c3,1113.0,792.9874908802041,57.129098500342536,681.0165153502915,904.9584664101167,653.0,332.98749088020406,221.01651535029146,444.95846641011667,320.01250911979594,"MATR_b1c33,MATR_b1c40,MATR_b4c1,MATR_b1c6,MATR_b4c44,MATR_b1c0,MATR_b4c26,MATR_b4c31,MATR_b1c34,MATR_b1c31,MATR_b4c6,MATR_b3c18,MATR_b4c17,MATR_b4c19,MATR_b4c7,MATR_b4c39",False,False,0.95
460,MATR_b3c30,933.0,601.731820787234,41.29739213320726,520.7904195507201,682.6732220237479,473.0,141.73182078723403,60.79041955072012,222.67322202374794,331.268179212766,"MATR_b1c33,MATR_b1c40,MATR_b4c1,MATR_b1c6,MATR_b4c44,MATR_b1c0,MATR_b4c26,MATR_b4c31,MATR_b1c34,MATR_b1c31,MATR_b4c6,MATR_b3c18,MATR_b4c17,MATR_b4c19,MATR_b4c7,MATR_b4c39",False,False,0.95
460,MATR_b3c44,938.0,561.5926565753595,38.2935019141554,486.53877198169926,636.6465411690197,478.0,101.59265657535946,26.538771981699256,176.64654116901966,376.40734342464054,"MATR_b1c33,MATR_b1c40,MATR_b4c1,MATR_b1c6,MATR_b4c44,MATR_b1c0,MATR_b4c26,MATR_b4c31,MATR_b1c34,MATR_b1c31,MATR_b4c6,MATR_b3c18,MATR_b4c17,MATR_b4c19,MATR_b4c7,MATR_b4c39",False,False,0.95
460,MATR_b3c45,1799.0,932.5936654133159,76.50843175957034,782.6398946509175,1082.5474361757142,1339.0,472.5936654133159,322.63989465091754,622.5474361757142,866.4063345866841,"MATR_b1c33,MATR_b1c40,MATR_b4c1,MATR_b1c6,MATR_b4c44,MATR_b1c0,MATR_b4c26,MATR_b4c31,MATR_b1c34,MATR_b1c31,MATR_b4c6,MATR_b3c18,MATR_b4c17,MATR_b4c19,MATR_b4c7,MATR_b4c39",False,False,0.95
460,MATR_b4c10,872.0,613.494994468896,41.43647963056395,532.2809867468632,694.7090021909289,412.0,153.49499446889604,72.28098674686316,234.7090021909289,258.50500553110396,"MATR_b1c33,MATR_b1c40,MATR_b4c1,MATR_b1c6,MATR_b4c44,MATR_b1c0,MATR_b4c26,MATR_b4c31,MATR_b1c34,MATR_b1c31,MATR_b4c6,MATR_b3c18,MATR_b4c17,MATR_b4c19,MATR_b4c7,MATR_b4c39",False,False,0.95
460,MATR_b4c13,771.0,549.4348354476735,36.760884689783005,477.384825415869,621.484845479478,311.0,89.43483544767355,17.38482541586899,161.48484547947805,221.56516455232645,"MATR_b1c33,MATR_b1c40,MATR_b4c1,MATR_b1c6,MATR_b4c44,MATR_b1c0,MATR_b4c26,MATR_b4c31,MATR_b1c34,MATR_b1c31,MATR_b4c6,MATR_b3c18,MATR_b4c17,MATR_b4c19,MATR_b4c7,MATR_b4c39",False,False,0.95
460,MATR_b4c16,909.0,836.412858780491,60.26592064208765,718.2938248268501,954.5318927341318,449.0,376.412858780491,258.29382482685014,494.5318927341318,72.58714121950902,"MATR_b1c33,MATR_b1c40,MATR_b4c1,MATR_b1c6,MATR_b4c44,MATR_b1c0,MATR_b4c26,MATR_b4c31,MATR_b1c34,MATR_b1c31,MATR_b4c6,MATR_b3c18,MATR_b4c17,MATR_b4c19,MATR_b4c7,MATR_b4c39",False,False,0.95
460,MATR_b4c18,906.0,699.0142551345284,48.256795924241494,604.4326731137159,793.595837155341,446.0,239.0142551345284,144.43267311371585,333.595837155341,206.9857448654716,"MATR_b1c33,MATR_b1c40,MATR_b4c1,MATR_b1c6,MATR_b4c44,MATR_b1c0,MATR_b4c26,MATR_b4c31,MATR_b1c34,MATR_b1c31,MATR_b4c6,MATR_b3c18,MATR_b4c17,MATR_b4c19,MATR_b4c7,MATR_b4c39",False,False,0.95
460,MATR_b4c29,887.0,626.9889810657418,41.98072998760528,544.7082622453348,709.2696998861487,427.0,166.98898106574177,84.70826224533482,249.26969988614871,260.01101893425823,"MATR_b1c33,MATR_b1c40,MATR_b4c1,MATR_b1c6,MATR_b4c44,MATR_b1c0,MATR_b4c26,MATR_b4c31,MATR_b1c34,MATR_b1c31,MATR_b4c6,MATR_b3c18,MATR_b4c17,MATR_b4c19,MATR_b4c7,MATR_b4c39",False,False,0.95
460,MATR_b4c33,505.0,470.514117720944,31.750274972114198,408.2847222763567,532.7435131655313,45.0,10.514117720944,-51.71527772364328,72.74351316553134,34.485882279056,"MATR_b1c33,MATR_b1c40,MATR_b4c1,MATR_b1c6,MATR_b4c44,MATR_b1c0,MATR_b4c26,MATR_b4c31,MATR_b1c34,MATR_b1c31,MATR_b4c6,MATR_b3c18,MATR_b4c17,MATR_b4c19,MATR_b4c7,MATR_b4c39",False,False,0.95
460,MATR_b4c37,863.0,587.0709858745234,40.71137797191014,507.2781512885823,666.8638204604646,403.0,127.07098587452344,47.27815128858231,206.86382046046458,275.92901412547656,"MATR_b1c33,MATR_b1c40,MATR_b4c1,MATR_b1c6,MATR_b4c44,MATR_b1c0,MATR_b4c26,MATR_b4c31,MATR_b1c34,MATR_b1c31,MATR_b4c6,MATR_b3c18,MATR_b4c17,MATR_b4c19,MATR_b4c7,MATR_b4c39",False,False,0.95
460,MATR_b4c4,656.0,535.5174696341448,36.65473771855304,463.67550384301904,607.3594354252707,196.0,75.51746963414485,3.675503843019044,147.3594354252707,120.48253036585515,"MATR_b1c33,MATR_b1c40,MATR_b4c1,MATR_b1c6,MATR_b4c44,MATR_b1c0,MATR_b4c26,MATR_b4c31,MATR_b1c34,MATR_b1c31,MATR_b4c6,MATR_b3c18,MATR_b4c17,MATR_b4c19,MATR_b4c7,MATR_b4c39",False,False,0.95
480,MATR_b1c1,2154.0,1570.644982912454,164.08684870027417,1249.0406691232438,1892.2492967016642,1674.0,1090.644982912454,769.0406691232438,1412.2492967016642,583.355017087546,"MATR_b1c19,MATR_b1c34,MATR_b4c15,MATR_b1c26,MATR_b2c22,MATR_b3c26,MATR_b1c4,MATR_b2c45,MATR_b1c29,MATR_b4c19,MATR_b3c35,MATR_b4c42,MATR_b4c24,MATR_b1c33,MATR_b1c16,MATR_b2c14",False,False,0.95
480,MATR_b1c20,533.0,474.8801381928869,34.37218286159548,407.5118977141349,542.2483786716389,53.0,-5.119861807113125,-72.48810228586512,62.248378671638875,58.119861807113125,"MATR_b1c19,MATR_b1c34,MATR_b4c15,MATR_b1c26,MATR_b2c22,MATR_b3c26,MATR_b1c4,MATR_b2c45,MATR_b1c29,MATR_b4c19,MATR_b3c35,MATR_b4c42,MATR_b4c24,MATR_b1c33,MATR_b1c16,MATR_b2c14",False,False,0.95
480,MATR_b1c21,557.0,477.8262842869227,32.059594757288096,414.9906332036889,540.6619353701565,77.0,-2.1737157130772857,-65.0093667963111,60.66193537015647,79.17371571307729,"MATR_b1c19,MATR_b1c34,MATR_b4c15,MATR_b1c26,MATR_b2c22,MATR_b3c26,MATR_b1c4,MATR_b2c45,MATR_b1c29,MATR_b4c19,MATR_b3c35,MATR_b4c42,MATR_b4c24,MATR_b1c33,MATR_b1c16,MATR_b2c14",False,False,0.95
480,MATR_b1c28,858.0,559.6952546437581,37.72765092905247,485.7504176015161,633.640091686,378.0,79.69525464375806,5.750417601516119,153.640091686,298.30474535624194,"MATR_b1c19,MATR_b1c34,MATR_b4c15,MATR_b1c26,MATR_b2c22,MATR_b3c26,MATR_b1c4,MATR_b2c45,MATR_b1c29,MATR_b4c19,MATR_b3c35,MATR_b4c42,MATR_b4c24,MATR_b1c33,MATR_b1c16,MATR_b2c14",False,False,0.95
480,MATR_b1c39,622.0,507.103043454,34.39189710387313,439.6961637704013,574.5099231375987,142.0,27.103043453999987,-40.30383622959869,94.50992313759866,114.89695654600001,"MATR_b1c19,MATR_b1c34,MATR_b4c15,MATR_b1c26,MATR_b2c22,MATR_b3c26,MATR_b1c4,MATR_b2c45,MATR_b1c29,MATR_b4c19,MATR_b3c35,MATR_b4c42,MATR_b4c24,MATR_b1c33,MATR_b1c16,MATR_b2c14",False,False,0.95
480,MATR_b1c7,869.0,801.4218474941357,61.04245113421986,681.7808417430186,921.0628532452528,389.0,321.4218474941357,201.78084174301864,441.06285324525277,67.5781525058643,"MATR_b1c19,MATR_b1c34,MATR_b4c15,MATR_b1c26,MATR_b2c22,MATR_b3c26,MATR_b1c4,MATR_b2c45,MATR_b1c29,MATR_b4c19,MATR_b3c35,MATR_b4c42,MATR_b4c24,MATR_b1c33,MATR_b1c16,MATR_b2c14",False,False,0.95
480,MATR_b1c9,1052.0,843.2872802444572,64.45132722939312,716.965000119041,969.6095603698734,572.0,363.2872802444572,236.96500011904095,489.6095603698734,208.71271975554282,"MATR_b1c19,MATR_b1c34,MATR_b4c15,MATR_b1c26,MATR_b2c22,MATR_b3c26,MATR_b1c4,MATR_b2c45,MATR_b1c29,MATR_b4c19,MATR_b3c35,MATR_b4c42,MATR_b4c24,MATR_b1c33,MATR_b1c16,MATR_b2c14",False,False,0.95
480,MATR_b2c10,560.0,490.4659496405775,33.74300629422563,424.3308725737869,556.6010267073681,80.0,10.465949640577492,-55.669127426213095,76.60102670736808,69.53405035942251,"MATR_b1c19,MATR_b1c34,MATR_b4c15,MATR_b1c26,MATR_b2c22,MATR_b3c26,MATR_b1c4,MATR_b2c45,MATR_b1c29,MATR_b4c19,MATR_b3c35,MATR_b4c42,MATR_b4c24,MATR_b1c33,MATR_b1c16,MATR_b2c14",False,False,0.95
480,MATR_b2c21,488.0,417.64793597526784,31.908053660419476,355.10929998407426,480.18657196646143,8.0,-62.35206402473216,-124.89070001592574,0.18657196646142893,70.35206402473216,"MATR_b1c19,MATR_b1c34,MATR_b4c15,MATR_b1c26,MATR_b2c22,MATR_b3c26,MATR_b1c4,MATR_b2c45,MATR_b1c29,MATR_b4c19,MATR_b3c35,MATR_b4c42,MATR_b4c24,MATR_b1c33,MATR_b1c16,MATR_b2c14",False,False,0.95
480,MATR_b2c23,526.0,440.90012284909363,31.093793294271986,379.9574078495875,501.84283784859974,46.0,-39.099877150906366,-100.04259215041247,21.842837848599743,85.09987715090637,"MATR_b1c19,MATR_b1c34,MATR_b4c15,MATR_b1c26,MATR_b2c22,MATR_b3c26,MATR_b1c4,MATR_b2c45,MATR_b1c29,MATR_b4c19,MATR_b3c35,MATR_b4c42,MATR_b4c24,MATR_b1c33,MATR_b1c16,MATR_b2c14",False,False,0.95
480,MATR_b2c29,497.0,434.98863010274493,32.64616792764477,371.0033167313146,498.97394347417526,17.0,-45.011369897255065,-108.99668326868539,18.973943474175258,62.011369897255065,"MATR_b1c19,MATR_b1c34,MATR_b4c15,MATR_b1c26,MATR_b2c22,MATR_b3c26,MATR_b1c4,MATR_b2c45,MATR_b1c29,MATR_b4c19,MATR_b3c35,MATR_b4c42,MATR_b4c24,MATR_b1c33,MATR_b1c16,MATR_b2c14",False,False,0.95
480,MATR_b2c36,534.0,452.03827691878604,32.81503614702324,387.72198791924046,516.3545659183316,54.0,-27.96172308121396,-92.27801208075954,36.35456591833156,81.96172308121396,"MATR_b1c19,MATR_b1c34,MATR_b4c15,MATR_b1c26,MATR_b2c22,MATR_b3c26,MATR_b1c4,MATR_b2c45,MATR_b1c29,MATR_b4c19,MATR_b3c35,MATR_b4c42,MATR_b4c24,MATR_b1c33,MATR_b1c16,MATR_b2c14",False,False,0.95
480,MATR_b2c40,498.0,426.27375224782264,31.96302864017138,363.6273672762645,488.92013721938076,18.0,-53.72624775217736,-116.37263272373548,8.920137219380763,71.72624775217736,"MATR_b1c19,MATR_b1c34,MATR_b4c15,MATR_b1c26,MATR_b2c22,MATR_b3c26,MATR_b1c4,MATR_b2c45,MATR_b1c29,MATR_b4c19,MATR_b3c35,MATR_b4c42,MATR_b4c24,MATR_b1c33,MATR_b1c16,MATR_b2c14",False,False,0.95
480,MATR_b3c19,1152.0,691.3670802666702,48.36459186428033,596.5742220857019,786.1599384476385,672.0,211.3670802666702,116.57422208570188,306.1599384476385,460.6329197333298,"MATR_b1c19,MATR_b1c34,MATR_b4c15,MATR_b1c26,MATR_b2c22,MATR_b3c26,MATR_b1c4,MATR_b2c45,MATR_b1c29,MATR_b4c19,MATR_b3c35,MATR_b4c42,MATR_b4c24,MATR_b1c33,MATR_b1c16,MATR_b2c14",False,False,0.95
480,MATR_b3c20,811.0,667.2407931572917,45.800220899545856,577.4740097102032,757.0075766043802,331.0,187.2407931572917,97.47400971020318,277.00757660438023,143.7592068427083,"MATR_b1c19,MATR_b1c34,MATR_b4c15,MATR_b1c26,MATR_b2c22,MATR_b3c26,MATR_b1c4,MATR_b2c45,MATR_b1c29,MATR_b4c19,MATR_b3c35,MATR_b4c42,MATR_b4c24,MATR_b1c33,MATR_b1c16,MATR_b2c14",False,False,0.95
480,MATR_b3c3,1113.0,787.3226235151865,56.05755367495412,677.4518372508555,897.1934097795174,633.0,307.3226235151865,197.45183725085553,417.1934097795174,325.6773764848135,"MATR_b1c19,MATR_b1c34,MATR_b4c15,MATR_b1c26,MATR_b2c22,MATR_b3c26,MATR_b1c4,MATR_b2c45,MATR_b1c29,MATR_b4c19,MATR_b3c35,MATR_b4c42,MATR_b4c24,MATR_b1c33,MATR_b1c16,MATR_b2c14",False,False,0.95
480,MATR_b3c30,933.0,597.2203802597078,40.404289906302154,518.0294272224403,676.4113332969753,453.0,117.22038025970778,38.02942722244029,196.41133329697527,335.7796197402922,"MATR_b1c19,MATR_b1c34,MATR_b4c15,MATR_b1c26,MATR_b2c22,MATR_b3c26,MATR_b1c4,MATR_b2c45,MATR_b1c29,MATR_b4c19,MATR_b3c35,MATR_b4c42,MATR_b4c24,MATR_b1c33,MATR_b1c16,MATR_b2c14",False,False,0.95
480,MATR_b3c44,938.0,557.5186676161311,37.49351462488355,484.03272929753354,631.0046059347286,458.0,77.5186676161311,4.032729297533535,151.0046059347286,380.4813323838689,"MATR_b1c19,MATR_b1c34,MATR_b4c15,MATR_b1c26,MATR_b2c22,MATR_b3c26,MATR_b1c4,MATR_b2c45,MATR_b1c29,MATR_b4c19,MATR_b3c35,MATR_b4c42,MATR_b4c24,MATR_b1c33,MATR_b1c16,MATR_b2c14",False,False,0.95
480,MATR_b3c45,1799.0,928.3050515085995,75.6926497664461,779.9501840719611,1076.659918945238,1319.0,448.3050515085995,299.9501840719611,596.6599189452379,870.6949484914005,"MATR_b1c19,MATR_b1c34,MATR_b4c15,MATR_b1c26,MATR_b2c22,MATR_b3c26,MATR_b1c4,MATR_b2c45,MATR_b1c29,MATR_b4c19,MATR_b3c35,MATR_b4c42,MATR_b4c24,MATR_b1c33,MATR_b1c16,MATR_b2c14",False,False,0.95
480,MATR_b4c10,872.0,613.8261522991066,41.30393189170313,532.8719333714732,694.78037122674,392.0,133.82615229910664,52.87193337147323,214.78037122674004,258.17384770089336,"MATR_b1c19,MATR_b1c34,MATR_b4c15,MATR_b1c26,MATR_b2c22,MATR_b3c26,MATR_b1c4,MATR_b2c45,MATR_b1c29,MATR_b4c19,MATR_b3c35,MATR_b4c42,MATR_b4c24,MATR_b1c33,MATR_b1c16,MATR_b2c14",False,False,0.95
480,MATR_b4c13,771.0,546.3818258148102,36.3286476615927,475.17898479104326,617.5846668385772,291.0,66.38182581481021,-4.821015208956737,137.58466683857716,224.6181741851898,"MATR_b1c19,MATR_b1c34,MATR_b4c15,MATR_b1c26,MATR_b2c22,MATR_b3c26,MATR_b1c4,MATR_b2c45,MATR_b1c29,MATR_b4c19,MATR_b3c35,MATR_b4c42,MATR_b4c24,MATR_b1c33,MATR_b1c16,MATR_b2c14",False,False,0.95
480,MATR_b4c16,909.0,812.5548658029895,57.98647594750388,698.9034613554838,926.2062702504952,429.0,332.5548658029895,218.90346135548384,446.2062702504952,96.44513419701047,"MATR_b1c19,MATR_b1c34,MATR_b4c15,MATR_b1c26,MATR_b2c22,MATR_b3c26,MATR_b1c4,MATR_b2c45,MATR_b1c29,MATR_b4c19,MATR_b3c35,MATR_b4c42,MATR_b4c24,MATR_b1c33,MATR_b1c16,MATR_b2c14",False,False,0.95
480,MATR_b4c18,906.0,684.576082811081,47.12608247198649,592.2106584335232,776.9415071886389,426.0,204.57608281108105,112.21065843352324,296.94150718863887,221.42391718891895,"MATR_b1c19,MATR_b1c34,MATR_b4c15,MATR_b1c26,MATR_b2c22,MATR_b3c26,MATR_b1c4,MATR_b2c45,MATR_b1c29,MATR_b4c19,MATR_b3c35,MATR_b4c42,MATR_b4c24,MATR_b1c33,MATR_b1c16,MATR_b2c14",False,False,0.95
480,MATR_b4c29,887.0,629.3869443142942,41.917684989036196,547.229791420488,711.5440972081003,407.0,149.38694431429417,67.22979142048803,231.5440972081003,257.61305568570583,"MATR_b1c19,MATR_b1c34,MATR_b4c15,MATR_b1c26,MATR_b2c22,MATR_b3c26,MATR_b1c4,MATR_b2c45,MATR_b1c29,MATR_b4c19,MATR_b3c35,MATR_b4c42,MATR_b4c24,MATR_b1c33,MATR_b1c16,MATR_b2c14",False,False,0.95
480,MATR_b4c33,505.0,464.19229937487034,31.773425285522347,401.9175301497723,526.4670685999685,25.0,-15.807700625129655,-78.08246985022771,46.46706859996846,40.807700625129655,"MATR_b1c19,MATR_b1c34,MATR_b4c15,MATR_b1c26,MATR_b2c22,MATR_b3c26,MATR_b1c4,MATR_b2c45,MATR_b1c29,MATR_b4c19,MATR_b3c35,MATR_b4c42,MATR_b4c24,MATR_b1c33,MATR_b1c16,MATR_b2c14",False,False,0.95
480,MATR_b4c37,863.0,577.6806696754655,39.56381654776776,500.13701415089093,655.2243252000401,383.0,97.68066967546554,20.137014150890934,175.22432520004008,285.31933032453446,"MATR_b1c19,MATR_b1c34,MATR_b4c15,MATR_b1c26,MATR_b2c22,MATR_b3c26,MATR_b1c4,MATR_b2c45,MATR_b1c29,MATR_b4c19,MATR_b3c35,MATR_b4c42,MATR_b4c24,MATR_b1c33,MATR_b1c16,MATR_b2c14",False,False,0.95
480,MATR_b4c4,656.0,529.7667470299876,36.00550589179584,459.1972522369231,600.3362418230522,176.0,49.76674702998764,-20.802747763076923,120.3362418230522,126.23325297001236,"MATR_b1c19,MATR_b1c34,MATR_b4c15,MATR_b1c26,MATR_b2c22,MATR_b3c26,MATR_b1c4,MATR_b2c45,MATR_b1c29,MATR_b4c19,MATR_b3c35,MATR_b4c42,MATR_b4c24,MATR_b1c33,MATR_b1c16,MATR_b2c14",False,False,0.95
500,MATR_b1c1,2154.0,928.0305197852857,73.10362196967968,784.7500535852826,1071.3109859852889,1654.0,428.0305197852857,284.75005358528256,571.3109859852889,1225.9694802147142,"MATR_b3c18,MATR_b1c44,MATR_b1c16,MATR_b1c43,MATR_b3c27,MATR_b2c22,MATR_b3c36,MATR_b1c30,MATR_b4c39,MATR_b1c38,MATR_b1c3,MATR_b2c28,MATR_b4c12,MATR_b1c29,MATR_b1c31,MATR_b4c3",False,False,0.95
500,MATR_b1c20,533.0,470.44035442511733,35.66892416287234,400.53054769859705,540.3501611516376,33.0,-29.559645574882666,-99.46945230140295,40.35016115163762,62.559645574882666,"MATR_b3c18,MATR_b1c44,MATR_b1c16,MATR_b1c43,MATR_b3c27,MATR_b2c22,MATR_b3c36,MATR_b1c30,MATR_b4c39,MATR_b1c38,MATR_b1c3,MATR_b2c28,MATR_b4c12,MATR_b1c29,MATR_b1c31,MATR_b4c3",False,False,0.95
500,MATR_b1c21,557.0,473.9469772472744,32.96316707279501,409.34035696821957,538.5535975263292,57.0,-26.05302275272561,-90.65964303178043,38.55359752632921,83.05302275272561,"MATR_b3c18,MATR_b1c44,MATR_b1c16,MATR_b1c43,MATR_b3c27,MATR_b2c22,MATR_b3c36,MATR_b1c30,MATR_b4c39,MATR_b1c38,MATR_b1c3,MATR_b2c28,MATR_b4c12,MATR_b1c29,MATR_b1c31,MATR_b4c3",False,False,0.95
500,MATR_b1c28,858.0,557.2708215608184,38.38691038550332,482.0338597274653,632.5077833941714,358.0,57.270821560818376,-17.966140272534687,132.50778339417138,300.7291784391816,"MATR_b3c18,MATR_b1c44,MATR_b1c16,MATR_b1c43,MATR_b3c27,MATR_b2c22,MATR_b3c36,MATR_b1c30,MATR_b4c39,MATR_b1c38,MATR_b1c3,MATR_b2c28,MATR_b4c12,MATR_b1c29,MATR_b1c31,MATR_b4c3",False,False,0.95
500,MATR_b1c39,622.0,503.2603590619285,35.237058368497635,434.19699373853746,572.3237243853196,122.0,3.2603590619285114,-65.80300626146254,72.32372438531957,118.73964093807149,"MATR_b3c18,MATR_b1c44,MATR_b1c16,MATR_b1c43,MATR_b3c27,MATR_b2c22,MATR_b3c36,MATR_b1c30,MATR_b4c39,MATR_b1c38,MATR_b1c3,MATR_b2c28,MATR_b4c12,MATR_b1c29,MATR_b1c31,MATR_b4c3",False,False,0.95
500,MATR_b1c7,869.0,793.1661648253421,62.25275970654438,671.1529978622889,915.1793317883953,369.0,293.1661648253421,171.15299786228888,415.1793317883953,75.8338351746579,"MATR_b3c18,MATR_b1c44,MATR_b1c16,MATR_b1c43,MATR_b3c27,MATR_b2c22,MATR_b3c36,MATR_b1c30,MATR_b4c39,MATR_b1c38,MATR_b1c3,MATR_b2c28,MATR_b4c12,MATR_b1c29,MATR_b1c31,MATR_b4c3",False,False,0.95
500,MATR_b1c9,1052.0,792.8299852214201,61.48931736474846,672.3131377525598,913.3468326902804,552.0,292.8299852214201,172.31313775255978,413.3468326902804,259.1700147785799,"MATR_b3c18,MATR_b1c44,MATR_b1c16,MATR_b1c43,MATR_b3c27,MATR_b2c22,MATR_b3c36,MATR_b1c30,MATR_b4c39,MATR_b1c38,MATR_b1c3,MATR_b2c28,MATR_b4c12,MATR_b1c29,MATR_b1c31,MATR_b4c3",False,False,0.95
500,MATR_b2c10,560.0,486.361277774822,34.924229128764566,417.9110464946188,554.8115090550252,60.0,-13.638722225178014,-82.0889535053812,54.811509055025226,73.63872222517801,"MATR_b3c18,MATR_b1c44,MATR_b1c16,MATR_b1c43,MATR_b3c27,MATR_b2c22,MATR_b3c36,MATR_b1c30,MATR_b4c39,MATR_b1c38,MATR_b1c3,MATR_b2c28,MATR_b4c12,MATR_b1c29,MATR_b1c31,MATR_b4c3",False,False,0.95
500,MATR_b2c23,526.0,433.87375452106505,32.172044070038844,370.8177068347535,496.9298022073766,26.0,-66.12624547893495,-129.1822931652465,-3.0701977926233894,92.12624547893495,"MATR_b3c18,MATR_b1c44,MATR_b1c16,MATR_b1c43,MATR_b3c27,MATR_b2c22,MATR_b3c36,MATR_b1c30,MATR_b4c39,MATR_b1c38,MATR_b1c3,MATR_b2c28,MATR_b4c12,MATR_b1c29,MATR_b1c31,MATR_b4c3",False,False,0.95
500,MATR_b2c36,534.0,446.22568776759067,34.32398289897841,378.9519174796243,513.499458055557,34.0,-53.77431223240933,-121.04808252037571,13.499458055557056,87.77431223240933,"MATR_b3c18,MATR_b1c44,MATR_b1c16,MATR_b1c43,MATR_b3c27,MATR_b2c22,MATR_b3c36,MATR_b1c30,MATR_b4c39,MATR_b1c38,MATR_b1c3,MATR_b2c28,MATR_b4c12,MATR_b1c29,MATR_b1c31,MATR_b4c3",False,False,0.95
500,MATR_b3c19,1152.0,692.3829054863394,48.7277491860618,596.8782720339574,787.8875389387214,652.0,192.38290548633938,96.87827203395739,287.8875389387214,459.6170945136606,"MATR_b3c18,MATR_b1c44,MATR_b1c16,MATR_b1c43,MATR_b3c27,MATR_b2c22,MATR_b3c36,MATR_b1c30,MATR_b4c39,MATR_b1c38,MATR_b1c3,MATR_b2c28,MATR_b4c12,MATR_b1c29,MATR_b1c31,MATR_b4c3",False,False,0.95
500,MATR_b3c20,811.0,673.9261875423574,47.46855861690083,580.8895222552034,766.9628528295115,311.0,173.9261875423574,80.88952225520336,266.96285282951146,137.0738124576426,"MATR_b3c18,MATR_b1c44,MATR_b1c16,MATR_b1c43,MATR_b3c27,MATR_b2c22,MATR_b3c36,MATR_b1c30,MATR_b4c39,MATR_b1c38,MATR_b1c3,MATR_b2c28,MATR_b4c12,MATR_b1c29,MATR_b1c31,MATR_b4c3",False,False,0.95
500,MATR_b3c3,1113.0,801.6277106740747,58.387922152360176,687.1894861233204,916.065935224829,613.0,301.6277106740747,187.18948612332042,416.065935224829,311.3722893259253,"MATR_b3c18,MATR_b1c44,MATR_b1c16,MATR_b1c43,MATR_b3c27,MATR_b2c22,MATR_b3c36,MATR_b1c30,MATR_b4c39,MATR_b1c38,MATR_b1c3,MATR_b2c28,MATR_b4c12,MATR_b1c29,MATR_b1c31,MATR_b4c3",False,False,0.95
500,MATR_b3c30,933.0,596.4827818348193,40.92942603851199,516.2625808914399,676.7029827781987,433.0,96.48278183481932,16.26258089143994,176.7029827781987,336.5172181651807,"MATR_b3c18,MATR_b1c44,MATR_b1c16,MATR_b1c43,MATR_b3c27,MATR_b2c22,MATR_b3c36,MATR_b1c30,MATR_b4c39,MATR_b1c38,MATR_b1c3,MATR_b2c28,MATR_b4c12,MATR_b1c29,MATR_b1c31,MATR_b4c3",False,False,0.95
500,MATR_b3c44,938.0,553.3925332558268,37.96047064817767,478.99137794920875,627.7936885624449,438.0,53.392533255826834,-21.008622050791246,127.79368856244491,384.60746674417317,"MATR_b3c18,MATR_b1c44,MATR_b1c16,MATR_b1c43,MATR_b3c27,MATR_b2c22,MATR_b3c36,MATR_b1c30,MATR_b4c39,MATR_b1c38,MATR_b1c3,MATR_b2c28,MATR_b4c12,MATR_b1c29,MATR_b1c31,MATR_b4c3",False,False,0.95
500,MATR_b3c45,1799.0,939.2698307530588,78.24743771873116,785.9076709418048,1092.631990564313,1299.0,439.26983075305884,285.9076709418048,592.6319905643129,859.7301692469412,"MATR_b3c18,MATR_b1c44,MATR_b1c16,MATR_b1c43,MATR_b3c27,MATR_b2c22,MATR_b3c36,MATR_b1c30,MATR_b4c39,MATR_b1c38,MATR_b1c3,MATR_b2c28,MATR_b4c12,MATR_b1c29,MATR_b1c31,MATR_b4c3",False,False,0.95
500,MATR_b4c10,872.0,617.7648567492521,42.65866336831562,534.1554129187354,701.3743005797688,372.0,117.76485674925209,34.15541291873535,201.37430057976883,254.2351432507479,"MATR_b3c18,MATR_b1c44,MATR_b1c16,MATR_b1c43,MATR_b3c27,MATR_b2c22,MATR_b3c36,MATR_b1c30,MATR_b4c39,MATR_b1c38,MATR_b1c3,MATR_b2c28,MATR_b4c12,MATR_b1c29,MATR_b1c31,MATR_b4c3",False,False,0.95
500,MATR_b4c13,771.0,549.9406113047323,37.558031608698236,476.32822202146684,623.5530005879978,271.0,49.94061130473233,-23.671777978533157,123.55300058799776,221.05938869526767,"MATR_b3c18,MATR_b1c44,MATR_b1c16,MATR_b1c43,MATR_b3c27,MATR_b2c22,MATR_b3c36,MATR_b1c30,MATR_b4c39,MATR_b1c38,MATR_b1c3,MATR_b2c28,MATR_b4c12,MATR_b1c29,MATR_b1c31,MATR_b4c3",False,False,0.95
500,MATR_b4c16,909.0,816.9640896893917,59.91461258569968,699.5336068737502,934.3945725050332,409.0,316.9640896893917,199.53360687375016,434.39457250503324,92.0359103106083,"MATR_b3c18,MATR_b1c44,MATR_b1c16,MATR_b1c43,MATR_b3c27,MATR_b2c22,MATR_b3c36,MATR_b1c30,MATR_b4c39,MATR_b1c38,MATR_b1c3,MATR_b2c28,MATR_b4c12,MATR_b1c29,MATR_b1c31,MATR_b4c3",False,False,0.95
500,MATR_b4c18,906.0,690.0613991371129,49.265429567901336,593.5029315011316,786.6198667730941,406.0,190.06139913711286,93.50293150113157,286.61986677309415,215.93860086288714,"MATR_b3c18,MATR_b1c44,MATR_b1c16,MATR_b1c43,MATR_b3c27,MATR_b2c22,MATR_b3c36,MATR_b1c30,MATR_b4c39,MATR_b1c38,MATR_b1c3,MATR_b2c28,MATR_b4c12,MATR_b1c29,MATR_b1c31,MATR_b4c3",False,False,0.95
500,MATR_b4c29,887.0,638.0371238851662,43.57797211259923,552.6258680251809,723.4483797451516,387.0,138.03712388516624,52.62586802518092,223.44837974515156,248.96287611483376,"MATR_b3c18,MATR_b1c44,MATR_b1c16,MATR_b1c43,MATR_b3c27,MATR_b2c22,MATR_b3c36,MATR_b1c30,MATR_b4c39,MATR_b1c38,MATR_b1c3,MATR_b2c28,MATR_b4c12,MATR_b1c29,MATR_b1c31,MATR_b4c3",False,False,0.95
500,MATR_b4c33,505.0,455.38266193017824,32.8470291635857,391.0036677704135,519.761656089943,5.0,-44.617338069821756,-108.99633222958653,19.761656089943017,49.617338069821756,"MATR_b3c18,MATR_b1c44,MATR_b1c16,MATR_b1c43,MATR_b3c27,MATR_b2c22,MATR_b3c36,MATR_b1c30,MATR_b4c39,MATR_b1c38,MATR_b1c3,MATR_b2c28,MATR_b4c12,MATR_b1c29,MATR_b1c31,MATR_b4c3",False,False,0.95
500,MATR_b4c37,863.0,570.9827310407701,40.01749017047324,492.54989155495696,649.4155705265832,363.0,70.98273104077009,-7.450108445043043,149.41557052658322,292.0172689592299,"MATR_b3c18,MATR_b1c44,MATR_b1c16,MATR_b1c43,MATR_b3c27,MATR_b2c22,MATR_b3c36,MATR_b1c30,MATR_b4c39,MATR_b1c38,MATR_b1c3,MATR_b2c28,MATR_b4c12,MATR_b1c29,MATR_b1c31,MATR_b4c3",False,False,0.95
500,MATR_b4c4,656.0,526.0799808404711,36.68692714370398,454.1749249353664,597.9850367455758,156.0,26.07998084047108,-45.82507506463361,97.98503674557583,129.92001915952892,"MATR_b3c18,MATR_b1c44,MATR_b1c16,MATR_b1c43,MATR_b3c27,MATR_b2c22,MATR_b3c36,MATR_b1c30,MATR_b4c39,MATR_b1c38,MATR_b1c3,MATR_b2c28,MATR_b4c12,MATR_b1c29,MATR_b1c31,MATR_b4c3",False,False,0.95
520,MATR_b1c1,2154.0,943.6384584950554,76.6929781326498,793.3229834879439,1093.9539335021668,1634.0,423.6384584950554,273.32298348794393,573.9539335021668,1210.3615415049446,"MATR_b1c34,MATR_b4c30,MATR_b1c5,MATR_b1c43,MATR_b4c1,MATR_b1c31,MATR_b1c6,MATR_b3c27,MATR_b1c16,MATR_b4c43,MATR_b1c4,MATR_b4c8,MATR_b3c0,MATR_b4c3,MATR_b1c24,MATR_b4c22",False,False,0.95
520,MATR_b1c20,533.0,464.5013731097246,37.150960779868264,391.68682799012277,537.3159182293265,13.0,-55.498626890275375,-128.31317200987723,17.315918229326485,68.49862689027537,"MATR_b1c34,MATR_b4c30,MATR_b1c5,MATR_b1c43,MATR_b4c1,MATR_b1c31,MATR_b1c6,MATR_b3c27,MATR_b1c16,MATR_b4c43,MATR_b1c4,MATR_b4c8,MATR_b3c0,MATR_b4c3,MATR_b1c24,MATR_b4c22",False,False,0.95
520,MATR_b1c21,557.0,468.69113521935503,33.95019577172098,402.1499742386979,535.2322962000121,37.0,-51.30886478064497,-117.8500257613021,15.232296200012115,88.30886478064497,"MATR_b1c34,MATR_b4c30,MATR_b1c5,MATR_b1c43,MATR_b4c1,MATR_b1c31,MATR_b1c6,MATR_b3c27,MATR_b1c16,MATR_b4c43,MATR_b1c4,MATR_b4c8,MATR_b3c0,MATR_b4c3,MATR_b1c24,MATR_b4c22",False,False,0.95
520,MATR_b1c28,858.0,548.4474743649826,37.91841331020721,474.12874992607226,622.7661988038928,338.0,28.447474364982554,-45.87125007392774,102.76619880389285,309.55252563501745,"MATR_b1c34,MATR_b4c30,MATR_b1c5,MATR_b1c43,MATR_b4c1,MATR_b1c31,MATR_b1c6,MATR_b3c27,MATR_b1c16,MATR_b4c43,MATR_b1c4,MATR_b4c8,MATR_b3c0,MATR_b4c3,MATR_b1c24,MATR_b4c22",False,False,0.95
520,MATR_b1c39,622.0,491.39023550799357,35.318302457376014,422.1676346964441,560.612836319543,102.0,-28.609764492006434,-97.83236530355589,40.61283631954302,130.60976449200643,"MATR_b1c34,MATR_b4c30,MATR_b1c5,MATR_b1c43,MATR_b4c1,MATR_b1c31,MATR_b1c6,MATR_b3c27,MATR_b1c16,MATR_b4c43,MATR_b1c4,MATR_b4c8,MATR_b3c0,MATR_b4c3,MATR_b1c24,MATR_b4c22",False,False,0.95
520,MATR_b1c7,869.0,728.3969799726001,56.03758043234,618.5653405444473,838.2286194007529,349.0,208.3969799726001,98.56534054444728,318.2286194007529,140.6030200273999,"MATR_b1c34,MATR_b4c30,MATR_b1c5,MATR_b1c43,MATR_b4c1,MATR_b1c31,MATR_b1c6,MATR_b3c27,MATR_b1c16,MATR_b4c43,MATR_b1c4,MATR_b4c8,MATR_b3c0,MATR_b4c3,MATR_b1c24,MATR_b4c22",False,False,0.95
520,MATR_b1c9,1052.0,734.90106117212,56.741599463605155,623.6895697982567,846.1125525459832,532.0,214.90106117211997,103.68956979825668,326.11255254598325,317.09893882788003,"MATR_b1c34,MATR_b4c30,MATR_b1c5,MATR_b1c43,MATR_b4c1,MATR_b1c31,MATR_b1c6,MATR_b3c27,MATR_b1c16,MATR_b4c43,MATR_b1c4,MATR_b4c8,MATR_b3c0,MATR_b4c3,MATR_b1c24,MATR_b4c22",False,False,0.95
520,MATR_b2c10,560.0,479.71336073844344,36.13786369707659,408.88444941395585,550.542272062931,40.0,-40.28663926155656,-111.11555058604415,30.542272062931033,80.28663926155656,"MATR_b1c34,MATR_b4c30,MATR_b1c5,MATR_b1c43,MATR_b4c1,MATR_b1c31,MATR_b1c6,MATR_b3c27,MATR_b1c16,MATR_b4c43,MATR_b1c4,MATR_b4c8,MATR_b3c0,MATR_b4c3,MATR_b1c24,MATR_b4c22",False,False,0.95
520,MATR_b2c23,526.0,425.66603385832934,33.516333516419316,359.9752272723148,491.3568404443439,6.0,-94.33396614167066,-160.02477272768522,-28.643159555656098,100.33396614167066,"MATR_b1c34,MATR_b4c30,MATR_b1c5,MATR_b1c43,MATR_b4c1,MATR_b1c31,MATR_b1c6,MATR_b3c27,MATR_b1c16,MATR_b4c43,MATR_b1c4,MATR_b4c8,MATR_b3c0,MATR_b4c3,MATR_b1c24,MATR_b4c22",False,False,0.95
520,MATR_b2c36,534.0,437.1763196114619,36.144783322732614,366.333846069902,508.0187931530218,14.0,-82.8236803885381,-153.666153930098,-11.981206846978182,96.8236803885381,"MATR_b1c34,MATR_b4c30,MATR_b1c5,MATR_b1c43,MATR_b4c1,MATR_b1c31,MATR_b1c6,MATR_b3c27,MATR_b1c16,MATR_b4c43,MATR_b1c4,MATR_b4c8,MATR_b3c0,MATR_b4c3,MATR_b1c24,MATR_b4c22",False,False,0.95
520,MATR_b3c19,1152.0,703.6856283698248,50.246863859559554,605.2035848690009,802.1676718706487,632.0,183.68562836982483,85.2035848690009,282.16767187064875,448.3143716301752,"MATR_b1c34,MATR_b4c30,MATR_b1c5,MATR_b1c43,MATR_b4c1,MATR_b1c31,MATR_b1c6,MATR_b3c27,MATR_b1c16,MATR_b4c43,MATR_b1c4,MATR_b4c8,MATR_b3c0,MATR_b4c3,MATR_b1c24,MATR_b4c22",False,False,0.95
520,MATR_b3c20,811.0,676.6012034508319,48.519966166128704,581.5038172341177,771.6985896675461,291.0,156.60120345083192,61.50381723411772,251.69858966754612,134.39879654916808,"MATR_b1c34,MATR_b4c30,MATR_b1c5,MATR_b1c43,MATR_b4c1,MATR_b1c31,MATR_b1c6,MATR_b3c27,MATR_b1c16,MATR_b4c43,MATR_b1c4,MATR_b4c8,MATR_b3c0,MATR_b4c3,MATR_b1c24,MATR_b4c22",False,False,0.95
520,MATR_b3c3,1113.0,812.5411182809634,60.51832941999453,693.9273722132433,931.1548643486834,593.0,292.54111828096336,173.9273722132433,411.1548643486834,300.45888171903664,"MATR_b1c34,MATR_b4c30,MATR_b1c5,MATR_b1c43,MATR_b4c1,MATR_b1c31,MATR_b1c6,MATR_b3c27,MATR_b1c16,MATR_b4c43,MATR_b1c4,MATR_b4c8,MATR_b3c0,MATR_b4c3,MATR_b1c24,MATR_b4c22",False,False,0.95
520,MATR_b3c30,933.0,589.8866475990458,40.38713976735556,510.72930821644354,669.043986981648,413.0,69.88664759904577,-9.270691783556458,149.043986981648,343.1133524009542,"MATR_b1c34,MATR_b4c30,MATR_b1c5,MATR_b1c43,MATR_b4c1,MATR_b1c31,MATR_b1c6,MATR_b3c27,MATR_b1c16,MATR_b4c43,MATR_b1c4,MATR_b4c8,MATR_b3c0,MATR_b4c3,MATR_b1c24,MATR_b4c22",False,False,0.95
520,MATR_b3c44,938.0,547.3824822481067,37.69568597085979,473.5002953726898,621.2646691235237,418.0,27.382482248106726,-46.49970462731022,101.26466912352373,390.6175177518933,"MATR_b1c34,MATR_b4c30,MATR_b1c5,MATR_b1c43,MATR_b4c1,MATR_b1c31,MATR_b1c6,MATR_b3c27,MATR_b1c16,MATR_b4c43,MATR_b1c4,MATR_b4c8,MATR_b3c0,MATR_b4c3,MATR_b1c24,MATR_b4c22",False,False,0.95
520,MATR_b3c45,1799.0,898.5183465790462,73.72386734211359,754.0222217874949,1043.0144713705974,1279.0,378.51834657904624,234.0222217874949,523.0144713705974,900.4816534209538,"MATR_b1c34,MATR_b4c30,MATR_b1c5,MATR_b1c43,MATR_b4c1,MATR_b1c31,MATR_b1c6,MATR_b3c27,MATR_b1c16,MATR_b4c43,MATR_b1c4,MATR_b4c8,MATR_b3c0,MATR_b4c3,MATR_b1c24,MATR_b4c22",False,False,0.95
520,MATR_b4c10,872.0,623.5485759962755,43.87484693160574,537.5554561831206,709.5416958094305,352.0,103.54857599627553,17.555456183120555,189.5416958094305,248.45142400372447,"MATR_b1c34,MATR_b4c30,MATR_b1c5,MATR_b1c43,MATR_b4c1,MATR_b1c31,MATR_b1c6,MATR_b3c27,MATR_b1c16,MATR_b4c43,MATR_b1c4,MATR_b4c8,MATR_b3c0,MATR_b4c3,MATR_b1c24,MATR_b4c22",False,False,0.95
520,MATR_b4c13,771.0,553.5655627472779,38.39896253449373,478.30497913596736,628.8261463585885,251.0,33.56556274727791,-41.69502086403264,108.82614635858852,217.4344372527221,"MATR_b1c34,MATR_b4c30,MATR_b1c5,MATR_b1c43,MATR_b4c1,MATR_b1c31,MATR_b1c6,MATR_b3c27,MATR_b1c16,MATR_b4c43,MATR_b1c4,MATR_b4c8,MATR_b3c0,MATR_b4c3,MATR_b1c24,MATR_b4c22",False,False,0.95
520,MATR_b4c16,909.0,813.1795465561855,61.13481928754963,693.3575025512237,933.0015905611474,389.0,293.1795465561855,173.35750255122366,413.0015905611474,95.82045344381447,"MATR_b1c34,MATR_b4c30,MATR_b1c5,MATR_b1c43,MATR_b4c1,MATR_b1c31,MATR_b1c6,MATR_b3c27,MATR_b1c16,MATR_b4c43,MATR_b1c4,MATR_b4c8,MATR_b3c0,MATR_b4c3,MATR_b1c24,MATR_b4c22",False,False,0.95
520,MATR_b4c18,906.0,688.0124043085756,50.18813984993725,589.6454577516391,786.379350865512,386.0,168.01240430857558,69.64545775163913,266.37935086551204,217.98759569142442,"MATR_b1c34,MATR_b4c30,MATR_b1c5,MATR_b1c43,MATR_b4c1,MATR_b1c31,MATR_b1c6,MATR_b3c27,MATR_b1c16,MATR_b4c43,MATR_b1c4,MATR_b4c8,MATR_b3c0,MATR_b4c3,MATR_b1c24,MATR_b4c22",False,False,0.95
520,MATR_b4c29,887.0,650.9274929311795,45.42443731136147,561.8972317829135,739.9577540794454,367.0,130.92749293117947,41.897231782913536,219.9577540794454,236.07250706882053,"MATR_b1c34,MATR_b4c30,MATR_b1c5,MATR_b1c43,MATR_b4c1,MATR_b1c31,MATR_b1c6,MATR_b3c27,MATR_b1c16,MATR_b4c43,MATR_b1c4,MATR_b4c8,MATR_b3c0,MATR_b4c3,MATR_b1c24,MATR_b4c22",False,False,0.95
520,MATR_b4c37,863.0,565.2666972150107,39.614731697245496,487.62324983119225,642.9101445988291,343.0,45.26669721501071,-32.376750168807746,122.9101445988291,297.7333027849893,"MATR_b1c34,MATR_b4c30,MATR_b1c5,MATR_b1c43,MATR_b4c1,MATR_b1c31,MATR_b1c6,MATR_b3c27,MATR_b1c16,MATR_b4c43,MATR_b1c4,MATR_b4c8,MATR_b3c0,MATR_b4c3,MATR_b1c24,MATR_b4c22",False,False,0.95
520,MATR_b4c4,656.0,521.0571700486184,36.954206857596525,448.6282555304862,593.4860845667507,136.0,1.0571700486184454,-71.37174446951383,73.48608456675072,134.94282995138155,"MATR_b1c34,MATR_b4c30,MATR_b1c5,MATR_b1c43,MATR_b4c1,MATR_b1c31,MATR_b1c6,MATR_b3c27,MATR_b1c16,MATR_b4c43,MATR_b1c4,MATR_b4c8,MATR_b3c0,MATR_b4c3,MATR_b1c24,MATR_b4c22",False,False,0.95
540,MATR_b1c1,2154.0,975.116185254766,83.01108414056738,812.41745002163,1137.814920487902,1614.0,435.11618525476604,272.41745002163,597.8149204879021,1178.8838147452338,"MATR_b4c28,MATR_b4c3,MATR_b1c42,MATR_b4c20,MATR_b1c44,MATR_b3c21,MATR_b4c39,MATR_b1c6,MATR_b1c29,MATR_b4c8,MATR_b3c6,MATR_b3c39,MATR_b4c12,MATR_b1c38,MATR_b2c47,MATR_b1c24",False,False,0.95
540,MATR_b1c21,557.0,472.5614290472942,35.728753240596916,402.53435948320555,542.5884986113829,17.0,-67.43857095270579,-137.46564051679445,2.5884986113828745,84.43857095270579,"MATR_b4c28,MATR_b4c3,MATR_b1c42,MATR_b4c20,MATR_b1c44,MATR_b3c21,MATR_b4c39,MATR_b1c6,MATR_b1c29,MATR_b4c8,MATR_b3c6,MATR_b3c39,MATR_b4c12,MATR_b1c38,MATR_b2c47,MATR_b1c24",False,False,0.95
540,MATR_b1c28,858.0,555.8599603946207,38.87485838606834,479.66663805383183,632.0532827354095,318.0,15.859960394620657,-60.33336194616817,92.05328273540954,302.14003960537934,"MATR_b4c28,MATR_b4c3,MATR_b1c42,MATR_b4c20,MATR_b1c44,MATR_b3c21,MATR_b4c39,MATR_b1c6,MATR_b1c29,MATR_b4c8,MATR_b3c6,MATR_b3c39,MATR_b4c12,MATR_b1c38,MATR_b2c47,MATR_b1c24",False,False,0.95
540,MATR_b1c39,622.0,493.868178060448,36.83198028214403,421.67882322815626,566.0575328927397,82.0,-46.131821939552026,-118.32117677184374,26.057532892739687,128.13182193955203,"MATR_b4c28,MATR_b4c3,MATR_b1c42,MATR_b4c20,MATR_b1c44,MATR_b3c21,MATR_b4c39,MATR_b1c6,MATR_b1c29,MATR_b4c8,MATR_b3c6,MATR_b3c39,MATR_b4c12,MATR_b1c38,MATR_b2c47,MATR_b1c24",False,False,0.95
540,MATR_b1c7,869.0,704.9311005544974,54.23087178522591,598.6405450052453,811.2216561037496,329.0,164.93110055449745,58.64054500524526,271.22165610374964,164.06889944550255,"MATR_b4c28,MATR_b4c3,MATR_b1c42,MATR_b4c20,MATR_b1c44,MATR_b3c21,MATR_b4c39,MATR_b1c6,MATR_b1c29,MATR_b4c8,MATR_b3c6,MATR_b3c39,MATR_b4c12,MATR_b1c38,MATR_b2c47,MATR_b1c24",False,False,0.95
540,MATR_b1c9,1052.0,720.4878003643689,56.04158630421074,610.6483095716228,830.327291157115,512.0,180.48780036436892,70.6483095716228,290.32729115711504,331.5121996356311,"MATR_b4c28,MATR_b4c3,MATR_b1c42,MATR_b4c20,MATR_b1c44,MATR_b3c21,MATR_b4c39,MATR_b1c6,MATR_b1c29,MATR_b4c8,MATR_b3c6,MATR_b3c39,MATR_b4c12,MATR_b1c38,MATR_b2c47,MATR_b1c24",False,False,0.95
540,MATR_b2c10,560.0,484.8671911671718,38.303490693798594,409.7937289251615,559.9406534091822,20.0,-55.132808832828175,-130.20627107483853,19.940653409182232,75.13280883282818,"MATR_b4c28,MATR_b4c3,MATR_b1c42,MATR_b4c20,MATR_b1c44,MATR_b3c21,MATR_b4c39,MATR_b1c6,MATR_b1c29,MATR_b4c8,MATR_b3c6,MATR_b3c39,MATR_b4c12,MATR_b1c38,MATR_b2c47,MATR_b1c24",False,False,0.95
540,MATR_b3c19,1152.0,727.0873879379621,53.54765911432385,622.1359046174595,832.0388712584648,612.0,187.08738793796215,82.13590461745946,292.03887125846484,424.91261206203785,"MATR_b4c28,MATR_b4c3,MATR_b1c42,MATR_b4c20,MATR_b1c44,MATR_b3c21,MATR_b4c39,MATR_b1c6,MATR_b1c29,MATR_b4c8,MATR_b3c6,MATR_b3c39,MATR_b4c12,MATR_b1c38,MATR_b2c47,MATR_b1c24",False,False,0.95
540,MATR_b3c20,811.0,690.3950865372764,50.68157865763543,591.0610176886771,789.7291553858756,271.0,150.39508653727637,51.06101768867711,249.72915538587563,120.60491346272363,"MATR_b4c28,MATR_b4c3,MATR_b1c42,MATR_b4c20,MATR_b1c44,MATR_b3c21,MATR_b4c39,MATR_b1c6,MATR_b1c29,MATR_b4c8,MATR_b3c6,MATR_b3c39,MATR_b4c12,MATR_b1c38,MATR_b2c47,MATR_b1c24",False,False,0.95
540,MATR_b3c3,1113.0,828.2064201694209,63.405643587601226,703.9336423211395,952.4791980177023,573.0,288.2064201694209,163.93364232113947,412.4791980177023,284.7935798305791,"MATR_b4c28,MATR_b4c3,MATR_b1c42,MATR_b4c20,MATR_b1c44,MATR_b3c21,MATR_b4c39,MATR_b1c6,MATR_b1c29,MATR_b4c8,MATR_b3c6,MATR_b3c39,MATR_b4c12,MATR_b1c38,MATR_b2c47,MATR_b1c24",False,False,0.95
540,MATR_b3c30,933.0,598.6659129376145,41.4166143047567,517.490840538705,679.840985336524,393.0,58.66591293761451,-22.509159461294985,139.840985336524,334.3340870623855,"MATR_b4c28,MATR_b4c3,MATR_b1c42,MATR_b4c20,MATR_b1c44,MATR_b3c21,MATR_b4c39,MATR_b1c6,MATR_b1c29,MATR_b4c8,MATR_b3c6,MATR_b3c39,MATR_b4c12,MATR_b1c38,MATR_b2c47,MATR_b1c24",False,False,0.95
540,MATR_b3c44,938.0,557.1058210797979,38.76978626623472,481.1184363096623,633.0932058499336,398.0,17.10582107979792,-58.881563690337714,93.09320584993361,380.8941789202021,"MATR_b4c28,MATR_b4c3,MATR_b1c42,MATR_b4c20,MATR_b1c44,MATR_b3c21,MATR_b4c39,MATR_b1c6,MATR_b1c29,MATR_b4c8,MATR_b3c6,MATR_b3c39,MATR_b4c12,MATR_b1c38,MATR_b2c47,MATR_b1c24",False,False,0.95
540,MATR_b3c45,1799.0,902.9509560374955,76.13187980372109,753.7352135468699,1052.166698528121,1259.0,362.95095603749553,213.7352135468699,512.1666985281211,896.0490439625045,"MATR_b4c28,MATR_b4c3,MATR_b1c42,MATR_b4c20,MATR_b1c44,MATR_b3c21,MATR_b4c39,MATR_b1c6,MATR_b1c29,MATR_b4c8,MATR_b3c6,MATR_b3c39,MATR_b4c12,MATR_b1c38,MATR_b2c47,MATR_b1c24",False,False,0.95
540,MATR_b4c10,872.0,639.7134603962459,46.05831041816599,549.4408307878746,729.9860900046172,332.0,99.71346039624586,9.440830787874575,189.98609000461715,232.28653960375414,"MATR_b4c28,MATR_b4c3,MATR_b1c42,MATR_b4c20,MATR_b1c44,MATR_b3c21,MATR_b4c39,MATR_b1c6,MATR_b1c29,MATR_b4c8,MATR_b3c6,MATR_b3c39,MATR_b4c12,MATR_b1c38,MATR_b2c47,MATR_b1c24",False,False,0.95
540,MATR_b4c13,771.0,567.9779645372465,40.15879643737902,489.2681698575082,646.6877592169848,231.0,27.97796453724652,-50.73183014249179,106.68775921698477,203.02203546275348,"MATR_b4c28,MATR_b4c3,MATR_b1c42,MATR_b4c20,MATR_b1c44,MATR_b3c21,MATR_b4c39,MATR_b1c6,MATR_b1c29,MATR_b4c8,MATR_b3c6,MATR_b3c39,MATR_b4c12,MATR_b1c38,MATR_b2c47,MATR_b1c24",False,False,0.95
540,MATR_b4c16,909.0,822.1055765937512,63.5323077021519,697.5845416428168,946.6266115446855,369.0,282.10557659375115,157.58454164281682,406.6266115446855,86.89442340624885,"MATR_b4c28,MATR_b4c3,MATR_b1c42,MATR_b4c20,MATR_b1c44,MATR_b3c21,MATR_b4c39,MATR_b1c6,MATR_b1c29,MATR_b4c8,MATR_b3c6,MATR_b3c39,MATR_b4c12,MATR_b1c38,MATR_b2c47,MATR_b1c24",False,False,0.95
540,MATR_b4c18,906.0,703.286767851661,52.797456006393816,599.8056556037913,806.7678800995308,366.0,163.286767851661,59.80565560379125,266.76788009953077,202.713232148339,"MATR_b4c28,MATR_b4c3,MATR_b1c42,MATR_b4c20,MATR_b1c44,MATR_b3c21,MATR_b4c39,MATR_b1c6,MATR_b1c29,MATR_b4c8,MATR_b3c6,MATR_b3c39,MATR_b4c12,MATR_b1c38,MATR_b2c47,MATR_b1c24",False,False,0.95
540,MATR_b4c29,887.0,671.2929570215001,48.14539556285345,576.9297156968728,765.6561983461274,347.0,131.29295702150011,36.92971569687279,225.65619834612744,215.70704297849989,"MATR_b4c28,MATR_b4c3,MATR_b1c42,MATR_b4c20,MATR_b1c44,MATR_b3c21,MATR_b4c39,MATR_b1c6,MATR_b1c29,MATR_b4c8,MATR_b3c6,MATR_b3c39,MATR_b4c12,MATR_b1c38,MATR_b2c47,MATR_b1c24",False,False,0.95
540,MATR_b4c37,863.0,573.9201229234333,40.69828982157385,494.15294064077545,653.6873052060911,323.0,33.92012292343327,-45.847059359224545,113.68730520609108,289.07987707656673,"MATR_b4c28,MATR_b4c3,MATR_b1c42,MATR_b4c20,MATR_b1c44,MATR_b3c21,MATR_b4c39,MATR_b1c6,MATR_b1c29,MATR_b4c8,MATR_b3c6,MATR_b3c39,MATR_b4c12,MATR_b1c38,MATR_b2c47,MATR_b1c24",False,False,0.95
540,MATR_b4c4,656.0,530.2493509902768,38.47222941300883,454.8451669358169,605.6535350447366,116.0,-9.750649009723247,-85.1548330641831,65.6535350447366,125.75064900972325,"MATR_b4c28,MATR_b4c3,MATR_b1c42,MATR_b4c20,MATR_b1c44,MATR_b3c21,MATR_b4c39,MATR_b1c6,MATR_b1c29,MATR_b4c8,MATR_b3c6,MATR_b3c39,MATR_b4c12,MATR_b1c38,MATR_b2c47,MATR_b1c24",False,False,0.95
560,MATR_b1c1,2154.0,936.1082309124581,74.78411111948736,789.5340665024215,1082.6823953224948,1594.0,376.1082309124581,229.53406650242152,522.6823953224948,1217.891769087542,"MATR_b4c28,MATR_b3c22,MATR_b2c47,MATR_b1c29,MATR_b1c38,MATR_b3c38,MATR_b3c34,MATR_b1c0,MATR_b3c29,MATR_b3c24,MATR_b1c3,MATR_b4c0,MATR_b3c35,MATR_b4c23,MATR_b1c31,MATR_b3c8",False,False,0.95
560,MATR_b1c28,858.0,538.5978469692286,36.44933318504319,467.15846666604335,610.0372272724138,298.0,-21.402153030771387,-92.84153333395665,50.037227272413816,319.4021530307714,"MATR_b4c28,MATR_b3c22,MATR_b2c47,MATR_b1c29,MATR_b1c38,MATR_b3c38,MATR_b3c34,MATR_b1c0,MATR_b3c29,MATR_b3c24,MATR_b1c3,MATR_b4c0,MATR_b3c35,MATR_b4c23,MATR_b1c31,MATR_b3c8",False,False,0.95
560,MATR_b1c39,622.0,471.94725291607824,35.56893924131421,402.23341303480896,541.6610927973475,62.0,-88.05274708392176,-157.76658696519104,-18.338907202652535,150.05274708392176,"MATR_b4c28,MATR_b3c22,MATR_b2c47,MATR_b1c29,MATR_b1c38,MATR_b3c38,MATR_b3c34,MATR_b1c0,MATR_b3c29,MATR_b3c24,MATR_b1c3,MATR_b4c0,MATR_b3c35,MATR_b4c23,MATR_b1c31,MATR_b3c8",False,False,0.95
560,MATR_b1c7,869.0,641.8991987690948,47.12102764875305,549.5436816630228,734.2547158751669,309.0,81.89919876909482,-10.456318336977233,174.25471587516688,227.10080123090518,"MATR_b4c28,MATR_b3c22,MATR_b2c47,MATR_b1c29,MATR_b1c38,MATR_b3c38,MATR_b3c34,MATR_b1c0,MATR_b3c29,MATR_b3c24,MATR_b1c3,MATR_b4c0,MATR_b3c35,MATR_b4c23,MATR_b1c31,MATR_b3c8",False,False,0.95
560,MATR_b1c9,1052.0,648.0689493842824,47.08718062144869,555.7797712327106,740.3581275358542,492.0,88.0689493842824,-4.220228767289427,180.35812753585424,403.9310506157176,"MATR_b4c28,MATR_b3c22,MATR_b2c47,MATR_b1c29,MATR_b1c38,MATR_b3c38,MATR_b3c34,MATR_b1c0,MATR_b3c29,MATR_b3c24,MATR_b1c3,MATR_b4c0,MATR_b3c35,MATR_b4c23,MATR_b1c31,MATR_b3c8",False,False,0.95
560,MATR_b3c19,1152.0,706.9110545266764,48.96087970559076,610.9494936523205,802.8726154010322,592.0,146.91105452667637,50.949493652320484,242.87261540103225,445.08894547332363,"MATR_b4c28,MATR_b3c22,MATR_b2c47,MATR_b1c29,MATR_b1c38,MATR_b3c38,MATR_b3c34,MATR_b1c0,MATR_b3c29,MATR_b3c24,MATR_b1c3,MATR_b4c0,MATR_b3c35,MATR_b4c23,MATR_b1c31,MATR_b3c8",False,False,0.95
560,MATR_b3c20,811.0,662.1965975709911,46.12281445196385,571.7975423795185,752.5956527624637,251.0,102.19659757099112,11.797542379518518,192.59565276246371,148.80340242900888,"MATR_b4c28,MATR_b3c22,MATR_b2c47,MATR_b1c29,MATR_b1c38,MATR_b3c38,MATR_b3c34,MATR_b1c0,MATR_b3c29,MATR_b3c24,MATR_b1c3,MATR_b4c0,MATR_b3c35,MATR_b4c23,MATR_b1c31,MATR_b3c8",False,False,0.95
560,MATR_b3c3,1113.0,783.2904253394156,55.37332226939528,674.7607079870711,891.8201426917601,553.0,223.2904253394156,114.7607079870711,331.8201426917601,329.7095746605844,"MATR_b4c28,MATR_b3c22,MATR_b2c47,MATR_b1c29,MATR_b1c38,MATR_b3c38,MATR_b3c34,MATR_b1c0,MATR_b3c29,MATR_b3c24,MATR_b1c3,MATR_b4c0,MATR_b3c35,MATR_b4c23,MATR_b1c31,MATR_b3c8",False,False,0.95
560,MATR_b3c30,933.0,586.2602112212377,38.95865794493322,509.9026447631534,662.617777679322,373.0,26.260211221237682,-50.097355236846624,102.61777767932199,346.7397887787623,"MATR_b4c28,MATR_b3c22,MATR_b2c47,MATR_b1c29,MATR_b1c38,MATR_b3c38,MATR_b3c34,MATR_b1c0,MATR_b3c29,MATR_b3c24,MATR_b1c3,MATR_b4c0,MATR_b3c35,MATR_b4c23,MATR_b1c31,MATR_b3c8",False,False,0.95
560,MATR_b3c44,938.0,533.767438893995,35.7612167744373,463.67674197276824,603.8581358152217,378.0,-26.23256110600505,-96.32325802723176,43.85813581522166,404.23256110600505,"MATR_b4c28,MATR_b3c22,MATR_b2c47,MATR_b1c29,MATR_b1c38,MATR_b3c38,MATR_b3c34,MATR_b1c0,MATR_b3c29,MATR_b3c24,MATR_b1c3,MATR_b4c0,MATR_b3c35,MATR_b4c23,MATR_b1c31,MATR_b3c8",False,False,0.95
560,MATR_b3c45,1799.0,818.6464738583279,63.56489857782438,694.0615619648509,943.231385751805,1239.0,258.6464738583279,134.06156196485085,383.23138575180496,980.3535261416721,"MATR_b4c28,MATR_b3c22,MATR_b2c47,MATR_b1c29,MATR_b1c38,MATR_b3c38,MATR_b3c34,MATR_b1c0,MATR_b3c29,MATR_b3c24,MATR_b1c3,MATR_b4c0,MATR_b3c35,MATR_b4c23,MATR_b1c31,MATR_b3c8",False,False,0.95
560,MATR_b4c10,872.0,611.9711055558627,41.93429554394847,529.7813965726652,694.1608145390601,312.0,51.971105555862664,-30.218603427334756,134.16081453906008,260.02889444413734,"MATR_b4c28,MATR_b3c22,MATR_b2c47,MATR_b1c29,MATR_b1c38,MATR_b3c38,MATR_b3c34,MATR_b1c0,MATR_b3c29,MATR_b3c24,MATR_b1c3,MATR_b4c0,MATR_b3c35,MATR_b4c23,MATR_b1c31,MATR_b3c8",False,False,0.95
560,MATR_b4c13,771.0,551.5135721481822,37.619509655231674,477.78068810787136,625.2464561884931,211.0,-8.48642785181778,-82.21931189212864,65.24645618849308,219.48642785181778,"MATR_b4c28,MATR_b3c22,MATR_b2c47,MATR_b1c29,MATR_b1c38,MATR_b3c38,MATR_b3c34,MATR_b1c0,MATR_b3c29,MATR_b3c24,MATR_b1c3,MATR_b4c0,MATR_b3c35,MATR_b4c23,MATR_b1c31,MATR_b3c8",False,False,0.95
560,MATR_b4c16,909.0,773.6943711439146,56.116592801652466,663.7078703175762,883.6808719702531,349.0,213.69437114391462,103.70787031757618,323.68087197025307,135.30562885608538,"MATR_b4c28,MATR_b3c22,MATR_b2c47,MATR_b1c29,MATR_b1c38,MATR_b3c38,MATR_b3c34,MATR_b1c0,MATR_b3c29,MATR_b3c24,MATR_b1c3,MATR_b4c0,MATR_b3c35,MATR_b4c23,MATR_b1c31,MATR_b3c8",False,False,0.95
560,MATR_b4c18,906.0,668.174972837561,47.698417098845724,574.6877932042539,761.662152470868,346.0,108.17497283756097,14.687793204253921,201.66215247086802,237.82502716243903,"MATR_b4c28,MATR_b3c22,MATR_b2c47,MATR_b1c29,MATR_b1c38,MATR_b3c38,MATR_b3c34,MATR_b1c0,MATR_b3c29,MATR_b3c24,MATR_b1c3,MATR_b4c0,MATR_b3c35,MATR_b4c23,MATR_b1c31,MATR_b3c8",False,False,0.95
560,MATR_b4c29,887.0,652.2947470740603,44.405409120864626,565.2617444783992,739.3277496697214,327.0,92.2947470740603,5.261744478399237,179.32774966972136,234.7052529259397,"MATR_b4c28,MATR_b3c22,MATR_b2c47,MATR_b1c29,MATR_b1c38,MATR_b3c38,MATR_b3c34,MATR_b1c0,MATR_b3c29,MATR_b3c24,MATR_b1c3,MATR_b4c0,MATR_b3c35,MATR_b4c23,MATR_b1c31,MATR_b3c8",False,False,0.95
560,MATR_b4c37,863.0,553.1387129260862,37.68679362597432,479.2739547263829,627.0034711257895,303.0,-6.861287073913786,-80.7260452736171,67.00347112578947,309.8612870739138,"MATR_b4c28,MATR_b3c22,MATR_b2c47,MATR_b1c29,MATR_b1c38,MATR_b3c38,MATR_b3c34,MATR_b1c0,MATR_b3c29,MATR_b3c24,MATR_b1c3,MATR_b4c0,MATR_b3c35,MATR_b4c23,MATR_b1c31,MATR_b3c8",False,False,0.95
560,MATR_b4c4,656.0,515.2763343386744,36.433137030669265,443.86869791475004,586.6839707625986,96.0,-44.72366566132564,-116.13130208524996,26.68397076259862,140.72366566132564,"MATR_b4c28,MATR_b3c22,MATR_b2c47,MATR_b1c29,MATR_b1c38,MATR_b3c38,MATR_b3c34,MATR_b1c0,MATR_b3c29,MATR_b3c24,MATR_b1c3,MATR_b4c0,MATR_b3c35,MATR_b4c23,MATR_b1c31,MATR_b3c8",False,False,0.95
580,MATR_b1c1,2154.0,951.4626514595464,77.29685468381881,799.9636001610354,1102.9617027580573,1574.0,371.46265145954635,219.9636001610354,522.9617027580573,1202.5373485404536,"MATR_b4c3,MATR_b1c19,MATR_b4c1,MATR_b3c9,MATR_b2c47,MATR_b3c16,MATR_b3c40,MATR_b1c36,MATR_b4c17,MATR_b1c16,MATR_b3c29,MATR_b3c22,MATR_b4c2,MATR_b1c27,MATR_b1c34,MATR_b4c8",False,False,0.95
580,MATR_b1c28,858.0,543.8906224451285,37.36783471161146,470.6510122301244,617.1302326601326,278.0,-36.10937755487146,-109.34898776987558,37.130232660132606,314.10937755487146,"MATR_b4c3,MATR_b1c19,MATR_b4c1,MATR_b3c9,MATR_b2c47,MATR_b3c16,MATR_b3c40,MATR_b1c36,MATR_b4c17,MATR_b1c16,MATR_b3c29,MATR_b3c22,MATR_b4c2,MATR_b1c27,MATR_b1c34,MATR_b4c8",False,False,0.95
580,MATR_b1c39,622.0,468.835415673458,37.126584531534164,396.0686471226692,541.6021842242468,42.0,-111.16458432654201,-183.93135287733082,-38.3978157757532,153.164584326542,"MATR_b4c3,MATR_b1c19,MATR_b4c1,MATR_b3c9,MATR_b2c47,MATR_b3c16,MATR_b3c40,MATR_b1c36,MATR_b4c17,MATR_b1c16,MATR_b3c29,MATR_b3c22,MATR_b4c2,MATR_b1c27,MATR_b1c34,MATR_b4c8",False,False,0.95
580,MATR_b1c7,869.0,639.2847630393206,47.872892675508766,545.4556175595721,733.1139085190691,289.0,59.28476303932064,-34.54438244042785,153.11390851906913,229.71523696067936,"MATR_b4c3,MATR_b1c19,MATR_b4c1,MATR_b3c9,MATR_b2c47,MATR_b3c16,MATR_b3c40,MATR_b1c36,MATR_b4c17,MATR_b1c16,MATR_b3c29,MATR_b3c22,MATR_b4c2,MATR_b1c27,MATR_b1c34,MATR_b4c8",False,False,0.95
580,MATR_b1c9,1052.0,652.2136799687452,47.96868826662449,558.196778580532,746.2305813569583,472.0,72.21367996874517,-21.803221419467945,166.23058135695828,399.78632003125483,"MATR_b4c3,MATR_b1c19,MATR_b4c1,MATR_b3c9,MATR_b2c47,MATR_b3c16,MATR_b3c40,MATR_b1c36,MATR_b4c17,MATR_b1c16,MATR_b3c29,MATR_b3c22,MATR_b4c2,MATR_b1c27,MATR_b1c34,MATR_b4c8",False,False,0.95
580,MATR_b3c19,1152.0,713.8931942305804,50.346022138377116,615.216804074505,812.5695843866558,572.0,133.89319423058043,35.216804074505035,232.56958438665583,438.10680576941957,"MATR_b4c3,MATR_b1c19,MATR_b4c1,MATR_b3c9,MATR_b2c47,MATR_b3c16,MATR_b3c40,MATR_b1c36,MATR_b4c17,MATR_b1c16,MATR_b3c29,MATR_b3c22,MATR_b4c2,MATR_b1c27,MATR_b1c34,MATR_b4c8",False,False,0.95
580,MATR_b3c20,811.0,668.0039980821125,47.36450523172399,575.1712736823745,760.8367224818505,231.0,88.0039980821125,-4.828726317625524,180.83672248185053,142.9960019178875,"MATR_b4c3,MATR_b1c19,MATR_b4c1,MATR_b3c9,MATR_b2c47,MATR_b3c16,MATR_b3c40,MATR_b1c36,MATR_b4c17,MATR_b1c16,MATR_b3c29,MATR_b3c22,MATR_b4c2,MATR_b1c27,MATR_b1c34,MATR_b4c8",False,False,0.95
580,MATR_b3c3,1113.0,784.3120014457224,56.370581481611815,673.8276919541828,894.7963109372621,533.0,204.31200144572244,93.8276919541828,314.7963109372621,328.68799855427756,"MATR_b4c3,MATR_b1c19,MATR_b4c1,MATR_b3c9,MATR_b2c47,MATR_b3c16,MATR_b3c40,MATR_b1c36,MATR_b4c17,MATR_b1c16,MATR_b3c29,MATR_b3c22,MATR_b4c2,MATR_b1c27,MATR_b1c34,MATR_b4c8",False,False,0.95
580,MATR_b3c30,933.0,596.5827386980077,40.35157902115822,517.4950970972155,675.6703802987998,353.0,16.582738698007688,-62.504902902784465,95.67038029879984,336.4172613019923,"MATR_b4c3,MATR_b1c19,MATR_b4c1,MATR_b3c9,MATR_b2c47,MATR_b3c16,MATR_b3c40,MATR_b1c36,MATR_b4c17,MATR_b1c16,MATR_b3c29,MATR_b3c22,MATR_b4c2,MATR_b1c27,MATR_b1c34,MATR_b4c8",False,False,0.95
580,MATR_b3c44,938.0,537.9667840160748,36.542599206206056,466.344605670429,609.5889623617206,358.0,-42.033215983925174,-113.65539432957098,29.588962361720633,400.0332159839252,"MATR_b4c3,MATR_b1c19,MATR_b4c1,MATR_b3c9,MATR_b2c47,MATR_b3c16,MATR_b3c40,MATR_b1c36,MATR_b4c17,MATR_b1c16,MATR_b3c29,MATR_b3c22,MATR_b4c2,MATR_b1c27,MATR_b1c34,MATR_b4c8",False,False,0.95
580,MATR_b3c45,1799.0,826.2527827897634,66.23995333634932,696.4248599129049,956.0807056666218,1219.0,246.2527827897634,116.42485991290494,376.08070566662184,972.7472172102366,"MATR_b4c3,MATR_b1c19,MATR_b4c1,MATR_b3c9,MATR_b2c47,MATR_b3c16,MATR_b3c40,MATR_b1c36,MATR_b4c17,MATR_b1c16,MATR_b3c29,MATR_b3c22,MATR_b4c2,MATR_b1c27,MATR_b1c34,MATR_b4c8",False,False,0.95
580,MATR_b4c10,872.0,618.3372474928509,43.07264518945707,533.9164142026426,702.7580807830592,292.0,38.337247492850906,-46.08358579735739,122.7580807830592,253.6627525071491,"MATR_b4c3,MATR_b1c19,MATR_b4c1,MATR_b3c9,MATR_b2c47,MATR_b3c16,MATR_b3c40,MATR_b1c36,MATR_b4c17,MATR_b1c16,MATR_b3c29,MATR_b3c22,MATR_b4c2,MATR_b1c27,MATR_b1c34,MATR_b4c8",False,False,0.95
580,MATR_b4c13,771.0,556.2930262238876,38.57370142816552,480.689960674282,631.8960917734933,191.0,-23.706973776112363,-99.31003932571798,51.896091773493254,214.70697377611236,"MATR_b4c3,MATR_b1c19,MATR_b4c1,MATR_b3c9,MATR_b2c47,MATR_b3c16,MATR_b3c40,MATR_b1c36,MATR_b4c17,MATR_b1c16,MATR_b3c29,MATR_b3c22,MATR_b4c2,MATR_b1c27,MATR_b1c34,MATR_b4c8",False,False,0.95
580,MATR_b4c16,909.0,769.9790847006805,56.88856920453508,658.4795379277773,881.4786314735836,329.0,189.97908470068046,78.4795379277773,301.4786314735836,139.02091529931954,"MATR_b4c3,MATR_b1c19,MATR_b4c1,MATR_b3c9,MATR_b2c47,MATR_b3c16,MATR_b3c40,MATR_b1c36,MATR_b4c17,MATR_b1c16,MATR_b3c29,MATR_b3c22,MATR_b4c2,MATR_b1c27,MATR_b1c34,MATR_b4c8",False,False,0.95
580,MATR_b4c18,906.0,674.9123399568117,48.86447978035661,579.139719464027,770.6849604495964,326.0,94.9123399568117,-0.8602805359729473,190.68496044959636,231.0876600431883,"MATR_b4c3,MATR_b1c19,MATR_b4c1,MATR_b3c9,MATR_b2c47,MATR_b3c16,MATR_b3c40,MATR_b1c36,MATR_b4c17,MATR_b1c16,MATR_b3c29,MATR_b3c22,MATR_b4c2,MATR_b1c27,MATR_b1c34,MATR_b4c8",False,False,0.95
580,MATR_b4c29,887.0,659.8867462369058,45.69699631544572,570.3222792569726,749.4512132168389,307.0,79.88674623690576,-9.677720743027407,169.45121321683894,227.11325376309424,"MATR_b4c3,MATR_b1c19,MATR_b4c1,MATR_b3c9,MATR_b2c47,MATR_b3c16,MATR_b3c40,MATR_b1c36,MATR_b4c17,MATR_b1c16,MATR_b3c29,MATR_b3c22,MATR_b4c2,MATR_b1c27,MATR_b1c34,MATR_b4c8",False,False,0.95
580,MATR_b4c37,863.0,556.0128914599616,38.41986386164686,480.7113420002018,631.3144409197214,283.0,-23.987108540038435,-99.2886579997982,51.31444091972139,306.98710854003843,"MATR_b4c3,MATR_b1c19,MATR_b4c1,MATR_b3c9,MATR_b2c47,MATR_b3c16,MATR_b3c40,MATR_b1c36,MATR_b4c17,MATR_b1c16,MATR_b3c29,MATR_b3c22,MATR_b4c2,MATR_b1c27,MATR_b1c34,MATR_b4c8",False,False,0.95
580,MATR_b4c4,656.0,517.3869108138797,37.36348350595876,444.1558288052442,590.6179928225152,76.0,-62.613089186120305,-135.8441711947558,10.617992822515248,138.6130891861203,"MATR_b4c3,MATR_b1c19,MATR_b4c1,MATR_b3c9,MATR_b2c47,MATR_b3c16,MATR_b3c40,MATR_b1c36,MATR_b4c17,MATR_b1c16,MATR_b3c29,MATR_b3c22,MATR_b4c2,MATR_b1c27,MATR_b1c34,MATR_b4c8",False,False,0.95
600,MATR_b1c1,2154.0,930.9431253357487,76.38308423006339,781.2350312167351,1080.6512194547622,1554.0,330.94312533574873,181.23503121673514,480.6512194547622,1223.0568746642512,"MATR_b1c0,MATR_b1c19,MATR_b4c17,MATR_b4c42,MATR_b3c34,MATR_b4c20,MATR_b4c2,MATR_b1c33,MATR_b3c27,MATR_b4c23,MATR_b1c40,MATR_b4c12,MATR_b4c41,MATR_b4c19,MATR_b1c29,MATR_b3c36",False,False,0.95
600,MATR_b1c28,858.0,533.6606444219237,37.1307587536236,460.8856945461761,606.4355942976713,258.0,-66.33935557807627,-139.11430545382387,6.435594297671287,324.33935557807627,"MATR_b1c0,MATR_b1c19,MATR_b4c17,MATR_b4c42,MATR_b3c34,MATR_b4c20,MATR_b4c2,MATR_b1c33,MATR_b3c27,MATR_b4c23,MATR_b1c40,MATR_b4c12,MATR_b4c41,MATR_b4c19,MATR_b1c29,MATR_b3c36",False,False,0.95
600,MATR_b1c39,622.0,454.5175662729901,38.95326642126237,378.17056700712243,530.8645655388577,22.0,-145.4824337270099,-221.82943299287757,-69.13543446114227,167.4824337270099,"MATR_b1c0,MATR_b1c19,MATR_b4c17,MATR_b4c42,MATR_b3c34,MATR_b4c20,MATR_b4c2,MATR_b1c33,MATR_b3c27,MATR_b4c23,MATR_b1c40,MATR_b4c12,MATR_b4c41,MATR_b4c19,MATR_b1c29,MATR_b3c36",False,False,0.95
600,MATR_b1c7,869.0,613.9129864785805,47.355384103207975,521.0981391622322,706.7278337949288,269.0,13.912986478580478,-78.9018608377678,106.72783379492876,255.08701352141952,"MATR_b1c0,MATR_b1c19,MATR_b4c17,MATR_b4c42,MATR_b3c34,MATR_b4c20,MATR_b4c2,MATR_b1c33,MATR_b3c27,MATR_b4c23,MATR_b1c40,MATR_b4c12,MATR_b4c41,MATR_b4c19,MATR_b1c29,MATR_b3c36",False,False,0.95
600,MATR_b1c9,1052.0,626.3994272331795,46.38272560628381,535.4909555400595,717.3078989262995,452.0,26.399427233179495,-64.50904445994047,117.30789892629946,425.6005727668205,"MATR_b1c0,MATR_b1c19,MATR_b4c17,MATR_b4c42,MATR_b3c34,MATR_b4c20,MATR_b4c2,MATR_b1c33,MATR_b3c27,MATR_b4c23,MATR_b1c40,MATR_b4c12,MATR_b4c41,MATR_b4c19,MATR_b1c29,MATR_b3c36",False,False,0.95
600,MATR_b3c19,1152.0,716.4045823598176,50.36331041083649,617.6943078123669,815.1148569072683,552.0,116.4045823598176,17.6943078123669,215.1148569072683,435.5954176401824,"MATR_b1c0,MATR_b1c19,MATR_b4c17,MATR_b4c42,MATR_b3c34,MATR_b4c20,MATR_b4c2,MATR_b1c33,MATR_b3c27,MATR_b4c23,MATR_b1c40,MATR_b4c12,MATR_b4c41,MATR_b4c19,MATR_b1c29,MATR_b3c36",False,False,0.95
600,MATR_b3c20,811.0,660.0870743638209,47.14369881153873,567.6871225952012,752.4870261324405,211.0,60.087074363820875,-32.31287740479877,152.48702613244052,150.91292563617912,"MATR_b1c0,MATR_b1c19,MATR_b4c17,MATR_b4c42,MATR_b3c34,MATR_b4c20,MATR_b4c2,MATR_b1c33,MATR_b3c27,MATR_b4c23,MATR_b1c40,MATR_b4c12,MATR_b4c41,MATR_b4c19,MATR_b1c29,MATR_b3c36",False,False,0.95
600,MATR_b3c3,1113.0,778.2719376948459,55.81713229595353,668.8723686744695,887.6715067152222,513.0,178.27193769484586,68.8723686744695,287.6715067152222,334.72806230515414,"MATR_b1c0,MATR_b1c19,MATR_b4c17,MATR_b4c42,MATR_b3c34,MATR_b4c20,MATR_b4c2,MATR_b1c33,MATR_b3c27,MATR_b4c23,MATR_b1c40,MATR_b4c12,MATR_b4c41,MATR_b4c19,MATR_b1c29,MATR_b3c36",False,False,0.95
600,MATR_b3c30,933.0,595.0177723316102,40.251604891280785,516.1260764247636,673.9094682384568,333.0,-4.982227668389783,-83.8739235752364,73.90946823845684,337.9822276683898,"MATR_b1c0,MATR_b1c19,MATR_b4c17,MATR_b4c42,MATR_b3c34,MATR_b4c20,MATR_b4c2,MATR_b1c33,MATR_b3c27,MATR_b4c23,MATR_b1c40,MATR_b4c12,MATR_b4c41,MATR_b4c19,MATR_b1c29,MATR_b3c36",False,False,0.95
600,MATR_b3c44,938.0,531.1668165154992,36.350464123268026,459.9212160125786,602.4124170184199,338.0,-68.83318348450075,-140.0787839874214,2.4124170184198874,406.83318348450075,"MATR_b1c0,MATR_b1c19,MATR_b4c17,MATR_b4c42,MATR_b3c34,MATR_b4c20,MATR_b4c2,MATR_b1c33,MATR_b3c27,MATR_b4c23,MATR_b1c40,MATR_b4c12,MATR_b4c41,MATR_b4c19,MATR_b1c29,MATR_b3c36",False,False,0.95
600,MATR_b3c45,1799.0,825.7964911053234,66.14536209679818,696.1539636512382,955.4390185594086,1199.0,225.7964911053234,96.1539636512382,355.4390185594086,973.2035088946766,"MATR_b1c0,MATR_b1c19,MATR_b4c17,MATR_b4c42,MATR_b3c34,MATR_b4c20,MATR_b4c2,MATR_b1c33,MATR_b3c27,MATR_b4c23,MATR_b1c40,MATR_b4c12,MATR_b4c41,MATR_b4c19,MATR_b1c29,MATR_b3c36",False,False,0.95
600,MATR_b4c10,872.0,608.8994306320843,42.69675368446582,525.2153311537535,692.5835301104152,272.0,8.899430632084318,-74.78466884624652,92.58353011041515,263.1005693679157,"MATR_b1c0,MATR_b1c19,MATR_b4c17,MATR_b4c42,MATR_b3c34,MATR_b4c20,MATR_b4c2,MATR_b1c33,MATR_b3c27,MATR_b4c23,MATR_b1c40,MATR_b4c12,MATR_b4c41,MATR_b4c19,MATR_b1c29,MATR_b3c36",False,False,0.95
600,MATR_b4c13,771.0,547.5902177846449,38.494520708634354,472.1423435935903,623.0380919756994,171.0,-52.40978221535511,-127.85765640640972,23.038091975699444,223.4097822153551,"MATR_b1c0,MATR_b1c19,MATR_b4c17,MATR_b4c42,MATR_b3c34,MATR_b4c20,MATR_b4c2,MATR_b1c33,MATR_b3c27,MATR_b4c23,MATR_b1c40,MATR_b4c12,MATR_b4c41,MATR_b4c19,MATR_b1c29,MATR_b3c36",False,False,0.95
600,MATR_b4c16,909.0,750.6154749202126,55.940848123340714,640.9734273338397,860.2575225065855,309.0,150.6154749202126,40.97342733383971,260.2575225065855,158.3845250797874,"MATR_b1c0,MATR_b1c19,MATR_b4c17,MATR_b4c42,MATR_b3c34,MATR_b4c20,MATR_b4c2,MATR_b1c33,MATR_b3c27,MATR_b4c23,MATR_b1c40,MATR_b4c12,MATR_b4c41,MATR_b4c19,MATR_b1c29,MATR_b3c36",False,False,0.95
600,MATR_b4c18,906.0,647.3983111797158,46.75746887645005,555.7553561736213,739.0412661858104,306.0,47.39831117971585,-44.244643826378706,139.0412661858104,258.60168882028415,"MATR_b1c0,MATR_b1c19,MATR_b4c17,MATR_b4c42,MATR_b3c34,MATR_b4c20,MATR_b4c2,MATR_b1c33,MATR_b3c27,MATR_b4c23,MATR_b1c40,MATR_b4c12,MATR_b4c41,MATR_b4c19,MATR_b1c29,MATR_b3c36",False,False,0.95
600,MATR_b4c29,887.0,656.6742355634996,45.521674671016875,567.4533926923573,745.8950784346418,287.0,56.674235563499565,-32.54660730764272,145.89507843464185,230.32576443650044,"MATR_b1c0,MATR_b1c19,MATR_b4c17,MATR_b4c42,MATR_b3c34,MATR_b4c20,MATR_b4c2,MATR_b1c33,MATR_b3c27,MATR_b4c23,MATR_b1c40,MATR_b4c12,MATR_b4c41,MATR_b4c19,MATR_b1c29,MATR_b3c36",False,False,0.95
600,MATR_b4c37,863.0,542.607569311634,38.03728151463014,468.0558674731478,617.1592711501203,263.0,-57.39243068836595,-131.94413252685217,17.159271150120276,320.39243068836595,"MATR_b1c0,MATR_b1c19,MATR_b4c17,MATR_b4c42,MATR_b3c34,MATR_b4c20,MATR_b4c2,MATR_b1c33,MATR_b3c27,MATR_b4c23,MATR_b1c40,MATR_b4c12,MATR_b4c41,MATR_b4c19,MATR_b1c29,MATR_b3c36",False,False,0.95
600,MATR_b4c4,656.0,503.62789780606863,37.83667280401726,429.4693818153687,577.7864137967686,56.0,-96.37210219393137,-170.5306181846313,-22.213586203231444,152.37210219393137,"MATR_b1c0,MATR_b1c19,MATR_b4c17,MATR_b4c42,MATR_b3c34,MATR_b4c20,MATR_b4c2,MATR_b1c33,MATR_b3c27,MATR_b4c23,MATR_b1c40,MATR_b4c12,MATR_b4c41,MATR_b4c19,MATR_b1c29,MATR_b3c36",False,False,0.95
