horizon,cell_id,true_lifetime_cycles,predicted_lifetime_mean_cycles,predicted_lifetime_std_cycles,lifetime_lower_cycles,lifetime_upper_cycles,true_rul_cycles,predicted_rul_mean_cycles,rul_lower_cycles,rul_upper_cycles,absolute_error_cycles,context_cell_ids,query_label_used_as_input,model_parameter_update,interval_level
60,MATR_b1c17,858.0,1500.6038049738695,164.14620914333744,1178.883146854149,1822.32446309359,798.0,1440.6038049738695,1118.883146854149,1762.32446309359,642.6038049738695,"MATR_b2c35,MATR_b4c31,MATR_b4c19,MATR_b1c24,MATR_b4c8,MATR_b2c34,MATR_b1c39,MATR_b4c44,MATR_b1c30,MATR_b3c30,MATR_b2c29,MATR_b3c8",False,False,0.95
60,MATR_b1c25,852.0,1607.2597754043177,164.64121612184198,1284.568921434632,1929.9506293740033,792.0,1547.2597754043177,1224.568921434632,1869.9506293740033,755.2597754043177,"MATR_b2c35,MATR_b4c31,MATR_b4c19,MATR_b1c24,MATR_b4c8,MATR_b2c34,MATR_b1c39,MATR_b4c44,MATR_b1c30,MATR_b3c30,MATR_b2c29,MATR_b3c8",False,False,0.95
60,MATR_b1c26,868.0,1978.2744751921568,114.14615435048141,1754.5521236914633,2201.9968266928504,808.0,1918.2744751921568,1694.5521236914633,2141.9968266928504,1110.2744751921568,"MATR_b2c35,MATR_b4c31,MATR_b4c19,MATR_b1c24,MATR_b4c8,MATR_b2c34,MATR_b1c39,MATR_b4c44,MATR_b1c30,MATR_b3c30,MATR_b2c29,MATR_b3c8",False,False,0.95
60,MATR_b1c27,841.0,1327.602412152748,140.87164220856562,1051.499066980947,1603.705757324549,781.0,1267.602412152748,991.499066980947,1543.705757324549,486.602412152748,"MATR_b2c35,MATR_b4c31,MATR_b4c19,MATR_b1c24,MATR_b4c8,MATR_b2c34,MATR_b1c39,MATR_b4c44,MATR_b1c30,MATR_b3c30,MATR_b2c29,MATR_b3c8",False,False,0.95
60,MATR_b1c3,1431.0,1884.3792562415074,135.89890532904343,1618.0222962581638,2150.736216224851,1371.0,1824.3792562415074,1558.0222962581638,2090.736216224851,453.3792562415074,"MATR_b2c35,MATR_b4c31,MATR_b4c19,MATR_b1c24,MATR_b4c8,MATR_b2c34,MATR_b1c39,MATR_b4c44,MATR_b1c30,MATR_b3c30,MATR_b2c29,MATR_b3c8",False,False,0.95
60,MATR_b1c32,729.0,1226.6185676883467,136.59149523286936,958.9041564374484,1494.332978939245,669.0,1166.6185676883467,898.9041564374484,1434.332978939245,497.61856768834673,"MATR_b2c35,MATR_b4c31,MATR_b4c19,MATR_b1c24,MATR_b4c8,MATR_b2c34,MATR_b1c39,MATR_b4c44,MATR_b1c30,MATR_b3c30,MATR_b2c29,MATR_b3c8",False,False,0.95
60,MATR_b1c33,754.0,1592.4453114046762,150.56096928922477,1297.3512341203545,1887.5393886889979,694.0,1532.4453114046762,1237.3512341203545,1827.5393886889979,838.4453114046762,"MATR_b2c35,MATR_b4c31,MATR_b4c19,MATR_b1c24,MATR_b4c8,MATR_b2c34,MATR_b1c39,MATR_b4c44,MATR_b1c30,MATR_b3c30,MATR_b2c29,MATR_b3c8",False,False,0.95
60,MATR_b1c4,1705.0,1683.84516410981,148.7837915394197,1392.2342912092322,1975.4560370103877,1645.0,1623.84516410981,1332.2342912092322,1915.4560370103877,21.154835890190043,"MATR_b2c35,MATR_b4c31,MATR_b4c19,MATR_b1c24,MATR_b4c8,MATR_b2c34,MATR_b1c39,MATR_b4c44,MATR_b1c30,MATR_b3c30,MATR_b2c29,MATR_b3c8",False,False,0.95
60,MATR_b1c40,964.0,1893.749381080172,120.65358686192356,1657.2726962252268,2130.2260659351173,904.0,1833.749381080172,1597.2726962252268,2070.2260659351173,929.749381080172,"MATR_b2c35,MATR_b4c31,MATR_b4c19,MATR_b1c24,MATR_b4c8,MATR_b2c34,MATR_b1c39,MATR_b4c44,MATR_b1c30,MATR_b3c30,MATR_b2c29,MATR_b3c8",False,False,0.95
60,MATR_b1c43,649.0,1314.029200894453,186.79785179172578,947.9121389932197,1680.1462627956862,589.0,1254.029200894453,887.9121389932197,1620.1462627956862,665.029200894453,"MATR_b2c35,MATR_b4c31,MATR_b4c19,MATR_b1c24,MATR_b4c8,MATR_b2c34,MATR_b1c39,MATR_b4c44,MATR_b1c30,MATR_b3c30,MATR_b2c29,MATR_b3c8",False,False,0.95
60,MATR_b1c44,614.0,1045.507291307958,87.74234632252347,873.5354525967716,1217.4791300191443,554.0,985.507291307958,813.5354525967716,1157.4791300191443,431.507291307958,"MATR_b2c35,MATR_b4c31,MATR_b4c19,MATR_b1c24,MATR_b4c8,MATR_b2c34,MATR_b1c39,MATR_b4c44,MATR_b1c30,MATR_b3c30,MATR_b2c29,MATR_b3c8",False,False,0.95
60,MATR_b1c45,597.0,928.4443916006212,66.60912003899561,797.8929152822847,1058.9958679189579,537.0,868.4443916006212,737.8929152822847,998.9958679189579,331.4443916006212,"MATR_b2c35,MATR_b4c31,MATR_b4c19,MATR_b1c24,MATR_b4c8,MATR_b2c34,MATR_b1c39,MATR_b4c44,MATR_b1c30,MATR_b3c30,MATR_b2c29,MATR_b3c8",False,False,0.95
60,MATR_b2c0,299.0,454.6243850748232,13.787852425189095,427.60069089729933,481.64807925234703,239.0,394.6243850748232,367.60069089729933,421.64807925234703,155.62438507482318,"MATR_b2c35,MATR_b4c31,MATR_b4c19,MATR_b1c24,MATR_b4c8,MATR_b2c34,MATR_b1c39,MATR_b4c44,MATR_b1c30,MATR_b3c30,MATR_b2c29,MATR_b3c8",False,False,0.95
60,MATR_b2c11,476.0,983.9170792326656,82.71880942984791,821.7911919061315,1146.0429665591996,416.0,923.9170792326656,761.7911919061315,1086.0429665591996,507.9170792326656,"MATR_b2c35,MATR_b4c31,MATR_b4c19,MATR_b1c24,MATR_b4c8,MATR_b2c34,MATR_b1c39,MATR_b4c44,MATR_b1c30,MATR_b3c30,MATR_b2c29,MATR_b3c8",False,False,0.95
60,MATR_b2c14,484.0,1001.4465259159233,74.88877039575681,854.6672330937506,1148.225818738096,424.0,941.4465259159233,794.6672330937506,1088.225818738096,517.4465259159233,"MATR_b2c35,MATR_b4c31,MATR_b4c19,MATR_b1c24,MATR_b4c8,MATR_b2c34,MATR_b1c39,MATR_b4c44,MATR_b1c30,MATR_b3c30,MATR_b2c29,MATR_b3c8",False,False,0.95
60,MATR_b2c18,486.0,760.4990031880282,55.46330684033775,651.7929193174722,869.2050870585841,426.0,700.4990031880282,591.7929193174722,809.2050870585841,274.49900318802815,"MATR_b2c35,MATR_b4c31,MATR_b4c19,MATR_b1c24,MATR_b4c8,MATR_b2c34,MATR_b1c39,MATR_b4c44,MATR_b1c30,MATR_b3c30,MATR_b2c29,MATR_b3c8",False,False,0.95
60,MATR_b2c26,470.0,940.0369886454166,75.91736664123682,791.2416842274699,1088.8322930633633,410.0,880.0369886454166,731.2416842274699,1028.8322930633633,470.0369886454166,"MATR_b2c35,MATR_b4c31,MATR_b4c19,MATR_b1c24,MATR_b4c8,MATR_b2c34,MATR_b1c39,MATR_b4c44,MATR_b1c30,MATR_b3c30,MATR_b2c29,MATR_b3c8",False,False,0.95
60,MATR_b2c28,508.0,1102.0251996127204,117.09015317679085,872.5327164419322,1331.5176827835085,448.0,1042.0251996127204,812.5327164419322,1271.5176827835085,594.0251996127204,"MATR_b2c35,MATR_b4c31,MATR_b4c19,MATR_b1c24,MATR_b4c8,MATR_b2c34,MATR_b1c39,MATR_b4c44,MATR_b1c30,MATR_b3c30,MATR_b2c29,MATR_b3c8",False,False,0.95
60,MATR_b2c31,491.0,1262.2137170388346,142.40372786214783,983.1075391647819,1541.3198949128873,431.0,1202.2137170388346,923.1075391647819,1481.3198949128873,771.2137170388346,"MATR_b2c35,MATR_b4c31,MATR_b4c19,MATR_b1c24,MATR_b4c8,MATR_b2c34,MATR_b1c39,MATR_b4c44,MATR_b1c30,MATR_b3c30,MATR_b2c29,MATR_b3c8",False,False,0.95
60,MATR_b2c43,461.0,943.3530796008324,83.45685645638947,779.78064668338,1106.925512518285,401.0,883.3530796008324,719.78064668338,1046.925512518285,482.3530796008324,"MATR_b2c35,MATR_b4c31,MATR_b4c19,MATR_b1c24,MATR_b4c8,MATR_b2c34,MATR_b1c39,MATR_b4c44,MATR_b1c30,MATR_b3c30,MATR_b2c29,MATR_b3c8",False,False,0.95
60,MATR_b3c21,770.0,924.3990008286727,94.44256734255791,739.2949702297606,1109.5030314275848,710.0,864.3990008286727,679.2949702297606,1049.5030314275848,154.39900082867268,"MATR_b2c35,MATR_b4c31,MATR_b4c19,MATR_b1c24,MATR_b4c8,MATR_b2c34,MATR_b1c39,MATR_b4c44,MATR_b1c30,MATR_b3c30,MATR_b2c29,MATR_b3c8",False,False,0.95
60,MATR_b3c27,847.0,1150.0471366930954,173.95290014120553,809.1057174100401,1490.9885559761506,787.0,1090.0471366930954,749.1057174100401,1430.9885559761506,303.04713669309535,"MATR_b2c35,MATR_b4c31,MATR_b4c19,MATR_b1c24,MATR_b4c8,MATR_b2c34,MATR_b1c39,MATR_b4c44,MATR_b1c30,MATR_b3c30,MATR_b2c29,MATR_b3c8",False,False,0.95
60,MATR_b3c34,1156.0,1186.5841099657769,181.91346646151334,830.0402673983758,1543.127952533178,1096.0,1126.5841099657769,770.0402673983758,1483.127952533178,30.58410996577686,"MATR_b2c35,MATR_b4c31,MATR_b4c19,MATR_b1c24,MATR_b4c8,MATR_b2c34,MATR_b1c39,MATR_b4c44,MATR_b1c30,MATR_b3c30,MATR_b2c29,MATR_b3c8",False,False,0.95
60,MATR_b3c35,1091.0,1253.4466106735063,184.84227823995897,891.162402502855,1615.7308188441575,1031.0,1193.4466106735063,831.162402502855,1555.7308188441575,162.44661067350626,"MATR_b2c35,MATR_b4c31,MATR_b4c19,MATR_b1c24,MATR_b4c8,MATR_b2c34,MATR_b1c39,MATR_b4c44,MATR_b1c30,MATR_b3c30,MATR_b2c29,MATR_b3c8",False,False,0.95
60,MATR_b3c39,1154.0,930.3276990130511,58.58058553280922,815.511861175477,1045.1435368506252,1094.0,870.3276990130511,755.511861175477,985.1435368506252,223.67230098694893,"MATR_b2c35,MATR_b4c31,MATR_b4c19,MATR_b1c24,MATR_b4c8,MATR_b2c34,MATR_b1c39,MATR_b4c44,MATR_b1c30,MATR_b3c30,MATR_b2c29,MATR_b3c8",False,False,0.95
60,MATR_b4c2,742.0,870.5312229196993,52.398875480983854,767.831314146572,973.2311316928266,682.0,810.5312229196993,707.831314146572,913.2311316928266,128.5312229196993,"MATR_b2c35,MATR_b4c31,MATR_b4c19,MATR_b1c24,MATR_b4c8,MATR_b2c34,MATR_b1c39,MATR_b4c44,MATR_b1c30,MATR_b3c30,MATR_b2c29,MATR_b3c8",False,False,0.95
60,MATR_b4c20,747.0,864.2413264288417,46.00105260328347,774.0809200754736,954.4017327822098,687.0,804.2413264288417,714.0809200754736,894.4017327822098,117.24132642884172,"MATR_b2c35,MATR_b4c31,MATR_b4c19,MATR_b1c24,MATR_b4c8,MATR_b2c34,MATR_b1c39,MATR_b4c44,MATR_b1c30,MATR_b3c30,MATR_b2c29,MATR_b3c8",False,False,0.95
60,MATR_b4c22,671.0,828.1645746081599,41.886171158092615,746.069187688018,910.2599615283018,611.0,768.1645746081599,686.069187688018,850.2599615283018,157.1645746081599,"MATR_b2c35,MATR_b4c31,MATR_b4c19,MATR_b1c24,MATR_b4c8,MATR_b2c34,MATR_b1c39,MATR_b4c44,MATR_b1c30,MATR_b3c30,MATR_b2c29,MATR_b3c8",False,False,0.95
60,MATR_b4c23,1038.0,921.6684906652356,55.40328206679139,813.0800531890106,1030.2569281414605,978.0,861.6684906652356,753.0800531890106,970.2569281414605,116.3315093347644,"MATR_b2c35,MATR_b4c31,MATR_b4c19,MATR_b1c24,MATR_b4c8,MATR_b2c34,MATR_b1c39,MATR_b4c44,MATR_b1c30,MATR_b3c30,MATR_b2c29,MATR_b3c8",False,False,0.95
60,MATR_b4c24,988.0,940.4312088517341,63.30590403106841,816.353916942091,1064.5085007613773,928.0,880.4312088517341,756.353916942091,1004.5085007613773,47.56879114826586,"MATR_b2c35,MATR_b4c31,MATR_b4c19,MATR_b1c24,MATR_b4c8,MATR_b2c34,MATR_b1c39,MATR_b4c44,MATR_b1c30,MATR_b3c30,MATR_b2c29,MATR_b3c8",False,False,0.95
60,MATR_b4c26,476.0,775.0270327036014,34.0485906105075,708.2930213826581,841.7610440245447,416.0,715.0270327036014,648.2930213826581,781.7610440245447,299.02703270360144,"MATR_b2c35,MATR_b4c31,MATR_b4c19,MATR_b1c24,MATR_b4c8,MATR_b2c34,MATR_b1c39,MATR_b4c44,MATR_b1c30,MATR_b3c30,MATR_b2c29,MATR_b3c8",False,False,0.95
60,MATR_b4c38,1055.0,1105.1641713860135,163.00564860974575,785.6789708343204,1424.6493719377067,995.0,1045.1641713860135,725.6789708343204,1364.6493719377067,50.16417138601355,"MATR_b2c35,MATR_b4c31,MATR_b4c19,MATR_b1c24,MATR_b4c8,MATR_b2c34,MATR_b1c39,MATR_b4c44,MATR_b1c30,MATR_b3c30,MATR_b2c29,MATR_b3c8",False,False,0.95
60,MATR_b4c39,738.0,909.1428263646987,54.63876645558559,802.0528119520558,1016.2328407773417,678.0,849.1428263646987,742.0528119520558,956.2328407773417,171.14282636469875,"MATR_b2c35,MATR_b4c31,MATR_b4c19,MATR_b1c24,MATR_b4c8,MATR_b2c34,MATR_b1c39,MATR_b4c44,MATR_b1c30,MATR_b3c30,MATR_b2c29,MATR_b3c8",False,False,0.95
80,MATR_b1c17,858.0,1029.8971432601497,89.56808290843102,854.3469265953274,1205.447359924972,778.0,949.8971432601497,774.3469265953274,1125.447359924972,171.89714326014973,"MATR_b4c10,MATR_b4c37,MATR_b4c42,MATR_b1c16,MATR_b2c38,MATR_b3c7,MATR_b3c5,MATR_b2c44,MATR_b1c9,MATR_b2c37,MATR_b1c11,MATR_b1c24",False,False,0.95
80,MATR_b1c25,852.0,1734.2433919022633,146.4561731407629,1447.1945672328056,2021.292216571721,772.0,1654.2433919022633,1367.1945672328056,1941.292216571721,882.2433919022633,"MATR_b4c10,MATR_b4c37,MATR_b4c42,MATR_b1c16,MATR_b2c38,MATR_b3c7,MATR_b3c5,MATR_b2c44,MATR_b1c9,MATR_b2c37,MATR_b1c11,MATR_b1c24",False,False,0.95
80,MATR_b1c26,868.0,1722.5656679553072,130.5209598561441,1466.7492874096665,1978.3820485009478,788.0,1642.5656679553072,1386.7492874096665,1898.3820485009478,854.5656679553072,"MATR_b4c10,MATR_b4c37,MATR_b4c42,MATR_b1c16,MATR_b2c38,MATR_b3c7,MATR_b3c5,MATR_b2c44,MATR_b1c9,MATR_b2c37,MATR_b1c11,MATR_b1c24",False,False,0.95
80,MATR_b1c27,841.0,1258.0280304747894,115.82128762114685,1031.0224780942867,1485.033582855292,761.0,1178.0280304747894,951.0224780942867,1405.033582855292,417.0280304747894,"MATR_b4c10,MATR_b4c37,MATR_b4c42,MATR_b1c16,MATR_b2c38,MATR_b3c7,MATR_b3c5,MATR_b2c44,MATR_b1c9,MATR_b2c37,MATR_b1c11,MATR_b1c24",False,False,0.95
80,MATR_b1c3,1431.0,2082.9497368446728,102.65591384745296,1881.7478429036184,2284.1516307857273,1351.0,2002.9497368446728,1801.7478429036184,2204.1516307857273,651.9497368446728,"MATR_b4c10,MATR_b4c37,MATR_b4c42,MATR_b1c16,MATR_b2c38,MATR_b3c7,MATR_b3c5,MATR_b2c44,MATR_b1c9,MATR_b2c37,MATR_b1c11,MATR_b1c24",False,False,0.95
80,MATR_b1c32,729.0,876.6965685964759,71.65697890371706,736.2514707042441,1017.1416664887078,649.0,796.6965685964759,656.2514707042441,937.1416664887078,147.6965685964759,"MATR_b4c10,MATR_b4c37,MATR_b4c42,MATR_b1c16,MATR_b2c38,MATR_b3c7,MATR_b3c5,MATR_b2c44,MATR_b1c9,MATR_b2c37,MATR_b1c11,MATR_b1c24",False,False,0.95
80,MATR_b1c33,754.0,836.3164116779179,54.34513443614676,729.8019054480828,942.830917907753,674.0,756.3164116779179,649.8019054480828,862.830917907753,82.31641167791793,"MATR_b4c10,MATR_b4c37,MATR_b4c42,MATR_b1c16,MATR_b2c38,MATR_b3c7,MATR_b3c5,MATR_b2c44,MATR_b1c9,MATR_b2c37,MATR_b1c11,MATR_b1c24",False,False,0.95
80,MATR_b1c4,1705.0,2021.8476474571971,112.20799956718604,1801.9240095282266,2241.7712853861676,1625.0,1941.8476474571971,1721.9240095282266,2161.7712853861676,316.8476474571971,"MATR_b4c10,MATR_b4c37,MATR_b4c42,MATR_b1c16,MATR_b2c38,MATR_b3c7,MATR_b3c5,MATR_b2c44,MATR_b1c9,MATR_b2c37,MATR_b1c11,MATR_b1c24",False,False,0.95
80,MATR_b1c40,964.0,2052.9982306531547,100.30943930095033,1856.3953423138855,2249.601118992424,884.0,1972.9982306531547,1776.3953423138855,2169.601118992424,1088.9982306531547,"MATR_b4c10,MATR_b4c37,MATR_b4c42,MATR_b1c16,MATR_b2c38,MATR_b3c7,MATR_b3c5,MATR_b2c44,MATR_b1c9,MATR_b2c37,MATR_b1c11,MATR_b1c24",False,False,0.95
80,MATR_b1c43,649.0,794.9676691027614,60.36853889970072,676.6475070600428,913.28783114548,569.0,714.9676691027614,596.6475070600428,833.28783114548,145.96766910276142,"MATR_b4c10,MATR_b4c37,MATR_b4c42,MATR_b1c16,MATR_b2c38,MATR_b3c7,MATR_b3c5,MATR_b2c44,MATR_b1c9,MATR_b2c37,MATR_b1c11,MATR_b1c24",False,False,0.95
80,MATR_b1c44,614.0,724.3113426547127,50.950848151474666,624.4495152960532,824.1731700133722,534.0,644.3113426547127,544.4495152960532,744.1731700133722,110.31134265471269,"MATR_b4c10,MATR_b4c37,MATR_b4c42,MATR_b1c16,MATR_b2c38,MATR_b3c7,MATR_b3c5,MATR_b2c44,MATR_b1c9,MATR_b2c37,MATR_b1c11,MATR_b1c24",False,False,0.95
80,MATR_b1c45,597.0,707.9756395418998,49.3899770846313,611.1730632587639,804.7782158250357,517.0,627.9756395418998,531.1730632587639,724.7782158250357,110.9756395418998,"MATR_b4c10,MATR_b4c37,MATR_b4c42,MATR_b1c16,MATR_b2c38,MATR_b3c7,MATR_b3c5,MATR_b2c44,MATR_b1c9,MATR_b2c37,MATR_b1c11,MATR_b1c24",False,False,0.95
80,MATR_b2c0,299.0,408.0556007162005,12.55494263090258,383.4483653316649,432.6628361007361,219.0,328.0556007162005,303.4483653316649,352.6628361007361,109.0556007162005,"MATR_b4c10,MATR_b4c37,MATR_b4c42,MATR_b1c16,MATR_b2c38,MATR_b3c7,MATR_b3c5,MATR_b2c44,MATR_b1c9,MATR_b2c37,MATR_b1c11,MATR_b1c24",False,False,0.95
80,MATR_b2c11,476.0,736.7500395928209,55.38001921638981,628.2071964655609,845.292882720081,396.0,656.7500395928209,548.2071964655609,765.292882720081,260.75003959282094,"MATR_b4c10,MATR_b4c37,MATR_b4c42,MATR_b1c16,MATR_b2c38,MATR_b3c7,MATR_b3c5,MATR_b2c44,MATR_b1c9,MATR_b2c37,MATR_b1c11,MATR_b1c24",False,False,0.95
80,MATR_b2c14,484.0,703.2983219495912,62.195254227484924,581.3978636544083,825.1987802447742,404.0,623.2983219495912,501.3978636544083,745.1987802447742,219.29832194959124,"MATR_b4c10,MATR_b4c37,MATR_b4c42,MATR_b1c16,MATR_b2c38,MATR_b3c7,MATR_b3c5,MATR_b2c44,MATR_b1c9,MATR_b2c37,MATR_b1c11,MATR_b1c24",False,False,0.95
80,MATR_b2c18,486.0,608.8028316223697,41.73064103591586,527.0122781402054,690.593385104534,406.0,528.8028316223697,447.01227814020535,610.593385104534,122.8028316223697,"MATR_b4c10,MATR_b4c37,MATR_b4c42,MATR_b1c16,MATR_b2c38,MATR_b3c7,MATR_b3c5,MATR_b2c44,MATR_b1c9,MATR_b2c37,MATR_b1c11,MATR_b1c24",False,False,0.95
80,MATR_b2c26,470.0,557.1304332096078,39.9492267995336,478.8313874722996,635.4294789469159,390.0,477.13043320960776,398.8313874722996,555.4294789469159,87.13043320960776,"MATR_b4c10,MATR_b4c37,MATR_b4c42,MATR_b1c16,MATR_b2c38,MATR_b3c7,MATR_b3c5,MATR_b2c44,MATR_b1c9,MATR_b2c37,MATR_b1c11,MATR_b1c24",False,False,0.95
80,MATR_b2c28,508.0,788.1427506937755,74.19608119927669,642.7211037491838,933.5643976383672,428.0,708.1427506937755,562.7211037491838,853.5643976383672,280.1427506937755,"MATR_b4c10,MATR_b4c37,MATR_b4c42,MATR_b1c16,MATR_b2c38,MATR_b3c7,MATR_b3c5,MATR_b2c44,MATR_b1c9,MATR_b2c37,MATR_b1c11,MATR_b1c24",False,False,0.95
80,MATR_b2c31,491.0,856.859919975544,78.47174582087116,703.058124362655,1010.661715588433,411.0,776.859919975544,623.058124362655,930.661715588433,365.859919975544,"MATR_b4c10,MATR_b4c37,MATR_b4c42,MATR_b1c16,MATR_b2c38,MATR_b3c7,MATR_b3c5,MATR_b2c44,MATR_b1c9,MATR_b2c37,MATR_b1c11,MATR_b1c24",False,False,0.95
80,MATR_b2c43,461.0,532.7219725337374,37.4402196346256,459.3404904766018,606.1034545908728,381.0,452.72197253373736,379.3404904766018,526.1034545908728,71.72197253373736,"MATR_b4c10,MATR_b4c37,MATR_b4c42,MATR_b1c16,MATR_b2c38,MATR_b3c7,MATR_b3c5,MATR_b2c44,MATR_b1c9,MATR_b2c37,MATR_b1c11,MATR_b1c24",False,False,0.95
80,MATR_b3c21,770.0,824.6453072412388,54.58012232275412,717.6702332168501,931.6203812656275,690.0,744.6453072412388,637.6702332168501,851.6203812656275,54.64530724123881,"MATR_b4c10,MATR_b4c37,MATR_b4c42,MATR_b1c16,MATR_b2c38,MATR_b3c7,MATR_b3c5,MATR_b2c44,MATR_b1c9,MATR_b2c37,MATR_b1c11,MATR_b1c24",False,False,0.95
80,MATR_b3c27,847.0,1157.2049455456836,165.49452773519042,832.8416315462454,1481.5682595451217,767.0,1077.2049455456836,752.8416315462454,1401.5682595451217,310.2049455456836,"MATR_b4c10,MATR_b4c37,MATR_b4c42,MATR_b1c16,MATR_b2c38,MATR_b3c7,MATR_b3c5,MATR_b2c44,MATR_b1c9,MATR_b2c37,MATR_b1c11,MATR_b1c24",False,False,0.95
80,MATR_b3c34,1156.0,1275.1142725756806,180.3529263701838,921.6290323837163,1628.599512767645,1076.0,1195.1142725756806,841.6290323837163,1548.599512767645,119.11427257568062,"MATR_b4c10,MATR_b4c37,MATR_b4c42,MATR_b1c16,MATR_b2c38,MATR_b3c7,MATR_b3c5,MATR_b2c44,MATR_b1c9,MATR_b2c37,MATR_b1c11,MATR_b1c24",False,False,0.95
80,MATR_b3c35,1091.0,1364.4360529631526,177.35173497508217,1016.833039816299,1712.0390661100064,1011.0,1284.4360529631526,936.833039816299,1632.0390661100064,273.43605296315263,"MATR_b4c10,MATR_b4c37,MATR_b4c42,MATR_b1c16,MATR_b2c38,MATR_b3c7,MATR_b3c5,MATR_b2c44,MATR_b1c9,MATR_b2c37,MATR_b1c11,MATR_b1c24",False,False,0.95
80,MATR_b3c39,1154.0,1008.3126413199394,67.62760734663853,875.7649665599115,1140.8603160799673,1074.0,928.3126413199394,795.7649665599115,1060.8603160799673,145.68735868006058,"MATR_b4c10,MATR_b4c37,MATR_b4c42,MATR_b1c16,MATR_b2c38,MATR_b3c7,MATR_b3c5,MATR_b2c44,MATR_b1c9,MATR_b2c37,MATR_b1c11,MATR_b1c24",False,False,0.95
80,MATR_b4c2,742.0,946.2726997164364,67.13451056967101,814.6914768801577,1077.8539225527152,662.0,866.2726997164364,734.6914768801577,997.8539225527152,204.27269971643636,"MATR_b4c10,MATR_b4c37,MATR_b4c42,MATR_b1c16,MATR_b2c38,MATR_b3c7,MATR_b3c5,MATR_b2c44,MATR_b1c9,MATR_b2c37,MATR_b1c11,MATR_b1c24",False,False,0.95
80,MATR_b4c20,747.0,899.0097651408511,43.4905607767848,813.7698323509026,984.2496979307996,667.0,819.0097651408511,733.7698323509026,904.2496979307996,152.00976514085107,"MATR_b4c10,MATR_b4c37,MATR_b4c42,MATR_b1c16,MATR_b2c38,MATR_b3c7,MATR_b3c5,MATR_b2c44,MATR_b1c9,MATR_b2c37,MATR_b1c11,MATR_b1c24",False,False,0.95
80,MATR_b4c22,671.0,683.901128431276,34.071278981981486,617.1226487193758,750.6796081431762,591.0,603.901128431276,537.1226487193758,670.6796081431762,12.901128431275993,"MATR_b4c10,MATR_b4c37,MATR_b4c42,MATR_b1c16,MATR_b2c38,MATR_b3c7,MATR_b3c5,MATR_b2c44,MATR_b1c9,MATR_b2c37,MATR_b1c11,MATR_b1c24",False,False,0.95
80,MATR_b4c23,1038.0,958.6244789384431,54.89972646358642,851.0229923087132,1066.225965568173,958.0,878.6244789384431,771.0229923087132,986.225965568173,79.37552106155692,"MATR_b4c10,MATR_b4c37,MATR_b4c42,MATR_b1c16,MATR_b2c38,MATR_b3c7,MATR_b3c5,MATR_b2c44,MATR_b1c9,MATR_b2c37,MATR_b1c11,MATR_b1c24",False,False,0.95
80,MATR_b4c24,988.0,1067.601287497736,81.7706780600049,907.3337035087068,1227.868871486765,908.0,987.6012874977359,827.3337035087068,1147.868871486765,79.60128749773594,"MATR_b4c10,MATR_b4c37,MATR_b4c42,MATR_b1c16,MATR_b2c38,MATR_b3c7,MATR_b3c5,MATR_b2c44,MATR_b1c9,MATR_b2c37,MATR_b1c11,MATR_b1c24",False,False,0.95
80,MATR_b4c26,476.0,699.2925347619848,26.854736160350956,646.6582190733715,751.9268504505982,396.0,619.2925347619848,566.6582190733715,671.9268504505982,223.29253476198483,"MATR_b4c10,MATR_b4c37,MATR_b4c42,MATR_b1c16,MATR_b2c38,MATR_b3c7,MATR_b3c5,MATR_b2c44,MATR_b1c9,MATR_b2c37,MATR_b1c11,MATR_b1c24",False,False,0.95
80,MATR_b4c38,1055.0,1234.338278399009,177.10522441237143,887.218417076877,1581.458139721141,975.0,1154.338278399009,807.218417076877,1501.458139721141,179.3382783990089,"MATR_b4c10,MATR_b4c37,MATR_b4c42,MATR_b1c16,MATR_b2c38,MATR_b3c7,MATR_b3c5,MATR_b2c44,MATR_b1c9,MATR_b2c37,MATR_b1c11,MATR_b1c24",False,False,0.95
80,MATR_b4c39,738.0,861.5320554369503,42.62164130384783,777.9951735194237,945.0689373544768,658.0,781.5320554369503,697.9951735194237,865.0689373544768,123.53205543695026,"MATR_b4c10,MATR_b4c37,MATR_b4c42,MATR_b1c16,MATR_b2c38,MATR_b3c7,MATR_b3c5,MATR_b2c44,MATR_b1c9,MATR_b2c37,MATR_b1c11,MATR_b1c24",False,False,0.95
100,MATR_b1c17,858.0,760.7658835205328,102.43201364055938,560.002825921121,961.5289411199446,758.0,660.7658835205328,460.00282592112103,861.5289411199446,97.23411647946716,"MATR_b3c33,MATR_b4c42,MATR_b2c29,MATR_b1c20,MATR_b4c6,MATR_b2c25,MATR_b3c25,MATR_b3c31,MATR_b4c11,MATR_b1c9,MATR_b2c23,MATR_b4c29",False,False,0.95
100,MATR_b1c25,852.0,997.5384427000035,81.61912910043752,837.567889213621,1157.5089961863862,752.0,897.5384427000035,737.567889213621,1057.5089961863862,145.53844270000354,"MATR_b3c33,MATR_b4c42,MATR_b2c29,MATR_b1c20,MATR_b4c6,MATR_b2c25,MATR_b3c25,MATR_b3c31,MATR_b4c11,MATR_b1c9,MATR_b2c23,MATR_b4c29",False,False,0.95
100,MATR_b1c26,868.0,883.9223219938347,71.58906745649797,743.6103280922903,1024.234315895379,768.0,783.9223219938347,643.6103280922903,924.234315895379,15.922321993834657,"MATR_b3c33,MATR_b4c42,MATR_b2c29,MATR_b1c20,MATR_b4c6,MATR_b2c25,MATR_b3c25,MATR_b3c31,MATR_b4c11,MATR_b1c9,MATR_b2c23,MATR_b4c29",False,False,0.95
100,MATR_b1c27,841.0,904.0428719540982,85.70458682244768,736.0649684722148,1072.0207754359817,741.0,804.0428719540982,636.0649684722148,972.0207754359817,63.042871954098246,"MATR_b3c33,MATR_b4c42,MATR_b2c29,MATR_b1c20,MATR_b4c6,MATR_b2c25,MATR_b3c25,MATR_b3c31,MATR_b4c11,MATR_b1c9,MATR_b2c23,MATR_b4c29",False,False,0.95
100,MATR_b1c3,1431.0,2109.7146486146776,129.84424732053938,1855.224600266709,2364.2046969626463,1331.0,2009.7146486146776,1755.224600266709,2264.2046969626463,678.7146486146776,"MATR_b3c33,MATR_b4c42,MATR_b2c29,MATR_b1c20,MATR_b4c6,MATR_b2c25,MATR_b3c25,MATR_b3c31,MATR_b4c11,MATR_b1c9,MATR_b2c23,MATR_b4c29",False,False,0.95
100,MATR_b1c32,729.0,597.9658705885658,62.42221832199239,475.6205708423645,720.3111703347672,629.0,497.96587058856585,375.6205708423645,620.3111703347672,131.03412941143415,"MATR_b3c33,MATR_b4c42,MATR_b2c29,MATR_b1c20,MATR_b4c6,MATR_b2c25,MATR_b3c25,MATR_b3c31,MATR_b4c11,MATR_b1c9,MATR_b2c23,MATR_b4c29",False,False,0.95
100,MATR_b1c33,754.0,711.320714495885,48.77243351445858,615.7285013691719,806.9129276225981,654.0,611.320714495885,515.7285013691719,706.9129276225981,42.679285504115,"MATR_b3c33,MATR_b4c42,MATR_b2c29,MATR_b1c20,MATR_b4c6,MATR_b2c25,MATR_b3c25,MATR_b3c31,MATR_b4c11,MATR_b1c9,MATR_b2c23,MATR_b4c29",False,False,0.95
100,MATR_b1c4,1705.0,1462.052004076,157.36176903969465,1153.6286042146885,1770.4754039373115,1605.0,1362.052004076,1053.6286042146885,1670.4754039373115,242.947995924,"MATR_b3c33,MATR_b4c42,MATR_b2c29,MATR_b1c20,MATR_b4c6,MATR_b2c25,MATR_b3c25,MATR_b3c31,MATR_b4c11,MATR_b1c9,MATR_b2c23,MATR_b4c29",False,False,0.95
100,MATR_b1c40,964.0,1028.8588447038926,87.25889511767369,857.8345529424943,1199.883136465291,864.0,928.8588447038926,757.8345529424943,1099.883136465291,64.8588447038926,"MATR_b3c33,MATR_b4c42,MATR_b2c29,MATR_b1c20,MATR_b4c6,MATR_b2c25,MATR_b3c25,MATR_b3c31,MATR_b4c11,MATR_b1c9,MATR_b2c23,MATR_b4c29",False,False,0.95
100,MATR_b1c43,649.0,531.5652036564106,33.632046105781214,465.6476045626889,597.4828027501324,549.0,431.56520365641063,365.6476045626889,497.48280275013235,117.43479634358937,"MATR_b3c33,MATR_b4c42,MATR_b2c29,MATR_b1c20,MATR_b4c6,MATR_b2c25,MATR_b3c25,MATR_b3c31,MATR_b4c11,MATR_b1c9,MATR_b2c23,MATR_b4c29",False,False,0.95
100,MATR_b1c44,614.0,482.5551628205637,15.467463321734682,452.23949177776944,512.8708338633579,514.0,382.5551628205637,352.23949177776944,412.8708338633579,131.44483717943632,"MATR_b3c33,MATR_b4c42,MATR_b2c29,MATR_b1c20,MATR_b4c6,MATR_b2c25,MATR_b3c25,MATR_b3c31,MATR_b4c11,MATR_b1c9,MATR_b2c23,MATR_b4c29",False,False,0.95
100,MATR_b1c45,597.0,467.56721091300864,13.313316282215771,441.473590485075,493.66083134094225,497.0,367.56721091300864,341.473590485075,393.66083134094225,129.43278908699136,"MATR_b3c33,MATR_b4c42,MATR_b2c29,MATR_b1c20,MATR_b4c6,MATR_b2c25,MATR_b3c25,MATR_b3c31,MATR_b4c11,MATR_b1c9,MATR_b2c23,MATR_b4c29",False,False,0.95
100,MATR_b2c0,299.0,379.3104340775396,15.756908500923387,348.4274609080367,410.19340724704244,199.0,279.3104340775396,248.42746090803672,310.19340724704244,80.31043407753958,"MATR_b3c33,MATR_b4c42,MATR_b2c29,MATR_b1c20,MATR_b4c6,MATR_b2c25,MATR_b3c25,MATR_b3c31,MATR_b4c11,MATR_b1c9,MATR_b2c23,MATR_b4c29",False,False,0.95
100,MATR_b2c11,476.0,463.77937582948994,40.40067740041633,384.5955031736527,542.9632484853272,376.0,363.77937582948994,284.5955031736527,442.9632484853272,12.220624170510064,"MATR_b3c33,MATR_b4c42,MATR_b2c29,MATR_b1c20,MATR_b4c6,MATR_b2c25,MATR_b3c25,MATR_b3c31,MATR_b4c11,MATR_b1c9,MATR_b2c23,MATR_b4c29",False,False,0.95
100,MATR_b2c14,484.0,487.02267030642514,29.621752922964955,428.96510141846977,545.0802391943805,384.0,387.02267030642514,328.96510141846977,445.0802391943805,3.022670306425141,"MATR_b3c33,MATR_b4c42,MATR_b2c29,MATR_b1c20,MATR_b4c6,MATR_b2c25,MATR_b3c25,MATR_b3c31,MATR_b4c11,MATR_b1c9,MATR_b2c23,MATR_b4c29",False,False,0.95
100,MATR_b2c18,486.0,446.53852088141747,13.506420399601625,420.0664233381412,473.01061842469375,386.0,346.53852088141747,320.0664233381412,373.01061842469375,39.46147911858253,"MATR_b3c33,MATR_b4c42,MATR_b2c29,MATR_b1c20,MATR_b4c6,MATR_b2c25,MATR_b3c25,MATR_b3c31,MATR_b4c11,MATR_b1c9,MATR_b2c23,MATR_b4c29",False,False,0.95
100,MATR_b2c26,470.0,435.96931903831313,11.763283481395376,412.9137070748433,459.024931001783,370.0,335.96931903831313,312.9137070748433,359.024931001783,34.03068096168687,"MATR_b3c33,MATR_b4c42,MATR_b2c29,MATR_b1c20,MATR_b4c6,MATR_b2c25,MATR_b3c25,MATR_b3c31,MATR_b4c11,MATR_b1c9,MATR_b2c23,MATR_b4c29",False,False,0.95
100,MATR_b2c28,508.0,501.16862050676195,50.93006288920528,401.34753151355966,600.9897094999642,408.0,401.16862050676195,301.34753151355966,500.9897094999642,6.831379493238046,"MATR_b3c33,MATR_b4c42,MATR_b2c29,MATR_b1c20,MATR_b4c6,MATR_b2c25,MATR_b3c25,MATR_b3c31,MATR_b4c11,MATR_b1c9,MATR_b2c23,MATR_b4c29",False,False,0.95
100,MATR_b2c31,491.0,513.5824529093927,47.284689123288146,420.90616520757516,606.2587406112103,391.0,413.5824529093927,320.90616520757516,506.2587406112103,22.582452909392714,"MATR_b3c33,MATR_b4c42,MATR_b2c29,MATR_b1c20,MATR_b4c6,MATR_b2c25,MATR_b3c25,MATR_b3c31,MATR_b4c11,MATR_b1c9,MATR_b2c23,MATR_b4c29",False,False,0.95
100,MATR_b2c43,461.0,431.2948856611966,11.988156519888594,407.7985306411859,454.7912406812073,361.0,331.2948856611966,307.7985306411859,354.7912406812073,29.705114338803412,"MATR_b3c33,MATR_b4c42,MATR_b2c29,MATR_b1c20,MATR_b4c6,MATR_b2c25,MATR_b3c25,MATR_b3c31,MATR_b4c11,MATR_b1c9,MATR_b2c23,MATR_b4c29",False,False,0.95
100,MATR_b3c21,770.0,949.8236508964756,70.46771768737408,811.7094621564862,1087.9378396364648,670.0,849.8236508964756,711.7094621564862,987.9378396364648,179.82365089647556,"MATR_b3c33,MATR_b4c42,MATR_b2c29,MATR_b1c20,MATR_b4c6,MATR_b2c25,MATR_b3c25,MATR_b3c31,MATR_b4c11,MATR_b1c9,MATR_b2c23,MATR_b4c29",False,False,0.95
100,MATR_b3c27,847.0,877.4427954464311,70.43693696458662,739.3889358145233,1015.4966550783389,747.0,777.4427954464311,639.3889358145233,915.4966550783389,30.44279544643109,"MATR_b3c33,MATR_b4c42,MATR_b2c29,MATR_b1c20,MATR_b4c6,MATR_b2c25,MATR_b3c25,MATR_b3c31,MATR_b4c11,MATR_b1c9,MATR_b2c23,MATR_b4c29",False,False,0.95
100,MATR_b3c34,1156.0,998.0089385775972,110.1249909861462,782.1679224469526,1213.8499547082417,1056.0,898.0089385775972,682.1679224469526,1113.8499547082417,157.99106142240282,"MATR_b3c33,MATR_b4c42,MATR_b2c29,MATR_b1c20,MATR_b4c6,MATR_b2c25,MATR_b3c25,MATR_b3c31,MATR_b4c11,MATR_b1c9,MATR_b2c23,MATR_b4c29",False,False,0.95
100,MATR_b3c35,1091.0,1036.0331834192864,122.79393931484762,795.3614848423881,1276.7048819961847,991.0,936.0331834192864,695.3614848423881,1176.7048819961847,54.96681658071361,"MATR_b3c33,MATR_b4c42,MATR_b2c29,MATR_b1c20,MATR_b4c6,MATR_b2c25,MATR_b3c25,MATR_b3c31,MATR_b4c11,MATR_b1c9,MATR_b2c23,MATR_b4c29",False,False,0.95
100,MATR_b3c39,1154.0,846.5351766469646,50.862808664792254,746.84590351142,946.2244497825092,1054.0,746.5351766469646,646.84590351142,846.2244497825092,307.4648233530354,"MATR_b3c33,MATR_b4c42,MATR_b2c29,MATR_b1c20,MATR_b4c6,MATR_b2c25,MATR_b3c25,MATR_b3c31,MATR_b4c11,MATR_b1c9,MATR_b2c23,MATR_b4c29",False,False,0.95
100,MATR_b4c2,742.0,963.5407324824171,66.7326637418702,832.7471149559296,1094.3343500089045,642.0,863.5407324824171,732.7471149559296,994.3343500089045,221.54073248241707,"MATR_b3c33,MATR_b4c42,MATR_b2c29,MATR_b1c20,MATR_b4c6,MATR_b2c25,MATR_b3c25,MATR_b3c31,MATR_b4c11,MATR_b1c9,MATR_b2c23,MATR_b4c29",False,False,0.95
100,MATR_b4c20,747.0,830.8894818289698,36.17192382968757,759.9938138712561,901.7851497866835,647.0,730.8894818289698,659.9938138712561,801.7851497866835,83.88948182896979,"MATR_b3c33,MATR_b4c42,MATR_b2c29,MATR_b1c20,MATR_b4c6,MATR_b2c25,MATR_b3c25,MATR_b3c31,MATR_b4c11,MATR_b1c9,MATR_b2c23,MATR_b4c29",False,False,0.95
100,MATR_b4c22,671.0,551.7403929457882,22.89695933513843,506.86317729343875,596.6176085981377,571.0,451.74039294578824,406.86317729343875,496.61760859813774,119.25960705421176,"MATR_b3c33,MATR_b4c42,MATR_b2c29,MATR_b1c20,MATR_b4c6,MATR_b2c25,MATR_b3c25,MATR_b3c31,MATR_b4c11,MATR_b1c9,MATR_b2c23,MATR_b4c29",False,False,0.95
100,MATR_b4c23,1038.0,841.273952053133,57.74809700750318,728.0897617427015,954.4581423635645,938.0,741.273952053133,628.0897617427015,854.4581423635645,196.72604794686697,"MATR_b3c33,MATR_b4c42,MATR_b2c29,MATR_b1c20,MATR_b4c6,MATR_b2c25,MATR_b3c25,MATR_b3c31,MATR_b4c11,MATR_b1c9,MATR_b2c23,MATR_b4c29",False,False,0.95
100,MATR_b4c24,988.0,901.3337428088555,53.60878956939067,796.2624459980633,1006.4050396196477,888.0,801.3337428088555,696.2624459980633,906.4050396196477,86.6662571911445,"MATR_b3c33,MATR_b4c42,MATR_b2c29,MATR_b1c20,MATR_b4c6,MATR_b2c25,MATR_b3c25,MATR_b3c31,MATR_b4c11,MATR_b1c9,MATR_b2c23,MATR_b4c29",False,False,0.95
100,MATR_b4c26,476.0,534.3027872394007,16.63796059055354,501.692983705719,566.9125907730823,376.0,434.3027872394007,401.692983705719,466.91259077308234,58.302787239400686,"MATR_b3c33,MATR_b4c42,MATR_b2c29,MATR_b1c20,MATR_b4c6,MATR_b2c25,MATR_b3c25,MATR_b3c31,MATR_b4c11,MATR_b1c9,MATR_b2c23,MATR_b4c29",False,False,0.95
100,MATR_b4c38,1055.0,1050.3044504056077,136.60811966010758,782.5574558760588,1318.0514449351565,955.0,950.3044504056077,682.5574558760588,1218.0514449351565,4.695549594392332,"MATR_b3c33,MATR_b4c42,MATR_b2c29,MATR_b1c20,MATR_b4c6,MATR_b2c25,MATR_b3c25,MATR_b3c31,MATR_b4c11,MATR_b1c9,MATR_b2c23,MATR_b4c29",False,False,0.95
100,MATR_b4c39,738.0,670.8198508074282,40.36622757764683,591.703498563493,749.9362030513635,638.0,570.8198508074282,491.703498563493,649.9362030513635,67.18014919257178,"MATR_b3c33,MATR_b4c42,MATR_b2c29,MATR_b1c20,MATR_b4c6,MATR_b2c25,MATR_b3c25,MATR_b3c31,MATR_b4c11,MATR_b1c9,MATR_b2c23,MATR_b4c29",False,False,0.95
120,MATR_b1c17,858.0,811.8912840208147,114.59509899390217,587.2890171879644,1036.493550853665,738.0,691.8912840208147,467.2890171879644,916.493550853665,46.10871597918526,"MATR_b2c29,MATR_b4c21,MATR_b2c17,MATR_b4c19,MATR_b4c36,MATR_b2c19,MATR_b4c0,MATR_b2c42,MATR_b4c4,MATR_b2c2,MATR_b3c4,MATR_b1c6",False,False,0.95
120,MATR_b1c25,852.0,982.8745252769447,81.8247878282967,822.5008880908518,1143.2481624630377,732.0,862.8745252769447,702.5008880908518,1023.2481624630377,130.87452527694472,"MATR_b2c29,MATR_b4c21,MATR_b2c17,MATR_b4c19,MATR_b4c36,MATR_b2c19,MATR_b4c0,MATR_b2c42,MATR_b4c4,MATR_b2c2,MATR_b3c4,MATR_b1c6",False,False,0.95
120,MATR_b1c26,868.0,922.4229446208205,76.1121079053608,773.245954338887,1071.599934902754,748.0,802.4229446208205,653.245954338887,951.5999349027541,54.422944620820545,"MATR_b2c29,MATR_b4c21,MATR_b2c17,MATR_b4c19,MATR_b4c36,MATR_b2c19,MATR_b4c0,MATR_b2c42,MATR_b4c4,MATR_b2c2,MATR_b3c4,MATR_b1c6",False,False,0.95
120,MATR_b1c27,841.0,887.1382030201017,90.30480603291721,710.1440355647087,1064.1323704754948,721.0,767.1382030201017,590.1440355647087,944.1323704754948,46.13820302010174,"MATR_b2c29,MATR_b4c21,MATR_b2c17,MATR_b4c19,MATR_b4c36,MATR_b2c19,MATR_b4c0,MATR_b2c42,MATR_b4c4,MATR_b2c2,MATR_b3c4,MATR_b1c6",False,False,0.95
120,MATR_b1c3,1431.0,1965.9167951495606,149.30946576339267,1673.2756197023948,2258.5579705967266,1311.0,1845.9167951495606,1553.2756197023948,2138.5579705967266,534.9167951495606,"MATR_b2c29,MATR_b4c21,MATR_b2c17,MATR_b4c19,MATR_b4c36,MATR_b2c19,MATR_b4c0,MATR_b2c42,MATR_b4c4,MATR_b2c2,MATR_b3c4,MATR_b1c6",False,False,0.95
120,MATR_b1c32,729.0,584.5930981014543,62.42107882058044,462.2500317369807,706.9361644659278,609.0,464.5930981014543,342.2500317369807,586.9361644659278,144.4069018985457,"MATR_b2c29,MATR_b4c21,MATR_b2c17,MATR_b4c19,MATR_b4c36,MATR_b2c19,MATR_b4c0,MATR_b2c42,MATR_b4c4,MATR_b2c2,MATR_b3c4,MATR_b1c6",False,False,0.95
120,MATR_b1c33,754.0,747.0351964768615,55.96446523517817,637.3468602018684,856.7235327518547,634.0,627.0351964768615,517.3468602018684,736.7235327518547,6.964803523138471,"MATR_b2c29,MATR_b4c21,MATR_b2c17,MATR_b4c19,MATR_b4c36,MATR_b2c19,MATR_b4c0,MATR_b2c42,MATR_b4c4,MATR_b2c2,MATR_b3c4,MATR_b1c6",False,False,0.95
120,MATR_b1c4,1705.0,1312.873661354749,121.62703313035398,1074.4890568727953,1551.2582658367025,1585.0,1192.873661354749,954.4890568727953,1431.2582658367025,392.12633864525105,"MATR_b2c29,MATR_b4c21,MATR_b2c17,MATR_b4c19,MATR_b4c36,MATR_b2c19,MATR_b4c0,MATR_b2c42,MATR_b4c4,MATR_b2c2,MATR_b3c4,MATR_b1c6",False,False,0.95
120,MATR_b1c40,964.0,980.9847307444435,69.70100818133365,844.3732650228978,1117.5961964659891,844.0,860.9847307444435,724.3732650228978,997.5961964659891,16.984730744443482,"MATR_b2c29,MATR_b4c21,MATR_b2c17,MATR_b4c19,MATR_b4c36,MATR_b2c19,MATR_b4c0,MATR_b2c42,MATR_b4c4,MATR_b2c2,MATR_b3c4,MATR_b1c6",False,False,0.95
120,MATR_b1c43,649.0,537.1351243837825,36.78598270052168,465.0359231548465,609.2343256127184,529.0,417.13512438378245,345.0359231548465,489.2343256127184,111.86487561621755,"MATR_b2c29,MATR_b4c21,MATR_b2c17,MATR_b4c19,MATR_b4c36,MATR_b2c19,MATR_b4c0,MATR_b2c42,MATR_b4c4,MATR_b2c2,MATR_b3c4,MATR_b1c6",False,False,0.95
120,MATR_b1c44,614.0,478.6284314985497,15.611510957691875,448.0304322772212,509.2264307198781,494.0,358.6284314985497,328.0304322772212,389.2264307198781,135.37156850145033,"MATR_b2c29,MATR_b4c21,MATR_b2c17,MATR_b4c19,MATR_b4c36,MATR_b2c19,MATR_b4c0,MATR_b2c42,MATR_b4c4,MATR_b2c2,MATR_b3c4,MATR_b1c6",False,False,0.95
120,MATR_b1c45,597.0,465.2266844693119,13.570693480279248,438.6286140027321,491.82475493589175,477.0,345.2266844693119,318.6286140027321,371.82475493589175,131.77331553068808,"MATR_b2c29,MATR_b4c21,MATR_b2c17,MATR_b4c19,MATR_b4c36,MATR_b2c19,MATR_b4c0,MATR_b2c42,MATR_b4c4,MATR_b2c2,MATR_b3c4,MATR_b1c6",False,False,0.95
120,MATR_b2c0,299.0,373.23701448562224,18.912150084832728,336.169881449134,410.3041475221105,179.0,253.23701448562224,216.16988144913398,290.3041475221105,74.23701448562224,"MATR_b2c29,MATR_b4c21,MATR_b2c17,MATR_b4c19,MATR_b4c36,MATR_b2c19,MATR_b4c0,MATR_b2c42,MATR_b4c4,MATR_b2c2,MATR_b3c4,MATR_b1c6",False,False,0.95
120,MATR_b2c11,476.0,462.50814616303273,37.5691889718164,388.8738888498932,536.1424034761723,356.0,342.50814616303273,268.8738888498932,416.14240347617226,13.491853836967266,"MATR_b2c29,MATR_b4c21,MATR_b2c17,MATR_b4c19,MATR_b4c36,MATR_b2c19,MATR_b4c0,MATR_b2c42,MATR_b4c4,MATR_b2c2,MATR_b3c4,MATR_b1c6",False,False,0.95
120,MATR_b2c14,484.0,477.2613702361699,23.54454366141409,431.1149126273675,523.4078278449723,364.0,357.2613702361699,311.1149126273675,403.4078278449723,6.73862976383009,"MATR_b2c29,MATR_b4c21,MATR_b2c17,MATR_b4c19,MATR_b4c36,MATR_b2c19,MATR_b4c0,MATR_b2c42,MATR_b4c4,MATR_b2c2,MATR_b3c4,MATR_b1c6",False,False,0.95
120,MATR_b2c18,486.0,446.6022573089405,13.8493039396112,419.4581203763539,473.7463942415271,366.0,326.6022573089405,299.4581203763539,353.7463942415271,39.39774269105948,"MATR_b2c29,MATR_b4c21,MATR_b2c17,MATR_b4c19,MATR_b4c36,MATR_b2c19,MATR_b4c0,MATR_b2c42,MATR_b4c4,MATR_b2c2,MATR_b3c4,MATR_b1c6",False,False,0.95
120,MATR_b2c26,470.0,452.68713811008007,13.987278174889362,425.2725766455538,480.10169957460636,350.0,332.68713811008007,305.2725766455538,360.10169957460636,17.31286188991993,"MATR_b2c29,MATR_b4c21,MATR_b2c17,MATR_b4c19,MATR_b4c36,MATR_b2c19,MATR_b4c0,MATR_b2c42,MATR_b4c4,MATR_b2c2,MATR_b3c4,MATR_b1c6",False,False,0.95
120,MATR_b2c28,508.0,506.5707271921719,55.30874600359439,398.16757699505325,614.9738773892905,388.0,386.5707271921719,278.16757699505325,494.97387738929046,1.429272807828113,"MATR_b2c29,MATR_b4c21,MATR_b2c17,MATR_b4c19,MATR_b4c36,MATR_b2c19,MATR_b4c0,MATR_b2c42,MATR_b4c4,MATR_b2c2,MATR_b3c4,MATR_b1c6",False,False,0.95
120,MATR_b2c31,491.0,501.5578287981556,43.02735581693899,417.2257610469652,585.889896549346,371.0,381.5578287981556,297.2257610469652,465.88989654934596,10.557828798155583,"MATR_b2c29,MATR_b4c21,MATR_b2c17,MATR_b4c19,MATR_b4c36,MATR_b2c19,MATR_b4c0,MATR_b2c42,MATR_b4c4,MATR_b2c2,MATR_b3c4,MATR_b1c6",False,False,0.95
120,MATR_b2c43,461.0,434.13749250295086,12.357897540791173,409.91645839836406,458.35852660753767,341.0,314.13749250295086,289.91645839836406,338.35852660753767,26.862507497049137,"MATR_b2c29,MATR_b4c21,MATR_b2c17,MATR_b4c19,MATR_b4c36,MATR_b2c19,MATR_b4c0,MATR_b2c42,MATR_b4c4,MATR_b2c2,MATR_b3c4,MATR_b1c6",False,False,0.95
120,MATR_b3c21,770.0,889.1974759285773,66.08203680497799,759.6790637657703,1018.7158880913844,650.0,769.1974759285773,639.6790637657703,898.7158880913844,119.19747592857732,"MATR_b2c29,MATR_b4c21,MATR_b2c17,MATR_b4c19,MATR_b4c36,MATR_b2c19,MATR_b4c0,MATR_b2c42,MATR_b4c4,MATR_b2c2,MATR_b3c4,MATR_b1c6",False,False,0.95
120,MATR_b3c27,847.0,911.0938608237043,74.94454449806108,764.2052527697451,1057.9824688776635,727.0,791.0938608237043,644.2052527697451,937.9824688776635,64.09386082370429,"MATR_b2c29,MATR_b4c21,MATR_b2c17,MATR_b4c19,MATR_b4c36,MATR_b2c19,MATR_b4c0,MATR_b2c42,MATR_b4c4,MATR_b2c2,MATR_b3c4,MATR_b1c6",False,False,0.95
120,MATR_b3c34,1156.0,1047.4347413974913,124.4504433923053,803.5163544885322,1291.3531283064503,1036.0,927.4347413974913,683.5163544885322,1171.3531283064503,108.56525860250872,"MATR_b2c29,MATR_b4c21,MATR_b2c17,MATR_b4c19,MATR_b4c36,MATR_b2c19,MATR_b4c0,MATR_b2c42,MATR_b4c4,MATR_b2c2,MATR_b3c4,MATR_b1c6",False,False,0.95
120,MATR_b3c35,1091.0,1011.9187046512552,106.21321030091468,803.7446377790839,1220.0927715234266,971.0,891.9187046512552,683.7446377790839,1100.0927715234266,79.08129534874479,"MATR_b2c29,MATR_b4c21,MATR_b2c17,MATR_b4c19,MATR_b4c36,MATR_b2c19,MATR_b4c0,MATR_b2c42,MATR_b4c4,MATR_b2c2,MATR_b3c4,MATR_b1c6",False,False,0.95
120,MATR_b3c39,1154.0,821.6037368334482,49.291913768101054,724.9933611189161,918.2141125479803,1034.0,701.6037368334482,604.9933611189161,798.2141125479803,332.39626316655176,"MATR_b2c29,MATR_b4c21,MATR_b2c17,MATR_b4c19,MATR_b4c36,MATR_b2c19,MATR_b4c0,MATR_b2c42,MATR_b4c4,MATR_b2c2,MATR_b3c4,MATR_b1c6",False,False,0.95
120,MATR_b4c2,742.0,880.8107833624175,51.00037627301055,780.8518826693257,980.7696840555093,622.0,760.8107833624175,660.8518826693257,860.7696840555093,138.8107833624175,"MATR_b2c29,MATR_b4c21,MATR_b2c17,MATR_b4c19,MATR_b4c36,MATR_b2c19,MATR_b4c0,MATR_b2c42,MATR_b4c4,MATR_b2c2,MATR_b3c4,MATR_b1c6",False,False,0.95
120,MATR_b4c20,747.0,825.9278420856045,37.35996989307258,752.7036466316815,899.1520375395276,627.0,705.9278420856045,632.7036466316815,779.1520375395276,78.92784208560454,"MATR_b2c29,MATR_b4c21,MATR_b2c17,MATR_b4c19,MATR_b4c36,MATR_b2c19,MATR_b4c0,MATR_b2c42,MATR_b4c4,MATR_b2c2,MATR_b3c4,MATR_b1c6",False,False,0.95
120,MATR_b4c22,671.0,594.8249507879627,29.706265156314114,536.60174096639,653.0481606095354,551.0,474.82495078796273,416.60174096639,533.0481606095354,76.17504921203727,"MATR_b2c29,MATR_b4c21,MATR_b2c17,MATR_b4c19,MATR_b4c36,MATR_b2c19,MATR_b4c0,MATR_b2c42,MATR_b4c4,MATR_b2c2,MATR_b3c4,MATR_b1c6",False,False,0.95
120,MATR_b4c23,1038.0,855.7122198272966,55.167145222328834,747.5866020616412,963.837837592952,918.0,735.7122198272966,627.5866020616412,843.837837592952,182.28778017270338,"MATR_b2c29,MATR_b4c21,MATR_b2c17,MATR_b4c19,MATR_b4c36,MATR_b2c19,MATR_b4c0,MATR_b2c42,MATR_b4c4,MATR_b2c2,MATR_b3c4,MATR_b1c6",False,False,0.95
120,MATR_b4c24,988.0,890.1151953769197,53.32931857372273,785.5916516523603,994.6387391014791,868.0,770.1151953769197,665.5916516523603,874.6387391014791,97.8848046230803,"MATR_b2c29,MATR_b4c21,MATR_b2c17,MATR_b4c19,MATR_b4c36,MATR_b2c19,MATR_b4c0,MATR_b2c42,MATR_b4c4,MATR_b2c2,MATR_b3c4,MATR_b1c6",False,False,0.95
120,MATR_b4c26,476.0,524.4982523105941,17.404964428390205,490.38514887874857,558.6113557424396,356.0,404.4982523105941,370.38514887874857,438.6113557424396,48.498252310594125,"MATR_b2c29,MATR_b4c21,MATR_b2c17,MATR_b4c19,MATR_b4c36,MATR_b2c19,MATR_b4c0,MATR_b2c42,MATR_b4c4,MATR_b2c2,MATR_b3c4,MATR_b1c6",False,False,0.95
120,MATR_b4c38,1055.0,980.9544133873754,105.85351556891267,773.4853352353567,1188.423491539394,935.0,860.9544133873754,653.4853352353567,1068.423491539394,74.04558661262456,"MATR_b2c29,MATR_b4c21,MATR_b2c17,MATR_b4c19,MATR_b4c36,MATR_b2c19,MATR_b4c0,MATR_b2c42,MATR_b4c4,MATR_b2c2,MATR_b3c4,MATR_b1c6",False,False,0.95
120,MATR_b4c39,738.0,664.6758672359593,39.97194117622652,586.3323021384018,743.0194323335169,618.0,544.6758672359593,466.3323021384018,623.0194323335169,73.32413276404066,"MATR_b2c29,MATR_b4c21,MATR_b2c17,MATR_b4c19,MATR_b4c36,MATR_b2c19,MATR_b4c0,MATR_b2c42,MATR_b4c4,MATR_b2c2,MATR_b3c4,MATR_b1c6",False,False,0.95
140,MATR_b1c17,858.0,841.8310216687049,98.18678930979527,649.3884508638838,1034.273592473526,718.0,701.8310216687049,509.3884508638838,894.2735924735259,16.16897833129508,"MATR_b3c33,MATR_b3c24,MATR_b4c35,MATR_b1c11,MATR_b2c42,MATR_b3c40,MATR_b1c30,MATR_b2c38,MATR_b4c19,MATR_b2c35,MATR_b2c19,MATR_b2c17",False,False,0.95
140,MATR_b1c25,852.0,975.697614408986,73.61355483846863,831.4176981516233,1119.9775306663487,712.0,835.697614408986,691.4176981516233,979.9775306663487,123.69761440898606,"MATR_b3c33,MATR_b3c24,MATR_b4c35,MATR_b1c11,MATR_b2c42,MATR_b3c40,MATR_b1c30,MATR_b2c38,MATR_b4c19,MATR_b2c35,MATR_b2c19,MATR_b2c17",False,False,0.95
140,MATR_b1c26,868.0,908.4762700491474,62.083928249292796,786.7940066617647,1030.15853343653,728.0,768.4762700491474,646.7940066617647,890.15853343653,40.47627004914739,"MATR_b3c33,MATR_b3c24,MATR_b4c35,MATR_b1c11,MATR_b2c42,MATR_b3c40,MATR_b1c30,MATR_b2c38,MATR_b4c19,MATR_b2c35,MATR_b2c19,MATR_b2c17",False,False,0.95
140,MATR_b1c27,841.0,881.7680685693291,82.47841718592164,720.1133413830532,1043.422795755605,701.0,741.7680685693291,580.1133413830532,903.422795755605,40.7680685693291,"MATR_b3c33,MATR_b3c24,MATR_b4c35,MATR_b1c11,MATR_b2c42,MATR_b3c40,MATR_b1c30,MATR_b2c38,MATR_b4c19,MATR_b2c35,MATR_b2c19,MATR_b2c17",False,False,0.95
140,MATR_b1c3,1431.0,1976.234304299052,133.26949400042074,1715.0308958203505,2237.4377127777534,1291.0,1836.234304299052,1575.0308958203505,2097.4377127777534,545.2343042990519,"MATR_b3c33,MATR_b3c24,MATR_b4c35,MATR_b1c11,MATR_b2c42,MATR_b3c40,MATR_b1c30,MATR_b2c38,MATR_b4c19,MATR_b2c35,MATR_b2c19,MATR_b2c17",False,False,0.95
140,MATR_b1c32,729.0,582.7135354405525,58.23412036491769,468.5767568539433,696.8503140271616,589.0,442.7135354405525,328.5767568539433,556.8503140271616,146.2864645594475,"MATR_b3c33,MATR_b3c24,MATR_b4c35,MATR_b1c11,MATR_b2c42,MATR_b3c40,MATR_b1c30,MATR_b2c38,MATR_b4c19,MATR_b2c35,MATR_b2c19,MATR_b2c17",False,False,0.95
140,MATR_b1c33,754.0,758.7025319298767,52.87514451718323,655.0691529988471,862.3359108609063,614.0,618.7025319298767,515.0691529988471,722.3359108609063,4.702531929876727,"MATR_b3c33,MATR_b3c24,MATR_b4c35,MATR_b1c11,MATR_b2c42,MATR_b3c40,MATR_b1c30,MATR_b2c38,MATR_b4c19,MATR_b2c35,MATR_b2c19,MATR_b2c17",False,False,0.95
140,MATR_b1c4,1705.0,1596.7797667339726,137.87225699412525,1326.5551085582365,1867.0044249097086,1565.0,1456.7797667339726,1186.5551085582365,1727.0044249097086,108.22023326602744,"MATR_b3c33,MATR_b3c24,MATR_b4c35,MATR_b1c11,MATR_b2c42,MATR_b3c40,MATR_b1c30,MATR_b2c38,MATR_b4c19,MATR_b2c35,MATR_b2c19,MATR_b2c17",False,False,0.95
140,MATR_b1c40,964.0,961.0504348904844,56.69946728699237,849.9215210653724,1072.1793487155965,824.0,821.0504348904844,709.9215210653724,932.1793487155965,2.949565109515561,"MATR_b3c33,MATR_b3c24,MATR_b4c35,MATR_b1c11,MATR_b2c42,MATR_b3c40,MATR_b1c30,MATR_b2c38,MATR_b4c19,MATR_b2c35,MATR_b2c19,MATR_b2c17",False,False,0.95
140,MATR_b1c43,649.0,542.3740885101972,33.574898455094484,476.5684967536225,608.1796802667719,509.0,402.3740885101972,336.5684967536225,468.1796802667719,106.62591148980277,"MATR_b3c33,MATR_b3c24,MATR_b4c35,MATR_b1c11,MATR_b2c42,MATR_b3c40,MATR_b1c30,MATR_b2c38,MATR_b4c19,MATR_b2c35,MATR_b2c19,MATR_b2c17",False,False,0.95
140,MATR_b1c44,614.0,484.7491711325034,17.496440150139556,450.45677858056933,519.0415636844375,474.0,344.7491711325034,310.45677858056933,379.0415636844375,129.25082886749658,"MATR_b3c33,MATR_b3c24,MATR_b4c35,MATR_b1c11,MATR_b2c42,MATR_b3c40,MATR_b1c30,MATR_b2c38,MATR_b4c19,MATR_b2c35,MATR_b2c19,MATR_b2c17",False,False,0.95
140,MATR_b1c45,597.0,471.3540436135425,15.078664021511742,441.8004051963996,500.9076820306854,457.0,331.3540436135425,301.8004051963996,360.9076820306854,125.6459563864575,"MATR_b3c33,MATR_b3c24,MATR_b4c35,MATR_b1c11,MATR_b2c42,MATR_b3c40,MATR_b1c30,MATR_b2c38,MATR_b4c19,MATR_b2c35,MATR_b2c19,MATR_b2c17",False,False,0.95
140,MATR_b2c0,299.0,377.8817168051524,18.441420160268606,341.73719746725504,414.02623614304974,159.0,237.8817168051524,201.73719746725504,274.02623614304974,78.8817168051524,"MATR_b3c33,MATR_b3c24,MATR_b4c35,MATR_b1c11,MATR_b2c42,MATR_b3c40,MATR_b1c30,MATR_b2c38,MATR_b4c19,MATR_b2c35,MATR_b2c19,MATR_b2c17",False,False,0.95
140,MATR_b2c11,476.0,464.4028580460253,30.68570917387754,404.259973225155,524.5457428668956,336.0,324.4028580460253,264.259973225155,384.5457428668956,11.597141953974699,"MATR_b3c33,MATR_b3c24,MATR_b4c35,MATR_b1c11,MATR_b2c42,MATR_b3c40,MATR_b1c30,MATR_b2c38,MATR_b4c19,MATR_b2c35,MATR_b2c19,MATR_b2c17",False,False,0.95
140,MATR_b2c14,484.0,478.4729675714757,22.511649462475727,434.35094539243283,522.5949897505186,344.0,338.4729675714757,294.35094539243283,382.5949897505186,5.527032428524308,"MATR_b3c33,MATR_b3c24,MATR_b4c35,MATR_b1c11,MATR_b2c42,MATR_b3c40,MATR_b1c30,MATR_b2c38,MATR_b4c19,MATR_b2c35,MATR_b2c19,MATR_b2c17",False,False,0.95
140,MATR_b2c18,486.0,455.3196227827599,13.508420437349566,428.84360523752997,481.7956403279898,346.0,315.3196227827599,288.84360523752997,341.7956403279898,30.680377217240107,"MATR_b3c33,MATR_b3c24,MATR_b4c35,MATR_b1c11,MATR_b2c42,MATR_b3c40,MATR_b1c30,MATR_b2c38,MATR_b4c19,MATR_b2c35,MATR_b2c19,MATR_b2c17",False,False,0.95
140,MATR_b2c26,470.0,456.611770101692,14.427833771089603,428.33373553542566,484.88980466795834,330.0,316.611770101692,288.33373553542566,344.88980466795834,13.388229898307998,"MATR_b3c33,MATR_b3c24,MATR_b4c35,MATR_b1c11,MATR_b2c42,MATR_b3c40,MATR_b1c30,MATR_b2c38,MATR_b4c19,MATR_b2c35,MATR_b2c19,MATR_b2c17",False,False,0.95
140,MATR_b2c28,508.0,483.31612280910645,40.772471651560146,403.40354681136824,563.2286988068447,368.0,343.31612280910645,263.40354681136824,423.2286988068447,24.683877190893554,"MATR_b3c33,MATR_b3c24,MATR_b4c35,MATR_b1c11,MATR_b2c42,MATR_b3c40,MATR_b1c30,MATR_b2c38,MATR_b4c19,MATR_b2c35,MATR_b2c19,MATR_b2c17",False,False,0.95
140,MATR_b2c31,491.0,520.5353028109224,49.89620413305515,422.7405397448758,618.3300658769691,351.0,380.5353028109224,282.7405397448758,478.3300658769691,29.535302810922417,"MATR_b3c33,MATR_b3c24,MATR_b4c35,MATR_b1c11,MATR_b2c42,MATR_b3c40,MATR_b1c30,MATR_b2c38,MATR_b4c19,MATR_b2c35,MATR_b2c19,MATR_b2c17",False,False,0.95
140,MATR_b2c43,461.0,437.0620677948193,12.62548769756754,412.3165666203334,461.80756896930524,321.0,297.0620677948193,272.3165666203334,321.80756896930524,23.937932205180687,"MATR_b3c33,MATR_b3c24,MATR_b4c35,MATR_b1c11,MATR_b2c42,MATR_b3c40,MATR_b1c30,MATR_b2c38,MATR_b4c19,MATR_b2c35,MATR_b2c19,MATR_b2c17",False,False,0.95
140,MATR_b3c21,770.0,901.3574690249766,48.25700534674987,806.77547654359,995.9394615063632,630.0,761.3574690249766,666.77547654359,855.9394615063632,131.35746902497658,"MATR_b3c33,MATR_b3c24,MATR_b4c35,MATR_b1c11,MATR_b2c42,MATR_b3c40,MATR_b1c30,MATR_b2c38,MATR_b4c19,MATR_b2c35,MATR_b2c19,MATR_b2c17",False,False,0.95
140,MATR_b3c27,847.0,878.3840330691429,55.98279655042348,768.6597680764797,988.1082980618061,707.0,738.3840330691429,628.6597680764797,848.1082980618061,31.3840330691429,"MATR_b3c33,MATR_b3c24,MATR_b4c35,MATR_b1c11,MATR_b2c42,MATR_b3c40,MATR_b1c30,MATR_b2c38,MATR_b4c19,MATR_b2c35,MATR_b2c19,MATR_b2c17",False,False,0.95
140,MATR_b3c34,1156.0,1073.3573488540935,126.38599765370618,825.6453453026656,1321.0693524055214,1016.0,933.3573488540935,685.6453453026656,1181.0693524055214,82.64265114590648,"MATR_b3c33,MATR_b3c24,MATR_b4c35,MATR_b1c11,MATR_b2c42,MATR_b3c40,MATR_b1c30,MATR_b2c38,MATR_b4c19,MATR_b2c35,MATR_b2c19,MATR_b2c17",False,False,0.95
140,MATR_b3c35,1091.0,1018.4856749294161,100.0868251703391,822.3191022685945,1214.6522475902375,951.0,878.4856749294161,682.3191022685945,1074.6522475902375,72.51432507058394,"MATR_b3c33,MATR_b3c24,MATR_b4c35,MATR_b1c11,MATR_b2c42,MATR_b3c40,MATR_b1c30,MATR_b2c38,MATR_b4c19,MATR_b2c35,MATR_b2c19,MATR_b2c17",False,False,0.95
140,MATR_b3c39,1154.0,829.6447018342903,44.53219745751026,742.3631986651441,916.9262050034366,1014.0,689.6447018342903,602.3631986651441,776.9262050034366,324.35529816570966,"MATR_b3c33,MATR_b3c24,MATR_b4c35,MATR_b1c11,MATR_b2c42,MATR_b3c40,MATR_b1c30,MATR_b2c38,MATR_b4c19,MATR_b2c35,MATR_b2c19,MATR_b2c17",False,False,0.95
140,MATR_b4c2,742.0,840.2575451630057,39.511804832216214,762.8158307276863,917.6992595983252,602.0,700.2575451630057,622.8158307276863,777.6992595983252,98.25754516300572,"MATR_b3c33,MATR_b3c24,MATR_b4c35,MATR_b1c11,MATR_b2c42,MATR_b3c40,MATR_b1c30,MATR_b2c38,MATR_b4c19,MATR_b2c35,MATR_b2c19,MATR_b2c17",False,False,0.95
140,MATR_b4c20,747.0,821.0062740205226,34.7872357570848,752.8245448149324,889.1880032261128,607.0,681.0062740205226,612.8245448149324,749.1880032261128,74.0062740205226,"MATR_b3c33,MATR_b3c24,MATR_b4c35,MATR_b1c11,MATR_b2c42,MATR_b3c40,MATR_b1c30,MATR_b2c38,MATR_b4c19,MATR_b2c35,MATR_b2c19,MATR_b2c17",False,False,0.95
140,MATR_b4c22,671.0,650.1446899068383,33.16568269388901,585.1411463041325,715.1482335095441,531.0,510.14468990683827,445.14114630413246,575.1482335095441,20.855310093161734,"MATR_b3c33,MATR_b3c24,MATR_b4c35,MATR_b1c11,MATR_b2c42,MATR_b3c40,MATR_b1c30,MATR_b2c38,MATR_b4c19,MATR_b2c35,MATR_b2c19,MATR_b2c17",False,False,0.95
140,MATR_b4c23,1038.0,866.5920374619216,47.232475371868496,774.0180868323843,959.1659880914589,898.0,726.5920374619216,634.0180868323843,819.1659880914589,171.40796253807844,"MATR_b3c33,MATR_b3c24,MATR_b4c35,MATR_b1c11,MATR_b2c42,MATR_b3c40,MATR_b1c30,MATR_b2c38,MATR_b4c19,MATR_b2c35,MATR_b2c19,MATR_b2c17",False,False,0.95
140,MATR_b4c24,988.0,896.3878811410575,46.13432698626505,805.9662617969838,986.8095004851313,848.0,756.3878811410575,665.9662617969838,846.8095004851313,91.6121188589425,"MATR_b3c33,MATR_b3c24,MATR_b4c35,MATR_b1c11,MATR_b2c42,MATR_b3c40,MATR_b1c30,MATR_b2c38,MATR_b4c19,MATR_b2c35,MATR_b2c19,MATR_b2c17",False,False,0.95
140,MATR_b4c26,476.0,527.4655896388512,18.43165520055481,491.3402092703034,563.5909700073989,336.0,387.46558963885116,351.3402092703034,423.59097000739894,51.46558963885116,"MATR_b3c33,MATR_b3c24,MATR_b4c35,MATR_b1c11,MATR_b2c42,MATR_b3c40,MATR_b1c30,MATR_b2c38,MATR_b4c19,MATR_b2c35,MATR_b2c19,MATR_b2c17",False,False,0.95
140,MATR_b4c38,1055.0,946.9870016139705,85.2008326339344,779.9964381986342,1113.9775650293068,915.0,806.9870016139705,639.9964381986342,973.9775650293068,108.0129983860295,"MATR_b3c33,MATR_b3c24,MATR_b4c35,MATR_b1c11,MATR_b2c42,MATR_b3c40,MATR_b1c30,MATR_b2c38,MATR_b4c19,MATR_b2c35,MATR_b2c19,MATR_b2c17",False,False,0.95
140,MATR_b4c39,738.0,693.0959544531447,38.4221908866483,617.789844108191,768.4020647980984,598.0,553.0959544531447,477.789844108191,628.4020647980984,44.904045546855286,"MATR_b3c33,MATR_b3c24,MATR_b4c35,MATR_b1c11,MATR_b2c42,MATR_b3c40,MATR_b1c30,MATR_b2c38,MATR_b4c19,MATR_b2c35,MATR_b2c19,MATR_b2c17",False,False,0.95
160,MATR_b1c17,858.0,821.9932761003557,71.56583770364777,681.7268116777675,962.259740522944,698.0,661.9932761003557,521.7268116777675,802.259740522944,36.00672389964427,"MATR_b2c13,MATR_b4c3,MATR_b4c6,MATR_b3c12,MATR_b3c20,MATR_b1c0,MATR_b2c6,MATR_b1c39,MATR_b3c30,MATR_b2c46,MATR_b2c36,MATR_b1c14",False,False,0.95
160,MATR_b1c25,852.0,968.0375360294753,66.44268663774852,837.8122631834075,1098.262808875543,692.0,808.0375360294753,677.8122631834075,938.262808875543,116.03753602947529,"MATR_b2c13,MATR_b4c3,MATR_b4c6,MATR_b3c12,MATR_b3c20,MATR_b1c0,MATR_b2c6,MATR_b1c39,MATR_b3c30,MATR_b2c46,MATR_b2c36,MATR_b1c14",False,False,0.95
160,MATR_b1c26,868.0,877.0032221382737,54.98412994783818,769.2363077192407,984.7701365573067,708.0,717.0032221382737,609.2363077192407,824.7701365573067,9.003222138273713,"MATR_b2c13,MATR_b4c3,MATR_b4c6,MATR_b3c12,MATR_b3c20,MATR_b1c0,MATR_b2c6,MATR_b1c39,MATR_b3c30,MATR_b2c46,MATR_b2c36,MATR_b1c14",False,False,0.95
160,MATR_b1c27,841.0,840.3848950842895,69.6886107842294,703.7977278145703,976.9720623540087,681.0,680.3848950842895,543.7977278145703,816.9720623540087,0.6151049157105035,"MATR_b2c13,MATR_b4c3,MATR_b4c6,MATR_b3c12,MATR_b3c20,MATR_b1c0,MATR_b2c6,MATR_b1c39,MATR_b3c30,MATR_b2c46,MATR_b2c36,MATR_b1c14",False,False,0.95
160,MATR_b1c3,1431.0,1827.153098162892,127.03105947374418,1578.176796676388,2076.1293996493964,1271.0,1667.153098162892,1418.176796676388,1916.1293996493964,396.1530981628921,"MATR_b2c13,MATR_b4c3,MATR_b4c6,MATR_b3c12,MATR_b3c20,MATR_b1c0,MATR_b2c6,MATR_b1c39,MATR_b3c30,MATR_b2c46,MATR_b2c36,MATR_b1c14",False,False,0.95
160,MATR_b1c32,729.0,570.180287072527,48.3929984571666,475.33175299257806,665.0288211524759,569.0,410.180287072527,315.33175299257806,505.02882115247587,158.819712927473,"MATR_b2c13,MATR_b4c3,MATR_b4c6,MATR_b3c12,MATR_b3c20,MATR_b1c0,MATR_b2c6,MATR_b1c39,MATR_b3c30,MATR_b2c46,MATR_b2c36,MATR_b1c14",False,False,0.95
160,MATR_b1c33,754.0,777.1569594278394,48.28598934531932,682.5181593531288,871.79575950255,594.0,617.1569594278394,522.5181593531288,711.79575950255,23.15695942783941,"MATR_b2c13,MATR_b4c3,MATR_b4c6,MATR_b3c12,MATR_b3c20,MATR_b1c0,MATR_b2c6,MATR_b1c39,MATR_b3c30,MATR_b2c46,MATR_b2c36,MATR_b1c14",False,False,0.95
160,MATR_b1c4,1705.0,1885.1890303901205,131.39018666348676,1627.6689966076915,2142.7090641725495,1545.0,1725.1890303901205,1467.6689966076915,1982.7090641725495,180.18903039012048,"MATR_b2c13,MATR_b4c3,MATR_b4c6,MATR_b3c12,MATR_b3c20,MATR_b1c0,MATR_b2c6,MATR_b1c39,MATR_b3c30,MATR_b2c46,MATR_b2c36,MATR_b1c14",False,False,0.95
160,MATR_b1c40,964.0,940.2244720893442,52.24525556034414,837.8256528279787,1042.6232913507097,804.0,780.2244720893442,677.8256528279787,882.6232913507097,23.775527910655796,"MATR_b2c13,MATR_b4c3,MATR_b4c6,MATR_b3c12,MATR_b3c20,MATR_b1c0,MATR_b2c6,MATR_b1c39,MATR_b3c30,MATR_b2c46,MATR_b2c36,MATR_b1c14",False,False,0.95
160,MATR_b1c43,649.0,529.5239736416611,27.86396797416031,474.9115999459294,584.1363473373927,489.0,369.5239736416611,314.9115999459294,424.13634733739275,119.47602635833891,"MATR_b2c13,MATR_b4c3,MATR_b4c6,MATR_b3c12,MATR_b3c20,MATR_b1c0,MATR_b2c6,MATR_b1c39,MATR_b3c30,MATR_b2c46,MATR_b2c36,MATR_b1c14",False,False,0.95
160,MATR_b1c44,614.0,493.39065810566336,18.70010352955636,456.73912868056254,530.0421875307642,454.0,333.39065810566336,296.73912868056254,370.0421875307642,120.60934189433664,"MATR_b2c13,MATR_b4c3,MATR_b4c6,MATR_b3c12,MATR_b3c20,MATR_b1c0,MATR_b2c6,MATR_b1c39,MATR_b3c30,MATR_b2c46,MATR_b2c36,MATR_b1c14",False,False,0.95
160,MATR_b1c45,597.0,475.0425482171351,15.596511856637726,444.47394669367327,505.61114974059694,437.0,315.0425482171351,284.47394669367327,345.61114974059694,121.9574517828649,"MATR_b2c13,MATR_b4c3,MATR_b4c6,MATR_b3c12,MATR_b3c20,MATR_b1c0,MATR_b2c6,MATR_b1c39,MATR_b3c30,MATR_b2c46,MATR_b2c36,MATR_b1c14",False,False,0.95
160,MATR_b2c0,299.0,366.41195895820925,18.215828432088184,330.7095912827557,402.1143266336628,139.0,206.41195895820925,170.7095912827557,242.1143266336628,67.41195895820925,"MATR_b2c13,MATR_b4c3,MATR_b4c6,MATR_b3c12,MATR_b3c20,MATR_b1c0,MATR_b2c6,MATR_b1c39,MATR_b3c30,MATR_b2c46,MATR_b2c36,MATR_b1c14",False,False,0.95
160,MATR_b2c11,476.0,457.74018856214724,26.857327225802187,405.10079447856793,510.37958264572654,316.0,297.74018856214724,245.10079447856793,350.37958264572654,18.25981143785276,"MATR_b2c13,MATR_b4c3,MATR_b4c6,MATR_b3c12,MATR_b3c20,MATR_b1c0,MATR_b2c6,MATR_b1c39,MATR_b3c30,MATR_b2c46,MATR_b2c36,MATR_b1c14",False,False,0.95
160,MATR_b2c14,484.0,465.73746479516194,19.705616597056597,427.11516597177626,504.3597636185476,324.0,305.73746479516194,267.11516597177626,344.3597636185476,18.26253520483806,"MATR_b2c13,MATR_b4c3,MATR_b4c6,MATR_b3c12,MATR_b3c20,MATR_b1c0,MATR_b2c6,MATR_b1c39,MATR_b3c30,MATR_b2c46,MATR_b2c36,MATR_b1c14",False,False,0.95
160,MATR_b2c18,486.0,451.07848363548095,13.052933117253351,425.49520483305423,476.66176243790767,326.0,291.07848363548095,265.49520483305423,316.66176243790767,34.92151636451905,"MATR_b2c13,MATR_b4c3,MATR_b4c6,MATR_b3c12,MATR_b3c20,MATR_b1c0,MATR_b2c6,MATR_b1c39,MATR_b3c30,MATR_b2c46,MATR_b2c36,MATR_b1c14",False,False,0.95
160,MATR_b2c26,470.0,447.62081081168617,13.279014216372097,421.5944211974015,473.6472004259708,310.0,287.62081081168617,261.5944211974015,313.6472004259708,22.37918918831383,"MATR_b2c13,MATR_b4c3,MATR_b4c6,MATR_b3c12,MATR_b3c20,MATR_b1c0,MATR_b2c6,MATR_b1c39,MATR_b3c30,MATR_b2c46,MATR_b2c36,MATR_b1c14",False,False,0.95
160,MATR_b2c28,508.0,491.6625498398964,39.57420790124062,414.0985276367644,569.2265720430285,348.0,331.6625498398964,254.0985276367644,409.22657204302845,16.33745016010357,"MATR_b2c13,MATR_b4c3,MATR_b4c6,MATR_b3c12,MATR_b3c20,MATR_b1c0,MATR_b2c6,MATR_b1c39,MATR_b3c30,MATR_b2c46,MATR_b2c36,MATR_b1c14",False,False,0.95
160,MATR_b2c31,491.0,527.2438360445759,44.02419732597653,440.9579948373774,613.5296772517745,331.0,367.2438360445759,280.9579948373774,453.5296772517745,36.243836044575914,"MATR_b2c13,MATR_b4c3,MATR_b4c6,MATR_b3c12,MATR_b3c20,MATR_b1c0,MATR_b2c6,MATR_b1c39,MATR_b3c30,MATR_b2c46,MATR_b2c36,MATR_b1c14",False,False,0.95
160,MATR_b2c43,461.0,431.7008318571474,11.827896994030095,408.51857973599886,454.883083978296,301.0,271.7008318571474,248.51857973599886,294.883083978296,29.29916814285258,"MATR_b2c13,MATR_b4c3,MATR_b4c6,MATR_b3c12,MATR_b3c20,MATR_b1c0,MATR_b2c6,MATR_b1c39,MATR_b3c30,MATR_b2c46,MATR_b2c36,MATR_b1c14",False,False,0.95
160,MATR_b3c21,770.0,891.1396686131416,42.030906750296445,808.7606051449991,973.518732081284,610.0,731.1396686131416,648.7606051449991,813.518732081284,121.13966861314157,"MATR_b2c13,MATR_b4c3,MATR_b4c6,MATR_b3c12,MATR_b3c20,MATR_b1c0,MATR_b2c6,MATR_b1c39,MATR_b3c30,MATR_b2c46,MATR_b2c36,MATR_b1c14",False,False,0.95
160,MATR_b3c27,847.0,882.0206974508243,52.79729434810558,778.5399020473773,985.5014928542713,687.0,722.0206974508243,618.5399020473773,825.5014928542713,35.02069745082429,"MATR_b2c13,MATR_b4c3,MATR_b4c6,MATR_b3c12,MATR_b3c20,MATR_b1c0,MATR_b2c6,MATR_b1c39,MATR_b3c30,MATR_b2c46,MATR_b2c36,MATR_b1c14",False,False,0.95
160,MATR_b3c34,1156.0,1118.4361760138247,130.66709027372767,862.3333851126745,1374.538966914975,996.0,958.4361760138247,702.3333851126745,1214.538966914975,37.563823986175294,"MATR_b2c13,MATR_b4c3,MATR_b4c6,MATR_b3c12,MATR_b3c20,MATR_b1c0,MATR_b2c6,MATR_b1c39,MATR_b3c30,MATR_b2c46,MATR_b2c36,MATR_b1c14",False,False,0.95
160,MATR_b3c35,1091.0,1110.70072978159,119.18426362220934,877.1038655581325,1344.2975940050476,931.0,950.7007297815901,717.1038655581325,1184.2975940050476,19.7007297815901,"MATR_b2c13,MATR_b4c3,MATR_b4c6,MATR_b3c12,MATR_b3c20,MATR_b1c0,MATR_b2c6,MATR_b1c39,MATR_b3c30,MATR_b2c46,MATR_b2c36,MATR_b1c14",False,False,0.95
160,MATR_b3c39,1154.0,811.7826673136145,38.91649099601972,735.5077465567385,888.0575880704905,994.0,651.7826673136145,575.5077465567385,728.0575880704905,342.2173326863855,"MATR_b2c13,MATR_b4c3,MATR_b4c6,MATR_b3c12,MATR_b3c20,MATR_b1c0,MATR_b2c6,MATR_b1c39,MATR_b3c30,MATR_b2c46,MATR_b2c36,MATR_b1c14",False,False,0.95
160,MATR_b4c2,742.0,853.9237227149181,39.239040818925226,777.0166159219276,930.8308295079086,582.0,693.9237227149181,617.0166159219276,770.8308295079086,111.92372271491809,"MATR_b2c13,MATR_b4c3,MATR_b4c6,MATR_b3c12,MATR_b3c20,MATR_b1c0,MATR_b2c6,MATR_b1c39,MATR_b3c30,MATR_b2c46,MATR_b2c36,MATR_b1c14",False,False,0.95
160,MATR_b4c20,747.0,829.1932228640778,33.77197782481268,763.0013626407597,895.385083087396,587.0,669.1932228640778,603.0013626407597,735.385083087396,82.19322286407782,"MATR_b2c13,MATR_b4c3,MATR_b4c6,MATR_b3c12,MATR_b3c20,MATR_b1c0,MATR_b2c6,MATR_b1c39,MATR_b3c30,MATR_b2c46,MATR_b2c36,MATR_b1c14",False,False,0.95
160,MATR_b4c22,671.0,656.8173926770074,29.786964078921635,598.4360158735327,715.1987694804822,511.0,496.81739267700743,438.4360158735327,555.1987694804822,14.182607322992567,"MATR_b2c13,MATR_b4c3,MATR_b4c6,MATR_b3c12,MATR_b3c20,MATR_b1c0,MATR_b2c6,MATR_b1c39,MATR_b3c30,MATR_b2c46,MATR_b2c36,MATR_b1c14",False,False,0.95
160,MATR_b4c23,1038.0,861.9105495781386,41.69645599355744,780.1869975478068,943.6341016084704,878.0,701.9105495781386,620.1869975478068,783.6341016084704,176.08945042186144,"MATR_b2c13,MATR_b4c3,MATR_b4c6,MATR_b3c12,MATR_b3c20,MATR_b1c0,MATR_b2c6,MATR_b1c39,MATR_b3c30,MATR_b2c46,MATR_b2c36,MATR_b1c14",False,False,0.95
160,MATR_b4c24,988.0,919.4886102795153,44.37490370866688,832.5153971930954,1006.4618233659353,828.0,759.4886102795153,672.5153971930954,846.4618233659353,68.51138972048466,"MATR_b2c13,MATR_b4c3,MATR_b4c6,MATR_b3c12,MATR_b3c20,MATR_b1c0,MATR_b2c6,MATR_b1c39,MATR_b3c30,MATR_b2c46,MATR_b2c36,MATR_b1c14",False,False,0.95
160,MATR_b4c26,476.0,506.8115449760445,16.63976322504858,474.1982083436752,539.4248816084138,316.0,346.8115449760445,314.1982083436752,379.4248816084138,30.8115449760445,"MATR_b2c13,MATR_b4c3,MATR_b4c6,MATR_b3c12,MATR_b3c20,MATR_b1c0,MATR_b2c6,MATR_b1c39,MATR_b3c30,MATR_b2c46,MATR_b2c36,MATR_b1c14",False,False,0.95
160,MATR_b4c38,1055.0,995.740735011897,90.6714228813802,818.0280117373909,1173.453458286403,895.0,835.740735011897,658.0280117373909,1013.453458286403,59.25926498810304,"MATR_b2c13,MATR_b4c3,MATR_b4c6,MATR_b3c12,MATR_b3c20,MATR_b1c0,MATR_b2c6,MATR_b1c39,MATR_b3c30,MATR_b2c46,MATR_b2c36,MATR_b1c14",False,False,0.95
160,MATR_b4c39,738.0,694.4502920711279,33.559018722762424,628.6758240180083,760.2247601242476,578.0,534.4502920711279,468.67582401800826,600.2247601242476,43.54970792887207,"MATR_b2c13,MATR_b4c3,MATR_b4c6,MATR_b3c12,MATR_b3c20,MATR_b1c0,MATR_b2c6,MATR_b1c39,MATR_b3c30,MATR_b2c46,MATR_b2c36,MATR_b1c14",False,False,0.95
180,MATR_b1c17,858.0,862.8794283844779,66.0180403252655,733.4864470170446,992.2724097519113,678.0,682.8794283844779,553.4864470170446,812.2724097519113,4.879428384477933,"MATR_b1c11,MATR_b2c19,MATR_b2c45,MATR_b4c4,MATR_b4c9,MATR_b2c40,MATR_b2c12,MATR_b1c35,MATR_b2c38,MATR_b1c14,MATR_b1c19,MATR_b3c14",False,False,0.95
180,MATR_b1c25,852.0,974.023767214603,64.8427604602716,846.9342920543129,1101.1132423748932,672.0,794.023767214603,666.9342920543129,921.1132423748932,122.02376721460303,"MATR_b1c11,MATR_b2c19,MATR_b2c45,MATR_b4c4,MATR_b4c9,MATR_b2c40,MATR_b2c12,MATR_b1c35,MATR_b2c38,MATR_b1c14,MATR_b1c19,MATR_b3c14",False,False,0.95
180,MATR_b1c26,868.0,885.8015253098928,54.78458008232022,778.4257214403948,993.1773291793908,688.0,705.8015253098928,598.4257214403948,813.1773291793908,17.80152530989278,"MATR_b1c11,MATR_b2c19,MATR_b2c45,MATR_b4c4,MATR_b4c9,MATR_b2c40,MATR_b2c12,MATR_b1c35,MATR_b2c38,MATR_b1c14,MATR_b1c19,MATR_b3c14",False,False,0.95
180,MATR_b1c27,841.0,813.5672683713728,67.36676081595672,681.5308434169735,945.6036933257722,661.0,633.5672683713728,501.53084341697354,765.6036933257722,27.432731628627153,"MATR_b1c11,MATR_b2c19,MATR_b2c45,MATR_b4c4,MATR_b4c9,MATR_b2c40,MATR_b2c12,MATR_b1c35,MATR_b2c38,MATR_b1c14,MATR_b1c19,MATR_b3c14",False,False,0.95
180,MATR_b1c3,1431.0,1852.898151440982,117.35355294715087,1622.889414206752,2082.906888675212,1251.0,1672.898151440982,1442.889414206752,1902.906888675212,421.898151440982,"MATR_b1c11,MATR_b2c19,MATR_b2c45,MATR_b4c4,MATR_b4c9,MATR_b2c40,MATR_b2c12,MATR_b1c35,MATR_b2c38,MATR_b1c14,MATR_b1c19,MATR_b3c14",False,False,0.95
180,MATR_b1c32,729.0,639.5028342102237,51.47111328990711,538.6213059178249,740.3843625026225,549.0,459.5028342102237,358.6213059178249,560.3843625026225,89.49716578977632,"MATR_b1c11,MATR_b2c19,MATR_b2c45,MATR_b4c4,MATR_b4c9,MATR_b2c40,MATR_b2c12,MATR_b1c35,MATR_b2c38,MATR_b1c14,MATR_b1c19,MATR_b3c14",False,False,0.95
180,MATR_b1c33,754.0,782.5208006156274,48.38647823954388,687.6850459273904,877.3565553038644,574.0,602.5208006156274,507.68504592739043,697.3565553038644,28.520800615627422,"MATR_b1c11,MATR_b2c19,MATR_b2c45,MATR_b4c4,MATR_b4c9,MATR_b2c40,MATR_b2c12,MATR_b1c35,MATR_b2c38,MATR_b1c14,MATR_b1c19,MATR_b3c14",False,False,0.95
180,MATR_b1c4,1705.0,2040.222500167244,113.386556089767,1817.98893390027,2262.456066434218,1525.0,1860.222500167244,1637.98893390027,2082.456066434218,335.2225001672441,"MATR_b1c11,MATR_b2c19,MATR_b2c45,MATR_b4c4,MATR_b4c9,MATR_b2c40,MATR_b2c12,MATR_b1c35,MATR_b2c38,MATR_b1c14,MATR_b1c19,MATR_b3c14",False,False,0.95
180,MATR_b1c40,964.0,921.2081888334684,53.707278425867294,815.9438574111035,1026.4725202558334,784.0,741.2081888334684,635.9438574111035,846.4725202558334,42.7918111665316,"MATR_b1c11,MATR_b2c19,MATR_b2c45,MATR_b4c4,MATR_b4c9,MATR_b2c40,MATR_b2c12,MATR_b1c35,MATR_b2c38,MATR_b1c14,MATR_b1c19,MATR_b3c14",False,False,0.95
180,MATR_b1c43,649.0,559.1441828002651,26.552040140054437,507.10314040969655,611.1852251908336,469.0,379.14418280026507,327.10314040969655,431.18522519083365,89.85581719973493,"MATR_b1c11,MATR_b2c19,MATR_b2c45,MATR_b4c4,MATR_b4c9,MATR_b2c40,MATR_b2c12,MATR_b1c35,MATR_b2c38,MATR_b1c14,MATR_b1c19,MATR_b3c14",False,False,0.95
180,MATR_b1c44,614.0,520.6665960690425,22.69788465589392,476.1795596182461,565.1536325198389,434.0,340.6665960690425,296.1795596182461,385.1536325198389,93.3334039309575,"MATR_b1c11,MATR_b2c19,MATR_b2c45,MATR_b4c4,MATR_b4c9,MATR_b2c40,MATR_b2c12,MATR_b1c35,MATR_b2c38,MATR_b1c14,MATR_b1c19,MATR_b3c14",False,False,0.95
180,MATR_b1c45,597.0,492.0545383256063,18.23048237296361,456.3234494538053,527.7856271974073,417.0,312.0545383256063,276.3234494538053,347.7856271974073,104.9454616743937,"MATR_b1c11,MATR_b2c19,MATR_b2c45,MATR_b4c4,MATR_b4c9,MATR_b2c40,MATR_b2c12,MATR_b1c35,MATR_b2c38,MATR_b1c14,MATR_b1c19,MATR_b3c14",False,False,0.95
180,MATR_b2c0,299.0,366.0939955102813,18.63918985034425,329.56185470260203,402.6261363179605,119.0,186.09399551028127,149.56185470260203,222.62613631796052,67.09399551028127,"MATR_b1c11,MATR_b2c19,MATR_b2c45,MATR_b4c4,MATR_b4c9,MATR_b2c40,MATR_b2c12,MATR_b1c35,MATR_b2c38,MATR_b1c14,MATR_b1c19,MATR_b3c14",False,False,0.95
180,MATR_b2c11,476.0,463.52501641887943,25.857681881340234,412.8448912077587,514.2051416300002,296.0,283.52501641887943,232.84489120775868,334.2051416300002,12.474983581120568,"MATR_b1c11,MATR_b2c19,MATR_b2c45,MATR_b4c4,MATR_b4c9,MATR_b2c40,MATR_b2c12,MATR_b1c35,MATR_b2c38,MATR_b1c14,MATR_b1c19,MATR_b3c14",False,False,0.95
180,MATR_b2c14,484.0,468.12894255510406,19.169332243754116,430.5577417496636,505.70014336054453,304.0,288.12894255510406,250.5577417496636,325.70014336054453,15.87105744489594,"MATR_b1c11,MATR_b2c19,MATR_b2c45,MATR_b4c4,MATR_b4c9,MATR_b2c40,MATR_b2c12,MATR_b1c35,MATR_b2c38,MATR_b1c14,MATR_b1c19,MATR_b3c14",False,False,0.95
180,MATR_b2c18,486.0,446.66540743698187,12.303388237771939,422.55120960313513,470.7796052708286,306.0,266.66540743698187,242.55120960313513,290.7796052708286,39.334592563018134,"MATR_b1c11,MATR_b2c19,MATR_b2c45,MATR_b4c4,MATR_b4c9,MATR_b2c40,MATR_b2c12,MATR_b1c35,MATR_b2c38,MATR_b1c14,MATR_b1c19,MATR_b3c14",False,False,0.95
180,MATR_b2c26,470.0,450.9234168790236,14.024341522162818,423.43621258869484,478.41062116935234,290.0,270.9234168790236,243.43621258869484,298.41062116935234,19.07658312097641,"MATR_b1c11,MATR_b2c19,MATR_b2c45,MATR_b4c4,MATR_b4c9,MATR_b2c40,MATR_b2c12,MATR_b1c35,MATR_b2c38,MATR_b1c14,MATR_b1c19,MATR_b3c14",False,False,0.95
180,MATR_b2c28,508.0,495.6566110378695,34.84792248165885,427.3559380377745,563.9572840379644,328.0,315.6566110378695,247.35593803777448,383.9572840379644,12.343388962130518,"MATR_b1c11,MATR_b2c19,MATR_b2c45,MATR_b4c4,MATR_b4c9,MATR_b2c40,MATR_b2c12,MATR_b1c35,MATR_b2c38,MATR_b1c14,MATR_b1c19,MATR_b3c14",False,False,0.95
180,MATR_b2c31,491.0,507.154454521273,29.96017538587008,448.43358979446424,565.8753192480817,311.0,327.154454521273,268.43358979446424,385.8753192480817,16.15445452127301,"MATR_b1c11,MATR_b2c19,MATR_b2c45,MATR_b4c4,MATR_b4c9,MATR_b2c40,MATR_b2c12,MATR_b1c35,MATR_b2c38,MATR_b1c14,MATR_b1c19,MATR_b3c14",False,False,0.95
180,MATR_b2c43,461.0,435.57502318044953,12.38409307065649,411.3026467807708,459.8473995801283,281.0,255.57502318044953,231.30264678077077,279.8473995801283,25.424976819550466,"MATR_b1c11,MATR_b2c19,MATR_b2c45,MATR_b4c4,MATR_b4c9,MATR_b2c40,MATR_b2c12,MATR_b1c35,MATR_b2c38,MATR_b1c14,MATR_b1c19,MATR_b3c14",False,False,0.95
180,MATR_b3c21,770.0,761.0672899183808,32.02571318800061,698.2980454906901,823.8365343460714,590.0,581.0672899183808,518.2980454906901,643.8365343460714,8.932710081619234,"MATR_b1c11,MATR_b2c19,MATR_b2c45,MATR_b4c4,MATR_b4c9,MATR_b2c40,MATR_b2c12,MATR_b1c35,MATR_b2c38,MATR_b1c14,MATR_b1c19,MATR_b3c14",False,False,0.95
180,MATR_b3c27,847.0,851.4786458346198,46.70520300898582,759.9381300463758,943.0191616228637,667.0,671.4786458346198,579.9381300463758,763.0191616228637,4.478645834619783,"MATR_b1c11,MATR_b2c19,MATR_b2c45,MATR_b4c4,MATR_b4c9,MATR_b2c40,MATR_b2c12,MATR_b1c35,MATR_b2c38,MATR_b1c14,MATR_b1c19,MATR_b3c14",False,False,0.95
180,MATR_b3c34,1156.0,1053.3550800860344,108.39306231730518,840.9085817701106,1265.801578401958,976.0,873.3550800860344,660.9085817701106,1085.801578401958,102.64491991396562,"MATR_b1c11,MATR_b2c19,MATR_b2c45,MATR_b4c4,MATR_b4c9,MATR_b2c40,MATR_b2c12,MATR_b1c35,MATR_b2c38,MATR_b1c14,MATR_b1c19,MATR_b3c14",False,False,0.95
180,MATR_b3c35,1091.0,1147.2809000870498,129.98033499538863,892.5241247976369,1402.0376753764626,911.0,967.2809000870498,712.5241247976369,1222.0376753764626,56.28090008704976,"MATR_b1c11,MATR_b2c19,MATR_b2c45,MATR_b4c4,MATR_b4c9,MATR_b2c40,MATR_b2c12,MATR_b1c35,MATR_b2c38,MATR_b1c14,MATR_b1c19,MATR_b3c14",False,False,0.95
180,MATR_b3c39,1154.0,788.4645298165559,36.94428592468228,716.0550599696286,860.8739996634832,974.0,608.4645298165559,536.0550599696286,680.8739996634832,365.5354701834441,"MATR_b1c11,MATR_b2c19,MATR_b2c45,MATR_b4c4,MATR_b4c9,MATR_b2c40,MATR_b2c12,MATR_b1c35,MATR_b2c38,MATR_b1c14,MATR_b1c19,MATR_b3c14",False,False,0.95
180,MATR_b4c2,742.0,855.9614254763344,39.989175544054525,777.5840816385377,934.3387693141311,562.0,675.9614254763344,597.5840816385377,754.3387693141311,113.9614254763344,"MATR_b1c11,MATR_b2c19,MATR_b2c45,MATR_b4c4,MATR_b4c9,MATR_b2c40,MATR_b2c12,MATR_b1c35,MATR_b2c38,MATR_b1c14,MATR_b1c19,MATR_b3c14",False,False,0.95
180,MATR_b4c20,747.0,837.8896517725358,34.93625984630371,769.4158407192476,906.363462825824,567.0,657.8896517725358,589.4158407192476,726.363462825824,90.88965177253579,"MATR_b1c11,MATR_b2c19,MATR_b2c45,MATR_b4c4,MATR_b4c9,MATR_b2c40,MATR_b2c12,MATR_b1c35,MATR_b2c38,MATR_b1c14,MATR_b1c19,MATR_b3c14",False,False,0.95
180,MATR_b4c22,671.0,641.116472230417,25.98310978053291,590.1905128542221,692.0424316066119,491.0,461.116472230417,410.1905128542221,512.0424316066119,29.883527769582997,"MATR_b1c11,MATR_b2c19,MATR_b2c45,MATR_b4c4,MATR_b4c9,MATR_b2c40,MATR_b2c12,MATR_b1c35,MATR_b2c38,MATR_b1c14,MATR_b1c19,MATR_b3c14",False,False,0.95
180,MATR_b4c23,1038.0,851.3252906943911,39.41289989223648,774.0774263793251,928.5731550094572,858.0,671.3252906943911,594.0774263793251,748.5731550094572,186.67470930560887,"MATR_b1c11,MATR_b2c19,MATR_b2c45,MATR_b4c4,MATR_b4c9,MATR_b2c40,MATR_b2c12,MATR_b1c35,MATR_b2c38,MATR_b1c14,MATR_b1c19,MATR_b3c14",False,False,0.95
180,MATR_b4c24,988.0,938.3455335536971,45.37176885881255,849.4185006755486,1027.2725664318457,808.0,758.3455335536971,669.4185006755486,847.2725664318457,49.65446644630288,"MATR_b1c11,MATR_b2c19,MATR_b2c45,MATR_b4c4,MATR_b4c9,MATR_b2c40,MATR_b2c12,MATR_b1c35,MATR_b2c38,MATR_b1c14,MATR_b1c19,MATR_b3c14",False,False,0.95
180,MATR_b4c26,476.0,504.342543294317,17.126556100532778,470.775110158068,537.909976430566,296.0,324.342543294317,290.775110158068,357.90997643056596,28.34254329431701,"MATR_b1c11,MATR_b2c19,MATR_b2c45,MATR_b4c4,MATR_b4c9,MATR_b2c40,MATR_b2c12,MATR_b1c35,MATR_b2c38,MATR_b1c14,MATR_b1c19,MATR_b3c14",False,False,0.95
180,MATR_b4c38,1055.0,974.4856766417232,86.24663960613428,805.4453692260943,1143.5259840573522,875.0,794.4856766417232,625.4453692260943,963.5259840573522,80.51432335827678,"MATR_b1c11,MATR_b2c19,MATR_b2c45,MATR_b4c4,MATR_b4c9,MATR_b2c40,MATR_b2c12,MATR_b1c35,MATR_b2c38,MATR_b1c14,MATR_b1c19,MATR_b3c14",False,False,0.95
180,MATR_b4c39,738.0,692.3847306278893,31.663597606525904,630.3252196981299,754.4442415576488,558.0,512.3847306278893,450.3252196981299,574.4442415576488,45.615269372110674,"MATR_b1c11,MATR_b2c19,MATR_b2c45,MATR_b4c4,MATR_b4c9,MATR_b2c40,MATR_b2c12,MATR_b1c35,MATR_b2c38,MATR_b1c14,MATR_b1c19,MATR_b3c14",False,False,0.95
200,MATR_b1c17,858.0,803.6022339594604,51.33709184790857,702.9833828665348,904.2210850523859,658.0,603.6022339594604,502.98338286653484,704.2210850523859,54.397766040539636,"MATR_b4c8,MATR_b4c25,MATR_b2c32,MATR_b2c34,MATR_b1c7,MATR_b1c37,MATR_b3c6,MATR_b4c37,MATR_b2c41,MATR_b4c16,MATR_b3c31,MATR_b2c23",False,False,0.95
200,MATR_b1c25,852.0,941.640895985503,56.183500102018264,831.5232592601448,1051.7585327108611,652.0,741.640895985503,631.5232592601448,851.7585327108611,89.640895985503,"MATR_b4c8,MATR_b4c25,MATR_b2c32,MATR_b2c34,MATR_b1c7,MATR_b1c37,MATR_b3c6,MATR_b4c37,MATR_b2c41,MATR_b4c16,MATR_b3c31,MATR_b2c23",False,False,0.95
200,MATR_b1c26,868.0,862.7263758504333,48.198285562372384,768.2594720316066,957.19327966926,668.0,662.7263758504333,568.2594720316066,757.19327966926,5.273624149566672,"MATR_b4c8,MATR_b4c25,MATR_b2c32,MATR_b2c34,MATR_b1c7,MATR_b1c37,MATR_b3c6,MATR_b4c37,MATR_b2c41,MATR_b4c16,MATR_b3c31,MATR_b2c23",False,False,0.95
200,MATR_b1c27,841.0,786.9229357092831,55.779326989177285,677.5974637286126,896.2484076899536,641.0,586.9229357092831,477.59746372861264,696.2484076899536,54.07706429071686,"MATR_b4c8,MATR_b4c25,MATR_b2c32,MATR_b2c34,MATR_b1c7,MATR_b1c37,MATR_b3c6,MATR_b4c37,MATR_b2c41,MATR_b4c16,MATR_b3c31,MATR_b2c23",False,False,0.95
200,MATR_b1c3,1431.0,1940.011436245451,110.41028242263616,1723.6112591741885,2156.4116133167136,1231.0,1740.011436245451,1523.6112591741885,1956.4116133167136,509.011436245451,"MATR_b4c8,MATR_b4c25,MATR_b2c32,MATR_b2c34,MATR_b1c7,MATR_b1c37,MATR_b3c6,MATR_b4c37,MATR_b2c41,MATR_b4c16,MATR_b3c31,MATR_b2c23",False,False,0.95
200,MATR_b1c32,729.0,622.7246168354019,38.41331601465566,547.4359009199211,698.0133327508827,529.0,422.7246168354019,347.4359009199211,498.0133327508827,106.27538316459811,"MATR_b4c8,MATR_b4c25,MATR_b2c32,MATR_b2c34,MATR_b1c7,MATR_b1c37,MATR_b3c6,MATR_b4c37,MATR_b2c41,MATR_b4c16,MATR_b3c31,MATR_b2c23",False,False,0.95
200,MATR_b1c33,754.0,748.2133315966901,39.162032273297065,671.4571587796326,824.9695044137476,554.0,548.2133315966901,471.45715877963255,624.9695044137476,5.786668403309932,"MATR_b4c8,MATR_b4c25,MATR_b2c32,MATR_b2c34,MATR_b1c7,MATR_b1c37,MATR_b3c6,MATR_b4c37,MATR_b2c41,MATR_b4c16,MATR_b3c31,MATR_b2c23",False,False,0.95
200,MATR_b1c4,1705.0,2098.8996548985497,103.76485203480772,1895.524282049199,2302.2750277479004,1505.0,1898.8996548985497,1695.524282049199,2102.2750277479004,393.89965489854967,"MATR_b4c8,MATR_b4c25,MATR_b2c32,MATR_b2c34,MATR_b1c7,MATR_b1c37,MATR_b3c6,MATR_b4c37,MATR_b2c41,MATR_b4c16,MATR_b3c31,MATR_b2c23",False,False,0.95
200,MATR_b1c40,964.0,913.3980934381972,51.29348345984886,812.8647132152925,1013.9314736611019,764.0,713.3980934381972,612.8647132152925,813.9314736611019,50.60190656180282,"MATR_b4c8,MATR_b4c25,MATR_b2c32,MATR_b2c34,MATR_b1c7,MATR_b1c37,MATR_b3c6,MATR_b4c37,MATR_b2c41,MATR_b4c16,MATR_b3c31,MATR_b2c23",False,False,0.95
200,MATR_b1c43,649.0,538.8944389122832,20.60408627310277,498.5111718826457,579.2777059419208,449.0,338.89443891228325,298.5111718826457,379.2777059419208,110.10556108771675,"MATR_b4c8,MATR_b4c25,MATR_b2c32,MATR_b2c34,MATR_b1c7,MATR_b1c37,MATR_b3c6,MATR_b4c37,MATR_b2c41,MATR_b4c16,MATR_b3c31,MATR_b2c23",False,False,0.95
200,MATR_b1c44,614.0,530.5951049688916,22.68095762247163,486.14124489396806,575.0489650438152,414.0,330.59510496889163,286.14124489396806,375.0489650438152,83.40489503110837,"MATR_b4c8,MATR_b4c25,MATR_b2c32,MATR_b2c34,MATR_b1c7,MATR_b1c37,MATR_b3c6,MATR_b4c37,MATR_b2c41,MATR_b4c16,MATR_b3c31,MATR_b2c23",False,False,0.95
200,MATR_b1c45,597.0,509.0053263333462,19.79949661950294,470.1990260470979,547.8116266195946,397.0,309.0053263333462,270.1990260470979,347.81162661959456,87.9946736666538,"MATR_b4c8,MATR_b4c25,MATR_b2c32,MATR_b2c34,MATR_b1c7,MATR_b1c37,MATR_b3c6,MATR_b4c37,MATR_b2c41,MATR_b4c16,MATR_b3c31,MATR_b2c23",False,False,0.95
200,MATR_b2c0,299.0,362.9978803378093,18.001079698152363,327.71641244659554,398.27934822902307,99.0,162.9978803378093,127.71641244659554,198.27934822902307,63.997880337809306,"MATR_b4c8,MATR_b4c25,MATR_b2c32,MATR_b2c34,MATR_b1c7,MATR_b1c37,MATR_b3c6,MATR_b4c37,MATR_b2c41,MATR_b4c16,MATR_b3c31,MATR_b2c23",False,False,0.95
200,MATR_b2c11,476.0,455.62298548230575,21.23123758962021,414.01052445943714,497.23544650517437,276.0,255.62298548230575,214.01052445943714,297.23544650517437,20.37701451769425,"MATR_b4c8,MATR_b4c25,MATR_b2c32,MATR_b2c34,MATR_b1c7,MATR_b1c37,MATR_b3c6,MATR_b4c37,MATR_b2c41,MATR_b4c16,MATR_b3c31,MATR_b2c23",False,False,0.95
200,MATR_b2c14,484.0,469.6933408752807,17.756552624413867,434.8911372418393,504.49554450872205,284.0,269.6933408752807,234.89113724183932,304.49554450872205,14.306659124719317,"MATR_b4c8,MATR_b4c25,MATR_b2c32,MATR_b2c34,MATR_b1c7,MATR_b1c37,MATR_b3c6,MATR_b4c37,MATR_b2c41,MATR_b4c16,MATR_b3c31,MATR_b2c23",False,False,0.95
200,MATR_b2c18,486.0,436.91171034710175,11.628337672068884,414.1205873097764,459.7028333844271,286.0,236.91171034710175,214.1205873097764,259.7028333844271,49.088289652898254,"MATR_b4c8,MATR_b4c25,MATR_b2c32,MATR_b2c34,MATR_b1c7,MATR_b1c37,MATR_b3c6,MATR_b4c37,MATR_b2c41,MATR_b4c16,MATR_b3c31,MATR_b2c23",False,False,0.95
200,MATR_b2c26,470.0,444.95986224481584,12.524074436015034,420.4131274105276,469.5065970791041,270.0,244.95986224481584,220.41312741052758,269.5065970791041,25.040137755184162,"MATR_b4c8,MATR_b4c25,MATR_b2c32,MATR_b2c34,MATR_b1c7,MATR_b1c37,MATR_b3c6,MATR_b4c37,MATR_b2c41,MATR_b4c16,MATR_b3c31,MATR_b2c23",False,False,0.95
200,MATR_b2c28,508.0,502.541941934575,31.095331562142874,441.59621198544335,563.4876718837066,308.0,302.541941934575,241.59621198544335,363.48767188370664,5.458058065425007,"MATR_b4c8,MATR_b4c25,MATR_b2c32,MATR_b2c34,MATR_b1c7,MATR_b1c37,MATR_b3c6,MATR_b4c37,MATR_b2c41,MATR_b4c16,MATR_b3c31,MATR_b2c23",False,False,0.95
200,MATR_b2c31,491.0,507.1426907058667,25.265349188879146,457.6235162388353,556.661865172898,291.0,307.1426907058667,257.6235162388353,356.66186517289805,16.1426907058667,"MATR_b4c8,MATR_b4c25,MATR_b2c32,MATR_b2c34,MATR_b1c7,MATR_b1c37,MATR_b3c6,MATR_b4c37,MATR_b2c41,MATR_b4c16,MATR_b3c31,MATR_b2c23",False,False,0.95
200,MATR_b2c43,461.0,434.94730447733696,12.219204615825808,410.9981035105928,458.89650544408113,261.0,234.94730447733696,210.99810351059278,258.89650544408113,26.052695522663043,"MATR_b4c8,MATR_b4c25,MATR_b2c32,MATR_b2c34,MATR_b1c7,MATR_b1c37,MATR_b3c6,MATR_b4c37,MATR_b2c41,MATR_b4c16,MATR_b3c31,MATR_b2c23",False,False,0.95
200,MATR_b3c21,770.0,740.7188331744228,28.725137891851713,684.4185974554466,797.019068893399,570.0,540.7188331744228,484.4185974554466,597.019068893399,29.281166825577202,"MATR_b4c8,MATR_b4c25,MATR_b2c32,MATR_b2c34,MATR_b1c7,MATR_b1c37,MATR_b3c6,MATR_b4c37,MATR_b2c41,MATR_b4c16,MATR_b3c31,MATR_b2c23",False,False,0.95
200,MATR_b3c27,847.0,814.2683501612397,39.13742424384279,737.560408195643,890.9762921268364,647.0,614.2683501612397,537.560408195643,690.9762921268364,32.73164983876029,"MATR_b4c8,MATR_b4c25,MATR_b2c32,MATR_b2c34,MATR_b1c7,MATR_b1c37,MATR_b3c6,MATR_b4c37,MATR_b2c41,MATR_b4c16,MATR_b3c31,MATR_b2c23",False,False,0.95
200,MATR_b3c34,1156.0,1025.0557847467371,96.99550441459621,834.9480894318327,1215.1634800616414,956.0,825.0557847467371,634.9480894318327,1015.1634800616414,130.94421525326288,"MATR_b4c8,MATR_b4c25,MATR_b2c32,MATR_b2c34,MATR_b1c7,MATR_b1c37,MATR_b3c6,MATR_b4c37,MATR_b2c41,MATR_b4c16,MATR_b3c31,MATR_b2c23",False,False,0.95
200,MATR_b3c35,1091.0,1151.2071018482416,128.84793537232397,898.6697890361422,1403.744414660341,891.0,951.2071018482416,698.6697890361422,1203.744414660341,60.207101848241564,"MATR_b4c8,MATR_b4c25,MATR_b2c32,MATR_b2c34,MATR_b1c7,MATR_b1c37,MATR_b3c6,MATR_b4c37,MATR_b2c41,MATR_b4c16,MATR_b3c31,MATR_b2c23",False,False,0.95
200,MATR_b3c39,1154.0,777.5730145616274,33.86810493458694,711.1927486652137,843.953280458041,954.0,577.5730145616274,511.1927486652137,643.953280458041,376.42698543837264,"MATR_b4c8,MATR_b4c25,MATR_b2c32,MATR_b2c34,MATR_b1c7,MATR_b1c37,MATR_b3c6,MATR_b4c37,MATR_b2c41,MATR_b4c16,MATR_b3c31,MATR_b2c23",False,False,0.95
200,MATR_b4c2,742.0,836.1398598823905,35.664826788484476,766.2380838621016,906.0416359026794,542.0,636.1398598823905,566.2380838621016,706.0416359026794,94.13985988239051,"MATR_b4c8,MATR_b4c25,MATR_b2c32,MATR_b2c34,MATR_b1c7,MATR_b1c37,MATR_b3c6,MATR_b4c37,MATR_b2c41,MATR_b4c16,MATR_b3c31,MATR_b2c23",False,False,0.95
200,MATR_b4c20,747.0,821.4825856107166,32.34517548218412,758.0872065920078,884.8779646294254,547.0,621.4825856107166,558.0872065920078,684.8779646294254,74.48258561071657,"MATR_b4c8,MATR_b4c25,MATR_b2c32,MATR_b2c34,MATR_b1c7,MATR_b1c37,MATR_b3c6,MATR_b4c37,MATR_b2c41,MATR_b4c16,MATR_b3c31,MATR_b2c23",False,False,0.95
200,MATR_b4c22,671.0,618.4140768510915,22.004668262702474,575.2857195644431,661.54243413774,471.0,418.4140768510915,375.28571956444307,461.54243413774,52.58592314890848,"MATR_b4c8,MATR_b4c25,MATR_b2c32,MATR_b2c34,MATR_b1c7,MATR_b1c37,MATR_b3c6,MATR_b4c37,MATR_b2c41,MATR_b4c16,MATR_b3c31,MATR_b2c23",False,False,0.95
200,MATR_b4c23,1038.0,831.9513694829208,35.047630742601285,763.2592754839635,900.643463481878,838.0,631.9513694829208,563.2592754839635,700.643463481878,206.04863051707923,"MATR_b4c8,MATR_b4c25,MATR_b2c32,MATR_b2c34,MATR_b1c7,MATR_b1c37,MATR_b3c6,MATR_b4c37,MATR_b2c41,MATR_b4c16,MATR_b3c31,MATR_b2c23",False,False,0.95
200,MATR_b4c24,988.0,937.6373783442772,42.02314301038599,855.2735315267446,1020.0012251618098,788.0,737.6373783442772,655.2735315267446,820.0012251618098,50.36262165572282,"MATR_b4c8,MATR_b4c25,MATR_b2c32,MATR_b2c34,MATR_b1c7,MATR_b1c37,MATR_b3c6,MATR_b4c37,MATR_b2c41,MATR_b4c16,MATR_b3c31,MATR_b2c23",False,False,0.95
200,MATR_b4c26,476.0,505.3704965016558,16.746892906547327,472.5471895518737,538.1938034514378,276.0,305.3704965016558,272.5471895518737,338.1938034514378,29.370496501655794,"MATR_b4c8,MATR_b4c25,MATR_b2c32,MATR_b2c34,MATR_b1c7,MATR_b1c37,MATR_b3c6,MATR_b4c37,MATR_b2c41,MATR_b4c16,MATR_b3c31,MATR_b2c23",False,False,0.95
200,MATR_b4c38,1055.0,926.0735477998564,68.85767311561679,791.1149884340157,1061.0321071656972,855.0,726.0735477998564,591.1149884340157,861.0321071656972,128.92645220014356,"MATR_b4c8,MATR_b4c25,MATR_b2c32,MATR_b2c34,MATR_b1c7,MATR_b1c37,MATR_b3c6,MATR_b4c37,MATR_b2c41,MATR_b4c16,MATR_b3c31,MATR_b2c23",False,False,0.95
200,MATR_b4c39,738.0,676.2167044386113,27.368927898104374,622.5745914628532,729.8588174143694,538.0,476.21670443861126,422.57459146285316,529.8588174143694,61.78329556138874,"MATR_b4c8,MATR_b4c25,MATR_b2c32,MATR_b2c34,MATR_b1c7,MATR_b1c37,MATR_b3c6,MATR_b4c37,MATR_b2c41,MATR_b4c16,MATR_b3c31,MATR_b2c23",False,False,0.95
220,MATR_b1c17,858.0,818.5464545451935,47.30282658144678,725.8346180786139,911.258291011773,638.0,598.5464545451935,505.83461807861386,691.258291011773,39.453545454806545,"MATR_b2c38,MATR_b2c22,MATR_b2c40,MATR_b4c40,MATR_b4c8,MATR_b1c9,MATR_b3c5,MATR_b2c41,MATR_b3c25,MATR_b4c44,MATR_b4c16,MATR_b4c35",False,False,0.95
220,MATR_b1c25,852.0,934.1108058749435,51.40039327904198,833.3678862568265,1034.8537254930604,632.0,714.1108058749435,613.3678862568265,814.8537254930604,82.11080587494348,"MATR_b2c38,MATR_b2c22,MATR_b2c40,MATR_b4c40,MATR_b4c8,MATR_b1c9,MATR_b3c5,MATR_b2c41,MATR_b3c25,MATR_b4c44,MATR_b4c16,MATR_b4c35",False,False,0.95
220,MATR_b1c26,868.0,862.6930229750811,45.44878213266234,773.6150468538555,951.7709990963068,648.0,642.6930229750811,553.6150468538555,731.7709990963068,5.306977024918865,"MATR_b2c38,MATR_b2c22,MATR_b2c40,MATR_b4c40,MATR_b4c8,MATR_b1c9,MATR_b3c5,MATR_b2c41,MATR_b3c25,MATR_b4c44,MATR_b4c16,MATR_b4c35",False,False,0.95
220,MATR_b1c27,841.0,812.5640295784749,53.11137119785669,708.4676548611378,916.660404295812,621.0,592.5640295784749,488.4676548611378,696.660404295812,28.4359704215251,"MATR_b2c38,MATR_b2c22,MATR_b2c40,MATR_b4c40,MATR_b4c8,MATR_b1c9,MATR_b3c5,MATR_b2c41,MATR_b3c25,MATR_b4c44,MATR_b4c16,MATR_b4c35",False,False,0.95
220,MATR_b1c3,1431.0,1969.8566520148092,106.87776185049646,1760.3800880395872,2179.333215990031,1211.0,1749.8566520148092,1540.3800880395872,1959.333215990031,538.8566520148092,"MATR_b2c38,MATR_b2c22,MATR_b2c40,MATR_b4c40,MATR_b4c8,MATR_b1c9,MATR_b3c5,MATR_b2c41,MATR_b3c25,MATR_b4c44,MATR_b4c16,MATR_b4c35",False,False,0.95
220,MATR_b1c32,729.0,656.3434073718536,39.08465019816042,579.7389006351129,732.9479141085942,509.0,436.3434073718536,359.73890063511294,512.9479141085942,72.65659262814643,"MATR_b2c38,MATR_b2c22,MATR_b2c40,MATR_b4c40,MATR_b4c8,MATR_b1c9,MATR_b3c5,MATR_b2c41,MATR_b3c25,MATR_b4c44,MATR_b4c16,MATR_b4c35",False,False,0.95
220,MATR_b1c33,754.0,762.5837452533217,37.69586275740762,688.7012118826381,836.4662786240053,534.0,542.5837452533217,468.70121188263806,616.4662786240053,8.583745253321695,"MATR_b2c38,MATR_b2c22,MATR_b2c40,MATR_b4c40,MATR_b4c8,MATR_b1c9,MATR_b3c5,MATR_b2c41,MATR_b3c25,MATR_b4c44,MATR_b4c16,MATR_b4c35",False,False,0.95
220,MATR_b1c4,1705.0,2108.355492938857,100.70018899259414,1910.9867492769956,2305.724236600718,1485.0,1888.355492938857,1690.9867492769956,2085.724236600718,403.35549293885697,"MATR_b2c38,MATR_b2c22,MATR_b2c40,MATR_b4c40,MATR_b4c8,MATR_b1c9,MATR_b3c5,MATR_b2c41,MATR_b3c25,MATR_b4c44,MATR_b4c16,MATR_b4c35",False,False,0.95
220,MATR_b1c40,964.0,922.0960732033486,49.18574627970326,825.6937819424053,1018.498364464292,744.0,702.0960732033486,605.6937819424053,798.498364464292,41.903926796651376,"MATR_b2c38,MATR_b2c22,MATR_b2c40,MATR_b4c40,MATR_b4c8,MATR_b1c9,MATR_b3c5,MATR_b2c41,MATR_b3c25,MATR_b4c44,MATR_b4c16,MATR_b4c35",False,False,0.95
220,MATR_b1c43,649.0,567.0749234985539,21.681818197723693,524.5793407116703,609.5705062854374,429.0,347.07492349855386,304.5793407116703,389.57050628543743,81.92507650144614,"MATR_b2c38,MATR_b2c22,MATR_b2c40,MATR_b4c40,MATR_b4c8,MATR_b1c9,MATR_b3c5,MATR_b2c41,MATR_b3c25,MATR_b4c44,MATR_b4c16,MATR_b4c35",False,False,0.95
220,MATR_b1c44,614.0,556.6124848997722,24.456329191615435,508.67896049015036,604.546009309394,394.0,336.6124848997722,288.67896049015036,384.546009309394,57.3875151002278,"MATR_b2c38,MATR_b2c22,MATR_b2c40,MATR_b4c40,MATR_b4c8,MATR_b1c9,MATR_b3c5,MATR_b2c41,MATR_b3c25,MATR_b4c44,MATR_b4c16,MATR_b4c35",False,False,0.95
220,MATR_b1c45,597.0,531.2406963497517,21.514758307111116,489.07254493173,573.4088477677734,377.0,311.2406963497517,269.07254493173,353.4088477677734,65.75930365024828,"MATR_b2c38,MATR_b2c22,MATR_b2c40,MATR_b4c40,MATR_b4c8,MATR_b1c9,MATR_b3c5,MATR_b2c41,MATR_b3c25,MATR_b4c44,MATR_b4c16,MATR_b4c35",False,False,0.95
220,MATR_b2c0,299.0,366.3926678139738,16.751908367637466,333.5595307410892,399.2258048868584,79.0,146.3926678139738,113.55953074108919,179.22580488685838,67.39266781397379,"MATR_b2c38,MATR_b2c22,MATR_b2c40,MATR_b4c40,MATR_b4c8,MATR_b1c9,MATR_b3c5,MATR_b2c41,MATR_b3c25,MATR_b4c44,MATR_b4c16,MATR_b4c35",False,False,0.95
220,MATR_b2c11,476.0,460.51756485834454,19.7135340041699,421.87974820216584,499.15538151452324,256.0,240.51756485834454,201.87974820216584,279.15538151452324,15.482435141655458,"MATR_b2c38,MATR_b2c22,MATR_b2c40,MATR_b4c40,MATR_b4c8,MATR_b1c9,MATR_b3c5,MATR_b2c41,MATR_b3c25,MATR_b4c44,MATR_b4c16,MATR_b4c35",False,False,0.95
220,MATR_b2c14,484.0,476.85307884229235,17.379948589820657,442.78900555308616,510.91715213149854,264.0,256.85307884229235,222.78900555308616,290.91715213149854,7.146921157707652,"MATR_b2c38,MATR_b2c22,MATR_b2c40,MATR_b4c40,MATR_b4c8,MATR_b1c9,MATR_b3c5,MATR_b2c41,MATR_b3c25,MATR_b4c44,MATR_b4c16,MATR_b4c35",False,False,0.95
220,MATR_b2c18,486.0,440.9619428179957,11.780871283789947,417.87185939526523,464.05202624072615,266.0,220.9619428179957,197.87185939526523,244.05202624072615,45.03805718200431,"MATR_b2c38,MATR_b2c22,MATR_b2c40,MATR_b4c40,MATR_b4c8,MATR_b1c9,MATR_b3c5,MATR_b2c41,MATR_b3c25,MATR_b4c44,MATR_b4c16,MATR_b4c35",False,False,0.95
220,MATR_b2c26,470.0,450.9545853159844,12.523834478767498,426.40832078925916,475.5008498427096,250.0,230.9545853159844,206.40832078925916,255.5008498427096,19.04541468401561,"MATR_b2c38,MATR_b2c22,MATR_b2c40,MATR_b4c40,MATR_b4c8,MATR_b1c9,MATR_b3c5,MATR_b2c41,MATR_b3c25,MATR_b4c44,MATR_b4c16,MATR_b4c35",False,False,0.95
220,MATR_b2c28,508.0,504.8697210927671,28.875003604520113,448.2757539744435,561.4636882110908,288.0,284.8697210927671,228.2757539744435,341.4636882110908,3.130278907232878,"MATR_b2c38,MATR_b2c22,MATR_b2c40,MATR_b4c40,MATR_b4c8,MATR_b1c9,MATR_b3c5,MATR_b2c41,MATR_b3c25,MATR_b4c44,MATR_b4c16,MATR_b4c35",False,False,0.95
220,MATR_b2c31,491.0,521.5569012883955,25.457489931108633,471.6611378866315,571.4526646901594,271.0,301.55690128839547,251.66113788663148,351.4526646901594,30.556901288395466,"MATR_b2c38,MATR_b2c22,MATR_b2c40,MATR_b4c40,MATR_b4c8,MATR_b1c9,MATR_b3c5,MATR_b2c41,MATR_b3c25,MATR_b4c44,MATR_b4c16,MATR_b4c35",False,False,0.95
220,MATR_b2c43,461.0,439.9798155346593,12.25843230654872,415.9537297069015,464.00590136241703,241.0,219.97981553465928,195.95372970690153,244.00590136241703,21.02018446534072,"MATR_b2c38,MATR_b2c22,MATR_b2c40,MATR_b4c40,MATR_b4c8,MATR_b1c9,MATR_b3c5,MATR_b2c41,MATR_b3c25,MATR_b4c44,MATR_b4c16,MATR_b4c35",False,False,0.95
220,MATR_b3c21,770.0,734.4364462815632,27.51800636187199,680.5021448859501,788.3707476771764,550.0,514.4364462815632,460.5021448859501,568.3707476771764,35.563553718436765,"MATR_b2c38,MATR_b2c22,MATR_b2c40,MATR_b4c40,MATR_b4c8,MATR_b1c9,MATR_b3c5,MATR_b2c41,MATR_b3c25,MATR_b4c44,MATR_b4c16,MATR_b4c35",False,False,0.95
220,MATR_b3c27,847.0,814.5801007259507,38.05242267847137,739.9987227516517,889.1614787002497,627.0,594.5801007259507,519.9987227516517,669.1614787002497,32.41989927404927,"MATR_b2c38,MATR_b2c22,MATR_b2c40,MATR_b4c40,MATR_b4c8,MATR_b1c9,MATR_b3c5,MATR_b2c41,MATR_b3c25,MATR_b4c44,MATR_b4c16,MATR_b4c35",False,False,0.95
220,MATR_b3c34,1156.0,989.8695130896083,79.28874942035094,834.4664198464994,1145.2726063327173,936.0,769.8695130896083,614.4664198464994,925.2726063327173,166.1304869103917,"MATR_b2c38,MATR_b2c22,MATR_b2c40,MATR_b4c40,MATR_b4c8,MATR_b1c9,MATR_b3c5,MATR_b2c41,MATR_b3c25,MATR_b4c44,MATR_b4c16,MATR_b4c35",False,False,0.95
220,MATR_b3c35,1091.0,1095.099338400234,105.47452023623194,888.3730774505784,1301.8255993498897,871.0,875.099338400234,668.3730774505784,1081.8255993498897,4.099338400234046,"MATR_b2c38,MATR_b2c22,MATR_b2c40,MATR_b4c40,MATR_b4c8,MATR_b1c9,MATR_b3c5,MATR_b2c41,MATR_b3c25,MATR_b4c44,MATR_b4c16,MATR_b4c35",False,False,0.95
220,MATR_b3c39,1154.0,781.2659447806623,32.95100015505596,716.6831712221789,845.8487183391456,934.0,561.2659447806623,496.6831712221789,625.8487183391456,372.73405521933773,"MATR_b2c38,MATR_b2c22,MATR_b2c40,MATR_b4c40,MATR_b4c8,MATR_b1c9,MATR_b3c5,MATR_b2c41,MATR_b3c25,MATR_b4c44,MATR_b4c16,MATR_b4c35",False,False,0.95
220,MATR_b4c2,742.0,827.3176886480016,33.93163804858004,760.8129001363359,893.8224771596674,522.0,607.3176886480016,540.8129001363359,673.8224771596674,85.31768864800165,"MATR_b2c38,MATR_b2c22,MATR_b2c40,MATR_b4c40,MATR_b4c8,MATR_b1c9,MATR_b3c5,MATR_b2c41,MATR_b3c25,MATR_b4c44,MATR_b4c16,MATR_b4c35",False,False,0.95
220,MATR_b4c20,747.0,818.5052008115036,31.33660561940245,757.0865823997394,879.9238192232679,527.0,598.5052008115036,537.0865823997394,659.9238192232679,71.50520081150364,"MATR_b2c38,MATR_b2c22,MATR_b2c40,MATR_b4c40,MATR_b4c8,MATR_b1c9,MATR_b3c5,MATR_b2c41,MATR_b3c25,MATR_b4c44,MATR_b4c16,MATR_b4c35",False,False,0.95
220,MATR_b4c22,671.0,618.4253205621189,21.544025998978146,576.1998055221272,660.6508356021106,451.0,398.42532056211894,356.19980552212724,440.65083560211065,52.57467943788106,"MATR_b2c38,MATR_b2c22,MATR_b2c40,MATR_b4c40,MATR_b4c8,MATR_b1c9,MATR_b3c5,MATR_b2c41,MATR_b3c25,MATR_b4c44,MATR_b4c16,MATR_b4c35",False,False,0.95
220,MATR_b4c23,1038.0,832.5376878774732,33.87148561304977,766.1507959730291,898.9245797819174,818.0,612.5376878774732,546.1507959730291,678.9245797819174,205.46231212252678,"MATR_b2c38,MATR_b2c22,MATR_b2c40,MATR_b4c40,MATR_b4c8,MATR_b1c9,MATR_b3c5,MATR_b2c41,MATR_b3c25,MATR_b4c44,MATR_b4c16,MATR_b4c35",False,False,0.95
220,MATR_b4c24,988.0,933.0610650223505,40.14538180192385,854.37756254497,1011.7445674997309,768.0,713.0610650223505,634.37756254497,791.7445674997309,54.938934977649524,"MATR_b2c38,MATR_b2c22,MATR_b2c40,MATR_b4c40,MATR_b4c8,MATR_b1c9,MATR_b3c5,MATR_b2c41,MATR_b3c25,MATR_b4c44,MATR_b4c16,MATR_b4c35",False,False,0.95
220,MATR_b4c26,476.0,512.2468248643848,17.368550029534966,478.2050923428142,546.2885573859554,256.0,292.24682486438485,258.2050923428142,326.2885573859554,36.24682486438485,"MATR_b2c38,MATR_b2c22,MATR_b2c40,MATR_b4c40,MATR_b4c8,MATR_b1c9,MATR_b3c5,MATR_b2c41,MATR_b3c25,MATR_b4c44,MATR_b4c16,MATR_b4c35",False,False,0.95
220,MATR_b4c38,1055.0,920.3758894370274,62.739046996730025,797.4096168990707,1043.342161974984,835.0,700.3758894370274,577.4096168990707,823.342161974984,134.62411056297265,"MATR_b2c38,MATR_b2c22,MATR_b2c40,MATR_b4c40,MATR_b4c8,MATR_b1c9,MATR_b3c5,MATR_b2c41,MATR_b3c25,MATR_b4c44,MATR_b4c16,MATR_b4c35",False,False,0.95
220,MATR_b4c39,738.0,684.6046688963886,26.94533834315484,631.7927761925589,737.4165616002183,518.0,464.6046688963886,411.7927761925589,517.4165616002183,53.3953311036114,"MATR_b2c38,MATR_b2c22,MATR_b2c40,MATR_b4c40,MATR_b4c8,MATR_b1c9,MATR_b3c5,MATR_b2c41,MATR_b3c25,MATR_b4c44,MATR_b4c16,MATR_b4c35",False,False,0.95
240,MATR_b1c17,858.0,726.0683521751706,41.68076775420125,644.3755485289578,807.7611558213835,618.0,486.0683521751706,404.3755485289578,567.7611558213835,131.93164782482938,"MATR_b2c32,MATR_b4c36,MATR_b3c38,MATR_b1c38,MATR_b2c6,MATR_b1c0,MATR_b1c16,MATR_b4c40,MATR_b3c4,MATR_b2c41,MATR_b3c8,MATR_b1c9",False,False,0.95
240,MATR_b1c25,852.0,887.7217317638946,48.72885822395025,792.2149246371937,983.2285388905955,612.0,647.7217317638946,552.2149246371937,743.2285388905955,35.72173176389458,"MATR_b2c32,MATR_b4c36,MATR_b3c38,MATR_b1c38,MATR_b2c6,MATR_b1c0,MATR_b1c16,MATR_b4c40,MATR_b3c4,MATR_b2c41,MATR_b3c8,MATR_b1c9",False,False,0.95
240,MATR_b1c26,868.0,814.542705221108,41.02483575264429,734.1355046742541,894.9499057679619,628.0,574.542705221108,494.1355046742541,654.9499057679619,53.45729477889199,"MATR_b2c32,MATR_b4c36,MATR_b3c38,MATR_b1c38,MATR_b2c6,MATR_b1c0,MATR_b1c16,MATR_b4c40,MATR_b3c4,MATR_b2c41,MATR_b3c8,MATR_b1c9",False,False,0.95
240,MATR_b1c27,841.0,790.1992197668268,47.370870418871405,697.354019829525,883.0444197041286,601.0,550.1992197668268,457.354019829525,643.0444197041286,50.800780233173214,"MATR_b2c32,MATR_b4c36,MATR_b3c38,MATR_b1c38,MATR_b2c6,MATR_b1c0,MATR_b1c16,MATR_b4c40,MATR_b3c4,MATR_b2c41,MATR_b3c8,MATR_b1c9",False,False,0.95
240,MATR_b1c3,1431.0,1934.8223454007511,109.58932130165513,1720.031222559319,2149.6134682421834,1191.0,1694.8223454007511,1480.031222559319,1909.6134682421834,503.82234540075115,"MATR_b2c32,MATR_b4c36,MATR_b3c38,MATR_b1c38,MATR_b2c6,MATR_b1c0,MATR_b1c16,MATR_b4c40,MATR_b3c4,MATR_b2c41,MATR_b3c8,MATR_b1c9",False,False,0.95
240,MATR_b1c32,729.0,591.6422713339557,31.62080010847511,529.6666419590043,653.6179007089071,489.0,351.6422713339557,289.6666419590043,413.6179007089071,137.3577286660443,"MATR_b2c32,MATR_b4c36,MATR_b3c38,MATR_b1c38,MATR_b2c6,MATR_b1c0,MATR_b1c16,MATR_b4c40,MATR_b3c4,MATR_b2c41,MATR_b3c8,MATR_b1c9",False,False,0.95
240,MATR_b1c33,754.0,725.3908334777786,33.53840840469322,659.6567609057845,791.1249060497728,514.0,485.39083347777864,419.6567609057845,551.1249060497728,28.609166522221358,"MATR_b2c32,MATR_b4c36,MATR_b3c38,MATR_b1c38,MATR_b2c6,MATR_b1c0,MATR_b1c16,MATR_b4c40,MATR_b3c4,MATR_b2c41,MATR_b3c8,MATR_b1c9",False,False,0.95
240,MATR_b1c4,1705.0,2067.1910658991383,105.10900979162952,1861.1811922568766,2273.2009395413997,1465.0,1827.1910658991383,1621.1811922568766,2033.2009395413997,362.19106589913827,"MATR_b2c32,MATR_b4c36,MATR_b3c38,MATR_b1c38,MATR_b2c6,MATR_b1c0,MATR_b1c16,MATR_b4c40,MATR_b3c4,MATR_b2c41,MATR_b3c8,MATR_b1c9",False,False,0.95
240,MATR_b1c40,964.0,924.4842979468118,47.139622555570476,832.0923354930817,1016.8762604005419,724.0,684.4842979468118,592.0923354930817,776.8762604005419,39.51570205318819,"MATR_b2c32,MATR_b4c36,MATR_b3c38,MATR_b1c38,MATR_b2c6,MATR_b1c0,MATR_b1c16,MATR_b4c40,MATR_b3c4,MATR_b2c41,MATR_b3c8,MATR_b1c9",False,False,0.95
240,MATR_b1c43,649.0,548.5621769329965,18.910959755038295,511.4973769000351,585.626976965958,409.0,308.5621769329965,271.4973769000351,345.62697696595797,100.43782306700348,"MATR_b2c32,MATR_b4c36,MATR_b3c38,MATR_b1c38,MATR_b2c6,MATR_b1c0,MATR_b1c16,MATR_b4c40,MATR_b3c4,MATR_b2c41,MATR_b3c8,MATR_b1c9",False,False,0.95
240,MATR_b1c44,614.0,549.8845281316777,22.39116491899339,505.998651318554,593.7704049448015,374.0,309.8845281316777,265.998651318554,353.7704049448015,64.11547186832229,"MATR_b2c32,MATR_b4c36,MATR_b3c38,MATR_b1c38,MATR_b2c6,MATR_b1c0,MATR_b1c16,MATR_b4c40,MATR_b3c4,MATR_b2c41,MATR_b3c8,MATR_b1c9",False,False,0.95
240,MATR_b1c45,597.0,525.805700154709,19.8232760281172,486.95279308400313,564.6586072254149,357.0,285.80570015470903,246.95279308400313,324.6586072254149,71.19429984529097,"MATR_b2c32,MATR_b4c36,MATR_b3c38,MATR_b1c38,MATR_b2c6,MATR_b1c0,MATR_b1c16,MATR_b4c40,MATR_b3c4,MATR_b2c41,MATR_b3c8,MATR_b1c9",False,False,0.95
240,MATR_b2c0,299.0,357.69644694726736,16.068045578878323,326.2036563107178,389.1892375838169,59.0,117.69644694726736,86.2036563107178,149.18923758381692,58.69644694726736,"MATR_b2c32,MATR_b4c36,MATR_b3c38,MATR_b1c38,MATR_b2c6,MATR_b1c0,MATR_b1c16,MATR_b4c40,MATR_b3c4,MATR_b2c41,MATR_b3c8,MATR_b1c9",False,False,0.95
240,MATR_b2c11,476.0,453.45823540578976,17.021816535066144,420.09608804561174,486.8203827659678,236.0,213.45823540578976,180.09608804561174,246.8203827659678,22.541764594210235,"MATR_b2c32,MATR_b4c36,MATR_b3c38,MATR_b1c38,MATR_b2c6,MATR_b1c0,MATR_b1c16,MATR_b4c40,MATR_b3c4,MATR_b2c41,MATR_b3c8,MATR_b1c9",False,False,0.95
240,MATR_b2c14,484.0,469.2403772434775,15.193841136218516,439.4609958296661,499.0197586572889,244.0,229.2403772434775,199.4609958296661,259.0197586572889,14.759622756522504,"MATR_b2c32,MATR_b4c36,MATR_b3c38,MATR_b1c38,MATR_b2c6,MATR_b1c0,MATR_b1c16,MATR_b4c40,MATR_b3c4,MATR_b2c41,MATR_b3c8,MATR_b1c9",False,False,0.95
240,MATR_b2c18,486.0,434.7643790390572,10.81603865310731,413.5653328235737,455.96342525454065,246.0,194.7643790390572,173.56533282357373,215.96342525454065,51.23562096094281,"MATR_b2c32,MATR_b4c36,MATR_b3c38,MATR_b1c38,MATR_b2c6,MATR_b1c0,MATR_b1c16,MATR_b4c40,MATR_b3c4,MATR_b2c41,MATR_b3c8,MATR_b1c9",False,False,0.95
240,MATR_b2c26,470.0,445.84500424615277,11.411365491913278,423.47913886757954,468.210869624726,230.0,205.84500424615277,183.47913886757954,228.210869624726,24.15499575384723,"MATR_b2c32,MATR_b4c36,MATR_b3c38,MATR_b1c38,MATR_b2c6,MATR_b1c0,MATR_b1c16,MATR_b4c40,MATR_b3c4,MATR_b2c41,MATR_b3c8,MATR_b1c9",False,False,0.95
240,MATR_b2c28,508.0,490.9318504697622,23.996951727176153,443.8986893457507,537.9650115937737,268.0,250.9318504697622,203.8986893457507,297.96501159377374,17.068149530237804,"MATR_b2c32,MATR_b4c36,MATR_b3c38,MATR_b1c38,MATR_b2c6,MATR_b1c0,MATR_b1c16,MATR_b4c40,MATR_b3c4,MATR_b2c41,MATR_b3c8,MATR_b1c9",False,False,0.95
240,MATR_b2c31,491.0,508.7761210617879,21.826508871822067,465.9969497647727,551.5552923588031,251.0,268.7761210617879,225.9969497647727,311.55529235880306,17.776121061787876,"MATR_b2c32,MATR_b4c36,MATR_b3c38,MATR_b1c38,MATR_b2c6,MATR_b1c0,MATR_b1c16,MATR_b4c40,MATR_b3c4,MATR_b2c41,MATR_b3c8,MATR_b1c9",False,False,0.95
240,MATR_b2c43,461.0,435.1764908360088,11.219644379353127,413.1863919331294,457.16658973888815,221.0,195.17649083600878,173.1863919331294,217.16658973888815,25.82350916399122,"MATR_b2c32,MATR_b4c36,MATR_b3c38,MATR_b1c38,MATR_b2c6,MATR_b1c0,MATR_b1c16,MATR_b4c40,MATR_b3c4,MATR_b2c41,MATR_b3c8,MATR_b1c9",False,False,0.95
240,MATR_b3c21,770.0,720.4947008809355,25.268767693114988,670.9688262687209,770.0205754931501,530.0,480.4947008809355,430.96882626872093,530.0205754931501,49.50529911906449,"MATR_b2c32,MATR_b4c36,MATR_b3c38,MATR_b1c38,MATR_b2c6,MATR_b1c0,MATR_b1c16,MATR_b4c40,MATR_b3c4,MATR_b2c41,MATR_b3c8,MATR_b1c9",False,False,0.95
240,MATR_b3c27,847.0,795.6603204734685,34.991206509823385,727.0788159386111,864.2418250083258,607.0,555.6603204734685,487.0788159386111,624.2418250083258,51.33967952653154,"MATR_b2c32,MATR_b4c36,MATR_b3c38,MATR_b1c38,MATR_b2c6,MATR_b1c0,MATR_b1c16,MATR_b4c40,MATR_b3c4,MATR_b2c41,MATR_b3c8,MATR_b1c9",False,False,0.95
240,MATR_b3c34,1156.0,950.4599938758346,64.87702115417605,823.3033689894064,1077.6166187622628,916.0,710.4599938758346,583.3033689894064,837.6166187622628,205.54000612416542,"MATR_b2c32,MATR_b4c36,MATR_b3c38,MATR_b1c38,MATR_b2c6,MATR_b1c0,MATR_b1c16,MATR_b4c40,MATR_b3c4,MATR_b2c41,MATR_b3c8,MATR_b1c9",False,False,0.95
240,MATR_b3c35,1091.0,1041.653506989195,84.59732242554864,875.845801846597,1207.461212131793,851.0,801.653506989195,635.845801846597,967.461212131793,49.346493010805034,"MATR_b2c32,MATR_b4c36,MATR_b3c38,MATR_b1c38,MATR_b2c6,MATR_b1c0,MATR_b1c16,MATR_b4c40,MATR_b3c4,MATR_b2c41,MATR_b3c8,MATR_b1c9",False,False,0.95
240,MATR_b3c39,1154.0,781.356523322358,31.43003291462807,719.7547907767786,842.9582558679375,914.0,541.356523322358,479.7547907767786,602.9582558679375,372.64347667764196,"MATR_b2c32,MATR_b4c36,MATR_b3c38,MATR_b1c38,MATR_b2c6,MATR_b1c0,MATR_b1c16,MATR_b4c40,MATR_b3c4,MATR_b2c41,MATR_b3c8,MATR_b1c9",False,False,0.95
240,MATR_b4c2,742.0,806.2909088179475,31.36010488088535,744.8262327000135,867.7555849358815,502.0,566.2909088179475,504.8262327000135,627.7555849358815,64.29090881794752,"MATR_b2c32,MATR_b4c36,MATR_b3c38,MATR_b1c38,MATR_b2c6,MATR_b1c0,MATR_b1c16,MATR_b4c40,MATR_b3c4,MATR_b2c41,MATR_b3c8,MATR_b1c9",False,False,0.95
240,MATR_b4c20,747.0,801.0936192369473,29.185784883797666,743.8905320041704,858.2967064697243,507.0,561.0936192369473,503.8905320041704,618.2967064697243,54.09361923694735,"MATR_b2c32,MATR_b4c36,MATR_b3c38,MATR_b1c38,MATR_b2c6,MATR_b1c0,MATR_b1c16,MATR_b4c40,MATR_b3c4,MATR_b2c41,MATR_b3c8,MATR_b1c9",False,False,0.95
240,MATR_b4c22,671.0,596.9611896880718,18.9569180692463,559.8063130144725,634.1160663616712,431.0,356.96118968807184,319.8063130144725,394.1160663616712,74.03881031192816,"MATR_b2c32,MATR_b4c36,MATR_b3c38,MATR_b1c38,MATR_b2c6,MATR_b1c0,MATR_b1c16,MATR_b4c40,MATR_b3c4,MATR_b2c41,MATR_b3c8,MATR_b1c9",False,False,0.95
240,MATR_b4c23,1038.0,822.6216993084906,31.68621505467549,760.5178589949359,884.7255396220454,798.0,582.6216993084906,520.5178589949359,644.7255396220454,215.37830069150937,"MATR_b2c32,MATR_b4c36,MATR_b3c38,MATR_b1c38,MATR_b2c6,MATR_b1c0,MATR_b1c16,MATR_b4c40,MATR_b3c4,MATR_b2c41,MATR_b3c8,MATR_b1c9",False,False,0.95
240,MATR_b4c24,988.0,929.8228195077908,38.04537999235894,855.2552449446265,1004.390394070955,748.0,689.8228195077908,615.2552449446265,764.390394070955,58.17718049220923,"MATR_b2c32,MATR_b4c36,MATR_b3c38,MATR_b1c38,MATR_b2c6,MATR_b1c0,MATR_b1c16,MATR_b4c40,MATR_b3c4,MATR_b2c41,MATR_b3c8,MATR_b1c9",False,False,0.95
240,MATR_b4c26,476.0,494.9438599970288,14.922038133973084,465.6972026785083,524.1905173155493,236.0,254.94385999702882,225.6972026785083,284.1905173155493,18.943859997028824,"MATR_b2c32,MATR_b4c36,MATR_b3c38,MATR_b1c38,MATR_b2c6,MATR_b1c0,MATR_b1c16,MATR_b4c40,MATR_b3c4,MATR_b2c41,MATR_b3c8,MATR_b1c9",False,False,0.95
240,MATR_b4c38,1055.0,925.7149027330555,61.88001423521373,804.4323034692108,1046.9975019969002,815.0,685.7149027330555,564.4323034692108,806.9975019969002,129.2850972669445,"MATR_b2c32,MATR_b4c36,MATR_b3c38,MATR_b1c38,MATR_b2c6,MATR_b1c0,MATR_b1c16,MATR_b4c40,MATR_b3c4,MATR_b2c41,MATR_b3c8,MATR_b1c9",False,False,0.95
240,MATR_b4c39,738.0,674.5747963813141,24.907912182703704,625.7561855731284,723.3934071894997,498.0,434.57479638131406,385.7561855731284,483.3934071894997,63.42520361868594,"MATR_b2c32,MATR_b4c36,MATR_b3c38,MATR_b1c38,MATR_b2c6,MATR_b1c0,MATR_b1c16,MATR_b4c40,MATR_b3c4,MATR_b2c41,MATR_b3c8,MATR_b1c9",False,False,0.95
260,MATR_b1c17,858.0,731.1139320370681,43.67699928373292,645.5085864881698,816.7192775859664,598.0,471.11393203706814,385.50858648816984,556.7192775859664,126.88606796293186,"MATR_b3c14,MATR_b2c24,MATR_b2c25,MATR_b3c6,MATR_b2c36,MATR_b4c1,MATR_b4c16,MATR_b1c20,MATR_b1c29,MATR_b4c18,MATR_b2c12,MATR_b3c19",False,False,0.95
260,MATR_b1c25,852.0,882.4840348008756,52.77506697824017,779.0468042418358,985.9212653599154,592.0,622.4840348008756,519.0468042418358,725.9212653599154,30.484034800875634,"MATR_b3c14,MATR_b2c24,MATR_b2c25,MATR_b3c6,MATR_b2c36,MATR_b4c1,MATR_b4c16,MATR_b1c20,MATR_b1c29,MATR_b4c18,MATR_b2c12,MATR_b3c19",False,False,0.95
260,MATR_b1c26,868.0,827.2076298332054,43.23383725536116,742.4708658992315,911.9443937671792,608.0,567.2076298332054,482.4708658992315,651.9443937671792,40.792370166794626,"MATR_b3c14,MATR_b2c24,MATR_b2c25,MATR_b3c6,MATR_b2c36,MATR_b4c1,MATR_b4c16,MATR_b1c20,MATR_b1c29,MATR_b4c18,MATR_b2c12,MATR_b3c19",False,False,0.95
260,MATR_b1c27,841.0,803.6840085524879,50.21333541397687,705.2676795974636,902.1003375075121,581.0,543.6840085524879,445.2676795974636,642.1003375075121,37.31599144751215,"MATR_b3c14,MATR_b2c24,MATR_b2c25,MATR_b3c6,MATR_b2c36,MATR_b4c1,MATR_b4c16,MATR_b1c20,MATR_b1c29,MATR_b4c18,MATR_b2c12,MATR_b3c19",False,False,0.95
260,MATR_b1c3,1431.0,2008.6269345775886,103.19978226824409,1806.359078119455,2210.8947910357224,1171.0,1748.6269345775886,1546.359078119455,1950.8947910357224,577.6269345775886,"MATR_b3c14,MATR_b2c24,MATR_b2c25,MATR_b3c6,MATR_b2c36,MATR_b4c1,MATR_b4c16,MATR_b1c20,MATR_b1c29,MATR_b4c18,MATR_b2c12,MATR_b3c19",False,False,0.95
260,MATR_b1c32,729.0,604.9424372497732,34.347480412394816,537.6226126817844,672.262261817762,469.0,344.9424372497732,277.6226126817844,412.262261817762,124.0575627502268,"MATR_b3c14,MATR_b2c24,MATR_b2c25,MATR_b3c6,MATR_b2c36,MATR_b4c1,MATR_b4c16,MATR_b1c20,MATR_b1c29,MATR_b4c18,MATR_b2c12,MATR_b3c19",False,False,0.95
260,MATR_b1c33,754.0,739.0992435052574,36.140968162699934,668.2642475399568,809.9342394705579,494.0,479.0992435052574,408.26424753995684,549.9342394705579,14.900756494742609,"MATR_b3c14,MATR_b2c24,MATR_b2c25,MATR_b3c6,MATR_b2c36,MATR_b4c1,MATR_b4c16,MATR_b1c20,MATR_b1c29,MATR_b4c18,MATR_b2c12,MATR_b3c19",False,False,0.95
260,MATR_b1c4,1705.0,2104.7497889523847,98.61325598760443,1911.4713588184513,2298.028219086318,1445.0,1844.7497889523847,1651.4713588184513,2038.0282190863181,399.74978895238473,"MATR_b3c14,MATR_b2c24,MATR_b2c25,MATR_b3c6,MATR_b2c36,MATR_b4c1,MATR_b4c16,MATR_b1c20,MATR_b1c29,MATR_b4c18,MATR_b2c12,MATR_b3c19",False,False,0.95
260,MATR_b1c40,964.0,939.3662809512773,50.22789360836437,840.9214184595736,1037.8111434429811,704.0,679.3662809512773,580.9214184595736,777.8111434429811,24.633719048722696,"MATR_b3c14,MATR_b2c24,MATR_b2c25,MATR_b3c6,MATR_b2c36,MATR_b4c1,MATR_b4c16,MATR_b1c20,MATR_b1c29,MATR_b4c18,MATR_b2c12,MATR_b3c19",False,False,0.95
260,MATR_b1c43,649.0,558.824498279665,20.659569589777032,518.3324859476031,599.3165106117269,389.0,298.824498279665,258.3324859476031,339.3165106117269,90.17550172033498,"MATR_b3c14,MATR_b2c24,MATR_b2c25,MATR_b3c6,MATR_b2c36,MATR_b4c1,MATR_b4c16,MATR_b1c20,MATR_b1c29,MATR_b4c18,MATR_b2c12,MATR_b3c19",False,False,0.95
260,MATR_b1c44,614.0,562.1078699414265,24.91271605587606,513.2798437148367,610.9358961680164,354.0,302.10786994142654,253.27984371483672,350.93589616801637,51.89213005857346,"MATR_b3c14,MATR_b2c24,MATR_b2c25,MATR_b3c6,MATR_b2c36,MATR_b4c1,MATR_b4c16,MATR_b1c20,MATR_b1c29,MATR_b4c18,MATR_b2c12,MATR_b3c19",False,False,0.95
260,MATR_b1c45,597.0,536.5499596753069,22.03393359045869,493.3642434002606,579.7356759503533,337.0,276.5499596753069,233.3642434002606,319.7356759503533,60.45004032469308,"MATR_b3c14,MATR_b2c24,MATR_b2c25,MATR_b3c6,MATR_b2c36,MATR_b4c1,MATR_b4c16,MATR_b1c20,MATR_b1c29,MATR_b4c18,MATR_b2c12,MATR_b3c19",False,False,0.95
260,MATR_b2c0,299.0,360.5451437384763,16.878604612281407,327.46368658911314,393.6266008878395,39.0,100.54514373847633,67.46368658911314,133.62660088783952,61.54514373847633,"MATR_b3c14,MATR_b2c24,MATR_b2c25,MATR_b3c6,MATR_b2c36,MATR_b4c1,MATR_b4c16,MATR_b1c20,MATR_b1c29,MATR_b4c18,MATR_b2c12,MATR_b3c19",False,False,0.95
260,MATR_b2c11,476.0,456.80354677085626,17.842694912168707,421.83250735586955,491.77458618584296,216.0,196.80354677085626,161.83250735586955,231.77458618584296,19.196453229143742,"MATR_b3c14,MATR_b2c24,MATR_b2c25,MATR_b3c6,MATR_b2c36,MATR_b4c1,MATR_b4c16,MATR_b1c20,MATR_b1c29,MATR_b4c18,MATR_b2c12,MATR_b3c19",False,False,0.95
260,MATR_b2c14,484.0,474.6706263040074,16.369239206753072,442.58750700445034,506.7537456035644,224.0,214.67062630400738,182.58750700445034,246.75374560356443,9.329373695992615,"MATR_b3c14,MATR_b2c24,MATR_b2c25,MATR_b3c6,MATR_b2c36,MATR_b4c1,MATR_b4c16,MATR_b1c20,MATR_b1c29,MATR_b4c18,MATR_b2c12,MATR_b3c19",False,False,0.95
260,MATR_b2c18,486.0,438.11591274378395,11.43972891139427,415.6944560845496,460.5373694030183,226.0,178.11591274378395,155.69445608454959,200.53736940301832,47.88408725621605,"MATR_b3c14,MATR_b2c24,MATR_b2c25,MATR_b3c6,MATR_b2c36,MATR_b4c1,MATR_b4c16,MATR_b1c20,MATR_b1c29,MATR_b4c18,MATR_b2c12,MATR_b3c19",False,False,0.95
260,MATR_b2c26,470.0,450.00508276186974,12.191670999240237,426.1098466919974,473.9003188317421,210.0,190.00508276186974,166.1098466919974,213.90031883174208,19.994917238130256,"MATR_b3c14,MATR_b2c24,MATR_b2c25,MATR_b3c6,MATR_b2c36,MATR_b4c1,MATR_b4c16,MATR_b1c20,MATR_b1c29,MATR_b4c18,MATR_b2c12,MATR_b3c19",False,False,0.95
260,MATR_b2c28,508.0,500.779922863304,26.641616298765406,448.56331442778855,552.9965312988195,248.0,240.77992286330402,188.56331442778855,292.9965312988195,7.220077136695977,"MATR_b3c14,MATR_b2c24,MATR_b2c25,MATR_b3c6,MATR_b2c36,MATR_b4c1,MATR_b4c16,MATR_b1c20,MATR_b1c29,MATR_b4c18,MATR_b2c12,MATR_b3c19",False,False,0.95
260,MATR_b2c31,491.0,516.8490866665969,23.605256391207078,470.58363429399714,563.1145390391968,231.0,256.8490866665969,210.58363429399714,303.11453903919676,25.849086666596918,"MATR_b3c14,MATR_b2c24,MATR_b2c25,MATR_b3c6,MATR_b2c36,MATR_b4c1,MATR_b4c16,MATR_b1c20,MATR_b1c29,MATR_b4c18,MATR_b2c12,MATR_b3c19",False,False,0.95
260,MATR_b2c43,461.0,439.1028817260657,11.958333261980469,415.66497921745656,462.5407842346748,201.0,179.10288172606568,155.66497921745656,202.5407842346748,21.897118273934325,"MATR_b3c14,MATR_b2c24,MATR_b2c25,MATR_b3c6,MATR_b2c36,MATR_b4c1,MATR_b4c16,MATR_b1c20,MATR_b1c29,MATR_b4c18,MATR_b2c12,MATR_b3c19",False,False,0.95
260,MATR_b3c21,770.0,714.8738642989804,25.863209172421424,664.1829057964085,765.5648228015523,510.0,454.8738642989804,404.1829057964085,505.5648228015523,55.12613570101962,"MATR_b3c14,MATR_b2c24,MATR_b2c25,MATR_b3c6,MATR_b2c36,MATR_b4c1,MATR_b4c16,MATR_b1c20,MATR_b1c29,MATR_b4c18,MATR_b2c12,MATR_b3c19",False,False,0.95
260,MATR_b3c27,847.0,794.6651102008921,35.26228491210458,725.5523017605769,863.7779186412072,587.0,534.6651102008921,465.55230176057694,603.7779186412072,52.33488979910794,"MATR_b3c14,MATR_b2c24,MATR_b2c25,MATR_b3c6,MATR_b2c36,MATR_b4c1,MATR_b4c16,MATR_b1c20,MATR_b1c29,MATR_b4c18,MATR_b2c12,MATR_b3c19",False,False,0.95
260,MATR_b3c34,1156.0,962.9120492220927,69.3421503445595,827.0039319361945,1098.820166507991,896.0,702.9120492220927,567.0039319361945,838.820166507991,193.08795077790728,"MATR_b3c14,MATR_b2c24,MATR_b2c25,MATR_b3c6,MATR_b2c36,MATR_b4c1,MATR_b4c16,MATR_b1c20,MATR_b1c29,MATR_b4c18,MATR_b2c12,MATR_b3c19",False,False,0.95
260,MATR_b3c35,1091.0,1033.9524065588541,81.81326988041495,873.6013441357853,1194.303468981923,831.0,773.9524065588541,613.6013441357853,934.3034689819231,57.047593441145864,"MATR_b3c14,MATR_b2c24,MATR_b2c25,MATR_b3c6,MATR_b2c36,MATR_b4c1,MATR_b4c16,MATR_b1c20,MATR_b1c29,MATR_b4c18,MATR_b2c12,MATR_b3c19",False,False,0.95
260,MATR_b3c39,1154.0,792.197240928244,33.27184781817599,726.9856175055215,857.4088643509665,894.0,532.197240928244,466.98561750552153,597.4088643509665,361.802759071756,"MATR_b3c14,MATR_b2c24,MATR_b2c25,MATR_b3c6,MATR_b2c36,MATR_b4c1,MATR_b4c16,MATR_b1c20,MATR_b1c29,MATR_b4c18,MATR_b2c12,MATR_b3c19",False,False,0.95
260,MATR_b4c2,742.0,812.775764071124,32.710432966929524,748.6644935372304,876.8870346050174,482.0,552.775764071124,488.66449353723044,616.8870346050174,70.77576407112394,"MATR_b3c14,MATR_b2c24,MATR_b2c25,MATR_b3c6,MATR_b2c36,MATR_b4c1,MATR_b4c16,MATR_b1c20,MATR_b1c29,MATR_b4c18,MATR_b2c12,MATR_b3c19",False,False,0.95
260,MATR_b4c20,747.0,806.392740527114,30.773391679827164,746.0780011525083,866.7074799017198,487.0,546.392740527114,486.07800115250825,606.7074799017198,59.39274052711403,"MATR_b3c14,MATR_b2c24,MATR_b2c25,MATR_b3c6,MATR_b2c36,MATR_b4c1,MATR_b4c16,MATR_b1c20,MATR_b1c29,MATR_b4c18,MATR_b2c12,MATR_b3c19",False,False,0.95
260,MATR_b4c22,671.0,601.3715613438006,20.129732166662063,561.9180112787055,640.8251114088957,411.0,341.37156134380064,301.91801127870554,380.82511140889574,69.62843865619936,"MATR_b3c14,MATR_b2c24,MATR_b2c25,MATR_b3c6,MATR_b2c36,MATR_b4c1,MATR_b4c16,MATR_b1c20,MATR_b1c29,MATR_b4c18,MATR_b2c12,MATR_b3c19",False,False,0.95
260,MATR_b4c23,1038.0,828.59738183117,32.681219649611194,764.5433683470893,892.6513953152506,778.0,568.59738183117,504.5433683470893,632.6513953152506,209.40261816883003,"MATR_b3c14,MATR_b2c24,MATR_b2c25,MATR_b3c6,MATR_b2c36,MATR_b4c1,MATR_b4c16,MATR_b1c20,MATR_b1c29,MATR_b4c18,MATR_b2c12,MATR_b3c19",False,False,0.95
260,MATR_b4c24,988.0,932.676244520626,38.84668353192846,856.538143879221,1008.814345162031,728.0,672.676244520626,596.538143879221,748.814345162031,55.32375547937397,"MATR_b3c14,MATR_b2c24,MATR_b2c25,MATR_b3c6,MATR_b2c36,MATR_b4c1,MATR_b4c16,MATR_b1c20,MATR_b1c29,MATR_b4c18,MATR_b2c12,MATR_b3c19",False,False,0.95
260,MATR_b4c26,476.0,495.8592815296608,15.62054186099818,465.2435820631041,526.4749809962175,216.0,235.8592815296608,205.2435820631041,266.4749809962175,19.85928152966079,"MATR_b3c14,MATR_b2c24,MATR_b2c25,MATR_b3c6,MATR_b2c36,MATR_b4c1,MATR_b4c16,MATR_b1c20,MATR_b1c29,MATR_b4c18,MATR_b2c12,MATR_b3c19",False,False,0.95
260,MATR_b4c38,1055.0,938.7813621103264,66.5149953310801,808.4143668295596,1069.1483573910932,795.0,678.7813621103264,548.4143668295596,809.1483573910932,116.21863788967357,"MATR_b3c14,MATR_b2c24,MATR_b2c25,MATR_b3c6,MATR_b2c36,MATR_b4c1,MATR_b4c16,MATR_b1c20,MATR_b1c29,MATR_b4c18,MATR_b2c12,MATR_b3c19",False,False,0.95
260,MATR_b4c39,738.0,684.5928057883281,26.555555572833622,632.5448732761223,736.6407383005338,478.0,424.59280578832806,372.5448732761223,476.6407383005338,53.407194211671936,"MATR_b3c14,MATR_b2c24,MATR_b2c25,MATR_b3c6,MATR_b2c36,MATR_b4c1,MATR_b4c16,MATR_b1c20,MATR_b1c29,MATR_b4c18,MATR_b2c12,MATR_b3c19",False,False,0.95
280,MATR_b1c17,858.0,711.6256280521243,40.650871247773985,631.9513844663124,791.2998716379361,578.0,431.6256280521243,351.95138446631245,511.2998716379361,146.37437194787572,"MATR_b2c37,MATR_b4c35,MATR_b1c19,MATR_b4c36,MATR_b2c4,MATR_b3c0,MATR_b2c6,MATR_b4c8,MATR_b1c6,MATR_b3c19,MATR_b1c39,MATR_b1c21",False,False,0.95
280,MATR_b1c25,852.0,810.8230605498843,47.229019041859644,718.255884202683,903.3902368970856,572.0,530.8230605498843,438.255884202683,623.3902368970856,41.1769394501157,"MATR_b2c37,MATR_b4c35,MATR_b1c19,MATR_b4c36,MATR_b2c4,MATR_b3c0,MATR_b2c6,MATR_b4c8,MATR_b1c6,MATR_b3c19,MATR_b1c39,MATR_b1c21",False,False,0.95
280,MATR_b1c26,868.0,827.0058671599663,40.354860932857115,747.9117931304439,906.0999411894887,588.0,547.0058671599663,467.9117931304439,626.0999411894887,40.99413284003367,"MATR_b2c37,MATR_b4c35,MATR_b1c19,MATR_b4c36,MATR_b2c4,MATR_b3c0,MATR_b2c6,MATR_b4c8,MATR_b1c6,MATR_b3c19,MATR_b1c39,MATR_b1c21",False,False,0.95
280,MATR_b1c27,841.0,770.0821131339624,43.82747020876949,684.181849991272,855.9823762766528,561.0,490.08211313396237,404.181849991272,575.9823762766528,70.91788686603763,"MATR_b2c37,MATR_b4c35,MATR_b1c19,MATR_b4c36,MATR_b2c4,MATR_b3c0,MATR_b2c6,MATR_b4c8,MATR_b1c6,MATR_b3c19,MATR_b1c39,MATR_b1c21",False,False,0.95
280,MATR_b1c3,1431.0,1977.033487231222,103.22628867868134,1774.7136791632718,2179.353295299172,1151.0,1697.033487231222,1494.7136791632718,1899.3532952991718,546.0334872312219,"MATR_b2c37,MATR_b4c35,MATR_b1c19,MATR_b4c36,MATR_b2c4,MATR_b3c0,MATR_b2c6,MATR_b4c8,MATR_b1c6,MATR_b3c19,MATR_b1c39,MATR_b1c21",False,False,0.95
280,MATR_b1c32,729.0,594.3141704621127,32.28300173190859,531.0406497547276,657.5876911694977,449.0,314.31417046211266,251.0406497547276,377.5876911694977,134.68582953788734,"MATR_b2c37,MATR_b4c35,MATR_b1c19,MATR_b4c36,MATR_b2c4,MATR_b3c0,MATR_b2c6,MATR_b4c8,MATR_b1c6,MATR_b3c19,MATR_b1c39,MATR_b1c21",False,False,0.95
280,MATR_b1c33,754.0,736.9943728094728,34.76999429692436,668.846436244838,805.1423093741076,474.0,456.9943728094728,388.84643624483795,525.1423093741076,17.005627190527207,"MATR_b2c37,MATR_b4c35,MATR_b1c19,MATR_b4c36,MATR_b2c4,MATR_b3c0,MATR_b2c6,MATR_b4c8,MATR_b1c6,MATR_b3c19,MATR_b1c39,MATR_b1c21",False,False,0.95
280,MATR_b1c4,1705.0,2074.0845860757004,99.15895895838658,1879.7365977727773,2268.4325743786235,1425.0,1794.0845860757004,1599.7365977727773,1988.4325743786235,369.0845860757004,"MATR_b2c37,MATR_b4c35,MATR_b1c19,MATR_b4c36,MATR_b2c4,MATR_b3c0,MATR_b2c6,MATR_b4c8,MATR_b1c6,MATR_b3c19,MATR_b1c39,MATR_b1c21",False,False,0.95
280,MATR_b1c40,964.0,932.2800195483389,46.46872100434453,841.2029999721838,1023.3570391244941,684.0,652.2800195483389,561.2029999721838,743.3570391244941,31.71998045166106,"MATR_b2c37,MATR_b4c35,MATR_b1c19,MATR_b4c36,MATR_b2c4,MATR_b3c0,MATR_b2c6,MATR_b4c8,MATR_b1c6,MATR_b3c19,MATR_b1c39,MATR_b1c21",False,False,0.95
280,MATR_b1c43,649.0,554.6734790365841,19.805330062934434,515.8557454113043,593.491212661864,369.0,274.6734790365841,235.85574541130427,313.491212661864,94.32652096341587,"MATR_b2c37,MATR_b4c35,MATR_b1c19,MATR_b4c36,MATR_b2c4,MATR_b3c0,MATR_b2c6,MATR_b4c8,MATR_b1c6,MATR_b3c19,MATR_b1c39,MATR_b1c21",False,False,0.95
280,MATR_b1c44,614.0,557.9045376542717,24.206790202953023,510.4601006751668,605.3489746333767,334.0,277.90453765427173,230.4601006751668,325.34897463337666,56.095462345728265,"MATR_b2c37,MATR_b4c35,MATR_b1c19,MATR_b4c36,MATR_b2c4,MATR_b3c0,MATR_b2c6,MATR_b4c8,MATR_b1c6,MATR_b3c19,MATR_b1c39,MATR_b1c21",False,False,0.95
280,MATR_b1c45,597.0,534.2645832086598,21.636377623783773,491.8580623101353,576.6711041071843,317.0,254.26458320865981,211.85806231013532,296.6711041071843,62.735416791340185,"MATR_b2c37,MATR_b4c35,MATR_b1c19,MATR_b4c36,MATR_b2c4,MATR_b3c0,MATR_b2c6,MATR_b4c8,MATR_b1c6,MATR_b3c19,MATR_b1c39,MATR_b1c21",False,False,0.95
280,MATR_b2c0,299.0,358.9538134679161,16.353834660694464,326.9008865238322,391.00674041200006,19.0,78.95381346791612,46.900886523832185,111.00674041200006,59.95381346791612,"MATR_b2c37,MATR_b4c35,MATR_b1c19,MATR_b4c36,MATR_b2c4,MATR_b3c0,MATR_b2c6,MATR_b4c8,MATR_b1c6,MATR_b3c19,MATR_b1c39,MATR_b1c21",False,False,0.95
280,MATR_b2c11,476.0,452.4804013476901,16.88446997120888,419.38744830607266,485.5733543893075,196.0,172.48040134769008,139.38744830607266,205.5733543893075,23.519598652309924,"MATR_b2c37,MATR_b4c35,MATR_b1c19,MATR_b4c36,MATR_b2c4,MATR_b3c0,MATR_b2c6,MATR_b4c8,MATR_b1c6,MATR_b3c19,MATR_b1c39,MATR_b1c21",False,False,0.95
280,MATR_b2c14,484.0,470.249417564311,15.499439102538199,439.8710751427643,500.62775998585767,204.0,190.249417564311,159.8710751427643,220.62775998585767,13.750582435689012,"MATR_b2c37,MATR_b4c35,MATR_b1c19,MATR_b4c36,MATR_b2c4,MATR_b3c0,MATR_b2c6,MATR_b4c8,MATR_b1c6,MATR_b3c19,MATR_b1c39,MATR_b1c21",False,False,0.95
280,MATR_b2c18,486.0,434.31379843095374,11.039548781716736,412.67668041321593,455.95091644869154,206.0,154.31379843095374,132.67668041321593,175.95091644869154,51.68620156904626,"MATR_b2c37,MATR_b4c35,MATR_b1c19,MATR_b4c36,MATR_b2c4,MATR_b3c0,MATR_b2c6,MATR_b4c8,MATR_b1c6,MATR_b3c19,MATR_b1c39,MATR_b1c21",False,False,0.95
280,MATR_b2c26,470.0,446.5453106076729,11.80809283774818,423.4018739195811,469.6887472957647,190.0,166.5453106076729,143.40187391958108,189.6887472957647,23.45468939232711,"MATR_b2c37,MATR_b4c35,MATR_b1c19,MATR_b4c36,MATR_b2c4,MATR_b3c0,MATR_b2c6,MATR_b4c8,MATR_b1c6,MATR_b3c19,MATR_b1c39,MATR_b1c21",False,False,0.95
280,MATR_b2c28,508.0,493.8849653073672,24.711303271037327,445.45170088508723,542.3182297296472,228.0,213.88496530736722,165.45170088508723,262.3182297296472,14.115034692632776,"MATR_b2c37,MATR_b4c35,MATR_b1c19,MATR_b4c36,MATR_b2c4,MATR_b3c0,MATR_b2c6,MATR_b4c8,MATR_b1c6,MATR_b3c19,MATR_b1c39,MATR_b1c21",False,False,0.95
280,MATR_b2c31,491.0,510.93909332697234,22.160489170509248,467.5053326729843,554.3728539809604,211.0,230.93909332697234,187.5053326729843,274.3728539809604,19.93909332697234,"MATR_b2c37,MATR_b4c35,MATR_b1c19,MATR_b4c36,MATR_b2c4,MATR_b3c0,MATR_b2c6,MATR_b4c8,MATR_b1c6,MATR_b3c19,MATR_b1c39,MATR_b1c21",False,False,0.95
280,MATR_b2c43,461.0,435.90679303552645,11.579206721149609,413.21196489252907,458.6016211785238,181.0,155.90679303552645,133.21196489252907,178.60162117852383,25.093206964473552,"MATR_b2c37,MATR_b4c35,MATR_b1c19,MATR_b4c36,MATR_b2c4,MATR_b3c0,MATR_b2c6,MATR_b4c8,MATR_b1c6,MATR_b3c19,MATR_b1c39,MATR_b1c21",False,False,0.95
280,MATR_b3c21,770.0,681.0146578774943,23.277503160401785,635.3915900330895,726.6377257218991,490.0,401.0146578774943,355.3915900330895,446.6377257218991,88.9853421225057,"MATR_b2c37,MATR_b4c35,MATR_b1c19,MATR_b4c36,MATR_b2c4,MATR_b3c0,MATR_b2c6,MATR_b4c8,MATR_b1c6,MATR_b3c19,MATR_b1c39,MATR_b1c21",False,False,0.95
280,MATR_b3c27,847.0,799.6992855922268,34.26018798472937,732.5505510385854,866.8480201458683,567.0,519.6992855922268,452.55055103858535,586.8480201458683,47.30071440777317,"MATR_b2c37,MATR_b4c35,MATR_b1c19,MATR_b4c36,MATR_b2c4,MATR_b3c0,MATR_b2c6,MATR_b4c8,MATR_b1c6,MATR_b3c19,MATR_b1c39,MATR_b1c21",False,False,0.95
280,MATR_b3c34,1156.0,980.0599851587643,70.59709128751393,841.6922288219506,1118.427741495578,876.0,700.0599851587643,561.6922288219506,838.427741495578,175.94001484123567,"MATR_b2c37,MATR_b4c35,MATR_b1c19,MATR_b4c36,MATR_b2c4,MATR_b3c0,MATR_b2c6,MATR_b4c8,MATR_b1c6,MATR_b3c19,MATR_b1c39,MATR_b1c21",False,False,0.95
280,MATR_b3c35,1091.0,979.079692425419,61.06271748599312,859.3989653547284,1098.7604194961098,811.0,699.079692425419,579.3989653547284,818.7604194961098,111.92030757458099,"MATR_b2c37,MATR_b4c35,MATR_b1c19,MATR_b4c36,MATR_b2c4,MATR_b3c0,MATR_b2c6,MATR_b4c8,MATR_b1c6,MATR_b3c19,MATR_b1c39,MATR_b1c21",False,False,0.95
280,MATR_b3c39,1154.0,793.6104519978077,32.05863106696317,730.776689712903,856.4442142827123,874.0,513.6104519978077,450.776689712903,576.4442142827123,360.3895480021923,"MATR_b2c37,MATR_b4c35,MATR_b1c19,MATR_b4c36,MATR_b2c4,MATR_b3c0,MATR_b2c6,MATR_b4c8,MATR_b1c6,MATR_b3c19,MATR_b1c39,MATR_b1c21",False,False,0.95
280,MATR_b4c2,742.0,798.4313467680216,30.628178537239076,738.4012199229704,858.4614736130728,462.0,518.4313467680216,458.4012199229704,578.4614736130728,56.431346768021626,"MATR_b2c37,MATR_b4c35,MATR_b1c19,MATR_b4c36,MATR_b2c4,MATR_b3c0,MATR_b2c6,MATR_b4c8,MATR_b1c6,MATR_b3c19,MATR_b1c39,MATR_b1c21",False,False,0.95
280,MATR_b4c20,747.0,798.6271235126817,29.065357078974845,741.6600704400947,855.5941765852687,467.0,518.6271235126817,461.6600704400947,575.5941765852687,51.62712351268169,"MATR_b2c37,MATR_b4c35,MATR_b1c19,MATR_b4c36,MATR_b2c4,MATR_b3c0,MATR_b2c6,MATR_b4c8,MATR_b1c6,MATR_b3c19,MATR_b1c39,MATR_b1c21",False,False,0.95
280,MATR_b4c22,671.0,591.8363175495006,18.850966896987916,554.8891013576475,628.7835337413536,391.0,311.83631754950056,274.8891013576475,348.7835337413536,79.16368245049944,"MATR_b2c37,MATR_b4c35,MATR_b1c19,MATR_b4c36,MATR_b2c4,MATR_b3c0,MATR_b2c6,MATR_b4c8,MATR_b1c6,MATR_b3c19,MATR_b1c39,MATR_b1c21",False,False,0.95
280,MATR_b4c23,1038.0,829.9306599500296,31.4185126026355,768.3515068010463,891.509813099013,758.0,549.9306599500296,488.3515068010463,611.509813099013,208.06934004997038,"MATR_b2c37,MATR_b4c35,MATR_b1c19,MATR_b4c36,MATR_b2c4,MATR_b3c0,MATR_b2c6,MATR_b4c8,MATR_b1c6,MATR_b3c19,MATR_b1c39,MATR_b1c21",False,False,0.95
280,MATR_b4c24,988.0,928.1599228746943,36.40615520083472,856.8051698654826,999.514675883906,708.0,648.1599228746943,576.8051698654826,719.514675883906,59.8400771253057,"MATR_b2c37,MATR_b4c35,MATR_b1c19,MATR_b4c36,MATR_b2c4,MATR_b3c0,MATR_b2c6,MATR_b4c8,MATR_b1c6,MATR_b3c19,MATR_b1c39,MATR_b1c21",False,False,0.95
280,MATR_b4c26,476.0,487.979927144007,14.568156750460648,459.42686459197006,516.532989696044,196.0,207.97992714400698,179.42686459197006,236.53298969604396,11.979927144006979,"MATR_b2c37,MATR_b4c35,MATR_b1c19,MATR_b4c36,MATR_b2c4,MATR_b3c0,MATR_b2c6,MATR_b4c8,MATR_b1c6,MATR_b3c19,MATR_b1c39,MATR_b1c21",False,False,0.95
280,MATR_b4c38,1055.0,954.8610793042893,67.3287884680756,822.8990787841454,1086.823079824433,775.0,674.8610793042893,542.8990787841454,806.8230798244331,100.13892069571068,"MATR_b2c37,MATR_b4c35,MATR_b1c19,MATR_b4c36,MATR_b2c4,MATR_b3c0,MATR_b2c6,MATR_b4c8,MATR_b1c6,MATR_b3c19,MATR_b1c39,MATR_b1c21",False,False,0.95
280,MATR_b4c39,738.0,672.8948024988167,24.715613045049732,624.453091074691,721.3365139229425,458.0,392.8948024988167,344.453091074691,441.33651392294246,65.10519750118328,"MATR_b2c37,MATR_b4c35,MATR_b1c19,MATR_b4c36,MATR_b2c4,MATR_b3c0,MATR_b2c6,MATR_b4c8,MATR_b1c6,MATR_b3c19,MATR_b1c39,MATR_b1c21",False,False,0.95
300,MATR_b1c17,858.0,703.4129907804731,39.19369244530702,626.5947651665318,780.2312163944144,558.0,403.41299078047314,326.59476516653183,480.23121639441445,154.58700921952686,"MATR_b1c20,MATR_b1c39,MATR_b4c13,MATR_b3c10,MATR_b2c35,MATR_b3c36,MATR_b3c25,MATR_b4c11,MATR_b4c16,MATR_b3c18,MATR_b2c33,MATR_b2c6",False,False,0.95
300,MATR_b1c25,852.0,767.505926214132,42.89717841912266,683.4290014742628,851.5828509540013,552.0,467.50592621413205,383.4290014742628,551.5828509540013,84.49407378586795,"MATR_b1c20,MATR_b1c39,MATR_b4c13,MATR_b3c10,MATR_b2c35,MATR_b3c36,MATR_b3c25,MATR_b4c11,MATR_b4c16,MATR_b3c18,MATR_b2c33,MATR_b2c6",False,False,0.95
300,MATR_b1c26,868.0,834.7763258733439,39.29640833191758,757.7567808210058,911.795870925682,568.0,534.7763258733439,457.7567808210058,611.795870925682,33.22367412665608,"MATR_b1c20,MATR_b1c39,MATR_b4c13,MATR_b3c10,MATR_b2c35,MATR_b3c36,MATR_b3c25,MATR_b4c11,MATR_b4c16,MATR_b3c18,MATR_b2c33,MATR_b2c6",False,False,0.95
300,MATR_b1c27,841.0,766.1019789127897,41.56698782898506,684.6321798221643,847.5717780034151,541.0,466.1019789127897,384.6321798221643,547.5717780034151,74.89802108721028,"MATR_b1c20,MATR_b1c39,MATR_b4c13,MATR_b3c10,MATR_b2c35,MATR_b3c36,MATR_b3c25,MATR_b4c11,MATR_b4c16,MATR_b3c18,MATR_b2c33,MATR_b2c6",False,False,0.95
300,MATR_b1c3,1431.0,1990.3285655805694,99.73875240709461,1794.8442029997063,2185.8129281614324,1131.0,1690.3285655805694,1494.8442029997063,1885.8129281614324,559.3285655805694,"MATR_b1c20,MATR_b1c39,MATR_b4c13,MATR_b3c10,MATR_b2c35,MATR_b3c36,MATR_b3c25,MATR_b4c11,MATR_b4c16,MATR_b3c18,MATR_b2c33,MATR_b2c6",False,False,0.95
300,MATR_b1c32,729.0,589.9795638297243,31.248719799922895,528.7331984588917,651.2259292005568,429.0,289.97956382972427,228.7331984588917,351.22592920055683,139.02043617027573,"MATR_b1c20,MATR_b1c39,MATR_b4c13,MATR_b3c10,MATR_b2c35,MATR_b3c36,MATR_b3c25,MATR_b4c11,MATR_b4c16,MATR_b3c18,MATR_b2c33,MATR_b2c6",False,False,0.95
300,MATR_b1c33,754.0,737.8616988717216,34.48828212420553,670.2659080196222,805.457489723821,454.0,437.8616988717216,370.2659080196222,505.457489723821,16.138301128278385,"MATR_b1c20,MATR_b1c39,MATR_b4c13,MATR_b3c10,MATR_b2c35,MATR_b3c36,MATR_b3c25,MATR_b4c11,MATR_b4c16,MATR_b3c18,MATR_b2c33,MATR_b2c6",False,False,0.95
300,MATR_b1c4,1705.0,2077.662601596329,96.31386507205686,1888.8908948432472,2266.4343083494105,1405.0,1777.6626015963288,1588.8908948432472,1966.4343083494105,372.66260159632884,"MATR_b1c20,MATR_b1c39,MATR_b4c13,MATR_b3c10,MATR_b2c35,MATR_b3c36,MATR_b3c25,MATR_b4c11,MATR_b4c16,MATR_b3c18,MATR_b2c33,MATR_b2c6",False,False,0.95
300,MATR_b1c40,964.0,929.1207353349391,44.723832280025725,841.4636348154788,1016.7778358543994,664.0,629.1207353349391,541.4636348154788,716.7778358543994,34.87926466506087,"MATR_b1c20,MATR_b1c39,MATR_b4c13,MATR_b3c10,MATR_b2c35,MATR_b3c36,MATR_b3c25,MATR_b4c11,MATR_b4c16,MATR_b3c18,MATR_b2c33,MATR_b2c6",False,False,0.95
300,MATR_b1c43,649.0,555.4033273268255,19.81540235705394,516.5658523678297,594.2408022858214,349.0,255.40332732682555,216.56585236782973,294.24080228582136,93.59667267317445,"MATR_b1c20,MATR_b1c39,MATR_b4c13,MATR_b3c10,MATR_b2c35,MATR_b3c36,MATR_b3c25,MATR_b4c11,MATR_b4c16,MATR_b3c18,MATR_b2c33,MATR_b2c6",False,False,0.95
300,MATR_b1c44,614.0,559.303240175775,24.38377226664847,511.5119247259174,607.0945556256327,314.0,259.30324017577504,211.51192472591742,307.09455562563267,54.696759824224955,"MATR_b1c20,MATR_b1c39,MATR_b4c13,MATR_b3c10,MATR_b2c35,MATR_b3c36,MATR_b3c25,MATR_b4c11,MATR_b4c16,MATR_b3c18,MATR_b2c33,MATR_b2c6",False,False,0.95
300,MATR_b1c45,597.0,536.7189652291188,21.977483352461846,493.643889387465,579.7940410707727,297.0,236.7189652291188,193.64388938746498,279.79404107077266,60.281034770881206,"MATR_b1c20,MATR_b1c39,MATR_b4c13,MATR_b3c10,MATR_b2c35,MATR_b3c36,MATR_b3c25,MATR_b4c11,MATR_b4c16,MATR_b3c18,MATR_b2c33,MATR_b2c6",False,False,0.95
300,MATR_b2c11,476.0,451.8636142929776,16.361905735010623,419.79486833391746,483.93236025203777,176.0,151.86361429297762,119.79486833391746,183.93236025203777,24.136385707022384,"MATR_b1c20,MATR_b1c39,MATR_b4c13,MATR_b3c10,MATR_b2c35,MATR_b3c36,MATR_b3c25,MATR_b4c11,MATR_b4c16,MATR_b3c18,MATR_b2c33,MATR_b2c6",False,False,0.95
300,MATR_b2c14,484.0,469.95167199205724,15.310306691318468,439.94402228481044,499.95932169930404,184.0,169.95167199205724,139.94402228481044,199.95932169930404,14.048328007942757,"MATR_b1c20,MATR_b1c39,MATR_b4c13,MATR_b3c10,MATR_b2c35,MATR_b3c36,MATR_b3c25,MATR_b4c11,MATR_b4c16,MATR_b3c18,MATR_b2c33,MATR_b2c6",False,False,0.95
300,MATR_b2c18,486.0,433.24730076091697,10.931385983792632,411.82217793157747,454.67242359025647,186.0,133.24730076091697,111.82217793157747,154.67242359025647,52.75269923908303,"MATR_b1c20,MATR_b1c39,MATR_b4c13,MATR_b3c10,MATR_b2c35,MATR_b3c36,MATR_b3c25,MATR_b4c11,MATR_b4c16,MATR_b3c18,MATR_b2c33,MATR_b2c6",False,False,0.95
300,MATR_b2c26,470.0,445.89056538974415,11.810887216729345,422.74165181949013,469.0394789599982,170.0,145.89056538974415,122.74165181949013,169.03947895999818,24.109434610255846,"MATR_b1c20,MATR_b1c39,MATR_b4c13,MATR_b3c10,MATR_b2c35,MATR_b3c36,MATR_b3c25,MATR_b4c11,MATR_b4c16,MATR_b3c18,MATR_b2c33,MATR_b2c6",False,False,0.95
300,MATR_b2c28,508.0,493.0871062772525,23.565818294621796,446.89895115357865,539.2752614009263,208.0,193.08710627725247,146.89895115357865,239.2752614009263,14.912893722747526,"MATR_b1c20,MATR_b1c39,MATR_b4c13,MATR_b3c10,MATR_b2c35,MATR_b3c36,MATR_b3c25,MATR_b4c11,MATR_b4c16,MATR_b3c18,MATR_b2c33,MATR_b2c6",False,False,0.95
300,MATR_b2c31,491.0,509.87743735588094,21.44456076473569,467.8468705927183,551.9080041190437,191.0,209.87743735588094,167.8468705927183,251.90800411904365,18.877437355880943,"MATR_b1c20,MATR_b1c39,MATR_b4c13,MATR_b3c10,MATR_b2c35,MATR_b3c36,MATR_b3c25,MATR_b4c11,MATR_b4c16,MATR_b3c18,MATR_b2c33,MATR_b2c6",False,False,0.95
300,MATR_b2c43,461.0,435.83363799052375,11.609227382310634,413.0799704328587,458.5873055481888,161.0,135.83363799052375,113.07997043285872,158.5873055481888,25.166362009476245,"MATR_b1c20,MATR_b1c39,MATR_b4c13,MATR_b3c10,MATR_b2c35,MATR_b3c36,MATR_b3c25,MATR_b4c11,MATR_b4c16,MATR_b3c18,MATR_b2c33,MATR_b2c6",False,False,0.95
300,MATR_b3c21,770.0,649.3829355770623,21.6000294200313,607.0476558487953,691.7182153053293,470.0,349.3829355770623,307.04765584879533,391.7182153053293,120.61706442293769,"MATR_b1c20,MATR_b1c39,MATR_b4c13,MATR_b3c10,MATR_b2c35,MATR_b3c36,MATR_b3c25,MATR_b4c11,MATR_b4c16,MATR_b3c18,MATR_b2c33,MATR_b2c6",False,False,0.95
300,MATR_b3c27,847.0,805.7264111662007,34.51419750693949,738.0798270972972,873.3729952351042,547.0,505.7264111662007,438.0798270972972,573.3729952351042,41.273588833799295,"MATR_b1c20,MATR_b1c39,MATR_b4c13,MATR_b3c10,MATR_b2c35,MATR_b3c36,MATR_b3c25,MATR_b4c11,MATR_b4c16,MATR_b3c18,MATR_b2c33,MATR_b2c6",False,False,0.95
300,MATR_b3c34,1156.0,1003.0706889574568,73.62973481287396,858.7590605329889,1147.3823173819248,856.0,703.0706889574568,558.7590605329889,847.3823173819248,152.9293110425432,"MATR_b1c20,MATR_b1c39,MATR_b4c13,MATR_b3c10,MATR_b2c35,MATR_b3c36,MATR_b3c25,MATR_b4c11,MATR_b4c16,MATR_b3c18,MATR_b2c33,MATR_b2c6",False,False,0.95
300,MATR_b3c35,1091.0,981.6982572136309,59.02714715253032,866.0071746845255,1097.3893397427362,791.0,681.6982572136309,566.0071746845255,797.3893397427362,109.30174278636912,"MATR_b1c20,MATR_b1c39,MATR_b4c13,MATR_b3c10,MATR_b2c35,MATR_b3c36,MATR_b3c25,MATR_b4c11,MATR_b4c16,MATR_b3c18,MATR_b2c33,MATR_b2c6",False,False,0.95
300,MATR_b3c39,1154.0,797.2272956744314,32.366428838394505,733.7902608429996,860.6643305058632,854.0,497.2272956744314,433.7902608429996,560.6643305058632,356.7727043255686,"MATR_b1c20,MATR_b1c39,MATR_b4c13,MATR_b3c10,MATR_b2c35,MATR_b3c36,MATR_b3c25,MATR_b4c11,MATR_b4c16,MATR_b3c18,MATR_b2c33,MATR_b2c6",False,False,0.95
300,MATR_b4c2,742.0,778.1667349871358,29.780576251504453,719.7978780953382,836.5355918789334,442.0,478.1667349871358,419.7978780953382,536.5355918789334,36.16673498713578,"MATR_b1c20,MATR_b1c39,MATR_b4c13,MATR_b3c10,MATR_b2c35,MATR_b3c36,MATR_b3c25,MATR_b4c11,MATR_b4c16,MATR_b3c18,MATR_b2c33,MATR_b2c6",False,False,0.95
300,MATR_b4c20,747.0,794.5067667868476,28.99330843783271,737.6809264560343,851.3326071176609,447.0,494.5067667868476,437.6809264560343,551.3326071176609,47.50676678684761,"MATR_b1c20,MATR_b1c39,MATR_b4c13,MATR_b3c10,MATR_b2c35,MATR_b3c36,MATR_b3c25,MATR_b4c11,MATR_b4c16,MATR_b3c18,MATR_b2c33,MATR_b2c6",False,False,0.95
300,MATR_b4c22,671.0,586.5313096234091,18.56377826157038,550.1469728137436,622.9156464330747,371.0,286.53130962340913,250.14697281374356,322.9156464330747,84.46869037659087,"MATR_b1c20,MATR_b1c39,MATR_b4c13,MATR_b3c10,MATR_b2c35,MATR_b3c36,MATR_b3c25,MATR_b4c11,MATR_b4c16,MATR_b3c18,MATR_b2c33,MATR_b2c6",False,False,0.95
300,MATR_b4c23,1038.0,833.5891829002895,31.588995725705548,771.675888970117,895.5024768304621,738.0,533.5891829002895,471.67588897011694,595.5024768304621,204.41081709971047,"MATR_b1c20,MATR_b1c39,MATR_b4c13,MATR_b3c10,MATR_b2c35,MATR_b3c36,MATR_b3c25,MATR_b4c11,MATR_b4c16,MATR_b3c18,MATR_b2c33,MATR_b2c6",False,False,0.95
300,MATR_b4c24,988.0,931.3561250425525,36.29244619894292,860.2242375817668,1002.4880125033383,688.0,631.3561250425525,560.2242375817668,702.4880125033383,56.64387495744745,"MATR_b1c20,MATR_b1c39,MATR_b4c13,MATR_b3c10,MATR_b2c35,MATR_b3c36,MATR_b3c25,MATR_b4c11,MATR_b4c16,MATR_b3c18,MATR_b2c33,MATR_b2c6",False,False,0.95
300,MATR_b4c26,476.0,482.8718212793228,14.168449442945747,455.1021706543725,510.64147190427303,176.0,182.87182127932277,155.10217065437251,210.64147190427303,6.8718212793227735,"MATR_b1c20,MATR_b1c39,MATR_b4c13,MATR_b3c10,MATR_b2c35,MATR_b3c36,MATR_b3c25,MATR_b4c11,MATR_b4c16,MATR_b3c18,MATR_b2c33,MATR_b2c6",False,False,0.95
300,MATR_b4c38,1055.0,976.2349484274896,69.34641520046645,840.3184721776145,1112.1514246773647,755.0,676.2349484274896,540.3184721776145,812.1514246773647,78.7650515725104,"MATR_b1c20,MATR_b1c39,MATR_b4c13,MATR_b3c10,MATR_b2c35,MATR_b3c36,MATR_b3c25,MATR_b4c11,MATR_b4c16,MATR_b3c18,MATR_b2c33,MATR_b2c6",False,False,0.95
300,MATR_b4c39,738.0,663.9547661557266,24.093804618970054,616.7317768520005,711.1777554594527,438.0,363.9547661557266,316.7317768520005,411.17775545945267,74.04523384427341,"MATR_b1c20,MATR_b1c39,MATR_b4c13,MATR_b3c10,MATR_b2c35,MATR_b3c36,MATR_b3c25,MATR_b4c11,MATR_b4c16,MATR_b3c18,MATR_b2c33,MATR_b2c6",False,False,0.95
320,MATR_b1c17,858.0,672.9336401112555,39.35250868151408,595.8041403941882,750.0631398283228,538.0,352.9336401112555,275.80414039418815,430.06313982832285,185.0663598887445,"MATR_b4c6,MATR_b1c36,MATR_b3c30,MATR_b3c40,MATR_b1c7,MATR_b3c28,MATR_b1c6,MATR_b2c46,MATR_b1c5,MATR_b4c4,MATR_b1c9,MATR_b4c0",False,False,0.95
320,MATR_b1c25,852.0,606.1669899123352,34.35176181707747,538.8387739453652,673.4952058793052,532.0,286.1669899123352,218.83877394536523,353.4952058793052,245.83301008766477,"MATR_b4c6,MATR_b1c36,MATR_b3c30,MATR_b3c40,MATR_b1c7,MATR_b3c28,MATR_b1c6,MATR_b2c46,MATR_b1c5,MATR_b4c4,MATR_b1c9,MATR_b4c0",False,False,0.95
320,MATR_b1c26,868.0,805.6784197166934,38.318829597785744,730.5748937753059,880.7819456580809,548.0,485.6784197166934,410.5748937753059,560.7819456580809,62.321580283306616,"MATR_b4c6,MATR_b1c36,MATR_b3c30,MATR_b3c40,MATR_b1c7,MATR_b3c28,MATR_b1c6,MATR_b2c46,MATR_b1c5,MATR_b4c4,MATR_b1c9,MATR_b4c0",False,False,0.95
320,MATR_b1c27,841.0,661.1071946812647,38.388291901698274,585.8675251259255,736.3468642366039,521.0,341.1071946812647,265.86752512592545,416.3468642366039,179.89280531873533,"MATR_b4c6,MATR_b1c36,MATR_b3c30,MATR_b3c40,MATR_b1c7,MATR_b3c28,MATR_b1c6,MATR_b2c46,MATR_b1c5,MATR_b4c4,MATR_b1c9,MATR_b4c0",False,False,0.95
320,MATR_b1c3,1431.0,1855.8795032181397,104.2997179216223,1651.4558124940731,2060.3031939422062,1111.0,1535.8795032181397,1331.4558124940731,1740.3031939422062,424.8795032181397,"MATR_b4c6,MATR_b1c36,MATR_b3c30,MATR_b3c40,MATR_b1c7,MATR_b3c28,MATR_b1c6,MATR_b2c46,MATR_b1c5,MATR_b4c4,MATR_b1c9,MATR_b4c0",False,False,0.95
320,MATR_b1c32,729.0,593.7430769411972,33.85329141623162,527.3918450072442,660.0943088751501,409.0,273.74307694119716,207.39184500724423,340.0943088751501,135.25692305880284,"MATR_b4c6,MATR_b1c36,MATR_b3c30,MATR_b3c40,MATR_b1c7,MATR_b3c28,MATR_b1c6,MATR_b2c46,MATR_b1c5,MATR_b4c4,MATR_b1c9,MATR_b4c0",False,False,0.95
320,MATR_b1c33,754.0,741.4988869039482,36.62341225634331,669.7183178905526,813.2794559173439,434.0,421.49888690394823,349.7183178905526,493.27945591734385,12.501113096051768,"MATR_b4c6,MATR_b1c36,MATR_b3c30,MATR_b3c40,MATR_b1c7,MATR_b3c28,MATR_b1c6,MATR_b2c46,MATR_b1c5,MATR_b4c4,MATR_b1c9,MATR_b4c0",False,False,0.95
320,MATR_b1c4,1705.0,2002.6801178479382,101.28774618121263,1804.1597832575271,2201.200452438349,1385.0,1682.6801178479382,1484.1597832575271,1881.2004524383492,297.68011784793816,"MATR_b4c6,MATR_b1c36,MATR_b3c30,MATR_b3c40,MATR_b1c7,MATR_b3c28,MATR_b1c6,MATR_b2c46,MATR_b1c5,MATR_b4c4,MATR_b1c9,MATR_b4c0",False,False,0.95
320,MATR_b1c40,964.0,850.5667799246507,41.792457805458604,768.655067800542,932.4784920487594,644.0,530.5667799246507,448.65506780054204,612.4784920487594,113.43322007534925,"MATR_b4c6,MATR_b1c36,MATR_b3c30,MATR_b3c40,MATR_b1c7,MATR_b3c28,MATR_b1c6,MATR_b2c46,MATR_b1c5,MATR_b4c4,MATR_b1c9,MATR_b4c0",False,False,0.95
320,MATR_b1c43,649.0,562.8549100455014,21.866682206870248,519.9970004586528,605.7128196323499,329.0,242.85491004550136,199.9970004586528,285.7128196323499,86.14508995449864,"MATR_b4c6,MATR_b1c36,MATR_b3c30,MATR_b3c40,MATR_b1c7,MATR_b3c28,MATR_b1c6,MATR_b2c46,MATR_b1c5,MATR_b4c4,MATR_b1c9,MATR_b4c0",False,False,0.95
320,MATR_b1c44,614.0,568.2075406198134,27.232497427187212,514.8328264534467,621.58225478618,294.0,248.20754061981336,194.83282645344673,301.58225478618,45.79245938018664,"MATR_b4c6,MATR_b1c36,MATR_b3c30,MATR_b3c40,MATR_b1c7,MATR_b3c28,MATR_b1c6,MATR_b2c46,MATR_b1c5,MATR_b4c4,MATR_b1c9,MATR_b4c0",False,False,0.95
320,MATR_b1c45,597.0,544.9846342345309,24.541451365554394,496.88427342970294,593.0849950393588,277.0,224.98463423453086,176.88427342970294,273.0849950393588,52.01536576546914,"MATR_b4c6,MATR_b1c36,MATR_b3c30,MATR_b3c40,MATR_b1c7,MATR_b3c28,MATR_b1c6,MATR_b2c46,MATR_b1c5,MATR_b4c4,MATR_b1c9,MATR_b4c0",False,False,0.95
320,MATR_b2c11,476.0,451.66359160529703,17.395824775986494,417.5684015629939,485.75878164760013,156.0,131.66359160529703,97.56840156299393,165.75878164760013,24.33640839470297,"MATR_b4c6,MATR_b1c36,MATR_b3c30,MATR_b3c40,MATR_b1c7,MATR_b3c28,MATR_b1c6,MATR_b2c46,MATR_b1c5,MATR_b4c4,MATR_b1c9,MATR_b4c0",False,False,0.95
320,MATR_b2c14,484.0,471.52136592045537,16.595163092502744,438.99544394158164,504.0472878993291,164.0,151.52136592045537,118.99544394158164,184.0472878993291,12.478634079544634,"MATR_b4c6,MATR_b1c36,MATR_b3c30,MATR_b3c40,MATR_b1c7,MATR_b3c28,MATR_b1c6,MATR_b2c46,MATR_b1c5,MATR_b4c4,MATR_b1c9,MATR_b4c0",False,False,0.95
320,MATR_b2c18,486.0,432.551193060201,11.652053249691187,409.7135883448634,455.3887977755386,166.0,112.551193060201,89.71358834486341,135.3887977755386,53.448806939799,"MATR_b4c6,MATR_b1c36,MATR_b3c30,MATR_b3c40,MATR_b1c7,MATR_b3c28,MATR_b1c6,MATR_b2c46,MATR_b1c5,MATR_b4c4,MATR_b1c9,MATR_b4c0",False,False,0.95
320,MATR_b2c26,470.0,446.216831594848,12.667246168915948,421.38948532046976,471.0441778692262,150.0,126.21683159484797,101.38948532046976,151.0441778692262,23.783168405152026,"MATR_b4c6,MATR_b1c36,MATR_b3c30,MATR_b3c40,MATR_b1c7,MATR_b3c28,MATR_b1c6,MATR_b2c46,MATR_b1c5,MATR_b4c4,MATR_b1c9,MATR_b4c0",False,False,0.95
320,MATR_b2c28,508.0,495.1499537212776,25.648424976823403,444.87996450652616,545.419942936029,188.0,175.1499537212776,124.87996450652616,225.41994293602897,12.850046278722402,"MATR_b4c6,MATR_b1c36,MATR_b3c30,MATR_b3c40,MATR_b1c7,MATR_b3c28,MATR_b1c6,MATR_b2c46,MATR_b1c5,MATR_b4c4,MATR_b1c9,MATR_b4c0",False,False,0.95
320,MATR_b2c31,491.0,512.3810117941402,23.30178967078547,466.7103432640733,558.0516803242072,171.0,192.38101179414025,146.7103432640733,238.05168032420715,21.38101179414025,"MATR_b4c6,MATR_b1c36,MATR_b3c30,MATR_b3c40,MATR_b1c7,MATR_b3c28,MATR_b1c6,MATR_b2c46,MATR_b1c5,MATR_b4c4,MATR_b1c9,MATR_b4c0",False,False,0.95
320,MATR_b2c43,461.0,436.37099092191374,12.403945691210078,412.0597041009512,460.6822777428763,141.0,116.37099092191374,92.0597041009512,140.6822777428763,24.629009078086256,"MATR_b4c6,MATR_b1c36,MATR_b3c30,MATR_b3c40,MATR_b1c7,MATR_b3c28,MATR_b1c6,MATR_b2c46,MATR_b1c5,MATR_b4c4,MATR_b1c9,MATR_b4c0",False,False,0.95
320,MATR_b3c21,770.0,603.6339019146842,19.91177769846358,564.6075347575278,642.6602690718406,450.0,283.6339019146842,244.6075347575278,322.6602690718406,166.3660980853158,"MATR_b4c6,MATR_b1c36,MATR_b3c30,MATR_b3c40,MATR_b1c7,MATR_b3c28,MATR_b1c6,MATR_b2c46,MATR_b1c5,MATR_b4c4,MATR_b1c9,MATR_b4c0",False,False,0.95
320,MATR_b3c27,847.0,813.8929624616599,36.47872631046656,742.3959726912517,885.389952232068,527.0,493.89296246165986,422.3959726912517,565.389952232068,33.10703753834014,"MATR_b4c6,MATR_b1c36,MATR_b3c30,MATR_b3c40,MATR_b1c7,MATR_b3c28,MATR_b1c6,MATR_b2c46,MATR_b1c5,MATR_b4c4,MATR_b1c9,MATR_b4c0",False,False,0.95
320,MATR_b3c34,1156.0,1038.6949074145034,84.31387499549295,873.442749026325,1203.9470658026817,836.0,718.6949074145034,553.442749026325,883.9470658026817,117.3050925854966,"MATR_b4c6,MATR_b1c36,MATR_b3c30,MATR_b3c40,MATR_b1c7,MATR_b3c28,MATR_b1c6,MATR_b2c46,MATR_b1c5,MATR_b4c4,MATR_b1c9,MATR_b4c0",False,False,0.95
320,MATR_b3c35,1091.0,1022.3565943233529,70.64208504451017,883.9006518432974,1160.8125368034084,771.0,702.3565943233529,563.9006518432974,840.8125368034084,68.64340567664715,"MATR_b4c6,MATR_b1c36,MATR_b3c30,MATR_b3c40,MATR_b1c7,MATR_b3c28,MATR_b1c6,MATR_b2c46,MATR_b1c5,MATR_b4c4,MATR_b1c9,MATR_b4c0",False,False,0.95
320,MATR_b3c39,1154.0,798.1498048112813,33.792141325938196,731.9184248519549,864.3811847706078,834.0,478.14980481128134,411.9184248519549,544.3811847706078,355.85019518871866,"MATR_b4c6,MATR_b1c36,MATR_b3c30,MATR_b3c40,MATR_b1c7,MATR_b3c28,MATR_b1c6,MATR_b2c46,MATR_b1c5,MATR_b4c4,MATR_b1c9,MATR_b4c0",False,False,0.95
320,MATR_b4c2,742.0,748.2722984306475,29.53140370001808,690.3918107656992,806.1527860955958,422.0,428.27229843064754,370.39181076569923,486.15278609559584,6.272298430647538,"MATR_b4c6,MATR_b1c36,MATR_b3c30,MATR_b3c40,MATR_b1c7,MATR_b3c28,MATR_b1c6,MATR_b2c46,MATR_b1c5,MATR_b4c4,MATR_b1c9,MATR_b4c0",False,False,0.95
320,MATR_b4c20,747.0,759.5284836887844,29.069158569162422,702.5539798323422,816.5029875452266,427.0,439.5284836887844,382.5539798323422,496.5029875452266,12.528483688784377,"MATR_b4c6,MATR_b1c36,MATR_b3c30,MATR_b3c40,MATR_b1c7,MATR_b3c28,MATR_b1c6,MATR_b2c46,MATR_b1c5,MATR_b4c4,MATR_b1c9,MATR_b4c0",False,False,0.95
320,MATR_b4c22,671.0,565.1273122720058,17.627911898626095,530.5772398280536,599.677384715958,351.0,245.12731227200584,210.57723982805362,279.67738471595806,105.87268772799416,"MATR_b4c6,MATR_b1c36,MATR_b3c30,MATR_b3c40,MATR_b1c7,MATR_b3c28,MATR_b1c6,MATR_b2c46,MATR_b1c5,MATR_b4c4,MATR_b1c9,MATR_b4c0",False,False,0.95
320,MATR_b4c23,1038.0,814.8917094440129,31.818477598229038,752.5286393085895,877.2547795794363,718.0,494.8917094440129,432.5286393085895,557.2547795794363,223.10829055598708,"MATR_b4c6,MATR_b1c36,MATR_b3c30,MATR_b3c40,MATR_b1c7,MATR_b3c28,MATR_b1c6,MATR_b2c46,MATR_b1c5,MATR_b4c4,MATR_b1c9,MATR_b4c0",False,False,0.95
320,MATR_b4c24,988.0,925.7465439921789,37.04118373458164,853.147157927668,998.3459300566898,668.0,605.7465439921789,533.147157927668,678.3459300566898,62.253456007821114,"MATR_b4c6,MATR_b1c36,MATR_b3c30,MATR_b3c40,MATR_b1c7,MATR_b3c28,MATR_b1c6,MATR_b2c46,MATR_b1c5,MATR_b4c4,MATR_b1c9,MATR_b4c0",False,False,0.95
320,MATR_b4c26,476.0,476.7047261605444,14.466672565583748,448.3505689558666,505.0588833652222,156.0,156.7047261605444,128.3505689558666,185.0588833652222,0.7047261605443964,"MATR_b4c6,MATR_b1c36,MATR_b3c30,MATR_b3c40,MATR_b1c7,MATR_b3c28,MATR_b1c6,MATR_b2c46,MATR_b1c5,MATR_b4c4,MATR_b1c9,MATR_b4c0",False,False,0.95
320,MATR_b4c38,1055.0,1008.3797820670334,79.00255016530872,853.5376290562094,1163.2219350778573,735.0,688.3797820670334,533.5376290562094,843.2219350778573,46.620217932966625,"MATR_b4c6,MATR_b1c36,MATR_b3c30,MATR_b3c40,MATR_b1c7,MATR_b3c28,MATR_b1c6,MATR_b2c46,MATR_b1c5,MATR_b4c4,MATR_b1c9,MATR_b4c0",False,False,0.95
320,MATR_b4c39,738.0,623.9850945258808,22.590386173108318,579.7087512297369,668.2614378220246,418.0,303.98509452588075,259.7087512297369,348.2614378220246,114.01490547411925,"MATR_b4c6,MATR_b1c36,MATR_b3c30,MATR_b3c40,MATR_b1c7,MATR_b3c28,MATR_b1c6,MATR_b2c46,MATR_b1c5,MATR_b4c4,MATR_b1c9,MATR_b4c0",False,False,0.95
340,MATR_b1c17,858.0,684.5251827626282,38.12702928751335,609.7975785215982,759.2527870036582,518.0,344.5251827626282,269.7975785215982,419.2527870036582,173.47481723737178,"MATR_b3c22,MATR_b2c24,MATR_b1c18,MATR_b2c36,MATR_b1c20,MATR_b2c44,MATR_b1c11,MATR_b3c8,MATR_b2c19,MATR_b2c45,MATR_b4c4,MATR_b1c16",False,False,0.95
340,MATR_b1c25,852.0,620.9495005902259,34.12734859813741,554.061126450033,687.8378747304187,512.0,280.94950059022585,214.06112645003304,347.83787473041866,231.05049940977415,"MATR_b3c22,MATR_b2c24,MATR_b1c18,MATR_b2c36,MATR_b1c20,MATR_b2c44,MATR_b1c11,MATR_b3c8,MATR_b2c19,MATR_b2c45,MATR_b4c4,MATR_b1c16",False,False,0.95
340,MATR_b1c26,868.0,817.3473964536406,37.95502131296881,742.9569216477717,891.7378712595096,528.0,477.3473964536406,402.95692164777165,551.7378712595096,50.65260354635939,"MATR_b3c22,MATR_b2c24,MATR_b1c18,MATR_b2c36,MATR_b1c20,MATR_b2c44,MATR_b1c11,MATR_b3c8,MATR_b2c19,MATR_b2c45,MATR_b4c4,MATR_b1c16",False,False,0.95
340,MATR_b1c27,841.0,678.3435956445651,37.33074948342181,605.1766711411711,751.510520147959,501.0,338.3435956445651,265.17667114117114,411.510520147959,162.65640435543492,"MATR_b3c22,MATR_b2c24,MATR_b1c18,MATR_b2c36,MATR_b1c20,MATR_b2c44,MATR_b1c11,MATR_b3c8,MATR_b2c19,MATR_b2c45,MATR_b4c4,MATR_b1c16",False,False,0.95
340,MATR_b1c3,1431.0,1894.479796757009,102.08752486930766,1694.391924742329,2094.567668771689,1091.0,1554.479796757009,1354.391924742329,1754.5676687716891,463.4797967570089,"MATR_b3c22,MATR_b2c24,MATR_b1c18,MATR_b2c36,MATR_b1c20,MATR_b2c44,MATR_b1c11,MATR_b3c8,MATR_b2c19,MATR_b2c45,MATR_b4c4,MATR_b1c16",False,False,0.95
340,MATR_b1c32,729.0,598.7002674280119,32.80355529186024,534.4064804910976,662.9940543649262,389.0,258.7002674280119,194.40648049109757,322.9940543649262,130.2997325719881,"MATR_b3c22,MATR_b2c24,MATR_b1c18,MATR_b2c36,MATR_b1c20,MATR_b2c44,MATR_b1c11,MATR_b3c8,MATR_b2c19,MATR_b2c45,MATR_b4c4,MATR_b1c16",False,False,0.95
340,MATR_b1c33,754.0,743.3483095160929,36.12031529063609,672.5537924362147,814.142826595971,414.0,403.34830951609285,332.55379243621474,474.142826595971,10.651690483907146,"MATR_b3c22,MATR_b2c24,MATR_b1c18,MATR_b2c36,MATR_b1c20,MATR_b2c44,MATR_b1c11,MATR_b3c8,MATR_b2c19,MATR_b2c45,MATR_b4c4,MATR_b1c16",False,False,0.95
340,MATR_b1c4,1705.0,2034.2106231080152,97.71237846469504,1842.6978804734658,2225.7233657425645,1365.0,1694.2106231080152,1502.6978804734658,1885.7233657425645,329.21062310801517,"MATR_b3c22,MATR_b2c24,MATR_b1c18,MATR_b2c36,MATR_b1c20,MATR_b2c44,MATR_b1c11,MATR_b3c8,MATR_b2c19,MATR_b2c45,MATR_b4c4,MATR_b1c16",False,False,0.95
340,MATR_b1c40,964.0,863.742830022777,41.58487941961912,782.2379640588827,945.2476959866713,624.0,523.742830022777,442.23796405888265,605.2476959866713,100.25716997722304,"MATR_b3c22,MATR_b2c24,MATR_b1c18,MATR_b2c36,MATR_b1c20,MATR_b2c44,MATR_b1c11,MATR_b3c8,MATR_b2c19,MATR_b2c45,MATR_b4c4,MATR_b1c16",False,False,0.95
340,MATR_b1c43,649.0,567.5277169143785,21.37427575026018,525.6349062482408,609.4205275805163,309.0,227.52771691437852,185.63490624824078,269.42052758051625,81.47228308562148,"MATR_b3c22,MATR_b2c24,MATR_b1c18,MATR_b2c36,MATR_b1c20,MATR_b2c44,MATR_b1c11,MATR_b3c8,MATR_b2c19,MATR_b2c45,MATR_b4c4,MATR_b1c16",False,False,0.95
340,MATR_b1c44,614.0,571.1888356583113,26.446789926652162,519.3540798953763,623.0235914212462,274.0,231.1888356583113,179.35407989537634,283.02359142124624,42.81116434168871,"MATR_b3c22,MATR_b2c24,MATR_b1c18,MATR_b2c36,MATR_b1c20,MATR_b2c44,MATR_b1c11,MATR_b3c8,MATR_b2c19,MATR_b2c45,MATR_b4c4,MATR_b1c16",False,False,0.95
340,MATR_b1c45,597.0,547.6285801164329,23.809787438208385,500.96225425799025,594.2949059748755,257.0,207.6285801164329,160.96225425799025,254.29490597487552,49.371419883567114,"MATR_b3c22,MATR_b2c24,MATR_b1c18,MATR_b2c36,MATR_b1c20,MATR_b2c44,MATR_b1c11,MATR_b3c8,MATR_b2c19,MATR_b2c45,MATR_b4c4,MATR_b1c16",False,False,0.95
340,MATR_b2c11,476.0,453.10551007246494,16.371072574688686,421.0187974377837,485.1922227071462,136.0,113.10551007246494,81.01879743778369,145.1922227071462,22.894489927535062,"MATR_b3c22,MATR_b2c24,MATR_b1c18,MATR_b2c36,MATR_b1c20,MATR_b2c44,MATR_b1c11,MATR_b3c8,MATR_b2c19,MATR_b2c45,MATR_b4c4,MATR_b1c16",False,False,0.95
340,MATR_b2c14,484.0,473.79739942116885,15.96463109752247,442.50729744355664,505.08750139878106,144.0,133.79739942116885,102.50729744355664,165.08750139878106,10.202600578831152,"MATR_b3c22,MATR_b2c24,MATR_b1c18,MATR_b2c36,MATR_b1c20,MATR_b2c44,MATR_b1c11,MATR_b3c8,MATR_b2c19,MATR_b2c45,MATR_b4c4,MATR_b1c16",False,False,0.95
340,MATR_b2c18,486.0,433.0130457486617,11.252758479513183,410.95804440208815,455.0680470952352,146.0,93.01304574866168,70.95804440208815,115.06804709523522,52.98695425133832,"MATR_b3c22,MATR_b2c24,MATR_b1c18,MATR_b2c36,MATR_b1c20,MATR_b2c44,MATR_b1c11,MATR_b3c8,MATR_b2c19,MATR_b2c45,MATR_b4c4,MATR_b1c16",False,False,0.95
340,MATR_b2c26,470.0,447.5097732550133,12.2123274174703,423.57405134936045,471.4454951606661,130.0,107.50977325501327,83.57405134936045,131.4454951606661,22.490226744986728,"MATR_b3c22,MATR_b2c24,MATR_b1c18,MATR_b2c36,MATR_b1c20,MATR_b2c44,MATR_b1c11,MATR_b3c8,MATR_b2c19,MATR_b2c45,MATR_b4c4,MATR_b1c16",False,False,0.95
340,MATR_b2c28,508.0,498.245671723133,24.29741839097585,450.6236067595192,545.8677366867468,168.0,158.245671723133,110.62360675951919,205.86773668674675,9.754328276867,"MATR_b3c22,MATR_b2c24,MATR_b1c18,MATR_b2c36,MATR_b1c20,MATR_b2c44,MATR_b1c11,MATR_b3c8,MATR_b2c19,MATR_b2c45,MATR_b4c4,MATR_b1c16",False,False,0.95
340,MATR_b2c31,491.0,515.2028901122846,22.32291776803883,471.4507752570793,558.95500496749,151.0,175.20289011228465,131.45077525707927,218.95500496749003,24.20289011228465,"MATR_b3c22,MATR_b2c24,MATR_b1c18,MATR_b2c36,MATR_b1c20,MATR_b2c44,MATR_b1c11,MATR_b3c8,MATR_b2c19,MATR_b2c45,MATR_b4c4,MATR_b1c16",False,False,0.95
340,MATR_b2c43,461.0,438.2580998245312,12.023894783051269,414.6916990958517,461.8245005532107,121.0,98.2580998245312,74.69169909585167,121.82450055321073,22.7419001754688,"MATR_b3c22,MATR_b2c24,MATR_b1c18,MATR_b2c36,MATR_b1c20,MATR_b2c44,MATR_b1c11,MATR_b3c8,MATR_b2c19,MATR_b2c45,MATR_b4c4,MATR_b1c16",False,False,0.95
340,MATR_b3c21,770.0,577.0499959249792,17.872772311989248,542.0200058895956,612.0799859603627,430.0,237.04999592497916,202.0200058895956,272.0799859603627,192.95000407502084,"MATR_b3c22,MATR_b2c24,MATR_b1c18,MATR_b2c36,MATR_b1c20,MATR_b2c44,MATR_b1c11,MATR_b3c8,MATR_b2c19,MATR_b2c45,MATR_b4c4,MATR_b1c16",False,False,0.95
340,MATR_b3c27,847.0,812.7402220291588,35.26889260182739,743.6144627549659,881.8659813033516,507.0,472.74022202915876,403.61446275496587,541.8659813033516,34.25977797084124,"MATR_b3c22,MATR_b2c24,MATR_b1c18,MATR_b2c36,MATR_b1c20,MATR_b2c44,MATR_b1c11,MATR_b3c8,MATR_b2c19,MATR_b2c45,MATR_b4c4,MATR_b1c16",False,False,0.95
340,MATR_b3c34,1156.0,1046.5399538240365,82.68263853440642,884.4849601498563,1208.5949474982167,816.0,706.5399538240365,544.4849601498563,868.5949474982167,109.4600461759635,"MATR_b3c22,MATR_b2c24,MATR_b1c18,MATR_b2c36,MATR_b1c20,MATR_b2c44,MATR_b1c11,MATR_b3c8,MATR_b2c19,MATR_b2c45,MATR_b4c4,MATR_b1c16",False,False,0.95
340,MATR_b3c35,1091.0,1038.9224105262763,73.20197733056081,895.4491713612597,1182.3956496912929,751.0,698.9224105262763,555.4491713612597,842.3956496912929,52.07758947372372,"MATR_b3c22,MATR_b2c24,MATR_b1c18,MATR_b2c36,MATR_b1c20,MATR_b2c44,MATR_b1c11,MATR_b3c8,MATR_b2c19,MATR_b2c45,MATR_b4c4,MATR_b1c16",False,False,0.95
340,MATR_b3c39,1154.0,800.9920475799704,33.56791487175238,735.2001433952292,866.7839517647116,814.0,460.9920475799704,395.20014339522925,526.7839517647116,353.0079524200296,"MATR_b3c22,MATR_b2c24,MATR_b1c18,MATR_b2c36,MATR_b1c20,MATR_b2c44,MATR_b1c11,MATR_b3c8,MATR_b2c19,MATR_b2c45,MATR_b4c4,MATR_b1c16",False,False,0.95
340,MATR_b4c2,742.0,732.8814996764177,28.519410604778944,676.9844820307412,788.7785173220941,402.0,392.88149967641766,336.9844820307412,448.7785173220941,9.118500323582339,"MATR_b3c22,MATR_b2c24,MATR_b1c18,MATR_b2c36,MATR_b1c20,MATR_b2c44,MATR_b1c11,MATR_b3c8,MATR_b2c19,MATR_b2c45,MATR_b4c4,MATR_b1c16",False,False,0.95
340,MATR_b4c20,747.0,750.8654422307992,28.87549533956925,694.2705113294893,807.4603731321091,407.0,410.8654422307992,354.2705113294893,467.4603731321091,3.8654422307992036,"MATR_b3c22,MATR_b2c24,MATR_b1c18,MATR_b2c36,MATR_b1c20,MATR_b2c44,MATR_b1c11,MATR_b3c8,MATR_b2c19,MATR_b2c45,MATR_b4c4,MATR_b1c16",False,False,0.95
340,MATR_b4c22,671.0,559.6359556751771,16.924408077231146,526.4647253841453,592.807185966209,331.0,219.63595567517712,186.46472538414525,252.80718596620898,111.36404432482288,"MATR_b3c22,MATR_b2c24,MATR_b1c18,MATR_b2c36,MATR_b1c20,MATR_b2c44,MATR_b1c11,MATR_b3c8,MATR_b2c19,MATR_b2c45,MATR_b4c4,MATR_b1c16",False,False,0.95
340,MATR_b4c23,1038.0,806.9171334030262,31.05159078387762,746.0571338039503,867.7771330021022,698.0,466.91713340302624,406.05713380395025,527.7771330021022,231.08286659697376,"MATR_b3c22,MATR_b2c24,MATR_b1c18,MATR_b2c36,MATR_b1c20,MATR_b2c44,MATR_b1c11,MATR_b3c8,MATR_b2c19,MATR_b2c45,MATR_b4c4,MATR_b1c16",False,False,0.95
340,MATR_b4c24,988.0,923.8073679130123,36.88365357465694,851.5167352884326,996.0980005375919,648.0,583.8073679130123,511.51673528843264,656.0980005375919,64.19263208698771,"MATR_b3c22,MATR_b2c24,MATR_b1c18,MATR_b2c36,MATR_b1c20,MATR_b2c44,MATR_b1c11,MATR_b3c8,MATR_b2c19,MATR_b2c45,MATR_b4c4,MATR_b1c16",False,False,0.95
340,MATR_b4c26,476.0,475.85075259616826,13.921480242737246,448.56515270891737,503.13635248341916,136.0,135.85075259616826,108.56515270891737,163.13635248341916,0.14924740383173685,"MATR_b3c22,MATR_b2c24,MATR_b1c18,MATR_b2c36,MATR_b1c20,MATR_b2c44,MATR_b1c11,MATR_b3c8,MATR_b2c19,MATR_b2c45,MATR_b4c4,MATR_b1c16",False,False,0.95
340,MATR_b4c38,1055.0,1017.832896651684,79.20044988147909,862.6028673246154,1173.0629259787524,715.0,677.832896651684,522.6028673246154,833.0629259787524,37.167103348316004,"MATR_b3c22,MATR_b2c24,MATR_b1c18,MATR_b2c36,MATR_b1c20,MATR_b2c44,MATR_b1c11,MATR_b3c8,MATR_b2c19,MATR_b2c45,MATR_b4c4,MATR_b1c16",False,False,0.95
340,MATR_b4c39,738.0,610.7503293715987,21.389677932207974,568.8273309835599,652.6733277596375,398.0,270.7503293715987,228.82733098355993,312.67332775963746,127.2496706284013,"MATR_b3c22,MATR_b2c24,MATR_b1c18,MATR_b2c36,MATR_b1c20,MATR_b2c44,MATR_b1c11,MATR_b3c8,MATR_b2c19,MATR_b2c45,MATR_b4c4,MATR_b1c16",False,False,0.95
360,MATR_b1c17,858.0,695.4757156798967,37.527417497858515,621.9233289512957,769.0281024084976,498.0,335.47571567989667,261.92332895129573,409.0281024084976,162.52428432010333,"MATR_b3c19,MATR_b2c37,MATR_b4c35,MATR_b3c7,MATR_b2c38,MATR_b3c4,MATR_b3c28,MATR_b3c31,MATR_b2c17,MATR_b2c36,MATR_b4c5,MATR_b2c44",False,False,0.95
360,MATR_b1c25,852.0,641.8624059306312,33.63436529848893,575.9402613027291,707.7845505585333,492.0,281.8624059306312,215.94026130272914,347.7845505585333,210.1375940693688,"MATR_b3c19,MATR_b2c37,MATR_b4c35,MATR_b3c7,MATR_b2c38,MATR_b3c4,MATR_b3c28,MATR_b3c31,MATR_b2c17,MATR_b2c36,MATR_b4c5,MATR_b2c44",False,False,0.95
360,MATR_b1c26,868.0,829.9747695295816,37.83348946839624,755.8224927620496,904.1270462971137,508.0,469.97476952958164,395.8224927620496,544.1270462971137,38.025230470418364,"MATR_b3c19,MATR_b2c37,MATR_b4c35,MATR_b3c7,MATR_b2c38,MATR_b3c4,MATR_b3c28,MATR_b3c31,MATR_b2c17,MATR_b2c36,MATR_b4c5,MATR_b2c44",False,False,0.95
360,MATR_b1c27,841.0,691.1522676505465,36.71007110231083,619.2018504201127,763.1026848809803,481.0,331.1522676505465,259.2018504201127,403.1026848809803,149.8477323494535,"MATR_b3c19,MATR_b2c37,MATR_b4c35,MATR_b3c7,MATR_b2c38,MATR_b3c4,MATR_b3c28,MATR_b3c31,MATR_b2c17,MATR_b2c36,MATR_b4c5,MATR_b2c44",False,False,0.95
360,MATR_b1c3,1431.0,1868.0839888800429,103.8175906188279,1664.6052503054168,2071.5627274546687,1071.0,1508.0839888800429,1304.6052503054168,1711.5627274546687,437.08398888004285,"MATR_b3c19,MATR_b2c37,MATR_b4c35,MATR_b3c7,MATR_b2c38,MATR_b3c4,MATR_b3c28,MATR_b3c31,MATR_b2c17,MATR_b2c36,MATR_b4c5,MATR_b2c44",False,False,0.95
360,MATR_b1c32,729.0,601.398483837741,31.945071004052604,538.7872951862231,664.0096724892588,369.0,241.39848383774097,178.7872951862231,304.00967248925883,127.60151616225903,"MATR_b3c19,MATR_b2c37,MATR_b4c35,MATR_b3c7,MATR_b2c38,MATR_b3c4,MATR_b3c28,MATR_b3c31,MATR_b2c17,MATR_b2c36,MATR_b4c5,MATR_b2c44",False,False,0.95
360,MATR_b1c33,754.0,747.9199294870278,35.8504402207588,677.6543578244344,818.1855011496212,394.0,387.91992948702784,317.65435782443444,458.18550114962125,6.080070512972156,"MATR_b3c19,MATR_b2c37,MATR_b4c35,MATR_b3c7,MATR_b2c38,MATR_b3c4,MATR_b3c28,MATR_b3c31,MATR_b2c17,MATR_b2c36,MATR_b4c5,MATR_b2c44",False,False,0.95
360,MATR_b1c4,1705.0,1999.526734455128,100.63675517125519,1802.2823187984927,2196.7711501117633,1345.0,1639.526734455128,1442.2823187984927,1836.7711501117633,294.526734455128,"MATR_b3c19,MATR_b2c37,MATR_b4c35,MATR_b3c7,MATR_b2c38,MATR_b3c4,MATR_b3c28,MATR_b3c31,MATR_b2c17,MATR_b2c36,MATR_b4c5,MATR_b2c44",False,False,0.95
360,MATR_b1c40,964.0,887.5140399007361,41.65013833450583,805.8812688139935,969.1468109874786,604.0,527.5140399007361,445.88126881399353,609.1468109874786,76.48596009926393,"MATR_b3c19,MATR_b2c37,MATR_b4c35,MATR_b3c7,MATR_b2c38,MATR_b3c4,MATR_b3c28,MATR_b3c31,MATR_b2c17,MATR_b2c36,MATR_b4c5,MATR_b2c44",False,False,0.95
360,MATR_b1c43,649.0,574.2371768794708,21.44211391004406,532.2114058633791,616.2629478955624,289.0,214.23717687947078,172.21140586337913,256.26294789556243,74.76282312052922,"MATR_b3c19,MATR_b2c37,MATR_b4c35,MATR_b3c7,MATR_b2c38,MATR_b3c4,MATR_b3c28,MATR_b3c31,MATR_b2c17,MATR_b2c36,MATR_b4c5,MATR_b2c44",False,False,0.95
360,MATR_b1c44,614.0,576.1445225706489,26.2932338370044,524.6107312130304,627.6783139282674,254.0,216.14452257064886,164.61073121303036,267.67831392826736,37.85547742935114,"MATR_b3c19,MATR_b2c37,MATR_b4c35,MATR_b3c7,MATR_b2c38,MATR_b3c4,MATR_b3c28,MATR_b3c31,MATR_b2c17,MATR_b2c36,MATR_b4c5,MATR_b2c44",False,False,0.95
360,MATR_b1c45,597.0,552.4808702782458,23.700463861875015,506.0288146920777,598.9329258644138,237.0,192.4808702782458,146.02881469207767,238.93292586441385,44.51912972175421,"MATR_b3c19,MATR_b2c37,MATR_b4c35,MATR_b3c7,MATR_b2c38,MATR_b3c4,MATR_b3c28,MATR_b3c31,MATR_b2c17,MATR_b2c36,MATR_b4c5,MATR_b2c44",False,False,0.95
360,MATR_b2c11,476.0,452.20427320471197,15.408961035552005,422.00326453584904,482.4052818735749,116.0,92.20427320471197,62.00326453584904,122.40528187357489,23.795726795288033,"MATR_b3c19,MATR_b2c37,MATR_b4c35,MATR_b3c7,MATR_b2c38,MATR_b3c4,MATR_b3c28,MATR_b3c31,MATR_b2c17,MATR_b2c36,MATR_b4c5,MATR_b2c44",False,False,0.95
360,MATR_b2c14,484.0,474.89667312351935,15.637629653955765,444.2474821981905,505.5458640488482,124.0,114.89667312351935,84.24748219819048,145.54586404884822,9.10332687648065,"MATR_b3c19,MATR_b2c37,MATR_b4c35,MATR_b3c7,MATR_b2c38,MATR_b3c4,MATR_b3c28,MATR_b3c31,MATR_b2c17,MATR_b2c36,MATR_b4c5,MATR_b2c44",False,False,0.95
360,MATR_b2c18,486.0,432.07833307179425,10.995428563665971,410.527689092426,453.6289770511625,126.0,72.07833307179425,50.52768909242599,93.62897705116251,53.92166692820575,"MATR_b3c19,MATR_b2c37,MATR_b4c35,MATR_b3c7,MATR_b2c38,MATR_b3c4,MATR_b3c28,MATR_b3c31,MATR_b2c17,MATR_b2c36,MATR_b4c5,MATR_b2c44",False,False,0.95
360,MATR_b2c26,470.0,447.37047984590134,11.83778606956158,424.1688454928707,470.572114198932,110.0,87.37047984590134,64.16884549287067,110.57211419893201,22.629520154098657,"MATR_b3c19,MATR_b2c37,MATR_b4c35,MATR_b3c7,MATR_b2c38,MATR_b3c4,MATR_b3c28,MATR_b3c31,MATR_b2c17,MATR_b2c36,MATR_b4c5,MATR_b2c44",False,False,0.95
360,MATR_b2c28,508.0,499.2757053479874,23.61173878305679,452.9975477208285,545.5538629751463,148.0,139.2757053479874,92.99754772082849,185.55386297514633,8.724294652012588,"MATR_b3c19,MATR_b2c37,MATR_b4c35,MATR_b3c7,MATR_b2c38,MATR_b3c4,MATR_b3c28,MATR_b3c31,MATR_b2c17,MATR_b2c36,MATR_b4c5,MATR_b2c44",False,False,0.95
360,MATR_b2c31,491.0,516.7543331052052,22.017857636929143,473.60012512009394,559.9085410903165,131.0,156.7543331052052,113.60012512009394,199.90854109031648,25.754333105205205,"MATR_b3c19,MATR_b2c37,MATR_b4c35,MATR_b3c7,MATR_b2c38,MATR_b3c4,MATR_b3c28,MATR_b3c31,MATR_b2c17,MATR_b2c36,MATR_b4c5,MATR_b2c44",False,False,0.95
360,MATR_b2c43,461.0,439.47561689331314,11.808346979660595,416.3316820962261,462.6195516904002,101.0,79.47561689331314,56.331682096226075,102.61955169040021,21.524383106686855,"MATR_b3c19,MATR_b2c37,MATR_b4c35,MATR_b3c7,MATR_b2c38,MATR_b3c4,MATR_b3c28,MATR_b3c31,MATR_b2c17,MATR_b2c36,MATR_b4c5,MATR_b2c44",False,False,0.95
360,MATR_b3c21,770.0,553.9447466066465,16.3783102999432,521.8438482911364,586.0456449221566,410.0,193.9447466066465,161.8438482911364,226.0456449221566,216.0552533933535,"MATR_b3c19,MATR_b2c37,MATR_b4c35,MATR_b3c7,MATR_b2c38,MATR_b3c4,MATR_b3c28,MATR_b3c31,MATR_b2c17,MATR_b2c36,MATR_b4c5,MATR_b2c44",False,False,0.95
360,MATR_b3c27,847.0,811.7975990375104,34.038992320606035,745.0824000190871,878.5127980559337,487.0,451.7975990375104,385.0824000190871,518.5127980559337,35.202400962489605,"MATR_b3c19,MATR_b2c37,MATR_b4c35,MATR_b3c7,MATR_b2c38,MATR_b3c4,MATR_b3c28,MATR_b3c31,MATR_b2c17,MATR_b2c36,MATR_b4c5,MATR_b2c44",False,False,0.95
360,MATR_b3c34,1156.0,1038.7591544899622,76.10116680051745,889.6036083794727,1187.9147006004516,796.0,678.7591544899622,529.6036083794727,827.9147006004516,117.24084551003784,"MATR_b3c19,MATR_b2c37,MATR_b4c35,MATR_b3c7,MATR_b2c38,MATR_b3c4,MATR_b3c28,MATR_b3c31,MATR_b2c17,MATR_b2c36,MATR_b4c5,MATR_b2c44",False,False,0.95
360,MATR_b3c35,1091.0,1038.806796051069,68.81179045295481,903.9381650515606,1173.6754270505776,731.0,678.8067960510691,543.9381650515606,813.6754270505776,52.193203948930886,"MATR_b3c19,MATR_b2c37,MATR_b4c35,MATR_b3c7,MATR_b2c38,MATR_b3c4,MATR_b3c28,MATR_b3c31,MATR_b2c17,MATR_b2c36,MATR_b4c5,MATR_b2c44",False,False,0.95
360,MATR_b3c39,1154.0,804.7794382106562,32.596775975475616,740.8909312866035,868.6679451347088,794.0,444.77943821065617,380.8909312866035,508.6679451347088,349.22056178934383,"MATR_b3c19,MATR_b2c37,MATR_b4c35,MATR_b3c7,MATR_b2c38,MATR_b3c4,MATR_b3c28,MATR_b3c31,MATR_b2c17,MATR_b2c36,MATR_b4c5,MATR_b2c44",False,False,0.95
360,MATR_b4c2,742.0,692.3171785255138,25.948406997906403,641.4592353534301,743.1751216975974,382.0,332.3171785255138,281.45923535343013,383.17512169759743,49.68282147448622,"MATR_b3c19,MATR_b2c37,MATR_b4c35,MATR_b3c7,MATR_b2c38,MATR_b3c4,MATR_b3c28,MATR_b3c31,MATR_b2c17,MATR_b2c36,MATR_b4c5,MATR_b2c44",False,False,0.95
360,MATR_b4c20,747.0,731.7583744600731,27.842726438503988,677.1876334092042,786.3291155109421,387.0,371.7583744600731,317.1876334092042,426.3291155109421,15.241625539926872,"MATR_b3c19,MATR_b2c37,MATR_b4c35,MATR_b3c7,MATR_b2c38,MATR_b3c4,MATR_b3c28,MATR_b3c31,MATR_b2c17,MATR_b2c36,MATR_b4c5,MATR_b2c44",False,False,0.95
360,MATR_b4c22,671.0,552.3216237738707,16.28810883392215,520.3975170831146,584.2457304646267,311.0,192.32162377387067,160.39751708311462,224.24573046462672,118.67837622612933,"MATR_b3c19,MATR_b2c37,MATR_b4c35,MATR_b3c7,MATR_b2c38,MATR_b3c4,MATR_b3c28,MATR_b3c31,MATR_b2c17,MATR_b2c36,MATR_b4c5,MATR_b2c44",False,False,0.95
360,MATR_b4c23,1038.0,790.5751133861206,29.442002485507285,732.8698488817876,848.2803778904537,678.0,430.5751133861206,372.86984888178756,488.2803778904537,247.42488661387938,"MATR_b3c19,MATR_b2c37,MATR_b4c35,MATR_b3c7,MATR_b2c38,MATR_b3c4,MATR_b3c28,MATR_b3c31,MATR_b2c17,MATR_b2c36,MATR_b4c5,MATR_b2c44",False,False,0.95
360,MATR_b4c24,988.0,919.5944657052858,35.39813853998333,850.2153890471592,988.9735423634123,628.0,559.5944657052858,490.2153890471592,628.9735423634123,68.40553429471424,"MATR_b3c19,MATR_b2c37,MATR_b4c35,MATR_b3c7,MATR_b2c38,MATR_b3c4,MATR_b3c28,MATR_b3c31,MATR_b2c17,MATR_b2c36,MATR_b4c5,MATR_b2c44",False,False,0.95
360,MATR_b4c26,476.0,473.8701572955549,13.463698553096851,447.48179303278107,500.25852155832877,116.0,113.87015729555492,87.48179303278107,140.25852155832877,2.129842704445082,"MATR_b3c19,MATR_b2c37,MATR_b4c35,MATR_b3c7,MATR_b2c38,MATR_b3c4,MATR_b3c28,MATR_b3c31,MATR_b2c17,MATR_b2c36,MATR_b4c5,MATR_b2c44",False,False,0.95
360,MATR_b4c38,1055.0,1007.657801537578,72.11237756965778,866.3201386614949,1148.9954644136612,695.0,647.657801537578,506.32013866149487,788.9954644136612,47.34219846242195,"MATR_b3c19,MATR_b2c37,MATR_b4c35,MATR_b3c7,MATR_b2c38,MATR_b3c4,MATR_b3c28,MATR_b3c31,MATR_b2c17,MATR_b2c36,MATR_b4c5,MATR_b2c44",False,False,0.95
360,MATR_b4c39,738.0,602.1698931960781,20.759216860552097,561.4825758021393,642.8572105900168,378.0,242.16989319607808,201.4825758021393,282.85721059001685,135.83010680392192,"MATR_b3c19,MATR_b2c37,MATR_b4c35,MATR_b3c7,MATR_b2c38,MATR_b3c4,MATR_b3c28,MATR_b3c31,MATR_b2c17,MATR_b2c36,MATR_b4c5,MATR_b2c44",False,False,0.95
380,MATR_b1c17,858.0,710.2782645610398,39.43398539657913,632.9890734168663,787.5674557052133,478.0,330.2782645610398,252.9890734168663,407.5674557052133,147.7217354389602,"MATR_b2c45,MATR_b4c27,MATR_b2c30,MATR_b2c46,MATR_b4c14,MATR_b3c19,MATR_b2c6,MATR_b4c15,MATR_b1c0,MATR_b2c24,MATR_b4c40,MATR_b4c4",False,False,0.95
380,MATR_b1c25,852.0,668.3143377983021,35.69082491509689,598.3616063861873,738.2670692104168,472.0,288.31433779830206,218.3616063861873,358.2670692104168,183.68566220169794,"MATR_b2c45,MATR_b4c27,MATR_b2c30,MATR_b2c46,MATR_b4c14,MATR_b3c19,MATR_b2c6,MATR_b4c15,MATR_b1c0,MATR_b2c24,MATR_b4c40,MATR_b4c4",False,False,0.95
380,MATR_b1c26,868.0,854.2238985930877,40.67122151365375,774.5097692190758,933.9380279670996,488.0,474.2238985930877,394.5097692190758,553.9380279670996,13.77610140691229,"MATR_b2c45,MATR_b4c27,MATR_b2c30,MATR_b2c46,MATR_b4c14,MATR_b3c19,MATR_b2c6,MATR_b4c15,MATR_b1c0,MATR_b2c24,MATR_b4c40,MATR_b4c4",False,False,0.95
380,MATR_b1c27,841.0,705.1441345645242,38.55646292439304,629.5748558614599,780.7134132675884,461.0,325.14413456452417,249.57485586145992,400.7134132675884,135.85586543547583,"MATR_b2c45,MATR_b4c27,MATR_b2c30,MATR_b2c46,MATR_b4c14,MATR_b3c19,MATR_b2c6,MATR_b4c15,MATR_b1c0,MATR_b2c24,MATR_b4c40,MATR_b4c4",False,False,0.95
380,MATR_b1c3,1431.0,1942.9123704291878,100.1216532508387,1746.6775359849364,2139.1472048734395,1051.0,1562.9123704291878,1366.6775359849364,1759.1472048734395,511.91237042918783,"MATR_b2c45,MATR_b4c27,MATR_b2c30,MATR_b2c46,MATR_b4c14,MATR_b3c19,MATR_b2c6,MATR_b4c15,MATR_b1c0,MATR_b2c24,MATR_b4c40,MATR_b4c4",False,False,0.95
380,MATR_b1c32,729.0,606.1717937855076,33.57681811307477,540.362439568429,671.9811480025862,349.0,226.1717937855076,160.36243956842895,291.9811480025862,122.82820621449241,"MATR_b2c45,MATR_b4c27,MATR_b2c30,MATR_b2c46,MATR_b4c14,MATR_b3c19,MATR_b2c6,MATR_b4c15,MATR_b1c0,MATR_b2c24,MATR_b4c40,MATR_b4c4",False,False,0.95
380,MATR_b1c33,754.0,763.444417525687,38.289500439037575,688.3983756791428,838.4904593722312,374.0,383.44441752568696,308.39837567914276,458.49045937223116,9.444417525686958,"MATR_b2c45,MATR_b4c27,MATR_b2c30,MATR_b2c46,MATR_b4c14,MATR_b3c19,MATR_b2c6,MATR_b4c15,MATR_b1c0,MATR_b2c24,MATR_b4c40,MATR_b4c4",False,False,0.95
380,MATR_b1c4,1705.0,2033.9152794723473,96.88144079608244,1844.0311447416761,2223.7994142030184,1325.0,1653.9152794723473,1464.0311447416761,1843.7994142030184,328.91527947234727,"MATR_b2c45,MATR_b4c27,MATR_b2c30,MATR_b2c46,MATR_b4c14,MATR_b3c19,MATR_b2c6,MATR_b4c15,MATR_b1c0,MATR_b2c24,MATR_b4c40,MATR_b4c4",False,False,0.95
380,MATR_b1c40,964.0,917.7452204014521,44.99182788180655,829.5628581544863,1005.9275826484179,584.0,537.7452204014521,449.5628581544863,625.9275826484179,46.254779598547884,"MATR_b2c45,MATR_b4c27,MATR_b2c30,MATR_b2c46,MATR_b4c14,MATR_b3c19,MATR_b2c6,MATR_b4c15,MATR_b1c0,MATR_b2c24,MATR_b4c40,MATR_b4c4",False,False,0.95
380,MATR_b1c43,649.0,579.9999333976513,22.85360627104654,535.2076881895414,624.7921786057611,269.0,199.99993339765126,155.2076881895414,244.79217860576114,69.00006660234874,"MATR_b2c45,MATR_b4c27,MATR_b2c30,MATR_b2c46,MATR_b4c14,MATR_b3c19,MATR_b2c6,MATR_b4c15,MATR_b1c0,MATR_b2c24,MATR_b4c40,MATR_b4c4",False,False,0.95
380,MATR_b1c44,614.0,580.191728979702,28.048415899803746,525.2178439926861,635.165613966718,234.0,200.19172897970202,145.21784399268608,255.16561396671796,33.80827102029798,"MATR_b2c45,MATR_b4c27,MATR_b2c30,MATR_b2c46,MATR_b4c14,MATR_b3c19,MATR_b2c6,MATR_b4c15,MATR_b1c0,MATR_b2c24,MATR_b4c40,MATR_b4c4",False,False,0.95
380,MATR_b1c45,597.0,555.7565822209726,25.205837427379244,506.3540486631376,605.1591157788076,217.0,175.75658222097263,126.35404866313758,225.15911577880763,41.24341777902737,"MATR_b2c45,MATR_b4c27,MATR_b2c30,MATR_b2c46,MATR_b4c14,MATR_b3c19,MATR_b2c6,MATR_b4c15,MATR_b1c0,MATR_b2c24,MATR_b4c40,MATR_b4c4",False,False,0.95
380,MATR_b2c11,476.0,447.06308870152986,14.981640913739291,417.6996120812891,476.4265653217706,96.0,67.06308870152986,37.699612081289104,96.42656532177062,28.936911298470136,"MATR_b2c45,MATR_b4c27,MATR_b2c30,MATR_b2c46,MATR_b4c14,MATR_b3c19,MATR_b2c6,MATR_b4c15,MATR_b1c0,MATR_b2c24,MATR_b4c40,MATR_b4c4",False,False,0.95
380,MATR_b2c14,484.0,472.2494363993654,15.9188938276755,441.0489778234044,503.44989497532634,104.0,92.24943639936538,61.048977823404414,123.44989497532634,11.75056360063462,"MATR_b2c45,MATR_b4c27,MATR_b2c30,MATR_b2c46,MATR_b4c14,MATR_b3c19,MATR_b2c6,MATR_b4c15,MATR_b1c0,MATR_b2c24,MATR_b4c40,MATR_b4c4",False,False,0.95
380,MATR_b2c18,486.0,426.5044784640292,11.467236522760897,404.02910787721555,448.97984905084286,106.0,46.504478464029205,24.02910787721555,68.97984905084286,59.495521535970795,"MATR_b2c45,MATR_b4c27,MATR_b2c30,MATR_b2c46,MATR_b4c14,MATR_b3c19,MATR_b2c6,MATR_b4c15,MATR_b1c0,MATR_b2c24,MATR_b4c40,MATR_b4c4",False,False,0.95
380,MATR_b2c26,470.0,442.5038348032309,11.801483965969966,419.37335126580285,465.634318340659,90.0,62.503834803230916,39.37335126580285,85.63431834065898,27.496165196769084,"MATR_b2c45,MATR_b4c27,MATR_b2c30,MATR_b2c46,MATR_b4c14,MATR_b3c19,MATR_b2c6,MATR_b4c15,MATR_b1c0,MATR_b2c24,MATR_b4c40,MATR_b4c4",False,False,0.95
380,MATR_b2c28,508.0,497.040466943466,24.204374081701964,449.60076547499546,544.4801684119366,128.0,117.04046694346601,69.60076547499546,164.48016841193657,10.959533056533985,"MATR_b2c45,MATR_b4c27,MATR_b2c30,MATR_b2c46,MATR_b4c14,MATR_b3c19,MATR_b2c6,MATR_b4c15,MATR_b1c0,MATR_b2c24,MATR_b4c40,MATR_b4c4",False,False,0.95
380,MATR_b2c31,491.0,514.8906005303083,22.73711234661683,470.3266792184984,559.4545218421183,111.0,134.89060053030835,90.32667921849838,179.4545218421183,23.890600530308348,"MATR_b2c45,MATR_b4c27,MATR_b2c30,MATR_b2c46,MATR_b4c14,MATR_b3c19,MATR_b2c6,MATR_b4c15,MATR_b1c0,MATR_b2c24,MATR_b4c40,MATR_b4c4",False,False,0.95
380,MATR_b2c43,461.0,436.3067627593416,11.95858503978207,412.86836677530925,459.74515874337396,81.0,56.30676275934161,32.868366775309255,79.74515874337396,24.69323724065839,"MATR_b2c45,MATR_b4c27,MATR_b2c30,MATR_b2c46,MATR_b4c14,MATR_b3c19,MATR_b2c6,MATR_b4c15,MATR_b1c0,MATR_b2c24,MATR_b4c40,MATR_b4c4",False,False,0.95
380,MATR_b3c21,770.0,538.7551644160578,16.216659494871152,506.97109585656085,570.5392329755548,390.0,158.75516441605782,126.97109585656085,190.5392329755548,231.24483558394218,"MATR_b2c45,MATR_b4c27,MATR_b2c30,MATR_b2c46,MATR_b4c14,MATR_b3c19,MATR_b2c6,MATR_b4c15,MATR_b1c0,MATR_b2c24,MATR_b4c40,MATR_b4c4",False,False,0.95
380,MATR_b3c27,847.0,816.4863447414899,35.65377693454372,746.6062260369594,886.3664634460205,467.0,436.4863447414899,366.60622603695936,506.3664634460205,30.513655258510084,"MATR_b2c45,MATR_b4c27,MATR_b2c30,MATR_b2c46,MATR_b4c14,MATR_b3c19,MATR_b2c6,MATR_b4c15,MATR_b1c0,MATR_b2c24,MATR_b4c40,MATR_b4c4",False,False,0.95
380,MATR_b3c34,1156.0,1065.2085804001708,83.63751234828858,901.2820684410012,1229.1350923593404,776.0,685.2085804001708,521.2820684410012,849.1350923593404,90.79141959982917,"MATR_b2c45,MATR_b4c27,MATR_b2c30,MATR_b2c46,MATR_b4c14,MATR_b3c19,MATR_b2c6,MATR_b4c15,MATR_b1c0,MATR_b2c24,MATR_b4c40,MATR_b4c4",False,False,0.95
380,MATR_b3c35,1091.0,1068.1888541427977,77.34720923037112,916.5911097465863,1219.786598539009,711.0,688.1888541427977,536.5911097465863,839.786598539009,22.81114585720229,"MATR_b2c45,MATR_b4c27,MATR_b2c30,MATR_b2c46,MATR_b4c14,MATR_b3c19,MATR_b2c6,MATR_b4c15,MATR_b1c0,MATR_b2c24,MATR_b4c40,MATR_b4c4",False,False,0.95
380,MATR_b3c39,1154.0,811.9673185527878,34.14606762755608,745.0422557891088,878.8923813164668,774.0,431.9673185527878,365.0422557891088,498.89238131646675,342.0326814472122,"MATR_b2c45,MATR_b4c27,MATR_b2c30,MATR_b2c46,MATR_b4c14,MATR_b3c19,MATR_b2c6,MATR_b4c15,MATR_b1c0,MATR_b2c24,MATR_b4c40,MATR_b4c4",False,False,0.95
380,MATR_b4c2,742.0,618.0227314035228,22.904983127238324,573.1297894076381,662.9156733994075,362.0,238.0227314035228,193.1297894076381,282.9156733994075,123.97726859647719,"MATR_b2c45,MATR_b4c27,MATR_b2c30,MATR_b2c46,MATR_b4c14,MATR_b3c19,MATR_b2c6,MATR_b4c15,MATR_b1c0,MATR_b2c24,MATR_b4c40,MATR_b4c4",False,False,0.95
380,MATR_b4c20,747.0,674.6304286369696,27.93473526724171,619.8793535955149,729.3815036784242,367.0,294.63042863696955,239.87935359551489,349.3815036784242,72.36957136303045,"MATR_b2c45,MATR_b4c27,MATR_b2c30,MATR_b2c46,MATR_b4c14,MATR_b3c19,MATR_b2c6,MATR_b4c15,MATR_b1c0,MATR_b2c24,MATR_b4c40,MATR_b4c4",False,False,0.95
380,MATR_b4c22,671.0,542.5739409818993,16.12657623439076,510.9664323685539,574.1814495952448,291.0,162.57394098189934,130.9664323685539,194.18144959524477,128.42605901810066,"MATR_b2c45,MATR_b4c27,MATR_b2c30,MATR_b2c46,MATR_b4c14,MATR_b3c19,MATR_b2c6,MATR_b4c15,MATR_b1c0,MATR_b2c24,MATR_b4c40,MATR_b4c4",False,False,0.95
380,MATR_b4c23,1038.0,723.6894869464168,28.232617957922614,668.3545725596097,779.0244013332239,658.0,343.68948694641676,288.35457255960966,399.02440133322386,314.31051305358324,"MATR_b2c45,MATR_b4c27,MATR_b2c30,MATR_b2c46,MATR_b4c14,MATR_b3c19,MATR_b2c6,MATR_b4c15,MATR_b1c0,MATR_b2c24,MATR_b4c40,MATR_b4c4",False,False,0.95
380,MATR_b4c24,988.0,886.3752193527029,35.49212376536086,816.8119350377575,955.9385036676482,608.0,506.37521935270286,436.8119350377575,575.9385036676482,101.62478064729714,"MATR_b2c45,MATR_b4c27,MATR_b2c30,MATR_b2c46,MATR_b4c14,MATR_b3c19,MATR_b2c6,MATR_b4c15,MATR_b1c0,MATR_b2c24,MATR_b4c40,MATR_b4c4",False,False,0.95
380,MATR_b4c26,476.0,469.9641166713778,13.547901087929487,443.410718472925,496.51751486983056,96.0,89.96411667137778,63.410718472925,116.51751486983056,6.035883328622219,"MATR_b2c45,MATR_b4c27,MATR_b2c30,MATR_b2c46,MATR_b4c14,MATR_b3c19,MATR_b2c6,MATR_b4c15,MATR_b1c0,MATR_b2c24,MATR_b4c40,MATR_b4c4",False,False,0.95
380,MATR_b4c38,1055.0,971.788131639465,63.11279400340552,848.0893284290946,1095.4869348498353,675.0,591.788131639465,468.0893284290946,715.4869348498353,83.21186836053505,"MATR_b2c45,MATR_b4c27,MATR_b2c30,MATR_b2c46,MATR_b4c14,MATR_b3c19,MATR_b2c6,MATR_b4c15,MATR_b1c0,MATR_b2c24,MATR_b4c40,MATR_b4c4",False,False,0.95
380,MATR_b4c39,738.0,584.3061707002817,20.506573794391993,544.1140246169605,624.4983167836028,358.0,204.30617070028165,164.11402461696048,244.49831678360283,153.69382929971835,"MATR_b2c45,MATR_b4c27,MATR_b2c30,MATR_b2c46,MATR_b4c14,MATR_b3c19,MATR_b2c6,MATR_b4c15,MATR_b1c0,MATR_b2c24,MATR_b4c40,MATR_b4c4",False,False,0.95
400,MATR_b1c17,858.0,718.1279611765424,39.658185845546,640.3993452270761,795.8565771260087,458.0,318.1279611765424,240.39934522707608,395.8565771260087,139.87203882345761,"MATR_b2c4,MATR_b1c20,MATR_b1c29,MATR_b3c28,MATR_b1c31,MATR_b3c12,MATR_b2c33,MATR_b3c41,MATR_b2c40,MATR_b2c27,MATR_b2c35,MATR_b3c15",False,False,0.95
400,MATR_b1c25,852.0,673.7141843937745,35.78281719505892,603.5811514260785,743.8472173614706,452.0,273.71418439377453,203.58115142607846,343.8472173614706,178.28581560622547,"MATR_b2c4,MATR_b1c20,MATR_b1c29,MATR_b3c28,MATR_b1c31,MATR_b3c12,MATR_b2c33,MATR_b3c41,MATR_b2c40,MATR_b2c27,MATR_b2c35,MATR_b3c15",False,False,0.95
400,MATR_b1c26,868.0,857.8212147143948,41.70948697235963,776.0721224349275,939.5703069938622,468.0,457.82121471439484,376.07212243492745,539.5703069938622,10.178785285605159,"MATR_b2c4,MATR_b1c20,MATR_b1c29,MATR_b3c28,MATR_b1c31,MATR_b3c12,MATR_b2c33,MATR_b3c41,MATR_b2c40,MATR_b2c27,MATR_b2c35,MATR_b3c15",False,False,0.95
400,MATR_b1c27,841.0,701.7456732601561,37.60539532892008,628.040452791082,775.4508937292302,441.0,301.7456732601561,228.04045279108198,375.4508937292302,139.25432673984392,"MATR_b2c4,MATR_b1c20,MATR_b1c29,MATR_b3c28,MATR_b1c31,MATR_b3c12,MATR_b2c33,MATR_b3c41,MATR_b2c40,MATR_b2c27,MATR_b2c35,MATR_b3c15",False,False,0.95
400,MATR_b1c3,1431.0,1987.761708624063,95.75194430109637,1800.091346344229,2175.432070903897,1031.0,1587.761708624063,1400.091346344229,1775.432070903897,556.761708624063,"MATR_b2c4,MATR_b1c20,MATR_b1c29,MATR_b3c28,MATR_b1c31,MATR_b3c12,MATR_b2c33,MATR_b3c41,MATR_b2c40,MATR_b2c27,MATR_b2c35,MATR_b3c15",False,False,0.95
400,MATR_b1c32,729.0,607.9114956507022,33.5480988949164,542.1584300668782,673.6645612345263,329.0,207.91149565070225,142.15843006687817,273.66456123452633,121.08850434929775,"MATR_b2c4,MATR_b1c20,MATR_b1c29,MATR_b3c28,MATR_b1c31,MATR_b3c12,MATR_b2c33,MATR_b3c41,MATR_b2c40,MATR_b2c27,MATR_b2c35,MATR_b3c15",False,False,0.95
400,MATR_b1c33,754.0,766.1474171226189,38.9493946903174,689.8080063099612,842.4868279352766,354.0,366.1474171226189,289.80800630996123,442.48682793527655,12.14741712261889,"MATR_b2c4,MATR_b1c20,MATR_b1c29,MATR_b3c28,MATR_b1c31,MATR_b3c12,MATR_b2c33,MATR_b3c41,MATR_b2c40,MATR_b2c27,MATR_b2c35,MATR_b3c15",False,False,0.95
400,MATR_b1c4,1705.0,2043.4886800151721,93.69827906346958,1859.8434276373885,2227.133932392956,1305.0,1643.4886800151721,1459.8434276373885,1827.133932392956,338.4886800151721,"MATR_b2c4,MATR_b1c20,MATR_b1c29,MATR_b3c28,MATR_b1c31,MATR_b3c12,MATR_b2c33,MATR_b3c41,MATR_b2c40,MATR_b2c27,MATR_b2c35,MATR_b3c15",False,False,0.95
400,MATR_b1c40,964.0,926.0548996937622,47.396781073383735,833.1589158068005,1018.9508835807239,564.0,526.0548996937622,433.15891580680045,618.9508835807239,37.945100306237805,"MATR_b2c4,MATR_b1c20,MATR_b1c29,MATR_b3c28,MATR_b1c31,MATR_b3c12,MATR_b2c33,MATR_b3c41,MATR_b2c40,MATR_b2c27,MATR_b2c35,MATR_b3c15",False,False,0.95
400,MATR_b1c43,649.0,584.4334922522356,23.47645490588401,538.4204861520243,630.446498352447,249.0,184.43349225223562,138.4204861520243,230.44649835244695,64.56650774776438,"MATR_b2c4,MATR_b1c20,MATR_b1c29,MATR_b3c28,MATR_b1c31,MATR_b3c12,MATR_b2c33,MATR_b3c41,MATR_b2c40,MATR_b2c27,MATR_b2c35,MATR_b3c15",False,False,0.95
400,MATR_b1c44,614.0,580.0823368441551,28.31920824467655,524.5777086138993,635.5869650744108,214.0,180.08233684415507,124.57770861389929,235.58696507441084,33.917663155844934,"MATR_b2c4,MATR_b1c20,MATR_b1c29,MATR_b3c28,MATR_b1c31,MATR_b3c12,MATR_b2c33,MATR_b3c41,MATR_b2c40,MATR_b2c27,MATR_b2c35,MATR_b3c15",False,False,0.95
400,MATR_b1c45,597.0,555.4758960723466,25.399313892218174,505.6941556115711,605.2576365331221,197.0,155.4758960723466,105.69415561157109,205.25763653312208,41.524103927653414,"MATR_b2c4,MATR_b1c20,MATR_b1c29,MATR_b3c28,MATR_b1c31,MATR_b3c12,MATR_b2c33,MATR_b3c41,MATR_b2c40,MATR_b2c27,MATR_b2c35,MATR_b3c15",False,False,0.95
400,MATR_b2c11,476.0,441.3189235507842,13.6606077068365,414.5446244384543,468.09322266311403,76.0,41.31892355078418,14.54462443845432,68.09322266311403,34.68107644921582,"MATR_b2c4,MATR_b1c20,MATR_b1c29,MATR_b3c28,MATR_b1c31,MATR_b3c12,MATR_b2c33,MATR_b3c41,MATR_b2c40,MATR_b2c27,MATR_b2c35,MATR_b3c15",False,False,0.95
400,MATR_b2c14,484.0,468.6017079790783,15.349062741934153,438.5180978084418,498.6853181497148,84.0,68.6017079790783,38.51809780844178,98.68531814971482,15.398292020921701,"MATR_b2c4,MATR_b1c20,MATR_b1c29,MATR_b3c28,MATR_b1c31,MATR_b3c12,MATR_b2c33,MATR_b3c41,MATR_b2c40,MATR_b2c27,MATR_b2c35,MATR_b3c15",False,False,0.95
400,MATR_b2c18,486.0,420.84090112268285,11.66697906331013,397.97404235021213,443.7077598951536,86.0,20.84090112268285,-2.0259576497878697,43.70775989515357,65.15909887731715,"MATR_b2c4,MATR_b1c20,MATR_b1c29,MATR_b3c28,MATR_b1c31,MATR_b3c12,MATR_b2c33,MATR_b3c41,MATR_b2c40,MATR_b2c27,MATR_b2c35,MATR_b3c15",False,False,0.95
400,MATR_b2c26,470.0,438.050644372454,11.378449977061527,415.7492922175228,460.35199652738515,70.0,38.050644372453974,15.749292217522793,60.351996527385154,31.949355627546026,"MATR_b2c4,MATR_b1c20,MATR_b1c29,MATR_b3c28,MATR_b1c31,MATR_b3c12,MATR_b2c33,MATR_b3c41,MATR_b2c40,MATR_b2c27,MATR_b2c35,MATR_b3c15",False,False,0.95
400,MATR_b2c28,508.0,492.57804702407446,23.18353448379995,447.1391544014842,538.0169396466647,108.0,92.57804702407446,47.13915440148418,138.0169396466647,15.421952975925535,"MATR_b2c4,MATR_b1c20,MATR_b1c29,MATR_b3c28,MATR_b1c31,MATR_b3c12,MATR_b2c33,MATR_b3c41,MATR_b2c40,MATR_b2c27,MATR_b2c35,MATR_b3c15",False,False,0.95
400,MATR_b2c31,491.0,510.35701141899716,21.966284559539865,467.30388480814077,553.4101380298536,91.0,110.35701141899716,67.30388480814077,153.41013802985356,19.35701141899716,"MATR_b2c4,MATR_b1c20,MATR_b1c29,MATR_b3c28,MATR_b1c31,MATR_b3c12,MATR_b2c33,MATR_b3c41,MATR_b2c40,MATR_b2c27,MATR_b2c35,MATR_b3c15",False,False,0.95
400,MATR_b2c43,461.0,431.533150205391,11.602505033213388,408.79265820984807,454.2736422009339,61.0,31.533150205390996,8.79265820984807,54.27364220093392,29.466849794609004,"MATR_b2c4,MATR_b1c20,MATR_b1c29,MATR_b3c28,MATR_b1c31,MATR_b3c12,MATR_b2c33,MATR_b3c41,MATR_b2c40,MATR_b2c27,MATR_b2c35,MATR_b3c15",False,False,0.95
400,MATR_b3c21,770.0,530.753727348012,15.49237159326223,500.38923699010667,561.1182177059175,370.0,130.75372734801203,100.38923699010667,161.11821770591746,239.24627265198797,"MATR_b2c4,MATR_b1c20,MATR_b1c29,MATR_b3c28,MATR_b1c31,MATR_b3c12,MATR_b2c33,MATR_b3c41,MATR_b2c40,MATR_b2c27,MATR_b2c35,MATR_b3c15",False,False,0.95
400,MATR_b3c27,847.0,809.6289387217095,36.049212293819224,738.9737809547853,880.2840964886336,447.0,409.62893872170946,338.9737809547853,480.2840964886336,37.37106127829054,"MATR_b2c4,MATR_b1c20,MATR_b1c29,MATR_b3c28,MATR_b1c31,MATR_b3c12,MATR_b2c33,MATR_b3c41,MATR_b2c40,MATR_b2c27,MATR_b2c35,MATR_b3c15",False,False,0.95
400,MATR_b3c34,1156.0,1069.8801390185386,87.82492944144909,897.7464403685269,1242.0138376685502,756.0,669.8801390185386,497.7464403685269,842.0138376685502,86.11986098146144,"MATR_b2c4,MATR_b1c20,MATR_b1c29,MATR_b3c28,MATR_b1c31,MATR_b3c12,MATR_b2c33,MATR_b3c41,MATR_b2c40,MATR_b2c27,MATR_b2c35,MATR_b3c15",False,False,0.95
400,MATR_b3c35,1091.0,1086.1763898501013,85.4625586138387,918.6728529403341,1253.6799267598685,691.0,686.1763898501013,518.6728529403341,853.6799267598685,4.823610149898741,"MATR_b2c4,MATR_b1c20,MATR_b1c29,MATR_b3c28,MATR_b1c31,MATR_b3c12,MATR_b2c33,MATR_b3c41,MATR_b2c40,MATR_b2c27,MATR_b2c35,MATR_b3c15",False,False,0.95
400,MATR_b3c39,1154.0,804.724396982704,34.35773828921316,737.3844673455934,872.0643266198146,754.0,404.724396982704,337.3844673455934,472.06432661981455,349.275603017296,"MATR_b2c4,MATR_b1c20,MATR_b1c29,MATR_b3c28,MATR_b1c31,MATR_b3c12,MATR_b2c33,MATR_b3c41,MATR_b2c40,MATR_b2c27,MATR_b2c35,MATR_b3c15",False,False,0.95
400,MATR_b4c2,742.0,603.9838754230225,21.84337680247403,561.1716435894357,646.7961072566093,342.0,203.98387542302248,161.1716435894357,246.79610725660928,138.01612457697752,"MATR_b2c4,MATR_b1c20,MATR_b1c29,MATR_b3c28,MATR_b1c31,MATR_b3c12,MATR_b2c33,MATR_b3c41,MATR_b2c40,MATR_b2c27,MATR_b2c35,MATR_b3c15",False,False,0.95
400,MATR_b4c20,747.0,633.2532032547359,25.67055541814548,582.9398391720313,683.5665673374406,347.0,233.25320325473592,182.93983917203127,283.5665673374406,113.74679674526408,"MATR_b2c4,MATR_b1c20,MATR_b1c29,MATR_b3c28,MATR_b1c31,MATR_b3c12,MATR_b2c33,MATR_b3c41,MATR_b2c40,MATR_b2c27,MATR_b2c35,MATR_b3c15",False,False,0.95
400,MATR_b4c22,671.0,539.0781776046828,15.857799293986183,507.99746211440515,570.1588930949604,271.0,139.07817760468276,107.99746211440515,170.15889309496038,131.92182239531724,"MATR_b2c4,MATR_b1c20,MATR_b1c29,MATR_b3c28,MATR_b1c31,MATR_b3c12,MATR_b2c33,MATR_b3c41,MATR_b2c40,MATR_b2c27,MATR_b2c35,MATR_b3c15",False,False,0.95
400,MATR_b4c23,1038.0,676.8846697642073,26.020377623391703,625.8856667582277,727.8836727701869,638.0,276.8846697642073,225.88566675822767,327.8836727701869,361.1153302357927,"MATR_b2c4,MATR_b1c20,MATR_b1c29,MATR_b3c28,MATR_b1c31,MATR_b3c12,MATR_b2c33,MATR_b3c41,MATR_b2c40,MATR_b2c27,MATR_b2c35,MATR_b3c15",False,False,0.95
400,MATR_b4c24,988.0,776.6375500975214,32.14408658052679,713.6362980837516,839.6388021112912,588.0,376.6375500975214,313.6362980837516,439.63880211129117,211.3624499024786,"MATR_b2c4,MATR_b1c20,MATR_b1c29,MATR_b3c28,MATR_b1c31,MATR_b3c12,MATR_b2c33,MATR_b3c41,MATR_b2c40,MATR_b2c27,MATR_b2c35,MATR_b3c15",False,False,0.95
400,MATR_b4c26,476.0,470.086842391911,13.3603384462897,443.90106021591737,496.2726245679046,76.0,70.08684239191098,43.90106021591737,96.27262456790459,5.913157608089023,"MATR_b2c4,MATR_b1c20,MATR_b1c29,MATR_b3c28,MATR_b1c31,MATR_b3c12,MATR_b2c33,MATR_b3c41,MATR_b2c40,MATR_b2c27,MATR_b2c35,MATR_b3c15",False,False,0.95
400,MATR_b4c38,1055.0,944.9111610169161,58.19904641689352,830.84312610523,1058.9791959286024,655.0,544.9111610169161,430.84312610523,658.9791959286024,110.08883898308386,"MATR_b2c4,MATR_b1c20,MATR_b1c29,MATR_b3c28,MATR_b1c31,MATR_b3c12,MATR_b2c33,MATR_b3c41,MATR_b2c40,MATR_b2c27,MATR_b2c35,MATR_b3c15",False,False,0.95
400,MATR_b4c39,738.0,572.1248344114612,19.281704340981065,534.3333883425887,609.9162804803336,338.0,172.12483441146117,134.3333883425887,209.91628048033363,165.87516558853883,"MATR_b2c4,MATR_b1c20,MATR_b1c29,MATR_b3c28,MATR_b1c31,MATR_b3c12,MATR_b2c33,MATR_b3c41,MATR_b2c40,MATR_b2c27,MATR_b2c35,MATR_b3c15",False,False,0.95
420,MATR_b1c17,858.0,696.8744843965027,34.864799868754055,628.540732325548,765.2082364674574,438.0,276.8744843965027,208.540732325548,345.20823646745737,161.12551560349732,"MATR_b1c9,MATR_b1c19,MATR_b4c4,MATR_b3c38,MATR_b3c33,MATR_b1c36,MATR_b4c11,MATR_b1c5,MATR_b1c29,MATR_b1c18,MATR_b3c12,MATR_b3c14",False,False,0.95
420,MATR_b1c25,852.0,645.9753440767337,30.882261346884402,585.4472240756868,706.5034640777806,432.0,225.97534407673368,165.4472240756868,286.50346407778056,206.02465592326632,"MATR_b1c9,MATR_b1c19,MATR_b4c4,MATR_b3c38,MATR_b3c33,MATR_b1c36,MATR_b4c11,MATR_b1c5,MATR_b1c29,MATR_b1c18,MATR_b3c12,MATR_b3c14",False,False,0.95
420,MATR_b1c26,868.0,847.0821373246994,39.460586371448905,769.7408092278274,924.4234654215713,448.0,427.0821373246994,349.7408092278274,504.42346542157134,20.917862675300626,"MATR_b1c9,MATR_b1c19,MATR_b4c4,MATR_b3c38,MATR_b3c33,MATR_b1c36,MATR_b4c11,MATR_b1c5,MATR_b1c29,MATR_b1c18,MATR_b3c12,MATR_b3c14",False,False,0.95
420,MATR_b1c27,841.0,668.1583159410761,32.47326064193079,604.5118946223098,731.8047372598425,421.0,248.15831594107613,184.5118946223098,311.80473725984245,172.84168405892387,"MATR_b1c9,MATR_b1c19,MATR_b4c4,MATR_b3c38,MATR_b3c33,MATR_b1c36,MATR_b4c11,MATR_b1c5,MATR_b1c29,MATR_b1c18,MATR_b3c12,MATR_b3c14",False,False,0.95
420,MATR_b1c3,1431.0,1971.8127740402847,96.30090028835744,1783.0664777963211,2160.5590702842483,1011.0,1551.8127740402847,1363.0664777963211,1740.5590702842483,540.8127740402847,"MATR_b1c9,MATR_b1c19,MATR_b4c4,MATR_b3c38,MATR_b3c33,MATR_b1c36,MATR_b4c11,MATR_b1c5,MATR_b1c29,MATR_b1c18,MATR_b3c12,MATR_b3c14",False,False,0.95
420,MATR_b1c32,729.0,580.6267253693251,28.68535699919852,524.4044587672221,636.8489919714281,309.0,160.62672536932507,104.40445876722208,216.84899197142806,148.37327463067493,"MATR_b1c9,MATR_b1c19,MATR_b4c4,MATR_b3c38,MATR_b3c33,MATR_b1c36,MATR_b4c11,MATR_b1c5,MATR_b1c29,MATR_b1c18,MATR_b3c12,MATR_b3c14",False,False,0.95
420,MATR_b1c33,754.0,741.9452570306934,35.05229040501404,673.244030261227,810.6464838001598,334.0,321.94525703069337,253.24403026122695,390.6464838001598,12.05474296930663,"MATR_b1c9,MATR_b1c19,MATR_b4c4,MATR_b3c38,MATR_b3c33,MATR_b1c36,MATR_b4c11,MATR_b1c5,MATR_b1c29,MATR_b1c18,MATR_b3c12,MATR_b3c14",False,False,0.95
420,MATR_b1c4,1705.0,2023.0609469522883,94.8906892754157,1837.0786135042924,2209.043280400284,1285.0,1603.0609469522883,1417.0786135042924,1789.043280400284,318.0609469522883,"MATR_b1c9,MATR_b1c19,MATR_b4c4,MATR_b3c38,MATR_b3c33,MATR_b1c36,MATR_b4c11,MATR_b1c5,MATR_b1c29,MATR_b1c18,MATR_b3c12,MATR_b3c14",False,False,0.95
420,MATR_b1c40,964.0,927.8625366472841,46.43555252963577,836.8505260869802,1018.874547207588,544.0,507.86253664728406,416.85052608698015,598.874547207588,36.13746335271594,"MATR_b1c9,MATR_b1c19,MATR_b4c4,MATR_b3c38,MATR_b3c33,MATR_b1c36,MATR_b4c11,MATR_b1c5,MATR_b1c29,MATR_b1c18,MATR_b3c12,MATR_b3c14",False,False,0.95
420,MATR_b1c43,649.0,560.4314316815922,20.46571013898637,520.3193768911427,600.5434864720418,229.0,140.43143168159224,100.31937689114272,180.54348647204176,88.56856831840776,"MATR_b1c9,MATR_b1c19,MATR_b4c4,MATR_b3c38,MATR_b3c33,MATR_b1c36,MATR_b4c11,MATR_b1c5,MATR_b1c29,MATR_b1c18,MATR_b3c12,MATR_b3c14",False,False,0.95
420,MATR_b1c44,614.0,547.6531668688899,24.335672068043735,499.9561260759468,595.350207661833,194.0,127.65316686888991,79.95612607594683,175.350207661833,66.34683313111009,"MATR_b1c9,MATR_b1c19,MATR_b4c4,MATR_b3c38,MATR_b3c33,MATR_b1c36,MATR_b4c11,MATR_b1c5,MATR_b1c29,MATR_b1c18,MATR_b3c12,MATR_b3c14",False,False,0.95
420,MATR_b1c45,597.0,524.0693458704258,21.665482192004696,481.60578106640264,566.5329106744489,177.0,104.06934587042576,61.60578106640264,146.53291067444889,72.93065412957424,"MATR_b1c9,MATR_b1c19,MATR_b4c4,MATR_b3c38,MATR_b3c33,MATR_b1c36,MATR_b4c11,MATR_b1c5,MATR_b1c29,MATR_b1c18,MATR_b3c12,MATR_b3c14",False,False,0.95
420,MATR_b2c11,476.0,421.1938912364187,11.890140485574612,397.8896441135709,444.49813835926653,56.0,1.1938912364187217,-22.11035588642909,24.498138359266534,54.80610876358128,"MATR_b1c9,MATR_b1c19,MATR_b4c4,MATR_b3c38,MATR_b3c33,MATR_b1c36,MATR_b4c11,MATR_b1c5,MATR_b1c29,MATR_b1c18,MATR_b3c12,MATR_b3c14",False,False,0.95
420,MATR_b2c14,484.0,443.33303248628505,12.79170596473063,418.2617494945868,468.4043154779833,64.0,23.33303248628505,-1.7382505054131911,48.40431547798329,40.66696751371495,"MATR_b1c9,MATR_b1c19,MATR_b4c4,MATR_b3c38,MATR_b3c33,MATR_b1c36,MATR_b4c11,MATR_b1c5,MATR_b1c29,MATR_b1c18,MATR_b3c12,MATR_b3c14",False,False,0.95
420,MATR_b2c18,486.0,400.99504192602285,11.757671082324913,377.95043006259795,424.03965378944775,66.0,-19.00495807397715,-42.049569937402055,4.039653789447755,85.00495807397715,"MATR_b1c9,MATR_b1c19,MATR_b4c4,MATR_b3c38,MATR_b3c33,MATR_b1c36,MATR_b4c11,MATR_b1c5,MATR_b1c29,MATR_b1c18,MATR_b3c12,MATR_b3c14",False,False,0.95
420,MATR_b2c26,470.0,418.5479784143201,10.66405469715031,397.6468152787403,439.4491415498999,50.0,-1.4520215856799155,-22.35318472125971,19.449141549899878,51.452021585679915,"MATR_b1c9,MATR_b1c19,MATR_b4c4,MATR_b3c38,MATR_b3c33,MATR_b1c36,MATR_b4c11,MATR_b1c5,MATR_b1c29,MATR_b1c18,MATR_b3c12,MATR_b3c14",False,False,0.95
420,MATR_b2c28,508.0,461.7407368801916,18.491142138891174,425.498764254954,497.9827095054292,88.0,41.740736880191605,5.498764254953983,77.98270950542923,46.259263119808395,"MATR_b1c9,MATR_b1c19,MATR_b4c4,MATR_b3c38,MATR_b3c33,MATR_b1c36,MATR_b4c11,MATR_b1c5,MATR_b1c29,MATR_b1c18,MATR_b3c12,MATR_b3c14",False,False,0.95
420,MATR_b2c31,491.0,475.9539791307145,17.358008459419043,441.9329077069116,509.97505055451745,71.0,55.953979130714515,21.93290770691158,89.97505055451745,15.046020869285485,"MATR_b1c9,MATR_b1c19,MATR_b4c4,MATR_b3c38,MATR_b3c33,MATR_b1c36,MATR_b4c11,MATR_b1c5,MATR_b1c29,MATR_b1c18,MATR_b3c12,MATR_b3c14",False,False,0.95
420,MATR_b2c43,461.0,410.63282193451164,11.213224636439968,388.65530549653204,432.61033837249124,41.0,-9.36717806548836,-31.344694503467963,12.610338372491242,50.36717806548836,"MATR_b1c9,MATR_b1c19,MATR_b4c4,MATR_b3c38,MATR_b3c33,MATR_b1c36,MATR_b4c11,MATR_b1c5,MATR_b1c29,MATR_b1c18,MATR_b3c12,MATR_b3c14",False,False,0.95
420,MATR_b3c21,770.0,497.79454264132085,12.900786037650242,472.5094666352692,523.0796186473725,350.0,77.79454264132085,52.50946663526918,103.07961864737251,272.20545735867915,"MATR_b1c9,MATR_b1c19,MATR_b4c4,MATR_b3c38,MATR_b3c33,MATR_b1c36,MATR_b4c11,MATR_b1c5,MATR_b1c29,MATR_b1c18,MATR_b3c12,MATR_b3c14",False,False,0.95
420,MATR_b3c27,847.0,768.3416275660331,31.344345718204764,706.9078388393796,829.7754162926867,427.0,348.34162756603314,286.90783883937956,409.7754162926867,78.65837243396686,"MATR_b1c9,MATR_b1c19,MATR_b4c4,MATR_b3c38,MATR_b3c33,MATR_b1c36,MATR_b4c11,MATR_b1c5,MATR_b1c29,MATR_b1c18,MATR_b3c12,MATR_b3c14",False,False,0.95
420,MATR_b3c34,1156.0,1051.6890439137778,75.33471261844485,904.0357203959508,1199.3423674316048,736.0,631.6890439137778,484.03572039595076,779.3423674316048,104.31095608622218,"MATR_b1c9,MATR_b1c19,MATR_b4c4,MATR_b3c38,MATR_b3c33,MATR_b1c36,MATR_b4c11,MATR_b1c5,MATR_b1c29,MATR_b1c18,MATR_b3c12,MATR_b3c14",False,False,0.95
420,MATR_b3c35,1091.0,1079.530552835213,76.84666550434213,928.9138561147059,1230.14724955572,671.0,659.530552835213,508.91385611470594,810.14724955572,11.46944716478697,"MATR_b1c9,MATR_b1c19,MATR_b4c4,MATR_b3c38,MATR_b3c33,MATR_b1c36,MATR_b4c11,MATR_b1c5,MATR_b1c29,MATR_b1c18,MATR_b3c12,MATR_b3c14",False,False,0.95
420,MATR_b3c39,1154.0,785.5073439801306,30.20886093052894,726.2990645423148,844.7156234179464,734.0,365.5073439801306,306.2990645423148,424.7156234179464,368.4926560198694,"MATR_b1c9,MATR_b1c19,MATR_b4c4,MATR_b3c38,MATR_b3c33,MATR_b1c36,MATR_b4c11,MATR_b1c5,MATR_b1c29,MATR_b1c18,MATR_b3c12,MATR_b3c14",False,False,0.95
420,MATR_b4c2,742.0,581.342332256028,18.891115408872555,544.3164264268482,618.3682380852078,322.0,161.34233225602804,124.31642642684824,198.36823808520785,160.65766774397196,"MATR_b1c9,MATR_b1c19,MATR_b4c4,MATR_b3c38,MATR_b3c33,MATR_b1c36,MATR_b4c11,MATR_b1c5,MATR_b1c29,MATR_b1c18,MATR_b3c12,MATR_b3c14",False,False,0.95
420,MATR_b4c20,747.0,535.0970149953064,17.537208059057246,500.7247188101686,569.4693111804442,327.0,115.09701499530638,80.72471881016861,149.46931118044415,211.90298500469362,"MATR_b1c9,MATR_b1c19,MATR_b4c4,MATR_b3c38,MATR_b3c33,MATR_b1c36,MATR_b4c11,MATR_b1c5,MATR_b1c29,MATR_b1c18,MATR_b3c12,MATR_b3c14",False,False,0.95
420,MATR_b4c22,671.0,512.1015738960238,13.364829074779315,485.9069902499225,538.296157542125,251.0,92.10157389602375,65.9069902499225,118.296157542125,158.89842610397625,"MATR_b1c9,MATR_b1c19,MATR_b4c4,MATR_b3c38,MATR_b3c33,MATR_b1c36,MATR_b4c11,MATR_b1c5,MATR_b1c29,MATR_b1c18,MATR_b3c12,MATR_b3c14",False,False,0.95
420,MATR_b4c23,1038.0,624.7710100681674,21.550397277619634,582.5330075515028,667.0090125848319,618.0,204.77101006816736,162.5330075515028,247.0090125848319,413.22898993183264,"MATR_b1c9,MATR_b1c19,MATR_b4c4,MATR_b3c38,MATR_b3c33,MATR_b1c36,MATR_b4c11,MATR_b1c5,MATR_b1c29,MATR_b1c18,MATR_b3c12,MATR_b3c14",False,False,0.95
420,MATR_b4c24,988.0,728.3513408898964,27.10427514901337,675.2279377707662,781.4747440090266,568.0,308.3513408898964,255.22793777076618,361.4747440090266,259.6486591101036,"MATR_b1c9,MATR_b1c19,MATR_b4c4,MATR_b3c38,MATR_b3c33,MATR_b1c36,MATR_b4c11,MATR_b1c5,MATR_b1c29,MATR_b1c18,MATR_b3c12,MATR_b3c14",False,False,0.95
420,MATR_b4c26,476.0,452.73952680569994,11.755629672637742,429.6989160317396,475.7801375796603,56.0,32.73952680569994,9.6989160317396,55.78013757966028,23.26047319430006,"MATR_b1c9,MATR_b1c19,MATR_b4c4,MATR_b3c38,MATR_b3c33,MATR_b1c36,MATR_b4c11,MATR_b1c5,MATR_b1c29,MATR_b1c18,MATR_b3c12,MATR_b3c14",False,False,0.95
420,MATR_b4c38,1055.0,868.047072015881,40.015138209004746,789.6188422898391,946.4753017419229,635.0,448.047072015881,369.6188422898391,526.4753017419229,186.95292798411901,"MATR_b1c9,MATR_b1c19,MATR_b4c4,MATR_b3c38,MATR_b3c33,MATR_b1c36,MATR_b4c11,MATR_b1c5,MATR_b1c29,MATR_b1c18,MATR_b3c12,MATR_b3c14",False,False,0.95
420,MATR_b4c39,738.0,535.9965307903874,15.988014517575525,504.66059815163584,567.3324634291389,318.0,115.9965307903874,84.66059815163584,147.3324634291389,202.0034692096126,"MATR_b1c9,MATR_b1c19,MATR_b4c4,MATR_b3c38,MATR_b3c33,MATR_b1c36,MATR_b4c11,MATR_b1c5,MATR_b1c29,MATR_b1c18,MATR_b3c12,MATR_b3c14",False,False,0.95
440,MATR_b1c17,858.0,712.481644208243,35.43676811067051,643.0268549828313,781.9364334336547,418.0,272.481644208243,203.0268549828313,341.93643343365466,145.51835579175702,"MATR_b3c18,MATR_b1c6,MATR_b4c15,MATR_b1c36,MATR_b1c9,MATR_b2c44,MATR_b4c33,MATR_b3c38,MATR_b3c15,MATR_b1c7,MATR_b1c42,MATR_b2c6",False,False,0.95
440,MATR_b1c25,852.0,645.4222177979982,30.63811253087601,585.3726206831959,705.4718149128005,412.0,205.4222177979982,145.37262068319592,265.4718149128005,206.5777822020018,"MATR_b3c18,MATR_b1c6,MATR_b4c15,MATR_b1c36,MATR_b1c9,MATR_b2c44,MATR_b4c33,MATR_b3c38,MATR_b3c15,MATR_b1c7,MATR_b1c42,MATR_b2c6",False,False,0.95
440,MATR_b1c26,868.0,830.6207722657233,39.864156636032526,752.4884609850362,908.7530835464104,428.0,390.6207722657233,312.4884609850362,468.7530835464104,37.3792277342767,"MATR_b3c18,MATR_b1c6,MATR_b4c15,MATR_b1c36,MATR_b1c9,MATR_b2c44,MATR_b4c33,MATR_b3c38,MATR_b3c15,MATR_b1c7,MATR_b1c42,MATR_b2c6",False,False,0.95
440,MATR_b1c27,841.0,616.8495650535958,28.647124599127952,560.7022325786736,672.996897528518,401.0,176.84956505359582,120.7022325786736,232.99689752851805,224.15043494640418,"MATR_b3c18,MATR_b1c6,MATR_b4c15,MATR_b1c36,MATR_b1c9,MATR_b2c44,MATR_b4c33,MATR_b3c38,MATR_b3c15,MATR_b1c7,MATR_b1c42,MATR_b2c6",False,False,0.95
440,MATR_b1c3,1431.0,2028.6251181621628,91.04658835454359,1850.1770840720135,2207.073152252312,991.0,1588.6251181621628,1410.1770840720135,1767.073152252312,597.6251181621628,"MATR_b3c18,MATR_b1c6,MATR_b4c15,MATR_b1c36,MATR_b1c9,MATR_b2c44,MATR_b4c33,MATR_b3c38,MATR_b3c15,MATR_b1c7,MATR_b1c42,MATR_b2c6",False,False,0.95
440,MATR_b1c32,729.0,589.9947887033611,29.12704382242286,532.9068318352925,647.0827455714298,289.0,149.9947887033611,92.90683183529245,207.08274557142977,139.0052112966389,"MATR_b3c18,MATR_b1c6,MATR_b4c15,MATR_b1c36,MATR_b1c9,MATR_b2c44,MATR_b4c33,MATR_b3c38,MATR_b3c15,MATR_b1c7,MATR_b1c42,MATR_b2c6",False,False,0.95
440,MATR_b1c33,754.0,747.0394223249401,35.53459265200863,677.3929005217016,816.6859441281787,314.0,307.0394223249401,237.39290052170156,376.6859441281787,6.960577675059881,"MATR_b3c18,MATR_b1c6,MATR_b4c15,MATR_b1c36,MATR_b1c9,MATR_b2c44,MATR_b4c33,MATR_b3c38,MATR_b3c15,MATR_b1c7,MATR_b1c42,MATR_b2c6",False,False,0.95
440,MATR_b1c4,1705.0,2055.186678576462,90.23514041547476,1878.3290532222168,2232.044303930707,1265.0,1615.1866785764619,1438.3290532222168,1792.044303930707,350.1866785764619,"MATR_b3c18,MATR_b1c6,MATR_b4c15,MATR_b1c36,MATR_b1c9,MATR_b2c44,MATR_b4c33,MATR_b3c38,MATR_b3c15,MATR_b1c7,MATR_b1c42,MATR_b2c6",False,False,0.95
440,MATR_b1c40,964.0,855.3309549482352,45.97202605071938,765.2274395924882,945.4344703039823,524.0,415.3309549482352,325.22743959248817,505.43447030398227,108.66904505176478,"MATR_b3c18,MATR_b1c6,MATR_b4c15,MATR_b1c36,MATR_b1c9,MATR_b2c44,MATR_b4c33,MATR_b3c38,MATR_b3c15,MATR_b1c7,MATR_b1c42,MATR_b2c6",False,False,0.95
440,MATR_b1c43,649.0,566.7544257238342,21.118512057826692,525.362902683419,608.1459487642494,209.0,126.75442572383417,85.36290268341895,168.1459487642494,82.24557427616583,"MATR_b3c18,MATR_b1c6,MATR_b4c15,MATR_b1c36,MATR_b1c9,MATR_b2c44,MATR_b4c33,MATR_b3c38,MATR_b3c15,MATR_b1c7,MATR_b1c42,MATR_b2c6",False,False,0.95
440,MATR_b1c44,614.0,551.6576679802139,25.030413312709676,502.59895936915103,600.7163765912768,174.0,111.65766798021389,62.59895936915103,160.7163765912768,62.34233201978611,"MATR_b3c18,MATR_b1c6,MATR_b4c15,MATR_b1c36,MATR_b1c9,MATR_b2c44,MATR_b4c33,MATR_b3c38,MATR_b3c15,MATR_b1c7,MATR_b1c42,MATR_b2c6",False,False,0.95
440,MATR_b1c45,597.0,529.2536706677266,22.3311165043389,485.4854865846544,573.0218547507989,157.0,89.25367066772662,45.48548658465438,133.02185475079887,67.74632933227338,"MATR_b3c18,MATR_b1c6,MATR_b4c15,MATR_b1c36,MATR_b1c9,MATR_b2c44,MATR_b4c33,MATR_b3c38,MATR_b3c15,MATR_b1c7,MATR_b1c42,MATR_b2c6",False,False,0.95
440,MATR_b2c11,476.0,419.16037767936336,11.865889436853125,395.90366173859695,442.4170936201298,36.0,-20.839622320636636,-44.09633826140305,2.4170936201297764,56.839622320636636,"MATR_b3c18,MATR_b1c6,MATR_b4c15,MATR_b1c36,MATR_b1c9,MATR_b2c44,MATR_b4c33,MATR_b3c38,MATR_b3c15,MATR_b1c7,MATR_b1c42,MATR_b2c6",False,False,0.95
440,MATR_b2c14,484.0,437.93631597352913,12.041600790986497,414.3352121069866,461.53741984007166,44.0,-2.0636840264708667,-25.664787893013397,21.537419840071664,46.06368402647087,"MATR_b3c18,MATR_b1c6,MATR_b4c15,MATR_b1c36,MATR_b1c9,MATR_b2c44,MATR_b4c33,MATR_b3c38,MATR_b3c15,MATR_b1c7,MATR_b1c42,MATR_b2c6",False,False,0.95
440,MATR_b2c18,486.0,397.2849766318141,12.397170149619535,372.9869696283448,421.5829836352834,46.0,-42.71502336818588,-67.01303037165519,-18.417016364716574,88.71502336818588,"MATR_b3c18,MATR_b1c6,MATR_b4c15,MATR_b1c36,MATR_b1c9,MATR_b2c44,MATR_b4c33,MATR_b3c38,MATR_b3c15,MATR_b1c7,MATR_b1c42,MATR_b2c6",False,False,0.95
440,MATR_b2c26,470.0,413.7633585604234,11.263952544213538,391.68641725019654,435.84029987065026,30.0,-26.2366414395766,-48.31358274980346,-4.159700129349744,56.2366414395766,"MATR_b3c18,MATR_b1c6,MATR_b4c15,MATR_b1c36,MATR_b1c9,MATR_b2c44,MATR_b4c33,MATR_b3c38,MATR_b3c15,MATR_b1c7,MATR_b1c42,MATR_b2c6",False,False,0.95
440,MATR_b2c28,508.0,458.21425897529036,17.450074026816278,424.01274235517263,492.4157755954081,68.0,18.214258975290363,-15.987257644827366,52.41577559540809,49.78574102470964,"MATR_b3c18,MATR_b1c6,MATR_b4c15,MATR_b1c36,MATR_b1c9,MATR_b2c44,MATR_b4c33,MATR_b3c38,MATR_b3c15,MATR_b1c7,MATR_b1c42,MATR_b2c6",False,False,0.95
440,MATR_b2c31,491.0,464.8127948610288,15.674044052811006,434.092233025425,495.5333566966326,51.0,24.812794861028806,-5.907766974574997,55.53335669663261,26.187205138971194,"MATR_b3c18,MATR_b1c6,MATR_b4c15,MATR_b1c36,MATR_b1c9,MATR_b2c44,MATR_b4c33,MATR_b3c38,MATR_b3c15,MATR_b1c7,MATR_b1c42,MATR_b2c6",False,False,0.95
440,MATR_b2c43,461.0,400.4862852790289,12.479671706722096,376.02657819497006,424.9459923630877,21.0,-39.51371472097111,-63.97342180502994,-15.054007636912274,60.51371472097111,"MATR_b3c18,MATR_b1c6,MATR_b4c15,MATR_b1c36,MATR_b1c9,MATR_b2c44,MATR_b4c33,MATR_b3c38,MATR_b3c15,MATR_b1c7,MATR_b1c42,MATR_b2c6",False,False,0.95
440,MATR_b3c21,770.0,493.70983197832766,12.676245156726274,468.8648480119439,518.5548159447114,330.0,53.70983197832766,28.864848011943877,78.55481594471144,276.29016802167234,"MATR_b3c18,MATR_b1c6,MATR_b4c15,MATR_b1c36,MATR_b1c9,MATR_b2c44,MATR_b4c33,MATR_b3c38,MATR_b3c15,MATR_b1c7,MATR_b1c42,MATR_b2c6",False,False,0.95
440,MATR_b3c27,847.0,736.9259897221465,30.052115655394218,678.0249253783415,795.8270540659514,407.0,296.9259897221465,238.02492537834155,355.8270540659514,110.07401027785352,"MATR_b3c18,MATR_b1c6,MATR_b4c15,MATR_b1c36,MATR_b1c9,MATR_b2c44,MATR_b4c33,MATR_b3c38,MATR_b3c15,MATR_b1c7,MATR_b1c42,MATR_b2c6",False,False,0.95
440,MATR_b3c34,1156.0,993.1957602650773,64.59787640580032,866.586249031939,1119.8052714982157,716.0,553.1957602650773,426.586249031939,679.8052714982157,162.8042397349227,"MATR_b3c18,MATR_b1c6,MATR_b4c15,MATR_b1c36,MATR_b1c9,MATR_b2c44,MATR_b4c33,MATR_b3c38,MATR_b3c15,MATR_b1c7,MATR_b1c42,MATR_b2c6",False,False,0.95
440,MATR_b3c35,1091.0,1060.4682167006968,73.85946491703282,915.7063255459128,1205.2301078554808,651.0,620.4682167006968,475.7063255459128,765.2301078554808,30.531783299303243,"MATR_b3c18,MATR_b1c6,MATR_b4c15,MATR_b1c36,MATR_b1c9,MATR_b2c44,MATR_b4c33,MATR_b3c38,MATR_b3c15,MATR_b1c7,MATR_b1c42,MATR_b2c6",False,False,0.95
440,MATR_b3c39,1154.0,770.3897785151883,29.98084953493124,711.6283932008087,829.1511638295678,714.0,330.38977851518825,271.62839320080866,389.15116382956785,383.61022148481175,"MATR_b3c18,MATR_b1c6,MATR_b4c15,MATR_b1c36,MATR_b1c9,MATR_b2c44,MATR_b4c33,MATR_b3c38,MATR_b3c15,MATR_b1c7,MATR_b1c42,MATR_b2c6",False,False,0.95
440,MATR_b4c2,742.0,588.138867150591,19.468629854756703,549.9810538069265,626.2966804942554,302.0,148.13886715059095,109.98105380692652,186.29668049425538,153.86113284940905,"MATR_b3c18,MATR_b1c6,MATR_b4c15,MATR_b1c36,MATR_b1c9,MATR_b2c44,MATR_b4c33,MATR_b3c38,MATR_b3c15,MATR_b1c7,MATR_b1c42,MATR_b2c6",False,False,0.95
440,MATR_b4c20,747.0,531.4425725003099,16.90285329689208,498.3135888024373,564.5715561981825,307.0,91.4425725003099,58.31358880243732,124.57155619818252,215.5574274996901,"MATR_b3c18,MATR_b1c6,MATR_b4c15,MATR_b1c36,MATR_b1c9,MATR_b2c44,MATR_b4c33,MATR_b3c38,MATR_b3c15,MATR_b1c7,MATR_b1c42,MATR_b2c6",False,False,0.95
440,MATR_b4c22,671.0,513.8339942999139,13.471718799030526,487.4299106439629,540.2380779558649,231.0,73.83399429991391,47.4299106439629,100.23807795586492,157.1660057000861,"MATR_b3c18,MATR_b1c6,MATR_b4c15,MATR_b1c36,MATR_b1c9,MATR_b2c44,MATR_b4c33,MATR_b3c38,MATR_b3c15,MATR_b1c7,MATR_b1c42,MATR_b2c6",False,False,0.95
440,MATR_b4c23,1038.0,594.0248222114673,19.420406722389682,555.9615244704639,632.0881199524706,598.0,154.02482221146727,115.96152447046393,192.0881199524706,443.97517778853273,"MATR_b3c18,MATR_b1c6,MATR_b4c15,MATR_b1c36,MATR_b1c9,MATR_b2c44,MATR_b4c33,MATR_b3c38,MATR_b3c15,MATR_b1c7,MATR_b1c42,MATR_b2c6",False,False,0.95
440,MATR_b4c24,988.0,654.8342914189321,24.194995654106123,607.412971330781,702.2556115070832,548.0,214.83429141893214,167.41297133078103,262.25561150708324,333.16570858106786,"MATR_b3c18,MATR_b1c6,MATR_b4c15,MATR_b1c36,MATR_b1c9,MATR_b2c44,MATR_b4c33,MATR_b3c38,MATR_b3c15,MATR_b1c7,MATR_b1c42,MATR_b2c6",False,False,0.95
440,MATR_b4c26,476.0,457.177265408202,11.66697906331013,434.3104066357313,480.0441241806727,36.0,17.177265408202004,-5.689593364268717,40.044124180672725,18.822734591797996,"MATR_b3c18,MATR_b1c6,MATR_b4c15,MATR_b1c36,MATR_b1c9,MATR_b2c44,MATR_b4c33,MATR_b3c38,MATR_b3c15,MATR_b1c7,MATR_b1c42,MATR_b2c6",False,False,0.95
440,MATR_b4c38,1055.0,838.6242471972902,39.22962456555637,761.735595921772,915.5128984728084,615.0,398.6242471972902,321.73559592177196,475.5128984728084,216.37575280270983,"MATR_b3c18,MATR_b1c6,MATR_b4c15,MATR_b1c36,MATR_b1c9,MATR_b2c44,MATR_b4c33,MATR_b3c38,MATR_b3c15,MATR_b1c7,MATR_b1c42,MATR_b2c6",False,False,0.95
440,MATR_b4c39,738.0,522.0606081946925,14.947954698762448,492.7631553425818,551.3580610468031,298.0,82.06060819469246,52.7631553425818,111.35806104680307,215.93939180530754,"MATR_b3c18,MATR_b1c6,MATR_b4c15,MATR_b1c36,MATR_b1c9,MATR_b2c44,MATR_b4c33,MATR_b3c38,MATR_b3c15,MATR_b1c7,MATR_b1c42,MATR_b2c6",False,False,0.95
460,MATR_b1c17,858.0,730.0253559361472,35.929514999237675,659.6048005556497,800.4459113166447,398.0,270.0253559361472,199.60480055564972,340.4459113166447,127.9746440638528,"MATR_b1c31,MATR_b1c0,MATR_b1c5,MATR_b3c40,MATR_b4c28,MATR_b3c10,MATR_b1c9,MATR_b4c27,MATR_b3c7,MATR_b1c36,MATR_b4c1,MATR_b4c19",False,False,0.95
460,MATR_b1c25,852.0,652.2019580493444,31.231142636026988,590.9900432866982,713.4138728119906,392.0,192.2019580493444,130.9900432866982,253.4138728119906,199.7980419506556,"MATR_b1c31,MATR_b1c0,MATR_b1c5,MATR_b3c40,MATR_b4c28,MATR_b3c10,MATR_b1c9,MATR_b4c27,MATR_b3c7,MATR_b1c36,MATR_b4c1,MATR_b4c19",False,False,0.95
460,MATR_b1c26,868.0,829.809002807584,40.88228932705346,749.681188121013,909.936817494155,408.0,369.80900280758397,289.68118812101295,449.936817494155,38.190997192416035,"MATR_b1c31,MATR_b1c0,MATR_b1c5,MATR_b3c40,MATR_b4c28,MATR_b3c10,MATR_b1c9,MATR_b4c27,MATR_b3c7,MATR_b1c36,MATR_b4c1,MATR_b4c19",False,False,0.95
460,MATR_b1c27,841.0,614.7558044965778,28.84019680101783,558.2300574595356,671.2815515336199,381.0,154.75580449657775,98.2300574595356,211.2815515336199,226.24419550342225,"MATR_b1c31,MATR_b1c0,MATR_b1c5,MATR_b3c40,MATR_b4c28,MATR_b3c10,MATR_b1c9,MATR_b4c27,MATR_b3c7,MATR_b1c36,MATR_b4c1,MATR_b4c19",False,False,0.95
460,MATR_b1c3,1431.0,2032.3856052117944,90.98117813656484,1854.0657727931043,2210.7054376304845,971.0,1572.3856052117944,1394.0657727931043,1750.7054376304845,601.3856052117944,"MATR_b1c31,MATR_b1c0,MATR_b1c5,MATR_b3c40,MATR_b4c28,MATR_b3c10,MATR_b1c9,MATR_b4c27,MATR_b3c7,MATR_b1c36,MATR_b4c1,MATR_b4c19",False,False,0.95
460,MATR_b1c32,729.0,604.9935398691107,30.490792965553393,545.2326837965588,664.7543959416626,269.0,144.9935398691107,85.23268379655883,204.75439594166255,124.00646013088931,"MATR_b1c31,MATR_b1c0,MATR_b1c5,MATR_b3c40,MATR_b4c28,MATR_b3c10,MATR_b1c9,MATR_b4c27,MATR_b3c7,MATR_b1c36,MATR_b4c1,MATR_b4c19",False,False,0.95
460,MATR_b1c33,754.0,754.1894794798072,36.26461115822867,683.1121476963297,825.2668112632848,294.0,294.18947947980723,223.11214769632966,365.2668112632848,0.18947947980723256,"MATR_b1c31,MATR_b1c0,MATR_b1c5,MATR_b3c40,MATR_b4c28,MATR_b3c10,MATR_b1c9,MATR_b4c27,MATR_b3c7,MATR_b1c36,MATR_b4c1,MATR_b4c19",False,False,0.95
460,MATR_b1c4,1705.0,2047.5378533644216,90.72964620248692,1869.711014477486,2225.364692251357,1245.0,1587.5378533644216,1409.711014477486,1765.3646922513572,342.5378533644216,"MATR_b1c31,MATR_b1c0,MATR_b1c5,MATR_b3c40,MATR_b4c28,MATR_b3c10,MATR_b1c9,MATR_b4c27,MATR_b3c7,MATR_b1c36,MATR_b4c1,MATR_b4c19",False,False,0.95
460,MATR_b1c40,964.0,806.4497817928142,43.10601451191475,721.9635458324003,890.936017753228,504.0,346.4497817928142,261.9635458324003,430.93601775322804,157.55021820718582,"MATR_b1c31,MATR_b1c0,MATR_b1c5,MATR_b3c40,MATR_b4c28,MATR_b3c10,MATR_b1c9,MATR_b4c27,MATR_b3c7,MATR_b1c36,MATR_b4c1,MATR_b4c19",False,False,0.95
460,MATR_b1c43,649.0,577.2394652219897,22.300458715313724,533.5313693012524,620.947561142727,189.0,117.23946522198969,73.53136930125243,160.94756114272695,71.76053477801031,"MATR_b1c31,MATR_b1c0,MATR_b1c5,MATR_b3c40,MATR_b4c28,MATR_b3c10,MATR_b1c9,MATR_b4c27,MATR_b3c7,MATR_b1c36,MATR_b4c1,MATR_b4c19",False,False,0.95
460,MATR_b1c44,614.0,550.4387135320575,25.23825647896023,500.97263980071074,599.9047872634042,154.0,90.43871353205748,40.97263980071074,139.90478726340416,63.56128646794252,"MATR_b1c31,MATR_b1c0,MATR_b1c5,MATR_b3c40,MATR_b4c28,MATR_b3c10,MATR_b1c9,MATR_b4c27,MATR_b3c7,MATR_b1c36,MATR_b4c1,MATR_b4c19",False,False,0.95
460,MATR_b1c45,597.0,525.5725799156442,22.176054476103154,482.1083118232837,569.0368480080045,137.0,65.57257991564416,22.108311823283714,109.03684800800454,71.42742008435584,"MATR_b1c31,MATR_b1c0,MATR_b1c5,MATR_b3c40,MATR_b4c28,MATR_b3c10,MATR_b1c9,MATR_b4c27,MATR_b3c7,MATR_b1c36,MATR_b4c1,MATR_b4c19",False,False,0.95
460,MATR_b2c11,476.0,404.6350538886157,12.296070132749774,380.53519927704747,428.7349085001839,16.0,-55.36494611138431,-79.46480072295253,-31.265091499816094,71.36494611138431,"MATR_b1c31,MATR_b1c0,MATR_b1c5,MATR_b3c40,MATR_b4c28,MATR_b3c10,MATR_b1c9,MATR_b4c27,MATR_b3c7,MATR_b1c36,MATR_b4c1,MATR_b4c19",False,False,0.95
460,MATR_b2c14,484.0,424.3558989054753,11.093235374172988,402.6135571000706,446.0982407108801,24.0,-35.64410109452467,-57.38644289992942,-13.901759289119923,59.64410109452467,"MATR_b1c31,MATR_b1c0,MATR_b1c5,MATR_b3c40,MATR_b4c28,MATR_b3c10,MATR_b1c9,MATR_b4c27,MATR_b3c7,MATR_b1c36,MATR_b4c1,MATR_b4c19",False,False,0.95
460,MATR_b2c18,486.0,379.24454158095494,14.018349683306841,351.7690810789851,406.7200020829248,26.0,-80.75545841904506,-108.2309189210149,-53.27999791707521,106.75545841904506,"MATR_b1c31,MATR_b1c0,MATR_b1c5,MATR_b3c40,MATR_b4c28,MATR_b3c10,MATR_b1c9,MATR_b4c27,MATR_b3c7,MATR_b1c36,MATR_b4c1,MATR_b4c19",False,False,0.95
460,MATR_b2c26,470.0,396.3571104198616,12.702256285948165,371.4611455770057,421.2530752627175,10.0,-63.64288958013839,-88.53885442299429,-38.746924737282484,73.64288958013839,"MATR_b1c31,MATR_b1c0,MATR_b1c5,MATR_b3c40,MATR_b4c28,MATR_b3c10,MATR_b1c9,MATR_b4c27,MATR_b3c7,MATR_b1c36,MATR_b4c1,MATR_b4c19",False,False,0.95
460,MATR_b2c28,508.0,447.0163927847482,14.44092976293915,418.7126905461149,475.32009502338144,48.0,-12.983607215251823,-41.287309453885086,15.320095023381441,60.98360721525182,"MATR_b1c31,MATR_b1c0,MATR_b1c5,MATR_b3c40,MATR_b4c28,MATR_b3c10,MATR_b1c9,MATR_b4c27,MATR_b3c7,MATR_b1c36,MATR_b4c1,MATR_b4c19",False,False,0.95
460,MATR_b2c31,491.0,445.6056238416545,11.988907125071774,422.1077976625182,469.10345002079083,31.0,-14.394376158345494,-37.89220233748182,9.10345002079083,45.394376158345494,"MATR_b1c31,MATR_b1c0,MATR_b1c5,MATR_b3c40,MATR_b4c28,MATR_b3c10,MATR_b1c9,MATR_b4c27,MATR_b3c7,MATR_b1c36,MATR_b4c1,MATR_b4c19",False,False,0.95
460,MATR_b2c43,461.0,382.8327700602962,14.354650356757146,354.69817235038715,410.9673677702052,1.0,-77.16722993970382,-105.30182764961285,-49.032632229794785,78.16722993970382,"MATR_b1c31,MATR_b1c0,MATR_b1c5,MATR_b3c40,MATR_b4c28,MATR_b3c10,MATR_b1c9,MATR_b4c27,MATR_b3c7,MATR_b1c36,MATR_b4c1,MATR_b4c19",False,False,0.95
460,MATR_b3c21,770.0,480.2686515807262,12.171966135612474,456.4120363338846,504.1252668275678,310.0,20.268651580726214,-3.5879636661153995,44.12526682756783,289.7313484192738,"MATR_b1c31,MATR_b1c0,MATR_b1c5,MATR_b3c40,MATR_b4c28,MATR_b3c10,MATR_b1c9,MATR_b4c27,MATR_b3c7,MATR_b1c36,MATR_b4c1,MATR_b4c19",False,False,0.95
460,MATR_b3c27,847.0,709.8041374092371,28.653417862112608,653.6444703655197,765.9638044529545,387.0,249.80413740923711,193.64447036551974,305.9638044529545,137.19586259076289,"MATR_b1c31,MATR_b1c0,MATR_b1c5,MATR_b3c40,MATR_b4c28,MATR_b3c10,MATR_b1c9,MATR_b4c27,MATR_b3c7,MATR_b1c36,MATR_b4c1,MATR_b4c19",False,False,0.95
460,MATR_b3c34,1156.0,997.3398195659244,64.35061405585098,871.2149336334195,1123.4647054984293,696.0,537.3398195659244,411.2149336334195,663.4647054984293,158.66018043407564,"MATR_b1c31,MATR_b1c0,MATR_b1c5,MATR_b3c40,MATR_b4c28,MATR_b3c10,MATR_b1c9,MATR_b4c27,MATR_b3c7,MATR_b1c36,MATR_b4c1,MATR_b4c19",False,False,0.95
460,MATR_b3c35,1091.0,1014.6508034971587,63.380373521683225,890.4275540679635,1138.874052926354,631.0,554.6508034971587,430.42755406796346,678.8740529263539,76.34919650284132,"MATR_b1c31,MATR_b1c0,MATR_b1c5,MATR_b3c40,MATR_b4c28,MATR_b3c10,MATR_b1c9,MATR_b4c27,MATR_b3c7,MATR_b1c36,MATR_b4c1,MATR_b4c19",False,False,0.95
460,MATR_b3c39,1154.0,777.4660645525505,30.372464491132664,717.9371280282088,836.9950010768922,694.0,317.4660645525505,257.9371280282088,376.9950010768922,376.5339354474495,"MATR_b1c31,MATR_b1c0,MATR_b1c5,MATR_b3c40,MATR_b4c28,MATR_b3c10,MATR_b1c9,MATR_b4c27,MATR_b3c7,MATR_b1c36,MATR_b4c1,MATR_b4c19",False,False,0.95
460,MATR_b4c2,742.0,586.5911499963121,19.659959706977272,548.058337033128,625.1239629594961,282.0,126.59114999631208,88.05833703312805,165.1239629594961,155.40885000368792,"MATR_b1c31,MATR_b1c0,MATR_b1c5,MATR_b3c40,MATR_b4c28,MATR_b3c10,MATR_b1c9,MATR_b4c27,MATR_b3c7,MATR_b1c36,MATR_b4c1,MATR_b4c19",False,False,0.95
460,MATR_b4c20,747.0,525.6825583506727,16.716047170712507,492.91970793220355,558.4454087691419,287.0,65.6825583506727,32.91970793220355,98.44540876914186,221.3174416493273,"MATR_b1c31,MATR_b1c0,MATR_b1c5,MATR_b3c40,MATR_b4c28,MATR_b3c10,MATR_b1c9,MATR_b4c27,MATR_b3c7,MATR_b1c36,MATR_b4c1,MATR_b4c19",False,False,0.95
460,MATR_b4c22,671.0,507.9729285976786,13.31985068450337,481.86650097660083,534.0793562187564,211.0,47.97292859767862,21.866500976600832,74.0793562187564,163.02707140232138,"MATR_b1c31,MATR_b1c0,MATR_b1c5,MATR_b3c40,MATR_b4c28,MATR_b3c10,MATR_b1c9,MATR_b4c27,MATR_b3c7,MATR_b1c36,MATR_b4c1,MATR_b4c19",False,False,0.95
460,MATR_b4c23,1038.0,584.9000353365496,19.041096962970805,547.5801710629919,622.2198996101074,578.0,124.90003533654965,87.5801710629919,162.2198996101074,453.09996466345035,"MATR_b1c31,MATR_b1c0,MATR_b1c5,MATR_b3c40,MATR_b4c28,MATR_b3c10,MATR_b1c9,MATR_b4c27,MATR_b3c7,MATR_b1c36,MATR_b4c1,MATR_b4c19",False,False,0.95
460,MATR_b4c24,988.0,673.7060518525773,25.679290807600136,623.3755667211506,724.036536984004,528.0,213.70605185257727,163.37556672115056,264.036536984004,314.2939481474227,"MATR_b1c31,MATR_b1c0,MATR_b1c5,MATR_b3c40,MATR_b4c28,MATR_b3c10,MATR_b1c9,MATR_b4c27,MATR_b3c7,MATR_b1c36,MATR_b4c1,MATR_b4c19",False,False,0.95
460,MATR_b4c26,476.0,451.9544528868628,10.945649846383887,430.501373400564,473.4075323731616,16.0,-8.045547113137218,-29.498626599436022,13.407532373161587,24.045547113137218,"MATR_b1c31,MATR_b1c0,MATR_b1c5,MATR_b3c40,MATR_b4c28,MATR_b3c10,MATR_b1c9,MATR_b4c27,MATR_b3c7,MATR_b1c36,MATR_b4c1,MATR_b4c19",False,False,0.95
460,MATR_b4c38,1055.0,837.2285707376277,38.87522307766504,761.034533614444,913.4226078608115,595.0,377.2285707376277,301.03453361444394,453.42260786081147,217.7714292623723,"MATR_b1c31,MATR_b1c0,MATR_b1c5,MATR_b3c40,MATR_b4c28,MATR_b3c10,MATR_b1c9,MATR_b4c27,MATR_b3c7,MATR_b1c36,MATR_b4c1,MATR_b4c19",False,False,0.95
460,MATR_b4c39,738.0,502.4466209865881,14.139829517441523,474.73306438486634,530.1601775883098,278.0,42.44662098658807,14.733064384866339,70.16017758830981,235.55337901341193,"MATR_b1c31,MATR_b1c0,MATR_b1c5,MATR_b3c40,MATR_b4c28,MATR_b3c10,MATR_b1c9,MATR_b4c27,MATR_b3c7,MATR_b1c36,MATR_b4c1,MATR_b4c19",False,False,0.95
480,MATR_b1c17,858.0,735.7899860121471,36.82431912146803,663.6156467788601,807.9643252454341,378.0,255.7899860121471,183.61564677886008,327.9643252454341,122.2100139878529,"MATR_b1c20,MATR_b3c18,MATR_b1c16,MATR_b4c27,MATR_b4c7,MATR_b4c29,MATR_b3c31,MATR_b1c6,MATR_b1c24,MATR_b3c20,MATR_b1c35,MATR_b1c36",False,False,0.95
480,MATR_b1c25,852.0,629.5181729503402,31.966409468252266,566.8651616775055,692.1711842231748,372.0,149.51817295034016,86.86516167750551,212.1711842231748,222.48182704965984,"MATR_b1c20,MATR_b3c18,MATR_b1c16,MATR_b4c27,MATR_b4c7,MATR_b4c29,MATR_b3c31,MATR_b1c6,MATR_b1c24,MATR_b3c20,MATR_b1c35,MATR_b1c36",False,False,0.95
480,MATR_b1c26,868.0,810.4372140240671,42.73916125237045,726.6699972399713,894.2044308081629,388.0,330.4372140240671,246.66999723997128,414.2044308081629,57.56278597593291,"MATR_b1c20,MATR_b3c18,MATR_b1c16,MATR_b4c27,MATR_b4c7,MATR_b4c29,MATR_b3c31,MATR_b1c6,MATR_b1c24,MATR_b3c20,MATR_b1c35,MATR_b1c36",False,False,0.95
480,MATR_b1c27,841.0,605.754253990129,29.83892250637346,547.2710405401554,664.2374674401026,361.0,125.75425399012897,67.27104054015535,184.2374674401026,235.24574600987103,"MATR_b1c20,MATR_b3c18,MATR_b1c16,MATR_b4c27,MATR_b4c7,MATR_b4c29,MATR_b3c31,MATR_b1c6,MATR_b1c24,MATR_b3c20,MATR_b1c35,MATR_b1c36",False,False,0.95
480,MATR_b1c3,1431.0,2062.5272993900107,88.35878348883563,1889.3472660341206,2235.707332745901,951.0,1582.5272993900107,1409.3472660341206,1755.707332745901,631.5272993900107,"MATR_b1c20,MATR_b3c18,MATR_b1c16,MATR_b4c27,MATR_b4c7,MATR_b4c29,MATR_b3c31,MATR_b1c6,MATR_b1c24,MATR_b3c20,MATR_b1c35,MATR_b1c36",False,False,0.95
480,MATR_b1c32,729.0,599.3486673725181,30.442016631256095,539.6834111584868,659.0139235865494,249.0,119.3486673725181,59.68341115848682,179.01392358654937,129.6513326274819,"MATR_b1c20,MATR_b3c18,MATR_b1c16,MATR_b4c27,MATR_b4c7,MATR_b4c29,MATR_b3c31,MATR_b1c6,MATR_b1c24,MATR_b3c20,MATR_b1c35,MATR_b1c36",False,False,0.95
480,MATR_b1c33,754.0,733.235395244595,36.214979015817,662.2553406727199,804.2154498164701,274.0,253.235395244595,182.25534067271985,324.21544981647014,20.764604755405003,"MATR_b1c20,MATR_b3c18,MATR_b1c16,MATR_b4c27,MATR_b4c7,MATR_b4c29,MATR_b3c31,MATR_b1c6,MATR_b1c24,MATR_b3c20,MATR_b1c35,MATR_b1c36",False,False,0.95
480,MATR_b1c4,1705.0,2067.501237237826,88.16295946195922,1894.7050119219211,2240.297462553731,1225.0,1587.501237237826,1414.7050119219211,1760.2974625537308,362.501237237826,"MATR_b1c20,MATR_b3c18,MATR_b1c16,MATR_b4c27,MATR_b4c7,MATR_b4c29,MATR_b3c31,MATR_b1c6,MATR_b1c24,MATR_b3c20,MATR_b1c35,MATR_b1c36",False,False,0.95
480,MATR_b1c40,964.0,772.5582662508998,43.55329482132305,687.1953769930518,857.9211555087478,484.0,292.5582662508998,207.1953769930518,377.9211555087478,191.4417337491002,"MATR_b1c20,MATR_b3c18,MATR_b1c16,MATR_b4c27,MATR_b4c7,MATR_b4c29,MATR_b3c31,MATR_b1c6,MATR_b1c24,MATR_b3c20,MATR_b1c35,MATR_b1c36",False,False,0.95
480,MATR_b1c43,649.0,567.6111983954131,21.774619003583826,524.9337293713074,610.2886674195188,169.0,87.61119839541311,44.933729371307436,130.2886674195188,81.38880160458689,"MATR_b1c20,MATR_b3c18,MATR_b1c16,MATR_b4c27,MATR_b4c7,MATR_b4c29,MATR_b3c31,MATR_b1c6,MATR_b1c24,MATR_b3c20,MATR_b1c35,MATR_b1c36",False,False,0.95
480,MATR_b1c44,614.0,531.2807160175971,23.326757045083347,485.56111233311776,577.0003197020765,134.0,51.280716017597115,5.561112333117762,97.00031970207647,82.71928398240289,"MATR_b1c20,MATR_b3c18,MATR_b1c16,MATR_b4c27,MATR_b4c7,MATR_b4c29,MATR_b3c31,MATR_b1c6,MATR_b1c24,MATR_b3c20,MATR_b1c35,MATR_b1c36",False,False,0.95
480,MATR_b1c45,597.0,507.56700131461423,20.278210146283133,467.8224397569646,547.3115628722638,117.0,27.56700131461423,-12.177560243035373,67.31156287226383,89.43299868538577,"MATR_b1c20,MATR_b3c18,MATR_b1c16,MATR_b4c27,MATR_b4c7,MATR_b4c29,MATR_b3c31,MATR_b1c6,MATR_b1c24,MATR_b3c20,MATR_b1c35,MATR_b1c36",False,False,0.95
480,MATR_b2c14,484.0,407.8612140686985,11.552225124438912,385.21926888349947,430.5031592538975,4.0,-72.13878593130153,-94.78073111650053,-49.49684074610252,76.13878593130153,"MATR_b1c20,MATR_b3c18,MATR_b1c16,MATR_b4c27,MATR_b4c7,MATR_b4c29,MATR_b3c31,MATR_b1c6,MATR_b1c24,MATR_b3c20,MATR_b1c35,MATR_b1c36",False,False,0.95
480,MATR_b2c18,486.0,367.61973589044095,14.995053696437806,338.22997069917864,397.00950108170326,6.0,-112.38026410955905,-141.77002930082136,-82.99049891829674,118.38026410955905,"MATR_b1c20,MATR_b3c18,MATR_b1c16,MATR_b4c27,MATR_b4c7,MATR_b4c29,MATR_b3c31,MATR_b1c6,MATR_b1c24,MATR_b3c20,MATR_b1c35,MATR_b1c36",False,False,0.95
480,MATR_b2c28,508.0,432.71947992432564,12.047579627233,409.10665775407045,456.3323020945808,28.0,-47.28052007567436,-70.89334224592955,-23.667697905419175,75.28052007567436,"MATR_b1c20,MATR_b3c18,MATR_b1c16,MATR_b4c27,MATR_b4c7,MATR_b4c29,MATR_b3c31,MATR_b1c6,MATR_b1c24,MATR_b3c20,MATR_b1c35,MATR_b1c36",False,False,0.95
480,MATR_b2c31,491.0,428.2776750512249,10.697766917346097,407.31043717822246,449.2449129242273,11.0,-51.72232494877511,-72.68956282177754,-30.75508707577268,62.72232494877511,"MATR_b1c20,MATR_b3c18,MATR_b1c16,MATR_b4c27,MATR_b4c7,MATR_b4c29,MATR_b3c31,MATR_b1c6,MATR_b1c24,MATR_b3c20,MATR_b1c35,MATR_b1c36",False,False,0.95
480,MATR_b3c21,770.0,461.22976742547655,11.303043116509286,439.076210001415,483.3833248495381,290.0,-18.770232574523448,-40.923789998584994,3.3833248495380985,308.77023257452345,"MATR_b1c20,MATR_b3c18,MATR_b1c16,MATR_b4c27,MATR_b4c7,MATR_b4c29,MATR_b3c31,MATR_b1c6,MATR_b1c24,MATR_b3c20,MATR_b1c35,MATR_b1c36",False,False,0.95
480,MATR_b3c27,847.0,659.7435566513424,27.365138228470865,606.1088712915792,713.3782420111055,367.0,179.74355665134237,126.10887129157925,233.3782420111055,187.25644334865763,"MATR_b1c20,MATR_b3c18,MATR_b1c16,MATR_b4c27,MATR_b4c7,MATR_b4c29,MATR_b3c31,MATR_b1c6,MATR_b1c24,MATR_b3c20,MATR_b1c35,MATR_b1c36",False,False,0.95
480,MATR_b3c34,1156.0,999.9264972274882,67.42800547068268,867.7700349555805,1132.0829594993959,676.0,519.9264972274882,387.7700349555805,652.0829594993959,156.0735027725118,"MATR_b1c20,MATR_b3c18,MATR_b1c16,MATR_b4c27,MATR_b4c7,MATR_b4c29,MATR_b3c31,MATR_b1c6,MATR_b1c24,MATR_b3c20,MATR_b1c35,MATR_b1c36",False,False,0.95
480,MATR_b3c35,1091.0,980.5966383133537,60.07538915886777,862.8510392047449,1098.3422374219624,611.0,500.59663831335365,382.8510392047449,618.3422374219624,110.40336168664635,"MATR_b1c20,MATR_b3c18,MATR_b1c16,MATR_b4c27,MATR_b4c7,MATR_b4c29,MATR_b3c31,MATR_b1c6,MATR_b1c24,MATR_b3c20,MATR_b1c35,MATR_b1c36",False,False,0.95
480,MATR_b3c39,1154.0,765.8052723672383,30.706362045941386,705.6219086609456,825.9886360735311,674.0,285.80527236723833,225.62190866094556,345.9886360735311,388.19472763276167,"MATR_b1c20,MATR_b3c18,MATR_b1c16,MATR_b4c27,MATR_b4c7,MATR_b4c29,MATR_b3c31,MATR_b1c6,MATR_b1c24,MATR_b3c20,MATR_b1c35,MATR_b1c36",False,False,0.95
480,MATR_b4c2,742.0,533.0601160315665,16.573542117060907,500.57657038586945,565.5436616772636,262.0,53.06011603156651,20.576570385869445,85.54366167726357,208.9398839684335,"MATR_b1c20,MATR_b3c18,MATR_b1c16,MATR_b4c27,MATR_b4c7,MATR_b4c29,MATR_b3c31,MATR_b1c6,MATR_b1c24,MATR_b3c20,MATR_b1c35,MATR_b1c36",False,False,0.95
480,MATR_b4c20,747.0,514.014877146451,15.955231392929312,482.7431982513067,545.2865560415953,267.0,34.014877146451,2.743198251306694,65.2865560415953,232.985122853549,"MATR_b1c20,MATR_b3c18,MATR_b1c16,MATR_b4c27,MATR_b4c7,MATR_b4c29,MATR_b3c31,MATR_b1c6,MATR_b1c24,MATR_b3c20,MATR_b1c35,MATR_b1c36",False,False,0.95
480,MATR_b4c22,671.0,494.54112899178386,12.402009484454092,470.23363706632966,518.848620917238,191.0,14.541128991783864,-9.766362933670337,38.84862091723801,176.45887100821614,"MATR_b1c20,MATR_b3c18,MATR_b1c16,MATR_b4c27,MATR_b4c7,MATR_b4c29,MATR_b3c31,MATR_b1c6,MATR_b1c24,MATR_b3c20,MATR_b1c35,MATR_b1c36",False,False,0.95
480,MATR_b4c23,1038.0,543.9536549653511,16.583859096649576,511.449888411231,576.4574215194713,558.0,63.95365496535112,31.449888411230972,96.45742151947127,494.0463450346489,"MATR_b1c20,MATR_b3c18,MATR_b1c16,MATR_b4c27,MATR_b4c7,MATR_b4c29,MATR_b3c31,MATR_b1c6,MATR_b1c24,MATR_b3c20,MATR_b1c35,MATR_b1c36",False,False,0.95
480,MATR_b4c24,988.0,623.9736427731018,26.037186451273335,572.9416950698518,675.0055904763518,508.0,143.9736427731018,92.94169506985179,195.0055904763518,364.0263572268982,"MATR_b1c20,MATR_b3c18,MATR_b1c16,MATR_b4c27,MATR_b4c7,MATR_b4c29,MATR_b3c31,MATR_b1c6,MATR_b1c24,MATR_b3c20,MATR_b1c35,MATR_b1c36",False,False,0.95
480,MATR_b4c38,1055.0,836.1729763466614,40.68793577710285,756.426087618261,915.9198650750617,575.0,356.17297634666136,276.426087618261,435.9198650750617,218.82702365333864,"MATR_b1c20,MATR_b3c18,MATR_b1c16,MATR_b4c27,MATR_b4c7,MATR_b4c29,MATR_b3c31,MATR_b1c6,MATR_b1c24,MATR_b3c20,MATR_b1c35,MATR_b1c36",False,False,0.95
480,MATR_b4c39,738.0,479.38570347422393,13.055231032963752,453.7979208397653,504.97348610868255,258.0,-0.6142965257760693,-26.20207916023469,24.97348610868255,258.61429652577607,"MATR_b1c20,MATR_b3c18,MATR_b1c16,MATR_b4c27,MATR_b4c7,MATR_b4c29,MATR_b3c31,MATR_b1c6,MATR_b1c24,MATR_b3c20,MATR_b1c35,MATR_b1c36",False,False,0.95
500,MATR_b1c17,858.0,750.6038941502336,39.88849752096491,672.4238756117272,828.78391268874,358.0,250.6038941502336,172.42387561172723,328.78391268874,107.3961058497664,"MATR_b1c31,MATR_b4c11,MATR_b4c37,MATR_b1c30,MATR_b3c12,MATR_b1c41,MATR_b4c19,MATR_b1c29,MATR_b4c33,MATR_b1c24,MATR_b2c32,MATR_b3c5",False,False,0.95
500,MATR_b1c25,852.0,619.1954249312871,33.51939858964453,553.4986109121412,684.892238950433,352.0,119.1954249312871,53.4986109121412,184.892238950433,232.8045750687129,"MATR_b1c31,MATR_b4c11,MATR_b4c37,MATR_b1c30,MATR_b3c12,MATR_b1c41,MATR_b4c19,MATR_b1c29,MATR_b4c33,MATR_b1c24,MATR_b2c32,MATR_b3c5",False,False,0.95
500,MATR_b1c26,868.0,796.0564697942095,46.73231463179124,704.4628162017045,887.6501233867145,368.0,296.05646979420953,204.46281620170453,387.65012338671454,71.94353020579047,"MATR_b1c31,MATR_b4c11,MATR_b4c37,MATR_b1c30,MATR_b3c12,MATR_b1c41,MATR_b4c19,MATR_b1c29,MATR_b4c33,MATR_b1c24,MATR_b2c32,MATR_b3c5",False,False,0.95
500,MATR_b1c27,841.0,603.0795841240989,32.16721704072283,540.0329972413991,666.1261710067987,341.0,103.07958412409891,40.03299724139913,166.1261710067987,237.92041587590109,"MATR_b1c31,MATR_b4c11,MATR_b4c37,MATR_b1c30,MATR_b3c12,MATR_b1c41,MATR_b4c19,MATR_b1c29,MATR_b4c33,MATR_b1c24,MATR_b2c32,MATR_b3c5",False,False,0.95
500,MATR_b1c3,1431.0,627.32773917395,55.358340320233054,518.8273859023817,735.8280924455183,931.0,127.32773917395002,18.827385902381707,235.82809244551834,803.67226082605,"MATR_b1c31,MATR_b4c11,MATR_b4c37,MATR_b1c30,MATR_b3c12,MATR_b1c41,MATR_b4c19,MATR_b1c29,MATR_b4c33,MATR_b1c24,MATR_b2c32,MATR_b3c5",False,False,0.95
500,MATR_b1c32,729.0,607.1123127185322,32.8272625950947,542.7720603211077,671.4525651159566,229.0,107.11231271853217,42.77206032110769,171.45256511595665,121.88768728146783,"MATR_b1c31,MATR_b4c11,MATR_b4c37,MATR_b1c30,MATR_b3c12,MATR_b1c41,MATR_b4c19,MATR_b1c29,MATR_b4c33,MATR_b1c24,MATR_b2c32,MATR_b3c5",False,False,0.95
500,MATR_b1c33,754.0,733.1399773680647,38.52317860825443,657.6359347258822,808.6440200102472,254.0,233.1399773680647,157.63593472588218,308.64402001024723,20.860022631935294,"MATR_b1c31,MATR_b4c11,MATR_b4c37,MATR_b1c30,MATR_b3c12,MATR_b1c41,MATR_b4c19,MATR_b1c29,MATR_b4c33,MATR_b1c24,MATR_b2c32,MATR_b3c5",False,False,0.95
500,MATR_b1c4,1705.0,648.7698649045481,64.10443919687572,523.1274728295339,774.4122569795622,1205.0,148.76986490454806,23.127472829533872,274.41225697956224,1056.230135095452,"MATR_b1c31,MATR_b4c11,MATR_b4c37,MATR_b1c30,MATR_b3c12,MATR_b1c41,MATR_b4c19,MATR_b1c29,MATR_b4c33,MATR_b1c24,MATR_b2c32,MATR_b3c5",False,False,0.95
500,MATR_b1c40,964.0,755.073563652373,46.565153084413694,663.807540672328,846.339586632418,464.0,255.07356365237297,163.80754067232795,346.339586632418,208.92643634762703,"MATR_b1c31,MATR_b4c11,MATR_b4c37,MATR_b1c30,MATR_b3c12,MATR_b1c41,MATR_b4c19,MATR_b1c29,MATR_b4c33,MATR_b1c24,MATR_b2c32,MATR_b3c5",False,False,0.95
500,MATR_b1c43,649.0,565.0913588747592,23.137152993756388,519.7433723022036,610.4393454473147,149.0,65.09135887475918,19.743372302203625,110.43934544731474,83.90864112524082,"MATR_b1c31,MATR_b4c11,MATR_b4c37,MATR_b1c30,MATR_b3c12,MATR_b1c41,MATR_b4c19,MATR_b1c29,MATR_b4c33,MATR_b1c24,MATR_b2c32,MATR_b3c5",False,False,0.95
500,MATR_b1c44,614.0,514.1484966896114,22.707532592122462,469.64255063128195,558.654442747941,114.0,14.14849668961142,-30.35744936871805,58.65444274794095,99.85150331038858,"MATR_b1c31,MATR_b4c11,MATR_b4c37,MATR_b1c30,MATR_b3c12,MATR_b1c41,MATR_b4c19,MATR_b1c29,MATR_b4c33,MATR_b1c24,MATR_b2c32,MATR_b3c5",False,False,0.95
500,MATR_b1c45,597.0,487.06789101805947,18.855582823350627,450.1116277767802,524.0241542593387,97.0,-12.93210898194053,-49.88837222321979,24.02415425933873,109.93210898194053,"MATR_b1c31,MATR_b4c11,MATR_b4c37,MATR_b1c30,MATR_b3c12,MATR_b1c41,MATR_b4c19,MATR_b1c29,MATR_b4c33,MATR_b1c24,MATR_b2c32,MATR_b3c5",False,False,0.95
500,MATR_b2c28,508.0,416.55660276839865,11.985652926537448,393.06515470118813,440.04805083560916,8.0,-83.44339723160135,-106.93484529881187,-59.95194916439084,91.44339723160135,"MATR_b1c31,MATR_b4c11,MATR_b4c37,MATR_b1c30,MATR_b3c12,MATR_b1c41,MATR_b4c19,MATR_b1c29,MATR_b4c33,MATR_b1c24,MATR_b2c32,MATR_b3c5",False,False,0.95
500,MATR_b3c21,770.0,456.1021623748053,11.41399438313752,433.7311444641133,478.4731802854973,270.0,-43.89783762519471,-66.2688555358867,-21.52681971450272,313.8978376251947,"MATR_b1c31,MATR_b4c11,MATR_b4c37,MATR_b1c30,MATR_b3c12,MATR_b1c41,MATR_b4c19,MATR_b1c29,MATR_b4c33,MATR_b1c24,MATR_b2c32,MATR_b3c5",False,False,0.95
500,MATR_b3c27,847.0,657.4428040079664,29.14654537252069,600.3166248040633,714.5689832118695,347.0,157.4428040079664,100.31662480406328,214.56898321186952,189.5571959920336,"MATR_b1c31,MATR_b4c11,MATR_b4c37,MATR_b1c30,MATR_b3c12,MATR_b1c41,MATR_b4c19,MATR_b1c29,MATR_b4c33,MATR_b1c24,MATR_b2c32,MATR_b3c5",False,False,0.95
500,MATR_b3c34,1156.0,1015.6005708316843,74.0753176907184,870.4156160145135,1160.7855256488551,656.0,515.6005708316843,370.4156160145135,660.7855256488551,140.3994291683157,"MATR_b1c31,MATR_b4c11,MATR_b4c37,MATR_b1c30,MATR_b3c12,MATR_b1c41,MATR_b4c19,MATR_b1c29,MATR_b4c33,MATR_b1c24,MATR_b2c32,MATR_b3c5",False,False,0.95
500,MATR_b3c35,1091.0,991.4333251103033,66.56500573122189,860.9683112464061,1121.8983389742004,591.0,491.43332511030326,360.9683112464061,621.8983389742004,99.56667488969674,"MATR_b1c31,MATR_b4c11,MATR_b4c37,MATR_b1c30,MATR_b3c12,MATR_b1c41,MATR_b4c19,MATR_b1c29,MATR_b4c33,MATR_b1c24,MATR_b2c32,MATR_b3c5",False,False,0.95
500,MATR_b3c39,1154.0,773.7197278881907,33.40200866721663,708.2529938891514,839.18646188723,654.0,273.71972788819073,208.2529938891514,339.18646188723005,380.28027211180927,"MATR_b1c31,MATR_b4c11,MATR_b4c37,MATR_b1c30,MATR_b3c12,MATR_b1c41,MATR_b4c19,MATR_b1c29,MATR_b4c33,MATR_b1c24,MATR_b2c32,MATR_b3c5",False,False,0.95
500,MATR_b4c2,742.0,536.8609253552279,17.312138799366533,502.929756813111,570.7920938973448,242.0,36.86092535522789,2.9297568131109983,70.79209389734478,205.1390746447721,"MATR_b1c31,MATR_b4c11,MATR_b4c37,MATR_b1c30,MATR_b3c12,MATR_b1c41,MATR_b4c19,MATR_b1c29,MATR_b4c33,MATR_b1c24,MATR_b2c32,MATR_b3c5",False,False,0.95
500,MATR_b4c20,747.0,516.3902600399772,16.581596642601372,483.8909278143082,548.8895922656461,247.0,16.390260039977193,-16.109072185691787,48.889592265646115,230.6097399600228,"MATR_b1c31,MATR_b4c11,MATR_b4c37,MATR_b1c30,MATR_b3c12,MATR_b1c41,MATR_b4c19,MATR_b1c29,MATR_b4c33,MATR_b1c24,MATR_b2c32,MATR_b3c5",False,False,0.95
500,MATR_b4c22,671.0,488.45615362621174,12.2867933619189,464.3744811513649,512.5378261010586,171.0,-11.543846373788256,-35.625518848635124,12.537826101058613,182.54384637378826,"MATR_b1c31,MATR_b4c11,MATR_b4c37,MATR_b1c30,MATR_b3c12,MATR_b1c41,MATR_b4c19,MATR_b1c29,MATR_b4c33,MATR_b1c24,MATR_b2c32,MATR_b3c5",False,False,0.95
500,MATR_b4c23,1038.0,549.8832231425088,17.75342608786345,515.0871474081026,584.6792988769149,538.0,49.88322314250877,15.087147408102624,84.67929887691491,488.11677685749123,"MATR_b1c31,MATR_b4c11,MATR_b4c37,MATR_b1c30,MATR_b3c12,MATR_b1c41,MATR_b4c19,MATR_b1c29,MATR_b4c33,MATR_b1c24,MATR_b2c32,MATR_b3c5",False,False,0.95
500,MATR_b4c24,988.0,641.401688015361,28.719802093746388,585.1119102685,697.6914657622219,488.0,141.40168801536095,85.11191026849997,197.69146576222192,346.59831198463905,"MATR_b1c31,MATR_b4c11,MATR_b4c37,MATR_b1c30,MATR_b3c12,MATR_b1c41,MATR_b4c19,MATR_b1c29,MATR_b4c33,MATR_b1c24,MATR_b2c32,MATR_b3c5",False,False,0.95
500,MATR_b4c38,1055.0,843.8950606245799,44.43220975477809,756.8095297516855,930.9805914974742,555.0,343.89506062457986,256.80952975168555,430.98059149747417,211.10493937542014,"MATR_b1c31,MATR_b4c11,MATR_b4c37,MATR_b1c30,MATR_b3c12,MATR_b1c41,MATR_b4c19,MATR_b1c29,MATR_b4c33,MATR_b1c24,MATR_b2c32,MATR_b3c5",False,False,0.95
500,MATR_b4c39,738.0,473.63705596937643,13.29820725000881,447.57304870040974,499.7010632383431,238.0,-26.362944030623567,-52.42695129959026,-0.29893676165687566,264.36294403062357,"MATR_b1c31,MATR_b4c11,MATR_b4c37,MATR_b1c30,MATR_b3c12,MATR_b1c41,MATR_b4c19,MATR_b1c29,MATR_b4c33,MATR_b1c24,MATR_b2c32,MATR_b3c5",False,False,0.95
520,MATR_b1c17,858.0,731.7510717217713,38.03950044876659,657.1950208522935,806.307122591249,338.0,211.75107172177127,137.1950208522935,286.307122591249,126.24892827822873,"MATR_b1c38,MATR_b1c11,MATR_b3c38,MATR_b1c31,MATR_b4c11,MATR_b3c40,MATR_b1c36,MATR_b1c41,MATR_b3c20,MATR_b4c3,MATR_b2c36,MATR_b4c37",False,False,0.95
520,MATR_b1c25,852.0,606.7506983285498,31.59464595054902,544.8263301611795,668.6750664959201,332.0,86.75069832854979,24.8263301611795,148.67506649592008,245.2493016714502,"MATR_b1c38,MATR_b1c11,MATR_b3c38,MATR_b1c31,MATR_b4c11,MATR_b3c40,MATR_b1c36,MATR_b1c41,MATR_b3c20,MATR_b4c3,MATR_b2c36,MATR_b4c37",False,False,0.95
520,MATR_b1c26,868.0,766.8607000883925,45.5814418468325,677.522715705194,856.198684471591,348.0,246.8607000883925,157.52271570519395,336.19868447159104,101.13929991160751,"MATR_b1c38,MATR_b1c11,MATR_b3c38,MATR_b1c31,MATR_b4c11,MATR_b3c40,MATR_b1c36,MATR_b1c41,MATR_b3c20,MATR_b4c3,MATR_b2c36,MATR_b4c37",False,False,0.95
520,MATR_b1c27,841.0,586.606715301906,29.919637977756672,527.9653024350262,645.2481281687858,321.0,66.60671530190598,7.96530243502616,125.2481281687858,254.39328469809402,"MATR_b1c38,MATR_b1c11,MATR_b3c38,MATR_b1c31,MATR_b4c11,MATR_b3c40,MATR_b1c36,MATR_b1c41,MATR_b3c20,MATR_b4c3,MATR_b2c36,MATR_b4c37",False,False,0.95
520,MATR_b1c3,1431.0,660.2577034709904,54.56772492564986,553.3069278984281,767.2084790435526,911.0,140.25770347099035,33.30692789842806,247.20847904355264,770.7422965290096,"MATR_b1c38,MATR_b1c11,MATR_b3c38,MATR_b1c31,MATR_b4c11,MATR_b3c40,MATR_b1c36,MATR_b1c41,MATR_b3c20,MATR_b4c3,MATR_b2c36,MATR_b4c37",False,False,0.95
520,MATR_b1c32,729.0,601.4166023830131,31.002072118784987,540.6536575840812,662.179547181945,209.0,81.41660238301313,20.653657584081202,142.17954718194505,127.58339761698687,"MATR_b1c38,MATR_b1c11,MATR_b3c38,MATR_b1c31,MATR_b4c11,MATR_b3c40,MATR_b1c36,MATR_b1c41,MATR_b3c20,MATR_b4c3,MATR_b2c36,MATR_b4c37",False,False,0.95
520,MATR_b1c33,754.0,704.58772689998,35.64109348003107,634.7324673094938,774.4429864904662,234.0,184.58772689998,114.73246730949381,254.44298649046618,49.41227310002,"MATR_b1c38,MATR_b1c11,MATR_b3c38,MATR_b1c31,MATR_b4c11,MATR_b3c40,MATR_b1c36,MATR_b1c41,MATR_b3c20,MATR_b4c3,MATR_b2c36,MATR_b4c37",False,False,0.95
520,MATR_b1c4,1705.0,674.4213939588692,55.31330400924218,566.0093102348396,782.8334776828988,1185.0,154.4213939588692,46.00931023483963,262.8334776828988,1030.5786060411308,"MATR_b1c38,MATR_b1c11,MATR_b3c38,MATR_b1c31,MATR_b4c11,MATR_b3c40,MATR_b1c36,MATR_b1c41,MATR_b3c20,MATR_b4c3,MATR_b2c36,MATR_b4c37",False,False,0.95
520,MATR_b1c40,964.0,718.6956740189952,43.87995819704347,632.6925363096668,804.6988117283236,444.0,198.6956740189952,112.69253630966682,284.69881172832356,245.3043259810048,"MATR_b1c38,MATR_b1c11,MATR_b3c38,MATR_b1c31,MATR_b4c11,MATR_b3c40,MATR_b1c36,MATR_b1c41,MATR_b3c20,MATR_b4c3,MATR_b2c36,MATR_b4c37",False,False,0.95
520,MATR_b1c43,649.0,554.8923578721106,21.50722625006036,512.7389690146379,597.0457467295832,129.0,34.89235787211055,-7.26103098536214,77.04574672958324,94.10764212788945,"MATR_b1c38,MATR_b1c11,MATR_b3c38,MATR_b1c31,MATR_b4c11,MATR_b3c40,MATR_b1c36,MATR_b1c41,MATR_b3c20,MATR_b4c3,MATR_b2c36,MATR_b4c37",False,False,0.95
520,MATR_b1c44,614.0,482.9281249424492,18.140227714449264,447.3739319507733,518.482317934125,94.0,-37.07187505755081,-72.62606804922672,-1.5176820658749648,131.0718750575508,"MATR_b1c38,MATR_b1c11,MATR_b3c38,MATR_b1c31,MATR_b4c11,MATR_b3c40,MATR_b1c36,MATR_b1c41,MATR_b3c20,MATR_b4c3,MATR_b2c36,MATR_b4c37",False,False,0.95
520,MATR_b1c45,597.0,459.9995598098495,15.127538466407788,430.35012924094593,489.648990378753,77.0,-60.00044019015053,-89.64987075905407,-30.351009621246988,137.00044019015053,"MATR_b1c38,MATR_b1c11,MATR_b3c38,MATR_b1c31,MATR_b4c11,MATR_b3c40,MATR_b1c36,MATR_b1c41,MATR_b3c20,MATR_b4c3,MATR_b2c36,MATR_b4c37",False,False,0.95
520,MATR_b3c21,770.0,446.9355969335973,11.214294396582925,424.95598380426543,468.9152100629292,250.0,-73.06440306640269,-95.04401619573457,-51.08478993707081,323.0644030664027,"MATR_b1c38,MATR_b1c11,MATR_b3c38,MATR_b1c31,MATR_b4c11,MATR_b3c40,MATR_b1c36,MATR_b1c41,MATR_b3c20,MATR_b4c3,MATR_b2c36,MATR_b4c37",False,False,0.95
520,MATR_b3c27,847.0,604.8941999327413,24.604644047590398,556.6699837470363,653.1184161184464,327.0,84.89419993274134,36.669983747036326,133.11841611844636,242.10580006725866,"MATR_b1c38,MATR_b1c11,MATR_b3c38,MATR_b1c31,MATR_b4c11,MATR_b3c40,MATR_b1c36,MATR_b1c41,MATR_b3c20,MATR_b4c3,MATR_b2c36,MATR_b4c37",False,False,0.95
520,MATR_b3c34,1156.0,981.2129336330171,65.16740015713596,853.4871763589208,1108.9386909071134,636.0,461.2129336330171,333.4871763589208,588.9386909071134,174.7870663669829,"MATR_b1c38,MATR_b1c11,MATR_b3c38,MATR_b1c31,MATR_b4c11,MATR_b3c40,MATR_b1c36,MATR_b1c41,MATR_b3c20,MATR_b4c3,MATR_b2c36,MATR_b4c37",False,False,0.95
520,MATR_b3c35,1091.0,906.3712657811018,52.04677900113536,804.361453427561,1008.3810781346426,571.0,386.3712657811018,284.36145342756095,488.3810781346426,184.62873421889822,"MATR_b1c38,MATR_b1c11,MATR_b3c38,MATR_b1c31,MATR_b4c11,MATR_b3c40,MATR_b1c36,MATR_b1c41,MATR_b3c20,MATR_b4c3,MATR_b2c36,MATR_b4c37",False,False,0.95
520,MATR_b3c39,1154.0,773.2468466227866,33.00876720277574,708.5508517312792,837.9428415142941,634.0,253.24684662278662,188.55085173127918,317.94284151429406,380.7531533772134,"MATR_b1c38,MATR_b1c11,MATR_b3c38,MATR_b1c31,MATR_b4c11,MATR_b3c40,MATR_b1c36,MATR_b1c41,MATR_b3c20,MATR_b4c3,MATR_b2c36,MATR_b4c37",False,False,0.95
520,MATR_b4c2,742.0,527.4195367602107,16.25371574981217,495.5628392756274,559.276234244794,222.0,7.41953676021069,-24.437160724372575,39.276234244793955,214.5804632397893,"MATR_b1c38,MATR_b1c11,MATR_b3c38,MATR_b1c31,MATR_b4c11,MATR_b3c40,MATR_b1c36,MATR_b1c41,MATR_b3c20,MATR_b4c3,MATR_b2c36,MATR_b4c37",False,False,0.95
520,MATR_b4c20,747.0,507.5762686290019,15.577840109435318,477.04426305758517,538.1082742004186,227.0,-12.423731370998098,-42.95573694241483,18.108274200418577,239.4237313709981,"MATR_b1c38,MATR_b1c11,MATR_b3c38,MATR_b1c31,MATR_b4c11,MATR_b3c40,MATR_b1c36,MATR_b1c41,MATR_b3c20,MATR_b4c3,MATR_b2c36,MATR_b4c37",False,False,0.95
520,MATR_b4c22,671.0,480.6864183307429,11.567798704420662,458.01394948966936,503.3588871718165,151.0,-39.313581669257076,-61.98605051033064,-16.64111282818351,190.31358166925708,"MATR_b1c38,MATR_b1c11,MATR_b3c38,MATR_b1c31,MATR_b4c11,MATR_b3c40,MATR_b1c36,MATR_b1c41,MATR_b3c20,MATR_b4c3,MATR_b2c36,MATR_b4c37",False,False,0.95
520,MATR_b4c23,1038.0,547.218889168954,17.488034554143333,512.942971282441,581.4948070554669,518.0,27.21888916895398,-7.057028717558978,61.494807055466936,490.781110831046,"MATR_b1c38,MATR_b1c11,MATR_b3c38,MATR_b1c31,MATR_b4c11,MATR_b3c40,MATR_b1c36,MATR_b1c41,MATR_b3c20,MATR_b4c3,MATR_b2c36,MATR_b4c37",False,False,0.95
520,MATR_b4c24,988.0,636.831653771754,28.05199989179651,581.8507442895113,691.8125632539966,468.0,116.83165377175396,61.85074428951134,171.8125632539966,351.16834622824604,"MATR_b1c38,MATR_b1c11,MATR_b3c38,MATR_b1c31,MATR_b4c11,MATR_b3c40,MATR_b1c36,MATR_b1c41,MATR_b3c20,MATR_b4c3,MATR_b2c36,MATR_b4c37",False,False,0.95
520,MATR_b4c38,1055.0,791.825536513311,38.26433447943139,716.8288190412313,866.8222539853907,535.0,271.825536513311,196.82881904123133,346.8222539853907,263.174463486689,"MATR_b1c38,MATR_b1c11,MATR_b3c38,MATR_b1c31,MATR_b4c11,MATR_b3c40,MATR_b1c36,MATR_b1c41,MATR_b3c20,MATR_b4c3,MATR_b2c36,MATR_b4c37",False,False,0.95
520,MATR_b4c39,738.0,462.98913869263686,12.790064089770883,437.9210737167269,488.05720366854683,218.0,-57.01086130736314,-82.07892628327312,-31.942796331453167,275.01086130736314,"MATR_b1c38,MATR_b1c11,MATR_b3c38,MATR_b1c31,MATR_b4c11,MATR_b3c40,MATR_b1c36,MATR_b1c41,MATR_b3c20,MATR_b4c3,MATR_b2c36,MATR_b4c37",False,False,0.95
540,MATR_b1c17,858.0,686.5894912271359,39.4103726577772,609.3465802005906,763.8324022536813,318.0,146.5894912271359,69.34658020059055,223.83240225368127,171.4105087728641,"MATR_b4c35,MATR_b4c8,MATR_b1c29,MATR_b4c0,MATR_b4c3,MATR_b3c4,MATR_b3c19,MATR_b1c18,MATR_b3c36,MATR_b1c7,MATR_b1c9,MATR_b3c10",False,False,0.95
540,MATR_b1c25,852.0,583.6370516886088,31.841322001016685,521.2292073464733,646.0448960307443,312.0,43.637051688608835,-18.770792653526655,106.04489603074433,268.36294831139116,"MATR_b4c35,MATR_b4c8,MATR_b1c29,MATR_b4c0,MATR_b4c3,MATR_b3c4,MATR_b3c19,MATR_b1c18,MATR_b3c36,MATR_b1c7,MATR_b1c9,MATR_b3c10",False,False,0.95
540,MATR_b1c26,868.0,714.911742082429,46.32191917929,624.1224487962454,805.7010353686126,328.0,174.911742082429,84.12244879624541,265.70103536861257,153.088257917571,"MATR_b4c35,MATR_b4c8,MATR_b1c29,MATR_b4c0,MATR_b4c3,MATR_b3c4,MATR_b3c19,MATR_b1c18,MATR_b3c36,MATR_b1c7,MATR_b1c9,MATR_b3c10",False,False,0.95
540,MATR_b1c27,841.0,546.7942759540224,28.292283386625368,491.34241947583575,602.246132432209,301.0,6.794275954022396,-48.657580524164246,62.24613243220904,294.2057240459776,"MATR_b4c35,MATR_b4c8,MATR_b1c29,MATR_b4c0,MATR_b4c3,MATR_b3c4,MATR_b3c19,MATR_b1c18,MATR_b3c36,MATR_b1c7,MATR_b1c9,MATR_b3c10",False,False,0.95
540,MATR_b1c3,1431.0,697.4193173745056,57.67671977383199,584.3750238713857,810.4636108776255,891.0,157.41931737450557,44.37502387138568,270.46361087762546,733.5806826254944,"MATR_b4c35,MATR_b4c8,MATR_b1c29,MATR_b4c0,MATR_b4c3,MATR_b3c4,MATR_b3c19,MATR_b1c18,MATR_b3c36,MATR_b1c7,MATR_b1c9,MATR_b3c10",False,False,0.95
540,MATR_b1c32,729.0,594.4597996882039,32.63557339803053,530.4952512132506,658.4243481631572,189.0,54.45979968820393,-9.50474878674936,118.42434816315722,134.54020031179607,"MATR_b4c35,MATR_b4c8,MATR_b1c29,MATR_b4c0,MATR_b4c3,MATR_b3c4,MATR_b3c19,MATR_b1c18,MATR_b3c36,MATR_b1c7,MATR_b1c9,MATR_b3c10",False,False,0.95
540,MATR_b1c33,754.0,670.293495719541,35.29056440565171,601.1252604903725,739.4617309487096,214.0,130.29349571954106,61.12526049037251,199.4617309487096,83.70650428045894,"MATR_b4c35,MATR_b4c8,MATR_b1c29,MATR_b4c0,MATR_b4c3,MATR_b3c4,MATR_b3c19,MATR_b1c18,MATR_b3c36,MATR_b1c7,MATR_b1c9,MATR_b3c10",False,False,0.95
540,MATR_b1c4,1705.0,707.8782618175054,57.21011995085848,595.7484871626064,820.0080364724045,1165.0,167.8782618175054,55.74848716260635,280.00803647240446,997.1217381824946,"MATR_b4c35,MATR_b4c8,MATR_b1c29,MATR_b4c0,MATR_b4c3,MATR_b3c4,MATR_b3c19,MATR_b1c18,MATR_b3c36,MATR_b1c7,MATR_b1c9,MATR_b3c10",False,False,0.95
540,MATR_b1c40,964.0,690.9215162505163,45.182517059996755,602.3654100820561,779.4776224189766,424.0,150.92151625051633,62.36541008205609,239.47762241897658,273.07848374948367,"MATR_b4c35,MATR_b4c8,MATR_b1c29,MATR_b4c0,MATR_b4c3,MATR_b3c4,MATR_b3c19,MATR_b1c18,MATR_b3c36,MATR_b1c7,MATR_b1c9,MATR_b3c10",False,False,0.95
540,MATR_b1c43,649.0,536.0895632791071,21.235195111121456,494.46934565662804,577.7097809015862,109.0,-3.9104367208929034,-45.530654343371964,37.709780901586214,112.9104367208929,"MATR_b4c35,MATR_b4c8,MATR_b1c29,MATR_b4c0,MATR_b4c3,MATR_b3c4,MATR_b3c19,MATR_b1c18,MATR_b3c36,MATR_b1c7,MATR_b1c9,MATR_b3c10",False,False,0.95
540,MATR_b1c44,614.0,443.33428073679437,14.11795558214268,415.6635962604585,471.0049652131302,74.0,-96.66571926320563,-124.33640373954148,-68.99503478686978,170.66571926320563,"MATR_b4c35,MATR_b4c8,MATR_b1c29,MATR_b4c0,MATR_b4c3,MATR_b3c4,MATR_b3c19,MATR_b1c18,MATR_b3c36,MATR_b1c7,MATR_b1c9,MATR_b3c10",False,False,0.95
540,MATR_b1c45,597.0,428.2404923163554,12.812800925516536,403.12786396126154,453.3531206714493,57.0,-111.75950768364459,-136.87213603873846,-86.64687932855071,168.75950768364459,"MATR_b4c35,MATR_b4c8,MATR_b1c29,MATR_b4c0,MATR_b4c3,MATR_b3c4,MATR_b3c19,MATR_b1c18,MATR_b3c36,MATR_b1c7,MATR_b1c9,MATR_b3c10",False,False,0.95
540,MATR_b3c21,770.0,439.99908776600824,11.916859665985047,416.6424720118595,463.35570352015696,230.0,-100.00091223399176,-123.35752798814048,-76.64429647984304,330.00091223399176,"MATR_b4c35,MATR_b4c8,MATR_b1c29,MATR_b4c0,MATR_b4c3,MATR_b3c4,MATR_b3c19,MATR_b1c18,MATR_b3c36,MATR_b1c7,MATR_b1c9,MATR_b3c10",False,False,0.95
540,MATR_b3c27,847.0,538.8702304175564,20.835719486466243,498.0329706321032,579.7074902030096,307.0,-1.1297695824436005,-41.96702936789683,39.70749020300957,308.1297695824436,"MATR_b4c35,MATR_b4c8,MATR_b1c29,MATR_b4c0,MATR_b4c3,MATR_b3c4,MATR_b3c19,MATR_b1c18,MATR_b3c36,MATR_b1c7,MATR_b1c9,MATR_b3c10",False,False,0.95
540,MATR_b3c34,1156.0,948.4560789861602,57.17141000040365,836.402174439996,1060.5099835323244,616.0,408.45607898616015,296.402174439996,520.5099835323244,207.54392101383985,"MATR_b4c35,MATR_b4c8,MATR_b1c29,MATR_b4c0,MATR_b4c3,MATR_b3c4,MATR_b3c19,MATR_b1c18,MATR_b3c36,MATR_b1c7,MATR_b1c9,MATR_b3c10",False,False,0.95
540,MATR_b3c35,1091.0,838.0406144326215,44.11114932168488,751.5843504454507,924.4968784197923,551.0,298.0406144326215,211.5843504454507,384.4968784197923,252.9593855673785,"MATR_b4c35,MATR_b4c8,MATR_b1c29,MATR_b4c0,MATR_b4c3,MATR_b3c4,MATR_b3c19,MATR_b1c18,MATR_b3c36,MATR_b1c7,MATR_b1c9,MATR_b3c10",False,False,0.95
540,MATR_b3c39,1154.0,788.1892196559191,34.52325205135392,720.5248890060669,855.8535503057714,614.0,248.18921965591915,180.52488900606693,315.85355030577136,365.81078034408085,"MATR_b4c35,MATR_b4c8,MATR_b1c29,MATR_b4c0,MATR_b4c3,MATR_b3c4,MATR_b3c19,MATR_b1c18,MATR_b3c36,MATR_b1c7,MATR_b1c9,MATR_b3c10",False,False,0.95
540,MATR_b4c2,742.0,517.6716459264877,16.29501558366282,485.73400225498966,549.6092895979857,202.0,-22.328354073512287,-54.26599774501034,9.609289597985708,224.3283540735123,"MATR_b4c35,MATR_b4c8,MATR_b1c29,MATR_b4c0,MATR_b4c3,MATR_b3c4,MATR_b3c19,MATR_b1c18,MATR_b3c36,MATR_b1c7,MATR_b1c9,MATR_b3c10",False,False,0.95
540,MATR_b4c20,747.0,500.2271937551851,15.827779814880564,469.2053153627892,531.249072147581,207.0,-39.77280624481489,-70.79468463721082,-8.750927852418954,246.7728062448149,"MATR_b4c35,MATR_b4c8,MATR_b1c29,MATR_b4c0,MATR_b4c3,MATR_b3c4,MATR_b3c19,MATR_b1c18,MATR_b3c36,MATR_b1c7,MATR_b1c9,MATR_b3c10",False,False,0.95
540,MATR_b4c22,671.0,473.640592679153,11.651795561612552,450.8034930231687,496.47769233513725,131.0,-66.35940732084703,-89.1965069768313,-43.52230766486275,197.35940732084703,"MATR_b4c35,MATR_b4c8,MATR_b1c29,MATR_b4c0,MATR_b4c3,MATR_b3c4,MATR_b3c19,MATR_b1c18,MATR_b3c36,MATR_b1c7,MATR_b1c9,MATR_b3c10",False,False,0.95
540,MATR_b4c23,1038.0,536.9184961817502,17.788378284180745,502.0539154013816,571.7830769621189,498.0,-3.0815038182497574,-37.94608459861843,31.783076962118912,501.08150381824976,"MATR_b4c35,MATR_b4c8,MATR_b1c29,MATR_b4c0,MATR_b4c3,MATR_b3c4,MATR_b3c19,MATR_b1c18,MATR_b3c36,MATR_b1c7,MATR_b1c9,MATR_b3c10",False,False,0.95
540,MATR_b4c24,988.0,635.817696100429,29.240372202473736,578.5076196890343,693.1277725118237,448.0,95.81769610042898,38.5076196890343,153.12777251182365,352.182303899571,"MATR_b4c35,MATR_b4c8,MATR_b1c29,MATR_b4c0,MATR_b4c3,MATR_b3c4,MATR_b3c19,MATR_b1c18,MATR_b3c36,MATR_b1c7,MATR_b1c9,MATR_b3c10",False,False,0.95
540,MATR_b4c38,1055.0,789.7894720806883,38.03078160808762,715.2505098249283,864.3284343364483,515.0,249.78947208068826,175.25050982492826,324.32843433644825,265.21052791931174,"MATR_b4c35,MATR_b4c8,MATR_b1c29,MATR_b4c0,MATR_b4c3,MATR_b3c4,MATR_b3c19,MATR_b1c18,MATR_b3c36,MATR_b1c7,MATR_b1c9,MATR_b3c10",False,False,0.95
540,MATR_b4c39,738.0,450.87318425246536,13.326156950097499,424.7543965779461,476.9919719269846,198.0,-89.12681574753464,-115.24560342205388,-63.008028073015396,287.12681574753464,"MATR_b4c35,MATR_b4c8,MATR_b1c29,MATR_b4c0,MATR_b4c3,MATR_b3c4,MATR_b3c19,MATR_b1c18,MATR_b3c36,MATR_b1c7,MATR_b1c9,MATR_b3c10",False,False,0.95
560,MATR_b1c17,858.0,646.9287048596955,39.2297002171024,570.0399053098716,723.8175044095193,298.0,86.92870485969547,10.039905309871642,163.8175044095193,211.07129514030453,"MATR_b1c30,MATR_b4c5,MATR_b4c44,MATR_b3c30,MATR_b3c40,MATR_b4c4,MATR_b3c6,MATR_b1c31,MATR_b1c35,MATR_b1c5,MATR_b4c6,MATR_b1c0",False,False,0.95
560,MATR_b1c25,852.0,548.8744097763134,29.260145625315083,491.52557816829864,606.2232413843282,292.0,-11.125590223686572,-68.47442183170136,46.22324138432816,303.1255902236866,"MATR_b1c30,MATR_b4c5,MATR_b4c44,MATR_b3c30,MATR_b3c40,MATR_b4c4,MATR_b3c6,MATR_b1c31,MATR_b1c35,MATR_b1c5,MATR_b4c6,MATR_b1c0",False,False,0.95
560,MATR_b1c26,868.0,666.977915412061,45.279700927304496,578.2313323637993,755.7244984603226,308.0,106.97791541206095,18.23133236379931,195.7244984603226,201.02208458793905,"MATR_b1c30,MATR_b4c5,MATR_b4c44,MATR_b3c30,MATR_b3c40,MATR_b4c4,MATR_b3c6,MATR_b1c31,MATR_b1c35,MATR_b1c5,MATR_b4c6,MATR_b1c0",False,False,0.95
560,MATR_b1c27,841.0,529.6889885764202,26.945220137614182,476.87732755119305,582.5006496016474,281.0,-30.31101142357977,-83.12267244880695,22.50064960164741,311.31101142357977,"MATR_b1c30,MATR_b4c5,MATR_b4c44,MATR_b3c30,MATR_b3c40,MATR_b4c4,MATR_b3c6,MATR_b1c31,MATR_b1c35,MATR_b1c5,MATR_b4c6,MATR_b1c0",False,False,0.95
560,MATR_b1c3,1431.0,705.9458187259346,60.474867147633795,587.4172571467279,824.4743803051413,871.0,145.9458187259346,27.417257146727934,264.47438030514127,725.0541812740654,"MATR_b1c30,MATR_b4c5,MATR_b4c44,MATR_b3c30,MATR_b3c40,MATR_b4c4,MATR_b3c6,MATR_b1c31,MATR_b1c35,MATR_b1c5,MATR_b4c6,MATR_b1c0",False,False,0.95
560,MATR_b1c32,729.0,565.8624372575823,30.469627081443093,506.14306555558755,625.5818089595771,169.0,5.8624372575823145,-53.856934444412445,65.58180895957707,163.13756274241769,"MATR_b1c30,MATR_b4c5,MATR_b4c44,MATR_b3c30,MATR_b3c40,MATR_b4c4,MATR_b3c6,MATR_b1c31,MATR_b1c35,MATR_b1c5,MATR_b4c6,MATR_b1c0",False,False,0.95
560,MATR_b1c33,754.0,634.561889892917,33.59165054431659,568.7234646448012,700.4003151410327,194.0,74.56188989291695,8.723464644801197,140.4003151410327,119.43811010708305,"MATR_b1c30,MATR_b4c5,MATR_b4c44,MATR_b3c30,MATR_b3c40,MATR_b4c4,MATR_b3c6,MATR_b1c31,MATR_b1c35,MATR_b1c5,MATR_b4c6,MATR_b1c0",False,False,0.95
560,MATR_b1c4,1705.0,723.7813941183895,59.085687264486005,607.9755750782,839.587213158579,1145.0,163.78139411838947,47.975575078199995,279.58721315857895,981.2186058816105,"MATR_b1c30,MATR_b4c5,MATR_b4c44,MATR_b3c30,MATR_b3c40,MATR_b4c4,MATR_b3c6,MATR_b1c31,MATR_b1c35,MATR_b1c5,MATR_b4c6,MATR_b1c0",False,False,0.95
560,MATR_b1c40,964.0,679.0511409133952,46.453614336248386,588.0037298626348,770.0985519641556,404.0,119.05114091339522,28.003729862634827,210.0985519641556,284.9488590866048,"MATR_b1c30,MATR_b4c5,MATR_b4c44,MATR_b3c30,MATR_b3c40,MATR_b4c4,MATR_b3c6,MATR_b1c31,MATR_b1c35,MATR_b1c5,MATR_b4c6,MATR_b1c0",False,False,0.95
560,MATR_b1c43,649.0,515.928426264403,19.009159007940298,478.6711592324449,553.1856932963611,89.0,-44.071573735596985,-81.3288407675551,-6.814306703638863,133.07157373559698,"MATR_b1c30,MATR_b4c5,MATR_b4c44,MATR_b3c30,MATR_b3c40,MATR_b4c4,MATR_b3c6,MATR_b1c31,MATR_b1c35,MATR_b1c5,MATR_b4c6,MATR_b1c0",False,False,0.95
560,MATR_b1c44,614.0,431.6563487480868,13.230795812226706,405.7244654693191,457.58823202685454,54.0,-128.34365125191317,-154.2755345306809,-102.41176797314546,182.34365125191317,"MATR_b1c30,MATR_b4c5,MATR_b4c44,MATR_b3c30,MATR_b3c40,MATR_b4c4,MATR_b3c6,MATR_b1c31,MATR_b1c35,MATR_b1c5,MATR_b4c6,MATR_b1c0",False,False,0.95
560,MATR_b1c45,597.0,416.9228319026883,13.236691904594748,390.9793924952297,442.8662713101469,37.0,-143.0771680973117,-169.02060750477028,-117.13372868985311,180.0771680973117,"MATR_b1c30,MATR_b4c5,MATR_b4c44,MATR_b3c30,MATR_b3c40,MATR_b4c4,MATR_b3c6,MATR_b1c31,MATR_b1c35,MATR_b1c5,MATR_b4c6,MATR_b1c0",False,False,0.95
560,MATR_b3c21,770.0,431.073831843722,12.397653610280829,406.77487727476864,455.3727864126754,210.0,-128.92616815627798,-153.22512272523136,-104.6272135873246,338.926168156278,"MATR_b1c30,MATR_b4c5,MATR_b4c44,MATR_b3c30,MATR_b3c40,MATR_b4c4,MATR_b3c6,MATR_b1c31,MATR_b1c35,MATR_b1c5,MATR_b4c6,MATR_b1c0",False,False,0.95
560,MATR_b3c27,847.0,496.90175983383574,17.00435521260008,463.57383603681365,530.2296836308578,287.0,-63.09824016616426,-96.42616396318635,-29.770316369142165,350.09824016616426,"MATR_b1c30,MATR_b4c5,MATR_b4c44,MATR_b3c30,MATR_b3c40,MATR_b4c4,MATR_b3c6,MATR_b1c31,MATR_b1c35,MATR_b1c5,MATR_b4c6,MATR_b1c0",False,False,0.95
560,MATR_b3c34,1156.0,864.3342738095723,51.94316948063742,762.5275323846629,966.1410152344818,596.0,304.3342738095723,202.5275323846629,406.14101523448176,291.6657261904277,"MATR_b1c30,MATR_b4c5,MATR_b4c44,MATR_b3c30,MATR_b3c40,MATR_b4c4,MATR_b3c6,MATR_b1c31,MATR_b1c35,MATR_b1c5,MATR_b4c6,MATR_b1c0",False,False,0.95
560,MATR_b3c35,1091.0,755.7079906307357,41.45987942448363,674.4481201553746,836.9678611060968,531.0,195.7079906307357,114.44812015537457,276.96786110609685,335.2920093692643,"MATR_b1c30,MATR_b4c5,MATR_b4c44,MATR_b3c30,MATR_b3c40,MATR_b4c4,MATR_b3c6,MATR_b1c31,MATR_b1c35,MATR_b1c5,MATR_b4c6,MATR_b1c0",False,False,0.95
560,MATR_b3c39,1154.0,764.8806910872607,35.80553866408428,694.7031248585992,835.0582573159223,594.0,204.88069108726074,134.70312485859915,275.05825731592233,389.11930891273926,"MATR_b1c30,MATR_b4c5,MATR_b4c44,MATR_b3c30,MATR_b3c40,MATR_b4c4,MATR_b3c6,MATR_b1c31,MATR_b1c35,MATR_b1c5,MATR_b4c6,MATR_b1c0",False,False,0.95
560,MATR_b4c2,742.0,501.9625645693701,15.10729222140381,472.3528159114965,531.5723132272436,182.0,-58.0374354306299,-87.64718408850348,-28.427686772756374,240.0374354306299,"MATR_b1c30,MATR_b4c5,MATR_b4c44,MATR_b3c30,MATR_b3c40,MATR_b4c4,MATR_b3c6,MATR_b1c31,MATR_b1c35,MATR_b1c5,MATR_b4c6,MATR_b1c0",False,False,0.95
560,MATR_b4c20,747.0,484.5081263939927,14.789741310812747,455.5207660841355,513.4954867038499,187.0,-75.49187360600729,-104.47923391586448,-46.504513296150094,262.4918736060073,"MATR_b1c30,MATR_b4c5,MATR_b4c44,MATR_b3c30,MATR_b3c40,MATR_b4c4,MATR_b3c6,MATR_b1c31,MATR_b1c35,MATR_b1c5,MATR_b4c6,MATR_b1c0",False,False,0.95
560,MATR_b4c22,671.0,468.0376689648292,11.181871798835722,446.12160295936707,489.95373497029135,111.0,-91.96233103517079,-113.87839704063293,-70.04626502970865,202.9623310351708,"MATR_b1c30,MATR_b4c5,MATR_b4c44,MATR_b3c30,MATR_b3c40,MATR_b4c4,MATR_b3c6,MATR_b1c31,MATR_b1c35,MATR_b1c5,MATR_b4c6,MATR_b1c0",False,False,0.95
560,MATR_b4c23,1038.0,527.5860458130037,17.15701412219424,493.9589160512579,561.2131755747495,478.0,-32.41395418699631,-66.04108394874208,1.2131755747494708,510.4139541869963,"MATR_b1c30,MATR_b4c5,MATR_b4c44,MATR_b3c30,MATR_b3c40,MATR_b4c4,MATR_b3c6,MATR_b1c31,MATR_b1c35,MATR_b1c5,MATR_b4c6,MATR_b1c0",False,False,0.95
560,MATR_b4c24,988.0,578.85893786767,25.92067361395712,528.0553511292964,629.6625246060436,428.0,18.858937867669965,-31.944648870703645,69.66252460604358,409.14106213233003,"MATR_b1c30,MATR_b4c5,MATR_b4c44,MATR_b3c30,MATR_b3c40,MATR_b4c4,MATR_b3c6,MATR_b1c31,MATR_b1c35,MATR_b1c5,MATR_b4c6,MATR_b1c0",False,False,0.95
560,MATR_b4c38,1055.0,765.122513618229,38.54372982355331,689.5781913342222,840.6668359022359,495.0,205.12251361822905,129.5781913342222,280.6668359022359,289.87748638177095,"MATR_b1c30,MATR_b4c5,MATR_b4c44,MATR_b3c30,MATR_b3c40,MATR_b4c4,MATR_b3c6,MATR_b1c31,MATR_b1c35,MATR_b1c5,MATR_b4c6,MATR_b1c0",False,False,0.95
560,MATR_b4c39,738.0,439.5191921838215,13.507753758100252,413.0444813059094,465.99390306173353,178.0,-120.48080781617853,-146.95551869409059,-94.00609693826647,298.4808078161785,"MATR_b1c30,MATR_b4c5,MATR_b4c44,MATR_b3c30,MATR_b3c40,MATR_b4c4,MATR_b3c6,MATR_b1c31,MATR_b1c35,MATR_b1c5,MATR_b4c6,MATR_b1c0",False,False,0.95
580,MATR_b1c17,858.0,623.0795928022208,37.5316516203249,549.5189073460796,696.640278258362,278.0,43.07959280222076,-30.481092653920427,116.64027825836195,234.92040719777924,"MATR_b1c11,MATR_b4c21,MATR_b3c33,MATR_b3c6,MATR_b1c42,MATR_b4c5,MATR_b1c38,MATR_b4c1,MATR_b3c4,MATR_b1c29,MATR_b3c18,MATR_b3c38",False,False,0.95
580,MATR_b1c25,852.0,521.3197715173914,26.070901035579936,470.2217444431467,572.417798591636,272.0,-58.68022848260864,-109.77825555685331,-7.5822014083639715,330.68022848260864,"MATR_b1c11,MATR_b4c21,MATR_b3c33,MATR_b3c6,MATR_b1c42,MATR_b4c5,MATR_b1c38,MATR_b4c1,MATR_b3c4,MATR_b1c29,MATR_b3c18,MATR_b3c38",False,False,0.95
580,MATR_b1c26,868.0,638.4330362414918,42.62182570449126,554.8957929053454,721.9702795776382,288.0,58.43303624149178,-25.104207094654612,141.97027957763817,229.56696375850822,"MATR_b1c11,MATR_b4c21,MATR_b3c33,MATR_b3c6,MATR_b1c42,MATR_b4c5,MATR_b1c38,MATR_b4c1,MATR_b3c4,MATR_b1c29,MATR_b3c18,MATR_b3c38",False,False,0.95
580,MATR_b1c27,841.0,518.1011008403647,25.504356063868894,468.1134815062959,568.0887201744334,261.0,-61.898899159635334,-111.8865184937041,-11.911279825566567,322.89889915963533,"MATR_b1c11,MATR_b4c21,MATR_b3c33,MATR_b3c6,MATR_b1c42,MATR_b4c5,MATR_b1c38,MATR_b4c1,MATR_b3c4,MATR_b1c29,MATR_b3c18,MATR_b3c38",False,False,0.95
580,MATR_b1c3,1431.0,726.0970950344371,61.00232863938153,606.534727928173,845.6594621407012,851.0,146.09709503443707,26.53472792817297,265.6594621407012,704.9029049655629,"MATR_b1c11,MATR_b4c21,MATR_b3c33,MATR_b3c6,MATR_b1c42,MATR_b4c5,MATR_b1c38,MATR_b4c1,MATR_b3c4,MATR_b1c29,MATR_b3c18,MATR_b3c38",False,False,0.95
580,MATR_b1c32,729.0,526.3578997020059,24.89711292450915,477.56045505094124,575.1553443530705,149.0,-53.64210029799415,-102.43954494905876,-4.844655646929482,202.64210029799415,"MATR_b1c11,MATR_b4c21,MATR_b3c33,MATR_b3c6,MATR_b1c42,MATR_b4c5,MATR_b1c38,MATR_b4c1,MATR_b3c4,MATR_b1c29,MATR_b3c18,MATR_b3c38",False,False,0.95
580,MATR_b1c33,754.0,590.9816820340968,29.517843160393742,533.1277725384232,648.8355915297705,174.0,10.98168203409682,-46.87222746157681,68.83559152977045,163.01831796590318,"MATR_b1c11,MATR_b4c21,MATR_b3c33,MATR_b3c6,MATR_b1c42,MATR_b4c5,MATR_b1c38,MATR_b4c1,MATR_b3c4,MATR_b1c29,MATR_b3c18,MATR_b3c38",False,False,0.95
580,MATR_b1c4,1705.0,740.3848268705167,60.25897654817521,622.2794030908495,858.4902506501838,1125.0,160.3848268705167,42.27940309084954,278.49025065018384,964.6151731294833,"MATR_b1c11,MATR_b4c21,MATR_b3c33,MATR_b3c6,MATR_b1c42,MATR_b4c5,MATR_b1c38,MATR_b4c1,MATR_b3c4,MATR_b1c29,MATR_b3c18,MATR_b3c38",False,False,0.95
580,MATR_b1c40,964.0,659.7188091393501,45.44526433577234,570.6477277733338,748.7898905053664,384.0,79.71880913935013,-9.352272226666173,168.78989050536643,304.2811908606499,"MATR_b1c11,MATR_b4c21,MATR_b3c33,MATR_b3c6,MATR_b1c42,MATR_b4c5,MATR_b1c38,MATR_b4c1,MATR_b3c4,MATR_b1c29,MATR_b3c18,MATR_b3c38",False,False,0.95
580,MATR_b1c43,649.0,490.73759621246575,15.669257910469746,460.0264150434757,521.4487773814558,69.0,-89.26240378753425,-119.97358495652429,-58.551222618544216,158.26240378753425,"MATR_b1c11,MATR_b4c21,MATR_b3c33,MATR_b3c6,MATR_b1c42,MATR_b4c5,MATR_b1c38,MATR_b4c1,MATR_b3c4,MATR_b1c29,MATR_b3c18,MATR_b3c38",False,False,0.95
580,MATR_b1c44,614.0,419.18761223593106,13.540146804462292,392.64941215379986,445.72581231806225,34.0,-160.81238776406894,-187.35058784620014,-134.27418768193775,194.81238776406894,"MATR_b1c11,MATR_b4c21,MATR_b3c33,MATR_b3c6,MATR_b1c42,MATR_b4c5,MATR_b1c38,MATR_b4c1,MATR_b3c4,MATR_b1c29,MATR_b3c18,MATR_b3c38",False,False,0.95
580,MATR_b1c45,597.0,403.46744792732136,14.455882763832445,375.13443834547644,431.8004575091663,17.0,-176.53255207267864,-204.86556165452356,-148.19954249083372,193.53255207267864,"MATR_b1c11,MATR_b4c21,MATR_b3c33,MATR_b3c6,MATR_b1c42,MATR_b4c5,MATR_b1c38,MATR_b4c1,MATR_b3c4,MATR_b1c29,MATR_b3c18,MATR_b3c38",False,False,0.95
580,MATR_b3c21,770.0,419.215716785278,13.26024554062635,393.2261130994925,445.2053204710635,190.0,-160.784283214722,-186.77388690050748,-134.7946795289365,350.784283214722,"MATR_b1c11,MATR_b4c21,MATR_b3c33,MATR_b3c6,MATR_b1c42,MATR_b4c5,MATR_b1c38,MATR_b4c1,MATR_b3c4,MATR_b1c29,MATR_b3c18,MATR_b3c38",False,False,0.95
580,MATR_b3c27,847.0,481.75074101883155,15.659679715510192,451.0583327669991,512.443149270664,267.0,-98.24925898116845,-128.94166723300089,-67.55685072933602,365.24925898116845,"MATR_b1c11,MATR_b4c21,MATR_b3c33,MATR_b3c6,MATR_b1c42,MATR_b4c5,MATR_b1c38,MATR_b4c1,MATR_b3c4,MATR_b1c29,MATR_b3c18,MATR_b3c38",False,False,0.95
580,MATR_b3c34,1156.0,844.0819861383555,51.45388365030074,743.2342273190518,944.9297449576593,576.0,264.08198613835555,163.2342273190518,364.9297449576593,311.91801386164445,"MATR_b1c11,MATR_b4c21,MATR_b3c33,MATR_b3c6,MATR_b1c42,MATR_b4c5,MATR_b1c38,MATR_b4c1,MATR_b3c4,MATR_b1c29,MATR_b3c18,MATR_b3c38",False,False,0.95
580,MATR_b3c35,1091.0,756.0025547008626,42.18499476487716,673.3214842736926,838.6836251280325,511.0,176.00255470086256,93.32148427369259,258.68362512803253,334.99744529913744,"MATR_b1c11,MATR_b4c21,MATR_b3c33,MATR_b3c6,MATR_b1c42,MATR_b4c5,MATR_b1c38,MATR_b4c1,MATR_b3c4,MATR_b1c29,MATR_b3c18,MATR_b3c38",False,False,0.95
580,MATR_b3c39,1154.0,718.1509308772031,33.95963384882958,651.5912716053298,784.7105901490764,574.0,138.1509308772031,71.59127160532978,204.71059014907644,435.8490691227969,"MATR_b1c11,MATR_b4c21,MATR_b3c33,MATR_b3c6,MATR_b1c42,MATR_b4c5,MATR_b1c38,MATR_b4c1,MATR_b3c4,MATR_b1c29,MATR_b3c18,MATR_b3c38",False,False,0.95
580,MATR_b4c2,742.0,489.3128506462446,14.173742687056432,461.53282545347605,517.0928758390132,162.0,-90.68714935375539,-118.46717454652395,-62.90712416098677,252.6871493537554,"MATR_b1c11,MATR_b4c21,MATR_b3c33,MATR_b3c6,MATR_b1c42,MATR_b4c5,MATR_b1c38,MATR_b4c1,MATR_b3c4,MATR_b1c29,MATR_b3c18,MATR_b3c38",False,False,0.95
580,MATR_b4c20,747.0,470.71127025277167,13.907463429725968,443.4531428142009,497.96939769134246,167.0,-109.28872974722833,-136.54685718579913,-82.03060230865754,276.28872974722833,"MATR_b1c11,MATR_b4c21,MATR_b3c33,MATR_b3c6,MATR_b1c42,MATR_b4c5,MATR_b1c38,MATR_b4c1,MATR_b3c4,MATR_b1c29,MATR_b3c18,MATR_b3c38",False,False,0.95
580,MATR_b4c22,671.0,459.66058414501407,10.843468248817102,438.40777690982895,480.9133913801992,91.0,-120.33941585498593,-141.59222309017105,-99.08660861980081,211.33941585498593,"MATR_b1c11,MATR_b4c21,MATR_b3c33,MATR_b3c6,MATR_b1c42,MATR_b4c5,MATR_b1c38,MATR_b4c1,MATR_b3c4,MATR_b1c29,MATR_b3c18,MATR_b3c38",False,False,0.95
580,MATR_b4c23,1038.0,508.3125283877687,15.573986608809852,477.78807553879227,538.836981236745,458.0,-71.68747161223132,-102.21192446120773,-41.16301876325497,529.6874716122313,"MATR_b1c11,MATR_b4c21,MATR_b3c33,MATR_b3c6,MATR_b1c42,MATR_b4c5,MATR_b1c38,MATR_b4c1,MATR_b3c4,MATR_b1c29,MATR_b3c18,MATR_b3c38",False,False,0.95
580,MATR_b4c24,988.0,560.2637878556088,23.884214374828566,513.451587881911,607.0759878293067,408.0,-19.736212144391175,-66.548412118089,27.075987829306655,427.7362121443912,"MATR_b1c11,MATR_b4c21,MATR_b3c33,MATR_b3c6,MATR_b1c42,MATR_b4c5,MATR_b1c38,MATR_b4c1,MATR_b3c4,MATR_b1c29,MATR_b3c18,MATR_b3c38",False,False,0.95
580,MATR_b4c38,1055.0,735.5632536004994,37.46846130239971,662.1264188916632,809.0000883093355,475.0,155.56325360049937,82.1264188916632,229.00008830933552,319.43674639950063,"MATR_b1c11,MATR_b4c21,MATR_b3c33,MATR_b3c6,MATR_b1c42,MATR_b4c5,MATR_b1c38,MATR_b4c1,MATR_b3c4,MATR_b1c29,MATR_b3c18,MATR_b3c38",False,False,0.95
580,MATR_b4c39,738.0,427.3986419122292,14.327031632182301,399.3181759077858,455.4791079166726,158.0,-152.6013580877708,-180.68182409221419,-124.5208920833274,310.6013580877708,"MATR_b1c11,MATR_b4c21,MATR_b3c33,MATR_b3c6,MATR_b1c42,MATR_b4c5,MATR_b1c38,MATR_b4c1,MATR_b3c4,MATR_b1c29,MATR_b3c18,MATR_b3c38",False,False,0.95
600,MATR_b1c17,858.0,556.2527996242135,32.37113341891271,492.8065439844036,619.6990552640233,258.0,-43.74720037578652,-107.19345601559638,19.699055264023286,301.7472003757865,"MATR_b1c41,MATR_b3c15,MATR_b4c29,MATR_b1c30,MATR_b3c10,MATR_b4c19,MATR_b4c37,MATR_b3c41,MATR_b4c10,MATR_b3c4,MATR_b3c30,MATR_b1c38",False,False,0.95
600,MATR_b1c25,852.0,491.0154643410023,22.339178122211806,447.23147977724204,534.7994489047626,252.0,-108.98453565899769,-152.76852022275796,-65.20055109523742,360.9845356589977,"MATR_b1c41,MATR_b3c15,MATR_b4c29,MATR_b1c30,MATR_b3c10,MATR_b4c19,MATR_b4c37,MATR_b3c41,MATR_b4c10,MATR_b3c4,MATR_b3c30,MATR_b1c38",False,False,0.95
600,MATR_b1c26,868.0,582.1325693928811,35.49759904600416,512.5585537250696,651.7065850606926,268.0,-17.867430607118877,-87.4414462749304,51.706585060692646,285.8674306071189,"MATR_b1c41,MATR_b3c15,MATR_b4c29,MATR_b1c30,MATR_b3c10,MATR_b4c19,MATR_b4c37,MATR_b3c41,MATR_b4c10,MATR_b3c4,MATR_b3c30,MATR_b1c38",False,False,0.95
600,MATR_b1c27,841.0,493.07466159793194,22.807607766954714,448.3725718011847,537.7767513946792,241.0,-106.92533840206806,-151.62742819881532,-62.223248605320805,347.92533840206806,"MATR_b1c41,MATR_b3c15,MATR_b4c29,MATR_b1c30,MATR_b3c10,MATR_b4c19,MATR_b4c37,MATR_b3c41,MATR_b4c10,MATR_b3c4,MATR_b3c30,MATR_b1c38",False,False,0.95
600,MATR_b1c3,1431.0,727.5405147119715,55.02438129854319,619.6947090952276,835.3863203287153,831.0,127.54051471197147,19.69470909522761,235.38632032871533,703.4594852880285,"MATR_b1c41,MATR_b3c15,MATR_b4c29,MATR_b1c30,MATR_b3c10,MATR_b4c19,MATR_b4c37,MATR_b3c41,MATR_b4c10,MATR_b3c4,MATR_b3c30,MATR_b1c38",False,False,0.95
600,MATR_b1c32,729.0,488.25940286789654,20.19220379490005,448.6834106613994,527.8353950743937,129.0,-111.74059713210346,-151.31658933860058,-72.16460492560634,240.74059713210346,"MATR_b1c41,MATR_b3c15,MATR_b4c29,MATR_b1c30,MATR_b3c10,MATR_b4c19,MATR_b4c37,MATR_b3c41,MATR_b4c10,MATR_b3c4,MATR_b3c30,MATR_b1c38",False,False,0.95
600,MATR_b1c33,754.0,517.4149980566101,23.10587817180898,472.1283090086943,562.7016871045258,154.0,-82.5850019433899,-127.87169099130568,-37.29831289547417,236.5850019433899,"MATR_b1c41,MATR_b3c15,MATR_b4c29,MATR_b1c30,MATR_b3c10,MATR_b4c19,MATR_b4c37,MATR_b3c41,MATR_b4c10,MATR_b3c4,MATR_b3c30,MATR_b1c38",False,False,0.95
600,MATR_b1c4,1705.0,725.484504276418,54.57015050334417,618.5289746589331,832.4400338939029,1105.0,125.48450427641797,18.528974658933066,232.44003389390286,979.515495723582,"MATR_b1c41,MATR_b3c15,MATR_b4c29,MATR_b1c30,MATR_b3c10,MATR_b4c19,MATR_b4c37,MATR_b3c41,MATR_b4c10,MATR_b3c4,MATR_b3c30,MATR_b1c38",False,False,0.95
600,MATR_b1c40,964.0,601.5329639172373,36.27764213703086,530.4300918846242,672.6358359498505,364.0,1.532963917237339,-69.56990811537582,72.6358359498505,362.46703608276266,"MATR_b1c41,MATR_b3c15,MATR_b4c29,MATR_b1c30,MATR_b3c10,MATR_b4c19,MATR_b4c37,MATR_b3c41,MATR_b4c10,MATR_b3c4,MATR_b3c30,MATR_b1c38",False,False,0.95
600,MATR_b1c43,649.0,477.46436224703183,14.211797778816011,449.6097504449861,505.31897404907755,49.0,-122.53563775296817,-150.3902495550139,-94.68102595092245,171.53563775296817,"MATR_b1c41,MATR_b3c15,MATR_b4c29,MATR_b1c30,MATR_b3c10,MATR_b4c19,MATR_b4c37,MATR_b3c41,MATR_b4c10,MATR_b3c4,MATR_b3c30,MATR_b1c38",False,False,0.95
600,MATR_b1c44,614.0,409.24272477636833,14.555999310603926,380.71349036859476,437.7719591841419,14.0,-190.75727522363167,-219.28650963140524,-162.2280408158581,204.75727522363167,"MATR_b1c41,MATR_b3c15,MATR_b4c29,MATR_b1c30,MATR_b3c10,MATR_b4c19,MATR_b4c37,MATR_b3c41,MATR_b4c10,MATR_b3c4,MATR_b3c30,MATR_b1c38",False,False,0.95
600,MATR_b3c21,770.0,407.60736530602367,14.363427118151035,379.4555654598817,435.7591651521656,170.0,-192.39263469397633,-220.5444345401183,-164.24083484783438,362.39263469397633,"MATR_b1c41,MATR_b3c15,MATR_b4c29,MATR_b1c30,MATR_b3c10,MATR_b4c19,MATR_b4c37,MATR_b3c41,MATR_b4c10,MATR_b3c4,MATR_b3c30,MATR_b1c38",False,False,0.95
600,MATR_b3c27,847.0,473.9066780793967,14.940927379370304,444.62299852020254,503.1903576385909,247.0,-126.09332192060327,-155.37700147979746,-96.80964236140909,373.0933219206033,"MATR_b1c41,MATR_b3c15,MATR_b4c29,MATR_b1c30,MATR_b3c10,MATR_b4c19,MATR_b4c37,MATR_b3c41,MATR_b4c10,MATR_b3c4,MATR_b3c30,MATR_b1c38",False,False,0.95
600,MATR_b3c34,1156.0,745.8944952786765,40.122643784122786,667.255558497266,824.533432060087,556.0,145.89449527867646,67.25555849726595,224.53343206008697,410.10550472132354,"MATR_b1c41,MATR_b3c15,MATR_b4c29,MATR_b1c30,MATR_b3c10,MATR_b4c19,MATR_b4c37,MATR_b3c41,MATR_b4c10,MATR_b3c4,MATR_b3c30,MATR_b1c38",False,False,0.95
600,MATR_b3c35,1091.0,727.9103538434728,39.902006050151364,649.7038590742768,806.1168486126687,491.0,127.91035384347276,49.70385907427681,206.11684861266872,363.08964615652724,"MATR_b1c41,MATR_b3c15,MATR_b4c29,MATR_b1c30,MATR_b3c10,MATR_b4c19,MATR_b4c37,MATR_b3c41,MATR_b4c10,MATR_b3c4,MATR_b3c30,MATR_b1c38",False,False,0.95
600,MATR_b3c39,1154.0,655.6117718138373,30.400207331525202,596.0284603214974,715.1950833061773,554.0,55.61177181383732,-3.9715396785026087,115.19508330617725,498.3882281861627,"MATR_b1c41,MATR_b3c15,MATR_b4c29,MATR_b1c30,MATR_b3c10,MATR_b4c19,MATR_b4c37,MATR_b3c41,MATR_b4c10,MATR_b3c4,MATR_b3c30,MATR_b1c38",False,False,0.95
600,MATR_b4c2,742.0,477.1713070706314,13.610655227409648,450.4949130189167,503.84770112234617,142.0,-122.82869292936857,-149.5050869810833,-96.15229887765383,264.8286929293686,"MATR_b1c41,MATR_b3c15,MATR_b4c29,MATR_b1c30,MATR_b3c10,MATR_b4c19,MATR_b4c37,MATR_b3c41,MATR_b4c10,MATR_b3c4,MATR_b3c30,MATR_b1c38",False,False,0.95
600,MATR_b4c20,747.0,463.1175571920082,13.671805317703074,436.321311165667,489.91380321834936,147.0,-136.88244280799182,-163.678688834333,-110.08619678165064,283.8824428079918,"MATR_b1c41,MATR_b3c15,MATR_b4c29,MATR_b1c30,MATR_b3c10,MATR_b4c19,MATR_b4c37,MATR_b3c41,MATR_b4c10,MATR_b3c4,MATR_b3c30,MATR_b1c38",False,False,0.95
600,MATR_b4c22,671.0,453.32737714405926,10.934129534391316,431.8968770543566,474.7578772337619,71.0,-146.67262285594074,-168.1031229456434,-125.24212276623808,217.67262285594074,"MATR_b1c41,MATR_b3c15,MATR_b4c29,MATR_b1c30,MATR_b3c10,MATR_b4c19,MATR_b4c37,MATR_b3c41,MATR_b4c10,MATR_b3c4,MATR_b3c30,MATR_b1c38",False,False,0.95
600,MATR_b4c23,1038.0,494.43190707221544,14.72875079799921,465.5640859708714,523.2997281735595,438.0,-105.56809292778456,-134.43591402912858,-76.70027182644048,543.5680929277846,"MATR_b1c41,MATR_b3c15,MATR_b4c29,MATR_b1c30,MATR_b3c10,MATR_b4c19,MATR_b4c37,MATR_b3c41,MATR_b4c10,MATR_b3c4,MATR_b3c30,MATR_b1c38",False,False,0.95
600,MATR_b4c24,988.0,537.151200337312,21.545905467074615,494.9220016075412,579.380399067083,388.0,-62.84879966268795,-105.07799839245882,-20.619600932917024,450.84879966268795,"MATR_b1c41,MATR_b3c15,MATR_b4c29,MATR_b1c30,MATR_b3c10,MATR_b4c19,MATR_b4c37,MATR_b3c41,MATR_b4c10,MATR_b3c4,MATR_b3c30,MATR_b1c38",False,False,0.95
600,MATR_b4c38,1055.0,676.1154921264779,32.13074590320807,613.1403873597822,739.0905968931736,455.0,76.11549212647787,13.140387359782153,139.0905968931736,378.8845078735221,"MATR_b1c41,MATR_b3c15,MATR_b4c29,MATR_b1c30,MATR_b3c10,MATR_b4c19,MATR_b4c37,MATR_b3c41,MATR_b4c10,MATR_b3c4,MATR_b3c30,MATR_b1c38",False,False,0.95
600,MATR_b4c39,738.0,417.48571723086053,15.656038984857911,386.800444679984,448.17098978173703,138.0,-182.51428276913947,-213.19955532001597,-151.82901021826297,320.51428276913947,"MATR_b1c41,MATR_b3c15,MATR_b4c29,MATR_b1c30,MATR_b3c10,MATR_b4c19,MATR_b4c37,MATR_b3c41,MATR_b4c10,MATR_b3c4,MATR_b3c30,MATR_b1c38",False,False,0.95
