2026-08-30 16:54:13,186 | INFO | start fold=3 device=cuda parameters=886228 train=108 validation=27 horizons=[100, 120, 140, 160, 180, 200, 220, 240, 260, 280, 300] q_points=256 context=[8,16] query=8 target=lifetime delta_soh=false paired_horizons=False consistency_weight=0 consistency_gap=20
2026-08-30 16:54:13,186 | INFO | train_scalers cycle=300 soh=0.96522+-0.016708 voltage=2.7675+-0.46865 current=3.2315+-1.4987 lifetime=795.06+-289.69
2026-08-30 16:54:13,337 | INFO | step=1/20000 loss=0.8622249 nll=0.8622214 kl=0.01738948 consistency=0 lambda=0 beta=0.0002 grad=1.663066 horizon=160 lifetime=[607,1061] skipped=False
2026-08-30 16:54:14,062 | INFO | step=10/20000 loss=0.9826111 nll=0.9825993 kl=0.005907045 consistency=0 lambda=0 beta=0.002 grad=2.907836 horizon=120 lifetime=[456,814] skipped=False
2026-08-30 16:54:14,508 | INFO | step=20/20000 loss=1.131192 nll=1.131089 kl=0.02586078 consistency=0 lambda=0 beta=0.004 grad=1.340368 horizon=220 lifetime=[491,1154] skipped=False
2026-08-30 16:54:14,944 | INFO | step=30/20000 loss=2.664308 nll=2.66389 kl=0.06970588 consistency=0 lambda=0 beta=0.006 grad=6.283941 horizon=220 lifetime=[464,1932] skipped=False
2026-08-30 16:54:15,349 | INFO | step=40/20000 loss=1.050132 nll=1.049971 kl=0.02013454 consistency=0 lambda=0 beta=0.008 grad=1.340606 horizon=180 lifetime=[458,991] skipped=False
2026-08-30 16:54:15,757 | INFO | step=50/20000 loss=1.020539 nll=1.020439 kl=0.009986988 consistency=0 lambda=0 beta=0.01 grad=0.8239406 horizon=140 lifetime=[461,1071] skipped=False
2026-08-30 16:54:16,123 | INFO | step=60/20000 loss=1.863485 nll=1.863307 kl=0.01481321 consistency=0 lambda=0 beta=0.012 grad=4.17854 horizon=100 lifetime=[649,1635] skipped=False
2026-08-30 16:54:16,463 | INFO | step=70/20000 loss=2.114058 nll=2.113926 kl=0.009449489 consistency=0 lambda=0 beta=0.014 grad=5.032745 horizon=240 lifetime=[614,1705] skipped=False
2026-08-30 16:54:16,872 | INFO | step=80/20000 loss=1.085379 nll=1.085161 kl=0.01367218 consistency=0 lambda=0 beta=0.016 grad=0.9117252 horizon=280 lifetime=[460,1015] skipped=False
2026-08-30 16:54:17,263 | INFO | step=90/20000 loss=1.054753 nll=1.054309 kl=0.02467774 consistency=0 lambda=0 beta=0.018 grad=1.11197 horizon=200 lifetime=[486,1025] skipped=False
2026-08-30 16:54:17,667 | INFO | step=100/20000 loss=1.076011 nll=1.075731 kl=0.0140074 consistency=0 lambda=0 beta=0.02 grad=0.8136697 horizon=300 lifetime=[476,1091] skipped=False
2026-08-30 16:54:18,019 | INFO | step=110/20000 loss=2.387171 nll=2.386867 kl=0.0138178 consistency=0 lambda=0 beta=0.022 grad=4.806601 horizon=100 lifetime=[476,1858] skipped=False
2026-08-30 16:54:18,419 | INFO | step=120/20000 loss=1.340695 nll=1.339862 kl=0.03469256 consistency=0 lambda=0 beta=0.024 grad=1.24111 horizon=100 lifetime=[477,1282] skipped=False
2026-08-30 16:54:18,856 | INFO | step=130/20000 loss=1.019428 nll=1.018371 kl=0.04064382 consistency=0 lambda=0 beta=0.026 grad=4.44474 horizon=200 lifetime=[455,988] skipped=False
2026-08-30 16:54:19,260 | INFO | step=140/20000 loss=0.8530767 nll=0.8518384 kl=0.04422507 consistency=0 lambda=0 beta=0.028 grad=2.398272 horizon=280 lifetime=[461,860] skipped=False
2026-08-30 16:54:19,640 | INFO | step=150/20000 loss=0.7256736 nll=0.7254463 kl=0.007575579 consistency=0 lambda=0 beta=0.03 grad=6.489419 horizon=220 lifetime=[456,964] skipped=False
2026-08-30 16:54:19,999 | INFO | step=160/20000 loss=1.11024 nll=1.104111 kl=0.1915161 consistency=0 lambda=0 beta=0.032 grad=5.727933 horizon=160 lifetime=[518,1156] skipped=False
2026-08-30 16:54:20,369 | INFO | step=170/20000 loss=0.9459936 nll=0.9442284 kl=0.05191967 consistency=0 lambda=0 beta=0.034 grad=6.320124 horizon=140 lifetime=[677,1049] skipped=False
2026-08-30 16:54:20,781 | INFO | step=180/20000 loss=1.861092 nll=1.858658 kl=0.06762055 consistency=0 lambda=0 beta=0.036 grad=45.04325 horizon=180 lifetime=[648,1858] skipped=False
2026-08-30 16:54:21,182 | INFO | step=190/20000 loss=1.270892 nll=1.268698 kl=0.05772996 consistency=0 lambda=0 beta=0.038 grad=14.56511 horizon=160 lifetime=[460,1635] skipped=False
2026-08-30 16:54:21,616 | INFO | step=200/20000 loss=0.8359435 nll=0.8339804 kl=0.04907836 consistency=0 lambda=0 beta=0.04 grad=18.39381 horizon=280 lifetime=[706,1036] skipped=False
2026-08-30 16:54:21,977 | INFO | step=210/20000 loss=1.140071 nll=1.138727 kl=0.03199928 consistency=0 lambda=0 beta=0.042 grad=8.766651 horizon=180 lifetime=[299,1071] skipped=False
2026-08-30 16:54:22,345 | INFO | step=220/20000 loss=0.7270308 nll=0.7254286 kl=0.03641218 consistency=0 lambda=0 beta=0.044 grad=10.76201 horizon=260 lifetime=[456,1015] skipped=False
2026-08-30 16:54:22,702 | INFO | step=230/20000 loss=1.68457 nll=1.682024 kl=0.05534652 consistency=0 lambda=0 beta=0.046 grad=16.4257 horizon=180 lifetime=[458,1932] skipped=False
2026-08-30 16:54:23,088 | INFO | step=240/20000 loss=0.6952789 nll=0.6950028 kl=0.005751989 consistency=0 lambda=0 beta=0.048 grad=10.28613 horizon=200 lifetime=[476,1049] skipped=False
2026-08-30 16:54:23,452 | INFO | step=250/20000 loss=1.07407 nll=1.073445 kl=0.01249738 consistency=0 lambda=0 beta=0.05 grad=9.845194 horizon=140 lifetime=[455,1635] skipped=False
2026-08-30 16:54:23,833 | INFO | step=260/20000 loss=1.588873 nll=1.588501 kl=0.007146284 consistency=0 lambda=0 beta=0.052 grad=23.40414 horizon=180 lifetime=[437,1932] skipped=False
2026-08-30 16:54:24,237 | INFO | step=270/20000 loss=1.642074 nll=1.640271 kl=0.03338501 consistency=0 lambda=0 beta=0.054 grad=53.23352 horizon=200 lifetime=[455,1858] skipped=False
2026-08-30 16:54:24,651 | INFO | step=280/20000 loss=1.122127 nll=1.120266 kl=0.03324355 consistency=0 lambda=0 beta=0.056 grad=17.22234 horizon=280 lifetime=[299,1705] skipped=False
2026-08-30 16:54:25,023 | INFO | step=290/20000 loss=1.118884 nll=1.112521 kl=0.1096965 consistency=0 lambda=0 beta=0.058 grad=13.71676 horizon=180 lifetime=[299,1858] skipped=False
2026-08-30 16:54:25,381 | INFO | step=300/20000 loss=0.3629293 nll=0.3622539 kl=0.0112569 consistency=0 lambda=0 beta=0.06 grad=8.996317 horizon=240 lifetime=[456,1282] skipped=False
2026-08-30 16:54:25,732 | INFO | step=310/20000 loss=0.7584377 nll=0.756355 kl=0.03359139 consistency=0 lambda=0 beta=0.062 grad=15.78677 horizon=220 lifetime=[484,1071] skipped=False
2026-08-30 16:54:26,108 | INFO | step=320/20000 loss=0.5184693 nll=0.5168132 kl=0.02587689 consistency=0 lambda=0 beta=0.064 grad=16.11744 horizon=260 lifetime=[299,1156] skipped=False
2026-08-30 16:54:26,477 | INFO | step=330/20000 loss=0.8250647 nll=0.8231058 kl=0.02968008 consistency=0 lambda=0 beta=0.066 grad=18.0917 horizon=120 lifetime=[299,1154] skipped=False
2026-08-30 16:54:26,891 | INFO | step=340/20000 loss=1.224656 nll=1.223032 kl=0.02388531 consistency=0 lambda=0 beta=0.068 grad=162.3762 horizon=200 lifetime=[455,1154] skipped=False
2026-08-30 16:54:27,259 | INFO | step=350/20000 loss=0.6245862 nll=0.6233057 kl=0.0182925 consistency=0 lambda=0 beta=0.07 grad=35.56661 horizon=180 lifetime=[477,1282] skipped=False
2026-08-30 16:54:27,642 | INFO | step=360/20000 loss=1.201671 nll=1.198849 kl=0.03919573 consistency=0 lambda=0 beta=0.072 grad=61.75351 horizon=280 lifetime=[437,1932] skipped=False
2026-08-30 16:54:28,031 | INFO | step=370/20000 loss=0.2781664 nll=0.2755472 kl=0.03539496 consistency=0 lambda=0 beta=0.074 grad=39.53065 horizon=140 lifetime=[464,1156] skipped=False
2026-08-30 16:54:28,444 | INFO | step=380/20000 loss=0.3111863 nll=0.3101375 kl=0.0138008 consistency=0 lambda=0 beta=0.076 grad=24.94878 horizon=260 lifetime=[486,942] skipped=False
2026-08-30 16:54:28,841 | INFO | step=390/20000 loss=0.4655427 nll=0.4625695 kl=0.03811779 consistency=0 lambda=0 beta=0.078 grad=17.86304 horizon=180 lifetime=[476,921] skipped=False
2026-08-30 16:54:29,190 | INFO | step=400/20000 loss=0.5146199 nll=0.5141237 kl=0.006202788 consistency=0 lambda=0 beta=0.08 grad=5.369716 horizon=120 lifetime=[508,991] skipped=False
2026-08-30 16:54:29,610 | INFO | step=410/20000 loss=0.1035673 nll=0.1030073 kl=0.00682924 consistency=0 lambda=0 beta=0.082 grad=6.380403 horizon=260 lifetime=[510,1038] skipped=False
2026-08-30 16:54:30,054 | INFO | step=420/20000 loss=0.2968934 nll=0.2941692 kl=0.03243085 consistency=0 lambda=0 beta=0.084 grad=35.63461 horizon=220 lifetime=[477,1071] skipped=False
2026-08-30 16:54:30,479 | INFO | step=430/20000 loss=0.3223387 nll=0.3211643 kl=0.01365639 consistency=0 lambda=0 beta=0.086 grad=45.88823 horizon=180 lifetime=[470,1007] skipped=False
2026-08-30 16:54:30,855 | INFO | step=440/20000 loss=0.7823296 nll=0.7778828 kl=0.05053137 consistency=0 lambda=0 beta=0.088 grad=51.11865 horizon=140 lifetime=[482,1858] skipped=False
2026-08-30 16:54:31,295 | INFO | step=450/20000 loss=-0.08425991 nll=-0.08600183 kl=0.0193546 consistency=0 lambda=0 beta=0.09 grad=16.77612 horizon=220 lifetime=[456,875] skipped=False
2026-08-30 16:54:31,675 | INFO | step=460/20000 loss=1.254846 nll=1.249031 kl=0.06320196 consistency=0 lambda=0 beta=0.092 grad=29.84348 horizon=100 lifetime=[299,1858] skipped=False
2026-08-30 16:54:32,032 | INFO | step=470/20000 loss=0.4061191 nll=0.4013729 kl=0.05049209 consistency=0 lambda=0 beta=0.094 grad=50.32961 horizon=180 lifetime=[539,1025] skipped=False
2026-08-30 16:54:32,433 | INFO | step=480/20000 loss=0.9496045 nll=0.9481573 kl=0.01507465 consistency=0 lambda=0 beta=0.096 grad=29.25797 horizon=220 lifetime=[529,1932] skipped=False
2026-08-30 16:54:32,811 | INFO | step=490/20000 loss=-0.01808752 nll=-0.01863105 kl=0.005546217 consistency=0 lambda=0 beta=0.098 grad=5.338943 horizon=220 lifetime=[464,1007] skipped=False
2026-08-30 16:54:33,634 | INFO | validation step=500 rmse=263.9398 best=263.9398@500 stale=0/10
2026-08-30 16:54:33,634 | INFO | step=500/20000 loss=-0.01082515 nll=-0.01291727 kl=0.02092123 consistency=0 lambda=0 beta=0.1 grad=10.76299 horizon=240 lifetime=[299,1007] skipped=False
2026-08-30 16:54:34,063 | INFO | step=510/20000 loss=0.8441122 nll=0.843109 kl=0.009835543 consistency=0 lambda=0 beta=0.102 grad=14.23629 horizon=180 lifetime=[464,1932] skipped=False
2026-08-30 16:54:34,472 | INFO | step=520/20000 loss=0.4238923 nll=0.4171575 kl=0.06475746 consistency=0 lambda=0 beta=0.104 grad=29.84275 horizon=280 lifetime=[615,988] skipped=False
2026-08-30 16:54:34,842 | INFO | step=530/20000 loss=1.202766 nll=1.197798 kl=0.04686613 consistency=0 lambda=0 beta=0.106 grad=10.22101 horizon=120 lifetime=[491,1858] skipped=False
2026-08-30 16:54:35,241 | INFO | step=540/20000 loss=0.4983146 nll=0.4956498 kl=0.02467451 consistency=0 lambda=0 beta=0.108 grad=22.76162 horizon=280 lifetime=[484,1705] skipped=False
2026-08-30 16:54:35,607 | INFO | step=550/20000 loss=0.5607396 nll=0.5588315 kl=0.01734635 consistency=0 lambda=0 beta=0.11 grad=33.08416 horizon=180 lifetime=[299,1045] skipped=False
2026-08-30 16:54:36,008 | INFO | step=560/20000 loss=0.1485826 nll=0.147614 kl=0.008647561 consistency=0 lambda=0 beta=0.112 grad=9.07181 horizon=160 lifetime=[455,875] skipped=False
2026-08-30 16:54:36,392 | INFO | step=570/20000 loss=0.5620427 nll=0.5574679 kl=0.04012945 consistency=0 lambda=0 beta=0.114 grad=64.59567 horizon=100 lifetime=[493,915] skipped=False
2026-08-30 16:54:36,804 | INFO | step=580/20000 loss=2.093786 nll=2.092104 kl=0.01449605 consistency=0 lambda=0 beta=0.116 grad=295.723 horizon=160 lifetime=[437,1705] skipped=False
2026-08-30 16:54:37,236 | INFO | step=590/20000 loss=0.8228487 nll=0.8200092 kl=0.024064 consistency=0 lambda=0 beta=0.118 grad=24.03774 horizon=160 lifetime=[467,1932] skipped=False
2026-08-30 16:54:37,641 | INFO | step=600/20000 loss=0.290182 nll=0.2847275 kl=0.04545343 consistency=0 lambda=0 beta=0.12 grad=14.66835 horizon=160 lifetime=[461,942] skipped=False
2026-08-30 16:54:38,033 | INFO | step=610/20000 loss=0.5718197 nll=0.5709694 kl=0.006969879 consistency=0 lambda=0 beta=0.122 grad=56.51992 horizon=120 lifetime=[437,991] skipped=False
2026-08-30 16:54:38,471 | INFO | step=620/20000 loss=0.5447765 nll=0.5437355 kl=0.008395041 consistency=0 lambda=0 beta=0.124 grad=34.25476 horizon=260 lifetime=[458,1282] skipped=False
2026-08-30 16:54:38,884 | INFO | step=630/20000 loss=1.466234 nll=1.461716 kl=0.03585538 consistency=0 lambda=0 beta=0.126 grad=156.091 horizon=280 lifetime=[460,1932] skipped=False
2026-08-30 16:54:39,287 | INFO | step=640/20000 loss=0.5144039 nll=0.5126957 kl=0.01334529 consistency=0 lambda=0 beta=0.128 grad=31.49986 horizon=120 lifetime=[455,1431] skipped=False
2026-08-30 16:54:39,678 | INFO | step=650/20000 loss=1.168751 nll=1.163479 kl=0.04055299 consistency=0 lambda=0 beta=0.13 grad=19.58887 horizon=180 lifetime=[467,1932] skipped=False
2026-08-30 16:54:40,058 | INFO | step=660/20000 loss=0.6828928 nll=0.6814575 kl=0.01087337 consistency=0 lambda=0 beta=0.132 grad=45.25569 horizon=180 lifetime=[559,1156] skipped=False
2026-08-30 16:54:40,452 | INFO | step=670/20000 loss=0.4663033 nll=0.4621925 kl=0.03067716 consistency=0 lambda=0 beta=0.134 grad=12.62491 horizon=140 lifetime=[458,1049] skipped=False
2026-08-30 16:54:40,860 | INFO | step=680/20000 loss=0.6855117 nll=0.6818109 kl=0.02721203 consistency=0 lambda=0 beta=0.136 grad=22.68837 horizon=100 lifetime=[648,1061] skipped=False
2026-08-30 16:54:41,245 | INFO | step=690/20000 loss=0.5390657 nll=0.5379797 kl=0.007869804 consistency=0 lambda=0 beta=0.138 grad=11.91779 horizon=240 lifetime=[477,1858] skipped=False
2026-08-30 16:54:41,652 | INFO | step=700/20000 loss=-0.2632802 nll=-0.2655488 kl=0.01620468 consistency=0 lambda=0 beta=0.14 grad=21.85108 horizon=280 lifetime=[437,1007] skipped=False
2026-08-30 16:54:42,055 | INFO | step=710/20000 loss=0.1951188 nll=0.1944723 kl=0.004552824 consistency=0 lambda=0 beta=0.142 grad=27.36717 horizon=260 lifetime=[493,1282] skipped=False
2026-08-30 16:54:42,451 | INFO | step=720/20000 loss=0.9164518 nll=0.9129739 kl=0.02415171 consistency=0 lambda=0 beta=0.144 grad=61.10817 horizon=140 lifetime=[677,988] skipped=False
2026-08-30 16:54:42,888 | INFO | step=730/20000 loss=0.3990883 nll=0.3954864 kl=0.0246701 consistency=0 lambda=0 beta=0.146 grad=28.2556 horizon=260 lifetime=[607,1431] skipped=False
2026-08-30 16:54:43,272 | INFO | step=740/20000 loss=0.6749148 nll=0.6723466 kl=0.0173529 consistency=0 lambda=0 beta=0.148 grad=44.79386 horizon=260 lifetime=[508,1156] skipped=False
2026-08-30 16:54:43,676 | INFO | step=750/20000 loss=0.8462268 nll=0.8450627 kl=0.007760546 consistency=0 lambda=0 beta=0.15 grad=7.749887 horizon=100 lifetime=[464,1858] skipped=False
2026-08-30 16:54:44,093 | INFO | step=760/20000 loss=0.2083874 nll=0.2076758 kl=0.004681587 consistency=0 lambda=0 beta=0.152 grad=14.154 horizon=200 lifetime=[510,1061] skipped=False
2026-08-30 16:54:44,505 | INFO | step=770/20000 loss=0.247969 nll=0.2424952 kl=0.03554371 consistency=0 lambda=0 beta=0.154 grad=24.62038 horizon=260 lifetime=[754,1091] skipped=False
2026-08-30 16:54:44,917 | INFO | step=780/20000 loss=0.2277534 nll=0.2246523 kl=0.01987847 consistency=0 lambda=0 beta=0.156 grad=16.65849 horizon=280 lifetime=[512,1431] skipped=False
2026-08-30 16:54:45,286 | INFO | step=790/20000 loss=0.08322891 nll=0.08124971 kl=0.01252654 consistency=0 lambda=0 beta=0.158 grad=26.79732 horizon=180 lifetime=[460,1156] skipped=False
2026-08-30 16:54:45,690 | INFO | step=800/20000 loss=0.06172727 nll=0.05842695 kl=0.02062704 consistency=0 lambda=0 beta=0.16 grad=53.30646 horizon=160 lifetime=[467,1015] skipped=False
2026-08-30 16:54:46,078 | INFO | step=810/20000 loss=0.4425407 nll=0.4407634 kl=0.01097073 consistency=0 lambda=0 beta=0.162 grad=5.016031 horizon=120 lifetime=[493,1156] skipped=False
2026-08-30 16:54:46,472 | INFO | step=820/20000 loss=-0.2432073 nll=-0.2438306 kl=0.003800311 consistency=0 lambda=0 beta=0.164 grad=16.39455 horizon=280 lifetime=[456,991] skipped=False
2026-08-30 16:54:46,876 | INFO | step=830/20000 loss=0.4345847 nll=0.4327903 kl=0.01080988 consistency=0 lambda=0 beta=0.166 grad=67.41293 horizon=160 lifetime=[633,836] skipped=False
2026-08-30 16:54:47,279 | INFO | step=840/20000 loss=-0.07428743 nll=-0.07596293 kl=0.009973219 consistency=0 lambda=0 beta=0.168 grad=16.21029 horizon=220 lifetime=[458,964] skipped=False
2026-08-30 16:54:47,645 | INFO | step=850/20000 loss=0.8523809 nll=0.8479003 kl=0.02635598 consistency=0 lambda=0 beta=0.17 grad=40.89376 horizon=240 lifetime=[461,1025] skipped=False
2026-08-30 16:54:48,037 | INFO | step=860/20000 loss=1.036371 nll=1.029999 kl=0.03705017 consistency=0 lambda=0 beta=0.172 grad=49.64722 horizon=260 lifetime=[456,1858] skipped=False
2026-08-30 16:54:48,410 | INFO | step=870/20000 loss=0.912621 nll=0.9115736 kl=0.006019514 consistency=0 lambda=0 beta=0.174 grad=52.02085 horizon=300 lifetime=[486,1156] skipped=False
2026-08-30 16:54:48,807 | INFO | step=880/20000 loss=0.6361091 nll=0.6343722 kl=0.009868398 consistency=0 lambda=0 beta=0.176 grad=52.07522 horizon=180 lifetime=[482,1282] skipped=False
2026-08-30 16:54:49,171 | INFO | step=890/20000 loss=0.3849992 nll=0.3808016 kl=0.02358218 consistency=0 lambda=0 beta=0.178 grad=14.67493 horizon=300 lifetime=[437,1038] skipped=False
2026-08-30 16:54:49,546 | INFO | step=900/20000 loss=0.3286961 nll=0.3237841 kl=0.02728846 consistency=0 lambda=0 beta=0.18 grad=110.5433 horizon=220 lifetime=[464,1045] skipped=False
2026-08-30 16:54:49,898 | INFO | step=910/20000 loss=1.184171 nll=1.182159 kl=0.01105221 consistency=0 lambda=0 beta=0.182 grad=48.57681 horizon=140 lifetime=[614,915] skipped=False
2026-08-30 16:54:50,281 | INFO | step=920/20000 loss=-0.07895944 nll=-0.08115546 kl=0.01193489 consistency=0 lambda=0 beta=0.184 grad=7.709626 horizon=220 lifetime=[299,1025] skipped=False
2026-08-30 16:54:50,658 | INFO | step=930/20000 loss=1.725404 nll=1.722547 kl=0.01535657 consistency=0 lambda=0 beta=0.186 grad=87.16879 horizon=120 lifetime=[455,1282] skipped=False
2026-08-30 16:54:51,036 | INFO | step=940/20000 loss=0.3114255 nll=0.3072151 kl=0.02239556 consistency=0 lambda=0 beta=0.188 grad=18.83032 horizon=180 lifetime=[477,1038] skipped=False
2026-08-30 16:54:51,436 | INFO | step=950/20000 loss=0.43509 nll=0.43081 kl=0.02252632 consistency=0 lambda=0 beta=0.19 grad=44.44919 horizon=100 lifetime=[486,875] skipped=False
2026-08-30 16:54:51,797 | INFO | step=960/20000 loss=0.1931341 nll=0.189655 kl=0.01812028 consistency=0 lambda=0 beta=0.192 grad=15.76711 horizon=200 lifetime=[455,1705] skipped=False
2026-08-30 16:54:52,187 | INFO | step=970/20000 loss=0.2858248 nll=0.2823617 kl=0.01785107 consistency=0 lambda=0 beta=0.194 grad=30.20366 horizon=180 lifetime=[482,1282] skipped=False
2026-08-30 16:54:52,623 | INFO | step=980/20000 loss=0.1846868 nll=0.183939 kl=0.003815451 consistency=0 lambda=0 beta=0.196 grad=36.50072 horizon=100 lifetime=[455,915] skipped=False
2026-08-30 16:54:53,056 | INFO | step=990/20000 loss=0.3418032 nll=0.3406883 kl=0.005631038 consistency=0 lambda=0 beta=0.198 grad=44.91347 horizon=240 lifetime=[486,1071] skipped=False
2026-08-30 16:54:53,738 | INFO | validation step=1000 rmse=239.7653 best=239.7653@1000 stale=0/10
2026-08-30 16:54:53,738 | INFO | step=1000/20000 loss=0.2937903 nll=0.2909295 kl=0.01430389 consistency=0 lambda=0 beta=0.2 grad=27.10708 horizon=260 lifetime=[482,1858] skipped=False
2026-08-30 16:54:54,114 | INFO | step=1010/20000 loss=0.2580049 nll=0.2567571 kl=0.006177127 consistency=0 lambda=0 beta=0.202 grad=9.915702 horizon=200 lifetime=[477,1858] skipped=False
2026-08-30 16:54:54,500 | INFO | step=1020/20000 loss=0.05221561 nll=0.04961655 kl=0.0127405 consistency=0 lambda=0 beta=0.204 grad=5.223505 horizon=260 lifetime=[458,874] skipped=False
2026-08-30 16:54:54,840 | INFO | step=1030/20000 loss=1.653391 nll=1.651802 kl=0.007712392 consistency=0 lambda=0 beta=0.206 grad=96.96712 horizon=220 lifetime=[486,1932] skipped=False
2026-08-30 16:54:55,226 | INFO | step=1040/20000 loss=1.090412 nll=1.086019 kl=0.02111697 consistency=0 lambda=0 beta=0.208 grad=33.30546 horizon=140 lifetime=[461,1858] skipped=False
2026-08-30 16:54:55,614 | INFO | step=1050/20000 loss=0.8477125 nll=0.8442825 kl=0.01633298 consistency=0 lambda=0 beta=0.21 grad=13.63651 horizon=140 lifetime=[491,1858] skipped=False
2026-08-30 16:54:55,985 | INFO | step=1060/20000 loss=-0.06231261 nll=-0.07090209 kl=0.04051645 consistency=0 lambda=0 beta=0.212 grad=27.66226 horizon=180 lifetime=[484,1007] skipped=False
2026-08-30 16:54:56,369 | INFO | step=1070/20000 loss=-0.281364 nll=-0.2872219 kl=0.02737335 consistency=0 lambda=0 beta=0.214 grad=9.251234 horizon=160 lifetime=[460,891] skipped=False
2026-08-30 16:54:56,750 | INFO | step=1080/20000 loss=1.758681 nll=1.757051 kl=0.007545712 consistency=0 lambda=0 beta=0.216 grad=71.67067 horizon=200 lifetime=[760,1282] skipped=False
2026-08-30 16:54:57,161 | INFO | step=1090/20000 loss=0.1005628 nll=0.09782289 kl=0.01256848 consistency=0 lambda=0 beta=0.218 grad=24.77947 horizon=240 lifetime=[512,1282] skipped=False
2026-08-30 16:54:57,579 | INFO | step=1100/20000 loss=0.9198999 nll=0.9183788 kl=0.006914334 consistency=0 lambda=0 beta=0.22 grad=62.7388 horizon=200 lifetime=[476,1635] skipped=False
2026-08-30 16:54:57,945 | INFO | step=1110/20000 loss=0.303605 nll=0.301677 kl=0.008684452 consistency=0 lambda=0 beta=0.222 grad=69.37974 horizon=240 lifetime=[460,1038] skipped=False
2026-08-30 16:54:58,322 | INFO | step=1120/20000 loss=0.6107022 nll=0.597548 kl=0.05872381 consistency=0 lambda=0 beta=0.224 grad=21.40355 horizon=120 lifetime=[299,1431] skipped=False
2026-08-30 16:54:58,710 | INFO | step=1130/20000 loss=0.6456514 nll=0.6438038 kl=0.008175044 consistency=0 lambda=0 beta=0.226 grad=53.22852 horizon=160 lifetime=[482,1071] skipped=False
2026-08-30 16:54:59,092 | INFO | step=1140/20000 loss=0.5403833 nll=0.5393819 kl=0.004392115 consistency=0 lambda=0 beta=0.228 grad=24.5998 horizon=120 lifetime=[456,1282] skipped=False
2026-08-30 16:54:59,505 | INFO | step=1150/20000 loss=0.3985214 nll=0.3958019 kl=0.01182394 consistency=0 lambda=0 beta=0.23 grad=35.08774 horizon=280 lifetime=[464,1282] skipped=False
2026-08-30 16:54:59,921 | INFO | step=1160/20000 loss=0.488038 nll=0.4838915 kl=0.01787299 consistency=0 lambda=0 beta=0.232 grad=73.10355 horizon=220 lifetime=[467,942] skipped=False
2026-08-30 16:55:00,323 | INFO | step=1170/20000 loss=0.1749778 nll=0.174104 kl=0.003734298 consistency=0 lambda=0 beta=0.234 grad=9.33857 horizon=220 lifetime=[467,1038] skipped=False
2026-08-30 16:55:00,690 | INFO | step=1180/20000 loss=0.719301 nll=0.7185042 kl=0.003376195 consistency=0 lambda=0 beta=0.236 grad=54.20298 horizon=120 lifetime=[486,1076] skipped=False
2026-08-30 16:55:01,055 | INFO | step=1190/20000 loss=0.5921425 nll=0.5814412 kl=0.04496338 consistency=0 lambda=0 beta=0.238 grad=20.10478 horizon=160 lifetime=[484,1932] skipped=False
2026-08-30 16:55:01,453 | INFO | step=1200/20000 loss=0.3312539 nll=0.330232 kl=0.004257929 consistency=0 lambda=0 beta=0.24 grad=19.21409 horizon=220 lifetime=[464,1282] skipped=False
2026-08-30 16:55:01,889 | INFO | step=1210/20000 loss=0.02359035 nll=0.02125564 kl=0.009647555 consistency=0 lambda=0 beta=0.242 grad=26.7212 horizon=180 lifetime=[482,964] skipped=False
2026-08-30 16:55:02,231 | INFO | step=1220/20000 loss=0.1783829 nll=0.1767227 kl=0.006804307 consistency=0 lambda=0 beta=0.244 grad=12.46047 horizon=200 lifetime=[607,1431] skipped=False
2026-08-30 16:55:02,584 | INFO | step=1230/20000 loss=0.4462401 nll=0.4431742 kl=0.01246324 consistency=0 lambda=0 beta=0.246 grad=25.74363 horizon=240 lifetime=[510,988] skipped=False
2026-08-30 16:55:02,944 | INFO | step=1240/20000 loss=0.2482679 nll=0.2447996 kl=0.01398504 consistency=0 lambda=0 beta=0.248 grad=38.77737 horizon=220 lifetime=[299,1036] skipped=False
2026-08-30 16:55:03,335 | INFO | step=1250/20000 loss=0.1761289 nll=0.1743297 kl=0.007196859 consistency=0 lambda=0 beta=0.25 grad=30.07268 horizon=240 lifetime=[476,1858] skipped=False
2026-08-30 16:55:03,712 | INFO | step=1260/20000 loss=0.3677056 nll=0.3650236 kl=0.01064289 consistency=0 lambda=0 beta=0.252 grad=16.87607 horizon=160 lifetime=[493,794] skipped=False
2026-08-30 16:55:04,084 | INFO | step=1270/20000 loss=1.024511 nll=1.022738 kl=0.006980477 consistency=0 lambda=0 beta=0.254 grad=54.25274 horizon=120 lifetime=[455,1635] skipped=False
2026-08-30 16:55:04,471 | INFO | step=1280/20000 loss=0.8733109 nll=0.8710686 kl=0.008759174 consistency=0 lambda=0 beta=0.256 grad=16.5709 horizon=100 lifetime=[299,1705] skipped=False
2026-08-30 16:55:04,906 | INFO | step=1290/20000 loss=0.1105761 nll=0.1093778 kl=0.004644469 consistency=0 lambda=0 beta=0.258 grad=24.2278 horizon=160 lifetime=[470,1143] skipped=False
2026-08-30 16:55:05,265 | INFO | step=1300/20000 loss=0.149271 nll=0.1477094 kl=0.006006117 consistency=0 lambda=0 beta=0.26 grad=40.1953 horizon=240 lifetime=[464,1007] skipped=False
2026-08-30 16:55:05,677 | INFO | step=1310/20000 loss=-0.03364576 nll=-0.03460013 kl=0.003642637 consistency=0 lambda=0 beta=0.262 grad=33.18051 horizon=280 lifetime=[299,855] skipped=False
2026-08-30 16:55:06,080 | INFO | step=1320/20000 loss=0.08867294 nll=0.08761804 kl=0.003995841 consistency=0 lambda=0 beta=0.264 grad=16.68601 horizon=220 lifetime=[299,964] skipped=False
2026-08-30 16:55:06,429 | INFO | step=1330/20000 loss=0.5648005 nll=0.563501 kl=0.004885314 consistency=0 lambda=0 beta=0.266 grad=73.52644 horizon=180 lifetime=[501,1932] skipped=False
2026-08-30 16:55:06,807 | INFO | step=1340/20000 loss=1.203763 nll=1.202909 kl=0.003186202 consistency=0 lambda=0 beta=0.268 grad=103.8352 horizon=120 lifetime=[484,991] skipped=False
2026-08-30 16:55:07,176 | INFO | step=1350/20000 loss=-0.06255725 nll=-0.0636548 kl=0.004064988 consistency=0 lambda=0 beta=0.27 grad=13.04605 horizon=160 lifetime=[460,858] skipped=False
2026-08-30 16:55:07,573 | INFO | step=1360/20000 loss=0.3496631 nll=0.3425479 kl=0.02615884 consistency=0 lambda=0 beta=0.272 grad=29.82912 horizon=120 lifetime=[455,1431] skipped=False
2026-08-30 16:55:08,081 | INFO | step=1370/20000 loss=0.5418248 nll=0.5399858 kl=0.006711712 consistency=0 lambda=0 beta=0.274 grad=25.45853 horizon=100 lifetime=[455,1282] skipped=False
2026-08-30 16:55:08,465 | INFO | step=1380/20000 loss=0.003989833 nll=-0.0001885742 kl=0.01513916 consistency=0 lambda=0 beta=0.276 grad=15.85222 horizon=180 lifetime=[458,855] skipped=False
2026-08-30 16:55:08,916 | INFO | step=1390/20000 loss=0.1585287 nll=0.1543983 kl=0.0148575 consistency=0 lambda=0 beta=0.278 grad=58.98889 horizon=280 lifetime=[437,828] skipped=False
2026-08-30 16:55:09,277 | INFO | step=1400/20000 loss=0.6893653 nll=0.6860905 kl=0.01169557 consistency=0 lambda=0 beta=0.28 grad=18.97271 horizon=140 lifetime=[437,868] skipped=False
2026-08-30 16:55:09,655 | INFO | step=1410/20000 loss=0.3942348 nll=0.3931822 kl=0.00373272 consistency=0 lambda=0 beta=0.282 grad=22.02614 horizon=180 lifetime=[437,1036] skipped=False
2026-08-30 16:55:10,026 | INFO | step=1420/20000 loss=0.2068318 nll=0.2045679 kl=0.007971654 consistency=0 lambda=0 beta=0.284 grad=13.38623 horizon=260 lifetime=[508,1282] skipped=False
2026-08-30 16:55:10,385 | INFO | step=1430/20000 loss=1.03703 nll=1.030343 kl=0.0233822 consistency=0 lambda=0 beta=0.286 grad=14.53998 horizon=100 lifetime=[747,1705] skipped=False
2026-08-30 16:55:10,761 | INFO | step=1440/20000 loss=0.6384367 nll=0.6344594 kl=0.01381005 consistency=0 lambda=0 beta=0.288 grad=48.05179 horizon=120 lifetime=[455,964] skipped=False
2026-08-30 16:55:11,126 | INFO | step=1450/20000 loss=0.1011 nll=0.09847234 kl=0.009060783 consistency=0 lambda=0 beta=0.29 grad=28.90395 horizon=180 lifetime=[470,874] skipped=False
2026-08-30 16:55:11,544 | INFO | step=1460/20000 loss=0.3413848 nll=0.3380364 kl=0.01146728 consistency=0 lambda=0 beta=0.292 grad=40.75334 horizon=240 lifetime=[482,1156] skipped=False
2026-08-30 16:55:11,915 | INFO | step=1470/20000 loss=-0.06773319 nll=-0.06955244 kl=0.006187921 consistency=0 lambda=0 beta=0.294 grad=17.2136 horizon=180 lifetime=[299,942] skipped=False
2026-08-30 16:55:12,270 | INFO | step=1480/20000 loss=0.2493229 nll=0.2468315 kl=0.008416915 consistency=0 lambda=0 beta=0.296 grad=28.59492 horizon=180 lifetime=[486,1858] skipped=False
2026-08-30 16:55:12,637 | INFO | step=1490/20000 loss=0.9344649 nll=0.9306474 kl=0.01281046 consistency=0 lambda=0 beta=0.298 grad=23.31059 horizon=120 lifetime=[539,1705] skipped=False
2026-08-30 16:55:13,310 | INFO | validation step=1500 rmse=237.542 best=237.542@1500 stale=0/10
2026-08-30 16:55:13,310 | INFO | step=1500/20000 loss=-0.1535653 nll=-0.156229 kl=0.008879039 consistency=0 lambda=0 beta=0.3 grad=23.58863 horizon=240 lifetime=[299,1156] skipped=False
2026-08-30 16:55:13,717 | INFO | step=1510/20000 loss=0.1608854 nll=0.1586844 kl=0.007288016 consistency=0 lambda=0 beta=0.302 grad=20.18897 horizon=120 lifetime=[477,921] skipped=False
2026-08-30 16:55:14,103 | INFO | step=1520/20000 loss=-0.019479 nll=-0.02494788 kl=0.01798975 consistency=0 lambda=0 beta=0.304 grad=15.57674 horizon=300 lifetime=[476,1154] skipped=False
2026-08-30 16:55:14,527 | INFO | step=1530/20000 loss=0.2766986 nll=0.2747587 kl=0.006339604 consistency=0 lambda=0 beta=0.306 grad=33.95774 horizon=300 lifetime=[486,874] skipped=False
2026-08-30 16:55:14,954 | INFO | step=1540/20000 loss=0.7167961 nll=0.7103397 kl=0.02096253 consistency=0 lambda=0 beta=0.308 grad=46.80224 horizon=140 lifetime=[470,915] skipped=False
2026-08-30 16:55:15,318 | INFO | step=1550/20000 loss=0.7614906 nll=0.7602509 kl=0.003998859 consistency=0 lambda=0 beta=0.31 grad=77.91251 horizon=260 lifetime=[508,1156] skipped=False
2026-08-30 16:55:15,693 | INFO | step=1560/20000 loss=1.352822 nll=1.351362 kl=0.004678303 consistency=0 lambda=0 beta=0.312 grad=92.09642 horizon=200 lifetime=[510,1431] skipped=False
2026-08-30 16:55:16,071 | INFO | step=1570/20000 loss=0.3382774 nll=0.3364291 kl=0.005886349 consistency=0 lambda=0 beta=0.314 grad=14.20945 horizon=240 lifetime=[476,1932] skipped=False
2026-08-30 16:55:16,480 | INFO | step=1580/20000 loss=-0.05646969 nll=-0.06228407 kl=0.01839994 consistency=0 lambda=0 beta=0.316 grad=11.49434 horizon=260 lifetime=[299,1076] skipped=False
2026-08-30 16:55:16,841 | INFO | step=1590/20000 loss=0.6184734 nll=0.6137191 kl=0.01495074 consistency=0 lambda=0 beta=0.318 grad=9.896083 horizon=180 lifetime=[510,1156] skipped=False
2026-08-30 16:55:17,225 | INFO | step=1600/20000 loss=0.764425 nll=0.7605962 kl=0.01196511 consistency=0 lambda=0 beta=0.32 grad=12.9937 horizon=160 lifetime=[437,1932] skipped=False
2026-08-30 16:55:17,656 | INFO | step=1610/20000 loss=0.305269 nll=0.3034839 kl=0.00554379 consistency=0 lambda=0 beta=0.322 grad=20.05882 horizon=220 lifetime=[486,1049] skipped=False
2026-08-30 16:55:18,061 | INFO | step=1620/20000 loss=0.07313836 nll=0.06901947 kl=0.01271261 consistency=0 lambda=0 beta=0.324 grad=54.37482 horizon=260 lifetime=[460,794] skipped=False
2026-08-30 16:55:18,431 | INFO | step=1630/20000 loss=-0.04156049 nll=-0.0454013 kl=0.01178163 consistency=0 lambda=0 beta=0.326 grad=12.40071 horizon=160 lifetime=[456,921] skipped=False
2026-08-30 16:55:18,863 | INFO | step=1640/20000 loss=0.3296817 nll=0.3284874 kl=0.003640977 consistency=0 lambda=0 beta=0.328 grad=49.70709 horizon=280 lifetime=[493,1038] skipped=False
2026-08-30 16:55:19,239 | INFO | step=1650/20000 loss=-0.1815937 nll=-0.1836041 kl=0.006092239 consistency=0 lambda=0 beta=0.33 grad=24.25789 horizon=240 lifetime=[437,1025] skipped=False
2026-08-30 16:55:19,628 | INFO | step=1660/20000 loss=1.058429 nll=1.050261 kl=0.02460256 consistency=0 lambda=0 beta=0.332 grad=27.87572 horizon=200 lifetime=[633,1000] skipped=False
2026-08-30 16:55:19,996 | INFO | step=1670/20000 loss=0.1739052 nll=0.1681388 kl=0.01726462 consistency=0 lambda=0 beta=0.334 grad=8.270886 horizon=160 lifetime=[677,1038] skipped=False
2026-08-30 16:55:20,393 | INFO | step=1680/20000 loss=0.6511005 nll=0.6496933 kl=0.004187887 consistency=0 lambda=0 beta=0.336 grad=91.60728 horizon=280 lifetime=[486,1932] skipped=False
2026-08-30 16:55:20,777 | INFO | step=1690/20000 loss=0.3875955 nll=0.3862493 kl=0.003982647 consistency=0 lambda=0 beta=0.338 grad=19.90213 horizon=300 lifetime=[486,1154] skipped=False
2026-08-30 16:55:21,161 | INFO | step=1700/20000 loss=0.05205949 nll=0.04983847 kl=0.006532429 consistency=0 lambda=0 beta=0.34 grad=11.80695 horizon=240 lifetime=[493,1858] skipped=False
2026-08-30 16:55:21,545 | INFO | step=1710/20000 loss=0.3180117 nll=0.3165414 kl=0.004299287 consistency=0 lambda=0 beta=0.342 grad=41.29351 horizon=300 lifetime=[464,1143] skipped=False
2026-08-30 16:55:21,968 | INFO | step=1720/20000 loss=0.2209978 nll=0.2199785 kl=0.002963061 consistency=0 lambda=0 beta=0.344 grad=19.43298 horizon=280 lifetime=[460,1858] skipped=False
2026-08-30 16:55:22,361 | INFO | step=1730/20000 loss=0.2050726 nll=0.2029666 kl=0.006086759 consistency=0 lambda=0 beta=0.346 grad=28.04622 horizon=120 lifetime=[456,1282] skipped=False
2026-08-30 16:55:22,758 | INFO | step=1740/20000 loss=0.5676059 nll=0.566322 kl=0.00368944 consistency=0 lambda=0 beta=0.348 grad=43.23942 horizon=280 lifetime=[484,1635] skipped=False
2026-08-30 16:55:23,129 | INFO | step=1750/20000 loss=0.4751401 nll=0.4731489 kl=0.005689186 consistency=0 lambda=0 beta=0.35 grad=29.77637 horizon=160 lifetime=[482,1705] skipped=False
2026-08-30 16:55:23,557 | INFO | step=1760/20000 loss=1.124919 nll=1.123811 kl=0.003148392 consistency=0 lambda=0 beta=0.352 grad=51.29714 horizon=180 lifetime=[614,1635] skipped=False
2026-08-30 16:55:23,947 | INFO | step=1770/20000 loss=-0.05049236 nll=-0.05199371 kl=0.004241095 consistency=0 lambda=0 beta=0.354 grad=23.98172 horizon=220 lifetime=[700,1071] skipped=False
2026-08-30 16:55:24,317 | INFO | step=1780/20000 loss=1.576242 nll=1.571952 kl=0.01205299 consistency=0 lambda=0 beta=0.356 grad=33.51639 horizon=260 lifetime=[750,1932] skipped=False
2026-08-30 16:55:24,711 | INFO | step=1790/20000 loss=0.8535013 nll=0.851145 kl=0.006581739 consistency=0 lambda=0 beta=0.358 grad=13.83531 horizon=120 lifetime=[501,1858] skipped=False
2026-08-30 16:55:25,141 | INFO | step=1800/20000 loss=-0.2121264 nll=-0.2161978 kl=0.01130928 consistency=0 lambda=0 beta=0.36 grad=16.69258 horizon=300 lifetime=[539,1282] skipped=False
2026-08-30 16:55:25,579 | INFO | step=1810/20000 loss=2.862246 nll=2.860877 kl=0.003781595 consistency=0 lambda=0 beta=0.362 grad=218.4523 horizon=300 lifetime=[633,1932] skipped=False
2026-08-30 16:55:25,994 | INFO | step=1820/20000 loss=0.648737 nll=0.6468662 kl=0.005139418 consistency=0 lambda=0 beta=0.364 grad=17.69228 horizon=160 lifetime=[510,1932] skipped=False
2026-08-30 16:55:26,407 | INFO | step=1830/20000 loss=0.251152 nll=0.2498791 kl=0.003477797 consistency=0 lambda=0 beta=0.366 grad=25.02263 horizon=100 lifetime=[455,1076] skipped=False
2026-08-30 16:55:26,807 | INFO | step=1840/20000 loss=0.429104 nll=0.427554 kl=0.004211862 consistency=0 lambda=0 beta=0.368 grad=17.45821 horizon=120 lifetime=[486,1431] skipped=False
2026-08-30 16:55:27,203 | INFO | step=1850/20000 loss=0.4101892 nll=0.4060581 kl=0.01116503 consistency=0 lambda=0 beta=0.37 grad=27.17422 horizon=100 lifetime=[461,1076] skipped=False
2026-08-30 16:55:27,613 | INFO | step=1860/20000 loss=0.0633487 nll=0.06033476 kl=0.008101972 consistency=0 lambda=0 beta=0.372 grad=9.527469 horizon=100 lifetime=[477,1076] skipped=False
2026-08-30 16:55:28,034 | INFO | step=1870/20000 loss=0.4887064 nll=0.4873889 kl=0.003522802 consistency=0 lambda=0 beta=0.374 grad=19.31943 horizon=100 lifetime=[482,1282] skipped=False
2026-08-30 16:55:28,438 | INFO | step=1880/20000 loss=0.4928542 nll=0.4901251 kl=0.007258326 consistency=0 lambda=0 beta=0.376 grad=68.65643 horizon=260 lifetime=[437,1061] skipped=False
2026-08-30 16:55:28,838 | INFO | step=1890/20000 loss=1.424497 nll=1.422347 kl=0.005687831 consistency=0 lambda=0 beta=0.378 grad=92.77528 horizon=120 lifetime=[461,1635] skipped=False
2026-08-30 16:55:29,241 | INFO | step=1900/20000 loss=1.341777 nll=1.340512 kl=0.003330734 consistency=0 lambda=0 beta=0.38 grad=26.16646 horizon=260 lifetime=[510,1705] skipped=False
2026-08-30 16:55:29,656 | INFO | step=1910/20000 loss=0.3082345 nll=0.3057759 kl=0.006436247 consistency=0 lambda=0 beta=0.382 grad=14.68188 horizon=100 lifetime=[458,988] skipped=False
2026-08-30 16:55:30,048 | INFO | step=1920/20000 loss=-0.08164119 nll=-0.08428851 kl=0.00689405 consistency=0 lambda=0 beta=0.384 grad=12.23853 horizon=160 lifetime=[614,1007] skipped=False
2026-08-30 16:55:30,429 | INFO | step=1930/20000 loss=0.8168618 nll=0.8120726 kl=0.01240734 consistency=0 lambda=0 beta=0.386 grad=30.90598 horizon=300 lifetime=[614,1705] skipped=False
2026-08-30 16:55:30,809 | INFO | step=1940/20000 loss=1.349603 nll=1.344725 kl=0.01257378 consistency=0 lambda=0 beta=0.388 grad=44.30944 horizon=280 lifetime=[559,1091] skipped=False
2026-08-30 16:55:31,236 | INFO | step=1950/20000 loss=1.652771 nll=1.65052 kl=0.005770865 consistency=0 lambda=0 beta=0.39 grad=109.4989 horizon=240 lifetime=[510,1154] skipped=False
2026-08-30 16:55:31,638 | INFO | step=1960/20000 loss=0.2287704 nll=0.2260949 kl=0.006825372 consistency=0 lambda=0 beta=0.392 grad=28.63777 horizon=180 lifetime=[458,1154] skipped=False
2026-08-30 16:55:32,027 | INFO | step=1970/20000 loss=0.1890649 nll=0.1871145 kl=0.004950227 consistency=0 lambda=0 beta=0.394 grad=27.56689 horizon=220 lifetime=[491,1076] skipped=False
2026-08-30 16:55:32,428 | INFO | step=1980/20000 loss=0.08141027 nll=0.07947466 kl=0.004887907 consistency=0 lambda=0 beta=0.396 grad=47.63118 horizon=220 lifetime=[460,1061] skipped=False
2026-08-30 16:55:32,838 | INFO | step=1990/20000 loss=-0.1219848 nll=-0.1234513 kl=0.003684717 consistency=0 lambda=0 beta=0.398 grad=21.1889 horizon=180 lifetime=[467,860] skipped=False
2026-08-30 16:55:33,528 | INFO | validation step=2000 rmse=174.6488 best=174.6488@2000 stale=0/10
2026-08-30 16:55:33,528 | INFO | step=2000/20000 loss=0.05272564 nll=0.05087718 kl=0.004621152 consistency=0 lambda=0 beta=0.4 grad=30.33723 horizon=240 lifetime=[437,1635] skipped=False
2026-08-30 16:55:33,930 | INFO | step=2010/20000 loss=0.06375928 nll=0.06124624 kl=0.006251357 consistency=0 lambda=0 beta=0.402 grad=34.54367 horizon=200 lifetime=[460,891] skipped=False
2026-08-30 16:55:34,292 | INFO | step=2020/20000 loss=0.3389898 nll=0.3335258 kl=0.0135247 consistency=0 lambda=0 beta=0.404 grad=4.551532 horizon=140 lifetime=[701,1858] skipped=False
2026-08-30 16:55:34,713 | INFO | step=2030/20000 loss=0.4993549 nll=0.4983587 kl=0.002453595 consistency=0 lambda=0 beta=0.406 grad=63.44413 horizon=260 lifetime=[461,988] skipped=False
2026-08-30 16:55:35,077 | INFO | step=2040/20000 loss=0.1915666 nll=0.1888346 kl=0.006696016 consistency=0 lambda=0 beta=0.408 grad=19.37567 horizon=280 lifetime=[719,1025] skipped=False
2026-08-30 16:55:35,479 | INFO | step=2050/20000 loss=0.4852297 nll=0.4839975 kl=0.003005404 consistency=0 lambda=0 beta=0.41 grad=36.4112 horizon=180 lifetime=[437,1038] skipped=False
2026-08-30 16:55:35,831 | INFO | step=2060/20000 loss=-0.3501176 nll=-0.3543259 kl=0.01021433 consistency=0 lambda=0 beta=0.412 grad=7.538132 horizon=240 lifetime=[470,1025] skipped=False
2026-08-30 16:55:36,248 | INFO | step=2070/20000 loss=0.6600687 nll=0.6572489 kl=0.006811254 consistency=0 lambda=0 beta=0.414 grad=67.06074 horizon=160 lifetime=[486,1282] skipped=False
2026-08-30 16:55:36,605 | INFO | step=2080/20000 loss=1.696738 nll=1.695161 kl=0.003790421 consistency=0 lambda=0 beta=0.416 grad=116.9422 horizon=180 lifetime=[455,1038] skipped=False
2026-08-30 16:55:36,998 | INFO | step=2090/20000 loss=0.825177 nll=0.8237815 kl=0.003338572 consistency=0 lambda=0 beta=0.418 grad=25.22306 horizon=180 lifetime=[501,1007] skipped=False
2026-08-30 16:55:37,395 | INFO | step=2100/20000 loss=0.5648067 nll=0.5613518 kl=0.008225993 consistency=0 lambda=0 beta=0.42 grad=28.46883 horizon=120 lifetime=[437,1025] skipped=False
2026-08-30 16:55:37,791 | INFO | step=2110/20000 loss=0.8080992 nll=0.8064936 kl=0.003804627 consistency=0 lambda=0 beta=0.422 grad=26.50312 horizon=300 lifetime=[518,1932] skipped=False
2026-08-30 16:55:38,157 | INFO | step=2120/20000 loss=0.06404801 nll=0.06245556 kl=0.003755768 consistency=0 lambda=0 beta=0.424 grad=15.51337 horizon=300 lifetime=[455,1038] skipped=False
2026-08-30 16:55:38,542 | INFO | step=2130/20000 loss=0.8922849 nll=0.8889537 kl=0.007819866 consistency=0 lambda=0 beta=0.426 grad=27.14592 horizon=100 lifetime=[665,1282] skipped=False
2026-08-30 16:55:38,953 | INFO | step=2140/20000 loss=0.2064998 nll=0.2045216 kl=0.004621971 consistency=0 lambda=0 beta=0.428 grad=22.50887 horizon=220 lifetime=[458,988] skipped=False
2026-08-30 16:55:39,376 | INFO | step=2150/20000 loss=0.9298934 nll=0.9282303 kl=0.003867639 consistency=0 lambda=0 beta=0.43 grad=93.68542 horizon=280 lifetime=[456,1143] skipped=False
2026-08-30 16:55:39,742 | INFO | step=2160/20000 loss=0.163705 nll=0.1578333 kl=0.01359204 consistency=0 lambda=0 beta=0.432 grad=20.17472 horizon=100 lifetime=[455,988] skipped=False
2026-08-30 16:55:40,117 | INFO | step=2170/20000 loss=0.102768 nll=0.09864097 kl=0.009509355 consistency=0 lambda=0 beta=0.434 grad=32.734 horizon=220 lifetime=[437,1143] skipped=False
2026-08-30 16:55:40,496 | INFO | step=2180/20000 loss=1.161559 nll=1.160044 kl=0.003474804 consistency=0 lambda=0 beta=0.436 grad=58.7929 horizon=140 lifetime=[518,1091] skipped=False
2026-08-30 16:55:40,875 | INFO | step=2190/20000 loss=-0.2143627 nll=-0.2163613 kl=0.004562842 consistency=0 lambda=0 beta=0.438 grad=34.36185 horizon=180 lifetime=[470,942] skipped=False
2026-08-30 16:55:41,246 | INFO | step=2200/20000 loss=0.6576235 nll=0.653061 kl=0.01036927 consistency=0 lambda=0 beta=0.44 grad=33.8827 horizon=100 lifetime=[467,1932] skipped=False
2026-08-30 16:55:41,636 | INFO | step=2210/20000 loss=0.4066693 nll=0.4042283 kl=0.005522575 consistency=0 lambda=0 beta=0.442 grad=9.854768 horizon=140 lifetime=[477,1143] skipped=False
2026-08-30 16:55:41,980 | INFO | step=2220/20000 loss=0.0120525 nll=0.009293288 kl=0.006214437 consistency=0 lambda=0 beta=0.444 grad=65.88189 horizon=200 lifetime=[512,1036] skipped=False
2026-08-30 16:55:42,332 | INFO | step=2230/20000 loss=0.09104285 nll=0.08690158 kl=0.009285368 consistency=0 lambda=0 beta=0.446 grad=58.95423 horizon=240 lifetime=[455,1143] skipped=False
2026-08-30 16:55:42,683 | INFO | step=2240/20000 loss=-0.1262915 nll=-0.1277074 kl=0.003160443 consistency=0 lambda=0 beta=0.448 grad=34.47595 horizon=200 lifetime=[470,1049] skipped=False
2026-08-30 16:55:43,068 | INFO | step=2250/20000 loss=-0.2284928 nll=-0.232978 kl=0.009967191 consistency=0 lambda=0 beta=0.45 grad=24.06912 horizon=180 lifetime=[437,1045] skipped=False
2026-08-30 16:55:43,474 | INFO | step=2260/20000 loss=1.410883 nll=1.409002 kl=0.004162978 consistency=0 lambda=0 beta=0.452 grad=94.49179 horizon=300 lifetime=[615,1154] skipped=False
2026-08-30 16:55:43,848 | INFO | step=2270/20000 loss=0.2379709 nll=0.2359585 kl=0.004432596 consistency=0 lambda=0 beta=0.454 grad=30.19746 horizon=240 lifetime=[559,847] skipped=False
2026-08-30 16:55:44,248 | INFO | step=2280/20000 loss=-0.09030066 nll=-0.092248 kl=0.004270494 consistency=0 lambda=0 beta=0.456 grad=22.60881 horizon=280 lifetime=[455,1431] skipped=False
2026-08-30 16:55:44,602 | INFO | step=2290/20000 loss=0.169098 nll=0.1662108 kl=0.006303981 consistency=0 lambda=0 beta=0.458 grad=53.4912 horizon=160 lifetime=[456,1858] skipped=False
2026-08-30 16:55:44,994 | INFO | step=2300/20000 loss=-0.5046051 nll=-0.5061309 kl=0.003316985 consistency=0 lambda=0 beta=0.46 grad=13.71742 horizon=200 lifetime=[455,1061] skipped=False
2026-08-30 16:55:45,341 | INFO | step=2310/20000 loss=0.5649549 nll=0.5630527 kl=0.004117541 consistency=0 lambda=0 beta=0.462 grad=60.09328 horizon=220 lifetime=[437,1932] skipped=False
2026-08-30 16:55:45,723 | INFO | step=2320/20000 loss=-0.02523622 nll=-0.0260409 kl=0.001734216 consistency=0 lambda=0 beta=0.464 grad=27.80054 horizon=280 lifetime=[460,1036] skipped=False
2026-08-30 16:55:46,105 | INFO | step=2330/20000 loss=-0.01767303 nll=-0.01901455 kl=0.002878812 consistency=0 lambda=0 beta=0.466 grad=29.30733 horizon=140 lifetime=[461,1635] skipped=False
2026-08-30 16:55:46,520 | INFO | step=2340/20000 loss=0.800152 nll=0.7928261 kl=0.01565361 consistency=0 lambda=0 beta=0.468 grad=33.78348 horizon=100 lifetime=[460,988] skipped=False
2026-08-30 16:55:46,920 | INFO | step=2350/20000 loss=0.2009756 nll=0.1999003 kl=0.002287963 consistency=0 lambda=0 beta=0.47 grad=41.5366 horizon=300 lifetime=[477,1282] skipped=False
2026-08-30 16:55:47,285 | INFO | step=2360/20000 loss=0.6695414 nll=0.6650105 kl=0.009599384 consistency=0 lambda=0 beta=0.472 grad=26.75299 horizon=100 lifetime=[458,1705] skipped=False
2026-08-30 16:55:47,694 | INFO | step=2370/20000 loss=0.06556901 nll=0.06484632 kl=0.001524664 consistency=0 lambda=0 beta=0.474 grad=45.14178 horizon=240 lifetime=[456,988] skipped=False
2026-08-30 16:55:48,064 | INFO | step=2380/20000 loss=0.4402607 nll=0.4348153 kl=0.01143997 consistency=0 lambda=0 beta=0.476 grad=21.37897 horizon=120 lifetime=[476,1705] skipped=False
2026-08-30 16:55:48,465 | INFO | step=2390/20000 loss=-0.108826 nll=-0.1101613 kl=0.002793609 consistency=0 lambda=0 beta=0.478 grad=21.31701 horizon=300 lifetime=[458,988] skipped=False
2026-08-30 16:55:48,832 | INFO | step=2400/20000 loss=0.5807951 nll=0.5762967 kl=0.009371567 consistency=0 lambda=0 beta=0.48 grad=9.466649 horizon=100 lifetime=[529,1858] skipped=False
2026-08-30 16:55:49,248 | INFO | step=2410/20000 loss=0.6664855 nll=0.6627804 kl=0.007687023 consistency=0 lambda=0 beta=0.482 grad=26.42042 horizon=100 lifetime=[476,1431] skipped=False
2026-08-30 16:55:49,625 | INFO | step=2420/20000 loss=0.3834214 nll=0.3820622 kl=0.002808183 consistency=0 lambda=0 beta=0.484 grad=30.17188 horizon=220 lifetime=[508,1154] skipped=False
2026-08-30 16:55:50,041 | INFO | step=2430/20000 loss=-0.01700296 nll=-0.02227485 kl=0.01084752 consistency=0 lambda=0 beta=0.486 grad=33.1831 horizon=180 lifetime=[460,921] skipped=False
2026-08-30 16:55:50,397 | INFO | step=2440/20000 loss=0.2663715 nll=0.262701 kl=0.007521359 consistency=0 lambda=0 beta=0.488 grad=50.73908 horizon=140 lifetime=[774,1143] skipped=False
2026-08-30 16:55:50,772 | INFO | step=2450/20000 loss=0.174 nll=0.1688006 kl=0.01061102 consistency=0 lambda=0 beta=0.49 grad=52.85918 horizon=140 lifetime=[486,1076] skipped=False
2026-08-30 16:55:51,139 | INFO | step=2460/20000 loss=0.7023047 nll=0.6979582 kl=0.008834422 consistency=0 lambda=0 beta=0.492 grad=29.1814 horizon=120 lifetime=[491,754] skipped=False
2026-08-30 16:55:51,489 | INFO | step=2470/20000 loss=0.05395743 nll=0.05211668 kl=0.003726211 consistency=0 lambda=0 beta=0.494 grad=14.66842 horizon=180 lifetime=[456,1143] skipped=False
2026-08-30 16:55:51,894 | INFO | step=2480/20000 loss=0.2021026 nll=0.199687 kl=0.004870255 consistency=0 lambda=0 beta=0.496 grad=16.61409 horizon=140 lifetime=[470,1143] skipped=False
2026-08-30 16:55:52,256 | INFO | step=2490/20000 loss=1.049417 nll=1.045245 kl=0.008377306 consistency=0 lambda=0 beta=0.498 grad=40.46727 horizon=120 lifetime=[707,1635] skipped=False
2026-08-30 16:55:52,948 | INFO | validation step=2500 rmse=146.9142 best=146.9142@2500 stale=0/10
2026-08-30 16:55:52,948 | INFO | step=2500/20000 loss=0.07307488 nll=0.07053946 kl=0.005070828 consistency=0 lambda=0 beta=0.5 grad=41.43266 horizon=220 lifetime=[299,1705] skipped=False
2026-08-30 16:55:53,415 | INFO | step=2510/20000 loss=0.2170648 nll=0.2138476 kl=0.006408812 consistency=0 lambda=0 beta=0.502 grad=42.05677 horizon=180 lifetime=[559,1858] skipped=False
2026-08-30 16:55:53,817 | INFO | step=2520/20000 loss=1.590048 nll=1.588371 kl=0.003327824 consistency=0 lambda=0 beta=0.504 grad=104.7242 horizon=120 lifetime=[559,1635] skipped=False
2026-08-30 16:55:54,164 | INFO | step=2530/20000 loss=0.006112271 nll=0.004674003 kl=0.002842428 consistency=0 lambda=0 beta=0.506 grad=49.94355 horizon=180 lifetime=[484,1061] skipped=False
2026-08-30 16:55:54,589 | INFO | step=2540/20000 loss=0.76223 nll=0.7581542 kl=0.008023243 consistency=0 lambda=0 beta=0.508 grad=61.60261 horizon=220 lifetime=[607,1635] skipped=False
2026-08-30 16:55:54,985 | INFO | step=2550/20000 loss=-0.07883845 nll=-0.07986132 kl=0.002005618 consistency=0 lambda=0 beta=0.51 grad=47.25645 horizon=300 lifetime=[461,1007] skipped=False
2026-08-30 16:55:55,416 | INFO | step=2560/20000 loss=0.2235037 nll=0.2208558 kl=0.005171674 consistency=0 lambda=0 beta=0.512 grad=16.07822 horizon=120 lifetime=[299,1858] skipped=False
2026-08-30 16:55:55,814 | INFO | step=2570/20000 loss=-0.3430376 nll=-0.345985 kl=0.005734231 consistency=0 lambda=0 beta=0.514 grad=49.50698 horizon=260 lifetime=[299,988] skipped=False
2026-08-30 16:55:56,185 | INFO | step=2580/20000 loss=-0.2495615 nll=-0.2511822 kl=0.003140924 consistency=0 lambda=0 beta=0.516 grad=11.15882 horizon=200 lifetime=[467,1025] skipped=False
2026-08-30 16:55:56,590 | INFO | step=2590/20000 loss=0.1900567 nll=0.1882732 kl=0.003442982 consistency=0 lambda=0 beta=0.518 grad=39.71442 horizon=260 lifetime=[476,1143] skipped=False
2026-08-30 16:55:56,977 | INFO | step=2600/20000 loss=0.08056445 nll=0.07725047 kl=0.006373042 consistency=0 lambda=0 beta=0.52 grad=39.06786 horizon=300 lifetime=[476,871] skipped=False
2026-08-30 16:55:57,364 | INFO | step=2610/20000 loss=0.1530292 nll=0.1498539 kl=0.006083045 consistency=0 lambda=0 beta=0.522 grad=71.16936 horizon=180 lifetime=[508,1007] skipped=False
2026-08-30 16:55:57,750 | INFO | step=2620/20000 loss=0.1494246 nll=0.1457804 kl=0.00695454 consistency=0 lambda=0 beta=0.524 grad=49.56296 horizon=280 lifetime=[464,1932] skipped=False
2026-08-30 16:55:58,145 | INFO | step=2630/20000 loss=0.4630949 nll=0.4604059 kl=0.005112243 consistency=0 lambda=0 beta=0.526 grad=20.70857 horizon=140 lifetime=[742,1154] skipped=False
2026-08-30 16:55:58,544 | INFO | step=2640/20000 loss=0.562299 nll=0.5594422 kl=0.005410641 consistency=0 lambda=0 beta=0.528 grad=73.27521 horizon=220 lifetime=[476,1932] skipped=False
2026-08-30 16:55:58,962 | INFO | step=2650/20000 loss=-0.2679609 nll=-0.2705606 kl=0.0049051 consistency=0 lambda=0 beta=0.53 grad=21.74269 horizon=220 lifetime=[299,942] skipped=False
2026-08-30 16:55:59,367 | INFO | step=2660/20000 loss=0.09401378 nll=0.090128 kl=0.007304092 consistency=0 lambda=0 beta=0.532 grad=23.50205 horizon=140 lifetime=[467,1071] skipped=False
2026-08-30 16:55:59,731 | INFO | step=2670/20000 loss=-0.07883263 nll=-0.07971778 kl=0.001657572 consistency=0 lambda=0 beta=0.534 grad=28.31055 horizon=240 lifetime=[437,1007] skipped=False
2026-08-30 16:56:00,121 | INFO | step=2680/20000 loss=0.2830403 nll=0.2822077 kl=0.001553347 consistency=0 lambda=0 beta=0.536 grad=39.06643 horizon=180 lifetime=[464,1061] skipped=False
2026-08-30 16:56:00,482 | INFO | step=2690/20000 loss=0.2084668 nll=0.2039373 kl=0.008419156 consistency=0 lambda=0 beta=0.538 grad=22.01849 horizon=140 lifetime=[299,1154] skipped=False
2026-08-30 16:56:00,901 | INFO | step=2700/20000 loss=0.6365063 nll=0.6351441 kl=0.00252259 consistency=0 lambda=0 beta=0.54 grad=17.77787 horizon=200 lifetime=[615,1045] skipped=False
2026-08-30 16:56:01,266 | INFO | step=2710/20000 loss=-0.39608 nll=-0.3986257 kl=0.004696844 consistency=0 lambda=0 beta=0.542 grad=23.58339 horizon=280 lifetime=[456,942] skipped=False
2026-08-30 16:56:01,740 | INFO | step=2720/20000 loss=-0.3823866 nll=-0.3836336 kl=0.002292224 consistency=0 lambda=0 beta=0.544 grad=15.44295 horizon=260 lifetime=[461,1036] skipped=False
2026-08-30 16:56:02,122 | INFO | step=2730/20000 loss=0.177362 nll=0.1757758 kl=0.002905123 consistency=0 lambda=0 beta=0.546 grad=63.88281 horizon=180 lifetime=[467,1156] skipped=False
2026-08-30 16:56:02,529 | INFO | step=2740/20000 loss=-0.1288768 nll=-0.1337959 kl=0.008976458 consistency=0 lambda=0 beta=0.548 grad=19.66608 horizon=140 lifetime=[460,1049] skipped=False
2026-08-30 16:56:02,971 | INFO | step=2750/20000 loss=0.2686554 nll=0.2660885 kl=0.004667013 consistency=0 lambda=0 beta=0.55 grad=24.32161 horizon=200 lifetime=[461,1282] skipped=False
2026-08-30 16:56:03,385 | INFO | step=2760/20000 loss=-0.1877925 nll=-0.1888735 kl=0.001958437 consistency=0 lambda=0 beta=0.552 grad=18.44155 horizon=200 lifetime=[482,856] skipped=False
2026-08-30 16:56:03,786 | INFO | step=2770/20000 loss=0.4211837 nll=0.4193919 kl=0.003234235 consistency=0 lambda=0 beta=0.554 grad=67.84272 horizon=260 lifetime=[460,1282] skipped=False
2026-08-30 16:56:04,187 | INFO | step=2780/20000 loss=-0.1382603 nll=-0.1397965 kl=0.002763007 consistency=0 lambda=0 beta=0.556 grad=18.71612 horizon=300 lifetime=[510,1143] skipped=False
2026-08-30 16:56:04,572 | INFO | step=2790/20000 loss=1.276672 nll=1.274855 kl=0.003255447 consistency=0 lambda=0 beta=0.558 grad=99.85148 horizon=300 lifetime=[512,1705] skipped=False
2026-08-30 16:56:04,980 | INFO | step=2800/20000 loss=0.3261789 nll=0.3234892 kl=0.004803114 consistency=0 lambda=0 beta=0.56 grad=79.71994 horizon=160 lifetime=[484,1045] skipped=False
2026-08-30 16:56:05,399 | INFO | step=2810/20000 loss=-0.5575504 nll=-0.5587482 kl=0.002131348 consistency=0 lambda=0 beta=0.562 grad=38.81312 horizon=280 lifetime=[460,1049] skipped=False
2026-08-30 16:56:05,749 | INFO | step=2820/20000 loss=0.7998213 nll=0.7981308 kl=0.002997471 consistency=0 lambda=0 beta=0.564 grad=161.3027 horizon=220 lifetime=[464,1932] skipped=False
2026-08-30 16:56:06,123 | INFO | step=2830/20000 loss=0.2094892 nll=0.2065358 kl=0.005218143 consistency=0 lambda=0 beta=0.566 grad=37.88203 horizon=160 lifetime=[460,1076] skipped=False
2026-08-30 16:56:06,517 | INFO | step=2840/20000 loss=-0.0409168 nll=-0.04440099 kl=0.00613414 consistency=0 lambda=0 beta=0.568 grad=59.86463 horizon=240 lifetime=[455,1932] skipped=False
2026-08-30 16:56:06,938 | INFO | step=2850/20000 loss=0.2831797 nll=0.2820366 kl=0.002005421 consistency=0 lambda=0 beta=0.57 grad=15.17502 horizon=240 lifetime=[649,1858] skipped=False
2026-08-30 16:56:07,334 | INFO | step=2860/20000 loss=0.5809397 nll=0.5795053 kl=0.002507802 consistency=0 lambda=0 beta=0.572 grad=50.4767 horizon=160 lifetime=[461,1000] skipped=False
2026-08-30 16:56:07,746 | INFO | step=2870/20000 loss=0.9139388 nll=0.9094939 kl=0.007743589 consistency=0 lambda=0 beta=0.574 grad=52.96245 horizon=280 lifetime=[559,1858] skipped=False
2026-08-30 16:56:08,135 | INFO | step=2880/20000 loss=0.0828893 nll=0.08110946 kl=0.003090001 consistency=0 lambda=0 beta=0.576 grad=25.92244 horizon=300 lifetime=[486,1705] skipped=False
2026-08-30 16:56:08,532 | INFO | step=2890/20000 loss=-0.1178057 nll=-0.1196298 kl=0.003156027 consistency=0 lambda=0 beta=0.578 grad=59.44933 horizon=180 lifetime=[460,1932] skipped=False
2026-08-30 16:56:08,953 | INFO | step=2900/20000 loss=0.9841703 nll=0.9776672 kl=0.01121226 consistency=0 lambda=0 beta=0.58 grad=68.70439 horizon=300 lifetime=[742,1431] skipped=False
2026-08-30 16:56:09,326 | INFO | step=2910/20000 loss=0.5576379 nll=0.5567195 kl=0.001577972 consistency=0 lambda=0 beta=0.582 grad=84.70499 horizon=280 lifetime=[299,921] skipped=False
2026-08-30 16:56:09,693 | INFO | step=2920/20000 loss=1.848829 nll=1.841139 kl=0.01316658 consistency=0 lambda=0 beta=0.584 grad=103.7398 horizon=100 lifetime=[559,1635] skipped=False
2026-08-30 16:56:10,063 | INFO | step=2930/20000 loss=-0.193397 nll=-0.1946213 kl=0.00208925 consistency=0 lambda=0 beta=0.586 grad=37.01845 horizon=160 lifetime=[437,942] skipped=False
2026-08-30 16:56:10,490 | INFO | step=2940/20000 loss=0.2621852 nll=0.2608913 kl=0.002200447 consistency=0 lambda=0 beta=0.588 grad=15.67541 horizon=160 lifetime=[484,1076] skipped=False
2026-08-30 16:56:10,861 | INFO | step=2950/20000 loss=1.031284 nll=1.026251 kl=0.008529244 consistency=0 lambda=0 beta=0.59 grad=32.25291 horizon=140 lifetime=[539,1049] skipped=False
2026-08-30 16:56:11,256 | INFO | step=2960/20000 loss=-0.1070381 nll=-0.1077582 kl=0.001216479 consistency=0 lambda=0 beta=0.592 grad=29.06304 horizon=240 lifetime=[482,1858] skipped=False
2026-08-30 16:56:11,680 | INFO | step=2970/20000 loss=-0.3670193 nll=-0.3682124 kl=0.002008703 consistency=0 lambda=0 beta=0.594 grad=6.076029 horizon=280 lifetime=[491,942] skipped=False
2026-08-30 16:56:12,090 | INFO | step=2980/20000 loss=-0.03363505 nll=-0.04071079 kl=0.01187205 consistency=0 lambda=0 beta=0.596 grad=87.65562 horizon=220 lifetime=[470,1071] skipped=False
2026-08-30 16:56:12,493 | INFO | step=2990/20000 loss=1.370966 nll=1.367906 kl=0.005118384 consistency=0 lambda=0 beta=0.598 grad=125.8788 horizon=140 lifetime=[299,1015] skipped=False
2026-08-30 16:56:13,162 | INFO | validation step=3000 rmse=154.9632 best=146.9142@2500 stale=1/10
2026-08-30 16:56:13,162 | INFO | step=3000/20000 loss=0.3995253 nll=0.3939844 kl=0.009234773 consistency=0 lambda=0 beta=0.6 grad=13.22486 horizon=120 lifetime=[476,1932] skipped=False
2026-08-30 16:56:13,576 | INFO | step=3010/20000 loss=2.311272 nll=2.310319 kl=0.00158206 consistency=0 lambda=0 beta=0.602 grad=160.0989 horizon=180 lifetime=[529,1154] skipped=False
2026-08-30 16:56:13,962 | INFO | step=3020/20000 loss=0.3570579 nll=0.354386 kl=0.004423584 consistency=0 lambda=0 beta=0.604 grad=45.68525 horizon=220 lifetime=[671,1932] skipped=False
2026-08-30 16:56:14,337 | INFO | step=3030/20000 loss=0.2252498 nll=0.2234972 kl=0.002892128 consistency=0 lambda=0 beta=0.606 grad=22.72833 horizon=120 lifetime=[456,1431] skipped=False
2026-08-30 16:56:14,735 | INFO | step=3040/20000 loss=-0.1541799 nll=-0.1558291 kl=0.002712466 consistency=0 lambda=0 beta=0.608 grad=23.16385 horizon=300 lifetime=[491,1705] skipped=False
2026-08-30 16:56:15,177 | INFO | step=3050/20000 loss=0.7330006 nll=0.7318214 kl=0.001933115 consistency=0 lambda=0 beta=0.61 grad=55.44981 horizon=260 lifetime=[491,1282] skipped=False
2026-08-30 16:56:15,554 | INFO | step=3060/20000 loss=0.02791631 nll=0.02595847 kl=0.003199079 consistency=0 lambda=0 beta=0.612 grad=16.54193 horizon=180 lifetime=[299,1858] skipped=False
2026-08-30 16:56:15,929 | INFO | step=3070/20000 loss=0.230759 nll=0.2185755 kl=0.01984295 consistency=0 lambda=0 beta=0.614 grad=9.843562 horizon=100 lifetime=[455,1076] skipped=False
2026-08-30 16:56:16,327 | INFO | step=3080/20000 loss=-0.4274184 nll=-0.4291785 kl=0.002857298 consistency=0 lambda=0 beta=0.616 grad=12.19277 horizon=260 lifetime=[458,868] skipped=False
2026-08-30 16:56:16,766 | INFO | step=3090/20000 loss=-0.4164156 nll=-0.4183501 kl=0.00313025 consistency=0 lambda=0 beta=0.618 grad=16.01975 horizon=220 lifetime=[476,1007] skipped=False
2026-08-30 16:56:17,166 | INFO | step=3100/20000 loss=0.1990535 nll=0.1950412 kl=0.006471444 consistency=0 lambda=0 beta=0.62 grad=36.03529 horizon=220 lifetime=[486,1705] skipped=False
2026-08-30 16:56:17,526 | INFO | step=3110/20000 loss=0.209749 nll=0.206661 kl=0.004964693 consistency=0 lambda=0 beta=0.622 grad=7.634193 horizon=100 lifetime=[458,891] skipped=False
2026-08-30 16:56:17,901 | INFO | step=3120/20000 loss=0.3177098 nll=0.314665 kl=0.004879564 consistency=0 lambda=0 beta=0.624 grad=33.26641 horizon=240 lifetime=[476,1932] skipped=False
2026-08-30 16:56:18,303 | INFO | step=3130/20000 loss=-0.1938695 nll=-0.1951445 kl=0.00203678 consistency=0 lambda=0 beta=0.626 grad=17.78606 horizon=180 lifetime=[437,915] skipped=False
2026-08-30 16:56:18,698 | INFO | step=3140/20000 loss=-0.04239254 nll=-0.04690605 kl=0.007187128 consistency=0 lambda=0 beta=0.628 grad=24.39134 horizon=160 lifetime=[476,1091] skipped=False
2026-08-30 16:56:19,088 | INFO | step=3150/20000 loss=0.3012358 nll=0.2996936 kl=0.00244786 consistency=0 lambda=0 beta=0.63 grad=29.23644 horizon=140 lifetime=[299,1154] skipped=False
2026-08-30 16:56:19,482 | INFO | step=3160/20000 loss=-0.004686243 nll=-0.01279106 kl=0.01282408 consistency=0 lambda=0 beta=0.632 grad=60.56657 horizon=220 lifetime=[491,1007] skipped=False
2026-08-30 16:56:19,870 | INFO | step=3170/20000 loss=0.2589139 nll=0.2534422 kl=0.008630455 consistency=0 lambda=0 beta=0.634 grad=24.02211 horizon=140 lifetime=[470,1635] skipped=False
2026-08-30 16:56:20,312 | INFO | step=3180/20000 loss=0.01860463 nll=0.01455518 kl=0.006367059 consistency=0 lambda=0 beta=0.636 grad=12.62181 horizon=280 lifetime=[539,1635] skipped=False
2026-08-30 16:56:20,691 | INFO | step=3190/20000 loss=0.1588861 nll=0.1577176 kl=0.001831379 consistency=0 lambda=0 beta=0.638 grad=14.42286 horizon=140 lifetime=[482,1635] skipped=False
2026-08-30 16:56:21,111 | INFO | step=3200/20000 loss=0.2152271 nll=0.2130902 kl=0.003338844 consistency=0 lambda=0 beta=0.64 grad=28.14179 horizon=240 lifetime=[299,1007] skipped=False
2026-08-30 16:56:21,531 | INFO | step=3210/20000 loss=1.065712 nll=1.062524 kl=0.004966673 consistency=0 lambda=0 beta=0.642 grad=70.25637 horizon=300 lifetime=[491,1705] skipped=False
2026-08-30 16:56:21,925 | INFO | step=3220/20000 loss=0.01145237 nll=0.008391716 kl=0.004752567 consistency=0 lambda=0 beta=0.644 grad=24.48131 horizon=140 lifetime=[299,1061] skipped=False
2026-08-30 16:56:22,360 | INFO | step=3230/20000 loss=-0.193492 nll=-0.197329 kl=0.005939556 consistency=0 lambda=0 beta=0.646 grad=13.7093 horizon=240 lifetime=[484,1858] skipped=False
2026-08-30 16:56:22,726 | INFO | step=3240/20000 loss=0.424864 nll=0.4234367 kl=0.002202714 consistency=0 lambda=0 beta=0.648 grad=85.48404 horizon=180 lifetime=[299,1025] skipped=False
2026-08-30 16:56:23,117 | INFO | step=3250/20000 loss=-0.07763486 nll=-0.07999591 kl=0.003632378 consistency=0 lambda=0 beta=0.65 grad=40.00602 horizon=280 lifetime=[460,1932] skipped=False
2026-08-30 16:56:23,524 | INFO | step=3260/20000 loss=0.05988465 nll=0.05827354 kl=0.00247103 consistency=0 lambda=0 beta=0.652 grad=14.56207 horizon=300 lifetime=[529,1858] skipped=False
2026-08-30 16:56:23,928 | INFO | step=3270/20000 loss=0.4338824 nll=0.4313691 kl=0.003842957 consistency=0 lambda=0 beta=0.654 grad=18.23673 horizon=100 lifetime=[486,1932] skipped=False
2026-08-30 16:56:24,308 | INFO | step=3280/20000 loss=-0.3509662 nll=-0.3551366 kl=0.006357357 consistency=0 lambda=0 beta=0.656 grad=20.05669 horizon=280 lifetime=[476,964] skipped=False
2026-08-30 16:56:24,737 | INFO | step=3290/20000 loss=-0.506328 nll=-0.50754 kl=0.001841903 consistency=0 lambda=0 beta=0.658 grad=15.39149 horizon=280 lifetime=[455,1143] skipped=False
2026-08-30 16:56:25,154 | INFO | step=3300/20000 loss=0.1353439 nll=0.1340946 kl=0.001892917 consistency=0 lambda=0 beta=0.66 grad=34.43282 horizon=300 lifetime=[458,1015] skipped=False
2026-08-30 16:56:25,586 | INFO | step=3310/20000 loss=-0.02087882 nll=-0.02618913 kl=0.008021627 consistency=0 lambda=0 beta=0.662 grad=43.80799 horizon=180 lifetime=[461,1015] skipped=False
2026-08-30 16:56:25,964 | INFO | step=3320/20000 loss=0.2510202 nll=0.2491942 kl=0.002749983 consistency=0 lambda=0 beta=0.664 grad=39.25645 horizon=180 lifetime=[464,1000] skipped=False
2026-08-30 16:56:26,364 | INFO | step=3330/20000 loss=0.2002108 nll=0.1990624 kl=0.001724318 consistency=0 lambda=0 beta=0.666 grad=36.28088 horizon=280 lifetime=[486,1932] skipped=False
2026-08-30 16:56:26,767 | INFO | step=3340/20000 loss=0.4827815 nll=0.4818003 kl=0.001468739 consistency=0 lambda=0 beta=0.668 grad=28.68817 horizon=140 lifetime=[437,1282] skipped=False
2026-08-30 16:56:27,191 | INFO | step=3350/20000 loss=1.319749 nll=1.317543 kl=0.003293069 consistency=0 lambda=0 beta=0.67 grad=120.5494 horizon=300 lifetime=[607,1932] skipped=False
2026-08-30 16:56:27,557 | INFO | step=3360/20000 loss=-0.2137519 nll=-0.2156093 kl=0.002763982 consistency=0 lambda=0 beta=0.672 grad=14.20401 horizon=120 lifetime=[458,858] skipped=False
2026-08-30 16:56:27,956 | INFO | step=3370/20000 loss=0.09009472 nll=0.08806573 kl=0.003010374 consistency=0 lambda=0 beta=0.674 grad=18.89137 horizon=240 lifetime=[704,1932] skipped=False
2026-08-30 16:56:28,357 | INFO | step=3380/20000 loss=-0.01865032 nll=-0.02043007 kl=0.002632768 consistency=0 lambda=0 beta=0.676 grad=32.28022 horizon=160 lifetime=[476,1282] skipped=False
2026-08-30 16:56:28,731 | INFO | step=3390/20000 loss=0.06308008 nll=0.06005485 kl=0.004461981 consistency=0 lambda=0 beta=0.678 grad=55.66286 horizon=160 lifetime=[299,1431] skipped=False
2026-08-30 16:56:29,118 | INFO | step=3400/20000 loss=0.3387164 nll=0.3348138 kl=0.005738999 consistency=0 lambda=0 beta=0.68 grad=30.1275 horizon=100 lifetime=[477,1282] skipped=False
2026-08-30 16:56:29,536 | INFO | step=3410/20000 loss=0.2206604 nll=0.2177343 kl=0.004290437 consistency=0 lambda=0 beta=0.682 grad=97.7333 horizon=220 lifetime=[559,1143] skipped=False
2026-08-30 16:56:29,936 | INFO | step=3420/20000 loss=0.3545878 nll=0.3523253 kl=0.003307727 consistency=0 lambda=0 beta=0.684 grad=47.04479 horizon=140 lifetime=[742,1156] skipped=False
2026-08-30 16:56:30,331 | INFO | step=3430/20000 loss=0.5922498 nll=0.5912117 kl=0.001513232 consistency=0 lambda=0 beta=0.686 grad=41.97682 horizon=260 lifetime=[458,1156] skipped=False
2026-08-30 16:56:30,730 | INFO | step=3440/20000 loss=0.1751486 nll=0.169696 kl=0.007925307 consistency=0 lambda=0 beta=0.688 grad=50.06185 horizon=120 lifetime=[460,1143] skipped=False
2026-08-30 16:56:31,107 | INFO | step=3450/20000 loss=-0.2025672 nll=-0.203627 kl=0.001535906 consistency=0 lambda=0 beta=0.69 grad=24.66342 horizon=140 lifetime=[476,1282] skipped=False
2026-08-30 16:56:31,506 | INFO | step=3460/20000 loss=0.1354926 nll=0.1342785 kl=0.001754444 consistency=0 lambda=0 beta=0.692 grad=47.69828 horizon=240 lifetime=[649,1635] skipped=False
2026-08-30 16:56:31,937 | INFO | step=3470/20000 loss=-0.2335775 nll=-0.2343133 kl=0.001060277 consistency=0 lambda=0 beta=0.694 grad=11.1928 horizon=300 lifetime=[559,1156] skipped=False
2026-08-30 16:56:32,379 | INFO | step=3480/20000 loss=0.03682629 nll=0.03606221 kl=0.001097821 consistency=0 lambda=0 beta=0.696 grad=35.67144 horizon=280 lifetime=[486,1154] skipped=False
2026-08-30 16:56:32,754 | INFO | step=3490/20000 loss=0.6652488 nll=0.6636757 kl=0.002253687 consistency=0 lambda=0 beta=0.698 grad=86.17731 horizon=140 lifetime=[614,1038] skipped=False
2026-08-30 16:56:33,451 | INFO | validation step=3500 rmse=134.6385 best=134.6385@3500 stale=0/10
2026-08-30 16:56:33,451 | INFO | step=3500/20000 loss=-0.5732166 nll=-0.575295 kl=0.002969038 consistency=0 lambda=0 beta=0.7 grad=21.03458 horizon=180 lifetime=[461,1015] skipped=False
2026-08-30 16:56:33,905 | INFO | step=3510/20000 loss=-0.5384262 nll=-0.540837 kl=0.0034342 consistency=0 lambda=0 beta=0.702 grad=22.75344 horizon=220 lifetime=[456,1154] skipped=False
2026-08-30 16:56:34,355 | INFO | step=3520/20000 loss=-0.3616287 nll=-0.3641783 kl=0.003621571 consistency=0 lambda=0 beta=0.704 grad=20.30316 horizon=140 lifetime=[456,1431] skipped=False
2026-08-30 16:56:34,772 | INFO | step=3530/20000 loss=-0.2208658 nll=-0.2220358 kl=0.001657184 consistency=0 lambda=0 beta=0.706 grad=36.02986 horizon=120 lifetime=[477,1076] skipped=False
2026-08-30 16:56:35,194 | INFO | step=3540/20000 loss=0.2339939 nll=0.232412 kl=0.00223434 consistency=0 lambda=0 beta=0.708 grad=76.61142 horizon=280 lifetime=[476,1156] skipped=False
2026-08-30 16:56:35,588 | INFO | step=3550/20000 loss=0.6588837 nll=0.6544625 kl=0.00622704 consistency=0 lambda=0 beta=0.71 grad=38.63909 horizon=120 lifetime=[614,1007] skipped=False
2026-08-30 16:56:35,986 | INFO | step=3560/20000 loss=-0.2001044 nll=-0.2058133 kl=0.008018062 consistency=0 lambda=0 beta=0.712 grad=39.12683 horizon=240 lifetime=[437,1858] skipped=False
2026-08-30 16:56:36,377 | INFO | step=3570/20000 loss=0.06680909 nll=0.06297951 kl=0.00536355 consistency=0 lambda=0 beta=0.714 grad=34.79905 horizon=160 lifetime=[510,988] skipped=False
2026-08-30 16:56:36,795 | INFO | step=3580/20000 loss=-0.06066367 nll=-0.0619311 kl=0.001770142 consistency=0 lambda=0 beta=0.716 grad=20.42647 horizon=120 lifetime=[476,1076] skipped=False
2026-08-30 16:56:37,211 | INFO | step=3590/20000 loss=0.1426525 nll=0.1401807 kl=0.003442543 consistency=0 lambda=0 beta=0.718 grad=29.691 horizon=100 lifetime=[477,1045] skipped=False
2026-08-30 16:56:37,661 | INFO | step=3600/20000 loss=-0.1450059 nll=-0.1473655 kl=0.003277205 consistency=0 lambda=0 beta=0.72 grad=39.42359 horizon=280 lifetime=[460,1091] skipped=False
2026-08-30 16:56:38,072 | INFO | step=3610/20000 loss=0.0319545 nll=0.02698671 kl=0.006880589 consistency=0 lambda=0 beta=0.722 grad=88.34312 horizon=240 lifetime=[648,1431] skipped=False
2026-08-30 16:56:38,468 | INFO | step=3620/20000 loss=0.04577002 nll=0.04277809 kl=0.004132494 consistency=0 lambda=0 beta=0.724 grad=28.48987 horizon=200 lifetime=[484,1154] skipped=False
2026-08-30 16:56:38,865 | INFO | step=3630/20000 loss=1.284988 nll=1.283671 kl=0.001814261 consistency=0 lambda=0 beta=0.726 grad=78.48835 horizon=140 lifetime=[486,1635] skipped=False
2026-08-30 16:56:39,301 | INFO | step=3640/20000 loss=-0.2794737 nll=-0.2800176 kl=0.0007470697 consistency=0 lambda=0 beta=0.728 grad=31.72231 horizon=220 lifetime=[456,1061] skipped=False
2026-08-30 16:56:39,723 | INFO | step=3650/20000 loss=-0.5741079 nll=-0.57674 kl=0.003605574 consistency=0 lambda=0 beta=0.73 grad=43.70864 horizon=280 lifetime=[467,1858] skipped=False
2026-08-30 16:56:40,103 | INFO | step=3660/20000 loss=-0.4386759 nll=-0.4401644 kl=0.00203339 consistency=0 lambda=0 beta=0.732 grad=56.9638 horizon=280 lifetime=[476,1071] skipped=False
2026-08-30 16:56:40,532 | INFO | step=3670/20000 loss=-0.05045272 nll=-0.05337133 kl=0.003976315 consistency=0 lambda=0 beta=0.734 grad=52.63758 horizon=200 lifetime=[493,1076] skipped=False
2026-08-30 16:56:40,934 | INFO | step=3680/20000 loss=0.1992566 nll=0.1955275 kl=0.005066704 consistency=0 lambda=0 beta=0.736 grad=38.00564 horizon=120 lifetime=[461,1071] skipped=False
2026-08-30 16:56:41,337 | INFO | step=3690/20000 loss=-0.6122398 nll=-0.6130394 kl=0.001083396 consistency=0 lambda=0 beta=0.738 grad=54.99022 horizon=300 lifetime=[455,1143] skipped=False
2026-08-30 16:56:41,775 | INFO | step=3700/20000 loss=-0.1353076 nll=-0.1375108 kl=0.00297736 consistency=0 lambda=0 beta=0.74 grad=9.157951 horizon=100 lifetime=[482,875] skipped=False
2026-08-30 16:56:42,182 | INFO | step=3710/20000 loss=0.5854144 nll=0.5845045 kl=0.001226291 consistency=0 lambda=0 beta=0.742 grad=63.48737 horizon=120 lifetime=[665,1091] skipped=False
2026-08-30 16:56:42,581 | INFO | step=3720/20000 loss=0.09376524 nll=0.09250456 kl=0.001694452 consistency=0 lambda=0 beta=0.744 grad=114.2097 horizon=280 lifetime=[458,786] skipped=False
2026-08-30 16:56:43,048 | INFO | step=3730/20000 loss=0.3418638 nll=0.3399978 kl=0.002501268 consistency=0 lambda=0 beta=0.746 grad=74.79051 horizon=260 lifetime=[707,1635] skipped=False
2026-08-30 16:56:43,454 | INFO | step=3740/20000 loss=0.2561757 nll=0.2535664 kl=0.003488354 consistency=0 lambda=0 beta=0.748 grad=56.13144 horizon=140 lifetime=[467,1156] skipped=False
2026-08-30 16:56:43,897 | INFO | step=3750/20000 loss=-0.1924953 nll=-0.1928894 kl=0.0005255081 consistency=0 lambda=0 beta=0.75 grad=40.74801 horizon=280 lifetime=[491,1076] skipped=False
2026-08-30 16:56:44,326 | INFO | step=3760/20000 loss=-0.4425069 nll=-0.4458201 kl=0.004405852 consistency=0 lambda=0 beta=0.752 grad=17.04404 horizon=220 lifetime=[458,1143] skipped=False
2026-08-30 16:56:44,723 | INFO | step=3770/20000 loss=-0.1769807 nll=-0.1777352 kl=0.00100068 consistency=0 lambda=0 beta=0.754 grad=74.96172 horizon=220 lifetime=[458,1154] skipped=False
2026-08-30 16:56:45,164 | INFO | step=3780/20000 loss=-0.2288996 nll=-0.2296766 kl=0.001027826 consistency=0 lambda=0 beta=0.756 grad=9.247036 horizon=260 lifetime=[510,1000] skipped=False
2026-08-30 16:56:45,582 | INFO | step=3790/20000 loss=0.1173167 nll=0.1153454 kl=0.0026007 consistency=0 lambda=0 beta=0.758 grad=71.99987 horizon=180 lifetime=[482,1635] skipped=False
2026-08-30 16:56:45,940 | INFO | step=3800/20000 loss=0.1813469 nll=0.1787349 kl=0.003436942 consistency=0 lambda=0 beta=0.76 grad=27.12433 horizon=120 lifetime=[614,1036] skipped=False
2026-08-30 16:56:46,347 | INFO | step=3810/20000 loss=0.2953084 nll=0.2923942 kl=0.003824383 consistency=0 lambda=0 beta=0.762 grad=95.99876 horizon=220 lifetime=[677,1015] skipped=False
2026-08-30 16:56:46,748 | INFO | step=3820/20000 loss=0.2743676 nll=0.2701955 kl=0.005460866 consistency=0 lambda=0 beta=0.764 grad=45.32338 horizon=140 lifetime=[482,1932] skipped=False
2026-08-30 16:56:47,155 | INFO | step=3830/20000 loss=-0.6994837 nll=-0.7005864 kl=0.001439586 consistency=0 lambda=0 beta=0.766 grad=59.60544 horizon=200 lifetime=[486,1038] skipped=False
2026-08-30 16:56:47,556 | INFO | step=3840/20000 loss=1.306913 nll=1.303879 kl=0.003950156 consistency=0 lambda=0 beta=0.768 grad=132.6474 horizon=200 lifetime=[437,991] skipped=False
2026-08-30 16:56:47,956 | INFO | step=3850/20000 loss=0.286542 nll=0.2844845 kl=0.002672106 consistency=0 lambda=0 beta=0.77 grad=95.11018 horizon=180 lifetime=[299,891] skipped=False
2026-08-30 16:56:48,335 | INFO | step=3860/20000 loss=-0.5916337 nll=-0.5935864 kl=0.002529383 consistency=0 lambda=0 beta=0.772 grad=22.11652 horizon=160 lifetime=[464,856] skipped=False
2026-08-30 16:56:48,727 | INFO | step=3870/20000 loss=-0.4289964 nll=-0.4319751 kl=0.003848433 consistency=0 lambda=0 beta=0.774 grad=40.3204 horizon=260 lifetime=[508,921] skipped=False
2026-08-30 16:56:49,153 | INFO | step=3880/20000 loss=-0.4969949 nll=-0.4991123 kl=0.002728693 consistency=0 lambda=0 beta=0.776 grad=43.40241 horizon=300 lifetime=[464,1154] skipped=False
2026-08-30 16:56:49,568 | INFO | step=3890/20000 loss=0.3677924 nll=0.365629 kl=0.002780713 consistency=0 lambda=0 beta=0.778 grad=85.43527 horizon=200 lifetime=[529,1076] skipped=False
2026-08-30 16:56:49,945 | INFO | step=3900/20000 loss=-0.4486122 nll=-0.4516461 kl=0.003889598 consistency=0 lambda=0 beta=0.78 grad=70.06361 horizon=280 lifetime=[458,1154] skipped=False
2026-08-30 16:56:50,345 | INFO | step=3910/20000 loss=-0.1763183 nll=-0.1822711 kl=0.007612202 consistency=0 lambda=0 beta=0.782 grad=17.10851 horizon=240 lifetime=[665,1858] skipped=False
2026-08-30 16:56:50,794 | INFO | step=3920/20000 loss=-0.4469314 nll=-0.4482408 kl=0.001670144 consistency=0 lambda=0 beta=0.784 grad=74.45237 horizon=300 lifetime=[461,871] skipped=False
2026-08-30 16:56:51,175 | INFO | step=3930/20000 loss=-0.1491264 nll=-0.1541288 kl=0.006364409 consistency=0 lambda=0 beta=0.786 grad=63.47158 horizon=300 lifetime=[486,1705] skipped=False
2026-08-30 16:56:51,551 | INFO | step=3940/20000 loss=-0.3069607 nll=-0.3112352 kl=0.005424421 consistency=0 lambda=0 beta=0.788 grad=23.07067 horizon=160 lifetime=[470,1076] skipped=False
2026-08-30 16:56:51,985 | INFO | step=3950/20000 loss=-0.5357767 nll=-0.5382889 kl=0.003179949 consistency=0 lambda=0 beta=0.79 grad=26.01016 horizon=280 lifetime=[299,1858] skipped=False
2026-08-30 16:56:52,398 | INFO | step=3960/20000 loss=-0.1013706 nll=-0.1041901 kl=0.003559992 consistency=0 lambda=0 beta=0.792 grad=32.86353 horizon=180 lifetime=[482,1932] skipped=False
2026-08-30 16:56:52,836 | INFO | step=3970/20000 loss=-0.1932052 nll=-0.1939904 kl=0.0009888299 consistency=0 lambda=0 beta=0.794 grad=52.0218 horizon=280 lifetime=[458,1143] skipped=False
2026-08-30 16:56:53,222 | INFO | step=3980/20000 loss=-0.4688137 nll=-0.4710542 kl=0.002814662 consistency=0 lambda=0 beta=0.796 grad=42.96992 horizon=240 lifetime=[458,991] skipped=False
2026-08-30 16:56:53,616 | INFO | step=3990/20000 loss=-0.2701301 nll=-0.2736653 kl=0.004430138 consistency=0 lambda=0 beta=0.798 grad=48.31401 horizon=220 lifetime=[476,988] skipped=False
2026-08-30 16:56:54,308 | INFO | validation step=4000 rmse=148.142 best=134.6385@3500 stale=1/10
2026-08-30 16:56:54,308 | INFO | step=4000/20000 loss=-0.191114 nll=-0.1926713 kl=0.001946624 consistency=0 lambda=0 beta=0.8 grad=112.3094 horizon=240 lifetime=[477,814] skipped=False
2026-08-30 16:56:54,783 | INFO | step=4010/20000 loss=-0.2844189 nll=-0.2856664 kl=0.001555536 consistency=0 lambda=0 beta=0.802 grad=26.70252 horizon=220 lifetime=[518,1635] skipped=False
2026-08-30 16:56:55,160 | INFO | step=4020/20000 loss=-0.2317337 nll=-0.2347169 kl=0.003710359 consistency=0 lambda=0 beta=0.804 grad=47.27909 horizon=260 lifetime=[299,1635] skipped=False
2026-08-30 16:56:55,534 | INFO | step=4030/20000 loss=0.09610631 nll=0.09323619 kl=0.003560938 consistency=0 lambda=0 beta=0.806 grad=84.29922 horizon=300 lifetime=[470,1015] skipped=False
2026-08-30 16:56:55,915 | INFO | step=4040/20000 loss=-0.3883456 nll=-0.3911893 kl=0.003519477 consistency=0 lambda=0 beta=0.808 grad=49.17042 horizon=280 lifetime=[455,1076] skipped=False
2026-08-30 16:56:56,327 | INFO | step=4050/20000 loss=0.2518321 nll=0.2481437 kl=0.004553627 consistency=0 lambda=0 beta=0.81 grad=37.1271 horizon=280 lifetime=[455,1071] skipped=False
2026-08-30 16:56:56,721 | INFO | step=4060/20000 loss=0.9384218 nll=0.9347851 kl=0.004478704 consistency=0 lambda=0 beta=0.812 grad=142.4145 horizon=240 lifetime=[486,1156] skipped=False
2026-08-30 16:56:57,128 | INFO | step=4070/20000 loss=-0.02828785 nll=-0.0312815 kl=0.003677706 consistency=0 lambda=0 beta=0.814 grad=51.53839 horizon=140 lifetime=[493,1635] skipped=False
2026-08-30 16:56:57,539 | INFO | step=4080/20000 loss=0.4792635 nll=0.4742386 kl=0.006157987 consistency=0 lambda=0 beta=0.816 grad=44.02085 horizon=100 lifetime=[437,1015] skipped=False
2026-08-30 16:56:57,943 | INFO | step=4090/20000 loss=0.5536293 nll=0.546621 kl=0.008567654 consistency=0 lambda=0 beta=0.818 grad=106.4343 horizon=180 lifetime=[649,1282] skipped=False
2026-08-30 16:56:58,340 | INFO | step=4100/20000 loss=-0.304722 nll=-0.3058172 kl=0.00133566 consistency=0 lambda=0 beta=0.82 grad=32.10926 horizon=280 lifetime=[458,1858] skipped=False
2026-08-30 16:56:58,771 | INFO | step=4110/20000 loss=-0.1019816 nll=-0.1032019 kl=0.001484571 consistency=0 lambda=0 beta=0.822 grad=68.49802 horizon=300 lifetime=[437,1071] skipped=False
2026-08-30 16:56:59,177 | INFO | step=4120/20000 loss=-0.1890917 nll=-0.1923075 kl=0.003902618 consistency=0 lambda=0 beta=0.824 grad=22.02233 horizon=200 lifetime=[486,1635] skipped=False
2026-08-30 16:56:59,554 | INFO | step=4130/20000 loss=0.3507434 nll=0.3479023 kl=0.003439536 consistency=0 lambda=0 beta=0.826 grad=33.46202 horizon=120 lifetime=[455,1932] skipped=False
2026-08-30 16:56:59,944 | INFO | step=4140/20000 loss=0.102848 nll=0.1013632 kl=0.001793217 consistency=0 lambda=0 beta=0.828 grad=24.01576 horizon=260 lifetime=[738,1705] skipped=False
2026-08-30 16:57:00,344 | INFO | step=4150/20000 loss=-0.2712404 nll=-0.2756811 kl=0.005350285 consistency=0 lambda=0 beta=0.83 grad=53.01038 horizon=180 lifetime=[437,1143] skipped=False
2026-08-30 16:57:00,758 | INFO | step=4160/20000 loss=0.1050415 nll=0.1036914 kl=0.001622789 consistency=0 lambda=0 beta=0.832 grad=23.55826 horizon=140 lifetime=[476,1858] skipped=False
2026-08-30 16:57:01,273 | INFO | step=4170/20000 loss=0.3632403 nll=0.3623239 kl=0.001098897 consistency=0 lambda=0 beta=0.834 grad=92.87868 horizon=160 lifetime=[437,1154] skipped=False
2026-08-30 16:57:01,701 | INFO | step=4180/20000 loss=-0.1232042 nll=-0.1289361 kl=0.006856402 consistency=0 lambda=0 beta=0.836 grad=57.01575 horizon=200 lifetime=[529,1154] skipped=False
2026-08-30 16:57:02,081 | INFO | step=4190/20000 loss=-0.1381442 nll=-0.1394307 kl=0.00153518 consistency=0 lambda=0 beta=0.838 grad=24.14216 horizon=280 lifetime=[700,1154] skipped=False
2026-08-30 16:57:02,509 | INFO | step=4200/20000 loss=0.4689633 nll=0.463143 kl=0.006928906 consistency=0 lambda=0 beta=0.84 grad=22.97545 horizon=120 lifetime=[493,1635] skipped=False
2026-08-30 16:57:02,917 | INFO | step=4210/20000 loss=0.5458354 nll=0.5420786 kl=0.004461784 consistency=0 lambda=0 beta=0.842 grad=20.21846 horizon=120 lifetime=[615,1705] skipped=False
2026-08-30 16:57:03,301 | INFO | step=4220/20000 loss=-0.4416086 nll=-0.4439661 kl=0.002793312 consistency=0 lambda=0 beta=0.844 grad=14.56993 horizon=120 lifetime=[455,856] skipped=False
2026-08-30 16:57:03,716 | INFO | step=4230/20000 loss=-0.6371518 nll=-0.6384863 kl=0.001577423 consistency=0 lambda=0 beta=0.846 grad=18.49856 horizon=300 lifetime=[486,1038] skipped=False
2026-08-30 16:57:04,138 | INFO | step=4240/20000 loss=-0.5375314 nll=-0.5393052 kl=0.002091731 consistency=0 lambda=0 beta=0.848 grad=21.65147 horizon=260 lifetime=[458,836] skipped=False
2026-08-30 16:57:04,518 | INFO | step=4250/20000 loss=-0.06007732 nll=-0.06183317 kl=0.002065711 consistency=0 lambda=0 beta=0.85 grad=50.56682 horizon=160 lifetime=[486,991] skipped=False
2026-08-30 16:57:04,916 | INFO | step=4260/20000 loss=-0.5950397 nll=-0.5966473 kl=0.001886845 consistency=0 lambda=0 beta=0.852 grad=29.16189 horizon=180 lifetime=[464,823] skipped=False
2026-08-30 16:57:05,363 | INFO | step=4270/20000 loss=-0.2691182 nll=-0.2754331 kl=0.0073945 consistency=0 lambda=0 beta=0.854 grad=33.73179 horizon=200 lifetime=[486,1071] skipped=False
2026-08-30 16:57:05,778 | INFO | step=4280/20000 loss=-0.09383589 nll=-0.09601314 kl=0.002543509 consistency=0 lambda=0 beta=0.856 grad=8.583893 horizon=120 lifetime=[464,1932] skipped=False
2026-08-30 16:57:06,168 | INFO | step=4290/20000 loss=-0.04467465 nll=-0.04643108 kl=0.002047122 consistency=0 lambda=0 beta=0.858 grad=35.26847 horizon=140 lifetime=[467,1076] skipped=False
2026-08-30 16:57:06,588 | INFO | step=4300/20000 loss=0.3510042 nll=0.3476975 kl=0.00384494 consistency=0 lambda=0 beta=0.86 grad=71.84514 horizon=260 lifetime=[458,1156] skipped=False
2026-08-30 16:57:06,948 | INFO | step=4310/20000 loss=-0.6982108 nll=-0.7035828 kl=0.006232017 consistency=0 lambda=0 beta=0.862 grad=13.82826 horizon=200 lifetime=[486,1038] skipped=False
2026-08-30 16:57:07,347 | INFO | step=4320/20000 loss=0.7875345 nll=0.7850917 kl=0.00282735 consistency=0 lambda=0 beta=0.864 grad=91.21131 horizon=100 lifetime=[437,1156] skipped=False
2026-08-30 16:57:07,815 | INFO | step=4330/20000 loss=0.7543763 nll=0.7527983 kl=0.001822161 consistency=0 lambda=0 beta=0.866 grad=125.0544 horizon=260 lifetime=[607,1858] skipped=False
2026-08-30 16:57:08,228 | INFO | step=4340/20000 loss=-0.623301 nll=-0.6247471 kl=0.001666064 consistency=0 lambda=0 beta=0.868 grad=22.68948 horizon=200 lifetime=[476,1154] skipped=False
2026-08-30 16:57:08,609 | INFO | step=4350/20000 loss=-0.6581482 nll=-0.6606441 kl=0.002868778 consistency=0 lambda=0 beta=0.87 grad=15.22929 horizon=240 lifetime=[461,988] skipped=False
2026-08-30 16:57:09,035 | INFO | step=4360/20000 loss=-0.237524 nll=-0.2389226 kl=0.001603916 consistency=0 lambda=0 beta=0.872 grad=79.11318 horizon=300 lifetime=[456,1932] skipped=False
2026-08-30 16:57:09,424 | INFO | step=4370/20000 loss=-0.7463973 nll=-0.7473624 kl=0.001104312 consistency=0 lambda=0 beta=0.874 grad=79.87454 horizon=260 lifetime=[467,964] skipped=False
2026-08-30 16:57:09,867 | INFO | step=4380/20000 loss=-0.6093997 nll=-0.6112243 kl=0.002082927 consistency=0 lambda=0 beta=0.876 grad=102.3249 horizon=220 lifetime=[460,1431] skipped=False
2026-08-30 16:57:10,239 | INFO | step=4390/20000 loss=0.1816487 nll=0.1777585 kl=0.004430756 consistency=0 lambda=0 beta=0.878 grad=23.67068 horizon=100 lifetime=[559,1705] skipped=False
2026-08-30 16:57:10,636 | INFO | step=4400/20000 loss=-0.4350688 nll=-0.4392833 kl=0.004789162 consistency=0 lambda=0 beta=0.88 grad=21.81091 horizon=160 lifetime=[437,818] skipped=False
2026-08-30 16:57:11,092 | INFO | step=4410/20000 loss=0.5081406 nll=0.5005639 kl=0.008590393 consistency=0 lambda=0 beta=0.882 grad=95.99195 horizon=120 lifetime=[470,1431] skipped=False
2026-08-30 16:57:11,500 | INFO | step=4420/20000 loss=-0.1250048 nll=-0.1266369 kl=0.001846224 consistency=0 lambda=0 beta=0.884 grad=101.156 horizon=300 lifetime=[455,868] skipped=False
2026-08-30 16:57:11,910 | INFO | step=4430/20000 loss=-0.4174138 nll=-0.4185313 kl=0.001261264 consistency=0 lambda=0 beta=0.886 grad=55.2351 horizon=300 lifetime=[437,1705] skipped=False
2026-08-30 16:57:12,307 | INFO | step=4440/20000 loss=-0.4489848 nll=-0.4497131 kl=0.0008202381 consistency=0 lambda=0 beta=0.888 grad=44.65263 horizon=300 lifetime=[458,1705] skipped=False
2026-08-30 16:57:12,709 | INFO | step=4450/20000 loss=-0.2182541 nll=-0.2231807 kl=0.005535405 consistency=0 lambda=0 beta=0.89 grad=50.69062 horizon=160 lifetime=[455,855] skipped=False
2026-08-30 16:57:13,174 | INFO | step=4460/20000 loss=0.133194 nll=0.1322742 kl=0.001031142 consistency=0 lambda=0 beta=0.892 grad=61.39569 horizon=260 lifetime=[501,1143] skipped=False
2026-08-30 16:57:13,623 | INFO | step=4470/20000 loss=-0.5123646 nll=-0.5158999 kl=0.003954459 consistency=0 lambda=0 beta=0.894 grad=25.4663 horizon=240 lifetime=[299,868] skipped=False
2026-08-30 16:57:14,016 | INFO | step=4480/20000 loss=0.01553911 nll=0.01179002 kl=0.004184246 consistency=0 lambda=0 beta=0.896 grad=37.35912 horizon=100 lifetime=[299,1045] skipped=False
2026-08-30 16:57:14,443 | INFO | step=4490/20000 loss=0.215789 nll=0.2136096 kl=0.00242693 consistency=0 lambda=0 beta=0.898 grad=15.7916 horizon=120 lifetime=[437,1858] skipped=False
2026-08-30 16:57:15,127 | INFO | validation step=4500 rmse=122.6368 best=122.6368@4500 stale=0/10
2026-08-30 16:57:15,127 | INFO | step=4500/20000 loss=-0.2818833 nll=-0.2861688 kl=0.004761662 consistency=0 lambda=0 beta=0.9 grad=14.1828 horizon=140 lifetime=[486,1932] skipped=False
2026-08-30 16:57:15,544 | INFO | step=4510/20000 loss=0.174996 nll=0.1726178 kl=0.0026366 consistency=0 lambda=0 beta=0.902 grad=48.85152 horizon=100 lifetime=[476,1154] skipped=False
2026-08-30 16:57:15,916 | INFO | step=4520/20000 loss=0.7902618 nll=0.7888995 kl=0.001506932 consistency=0 lambda=0 beta=0.904 grad=46.27526 horizon=120 lifetime=[476,1858] skipped=False
2026-08-30 16:57:16,282 | INFO | step=4530/20000 loss=0.3407487 nll=0.3340392 kl=0.007405713 consistency=0 lambda=0 beta=0.906 grad=38.05704 horizon=100 lifetime=[461,1282] skipped=False
2026-08-30 16:57:16,711 | INFO | step=4540/20000 loss=-0.5569263 nll=-0.5584292 kl=0.001655184 consistency=0 lambda=0 beta=0.908 grad=47.79003 horizon=200 lifetime=[456,1705] skipped=False
2026-08-30 16:57:17,082 | INFO | step=4550/20000 loss=-0.2873423 nll=-0.2893935 kl=0.002254 consistency=0 lambda=0 beta=0.91 grad=18.93401 horizon=280 lifetime=[461,1038] skipped=False
2026-08-30 16:57:17,473 | INFO | step=4560/20000 loss=0.3936221 nll=0.3891633 kl=0.004889037 consistency=0 lambda=0 beta=0.912 grad=51.38355 horizon=100 lifetime=[299,1932] skipped=False
2026-08-30 16:57:17,853 | INFO | step=4570/20000 loss=-0.1480965 nll=-0.1508733 kl=0.003037999 consistency=0 lambda=0 beta=0.914 grad=41.95153 horizon=140 lifetime=[476,1007] skipped=False
2026-08-30 16:57:18,249 | INFO | step=4580/20000 loss=-0.5613624 nll=-0.5624176 kl=0.001151895 consistency=0 lambda=0 beta=0.916 grad=19.37478 horizon=160 lifetime=[476,871] skipped=False
2026-08-30 16:57:18,636 | INFO | step=4590/20000 loss=-0.2834444 nll=-0.2865624 kl=0.003396437 consistency=0 lambda=0 beta=0.918 grad=20.72028 horizon=120 lifetime=[456,1049] skipped=False
2026-08-30 16:57:19,048 | INFO | step=4600/20000 loss=-0.708846 nll=-0.7097276 kl=0.0009583109 consistency=0 lambda=0 beta=0.92 grad=40.94571 horizon=300 lifetime=[455,1156] skipped=False
2026-08-30 16:57:19,400 | INFO | step=4610/20000 loss=0.00312893 nll=0.0008254945 kl=0.002498303 consistency=0 lambda=0 beta=0.922 grad=17.54709 horizon=100 lifetime=[455,1431] skipped=False
2026-08-30 16:57:19,813 | INFO | step=4620/20000 loss=-0.707046 nll=-0.7081745 kl=0.001221303 consistency=0 lambda=0 beta=0.924 grad=85.16624 horizon=240 lifetime=[437,1091] skipped=False
2026-08-30 16:57:20,204 | INFO | step=4630/20000 loss=-0.4384854 nll=-0.4409559 kl=0.002667964 consistency=0 lambda=0 beta=0.926 grad=52.70539 horizon=180 lifetime=[464,1282] skipped=False
2026-08-30 16:57:20,607 | INFO | step=4640/20000 loss=0.2887794 nll=0.2873171 kl=0.001575788 consistency=0 lambda=0 beta=0.928 grad=150.6891 horizon=240 lifetime=[607,1154] skipped=False
2026-08-30 16:57:20,975 | INFO | step=4650/20000 loss=0.1117863 nll=0.1107084 kl=0.001159064 consistency=0 lambda=0 beta=0.93 grad=66.79928 horizon=240 lifetime=[464,1635] skipped=False
2026-08-30 16:57:21,370 | INFO | step=4660/20000 loss=-0.1835604 nll=-0.185596 kl=0.002184185 consistency=0 lambda=0 beta=0.932 grad=53.19574 horizon=160 lifetime=[486,1061] skipped=False
2026-08-30 16:57:21,793 | INFO | step=4670/20000 loss=-0.7902365 nll=-0.7909925 kl=0.0008093715 consistency=0 lambda=0 beta=0.934 grad=29.04127 horizon=300 lifetime=[458,1045] skipped=False
2026-08-30 16:57:22,191 | INFO | step=4680/20000 loss=-1.240854 nll=-1.243729 kl=0.003071658 consistency=0 lambda=0 beta=0.936 grad=46.79983 horizon=240 lifetime=[455,774] skipped=False
2026-08-30 16:57:22,602 | INFO | step=4690/20000 loss=-0.1448948 nll=-0.1467904 kl=0.002020823 consistency=0 lambda=0 beta=0.938 grad=62.38306 horizon=180 lifetime=[299,1932] skipped=False
2026-08-30 16:57:23,027 | INFO | step=4700/20000 loss=-0.1299705 nll=-0.1310478 kl=0.001146074 consistency=0 lambda=0 beta=0.94 grad=50.48403 horizon=200 lifetime=[437,1932] skipped=False
2026-08-30 16:57:23,474 | INFO | step=4710/20000 loss=-0.0282577 nll=-0.0289304 kl=0.0007141177 consistency=0 lambda=0 beta=0.942 grad=68.94003 horizon=180 lifetime=[476,1156] skipped=False
2026-08-30 16:57:23,925 | INFO | step=4720/20000 loss=0.5444505 nll=0.5436124 kl=0.000887908 consistency=0 lambda=0 beta=0.944 grad=94.21687 horizon=200 lifetime=[437,1091] skipped=False
2026-08-30 16:57:24,318 | INFO | step=4730/20000 loss=-0.1221742 nll=-0.1241366 kl=0.002074375 consistency=0 lambda=0 beta=0.946 grad=69.3717 horizon=260 lifetime=[476,1431] skipped=False
2026-08-30 16:57:24,764 | INFO | step=4740/20000 loss=-0.02122907 nll=-0.0218614 kl=0.0006670243 consistency=0 lambda=0 beta=0.948 grad=88.92158 horizon=300 lifetime=[467,1007] skipped=False
2026-08-30 16:57:25,124 | INFO | step=4750/20000 loss=-0.530895 nll=-0.5328463 kl=0.002054021 consistency=0 lambda=0 beta=0.95 grad=53.88943 horizon=220 lifetime=[508,1858] skipped=False
2026-08-30 16:57:25,502 | INFO | step=4760/20000 loss=-0.2035085 nll=-0.2076449 kl=0.004344942 consistency=0 lambda=0 beta=0.952 grad=68.62076 horizon=200 lifetime=[476,1000] skipped=False
2026-08-30 16:57:25,887 | INFO | step=4770/20000 loss=-0.3030263 nll=-0.304384 kl=0.001423139 consistency=0 lambda=0 beta=0.954 grad=15.08593 horizon=140 lifetime=[501,1932] skipped=False
2026-08-30 16:57:26,306 | INFO | step=4780/20000 loss=-0.1288146 nll=-0.1315339 kl=0.002844471 consistency=0 lambda=0 beta=0.956 grad=23.40674 horizon=100 lifetime=[476,1091] skipped=False
2026-08-30 16:57:26,716 | INFO | step=4790/20000 loss=-0.580761 nll=-0.5821903 kl=0.001492029 consistency=0 lambda=0 beta=0.958 grad=40.86827 horizon=280 lifetime=[482,1858] skipped=False
2026-08-30 16:57:27,129 | INFO | step=4800/20000 loss=0.07097431 nll=0.06862007 kl=0.002452336 consistency=0 lambda=0 beta=0.96 grad=25.97008 horizon=120 lifetime=[614,1858] skipped=False
2026-08-30 16:57:27,555 | INFO | step=4810/20000 loss=-0.2641886 nll=-0.2670497 kl=0.00297403 consistency=0 lambda=0 beta=0.962 grad=53.04065 horizon=260 lifetime=[299,1015] skipped=False
2026-08-30 16:57:27,938 | INFO | step=4820/20000 loss=-0.4717302 nll=-0.4730516 kl=0.001370683 consistency=0 lambda=0 beta=0.964 grad=70.38345 horizon=220 lifetime=[512,1431] skipped=False
2026-08-30 16:57:28,337 | INFO | step=4830/20000 loss=-0.1216368 nll=-0.12401 kl=0.002456695 consistency=0 lambda=0 beta=0.966 grad=51.1525 horizon=140 lifetime=[467,1932] skipped=False
2026-08-30 16:57:28,736 | INFO | step=4840/20000 loss=-0.5726097 nll=-0.5758349 kl=0.003331803 consistency=0 lambda=0 beta=0.968 grad=100.2693 horizon=260 lifetime=[486,1282] skipped=False
2026-08-30 16:57:29,152 | INFO | step=4850/20000 loss=-0.3509595 nll=-0.3562938 kl=0.005499259 consistency=0 lambda=0 beta=0.97 grad=38.78434 horizon=260 lifetime=[675,1282] skipped=False
2026-08-30 16:57:29,547 | INFO | step=4860/20000 loss=0.2086568 nll=0.2019372 kl=0.006913144 consistency=0 lambda=0 beta=0.972 grad=17.353 horizon=120 lifetime=[493,964] skipped=False
2026-08-30 16:57:29,966 | INFO | step=4870/20000 loss=-0.3626485 nll=-0.3692292 kl=0.006756339 consistency=0 lambda=0 beta=0.974 grad=36.80472 horizon=180 lifetime=[477,1154] skipped=False
2026-08-30 16:57:30,371 | INFO | step=4880/20000 loss=-0.4339338 nll=-0.4368785 kl=0.00301712 consistency=0 lambda=0 beta=0.976 grad=51.27642 horizon=180 lifetime=[437,1635] skipped=False
2026-08-30 16:57:30,761 | INFO | step=4890/20000 loss=0.1802253 nll=0.1777536 kl=0.0025273 consistency=0 lambda=0 beta=0.978 grad=120.1002 horizon=160 lifetime=[455,1705] skipped=False
2026-08-30 16:57:31,138 | INFO | step=4900/20000 loss=-0.1931776 nll=-0.1967393 kl=0.003634386 consistency=0 lambda=0 beta=0.98 grad=20.06058 horizon=160 lifetime=[476,1858] skipped=False
2026-08-30 16:57:31,508 | INFO | step=4910/20000 loss=0.492634 nll=0.4908108 kl=0.001856687 consistency=0 lambda=0 beta=0.982 grad=83.33579 horizon=100 lifetime=[460,1635] skipped=False
2026-08-30 16:57:31,884 | INFO | step=4920/20000 loss=-0.2683057 nll=-0.269759 kl=0.001476903 consistency=0 lambda=0 beta=0.984 grad=24.65648 horizon=120 lifetime=[512,856] skipped=False
2026-08-30 16:57:32,305 | INFO | step=4930/20000 loss=-0.5789793 nll=-0.5804139 kl=0.00145497 consistency=0 lambda=0 beta=0.986 grad=73.15121 horizon=300 lifetime=[467,1143] skipped=False
2026-08-30 16:57:32,752 | INFO | step=4940/20000 loss=-0.3391298 nll=-0.3416741 kl=0.002575213 consistency=0 lambda=0 beta=0.988 grad=34.59572 horizon=140 lifetime=[437,1091] skipped=False
2026-08-30 16:57:33,130 | INFO | step=4950/20000 loss=-0.5752449 nll=-0.5783715 kl=0.003158186 consistency=0 lambda=0 beta=0.99 grad=52.02505 horizon=200 lifetime=[484,1049] skipped=False
2026-08-30 16:57:33,533 | INFO | step=4960/20000 loss=-0.4576495 nll=-0.4585992 kl=0.0009573339 consistency=0 lambda=0 beta=0.992 grad=15.80011 horizon=140 lifetime=[455,988] skipped=False
2026-08-30 16:57:33,885 | INFO | step=4970/20000 loss=-0.5093038 nll=-0.5172796 kl=0.008023918 consistency=0 lambda=0 beta=0.994 grad=60.0734 horizon=280 lifetime=[464,1154] skipped=False
2026-08-30 16:57:34,318 | INFO | step=4980/20000 loss=-0.8002992 nll=-0.8017706 kl=0.001477342 consistency=0 lambda=0 beta=0.996 grad=33.14033 horizon=240 lifetime=[486,1932] skipped=False
2026-08-30 16:57:34,687 | INFO | step=4990/20000 loss=-0.2390106 nll=-0.2402649 kl=0.001256803 consistency=0 lambda=0 beta=0.998 grad=158.1697 horizon=240 lifetime=[486,1282] skipped=False
2026-08-30 16:57:35,362 | INFO | validation step=5000 rmse=159.9 best=122.6368@4500 stale=1/10
2026-08-30 16:57:35,362 | INFO | step=5000/20000 loss=-0.7720004 nll=-0.7728227 kl=0.0008223057 consistency=0 lambda=0 beta=1 grad=79.59564 horizon=200 lifetime=[456,841] skipped=False
2026-08-30 16:57:35,867 | INFO | step=5010/20000 loss=-0.2425227 nll=-0.2446378 kl=0.002115116 consistency=0 lambda=0 beta=1 grad=68.18377 horizon=240 lifetime=[476,856] skipped=False
2026-08-30 16:57:36,265 | INFO | step=5020/20000 loss=-0.3501255 nll=-0.351311 kl=0.001185507 consistency=0 lambda=0 beta=1 grad=120.4806 horizon=180 lifetime=[486,1025] skipped=False
2026-08-30 16:57:36,691 | INFO | step=5030/20000 loss=-0.4553489 nll=-0.456884 kl=0.001535117 consistency=0 lambda=0 beta=1 grad=15.28608 horizon=120 lifetime=[437,988] skipped=False
2026-08-30 16:57:37,047 | INFO | step=5040/20000 loss=-0.5474759 nll=-0.5527213 kl=0.005245339 consistency=0 lambda=0 beta=1 grad=51.3561 horizon=120 lifetime=[456,1143] skipped=False
2026-08-30 16:57:37,415 | INFO | step=5050/20000 loss=-0.08749484 nll=-0.09185895 kl=0.004364119 consistency=0 lambda=0 beta=1 grad=73.91881 horizon=120 lifetime=[486,1045] skipped=False
2026-08-30 16:57:37,859 | INFO | step=5060/20000 loss=-0.438713 nll=-0.4398874 kl=0.001174428 consistency=0 lambda=0 beta=1 grad=51.66646 horizon=240 lifetime=[491,988] skipped=False
2026-08-30 16:57:38,274 | INFO | step=5070/20000 loss=-0.1836114 nll=-0.1880368 kl=0.004425332 consistency=0 lambda=0 beta=1 grad=20.15197 horizon=220 lifetime=[455,1000] skipped=False
2026-08-30 16:57:38,675 | INFO | step=5080/20000 loss=-0.006750198 nll=-0.01275036 kl=0.006000159 consistency=0 lambda=0 beta=1 grad=51.01179 horizon=100 lifetime=[458,1858] skipped=False
2026-08-30 16:57:39,070 | INFO | step=5090/20000 loss=0.02672632 nll=0.02524835 kl=0.001477975 consistency=0 lambda=0 beta=1 grad=68.39142 horizon=100 lifetime=[437,1282] skipped=False
2026-08-30 16:57:39,509 | INFO | step=5100/20000 loss=-0.2888533 nll=-0.2928348 kl=0.003981482 consistency=0 lambda=0 beta=1 grad=81.13025 horizon=160 lifetime=[476,1156] skipped=False
2026-08-30 16:57:39,940 | INFO | step=5110/20000 loss=-0.2530335 nll=-0.2550541 kl=0.002020624 consistency=0 lambda=0 beta=1 grad=54.24849 horizon=200 lifetime=[476,1143] skipped=False
2026-08-30 16:57:40,300 | INFO | step=5120/20000 loss=-0.01869185 nll=-0.02273472 kl=0.004042862 consistency=0 lambda=0 beta=1 grad=69.55792 horizon=100 lifetime=[460,1932] skipped=False
2026-08-30 16:57:40,656 | INFO | step=5130/20000 loss=-0.5275924 nll=-0.5297498 kl=0.002157351 consistency=0 lambda=0 beta=1 grad=22.67556 horizon=240 lifetime=[529,1282] skipped=False
2026-08-30 16:57:41,043 | INFO | step=5140/20000 loss=0.4612771 nll=0.4574648 kl=0.003812298 consistency=0 lambda=0 beta=1 grad=197.4653 horizon=280 lifetime=[437,1025] skipped=False
2026-08-30 16:57:41,469 | INFO | step=5150/20000 loss=-0.2303626 nll=-0.2333022 kl=0.002939575 consistency=0 lambda=0 beta=1 grad=25.39788 horizon=120 lifetime=[482,1156] skipped=False
2026-08-30 16:57:41,914 | INFO | step=5160/20000 loss=-0.408334 nll=-0.4138455 kl=0.005511435 consistency=0 lambda=0 beta=1 grad=68.29471 horizon=300 lifetime=[476,1091] skipped=False
2026-08-30 16:57:42,299 | INFO | step=5170/20000 loss=-0.1208092 nll=-0.1232659 kl=0.002456651 consistency=0 lambda=0 beta=1 grad=49.54672 horizon=120 lifetime=[437,1635] skipped=False
2026-08-30 16:57:42,701 | INFO | step=5180/20000 loss=-0.6206645 nll=-0.6252024 kl=0.00453787 consistency=0 lambda=0 beta=1 grad=63.29602 horizon=300 lifetime=[486,1007] skipped=False
2026-08-30 16:57:43,137 | INFO | step=5190/20000 loss=-0.1011677 nll=-0.1043466 kl=0.003178962 consistency=0 lambda=0 beta=1 grad=51.55869 horizon=200 lifetime=[677,1431] skipped=False
2026-08-30 16:57:43,539 | INFO | step=5200/20000 loss=-0.3391971 nll=-0.3404231 kl=0.001226004 consistency=0 lambda=0 beta=1 grad=56.95071 horizon=300 lifetime=[476,1076] skipped=False
2026-08-30 16:57:43,931 | INFO | step=5210/20000 loss=-0.9284261 nll=-0.9296954 kl=0.001269273 consistency=0 lambda=0 beta=1 grad=22.52087 horizon=300 lifetime=[461,855] skipped=False
2026-08-30 16:57:44,335 | INFO | step=5220/20000 loss=-0.1185175 nll=-0.1220535 kl=0.003536068 consistency=0 lambda=0 beta=1 grad=61.61728 horizon=220 lifetime=[615,1858] skipped=False
2026-08-30 16:57:44,740 | INFO | step=5230/20000 loss=-1.231234 nll=-1.235676 kl=0.004441762 consistency=0 lambda=0 beta=1 grad=19.84146 horizon=280 lifetime=[437,1932] skipped=False
2026-08-30 16:57:45,128 | INFO | step=5240/20000 loss=0.4835215 nll=0.4817447 kl=0.00177678 consistency=0 lambda=0 beta=1 grad=124.1473 horizon=140 lifetime=[476,988] skipped=False
2026-08-30 16:57:45,526 | INFO | step=5250/20000 loss=-0.2282181 nll=-0.2342655 kl=0.006047316 consistency=0 lambda=0 beta=1 grad=63.06457 horizon=160 lifetime=[458,1049] skipped=False
2026-08-30 16:57:45,913 | INFO | step=5260/20000 loss=-0.2342555 nll=-0.2373109 kl=0.003055414 consistency=0 lambda=0 beta=1 grad=44.54632 horizon=160 lifetime=[493,1156] skipped=False
2026-08-30 16:57:46,336 | INFO | step=5270/20000 loss=-0.3861609 nll=-0.3879287 kl=0.001767798 consistency=0 lambda=0 beta=1 grad=42.0344 horizon=180 lifetime=[508,1045] skipped=False
2026-08-30 16:57:46,707 | INFO | step=5280/20000 loss=0.8638915 nll=0.8623765 kl=0.001515012 consistency=0 lambda=0 beta=1 grad=30.41386 horizon=100 lifetime=[456,1282] skipped=False
2026-08-30 16:57:47,059 | INFO | step=5290/20000 loss=0.1331272 nll=0.1316491 kl=0.001478099 consistency=0 lambda=0 beta=1 grad=203.994 horizon=300 lifetime=[512,1932] skipped=False
2026-08-30 16:57:47,426 | INFO | step=5300/20000 loss=-0.4477394 nll=-0.450063 kl=0.002323661 consistency=0 lambda=0 beta=1 grad=33.1627 horizon=220 lifetime=[476,1932] skipped=False
2026-08-30 16:57:47,829 | INFO | step=5310/20000 loss=-0.9124221 nll=-0.9159998 kl=0.003577732 consistency=0 lambda=0 beta=1 grad=51.53226 horizon=220 lifetime=[470,988] skipped=False
2026-08-30 16:57:48,207 | INFO | step=5320/20000 loss=-0.3655708 nll=-0.3676218 kl=0.002051014 consistency=0 lambda=0 beta=1 grad=103.2311 horizon=180 lifetime=[437,964] skipped=False
2026-08-30 16:57:48,597 | INFO | step=5330/20000 loss=-0.9163831 nll=-0.9189928 kl=0.002609711 consistency=0 lambda=0 beta=1 grad=49.7873 horizon=260 lifetime=[299,991] skipped=False
2026-08-30 16:57:49,000 | INFO | step=5340/20000 loss=1.706707 nll=1.704979 kl=0.001727916 consistency=0 lambda=0 beta=1 grad=209.9469 horizon=140 lifetime=[484,1858] skipped=False
2026-08-30 16:57:49,420 | INFO | step=5350/20000 loss=0.01455126 nll=0.01326779 kl=0.001283474 consistency=0 lambda=0 beta=1 grad=51.4348 horizon=280 lifetime=[559,1635] skipped=False
2026-08-30 16:57:49,830 | INFO | step=5360/20000 loss=0.2182579 nll=0.2147356 kl=0.003522325 consistency=0 lambda=0 beta=1 grad=24.33563 horizon=180 lifetime=[615,1932] skipped=False
2026-08-30 16:57:50,196 | INFO | step=5370/20000 loss=-0.8609168 nll=-0.8630855 kl=0.0021687 consistency=0 lambda=0 beta=1 grad=16.661 horizon=160 lifetime=[458,1932] skipped=False
2026-08-30 16:57:50,594 | INFO | step=5380/20000 loss=0.05128867 nll=0.04986514 kl=0.001423527 consistency=0 lambda=0 beta=1 grad=137.0443 horizon=300 lifetime=[675,1635] skipped=False
2026-08-30 16:57:51,020 | INFO | step=5390/20000 loss=-0.1604763 nll=-0.1637457 kl=0.003269415 consistency=0 lambda=0 beta=1 grad=44.01969 horizon=180 lifetime=[477,1858] skipped=False
2026-08-30 16:57:51,411 | INFO | step=5400/20000 loss=-0.5347403 nll=-0.5359036 kl=0.001163296 consistency=0 lambda=0 beta=1 grad=40.56376 horizon=260 lifetime=[470,1635] skipped=False
2026-08-30 16:57:51,827 | INFO | step=5410/20000 loss=-0.6066507 nll=-0.6075109 kl=0.0008601658 consistency=0 lambda=0 beta=1 grad=52.31343 horizon=260 lifetime=[467,1038] skipped=False
2026-08-30 16:57:52,201 | INFO | step=5420/20000 loss=0.805744 nll=0.799319 kl=0.006424956 consistency=0 lambda=0 beta=1 grad=35.86386 horizon=120 lifetime=[486,1025] skipped=False
2026-08-30 16:57:52,620 | INFO | step=5430/20000 loss=-0.1224198 nll=-0.1233861 kl=0.0009663329 consistency=0 lambda=0 beta=1 grad=24.33338 horizon=120 lifetime=[437,828] skipped=False
2026-08-30 16:57:53,047 | INFO | step=5440/20000 loss=-0.6406738 nll=-0.6420734 kl=0.001399551 consistency=0 lambda=0 beta=1 grad=51.28157 horizon=260 lifetime=[707,1282] skipped=False
2026-08-30 16:57:53,486 | INFO | step=5450/20000 loss=-0.3169884 nll=-0.3209909 kl=0.004002485 consistency=0 lambda=0 beta=1 grad=94.13112 horizon=260 lifetime=[299,1061] skipped=False
2026-08-30 16:57:53,835 | INFO | step=5460/20000 loss=0.2272667 nll=0.2262858 kl=0.0009808987 consistency=0 lambda=0 beta=1 grad=149.1995 horizon=260 lifetime=[510,1076] skipped=False
2026-08-30 16:57:54,252 | INFO | step=5470/20000 loss=-0.08374193 nll=-0.08625251 kl=0.002510577 consistency=0 lambda=0 beta=1 grad=130.9074 horizon=140 lifetime=[455,1431] skipped=False
2026-08-30 16:57:54,654 | INFO | step=5480/20000 loss=-0.1612838 nll=-0.1631901 kl=0.001906335 consistency=0 lambda=0 beta=1 grad=135.2674 horizon=260 lifetime=[461,1143] skipped=False
2026-08-30 16:57:55,066 | INFO | step=5490/20000 loss=-0.09989028 nll=-0.1009862 kl=0.001095928 consistency=0 lambda=0 beta=1 grad=35.84221 horizon=120 lifetime=[461,1061] skipped=False
2026-08-30 16:57:55,711 | INFO | validation step=5500 rmse=132.6362 best=122.6368@4500 stale=2/10
2026-08-30 16:57:55,711 | INFO | step=5500/20000 loss=-0.423662 nll=-0.4244843 kl=0.0008222051 consistency=0 lambda=0 beta=1 grad=83.77096 horizon=200 lifetime=[456,1282] skipped=False
2026-08-30 16:57:56,199 | INFO | step=5510/20000 loss=-0.6918161 nll=-0.6927712 kl=0.0009551235 consistency=0 lambda=0 beta=1 grad=106.6435 horizon=260 lifetime=[458,1025] skipped=False
2026-08-30 16:57:56,596 | INFO | step=5520/20000 loss=-0.3769759 nll=-0.3777869 kl=0.0008110777 consistency=0 lambda=0 beta=1 grad=87.72205 horizon=240 lifetime=[607,1705] skipped=False
2026-08-30 16:57:56,971 | INFO | step=5530/20000 loss=0.04985294 nll=0.04765606 kl=0.002196886 consistency=0 lambda=0 beta=1 grad=98.2241 horizon=220 lifetime=[456,1282] skipped=False
2026-08-30 16:57:57,353 | INFO | step=5540/20000 loss=-0.7592695 nll=-0.7605744 kl=0.001304947 consistency=0 lambda=0 beta=1 grad=33.4523 horizon=300 lifetime=[486,774] skipped=False
2026-08-30 16:57:57,716 | INFO | step=5550/20000 loss=-0.8472412 nll=-0.8508713 kl=0.003630102 consistency=0 lambda=0 beta=1 grad=17.87179 horizon=200 lifetime=[437,1932] skipped=False
2026-08-30 16:57:58,152 | INFO | step=5560/20000 loss=-0.9202995 nll=-0.9211364 kl=0.0008368269 consistency=0 lambda=0 beta=1 grad=111.3894 horizon=280 lifetime=[456,823] skipped=False
2026-08-30 16:57:58,560 | INFO | step=5570/20000 loss=0.07054383 nll=0.06968588 kl=0.0008579493 consistency=0 lambda=0 beta=1 grad=89.04973 horizon=300 lifetime=[539,1038] skipped=False
2026-08-30 16:57:58,959 | INFO | step=5580/20000 loss=1.024205 nll=1.020645 kl=0.00356026 consistency=0 lambda=0 beta=1 grad=51.75251 horizon=100 lifetime=[501,1049] skipped=False
2026-08-30 16:57:59,360 | INFO | step=5590/20000 loss=-0.3662662 nll=-0.3677778 kl=0.001511637 consistency=0 lambda=0 beta=1 grad=26.81326 horizon=120 lifetime=[456,875] skipped=False
2026-08-30 16:57:59,784 | INFO | step=5600/20000 loss=-0.8003133 nll=-0.8019561 kl=0.001642764 consistency=0 lambda=0 beta=1 grad=20.05831 horizon=240 lifetime=[464,891] skipped=False
2026-08-30 16:58:00,196 | INFO | step=5610/20000 loss=-0.4585086 nll=-0.4593778 kl=0.0008692816 consistency=0 lambda=0 beta=1 grad=61.91447 horizon=200 lifetime=[458,1932] skipped=False
2026-08-30 16:58:00,604 | INFO | step=5620/20000 loss=-1.045253 nll=-1.045824 kl=0.000570707 consistency=0 lambda=0 beta=1 grad=32.59629 horizon=300 lifetime=[455,1036] skipped=False
2026-08-30 16:58:01,009 | INFO | step=5630/20000 loss=-0.4868991 nll=-0.48886 kl=0.001960799 consistency=0 lambda=0 beta=1 grad=103.1176 horizon=300 lifetime=[501,1635] skipped=False
2026-08-30 16:58:01,409 | INFO | step=5640/20000 loss=0.009979576 nll=0.00820668 kl=0.001772895 consistency=0 lambda=0 beta=1 grad=34.35716 horizon=240 lifetime=[486,1635] skipped=False
2026-08-30 16:58:01,792 | INFO | step=5650/20000 loss=-0.3321221 nll=-0.3334614 kl=0.001339346 consistency=0 lambda=0 beta=1 grad=30.74984 horizon=280 lifetime=[508,1282] skipped=False
2026-08-30 16:58:02,172 | INFO | step=5660/20000 loss=-0.5481112 nll=-0.5499264 kl=0.001815174 consistency=0 lambda=0 beta=1 grad=45.20769 horizon=180 lifetime=[467,1071] skipped=False
2026-08-30 16:58:02,580 | INFO | step=5670/20000 loss=-0.3407093 nll=-0.3427386 kl=0.002029374 consistency=0 lambda=0 beta=1 grad=38.79649 horizon=120 lifetime=[464,1036] skipped=False
2026-08-30 16:58:03,014 | INFO | step=5680/20000 loss=-0.8809311 nll=-0.8822872 kl=0.001356114 consistency=0 lambda=0 beta=1 grad=120.3145 horizon=280 lifetime=[455,1143] skipped=False
2026-08-30 16:58:03,373 | INFO | step=5690/20000 loss=-0.6557177 nll=-0.6562415 kl=0.0005237684 consistency=0 lambda=0 beta=1 grad=76.90472 horizon=180 lifetime=[482,1036] skipped=False
2026-08-30 16:58:03,767 | INFO | step=5700/20000 loss=-0.7518156 nll=-0.7532169 kl=0.001401307 consistency=0 lambda=0 beta=1 grad=78.56288 horizon=220 lifetime=[477,1076] skipped=False
2026-08-30 16:58:04,140 | INFO | step=5710/20000 loss=-0.6845646 nll=-0.6859747 kl=0.001410134 consistency=0 lambda=0 beta=1 grad=26.229 horizon=140 lifetime=[437,1282] skipped=False
2026-08-30 16:58:04,511 | INFO | step=5720/20000 loss=0.4390463 nll=0.435524 kl=0.003522344 consistency=0 lambda=0 beta=1 grad=66.67451 horizon=120 lifetime=[456,991] skipped=False
2026-08-30 16:58:04,890 | INFO | step=5730/20000 loss=-0.4264371 nll=-0.4289248 kl=0.002487775 consistency=0 lambda=0 beta=1 grad=61.8235 horizon=160 lifetime=[461,1431] skipped=False
2026-08-30 16:58:05,332 | INFO | step=5740/20000 loss=-0.7817345 nll=-0.784501 kl=0.002766542 consistency=0 lambda=0 beta=1 grad=39.49217 horizon=240 lifetime=[460,874] skipped=False
2026-08-30 16:58:05,761 | INFO | step=5750/20000 loss=-0.5466603 nll=-0.5497286 kl=0.003068301 consistency=0 lambda=0 beta=1 grad=109.9929 horizon=280 lifetime=[477,1076] skipped=False
2026-08-30 16:58:06,157 | INFO | step=5760/20000 loss=-0.371603 nll=-0.3726158 kl=0.00101279 consistency=0 lambda=0 beta=1 grad=62.74231 horizon=240 lifetime=[633,1282] skipped=False
2026-08-30 16:58:06,558 | INFO | step=5770/20000 loss=-0.1914935 nll=-0.1933444 kl=0.001850873 consistency=0 lambda=0 beta=1 grad=107.8465 horizon=160 lifetime=[508,1858] skipped=False
2026-08-30 16:58:06,913 | INFO | step=5780/20000 loss=-0.6122592 nll=-0.6135453 kl=0.00128609 consistency=0 lambda=0 beta=1 grad=31.60954 horizon=160 lifetime=[512,1156] skipped=False
2026-08-30 16:58:07,342 | INFO | step=5790/20000 loss=-0.4387797 nll=-0.44052 kl=0.001740393 consistency=0 lambda=0 beta=1 grad=64.02845 horizon=220 lifetime=[458,1154] skipped=False
2026-08-30 16:58:07,716 | INFO | step=5800/20000 loss=0.1202732 nll=0.1175623 kl=0.002710991 consistency=0 lambda=0 beta=1 grad=66.98522 horizon=140 lifetime=[486,1282] skipped=False
2026-08-30 16:58:08,122 | INFO | step=5810/20000 loss=-0.9070188 nll=-0.9091024 kl=0.002083637 consistency=0 lambda=0 beta=1 grad=50.2024 horizon=260 lifetime=[437,828] skipped=False
2026-08-30 16:58:08,536 | INFO | step=5820/20000 loss=-0.1533141 nll=-0.1553188 kl=0.002004724 consistency=0 lambda=0 beta=1 grad=37.16768 horizon=120 lifetime=[510,868] skipped=False
2026-08-30 16:58:08,911 | INFO | step=5830/20000 loss=-0.2528453 nll=-0.256577 kl=0.003731661 consistency=0 lambda=0 beta=1 grad=118.4605 horizon=180 lifetime=[455,1431] skipped=False
2026-08-30 16:58:09,320 | INFO | step=5840/20000 loss=-0.3311111 nll=-0.333618 kl=0.002506908 consistency=0 lambda=0 beta=1 grad=76.91269 horizon=280 lifetime=[455,1000] skipped=False
2026-08-30 16:58:09,699 | INFO | step=5850/20000 loss=-0.5939331 nll=-0.5955338 kl=0.001600765 consistency=0 lambda=0 beta=1 grad=55.93308 horizon=220 lifetime=[437,1000] skipped=False
2026-08-30 16:58:10,066 | INFO | step=5860/20000 loss=-0.1485103 nll=-0.1504422 kl=0.001931872 consistency=0 lambda=0 beta=1 grad=62.96622 horizon=140 lifetime=[539,1858] skipped=False
2026-08-30 16:58:10,485 | INFO | step=5870/20000 loss=-0.6798477 nll=-0.6824478 kl=0.00260007 consistency=0 lambda=0 beta=1 grad=47.66852 horizon=200 lifetime=[437,1025] skipped=False
2026-08-30 16:58:10,879 | INFO | step=5880/20000 loss=-0.3194923 nll=-0.3203237 kl=0.0008313842 consistency=0 lambda=0 beta=1 grad=12.94347 horizon=120 lifetime=[464,964] skipped=False
2026-08-30 16:58:11,341 | INFO | step=5890/20000 loss=-0.7454405 nll=-0.7463292 kl=0.000888709 consistency=0 lambda=0 beta=1 grad=41.64576 horizon=220 lifetime=[458,1007] skipped=False
2026-08-30 16:58:11,730 | INFO | step=5900/20000 loss=0.2003203 nll=0.1964914 kl=0.003828898 consistency=0 lambda=0 beta=1 grad=32.2342 horizon=100 lifetime=[648,1858] skipped=False
2026-08-30 16:58:12,093 | INFO | step=5910/20000 loss=-0.6861839 nll=-0.6907735 kl=0.004589625 consistency=0 lambda=0 beta=1 grad=34.58333 horizon=200 lifetime=[461,1635] skipped=False
2026-08-30 16:58:12,511 | INFO | step=5920/20000 loss=-0.248109 nll=-0.2511138 kl=0.003004812 consistency=0 lambda=0 beta=1 grad=31.10074 horizon=200 lifetime=[437,1076] skipped=False
2026-08-30 16:58:12,885 | INFO | step=5930/20000 loss=-0.5516023 nll=-0.5564034 kl=0.004801121 consistency=0 lambda=0 beta=1 grad=64.99464 horizon=220 lifetime=[458,1091] skipped=False
2026-08-30 16:58:13,296 | INFO | step=5940/20000 loss=-0.934706 nll=-0.9363989 kl=0.001692876 consistency=0 lambda=0 beta=1 grad=75.30879 horizon=280 lifetime=[510,1071] skipped=False
2026-08-30 16:58:13,699 | INFO | step=5950/20000 loss=-0.303252 nll=-0.304119 kl=0.000867039 consistency=0 lambda=0 beta=1 grad=130.926 horizon=220 lifetime=[467,1061] skipped=False
2026-08-30 16:58:14,057 | INFO | step=5960/20000 loss=-0.2882477 nll=-0.2908047 kl=0.002557021 consistency=0 lambda=0 beta=1 grad=112.6129 horizon=140 lifetime=[437,814] skipped=False
2026-08-30 16:58:14,459 | INFO | step=5970/20000 loss=-0.4172538 nll=-0.420198 kl=0.00294419 consistency=0 lambda=0 beta=1 grad=104.2554 horizon=300 lifetime=[458,1858] skipped=False
2026-08-30 16:58:14,855 | INFO | step=5980/20000 loss=-0.5304081 nll=-0.5311857 kl=0.000777591 consistency=0 lambda=0 beta=1 grad=87.03733 horizon=160 lifetime=[464,1705] skipped=False
2026-08-30 16:58:15,256 | INFO | step=5990/20000 loss=0.1371235 nll=0.1357123 kl=0.001411173 consistency=0 lambda=0 beta=1 grad=110.897 horizon=220 lifetime=[299,1932] skipped=False
2026-08-30 16:58:15,969 | INFO | validation step=6000 rmse=169.3207 best=122.6368@4500 stale=3/10
2026-08-30 16:58:15,969 | INFO | step=6000/20000 loss=0.1180442 nll=0.1152769 kl=0.002767328 consistency=0 lambda=0 beta=1 grad=62.41452 horizon=120 lifetime=[437,1932] skipped=False
2026-08-30 16:58:16,423 | INFO | step=6010/20000 loss=-0.7527199 nll=-0.7553233 kl=0.00260333 consistency=0 lambda=0 beta=1 grad=71.22144 horizon=300 lifetime=[460,868] skipped=False
2026-08-30 16:58:16,819 | INFO | step=6020/20000 loss=0.1083779 nll=0.1061271 kl=0.002250783 consistency=0 lambda=0 beta=1 grad=117.4686 horizon=300 lifetime=[491,1049] skipped=False
2026-08-30 16:58:17,275 | INFO | step=6030/20000 loss=-0.8029314 nll=-0.8038888 kl=0.0009574229 consistency=0 lambda=0 beta=1 grad=76.64507 horizon=220 lifetime=[477,1036] skipped=False
2026-08-30 16:58:17,690 | INFO | step=6040/20000 loss=-0.5359388 nll=-0.5380718 kl=0.002132952 consistency=0 lambda=0 beta=1 grad=37.34237 horizon=300 lifetime=[455,1156] skipped=False
2026-08-30 16:58:18,074 | INFO | step=6050/20000 loss=-0.4781093 nll=-0.4789383 kl=0.0008290242 consistency=0 lambda=0 beta=1 grad=16.45268 horizon=140 lifetime=[464,1025] skipped=False
2026-08-30 16:58:18,479 | INFO | step=6060/20000 loss=-1.188719 nll=-1.189696 kl=0.0009769173 consistency=0 lambda=0 beta=1 grad=48.1976 horizon=300 lifetime=[467,1932] skipped=False
2026-08-30 16:58:18,889 | INFO | step=6070/20000 loss=0.1110934 nll=0.1090438 kl=0.002049567 consistency=0 lambda=0 beta=1 grad=70.65456 horizon=140 lifetime=[518,1025] skipped=False
2026-08-30 16:58:19,270 | INFO | step=6080/20000 loss=0.1458972 nll=0.1435642 kl=0.002332947 consistency=0 lambda=0 beta=1 grad=98.6871 horizon=160 lifetime=[493,988] skipped=False
2026-08-30 16:58:19,668 | INFO | step=6090/20000 loss=-0.4938969 nll=-0.4946785 kl=0.0007815547 consistency=0 lambda=0 beta=1 grad=84.37428 horizon=260 lifetime=[470,1431] skipped=False
2026-08-30 16:58:20,038 | INFO | step=6100/20000 loss=-0.5161274 nll=-0.5173546 kl=0.001227181 consistency=0 lambda=0 beta=1 grad=38.11018 horizon=300 lifetime=[464,1049] skipped=False
2026-08-30 16:58:20,390 | INFO | step=6110/20000 loss=-0.8870031 nll=-0.8879241 kl=0.0009209961 consistency=0 lambda=0 beta=1 grad=48.4161 horizon=260 lifetime=[501,1282] skipped=False
2026-08-30 16:58:20,763 | INFO | step=6120/20000 loss=0.6455608 nll=0.6434079 kl=0.002152923 consistency=0 lambda=0 beta=1 grad=80.49118 horizon=120 lifetime=[437,988] skipped=False
2026-08-30 16:58:21,143 | INFO | step=6130/20000 loss=-0.9880707 nll=-0.988631 kl=0.0005601943 consistency=0 lambda=0 beta=1 grad=94.95306 horizon=220 lifetime=[464,1036] skipped=False
2026-08-30 16:58:21,584 | INFO | step=6140/20000 loss=-0.827059 nll=-0.8300469 kl=0.00298794 consistency=0 lambda=0 beta=1 grad=64.13037 horizon=220 lifetime=[476,1015] skipped=False
2026-08-30 16:58:21,963 | INFO | step=6150/20000 loss=-0.3657013 nll=-0.366362 kl=0.0006606551 consistency=0 lambda=0 beta=1 grad=78.46589 horizon=300 lifetime=[491,1932] skipped=False
2026-08-30 16:58:22,374 | INFO | step=6160/20000 loss=-0.7182944 nll=-0.7197117 kl=0.001417309 consistency=0 lambda=0 beta=1 grad=47.95646 horizon=180 lifetime=[501,1858] skipped=False
2026-08-30 16:58:22,748 | INFO | step=6170/20000 loss=-0.3703979 nll=-0.3712906 kl=0.000892669 consistency=0 lambda=0 beta=1 grad=35.65976 horizon=280 lifetime=[470,1156] skipped=False
2026-08-30 16:58:23,101 | INFO | step=6180/20000 loss=-0.6608224 nll=-0.663205 kl=0.002382633 consistency=0 lambda=0 beta=1 grad=98.70821 horizon=220 lifetime=[458,1049] skipped=False
2026-08-30 16:58:23,501 | INFO | step=6190/20000 loss=-0.2034344 nll=-0.204068 kl=0.0006335936 consistency=0 lambda=0 beta=1 grad=45.06469 horizon=120 lifetime=[477,1025] skipped=False
2026-08-30 16:58:23,884 | INFO | step=6200/20000 loss=-0.0664907 nll=-0.06776845 kl=0.001277751 consistency=0 lambda=0 beta=1 grad=24.5044 horizon=100 lifetime=[476,1156] skipped=False
2026-08-30 16:58:24,270 | INFO | step=6210/20000 loss=-0.1668243 nll=-0.1681667 kl=0.001342371 consistency=0 lambda=0 beta=1 grad=72.94917 horizon=140 lifetime=[476,1858] skipped=False
2026-08-30 16:58:24,685 | INFO | step=6220/20000 loss=-0.6195441 nll=-0.6205199 kl=0.0009758566 consistency=0 lambda=0 beta=1 grad=47.25941 horizon=280 lifetime=[529,1635] skipped=False
2026-08-30 16:58:25,051 | INFO | step=6230/20000 loss=-0.8745923 nll=-0.8768692 kl=0.002276924 consistency=0 lambda=0 beta=1 grad=54.41753 horizon=200 lifetime=[476,1431] skipped=False
2026-08-30 16:58:25,437 | INFO | step=6240/20000 loss=-0.8254046 nll=-0.8260639 kl=0.0006592982 consistency=0 lambda=0 beta=1 grad=40.72782 horizon=220 lifetime=[455,1635] skipped=False
2026-08-30 16:58:25,833 | INFO | step=6250/20000 loss=-0.2207956 nll=-0.2221995 kl=0.00140392 consistency=0 lambda=0 beta=1 grad=125.9838 horizon=260 lifetime=[476,1015] skipped=False
2026-08-30 16:58:26,226 | INFO | step=6260/20000 loss=-0.5185569 nll=-0.5248047 kl=0.006247818 consistency=0 lambda=0 beta=1 grad=54.88403 horizon=180 lifetime=[456,1635] skipped=False
2026-08-30 16:58:26,654 | INFO | step=6270/20000 loss=-0.08011958 nll=-0.08091205 kl=0.0007924736 consistency=0 lambda=0 beta=1 grad=114.3968 horizon=300 lifetime=[458,1705] skipped=False
2026-08-30 16:58:27,050 | INFO | step=6280/20000 loss=0.465396 nll=0.4639156 kl=0.001480326 consistency=0 lambda=0 beta=1 grad=172.2574 horizon=260 lifetime=[464,1635] skipped=False
2026-08-30 16:58:27,448 | INFO | step=6290/20000 loss=-0.4495951 nll=-0.4501954 kl=0.0006003231 consistency=0 lambda=0 beta=1 grad=29.16197 horizon=120 lifetime=[461,1932] skipped=False
2026-08-30 16:58:27,869 | INFO | step=6300/20000 loss=-0.6902769 nll=-0.6909388 kl=0.0006619692 consistency=0 lambda=0 beta=1 grad=121.1282 horizon=200 lifetime=[455,1932] skipped=False
2026-08-30 16:58:28,269 | INFO | step=6310/20000 loss=-0.2085046 nll=-0.2097676 kl=0.001263037 consistency=0 lambda=0 beta=1 grad=73.92398 horizon=160 lifetime=[456,915] skipped=False
2026-08-30 16:58:28,676 | INFO | step=6320/20000 loss=-0.5586369 nll=-0.5611371 kl=0.002500184 consistency=0 lambda=0 beta=1 grad=37.65723 horizon=180 lifetime=[299,1143] skipped=False
2026-08-30 16:58:29,123 | INFO | step=6330/20000 loss=-0.125411 nll=-0.1261119 kl=0.00070085 consistency=0 lambda=0 beta=1 grad=54.58554 horizon=120 lifetime=[299,1143] skipped=False
2026-08-30 16:58:29,509 | INFO | step=6340/20000 loss=-1.003156 nll=-1.004541 kl=0.001384959 consistency=0 lambda=0 beta=1 grad=41.3668 horizon=160 lifetime=[458,1061] skipped=False
2026-08-30 16:58:29,903 | INFO | step=6350/20000 loss=-0.6324413 nll=-0.6333452 kl=0.0009038448 consistency=0 lambda=0 beta=1 grad=116.0506 horizon=300 lifetime=[458,868] skipped=False
2026-08-30 16:58:30,267 | INFO | step=6360/20000 loss=0.3557874 nll=0.3544209 kl=0.001366451 consistency=0 lambda=0 beta=1 grad=219.4855 horizon=180 lifetime=[460,1045] skipped=False
2026-08-30 16:58:30,661 | INFO | step=6370/20000 loss=0.1001095 nll=0.09458829 kl=0.005521186 consistency=0 lambda=0 beta=1 grad=93.24677 horizon=100 lifetime=[476,1858] skipped=False
2026-08-30 16:58:31,129 | INFO | step=6380/20000 loss=-0.8989191 nll=-0.8993655 kl=0.0004464686 consistency=0 lambda=0 beta=1 grad=62.59194 horizon=240 lifetime=[464,1705] skipped=False
2026-08-30 16:58:31,531 | INFO | step=6390/20000 loss=-0.3072719 nll=-0.3093539 kl=0.002081946 consistency=0 lambda=0 beta=1 grad=110.5694 horizon=300 lifetime=[501,1858] skipped=False
2026-08-30 16:58:31,913 | INFO | step=6400/20000 loss=-0.1342725 nll=-0.1365748 kl=0.002302252 consistency=0 lambda=0 beta=1 grad=46.14528 horizon=120 lifetime=[467,1156] skipped=False
2026-08-30 16:58:32,307 | INFO | step=6410/20000 loss=-0.3037821 nll=-0.304679 kl=0.0008968711 consistency=0 lambda=0 beta=1 grad=96.13002 horizon=200 lifetime=[476,1705] skipped=False
2026-08-30 16:58:32,716 | INFO | step=6420/20000 loss=0.514071 nll=0.5131347 kl=0.0009362847 consistency=0 lambda=0 beta=1 grad=88.90398 horizon=260 lifetime=[607,1015] skipped=False
2026-08-30 16:58:33,100 | INFO | step=6430/20000 loss=-0.1830861 nll=-0.186257 kl=0.003170922 consistency=0 lambda=0 beta=1 grad=45.6135 horizon=100 lifetime=[299,1045] skipped=False
2026-08-30 16:58:33,440 | INFO | step=6440/20000 loss=-0.2864074 nll=-0.2875583 kl=0.001150906 consistency=0 lambda=0 beta=1 grad=24.99897 horizon=140 lifetime=[518,1431] skipped=False
2026-08-30 16:58:33,859 | INFO | step=6450/20000 loss=-0.7673236 nll=-0.7686313 kl=0.001307771 consistency=0 lambda=0 beta=1 grad=51.51698 horizon=280 lifetime=[455,1143] skipped=False
2026-08-30 16:58:34,249 | INFO | step=6460/20000 loss=-1.000653 nll=-1.00207 kl=0.001417369 consistency=0 lambda=0 beta=1 grad=160.7126 horizon=260 lifetime=[476,1635] skipped=False
2026-08-30 16:58:34,645 | INFO | step=6470/20000 loss=-0.5306989 nll=-0.5316751 kl=0.0009762272 consistency=0 lambda=0 beta=1 grad=97.37278 horizon=220 lifetime=[470,1635] skipped=False
2026-08-30 16:58:35,013 | INFO | step=6480/20000 loss=-0.8530198 nll=-0.8536425 kl=0.0006227046 consistency=0 lambda=0 beta=1 grad=50.49155 horizon=220 lifetime=[464,1091] skipped=False
2026-08-30 16:58:35,452 | INFO | step=6490/20000 loss=0.4384362 nll=0.4373222 kl=0.001113966 consistency=0 lambda=0 beta=1 grad=200.3758 horizon=220 lifetime=[464,921] skipped=False
2026-08-30 16:58:36,127 | INFO | validation step=6500 rmse=155.889 best=122.6368@4500 stale=4/10
2026-08-30 16:58:36,127 | INFO | step=6500/20000 loss=-0.04562516 nll=-0.04713985 kl=0.001514688 consistency=0 lambda=0 beta=1 grad=23.8152 horizon=100 lifetime=[437,1071] skipped=False
2026-08-30 16:58:36,625 | INFO | step=6510/20000 loss=-0.1982606 nll=-0.1990119 kl=0.0007513165 consistency=0 lambda=0 beta=1 grad=75.96116 horizon=100 lifetime=[455,1858] skipped=False
2026-08-30 16:58:37,033 | INFO | step=6520/20000 loss=-0.6613973 nll=-0.6637324 kl=0.002335131 consistency=0 lambda=0 beta=1 grad=34.90152 horizon=140 lifetime=[437,868] skipped=False
2026-08-30 16:58:37,389 | INFO | step=6530/20000 loss=-0.6988249 nll=-0.7006167 kl=0.00179179 consistency=0 lambda=0 beta=1 grad=101.1677 horizon=200 lifetime=[482,1282] skipped=False
2026-08-30 16:58:37,795 | INFO | step=6540/20000 loss=-0.1241512 nll=-0.125477 kl=0.001325727 consistency=0 lambda=0 beta=1 grad=221.3675 horizon=300 lifetime=[510,1156] skipped=False
2026-08-30 16:58:38,177 | INFO | step=6550/20000 loss=-0.9576194 nll=-0.959808 kl=0.002188623 consistency=0 lambda=0 beta=1 grad=14.40251 horizon=240 lifetime=[477,1705] skipped=False
2026-08-30 16:58:38,565 | INFO | step=6560/20000 loss=-0.7300985 nll=-0.7307076 kl=0.0006090552 consistency=0 lambda=0 beta=1 grad=47.64067 horizon=220 lifetime=[464,1076] skipped=False
2026-08-30 16:58:38,957 | INFO | step=6570/20000 loss=-0.7331778 nll=-0.7371932 kl=0.004015401 consistency=0 lambda=0 beta=1 grad=37.00911 horizon=280 lifetime=[464,1000] skipped=False
2026-08-30 16:58:39,365 | INFO | step=6580/20000 loss=-0.634792 nll=-0.6355403 kl=0.0007482618 consistency=0 lambda=0 beta=1 grad=59.21484 horizon=280 lifetime=[461,1932] skipped=False
2026-08-30 16:58:39,715 | INFO | step=6590/20000 loss=0.08744782 nll=0.08547451 kl=0.001973316 consistency=0 lambda=0 beta=1 grad=23.30545 horizon=100 lifetime=[455,1431] skipped=False
2026-08-30 16:58:40,076 | INFO | step=6600/20000 loss=-1.105502 nll=-1.106645 kl=0.001143217 consistency=0 lambda=0 beta=1 grad=32.82098 horizon=220 lifetime=[437,964] skipped=False
2026-08-30 16:58:40,464 | INFO | step=6610/20000 loss=1.47248 nll=1.470323 kl=0.002157494 consistency=0 lambda=0 beta=1 grad=344.1205 horizon=180 lifetime=[460,1858] skipped=False
2026-08-30 16:58:40,856 | INFO | step=6620/20000 loss=1.181622 nll=1.17938 kl=0.002241999 consistency=0 lambda=0 beta=1 grad=170.8984 horizon=140 lifetime=[482,942] skipped=False
2026-08-30 16:58:41,290 | INFO | step=6630/20000 loss=-0.7310542 nll=-0.7320433 kl=0.000989005 consistency=0 lambda=0 beta=1 grad=155.2807 horizon=280 lifetime=[437,1858] skipped=False
2026-08-30 16:58:41,654 | INFO | step=6640/20000 loss=-0.1672899 nll=-0.1729327 kl=0.005642787 consistency=0 lambda=0 beta=1 grad=16.53835 horizon=120 lifetime=[665,1154] skipped=False
2026-08-30 16:58:42,093 | INFO | step=6650/20000 loss=-0.6495316 nll=-0.6504186 kl=0.0008870512 consistency=0 lambda=0 beta=1 grad=186.3571 horizon=200 lifetime=[470,1282] skipped=False
2026-08-30 16:58:42,496 | INFO | step=6660/20000 loss=-0.8767202 nll=-0.8785714 kl=0.001851186 consistency=0 lambda=0 beta=1 grad=39.066 horizon=180 lifetime=[470,891] skipped=False
2026-08-30 16:58:42,909 | INFO | step=6670/20000 loss=-0.1754511 nll=-0.1775207 kl=0.002069607 consistency=0 lambda=0 beta=1 grad=45.22274 horizon=160 lifetime=[649,1091] skipped=False
2026-08-30 16:58:43,302 | INFO | step=6680/20000 loss=-0.2242187 nll=-0.2260571 kl=0.001838371 consistency=0 lambda=0 beta=1 grad=64.00805 horizon=220 lifetime=[518,1858] skipped=False
2026-08-30 16:58:43,698 | INFO | step=6690/20000 loss=0.05655058 nll=0.05510909 kl=0.001441494 consistency=0 lambda=0 beta=1 grad=15.27146 horizon=120 lifetime=[518,988] skipped=False
2026-08-30 16:58:44,106 | INFO | step=6700/20000 loss=-0.7037646 nll=-0.7048298 kl=0.001065239 consistency=0 lambda=0 beta=1 grad=32.11374 horizon=200 lifetime=[476,874] skipped=False
2026-08-30 16:58:44,499 | INFO | step=6710/20000 loss=-0.6973754 nll=-0.7004724 kl=0.003096968 consistency=0 lambda=0 beta=1 grad=29.25827 horizon=140 lifetime=[455,1025] skipped=False
2026-08-30 16:58:44,901 | INFO | step=6720/20000 loss=-0.7218828 nll=-0.7227404 kl=0.000857532 consistency=0 lambda=0 beta=1 grad=101.3878 horizon=240 lifetime=[455,871] skipped=False
2026-08-30 16:58:45,277 | INFO | step=6730/20000 loss=-0.5638671 nll=-0.5651067 kl=0.001239583 consistency=0 lambda=0 beta=1 grad=46.72762 horizon=180 lifetime=[458,1156] skipped=False
2026-08-30 16:58:45,633 | INFO | step=6740/20000 loss=0.4762742 nll=0.4744559 kl=0.001818269 consistency=0 lambda=0 beta=1 grad=126.1316 horizon=120 lifetime=[484,1076] skipped=False
2026-08-30 16:58:46,028 | INFO | step=6750/20000 loss=0.5051695 nll=0.5034508 kl=0.001718745 consistency=0 lambda=0 beta=1 grad=50.14037 horizon=100 lifetime=[518,1076] skipped=False
2026-08-30 16:58:46,453 | INFO | step=6760/20000 loss=0.07671557 nll=0.07542661 kl=0.001288965 consistency=0 lambda=0 beta=1 grad=54.97044 horizon=180 lifetime=[477,1045] skipped=False
2026-08-30 16:58:46,886 | INFO | step=6770/20000 loss=-0.8274515 nll=-0.830056 kl=0.002604544 consistency=0 lambda=0 beta=1 grad=81.50841 horizon=160 lifetime=[456,1143] skipped=False
2026-08-30 16:58:47,288 | INFO | step=6780/20000 loss=-0.3705254 nll=-0.3742525 kl=0.003727153 consistency=0 lambda=0 beta=1 grad=136.1657 horizon=260 lifetime=[493,1282] skipped=False
2026-08-30 16:58:47,710 | INFO | step=6790/20000 loss=-0.2338787 nll=-0.2357066 kl=0.001827925 consistency=0 lambda=0 beta=1 grad=51.93878 horizon=140 lifetime=[464,1156] skipped=False
2026-08-30 16:58:48,133 | INFO | step=6800/20000 loss=-0.8099893 nll=-0.810631 kl=0.0006417185 consistency=0 lambda=0 beta=1 grad=25.59973 horizon=300 lifetime=[477,1091] skipped=False
2026-08-30 16:58:48,525 | INFO | step=6810/20000 loss=-0.200403 nll=-0.201615 kl=0.001212001 consistency=0 lambda=0 beta=1 grad=122.1419 horizon=260 lifetime=[470,1431] skipped=False
2026-08-30 16:58:48,929 | INFO | step=6820/20000 loss=0.4502251 nll=0.4467506 kl=0.003474444 consistency=0 lambda=0 beta=1 grad=185.9456 horizon=140 lifetime=[455,1635] skipped=False
2026-08-30 16:58:49,304 | INFO | step=6830/20000 loss=1.882264 nll=1.87989 kl=0.002373487 consistency=0 lambda=0 beta=1 grad=441.0552 horizon=180 lifetime=[437,1858] skipped=False
2026-08-30 16:58:49,705 | INFO | step=6840/20000 loss=-1.021494 nll=-1.022268 kl=0.0007734895 consistency=0 lambda=0 beta=1 grad=56.63166 horizon=220 lifetime=[484,1635] skipped=False
2026-08-30 16:58:50,103 | INFO | step=6850/20000 loss=-0.2623565 nll=-0.263484 kl=0.001127556 consistency=0 lambda=0 beta=1 grad=62.48899 horizon=160 lifetime=[299,1091] skipped=False
2026-08-30 16:58:50,461 | INFO | step=6860/20000 loss=-0.5963144 nll=-0.6008724 kl=0.004558042 consistency=0 lambda=0 beta=1 grad=257.7383 horizon=240 lifetime=[455,814] skipped=False
2026-08-30 16:58:50,820 | INFO | step=6870/20000 loss=-0.3490416 nll=-0.3505416 kl=0.00150004 consistency=0 lambda=0 beta=1 grad=41.34179 horizon=120 lifetime=[477,1932] skipped=False
2026-08-30 16:58:51,230 | INFO | step=6880/20000 loss=-0.5002091 nll=-0.5008003 kl=0.0005911887 consistency=0 lambda=0 beta=1 grad=188.2575 horizon=240 lifetime=[455,1932] skipped=False
2026-08-30 16:58:51,619 | INFO | step=6890/20000 loss=-0.4180024 nll=-0.4187372 kl=0.0007347465 consistency=0 lambda=0 beta=1 grad=70.3699 horizon=180 lifetime=[455,1091] skipped=False
2026-08-30 16:58:52,032 | INFO | step=6900/20000 loss=-0.5077126 nll=-0.508742 kl=0.001029409 consistency=0 lambda=0 beta=1 grad=131.9126 horizon=280 lifetime=[437,1154] skipped=False
2026-08-30 16:58:52,438 | INFO | step=6910/20000 loss=-0.02995233 nll=-0.03374228 kl=0.003789946 consistency=0 lambda=0 beta=1 grad=57.6997 horizon=100 lifetime=[476,1071] skipped=False
2026-08-30 16:58:52,849 | INFO | step=6920/20000 loss=-0.7349688 nll=-0.7355629 kl=0.0005941689 consistency=0 lambda=0 beta=1 grad=43.36544 horizon=220 lifetime=[529,1705] skipped=False
2026-08-30 16:58:53,237 | INFO | step=6930/20000 loss=-0.9681671 nll=-0.9686425 kl=0.0004753917 consistency=0 lambda=0 beta=1 grad=37.05108 horizon=260 lifetime=[470,1154] skipped=False
2026-08-30 16:58:53,606 | INFO | step=6940/20000 loss=0.6591794 nll=0.6584583 kl=0.0007211119 consistency=0 lambda=0 beta=1 grad=66.63591 horizon=180 lifetime=[701,1015] skipped=False
2026-08-30 16:58:54,003 | INFO | step=6950/20000 loss=-0.6308604 nll=-0.6314698 kl=0.0006093979 consistency=0 lambda=0 beta=1 grad=57.82182 horizon=260 lifetime=[607,915] skipped=False
2026-08-30 16:58:54,352 | INFO | step=6960/20000 loss=-0.4082958 nll=-0.4107444 kl=0.002448544 consistency=0 lambda=0 beta=1 grad=72.74706 horizon=180 lifetime=[299,1705] skipped=False
2026-08-30 16:58:54,904 | INFO | step=6970/20000 loss=-0.1010134 nll=-0.1015716 kl=0.0005582273 consistency=0 lambda=0 beta=1 grad=71.44422 horizon=220 lifetime=[461,1705] skipped=False
2026-08-30 16:58:55,324 | INFO | step=6980/20000 loss=-0.9420415 nll=-0.9441032 kl=0.002061695 consistency=0 lambda=0 beta=1 grad=69.80642 horizon=200 lifetime=[299,988] skipped=False
2026-08-30 16:58:55,662 | INFO | step=6990/20000 loss=-0.1161857 nll=-0.1173493 kl=0.001163684 consistency=0 lambda=0 beta=1 grad=50.17347 horizon=160 lifetime=[770,1858] skipped=False
2026-08-30 16:58:56,335 | INFO | validation step=7000 rmse=149.2532 best=122.6368@4500 stale=5/10
2026-08-30 16:58:56,335 | INFO | step=7000/20000 loss=-0.7752171 nll=-0.7765336 kl=0.00131651 consistency=0 lambda=0 beta=1 grad=88.659 horizon=260 lifetime=[455,1091] skipped=False
2026-08-30 16:58:56,828 | INFO | step=7010/20000 loss=-0.8018588 nll=-0.802588 kl=0.0007292107 consistency=0 lambda=0 beta=1 grad=18.78117 horizon=180 lifetime=[470,921] skipped=False
2026-08-30 16:58:57,234 | INFO | step=7020/20000 loss=-0.8786042 nll=-0.8811886 kl=0.002584457 consistency=0 lambda=0 beta=1 grad=35.26832 horizon=160 lifetime=[470,1932] skipped=False
2026-08-30 16:58:57,655 | INFO | step=7030/20000 loss=-0.9005052 nll=-0.9017882 kl=0.001283079 consistency=0 lambda=0 beta=1 grad=55.7906 horizon=280 lifetime=[299,991] skipped=False
2026-08-30 16:58:58,069 | INFO | step=7040/20000 loss=0.02050236 nll=0.01879244 kl=0.001709923 consistency=0 lambda=0 beta=1 grad=65.80305 horizon=120 lifetime=[299,1091] skipped=False
2026-08-30 16:58:58,463 | INFO | step=7050/20000 loss=-0.1129974 nll=-0.1143387 kl=0.001341313 consistency=0 lambda=0 beta=1 grad=90.05313 horizon=180 lifetime=[470,1635] skipped=False
2026-08-30 16:58:58,850 | INFO | step=7060/20000 loss=-1.244369 nll=-1.246714 kl=0.002345033 consistency=0 lambda=0 beta=1 grad=73.76989 horizon=260 lifetime=[482,1154] skipped=False
2026-08-30 16:58:59,260 | INFO | step=7070/20000 loss=-0.9679008 nll=-0.9685599 kl=0.0006590672 consistency=0 lambda=0 beta=1 grad=95.67198 horizon=180 lifetime=[464,1705] skipped=False
2026-08-30 16:58:59,617 | INFO | step=7080/20000 loss=-0.5711172 nll=-0.5728592 kl=0.001741972 consistency=0 lambda=0 beta=1 grad=37.92857 horizon=140 lifetime=[493,1038] skipped=False
2026-08-30 16:59:00,038 | INFO | step=7090/20000 loss=-0.3444811 nll=-0.3465624 kl=0.002081238 consistency=0 lambda=0 beta=1 grad=72.85247 horizon=220 lifetime=[476,1156] skipped=False
2026-08-30 16:59:00,473 | INFO | step=7100/20000 loss=-0.8600103 nll=-0.8607233 kl=0.0007130206 consistency=0 lambda=0 beta=1 grad=43.40405 horizon=300 lifetime=[486,1061] skipped=False
2026-08-30 16:59:00,898 | INFO | step=7110/20000 loss=-0.9080368 nll=-0.9099205 kl=0.001883708 consistency=0 lambda=0 beta=1 grad=164.9529 horizon=260 lifetime=[456,1932] skipped=False
2026-08-30 16:59:01,284 | INFO | step=7120/20000 loss=-0.6651717 nll=-0.6668644 kl=0.001692623 consistency=0 lambda=0 beta=1 grad=88.36911 horizon=200 lifetime=[706,1045] skipped=False
2026-08-30 16:59:01,649 | INFO | step=7130/20000 loss=-0.2203609 nll=-0.2232151 kl=0.002854213 consistency=0 lambda=0 beta=1 grad=17.30587 horizon=100 lifetime=[456,1154] skipped=False
2026-08-30 16:59:02,028 | INFO | step=7140/20000 loss=-0.0477906 nll=-0.05107078 kl=0.003280178 consistency=0 lambda=0 beta=1 grad=85.51374 horizon=160 lifetime=[482,1015] skipped=False
2026-08-30 16:59:02,421 | INFO | step=7150/20000 loss=0.01951472 nll=0.01845419 kl=0.001060531 consistency=0 lambda=0 beta=1 grad=56.85489 horizon=160 lifetime=[455,1143] skipped=False
2026-08-30 16:59:02,803 | INFO | step=7160/20000 loss=-1.407158 nll=-1.408437 kl=0.001279272 consistency=0 lambda=0 beta=1 grad=53.67533 horizon=200 lifetime=[299,1282] skipped=False
2026-08-30 16:59:03,213 | INFO | step=7170/20000 loss=-0.1031804 nll=-0.1044411 kl=0.001260661 consistency=0 lambda=0 beta=1 grad=27.02637 horizon=100 lifetime=[455,1036] skipped=False
2026-08-30 16:59:03,601 | INFO | step=7180/20000 loss=0.9180204 nll=0.9167944 kl=0.001226068 consistency=0 lambda=0 beta=1 grad=122.2322 horizon=100 lifetime=[458,1015] skipped=False
2026-08-30 16:59:04,029 | INFO | step=7190/20000 loss=0.09136544 nll=0.09067158 kl=0.0006938651 consistency=0 lambda=0 beta=1 grad=342.5038 horizon=300 lifetime=[470,875] skipped=False
2026-08-30 16:59:04,455 | INFO | step=7200/20000 loss=-0.6031154 nll=-0.6042151 kl=0.001099721 consistency=0 lambda=0 beta=1 grad=67.80439 horizon=300 lifetime=[615,1036] skipped=False
2026-08-30 16:59:04,821 | INFO | step=7210/20000 loss=-0.7769877 nll=-0.7781228 kl=0.001135096 consistency=0 lambda=0 beta=1 grad=31.43264 horizon=140 lifetime=[476,1061] skipped=False
2026-08-30 16:59:05,261 | INFO | step=7220/20000 loss=-0.7242146 nll=-0.7253467 kl=0.001132116 consistency=0 lambda=0 beta=1 grad=39.88165 horizon=200 lifetime=[477,1038] skipped=False
2026-08-30 16:59:05,672 | INFO | step=7230/20000 loss=-0.175108 nll=-0.176635 kl=0.001526982 consistency=0 lambda=0 beta=1 grad=141.1811 horizon=220 lifetime=[437,1076] skipped=False
2026-08-30 16:59:06,052 | INFO | step=7240/20000 loss=-0.5775526 nll=-0.5786495 kl=0.001096919 consistency=0 lambda=0 beta=1 grad=148.6534 horizon=200 lifetime=[512,1932] skipped=False
2026-08-30 16:59:06,400 | INFO | step=7250/20000 loss=0.2059144 nll=0.2022667 kl=0.003647745 consistency=0 lambda=0 beta=1 grad=102.3287 horizon=120 lifetime=[476,1143] skipped=False
2026-08-30 16:59:06,779 | INFO | step=7260/20000 loss=-0.6180505 nll=-0.6192002 kl=0.001149714 consistency=0 lambda=0 beta=1 grad=60.94693 horizon=240 lifetime=[742,1045] skipped=False
2026-08-30 16:59:07,191 | INFO | step=7270/20000 loss=-0.4498636 nll=-0.4506484 kl=0.0007847846 consistency=0 lambda=0 beta=1 grad=170.1812 horizon=200 lifetime=[456,991] skipped=False
2026-08-30 16:59:07,605 | INFO | step=7280/20000 loss=-0.9262862 nll=-0.9277736 kl=0.001487404 consistency=0 lambda=0 beta=1 grad=62.8727 horizon=280 lifetime=[455,1015] skipped=False
2026-08-30 16:59:08,016 | INFO | step=7290/20000 loss=-0.2312562 nll=-0.2320425 kl=0.0007863045 consistency=0 lambda=0 beta=1 grad=115.3181 horizon=260 lifetime=[437,1143] skipped=False
2026-08-30 16:59:08,457 | INFO | step=7300/20000 loss=-1.196607 nll=-1.197075 kl=0.0004682988 consistency=0 lambda=0 beta=1 grad=177.1212 horizon=260 lifetime=[476,823] skipped=False
2026-08-30 16:59:08,850 | INFO | step=7310/20000 loss=-1.20615 nll=-1.206615 kl=0.0004655123 consistency=0 lambda=0 beta=1 grad=30.74776 horizon=280 lifetime=[456,1154] skipped=False
2026-08-30 16:59:09,282 | INFO | step=7320/20000 loss=-0.7660465 nll=-0.7672814 kl=0.001234904 consistency=0 lambda=0 beta=1 grad=117.0614 horizon=180 lifetime=[456,1045] skipped=False
2026-08-30 16:59:09,717 | INFO | step=7330/20000 loss=-1.235837 nll=-1.23634 kl=0.0005028322 consistency=0 lambda=0 beta=1 grad=57.19351 horizon=260 lifetime=[484,856] skipped=False
2026-08-30 16:59:10,080 | INFO | step=7340/20000 loss=0.01645894 nll=0.01454327 kl=0.001915663 consistency=0 lambda=0 beta=1 grad=41.29664 horizon=100 lifetime=[464,1705] skipped=False
2026-08-30 16:59:10,462 | INFO | step=7350/20000 loss=0.02090754 nll=0.02027313 kl=0.0006344095 consistency=0 lambda=0 beta=1 grad=45.84095 horizon=140 lifetime=[482,1038] skipped=False
2026-08-30 16:59:10,843 | INFO | step=7360/20000 loss=-0.2441105 nll=-0.2449687 kl=0.0008581802 consistency=0 lambda=0 beta=1 grad=142.42 horizon=200 lifetime=[460,1156] skipped=False
2026-08-30 16:59:11,239 | INFO | step=7370/20000 loss=-0.6241087 nll=-0.6251466 kl=0.001037888 consistency=0 lambda=0 beta=1 grad=111.975 horizon=200 lifetime=[456,1007] skipped=False
2026-08-30 16:59:11,639 | INFO | step=7380/20000 loss=-0.2056817 nll=-0.2069133 kl=0.001231559 consistency=0 lambda=0 beta=1 grad=102.4215 horizon=160 lifetime=[455,774] skipped=False
2026-08-30 16:59:12,025 | INFO | step=7390/20000 loss=-0.9449204 nll=-0.9452346 kl=0.000314258 consistency=0 lambda=0 beta=1 grad=67.57838 horizon=280 lifetime=[476,1154] skipped=False
2026-08-30 16:59:12,465 | INFO | step=7400/20000 loss=-0.04288287 nll=-0.04420471 kl=0.001321837 consistency=0 lambda=0 beta=1 grad=194.9187 horizon=240 lifetime=[470,1049] skipped=False
2026-08-30 16:59:12,837 | INFO | step=7410/20000 loss=-1.225882 nll=-1.228022 kl=0.002140597 consistency=0 lambda=0 beta=1 grad=35.73442 horizon=200 lifetime=[486,1061] skipped=False
2026-08-30 16:59:13,266 | INFO | step=7420/20000 loss=-0.4362449 nll=-0.4371178 kl=0.00087291 consistency=0 lambda=0 beta=1 grad=57.92552 horizon=200 lifetime=[510,1154] skipped=False
2026-08-30 16:59:13,719 | INFO | step=7430/20000 loss=-0.7076178 nll=-0.7083769 kl=0.0007591844 consistency=0 lambda=0 beta=1 grad=54.27595 horizon=260 lifetime=[467,1091] skipped=False
2026-08-30 16:59:14,127 | INFO | step=7440/20000 loss=-0.2975837 nll=-0.2989129 kl=0.001329221 consistency=0 lambda=0 beta=1 grad=41.73778 horizon=100 lifetime=[299,1071] skipped=False
2026-08-30 16:59:14,538 | INFO | step=7450/20000 loss=-0.245156 nll=-0.2467527 kl=0.001596749 consistency=0 lambda=0 beta=1 grad=69.59879 horizon=120 lifetime=[456,1431] skipped=False
2026-08-30 16:59:14,884 | INFO | step=7460/20000 loss=-0.7136642 nll=-0.7152956 kl=0.001631372 consistency=0 lambda=0 beta=1 grad=101.4367 horizon=240 lifetime=[299,1858] skipped=False
2026-08-30 16:59:15,270 | INFO | step=7470/20000 loss=-0.258958 nll=-0.2596788 kl=0.0007208735 consistency=0 lambda=0 beta=1 grad=139.6368 horizon=200 lifetime=[493,1154] skipped=False
2026-08-30 16:59:15,677 | INFO | step=7480/20000 loss=-0.2715434 nll=-0.2731602 kl=0.001616739 consistency=0 lambda=0 beta=1 grad=115.0803 horizon=180 lifetime=[299,1143] skipped=False
2026-08-30 16:59:16,049 | INFO | step=7490/20000 loss=-1.011103 nll=-1.01443 kl=0.00332693 consistency=0 lambda=0 beta=1 grad=112.169 horizon=240 lifetime=[455,1049] skipped=False
2026-08-30 16:59:16,719 | INFO | validation step=7500 rmse=149.8444 best=122.6368@4500 stale=6/10
2026-08-30 16:59:16,719 | INFO | step=7500/20000 loss=-0.9536471 nll=-0.9550262 kl=0.001379058 consistency=0 lambda=0 beta=1 grad=30.8041 horizon=180 lifetime=[476,1038] skipped=False
2026-08-30 16:59:17,205 | INFO | step=7510/20000 loss=-1.016282 nll=-1.01769 kl=0.001408115 consistency=0 lambda=0 beta=1 grad=47.90298 horizon=200 lifetime=[501,1705] skipped=False
2026-08-30 16:59:17,643 | INFO | step=7520/20000 loss=-0.6998065 nll=-0.7000357 kl=0.0002292246 consistency=0 lambda=0 beta=1 grad=129.9538 horizon=200 lifetime=[461,1076] skipped=False
2026-08-30 16:59:18,048 | INFO | step=7530/20000 loss=0.6922393 nll=0.6904166 kl=0.001822732 consistency=0 lambda=0 beta=1 grad=218.5268 horizon=180 lifetime=[460,1000] skipped=False
2026-08-30 16:59:18,436 | INFO | step=7540/20000 loss=-0.9428632 nll=-0.9446937 kl=0.001830533 consistency=0 lambda=0 beta=1 grad=31.66454 horizon=240 lifetime=[467,964] skipped=False
2026-08-30 16:59:18,895 | INFO | step=7550/20000 loss=0.1266312 nll=0.1234203 kl=0.00321085 consistency=0 lambda=0 beta=1 grad=129.3984 horizon=160 lifetime=[437,1143] skipped=False
2026-08-30 16:59:19,283 | INFO | step=7560/20000 loss=-0.7294609 nll=-0.7303205 kl=0.0008595735 consistency=0 lambda=0 beta=1 grad=17.36937 horizon=280 lifetime=[704,1036] skipped=False
2026-08-30 16:59:19,650 | INFO | step=7570/20000 loss=-0.3841218 nll=-0.3853802 kl=0.001258448 consistency=0 lambda=0 beta=1 grad=94.28845 horizon=120 lifetime=[464,1858] skipped=False
2026-08-30 16:59:20,012 | INFO | step=7580/20000 loss=-1.065935 nll=-1.0681 kl=0.002165407 consistency=0 lambda=0 beta=1 grad=83.99342 horizon=260 lifetime=[458,915] skipped=False
2026-08-30 16:59:20,393 | INFO | step=7590/20000 loss=0.2406166 nll=0.2398697 kl=0.0007469505 consistency=0 lambda=0 beta=1 grad=304.5271 horizon=240 lifetime=[461,1049] skipped=False
2026-08-30 16:59:20,783 | INFO | step=7600/20000 loss=-0.5242639 nll=-0.5252353 kl=0.0009714216 consistency=0 lambda=0 beta=1 grad=146.9519 horizon=280 lifetime=[437,1635] skipped=False
2026-08-30 16:59:21,198 | INFO | step=7610/20000 loss=0.01944567 nll=0.01686822 kl=0.002577446 consistency=0 lambda=0 beta=1 grad=43.29343 horizon=120 lifetime=[456,1431] skipped=False
2026-08-30 16:59:21,678 | INFO | step=7620/20000 loss=-1.041906 nll=-1.044413 kl=0.002507284 consistency=0 lambda=0 beta=1 grad=31.821 horizon=300 lifetime=[484,1635] skipped=False
2026-08-30 16:59:22,107 | INFO | step=7630/20000 loss=-1.02724 nll=-1.028143 kl=0.0009031296 consistency=0 lambda=0 beta=1 grad=38.16006 horizon=260 lifetime=[518,1154] skipped=False
2026-08-30 16:59:22,506 | INFO | step=7640/20000 loss=-0.7825439 nll=-0.7830551 kl=0.000511162 consistency=0 lambda=0 beta=1 grad=192.81 horizon=200 lifetime=[460,1858] skipped=False
2026-08-30 16:59:22,882 | INFO | step=7650/20000 loss=-1.008285 nll=-1.008943 kl=0.0006585494 consistency=0 lambda=0 beta=1 grad=67.47882 horizon=220 lifetime=[486,1156] skipped=False
2026-08-30 16:59:23,249 | INFO | step=7660/20000 loss=-0.07751012 nll=-0.07854924 kl=0.001039118 consistency=0 lambda=0 beta=1 grad=208.3897 horizon=200 lifetime=[493,1049] skipped=False
2026-08-30 16:59:23,615 | INFO | step=7670/20000 loss=-0.07540806 nll=-0.07620525 kl=0.0007971972 consistency=0 lambda=0 beta=1 grad=68.98265 horizon=140 lifetime=[539,1282] skipped=False
2026-08-30 16:59:24,015 | INFO | step=7680/20000 loss=-1.058485 nll=-1.059772 kl=0.001287047 consistency=0 lambda=0 beta=1 grad=43.01144 horizon=220 lifetime=[559,1154] skipped=False
2026-08-30 16:59:24,381 | INFO | step=7690/20000 loss=-0.5768327 nll=-0.5814078 kl=0.004575185 consistency=0 lambda=0 beta=1 grad=25.79805 horizon=160 lifetime=[455,1143] skipped=False
2026-08-30 16:59:24,794 | INFO | step=7700/20000 loss=-0.548992 nll=-0.5499005 kl=0.0009085201 consistency=0 lambda=0 beta=1 grad=112.8787 horizon=200 lifetime=[493,1858] skipped=False
2026-08-30 16:59:25,221 | INFO | step=7710/20000 loss=-0.03487789 nll=-0.0359064 kl=0.001028515 consistency=0 lambda=0 beta=1 grad=180.559 horizon=140 lifetime=[461,1635] skipped=False
2026-08-30 16:59:25,612 | INFO | step=7720/20000 loss=-0.2331878 nll=-0.2381018 kl=0.004914012 consistency=0 lambda=0 beta=1 grad=44.21633 horizon=120 lifetime=[458,1091] skipped=False
2026-08-30 16:59:26,020 | INFO | step=7730/20000 loss=-0.2846929 nll=-0.2871453 kl=0.002452403 consistency=0 lambda=0 beta=1 grad=124.468 horizon=300 lifetime=[614,1858] skipped=False
2026-08-30 16:59:26,422 | INFO | step=7740/20000 loss=-0.7513725 nll=-0.7521675 kl=0.000794962 consistency=0 lambda=0 beta=1 grad=136.9573 horizon=280 lifetime=[437,1061] skipped=False
2026-08-30 16:59:26,795 | INFO | step=7750/20000 loss=-0.8671191 nll=-0.8684999 kl=0.001380727 consistency=0 lambda=0 beta=1 grad=67.02528 horizon=180 lifetime=[437,1705] skipped=False
2026-08-30 16:59:27,213 | INFO | step=7760/20000 loss=-0.9537318 nll=-0.9552473 kl=0.001515523 consistency=0 lambda=0 beta=1 grad=55.34367 horizon=140 lifetime=[476,1932] skipped=False
2026-08-30 16:59:27,616 | INFO | step=7770/20000 loss=-0.3954887 nll=-0.3967336 kl=0.001244918 consistency=0 lambda=0 beta=1 grad=98.34148 horizon=220 lifetime=[464,856] skipped=False
2026-08-30 16:59:28,043 | INFO | step=7780/20000 loss=-0.1712278 nll=-0.1727977 kl=0.001569934 consistency=0 lambda=0 beta=1 grad=94.11531 horizon=180 lifetime=[559,921] skipped=False
2026-08-30 16:59:28,447 | INFO | step=7790/20000 loss=-0.4396376 nll=-0.4404925 kl=0.0008549616 consistency=0 lambda=0 beta=1 grad=122.0051 horizon=160 lifetime=[437,1705] skipped=False
2026-08-30 16:59:28,816 | INFO | step=7800/20000 loss=-0.8008505 nll=-0.8019316 kl=0.001081146 consistency=0 lambda=0 beta=1 grad=54.79007 horizon=140 lifetime=[456,1076] skipped=False
2026-08-30 16:59:29,166 | INFO | step=7810/20000 loss=0.1222197 nll=0.1183845 kl=0.003835231 consistency=0 lambda=0 beta=1 grad=48.72417 horizon=120 lifetime=[299,1705] skipped=False
2026-08-30 16:59:29,571 | INFO | step=7820/20000 loss=0.3067689 nll=0.3044023 kl=0.00236655 consistency=0 lambda=0 beta=1 grad=129.9532 horizon=140 lifetime=[614,988] skipped=False
2026-08-30 16:59:29,992 | INFO | step=7830/20000 loss=-0.271931 nll=-0.272904 kl=0.000973016 consistency=0 lambda=0 beta=1 grad=190.9402 horizon=240 lifetime=[671,1705] skipped=False
2026-08-30 16:59:30,412 | INFO | step=7840/20000 loss=-1.426378 nll=-1.427474 kl=0.001096275 consistency=0 lambda=0 beta=1 grad=69.39617 horizon=300 lifetime=[460,1635] skipped=False
2026-08-30 16:59:30,802 | INFO | step=7850/20000 loss=-0.5120716 nll=-0.5130454 kl=0.0009738505 consistency=0 lambda=0 beta=1 grad=128.9847 horizon=180 lifetime=[299,1007] skipped=False
2026-08-30 16:59:31,184 | INFO | step=7860/20000 loss=-0.4396805 nll=-0.441562 kl=0.001881424 consistency=0 lambda=0 beta=1 grad=175.4964 horizon=140 lifetime=[299,856] skipped=False
2026-08-30 16:59:31,606 | INFO | step=7870/20000 loss=-0.6761003 nll=-0.6783342 kl=0.002233885 consistency=0 lambda=0 beta=1 grad=101.808 horizon=140 lifetime=[455,1635] skipped=False
2026-08-30 16:59:32,047 | INFO | step=7880/20000 loss=-1.117166 nll=-1.118239 kl=0.00107304 consistency=0 lambda=0 beta=1 grad=48.80521 horizon=260 lifetime=[456,1705] skipped=False
2026-08-30 16:59:32,449 | INFO | step=7890/20000 loss=-0.9228995 nll=-0.9237865 kl=0.0008870438 consistency=0 lambda=0 beta=1 grad=25.47853 horizon=240 lifetime=[461,1015] skipped=False
2026-08-30 16:59:32,836 | INFO | step=7900/20000 loss=-0.2684341 nll=-0.269757 kl=0.001322888 consistency=0 lambda=0 beta=1 grad=85.85749 horizon=160 lifetime=[665,1635] skipped=False
2026-08-30 16:59:33,232 | INFO | step=7910/20000 loss=-0.3508159 nll=-0.351478 kl=0.0006620586 consistency=0 lambda=0 beta=1 grad=42.87934 horizon=200 lifetime=[464,1431] skipped=False
2026-08-30 16:59:33,617 | INFO | step=7920/20000 loss=-0.4682216 nll=-0.4693387 kl=0.001117168 consistency=0 lambda=0 beta=1 grad=55.39633 horizon=160 lifetime=[437,921] skipped=False
2026-08-30 16:59:34,010 | INFO | step=7930/20000 loss=-0.78099 nll=-0.7820953 kl=0.001105338 consistency=0 lambda=0 beta=1 grad=109.0095 horizon=280 lifetime=[460,1282] skipped=False
2026-08-30 16:59:34,382 | INFO | step=7940/20000 loss=-0.2742591 nll=-0.2761614 kl=0.001902321 consistency=0 lambda=0 beta=1 grad=41.44164 horizon=120 lifetime=[464,1061] skipped=False
2026-08-30 16:59:34,772 | INFO | step=7950/20000 loss=-0.7231977 nll=-0.7240719 kl=0.0008742139 consistency=0 lambda=0 beta=1 grad=57.60965 horizon=260 lifetime=[477,1705] skipped=False
2026-08-30 16:59:35,177 | INFO | step=7960/20000 loss=-0.04600624 nll=-0.04732576 kl=0.001319522 consistency=0 lambda=0 beta=1 grad=47.4564 horizon=120 lifetime=[461,1154] skipped=False
2026-08-30 16:59:35,576 | INFO | step=7970/20000 loss=-0.5049186 nll=-0.5055672 kl=0.0006485321 consistency=0 lambda=0 beta=1 grad=205.2814 horizon=200 lifetime=[482,1282] skipped=False
2026-08-30 16:59:36,013 | INFO | step=7980/20000 loss=1.884212 nll=1.882977 kl=0.001234327 consistency=0 lambda=0 beta=1 grad=378.2274 horizon=220 lifetime=[456,1015] skipped=False
2026-08-30 16:59:36,380 | INFO | step=7990/20000 loss=0.2776215 nll=0.2762716 kl=0.00134995 consistency=0 lambda=0 beta=1 grad=40.71441 horizon=100 lifetime=[484,1036] skipped=False
2026-08-30 16:59:37,068 | INFO | validation step=8000 rmse=159.2672 best=122.6368@4500 stale=7/10
2026-08-30 16:59:37,068 | INFO | step=8000/20000 loss=0.5365719 nll=0.5348555 kl=0.001716357 consistency=0 lambda=0 beta=1 grad=28.96655 horizon=100 lifetime=[437,1071] skipped=False
2026-08-30 16:59:37,554 | INFO | step=8010/20000 loss=-0.4511243 nll=-0.451842 kl=0.0007176884 consistency=0 lambda=0 beta=1 grad=113.3069 horizon=280 lifetime=[455,1858] skipped=False
2026-08-30 16:59:37,992 | INFO | step=8020/20000 loss=-1.378143 nll=-1.379031 kl=0.0008876286 consistency=0 lambda=0 beta=1 grad=65.97436 horizon=260 lifetime=[467,988] skipped=False
2026-08-30 16:59:38,361 | INFO | step=8030/20000 loss=-0.1506976 nll=-0.1536703 kl=0.002972651 consistency=0 lambda=0 beta=1 grad=89.47332 horizon=140 lifetime=[461,1036] skipped=False
2026-08-30 16:59:38,732 | INFO | step=8040/20000 loss=0.7015551 nll=0.6990774 kl=0.002477773 consistency=0 lambda=0 beta=1 grad=59.01158 horizon=100 lifetime=[614,1154] skipped=False
2026-08-30 16:59:39,106 | INFO | step=8050/20000 loss=-0.9718282 nll=-0.9735273 kl=0.001699097 consistency=0 lambda=0 beta=1 grad=90.30956 horizon=140 lifetime=[455,826] skipped=False
2026-08-30 16:59:39,491 | INFO | step=8060/20000 loss=-0.7269502 nll=-0.727966 kl=0.00101573 consistency=0 lambda=0 beta=1 grad=82.38351 horizon=180 lifetime=[299,1156] skipped=False
2026-08-30 16:59:39,847 | INFO | step=8070/20000 loss=-0.298606 nll=-0.2997985 kl=0.00119257 consistency=0 lambda=0 beta=1 grad=165.4309 horizon=160 lifetime=[456,1143] skipped=False
2026-08-30 16:59:40,244 | INFO | step=8080/20000 loss=-0.6623958 nll=-0.6631986 kl=0.0008028373 consistency=0 lambda=0 beta=1 grad=158.3963 horizon=240 lifetime=[467,1061] skipped=False
2026-08-30 16:59:40,648 | INFO | step=8090/20000 loss=-0.619599 nll=-0.6218906 kl=0.002291642 consistency=0 lambda=0 beta=1 grad=18.854 horizon=120 lifetime=[455,1007] skipped=False
2026-08-30 16:59:41,044 | INFO | step=8100/20000 loss=-0.6875973 nll=-0.6888946 kl=0.001297303 consistency=0 lambda=0 beta=1 grad=47.6305 horizon=300 lifetime=[456,1858] skipped=False
2026-08-30 16:59:41,434 | INFO | step=8110/20000 loss=-1.096808 nll=-1.098602 kl=0.001793914 consistency=0 lambda=0 beta=1 grad=42.76886 horizon=300 lifetime=[461,964] skipped=False
2026-08-30 16:59:41,838 | INFO | step=8120/20000 loss=-0.3519692 nll=-0.3528886 kl=0.0009194538 consistency=0 lambda=0 beta=1 grad=59.8872 horizon=160 lifetime=[482,1076] skipped=False
2026-08-30 16:59:42,277 | INFO | step=8130/20000 loss=-0.9750144 nll=-0.9756538 kl=0.0006393716 consistency=0 lambda=0 beta=1 grad=30.84262 horizon=280 lifetime=[518,1858] skipped=False
2026-08-30 16:59:42,688 | INFO | step=8140/20000 loss=-0.7878 nll=-0.7886434 kl=0.0008434206 consistency=0 lambda=0 beta=1 grad=80.52586 horizon=280 lifetime=[704,1858] skipped=False
2026-08-30 16:59:43,067 | INFO | step=8150/20000 loss=-0.8636618 nll=-0.865438 kl=0.001776166 consistency=0 lambda=0 beta=1 grad=89.36265 horizon=240 lifetime=[501,1049] skipped=False
2026-08-30 16:59:43,458 | INFO | step=8160/20000 loss=-0.2855689 nll=-0.2861094 kl=0.0005405024 consistency=0 lambda=0 beta=1 grad=262.5713 horizon=220 lifetime=[437,1049] skipped=False
2026-08-30 16:59:43,798 | INFO | step=8170/20000 loss=-0.03170256 nll=-0.03339203 kl=0.001689471 consistency=0 lambda=0 beta=1 grad=103.9315 horizon=100 lifetime=[476,1143] skipped=False
2026-08-30 16:59:44,179 | INFO | step=8180/20000 loss=-1.257141 nll=-1.260174 kl=0.003032967 consistency=0 lambda=0 beta=1 grad=34.25388 horizon=200 lifetime=[467,1143] skipped=False
2026-08-30 16:59:44,572 | INFO | step=8190/20000 loss=-0.7436249 nll=-0.744312 kl=0.0006871 consistency=0 lambda=0 beta=1 grad=139.3371 horizon=220 lifetime=[476,1091] skipped=False
2026-08-30 16:59:44,980 | INFO | step=8200/20000 loss=-0.9691223 nll=-0.9701477 kl=0.001025468 consistency=0 lambda=0 beta=1 grad=52.66922 horizon=180 lifetime=[464,1076] skipped=False
2026-08-30 16:59:45,392 | INFO | step=8210/20000 loss=-1.208101 nll=-1.208634 kl=0.0005327761 consistency=0 lambda=0 beta=1 grad=114.0211 horizon=260 lifetime=[455,836] skipped=False
2026-08-30 16:59:45,791 | INFO | step=8220/20000 loss=-0.9994352 nll=-1.000203 kl=0.0007681251 consistency=0 lambda=0 beta=1 grad=112.0777 horizon=200 lifetime=[470,1705] skipped=False
2026-08-30 16:59:46,185 | INFO | step=8230/20000 loss=-0.9272723 nll=-0.9292533 kl=0.001981094 consistency=0 lambda=0 beta=1 grad=64.80978 horizon=240 lifetime=[299,1038] skipped=False
2026-08-30 16:59:46,573 | INFO | step=8240/20000 loss=-0.663202 nll=-0.6646916 kl=0.001489565 consistency=0 lambda=0 beta=1 grad=58.28088 horizon=140 lifetime=[470,1705] skipped=False
2026-08-30 16:59:46,998 | INFO | step=8250/20000 loss=-1.165747 nll=-1.166491 kl=0.0007441044 consistency=0 lambda=0 beta=1 grad=69.70101 horizon=220 lifetime=[486,1431] skipped=False
2026-08-30 16:59:47,361 | INFO | step=8260/20000 loss=-0.8662907 nll=-0.8671346 kl=0.0008438081 consistency=0 lambda=0 beta=1 grad=56.13334 horizon=300 lifetime=[464,964] skipped=False
2026-08-30 16:59:47,770 | INFO | step=8270/20000 loss=-1.058834 nll=-1.060238 kl=0.001404077 consistency=0 lambda=0 beta=1 grad=148.2003 horizon=280 lifetime=[501,1705] skipped=False
2026-08-30 16:59:48,155 | INFO | step=8280/20000 loss=-0.5923721 nll=-0.5941042 kl=0.001732096 consistency=0 lambda=0 beta=1 grad=74.54867 horizon=100 lifetime=[464,1282] skipped=False
2026-08-30 16:59:48,491 | INFO | step=8290/20000 loss=-0.5433521 nll=-0.5456365 kl=0.002284378 consistency=0 lambda=0 beta=1 grad=45.64923 horizon=180 lifetime=[299,1000] skipped=False
2026-08-30 16:59:48,854 | INFO | step=8300/20000 loss=0.4555229 nll=0.4549839 kl=0.0005390048 consistency=0 lambda=0 beta=1 grad=62.40831 horizon=100 lifetime=[486,1156] skipped=False
2026-08-30 16:59:49,272 | INFO | step=8310/20000 loss=0.05540013 nll=0.05411159 kl=0.001288533 consistency=0 lambda=0 beta=1 grad=55.67635 horizon=280 lifetime=[701,1156] skipped=False
2026-08-30 16:59:49,670 | INFO | step=8320/20000 loss=0.0645059 nll=0.0636647 kl=0.0008412004 consistency=0 lambda=0 beta=1 grad=140.9454 horizon=160 lifetime=[458,1932] skipped=False
2026-08-30 16:59:50,120 | INFO | step=8330/20000 loss=0.06443445 nll=0.06360567 kl=0.0008287728 consistency=0 lambda=0 beta=1 grad=55.8664 horizon=180 lifetime=[467,1000] skipped=False
2026-08-30 16:59:50,495 | INFO | step=8340/20000 loss=0.09407204 nll=0.09311688 kl=0.0009551644 consistency=0 lambda=0 beta=1 grad=47.62122 horizon=120 lifetime=[512,1061] skipped=False
2026-08-30 16:59:50,906 | INFO | step=8350/20000 loss=-0.09416218 nll=-0.09592608 kl=0.001763895 consistency=0 lambda=0 beta=1 grad=315.486 horizon=220 lifetime=[464,1705] skipped=False
2026-08-30 16:59:51,293 | INFO | step=8360/20000 loss=-0.8002218 nll=-0.8008863 kl=0.000664562 consistency=0 lambda=0 beta=1 grad=102.7036 horizon=280 lifetime=[437,1091] skipped=False
2026-08-30 16:59:51,658 | INFO | step=8370/20000 loss=-0.6423552 nll=-0.6434721 kl=0.001116842 consistency=0 lambda=0 beta=1 grad=90.65176 horizon=240 lifetime=[477,1015] skipped=False
2026-08-30 16:59:52,042 | INFO | step=8380/20000 loss=-0.9768608 nll=-0.9777824 kl=0.0009215921 consistency=0 lambda=0 beta=1 grad=54.06176 horizon=160 lifetime=[456,1049] skipped=False
2026-08-30 16:59:52,407 | INFO | step=8390/20000 loss=-0.6631468 nll=-0.6636328 kl=0.0004860163 consistency=0 lambda=0 beta=1 grad=77.43275 horizon=180 lifetime=[482,1061] skipped=False
2026-08-30 16:59:52,822 | INFO | step=8400/20000 loss=-1.207128 nll=-1.207846 kl=0.0007187277 consistency=0 lambda=0 beta=1 grad=104.061 horizon=200 lifetime=[455,1036] skipped=False
2026-08-30 16:59:53,263 | INFO | step=8410/20000 loss=-0.7766553 nll=-0.7772797 kl=0.0006244034 consistency=0 lambda=0 beta=1 grad=179.119 horizon=240 lifetime=[299,988] skipped=False
2026-08-30 16:59:53,635 | INFO | step=8420/20000 loss=-0.8980188 nll=-0.8985797 kl=0.0005609095 consistency=0 lambda=0 beta=1 grad=131.2275 horizon=200 lifetime=[467,1932] skipped=False
2026-08-30 16:59:54,037 | INFO | step=8430/20000 loss=-1.030896 nll=-1.031605 kl=0.0007085204 consistency=0 lambda=0 beta=1 grad=47.21441 horizon=260 lifetime=[460,1076] skipped=False
2026-08-30 16:59:54,427 | INFO | step=8440/20000 loss=-1.090286 nll=-1.091039 kl=0.0007529259 consistency=0 lambda=0 beta=1 grad=95.0834 horizon=200 lifetime=[476,1705] skipped=False
2026-08-30 16:59:54,839 | INFO | step=8450/20000 loss=-0.2596765 nll=-0.260279 kl=0.0006025434 consistency=0 lambda=0 beta=1 grad=82.32822 horizon=180 lifetime=[299,1156] skipped=False
2026-08-30 16:59:55,230 | INFO | step=8460/20000 loss=-0.3455288 nll=-0.347684 kl=0.00215514 consistency=0 lambda=0 beta=1 grad=62.72703 horizon=160 lifetime=[464,1282] skipped=False
2026-08-30 16:59:55,625 | INFO | step=8470/20000 loss=-1.380812 nll=-1.382406 kl=0.001593634 consistency=0 lambda=0 beta=1 grad=187.5155 horizon=260 lifetime=[460,856] skipped=False
2026-08-30 16:59:56,035 | INFO | step=8480/20000 loss=-0.3093431 nll=-0.3105072 kl=0.001164094 consistency=0 lambda=0 beta=1 grad=242.719 horizon=280 lifetime=[464,1932] skipped=False
2026-08-30 16:59:56,436 | INFO | step=8490/20000 loss=0.4107957 nll=0.4098023 kl=0.0009934306 consistency=0 lambda=0 beta=1 grad=274.0778 horizon=260 lifetime=[299,1076] skipped=False
2026-08-30 16:59:57,076 | INFO | validation step=8500 rmse=140.9825 best=122.6368@4500 stale=8/10
2026-08-30 16:59:57,076 | INFO | step=8500/20000 loss=0.1514351 nll=0.1499541 kl=0.001481071 consistency=0 lambda=0 beta=1 grad=51.8671 horizon=120 lifetime=[491,1025] skipped=False
2026-08-30 16:59:57,552 | INFO | step=8510/20000 loss=-0.3143526 nll=-0.3163375 kl=0.001984835 consistency=0 lambda=0 beta=1 grad=56.16457 horizon=100 lifetime=[477,1932] skipped=False
2026-08-30 16:59:57,963 | INFO | step=8520/20000 loss=-0.5891578 nll=-0.5900998 kl=0.0009420514 consistency=0 lambda=0 beta=1 grad=89.45452 horizon=260 lifetime=[665,1431] skipped=False
2026-08-30 16:59:58,387 | INFO | step=8530/20000 loss=-0.2201773 nll=-0.2221967 kl=0.002019435 consistency=0 lambda=0 beta=1 grad=73.25577 horizon=100 lifetime=[486,1635] skipped=False
2026-08-30 16:59:58,797 | INFO | step=8540/20000 loss=0.2101197 nll=0.2087418 kl=0.001377866 consistency=0 lambda=0 beta=1 grad=174.3145 horizon=160 lifetime=[633,1025] skipped=False
2026-08-30 16:59:59,247 | INFO | step=8550/20000 loss=-0.4927788 nll=-0.4933617 kl=0.0005829185 consistency=0 lambda=0 beta=1 grad=32.99058 horizon=300 lifetime=[719,1431] skipped=False
2026-08-30 16:59:59,684 | INFO | step=8560/20000 loss=-1.144257 nll=-1.145362 kl=0.001105011 consistency=0 lambda=0 beta=1 grad=19.39779 horizon=200 lifetime=[512,1061] skipped=False
2026-08-30 17:00:00,069 | INFO | step=8570/20000 loss=-0.2076402 nll=-0.2085162 kl=0.0008759797 consistency=0 lambda=0 beta=1 grad=36.55511 horizon=100 lifetime=[615,1932] skipped=False
2026-08-30 17:00:00,513 | INFO | step=8580/20000 loss=-0.5953374 nll=-0.5959842 kl=0.0006468296 consistency=0 lambda=0 beta=1 grad=35.29171 horizon=280 lifetime=[491,1049] skipped=False
2026-08-30 17:00:00,901 | INFO | step=8590/20000 loss=-0.3847121 nll=-0.3858831 kl=0.001170948 consistency=0 lambda=0 beta=1 grad=149.3851 horizon=280 lifetime=[633,1282] skipped=False
2026-08-30 17:00:01,293 | INFO | step=8600/20000 loss=-0.3314134 nll=-0.3324143 kl=0.001000866 consistency=0 lambda=0 beta=1 grad=32.59754 horizon=120 lifetime=[491,1932] skipped=False
2026-08-30 17:00:01,676 | INFO | step=8610/20000 loss=-0.3031802 nll=-0.3047895 kl=0.001609236 consistency=0 lambda=0 beta=1 grad=58.73955 horizon=160 lifetime=[464,1045] skipped=False
2026-08-30 17:00:02,076 | INFO | step=8620/20000 loss=-0.6454488 nll=-0.6468642 kl=0.001415446 consistency=0 lambda=0 beta=1 grad=154.597 horizon=260 lifetime=[464,1932] skipped=False
2026-08-30 17:00:02,454 | INFO | step=8630/20000 loss=-0.109603 nll=-0.1101902 kl=0.0005871654 consistency=0 lambda=0 beta=1 grad=132.2372 horizon=180 lifetime=[467,1705] skipped=False
2026-08-30 17:00:02,877 | INFO | step=8640/20000 loss=-1.360082 nll=-1.361502 kl=0.001420647 consistency=0 lambda=0 beta=1 grad=249.9593 horizon=280 lifetime=[458,1858] skipped=False
2026-08-30 17:00:03,280 | INFO | step=8650/20000 loss=-0.5679131 nll=-0.5690415 kl=0.00112845 consistency=0 lambda=0 beta=1 grad=76.28011 horizon=160 lifetime=[458,1932] skipped=False
2026-08-30 17:00:03,711 | INFO | step=8660/20000 loss=-0.2465261 nll=-0.24748 kl=0.0009539872 consistency=0 lambda=0 beta=1 grad=187.1111 horizon=180 lifetime=[456,1431] skipped=False
2026-08-30 17:00:04,146 | INFO | step=8670/20000 loss=0.01007356 nll=0.0091694 kl=0.0009041578 consistency=0 lambda=0 beta=1 grad=152.6462 horizon=180 lifetime=[484,1025] skipped=False
2026-08-30 17:00:04,531 | INFO | step=8680/20000 loss=-0.399421 nll=-0.4011337 kl=0.00171262 consistency=0 lambda=0 beta=1 grad=130.027 horizon=260 lifetime=[510,1025] skipped=False
2026-08-30 17:00:04,915 | INFO | step=8690/20000 loss=-0.7283005 nll=-0.7301217 kl=0.00182122 consistency=0 lambda=0 beta=1 grad=58.1912 horizon=200 lifetime=[484,874] skipped=False
2026-08-30 17:00:05,323 | INFO | step=8700/20000 loss=-0.9866579 nll=-0.9881815 kl=0.001523629 consistency=0 lambda=0 beta=1 grad=39.88687 horizon=280 lifetime=[491,1071] skipped=False
2026-08-30 17:00:05,721 | INFO | step=8710/20000 loss=-1.023987 nll=-1.024382 kl=0.0003946573 consistency=0 lambda=0 beta=1 grad=59.03204 horizon=200 lifetime=[484,1025] skipped=False
2026-08-30 17:00:06,122 | INFO | step=8720/20000 loss=-0.6618367 nll=-0.6627501 kl=0.0009134114 consistency=0 lambda=0 beta=1 grad=139.0664 horizon=200 lifetime=[470,988] skipped=False
2026-08-30 17:00:06,509 | INFO | step=8730/20000 loss=-1.022622 nll=-1.024107 kl=0.00148508 consistency=0 lambda=0 beta=1 grad=60.54869 horizon=180 lifetime=[467,1025] skipped=False
2026-08-30 17:00:06,896 | INFO | step=8740/20000 loss=-0.864744 nll=-0.8665222 kl=0.001778185 consistency=0 lambda=0 beta=1 grad=72.45512 horizon=260 lifetime=[455,1705] skipped=False
2026-08-30 17:00:07,326 | INFO | step=8750/20000 loss=-0.9923388 nll=-0.9931313 kl=0.0007925183 consistency=0 lambda=0 beta=1 grad=98.60572 horizon=220 lifetime=[456,1154] skipped=False
2026-08-30 17:00:07,746 | INFO | step=8760/20000 loss=-1.510049 nll=-1.511093 kl=0.001043752 consistency=0 lambda=0 beta=1 grad=72.75897 horizon=280 lifetime=[467,1932] skipped=False
2026-08-30 17:00:08,162 | INFO | step=8770/20000 loss=-0.01938221 nll=-0.02042207 kl=0.001039863 consistency=0 lambda=0 beta=1 grad=155.5118 horizon=200 lifetime=[539,1061] skipped=False
2026-08-30 17:00:08,525 | INFO | step=8780/20000 loss=-0.4600361 nll=-0.4612175 kl=0.001181394 consistency=0 lambda=0 beta=1 grad=80.34223 horizon=180 lifetime=[456,1091] skipped=False
2026-08-30 17:00:08,927 | INFO | step=8790/20000 loss=-0.6812315 nll=-0.682493 kl=0.001261473 consistency=0 lambda=0 beta=1 grad=134.4646 horizon=260 lifetime=[614,1143] skipped=False
2026-08-30 17:00:09,301 | INFO | step=8800/20000 loss=-0.9649628 nll=-0.9671337 kl=0.00217092 consistency=0 lambda=0 beta=1 grad=13.28081 horizon=260 lifetime=[614,942] skipped=False
2026-08-30 17:00:09,757 | INFO | step=8810/20000 loss=-1.150189 nll=-1.150946 kl=0.0007565618 consistency=0 lambda=0 beta=1 grad=45.08047 horizon=220 lifetime=[456,1076] skipped=False
2026-08-30 17:00:10,120 | INFO | step=8820/20000 loss=0.2756169 nll=0.2741897 kl=0.001427233 consistency=0 lambda=0 beta=1 grad=98.43721 horizon=200 lifetime=[529,1635] skipped=False
2026-08-30 17:00:10,513 | INFO | step=8830/20000 loss=-0.3693716 nll=-0.3705036 kl=0.001132011 consistency=0 lambda=0 beta=1 grad=82.45493 horizon=180 lifetime=[299,1858] skipped=False
2026-08-30 17:00:10,906 | INFO | step=8840/20000 loss=-1.171133 nll=-1.173138 kl=0.002005264 consistency=0 lambda=0 beta=1 grad=58.78516 horizon=220 lifetime=[461,1431] skipped=False
2026-08-30 17:00:11,352 | INFO | step=8850/20000 loss=-0.723214 nll=-0.7238802 kl=0.0006661564 consistency=0 lambda=0 beta=1 grad=87.81976 horizon=280 lifetime=[539,1635] skipped=False
2026-08-30 17:00:11,729 | INFO | step=8860/20000 loss=-0.8428594 nll=-0.8458473 kl=0.002987891 consistency=0 lambda=0 beta=1 grad=165.0249 horizon=200 lifetime=[476,1705] skipped=False
2026-08-30 17:00:12,140 | INFO | step=8870/20000 loss=-1.090708 nll=-1.091504 kl=0.0007951558 consistency=0 lambda=0 beta=1 grad=46.65696 horizon=260 lifetime=[458,1156] skipped=False
2026-08-30 17:00:12,529 | INFO | step=8880/20000 loss=-0.9636433 nll=-0.9643385 kl=0.0006952733 consistency=0 lambda=0 beta=1 grad=36.05775 horizon=160 lifetime=[455,1635] skipped=False
2026-08-30 17:00:12,935 | INFO | step=8890/20000 loss=-0.2426988 nll=-0.2437808 kl=0.001082033 consistency=0 lambda=0 beta=1 grad=37.06831 horizon=100 lifetime=[486,1282] skipped=False
2026-08-30 17:00:13,331 | INFO | step=8900/20000 loss=-0.7997555 nll=-0.8009065 kl=0.001151055 consistency=0 lambda=0 beta=1 grad=32.4314 horizon=120 lifetime=[470,1156] skipped=False
2026-08-30 17:00:13,705 | INFO | step=8910/20000 loss=-1.335376 nll=-1.336247 kl=0.0008709952 consistency=0 lambda=0 beta=1 grad=102.2448 horizon=220 lifetime=[456,1858] skipped=False
2026-08-30 17:00:14,099 | INFO | step=8920/20000 loss=-0.356662 nll=-0.3586203 kl=0.00195834 consistency=0 lambda=0 beta=1 grad=66.84967 horizon=120 lifetime=[456,1932] skipped=False
2026-08-30 17:00:14,480 | INFO | step=8930/20000 loss=-0.4796991 nll=-0.4815991 kl=0.001899987 consistency=0 lambda=0 beta=1 grad=82.48363 horizon=240 lifetime=[437,1045] skipped=False
2026-08-30 17:00:14,901 | INFO | step=8940/20000 loss=-0.9099585 nll=-0.9115925 kl=0.001634024 consistency=0 lambda=0 beta=1 grad=78.79289 horizon=180 lifetime=[486,1705] skipped=False
2026-08-30 17:00:15,300 | INFO | step=8950/20000 loss=-0.1240594 nll=-0.1253095 kl=0.001250096 consistency=0 lambda=0 beta=1 grad=145.3201 horizon=140 lifetime=[470,1431] skipped=False
2026-08-30 17:00:15,706 | INFO | step=8960/20000 loss=-0.8654076 nll=-0.8662019 kl=0.0007942244 consistency=0 lambda=0 beta=1 grad=81.05119 horizon=240 lifetime=[456,1932] skipped=False
2026-08-30 17:00:16,100 | INFO | step=8970/20000 loss=-1.40155 nll=-1.403261 kl=0.001710989 consistency=0 lambda=0 beta=1 grad=63.49018 horizon=220 lifetime=[476,942] skipped=False
2026-08-30 17:00:16,472 | INFO | step=8980/20000 loss=-1.171884 nll=-1.172604 kl=0.0007199794 consistency=0 lambda=0 beta=1 grad=90.19025 horizon=200 lifetime=[461,1038] skipped=False
2026-08-30 17:00:16,880 | INFO | step=8990/20000 loss=-0.697707 nll=-0.6985986 kl=0.0008916184 consistency=0 lambda=0 beta=1 grad=169.4572 horizon=120 lifetime=[455,794] skipped=False
2026-08-30 17:00:17,544 | INFO | validation step=9000 rmse=164.6048 best=122.6368@4500 stale=9/10
2026-08-30 17:00:17,544 | INFO | step=9000/20000 loss=-0.6504795 nll=-0.6523838 kl=0.001904301 consistency=0 lambda=0 beta=1 grad=76.00208 horizon=200 lifetime=[476,1154] skipped=False
2026-08-30 17:00:18,021 | INFO | step=9010/20000 loss=-0.8690557 nll=-0.8696988 kl=0.0006430447 consistency=0 lambda=0 beta=1 grad=56.74922 horizon=160 lifetime=[476,1932] skipped=False
2026-08-30 17:00:18,439 | INFO | step=9020/20000 loss=-0.4314806 nll=-0.4324856 kl=0.001004979 consistency=0 lambda=0 beta=1 grad=75.958 horizon=280 lifetime=[614,1932] skipped=False
2026-08-30 17:00:18,853 | INFO | step=9030/20000 loss=-1.529462 nll=-1.530453 kl=0.000991255 consistency=0 lambda=0 beta=1 grad=73.63123 horizon=200 lifetime=[460,921] skipped=False
2026-08-30 17:00:19,272 | INFO | step=9040/20000 loss=-0.1659663 nll=-0.1668327 kl=0.0008664131 consistency=0 lambda=0 beta=1 grad=219.3355 horizon=220 lifetime=[559,1635] skipped=False
2026-08-30 17:00:19,703 | INFO | step=9050/20000 loss=-0.5946189 nll=-0.5958588 kl=0.001239926 consistency=0 lambda=0 beta=1 grad=47.89868 horizon=300 lifetime=[700,1635] skipped=False
2026-08-30 17:00:20,110 | INFO | step=9060/20000 loss=-1.217312 nll=-1.219027 kl=0.001715466 consistency=0 lambda=0 beta=1 grad=21.65933 horizon=280 lifetime=[299,1076] skipped=False
2026-08-30 17:00:20,554 | INFO | step=9070/20000 loss=-0.92282 nll=-0.9233705 kl=0.0005504489 consistency=0 lambda=0 beta=1 grad=154.4522 horizon=220 lifetime=[461,991] skipped=False
2026-08-30 17:00:20,927 | INFO | step=9080/20000 loss=-0.5785161 nll=-0.5811605 kl=0.002644435 consistency=0 lambda=0 beta=1 grad=112.652 horizon=160 lifetime=[464,1091] skipped=False
2026-08-30 17:00:21,339 | INFO | step=9090/20000 loss=-0.7759148 nll=-0.7774394 kl=0.001524493 consistency=0 lambda=0 beta=1 grad=99.60527 horizon=180 lifetime=[493,1431] skipped=False
2026-08-30 17:00:21,734 | INFO | step=9100/20000 loss=-0.6584637 nll=-0.658892 kl=0.0004283935 consistency=0 lambda=0 beta=1 grad=102.8753 horizon=280 lifetime=[477,1156] skipped=False
2026-08-30 17:00:22,110 | INFO | step=9110/20000 loss=-0.9555298 nll=-0.956307 kl=0.0007772148 consistency=0 lambda=0 beta=1 grad=52.90524 horizon=240 lifetime=[648,1932] skipped=False
2026-08-30 17:00:22,469 | INFO | step=9120/20000 loss=-1.346219 nll=-1.347159 kl=0.0009407848 consistency=0 lambda=0 beta=1 grad=47.7514 horizon=180 lifetime=[464,1858] skipped=False
2026-08-30 17:00:22,840 | INFO | step=9130/20000 loss=-0.9632065 nll=-0.9646255 kl=0.001419082 consistency=0 lambda=0 beta=1 grad=119.07 horizon=240 lifetime=[437,1091] skipped=False
2026-08-30 17:00:23,227 | INFO | step=9140/20000 loss=-0.5577557 nll=-0.5595108 kl=0.001755089 consistency=0 lambda=0 beta=1 grad=79.37365 horizon=120 lifetime=[455,988] skipped=False
2026-08-30 17:00:23,594 | INFO | step=9150/20000 loss=-0.3200732 nll=-0.3208185 kl=0.0007453561 consistency=0 lambda=0 beta=1 grad=117.1151 horizon=240 lifetime=[539,1282] skipped=False
2026-08-30 17:00:23,989 | INFO | step=9160/20000 loss=-1.261149 nll=-1.262884 kl=0.001734763 consistency=0 lambda=0 beta=1 grad=176.0589 horizon=280 lifetime=[456,988] skipped=False
2026-08-30 17:00:24,412 | INFO | step=9170/20000 loss=-0.5494965 nll=-0.5501798 kl=0.0006833225 consistency=0 lambda=0 beta=1 grad=83.09717 horizon=200 lifetime=[614,1635] skipped=False
2026-08-30 17:00:24,810 | INFO | step=9180/20000 loss=-1.15877 nll=-1.159943 kl=0.001173019 consistency=0 lambda=0 beta=1 grad=31.4958 horizon=260 lifetime=[467,1045] skipped=False
2026-08-30 17:00:25,218 | INFO | step=9190/20000 loss=-1.328641 nll=-1.329613 kl=0.0009714812 consistency=0 lambda=0 beta=1 grad=49.32214 horizon=140 lifetime=[456,1932] skipped=False
2026-08-30 17:00:25,560 | INFO | step=9200/20000 loss=-0.08697474 nll=-0.08876066 kl=0.001785919 consistency=0 lambda=0 beta=1 grad=86.04779 horizon=120 lifetime=[501,1431] skipped=False
2026-08-30 17:00:25,937 | INFO | step=9210/20000 loss=-0.325607 nll=-0.3266902 kl=0.001083195 consistency=0 lambda=0 beta=1 grad=193.0209 horizon=300 lifetime=[476,1858] skipped=False
2026-08-30 17:00:26,336 | INFO | step=9220/20000 loss=-1.555771 nll=-1.55618 kl=0.0004093498 consistency=0 lambda=0 beta=1 grad=55.01345 horizon=220 lifetime=[299,1858] skipped=False
2026-08-30 17:00:26,763 | INFO | step=9230/20000 loss=-0.379711 nll=-0.3823673 kl=0.002656296 consistency=0 lambda=0 beta=1 grad=187.4164 horizon=100 lifetime=[299,1143] skipped=False
2026-08-30 17:00:27,142 | INFO | step=9240/20000 loss=-1.008588 nll=-1.009711 kl=0.001122788 consistency=0 lambda=0 beta=1 grad=43.32517 horizon=160 lifetime=[299,1049] skipped=False
2026-08-30 17:00:27,494 | INFO | step=9250/20000 loss=-0.7346147 nll=-0.7363661 kl=0.001751423 consistency=0 lambda=0 beta=1 grad=64.72527 horizon=160 lifetime=[470,1705] skipped=False
2026-08-30 17:00:27,910 | INFO | step=9260/20000 loss=-0.6916339 nll=-0.6923438 kl=0.0007098615 consistency=0 lambda=0 beta=1 grad=252.664 horizon=300 lifetime=[486,1049] skipped=False
2026-08-30 17:00:28,320 | INFO | step=9270/20000 loss=-0.8198498 nll=-0.8204809 kl=0.000631094 consistency=0 lambda=0 beta=1 grad=91.37708 horizon=200 lifetime=[467,1431] skipped=False
2026-08-30 17:00:28,714 | INFO | step=9280/20000 loss=-0.7434835 nll=-0.7449533 kl=0.001469702 consistency=0 lambda=0 beta=1 grad=225.8295 horizon=220 lifetime=[437,1061] skipped=False
2026-08-30 17:00:29,093 | INFO | step=9290/20000 loss=-0.4782862 nll=-0.4795419 kl=0.001255691 consistency=0 lambda=0 beta=1 grad=92.41054 horizon=160 lifetime=[482,1143] skipped=False
2026-08-30 17:00:29,520 | INFO | step=9300/20000 loss=-1.164908 nll=-1.165246 kl=0.0003371239 consistency=0 lambda=0 beta=1 grad=139.5583 horizon=220 lifetime=[467,1143] skipped=False
2026-08-30 17:00:29,938 | INFO | step=9310/20000 loss=0.08193161 nll=0.08083038 kl=0.001101226 consistency=0 lambda=0 beta=1 grad=12.243 horizon=100 lifetime=[455,921] skipped=False
2026-08-30 17:00:30,350 | INFO | step=9320/20000 loss=-0.3133232 nll=-0.3141631 kl=0.0008398294 consistency=0 lambda=0 beta=1 grad=210.7766 horizon=300 lifetime=[437,1705] skipped=False
2026-08-30 17:00:30,714 | INFO | step=9330/20000 loss=-0.07466535 nll=-0.07647572 kl=0.001810372 consistency=0 lambda=0 beta=1 grad=54.67238 horizon=120 lifetime=[437,1076] skipped=False
2026-08-30 17:00:31,080 | INFO | step=9340/20000 loss=-0.5703827 nll=-0.5709574 kl=0.0005746782 consistency=0 lambda=0 beta=1 grad=74.06712 horizon=220 lifetime=[491,991] skipped=False
2026-08-30 17:00:31,471 | INFO | step=9350/20000 loss=-1.093831 nll=-1.095789 kl=0.001958787 consistency=0 lambda=0 beta=1 grad=106.9066 horizon=280 lifetime=[458,1071] skipped=False
2026-08-30 17:00:31,847 | INFO | step=9360/20000 loss=-0.1725516 nll=-0.1739787 kl=0.001427114 consistency=0 lambda=0 beta=1 grad=47.01025 horizon=100 lifetime=[464,1858] skipped=False
2026-08-30 17:00:32,202 | INFO | step=9370/20000 loss=-0.7252277 nll=-0.7264597 kl=0.001232028 consistency=0 lambda=0 beta=1 grad=220.0232 horizon=260 lifetime=[460,1015] skipped=False
2026-08-30 17:00:32,547 | INFO | step=9380/20000 loss=-0.6871907 nll=-0.6890169 kl=0.001826257 consistency=0 lambda=0 beta=1 grad=82.31152 horizon=140 lifetime=[484,1282] skipped=False
2026-08-30 17:00:32,913 | INFO | step=9390/20000 loss=-0.02080955 nll=-0.02286737 kl=0.002057821 consistency=0 lambda=0 beta=1 grad=185.0731 horizon=140 lifetime=[460,1154] skipped=False
2026-08-30 17:00:33,335 | INFO | step=9400/20000 loss=-0.6699878 nll=-0.6711826 kl=0.001194805 consistency=0 lambda=0 beta=1 grad=132.9284 horizon=280 lifetime=[633,828] skipped=False
2026-08-30 17:00:33,744 | INFO | step=9410/20000 loss=-1.00633 nll=-1.007113 kl=0.000783354 consistency=0 lambda=0 beta=1 grad=74.60523 horizon=200 lifetime=[299,1282] skipped=False
2026-08-30 17:00:34,184 | INFO | step=9420/20000 loss=0.5012026 nll=0.5003154 kl=0.0008872449 consistency=0 lambda=0 beta=1 grad=54.80286 horizon=100 lifetime=[491,1076] skipped=False
2026-08-30 17:00:34,557 | INFO | step=9430/20000 loss=-0.3075902 nll=-0.3088153 kl=0.001225173 consistency=0 lambda=0 beta=1 grad=268.6069 horizon=280 lifetime=[437,1635] skipped=False
2026-08-30 17:00:34,986 | INFO | step=9440/20000 loss=-1.209488 nll=-1.210221 kl=0.0007333159 consistency=0 lambda=0 beta=1 grad=132.1763 horizon=240 lifetime=[455,1015] skipped=False
2026-08-30 17:00:35,415 | INFO | step=9450/20000 loss=-0.6845849 nll=-0.6859304 kl=0.001345456 consistency=0 lambda=0 beta=1 grad=20.09116 horizon=180 lifetime=[729,1071] skipped=False
2026-08-30 17:00:35,824 | INFO | step=9460/20000 loss=-0.1283533 nll=-0.1293704 kl=0.001017064 consistency=0 lambda=0 beta=1 grad=332.0986 horizon=280 lifetime=[510,1049] skipped=False
2026-08-30 17:00:36,183 | INFO | step=9470/20000 loss=0.5396739 nll=0.5387573 kl=0.00091663 consistency=0 lambda=0 beta=1 grad=186.0603 horizon=160 lifetime=[508,1091] skipped=False
2026-08-30 17:00:36,555 | INFO | step=9480/20000 loss=-0.8059393 nll=-0.8079804 kl=0.002041161 consistency=0 lambda=0 beta=1 grad=33.50056 horizon=160 lifetime=[464,868] skipped=False
2026-08-30 17:00:36,940 | INFO | step=9490/20000 loss=-0.6773597 nll=-0.6779361 kl=0.0005763769 consistency=0 lambda=0 beta=1 grad=121.6078 horizon=280 lifetime=[464,1282] skipped=False
2026-08-30 17:00:37,608 | INFO | validation step=9500 rmse=141.0124 best=122.6368@4500 stale=10/10
2026-08-30 17:00:37,608 | INFO | step=9500/20000 loss=-0.293404 nll=-0.2949658 kl=0.001561761 consistency=0 lambda=0 beta=1 grad=235.1157 horizon=260 lifetime=[518,1705] skipped=False
2026-08-30 17:00:37,697 | INFO | early stopping at step=9500 best=122.6368@4500
2026-08-30 17:00:37,767 | INFO | completed run=/home/JunseoPark/바탕화면/battery_gru/outputs/horizon_lifetime_iv_anp_grid/suites/20260830_124935_068102/runs/horiginal_s52_lr5em05_f3/20260830_165413_165965_f3_life_iv_base_s52
