epoch,meta_loss,checkpoint_selection_meta_loss,checkpoint_selection_metric,mean_support_loss,gradient_norm,elapsed_seconds,outer_learning_rate,CALCE_CX2_16_support_loss,CALCE_CX2_16_query_loss,CALCE_CX2_33_support_loss,CALCE_CX2_33_query_loss,CALCE_CX2_34_support_loss,CALCE_CX2_34_query_loss,CALCE_CX2_35_support_loss,CALCE_CX2_35_query_loss,CALCE_CX2_36_support_loss,CALCE_CX2_36_query_loss
1,0.5974847674369812,0.5648315966129303,deterministic_post_update_meta_query_loss,0.9255849719047546,2.075854909592412,2.6039792271330953,0.001,0.8986124992370605,0.6808984279632568,0.9237954020500183,0.593017041683197,0.9210542440414429,0.5522704720497131,0.973557710647583,0.6354996562004089,0.9109048843383789,0.5257381200790405
2,0.5648977160453796,0.5336689829826355,deterministic_post_update_meta_query_loss,0.8858124017715454,2.029211379009104,5.482278433162719,0.001,0.8600080013275146,0.645682692527771,0.884773850440979,0.5605159997940063,0.8806636333465576,0.5208762288093567,0.9325948357582092,0.6019034385681152,0.8710218667984009,0.49551016092300415
3,0.5330822467803955,0.5029577672481537,deterministic_post_update_meta_query_loss,0.8464502692222595,1.9855643394970328,8.2927164810244,0.001,0.8223092555999756,0.6113406419754028,0.8459523916244507,0.5288583040237427,0.8425123691558838,0.4905778765678406,0.8913313150405884,0.5687171816825867,0.8301458358764648,0.46591734886169434
4,0.5017253160476685,0.4725762605667114,deterministic_post_update_meta_query_loss,0.8077774047851562,1.9447479531545306,11.117353673093021,0.001,0.782552182674408,0.5772522687911987,0.8068215847015381,0.49766501784324646,0.8033169507980347,0.4605505168437958,0.853183388710022,0.5364634990692139,0.793012797832489,0.43669503927230835
5,0.47065111994743347,0.4423761129379272,deterministic_post_update_meta_query_loss,0.7678722739219666,1.9057532097408234,14.023655651137233,0.001,0.7454046010971069,0.5436503291130066,0.7660773396492004,0.4666847586631775,0.7628215551376343,0.4308394491672516,0.8115864992141724,0.5043248534202576,0.7534712553024292,0.40775617957115173
6,0.4399319589138031,0.4121964693069458,deterministic_post_update_meta_query_loss,0.7292415499687195,1.8689328749273924,16.86366858612746,0.001,0.7060998678207397,0.5104187726974487,0.7285137176513672,0.4360327422618866,0.7261096239089966,0.40180665254592896,0.771557092666626,0.4723440408706665,0.7139273881912231,0.3790574371814728
7,0.40914803743362427,0.3818943738937378,deterministic_post_update_meta_query_loss,0.6909402012825012,1.8337568113838494,19.720913992030546,0.001,0.6684465408325195,0.4762330949306488,0.690253734588623,0.40571704506874084,0.6862503886222839,0.37221378087997437,0.7338114976882935,0.44035202264785767,0.6759388446807861,0.35122406482696533
8,0.3785260021686554,0.351348078250885,deterministic_post_update_meta_query_loss,0.6519883275032043,1.7982879307977413,22.672501739114523,0.001,0.6300770044326782,0.4432859718799591,0.6519551277160645,0.374819815158844,0.6471558809280396,0.34345462918281555,0.6921590566635132,0.40850287675857544,0.638594388961792,0.3225666880607605
9,0.3475287854671478,0.32046192288398745,deterministic_post_update_meta_query_loss,0.6096274852752686,1.761646555190405,25.51875847298652,0.001,0.5876977443695068,0.4092218577861786,0.6085038185119629,0.3440574109554291,0.6041666269302368,0.31390565633773804,0.6498010754585266,0.3759423494338989,0.5979682207107544,0.2945166528224945
10,0.31604239344596863,0.2891678363084793,deterministic_post_update_meta_query_loss,0.5690213441848755,1.723594147383546,28.366314741084352,0.001,0.5494361519813538,0.3739745616912842,0.5676605701446533,0.3130839765071869,0.5664656162261963,0.2842848300933838,0.6060734987258911,0.3430519700050354,0.5554706454277039,0.2658166289329529
11,0.2844381034374237,0.2574317276477814,deterministic_post_update_meta_query_loss,0.5263066291809082,1.6820057863261166,31.219760795123875,0.001,0.5057051181793213,0.3388373553752899,0.5246989130973816,0.2812301814556122,0.5215568542480469,0.2547190487384796,0.5635164380073547,0.3102119565010071,0.5160559415817261,0.23719197511672974
12,0.25257590413093567,0.22527062594890596,deterministic_post_update_meta_query_loss,0.48334890604019165,1.6356596646580779,34.17158411303535,0.001,0.464507520198822,0.3038145899772644,0.48379093408584595,0.24951088428497314,0.480002224445343,0.22472915053367615,0.5191869735717773,0.276665598154068,0.4692568778991699,0.20815925300121307
13,0.22048485279083252,0.1927729994058609,deterministic_post_update_meta_query_loss,0.4376424252986908,1.5820318843031078,37.0259565981105,0.001,0.4220964014530182,0.26769810914993286,0.43753576278686523,0.217668816447258,0.4339272379875183,0.19489671289920807,0.46839022636413574,0.24313263595104218,0.4262625575065613,0.1790279895067215
14,0.1880161464214325,0.16013195216655732,deterministic_post_update_meta_query_loss,0.39237460494041443,1.5184443489448254,39.9009383271914,0.001,0.3750936686992645,0.23082102835178375,0.39065122604370117,0.18509794771671295,0.3912782669067383,0.16488529741764069,0.42406749725341797,0.20862947404384613,0.38078224658966064,0.15064698457717896
15,0.15563644468784332,0.1277141347527504,deterministic_post_update_meta_query_loss,0.3449954688549042,1.4391361893837087,42.74857815913856,0.001,0.3315161168575287,0.19366423785686493,0.3441852033138275,0.15368105471134186,0.34091976284980774,0.13528254628181458,0.373704195022583,0.17433159053325653,0.3346521258354187,0.12122277170419693
16,0.12320192158222198,0.09618066549301148,deterministic_post_update_meta_query_loss,0.2968599200248718,1.3361095757964703,45.713130332995206,0.001,0.28387579321861267,0.15573430061340332,0.2939712405204773,0.12138109654188156,0.2923309803009033,0.10514187812805176,0.3249419033527374,0.13939128816127777,0.28917959332466125,0.09436101466417313
17,0.0924542024731636,0.06666723042726516,deterministic_post_update_meta_query_loss,0.2456948608160019,1.20535846122278,48.56817680411041,0.001,0.23352260887622833,0.11885061860084534,0.24687202274799347,0.0912037342786789,0.24168257415294647,0.07787658274173737,0.27018702030181885,0.10601507127285004,0.23621004819869995,0.0683249980211258
18,0.06375721096992493,0.04108204431831837,deterministic_post_update_meta_query_loss,0.195389986038208,1.0291428988816482,51.42078639403917,0.001,0.18620193004608154,0.0834125503897667,0.19460943341255188,0.06281084567308426,0.19266507029533386,0.052984707057476044,0.21432679891586304,0.07439284771680832,0.18914663791656494,0.04518510028719902
19,0.03910520300269127,0.022459360584616662,deterministic_post_update_meta_query_loss,0.14345242083072662,0.788747216107724,54.38068871712312,0.001,0.13458684086799622,0.052023351192474365,0.14139845967292786,0.038355130702257156,0.13960504531860352,0.0319225899875164,0.16094641387462616,0.04676196724176407,0.14072532951831818,0.02646295540034771
20,0.021176530048251152,0.015088826790452004,deterministic_post_update_meta_query_loss,0.09509479254484177,0.45543003198396353,57.23595305415802,0.001,0.0835971087217331,0.02563413791358471,0.09793958067893982,0.02103264443576336,0.09436916559934616,0.018481438979506493,0.1094127744436264,0.025494514033198357,0.09015531837940216,0.015239907428622246
21,0.013987580314278603,0.022814047522842884,deterministic_post_update_meta_query_loss,0.052697595208883286,0.013632894982208247,60.094327656086534,0.001,0.046983376145362854,0.009316948242485523,0.05136018618941307,0.014025635085999966,0.0512365847826004,0.016367115080356598,0.06297468394041061,0.014460449106991291,0.05093314126133919,0.015767749398946762
22,0.021130118519067764,0.041856662929058076,deterministic_post_update_meta_query_loss,0.02235392853617668,0.5428489869240659,62.95981236314401,0.001,0.01841948926448822,0.006582234986126423,0.023916227743029594,0.021739546209573746,0.022330734878778458,0.028788460418581963,0.027758091688156128,0.017983660101890564,0.01934509351849556,0.0305566918104887
23,0.0383448600769043,0.05753770284354687,deterministic_post_update_meta_query_loss,0.007966502569615841,1.0609111904998048,65.91262619406916,0.001,0.006946311332285404,0.015880275517702103,0.008608471602201462,0.03930099308490753,0.007507424335926771,0.04929622635245323,0.009909801185131073,0.032409269362688065,0.006860501132905483,0.05483753979206085
24,0.052643071860075,0.060523875430226325,deterministic_post_update_meta_query_loss,0.0039139422588050365,1.3587241096539138,68.76834648801014,0.001,0.004245971795171499,0.02539234794676304,0.003021886106580496,0.053606804460287094,0.0041834451258182526,0.06665144115686417,0.004086097702383995,0.044634681195020676,0.004032309167087078,0.07293009757995605
25,0.0557982437312603,0.052654122561216356,deterministic_post_update_meta_query_loss,0.0032975696958601475,1.4059025005093413,71.63604142097756,0.001,0.00388230849057436,0.028011474758386612,0.0032845104578882456,0.057709481567144394,0.003174941521137953,0.06976110488176346,0.0023235611151903868,0.047687873244285583,0.003822527127340436,0.07582129538059235
26,0.048477496951818466,0.04020497426390648,deterministic_post_update_meta_query_loss,0.003388570388779044,1.2440882499898567,74.60437240009196,0.001,0.0043838853016495705,0.022581370547413826,0.0031281730625778437,0.04992104321718216,0.003583441022783518,0.061564695090055466,0.0021267097909003496,0.04110228642821312,0.003720642067492008,0.06721808016300201
27,0.03722510486841202,0.028499463573098183,deterministic_post_update_meta_query_loss,0.006821659859269857,0.9879039718069175,77.46568110911176,0.001,0.007418288849294186,0.015094938687980175,0.005827802233397961,0.037818778306245804,0.007355890236794949,0.048737287521362305,0.006293111946433783,0.031132129952311516,0.007213208358734846,0.05334237590432167
28,0.02664751373231411,0.020316954236477613,deterministic_post_update_meta_query_loss,0.014815849252045155,0.697325663658764,80.31698505813256,0.001,0.015557507984340191,0.008937200531363487,0.012443093582987785,0.028034118935465813,0.01597115397453308,0.03556470200419426,0.016287414357066154,0.022057559341192245,0.01382008008658886,0.038643985986709595
29,0.019191483035683632,0.016151921823620796,deterministic_post_update_meta_query_loss,0.02746638096868992,0.42532860902429137,83.28762628813274,0.001,0.026337770745158195,0.0062427157536149025,0.025523511692881584,0.019661780446767807,0.02789054624736309,0.025877848267555237,0.029041066765785217,0.01662369631230831,0.028539009392261505,0.027551379054784775
30,0.015290841460227966,0.015203968808054923,deterministic_post_update_meta_query_loss,0.043886493891477585,0.18698474102714127,86.14615759602748,0.001,0.04198271036148071,0.006879193242639303,0.039789266884326935,0.015729835256934166,0.047099582850933075,0.01970488950610161,0.04580477625131607,0.01431142445653677,0.04475613310933113,0.019828863441944122
31,0.01454430352896452,0.016269858181476592,deterministic_post_update_meta_query_loss,0.05852134898304939,0.009335571274664433,89.00169182708487,0.001,0.05193822458386421,0.009783782996237278,0.06296999752521515,0.014660490676760674,0.05542604625225067,0.017036454752087593,0.06436701118946075,0.01509026624262333,0.05790545791387558,0.016150521114468575
32,0.0156048983335495,0.018271966278553008,deterministic_post_update_meta_query_loss,0.07707586884498596,0.15251006397533287,91.95342822908424,0.001,0.07783031463623047,0.014539969153702259,0.07899050414562225,0.01564379595220089,0.07479899376630783,0.016048019751906395,0.0797216147184372,0.017368854954838753,0.07403790950775146,0.014423848129808903
33,0.01743956282734871,0.020443201065063477,deterministic_post_update_meta_query_loss,0.0846869945526123,0.2595951541519796,94.81710629817098,0.001,0.08361677080392838,0.01875540427863598,0.08101918548345566,0.017114659771323204,0.08458294719457626,0.016674956306815147,0.08407925814390182,0.020227333530783653,0.0901368111371994,0.014425463043153286
34,0.019556764513254166,0.022299569845199586,deterministic_post_update_meta_query_loss,0.08944071829319,0.33692888639654756,97.68397781997919,0.001,0.08531089127063751,0.022653548046946526,0.08378633111715317,0.019303634762763977,0.09371139109134674,0.017720874398946762,0.09433278441429138,0.023143304511904716,0.09006214886903763,0.014962457120418549
35,0.021296892315149307,0.023581061884760855,deterministic_post_update_meta_query_loss,0.08882716298103333,0.38600628275742743,100.54312609415501,0.001,0.09101347625255585,0.02615324780344963,0.08975167572498322,0.02077881619334221,0.08885236084461212,0.018727058544754982,0.09060520678758621,0.025301814079284668,0.08391309529542923,0.015523520298302174
36,0.022710682824254036,0.02417032830417156,deterministic_post_update_meta_query_loss,0.09221785515546799,0.42154421786584784,103.49776121112518,0.001,0.08942458778619766,0.028331225737929344,0.0928523987531662,0.022084549069404602,0.08617889136075974,0.01943308673799038,0.10202910006046295,0.027572454884648323,0.0906042754650116,0.016132095828652382
37,0.02326284535229206,0.024073853343725204,deterministic_post_update_meta_query_loss,0.08840381354093552,0.43455190348482065,106.35194375202991,0.001,0.0845588743686676,0.029203960672020912,0.08985944092273712,0.022877348586916924,0.08425162732601166,0.019685937091708183,0.09342239797115326,0.028047814965248108,0.08992668986320496,0.01649916172027588
38,0.02311951480805874,0.02336934357881546,deterministic_post_update_meta_query_loss,0.08574029058218002,0.43523082479597147,109.20192045299336,0.001,0.08179561793804169,0.028941059485077858,0.08344992995262146,0.022453302517533302,0.08739730715751648,0.01986389048397541,0.09341719001531601,0.02803483046591282,0.08264137804508209,0.016304487362504005
39,0.02225940115749836,0.022195108607411383,deterministic_post_update_meta_query_loss,0.07914711534976959,0.41815686942609864,112.14618752920069,0.001,0.07346022129058838,0.027451487258076668,0.08036325126886368,0.021999021992087364,0.075576052069664,0.019215388223528862,0.086416095495224,0.02672576531767845,0.0799199640750885,0.015905339270830154
40,0.021334270015358925,0.020712159760296344,deterministic_post_update_meta_query_loss,0.07277726382017136,0.39468034640709315,114.98313364805654,0.001,0.07031095772981644,0.026389071717858315,0.07129744440317154,0.020930442959070206,0.07104355841875076,0.01851821318268776,0.07969853281974792,0.02543003112077713,0.07153584063053131,0.015403586439788342
41,0.019839545711874962,0.01910554990172386,deterministic_post_update_meta_query_loss,0.06612368673086166,0.3566376144861593,117.83061454817653,0.001,0.06118331104516983,0.023542525246739388,0.06527456641197205,0.019357504323124886,0.06653730571269989,0.017722800374031067,0.0741124078631401,0.023783015087246895,0.06351085007190704,0.014791887253522873
42,0.018331406638026237,0.017559264972805976,deterministic_post_update_meta_query_loss,0.058305270969867706,0.3088183442382931,120.78349755401723,0.001,0.05518559738993645,0.020767761394381523,0.0579981729388237,0.018081801012158394,0.0586295947432518,0.016801821067929268,0.06450694799423218,0.021817777305841446,0.055206023156642914,0.01418786495923996
43,0.01683053933084011,0.016238122805953027,deterministic_post_update_meta_query_loss,0.051991041749715805,0.2538939460661714,123.6392700241413,0.001,0.04935399442911148,0.01798391528427601,0.051664143800735474,0.016658199951052666,0.05092006176710129,0.016072042286396027,0.05881492793560028,0.019630135968327522,0.04920206964015961,0.013808395713567734
44,0.015493837185204029,0.015273255296051502,deterministic_post_update_meta_query_loss,0.044344205409288406,0.1875714748311608,126.49523795908317,0.001,0.041172049939632416,0.0149689931422472,0.044001683592796326,0.01532876305282116,0.04380390793085098,0.01562529057264328,0.05079425871372223,0.01764192059636116,0.04194911569356918,0.013904220424592495
45,0.014471313916146755,0.014736185781657696,deterministic_post_update_meta_query_loss,0.03769321367144585,0.12128743163718539,129.44985597510822,0.001,0.03411742299795151,0.012391487136483192,0.03787781670689583,0.01451998669654131,0.03663114458322525,0.015317700803279877,0.043293923139572144,0.016010209918022156,0.0365457721054554,0.014117182232439518
46,0.014050657860934734,0.014630667865276337,deterministic_post_update_meta_query_loss,0.03172438219189644,0.049495373099434636,132.31334452610463,0.001,0.028402647003531456,0.010214227251708508,0.032000575214624405,0.014201287180185318,0.030399329960346222,0.015858853235840797,0.03782564401626587,0.015003984794020653,0.02999371849000454,0.014974936842918396
47,0.013898407109081745,0.01488642543554306,deterministic_post_update_meta_query_loss,0.026724373921751976,0.021840993146781392,135.16926792101003,0.001,0.023842882364988327,0.008599602617323399,0.02748672291636467,0.014146308414638042,0.025349460542201996,0.01640663668513298,0.03206120431423187,0.014195617288351059,0.024881605058908463,0.01614386960864067
48,0.01421294640749693,0.015371304750442506,deterministic_post_update_meta_query_loss,0.022219540551304817,0.08792968571896409,138.12910012109205,0.001,0.019877078011631966,0.007450942415744066,0.02181468904018402,0.014397136867046356,0.02144656889140606,0.01772748865187168,0.02751934714615345,0.013927196152508259,0.02044001594185829,0.01756197027862072
49,0.01453061867505312,0.01592224407941103,deterministic_post_update_meta_query_loss,0.019168762490153313,0.14266744246987523,140.9854061701335,0.001,0.016744563356041908,0.006652087438851595,0.0187362153083086,0.014784380793571472,0.018000593408942223,0.01850924640893936,0.024395303800702095,0.01364062074571848,0.01796712912619114,0.019066758453845978
50,0.015104119665920734,0.016380712483078243,deterministic_post_update_meta_query_loss,0.01647798717021942,0.18817261706610997,143.848334194161,0.001,0.013708689250051975,0.006188561674207449,0.015924697741866112,0.015400157310068607,0.015609944239258766,0.019492333754897118,0.021636851131916046,0.014092476107180119,0.01550974790006876,0.020347069948911667
51,0.01558529119938612,0.01662882771342993,deterministic_post_update_meta_query_loss,0.01528234500437975,0.22202199549706253,146.6945211791899,0.001,0.013030298985540867,0.005935261957347393,0.014611355029046535,0.015976419672369957,0.014592291787266731,0.02038906142115593,0.01956489309668541,0.014193183742463589,0.01461288332939148,0.021432526409626007
52,0.015779798850417137,0.016619736235588788,deterministic_post_update_meta_query_loss,0.014365133829414845,0.23650157020333018,149.63567617116496,0.001,0.012301076203584671,0.005832385271787643,0.013783854432404041,0.016273442655801773,0.01312605943530798,0.02088210918009281,0.019670519977808,0.01423011813312769,0.012944153510034084,0.021680939942598343
53,0.015776334330439568,0.016375674214214087,deterministic_post_update_meta_query_loss,0.014796341769397259,0.23809973033196127,152.4784155220259,0.001,0.01237637922167778,0.005831612274050713,0.014334015548229218,0.01617257110774517,0.013396643102169037,0.020801052451133728,0.02055666223168373,0.014352339319884777,0.013318009674549103,0.021724101155996323
54,0.015473568812012672,0.01597799463197589,deterministic_post_update_meta_query_loss,0.014592408202588558,0.218685562444335,155.32548156613484,0.001,0.011876732110977173,0.005827997345477343,0.014154051430523396,0.015744870528578758,0.013601895421743393,0.020459728315472603,0.02034330740571022,0.014248328283429146,0.01298605091869831,0.02108691819012165
55,0.015081330202519894,0.01552486838772893,deterministic_post_update_meta_query_loss,0.01615852117538452,0.19345659855188224,158.2871408769861,0.001,0.01344073936343193,0.006047084461897612,0.015201509930193424,0.015466133132576942,0.016054358333349228,0.01966576650738716,0.022588036954402924,0.014034208841621876,0.01350796315819025,0.020193452015519142
56,0.014737635850906372,0.015110098198056221,deterministic_post_update_meta_query_loss,0.01753629930317402,0.1570587498281208,161.1370284219738,0.001,0.013856638222932816,0.00644707353785634,0.018099404871463776,0.01499313022941351,0.01692781411111355,0.01882815547287464,0.022433027625083923,0.013892476446926594,0.01636461168527603,0.01952734775841236
57,0.014357462525367737,0.014799012802541256,deterministic_post_update_meta_query_loss,0.019327446818351746,0.11628017303460529,163.99322331417352,0.001,0.015211138874292374,0.0068962108343839645,0.019216489046812057,0.01436695922166109,0.019350916147232056,0.01808103732764721,0.025767924264073372,0.014123513363301754,0.01709076017141342,0.018319591879844666
58,0.014024634845554829,0.01462056916207075,deterministic_post_update_meta_query_loss,0.021779946982860565,0.07595694262054274,166.85400068806484,0.001,0.0182186309248209,0.0073707071132957935,0.022892672568559647,0.014376221224665642,0.020877234637737274,0.017245085909962654,0.028390420600771904,0.013862134888768196,0.0185207799077034,0.01726902462542057
59,0.01393602229654789,0.014571559987962246,deterministic_post_update_meta_query_loss,0.023844068869948387,0.03416621860311642,169.81572583015077,0.001,0.020639974623918533,0.008204733021557331,0.023467788472771645,0.014116373844444752,0.02272360771894455,0.0166954156011343,0.02975439839065075,0.014198875054717064,0.02263457514345646,0.01646471582353115
60,0.013830739073455334,0.01462408285588026,deterministic_post_update_meta_query_loss,0.02618963085114956,0.00721328943190716,172.6651820722036,0.001,0.023195508867502213,0.008944286964833736,0.027488533407449722,0.014032546430826187,0.02475399151444435,0.016160545870661736,0.03238362446427345,0.014299674890935421,0.023126499727368355,0.015716638416051865
61,0.01391685288399458,0.014737576432526111,deterministic_post_update_meta_query_loss,0.027800390496850014,0.03795427723496674,175.51759280613624,0.001,0.025642365217208862,0.009658637456595898,0.0265030674636364,0.014039711095392704,0.02601192332804203,0.01597759872674942,0.035534635186195374,0.014814618974924088,0.025309953838586807,0.015093701891601086
62,0.014039427042007446,0.014868536964058876,deterministic_post_update_meta_query_loss,0.029652973636984825,0.06802355598477056,178.38478866103105,0.001,0.025219295173883438,0.010572506114840508,0.029022064059972763,0.0138935511931777,0.028285089880228043,0.015605476684868336,0.0372706800699234,0.01529051922261715,0.028467731550335884,0.014835083857178688
63,0.014143374748528004,0.014981571398675442,deterministic_post_update_meta_query_loss,0.03117368184030056,0.08627810357965245,181.3398984731175,0.001,0.02789287641644478,0.011037444695830345,0.03022735007107258,0.014145897701382637,0.031904518604278564,0.015589263290166855,0.03721967712044716,0.015441910363733768,0.028623979538679123,0.014502360485494137
64,0.014276309870183468,0.015051099844276905,deterministic_post_update_meta_query_loss,0.032250817865133286,0.1030622239672784,184.1884875711985,0.001,0.026956232264637947,0.011660768650472164,0.03248068317770958,0.01426774449646473,0.03190835565328598,0.015389516949653625,0.04040052369236946,0.015682950615882874,0.02950829640030861,0.014380569569766521
65,0.014364016242325306,0.01506626456975937,deterministic_post_update_meta_query_loss,0.03333786502480507,0.11003628659545131,187.03186795813963,0.001,0.02981402352452278,0.011877189390361309,0.031969115138053894,0.014459038153290749,0.031839512288570404,0.015540000051259995,0.0413651317358017,0.015761496499180794,0.03170153871178627,0.014182357117533684
66,0.014317050576210022,0.015028329938650132,deterministic_post_update_meta_query_loss,0.032717783004045486,0.11234695706608373,190.00585335004143,0.001,0.02906692400574684,0.01180010475218296,0.032577477395534515,0.014202580787241459,0.032254643738269806,0.01542096957564354,0.04071516543626785,0.015889553353190422,0.02897469699382782,0.014272045344114304
67,0.014339928515255451,0.01495018433779478,deterministic_post_update_meta_query_loss,0.03289313614368439,0.10578372133732465,192.87834542803466,0.001,0.028525136411190033,0.011848985217511654,0.03280562907457352,0.014374046586453915,0.032579924911260605,0.015469214878976345,0.04038367420434952,0.015702787786722183,0.030171314254403114,0.01430460438132286
68,0.01425220351666212,0.014849290810525417,deterministic_post_update_meta_query_loss,0.03220275044441223,0.09755602147580031,195.7508430890739,0.001,0.027097510173916817,0.011510216630995274,0.03190864250063896,0.014115221798419952,0.03160934895277023,0.015531274490058422,0.040564827620983124,0.015737581998109818,0.029833436012268066,0.014366722665727139
69,0.014112928882241249,0.014745010063052177,deterministic_post_update_meta_query_loss,0.03091399185359478,0.08641454809893712,198.71977551397868,0.001,0.025742128491401672,0.01114158146083355,0.030403712764382362,0.014199919067323208,0.03082263469696045,0.015424167737364769,0.03992348909378052,0.015354297123849392,0.0276779942214489,0.014444677159190178
70,0.014005335979163647,0.014656609669327737,deterministic_post_update_meta_query_loss,0.030424928292632103,0.06686427126650363,201.5876256499905,0.001,0.02675287239253521,0.010560894384980202,0.028383661061525345,0.014055164530873299,0.030608348548412323,0.015724750235676765,0.03787298500537872,0.015166089870035648,0.028506770730018616,0.014519783668220043
71,0.013957078568637371,0.014596740901470184,deterministic_post_update_meta_query_loss,0.028991257771849632,0.0473741864600022,204.43647523317486,0.001,0.023645877838134766,0.010113522410392761,0.02951621077954769,0.013953357934951782,0.02838965132832527,0.015766356140375137,0.037125296890735626,0.01493275910615921,0.026279257610440254,0.015019398182630539
72,0.013846217654645443,0.014570459350943565,deterministic_post_update_meta_query_loss,0.027690201997756958,0.02878336733065651,207.39625690318644,0.001,0.023612607270479202,0.009497412480413914,0.02808821201324463,0.013784647919237614,0.025450222194194794,0.015914635732769966,0.03626331686973572,0.014801780693233013,0.02503664419054985,0.015232608653604984
73,0.01383269764482975,0.014575646631419659,deterministic_post_update_meta_query_loss,0.026146208867430687,0.00939846296432994,210.2530447160825,0.001,0.02225595712661743,0.009057840332388878,0.026524163782596588,0.013927007094025612,0.023897746577858925,0.016102951020002365,0.033850327134132385,0.01442798227071762,0.024202853441238403,0.015647709369659424
74,0.013853147625923157,0.014603429101407528,deterministic_post_update_meta_query_loss,0.025485891848802567,0.01439201313547648,213.10629541613162,0.001,0.022083692252635956,0.008622618392109871,0.024617057293653488,0.01404436957091093,0.02425241470336914,0.016284607350826263,0.03342634439468384,0.014203552156686783,0.02304995059967041,0.01611059159040451
75,0.013913221657276154,0.014641476795077324,deterministic_post_update_meta_query_loss,0.024380967020988464,0.029563749227266876,215.9643377030734,0.001,0.020458795130252838,0.008246603421866894,0.023928280919790268,0.014059373177587986,0.02435164898633957,0.01671534776687622,0.03103523515164852,0.014181730337440968,0.022130876779556274,0.016363056376576424
76,0.013904069550335407,0.014677368476986885,deterministic_post_update_meta_query_loss,0.02316209115087986,0.04183467852810013,218.9171674870886,0.001,0.0197383314371109,0.008030230179429054,0.021804053336381912,0.014007040299475193,0.02248598448932171,0.016804393380880356,0.030070267617702484,0.014070144854485989,0.021711811423301697,0.01660853624343872
77,0.013911713846027851,0.01470032799988985,deterministic_post_update_meta_query_loss,0.023408953100442886,0.053860815954840144,221.77348746801727,0.001,0.020726704970002174,0.007757560815662146,0.021624866873025894,0.014015373773872852,0.021661411970853806,0.01703152060508728,0.03209494799375534,0.013929877430200577,0.020936831831932068,0.016824234277009964
78,0.013983547687530518,0.014705677516758442,deterministic_post_update_meta_query_loss,0.02222066931426525,0.05724680277629392,224.63350548711605,0.001,0.018755238503217697,0.007757212966680527,0.022171922028064728,0.01395533699542284,0.022400563582777977,0.01710735633969307,0.026210786774754524,0.014057239517569542,0.021564841270446777,0.017040589824318886
79,0.014011019840836525,0.014693215675652026,deterministic_post_update_meta_query_loss,0.02184196747839451,0.05835545795596862,227.58104701316915,0.001,0.018008684739470482,0.0077916947193443775,0.02194669470191002,0.01415632851421833,0.020907588303089142,0.017033537849783897,0.028042515739798546,0.014184036292135715,0.020304352045059204,0.016889501363039017
80,0.01394518930464983,0.014666595123708248,deterministic_post_update_meta_query_loss,0.022019777446985245,0.057596843573679266,230.43499509710819,0.001,0.018834317103028297,0.007754876744002104,0.021845269948244095,0.014143744483590126,0.021237552165985107,0.017006518319249153,0.02859887108206749,0.01401919312775135,0.019582873210310936,0.016801618039608
81,0.013893768191337585,0.014633135125041007,deterministic_post_update_meta_query_loss,0.02139274589717388,0.0501114018906258,233.28732825210318,0.001,0.01848193071782589,0.007799349259585142,0.021279560402035713,0.014077384024858475,0.02060583233833313,0.016845999285578728,0.027977649122476578,0.014000782743096352,0.01861874759197235,0.016745323315262794
82,0.013841074891388416,0.014599899016320705,deterministic_post_update_meta_query_loss,0.0225947517901659,0.04253769707907345,236.24559110216796,0.001,0.018758323043584824,0.007999803870916367,0.022144915536046028,0.014035082422196865,0.02123214490711689,0.016674699261784554,0.030789902433753014,0.013913068920373917,0.020048469305038452,0.016582712531089783
83,0.01375330425798893,0.014572727866470814,deterministic_post_update_meta_query_loss,0.023402510210871696,0.032644992197538046,239.11814942210913,0.001,0.020593326538801193,0.008085068315267563,0.022020118311047554,0.013881266117095947,0.02214837074279785,0.01662714034318924,0.030918745324015617,0.013864352367818356,0.02133198268711567,0.01630869135260582
84,0.013804539106786251,0.014555123075842858,deterministic_post_update_meta_query_loss,0.023585811257362366,0.020874221985661703,241.98974451515824,0.001,0.019999442622065544,0.008398622274398804,0.023705413565039635,0.014108672738075256,0.021612364798784256,0.016420455649495125,0.030666423961520195,0.014039652422070503,0.021945413202047348,0.016055289655923843
85,0.013745336793363094,0.01454757247120142,deterministic_post_update_meta_query_loss,0.02434818260371685,0.010899587618467838,244.94212924619205,0.001,0.02125868760049343,0.008622467517852783,0.024235446006059647,0.013930565677583218,0.023482555523514748,0.016227582469582558,0.030389031395316124,0.01411410141736269,0.0223751999437809,0.0158319640904665
86,0.01384067814797163,0.01454821266233921,deterministic_post_update_meta_query_loss,0.02432091534137726,0.005906043426084974,247.80169985513203,0.001,0.02067294903099537,0.008935096673667431,0.023530539125204086,0.014011832885444164,0.024121448397636414,0.016217900440096855,0.031092552468180656,0.014253450557589531,0.022187091410160065,0.015785112977027893
87,0.013812732882797718,0.014553870260715484,deterministic_post_update_meta_query_loss,0.025431131944060326,0.011484131536047002,250.65595885715447,0.001,0.021165452897548676,0.009068245068192482,0.02413705363869667,0.013939347118139267,0.0246706772595644,0.016117608174681664,0.031943365931510925,0.014278304763138294,0.025239109992980957,0.015660159289836884
88,0.013847365975379944,0.014561135321855545,deterministic_post_update_meta_query_loss,0.026060862466692924,0.01747399374923484,253.62760601309128,0.001,0.021848898380994797,0.009247773326933384,0.02482536807656288,0.014115147292613983,0.02649173140525818,0.016032803803682327,0.03330225497484207,0.014313989318907261,0.023836059495806694,0.015527117066085339
89,0.013772211968898773,0.01456637643277645,deterministic_post_update_meta_query_loss,0.025293797254562378,0.027721160722023953,256.4893467661459,0.001,0.021647557616233826,0.009457765147089958,0.026051180437207222,0.013699437491595745,0.02489609457552433,0.01594381593167782,0.031550150364637375,0.014549056999385357,0.02232399955391884,0.015210980549454689
90,0.013811573386192322,0.014568152278661728,deterministic_post_update_meta_query_loss,0.026283634826540947,0.02648904799232502,259.3491897811182,0.001,0.022711046040058136,0.009458160027861595,0.027410421520471573,0.013915670104324818,0.02356899529695511,0.015877043828368187,0.033687010407447815,0.014445571228861809,0.024040689691901207,0.015361426398158073
91,0.013830832205712795,0.014565892890095711,deterministic_post_update_meta_query_loss,0.025877201929688454,0.02821884930366253,262.19682689919136,0.001,0.02280675247311592,0.00939822755753994,0.025666173547506332,0.013898014090955257,0.025122834369540215,0.016004566103219986,0.032868050038814545,0.01469337847083807,0.02292219176888466,0.015159971080720425
92,0.013842075131833553,0.014560320228338242,deterministic_post_update_meta_query_loss,0.026513054966926575,0.02632393106320764,265.1619822990615,0.001,0.02151445671916008,0.00955985113978386,0.02754860371351242,0.01396076288074255,0.025473151355981827,0.015916908159852028,0.032921161502599716,0.014534540474414825,0.025107907131314278,0.015238311141729355
93,0.013798399828374386,0.01455259844660759,deterministic_post_update_meta_query_loss,0.025560302659869194,0.02580758019250764,268.0203845540527,0.001,0.02104938216507435,0.009447149001061916,0.024950150400400162,0.013885924592614174,0.02546525001525879,0.01594877801835537,0.03325285390019417,0.014478612691164017,0.023083873093128204,0.015231531113386154
94,0.013781874440610409,0.014544242061674595,deterministic_post_update_meta_query_loss,0.02582911029458046,0.024840170282101667,270.8397830959875,0.001,0.022164657711982727,0.009425113908946514,0.025566987693309784,0.01380252931267023,0.024938713759183884,0.015917716547846794,0.03358841687440872,0.014547334052622318,0.02288677729666233,0.015216673724353313
95,0.013803365640342236,0.014537299610674381,deterministic_post_update_meta_query_loss,0.02546057477593422,0.01640358590675755,273.7697758390568,0.001,0.02224213257431984,0.00917121022939682,0.025922510772943497,0.01402258314192295,0.02448480948805809,0.01600826345384121,0.031466759741306305,0.014446357265114784,0.023186659440398216,0.015368415042757988
96,0.01379811018705368,0.014532707259058952,deterministic_post_update_meta_query_loss,0.025408564135432243,0.01175233085996467,276.599432279123,0.001,0.02117175981402397,0.009061918593943119,0.02441231533885002,0.013846461661159992,0.025142617523670197,0.016364987939596176,0.032157912850379944,0.01428685151040554,0.024158213287591934,0.015430329367518425
97,0.013796329498291016,0.01453073751181364,deterministic_post_update_meta_query_loss,0.024022534489631653,0.00787260274281202,279.42341204104014,0.001,0.021100442856550217,0.008996075950562954,0.023858023807406425,0.013991853222250938,0.02288684993982315,0.01600264012813568,0.029974879696965218,0.01439376175403595,0.022292476147413254,0.015597312711179256
98,0.013645659200847149,0.014531130716204644,deterministic_post_update_meta_query_loss,0.024210060015320778,0.006871497688676588,282.2493008340243,0.001,0.020300909876823425,0.008839016780257225,0.022708874195814133,0.013695976696908474,0.023940280079841614,0.01601066254079342,0.03152845799922943,0.014188582077622414,0.02257177233695984,0.015494060702621937
99,0.013811111450195312,0.014533056691288949,deterministic_post_update_meta_query_loss,0.023511262610554695,0.007026101703791486,285.16778776515275,0.001,0.020204629749059677,0.008817571215331554,0.023476973176002502,0.014022811315953732,0.022943567484617233,0.016149010509252548,0.02992020547389984,0.014343099668622017,0.021010935306549072,0.01572306640446186
100,0.013782520778477192,0.01453537903726101,deterministic_post_update_meta_query_loss,0.02338356338441372,0.010734713530705065,288.0064058890566,0.001,0.02047816477715969,0.008620547130703926,0.02439986541867256,0.01400478184223175,0.023088259622454643,0.016220351681113243,0.02911388874053955,0.01421275082975626,0.0198376402258873,0.01585417240858078
101,0.013784338720142841,0.014536678045988082,deterministic_post_update_meta_query_loss,0.023449938744306564,0.0172976190282989,290.8681973761413,0.001,0.020954430103302002,0.008483539335429668,0.022765666246414185,0.013923879712820053,0.022450292482972145,0.016266675665974617,0.030667295679450035,0.014301379211246967,0.020412003621459007,0.015946216881275177
102,0.013699582777917385,0.014536818116903305,deterministic_post_update_meta_query_loss,0.022385314106941223,0.014079319301251721,293.7338459440507,0.001,0.018107198178768158,0.008585643954575062,0.021795038133859634,0.013710531406104565,0.022581692785024643,0.016387484967708588,0.028965754434466362,0.01397622562944889,0.02047688513994217,0.015838023275136948
103,0.013788732700049877,0.014535225927829742,deterministic_post_update_meta_query_loss,0.023116160184144974,0.01722622634109248,296.6869357400574,0.001,0.019772451370954514,0.008441288024187088,0.022534821182489395,0.013921364210546017,0.021565349772572517,0.016533946618437767,0.0313369445502758,0.014161912724375725,0.02037123218178749,0.01588515378534794
104,0.013759261928498745,0.014531927555799485,deterministic_post_update_meta_query_loss,0.023817339912056923,0.01854738329814549,299.5390072870068,0.001,0.020832868292927742,0.008415838703513145,0.023783233016729355,0.013836896046996117,0.021896297112107277,0.016421353444457054,0.0299374982714653,0.014153541065752506,0.02263680100440979,0.015968676656484604
105,0.013823804445564747,0.01452755555510521,deterministic_post_update_meta_query_loss,0.02246806025505066,0.016554516657303144,302.401932988083,0.001,0.01841164380311966,0.008602477610111237,0.021834366023540497,0.013905001804232597,0.021813834086060524,0.016419967636466026,0.029641468077898026,0.014217996969819069,0.020638983696699142,0.015973573550581932
106,0.013825612142682076,0.014522602409124374,deterministic_post_update_meta_query_loss,0.023357713595032692,0.017043942729780315,305.3640588221606,0.001,0.02030763030052185,0.008563975803554058,0.02258067950606346,0.013948631472885609,0.023249171674251556,0.016478870064020157,0.02937201038002968,0.014133521355688572,0.021279072389006615,0.01600305736064911
107,0.013801611959934235,0.01451802123337984,deterministic_post_update_meta_query_loss,0.02315826527774334,0.012314665799852336,308.2198504691478,0.001,0.019644852727651596,0.00867251306772232,0.022289680317044258,0.013851848430931568,0.022802235558629036,0.01631573587656021,0.029649605974555016,0.014353537932038307,0.02140495739877224,0.015814421698451042
108,0.0136716952547431,0.014514286071062088,deterministic_post_update_meta_query_loss,0.023169197142124176,0.00852119909687918,311.08218885818496,0.001,0.01918828673660755,0.008732503280043602,0.02249780297279358,0.013569043017923832,0.023066166788339615,0.016179870814085007,0.029209457337856293,0.014185619540512562,0.02188427373766899,0.01569143496453762
109,0.013769678771495819,0.014511464349925517,deterministic_post_update_meta_query_loss,0.023547323420643806,0.007286774950908499,314.0419589141384,0.001,0.019835028797388077,0.008698508143424988,0.02300286293029785,0.013829606585204601,0.023496292531490326,0.016341740265488625,0.029911868274211884,0.014295835979282856,0.021490562707185745,0.015682701021432877
110,0.013817602768540382,0.01450943760573864,deterministic_post_update_meta_query_loss,0.023149529471993446,0.005581533880844297,316.90042249811813,0.001,0.01978285424411297,0.008869805373251438,0.022782357409596443,0.013989225029945374,0.02245860919356346,0.016098255291581154,0.029143720865249634,0.014344985596835613,0.021580111235380173,0.015785735100507736
111,0.013753590174019337,0.014507981576025486,deterministic_post_update_meta_query_loss,0.023952988907694817,0.005894181763750706,319.768319725059,0.001,0.019285669550299644,0.008896815590560436,0.024166394025087357,0.013847257010638714,0.023687288165092468,0.016062362119555473,0.03151573985815048,0.014376799575984478,0.021109849214553833,0.015584711916744709
112,0.013723867014050484,0.014506686851382256,deterministic_post_update_meta_query_loss,0.024064019322395325,0.007406478919076539,322.739678444108,0.001,0.019160594791173935,0.009080234915018082,0.023787103593349457,0.013756190426647663,0.022829361259937286,0.01613723300397396,0.032908372581005096,0.014210378751158714,0.021634668111801147,0.015435295179486275
113,0.013707855716347694,0.014505140669643878,deterministic_post_update_meta_query_loss,0.023013873025774956,0.010414687325185721,325.61066822404973,0.001,0.02033633179962635,0.00899183377623558,0.022416476160287857,0.013770487159490585,0.021488811820745468,0.015923775732517242,0.02937914989888668,0.014279738999903202,0.021448595449328423,0.015573439188301563
114,0.013763383030891418,0.014503240957856179,deterministic_post_update_meta_query_loss,0.02357502654194832,0.008903848826257735,328.48374301497824,0.001,0.0195633415132761,0.009052732959389687,0.02442362904548645,0.013800752349197865,0.023018911480903625,0.01596284843981266,0.02810182422399521,0.014511322602629662,0.02276742085814476,0.01548925880342722
115,0.013708198443055153,0.014500861056149006,deterministic_post_update_meta_query_loss,0.0236781258136034,0.010872117831509648,331.35422324901447,0.001,0.02037343569099903,0.009077630005776882,0.023242829367518425,0.013861143961548805,0.02321508713066578,0.015849323943257332,0.030360765755176544,0.014297454617917538,0.021198511123657227,0.015455439686775208
116,0.013753044418990612,0.014498189650475979,deterministic_post_update_meta_query_loss,0.02377641759812832,0.009176914036115844,334.2980322330259,0.001,0.01926480233669281,0.009109308011829853,0.022463586181402206,0.013921511359512806,0.02292327582836151,0.0159815214574337,0.031897105276584625,0.014130382798612118,0.02233332023024559,0.015622497536242008
117,0.01369708962738514,0.014495333656668663,deterministic_post_update_meta_query_loss,0.02357928827404976,0.009895832657797613,337.16075845598243,0.001,0.020326832309365273,0.008987613953649998,0.023073244839906693,0.013830476440489292,0.02313503623008728,0.016057638451457024,0.029459912329912186,0.014212016947567463,0.021901413798332214,0.015397697687149048
118,0.013734239153563976,0.014492525346577167,deterministic_post_update_meta_query_loss,0.022687003016471863,0.009558031290639032,340.01831727009267,0.001,0.018353842198848724,0.009059454314410686,0.02317030169069767,0.013863153755664825,0.022360462695360184,0.01599111407995224,0.02863660268485546,0.014340384863317013,0.020913805812597275,0.01541709341108799
119,0.013643130660057068,0.01448998786509037,deterministic_post_update_meta_query_loss,0.022794028744101524,0.007380884661554225,342.99304845300503,0.001,0.019333478063344955,0.008903797715902328,0.022546712309122086,0.013866929337382317,0.021402020007371902,0.01590876840054989,0.029534833505749702,0.014049991965293884,0.021153099834918976,0.015486162155866623
120,0.013777444139122963,0.014487801492214203,deterministic_post_update_meta_query_loss,0.022633999586105347,0.005998469116657944,345.860293880105,0.001,0.01878148317337036,0.008955975994467735,0.02209468185901642,0.01391216553747654,0.023356113582849503,0.016047362238168716,0.028314203023910522,0.014346293173730373,0.02062351629137993,0.015625420957803726
121,0.013726383447647095,0.014485867880284786,deterministic_post_update_meta_query_loss,0.02298290841281414,0.005690826645577341,348.72897050413303,0.001,0.019191157072782516,0.008818531408905983,0.02191482111811638,0.013983326964080334,0.022119389846920967,0.01593386009335518,0.030506480485200882,0.014248520135879517,0.02118268609046936,0.015647675842046738
122,0.013635224662721157,0.01448400542140007,deterministic_post_update_meta_query_loss,0.02260512299835682,0.00677326821054103,351.68544441717677,0.001,0.01910698413848877,0.00866707693785429,0.02178831771016121,0.013717511668801308,0.02249506488442421,0.01623128354549408,0.0286550410091877,0.014114688150584698,0.02098020911216736,0.015445563942193985
123,0.013636620715260506,0.01448204554617405,deterministic_post_update_meta_query_loss,0.022309988737106323,0.007371903043343813,354.5403731511906,0.001,0.018862608820199966,0.008694338612258434,0.021983714774250984,0.013584895990788937,0.021206939592957497,0.016041496768593788,0.028032856062054634,0.014259504154324532,0.021463826298713684,0.015602868050336838
124,0.013658620417118073,0.014479721896350384,deterministic_post_update_meta_query_loss,0.022644156590104103,0.008912658487070667,357.3981602671556,0.001,0.018758591264486313,0.008722375147044659,0.022131234407424927,0.013832424767315388,0.022624457255005836,0.015945427119731903,0.028982359915971756,0.014035433530807495,0.020724140107631683,0.015757441520690918
125,0.013723964802920818,0.014476853236556054,deterministic_post_update_meta_query_loss,0.022316891700029373,0.010485080230089408,360.3613331790548,0.001,0.019167590886354446,0.008632613345980644,0.021544065326452255,0.013902648352086544,0.022377746179699898,0.016088902950286865,0.027768395841121674,0.014258197508752346,0.020726660266518593,0.015737460926175117
126,0.013640986755490303,0.014473493583500386,deterministic_post_update_meta_query_loss,0.021710066124796867,0.0097061403789029,363.21946467412636,0.001,0.01788470521569252,0.008613361977040768,0.02183808572590351,0.013831011019647121,0.021094346418976784,0.016014745458960533,0.026828892529010773,0.014223172329366207,0.020904304459691048,0.015522641129791737
127,0.013638719916343689,0.014469875395298004,deterministic_post_update_meta_query_loss,0.021120483055710793,0.007409645547480333,366.0582310091704,0.001,0.01804390177130699,0.008731775917112827,0.02124410681426525,0.013681898824870586,0.01948396861553192,0.016005773097276688,0.027247454971075058,0.014184975996613503,0.01958298124372959,0.015589181333780289
128,0.01368152815848589,0.01446594875305891,deterministic_post_update_meta_query_loss,0.02205527015030384,0.008910151998007508,368.9958411580883,0.001,0.018356742337346077,0.008648127317428589,0.02221141941845417,0.013580468483269215,0.021298132836818695,0.015967432409524918,0.02774154767394066,0.014354029670357704,0.020668506622314453,0.015857582911849022
129,0.013596735894680023,0.01446187011897564,deterministic_post_update_meta_query_loss,0.022155335173010826,0.008546092680184643,371.83846375416033,0.001,0.018233228474855423,0.008690843358635902,0.022382955998182297,0.013714419677853584,0.019997164607048035,0.015900269150733948,0.028420429676771164,0.013914402574300766,0.021742893382906914,0.015763740986585617
130,0.01368079986423254,0.014457751251757144,deterministic_post_update_meta_query_loss,0.02213951013982296,0.006873303108016812,374.6942239149939,0.001,0.0186249278485775,0.008706160821020603,0.022122876718640327,0.013660583645105362,0.02132129669189453,0.016256563365459442,0.027264375239610672,0.014105992391705513,0.02136407420039177,0.015674695372581482
131,0.013666135258972645,0.014453602582216262,deterministic_post_update_meta_query_loss,0.02168872021138668,0.007119719734671799,377.56585577409714,0.001,0.018290121108293533,0.00869918055832386,0.02064373902976513,0.013815432786941528,0.021641425788402557,0.016033360734581947,0.028122885152697563,0.014096102677285671,0.01974542811512947,0.01568659394979477
132,0.013593706302344799,0.014449535869061947,deterministic_post_update_meta_query_loss,0.021465418860316277,0.006295721837515439,380.5378430150449,0.001,0.017423545941710472,0.00879103783518076,0.02201559767127037,0.013490831479430199,0.02091852016746998,0.01597410999238491,0.027612846344709396,0.01429674867540598,0.019356586039066315,0.015415804460644722
133,0.013636487536132336,0.014445433393120766,deterministic_post_update_meta_query_loss,0.02141048014163971,0.005950295527550873,383.4129270380363,0.001,0.017325647175312042,0.008798783645033836,0.021620631217956543,0.013793627731502056,0.020919814705848694,0.01591486483812332,0.028454016894102097,0.014171251095831394,0.018732288852334023,0.01550391223281622
134,0.01352285873144865,0.014441247098147869,deterministic_post_update_meta_query_loss,0.021421309560537338,0.006912691422055423,386.28922902117483,0.001,0.017920928075909615,0.008719414472579956,0.022167928516864777,0.013674826361238956,0.020983291789889336,0.015800105407834053,0.027287662029266357,0.014087310992181301,0.01874673366546631,0.01533263735473156
135,0.013622316531836987,0.014436926133930683,deterministic_post_update_meta_query_loss,0.021435042843222618,0.006648662348121077,389.2680451280903,0.001,0.018487684428691864,0.00885037798434496,0.02107272855937481,0.013597926124930382,0.019309354946017265,0.01590893417596817,0.02763865701854229,0.014201902784407139,0.020666785538196564,0.015552442520856857
136,0.013617328368127346,0.014432462863624096,deterministic_post_update_meta_query_loss,0.021854659542441368,0.006016729104983574,392.1348284210544,0.001,0.017565317451953888,0.008830956183373928,0.021148012951016426,0.013957029208540916,0.021624816581606865,0.015969717875123024,0.028642095625400543,0.013968201354146004,0.020293060690164566,0.015360734425485134
137,0.013598615303635597,0.014427801035344601,deterministic_post_update_meta_query_loss,0.02127409353852272,0.006178513897386768,394.9936888690572,0.001,0.019428417086601257,0.008715151809155941,0.021295052021741867,0.01374081987887621,0.019905315712094307,0.015867924317717552,0.02617856115102768,0.014214551076292992,0.01956312358379364,0.015454624779522419
138,0.01350171584635973,0.01442294493317604,deterministic_post_update_meta_query_loss,0.021393267437815666,0.007169108089225504,397.8452113762032,0.001,0.018862850964069366,0.008775625377893448,0.02055777795612812,0.01354962307959795,0.021685101091861725,0.015963345766067505,0.027624055743217468,0.014007830061018467,0.01823655143380165,0.01521215122193098
139,0.013619792647659779,0.014417935349047183,deterministic_post_update_meta_query_loss,0.021014846861362457,0.005920606368719755,400.79684160416946,0.001,0.017639923840761185,0.008761918172240257,0.02228144370019436,0.01375490054488182,0.02060173638164997,0.015982186421751976,0.025520414113998413,0.01422430481761694,0.01903071440756321,0.015375654213130474
140,0.01359587162733078,0.014412764832377434,deterministic_post_update_meta_query_loss,0.02090282551944256,0.00620244468788996,403.6404875610024,0.001,0.01755722612142563,0.008827323094010353,0.019489102065563202,0.013473447412252426,0.021093295887112617,0.01592830941081047,0.02683049440383911,0.014204833656549454,0.01954401098191738,0.015545446425676346
141,0.013583731837570667,0.014407432824373245,deterministic_post_update_meta_query_loss,0.021048549562692642,0.006073072907432564,406.48392594908364,0.001,0.018497582525014877,0.008749609813094139,0.020231816917657852,0.013705187477171421,0.021491289138793945,0.015966523438692093,0.02547575905919075,0.014077587053179741,0.019546296447515488,0.015419750474393368
142,0.01354321837425232,0.014401942864060402,deterministic_post_update_meta_query_loss,0.019843993708491325,0.006388759621206411,409.3084185491316,0.001,0.01790017820894718,0.008693601004779339,0.018973883241415024,0.013644338585436344,0.01903250813484192,0.015914786607027054,0.02529563009738922,0.014179987832903862,0.018017765134572983,0.015283376909792423
143,0.01350422203540802,0.014396263659000397,deterministic_post_update_meta_query_loss,0.0207131989300251,0.006752578307660698,412.2336648982018,0.001,0.017136000096797943,0.008691820316016674,0.02060827612876892,0.01357571966946125,0.021991392597556114,0.015856321901082993,0.025988804176449776,0.013859122060239315,0.01784151792526245,0.015538127161562443
144,0.013522460125386715,0.014390332438051701,deterministic_post_update_meta_query_loss,0.020633120089769363,0.0065699179517669385,415.06251871120185,0.001,0.017335962504148483,0.00864813756197691,0.020565256476402283,0.013690679334104061,0.02021985501050949,0.015597089193761349,0.026233885437250137,0.01418034266680479,0.018810633569955826,0.015496046282351017
145,0.013503776863217354,0.014384164102375507,deterministic_post_update_meta_query_loss,0.01991710439324379,0.006417663112148491,417.9239622261375,0.001,0.01668960601091385,0.0086821923032403,0.018449340015649796,0.013625843450427055,0.01829705573618412,0.01589887961745262,0.026128359138965607,0.013981741853058338,0.02002115547657013,0.015330223366618156
146,0.013554999604821205,0.014377646706998348,deterministic_post_update_meta_query_loss,0.02071264013648033,0.007027184436576313,420.89645499619655,0.001,0.01735546439886093,0.008620384149253368,0.02114029973745346,0.013785605318844318,0.02012290433049202,0.01586809568107128,0.026207001879811287,0.0140373595058918,0.01873752847313881,0.015463556163012981
147,0.013569324277341366,0.014370779506862164,deterministic_post_update_meta_query_loss,0.019298462197184563,0.00673986226340523,423.7605885111261,0.001,0.016292784363031387,0.00869512278586626,0.019340168684720993,0.013606597669422626,0.01919291540980339,0.015894046053290367,0.023968208581209183,0.014092328026890755,0.017698226496577263,0.015558524988591671
148,0.01349369902163744,0.014363532327115536,deterministic_post_update_meta_query_loss,0.01946510188281536,0.007395933459448143,426.6189491599798,0.001,0.017280396074056625,0.008493124507367611,0.019321981817483902,0.013673062436282635,0.01970047317445278,0.015800688415765762,0.024339359253644943,0.01409154199063778,0.016683300957083702,0.015410074032843113
149,0.013541154563426971,0.014355909638106823,deterministic_post_update_meta_query_loss,0.019753677770495415,0.006713627394943313,429.58995599416085,0.001,0.01710974983870983,0.008640467189252377,0.01944393664598465,0.01345911156386137,0.018191181123256683,0.015854451805353165,0.025911996141076088,0.014188484288752079,0.018111521378159523,0.015563257038593292
150,0.013493473641574383,0.014348038099706173,deterministic_post_update_meta_query_loss,0.01909308321774006,0.0062056700094348695,432.45056646014564,0.001,0.016124166548252106,0.008684739470481873,0.019382234662771225,0.013627111911773682,0.018265359103679657,0.01568492315709591,0.023589085787534714,0.014029456302523613,0.018104568123817444,0.015441135503351688
151,0.013515534810721874,0.014339844137430191,deterministic_post_update_meta_query_loss,0.01841774396598339,0.006111022191919981,435.3051725171972,0.001,0.01454075612127781,0.008692617528140545,0.019293300807476044,0.013667760416865349,0.01848972588777542,0.01580379158258438,0.023875216022133827,0.014039292000234127,0.0158897265791893,0.015374214388430119
152,0.013501484878361225,0.01433131955564022,deterministic_post_update_meta_query_loss,0.018547875806689262,0.006600858625020713,438.259350982029,0.001,0.01469354797154665,0.008673821575939655,0.018494537100195885,0.013565664179623127,0.018946904689073563,0.015904003754258156,0.023305201902985573,0.013923902995884418,0.017299188300967216,0.015440029092133045
153,0.013462111353874207,0.014322434179484844,deterministic_post_update_meta_query_loss,0.01914067380130291,0.006586784502707259,441.11684444197454,0.001,0.016876012086868286,0.008624330163002014,0.019577782601118088,0.013714784756302834,0.017555398866534233,0.015501950867474079,0.023800358176231384,0.014042670838534832,0.01789380982518196,0.01542681735008955
154,0.013403387740254402,0.014313242956995964,deterministic_post_update_meta_query_loss,0.018480408936738968,0.006785751993710284,443.983000644017,0.001,0.014870509505271912,0.008734273724257946,0.018250606954097748,0.013553956523537636,0.018189702183008194,0.01564691588282585,0.023946965113282204,0.013820678927004337,0.01714426465332508,0.015261111781001091
155,0.013472293503582478,0.014303621463477611,deterministic_post_update_meta_query_loss,0.018451152369379997,0.006368332136440722,446.8534941531252,0.001,0.016569118946790695,0.008579317480325699,0.0180987436324358,0.013845417648553848,0.017930129542946815,0.015780361369252205,0.02363922819495201,0.013843243010342121,0.016018535941839218,0.015313128009438515
156,0.013431367464363575,0.014293559081852435,deterministic_post_update_meta_query_loss,0.018239816650748253,0.0063695267669660076,449.8126261320431,0.001,0.01593616232275963,0.008527148514986038,0.017939135432243347,0.013495415449142456,0.01652560941874981,0.015848876908421516,0.02365778014063835,0.014002124778926373,0.017140403389930725,0.015283276326954365
157,0.01340037863701582,0.014282995648682118,deterministic_post_update_meta_query_loss,0.01813545823097229,0.007219350473539031,452.68971644411795,0.001,0.015911223366856575,0.00851055420935154,0.017496056854724884,0.01367148570716381,0.016629301011562347,0.015750035643577576,0.024871908128261566,0.014004714787006378,0.015768803656101227,0.015065101906657219
158,0.01335650123655796,0.014271957613527776,deterministic_post_update_meta_query_loss,0.01768684759736061,0.007005894287192514,455.5483948830515,0.001,0.015863558277487755,0.00853300653398037,0.01658494770526886,0.013395263813436031,0.017088118940591812,0.015688832849264145,0.022221392020583153,0.013954924419522285,0.01667621359229088,0.015210481360554695
159,0.01335549633949995,0.014260454662144184,deterministic_post_update_meta_query_loss,0.017316041514277458,0.006838458830117374,458.52792875817977,0.001,0.016054999083280563,0.00858552660793066,0.015332098118960857,0.013327667489647865,0.01747572235763073,0.015782665461301804,0.02248261868953705,0.013959161005914211,0.015234764665365219,0.015122463926672935
160,0.013384337536990643,0.014248419553041458,deterministic_post_update_meta_query_loss,0.01696769706904888,0.0065612741973658266,461.3975959289819,0.001,0.013913683593273163,0.008699205704033375,0.016554592177271843,0.013533835299313068,0.015632351860404015,0.015505116432905197,0.02280360832810402,0.013823729939758778,0.01593424752354622,0.015359800308942795
161,0.013332152739167213,0.014235804602503777,deterministic_post_update_meta_query_loss,0.016739482060074806,0.0066724202373573595,464.2538260591682,0.001,0.01388137973845005,0.008621941320598125,0.015842817723751068,0.013436048291623592,0.016070809215307236,0.015691546723246574,0.023232214152812958,0.013718968257308006,0.014670184813439846,0.015192259103059769
162,0.0133518623188138,0.014222566783428193,deterministic_post_update_meta_query_loss,0.01768234744668007,0.00710402863484291,467.20796079305,0.001,0.013823007233440876,0.008590162731707096,0.016119401901960373,0.013457775115966797,0.016682617366313934,0.015722375363111496,0.025409257039427757,0.013856987468898296,0.01637745276093483,0.015132009983062744
163,0.01333447452634573,0.014208740182220935,deterministic_post_update_meta_query_loss,0.01620418019592762,0.00715786847873147,470.0787661240902,0.001,0.013260938227176666,0.00864260084927082,0.01611282490193844,0.013462157920002937,0.016125047579407692,0.015606065280735493,0.022067278623580933,0.013818592764437199,0.013454808853566647,0.015142947435379028
164,0.013336059637367725,0.01419418565928936,deterministic_post_update_meta_query_loss,0.0163763165473938,0.0067314541991659975,472.9369256279897,0.001,0.013052969239652157,0.00859672762453556,0.01620994322001934,0.013256107456982136,0.015586242079734802,0.015610541217029095,0.02219518832862377,0.01392175443470478,0.014837236143648624,0.015295167453587055
165,0.013305092230439186,0.014178917184472084,deterministic_post_update_meta_query_loss,0.016510237008333206,0.006723551199048026,475.89080823701806,0.001,0.013718681409955025,0.008609695360064507,0.017090093344449997,0.013638612814247608,0.016415145248174667,0.015588526614010334,0.02042395994067192,0.013621453195810318,0.014903305098414421,0.015067175030708313
166,0.013258859515190125,0.014162862673401833,deterministic_post_update_meta_query_loss,0.0160477664321661,0.007168116967547416,478.75325709208846,0.001,0.013943370431661606,0.008553152903914452,0.01532834768295288,0.013377057388424873,0.016224469989538193,0.01567467860877514,0.019675269722938538,0.013616281561553478,0.01506737433373928,0.015073134563863277
167,0.013255544006824493,0.014145991578698159,deterministic_post_update_meta_query_loss,0.015377319417893887,0.006806655040637691,481.61307964101434,0.001,0.012917213141918182,0.008570369333028793,0.015302646905183792,0.013436134904623032,0.013749046251177788,0.015393111854791641,0.020720787346363068,0.013876523822546005,0.014196895994246006,0.015001580119132996
168,0.0132064213976264,0.014128234051167966,deterministic_post_update_meta_query_loss,0.015365734696388245,0.007183115789022538,484.5785989181604,0.001,0.013014852069318295,0.008438742719590664,0.01453122217208147,0.013196153566241264,0.014296803623437881,0.015422244556248188,0.020320724695920944,0.013699597679078579,0.014665067195892334,0.01527536753565073
169,0.013210517354309559,0.014109467528760434,deterministic_post_update_meta_query_loss,0.015305334702134132,0.007547259417840996,487.4371184729971,0.001,0.01297932118177414,0.008498786017298698,0.014860013499855995,0.013347562402486801,0.014660175889730453,0.015577549114823341,0.020371772348880768,0.01352016068994999,0.013655388727784157,0.015108526684343815
170,0.013234834186732769,0.01408960223197937,deterministic_post_update_meta_query_loss,0.01422874629497528,0.007503729365108337,490.3153624550905,0.001,0.013427005149424076,0.008424627594649792,0.012713413685560226,0.013301589526236057,0.013374809175729752,0.015562835149466991,0.01899404078722,0.013828727416694164,0.012634463608264923,0.015056392177939415
171,0.013142338953912258,0.014068622514605523,deterministic_post_update_meta_query_loss,0.013913864269852638,0.007467501255511877,493.18719068099745,0.001,0.011861925013363361,0.008478665724396706,0.012886556796729565,0.013212940655648708,0.013371916487812996,0.015598190017044544,0.019611556082963943,0.013377084396779537,0.011837361380457878,0.01504481490701437
172,0.013111119158565998,0.014046453684568406,deterministic_post_update_meta_query_loss,0.013870486989617348,0.007640484578164686,496.15769126219675,0.001,0.012321161106228828,0.008428269065916538,0.013066577725112438,0.01311742328107357,0.012936272658407688,0.015531046316027641,0.019059956073760986,0.01358896866440773,0.011968467384576797,0.01488988846540451
173,0.013050324283540249,0.014023077487945557,deterministic_post_update_meta_query_loss,0.013481125235557556,0.00755240005887923,499.0154979689978,0.001,0.010386563837528229,0.008543114177882671,0.013769682496786118,0.013185602612793446,0.013251754455268383,0.015314135700464249,0.017964091151952744,0.01355705689638853,0.012033535167574883,0.014651712961494923
174,0.013074158690869808,0.013998368754982948,deterministic_post_update_meta_query_loss,0.013205930590629578,0.0076617218060692745,501.8675943040289,0.001,0.010284742340445518,0.008520429022610188,0.012636438943445683,0.012890966609120369,0.012842148542404175,0.015341375954449177,0.017782287672162056,0.01355082355439663,0.012484028935432434,0.015067195519804955
175,0.013000110164284706,0.013972199149429798,deterministic_post_update_meta_query_loss,0.012757944874465466,0.007767065623232399,504.84349494217895,0.001,0.011127376928925514,0.008452985435724258,0.01209957804530859,0.012925466522574425,0.01089988648891449,0.015288740396499634,0.018056990578770638,0.013440607115626335,0.011605892330408096,0.014892748557031155
176,0.01299072802066803,0.013944482803344727,deterministic_post_update_meta_query_loss,0.0124815059825778,0.008138725369672568,507.7012867149897,0.001,0.011340849101543427,0.008234220556914806,0.012174841947853565,0.012919970788061619,0.011304564774036407,0.015276757068932056,0.01598474010825157,0.01354361604899168,0.011602535843849182,0.014979077503085136
177,0.013006607070565224,0.01391503270715475,deterministic_post_update_meta_query_loss,0.01219396572560072,0.008794429776496419,510.5711267730221,0.001,0.009399074129760265,0.008359145373106003,0.011845625936985016,0.013143764808773994,0.010960463434457779,0.01533101499080658,0.01698077842593193,0.013402017764747143,0.011783886700868607,0.0147970886901021
178,0.0129985511302948,0.013883800059556962,deterministic_post_update_meta_query_loss,0.011673654429614544,0.008215407919250243,513.4326795821544,0.001,0.009673256427049637,0.008420638740062714,0.012784183025360107,0.013070610351860523,0.011102129705250263,0.015256179496645927,0.014441314153373241,0.013502825051546097,0.010367386974394321,0.014742505736649036
179,0.013051343150436878,0.013850650563836098,deterministic_post_update_meta_query_loss,0.010448575951159,0.007704789867734509,516.3835792921018,0.001,0.00808451697230339,0.008480838499963284,0.010424069128930569,0.013015608303248882,0.010374777019023895,0.015292995609343052,0.015074888244271278,0.01368824951350689,0.00828462839126587,0.014779025688767433
180,0.012930336408317089,0.01381542719900608,deterministic_post_update_meta_query_loss,0.010938800871372223,0.00829122688518761,519.2390195510816,0.001,0.009592932648956776,0.0083612697198987,0.009787553921341896,0.012942660599946976,0.011242857202887535,0.01520092785358429,0.014626795426011086,0.013389908708631992,0.009443867951631546,0.014756915159523487
181,0.012886409647762775,0.013777996227145196,deterministic_post_update_meta_query_loss,0.010236166417598724,0.008501511690650061,522.098425024189,0.001,0.009473915211856365,0.008359013125300407,0.010108454152941704,0.01283937692642212,0.010239360854029655,0.015040828846395016,0.012393219396471977,0.013530882075428963,0.008965885266661644,0.014661946333944798
182,0.012875369749963284,0.01373819336295128,deterministic_post_update_meta_query_loss,0.009908769279718399,0.008734646574416098,524.951665555127,0.001,0.00827779620885849,0.008315137587487698,0.01041366532444954,0.013026192784309387,0.009805368259549141,0.015103613026440144,0.01398724690079689,0.013326785527169704,0.00705976877361536,0.014605115167796612
183,0.012934848666191101,0.013695876486599446,deterministic_post_update_meta_query_loss,0.008991596288979053,0.009297423322212115,527.9159399389755,0.001,0.006737210787832737,0.008380889892578125,0.007663755677640438,0.012905779294669628,0.007767714560031891,0.015156462788581848,0.01418489683419466,0.013332034461200237,0.008604404516518116,0.014899078756570816
184,0.012791655026376247,0.013650975190103054,deterministic_post_update_meta_query_loss,0.008937288075685501,0.00827562215195735,530.7760160660837,0.001,0.006864618510007858,0.008321451023221016,0.008042481727898121,0.012819035910069942,0.009330145083367825,0.014808127656579018,0.012240374460816383,0.013358509168028831,0.008208820596337318,0.014651146717369556
185,0.01268708985298872,0.013603180088102818,deterministic_post_update_meta_query_loss,0.008395162411034107,0.009021119264444395,533.6461003771983,0.001,0.006844888441264629,0.008309484459459782,0.009514281526207924,0.012811269611120224,0.007349713705480099,0.014734053984284401,0.01128464937210083,0.013063018210232258,0.006982278544455767,0.014517628587782383
186,0.012660848908126354,0.013552343659102916,deterministic_post_update_meta_query_loss,0.00912618637084961,0.009685481461756379,536.6085177289788,0.001,0.007418220862746239,0.008269545622169971,0.008583510294556618,0.01269517932087183,0.008231920190155506,0.01460742112249136,0.012790996581315994,0.013180790469050407,0.008606286719441414,0.01455130334943533
187,0.012589490972459316,0.013498290441930294,deterministic_post_update_meta_query_loss,0.007531419396400452,0.009054169432700897,539.4672181371134,0.001,0.006111144088208675,0.008236778900027275,0.007108679506927729,0.012569612823426723,0.007125728763639927,0.014729449525475502,0.011332215741276741,0.013175043277442455,0.005979329813271761,0.014236567541956902
188,0.012597508728504181,0.013440780900418758,deterministic_post_update_meta_query_loss,0.007852979935705662,0.00966715689808988,542.3368226990569,0.001,0.00715769873932004,0.00813736766576767,0.008005447685718536,0.012579962611198425,0.007018794305622578,0.014779660850763321,0.01016121357679367,0.012988241389393806,0.006921745371073484,0.014502309262752533
189,0.012498836033046246,0.013379468396306039,deterministic_post_update_meta_query_loss,0.007400772999972105,0.009522409747232603,545.3155709181447,0.001,0.006073120050132275,0.008238672278821468,0.007606056518852711,0.01241576299071312,0.006790295243263245,0.01443271804600954,0.009914431720972061,0.013185317628085613,0.006619961932301521,0.014221707358956337
190,0.012516969814896584,0.013314185850322246,deterministic_post_update_meta_query_loss,0.006532005965709686,0.009873657106066575,548.1898703970946,0.001,0.005748609080910683,0.008173269219696522,0.0059550246223807335,0.012511330656707287,0.006011203862726688,0.01461739744991064,0.008488135412335396,0.013074597343802452,0.00645705871284008,0.014208248816430569
191,0.012373900972306728,0.013244947604835033,deterministic_post_update_meta_query_loss,0.006362944841384888,0.009963946184860484,551.0467780539766,0.001,0.0057810451835393906,0.008071118034422398,0.006735744420439005,0.012431355193257332,0.00614705216139555,0.01434731762856245,0.007297974079847336,0.012901638634502888,0.005852907430380583,0.014118076302111149
192,0.012271502055227757,0.01317133791744709,deterministic_post_update_meta_query_loss,0.005873366724699736,0.010945723668291297,554.0018768110313,0.001,0.005028215236961842,0.008013340644538403,0.005274874158203602,0.012385128065943718,0.00531014334410429,0.014292030595242977,0.00842514168471098,0.012706657871603966,0.005328456871211529,0.013960352167487144
193,0.012280077673494816,0.013092980906367301,deterministic_post_update_meta_query_loss,0.005570536013692617,0.012321477294728503,556.8802645390388,0.001,0.005414410028606653,0.007948542945086956,0.005901348777115345,0.012273847125470638,0.004197089467197657,0.01442637573927641,0.008064663037657738,0.01278743613511324,0.00427516782656312,0.013964183628559113
194,0.012207770720124245,0.013009725883603097,deterministic_post_update_meta_query_loss,0.005172715988010168,0.012101248063301158,559.7511966282036,0.001,0.004664940759539604,0.008001582697033882,0.0057209329679608345,0.012206482701003551,0.004872759338468313,0.014197569340467453,0.006097777746617794,0.012683986686170101,0.004507167264819145,0.013949230313301086
195,0.01208248920738697,0.012921252846717834,deterministic_post_update_meta_query_loss,0.004756114911288023,0.012718582217377627,562.6316291701514,0.001,0.004691184498369694,0.007978337816894054,0.004155994392931461,0.011926469393074512,0.00461365282535553,0.014104995876550674,0.0057639870792627335,0.012598265893757343,0.004555755294859409,0.013804377056658268
196,0.011936061084270477,0.0128274068236351,deterministic_post_update_meta_query_loss,0.004616211634129286,0.013052496938455766,565.5898053180426,0.001,0.004593213554471731,0.007810942828655243,0.004536022897809744,0.011896369978785515,0.004637616686522961,0.013850279152393341,0.005380033981055021,0.012437411583960056,0.003934170585125685,0.013685299083590508
197,0.011958547867834568,0.012727979570627213,deterministic_post_update_meta_query_loss,0.004036666359752417,0.013589618080032034,568.4590978380293,0.001,0.0038581257686018944,0.007948078215122223,0.0040464140474796295,0.011776957660913467,0.0042641726322472095,0.01401237677782774,0.003664051415398717,0.012399825267493725,0.004350569099187851,0.01365550048649311
198,0.01182646956294775,0.012622647918760777,deterministic_post_update_meta_query_loss,0.003915654961019754,0.014925445805391914,571.3340993400197,0.001,0.004481698386371136,0.007769464049488306,0.0038785827346146107,0.011729808524250984,0.0027844670694321394,0.013796118088066578,0.004686747211962938,0.012400113046169281,0.0037467791698873043,0.013436839915812016
199,0.011751088313758373,0.012511162459850312,deterministic_post_update_meta_query_loss,0.0032673568930476904,0.01605526891562585,574.2882580631413,0.001,0.0034164967946708202,0.007666307035833597,0.0036103951279073954,0.011728913523256779,0.002957958960905671,0.01369283813983202,0.002253625774756074,0.012139732018113136,0.004098306410014629,0.013527649454772472
200,0.011627067811787128,0.012393212877213955,deterministic_post_update_meta_query_loss,0.0042746663093566895,0.016664857427296845,577.1590111320838,0.001,0.00418710894882679,0.0077358875423669815,0.004008998163044453,0.011453305371105671,0.0038891294971108437,0.013600355014204979,0.00455810222774744,0.012063253670930862,0.004729993641376495,0.013282536529004574
201,0.011555206030607224,0.012268540263175965,deterministic_post_update_meta_query_loss,0.0037916284054517746,0.017274153178510068,580.0232370740268,0.001,0.003265384817495942,0.0077286213636398315,0.00376414367929101,0.011474063619971275,0.00409011822193861,0.013406495563685894,0.0034111319109797478,0.012052510865032673,0.004427363630384207,0.01311433780938387
202,0.011369655840098858,0.012137094140052795,deterministic_post_update_meta_query_loss,0.004134097136557102,0.016700572470954727,582.9900416571181,0.001,0.004548889584839344,0.007514714263379574,0.004173096269369125,0.011194592341780663,0.0033461223356425762,0.013214201666414738,0.0036757478956133127,0.011886689811944962,0.004926628433167934,0.013038085773587227
203,0.011273415759205818,0.011998548544943333,deterministic_post_update_meta_query_loss,0.004074986558407545,0.018614890405214544,585.8575711729936,0.001,0.0044665466994047165,0.007660143543034792,0.0036610132083296776,0.011133084073662758,0.004332411102950573,0.013144615106284618,0.0035864636301994324,0.011593186296522617,0.004328498616814613,0.01283604558557272
204,0.01116645522415638,0.011852706037461757,deterministic_post_update_meta_query_loss,0.003746720729395747,0.01968027313530766,588.7303981501609,0.001,0.0033862250857055187,0.007513649761676788,0.0038620231207460165,0.010965917259454727,0.0036202892661094666,0.01290762796998024,0.0039894599467515945,0.011568759568035603,0.003875605994835496,0.012876320630311966
205,0.011003506369888783,0.011699312552809715,deterministic_post_update_meta_query_loss,0.004369765520095825,0.021558345488641148,591.7072450360283,0.001,0.00490176398307085,0.007497756741940975,0.004439884331077337,0.010762685909867287,0.004215968307107687,0.0127228032797575,0.0037292568013072014,0.01143866591155529,0.004561955109238625,0.012595620937645435
206,0.010821565054357052,0.011537987180054188,deterministic_post_update_meta_query_loss,0.004230623599141836,0.02427998487764055,594.5713052090723,0.001,0.005096345208585262,0.007348659913986921,0.004793274216353893,0.010501964017748833,0.0035059896763414145,0.012547241523861885,0.0034658408258110285,0.011330895125865936,0.00429166853427887,0.012379061430692673
207,0.010711178183555603,0.011368612200021744,deterministic_post_update_meta_query_loss,0.004467333201318979,0.024580140854518883,597.4321247411426,0.001,0.005062967538833618,0.007374809589236975,0.004566805437207222,0.010256942361593246,0.005033999681472778,0.012530983425676823,0.003256118856370449,0.011178246699273586,0.004416775424033403,0.012214906513690948
208,0.010451758280396461,0.011191480606794358,deterministic_post_update_meta_query_loss,0.004794369917362928,0.022867783085995463,600.3973134642001,0.001,0.00509575055912137,0.007421649061143398,0.0043673161417245865,0.009930331259965897,0.0054837847128510475,0.01190838124603033,0.0034930910915136337,0.010967899113893509,0.005531907081604004,0.012030528858304024
209,0.010319668799638748,0.0110062126070261,deterministic_post_update_meta_query_loss,0.005031084641814232,0.02550451785224625,603.2569387471303,0.001,0.0057434095069766045,0.0073135788552463055,0.004336195066571236,0.010041062720119953,0.005360119976103306,0.011753612197935581,0.0032000502105802298,0.010666979476809502,0.00651564821600914,0.011823108419775963
210,0.010156969539821148,0.010812199208885431,deterministic_post_update_meta_query_loss,0.005478914361447096,0.030039548318735686,606.1110682450235,0.001,0.006608203053474426,0.007188344839960337,0.00569414347410202,0.009712825529277325,0.005392420571297407,0.011597627773880959,0.0037181354127824306,0.010634620673954487,0.0059816669672727585,0.01165142934769392
211,0.009903555735945702,0.010609224624931812,deterministic_post_update_meta_query_loss,0.005625804886221886,0.03164098113700224,608.9884235870559,0.001,0.006791906431317329,0.007071132771670818,0.005719748325645924,0.00969655066728592,0.0051969122141599655,0.011042602360248566,0.004392835311591625,0.01038352306932211,0.006027622148394585,0.011323966085910797
212,0.009875999763607979,0.010396397672593594,deterministic_post_update_meta_query_loss,0.005523859988898039,0.03476239567217775,611.9724665700924,0.001,0.006526048295199871,0.00715220719575882,0.005290382541716099,0.009458879008889198,0.0054215858690440655,0.011219006031751633,0.003910232800990343,0.010159637778997421,0.006471050903201103,0.011390267871320248
213,0.009633629582822323,0.010173017624765635,deterministic_post_update_meta_query_loss,0.005386597942560911,0.03836737138282813,614.8459946610965,0.001,0.006878789514303207,0.006933167576789856,0.00525259505957365,0.009282831102609634,0.004980407655239105,0.010829228907823563,0.003715840633958578,0.010051977820694447,0.006105357781052589,0.011070942506194115
214,0.00940671842545271,0.009938169736415148,deterministic_post_update_meta_query_loss,0.005819500423967838,0.04111100356497436,617.7219622710254,0.001,0.006594035308808088,0.006944316439330578,0.005561373196542263,0.00881789531558752,0.006428657099604607,0.010553736239671707,0.004018023610115051,0.009784889407455921,0.00649541150778532,0.01093275099992752
215,0.00916323997080326,0.009691614657640457,deterministic_post_update_meta_query_loss,0.005449994932860136,0.042239844148958317,620.7137940791436,0.001,0.006219604518264532,0.006836608052253723,0.0054151201620697975,0.008708197623491287,0.0057422383688390255,0.010268219746649265,0.0035626536700874567,0.009516587480902672,0.006310358177870512,0.010486586950719357
216,0.00906772818416357,0.009432398248463869,deterministic_post_update_meta_query_loss,0.00568426912650466,0.04584774941459967,623.5905778170563,0.001,0.006665801629424095,0.006833141203969717,0.005472345743328333,0.008539295755326748,0.006094303913414478,0.010122278705239296,0.0036360989324748516,0.009553148411214352,0.006552794016897678,0.010290773585438728
217,0.008670206181704998,0.009161519072949886,deterministic_post_update_meta_query_loss,0.004840362351387739,0.04014016378904918,626.469413527986,0.001,0.005515937693417072,0.006792420521378517,0.005467143841087818,0.008194523863494396,0.005237560253590345,0.009468404576182365,0.0027165235951542854,0.00902784988284111,0.005264647305011749,0.009867830201983452
218,0.008505295030772686,0.008877935819327831,deterministic_post_update_meta_query_loss,0.005093463230878115,0.048420507340790016,629.3406205310021,0.001,0.005812321789562702,0.006523721851408482,0.005368748679757118,0.00819422584027052,0.005673243664205074,0.009288783185184002,0.002321932464838028,0.008785933256149292,0.006291067693382502,0.009733811020851135
219,0.00823184009641409,0.00858255447819829,deterministic_post_update_meta_query_loss,0.0045372056774795055,0.046049054311502434,632.2973357320298,0.001,0.004904731176793575,0.006501189898699522,0.004988360684365034,0.007858707569539547,0.004731843713670969,0.008958183228969574,0.0031211066525429487,0.008581719361245632,0.004939987324178219,0.00925939716398716
220,0.007975192740559578,0.00827599484473467,deterministic_post_update_meta_query_loss,0.004513596184551716,0.04719473991789045,635.1556549370289,0.001,0.005387147888541222,0.006400313228368759,0.004126641433686018,0.0076624732464551926,0.004915733356028795,0.008528521284461021,0.0031793001107871532,0.008310649544000626,0.004959156736731529,0.008974005468189716
221,0.007715240120887756,0.007958984468132257,deterministic_post_update_meta_query_loss,0.0036690670531243086,0.04827875026719533,638.0185180630069,0.001,0.0039023086428642273,0.006178238894790411,0.0039038234390318394,0.007460708264261484,0.0030899830162525177,0.00814816914498806,0.0020680681336671114,0.008003751747310162,0.00538115156814456,0.00878533162176609
222,0.007385695818811655,0.00763307735323906,deterministic_post_update_meta_query_loss,0.0035701438318938017,0.0469583712987511,640.8809455530718,0.001,0.004592851735651493,0.006037094164639711,0.0029081697575747967,0.0071028247475624084,0.0026089888997375965,0.007899222895503044,0.0027775494381785393,0.00758068123832345,0.004963160492479801,0.008308656513690948
223,0.007132835686206818,0.007299684546887874,deterministic_post_update_meta_query_loss,0.003447824390605092,0.04979524993782354,643.8210215591826,0.001,0.004068604204803705,0.005813440307974815,0.0036403266713023186,0.007010350003838539,0.003586630802601576,0.007558686658740044,0.0026870318688452244,0.007452218793332577,0.0032565270084887743,0.007829482667148113
224,0.006781987380236387,0.0069614223204553126,deterministic_post_update_meta_query_loss,0.0027851976919919252,0.049491892398274576,646.6861685849726,0.001,0.002828346099704504,0.0055957455188035965,0.002685548970475793,0.006494735833257437,0.0026681399904191494,0.0070231640711426735,0.0015517182182520628,0.0072735389694571495,0.0041922349482774734,0.007522752042859793
225,0.00645582377910614,0.0066209322772920135,deterministic_post_update_meta_query_loss,0.0023528283927589655,0.05117077003031821,649.5526942741126,0.001,0.0034782898146659136,0.0052674803882837296,0.002556024119257927,0.006391419563442469,0.002156952628865838,0.006699942052364349,0.0005734230508096516,0.00680168392136693,0.0029994521755725145,0.007118592970073223
226,0.006141295190900564,0.006281376630067825,deterministic_post_update_meta_query_loss,0.0016620889073237777,0.05338601314683277,652.5148595729843,0.001,0.002525030169636011,0.004942016210407019,0.001221250044181943,0.006206400226801634,0.0017057901713997126,0.006407604087144136,0.0010743419406935573,0.006416040472686291,0.00178403255995363,0.0067344168201088905
227,0.005796818528324366,0.00594582473859191,deterministic_post_update_meta_query_loss,0.0025704677682369947,0.055814396328513094,655.3724285790231,0.001,0.0027648916002362967,0.004587263334542513,0.0025642397813498974,0.005958276800811291,0.0021226531825959682,0.00596196623519063,0.0027715866453945637,0.0061547886580228806,0.0026289676316082478,0.006321797147393227
228,0.00556821096688509,0.005616793874651194,deterministic_post_update_meta_query_loss,0.0026565734297037125,0.06006561283956904,658.2241894172039,0.001,0.002781911753118038,0.004193439614027739,0.002878687810152769,0.005854160524904728,0.0031115622259676456,0.005784869659692049,0.0023064683191478252,0.005970868747681379,0.002204237040132284,0.006037716753780842
229,0.005316520109772682,0.00529801300726831,deterministic_post_update_meta_query_loss,0.0024887926410883665,0.057849401903400495,661.1879132681061,0.001,0.0021240664646029472,0.003950398415327072,0.0020799189805984497,0.0055906702764332294,0.0030552512034773827,0.005486583337187767,0.0016877242596819997,0.005704860202968121,0.0034970026463270187,0.0058500878512859344
230,0.004940254148095846,0.004993639513850212,deterministic_post_update_meta_query_loss,0.002791570732370019,0.059658952848729706,664.0456186931115,0.001,0.001711697201244533,0.003506326349452138,0.0028369224164634943,0.005244561471045017,0.003103428054600954,0.0052178227342665195,0.0032725357450544834,0.00538933090865612,0.003033270128071308,0.005343229044228792
231,0.0046177031472325325,0.0047084441874176266,deterministic_post_update_meta_query_loss,0.0032868932466953993,0.05420455936973488,666.9207285670564,0.001,0.0028741792775690556,0.0032621377613395452,0.003188749309629202,0.00498976930975914,0.0031819737050682306,0.004823287483304739,0.004207633901387453,0.005029585678130388,0.0029819305054843426,0.004983734339475632
232,0.004395538475364447,0.0044454758055508135,deterministic_post_update_meta_query_loss,0.0030847012531012297,0.05129959680364483,669.8802780520637,0.001,0.0029833470471203327,0.002942507155239582,0.003736946266144514,0.004855326842516661,0.0025682628620415926,0.00453346548601985,0.0024937528651207685,0.004907228983938694,0.0036411976907402277,0.004739163443446159
233,0.00416129594668746,0.004206747002899647,deterministic_post_update_meta_query_loss,0.003534055547788739,0.046904417321005865,672.7363733469974,0.001,0.002739754505455494,0.0027944904286414385,0.0030943849124014378,0.004710018169134855,0.002008036244660616,0.004253041464835405,0.006038352847099304,0.004682883620262146,0.003789749462157488,0.004366044886410236
234,0.003895428031682968,0.003994505805894733,deterministic_post_update_meta_query_loss,0.0037073232233524323,0.04252010166937635,675.6059539699927,0.001,0.0022200332023203373,0.0025947759859263897,0.003614886198192835,0.004247232340276241,0.0032258224673569202,0.004055498167872429,0.006116929929703474,0.00456794910132885,0.003358944319188595,0.004011685028672218
235,0.003721046494320035,0.003808674169704318,deterministic_post_update_meta_query_loss,0.004196190275251865,0.04537385076386264,678.4777250981424,0.001,0.0031271905172616243,0.002316666068509221,0.003918033093214035,0.004130512475967407,0.00314431544393301,0.003887870814651251,0.005784529261291027,0.004362826701253653,0.005006881896406412,0.003907355479896069
236,0.0035236484836786985,0.0036474365275353192,deterministic_post_update_meta_query_loss,0.005351183470338583,0.047106993881789155,681.4345568781719,0.001,0.0045587848871946335,0.0021287763956934214,0.005324004217982292,0.0039457413367927074,0.0043784212321043015,0.003680676920339465,0.008227274753153324,0.004134173039346933,0.004267432726919651,0.0037288737948983908
237,0.003386153606697917,0.0035081548150628803,deterministic_post_update_meta_query_loss,0.004964839667081833,0.04392223280835186,684.3000924221706,0.001,0.0035653323866426945,0.002050337614491582,0.00494407070800662,0.0038407742977142334,0.005608850624412298,0.0035370229743421078,0.006809525191783905,0.0040399967692792416,0.0038964180275797844,0.003462636610493064
238,0.0032759567257016897,0.0033873180393129585,deterministic_post_update_meta_query_loss,0.0058812303468585014,0.042436299591449525,687.1543164330069,0.001,0.00522353732958436,0.0020058886148035526,0.006303304806351662,0.0037139100022614002,0.004562600515782833,0.003455055644735694,0.00913639273494482,0.0038936042692512274,0.0041803158819675446,0.003311324864625931
239,0.003117396729066968,0.0032823118846863506,deterministic_post_update_meta_query_loss,0.006147621665149927,0.03423654070251383,690.1050129269715,0.001,0.0058812424540519714,0.002018429571762681,0.004487928003072739,0.0033586942590773106,0.005861271638423204,0.003330782288685441,0.00953445304185152,0.0038323134649544954,0.004973211325705051,0.003046764060854912
240,0.0030615441501140594,0.003188592055812478,deterministic_post_update_meta_query_loss,0.007000473327934742,0.03248392068439751,692.9564949781634,0.001,0.005126969423145056,0.0020935048814862967,0.006240991875529289,0.003370384918525815,0.007144619710743427,0.0032400016207247972,0.009989649057388306,0.003692758036777377,0.0065001328475773335,0.002911071293056011
241,0.0029686035122722387,0.003101089410483837,deterministic_post_update_meta_query_loss,0.00638192892074585,0.02731607413756023,695.8135076491162,0.001,0.005457540042698383,0.0020820198114961386,0.0066001322120428085,0.0032349496614187956,0.005487865302711725,0.0030544421169906855,0.009685286320745945,0.0037742822896689177,0.004678819794207811,0.0026973229832947254
242,0.002865224378183484,0.0030175044666975737,deterministic_post_update_meta_query_loss,0.007374153938144445,0.028940613466568323,698.7677941340953,0.001,0.006226993631571531,0.002042211126536131,0.0066657280549407005,0.0031019726302474737,0.007655860856175423,0.0030065360479056835,0.010798555798828602,0.0035719163715839386,0.00552363321185112,0.0026034845504909754
243,0.0027834076900035143,0.002935862634330988,deterministic_post_update_meta_query_loss,0.007041858043521643,0.025765072380554126,701.620610070182,0.001,0.005536253564059734,0.0021132281981408596,0.005742743145674467,0.0029945678543299437,0.007514606229960918,0.002825718140229583,0.010068468749523163,0.0035076781641691923,0.006347218528389931,0.0024758463259786367
244,0.002718884265050292,0.0028561932500451802,deterministic_post_update_meta_query_loss,0.007224083878099918,0.024809434136082744,704.4865777811501,0.001,0.004491490311920643,0.002141411881893873,0.007124869152903557,0.0028210566379129887,0.006780877243727446,0.002766478806734085,0.010575760155916214,0.0034863825421780348,0.007147421594709158,0.002379090990871191
245,0.002630737377330661,0.002778000058606267,deterministic_post_update_meta_query_loss,0.006342368666082621,0.02581000584583318,707.4389944411814,0.001,0.005400880705565214,0.0020801927894353867,0.004664405714720488,0.0027488002087920904,0.006645646877586842,0.002715981099754572,0.009251520037651062,0.003342851996421814,0.005749390460550785,0.0022658605594187975
246,0.0025650833267718554,0.0027028485666960476,deterministic_post_update_meta_query_loss,0.0055895354598760605,0.022710564755192352,710.3028240140993,0.001,0.003483373671770096,0.0021239074412733316,0.006047389004379511,0.002639785408973694,0.004715246148407459,0.0025953948497772217,0.007547834422439337,0.003292371751740575,0.0061538340523839,0.0021739574149250984
247,0.002497642068192363,0.002631634986028075,deterministic_post_update_meta_query_loss,0.006065872963517904,0.026080432173617538,713.1624081891496,0.001,0.004160984884947538,0.002037633676081896,0.005600523203611374,0.002646146807819605,0.005441039800643921,0.0025769579224288464,0.009190709330141544,0.003145748283714056,0.005936109460890293,0.00208172295242548
248,0.00239531765691936,0.002569434652104974,deterministic_post_update_meta_query_loss,0.005747017450630665,0.01900790596815665,716.1233787471429,0.001,0.004552481230348349,0.002079562982544303,0.006398474797606468,0.0024685575626790524,0.004930122289806604,0.0023582903668284416,0.0066974167712032795,0.0031028331723064184,0.006156592164188623,0.0019673448987305164
249,0.002367796143516898,0.0025136950658634304,deterministic_post_update_meta_query_loss,0.005418549757450819,0.014084664609501925,718.9849956152029,0.001,0.00427436176687479,0.0022592726163566113,0.0033654803410172462,0.0023507934529334307,0.005559015087783337,0.0022271976340562105,0.00809493474662304,0.0031428763177245855,0.005798955447971821,0.0018588408129289746
250,0.002286638366058469,0.0024667119607329367,deterministic_post_update_meta_query_loss,0.005495238583534956,0.013609937324044795,721.8655076841824,0.001,0.004820956848561764,0.002106588566675782,0.004764801822602749,0.002344362670555711,0.005315578542649746,0.002150163520127535,0.008765218779444695,0.003021178999915719,0.003809635527431965,0.0018108977237716317
251,0.0022667660377919674,0.002429222781211138,deterministic_post_update_meta_query_loss,0.00488918786868453,0.011567226271662881,724.7234297799878,0.001,0.003931399900466204,0.002234606072306633,0.0039088185876607895,0.0022846946958452463,0.003720490960404277,0.0020997447427362204,0.008360058069229126,0.0029320688918232918,0.004525172524154186,0.0017827152041718364
252,0.002179100178182125,0.0024000203236937525,deterministic_post_update_meta_query_loss,0.003615833120420575,0.015478271729071355,727.6885751280934,0.001,0.002822798676788807,0.0020665607880800962,0.001842654892243445,0.0021499216090887785,0.0034494460560381413,0.0020516591612249613,0.006162417121231556,0.002835651161149144,0.003801849205046892,0.0017917081713676453
253,0.002223524497821927,0.002373440144583583,deterministic_post_update_meta_query_loss,0.0041488343849778175,0.022084602979192503,730.5486777250189,0.001,0.0013669643085449934,0.0021200994960963726,0.005187241360545158,0.0022530644200742245,0.002762184478342533,0.0020946089643985033,0.0062713101506233215,0.0028095045126974583,0.005156470462679863,0.0018403445137664676
254,0.0021589340176433325,0.002352680335752666,deterministic_post_update_meta_query_loss,0.004348442889750004,0.0211955878328843,733.4080241289921,0.001,0.002614830154925585,0.0021123061887919903,0.0023034196346998215,0.0021518536377698183,0.004275521729141474,0.0020252536050975323,0.007431894540786743,0.0027023940347135067,0.005116546526551247,0.0018028621561825275
255,0.002138255862519145,0.002336669946089387,deterministic_post_update_meta_query_loss,0.004736693110316992,0.012307420984303761,736.3757142531686,0.001,0.0036636495497077703,0.002208729274570942,0.0029627641197293997,0.0020292596891522408,0.005078005604445934,0.001904414384625852,0.00716965738683939,0.002790248254314065,0.004809390287846327,0.0017586280591785908
256,0.002116848947480321,0.0023149110376834868,deterministic_post_update_meta_query_loss,0.00345322722569108,0.013540964735713113,739.237500134157,0.001,0.0013714968226850033,0.0023648219648748636,0.002237237524241209,0.001959248911589384,0.003202025080099702,0.00172674551140517,0.00715226586908102,0.0028465990908443928,0.003303111996501684,0.001686828793026507
257,0.0020848088897764683,0.0022978946100920437,deterministic_post_update_meta_query_loss,0.00360097736120224,0.01386745518506503,742.1012346381322,0.001,0.0026210094802081585,0.002211236162111163,0.0027963619213551283,0.0019855808932334185,0.003183825872838497,0.0018623764626681805,0.004963192157447338,0.00267651560716331,0.004440496675670147,0.0016883345087990165
258,0.0020734292920678854,0.00227912487462163,deterministic_post_update_meta_query_loss,0.003738485276699066,0.02574457962257829,744.9747577691451,0.001,0.0028875896241515875,0.002067411784082651,0.0017284428467974067,0.0020498218946158886,0.003079934511333704,0.001979858847334981,0.0066417912021279335,0.0025192867033183575,0.004354667849838734,0.0017507660668343306
259,0.00209156540222466,0.002260705269873142,deterministic_post_update_meta_query_loss,0.003332511056214571,0.019524273655036006,747.9368022941053,0.001,0.0023122145794332027,0.002153208013623953,0.0031000906601548195,0.0020925169810652733,0.0037418892607092857,0.001907870639115572,0.003264002036303282,0.0026021962985396385,0.0042443592101335526,0.0017020348459482193
260,0.002051328541710973,0.002245486481115222,deterministic_post_update_meta_query_loss,0.004210870247334242,0.01376355758992008,750.8025996950455,0.001,0.0026336414739489555,0.002183948876336217,0.0031240766402333975,0.001979927299544215,0.005078029818832874,0.0018372471677139401,0.006310766562819481,0.002601363230496645,0.003907834645360708,0.0016541567165404558
261,0.0020232449751347303,0.0022277127020061014,deterministic_post_update_meta_query_loss,0.003824674291536212,0.010277264287407452,753.6526993820444,0.001,0.00259990943595767,0.0023324377834796906,0.003784696338698268,0.0019202542025595903,0.0013483483344316483,0.0016615245258435607,0.007275835610926151,0.0026296814903616905,0.004114582668989897,0.001572327921167016
262,0.0019813580438494682,0.0022147644544020296,deterministic_post_update_meta_query_loss,0.0033791810274124146,0.007833628557896015,756.5154120749794,0.001,0.0020651938393712044,0.0022645301651209593,0.0025487884413450956,0.0018993834964931011,0.0016035988228395581,0.0016853647539392114,0.0074898903258144855,0.0025126850232481956,0.00318843312561512,0.0015448270132765174
263,0.0020096187945455313,0.002203018288128078,deterministic_post_update_meta_query_loss,0.003489455208182335,0.019669962544655747,759.4713641861454,0.001,0.0025430440437048674,0.002076736418530345,0.002808853518217802,0.002081026788800955,0.0028544815722852945,0.001852364744991064,0.003932642284780741,0.0024467152543365955,0.005308255087584257,0.0015912511153146625
264,0.0020058699883520603,0.002192321280017495,deterministic_post_update_meta_query_loss,0.004227490164339542,0.017737348049258958,762.3283358670305,0.001,0.0014455466298386455,0.0021288932766765356,0.004940953105688095,0.0020533364731818438,0.005306378472596407,0.0019195334753021598,0.005803289823234081,0.0023928412701934576,0.003641281044110656,0.0015347445150837302
265,0.0019546111579984426,0.0021872614976018666,deterministic_post_update_meta_query_loss,0.0041380287148058414,0.005315193016967787,765.1830381529871,0.001,0.004381648264825344,0.0022137018386274576,0.00472957082092762,0.0020317791495472193,0.0013656775699928403,0.0016657889354974031,0.007017556577920914,0.0024083545431494713,0.0031956892926245928,0.0014534321380779147
266,0.001991420751437545,0.00217895598616451,deterministic_post_update_meta_query_loss,0.00339871714822948,0.011423742142270786,768.1567733401898,0.001,0.0011386619880795479,0.0023762802593410015,0.004077591933310032,0.0019196466309949756,0.005298856180161238,0.001732243923470378,0.005697889253497124,0.0025732326321303844,0.0007805873174220324,0.0013557001948356628
267,0.001968816388398409,0.0021743962541222574,deterministic_post_update_meta_query_loss,0.0041253212839365005,0.004848006807412136,771.0049753920175,0.001,0.004685407038778067,0.0021957859862595797,0.004773007705807686,0.0020106045994907618,0.005331047344952822,0.0017845123074948788,0.0033833181951195,0.0024837299715727568,0.0024538268335163593,0.0013694484950974584
268,0.001964488998055458,0.002169741247780621,deterministic_post_update_meta_query_loss,0.003410105360671878,0.012516875874979561,773.8642723080702,0.001,0.004541867878288031,0.0021124817430973053,0.001085188239812851,0.002064341679215431,0.00322525342926383,0.0018624220974743366,0.004824771545827389,0.0023785631638020277,0.0033734452445060015,0.001404635957442224
269,0.001958956243470311,0.0021652202820405366,deterministic_post_update_meta_query_loss,0.0042210654355585575,0.015152149731294773,776.8245725380257,0.001,0.0025987715926021338,0.0021514485124498606,0.005466041155159473,0.0021283270325511694,0.0026177032850682735,0.0018224500818178058,0.0052283150143921375,0.002300941850990057,0.005194495432078838,0.0013916136231273413
270,0.0019298322731629014,0.0021646504988893866,deterministic_post_update_meta_query_loss,0.004826484713703394,0.006065679308293946,779.6925625230651,0.001,0.004833988845348358,0.0022242171689867973,0.0041243708692491055,0.002079838654026389,0.0036925645545125008,0.0016688477480784059,0.008012652397155762,0.002352092182263732,0.0034688450396060944,0.0013241651467978954
271,0.0019355807453393936,0.002157206600531936,deterministic_post_update_meta_query_loss,0.004662667401134968,0.012341700637294707,782.5543066170067,0.001,0.004770957864820957,0.002322584856301546,0.005729734431952238,0.0020005651749670506,0.003889939747750759,0.001624137512408197,0.00696127163246274,0.002453831722959876,0.0019614326301962137,0.001276784809306264
272,0.0019440733594819903,0.0021528034238144757,deterministic_post_update_meta_query_loss,0.002727819373831153,0.018286061264993173,785.5226699821651,0.001,0.0020972529891878366,0.002412138506770134,0.002143894787877798,0.001953871687874198,0.0029108086600899696,0.001576203154399991,0.004776856862008572,0.002499556867405772,0.0017102829879149795,0.0012785957660526037
273,0.0019684794824570417,0.002147750463336706,deterministic_post_update_meta_query_loss,0.004769291263073683,0.023430037582275923,788.3844395240303,0.001,0.004077235236763954,0.0020932124461978674,0.005482767708599567,0.002214228268712759,0.005536834243685007,0.0019435930298641324,0.005711613222956657,0.0022151137236505747,0.003038003109395504,0.0013762491289526224
274,0.001934054889716208,0.0021429151529446244,deterministic_post_update_meta_query_loss,0.004982034210115671,0.023770243536911536,791.2419902011752,0.001,0.00471296813338995,0.002078962279483676,0.003923810087144375,0.0021506252232939005,0.0034123666118830442,0.0018898022826761007,0.0075943730771541595,0.0021447010803967714,0.005266651511192322,0.0014061830006539822
275,0.001911671832203865,0.002146867895498872,deterministic_post_update_meta_query_loss,0.004363111685961485,0.00786682887886353,794.1054795151576,0.001,0.0031392513774335384,0.0023459012154489756,0.005035372916609049,0.001976772677153349,0.0038528454024344683,0.0015937325078994036,0.0068741231225430965,0.002345187356695533,0.0029139649122953415,0.0012967661023139954
276,0.0019199323141947389,0.0021347439149394633,deterministic_post_update_meta_query_loss,0.003992125391960144,0.020442474581070347,797.0630110560451,0.001,0.002913450123742223,0.0024236792232841253,0.003931516315788031,0.0018881490686908364,0.003094963263720274,0.0014854858163744211,0.006686198525130749,0.002497311681509018,0.0033344991970807314,0.0013050357811152935
277,0.0019032293930649757,0.0021334525663405657,deterministic_post_update_meta_query_loss,0.0038905683904886246,0.003408176238150138,799.9284494409803,0.001,0.004817253910005093,0.002246288349851966,0.001466852962039411,0.0019138895440846682,0.003168384311720729,0.0016561419470235705,0.004757055081427097,0.002333862939849496,0.005243295803666115,0.0013659641845151782
278,0.0018806792795658112,0.0021311708725988863,deterministic_post_update_meta_query_loss,0.004067476838827133,0.01832890528386777,802.7882610762026,0.001,0.004847738891839981,0.0020496505312621593,0.0031465389765799046,0.0020785180386155844,0.00453430600464344,0.0017995251109823585,0.0072685545310378075,0.002104806248098612,0.000540244800504297,0.0013708968181163073
279,0.0019201746908947825,0.002129609091207385,deterministic_post_update_meta_query_loss,0.003593847854062915,0.022855173826090796,805.7412032280117,0.001,0.002436663256958127,0.002109027002006769,0.0021436435636132956,0.002060667844489217,0.003644245211035013,0.0018272001761943102,0.004943284206092358,0.0021552685648202896,0.0048014018684625626,0.0014487094013020396
280,0.0019002445042133331,0.002131845732219517,deterministic_post_update_meta_query_loss,0.004439818672835827,0.008232112042649085,808.6127200941555,0.001,0.004137899726629257,0.0023479468654841185,0.002990372944623232,0.0019145439146086574,0.0037522166967391968,0.0015644081868231297,0.007252327166497707,0.002290197880938649,0.004066275432705879,0.0013841252075508237
281,0.001870692940428853,0.002123111393302679,deterministic_post_update_meta_query_loss,0.004145510029047728,0.015028803653279141,811.4665459981188,0.001,0.004999298136681318,0.00232829712331295,0.004258869215846062,0.001818149583414197,0.0031420253217220306,0.0014869429869577289,0.005115336738526821,0.0023589525371789932,0.003212020033970475,0.0013611223548650742
282,0.0018862169235944748,0.0021210364298895,deterministic_post_update_meta_query_loss,0.0041338116861879826,0.007305245953783309,814.4190106431488,0.001,0.002718246541917324,0.0022203996777534485,0.004630983341485262,0.0019862756598740816,0.002789389342069626,0.00163383933249861,0.0071444641798734665,0.0021794033236801624,0.003385973861441016,0.0014111663913354278
283,0.001918550580739975,0.0021192758809775113,deterministic_post_update_meta_query_loss,0.004011844750493765,0.01088446758266203,817.2770291101187,0.001,0.003174250479787588,0.0021994183771312237,0.0030909532215446234,0.0020342387724667788,0.0044509489089250565,0.0017307663802057505,0.00474068708717823,0.0021963752806186676,0.004602384753525257,0.0014319544425234199
284,0.0019008461385965347,0.0021167488070204855,deterministic_post_update_meta_query_loss,0.0051786513067781925,0.021185885467129958,820.1243378380314,0.001,0.005037872586399317,0.0020882808603346348,0.0053932094015181065,0.002093076938763261,0.004658477380871773,0.001801603240892291,0.007494924124330282,0.0020782542414963245,0.003308772575110197,0.0014430152950808406
285,0.0019031651318073273,0.002117287809960544,deterministic_post_update_meta_query_loss,0.0032578555401414633,0.005907982896650525,823.0660536631476,0.001,0.0026341136544942856,0.0023422075901180506,0.00378591101616621,0.0019357342971488833,0.0030884360894560814,0.001596823800355196,0.005049286410212517,0.0022720093838870525,0.0017315298318862915,0.001369050471112132
286,0.0019174745539203286,0.0021108627784997224,deterministic_post_update_meta_query_loss,0.004559587221592665,0.010207997916226591,825.9118831839878,0.001,0.0027465715538710356,0.0024067272897809744,0.00542149692773819,0.0019339269492775202,0.003163957968354225,0.001541108707897365,0.005785797722637653,0.002318848157301545,0.0056801121681928635,0.0013867613160982728
287,0.0019135408801957965,0.0021091376431286333,deterministic_post_update_meta_query_loss,0.0034242810215801,0.0036906693131052107,828.7502981771249,0.001,0.0012137661688029766,0.002341411542147398,0.0031126076355576515,0.0019353724783286452,0.003366416320204735,0.0016507415566593409,0.004016736522316933,0.002257673302665353,0.005411877296864986,0.0013825057540088892
288,0.0019397278083488345,0.0021064577624201773,deterministic_post_update_meta_query_loss,0.004580943379551172,0.015722616590855047,831.7260732601862,0.001,0.003082300303503871,0.0021437376271933317,0.0055733732879161835,0.002136653522029519,0.005261504091322422,0.0018086363561451435,0.0033346686977893114,0.002196974353864789,0.005652870051562786,0.0014126361347734928
289,0.0019265785813331604,0.002105119451880455,deterministic_post_update_meta_query_loss,0.0038728804793208838,0.011658239420283762,834.5896829771809,0.001,0.003500084625557065,0.0021864937152713537,0.005197558552026749,0.0021560622844845057,0.0055267419666051865,0.0017827710835263133,0.0033183402847498655,0.0021507965866476297,0.0018216758035123348,0.0013567685382440686
290,0.0018745549023151398,0.0021061262814328074,deterministic_post_update_meta_query_loss,0.0043614753521978855,0.004011925307998215,837.4627371071838,0.001,0.004719136282801628,0.002259319880977273,0.005633621476590633,0.0020115438383072615,0.0028802896849811077,0.0015535418642684817,0.005165548995137215,0.0022200674284249544,0.0034087800886482,0.0013283009175211191
291,0.0018858759431168437,0.0021012458950281144,deterministic_post_update_meta_query_loss,0.0037260574754327536,0.014139233311334112,840.3076611261349,0.001,0.0020015034824609756,0.002437454415485263,0.0026624095626175404,0.0018892186926677823,0.004754478111863136,0.0015620909398421645,0.008207813836634159,0.0022218655794858932,0.001004080637358129,0.001318749855272472
292,0.0018893041415140033,0.0021004648646339775,deterministic_post_update_meta_query_loss,0.004965195432305336,0.007439788752363293,843.231048634043,0.001,0.004039950668811798,0.0022099262569099665,0.005414930172264576,0.0020805823151022196,0.004296060651540756,0.0016948978882282972,0.006269758101552725,0.0021160042379051447,0.0048052784986793995,0.0013451100094243884
293,0.0018696235492825508,0.002099282993003726,deterministic_post_update_meta_query_loss,0.005006204824894667,0.01384319629371452,846.0632248271722,0.001,0.005039772484451532,0.002103678649291396,0.004140974022448063,0.0020884384866803885,0.005406499374657869,0.0017795714084059,0.007496899925172329,0.0020410618744790554,0.0029468797147274017,0.0013353676768019795
294,0.0018825092120096087,0.0021015999373048544,deterministic_post_update_meta_query_loss,0.004216931294649839,0.002902454294553842,848.9017866351642,0.001,0.0035924173425883055,0.0022401679307222366,0.005044169258326292,0.0020830000285059214,0.0028639999218285084,0.001604533987119794,0.006683884188532829,0.002163998316973448,0.0029001832008361816,0.0013208449818193913
295,0.0018654585583135486,0.00209853439591825,deterministic_post_update_meta_query_loss,0.005100492853671312,0.008743803703833517,851.8438704840373,0.001,0.004936535377055407,0.0022969618439674377,0.0008661705069243908,0.0018782741390168667,0.00557384779676795,0.0015900027938187122,0.008165162056684494,0.002205838914960623,0.005960747599601746,0.0013562141684815288
296,0.0018737890059128404,0.002095736842602491,deterministic_post_update_meta_query_loss,0.004229843616485596,0.010027058647608254,854.6635368620045,0.001,0.0035460195504128933,0.0023117500822991133,0.004172448068857193,0.0019850186072289944,0.0007924734964035451,0.0014821254881098866,0.0071451072581112385,0.002242481801658869,0.005493169650435448,0.0013475685846060514
297,0.001879770657978952,0.002094022836536169,deterministic_post_update_meta_query_loss,0.005164011847227812,0.018085588377649384,857.4884564161766,0.001,0.005085463169962168,0.0020646555349230766,0.003868955187499523,0.002126720966771245,0.0053377761505544186,0.0017821849323809147,0.005591630004346371,0.0020382520742714405,0.005936234258115292,0.0013870390830561519
298,0.001870124600827694,0.0020943775540217756,deterministic_post_update_meta_query_loss,0.00402239290997386,0.004855432625077997,860.3251990370918,0.001,0.005244409665465355,0.002131283050402999,0.0030686373356729746,0.0020558973774313927,0.003932848107069731,0.001679781242273748,0.004718754440546036,0.0021292713936418295,0.003147314302623272,0.0013543894747272134
299,0.001875460147857666,0.0020952957682311537,deterministic_post_update_meta_query_loss,0.004842726979404688,0.0030773916617740428,863.255693243118,0.001,0.004842146299779415,0.002240546280518174,0.00554297212511301,0.0020653523970395327,0.0010241620475426316,0.0015736011555418372,0.0082708690315485,0.002152408007532358,0.004533483646810055,0.0013453931314870715
300,0.0018926475895568728,0.0020919092930853367,deterministic_post_update_meta_query_loss,0.0044897436164319515,0.007728313767087772,866.0770707069896,0.001,0.0014891901519149542,0.0023645821493119,0.004540720488876104,0.001937543274834752,0.005884709767997265,0.001636705594137311,0.007270463742315769,0.0021704521495848894,0.0032636350952088833,0.0013539536157622933
301,0.0019021386979147792,0.0020923289004713295,deterministic_post_update_meta_query_loss,0.0035162901040166616,0.005252820783349596,868.9053483000025,0.001,0.003688996424898505,0.0022168320138007402,0.0034541855566203594,0.0020256144925951958,0.005110084544867277,0.0016724963206797838,0.003062325529754162,0.002233586274087429,0.002265858929604292,0.001362164388410747
302,0.001907598227262497,0.0020900653209537266,deterministic_post_update_meta_query_loss,0.004177786409854889,0.01995634989685176,871.7465878231451,0.001,0.0034234251361340284,0.002079976489767432,0.005740541033446789,0.002150657819584012,0.005151256453245878,0.001890574349090457,0.005974604748189449,0.002026768634095788,0.0005991046782582998,0.0013900131452828646
303,0.0018567066872492433,0.002093440457247198,deterministic_post_update_meta_query_loss,0.004039745777845383,0.006194509298812598,874.6706395649817,0.001,0.0053046829998493195,0.0021170631516724825,0.0026484872214496136,0.002029446419328451,0.0017066749278455973,0.0016412331024184823,0.007114593405276537,0.002086229156702757,0.0034242901019752026,0.001409561955370009
304,0.0018866030732169747,0.0020890642656013368,deterministic_post_update_meta_query_loss,0.003283299505710602,0.01645257504032201,877.529224584112,0.001,0.0034490972757339478,0.0023427647538483143,0.0019295421661809087,0.0018856857204809785,0.003252495313063264,0.001538352109491825,0.004669662099331617,0.0022811705712229013,0.003115700092166662,0.0013850417453795671
305,0.0018917042762041092,0.002090641367249191,deterministic_post_update_meta_query_loss,0.0029011755250394344,0.002722397567038369,880.363193406025,0.001,0.0028587807901203632,0.002277580089867115,0.0018784475978463888,0.001999401720240712,0.003680319059640169,0.0016573765315115452,0.004241601563990116,0.002143485238775611,0.001846727216616273,0.0013806783827021718
306,0.0019095009192824364,0.002087774523533881,deterministic_post_update_meta_query_loss,0.0037574523594230413,0.02105351020615283,883.3007269860245,0.001,0.0036643436178565025,0.002048502443358302,0.0021493122912943363,0.0020954632200300694,0.006184111814945936,0.0019204029813408852,0.003515532473102212,0.0020511839538812637,0.003273962065577507,0.0014319518813863397
307,0.0018958930158987641,0.002089306595735252,deterministic_post_update_meta_query_loss,0.0030506327748298645,0.0030244277380333156,886.1563827141654,0.001,0.002977081574499607,0.0021582371555268764,0.004198955371975899,0.0020790747366845608,0.004075142554938793,0.0016723581356927752,0.0017864878755062819,0.0021794303320348263,0.002215496264398098,0.0013903649523854256
308,0.0019092460861429572,0.0020879584131762385,deterministic_post_update_meta_query_loss,0.004634066950529814,0.007129877212471045,889.0171880831476,0.001,0.003060950431972742,0.002277844585478306,0.006085916887968779,0.002008615294471383,0.006023305933922529,0.0016466104425489902,0.004847662523388863,0.0022268714383244514,0.003152496414259076,0.001386288902722299
309,0.0018589772516861558,0.002085898770019412,deterministic_post_update_meta_query_loss,0.004633461125195026,0.0038625044831232217,891.9840299370699,0.001,0.0029422491788864136,0.0022818970028311014,0.006118276156485081,0.0020259737502783537,0.0005256886361166835,0.0015040611615404487,0.008393997326493263,0.0020676013082265854,0.0051870946772396564,0.0014153524534776807
310,0.0018857906106859446,0.002085327939130366,deterministic_post_update_meta_query_loss,0.005093074403703213,0.005941898964736233,894.8255841641221,0.001,0.004416745156049728,0.002227753633633256,0.0059316339902579784,0.002091891597956419,0.004767432808876038,0.0016967329429462552,0.008378950878977776,0.002015851903706789,0.001970608253031969,0.0013967226259410381
311,0.0018743829568848014,0.002085252571851015,deterministic_post_update_meta_query_loss,0.003932404797524214,0.008183685673674479,897.658434051089,0.001,0.003129656659439206,0.002141151111572981,0.005474859848618507,0.002119068754836917,0.003160540945827961,0.0016705648740753531,0.00436925096437335,0.002052085008472204,0.0035277148708701134,0.0013890452682971954
312,0.0018853688379749656,0.0020867382641881703,deterministic_post_update_meta_query_loss,0.003877317300066352,0.002046159989579443,900.6057776871603,0.001,0.00406521325930953,0.0022431809920817614,0.0018354477360844612,0.0020095782820135355,0.006280320696532726,0.001719457097351551,0.005189303308725357,0.0020723920315504074,0.0020163003355264664,0.0013822363689541817
313,0.001856809831224382,0.0020840666256844997,deterministic_post_update_meta_query_loss,0.004084269981831312,0.009276950352777888,903.4294710550457,0.001,0.004626394249498844,0.002210549544543028,0.0028080556076020002,0.001953192288056016,0.0023691807873547077,0.001530292211100459,0.00456301961094141,0.0021950937807559967,0.006054699420928955,0.00139492133166641
314,0.0019151102751493454,0.0020835348404943943,deterministic_post_update_meta_query_loss,0.0047308350913226604,0.0055029918176946096,906.255042348057,0.001,0.0012318259105086327,0.002260183449834585,0.006077982485294342,0.0020887376740574837,0.00632381159812212,0.001762688742019236,0.006395320408046246,0.002079520607367158,0.0036252341233193874,0.0013844206696376204
315,0.0018866591854020953,0.0020832990296185015,deterministic_post_update_meta_query_loss,0.0036880120169371367,0.0028957988472325504,909.0890128281899,0.001,0.0011855970369651914,0.0022335676476359367,0.0031588030979037285,0.0020506014116108418,0.0035993612837046385,0.001693747122772038,0.005619429983198643,0.002076678676530719,0.004876868799328804,0.0013787010684609413
316,0.001895548077300191,0.0020850593456998466,deterministic_post_update_meta_query_loss,0.005077357869595289,0.0069093679611461475,912.029193776194,0.001,0.004571486264467239,0.002162147546187043,0.003326119389384985,0.0020411130972206593,0.0063119675032794476,0.0017624238971620798,0.0048937322571873665,0.0020962427370250225,0.006283482536673546,0.0014158128760755062
317,0.0018714414909482002,0.0020841918187215923,deterministic_post_update_meta_query_loss,0.003940861206501722,0.00655514513027463,914.8538346840069,0.001,0.004407314117997885,0.002247077412903309,0.0033978144638240337,0.00200852332636714,0.004365444183349609,0.0015782909467816353,0.006414161529392004,0.0021333282347768545,0.0011195719707757235,0.0013899877667427063
318,0.0018474037060514092,0.0020831370493397117,deterministic_post_update_meta_query_loss,0.0042410618625581264,0.007211314940372848,917.6738317550626,0.001,0.005382556933909655,0.0021713573951274157,0.006334126926958561,0.002079261699691415,0.001463959226384759,0.001502195023931563,0.006560190115123987,0.002119482960551977,0.0014644749462604523,0.0013647209852933884
319,0.0018808894092217088,0.0020836771931499244,deterministic_post_update_meta_query_loss,0.004075204487890005,0.007191079640566277,920.629725570092,0.001,0.001209236215800047,0.0021745499689131975,0.004004332236945629,0.0020907309371978045,0.005116099491715431,0.0017359481425955892,0.005806250963360071,0.002003694651648402,0.0042401026003062725,0.0013995239278301597
320,0.0018756788922473788,0.002083478891290724,deterministic_post_update_meta_query_loss,0.004492191132158041,0.013007320639366526,923.5046446099877,0.001,0.0022888858802616596,0.0021221530623733997,0.002390272216871381,0.00208977609872818,0.003848850727081299,0.0017663388280197978,0.007929228246212006,0.0019731828942894936,0.006003718823194504,0.001426943694241345
321,0.0018671288853511214,0.0020926941186189653,deterministic_post_update_meta_query_loss,0.006155670620501041,0.0047566499547735215,926.361082182033,0.001,0.005516711622476578,0.002129318891093135,0.006125612184405327,0.002053070580586791,0.005687246099114418,0.001636203844100237,0.007023339159786701,0.002084328094497323,0.006425442639738321,0.001432722550816834
322,0.0018811766058206558,0.002083780406974256,deterministic_post_update_meta_query_loss,0.00439900066703558,0.020497217091662214,929.3135962951928,0.001,0.0006571560516022146,0.002505226293578744,0.004595177248120308,0.0018932200036942959,0.004927192348986864,0.001481541316024959,0.00889851525425911,0.0021594471763819456,0.0029169616755098104,0.0013664481230080128
323,0.001864618039689958,0.0020826303632929923,deterministic_post_update_meta_query_loss,0.005120666231960058,0.002031712049810217,932.1785332299769,0.001,0.0037391800433397293,0.002252211095765233,0.0057526505552232265,0.002053277101367712,0.004253531340509653,0.0015647603431716561,0.005918929819017649,0.0020453021861612797,0.0059390380047261715,0.0014075393555685878
324,0.0018823075806722045,0.002083186944946647,deterministic_post_update_meta_query_loss,0.004360484424978495,0.00951332423286954,935.0330249262042,0.001,0.0015164477517828345,0.0021618420723825693,0.0062610190361738205,0.002142274519428611,0.0024588315282016993,0.0016765788896009326,0.005683884024620056,0.002013714052736759,0.00588223896920681,0.0014171282527968287
325,0.0018853202927857637,0.002083615632727742,deterministic_post_update_meta_query_loss,0.005307837855070829,0.01828385332298898,937.9737920491025,0.001,0.004479688126593828,0.0020853294990956783,0.0035258522257208824,0.002139051677659154,0.005270048044621944,0.0018321622628718615,0.007402884773910046,0.0019333077361807227,0.00586071377620101,0.0014367502881214023
326,0.0018495526164770126,0.0020861968630924823,deterministic_post_update_meta_query_loss,0.004609750118106604,0.008849298727810491,940.8440083770547,0.001,0.0051759397611021996,0.0022032279521226883,0.003137352643534541,0.001990821911022067,0.0028300152625888586,0.0015262577217072248,0.006657046265900135,0.0021319182123988867,0.0052483947947621346,0.0013955371687188745
327,0.0018938705325126648,0.0020802934421226384,deterministic_post_update_meta_query_loss,0.005127658601850271,0.012803088229230633,943.7059145641979,0.001,0.0031546498648822308,0.0023433275055140257,0.006316330283880234,0.0020281588658690453,0.005970248486846685,0.0015475922264158726,0.006810666993260384,0.0021648425608873367,0.003386395750567317,0.0013854315038770437
328,0.00186336156912148,0.0020803388906642795,deterministic_post_update_meta_query_loss,0.004676245152950287,0.0026777883886490144,946.6772667330224,0.001,0.005117036402225494,0.00215066852979362,0.006385471671819687,0.0021028572227805853,0.0036068374756723642,0.0015880096470937133,0.0028502533677965403,0.002074519405141473,0.0054216282442212105,0.0014007523423060775
329,0.0019009429961442947,0.0020790366688743234,deterministic_post_update_meta_query_loss,0.0045074764639139175,0.013747134662231765,949.5529011341278,0.001,0.002170660300180316,0.002136688446626067,0.00216923700645566,0.0021278797648847103,0.00634325947612524,0.0018317856593057513,0.007316072471439838,0.0019915273878723383,0.004538152366876602,0.0014168339548632503
330,0.001832917332649231,0.0020836709765717385,deterministic_post_update_meta_query_loss,0.004622000735253096,0.006005231040510214,952.4197425800376,0.001,0.005557897966355085,0.0021061727311462164,0.0009294674382545054,0.002029822440817952,0.004198419861495495,0.00165294180624187,0.008354505524039268,0.001976736355572939,0.004069711081683636,0.00139891286380589
331,0.0018824980361387134,0.002080316003412008,deterministic_post_update_meta_query_loss,0.004831250291317701,0.012628668293488996,955.2843937249854,0.001,0.004676061682403088,0.0022809815127402544,0.004451792687177658,0.001948734512552619,0.005930681712925434,0.0015690746949985623,0.002733964938670397,0.002226215787231922,0.00636375043541193,0.001387482974678278
332,0.0018820215482264757,0.0020786446053534745,deterministic_post_update_meta_query_loss,0.004093524068593979,0.008048945330138309,958.2325108540244,0.001,0.004704320337623358,0.0022453602869063616,0.006330615840852261,0.002059215446934104,0.00518430070951581,0.0015907672932371497,0.003586040809750557,0.00214978470467031,0.0006623418885283172,0.0013649791944772005
333,0.0018488739151507616,0.002077882341109216,deterministic_post_update_meta_query_loss,0.004010708071291447,0.013535540687899856,961.0760422321036,0.001,0.002535137115046382,0.0021397932432591915,0.0017957781674340367,0.002086587715893984,0.0038340336177498102,0.0017228958895429969,0.008567750453948975,0.0018960707820951939,0.0033208411186933517,0.001399021246470511
334,0.0018621711060404778,0.0020797425881028176,deterministic_post_update_meta_query_loss,0.005728724412620068,0.01032575745696475,963.9438260521274,0.001,0.00547533854842186,0.002111641922965646,0.0032735273707658052,0.002059419173747301,0.0052130320109426975,0.001741559710353613,0.008196872659027576,0.0019808670040220022,0.006484850309789181,0.0014173679519444704
335,0.0018774804193526506,0.0020794527838006614,deterministic_post_update_meta_query_loss,0.0036931477952748537,0.009286964567321879,966.9047480451409,0.001,0.001982792280614376,0.002309171948581934,0.0009298447985202074,0.001967696938663721,0.0037180823273956776,0.0015862828586250544,0.005822464358061552,0.002137149218469858,0.00601255614310503,0.0013871011324226856
336,0.0018599570030346513,0.0020768076181411745,deterministic_post_update_meta_query_loss,0.00575151527300477,0.00694763578897095,969.7801914659794,0.001,0.005138936452567577,0.0022598272189497948,0.004779662936925888,0.0019809941295534372,0.005076467990875244,0.0015771751059219241,0.00787645298987627,0.002095357282087207,0.00588605459779501,0.0013864310458302498
337,0.0018618246540427208,0.0020771564217284323,deterministic_post_update_meta_query_loss,0.004991081543266773,0.0038170556163201726,972.6384102141019,0.001,0.0035657226108014584,0.0021616604644805193,0.0063138697296381,0.0021329750306904316,0.004135602153837681,0.0015951318200677633,0.006871937308460474,0.0020223851315677166,0.004068274516612291,0.0013969710562378168
338,0.001830566325224936,0.002078752522356808,deterministic_post_update_meta_query_loss,0.005161605775356293,0.016851929677616718,975.5071796281263,0.001,0.005199634935706854,0.002002920024096966,0.006113406270742416,0.0021355710923671722,0.0031902065966278315,0.0017003582324832678,0.007623797748237848,0.0019318400882184505,0.003680985188111663,0.0013821420725435019
339,0.0019042522180825472,0.002077127667143941,deterministic_post_update_meta_query_loss,0.004990954417735338,0.012540676436397238,978.4709263490513,0.001,0.00439024344086647,0.002305752830579877,0.004928309004753828,0.0019543259404599667,0.006430896930396557,0.0016429937677457929,0.0032167050521820784,0.002218688139691949,0.005988618824630976,0.0013995005283504725
340,0.0018616619054228067,0.0020765034249052407,deterministic_post_update_meta_query_loss,0.004553893115371466,0.002176919319858295,981.3311057891697,0.001,0.004746772348880768,0.002175824251025915,0.005174750462174416,0.0020737769082188606,0.005918350536376238,0.0016361275920644403,0.004869735799729824,0.0020349433179944754,0.0020598575938493013,0.0013876371085643768
341,0.001858200877904892,0.002076182048767805,deterministic_post_update_meta_query_loss,0.0049112718552351,0.0024108935969156457,984.1948679671623,0.001,0.0053843241184949875,0.0021362188272178173,0.005902397911995649,0.002105096820741892,0.0037367732729762793,0.0016198838129639626,0.005923834629356861,0.0020415708422660828,0.0036090300418436527,0.0013882347848266363
342,0.001840917393565178,0.0020760205341503026,deterministic_post_update_meta_query_loss,0.0038558521773666143,0.0018907705028851957,987.0494860750623,0.001,0.005529877729713917,0.0021245914977043867,0.0004547381540760398,0.0019920675549656153,0.005343433003872633,0.001646905904635787,0.003405192634090781,0.002044504042714834,0.004546018783003092,0.001396517502143979
343,0.001852728775702417,0.002075567655265331,deterministic_post_update_meta_query_loss,0.0039170850068330765,0.003000397763016144,990.001907149097,0.001,0.002235469175502658,0.002267268020659685,0.0029256478883326054,0.002058193553239107,0.003517759731039405,0.0016039736801758409,0.008689077571034431,0.001962874084711075,0.002217470668256283,0.0013713343068957329
344,0.0018643148941919208,0.002075535850599408,deterministic_post_update_meta_query_loss,0.004082751926034689,0.006416314639477979,992.8591288311873,0.001,0.0028121790383011103,0.002205965109169483,0.004571670666337013,0.00207850756123662,0.001101875095628202,0.0016119735082611442,0.005413699895143509,0.0019723211880773306,0.006514334119856358,0.001452806987799704
345,0.001883390243165195,0.0020769557217136026,deterministic_post_update_meta_query_loss,0.004506868775933981,0.003665211388654482,995.7130821649916,0.001,0.0011139734415337443,0.002239583758637309,0.00456234673038125,0.002040137303993106,0.005930033046752214,0.0016732276417315006,0.004982887301594019,0.002041034633293748,0.005945104174315929,0.0014229678781703115
346,0.001876027905382216,0.0020749374758452176,deterministic_post_update_meta_query_loss,0.004256786312907934,0.011347872073865702,998.6794313981663,0.001,0.00455969525501132,0.0022662868723273277,0.005884970538318157,0.0020324806682765484,0.002364450367167592,0.0015141593758016825,0.0022190874442458153,0.0021707185078412294,0.006255729123950005,0.0013964937534183264
347,0.0018671101424843073,0.0020750174531713127,deterministic_post_update_meta_query_loss,0.004756213165819645,0.0060928504264796315,1001.539267386077,0.001,0.0035360942129045725,0.002145036356523633,0.0035735873971134424,0.0020628117490559816,0.006422529462724924,0.0017465873388573527,0.00629049027338624,0.00199483847245574,0.003958363085985184,0.0013862760970368981
348,0.001869000494480133,0.0020763139706104993,deterministic_post_update_meta_query_loss,0.004505107644945383,0.010904803763861432,1004.409247550182,0.001,0.004223537631332874,0.002099688397720456,0.005830548703670502,0.002160077216103673,0.005369654856622219,0.001738748513162136,0.00547665823251009,0.0019722995348274708,0.0016251374036073685,0.0013741888105869293
349,0.0018351537873968482,0.002075139875523746,deterministic_post_update_meta_query_loss,0.004309510346502066,0.009890043703445034,1007.3701543421485,0.001,0.0056710997596383095,0.0022043492645025253,0.002913777017965913,0.002002418041229248,0.00043517668382264674,0.0014661350287497044,0.007375876419246197,0.002080722013488412,0.005151622463017702,0.0014221447054296732
350,0.0018552507972344756,0.0020743846893310548,deterministic_post_update_meta_query_loss,0.00421523442491889,0.0032423061462297444,1010.2326237941161,0.001,0.00392141193151474,0.0022144506219774485,0.000654547824524343,0.0019811373203992844,0.0060538025572896,0.0016611702740192413,0.005416408181190491,0.0020291570108383894,0.005030001513659954,0.0013903392245993018
351,0.0018630855483934283,0.002075035753659904,deterministic_post_update_meta_query_loss,0.004943558480590582,0.011130090368331498,1013.1020332199987,0.001,0.004319155588746071,0.0021485434845089912,0.004590998403728008,0.002183358883485198,0.0022992119193077087,0.0016437371959909797,0.007405951619148254,0.0019210790051147342,0.006102473940700293,0.001418708823621273
352,0.0018705744296312332,0.002079214248806238,deterministic_post_update_meta_query_loss,0.006471441593021154,0.0025159296984972627,1016.0642752530985,0.001,0.0051614223048090935,0.0021868920885026455,0.006423402111977339,0.0020867357961833477,0.006082260049879551,0.0016658853273838758,0.008339319378137589,0.002001764951273799,0.0063508059829473495,0.0014115938683971763
353,0.0018692717421799898,0.002075440436601639,deterministic_post_update_meta_query_loss,0.00482183089479804,0.010896263656410578,1018.9292211839929,0.001,0.0011407231213524938,0.0023694883566349745,0.003518987912684679,0.0019142735982313752,0.006475456524640322,0.0015664513921365142,0.006494008935987949,0.0020922599360346794,0.006479978561401367,0.001403884612955153
354,0.0018767397850751877,0.002074747905135155,deterministic_post_update_meta_query_loss,0.004553037695586681,0.0059462265302385004,1021.8051782920957,0.001,0.004354387056082487,0.0022997104097157717,0.0028907821979373693,0.002017951337620616,0.006569543853402138,0.0016506598331034184,0.005277295131236315,0.002030041301622987,0.0036731790751218796,0.0013853360433131456
355,0.001911774161271751,0.002075125044211745,deterministic_post_update_meta_query_loss,0.003927537240087986,0.009673455517790988,1024.6659062060062,0.001,0.00013109105930197984,0.0022316945251077414,0.0044038319028913975,0.0022028163075447083,0.0037449507508426905,0.0017401992809027433,0.006978105753660202,0.0019614023622125387,0.004379707388579845,0.0014227578649297357
356,0.0018731901654973626,0.0020768063142895697,deterministic_post_update_meta_query_loss,0.003861519042402506,0.015793749314848775,1027.633912504185,0.001,0.0012405193410813808,0.0021435932721942663,0.003470514202490449,0.002168732462450862,0.003375937696546316,0.0017284882487729192,0.006555204279720783,0.0018891715444624424,0.0046654194593429565,0.001435965532436967
357,0.0018604201031848788,0.002075309189967811,deterministic_post_update_meta_query_loss,0.004213686566799879,0.014526725868210251,1030.493016570108,0.001,0.004007263109087944,0.0022792203817516565,0.003146612783893943,0.0019392070826143026,0.00588164571672678,0.0015793973580002785,0.004700071178376675,0.002110752509906888,0.0033328388817608356,0.0013935224851593375
358,0.0018501667072996497,0.002073365286923945,deterministic_post_update_meta_query_loss,0.004481890704482794,0.00393981929188885,1033.3471873800736,0.001,0.00333721237257123,0.002202009316533804,0.006048358976840973,0.002079989295452833,0.0025576455518603325,0.0015451650833711028,0.00573481572791934,0.00203572865575552,0.004731420427560806,0.0013879414182156324
359,0.0018381410045549273,0.002073983452282846,deterministic_post_update_meta_query_loss,0.005212103016674519,0.010599443791594994,1036.302787071094,0.001,0.00580751895904541,0.002045606030151248,0.0037334132939577103,0.0021310867741703987,0.006340043619275093,0.001719424151815474,0.008493154309689999,0.0018989465897902846,0.0016863839700818062,0.0013956412440165877
360,0.0018596564186736941,0.002078171097673476,deterministic_post_update_meta_query_loss,0.005616387818008661,0.0038224268210152405,1039.162161305081,0.001,0.005715691018849611,0.002125491388142109,0.003439357504248619,0.002025842433795333,0.006514294538646936,0.0016931664431467652,0.005900124087929726,0.0020175061654299498,0.006512471940368414,0.001436275546438992
361,0.0018531602108851075,0.0020729964133352043,deterministic_post_update_meta_query_loss,0.004371941089630127,0.013870153568632465,1042.0374983290676,0.001,0.0020654858089983463,0.002338838530704379,0.004617610946297646,0.001968462485820055,0.0024639968760311604,0.001459585502743721,0.007373287808150053,0.002092795679345727,0.005339323077350855,0.0014061180409044027
362,0.0018795877695083618,0.002072858694009483,deterministic_post_update_meta_query_loss,0.005572037305682898,0.001790686592562664,1045.0042186840437,0.001,0.002930639311671257,0.0022022079210728407,0.0062325503677129745,0.002111048437654972,0.00623118132352829,0.0016207967419177294,0.005933250300586224,0.002041321713477373,0.006532565224915743,0.0014225643826648593
363,0.0018401999259367585,0.0020729072857648134,deterministic_post_update_meta_query_loss,0.004788800608366728,0.015164786248975493,1047.8745250510983,0.001,0.0035767708905041218,0.0021270914003252983,0.003862918121740222,0.002158299321308732,0.00297961151227355,0.0016775155672803521,0.008878318592905998,0.0018120856257155538,0.004646380431950092,0.0014260079478845
364,0.001857861177995801,0.002078995667397976,deterministic_post_update_meta_query_loss,0.004917238838970661,0.0019027280627609473,1050.7369394330308,0.001,0.00560041656717658,0.002158893272280693,0.0035614504013210535,0.002078339457511902,0.004763945005834103,0.0016277686227113008,0.005597035866230726,0.0020117831882089376,0.005063346587121487,0.0014125206507742405
365,0.0018381396075710654,0.002071486716158688,deterministic_post_update_meta_query_loss,0.004647775087505579,0.020137268964873667,1053.6975435290951,0.001,0.004885569214820862,0.0023028601426631212,0.004078896716237068,0.0019047616515308619,0.0028647156432271004,0.0014404463581740856,0.005947742611169815,0.0021538562141358852,0.005461952183395624,0.0013887734385207295
366,0.0018621530616655946,0.002072285395115614,deterministic_post_update_meta_query_loss,0.004559088032692671,0.007369944066861215,1056.5602863791864,0.001,0.005602830555289984,0.0020678641740232706,0.004576079547405243,0.0021738854702562094,0.0036089029163122177,0.0016431690892204642,0.004473628476262093,0.002012210665270686,0.004533996805548668,0.0014136359095573425
367,0.0018494687974452972,0.002071393025107682,deterministic_post_update_meta_query_loss,0.004422779195010662,0.011434366533393263,1059.426712686196,0.001,0.0051803127862513065,0.0020692977122962475,0.004311284516006708,0.0021154528949409723,0.004529967904090881,0.0017459820955991745,0.006245407275855541,0.0019114083843305707,0.0018469224451109767,0.0014052033657208085
368,0.001846400322392583,0.0020795965567231177,deterministic_post_update_meta_query_loss,0.005517061799764633,0.007058194959519107,1062.3967379571404,0.001,0.003118503838777542,0.0021634078584611416,0.005242610350251198,0.0020801741629838943,0.004190424457192421,0.001657085376791656,0.008891741745173931,0.001918409951031208,0.006142027676105499,0.0014129236806184053
369,0.0019014471909031272,0.002071164082735777,deterministic_post_update_meta_query_loss,0.003968351054936647,0.022716447127675954,1065.2579931640066,0.001,0.0027283672243356705,0.00244210846722126,0.002973412163555622,0.001963078510016203,0.006075344514101744,0.0014985176967456937,0.0027301975060254335,0.002202799543738365,0.005334434099495411,0.0014007317367941141
370,0.0018500455189496279,0.0020712128840386867,deterministic_post_update_meta_query_loss,0.005386543460190296,0.006811672469821457,1068.1162813690025,0.001,0.005260756239295006,0.0021364078857004642,0.004632644355297089,0.0020797711331397295,0.006112042814493179,0.0017062467522919178,0.00880104023963213,0.0019267539028078318,0.0021262336522340775,0.0014010481536388397
371,0.0018483661115169525,0.0020709372358396648,deterministic_post_update_meta_query_loss,0.004899568390101194,0.009029934963949184,1070.9787025239784,0.001,0.005675342865288258,0.0020419242791831493,0.0039049782790243626,0.002124856924638152,0.004593383986502886,0.0016916128806769848,0.005141963716596365,0.0019721807911992073,0.005182171240448952,0.0014112553326413035
372,0.001880416995845735,0.0020730859832838178,deterministic_post_update_meta_query_loss,0.004215278662741184,0.0026189991720730545,1073.939712519059,0.001,0.001175526762381196,0.0022793561220169067,0.0058469632640480995,0.0021136936265975237,0.0037996810860931873,0.001648575533181429,0.006791416555643082,0.0019515780732035637,0.0034628037828952074,0.0014088819734752178
373,0.0018250331049785018,0.0020717947278171777,deterministic_post_update_meta_query_loss,0.005009411368519068,0.007474381699819448,1076.8083337461576,0.001,0.005680164322257042,0.002201786497607827,0.005396072752773762,0.002031879499554634,0.0030245657544583082,0.0015164901269599795,0.007713407278060913,0.001993965357542038,0.003232846735045314,0.0013810438103973866
374,0.0018286890117451549,0.0020712404744699596,deterministic_post_update_meta_query_loss,0.004146904684603214,0.00400436198195608,1079.676730564097,0.001,0.0055967215448617935,0.0021350460592657328,0.003933786880224943,0.002028242452070117,0.0009799811523407698,0.0015576451551169157,0.0059232087805867195,0.0020151962526142597,0.004300823900848627,0.0014073150232434273
375,0.0018643757794052362,0.0020710121607407928,deterministic_post_update_meta_query_loss,0.0044062016531825066,0.009230362917868867,1082.6528465661686,0.001,0.0057113636285066605,0.00205243774689734,0.0035013905726373196,0.0021097352728247643,0.005747271701693535,0.0017471864121034741,0.0028052523266524076,0.001993600744754076,0.004265729337930679,0.0014189186040312052
376,0.0018569640815258026,0.002073734859004617,deterministic_post_update_meta_query_loss,0.005281651858240366,0.0059796287370290895,1085.5355325520504,0.001,0.005220654886215925,0.002142570912837982,0.003527304856106639,0.002059750724583864,0.0046614715829491615,0.00166639918461442,0.0065026190131902695,0.0019822220783680677,0.00649621058255434,0.0014338772743940353
377,0.0018793955678120255,0.002073845756240189,deterministic_post_update_meta_query_loss,0.0048834518529474735,0.006668593745052138,1088.3931044980418,0.001,0.001837019226513803,0.0023490639869123697,0.0029445833060890436,0.0020350757986307144,0.006569201126694679,0.0016250628978013992,0.00892866961658001,0.0019990080036222935,0.004137786105275154,0.0013887671520933509
378,0.0018488176865503192,0.0020727670751512052,deterministic_post_update_meta_query_loss,0.0030758182983845472,0.013943760235608274,1091.2486369481776,0.001,0.002715204143896699,0.0023415556643158197,0.0005166219780221581,0.0019659402314573526,0.0024868110194802284,0.0015095105627551675,0.005368756130337715,0.002036477206274867,0.004291698336601257,0.0013906050007790327
379,0.001882214448414743,0.0020733221666887403,deterministic_post_update_meta_query_loss,0.002994921989738941,0.012345906380578763,1094.1980852279812,0.001,0.0012181061320006847,0.0021231581922620535,0.0006805745069868863,0.002133370377123356,0.005449558608233929,0.0017895132768899202,0.0039101955480873585,0.0019529707496985793,0.0037161752115935087,0.0014120590640231967
380,0.0018684223759919405,0.0020798926474526525,deterministic_post_update_meta_query_loss,0.005201061721891165,0.02105514566325954,1097.0583714721724,0.001,0.002931380644440651,0.0020506142172962427,0.0029815363232046366,0.002147513208910823,0.006491819862276316,0.0018538101576268673,0.007494207005947828,0.001850479282438755,0.006106364540755749,0.0014396943151950836
381,0.0018695540493354201,0.0020751318894326686,deterministic_post_update_meta_query_loss,0.004659262020140886,0.022546540598035576,1099.9179036470596,0.001,0.004457495175302029,0.002414488699287176,0.004440979566425085,0.001917238812893629,0.004779020790010691,0.0015125363133847713,0.005944196134805679,0.0021187076345086098,0.0036746179684996605,0.0013847991358488798
382,0.0018671434372663498,0.0020725807175040246,deterministic_post_update_meta_query_loss,0.004872141871601343,0.007373127626300552,1102.7843484061304,0.001,0.0015578801976516843,0.0023107246961444616,0.00551703292876482,0.0020505061838775873,0.006229273974895477,0.0015767366858199239,0.00902565661817789,0.001985923619940877,0.002030865987762809,0.0014118265826255083
383,0.0018885604804381728,0.002072120876982808,deterministic_post_update_meta_query_loss,0.003899271134287119,0.014061134518326765,1105.7516167871654,0.001,0.002043992979452014,0.0021958735305815935,0.004431582055985928,0.002201960887759924,0.0021344427950680256,0.0017362490762025118,0.007306571584194899,0.0018804629798978567,0.0035797657910734415,0.0014282563934102654
384,0.0018502072198316455,0.0020769123919308187,deterministic_post_update_meta_query_loss,0.004741095006465912,0.009596177764928635,1108.6255744469818,0.001,0.003306797705590725,0.002087750006467104,0.004931294359266758,0.002120625227689743,0.004604504443705082,0.0016931194113567472,0.007345748599618673,0.0019343674648553133,0.003517130156978965,0.0014151742216199636
385,0.001889101811684668,0.002074428298510611,deterministic_post_update_meta_query_loss,0.004520395305007696,0.013050370989733539,1111.489906307077,0.001,0.005158779211342335,0.0022749362979084253,0.006312588229775429,0.002036771271377802,0.0056915911845862865,0.0015759369125589728,0.0035104965791106224,0.002168546663597226,0.0019285198068246245,0.0013893172144889832
386,0.0018810041947290301,0.0020721594803035258,deterministic_post_update_meta_query_loss,0.004864211659878492,0.006860987202389969,1114.4445730701555,0.001,0.003152934368699789,0.0022965946700423956,0.005447281524538994,0.0020002007950097322,0.006718567572534084,0.0016733561642467976,0.006148769520223141,0.0020304089412093163,0.002853503217920661,0.0014044598210602999
387,0.0018619816983118653,0.0020728684030473232,deterministic_post_update_meta_query_loss,0.005903173238039017,0.017319454050697652,1117.3059439610224,0.001,0.005284964106976986,0.00205226824618876,0.0063254074193537235,0.002173053100705147,0.006083283573389053,0.0017533035716041923,0.005764278117567301,0.001885419012978673,0.006057932041585445,0.0014458652585744858
388,0.001897783251479268,0.0020724469097331165,deterministic_post_update_meta_query_loss,0.004227989353239536,0.007550370305040173,1120.1641197321005,0.001,0.004539767745882273,0.002210737206041813,0.004003514070063829,0.0020918778609484434,0.006516513414680958,0.0016433594282716513,0.002015938051044941,0.0021436347160488367,0.0040642134845256805,0.0013993065804243088
389,0.0018604682991281152,0.0020726437214761972,deterministic_post_update_meta_query_loss,0.005582120269536972,0.0022471101789626516,1123.1297387981322,0.001,0.005139273591339588,0.0021705005783587694,0.006226778961718082,0.002095300704240799,0.003779451595619321,0.001597812632098794,0.006103607825934887,0.0020215543918311596,0.0066614882089197636,0.0014171730726957321
390,0.0018634930020198226,0.0020709830103442075,deterministic_post_update_meta_query_loss,0.0033565990161150694,0.007919638430636462,1125.9887901330367,0.001,0.0023259895388036966,0.0022487740498036146,0.004593683406710625,0.001996392384171486,0.00299623841419816,0.0015976650174707174,0.0032275861594825983,0.002072626259177923,0.0036394973285496235,0.0014020077651366591
391,0.0018779877573251724,0.002071196190081537,deterministic_post_update_meta_query_loss,0.0051464661955833435,0.010996916454668127,1128.8597043910995,0.001,0.0029274900443851948,0.0021507723722606897,0.006450136192142963,0.002185680205002427,0.005320576019585133,0.0017142004799097776,0.006586977746337652,0.001929999329149723,0.0044471509754657745,0.00140928674954921
392,0.0018322508549317718,0.002074123523198068,deterministic_post_update_meta_query_loss,0.004866964183747768,0.002210388760636123,1131.8342443061993,0.001,0.004052118398249149,0.002159478608518839,0.0059043047949671745,0.002075903583317995,0.00373421935364604,0.0015899721765890718,0.006763597019016743,0.001940334914252162,0.003880581120029092,0.001395565108396113
393,0.0019054189324378967,0.002071118517778814,deterministic_post_update_meta_query_loss,0.005619083996862173,0.009502324522214714,1134.7124496400356,0.001,0.0025547861587256193,0.002382193924859166,0.006541072390973568,0.0020640050061047077,0.006001715548336506,0.0015817099483683705,0.0073286863043904305,0.002094254596158862,0.005669157952070236,0.001404931303113699
394,0.001851132488809526,0.0020699828630313276,deterministic_post_update_meta_query_loss,0.004288188647478819,0.002571480995580444,1137.5804119789973,0.001,0.0016222879057750106,0.002242953749373555,0.005861332640051842,0.0020718122832477093,0.004462347365915775,0.001619143644347787,0.008570251986384392,0.0019447782542556524,0.0009247208945453167,0.0013769748620688915
395,0.0018495334079489112,0.0020697394851595164,deterministic_post_update_meta_query_loss,0.005611540749669075,0.007335490417119111,1140.4424772299826,0.001,0.00461085420101881,0.002135705202817917,0.004055682569742203,0.002099496079608798,0.006026472896337509,0.0016781068406999111,0.007368018850684166,0.0019082716898992658,0.0059966761618852615,0.0014260871103033423
396,0.0018313799519091845,0.0020714601734653114,deterministic_post_update_meta_query_loss,0.004700697027146816,0.00460148662680726,1143.4042071511503,0.001,0.0031749168410897255,0.002098727272823453,0.004815896973013878,0.002084159990772605,0.004993468057364225,0.0016240403056144714,0.005261437967419624,0.0019489838741719723,0.005257764365524054,0.0014009886654093862
397,0.0018651019781827927,0.002072288258932531,deterministic_post_update_meta_query_loss,0.004613847006112337,0.004080861589055328,1146.2668795541395,0.001,0.0040205675177276134,0.0022163791581988335,0.0037341902498155832,0.0020505038555711508,0.0039321803487837315,0.0016142477979883552,0.007074069231748581,0.0020511082839220762,0.0043082283809781075,0.0013932702131569386
398,0.001861925469711423,0.0020696147345006465,deterministic_post_update_meta_query_loss,0.0039711142890155315,0.010668289278404195,1149.127920266008,0.001,0.0007005183724686503,0.00232866732403636,0.004938677418977022,0.0020436388440430164,0.004169723950326443,0.0015105289639905095,0.004736623726785183,0.002027146751061082,0.0053100259974598885,0.0013996456982567906
399,0.0018407251918688416,0.002069572149775922,deterministic_post_update_meta_query_loss,0.0048267655074596405,0.009241945611289439,1152.0692986510694,0.001,0.005652285180985928,0.002030702540650964,0.0064766607247292995,0.0021820340771228075,0.002120089950039983,0.0016678414540365338,0.006502150092273951,0.001898067770525813,0.0033826418220996857,0.0014249798841774464
400,0.0018565142527222633,0.002070878027006984,deterministic_post_update_meta_query_loss,0.004638230428099632,0.006493067411371978,1154.914747747127,0.001,0.005033860914409161,0.002115747192874551,0.005395690444856882,0.002141601173207164,0.0037430645897984505,0.001649992074817419,0.0026753409765660763,0.001965779811143875,0.006343195214867592,0.0014094510115683079
401,0.0018490500515326858,0.0020726243499666454,deterministic_post_update_meta_query_loss,0.004605014808475971,0.002826422646021641,1157.7454361310229,0.001,0.0026607937179505825,0.002277825493365526,0.002142049605026841,0.0020094646606594324,0.004478132352232933,0.0016106179682537913,0.00876001175493002,0.001937147811986506,0.004984086379408836,0.001410193624906242
402,0.001868874067440629,0.002070047240704298,deterministic_post_update_meta_query_loss,0.005099918227642775,0.007823159822846502,1160.6945772881154,0.001,0.0014320443151518703,0.0023379630874842405,0.0031429738737642765,0.0019595446065068245,0.00654368894174695,0.001628425088711083,0.008256207220256329,0.0019918784964829683,0.006124677136540413,0.0014265590580180287
403,0.0018541113240644336,0.002071251533925533,deterministic_post_update_meta_query_loss,0.0038777084555476904,0.0026848500921686927,1163.5538803611416,0.001,0.0030275145545601845,0.0022510907147079706,0.0044023096561431885,0.002108934335410595,0.0024717666674405336,0.001557344920001924,0.0067659905180335045,0.0019376957789063454,0.002720960881561041,0.0014154909877106547
404,0.001877766102552414,0.0020700253546237944,deterministic_post_update_meta_query_loss,0.004376571625471115,0.0147079083250672,1166.4147991819773,0.001,0.001178778475150466,0.0021554522681981325,0.0058774505741894245,0.0021848748438060284,0.0038252773229032755,0.0017517724772915244,0.005633872002363205,0.0018578224116936326,0.0053674811497330666,0.0014389092102646828
405,0.0018588214879855514,0.002075913012959063,deterministic_post_update_meta_query_loss,0.005113364662975073,0.00405828626487507,1169.3637006701902,0.001,0.004365119617432356,0.002202778123319149,0.005442424677312374,0.0021008134353905916,0.003843015292659402,0.0016637541120871902,0.008652881719172001,0.0019105703104287386,0.00326338317245245,0.0014161914587020874
406,0.0018396970117464662,0.0020705503644421696,deterministic_post_update_meta_query_loss,0.004054034594446421,0.01600467891078272,1172.2059506550431,0.001,0.004465394653379917,0.0022752266377210617,0.0016531302826479077,0.0019148478750139475,0.006020958069711924,0.0015458962880074978,0.00597526365891099,0.0020504926797002554,0.002155425725504756,0.0014120209962129593
407,0.0018853357760235667,0.0020701857283711433,deterministic_post_update_meta_query_loss,0.0043800086714327335,0.0014047185791515476,1175.0552535881288,0.001,0.002482023322954774,0.0022829058580100536,0.004029863514006138,0.0020581360440701246,0.006446409970521927,0.0017076568910852075,0.005301347933709621,0.0019515729509294033,0.0036403981503099203,0.0014264072524383664
408,0.0018230498535558581,0.002070326008833945,deterministic_post_update_meta_query_loss,0.004791172221302986,0.01381295125160711,1177.9999006590806,0.001,0.003839416429400444,0.0020279528107494116,0.0020803294610232115,0.0020995186641812325,0.005227536894381046,0.0017010585870593786,0.008202258497476578,0.0018567423103377223,0.0046063195914030075,0.0014299761969596148
409,0.0018507916247472167,0.002074296725913882,deterministic_post_update_meta_query_loss,0.004592138342559338,0.0012882422717881094,1180.859765353147,0.001,0.0032235984690487385,0.002202369272708893,0.004611851181834936,0.002074751304462552,0.0038152323104441166,0.0015809873584657907,0.0059094056487083435,0.001978508895263076,0.005400603637099266,0.0014173417584970593
410,0.0018468350172042847,0.0020705572329461574,deterministic_post_update_meta_query_loss,0.005795858800411224,0.00965476398093325,1183.7349561830051,0.001,0.0050884513184428215,0.002268659882247448,0.005262995138764381,0.002013054210692644,0.0044526876881718636,0.0014923070557415485,0.007591216824948788,0.0020463410764932632,0.006583944894373417,0.0014138121623545885
411,0.0018349308520555496,0.0020689992466941475,deterministic_post_update_meta_query_loss,0.0042757573537528515,0.005292282355949726,1186.5993049291428,0.001,0.0006868777563795447,0.0022731043864041567,0.00410487363114953,0.0020179850980639458,0.0018687329720705748,0.0015431585488840938,0.008701557293534279,0.0019390700617805123,0.0060167452320456505,0.0014013355830684304
412,0.0018874850356951356,0.0020697299391031266,deterministic_post_update_meta_query_loss,0.005042351316660643,0.016784321791143333,1189.5522751151584,0.001,0.0013785460032522678,0.002169621642678976,0.006330677308142185,0.00221777125261724,0.006451614201068878,0.0017902411054819822,0.007593660615384579,0.0018362433183938265,0.0034572575241327286,0.001423547975718975
413,0.0018884653691202402,0.0020737217273563147,deterministic_post_update_meta_query_loss,0.004486274905502796,0.002208668886475591,1192.411998026073,0.001,0.004316714126616716,0.0022063739597797394,0.006309559568762779,0.00212082639336586,0.006128733512014151,0.001645509502850473,0.003014904912561178,0.0020532039925456047,0.002661460544914007,0.0014164126478135586
414,0.0018714482430368662,0.0020680936286225915,deterministic_post_update_meta_query_loss,0.0044796764850616455,0.016363423936524832,1195.268712730147,0.001,0.001525969011709094,0.002357980702072382,0.0058336821384727955,0.0020357754547148943,0.005345695652067661,0.001497416291385889,0.00648691039532423,0.0020628671627491713,0.00320612546056509,0.0014032013714313507
415,0.0018336117500439286,0.0020679533248767258,deterministic_post_update_meta_query_loss,0.004938536789268255,0.011078173266927453,1198.229769675061,0.001,0.0023036214988678694,0.002136257942765951,0.00585342850536108,0.0021604278590530157,0.0013135017361491919,0.0016047076787799597,0.008779117837548256,0.001848265528678894,0.006443014368414879,0.0014183998573571444
416,0.0018539860611781478,0.00207325357478112,deterministic_post_update_meta_query_loss,0.0058653876185417175,0.010385919990430356,1201.0791781269945,0.001,0.005188553594052792,0.0020562089048326015,0.004487194120883942,0.0021165497601032257,0.006339927203953266,0.0017585708992555737,0.008076394908130169,0.0019364082254469395,0.005234866868704557,0.0014021927490830421
417,0.0018309879815205932,0.002068161009810865,deterministic_post_update_meta_query_loss,0.003640818642452359,0.017772248620455358,1203.934024823131,0.001,0.005555775482207537,0.002236247295513749,0.0053571248427033424,0.0019782523158937693,0.0029808643739670515,0.0014696052530780435,0.003804568201303482,0.0020893621258437634,0.0005057612434029579,0.0013814723351970315
418,0.0018585037905722857,0.002068437449634075,deterministic_post_update_meta_query_loss,0.0036195949651300907,0.001209504949774896,1206.7977853121702,0.001,0.0006798721151426435,0.002263810485601425,0.006346710957586765,0.002156701171770692,0.0006792671047151089,0.001518111559562385,0.005634670611470938,0.0019200996030122042,0.004757455084472895,0.0014337957836687565
419,0.0018388975877314806,0.002069133799523115,deterministic_post_update_meta_query_loss,0.004983291029930115,0.01604758259664798,1209.7544897431508,0.001,0.003888488281518221,0.0020509150344878435,0.005824110470712185,0.0021150161046534777,0.003750395029783249,0.0017593856900930405,0.005637789610773325,0.0018407133175060153,0.005815671756863594,0.0014284579083323479
420,0.001861361088231206,0.002075111400336027,deterministic_post_update_meta_query_loss,0.0053983633406460285,0.0019463413776574067,1212.6327157099731,0.001,0.0052758012898266315,0.0022004221100360155,0.005187496542930603,0.0020654108375310898,0.006015617400407791,0.001613777014426887,0.004454405978322029,0.0020020061638206244,0.006058494560420513,0.0014251889660954475
421,0.0018497247947379947,0.0020675599109381436,deterministic_post_update_meta_query_loss,0.00546965142711997,0.01824076166189227,1215.4970331231598,0.001,0.003913881257176399,0.0023459866642951965,0.004940040409564972,0.0019408677471801639,0.004536251537501812,0.0014763863291591406,0.007501228246837854,0.002081122947856784,0.0064568547531962395,0.0014042600523680449
422,0.0018671095604076982,0.002070943941362202,deterministic_post_update_meta_query_loss,0.004448035731911659,0.003414270568077956,1218.3515449510887,0.001,0.0006680390215478837,0.0022381325252354145,0.006372632924467325,0.0021191269624978304,0.0061298515647649765,0.0016907758545130491,0.00820243638008833,0.0018806643784046173,0.0008672177791595459,0.001406847732141614
423,0.0018370980396866798,0.0020680761896073817,deterministic_post_update_meta_query_loss,0.004391512367874384,0.018559940482432064,1221.3019251250662,0.001,0.0031639286316931248,0.002013183431699872,0.00313117285259068,0.0021823171991854906,0.0016062087379395962,0.0017137989634647965,0.008119091391563416,0.0018141174223273993,0.005937161389738321,0.001462073065340519
424,0.0018584480276331306,0.002078350563533604,deterministic_post_update_meta_query_loss,0.005072170402854681,0.00265948548709339,1224.1584363740403,0.001,0.002522810595110059,0.002229902893304825,0.0048752715811133385,0.0020805092062801123,0.005912047810852528,0.0016770135844126344,0.008785310201346874,0.001894156914204359,0.0032654120586812496,0.0014106581220403314
425,0.0018362607806921005,0.0020680591464042664,deterministic_post_update_meta_query_loss,0.0035910264123231173,0.024056375508926153,1227.009849673137,0.001,0.001956362510100007,0.002388021443039179,0.0060122194699943066,0.0019471851410344243,0.001111204270273447,0.0013552739983424544,0.005478465463966131,0.0021124568302184343,0.00339687941595912,0.0013783659087494016
426,0.001828263746574521,0.002070781588554382,deterministic_post_update_meta_query_loss,0.0048567852936685085,0.004161791176708531,1229.9834835832007,0.001,0.0038018173072487116,0.002129344269633293,0.006387555040419102,0.0020697321742773056,0.0033649972174316645,0.0016053997678682208,0.005466986447572708,0.0019154174951836467,0.005262572318315506,0.0014214245602488518
427,0.001834671013057232,0.0020687496988102795,deterministic_post_update_meta_query_loss,0.004374378826469183,0.019641309963602693,1232.8438466051593,0.001,0.001448468305170536,0.002074863761663437,0.004597905557602644,0.002155025489628315,0.004305944312363863,0.0017486936412751675,0.008631995879113674,0.001755434088408947,0.0028875817079097033,0.0014393378514796495
428,0.0018374444916844368,0.002075421647168696,deterministic_post_update_meta_query_loss,0.004422999918460846,0.0030561344841231416,1235.722019995097,0.001,0.0036120391450822353,0.0021841346751898527,0.005851775407791138,0.0020815141033381224,0.003283354453742504,0.0015953258844092488,0.007215358316898346,0.0019386730855330825,0.0021524729672819376,0.0013875748263671994
429,0.0018746330169960856,0.0020686285803094505,deterministic_post_update_meta_query_loss,0.004760567098855972,0.01999662164538539,1238.6883471771143,0.001,0.004507164470851421,0.0023427908308804035,0.004894284065812826,0.0019198437221348286,0.006439627148211002,0.0015511970268562436,0.004551094025373459,0.0021292762830853462,0.003410664154216647,0.0014300568727776408
430,0.0018584042554721236,0.0020707749063149095,deterministic_post_update_meta_query_loss,0.004735527094453573,0.006584912767528164,1241.5643016500399,0.001,0.005235025659203529,0.0021122093312442303,0.004097370430827141,0.0020981377456337214,0.0050649456679821014,0.001681317575275898,0.002732063177973032,0.0019471292616799474,0.0065482319332659245,0.0014532278291881084
431,0.0018259513890370727,0.0020740550709888337,deterministic_post_update_meta_query_loss,0.004974823445081711,0.02102205404315143,1244.4223585911095,0.001,0.0034809252247214317,0.001995365833863616,0.001089967438019812,0.002120720688253641,0.006074130535125732,0.0017929046880453825,0.00884019024670124,0.0017830644501373172,0.005388902500271797,0.0014377014013007283
432,0.0018374111969023943,0.0020718521205708384,deterministic_post_update_meta_query_loss,0.004136279225349426,0.017282749814537497,1247.3789172861725,0.001,0.004579957574605942,0.0023070857860147953,0.0050512352026999,0.001967076677829027,0.0020477541256695986,0.0014701244654133916,0.006805066019296646,0.0020274461712688208,0.00219738413579762,0.0014153231168165803
433,0.0018296082271263003,0.0020713375881314276,deterministic_post_update_meta_query_loss,0.004529488738626242,0.010430240149382717,1250.233257155167,0.001,0.005047611892223358,0.0021789437159895897,0.001653346698731184,0.0019187271827831864,0.006373437121510506,0.0015755884815007448,0.006578001193702221,0.002048458205536008,0.002995045855641365,0.0014263235498219728
434,0.001820904202759266,0.0020693695405498147,deterministic_post_update_meta_query_loss,0.00591734005138278,0.018974223526669512,1253.1025534300134,0.001,0.005173825193196535,0.0020159112755209208,0.006192608270794153,0.002171059837564826,0.0037271957844495773,0.0017282655462622643,0.008729711174964905,0.0017511314945295453,0.005763358436524868,0.0014381528599187732
435,0.0018359579844400287,0.0020766534376889466,deterministic_post_update_meta_query_loss,0.00577617296949029,0.0063590785277717506,1255.9681971701793,0.001,0.005577711388468742,0.0020634010434150696,0.005133745726197958,0.0021060858853161335,0.00508547481149435,0.0016459249891340733,0.006781844422221184,0.0019117057090625167,0.006302086636424065,0.0014526720624417067
436,0.001841841614805162,0.0020698758075013758,deterministic_post_update_meta_query_loss,0.004924965091049671,0.01843165278512176,1258.9477507821284,0.001,0.0023209047503769398,0.002342323074117303,0.005868819542229176,0.0019507785327732563,0.002910392126068473,0.0014697093283757567,0.00885423831641674,0.0020329472608864307,0.004670468624681234,0.001413449877873063
437,0.0018595372093841434,0.002068354561924934,deterministic_post_update_meta_query_loss,0.0052965241484344006,0.0031646879282859574,1261.813800481148,0.001,0.0019685067236423492,0.0022452077828347683,0.00460021710023284,0.0020489103626459837,0.006216804962605238,0.0016500476049259305,0.007855434902012348,0.001912216655910015,0.0058416565880179405,0.0014413036406040192
438,0.0018008183687925339,0.00206873775459826,deterministic_post_update_meta_query_loss,0.0025727960746735334,0.0020029969805290906,1264.668625610182,0.001,0.003252746071666479,0.0020923209376633167,0.0027519953437149525,0.0020301484037190676,0.0006405717576853931,0.0015658456832170486,0.005554995499551296,0.0019017609301954508,0.000663671875372529,0.0014140154235064983
439,0.0018337576184421778,0.0020709925564005973,deterministic_post_update_meta_query_loss,0.005110863596200943,0.017067154605959315,1267.624480145052,0.001,0.0026750213000923395,0.00210236175917089,0.0040232460014522076,0.0020758728496730328,0.004518772475421429,0.0017517991364002228,0.008002521470189095,0.0018053215462714434,0.006334757432341576,0.001433432917110622
440,0.0018273082096129656,0.0020674764411523936,deterministic_post_update_meta_query_loss,0.004045906942337751,0.01640582209124391,1270.4821721999906,0.001,0.0025309703778475523,0.0023527343291789293,0.001444101333618164,0.0018525439081713557,0.004822562448680401,0.0015090693486854434,0.005924195982515812,0.002025079447776079,0.005507705267518759,0.0013971140142530203
441,0.0018341999966651201,0.0020671796053647997,deterministic_post_update_meta_query_loss,0.004372735507786274,0.002618178841093749,1273.3191064679995,0.001,0.003214220516383648,0.0021898162085562944,0.00612354651093483,0.0020850934088230133,0.001646888442337513,0.001544598606415093,0.007361738011240959,0.0019515808671712875,0.0035172838252037764,0.0013999113580211997
442,0.0018474189564585686,0.002066268352791667,deterministic_post_update_meta_query_loss,0.00396130234003067,0.009191427562700513,1276.2755519421771,0.001,0.0037075302097946405,0.0020621938165277243,0.0046084122732281685,0.0021431632339954376,0.0060691433027386665,0.0017235680716112256,0.004571417812258005,0.001906000543385744,0.0008500065887346864,0.0014021691167727113
443,0.0018522717291489244,0.0020689182449132202,deterministic_post_update_meta_query_loss,0.0031310401391237974,0.00663139476196567,1279.1414720150642,0.001,0.0011856418568640947,0.00214105355553329,0.005897932685911655,0.002201789990067482,0.0030323511455208063,0.0015980368480086327,0.0027016117237508297,0.0019235463114455342,0.002837665379047394,0.0013969324063509703
444,0.0018295824993401766,0.0020664363633841275,deterministic_post_update_meta_query_loss,0.003818154102191329,0.012153781146855095,1282.006213205168,0.001,0.003919967450201511,0.002229303354397416,0.0043666549026966095,0.0020358897745609283,0.0006728892913088202,0.0014778678305447102,0.007731236983090639,0.0020045319106429815,0.0024000213015824556,0.0014003197429701686
445,0.00181551871355623,0.0020657272776588797,deterministic_post_update_meta_query_loss,0.005057298578321934,0.002702167222108652,1284.965057512978,0.001,0.005077071953564882,0.002203751588240266,0.006400176323950291,0.0020197322592139244,0.002406900515779853,0.0015359719982370734,0.007389699574559927,0.0019080694764852524,0.00401264289394021,0.001410067779943347
446,0.001833612914197147,0.002065470744855702,deterministic_post_update_meta_query_loss,0.003813818097114563,0.005724663360889809,1287.82417484303,0.001,0.002321238163858652,0.0021600432228296995,0.0016017956659197807,0.002032974734902382,0.005958938971161842,0.001734538353048265,0.00817073229700327,0.001840065699070692,0.0010163846891373396,0.0014004424447193742
447,0.0018296845955774188,0.002070211432874203,deterministic_post_update_meta_query_loss,0.00572595838457346,0.010398856945147247,1290.696394417202,0.001,0.005631468258798122,0.002016566228121519,0.0058218007907271385,0.00208547106012702,0.005461687222123146,0.0017212864477187395,0.007150670513510704,0.0019089278066530824,0.0045641642063856125,0.0014161713188514113
448,0.0018330917228013277,0.0020707563729956747,deterministic_post_update_meta_query_loss,0.005782571621239185,0.00923707507323032,1293.6642359921243,0.001,0.0056493571028113365,0.002261312212795019,0.004025693982839584,0.0019483076175674796,0.005302850157022476,0.0015651677967980504,0.007477574050426483,0.001980079570785165,0.006457381881773472,0.0014105915324762464
449,0.001844834885559976,0.0020657406654208898,deterministic_post_update_meta_query_loss,0.004607884678989649,0.012764543008172011,1296.5214714221656,0.001,0.0034806092735379934,0.0022775824181735516,0.004527682438492775,0.0019740809220820665,0.004403945989906788,0.0015032991068437696,0.005895386915653944,0.002048094756901264,0.0047317985445261,0.001421117689460516
450,0.0018567696679383516,0.002065553911961615,deterministic_post_update_meta_query_loss,0.004650265444070101,0.013370330999425402,1299.3833493490238,0.001,0.0034659639932215214,0.002117444993928075,0.004172388464212418,0.0021436468232423067,0.003800974227488041,0.0017175480024889112,0.006644049659371376,0.0018890353385359049,0.005167950410395861,0.001416172948665917
451,0.0018584401113912463,0.002068250859156251,deterministic_post_update_meta_query_loss,0.004261491354554892,0.006646249790828756,1302.2445194260217,0.001,0.0028623798862099648,0.002128713531419635,0.0036351631861180067,0.002089351648464799,0.005507702007889748,0.0016865371726453304,0.003928513266146183,0.001955441664904356,0.005373697727918625,0.0014321557246148586
452,0.0018648160621523857,0.002066312124952674,deterministic_post_update_meta_query_loss,0.004573323763906956,0.009758111384419928,1305.1821957360953,0.001,0.005705687683075666,0.0021778119262307882,0.005631395615637302,0.0020804721862077713,0.00613237963989377,0.0015965061029419303,0.004798088222742081,0.0020508531015366316,0.0005990669596940279,0.0014184368774294853
453,0.0018133725970983505,0.002067106845788658,deterministic_post_update_meta_query_loss,0.004494004882872105,0.005943096406309091,1308.0248037010897,0.001,0.005521905608475208,0.002125126076862216,0.0016593935433775187,0.001956755528226495,0.004660417325794697,0.0016103950329124928,0.007389454171061516,0.001944648684002459,0.0032388530671596527,0.0014299375470727682
454,0.0018327011493965983,0.0020668233977630735,deterministic_post_update_meta_query_loss,0.004476331174373627,0.018880873789460975,1310.8895009751432,0.001,0.005156231578439474,0.002059322316199541,0.0008762774523347616,0.0021387578453868628,0.0032454452011734247,0.001710916985757649,0.006598643492907286,0.0017877682112157345,0.006505059078335762,0.0014667403884232044
455,0.0018071692902594805,0.0020718019222840667,deterministic_post_update_meta_query_loss,0.004404907114803791,0.0034989435329754186,1313.8510185221676,0.001,0.004376896191388369,0.002212068298831582,0.003198864869773388,0.0019898407626897097,0.0036648372188210487,0.001566430670209229,0.00887640193104744,0.00188218685798347,0.0019075347809121013,0.0013853192795068026
456,0.0018319707596674562,0.0020660019479691984,deterministic_post_update_meta_query_loss,0.0053057242184877396,0.012530891673685731,1316.694955270039,0.001,0.005623711738735437,0.0022024253848940134,0.005754128098487854,0.001959331100806594,0.006539962254464626,0.0015337783843278885,0.0044437069445848465,0.002047294517979026,0.0041671134531497955,0.0014170235954225063
457,0.0018556222785264254,0.0020653636427596213,deterministic_post_update_meta_query_loss,0.004922377411276102,0.0036843550790819557,1319.5410366870929,0.001,0.0034447177313268185,0.0022201254032552242,0.005260395351797342,0.002078935271129012,0.00646181870251894,0.0016806387575343251,0.005619140341877937,0.0018917778506875038,0.0038258153945207596,0.0014066334115341306
458,0.00186057947576046,0.0020673891296610234,deterministic_post_update_meta_query_loss,0.00461569894105196,0.00987707380984637,1322.3877600221895,0.001,0.0032538799569010735,0.002139383228495717,0.0064672622829675674,0.0021719790529459715,0.003673157189041376,0.001688426244072616,0.006172911264002323,0.0018845556769520044,0.00351128401234746,0.001418553525581956
459,0.0018314250046387315,0.002071025874465704,deterministic_post_update_meta_query_loss,0.0059675173833966255,0.0018618038592170534,1325.3258755970746,0.001,0.005691101774573326,0.0021145890932530165,0.0064540402963757515,0.0020403191447257996,0.005997972562909126,0.001614383771084249,0.007515239994972944,0.001993527403101325,0.004179231822490692,0.001394305843859911
460,0.0018522143363952637,0.002065664390102029,deterministic_post_update_meta_query_loss,0.00446184491738677,0.01611596497435652,1328.1767237130553,0.001,0.002909330418333411,0.0024479019921272993,0.00195558974519372,0.0019196115899831057,0.00527074234560132,0.0015215846942737699,0.008678056299686432,0.001960884779691696,0.0034955053124576807,0.0014110890915617347
461,0.0018487147754058242,0.002069051959551871,deterministic_post_update_meta_query_loss,0.0032216538675129414,0.005117747502764712,1331.0278186770156,0.001,0.0034780793357640505,0.002161868615075946,0.0004643587744794786,0.002040114952251315,0.004568166099488735,0.0017318673199042678,0.005507229827344418,0.0018983158515766263,0.0020904340781271458,0.0014114067889750004
462,0.001832911977544427,0.0020666171330958605,deterministic_post_update_meta_query_loss,0.00408899737522006,0.018119425361076746,1333.8841010159813,0.001,0.0018302054377272725,0.0020920108072459698,0.0021121930330991745,0.0022245077416300774,0.003009149804711342,0.0016782074235379696,0.008498045615851879,0.0017398333875462413,0.004995392169803381,0.0014300000621005893
463,0.0017905685817822814,0.002075376082211733,deterministic_post_update_meta_query_loss,0.004565820097923279,0.003197876969743568,1336.8232528911904,0.001,0.005187963135540485,0.00214313599281013,0.004060360603034496,0.0019986622501164675,0.0004995915223844349,0.0014815881149843335,0.007492170203477144,0.0019178091315552592,0.005589013919234276,0.001411647186614573
464,0.001855805516242981,0.002065984811633825,deterministic_post_update_meta_query_loss,0.005423975642770529,0.018400477765560714,1339.6946756050456,0.001,0.005735274404287338,0.0022213298361748457,0.006353150121867657,0.0019772290252149105,0.006086005829274654,0.0014782433863729239,0.003209444461390376,0.0021844266448169947,0.005736001767218113,0.00141779868863523
465,0.0018528320360928774,0.0020678640576079488,deterministic_post_update_meta_query_loss,0.005042470525950193,0.0013967214861659413,1342.5509908120148,0.001,0.00542713887989521,0.0021488938946276903,0.003907513339072466,0.0021241060458123684,0.004593790974467993,0.0016041682101786137,0.005211401730775833,0.0019669444300234318,0.006072508171200752,0.0014200477162376046
466,0.0018585767829790711,0.0020692113088443876,deterministic_post_update_meta_query_loss,0.00543045112863183,0.023291676706535456,1345.510444328189,0.001,0.0030944098252803087,0.002072628354653716,0.0034307020250707865,0.002184540033340454,0.006267480552196503,0.0017994999652728438,0.00830962136387825,0.0017847571289166808,0.006050041411072016,0.0014514581998810172
467,0.0018629480618983507,0.0020760253770276903,deterministic_post_update_meta_query_loss,0.005354056600481272,0.007506468569019812,1348.374764031032,0.001,0.004013574682176113,0.0022777151316404343,0.005291542038321495,0.0020959314424544573,0.003736700862646103,0.0015488096978515387,0.008273575454950333,0.0019642882980406284,0.005454889498651028,0.001427995739504695
468,0.0018646278185769916,0.0020660309353843333,deterministic_post_update_meta_query_loss,0.003632100997492671,0.022133931694761633,1351.2373897030484,0.001,0.0007272428483702242,0.00241543585434556,0.001476158737204969,0.0018857746617868543,0.006448692176491022,0.0015223379014059901,0.005329808220267296,0.002077636308968067,0.004178603645414114,0.0014219534350559115
469,0.0018302008975297213,0.0020695058396086098,deterministic_post_update_meta_query_loss,0.0046878475695848465,0.010185717629891207,1354.188475523144,0.001,0.004240364767611027,0.0020930126775056124,0.003420010907575488,0.0020615383982658386,0.005232110619544983,0.0017285479698330164,0.005613972432911396,0.0018500429578125477,0.004932779353111982,0.0014178614364936948
470,0.001836795243434608,0.002070840634405613,deterministic_post_update_meta_query_loss,0.004305095411837101,0.02286392802723466,1357.0436226811726,0.001,0.004810423590242863,0.0019802874885499477,0.00368082569912076,0.0022417111322283745,0.004095655865967274,0.0017777006141841412,0.006532704457640648,0.0017796882893890142,0.0024058660492300987,0.0014045883435755968
471,0.0018125971546396613,0.0020811205729842188,deterministic_post_update_meta_query_loss,0.004783300217241049,0.009892060694994872,1359.900352426106,0.001,0.0031752907671034336,0.002280829707160592,0.004766583442687988,0.002068380592390895,0.001467286259867251,0.0013986211270093918,0.009067037142813206,0.0019205572316423059,0.005440301261842251,0.0013945969985798001
472,0.001837724121287465,0.002073264494538307,deterministic_post_update_meta_query_loss,0.0032651734072715044,0.03482910843309358,1362.858797783032,0.001,0.0007362632313743234,0.0024919675197452307,0.0014671188546344638,0.0018838292453438044,0.001182207022793591,0.001287961844354868,0.007669697981327772,0.0021174736320972443,0.00527057982981205,0.0014073884813115
473,0.0018747106660157442,0.002068544109351933,deterministic_post_update_meta_query_loss,0.005574685987085104,0.030842499419616184,1365.7248295731843,0.001,0.005482243839651346,0.0019079933408647776,0.005951876752078533,0.0023225448094308376,0.005418896675109863,0.0018551676766946912,0.004728552885353565,0.0018180487677454948,0.0062918588519096375,0.0014697992010042071
474,0.00187181297224015,0.002080418961122632,deterministic_post_update_meta_query_loss,0.004860019776970148,0.01923538382791154,1368.589986117091,0.001,0.003102349117398262,0.002065950073301792,0.0033868032041937113,0.0021314837504178286,0.006285583134740591,0.001864491030573845,0.0051107266917824745,0.0018308715661987662,0.006414636969566345,0.0014662680914625525
475,0.0018239835044369102,0.0020714126992970707,deterministic_post_update_meta_query_loss,0.00515034981071949,0.02678582071056717,1371.4453440881334,0.001,0.005895248614251614,0.0022937769535928965,0.0030867764726281166,0.0018448242917656898,0.006078118924051523,0.0014005323173478246,0.004151655826717615,0.002147875027731061,0.006539948284626007,0.0014329092809930444
476,0.00182458630297333,0.00207249007653445,deterministic_post_update_meta_query_loss,0.004669995047152042,0.014955452518718895,1374.400374856079,0.001,0.005549440626055002,0.0022493647411465645,0.0036731327418237925,0.0019174548797309399,0.003927478101104498,0.0015278406208381057,0.006449347361922264,0.002021726220846176,0.0037505757063627243,0.0014065447030588984
477,0.0018314056796953082,0.0020663609728217127,deterministic_post_update_meta_query_loss,0.005123383831232786,0.026900270263761215,1377.2773154720198,0.001,0.00514241261407733,0.0018903990276157856,0.0023808456026017666,0.0022237554658204317,0.006281225010752678,0.0018324527190998197,0.007367000449448824,0.0017635744297876954,0.0044454350136220455,0.0014468469889834523
478,0.0018462747102603316,0.002071976359002292,deterministic_post_update_meta_query_loss,0.0037700568791478872,0.006388058423847205,1380.1549297980964,0.001,0.002259371569380164,0.002095218515023589,0.0028478153981268406,0.002092974726110697,0.0053444355726242065,0.001707742689177394,0.005209101364016533,0.0019112320151180029,0.003189559793099761,0.0014242057222872972
479,0.001830961788073182,0.002066845237277448,deterministic_post_update_meta_query_loss,0.004522768314927816,0.017882562976868716,1383.1173678929918,0.001,0.004916878417134285,0.0022842902690172195,0.0035344786010682583,0.001956982770934701,0.006038847845047712,0.00145711621735245,0.005334794521331787,0.0020476938225328922,0.002788841724395752,0.0014087253948673606
480,0.0018492136150598526,0.0020673000486567616,deterministic_post_update_meta_query_loss,0.005593990441411734,0.003735615665615164,1385.9834666610695,0.001,0.005617670714855194,0.002105050953105092,0.006431865505874157,0.0020747550297528505,0.005591610912233591,0.0015890910290181637,0.0038717836141586304,0.0020240608137100935,0.006457021925598383,0.0014531102497130632
481,0.0018007910111919045,0.0020661435322836042,deterministic_post_update_meta_query_loss,0.005019989795982838,0.016967220961703566,1388.8405930870213,0.001,0.00519946776330471,0.0020117508247494698,0.002824697643518448,0.00211153831332922,0.0020388441625982523,0.0016874695429578424,0.00900284480303526,0.001760371495038271,0.006034094374626875,0.0014328246470540762
482,0.0018191870767623186,0.002066990826278925,deterministic_post_update_meta_query_loss,0.004408266395330429,0.005891706047183361,1391.798058288172,0.001,0.003788425587117672,0.002182501368224621,0.004529854748398066,0.0020669898949563503,0.003167166141793132,0.0015017222613096237,0.007645741105079651,0.0019346406916156411,0.002910143928602338,0.0014100807020440698
483,0.001811870955862105,0.0020666972501203417,deterministic_post_update_meta_query_loss,0.005170032382011414,0.0027789923178534797,1394.6636069552042,0.001,0.004025539383292198,0.0021861896384507418,0.0032315878197550774,0.0020327684469521046,0.0032793621066957712,0.0015377531526610255,0.008874977938830853,0.0018826499581336975,0.006438694428652525,0.0014199931174516678
484,0.0018300971714779735,0.002067062258720398,deterministic_post_update_meta_query_loss,0.004211867693811655,0.009413531867731981,1397.5299622670282,0.001,0.0034383232705295086,0.0022320968564599752,0.005871342495083809,0.002036311663687229,0.002113332273438573,0.0015074346447363496,0.006130686961114407,0.001969382166862488,0.0035056541673839092,0.00140526017639786
485,0.001807801309041679,0.002066129236482084,deterministic_post_update_meta_query_loss,0.004409422632306814,0.017493351605362247,1400.4806983491872,0.001,0.005679123103618622,0.00197509559802711,0.0018091779202222824,0.0020807753317058086,0.0065035028383135796,0.0017891005845740438,0.006004727445542812,0.0017951973713934422,0.0020505827851593494,0.0013988374266773462
486,0.0018316131317988038,0.0020775227574631574,deterministic_post_update_meta_query_loss,0.005848411004990339,0.0036963740564714548,1403.3371087710839,0.001,0.004115217365324497,0.0021596811711788177,0.005453329533338547,0.0021102086175233126,0.0048196157440543175,0.0015740764793008566,0.008329757489264011,0.0018875155365094543,0.006524135824292898,0.0014265840873122215
487,0.0018619344336912036,0.002067577140405774,deterministic_post_update_meta_query_loss,0.004935918841511011,0.030641042119839992,1406.1879843440838,0.001,0.0036805812269449234,0.0024733927566558123,0.004410979803651571,0.0019193204352632165,0.005077223759144545,0.0013853273121640086,0.005052145570516586,0.002120843855664134,0.006458663381636143,0.0014107869938015938
488,0.001847454928793013,0.0020712651079520584,deterministic_post_update_meta_query_loss,0.0032829202245920897,0.01443841817348092,1409.1500888441224,0.001,0.0010613310150802135,0.0021448852494359016,0.003755511250346899,0.0021847246680408716,0.003604582045227289,0.0017085022991523147,0.006024429574608803,0.001779524958692491,0.0019687470048666,0.0014196367701515555
489,0.001835635513998568,0.002074317401275039,deterministic_post_update_meta_query_loss,0.004655096679925919,0.025935604732949154,1412.0002498819958,0.001,0.002776777371764183,0.0020007018465548754,0.005880542099475861,0.0022591263987123966,0.0016517594922333956,0.0017612639348953962,0.008565258234739304,0.0017289579845964909,0.004401146899908781,0.001428126939572394
490,0.0018401764100417495,0.0020764080574735997,deterministic_post_update_meta_query_loss,0.005789669696241617,0.018656333155205387,1414.8554399621207,0.001,0.004703656770288944,0.0023308657109737396,0.00635971175506711,0.0019882156047970057,0.002793817315250635,0.0014097940875217319,0.008438367396593094,0.00204832898452878,0.006652794778347015,0.001423677778802812
491,0.0018531348323449492,0.0020689035532996058,deterministic_post_update_meta_query_loss,0.0043800994753837585,0.022333197564645645,1417.7144545661286,0.001,0.004094972740858793,0.00231292936950922,0.006173661444336176,0.001963542541489005,0.00407116673886776,0.0014615391846746206,0.004852317273616791,0.0021352600306272507,0.0027083787135779858,0.0013924031518399715
492,0.0018272135639563203,0.0020662697032094004,deterministic_post_update_meta_query_loss,0.005236017517745495,0.023568683772624777,1420.68232447817,0.001,0.004686244763433933,0.0020079482346773148,0.003858709242194891,0.002217964269220829,0.0035776053555309772,0.0017293678829446435,0.007838722318410873,0.0017466231947764754,0.006218804512172937,0.0014341637725010514
493,0.0017936734948307276,0.0020813682349398732,deterministic_post_update_meta_query_loss,0.005694158375263214,0.015923848452445235,1423.533210550202,0.001,0.005682957358658314,0.0019884954672306776,0.005404737312346697,0.0021405667066574097,0.002248485805466771,0.001624274649657309,0.008831114508211613,0.0017796033062040806,0.006303497590124607,0.0014354269951581955
494,0.0018466964829713106,0.0020713618490844966,deterministic_post_update_meta_query_loss,0.006132656242698431,0.023974940281291265,1426.3795866470318,0.001,0.004744665697216988,0.0024169047828763723,0.0061845192685723305,0.0018866393947973847,0.005669749341905117,0.0014254780253395438,0.007631502579897642,0.002085413783788681,0.006432846188545227,0.0014190468937158585
495,0.0018342335242778063,0.0020745042245835068,deterministic_post_update_meta_query_loss,0.003853722708299756,0.016514664432427554,1429.3379670921713,0.001,0.0010965564288198948,0.002301369095221162,0.004689856432378292,0.0019691474735736847,0.0034573660232126713,0.0014214436523616314,0.0035296366550028324,0.00206348136998713,0.006495197303593159,0.001415726263076067
496,0.0018170863622799516,0.0020655093481764196,deterministic_post_update_meta_query_loss,0.005860298406332731,0.03196006758574223,1432.1994167349767,0.001,0.0057932063937187195,0.0018932218663394451,0.0039035435765981674,0.0021835695952177048,0.00508699007332325,0.0018478056881576777,0.008119606412947178,0.0017012138850986958,0.006398143246769905,0.0014596210094168782
497,0.0018289436120539904,0.0020796241704374554,deterministic_post_update_meta_query_loss,0.003245105966925621,0.006087070375022069,1435.0636028880253,0.001,0.0015478723216801882,0.002137725707143545,0.003655527951195836,0.002099323086440563,0.0034688725136220455,0.0016198541270568967,0.004064696840941906,0.0018510702066123486,0.003488561138510704,0.0014367451658472419
498,0.0018497444689273834,0.0020649795653298495,deterministic_post_update_meta_query_loss,0.004291650839149952,0.03109111043132399,1437.9287393770646,0.001,0.003205582732334733,0.0023942156694829464,0.005900281481444836,0.0019094636663794518,0.003417012980207801,0.0013566712150350213,0.0041238791309297085,0.002181658521294594,0.004811497870832682,0.0014067132724449039
499,0.0018337855581194162,0.00206928018014878,deterministic_post_update_meta_query_loss,0.00436497712507844,0.006263407058246918,1440.89058951498,0.001,0.0022768841590732336,0.002173719462007284,0.0021386926528066397,0.0020769857801496983,0.006088891997933388,0.0016822777688503265,0.008758443407714367,0.0018080720910802484,0.0025619713123887777,0.0014278723392635584
500,0.0018546757055446506,0.0020666194381192327,deterministic_post_update_meta_query_loss,0.004247690550982952,0.02260595148582669,1443.714917754056,0.001,0.0031524859368801117,0.0020095447544008493,0.005747239105403423,0.002240226836875081,0.004014541860669851,0.0017933894414454699,0.004380623809993267,0.0017977268435060978,0.003943560644984245,0.0014324896037578583
