2026-08-30 22:21:21,639 | INFO | start fold=4 device=cuda parameters=886228 train=109 validation=27 horizons=[60, 80, 100, 120, 140, 160, 180, 200, 220, 240, 260, 280, 300, 320, 340, 360, 380, 400, 420, 440, 460, 480, 500, 520, 540, 560, 580, 600] q_points=256 context=[8,16] query=8 target=lifetime delta_soh=false paired_horizons=False consistency_weight=0 consistency_gap=20
2026-08-30 22:21:21,640 | INFO | train_scalers cycle=600 soh=0.95135+-0.031281 voltage=2.741+-0.47658 current=3.1899+-1.5049 lifetime=754.57+-317.31
2026-08-30 22:21:21,920 | INFO | step=1/20000 loss=4.570762 nll=4.570748 kl=0.06686196 consistency=0 lambda=0 beta=0.0002 grad=nan horizon=500 lifetime=[633,2154] skipped=True
2026-08-30 22:21:23,210 | INFO | step=10/20000 loss=3.190395 nll=3.190376 kl=0.009698004 consistency=0 lambda=0 beta=0.002 grad=11.08017 horizon=400 lifetime=[498,2154] skipped=False
2026-08-30 22:21:23,956 | INFO | step=20/20000 loss=1.055007 nll=1.054812 kl=0.04860359 consistency=0 lambda=0 beta=0.004 grad=0.5479943 horizon=380 lifetime=[482,1143] skipped=False
2026-08-30 22:21:24,676 | INFO | step=30/20000 loss=0.8663031 nll=0.8662164 kl=0.01443985 consistency=0 lambda=0 beta=0.006 grad=3.681631 horizon=580 lifetime=[677,1045] skipped=False
2026-08-30 22:21:25,355 | INFO | step=40/20000 loss=1.33919 nll=1.339106 kl=0.01048771 consistency=0 lambda=0 beta=0.008 grad=1.980681 horizon=460 lifetime=[477,1282] skipped=False
2026-08-30 22:21:26,052 | INFO | step=50/20000 loss=1.036188 nll=1.036108 kl=0.007957499 consistency=0 lambda=0 beta=0.01 grad=2.313323 horizon=380 lifetime=[428,1015] skipped=False
2026-08-30 22:21:26,588 | INFO | step=60/20000 loss=4.050661 nll=4.050344 kl=0.02642788 consistency=0 lambda=0 beta=0.012 grad=inf horizon=120 lifetime=[488,2154] skipped=True
2026-08-30 22:21:27,230 | INFO | step=70/20000 loss=0.8448231 nll=0.8442763 kl=0.0390534 consistency=0 lambda=0 beta=0.014 grad=1.997945 horizon=480 lifetime=[488,942] skipped=False
2026-08-30 22:21:27,846 | INFO | step=80/20000 loss=1.290937 nll=1.290786 kl=0.009457773 consistency=0 lambda=0 beta=0.016 grad=2.572036 horizon=100 lifetime=[147,1049] skipped=False
2026-08-30 22:21:28,298 | INFO | step=90/20000 loss=0.6979792 nll=0.6970372 kl=0.05232896 consistency=0 lambda=0 beta=0.018 grad=2.43851 horizon=600 lifetime=[607,874] skipped=False
2026-08-30 22:21:28,936 | INFO | step=100/20000 loss=0.8905439 nll=0.8901623 kl=0.01907606 consistency=0 lambda=0 beta=0.02 grad=1.410693 horizon=200 lifetime=[500,991] skipped=False
2026-08-30 22:21:29,575 | INFO | step=110/20000 loss=1.01924 nll=1.019087 kl=0.00693773 consistency=0 lambda=0 beta=0.022 grad=1.581467 horizon=360 lifetime=[455,1076] skipped=False
2026-08-30 22:21:30,149 | INFO | step=120/20000 loss=0.8835168 nll=0.8831382 kl=0.01577561 consistency=0 lambda=0 beta=0.024 grad=3.164467 horizon=180 lifetime=[488,991] skipped=False
2026-08-30 22:21:30,796 | INFO | step=130/20000 loss=0.6275188 nll=0.6273201 kl=0.007646482 consistency=0 lambda=0 beta=0.026 grad=3.127845 horizon=560 lifetime=[614,930] skipped=False
2026-08-30 22:21:31,391 | INFO | step=140/20000 loss=0.5464392 nll=0.5432495 kl=0.113918 consistency=0 lambda=0 beta=0.028 grad=2.921254 horizon=600 lifetime=[656,933] skipped=False
2026-08-30 22:21:32,068 | INFO | step=150/20000 loss=3.55254 nll=3.551506 kl=0.03448016 consistency=0 lambda=0 beta=0.03 grad=16.92161 horizon=220 lifetime=[453,2154] skipped=False
2026-08-30 22:21:32,728 | INFO | step=160/20000 loss=0.9056171 nll=0.901072 kl=0.1420333 consistency=0 lambda=0 beta=0.032 grad=11.19696 horizon=240 lifetime=[428,786] skipped=False
2026-08-30 22:21:33,268 | INFO | step=170/20000 loss=1.160009 nll=1.159794 kl=0.006308589 consistency=0 lambda=0 beta=0.034 grad=7.313604 horizon=140 lifetime=[334,1143] skipped=False
2026-08-30 22:21:33,806 | INFO | step=180/20000 loss=1.021774 nll=1.021138 kl=0.01766998 consistency=0 lambda=0 beta=0.036 grad=5.367908 horizon=80 lifetime=[482,1049] skipped=False
2026-08-30 22:21:34,387 | INFO | step=190/20000 loss=0.8152434 nll=0.8149778 kl=0.00699057 consistency=0 lambda=0 beta=0.038 grad=6.863551 horizon=60 lifetime=[456,872] skipped=False
2026-08-30 22:21:34,951 | INFO | step=200/20000 loss=0.6774041 nll=0.6731623 kl=0.1060453 consistency=0 lambda=0 beta=0.04 grad=5.568778 horizon=320 lifetime=[428,1000] skipped=False
2026-08-30 22:21:35,594 | INFO | step=210/20000 loss=0.7141 nll=0.7130061 kl=0.02604464 consistency=0 lambda=0 beta=0.042 grad=4.175199 horizon=280 lifetime=[477,1049] skipped=False
2026-08-30 22:21:36,154 | INFO | step=220/20000 loss=3.194802 nll=3.177379 kl=0.3959771 consistency=0 lambda=0 beta=0.044 grad=52.50096 horizon=360 lifetime=[607,2154] skipped=False
2026-08-30 22:21:36,801 | INFO | step=230/20000 loss=0.5120604 nll=0.506459 kl=0.1217699 consistency=0 lambda=0 beta=0.046 grad=5.630716 horizon=560 lifetime=[614,1152] skipped=False
2026-08-30 22:21:37,478 | INFO | step=240/20000 loss=1.998403 nll=1.993789 kl=0.09611145 consistency=0 lambda=0 beta=0.048 grad=39.16826 horizon=380 lifetime=[512,1858] skipped=False
2026-08-30 22:21:38,093 | INFO | step=250/20000 loss=0.3935569 nll=0.3889941 kl=0.0912561 consistency=0 lambda=0 beta=0.05 grad=5.240454 horizon=320 lifetime=[533,1007] skipped=False
2026-08-30 22:21:38,650 | INFO | step=260/20000 loss=0.5787277 nll=0.5773458 kl=0.02657472 consistency=0 lambda=0 beta=0.052 grad=30.90418 horizon=360 lifetime=[460,1015] skipped=False
2026-08-30 22:21:39,099 | INFO | step=270/20000 loss=2.247752 nll=2.244238 kl=0.06507644 consistency=0 lambda=0 beta=0.054 grad=11.15218 horizon=120 lifetime=[493,1932] skipped=False
2026-08-30 22:21:39,724 | INFO | step=280/20000 loss=0.3882808 nll=0.3836516 kl=0.08266567 consistency=0 lambda=0 beta=0.056 grad=7.582793 horizon=360 lifetime=[443,875] skipped=False
2026-08-30 22:21:40,249 | INFO | step=290/20000 loss=1.93195 nll=1.926935 kl=0.08646627 consistency=0 lambda=0 beta=0.058 grad=20.95469 horizon=200 lifetime=[443,1858] skipped=False
2026-08-30 22:21:40,708 | INFO | step=300/20000 loss=0.6285633 nll=0.6210148 kl=0.125808 consistency=0 lambda=0 beta=0.06 grad=31.66926 horizon=380 lifetime=[428,1152] skipped=False
2026-08-30 22:21:41,269 | INFO | step=310/20000 loss=0.8899025 nll=0.8888716 kl=0.01662878 consistency=0 lambda=0 beta=0.062 grad=17.82006 horizon=60 lifetime=[460,988] skipped=False
2026-08-30 22:21:41,843 | INFO | step=320/20000 loss=0.5477967 nll=0.5461079 kl=0.02638783 consistency=0 lambda=0 beta=0.064 grad=38.70553 horizon=360 lifetime=[464,909] skipped=False
2026-08-30 22:21:42,336 | INFO | step=330/20000 loss=0.7659056 nll=0.7637142 kl=0.03320217 consistency=0 lambda=0 beta=0.066 grad=17.86639 horizon=140 lifetime=[453,1071] skipped=False
2026-08-30 22:21:43,071 | INFO | step=340/20000 loss=0.6939594 nll=0.6861489 kl=0.1148606 consistency=0 lambda=0 beta=0.068 grad=32.5517 horizon=340 lifetime=[442,1282] skipped=False
2026-08-30 22:21:43,597 | INFO | step=350/20000 loss=0.875991 nll=0.8580676 kl=0.256049 consistency=0 lambda=0 beta=0.07 grad=7.741412 horizon=120 lifetime=[147,1045] skipped=False
2026-08-30 22:21:44,141 | INFO | step=360/20000 loss=0.4472568 nll=0.4392896 kl=0.1106561 consistency=0 lambda=0 beta=0.072 grad=18.71288 horizon=240 lifetime=[334,1052] skipped=False
2026-08-30 22:21:44,657 | INFO | step=370/20000 loss=2.055958 nll=2.050586 kl=0.07259597 consistency=0 lambda=0 beta=0.074 grad=39.19392 horizon=200 lifetime=[456,1858] skipped=False
2026-08-30 22:21:45,280 | INFO | step=380/20000 loss=0.4338745 nll=0.4124749 kl=0.2815737 consistency=0 lambda=0 beta=0.076 grad=31.49964 horizon=520 lifetime=[675,1071] skipped=False
2026-08-30 22:21:45,929 | INFO | step=390/20000 loss=0.3601938 nll=0.3563345 kl=0.04947808 consistency=0 lambda=0 beta=0.078 grad=28.49749 horizon=340 lifetime=[456,1143] skipped=False
2026-08-30 22:21:46,474 | INFO | step=400/20000 loss=2.563507 nll=2.561037 kl=0.03086544 consistency=0 lambda=0 beta=0.08 grad=40.59808 horizon=60 lifetime=[147,1858] skipped=False
2026-08-30 22:21:47,086 | INFO | step=410/20000 loss=0.3782643 nll=0.3753471 kl=0.03557566 consistency=0 lambda=0 beta=0.082 grad=37.02241 horizon=380 lifetime=[453,1152] skipped=False
2026-08-30 22:21:47,659 | INFO | step=420/20000 loss=0.1745256 nll=0.1582168 kl=0.1941527 consistency=0 lambda=0 beta=0.084 grad=8.91557 horizon=400 lifetime=[443,1049] skipped=False
2026-08-30 22:21:48,311 | INFO | step=430/20000 loss=0.2549938 nll=0.2536347 kl=0.01580372 consistency=0 lambda=0 beta=0.086 grad=12.31499 horizon=440 lifetime=[467,1282] skipped=False
2026-08-30 22:21:48,799 | INFO | step=440/20000 loss=0.3972828 nll=0.3905992 kl=0.07595006 consistency=0 lambda=0 beta=0.088 grad=18.91615 horizon=380 lifetime=[464,1076] skipped=False
2026-08-30 22:21:49,310 | INFO | step=450/20000 loss=0.004673147 nll=0.003578829 kl=0.01215909 consistency=0 lambda=0 beta=0.09 grad=12.91801 horizon=420 lifetime=[467,906] skipped=False
2026-08-30 22:21:49,912 | INFO | step=460/20000 loss=0.1571902 nll=0.1544343 kl=0.02995497 consistency=0 lambda=0 beta=0.092 grad=7.962606 horizon=300 lifetime=[428,1052] skipped=False
2026-08-30 22:21:50,573 | INFO | step=470/20000 loss=0.8615889 nll=0.856186 kl=0.05747699 consistency=0 lambda=0 beta=0.094 grad=14.08907 horizon=560 lifetime=[771,1858] skipped=False
2026-08-30 22:21:51,181 | INFO | step=480/20000 loss=0.04545361 nll=0.04050518 kl=0.05154609 consistency=0 lambda=0 beta=0.096 grad=43.32239 horizon=460 lifetime=[467,991] skipped=False
2026-08-30 22:21:51,719 | INFO | step=490/20000 loss=0.3418414 nll=0.3340943 kl=0.07905196 consistency=0 lambda=0 beta=0.098 grad=53.27244 horizon=460 lifetime=[480,875] skipped=False
2026-08-30 22:21:53,624 | INFO | validation step=500 rmse=309.3452 best=309.3452@500 stale=0/10
2026-08-30 22:21:53,624 | INFO | step=500/20000 loss=0.9255387 nll=0.9221815 kl=0.0335722 consistency=0 lambda=0 beta=0.1 grad=86.34589 horizon=200 lifetime=[488,1015] skipped=False
2026-08-30 22:21:54,115 | INFO | step=510/20000 loss=0.827834 nll=0.8167838 kl=0.1083358 consistency=0 lambda=0 beta=0.102 grad=72.42265 horizon=580 lifetime=[599,1834] skipped=False
2026-08-30 22:21:54,794 | INFO | step=520/20000 loss=-0.05088221 nll=-0.05794399 kl=0.06790176 consistency=0 lambda=0 beta=0.104 grad=20.39096 horizon=520 lifetime=[633,863] skipped=False
2026-08-30 22:21:55,345 | INFO | step=530/20000 loss=0.2955238 nll=0.2935586 kl=0.01853936 consistency=0 lambda=0 beta=0.106 grad=60.44914 horizon=420 lifetime=[428,909] skipped=False
2026-08-30 22:21:55,903 | INFO | step=540/20000 loss=0.7104582 nll=0.7070183 kl=0.03185081 consistency=0 lambda=0 beta=0.108 grad=76.58736 horizon=300 lifetime=[482,1834] skipped=False
2026-08-30 22:21:56,435 | INFO | step=550/20000 loss=0.128872 nll=0.1224631 kl=0.05826258 consistency=0 lambda=0 beta=0.11 grad=6.784083 horizon=260 lifetime=[428,942] skipped=False
2026-08-30 22:21:57,123 | INFO | step=560/20000 loss=0.1241932 nll=0.1201808 kl=0.03582488 consistency=0 lambda=0 beta=0.112 grad=12.87623 horizon=540 lifetime=[607,1152] skipped=False
2026-08-30 22:21:57,720 | INFO | step=570/20000 loss=0.2549324 nll=0.2534253 kl=0.01322009 consistency=0 lambda=0 beta=0.114 grad=11.78201 horizon=560 lifetime=[700,1282] skipped=False
2026-08-30 22:21:58,274 | INFO | step=580/20000 loss=0.2768417 nll=0.2751786 kl=0.01433643 consistency=0 lambda=0 beta=0.116 grad=40.37461 horizon=200 lifetime=[512,1015] skipped=False
2026-08-30 22:21:58,774 | INFO | step=590/20000 loss=0.9418573 nll=0.9347504 kl=0.0602275 consistency=0 lambda=0 beta=0.118 grad=30.97303 horizon=160 lifetime=[334,1858] skipped=False
2026-08-30 22:21:59,322 | INFO | step=600/20000 loss=1.080488 nll=1.078374 kl=0.01762343 consistency=0 lambda=0 beta=0.12 grad=64.31105 horizon=580 lifetime=[633,2154] skipped=False
2026-08-30 22:21:59,868 | INFO | step=610/20000 loss=0.5215114 nll=0.5188045 kl=0.02218786 consistency=0 lambda=0 beta=0.122 grad=9.83738 horizon=160 lifetime=[442,1052] skipped=False
2026-08-30 22:22:00,401 | INFO | step=620/20000 loss=0.4688699 nll=0.4659421 kl=0.02361139 consistency=0 lambda=0 beta=0.124 grad=41.97689 horizon=120 lifetime=[486,930] skipped=False
2026-08-30 22:22:00,934 | INFO | step=630/20000 loss=2.405932 nll=2.404176 kl=0.01393221 consistency=0 lambda=0 beta=0.126 grad=288.4987 horizon=280 lifetime=[443,1858] skipped=False
2026-08-30 22:22:01,553 | INFO | step=640/20000 loss=0.1724944 nll=0.1678088 kl=0.03660625 consistency=0 lambda=0 beta=0.128 grad=36.13941 horizon=320 lifetime=[428,1282] skipped=False
2026-08-30 22:22:02,186 | INFO | step=650/20000 loss=1.165851 nll=1.152884 kl=0.09974437 consistency=0 lambda=0 beta=0.13 grad=30.57832 horizon=80 lifetime=[147,930] skipped=False
2026-08-30 22:22:02,820 | INFO | step=660/20000 loss=0.6575287 nll=0.6548765 kl=0.02009208 consistency=0 lambda=0 beta=0.132 grad=49.81111 horizon=220 lifetime=[442,1858] skipped=False
2026-08-30 22:22:03,478 | INFO | step=670/20000 loss=-0.1032152 nll=-0.1045265 kl=0.009786332 consistency=0 lambda=0 beta=0.134 grad=10.12302 horizon=500 lifetime=[529,1045] skipped=False
2026-08-30 22:22:04,033 | INFO | step=680/20000 loss=0.2137922 nll=0.2128153 kl=0.0071836 consistency=0 lambda=0 beta=0.136 grad=81.45661 horizon=380 lifetime=[465,1007] skipped=False
2026-08-30 22:22:04,612 | INFO | step=690/20000 loss=-0.3416839 nll=-0.3422362 kl=0.004001972 consistency=0 lambda=0 beta=0.138 grad=25.76707 horizon=480 lifetime=[494,1282] skipped=False
2026-08-30 22:22:05,272 | INFO | step=700/20000 loss=0.3514786 nll=0.3482523 kl=0.02304534 consistency=0 lambda=0 beta=0.14 grad=10.27244 horizon=500 lifetime=[665,1834] skipped=False
2026-08-30 22:22:05,860 | INFO | step=710/20000 loss=1.034008 nll=1.017755 kl=0.1144616 consistency=0 lambda=0 beta=0.142 grad=199.9317 horizon=580 lifetime=[675,877] skipped=False
2026-08-30 22:22:06,496 | INFO | step=720/20000 loss=-0.04673064 nll=-0.05320293 kl=0.04494643 consistency=0 lambda=0 beta=0.144 grad=81.20216 horizon=580 lifetime=[675,1081] skipped=False
2026-08-30 22:22:07,076 | INFO | step=730/20000 loss=-0.473464 nll=-0.4813066 kl=0.05371673 consistency=0 lambda=0 beta=0.146 grad=40.49675 horizon=420 lifetime=[464,875] skipped=False
2026-08-30 22:22:07,743 | INFO | step=740/20000 loss=1.714888 nll=1.712698 kl=0.01480038 consistency=0 lambda=0 beta=0.148 grad=120.7799 horizon=320 lifetime=[488,2154] skipped=False
2026-08-30 22:22:08,390 | INFO | step=750/20000 loss=0.1352817 nll=0.1242616 kl=0.07346757 consistency=0 lambda=0 beta=0.15 grad=97.97164 horizon=480 lifetime=[701,1052] skipped=False
2026-08-30 22:22:08,989 | INFO | step=760/20000 loss=1.490268 nll=1.482972 kl=0.0480002 consistency=0 lambda=0 beta=0.152 grad=102.2269 horizon=220 lifetime=[334,2154] skipped=False
2026-08-30 22:22:09,531 | INFO | step=770/20000 loss=0.3073354 nll=0.3036003 kl=0.02425405 consistency=0 lambda=0 beta=0.154 grad=19.6492 horizon=220 lifetime=[437,1143] skipped=False
2026-08-30 22:22:10,108 | INFO | step=780/20000 loss=0.699679 nll=0.6983278 kl=0.008661536 consistency=0 lambda=0 beta=0.156 grad=67.14729 horizon=120 lifetime=[465,1052] skipped=False
2026-08-30 22:22:10,520 | INFO | step=790/20000 loss=0.09037173 nll=0.08761063 kl=0.01747527 consistency=0 lambda=0 beta=0.158 grad=35.84534 horizon=220 lifetime=[443,1081] skipped=False
2026-08-30 22:22:11,133 | INFO | step=800/20000 loss=0.8494507 nll=0.8384116 kl=0.06899457 consistency=0 lambda=0 beta=0.16 grad=18.3835 horizon=380 lifetime=[464,1932] skipped=False
2026-08-30 22:22:11,785 | INFO | step=810/20000 loss=-0.243655 nll=-0.247224 kl=0.02203057 consistency=0 lambda=0 beta=0.162 grad=29.87181 horizon=280 lifetime=[464,1049] skipped=False
2026-08-30 22:22:12,340 | INFO | step=820/20000 loss=0.8659117 nll=0.8622253 kl=0.02247815 consistency=0 lambda=0 beta=0.164 grad=107.2019 horizon=120 lifetime=[443,777] skipped=False
2026-08-30 22:22:12,904 | INFO | step=830/20000 loss=1.283464 nll=1.27963 kl=0.02309987 consistency=0 lambda=0 beta=0.166 grad=299.3822 horizon=240 lifetime=[462,1081] skipped=False
2026-08-30 22:22:13,526 | INFO | step=840/20000 loss=0.1135048 nll=0.1053668 kl=0.04844053 consistency=0 lambda=0 beta=0.168 grad=131.4031 horizon=300 lifetime=[498,913] skipped=False
2026-08-30 22:22:14,097 | INFO | step=850/20000 loss=0.4761292 nll=0.4645185 kl=0.0682987 consistency=0 lambda=0 beta=0.17 grad=62.03224 horizon=400 lifetime=[464,1071] skipped=False
2026-08-30 22:22:14,721 | INFO | step=860/20000 loss=0.286918 nll=0.2827913 kl=0.02399222 consistency=0 lambda=0 beta=0.172 grad=15.49817 horizon=220 lifetime=[428,1000] skipped=False
2026-08-30 22:22:15,309 | INFO | step=870/20000 loss=0.1558168 nll=0.1531107 kl=0.01555241 consistency=0 lambda=0 beta=0.174 grad=13.36978 horizon=220 lifetime=[488,1834] skipped=False
2026-08-30 22:22:15,910 | INFO | step=880/20000 loss=0.7283189 nll=0.7217962 kl=0.03706101 consistency=0 lambda=0 beta=0.176 grad=78.90819 horizon=200 lifetime=[437,942] skipped=False
2026-08-30 22:22:16,655 | INFO | step=890/20000 loss=1.143091 nll=1.141492 kl=0.00898601 consistency=0 lambda=0 beta=0.178 grad=219.6495 horizon=380 lifetime=[428,1932] skipped=False
2026-08-30 22:22:17,155 | INFO | step=900/20000 loss=1.234306 nll=1.228119 kl=0.0343759 consistency=0 lambda=0 beta=0.18 grad=46.18375 horizon=100 lifetime=[147,887] skipped=False
2026-08-30 22:22:17,755 | INFO | step=910/20000 loss=0.7063921 nll=0.7030479 kl=0.01837492 consistency=0 lambda=0 beta=0.182 grad=70.47071 horizon=460 lifetime=[529,1152] skipped=False
2026-08-30 22:22:18,333 | INFO | step=920/20000 loss=0.4279212 nll=0.4241361 kl=0.02057129 consistency=0 lambda=0 beta=0.184 grad=136.5114 horizon=160 lifetime=[453,1000] skipped=False
2026-08-30 22:22:18,880 | INFO | step=930/20000 loss=0.8214456 nll=0.8124401 kl=0.048417 consistency=0 lambda=0 beta=0.186 grad=30.94756 horizon=100 lifetime=[334,1052] skipped=False
2026-08-30 22:22:19,664 | INFO | step=940/20000 loss=-0.201332 nll=-0.2027812 kl=0.007708559 consistency=0 lambda=0 beta=0.188 grad=80.3198 horizon=320 lifetime=[465,909] skipped=False
2026-08-30 22:22:20,207 | INFO | step=950/20000 loss=0.4490334 nll=0.4391691 kl=0.05191698 consistency=0 lambda=0 beta=0.19 grad=166.2845 horizon=280 lifetime=[334,1858] skipped=False
2026-08-30 22:22:21,000 | INFO | step=960/20000 loss=0.4720612 nll=0.46866 kl=0.01771459 consistency=0 lambda=0 beta=0.192 grad=76.70547 horizon=540 lifetime=[648,1834] skipped=False
2026-08-30 22:22:21,576 | INFO | step=970/20000 loss=0.5008979 nll=0.4968831 kl=0.02069497 consistency=0 lambda=0 beta=0.194 grad=8.35897 horizon=340 lifetime=[534,1834] skipped=False
2026-08-30 22:22:22,240 | INFO | step=980/20000 loss=-0.2569291 nll=-0.2591481 kl=0.01132125 consistency=0 lambda=0 beta=0.196 grad=50.88135 horizon=600 lifetime=[614,1076] skipped=False
2026-08-30 22:22:22,829 | INFO | step=990/20000 loss=-0.7188157 nll=-0.7314748 kl=0.06393471 consistency=0 lambda=0 beta=0.198 grad=35.42007 horizon=340 lifetime=[442,784] skipped=False
2026-08-30 22:22:24,339 | INFO | validation step=1000 rmse=295.3403 best=295.3403@1000 stale=0/10
2026-08-30 22:22:24,339 | INFO | step=1000/20000 loss=0.6644641 nll=0.6469871 kl=0.08738457 consistency=0 lambda=0 beta=0.2 grad=44.80094 horizon=440 lifetime=[464,2154] skipped=False
2026-08-30 22:22:24,976 | INFO | step=1010/20000 loss=-0.1245653 nll=-0.1263791 kl=0.008979328 consistency=0 lambda=0 beta=0.202 grad=21.97363 horizon=580 lifetime=[774,1049] skipped=False
2026-08-30 22:22:25,577 | INFO | step=1020/20000 loss=-0.4980603 nll=-0.5049332 kl=0.03369104 consistency=0 lambda=0 beta=0.204 grad=73.91515 horizon=320 lifetime=[334,871] skipped=False
2026-08-30 22:22:26,200 | INFO | step=1030/20000 loss=-0.0535794 nll=-0.06116898 kl=0.03684264 consistency=0 lambda=0 beta=0.206 grad=157.5363 horizon=260 lifetime=[460,1049] skipped=False
2026-08-30 22:22:26,852 | INFO | step=1040/20000 loss=0.7406893 nll=0.7330792 kl=0.03658682 consistency=0 lambda=0 beta=0.208 grad=127.8895 horizon=180 lifetime=[455,1052] skipped=False
2026-08-30 22:22:27,446 | INFO | step=1050/20000 loss=0.9926232 nll=0.9915441 kl=0.0051383 consistency=0 lambda=0 beta=0.21 grad=104.5184 horizon=120 lifetime=[559,1049] skipped=False
2026-08-30 22:22:27,984 | INFO | step=1060/20000 loss=-0.1379939 nll=-0.141908 kl=0.01846315 consistency=0 lambda=0 beta=0.212 grad=59.48998 horizon=360 lifetime=[500,1045] skipped=False
2026-08-30 22:22:28,669 | INFO | step=1070/20000 loss=1.075158 nll=1.071115 kl=0.01889174 consistency=0 lambda=0 beta=0.214 grad=262.1603 horizon=380 lifetime=[494,1152] skipped=False
2026-08-30 22:22:29,200 | INFO | step=1080/20000 loss=0.9621579 nll=0.9549962 kl=0.03315603 consistency=0 lambda=0 beta=0.216 grad=46.96609 horizon=140 lifetime=[147,1152] skipped=False
2026-08-30 22:22:29,725 | INFO | step=1090/20000 loss=-0.1099829 nll=-0.1150205 kl=0.02310847 consistency=0 lambda=0 beta=0.218 grad=47.42452 horizon=200 lifetime=[443,1152] skipped=False
2026-08-30 22:22:30,289 | INFO | step=1100/20000 loss=0.5573155 nll=0.5426259 kl=0.06677105 consistency=0 lambda=0 beta=0.22 grad=44.62149 horizon=260 lifetime=[701,1858] skipped=False
2026-08-30 22:22:30,816 | INFO | step=1110/20000 loss=1.218153 nll=1.212844 kl=0.02391466 consistency=0 lambda=0 beta=0.222 grad=17.47157 horizon=100 lifetime=[442,1015] skipped=False
2026-08-30 22:22:31,353 | INFO | step=1120/20000 loss=-0.134182 nll=-0.1360401 kl=0.00829511 consistency=0 lambda=0 beta=0.224 grad=52.402 horizon=240 lifetime=[477,921] skipped=False
2026-08-30 22:22:32,069 | INFO | step=1130/20000 loss=-0.3698035 nll=-0.3772638 kl=0.03301034 consistency=0 lambda=0 beta=0.226 grad=13.73984 horizon=560 lifetime=[607,915] skipped=False
2026-08-30 22:22:32,537 | INFO | step=1140/20000 loss=0.2153671 nll=0.2115263 kl=0.0168455 consistency=0 lambda=0 beta=0.228 grad=29.05154 horizon=560 lifetime=[614,1834] skipped=False
2026-08-30 22:22:32,977 | INFO | step=1150/20000 loss=0.4582234 nll=0.4511705 kl=0.03066463 consistency=0 lambda=0 beta=0.23 grad=91.72402 horizon=180 lifetime=[437,933] skipped=False
2026-08-30 22:22:33,737 | INFO | step=1160/20000 loss=0.09120899 nll=0.08629401 kl=0.02118524 consistency=0 lambda=0 beta=0.232 grad=40.95329 horizon=580 lifetime=[633,1015] skipped=False
2026-08-30 22:22:34,387 | INFO | step=1170/20000 loss=1.549704 nll=1.546085 kl=0.01546603 consistency=0 lambda=0 beta=0.234 grad=291.829 horizon=320 lifetime=[464,1932] skipped=False
2026-08-30 22:22:34,929 | INFO | step=1180/20000 loss=0.2652568 nll=0.25649 kl=0.03714727 consistency=0 lambda=0 beta=0.236 grad=32.49487 horizon=180 lifetime=[442,1076] skipped=False
2026-08-30 22:22:35,451 | INFO | step=1190/20000 loss=-0.2867773 nll=-0.2976419 kl=0.04564969 consistency=0 lambda=0 beta=0.238 grad=29.60895 horizon=280 lifetime=[462,874] skipped=False
2026-08-30 22:22:35,953 | INFO | step=1200/20000 loss=-0.5961489 nll=-0.6280091 kl=0.1327507 consistency=0 lambda=0 beta=0.24 grad=46.72051 horizon=420 lifetime=[428,930] skipped=False
2026-08-30 22:22:36,606 | INFO | step=1210/20000 loss=0.1344038 nll=0.1308036 kl=0.0148767 consistency=0 lambda=0 beta=0.242 grad=68.23154 horizon=200 lifetime=[456,906] skipped=False
2026-08-30 22:22:37,122 | INFO | step=1220/20000 loss=-0.2016823 nll=-0.2034585 kl=0.00727949 consistency=0 lambda=0 beta=0.244 grad=78.62112 horizon=440 lifetime=[462,1045] skipped=False
2026-08-30 22:22:37,709 | INFO | step=1230/20000 loss=0.1943287 nll=0.1830901 kl=0.04568545 consistency=0 lambda=0 beta=0.246 grad=75.59763 horizon=480 lifetime=[482,1152] skipped=False
2026-08-30 22:22:38,394 | INFO | step=1240/20000 loss=0.2112066 nll=0.2069092 kl=0.0173284 consistency=0 lambda=0 beta=0.248 grad=55.58556 horizon=580 lifetime=[707,1152] skipped=False
2026-08-30 22:22:39,045 | INFO | step=1250/20000 loss=0.2909266 nll=0.2854445 kl=0.02192838 consistency=0 lambda=0 beta=0.25 grad=60.91642 horizon=380 lifetime=[633,1081] skipped=False
2026-08-30 22:22:39,625 | INFO | step=1260/20000 loss=-0.288424 nll=-0.2952296 kl=0.02700647 consistency=0 lambda=0 beta=0.252 grad=8.044854 horizon=240 lifetime=[437,826] skipped=False
2026-08-30 22:22:40,278 | INFO | step=1270/20000 loss=0.2486395 nll=0.2456264 kl=0.01186236 consistency=0 lambda=0 beta=0.254 grad=81.87718 horizon=500 lifetime=[533,2154] skipped=False
2026-08-30 22:22:40,888 | INFO | step=1280/20000 loss=0.7478066 nll=0.7372208 kl=0.0413508 consistency=0 lambda=0 beta=0.256 grad=16.13414 horizon=100 lifetime=[465,1000] skipped=False
2026-08-30 22:22:41,439 | INFO | step=1290/20000 loss=0.2438203 nll=0.24291 kl=0.003528221 consistency=0 lambda=0 beta=0.258 grad=67.83012 horizon=360 lifetime=[428,1000] skipped=False
2026-08-30 22:22:42,254 | INFO | step=1300/20000 loss=0.320367 nll=0.3189651 kl=0.005392003 consistency=0 lambda=0 beta=0.26 grad=37.3729 horizon=560 lifetime=[656,1049] skipped=False
2026-08-30 22:22:42,769 | INFO | step=1310/20000 loss=0.09715967 nll=0.09245014 kl=0.0179753 consistency=0 lambda=0 beta=0.262 grad=76.68773 horizon=400 lifetime=[493,2154] skipped=False
2026-08-30 22:22:43,334 | INFO | step=1320/20000 loss=-0.0892925 nll=-0.09189835 kl=0.009870654 consistency=0 lambda=0 beta=0.264 grad=11.2655 horizon=320 lifetime=[443,1081] skipped=False
2026-08-30 22:22:43,820 | INFO | step=1330/20000 loss=1.14967 nll=1.143965 kl=0.02144941 consistency=0 lambda=0 beta=0.266 grad=13.95434 horizon=60 lifetime=[334,1834] skipped=False
2026-08-30 22:22:44,330 | INFO | step=1340/20000 loss=-0.1083121 nll=-0.1145466 kl=0.023263 consistency=0 lambda=0 beta=0.268 grad=79.05237 horizon=160 lifetime=[480,887] skipped=False
2026-08-30 22:22:44,998 | INFO | step=1350/20000 loss=0.3998382 nll=0.3960798 kl=0.01391998 consistency=0 lambda=0 beta=0.27 grad=94.71674 horizon=260 lifetime=[529,915] skipped=False
2026-08-30 22:22:45,639 | INFO | step=1360/20000 loss=-0.3902397 nll=-0.4099084 kl=0.0723114 consistency=0 lambda=0 beta=0.272 grad=89.53346 horizon=260 lifetime=[460,794] skipped=False
2026-08-30 22:22:46,189 | INFO | step=1370/20000 loss=0.979287 nll=0.9759235 kl=0.01227529 consistency=0 lambda=0 beta=0.274 grad=17.29426 horizon=80 lifetime=[428,1049] skipped=False
2026-08-30 22:22:46,728 | INFO | step=1380/20000 loss=0.6234735 nll=0.6191061 kl=0.01582366 consistency=0 lambda=0 beta=0.276 grad=9.101946 horizon=100 lifetime=[442,1143] skipped=False
2026-08-30 22:22:47,207 | INFO | step=1390/20000 loss=-0.3661802 nll=-0.3684307 kl=0.008095261 consistency=0 lambda=0 beta=0.278 grad=92.44629 horizon=440 lifetime=[467,988] skipped=False
2026-08-30 22:22:47,864 | INFO | step=1400/20000 loss=-0.2588273 nll=-0.2638175 kl=0.017822 consistency=0 lambda=0 beta=0.28 grad=66.10696 horizon=560 lifetime=[665,877] skipped=False
2026-08-30 22:22:48,461 | INFO | step=1410/20000 loss=-0.4033321 nll=-0.4060251 kl=0.009549822 consistency=0 lambda=0 beta=0.282 grad=73.44358 horizon=600 lifetime=[742,874] skipped=False
2026-08-30 22:22:48,995 | INFO | step=1420/20000 loss=-0.1705175 nll=-0.1723808 kl=0.006561207 consistency=0 lambda=0 beta=0.284 grad=60.02736 horizon=380 lifetime=[464,1045] skipped=False
2026-08-30 22:22:49,610 | INFO | step=1430/20000 loss=-0.1927732 nll=-0.1978695 kl=0.01781919 consistency=0 lambda=0 beta=0.286 grad=53.39051 horizon=380 lifetime=[462,1076] skipped=False
2026-08-30 22:22:50,203 | INFO | step=1440/20000 loss=-0.07431421 nll=-0.08647594 kl=0.04222822 consistency=0 lambda=0 beta=0.288 grad=39.72155 horizon=520 lifetime=[557,2154] skipped=False
2026-08-30 22:22:50,849 | INFO | step=1450/20000 loss=-0.5025975 nll=-0.5087598 kl=0.02124955 consistency=0 lambda=0 beta=0.29 grad=24.43147 horizon=340 lifetime=[465,906] skipped=False
2026-08-30 22:22:51,408 | INFO | step=1460/20000 loss=-0.4575102 nll=-0.4613313 kl=0.01308586 consistency=0 lambda=0 beta=0.292 grad=38.31977 horizon=280 lifetime=[428,1071] skipped=False
2026-08-30 22:22:51,988 | INFO | step=1470/20000 loss=-0.4546526 nll=-0.4594002 kl=0.01614854 consistency=0 lambda=0 beta=0.294 grad=11.32524 horizon=240 lifetime=[464,1152] skipped=False
2026-08-30 22:22:52,592 | INFO | step=1480/20000 loss=-0.1814318 nll=-0.1849659 kl=0.01193936 consistency=0 lambda=0 beta=0.296 grad=74.28403 horizon=400 lifetime=[428,1152] skipped=False
2026-08-30 22:22:53,201 | INFO | step=1490/20000 loss=-0.1392609 nll=-0.1489246 kl=0.03242858 consistency=0 lambda=0 beta=0.298 grad=64.18159 horizon=420 lifetime=[493,913] skipped=False
2026-08-30 22:22:54,860 | INFO | validation step=1500 rmse=273.37 best=273.37@1500 stale=0/10
2026-08-30 22:22:54,860 | INFO | step=1500/20000 loss=2.024912 nll=2.021849 kl=0.01020791 consistency=0 lambda=0 beta=0.3 grad=79.32084 horizon=60 lifetime=[455,1858] skipped=False
2026-08-30 22:22:55,370 | INFO | step=1510/20000 loss=0.1900738 nll=0.1873276 kl=0.009093327 consistency=0 lambda=0 beta=0.302 grad=50.41507 horizon=460 lifetime=[498,1143] skipped=False
2026-08-30 22:22:55,886 | INFO | step=1520/20000 loss=-0.03634488 nll=-0.04168751 kl=0.01757444 consistency=0 lambda=0 beta=0.304 grad=19.71957 horizon=300 lifetime=[455,1071] skipped=False
2026-08-30 22:22:56,544 | INFO | step=1530/20000 loss=0.8156712 nll=0.782213 kl=0.1093407 consistency=0 lambda=0 beta=0.306 grad=21.62582 horizon=60 lifetime=[442,942] skipped=False
2026-08-30 22:22:57,098 | INFO | step=1540/20000 loss=-0.06623162 nll=-0.08255496 kl=0.05299784 consistency=0 lambda=0 beta=0.308 grad=83.60469 horizon=420 lifetime=[486,1152] skipped=False
2026-08-30 22:22:57,702 | INFO | step=1550/20000 loss=0.331484 nll=0.3299729 kl=0.004874323 consistency=0 lambda=0 beta=0.31 grad=67.46252 horizon=400 lifetime=[453,1152] skipped=False
2026-08-30 22:22:58,416 | INFO | step=1560/20000 loss=0.1607507 nll=0.1551265 kl=0.01802632 consistency=0 lambda=0 beta=0.312 grad=102.3795 horizon=180 lifetime=[443,1052] skipped=False
2026-08-30 22:22:58,983 | INFO | step=1570/20000 loss=1.564777 nll=1.556094 kl=0.02765219 consistency=0 lambda=0 beta=0.314 grad=172.3259 horizon=140 lifetime=[442,1143] skipped=False
2026-08-30 22:22:59,640 | INFO | step=1580/20000 loss=1.388614 nll=1.382217 kl=0.02024413 consistency=0 lambda=0 beta=0.316 grad=40.97042 horizon=80 lifetime=[147,991] skipped=False
2026-08-30 22:23:00,147 | INFO | step=1590/20000 loss=-0.09479093 nll=-0.09927711 kl=0.01410749 consistency=0 lambda=0 beta=0.318 grad=57.94431 horizon=340 lifetime=[497,1045] skipped=False
2026-08-30 22:23:00,769 | INFO | step=1600/20000 loss=-0.04101561 nll=-0.04600041 kl=0.01557748 consistency=0 lambda=0 beta=0.32 grad=22.72239 horizon=340 lifetime=[480,1932] skipped=False
2026-08-30 22:23:01,289 | INFO | step=1610/20000 loss=-0.409853 nll=-0.4141929 kl=0.01347793 consistency=0 lambda=0 beta=0.322 grad=21.12362 horizon=240 lifetime=[428,909] skipped=False
2026-08-30 22:23:01,874 | INFO | step=1620/20000 loss=-0.1138895 nll=-0.1182645 kl=0.01350303 consistency=0 lambda=0 beta=0.324 grad=70.14625 horizon=300 lifetime=[442,1071] skipped=False
2026-08-30 22:23:02,442 | INFO | step=1630/20000 loss=-0.08240924 nll=-0.0937036 kl=0.03464526 consistency=0 lambda=0 beta=0.326 grad=63.18518 horizon=220 lifetime=[477,1932] skipped=False
2026-08-30 22:23:02,927 | INFO | step=1640/20000 loss=0.2107287 nll=0.2060415 kl=0.01429026 consistency=0 lambda=0 beta=0.328 grad=168.7269 horizon=380 lifetime=[648,921] skipped=False
2026-08-30 22:23:03,502 | INFO | step=1650/20000 loss=-0.3147018 nll=-0.3172549 kl=0.007736894 consistency=0 lambda=0 beta=0.33 grad=53.78141 horizon=420 lifetime=[480,988] skipped=False
2026-08-30 22:23:04,115 | INFO | step=1660/20000 loss=0.2422207 nll=0.2255041 kl=0.0503514 consistency=0 lambda=0 beta=0.332 grad=62.59081 horizon=140 lifetime=[334,1858] skipped=False
2026-08-30 22:23:04,844 | INFO | step=1670/20000 loss=2.466072 nll=2.456897 kl=0.02747163 consistency=0 lambda=0 beta=0.334 grad=64.1806 horizon=80 lifetime=[533,2154] skipped=False
2026-08-30 22:23:05,381 | INFO | step=1680/20000 loss=0.5535429 nll=0.5471014 kl=0.01917113 consistency=0 lambda=0 beta=0.336 grad=132.5493 horizon=460 lifetime=[467,1932] skipped=False
2026-08-30 22:23:05,996 | INFO | step=1690/20000 loss=-0.1213336 nll=-0.1252733 kl=0.01165592 consistency=0 lambda=0 beta=0.338 grad=26.91913 horizon=520 lifetime=[777,1143] skipped=False
2026-08-30 22:23:06,670 | INFO | step=1700/20000 loss=-0.1626405 nll=-0.1647181 kl=0.006110646 consistency=0 lambda=0 beta=0.34 grad=14.31806 horizon=580 lifetime=[614,1152] skipped=False
2026-08-30 22:23:07,315 | INFO | step=1710/20000 loss=1.439028 nll=1.429455 kl=0.02799294 consistency=0 lambda=0 beta=0.342 grad=116.1417 horizon=320 lifetime=[464,2154] skipped=False
2026-08-30 22:23:07,871 | INFO | step=1720/20000 loss=-0.2902702 nll=-0.2981896 kl=0.02302149 consistency=0 lambda=0 beta=0.344 grad=28.14924 horizon=400 lifetime=[428,1858] skipped=False
2026-08-30 22:23:08,559 | INFO | step=1730/20000 loss=0.01080353 nll=0.008232579 kl=0.007430509 consistency=0 lambda=0 beta=0.346 grad=12.24082 horizon=520 lifetime=[529,1045] skipped=False
2026-08-30 22:23:09,191 | INFO | step=1740/20000 loss=0.076388 nll=0.06810775 kl=0.02379381 consistency=0 lambda=0 beta=0.348 grad=67.41599 horizon=240 lifetime=[488,1071] skipped=False
2026-08-30 22:23:09,821 | INFO | step=1750/20000 loss=1.052509 nll=1.045897 kl=0.01889239 consistency=0 lambda=0 beta=0.35 grad=165.0081 horizon=240 lifetime=[460,2154] skipped=False
2026-08-30 22:23:10,526 | INFO | step=1760/20000 loss=1.596546 nll=1.594603 kl=0.005520852 consistency=0 lambda=0 beta=0.352 grad=284.3073 horizon=280 lifetime=[534,2154] skipped=False
2026-08-30 22:23:11,154 | INFO | step=1770/20000 loss=0.7818763 nll=0.7781597 kl=0.01049879 consistency=0 lambda=0 beta=0.354 grad=159.912 horizon=600 lifetime=[648,2154] skipped=False
2026-08-30 22:23:11,856 | INFO | step=1780/20000 loss=1.286403 nll=1.281395 kl=0.01406803 consistency=0 lambda=0 beta=0.356 grad=145.7484 horizon=120 lifetime=[437,921] skipped=False
2026-08-30 22:23:12,478 | INFO | step=1790/20000 loss=0.09891561 nll=0.09640995 kl=0.006999038 consistency=0 lambda=0 beta=0.358 grad=51.97816 horizon=540 lifetime=[707,1071] skipped=False
2026-08-30 22:23:13,160 | INFO | step=1800/20000 loss=-0.5793884 nll=-0.5857056 kl=0.01754779 consistency=0 lambda=0 beta=0.36 grad=21.32402 horizon=560 lifetime=[599,915] skipped=False
2026-08-30 22:23:13,768 | INFO | step=1810/20000 loss=-0.08403002 nll=-0.09071493 kl=0.01846662 consistency=0 lambda=0 beta=0.362 grad=82.63377 horizon=440 lifetime=[493,2154] skipped=False
2026-08-30 22:23:14,449 | INFO | step=1820/20000 loss=0.2035147 nll=0.2012541 kl=0.006210236 consistency=0 lambda=0 beta=0.364 grad=57.20784 horizon=520 lifetime=[648,1152] skipped=False
2026-08-30 22:23:15,053 | INFO | step=1830/20000 loss=0.1562413 nll=0.1528055 kl=0.00938749 consistency=0 lambda=0 beta=0.366 grad=54.88738 horizon=200 lifetime=[460,1932] skipped=False
2026-08-30 22:23:15,704 | INFO | step=1840/20000 loss=-0.1121979 nll=-0.1148693 kl=0.007259276 consistency=0 lambda=0 beta=0.368 grad=75.8374 horizon=540 lifetime=[614,988] skipped=False
2026-08-30 22:23:16,221 | INFO | step=1850/20000 loss=0.9342905 nll=0.9323601 kl=0.005217153 consistency=0 lambda=0 beta=0.37 grad=149.6843 horizon=320 lifetime=[455,1932] skipped=False
2026-08-30 22:23:16,882 | INFO | step=1860/20000 loss=-0.304888 nll=-0.307994 kl=0.008349691 consistency=0 lambda=0 beta=0.372 grad=43.39686 horizon=220 lifetime=[442,1152] skipped=False
2026-08-30 22:23:17,497 | INFO | step=1870/20000 loss=-0.337009 nll=-0.3397563 kl=0.00734579 consistency=0 lambda=0 beta=0.374 grad=73.7365 horizon=220 lifetime=[482,1143] skipped=False
2026-08-30 22:23:18,133 | INFO | step=1880/20000 loss=0.376946 nll=0.3743331 kl=0.006949252 consistency=0 lambda=0 beta=0.376 grad=14.32312 horizon=200 lifetime=[493,1143] skipped=False
2026-08-30 22:23:18,616 | INFO | step=1890/20000 loss=-0.01104333 nll=-0.02093469 kl=0.02616763 consistency=0 lambda=0 beta=0.378 grad=28.08849 horizon=480 lifetime=[614,1143] skipped=False
2026-08-30 22:23:19,354 | INFO | step=1900/20000 loss=-0.3997643 nll=-0.4092897 kl=0.02506694 consistency=0 lambda=0 beta=0.38 grad=82.57061 horizon=240 lifetime=[334,1081] skipped=False
2026-08-30 22:23:19,956 | INFO | step=1910/20000 loss=0.4685629 nll=0.4666407 kl=0.005032133 consistency=0 lambda=0 beta=0.382 grad=52.91077 horizon=480 lifetime=[498,1045] skipped=False
2026-08-30 22:23:20,506 | INFO | step=1920/20000 loss=1.177221 nll=1.173609 kl=0.00940489 consistency=0 lambda=0 beta=0.384 grad=192.1048 horizon=300 lifetime=[526,988] skipped=False
2026-08-30 22:23:21,083 | INFO | step=1930/20000 loss=-0.694989 nll=-0.6995739 kl=0.01187796 consistency=0 lambda=0 beta=0.386 grad=33.54874 horizon=400 lifetime=[428,909] skipped=False
2026-08-30 22:23:21,678 | INFO | step=1940/20000 loss=1.378487 nll=1.37575 kl=0.007053641 consistency=0 lambda=0 beta=0.388 grad=61.52288 horizon=60 lifetime=[334,1049] skipped=False
2026-08-30 22:23:22,405 | INFO | step=1950/20000 loss=-0.7584942 nll=-0.7636379 kl=0.01318902 consistency=0 lambda=0 beta=0.39 grad=37.06916 horizon=360 lifetime=[464,1007] skipped=False
2026-08-30 22:23:22,989 | INFO | step=1960/20000 loss=0.537084 nll=0.5334392 kl=0.009298087 consistency=0 lambda=0 beta=0.392 grad=177.4004 horizon=500 lifetime=[518,1081] skipped=False
2026-08-30 22:23:23,631 | INFO | step=1970/20000 loss=-0.5805628 nll=-0.5853778 kl=0.01222076 consistency=0 lambda=0 beta=0.394 grad=92.4875 horizon=440 lifetime=[460,1007] skipped=False
2026-08-30 22:23:24,186 | INFO | step=1980/20000 loss=0.1938991 nll=0.1814281 kl=0.03149229 consistency=0 lambda=0 beta=0.396 grad=29.94477 horizon=280 lifetime=[706,1834] skipped=False
2026-08-30 22:23:24,831 | INFO | step=1990/20000 loss=0.1951938 nll=0.1858821 kl=0.02339629 consistency=0 lambda=0 beta=0.398 grad=45.36673 horizon=220 lifetime=[510,933] skipped=False
2026-08-30 22:23:26,450 | INFO | validation step=2000 rmse=243.6677 best=243.6677@2000 stale=0/10
2026-08-30 22:23:26,450 | INFO | step=2000/20000 loss=0.4762841 nll=0.4746086 kl=0.004188618 consistency=0 lambda=0 beta=0.4 grad=73.97661 horizon=220 lifetime=[498,1834] skipped=False
2026-08-30 22:23:26,953 | INFO | step=2010/20000 loss=0.2875561 nll=0.2837869 kl=0.009376188 consistency=0 lambda=0 beta=0.402 grad=74.93468 horizon=240 lifetime=[480,1282] skipped=False
2026-08-30 22:23:27,591 | INFO | step=2020/20000 loss=-0.3211634 nll=-0.3253775 kl=0.01043078 consistency=0 lambda=0 beta=0.404 grad=58.16389 horizon=580 lifetime=[687,1045] skipped=False
2026-08-30 22:23:28,060 | INFO | step=2030/20000 loss=-0.435008 nll=-0.4364629 kl=0.00358361 consistency=0 lambda=0 beta=0.406 grad=23.2316 horizon=260 lifetime=[428,991] skipped=False
2026-08-30 22:23:28,710 | INFO | step=2040/20000 loss=1.166533 nll=1.14076 kl=0.06316942 consistency=0 lambda=0 beta=0.408 grad=30.78293 horizon=60 lifetime=[494,1045] skipped=False
2026-08-30 22:23:29,360 | INFO | step=2050/20000 loss=-0.6052489 nll=-0.6083746 kl=0.007623529 consistency=0 lambda=0 beta=0.41 grad=45.43212 horizon=420 lifetime=[455,1045] skipped=False
2026-08-30 22:23:30,137 | INFO | step=2060/20000 loss=-0.2503939 nll=-0.260123 kl=0.02361428 consistency=0 lambda=0 beta=0.412 grad=16.2058 horizon=520 lifetime=[526,1834] skipped=False
2026-08-30 22:23:30,718 | INFO | step=2070/20000 loss=-0.5945593 nll=-0.5976056 kl=0.007358265 consistency=0 lambda=0 beta=0.414 grad=31.13515 horizon=320 lifetime=[494,1152] skipped=False
2026-08-30 22:23:31,370 | INFO | step=2080/20000 loss=0.2209741 nll=0.2179161 kl=0.007351133 consistency=0 lambda=0 beta=0.416 grad=20.24314 horizon=240 lifetime=[460,1143] skipped=False
2026-08-30 22:23:32,002 | INFO | step=2090/20000 loss=0.2769956 nll=0.2715494 kl=0.01302933 consistency=0 lambda=0 beta=0.418 grad=13.80656 horizon=600 lifetime=[633,1858] skipped=False
2026-08-30 22:23:32,648 | INFO | step=2100/20000 loss=0.4326133 nll=0.429629 kl=0.007105451 consistency=0 lambda=0 beta=0.42 grad=52.51415 horizon=480 lifetime=[486,1076] skipped=False
2026-08-30 22:23:33,317 | INFO | step=2110/20000 loss=-0.3220853 nll=-0.3233332 kl=0.002957232 consistency=0 lambda=0 beta=0.422 grad=42.40766 horizon=320 lifetime=[428,1858] skipped=False
2026-08-30 22:23:33,916 | INFO | step=2120/20000 loss=0.08847346 nll=0.08554763 kl=0.006900539 consistency=0 lambda=0 beta=0.424 grad=78.46432 horizon=200 lifetime=[442,1045] skipped=False
2026-08-30 22:23:34,642 | INFO | step=2130/20000 loss=0.3812245 nll=0.3725701 kl=0.02031563 consistency=0 lambda=0 beta=0.426 grad=55.46624 horizon=120 lifetime=[456,1071] skipped=False
2026-08-30 22:23:35,229 | INFO | step=2140/20000 loss=0.3093225 nll=0.3063471 kl=0.006951798 consistency=0 lambda=0 beta=0.428 grad=80.12106 horizon=580 lifetime=[729,2154] skipped=False
2026-08-30 22:23:35,924 | INFO | step=2150/20000 loss=1.262403 nll=1.252171 kl=0.0237963 consistency=0 lambda=0 beta=0.43 grad=47.31491 horizon=100 lifetime=[464,2154] skipped=False
2026-08-30 22:23:36,533 | INFO | step=2160/20000 loss=-0.2876943 nll=-0.29422 kl=0.0151058 consistency=0 lambda=0 beta=0.432 grad=64.39558 horizon=300 lifetime=[437,1007] skipped=False
2026-08-30 22:23:37,238 | INFO | step=2170/20000 loss=0.8441003 nll=0.8241359 kl=0.04600091 consistency=0 lambda=0 beta=0.434 grad=57.16784 horizon=80 lifetime=[498,1015] skipped=False
2026-08-30 22:23:37,762 | INFO | step=2180/20000 loss=2.357472 nll=2.350968 kl=0.01491795 consistency=0 lambda=0 beta=0.436 grad=540.6824 horizon=180 lifetime=[533,2154] skipped=False
2026-08-30 22:23:38,261 | INFO | step=2190/20000 loss=-0.01034259 nll=-0.01463874 kl=0.009808563 consistency=0 lambda=0 beta=0.438 grad=14.49947 horizon=540 lifetime=[665,2154] skipped=False
2026-08-30 22:23:38,698 | INFO | step=2200/20000 loss=-0.346748 nll=-0.3537415 kl=0.01589416 consistency=0 lambda=0 beta=0.44 grad=51.32114 horizon=340 lifetime=[465,1071] skipped=False
2026-08-30 22:23:39,258 | INFO | step=2210/20000 loss=-0.6519738 nll=-0.6558918 kl=0.0088642 consistency=0 lambda=0 beta=0.442 grad=31.17192 horizon=300 lifetime=[437,930] skipped=False
2026-08-30 22:23:39,822 | INFO | step=2220/20000 loss=0.2558652 nll=0.2374536 kl=0.04146749 consistency=0 lambda=0 beta=0.444 grad=133.2609 horizon=380 lifetime=[460,1834] skipped=False
2026-08-30 22:23:40,417 | INFO | step=2230/20000 loss=-0.3735684 nll=-0.3801067 kl=0.01465991 consistency=0 lambda=0 beta=0.446 grad=81.97682 horizon=600 lifetime=[648,1045] skipped=False
2026-08-30 22:23:41,056 | INFO | step=2240/20000 loss=1.309654 nll=1.292504 kl=0.03827996 consistency=0 lambda=0 beta=0.448 grad=35.27226 horizon=80 lifetime=[477,1932] skipped=False
2026-08-30 22:23:41,525 | INFO | step=2250/20000 loss=1.279962 nll=1.271654 kl=0.01846171 consistency=0 lambda=0 beta=0.45 grad=218.2271 horizon=240 lifetime=[455,1858] skipped=False
2026-08-30 22:23:42,055 | INFO | step=2260/20000 loss=0.1384318 nll=0.131988 kl=0.01425616 consistency=0 lambda=0 beta=0.452 grad=14.46548 horizon=280 lifetime=[480,1858] skipped=False
2026-08-30 22:23:42,649 | INFO | step=2270/20000 loss=-0.08992703 nll=-0.09342209 kl=0.007698371 consistency=0 lambda=0 beta=0.454 grad=11.92236 horizon=240 lifetime=[486,915] skipped=False
2026-08-30 22:23:43,145 | INFO | step=2280/20000 loss=0.4915052 nll=0.481524 kl=0.02188876 consistency=0 lambda=0 beta=0.456 grad=110.3114 horizon=120 lifetime=[442,933] skipped=False
2026-08-30 22:23:43,647 | INFO | step=2290/20000 loss=0.6702144 nll=0.6659204 kl=0.009375596 consistency=0 lambda=0 beta=0.458 grad=81.82523 horizon=140 lifetime=[488,1834] skipped=False
2026-08-30 22:23:44,182 | INFO | step=2300/20000 loss=1.413412 nll=1.404907 kl=0.01848836 consistency=0 lambda=0 beta=0.46 grad=13.24486 horizon=80 lifetime=[456,1081] skipped=False
2026-08-30 22:23:44,715 | INFO | step=2310/20000 loss=1.274732 nll=1.26573 kl=0.01948471 consistency=0 lambda=0 beta=0.462 grad=39.97256 horizon=120 lifetime=[147,1081] skipped=False
2026-08-30 22:23:45,252 | INFO | step=2320/20000 loss=-0.2476182 nll=-0.2549349 kl=0.01576877 consistency=0 lambda=0 beta=0.464 grad=34.76293 horizon=220 lifetime=[428,942] skipped=False
2026-08-30 22:23:45,863 | INFO | step=2330/20000 loss=-0.2523553 nll=-0.2556859 kl=0.007147215 consistency=0 lambda=0 beta=0.466 grad=38.83175 horizon=300 lifetime=[456,991] skipped=False
2026-08-30 22:23:46,378 | INFO | step=2340/20000 loss=-0.4052485 nll=-0.4140882 kl=0.01888822 consistency=0 lambda=0 beta=0.468 grad=28.75451 horizon=420 lifetime=[455,1049] skipped=False
2026-08-30 22:23:47,018 | INFO | step=2350/20000 loss=0.1532037 nll=0.1462822 kl=0.01472672 consistency=0 lambda=0 beta=0.47 grad=58.30409 horizon=300 lifetime=[480,915] skipped=False
2026-08-30 22:23:47,536 | INFO | step=2360/20000 loss=0.6714643 nll=0.6610658 kl=0.02203066 consistency=0 lambda=0 beta=0.472 grad=69.07607 horizon=320 lifetime=[486,1932] skipped=False
2026-08-30 22:23:47,926 | INFO | step=2370/20000 loss=0.2787308 nll=0.2748302 kl=0.008229101 consistency=0 lambda=0 beta=0.474 grad=67.0072 horizon=200 lifetime=[494,1076] skipped=False
2026-08-30 22:23:48,568 | INFO | step=2380/20000 loss=0.06857377 nll=0.05881521 kl=0.02050116 consistency=0 lambda=0 beta=0.476 grad=14.10938 horizon=160 lifetime=[467,887] skipped=False
2026-08-30 22:23:49,063 | INFO | step=2390/20000 loss=0.602899 nll=0.5916865 kl=0.02345689 consistency=0 lambda=0 beta=0.478 grad=180.4801 horizon=280 lifetime=[453,913] skipped=False
2026-08-30 22:23:49,775 | INFO | step=2400/20000 loss=-0.3687984 nll=-0.3758415 kl=0.01467312 consistency=0 lambda=0 beta=0.48 grad=31.38755 horizon=600 lifetime=[622,1152] skipped=False
2026-08-30 22:23:50,367 | INFO | step=2410/20000 loss=0.6963364 nll=0.6917169 kl=0.009584031 consistency=0 lambda=0 beta=0.482 grad=145.5441 horizon=160 lifetime=[442,1049] skipped=False
2026-08-30 22:23:50,949 | INFO | step=2420/20000 loss=-0.05557577 nll=-0.05673487 kl=0.002394857 consistency=0 lambda=0 beta=0.484 grad=50.44012 horizon=280 lifetime=[428,1049] skipped=False
2026-08-30 22:23:51,574 | INFO | step=2430/20000 loss=-0.1959267 nll=-0.2002238 kl=0.008841808 consistency=0 lambda=0 beta=0.486 grad=28.37046 horizon=460 lifetime=[467,2154] skipped=False
2026-08-30 22:23:52,094 | INFO | step=2440/20000 loss=0.6318145 nll=0.6269503 kl=0.009967677 consistency=0 lambda=0 beta=0.488 grad=17.95926 horizon=100 lifetime=[442,856] skipped=False
2026-08-30 22:23:52,690 | INFO | step=2450/20000 loss=0.8438604 nll=0.8414422 kl=0.004935253 consistency=0 lambda=0 beta=0.49 grad=155.3143 horizon=480 lifetime=[505,1045] skipped=False
2026-08-30 22:23:53,251 | INFO | step=2460/20000 loss=0.8949693 nll=0.8864857 kl=0.01724309 consistency=0 lambda=0 beta=0.492 grad=76.16422 horizon=140 lifetime=[428,1000] skipped=False
2026-08-30 22:23:53,869 | INFO | step=2470/20000 loss=0.06201324 nll=0.05568765 kl=0.01280484 consistency=0 lambda=0 beta=0.494 grad=64.89217 horizon=120 lifetime=[442,921] skipped=False
2026-08-30 22:23:54,463 | INFO | step=2480/20000 loss=-0.05540743 nll=-0.06498897 kl=0.01931763 consistency=0 lambda=0 beta=0.496 grad=96.60008 horizon=380 lifetime=[453,2154] skipped=False
2026-08-30 22:23:55,167 | INFO | step=2490/20000 loss=0.2834495 nll=0.2800553 kl=0.006815692 consistency=0 lambda=0 beta=0.498 grad=116.8762 horizon=500 lifetime=[526,869] skipped=False
2026-08-30 22:23:56,779 | INFO | validation step=2500 rmse=249.3886 best=243.6677@2000 stale=1/10
2026-08-30 22:23:56,779 | INFO | step=2500/20000 loss=1.284489 nll=1.278581 kl=0.01181689 consistency=0 lambda=0 beta=0.5 grad=230.1441 horizon=520 lifetime=[534,1932] skipped=False
2026-08-30 22:23:57,513 | INFO | step=2510/20000 loss=0.1895373 nll=0.1864022 kl=0.006245321 consistency=0 lambda=0 beta=0.502 grad=80.06881 horizon=300 lifetime=[437,921] skipped=False
2026-08-30 22:23:58,028 | INFO | step=2520/20000 loss=-0.4406357 nll=-0.4431882 kl=0.00506459 consistency=0 lambda=0 beta=0.504 grad=33.13263 horizon=500 lifetime=[526,1076] skipped=False
2026-08-30 22:23:58,590 | INFO | step=2530/20000 loss=-0.09231073 nll=-0.09650677 kl=0.008292574 consistency=0 lambda=0 beta=0.506 grad=38.6381 horizon=560 lifetime=[599,1282] skipped=False
2026-08-30 22:23:59,293 | INFO | step=2540/20000 loss=-0.4220287 nll=-0.4246961 kl=0.005250687 consistency=0 lambda=0 beta=0.508 grad=22.31481 horizon=520 lifetime=[539,1834] skipped=False
2026-08-30 22:23:59,744 | INFO | step=2550/20000 loss=0.4390481 nll=0.4338635 kl=0.01016587 consistency=0 lambda=0 beta=0.51 grad=36.33278 horizon=120 lifetime=[456,1858] skipped=False
2026-08-30 22:24:00,312 | INFO | step=2560/20000 loss=-0.03857104 nll=-0.04076175 kl=0.004278742 consistency=0 lambda=0 beta=0.512 grad=40.08866 horizon=540 lifetime=[729,2154] skipped=False
2026-08-30 22:24:00,859 | INFO | step=2570/20000 loss=1.20661 nll=1.198849 kl=0.01510086 consistency=0 lambda=0 beta=0.514 grad=10.2376 horizon=80 lifetime=[557,1858] skipped=False
2026-08-30 22:24:01,508 | INFO | step=2580/20000 loss=1.419616 nll=1.418156 kl=0.002828848 consistency=0 lambda=0 beta=0.516 grad=311.1999 horizon=320 lifetime=[456,1000] skipped=False
2026-08-30 22:24:02,034 | INFO | step=2590/20000 loss=0.3179931 nll=0.3132318 kl=0.00919173 consistency=0 lambda=0 beta=0.518 grad=155.524 horizon=320 lifetime=[464,991] skipped=False
2026-08-30 22:24:02,583 | INFO | step=2600/20000 loss=0.6234179 nll=0.609091 kl=0.02755168 consistency=0 lambda=0 beta=0.52 grad=15.9194 horizon=180 lifetime=[453,2154] skipped=False
2026-08-30 22:24:03,215 | INFO | step=2610/20000 loss=-0.1392023 nll=-0.1415677 kl=0.004531309 consistency=0 lambda=0 beta=0.522 grad=71.35476 horizon=440 lifetime=[455,1282] skipped=False
2026-08-30 22:24:03,789 | INFO | step=2620/20000 loss=-0.1386052 nll=-0.1445988 kl=0.01143811 consistency=0 lambda=0 beta=0.524 grad=25.76099 horizon=400 lifetime=[437,1834] skipped=False
2026-08-30 22:24:04,485 | INFO | step=2630/20000 loss=1.066855 nll=1.064367 kl=0.004729811 consistency=0 lambda=0 beta=0.526 grad=134.1422 horizon=120 lifetime=[518,1858] skipped=False
2026-08-30 22:24:04,986 | INFO | step=2640/20000 loss=1.033905 nll=1.021759 kl=0.02300354 consistency=0 lambda=0 beta=0.528 grad=34.90469 horizon=100 lifetime=[493,1932] skipped=False
2026-08-30 22:24:05,545 | INFO | step=2650/20000 loss=-0.02818623 nll=-0.03916683 kl=0.02071811 consistency=0 lambda=0 beta=0.53 grad=92.66875 horizon=220 lifetime=[465,1007] skipped=False
2026-08-30 22:24:06,070 | INFO | step=2660/20000 loss=-0.2826767 nll=-0.2921628 kl=0.01783104 consistency=0 lambda=0 beta=0.532 grad=36.51357 horizon=280 lifetime=[455,1071] skipped=False
2026-08-30 22:24:06,672 | INFO | step=2670/20000 loss=-0.2846935 nll=-0.2856564 kl=0.001803175 consistency=0 lambda=0 beta=0.534 grad=61.26268 horizon=560 lifetime=[706,1143] skipped=False
2026-08-30 22:24:07,259 | INFO | step=2680/20000 loss=0.6852829 nll=0.6837689 kl=0.002824795 consistency=0 lambda=0 beta=0.536 grad=164.1251 horizon=440 lifetime=[497,1152] skipped=False
2026-08-30 22:24:07,955 | INFO | step=2690/20000 loss=-0.04220851 nll=-0.0477346 kl=0.01027155 consistency=0 lambda=0 beta=0.538 grad=19.32755 horizon=580 lifetime=[633,1015] skipped=False
2026-08-30 22:24:08,437 | INFO | step=2700/20000 loss=0.01669618 nll=0.01272058 kl=0.007362217 consistency=0 lambda=0 beta=0.54 grad=84.83321 horizon=320 lifetime=[453,1152] skipped=False
2026-08-30 22:24:09,021 | INFO | step=2710/20000 loss=1.282239 nll=1.269365 kl=0.0237514 consistency=0 lambda=0 beta=0.542 grad=15.41379 horizon=60 lifetime=[505,1081] skipped=False
2026-08-30 22:24:09,813 | INFO | step=2720/20000 loss=-0.5187464 nll=-0.5226453 kl=0.00716714 consistency=0 lambda=0 beta=0.544 grad=43.79478 horizon=340 lifetime=[443,1071] skipped=False
2026-08-30 22:24:10,415 | INFO | step=2730/20000 loss=-0.4763992 nll=-0.4898021 kl=0.02454738 consistency=0 lambda=0 beta=0.546 grad=10.70492 horizon=420 lifetime=[428,2154] skipped=False
2026-08-30 22:24:11,039 | INFO | step=2740/20000 loss=-0.4479147 nll=-0.4505251 kl=0.004763655 consistency=0 lambda=0 beta=0.548 grad=61.75252 horizon=500 lifetime=[599,1282] skipped=False
2026-08-30 22:24:11,644 | INFO | step=2750/20000 loss=-0.8461619 nll=-0.8498731 kl=0.006747728 consistency=0 lambda=0 beta=0.55 grad=104.9254 horizon=300 lifetime=[443,828] skipped=False
2026-08-30 22:24:12,345 | INFO | step=2760/20000 loss=-0.2953931 nll=-0.3013982 kl=0.01087881 consistency=0 lambda=0 beta=0.552 grad=17.29845 horizon=460 lifetime=[477,1081] skipped=False
2026-08-30 22:24:12,933 | INFO | step=2770/20000 loss=0.3981535 nll=0.3957207 kl=0.004391314 consistency=0 lambda=0 beta=0.554 grad=97.25623 horizon=200 lifetime=[455,1007] skipped=False
2026-08-30 22:24:13,528 | INFO | step=2780/20000 loss=-0.5257561 nll=-0.5388252 kl=0.02350553 consistency=0 lambda=0 beta=0.556 grad=24.37077 horizon=420 lifetime=[453,1015] skipped=False
2026-08-30 22:24:14,148 | INFO | step=2790/20000 loss=-0.294873 nll=-0.3003081 kl=0.00974034 consistency=0 lambda=0 beta=0.558 grad=9.918446 horizon=360 lifetime=[539,1049] skipped=False
2026-08-30 22:24:14,731 | INFO | step=2800/20000 loss=0.2709348 nll=0.2660275 kl=0.008763224 consistency=0 lambda=0 beta=0.56 grad=108.8206 horizon=240 lifetime=[465,1834] skipped=False
2026-08-30 22:24:15,362 | INFO | step=2810/20000 loss=0.03429862 nll=0.03244771 kl=0.00329344 consistency=0 lambda=0 beta=0.562 grad=97.02462 horizon=440 lifetime=[510,1834] skipped=False
2026-08-30 22:24:15,891 | INFO | step=2820/20000 loss=2.241137 nll=2.23129 kl=0.01745896 consistency=0 lambda=0 beta=0.564 grad=105.5588 horizon=80 lifetime=[460,2154] skipped=False
2026-08-30 22:24:16,363 | INFO | step=2830/20000 loss=1.183965 nll=1.179918 kl=0.007150579 consistency=0 lambda=0 beta=0.566 grad=55.91193 horizon=60 lifetime=[467,991] skipped=False
2026-08-30 22:24:16,975 | INFO | step=2840/20000 loss=-0.1580396 nll=-0.1654701 kl=0.01308183 consistency=0 lambda=0 beta=0.568 grad=29.42272 horizon=560 lifetime=[665,1049] skipped=False
2026-08-30 22:24:17,572 | INFO | step=2850/20000 loss=0.01049162 nll=0.00480327 kl=0.009979567 consistency=0 lambda=0 beta=0.57 grad=29.91265 horizon=520 lifetime=[534,1071] skipped=False
2026-08-30 22:24:18,165 | INFO | step=2860/20000 loss=-0.4557716 nll=-0.4601689 kl=0.007687625 consistency=0 lambda=0 beta=0.572 grad=12.70806 horizon=460 lifetime=[488,1015] skipped=False
2026-08-30 22:24:18,900 | INFO | step=2870/20000 loss=-0.6240515 nll=-0.6266292 kl=0.004490864 consistency=0 lambda=0 beta=0.574 grad=24.94341 horizon=360 lifetime=[467,942] skipped=False
2026-08-30 22:24:19,474 | INFO | step=2880/20000 loss=-0.1802048 nll=-0.1829098 kl=0.004696216 consistency=0 lambda=0 beta=0.576 grad=5.631928 horizon=480 lifetime=[656,1081] skipped=False
2026-08-30 22:24:20,116 | INFO | step=2890/20000 loss=0.2005195 nll=0.1962436 kl=0.007397808 consistency=0 lambda=0 beta=0.578 grad=14.24612 horizon=140 lifetime=[456,1932] skipped=False
2026-08-30 22:24:20,658 | INFO | step=2900/20000 loss=-9.238813e-05 nll=-0.005383417 kl=0.009122464 consistency=0 lambda=0 beta=0.58 grad=49.32878 horizon=220 lifetime=[428,1858] skipped=False
2026-08-30 22:24:21,149 | INFO | step=2910/20000 loss=0.6841683 nll=0.6788656 kl=0.009111132 consistency=0 lambda=0 beta=0.582 grad=236.7929 horizon=460 lifetime=[488,1932] skipped=False
2026-08-30 22:24:21,788 | INFO | step=2920/20000 loss=-0.4761894 nll=-0.478785 kl=0.00444453 consistency=0 lambda=0 beta=0.584 grad=35.31422 horizon=560 lifetime=[607,1049] skipped=False
2026-08-30 22:24:22,305 | INFO | step=2930/20000 loss=0.7090056 nll=0.6996343 kl=0.01599193 consistency=0 lambda=0 beta=0.586 grad=52.2339 horizon=80 lifetime=[453,988] skipped=False
2026-08-30 22:24:22,893 | INFO | step=2940/20000 loss=-0.1836828 nll=-0.192676 kl=0.01529454 consistency=0 lambda=0 beta=0.588 grad=53.69195 horizon=260 lifetime=[456,991] skipped=False
2026-08-30 22:24:23,327 | INFO | step=2950/20000 loss=1.257438 nll=1.236318 kl=0.03579653 consistency=0 lambda=0 beta=0.59 grad=21.76516 horizon=80 lifetime=[147,1282] skipped=False
2026-08-30 22:24:23,925 | INFO | step=2960/20000 loss=-0.6074501 nll=-0.6120133 kl=0.007708273 consistency=0 lambda=0 beta=0.592 grad=53.90389 horizon=400 lifetime=[443,1143] skipped=False
2026-08-30 22:24:24,589 | INFO | step=2970/20000 loss=-0.1331131 nll=-0.1380598 kl=0.008327782 consistency=0 lambda=0 beta=0.594 grad=19.80828 horizon=260 lifetime=[482,1076] skipped=False
2026-08-30 22:24:25,084 | INFO | step=2980/20000 loss=0.3954095 nll=0.3883078 kl=0.01191559 consistency=0 lambda=0 beta=0.596 grad=87.7567 horizon=120 lifetime=[512,1076] skipped=False
2026-08-30 22:24:25,588 | INFO | step=2990/20000 loss=0.4750069 nll=0.4694243 kl=0.009335455 consistency=0 lambda=0 beta=0.598 grad=52.63278 horizon=120 lifetime=[467,1052] skipped=False
2026-08-30 22:24:27,185 | INFO | validation step=3000 rmse=207.9803 best=207.9803@3000 stale=0/10
2026-08-30 22:24:27,186 | INFO | step=3000/20000 loss=-0.1851551 nll=-0.1927573 kl=0.01267024 consistency=0 lambda=0 beta=0.6 grad=30.32739 horizon=280 lifetime=[482,1049] skipped=False
2026-08-30 22:24:27,729 | INFO | step=3010/20000 loss=1.363341 nll=1.348493 kl=0.02466343 consistency=0 lambda=0 beta=0.602 grad=50.34283 horizon=80 lifetime=[456,2154] skipped=False
2026-08-30 22:24:28,220 | INFO | step=3020/20000 loss=-0.2500147 nll=-0.2527606 kl=0.00454615 consistency=0 lambda=0 beta=0.604 grad=40.41155 horizon=260 lifetime=[428,942] skipped=False
2026-08-30 22:24:28,796 | INFO | step=3030/20000 loss=0.3085908 nll=0.3009723 kl=0.01257184 consistency=0 lambda=0 beta=0.606 grad=50.44132 horizon=480 lifetime=[633,1015] skipped=False
2026-08-30 22:24:29,525 | INFO | step=3040/20000 loss=0.09711594 nll=0.08824375 kl=0.01459241 consistency=0 lambda=0 beta=0.608 grad=112.9907 horizon=560 lifetime=[677,1858] skipped=False
2026-08-30 22:24:30,140 | INFO | step=3050/20000 loss=1.04562 nll=1.043085 kl=0.004156958 consistency=0 lambda=0 beta=0.61 grad=69.24348 horizon=80 lifetime=[460,1007] skipped=False
2026-08-30 22:24:30,677 | INFO | step=3060/20000 loss=0.00905684 nll=0.0010636 kl=0.01306085 consistency=0 lambda=0 beta=0.612 grad=156.9754 horizon=600 lifetime=[607,942] skipped=False
2026-08-30 22:24:31,194 | INFO | step=3070/20000 loss=0.8757182 nll=0.8575099 kl=0.02965536 consistency=0 lambda=0 beta=0.614 grad=56.70493 horizon=60 lifetime=[442,786] skipped=False
2026-08-30 22:24:31,820 | INFO | step=3080/20000 loss=-0.1953256 nll=-0.2023962 kl=0.01147822 consistency=0 lambda=0 beta=0.616 grad=28.2379 horizon=600 lifetime=[771,1282] skipped=False
2026-08-30 22:24:32,406 | INFO | step=3090/20000 loss=0.2791377 nll=0.2743498 kl=0.007747419 consistency=0 lambda=0 beta=0.618 grad=36.25406 horizon=140 lifetime=[437,1081] skipped=False
2026-08-30 22:24:33,005 | INFO | step=3100/20000 loss=-0.07497444 nll=-0.07798605 kl=0.004857433 consistency=0 lambda=0 beta=0.62 grad=20.88202 horizon=280 lifetime=[464,1143] skipped=False
2026-08-30 22:24:33,697 | INFO | step=3110/20000 loss=-0.3477656 nll=-0.3503092 kl=0.004089341 consistency=0 lambda=0 beta=0.622 grad=81.56734 horizon=460 lifetime=[493,1834] skipped=False
2026-08-30 22:24:34,416 | INFO | step=3120/20000 loss=0.8843934 nll=0.8796915 kl=0.007535153 consistency=0 lambda=0 beta=0.624 grad=23.66665 horizon=160 lifetime=[437,2154] skipped=False
2026-08-30 22:24:34,993 | INFO | step=3130/20000 loss=1.058129 nll=1.052959 kl=0.008258577 consistency=0 lambda=0 beta=0.626 grad=201.85 horizon=360 lifetime=[428,1932] skipped=False
2026-08-30 22:24:35,658 | INFO | step=3140/20000 loss=1.478826 nll=1.477074 kl=0.002789281 consistency=0 lambda=0 beta=0.628 grad=150.8961 horizon=480 lifetime=[500,1932] skipped=False
2026-08-30 22:24:36,066 | INFO | step=3150/20000 loss=0.2168253 nll=0.2145527 kl=0.003607309 consistency=0 lambda=0 beta=0.63 grad=47.45853 horizon=140 lifetime=[486,921] skipped=False
2026-08-30 22:24:36,662 | INFO | step=3160/20000 loss=0.6685302 nll=0.6573112 kl=0.01775165 consistency=0 lambda=0 beta=0.632 grad=11.56396 horizon=80 lifetime=[428,1152] skipped=False
2026-08-30 22:24:37,334 | INFO | step=3170/20000 loss=0.08183396 nll=0.07648641 kl=0.008434623 consistency=0 lambda=0 beta=0.634 grad=137.208 horizon=320 lifetime=[480,988] skipped=False
2026-08-30 22:24:38,066 | INFO | step=3180/20000 loss=-0.421186 nll=-0.4234578 kl=0.003572075 consistency=0 lambda=0 beta=0.636 grad=38.61554 horizon=400 lifetime=[493,1000] skipped=False
2026-08-30 22:24:38,546 | INFO | step=3190/20000 loss=-0.02615649 nll=-0.03139846 kl=0.008216254 consistency=0 lambda=0 beta=0.638 grad=50.07323 horizon=580 lifetime=[614,1282] skipped=False
2026-08-30 22:24:39,091 | INFO | step=3200/20000 loss=0.2978618 nll=0.2946066 kl=0.005086197 consistency=0 lambda=0 beta=0.64 grad=130.3876 horizon=180 lifetime=[467,1858] skipped=False
2026-08-30 22:24:39,689 | INFO | step=3210/20000 loss=-0.4553229 nll=-0.4559771 kl=0.001019035 consistency=0 lambda=0 beta=0.642 grad=57.43802 horizon=520 lifetime=[529,1015] skipped=False
2026-08-30 22:24:40,230 | INFO | step=3220/20000 loss=-0.293414 nll=-0.3004384 kl=0.01090748 consistency=0 lambda=0 beta=0.644 grad=115.5208 horizon=420 lifetime=[442,1152] skipped=False
2026-08-30 22:24:40,886 | INFO | step=3230/20000 loss=-0.2842459 nll=-0.2874693 kl=0.004989802 consistency=0 lambda=0 beta=0.646 grad=43.52839 horizon=340 lifetime=[455,921] skipped=False
2026-08-30 22:24:41,473 | INFO | step=3240/20000 loss=-0.1884419 nll=-0.1922616 kl=0.005894538 consistency=0 lambda=0 beta=0.648 grad=76.28764 horizon=380 lifetime=[442,2154] skipped=False
2026-08-30 22:24:42,105 | INFO | step=3250/20000 loss=-0.2881175 nll=-0.2905973 kl=0.003815159 consistency=0 lambda=0 beta=0.65 grad=27.24484 horizon=400 lifetime=[428,2154] skipped=False
2026-08-30 22:24:42,604 | INFO | step=3260/20000 loss=0.09826797 nll=0.09354116 kl=0.007249696 consistency=0 lambda=0 beta=0.652 grad=75.48289 horizon=160 lifetime=[437,871] skipped=False
2026-08-30 22:24:43,378 | INFO | step=3270/20000 loss=-0.1722495 nll=-0.1768332 kl=0.007008793 consistency=0 lambda=0 beta=0.654 grad=40.79285 horizon=460 lifetime=[500,1834] skipped=False
2026-08-30 22:24:43,961 | INFO | step=3280/20000 loss=-0.3662454 nll=-0.3696678 kl=0.005217056 consistency=0 lambda=0 beta=0.656 grad=52.22465 horizon=600 lifetime=[633,942] skipped=False
2026-08-30 22:24:44,588 | INFO | step=3290/20000 loss=-0.1717229 nll=-0.1761602 kl=0.006743569 consistency=0 lambda=0 beta=0.658 grad=54.27228 horizon=440 lifetime=[482,1834] skipped=False
2026-08-30 22:24:45,361 | INFO | step=3300/20000 loss=-0.09842979 nll=-0.1028407 kl=0.006683141 consistency=0 lambda=0 beta=0.66 grad=34.63883 horizon=600 lifetime=[656,1000] skipped=False
2026-08-30 22:24:45,844 | INFO | step=3310/20000 loss=0.08494066 nll=0.0802798 kl=0.007040584 consistency=0 lambda=0 beta=0.662 grad=17.39757 horizon=140 lifetime=[443,942] skipped=False
2026-08-30 22:24:46,426 | INFO | step=3320/20000 loss=-0.08041496 nll=-0.08891338 kl=0.01279883 consistency=0 lambda=0 beta=0.664 grad=74.56931 horizon=580 lifetime=[675,1052] skipped=False
2026-08-30 22:24:46,999 | INFO | step=3330/20000 loss=0.505214 nll=0.4990498 kl=0.00925559 consistency=0 lambda=0 beta=0.666 grad=84.71977 horizon=560 lifetime=[677,1932] skipped=False
2026-08-30 22:24:47,543 | INFO | step=3340/20000 loss=-0.0002603706 nll=-0.001754507 kl=0.002236732 consistency=0 lambda=0 beta=0.668 grad=52.59845 horizon=180 lifetime=[494,1282] skipped=False
2026-08-30 22:24:48,007 | INFO | step=3350/20000 loss=0.2180011 nll=0.216558 kl=0.002153849 consistency=0 lambda=0 beta=0.67 grad=40.56748 horizon=180 lifetime=[428,1071] skipped=False
2026-08-30 22:24:48,643 | INFO | step=3360/20000 loss=0.1564531 nll=0.153191 kl=0.004854253 consistency=0 lambda=0 beta=0.672 grad=12.6956 horizon=580 lifetime=[665,1932] skipped=False
2026-08-30 22:24:49,295 | INFO | step=3370/20000 loss=0.1452781 nll=0.1425906 kl=0.003987352 consistency=0 lambda=0 beta=0.674 grad=87.24348 horizon=400 lifetime=[482,1152] skipped=False
2026-08-30 22:24:49,920 | INFO | step=3380/20000 loss=0.08133229 nll=0.07926019 kl=0.003065241 consistency=0 lambda=0 beta=0.676 grad=111.7011 horizon=560 lifetime=[599,1015] skipped=False
2026-08-30 22:24:50,680 | INFO | step=3390/20000 loss=0.08791186 nll=0.08635236 kl=0.002300156 consistency=0 lambda=0 beta=0.678 grad=170.2222 horizon=300 lifetime=[465,1152] skipped=False
2026-08-30 22:24:51,173 | INFO | step=3400/20000 loss=0.8112769 nll=0.8021623 kl=0.01340378 consistency=0 lambda=0 beta=0.68 grad=91.53769 horizon=180 lifetime=[497,1858] skipped=False
2026-08-30 22:24:51,723 | INFO | step=3410/20000 loss=0.1714472 nll=0.1669593 kl=0.006580552 consistency=0 lambda=0 beta=0.682 grad=41.81375 horizon=540 lifetime=[648,1081] skipped=False
2026-08-30 22:24:52,476 | INFO | step=3420/20000 loss=-0.5738742 nll=-0.5790328 kl=0.007541926 consistency=0 lambda=0 beta=0.684 grad=26.43299 horizon=380 lifetime=[428,1007] skipped=False
2026-08-30 22:24:53,064 | INFO | step=3430/20000 loss=-0.47885 nll=-0.481187 kl=0.003406616 consistency=0 lambda=0 beta=0.686 grad=36.35606 horizon=340 lifetime=[442,933] skipped=False
2026-08-30 22:24:53,756 | INFO | step=3440/20000 loss=-0.6114278 nll=-0.6134446 kl=0.002931447 consistency=0 lambda=0 beta=0.688 grad=44.93208 horizon=500 lifetime=[526,1152] skipped=False
2026-08-30 22:24:54,349 | INFO | step=3450/20000 loss=-0.4257369 nll=-0.431412 kl=0.00822479 consistency=0 lambda=0 beta=0.69 grad=32.58219 horizon=600 lifetime=[700,1007] skipped=False
2026-08-30 22:24:54,968 | INFO | step=3460/20000 loss=-0.8729154 nll=-0.8763822 kl=0.005009846 consistency=0 lambda=0 beta=0.692 grad=32.12177 horizon=380 lifetime=[428,786] skipped=False
2026-08-30 22:24:55,624 | INFO | step=3470/20000 loss=0.09546653 nll=0.09397444 kl=0.002149986 consistency=0 lambda=0 beta=0.694 grad=61.00902 horizon=540 lifetime=[599,1143] skipped=False
2026-08-30 22:24:56,337 | INFO | step=3480/20000 loss=-0.6247747 nll=-0.6320614 kl=0.01046944 consistency=0 lambda=0 beta=0.696 grad=40.33616 horizon=420 lifetime=[467,1049] skipped=False
2026-08-30 22:24:56,986 | INFO | step=3490/20000 loss=1.170202 nll=1.153616 kl=0.02376196 consistency=0 lambda=0 beta=0.698 grad=237.2737 horizon=180 lifetime=[428,1932] skipped=False
2026-08-30 22:24:58,626 | INFO | validation step=3500 rmse=195.7785 best=195.7785@3500 stale=0/10
2026-08-30 22:24:58,626 | INFO | step=3500/20000 loss=0.08681382 nll=0.07840835 kl=0.01200783 consistency=0 lambda=0 beta=0.7 grad=15.16687 horizon=200 lifetime=[486,1081] skipped=False
2026-08-30 22:24:59,362 | INFO | step=3510/20000 loss=-0.07551863 nll=-0.07946683 kl=0.005624223 consistency=0 lambda=0 beta=0.702 grad=33.74417 horizon=520 lifetime=[534,1834] skipped=False
2026-08-30 22:24:59,961 | INFO | step=3520/20000 loss=0.2232855 nll=0.2199183 kl=0.004782985 consistency=0 lambda=0 beta=0.704 grad=121.4599 horizon=480 lifetime=[498,1143] skipped=False
2026-08-30 22:25:00,668 | INFO | step=3530/20000 loss=0.7600506 nll=0.7570221 kl=0.004289599 consistency=0 lambda=0 beta=0.706 grad=155.8269 horizon=540 lifetime=[675,1932] skipped=False
2026-08-30 22:25:01,273 | INFO | step=3540/20000 loss=-0.220793 nll=-0.2237714 kl=0.004206727 consistency=0 lambda=0 beta=0.708 grad=17.66153 horizon=200 lifetime=[465,1071] skipped=False
2026-08-30 22:25:01,773 | INFO | step=3550/20000 loss=-0.1458772 nll=-0.152678 kl=0.009578628 consistency=0 lambda=0 beta=0.71 grad=53.00606 horizon=280 lifetime=[534,1152] skipped=False
2026-08-30 22:25:02,460 | INFO | step=3560/20000 loss=0.2746218 nll=0.2679103 kl=0.009426152 consistency=0 lambda=0 beta=0.712 grad=56.96098 horizon=220 lifetime=[526,1858] skipped=False
2026-08-30 22:25:02,928 | INFO | step=3570/20000 loss=0.6674358 nll=0.6619385 kl=0.007699306 consistency=0 lambda=0 beta=0.714 grad=13.445 horizon=60 lifetime=[465,1045] skipped=False
2026-08-30 22:25:03,494 | INFO | step=3580/20000 loss=0.5189196 nll=0.5139067 kl=0.007001308 consistency=0 lambda=0 beta=0.716 grad=119.5277 horizon=320 lifetime=[498,1081] skipped=False
2026-08-30 22:25:04,187 | INFO | step=3590/20000 loss=-0.4463787 nll=-0.4540412 kl=0.01067195 consistency=0 lambda=0 beta=0.718 grad=17.03666 horizon=240 lifetime=[428,774] skipped=False
2026-08-30 22:25:04,764 | INFO | step=3600/20000 loss=-0.01411313 nll=-0.01532733 kl=0.001686382 consistency=0 lambda=0 beta=0.72 grad=57.85932 horizon=280 lifetime=[437,1834] skipped=False
2026-08-30 22:25:05,316 | INFO | step=3610/20000 loss=1.162143 nll=1.151825 kl=0.0142913 consistency=0 lambda=0 beta=0.722 grad=46.11897 horizon=60 lifetime=[147,921] skipped=False
2026-08-30 22:25:05,816 | INFO | step=3620/20000 loss=-0.2362421 nll=-0.2473957 kl=0.01540557 consistency=0 lambda=0 beta=0.724 grad=60.35655 horizon=220 lifetime=[480,915] skipped=False
2026-08-30 22:25:06,439 | INFO | step=3630/20000 loss=1.652554 nll=1.643657 kl=0.01225498 consistency=0 lambda=0 beta=0.726 grad=203.0683 horizon=100 lifetime=[498,2154] skipped=False
2026-08-30 22:25:06,906 | INFO | step=3640/20000 loss=-0.3467848 nll=-0.3537602 kl=0.009581688 consistency=0 lambda=0 beta=0.728 grad=60.14976 horizon=540 lifetime=[656,1071] skipped=False
2026-08-30 22:25:07,508 | INFO | step=3650/20000 loss=1.288109 nll=1.280036 kl=0.01105957 consistency=0 lambda=0 beta=0.73 grad=70.14189 horizon=80 lifetime=[147,991] skipped=False
2026-08-30 22:25:08,057 | INFO | step=3660/20000 loss=-0.6068153 nll=-0.6142013 kl=0.01009015 consistency=0 lambda=0 beta=0.732 grad=41.07066 horizon=420 lifetime=[443,1071] skipped=False
2026-08-30 22:25:08,619 | INFO | step=3670/20000 loss=-0.6488607 nll=-0.6574596 kl=0.01171513 consistency=0 lambda=0 beta=0.734 grad=62.11743 horizon=480 lifetime=[512,877] skipped=False
2026-08-30 22:25:09,162 | INFO | step=3680/20000 loss=0.490516 nll=0.4859791 kl=0.006164249 consistency=0 lambda=0 beta=0.736 grad=30.43759 horizon=160 lifetime=[494,1152] skipped=False
2026-08-30 22:25:09,846 | INFO | step=3690/20000 loss=-0.06446473 nll=-0.07063282 kl=0.008357832 consistency=0 lambda=0 beta=0.738 grad=33.25747 horizon=340 lifetime=[539,1081] skipped=False
2026-08-30 22:25:10,386 | INFO | step=3700/20000 loss=0.5238375 nll=0.5168276 kl=0.009472875 consistency=0 lambda=0 beta=0.74 grad=23.54675 horizon=60 lifetime=[428,915] skipped=False
2026-08-30 22:25:10,977 | INFO | step=3710/20000 loss=-0.4108055 nll=-0.4140545 kl=0.004378792 consistency=0 lambda=0 beta=0.742 grad=58.16695 horizon=440 lifetime=[443,988] skipped=False
2026-08-30 22:25:11,512 | INFO | step=3720/20000 loss=0.3391676 nll=0.3356928 kl=0.004670421 consistency=0 lambda=0 beta=0.744 grad=91.82211 horizon=160 lifetime=[477,1858] skipped=False
2026-08-30 22:25:12,007 | INFO | step=3730/20000 loss=-0.8888194 nll=-0.893375 kl=0.006106792 consistency=0 lambda=0 beta=0.746 grad=54.14791 horizon=320 lifetime=[453,1045] skipped=False
2026-08-30 22:25:12,616 | INFO | step=3740/20000 loss=-0.2171669 nll=-0.2212168 kl=0.005414308 consistency=0 lambda=0 beta=0.748 grad=34.08942 horizon=500 lifetime=[529,1858] skipped=False
2026-08-30 22:25:13,285 | INFO | step=3750/20000 loss=-0.3941493 nll=-0.399999 kl=0.007799495 consistency=0 lambda=0 beta=0.75 grad=49.34734 horizon=440 lifetime=[529,2154] skipped=False
2026-08-30 22:25:13,847 | INFO | step=3760/20000 loss=-0.08003303 nll=-0.08084549 kl=0.001080395 consistency=0 lambda=0 beta=0.752 grad=83.13706 horizon=300 lifetime=[462,1049] skipped=False
2026-08-30 22:25:14,535 | INFO | step=3770/20000 loss=-0.2471868 nll=-0.249503 kl=0.003071828 consistency=0 lambda=0 beta=0.754 grad=154.0547 horizon=460 lifetime=[518,1152] skipped=False
2026-08-30 22:25:15,110 | INFO | step=3780/20000 loss=1.445171 nll=1.438777 kl=0.008458082 consistency=0 lambda=0 beta=0.756 grad=303.3561 horizon=500 lifetime=[526,1932] skipped=False
2026-08-30 22:25:15,771 | INFO | step=3790/20000 loss=0.9898839 nll=0.9862384 kl=0.004809311 consistency=0 lambda=0 beta=0.758 grad=195.2977 horizon=600 lifetime=[607,1071] skipped=False
2026-08-30 22:25:16,398 | INFO | step=3800/20000 loss=0.4187068 nll=0.4152458 kl=0.004553968 consistency=0 lambda=0 beta=0.76 grad=161.7117 horizon=460 lifetime=[533,1049] skipped=False
2026-08-30 22:25:16,993 | INFO | step=3810/20000 loss=1.364465 nll=1.357023 kl=0.009766029 consistency=0 lambda=0 beta=0.762 grad=275.6997 horizon=120 lifetime=[437,1932] skipped=False
2026-08-30 22:25:17,587 | INFO | step=3820/20000 loss=-0.2850241 nll=-0.2945403 kl=0.01245577 consistency=0 lambda=0 beta=0.764 grad=51.13887 horizon=580 lifetime=[607,1932] skipped=False
2026-08-30 22:25:18,186 | INFO | step=3830/20000 loss=0.03801451 nll=0.03615883 kl=0.002422551 consistency=0 lambda=0 beta=0.766 grad=54.18666 horizon=280 lifetime=[428,2154] skipped=False
2026-08-30 22:25:18,750 | INFO | step=3840/20000 loss=0.5269111 nll=0.5235645 kl=0.004357477 consistency=0 lambda=0 beta=0.768 grad=47.79578 horizon=140 lifetime=[442,1143] skipped=False
2026-08-30 22:25:19,310 | INFO | step=3850/20000 loss=-0.2770655 nll=-0.2791097 kl=0.002654864 consistency=0 lambda=0 beta=0.77 grad=36.50073 horizon=260 lifetime=[460,1076] skipped=False
2026-08-30 22:25:19,876 | INFO | step=3860/20000 loss=0.4309062 nll=0.4258455 kl=0.006555358 consistency=0 lambda=0 beta=0.772 grad=29.56031 horizon=80 lifetime=[334,1143] skipped=False
2026-08-30 22:25:20,504 | INFO | step=3870/20000 loss=1.199473 nll=1.196612 kl=0.003696529 consistency=0 lambda=0 beta=0.774 grad=96.52334 horizon=280 lifetime=[529,1932] skipped=False
2026-08-30 22:25:21,189 | INFO | step=3880/20000 loss=0.8322014 nll=0.827675 kl=0.005833028 consistency=0 lambda=0 beta=0.776 grad=175.2295 horizon=580 lifetime=[665,1932] skipped=False
2026-08-30 22:25:21,721 | INFO | step=3890/20000 loss=0.4497969 nll=0.445381 kl=0.005676003 consistency=0 lambda=0 beta=0.778 grad=16.01752 horizon=120 lifetime=[437,942] skipped=False
2026-08-30 22:25:22,267 | INFO | step=3900/20000 loss=-0.3834672 nll=-0.3873363 kl=0.004960403 consistency=0 lambda=0 beta=0.78 grad=22.13295 horizon=180 lifetime=[428,1052] skipped=False
2026-08-30 22:25:22,786 | INFO | step=3910/20000 loss=0.05028293 nll=0.04478197 kl=0.007034475 consistency=0 lambda=0 beta=0.782 grad=63.78794 horizon=160 lifetime=[453,1071] skipped=False
2026-08-30 22:25:23,388 | INFO | step=3920/20000 loss=-0.2429072 nll=-0.2449201 kl=0.002567468 consistency=0 lambda=0 beta=0.784 grad=23.28626 horizon=280 lifetime=[428,991] skipped=False
2026-08-30 22:25:23,886 | INFO | step=3930/20000 loss=-0.4028047 nll=-0.4045784 kl=0.002256544 consistency=0 lambda=0 beta=0.786 grad=33.93111 horizon=520 lifetime=[534,1076] skipped=False
2026-08-30 22:25:24,503 | INFO | step=3940/20000 loss=-0.5062041 nll=-0.509674 kl=0.004403308 consistency=0 lambda=0 beta=0.788 grad=22.26333 horizon=600 lifetime=[656,1282] skipped=False
2026-08-30 22:25:25,142 | INFO | step=3950/20000 loss=-0.3966893 nll=-0.4036799 kl=0.008848848 consistency=0 lambda=0 beta=0.79 grad=37.9025 horizon=280 lifetime=[465,887] skipped=False
2026-08-30 22:25:25,816 | INFO | step=3960/20000 loss=-0.2915872 nll=-0.2957837 kl=0.005298528 consistency=0 lambda=0 beta=0.792 grad=71.96684 horizon=400 lifetime=[500,1152] skipped=False
2026-08-30 22:25:26,544 | INFO | step=3970/20000 loss=-0.01482736 nll=-0.0195245 kl=0.005915788 consistency=0 lambda=0 beta=0.794 grad=30.74206 horizon=580 lifetime=[760,2154] skipped=False
2026-08-30 22:25:27,142 | INFO | step=3980/20000 loss=-0.4086844 nll=-0.4109204 kl=0.002808966 consistency=0 lambda=0 beta=0.796 grad=13.13055 horizon=600 lifetime=[607,2154] skipped=False
2026-08-30 22:25:27,712 | INFO | step=3990/20000 loss=0.6378148 nll=0.6300093 kl=0.009781349 consistency=0 lambda=0 beta=0.798 grad=50.10899 horizon=60 lifetime=[465,1045] skipped=False
2026-08-30 22:25:29,409 | INFO | validation step=4000 rmse=205.3253 best=195.7785@3500 stale=1/10
2026-08-30 22:25:29,409 | INFO | step=4000/20000 loss=0.362689 nll=0.3585227 kl=0.005207898 consistency=0 lambda=0 beta=0.8 grad=159.3631 horizon=580 lifetime=[622,1932] skipped=False
2026-08-30 22:25:30,145 | INFO | step=4010/20000 loss=0.168034 nll=0.1651114 kl=0.003644099 consistency=0 lambda=0 beta=0.802 grad=30.87098 horizon=520 lifetime=[599,1081] skipped=False
2026-08-30 22:25:30,751 | INFO | step=4020/20000 loss=1.040562 nll=1.038366 kl=0.002730332 consistency=0 lambda=0 beta=0.804 grad=139.2114 horizon=180 lifetime=[533,1834] skipped=False
2026-08-30 22:25:31,356 | INFO | step=4030/20000 loss=-0.1515678 nll=-0.1530155 kl=0.001796133 consistency=0 lambda=0 beta=0.806 grad=61.44586 horizon=300 lifetime=[334,930] skipped=False
2026-08-30 22:25:31,897 | INFO | step=4040/20000 loss=-0.7014737 nll=-0.7047415 kl=0.004044322 consistency=0 lambda=0 beta=0.808 grad=70.33603 horizon=320 lifetime=[462,1049] skipped=False
2026-08-30 22:25:32,609 | INFO | step=4050/20000 loss=0.2234502 nll=0.221993 kl=0.001798999 consistency=0 lambda=0 beta=0.81 grad=47.84003 horizon=540 lifetime=[557,1932] skipped=False
2026-08-30 22:25:33,201 | INFO | step=4060/20000 loss=-0.1730676 nll=-0.1774253 kl=0.005366582 consistency=0 lambda=0 beta=0.812 grad=230.5887 horizon=380 lifetime=[428,863] skipped=False
2026-08-30 22:25:33,820 | INFO | step=4070/20000 loss=0.3230116 nll=0.3186088 kl=0.005408879 consistency=0 lambda=0 beta=0.814 grad=131.2223 horizon=460 lifetime=[464,1081] skipped=False
2026-08-30 22:25:34,448 | INFO | step=4080/20000 loss=2.940979 nll=2.932313 kl=0.01061999 consistency=0 lambda=0 beta=0.816 grad=508.2851 horizon=520 lifetime=[559,1932] skipped=False
2026-08-30 22:25:35,006 | INFO | step=4090/20000 loss=-0.3709759 nll=-0.3735097 kl=0.003097517 consistency=0 lambda=0 beta=0.818 grad=30.82646 horizon=360 lifetime=[519,1071] skipped=False
2026-08-30 22:25:35,625 | INFO | step=4100/20000 loss=-0.1185881 nll=-0.1215005 kl=0.003551703 consistency=0 lambda=0 beta=0.82 grad=24.21674 horizon=360 lifetime=[460,2154] skipped=False
2026-08-30 22:25:36,186 | INFO | step=4110/20000 loss=-0.02904424 nll=-0.03130625 kl=0.002751834 consistency=0 lambda=0 beta=0.822 grad=55.58367 horizon=280 lifetime=[428,1143] skipped=False
2026-08-30 22:25:36,810 | INFO | step=4120/20000 loss=0.5090877 nll=0.4995482 kl=0.01157707 consistency=0 lambda=0 beta=0.824 grad=80.35944 horizon=60 lifetime=[455,860] skipped=False
2026-08-30 22:25:37,526 | INFO | step=4130/20000 loss=-0.353438 nll=-0.3555614 kl=0.002570685 consistency=0 lambda=0 beta=0.826 grad=61.43205 horizon=600 lifetime=[687,1015] skipped=False
2026-08-30 22:25:38,096 | INFO | step=4140/20000 loss=0.6180325 nll=0.6124022 kl=0.006799793 consistency=0 lambda=0 beta=0.828 grad=33.82012 horizon=80 lifetime=[437,1152] skipped=False
2026-08-30 22:25:38,610 | INFO | step=4150/20000 loss=-0.1996017 nll=-0.2028207 kl=0.003878248 consistency=0 lambda=0 beta=0.83 grad=107.8566 horizon=300 lifetime=[465,1858] skipped=False
2026-08-30 22:25:39,201 | INFO | step=4160/20000 loss=0.320423 nll=0.3110982 kl=0.01120771 consistency=0 lambda=0 beta=0.832 grad=42.10611 horizon=320 lifetime=[559,1858] skipped=False
2026-08-30 22:25:39,788 | INFO | step=4170/20000 loss=-0.4625262 nll=-0.4667779 kl=0.005097963 consistency=0 lambda=0 beta=0.834 grad=30.20796 horizon=380 lifetime=[437,991] skipped=False
2026-08-30 22:25:40,390 | INFO | step=4180/20000 loss=-0.06855775 nll=-0.075137 kl=0.00786991 consistency=0 lambda=0 beta=0.836 grad=18.35566 horizon=520 lifetime=[599,1834] skipped=False
2026-08-30 22:25:40,987 | INFO | step=4190/20000 loss=-0.6945463 nll=-0.6973056 kl=0.0032926 consistency=0 lambda=0 beta=0.838 grad=31.33817 horizon=440 lifetime=[465,1015] skipped=False
2026-08-30 22:25:41,539 | INFO | step=4200/20000 loss=-0.2259858 nll=-0.2274545 kl=0.001748406 consistency=0 lambda=0 beta=0.84 grad=39.80964 horizon=240 lifetime=[437,1049] skipped=False
2026-08-30 22:25:42,229 | INFO | step=4210/20000 loss=0.5072787 nll=0.502656 kl=0.005490125 consistency=0 lambda=0 beta=0.842 grad=119.6353 horizon=500 lifetime=[534,1049] skipped=False
2026-08-30 22:25:42,824 | INFO | step=4220/20000 loss=0.4049689 nll=0.4001294 kl=0.00573397 consistency=0 lambda=0 beta=0.844 grad=59.5088 horizon=260 lifetime=[494,1045] skipped=False
2026-08-30 22:25:43,335 | INFO | step=4230/20000 loss=0.05162212 nll=0.0503704 kl=0.001479577 consistency=0 lambda=0 beta=0.846 grad=34.05574 horizon=320 lifetime=[467,1152] skipped=False
2026-08-30 22:25:44,005 | INFO | step=4240/20000 loss=0.07044721 nll=0.06722011 kl=0.003805541 consistency=0 lambda=0 beta=0.848 grad=53.22438 horizon=120 lifetime=[453,988] skipped=False
2026-08-30 22:25:44,523 | INFO | step=4250/20000 loss=0.3689461 nll=0.3638983 kl=0.005938595 consistency=0 lambda=0 beta=0.85 grad=221.553 horizon=320 lifetime=[465,1834] skipped=False
2026-08-30 22:25:45,060 | INFO | step=4260/20000 loss=0.442096 nll=0.4348745 kl=0.008475922 consistency=0 lambda=0 beta=0.852 grad=21.16785 horizon=420 lifetime=[742,1858] skipped=False
2026-08-30 22:25:45,563 | INFO | step=4270/20000 loss=0.1964714 nll=0.1931456 kl=0.003894369 consistency=0 lambda=0 beta=0.854 grad=50.04172 horizon=180 lifetime=[497,1076] skipped=False
2026-08-30 22:25:46,263 | INFO | step=4280/20000 loss=0.7096593 nll=0.7048637 kl=0.005602349 consistency=0 lambda=0 beta=0.856 grad=25.50831 horizon=100 lifetime=[464,1282] skipped=False
2026-08-30 22:25:46,844 | INFO | step=4290/20000 loss=-0.466525 nll=-0.4746735 kl=0.009497005 consistency=0 lambda=0 beta=0.858 grad=30.11357 horizon=460 lifetime=[480,1081] skipped=False
2026-08-30 22:25:47,388 | INFO | step=4300/20000 loss=-0.6610916 nll=-0.6641524 kl=0.003559111 consistency=0 lambda=0 beta=0.86 grad=16.87165 horizon=380 lifetime=[443,915] skipped=False
2026-08-30 22:25:47,915 | INFO | step=4310/20000 loss=-0.5249214 nll=-0.5271099 kl=0.002538832 consistency=0 lambda=0 beta=0.862 grad=48.07383 horizon=400 lifetime=[465,887] skipped=False
2026-08-30 22:25:48,479 | INFO | step=4320/20000 loss=-0.2384575 nll=-0.2447985 kl=0.007339077 consistency=0 lambda=0 beta=0.864 grad=14.64171 horizon=180 lifetime=[494,1858] skipped=False
2026-08-30 22:25:49,159 | INFO | step=4330/20000 loss=-0.3683444 nll=-0.3690433 kl=0.0008069929 consistency=0 lambda=0 beta=0.866 grad=68.58987 horizon=400 lifetime=[462,1143] skipped=False
2026-08-30 22:25:49,756 | INFO | step=4340/20000 loss=-0.09126259 nll=-0.09299055 kl=0.001990731 consistency=0 lambda=0 beta=0.868 grad=34.43621 horizon=320 lifetime=[464,1000] skipped=False
2026-08-30 22:25:50,372 | INFO | step=4350/20000 loss=0.2765415 nll=0.27315 kl=0.003898328 consistency=0 lambda=0 beta=0.87 grad=74.02912 horizon=160 lifetime=[334,1932] skipped=False
2026-08-30 22:25:50,965 | INFO | step=4360/20000 loss=0.1874739 nll=0.1769976 kl=0.01201409 consistency=0 lambda=0 beta=0.872 grad=136.2932 horizon=400 lifetime=[477,1152] skipped=False
2026-08-30 22:25:51,662 | INFO | step=4370/20000 loss=0.1975498 nll=0.1932204 kl=0.004953456 consistency=0 lambda=0 beta=0.874 grad=223.8475 horizon=360 lifetime=[428,942] skipped=False
2026-08-30 22:25:52,256 | INFO | step=4380/20000 loss=0.4947766 nll=0.4901965 kl=0.005228397 consistency=0 lambda=0 beta=0.876 grad=29.30734 horizon=180 lifetime=[460,1076] skipped=False
2026-08-30 22:25:52,883 | INFO | step=4390/20000 loss=0.2532218 nll=0.2457799 kl=0.008476003 consistency=0 lambda=0 beta=0.878 grad=46.62129 horizon=140 lifetime=[505,1052] skipped=False
2026-08-30 22:25:53,414 | INFO | step=4400/20000 loss=0.9408262 nll=0.9357088 kl=0.005815267 consistency=0 lambda=0 beta=0.88 grad=41.98937 horizon=220 lifetime=[794,1076] skipped=False
2026-08-30 22:25:54,025 | INFO | step=4410/20000 loss=-0.5575925 nll=-0.5607253 kl=0.003551863 consistency=0 lambda=0 beta=0.882 grad=16.55996 horizon=320 lifetime=[460,1007] skipped=False
2026-08-30 22:25:54,746 | INFO | step=4420/20000 loss=-0.2581904 nll=-0.2612912 kl=0.003507721 consistency=0 lambda=0 beta=0.884 grad=76.56003 horizon=280 lifetime=[456,1858] skipped=False
2026-08-30 22:25:55,345 | INFO | step=4430/20000 loss=-0.4525115 nll=-0.4570567 kl=0.005130071 consistency=0 lambda=0 beta=0.886 grad=29.72294 horizon=360 lifetime=[428,1282] skipped=False
2026-08-30 22:25:55,889 | INFO | step=4440/20000 loss=-0.3136184 nll=-0.3161467 kl=0.002847235 consistency=0 lambda=0 beta=0.888 grad=64.53135 horizon=440 lifetime=[493,1834] skipped=False
2026-08-30 22:25:56,491 | INFO | step=4450/20000 loss=-0.2897358 nll=-0.2915385 kl=0.002025485 consistency=0 lambda=0 beta=0.89 grad=27.80253 horizon=500 lifetime=[701,1071] skipped=False
2026-08-30 22:25:57,166 | INFO | step=4460/20000 loss=-0.8205302 nll=-0.8237883 kl=0.00365256 consistency=0 lambda=0 beta=0.892 grad=11.12978 horizon=380 lifetime=[455,869] skipped=False
2026-08-30 22:25:57,747 | INFO | step=4470/20000 loss=0.4993441 nll=0.49582 kl=0.003941854 consistency=0 lambda=0 beta=0.894 grad=53.46598 horizon=380 lifetime=[607,1282] skipped=False
2026-08-30 22:25:58,444 | INFO | step=4480/20000 loss=-0.6573212 nll=-0.6635664 kl=0.006970049 consistency=0 lambda=0 beta=0.896 grad=33.73287 horizon=460 lifetime=[494,915] skipped=False
2026-08-30 22:25:58,906 | INFO | step=4490/20000 loss=1.167618 nll=1.156729 kl=0.01212507 consistency=0 lambda=0 beta=0.898 grad=21.17993 horizon=60 lifetime=[494,1932] skipped=False
2026-08-30 22:26:00,662 | INFO | validation step=4500 rmse=180.6194 best=180.6194@4500 stale=0/10
2026-08-30 22:26:00,662 | INFO | step=4500/20000 loss=0.8289726 nll=0.8134797 kl=0.01721436 consistency=0 lambda=0 beta=0.9 grad=45.23969 horizon=100 lifetime=[480,1858] skipped=False
2026-08-30 22:26:01,216 | INFO | step=4510/20000 loss=-0.2707719 nll=-0.2720951 kl=0.001466915 consistency=0 lambda=0 beta=0.902 grad=43.4986 horizon=340 lifetime=[460,1081] skipped=False
2026-08-30 22:26:01,684 | INFO | step=4520/20000 loss=-0.1774844 nll=-0.1798382 kl=0.002603798 consistency=0 lambda=0 beta=0.904 grad=42.01795 horizon=520 lifetime=[526,1282] skipped=False
2026-08-30 22:26:02,176 | INFO | step=4530/20000 loss=-0.2424582 nll=-0.2449476 kl=0.002747664 consistency=0 lambda=0 beta=0.906 grad=41.07977 horizon=320 lifetime=[456,1282] skipped=False
2026-08-30 22:26:02,821 | INFO | step=4540/20000 loss=-0.7472378 nll=-0.7486702 kl=0.001577559 consistency=0 lambda=0 beta=0.908 grad=21.38294 horizon=340 lifetime=[460,909] skipped=False
2026-08-30 22:26:03,503 | INFO | step=4550/20000 loss=-0.9770237 nll=-0.9804495 kl=0.003764596 consistency=0 lambda=0 beta=0.91 grad=43.03856 horizon=480 lifetime=[497,921] skipped=False
2026-08-30 22:26:04,201 | INFO | step=4560/20000 loss=-0.37985 nll=-0.3826472 kl=0.003067164 consistency=0 lambda=0 beta=0.912 grad=129.1467 horizon=340 lifetime=[453,1045] skipped=False
2026-08-30 22:26:04,801 | INFO | step=4570/20000 loss=-0.7755303 nll=-0.7775459 kl=0.002205161 consistency=0 lambda=0 beta=0.914 grad=72.75092 horizon=420 lifetime=[428,874] skipped=False
2026-08-30 22:26:05,365 | INFO | step=4580/20000 loss=-0.4325868 nll=-0.4337963 kl=0.001320397 consistency=0 lambda=0 beta=0.916 grad=20.82318 horizon=600 lifetime=[794,1143] skipped=False
2026-08-30 22:26:05,968 | INFO | step=4590/20000 loss=1.570286 nll=1.561285 kl=0.009804557 consistency=0 lambda=0 beta=0.918 grad=220.5107 horizon=400 lifetime=[428,1045] skipped=False
2026-08-30 22:26:06,580 | INFO | step=4600/20000 loss=0.1314672 nll=0.1278515 kl=0.003930098 consistency=0 lambda=0 beta=0.92 grad=132.723 horizon=560 lifetime=[656,1052] skipped=False
2026-08-30 22:26:07,237 | INFO | step=4610/20000 loss=0.1122754 nll=0.1045275 kl=0.008403406 consistency=0 lambda=0 beta=0.922 grad=118.755 horizon=560 lifetime=[687,1932] skipped=False
2026-08-30 22:26:07,836 | INFO | step=4620/20000 loss=0.4686731 nll=0.4659455 kl=0.002951838 consistency=0 lambda=0 beta=0.924 grad=35.96796 horizon=280 lifetime=[498,1932] skipped=False
2026-08-30 22:26:08,326 | INFO | step=4630/20000 loss=0.1502979 nll=0.1451809 kl=0.005525878 consistency=0 lambda=0 beta=0.926 grad=30.59363 horizon=140 lifetime=[465,1858] skipped=False
2026-08-30 22:26:08,924 | INFO | step=4640/20000 loss=0.1137737 nll=0.1086542 kl=0.005516679 consistency=0 lambda=0 beta=0.928 grad=110.0274 horizon=560 lifetime=[704,1932] skipped=False
2026-08-30 22:26:09,587 | INFO | step=4650/20000 loss=0.3099267 nll=0.2969266 kl=0.01397869 consistency=0 lambda=0 beta=0.93 grad=50.48172 horizon=120 lifetime=[464,1143] skipped=False
2026-08-30 22:26:10,213 | INFO | step=4660/20000 loss=0.434442 nll=0.4301773 kl=0.004575819 consistency=0 lambda=0 beta=0.932 grad=52.8746 horizon=500 lifetime=[533,2154] skipped=False
2026-08-30 22:26:10,698 | INFO | step=4670/20000 loss=-0.1198204 nll=-0.1230197 kl=0.003425333 consistency=0 lambda=0 beta=0.934 grad=55.80083 horizon=300 lifetime=[526,1152] skipped=False
2026-08-30 22:26:11,208 | INFO | step=4680/20000 loss=0.06054422 nll=0.05823068 kl=0.002471728 consistency=0 lambda=0 beta=0.936 grad=58.70002 horizon=120 lifetime=[443,1834] skipped=False
2026-08-30 22:26:11,864 | INFO | step=4690/20000 loss=-0.7615207 nll=-0.7632199 kl=0.001811493 consistency=0 lambda=0 beta=0.938 grad=21.84977 horizon=400 lifetime=[460,991] skipped=False
2026-08-30 22:26:12,436 | INFO | step=4700/20000 loss=3.275176 nll=3.269342 kl=0.006206289 consistency=0 lambda=0 beta=0.94 grad=423.4122 horizon=380 lifetime=[455,1932] skipped=False
2026-08-30 22:26:13,078 | INFO | step=4710/20000 loss=-0.8570718 nll=-0.8604288 kl=0.003563703 consistency=0 lambda=0 beta=0.942 grad=22.25009 horizon=440 lifetime=[455,826] skipped=False
2026-08-30 22:26:13,790 | INFO | step=4720/20000 loss=-0.06057685 nll=-0.06418657 kl=0.003823862 consistency=0 lambda=0 beta=0.944 grad=226.4765 horizon=440 lifetime=[460,1932] skipped=False
2026-08-30 22:26:14,391 | INFO | step=4730/20000 loss=-0.264757 nll=-0.2676203 kl=0.003026744 consistency=0 lambda=0 beta=0.946 grad=62.81635 horizon=400 lifetime=[428,1081] skipped=False
2026-08-30 22:26:14,994 | INFO | step=4740/20000 loss=-0.9633749 nll=-0.9648623 kl=0.001569026 consistency=0 lambda=0 beta=0.948 grad=20.8832 horizon=380 lifetime=[460,860] skipped=False
2026-08-30 22:26:15,658 | INFO | step=4750/20000 loss=-0.5875112 nll=-0.5901698 kl=0.002798503 consistency=0 lambda=0 beta=0.95 grad=114.4818 horizon=460 lifetime=[462,1152] skipped=False
2026-08-30 22:26:16,183 | INFO | step=4760/20000 loss=0.04329785 nll=0.04040807 kl=0.003035481 consistency=0 lambda=0 beta=0.952 grad=70.8027 horizon=260 lifetime=[334,942] skipped=False
2026-08-30 22:26:16,772 | INFO | step=4770/20000 loss=-0.2974107 nll=-0.3009564 kl=0.003716728 consistency=0 lambda=0 beta=0.954 grad=70.38102 horizon=220 lifetime=[500,826] skipped=False
2026-08-30 22:26:17,343 | INFO | step=4780/20000 loss=0.4308127 nll=0.4255268 kl=0.005529139 consistency=0 lambda=0 beta=0.956 grad=20.39125 horizon=100 lifetime=[465,1076] skipped=False
2026-08-30 22:26:17,850 | INFO | step=4790/20000 loss=0.4721149 nll=0.4669865 kl=0.005353156 consistency=0 lambda=0 beta=0.958 grad=72.60983 horizon=180 lifetime=[437,1076] skipped=False
2026-08-30 22:26:18,531 | INFO | step=4800/20000 loss=-0.3543302 nll=-0.3602841 kl=0.006201945 consistency=0 lambda=0 beta=0.96 grad=47.28686 horizon=540 lifetime=[622,1152] skipped=False
2026-08-30 22:26:19,019 | INFO | step=4810/20000 loss=-0.465675 nll=-0.4677721 kl=0.002180012 consistency=0 lambda=0 beta=0.962 grad=97.30166 horizon=400 lifetime=[428,991] skipped=False
2026-08-30 22:26:19,616 | INFO | step=4820/20000 loss=0.03217243 nll=0.02383579 kl=0.008647968 consistency=0 lambda=0 beta=0.964 grad=24.76606 horizon=160 lifetime=[334,1152] skipped=False
2026-08-30 22:26:20,163 | INFO | step=4830/20000 loss=0.1950865 nll=0.1939157 kl=0.001212089 consistency=0 lambda=0 beta=0.966 grad=37.51395 horizon=160 lifetime=[456,1834] skipped=False
2026-08-30 22:26:20,878 | INFO | step=4840/20000 loss=-0.009902997 nll=-0.01437008 kl=0.004614759 consistency=0 lambda=0 beta=0.968 grad=87.76603 horizon=380 lifetime=[497,1932] skipped=False
2026-08-30 22:26:21,379 | INFO | step=4850/20000 loss=0.03586573 nll=0.03141491 kl=0.004588475 consistency=0 lambda=0 beta=0.97 grad=33.66734 horizon=120 lifetime=[460,1081] skipped=False
2026-08-30 22:26:21,914 | INFO | step=4860/20000 loss=-0.2176948 nll=-0.2277071 kl=0.01030067 consistency=0 lambda=0 beta=0.972 grad=20.37384 horizon=280 lifetime=[462,622] skipped=False
2026-08-30 22:26:22,738 | INFO | step=4870/20000 loss=-0.2729452 nll=-0.2758414 kl=0.002973543 consistency=0 lambda=0 beta=0.974 grad=120.6891 horizon=480 lifetime=[614,1143] skipped=False
2026-08-30 22:26:23,340 | INFO | step=4880/20000 loss=-0.1249011 nll=-0.1327909 kl=0.008083847 consistency=0 lambda=0 beta=0.976 grad=70.39511 horizon=400 lifetime=[467,1932] skipped=False
2026-08-30 22:26:23,893 | INFO | step=4890/20000 loss=-0.04809023 nll=-0.05260137 kl=0.004612612 consistency=0 lambda=0 beta=0.978 grad=72.91566 horizon=380 lifetime=[480,1834] skipped=False
2026-08-30 22:26:24,546 | INFO | step=4900/20000 loss=-0.1597861 nll=-0.1638552 kl=0.004152152 consistency=0 lambda=0 beta=0.98 grad=45.07515 horizon=420 lifetime=[437,1000] skipped=False
2026-08-30 22:26:25,187 | INFO | step=4910/20000 loss=-0.1154577 nll=-0.1169257 kl=0.001494989 consistency=0 lambda=0 beta=0.982 grad=68.83369 horizon=600 lifetime=[665,1000] skipped=False
2026-08-30 22:26:25,672 | INFO | step=4920/20000 loss=0.316958 nll=0.3098039 kl=0.007270393 consistency=0 lambda=0 beta=0.984 grad=58.75408 horizon=140 lifetime=[462,1152] skipped=False
2026-08-30 22:26:26,196 | INFO | step=4930/20000 loss=0.618389 nll=0.6140709 kl=0.004379414 consistency=0 lambda=0 beta=0.986 grad=31.08683 horizon=100 lifetime=[510,2154] skipped=False
2026-08-30 22:26:26,765 | INFO | step=4940/20000 loss=-0.3389057 nll=-0.3408855 kl=0.002003804 consistency=0 lambda=0 beta=0.988 grad=169.7683 horizon=400 lifetime=[453,856] skipped=False
2026-08-30 22:26:27,364 | INFO | step=4950/20000 loss=-0.4257637 nll=-0.4266501 kl=0.0008954044 consistency=0 lambda=0 beta=0.99 grad=99.58668 horizon=600 lifetime=[622,1007] skipped=False
2026-08-30 22:26:27,796 | INFO | step=4960/20000 loss=4.261902 nll=4.254337 kl=0.007626548 consistency=0 lambda=0 beta=0.992 grad=345.7261 horizon=80 lifetime=[456,1932] skipped=False
2026-08-30 22:26:28,465 | INFO | step=4970/20000 loss=-0.6689085 nll=-0.669856 kl=0.0009531663 consistency=0 lambda=0 beta=0.994 grad=48.75725 horizon=440 lifetime=[464,1152] skipped=False
2026-08-30 22:26:29,257 | INFO | step=4980/20000 loss=-0.7763563 nll=-0.7802882 kl=0.003947604 consistency=0 lambda=0 beta=0.996 grad=15.26912 horizon=580 lifetime=[607,991] skipped=False
2026-08-30 22:26:29,841 | INFO | step=4990/20000 loss=0.5593801 nll=0.5532656 kl=0.006126812 consistency=0 lambda=0 beta=0.998 grad=175.2439 horizon=280 lifetime=[428,942] skipped=False
2026-08-30 22:26:31,481 | INFO | validation step=5000 rmse=171.9874 best=171.9874@5000 stale=0/10
2026-08-30 22:26:31,481 | INFO | step=5000/20000 loss=0.6958995 nll=0.6902365 kl=0.005662987 consistency=0 lambda=0 beta=1 grad=14.2964 horizon=100 lifetime=[462,1282] skipped=False
2026-08-30 22:26:32,081 | INFO | step=5010/20000 loss=0.3841602 nll=0.3694164 kl=0.0147438 consistency=0 lambda=0 beta=1 grad=16.09273 horizon=80 lifetime=[442,1052] skipped=False
2026-08-30 22:26:32,522 | INFO | step=5020/20000 loss=0.6881127 nll=0.6830362 kl=0.005076526 consistency=0 lambda=0 beta=1 grad=60.6188 horizon=100 lifetime=[437,1282] skipped=False
2026-08-30 22:26:33,123 | INFO | step=5030/20000 loss=-1.169792 nll=-1.172853 kl=0.0030609 consistency=0 lambda=0 beta=1 grad=52.5343 horizon=460 lifetime=[465,887] skipped=False
2026-08-30 22:26:33,583 | INFO | step=5040/20000 loss=0.3139786 nll=0.3097544 kl=0.00422422 consistency=0 lambda=0 beta=1 grad=95.7262 horizon=180 lifetime=[497,1152] skipped=False
2026-08-30 22:26:34,147 | INFO | step=5050/20000 loss=-0.1857565 nll=-0.1930825 kl=0.007325953 consistency=0 lambda=0 beta=1 grad=48.29603 horizon=240 lifetime=[442,1282] skipped=False
2026-08-30 22:26:34,700 | INFO | step=5060/20000 loss=-0.2063251 nll=-0.2090973 kl=0.002772203 consistency=0 lambda=0 beta=1 grad=57.14916 horizon=440 lifetime=[498,1834] skipped=False
2026-08-30 22:26:35,194 | INFO | step=5070/20000 loss=1.131556 nll=1.127828 kl=0.003728002 consistency=0 lambda=0 beta=1 grad=296.6652 horizon=340 lifetime=[467,1932] skipped=False
2026-08-30 22:26:35,834 | INFO | step=5080/20000 loss=-0.4528778 nll=-0.4570361 kl=0.004158383 consistency=0 lambda=0 beta=1 grad=39.68179 horizon=480 lifetime=[482,915] skipped=False
2026-08-30 22:26:36,378 | INFO | step=5090/20000 loss=-0.4506236 nll=-0.4540538 kl=0.003430134 consistency=0 lambda=0 beta=1 grad=11.48444 horizon=200 lifetime=[462,869] skipped=False
2026-08-30 22:26:37,096 | INFO | step=5100/20000 loss=0.05019991 nll=0.04815648 kl=0.002043437 consistency=0 lambda=0 beta=1 grad=26.62358 horizon=160 lifetime=[482,942] skipped=False
2026-08-30 22:26:37,634 | INFO | step=5110/20000 loss=0.05229345 nll=0.05045001 kl=0.001843441 consistency=0 lambda=0 beta=1 grad=33.453 horizon=140 lifetime=[498,1858] skipped=False
2026-08-30 22:26:38,195 | INFO | step=5120/20000 loss=-0.9458929 nll=-0.9474358 kl=0.001542844 consistency=0 lambda=0 beta=1 grad=43.71141 horizon=380 lifetime=[442,1007] skipped=False
2026-08-30 22:26:38,805 | INFO | step=5130/20000 loss=-0.09628783 nll=-0.09753262 kl=0.001244784 consistency=0 lambda=0 beta=1 grad=172.3055 horizon=240 lifetime=[455,1834] skipped=False
2026-08-30 22:26:39,387 | INFO | step=5140/20000 loss=-0.5546053 nll=-0.5608652 kl=0.006259843 consistency=0 lambda=0 beta=1 grad=67.18903 horizon=420 lifetime=[462,1076] skipped=False
2026-08-30 22:26:40,013 | INFO | step=5150/20000 loss=-0.2192254 nll=-0.2226218 kl=0.003396386 consistency=0 lambda=0 beta=1 grad=160.8359 horizon=380 lifetime=[443,1052] skipped=False
2026-08-30 22:26:40,555 | INFO | step=5160/20000 loss=0.1322367 nll=0.1278989 kl=0.004337884 consistency=0 lambda=0 beta=1 grad=178.8781 horizon=420 lifetime=[480,1015] skipped=False
2026-08-30 22:26:41,100 | INFO | step=5170/20000 loss=-0.3348301 nll=-0.3406644 kl=0.005834263 consistency=0 lambda=0 beta=1 grad=33.1659 horizon=580 lifetime=[656,2154] skipped=False
2026-08-30 22:26:41,609 | INFO | step=5180/20000 loss=-0.5117292 nll=-0.5164097 kl=0.00468052 consistency=0 lambda=0 beta=1 grad=64.53642 horizon=520 lifetime=[534,1858] skipped=False
2026-08-30 22:26:42,283 | INFO | step=5190/20000 loss=-0.465036 nll=-0.4662593 kl=0.001223285 consistency=0 lambda=0 beta=1 grad=36.78743 horizon=260 lifetime=[465,933] skipped=False
2026-08-30 22:26:42,916 | INFO | step=5200/20000 loss=-0.5675141 nll=-0.5701898 kl=0.002675642 consistency=0 lambda=0 beta=1 grad=81.65774 horizon=420 lifetime=[455,933] skipped=False
2026-08-30 22:26:43,501 | INFO | step=5210/20000 loss=-0.288622 nll=-0.2923058 kl=0.003683795 consistency=0 lambda=0 beta=1 grad=24.35294 horizon=320 lifetime=[460,2154] skipped=False
2026-08-30 22:26:44,176 | INFO | step=5220/20000 loss=-0.5033112 nll=-0.5092729 kl=0.005961791 consistency=0 lambda=0 beta=1 grad=112.9179 horizon=420 lifetime=[500,915] skipped=False
2026-08-30 22:26:44,821 | INFO | step=5230/20000 loss=-0.4129717 nll=-0.4165466 kl=0.003574956 consistency=0 lambda=0 beta=1 grad=57.31963 horizon=240 lifetime=[460,988] skipped=False
2026-08-30 22:26:45,340 | INFO | step=5240/20000 loss=1.470936 nll=1.467975 kl=0.00296076 consistency=0 lambda=0 beta=1 grad=222.1288 horizon=260 lifetime=[460,1052] skipped=False
2026-08-30 22:26:45,953 | INFO | step=5250/20000 loss=1.605663 nll=1.599404 kl=0.006259042 consistency=0 lambda=0 beta=1 grad=229.8119 horizon=100 lifetime=[334,2154] skipped=False
2026-08-30 22:26:46,543 | INFO | step=5260/20000 loss=-0.193961 nll=-0.1987952 kl=0.004834224 consistency=0 lambda=0 beta=1 grad=73.77848 horizon=540 lifetime=[677,1076] skipped=False
2026-08-30 22:26:47,106 | INFO | step=5270/20000 loss=1.203606 nll=1.197895 kl=0.005710879 consistency=0 lambda=0 beta=1 grad=58.5626 horizon=60 lifetime=[460,2154] skipped=False
2026-08-30 22:26:47,633 | INFO | step=5280/20000 loss=-0.3001322 nll=-0.3062047 kl=0.006072502 consistency=0 lambda=0 beta=1 grad=30.08685 horizon=420 lifetime=[428,1076] skipped=False
2026-08-30 22:26:48,227 | INFO | step=5290/20000 loss=0.3439315 nll=0.3397812 kl=0.004150236 consistency=0 lambda=0 beta=1 grad=38.55847 horizon=80 lifetime=[428,1076] skipped=False
2026-08-30 22:26:48,797 | INFO | step=5300/20000 loss=-0.1143793 nll=-0.1175191 kl=0.003139741 consistency=0 lambda=0 beta=1 grad=111.7344 horizon=360 lifetime=[465,1143] skipped=False
2026-08-30 22:26:49,384 | INFO | step=5310/20000 loss=0.3837922 nll=0.3742894 kl=0.009502815 consistency=0 lambda=0 beta=1 grad=33.11902 horizon=60 lifetime=[494,1049] skipped=False
2026-08-30 22:26:50,045 | INFO | step=5320/20000 loss=0.435985 nll=0.434938 kl=0.001046933 consistency=0 lambda=0 beta=1 grad=51.45265 horizon=160 lifetime=[464,1081] skipped=False
2026-08-30 22:26:50,712 | INFO | step=5330/20000 loss=0.4459546 nll=0.4426283 kl=0.00332633 consistency=0 lambda=0 beta=1 grad=360.8379 horizon=380 lifetime=[460,1932] skipped=False
2026-08-30 22:26:51,164 | INFO | step=5340/20000 loss=-1.19778 nll=-1.202866 kl=0.005085681 consistency=0 lambda=0 beta=1 grad=13.9051 horizon=380 lifetime=[443,1071] skipped=False
2026-08-30 22:26:51,882 | INFO | step=5350/20000 loss=0.6424004 nll=0.6385415 kl=0.003858842 consistency=0 lambda=0 beta=1 grad=124.551 horizon=160 lifetime=[456,1834] skipped=False
2026-08-30 22:26:52,566 | INFO | step=5360/20000 loss=-0.9763756 nll=-0.9777665 kl=0.001390787 consistency=0 lambda=0 beta=1 grad=27.35687 horizon=440 lifetime=[455,913] skipped=False
2026-08-30 22:26:53,170 | INFO | step=5370/20000 loss=-0.3246393 nll=-0.3263401 kl=0.001700828 consistency=0 lambda=0 beta=1 grad=91.5116 horizon=200 lifetime=[443,1834] skipped=False
2026-08-30 22:26:53,742 | INFO | step=5380/20000 loss=-1.143746 nll=-1.152603 kl=0.008856347 consistency=0 lambda=0 beta=1 grad=79.40504 horizon=420 lifetime=[456,877] skipped=False
2026-08-30 22:26:54,395 | INFO | step=5390/20000 loss=-0.1833984 nll=-0.1858418 kl=0.002443451 consistency=0 lambda=0 beta=1 grad=83.70774 horizon=460 lifetime=[533,942] skipped=False
2026-08-30 22:26:54,959 | INFO | step=5400/20000 loss=-0.4274524 nll=-0.431718 kl=0.004265532 consistency=0 lambda=0 beta=1 grad=83.0527 horizon=260 lifetime=[334,700] skipped=False
2026-08-30 22:26:55,487 | INFO | step=5410/20000 loss=0.01836625 nll=0.01148152 kl=0.006884726 consistency=0 lambda=0 beta=1 grad=95.58151 horizon=480 lifetime=[729,1143] skipped=False
2026-08-30 22:26:56,141 | INFO | step=5420/20000 loss=-0.3009552 nll=-0.3030649 kl=0.002109721 consistency=0 lambda=0 beta=1 grad=35.92736 horizon=320 lifetime=[493,1282] skipped=False
2026-08-30 22:26:56,762 | INFO | step=5430/20000 loss=-0.5041356 nll=-0.5061263 kl=0.001990765 consistency=0 lambda=0 beta=1 grad=15.46513 horizon=280 lifetime=[482,1049] skipped=False
2026-08-30 22:26:57,335 | INFO | step=5440/20000 loss=0.1383446 nll=0.1370294 kl=0.001315219 consistency=0 lambda=0 beta=1 grad=90.40004 horizon=200 lifetime=[437,1834] skipped=False
2026-08-30 22:26:57,954 | INFO | step=5450/20000 loss=1.080654 nll=1.07638 kl=0.004274026 consistency=0 lambda=0 beta=1 grad=178.2234 horizon=280 lifetime=[428,1045] skipped=False
2026-08-30 22:26:58,618 | INFO | step=5460/20000 loss=-0.2621928 nll=-0.2655648 kl=0.003371954 consistency=0 lambda=0 beta=1 grad=63.93926 horizon=540 lifetime=[622,1932] skipped=False
2026-08-30 22:26:59,323 | INFO | step=5470/20000 loss=-0.3108257 nll=-0.3143175 kl=0.003491721 consistency=0 lambda=0 beta=1 grad=157.527 horizon=440 lifetime=[465,921] skipped=False
2026-08-30 22:26:59,890 | INFO | step=5480/20000 loss=-0.3102669 nll=-0.3151545 kl=0.004887645 consistency=0 lambda=0 beta=1 grad=199.2599 horizon=420 lifetime=[428,1015] skipped=False
2026-08-30 22:27:00,592 | INFO | step=5490/20000 loss=-0.1790683 nll=-0.1838138 kl=0.004745422 consistency=0 lambda=0 beta=1 grad=77.48215 horizon=420 lifetime=[428,1045] skipped=False
2026-08-30 22:27:02,269 | INFO | validation step=5500 rmse=183.0334 best=171.9874@5000 stale=1/10
2026-08-30 22:27:02,270 | INFO | step=5500/20000 loss=-1.423301 nll=-1.428435 kl=0.005134187 consistency=0 lambda=0 beta=1 grad=43.00936 horizon=440 lifetime=[455,1015] skipped=False
2026-08-30 22:27:02,902 | INFO | step=5510/20000 loss=-0.3573742 nll=-0.3592969 kl=0.001922732 consistency=0 lambda=0 beta=1 grad=13.07284 horizon=400 lifetime=[494,2154] skipped=False
2026-08-30 22:27:03,514 | INFO | step=5520/20000 loss=0.1939638 nll=0.187393 kl=0.006570867 consistency=0 lambda=0 beta=1 grad=48.78731 horizon=220 lifetime=[428,860] skipped=False
2026-08-30 22:27:04,105 | INFO | step=5530/20000 loss=-0.5722279 nll=-0.5750203 kl=0.002792422 consistency=0 lambda=0 beta=1 grad=67.25425 horizon=500 lifetime=[519,1076] skipped=False
2026-08-30 22:27:04,832 | INFO | step=5540/20000 loss=-0.7727799 nll=-0.7747847 kl=0.002004839 consistency=0 lambda=0 beta=1 grad=21.52398 horizon=300 lifetime=[465,875] skipped=False
2026-08-30 22:27:05,347 | INFO | step=5550/20000 loss=2.363543 nll=2.352561 kl=0.01098225 consistency=0 lambda=0 beta=1 grad=311.3815 horizon=200 lifetime=[334,1932] skipped=False
2026-08-30 22:27:06,028 | INFO | step=5560/20000 loss=0.2425511 nll=0.2356829 kl=0.006868251 consistency=0 lambda=0 beta=1 grad=17.7551 horizon=80 lifetime=[494,913] skipped=False
2026-08-30 22:27:06,589 | INFO | step=5570/20000 loss=-0.513042 nll=-0.5173848 kl=0.004342725 consistency=0 lambda=0 beta=1 grad=13.74111 horizon=360 lifetime=[497,1007] skipped=False
2026-08-30 22:27:07,218 | INFO | step=5580/20000 loss=-0.05556463 nll=-0.05701908 kl=0.001454458 consistency=0 lambda=0 beta=1 grad=101.646 horizon=300 lifetime=[455,2154] skipped=False
2026-08-30 22:27:07,893 | INFO | step=5590/20000 loss=0.7898959 nll=0.7859002 kl=0.003995683 consistency=0 lambda=0 beta=1 grad=81.2389 horizon=240 lifetime=[614,1000] skipped=False
2026-08-30 22:27:08,562 | INFO | step=5600/20000 loss=-0.3070925 nll=-0.3103239 kl=0.003231434 consistency=0 lambda=0 beta=1 grad=28.50539 horizon=240 lifetime=[443,1858] skipped=False
2026-08-30 22:27:09,092 | INFO | step=5610/20000 loss=-0.7162571 nll=-0.7200124 kl=0.003755295 consistency=0 lambda=0 beta=1 grad=45.89482 horizon=460 lifetime=[464,1834] skipped=False
2026-08-30 22:27:09,590 | INFO | step=5620/20000 loss=-0.08420339 nll=-0.08722591 kl=0.003022514 consistency=0 lambda=0 beta=1 grad=36.87322 horizon=180 lifetime=[505,1071] skipped=False
2026-08-30 22:27:10,194 | INFO | step=5630/20000 loss=0.003989141 nll=-0.00202851 kl=0.006017651 consistency=0 lambda=0 beta=1 grad=78.54468 horizon=240 lifetime=[334,933] skipped=False
2026-08-30 22:27:10,937 | INFO | step=5640/20000 loss=1.433466 nll=1.431773 kl=0.00169269 consistency=0 lambda=0 beta=1 grad=461.7916 horizon=560 lifetime=[729,1858] skipped=False
2026-08-30 22:27:11,474 | INFO | step=5650/20000 loss=0.1684132 nll=0.1673599 kl=0.001053287 consistency=0 lambda=0 beta=1 grad=137.619 horizon=320 lifetime=[462,1143] skipped=False
2026-08-30 22:27:12,133 | INFO | step=5660/20000 loss=0.4473567 nll=0.443388 kl=0.003968757 consistency=0 lambda=0 beta=1 grad=25.951 horizon=180 lifetime=[519,1932] skipped=False
2026-08-30 22:27:12,701 | INFO | step=5670/20000 loss=-0.7959759 nll=-0.7988263 kl=0.002850488 consistency=0 lambda=0 beta=1 grad=101.638 horizon=440 lifetime=[442,1076] skipped=False
2026-08-30 22:27:13,363 | INFO | step=5680/20000 loss=-0.3090989 nll=-0.3109538 kl=0.001854911 consistency=0 lambda=0 beta=1 grad=185.8025 horizon=460 lifetime=[505,991] skipped=False
2026-08-30 22:27:13,916 | INFO | step=5690/20000 loss=-1.06305 nll=-1.064574 kl=0.00152431 consistency=0 lambda=0 beta=1 grad=24.31843 horizon=460 lifetime=[465,1049] skipped=False
2026-08-30 22:27:14,447 | INFO | step=5700/20000 loss=0.6501195 nll=0.6446853 kl=0.005434141 consistency=0 lambda=0 beta=1 grad=35.48239 horizon=120 lifetime=[633,1143] skipped=False
2026-08-30 22:27:14,897 | INFO | step=5710/20000 loss=0.909915 nll=0.9052074 kl=0.004707646 consistency=0 lambda=0 beta=1 grad=166.1632 horizon=240 lifetime=[437,1143] skipped=False
2026-08-30 22:27:15,671 | INFO | step=5720/20000 loss=-0.0564923 nll=-0.05980079 kl=0.00330849 consistency=0 lambda=0 beta=1 grad=16.47984 horizon=140 lifetime=[453,1858] skipped=False
2026-08-30 22:27:16,313 | INFO | step=5730/20000 loss=-1.00631 nll=-1.008846 kl=0.002535895 consistency=0 lambda=0 beta=1 grad=89.9147 horizon=560 lifetime=[607,1071] skipped=False
2026-08-30 22:27:16,903 | INFO | step=5740/20000 loss=-0.5558341 nll=-0.5575235 kl=0.00168942 consistency=0 lambda=0 beta=1 grad=71.08608 horizon=400 lifetime=[467,1932] skipped=False
2026-08-30 22:27:17,460 | INFO | step=5750/20000 loss=-0.3786082 nll=-0.3795921 kl=0.0009838506 consistency=0 lambda=0 beta=1 grad=56.19075 horizon=600 lifetime=[656,1081] skipped=False
2026-08-30 22:27:18,094 | INFO | step=5760/20000 loss=-0.987489 nll=-0.99053 kl=0.003041 consistency=0 lambda=0 beta=1 grad=83.13086 horizon=600 lifetime=[622,1076] skipped=False
2026-08-30 22:27:18,769 | INFO | step=5770/20000 loss=-0.07784955 nll=-0.08078404 kl=0.002934489 consistency=0 lambda=0 beta=1 grad=31.87266 horizon=500 lifetime=[519,1858] skipped=False
2026-08-30 22:27:19,416 | INFO | step=5780/20000 loss=2.081237 nll=2.078882 kl=0.002355214 consistency=0 lambda=0 beta=1 grad=422.0554 horizon=420 lifetime=[428,1282] skipped=False
2026-08-30 22:27:19,969 | INFO | step=5790/20000 loss=0.04318144 nll=0.04137474 kl=0.001806695 consistency=0 lambda=0 beta=1 grad=26.55415 horizon=280 lifetime=[526,1152] skipped=False
2026-08-30 22:27:20,586 | INFO | step=5800/20000 loss=-0.2662378 nll=-0.2696962 kl=0.00345844 consistency=0 lambda=0 beta=1 grad=86.74882 horizon=220 lifetime=[428,1049] skipped=False
2026-08-30 22:27:21,105 | INFO | step=5810/20000 loss=-0.08245175 nll=-0.08607233 kl=0.003620572 consistency=0 lambda=0 beta=1 grad=56.63353 horizon=320 lifetime=[455,1834] skipped=False
2026-08-30 22:27:21,786 | INFO | step=5820/20000 loss=-1.440245 nll=-1.444478 kl=0.004232477 consistency=0 lambda=0 beta=1 grad=34.02101 horizon=440 lifetime=[455,872] skipped=False
2026-08-30 22:27:22,438 | INFO | step=5830/20000 loss=0.4908474 nll=0.4840164 kl=0.006830955 consistency=0 lambda=0 beta=1 grad=117.7078 horizon=440 lifetime=[480,1834] skipped=False
2026-08-30 22:27:23,037 | INFO | step=5840/20000 loss=-0.7172272 nll=-0.72289 kl=0.005662812 consistency=0 lambda=0 beta=1 grad=81.59669 horizon=600 lifetime=[633,1152] skipped=False
2026-08-30 22:27:23,639 | INFO | step=5850/20000 loss=1.680596 nll=1.677635 kl=0.002960559 consistency=0 lambda=0 beta=1 grad=40.94265 horizon=80 lifetime=[147,2154] skipped=False
2026-08-30 22:27:24,278 | INFO | step=5860/20000 loss=-0.2533359 nll=-0.2576565 kl=0.004320582 consistency=0 lambda=0 beta=1 grad=133.2359 horizon=440 lifetime=[465,1152] skipped=False
2026-08-30 22:27:24,866 | INFO | step=5870/20000 loss=0.6089248 nll=0.6060398 kl=0.002885071 consistency=0 lambda=0 beta=1 grad=34.35911 horizon=100 lifetime=[467,1834] skipped=False
2026-08-30 22:27:25,463 | INFO | step=5880/20000 loss=0.545105 nll=0.5425823 kl=0.002522673 consistency=0 lambda=0 beta=1 grad=228.1675 horizon=480 lifetime=[498,1932] skipped=False
2026-08-30 22:27:26,097 | INFO | step=5890/20000 loss=-0.5304921 nll=-0.5326476 kl=0.002155509 consistency=0 lambda=0 beta=1 grad=119.1869 horizon=580 lifetime=[675,1858] skipped=False
2026-08-30 22:27:26,753 | INFO | step=5900/20000 loss=-0.5436331 nll=-0.5489409 kl=0.005307771 consistency=0 lambda=0 beta=1 grad=43.4588 horizon=580 lifetime=[614,1282] skipped=False
2026-08-30 22:27:27,440 | INFO | step=5910/20000 loss=0.1113557 nll=0.09924839 kl=0.01210734 consistency=0 lambda=0 beta=1 grad=163.6601 horizon=480 lifetime=[498,1152] skipped=False
2026-08-30 22:27:27,999 | INFO | step=5920/20000 loss=-0.4900404 nll=-0.4920192 kl=0.001978807 consistency=0 lambda=0 beta=1 grad=18.81067 horizon=180 lifetime=[443,1152] skipped=False
2026-08-30 22:27:28,522 | INFO | step=5930/20000 loss=1.105486 nll=1.102668 kl=0.002817631 consistency=0 lambda=0 beta=1 grad=109.4345 horizon=180 lifetime=[462,2154] skipped=False
2026-08-30 22:27:29,016 | INFO | step=5940/20000 loss=0.9112396 nll=0.9083444 kl=0.002895239 consistency=0 lambda=0 beta=1 grad=112.234 horizon=100 lifetime=[462,1143] skipped=False
2026-08-30 22:27:29,546 | INFO | step=5950/20000 loss=-0.155484 nll=-0.1597621 kl=0.004278185 consistency=0 lambda=0 beta=1 grad=52.5515 horizon=240 lifetime=[482,1932] skipped=False
2026-08-30 22:27:30,117 | INFO | step=5960/20000 loss=-0.6882927 nll=-0.6929981 kl=0.004705325 consistency=0 lambda=0 beta=1 grad=27.34617 horizon=440 lifetime=[442,1143] skipped=False
2026-08-30 22:27:30,791 | INFO | step=5970/20000 loss=0.43986 nll=0.4350536 kl=0.004806451 consistency=0 lambda=0 beta=1 grad=25.41355 horizon=100 lifetime=[428,826] skipped=False
2026-08-30 22:27:31,339 | INFO | step=5980/20000 loss=-0.3887804 nll=-0.3916335 kl=0.002853077 consistency=0 lambda=0 beta=1 grad=69.69013 horizon=380 lifetime=[453,1152] skipped=False
2026-08-30 22:27:31,785 | INFO | step=5990/20000 loss=-0.6445067 nll=-0.6465974 kl=0.002090748 consistency=0 lambda=0 beta=1 grad=72.62019 horizon=400 lifetime=[442,930] skipped=False
2026-08-30 22:27:33,503 | INFO | validation step=6000 rmse=191.726 best=171.9874@5000 stale=2/10
2026-08-30 22:27:33,503 | INFO | step=6000/20000 loss=-0.4699935 nll=-0.4735679 kl=0.003574412 consistency=0 lambda=0 beta=1 grad=73.53443 horizon=320 lifetime=[428,1000] skipped=False
2026-08-30 22:27:34,073 | INFO | step=6010/20000 loss=0.1704311 nll=0.1687625 kl=0.001668558 consistency=0 lambda=0 beta=1 grad=73.3577 horizon=140 lifetime=[505,1282] skipped=False
2026-08-30 22:27:34,625 | INFO | step=6020/20000 loss=-0.5788612 nll=-0.5828789 kl=0.00401772 consistency=0 lambda=0 beta=1 grad=55.22486 horizon=580 lifetime=[700,1282] skipped=False
2026-08-30 22:27:35,372 | INFO | step=6030/20000 loss=-0.1719809 nll=-0.1734148 kl=0.001433942 consistency=0 lambda=0 beta=1 grad=148.0385 horizon=360 lifetime=[455,1015] skipped=False
2026-08-30 22:27:35,987 | INFO | step=6040/20000 loss=-0.6147435 nll=-0.6163054 kl=0.001561938 consistency=0 lambda=0 beta=1 grad=62.78753 horizon=280 lifetime=[455,1015] skipped=False
2026-08-30 22:27:36,623 | INFO | step=6050/20000 loss=0.8265466 nll=0.824743 kl=0.001803592 consistency=0 lambda=0 beta=1 grad=149.8961 horizon=280 lifetime=[464,1932] skipped=False
2026-08-30 22:27:37,228 | INFO | step=6060/20000 loss=-0.1282541 nll=-0.1309798 kl=0.002725739 consistency=0 lambda=0 beta=1 grad=48.81669 horizon=220 lifetime=[460,1045] skipped=False
2026-08-30 22:27:37,866 | INFO | step=6070/20000 loss=-0.3849868 nll=-0.3862197 kl=0.001232831 consistency=0 lambda=0 beta=1 grad=16.182 horizon=180 lifetime=[534,872] skipped=False
2026-08-30 22:27:38,353 | INFO | step=6080/20000 loss=-0.7673635 nll=-0.7729533 kl=0.00558976 consistency=0 lambda=0 beta=1 grad=53.38889 horizon=420 lifetime=[505,2154] skipped=False
2026-08-30 22:27:38,909 | INFO | step=6090/20000 loss=-0.5688831 nll=-0.5701511 kl=0.001268052 consistency=0 lambda=0 beta=1 grad=94.63736 horizon=340 lifetime=[460,1143] skipped=False
2026-08-30 22:27:39,396 | INFO | step=6100/20000 loss=-0.754142 nll=-0.7552589 kl=0.001116909 consistency=0 lambda=0 beta=1 grad=23.75655 horizon=320 lifetime=[443,777] skipped=False
2026-08-30 22:27:39,964 | INFO | step=6110/20000 loss=-0.2426152 nll=-0.2460807 kl=0.003465496 consistency=0 lambda=0 beta=1 grad=30.6857 horizon=220 lifetime=[428,930] skipped=False
2026-08-30 22:27:40,681 | INFO | step=6120/20000 loss=-0.7383198 nll=-0.7401023 kl=0.001782482 consistency=0 lambda=0 beta=1 grad=76.19528 horizon=520 lifetime=[648,1052] skipped=False
2026-08-30 22:27:41,352 | INFO | step=6130/20000 loss=0.6535231 nll=0.650801 kl=0.002722109 consistency=0 lambda=0 beta=1 grad=270.5425 horizon=560 lifetime=[599,1081] skipped=False
2026-08-30 22:27:41,954 | INFO | step=6140/20000 loss=-0.7185145 nll=-0.7214599 kl=0.002945341 consistency=0 lambda=0 beta=1 grad=46.82878 horizon=520 lifetime=[559,1282] skipped=False
2026-08-30 22:27:42,521 | INFO | step=6150/20000 loss=0.1416203 nll=0.139026 kl=0.0025943 consistency=0 lambda=0 beta=1 grad=32.76217 horizon=160 lifetime=[460,1152] skipped=False
2026-08-30 22:27:43,122 | INFO | step=6160/20000 loss=0.4249718 nll=0.4235449 kl=0.001426924 consistency=0 lambda=0 beta=1 grad=127.2034 horizon=180 lifetime=[437,2154] skipped=False
2026-08-30 22:27:43,707 | INFO | step=6170/20000 loss=-0.377896 nll=-0.3797891 kl=0.001893152 consistency=0 lambda=0 beta=1 grad=35.92547 horizon=260 lifetime=[460,991] skipped=False
2026-08-30 22:27:44,269 | INFO | step=6180/20000 loss=-0.2995736 nll=-0.3026668 kl=0.003093172 consistency=0 lambda=0 beta=1 grad=60.93478 horizon=240 lifetime=[460,991] skipped=False
2026-08-30 22:27:44,847 | INFO | step=6190/20000 loss=0.05586692 nll=0.05214092 kl=0.003726002 consistency=0 lambda=0 beta=1 grad=114.7427 horizon=520 lifetime=[622,1282] skipped=False
2026-08-30 22:27:45,498 | INFO | step=6200/20000 loss=-0.7231566 nll=-0.7293398 kl=0.006183222 consistency=0 lambda=0 beta=1 grad=42.08362 horizon=180 lifetime=[464,1052] skipped=False
2026-08-30 22:27:46,137 | INFO | step=6210/20000 loss=-0.1390152 nll=-0.1424822 kl=0.003467038 consistency=0 lambda=0 beta=1 grad=28.29032 horizon=580 lifetime=[656,1152] skipped=False
2026-08-30 22:27:46,760 | INFO | step=6220/20000 loss=-0.1722996 nll=-0.1760064 kl=0.003706813 consistency=0 lambda=0 beta=1 grad=98.7071 horizon=320 lifetime=[428,828] skipped=False
2026-08-30 22:27:47,323 | INFO | step=6230/20000 loss=-0.001352379 nll=-0.00601387 kl=0.004661491 consistency=0 lambda=0 beta=1 grad=118.831 horizon=480 lifetime=[622,1932] skipped=False
2026-08-30 22:27:47,881 | INFO | step=6240/20000 loss=0.1096644 nll=0.1059874 kl=0.003677003 consistency=0 lambda=0 beta=1 grad=24.38822 horizon=240 lifetime=[334,1045] skipped=False
2026-08-30 22:27:48,524 | INFO | step=6250/20000 loss=-0.3809715 nll=-0.3829504 kl=0.001978833 consistency=0 lambda=0 beta=1 grad=131.8394 horizon=520 lifetime=[539,1143] skipped=False
2026-08-30 22:27:49,148 | INFO | step=6260/20000 loss=-0.3841187 nll=-0.3870244 kl=0.002905674 consistency=0 lambda=0 beta=1 grad=8.127909 horizon=220 lifetime=[519,1007] skipped=False
2026-08-30 22:27:49,721 | INFO | step=6270/20000 loss=-0.4544247 nll=-0.4567135 kl=0.002288792 consistency=0 lambda=0 beta=1 grad=76.50062 horizon=320 lifetime=[467,909] skipped=False
2026-08-30 22:27:50,335 | INFO | step=6280/20000 loss=0.5350376 nll=0.5303993 kl=0.004638344 consistency=0 lambda=0 beta=1 grad=252.2312 horizon=540 lifetime=[557,2154] skipped=False
2026-08-30 22:27:51,056 | INFO | step=6290/20000 loss=-0.1678206 nll=-0.170351 kl=0.002530485 consistency=0 lambda=0 beta=1 grad=156.6294 horizon=440 lifetime=[443,1152] skipped=False
2026-08-30 22:27:51,588 | INFO | step=6300/20000 loss=1.657359 nll=1.653876 kl=0.003483019 consistency=0 lambda=0 beta=1 grad=84.9478 horizon=280 lifetime=[456,1282] skipped=False
2026-08-30 22:27:52,282 | INFO | step=6310/20000 loss=-0.3146262 nll=-0.3170469 kl=0.002420746 consistency=0 lambda=0 beta=1 grad=75.54332 horizon=200 lifetime=[453,1152] skipped=False
2026-08-30 22:27:52,877 | INFO | step=6320/20000 loss=-0.1172405 nll=-0.1196599 kl=0.002419345 consistency=0 lambda=0 beta=1 grad=69.39707 horizon=200 lifetime=[486,1007] skipped=False
2026-08-30 22:27:53,464 | INFO | step=6330/20000 loss=-0.3498126 nll=-0.3516145 kl=0.001801894 consistency=0 lambda=0 beta=1 grad=70.47663 horizon=420 lifetime=[442,1932] skipped=False
2026-08-30 22:27:54,003 | INFO | step=6340/20000 loss=-0.6147404 nll=-0.6225238 kl=0.007783374 consistency=0 lambda=0 beta=1 grad=86.59556 horizon=420 lifetime=[428,1834] skipped=False
2026-08-30 22:27:54,582 | INFO | step=6350/20000 loss=1.053794 nll=1.051787 kl=0.002007436 consistency=0 lambda=0 beta=1 grad=101.8855 horizon=100 lifetime=[428,2154] skipped=False
2026-08-30 22:27:55,204 | INFO | step=6360/20000 loss=-0.2044026 nll=-0.2074763 kl=0.003073782 consistency=0 lambda=0 beta=1 grad=19.49379 horizon=180 lifetime=[477,871] skipped=False
2026-08-30 22:27:55,748 | INFO | step=6370/20000 loss=-0.5785642 nll=-0.5801215 kl=0.001557354 consistency=0 lambda=0 beta=1 grad=29.18825 horizon=200 lifetime=[455,887] skipped=False
2026-08-30 22:27:56,332 | INFO | step=6380/20000 loss=-0.2806013 nll=-0.28734 kl=0.006738717 consistency=0 lambda=0 beta=1 grad=12.56457 horizon=200 lifetime=[453,1049] skipped=False
2026-08-30 22:27:56,963 | INFO | step=6390/20000 loss=-0.2068064 nll=-0.2092757 kl=0.002469286 consistency=0 lambda=0 beta=1 grad=104.2609 horizon=600 lifetime=[677,1282] skipped=False
2026-08-30 22:27:57,400 | INFO | step=6400/20000 loss=1.286694 nll=1.282165 kl=0.004529437 consistency=0 lambda=0 beta=1 grad=58.11363 horizon=80 lifetime=[147,913] skipped=False
2026-08-30 22:27:57,974 | INFO | step=6410/20000 loss=-0.3835199 nll=-0.3871308 kl=0.003610865 consistency=0 lambda=0 beta=1 grad=128.6387 horizon=380 lifetime=[455,1858] skipped=False
2026-08-30 22:27:58,575 | INFO | step=6420/20000 loss=-0.6833422 nll=-0.6847177 kl=0.001375506 consistency=0 lambda=0 beta=1 grad=29.78557 horizon=500 lifetime=[529,930] skipped=False
2026-08-30 22:27:59,200 | INFO | step=6430/20000 loss=-0.4906712 nll=-0.4937917 kl=0.003120488 consistency=0 lambda=0 beta=1 grad=130.0309 horizon=540 lifetime=[607,1858] skipped=False
2026-08-30 22:27:59,850 | INFO | step=6440/20000 loss=-0.122695 nll=-0.1246681 kl=0.001973048 consistency=0 lambda=0 beta=1 grad=43.63731 horizon=340 lifetime=[460,1858] skipped=False
2026-08-30 22:28:00,446 | INFO | step=6450/20000 loss=0.4459994 nll=0.4409556 kl=0.005043782 consistency=0 lambda=0 beta=1 grad=73.29243 horizon=520 lifetime=[622,1932] skipped=False
2026-08-30 22:28:01,087 | INFO | step=6460/20000 loss=0.5585817 nll=0.5539095 kl=0.004672111 consistency=0 lambda=0 beta=1 grad=87.29208 horizon=520 lifetime=[677,2154] skipped=False
2026-08-30 22:28:01,725 | INFO | step=6470/20000 loss=-0.8865582 nll=-0.8886046 kl=0.002046444 consistency=0 lambda=0 beta=1 grad=66.83696 horizon=420 lifetime=[442,1052] skipped=False
2026-08-30 22:28:02,254 | INFO | step=6480/20000 loss=-0.4461451 nll=-0.4525872 kl=0.006442122 consistency=0 lambda=0 beta=1 grad=39.84662 horizon=200 lifetime=[455,915] skipped=False
2026-08-30 22:28:02,866 | INFO | step=6490/20000 loss=0.07140385 nll=0.06453479 kl=0.006869066 consistency=0 lambda=0 beta=1 grad=51.86158 horizon=100 lifetime=[428,1081] skipped=False
2026-08-30 22:28:04,637 | INFO | validation step=6500 rmse=173.6723 best=171.9874@5000 stale=3/10
2026-08-30 22:28:04,637 | INFO | step=6500/20000 loss=-0.4068816 nll=-0.4090567 kl=0.002175072 consistency=0 lambda=0 beta=1 grad=88.60534 horizon=400 lifetime=[486,1858] skipped=False
2026-08-30 22:28:05,147 | INFO | step=6510/20000 loss=0.6446087 nll=0.6432189 kl=0.001389802 consistency=0 lambda=0 beta=1 grad=112.5318 horizon=140 lifetime=[460,1932] skipped=False
2026-08-30 22:28:05,790 | INFO | step=6520/20000 loss=-0.7490957 nll=-0.7514139 kl=0.002318259 consistency=0 lambda=0 beta=1 grad=79.52711 horizon=380 lifetime=[455,1152] skipped=False
2026-08-30 22:28:06,252 | INFO | step=6530/20000 loss=-0.1966298 nll=-0.1973815 kl=0.0007517412 consistency=0 lambda=0 beta=1 grad=72.35672 horizon=280 lifetime=[480,921] skipped=False
2026-08-30 22:28:06,790 | INFO | step=6540/20000 loss=-0.03339449 nll=-0.03502822 kl=0.00163373 consistency=0 lambda=0 beta=1 grad=152.9074 horizon=580 lifetime=[677,1143] skipped=False
2026-08-30 22:28:07,381 | INFO | step=6550/20000 loss=-0.3396696 nll=-0.3406897 kl=0.001020117 consistency=0 lambda=0 beta=1 grad=72.9565 horizon=540 lifetime=[648,1076] skipped=False
2026-08-30 22:28:07,811 | INFO | step=6560/20000 loss=-0.1202356 nll=-0.1226441 kl=0.002408519 consistency=0 lambda=0 beta=1 grad=40.44209 horizon=140 lifetime=[334,1015] skipped=False
2026-08-30 22:28:08,331 | INFO | step=6570/20000 loss=-0.05165706 nll=-0.05285412 kl=0.001197059 consistency=0 lambda=0 beta=1 grad=39.61908 horizon=260 lifetime=[467,1932] skipped=False
2026-08-30 22:28:08,952 | INFO | step=6580/20000 loss=-0.4844393 nll=-0.4883351 kl=0.003895836 consistency=0 lambda=0 beta=1 grad=61.24945 horizon=560 lifetime=[656,1834] skipped=False
2026-08-30 22:28:09,573 | INFO | step=6590/20000 loss=0.3168683 nll=0.3142938 kl=0.002574533 consistency=0 lambda=0 beta=1 grad=55.59953 horizon=260 lifetime=[493,1071] skipped=False
2026-08-30 22:28:10,122 | INFO | step=6600/20000 loss=-0.1292563 nll=-0.1342559 kl=0.004999626 consistency=0 lambda=0 beta=1 grad=101.9457 horizon=520 lifetime=[665,1052] skipped=False
2026-08-30 22:28:10,719 | INFO | step=6610/20000 loss=-0.593542 nll=-0.5983364 kl=0.004794354 consistency=0 lambda=0 beta=1 grad=67.20232 horizon=500 lifetime=[534,991] skipped=False
2026-08-30 22:28:11,338 | INFO | step=6620/20000 loss=0.2653683 nll=0.2584594 kl=0.00690881 consistency=0 lambda=0 beta=1 grad=146.8939 horizon=560 lifetime=[742,1858] skipped=False
2026-08-30 22:28:11,896 | INFO | step=6630/20000 loss=-0.2721083 nll=-0.2730802 kl=0.0009719417 consistency=0 lambda=0 beta=1 grad=39.65401 horizon=420 lifetime=[526,1932] skipped=False
2026-08-30 22:28:12,545 | INFO | step=6640/20000 loss=-0.1540401 nll=-0.1585228 kl=0.004482765 consistency=0 lambda=0 beta=1 grad=165.7215 horizon=600 lifetime=[700,1015] skipped=False
2026-08-30 22:28:13,091 | INFO | step=6650/20000 loss=0.3457285 nll=0.332256 kl=0.01347242 consistency=0 lambda=0 beta=1 grad=28.47913 horizon=60 lifetime=[467,1071] skipped=False
2026-08-30 22:28:13,689 | INFO | step=6660/20000 loss=0.7866537 nll=0.7814214 kl=0.005232271 consistency=0 lambda=0 beta=1 grad=159.0497 horizon=60 lifetime=[464,1932] skipped=False
2026-08-30 22:28:14,184 | INFO | step=6670/20000 loss=-0.7800335 nll=-0.7806219 kl=0.0005883757 consistency=0 lambda=0 beta=1 grad=137.1547 horizon=320 lifetime=[428,909] skipped=False
2026-08-30 22:28:14,889 | INFO | step=6680/20000 loss=-0.8064377 nll=-0.8082927 kl=0.001855046 consistency=0 lambda=0 beta=1 grad=45.73287 horizon=500 lifetime=[519,1834] skipped=False
2026-08-30 22:28:15,536 | INFO | step=6690/20000 loss=-0.2618667 nll=-0.2635784 kl=0.001711695 consistency=0 lambda=0 beta=1 grad=71.19546 horizon=260 lifetime=[334,1152] skipped=False
2026-08-30 22:28:16,092 | INFO | step=6700/20000 loss=-0.9342198 nll=-0.9369633 kl=0.00274352 consistency=0 lambda=0 beta=1 grad=14.05659 horizon=440 lifetime=[442,1071] skipped=False
2026-08-30 22:28:16,680 | INFO | step=6710/20000 loss=-0.3591467 nll=-0.3638265 kl=0.004679814 consistency=0 lambda=0 beta=1 grad=43.11098 horizon=280 lifetime=[510,1071] skipped=False
2026-08-30 22:28:17,322 | INFO | step=6720/20000 loss=-0.1062136 nll=-0.1099341 kl=0.003720447 consistency=0 lambda=0 beta=1 grad=128.3309 horizon=280 lifetime=[334,1932] skipped=False
2026-08-30 22:28:17,901 | INFO | step=6730/20000 loss=1.284648 nll=1.283448 kl=0.001199439 consistency=0 lambda=0 beta=1 grad=277.789 horizon=120 lifetime=[442,1932] skipped=False
2026-08-30 22:28:18,540 | INFO | step=6740/20000 loss=0.5651971 nll=0.5539922 kl=0.01120489 consistency=0 lambda=0 beta=1 grad=21.61971 horizon=100 lifetime=[443,1858] skipped=False
2026-08-30 22:28:18,980 | INFO | step=6750/20000 loss=-0.336496 nll=-0.3381735 kl=0.001677532 consistency=0 lambda=0 beta=1 grad=36.64653 horizon=300 lifetime=[437,1143] skipped=False
2026-08-30 22:28:19,619 | INFO | step=6760/20000 loss=-0.7553002 nll=-0.7562745 kl=0.0009742118 consistency=0 lambda=0 beta=1 grad=51.64701 horizon=380 lifetime=[480,991] skipped=False
2026-08-30 22:28:20,064 | INFO | step=6770/20000 loss=0.5498309 nll=0.5418621 kl=0.007968795 consistency=0 lambda=0 beta=1 grad=14.62262 horizon=100 lifetime=[455,1834] skipped=False
2026-08-30 22:28:20,780 | INFO | step=6780/20000 loss=-0.7905694 nll=-0.7947328 kl=0.004163427 consistency=0 lambda=0 beta=1 grad=23.85056 horizon=520 lifetime=[526,2154] skipped=False
2026-08-30 22:28:21,421 | INFO | step=6790/20000 loss=-0.5963539 nll=-0.6019548 kl=0.00560089 consistency=0 lambda=0 beta=1 grad=48.30879 horizon=460 lifetime=[464,915] skipped=False
2026-08-30 22:28:22,002 | INFO | step=6800/20000 loss=-0.8259068 nll=-0.8305075 kl=0.004600702 consistency=0 lambda=0 beta=1 grad=80.08701 horizon=560 lifetime=[665,1282] skipped=False
2026-08-30 22:28:22,555 | INFO | step=6810/20000 loss=-0.4655471 nll=-0.4673943 kl=0.001847219 consistency=0 lambda=0 beta=1 grad=27.38541 horizon=580 lifetime=[614,1143] skipped=False
2026-08-30 22:28:23,225 | INFO | step=6820/20000 loss=0.01865196 nll=0.01494497 kl=0.003706992 consistency=0 lambda=0 beta=1 grad=13.10507 horizon=200 lifetime=[633,1045] skipped=False
2026-08-30 22:28:23,805 | INFO | step=6830/20000 loss=-0.3929951 nll=-0.3957275 kl=0.002732402 consistency=0 lambda=0 beta=1 grad=22.61415 horizon=560 lifetime=[784,1858] skipped=False
2026-08-30 22:28:24,438 | INFO | step=6840/20000 loss=-0.2089434 nll=-0.2106049 kl=0.001661433 consistency=0 lambda=0 beta=1 grad=81.88248 horizon=480 lifetime=[497,1834] skipped=False
2026-08-30 22:28:25,097 | INFO | step=6850/20000 loss=0.6364018 nll=0.6333902 kl=0.003011554 consistency=0 lambda=0 beta=1 grad=67.94083 horizon=120 lifetime=[428,1858] skipped=False
2026-08-30 22:28:25,619 | INFO | step=6860/20000 loss=-0.4775621 nll=-0.4808806 kl=0.003318427 consistency=0 lambda=0 beta=1 grad=111.2125 horizon=500 lifetime=[539,1932] skipped=False
2026-08-30 22:28:26,159 | INFO | step=6870/20000 loss=-0.9137458 nll=-0.9150122 kl=0.001266394 consistency=0 lambda=0 beta=1 grad=28.93577 horizon=380 lifetime=[443,1834] skipped=False
2026-08-30 22:28:26,744 | INFO | step=6880/20000 loss=-0.8471404 nll=-0.8497949 kl=0.002654465 consistency=0 lambda=0 beta=1 grad=90.35223 horizon=600 lifetime=[675,1076] skipped=False
2026-08-30 22:28:27,404 | INFO | step=6890/20000 loss=0.1480725 nll=0.1428863 kl=0.005186204 consistency=0 lambda=0 beta=1 grad=27.85847 horizon=120 lifetime=[498,991] skipped=False
2026-08-30 22:28:27,847 | INFO | step=6900/20000 loss=0.4489345 nll=0.4423886 kl=0.006545905 consistency=0 lambda=0 beta=1 grad=79.04094 horizon=80 lifetime=[437,913] skipped=False
2026-08-30 22:28:28,428 | INFO | step=6910/20000 loss=0.3611302 nll=0.3600846 kl=0.001045545 consistency=0 lambda=0 beta=1 grad=23.4866 horizon=100 lifetime=[497,2154] skipped=False
2026-08-30 22:28:28,971 | INFO | step=6920/20000 loss=-0.638001 nll=-0.6410995 kl=0.003098486 consistency=0 lambda=0 beta=1 grad=13.01542 horizon=560 lifetime=[687,1143] skipped=False
2026-08-30 22:28:29,598 | INFO | step=6930/20000 loss=-1.009022 nll=-1.014765 kl=0.005742438 consistency=0 lambda=0 beta=1 grad=25.2749 horizon=520 lifetime=[607,942] skipped=False
2026-08-30 22:28:30,274 | INFO | step=6940/20000 loss=-0.588239 nll=-0.5897989 kl=0.001559912 consistency=0 lambda=0 beta=1 grad=76.66818 horizon=560 lifetime=[706,1081] skipped=False
2026-08-30 22:28:30,688 | INFO | step=6950/20000 loss=-0.6360212 nll=-0.6395748 kl=0.003553651 consistency=0 lambda=0 beta=1 grad=43.42104 horizon=300 lifetime=[428,991] skipped=False
2026-08-30 22:28:31,378 | INFO | step=6960/20000 loss=-0.7613605 nll=-0.7625257 kl=0.001165226 consistency=0 lambda=0 beta=1 grad=33.25289 horizon=380 lifetime=[428,988] skipped=False
2026-08-30 22:28:32,009 | INFO | step=6970/20000 loss=0.7478594 nll=0.741848 kl=0.006011434 consistency=0 lambda=0 beta=1 grad=101.8894 horizon=80 lifetime=[334,1932] skipped=False
2026-08-30 22:28:32,696 | INFO | step=6980/20000 loss=-0.3879376 nll=-0.3915546 kl=0.003617026 consistency=0 lambda=0 beta=1 grad=57.11566 horizon=540 lifetime=[614,2154] skipped=False
2026-08-30 22:28:33,258 | INFO | step=6990/20000 loss=-0.4744052 nll=-0.4759242 kl=0.001519006 consistency=0 lambda=0 beta=1 grad=59.24311 horizon=520 lifetime=[526,1834] skipped=False
2026-08-30 22:28:35,070 | INFO | validation step=7000 rmse=144.8562 best=144.8562@7000 stale=0/10
2026-08-30 22:28:35,070 | INFO | step=7000/20000 loss=0.7254021 nll=0.7241341 kl=0.001267962 consistency=0 lambda=0 beta=1 grad=50.78634 horizon=300 lifetime=[334,1049] skipped=False
2026-08-30 22:28:35,584 | INFO | step=7010/20000 loss=0.231584 nll=0.2250251 kl=0.006558828 consistency=0 lambda=0 beta=1 grad=35.20986 horizon=160 lifetime=[526,1007] skipped=False
2026-08-30 22:28:36,227 | INFO | step=7020/20000 loss=-0.5300767 nll=-0.53171 kl=0.001633212 consistency=0 lambda=0 beta=1 grad=37.38593 horizon=340 lifetime=[500,1000] skipped=False
2026-08-30 22:28:36,760 | INFO | step=7030/20000 loss=-0.01132836 nll=-0.01321925 kl=0.00189089 consistency=0 lambda=0 beta=1 grad=230.508 horizon=440 lifetime=[467,1081] skipped=False
2026-08-30 22:28:37,415 | INFO | step=7040/20000 loss=-0.2712017 nll=-0.272917 kl=0.001715265 consistency=0 lambda=0 beta=1 grad=28.3935 horizon=160 lifetime=[442,1076] skipped=False
2026-08-30 22:28:38,146 | INFO | step=7050/20000 loss=-0.7195392 nll=-0.7239838 kl=0.004444558 consistency=0 lambda=0 beta=1 grad=36.6379 horizon=520 lifetime=[614,1049] skipped=False
2026-08-30 22:28:38,872 | INFO | step=7060/20000 loss=-0.7298495 nll=-0.7374672 kl=0.007617731 consistency=0 lambda=0 beta=1 grad=83.1942 horizon=420 lifetime=[480,1834] skipped=False
2026-08-30 22:28:39,429 | INFO | step=7070/20000 loss=0.5531244 nll=0.5466611 kl=0.006463271 consistency=0 lambda=0 beta=1 grad=81.19968 horizon=60 lifetime=[428,1143] skipped=False
2026-08-30 22:28:40,033 | INFO | step=7080/20000 loss=-0.5927396 nll=-0.5937701 kl=0.001030445 consistency=0 lambda=0 beta=1 grad=39.97513 horizon=300 lifetime=[455,1282] skipped=False
2026-08-30 22:28:40,638 | INFO | step=7090/20000 loss=-1.190834 nll=-1.19498 kl=0.004146133 consistency=0 lambda=0 beta=1 grad=30.83609 horizon=480 lifetime=[486,869] skipped=False
2026-08-30 22:28:41,234 | INFO | step=7100/20000 loss=0.6843262 nll=0.6794327 kl=0.004893505 consistency=0 lambda=0 beta=1 grad=98.58743 horizon=80 lifetime=[443,1152] skipped=False
2026-08-30 22:28:41,767 | INFO | step=7110/20000 loss=0.7805778 nll=0.7791253 kl=0.001452453 consistency=0 lambda=0 beta=1 grad=59.74237 horizon=140 lifetime=[529,1052] skipped=False
2026-08-30 22:28:42,237 | INFO | step=7120/20000 loss=1.738922 nll=1.737329 kl=0.001593433 consistency=0 lambda=0 beta=1 grad=197.0642 horizon=200 lifetime=[480,1282] skipped=False
2026-08-30 22:28:42,804 | INFO | step=7130/20000 loss=-0.30599 nll=-0.3084702 kl=0.002480157 consistency=0 lambda=0 beta=1 grad=62.86102 horizon=460 lifetime=[519,1143] skipped=False
2026-08-30 22:28:43,372 | INFO | step=7140/20000 loss=0.2546718 nll=0.2521003 kl=0.002571523 consistency=0 lambda=0 beta=1 grad=90.04225 horizon=140 lifetime=[460,1152] skipped=False
2026-08-30 22:28:43,875 | INFO | step=7150/20000 loss=-0.1126311 nll=-0.1185743 kl=0.005943198 consistency=0 lambda=0 beta=1 grad=113.0634 horizon=440 lifetime=[607,1152] skipped=False
2026-08-30 22:28:44,605 | INFO | step=7160/20000 loss=-0.500488 nll=-0.5027413 kl=0.002253274 consistency=0 lambda=0 beta=1 grad=19.18378 horizon=600 lifetime=[633,1858] skipped=False
2026-08-30 22:28:45,227 | INFO | step=7170/20000 loss=-0.6234868 nll=-0.6262188 kl=0.002732009 consistency=0 lambda=0 beta=1 grad=44.548 horizon=260 lifetime=[428,913] skipped=False
2026-08-30 22:28:45,751 | INFO | step=7180/20000 loss=0.5599527 nll=0.5511149 kl=0.008837786 consistency=0 lambda=0 beta=1 grad=16.84526 horizon=60 lifetime=[477,1045] skipped=False
2026-08-30 22:28:46,283 | INFO | step=7190/20000 loss=-0.281296 nll=-0.2840545 kl=0.002758533 consistency=0 lambda=0 beta=1 grad=47.78925 horizon=200 lifetime=[428,1834] skipped=False
2026-08-30 22:28:46,832 | INFO | step=7200/20000 loss=-0.08334459 nll=-0.08569138 kl=0.002346784 consistency=0 lambda=0 beta=1 grad=18.23411 horizon=200 lifetime=[428,1049] skipped=False
2026-08-30 22:28:47,353 | INFO | step=7210/20000 loss=0.3345006 nll=0.3319255 kl=0.002575189 consistency=0 lambda=0 beta=1 grad=50.19526 horizon=260 lifetime=[334,1834] skipped=False
2026-08-30 22:28:47,931 | INFO | step=7220/20000 loss=-0.1241521 nll=-0.1293901 kl=0.005237982 consistency=0 lambda=0 beta=1 grad=132.2822 horizon=400 lifetime=[488,1834] skipped=False
2026-08-30 22:28:48,421 | INFO | step=7230/20000 loss=-0.6105454 nll=-0.6120113 kl=0.001465946 consistency=0 lambda=0 beta=1 grad=53.85392 horizon=220 lifetime=[456,1081] skipped=False
2026-08-30 22:28:48,974 | INFO | step=7240/20000 loss=-0.4927768 nll=-0.4946386 kl=0.001861773 consistency=0 lambda=0 beta=1 grad=49.46386 horizon=240 lifetime=[437,706] skipped=False
2026-08-30 22:28:49,709 | INFO | step=7250/20000 loss=-0.5100194 nll=-0.5125751 kl=0.002555771 consistency=0 lambda=0 beta=1 grad=44.98345 horizon=540 lifetime=[599,1858] skipped=False
2026-08-30 22:28:50,277 | INFO | step=7260/20000 loss=-0.185534 nll=-0.1862806 kl=0.0007466152 consistency=0 lambda=0 beta=1 grad=139.0363 horizon=300 lifetime=[460,906] skipped=False
2026-08-30 22:28:51,040 | INFO | step=7270/20000 loss=0.212344 nll=0.2099246 kl=0.002419397 consistency=0 lambda=0 beta=1 grad=133.8643 horizon=220 lifetime=[334,2154] skipped=False
2026-08-30 22:28:51,666 | INFO | step=7280/20000 loss=-0.5208138 nll=-0.5256861 kl=0.0048723 consistency=0 lambda=0 beta=1 grad=182.1261 horizon=400 lifetime=[494,875] skipped=False
2026-08-30 22:28:52,379 | INFO | step=7290/20000 loss=-0.5392866 nll=-0.5412298 kl=0.001943205 consistency=0 lambda=0 beta=1 grad=99.74515 horizon=540 lifetime=[622,1007] skipped=False
2026-08-30 22:28:53,002 | INFO | step=7300/20000 loss=0.8774884 nll=0.8744231 kl=0.00306537 consistency=0 lambda=0 beta=1 grad=254.9475 horizon=400 lifetime=[557,1049] skipped=False
2026-08-30 22:28:53,703 | INFO | step=7310/20000 loss=-0.6173493 nll=-0.6195402 kl=0.002190925 consistency=0 lambda=0 beta=1 grad=63.56668 horizon=580 lifetime=[607,1076] skipped=False
2026-08-30 22:28:54,243 | INFO | step=7320/20000 loss=-0.255032 nll=-0.2575458 kl=0.002513833 consistency=0 lambda=0 beta=1 grad=63.55275 horizon=460 lifetime=[498,942] skipped=False
2026-08-30 22:28:54,748 | INFO | step=7330/20000 loss=-0.4905804 nll=-0.4926022 kl=0.002021782 consistency=0 lambda=0 beta=1 grad=73.16257 horizon=300 lifetime=[334,933] skipped=False
2026-08-30 22:28:55,268 | INFO | step=7340/20000 loss=1.015272 nll=1.009787 kl=0.005485177 consistency=0 lambda=0 beta=1 grad=47.68221 horizon=120 lifetime=[443,1000] skipped=False
2026-08-30 22:28:55,969 | INFO | step=7350/20000 loss=0.1237018 nll=0.1190071 kl=0.004694708 consistency=0 lambda=0 beta=1 grad=171.2365 horizon=560 lifetime=[633,933] skipped=False
2026-08-30 22:28:56,461 | INFO | step=7360/20000 loss=-0.2072663 nll=-0.2096833 kl=0.002417013 consistency=0 lambda=0 beta=1 grad=20.03958 horizon=180 lifetime=[455,1858] skipped=False
2026-08-30 22:28:57,030 | INFO | step=7370/20000 loss=-0.6863362 nll=-0.6874822 kl=0.001146019 consistency=0 lambda=0 beta=1 grad=38.77114 horizon=380 lifetime=[494,1076] skipped=False
2026-08-30 22:28:57,507 | INFO | step=7380/20000 loss=0.04700401 nll=0.045278 kl=0.001726009 consistency=0 lambda=0 beta=1 grad=7.344091 horizon=200 lifetime=[488,2154] skipped=False
2026-08-30 22:28:58,169 | INFO | step=7390/20000 loss=1.276032 nll=1.274434 kl=0.001598127 consistency=0 lambda=0 beta=1 grad=180.9502 horizon=180 lifetime=[460,1932] skipped=False
2026-08-30 22:28:58,676 | INFO | step=7400/20000 loss=0.1129121 nll=0.1058145 kl=0.007097583 consistency=0 lambda=0 beta=1 grad=20.26311 horizon=60 lifetime=[460,1076] skipped=False
2026-08-30 22:28:59,251 | INFO | step=7410/20000 loss=-0.1924617 nll=-0.1947484 kl=0.002286728 consistency=0 lambda=0 beta=1 grad=120.4057 horizon=520 lifetime=[529,2154] skipped=False
2026-08-30 22:28:59,859 | INFO | step=7420/20000 loss=-0.3527446 nll=-0.3573454 kl=0.00460076 consistency=0 lambda=0 beta=1 grad=57.01376 horizon=320 lifetime=[519,1152] skipped=False
2026-08-30 22:29:00,471 | INFO | step=7430/20000 loss=-0.8701116 nll=-0.8708481 kl=0.0007364526 consistency=0 lambda=0 beta=1 grad=54.3266 horizon=300 lifetime=[442,1052] skipped=False
2026-08-30 22:29:01,059 | INFO | step=7440/20000 loss=-0.6799789 nll=-0.6820205 kl=0.002041664 consistency=0 lambda=0 beta=1 grad=55.55358 horizon=600 lifetime=[704,1834] skipped=False
2026-08-30 22:29:01,600 | INFO | step=7450/20000 loss=0.8861396 nll=0.883297 kl=0.002842616 consistency=0 lambda=0 beta=1 grad=168.2961 horizon=360 lifetime=[453,1081] skipped=False
2026-08-30 22:29:02,217 | INFO | step=7460/20000 loss=-0.2844101 nll=-0.2882957 kl=0.003885582 consistency=0 lambda=0 beta=1 grad=18.18945 horizon=480 lifetime=[786,1143] skipped=False
2026-08-30 22:29:02,760 | INFO | step=7470/20000 loss=-0.4183389 nll=-0.4190122 kl=0.0006732568 consistency=0 lambda=0 beta=1 grad=28.78728 horizon=240 lifetime=[428,1152] skipped=False
2026-08-30 22:29:03,263 | INFO | step=7480/20000 loss=-0.5697204 nll=-0.5770555 kl=0.007335134 consistency=0 lambda=0 beta=1 grad=58.31681 horizon=580 lifetime=[665,1858] skipped=False
2026-08-30 22:29:03,854 | INFO | step=7490/20000 loss=0.3806838 nll=0.3775079 kl=0.003175922 consistency=0 lambda=0 beta=1 grad=203.1015 horizon=600 lifetime=[687,1007] skipped=False
2026-08-30 22:29:05,607 | INFO | validation step=7500 rmse=153.7154 best=144.8562@7000 stale=1/10
2026-08-30 22:29:05,607 | INFO | step=7500/20000 loss=-0.2242855 nll=-0.2296512 kl=0.005365662 consistency=0 lambda=0 beta=1 grad=52.19101 horizon=220 lifetime=[460,1081] skipped=False
2026-08-30 22:29:06,478 | INFO | step=7510/20000 loss=-0.8024428 nll=-0.8042157 kl=0.001772881 consistency=0 lambda=0 beta=1 grad=46.23959 horizon=540 lifetime=[557,933] skipped=False
2026-08-30 22:29:07,123 | INFO | step=7520/20000 loss=-0.9827394 nll=-0.9859009 kl=0.003161475 consistency=0 lambda=0 beta=1 grad=45.89576 horizon=440 lifetime=[453,856] skipped=False
2026-08-30 22:29:07,777 | INFO | step=7530/20000 loss=-0.4275932 nll=-0.4289503 kl=0.001357101 consistency=0 lambda=0 beta=1 grad=19.88848 horizon=300 lifetime=[428,1858] skipped=False
2026-08-30 22:29:08,328 | INFO | step=7540/20000 loss=0.1725011 nll=0.1712446 kl=0.00125654 consistency=0 lambda=0 beta=1 grad=32.52258 horizon=180 lifetime=[428,1282] skipped=False
2026-08-30 22:29:08,980 | INFO | step=7550/20000 loss=-0.02740749 nll=-0.02869454 kl=0.001287051 consistency=0 lambda=0 beta=1 grad=92.10948 horizon=220 lifetime=[500,1015] skipped=False
2026-08-30 22:29:09,589 | INFO | step=7560/20000 loss=-0.2676423 nll=-0.2702885 kl=0.002646158 consistency=0 lambda=0 beta=1 grad=53.403 horizon=400 lifetime=[443,1045] skipped=False
2026-08-30 22:29:10,286 | INFO | step=7570/20000 loss=-0.01330949 nll=-0.01661953 kl=0.00331004 consistency=0 lambda=0 beta=1 grad=57.39537 horizon=160 lifetime=[462,906] skipped=False
2026-08-30 22:29:10,851 | INFO | step=7580/20000 loss=-0.722644 nll=-0.7263906 kl=0.003746574 consistency=0 lambda=0 beta=1 grad=118.4774 horizon=440 lifetime=[442,1015] skipped=False
2026-08-30 22:29:11,384 | INFO | step=7590/20000 loss=-0.7013317 nll=-0.7043002 kl=0.002968412 consistency=0 lambda=0 beta=1 grad=105.8885 horizon=600 lifetime=[648,1076] skipped=False
2026-08-30 22:29:12,168 | INFO | step=7600/20000 loss=-0.5111851 nll=-0.5124024 kl=0.001217379 consistency=0 lambda=0 beta=1 grad=19.3497 horizon=220 lifetime=[498,1076] skipped=False
2026-08-30 22:29:12,761 | INFO | step=7610/20000 loss=1.501109 nll=1.499687 kl=0.001422096 consistency=0 lambda=0 beta=1 grad=195.3735 horizon=240 lifetime=[437,1858] skipped=False
2026-08-30 22:29:13,293 | INFO | step=7620/20000 loss=-0.4412104 nll=-0.444691 kl=0.00348063 consistency=0 lambda=0 beta=1 grad=100.4585 horizon=600 lifetime=[687,2154] skipped=False
2026-08-30 22:29:13,837 | INFO | step=7630/20000 loss=0.4226049 nll=0.4206553 kl=0.00194962 consistency=0 lambda=0 beta=1 grad=149.545 horizon=500 lifetime=[656,1858] skipped=False
2026-08-30 22:29:14,464 | INFO | step=7640/20000 loss=-0.06828532 nll=-0.0692776 kl=0.0009922739 consistency=0 lambda=0 beta=1 grad=24.42147 horizon=220 lifetime=[453,1143] skipped=False
2026-08-30 22:29:15,009 | INFO | step=7650/20000 loss=-0.1565747 nll=-0.1614256 kl=0.004850917 consistency=0 lambda=0 beta=1 grad=143.7603 horizon=560 lifetime=[706,1932] skipped=False
2026-08-30 22:29:15,456 | INFO | step=7660/20000 loss=-0.579874 nll=-0.5822407 kl=0.002366729 consistency=0 lambda=0 beta=1 grad=37.26918 horizon=180 lifetime=[462,1152] skipped=False
2026-08-30 22:29:16,022 | INFO | step=7670/20000 loss=0.663105 nll=0.6590173 kl=0.004087714 consistency=0 lambda=0 beta=1 grad=99.23963 horizon=60 lifetime=[480,1858] skipped=False
2026-08-30 22:29:16,571 | INFO | step=7680/20000 loss=1.916217 nll=1.909785 kl=0.006432291 consistency=0 lambda=0 beta=1 grad=312.0148 horizon=60 lifetime=[505,1932] skipped=False
2026-08-30 22:29:17,220 | INFO | step=7690/20000 loss=-0.7148997 nll=-0.7162187 kl=0.001319007 consistency=0 lambda=0 beta=1 grad=25.94312 horizon=580 lifetime=[633,1858] skipped=False
2026-08-30 22:29:17,772 | INFO | step=7700/20000 loss=-0.80801 nll=-0.8102626 kl=0.002252592 consistency=0 lambda=0 beta=1 grad=137.0628 horizon=580 lifetime=[614,1081] skipped=False
2026-08-30 22:29:18,410 | INFO | step=7710/20000 loss=0.2519503 nll=0.2505874 kl=0.0013629 consistency=0 lambda=0 beta=1 grad=102.5066 horizon=300 lifetime=[428,1834] skipped=False
2026-08-30 22:29:18,963 | INFO | step=7720/20000 loss=1.518996 nll=1.514618 kl=0.004377626 consistency=0 lambda=0 beta=1 grad=121.9293 horizon=120 lifetime=[465,1932] skipped=False
2026-08-30 22:29:19,658 | INFO | step=7730/20000 loss=-1.014449 nll=-1.016225 kl=0.001776423 consistency=0 lambda=0 beta=1 grad=191.0922 horizon=460 lifetime=[480,1143] skipped=False
2026-08-30 22:29:20,449 | INFO | step=7740/20000 loss=-1.266392 nll=-1.269081 kl=0.002688911 consistency=0 lambda=0 beta=1 grad=29.84756 horizon=440 lifetime=[455,913] skipped=False
2026-08-30 22:29:21,042 | INFO | step=7750/20000 loss=-0.2313647 nll=-0.2331001 kl=0.00173538 consistency=0 lambda=0 beta=1 grad=47.05568 horizon=180 lifetime=[428,1282] skipped=False
2026-08-30 22:29:21,618 | INFO | step=7760/20000 loss=-0.3664239 nll=-0.3706843 kl=0.004260389 consistency=0 lambda=0 beta=1 grad=28.04545 horizon=180 lifetime=[456,1834] skipped=False
2026-08-30 22:29:22,295 | INFO | step=7770/20000 loss=-0.9599115 nll=-0.9638239 kl=0.00391237 consistency=0 lambda=0 beta=1 grad=59.54776 horizon=540 lifetime=[614,1152] skipped=False
2026-08-30 22:29:22,875 | INFO | step=7780/20000 loss=-0.5375999 nll=-0.5384118 kl=0.0008119568 consistency=0 lambda=0 beta=1 grad=27.88595 horizon=200 lifetime=[456,1081] skipped=False
2026-08-30 22:29:23,464 | INFO | step=7790/20000 loss=-0.5478011 nll=-0.5498018 kl=0.002000686 consistency=0 lambda=0 beta=1 grad=132.4024 horizon=420 lifetime=[455,1143] skipped=False
2026-08-30 22:29:24,013 | INFO | step=7800/20000 loss=2.598426 nll=2.585771 kl=0.01265487 consistency=0 lambda=0 beta=1 grad=333.3217 horizon=60 lifetime=[465,1932] skipped=False
2026-08-30 22:29:24,658 | INFO | step=7810/20000 loss=-0.5029964 nll=-0.5047388 kl=0.001742359 consistency=0 lambda=0 beta=1 grad=22.20552 horizon=220 lifetime=[465,909] skipped=False
2026-08-30 22:29:25,224 | INFO | step=7820/20000 loss=-0.1923812 nll=-0.1954755 kl=0.00309433 consistency=0 lambda=0 beta=1 grad=86.61788 horizon=400 lifetime=[460,1834] skipped=False
2026-08-30 22:29:25,847 | INFO | step=7830/20000 loss=-0.5825763 nll=-0.5867445 kl=0.004168283 consistency=0 lambda=0 beta=1 grad=138.6582 horizon=600 lifetime=[614,1932] skipped=False
2026-08-30 22:29:26,502 | INFO | step=7840/20000 loss=-0.7515315 nll=-0.7564408 kl=0.004909232 consistency=0 lambda=0 beta=1 grad=93.26355 horizon=500 lifetime=[518,942] skipped=False
2026-08-30 22:29:26,937 | INFO | step=7850/20000 loss=-0.3767363 nll=-0.3789648 kl=0.002228528 consistency=0 lambda=0 beta=1 grad=123.2882 horizon=240 lifetime=[428,1282] skipped=False
2026-08-30 22:29:27,615 | INFO | step=7860/20000 loss=-0.3417275 nll=-0.3450353 kl=0.003307804 consistency=0 lambda=0 beta=1 grad=152.0848 horizon=420 lifetime=[456,933] skipped=False
2026-08-30 22:29:28,312 | INFO | step=7870/20000 loss=-0.4104874 nll=-0.4132938 kl=0.002806399 consistency=0 lambda=0 beta=1 grad=64.52202 horizon=600 lifetime=[622,2154] skipped=False
2026-08-30 22:29:28,867 | INFO | step=7880/20000 loss=0.002936159 nll=0.001380622 kl=0.001555537 consistency=0 lambda=0 beta=1 grad=61.82738 horizon=140 lifetime=[480,1143] skipped=False
2026-08-30 22:29:29,430 | INFO | step=7890/20000 loss=0.622473 nll=0.619591 kl=0.002881984 consistency=0 lambda=0 beta=1 grad=52.54977 horizon=80 lifetime=[437,1049] skipped=False
2026-08-30 22:29:29,996 | INFO | step=7900/20000 loss=-0.8742079 nll=-0.8759849 kl=0.001777008 consistency=0 lambda=0 beta=1 grad=43.66133 horizon=560 lifetime=[614,1045] skipped=False
2026-08-30 22:29:30,575 | INFO | step=7910/20000 loss=-0.4896053 nll=-0.491024 kl=0.001418725 consistency=0 lambda=0 beta=1 grad=88.14192 horizon=460 lifetime=[488,1834] skipped=False
2026-08-30 22:29:31,119 | INFO | step=7920/20000 loss=0.3343556 nll=0.3334044 kl=0.0009511895 consistency=0 lambda=0 beta=1 grad=88.41064 horizon=300 lifetime=[334,1000] skipped=False
2026-08-30 22:29:31,737 | INFO | step=7930/20000 loss=-0.1228308 nll=-0.1250906 kl=0.002259828 consistency=0 lambda=0 beta=1 grad=107.9164 horizon=300 lifetime=[428,1000] skipped=False
2026-08-30 22:29:32,301 | INFO | step=7940/20000 loss=0.6884274 nll=0.682418 kl=0.006009378 consistency=0 lambda=0 beta=1 grad=222.338 horizon=220 lifetime=[334,2154] skipped=False
2026-08-30 22:29:32,899 | INFO | step=7950/20000 loss=-0.2151184 nll=-0.2166603 kl=0.001541913 consistency=0 lambda=0 beta=1 grad=128.8219 horizon=300 lifetime=[460,1000] skipped=False
2026-08-30 22:29:33,611 | INFO | step=7960/20000 loss=-0.4808922 nll=-0.4850134 kl=0.004121155 consistency=0 lambda=0 beta=1 grad=67.99236 horizon=520 lifetime=[529,1282] skipped=False
2026-08-30 22:29:34,113 | INFO | step=7970/20000 loss=2.166421 nll=2.16144 kl=0.004981209 consistency=0 lambda=0 beta=1 grad=307.8701 horizon=80 lifetime=[665,1932] skipped=False
2026-08-30 22:29:34,698 | INFO | step=7980/20000 loss=-0.0009782016 nll=-0.002215028 kl=0.001236826 consistency=0 lambda=0 beta=1 grad=201.6527 horizon=600 lifetime=[677,1007] skipped=False
2026-08-30 22:29:35,299 | INFO | step=7990/20000 loss=-0.5072017 nll=-0.508423 kl=0.001221359 consistency=0 lambda=0 beta=1 grad=52.4998 horizon=320 lifetime=[477,1081] skipped=False
2026-08-30 22:29:36,991 | INFO | validation step=8000 rmse=146.7504 best=144.8562@7000 stale=2/10
2026-08-30 22:29:36,992 | INFO | step=8000/20000 loss=-1.186395 nll=-1.188786 kl=0.002391376 consistency=0 lambda=0 beta=1 grad=24.65156 horizon=460 lifetime=[500,1071] skipped=False
2026-08-30 22:29:37,713 | INFO | step=8010/20000 loss=-0.5737661 nll=-0.5774074 kl=0.003641289 consistency=0 lambda=0 beta=1 grad=49.7576 horizon=600 lifetime=[622,1858] skipped=False
2026-08-30 22:29:38,240 | INFO | step=8020/20000 loss=-0.3955659 nll=-0.397599 kl=0.002033088 consistency=0 lambda=0 beta=1 grad=50.31787 horizon=520 lifetime=[687,1858] skipped=False
2026-08-30 22:29:38,985 | INFO | step=8030/20000 loss=-0.6876301 nll=-0.6886885 kl=0.001058377 consistency=0 lambda=0 beta=1 grad=121.4428 horizon=400 lifetime=[486,1143] skipped=False
2026-08-30 22:29:39,618 | INFO | step=8040/20000 loss=0.7491348 nll=0.7421722 kl=0.006962543 consistency=0 lambda=0 beta=1 grad=29.9507 horizon=80 lifetime=[510,1045] skipped=False
2026-08-30 22:29:40,092 | INFO | step=8050/20000 loss=0.6608745 nll=0.6558414 kl=0.005033102 consistency=0 lambda=0 beta=1 grad=394.9716 horizon=600 lifetime=[614,1015] skipped=False
2026-08-30 22:29:40,701 | INFO | step=8060/20000 loss=-0.1873782 nll=-0.190869 kl=0.003490843 consistency=0 lambda=0 beta=1 grad=10.63751 horizon=180 lifetime=[480,991] skipped=False
2026-08-30 22:29:41,450 | INFO | step=8070/20000 loss=0.1593767 nll=0.1571206 kl=0.002256088 consistency=0 lambda=0 beta=1 grad=108.7884 horizon=500 lifetime=[784,1834] skipped=False
2026-08-30 22:29:42,108 | INFO | step=8080/20000 loss=-0.4226651 nll=-0.4260377 kl=0.003372684 consistency=0 lambda=0 beta=1 grad=166.0384 horizon=600 lifetime=[633,1081] skipped=False
2026-08-30 22:29:42,583 | INFO | step=8090/20000 loss=1.242234 nll=1.240913 kl=0.001321256 consistency=0 lambda=0 beta=1 grad=320.9995 horizon=360 lifetime=[443,1932] skipped=False
2026-08-30 22:29:43,273 | INFO | step=8100/20000 loss=-0.4785849 nll=-0.4797143 kl=0.001129434 consistency=0 lambda=0 beta=1 grad=63.20665 horizon=240 lifetime=[453,1143] skipped=False
2026-08-30 22:29:43,803 | INFO | step=8110/20000 loss=0.0420255 nll=0.03967142 kl=0.002354078 consistency=0 lambda=0 beta=1 grad=48.9621 horizon=240 lifetime=[456,1282] skipped=False
2026-08-30 22:29:44,499 | INFO | step=8120/20000 loss=-0.5690924 nll=-0.5714241 kl=0.002331724 consistency=0 lambda=0 beta=1 grad=51.50741 horizon=540 lifetime=[648,1834] skipped=False
2026-08-30 22:29:45,027 | INFO | step=8130/20000 loss=-0.4993866 nll=-0.5030493 kl=0.003662691 consistency=0 lambda=0 beta=1 grad=80.09104 horizon=360 lifetime=[460,1143] skipped=False
2026-08-30 22:29:45,567 | INFO | step=8140/20000 loss=-0.3935317 nll=-0.396272 kl=0.002740234 consistency=0 lambda=0 beta=1 grad=99.11575 horizon=320 lifetime=[465,1081] skipped=False
2026-08-30 22:29:46,154 | INFO | step=8150/20000 loss=0.171296 nll=0.1690167 kl=0.002279323 consistency=0 lambda=0 beta=1 grad=107.2987 horizon=460 lifetime=[486,1834] skipped=False
2026-08-30 22:29:46,663 | INFO | step=8160/20000 loss=-0.6623844 nll=-0.6661818 kl=0.003797404 consistency=0 lambda=0 beta=1 grad=73.10316 horizon=320 lifetime=[334,1152] skipped=False
2026-08-30 22:29:47,123 | INFO | step=8170/20000 loss=-0.4656419 nll=-0.4668626 kl=0.001220688 consistency=0 lambda=0 beta=1 grad=56.80842 horizon=300 lifetime=[456,2154] skipped=False
2026-08-30 22:29:47,657 | INFO | step=8180/20000 loss=-0.7811667 nll=-0.7843124 kl=0.00314562 consistency=0 lambda=0 beta=1 grad=33.19255 horizon=300 lifetime=[334,1007] skipped=False
2026-08-30 22:29:48,202 | INFO | step=8190/20000 loss=-0.3758395 nll=-0.376934 kl=0.001094498 consistency=0 lambda=0 beta=1 grad=137.8528 horizon=340 lifetime=[467,1071] skipped=False
2026-08-30 22:29:48,892 | INFO | step=8200/20000 loss=0.1807733 nll=0.1771766 kl=0.003596766 consistency=0 lambda=0 beta=1 grad=250.3524 horizon=560 lifetime=[622,1932] skipped=False
2026-08-30 22:29:49,497 | INFO | step=8210/20000 loss=-0.849381 nll=-0.8509668 kl=0.001585742 consistency=0 lambda=0 beta=1 grad=36.21868 horizon=580 lifetime=[665,1858] skipped=False
2026-08-30 22:29:50,098 | INFO | step=8220/20000 loss=-0.4515679 nll=-0.4528022 kl=0.001234278 consistency=0 lambda=0 beta=1 grad=104.2761 horizon=340 lifetime=[442,1015] skipped=False
2026-08-30 22:29:50,741 | INFO | step=8230/20000 loss=-0.7068596 nll=-0.7080805 kl=0.001220874 consistency=0 lambda=0 beta=1 grad=38.07293 horizon=580 lifetime=[633,1932] skipped=False
2026-08-30 22:29:51,239 | INFO | step=8240/20000 loss=-0.1728891 nll=-0.1742256 kl=0.001336515 consistency=0 lambda=0 beta=1 grad=92.63035 horizon=160 lifetime=[460,1932] skipped=False
2026-08-30 22:29:51,937 | INFO | step=8250/20000 loss=-0.7117091 nll=-0.7125717 kl=0.0008626515 consistency=0 lambda=0 beta=1 grad=110.782 horizon=460 lifetime=[488,933] skipped=False
2026-08-30 22:29:52,545 | INFO | step=8260/20000 loss=0.6162397 nll=0.614713 kl=0.001526721 consistency=0 lambda=0 beta=1 grad=138.338 horizon=160 lifetime=[437,1858] skipped=False
2026-08-30 22:29:53,121 | INFO | step=8270/20000 loss=-0.6576586 nll=-0.6589692 kl=0.001310539 consistency=0 lambda=0 beta=1 grad=36.84468 horizon=520 lifetime=[526,2154] skipped=False
2026-08-30 22:29:53,687 | INFO | step=8280/20000 loss=-0.5562679 nll=-0.5602599 kl=0.003992027 consistency=0 lambda=0 beta=1 grad=35.42937 horizon=200 lifetime=[480,1081] skipped=False
2026-08-30 22:29:54,347 | INFO | step=8290/20000 loss=-0.6483529 nll=-0.6503133 kl=0.001960354 consistency=0 lambda=0 beta=1 grad=30.09014 horizon=600 lifetime=[665,1282] skipped=False
2026-08-30 22:29:54,875 | INFO | step=8300/20000 loss=-0.3000608 nll=-0.3042974 kl=0.004236605 consistency=0 lambda=0 beta=1 grad=43.23021 horizon=160 lifetime=[428,1071] skipped=False
2026-08-30 22:29:55,368 | INFO | step=8310/20000 loss=-0.2070263 nll=-0.208117 kl=0.001090727 consistency=0 lambda=0 beta=1 grad=40.92035 horizon=260 lifetime=[334,1834] skipped=False
2026-08-30 22:29:55,887 | INFO | step=8320/20000 loss=0.02558336 nll=0.0247193 kl=0.0008640587 consistency=0 lambda=0 beta=1 grad=83.02631 horizon=160 lifetime=[456,942] skipped=False
2026-08-30 22:29:56,501 | INFO | step=8330/20000 loss=-0.8925055 nll=-0.8937806 kl=0.001275138 consistency=0 lambda=0 beta=1 grad=82.0051 horizon=460 lifetime=[486,1932] skipped=False
2026-08-30 22:29:57,138 | INFO | step=8340/20000 loss=-0.7008554 nll=-0.7035651 kl=0.002709707 consistency=0 lambda=0 beta=1 grad=40.85358 horizon=440 lifetime=[465,2154] skipped=False
2026-08-30 22:29:57,839 | INFO | step=8350/20000 loss=0.1960773 nll=0.1932877 kl=0.002789557 consistency=0 lambda=0 beta=1 grad=68.6926 horizon=180 lifetime=[533,1049] skipped=False
2026-08-30 22:29:58,406 | INFO | step=8360/20000 loss=-0.3218161 nll=-0.3233181 kl=0.001502022 consistency=0 lambda=0 beta=1 grad=38.73036 horizon=180 lifetime=[465,1049] skipped=False
2026-08-30 22:29:59,074 | INFO | step=8370/20000 loss=-0.3253184 nll=-0.3272281 kl=0.001909694 consistency=0 lambda=0 beta=1 grad=169.0704 horizon=460 lifetime=[607,988] skipped=False
2026-08-30 22:29:59,699 | INFO | step=8380/20000 loss=-0.3864232 nll=-0.3905573 kl=0.004134124 consistency=0 lambda=0 beta=1 grad=154.6417 horizon=440 lifetime=[559,1045] skipped=False
2026-08-30 22:30:00,358 | INFO | step=8390/20000 loss=-0.09565089 nll=-0.09689035 kl=0.001239457 consistency=0 lambda=0 beta=1 grad=144.8462 horizon=500 lifetime=[729,1858] skipped=False
2026-08-30 22:30:00,856 | INFO | step=8400/20000 loss=-0.03777713 nll=-0.04165512 kl=0.00387799 consistency=0 lambda=0 beta=1 grad=21.76712 horizon=240 lifetime=[334,1007] skipped=False
2026-08-30 22:30:01,467 | INFO | step=8410/20000 loss=0.0709771 nll=0.06905369 kl=0.001923405 consistency=0 lambda=0 beta=1 grad=28.33742 horizon=280 lifetime=[480,1858] skipped=False
2026-08-30 22:30:01,996 | INFO | step=8420/20000 loss=0.173752 nll=0.1724638 kl=0.001288131 consistency=0 lambda=0 beta=1 grad=25.7069 horizon=140 lifetime=[460,1049] skipped=False
2026-08-30 22:30:02,567 | INFO | step=8430/20000 loss=-0.04366774 nll=-0.04856363 kl=0.004895885 consistency=0 lambda=0 beta=1 grad=41.02085 horizon=300 lifetime=[622,1932] skipped=False
2026-08-30 22:30:03,228 | INFO | step=8440/20000 loss=0.4199045 nll=0.4130974 kl=0.006807085 consistency=0 lambda=0 beta=1 grad=34.437 horizon=80 lifetime=[442,1076] skipped=False
2026-08-30 22:30:03,731 | INFO | step=8450/20000 loss=-0.9768023 nll=-0.981989 kl=0.005186687 consistency=0 lambda=0 beta=1 grad=51.13632 horizon=520 lifetime=[539,1932] skipped=False
2026-08-30 22:30:04,316 | INFO | step=8460/20000 loss=-0.6406894 nll=-0.6414478 kl=0.0007584281 consistency=0 lambda=0 beta=1 grad=88.96782 horizon=560 lifetime=[607,1932] skipped=False
2026-08-30 22:30:04,846 | INFO | step=8470/20000 loss=-1.28214 nll=-1.283494 kl=0.001354296 consistency=0 lambda=0 beta=1 grad=63.77349 horizon=400 lifetime=[437,909] skipped=False
2026-08-30 22:30:05,442 | INFO | step=8480/20000 loss=0.8615103 nll=0.8589612 kl=0.002549128 consistency=0 lambda=0 beta=1 grad=134.5118 horizon=60 lifetime=[443,1282] skipped=False
2026-08-30 22:30:05,986 | INFO | step=8490/20000 loss=0.5193139 nll=0.5028287 kl=0.01648527 consistency=0 lambda=0 beta=1 grad=46.79368 horizon=80 lifetime=[443,794] skipped=False
2026-08-30 22:30:07,656 | INFO | validation step=8500 rmse=146.3137 best=144.8562@7000 stale=3/10
2026-08-30 22:30:07,656 | INFO | step=8500/20000 loss=-0.3564996 nll=-0.3574995 kl=0.0009999312 consistency=0 lambda=0 beta=1 grad=46.2741 horizon=160 lifetime=[465,1858] skipped=False
2026-08-30 22:30:08,480 | INFO | step=8510/20000 loss=-0.9578255 nll=-0.9584443 kl=0.0006187633 consistency=0 lambda=0 beta=1 grad=23.23744 horizon=560 lifetime=[773,1152] skipped=False
2026-08-30 22:30:09,036 | INFO | step=8520/20000 loss=-0.1709831 nll=-0.1744812 kl=0.00349807 consistency=0 lambda=0 beta=1 grad=13.7541 horizon=100 lifetime=[442,828] skipped=False
2026-08-30 22:30:09,767 | INFO | step=8530/20000 loss=-0.3029168 nll=-0.3049652 kl=0.002048362 consistency=0 lambda=0 beta=1 grad=130.3734 horizon=560 lifetime=[677,1282] skipped=False
2026-08-30 22:30:10,354 | INFO | step=8540/20000 loss=-0.5049523 nll=-0.5079938 kl=0.00304148 consistency=0 lambda=0 beta=1 grad=77.10394 horizon=380 lifetime=[488,1143] skipped=False
2026-08-30 22:30:10,883 | INFO | step=8550/20000 loss=-0.4858713 nll=-0.4867851 kl=0.0009137951 consistency=0 lambda=0 beta=1 grad=22.66574 horizon=280 lifetime=[453,991] skipped=False
2026-08-30 22:30:11,516 | INFO | step=8560/20000 loss=-0.2521743 nll=-0.255573 kl=0.003398687 consistency=0 lambda=0 beta=1 grad=112.8269 horizon=600 lifetime=[811,1071] skipped=False
2026-08-30 22:30:12,024 | INFO | step=8570/20000 loss=-0.587378 nll=-0.5953099 kl=0.007931832 consistency=0 lambda=0 beta=1 grad=81.27315 horizon=160 lifetime=[460,863] skipped=False
2026-08-30 22:30:12,588 | INFO | step=8580/20000 loss=0.4621889 nll=0.4586247 kl=0.003564191 consistency=0 lambda=0 beta=1 grad=155.6905 horizon=140 lifetime=[443,1834] skipped=False
2026-08-30 22:30:13,142 | INFO | step=8590/20000 loss=-0.09851676 nll=-0.1014037 kl=0.002886979 consistency=0 lambda=0 beta=1 grad=37.83494 horizon=180 lifetime=[443,1071] skipped=False
2026-08-30 22:30:13,893 | INFO | step=8600/20000 loss=-0.6053979 nll=-0.6061624 kl=0.0007645413 consistency=0 lambda=0 beta=1 grad=66.20793 horizon=300 lifetime=[428,1071] skipped=False
2026-08-30 22:30:14,451 | INFO | step=8610/20000 loss=-0.8801966 nll=-0.8811031 kl=0.0009065568 consistency=0 lambda=0 beta=1 grad=17.90031 horizon=380 lifetime=[460,875] skipped=False
2026-08-30 22:30:15,000 | INFO | step=8620/20000 loss=-0.666641 nll=-0.668115 kl=0.001473993 consistency=0 lambda=0 beta=1 grad=52.58268 horizon=540 lifetime=[607,1834] skipped=False
2026-08-30 22:30:15,522 | INFO | step=8630/20000 loss=-0.7102781 nll=-0.7134739 kl=0.003195809 consistency=0 lambda=0 beta=1 grad=64.94522 horizon=300 lifetime=[467,1932] skipped=False
2026-08-30 22:30:16,222 | INFO | step=8640/20000 loss=-0.5929965 nll=-0.6011428 kl=0.008146293 consistency=0 lambda=0 beta=1 grad=112.0865 horizon=600 lifetime=[700,1932] skipped=False
2026-08-30 22:30:16,778 | INFO | step=8650/20000 loss=0.4338517 nll=0.4329522 kl=0.0008995272 consistency=0 lambda=0 beta=1 grad=334.995 horizon=440 lifetime=[464,1282] skipped=False
2026-08-30 22:30:17,421 | INFO | step=8660/20000 loss=-0.3657925 nll=-0.3684487 kl=0.002656199 consistency=0 lambda=0 beta=1 grad=94.46966 horizon=480 lifetime=[488,1834] skipped=False
2026-08-30 22:30:17,984 | INFO | step=8670/20000 loss=3.5906 nll=3.587906 kl=0.002693573 consistency=0 lambda=0 beta=1 grad=304.5963 horizon=180 lifetime=[334,1932] skipped=False
2026-08-30 22:30:18,498 | INFO | step=8680/20000 loss=-0.6378673 nll=-0.6389574 kl=0.00109008 consistency=0 lambda=0 beta=1 grad=30.90327 horizon=380 lifetime=[519,2154] skipped=False
2026-08-30 22:30:19,217 | INFO | step=8690/20000 loss=-0.4657831 nll=-0.4677589 kl=0.001975734 consistency=0 lambda=0 beta=1 grad=155.2628 horizon=600 lifetime=[665,1143] skipped=False
2026-08-30 22:30:19,773 | INFO | step=8700/20000 loss=-0.6655642 nll=-0.6679522 kl=0.002387993 consistency=0 lambda=0 beta=1 grad=201.6599 horizon=440 lifetime=[464,930] skipped=False
2026-08-30 22:30:20,338 | INFO | step=8710/20000 loss=1.567059 nll=1.564709 kl=0.00235061 consistency=0 lambda=0 beta=1 grad=316.7974 horizon=240 lifetime=[460,1932] skipped=False
2026-08-30 22:30:20,925 | INFO | step=8720/20000 loss=-1.164057 nll=-1.166372 kl=0.002315495 consistency=0 lambda=0 beta=1 grad=29.57201 horizon=260 lifetime=[428,933] skipped=False
2026-08-30 22:30:21,510 | INFO | step=8730/20000 loss=-0.8400537 nll=-0.841864 kl=0.001810249 consistency=0 lambda=0 beta=1 grad=38.64972 horizon=540 lifetime=[706,1045] skipped=False
2026-08-30 22:30:21,983 | INFO | step=8740/20000 loss=0.1981055 nll=0.195759 kl=0.002346553 consistency=0 lambda=0 beta=1 grad=127.1207 horizon=280 lifetime=[526,991] skipped=False
2026-08-30 22:30:22,393 | INFO | step=8750/20000 loss=-0.8321133 nll=-0.8333285 kl=0.001215138 consistency=0 lambda=0 beta=1 grad=75.20764 horizon=460 lifetime=[462,1081] skipped=False
2026-08-30 22:30:22,882 | INFO | step=8760/20000 loss=1.061836 nll=1.05887 kl=0.00296632 consistency=0 lambda=0 beta=1 grad=89.04279 horizon=100 lifetime=[467,1000] skipped=False
2026-08-30 22:30:23,442 | INFO | step=8770/20000 loss=-0.3311992 nll=-0.3323282 kl=0.00112896 consistency=0 lambda=0 beta=1 grad=86.02689 horizon=600 lifetime=[665,1282] skipped=False
2026-08-30 22:30:24,100 | INFO | step=8780/20000 loss=-0.4683236 nll=-0.4694102 kl=0.001086675 consistency=0 lambda=0 beta=1 grad=85.59481 horizon=360 lifetime=[462,1152] skipped=False
2026-08-30 22:30:24,609 | INFO | step=8790/20000 loss=-0.5226947 nll=-0.5252278 kl=0.002533093 consistency=0 lambda=0 beta=1 grad=21.45152 horizon=220 lifetime=[465,1081] skipped=False
2026-08-30 22:30:25,131 | INFO | step=8800/20000 loss=-0.9504313 nll=-0.9511707 kl=0.0007394552 consistency=0 lambda=0 beta=1 grad=57.16945 horizon=340 lifetime=[437,988] skipped=False
2026-08-30 22:30:25,662 | INFO | step=8810/20000 loss=-0.02724234 nll=-0.03243202 kl=0.00518968 consistency=0 lambda=0 beta=1 grad=183.5575 horizon=320 lifetime=[442,1858] skipped=False
2026-08-30 22:30:26,232 | INFO | step=8820/20000 loss=0.2013797 nll=0.2001991 kl=0.001180666 consistency=0 lambda=0 beta=1 grad=241.498 horizon=500 lifetime=[510,1282] skipped=False
2026-08-30 22:30:26,882 | INFO | step=8830/20000 loss=-0.1994551 nll=-0.2016606 kl=0.002205536 consistency=0 lambda=0 beta=1 grad=98.61953 horizon=360 lifetime=[477,1282] skipped=False
2026-08-30 22:30:27,595 | INFO | step=8840/20000 loss=-0.5153917 nll=-0.5165921 kl=0.001200367 consistency=0 lambda=0 beta=1 grad=52.85361 horizon=560 lifetime=[704,2154] skipped=False
2026-08-30 22:30:28,227 | INFO | step=8850/20000 loss=-0.5612054 nll=-0.5623348 kl=0.00112943 consistency=0 lambda=0 beta=1 grad=73.82513 horizon=360 lifetime=[428,991] skipped=False
2026-08-30 22:30:28,823 | INFO | step=8860/20000 loss=-0.3116505 nll=-0.313452 kl=0.001801539 consistency=0 lambda=0 beta=1 grad=123.5092 horizon=480 lifetime=[498,1834] skipped=False
2026-08-30 22:30:29,392 | INFO | step=8870/20000 loss=0.9728732 nll=0.9691361 kl=0.003737107 consistency=0 lambda=0 beta=1 grad=105.4838 horizon=80 lifetime=[480,2154] skipped=False
2026-08-30 22:30:29,950 | INFO | step=8880/20000 loss=-0.62186 nll=-0.6245068 kl=0.002646849 consistency=0 lambda=0 beta=1 grad=59.77668 horizon=200 lifetime=[462,988] skipped=False
2026-08-30 22:30:30,486 | INFO | step=8890/20000 loss=-0.7442078 nll=-0.7457938 kl=0.001586039 consistency=0 lambda=0 beta=1 grad=63.49315 horizon=400 lifetime=[453,1015] skipped=False
2026-08-30 22:30:31,075 | INFO | step=8900/20000 loss=-0.3059352 nll=-0.3087516 kl=0.00281642 consistency=0 lambda=0 beta=1 grad=129.241 horizon=300 lifetime=[512,942] skipped=False
2026-08-30 22:30:31,746 | INFO | step=8910/20000 loss=-0.3849898 nll=-0.3860952 kl=0.001105353 consistency=0 lambda=0 beta=1 grad=118.9448 horizon=540 lifetime=[614,1152] skipped=False
2026-08-30 22:30:32,366 | INFO | step=8920/20000 loss=-0.8801933 nll=-0.8815309 kl=0.001337651 consistency=0 lambda=0 beta=1 grad=50.07703 horizon=380 lifetime=[486,1015] skipped=False
2026-08-30 22:30:33,052 | INFO | step=8930/20000 loss=-0.06988767 nll=-0.07090574 kl=0.001018066 consistency=0 lambda=0 beta=1 grad=82.06647 horizon=340 lifetime=[462,2154] skipped=False
2026-08-30 22:30:33,644 | INFO | step=8940/20000 loss=0.09391932 nll=0.09284262 kl=0.0010767 consistency=0 lambda=0 beta=1 grad=236.3371 horizon=260 lifetime=[482,1932] skipped=False
2026-08-30 22:30:34,317 | INFO | step=8950/20000 loss=-0.5115955 nll=-0.5128183 kl=0.001222754 consistency=0 lambda=0 beta=1 grad=123.4263 horizon=340 lifetime=[428,887] skipped=False
2026-08-30 22:30:34,892 | INFO | step=8960/20000 loss=-0.5424181 nll=-0.5454211 kl=0.003003052 consistency=0 lambda=0 beta=1 grad=89.52272 horizon=580 lifetime=[786,1834] skipped=False
2026-08-30 22:30:35,475 | INFO | step=8970/20000 loss=-0.0525245 nll=-0.05442501 kl=0.001900507 consistency=0 lambda=0 beta=1 grad=84.76234 horizon=260 lifetime=[480,1143] skipped=False
2026-08-30 22:30:36,134 | INFO | step=8980/20000 loss=-0.4493016 nll=-0.4500487 kl=0.000747161 consistency=0 lambda=0 beta=1 grad=57.79364 horizon=220 lifetime=[428,933] skipped=False
2026-08-30 22:30:36,843 | INFO | step=8990/20000 loss=1.184805 nll=1.17913 kl=0.0056751 consistency=0 lambda=0 beta=1 grad=196.7384 horizon=140 lifetime=[493,1932] skipped=False
2026-08-30 22:30:38,580 | INFO | validation step=9000 rmse=144.1439 best=144.1439@9000 stale=0/10
2026-08-30 22:30:38,580 | INFO | step=9000/20000 loss=-0.2728608 nll=-0.2769752 kl=0.004114389 consistency=0 lambda=0 beta=1 grad=18.79334 horizon=180 lifetime=[477,1071] skipped=False
2026-08-30 22:30:39,304 | INFO | step=9010/20000 loss=-0.7451613 nll=-0.7462013 kl=0.001039968 consistency=0 lambda=0 beta=1 grad=112.6032 horizon=600 lifetime=[648,1081] skipped=False
2026-08-30 22:30:39,900 | INFO | step=9020/20000 loss=-1.039493 nll=-1.04051 kl=0.00101728 consistency=0 lambda=0 beta=1 grad=23.13193 horizon=340 lifetime=[477,942] skipped=False
2026-08-30 22:30:40,560 | INFO | step=9030/20000 loss=-0.7653596 nll=-0.7662417 kl=0.0008821024 consistency=0 lambda=0 beta=1 grad=196.4792 horizon=600 lifetime=[665,1143] skipped=False
2026-08-30 22:30:41,191 | INFO | step=9040/20000 loss=-0.06609897 nll=-0.06819809 kl=0.002099119 consistency=0 lambda=0 beta=1 grad=73.24709 horizon=120 lifetime=[455,872] skipped=False
2026-08-30 22:30:41,903 | INFO | step=9050/20000 loss=-0.6037568 nll=-0.6058667 kl=0.002109937 consistency=0 lambda=0 beta=1 grad=257.0843 horizon=520 lifetime=[557,930] skipped=False
2026-08-30 22:30:42,454 | INFO | step=9060/20000 loss=-1.101315 nll=-1.102916 kl=0.001600324 consistency=0 lambda=0 beta=1 grad=118.3226 horizon=600 lifetime=[614,991] skipped=False
2026-08-30 22:30:43,168 | INFO | step=9070/20000 loss=-1.025823 nll=-1.027187 kl=0.001363193 consistency=0 lambda=0 beta=1 grad=43.28147 horizon=600 lifetime=[704,1834] skipped=False
2026-08-30 22:30:43,595 | INFO | step=9080/20000 loss=-0.06852802 nll=-0.06933445 kl=0.0008064294 consistency=0 lambda=0 beta=1 grad=87.95918 horizon=240 lifetime=[477,1858] skipped=False
2026-08-30 22:30:44,160 | INFO | step=9090/20000 loss=0.5900539 nll=0.5867789 kl=0.003274934 consistency=0 lambda=0 beta=1 grad=336.7018 horizon=400 lifetime=[486,2154] skipped=False
2026-08-30 22:30:44,624 | INFO | step=9100/20000 loss=-0.3530957 nll=-0.3541341 kl=0.001038412 consistency=0 lambda=0 beta=1 grad=13.49639 horizon=300 lifetime=[460,1858] skipped=False
2026-08-30 22:30:45,201 | INFO | step=9110/20000 loss=-0.696893 nll=-0.6999296 kl=0.003036545 consistency=0 lambda=0 beta=1 grad=39.96461 horizon=400 lifetime=[453,1858] skipped=False
2026-08-30 22:30:45,707 | INFO | step=9120/20000 loss=-0.0806144 nll=-0.08655055 kl=0.005936142 consistency=0 lambda=0 beta=1 grad=110.8861 horizon=600 lifetime=[707,1081] skipped=False
2026-08-30 22:30:46,320 | INFO | step=9130/20000 loss=0.2388457 nll=0.2368718 kl=0.001973856 consistency=0 lambda=0 beta=1 grad=289.1538 horizon=540 lifetime=[700,1143] skipped=False
2026-08-30 22:30:46,844 | INFO | step=9140/20000 loss=-0.04748049 nll=-0.04879306 kl=0.001312571 consistency=0 lambda=0 beta=1 grad=58.82986 horizon=200 lifetime=[428,915] skipped=False
2026-08-30 22:30:47,521 | INFO | step=9150/20000 loss=-0.3720579 nll=-0.3735794 kl=0.001521564 consistency=0 lambda=0 beta=1 grad=189.6904 horizon=560 lifetime=[607,1143] skipped=False
2026-08-30 22:30:48,080 | INFO | step=9160/20000 loss=-0.6658491 nll=-0.669488 kl=0.003638893 consistency=0 lambda=0 beta=1 grad=68.07327 horizon=600 lifetime=[771,1932] skipped=False
2026-08-30 22:30:48,772 | INFO | step=9170/20000 loss=-0.340879 nll=-0.3416203 kl=0.0007413211 consistency=0 lambda=0 beta=1 grad=136.3038 horizon=440 lifetime=[453,1000] skipped=False
2026-08-30 22:30:49,432 | INFO | step=9180/20000 loss=-1.021317 nll=-1.022557 kl=0.001239724 consistency=0 lambda=0 beta=1 grad=122.9429 horizon=300 lifetime=[464,1045] skipped=False
2026-08-30 22:30:50,078 | INFO | step=9190/20000 loss=-0.8905936 nll=-0.8923881 kl=0.001794495 consistency=0 lambda=0 beta=1 grad=84.68315 horizon=520 lifetime=[526,1143] skipped=False
2026-08-30 22:30:50,655 | INFO | step=9200/20000 loss=-0.3769972 nll=-0.3776707 kl=0.0006734678 consistency=0 lambda=0 beta=1 grad=184.5096 horizon=580 lifetime=[677,1076] skipped=False
2026-08-30 22:30:51,256 | INFO | step=9210/20000 loss=0.008720472 nll=0.006065711 kl=0.002654761 consistency=0 lambda=0 beta=1 grad=11.68377 horizon=80 lifetime=[428,942] skipped=False
2026-08-30 22:30:51,919 | INFO | step=9220/20000 loss=-0.6819195 nll=-0.6834542 kl=0.001534702 consistency=0 lambda=0 beta=1 grad=54.22961 horizon=480 lifetime=[486,1143] skipped=False
2026-08-30 22:30:52,470 | INFO | step=9230/20000 loss=-0.2112211 nll=-0.2147194 kl=0.003498219 consistency=0 lambda=0 beta=1 grad=48.94453 horizon=140 lifetime=[443,1143] skipped=False
2026-08-30 22:30:53,171 | INFO | step=9240/20000 loss=-0.5357435 nll=-0.5366313 kl=0.000887882 consistency=0 lambda=0 beta=1 grad=85.53674 horizon=260 lifetime=[443,869] skipped=False
2026-08-30 22:30:53,682 | INFO | step=9250/20000 loss=-0.4057701 nll=-0.40703 kl=0.001259983 consistency=0 lambda=0 beta=1 grad=31.45424 horizon=140 lifetime=[488,1076] skipped=False
2026-08-30 22:30:54,261 | INFO | step=9260/20000 loss=0.5544469 nll=0.5523018 kl=0.002145156 consistency=0 lambda=0 beta=1 grad=87.26388 horizon=60 lifetime=[437,991] skipped=False
2026-08-30 22:30:54,875 | INFO | step=9270/20000 loss=0.1417927 nll=0.1406277 kl=0.00116501 consistency=0 lambda=0 beta=1 grad=68.61158 horizon=200 lifetime=[480,1143] skipped=False
2026-08-30 22:30:55,519 | INFO | step=9280/20000 loss=-0.8488532 nll=-0.8514899 kl=0.002636656 consistency=0 lambda=0 beta=1 grad=20.07364 horizon=260 lifetime=[467,913] skipped=False
2026-08-30 22:30:56,160 | INFO | step=9290/20000 loss=-0.2217106 nll=-0.2236019 kl=0.001891367 consistency=0 lambda=0 beta=1 grad=55.68268 horizon=120 lifetime=[455,1143] skipped=False
2026-08-30 22:30:56,731 | INFO | step=9300/20000 loss=0.314835 nll=0.3141661 kl=0.0006688833 consistency=0 lambda=0 beta=1 grad=165.3137 horizon=300 lifetime=[442,1007] skipped=False
2026-08-30 22:30:57,318 | INFO | step=9310/20000 loss=-0.4481051 nll=-0.4490096 kl=0.0009045526 consistency=0 lambda=0 beta=1 grad=35.46065 horizon=200 lifetime=[518,1143] skipped=False
2026-08-30 22:30:57,995 | INFO | step=9320/20000 loss=-0.4209586 nll=-0.4231841 kl=0.002225526 consistency=0 lambda=0 beta=1 grad=157.0496 horizon=600 lifetime=[622,1858] skipped=False
2026-08-30 22:30:58,668 | INFO | step=9330/20000 loss=-0.7593862 nll=-0.7611015 kl=0.001715243 consistency=0 lambda=0 beta=1 grad=20.96024 horizon=160 lifetime=[455,942] skipped=False
2026-08-30 22:30:59,225 | INFO | step=9340/20000 loss=0.134558 nll=0.1302813 kl=0.004276689 consistency=0 lambda=0 beta=1 grad=106.8572 horizon=240 lifetime=[428,1071] skipped=False
2026-08-30 22:30:59,884 | INFO | step=9350/20000 loss=-0.7561241 nll=-0.7573606 kl=0.001236495 consistency=0 lambda=0 beta=1 grad=43.40922 horizon=420 lifetime=[498,1015] skipped=False
2026-08-30 22:31:00,508 | INFO | step=9360/20000 loss=-0.6798397 nll=-0.6817998 kl=0.001960047 consistency=0 lambda=0 beta=1 grad=64.20749 horizon=400 lifetime=[488,1052] skipped=False
2026-08-30 22:31:01,081 | INFO | step=9370/20000 loss=-0.03427302 nll=-0.03626946 kl=0.001996439 consistency=0 lambda=0 beta=1 grad=123.7884 horizon=380 lifetime=[443,1071] skipped=False
2026-08-30 22:31:01,692 | INFO | step=9380/20000 loss=-0.49102 nll=-0.4919581 kl=0.0009381175 consistency=0 lambda=0 beta=1 grad=22.25822 horizon=140 lifetime=[453,887] skipped=False
2026-08-30 22:31:02,340 | INFO | step=9390/20000 loss=0.9677255 nll=0.9664701 kl=0.001255311 consistency=0 lambda=0 beta=1 grad=139.8838 horizon=160 lifetime=[460,1858] skipped=False
2026-08-30 22:31:03,015 | INFO | step=9400/20000 loss=0.6808894 nll=0.6788377 kl=0.002051689 consistency=0 lambda=0 beta=1 grad=113.6318 horizon=140 lifetime=[455,1858] skipped=False
2026-08-30 22:31:03,645 | INFO | step=9410/20000 loss=-0.3794436 nll=-0.3831429 kl=0.00369931 consistency=0 lambda=0 beta=1 grad=48.95414 horizon=320 lifetime=[462,1282] skipped=False
2026-08-30 22:31:04,217 | INFO | step=9420/20000 loss=-0.8685716 nll=-0.8710245 kl=0.002452899 consistency=0 lambda=0 beta=1 grad=109.8903 horizon=360 lifetime=[462,906] skipped=False
2026-08-30 22:31:04,778 | INFO | step=9430/20000 loss=-0.7626674 nll=-0.7639708 kl=0.001303423 consistency=0 lambda=0 beta=1 grad=94.44829 horizon=320 lifetime=[442,2154] skipped=False
2026-08-30 22:31:05,301 | INFO | step=9440/20000 loss=-0.5352944 nll=-0.5361182 kl=0.0008238256 consistency=0 lambda=0 beta=1 grad=32.18559 horizon=220 lifetime=[442,915] skipped=False
2026-08-30 22:31:05,918 | INFO | step=9450/20000 loss=-0.235778 nll=-0.2378075 kl=0.002029441 consistency=0 lambda=0 beta=1 grad=36.0423 horizon=220 lifetime=[488,991] skipped=False
2026-08-30 22:31:06,480 | INFO | step=9460/20000 loss=0.9053074 nll=0.9020097 kl=0.003297687 consistency=0 lambda=0 beta=1 grad=36.41397 horizon=120 lifetime=[443,1015] skipped=False
2026-08-30 22:31:07,009 | INFO | step=9470/20000 loss=-0.5531569 nll=-0.5555912 kl=0.002434336 consistency=0 lambda=0 beta=1 grad=67.34394 horizon=220 lifetime=[428,2154] skipped=False
2026-08-30 22:31:07,566 | INFO | step=9480/20000 loss=0.5829035 nll=0.5810193 kl=0.001884237 consistency=0 lambda=0 beta=1 grad=87.27313 horizon=120 lifetime=[497,915] skipped=False
2026-08-30 22:31:08,287 | INFO | step=9490/20000 loss=-0.2151604 nll=-0.2162861 kl=0.001125671 consistency=0 lambda=0 beta=1 grad=81.56877 horizon=280 lifetime=[519,1076] skipped=False
2026-08-30 22:31:10,036 | INFO | validation step=9500 rmse=136.678 best=136.678@9500 stale=0/10
2026-08-30 22:31:10,036 | INFO | step=9500/20000 loss=-0.8361945 nll=-0.8381374 kl=0.001943 consistency=0 lambda=0 beta=1 grad=58.08659 horizon=360 lifetime=[462,1076] skipped=False
2026-08-30 22:31:10,659 | INFO | step=9510/20000 loss=-0.8250815 nll=-0.8279279 kl=0.00284645 consistency=0 lambda=0 beta=1 grad=76.76116 horizon=400 lifetime=[456,828] skipped=False
2026-08-30 22:31:11,294 | INFO | step=9520/20000 loss=-0.809033 nll=-0.811375 kl=0.002342045 consistency=0 lambda=0 beta=1 grad=51.46007 horizon=500 lifetime=[539,1076] skipped=False
2026-08-30 22:31:11,923 | INFO | step=9530/20000 loss=0.001098109 nll=-0.002235802 kl=0.003333911 consistency=0 lambda=0 beta=1 grad=61.28843 horizon=180 lifetime=[534,2154] skipped=False
2026-08-30 22:31:12,468 | INFO | step=9540/20000 loss=-0.1567562 nll=-0.1581143 kl=0.001358114 consistency=0 lambda=0 beta=1 grad=149.94 horizon=400 lifetime=[494,1932] skipped=False
2026-08-30 22:31:13,023 | INFO | step=9550/20000 loss=1.210099 nll=1.20793 kl=0.002169073 consistency=0 lambda=0 beta=1 grad=117.9642 horizon=60 lifetime=[428,1081] skipped=False
2026-08-30 22:31:13,660 | INFO | step=9560/20000 loss=-0.1250301 nll=-0.1326179 kl=0.007587776 consistency=0 lambda=0 beta=1 grad=108.8177 horizon=260 lifetime=[334,1045] skipped=False
2026-08-30 22:31:14,318 | INFO | step=9570/20000 loss=-1.188848 nll=-1.190247 kl=0.001399361 consistency=0 lambda=0 beta=1 grad=122.3773 horizon=380 lifetime=[442,1076] skipped=False
2026-08-30 22:31:14,893 | INFO | step=9580/20000 loss=-0.4533747 nll=-0.4543816 kl=0.001006916 consistency=0 lambda=0 beta=1 grad=127.9234 horizon=260 lifetime=[488,1045] skipped=False
2026-08-30 22:31:15,410 | INFO | step=9590/20000 loss=0.450233 nll=0.4473318 kl=0.002901107 consistency=0 lambda=0 beta=1 grad=21.23059 horizon=60 lifetime=[480,1052] skipped=False
2026-08-30 22:31:15,895 | INFO | step=9600/20000 loss=-0.6185334 nll=-0.620734 kl=0.002200589 consistency=0 lambda=0 beta=1 grad=71.48994 horizon=300 lifetime=[428,906] skipped=False
2026-08-30 22:31:16,576 | INFO | step=9610/20000 loss=-0.722058 nll=-0.7240537 kl=0.001995742 consistency=0 lambda=0 beta=1 grad=20.14501 horizon=160 lifetime=[557,921] skipped=False
2026-08-30 22:31:17,232 | INFO | step=9620/20000 loss=-0.2457133 nll=-0.2481268 kl=0.002413541 consistency=0 lambda=0 beta=1 grad=13.54096 horizon=120 lifetime=[428,1076] skipped=False
2026-08-30 22:31:17,763 | INFO | step=9630/20000 loss=-0.4773493 nll=-0.4784539 kl=0.001104623 consistency=0 lambda=0 beta=1 grad=15.47708 horizon=280 lifetime=[486,1049] skipped=False
2026-08-30 22:31:18,356 | INFO | step=9640/20000 loss=0.653401 nll=0.6516907 kl=0.001710251 consistency=0 lambda=0 beta=1 grad=34.796 horizon=80 lifetime=[480,1015] skipped=False
2026-08-30 22:31:18,950 | INFO | step=9650/20000 loss=-0.8723907 nll=-0.8809463 kl=0.008555509 consistency=0 lambda=0 beta=1 grad=105.2427 horizon=540 lifetime=[559,991] skipped=False
2026-08-30 22:31:19,547 | INFO | step=9660/20000 loss=-1.146553 nll=-1.147533 kl=0.0009799749 consistency=0 lambda=0 beta=1 grad=31.76392 horizon=340 lifetime=[493,921] skipped=False
2026-08-30 22:31:19,967 | INFO | step=9670/20000 loss=0.4451706 nll=0.4424468 kl=0.002723783 consistency=0 lambda=0 beta=1 grad=29.37685 horizon=80 lifetime=[147,1045] skipped=False
2026-08-30 22:31:20,611 | INFO | step=9680/20000 loss=-0.4457173 nll=-0.4473467 kl=0.001629405 consistency=0 lambda=0 beta=1 grad=94.88027 horizon=480 lifetime=[700,2154] skipped=False
2026-08-30 22:31:21,189 | INFO | step=9690/20000 loss=-0.7196743 nll=-0.7210256 kl=0.001351282 consistency=0 lambda=0 beta=1 grad=18.12722 horizon=240 lifetime=[462,1081] skipped=False
2026-08-30 22:31:21,720 | INFO | step=9700/20000 loss=-0.6949908 nll=-0.697385 kl=0.002394184 consistency=0 lambda=0 beta=1 grad=65.70031 horizon=440 lifetime=[498,2154] skipped=False
2026-08-30 22:31:22,070 | INFO | step=9710/20000 loss=1.14132 nll=1.138077 kl=0.003243461 consistency=0 lambda=0 beta=1 grad=63.56951 horizon=60 lifetime=[467,2154] skipped=False
2026-08-30 22:31:22,609 | INFO | step=9720/20000 loss=0.852191 nll=0.8507685 kl=0.001422495 consistency=0 lambda=0 beta=1 grad=188.7858 horizon=160 lifetime=[465,2154] skipped=False
2026-08-30 22:31:23,213 | INFO | step=9730/20000 loss=1.098005 nll=1.095364 kl=0.002641007 consistency=0 lambda=0 beta=1 grad=51.98249 horizon=80 lifetime=[494,1282] skipped=False
2026-08-30 22:31:23,804 | INFO | step=9740/20000 loss=-0.8872116 nll=-0.888472 kl=0.001260333 consistency=0 lambda=0 beta=1 grad=41.56872 horizon=400 lifetime=[455,1015] skipped=False
2026-08-30 22:31:24,418 | INFO | step=9750/20000 loss=-0.4180578 nll=-0.4213849 kl=0.003327064 consistency=0 lambda=0 beta=1 grad=111.1837 horizon=340 lifetime=[510,1052] skipped=False
2026-08-30 22:31:25,019 | INFO | step=9760/20000 loss=-0.6887817 nll=-0.6923251 kl=0.003543459 consistency=0 lambda=0 beta=1 grad=91.92026 horizon=440 lifetime=[500,1282] skipped=False
2026-08-30 22:31:25,616 | INFO | step=9770/20000 loss=-0.2886986 nll=-0.290156 kl=0.001457468 consistency=0 lambda=0 beta=1 grad=244.8762 horizon=520 lifetime=[700,921] skipped=False
2026-08-30 22:31:26,270 | INFO | step=9780/20000 loss=0.2990983 nll=0.2959359 kl=0.003162473 consistency=0 lambda=0 beta=1 grad=127.0442 horizon=180 lifetime=[442,1834] skipped=False
2026-08-30 22:31:26,878 | INFO | step=9790/20000 loss=-0.2558815 nll=-0.2567762 kl=0.0008946881 consistency=0 lambda=0 beta=1 grad=35.93495 horizon=340 lifetime=[622,1834] skipped=False
2026-08-30 22:31:27,401 | INFO | step=9800/20000 loss=-0.232707 nll=-0.2354777 kl=0.002770707 consistency=0 lambda=0 beta=1 grad=60.44875 horizon=220 lifetime=[462,1834] skipped=False
2026-08-30 22:31:28,017 | INFO | step=9810/20000 loss=-0.247433 nll=-0.2508813 kl=0.003448352 consistency=0 lambda=0 beta=1 grad=24.10604 horizon=500 lifetime=[533,2154] skipped=False
2026-08-30 22:31:28,469 | INFO | step=9820/20000 loss=0.3827666 nll=0.3812669 kl=0.001499683 consistency=0 lambda=0 beta=1 grad=93.68618 horizon=160 lifetime=[539,1282] skipped=False
2026-08-30 22:31:29,076 | INFO | step=9830/20000 loss=-0.1279535 nll=-0.1290835 kl=0.001129985 consistency=0 lambda=0 beta=1 grad=53.17594 horizon=140 lifetime=[505,1143] skipped=False
2026-08-30 22:31:29,723 | INFO | step=9840/20000 loss=-0.9629164 nll=-0.9648476 kl=0.001931205 consistency=0 lambda=0 beta=1 grad=68.73831 horizon=520 lifetime=[534,1143] skipped=False
2026-08-30 22:31:30,257 | INFO | step=9850/20000 loss=-0.6675716 nll=-0.6695906 kl=0.002018996 consistency=0 lambda=0 beta=1 grad=55.22025 horizon=420 lifetime=[482,909] skipped=False
2026-08-30 22:31:30,980 | INFO | step=9860/20000 loss=-1.294685 nll=-1.297506 kl=0.0028207 consistency=0 lambda=0 beta=1 grad=38.92654 horizon=400 lifetime=[442,871] skipped=False
2026-08-30 22:31:31,602 | INFO | step=9870/20000 loss=-0.6235594 nll=-0.6266017 kl=0.003042296 consistency=0 lambda=0 beta=1 grad=100.9277 horizon=380 lifetime=[428,1049] skipped=False
2026-08-30 22:31:32,130 | INFO | step=9880/20000 loss=-0.1329685 nll=-0.134049 kl=0.001080588 consistency=0 lambda=0 beta=1 grad=57.19514 horizon=120 lifetime=[443,1049] skipped=False
2026-08-30 22:31:32,694 | INFO | step=9890/20000 loss=-1.126496 nll=-1.127956 kl=0.001459576 consistency=0 lambda=0 beta=1 grad=78.1493 horizon=340 lifetime=[437,913] skipped=False
2026-08-30 22:31:33,183 | INFO | step=9900/20000 loss=-0.3057554 nll=-0.309589 kl=0.003833592 consistency=0 lambda=0 beta=1 grad=22.47746 horizon=80 lifetime=[428,863] skipped=False
2026-08-30 22:31:33,846 | INFO | step=9910/20000 loss=-0.3039087 nll=-0.3055679 kl=0.001659192 consistency=0 lambda=0 beta=1 grad=105.6221 horizon=360 lifetime=[462,1015] skipped=False
2026-08-30 22:31:34,440 | INFO | step=9920/20000 loss=-0.3107642 nll=-0.3136255 kl=0.002861254 consistency=0 lambda=0 beta=1 grad=45.00938 horizon=360 lifetime=[455,991] skipped=False
2026-08-30 22:31:35,076 | INFO | step=9930/20000 loss=-0.6737404 nll=-0.6783346 kl=0.004594237 consistency=0 lambda=0 beta=1 grad=106.616 horizon=580 lifetime=[687,1858] skipped=False
2026-08-30 22:31:35,591 | INFO | step=9940/20000 loss=-0.2407416 nll=-0.241755 kl=0.001013409 consistency=0 lambda=0 beta=1 grad=352.8986 horizon=460 lifetime=[488,909] skipped=False
2026-08-30 22:31:36,154 | INFO | step=9950/20000 loss=-0.3074903 nll=-0.3088654 kl=0.001375034 consistency=0 lambda=0 beta=1 grad=119.7971 horizon=600 lifetime=[742,1932] skipped=False
2026-08-30 22:31:36,720 | INFO | step=9960/20000 loss=0.1745697 nll=0.1732407 kl=0.001329005 consistency=0 lambda=0 beta=1 grad=22.05393 horizon=160 lifetime=[442,1081] skipped=False
2026-08-30 22:31:37,338 | INFO | step=9970/20000 loss=-1.115152 nll=-1.116249 kl=0.001097593 consistency=0 lambda=0 beta=1 grad=21.69156 horizon=600 lifetime=[614,1143] skipped=False
2026-08-30 22:31:37,984 | INFO | step=9980/20000 loss=0.04050198 nll=0.03950661 kl=0.0009953678 consistency=0 lambda=0 beta=1 grad=264.5603 horizon=500 lifetime=[518,1932] skipped=False
2026-08-30 22:31:38,571 | INFO | step=9990/20000 loss=-1.045744 nll=-1.047478 kl=0.001733325 consistency=0 lambda=0 beta=1 grad=232.5509 horizon=520 lifetime=[533,1858] skipped=False
2026-08-30 22:31:40,263 | INFO | validation step=10000 rmse=136.6827 best=136.678@9500 stale=1/10
2026-08-30 22:31:40,263 | INFO | step=10000/20000 loss=-0.6226637 nll=-0.6245644 kl=0.001900673 consistency=0 lambda=0 beta=1 grad=140.8085 horizon=360 lifetime=[453,1858] skipped=False
2026-08-30 22:31:40,895 | INFO | step=10010/20000 loss=0.1434313 nll=0.1415826 kl=0.001848623 consistency=0 lambda=0 beta=1 grad=111.1897 horizon=200 lifetime=[334,1932] skipped=False
2026-08-30 22:31:41,490 | INFO | step=10020/20000 loss=-0.574869 nll=-0.5763848 kl=0.001515806 consistency=0 lambda=0 beta=1 grad=41.12535 horizon=280 lifetime=[533,1049] skipped=False
2026-08-30 22:31:42,101 | INFO | step=10030/20000 loss=-0.6268604 nll=-0.6277755 kl=0.0009151101 consistency=0 lambda=0 beta=1 grad=90.71449 horizon=360 lifetime=[482,1000] skipped=False
2026-08-30 22:31:42,708 | INFO | step=10040/20000 loss=-0.7032729 nll=-0.7050889 kl=0.001815967 consistency=0 lambda=0 beta=1 grad=72.37544 horizon=400 lifetime=[518,1834] skipped=False
2026-08-30 22:31:43,300 | INFO | step=10050/20000 loss=0.3944815 nll=0.3920247 kl=0.002456881 consistency=0 lambda=0 beta=1 grad=60.63357 horizon=180 lifetime=[443,942] skipped=False
2026-08-30 22:31:44,065 | INFO | step=10060/20000 loss=-0.1153206 nll=-0.1182775 kl=0.00295689 consistency=0 lambda=0 beta=1 grad=222.0978 horizon=580 lifetime=[656,915] skipped=False
2026-08-30 22:31:44,560 | INFO | step=10070/20000 loss=-0.7489974 nll=-0.7511759 kl=0.00217846 consistency=0 lambda=0 beta=1 grad=76.1461 horizon=280 lifetime=[428,913] skipped=False
2026-08-30 22:31:45,114 | INFO | step=10080/20000 loss=-0.4581638 nll=-0.4604656 kl=0.002301767 consistency=0 lambda=0 beta=1 grad=9.971383 horizon=140 lifetime=[464,874] skipped=False
2026-08-30 22:31:45,743 | INFO | step=10090/20000 loss=-0.2198122 nll=-0.221458 kl=0.001645766 consistency=0 lambda=0 beta=1 grad=106.3487 horizon=600 lifetime=[687,2154] skipped=False
2026-08-30 22:31:46,269 | INFO | step=10100/20000 loss=0.08407317 nll=0.08354482 kl=0.0005283505 consistency=0 lambda=0 beta=1 grad=147.0874 horizon=240 lifetime=[460,1000] skipped=False
2026-08-30 22:31:46,871 | INFO | step=10110/20000 loss=0.3871685 nll=0.3862559 kl=0.0009125099 consistency=0 lambda=0 beta=1 grad=258.6009 horizon=480 lifetime=[497,1834] skipped=False
2026-08-30 22:31:47,446 | INFO | step=10120/20000 loss=-0.1881423 nll=-0.1902115 kl=0.002069205 consistency=0 lambda=0 beta=1 grad=166.4213 horizon=280 lifetime=[460,869] skipped=False
2026-08-30 22:31:48,120 | INFO | step=10130/20000 loss=-0.3457979 nll=-0.3512292 kl=0.005431339 consistency=0 lambda=0 beta=1 grad=64.39133 horizon=220 lifetime=[477,2154] skipped=False
2026-08-30 22:31:48,662 | INFO | step=10140/20000 loss=-0.6894828 nll=-0.6922033 kl=0.002720483 consistency=0 lambda=0 beta=1 grad=82.60516 horizon=580 lifetime=[656,1834] skipped=False
2026-08-30 22:31:49,289 | INFO | step=10150/20000 loss=-0.500998 nll=-0.5017341 kl=0.000736028 consistency=0 lambda=0 beta=1 grad=100.1119 horizon=400 lifetime=[607,2154] skipped=False
2026-08-30 22:31:49,916 | INFO | step=10160/20000 loss=-1.161819 nll=-1.164574 kl=0.002755351 consistency=0 lambda=0 beta=1 grad=192.1889 horizon=400 lifetime=[455,863] skipped=False
2026-08-30 22:31:50,563 | INFO | step=10170/20000 loss=-0.9554384 nll=-0.9574629 kl=0.002024479 consistency=0 lambda=0 beta=1 grad=57.28154 horizon=440 lifetime=[500,1143] skipped=False
2026-08-30 22:31:51,019 | INFO | step=10180/20000 loss=0.6197252 nll=0.6174576 kl=0.002267577 consistency=0 lambda=0 beta=1 grad=105.4696 horizon=100 lifetime=[460,1932] skipped=False
2026-08-30 22:31:51,581 | INFO | step=10190/20000 loss=0.5635263 nll=0.560917 kl=0.002609313 consistency=0 lambda=0 beta=1 grad=64.76794 horizon=120 lifetime=[453,1932] skipped=False
2026-08-30 22:31:52,167 | INFO | step=10200/20000 loss=-0.3568724 nll=-0.3573809 kl=0.0005085394 consistency=0 lambda=0 beta=1 grad=136.2779 horizon=380 lifetime=[428,1049] skipped=False
2026-08-30 22:31:52,896 | INFO | step=10210/20000 loss=-0.3604675 nll=-0.3615929 kl=0.00112547 consistency=0 lambda=0 beta=1 grad=71.06764 horizon=300 lifetime=[510,1834] skipped=False
2026-08-30 22:31:53,494 | INFO | step=10220/20000 loss=-0.1358645 nll=-0.1370078 kl=0.001143321 consistency=0 lambda=0 beta=1 grad=14.82692 horizon=120 lifetime=[498,909] skipped=False
2026-08-30 22:31:53,953 | INFO | step=10230/20000 loss=-0.4542143 nll=-0.4570948 kl=0.002880558 consistency=0 lambda=0 beta=1 grad=16.98643 horizon=120 lifetime=[334,1282] skipped=False
2026-08-30 22:31:54,671 | INFO | step=10240/20000 loss=-0.6763052 nll=-0.6797377 kl=0.003432512 consistency=0 lambda=0 beta=1 grad=94.22787 horizon=400 lifetime=[428,1858] skipped=False
2026-08-30 22:31:55,232 | INFO | step=10250/20000 loss=-1.047878 nll=-1.050091 kl=0.002212748 consistency=0 lambda=0 beta=1 grad=36.59098 horizon=440 lifetime=[505,915] skipped=False
2026-08-30 22:31:55,885 | INFO | step=10260/20000 loss=-0.9351826 nll=-0.9367837 kl=0.001601189 consistency=0 lambda=0 beta=1 grad=183.193 horizon=400 lifetime=[428,826] skipped=False
2026-08-30 22:31:56,473 | INFO | step=10270/20000 loss=0.1907158 nll=0.1878492 kl=0.002866611 consistency=0 lambda=0 beta=1 grad=37.40367 horizon=140 lifetime=[460,2154] skipped=False
2026-08-30 22:31:57,197 | INFO | step=10280/20000 loss=-0.1436717 nll=-0.1444032 kl=0.0007315427 consistency=0 lambda=0 beta=1 grad=163.2002 horizon=260 lifetime=[443,1282] skipped=False
2026-08-30 22:31:57,958 | INFO | step=10290/20000 loss=-0.603559 nll=-0.6052573 kl=0.001698293 consistency=0 lambda=0 beta=1 grad=145.1124 horizon=400 lifetime=[428,1834] skipped=False
2026-08-30 22:31:58,481 | INFO | step=10300/20000 loss=-0.7712335 nll=-0.7723132 kl=0.001079679 consistency=0 lambda=0 beta=1 grad=63.57479 horizon=540 lifetime=[614,1152] skipped=False
2026-08-30 22:31:58,981 | INFO | step=10310/20000 loss=-1.193682 nll=-1.194973 kl=0.001290821 consistency=0 lambda=0 beta=1 grad=16.76686 horizon=380 lifetime=[486,1071] skipped=False
2026-08-30 22:31:59,550 | INFO | step=10320/20000 loss=0.5580349 nll=0.5560434 kl=0.00199151 consistency=0 lambda=0 beta=1 grad=40.82685 horizon=80 lifetime=[453,1858] skipped=False
2026-08-30 22:32:00,042 | INFO | step=10330/20000 loss=0.4057988 nll=0.4040703 kl=0.001728475 consistency=0 lambda=0 beta=1 grad=36.00469 horizon=100 lifetime=[443,1045] skipped=False
2026-08-30 22:32:00,546 | INFO | step=10340/20000 loss=1.099084 nll=1.095983 kl=0.00310038 consistency=0 lambda=0 beta=1 grad=208.1475 horizon=320 lifetime=[428,1143] skipped=False
2026-08-30 22:32:01,110 | INFO | step=10350/20000 loss=-0.3851823 nll=-0.3862105 kl=0.001028143 consistency=0 lambda=0 beta=1 grad=41.74542 horizon=240 lifetime=[437,1858] skipped=False
2026-08-30 22:32:01,651 | INFO | step=10360/20000 loss=-0.1194853 nll=-0.1213266 kl=0.001841329 consistency=0 lambda=0 beta=1 grad=70.14534 horizon=60 lifetime=[456,872] skipped=False
2026-08-30 22:32:02,359 | INFO | step=10370/20000 loss=-0.5190704 nll=-0.5214056 kl=0.002335221 consistency=0 lambda=0 beta=1 grad=18.49513 horizon=140 lifetime=[480,875] skipped=False
2026-08-30 22:32:02,986 | INFO | step=10380/20000 loss=0.03821262 nll=0.03689555 kl=0.001317069 consistency=0 lambda=0 beta=1 grad=57.44782 horizon=240 lifetime=[334,2154] skipped=False
2026-08-30 22:32:03,569 | INFO | step=10390/20000 loss=0.3743512 nll=0.3707165 kl=0.003634773 consistency=0 lambda=0 beta=1 grad=47.66557 horizon=60 lifetime=[442,1834] skipped=False
2026-08-30 22:32:04,244 | INFO | step=10400/20000 loss=0.1975152 nll=0.1964374 kl=0.001077794 consistency=0 lambda=0 beta=1 grad=38.07556 horizon=120 lifetime=[534,1834] skipped=False
2026-08-30 22:32:04,854 | INFO | step=10410/20000 loss=-0.9810129 nll=-0.9821846 kl=0.001171678 consistency=0 lambda=0 beta=1 grad=166.9 horizon=420 lifetime=[480,1152] skipped=False
2026-08-30 22:32:05,322 | INFO | step=10420/20000 loss=-0.5298587 nll=-0.5325533 kl=0.002694607 consistency=0 lambda=0 beta=1 grad=89.41132 horizon=320 lifetime=[443,991] skipped=False
2026-08-30 22:32:05,921 | INFO | step=10430/20000 loss=0.1394727 nll=0.1367627 kl=0.00271 consistency=0 lambda=0 beta=1 grad=76.4217 horizon=220 lifetime=[482,1858] skipped=False
2026-08-30 22:32:06,608 | INFO | step=10440/20000 loss=-1.005988 nll=-1.008846 kl=0.00285843 consistency=0 lambda=0 beta=1 grad=32.73171 horizon=540 lifetime=[777,1834] skipped=False
2026-08-30 22:32:07,237 | INFO | step=10450/20000 loss=-0.009899974 nll=-0.01465744 kl=0.004757464 consistency=0 lambda=0 beta=1 grad=49.1424 horizon=100 lifetime=[455,1858] skipped=False
2026-08-30 22:32:07,872 | INFO | step=10460/20000 loss=-0.5407589 nll=-0.5418198 kl=0.001060888 consistency=0 lambda=0 beta=1 grad=178.4272 horizon=540 lifetime=[648,1081] skipped=False
2026-08-30 22:32:08,565 | INFO | step=10470/20000 loss=-0.902374 nll=-0.9031233 kl=0.0007492304 consistency=0 lambda=0 beta=1 grad=102.4939 horizon=360 lifetime=[467,1071] skipped=False
2026-08-30 22:32:09,144 | INFO | step=10480/20000 loss=-0.6070318 nll=-0.6086667 kl=0.001634844 consistency=0 lambda=0 beta=1 grad=33.83093 horizon=360 lifetime=[498,1081] skipped=False
2026-08-30 22:32:09,890 | INFO | step=10490/20000 loss=-0.3762353 nll=-0.3798341 kl=0.003598712 consistency=0 lambda=0 beta=1 grad=147.1884 horizon=600 lifetime=[656,1143] skipped=False
2026-08-30 22:32:11,459 | INFO | validation step=10500 rmse=133.3291 best=133.3291@10500 stale=0/10
2026-08-30 22:32:11,460 | INFO | step=10500/20000 loss=0.3418227 nll=0.3411764 kl=0.0006462932 consistency=0 lambda=0 beta=1 grad=31.46666 horizon=200 lifetime=[442,1045] skipped=False
2026-08-30 22:32:12,136 | INFO | step=10510/20000 loss=-0.9514455 nll=-0.9529636 kl=0.001518153 consistency=0 lambda=0 beta=1 grad=24.30527 horizon=580 lifetime=[633,1858] skipped=False
2026-08-30 22:32:12,775 | INFO | step=10520/20000 loss=-0.1210081 nll=-0.1219167 kl=0.0009085611 consistency=0 lambda=0 beta=1 grad=72.30663 horizon=600 lifetime=[773,1143] skipped=False
2026-08-30 22:32:13,302 | INFO | step=10530/20000 loss=0.1820967 nll=0.1811721 kl=0.0009246767 consistency=0 lambda=0 beta=1 grad=60.76706 horizon=180 lifetime=[437,1049] skipped=False
2026-08-30 22:32:13,878 | INFO | step=10540/20000 loss=-1.352874 nll=-1.354016 kl=0.001142144 consistency=0 lambda=0 beta=1 grad=43.91353 horizon=220 lifetime=[437,784] skipped=False
2026-08-30 22:32:14,599 | INFO | step=10550/20000 loss=-0.2124254 nll=-0.2142614 kl=0.001835942 consistency=0 lambda=0 beta=1 grad=280.922 horizon=340 lifetime=[455,1834] skipped=False
2026-08-30 22:32:15,172 | INFO | step=10560/20000 loss=-0.6619304 nll=-0.6647441 kl=0.002813689 consistency=0 lambda=0 beta=1 grad=213.48 horizon=500 lifetime=[512,1282] skipped=False
2026-08-30 22:32:15,677 | INFO | step=10570/20000 loss=-0.254934 nll=-0.2562161 kl=0.001282126 consistency=0 lambda=0 beta=1 grad=21.34977 horizon=120 lifetime=[453,1081] skipped=False
2026-08-30 22:32:16,186 | INFO | step=10580/20000 loss=-0.870737 nll=-0.872528 kl=0.001790941 consistency=0 lambda=0 beta=1 grad=41.42727 horizon=200 lifetime=[442,1052] skipped=False
2026-08-30 22:32:16,797 | INFO | step=10590/20000 loss=-1.016082 nll=-1.017005 kl=0.0009232387 consistency=0 lambda=0 beta=1 grad=93.55416 horizon=420 lifetime=[428,856] skipped=False
2026-08-30 22:32:17,273 | INFO | step=10600/20000 loss=-0.021068 nll=-0.02370979 kl=0.00264179 consistency=0 lambda=0 beta=1 grad=49.96917 horizon=280 lifetime=[707,1282] skipped=False
2026-08-30 22:32:17,876 | INFO | step=10610/20000 loss=-1.296148 nll=-1.298382 kl=0.002234235 consistency=0 lambda=0 beta=1 grad=72.74055 horizon=540 lifetime=[622,877] skipped=False
2026-08-30 22:32:18,406 | INFO | step=10620/20000 loss=0.5839431 nll=0.5810264 kl=0.002916627 consistency=0 lambda=0 beta=1 grad=113.9861 horizon=80 lifetime=[428,863] skipped=False
2026-08-30 22:32:18,878 | INFO | step=10630/20000 loss=-0.3719618 nll=-0.3731899 kl=0.001228169 consistency=0 lambda=0 beta=1 grad=15.80012 horizon=220 lifetime=[462,1081] skipped=False
2026-08-30 22:32:19,446 | INFO | step=10640/20000 loss=-0.6320142 nll=-0.6332426 kl=0.001228407 consistency=0 lambda=0 beta=1 grad=196.6935 horizon=520 lifetime=[534,1932] skipped=False
2026-08-30 22:32:20,031 | INFO | step=10650/20000 loss=-0.525955 nll=-0.5298255 kl=0.003870569 consistency=0 lambda=0 beta=1 grad=34.27351 horizon=340 lifetime=[486,1081] skipped=False
2026-08-30 22:32:20,708 | INFO | step=10660/20000 loss=-0.7450668 nll=-0.745593 kl=0.0005261675 consistency=0 lambda=0 beta=1 grad=92.52615 horizon=360 lifetime=[467,1007] skipped=False
2026-08-30 22:32:21,327 | INFO | step=10670/20000 loss=-0.826549 nll=-0.8276724 kl=0.001123384 consistency=0 lambda=0 beta=1 grad=60.11668 horizon=340 lifetime=[437,1932] skipped=False
2026-08-30 22:32:21,864 | INFO | step=10680/20000 loss=-0.4980018 nll=-0.4986484 kl=0.000646688 consistency=0 lambda=0 beta=1 grad=90.64036 horizon=300 lifetime=[477,1076] skipped=False
2026-08-30 22:32:22,417 | INFO | step=10690/20000 loss=-0.211144 nll=-0.2122473 kl=0.001103342 consistency=0 lambda=0 beta=1 grad=32.34424 horizon=140 lifetime=[455,942] skipped=False
2026-08-30 22:32:23,105 | INFO | step=10700/20000 loss=-1.11545 nll=-1.116431 kl=0.0009808764 consistency=0 lambda=0 beta=1 grad=15.46635 horizon=340 lifetime=[456,933] skipped=False
2026-08-30 22:32:23,499 | INFO | step=10710/20000 loss=-0.6002225 nll=-0.6024927 kl=0.002270184 consistency=0 lambda=0 beta=1 grad=37.99188 horizon=180 lifetime=[334,1000] skipped=False
2026-08-30 22:32:24,011 | INFO | step=10720/20000 loss=-0.2594987 nll=-0.2620128 kl=0.002514094 consistency=0 lambda=0 beta=1 grad=61.28847 horizon=120 lifetime=[428,1143] skipped=False
2026-08-30 22:32:24,522 | INFO | step=10730/20000 loss=-0.7689541 nll=-0.7700199 kl=0.001065813 consistency=0 lambda=0 beta=1 grad=63.62656 horizon=420 lifetime=[512,2154] skipped=False
2026-08-30 22:32:25,077 | INFO | step=10740/20000 loss=-0.9042197 nll=-0.9058959 kl=0.001676179 consistency=0 lambda=0 beta=1 grad=35.21746 horizon=420 lifetime=[519,1049] skipped=False
2026-08-30 22:32:25,622 | INFO | step=10750/20000 loss=-0.2686272 nll=-0.2711882 kl=0.002561025 consistency=0 lambda=0 beta=1 grad=226.5211 horizon=520 lifetime=[559,1932] skipped=False
2026-08-30 22:32:26,172 | INFO | step=10760/20000 loss=-0.6552271 nll=-0.6560894 kl=0.0008623004 consistency=0 lambda=0 beta=1 grad=47.32613 horizon=300 lifetime=[453,2154] skipped=False
2026-08-30 22:32:26,820 | INFO | step=10770/20000 loss=-0.8668946 nll=-0.8686089 kl=0.001714259 consistency=0 lambda=0 beta=1 grad=148.9431 horizon=420 lifetime=[428,988] skipped=False
2026-08-30 22:32:27,442 | INFO | step=10780/20000 loss=0.4959143 nll=0.490076 kl=0.005838253 consistency=0 lambda=0 beta=1 grad=30.72672 horizon=80 lifetime=[465,1015] skipped=False
2026-08-30 22:32:27,973 | INFO | step=10790/20000 loss=-0.6316905 nll=-0.6330488 kl=0.001358241 consistency=0 lambda=0 beta=1 grad=31.3105 horizon=280 lifetime=[428,874] skipped=False
2026-08-30 22:32:28,591 | INFO | step=10800/20000 loss=-0.8165092 nll=-0.8181669 kl=0.001657665 consistency=0 lambda=0 beta=1 grad=19.07292 horizon=360 lifetime=[675,921] skipped=False
2026-08-30 22:32:29,174 | INFO | step=10810/20000 loss=-0.2060636 nll=-0.2081357 kl=0.002072051 consistency=0 lambda=0 beta=1 grad=238.2685 horizon=260 lifetime=[460,1071] skipped=False
2026-08-30 22:32:29,874 | INFO | step=10820/20000 loss=0.3006727 nll=0.297183 kl=0.00348974 consistency=0 lambda=0 beta=1 grad=242.2658 horizon=520 lifetime=[534,2154] skipped=False
2026-08-30 22:32:30,444 | INFO | step=10830/20000 loss=-0.8157021 nll=-0.8173307 kl=0.001628622 consistency=0 lambda=0 beta=1 grad=205.1248 horizon=600 lifetime=[677,1143] skipped=False
2026-08-30 22:32:31,085 | INFO | step=10840/20000 loss=-0.5850701 nll=-0.586504 kl=0.001433924 consistency=0 lambda=0 beta=1 grad=43.6893 horizon=180 lifetime=[428,988] skipped=False
2026-08-30 22:32:31,585 | INFO | step=10850/20000 loss=-1.293274 nll=-1.294238 kl=0.0009637624 consistency=0 lambda=0 beta=1 grad=53.10589 horizon=420 lifetime=[453,1052] skipped=False
2026-08-30 22:32:32,085 | INFO | step=10860/20000 loss=-0.2009951 nll=-0.202958 kl=0.0019629 consistency=0 lambda=0 beta=1 grad=72.3463 horizon=220 lifetime=[497,991] skipped=False
2026-08-30 22:32:32,584 | INFO | step=10870/20000 loss=0.4280133 nll=0.4252883 kl=0.002724953 consistency=0 lambda=0 beta=1 grad=43.07543 horizon=80 lifetime=[460,1834] skipped=False
2026-08-30 22:32:33,167 | INFO | step=10880/20000 loss=-1.185301 nll=-1.187394 kl=0.0020933 consistency=0 lambda=0 beta=1 grad=92.14102 horizon=520 lifetime=[539,1049] skipped=False
2026-08-30 22:32:33,627 | INFO | step=10890/20000 loss=-0.2714267 nll=-0.2735385 kl=0.002111733 consistency=0 lambda=0 beta=1 grad=117.7414 horizon=180 lifetime=[453,856] skipped=False
2026-08-30 22:32:34,194 | INFO | step=10900/20000 loss=-0.2487443 nll=-0.249762 kl=0.00101763 consistency=0 lambda=0 beta=1 grad=60.19877 horizon=300 lifetime=[498,1081] skipped=False
2026-08-30 22:32:34,847 | INFO | step=10910/20000 loss=-0.9211009 nll=-0.9215161 kl=0.0004152097 consistency=0 lambda=0 beta=1 grad=54.37061 horizon=580 lifetime=[648,1858] skipped=False
2026-08-30 22:32:35,446 | INFO | step=10920/20000 loss=0.5150415 nll=0.512913 kl=0.002128489 consistency=0 lambda=0 beta=1 grad=40.53841 horizon=80 lifetime=[704,1858] skipped=False
2026-08-30 22:32:36,058 | INFO | step=10930/20000 loss=-0.5048816 nll=-0.5071279 kl=0.002246376 consistency=0 lambda=0 beta=1 grad=229.6398 horizon=600 lifetime=[774,1152] skipped=False
2026-08-30 22:32:36,633 | INFO | step=10940/20000 loss=-0.8107086 nll=-0.8133502 kl=0.002641633 consistency=0 lambda=0 beta=1 grad=102.1972 horizon=400 lifetime=[477,1282] skipped=False
2026-08-30 22:32:37,227 | INFO | step=10950/20000 loss=0.8029364 nll=0.8007147 kl=0.002221648 consistency=0 lambda=0 beta=1 grad=41.41943 horizon=60 lifetime=[334,1834] skipped=False
2026-08-30 22:32:37,808 | INFO | step=10960/20000 loss=-1.103676 nll=-1.104577 kl=0.0009012483 consistency=0 lambda=0 beta=1 grad=43.64328 horizon=580 lifetime=[622,1282] skipped=False
2026-08-30 22:32:38,312 | INFO | step=10970/20000 loss=-0.4051096 nll=-0.405838 kl=0.0007283092 consistency=0 lambda=0 beta=1 grad=105.1512 horizon=240 lifetime=[455,942] skipped=False
2026-08-30 22:32:38,996 | INFO | step=10980/20000 loss=-0.6524417 nll=-0.6542091 kl=0.001767337 consistency=0 lambda=0 beta=1 grad=31.98127 horizon=140 lifetime=[334,1143] skipped=False
2026-08-30 22:32:39,464 | INFO | step=10990/20000 loss=-0.1167115 nll=-0.1200175 kl=0.00330599 consistency=0 lambda=0 beta=1 grad=84.45745 horizon=480 lifetime=[633,1076] skipped=False
2026-08-30 22:32:41,210 | INFO | validation step=11000 rmse=134.9104 best=133.3291@10500 stale=1/10
2026-08-30 22:32:41,210 | INFO | step=11000/20000 loss=-0.8516492 nll=-0.8532844 kl=0.001635138 consistency=0 lambda=0 beta=1 grad=32.7936 horizon=560 lifetime=[614,1834] skipped=False
2026-08-30 22:32:41,863 | INFO | step=11010/20000 loss=-0.9976586 nll=-0.9990764 kl=0.001417845 consistency=0 lambda=0 beta=1 grad=96.05436 horizon=560 lifetime=[707,1834] skipped=False
2026-08-30 22:32:42,439 | INFO | step=11020/20000 loss=0.4461922 nll=0.4440139 kl=0.002178326 consistency=0 lambda=0 beta=1 grad=114.9375 horizon=60 lifetime=[460,930] skipped=False
2026-08-30 22:32:42,967 | INFO | step=11030/20000 loss=-0.582146 nll=-0.5829301 kl=0.0007840991 consistency=0 lambda=0 beta=1 grad=93.1123 horizon=260 lifetime=[460,1015] skipped=False
2026-08-30 22:32:43,551 | INFO | step=11040/20000 loss=-1.158455 nll=-1.159881 kl=0.001426473 consistency=0 lambda=0 beta=1 grad=48.76061 horizon=360 lifetime=[557,1152] skipped=False
2026-08-30 22:32:44,179 | INFO | step=11050/20000 loss=-0.2100876 nll=-0.2114681 kl=0.001380473 consistency=0 lambda=0 beta=1 grad=271.9524 horizon=500 lifetime=[518,1152] skipped=False
2026-08-30 22:32:44,822 | INFO | step=11060/20000 loss=-0.1278763 nll=-0.131207 kl=0.003330648 consistency=0 lambda=0 beta=1 grad=388.7059 horizon=420 lifetime=[480,1932] skipped=False
2026-08-30 22:32:45,433 | INFO | step=11070/20000 loss=-0.7860528 nll=-0.7866992 kl=0.0006463453 consistency=0 lambda=0 beta=1 grad=45.17221 horizon=180 lifetime=[442,828] skipped=False
2026-08-30 22:32:46,077 | INFO | step=11080/20000 loss=0.6899754 nll=0.6880943 kl=0.00188113 consistency=0 lambda=0 beta=1 grad=402.7327 horizon=560 lifetime=[665,1071] skipped=False
2026-08-30 22:32:46,636 | INFO | step=11090/20000 loss=-0.1882057 nll=-0.1904972 kl=0.002291478 consistency=0 lambda=0 beta=1 grad=38.79733 horizon=140 lifetime=[557,942] skipped=False
2026-08-30 22:32:47,198 | INFO | step=11100/20000 loss=-0.2253154 nll=-0.226683 kl=0.001367621 consistency=0 lambda=0 beta=1 grad=134.5563 horizon=360 lifetime=[442,1932] skipped=False
2026-08-30 22:32:47,727 | INFO | step=11110/20000 loss=-0.3412529 nll=-0.3441115 kl=0.002858579 consistency=0 lambda=0 beta=1 grad=30.99469 horizon=200 lifetime=[428,1049] skipped=False
2026-08-30 22:32:48,265 | INFO | step=11120/20000 loss=-0.01190582 nll=-0.01371074 kl=0.001804918 consistency=0 lambda=0 beta=1 grad=135.338 horizon=220 lifetime=[464,1045] skipped=False
2026-08-30 22:32:48,831 | INFO | step=11130/20000 loss=-0.558514 nll=-0.5614024 kl=0.002888396 consistency=0 lambda=0 beta=1 grad=160.4912 horizon=500 lifetime=[539,2154] skipped=False
2026-08-30 22:32:49,323 | INFO | step=11140/20000 loss=0.3160038 nll=0.3137208 kl=0.002282985 consistency=0 lambda=0 beta=1 grad=49.01408 horizon=120 lifetime=[786,1858] skipped=False
2026-08-30 22:32:49,943 | INFO | step=11150/20000 loss=-0.6077744 nll=-0.6100166 kl=0.00224217 consistency=0 lambda=0 beta=1 grad=49.89188 horizon=260 lifetime=[460,1858] skipped=False
2026-08-30 22:32:50,404 | INFO | step=11160/20000 loss=-0.3442009 nll=-0.3463754 kl=0.002174512 consistency=0 lambda=0 beta=1 grad=300.1662 horizon=520 lifetime=[526,1045] skipped=False
2026-08-30 22:32:50,913 | INFO | step=11170/20000 loss=-0.67963 nll=-0.6817006 kl=0.002070621 consistency=0 lambda=0 beta=1 grad=94.29166 horizon=280 lifetime=[464,2154] skipped=False
2026-08-30 22:32:51,532 | INFO | step=11180/20000 loss=-0.110832 nll=-0.1120739 kl=0.001241952 consistency=0 lambda=0 beta=1 grad=33.95187 horizon=120 lifetime=[428,1834] skipped=False
2026-08-30 22:32:51,985 | INFO | step=11190/20000 loss=-0.6676694 nll=-0.6700872 kl=0.002417743 consistency=0 lambda=0 beta=1 grad=47.60469 horizon=200 lifetime=[437,1052] skipped=False
2026-08-30 22:32:52,567 | INFO | step=11200/20000 loss=-0.9965381 nll=-0.9978429 kl=0.001304783 consistency=0 lambda=0 beta=1 grad=36.56367 horizon=320 lifetime=[443,921] skipped=False
2026-08-30 22:32:53,194 | INFO | step=11210/20000 loss=-0.8910462 nll=-0.8926026 kl=0.001556426 consistency=0 lambda=0 beta=1 grad=124.3095 horizon=320 lifetime=[428,1858] skipped=False
2026-08-30 22:32:53,766 | INFO | step=11220/20000 loss=-0.7293389 nll=-0.7339244 kl=0.004585519 consistency=0 lambda=0 beta=1 grad=262.0204 horizon=480 lifetime=[497,875] skipped=False
2026-08-30 22:32:54,312 | INFO | step=11230/20000 loss=0.02094869 nll=0.01873671 kl=0.002211988 consistency=0 lambda=0 beta=1 grad=51.82647 horizon=140 lifetime=[701,1081] skipped=False
2026-08-30 22:32:54,784 | INFO | step=11240/20000 loss=0.3679363 nll=0.3663386 kl=0.001597777 consistency=0 lambda=0 beta=1 grad=65.29946 horizon=80 lifetime=[460,2154] skipped=False
2026-08-30 22:32:55,366 | INFO | step=11250/20000 loss=-0.6842769 nll=-0.6849168 kl=0.000639841 consistency=0 lambda=0 beta=1 grad=52.23362 horizon=320 lifetime=[480,1081] skipped=False
2026-08-30 22:32:55,904 | INFO | step=11260/20000 loss=-0.7831001 nll=-0.7841736 kl=0.001073554 consistency=0 lambda=0 beta=1 grad=90.17947 horizon=240 lifetime=[428,1007] skipped=False
2026-08-30 22:32:56,554 | INFO | step=11270/20000 loss=-0.7700542 nll=-0.7706623 kl=0.0006080791 consistency=0 lambda=0 beta=1 grad=77.65899 horizon=560 lifetime=[665,988] skipped=False
2026-08-30 22:32:57,121 | INFO | step=11280/20000 loss=-0.495672 nll=-0.4965643 kl=0.0008922815 consistency=0 lambda=0 beta=1 grad=49.72894 horizon=120 lifetime=[456,875] skipped=False
2026-08-30 22:32:57,682 | INFO | step=11290/20000 loss=-0.07787307 nll=-0.07895095 kl=0.001077883 consistency=0 lambda=0 beta=1 grad=26.87674 horizon=180 lifetime=[482,1834] skipped=False
2026-08-30 22:32:58,143 | INFO | step=11300/20000 loss=-0.2306911 nll=-0.2330046 kl=0.002313435 consistency=0 lambda=0 beta=1 grad=17.61802 horizon=140 lifetime=[529,1007] skipped=False
2026-08-30 22:32:58,691 | INFO | step=11310/20000 loss=0.3052106 nll=0.304388 kl=0.0008225739 consistency=0 lambda=0 beta=1 grad=108.7413 horizon=280 lifetime=[437,1834] skipped=False
2026-08-30 22:32:59,289 | INFO | step=11320/20000 loss=0.3709446 nll=0.3693819 kl=0.001562715 consistency=0 lambda=0 beta=1 grad=108.376 horizon=160 lifetime=[462,2154] skipped=False
2026-08-30 22:32:59,977 | INFO | step=11330/20000 loss=-0.9215522 nll=-0.9225926 kl=0.001040421 consistency=0 lambda=0 beta=1 grad=49.44226 horizon=500 lifetime=[539,1000] skipped=False
2026-08-30 22:33:00,506 | INFO | step=11340/20000 loss=-0.9986415 nll=-0.9997462 kl=0.001104705 consistency=0 lambda=0 beta=1 grad=68.03853 horizon=420 lifetime=[460,1076] skipped=False
2026-08-30 22:33:01,153 | INFO | step=11350/20000 loss=-0.3656926 nll=-0.3666067 kl=0.0009140372 consistency=0 lambda=0 beta=1 grad=63.42342 horizon=520 lifetime=[599,2154] skipped=False
2026-08-30 22:33:01,816 | INFO | step=11360/20000 loss=-0.6529143 nll=-0.6584482 kl=0.005533852 consistency=0 lambda=0 beta=1 grad=65.2561 horizon=400 lifetime=[453,930] skipped=False
2026-08-30 22:33:02,337 | INFO | step=11370/20000 loss=-0.01220133 nll=-0.01319592 kl=0.0009945929 consistency=0 lambda=0 beta=1 grad=178.8927 horizon=180 lifetime=[428,1143] skipped=False
2026-08-30 22:33:02,910 | INFO | step=11380/20000 loss=-1.304475 nll=-1.306768 kl=0.002293251 consistency=0 lambda=0 beta=1 grad=48.50211 horizon=500 lifetime=[512,1000] skipped=False
2026-08-30 22:33:03,615 | INFO | step=11390/20000 loss=-0.7134809 nll=-0.7141534 kl=0.0006725043 consistency=0 lambda=0 beta=1 grad=50.80997 horizon=380 lifetime=[500,1007] skipped=False
2026-08-30 22:33:04,145 | INFO | step=11400/20000 loss=0.420676 nll=0.4189579 kl=0.001718119 consistency=0 lambda=0 beta=1 grad=57.55639 horizon=60 lifetime=[534,1052] skipped=False
2026-08-30 22:33:04,659 | INFO | step=11410/20000 loss=0.05196005 nll=0.05056295 kl=0.001397103 consistency=0 lambda=0 beta=1 grad=60.93565 horizon=260 lifetime=[488,1071] skipped=False
2026-08-30 22:33:05,278 | INFO | step=11420/20000 loss=0.5884381 nll=0.5846789 kl=0.003759146 consistency=0 lambda=0 beta=1 grad=256.8683 horizon=200 lifetime=[437,1932] skipped=False
2026-08-30 22:33:05,965 | INFO | step=11430/20000 loss=0.01519892 nll=0.01401573 kl=0.001183189 consistency=0 lambda=0 beta=1 grad=116.589 horizon=200 lifetime=[428,1000] skipped=False
2026-08-30 22:33:06,682 | INFO | step=11440/20000 loss=0.06451572 nll=0.06315248 kl=0.001363248 consistency=0 lambda=0 beta=1 grad=87.4747 horizon=180 lifetime=[453,1858] skipped=False
2026-08-30 22:33:07,296 | INFO | step=11450/20000 loss=-1.099952 nll=-1.101523 kl=0.001570717 consistency=0 lambda=0 beta=1 grad=54.29873 horizon=580 lifetime=[687,1007] skipped=False
2026-08-30 22:33:07,937 | INFO | step=11460/20000 loss=-0.6933319 nll=-0.6943154 kl=0.0009835213 consistency=0 lambda=0 beta=1 grad=213.6431 horizon=400 lifetime=[428,1834] skipped=False
2026-08-30 22:33:08,578 | INFO | step=11470/20000 loss=-0.6866736 nll=-0.6884484 kl=0.001774773 consistency=0 lambda=0 beta=1 grad=69.39336 horizon=440 lifetime=[460,1858] skipped=False
2026-08-30 22:33:09,177 | INFO | step=11480/20000 loss=-0.01313226 nll=-0.01720846 kl=0.004076198 consistency=0 lambda=0 beta=1 grad=27.31063 horizon=80 lifetime=[488,2154] skipped=False
2026-08-30 22:33:09,776 | INFO | step=11490/20000 loss=0.7032517 nll=0.7011625 kl=0.00208921 consistency=0 lambda=0 beta=1 grad=289.2787 horizon=560 lifetime=[677,1932] skipped=False
2026-08-30 22:33:11,509 | INFO | validation step=11500 rmse=138.6545 best=133.3291@10500 stale=2/10
2026-08-30 22:33:11,509 | INFO | step=11500/20000 loss=-0.960807 nll=-0.9625694 kl=0.001762338 consistency=0 lambda=0 beta=1 grad=75.6959 horizon=380 lifetime=[443,871] skipped=False
2026-08-30 22:33:12,270 | INFO | step=11510/20000 loss=-0.7664013 nll=-0.7677647 kl=0.001363419 consistency=0 lambda=0 beta=1 grad=83.41205 horizon=560 lifetime=[701,1858] skipped=False
2026-08-30 22:33:12,901 | INFO | step=11520/20000 loss=-1.198892 nll=-1.200504 kl=0.001611605 consistency=0 lambda=0 beta=1 grad=17.15108 horizon=320 lifetime=[465,856] skipped=False
2026-08-30 22:33:13,362 | INFO | step=11530/20000 loss=-1.344518 nll=-1.346598 kl=0.002080187 consistency=0 lambda=0 beta=1 grad=47.38274 horizon=480 lifetime=[510,1015] skipped=False
2026-08-30 22:33:13,930 | INFO | step=11540/20000 loss=-0.002581708 nll=-0.004133187 kl=0.001551479 consistency=0 lambda=0 beta=1 grad=69.78484 horizon=240 lifetime=[428,1071] skipped=False
2026-08-30 22:33:14,614 | INFO | step=11550/20000 loss=-1.051702 nll=-1.052572 kl=0.0008704737 consistency=0 lambda=0 beta=1 grad=75.35915 horizon=360 lifetime=[443,933] skipped=False
2026-08-30 22:33:15,300 | INFO | step=11560/20000 loss=0.001384914 nll=-0.0005045235 kl=0.001889437 consistency=0 lambda=0 beta=1 grad=62.26182 horizon=280 lifetime=[477,991] skipped=False
2026-08-30 22:33:15,852 | INFO | step=11570/20000 loss=-0.5860054 nll=-0.5871838 kl=0.001178406 consistency=0 lambda=0 beta=1 grad=220.4976 horizon=420 lifetime=[539,2154] skipped=False
2026-08-30 22:33:16,481 | INFO | step=11580/20000 loss=-1.099198 nll=-1.10032 kl=0.0011224 consistency=0 lambda=0 beta=1 grad=51.59792 horizon=440 lifetime=[480,1858] skipped=False
2026-08-30 22:33:17,081 | INFO | step=11590/20000 loss=-0.2473031 nll=-0.2482157 kl=0.0009126514 consistency=0 lambda=0 beta=1 grad=151.8011 horizon=300 lifetime=[497,1282] skipped=False
2026-08-30 22:33:17,510 | INFO | step=11600/20000 loss=0.6244392 nll=0.6228716 kl=0.001567572 consistency=0 lambda=0 beta=1 grad=178.7011 horizon=200 lifetime=[460,1932] skipped=False
2026-08-30 22:33:18,042 | INFO | step=11610/20000 loss=-1.409158 nll=-1.41097 kl=0.001812339 consistency=0 lambda=0 beta=1 grad=47.30658 horizon=360 lifetime=[518,887] skipped=False
2026-08-30 22:33:18,637 | INFO | step=11620/20000 loss=0.3223959 nll=0.3213068 kl=0.001089022 consistency=0 lambda=0 beta=1 grad=89.13868 horizon=200 lifetime=[437,2154] skipped=False
2026-08-30 22:33:19,219 | INFO | step=11630/20000 loss=1.081138 nll=1.076523 kl=0.004615903 consistency=0 lambda=0 beta=1 grad=64.18426 horizon=60 lifetime=[656,1052] skipped=False
2026-08-30 22:33:19,744 | INFO | step=11640/20000 loss=-0.2059499 nll=-0.2091048 kl=0.003154896 consistency=0 lambda=0 beta=1 grad=222.7044 horizon=540 lifetime=[771,1282] skipped=False
2026-08-30 22:33:20,365 | INFO | step=11650/20000 loss=0.6400537 nll=0.6339954 kl=0.006058276 consistency=0 lambda=0 beta=1 grad=86.7151 horizon=120 lifetime=[147,1858] skipped=False
2026-08-30 22:33:20,955 | INFO | step=11660/20000 loss=-0.4286584 nll=-0.4321449 kl=0.003486499 consistency=0 lambda=0 beta=1 grad=212.7942 horizon=580 lifetime=[633,1052] skipped=False
2026-08-30 22:33:21,574 | INFO | step=11670/20000 loss=-0.4490421 nll=-0.4520302 kl=0.002988197 consistency=0 lambda=0 beta=1 grad=202.0155 horizon=580 lifetime=[675,1834] skipped=False
2026-08-30 22:33:22,164 | INFO | step=11680/20000 loss=-0.6278986 nll=-0.6307355 kl=0.002836876 consistency=0 lambda=0 beta=1 grad=109.9745 horizon=540 lifetime=[614,1076] skipped=False
2026-08-30 22:33:22,683 | INFO | step=11690/20000 loss=-0.4329609 nll=-0.4339863 kl=0.001025423 consistency=0 lambda=0 beta=1 grad=26.19785 horizon=180 lifetime=[498,1071] skipped=False
2026-08-30 22:33:23,131 | INFO | step=11700/20000 loss=0.04977629 nll=0.0466442 kl=0.00313209 consistency=0 lambda=0 beta=1 grad=32.96667 horizon=120 lifetime=[428,1007] skipped=False
2026-08-30 22:33:23,760 | INFO | step=11710/20000 loss=-1.048284 nll=-1.054326 kl=0.006041765 consistency=0 lambda=0 beta=1 grad=73.61279 horizon=600 lifetime=[607,871] skipped=False
2026-08-30 22:33:24,349 | INFO | step=11720/20000 loss=-0.09226336 nll=-0.09582109 kl=0.003557727 consistency=0 lambda=0 beta=1 grad=16.66225 horizon=60 lifetime=[453,863] skipped=False
2026-08-30 22:33:25,040 | INFO | step=11730/20000 loss=-0.6070237 nll=-0.60751 kl=0.0004863441 consistency=0 lambda=0 beta=1 grad=115.8617 horizon=580 lifetime=[599,1858] skipped=False
2026-08-30 22:33:25,694 | INFO | step=11740/20000 loss=-1.690368 nll=-1.692904 kl=0.002536148 consistency=0 lambda=0 beta=1 grad=36.2296 horizon=500 lifetime=[526,1834] skipped=False
2026-08-30 22:33:26,321 | INFO | step=11750/20000 loss=-0.6564803 nll=-0.6589006 kl=0.002420276 consistency=0 lambda=0 beta=1 grad=144.8078 horizon=300 lifetime=[453,1282] skipped=False
2026-08-30 22:33:26,888 | INFO | step=11760/20000 loss=0.3796726 nll=0.3788046 kl=0.0008680075 consistency=0 lambda=0 beta=1 grad=87.91963 horizon=160 lifetime=[334,1282] skipped=False
2026-08-30 22:33:27,380 | INFO | step=11770/20000 loss=-0.2817264 nll=-0.2840414 kl=0.002314925 consistency=0 lambda=0 beta=1 grad=21.71852 horizon=200 lifetime=[460,1858] skipped=False
2026-08-30 22:33:28,049 | INFO | step=11780/20000 loss=-0.6739835 nll=-0.6754886 kl=0.001505107 consistency=0 lambda=0 beta=1 grad=108.7004 horizon=380 lifetime=[442,1007] skipped=False
2026-08-30 22:33:28,677 | INFO | step=11790/20000 loss=-0.6676177 nll=-0.6688663 kl=0.001248524 consistency=0 lambda=0 beta=1 grad=29.4847 horizon=300 lifetime=[437,933] skipped=False
2026-08-30 22:33:29,383 | INFO | step=11800/20000 loss=-0.4684721 nll=-0.469826 kl=0.001353979 consistency=0 lambda=0 beta=1 grad=239.0205 horizon=540 lifetime=[648,1143] skipped=False
2026-08-30 22:33:29,922 | INFO | step=11810/20000 loss=-0.7543689 nll=-0.7553911 kl=0.00102219 consistency=0 lambda=0 beta=1 grad=55.27267 horizon=280 lifetime=[464,887] skipped=False
2026-08-30 22:33:30,639 | INFO | step=11820/20000 loss=-1.113943 nll=-1.118511 kl=0.004568584 consistency=0 lambda=0 beta=1 grad=58.37139 horizon=560 lifetime=[614,1834] skipped=False
2026-08-30 22:33:31,208 | INFO | step=11830/20000 loss=-1.445535 nll=-1.44691 kl=0.00137493 consistency=0 lambda=0 beta=1 grad=119.456 horizon=520 lifetime=[607,942] skipped=False
2026-08-30 22:33:31,848 | INFO | step=11840/20000 loss=-0.9482509 nll=-0.9507661 kl=0.002515122 consistency=0 lambda=0 beta=1 grad=29.85596 horizon=400 lifetime=[505,1834] skipped=False
2026-08-30 22:33:32,452 | INFO | step=11850/20000 loss=2.610845 nll=2.610133 kl=0.0007119551 consistency=0 lambda=0 beta=1 grad=220.4617 horizon=120 lifetime=[480,1932] skipped=False
2026-08-30 22:33:33,086 | INFO | step=11860/20000 loss=0.2038296 nll=0.2025475 kl=0.001282156 consistency=0 lambda=0 beta=1 grad=85.7879 horizon=320 lifetime=[486,1015] skipped=False
2026-08-30 22:33:33,599 | INFO | step=11870/20000 loss=-1.04339 nll=-1.045646 kl=0.002256311 consistency=0 lambda=0 beta=1 grad=42.09747 horizon=140 lifetime=[428,700] skipped=False
2026-08-30 22:33:34,236 | INFO | step=11880/20000 loss=-1.20228 nll=-1.203765 kl=0.001484573 consistency=0 lambda=0 beta=1 grad=127.7844 horizon=220 lifetime=[460,877] skipped=False
2026-08-30 22:33:34,911 | INFO | step=11890/20000 loss=-0.8297729 nll=-0.8309 kl=0.001126982 consistency=0 lambda=0 beta=1 grad=60.4493 horizon=520 lifetime=[665,2154] skipped=False
2026-08-30 22:33:35,532 | INFO | step=11900/20000 loss=-0.6552584 nll=-0.6558484 kl=0.0005900264 consistency=0 lambda=0 beta=1 grad=219.0728 horizon=360 lifetime=[480,2154] skipped=False
2026-08-30 22:33:36,104 | INFO | step=11910/20000 loss=-0.6215111 nll=-0.6244977 kl=0.00298658 consistency=0 lambda=0 beta=1 grad=61.82214 horizon=560 lifetime=[729,1007] skipped=False
2026-08-30 22:33:36,718 | INFO | step=11920/20000 loss=-1.194017 nll=-1.195952 kl=0.001935199 consistency=0 lambda=0 beta=1 grad=91.48681 horizon=500 lifetime=[512,1076] skipped=False
2026-08-30 22:33:37,302 | INFO | step=11930/20000 loss=1.249553 nll=1.247704 kl=0.001848459 consistency=0 lambda=0 beta=1 grad=512.5468 horizon=340 lifetime=[675,1932] skipped=False
2026-08-30 22:33:37,857 | INFO | step=11940/20000 loss=1.279744 nll=1.27748 kl=0.002264574 consistency=0 lambda=0 beta=1 grad=139.4028 horizon=80 lifetime=[460,1052] skipped=False
2026-08-30 22:33:38,556 | INFO | step=11950/20000 loss=-0.8754009 nll=-0.8794875 kl=0.004086614 consistency=0 lambda=0 beta=1 grad=83.98323 horizon=200 lifetime=[442,869] skipped=False
2026-08-30 22:33:39,140 | INFO | step=11960/20000 loss=-1.242767 nll=-1.243352 kl=0.0005855709 consistency=0 lambda=0 beta=1 grad=65.09985 horizon=380 lifetime=[437,1049] skipped=False
2026-08-30 22:33:39,700 | INFO | step=11970/20000 loss=-1.229788 nll=-1.2335 kl=0.003712475 consistency=0 lambda=0 beta=1 grad=55.24372 horizon=300 lifetime=[486,665] skipped=False
2026-08-30 22:33:40,215 | INFO | step=11980/20000 loss=0.2039958 nll=0.1993091 kl=0.004686758 consistency=0 lambda=0 beta=1 grad=45.91919 horizon=60 lifetime=[437,1858] skipped=False
2026-08-30 22:33:40,648 | INFO | step=11990/20000 loss=-0.6623313 nll=-0.6652744 kl=0.002943084 consistency=0 lambda=0 beta=1 grad=59.73229 horizon=420 lifetime=[498,2154] skipped=False
2026-08-30 22:33:42,414 | INFO | validation step=12000 rmse=131.6898 best=131.6898@12000 stale=0/10
2026-08-30 22:33:42,414 | INFO | step=12000/20000 loss=-0.2877193 nll=-0.2896577 kl=0.001938358 consistency=0 lambda=0 beta=1 grad=83.50327 horizon=260 lifetime=[477,933] skipped=False
2026-08-30 22:33:43,054 | INFO | step=12010/20000 loss=-0.8107811 nll=-0.8122788 kl=0.00149776 consistency=0 lambda=0 beta=1 grad=49.63411 horizon=220 lifetime=[455,915] skipped=False
2026-08-30 22:33:43,750 | INFO | step=12020/20000 loss=-0.3450374 nll=-0.3463114 kl=0.001274034 consistency=0 lambda=0 beta=1 grad=167.152 horizon=600 lifetime=[633,1834] skipped=False
2026-08-30 22:33:44,412 | INFO | step=12030/20000 loss=-0.9044261 nll=-0.9059241 kl=0.001498014 consistency=0 lambda=0 beta=1 grad=72.04913 horizon=300 lifetime=[443,906] skipped=False
2026-08-30 22:33:45,021 | INFO | step=12040/20000 loss=-0.8093899 nll=-0.8114688 kl=0.002078965 consistency=0 lambda=0 beta=1 grad=123.4618 horizon=500 lifetime=[512,1152] skipped=False
2026-08-30 22:33:45,607 | INFO | step=12050/20000 loss=-0.8060828 nll=-0.8091697 kl=0.003086872 consistency=0 lambda=0 beta=1 grad=133.6309 horizon=460 lifetime=[518,1076] skipped=False
2026-08-30 22:33:46,230 | INFO | step=12060/20000 loss=-0.3324597 nll=-0.3336878 kl=0.001228184 consistency=0 lambda=0 beta=1 grad=218.0035 horizon=380 lifetime=[428,1152] skipped=False
2026-08-30 22:33:46,780 | INFO | step=12070/20000 loss=-0.6421784 nll=-0.6451933 kl=0.003015004 consistency=0 lambda=0 beta=1 grad=182.0369 horizon=560 lifetime=[675,1052] skipped=False
2026-08-30 22:33:47,317 | INFO | step=12080/20000 loss=0.3637939 nll=0.3614388 kl=0.002355099 consistency=0 lambda=0 beta=1 grad=28.84976 horizon=60 lifetime=[443,1152] skipped=False
2026-08-30 22:33:48,001 | INFO | step=12090/20000 loss=-0.2502985 nll=-0.2541171 kl=0.003818646 consistency=0 lambda=0 beta=1 grad=15.5235 horizon=100 lifetime=[442,913] skipped=False
2026-08-30 22:33:48,729 | INFO | step=12100/20000 loss=-0.03687735 nll=-0.03796673 kl=0.001089379 consistency=0 lambda=0 beta=1 grad=101.6267 horizon=200 lifetime=[443,1834] skipped=False
2026-08-30 22:33:49,429 | INFO | step=12110/20000 loss=0.3029108 nll=0.301595 kl=0.001315802 consistency=0 lambda=0 beta=1 grad=349.0987 horizon=460 lifetime=[539,1152] skipped=False
2026-08-30 22:33:50,107 | INFO | step=12120/20000 loss=-0.8234472 nll=-0.8261176 kl=0.002670437 consistency=0 lambda=0 beta=1 grad=75.50483 horizon=520 lifetime=[559,1143] skipped=False
2026-08-30 22:33:50,586 | INFO | step=12130/20000 loss=-0.6842936 nll=-0.6852858 kl=0.0009922236 consistency=0 lambda=0 beta=1 grad=80.06268 horizon=300 lifetime=[455,1143] skipped=False
2026-08-30 22:33:51,223 | INFO | step=12140/20000 loss=-0.4891964 nll=-0.4914447 kl=0.002248272 consistency=0 lambda=0 beta=1 grad=155.5074 horizon=460 lifetime=[480,1000] skipped=False
2026-08-30 22:33:51,841 | INFO | step=12150/20000 loss=-0.9170557 nll=-0.9192714 kl=0.002215751 consistency=0 lambda=0 beta=1 grad=87.27106 horizon=520 lifetime=[687,1076] skipped=False
2026-08-30 22:33:52,482 | INFO | step=12160/20000 loss=-0.8394448 nll=-0.8402997 kl=0.000854969 consistency=0 lambda=0 beta=1 grad=73.98042 horizon=180 lifetime=[442,909] skipped=False
2026-08-30 22:33:53,118 | INFO | step=12170/20000 loss=-1.143804 nll=-1.144773 kl=0.0009691343 consistency=0 lambda=0 beta=1 grad=93.29703 horizon=460 lifetime=[498,1007] skipped=False
2026-08-30 22:33:53,771 | INFO | step=12180/20000 loss=-1.081427 nll=-1.082217 kl=0.0007906705 consistency=0 lambda=0 beta=1 grad=72.64397 horizon=540 lifetime=[559,1081] skipped=False
2026-08-30 22:33:54,454 | INFO | step=12190/20000 loss=-0.9197513 nll=-0.9226871 kl=0.002935685 consistency=0 lambda=0 beta=1 grad=77.96217 horizon=560 lifetime=[607,1932] skipped=False
2026-08-30 22:33:54,985 | INFO | step=12200/20000 loss=-0.6272792 nll=-0.6281579 kl=0.0008786544 consistency=0 lambda=0 beta=1 grad=34.11307 horizon=260 lifetime=[334,1834] skipped=False
2026-08-30 22:33:55,525 | INFO | step=12210/20000 loss=-0.2852371 nll=-0.2867468 kl=0.001509726 consistency=0 lambda=0 beta=1 grad=40.5546 horizon=220 lifetime=[443,1282] skipped=False
2026-08-30 22:33:56,082 | INFO | step=12220/20000 loss=-1.140186 nll=-1.141226 kl=0.001040243 consistency=0 lambda=0 beta=1 grad=44.7052 horizon=460 lifetime=[494,2154] skipped=False
2026-08-30 22:33:56,738 | INFO | step=12230/20000 loss=0.3756536 nll=0.372951 kl=0.002702653 consistency=0 lambda=0 beta=1 grad=38.51474 horizon=120 lifetime=[464,2154] skipped=False
2026-08-30 22:33:57,324 | INFO | step=12240/20000 loss=-1.423932 nll=-1.426282 kl=0.002349794 consistency=0 lambda=0 beta=1 grad=163.2936 horizon=380 lifetime=[465,915] skipped=False
2026-08-30 22:33:57,819 | INFO | step=12250/20000 loss=-0.1570692 nll=-0.161023 kl=0.003953792 consistency=0 lambda=0 beta=1 grad=59.46082 horizon=180 lifetime=[467,1282] skipped=False
2026-08-30 22:33:58,473 | INFO | step=12260/20000 loss=-1.644997 nll=-1.646553 kl=0.001556069 consistency=0 lambda=0 beta=1 grad=48.5469 horizon=460 lifetime=[477,1000] skipped=False
2026-08-30 22:33:59,127 | INFO | step=12270/20000 loss=0.3431077 nll=0.3422455 kl=0.0008621626 consistency=0 lambda=0 beta=1 grad=106.1561 horizon=100 lifetime=[460,1071] skipped=False
2026-08-30 22:33:59,606 | INFO | step=12280/20000 loss=0.01613903 nll=0.01200567 kl=0.004133359 consistency=0 lambda=0 beta=1 grad=61.35843 horizon=60 lifetime=[467,1071] skipped=False
2026-08-30 22:34:00,092 | INFO | step=12290/20000 loss=0.3110043 nll=0.3092683 kl=0.001735918 consistency=0 lambda=0 beta=1 grad=48.61393 horizon=160 lifetime=[498,1045] skipped=False
2026-08-30 22:34:00,691 | INFO | step=12300/20000 loss=-1.273484 nll=-1.274365 kl=0.0008810982 consistency=0 lambda=0 beta=1 grad=85.45692 horizon=420 lifetime=[443,1071] skipped=False
2026-08-30 22:34:01,289 | INFO | step=12310/20000 loss=-1.009126 nll=-1.010236 kl=0.001109838 consistency=0 lambda=0 beta=1 grad=139.0092 horizon=520 lifetime=[622,930] skipped=False
2026-08-30 22:34:01,775 | INFO | step=12320/20000 loss=-0.7866988 nll=-0.7882389 kl=0.001540117 consistency=0 lambda=0 beta=1 grad=60.44662 horizon=260 lifetime=[428,921] skipped=False
2026-08-30 22:34:02,359 | INFO | step=12330/20000 loss=-0.1769706 nll=-0.1779164 kl=0.0009458363 consistency=0 lambda=0 beta=1 grad=184.3489 horizon=560 lifetime=[784,1858] skipped=False
2026-08-30 22:34:02,954 | INFO | step=12340/20000 loss=-0.3022849 nll=-0.3053918 kl=0.003106914 consistency=0 lambda=0 beta=1 grad=75.63867 horizon=280 lifetime=[498,1081] skipped=False
2026-08-30 22:34:03,527 | INFO | step=12350/20000 loss=-1.382963 nll=-1.383382 kl=0.0004188716 consistency=0 lambda=0 beta=1 grad=59.68348 horizon=300 lifetime=[464,1007] skipped=False
2026-08-30 22:34:04,105 | INFO | step=12360/20000 loss=-0.9967546 nll=-1.000185 kl=0.003430583 consistency=0 lambda=0 beta=1 grad=149.7893 horizon=440 lifetime=[443,1071] skipped=False
2026-08-30 22:34:04,742 | INFO | step=12370/20000 loss=0.2057715 nll=0.204534 kl=0.001237527 consistency=0 lambda=0 beta=1 grad=98.91225 horizon=240 lifetime=[477,1015] skipped=False
2026-08-30 22:34:05,312 | INFO | step=12380/20000 loss=0.1250297 nll=0.1212015 kl=0.00382816 consistency=0 lambda=0 beta=1 grad=37.76016 horizon=140 lifetime=[147,2154] skipped=False
2026-08-30 22:34:05,999 | INFO | step=12390/20000 loss=-1.346779 nll=-1.347443 kl=0.0006639287 consistency=0 lambda=0 beta=1 grad=135.1851 horizon=560 lifetime=[607,988] skipped=False
2026-08-30 22:34:06,443 | INFO | step=12400/20000 loss=0.0335781 nll=0.03215313 kl=0.001424968 consistency=0 lambda=0 beta=1 grad=235.4194 horizon=340 lifetime=[455,1052] skipped=False
2026-08-30 22:34:07,056 | INFO | step=12410/20000 loss=0.1784206 nll=0.1753757 kl=0.003044888 consistency=0 lambda=0 beta=1 grad=117.45 horizon=220 lifetime=[500,1071] skipped=False
2026-08-30 22:34:07,673 | INFO | step=12420/20000 loss=-0.3245058 nll=-0.3265321 kl=0.002026245 consistency=0 lambda=0 beta=1 grad=371.3275 horizon=520 lifetime=[526,1000] skipped=False
2026-08-30 22:34:08,292 | INFO | step=12430/20000 loss=-0.02430695 nll=-0.02760078 kl=0.003293827 consistency=0 lambda=0 beta=1 grad=95.0331 horizon=80 lifetime=[442,915] skipped=False
2026-08-30 22:34:08,852 | INFO | step=12440/20000 loss=-0.5798954 nll=-0.5811468 kl=0.0012514 consistency=0 lambda=0 beta=1 grad=67.42368 horizon=340 lifetime=[462,1152] skipped=False
2026-08-30 22:34:09,544 | INFO | step=12450/20000 loss=0.2683562 nll=0.2671147 kl=0.001241535 consistency=0 lambda=0 beta=1 grad=381.6844 horizon=480 lifetime=[533,1071] skipped=False
2026-08-30 22:34:10,207 | INFO | step=12460/20000 loss=-0.7076013 nll=-0.7088065 kl=0.001205176 consistency=0 lambda=0 beta=1 grad=143.7677 horizon=280 lifetime=[428,921] skipped=False
2026-08-30 22:34:10,786 | INFO | step=12470/20000 loss=0.3168795 nll=0.315212 kl=0.001667425 consistency=0 lambda=0 beta=1 grad=307.6426 horizon=440 lifetime=[488,1152] skipped=False
2026-08-30 22:34:11,237 | INFO | step=12480/20000 loss=-0.09979519 nll=-0.1008913 kl=0.001096085 consistency=0 lambda=0 beta=1 grad=51.8947 horizon=100 lifetime=[557,1152] skipped=False
2026-08-30 22:34:11,847 | INFO | step=12490/20000 loss=-1.126788 nll=-1.127776 kl=0.0009882897 consistency=0 lambda=0 beta=1 grad=83.18443 horizon=380 lifetime=[505,871] skipped=False
2026-08-30 22:34:13,521 | INFO | validation step=12500 rmse=152.1806 best=131.6898@12000 stale=1/10
2026-08-30 22:34:13,521 | INFO | step=12500/20000 loss=0.5108755 nll=0.5083098 kl=0.002565637 consistency=0 lambda=0 beta=1 grad=60.12205 horizon=140 lifetime=[498,1052] skipped=False
2026-08-30 22:34:14,229 | INFO | step=12510/20000 loss=-0.360292 nll=-0.3615601 kl=0.001268044 consistency=0 lambda=0 beta=1 grad=84.40646 horizon=460 lifetime=[465,1858] skipped=False
2026-08-30 22:34:14,910 | INFO | step=12520/20000 loss=-0.1942956 nll=-0.1995928 kl=0.005297109 consistency=0 lambda=0 beta=1 grad=179.8694 horizon=600 lifetime=[607,1932] skipped=False
2026-08-30 22:34:15,431 | INFO | step=12530/20000 loss=1.645015 nll=1.643544 kl=0.001470432 consistency=0 lambda=0 beta=1 grad=289.9676 horizon=180 lifetime=[494,1932] skipped=False
2026-08-30 22:34:15,968 | INFO | step=12540/20000 loss=0.01489507 nll=0.0134445 kl=0.001450568 consistency=0 lambda=0 beta=1 grad=57.93698 horizon=340 lifetime=[428,1858] skipped=False
2026-08-30 22:34:16,533 | INFO | step=12550/20000 loss=-0.2518482 nll=-0.2528705 kl=0.001022294 consistency=0 lambda=0 beta=1 grad=128.3351 horizon=320 lifetime=[505,1071] skipped=False
2026-08-30 22:34:17,092 | INFO | step=12560/20000 loss=-0.3919141 nll=-0.3934727 kl=0.001558602 consistency=0 lambda=0 beta=1 grad=48.60768 horizon=220 lifetime=[460,942] skipped=False
2026-08-30 22:34:17,609 | INFO | step=12570/20000 loss=-0.7831957 nll=-0.7881402 kl=0.004944414 consistency=0 lambda=0 beta=1 grad=25.37725 horizon=120 lifetime=[437,915] skipped=False
2026-08-30 22:34:18,289 | INFO | step=12580/20000 loss=-0.8332547 nll=-0.8340407 kl=0.0007860363 consistency=0 lambda=0 beta=1 grad=78.04691 horizon=340 lifetime=[453,1071] skipped=False
2026-08-30 22:34:18,890 | INFO | step=12590/20000 loss=1.680829 nll=1.677815 kl=0.003013462 consistency=0 lambda=0 beta=1 grad=323.7696 horizon=80 lifetime=[464,2154] skipped=False
2026-08-30 22:34:19,565 | INFO | step=12600/20000 loss=-1.017926 nll=-1.020574 kl=0.002648607 consistency=0 lambda=0 beta=1 grad=108.7148 horizon=440 lifetime=[529,2154] skipped=False
2026-08-30 22:34:20,173 | INFO | step=12610/20000 loss=0.129558 nll=0.1252402 kl=0.004317731 consistency=0 lambda=0 beta=1 grad=76.32528 horizon=200 lifetime=[456,1000] skipped=False
2026-08-30 22:34:20,691 | INFO | step=12620/20000 loss=-0.9511478 nll=-0.9532515 kl=0.002103731 consistency=0 lambda=0 beta=1 grad=160.2728 horizon=420 lifetime=[493,1081] skipped=False
2026-08-30 22:34:21,217 | INFO | step=12630/20000 loss=-0.2764648 nll=-0.2776904 kl=0.001225606 consistency=0 lambda=0 beta=1 grad=38.12354 horizon=120 lifetime=[486,1052] skipped=False
2026-08-30 22:34:21,898 | INFO | step=12640/20000 loss=-0.4798398 nll=-0.4814194 kl=0.001579627 consistency=0 lambda=0 beta=1 grad=352.5794 horizon=520 lifetime=[559,915] skipped=False
2026-08-30 22:34:22,384 | INFO | step=12650/20000 loss=0.106528 nll=0.1050124 kl=0.001515597 consistency=0 lambda=0 beta=1 grad=94.87258 horizon=300 lifetime=[453,2154] skipped=False
2026-08-30 22:34:23,009 | INFO | step=12660/20000 loss=-1.197687 nll=-1.198396 kl=0.0007092506 consistency=0 lambda=0 beta=1 grad=29.26853 horizon=240 lifetime=[460,913] skipped=False
2026-08-30 22:34:23,600 | INFO | step=12670/20000 loss=-0.5760541 nll=-0.5771601 kl=0.001106054 consistency=0 lambda=0 beta=1 grad=178.1808 horizon=380 lifetime=[512,1045] skipped=False
2026-08-30 22:34:24,244 | INFO | step=12680/20000 loss=0.675419 nll=0.6745478 kl=0.0008711517 consistency=0 lambda=0 beta=1 grad=198.6643 horizon=200 lifetime=[443,1932] skipped=False
2026-08-30 22:34:24,750 | INFO | step=12690/20000 loss=-1.013147 nll=-1.013903 kl=0.0007559359 consistency=0 lambda=0 beta=1 grad=143.9221 horizon=500 lifetime=[519,1000] skipped=False
2026-08-30 22:34:25,239 | INFO | step=12700/20000 loss=0.2733245 nll=0.2704905 kl=0.002834067 consistency=0 lambda=0 beta=1 grad=37.90376 horizon=60 lifetime=[486,1081] skipped=False
2026-08-30 22:34:25,792 | INFO | step=12710/20000 loss=-0.7052006 nll=-0.7069536 kl=0.001753032 consistency=0 lambda=0 beta=1 grad=119.622 horizon=400 lifetime=[428,988] skipped=False
2026-08-30 22:34:26,319 | INFO | step=12720/20000 loss=-0.366981 nll=-0.3680432 kl=0.001062259 consistency=0 lambda=0 beta=1 grad=95.6119 horizon=260 lifetime=[443,1834] skipped=False
2026-08-30 22:34:26,936 | INFO | step=12730/20000 loss=-0.6543521 nll=-0.6563147 kl=0.001962602 consistency=0 lambda=0 beta=1 grad=44.82571 horizon=260 lifetime=[453,2154] skipped=False
2026-08-30 22:34:27,488 | INFO | step=12740/20000 loss=-0.3144041 nll=-0.3173557 kl=0.002951562 consistency=0 lambda=0 beta=1 grad=44.58321 horizon=260 lifetime=[428,1081] skipped=False
2026-08-30 22:34:28,199 | INFO | step=12750/20000 loss=-1.322532 nll=-1.324681 kl=0.002149507 consistency=0 lambda=0 beta=1 grad=119.7041 horizon=460 lifetime=[465,1049] skipped=False
2026-08-30 22:34:28,847 | INFO | step=12760/20000 loss=-0.6121158 nll=-0.613373 kl=0.001257181 consistency=0 lambda=0 beta=1 grad=80.99914 horizon=380 lifetime=[534,1858] skipped=False
2026-08-30 22:34:29,439 | INFO | step=12770/20000 loss=-0.5853639 nll=-0.5865504 kl=0.001186445 consistency=0 lambda=0 beta=1 grad=118.6178 horizon=340 lifetime=[480,1081] skipped=False
2026-08-30 22:34:30,066 | INFO | step=12780/20000 loss=-0.02946312 nll=-0.03192431 kl=0.002461195 consistency=0 lambda=0 beta=1 grad=276.4743 horizon=300 lifetime=[512,991] skipped=False
2026-08-30 22:34:30,517 | INFO | step=12790/20000 loss=0.1682206 nll=0.1659881 kl=0.002232507 consistency=0 lambda=0 beta=1 grad=64.61712 horizon=80 lifetime=[456,887] skipped=False
2026-08-30 22:34:31,142 | INFO | step=12800/20000 loss=-0.4312674 nll=-0.4323292 kl=0.001061827 consistency=0 lambda=0 beta=1 grad=59.92331 horizon=220 lifetime=[460,1282] skipped=False
2026-08-30 22:34:31,696 | INFO | step=12810/20000 loss=-1.020502 nll=-1.021622 kl=0.001120478 consistency=0 lambda=0 beta=1 grad=107.5555 horizon=320 lifetime=[494,933] skipped=False
2026-08-30 22:34:32,287 | INFO | step=12820/20000 loss=-0.6549858 nll=-0.6555709 kl=0.0005850196 consistency=0 lambda=0 beta=1 grad=49.67414 horizon=200 lifetime=[462,913] skipped=False
2026-08-30 22:34:32,792 | INFO | step=12830/20000 loss=-0.2059673 nll=-0.2062328 kl=0.0002655238 consistency=0 lambda=0 beta=1 grad=125.1445 horizon=580 lifetime=[677,1932] skipped=False
2026-08-30 22:34:33,302 | INFO | step=12840/20000 loss=-0.9136112 nll=-0.9168607 kl=0.003249526 consistency=0 lambda=0 beta=1 grad=43.55897 horizon=260 lifetime=[453,1045] skipped=False
2026-08-30 22:34:33,892 | INFO | step=12850/20000 loss=-0.4154875 nll=-0.4165251 kl=0.001037583 consistency=0 lambda=0 beta=1 grad=249.6465 horizon=340 lifetime=[482,1282] skipped=False
2026-08-30 22:34:34,591 | INFO | step=12860/20000 loss=-0.2208577 nll=-0.2218758 kl=0.001018181 consistency=0 lambda=0 beta=1 grad=235.3204 horizon=560 lifetime=[665,1076] skipped=False
2026-08-30 22:34:35,259 | INFO | step=12870/20000 loss=-0.1973404 nll=-0.1986985 kl=0.001358017 consistency=0 lambda=0 beta=1 grad=421.0968 horizon=600 lifetime=[622,1052] skipped=False
2026-08-30 22:34:35,744 | INFO | step=12880/20000 loss=0.3423793 nll=0.3419177 kl=0.0004615784 consistency=0 lambda=0 beta=1 grad=41.23755 horizon=180 lifetime=[498,1000] skipped=False
2026-08-30 22:34:36,296 | INFO | step=12890/20000 loss=0.2425913 nll=0.2384586 kl=0.004132733 consistency=0 lambda=0 beta=1 grad=39.85495 horizon=80 lifetime=[334,856] skipped=False
2026-08-30 22:34:36,905 | INFO | step=12900/20000 loss=0.4568375 nll=0.4483659 kl=0.008471623 consistency=0 lambda=0 beta=1 grad=26.66624 horizon=60 lifetime=[428,942] skipped=False
2026-08-30 22:34:37,622 | INFO | step=12910/20000 loss=-0.7435461 nll=-0.7450973 kl=0.001551241 consistency=0 lambda=0 beta=1 grad=36.69618 horizon=200 lifetime=[500,1081] skipped=False
2026-08-30 22:34:38,230 | INFO | step=12920/20000 loss=-0.9663536 nll=-0.9671094 kl=0.0007557869 consistency=0 lambda=0 beta=1 grad=62.38916 horizon=560 lifetime=[656,1143] skipped=False
2026-08-30 22:34:38,803 | INFO | step=12930/20000 loss=-0.7691625 nll=-0.7705871 kl=0.001424566 consistency=0 lambda=0 beta=1 grad=68.96674 horizon=520 lifetime=[784,1143] skipped=False
2026-08-30 22:34:39,474 | INFO | step=12940/20000 loss=-0.8581182 nll=-0.8594295 kl=0.001311332 consistency=0 lambda=0 beta=1 grad=74.867 horizon=580 lifetime=[648,1858] skipped=False
2026-08-30 22:34:40,130 | INFO | step=12950/20000 loss=-1.09999 nll=-1.102132 kl=0.002142519 consistency=0 lambda=0 beta=1 grad=107.0473 horizon=460 lifetime=[462,1045] skipped=False
2026-08-30 22:34:40,722 | INFO | step=12960/20000 loss=-1.371301 nll=-1.372254 kl=0.0009529144 consistency=0 lambda=0 beta=1 grad=49.79623 horizon=360 lifetime=[518,826] skipped=False
2026-08-30 22:34:41,462 | INFO | step=12970/20000 loss=-0.3950844 nll=-0.3973691 kl=0.002284706 consistency=0 lambda=0 beta=1 grad=216.423 horizon=460 lifetime=[498,1052] skipped=False
2026-08-30 22:34:42,078 | INFO | step=12980/20000 loss=-0.7051493 nll=-0.7059875 kl=0.0008381754 consistency=0 lambda=0 beta=1 grad=51.44676 horizon=480 lifetime=[498,2154] skipped=False
2026-08-30 22:34:42,727 | INFO | step=12990/20000 loss=-1.1982 nll=-1.199724 kl=0.001524284 consistency=0 lambda=0 beta=1 grad=21.84724 horizon=440 lifetime=[486,1152] skipped=False
2026-08-30 22:34:44,569 | INFO | validation step=13000 rmse=128.1916 best=128.1916@13000 stale=0/10
2026-08-30 22:34:44,569 | INFO | step=13000/20000 loss=-0.3876755 nll=-0.389426 kl=0.001750469 consistency=0 lambda=0 beta=1 grad=58.95767 horizon=340 lifetime=[442,1143] skipped=False
2026-08-30 22:34:45,181 | INFO | step=13010/20000 loss=-0.858784 nll=-0.8593221 kl=0.0005380884 consistency=0 lambda=0 beta=1 grad=143.3656 horizon=540 lifetime=[706,1152] skipped=False
2026-08-30 22:34:45,786 | INFO | step=13020/20000 loss=-0.4095346 nll=-0.4129384 kl=0.003403842 consistency=0 lambda=0 beta=1 grad=285.5545 horizon=600 lifetime=[786,942] skipped=False
2026-08-30 22:34:46,413 | INFO | step=13030/20000 loss=-0.9607084 nll=-0.9631561 kl=0.002447747 consistency=0 lambda=0 beta=1 grad=82.01781 horizon=400 lifetime=[656,1834] skipped=False
2026-08-30 22:34:46,926 | INFO | step=13040/20000 loss=-0.3789331 nll=-0.3810839 kl=0.002150774 consistency=0 lambda=0 beta=1 grad=131.8328 horizon=320 lifetime=[467,1071] skipped=False
2026-08-30 22:34:47,570 | INFO | step=13050/20000 loss=-0.9010206 nll=-0.9024568 kl=0.001436166 consistency=0 lambda=0 beta=1 grad=149.4327 horizon=560 lifetime=[614,1834] skipped=False
2026-08-30 22:34:48,184 | INFO | step=13060/20000 loss=-0.6707621 nll=-0.6718255 kl=0.001063488 consistency=0 lambda=0 beta=1 grad=141.5019 horizon=440 lifetime=[443,1152] skipped=False
2026-08-30 22:34:48,708 | INFO | step=13070/20000 loss=-0.3338991 nll=-0.3343927 kl=0.0004936308 consistency=0 lambda=0 beta=1 grad=96.21296 horizon=200 lifetime=[467,1932] skipped=False
2026-08-30 22:34:49,370 | INFO | step=13080/20000 loss=0.1510608 nll=0.1504249 kl=0.0006359518 consistency=0 lambda=0 beta=1 grad=299.7269 horizon=600 lifetime=[622,1045] skipped=False
2026-08-30 22:34:49,958 | INFO | step=13090/20000 loss=-1.047009 nll=-1.048272 kl=0.00126338 consistency=0 lambda=0 beta=1 grad=98.14113 horizon=540 lifetime=[559,1834] skipped=False
2026-08-30 22:34:50,472 | INFO | step=13100/20000 loss=-0.1728755 nll=-0.1735893 kl=0.0007137507 consistency=0 lambda=0 beta=1 grad=125.8673 horizon=160 lifetime=[465,2154] skipped=False
2026-08-30 22:34:51,081 | INFO | step=13110/20000 loss=-1.449089 nll=-1.449842 kl=0.0007533431 consistency=0 lambda=0 beta=1 grad=21.34251 horizon=560 lifetime=[648,1081] skipped=False
2026-08-30 22:34:51,867 | INFO | step=13120/20000 loss=-0.3881645 nll=-0.3897265 kl=0.001562029 consistency=0 lambda=0 beta=1 grad=52.07582 horizon=180 lifetime=[442,1007] skipped=False
2026-08-30 22:34:52,551 | INFO | step=13130/20000 loss=-0.3650945 nll=-0.3659324 kl=0.0008379221 consistency=0 lambda=0 beta=1 grad=33.05801 horizon=200 lifetime=[428,1932] skipped=False
2026-08-30 22:34:53,213 | INFO | step=13140/20000 loss=-0.9258406 nll=-0.9262848 kl=0.000444144 consistency=0 lambda=0 beta=1 grad=54.97655 horizon=280 lifetime=[437,1049] skipped=False
2026-08-30 22:34:53,783 | INFO | step=13150/20000 loss=-1.218372 nll=-1.219716 kl=0.001344502 consistency=0 lambda=0 beta=1 grad=35.28134 horizon=340 lifetime=[442,1049] skipped=False
2026-08-30 22:34:54,480 | INFO | step=13160/20000 loss=-1.02034 nll=-1.021232 kl=0.0008918643 consistency=0 lambda=0 beta=1 grad=120.7236 horizon=520 lifetime=[614,1834] skipped=False
2026-08-30 22:34:55,122 | INFO | step=13170/20000 loss=0.05502951 nll=0.05468673 kl=0.0003427863 consistency=0 lambda=0 beta=1 grad=153.4222 horizon=320 lifetime=[443,1834] skipped=False
2026-08-30 22:34:55,733 | INFO | step=13180/20000 loss=-0.0108642 nll=-0.01277561 kl=0.001911417 consistency=0 lambda=0 beta=1 grad=38.14913 horizon=280 lifetime=[442,1858] skipped=False
2026-08-30 22:34:56,365 | INFO | step=13190/20000 loss=-1.461825 nll=-1.464902 kl=0.003076628 consistency=0 lambda=0 beta=1 grad=25.41828 horizon=560 lifetime=[607,872] skipped=False
2026-08-30 22:34:56,942 | INFO | step=13200/20000 loss=-1.051218 nll=-1.052415 kl=0.00119707 consistency=0 lambda=0 beta=1 grad=25.22955 horizon=460 lifetime=[494,1932] skipped=False
2026-08-30 22:34:57,645 | INFO | step=13210/20000 loss=-0.8297632 nll=-0.8326033 kl=0.002840087 consistency=0 lambda=0 beta=1 grad=65.67764 horizon=560 lifetime=[701,1834] skipped=False
2026-08-30 22:34:58,131 | INFO | step=13220/20000 loss=0.3929906 nll=0.3912725 kl=0.001718134 consistency=0 lambda=0 beta=1 grad=136.526 horizon=60 lifetime=[437,930] skipped=False
2026-08-30 22:34:58,784 | INFO | step=13230/20000 loss=-0.2693287 nll=-0.2697302 kl=0.0004015714 consistency=0 lambda=0 beta=1 grad=42.62017 horizon=180 lifetime=[510,909] skipped=False
2026-08-30 22:34:59,288 | INFO | step=13240/20000 loss=-0.7242811 nll=-0.7255062 kl=0.001225084 consistency=0 lambda=0 beta=1 grad=87.87267 horizon=280 lifetime=[334,1081] skipped=False
2026-08-30 22:34:59,979 | INFO | step=13250/20000 loss=-0.6892526 nll=-0.6899157 kl=0.0006630123 consistency=0 lambda=0 beta=1 grad=109.1844 horizon=220 lifetime=[437,863] skipped=False
2026-08-30 22:35:00,544 | INFO | step=13260/20000 loss=-0.7741463 nll=-0.7765932 kl=0.002446964 consistency=0 lambda=0 beta=1 grad=127.3429 horizon=300 lifetime=[494,1834] skipped=False
2026-08-30 22:35:01,058 | INFO | step=13270/20000 loss=-0.4456441 nll=-0.4478294 kl=0.00218536 consistency=0 lambda=0 beta=1 grad=48.03257 horizon=220 lifetime=[464,2154] skipped=False
2026-08-30 22:35:01,675 | INFO | step=13280/20000 loss=0.581825 nll=0.5813908 kl=0.0004341453 consistency=0 lambda=0 beta=1 grad=172.7177 horizon=160 lifetime=[464,942] skipped=False
2026-08-30 22:35:02,297 | INFO | step=13290/20000 loss=-0.612689 nll=-0.6150361 kl=0.002347171 consistency=0 lambda=0 beta=1 grad=120.2413 horizon=600 lifetime=[665,2154] skipped=False
2026-08-30 22:35:02,990 | INFO | step=13300/20000 loss=-0.4237731 nll=-0.4248424 kl=0.001069218 consistency=0 lambda=0 beta=1 grad=118.5622 horizon=360 lifetime=[480,1152] skipped=False
2026-08-30 22:35:03,629 | INFO | step=13310/20000 loss=-1.091111 nll=-1.092016 kl=0.0009049773 consistency=0 lambda=0 beta=1 grad=168.4872 horizon=600 lifetime=[633,1007] skipped=False
2026-08-30 22:35:04,155 | INFO | step=13320/20000 loss=-0.6949722 nll=-0.6966165 kl=0.001644343 consistency=0 lambda=0 beta=1 grad=114.5776 horizon=340 lifetime=[428,1015] skipped=False
2026-08-30 22:35:04,718 | INFO | step=13330/20000 loss=-0.3656877 nll=-0.3690262 kl=0.003338486 consistency=0 lambda=0 beta=1 grad=39.07533 horizon=160 lifetime=[442,906] skipped=False
2026-08-30 22:35:05,361 | INFO | step=13340/20000 loss=0.6724499 nll=0.6708199 kl=0.001629964 consistency=0 lambda=0 beta=1 grad=101.1849 horizon=60 lifetime=[442,991] skipped=False
2026-08-30 22:35:05,926 | INFO | step=13350/20000 loss=-1.477214 nll=-1.478538 kl=0.001324177 consistency=0 lambda=0 beta=1 grad=56.79679 horizon=440 lifetime=[486,786] skipped=False
2026-08-30 22:35:06,538 | INFO | step=13360/20000 loss=-0.8655031 nll=-0.8672287 kl=0.001725614 consistency=0 lambda=0 beta=1 grad=78.23891 horizon=340 lifetime=[437,2154] skipped=False
2026-08-30 22:35:07,128 | INFO | step=13370/20000 loss=-0.9102435 nll=-0.9110795 kl=0.0008360445 consistency=0 lambda=0 beta=1 grad=176.3045 horizon=420 lifetime=[443,1015] skipped=False
2026-08-30 22:35:07,677 | INFO | step=13380/20000 loss=-0.1620986 nll=-0.1657584 kl=0.003659785 consistency=0 lambda=0 beta=1 grad=128.0513 horizon=260 lifetime=[456,1076] skipped=False
2026-08-30 22:35:08,325 | INFO | step=13390/20000 loss=-1.063712 nll=-1.065516 kl=0.001804724 consistency=0 lambda=0 beta=1 grad=253.2737 horizon=600 lifetime=[633,1049] skipped=False
2026-08-30 22:35:09,029 | INFO | step=13400/20000 loss=-1.416513 nll=-1.41861 kl=0.002096444 consistency=0 lambda=0 beta=1 grad=41.99886 horizon=540 lifetime=[559,942] skipped=False
2026-08-30 22:35:09,585 | INFO | step=13410/20000 loss=-0.5097623 nll=-0.5122339 kl=0.002471581 consistency=0 lambda=0 beta=1 grad=42.76747 horizon=260 lifetime=[455,1834] skipped=False
2026-08-30 22:35:10,285 | INFO | step=13420/20000 loss=-0.9802988 nll=-0.9818673 kl=0.001568422 consistency=0 lambda=0 beta=1 grad=89.91607 horizon=500 lifetime=[557,991] skipped=False
2026-08-30 22:35:10,978 | INFO | step=13430/20000 loss=-1.30857 nll=-1.310207 kl=0.00163646 consistency=0 lambda=0 beta=1 grad=131.4465 horizon=500 lifetime=[518,1015] skipped=False
2026-08-30 22:35:11,587 | INFO | step=13440/20000 loss=-0.7501836 nll=-0.7507566 kl=0.0005729795 consistency=0 lambda=0 beta=1 grad=193.6549 horizon=380 lifetime=[428,913] skipped=False
2026-08-30 22:35:12,196 | INFO | step=13450/20000 loss=1.339618 nll=1.33704 kl=0.002577886 consistency=0 lambda=0 beta=1 grad=152.7642 horizon=60 lifetime=[437,1858] skipped=False
2026-08-30 22:35:12,711 | INFO | step=13460/20000 loss=-0.05906551 nll=-0.05968823 kl=0.0006227195 consistency=0 lambda=0 beta=1 grad=241.6698 horizon=260 lifetime=[443,1932] skipped=False
2026-08-30 22:35:13,461 | INFO | step=13470/20000 loss=-1.053502 nll=-1.055883 kl=0.002381101 consistency=0 lambda=0 beta=1 grad=146.1888 horizon=540 lifetime=[656,2154] skipped=False
2026-08-30 22:35:14,196 | INFO | step=13480/20000 loss=-0.2653339 nll=-0.2676067 kl=0.002272844 consistency=0 lambda=0 beta=1 grad=109.5641 horizon=240 lifetime=[539,1052] skipped=False
2026-08-30 22:35:14,816 | INFO | step=13490/20000 loss=-0.5548586 nll=-0.5565322 kl=0.001673594 consistency=0 lambda=0 beta=1 grad=182.6865 horizon=560 lifetime=[622,1932] skipped=False
2026-08-30 22:35:16,559 | INFO | validation step=13500 rmse=128.3479 best=128.1916@13000 stale=1/10
2026-08-30 22:35:16,559 | INFO | step=13500/20000 loss=-0.9803792 nll=-0.9831449 kl=0.00276573 consistency=0 lambda=0 beta=1 grad=156.0055 horizon=400 lifetime=[539,1052] skipped=False
2026-08-30 22:35:17,292 | INFO | step=13510/20000 loss=-0.8822902 nll=-0.883105 kl=0.0008148253 consistency=0 lambda=0 beta=1 grad=144.9419 horizon=340 lifetime=[442,1081] skipped=False
2026-08-30 22:35:17,902 | INFO | step=13520/20000 loss=-0.7774063 nll=-0.7791897 kl=0.001783386 consistency=0 lambda=0 beta=1 grad=106.6739 horizon=540 lifetime=[656,1007] skipped=False
2026-08-30 22:35:18,412 | INFO | step=13530/20000 loss=0.2122213 nll=0.2102464 kl=0.001974896 consistency=0 lambda=0 beta=1 grad=143.734 horizon=280 lifetime=[559,2154] skipped=False
2026-08-30 22:35:18,917 | INFO | step=13540/20000 loss=-0.1812464 nll=-0.1824783 kl=0.001231939 consistency=0 lambda=0 beta=1 grad=62.90574 horizon=120 lifetime=[443,1143] skipped=False
2026-08-30 22:35:19,453 | INFO | step=13550/20000 loss=-0.6548708 nll=-0.6581032 kl=0.003232345 consistency=0 lambda=0 beta=1 grad=34.61009 horizon=260 lifetime=[467,1932] skipped=False
2026-08-30 22:35:20,003 | INFO | step=13560/20000 loss=-0.980101 nll=-0.9806396 kl=0.0005386174 consistency=0 lambda=0 beta=1 grad=67.68042 horizon=420 lifetime=[488,1076] skipped=False
2026-08-30 22:35:20,543 | INFO | step=13570/20000 loss=-0.1676459 nll=-0.1682776 kl=0.00063169 consistency=0 lambda=0 beta=1 grad=58.15221 horizon=180 lifetime=[442,872] skipped=False
2026-08-30 22:35:21,085 | INFO | step=13580/20000 loss=0.3108867 nll=0.3095233 kl=0.001363367 consistency=0 lambda=0 beta=1 grad=62.10612 horizon=100 lifetime=[477,1152] skipped=False
2026-08-30 22:35:21,780 | INFO | step=13590/20000 loss=0.4341294 nll=0.4317083 kl=0.002421096 consistency=0 lambda=0 beta=1 grad=444.1296 horizon=320 lifetime=[500,1834] skipped=False
2026-08-30 22:35:22,455 | INFO | step=13600/20000 loss=-0.6716307 nll=-0.6728956 kl=0.001264885 consistency=0 lambda=0 beta=1 grad=135.2879 horizon=580 lifetime=[656,1152] skipped=False
2026-08-30 22:35:22,991 | INFO | step=13610/20000 loss=-0.09027904 nll=-0.09092689 kl=0.0006478429 consistency=0 lambda=0 beta=1 grad=146.0051 horizon=340 lifetime=[428,1071] skipped=False
2026-08-30 22:35:23,697 | INFO | step=13620/20000 loss=-1.456218 nll=-1.457716 kl=0.001498222 consistency=0 lambda=0 beta=1 grad=64.87553 horizon=560 lifetime=[607,1052] skipped=False
2026-08-30 22:35:24,247 | INFO | step=13630/20000 loss=-1.22276 nll=-1.224724 kl=0.001964018 consistency=0 lambda=0 beta=1 grad=40.18943 horizon=340 lifetime=[462,1834] skipped=False
2026-08-30 22:35:24,885 | INFO | step=13640/20000 loss=-0.2306647 nll=-0.2318514 kl=0.001186743 consistency=0 lambda=0 beta=1 grad=209.6371 horizon=560 lifetime=[687,2154] skipped=False
2026-08-30 22:35:25,418 | INFO | step=13650/20000 loss=-1.558205 nll=-1.560337 kl=0.002132371 consistency=0 lambda=0 beta=1 grad=97.90601 horizon=500 lifetime=[505,991] skipped=False
2026-08-30 22:35:25,981 | INFO | step=13660/20000 loss=0.5996311 nll=0.5990019 kl=0.0006291866 consistency=0 lambda=0 beta=1 grad=443.7369 horizon=340 lifetime=[442,1932] skipped=False
2026-08-30 22:35:26,509 | INFO | step=13670/20000 loss=-1.145133 nll=-1.146913 kl=0.001779243 consistency=0 lambda=0 beta=1 grad=81.11712 horizon=440 lifetime=[477,1143] skipped=False
2026-08-30 22:35:27,124 | INFO | step=13680/20000 loss=-0.880652 nll=-0.8814487 kl=0.0007967651 consistency=0 lambda=0 beta=1 grad=90.16927 horizon=580 lifetime=[607,1081] skipped=False
2026-08-30 22:35:27,650 | INFO | step=13690/20000 loss=-0.2114987 nll=-0.2132809 kl=0.001782209 consistency=0 lambda=0 beta=1 grad=38.00375 horizon=200 lifetime=[460,1000] skipped=False
2026-08-30 22:35:28,263 | INFO | step=13700/20000 loss=-0.3165797 nll=-0.317755 kl=0.001175344 consistency=0 lambda=0 beta=1 grad=161.0559 horizon=300 lifetime=[526,1152] skipped=False
2026-08-30 22:35:28,988 | INFO | step=13710/20000 loss=-1.192158 nll=-1.194534 kl=0.00237599 consistency=0 lambda=0 beta=1 grad=182.7547 horizon=520 lifetime=[539,1282] skipped=False
2026-08-30 22:35:29,494 | INFO | step=13720/20000 loss=-0.2519331 nll=-0.2551092 kl=0.003176093 consistency=0 lambda=0 beta=1 grad=152.3686 horizon=300 lifetime=[428,1143] skipped=False
2026-08-30 22:35:30,316 | INFO | step=13730/20000 loss=-0.7535795 nll=-0.754085 kl=0.0005054772 consistency=0 lambda=0 beta=1 grad=36.71019 horizon=300 lifetime=[512,1152] skipped=False
2026-08-30 22:35:30,898 | INFO | step=13740/20000 loss=-0.5141087 nll=-0.5152796 kl=0.001170933 consistency=0 lambda=0 beta=1 grad=23.48862 horizon=160 lifetime=[486,1052] skipped=False
2026-08-30 22:35:31,413 | INFO | step=13750/20000 loss=0.317493 nll=0.3156962 kl=0.001796782 consistency=0 lambda=0 beta=1 grad=17.06621 horizon=60 lifetime=[500,1076] skipped=False
2026-08-30 22:35:32,026 | INFO | step=13760/20000 loss=0.4131337 nll=0.412069 kl=0.001064658 consistency=0 lambda=0 beta=1 grad=396.972 horizon=560 lifetime=[700,1049] skipped=False
2026-08-30 22:35:32,600 | INFO | step=13770/20000 loss=-1.366782 nll=-1.367474 kl=0.0006921887 consistency=0 lambda=0 beta=1 grad=128.5998 horizon=380 lifetime=[428,913] skipped=False
2026-08-30 22:35:33,259 | INFO | step=13780/20000 loss=-0.5511811 nll=-0.5527638 kl=0.001582682 consistency=0 lambda=0 beta=1 grad=122.0466 horizon=480 lifetime=[498,1143] skipped=False
2026-08-30 22:35:33,775 | INFO | step=13790/20000 loss=-0.6560192 nll=-0.6581945 kl=0.002175301 consistency=0 lambda=0 beta=1 grad=51.3013 horizon=280 lifetime=[437,1071] skipped=False
2026-08-30 22:35:34,402 | INFO | step=13800/20000 loss=-0.9768862 nll=-0.9785979 kl=0.001711816 consistency=0 lambda=0 beta=1 grad=136.1555 horizon=500 lifetime=[559,1049] skipped=False
2026-08-30 22:35:34,870 | INFO | step=13810/20000 loss=0.3717929 nll=0.3676618 kl=0.004131138 consistency=0 lambda=0 beta=1 grad=55.708 horizon=80 lifetime=[453,1045] skipped=False
2026-08-30 22:35:35,386 | INFO | step=13820/20000 loss=-0.3355881 nll=-0.3376452 kl=0.002057076 consistency=0 lambda=0 beta=1 grad=207.0563 horizon=300 lifetime=[428,1049] skipped=False
2026-08-30 22:35:36,046 | INFO | step=13830/20000 loss=-0.6312571 nll=-0.6326032 kl=0.001346111 consistency=0 lambda=0 beta=1 grad=47.65133 horizon=240 lifetime=[442,1071] skipped=False
2026-08-30 22:35:36,692 | INFO | step=13840/20000 loss=-0.5185134 nll=-0.520012 kl=0.00149864 consistency=0 lambda=0 beta=1 grad=357.0502 horizon=560 lifetime=[599,1932] skipped=False
2026-08-30 22:35:37,224 | INFO | step=13850/20000 loss=-1.108055 nll=-1.111026 kl=0.002971619 consistency=0 lambda=0 beta=1 grad=53.3779 horizon=400 lifetime=[443,1049] skipped=False
2026-08-30 22:35:37,754 | INFO | step=13860/20000 loss=-0.3161107 nll=-0.3168187 kl=0.0007079542 consistency=0 lambda=0 beta=1 grad=203.7429 horizon=300 lifetime=[460,915] skipped=False
2026-08-30 22:35:38,411 | INFO | step=13870/20000 loss=-0.6016303 nll=-0.6027014 kl=0.001071066 consistency=0 lambda=0 beta=1 grad=32.05361 horizon=160 lifetime=[456,1049] skipped=False
2026-08-30 22:35:39,040 | INFO | step=13880/20000 loss=-1.314653 nll=-1.316136 kl=0.001483202 consistency=0 lambda=0 beta=1 grad=119.356 horizon=360 lifetime=[453,875] skipped=False
2026-08-30 22:35:39,559 | INFO | step=13890/20000 loss=-0.8959995 nll=-0.8974742 kl=0.001474679 consistency=0 lambda=0 beta=1 grad=178.8618 horizon=560 lifetime=[729,1932] skipped=False
2026-08-30 22:35:40,203 | INFO | step=13900/20000 loss=-0.5821384 nll=-0.5835581 kl=0.001419693 consistency=0 lambda=0 beta=1 grad=258.3304 horizon=340 lifetime=[486,1282] skipped=False
2026-08-30 22:35:40,733 | INFO | step=13910/20000 loss=-1.275097 nll=-1.2765 kl=0.001403004 consistency=0 lambda=0 beta=1 grad=152.7156 horizon=300 lifetime=[480,1000] skipped=False
2026-08-30 22:35:41,277 | INFO | step=13920/20000 loss=-0.6825018 nll=-0.6835505 kl=0.001048684 consistency=0 lambda=0 beta=1 grad=162.7815 horizon=340 lifetime=[443,1834] skipped=False
2026-08-30 22:35:41,923 | INFO | step=13930/20000 loss=-0.1864081 nll=-0.1873564 kl=0.0009482503 consistency=0 lambda=0 beta=1 grad=451.578 horizon=580 lifetime=[607,1045] skipped=False
2026-08-30 22:35:42,612 | INFO | step=13940/20000 loss=-0.945192 nll=-0.9468168 kl=0.001624852 consistency=0 lambda=0 beta=1 grad=31.4706 horizon=420 lifetime=[510,1282] skipped=False
2026-08-30 22:35:43,246 | INFO | step=13950/20000 loss=-1.818348 nll=-1.820734 kl=0.002385944 consistency=0 lambda=0 beta=1 grad=41.29856 horizon=360 lifetime=[437,826] skipped=False
2026-08-30 22:35:43,917 | INFO | step=13960/20000 loss=-0.6651979 nll=-0.6672462 kl=0.002048314 consistency=0 lambda=0 beta=1 grad=61.32693 horizon=320 lifetime=[607,1858] skipped=False
2026-08-30 22:35:44,447 | INFO | step=13970/20000 loss=0.2714664 nll=0.2676639 kl=0.003802508 consistency=0 lambda=0 beta=1 grad=52.20221 horizon=140 lifetime=[147,930] skipped=False
2026-08-30 22:35:44,996 | INFO | step=13980/20000 loss=-0.6044592 nll=-0.6063027 kl=0.001843527 consistency=0 lambda=0 beta=1 grad=275.7796 horizon=520 lifetime=[559,1143] skipped=False
2026-08-30 22:35:45,695 | INFO | step=13990/20000 loss=-0.9152913 nll=-0.9169992 kl=0.001707911 consistency=0 lambda=0 beta=1 grad=264.6849 horizon=480 lifetime=[493,1834] skipped=False
2026-08-30 22:35:47,342 | INFO | validation step=14000 rmse=143.5336 best=128.1916@13000 stale=2/10
2026-08-30 22:35:47,342 | INFO | step=14000/20000 loss=-0.3848067 nll=-0.3854567 kl=0.000649929 consistency=0 lambda=0 beta=1 grad=169.4256 horizon=500 lifetime=[771,2154] skipped=False
2026-08-30 22:35:48,054 | INFO | step=14010/20000 loss=0.4061759 nll=0.4052542 kl=0.0009216964 consistency=0 lambda=0 beta=1 grad=155.2787 horizon=140 lifetime=[462,1282] skipped=False
2026-08-30 22:35:48,708 | INFO | step=14020/20000 loss=-0.2804189 nll=-0.2837444 kl=0.003325462 consistency=0 lambda=0 beta=1 grad=198.1824 horizon=300 lifetime=[443,1081] skipped=False
2026-08-30 22:35:49,261 | INFO | step=14030/20000 loss=-0.8031252 nll=-0.8047557 kl=0.001630485 consistency=0 lambda=0 beta=1 grad=114.0372 horizon=520 lifetime=[700,1834] skipped=False
2026-08-30 22:35:49,673 | INFO | step=14040/20000 loss=0.5846677 nll=0.5815941 kl=0.003073633 consistency=0 lambda=0 beta=1 grad=47.79951 horizon=60 lifetime=[467,1052] skipped=False
2026-08-30 22:35:50,200 | INFO | step=14050/20000 loss=-1.127785 nll=-1.128804 kl=0.001019269 consistency=0 lambda=0 beta=1 grad=23.36653 horizon=240 lifetime=[428,2154] skipped=False
2026-08-30 22:35:50,784 | INFO | step=14060/20000 loss=-1.081734 nll=-1.082901 kl=0.001167178 consistency=0 lambda=0 beta=1 grad=41.394 horizon=260 lifetime=[437,1834] skipped=False
2026-08-30 22:35:51,369 | INFO | step=14070/20000 loss=0.1719295 nll=0.1707003 kl=0.001229256 consistency=0 lambda=0 beta=1 grad=52.55201 horizon=140 lifetime=[456,1834] skipped=False
2026-08-30 22:35:52,010 | INFO | step=14080/20000 loss=-0.3716919 nll=-0.3721964 kl=0.0005045235 consistency=0 lambda=0 beta=1 grad=30.02899 horizon=180 lifetime=[428,1049] skipped=False
2026-08-30 22:35:52,468 | INFO | step=14090/20000 loss=-0.387913 nll=-0.3884996 kl=0.0005865097 consistency=0 lambda=0 beta=1 grad=37.55145 horizon=260 lifetime=[462,1076] skipped=False
2026-08-30 22:35:53,101 | INFO | step=14100/20000 loss=0.5438508 nll=0.541917 kl=0.001933843 consistency=0 lambda=0 beta=1 grad=418.5594 horizon=520 lifetime=[656,1076] skipped=False
2026-08-30 22:35:53,685 | INFO | step=14110/20000 loss=-0.4354854 nll=-0.4366546 kl=0.001169175 consistency=0 lambda=0 beta=1 grad=41.10123 horizon=220 lifetime=[477,2154] skipped=False
2026-08-30 22:35:54,216 | INFO | step=14120/20000 loss=-0.3315829 nll=-0.3324592 kl=0.0008762479 consistency=0 lambda=0 beta=1 grad=116.5205 horizon=300 lifetime=[460,1076] skipped=False
2026-08-30 22:35:54,842 | INFO | step=14130/20000 loss=-0.8856439 nll=-0.8873558 kl=0.001711905 consistency=0 lambda=0 beta=1 grad=68.87006 horizon=420 lifetime=[510,1932] skipped=False
2026-08-30 22:35:55,399 | INFO | step=14140/20000 loss=1.924862 nll=1.923163 kl=0.001698941 consistency=0 lambda=0 beta=1 grad=129.2468 horizon=80 lifetime=[147,1932] skipped=False
2026-08-30 22:35:55,971 | INFO | step=14150/20000 loss=0.3434083 nll=0.3419342 kl=0.001474082 consistency=0 lambda=0 beta=1 grad=32.21225 horizon=80 lifetime=[455,1049] skipped=False
2026-08-30 22:35:56,398 | INFO | step=14160/20000 loss=-0.4124717 nll=-0.4129274 kl=0.0004556477 consistency=0 lambda=0 beta=1 grad=170.5286 horizon=160 lifetime=[428,1932] skipped=False
2026-08-30 22:35:57,104 | INFO | step=14170/20000 loss=-1.00616 nll=-1.006729 kl=0.0005686879 consistency=0 lambda=0 beta=1 grad=165.6457 horizon=380 lifetime=[453,988] skipped=False
2026-08-30 22:35:57,676 | INFO | step=14180/20000 loss=-0.721648 nll=-0.7221146 kl=0.0004665852 consistency=0 lambda=0 beta=1 grad=45.07265 horizon=300 lifetime=[437,887] skipped=False
2026-08-30 22:35:58,327 | INFO | step=14190/20000 loss=-0.4650529 nll=-0.4664585 kl=0.001405597 consistency=0 lambda=0 beta=1 grad=154.7175 horizon=320 lifetime=[512,1000] skipped=False
2026-08-30 22:35:59,010 | INFO | step=14200/20000 loss=-0.6669379 nll=-0.6679324 kl=0.0009944141 consistency=0 lambda=0 beta=1 grad=39.13828 horizon=220 lifetime=[465,1076] skipped=False
2026-08-30 22:35:59,620 | INFO | step=14210/20000 loss=-0.4061069 nll=-0.4069578 kl=0.0008509159 consistency=0 lambda=0 beta=1 grad=65.16821 horizon=140 lifetime=[443,1282] skipped=False
2026-08-30 22:36:00,275 | INFO | step=14220/20000 loss=-0.325645 nll=-0.3280929 kl=0.002447873 consistency=0 lambda=0 beta=1 grad=177.8809 horizon=280 lifetime=[437,1858] skipped=False
2026-08-30 22:36:00,802 | INFO | step=14230/20000 loss=-1.478106 nll=-1.48087 kl=0.002763957 consistency=0 lambda=0 beta=1 grad=65.66097 horizon=380 lifetime=[494,1071] skipped=False
2026-08-30 22:36:01,445 | INFO | step=14240/20000 loss=-0.9931358 nll=-0.9940135 kl=0.0008777082 consistency=0 lambda=0 beta=1 grad=254.0589 horizon=460 lifetime=[464,1932] skipped=False
2026-08-30 22:36:02,053 | INFO | step=14250/20000 loss=-1.34454 nll=-1.345093 kl=0.0005531609 consistency=0 lambda=0 beta=1 grad=95.79404 horizon=360 lifetime=[467,1015] skipped=False
2026-08-30 22:36:02,701 | INFO | step=14260/20000 loss=-1.097386 nll=-1.09899 kl=0.001603708 consistency=0 lambda=0 beta=1 grad=114.3093 horizon=480 lifetime=[494,933] skipped=False
2026-08-30 22:36:03,374 | INFO | step=14270/20000 loss=-0.3959697 nll=-0.3967198 kl=0.0007501245 consistency=0 lambda=0 beta=1 grad=198.9239 horizon=360 lifetime=[428,1081] skipped=False
2026-08-30 22:36:03,892 | INFO | step=14280/20000 loss=-0.5593201 nll=-0.5620052 kl=0.00268504 consistency=0 lambda=0 beta=1 grad=306.2094 horizon=540 lifetime=[675,1834] skipped=False
2026-08-30 22:36:04,532 | INFO | step=14290/20000 loss=0.5783809 nll=0.5773975 kl=0.000983417 consistency=0 lambda=0 beta=1 grad=82.16727 horizon=100 lifetime=[428,2154] skipped=False
2026-08-30 22:36:05,186 | INFO | step=14300/20000 loss=-1.11435 nll=-1.116393 kl=0.002043128 consistency=0 lambda=0 beta=1 grad=60.51507 horizon=300 lifetime=[453,1007] skipped=False
2026-08-30 22:36:05,759 | INFO | step=14310/20000 loss=-0.8666061 nll=-0.8674535 kl=0.0008473694 consistency=0 lambda=0 beta=1 grad=320.3117 horizon=400 lifetime=[442,1007] skipped=False
2026-08-30 22:36:06,440 | INFO | step=14320/20000 loss=-1.021435 nll=-1.022098 kl=0.0006624162 consistency=0 lambda=0 beta=1 grad=187.3603 horizon=500 lifetime=[534,1834] skipped=False
2026-08-30 22:36:07,032 | INFO | step=14330/20000 loss=-0.525362 nll=-0.5265906 kl=0.001228601 consistency=0 lambda=0 beta=1 grad=92.76958 horizon=180 lifetime=[460,933] skipped=False
2026-08-30 22:36:07,632 | INFO | step=14340/20000 loss=-1.415156 nll=-1.418988 kl=0.003832117 consistency=0 lambda=0 beta=1 grad=127.314 horizon=600 lifetime=[677,1052] skipped=False
2026-08-30 22:36:08,191 | INFO | step=14350/20000 loss=-0.4501287 nll=-0.4510992 kl=0.0009705126 consistency=0 lambda=0 beta=1 grad=88.33192 horizon=340 lifetime=[505,1932] skipped=False
2026-08-30 22:36:08,787 | INFO | step=14360/20000 loss=0.2179966 nll=0.2174621 kl=0.000534445 consistency=0 lambda=0 beta=1 grad=68.65998 horizon=140 lifetime=[510,1152] skipped=False
2026-08-30 22:36:09,350 | INFO | step=14370/20000 loss=-0.6111222 nll=-0.6130411 kl=0.001918912 consistency=0 lambda=0 beta=1 grad=35.16509 horizon=120 lifetime=[428,906] skipped=False
2026-08-30 22:36:09,951 | INFO | step=14380/20000 loss=-0.9784737 nll=-0.9791859 kl=0.0007123053 consistency=0 lambda=0 beta=1 grad=225.1421 horizon=500 lifetime=[607,1007] skipped=False
2026-08-30 22:36:10,673 | INFO | step=14390/20000 loss=-0.9892171 nll=-0.9908775 kl=0.001660407 consistency=0 lambda=0 beta=1 grad=112.9706 horizon=300 lifetime=[428,933] skipped=False
2026-08-30 22:36:11,353 | INFO | step=14400/20000 loss=-0.5554528 nll=-0.5562825 kl=0.0008297563 consistency=0 lambda=0 beta=1 grad=28.16846 horizon=140 lifetime=[460,872] skipped=False
2026-08-30 22:36:11,955 | INFO | step=14410/20000 loss=-0.05237655 nll=-0.05413885 kl=0.001762301 consistency=0 lambda=0 beta=1 grad=173.638 horizon=140 lifetime=[510,1858] skipped=False
2026-08-30 22:36:12,396 | INFO | step=14420/20000 loss=-0.8240125 nll=-0.8248133 kl=0.000800848 consistency=0 lambda=0 beta=1 grad=19.08304 horizon=200 lifetime=[437,1081] skipped=False
2026-08-30 22:36:12,955 | INFO | step=14430/20000 loss=0.6482354 nll=0.6470845 kl=0.001150906 consistency=0 lambda=0 beta=1 grad=262.3974 horizon=320 lifetime=[428,1152] skipped=False
2026-08-30 22:36:13,553 | INFO | step=14440/20000 loss=-0.76632 nll=-0.7684602 kl=0.002140164 consistency=0 lambda=0 beta=1 grad=117.4012 horizon=240 lifetime=[453,1152] skipped=False
2026-08-30 22:36:14,007 | INFO | step=14450/20000 loss=-0.8362883 nll=-0.8374562 kl=0.001167923 consistency=0 lambda=0 beta=1 grad=47.97098 horizon=300 lifetime=[464,988] skipped=False
2026-08-30 22:36:14,771 | INFO | step=14460/20000 loss=-0.6837997 nll=-0.6874025 kl=0.003602713 consistency=0 lambda=0 beta=1 grad=126.5885 horizon=600 lifetime=[742,1932] skipped=False
2026-08-30 22:36:15,171 | INFO | step=14470/20000 loss=-0.4651811 nll=-0.4669705 kl=0.001789391 consistency=0 lambda=0 beta=1 grad=62.06625 horizon=180 lifetime=[334,1834] skipped=False
2026-08-30 22:36:15,712 | INFO | step=14480/20000 loss=-0.1073523 nll=-0.1106197 kl=0.003267348 consistency=0 lambda=0 beta=1 grad=33.46706 horizon=100 lifetime=[437,860] skipped=False
2026-08-30 22:36:16,297 | INFO | step=14490/20000 loss=0.2491624 nll=0.24819 kl=0.0009724498 consistency=0 lambda=0 beta=1 grad=69.2499 horizon=140 lifetime=[334,1858] skipped=False
2026-08-30 22:36:17,922 | INFO | validation step=14500 rmse=128.9107 best=128.1916@13000 stale=3/10
2026-08-30 22:36:17,922 | INFO | step=14500/20000 loss=-1.300034 nll=-1.301007 kl=0.0009734929 consistency=0 lambda=0 beta=1 grad=27.10056 horizon=240 lifetime=[428,1052] skipped=False
2026-08-30 22:36:18,695 | INFO | step=14510/20000 loss=-0.6106279 nll=-0.6118946 kl=0.001266748 consistency=0 lambda=0 beta=1 grad=185.2664 horizon=580 lifetime=[675,1152] skipped=False
2026-08-30 22:36:19,264 | INFO | step=14520/20000 loss=-0.3883172 nll=-0.3891874 kl=0.000870198 consistency=0 lambda=0 beta=1 grad=74.32318 horizon=240 lifetime=[622,1045] skipped=False
2026-08-30 22:36:19,844 | INFO | step=14530/20000 loss=-0.822247 nll=-0.8227665 kl=0.0005195141 consistency=0 lambda=0 beta=1 grad=146.1627 horizon=340 lifetime=[498,2154] skipped=False
2026-08-30 22:36:20,339 | INFO | step=14540/20000 loss=-1.485983 nll=-1.487636 kl=0.001653641 consistency=0 lambda=0 beta=1 grad=215.6542 horizon=480 lifetime=[486,988] skipped=False
2026-08-30 22:36:20,889 | INFO | step=14550/20000 loss=-0.2930897 nll=-0.2938436 kl=0.000753969 consistency=0 lambda=0 beta=1 grad=198.3909 horizon=440 lifetime=[512,1049] skipped=False
2026-08-30 22:36:21,497 | INFO | step=14560/20000 loss=-1.410937 nll=-1.411919 kl=0.0009817183 consistency=0 lambda=0 beta=1 grad=100.2907 horizon=380 lifetime=[443,1000] skipped=False
2026-08-30 22:36:22,067 | INFO | step=14570/20000 loss=0.6130621 nll=0.6107506 kl=0.002311617 consistency=0 lambda=0 beta=1 grad=635.5688 horizon=500 lifetime=[526,1076] skipped=False
2026-08-30 22:36:22,611 | INFO | step=14580/20000 loss=-0.2340341 nll=-0.2364403 kl=0.00240618 consistency=0 lambda=0 beta=1 grad=387.4762 horizon=420 lifetime=[480,2154] skipped=False
2026-08-30 22:36:23,179 | INFO | step=14590/20000 loss=0.2682961 nll=0.26769 kl=0.00060606 consistency=0 lambda=0 beta=1 grad=137.008 horizon=200 lifetime=[482,1858] skipped=False
2026-08-30 22:36:23,945 | INFO | step=14600/20000 loss=0.08231217 nll=0.08178142 kl=0.0005307496 consistency=0 lambda=0 beta=1 grad=171.1917 horizon=500 lifetime=[510,1932] skipped=False
2026-08-30 22:36:24,555 | INFO | step=14610/20000 loss=-0.6227776 nll=-0.6243294 kl=0.001551837 consistency=0 lambda=0 beta=1 grad=142.5881 horizon=460 lifetime=[498,1834] skipped=False
2026-08-30 22:36:25,145 | INFO | step=14620/20000 loss=-1.016959 nll=-1.017853 kl=0.0008938611 consistency=0 lambda=0 beta=1 grad=55.04066 horizon=460 lifetime=[462,1932] skipped=False
2026-08-30 22:36:25,802 | INFO | step=14630/20000 loss=-1.255185 nll=-1.255533 kl=0.0003477931 consistency=0 lambda=0 beta=1 grad=145.4316 horizon=360 lifetime=[455,1049] skipped=False
2026-08-30 22:36:26,284 | INFO | step=14640/20000 loss=0.2014848 nll=0.1974932 kl=0.003991574 consistency=0 lambda=0 beta=1 grad=42.61384 horizon=60 lifetime=[443,1071] skipped=False
2026-08-30 22:36:26,880 | INFO | step=14650/20000 loss=-1.467066 nll=-1.468087 kl=0.001021087 consistency=0 lambda=0 beta=1 grad=28.88514 horizon=360 lifetime=[465,1071] skipped=False
2026-08-30 22:36:27,471 | INFO | step=14660/20000 loss=-0.949553 nll=-0.9507651 kl=0.00121209 consistency=0 lambda=0 beta=1 grad=131.0436 horizon=580 lifetime=[648,1049] skipped=False
2026-08-30 22:36:28,174 | INFO | step=14670/20000 loss=-1.131904 nll=-1.133006 kl=0.001101762 consistency=0 lambda=0 beta=1 grad=134.6086 horizon=440 lifetime=[460,1282] skipped=False
2026-08-30 22:36:28,708 | INFO | step=14680/20000 loss=0.4559933 nll=0.451855 kl=0.004138231 consistency=0 lambda=0 beta=1 grad=46.90424 horizon=60 lifetime=[534,1834] skipped=False
2026-08-30 22:36:29,284 | INFO | step=14690/20000 loss=-1.085069 nll=-1.086118 kl=0.00104925 consistency=0 lambda=0 beta=1 grad=50.24039 horizon=600 lifetime=[773,1858] skipped=False
2026-08-30 22:36:29,827 | INFO | step=14700/20000 loss=-0.316752 nll=-0.3190988 kl=0.002346814 consistency=0 lambda=0 beta=1 grad=48.79211 horizon=80 lifetime=[334,760] skipped=False
2026-08-30 22:36:30,443 | INFO | step=14710/20000 loss=-0.3071299 nll=-0.3083996 kl=0.001269728 consistency=0 lambda=0 beta=1 grad=462.7107 horizon=560 lifetime=[614,1071] skipped=False
2026-08-30 22:36:31,012 | INFO | step=14720/20000 loss=-0.8418348 nll=-0.8440373 kl=0.002202451 consistency=0 lambda=0 beta=1 grad=116.8477 horizon=440 lifetime=[493,1834] skipped=False
2026-08-30 22:36:31,613 | INFO | step=14730/20000 loss=-0.002419353 nll=-0.004158258 kl=0.001738906 consistency=0 lambda=0 beta=1 grad=108.2521 horizon=260 lifetime=[518,1858] skipped=False
2026-08-30 22:36:32,195 | INFO | step=14740/20000 loss=-1.285968 nll=-1.287206 kl=0.001238227 consistency=0 lambda=0 beta=1 grad=56.70009 horizon=400 lifetime=[437,1858] skipped=False
2026-08-30 22:36:32,900 | INFO | step=14750/20000 loss=-1.064279 nll=-1.06623 kl=0.001950711 consistency=0 lambda=0 beta=1 grad=175.4118 horizon=480 lifetime=[482,1143] skipped=False
2026-08-30 22:36:33,380 | INFO | step=14760/20000 loss=-0.218348 nll=-0.2189286 kl=0.000580579 consistency=0 lambda=0 beta=1 grad=31.12381 horizon=200 lifetime=[462,1081] skipped=False
2026-08-30 22:36:34,036 | INFO | step=14770/20000 loss=-0.6730927 nll=-0.673848 kl=0.0007552803 consistency=0 lambda=0 beta=1 grad=256.1815 horizon=440 lifetime=[512,2154] skipped=False
2026-08-30 22:36:34,550 | INFO | step=14780/20000 loss=-0.2154115 nll=-0.2164802 kl=0.001068741 consistency=0 lambda=0 beta=1 grad=64.92771 horizon=140 lifetime=[465,1932] skipped=False
2026-08-30 22:36:35,068 | INFO | step=14790/20000 loss=-0.9116642 nll=-0.9133925 kl=0.001728266 consistency=0 lambda=0 beta=1 grad=213.4377 horizon=320 lifetime=[518,1282] skipped=False
2026-08-30 22:36:35,615 | INFO | step=14800/20000 loss=-1.530015 nll=-1.530618 kl=0.000603348 consistency=0 lambda=0 beta=1 grad=32.45422 horizon=440 lifetime=[455,909] skipped=False
2026-08-30 22:36:36,240 | INFO | step=14810/20000 loss=-0.8297454 nll=-0.8312145 kl=0.001469165 consistency=0 lambda=0 beta=1 grad=61.63772 horizon=520 lifetime=[677,1045] skipped=False
2026-08-30 22:36:36,857 | INFO | step=14820/20000 loss=-0.79018 nll=-0.7911234 kl=0.0009434819 consistency=0 lambda=0 beta=1 grad=91.38747 horizon=360 lifetime=[467,1071] skipped=False
2026-08-30 22:36:37,462 | INFO | step=14830/20000 loss=-0.7783555 nll=-0.7793591 kl=0.001003593 consistency=0 lambda=0 beta=1 grad=220.3018 horizon=280 lifetime=[480,706] skipped=False
2026-08-30 22:36:38,025 | INFO | step=14840/20000 loss=-0.5935919 nll=-0.5948449 kl=0.001253009 consistency=0 lambda=0 beta=1 grad=96.90301 horizon=300 lifetime=[498,1834] skipped=False
2026-08-30 22:36:38,731 | INFO | step=14850/20000 loss=-1.178784 nll=-1.180882 kl=0.002097338 consistency=0 lambda=0 beta=1 grad=124.7246 horizon=600 lifetime=[633,2154] skipped=False
2026-08-30 22:36:39,222 | INFO | step=14860/20000 loss=-0.0698317 nll=-0.07271588 kl=0.002884179 consistency=0 lambda=0 beta=1 grad=22.95543 horizon=140 lifetime=[456,988] skipped=False
2026-08-30 22:36:39,831 | INFO | step=14870/20000 loss=-0.3933809 nll=-0.3947524 kl=0.001371503 consistency=0 lambda=0 beta=1 grad=31.82991 horizon=140 lifetime=[465,1932] skipped=False
2026-08-30 22:36:40,380 | INFO | step=14880/20000 loss=0.0255733 nll=0.02471103 kl=0.0008622706 consistency=0 lambda=0 beta=1 grad=143.654 horizon=220 lifetime=[477,1282] skipped=False
2026-08-30 22:36:41,002 | INFO | step=14890/20000 loss=0.6343723 nll=0.6330703 kl=0.001301944 consistency=0 lambda=0 beta=1 grad=428.8139 horizon=600 lifetime=[607,1858] skipped=False
2026-08-30 22:36:41,544 | INFO | step=14900/20000 loss=-0.510403 nll=-0.5119331 kl=0.001530111 consistency=0 lambda=0 beta=1 grad=50.00379 horizon=220 lifetime=[428,1049] skipped=False
2026-08-30 22:36:42,059 | INFO | step=14910/20000 loss=0.54119 nll=0.5386479 kl=0.002542108 consistency=0 lambda=0 beta=1 grad=213.2254 horizon=280 lifetime=[428,1152] skipped=False
2026-08-30 22:36:42,716 | INFO | step=14920/20000 loss=-1.235336 nll=-1.237362 kl=0.002025843 consistency=0 lambda=0 beta=1 grad=197.9336 horizon=300 lifetime=[334,1049] skipped=False
2026-08-30 22:36:43,152 | INFO | step=14930/20000 loss=-0.6274602 nll=-0.6296848 kl=0.002224624 consistency=0 lambda=0 beta=1 grad=189.5565 horizon=340 lifetime=[488,1076] skipped=False
2026-08-30 22:36:43,728 | INFO | step=14940/20000 loss=0.2952422 nll=0.2926394 kl=0.002602816 consistency=0 lambda=0 beta=1 grad=40.86041 horizon=120 lifetime=[533,1858] skipped=False
2026-08-30 22:36:44,394 | INFO | step=14950/20000 loss=-0.06072454 nll=-0.06260945 kl=0.001884907 consistency=0 lambda=0 beta=1 grad=488.9253 horizon=560 lifetime=[622,1081] skipped=False
2026-08-30 22:36:44,862 | INFO | step=14960/20000 loss=-0.1002504 nll=-0.1020241 kl=0.001773655 consistency=0 lambda=0 beta=1 grad=54.75991 horizon=160 lifetime=[428,1152] skipped=False
2026-08-30 22:36:45,427 | INFO | step=14970/20000 loss=-0.8859367 nll=-0.8867759 kl=0.000839144 consistency=0 lambda=0 beta=1 grad=142.1379 horizon=480 lifetime=[526,1052] skipped=False
2026-08-30 22:36:45,981 | INFO | step=14980/20000 loss=-0.9971194 nll=-0.9977239 kl=0.0006045103 consistency=0 lambda=0 beta=1 grad=219.256 horizon=540 lifetime=[622,991] skipped=False
2026-08-30 22:36:46,690 | INFO | step=14990/20000 loss=-1.078701 nll=-1.079651 kl=0.000949651 consistency=0 lambda=0 beta=1 grad=28.01589 horizon=600 lifetime=[633,1834] skipped=False
2026-08-30 22:36:48,405 | INFO | validation step=15000 rmse=115.8968 best=115.8968@15000 stale=0/10
2026-08-30 22:36:48,405 | INFO | step=15000/20000 loss=-0.8506675 nll=-0.8526595 kl=0.001991928 consistency=0 lambda=0 beta=1 grad=26.68741 horizon=240 lifetime=[498,1052] skipped=False
2026-08-30 22:36:49,258 | INFO | step=15010/20000 loss=-1.011084 nll=-1.013556 kl=0.002472728 consistency=0 lambda=0 beta=1 grad=163.1649 horizon=420 lifetime=[482,1007] skipped=False
2026-08-30 22:36:49,817 | INFO | step=15020/20000 loss=0.4709775 nll=0.4699686 kl=0.001008898 consistency=0 lambda=0 beta=1 grad=81.88143 horizon=100 lifetime=[462,871] skipped=False
2026-08-30 22:36:50,462 | INFO | step=15030/20000 loss=0.78365 nll=0.7817951 kl=0.001854926 consistency=0 lambda=0 beta=1 grad=63.09148 horizon=120 lifetime=[467,1858] skipped=False
2026-08-30 22:36:51,023 | INFO | step=15040/20000 loss=-0.580511 nll=-0.5810621 kl=0.0005511343 consistency=0 lambda=0 beta=1 grad=126.4907 horizon=180 lifetime=[453,877] skipped=False
2026-08-30 22:36:51,642 | INFO | step=15050/20000 loss=-1.305134 nll=-1.306025 kl=0.0008907914 consistency=0 lambda=0 beta=1 grad=226.9761 horizon=540 lifetime=[559,1000] skipped=False
2026-08-30 22:36:52,260 | INFO | step=15060/20000 loss=-1.551104 nll=-1.552185 kl=0.001080602 consistency=0 lambda=0 beta=1 grad=62.58624 horizon=340 lifetime=[442,921] skipped=False
2026-08-30 22:36:52,741 | INFO | step=15070/20000 loss=-0.1335122 nll=-0.1344918 kl=0.0009795427 consistency=0 lambda=0 beta=1 grad=24.78632 horizon=120 lifetime=[437,1049] skipped=False
2026-08-30 22:36:53,288 | INFO | step=15080/20000 loss=-1.363701 nll=-1.364715 kl=0.001014233 consistency=0 lambda=0 beta=1 grad=38.82893 horizon=280 lifetime=[442,942] skipped=False
2026-08-30 22:36:53,873 | INFO | step=15090/20000 loss=0.3842885 nll=0.382893 kl=0.001395494 consistency=0 lambda=0 beta=1 grad=34.38216 horizon=100 lifetime=[518,1049] skipped=False
2026-08-30 22:36:54,316 | INFO | step=15100/20000 loss=0.1190497 nll=0.1181263 kl=0.0009233952 consistency=0 lambda=0 beta=1 grad=153.9008 horizon=180 lifetime=[456,1152] skipped=False
2026-08-30 22:36:54,781 | INFO | step=15110/20000 loss=-0.1395212 nll=-0.1410211 kl=0.001499861 consistency=0 lambda=0 beta=1 grad=38.76018 horizon=60 lifetime=[442,869] skipped=False
2026-08-30 22:36:55,377 | INFO | step=15120/20000 loss=-0.7288864 nll=-0.7296952 kl=0.0008088052 consistency=0 lambda=0 beta=1 grad=107.4763 horizon=260 lifetime=[493,1858] skipped=False
2026-08-30 22:36:55,938 | INFO | step=15130/20000 loss=0.8327708 nll=0.8309383 kl=0.001832426 consistency=0 lambda=0 beta=1 grad=125.0511 horizon=60 lifetime=[455,1152] skipped=False
2026-08-30 22:36:56,578 | INFO | step=15140/20000 loss=-0.6152789 nll=-0.6159143 kl=0.0006354451 consistency=0 lambda=0 beta=1 grad=268.9076 horizon=460 lifetime=[462,1152] skipped=False
2026-08-30 22:36:57,198 | INFO | step=15150/20000 loss=-0.3285016 nll=-0.3291853 kl=0.0006837249 consistency=0 lambda=0 beta=1 grad=43.96255 horizon=160 lifetime=[477,991] skipped=False
2026-08-30 22:36:57,875 | INFO | step=15160/20000 loss=-0.2743547 nll=-0.2754593 kl=0.001104534 consistency=0 lambda=0 beta=1 grad=54.66555 horizon=100 lifetime=[462,826] skipped=False
2026-08-30 22:36:58,488 | INFO | step=15170/20000 loss=-0.1288619 nll=-0.1298504 kl=0.0009884536 consistency=0 lambda=0 beta=1 grad=67.46783 horizon=120 lifetime=[460,1834] skipped=False
2026-08-30 22:36:59,185 | INFO | step=15180/20000 loss=-1.219346 nll=-1.220611 kl=0.001264662 consistency=0 lambda=0 beta=1 grad=83.49436 horizon=600 lifetime=[656,1282] skipped=False
2026-08-30 22:36:59,784 | INFO | step=15190/20000 loss=0.05138135 nll=0.05031636 kl=0.001064986 consistency=0 lambda=0 beta=1 grad=10.6892 horizon=100 lifetime=[147,1071] skipped=False
2026-08-30 22:37:00,506 | INFO | step=15200/20000 loss=-1.160549 nll=-1.161202 kl=0.0006529689 consistency=0 lambda=0 beta=1 grad=169.3242 horizon=380 lifetime=[428,826] skipped=False
2026-08-30 22:37:01,070 | INFO | step=15210/20000 loss=-0.9106126 nll=-0.9118 kl=0.001187384 consistency=0 lambda=0 beta=1 grad=188.6929 horizon=580 lifetime=[599,2154] skipped=False
2026-08-30 22:37:01,579 | INFO | step=15220/20000 loss=1.167904 nll=1.166764 kl=0.001140267 consistency=0 lambda=0 beta=1 grad=77.43694 horizon=80 lifetime=[462,1282] skipped=False
2026-08-30 22:37:02,176 | INFO | step=15230/20000 loss=2.086561 nll=2.085294 kl=0.001266956 consistency=0 lambda=0 beta=1 grad=215.1268 horizon=120 lifetime=[147,1932] skipped=False
2026-08-30 22:37:02,695 | INFO | step=15240/20000 loss=-0.8919727 nll=-0.8947055 kl=0.002732784 consistency=0 lambda=0 beta=1 grad=89.26365 horizon=500 lifetime=[675,1932] skipped=False
2026-08-30 22:37:03,294 | INFO | step=15250/20000 loss=-1.195642 nll=-1.19764 kl=0.001998633 consistency=0 lambda=0 beta=1 grad=64.19614 horizon=260 lifetime=[334,1052] skipped=False
2026-08-30 22:37:03,786 | INFO | step=15260/20000 loss=-0.5371094 nll=-0.5381398 kl=0.001030445 consistency=0 lambda=0 beta=1 grad=105.4015 horizon=200 lifetime=[428,906] skipped=False
2026-08-30 22:37:04,430 | INFO | step=15270/20000 loss=-0.2093674 nll=-0.210567 kl=0.001199603 consistency=0 lambda=0 beta=1 grad=339.5254 horizon=380 lifetime=[428,1834] skipped=False
2026-08-30 22:37:04,998 | INFO | step=15280/20000 loss=-1.306519 nll=-1.308063 kl=0.00154376 consistency=0 lambda=0 beta=1 grad=61.48311 horizon=380 lifetime=[456,913] skipped=False
2026-08-30 22:37:05,585 | INFO | step=15290/20000 loss=-1.883122 nll=-1.88437 kl=0.00124836 consistency=0 lambda=0 beta=1 grad=88.28261 horizon=460 lifetime=[482,856] skipped=False
2026-08-30 22:37:06,174 | INFO | step=15300/20000 loss=0.1120325 nll=0.1100532 kl=0.001979321 consistency=0 lambda=0 beta=1 grad=22.95311 horizon=80 lifetime=[456,1081] skipped=False
2026-08-30 22:37:06,803 | INFO | step=15310/20000 loss=-1.293174 nll=-1.29388 kl=0.0007059872 consistency=0 lambda=0 beta=1 grad=104.8265 horizon=460 lifetime=[462,988] skipped=False
2026-08-30 22:37:07,343 | INFO | step=15320/20000 loss=-0.7812309 nll=-0.7825034 kl=0.00127244 consistency=0 lambda=0 beta=1 grad=401.7451 horizon=480 lifetime=[488,1932] skipped=False
2026-08-30 22:37:07,875 | INFO | step=15330/20000 loss=0.1146702 nll=0.1118523 kl=0.002817929 consistency=0 lambda=0 beta=1 grad=84.87846 horizon=80 lifetime=[428,1007] skipped=False
2026-08-30 22:37:08,470 | INFO | step=15340/20000 loss=-0.730327 nll=-0.7318316 kl=0.001504511 consistency=0 lambda=0 beta=1 grad=184.5549 horizon=540 lifetime=[614,1834] skipped=False
2026-08-30 22:37:08,996 | INFO | step=15350/20000 loss=-0.1439847 nll=-0.1450044 kl=0.001019657 consistency=0 lambda=0 beta=1 grad=224.7445 horizon=520 lifetime=[599,1834] skipped=False
2026-08-30 22:37:09,693 | INFO | step=15360/20000 loss=-0.900492 nll=-0.9025613 kl=0.002069294 consistency=0 lambda=0 beta=1 grad=125.3756 horizon=300 lifetime=[464,1282] skipped=False
2026-08-30 22:37:10,363 | INFO | step=15370/20000 loss=-1.15467 nll=-1.155975 kl=0.001304299 consistency=0 lambda=0 beta=1 grad=145.0261 horizon=380 lifetime=[437,1071] skipped=False
2026-08-30 22:37:10,951 | INFO | step=15380/20000 loss=-0.9810694 nll=-0.9819483 kl=0.0008788705 consistency=0 lambda=0 beta=1 grad=45.413 horizon=220 lifetime=[480,1071] skipped=False
2026-08-30 22:37:11,518 | INFO | step=15390/20000 loss=-1.110989 nll=-1.112842 kl=0.001852632 consistency=0 lambda=0 beta=1 grad=266.8107 horizon=560 lifetime=[614,1045] skipped=False
2026-08-30 22:37:12,043 | INFO | step=15400/20000 loss=0.3168471 nll=0.3162408 kl=0.0006063879 consistency=0 lambda=0 beta=1 grad=403.6955 horizon=560 lifetime=[700,1045] skipped=False
2026-08-30 22:37:12,494 | INFO | step=15410/20000 loss=0.1285656 nll=0.1272366 kl=0.001329005 consistency=0 lambda=0 beta=1 grad=408.8139 horizon=520 lifetime=[557,1049] skipped=False
2026-08-30 22:37:13,090 | INFO | step=15420/20000 loss=0.3007399 nll=0.3001116 kl=0.0006282926 consistency=0 lambda=0 beta=1 grad=457.4761 horizon=420 lifetime=[455,988] skipped=False
2026-08-30 22:37:13,783 | INFO | step=15430/20000 loss=-1.261324 nll=-1.262033 kl=0.0007086396 consistency=0 lambda=0 beta=1 grad=64.34579 horizon=420 lifetime=[460,1000] skipped=False
2026-08-30 22:37:14,359 | INFO | step=15440/20000 loss=-0.2269765 nll=-0.2296806 kl=0.002704114 consistency=0 lambda=0 beta=1 grad=23.7509 horizon=140 lifetime=[465,1049] skipped=False
2026-08-30 22:37:15,031 | INFO | step=15450/20000 loss=-1.10867 nll=-1.109472 kl=0.0008022189 consistency=0 lambda=0 beta=1 grad=103.5637 horizon=400 lifetime=[599,1152] skipped=False
2026-08-30 22:37:15,570 | INFO | step=15460/20000 loss=-0.8124057 nll=-0.8133882 kl=0.0009824932 consistency=0 lambda=0 beta=1 grad=32.50197 horizon=220 lifetime=[437,1049] skipped=False
2026-08-30 22:37:16,170 | INFO | step=15470/20000 loss=-1.371078 nll=-1.372018 kl=0.0009396076 consistency=0 lambda=0 beta=1 grad=60.90319 horizon=560 lifetime=[607,1932] skipped=False
2026-08-30 22:37:16,715 | INFO | step=15480/20000 loss=-0.8344714 nll=-0.8365058 kl=0.002034366 consistency=0 lambda=0 beta=1 grad=178.2766 horizon=360 lifetime=[453,1143] skipped=False
2026-08-30 22:37:17,362 | INFO | step=15490/20000 loss=-0.78443 nll=-0.7857193 kl=0.001289308 consistency=0 lambda=0 beta=1 grad=305.4348 horizon=540 lifetime=[633,1143] skipped=False
2026-08-30 22:37:19,056 | INFO | validation step=15500 rmse=116.8703 best=115.8968@15000 stale=1/10
2026-08-30 22:37:19,056 | INFO | step=15500/20000 loss=-0.789336 nll=-0.7902137 kl=0.0008777678 consistency=0 lambda=0 beta=1 grad=107.2002 horizon=340 lifetime=[462,930] skipped=False
2026-08-30 22:37:19,696 | INFO | step=15510/20000 loss=0.5333505 nll=0.5309649 kl=0.002385557 consistency=0 lambda=0 beta=1 grad=56.70107 horizon=60 lifetime=[498,1858] skipped=False
2026-08-30 22:37:20,244 | INFO | step=15520/20000 loss=-0.5061841 nll=-0.507418 kl=0.001233935 consistency=0 lambda=0 beta=1 grad=142.5657 horizon=600 lifetime=[701,1932] skipped=False
2026-08-30 22:37:20,759 | INFO | step=15530/20000 loss=-0.8755844 nll=-0.8765152 kl=0.0009308755 consistency=0 lambda=0 beta=1 grad=59.56385 horizon=240 lifetime=[539,913] skipped=False
2026-08-30 22:37:21,305 | INFO | step=15540/20000 loss=-1.380208 nll=-1.381317 kl=0.001109868 consistency=0 lambda=0 beta=1 grad=112.39 horizon=580 lifetime=[622,1081] skipped=False
2026-08-30 22:37:21,909 | INFO | step=15550/20000 loss=0.1899208 nll=0.1888847 kl=0.001036018 consistency=0 lambda=0 beta=1 grad=417.8766 horizon=600 lifetime=[633,988] skipped=False
2026-08-30 22:37:22,449 | INFO | step=15560/20000 loss=0.1937762 nll=0.1927874 kl=0.0009888113 consistency=0 lambda=0 beta=1 grad=30.73402 horizon=100 lifetime=[467,1081] skipped=False
2026-08-30 22:37:23,124 | INFO | step=15570/20000 loss=-0.841023 nll=-0.8418496 kl=0.0008265972 consistency=0 lambda=0 beta=1 grad=181.5076 horizon=580 lifetime=[633,1152] skipped=False
2026-08-30 22:37:23,724 | INFO | step=15580/20000 loss=-0.04934548 nll=-0.05262165 kl=0.003276169 consistency=0 lambda=0 beta=1 grad=98.25217 horizon=280 lifetime=[498,1834] skipped=False
2026-08-30 22:37:24,368 | INFO | step=15590/20000 loss=-0.8803313 nll=-0.8814867 kl=0.001155347 consistency=0 lambda=0 beta=1 grad=81.53471 horizon=260 lifetime=[442,2154] skipped=False
2026-08-30 22:37:25,056 | INFO | step=15600/20000 loss=0.08136135 nll=0.07982746 kl=0.001533896 consistency=0 lambda=0 beta=1 grad=152.5271 horizon=260 lifetime=[494,1282] skipped=False
2026-08-30 22:37:25,882 | INFO | step=15610/20000 loss=-1.834299 nll=-1.83539 kl=0.001090139 consistency=0 lambda=0 beta=1 grad=112.6341 horizon=440 lifetime=[465,863] skipped=False
2026-08-30 22:37:26,533 | INFO | step=15620/20000 loss=-0.5328522 nll=-0.5342094 kl=0.001357228 consistency=0 lambda=0 beta=1 grad=302.9762 horizon=600 lifetime=[622,1858] skipped=False
2026-08-30 22:37:27,004 | INFO | step=15630/20000 loss=-1.044767 nll=-1.045876 kl=0.001108944 consistency=0 lambda=0 beta=1 grad=33.27008 horizon=240 lifetime=[453,1834] skipped=False
2026-08-30 22:37:27,668 | INFO | step=15640/20000 loss=-0.9571322 nll=-0.9579855 kl=0.0008533597 consistency=0 lambda=0 beta=1 grad=71.13144 horizon=320 lifetime=[443,930] skipped=False
2026-08-30 22:37:28,302 | INFO | step=15650/20000 loss=0.3867897 nll=0.3849666 kl=0.001823157 consistency=0 lambda=0 beta=1 grad=453.3513 horizon=540 lifetime=[633,1834] skipped=False
2026-08-30 22:37:29,003 | INFO | step=15660/20000 loss=-0.5107061 nll=-0.5116165 kl=0.0009103715 consistency=0 lambda=0 beta=1 grad=22.3118 horizon=140 lifetime=[456,1834] skipped=False
2026-08-30 22:37:29,600 | INFO | step=15670/20000 loss=0.1524112 nll=0.1498469 kl=0.002564311 consistency=0 lambda=0 beta=1 grad=22.84433 horizon=60 lifetime=[477,1081] skipped=False
2026-08-30 22:37:30,098 | INFO | step=15680/20000 loss=-0.007463176 nll=-0.009546388 kl=0.002083212 consistency=0 lambda=0 beta=1 grad=28.56671 horizon=60 lifetime=[428,1152] skipped=False
2026-08-30 22:37:30,671 | INFO | step=15690/20000 loss=-0.1282936 nll=-0.1296178 kl=0.001324147 consistency=0 lambda=0 beta=1 grad=320.6278 horizon=580 lifetime=[707,1049] skipped=False
2026-08-30 22:37:31,259 | INFO | step=15700/20000 loss=-0.8191825 nll=-0.8196818 kl=0.0004992187 consistency=0 lambda=0 beta=1 grad=50.95638 horizon=300 lifetime=[428,1007] skipped=False
2026-08-30 22:37:31,836 | INFO | step=15710/20000 loss=0.7797743 nll=0.7783228 kl=0.001451552 consistency=0 lambda=0 beta=1 grad=138.2366 horizon=80 lifetime=[428,1052] skipped=False
2026-08-30 22:37:32,466 | INFO | step=15720/20000 loss=-0.6010625 nll=-0.6017823 kl=0.0007198155 consistency=0 lambda=0 beta=1 grad=33.44963 horizon=220 lifetime=[467,988] skipped=False
2026-08-30 22:37:33,029 | INFO | step=15730/20000 loss=-1.179742 nll=-1.180915 kl=0.001173377 consistency=0 lambda=0 beta=1 grad=45.31619 horizon=220 lifetime=[442,863] skipped=False
2026-08-30 22:37:33,708 | INFO | step=15740/20000 loss=-1.261855 nll=-1.263369 kl=0.001514792 consistency=0 lambda=0 beta=1 grad=113.9137 horizon=600 lifetime=[665,2154] skipped=False
2026-08-30 22:37:34,331 | INFO | step=15750/20000 loss=-0.5276506 nll=-0.5295929 kl=0.001942277 consistency=0 lambda=0 beta=1 grad=62.03621 horizon=260 lifetime=[477,1071] skipped=False
2026-08-30 22:37:34,910 | INFO | step=15760/20000 loss=-0.5216072 nll=-0.5229123 kl=0.001305044 consistency=0 lambda=0 beta=1 grad=26.18261 horizon=100 lifetime=[462,1143] skipped=False
2026-08-30 22:37:35,615 | INFO | step=15770/20000 loss=-1.064099 nll=-1.064766 kl=0.0006670654 consistency=0 lambda=0 beta=1 grad=231.0924 horizon=600 lifetime=[677,1015] skipped=False
2026-08-30 22:37:36,164 | INFO | step=15780/20000 loss=-0.4197702 nll=-0.4218285 kl=0.002058357 consistency=0 lambda=0 beta=1 grad=38.88894 horizon=60 lifetime=[443,1081] skipped=False
2026-08-30 22:37:36,837 | INFO | step=15790/20000 loss=-1.173021 nll=-1.175291 kl=0.002270252 consistency=0 lambda=0 beta=1 grad=295.0651 horizon=520 lifetime=[700,909] skipped=False
2026-08-30 22:37:37,406 | INFO | step=15800/20000 loss=-1.016996 nll=-1.018212 kl=0.001215994 consistency=0 lambda=0 beta=1 grad=46.2942 horizon=320 lifetime=[437,1932] skipped=False
2026-08-30 22:37:38,050 | INFO | step=15810/20000 loss=-1.225366 nll=-1.226126 kl=0.0007595122 consistency=0 lambda=0 beta=1 grad=57.00822 horizon=200 lifetime=[443,1049] skipped=False
2026-08-30 22:37:38,587 | INFO | step=15820/20000 loss=-1.672671 nll=-1.67389 kl=0.001218975 consistency=0 lambda=0 beta=1 grad=43.34541 horizon=600 lifetime=[607,1076] skipped=False
2026-08-30 22:37:39,326 | INFO | step=15830/20000 loss=-1.476765 nll=-1.477901 kl=0.001135558 consistency=0 lambda=0 beta=1 grad=169.6927 horizon=500 lifetime=[557,1858] skipped=False
2026-08-30 22:37:40,018 | INFO | step=15840/20000 loss=-0.3104164 nll=-0.3117917 kl=0.001375228 consistency=0 lambda=0 beta=1 grad=377.7435 horizon=460 lifetime=[464,1834] skipped=False
2026-08-30 22:37:40,633 | INFO | step=15850/20000 loss=-0.1413645 nll=-0.1425182 kl=0.001153708 consistency=0 lambda=0 beta=1 grad=110.0615 horizon=160 lifetime=[437,1052] skipped=False
2026-08-30 22:37:41,207 | INFO | step=15860/20000 loss=-0.04540002 nll=-0.04798823 kl=0.002588212 consistency=0 lambda=0 beta=1 grad=63.20003 horizon=60 lifetime=[442,1045] skipped=False
2026-08-30 22:37:41,728 | INFO | step=15870/20000 loss=-0.8231245 nll=-0.8250741 kl=0.001949608 consistency=0 lambda=0 beta=1 grad=25.13817 horizon=120 lifetime=[460,1049] skipped=False
2026-08-30 22:37:42,395 | INFO | step=15880/20000 loss=-0.1415434 nll=-0.1425077 kl=0.0009642839 consistency=0 lambda=0 beta=1 grad=38.00318 horizon=100 lifetime=[334,991] skipped=False
2026-08-30 22:37:43,053 | INFO | step=15890/20000 loss=-1.788262 nll=-1.788975 kl=0.0007121265 consistency=0 lambda=0 beta=1 grad=101.2822 horizon=500 lifetime=[505,942] skipped=False
2026-08-30 22:37:43,636 | INFO | step=15900/20000 loss=-0.931303 nll=-0.9339874 kl=0.002684414 consistency=0 lambda=0 beta=1 grad=100.3411 horizon=560 lifetime=[665,1834] skipped=False
2026-08-30 22:37:44,182 | INFO | step=15910/20000 loss=0.1280403 nll=0.126055 kl=0.001985341 consistency=0 lambda=0 beta=1 grad=116.3876 horizon=80 lifetime=[500,1152] skipped=False
2026-08-30 22:37:44,748 | INFO | step=15920/20000 loss=-0.4520357 nll=-0.4544653 kl=0.002429605 consistency=0 lambda=0 beta=1 grad=42.58883 horizon=220 lifetime=[462,2154] skipped=False
2026-08-30 22:37:45,504 | INFO | step=15930/20000 loss=0.6587958 nll=0.6568144 kl=0.001981378 consistency=0 lambda=0 beta=1 grad=499.7413 horizon=580 lifetime=[742,1282] skipped=False
2026-08-30 22:37:46,059 | INFO | step=15940/20000 loss=-0.8493277 nll=-0.8505102 kl=0.001182497 consistency=0 lambda=0 beta=1 grad=87.17764 horizon=580 lifetime=[633,1858] skipped=False
2026-08-30 22:37:46,732 | INFO | step=15950/20000 loss=-0.8516586 nll=-0.8523058 kl=0.0006471872 consistency=0 lambda=0 beta=1 grad=383.5527 horizon=460 lifetime=[462,823] skipped=False
2026-08-30 22:37:47,436 | INFO | step=15960/20000 loss=0.5109773 nll=0.5064639 kl=0.004513294 consistency=0 lambda=0 beta=1 grad=39.79392 horizon=60 lifetime=[442,1858] skipped=False
2026-08-30 22:37:48,041 | INFO | step=15970/20000 loss=-1.597901 nll=-1.598925 kl=0.001024306 consistency=0 lambda=0 beta=1 grad=49.87445 horizon=420 lifetime=[428,909] skipped=False
2026-08-30 22:37:48,673 | INFO | step=15980/20000 loss=-1.13774 nll=-1.139035 kl=0.001294971 consistency=0 lambda=0 beta=1 grad=68.479 horizon=340 lifetime=[428,930] skipped=False
2026-08-30 22:37:49,248 | INFO | step=15990/20000 loss=0.005261287 nll=0.00451754 kl=0.0007437468 consistency=0 lambda=0 beta=1 grad=155.5139 horizon=420 lifetime=[675,1081] skipped=False
2026-08-30 22:37:50,934 | INFO | validation step=16000 rmse=128.057 best=115.8968@15000 stale=2/10
2026-08-30 22:37:50,934 | INFO | step=16000/20000 loss=-0.8763641 nll=-0.8777192 kl=0.001355022 consistency=0 lambda=0 beta=1 grad=170.3033 horizon=420 lifetime=[453,1076] skipped=False
2026-08-30 22:37:51,678 | INFO | step=16010/20000 loss=0.6349559 nll=0.6337785 kl=0.00117743 consistency=0 lambda=0 beta=1 grad=277.3653 horizon=160 lifetime=[428,1834] skipped=False
2026-08-30 22:37:52,449 | INFO | step=16020/20000 loss=-1.241696 nll=-1.242559 kl=0.0008630455 consistency=0 lambda=0 beta=1 grad=60.87045 horizon=440 lifetime=[453,921] skipped=False
2026-08-30 22:37:52,912 | INFO | step=16030/20000 loss=1.161584 nll=1.160583 kl=0.001000941 consistency=0 lambda=0 beta=1 grad=73.55002 horizon=80 lifetime=[701,1932] skipped=False
2026-08-30 22:37:53,684 | INFO | step=16040/20000 loss=-0.7495606 nll=-0.7513198 kl=0.001759201 consistency=0 lambda=0 beta=1 grad=100.7332 horizon=560 lifetime=[607,1858] skipped=False
2026-08-30 22:37:54,364 | INFO | step=16050/20000 loss=-0.8392689 nll=-0.8401875 kl=0.000918597 consistency=0 lambda=0 beta=1 grad=132.637 horizon=240 lifetime=[428,1052] skipped=False
2026-08-30 22:37:54,962 | INFO | step=16060/20000 loss=-0.5345361 nll=-0.5359209 kl=0.001384735 consistency=0 lambda=0 beta=1 grad=23.10065 horizon=100 lifetime=[460,875] skipped=False
2026-08-30 22:37:55,728 | INFO | step=16070/20000 loss=0.05016017 nll=0.04780623 kl=0.002353936 consistency=0 lambda=0 beta=1 grad=397.4849 horizon=500 lifetime=[704,1143] skipped=False
2026-08-30 22:37:56,405 | INFO | step=16080/20000 loss=-0.9610237 nll=-0.9627727 kl=0.001749009 consistency=0 lambda=0 beta=1 grad=219.1622 horizon=400 lifetime=[428,1152] skipped=False
2026-08-30 22:37:56,949 | INFO | step=16090/20000 loss=-0.7536166 nll=-0.7546794 kl=0.00106287 consistency=0 lambda=0 beta=1 grad=89.47016 horizon=220 lifetime=[455,2154] skipped=False
2026-08-30 22:37:57,445 | INFO | step=16100/20000 loss=0.335982 nll=0.3351037 kl=0.0008783638 consistency=0 lambda=0 beta=1 grad=231.3534 horizon=200 lifetime=[334,794] skipped=False
2026-08-30 22:37:58,057 | INFO | step=16110/20000 loss=-0.9288583 nll=-0.9316905 kl=0.002832115 consistency=0 lambda=0 beta=1 grad=150.603 horizon=420 lifetime=[497,1076] skipped=False
2026-08-30 22:37:58,628 | INFO | step=16120/20000 loss=-0.02626166 nll=-0.02709585 kl=0.0008341968 consistency=0 lambda=0 beta=1 grad=196.3026 horizon=320 lifetime=[505,1152] skipped=False
2026-08-30 22:37:59,113 | INFO | step=16130/20000 loss=0.8909979 nll=0.8893375 kl=0.001660377 consistency=0 lambda=0 beta=1 grad=69.6493 horizon=80 lifetime=[500,1000] skipped=False
2026-08-30 22:37:59,675 | INFO | step=16140/20000 loss=-0.8202992 nll=-0.8220756 kl=0.001776397 consistency=0 lambda=0 beta=1 grad=278.4466 horizon=400 lifetime=[428,887] skipped=False
2026-08-30 22:38:00,211 | INFO | step=16150/20000 loss=-1.014083 nll=-1.014972 kl=0.000888586 consistency=0 lambda=0 beta=1 grad=168.2429 horizon=440 lifetime=[455,1858] skipped=False
2026-08-30 22:38:00,835 | INFO | step=16160/20000 loss=-1.169198 nll=-1.170316 kl=0.001118511 consistency=0 lambda=0 beta=1 grad=74.09938 horizon=580 lifetime=[774,1282] skipped=False
2026-08-30 22:38:01,585 | INFO | step=16170/20000 loss=-1.21743 nll=-1.218241 kl=0.0008114576 consistency=0 lambda=0 beta=1 grad=68.87461 horizon=540 lifetime=[675,1932] skipped=False
2026-08-30 22:38:02,214 | INFO | step=16180/20000 loss=-1.326558 nll=-1.32832 kl=0.00176239 consistency=0 lambda=0 beta=1 grad=144.5953 horizon=340 lifetime=[497,915] skipped=False
2026-08-30 22:38:02,842 | INFO | step=16190/20000 loss=-1.07036 nll=-1.071116 kl=0.0007564723 consistency=0 lambda=0 beta=1 grad=239.1351 horizon=400 lifetime=[443,1052] skipped=False
2026-08-30 22:38:03,498 | INFO | step=16200/20000 loss=0.8209352 nll=0.8202965 kl=0.0006386638 consistency=0 lambda=0 beta=1 grad=384.1044 horizon=340 lifetime=[460,1143] skipped=False
2026-08-30 22:38:04,095 | INFO | step=16210/20000 loss=-0.987707 nll=-0.9888639 kl=0.001156986 consistency=0 lambda=0 beta=1 grad=39.57457 horizon=300 lifetime=[464,872] skipped=False
2026-08-30 22:38:04,689 | INFO | step=16220/20000 loss=-1.477473 nll=-1.478717 kl=0.001244754 consistency=0 lambda=0 beta=1 grad=129.4124 horizon=500 lifetime=[518,1015] skipped=False
2026-08-30 22:38:05,229 | INFO | step=16230/20000 loss=-1.236878 nll=-1.237825 kl=0.0009474158 consistency=0 lambda=0 beta=1 grad=126.8454 horizon=360 lifetime=[455,1081] skipped=False
2026-08-30 22:38:05,634 | INFO | step=16240/20000 loss=-1.17405 nll=-1.17474 kl=0.0006893873 consistency=0 lambda=0 beta=1 grad=61.81839 horizon=240 lifetime=[464,1152] skipped=False
2026-08-30 22:38:06,354 | INFO | step=16250/20000 loss=-1.421855 nll=-1.422979 kl=0.001123935 consistency=0 lambda=0 beta=1 grad=29.99768 horizon=580 lifetime=[599,1071] skipped=False
2026-08-30 22:38:07,075 | INFO | step=16260/20000 loss=-1.543559 nll=-1.548251 kl=0.004692316 consistency=0 lambda=0 beta=1 grad=95.44016 horizon=600 lifetime=[607,906] skipped=False
2026-08-30 22:38:07,602 | INFO | step=16270/20000 loss=-1.373203 nll=-1.375386 kl=0.002183408 consistency=0 lambda=0 beta=1 grad=62.39861 horizon=240 lifetime=[460,1007] skipped=False
2026-08-30 22:38:08,160 | INFO | step=16280/20000 loss=0.2234085 nll=0.2136895 kl=0.009718955 consistency=0 lambda=0 beta=1 grad=56.754 horizon=60 lifetime=[486,1045] skipped=False
2026-08-30 22:38:08,632 | INFO | step=16290/20000 loss=-0.9917457 nll=-0.9924071 kl=0.0006614923 consistency=0 lambda=0 beta=1 grad=62.69083 horizon=260 lifetime=[467,930] skipped=False
2026-08-30 22:38:09,244 | INFO | step=16300/20000 loss=-0.9340127 nll=-0.9348429 kl=0.0008301735 consistency=0 lambda=0 beta=1 grad=126.3744 horizon=600 lifetime=[700,1143] skipped=False
2026-08-30 22:38:09,911 | INFO | step=16310/20000 loss=-1.124257 nll=-1.126375 kl=0.002117991 consistency=0 lambda=0 beta=1 grad=109.0056 horizon=460 lifetime=[494,1932] skipped=False
2026-08-30 22:38:10,394 | INFO | step=16320/20000 loss=-0.06609854 nll=-0.06693611 kl=0.0008375645 consistency=0 lambda=0 beta=1 grad=101.5684 horizon=160 lifetime=[706,1858] skipped=False
2026-08-30 22:38:10,840 | INFO | step=16330/20000 loss=-0.09527514 nll=-0.09637655 kl=0.001101404 consistency=0 lambda=0 beta=1 grad=123.0713 horizon=160 lifetime=[437,1932] skipped=False
2026-08-30 22:38:11,400 | INFO | step=16340/20000 loss=-1.080653 nll=-1.08221 kl=0.001556754 consistency=0 lambda=0 beta=1 grad=263.622 horizon=380 lifetime=[456,1049] skipped=False
2026-08-30 22:38:12,033 | INFO | step=16350/20000 loss=-0.9529078 nll=-0.9550715 kl=0.002163738 consistency=0 lambda=0 beta=1 grad=171.3965 horizon=520 lifetime=[539,1858] skipped=False
2026-08-30 22:38:12,560 | INFO | step=16360/20000 loss=-0.4855965 nll=-0.4868059 kl=0.001209408 consistency=0 lambda=0 beta=1 grad=69.84634 horizon=280 lifetime=[599,1282] skipped=False
2026-08-30 22:38:13,366 | INFO | step=16370/20000 loss=0.1467033 nll=0.1450446 kl=0.001658738 consistency=0 lambda=0 beta=1 grad=353.0809 horizon=600 lifetime=[729,1081] skipped=False
2026-08-30 22:38:14,046 | INFO | step=16380/20000 loss=-0.6587033 nll=-0.6605035 kl=0.00180015 consistency=0 lambda=0 beta=1 grad=253.2833 horizon=440 lifetime=[498,1007] skipped=False
2026-08-30 22:38:14,526 | INFO | step=16390/20000 loss=-1.096299 nll=-1.097638 kl=0.001339436 consistency=0 lambda=0 beta=1 grad=104.6578 horizon=240 lifetime=[442,871] skipped=False
2026-08-30 22:38:15,048 | INFO | step=16400/20000 loss=-0.2443076 nll=-0.2467585 kl=0.002450913 consistency=0 lambda=0 beta=1 grad=38.65501 horizon=120 lifetime=[455,1143] skipped=False
2026-08-30 22:38:15,614 | INFO | step=16410/20000 loss=0.08496954 nll=0.08415715 kl=0.0008123815 consistency=0 lambda=0 beta=1 grad=51.45715 horizon=120 lifetime=[482,1282] skipped=False
2026-08-30 22:38:16,163 | INFO | step=16420/20000 loss=-1.164237 nll=-1.165306 kl=0.001069546 consistency=0 lambda=0 beta=1 grad=113.3639 horizon=420 lifetime=[460,991] skipped=False
2026-08-30 22:38:16,733 | INFO | step=16430/20000 loss=-0.6654425 nll=-0.6681614 kl=0.002718955 consistency=0 lambda=0 beta=1 grad=132.5604 horizon=360 lifetime=[456,1152] skipped=False
2026-08-30 22:38:17,331 | INFO | step=16440/20000 loss=-0.8227245 nll=-0.8268693 kl=0.004144877 consistency=0 lambda=0 beta=1 grad=388.1928 horizon=600 lifetime=[648,991] skipped=False
2026-08-30 22:38:17,838 | INFO | step=16450/20000 loss=-0.7750157 nll=-0.7757549 kl=0.000739187 consistency=0 lambda=0 beta=1 grad=49.28276 horizon=280 lifetime=[529,1076] skipped=False
2026-08-30 22:38:18,491 | INFO | step=16460/20000 loss=-1.448948 nll=-1.450989 kl=0.002040833 consistency=0 lambda=0 beta=1 grad=140.9223 horizon=280 lifetime=[437,828] skipped=False
2026-08-30 22:38:19,135 | INFO | step=16470/20000 loss=-0.7941656 nll=-0.7947885 kl=0.0006229877 consistency=0 lambda=0 beta=1 grad=93.15903 horizon=220 lifetime=[465,869] skipped=False
2026-08-30 22:38:19,697 | INFO | step=16480/20000 loss=0.2267263 nll=0.2256193 kl=0.001107007 consistency=0 lambda=0 beta=1 grad=429.1262 horizon=540 lifetime=[656,1834] skipped=False
2026-08-30 22:38:20,200 | INFO | step=16490/20000 loss=-0.6924602 nll=-0.6940901 kl=0.001629859 consistency=0 lambda=0 beta=1 grad=39.19365 horizon=200 lifetime=[460,1049] skipped=False
2026-08-30 22:38:21,904 | INFO | validation step=16500 rmse=123.4125 best=115.8968@15000 stale=3/10
2026-08-30 22:38:21,904 | INFO | step=16500/20000 loss=-1.362166 nll=-1.362646 kl=0.0004798472 consistency=0 lambda=0 beta=1 grad=53.10181 horizon=500 lifetime=[519,1834] skipped=False
2026-08-30 22:38:22,496 | INFO | step=16510/20000 loss=-1.610391 nll=-1.612456 kl=0.002065033 consistency=0 lambda=0 beta=1 grad=180.4016 horizon=460 lifetime=[500,906] skipped=False
2026-08-30 22:38:23,234 | INFO | step=16520/20000 loss=-0.331307 nll=-0.3326983 kl=0.001391381 consistency=0 lambda=0 beta=1 grad=151.8781 horizon=320 lifetime=[465,1858] skipped=False
2026-08-30 22:38:23,740 | INFO | step=16530/20000 loss=-1.073637 nll=-1.075362 kl=0.001725107 consistency=0 lambda=0 beta=1 grad=130.7523 horizon=400 lifetime=[437,1081] skipped=False
2026-08-30 22:38:24,249 | INFO | step=16540/20000 loss=-0.8398605 nll=-0.840772 kl=0.0009115338 consistency=0 lambda=0 beta=1 grad=87.84747 horizon=360 lifetime=[453,1015] skipped=False
2026-08-30 22:38:24,827 | INFO | step=16550/20000 loss=-0.3942548 nll=-0.3951219 kl=0.000867039 consistency=0 lambda=0 beta=1 grad=263.7515 horizon=440 lifetime=[455,1282] skipped=False
2026-08-30 22:38:25,422 | INFO | step=16560/20000 loss=-1.317295 nll=-1.31984 kl=0.002544701 consistency=0 lambda=0 beta=1 grad=70.71875 horizon=420 lifetime=[460,1071] skipped=False
2026-08-30 22:38:26,067 | INFO | step=16570/20000 loss=-0.8285735 nll=-0.8296921 kl=0.0011186 consistency=0 lambda=0 beta=1 grad=35.46518 horizon=140 lifetime=[334,773] skipped=False
2026-08-30 22:38:26,633 | INFO | step=16580/20000 loss=-0.7899015 nll=-0.7920065 kl=0.002105027 consistency=0 lambda=0 beta=1 grad=67.05968 horizon=340 lifetime=[428,1052] skipped=False
2026-08-30 22:38:27,214 | INFO | step=16590/20000 loss=-1.372799 nll=-1.373784 kl=0.0009851456 consistency=0 lambda=0 beta=1 grad=51.17684 horizon=480 lifetime=[675,1932] skipped=False
2026-08-30 22:38:27,708 | INFO | step=16600/20000 loss=-0.4118348 nll=-0.4129783 kl=0.001143485 consistency=0 lambda=0 beta=1 grad=76.12969 horizon=220 lifetime=[486,1049] skipped=False
2026-08-30 22:38:28,253 | INFO | step=16610/20000 loss=-1.309005 nll=-1.309467 kl=0.0004613101 consistency=0 lambda=0 beta=1 grad=148.1839 horizon=460 lifetime=[465,942] skipped=False
2026-08-30 22:38:28,861 | INFO | step=16620/20000 loss=-0.8418988 nll=-0.8425739 kl=0.0006750822 consistency=0 lambda=0 beta=1 grad=244.426 horizon=380 lifetime=[488,1052] skipped=False
2026-08-30 22:38:29,373 | INFO | step=16630/20000 loss=0.3743317 nll=0.3727506 kl=0.001581103 consistency=0 lambda=0 beta=1 grad=141.646 horizon=260 lifetime=[607,1143] skipped=False
2026-08-30 22:38:29,914 | INFO | step=16640/20000 loss=-0.7522331 nll=-0.7557261 kl=0.003492981 consistency=0 lambda=0 beta=1 grad=75.74303 horizon=600 lifetime=[665,1834] skipped=False
2026-08-30 22:38:30,474 | INFO | step=16650/20000 loss=-0.8931394 nll=-0.8953689 kl=0.002229542 consistency=0 lambda=0 beta=1 grad=84.99402 horizon=280 lifetime=[437,921] skipped=False
2026-08-30 22:38:31,024 | INFO | step=16660/20000 loss=0.02360426 nll=0.02245791 kl=0.001146346 consistency=0 lambda=0 beta=1 grad=217.4677 horizon=560 lifetime=[633,1282] skipped=False
2026-08-30 22:38:31,630 | INFO | step=16670/20000 loss=0.008253962 nll=0.00741154 kl=0.0008424222 consistency=0 lambda=0 beta=1 grad=176.8164 horizon=140 lifetime=[464,1152] skipped=False
2026-08-30 22:38:32,136 | INFO | step=16680/20000 loss=-1.030694 nll=-1.03147 kl=0.0007755756 consistency=0 lambda=0 beta=1 grad=31.54817 horizon=280 lifetime=[334,1045] skipped=False
2026-08-30 22:38:32,698 | INFO | step=16690/20000 loss=0.001498252 nll=1.311302e-05 kl=0.001485139 consistency=0 lambda=0 beta=1 grad=245.4572 horizon=260 lifetime=[453,921] skipped=False
2026-08-30 22:38:33,284 | INFO | step=16700/20000 loss=-1.197094 nll=-1.197765 kl=0.0006713867 consistency=0 lambda=0 beta=1 grad=91.05744 horizon=600 lifetime=[648,1282] skipped=False
2026-08-30 22:38:33,952 | INFO | step=16710/20000 loss=-1.332662 nll=-1.333156 kl=0.0004942715 consistency=0 lambda=0 beta=1 grad=93.93252 horizon=480 lifetime=[656,1282] skipped=False
2026-08-30 22:38:34,534 | INFO | step=16720/20000 loss=-1.032861 nll=-1.03357 kl=0.0007088184 consistency=0 lambda=0 beta=1 grad=168.0744 horizon=540 lifetime=[557,1000] skipped=False
2026-08-30 22:38:35,100 | INFO | step=16730/20000 loss=0.112121 nll=0.1095618 kl=0.002559125 consistency=0 lambda=0 beta=1 grad=499.4877 horizon=560 lifetime=[607,942] skipped=False
2026-08-30 22:38:35,555 | INFO | step=16740/20000 loss=-1.273077 nll=-1.273982 kl=0.0009050071 consistency=0 lambda=0 beta=1 grad=25.39984 horizon=300 lifetime=[464,2154] skipped=False
2026-08-30 22:38:36,220 | INFO | step=16750/20000 loss=-0.8584855 nll=-0.8598288 kl=0.00134331 consistency=0 lambda=0 beta=1 grad=369.0911 horizon=460 lifetime=[482,887] skipped=False
2026-08-30 22:38:36,684 | INFO | step=16760/20000 loss=-1.43941 nll=-1.440041 kl=0.0006302595 consistency=0 lambda=0 beta=1 grad=155.4905 horizon=380 lifetime=[486,1000] skipped=False
2026-08-30 22:38:37,305 | INFO | step=16770/20000 loss=-0.8195732 nll=-0.8200008 kl=0.0004276037 consistency=0 lambda=0 beta=1 grad=220.3075 horizon=320 lifetime=[465,1052] skipped=False
2026-08-30 22:38:37,907 | INFO | step=16780/20000 loss=-1.459798 nll=-1.461665 kl=0.001867324 consistency=0 lambda=0 beta=1 grad=172.2141 horizon=540 lifetime=[557,942] skipped=False
2026-08-30 22:38:38,555 | INFO | step=16790/20000 loss=-0.9290047 nll=-0.9300537 kl=0.001048982 consistency=0 lambda=0 beta=1 grad=208.7485 horizon=500 lifetime=[519,1932] skipped=False
2026-08-30 22:38:39,174 | INFO | step=16800/20000 loss=-1.331497 nll=-1.332295 kl=0.0007980764 consistency=0 lambda=0 beta=1 grad=310.1834 horizon=540 lifetime=[607,1049] skipped=False
2026-08-30 22:38:39,898 | INFO | step=16810/20000 loss=-1.185501 nll=-1.186291 kl=0.000790149 consistency=0 lambda=0 beta=1 grad=142.8437 horizon=380 lifetime=[428,1076] skipped=False
2026-08-30 22:38:40,555 | INFO | step=16820/20000 loss=-1.504633 nll=-1.509786 kl=0.005153418 consistency=0 lambda=0 beta=1 grad=297.568 horizon=540 lifetime=[557,887] skipped=False
2026-08-30 22:38:41,155 | INFO | step=16830/20000 loss=-0.2807377 nll=-0.2831427 kl=0.002405047 consistency=0 lambda=0 beta=1 grad=23.43789 horizon=60 lifetime=[482,1052] skipped=False
2026-08-30 22:38:41,661 | INFO | step=16840/20000 loss=-0.9270874 nll=-0.9292107 kl=0.002123326 consistency=0 lambda=0 beta=1 grad=327.7537 horizon=560 lifetime=[648,1143] skipped=False
2026-08-30 22:38:42,257 | INFO | step=16850/20000 loss=-0.6289638 nll=-0.6304995 kl=0.001535743 consistency=0 lambda=0 beta=1 grad=71.81112 horizon=80 lifetime=[455,1071] skipped=False
2026-08-30 22:38:42,653 | INFO | step=16860/20000 loss=-0.04015 nll=-0.04140656 kl=0.001256555 consistency=0 lambda=0 beta=1 grad=66.23337 horizon=120 lifetime=[437,2154] skipped=False
2026-08-30 22:38:43,287 | INFO | step=16870/20000 loss=-0.7469627 nll=-0.7475286 kl=0.0005658567 consistency=0 lambda=0 beta=1 grad=186.471 horizon=280 lifetime=[460,930] skipped=False
2026-08-30 22:38:43,863 | INFO | step=16880/20000 loss=-0.07990995 nll=-0.08069989 kl=0.0007899404 consistency=0 lambda=0 beta=1 grad=541.7119 horizon=600 lifetime=[622,1152] skipped=False
2026-08-30 22:38:44,381 | INFO | step=16890/20000 loss=-1.272958 nll=-1.274627 kl=0.001669019 consistency=0 lambda=0 beta=1 grad=68.36006 horizon=600 lifetime=[665,1858] skipped=False
2026-08-30 22:38:44,938 | INFO | step=16900/20000 loss=-0.6572407 nll=-0.6580312 kl=0.0007904768 consistency=0 lambda=0 beta=1 grad=56.92367 horizon=220 lifetime=[460,1834] skipped=False
2026-08-30 22:38:45,569 | INFO | step=16910/20000 loss=-0.2261427 nll=-0.2268668 kl=0.0007240772 consistency=0 lambda=0 beta=1 grad=156.5197 horizon=320 lifetime=[334,1076] skipped=False
2026-08-30 22:38:46,142 | INFO | step=16920/20000 loss=-1.527448 nll=-1.528691 kl=0.001243472 consistency=0 lambda=0 beta=1 grad=70.77701 horizon=480 lifetime=[510,1152] skipped=False
2026-08-30 22:38:46,801 | INFO | step=16930/20000 loss=-0.169748 nll=-0.1705816 kl=0.0008336008 consistency=0 lambda=0 beta=1 grad=104.7656 horizon=200 lifetime=[443,1858] skipped=False
2026-08-30 22:38:47,307 | INFO | step=16940/20000 loss=-0.2340641 nll=-0.2348766 kl=0.0008125305 consistency=0 lambda=0 beta=1 grad=172.7584 horizon=220 lifetime=[443,988] skipped=False
2026-08-30 22:38:47,823 | INFO | step=16950/20000 loss=-0.906302 nll=-0.9072319 kl=0.0009298325 consistency=0 lambda=0 beta=1 grad=56.21483 horizon=200 lifetime=[467,828] skipped=False
2026-08-30 22:38:48,374 | INFO | step=16960/20000 loss=-0.8712311 nll=-0.8722504 kl=0.001019269 consistency=0 lambda=0 beta=1 grad=253.0417 horizon=420 lifetime=[453,1007] skipped=False
2026-08-30 22:38:49,068 | INFO | step=16970/20000 loss=-0.9283476 nll=-0.9289129 kl=0.0005653799 consistency=0 lambda=0 beta=1 grad=329.6938 horizon=380 lifetime=[493,1152] skipped=False
2026-08-30 22:38:49,605 | INFO | step=16980/20000 loss=-0.984539 nll=-0.9857004 kl=0.001161397 consistency=0 lambda=0 beta=1 grad=45.19462 horizon=340 lifetime=[633,1081] skipped=False
2026-08-30 22:38:50,199 | INFO | step=16990/20000 loss=-0.861504 nll=-0.8623639 kl=0.000859946 consistency=0 lambda=0 beta=1 grad=23.8223 horizon=120 lifetime=[467,913] skipped=False
2026-08-30 22:38:51,874 | INFO | validation step=17000 rmse=126.8681 best=115.8968@15000 stale=4/10
2026-08-30 22:38:51,875 | INFO | step=17000/20000 loss=-0.4680215 nll=-0.4723261 kl=0.004304618 consistency=0 lambda=0 beta=1 grad=176.8548 horizon=580 lifetime=[774,2154] skipped=False
2026-08-30 22:38:52,694 | INFO | step=17010/20000 loss=-1.463377 nll=-1.464267 kl=0.0008907914 consistency=0 lambda=0 beta=1 grad=176.4261 horizon=500 lifetime=[539,1015] skipped=False
2026-08-30 22:38:53,193 | INFO | step=17020/20000 loss=0.5177915 nll=0.5168685 kl=0.0009229779 consistency=0 lambda=0 beta=1 grad=133.5389 horizon=80 lifetime=[443,1152] skipped=False
2026-08-30 22:38:53,728 | INFO | step=17030/20000 loss=-1.348099 nll=-1.34923 kl=0.001131237 consistency=0 lambda=0 beta=1 grad=25.13979 horizon=300 lifetime=[467,1858] skipped=False
2026-08-30 22:38:54,348 | INFO | step=17040/20000 loss=-1.310409 nll=-1.311787 kl=0.001378179 consistency=0 lambda=0 beta=1 grad=93.50824 horizon=360 lifetime=[442,1152] skipped=False
2026-08-30 22:38:55,089 | INFO | step=17050/20000 loss=-0.8032184 nll=-0.80459 kl=0.001371592 consistency=0 lambda=0 beta=1 grad=267.5582 horizon=540 lifetime=[633,1143] skipped=False
2026-08-30 22:38:55,631 | INFO | step=17060/20000 loss=-0.6992578 nll=-0.6997364 kl=0.0004786253 consistency=0 lambda=0 beta=1 grad=104.2032 horizon=200 lifetime=[467,1143] skipped=False
2026-08-30 22:38:56,219 | INFO | step=17070/20000 loss=-0.1896463 nll=-0.1907347 kl=0.001088351 consistency=0 lambda=0 beta=1 grad=43.22953 horizon=80 lifetime=[428,2154] skipped=False
2026-08-30 22:38:56,855 | INFO | step=17080/20000 loss=-0.6729614 nll=-0.6736327 kl=0.0006714165 consistency=0 lambda=0 beta=1 grad=27.4202 horizon=220 lifetime=[557,1834] skipped=False
2026-08-30 22:38:57,520 | INFO | step=17090/20000 loss=-0.692837 nll=-0.6940477 kl=0.001210749 consistency=0 lambda=0 beta=1 grad=230.3437 horizon=500 lifetime=[614,1007] skipped=False
2026-08-30 22:38:58,112 | INFO | step=17100/20000 loss=-0.7902857 nll=-0.7912641 kl=0.00097844 consistency=0 lambda=0 beta=1 grad=60.13197 horizon=580 lifetime=[786,2154] skipped=False
2026-08-30 22:38:58,695 | INFO | step=17110/20000 loss=-0.4076043 nll=-0.4098625 kl=0.002258152 consistency=0 lambda=0 beta=1 grad=528.707 horizon=500 lifetime=[505,915] skipped=False
2026-08-30 22:38:59,187 | INFO | step=17120/20000 loss=-1.344655 nll=-1.345555 kl=0.0008997321 consistency=0 lambda=0 beta=1 grad=77.79244 horizon=580 lifetime=[648,1045] skipped=False
2026-08-30 22:38:59,738 | INFO | step=17130/20000 loss=-1.357671 nll=-1.359111 kl=0.001439601 consistency=0 lambda=0 beta=1 grad=210.5402 horizon=420 lifetime=[498,1858] skipped=False
2026-08-30 22:39:00,345 | INFO | step=17140/20000 loss=-0.6282318 nll=-0.6300419 kl=0.001810163 consistency=0 lambda=0 beta=1 grad=309.042 horizon=360 lifetime=[453,2154] skipped=False
2026-08-30 22:39:00,916 | INFO | step=17150/20000 loss=-0.3062713 nll=-0.3079205 kl=0.001649171 consistency=0 lambda=0 beta=1 grad=139.6353 horizon=280 lifetime=[497,909] skipped=False
2026-08-30 22:39:01,495 | INFO | step=17160/20000 loss=-0.611544 nll=-0.6142294 kl=0.002685398 consistency=0 lambda=0 beta=1 grad=154.1218 horizon=280 lifetime=[453,991] skipped=False
2026-08-30 22:39:01,996 | INFO | step=17170/20000 loss=0.3271262 nll=0.3231331 kl=0.003993094 consistency=0 lambda=0 beta=1 grad=40.49708 horizon=60 lifetime=[437,2154] skipped=False
2026-08-30 22:39:02,474 | INFO | step=17180/20000 loss=-1.533274 nll=-1.535192 kl=0.00191775 consistency=0 lambda=0 beta=1 grad=46.62643 horizon=360 lifetime=[453,921] skipped=False
2026-08-30 22:39:03,062 | INFO | step=17190/20000 loss=-1.711932 nll=-1.712986 kl=0.001054227 consistency=0 lambda=0 beta=1 grad=47.01308 horizon=380 lifetime=[437,875] skipped=False
2026-08-30 22:39:03,544 | INFO | step=17200/20000 loss=-1.009338 nll=-1.010048 kl=0.0007091761 consistency=0 lambda=0 beta=1 grad=215.8299 horizon=400 lifetime=[462,1858] skipped=False
2026-08-30 22:39:04,087 | INFO | step=17210/20000 loss=-0.6419463 nll=-0.6438194 kl=0.001873136 consistency=0 lambda=0 beta=1 grad=46.66016 horizon=160 lifetime=[456,887] skipped=False
2026-08-30 22:39:04,724 | INFO | step=17220/20000 loss=-1.709597 nll=-1.711199 kl=0.001601368 consistency=0 lambda=0 beta=1 grad=116.1594 horizon=540 lifetime=[557,874] skipped=False
2026-08-30 22:39:05,354 | INFO | step=17230/20000 loss=-1.420685 nll=-1.422119 kl=0.001434743 consistency=0 lambda=0 beta=1 grad=188.6223 horizon=420 lifetime=[443,1007] skipped=False
2026-08-30 22:39:06,034 | INFO | step=17240/20000 loss=-1.244305 nll=-1.245004 kl=0.0006983876 consistency=0 lambda=0 beta=1 grad=100.4497 horizon=500 lifetime=[539,1076] skipped=False
2026-08-30 22:39:06,749 | INFO | step=17250/20000 loss=-1.061739 nll=-1.062794 kl=0.001055151 consistency=0 lambda=0 beta=1 grad=71.68654 horizon=380 lifetime=[428,1858] skipped=False
2026-08-30 22:39:07,296 | INFO | step=17260/20000 loss=-0.4116327 nll=-0.4126609 kl=0.00102815 consistency=0 lambda=0 beta=1 grad=287.4957 horizon=320 lifetime=[482,906] skipped=False
2026-08-30 22:39:07,918 | INFO | step=17270/20000 loss=-0.2267113 nll=-0.2281182 kl=0.001406968 consistency=0 lambda=0 beta=1 grad=241.1438 horizon=260 lifetime=[462,823] skipped=False
2026-08-30 22:39:08,339 | INFO | step=17280/20000 loss=0.2149611 nll=0.2133891 kl=0.001571983 consistency=0 lambda=0 beta=1 grad=30.43438 horizon=100 lifetime=[488,1282] skipped=False
2026-08-30 22:39:08,820 | INFO | step=17290/20000 loss=-0.8244133 nll=-0.825412 kl=0.0009987652 consistency=0 lambda=0 beta=1 grad=20.33908 horizon=180 lifetime=[465,1007] skipped=False
2026-08-30 22:39:09,402 | INFO | step=17300/20000 loss=-1.002957 nll=-1.003841 kl=0.0008846819 consistency=0 lambda=0 beta=1 grad=88.78588 horizon=320 lifetime=[437,1045] skipped=False
2026-08-30 22:39:09,921 | INFO | step=17310/20000 loss=-0.3093859 nll=-0.310445 kl=0.001059145 consistency=0 lambda=0 beta=1 grad=49.04676 horizon=100 lifetime=[477,933] skipped=False
2026-08-30 22:39:10,524 | INFO | step=17320/20000 loss=-0.4919404 nll=-0.4927071 kl=0.0007667542 consistency=0 lambda=0 beta=1 grad=158.0009 horizon=280 lifetime=[455,1081] skipped=False
2026-08-30 22:39:11,046 | INFO | step=17330/20000 loss=-1.071012 nll=-1.072546 kl=0.001533598 consistency=0 lambda=0 beta=1 grad=102.6664 horizon=340 lifetime=[526,1015] skipped=False
2026-08-30 22:39:11,690 | INFO | step=17340/20000 loss=-1.133447 nll=-1.135173 kl=0.001725733 consistency=0 lambda=0 beta=1 grad=35.89166 horizon=480 lifetime=[497,1858] skipped=False
2026-08-30 22:39:12,325 | INFO | step=17350/20000 loss=-0.5532004 nll=-0.554541 kl=0.001340598 consistency=0 lambda=0 beta=1 grad=271.083 horizon=520 lifetime=[665,1143] skipped=False
2026-08-30 22:39:12,952 | INFO | step=17360/20000 loss=-1.367805 nll=-1.368788 kl=0.0009832382 consistency=0 lambda=0 beta=1 grad=36.45469 horizon=300 lifetime=[488,1076] skipped=False
2026-08-30 22:39:13,535 | INFO | step=17370/20000 loss=-0.181062 nll=-0.1817343 kl=0.0006723106 consistency=0 lambda=0 beta=1 grad=102.5634 horizon=200 lifetime=[334,1282] skipped=False
2026-08-30 22:39:14,121 | INFO | step=17380/20000 loss=-1.543748 nll=-1.544794 kl=0.001045227 consistency=0 lambda=0 beta=1 grad=47.26147 horizon=460 lifetime=[464,1015] skipped=False
2026-08-30 22:39:14,767 | INFO | step=17390/20000 loss=-0.9173703 nll=-0.9185011 kl=0.001130879 consistency=0 lambda=0 beta=1 grad=156.4278 horizon=480 lifetime=[539,2154] skipped=False
2026-08-30 22:39:15,532 | INFO | step=17400/20000 loss=-1.347494 nll=-1.349764 kl=0.002269536 consistency=0 lambda=0 beta=1 grad=168.0656 horizon=420 lifetime=[460,1049] skipped=False
2026-08-30 22:39:16,194 | INFO | step=17410/20000 loss=-1.474448 nll=-1.475787 kl=0.001339048 consistency=0 lambda=0 beta=1 grad=106.5403 horizon=540 lifetime=[599,1045] skipped=False
2026-08-30 22:39:16,785 | INFO | step=17420/20000 loss=-0.476515 nll=-0.4768746 kl=0.0003596246 consistency=0 lambda=0 beta=1 grad=32.05848 horizon=180 lifetime=[486,1143] skipped=False
2026-08-30 22:39:17,282 | INFO | step=17430/20000 loss=0.04580352 nll=0.04508206 kl=0.0007214546 consistency=0 lambda=0 beta=1 grad=120.6998 horizon=300 lifetime=[462,1152] skipped=False
2026-08-30 22:39:17,863 | INFO | step=17440/20000 loss=-1.568996 nll=-1.569863 kl=0.0008670092 consistency=0 lambda=0 beta=1 grad=40.38065 horizon=460 lifetime=[498,1932] skipped=False
2026-08-30 22:39:18,399 | INFO | step=17450/20000 loss=-0.9695317 nll=-0.9704782 kl=0.0009465218 consistency=0 lambda=0 beta=1 grad=161.5597 horizon=340 lifetime=[497,1152] skipped=False
2026-08-30 22:39:18,974 | INFO | step=17460/20000 loss=-1.147314 nll=-1.148815 kl=0.001501232 consistency=0 lambda=0 beta=1 grad=267.5295 horizon=500 lifetime=[518,1282] skipped=False
2026-08-30 22:39:19,619 | INFO | step=17470/20000 loss=-1.405939 nll=-1.407981 kl=0.002042472 consistency=0 lambda=0 beta=1 grad=111.1746 horizon=400 lifetime=[428,1045] skipped=False
2026-08-30 22:39:20,237 | INFO | step=17480/20000 loss=-1.107184 nll=-1.107969 kl=0.0007854104 consistency=0 lambda=0 beta=1 grad=38.14122 horizon=360 lifetime=[428,2154] skipped=False
2026-08-30 22:39:20,936 | INFO | step=17490/20000 loss=-0.5275178 nll=-0.5284445 kl=0.0009266734 consistency=0 lambda=0 beta=1 grad=61.59629 horizon=260 lifetime=[455,1282] skipped=False
2026-08-30 22:39:22,562 | INFO | validation step=17500 rmse=127.3884 best=115.8968@15000 stale=5/10
2026-08-30 22:39:22,562 | INFO | step=17500/20000 loss=0.3135322 nll=0.3126312 kl=0.0009010136 consistency=0 lambda=0 beta=1 grad=252.6694 horizon=300 lifetime=[428,1000] skipped=False
2026-08-30 22:39:23,408 | INFO | step=17510/20000 loss=-1.622721 nll=-1.623122 kl=0.0004012883 consistency=0 lambda=0 beta=1 grad=31.81775 horizon=580 lifetime=[599,1071] skipped=False
2026-08-30 22:39:23,981 | INFO | step=17520/20000 loss=0.7539951 nll=0.7499135 kl=0.004081577 consistency=0 lambda=0 beta=1 grad=91.45042 horizon=60 lifetime=[539,1282] skipped=False
2026-08-30 22:39:24,571 | INFO | step=17530/20000 loss=-0.6021385 nll=-0.6025499 kl=0.0004113019 consistency=0 lambda=0 beta=1 grad=43.45059 horizon=220 lifetime=[518,1000] skipped=False
2026-08-30 22:39:25,039 | INFO | step=17540/20000 loss=-0.8124164 nll=-0.8126745 kl=0.0002580583 consistency=0 lambda=0 beta=1 grad=67.91824 horizon=280 lifetime=[462,1076] skipped=False
2026-08-30 22:39:25,581 | INFO | step=17550/20000 loss=-1.634831 nll=-1.635551 kl=0.0007198155 consistency=0 lambda=0 beta=1 grad=145.9644 horizon=440 lifetime=[443,1143] skipped=False
2026-08-30 22:39:26,140 | INFO | step=17560/20000 loss=-0.06198245 nll=-0.06395184 kl=0.001969397 consistency=0 lambda=0 beta=1 grad=77.38464 horizon=120 lifetime=[437,1282] skipped=False
2026-08-30 22:39:26,630 | INFO | step=17570/20000 loss=0.6394036 nll=0.6385138 kl=0.0008898079 consistency=0 lambda=0 beta=1 grad=56.24617 horizon=120 lifetime=[526,988] skipped=False
2026-08-30 22:39:27,239 | INFO | step=17580/20000 loss=-0.2943814 nll=-0.2961158 kl=0.001734376 consistency=0 lambda=0 beta=1 grad=64.3102 horizon=220 lifetime=[460,1049] skipped=False
2026-08-30 22:39:27,869 | INFO | step=17590/20000 loss=-1.280363 nll=-1.281694 kl=0.001331598 consistency=0 lambda=0 beta=1 grad=55.99206 horizon=400 lifetime=[428,863] skipped=False
2026-08-30 22:39:28,546 | INFO | step=17600/20000 loss=-0.3318804 nll=-0.3328001 kl=0.0009196401 consistency=0 lambda=0 beta=1 grad=80.50019 horizon=180 lifetime=[455,1081] skipped=False
2026-08-30 22:39:29,223 | INFO | step=17610/20000 loss=-1.141508 nll=-1.142244 kl=0.0007354021 consistency=0 lambda=0 beta=1 grad=112.7697 horizon=280 lifetime=[442,1015] skipped=False
2026-08-30 22:39:29,837 | INFO | step=17620/20000 loss=-1.05193 nll=-1.052429 kl=0.0004998744 consistency=0 lambda=0 beta=1 grad=307.3904 horizon=580 lifetime=[665,1076] skipped=False
2026-08-30 22:39:30,461 | INFO | step=17630/20000 loss=-1.468737 nll=-1.469768 kl=0.001030833 consistency=0 lambda=0 beta=1 grad=144.1936 horizon=360 lifetime=[460,1049] skipped=False
2026-08-30 22:39:31,006 | INFO | step=17640/20000 loss=-1.504304 nll=-1.505082 kl=0.0007784367 consistency=0 lambda=0 beta=1 grad=101.0514 horizon=600 lifetime=[607,2154] skipped=False
2026-08-30 22:39:31,685 | INFO | step=17650/20000 loss=-1.573344 nll=-1.576498 kl=0.003154427 consistency=0 lambda=0 beta=1 grad=113.4543 horizon=500 lifetime=[559,933] skipped=False
2026-08-30 22:39:32,371 | INFO | step=17660/20000 loss=-0.4650043 nll=-0.4664539 kl=0.001449555 consistency=0 lambda=0 beta=1 grad=363.1912 horizon=520 lifetime=[559,1834] skipped=False
2026-08-30 22:39:32,963 | INFO | step=17670/20000 loss=-0.4393468 nll=-0.4409393 kl=0.001592547 consistency=0 lambda=0 beta=1 grad=38.83274 horizon=100 lifetime=[443,1045] skipped=False
2026-08-30 22:39:33,533 | INFO | step=17680/20000 loss=-0.1753848 nll=-0.1762479 kl=0.0008630753 consistency=0 lambda=0 beta=1 grad=106.0241 horizon=260 lifetime=[428,1858] skipped=False
2026-08-30 22:39:34,112 | INFO | step=17690/20000 loss=-0.7535912 nll=-0.7548707 kl=0.001279444 consistency=0 lambda=0 beta=1 grad=302.5587 horizon=520 lifetime=[529,991] skipped=False
2026-08-30 22:39:34,843 | INFO | step=17700/20000 loss=-0.6891137 nll=-0.6916964 kl=0.002582639 consistency=0 lambda=0 beta=1 grad=298.6706 horizon=540 lifetime=[622,1282] skipped=False
2026-08-30 22:39:35,269 | INFO | step=17710/20000 loss=-1.53227 nll=-1.534152 kl=0.001882464 consistency=0 lambda=0 beta=1 grad=293.7934 horizon=400 lifetime=[477,913] skipped=False
2026-08-30 22:39:35,971 | INFO | step=17720/20000 loss=0.1873849 nll=0.1868146 kl=0.0005702972 consistency=0 lambda=0 beta=1 grad=445.5933 horizon=420 lifetime=[443,1076] skipped=False
2026-08-30 22:39:36,673 | INFO | step=17730/20000 loss=-1.4458 nll=-1.447325 kl=0.001524627 consistency=0 lambda=0 beta=1 grad=75.16917 horizon=440 lifetime=[539,913] skipped=False
2026-08-30 22:39:37,145 | INFO | step=17740/20000 loss=0.8251274 nll=0.8236585 kl=0.001468897 consistency=0 lambda=0 beta=1 grad=128.2939 horizon=80 lifetime=[477,1932] skipped=False
2026-08-30 22:39:37,889 | INFO | step=17750/20000 loss=-1.606636 nll=-1.608201 kl=0.001564682 consistency=0 lambda=0 beta=1 grad=43.2391 horizon=560 lifetime=[648,887] skipped=False
2026-08-30 22:39:38,482 | INFO | step=17760/20000 loss=-1.267267 nll=-1.268248 kl=0.0009814948 consistency=0 lambda=0 beta=1 grad=80.17727 horizon=340 lifetime=[428,913] skipped=False
2026-08-30 22:39:38,994 | INFO | step=17770/20000 loss=-0.2581577 nll=-0.2585759 kl=0.0004181415 consistency=0 lambda=0 beta=1 grad=52.7812 horizon=160 lifetime=[512,1015] skipped=False
2026-08-30 22:39:39,568 | INFO | step=17780/20000 loss=-1.488364 nll=-1.489245 kl=0.0008814633 consistency=0 lambda=0 beta=1 grad=72.2578 horizon=340 lifetime=[428,1858] skipped=False
2026-08-30 22:39:40,245 | INFO | step=17790/20000 loss=-0.8075164 nll=-0.8087053 kl=0.001188859 consistency=0 lambda=0 beta=1 grad=153.0205 horizon=500 lifetime=[784,1932] skipped=False
2026-08-30 22:39:40,881 | INFO | step=17800/20000 loss=-0.8640515 nll=-0.8652406 kl=0.001189098 consistency=0 lambda=0 beta=1 grad=311.9325 horizon=420 lifetime=[505,1143] skipped=False
2026-08-30 22:39:41,573 | INFO | step=17810/20000 loss=-1.666162 nll=-1.668087 kl=0.00192526 consistency=0 lambda=0 beta=1 grad=32.32208 horizon=560 lifetime=[614,909] skipped=False
2026-08-30 22:39:42,117 | INFO | step=17820/20000 loss=-1.084788 nll=-1.085151 kl=0.0003638864 consistency=0 lambda=0 beta=1 grad=37.42942 horizon=200 lifetime=[486,1858] skipped=False
2026-08-30 22:39:42,712 | INFO | step=17830/20000 loss=-1.509745 nll=-1.51178 kl=0.002034336 consistency=0 lambda=0 beta=1 grad=135.5029 horizon=580 lifetime=[656,1007] skipped=False
2026-08-30 22:39:43,349 | INFO | step=17840/20000 loss=-1.209024 nll=-1.209996 kl=0.0009713173 consistency=0 lambda=0 beta=1 grad=245.8233 horizon=560 lifetime=[622,1015] skipped=False
2026-08-30 22:39:44,224 | INFO | step=17850/20000 loss=-1.090908 nll=-1.0929 kl=0.001992494 consistency=0 lambda=0 beta=1 grad=64.53161 horizon=600 lifetime=[665,2154] skipped=False
2026-08-30 22:39:44,802 | INFO | step=17860/20000 loss=-1.344686 nll=-1.346165 kl=0.001479298 consistency=0 lambda=0 beta=1 grad=128.0408 horizon=520 lifetime=[529,1076] skipped=False
2026-08-30 22:39:45,289 | INFO | step=17870/20000 loss=-0.4592917 nll=-0.4596891 kl=0.000397414 consistency=0 lambda=0 beta=1 grad=38.07357 horizon=180 lifetime=[467,2154] skipped=False
2026-08-30 22:39:45,941 | INFO | step=17880/20000 loss=-1.339797 nll=-1.341221 kl=0.001423895 consistency=0 lambda=0 beta=1 grad=261.2059 horizon=480 lifetime=[486,1045] skipped=False
2026-08-30 22:39:46,597 | INFO | step=17890/20000 loss=-0.3080946 nll=-0.3088748 kl=0.0007802248 consistency=0 lambda=0 beta=1 grad=44.0292 horizon=120 lifetime=[460,913] skipped=False
2026-08-30 22:39:47,099 | INFO | step=17900/20000 loss=0.1878878 nll=0.1866369 kl=0.001250833 consistency=0 lambda=0 beta=1 grad=425.2905 horizon=220 lifetime=[488,1932] skipped=False
2026-08-30 22:39:47,517 | INFO | step=17910/20000 loss=-0.7020863 nll=-0.7043074 kl=0.002221078 consistency=0 lambda=0 beta=1 grad=70.03467 horizon=120 lifetime=[443,913] skipped=False
2026-08-30 22:39:47,995 | INFO | step=17920/20000 loss=-0.6531021 nll=-0.6542743 kl=0.001172185 consistency=0 lambda=0 beta=1 grad=77.38002 horizon=200 lifetime=[334,1834] skipped=False
2026-08-30 22:39:48,498 | INFO | step=17930/20000 loss=0.7874483 nll=0.7861328 kl=0.001315475 consistency=0 lambda=0 beta=1 grad=55.56251 horizon=100 lifetime=[497,1834] skipped=False
2026-08-30 22:39:49,024 | INFO | step=17940/20000 loss=-0.21018 nll=-0.2115684 kl=0.001388371 consistency=0 lambda=0 beta=1 grad=16.06087 horizon=80 lifetime=[428,1081] skipped=False
2026-08-30 22:39:49,594 | INFO | step=17950/20000 loss=-1.701137 nll=-1.702299 kl=0.00116232 consistency=0 lambda=0 beta=1 grad=88.19287 horizon=440 lifetime=[456,1932] skipped=False
2026-08-30 22:39:50,289 | INFO | step=17960/20000 loss=-1.538842 nll=-1.539593 kl=0.0007509589 consistency=0 lambda=0 beta=1 grad=61.20116 horizon=560 lifetime=[706,1015] skipped=False
2026-08-30 22:39:50,914 | INFO | step=17970/20000 loss=-1.498227 nll=-1.499017 kl=0.000789851 consistency=0 lambda=0 beta=1 grad=101.2105 horizon=560 lifetime=[622,1081] skipped=False
2026-08-30 22:39:51,484 | INFO | step=17980/20000 loss=-1.397666 nll=-1.400367 kl=0.002700895 consistency=0 lambda=0 beta=1 grad=78.42541 horizon=560 lifetime=[633,1282] skipped=False
2026-08-30 22:39:52,103 | INFO | step=17990/20000 loss=-0.6153681 nll=-0.6161054 kl=0.0007373095 consistency=0 lambda=0 beta=1 grad=68.60341 horizon=300 lifetime=[428,1932] skipped=False
2026-08-30 22:39:53,753 | INFO | validation step=18000 rmse=117.851 best=115.8968@15000 stale=6/10
2026-08-30 22:39:53,753 | INFO | step=18000/20000 loss=-1.060794 nll=-1.061902 kl=0.001108199 consistency=0 lambda=0 beta=1 grad=151.935 horizon=360 lifetime=[437,1071] skipped=False
2026-08-30 22:39:54,516 | INFO | step=18010/20000 loss=-1.073076 nll=-1.075333 kl=0.00225687 consistency=0 lambda=0 beta=1 grad=132.5949 horizon=600 lifetime=[656,1932] skipped=False
2026-08-30 22:39:55,005 | INFO | step=18020/20000 loss=-0.9936607 nll=-0.9944184 kl=0.0007576942 consistency=0 lambda=0 beta=1 grad=185.5621 horizon=220 lifetime=[437,863] skipped=False
2026-08-30 22:39:55,597 | INFO | step=18030/20000 loss=-0.7982749 nll=-0.7989228 kl=0.0006478429 consistency=0 lambda=0 beta=1 grad=283.5484 horizon=600 lifetime=[707,1282] skipped=False
2026-08-30 22:39:56,257 | INFO | step=18040/20000 loss=-1.360341 nll=-1.362321 kl=0.001980513 consistency=0 lambda=0 beta=1 grad=185.6506 horizon=520 lifetime=[677,1049] skipped=False
2026-08-30 22:39:56,815 | INFO | step=18050/20000 loss=-0.5226674 nll=-0.5247635 kl=0.002096087 consistency=0 lambda=0 beta=1 grad=289.3069 horizon=560 lifetime=[607,1932] skipped=False
2026-08-30 22:39:57,439 | INFO | step=18060/20000 loss=-0.6805245 nll=-0.6823059 kl=0.001781374 consistency=0 lambda=0 beta=1 grad=256.6759 horizon=520 lifetime=[614,1858] skipped=False
2026-08-30 22:39:58,096 | INFO | step=18070/20000 loss=-1.145191 nll=-1.145722 kl=0.0005310178 consistency=0 lambda=0 beta=1 grad=151.7998 horizon=560 lifetime=[706,1858] skipped=False
2026-08-30 22:39:58,640 | INFO | step=18080/20000 loss=1.095156 nll=1.087594 kl=0.007561684 consistency=0 lambda=0 beta=1 grad=191.0947 horizon=60 lifetime=[512,872] skipped=False
2026-08-30 22:39:59,299 | INFO | step=18090/20000 loss=-1.359493 nll=-1.360014 kl=0.0005210638 consistency=0 lambda=0 beta=1 grad=199.8029 horizon=500 lifetime=[534,1858] skipped=False
2026-08-30 22:39:59,951 | INFO | step=18100/20000 loss=-1.512188 nll=-1.514017 kl=0.00182882 consistency=0 lambda=0 beta=1 grad=98.12153 horizon=600 lifetime=[677,1932] skipped=False
2026-08-30 22:40:00,534 | INFO | step=18110/20000 loss=-1.315266 nll=-1.317187 kl=0.001921147 consistency=0 lambda=0 beta=1 grad=142.8405 horizon=340 lifetime=[464,823] skipped=False
2026-08-30 22:40:01,005 | INFO | step=18120/20000 loss=0.4924001 nll=0.4908995 kl=0.001500666 consistency=0 lambda=0 beta=1 grad=120.2066 horizon=60 lifetime=[437,1143] skipped=False
2026-08-30 22:40:01,638 | INFO | step=18130/20000 loss=-1.441087 nll=-1.441855 kl=0.000767976 consistency=0 lambda=0 beta=1 grad=158.0298 horizon=260 lifetime=[443,872] skipped=False
2026-08-30 22:40:02,187 | INFO | step=18140/20000 loss=0.3544402 nll=0.3528892 kl=0.001550972 consistency=0 lambda=0 beta=1 grad=36.48031 horizon=80 lifetime=[498,1858] skipped=False
2026-08-30 22:40:02,761 | INFO | step=18150/20000 loss=-0.4695425 nll=-0.4710324 kl=0.001489848 consistency=0 lambda=0 beta=1 grad=460.8919 horizon=540 lifetime=[675,1071] skipped=False
2026-08-30 22:40:03,456 | INFO | step=18160/20000 loss=-0.2405572 nll=-0.2411256 kl=0.0005683899 consistency=0 lambda=0 beta=1 grad=46.15863 horizon=240 lifetime=[464,874] skipped=False
2026-08-30 22:40:03,968 | INFO | step=18170/20000 loss=0.5499392 nll=0.5483382 kl=0.001601011 consistency=0 lambda=0 beta=1 grad=151.3689 horizon=160 lifetime=[498,1932] skipped=False
2026-08-30 22:40:04,551 | INFO | step=18180/20000 loss=-1.749859 nll=-1.750512 kl=0.0006529093 consistency=0 lambda=0 beta=1 grad=182.9978 horizon=520 lifetime=[539,913] skipped=False
2026-08-30 22:40:05,263 | INFO | step=18190/20000 loss=-0.209164 nll=-0.2104294 kl=0.001265377 consistency=0 lambda=0 beta=1 grad=79.96369 horizon=160 lifetime=[428,1143] skipped=False
2026-08-30 22:40:05,887 | INFO | step=18200/20000 loss=-1.045582 nll=-1.046071 kl=0.0004891455 consistency=0 lambda=0 beta=1 grad=74.5209 horizon=300 lifetime=[456,1858] skipped=False
2026-08-30 22:40:06,539 | INFO | step=18210/20000 loss=-1.004518 nll=-1.006273 kl=0.001755267 consistency=0 lambda=0 beta=1 grad=356.1599 horizon=380 lifetime=[512,1081] skipped=False
2026-08-30 22:40:07,263 | INFO | step=18220/20000 loss=-0.8848175 nll=-0.8857217 kl=0.0009042025 consistency=0 lambda=0 beta=1 grad=252.6765 horizon=580 lifetime=[599,1076] skipped=False
2026-08-30 22:40:07,806 | INFO | step=18230/20000 loss=-0.3771019 nll=-0.3783524 kl=0.001250505 consistency=0 lambda=0 beta=1 grad=344.2683 horizon=280 lifetime=[494,2154] skipped=False
2026-08-30 22:40:08,334 | INFO | step=18240/20000 loss=-0.2746948 nll=-0.2752371 kl=0.0005422831 consistency=0 lambda=0 beta=1 grad=97.61618 horizon=180 lifetime=[460,1932] skipped=False
2026-08-30 22:40:08,832 | INFO | step=18250/20000 loss=-0.9800538 nll=-0.9824669 kl=0.002413094 consistency=0 lambda=0 beta=1 grad=74.92246 horizon=140 lifetime=[456,875] skipped=False
2026-08-30 22:40:09,547 | INFO | step=18260/20000 loss=-1.759818 nll=-1.760828 kl=0.001010567 consistency=0 lambda=0 beta=1 grad=195.3665 horizon=360 lifetime=[462,887] skipped=False
2026-08-30 22:40:10,229 | INFO | step=18270/20000 loss=1.356789 nll=1.355537 kl=0.001252592 consistency=0 lambda=0 beta=1 grad=486.8741 horizon=600 lifetime=[665,1081] skipped=False
2026-08-30 22:40:10,873 | INFO | step=18280/20000 loss=-0.7029077 nll=-0.7034992 kl=0.0005915165 consistency=0 lambda=0 beta=1 grad=160.8386 horizon=180 lifetime=[442,1143] skipped=False
2026-08-30 22:40:11,429 | INFO | step=18290/20000 loss=-1.732376 nll=-1.733462 kl=0.001086026 consistency=0 lambda=0 beta=1 grad=56.64563 horizon=500 lifetime=[526,1007] skipped=False
2026-08-30 22:40:12,008 | INFO | step=18300/20000 loss=-0.3529632 nll=-0.3540804 kl=0.00111717 consistency=0 lambda=0 beta=1 grad=561.3962 horizon=440 lifetime=[453,1045] skipped=False
2026-08-30 22:40:12,461 | INFO | step=18310/20000 loss=0.477804 nll=0.4764708 kl=0.001333207 consistency=0 lambda=0 beta=1 grad=69.1802 horizon=60 lifetime=[428,2154] skipped=False
2026-08-30 22:40:13,137 | INFO | step=18320/20000 loss=-1.281182 nll=-1.28235 kl=0.001167655 consistency=0 lambda=0 beta=1 grad=240.7397 horizon=540 lifetime=[648,933] skipped=False
2026-08-30 22:40:13,740 | INFO | step=18330/20000 loss=-1.196005 nll=-1.196863 kl=0.0008580089 consistency=0 lambda=0 beta=1 grad=38.17924 horizon=240 lifetime=[428,2154] skipped=False
2026-08-30 22:40:14,367 | INFO | step=18340/20000 loss=-0.5561619 nll=-0.5572948 kl=0.001132876 consistency=0 lambda=0 beta=1 grad=66.0733 horizon=220 lifetime=[482,1834] skipped=False
2026-08-30 22:40:14,925 | INFO | step=18350/20000 loss=-1.248628 nll=-1.250396 kl=0.001767725 consistency=0 lambda=0 beta=1 grad=108.6831 horizon=360 lifetime=[442,1834] skipped=False
2026-08-30 22:40:15,483 | INFO | step=18360/20000 loss=0.06222659 nll=0.06078547 kl=0.001441121 consistency=0 lambda=0 beta=1 grad=455.7951 horizon=540 lifetime=[777,1282] skipped=False
2026-08-30 22:40:16,015 | INFO | step=18370/20000 loss=-0.2582285 nll=-0.2597645 kl=0.001536012 consistency=0 lambda=0 beta=1 grad=33.58867 horizon=220 lifetime=[599,1081] skipped=False
2026-08-30 22:40:16,577 | INFO | step=18380/20000 loss=-0.6159757 nll=-0.6172056 kl=0.001229852 consistency=0 lambda=0 beta=1 grad=140.9037 horizon=260 lifetime=[442,1932] skipped=False
2026-08-30 22:40:17,018 | INFO | step=18390/20000 loss=-1.162539 nll=-1.163557 kl=0.00101766 consistency=0 lambda=0 beta=1 grad=135.9119 horizon=400 lifetime=[428,1858] skipped=False
2026-08-30 22:40:17,646 | INFO | step=18400/20000 loss=-1.307792 nll=-1.308604 kl=0.0008126795 consistency=0 lambda=0 beta=1 grad=98.14317 horizon=500 lifetime=[510,1045] skipped=False
2026-08-30 22:40:18,301 | INFO | step=18410/20000 loss=-1.156394 nll=-1.157174 kl=0.0007795095 consistency=0 lambda=0 beta=1 grad=44.61317 horizon=320 lifetime=[428,930] skipped=False
2026-08-30 22:40:18,896 | INFO | step=18420/20000 loss=-1.112195 nll=-1.114508 kl=0.002312809 consistency=0 lambda=0 beta=1 grad=86.05582 horizon=600 lifetime=[700,1932] skipped=False
2026-08-30 22:40:19,583 | INFO | step=18430/20000 loss=0.05109526 nll=0.05015482 kl=0.0009404421 consistency=0 lambda=0 beta=1 grad=67.60532 horizon=80 lifetime=[147,991] skipped=False
2026-08-30 22:40:20,144 | INFO | step=18440/20000 loss=-0.9547186 nll=-0.9550712 kl=0.0003525615 consistency=0 lambda=0 beta=1 grad=47.94835 horizon=300 lifetime=[486,2154] skipped=False
2026-08-30 22:40:20,707 | INFO | step=18450/20000 loss=-1.074521 nll=-1.075436 kl=0.0009154975 consistency=0 lambda=0 beta=1 grad=187.7667 horizon=600 lifetime=[665,2154] skipped=False
2026-08-30 22:40:21,311 | INFO | step=18460/20000 loss=-1.279713 nll=-1.281909 kl=0.002195358 consistency=0 lambda=0 beta=1 grad=121.403 horizon=560 lifetime=[687,1076] skipped=False
2026-08-30 22:40:21,848 | INFO | step=18470/20000 loss=-1.34451 nll=-1.345569 kl=0.00105828 consistency=0 lambda=0 beta=1 grad=95.22601 horizon=280 lifetime=[456,1858] skipped=False
2026-08-30 22:40:22,458 | INFO | step=18480/20000 loss=-1.480291 nll=-1.481858 kl=0.001567155 consistency=0 lambda=0 beta=1 grad=50.26123 horizon=400 lifetime=[480,1932] skipped=False
2026-08-30 22:40:23,187 | INFO | step=18490/20000 loss=-1.087738 nll=-1.08888 kl=0.001142055 consistency=0 lambda=0 beta=1 grad=172.1049 horizon=560 lifetime=[633,1834] skipped=False
2026-08-30 22:40:25,002 | INFO | validation step=18500 rmse=130.0381 best=115.8968@15000 stale=7/10
2026-08-30 22:40:25,002 | INFO | step=18500/20000 loss=-1.017968 nll=-1.019138 kl=0.001170129 consistency=0 lambda=0 beta=1 grad=149.2588 horizon=280 lifetime=[437,1834] skipped=False
2026-08-30 22:40:25,693 | INFO | step=18510/20000 loss=-0.4050733 nll=-0.4058543 kl=0.0007810295 consistency=0 lambda=0 beta=1 grad=26.11489 horizon=120 lifetime=[462,875] skipped=False
2026-08-30 22:40:26,270 | INFO | step=18520/20000 loss=-1.424602 nll=-1.425671 kl=0.001069278 consistency=0 lambda=0 beta=1 grad=32.81269 horizon=600 lifetime=[704,1834] skipped=False
2026-08-30 22:40:26,806 | INFO | step=18530/20000 loss=-1.077106 nll=-1.078471 kl=0.001364648 consistency=0 lambda=0 beta=1 grad=162.1968 horizon=220 lifetime=[428,1834] skipped=False
2026-08-30 22:40:27,298 | INFO | step=18540/20000 loss=0.4447992 nll=0.4422388 kl=0.002560347 consistency=0 lambda=0 beta=1 grad=97.05766 horizon=60 lifetime=[533,1071] skipped=False
2026-08-30 22:40:27,982 | INFO | step=18550/20000 loss=-0.635361 nll=-0.6366847 kl=0.00132373 consistency=0 lambda=0 beta=1 grad=178.6273 horizon=480 lifetime=[529,1932] skipped=False
2026-08-30 22:40:28,524 | INFO | step=18560/20000 loss=-0.9914696 nll=-0.9920884 kl=0.0006188452 consistency=0 lambda=0 beta=1 grad=187.7199 horizon=580 lifetime=[633,2154] skipped=False
2026-08-30 22:40:29,181 | INFO | step=18570/20000 loss=-0.4123377 nll=-0.4124755 kl=0.0001377463 consistency=0 lambda=0 beta=1 grad=147.2066 horizon=300 lifetime=[442,988] skipped=False
2026-08-30 22:40:29,837 | INFO | step=18580/20000 loss=-0.4010921 nll=-0.4024236 kl=0.001331419 consistency=0 lambda=0 beta=1 grad=76.5146 horizon=180 lifetime=[442,988] skipped=False
2026-08-30 22:40:30,521 | INFO | step=18590/20000 loss=-0.826283 nll=-0.8270841 kl=0.0008011162 consistency=0 lambda=0 beta=1 grad=146.7834 horizon=340 lifetime=[557,1152] skipped=False
2026-08-30 22:40:31,068 | INFO | step=18600/20000 loss=-0.4241227 nll=-0.4257912 kl=0.001668543 consistency=0 lambda=0 beta=1 grad=69.5285 horizon=80 lifetime=[437,877] skipped=False
2026-08-30 22:40:31,696 | INFO | step=18610/20000 loss=-0.8225722 nll=-0.8229075 kl=0.0003352463 consistency=0 lambda=0 beta=1 grad=127.9731 horizon=200 lifetime=[437,2154] skipped=False
2026-08-30 22:40:32,262 | INFO | step=18620/20000 loss=-1.228901 nll=-1.230539 kl=0.001638412 consistency=0 lambda=0 beta=1 grad=102.6871 horizon=240 lifetime=[443,856] skipped=False
2026-08-30 22:40:32,877 | INFO | step=18630/20000 loss=-1.481872 nll=-1.482978 kl=0.001105547 consistency=0 lambda=0 beta=1 grad=192.6534 horizon=600 lifetime=[648,930] skipped=False
2026-08-30 22:40:33,443 | INFO | step=18640/20000 loss=-1.384953 nll=-1.38701 kl=0.002056628 consistency=0 lambda=0 beta=1 grad=113.9489 horizon=480 lifetime=[510,1007] skipped=False
2026-08-30 22:40:34,144 | INFO | step=18650/20000 loss=-0.231012 nll=-0.2326577 kl=0.001645684 consistency=0 lambda=0 beta=1 grad=352.7402 horizon=320 lifetime=[460,1834] skipped=False
2026-08-30 22:40:34,850 | INFO | step=18660/20000 loss=-1.312403 nll=-1.313165 kl=0.0007617474 consistency=0 lambda=0 beta=1 grad=148.5397 horizon=540 lifetime=[648,1282] skipped=False
2026-08-30 22:40:35,557 | INFO | step=18670/20000 loss=-1.69992 nll=-1.700883 kl=0.0009628534 consistency=0 lambda=0 beta=1 grad=60.34123 horizon=440 lifetime=[465,1076] skipped=False
2026-08-30 22:40:36,094 | INFO | step=18680/20000 loss=-0.6659897 nll=-0.667356 kl=0.001366317 consistency=0 lambda=0 beta=1 grad=125.4577 horizon=160 lifetime=[428,2154] skipped=False
2026-08-30 22:40:36,628 | INFO | step=18690/20000 loss=-1.107936 nll=-1.109077 kl=0.001140535 consistency=0 lambda=0 beta=1 grad=469.6464 horizon=440 lifetime=[455,906] skipped=False
2026-08-30 22:40:37,194 | INFO | step=18700/20000 loss=0.2580948 nll=0.2555982 kl=0.00249663 consistency=0 lambda=0 beta=1 grad=31.78204 horizon=80 lifetime=[498,1143] skipped=False
2026-08-30 22:40:37,897 | INFO | step=18710/20000 loss=-1.248818 nll=-1.250549 kl=0.001730978 consistency=0 lambda=0 beta=1 grad=96.6794 horizon=360 lifetime=[456,1015] skipped=False
2026-08-30 22:40:38,438 | INFO | step=18720/20000 loss=-0.4204661 nll=-0.4221975 kl=0.001731336 consistency=0 lambda=0 beta=1 grad=163.4144 horizon=140 lifetime=[467,1045] skipped=False
2026-08-30 22:40:39,080 | INFO | step=18730/20000 loss=-0.7643535 nll=-0.7649676 kl=0.0006140769 consistency=0 lambda=0 beta=1 grad=194.2 horizon=200 lifetime=[443,933] skipped=False
2026-08-30 22:40:39,709 | INFO | step=18740/20000 loss=-1.12977 nll=-1.130788 kl=0.00101763 consistency=0 lambda=0 beta=1 grad=211.3925 horizon=580 lifetime=[607,921] skipped=False
2026-08-30 22:40:40,360 | INFO | step=18750/20000 loss=0.07071384 nll=0.06955837 kl=0.001155466 consistency=0 lambda=0 beta=1 grad=40.3184 horizon=80 lifetime=[488,1143] skipped=False
2026-08-30 22:40:41,019 | INFO | step=18760/20000 loss=1.254658 nll=1.251276 kl=0.003382146 consistency=0 lambda=0 beta=1 grad=462.05 horizon=600 lifetime=[614,1932] skipped=False
2026-08-30 22:40:41,698 | INFO | step=18770/20000 loss=-1.409038 nll=-1.40976 kl=0.0007225573 consistency=0 lambda=0 beta=1 grad=359.4207 horizon=500 lifetime=[510,1049] skipped=False
2026-08-30 22:40:42,262 | INFO | step=18780/20000 loss=-1.079302 nll=-1.080221 kl=0.0009184778 consistency=0 lambda=0 beta=1 grad=193.5853 horizon=500 lifetime=[526,1007] skipped=False
2026-08-30 22:40:43,022 | INFO | step=18790/20000 loss=-0.5143138 nll=-0.5150862 kl=0.0007724166 consistency=0 lambda=0 beta=1 grad=265.6514 horizon=560 lifetime=[760,1834] skipped=False
2026-08-30 22:40:43,561 | INFO | step=18800/20000 loss=-0.6690364 nll=-0.6697668 kl=0.0007303953 consistency=0 lambda=0 beta=1 grad=76.62698 horizon=280 lifetime=[488,1143] skipped=False
2026-08-30 22:40:43,986 | INFO | step=18810/20000 loss=0.04693976 nll=0.04535186 kl=0.001587898 consistency=0 lambda=0 beta=1 grad=67.21661 horizon=320 lifetime=[428,1015] skipped=False
2026-08-30 22:40:44,483 | INFO | step=18820/20000 loss=-1.224626 nll=-1.225198 kl=0.0005724728 consistency=0 lambda=0 beta=1 grad=116.8752 horizon=380 lifetime=[428,921] skipped=False
2026-08-30 22:40:45,040 | INFO | step=18830/20000 loss=-0.7106739 nll=-0.7116351 kl=0.0009611547 consistency=0 lambda=0 beta=1 grad=143.5449 horizon=380 lifetime=[480,1858] skipped=False
2026-08-30 22:40:45,748 | INFO | step=18840/20000 loss=-1.025208 nll=-1.025867 kl=0.0006582737 consistency=0 lambda=0 beta=1 grad=212.2468 horizon=320 lifetime=[462,826] skipped=False
2026-08-30 22:40:46,384 | INFO | step=18850/20000 loss=-0.9718087 nll=-0.9723763 kl=0.0005676448 consistency=0 lambda=0 beta=1 grad=136.2168 horizon=580 lifetime=[599,1282] skipped=False
2026-08-30 22:40:46,924 | INFO | step=18860/20000 loss=-0.0631273 nll=-0.06386518 kl=0.0007378757 consistency=0 lambda=0 beta=1 grad=41.32838 horizon=60 lifetime=[494,1052] skipped=False
2026-08-30 22:40:47,465 | INFO | step=18870/20000 loss=-0.8323658 nll=-0.8330178 kl=0.0006520152 consistency=0 lambda=0 beta=1 grad=29.75307 horizon=160 lifetime=[480,1049] skipped=False
2026-08-30 22:40:48,113 | INFO | step=18880/20000 loss=0.02914679 nll=0.02773499 kl=0.001411796 consistency=0 lambda=0 beta=1 grad=472.5393 horizon=360 lifetime=[455,1932] skipped=False
2026-08-30 22:40:48,583 | INFO | step=18890/20000 loss=0.5736711 nll=0.5721951 kl=0.00147602 consistency=0 lambda=0 beta=1 grad=91.33073 horizon=120 lifetime=[500,1834] skipped=False
2026-08-30 22:40:49,108 | INFO | step=18900/20000 loss=-1.030926 nll=-1.032351 kl=0.001424879 consistency=0 lambda=0 beta=1 grad=76.84394 horizon=540 lifetime=[656,1834] skipped=False
2026-08-30 22:40:49,799 | INFO | step=18910/20000 loss=-1.209332 nll=-1.210562 kl=0.001229227 consistency=0 lambda=0 beta=1 grad=146.1032 horizon=460 lifetime=[497,1858] skipped=False
2026-08-30 22:40:50,376 | INFO | step=18920/20000 loss=-1.54102 nll=-1.542238 kl=0.001218408 consistency=0 lambda=0 beta=1 grad=36.22892 horizon=340 lifetime=[443,863] skipped=False
2026-08-30 22:40:50,945 | INFO | step=18930/20000 loss=-1.090129 nll=-1.090908 kl=0.0007787645 consistency=0 lambda=0 beta=1 grad=51.10844 horizon=600 lifetime=[706,2154] skipped=False
2026-08-30 22:40:51,538 | INFO | step=18940/20000 loss=-1.598005 nll=-1.599038 kl=0.001032919 consistency=0 lambda=0 beta=1 grad=92.21706 horizon=380 lifetime=[442,856] skipped=False
2026-08-30 22:40:52,084 | INFO | step=18950/20000 loss=-0.03414236 nll=-0.03507592 kl=0.0009335577 consistency=0 lambda=0 beta=1 grad=58.1565 horizon=160 lifetime=[480,2154] skipped=False
2026-08-30 22:40:52,543 | INFO | step=18960/20000 loss=0.7461642 nll=0.7444181 kl=0.001746088 consistency=0 lambda=0 beta=1 grad=120.7697 horizon=60 lifetime=[453,1834] skipped=False
2026-08-30 22:40:53,162 | INFO | step=18970/20000 loss=-0.7968524 nll=-0.7979879 kl=0.001135528 consistency=0 lambda=0 beta=1 grad=29.95045 horizon=160 lifetime=[460,875] skipped=False
2026-08-30 22:40:53,651 | INFO | step=18980/20000 loss=-0.5321479 nll=-0.5332481 kl=0.001100183 consistency=0 lambda=0 beta=1 grad=117.5674 horizon=260 lifetime=[519,2154] skipped=False
2026-08-30 22:40:54,201 | INFO | step=18990/20000 loss=-1.327905 nll=-1.32828 kl=0.0003753901 consistency=0 lambda=0 beta=1 grad=84.01302 horizon=340 lifetime=[428,933] skipped=False
2026-08-30 22:40:55,993 | INFO | validation step=19000 rmse=108.9867 best=108.9867@19000 stale=0/10
2026-08-30 22:40:55,993 | INFO | step=19000/20000 loss=-0.5819033 nll=-0.5826908 kl=0.0007875562 consistency=0 lambda=0 beta=1 grad=455.0336 horizon=500 lifetime=[534,991] skipped=False
2026-08-30 22:40:56,661 | INFO | step=19010/20000 loss=-0.1976236 nll=-0.1999427 kl=0.002319068 consistency=0 lambda=0 beta=1 grad=40.38739 horizon=120 lifetime=[460,1071] skipped=False
2026-08-30 22:40:57,330 | INFO | step=19020/20000 loss=-1.697739 nll=-1.699958 kl=0.002218455 consistency=0 lambda=0 beta=1 grad=114.0167 horizon=520 lifetime=[533,1081] skipped=False
2026-08-30 22:40:58,000 | INFO | step=19030/20000 loss=-1.136787 nll=-1.137601 kl=0.0008140504 consistency=0 lambda=0 beta=1 grad=39.5293 horizon=580 lifetime=[599,1932] skipped=False
2026-08-30 22:40:58,516 | INFO | step=19040/20000 loss=1.666762 nll=1.665451 kl=0.001311541 consistency=0 lambda=0 beta=1 grad=1064.112 horizon=260 lifetime=[462,1932] skipped=False
2026-08-30 22:40:59,215 | INFO | step=19050/20000 loss=-1.153862 nll=-1.154662 kl=0.0008001626 consistency=0 lambda=0 beta=1 grad=197.0631 horizon=320 lifetime=[460,1858] skipped=False
2026-08-30 22:40:59,696 | INFO | step=19060/20000 loss=-0.9893087 nll=-0.989834 kl=0.0005253553 consistency=0 lambda=0 beta=1 grad=134.6668 horizon=240 lifetime=[480,1015] skipped=False
2026-08-30 22:41:00,290 | INFO | step=19070/20000 loss=0.007433683 nll=0.006806105 kl=0.0006275773 consistency=0 lambda=0 beta=1 grad=188.2151 horizon=220 lifetime=[533,1143] skipped=False
2026-08-30 22:41:00,917 | INFO | step=19080/20000 loss=-1.215151 nll=-1.215864 kl=0.0007126331 consistency=0 lambda=0 beta=1 grad=229.2983 horizon=560 lifetime=[614,1932] skipped=False
2026-08-30 22:41:01,409 | INFO | step=19090/20000 loss=-1.614738 nll=-1.618135 kl=0.003397435 consistency=0 lambda=0 beta=1 grad=221.2207 horizon=460 lifetime=[467,860] skipped=False
2026-08-30 22:41:01,908 | INFO | step=19100/20000 loss=-1.425728 nll=-1.426787 kl=0.001059234 consistency=0 lambda=0 beta=1 grad=111.9953 horizon=480 lifetime=[482,1152] skipped=False
2026-08-30 22:41:02,635 | INFO | step=19110/20000 loss=-0.9078757 nll=-0.9087101 kl=0.0008343458 consistency=0 lambda=0 beta=1 grad=173.4106 horizon=600 lifetime=[633,1152] skipped=False
2026-08-30 22:41:03,178 | INFO | step=19120/20000 loss=0.3040242 nll=0.3031985 kl=0.0008257329 consistency=0 lambda=0 beta=1 grad=418.4885 horizon=460 lifetime=[607,1071] skipped=False
2026-08-30 22:41:03,788 | INFO | step=19130/20000 loss=0.07396087 nll=0.07283109 kl=0.001129776 consistency=0 lambda=0 beta=1 grad=81.16266 horizon=120 lifetime=[428,2154] skipped=False
2026-08-30 22:41:04,422 | INFO | step=19140/20000 loss=-0.3433965 nll=-0.3456847 kl=0.002288193 consistency=0 lambda=0 beta=1 grad=83.45549 horizon=160 lifetime=[443,1049] skipped=False
2026-08-30 22:41:04,907 | INFO | step=19150/20000 loss=-1.568539 nll=-1.570207 kl=0.001667261 consistency=0 lambda=0 beta=1 grad=53.97627 horizon=500 lifetime=[700,1049] skipped=False
2026-08-30 22:41:05,545 | INFO | step=19160/20000 loss=-1.649205 nll=-1.649759 kl=0.0005537271 consistency=0 lambda=0 beta=1 grad=174.9099 horizon=500 lifetime=[519,1049] skipped=False
2026-08-30 22:41:06,075 | INFO | step=19170/20000 loss=-1.164746 nll=-1.166218 kl=0.001472592 consistency=0 lambda=0 beta=1 grad=198.7457 horizon=600 lifetime=[656,1834] skipped=False
2026-08-30 22:41:06,694 | INFO | step=19180/20000 loss=-0.7667346 nll=-0.7674398 kl=0.0007052422 consistency=0 lambda=0 beta=1 grad=120.2182 horizon=280 lifetime=[500,863] skipped=False
2026-08-30 22:41:07,400 | INFO | step=19190/20000 loss=-1.852695 nll=-1.853692 kl=0.0009968877 consistency=0 lambda=0 beta=1 grad=78.22742 horizon=400 lifetime=[460,991] skipped=False
2026-08-30 22:41:08,007 | INFO | step=19200/20000 loss=-1.054796 nll=-1.055486 kl=0.0006896853 consistency=0 lambda=0 beta=1 grad=48.55395 horizon=220 lifetime=[512,913] skipped=False
2026-08-30 22:41:08,465 | INFO | step=19210/20000 loss=0.2459757 nll=0.2455783 kl=0.0003973544 consistency=0 lambda=0 beta=1 grad=82.58895 horizon=160 lifetime=[428,1045] skipped=False
2026-08-30 22:41:09,097 | INFO | step=19220/20000 loss=-1.245175 nll=-1.245932 kl=0.0007576048 consistency=0 lambda=0 beta=1 grad=69.21941 horizon=340 lifetime=[428,1007] skipped=False
2026-08-30 22:41:09,655 | INFO | step=19230/20000 loss=-0.8783068 nll=-0.8794881 kl=0.001181304 consistency=0 lambda=0 beta=1 grad=145.8284 horizon=520 lifetime=[539,1152] skipped=False
2026-08-30 22:41:10,237 | INFO | step=19240/20000 loss=-0.5011332 nll=-0.5025224 kl=0.001389235 consistency=0 lambda=0 beta=1 grad=162.7198 horizon=300 lifetime=[460,1143] skipped=False
2026-08-30 22:41:10,795 | INFO | step=19250/20000 loss=-0.851648 nll=-0.8525144 kl=0.0008664131 consistency=0 lambda=0 beta=1 grad=116.8325 horizon=300 lifetime=[480,1015] skipped=False
2026-08-30 22:41:11,473 | INFO | step=19260/20000 loss=-0.3010407 nll=-0.3015455 kl=0.0005047619 consistency=0 lambda=0 beta=1 grad=443.1912 horizon=240 lifetime=[453,921] skipped=False
2026-08-30 22:41:12,088 | INFO | step=19270/20000 loss=-0.4597274 nll=-0.4609835 kl=0.001256078 consistency=0 lambda=0 beta=1 grad=63.91667 horizon=240 lifetime=[559,1152] skipped=False
2026-08-30 22:41:12,749 | INFO | step=19280/20000 loss=0.5990025 nll=0.5975365 kl=0.001466036 consistency=0 lambda=0 beta=1 grad=45.7209 horizon=60 lifetime=[498,1143] skipped=False
2026-08-30 22:41:13,242 | INFO | step=19290/20000 loss=-0.2921847 nll=-0.293753 kl=0.001568377 consistency=0 lambda=0 beta=1 grad=99.0537 horizon=260 lifetime=[442,2154] skipped=False
2026-08-30 22:41:13,850 | INFO | step=19300/20000 loss=0.7638083 nll=0.7629473 kl=0.0008609891 consistency=0 lambda=0 beta=1 grad=272.6058 horizon=220 lifetime=[442,1282] skipped=False
2026-08-30 22:41:14,427 | INFO | step=19310/20000 loss=0.1898568 nll=0.1890111 kl=0.0008457005 consistency=0 lambda=0 beta=1 grad=364.0193 horizon=460 lifetime=[494,1282] skipped=False
2026-08-30 22:41:14,950 | INFO | step=19320/20000 loss=0.104652 nll=0.1029264 kl=0.001725644 consistency=0 lambda=0 beta=1 grad=46.48884 horizon=80 lifetime=[460,933] skipped=False
2026-08-30 22:41:15,649 | INFO | step=19330/20000 loss=-1.501314 nll=-1.502235 kl=0.0009212494 consistency=0 lambda=0 beta=1 grad=76.60632 horizon=580 lifetime=[622,1143] skipped=False
2026-08-30 22:41:16,306 | INFO | step=19340/20000 loss=-1.718913 nll=-1.719848 kl=0.0009347796 consistency=0 lambda=0 beta=1 grad=61.0724 horizon=260 lifetime=[442,872] skipped=False
2026-08-30 22:41:16,859 | INFO | step=19350/20000 loss=0.1999997 nll=0.1991765 kl=0.0008231699 consistency=0 lambda=0 beta=1 grad=311.2449 horizon=200 lifetime=[455,1932] skipped=False
2026-08-30 22:41:17,553 | INFO | step=19360/20000 loss=-0.03885034 nll=-0.04106706 kl=0.002216727 consistency=0 lambda=0 beta=1 grad=366.9536 horizon=480 lifetime=[497,1143] skipped=False
2026-08-30 22:41:18,226 | INFO | step=19370/20000 loss=-0.7667484 nll=-0.767182 kl=0.0004335642 consistency=0 lambda=0 beta=1 grad=137.7114 horizon=180 lifetime=[443,1834] skipped=False
2026-08-30 22:41:18,783 | INFO | step=19380/20000 loss=-1.116986 nll=-1.118934 kl=0.001947314 consistency=0 lambda=0 beta=1 grad=76.75521 horizon=300 lifetime=[497,942] skipped=False
2026-08-30 22:41:19,406 | INFO | step=19390/20000 loss=-0.09057906 nll=-0.09129062 kl=0.0007115602 consistency=0 lambda=0 beta=1 grad=475.9384 horizon=520 lifetime=[648,2154] skipped=False
2026-08-30 22:41:20,037 | INFO | step=19400/20000 loss=1.006155 nll=1.005229 kl=0.0009262562 consistency=0 lambda=0 beta=1 grad=277.4858 horizon=140 lifetime=[467,1932] skipped=False
2026-08-30 22:41:20,623 | INFO | step=19410/20000 loss=-0.6763335 nll=-0.677214 kl=0.00088045 consistency=0 lambda=0 beta=1 grad=297.5457 horizon=360 lifetime=[428,942] skipped=False
2026-08-30 22:41:21,154 | INFO | step=19420/20000 loss=-0.4112782 nll=-0.4118903 kl=0.0006121397 consistency=0 lambda=0 beta=1 grad=65.58999 horizon=180 lifetime=[494,1007] skipped=False
2026-08-30 22:41:21,664 | INFO | step=19430/20000 loss=-1.057728 nll=-1.059193 kl=0.001465499 consistency=0 lambda=0 beta=1 grad=34.99554 horizon=280 lifetime=[599,2154] skipped=False
2026-08-30 22:41:22,241 | INFO | step=19440/20000 loss=0.3481653 nll=0.3458368 kl=0.002328485 consistency=0 lambda=0 beta=1 grad=100.642 horizon=60 lifetime=[488,906] skipped=False
2026-08-30 22:41:22,837 | INFO | step=19450/20000 loss=-1.258642 nll=-1.259252 kl=0.000610292 consistency=0 lambda=0 beta=1 grad=147.0961 horizon=400 lifetime=[437,2154] skipped=False
2026-08-30 22:41:23,376 | INFO | step=19460/20000 loss=-0.8687365 nll=-0.8699305 kl=0.001194 consistency=0 lambda=0 beta=1 grad=104.9455 horizon=180 lifetime=[460,828] skipped=False
2026-08-30 22:41:24,032 | INFO | step=19470/20000 loss=-0.2362359 nll=-0.2370582 kl=0.0008222759 consistency=0 lambda=0 beta=1 grad=498.2531 horizon=440 lifetime=[465,988] skipped=False
2026-08-30 22:41:24,689 | INFO | step=19480/20000 loss=-1.689128 nll=-1.689787 kl=0.0006586015 consistency=0 lambda=0 beta=1 grad=193.7797 horizon=420 lifetime=[455,991] skipped=False
2026-08-30 22:41:25,312 | INFO | step=19490/20000 loss=-0.6022451 nll=-0.6028371 kl=0.0005919635 consistency=0 lambda=0 beta=1 grad=131.5173 horizon=280 lifetime=[455,1932] skipped=False
2026-08-30 22:41:27,025 | INFO | validation step=19500 rmse=115.2136 best=108.9867@19000 stale=1/10
2026-08-30 22:41:27,025 | INFO | step=19500/20000 loss=-0.8549432 nll=-0.856063 kl=0.001119852 consistency=0 lambda=0 beta=1 grad=108.2959 horizon=300 lifetime=[334,1076] skipped=False
2026-08-30 22:41:27,741 | INFO | step=19510/20000 loss=-1.463252 nll=-1.465245 kl=0.001992315 consistency=0 lambda=0 beta=1 grad=298.6411 horizon=520 lifetime=[526,915] skipped=False
2026-08-30 22:41:28,349 | INFO | step=19520/20000 loss=-0.9099315 nll=-0.9110596 kl=0.001128078 consistency=0 lambda=0 beta=1 grad=230.7314 horizon=420 lifetime=[460,1282] skipped=False
2026-08-30 22:41:29,190 | INFO | step=19530/20000 loss=-1.282232 nll=-1.283164 kl=0.0009325743 consistency=0 lambda=0 beta=1 grad=345.3693 horizon=600 lifetime=[622,1052] skipped=False
2026-08-30 22:41:29,811 | INFO | step=19540/20000 loss=0.2476372 nll=0.2456913 kl=0.001945823 consistency=0 lambda=0 beta=1 grad=148.9573 horizon=180 lifetime=[498,1143] skipped=False
2026-08-30 22:41:30,378 | INFO | step=19550/20000 loss=-0.2760847 nll=-0.2775492 kl=0.001464546 consistency=0 lambda=0 beta=1 grad=111.0775 horizon=180 lifetime=[505,1932] skipped=False
2026-08-30 22:41:31,069 | INFO | step=19560/20000 loss=-1.497283 nll=-1.498638 kl=0.001354367 consistency=0 lambda=0 beta=1 grad=257.4375 horizon=580 lifetime=[614,872] skipped=False
2026-08-30 22:41:31,650 | INFO | step=19570/20000 loss=-0.8504808 nll=-0.8514808 kl=0.001000017 consistency=0 lambda=0 beta=1 grad=184.4313 horizon=200 lifetime=[442,942] skipped=False
2026-08-30 22:41:32,130 | INFO | step=19580/20000 loss=-0.398161 nll=-0.398944 kl=0.000783056 consistency=0 lambda=0 beta=1 grad=193.069 horizon=260 lifetime=[334,930] skipped=False
2026-08-30 22:41:32,768 | INFO | step=19590/20000 loss=-1.048036 nll=-1.048988 kl=0.0009521544 consistency=0 lambda=0 beta=1 grad=145.3652 horizon=560 lifetime=[706,1071] skipped=False
2026-08-30 22:41:33,297 | INFO | step=19600/20000 loss=-0.9732602 nll=-0.9739279 kl=0.000667721 consistency=0 lambda=0 beta=1 grad=280.3946 horizon=520 lifetime=[656,1143] skipped=False
2026-08-30 22:41:33,921 | INFO | step=19610/20000 loss=-1.087596 nll=-1.088323 kl=0.0007272959 consistency=0 lambda=0 beta=1 grad=97.91549 horizon=300 lifetime=[455,1858] skipped=False
2026-08-30 22:41:34,620 | INFO | step=19620/20000 loss=-1.475616 nll=-1.476412 kl=0.0007957518 consistency=0 lambda=0 beta=1 grad=113.0235 horizon=540 lifetime=[557,933] skipped=False
2026-08-30 22:41:35,191 | INFO | step=19630/20000 loss=-0.7931395 nll=-0.7936622 kl=0.0005227029 consistency=0 lambda=0 beta=1 grad=260.4063 horizon=300 lifetime=[437,1858] skipped=False
2026-08-30 22:41:35,791 | INFO | step=19640/20000 loss=-0.6089678 nll=-0.6105089 kl=0.001541078 consistency=0 lambda=0 beta=1 grad=144.6967 horizon=160 lifetime=[453,1143] skipped=False
2026-08-30 22:41:36,481 | INFO | step=19650/20000 loss=-1.389576 nll=-1.390381 kl=0.000805378 consistency=0 lambda=0 beta=1 grad=178.1746 horizon=560 lifetime=[707,1052] skipped=False
2026-08-30 22:41:37,141 | INFO | step=19660/20000 loss=-0.2725492 nll=-0.2740185 kl=0.001469314 consistency=0 lambda=0 beta=1 grad=69.66604 horizon=220 lifetime=[482,1858] skipped=False
2026-08-30 22:41:37,765 | INFO | step=19670/20000 loss=-0.4443299 nll=-0.4460242 kl=0.001694292 consistency=0 lambda=0 beta=1 grad=30.00685 horizon=120 lifetime=[526,1052] skipped=False
2026-08-30 22:41:38,428 | INFO | step=19680/20000 loss=-1.515539 nll=-1.517246 kl=0.001707464 consistency=0 lambda=0 beta=1 grad=61.84816 horizon=460 lifetime=[500,1858] skipped=False
2026-08-30 22:41:39,015 | INFO | step=19690/20000 loss=-1.120714 nll=-1.12115 kl=0.0004360974 consistency=0 lambda=0 beta=1 grad=238.82 horizon=440 lifetime=[512,1049] skipped=False
2026-08-30 22:41:39,633 | INFO | step=19700/20000 loss=-1.890494 nll=-1.891116 kl=0.0006221831 consistency=0 lambda=0 beta=1 grad=135.7437 horizon=480 lifetime=[494,1071] skipped=False
2026-08-30 22:41:40,148 | INFO | step=19710/20000 loss=1.546809 nll=1.545668 kl=0.001141578 consistency=0 lambda=0 beta=1 grad=125.2061 horizon=80 lifetime=[437,1858] skipped=False
2026-08-30 22:41:40,645 | INFO | step=19720/20000 loss=-1.439643 nll=-1.440704 kl=0.001060754 consistency=0 lambda=0 beta=1 grad=66.47247 horizon=420 lifetime=[465,1282] skipped=False
2026-08-30 22:41:41,150 | INFO | step=19730/20000 loss=-1.267422 nll=-1.268946 kl=0.001524836 consistency=0 lambda=0 beta=1 grad=74.34869 horizon=460 lifetime=[480,1143] skipped=False
2026-08-30 22:41:41,714 | INFO | step=19740/20000 loss=-0.326506 nll=-0.3269564 kl=0.0004504621 consistency=0 lambda=0 beta=1 grad=73.71542 horizon=160 lifetime=[428,1834] skipped=False
2026-08-30 22:41:42,389 | INFO | step=19750/20000 loss=-1.564506 nll=-1.564996 kl=0.0004898012 consistency=0 lambda=0 beta=1 grad=227.088 horizon=460 lifetime=[497,1932] skipped=False
2026-08-30 22:41:42,960 | INFO | step=19760/20000 loss=-1.231234 nll=-1.231891 kl=0.0006563663 consistency=0 lambda=0 beta=1 grad=341.2588 horizon=360 lifetime=[477,1081] skipped=False
2026-08-30 22:41:43,491 | INFO | step=19770/20000 loss=-1.18412 nll=-1.184669 kl=0.0005489588 consistency=0 lambda=0 beta=1 grad=147.6556 horizon=460 lifetime=[488,1052] skipped=False
2026-08-30 22:41:44,122 | INFO | step=19780/20000 loss=-0.9768994 nll=-0.9781429 kl=0.001243442 consistency=0 lambda=0 beta=1 grad=248.2842 horizon=340 lifetime=[519,1071] skipped=False
2026-08-30 22:41:44,787 | INFO | step=19790/20000 loss=-1.2931 nll=-1.294369 kl=0.001269668 consistency=0 lambda=0 beta=1 grad=146.2041 horizon=520 lifetime=[526,1834] skipped=False
2026-08-30 22:41:45,431 | INFO | step=19800/20000 loss=-1.347972 nll=-1.348907 kl=0.0009344518 consistency=0 lambda=0 beta=1 grad=107.2238 horizon=340 lifetime=[460,2154] skipped=False
2026-08-30 22:41:45,962 | INFO | step=19810/20000 loss=-0.6544096 nll=-0.6570089 kl=0.002599239 consistency=0 lambda=0 beta=1 grad=32.24126 horizon=100 lifetime=[494,913] skipped=False
2026-08-30 22:41:46,527 | INFO | step=19820/20000 loss=0.3213832 nll=0.3198074 kl=0.001575828 consistency=0 lambda=0 beta=1 grad=23.9618 horizon=80 lifetime=[442,1049] skipped=False
2026-08-30 22:41:47,056 | INFO | step=19830/20000 loss=0.5722451 nll=0.5707585 kl=0.001486659 consistency=0 lambda=0 beta=1 grad=211.8496 horizon=260 lifetime=[687,1282] skipped=False
2026-08-30 22:41:47,562 | INFO | step=19840/20000 loss=-0.5844247 nll=-0.5853889 kl=0.0009641945 consistency=0 lambda=0 beta=1 grad=326.3167 horizon=260 lifetime=[428,1152] skipped=False
2026-08-30 22:41:48,149 | INFO | step=19850/20000 loss=-0.9144368 nll=-0.9151418 kl=0.0007049441 consistency=0 lambda=0 beta=1 grad=128.0442 horizon=340 lifetime=[467,1834] skipped=False
2026-08-30 22:41:48,766 | INFO | step=19860/20000 loss=-1.197309 nll=-1.197782 kl=0.0004731119 consistency=0 lambda=0 beta=1 grad=222.0805 horizon=560 lifetime=[701,1052] skipped=False
2026-08-30 22:41:49,348 | INFO | step=19870/20000 loss=-1.610318 nll=-1.612141 kl=0.001823187 consistency=0 lambda=0 beta=1 grad=184.4122 horizon=480 lifetime=[500,1081] skipped=False
2026-08-30 22:41:49,973 | INFO | step=19880/20000 loss=-1.857788 nll=-1.860283 kl=0.002494752 consistency=0 lambda=0 beta=1 grad=51.9325 horizon=440 lifetime=[453,860] skipped=False
2026-08-30 22:41:50,428 | INFO | step=19890/20000 loss=-0.6992381 nll=-0.7003857 kl=0.001147598 consistency=0 lambda=0 beta=1 grad=25.53456 horizon=120 lifetime=[442,1858] skipped=False
2026-08-30 22:41:51,111 | INFO | step=19900/20000 loss=-1.558919 nll=-1.559688 kl=0.0007688403 consistency=0 lambda=0 beta=1 grad=125.5646 horizon=500 lifetime=[622,1932] skipped=False
2026-08-30 22:41:51,891 | INFO | step=19910/20000 loss=-1.001794 nll=-1.002912 kl=0.001117378 consistency=0 lambda=0 beta=1 grad=330.6442 horizon=500 lifetime=[519,991] skipped=False
2026-08-30 22:41:52,357 | INFO | step=19920/20000 loss=-0.4674656 nll=-0.4703654 kl=0.002899826 consistency=0 lambda=0 beta=1 grad=29.32015 horizon=100 lifetime=[462,988] skipped=False
2026-08-30 22:41:52,906 | INFO | step=19930/20000 loss=-1.437107 nll=-1.437868 kl=0.0007606149 consistency=0 lambda=0 beta=1 grad=110.9606 horizon=380 lifetime=[428,1858] skipped=False
2026-08-30 22:41:53,473 | INFO | step=19940/20000 loss=0.275364 nll=0.2743073 kl=0.001056641 consistency=0 lambda=0 beta=1 grad=145.1747 horizon=140 lifetime=[334,1143] skipped=False
2026-08-30 22:41:54,003 | INFO | step=19950/20000 loss=-1.173518 nll=-1.173926 kl=0.0004085302 consistency=0 lambda=0 beta=1 grad=370.9296 horizon=560 lifetime=[677,1071] skipped=False
2026-08-30 22:41:54,471 | INFO | step=19960/20000 loss=-0.9914246 nll=-0.9920421 kl=0.0006175041 consistency=0 lambda=0 beta=1 grad=86.12427 horizon=180 lifetime=[462,1015] skipped=False
2026-08-30 22:41:55,185 | INFO | step=19970/20000 loss=-0.2429044 nll=-0.2434684 kl=0.0005640388 consistency=0 lambda=0 beta=1 grad=63.1507 horizon=120 lifetime=[443,1282] skipped=False
2026-08-30 22:41:55,765 | INFO | step=19980/20000 loss=-0.9349858 nll=-0.9361753 kl=0.00118947 consistency=0 lambda=0 beta=1 grad=65.19752 horizon=160 lifetime=[428,2154] skipped=False
2026-08-30 22:41:56,374 | INFO | step=19990/20000 loss=-0.9424952 nll=-0.9437917 kl=0.00129652 consistency=0 lambda=0 beta=1 grad=176.5055 horizon=600 lifetime=[687,2154] skipped=False
2026-08-30 22:41:58,045 | INFO | validation step=20000 rmse=105.8062 best=105.8062@20000 stale=0/10
2026-08-30 22:41:58,045 | INFO | step=20000/20000 loss=-1.19613 nll=-1.196768 kl=0.0006384552 consistency=0 lambda=0 beta=1 grad=66.72684 horizon=260 lifetime=[442,2154] skipped=False
2026-08-30 22:41:58,335 | INFO | completed run=/home/JunseoPark/바탕화면/battery_gru/outputs/horizon_lifetime_iv_anp_grid/suites/20260830_124935_068102/runs/hexpanded_s42_lr2p5em05_f4/20260830_222121_619293_f4_life_iv_base_s42
