2026-08-30 17:54:12,483 | INFO | start fold=4 device=cuda parameters=886228 train=109 validation=27 horizons=[100, 120, 140, 160, 180, 200, 220, 240, 260, 280, 300] q_points=256 context=[8,16] query=8 target=lifetime delta_soh=false paired_horizons=False consistency_weight=0 consistency_gap=20
2026-08-30 17:54:12,483 | INFO | train_scalers cycle=300 soh=0.96516+-0.016742 voltage=2.7611+-0.4711 current=3.2137+-1.5094 lifetime=754.57+-317.31
2026-08-30 17:54:12,605 | INFO | step=1/20000 loss=0.8320114 nll=0.8319935 kl=0.08979878 consistency=0 lambda=0 beta=0.0002 grad=1.475682 horizon=140 lifetime=[500,933] skipped=False
2026-08-30 17:54:13,405 | INFO | step=10/20000 loss=1.414482 nll=1.414474 kl=0.004093669 consistency=0 lambda=0 beta=0.002 grad=2.03388 horizon=240 lifetime=[465,1282] skipped=False
2026-08-30 17:54:13,858 | INFO | step=20/20000 loss=1.068384 nll=1.068214 kl=0.04254817 consistency=0 lambda=0 beta=0.004 grad=0.5894946 horizon=260 lifetime=[455,1143] skipped=False
2026-08-30 17:54:14,268 | INFO | step=30/20000 loss=1.018767 nll=1.018695 kl=0.01203023 consistency=0 lambda=0 beta=0.006 grad=1.341529 horizon=160 lifetime=[428,988] skipped=False
2026-08-30 17:54:14,685 | INFO | step=40/20000 loss=1.068154 nll=1.068004 kl=0.0188145 consistency=0 lambda=0 beta=0.008 grad=0.6500698 horizon=220 lifetime=[460,1052] skipped=False
2026-08-30 17:54:15,016 | INFO | step=50/20000 loss=1.024919 nll=1.024792 kl=0.01275678 consistency=0 lambda=0 beta=0.01 grad=1.211754 horizon=100 lifetime=[443,1000] skipped=False
2026-08-30 17:54:15,406 | INFO | step=60/20000 loss=2.858272 nll=2.858171 kl=0.008487351 consistency=0 lambda=0 beta=0.012 grad=7.950558 horizon=280 lifetime=[455,1858] skipped=False
2026-08-30 17:54:15,860 | INFO | step=70/20000 loss=2.874006 nll=2.873809 kl=0.01412453 consistency=0 lambda=0 beta=0.014 grad=8.698904 horizon=120 lifetime=[482,1858] skipped=False
2026-08-30 17:54:16,262 | INFO | step=80/20000 loss=1.076086 nll=1.075984 kl=0.006357766 consistency=0 lambda=0 beta=0.016 grad=1.056828 horizon=280 lifetime=[467,1049] skipped=False
2026-08-30 17:54:16,688 | INFO | step=90/20000 loss=3.03716 nll=3.036955 kl=0.01135482 consistency=0 lambda=0 beta=0.018 grad=9.572211 horizon=260 lifetime=[437,1932] skipped=False
2026-08-30 17:54:17,085 | INFO | step=100/20000 loss=3.379506 nll=3.378991 kl=0.02574099 consistency=0 lambda=0 beta=0.02 grad=11.43208 horizon=160 lifetime=[428,2154] skipped=False
2026-08-30 17:54:17,499 | INFO | step=110/20000 loss=0.7266666 nll=0.7125313 kl=0.6425124 consistency=0 lambda=0 beta=0.022 grad=2.751534 horizon=240 lifetime=[428,863] skipped=False
2026-08-30 17:54:17,885 | INFO | step=120/20000 loss=0.7874963 nll=0.7788166 kl=0.3616528 consistency=0 lambda=0 beta=0.024 grad=26.53723 horizon=200 lifetime=[456,942] skipped=False
2026-08-30 17:54:18,275 | INFO | step=130/20000 loss=0.7840396 nll=0.7822132 kl=0.07024398 consistency=0 lambda=0 beta=0.026 grad=6.590821 horizon=180 lifetime=[497,1282] skipped=False
2026-08-30 17:54:18,687 | INFO | step=140/20000 loss=0.9176443 nll=0.9171447 kl=0.01784263 consistency=0 lambda=0 beta=0.028 grad=14.95895 horizon=180 lifetime=[455,921] skipped=False
2026-08-30 17:54:19,053 | INFO | step=150/20000 loss=1.639626 nll=1.638471 kl=0.03851055 consistency=0 lambda=0 beta=0.03 grad=59.41592 horizon=200 lifetime=[486,1071] skipped=False
2026-08-30 17:54:19,426 | INFO | step=160/20000 loss=0.506039 nll=0.5046611 kl=0.0430597 consistency=0 lambda=0 beta=0.032 grad=4.440722 horizon=160 lifetime=[453,1152] skipped=False
2026-08-30 17:54:19,834 | INFO | step=170/20000 loss=0.4175155 nll=0.4115546 kl=0.1753189 consistency=0 lambda=0 beta=0.034 grad=19.13679 horizon=220 lifetime=[498,877] skipped=False
2026-08-30 17:54:20,231 | INFO | step=180/20000 loss=0.2413455 nll=0.237761 kl=0.09957026 consistency=0 lambda=0 beta=0.036 grad=6.193459 horizon=140 lifetime=[428,1071] skipped=False
2026-08-30 17:54:20,620 | INFO | step=190/20000 loss=2.151058 nll=2.149831 kl=0.03229082 consistency=0 lambda=0 beta=0.038 grad=132.8954 horizon=180 lifetime=[456,2154] skipped=False
2026-08-30 17:54:21,009 | INFO | step=200/20000 loss=0.9320666 nll=0.9303446 kl=0.04304932 consistency=0 lambda=0 beta=0.04 grad=19.54854 horizon=280 lifetime=[428,1834] skipped=False
2026-08-30 17:54:21,404 | INFO | step=210/20000 loss=0.5061356 nll=0.5006095 kl=0.1315762 consistency=0 lambda=0 beta=0.042 grad=26.531 horizon=120 lifetime=[462,1000] skipped=False
2026-08-30 17:54:21,811 | INFO | step=220/20000 loss=4.093819 nll=4.093332 kl=0.01106267 consistency=0 lambda=0 beta=0.044 grad=inf horizon=280 lifetime=[480,1052] skipped=True
2026-08-30 17:54:22,221 | INFO | step=230/20000 loss=1.46745 nll=1.466797 kl=0.01420004 consistency=0 lambda=0 beta=0.046 grad=5.170199 horizon=100 lifetime=[512,1282] skipped=False
2026-08-30 17:54:22,610 | INFO | step=240/20000 loss=0.4708312 nll=0.469516 kl=0.0274001 consistency=0 lambda=0 beta=0.048 grad=12.25361 horizon=260 lifetime=[488,988] skipped=False
2026-08-30 17:54:22,989 | INFO | step=250/20000 loss=0.4233879 nll=0.4187729 kl=0.09229873 consistency=0 lambda=0 beta=0.05 grad=22.20454 horizon=100 lifetime=[428,921] skipped=False
2026-08-30 17:54:23,442 | INFO | step=260/20000 loss=0.693234 nll=0.6925254 kl=0.01362769 consistency=0 lambda=0 beta=0.052 grad=12.08552 horizon=120 lifetime=[464,1143] skipped=False
2026-08-30 17:54:23,856 | INFO | step=270/20000 loss=0.1174401 nll=0.1164761 kl=0.017853 consistency=0 lambda=0 beta=0.054 grad=12.05271 horizon=240 lifetime=[428,1049] skipped=False
2026-08-30 17:54:24,242 | INFO | step=280/20000 loss=0.5350422 nll=0.5341266 kl=0.01634824 consistency=0 lambda=0 beta=0.056 grad=20.98177 horizon=240 lifetime=[460,1858] skipped=False
2026-08-30 17:54:24,655 | INFO | step=290/20000 loss=0.1443183 nll=0.1433779 kl=0.01621435 consistency=0 lambda=0 beta=0.058 grad=12.23159 horizon=180 lifetime=[462,1015] skipped=False
2026-08-30 17:54:25,044 | INFO | step=300/20000 loss=0.395209 nll=0.3945927 kl=0.01027211 consistency=0 lambda=0 beta=0.06 grad=16.72201 horizon=280 lifetime=[455,1858] skipped=False
2026-08-30 17:54:25,455 | INFO | step=310/20000 loss=0.1448971 nll=0.1314262 kl=0.217272 consistency=0 lambda=0 beta=0.062 grad=20.16282 horizon=220 lifetime=[460,828] skipped=False
2026-08-30 17:54:25,850 | INFO | step=320/20000 loss=1.642702 nll=1.640006 kl=0.04212061 consistency=0 lambda=0 beta=0.064 grad=123.8499 horizon=180 lifetime=[334,2154] skipped=False
2026-08-30 17:54:26,269 | INFO | step=330/20000 loss=0.3660141 nll=0.3648071 kl=0.01828803 consistency=0 lambda=0 beta=0.066 grad=18.41642 horizon=180 lifetime=[460,869] skipped=False
2026-08-30 17:54:26,674 | INFO | step=340/20000 loss=0.2860719 nll=0.2843537 kl=0.0252669 consistency=0 lambda=0 beta=0.068 grad=19.85326 horizon=140 lifetime=[505,1052] skipped=False
2026-08-30 17:54:27,029 | INFO | step=350/20000 loss=0.1528153 nll=0.1517405 kl=0.01535392 consistency=0 lambda=0 beta=0.07 grad=23.28239 horizon=100 lifetime=[428,1015] skipped=False
2026-08-30 17:54:27,468 | INFO | step=360/20000 loss=-0.3516271 nll=-0.3522968 kl=0.009301346 consistency=0 lambda=0 beta=0.072 grad=14.99286 horizon=280 lifetime=[455,871] skipped=False
2026-08-30 17:54:27,853 | INFO | step=370/20000 loss=0.4347984 nll=0.4338426 kl=0.01291612 consistency=0 lambda=0 beta=0.074 grad=32.35109 horizon=240 lifetime=[465,921] skipped=False
2026-08-30 17:54:28,212 | INFO | step=380/20000 loss=0.9478577 nll=0.9465896 kl=0.01668508 consistency=0 lambda=0 beta=0.076 grad=75.8581 horizon=180 lifetime=[455,1834] skipped=False
2026-08-30 17:54:28,606 | INFO | step=390/20000 loss=0.5066067 nll=0.5028256 kl=0.04847552 consistency=0 lambda=0 beta=0.078 grad=7.123609 horizon=180 lifetime=[453,1834] skipped=False
2026-08-30 17:54:28,980 | INFO | step=400/20000 loss=0.06710149 nll=0.06285642 kl=0.05306341 consistency=0 lambda=0 beta=0.08 grad=31.15808 horizon=160 lifetime=[510,1007] skipped=False
2026-08-30 17:54:29,379 | INFO | step=410/20000 loss=0.9656929 nll=0.964714 kl=0.0119383 consistency=0 lambda=0 beta=0.082 grad=107.0754 horizon=220 lifetime=[437,1081] skipped=False
2026-08-30 17:54:29,774 | INFO | step=420/20000 loss=0.2243689 nll=0.2223063 kl=0.02455525 consistency=0 lambda=0 beta=0.084 grad=19.28953 horizon=200 lifetime=[465,942] skipped=False
2026-08-30 17:54:30,170 | INFO | step=430/20000 loss=0.4768064 nll=0.4730519 kl=0.04365712 consistency=0 lambda=0 beta=0.086 grad=40.27058 horizon=180 lifetime=[482,1015] skipped=False
2026-08-30 17:54:30,573 | INFO | step=440/20000 loss=0.1874363 nll=0.1859985 kl=0.01633816 consistency=0 lambda=0 beta=0.088 grad=56.74273 horizon=300 lifetime=[437,1081] skipped=False
2026-08-30 17:54:30,933 | INFO | step=450/20000 loss=1.76096 nll=1.759414 kl=0.0171717 consistency=0 lambda=0 beta=0.09 grad=41.34886 horizon=120 lifetime=[147,1052] skipped=False
2026-08-30 17:54:31,343 | INFO | step=460/20000 loss=-0.2055154 nll=-0.2092772 kl=0.04089 consistency=0 lambda=0 beta=0.092 grad=10.29073 horizon=200 lifetime=[334,913] skipped=False
2026-08-30 17:54:31,742 | INFO | step=470/20000 loss=-0.1576999 nll=-0.1591292 kl=0.01520558 consistency=0 lambda=0 beta=0.094 grad=17.68651 horizon=160 lifetime=[455,1007] skipped=False
2026-08-30 17:54:32,107 | INFO | step=480/20000 loss=0.1348567 nll=0.1136184 kl=0.2212324 consistency=0 lambda=0 beta=0.096 grad=21.57934 horizon=140 lifetime=[460,1015] skipped=False
2026-08-30 17:54:32,527 | INFO | step=490/20000 loss=0.03971205 nll=0.03904089 kl=0.00684849 consistency=0 lambda=0 beta=0.098 grad=37.30916 horizon=260 lifetime=[455,771] skipped=False
2026-08-30 17:54:33,398 | INFO | validation step=500 rmse=266.5847 best=266.5847@500 stale=0/10
2026-08-30 17:54:33,398 | INFO | step=500/20000 loss=-0.407991 nll=-0.4102712 kl=0.02280275 consistency=0 lambda=0 beta=0.1 grad=9.57166 horizon=300 lifetime=[442,942] skipped=False
2026-08-30 17:54:33,824 | INFO | step=510/20000 loss=1.130445 nll=1.129818 kl=0.006148078 consistency=0 lambda=0 beta=0.102 grad=44.31437 horizon=100 lifetime=[437,1834] skipped=False
2026-08-30 17:54:34,245 | INFO | step=520/20000 loss=4.570675 nll=4.570377 kl=0.002866294 consistency=0 lambda=0 beta=0.104 grad=268.2259 horizon=220 lifetime=[443,1932] skipped=False
2026-08-30 17:54:34,634 | INFO | step=530/20000 loss=0.4250508 nll=0.4220809 kl=0.02801756 consistency=0 lambda=0 beta=0.106 grad=13.5014 horizon=100 lifetime=[453,1015] skipped=False
2026-08-30 17:54:35,055 | INFO | step=540/20000 loss=0.361348 nll=0.3589714 kl=0.02200512 consistency=0 lambda=0 beta=0.108 grad=18.9581 horizon=280 lifetime=[477,913] skipped=False
2026-08-30 17:54:35,506 | INFO | step=550/20000 loss=-0.0678071 nll=-0.07048821 kl=0.02437368 consistency=0 lambda=0 beta=0.11 grad=7.28046 horizon=300 lifetime=[675,991] skipped=False
2026-08-30 17:54:35,872 | INFO | step=560/20000 loss=0.06364431 nll=0.05529373 kl=0.07455875 consistency=0 lambda=0 beta=0.112 grad=25.35673 horizon=160 lifetime=[428,811] skipped=False
2026-08-30 17:54:36,250 | INFO | step=570/20000 loss=0.1854333 nll=0.1833783 kl=0.01802565 consistency=0 lambda=0 beta=0.114 grad=13.21627 horizon=260 lifetime=[334,872] skipped=False
2026-08-30 17:54:36,640 | INFO | step=580/20000 loss=3.893357 nll=3.886428 kl=0.05973498 consistency=0 lambda=0 beta=0.116 grad=180.5011 horizon=140 lifetime=[147,1858] skipped=False
2026-08-30 17:54:36,992 | INFO | step=590/20000 loss=-0.5521234 nll=-0.5541952 kl=0.01755822 consistency=0 lambda=0 beta=0.118 grad=16.25581 horizon=260 lifetime=[456,860] skipped=False
2026-08-30 17:54:37,395 | INFO | step=600/20000 loss=0.0766842 nll=0.07447584 kl=0.01840302 consistency=0 lambda=0 beta=0.12 grad=21.17532 horizon=120 lifetime=[428,1045] skipped=False
2026-08-30 17:54:37,827 | INFO | step=610/20000 loss=0.3377814 nll=0.3363371 kl=0.01183848 consistency=0 lambda=0 beta=0.122 grad=3.697038 horizon=100 lifetime=[455,1282] skipped=False
2026-08-30 17:54:38,256 | INFO | step=620/20000 loss=0.4449193 nll=0.4399855 kl=0.03978829 consistency=0 lambda=0 beta=0.124 grad=12.10792 horizon=260 lifetime=[493,2154] skipped=False
2026-08-30 17:54:38,672 | INFO | step=630/20000 loss=-0.1531322 nll=-0.1539788 kl=0.006719029 consistency=0 lambda=0 beta=0.126 grad=7.775009 horizon=240 lifetime=[437,1049] skipped=False
2026-08-30 17:54:39,064 | INFO | step=640/20000 loss=-0.04875294 nll=-0.04990132 kl=0.008971751 consistency=0 lambda=0 beta=0.128 grad=19.42251 horizon=160 lifetime=[437,1152] skipped=False
2026-08-30 17:54:39,460 | INFO | step=650/20000 loss=0.3224318 nll=0.3184666 kl=0.03050163 consistency=0 lambda=0 beta=0.13 grad=43.2105 horizon=220 lifetime=[334,2154] skipped=False
2026-08-30 17:54:39,844 | INFO | step=660/20000 loss=0.5614344 nll=0.5582145 kl=0.02439341 consistency=0 lambda=0 beta=0.132 grad=5.309922 horizon=300 lifetime=[557,2154] skipped=False
2026-08-30 17:54:40,257 | INFO | step=670/20000 loss=0.7201353 nll=0.7194831 kl=0.004866825 consistency=0 lambda=0 beta=0.134 grad=84.47564 horizon=220 lifetime=[477,1858] skipped=False
2026-08-30 17:54:40,650 | INFO | step=680/20000 loss=0.6923544 nll=0.6916365 kl=0.005278314 consistency=0 lambda=0 beta=0.136 grad=33.00947 horizon=180 lifetime=[559,1045] skipped=False
2026-08-30 17:54:41,088 | INFO | step=690/20000 loss=0.1410486 nll=0.140137 kl=0.00660557 consistency=0 lambda=0 beta=0.138 grad=22.63774 horizon=280 lifetime=[465,2154] skipped=False
2026-08-30 17:54:41,463 | INFO | step=700/20000 loss=-0.4813123 nll=-0.4862017 kl=0.03492406 consistency=0 lambda=0 beta=0.14 grad=10.15104 horizon=220 lifetime=[443,823] skipped=False
2026-08-30 17:54:41,898 | INFO | step=710/20000 loss=0.06992312 nll=0.06935853 kl=0.003975995 consistency=0 lambda=0 beta=0.142 grad=20.63678 horizon=280 lifetime=[428,942] skipped=False
2026-08-30 17:54:42,291 | INFO | step=720/20000 loss=0.05401071 nll=0.05241515 kl=0.0110803 consistency=0 lambda=0 beta=0.144 grad=15.14938 horizon=120 lifetime=[456,874] skipped=False
2026-08-30 17:54:42,707 | INFO | step=730/20000 loss=0.5763498 nll=0.5752709 kl=0.007389771 consistency=0 lambda=0 beta=0.146 grad=60.41194 horizon=200 lifetime=[334,1071] skipped=False
2026-08-30 17:54:43,109 | INFO | step=740/20000 loss=1.388321 nll=1.379658 kl=0.05853377 consistency=0 lambda=0 beta=0.148 grad=187.4644 horizon=140 lifetime=[428,1932] skipped=False
2026-08-30 17:54:43,525 | INFO | step=750/20000 loss=0.1991032 nll=0.1985658 kl=0.003582529 consistency=0 lambda=0 beta=0.15 grad=13.04951 horizon=240 lifetime=[443,1858] skipped=False
2026-08-30 17:54:43,956 | INFO | step=760/20000 loss=2.302737 nll=2.301943 kl=0.005230126 consistency=0 lambda=0 beta=0.152 grad=168.8739 horizon=180 lifetime=[498,1932] skipped=False
2026-08-30 17:54:44,349 | INFO | step=770/20000 loss=-0.3738607 nll=-0.3751053 kl=0.008081511 consistency=0 lambda=0 beta=0.154 grad=25.90856 horizon=240 lifetime=[453,942] skipped=False
2026-08-30 17:54:44,722 | INFO | step=780/20000 loss=0.4378807 nll=0.4360522 kl=0.01172064 consistency=0 lambda=0 beta=0.156 grad=21.84647 horizon=120 lifetime=[428,1282] skipped=False
2026-08-30 17:54:45,108 | INFO | step=790/20000 loss=0.08984698 nll=0.08596902 kl=0.02454405 consistency=0 lambda=0 beta=0.158 grad=12.4557 horizon=100 lifetime=[482,1858] skipped=False
2026-08-30 17:54:45,508 | INFO | step=800/20000 loss=-0.2183951 nll=-0.2212752 kl=0.01800018 consistency=0 lambda=0 beta=0.16 grad=11.54398 horizon=240 lifetime=[465,1015] skipped=False
2026-08-30 17:54:45,942 | INFO | step=810/20000 loss=0.4146619 nll=0.4120133 kl=0.01634968 consistency=0 lambda=0 beta=0.162 grad=43.99807 horizon=240 lifetime=[505,1834] skipped=False
2026-08-30 17:54:46,365 | INFO | step=820/20000 loss=-0.3039018 nll=-0.3058392 kl=0.01181368 consistency=0 lambda=0 beta=0.164 grad=15.53118 horizon=240 lifetime=[467,1007] skipped=False
2026-08-30 17:54:46,767 | INFO | step=830/20000 loss=0.4415548 nll=0.4397236 kl=0.01103155 consistency=0 lambda=0 beta=0.166 grad=29.24228 horizon=260 lifetime=[453,1282] skipped=False
2026-08-30 17:54:47,186 | INFO | step=840/20000 loss=0.03358016 nll=0.03266805 kl=0.005429233 consistency=0 lambda=0 beta=0.168 grad=35.54523 horizon=280 lifetime=[428,909] skipped=False
2026-08-30 17:54:47,583 | INFO | step=850/20000 loss=1.135118 nll=1.134433 kl=0.00402981 consistency=0 lambda=0 beta=0.17 grad=36.37179 horizon=100 lifetime=[147,1152] skipped=False
2026-08-30 17:54:48,037 | INFO | step=860/20000 loss=0.5991564 nll=0.5941404 kl=0.0291626 consistency=0 lambda=0 beta=0.172 grad=42.22959 horizon=300 lifetime=[460,1932] skipped=False
2026-08-30 17:54:48,467 | INFO | step=870/20000 loss=-0.6115857 nll=-0.6141009 kl=0.01445524 consistency=0 lambda=0 beta=0.174 grad=8.13546 horizon=240 lifetime=[334,921] skipped=False
2026-08-30 17:54:48,883 | INFO | step=880/20000 loss=0.03679456 nll=0.03565279 kl=0.006487366 consistency=0 lambda=0 beta=0.176 grad=19.25075 horizon=220 lifetime=[462,933] skipped=False
2026-08-30 17:54:49,270 | INFO | step=890/20000 loss=0.2007558 nll=0.1942573 kl=0.03650844 consistency=0 lambda=0 beta=0.178 grad=53.64459 horizon=160 lifetime=[518,915] skipped=False
2026-08-30 17:54:49,645 | INFO | step=900/20000 loss=-0.06950407 nll=-0.07099415 kl=0.008278228 consistency=0 lambda=0 beta=0.18 grad=13.26684 horizon=120 lifetime=[460,874] skipped=False
2026-08-30 17:54:50,080 | INFO | step=910/20000 loss=0.2573506 nll=0.2557936 kl=0.008554928 consistency=0 lambda=0 beta=0.182 grad=25.82751 horizon=140 lifetime=[512,942] skipped=False
2026-08-30 17:54:50,512 | INFO | step=920/20000 loss=0.3424091 nll=0.3411446 kl=0.006872386 consistency=0 lambda=0 beta=0.184 grad=18.58181 horizon=280 lifetime=[460,1081] skipped=False
2026-08-30 17:54:50,905 | INFO | step=930/20000 loss=0.4897175 nll=0.4881999 kl=0.008159004 consistency=0 lambda=0 beta=0.186 grad=29.85076 horizon=200 lifetime=[480,2154] skipped=False
2026-08-30 17:54:51,306 | INFO | step=940/20000 loss=1.428646 nll=1.427424 kl=0.006500952 consistency=0 lambda=0 beta=0.188 grad=79.18436 horizon=180 lifetime=[453,1015] skipped=False
2026-08-30 17:54:51,724 | INFO | step=950/20000 loss=0.1365913 nll=0.1357697 kl=0.00432428 consistency=0 lambda=0 beta=0.19 grad=15.60906 horizon=260 lifetime=[467,1152] skipped=False
2026-08-30 17:54:52,129 | INFO | step=960/20000 loss=-0.411171 nll=-0.4277364 kl=0.08627784 consistency=0 lambda=0 beta=0.192 grad=21.83775 horizon=200 lifetime=[456,906] skipped=False
2026-08-30 17:54:52,503 | INFO | step=970/20000 loss=-0.007782398 nll=-0.009800762 kl=0.01040394 consistency=0 lambda=0 beta=0.194 grad=8.127521 horizon=200 lifetime=[460,2154] skipped=False
2026-08-30 17:54:52,862 | INFO | step=980/20000 loss=0.1109537 nll=0.1080931 kl=0.01459474 consistency=0 lambda=0 beta=0.196 grad=11.42389 horizon=120 lifetime=[460,1049] skipped=False
2026-08-30 17:54:53,301 | INFO | step=990/20000 loss=2.883156 nll=2.877379 kl=0.02917401 consistency=0 lambda=0 beta=0.198 grad=158.3886 horizon=180 lifetime=[465,1834] skipped=False
2026-08-30 17:54:53,998 | INFO | validation step=1000 rmse=248.9429 best=248.9429@1000 stale=0/10
2026-08-30 17:54:53,999 | INFO | step=1000/20000 loss=0.5400637 nll=0.5332969 kl=0.03383435 consistency=0 lambda=0 beta=0.2 grad=38.74883 horizon=120 lifetime=[428,887] skipped=False
2026-08-30 17:54:54,428 | INFO | step=1010/20000 loss=-0.1616415 nll=-0.1624561 kl=0.004032806 consistency=0 lambda=0 beta=0.202 grad=5.420121 horizon=300 lifetime=[442,1076] skipped=False
2026-08-30 17:54:54,809 | INFO | step=1020/20000 loss=-0.06052072 nll=-0.06465515 kl=0.02026682 consistency=0 lambda=0 beta=0.204 grad=16.95307 horizon=140 lifetime=[460,1015] skipped=False
2026-08-30 17:54:55,217 | INFO | step=1030/20000 loss=0.5157343 nll=0.5145029 kl=0.005977392 consistency=0 lambda=0 beta=0.206 grad=9.178768 horizon=200 lifetime=[599,1049] skipped=False
2026-08-30 17:54:55,599 | INFO | step=1040/20000 loss=0.2474798 nll=0.2432143 kl=0.02050704 consistency=0 lambda=0 beta=0.208 grad=13.18079 horizon=180 lifetime=[482,1143] skipped=False
2026-08-30 17:54:55,974 | INFO | step=1050/20000 loss=0.5701286 nll=0.5678403 kl=0.01089648 consistency=0 lambda=0 beta=0.21 grad=15.92048 horizon=100 lifetime=[428,933] skipped=False
2026-08-30 17:54:56,364 | INFO | step=1060/20000 loss=1.901661 nll=1.896917 kl=0.02237361 consistency=0 lambda=0 beta=0.212 grad=125.2602 horizon=300 lifetime=[633,2154] skipped=False
2026-08-30 17:54:56,760 | INFO | step=1070/20000 loss=0.2353354 nll=0.2239051 kl=0.05341228 consistency=0 lambda=0 beta=0.214 grad=11.6641 horizon=180 lifetime=[442,915] skipped=False
2026-08-30 17:54:57,207 | INFO | step=1080/20000 loss=-0.4211486 nll=-0.4248961 kl=0.01734956 consistency=0 lambda=0 beta=0.216 grad=44.22573 horizon=300 lifetime=[428,915] skipped=False
2026-08-30 17:54:57,591 | INFO | step=1090/20000 loss=-0.1647995 nll=-0.1668483 kl=0.009397851 consistency=0 lambda=0 beta=0.218 grad=43.21978 horizon=240 lifetime=[482,1071] skipped=False
2026-08-30 17:54:57,998 | INFO | step=1100/20000 loss=2.27244 nll=2.269 kl=0.01563681 consistency=0 lambda=0 beta=0.22 grad=112.3773 horizon=100 lifetime=[460,915] skipped=False
2026-08-30 17:54:58,400 | INFO | step=1110/20000 loss=0.3623101 nll=0.3612264 kl=0.004881392 consistency=0 lambda=0 beta=0.222 grad=63.4383 horizon=240 lifetime=[334,991] skipped=False
2026-08-30 17:54:58,761 | INFO | step=1120/20000 loss=-0.3007033 nll=-0.3038472 kl=0.01403508 consistency=0 lambda=0 beta=0.224 grad=14.09921 horizon=200 lifetime=[442,1282] skipped=False
2026-08-30 17:54:59,155 | INFO | step=1130/20000 loss=-0.03750025 nll=-0.03815137 kl=0.002881038 consistency=0 lambda=0 beta=0.226 grad=24.87627 horizon=200 lifetime=[464,942] skipped=False
2026-08-30 17:54:59,537 | INFO | step=1140/20000 loss=0.5126262 nll=0.5121342 kl=0.002157792 consistency=0 lambda=0 beta=0.228 grad=49.89307 horizon=260 lifetime=[456,2154] skipped=False
2026-08-30 17:54:59,917 | INFO | step=1150/20000 loss=-0.05050987 nll=-0.05184457 kl=0.005803039 consistency=0 lambda=0 beta=0.23 grad=19.60391 horizon=140 lifetime=[456,1052] skipped=False
2026-08-30 17:55:00,323 | INFO | step=1160/20000 loss=-0.2692398 nll=-0.2703317 kl=0.004706773 consistency=0 lambda=0 beta=0.232 grad=12.49638 horizon=160 lifetime=[467,1049] skipped=False
2026-08-30 17:55:00,723 | INFO | step=1170/20000 loss=1.167369 nll=1.166139 kl=0.005254608 consistency=0 lambda=0 beta=0.234 grad=72.64521 horizon=120 lifetime=[477,1932] skipped=False
2026-08-30 17:55:01,116 | INFO | step=1180/20000 loss=-0.5707926 nll=-0.5721598 kl=0.005793338 consistency=0 lambda=0 beta=0.236 grad=22.32803 horizon=180 lifetime=[464,1049] skipped=False
2026-08-30 17:55:01,502 | INFO | step=1190/20000 loss=0.9786598 nll=0.9774662 kl=0.005015368 consistency=0 lambda=0 beta=0.238 grad=47.98461 horizon=100 lifetime=[428,1932] skipped=False
2026-08-30 17:55:01,926 | INFO | step=1200/20000 loss=-0.2113074 nll=-0.2128745 kl=0.006529678 consistency=0 lambda=0 beta=0.24 grad=22.96382 horizon=300 lifetime=[334,1071] skipped=False
2026-08-30 17:55:02,343 | INFO | step=1210/20000 loss=0.09659313 nll=0.09488103 kl=0.007074773 consistency=0 lambda=0 beta=0.242 grad=22.6699 horizon=140 lifetime=[505,1007] skipped=False
2026-08-30 17:55:02,735 | INFO | step=1220/20000 loss=-0.0414976 nll=-0.04305293 kl=0.006374273 consistency=0 lambda=0 beta=0.244 grad=43.73429 horizon=140 lifetime=[467,933] skipped=False
2026-08-30 17:55:03,161 | INFO | step=1230/20000 loss=0.166101 nll=0.1642826 kl=0.007392213 consistency=0 lambda=0 beta=0.246 grad=26.38355 horizon=280 lifetime=[334,930] skipped=False
2026-08-30 17:55:03,523 | INFO | step=1240/20000 loss=0.7760803 nll=0.7751949 kl=0.003569949 consistency=0 lambda=0 beta=0.248 grad=73.93211 horizon=140 lifetime=[467,1015] skipped=False
2026-08-30 17:55:03,898 | INFO | step=1250/20000 loss=0.2079573 nll=0.2054912 kl=0.009864585 consistency=0 lambda=0 beta=0.25 grad=40.16393 horizon=180 lifetime=[453,2154] skipped=False
2026-08-30 17:55:04,307 | INFO | step=1260/20000 loss=-0.3546906 nll=-0.3558075 kl=0.004432457 consistency=0 lambda=0 beta=0.252 grad=25.85717 horizon=280 lifetime=[453,942] skipped=False
2026-08-30 17:55:04,701 | INFO | step=1270/20000 loss=1.307884 nll=1.304306 kl=0.01408716 consistency=0 lambda=0 beta=0.254 grad=24.40103 horizon=120 lifetime=[480,1834] skipped=False
2026-08-30 17:55:05,106 | INFO | step=1280/20000 loss=0.4484928 nll=0.4477205 kl=0.003016917 consistency=0 lambda=0 beta=0.256 grad=29.12698 horizon=100 lifetime=[428,1052] skipped=False
2026-08-30 17:55:05,504 | INFO | step=1290/20000 loss=-0.09287237 nll=-0.09533121 kl=0.009530398 consistency=0 lambda=0 beta=0.258 grad=9.790921 horizon=280 lifetime=[443,1152] skipped=False
2026-08-30 17:55:05,901 | INFO | step=1300/20000 loss=0.3843173 nll=0.3832256 kl=0.004199027 consistency=0 lambda=0 beta=0.26 grad=35.05221 horizon=140 lifetime=[467,1015] skipped=False
2026-08-30 17:55:06,305 | INFO | step=1310/20000 loss=0.7797995 nll=0.7762228 kl=0.01365143 consistency=0 lambda=0 beta=0.262 grad=25.72051 horizon=120 lifetime=[147,1081] skipped=False
2026-08-30 17:55:06,715 | INFO | step=1320/20000 loss=3.371103 nll=3.37027 kl=0.003154067 consistency=0 lambda=0 beta=0.264 grad=137.9563 horizon=240 lifetime=[464,1932] skipped=False
2026-08-30 17:55:07,140 | INFO | step=1330/20000 loss=-0.03503081 nll=-0.03654679 kl=0.005699148 consistency=0 lambda=0 beta=0.266 grad=22.39068 horizon=300 lifetime=[519,1052] skipped=False
2026-08-30 17:55:07,498 | INFO | step=1340/20000 loss=2.077308 nll=2.076612 kl=0.002595129 consistency=0 lambda=0 beta=0.268 grad=76.43066 horizon=240 lifetime=[442,1834] skipped=False
2026-08-30 17:55:07,883 | INFO | step=1350/20000 loss=-0.3859577 nll=-0.3901797 kl=0.01563721 consistency=0 lambda=0 beta=0.27 grad=21.0767 horizon=300 lifetime=[460,921] skipped=False
2026-08-30 17:55:08,316 | INFO | step=1360/20000 loss=0.8226057 nll=0.8108455 kl=0.04323602 consistency=0 lambda=0 beta=0.272 grad=20.39659 horizon=120 lifetime=[559,1052] skipped=False
2026-08-30 17:55:08,743 | INFO | step=1370/20000 loss=0.4650913 nll=0.4623975 kl=0.009831628 consistency=0 lambda=0 beta=0.274 grad=14.64192 horizon=180 lifetime=[534,1834] skipped=False
2026-08-30 17:55:09,110 | INFO | step=1380/20000 loss=0.7573603 nll=0.7523475 kl=0.01816267 consistency=0 lambda=0 beta=0.276 grad=18.23139 horizon=100 lifetime=[147,1932] skipped=False
2026-08-30 17:55:09,495 | INFO | step=1390/20000 loss=-0.2794115 nll=-0.2805087 kl=0.003946781 consistency=0 lambda=0 beta=0.278 grad=62.48326 horizon=240 lifetime=[428,1834] skipped=False
2026-08-30 17:55:09,848 | INFO | step=1400/20000 loss=0.43513 nll=0.4328302 kl=0.0082135 consistency=0 lambda=0 beta=0.28 grad=12.71477 horizon=160 lifetime=[428,1152] skipped=False
2026-08-30 17:55:10,228 | INFO | step=1410/20000 loss=0.02614428 nll=0.02056527 kl=0.01978372 consistency=0 lambda=0 beta=0.282 grad=12.43187 horizon=160 lifetime=[334,1076] skipped=False
2026-08-30 17:55:10,624 | INFO | step=1420/20000 loss=0.3835508 nll=0.3818286 kl=0.006064041 consistency=0 lambda=0 beta=0.284 grad=21.26735 horizon=120 lifetime=[467,933] skipped=False
2026-08-30 17:55:11,038 | INFO | step=1430/20000 loss=1.65729 nll=1.655766 kl=0.005328358 consistency=0 lambda=0 beta=0.286 grad=155.0509 horizon=160 lifetime=[334,1932] skipped=False
2026-08-30 17:55:11,385 | INFO | step=1440/20000 loss=0.9478861 nll=0.9463527 kl=0.005324522 consistency=0 lambda=0 beta=0.288 grad=121.0131 horizon=200 lifetime=[465,2154] skipped=False
2026-08-30 17:55:11,731 | INFO | step=1450/20000 loss=-0.01082693 nll=-0.01225437 kl=0.004922219 consistency=0 lambda=0 beta=0.29 grad=26.63753 horizon=100 lifetime=[456,1007] skipped=False
2026-08-30 17:55:12,133 | INFO | step=1460/20000 loss=0.3282897 nll=0.3230511 kl=0.01794024 consistency=0 lambda=0 beta=0.292 grad=53.87181 horizon=140 lifetime=[465,1045] skipped=False
2026-08-30 17:55:12,521 | INFO | step=1470/20000 loss=0.1434381 nll=0.1405053 kl=0.00997553 consistency=0 lambda=0 beta=0.294 grad=21.93686 horizon=140 lifetime=[455,921] skipped=False
2026-08-30 17:55:12,918 | INFO | step=1480/20000 loss=0.7530787 nll=0.7521307 kl=0.003202662 consistency=0 lambda=0 beta=0.296 grad=21.67982 horizon=160 lifetime=[437,1007] skipped=False
2026-08-30 17:55:13,321 | INFO | step=1490/20000 loss=0.1965824 nll=0.1958377 kl=0.002499033 consistency=0 lambda=0 beta=0.298 grad=33.31973 horizon=100 lifetime=[559,1152] skipped=False
2026-08-30 17:55:14,067 | INFO | validation step=1500 rmse=213.1643 best=213.1643@1500 stale=0/10
2026-08-30 17:55:14,067 | INFO | step=1500/20000 loss=-0.5716206 nll=-0.5765983 kl=0.01659233 consistency=0 lambda=0 beta=0.3 grad=43.00738 horizon=280 lifetime=[437,1015] skipped=False
2026-08-30 17:55:14,557 | INFO | step=1510/20000 loss=-0.3502447 nll=-0.3514054 kl=0.003843315 consistency=0 lambda=0 beta=0.302 grad=33.6237 horizon=180 lifetime=[465,1007] skipped=False
2026-08-30 17:55:14,963 | INFO | step=1520/20000 loss=0.5663912 nll=0.5660318 kl=0.001182404 consistency=0 lambda=0 beta=0.304 grad=47.32215 horizon=220 lifetime=[428,930] skipped=False
2026-08-30 17:55:15,346 | INFO | step=1530/20000 loss=-0.08751756 nll=-0.08841012 kl=0.002916886 consistency=0 lambda=0 beta=0.306 grad=27.87977 horizon=220 lifetime=[428,1081] skipped=False
2026-08-30 17:55:15,701 | INFO | step=1540/20000 loss=0.9655783 nll=0.9635116 kl=0.006710252 consistency=0 lambda=0 beta=0.308 grad=108.8688 horizon=240 lifetime=[486,1932] skipped=False
2026-08-30 17:55:16,118 | INFO | step=1550/20000 loss=-0.6354468 nll=-0.6363982 kl=0.003068916 consistency=0 lambda=0 beta=0.31 grad=8.435556 horizon=300 lifetime=[428,1071] skipped=False
2026-08-30 17:55:16,499 | INFO | step=1560/20000 loss=0.1246468 nll=0.1224779 kl=0.006951727 consistency=0 lambda=0 beta=0.312 grad=20.59467 horizon=160 lifetime=[442,1143] skipped=False
2026-08-30 17:55:16,917 | INFO | step=1570/20000 loss=-0.4818425 nll=-0.4824876 kl=0.002054387 consistency=0 lambda=0 beta=0.314 grad=27.21196 horizon=300 lifetime=[428,991] skipped=False
2026-08-30 17:55:17,328 | INFO | step=1580/20000 loss=0.6996123 nll=0.6990545 kl=0.00176488 consistency=0 lambda=0 beta=0.316 grad=21.42787 horizon=200 lifetime=[428,1000] skipped=False
2026-08-30 17:55:17,715 | INFO | step=1590/20000 loss=4.089764 nll=4.088001 kl=0.005544338 consistency=0 lambda=0 beta=0.318 grad=184.5383 horizon=220 lifetime=[442,1932] skipped=False
2026-08-30 17:55:18,125 | INFO | step=1600/20000 loss=-0.3672304 nll=-0.3697034 kl=0.007728271 consistency=0 lambda=0 beta=0.32 grad=31.28 horizon=220 lifetime=[334,933] skipped=False
2026-08-30 17:55:18,580 | INFO | step=1610/20000 loss=-0.4503497 nll=-0.4521395 kl=0.005558416 consistency=0 lambda=0 beta=0.322 grad=19.85001 horizon=180 lifetime=[437,1834] skipped=False
2026-08-30 17:55:18,984 | INFO | step=1620/20000 loss=-0.2580383 nll=-0.2593682 kl=0.004104313 consistency=0 lambda=0 beta=0.324 grad=14.22392 horizon=180 lifetime=[334,1052] skipped=False
2026-08-30 17:55:19,381 | INFO | step=1630/20000 loss=-0.2619211 nll=-0.2631291 kl=0.003705407 consistency=0 lambda=0 beta=0.326 grad=37.58205 horizon=120 lifetime=[442,942] skipped=False
2026-08-30 17:55:19,769 | INFO | step=1640/20000 loss=-0.2253778 nll=-0.2263434 kl=0.002943749 consistency=0 lambda=0 beta=0.328 grad=36.43844 horizon=260 lifetime=[480,1071] skipped=False
2026-08-30 17:55:20,162 | INFO | step=1650/20000 loss=0.1872013 nll=0.1861645 kl=0.003141841 consistency=0 lambda=0 beta=0.33 grad=10.55464 horizon=220 lifetime=[334,1282] skipped=False
2026-08-30 17:55:20,571 | INFO | step=1660/20000 loss=-0.08675636 nll=-0.08908994 kl=0.007028892 consistency=0 lambda=0 beta=0.332 grad=18.24123 horizon=180 lifetime=[428,1081] skipped=False
2026-08-30 17:55:20,966 | INFO | step=1670/20000 loss=-0.2343636 nll=-0.2350243 kl=0.001978379 consistency=0 lambda=0 beta=0.334 grad=21.099 horizon=260 lifetime=[437,1081] skipped=False
2026-08-30 17:55:21,401 | INFO | step=1680/20000 loss=-0.3630696 nll=-0.3634706 kl=0.001193256 consistency=0 lambda=0 beta=0.336 grad=21.80601 horizon=260 lifetime=[464,1282] skipped=False
2026-08-30 17:55:21,867 | INFO | step=1690/20000 loss=-0.3150833 nll=-0.3191743 kl=0.01210335 consistency=0 lambda=0 beta=0.338 grad=36.35674 horizon=300 lifetime=[494,2154] skipped=False
2026-08-30 17:55:22,306 | INFO | step=1700/20000 loss=-0.1749133 nll=-0.176289 kl=0.004046075 consistency=0 lambda=0 beta=0.34 grad=57.78484 horizon=220 lifetime=[482,1052] skipped=False
2026-08-30 17:55:22,738 | INFO | step=1710/20000 loss=-0.4700771 nll=-0.4708229 kl=0.002180732 consistency=0 lambda=0 beta=0.342 grad=32.60284 horizon=220 lifetime=[428,1834] skipped=False
2026-08-30 17:55:23,181 | INFO | step=1720/20000 loss=0.7166741 nll=0.7142601 kl=0.007017508 consistency=0 lambda=0 beta=0.344 grad=76.68425 horizon=140 lifetime=[437,1045] skipped=False
2026-08-30 17:55:23,563 | INFO | step=1730/20000 loss=0.9184494 nll=0.914749 kl=0.0106948 consistency=0 lambda=0 beta=0.346 grad=77.80241 horizon=240 lifetime=[428,1932] skipped=False
2026-08-30 17:55:23,990 | INFO | step=1740/20000 loss=-0.4979721 nll=-0.4993041 kl=0.00382769 consistency=0 lambda=0 beta=0.348 grad=39.41651 horizon=280 lifetime=[456,1015] skipped=False
2026-08-30 17:55:24,455 | INFO | step=1750/20000 loss=0.4099951 nll=0.4066818 kl=0.009466578 consistency=0 lambda=0 beta=0.35 grad=12.3084 horizon=220 lifetime=[462,1000] skipped=False
2026-08-30 17:55:24,860 | INFO | step=1760/20000 loss=-0.2207335 nll=-0.2218121 kl=0.003064401 consistency=0 lambda=0 beta=0.352 grad=22.61413 horizon=300 lifetime=[437,1152] skipped=False
2026-08-30 17:55:25,227 | INFO | step=1770/20000 loss=-0.1232693 nll=-0.1246981 kl=0.00403616 consistency=0 lambda=0 beta=0.354 grad=27.87159 horizon=180 lifetime=[512,1858] skipped=False
2026-08-30 17:55:25,641 | INFO | step=1780/20000 loss=-0.2859878 nll=-0.2894273 kl=0.009661567 consistency=0 lambda=0 beta=0.356 grad=8.907348 horizon=260 lifetime=[460,2154] skipped=False
2026-08-30 17:55:26,017 | INFO | step=1790/20000 loss=5.619164 nll=5.61436 kl=0.01341947 consistency=0 lambda=0 beta=0.358 grad=267.594 horizon=140 lifetime=[510,1932] skipped=False
2026-08-30 17:55:26,385 | INFO | step=1800/20000 loss=0.05325833 nll=0.0521242 kl=0.00315034 consistency=0 lambda=0 beta=0.36 grad=20.28592 horizon=100 lifetime=[526,1858] skipped=False
2026-08-30 17:55:26,772 | INFO | step=1810/20000 loss=-0.3355756 nll=-0.337374 kl=0.004968122 consistency=0 lambda=0 beta=0.362 grad=91.51223 horizon=200 lifetime=[428,1045] skipped=False
2026-08-30 17:55:27,155 | INFO | step=1820/20000 loss=-0.3175365 nll=-0.3181143 kl=0.001587233 consistency=0 lambda=0 beta=0.364 grad=23.851 horizon=140 lifetime=[465,1152] skipped=False
2026-08-30 17:55:27,538 | INFO | step=1830/20000 loss=-0.191768 nll=-0.1929569 kl=0.003248216 consistency=0 lambda=0 beta=0.366 grad=14.64121 horizon=180 lifetime=[428,1015] skipped=False
2026-08-30 17:55:27,924 | INFO | step=1840/20000 loss=-0.03828222 nll=-0.0413835 kl=0.008427393 consistency=0 lambda=0 beta=0.368 grad=89.99281 horizon=300 lifetime=[455,1932] skipped=False
2026-08-30 17:55:28,352 | INFO | step=1850/20000 loss=-0.5159863 nll=-0.5205706 kl=0.01238983 consistency=0 lambda=0 beta=0.37 grad=16.63399 horizon=120 lifetime=[477,933] skipped=False
2026-08-30 17:55:28,710 | INFO | step=1860/20000 loss=0.4573328 nll=0.4558954 kl=0.003863901 consistency=0 lambda=0 beta=0.372 grad=68.51559 horizon=100 lifetime=[437,1052] skipped=False
2026-08-30 17:55:29,069 | INFO | step=1870/20000 loss=-0.4550763 nll=-0.4561314 kl=0.002821025 consistency=0 lambda=0 beta=0.374 grad=33.17803 horizon=300 lifetime=[477,1015] skipped=False
2026-08-30 17:55:29,462 | INFO | step=1880/20000 loss=-0.2243837 nll=-0.2249167 kl=0.001417637 consistency=0 lambda=0 beta=0.376 grad=63.32369 horizon=300 lifetime=[465,1834] skipped=False
2026-08-30 17:55:29,896 | INFO | step=1890/20000 loss=0.3355002 nll=0.3335621 kl=0.005127233 consistency=0 lambda=0 beta=0.378 grad=54.5794 horizon=220 lifetime=[443,1282] skipped=False
2026-08-30 17:55:30,293 | INFO | step=1900/20000 loss=-0.5868894 nll=-0.5894331 kl=0.006694052 consistency=0 lambda=0 beta=0.38 grad=63.49273 horizon=240 lifetime=[453,1282] skipped=False
2026-08-30 17:55:30,673 | INFO | step=1910/20000 loss=0.08216254 nll=0.08042145 kl=0.004557818 consistency=0 lambda=0 beta=0.382 grad=33.58487 horizon=180 lifetime=[465,942] skipped=False
2026-08-30 17:55:31,067 | INFO | step=1920/20000 loss=1.106254 nll=1.103802 kl=0.006383636 consistency=0 lambda=0 beta=0.384 grad=107.4756 horizon=120 lifetime=[505,1143] skipped=False
2026-08-30 17:55:31,483 | INFO | step=1930/20000 loss=0.09582752 nll=0.0926785 kl=0.008158085 consistency=0 lambda=0 beta=0.386 grad=32.5816 horizon=240 lifetime=[460,1858] skipped=False
2026-08-30 17:55:31,887 | INFO | step=1940/20000 loss=0.5296628 nll=0.5261875 kl=0.008957023 consistency=0 lambda=0 beta=0.388 grad=23.16319 horizon=100 lifetime=[529,1007] skipped=False
2026-08-30 17:55:32,277 | INFO | step=1950/20000 loss=0.08769988 nll=0.08334802 kl=0.01115862 consistency=0 lambda=0 beta=0.39 grad=28.34668 horizon=140 lifetime=[147,1858] skipped=False
2026-08-30 17:55:32,695 | INFO | step=1960/20000 loss=1.22418 nll=1.223087 kl=0.00278814 consistency=0 lambda=0 beta=0.392 grad=91.76163 horizon=100 lifetime=[334,856] skipped=False
2026-08-30 17:55:33,118 | INFO | step=1970/20000 loss=0.093252 nll=0.0921495 kl=0.002798239 consistency=0 lambda=0 beta=0.394 grad=7.788005 horizon=140 lifetime=[505,1081] skipped=False
2026-08-30 17:55:33,554 | INFO | step=1980/20000 loss=-0.1743886 nll=-0.1753469 kl=0.002419933 consistency=0 lambda=0 beta=0.396 grad=55.58968 horizon=240 lifetime=[455,2154] skipped=False
2026-08-30 17:55:33,980 | INFO | step=1990/20000 loss=-0.03840249 nll=-0.03932774 kl=0.002324742 consistency=0 lambda=0 beta=0.398 grad=25.96811 horizon=280 lifetime=[455,1000] skipped=False
2026-08-30 17:55:34,655 | INFO | validation step=2000 rmse=155.4064 best=155.4064@2000 stale=0/10
2026-08-30 17:55:34,655 | INFO | step=2000/20000 loss=-0.245915 nll=-0.2471934 kl=0.003195937 consistency=0 lambda=0 beta=0.4 grad=62.25683 horizon=220 lifetime=[488,1015] skipped=False
2026-08-30 17:55:35,022 | INFO | step=2010/20000 loss=0.07952421 nll=0.07621855 kl=0.008223053 consistency=0 lambda=0 beta=0.402 grad=22.78663 horizon=100 lifetime=[443,863] skipped=False
2026-08-30 17:55:35,459 | INFO | step=2020/20000 loss=-0.5649909 nll=-0.5684426 kl=0.008543868 consistency=0 lambda=0 beta=0.404 grad=27.89334 horizon=300 lifetime=[334,863] skipped=False
2026-08-30 17:55:35,817 | INFO | step=2030/20000 loss=-0.5492502 nll=-0.5515306 kl=0.005616661 consistency=0 lambda=0 beta=0.406 grad=33.90904 horizon=260 lifetime=[464,1143] skipped=False
2026-08-30 17:55:36,201 | INFO | step=2040/20000 loss=0.2491727 nll=0.2460983 kl=0.007535299 consistency=0 lambda=0 beta=0.408 grad=49.31826 horizon=140 lifetime=[334,1932] skipped=False
2026-08-30 17:55:36,590 | INFO | step=2050/20000 loss=0.09714285 nll=0.09536248 kl=0.004342364 consistency=0 lambda=0 beta=0.41 grad=24.70822 horizon=300 lifetime=[334,2154] skipped=False
2026-08-30 17:55:36,998 | INFO | step=2060/20000 loss=-0.6346979 nll=-0.6358496 kl=0.00279543 consistency=0 lambda=0 beta=0.412 grad=25.68883 horizon=280 lifetime=[465,1071] skipped=False
2026-08-30 17:55:37,381 | INFO | step=2070/20000 loss=0.04390509 nll=0.04306113 kl=0.002038557 consistency=0 lambda=0 beta=0.414 grad=22.43819 horizon=160 lifetime=[437,1081] skipped=False
2026-08-30 17:55:37,788 | INFO | step=2080/20000 loss=-0.05358879 nll=-0.05419314 kl=0.001452759 consistency=0 lambda=0 beta=0.416 grad=38.83483 horizon=240 lifetime=[443,869] skipped=False
2026-08-30 17:55:38,185 | INFO | step=2090/20000 loss=0.3164361 nll=0.3143681 kl=0.004947377 consistency=0 lambda=0 beta=0.418 grad=25.42612 horizon=120 lifetime=[486,1152] skipped=False
2026-08-30 17:55:38,612 | INFO | step=2100/20000 loss=-0.4852185 nll=-0.486712 kl=0.003555909 consistency=0 lambda=0 beta=0.42 grad=27.95403 horizon=280 lifetime=[494,913] skipped=False
2026-08-30 17:55:39,003 | INFO | step=2110/20000 loss=-0.5406975 nll=-0.5439969 kl=0.007818554 consistency=0 lambda=0 beta=0.422 grad=19.0311 horizon=260 lifetime=[455,1015] skipped=False
2026-08-30 17:55:39,367 | INFO | step=2120/20000 loss=-0.8671775 nll=-0.8710033 kl=0.009022951 consistency=0 lambda=0 beta=0.424 grad=12.49916 horizon=260 lifetime=[460,2154] skipped=False
2026-08-30 17:55:39,758 | INFO | step=2130/20000 loss=1.060317 nll=1.057066 kl=0.007630702 consistency=0 lambda=0 beta=0.426 grad=64.4212 horizon=120 lifetime=[480,1282] skipped=False
2026-08-30 17:55:40,155 | INFO | step=2140/20000 loss=-0.4218832 nll=-0.4226753 kl=0.001850594 consistency=0 lambda=0 beta=0.428 grad=15.68779 horizon=160 lifetime=[428,1071] skipped=False
2026-08-30 17:55:40,543 | INFO | step=2150/20000 loss=0.2812671 nll=0.2794235 kl=0.004287332 consistency=0 lambda=0 beta=0.43 grad=39.47185 horizon=100 lifetime=[462,1834] skipped=False
2026-08-30 17:55:40,956 | INFO | step=2160/20000 loss=-0.109005 nll=-0.1101794 kl=0.002718423 consistency=0 lambda=0 beta=0.432 grad=35.01899 horizon=280 lifetime=[334,1049] skipped=False
2026-08-30 17:55:41,394 | INFO | step=2170/20000 loss=-0.4835748 nll=-0.4842046 kl=0.001451307 consistency=0 lambda=0 beta=0.434 grad=9.950739 horizon=300 lifetime=[462,1076] skipped=False
2026-08-30 17:55:41,822 | INFO | step=2180/20000 loss=1.282399 nll=1.279273 kl=0.00717029 consistency=0 lambda=0 beta=0.436 grad=99.20704 horizon=200 lifetime=[529,872] skipped=False
2026-08-30 17:55:42,215 | INFO | step=2190/20000 loss=-0.4544203 nll=-0.4572302 kl=0.006415346 consistency=0 lambda=0 beta=0.438 grad=15.0595 horizon=140 lifetime=[428,991] skipped=False
2026-08-30 17:55:42,596 | INFO | step=2200/20000 loss=-0.7054819 nll=-0.7067113 kl=0.002794097 consistency=0 lambda=0 beta=0.44 grad=8.099436 horizon=160 lifetime=[494,872] skipped=False
2026-08-30 17:55:42,988 | INFO | step=2210/20000 loss=0.3050446 nll=0.3039197 kl=0.002544982 consistency=0 lambda=0 beta=0.442 grad=55.60232 horizon=260 lifetime=[482,1152] skipped=False
2026-08-30 17:55:43,385 | INFO | step=2220/20000 loss=0.2987376 nll=0.2966961 kl=0.004598096 consistency=0 lambda=0 beta=0.444 grad=74.12433 horizon=120 lifetime=[465,771] skipped=False
2026-08-30 17:55:43,800 | INFO | step=2230/20000 loss=0.3715636 nll=0.3689048 kl=0.005961586 consistency=0 lambda=0 beta=0.446 grad=41.01628 horizon=100 lifetime=[334,1045] skipped=False
2026-08-30 17:55:44,208 | INFO | step=2240/20000 loss=-0.002018055 nll=-0.005099237 kl=0.006877638 consistency=0 lambda=0 beta=0.448 grad=104.8791 horizon=300 lifetime=[498,1071] skipped=False
2026-08-30 17:55:44,582 | INFO | step=2250/20000 loss=0.6831046 nll=0.6817585 kl=0.002991229 consistency=0 lambda=0 beta=0.45 grad=17.1125 horizon=160 lifetime=[443,1932] skipped=False
2026-08-30 17:55:44,955 | INFO | step=2260/20000 loss=0.0940299 nll=0.09226505 kl=0.00390452 consistency=0 lambda=0 beta=0.452 grad=8.23842 horizon=140 lifetime=[480,2154] skipped=False
2026-08-30 17:55:45,321 | INFO | step=2270/20000 loss=0.3706679 nll=0.3688066 kl=0.004099736 consistency=0 lambda=0 beta=0.454 grad=54.33759 horizon=180 lifetime=[493,1052] skipped=False
2026-08-30 17:55:45,712 | INFO | step=2280/20000 loss=0.1182529 nll=0.1162901 kl=0.004304408 consistency=0 lambda=0 beta=0.456 grad=48.16067 horizon=160 lifetime=[428,1081] skipped=False
2026-08-30 17:55:46,109 | INFO | step=2290/20000 loss=-1.006411 nll=-1.010977 kl=0.009969013 consistency=0 lambda=0 beta=0.458 grad=29.81857 horizon=300 lifetime=[460,877] skipped=False
2026-08-30 17:55:46,457 | INFO | step=2300/20000 loss=-0.03919068 nll=-0.04241112 kl=0.007000947 consistency=0 lambda=0 beta=0.46 grad=29.36666 horizon=120 lifetime=[480,1052] skipped=False
2026-08-30 17:55:46,849 | INFO | step=2310/20000 loss=-0.2697118 nll=-0.2713111 kl=0.003461688 consistency=0 lambda=0 beta=0.462 grad=15.80766 horizon=140 lifetime=[443,906] skipped=False
2026-08-30 17:55:47,229 | INFO | step=2320/20000 loss=-0.2730011 nll=-0.2736135 kl=0.00131977 consistency=0 lambda=0 beta=0.464 grad=58.45293 horizon=140 lifetime=[464,1007] skipped=False
2026-08-30 17:55:47,647 | INFO | step=2330/20000 loss=0.02729465 nll=0.02587643 kl=0.003043374 consistency=0 lambda=0 beta=0.466 grad=27.85575 horizon=300 lifetime=[539,1932] skipped=False
2026-08-30 17:55:48,067 | INFO | step=2340/20000 loss=-0.1449811 nll=-0.1471641 kl=0.004664499 consistency=0 lambda=0 beta=0.468 grad=11.84524 horizon=240 lifetime=[464,1858] skipped=False
2026-08-30 17:55:48,602 | INFO | step=2350/20000 loss=-0.3720993 nll=-0.374827 kl=0.005803576 consistency=0 lambda=0 beta=0.47 grad=26.35069 horizon=140 lifetime=[443,1015] skipped=False
2026-08-30 17:55:49,083 | INFO | step=2360/20000 loss=0.3756659 nll=0.3742376 kl=0.00302618 consistency=0 lambda=0 beta=0.472 grad=42.8664 horizon=100 lifetime=[147,1045] skipped=False
2026-08-30 17:55:49,493 | INFO | step=2370/20000 loss=-0.5753723 nll=-0.5764094 kl=0.002188008 consistency=0 lambda=0 beta=0.474 grad=23.23256 horizon=240 lifetime=[518,909] skipped=False
2026-08-30 17:55:49,949 | INFO | step=2380/20000 loss=0.287091 nll=0.2852344 kl=0.003900382 consistency=0 lambda=0 beta=0.476 grad=81.01707 horizon=200 lifetime=[428,933] skipped=False
2026-08-30 17:55:50,364 | INFO | step=2390/20000 loss=-0.137572 nll=-0.1385493 kl=0.002044461 consistency=0 lambda=0 beta=0.478 grad=16.48804 horizon=240 lifetime=[455,2154] skipped=False
2026-08-30 17:55:50,735 | INFO | step=2400/20000 loss=-0.3205214 nll=-0.3212538 kl=0.001525694 consistency=0 lambda=0 beta=0.48 grad=11.64687 horizon=120 lifetime=[453,1152] skipped=False
2026-08-30 17:55:51,114 | INFO | step=2410/20000 loss=-0.1012495 nll=-0.1025682 kl=0.002735998 consistency=0 lambda=0 beta=0.482 grad=23.03563 horizon=140 lifetime=[467,909] skipped=False
2026-08-30 17:55:51,513 | INFO | step=2420/20000 loss=-0.6751925 nll=-0.6768162 kl=0.003354745 consistency=0 lambda=0 beta=0.484 grad=20.3567 horizon=220 lifetime=[462,1071] skipped=False
2026-08-30 17:55:51,970 | INFO | step=2430/20000 loss=-0.8368174 nll=-0.8374631 kl=0.001328753 consistency=0 lambda=0 beta=0.486 grad=73.02742 horizon=280 lifetime=[456,1081] skipped=False
2026-08-30 17:55:52,382 | INFO | step=2440/20000 loss=-0.5734027 nll=-0.5741694 kl=0.001571154 consistency=0 lambda=0 beta=0.488 grad=30.31297 horizon=240 lifetime=[464,1858] skipped=False
2026-08-30 17:55:52,809 | INFO | step=2450/20000 loss=0.1026255 nll=0.09906264 kl=0.00727113 consistency=0 lambda=0 beta=0.49 grad=55.59039 horizon=240 lifetime=[464,1045] skipped=False
2026-08-30 17:55:53,242 | INFO | step=2460/20000 loss=-0.428799 nll=-0.431007 kl=0.004487846 consistency=0 lambda=0 beta=0.492 grad=33.9236 horizon=280 lifetime=[456,1081] skipped=False
2026-08-30 17:55:53,654 | INFO | step=2470/20000 loss=0.1527944 nll=0.1432248 kl=0.01937182 consistency=0 lambda=0 beta=0.494 grad=20.46709 horizon=100 lifetime=[493,1071] skipped=False
2026-08-30 17:55:54,035 | INFO | step=2480/20000 loss=0.2153898 nll=0.2045138 kl=0.02192724 consistency=0 lambda=0 beta=0.496 grad=38.37938 horizon=120 lifetime=[488,1000] skipped=False
2026-08-30 17:55:54,473 | INFO | step=2490/20000 loss=0.1042715 nll=0.1031549 kl=0.002242181 consistency=0 lambda=0 beta=0.498 grad=45.05428 horizon=300 lifetime=[456,1081] skipped=False
2026-08-30 17:55:55,209 | INFO | validation step=2500 rmse=144.4208 best=144.4208@2500 stale=0/10
2026-08-30 17:55:55,209 | INFO | step=2500/20000 loss=1.345994 nll=1.344656 kl=0.002676472 consistency=0 lambda=0 beta=0.5 grad=182.1001 horizon=180 lifetime=[460,1932] skipped=False
2026-08-30 17:55:55,635 | INFO | step=2510/20000 loss=-0.5014617 nll=-0.5031137 kl=0.003290895 consistency=0 lambda=0 beta=0.502 grad=20.59244 horizon=280 lifetime=[482,991] skipped=False
2026-08-30 17:55:56,023 | INFO | step=2520/20000 loss=-0.04380557 nll=-0.04492229 kl=0.00221571 consistency=0 lambda=0 beta=0.504 grad=18.89294 horizon=100 lifetime=[460,1143] skipped=False
2026-08-30 17:55:56,438 | INFO | step=2530/20000 loss=-0.4335871 nll=-0.4344383 kl=0.001682243 consistency=0 lambda=0 beta=0.506 grad=43.29691 horizon=300 lifetime=[455,1045] skipped=False
2026-08-30 17:55:56,826 | INFO | step=2540/20000 loss=-0.08299941 nll=-0.08705777 kl=0.007988904 consistency=0 lambda=0 beta=0.508 grad=60.56592 horizon=100 lifetime=[460,1858] skipped=False
2026-08-30 17:55:57,228 | INFO | step=2550/20000 loss=0.1530126 nll=0.1512098 kl=0.003534868 consistency=0 lambda=0 beta=0.51 grad=51.47557 horizon=120 lifetime=[442,2154] skipped=False
2026-08-30 17:55:57,605 | INFO | step=2560/20000 loss=-0.08766161 nll=-0.09052503 kl=0.005592614 consistency=0 lambda=0 beta=0.512 grad=17.0498 horizon=120 lifetime=[428,1152] skipped=False
2026-08-30 17:55:57,997 | INFO | step=2570/20000 loss=-0.475572 nll=-0.476759 kl=0.002309211 consistency=0 lambda=0 beta=0.514 grad=12.20173 horizon=120 lifetime=[443,875] skipped=False
2026-08-30 17:55:58,416 | INFO | step=2580/20000 loss=0.7816808 nll=0.7804516 kl=0.00238217 consistency=0 lambda=0 beta=0.516 grad=100.9849 horizon=260 lifetime=[460,909] skipped=False
2026-08-30 17:55:58,822 | INFO | step=2590/20000 loss=-0.3510204 nll=-0.3527705 kl=0.003378585 consistency=0 lambda=0 beta=0.518 grad=29.4836 horizon=260 lifetime=[453,1282] skipped=False
2026-08-30 17:55:59,239 | INFO | step=2600/20000 loss=-0.540818 nll=-0.5417918 kl=0.001872614 consistency=0 lambda=0 beta=0.52 grad=16.79789 horizon=280 lifetime=[456,860] skipped=False
2026-08-30 17:55:59,653 | INFO | step=2610/20000 loss=1.452293 nll=1.451443 kl=0.001629248 consistency=0 lambda=0 beta=0.522 grad=90.89395 horizon=180 lifetime=[456,828] skipped=False
2026-08-30 17:56:00,049 | INFO | step=2620/20000 loss=0.02201429 nll=0.02023301 kl=0.003399398 consistency=0 lambda=0 beta=0.524 grad=31.96915 horizon=120 lifetime=[455,1932] skipped=False
2026-08-30 17:56:00,523 | INFO | step=2630/20000 loss=1.709824 nll=1.709228 kl=0.001133792 consistency=0 lambda=0 beta=0.526 grad=181.4164 horizon=300 lifetime=[456,991] skipped=False
2026-08-30 17:56:00,935 | INFO | step=2640/20000 loss=-0.4728485 nll=-0.4732174 kl=0.0006986558 consistency=0 lambda=0 beta=0.528 grad=17.89434 horizon=260 lifetime=[437,988] skipped=False
2026-08-30 17:56:01,354 | INFO | step=2650/20000 loss=-0.3220767 nll=-0.3235529 kl=0.002785306 consistency=0 lambda=0 beta=0.53 grad=5.780022 horizon=180 lifetime=[488,1052] skipped=False
2026-08-30 17:56:01,789 | INFO | step=2660/20000 loss=-0.8997048 nll=-0.9012495 kl=0.002903592 consistency=0 lambda=0 beta=0.532 grad=30.65186 horizon=260 lifetime=[455,1834] skipped=False
2026-08-30 17:56:02,165 | INFO | step=2670/20000 loss=-0.2980836 nll=-0.2992306 kl=0.002148014 consistency=0 lambda=0 beta=0.534 grad=48.09272 horizon=260 lifetime=[334,1858] skipped=False
2026-08-30 17:56:02,588 | INFO | step=2680/20000 loss=-0.2620348 nll=-0.262795 kl=0.001418203 consistency=0 lambda=0 beta=0.536 grad=16.32804 horizon=140 lifetime=[442,1071] skipped=False
2026-08-30 17:56:02,968 | INFO | step=2690/20000 loss=0.9789525 nll=0.9776719 kl=0.002380174 consistency=0 lambda=0 beta=0.538 grad=84.0908 horizon=120 lifetime=[480,1282] skipped=False
2026-08-30 17:56:03,360 | INFO | step=2700/20000 loss=-0.7661256 nll=-0.7666538 kl=0.000978021 consistency=0 lambda=0 beta=0.54 grad=25.80323 horizon=220 lifetime=[437,1076] skipped=False
2026-08-30 17:56:03,757 | INFO | step=2710/20000 loss=-0.04814309 nll=-0.04956099 kl=0.002616062 consistency=0 lambda=0 beta=0.542 grad=57.25705 horizon=140 lifetime=[453,875] skipped=False
2026-08-30 17:56:04,183 | INFO | step=2720/20000 loss=-0.7374395 nll=-0.7380347 kl=0.00109425 consistency=0 lambda=0 beta=0.544 grad=48.35223 horizon=260 lifetime=[456,1076] skipped=False
2026-08-30 17:56:04,544 | INFO | step=2730/20000 loss=-0.1605258 nll=-0.1635582 kl=0.005553795 consistency=0 lambda=0 beta=0.546 grad=27.67661 horizon=240 lifetime=[486,1932] skipped=False
2026-08-30 17:56:04,939 | INFO | step=2740/20000 loss=-0.2516251 nll=-0.2523223 kl=0.001272253 consistency=0 lambda=0 beta=0.548 grad=70.3442 horizon=220 lifetime=[428,1932] skipped=False
2026-08-30 17:56:05,318 | INFO | step=2750/20000 loss=-0.8025849 nll=-0.8043123 kl=0.003140585 consistency=0 lambda=0 beta=0.55 grad=13.43613 horizon=280 lifetime=[493,915] skipped=False
2026-08-30 17:56:05,707 | INFO | step=2760/20000 loss=-0.1311727 nll=-0.1328465 kl=0.003032148 consistency=0 lambda=0 beta=0.552 grad=7.171576 horizon=180 lifetime=[518,1015] skipped=False
2026-08-30 17:56:06,079 | INFO | step=2770/20000 loss=-0.8587425 nll=-0.8603255 kl=0.002857337 consistency=0 lambda=0 beta=0.554 grad=49.86547 horizon=300 lifetime=[428,1143] skipped=False
2026-08-30 17:56:06,432 | INFO | step=2780/20000 loss=-0.3006254 nll=-0.3015135 kl=0.001597233 consistency=0 lambda=0 beta=0.556 grad=33.34819 horizon=140 lifetime=[443,1143] skipped=False
2026-08-30 17:56:06,842 | INFO | step=2790/20000 loss=0.09656432 nll=0.09499183 kl=0.002818067 consistency=0 lambda=0 beta=0.558 grad=83.06588 horizon=220 lifetime=[442,1081] skipped=False
2026-08-30 17:56:07,232 | INFO | step=2800/20000 loss=1.281877 nll=1.277922 kl=0.007062957 consistency=0 lambda=0 beta=0.56 grad=49.31313 horizon=220 lifetime=[453,2154] skipped=False
2026-08-30 17:56:07,645 | INFO | step=2810/20000 loss=-0.7345794 nll=-0.7378746 kl=0.005863339 consistency=0 lambda=0 beta=0.562 grad=16.98647 horizon=180 lifetime=[455,921] skipped=False
2026-08-30 17:56:08,062 | INFO | step=2820/20000 loss=-0.4388387 nll=-0.4414917 kl=0.004703894 consistency=0 lambda=0 beta=0.564 grad=28.12797 horizon=260 lifetime=[334,1143] skipped=False
2026-08-30 17:56:08,455 | INFO | step=2830/20000 loss=-0.4993658 nll=-0.5004672 kl=0.001945931 consistency=0 lambda=0 beta=0.566 grad=37.20415 horizon=280 lifetime=[428,1152] skipped=False
2026-08-30 17:56:08,860 | INFO | step=2840/20000 loss=-0.005205822 nll=-0.006432623 kl=0.00215986 consistency=0 lambda=0 beta=0.568 grad=72.015 horizon=220 lifetime=[505,1858] skipped=False
2026-08-30 17:56:09,228 | INFO | step=2850/20000 loss=-0.6696581 nll=-0.6713538 kl=0.002975056 consistency=0 lambda=0 beta=0.57 grad=78.92 horizon=220 lifetime=[467,871] skipped=False
2026-08-30 17:56:09,635 | INFO | step=2860/20000 loss=-0.06996755 nll=-0.07174715 kl=0.003111196 consistency=0 lambda=0 beta=0.572 grad=102.5574 horizon=200 lifetime=[460,1932] skipped=False
2026-08-30 17:56:10,061 | INFO | step=2870/20000 loss=-0.8418118 nll=-0.8426765 kl=0.001506565 consistency=0 lambda=0 beta=0.574 grad=36.09951 horizon=220 lifetime=[442,887] skipped=False
2026-08-30 17:56:10,463 | INFO | step=2880/20000 loss=0.6506647 nll=0.6497339 kl=0.001615918 consistency=0 lambda=0 beta=0.576 grad=95.60807 horizon=220 lifetime=[460,1049] skipped=False
2026-08-30 17:56:10,864 | INFO | step=2890/20000 loss=2.310241 nll=2.309369 kl=0.001508395 consistency=0 lambda=0 beta=0.578 grad=124.5406 horizon=120 lifetime=[500,1932] skipped=False
2026-08-30 17:56:11,247 | INFO | step=2900/20000 loss=-0.6141635 nll=-0.6148443 kl=0.001173949 consistency=0 lambda=0 beta=0.58 grad=22.57146 horizon=200 lifetime=[467,1015] skipped=False
2026-08-30 17:56:11,682 | INFO | step=2910/20000 loss=-0.1008709 nll=-0.1025413 kl=0.002870076 consistency=0 lambda=0 beta=0.582 grad=65.39657 horizon=140 lifetime=[334,1858] skipped=False
2026-08-30 17:56:12,069 | INFO | step=2920/20000 loss=-0.1090148 nll=-0.1097557 kl=0.00126863 consistency=0 lambda=0 beta=0.584 grad=75.72144 horizon=280 lifetime=[428,921] skipped=False
2026-08-30 17:56:12,478 | INFO | step=2930/20000 loss=-0.702611 nll=-0.7035946 kl=0.001678502 consistency=0 lambda=0 beta=0.586 grad=33.80257 horizon=240 lifetime=[500,1076] skipped=False
2026-08-30 17:56:12,869 | INFO | step=2940/20000 loss=-0.6983907 nll=-0.6999022 kl=0.002570573 consistency=0 lambda=0 beta=0.588 grad=13.29121 horizon=200 lifetime=[464,1858] skipped=False
2026-08-30 17:56:13,237 | INFO | step=2950/20000 loss=-0.2331604 nll=-0.2341994 kl=0.001760984 consistency=0 lambda=0 beta=0.59 grad=43.14688 horizon=220 lifetime=[497,1007] skipped=False
2026-08-30 17:56:13,633 | INFO | step=2960/20000 loss=-0.3472714 nll=-0.3483132 kl=0.001759626 consistency=0 lambda=0 beta=0.592 grad=16.26168 horizon=180 lifetime=[557,2154] skipped=False
2026-08-30 17:56:14,036 | INFO | step=2970/20000 loss=-0.2871554 nll=-0.2886817 kl=0.002569526 consistency=0 lambda=0 beta=0.594 grad=8.473707 horizon=140 lifetime=[437,877] skipped=False
2026-08-30 17:56:14,438 | INFO | step=2980/20000 loss=-1.001289 nll=-1.003256 kl=0.003300168 consistency=0 lambda=0 beta=0.596 grad=41.36716 horizon=260 lifetime=[460,786] skipped=False
2026-08-30 17:56:14,826 | INFO | step=2990/20000 loss=-0.3960307 nll=-0.396752 kl=0.001206148 consistency=0 lambda=0 beta=0.598 grad=33.03343 horizon=160 lifetime=[453,1049] skipped=False
2026-08-30 17:56:15,496 | INFO | validation step=3000 rmse=126.3863 best=126.3863@3000 stale=0/10
2026-08-30 17:56:15,497 | INFO | step=3000/20000 loss=-0.3131094 nll=-0.3219955 kl=0.01481018 consistency=0 lambda=0 beta=0.6 grad=8.939482 horizon=140 lifetime=[147,874] skipped=False
2026-08-30 17:56:15,890 | INFO | step=3010/20000 loss=-0.5009966 nll=-0.5028536 kl=0.003084825 consistency=0 lambda=0 beta=0.602 grad=55.63972 horizon=260 lifetime=[455,887] skipped=False
2026-08-30 17:56:16,316 | INFO | step=3020/20000 loss=-0.01842277 nll=-0.01922107 kl=0.001321682 consistency=0 lambda=0 beta=0.604 grad=20.89797 horizon=120 lifetime=[622,933] skipped=False
2026-08-30 17:56:16,787 | INFO | step=3030/20000 loss=-0.6752219 nll=-0.6774347 kl=0.003651483 consistency=0 lambda=0 beta=0.606 grad=13.07594 horizon=240 lifetime=[488,1052] skipped=False
2026-08-30 17:56:17,140 | INFO | step=3040/20000 loss=-0.1158526 nll=-0.1177372 kl=0.003099669 consistency=0 lambda=0 beta=0.608 grad=9.736452 horizon=100 lifetime=[480,1045] skipped=False
2026-08-30 17:56:17,540 | INFO | step=3050/20000 loss=0.120798 nll=0.1197398 kl=0.001734732 consistency=0 lambda=0 beta=0.61 grad=36.57898 horizon=220 lifetime=[486,1282] skipped=False
2026-08-30 17:56:17,909 | INFO | step=3060/20000 loss=0.2294159 nll=0.2281983 kl=0.001989581 consistency=0 lambda=0 beta=0.612 grad=11.32238 horizon=140 lifetime=[486,2154] skipped=False
2026-08-30 17:56:18,297 | INFO | step=3070/20000 loss=-0.1052975 nll=-0.1074055 kl=0.003433157 consistency=0 lambda=0 beta=0.614 grad=34.46738 horizon=180 lifetime=[464,921] skipped=False
2026-08-30 17:56:18,689 | INFO | step=3080/20000 loss=-0.7605649 nll=-0.7622308 kl=0.002704507 consistency=0 lambda=0 beta=0.616 grad=80.70852 horizon=300 lifetime=[443,1049] skipped=False
2026-08-30 17:56:19,125 | INFO | step=3090/20000 loss=0.2057998 nll=0.2011371 kl=0.007544875 consistency=0 lambda=0 beta=0.618 grad=33.16443 horizon=120 lifetime=[467,869] skipped=False
2026-08-30 17:56:19,526 | INFO | step=3100/20000 loss=-0.5460902 nll=-0.5468097 kl=0.001160337 consistency=0 lambda=0 beta=0.62 grad=23.42127 horizon=200 lifetime=[460,991] skipped=False
2026-08-30 17:56:19,943 | INFO | step=3110/20000 loss=-0.4994497 nll=-0.5004025 kl=0.001531704 consistency=0 lambda=0 beta=0.622 grad=26.61201 horizon=260 lifetime=[437,1015] skipped=False
2026-08-30 17:56:20,365 | INFO | step=3120/20000 loss=0.09403148 nll=0.09355594 kl=0.0007620752 consistency=0 lambda=0 beta=0.624 grad=20.71173 horizon=200 lifetime=[465,1858] skipped=False
2026-08-30 17:56:20,776 | INFO | step=3130/20000 loss=-0.2418026 nll=-0.242779 kl=0.001559824 consistency=0 lambda=0 beta=0.626 grad=21.83141 horizon=280 lifetime=[518,1282] skipped=False
2026-08-30 17:56:21,162 | INFO | step=3140/20000 loss=-0.06082367 nll=-0.06263817 kl=0.002889331 consistency=0 lambda=0 beta=0.628 grad=12.30867 horizon=100 lifetime=[455,1076] skipped=False
2026-08-30 17:56:21,568 | INFO | step=3150/20000 loss=0.6532427 nll=0.6523645 kl=0.001394026 consistency=0 lambda=0 beta=0.63 grad=135.7427 horizon=160 lifetime=[464,1076] skipped=False
2026-08-30 17:56:21,971 | INFO | step=3160/20000 loss=0.3349211 nll=0.3338185 kl=0.0017446 consistency=0 lambda=0 beta=0.632 grad=57.84271 horizon=240 lifetime=[526,1858] skipped=False
2026-08-30 17:56:22,406 | INFO | step=3170/20000 loss=-0.1710168 nll=-0.1729352 kl=0.003025928 consistency=0 lambda=0 beta=0.634 grad=44.57204 horizon=260 lifetime=[442,1282] skipped=False
2026-08-30 17:56:22,817 | INFO | step=3180/20000 loss=1.350313 nll=1.344472 kl=0.009184647 consistency=0 lambda=0 beta=0.636 grad=72.1386 horizon=220 lifetime=[665,1834] skipped=False
2026-08-30 17:56:23,220 | INFO | step=3190/20000 loss=-0.3794828 nll=-0.3804874 kl=0.001574611 consistency=0 lambda=0 beta=0.638 grad=19.02069 horizon=200 lifetime=[467,1858] skipped=False
2026-08-30 17:56:23,580 | INFO | step=3200/20000 loss=0.7026226 nll=0.698662 kl=0.006188417 consistency=0 lambda=0 beta=0.64 grad=50.86929 horizon=100 lifetime=[480,1045] skipped=False
2026-08-30 17:56:23,970 | INFO | step=3210/20000 loss=-0.8512139 nll=-0.8523528 kl=0.001774028 consistency=0 lambda=0 beta=0.642 grad=100.7997 horizon=280 lifetime=[437,869] skipped=False
2026-08-30 17:56:24,343 | INFO | step=3220/20000 loss=0.2222345 nll=0.2217472 kl=0.000756721 consistency=0 lambda=0 beta=0.644 grad=44.22767 horizon=160 lifetime=[428,1049] skipped=False
2026-08-30 17:56:24,730 | INFO | step=3230/20000 loss=-0.1655891 nll=-0.1676573 kl=0.003201533 consistency=0 lambda=0 beta=0.646 grad=11.42691 horizon=280 lifetime=[557,1858] skipped=False
2026-08-30 17:56:25,092 | INFO | step=3240/20000 loss=0.08915392 nll=0.08864975 kl=0.0007780371 consistency=0 lambda=0 beta=0.648 grad=24.70004 horizon=160 lifetime=[465,1282] skipped=False
2026-08-30 17:56:25,506 | INFO | step=3250/20000 loss=-0.291329 nll=-0.2928179 kl=0.002290666 consistency=0 lambda=0 beta=0.65 grad=36.02602 horizon=200 lifetime=[460,1858] skipped=False
2026-08-30 17:56:25,894 | INFO | step=3260/20000 loss=-0.1426342 nll=-0.1433882 kl=0.001156438 consistency=0 lambda=0 beta=0.652 grad=21.49701 horizon=200 lifetime=[460,1049] skipped=False
2026-08-30 17:56:26,243 | INFO | step=3270/20000 loss=0.196948 nll=0.1964093 kl=0.0008237511 consistency=0 lambda=0 beta=0.654 grad=88.40818 horizon=120 lifetime=[437,909] skipped=False
2026-08-30 17:56:26,601 | INFO | step=3280/20000 loss=0.2490205 nll=0.2483296 kl=0.001053192 consistency=0 lambda=0 beta=0.656 grad=41.59695 horizon=100 lifetime=[437,856] skipped=False
2026-08-30 17:56:26,971 | INFO | step=3290/20000 loss=-0.2021669 nll=-0.2046791 kl=0.003817894 consistency=0 lambda=0 beta=0.658 grad=6.284834 horizon=280 lifetime=[701,2154] skipped=False
2026-08-30 17:56:27,343 | INFO | step=3300/20000 loss=-0.4353004 nll=-0.4365445 kl=0.001884956 consistency=0 lambda=0 beta=0.66 grad=38.13545 horizon=140 lifetime=[334,1932] skipped=False
2026-08-30 17:56:27,780 | INFO | step=3310/20000 loss=-0.5991269 nll=-0.6002705 kl=0.001727503 consistency=0 lambda=0 beta=0.662 grad=16.8831 horizon=160 lifetime=[465,1007] skipped=False
2026-08-30 17:56:28,191 | INFO | step=3320/20000 loss=-1.129583 nll=-1.130104 kl=0.0007844046 consistency=0 lambda=0 beta=0.664 grad=26.33057 horizon=280 lifetime=[456,913] skipped=False
2026-08-30 17:56:28,593 | INFO | step=3330/20000 loss=-0.1045558 nll=-0.1059861 kl=0.002147553 consistency=0 lambda=0 beta=0.666 grad=33.01101 horizon=120 lifetime=[456,933] skipped=False
2026-08-30 17:56:29,034 | INFO | step=3340/20000 loss=-0.1248662 nll=-0.1258007 kl=0.001398992 consistency=0 lambda=0 beta=0.668 grad=45.40167 horizon=300 lifetime=[526,1000] skipped=False
2026-08-30 17:56:29,390 | INFO | step=3350/20000 loss=-0.5839783 nll=-0.5854856 kl=0.002249662 consistency=0 lambda=0 beta=0.67 grad=37.56817 horizon=200 lifetime=[334,1932] skipped=False
2026-08-30 17:56:29,809 | INFO | step=3360/20000 loss=-0.5130082 nll=-0.5144721 kl=0.002178427 consistency=0 lambda=0 beta=0.672 grad=21.56072 horizon=260 lifetime=[428,933] skipped=False
2026-08-30 17:56:30,198 | INFO | step=3370/20000 loss=-0.3560382 nll=-0.3568801 kl=0.001249082 consistency=0 lambda=0 beta=0.674 grad=16.8908 horizon=140 lifetime=[443,1000] skipped=False
2026-08-30 17:56:30,582 | INFO | step=3380/20000 loss=-0.3164878 nll=-0.3173952 kl=0.001342378 consistency=0 lambda=0 beta=0.676 grad=49.55391 horizon=180 lifetime=[455,1052] skipped=False
2026-08-30 17:56:31,007 | INFO | step=3390/20000 loss=-0.06155003 nll=-0.06260927 kl=0.001562297 consistency=0 lambda=0 beta=0.678 grad=47.28428 horizon=140 lifetime=[467,1081] skipped=False
2026-08-30 17:56:31,386 | INFO | step=3400/20000 loss=0.6100138 nll=0.6092944 kl=0.001057867 consistency=0 lambda=0 beta=0.68 grad=122.3227 horizon=140 lifetime=[428,2154] skipped=False
2026-08-30 17:56:31,797 | INFO | step=3410/20000 loss=0.878623 nll=0.8771981 kl=0.002089271 consistency=0 lambda=0 beta=0.682 grad=77.25611 horizon=140 lifetime=[334,1282] skipped=False
2026-08-30 17:56:32,192 | INFO | step=3420/20000 loss=-0.05269054 nll=-0.05474453 kl=0.003002908 consistency=0 lambda=0 beta=0.684 grad=66.77782 horizon=260 lifetime=[494,1834] skipped=False
2026-08-30 17:56:32,583 | INFO | step=3430/20000 loss=-0.1054227 nll=-0.1060196 kl=0.0008701794 consistency=0 lambda=0 beta=0.686 grad=18.95421 horizon=160 lifetime=[534,1071] skipped=False
2026-08-30 17:56:33,005 | INFO | step=3440/20000 loss=-0.4742277 nll=-0.4767902 kl=0.003724702 consistency=0 lambda=0 beta=0.688 grad=32.10122 horizon=280 lifetime=[453,1071] skipped=False
2026-08-30 17:56:33,408 | INFO | step=3450/20000 loss=-0.2045512 nll=-0.2052038 kl=0.0009457339 consistency=0 lambda=0 beta=0.69 grad=12.5579 horizon=200 lifetime=[633,1000] skipped=False
2026-08-30 17:56:33,770 | INFO | step=3460/20000 loss=0.01772449 nll=0.0168297 kl=0.001293055 consistency=0 lambda=0 beta=0.692 grad=13.61095 horizon=100 lifetime=[442,1858] skipped=False
2026-08-30 17:56:34,173 | INFO | step=3470/20000 loss=-0.01309176 nll=-0.01404355 kl=0.001371445 consistency=0 lambda=0 beta=0.694 grad=32.96192 horizon=220 lifetime=[442,1834] skipped=False
2026-08-30 17:56:34,583 | INFO | step=3480/20000 loss=-0.7151418 nll=-0.7172049 kl=0.002964169 consistency=0 lambda=0 beta=0.696 grad=19.37676 horizon=280 lifetime=[464,1152] skipped=False
2026-08-30 17:56:35,014 | INFO | step=3490/20000 loss=1.185283 nll=1.181125 kl=0.005956428 consistency=0 lambda=0 beta=0.698 grad=165.2505 horizon=240 lifetime=[428,942] skipped=False
2026-08-30 17:56:35,734 | INFO | validation step=3500 rmse=118.1111 best=118.1111@3500 stale=0/10
2026-08-30 17:56:35,734 | INFO | step=3500/20000 loss=-0.4172684 nll=-0.4189061 kl=0.002339622 consistency=0 lambda=0 beta=0.7 grad=13.83708 horizon=220 lifetime=[464,1282] skipped=False
2026-08-30 17:56:36,168 | INFO | step=3510/20000 loss=0.5660991 nll=0.5653323 kl=0.001092316 consistency=0 lambda=0 beta=0.702 grad=21.10046 horizon=120 lifetime=[505,1858] skipped=False
2026-08-30 17:56:36,566 | INFO | step=3520/20000 loss=-0.1203332 nll=-0.1208578 kl=0.0007451791 consistency=0 lambda=0 beta=0.704 grad=32.47144 horizon=180 lifetime=[442,1071] skipped=False
2026-08-30 17:56:36,962 | INFO | step=3530/20000 loss=-0.3982631 nll=-0.4001547 kl=0.002679318 consistency=0 lambda=0 beta=0.706 grad=23.5577 horizon=200 lifetime=[437,913] skipped=False
2026-08-30 17:56:37,378 | INFO | step=3540/20000 loss=-0.0462 nll=-0.0468722 kl=0.0009494275 consistency=0 lambda=0 beta=0.708 grad=71.71432 horizon=180 lifetime=[453,1834] skipped=False
2026-08-30 17:56:37,792 | INFO | step=3550/20000 loss=1.287371 nll=1.286945 kl=0.0005989019 consistency=0 lambda=0 beta=0.71 grad=216.0839 horizon=140 lifetime=[464,1932] skipped=False
2026-08-30 17:56:38,157 | INFO | step=3560/20000 loss=1.056178 nll=1.055105 kl=0.001506777 consistency=0 lambda=0 beta=0.712 grad=77.23881 horizon=220 lifetime=[480,1834] skipped=False
2026-08-30 17:56:38,630 | INFO | step=3570/20000 loss=-0.6441923 nll=-0.6454227 kl=0.00172326 consistency=0 lambda=0 beta=0.714 grad=32.41077 horizon=260 lifetime=[464,933] skipped=False
2026-08-30 17:56:39,045 | INFO | step=3580/20000 loss=0.8657642 nll=0.8635287 kl=0.003122156 consistency=0 lambda=0 beta=0.716 grad=57.98734 horizon=140 lifetime=[614,1858] skipped=False
2026-08-30 17:56:39,458 | INFO | step=3590/20000 loss=-0.6605725 nll=-0.6614672 kl=0.001246134 consistency=0 lambda=0 beta=0.718 grad=15.49228 horizon=160 lifetime=[428,930] skipped=False
2026-08-30 17:56:39,856 | INFO | step=3600/20000 loss=-0.289959 nll=-0.2928365 kl=0.003996496 consistency=0 lambda=0 beta=0.72 grad=16.93002 horizon=200 lifetime=[707,1282] skipped=False
2026-08-30 17:56:40,285 | INFO | step=3610/20000 loss=-0.6770536 nll=-0.6776273 kl=0.0007945709 consistency=0 lambda=0 beta=0.722 grad=46.76341 horizon=260 lifetime=[480,930] skipped=False
2026-08-30 17:56:40,727 | INFO | step=3620/20000 loss=-0.3606768 nll=-0.3617295 kl=0.001454053 consistency=0 lambda=0 beta=0.724 grad=59.4427 horizon=280 lifetime=[486,1076] skipped=False
2026-08-30 17:56:41,146 | INFO | step=3630/20000 loss=-0.4886513 nll=-0.4897794 kl=0.001553918 consistency=0 lambda=0 beta=0.726 grad=25.85368 horizon=240 lifetime=[443,1015] skipped=False
2026-08-30 17:56:41,503 | INFO | step=3640/20000 loss=0.3940602 nll=0.3926936 kl=0.001877258 consistency=0 lambda=0 beta=0.728 grad=79.59105 horizon=100 lifetime=[453,1282] skipped=False
2026-08-30 17:56:41,920 | INFO | step=3650/20000 loss=-0.6629799 nll=-0.6634996 kl=0.0007118881 consistency=0 lambda=0 beta=0.73 grad=54.61255 horizon=200 lifetime=[464,874] skipped=False
2026-08-30 17:56:42,355 | INFO | step=3660/20000 loss=-0.8974116 nll=-0.8984225 kl=0.001380946 consistency=0 lambda=0 beta=0.732 grad=17.28601 horizon=300 lifetime=[465,877] skipped=False
2026-08-30 17:56:42,772 | INFO | step=3670/20000 loss=-0.7745508 nll=-0.7749577 kl=0.0005544077 consistency=0 lambda=0 beta=0.734 grad=22.80794 horizon=180 lifetime=[428,811] skipped=False
2026-08-30 17:56:43,171 | INFO | step=3680/20000 loss=-0.03029925 nll=-0.03141682 kl=0.001518441 consistency=0 lambda=0 beta=0.736 grad=67.1315 horizon=220 lifetime=[443,1045] skipped=False
2026-08-30 17:56:43,585 | INFO | step=3690/20000 loss=-0.05194589 nll=-0.05245818 kl=0.0006941622 consistency=0 lambda=0 beta=0.738 grad=176.7917 horizon=260 lifetime=[437,1081] skipped=False
2026-08-30 17:56:43,984 | INFO | step=3700/20000 loss=-0.9021062 nll=-0.9035013 kl=0.001885208 consistency=0 lambda=0 beta=0.74 grad=40.54982 horizon=180 lifetime=[453,921] skipped=False
2026-08-30 17:56:44,383 | INFO | step=3710/20000 loss=0.4030229 nll=0.4025562 kl=0.0006289803 consistency=0 lambda=0 beta=0.742 grad=167.6551 horizon=160 lifetime=[437,1052] skipped=False
2026-08-30 17:56:44,821 | INFO | step=3720/20000 loss=0.03419019 nll=0.03335791 kl=0.001118653 consistency=0 lambda=0 beta=0.744 grad=50.05291 horizon=120 lifetime=[437,1143] skipped=False
2026-08-30 17:56:45,255 | INFO | step=3730/20000 loss=-0.4835026 nll=-0.4843498 kl=0.001135692 consistency=0 lambda=0 beta=0.746 grad=33.55317 horizon=180 lifetime=[437,1081] skipped=False
2026-08-30 17:56:45,679 | INFO | step=3740/20000 loss=-0.7713819 nll=-0.7717383 kl=0.0004764944 consistency=0 lambda=0 beta=0.748 grad=83.90922 horizon=240 lifetime=[477,1071] skipped=False
2026-08-30 17:56:46,115 | INFO | step=3750/20000 loss=-0.5354732 nll=-0.536458 kl=0.00131307 consistency=0 lambda=0 beta=0.75 grad=24.6808 horizon=300 lifetime=[486,988] skipped=False
2026-08-30 17:56:46,562 | INFO | step=3760/20000 loss=-0.1715056 nll=-0.1722746 kl=0.001022689 consistency=0 lambda=0 beta=0.752 grad=33.16288 horizon=160 lifetime=[334,991] skipped=False
2026-08-30 17:56:46,961 | INFO | step=3770/20000 loss=0.008950194 nll=0.007697836 kl=0.001660953 consistency=0 lambda=0 beta=0.754 grad=21.279 horizon=100 lifetime=[456,1858] skipped=False
2026-08-30 17:56:47,349 | INFO | step=3780/20000 loss=-0.1041092 nll=-0.10505 kl=0.001244486 consistency=0 lambda=0 beta=0.756 grad=41.83043 horizon=160 lifetime=[465,1152] skipped=False
2026-08-30 17:56:47,718 | INFO | step=3790/20000 loss=-0.2442333 nll=-0.2450385 kl=0.001062251 consistency=0 lambda=0 beta=0.758 grad=77.48158 horizon=120 lifetime=[147,1076] skipped=False
2026-08-30 17:56:48,121 | INFO | step=3800/20000 loss=-0.8791099 nll=-0.8805081 kl=0.001839747 consistency=0 lambda=0 beta=0.76 grad=91.02638 horizon=300 lifetime=[437,786] skipped=False
2026-08-30 17:56:48,534 | INFO | step=3810/20000 loss=0.5639345 nll=0.5635363 kl=0.0005225533 consistency=0 lambda=0 beta=0.762 grad=197.4497 horizon=260 lifetime=[467,909] skipped=False
2026-08-30 17:56:48,958 | INFO | step=3820/20000 loss=-0.7511701 nll=-0.7516114 kl=0.0005775243 consistency=0 lambda=0 beta=0.764 grad=40.38934 horizon=260 lifetime=[460,1049] skipped=False
2026-08-30 17:56:49,356 | INFO | step=3830/20000 loss=1.731618 nll=1.728231 kl=0.004422277 consistency=0 lambda=0 beta=0.766 grad=140.1939 horizon=100 lifetime=[443,1076] skipped=False
2026-08-30 17:56:49,764 | INFO | step=3840/20000 loss=0.2855532 nll=0.2847892 kl=0.0009947643 consistency=0 lambda=0 beta=0.768 grad=19.24522 horizon=120 lifetime=[147,1282] skipped=False
2026-08-30 17:56:50,139 | INFO | step=3850/20000 loss=1.247881 nll=1.247123 kl=0.0009845644 consistency=0 lambda=0 beta=0.77 grad=147.9323 horizon=140 lifetime=[464,1932] skipped=False
2026-08-30 17:56:50,517 | INFO | step=3860/20000 loss=0.4053318 nll=0.4016931 kl=0.004713334 consistency=0 lambda=0 beta=0.772 grad=50.02461 horizon=120 lifetime=[334,1049] skipped=False
2026-08-30 17:56:50,898 | INFO | step=3870/20000 loss=-0.3619847 nll=-0.3630162 kl=0.001332715 consistency=0 lambda=0 beta=0.774 grad=155.0721 horizon=220 lifetime=[482,828] skipped=False
2026-08-30 17:56:51,328 | INFO | step=3880/20000 loss=-0.2939548 nll=-0.2951948 kl=0.001597956 consistency=0 lambda=0 beta=0.776 grad=57.49095 horizon=300 lifetime=[428,1143] skipped=False
2026-08-30 17:56:51,738 | INFO | step=3890/20000 loss=-1.278009 nll=-1.279552 kl=0.001983829 consistency=0 lambda=0 beta=0.778 grad=47.43475 horizon=180 lifetime=[428,869] skipped=False
2026-08-30 17:56:52,121 | INFO | step=3900/20000 loss=0.5098506 nll=0.5093367 kl=0.0006588772 consistency=0 lambda=0 beta=0.78 grad=175.9723 horizon=220 lifetime=[462,1282] skipped=False
2026-08-30 17:56:52,545 | INFO | step=3910/20000 loss=-0.2056539 nll=-0.2067863 kl=0.001448091 consistency=0 lambda=0 beta=0.782 grad=26.13382 horizon=160 lifetime=[534,1143] skipped=False
2026-08-30 17:56:52,958 | INFO | step=3920/20000 loss=-0.1759436 nll=-0.1766873 kl=0.0009485371 consistency=0 lambda=0 beta=0.784 grad=69.09053 horizon=220 lifetime=[464,921] skipped=False
2026-08-30 17:56:53,412 | INFO | step=3930/20000 loss=-0.1516973 nll=-0.152582 kl=0.001125563 consistency=0 lambda=0 beta=0.786 grad=31.7947 horizon=300 lifetime=[453,887] skipped=False
2026-08-30 17:56:53,832 | INFO | step=3940/20000 loss=-0.2192164 nll=-0.2197199 kl=0.0006389767 consistency=0 lambda=0 beta=0.788 grad=34.33448 horizon=280 lifetime=[442,1081] skipped=False
2026-08-30 17:56:54,188 | INFO | step=3950/20000 loss=0.1274774 nll=0.1259831 kl=0.001891501 consistency=0 lambda=0 beta=0.79 grad=46.49349 horizon=300 lifetime=[497,887] skipped=False
2026-08-30 17:56:54,575 | INFO | step=3960/20000 loss=-0.6498466 nll=-0.6512296 kl=0.001746271 consistency=0 lambda=0 beta=0.792 grad=43.0707 horizon=140 lifetime=[428,1152] skipped=False
2026-08-30 17:56:55,023 | INFO | step=3970/20000 loss=-0.5057912 nll=-0.5063628 kl=0.00071985 consistency=0 lambda=0 beta=0.794 grad=38.74564 horizon=140 lifetime=[453,988] skipped=False
2026-08-30 17:56:55,418 | INFO | step=3980/20000 loss=-0.2459628 nll=-0.2464825 kl=0.0006528262 consistency=0 lambda=0 beta=0.796 grad=33.73145 horizon=140 lifetime=[462,1000] skipped=False
2026-08-30 17:56:55,842 | INFO | step=3990/20000 loss=-0.5372933 nll=-0.5387409 kl=0.001814157 consistency=0 lambda=0 beta=0.798 grad=96.79382 horizon=240 lifetime=[334,1834] skipped=False
2026-08-30 17:56:56,542 | INFO | validation step=4000 rmse=126.5022 best=118.1111@3500 stale=1/10
2026-08-30 17:56:56,542 | INFO | step=4000/20000 loss=-0.3502399 nll=-0.351344 kl=0.001380134 consistency=0 lambda=0 beta=0.8 grad=44.39172 horizon=300 lifetime=[622,930] skipped=False
2026-08-30 17:56:56,964 | INFO | step=4010/20000 loss=0.6960437 nll=0.6954086 kl=0.0007919408 consistency=0 lambda=0 beta=0.802 grad=206.0085 horizon=220 lifetime=[428,826] skipped=False
2026-08-30 17:56:57,350 | INFO | step=4020/20000 loss=-0.1021393 nll=-0.1028071 kl=0.0008305497 consistency=0 lambda=0 beta=0.804 grad=51.59076 horizon=160 lifetime=[480,1834] skipped=False
2026-08-30 17:56:57,777 | INFO | step=4030/20000 loss=0.4742636 nll=0.4737169 kl=0.0006783579 consistency=0 lambda=0 beta=0.806 grad=93.72948 horizon=240 lifetime=[428,860] skipped=False
2026-08-30 17:56:58,156 | INFO | step=4040/20000 loss=-0.3095158 nll=-0.3107441 kl=0.001520161 consistency=0 lambda=0 beta=0.808 grad=12.10681 horizon=160 lifetime=[607,1282] skipped=False
2026-08-30 17:56:58,555 | INFO | step=4050/20000 loss=0.8494259 nll=0.8483199 kl=0.001365416 consistency=0 lambda=0 beta=0.81 grad=171.1648 horizon=160 lifetime=[482,1834] skipped=False
2026-08-30 17:56:58,971 | INFO | step=4060/20000 loss=-0.3017937 nll=-0.3035879 kl=0.002209626 consistency=0 lambda=0 beta=0.812 grad=61.93026 horizon=180 lifetime=[462,1076] skipped=False
2026-08-30 17:56:59,371 | INFO | step=4070/20000 loss=-0.4278909 nll=-0.4290644 kl=0.001441624 consistency=0 lambda=0 beta=0.814 grad=27.01748 horizon=280 lifetime=[529,2154] skipped=False
2026-08-30 17:56:59,781 | INFO | step=4080/20000 loss=-0.8933625 nll=-0.8952039 kl=0.002256606 consistency=0 lambda=0 beta=0.816 grad=33.62636 horizon=280 lifetime=[334,1015] skipped=False
2026-08-30 17:57:00,211 | INFO | step=4090/20000 loss=-0.1085126 nll=-0.1100481 kl=0.001877159 consistency=0 lambda=0 beta=0.818 grad=61.55948 horizon=160 lifetime=[453,784] skipped=False
2026-08-30 17:57:00,646 | INFO | step=4100/20000 loss=-0.4647557 nll=-0.4659677 kl=0.001477987 consistency=0 lambda=0 beta=0.82 grad=40.39848 horizon=200 lifetime=[460,1081] skipped=False
2026-08-30 17:57:01,099 | INFO | step=4110/20000 loss=1.032473 nll=1.03156 kl=0.001110859 consistency=0 lambda=0 beta=0.822 grad=85.92524 horizon=120 lifetime=[460,1007] skipped=False
2026-08-30 17:57:01,491 | INFO | step=4120/20000 loss=0.1800687 nll=0.1792979 kl=0.0009354278 consistency=0 lambda=0 beta=0.824 grad=47.94041 horizon=140 lifetime=[462,1049] skipped=False
2026-08-30 17:57:01,858 | INFO | step=4130/20000 loss=-0.7578093 nll=-0.7591651 kl=0.001641415 consistency=0 lambda=0 beta=0.826 grad=56.68266 horizon=120 lifetime=[443,860] skipped=False
2026-08-30 17:57:02,300 | INFO | step=4140/20000 loss=0.3937666 nll=0.3925548 kl=0.001463532 consistency=0 lambda=0 beta=0.828 grad=64.39549 horizon=180 lifetime=[428,1143] skipped=False
2026-08-30 17:57:02,696 | INFO | step=4150/20000 loss=0.248759 nll=0.2478888 kl=0.001048386 consistency=0 lambda=0 beta=0.83 grad=109.762 horizon=240 lifetime=[464,874] skipped=False
2026-08-30 17:57:03,131 | INFO | step=4160/20000 loss=0.2742632 nll=0.2724022 kl=0.002236806 consistency=0 lambda=0 beta=0.832 grad=138.259 horizon=220 lifetime=[456,1143] skipped=False
2026-08-30 17:57:03,530 | INFO | step=4170/20000 loss=-0.7029348 nll=-0.7039042 kl=0.001162261 consistency=0 lambda=0 beta=0.834 grad=35.32231 horizon=160 lifetime=[428,1152] skipped=False
2026-08-30 17:57:03,947 | INFO | step=4180/20000 loss=1.004203 nll=1.002499 kl=0.002038473 consistency=0 lambda=0 beta=0.836 grad=65.4707 horizon=120 lifetime=[687,1000] skipped=False
2026-08-30 17:57:04,419 | INFO | step=4190/20000 loss=-1.113616 nll=-1.113886 kl=0.0003220146 consistency=0 lambda=0 beta=0.838 grad=51.03813 horizon=240 lifetime=[453,1015] skipped=False
2026-08-30 17:57:04,868 | INFO | step=4200/20000 loss=-0.7402611 nll=-0.7411972 kl=0.001114408 consistency=0 lambda=0 beta=0.84 grad=26.22054 horizon=180 lifetime=[455,1143] skipped=False
2026-08-30 17:57:05,277 | INFO | step=4210/20000 loss=-0.225945 nll=-0.2272939 kl=0.001602074 consistency=0 lambda=0 beta=0.842 grad=72.2466 horizon=140 lifetime=[428,1081] skipped=False
2026-08-30 17:57:05,644 | INFO | step=4220/20000 loss=0.1330205 nll=0.1316311 kl=0.001646184 consistency=0 lambda=0 beta=0.844 grad=57.33299 horizon=140 lifetime=[428,1152] skipped=False
2026-08-30 17:57:06,063 | INFO | step=4230/20000 loss=-0.7570769 nll=-0.7576909 kl=0.000725829 consistency=0 lambda=0 beta=0.846 grad=31.00302 horizon=200 lifetime=[428,1932] skipped=False
2026-08-30 17:57:06,493 | INFO | step=4240/20000 loss=-0.5645753 nll=-0.56554 kl=0.001137643 consistency=0 lambda=0 beta=0.848 grad=18.0708 horizon=300 lifetime=[467,2154] skipped=False
2026-08-30 17:57:06,904 | INFO | step=4250/20000 loss=0.0526196 nll=0.05091968 kl=0.001999898 consistency=0 lambda=0 beta=0.85 grad=18.26665 horizon=140 lifetime=[456,1000] skipped=False
2026-08-30 17:57:07,326 | INFO | step=4260/20000 loss=-0.8084636 nll=-0.80909 kl=0.0007351721 consistency=0 lambda=0 beta=0.852 grad=39.13412 horizon=200 lifetime=[480,1049] skipped=False
2026-08-30 17:57:07,750 | INFO | step=4270/20000 loss=-0.7924436 nll=-0.7929956 kl=0.000646309 consistency=0 lambda=0 beta=0.854 grad=41.92281 horizon=280 lifetime=[442,1081] skipped=False
2026-08-30 17:57:08,159 | INFO | step=4280/20000 loss=-0.8929778 nll=-0.8939024 kl=0.001080144 consistency=0 lambda=0 beta=0.856 grad=77.40382 horizon=200 lifetime=[460,942] skipped=False
2026-08-30 17:57:08,602 | INFO | step=4290/20000 loss=-0.7433341 nll=-0.743794 kl=0.0005360916 consistency=0 lambda=0 beta=0.858 grad=91.92239 horizon=280 lifetime=[428,1858] skipped=False
2026-08-30 17:57:09,030 | INFO | step=4300/20000 loss=-1.271371 nll=-1.273922 kl=0.00296618 consistency=0 lambda=0 beta=0.86 grad=30.35677 horizon=180 lifetime=[428,777] skipped=False
2026-08-30 17:57:09,406 | INFO | step=4310/20000 loss=1.277082 nll=1.275323 kl=0.00204061 consistency=0 lambda=0 beta=0.862 grad=238.6762 horizon=200 lifetime=[701,1932] skipped=False
2026-08-30 17:57:09,794 | INFO | step=4320/20000 loss=-0.01364976 nll=-0.01664874 kl=0.003471036 consistency=0 lambda=0 beta=0.864 grad=51.80442 horizon=140 lifetime=[443,1045] skipped=False
2026-08-30 17:57:10,206 | INFO | step=4330/20000 loss=-1.01668 nll=-1.017316 kl=0.0007334463 consistency=0 lambda=0 beta=0.866 grad=28.74873 horizon=280 lifetime=[467,1076] skipped=False
2026-08-30 17:57:10,611 | INFO | step=4340/20000 loss=0.3437805 nll=0.342416 kl=0.001572076 consistency=0 lambda=0 beta=0.868 grad=75.68774 horizon=160 lifetime=[443,1834] skipped=False
2026-08-30 17:57:11,011 | INFO | step=4350/20000 loss=-1.045199 nll=-1.045669 kl=0.0005404651 consistency=0 lambda=0 beta=0.87 grad=19.55518 horizon=220 lifetime=[477,1007] skipped=False
2026-08-30 17:57:11,418 | INFO | step=4360/20000 loss=0.03169358 nll=0.03002951 kl=0.00190834 consistency=0 lambda=0 beta=0.872 grad=328.0259 horizon=300 lifetime=[428,1049] skipped=False
2026-08-30 17:57:11,783 | INFO | step=4370/20000 loss=-0.4811058 nll=-0.4829755 kl=0.002139241 consistency=0 lambda=0 beta=0.874 grad=82.42287 horizon=160 lifetime=[437,1076] skipped=False
2026-08-30 17:57:12,197 | INFO | step=4380/20000 loss=-0.5791065 nll=-0.5800201 kl=0.00104297 consistency=0 lambda=0 beta=0.876 grad=13.94255 horizon=100 lifetime=[455,1015] skipped=False
2026-08-30 17:57:12,615 | INFO | step=4390/20000 loss=-0.4956714 nll=-0.4961302 kl=0.0005224794 consistency=0 lambda=0 beta=0.878 grad=58.95836 horizon=200 lifetime=[428,1858] skipped=False
2026-08-30 17:57:13,052 | INFO | step=4400/20000 loss=-0.3525202 nll=-0.3542584 kl=0.001975222 consistency=0 lambda=0 beta=0.88 grad=29.35892 horizon=280 lifetime=[437,1052] skipped=False
2026-08-30 17:57:13,459 | INFO | step=4410/20000 loss=-0.3610993 nll=-0.3616394 kl=0.0006124221 consistency=0 lambda=0 beta=0.882 grad=82.41436 horizon=220 lifetime=[464,915] skipped=False
2026-08-30 17:57:13,807 | INFO | step=4420/20000 loss=-0.7147943 nll=-0.7153274 kl=0.000602996 consistency=0 lambda=0 beta=0.884 grad=22.82312 horizon=180 lifetime=[477,2154] skipped=False
2026-08-30 17:57:14,214 | INFO | step=4430/20000 loss=-0.9806687 nll=-0.9811757 kl=0.0005722865 consistency=0 lambda=0 beta=0.886 grad=14.78154 horizon=300 lifetime=[486,930] skipped=False
2026-08-30 17:57:14,632 | INFO | step=4440/20000 loss=-0.0596755 nll=-0.06028615 kl=0.0006876672 consistency=0 lambda=0 beta=0.888 grad=67.09452 horizon=280 lifetime=[518,1834] skipped=False
2026-08-30 17:57:15,050 | INFO | step=4450/20000 loss=-0.4623467 nll=-0.4636856 kl=0.001504377 consistency=0 lambda=0 beta=0.89 grad=37.95829 horizon=220 lifetime=[529,1932] skipped=False
2026-08-30 17:57:15,483 | INFO | step=4460/20000 loss=-0.1164701 nll=-0.1167574 kl=0.0003221179 consistency=0 lambda=0 beta=0.892 grad=56.59102 horizon=260 lifetime=[533,1152] skipped=False
2026-08-30 17:57:15,894 | INFO | step=4470/20000 loss=0.2259628 nll=0.2253362 kl=0.0007009422 consistency=0 lambda=0 beta=0.894 grad=54.74926 horizon=140 lifetime=[480,1152] skipped=False
2026-08-30 17:57:16,344 | INFO | step=4480/20000 loss=-0.07956069 nll=-0.08033622 kl=0.0008655488 consistency=0 lambda=0 beta=0.896 grad=50.74134 horizon=140 lifetime=[437,1932] skipped=False
2026-08-30 17:57:16,760 | INFO | step=4490/20000 loss=0.2730008 nll=0.2716613 kl=0.001491725 consistency=0 lambda=0 beta=0.898 grad=115.95 horizon=260 lifetime=[437,930] skipped=False
2026-08-30 17:57:17,488 | INFO | validation step=4500 rmse=121.6824 best=118.1111@3500 stale=2/10
2026-08-30 17:57:17,488 | INFO | step=4500/20000 loss=-0.135751 nll=-0.1377216 kl=0.0021895 consistency=0 lambda=0 beta=0.9 grad=22.4866 horizon=160 lifetime=[480,942] skipped=False
2026-08-30 17:57:17,950 | INFO | step=4510/20000 loss=-0.1214709 nll=-0.1221936 kl=0.0008011516 consistency=0 lambda=0 beta=0.902 grad=34.37612 horizon=100 lifetime=[464,1049] skipped=False
2026-08-30 17:57:18,403 | INFO | step=4520/20000 loss=-0.1038272 nll=-0.1063185 kl=0.002755806 consistency=0 lambda=0 beta=0.904 grad=161.8572 horizon=100 lifetime=[334,869] skipped=False
2026-08-30 17:57:18,821 | INFO | step=4530/20000 loss=-0.1431581 nll=-0.1441951 kl=0.001144618 consistency=0 lambda=0 beta=0.906 grad=24.01975 horizon=240 lifetime=[786,1143] skipped=False
2026-08-30 17:57:19,269 | INFO | step=4540/20000 loss=0.3858458 nll=0.385089 kl=0.0008334368 consistency=0 lambda=0 beta=0.908 grad=59.80834 horizon=220 lifetime=[512,1282] skipped=False
2026-08-30 17:57:19,667 | INFO | step=4550/20000 loss=-0.5754892 nll=-0.5768607 kl=0.001507111 consistency=0 lambda=0 beta=0.91 grad=19.59849 horizon=140 lifetime=[443,1081] skipped=False
2026-08-30 17:57:20,181 | INFO | step=4560/20000 loss=-0.8705116 nll=-0.8711842 kl=0.0007374734 consistency=0 lambda=0 beta=0.912 grad=29.7295 horizon=280 lifetime=[334,1081] skipped=False
2026-08-30 17:57:20,646 | INFO | step=4570/20000 loss=-0.409448 nll=-0.4111436 kl=0.001855172 consistency=0 lambda=0 beta=0.914 grad=13.33163 horizon=300 lifetime=[533,1932] skipped=False
2026-08-30 17:57:21,064 | INFO | step=4580/20000 loss=0.1910228 nll=0.1877325 kl=0.003592022 consistency=0 lambda=0 beta=0.916 grad=37.09288 horizon=140 lifetime=[455,1143] skipped=False
2026-08-30 17:57:21,553 | INFO | step=4590/20000 loss=-0.4652428 nll=-0.4658244 kl=0.0006335825 consistency=0 lambda=0 beta=0.918 grad=25.35397 horizon=160 lifetime=[510,921] skipped=False
2026-08-30 17:57:21,964 | INFO | step=4600/20000 loss=0.5239225 nll=0.5226517 kl=0.001381338 consistency=0 lambda=0 beta=0.92 grad=57.79897 horizon=160 lifetime=[599,1143] skipped=False
2026-08-30 17:57:22,394 | INFO | step=4610/20000 loss=-0.1405062 nll=-0.1413195 kl=0.0008821264 consistency=0 lambda=0 beta=0.922 grad=83.21575 horizon=220 lifetime=[428,1081] skipped=False
2026-08-30 17:57:22,825 | INFO | step=4620/20000 loss=-0.9364604 nll=-0.9380898 kl=0.001763403 consistency=0 lambda=0 beta=0.924 grad=23.89019 horizon=260 lifetime=[428,1049] skipped=False
2026-08-30 17:57:23,249 | INFO | step=4630/20000 loss=-0.3750806 nll=-0.3773995 kl=0.002504125 consistency=0 lambda=0 beta=0.926 grad=54.20974 horizon=120 lifetime=[442,1045] skipped=False
2026-08-30 17:57:23,683 | INFO | step=4640/20000 loss=-0.6429036 nll=-0.6437721 kl=0.0009359717 consistency=0 lambda=0 beta=0.928 grad=16.36507 horizon=140 lifetime=[147,1152] skipped=False
2026-08-30 17:57:24,095 | INFO | step=4650/20000 loss=0.4456488 nll=0.4449979 kl=0.0006998926 consistency=0 lambda=0 beta=0.93 grad=135.2425 horizon=280 lifetime=[465,1834] skipped=False
2026-08-30 17:57:24,505 | INFO | step=4660/20000 loss=-0.3044393 nll=-0.3060116 kl=0.001687005 consistency=0 lambda=0 beta=0.932 grad=25.11609 horizon=180 lifetime=[533,1049] skipped=False
2026-08-30 17:57:24,895 | INFO | step=4670/20000 loss=0.9469078 nll=0.9458218 kl=0.001162723 consistency=0 lambda=0 beta=0.934 grad=170.5557 horizon=120 lifetime=[460,1071] skipped=False
2026-08-30 17:57:25,278 | INFO | step=4680/20000 loss=-0.4817933 nll=-0.482547 kl=0.0008051693 consistency=0 lambda=0 beta=0.936 grad=23.89489 horizon=140 lifetime=[464,921] skipped=False
2026-08-30 17:57:25,725 | INFO | step=4690/20000 loss=-0.7072561 nll=-0.7079118 kl=0.0006990582 consistency=0 lambda=0 beta=0.938 grad=38.24585 horizon=200 lifetime=[428,1076] skipped=False
2026-08-30 17:57:26,185 | INFO | step=4700/20000 loss=0.2309863 nll=0.2299674 kl=0.001084 consistency=0 lambda=0 beta=0.94 grad=78.80867 horizon=200 lifetime=[498,1052] skipped=False
2026-08-30 17:57:26,577 | INFO | step=4710/20000 loss=-0.0996624 nll=-0.1004695 kl=0.0008567423 consistency=0 lambda=0 beta=0.942 grad=33.85795 horizon=120 lifetime=[477,1081] skipped=False
2026-08-30 17:57:26,962 | INFO | step=4720/20000 loss=-0.2917643 nll=-0.2923477 kl=0.0006180257 consistency=0 lambda=0 beta=0.944 grad=36.48159 horizon=180 lifetime=[488,1858] skipped=False
2026-08-30 17:57:27,384 | INFO | step=4730/20000 loss=-1.059204 nll=-1.059845 kl=0.0006776452 consistency=0 lambda=0 beta=0.946 grad=33.52702 horizon=260 lifetime=[455,1834] skipped=False
2026-08-30 17:57:27,779 | INFO | step=4740/20000 loss=1.356335 nll=1.355777 kl=0.0005878061 consistency=0 lambda=0 beta=0.948 grad=201.862 horizon=240 lifetime=[464,1834] skipped=False
2026-08-30 17:57:28,133 | INFO | step=4750/20000 loss=-0.2364252 nll=-0.2369024 kl=0.0005022287 consistency=0 lambda=0 beta=0.95 grad=78.41276 horizon=180 lifetime=[493,915] skipped=False
2026-08-30 17:57:28,509 | INFO | step=4760/20000 loss=-1.143947 nll=-1.14487 kl=0.000969097 consistency=0 lambda=0 beta=0.952 grad=18.50571 horizon=280 lifetime=[477,874] skipped=False
2026-08-30 17:57:28,902 | INFO | step=4770/20000 loss=-1.053019 nll=-1.05383 kl=0.0008502454 consistency=0 lambda=0 beta=0.954 grad=114.4911 horizon=240 lifetime=[453,1015] skipped=False
2026-08-30 17:57:29,357 | INFO | step=4780/20000 loss=-0.1530698 nll=-0.1535882 kl=0.0005421937 consistency=0 lambda=0 beta=0.956 grad=75.54083 horizon=140 lifetime=[464,1049] skipped=False
2026-08-30 17:57:29,756 | INFO | step=4790/20000 loss=-0.7017196 nll=-0.7028036 kl=0.00113149 consistency=0 lambda=0 beta=0.958 grad=61.05048 horizon=260 lifetime=[334,942] skipped=False
2026-08-30 17:57:30,176 | INFO | step=4800/20000 loss=-0.6110203 nll=-0.6128118 kl=0.001866177 consistency=0 lambda=0 beta=0.96 grad=49.24143 horizon=160 lifetime=[462,942] skipped=False
2026-08-30 17:57:30,569 | INFO | step=4810/20000 loss=-0.5376227 nll=-0.5382738 kl=0.0006768554 consistency=0 lambda=0 beta=0.962 grad=41.08442 horizon=180 lifetime=[428,1152] skipped=False
2026-08-30 17:57:30,966 | INFO | step=4820/20000 loss=-0.9441376 nll=-0.9467167 kl=0.002675429 consistency=0 lambda=0 beta=0.964 grad=26.10749 horizon=140 lifetime=[460,1000] skipped=False
2026-08-30 17:57:31,382 | INFO | step=4830/20000 loss=-1.104953 nll=-1.106252 kl=0.001344487 consistency=0 lambda=0 beta=0.966 grad=32.40485 horizon=300 lifetime=[460,2154] skipped=False
2026-08-30 17:57:31,766 | INFO | step=4840/20000 loss=-0.8831949 nll=-0.884801 kl=0.001659289 consistency=0 lambda=0 beta=0.968 grad=36.53013 horizon=280 lifetime=[334,991] skipped=False
2026-08-30 17:57:32,159 | INFO | step=4850/20000 loss=-0.4727488 nll=-0.473163 kl=0.0004269779 consistency=0 lambda=0 beta=0.97 grad=24.58894 horizon=180 lifetime=[534,2154] skipped=False
2026-08-30 17:57:32,503 | INFO | step=4860/20000 loss=-0.176032 nll=-0.1777674 kl=0.001785383 consistency=0 lambda=0 beta=0.972 grad=20.03304 horizon=120 lifetime=[480,794] skipped=False
2026-08-30 17:57:32,901 | INFO | step=4870/20000 loss=-0.9097149 nll=-0.9105844 kl=0.0008927137 consistency=0 lambda=0 beta=0.974 grad=90.65969 horizon=240 lifetime=[467,1007] skipped=False
2026-08-30 17:57:33,240 | INFO | step=4880/20000 loss=-0.6212376 nll=-0.6217428 kl=0.0005176961 consistency=0 lambda=0 beta=0.976 grad=73.72732 horizon=200 lifetime=[500,1143] skipped=False
2026-08-30 17:57:33,595 | INFO | step=4890/20000 loss=-0.1406328 nll=-0.1415953 kl=0.0009841323 consistency=0 lambda=0 beta=0.978 grad=20.65632 horizon=140 lifetime=[334,915] skipped=False
2026-08-30 17:57:33,975 | INFO | step=4900/20000 loss=-0.8344335 nll=-0.8351893 kl=0.000771299 consistency=0 lambda=0 beta=0.98 grad=31.04502 horizon=200 lifetime=[460,2154] skipped=False
2026-08-30 17:57:34,316 | INFO | step=4910/20000 loss=-0.4565835 nll=-0.4578834 kl=0.001323685 consistency=0 lambda=0 beta=0.982 grad=73.87095 horizon=160 lifetime=[464,1045] skipped=False
2026-08-30 17:57:34,726 | INFO | step=4920/20000 loss=-0.03114977 nll=-0.03151701 kl=0.0003732145 consistency=0 lambda=0 beta=0.984 grad=57.00827 horizon=240 lifetime=[455,1282] skipped=False
2026-08-30 17:57:35,153 | INFO | step=4930/20000 loss=-1.34889 nll=-1.349761 kl=0.0008836091 consistency=0 lambda=0 beta=0.986 grad=36.42228 horizon=240 lifetime=[455,1071] skipped=False
2026-08-30 17:57:35,531 | INFO | step=4940/20000 loss=-1.048607 nll=-1.049286 kl=0.0006870031 consistency=0 lambda=0 beta=0.988 grad=29.56771 horizon=160 lifetime=[428,1152] skipped=False
2026-08-30 17:57:35,967 | INFO | step=4950/20000 loss=-0.2645064 nll=-0.2658227 kl=0.001329631 consistency=0 lambda=0 beta=0.99 grad=54.22601 horizon=180 lifetime=[464,1081] skipped=False
2026-08-30 17:57:36,423 | INFO | step=4960/20000 loss=-0.09195539 nll=-0.09230332 kl=0.0003507435 consistency=0 lambda=0 beta=0.992 grad=82.60273 horizon=260 lifetime=[500,1071] skipped=False
2026-08-30 17:57:36,783 | INFO | step=4970/20000 loss=0.1047853 nll=0.1037267 kl=0.001064926 consistency=0 lambda=0 beta=0.994 grad=61.54483 horizon=120 lifetime=[456,1000] skipped=False
2026-08-30 17:57:37,167 | INFO | step=4980/20000 loss=-0.5498217 nll=-0.5517613 kl=0.001947403 consistency=0 lambda=0 beta=0.996 grad=72.56958 horizon=240 lifetime=[334,1932] skipped=False
2026-08-30 17:57:37,535 | INFO | step=4990/20000 loss=0.09210904 nll=0.08907744 kl=0.003037676 consistency=0 lambda=0 beta=0.998 grad=18.98677 horizon=100 lifetime=[443,1052] skipped=False
2026-08-30 17:57:38,287 | INFO | validation step=5000 rmse=137.6445 best=118.1111@3500 stale=3/10
2026-08-30 17:57:38,287 | INFO | step=5000/20000 loss=-0.2975992 nll=-0.2979377 kl=0.0003385097 consistency=0 lambda=0 beta=1 grad=35.66355 horizon=300 lifetime=[465,1282] skipped=False
2026-08-30 17:57:38,760 | INFO | step=5010/20000 loss=0.01458193 nll=0.0133892 kl=0.001192734 consistency=0 lambda=0 beta=1 grad=136.057 horizon=200 lifetime=[464,1282] skipped=False
2026-08-30 17:57:39,151 | INFO | step=5020/20000 loss=0.2440792 nll=0.242016 kl=0.00206317 consistency=0 lambda=0 beta=1 grad=59.78116 horizon=120 lifetime=[455,1834] skipped=False
2026-08-30 17:57:39,560 | INFO | step=5030/20000 loss=0.4163588 nll=0.4129137 kl=0.003445119 consistency=0 lambda=0 beta=1 grad=45.66173 horizon=100 lifetime=[147,1052] skipped=False
2026-08-30 17:57:39,974 | INFO | step=5040/20000 loss=-0.3428138 nll=-0.343913 kl=0.001099199 consistency=0 lambda=0 beta=1 grad=75.68544 horizon=200 lifetime=[428,1052] skipped=False
2026-08-30 17:57:40,400 | INFO | step=5050/20000 loss=0.7932366 nll=0.7923108 kl=0.0009258091 consistency=0 lambda=0 beta=1 grad=201.0175 horizon=280 lifetime=[505,1143] skipped=False
2026-08-30 17:57:40,834 | INFO | step=5060/20000 loss=0.2420757 nll=0.2407882 kl=0.00128746 consistency=0 lambda=0 beta=1 grad=253.6637 horizon=260 lifetime=[443,860] skipped=False
2026-08-30 17:57:41,260 | INFO | step=5070/20000 loss=-0.7686498 nll=-0.7690359 kl=0.0003861189 consistency=0 lambda=0 beta=1 grad=38.24776 horizon=220 lifetime=[486,1143] skipped=False
2026-08-30 17:57:41,684 | INFO | step=5080/20000 loss=-0.9014168 nll=-0.901887 kl=0.0004702359 consistency=0 lambda=0 beta=1 grad=83.18391 horizon=260 lifetime=[486,874] skipped=False
2026-08-30 17:57:42,091 | INFO | step=5090/20000 loss=-0.4009879 nll=-0.4023931 kl=0.001405209 consistency=0 lambda=0 beta=1 grad=28.66978 horizon=100 lifetime=[465,991] skipped=False
2026-08-30 17:57:42,492 | INFO | step=5100/20000 loss=0.4176295 nll=0.4164054 kl=0.001224011 consistency=0 lambda=0 beta=1 grad=29.6229 horizon=100 lifetime=[701,1834] skipped=False
2026-08-30 17:57:42,907 | INFO | step=5110/20000 loss=-0.4934522 nll=-0.4942473 kl=0.0007950366 consistency=0 lambda=0 beta=1 grad=73.6052 horizon=200 lifetime=[428,930] skipped=False
2026-08-30 17:57:43,373 | INFO | step=5120/20000 loss=-0.6030477 nll=-0.6035585 kl=0.000510782 consistency=0 lambda=0 beta=1 grad=18.65931 horizon=280 lifetime=[519,1932] skipped=False
2026-08-30 17:57:43,806 | INFO | step=5130/20000 loss=-1.171358 nll=-1.172434 kl=0.001075283 consistency=0 lambda=0 beta=1 grad=30.0657 horizon=220 lifetime=[462,991] skipped=False
2026-08-30 17:57:44,431 | INFO | step=5140/20000 loss=-0.670996 nll=-0.6719787 kl=0.0009827912 consistency=0 lambda=0 beta=1 grad=114.1625 horizon=280 lifetime=[460,1282] skipped=False
2026-08-30 17:57:44,900 | INFO | step=5150/20000 loss=-0.9426683 nll=-0.9436421 kl=0.0009738952 consistency=0 lambda=0 beta=1 grad=57.54452 horizon=300 lifetime=[443,909] skipped=False
2026-08-30 17:57:45,374 | INFO | step=5160/20000 loss=-0.5086005 nll=-0.5097843 kl=0.001183808 consistency=0 lambda=0 beta=1 grad=20.31372 horizon=120 lifetime=[460,1052] skipped=False
2026-08-30 17:57:45,833 | INFO | step=5170/20000 loss=-0.8164548 nll=-0.8170289 kl=0.000574097 consistency=0 lambda=0 beta=1 grad=108.061 horizon=240 lifetime=[460,1049] skipped=False
2026-08-30 17:57:46,244 | INFO | step=5180/20000 loss=-0.211416 nll=-0.2127995 kl=0.001383498 consistency=0 lambda=0 beta=1 grad=77.09552 horizon=100 lifetime=[428,906] skipped=False
2026-08-30 17:57:46,635 | INFO | step=5190/20000 loss=0.4091611 nll=0.4072202 kl=0.001940817 consistency=0 lambda=0 beta=1 grad=104.8441 horizon=260 lifetime=[729,1858] skipped=False
2026-08-30 17:57:47,048 | INFO | step=5200/20000 loss=-0.7940122 nll=-0.7944764 kl=0.0004641265 consistency=0 lambda=0 beta=1 grad=92.20106 horizon=200 lifetime=[443,1076] skipped=False
2026-08-30 17:57:47,453 | INFO | step=5210/20000 loss=-0.7801738 nll=-0.7811701 kl=0.0009962916 consistency=0 lambda=0 beta=1 grad=66.2674 horizon=220 lifetime=[539,1152] skipped=False
2026-08-30 17:57:47,900 | INFO | step=5220/20000 loss=-0.1430038 nll=-0.14424 kl=0.0012362 consistency=0 lambda=0 beta=1 grad=33.18233 horizon=200 lifetime=[534,1152] skipped=False
2026-08-30 17:57:48,335 | INFO | step=5230/20000 loss=-0.3966414 nll=-0.3970864 kl=0.0004449487 consistency=0 lambda=0 beta=1 grad=131.3616 horizon=300 lifetime=[456,1052] skipped=False
2026-08-30 17:57:48,723 | INFO | step=5240/20000 loss=-1.000596 nll=-1.001007 kl=0.0004110187 consistency=0 lambda=0 beta=1 grad=41.29117 horizon=180 lifetime=[455,2154] skipped=False
2026-08-30 17:57:49,109 | INFO | step=5250/20000 loss=-0.9037507 nll=-0.9040321 kl=0.0002813637 consistency=0 lambda=0 beta=1 grad=46.32238 horizon=200 lifetime=[437,2154] skipped=False
2026-08-30 17:57:49,514 | INFO | step=5260/20000 loss=-0.07572684 nll=-0.07838009 kl=0.002653256 consistency=0 lambda=0 beta=1 grad=42.21686 horizon=140 lifetime=[498,1152] skipped=False
2026-08-30 17:57:49,915 | INFO | step=5270/20000 loss=-1.089821 nll=-1.090706 kl=0.0008847117 consistency=0 lambda=0 beta=1 grad=26.74206 horizon=180 lifetime=[334,1081] skipped=False
2026-08-30 17:57:50,326 | INFO | step=5280/20000 loss=-0.6904204 nll=-0.6911683 kl=0.0007478744 consistency=0 lambda=0 beta=1 grad=53.33082 horizon=180 lifetime=[428,1152] skipped=False
2026-08-30 17:57:50,722 | INFO | step=5290/20000 loss=-0.2449431 nll=-0.2457006 kl=0.0007574707 consistency=0 lambda=0 beta=1 grad=28.56323 horizon=140 lifetime=[437,1932] skipped=False
2026-08-30 17:57:51,122 | INFO | step=5300/20000 loss=0.1417444 nll=0.1411408 kl=0.0006035566 consistency=0 lambda=0 beta=1 grad=121.0486 horizon=260 lifetime=[462,1282] skipped=False
2026-08-30 17:57:51,518 | INFO | step=5310/20000 loss=-0.8753406 nll=-0.8764567 kl=0.001116097 consistency=0 lambda=0 beta=1 grad=27.27371 horizon=260 lifetime=[460,1282] skipped=False
2026-08-30 17:57:51,874 | INFO | step=5320/20000 loss=-0.7727659 nll=-0.7737755 kl=0.001009598 consistency=0 lambda=0 beta=1 grad=25.50012 horizon=180 lifetime=[467,991] skipped=False
2026-08-30 17:57:52,285 | INFO | step=5330/20000 loss=-0.7311391 nll=-0.7318724 kl=0.0007333457 consistency=0 lambda=0 beta=1 grad=45.55297 horizon=160 lifetime=[443,1015] skipped=False
2026-08-30 17:57:52,675 | INFO | step=5340/20000 loss=0.06374723 nll=0.06290442 kl=0.0008428134 consistency=0 lambda=0 beta=1 grad=68.98507 horizon=100 lifetime=[455,1152] skipped=False
2026-08-30 17:57:53,059 | INFO | step=5350/20000 loss=0.3265156 nll=0.3254237 kl=0.001091827 consistency=0 lambda=0 beta=1 grad=95.75999 horizon=120 lifetime=[334,921] skipped=False
2026-08-30 17:57:53,435 | INFO | step=5360/20000 loss=-0.1899498 nll=-0.1904624 kl=0.0005126372 consistency=0 lambda=0 beta=1 grad=41.7869 horizon=160 lifetime=[500,1143] skipped=False
2026-08-30 17:57:53,848 | INFO | step=5370/20000 loss=-0.2127797 nll=-0.2131763 kl=0.0003965721 consistency=0 lambda=0 beta=1 grad=169.3191 horizon=240 lifetime=[460,933] skipped=False
2026-08-30 17:57:54,178 | INFO | step=5380/20000 loss=-0.3624772 nll=-0.3637064 kl=0.001229189 consistency=0 lambda=0 beta=1 grad=174.8994 horizon=240 lifetime=[460,921] skipped=False
2026-08-30 17:57:54,565 | INFO | step=5390/20000 loss=-0.04077602 nll=-0.04186033 kl=0.001084305 consistency=0 lambda=0 beta=1 grad=88.14587 horizon=180 lifetime=[428,1932] skipped=False
2026-08-30 17:57:54,927 | INFO | step=5400/20000 loss=-0.5449622 nll=-0.5460173 kl=0.001055203 consistency=0 lambda=0 beta=1 grad=33.51403 horizon=160 lifetime=[477,913] skipped=False
2026-08-30 17:57:55,326 | INFO | step=5410/20000 loss=1.175936 nll=1.175581 kl=0.0003553778 consistency=0 lambda=0 beta=1 grad=346.627 horizon=200 lifetime=[518,1932] skipped=False
2026-08-30 17:57:55,741 | INFO | step=5420/20000 loss=0.4313279 nll=0.4302484 kl=0.001079544 consistency=0 lambda=0 beta=1 grad=80.59151 horizon=160 lifetime=[607,1932] skipped=False
2026-08-30 17:57:56,090 | INFO | step=5430/20000 loss=-0.3869031 nll=-0.3890517 kl=0.002148628 consistency=0 lambda=0 beta=1 grad=18.98303 horizon=100 lifetime=[453,1932] skipped=False
2026-08-30 17:57:56,473 | INFO | step=5440/20000 loss=0.7938372 nll=0.792848 kl=0.0009892583 consistency=0 lambda=0 beta=1 grad=145.6376 horizon=120 lifetime=[437,1049] skipped=False
2026-08-30 17:57:56,857 | INFO | step=5450/20000 loss=-0.0388993 nll=-0.04023153 kl=0.001332223 consistency=0 lambda=0 beta=1 grad=38.89701 horizon=100 lifetime=[456,2154] skipped=False
2026-08-30 17:57:57,236 | INFO | step=5460/20000 loss=-0.1778777 nll=-0.1787053 kl=0.0008276552 consistency=0 lambda=0 beta=1 grad=131.737 horizon=160 lifetime=[443,2154] skipped=False
2026-08-30 17:57:57,679 | INFO | step=5470/20000 loss=-0.2991765 nll=-0.3002594 kl=0.001082838 consistency=0 lambda=0 beta=1 grad=74.27962 horizon=280 lifetime=[464,1052] skipped=False
2026-08-30 17:57:58,098 | INFO | step=5480/20000 loss=-0.6458462 nll=-0.6465789 kl=0.0007327199 consistency=0 lambda=0 beta=1 grad=62.13624 horizon=300 lifetime=[334,1282] skipped=False
2026-08-30 17:57:58,497 | INFO | step=5490/20000 loss=-0.1113022 nll=-0.1124186 kl=0.001116328 consistency=0 lambda=0 beta=1 grad=49.29562 horizon=140 lifetime=[147,1071] skipped=False
2026-08-30 17:57:59,197 | INFO | validation step=5500 rmse=101.3681 best=101.3681@5500 stale=0/10
2026-08-30 17:57:59,197 | INFO | step=5500/20000 loss=0.2468386 nll=0.2453346 kl=0.001504011 consistency=0 lambda=0 beta=1 grad=171.181 horizon=260 lifetime=[453,1052] skipped=False
2026-08-30 17:57:59,664 | INFO | step=5510/20000 loss=-0.764792 nll=-0.7652172 kl=0.0004251786 consistency=0 lambda=0 beta=1 grad=98.47337 horizon=280 lifetime=[443,1858] skipped=False
2026-08-30 17:58:00,053 | INFO | step=5520/20000 loss=0.09752319 nll=0.09552276 kl=0.002000429 consistency=0 lambda=0 beta=1 grad=42.37709 horizon=140 lifetime=[480,921] skipped=False
2026-08-30 17:58:00,415 | INFO | step=5530/20000 loss=0.4747405 nll=0.4742593 kl=0.0004811361 consistency=0 lambda=0 beta=1 grad=154.8 horizon=240 lifetime=[488,1052] skipped=False
2026-08-30 17:58:00,822 | INFO | step=5540/20000 loss=-1.114182 nll=-1.114831 kl=0.0006497502 consistency=0 lambda=0 beta=1 grad=33.8222 horizon=180 lifetime=[460,942] skipped=False
2026-08-30 17:58:01,189 | INFO | step=5550/20000 loss=-0.7590188 nll=-0.7611176 kl=0.002098739 consistency=0 lambda=0 beta=1 grad=14.33383 horizon=120 lifetime=[147,1858] skipped=False
2026-08-30 17:58:01,620 | INFO | step=5560/20000 loss=-0.4119616 nll=-0.4126673 kl=0.0007057041 consistency=0 lambda=0 beta=1 grad=52.50481 horizon=160 lifetime=[442,1000] skipped=False
2026-08-30 17:58:02,028 | INFO | step=5570/20000 loss=0.08213247 nll=0.08173832 kl=0.0003941506 consistency=0 lambda=0 beta=1 grad=53.90974 horizon=180 lifetime=[455,1932] skipped=False
2026-08-30 17:58:02,436 | INFO | step=5580/20000 loss=-0.3109569 nll=-0.311278 kl=0.0003210977 consistency=0 lambda=0 beta=1 grad=91.76067 horizon=200 lifetime=[443,1858] skipped=False
2026-08-30 17:58:02,862 | INFO | step=5590/20000 loss=-0.5810028 nll=-0.581883 kl=0.000880152 consistency=0 lambda=0 beta=1 grad=55.64054 horizon=300 lifetime=[442,1932] skipped=False
2026-08-30 17:58:03,283 | INFO | step=5600/20000 loss=-1.271545 nll=-1.272222 kl=0.0006772168 consistency=0 lambda=0 beta=1 grad=120.7595 horizon=280 lifetime=[334,2154] skipped=False
2026-08-30 17:58:03,765 | INFO | step=5610/20000 loss=-1.321594 nll=-1.321867 kl=0.0002728105 consistency=0 lambda=0 beta=1 grad=25.76512 horizon=260 lifetime=[498,1834] skipped=False
2026-08-30 17:58:04,135 | INFO | step=5620/20000 loss=-0.8956485 nll=-0.8969077 kl=0.00125926 consistency=0 lambda=0 beta=1 grad=171.6799 horizon=220 lifetime=[428,1052] skipped=False
2026-08-30 17:58:04,502 | INFO | step=5630/20000 loss=0.1042105 nll=0.1036761 kl=0.0005343854 consistency=0 lambda=0 beta=1 grad=69.8484 horizon=120 lifetime=[462,1152] skipped=False
2026-08-30 17:58:04,864 | INFO | step=5640/20000 loss=-0.08593516 nll=-0.08845653 kl=0.002521366 consistency=0 lambda=0 beta=1 grad=86.42461 horizon=260 lifetime=[428,869] skipped=False
2026-08-30 17:58:05,233 | INFO | step=5650/20000 loss=-0.1737508 nll=-0.1749822 kl=0.001231387 consistency=0 lambda=0 beta=1 grad=69.04913 horizon=160 lifetime=[455,1076] skipped=False
2026-08-30 17:58:05,607 | INFO | step=5660/20000 loss=-1.063576 nll=-1.064433 kl=0.0008565634 consistency=0 lambda=0 beta=1 grad=42.20384 horizon=160 lifetime=[334,942] skipped=False
2026-08-30 17:58:06,033 | INFO | step=5670/20000 loss=-0.7823505 nll=-0.7826438 kl=0.0002932847 consistency=0 lambda=0 beta=1 grad=57.83959 horizon=160 lifetime=[500,921] skipped=False
2026-08-30 17:58:06,427 | INFO | step=5680/20000 loss=-0.1104797 nll=-0.111331 kl=0.0008512586 consistency=0 lambda=0 beta=1 grad=163.0129 horizon=160 lifetime=[455,1932] skipped=False
2026-08-30 17:58:06,829 | INFO | step=5690/20000 loss=0.07789481 nll=0.07706042 kl=0.0008343905 consistency=0 lambda=0 beta=1 grad=62.38113 horizon=120 lifetime=[428,1932] skipped=False
2026-08-30 17:58:07,274 | INFO | step=5700/20000 loss=-1.103319 nll=-1.104586 kl=0.001267042 consistency=0 lambda=0 beta=1 grad=83.4744 horizon=300 lifetime=[428,1076] skipped=False
2026-08-30 17:58:07,648 | INFO | step=5710/20000 loss=0.4234508 nll=0.4226658 kl=0.0007849894 consistency=0 lambda=0 beta=1 grad=148.1512 horizon=180 lifetime=[464,1071] skipped=False
2026-08-30 17:58:08,019 | INFO | step=5720/20000 loss=-0.727912 nll=-0.7285689 kl=0.0006568562 consistency=0 lambda=0 beta=1 grad=39.27298 horizon=160 lifetime=[334,1049] skipped=False
2026-08-30 17:58:08,443 | INFO | step=5730/20000 loss=-0.7517197 nll=-0.7540867 kl=0.002367035 consistency=0 lambda=0 beta=1 grad=43.70774 horizon=120 lifetime=[456,1858] skipped=False
2026-08-30 17:58:08,841 | INFO | step=5740/20000 loss=-0.5453902 nll=-0.5469482 kl=0.00155795 consistency=0 lambda=0 beta=1 grad=249.9019 horizon=120 lifetime=[442,1071] skipped=False
2026-08-30 17:58:09,279 | INFO | step=5750/20000 loss=-0.2724113 nll=-0.2732617 kl=0.0008503599 consistency=0 lambda=0 beta=1 grad=81.00871 horizon=280 lifetime=[510,1932] skipped=False
2026-08-30 17:58:09,660 | INFO | step=5760/20000 loss=-0.7006007 nll=-0.7011278 kl=0.0005270976 consistency=0 lambda=0 beta=1 grad=39.41022 horizon=140 lifetime=[467,1076] skipped=False
2026-08-30 17:58:10,077 | INFO | step=5770/20000 loss=-0.7715749 nll=-0.7727934 kl=0.001218479 consistency=0 lambda=0 beta=1 grad=26.36122 horizon=180 lifetime=[494,2154] skipped=False
2026-08-30 17:58:10,465 | INFO | step=5780/20000 loss=-0.2105527 nll=-0.2116803 kl=0.001127638 consistency=0 lambda=0 beta=1 grad=11.676 horizon=100 lifetime=[437,906] skipped=False
2026-08-30 17:58:10,857 | INFO | step=5790/20000 loss=-1.282633 nll=-1.283158 kl=0.0005248711 consistency=0 lambda=0 beta=1 grad=24.58421 horizon=180 lifetime=[488,1834] skipped=False
2026-08-30 17:58:11,234 | INFO | step=5800/20000 loss=4.096437 nll=4.094604 kl=0.001832396 consistency=0 lambda=0 beta=1 grad=417.1101 horizon=140 lifetime=[505,1071] skipped=False
2026-08-30 17:58:11,649 | INFO | step=5810/20000 loss=-1.109631 nll=-1.110411 kl=0.0007800311 consistency=0 lambda=0 beta=1 grad=44.6398 horizon=300 lifetime=[494,1834] skipped=False
2026-08-30 17:58:12,062 | INFO | step=5820/20000 loss=-0.6107851 nll=-0.6123457 kl=0.001560569 consistency=0 lambda=0 beta=1 grad=118.5565 horizon=280 lifetime=[437,1007] skipped=False
2026-08-30 17:58:12,479 | INFO | step=5830/20000 loss=-0.3242337 nll=-0.3245552 kl=0.0003214478 consistency=0 lambda=0 beta=1 grad=95.92722 horizon=160 lifetime=[334,1143] skipped=False
2026-08-30 17:58:12,828 | INFO | step=5840/20000 loss=-1.247384 nll=-1.247965 kl=0.0005811006 consistency=0 lambda=0 beta=1 grad=42.85107 horizon=260 lifetime=[480,863] skipped=False
2026-08-30 17:58:13,182 | INFO | step=5850/20000 loss=-0.9637916 nll=-0.9645418 kl=0.0007501543 consistency=0 lambda=0 beta=1 grad=61.69505 horizon=200 lifetime=[428,1152] skipped=False
2026-08-30 17:58:13,543 | INFO | step=5860/20000 loss=0.02318558 nll=0.02269262 kl=0.0004929602 consistency=0 lambda=0 beta=1 grad=53.97931 horizon=140 lifetime=[480,1007] skipped=False
2026-08-30 17:58:13,927 | INFO | step=5870/20000 loss=-0.2793542 nll=-0.2803304 kl=0.0009761155 consistency=0 lambda=0 beta=1 grad=170.7995 horizon=300 lifetime=[428,1015] skipped=False
2026-08-30 17:58:14,334 | INFO | step=5880/20000 loss=-0.5911538 nll=-0.5920271 kl=0.0008733273 consistency=0 lambda=0 beta=1 grad=114.4676 horizon=240 lifetime=[498,1049] skipped=False
2026-08-30 17:58:14,712 | INFO | step=5890/20000 loss=-0.5920777 nll=-0.592739 kl=0.0006612241 consistency=0 lambda=0 beta=1 grad=72.65941 horizon=300 lifetime=[334,1152] skipped=False
2026-08-30 17:58:15,157 | INFO | step=5900/20000 loss=-1.036243 nll=-1.036558 kl=0.0003154278 consistency=0 lambda=0 beta=1 grad=44.92878 horizon=200 lifetime=[443,988] skipped=False
2026-08-30 17:58:15,504 | INFO | step=5910/20000 loss=-0.5568366 nll=-0.558203 kl=0.001366422 consistency=0 lambda=0 beta=1 grad=93.48127 horizon=100 lifetime=[428,988] skipped=False
2026-08-30 17:58:15,879 | INFO | step=5920/20000 loss=-0.7939811 nll=-0.7945122 kl=0.0005311668 consistency=0 lambda=0 beta=1 grad=50.12924 horizon=220 lifetime=[455,2154] skipped=False
2026-08-30 17:58:16,279 | INFO | step=5930/20000 loss=-0.4230477 nll=-0.4240309 kl=0.0009832382 consistency=0 lambda=0 beta=1 grad=126.0387 horizon=260 lifetime=[437,1282] skipped=False
2026-08-30 17:58:16,664 | INFO | step=5940/20000 loss=-0.8910685 nll=-0.8918543 kl=0.0007858276 consistency=0 lambda=0 beta=1 grad=43.59451 horizon=160 lifetime=[334,991] skipped=False
2026-08-30 17:58:17,036 | INFO | step=5950/20000 loss=-0.8349146 nll=-0.8354135 kl=0.0004988611 consistency=0 lambda=0 beta=1 grad=82.16346 horizon=200 lifetime=[334,1052] skipped=False
2026-08-30 17:58:17,412 | INFO | step=5960/20000 loss=-0.7165051 nll=-0.7172613 kl=0.0007561892 consistency=0 lambda=0 beta=1 grad=62.38895 horizon=280 lifetime=[482,1834] skipped=False
2026-08-30 17:58:17,806 | INFO | step=5970/20000 loss=-1.164795 nll=-1.165401 kl=0.0006062239 consistency=0 lambda=0 beta=1 grad=20.75632 horizon=240 lifetime=[497,877] skipped=False
2026-08-30 17:58:18,176 | INFO | step=5980/20000 loss=-0.6914343 nll=-0.6920928 kl=0.0006584376 consistency=0 lambda=0 beta=1 grad=56.86859 horizon=180 lifetime=[456,1052] skipped=False
2026-08-30 17:58:18,566 | INFO | step=5990/20000 loss=-0.6379713 nll=-0.6386433 kl=0.0006720275 consistency=0 lambda=0 beta=1 grad=63.31924 horizon=220 lifetime=[557,1932] skipped=False
2026-08-30 17:58:19,261 | INFO | validation step=6000 rmse=96.63276 best=96.63276@6000 stale=0/10
2026-08-30 17:58:19,261 | INFO | step=6000/20000 loss=0.3265367 nll=0.3261164 kl=0.0004202276 consistency=0 lambda=0 beta=1 grad=215.9947 horizon=240 lifetime=[456,1282] skipped=False
2026-08-30 17:58:19,740 | INFO | step=6010/20000 loss=-0.2803555 nll=-0.2806863 kl=0.0003307685 consistency=0 lambda=0 beta=1 grad=117.8598 horizon=220 lifetime=[477,988] skipped=False
2026-08-30 17:58:20,159 | INFO | step=6020/20000 loss=-0.9269027 nll=-0.9272894 kl=0.0003867745 consistency=0 lambda=0 beta=1 grad=87.95872 horizon=280 lifetime=[453,2154] skipped=False
2026-08-30 17:58:20,535 | INFO | step=6030/20000 loss=-1.124091 nll=-1.124582 kl=0.0004913323 consistency=0 lambda=0 beta=1 grad=49.85323 horizon=140 lifetime=[334,1049] skipped=False
2026-08-30 17:58:20,939 | INFO | step=6040/20000 loss=-0.5130522 nll=-0.5135877 kl=0.0005355477 consistency=0 lambda=0 beta=1 grad=64.78709 horizon=240 lifetime=[477,1152] skipped=False
2026-08-30 17:58:21,311 | INFO | step=6050/20000 loss=0.1112555 nll=0.1106292 kl=0.0006262674 consistency=0 lambda=0 beta=1 grad=42.46118 horizon=120 lifetime=[500,2154] skipped=False
2026-08-30 17:58:21,705 | INFO | step=6060/20000 loss=-0.6098009 nll=-0.6108172 kl=0.001016285 consistency=0 lambda=0 beta=1 grad=100.5605 horizon=120 lifetime=[443,2154] skipped=False
2026-08-30 17:58:22,137 | INFO | step=6070/20000 loss=0.1050475 nll=0.1044644 kl=0.0005831122 consistency=0 lambda=0 beta=1 grad=214.6587 horizon=260 lifetime=[480,930] skipped=False
2026-08-30 17:58:22,513 | INFO | step=6080/20000 loss=-0.9929923 nll=-0.9935286 kl=0.0005362779 consistency=0 lambda=0 beta=1 grad=42.09455 horizon=280 lifetime=[453,1045] skipped=False
2026-08-30 17:58:22,905 | INFO | step=6090/20000 loss=-1.091146 nll=-1.091832 kl=0.0006857477 consistency=0 lambda=0 beta=1 grad=13.73994 horizon=160 lifetime=[453,1152] skipped=False
2026-08-30 17:58:23,318 | INFO | step=6100/20000 loss=-1.660861 nll=-1.661419 kl=0.0005576927 consistency=0 lambda=0 beta=1 grad=24.79476 horizon=200 lifetime=[453,1007] skipped=False
2026-08-30 17:58:23,706 | INFO | step=6110/20000 loss=0.3767053 nll=0.3749988 kl=0.001706528 consistency=0 lambda=0 beta=1 grad=76.74756 horizon=120 lifetime=[622,2154] skipped=False
2026-08-30 17:58:24,133 | INFO | step=6120/20000 loss=0.288724 nll=0.288129 kl=0.00059494 consistency=0 lambda=0 beta=1 grad=149.3875 horizon=260 lifetime=[512,1282] skipped=False
2026-08-30 17:58:24,511 | INFO | step=6130/20000 loss=-1.118704 nll=-1.119511 kl=0.0008069724 consistency=0 lambda=0 beta=1 grad=48.65061 horizon=200 lifetime=[460,1049] skipped=False
2026-08-30 17:58:24,943 | INFO | step=6140/20000 loss=-0.6038175 nll=-0.6046487 kl=0.000831224 consistency=0 lambda=0 beta=1 grad=146.1443 horizon=300 lifetime=[428,1052] skipped=False
2026-08-30 17:58:25,377 | INFO | step=6150/20000 loss=-0.468603 nll=-0.4696445 kl=0.001041465 consistency=0 lambda=0 beta=1 grad=164.6074 horizon=260 lifetime=[428,1071] skipped=False
2026-08-30 17:58:25,819 | INFO | step=6160/20000 loss=-0.514607 nll=-0.5150034 kl=0.0003964826 consistency=0 lambda=0 beta=1 grad=136.3116 horizon=200 lifetime=[512,1071] skipped=False
2026-08-30 17:58:26,211 | INFO | step=6170/20000 loss=-0.564878 nll=-0.5657749 kl=0.0008968562 consistency=0 lambda=0 beta=1 grad=78.7066 horizon=280 lifetime=[428,1076] skipped=False
2026-08-30 17:58:26,634 | INFO | step=6180/20000 loss=-0.4628859 nll=-0.4641873 kl=0.001301467 consistency=0 lambda=0 beta=1 grad=90.58801 horizon=300 lifetime=[505,1152] skipped=False
2026-08-30 17:58:27,056 | INFO | step=6190/20000 loss=0.0008884817 nll=-0.001731634 kl=0.002620116 consistency=0 lambda=0 beta=1 grad=92.34951 horizon=120 lifetime=[665,2154] skipped=False
2026-08-30 17:58:27,497 | INFO | step=6200/20000 loss=-0.7052745 nll=-0.7057861 kl=0.0005116165 consistency=0 lambda=0 beta=1 grad=38.28118 horizon=180 lifetime=[477,991] skipped=False
2026-08-30 17:58:27,943 | INFO | step=6210/20000 loss=-0.668611 nll=-0.6693103 kl=0.0006992072 consistency=0 lambda=0 beta=1 grad=211.0445 horizon=240 lifetime=[437,913] skipped=False
2026-08-30 17:58:28,374 | INFO | step=6220/20000 loss=-1.141789 nll=-1.142774 kl=0.0009848773 consistency=0 lambda=0 beta=1 grad=19.27055 horizon=200 lifetime=[453,1015] skipped=False
2026-08-30 17:58:28,758 | INFO | step=6230/20000 loss=-0.3754332 nll=-0.3762507 kl=0.0008174479 consistency=0 lambda=0 beta=1 grad=101.8661 horizon=200 lifetime=[442,1282] skipped=False
2026-08-30 17:58:29,119 | INFO | step=6240/20000 loss=-0.2716751 nll=-0.2725468 kl=0.0008716732 consistency=0 lambda=0 beta=1 grad=39.52817 horizon=120 lifetime=[467,1081] skipped=False
2026-08-30 17:58:29,568 | INFO | step=6250/20000 loss=-0.7843746 nll=-0.7847861 kl=0.0004114956 consistency=0 lambda=0 beta=1 grad=71.86232 horizon=200 lifetime=[460,1143] skipped=False
2026-08-30 17:58:30,014 | INFO | step=6260/20000 loss=-1.019335 nll=-1.020965 kl=0.001629487 consistency=0 lambda=0 beta=1 grad=56.43269 horizon=200 lifetime=[437,1282] skipped=False
2026-08-30 17:58:30,408 | INFO | step=6270/20000 loss=-0.7513782 nll=-0.7524148 kl=0.001036584 consistency=0 lambda=0 beta=1 grad=23.66479 horizon=160 lifetime=[477,1052] skipped=False
2026-08-30 17:58:30,814 | INFO | step=6280/20000 loss=0.09947156 nll=0.09877902 kl=0.0006925464 consistency=0 lambda=0 beta=1 grad=52.1709 horizon=120 lifetime=[443,1932] skipped=False
2026-08-30 17:58:31,230 | INFO | step=6290/20000 loss=-1.255467 nll=-1.255648 kl=0.0001810342 consistency=0 lambda=0 beta=1 grad=32.14111 horizon=260 lifetime=[465,863] skipped=False
2026-08-30 17:58:31,628 | INFO | step=6300/20000 loss=-0.3667011 nll=-0.3677451 kl=0.00104396 consistency=0 lambda=0 beta=1 grad=19.89208 horizon=100 lifetime=[442,1081] skipped=False
2026-08-30 17:58:32,027 | INFO | step=6310/20000 loss=-0.06746972 nll=-0.06824386 kl=0.0007741451 consistency=0 lambda=0 beta=1 grad=26.09095 horizon=120 lifetime=[486,1076] skipped=False
2026-08-30 17:58:32,404 | INFO | step=6320/20000 loss=-0.7554127 nll=-0.7569963 kl=0.001583546 consistency=0 lambda=0 beta=1 grad=98.93059 horizon=280 lifetime=[453,1858] skipped=False
2026-08-30 17:58:32,841 | INFO | step=6330/20000 loss=-1.216292 nll=-1.217359 kl=0.001067519 consistency=0 lambda=0 beta=1 grad=97.03889 horizon=280 lifetime=[428,991] skipped=False
2026-08-30 17:58:33,258 | INFO | step=6340/20000 loss=-0.9599155 nll=-0.9603868 kl=0.0004713088 consistency=0 lambda=0 beta=1 grad=21.39515 horizon=280 lifetime=[460,1076] skipped=False
2026-08-30 17:58:33,694 | INFO | step=6350/20000 loss=-0.9620265 nll=-0.9623306 kl=0.0003041029 consistency=0 lambda=0 beta=1 grad=54.3506 horizon=220 lifetime=[455,1858] skipped=False
2026-08-30 17:58:34,090 | INFO | step=6360/20000 loss=-1.0311 nll=-1.031443 kl=0.0003434122 consistency=0 lambda=0 beta=1 grad=49.02604 horizon=180 lifetime=[437,1071] skipped=False
2026-08-30 17:58:34,518 | INFO | step=6370/20000 loss=-1.231699 nll=-1.232343 kl=0.0006436855 consistency=0 lambda=0 beta=1 grad=71.35181 horizon=240 lifetime=[464,1152] skipped=False
2026-08-30 17:58:34,933 | INFO | step=6380/20000 loss=-1.528059 nll=-1.528235 kl=0.0001756549 consistency=0 lambda=0 beta=1 grad=62.67801 horizon=240 lifetime=[460,942] skipped=False
2026-08-30 17:58:35,309 | INFO | step=6390/20000 loss=-1.01945 nll=-1.019908 kl=0.0004577041 consistency=0 lambda=0 beta=1 grad=83.04716 horizon=260 lifetime=[437,1015] skipped=False
2026-08-30 17:58:35,681 | INFO | step=6400/20000 loss=-1.008664 nll=-1.009164 kl=0.0005001277 consistency=0 lambda=0 beta=1 grad=90.58379 horizon=160 lifetime=[453,1081] skipped=False
2026-08-30 17:58:36,068 | INFO | step=6410/20000 loss=-0.9299085 nll=-0.9302684 kl=0.0003599077 consistency=0 lambda=0 beta=1 grad=78.92774 horizon=240 lifetime=[510,1858] skipped=False
2026-08-30 17:58:36,483 | INFO | step=6420/20000 loss=-1.114552 nll=-1.115385 kl=0.0008321404 consistency=0 lambda=0 beta=1 grad=88.6758 horizon=240 lifetime=[437,1152] skipped=False
2026-08-30 17:58:36,867 | INFO | step=6430/20000 loss=-1.079818 nll=-1.080167 kl=0.0003490001 consistency=0 lambda=0 beta=1 grad=99.43674 horizon=280 lifetime=[442,909] skipped=False
2026-08-30 17:58:37,272 | INFO | step=6440/20000 loss=-0.4228208 nll=-0.4237392 kl=0.0009184182 consistency=0 lambda=0 beta=1 grad=34.02565 horizon=100 lifetime=[443,1015] skipped=False
2026-08-30 17:58:37,677 | INFO | step=6450/20000 loss=-0.192101 nll=-0.1928486 kl=0.0007476062 consistency=0 lambda=0 beta=1 grad=81.78552 horizon=100 lifetime=[482,1052] skipped=False
2026-08-30 17:58:38,087 | INFO | step=6460/20000 loss=-1.2125 nll=-1.212864 kl=0.0003640354 consistency=0 lambda=0 beta=1 grad=60.7493 horizon=280 lifetime=[334,1858] skipped=False
2026-08-30 17:58:38,498 | INFO | step=6470/20000 loss=-0.7377324 nll=-0.7387005 kl=0.0009680688 consistency=0 lambda=0 beta=1 grad=131.6108 horizon=280 lifetime=[498,1045] skipped=False
2026-08-30 17:58:38,870 | INFO | step=6480/20000 loss=-1.016949 nll=-1.017919 kl=0.0009702742 consistency=0 lambda=0 beta=1 grad=57.95127 horizon=260 lifetime=[493,1007] skipped=False
2026-08-30 17:58:39,254 | INFO | step=6490/20000 loss=-1.023652 nll=-1.024506 kl=0.0008541197 consistency=0 lambda=0 beta=1 grad=103.7881 horizon=300 lifetime=[482,1081] skipped=False
2026-08-30 17:58:39,918 | INFO | validation step=6500 rmse=129.8961 best=96.63276@6000 stale=1/10
2026-08-30 17:58:39,918 | INFO | step=6500/20000 loss=-0.5609502 nll=-0.5616482 kl=0.00069803 consistency=0 lambda=0 beta=1 grad=15.68779 horizon=100 lifetime=[486,871] skipped=False
2026-08-30 17:58:40,380 | INFO | step=6510/20000 loss=-0.613225 nll=-0.614231 kl=0.001005933 consistency=0 lambda=0 beta=1 grad=242.4511 horizon=300 lifetime=[443,1858] skipped=False
2026-08-30 17:58:40,767 | INFO | step=6520/20000 loss=-1.597305 nll=-1.597764 kl=0.0004594177 consistency=0 lambda=0 beta=1 grad=68.58751 horizon=260 lifetime=[460,863] skipped=False
2026-08-30 17:58:41,170 | INFO | step=6530/20000 loss=-0.8224345 nll=-0.8227519 kl=0.0003174096 consistency=0 lambda=0 beta=1 grad=24.02579 horizon=140 lifetime=[443,1049] skipped=False
2026-08-30 17:58:41,522 | INFO | step=6540/20000 loss=-0.9952796 nll=-0.996053 kl=0.0007735193 consistency=0 lambda=0 beta=1 grad=82.67906 horizon=180 lifetime=[493,942] skipped=False
2026-08-30 17:58:41,910 | INFO | step=6550/20000 loss=0.6600376 nll=0.6588386 kl=0.001198933 consistency=0 lambda=0 beta=1 grad=130.2735 horizon=120 lifetime=[465,1858] skipped=False
2026-08-30 17:58:42,270 | INFO | step=6560/20000 loss=-1.23727 nll=-1.23769 kl=0.0004194677 consistency=0 lambda=0 beta=1 grad=32.40596 horizon=180 lifetime=[453,826] skipped=False
2026-08-30 17:58:42,684 | INFO | step=6570/20000 loss=-1.049078 nll=-1.049536 kl=0.0004576296 consistency=0 lambda=0 beta=1 grad=27.50887 horizon=240 lifetime=[482,1282] skipped=False
2026-08-30 17:58:43,125 | INFO | step=6580/20000 loss=-0.3403897 nll=-0.340803 kl=0.0004133135 consistency=0 lambda=0 beta=1 grad=90.58524 horizon=120 lifetime=[428,1071] skipped=False
2026-08-30 17:58:43,529 | INFO | step=6590/20000 loss=-1.019083 nll=-1.020051 kl=0.0009682626 consistency=0 lambda=0 beta=1 grad=33.8863 horizon=220 lifetime=[456,1076] skipped=False
2026-08-30 17:58:43,922 | INFO | step=6600/20000 loss=-0.8559582 nll=-0.8566765 kl=0.0007182956 consistency=0 lambda=0 beta=1 grad=87.11084 horizon=120 lifetime=[442,2154] skipped=False
2026-08-30 17:58:44,336 | INFO | step=6610/20000 loss=-1.070466 nll=-1.071089 kl=0.0006229132 consistency=0 lambda=0 beta=1 grad=38.68612 horizon=160 lifetime=[464,1834] skipped=False
2026-08-30 17:58:44,779 | INFO | step=6620/20000 loss=-1.277982 nll=-1.278416 kl=0.0004348531 consistency=0 lambda=0 beta=1 grad=96.40073 horizon=240 lifetime=[460,1834] skipped=False
2026-08-30 17:58:45,153 | INFO | step=6630/20000 loss=-0.5519999 nll=-0.5528143 kl=0.0008143783 consistency=0 lambda=0 beta=1 grad=33.33551 horizon=100 lifetime=[488,1834] skipped=False
2026-08-30 17:58:45,528 | INFO | step=6640/20000 loss=-1.358251 nll=-1.358721 kl=0.0004696473 consistency=0 lambda=0 beta=1 grad=75.0783 horizon=180 lifetime=[467,913] skipped=False
2026-08-30 17:58:45,900 | INFO | step=6650/20000 loss=-0.900646 nll=-0.9009191 kl=0.0002730638 consistency=0 lambda=0 beta=1 grad=42.81671 horizon=220 lifetime=[500,1143] skipped=False
2026-08-30 17:58:46,294 | INFO | step=6660/20000 loss=-0.7217988 nll=-0.7224464 kl=0.0006475896 consistency=0 lambda=0 beta=1 grad=148.0702 horizon=280 lifetime=[494,1282] skipped=False
2026-08-30 17:58:46,719 | INFO | step=6670/20000 loss=-0.6590767 nll=-0.6596479 kl=0.0005712211 consistency=0 lambda=0 beta=1 grad=82.35931 horizon=300 lifetime=[464,1076] skipped=False
2026-08-30 17:58:47,142 | INFO | step=6680/20000 loss=-0.6423765 nll=-0.6428388 kl=0.0004623681 consistency=0 lambda=0 beta=1 grad=57.29359 horizon=240 lifetime=[443,991] skipped=False
2026-08-30 17:58:47,546 | INFO | step=6690/20000 loss=-1.258797 nll=-1.259418 kl=0.0006215423 consistency=0 lambda=0 beta=1 grad=79.58874 horizon=180 lifetime=[443,1071] skipped=False
2026-08-30 17:58:47,923 | INFO | step=6700/20000 loss=0.1908685 nll=0.1897428 kl=0.001125723 consistency=0 lambda=0 beta=1 grad=110.8377 horizon=120 lifetime=[334,1152] skipped=False
2026-08-30 17:58:48,354 | INFO | step=6710/20000 loss=-0.8516322 nll=-0.8518512 kl=0.0002189279 consistency=0 lambda=0 beta=1 grad=131.6023 horizon=180 lifetime=[486,1834] skipped=False
2026-08-30 17:58:48,748 | INFO | step=6720/20000 loss=-0.03059512 nll=-0.03109351 kl=0.0004983842 consistency=0 lambda=0 beta=1 grad=35.70892 horizon=120 lifetime=[512,1282] skipped=False
2026-08-30 17:58:49,149 | INFO | step=6730/20000 loss=0.1306774 nll=0.1300384 kl=0.0006389916 consistency=0 lambda=0 beta=1 grad=53.85318 horizon=100 lifetime=[742,1834] skipped=False
2026-08-30 17:58:49,524 | INFO | step=6740/20000 loss=0.07958151 nll=0.07917349 kl=0.0004080236 consistency=0 lambda=0 beta=1 grad=51.23814 horizon=120 lifetime=[500,1071] skipped=False
2026-08-30 17:58:49,908 | INFO | step=6750/20000 loss=-0.4373303 nll=-0.4380666 kl=0.0007362664 consistency=0 lambda=0 beta=1 grad=87.61215 horizon=160 lifetime=[428,1932] skipped=False
2026-08-30 17:58:50,320 | INFO | step=6760/20000 loss=-0.8405026 nll=-0.8410289 kl=0.0005263388 consistency=0 lambda=0 beta=1 grad=47.72057 horizon=160 lifetime=[510,1282] skipped=False
2026-08-30 17:58:50,730 | INFO | step=6770/20000 loss=-1.122484 nll=-1.123214 kl=0.0007299483 consistency=0 lambda=0 beta=1 grad=29.81734 horizon=160 lifetime=[442,2154] skipped=False
2026-08-30 17:58:51,152 | INFO | step=6780/20000 loss=-0.7601837 nll=-0.7605914 kl=0.000407666 consistency=0 lambda=0 beta=1 grad=152.0266 horizon=260 lifetime=[460,1081] skipped=False
2026-08-30 17:58:51,557 | INFO | step=6790/20000 loss=-0.6778317 nll=-0.6786635 kl=0.0008317828 consistency=0 lambda=0 beta=1 grad=171.3951 horizon=300 lifetime=[533,874] skipped=False
2026-08-30 17:58:51,965 | INFO | step=6800/20000 loss=-0.1923252 nll=-0.192706 kl=0.0003807843 consistency=0 lambda=0 beta=1 grad=29.28965 horizon=120 lifetime=[486,1071] skipped=False
2026-08-30 17:58:52,348 | INFO | step=6810/20000 loss=-0.51822 nll=-0.518737 kl=0.0005170107 consistency=0 lambda=0 beta=1 grad=73.91344 horizon=140 lifetime=[147,2154] skipped=False
2026-08-30 17:58:52,786 | INFO | step=6820/20000 loss=-0.4222422 nll=-0.4225532 kl=0.0003110468 consistency=0 lambda=0 beta=1 grad=118.5478 horizon=260 lifetime=[510,915] skipped=False
2026-08-30 17:58:53,211 | INFO | step=6830/20000 loss=-1.039462 nll=-1.039833 kl=0.0003708005 consistency=0 lambda=0 beta=1 grad=52.37064 horizon=180 lifetime=[480,991] skipped=False
2026-08-30 17:58:53,601 | INFO | step=6840/20000 loss=-1.229142 nll=-1.22954 kl=0.0003977716 consistency=0 lambda=0 beta=1 grad=37.56992 horizon=160 lifetime=[467,863] skipped=False
2026-08-30 17:58:53,991 | INFO | step=6850/20000 loss=0.2529698 nll=0.2526381 kl=0.0003316998 consistency=0 lambda=0 beta=1 grad=150.8728 horizon=140 lifetime=[519,933] skipped=False
2026-08-30 17:58:54,388 | INFO | step=6860/20000 loss=-0.6560291 nll=-0.6569897 kl=0.0009605885 consistency=0 lambda=0 beta=1 grad=91.02785 horizon=160 lifetime=[443,1143] skipped=False
2026-08-30 17:58:54,787 | INFO | step=6870/20000 loss=-0.596345 nll=-0.5973924 kl=0.001047432 consistency=0 lambda=0 beta=1 grad=24.33957 horizon=100 lifetime=[460,1858] skipped=False
2026-08-30 17:58:55,216 | INFO | step=6880/20000 loss=-1.504292 nll=-1.505222 kl=0.0009291172 consistency=0 lambda=0 beta=1 grad=45.15775 horizon=260 lifetime=[462,872] skipped=False
2026-08-30 17:58:55,589 | INFO | step=6890/20000 loss=-0.551955 nll=-0.5523504 kl=0.0003954172 consistency=0 lambda=0 beta=1 grad=71.58649 horizon=160 lifetime=[428,1282] skipped=False
2026-08-30 17:58:55,959 | INFO | step=6900/20000 loss=-0.8821631 nll=-0.883294 kl=0.001130939 consistency=0 lambda=0 beta=1 grad=38.77836 horizon=180 lifetime=[437,2154] skipped=False
2026-08-30 17:58:56,354 | INFO | step=6910/20000 loss=-1.061523 nll=-1.061804 kl=0.0002807975 consistency=0 lambda=0 beta=1 grad=155.0615 horizon=200 lifetime=[442,874] skipped=False
2026-08-30 17:58:56,782 | INFO | step=6920/20000 loss=-1.119415 nll=-1.120241 kl=0.0008265078 consistency=0 lambda=0 beta=1 grad=26.96325 horizon=180 lifetime=[460,1081] skipped=False
2026-08-30 17:58:57,196 | INFO | step=6930/20000 loss=-1.133284 nll=-1.133648 kl=0.0003635287 consistency=0 lambda=0 beta=1 grad=47.44561 horizon=220 lifetime=[442,1081] skipped=False
2026-08-30 17:58:57,594 | INFO | step=6940/20000 loss=-0.672855 nll=-0.673357 kl=0.0005020201 consistency=0 lambda=0 beta=1 grad=39.95086 horizon=160 lifetime=[460,1834] skipped=False
2026-08-30 17:58:57,972 | INFO | step=6950/20000 loss=-0.5949582 nll=-0.5952385 kl=0.0002803206 consistency=0 lambda=0 beta=1 grad=61.08328 horizon=160 lifetime=[437,921] skipped=False
2026-08-30 17:58:58,348 | INFO | step=6960/20000 loss=-0.6081107 nll=-0.6086277 kl=0.0005169511 consistency=0 lambda=0 beta=1 grad=60.83344 horizon=240 lifetime=[464,1076] skipped=False
2026-08-30 17:58:58,737 | INFO | step=6970/20000 loss=-1.154636 nll=-1.154891 kl=0.0002545714 consistency=0 lambda=0 beta=1 grad=96.81593 horizon=180 lifetime=[493,1076] skipped=False
2026-08-30 17:58:59,175 | INFO | step=6980/20000 loss=-1.035364 nll=-1.036048 kl=0.0006845295 consistency=0 lambda=0 beta=1 grad=158.535 horizon=240 lifetime=[477,860] skipped=False
2026-08-30 17:58:59,549 | INFO | step=6990/20000 loss=-0.8240615 nll=-0.824351 kl=0.0002894998 consistency=0 lambda=0 beta=1 grad=116.7414 horizon=300 lifetime=[428,860] skipped=False
2026-08-30 17:59:00,205 | INFO | validation step=7000 rmse=105.4442 best=96.63276@6000 stale=2/10
2026-08-30 17:59:00,205 | INFO | step=7000/20000 loss=-0.7911267 nll=-0.7915384 kl=0.0004116893 consistency=0 lambda=0 beta=1 grad=83.84736 horizon=180 lifetime=[334,1045] skipped=False
2026-08-30 17:59:00,654 | INFO | step=7010/20000 loss=-1.003123 nll=-1.003956 kl=0.0008331835 consistency=0 lambda=0 beta=1 grad=31.74964 horizon=200 lifetime=[462,1282] skipped=False
2026-08-30 17:59:01,035 | INFO | step=7020/20000 loss=-0.5983797 nll=-0.5991603 kl=0.0007806122 consistency=0 lambda=0 beta=1 grad=35.29119 horizon=180 lifetime=[500,2154] skipped=False
2026-08-30 17:59:01,410 | INFO | step=7030/20000 loss=-1.317492 nll=-1.318781 kl=0.001288921 consistency=0 lambda=0 beta=1 grad=77.39837 horizon=300 lifetime=[465,1049] skipped=False
2026-08-30 17:59:01,851 | INFO | step=7040/20000 loss=-1.041941 nll=-1.042385 kl=0.0004441738 consistency=0 lambda=0 beta=1 grad=22.51437 horizon=120 lifetime=[467,1282] skipped=False
2026-08-30 17:59:02,293 | INFO | step=7050/20000 loss=-0.4503852 nll=-0.4505971 kl=0.0002118647 consistency=0 lambda=0 beta=1 grad=161.4252 horizon=280 lifetime=[677,1007] skipped=False
2026-08-30 17:59:02,721 | INFO | step=7060/20000 loss=-1.174666 nll=-1.175112 kl=0.0004453957 consistency=0 lambda=0 beta=1 grad=37.00779 horizon=260 lifetime=[493,1045] skipped=False
2026-08-30 17:59:03,112 | INFO | step=7070/20000 loss=-0.1664069 nll=-0.1672757 kl=0.0008687973 consistency=0 lambda=0 beta=1 grad=113.8668 horizon=120 lifetime=[453,1152] skipped=False
2026-08-30 17:59:03,515 | INFO | step=7080/20000 loss=-1.241633 nll=-1.242048 kl=0.0004146695 consistency=0 lambda=0 beta=1 grad=34.97624 horizon=200 lifetime=[464,933] skipped=False
2026-08-30 17:59:03,903 | INFO | step=7090/20000 loss=-0.3295535 nll=-0.3306425 kl=0.001088977 consistency=0 lambda=0 beta=1 grad=88.58909 horizon=120 lifetime=[334,1015] skipped=False
2026-08-30 17:59:04,240 | INFO | step=7100/20000 loss=0.5638733 nll=0.5629806 kl=0.000892669 consistency=0 lambda=0 beta=1 grad=254.9591 horizon=120 lifetime=[442,1000] skipped=False
2026-08-30 17:59:04,682 | INFO | step=7110/20000 loss=-1.255658 nll=-1.256315 kl=0.0006570816 consistency=0 lambda=0 beta=1 grad=69.08025 horizon=280 lifetime=[443,1282] skipped=False
2026-08-30 17:59:05,108 | INFO | step=7120/20000 loss=0.3049895 nll=0.3042493 kl=0.0007401705 consistency=0 lambda=0 beta=1 grad=96.48367 horizon=140 lifetime=[443,1076] skipped=False
2026-08-30 17:59:05,473 | INFO | step=7130/20000 loss=-1.190968 nll=-1.191462 kl=0.0004933774 consistency=0 lambda=0 beta=1 grad=124.3815 horizon=160 lifetime=[460,1000] skipped=False
2026-08-30 17:59:05,895 | INFO | step=7140/20000 loss=-1.49854 nll=-1.498855 kl=0.0003146529 consistency=0 lambda=0 beta=1 grad=96.46896 horizon=300 lifetime=[442,860] skipped=False
2026-08-30 17:59:06,272 | INFO | step=7150/20000 loss=-0.4877038 nll=-0.4885854 kl=0.0008816123 consistency=0 lambda=0 beta=1 grad=153.5549 horizon=300 lifetime=[428,1858] skipped=False
2026-08-30 17:59:06,661 | INFO | step=7160/20000 loss=-1.370519 nll=-1.370958 kl=0.000439316 consistency=0 lambda=0 beta=1 grad=27.1375 horizon=220 lifetime=[442,2154] skipped=False
2026-08-30 17:59:07,095 | INFO | step=7170/20000 loss=-0.7417318 nll=-0.7421707 kl=0.000438869 consistency=0 lambda=0 beta=1 grad=81.74416 horizon=120 lifetime=[147,1143] skipped=False
2026-08-30 17:59:07,517 | INFO | step=7180/20000 loss=-1.387565 nll=-1.388539 kl=0.0009742379 consistency=0 lambda=0 beta=1 grad=85.87283 horizon=300 lifetime=[477,1932] skipped=False
2026-08-30 17:59:07,915 | INFO | step=7190/20000 loss=-0.003846973 nll=-0.004177809 kl=0.0003308356 consistency=0 lambda=0 beta=1 grad=228.2341 horizon=200 lifetime=[455,909] skipped=False
2026-08-30 17:59:08,332 | INFO | step=7200/20000 loss=1.401038 nll=1.400692 kl=0.0003464222 consistency=0 lambda=0 beta=1 grad=407.048 horizon=220 lifetime=[428,915] skipped=False
2026-08-30 17:59:08,675 | INFO | step=7210/20000 loss=0.2400002 nll=0.2393227 kl=0.000677526 consistency=0 lambda=0 beta=1 grad=33.78225 horizon=100 lifetime=[462,1007] skipped=False
2026-08-30 17:59:09,082 | INFO | step=7220/20000 loss=-1.082509 nll=-1.083526 kl=0.001017123 consistency=0 lambda=0 beta=1 grad=147.8056 horizon=160 lifetime=[428,1071] skipped=False
2026-08-30 17:59:09,486 | INFO | step=7230/20000 loss=-1.062628 nll=-1.063741 kl=0.001112968 consistency=0 lambda=0 beta=1 grad=45.71151 horizon=140 lifetime=[147,1071] skipped=False
2026-08-30 17:59:09,864 | INFO | step=7240/20000 loss=-0.8667505 nll=-0.8677077 kl=0.0009572208 consistency=0 lambda=0 beta=1 grad=70.72916 horizon=120 lifetime=[456,1071] skipped=False
2026-08-30 17:59:10,313 | INFO | step=7250/20000 loss=-1.381243 nll=-1.381842 kl=0.0005988479 consistency=0 lambda=0 beta=1 grad=149.2105 horizon=280 lifetime=[480,1143] skipped=False
2026-08-30 17:59:10,691 | INFO | step=7260/20000 loss=-1.476858 nll=-1.477247 kl=0.0003880858 consistency=0 lambda=0 beta=1 grad=87.19788 horizon=300 lifetime=[443,991] skipped=False
2026-08-30 17:59:11,081 | INFO | step=7270/20000 loss=0.6712397 nll=0.6707016 kl=0.0005380809 consistency=0 lambda=0 beta=1 grad=111.8121 horizon=160 lifetime=[614,988] skipped=False
2026-08-30 17:59:11,492 | INFO | step=7280/20000 loss=-1.116698 nll=-1.117074 kl=0.0003757775 consistency=0 lambda=0 beta=1 grad=156.7948 horizon=240 lifetime=[465,872] skipped=False
2026-08-30 17:59:11,880 | INFO | step=7290/20000 loss=0.2663752 nll=0.265875 kl=0.0005001128 consistency=0 lambda=0 beta=1 grad=266.4763 horizon=300 lifetime=[455,1015] skipped=False
2026-08-30 17:59:12,264 | INFO | step=7300/20000 loss=-1.35939 nll=-1.360716 kl=0.00132516 consistency=0 lambda=0 beta=1 grad=64.92511 horizon=300 lifetime=[428,1015] skipped=False
2026-08-30 17:59:12,663 | INFO | step=7310/20000 loss=-1.0839 nll=-1.084767 kl=0.000867486 consistency=0 lambda=0 beta=1 grad=148.3444 horizon=300 lifetime=[428,1081] skipped=False
2026-08-30 17:59:13,044 | INFO | step=7320/20000 loss=-0.4363611 nll=-0.4369342 kl=0.0005730689 consistency=0 lambda=0 beta=1 grad=95.99877 horizon=220 lifetime=[494,1152] skipped=False
2026-08-30 17:59:13,428 | INFO | step=7330/20000 loss=0.2142641 nll=0.2132978 kl=0.0009663105 consistency=0 lambda=0 beta=1 grad=88.94085 horizon=140 lifetime=[453,1858] skipped=False
2026-08-30 17:59:13,822 | INFO | step=7340/20000 loss=2.061208 nll=2.060781 kl=0.0004270971 consistency=0 lambda=0 beta=1 grad=315.6331 horizon=220 lifetime=[428,1071] skipped=False
2026-08-30 17:59:14,235 | INFO | step=7350/20000 loss=-0.3073656 nll=-0.3078015 kl=0.0004359484 consistency=0 lambda=0 beta=1 grad=119.8269 horizon=120 lifetime=[428,1081] skipped=False
2026-08-30 17:59:14,601 | INFO | step=7360/20000 loss=-0.3984767 nll=-0.3992819 kl=0.0008052289 consistency=0 lambda=0 beta=1 grad=108.8829 horizon=280 lifetime=[456,1152] skipped=False
2026-08-30 17:59:15,009 | INFO | step=7370/20000 loss=-0.9826055 nll=-0.983462 kl=0.0008565187 consistency=0 lambda=0 beta=1 grad=93.08827 horizon=220 lifetime=[482,1052] skipped=False
2026-08-30 17:59:15,395 | INFO | step=7380/20000 loss=-0.2763573 nll=-0.2780527 kl=0.001695454 consistency=0 lambda=0 beta=1 grad=27.83864 horizon=100 lifetime=[428,1834] skipped=False
2026-08-30 17:59:15,790 | INFO | step=7390/20000 loss=-0.1555289 nll=-0.1559002 kl=0.0003713071 consistency=0 lambda=0 beta=1 grad=20.53934 horizon=100 lifetime=[462,875] skipped=False
2026-08-30 17:59:16,126 | INFO | step=7400/20000 loss=-0.7145472 nll=-0.7151189 kl=0.0005717576 consistency=0 lambda=0 beta=1 grad=157.3077 horizon=240 lifetime=[442,1834] skipped=False
2026-08-30 17:59:16,523 | INFO | step=7410/20000 loss=-0.2275192 nll=-0.2280007 kl=0.0004815459 consistency=0 lambda=0 beta=1 grad=261.9597 horizon=200 lifetime=[494,991] skipped=False
2026-08-30 17:59:16,933 | INFO | step=7420/20000 loss=-0.5933553 nll=-0.5938824 kl=0.0005271137 consistency=0 lambda=0 beta=1 grad=101.4584 horizon=240 lifetime=[442,1081] skipped=False
2026-08-30 17:59:17,334 | INFO | step=7430/20000 loss=-1.266416 nll=-1.266847 kl=0.0004309714 consistency=0 lambda=0 beta=1 grad=45.56258 horizon=300 lifetime=[442,933] skipped=False
2026-08-30 17:59:17,727 | INFO | step=7440/20000 loss=0.2513749 nll=0.2508767 kl=0.000498265 consistency=0 lambda=0 beta=1 grad=75.49405 horizon=200 lifetime=[656,1049] skipped=False
2026-08-30 17:59:18,130 | INFO | step=7450/20000 loss=-0.8578611 nll=-0.8587393 kl=0.0008782148 consistency=0 lambda=0 beta=1 grad=66.18833 horizon=100 lifetime=[437,1834] skipped=False
2026-08-30 17:59:18,539 | INFO | step=7460/20000 loss=-1.457364 nll=-1.457619 kl=0.0002551079 consistency=0 lambda=0 beta=1 grad=20.38716 horizon=280 lifetime=[455,1000] skipped=False
2026-08-30 17:59:18,961 | INFO | step=7470/20000 loss=-0.8229127 nll=-0.8233507 kl=0.0004380047 consistency=0 lambda=0 beta=1 grad=46.34283 horizon=300 lifetime=[437,1282] skipped=False
2026-08-30 17:59:19,373 | INFO | step=7480/20000 loss=-0.6919839 nll=-0.6926141 kl=0.0006302595 consistency=0 lambda=0 beta=1 grad=110.9363 horizon=220 lifetime=[512,1071] skipped=False
2026-08-30 17:59:19,783 | INFO | step=7490/20000 loss=-1.170348 nll=-1.170926 kl=0.0005779564 consistency=0 lambda=0 beta=1 grad=34.91595 horizon=280 lifetime=[526,1282] skipped=False
2026-08-30 17:59:20,468 | INFO | validation step=7500 rmse=109.164 best=96.63276@6000 stale=3/10
2026-08-30 17:59:20,468 | INFO | step=7500/20000 loss=-0.8730559 nll=-0.8743764 kl=0.001320541 consistency=0 lambda=0 beta=1 grad=61.76845 horizon=240 lifetime=[505,1071] skipped=False
2026-08-30 17:59:20,959 | INFO | step=7510/20000 loss=-1.40598 nll=-1.406754 kl=0.0007731318 consistency=0 lambda=0 beta=1 grad=62.01437 horizon=260 lifetime=[442,942] skipped=False
2026-08-30 17:59:21,359 | INFO | step=7520/20000 loss=-1.175012 nll=-1.176292 kl=0.001280069 consistency=0 lambda=0 beta=1 grad=76.93848 horizon=120 lifetime=[456,1858] skipped=False
2026-08-30 17:59:21,782 | INFO | step=7530/20000 loss=-0.9978705 nll=-0.9981152 kl=0.0002447367 consistency=0 lambda=0 beta=1 grad=98.00801 horizon=260 lifetime=[334,921] skipped=False
2026-08-30 17:59:22,157 | INFO | step=7540/20000 loss=-0.802805 nll=-0.8035172 kl=0.0007121563 consistency=0 lambda=0 beta=1 grad=23.27163 horizon=100 lifetime=[334,933] skipped=False
2026-08-30 17:59:22,555 | INFO | step=7550/20000 loss=-0.763666 nll=-0.7643104 kl=0.0006444454 consistency=0 lambda=0 beta=1 grad=37.0826 horizon=260 lifetime=[599,1858] skipped=False
2026-08-30 17:59:22,957 | INFO | step=7560/20000 loss=-0.8889894 nll=-0.8893688 kl=0.0003794134 consistency=0 lambda=0 beta=1 grad=67.50072 horizon=280 lifetime=[428,2154] skipped=False
2026-08-30 17:59:23,358 | INFO | step=7570/20000 loss=-0.851629 nll=-0.8525468 kl=0.0009177923 consistency=0 lambda=0 beta=1 grad=45.04451 horizon=180 lifetime=[334,1052] skipped=False
2026-08-30 17:59:23,749 | INFO | step=7580/20000 loss=-1.627187 nll=-1.627471 kl=0.0002833307 consistency=0 lambda=0 beta=1 grad=26.91704 horizon=260 lifetime=[480,991] skipped=False
2026-08-30 17:59:24,149 | INFO | step=7590/20000 loss=-0.4145222 nll=-0.4148647 kl=0.0003424883 consistency=0 lambda=0 beta=1 grad=24.87436 horizon=120 lifetime=[428,1071] skipped=False
2026-08-30 17:59:24,521 | INFO | step=7600/20000 loss=-0.1411978 nll=-0.1416159 kl=0.000418067 consistency=0 lambda=0 beta=1 grad=171.2819 horizon=180 lifetime=[557,1049] skipped=False
2026-08-30 17:59:24,902 | INFO | step=7610/20000 loss=-0.8435028 nll=-0.8443227 kl=0.0008199811 consistency=0 lambda=0 beta=1 grad=19.4327 horizon=100 lifetime=[442,1049] skipped=False
2026-08-30 17:59:25,299 | INFO | step=7620/20000 loss=-0.5449479 nll=-0.5459628 kl=0.001014888 consistency=0 lambda=0 beta=1 grad=74.6536 horizon=240 lifetime=[456,874] skipped=False
2026-08-30 17:59:25,716 | INFO | step=7630/20000 loss=-0.3916522 nll=-0.3920538 kl=0.0004016459 consistency=0 lambda=0 beta=1 grad=133.7639 horizon=120 lifetime=[442,1081] skipped=False
2026-08-30 17:59:26,128 | INFO | step=7640/20000 loss=-1.335971 nll=-1.336223 kl=0.0002522171 consistency=0 lambda=0 beta=1 grad=178.3179 horizon=220 lifetime=[460,933] skipped=False
2026-08-30 17:59:26,534 | INFO | step=7650/20000 loss=-0.9755927 nll=-0.9758671 kl=0.00027439 consistency=0 lambda=0 beta=1 grad=82.32803 horizon=300 lifetime=[467,1932] skipped=False
2026-08-30 17:59:26,931 | INFO | step=7660/20000 loss=-1.461394 nll=-1.461925 kl=0.0005315244 consistency=0 lambda=0 beta=1 grad=63.12109 horizon=260 lifetime=[486,1071] skipped=False
2026-08-30 17:59:27,312 | INFO | step=7670/20000 loss=-0.387713 nll=-0.3883512 kl=0.0006382167 consistency=0 lambda=0 beta=1 grad=54.61218 horizon=100 lifetime=[455,1049] skipped=False
2026-08-30 17:59:27,713 | INFO | step=7680/20000 loss=-0.5875852 nll=-0.5883393 kl=0.0007541478 consistency=0 lambda=0 beta=1 grad=62.87408 horizon=140 lifetime=[437,1152] skipped=False
2026-08-30 17:59:28,067 | INFO | step=7690/20000 loss=-1.239133 nll=-1.239368 kl=0.0002351701 consistency=0 lambda=0 beta=1 grad=62.74671 horizon=200 lifetime=[488,1007] skipped=False
2026-08-30 17:59:28,442 | INFO | step=7700/20000 loss=-1.326878 nll=-1.327227 kl=0.0003482103 consistency=0 lambda=0 beta=1 grad=84.13944 horizon=240 lifetime=[464,1015] skipped=False
2026-08-30 17:59:28,818 | INFO | step=7710/20000 loss=-1.036834 nll=-1.037158 kl=0.0003245473 consistency=0 lambda=0 beta=1 grad=106.714 horizon=300 lifetime=[334,1152] skipped=False
2026-08-30 17:59:29,283 | INFO | step=7720/20000 loss=-0.8953804 nll=-0.895903 kl=0.0005225837 consistency=0 lambda=0 beta=1 grad=23.01805 horizon=160 lifetime=[494,877] skipped=False
2026-08-30 17:59:29,660 | INFO | step=7730/20000 loss=-1.104016 nll=-1.104501 kl=0.0004854798 consistency=0 lambda=0 beta=1 grad=132.4993 horizon=180 lifetime=[334,1858] skipped=False
2026-08-30 17:59:30,039 | INFO | step=7740/20000 loss=-1.593719 nll=-1.594406 kl=0.0006875694 consistency=0 lambda=0 beta=1 grad=20.40145 horizon=160 lifetime=[428,988] skipped=False
2026-08-30 17:59:30,415 | INFO | step=7750/20000 loss=-1.630911 nll=-1.631235 kl=0.0003237724 consistency=0 lambda=0 beta=1 grad=41.46967 horizon=200 lifetime=[428,794] skipped=False
2026-08-30 17:59:30,847 | INFO | step=7760/20000 loss=-1.751595 nll=-1.751881 kl=0.000285387 consistency=0 lambda=0 beta=1 grad=31.20083 horizon=240 lifetime=[462,942] skipped=False
2026-08-30 17:59:31,210 | INFO | step=7770/20000 loss=-1.521507 nll=-1.522277 kl=0.0007699728 consistency=0 lambda=0 beta=1 grad=50.48311 horizon=180 lifetime=[498,1081] skipped=False
2026-08-30 17:59:31,597 | INFO | step=7780/20000 loss=-0.8388145 nll=-0.8394095 kl=0.0005949438 consistency=0 lambda=0 beta=1 grad=99.60854 horizon=200 lifetime=[443,1282] skipped=False
2026-08-30 17:59:31,992 | INFO | step=7790/20000 loss=-0.8121395 nll=-0.8123896 kl=0.0002500713 consistency=0 lambda=0 beta=1 grad=84.60896 horizon=260 lifetime=[677,1858] skipped=False
2026-08-30 17:59:32,363 | INFO | step=7800/20000 loss=-0.179261 nll=-0.1797028 kl=0.0004417896 consistency=0 lambda=0 beta=1 grad=84.48789 horizon=120 lifetime=[456,1052] skipped=False
2026-08-30 17:59:32,764 | INFO | step=7810/20000 loss=-0.8228002 nll=-0.8232143 kl=0.0004141033 consistency=0 lambda=0 beta=1 grad=50.51172 horizon=120 lifetime=[462,1152] skipped=False
2026-08-30 17:59:33,181 | INFO | step=7820/20000 loss=-0.9720818 nll=-0.9724722 kl=0.0003904402 consistency=0 lambda=0 beta=1 grad=44.62797 horizon=280 lifetime=[493,2154] skipped=False
2026-08-30 17:59:33,607 | INFO | step=7830/20000 loss=-0.3609518 nll=-0.3613555 kl=0.0004037917 consistency=0 lambda=0 beta=1 grad=206.2544 horizon=140 lifetime=[453,1052] skipped=False
2026-08-30 17:59:33,997 | INFO | step=7840/20000 loss=0.1826043 nll=0.1819906 kl=0.0006137192 consistency=0 lambda=0 beta=1 grad=156.6633 horizon=240 lifetime=[633,1049] skipped=False
2026-08-30 17:59:34,382 | INFO | step=7850/20000 loss=-1.149522 nll=-1.149782 kl=0.0002599955 consistency=0 lambda=0 beta=1 grad=56.10423 horizon=200 lifetime=[480,1015] skipped=False
2026-08-30 17:59:34,749 | INFO | step=7860/20000 loss=-0.8989846 nll=-0.8993269 kl=0.0003423691 consistency=0 lambda=0 beta=1 grad=224.7425 horizon=200 lifetime=[460,2154] skipped=False
2026-08-30 17:59:35,115 | INFO | step=7870/20000 loss=-0.9759973 nll=-0.9762971 kl=0.0002997816 consistency=0 lambda=0 beta=1 grad=189.6246 horizon=140 lifetime=[453,1081] skipped=False
2026-08-30 17:59:35,482 | INFO | step=7880/20000 loss=-1.114972 nll=-1.115344 kl=0.0003726184 consistency=0 lambda=0 beta=1 grad=163.5819 horizon=240 lifetime=[467,2154] skipped=False
2026-08-30 17:59:35,864 | INFO | step=7890/20000 loss=-1.55757 nll=-1.558172 kl=0.0006012917 consistency=0 lambda=0 beta=1 grad=117.3107 horizon=220 lifetime=[497,913] skipped=False
2026-08-30 17:59:36,286 | INFO | step=7900/20000 loss=-1.410287 nll=-1.410857 kl=0.0005700886 consistency=0 lambda=0 beta=1 grad=134.1846 horizon=200 lifetime=[428,1143] skipped=False
2026-08-30 17:59:36,613 | INFO | step=7910/20000 loss=-0.6740837 nll=-0.6747054 kl=0.0006216764 consistency=0 lambda=0 beta=1 grad=73.1581 horizon=180 lifetime=[437,1932] skipped=False
2026-08-30 17:59:36,992 | INFO | step=7920/20000 loss=-1.425106 nll=-1.425865 kl=0.0007585138 consistency=0 lambda=0 beta=1 grad=190.5912 horizon=220 lifetime=[443,874] skipped=False
2026-08-30 17:59:37,395 | INFO | step=7930/20000 loss=-1.447357 nll=-1.448052 kl=0.000695169 consistency=0 lambda=0 beta=1 grad=65.77357 horizon=260 lifetime=[442,1834] skipped=False
2026-08-30 17:59:37,938 | INFO | step=7940/20000 loss=-1.20535 nll=-1.205772 kl=0.0004224181 consistency=0 lambda=0 beta=1 grad=31.90211 horizon=180 lifetime=[334,1052] skipped=False
2026-08-30 17:59:38,354 | INFO | step=7950/20000 loss=-1.211713 nll=-1.212012 kl=0.0002993047 consistency=0 lambda=0 beta=1 grad=36.17937 horizon=160 lifetime=[443,1000] skipped=False
2026-08-30 17:59:38,735 | INFO | step=7960/20000 loss=-1.010566 nll=-1.011083 kl=0.0005169809 consistency=0 lambda=0 beta=1 grad=162.7055 horizon=280 lifetime=[465,915] skipped=False
2026-08-30 17:59:39,190 | INFO | step=7970/20000 loss=-1.485687 nll=-1.48601 kl=0.000323236 consistency=0 lambda=0 beta=1 grad=37.01913 horizon=240 lifetime=[453,1081] skipped=False
2026-08-30 17:59:39,607 | INFO | step=7980/20000 loss=-1.122622 nll=-1.123118 kl=0.0004968345 consistency=0 lambda=0 beta=1 grad=255.4488 horizon=280 lifetime=[460,988] skipped=False
2026-08-30 17:59:40,048 | INFO | step=7990/20000 loss=-0.9935224 nll=-0.9941145 kl=0.0005921125 consistency=0 lambda=0 beta=1 grad=145.8449 horizon=240 lifetime=[493,909] skipped=False
2026-08-30 17:59:40,706 | INFO | validation step=8000 rmse=107.6601 best=96.63276@6000 stale=4/10
2026-08-30 17:59:40,706 | INFO | step=8000/20000 loss=-0.7319227 nll=-0.732222 kl=0.0002992153 consistency=0 lambda=0 beta=1 grad=41.29474 horizon=120 lifetime=[462,1071] skipped=False
2026-08-30 17:59:41,190 | INFO | step=8010/20000 loss=-1.165562 nll=-1.166172 kl=0.0006093085 consistency=0 lambda=0 beta=1 grad=43.34341 horizon=200 lifetime=[539,930] skipped=False
2026-08-30 17:59:41,593 | INFO | step=8020/20000 loss=-0.8368152 nll=-0.8370319 kl=0.0002167225 consistency=0 lambda=0 beta=1 grad=124.5434 horizon=300 lifetime=[334,1076] skipped=False
2026-08-30 17:59:41,980 | INFO | step=8030/20000 loss=-1.333078 nll=-1.333848 kl=0.0007700324 consistency=0 lambda=0 beta=1 grad=45.19977 horizon=120 lifetime=[147,887] skipped=False
2026-08-30 17:59:42,444 | INFO | step=8040/20000 loss=-1.55186 nll=-1.552312 kl=0.0004523993 consistency=0 lambda=0 beta=1 grad=86.54465 horizon=300 lifetime=[486,1076] skipped=False
2026-08-30 17:59:42,854 | INFO | step=8050/20000 loss=-0.8201725 nll=-0.820642 kl=0.0004694164 consistency=0 lambda=0 beta=1 grad=143.143 horizon=220 lifetime=[437,1045] skipped=False
2026-08-30 17:59:43,209 | INFO | step=8060/20000 loss=-0.4225684 nll=-0.4230261 kl=0.0004577339 consistency=0 lambda=0 beta=1 grad=169.878 horizon=180 lifetime=[465,1049] skipped=False
2026-08-30 17:59:43,586 | INFO | step=8070/20000 loss=-0.8620156 nll=-0.8624896 kl=0.0004740059 consistency=0 lambda=0 beta=1 grad=168.6187 horizon=220 lifetime=[443,1834] skipped=False
2026-08-30 17:59:43,993 | INFO | step=8080/20000 loss=-0.972701 nll=-0.9730275 kl=0.000326544 consistency=0 lambda=0 beta=1 grad=107.3434 horizon=120 lifetime=[334,988] skipped=False
2026-08-30 17:59:44,407 | INFO | step=8090/20000 loss=-1.569803 nll=-1.570351 kl=0.0005481243 consistency=0 lambda=0 beta=1 grad=68.95614 horizon=220 lifetime=[498,1858] skipped=False
2026-08-30 17:59:44,809 | INFO | step=8100/20000 loss=-0.379797 nll=-0.3801417 kl=0.0003446937 consistency=0 lambda=0 beta=1 grad=182.6459 horizon=260 lifetime=[460,1282] skipped=False
2026-08-30 17:59:45,190 | INFO | step=8110/20000 loss=-1.296211 nll=-1.296616 kl=0.0004054308 consistency=0 lambda=0 beta=1 grad=58.92501 horizon=140 lifetime=[443,1071] skipped=False
2026-08-30 17:59:45,596 | INFO | step=8120/20000 loss=-0.866351 nll=-0.8674404 kl=0.001089394 consistency=0 lambda=0 beta=1 grad=218.784 horizon=260 lifetime=[455,1000] skipped=False
2026-08-30 17:59:46,015 | INFO | step=8130/20000 loss=-0.6359751 nll=-0.6361758 kl=0.0002007186 consistency=0 lambda=0 beta=1 grad=92.8224 horizon=120 lifetime=[455,2154] skipped=False
2026-08-30 17:59:46,408 | INFO | step=8140/20000 loss=-1.469115 nll=-1.469409 kl=0.0002937615 consistency=0 lambda=0 beta=1 grad=89.38181 horizon=260 lifetime=[460,1932] skipped=False
2026-08-30 17:59:46,772 | INFO | step=8150/20000 loss=-0.5646147 nll=-0.56519 kl=0.0005753338 consistency=0 lambda=0 beta=1 grad=42.88104 horizon=140 lifetime=[510,1932] skipped=False
2026-08-30 17:59:47,188 | INFO | step=8160/20000 loss=-0.392143 nll=-0.3935214 kl=0.001378357 consistency=0 lambda=0 beta=1 grad=26.62728 horizon=120 lifetime=[480,915] skipped=False
2026-08-30 17:59:47,571 | INFO | step=8170/20000 loss=-0.7827244 nll=-0.7832407 kl=0.0005162954 consistency=0 lambda=0 beta=1 grad=36.37367 horizon=100 lifetime=[462,991] skipped=False
2026-08-30 17:59:47,987 | INFO | step=8180/20000 loss=-1.095039 nll=-1.095427 kl=0.0003874898 consistency=0 lambda=0 beta=1 grad=22.79941 horizon=160 lifetime=[505,933] skipped=False
2026-08-30 17:59:48,391 | INFO | step=8190/20000 loss=-1.845831 nll=-1.84611 kl=0.0002782643 consistency=0 lambda=0 beta=1 grad=41.46433 horizon=200 lifetime=[428,930] skipped=False
2026-08-30 17:59:48,752 | INFO | step=8200/20000 loss=0.6880987 nll=0.6874027 kl=0.000695914 consistency=0 lambda=0 beta=1 grad=367.8451 horizon=180 lifetime=[505,1932] skipped=False
2026-08-30 17:59:49,150 | INFO | step=8210/20000 loss=-1.284354 nll=-1.284708 kl=0.0003538132 consistency=0 lambda=0 beta=1 grad=79.95889 horizon=200 lifetime=[334,1052] skipped=False
2026-08-30 17:59:49,541 | INFO | step=8220/20000 loss=-0.9547356 nll=-0.9552495 kl=0.0005139112 consistency=0 lambda=0 beta=1 grad=59.2433 horizon=140 lifetime=[428,1076] skipped=False
2026-08-30 17:59:49,902 | INFO | step=8230/20000 loss=-1.024983 nll=-1.025877 kl=0.0008940697 consistency=0 lambda=0 beta=1 grad=47.34064 horizon=140 lifetime=[334,1932] skipped=False
2026-08-30 17:59:50,332 | INFO | step=8240/20000 loss=-0.7717234 nll=-0.7721326 kl=0.0004092753 consistency=0 lambda=0 beta=1 grad=73.23209 horizon=280 lifetime=[633,1076] skipped=False
2026-08-30 17:59:50,701 | INFO | step=8250/20000 loss=-1.583309 nll=-1.583824 kl=0.0005149841 consistency=0 lambda=0 beta=1 grad=89.53781 horizon=240 lifetime=[334,794] skipped=False
2026-08-30 17:59:51,060 | INFO | step=8260/20000 loss=-0.7121053 nll=-0.7123919 kl=0.0002866685 consistency=0 lambda=0 beta=1 grad=76.36718 horizon=120 lifetime=[534,1049] skipped=False
2026-08-30 17:59:51,410 | INFO | step=8270/20000 loss=-0.8101495 nll=-0.8106476 kl=0.000498116 consistency=0 lambda=0 beta=1 grad=42.14291 horizon=120 lifetime=[147,771] skipped=False
2026-08-30 17:59:51,808 | INFO | step=8280/20000 loss=-0.9368664 nll=-0.937121 kl=0.0002546012 consistency=0 lambda=0 beta=1 grad=130.1311 horizon=300 lifetime=[498,1152] skipped=False
2026-08-30 17:59:52,190 | INFO | step=8290/20000 loss=-1.539462 nll=-1.540203 kl=0.000741452 consistency=0 lambda=0 beta=1 grad=34.74658 horizon=260 lifetime=[453,1282] skipped=False
2026-08-30 17:59:52,597 | INFO | step=8300/20000 loss=-1.257212 nll=-1.257834 kl=0.0006219447 consistency=0 lambda=0 beta=1 grad=33.51653 horizon=240 lifetime=[494,1932] skipped=False
2026-08-30 17:59:53,014 | INFO | step=8310/20000 loss=-1.301707 nll=-1.302072 kl=0.0003654063 consistency=0 lambda=0 beta=1 grad=25.96273 horizon=280 lifetime=[614,909] skipped=False
2026-08-30 17:59:53,421 | INFO | step=8320/20000 loss=-0.6246351 nll=-0.6250037 kl=0.0003685951 consistency=0 lambda=0 beta=1 grad=294.2241 horizon=240 lifetime=[465,1858] skipped=False
2026-08-30 17:59:53,802 | INFO | step=8330/20000 loss=-1.239023 nll=-1.239596 kl=0.0005732179 consistency=0 lambda=0 beta=1 grad=51.15106 horizon=140 lifetime=[493,1081] skipped=False
2026-08-30 17:59:54,199 | INFO | step=8340/20000 loss=-0.8678555 nll=-0.8685246 kl=0.0006690621 consistency=0 lambda=0 beta=1 grad=44.94067 horizon=120 lifetime=[428,1858] skipped=False
2026-08-30 17:59:54,633 | INFO | step=8350/20000 loss=-1.257755 nll=-1.258052 kl=0.0002966225 consistency=0 lambda=0 beta=1 grad=65.90847 horizon=300 lifetime=[488,1143] skipped=False
2026-08-30 17:59:54,989 | INFO | step=8360/20000 loss=-0.3730618 nll=-0.3733959 kl=0.000334084 consistency=0 lambda=0 beta=1 grad=88.5677 horizon=140 lifetime=[428,2154] skipped=False
2026-08-30 17:59:55,382 | INFO | step=8370/20000 loss=-1.169304 nll=-1.169846 kl=0.0005420446 consistency=0 lambda=0 beta=1 grad=60.02263 horizon=200 lifetime=[443,1071] skipped=False
2026-08-30 17:59:55,820 | INFO | step=8380/20000 loss=-1.30901 nll=-1.309266 kl=0.000256449 consistency=0 lambda=0 beta=1 grad=188.5727 horizon=280 lifetime=[437,915] skipped=False
2026-08-30 17:59:56,223 | INFO | step=8390/20000 loss=-1.502604 nll=-1.503064 kl=0.0004602075 consistency=0 lambda=0 beta=1 grad=98.08293 horizon=180 lifetime=[443,1015] skipped=False
2026-08-30 17:59:56,569 | INFO | step=8400/20000 loss=-0.07637975 nll=-0.07668501 kl=0.0003052652 consistency=0 lambda=0 beta=1 grad=88.61005 horizon=100 lifetime=[442,1143] skipped=False
2026-08-30 17:59:56,981 | INFO | step=8410/20000 loss=-0.5915388 nll=-0.5920324 kl=0.0004936457 consistency=0 lambda=0 beta=1 grad=178.2812 horizon=280 lifetime=[488,1081] skipped=False
2026-08-30 17:59:57,374 | INFO | step=8420/20000 loss=-0.8491247 nll=-0.8495712 kl=0.000446558 consistency=0 lambda=0 beta=1 grad=86.07639 horizon=120 lifetime=[334,1007] skipped=False
2026-08-30 17:59:57,786 | INFO | step=8430/20000 loss=-1.244169 nll=-1.244543 kl=0.0003744066 consistency=0 lambda=0 beta=1 grad=61.55766 horizon=140 lifetime=[437,1045] skipped=False
2026-08-30 17:59:58,154 | INFO | step=8440/20000 loss=-1.492936 nll=-1.493376 kl=0.0004400909 consistency=0 lambda=0 beta=1 grad=177.9328 horizon=120 lifetime=[453,786] skipped=False
2026-08-30 17:59:58,536 | INFO | step=8450/20000 loss=-1.194216 nll=-1.19462 kl=0.0004047453 consistency=0 lambda=0 beta=1 grad=79.60028 horizon=180 lifetime=[455,887] skipped=False
2026-08-30 17:59:58,913 | INFO | step=8460/20000 loss=-1.281027 nll=-1.281206 kl=0.0001796782 consistency=0 lambda=0 beta=1 grad=194.3751 horizon=200 lifetime=[437,988] skipped=False
2026-08-30 17:59:59,293 | INFO | step=8470/20000 loss=-1.217359 nll=-1.217737 kl=0.0003787279 consistency=0 lambda=0 beta=1 grad=101.6439 horizon=220 lifetime=[453,2154] skipped=False
2026-08-30 17:59:59,755 | INFO | step=8480/20000 loss=-0.7582656 nll=-0.7590965 kl=0.0008309186 consistency=0 lambda=0 beta=1 grad=101.1934 horizon=160 lifetime=[443,1152] skipped=False
2026-08-30 18:00:00,162 | INFO | step=8490/20000 loss=-1.238666 nll=-1.238971 kl=0.000305593 consistency=0 lambda=0 beta=1 grad=46.31725 horizon=280 lifetime=[464,1071] skipped=False
2026-08-30 18:00:00,819 | INFO | validation step=8500 rmse=104.7825 best=96.63276@6000 stale=5/10
2026-08-30 18:00:00,819 | INFO | step=8500/20000 loss=-1.406694 nll=-1.407125 kl=0.000430584 consistency=0 lambda=0 beta=1 grad=90.23328 horizon=180 lifetime=[428,1071] skipped=False
2026-08-30 18:00:01,307 | INFO | step=8510/20000 loss=-0.8334005 nll=-0.8337142 kl=0.000313729 consistency=0 lambda=0 beta=1 grad=56.23528 horizon=180 lifetime=[510,988] skipped=False
2026-08-30 18:00:01,668 | INFO | step=8520/20000 loss=-1.608728 nll=-1.609243 kl=0.0005145669 consistency=0 lambda=0 beta=1 grad=62.4957 horizon=220 lifetime=[477,1071] skipped=False
2026-08-30 18:00:02,107 | INFO | step=8530/20000 loss=-1.148409 nll=-1.14873 kl=0.0003214777 consistency=0 lambda=0 beta=1 grad=66.8741 horizon=200 lifetime=[334,1081] skipped=False
2026-08-30 18:00:02,514 | INFO | step=8540/20000 loss=-0.9381623 nll=-0.9384652 kl=0.0003029108 consistency=0 lambda=0 beta=1 grad=103.4888 horizon=280 lifetime=[465,1015] skipped=False
2026-08-30 18:00:02,892 | INFO | step=8550/20000 loss=-0.7262207 nll=-0.7264786 kl=0.0002578795 consistency=0 lambda=0 beta=1 grad=171.9353 horizon=160 lifetime=[428,1045] skipped=False
2026-08-30 18:00:03,277 | INFO | step=8560/20000 loss=-1.456511 nll=-1.456737 kl=0.000226438 consistency=0 lambda=0 beta=1 grad=71.5137 horizon=220 lifetime=[428,1282] skipped=False
2026-08-30 18:00:03,687 | INFO | step=8570/20000 loss=-1.464123 nll=-1.464458 kl=0.0003345609 consistency=0 lambda=0 beta=1 grad=74.15767 horizon=260 lifetime=[482,930] skipped=False
2026-08-30 18:00:04,085 | INFO | step=8580/20000 loss=-1.457135 nll=-1.457515 kl=0.0003807545 consistency=0 lambda=0 beta=1 grad=38.80123 horizon=200 lifetime=[428,915] skipped=False
2026-08-30 18:00:04,520 | INFO | step=8590/20000 loss=0.007145077 nll=0.006921023 kl=0.0002240539 consistency=0 lambda=0 beta=1 grad=728.2894 horizon=300 lifetime=[462,906] skipped=False
2026-08-30 18:00:04,911 | INFO | step=8600/20000 loss=-0.843487 nll=-0.8440775 kl=0.000590533 consistency=0 lambda=0 beta=1 grad=18.04895 horizon=100 lifetime=[334,1015] skipped=False
2026-08-30 18:00:05,309 | INFO | step=8610/20000 loss=-0.6081855 nll=-0.6088488 kl=0.0006632805 consistency=0 lambda=0 beta=1 grad=147.975 horizon=300 lifetime=[497,1858] skipped=False
2026-08-30 18:00:05,737 | INFO | step=8620/20000 loss=-0.6521639 nll=-0.6528495 kl=0.0006856024 consistency=0 lambda=0 beta=1 grad=186.7866 horizon=200 lifetime=[334,1076] skipped=False
2026-08-30 18:00:06,079 | INFO | step=8630/20000 loss=-0.9880251 nll=-0.9885228 kl=0.0004976988 consistency=0 lambda=0 beta=1 grad=60.27188 horizon=160 lifetime=[437,877] skipped=False
2026-08-30 18:00:06,466 | INFO | step=8640/20000 loss=-0.986392 nll=-0.9865934 kl=0.0002014041 consistency=0 lambda=0 beta=1 grad=37.0164 horizon=160 lifetime=[706,1282] skipped=False
2026-08-30 18:00:06,804 | INFO | step=8650/20000 loss=-1.035525 nll=-1.036138 kl=0.0006130338 consistency=0 lambda=0 beta=1 grad=54.06679 horizon=200 lifetime=[455,1834] skipped=False
2026-08-30 18:00:07,204 | INFO | step=8660/20000 loss=-0.5995905 nll=-0.6000758 kl=0.0004852712 consistency=0 lambda=0 beta=1 grad=96.03296 horizon=160 lifetime=[428,1152] skipped=False
2026-08-30 18:00:07,605 | INFO | step=8670/20000 loss=-1.524389 nll=-1.524762 kl=0.0003729761 consistency=0 lambda=0 beta=1 grad=19.96742 horizon=180 lifetime=[455,991] skipped=False
2026-08-30 18:00:08,001 | INFO | step=8680/20000 loss=-0.9133867 nll=-0.915027 kl=0.00164026 consistency=0 lambda=0 beta=1 grad=112.294 horizon=300 lifetime=[428,872] skipped=False
2026-08-30 18:00:08,385 | INFO | step=8690/20000 loss=-0.09858341 nll=-0.09887777 kl=0.0002943575 consistency=0 lambda=0 beta=1 grad=118.4834 horizon=160 lifetime=[497,1081] skipped=False
2026-08-30 18:00:08,759 | INFO | step=8700/20000 loss=-1.188715 nll=-1.189199 kl=0.0004846156 consistency=0 lambda=0 beta=1 grad=84.34701 horizon=120 lifetime=[443,875] skipped=False
2026-08-30 18:00:09,166 | INFO | step=8710/20000 loss=-1.036829 nll=-1.037444 kl=0.0006145239 consistency=0 lambda=0 beta=1 grad=120.0359 horizon=160 lifetime=[460,1007] skipped=False
2026-08-30 18:00:09,543 | INFO | step=8720/20000 loss=-1.691108 nll=-1.691689 kl=0.0005802214 consistency=0 lambda=0 beta=1 grad=118.1229 horizon=200 lifetime=[453,863] skipped=False
2026-08-30 18:00:09,924 | INFO | step=8730/20000 loss=-1.694971 nll=-1.695265 kl=0.0002937913 consistency=0 lambda=0 beta=1 grad=17.41935 horizon=280 lifetime=[494,1143] skipped=False
2026-08-30 18:00:10,300 | INFO | step=8740/20000 loss=0.04920477 nll=0.04899913 kl=0.000205636 consistency=0 lambda=0 beta=1 grad=218.8223 horizon=160 lifetime=[480,1143] skipped=False
2026-08-30 18:00:10,692 | INFO | step=8750/20000 loss=-0.8205141 nll=-0.8206685 kl=0.0001544654 consistency=0 lambda=0 beta=1 grad=96.52956 horizon=200 lifetime=[334,1152] skipped=False
2026-08-30 18:00:11,080 | INFO | step=8760/20000 loss=-1.509068 nll=-1.509311 kl=0.0002429783 consistency=0 lambda=0 beta=1 grad=132.1936 horizon=280 lifetime=[428,1143] skipped=False
2026-08-30 18:00:11,444 | INFO | step=8770/20000 loss=-0.7703297 nll=-0.7714816 kl=0.001151919 consistency=0 lambda=0 beta=1 grad=58.00704 horizon=100 lifetime=[512,1071] skipped=False
2026-08-30 18:00:11,808 | INFO | step=8780/20000 loss=-0.9029305 nll=-0.9035966 kl=0.0006661117 consistency=0 lambda=0 beta=1 grad=118.0949 horizon=120 lifetime=[147,1834] skipped=False
2026-08-30 18:00:12,141 | INFO | step=8790/20000 loss=-0.9872326 nll=-0.9877953 kl=0.0005627275 consistency=0 lambda=0 beta=1 grad=192.8971 horizon=160 lifetime=[442,871] skipped=False
2026-08-30 18:00:12,536 | INFO | step=8800/20000 loss=-0.8268107 nll=-0.8270727 kl=0.0002620518 consistency=0 lambda=0 beta=1 grad=84.40657 horizon=240 lifetime=[559,1007] skipped=False
2026-08-30 18:00:12,883 | INFO | step=8810/20000 loss=-0.9632978 nll=-0.9639615 kl=0.0006636977 consistency=0 lambda=0 beta=1 grad=25.02403 horizon=120 lifetime=[147,1052] skipped=False
2026-08-30 18:00:13,244 | INFO | step=8820/20000 loss=-1.44321 nll=-1.443356 kl=0.0001460016 consistency=0 lambda=0 beta=1 grad=17.04775 horizon=160 lifetime=[460,1076] skipped=False
2026-08-30 18:00:13,642 | INFO | step=8830/20000 loss=-1.103464 nll=-1.103647 kl=0.0001823008 consistency=0 lambda=0 beta=1 grad=170.8681 horizon=220 lifetime=[442,1071] skipped=False
2026-08-30 18:00:14,085 | INFO | step=8840/20000 loss=-1.673047 nll=-1.673316 kl=0.0002690852 consistency=0 lambda=0 beta=1 grad=100.7925 horizon=260 lifetime=[428,1081] skipped=False
2026-08-30 18:00:14,489 | INFO | step=8850/20000 loss=-0.8263344 nll=-0.8267356 kl=0.0004011989 consistency=0 lambda=0 beta=1 grad=69.14797 horizon=180 lifetime=[677,1834] skipped=False
2026-08-30 18:00:14,850 | INFO | step=8860/20000 loss=-1.629442 nll=-1.630134 kl=0.0006915927 consistency=0 lambda=0 beta=1 grad=70.4206 horizon=160 lifetime=[453,1282] skipped=False
2026-08-30 18:00:15,283 | INFO | step=8870/20000 loss=-2.027594 nll=-2.027795 kl=0.0002017021 consistency=0 lambda=0 beta=1 grad=35.73517 horizon=300 lifetime=[462,1049] skipped=False
2026-08-30 18:00:15,661 | INFO | step=8880/20000 loss=-0.7575771 nll=-0.7577824 kl=0.000205338 consistency=0 lambda=0 beta=1 grad=298.6162 horizon=180 lifetime=[462,942] skipped=False
2026-08-30 18:00:16,014 | INFO | step=8890/20000 loss=-1.697239 nll=-1.697708 kl=0.000469178 consistency=0 lambda=0 beta=1 grad=227.3358 horizon=180 lifetime=[443,1834] skipped=False
2026-08-30 18:00:16,390 | INFO | step=8900/20000 loss=-1.29978 nll=-1.300589 kl=0.0008097887 consistency=0 lambda=0 beta=1 grad=102.9615 horizon=220 lifetime=[480,1282] skipped=False
2026-08-30 18:00:16,802 | INFO | step=8910/20000 loss=-1.147745 nll=-1.148138 kl=0.0003934205 consistency=0 lambda=0 beta=1 grad=125.6247 horizon=300 lifetime=[467,913] skipped=False
2026-08-30 18:00:17,199 | INFO | step=8920/20000 loss=-1.512236 nll=-1.512389 kl=0.0001531243 consistency=0 lambda=0 beta=1 grad=136.3561 horizon=200 lifetime=[464,1076] skipped=False
2026-08-30 18:00:17,563 | INFO | step=8930/20000 loss=-0.574424 nll=-0.5749463 kl=0.0005222559 consistency=0 lambda=0 beta=1 grad=20.44286 horizon=120 lifetime=[147,933] skipped=False
2026-08-30 18:00:17,935 | INFO | step=8940/20000 loss=-1.372446 nll=-1.372964 kl=0.0005182326 consistency=0 lambda=0 beta=1 grad=32.11029 horizon=180 lifetime=[488,1081] skipped=False
2026-08-30 18:00:18,331 | INFO | step=8950/20000 loss=-1.136068 nll=-1.136412 kl=0.0003445148 consistency=0 lambda=0 beta=1 grad=98.42075 horizon=280 lifetime=[464,1932] skipped=False
2026-08-30 18:00:18,726 | INFO | step=8960/20000 loss=-1.135565 nll=-1.135721 kl=0.0001563132 consistency=0 lambda=0 beta=1 grad=153.6136 horizon=300 lifetime=[462,915] skipped=False
2026-08-30 18:00:19,132 | INFO | step=8970/20000 loss=-0.5137966 nll=-0.5145376 kl=0.0007410645 consistency=0 lambda=0 beta=1 grad=131.2749 horizon=140 lifetime=[526,988] skipped=False
2026-08-30 18:00:19,492 | INFO | step=8980/20000 loss=-0.8276631 nll=-0.8280329 kl=0.0003697574 consistency=0 lambda=0 beta=1 grad=14.06886 horizon=100 lifetime=[462,1049] skipped=False
2026-08-30 18:00:19,922 | INFO | step=8990/20000 loss=-1.329524 nll=-1.329967 kl=0.0004433692 consistency=0 lambda=0 beta=1 grad=40.70604 horizon=260 lifetime=[334,2154] skipped=False
2026-08-30 18:00:20,606 | INFO | validation step=9000 rmse=128.4743 best=96.63276@6000 stale=6/10
2026-08-30 18:00:20,606 | INFO | step=9000/20000 loss=-0.9404002 nll=-0.9406912 kl=0.0002910197 consistency=0 lambda=0 beta=1 grad=113.1486 horizon=200 lifetime=[460,1858] skipped=False
2026-08-30 18:00:21,109 | INFO | step=9010/20000 loss=-0.407017 nll=-0.407778 kl=0.0007610023 consistency=0 lambda=0 beta=1 grad=188.4634 horizon=140 lifetime=[147,909] skipped=False
2026-08-30 18:00:21,552 | INFO | step=9020/20000 loss=-1.798959 nll=-1.799311 kl=0.0003519654 consistency=0 lambda=0 beta=1 grad=62.05428 horizon=260 lifetime=[428,1049] skipped=False
2026-08-30 18:00:21,973 | INFO | step=9030/20000 loss=-0.7989292 nll=-0.7993922 kl=0.0004630089 consistency=0 lambda=0 beta=1 grad=108.209 horizon=240 lifetime=[500,1932] skipped=False
2026-08-30 18:00:22,381 | INFO | step=9040/20000 loss=-1.087976 nll=-1.088492 kl=0.0005163252 consistency=0 lambda=0 beta=1 grad=128.519 horizon=180 lifetime=[453,1834] skipped=False
2026-08-30 18:00:22,815 | INFO | step=9050/20000 loss=-1.083158 nll=-1.083676 kl=0.000518024 consistency=0 lambda=0 beta=1 grad=101.3821 horizon=160 lifetime=[443,1932] skipped=False
2026-08-30 18:00:23,272 | INFO | step=9060/20000 loss=-1.451395 nll=-1.45176 kl=0.0003647208 consistency=0 lambda=0 beta=1 grad=103.4975 horizon=280 lifetime=[488,1007] skipped=False
2026-08-30 18:00:23,682 | INFO | step=9070/20000 loss=-1.234276 nll=-1.235024 kl=0.0007485449 consistency=0 lambda=0 beta=1 grad=60.65419 horizon=180 lifetime=[453,1015] skipped=False
2026-08-30 18:00:24,075 | INFO | step=9080/20000 loss=-0.9861169 nll=-0.9869065 kl=0.0007896125 consistency=0 lambda=0 beta=1 grad=35.52874 horizon=160 lifetime=[633,2154] skipped=False
2026-08-30 18:00:24,477 | INFO | step=9090/20000 loss=-1.187624 nll=-1.187925 kl=0.0003015399 consistency=0 lambda=0 beta=1 grad=39.08743 horizon=120 lifetime=[497,1081] skipped=False
2026-08-30 18:00:24,856 | INFO | step=9100/20000 loss=-1.311703 nll=-1.312231 kl=0.0005279779 consistency=0 lambda=0 beta=1 grad=172.4126 horizon=220 lifetime=[455,2154] skipped=False
2026-08-30 18:00:25,266 | INFO | step=9110/20000 loss=-1.084365 nll=-1.084692 kl=0.0003271997 consistency=0 lambda=0 beta=1 grad=132.3463 horizon=260 lifetime=[334,1052] skipped=False
2026-08-30 18:00:25,664 | INFO | step=9120/20000 loss=-1.36712 nll=-1.367371 kl=0.0002514124 consistency=0 lambda=0 beta=1 grad=25.63649 horizon=260 lifetime=[464,1858] skipped=False
2026-08-30 18:00:26,095 | INFO | step=9130/20000 loss=-1.224102 nll=-1.225058 kl=0.0009555817 consistency=0 lambda=0 beta=1 grad=38.15554 horizon=200 lifetime=[614,1071] skipped=False
2026-08-30 18:00:26,487 | INFO | step=9140/20000 loss=-1.425192 nll=-1.42555 kl=0.0003588796 consistency=0 lambda=0 beta=1 grad=62.30716 horizon=220 lifetime=[482,1076] skipped=False
2026-08-30 18:00:26,916 | INFO | step=9150/20000 loss=-1.379066 nll=-1.379887 kl=0.000821054 consistency=0 lambda=0 beta=1 grad=82.44318 horizon=300 lifetime=[443,1143] skipped=False
2026-08-30 18:00:27,274 | INFO | step=9160/20000 loss=-1.485936 nll=-1.486209 kl=0.0002736747 consistency=0 lambda=0 beta=1 grad=42.08332 horizon=200 lifetime=[460,1834] skipped=False
2026-08-30 18:00:27,700 | INFO | step=9170/20000 loss=-0.962235 nll=-0.9625085 kl=0.0002735555 consistency=0 lambda=0 beta=1 grad=273.9068 horizon=200 lifetime=[455,875] skipped=False
2026-08-30 18:00:28,069 | INFO | step=9180/20000 loss=-0.8964007 nll=-0.89678 kl=0.000379324 consistency=0 lambda=0 beta=1 grad=97.48009 horizon=120 lifetime=[453,1932] skipped=False
2026-08-30 18:00:28,489 | INFO | step=9190/20000 loss=-0.9398052 nll=-0.9403062 kl=0.0005010962 consistency=0 lambda=0 beta=1 grad=102.7605 horizon=120 lifetime=[510,909] skipped=False
2026-08-30 18:00:28,880 | INFO | step=9200/20000 loss=5.259029 nll=5.257031 kl=0.001998246 consistency=0 lambda=0 beta=1 grad=834.3588 horizon=100 lifetime=[675,1932] skipped=False
2026-08-30 18:00:29,284 | INFO | step=9210/20000 loss=-0.5784512 nll=-0.5788774 kl=0.0004262626 consistency=0 lambda=0 beta=1 grad=190.9236 horizon=180 lifetime=[456,874] skipped=False
2026-08-30 18:00:29,703 | INFO | step=9220/20000 loss=-1.267727 nll=-1.268278 kl=0.0005512834 consistency=0 lambda=0 beta=1 grad=72.9593 horizon=240 lifetime=[428,1076] skipped=False
2026-08-30 18:00:30,106 | INFO | step=9230/20000 loss=-1.751057 nll=-1.751322 kl=0.0002652705 consistency=0 lambda=0 beta=1 grad=40.63939 horizon=200 lifetime=[455,2154] skipped=False
2026-08-30 18:00:30,501 | INFO | step=9240/20000 loss=0.04571068 nll=0.04443437 kl=0.001276314 consistency=0 lambda=0 beta=1 grad=152.3396 horizon=100 lifetime=[482,1834] skipped=False
2026-08-30 18:00:30,871 | INFO | step=9250/20000 loss=-0.02275306 nll=-0.02296746 kl=0.0002143979 consistency=0 lambda=0 beta=1 grad=453.667 horizon=260 lifetime=[494,1932] skipped=False
2026-08-30 18:00:31,253 | INFO | step=9260/20000 loss=-1.854329 nll=-1.854663 kl=0.0003343523 consistency=0 lambda=0 beta=1 grad=95.70443 horizon=220 lifetime=[334,988] skipped=False
2026-08-30 18:00:31,671 | INFO | step=9270/20000 loss=-1.570486 nll=-1.570846 kl=0.0003599226 consistency=0 lambda=0 beta=1 grad=49.46601 horizon=240 lifetime=[510,1143] skipped=False
2026-08-30 18:00:32,108 | INFO | step=9280/20000 loss=-1.911388 nll=-1.911803 kl=0.0004150867 consistency=0 lambda=0 beta=1 grad=127.6907 horizon=200 lifetime=[428,826] skipped=False
2026-08-30 18:00:32,491 | INFO | step=9290/20000 loss=-1.312125 nll=-1.312378 kl=0.0002530813 consistency=0 lambda=0 beta=1 grad=61.84909 horizon=160 lifetime=[510,915] skipped=False
2026-08-30 18:00:32,943 | INFO | step=9300/20000 loss=-1.470734 nll=-1.471044 kl=0.0003099442 consistency=0 lambda=0 beta=1 grad=108.9875 horizon=260 lifetime=[460,1052] skipped=False
2026-08-30 18:00:33,356 | INFO | step=9310/20000 loss=-0.7599392 nll=-0.7601797 kl=0.0002405345 consistency=0 lambda=0 beta=1 grad=168.1318 horizon=180 lifetime=[437,1052] skipped=False
2026-08-30 18:00:33,760 | INFO | step=9320/20000 loss=-1.503723 nll=-1.504126 kl=0.0004030168 consistency=0 lambda=0 beta=1 grad=76.39357 horizon=260 lifetime=[334,1282] skipped=False
2026-08-30 18:00:34,172 | INFO | step=9330/20000 loss=-1.653713 nll=-1.653882 kl=0.0001687109 consistency=0 lambda=0 beta=1 grad=125.4091 horizon=220 lifetime=[498,1049] skipped=False
2026-08-30 18:00:34,583 | INFO | step=9340/20000 loss=-1.825432 nll=-1.825748 kl=0.0003161132 consistency=0 lambda=0 beta=1 grad=69.71104 horizon=260 lifetime=[465,875] skipped=False
2026-08-30 18:00:34,995 | INFO | step=9350/20000 loss=-1.5294 nll=-1.529745 kl=0.0003454089 consistency=0 lambda=0 beta=1 grad=121.0305 horizon=280 lifetime=[443,1045] skipped=False
2026-08-30 18:00:35,387 | INFO | step=9360/20000 loss=-0.7559547 nll=-0.7567035 kl=0.0007487833 consistency=0 lambda=0 beta=1 grad=40.07304 horizon=120 lifetime=[464,1932] skipped=False
2026-08-30 18:00:35,794 | INFO | step=9370/20000 loss=-1.489567 nll=-1.490442 kl=0.000875771 consistency=0 lambda=0 beta=1 grad=103.5168 horizon=200 lifetime=[464,913] skipped=False
2026-08-30 18:00:36,192 | INFO | step=9380/20000 loss=-1.337482 nll=-1.337672 kl=0.0001894832 consistency=0 lambda=0 beta=1 grad=111.4958 horizon=160 lifetime=[456,1071] skipped=False
2026-08-30 18:00:36,541 | INFO | step=9390/20000 loss=-1.53232 nll=-1.532613 kl=0.0002927482 consistency=0 lambda=0 beta=1 grad=81.09735 horizon=160 lifetime=[334,869] skipped=False
2026-08-30 18:00:36,932 | INFO | step=9400/20000 loss=-1.257228 nll=-1.257453 kl=0.0002251267 consistency=0 lambda=0 beta=1 grad=166.4135 horizon=180 lifetime=[437,1932] skipped=False
2026-08-30 18:00:37,301 | INFO | step=9410/20000 loss=-0.4562442 nll=-0.4574926 kl=0.001248389 consistency=0 lambda=0 beta=1 grad=99.81408 horizon=100 lifetime=[533,1143] skipped=False
2026-08-30 18:00:37,684 | INFO | step=9420/20000 loss=-1.467437 nll=-1.467797 kl=0.0003603101 consistency=0 lambda=0 beta=1 grad=99.23153 horizon=160 lifetime=[460,1282] skipped=False
2026-08-30 18:00:38,055 | INFO | step=9430/20000 loss=-1.41782 nll=-1.418541 kl=0.0007211268 consistency=0 lambda=0 beta=1 grad=69.57628 horizon=280 lifetime=[505,887] skipped=False
2026-08-30 18:00:38,490 | INFO | step=9440/20000 loss=-0.9657098 nll=-0.9659756 kl=0.0002658069 consistency=0 lambda=0 beta=1 grad=206.1582 horizon=300 lifetime=[443,1071] skipped=False
2026-08-30 18:00:38,880 | INFO | step=9450/20000 loss=-1.462646 nll=-1.463242 kl=0.0005965829 consistency=0 lambda=0 beta=1 grad=67.43068 horizon=260 lifetime=[455,915] skipped=False
2026-08-30 18:00:39,341 | INFO | step=9460/20000 loss=-1.494458 nll=-1.494797 kl=0.0003385246 consistency=0 lambda=0 beta=1 grad=58.67876 horizon=300 lifetime=[497,1932] skipped=False
2026-08-30 18:00:39,768 | INFO | step=9470/20000 loss=-1.261071 nll=-1.261562 kl=0.0004914701 consistency=0 lambda=0 beta=1 grad=55.96781 horizon=240 lifetime=[465,1076] skipped=False
2026-08-30 18:00:40,206 | INFO | step=9480/20000 loss=-1.140991 nll=-1.141326 kl=0.0003357828 consistency=0 lambda=0 beta=1 grad=53.2984 horizon=160 lifetime=[428,1081] skipped=False
2026-08-30 18:00:40,615 | INFO | step=9490/20000 loss=-0.7203547 nll=-0.720598 kl=0.0002433062 consistency=0 lambda=0 beta=1 grad=265.2573 horizon=260 lifetime=[428,1143] skipped=False
2026-08-30 18:00:41,038 | INFO | step=9500/20000 loss=0.7195447 nll=0.7191965 kl=0.0003482103 consistency=0 lambda=0 beta=1 grad=inf horizon=240 lifetime=[428,991] skipped=True
2026-08-30 18:00:41,511 | INFO | step=9510/20000 loss=1.581961 nll=1.581181 kl=0.0007798374 consistency=0 lambda=0 beta=1 grad=273.6589 horizon=260 lifetime=[488,1282] skipped=False
2026-08-30 18:00:41,873 | INFO | step=9520/20000 loss=0.1983371 nll=0.1975152 kl=0.0008218884 consistency=0 lambda=0 beta=1 grad=85.2641 horizon=100 lifetime=[147,1152] skipped=False
2026-08-30 18:00:42,280 | INFO | step=9530/20000 loss=-0.8735793 nll=-0.8740739 kl=0.0004946291 consistency=0 lambda=0 beta=1 grad=56.47501 horizon=140 lifetime=[498,1834] skipped=False
2026-08-30 18:00:42,670 | INFO | step=9540/20000 loss=-1.470718 nll=-1.470965 kl=0.0002470016 consistency=0 lambda=0 beta=1 grad=46.9869 horizon=200 lifetime=[488,874] skipped=False
2026-08-30 18:00:43,079 | INFO | step=9550/20000 loss=-1.159556 nll=-1.159881 kl=0.0003254414 consistency=0 lambda=0 beta=1 grad=101.0186 horizon=220 lifetime=[428,871] skipped=False
2026-08-30 18:00:43,478 | INFO | step=9560/20000 loss=-1.390174 nll=-1.390675 kl=0.0005014539 consistency=0 lambda=0 beta=1 grad=22.7514 horizon=220 lifetime=[480,1834] skipped=False
2026-08-30 18:00:43,939 | INFO | step=9570/20000 loss=-1.187265 nll=-1.187704 kl=0.0004381537 consistency=0 lambda=0 beta=1 grad=134.5065 horizon=180 lifetime=[494,1071] skipped=False
2026-08-30 18:00:44,324 | INFO | step=9580/20000 loss=-0.8582585 nll=-0.8586586 kl=0.0004000962 consistency=0 lambda=0 beta=1 grad=70.45592 horizon=180 lifetime=[437,1858] skipped=False
2026-08-30 18:00:44,746 | INFO | step=9590/20000 loss=-0.830058 nll=-0.8307466 kl=0.0006886423 consistency=0 lambda=0 beta=1 grad=42.80219 horizon=140 lifetime=[500,1932] skipped=False
2026-08-30 18:00:45,181 | INFO | step=9600/20000 loss=-1.437512 nll=-1.438011 kl=0.0004988015 consistency=0 lambda=0 beta=1 grad=45.73347 horizon=260 lifetime=[477,1071] skipped=False
2026-08-30 18:00:45,547 | INFO | step=9610/20000 loss=-0.1212552 nll=-0.1215619 kl=0.0003066659 consistency=0 lambda=0 beta=1 grad=190.3814 horizon=180 lifetime=[488,1076] skipped=False
2026-08-30 18:00:45,935 | INFO | step=9620/20000 loss=-0.9696198 nll=-0.97011 kl=0.0004902482 consistency=0 lambda=0 beta=1 grad=121.2268 horizon=240 lifetime=[498,1282] skipped=False
2026-08-30 18:00:46,346 | INFO | step=9630/20000 loss=-0.5368047 nll=-0.5372756 kl=0.0004709065 consistency=0 lambda=0 beta=1 grad=167.3087 horizon=140 lifetime=[456,1071] skipped=False
2026-08-30 18:00:46,750 | INFO | step=9640/20000 loss=-1.411074 nll=-1.411351 kl=0.0002770126 consistency=0 lambda=0 beta=1 grad=112.7631 horizon=160 lifetime=[334,988] skipped=False
2026-08-30 18:00:47,173 | INFO | step=9650/20000 loss=-1.174393 nll=-1.174991 kl=0.0005982518 consistency=0 lambda=0 beta=1 grad=123.3108 horizon=240 lifetime=[437,913] skipped=False
2026-08-30 18:00:47,568 | INFO | step=9660/20000 loss=-1.15212 nll=-1.152552 kl=0.0004323125 consistency=0 lambda=0 beta=1 grad=147.2323 horizon=220 lifetime=[675,988] skipped=False
2026-08-30 18:00:47,951 | INFO | step=9670/20000 loss=-1.541027 nll=-1.541278 kl=0.0002510548 consistency=0 lambda=0 beta=1 grad=75.63097 horizon=240 lifetime=[477,887] skipped=False
2026-08-30 18:00:48,400 | INFO | step=9680/20000 loss=-0.7657102 nll=-0.7661022 kl=0.0003919601 consistency=0 lambda=0 beta=1 grad=127.8735 horizon=140 lifetime=[453,2154] skipped=False
2026-08-30 18:00:48,779 | INFO | step=9690/20000 loss=-0.6929548 nll=-0.6933264 kl=0.0003715754 consistency=0 lambda=0 beta=1 grad=52.23876 horizon=120 lifetime=[455,1932] skipped=False
2026-08-30 18:00:49,174 | INFO | step=9700/20000 loss=-0.967509 nll=-0.9679969 kl=0.0004878938 consistency=0 lambda=0 beta=1 grad=238.552 horizon=180 lifetime=[334,1081] skipped=False
2026-08-30 18:00:49,582 | INFO | step=9710/20000 loss=-1.116069 nll=-1.116399 kl=0.0003301203 consistency=0 lambda=0 beta=1 grad=162.6649 horizon=100 lifetime=[334,869] skipped=False
2026-08-30 18:00:49,976 | INFO | step=9720/20000 loss=-0.974627 nll=-0.9748296 kl=0.0002025962 consistency=0 lambda=0 beta=1 grad=92.04242 horizon=300 lifetime=[460,1282] skipped=False
2026-08-30 18:00:50,363 | INFO | step=9730/20000 loss=-0.7963685 nll=-0.7967593 kl=0.0003908277 consistency=0 lambda=0 beta=1 grad=123.4789 horizon=280 lifetime=[428,1143] skipped=False
2026-08-30 18:00:50,778 | INFO | step=9740/20000 loss=-0.4238741 nll=-0.4242149 kl=0.0003407896 consistency=0 lambda=0 beta=1 grad=307.0269 horizon=200 lifetime=[510,1932] skipped=False
2026-08-30 18:00:51,180 | INFO | step=9750/20000 loss=-1.52569 nll=-1.526091 kl=0.0004001558 consistency=0 lambda=0 beta=1 grad=76.92188 horizon=280 lifetime=[519,1045] skipped=False
2026-08-30 18:00:51,556 | INFO | step=9760/20000 loss=0.4715659 nll=0.4711351 kl=0.0004307628 consistency=0 lambda=0 beta=1 grad=313.5516 horizon=160 lifetime=[460,1282] skipped=False
2026-08-30 18:00:51,935 | INFO | step=9770/20000 loss=-1.854466 nll=-1.854624 kl=0.0001580715 consistency=0 lambda=0 beta=1 grad=18.64307 horizon=180 lifetime=[334,942] skipped=False
2026-08-30 18:00:52,301 | INFO | step=9780/20000 loss=-0.2359011 nll=-0.2364095 kl=0.0005083978 consistency=0 lambda=0 beta=1 grad=406.6407 horizon=240 lifetime=[334,874] skipped=False
2026-08-30 18:00:52,708 | INFO | step=9790/20000 loss=-1.429478 nll=-1.430143 kl=0.000664413 consistency=0 lambda=0 beta=1 grad=64.52238 horizon=180 lifetime=[334,1143] skipped=False
2026-08-30 18:00:53,115 | INFO | step=9800/20000 loss=-1.37451 nll=-1.374821 kl=0.0003109872 consistency=0 lambda=0 beta=1 grad=360.4771 horizon=180 lifetime=[460,913] skipped=False
2026-08-30 18:00:53,480 | INFO | step=9810/20000 loss=-0.2507724 nll=-0.2511151 kl=0.0003427267 consistency=0 lambda=0 beta=1 grad=125.5299 horizon=160 lifetime=[648,991] skipped=False
2026-08-30 18:00:53,869 | INFO | step=9820/20000 loss=-1.035829 nll=-1.03703 kl=0.001201928 consistency=0 lambda=0 beta=1 grad=60.39382 horizon=120 lifetime=[462,874] skipped=False
2026-08-30 18:00:54,249 | INFO | step=9830/20000 loss=-0.8916326 nll=-0.8924295 kl=0.0007969439 consistency=0 lambda=0 beta=1 grad=135.1306 horizon=160 lifetime=[334,1052] skipped=False
2026-08-30 18:00:54,602 | INFO | step=9840/20000 loss=-1.700409 nll=-1.700942 kl=0.0005324781 consistency=0 lambda=0 beta=1 grad=53.56025 horizon=200 lifetime=[486,2154] skipped=False
2026-08-30 18:00:55,027 | INFO | step=9850/20000 loss=-1.502082 nll=-1.502519 kl=0.0004371703 consistency=0 lambda=0 beta=1 grad=68.2112 horizon=220 lifetime=[467,1071] skipped=False
2026-08-30 18:00:55,388 | INFO | step=9860/20000 loss=-0.6269987 nll=-0.6274358 kl=0.0004371703 consistency=0 lambda=0 beta=1 grad=327.8969 horizon=180 lifetime=[334,777] skipped=False
2026-08-30 18:00:55,811 | INFO | step=9870/20000 loss=-1.594483 nll=-1.594837 kl=0.00035429 consistency=0 lambda=0 beta=1 grad=40.02543 horizon=300 lifetime=[467,1152] skipped=False
2026-08-30 18:00:56,233 | INFO | step=9880/20000 loss=-1.084594 nll=-1.085129 kl=0.0005351603 consistency=0 lambda=0 beta=1 grad=159.1094 horizon=180 lifetime=[437,1052] skipped=False
2026-08-30 18:00:56,630 | INFO | step=9890/20000 loss=-1.45056 nll=-1.450799 kl=0.0002389252 consistency=0 lambda=0 beta=1 grad=60.78205 horizon=280 lifetime=[493,1143] skipped=False
2026-08-30 18:00:56,999 | INFO | step=9900/20000 loss=-0.5007979 nll=-0.5011882 kl=0.000390321 consistency=0 lambda=0 beta=1 grad=361.1936 horizon=120 lifetime=[465,1071] skipped=False
2026-08-30 18:00:57,378 | INFO | step=9910/20000 loss=-1.178619 nll=-1.178876 kl=0.0002565682 consistency=0 lambda=0 beta=1 grad=131.1774 horizon=120 lifetime=[442,1143] skipped=False
2026-08-30 18:00:57,773 | INFO | step=9920/20000 loss=-1.98122 nll=-1.981514 kl=0.0002937615 consistency=0 lambda=0 beta=1 grad=57.63241 horizon=200 lifetime=[455,1052] skipped=False
2026-08-30 18:00:58,146 | INFO | step=9930/20000 loss=-2.12551 nll=-2.125814 kl=0.0003039539 consistency=0 lambda=0 beta=1 grad=71.36333 horizon=260 lifetime=[500,887] skipped=False
2026-08-30 18:00:58,576 | INFO | step=9940/20000 loss=-1.5998 nll=-1.600257 kl=0.0004572272 consistency=0 lambda=0 beta=1 grad=225.2392 horizon=300 lifetime=[455,1076] skipped=False
2026-08-30 18:00:58,996 | INFO | step=9950/20000 loss=-1.499016 nll=-1.499597 kl=0.0005815029 consistency=0 lambda=0 beta=1 grad=234.7095 horizon=220 lifetime=[437,1081] skipped=False
2026-08-30 18:00:59,376 | INFO | step=9960/20000 loss=-1.376579 nll=-1.376911 kl=0.0003326833 consistency=0 lambda=0 beta=1 grad=101.1607 horizon=180 lifetime=[453,930] skipped=False
2026-08-30 18:00:59,749 | INFO | step=9970/20000 loss=-1.197394 nll=-1.197991 kl=0.0005968213 consistency=0 lambda=0 beta=1 grad=59.26075 horizon=260 lifetime=[633,1932] skipped=False
2026-08-30 18:01:00,147 | INFO | step=9980/20000 loss=-1.286785 nll=-1.287082 kl=0.0002965629 consistency=0 lambda=0 beta=1 grad=54.73508 horizon=180 lifetime=[464,988] skipped=False
2026-08-30 18:01:00,512 | INFO | step=9990/20000 loss=-1.797315 nll=-1.797619 kl=0.0003042519 consistency=0 lambda=0 beta=1 grad=62.48735 horizon=220 lifetime=[464,1071] skipped=False
2026-08-30 18:01:01,169 | INFO | validation step=10000 rmse=131.1885 best=96.63276@6000 stale=7/10
2026-08-30 18:01:01,169 | INFO | step=10000/20000 loss=-1.367698 nll=-1.368013 kl=0.0003146231 consistency=0 lambda=0 beta=1 grad=132.9107 horizon=280 lifetime=[467,942] skipped=False
2026-08-30 18:01:01,613 | INFO | step=10010/20000 loss=-1.766426 nll=-1.766883 kl=0.0004573464 consistency=0 lambda=0 beta=1 grad=168.2723 horizon=160 lifetime=[334,1000] skipped=False
2026-08-30 18:01:02,031 | INFO | step=10020/20000 loss=-0.5057992 nll=-0.5060695 kl=0.0002703071 consistency=0 lambda=0 beta=1 grad=306.2691 horizon=240 lifetime=[453,1076] skipped=False
2026-08-30 18:01:02,370 | INFO | step=10030/20000 loss=-1.386636 nll=-1.386912 kl=0.0002759397 consistency=0 lambda=0 beta=1 grad=22.60195 horizon=120 lifetime=[465,1143] skipped=False
2026-08-30 18:01:02,768 | INFO | step=10040/20000 loss=-1.173502 nll=-1.173759 kl=0.0002572238 consistency=0 lambda=0 beta=1 grad=105.3329 horizon=300 lifetime=[465,1858] skipped=False
2026-08-30 18:01:03,186 | INFO | step=10050/20000 loss=-1.914168 nll=-1.914554 kl=0.0003861189 consistency=0 lambda=0 beta=1 grad=79.48709 horizon=300 lifetime=[442,1045] skipped=False
2026-08-30 18:01:03,568 | INFO | step=10060/20000 loss=-0.7906643 nll=-0.7909608 kl=0.0002965033 consistency=0 lambda=0 beta=1 grad=178.3021 horizon=220 lifetime=[428,1007] skipped=False
2026-08-30 18:01:03,955 | INFO | step=10070/20000 loss=-1.471097 nll=-1.471473 kl=0.0003760755 consistency=0 lambda=0 beta=1 grad=96.0276 horizon=140 lifetime=[505,2154] skipped=False
2026-08-30 18:01:04,334 | INFO | step=10080/20000 loss=-0.1140124 nll=-0.1151128 kl=0.001100451 consistency=0 lambda=0 beta=1 grad=208.0487 horizon=240 lifetime=[687,1007] skipped=False
2026-08-30 18:01:04,717 | INFO | step=10090/20000 loss=-1.287037 nll=-1.287568 kl=0.0005313158 consistency=0 lambda=0 beta=1 grad=109.3228 horizon=280 lifetime=[599,1007] skipped=False
2026-08-30 18:01:05,113 | INFO | step=10100/20000 loss=-0.4240012 nll=-0.4243413 kl=0.0003400743 consistency=0 lambda=0 beta=1 grad=192.1295 horizon=160 lifetime=[437,1932] skipped=False
2026-08-30 18:01:05,558 | INFO | step=10110/20000 loss=-0.7758369 nll=-0.7765692 kl=0.0007322133 consistency=0 lambda=0 beta=1 grad=215.1969 horizon=220 lifetime=[334,1152] skipped=False
2026-08-30 18:01:05,928 | INFO | step=10120/20000 loss=-1.15874 nll=-1.159126 kl=0.0003864169 consistency=0 lambda=0 beta=1 grad=108.3212 horizon=100 lifetime=[465,1834] skipped=False
2026-08-30 18:01:06,304 | INFO | step=10130/20000 loss=-1.32191 nll=-1.322184 kl=0.0002736449 consistency=0 lambda=0 beta=1 grad=60.31901 horizon=240 lifetime=[334,1834] skipped=False
2026-08-30 18:01:06,680 | INFO | step=10140/20000 loss=-0.3558308 nll=-0.3563971 kl=0.0005663037 consistency=0 lambda=0 beta=1 grad=113.0163 horizon=100 lifetime=[334,915] skipped=False
2026-08-30 18:01:07,049 | INFO | step=10150/20000 loss=-0.770746 nll=-0.7712151 kl=0.0004691482 consistency=0 lambda=0 beta=1 grad=51.42934 horizon=180 lifetime=[486,1282] skipped=False
2026-08-30 18:01:07,444 | INFO | step=10160/20000 loss=-1.754424 nll=-1.754709 kl=0.0002853274 consistency=0 lambda=0 beta=1 grad=26.8043 horizon=180 lifetime=[437,2154] skipped=False
2026-08-30 18:01:07,839 | INFO | step=10170/20000 loss=-1.717802 nll=-1.718521 kl=0.0007193089 consistency=0 lambda=0 beta=1 grad=198.6724 horizon=280 lifetime=[428,1858] skipped=False
2026-08-30 18:01:08,256 | INFO | step=10180/20000 loss=-1.329927 nll=-1.330362 kl=0.0004357398 consistency=0 lambda=0 beta=1 grad=150.5202 horizon=260 lifetime=[442,1282] skipped=False
2026-08-30 18:01:08,623 | INFO | step=10190/20000 loss=-1.572463 nll=-1.572796 kl=0.0003336966 consistency=0 lambda=0 beta=1 grad=65.27307 horizon=140 lifetime=[462,991] skipped=False
2026-08-30 18:01:08,994 | INFO | step=10200/20000 loss=-1.103692 nll=-1.104223 kl=0.0005310774 consistency=0 lambda=0 beta=1 grad=94.15846 horizon=120 lifetime=[443,1052] skipped=False
2026-08-30 18:01:09,414 | INFO | step=10210/20000 loss=-1.20054 nll=-1.200776 kl=0.0002360046 consistency=0 lambda=0 beta=1 grad=64.81367 horizon=160 lifetime=[488,1076] skipped=False
2026-08-30 18:01:09,820 | INFO | step=10220/20000 loss=-0.404991 nll=-0.4052286 kl=0.0002376437 consistency=0 lambda=0 beta=1 grad=211.0962 horizon=260 lifetime=[437,2154] skipped=False
2026-08-30 18:01:10,227 | INFO | step=10230/20000 loss=-0.2529971 nll=-0.2539699 kl=0.0009727776 consistency=0 lambda=0 beta=1 grad=109.8473 horizon=160 lifetime=[443,1282] skipped=False
2026-08-30 18:01:10,691 | INFO | step=10240/20000 loss=-0.7416162 nll=-0.7419764 kl=0.0003601611 consistency=0 lambda=0 beta=1 grad=244.1494 horizon=260 lifetime=[428,2154] skipped=False
2026-08-30 18:01:11,056 | INFO | step=10250/20000 loss=-1.802226 nll=-1.802694 kl=0.0004684925 consistency=0 lambda=0 beta=1 grad=137.4836 horizon=280 lifetime=[334,1052] skipped=False
2026-08-30 18:01:11,430 | INFO | step=10260/20000 loss=-1.179995 nll=-1.180374 kl=0.0003795922 consistency=0 lambda=0 beta=1 grad=127.3762 horizon=100 lifetime=[442,1834] skipped=False
2026-08-30 18:01:11,791 | INFO | step=10270/20000 loss=-1.766214 nll=-1.76671 kl=0.0004956722 consistency=0 lambda=0 beta=1 grad=124.858 horizon=180 lifetime=[460,1834] skipped=False
2026-08-30 18:01:12,213 | INFO | step=10280/20000 loss=-2.021407 nll=-2.021756 kl=0.0003483295 consistency=0 lambda=0 beta=1 grad=76.37949 horizon=260 lifetime=[460,930] skipped=False
2026-08-30 18:01:12,649 | INFO | step=10290/20000 loss=-1.498187 nll=-1.498758 kl=0.0005713999 consistency=0 lambda=0 beta=1 grad=111.8645 horizon=280 lifetime=[467,913] skipped=False
2026-08-30 18:01:13,037 | INFO | step=10300/20000 loss=-0.4140598 nll=-0.414413 kl=0.0003532171 consistency=0 lambda=0 beta=1 grad=59.01308 horizon=100 lifetime=[460,1076] skipped=False
2026-08-30 18:01:13,430 | INFO | step=10310/20000 loss=-1.745285 nll=-1.745703 kl=0.000418216 consistency=0 lambda=0 beta=1 grad=143.2027 horizon=280 lifetime=[442,1152] skipped=False
2026-08-30 18:01:13,812 | INFO | step=10320/20000 loss=-1.640952 nll=-1.641243 kl=0.0002911687 consistency=0 lambda=0 beta=1 grad=30.42156 horizon=160 lifetime=[456,1143] skipped=False
2026-08-30 18:01:14,241 | INFO | step=10330/20000 loss=-0.8137963 nll=-0.8139633 kl=0.0001669824 consistency=0 lambda=0 beta=1 grad=182.7872 horizon=220 lifetime=[428,1152] skipped=False
2026-08-30 18:01:14,644 | INFO | step=10340/20000 loss=-1.590355 nll=-1.590627 kl=0.0002720356 consistency=0 lambda=0 beta=1 grad=94.37321 horizon=160 lifetime=[453,909] skipped=False
2026-08-30 18:01:15,056 | INFO | step=10350/20000 loss=-1.947814 nll=-1.948126 kl=0.000312835 consistency=0 lambda=0 beta=1 grad=33.30988 horizon=180 lifetime=[443,942] skipped=False
2026-08-30 18:01:15,430 | INFO | step=10360/20000 loss=0.9961309 nll=0.9956914 kl=0.000439465 consistency=0 lambda=0 beta=1 grad=240.966 horizon=160 lifetime=[465,1282] skipped=False
2026-08-30 18:01:15,806 | INFO | step=10370/20000 loss=-0.7115692 nll=-0.7119179 kl=0.0003486276 consistency=0 lambda=0 beta=1 grad=211.0174 horizon=280 lifetime=[533,1071] skipped=False
2026-08-30 18:01:16,219 | INFO | step=10380/20000 loss=-1.435592 nll=-1.435907 kl=0.0003150403 consistency=0 lambda=0 beta=1 grad=64.61493 horizon=100 lifetime=[437,2154] skipped=False
2026-08-30 18:01:16,601 | INFO | step=10390/20000 loss=-1.546528 nll=-1.546957 kl=0.0004282594 consistency=0 lambda=0 beta=1 grad=135.6471 horizon=140 lifetime=[442,1834] skipped=False
2026-08-30 18:01:17,006 | INFO | step=10400/20000 loss=-1.698004 nll=-1.698412 kl=0.0004082322 consistency=0 lambda=0 beta=1 grad=71.88098 horizon=220 lifetime=[428,1834] skipped=False
2026-08-30 18:01:17,401 | INFO | step=10410/20000 loss=-1.182677 nll=-1.183206 kl=0.0005289912 consistency=0 lambda=0 beta=1 grad=60.87638 horizon=140 lifetime=[334,1045] skipped=False
2026-08-30 18:01:17,826 | INFO | step=10420/20000 loss=-1.307794 nll=-1.308085 kl=0.0002906919 consistency=0 lambda=0 beta=1 grad=189.8941 horizon=180 lifetime=[493,942] skipped=False
2026-08-30 18:01:18,217 | INFO | step=10430/20000 loss=-1.404686 nll=-1.404835 kl=0.0001486838 consistency=0 lambda=0 beta=1 grad=105.0945 horizon=200 lifetime=[462,1076] skipped=False
2026-08-30 18:01:18,617 | INFO | step=10440/20000 loss=-1.126521 nll=-1.126912 kl=0.0003913343 consistency=0 lambda=0 beta=1 grad=61.11583 horizon=120 lifetime=[428,877] skipped=False
2026-08-30 18:01:19,039 | INFO | step=10450/20000 loss=-1.362921 nll=-1.363709 kl=0.0007877648 consistency=0 lambda=0 beta=1 grad=140.6788 horizon=300 lifetime=[477,942] skipped=False
2026-08-30 18:01:19,441 | INFO | step=10460/20000 loss=-1.733228 nll=-1.733467 kl=0.0002395511 consistency=0 lambda=0 beta=1 grad=123.0331 horizon=280 lifetime=[437,1045] skipped=False
2026-08-30 18:01:19,810 | INFO | step=10470/20000 loss=-0.594466 nll=-0.595349 kl=0.0008830428 consistency=0 lambda=0 beta=1 grad=110.4881 horizon=100 lifetime=[428,2154] skipped=False
2026-08-30 18:01:20,201 | INFO | step=10480/20000 loss=-0.3429653 nll=-0.3432089 kl=0.0002435744 consistency=0 lambda=0 beta=1 grad=251.4111 horizon=240 lifetime=[498,2154] skipped=False
2026-08-30 18:01:20,620 | INFO | step=10490/20000 loss=-1.232974 nll=-1.233456 kl=0.0004826784 consistency=0 lambda=0 beta=1 grad=205.8004 horizon=240 lifetime=[428,1052] skipped=False
2026-08-30 18:01:21,316 | INFO | validation step=10500 rmse=125.5522 best=96.63276@6000 stale=8/10
2026-08-30 18:01:21,316 | INFO | step=10500/20000 loss=-1.323364 nll=-1.323609 kl=0.0002442896 consistency=0 lambda=0 beta=1 grad=96.42533 horizon=220 lifetime=[334,1071] skipped=False
2026-08-30 18:01:21,808 | INFO | step=10510/20000 loss=-1.720814 nll=-1.721255 kl=0.0004405975 consistency=0 lambda=0 beta=1 grad=28.09027 horizon=200 lifetime=[510,991] skipped=False
2026-08-30 18:01:22,192 | INFO | step=10520/20000 loss=-1.80641 nll=-1.807043 kl=0.0006331205 consistency=0 lambda=0 beta=1 grad=29.54768 horizon=180 lifetime=[462,1007] skipped=False
2026-08-30 18:01:22,579 | INFO | step=10530/20000 loss=-1.360187 nll=-1.360454 kl=0.0002666414 consistency=0 lambda=0 beta=1 grad=81.87383 horizon=200 lifetime=[493,1282] skipped=False
2026-08-30 18:01:22,940 | INFO | step=10540/20000 loss=-1.500078 nll=-1.500587 kl=0.0005090833 consistency=0 lambda=0 beta=1 grad=56.29302 horizon=120 lifetime=[460,1081] skipped=False
2026-08-30 18:01:23,377 | INFO | step=10550/20000 loss=-1.146755 nll=-1.146979 kl=0.0002239048 consistency=0 lambda=0 beta=1 grad=210.3329 horizon=200 lifetime=[428,1081] skipped=False
2026-08-30 18:01:23,793 | INFO | step=10560/20000 loss=-1.881952 nll=-1.882204 kl=0.0002527535 consistency=0 lambda=0 beta=1 grad=177.4232 horizon=220 lifetime=[334,1081] skipped=False
2026-08-30 18:01:24,186 | INFO | step=10570/20000 loss=-1.617934 nll=-1.618348 kl=0.0004146099 consistency=0 lambda=0 beta=1 grad=201.3288 horizon=160 lifetime=[455,909] skipped=False
2026-08-30 18:01:24,583 | INFO | step=10580/20000 loss=-0.9311365 nll=-0.9322192 kl=0.001082689 consistency=0 lambda=0 beta=1 grad=42.7225 horizon=100 lifetime=[488,1076] skipped=False
2026-08-30 18:01:24,980 | INFO | step=10590/20000 loss=-0.09959439 nll=-0.1004874 kl=0.0008930266 consistency=0 lambda=0 beta=1 grad=148.9797 horizon=100 lifetime=[456,921] skipped=False
2026-08-30 18:01:25,348 | INFO | step=10600/20000 loss=-1.06665 nll=-1.066913 kl=0.0002625287 consistency=0 lambda=0 beta=1 grad=54.81902 horizon=120 lifetime=[482,1932] skipped=False
2026-08-30 18:01:25,772 | INFO | step=10610/20000 loss=-0.8411745 nll=-0.8414506 kl=0.0002761781 consistency=0 lambda=0 beta=1 grad=251.5553 horizon=240 lifetime=[334,871] skipped=False
2026-08-30 18:01:26,195 | INFO | step=10620/20000 loss=-1.847493 nll=-1.847811 kl=0.0003182292 consistency=0 lambda=0 beta=1 grad=70.5644 horizon=180 lifetime=[467,875] skipped=False
2026-08-30 18:01:26,582 | INFO | step=10630/20000 loss=-1.901954 nll=-1.90232 kl=0.0003659427 consistency=0 lambda=0 beta=1 grad=108.2887 horizon=180 lifetime=[494,869] skipped=False
2026-08-30 18:01:26,974 | INFO | step=10640/20000 loss=-1.518745 nll=-1.519132 kl=0.0003870428 consistency=0 lambda=0 beta=1 grad=53.69398 horizon=120 lifetime=[147,909] skipped=False
2026-08-30 18:01:27,328 | INFO | step=10650/20000 loss=-1.259721 nll=-1.259897 kl=0.0001763999 consistency=0 lambda=0 beta=1 grad=80.57184 horizon=220 lifetime=[494,1081] skipped=False
2026-08-30 18:01:27,756 | INFO | step=10660/20000 loss=-1.067022 nll=-1.067353 kl=0.0003308654 consistency=0 lambda=0 beta=1 grad=269.1268 horizon=280 lifetime=[428,2154] skipped=False
2026-08-30 18:01:28,152 | INFO | step=10670/20000 loss=-1.594488 nll=-1.594761 kl=0.0002733469 consistency=0 lambda=0 beta=1 grad=111.1986 horizon=200 lifetime=[480,1152] skipped=False
2026-08-30 18:01:28,579 | INFO | step=10680/20000 loss=-0.760131 nll=-0.7605191 kl=0.0003881454 consistency=0 lambda=0 beta=1 grad=218.6644 horizon=220 lifetime=[534,875] skipped=False
2026-08-30 18:01:29,021 | INFO | step=10690/20000 loss=-1.757291 nll=-1.757634 kl=0.0003429949 consistency=0 lambda=0 beta=1 grad=47.3711 horizon=220 lifetime=[437,1834] skipped=False
2026-08-30 18:01:29,444 | INFO | step=10700/20000 loss=-1.800445 nll=-1.800826 kl=0.0003816485 consistency=0 lambda=0 beta=1 grad=93.27608 horizon=300 lifetime=[467,913] skipped=False
2026-08-30 18:01:29,858 | INFO | step=10710/20000 loss=-1.51438 nll=-1.514702 kl=0.0003226995 consistency=0 lambda=0 beta=1 grad=85.16553 horizon=240 lifetime=[443,2154] skipped=False
2026-08-30 18:01:30,246 | INFO | step=10720/20000 loss=-0.9928738 nll=-0.9933504 kl=0.0004765391 consistency=0 lambda=0 beta=1 grad=123.6752 horizon=120 lifetime=[497,1834] skipped=False
2026-08-30 18:01:30,624 | INFO | step=10730/20000 loss=-1.287944 nll=-1.288403 kl=0.0004588664 consistency=0 lambda=0 beta=1 grad=236.7325 horizon=120 lifetime=[467,887] skipped=False
2026-08-30 18:01:31,225 | INFO | step=10740/20000 loss=-1.188905 nll=-1.189533 kl=0.0006280541 consistency=0 lambda=0 beta=1 grad=33.0454 horizon=120 lifetime=[437,1081] skipped=False
2026-08-30 18:01:31,590 | INFO | step=10750/20000 loss=-1.258435 nll=-1.258992 kl=0.0005574822 consistency=0 lambda=0 beta=1 grad=188.1724 horizon=180 lifetime=[482,942] skipped=False
2026-08-30 18:01:31,982 | INFO | step=10760/20000 loss=-1.675548 nll=-1.675936 kl=0.0003875792 consistency=0 lambda=0 beta=1 grad=55.81488 horizon=120 lifetime=[460,991] skipped=False
2026-08-30 18:01:32,340 | INFO | step=10770/20000 loss=-1.448897 nll=-1.449334 kl=0.0004373789 consistency=0 lambda=0 beta=1 grad=51.51692 horizon=160 lifetime=[437,1049] skipped=False
2026-08-30 18:01:32,754 | INFO | step=10780/20000 loss=-1.135298 nll=-1.135576 kl=0.0002784729 consistency=0 lambda=0 beta=1 grad=48.29012 horizon=160 lifetime=[557,1932] skipped=False
2026-08-30 18:01:33,193 | INFO | step=10790/20000 loss=-1.981201 nll=-1.981809 kl=0.0006072223 consistency=0 lambda=0 beta=1 grad=44.41416 horizon=200 lifetime=[428,1932] skipped=False
2026-08-30 18:01:33,617 | INFO | step=10800/20000 loss=-1.740474 nll=-1.740798 kl=0.0003230274 consistency=0 lambda=0 beta=1 grad=121.544 horizon=220 lifetime=[493,1143] skipped=False
2026-08-30 18:01:34,051 | INFO | step=10810/20000 loss=-1.610215 nll=-1.610516 kl=0.0003006458 consistency=0 lambda=0 beta=1 grad=213.2671 horizon=300 lifetime=[453,2154] skipped=False
2026-08-30 18:01:34,472 | INFO | step=10820/20000 loss=-1.611712 nll=-1.612062 kl=0.0003497005 consistency=0 lambda=0 beta=1 grad=155.0513 horizon=160 lifetime=[428,988] skipped=False
2026-08-30 18:01:34,883 | INFO | step=10830/20000 loss=-1.516923 nll=-1.517253 kl=0.0003293157 consistency=0 lambda=0 beta=1 grad=89.62798 horizon=180 lifetime=[437,1052] skipped=False
2026-08-30 18:01:35,266 | INFO | step=10840/20000 loss=-1.734788 nll=-1.735132 kl=0.0003441274 consistency=0 lambda=0 beta=1 grad=53.19477 horizon=160 lifetime=[482,988] skipped=False
2026-08-30 18:01:35,658 | INFO | step=10850/20000 loss=-1.438641 nll=-1.438987 kl=0.0003465116 consistency=0 lambda=0 beta=1 grad=157.5224 horizon=240 lifetime=[480,942] skipped=False
2026-08-30 18:01:36,024 | INFO | step=10860/20000 loss=-1.728773 nll=-1.729113 kl=0.0003402531 consistency=0 lambda=0 beta=1 grad=120.0387 horizon=260 lifetime=[494,1071] skipped=False
2026-08-30 18:01:36,430 | INFO | step=10870/20000 loss=-0.8944819 nll=-0.8947199 kl=0.0002380013 consistency=0 lambda=0 beta=1 grad=102.9438 horizon=240 lifetime=[437,913] skipped=False
2026-08-30 18:01:36,856 | INFO | step=10880/20000 loss=-1.869911 nll=-1.870428 kl=0.0005166233 consistency=0 lambda=0 beta=1 grad=92.0225 horizon=260 lifetime=[437,1007] skipped=False
2026-08-30 18:01:37,280 | INFO | step=10890/20000 loss=-1.779639 nll=-1.779777 kl=0.0001380146 consistency=0 lambda=0 beta=1 grad=37.21951 horizon=280 lifetime=[334,1282] skipped=False
2026-08-30 18:01:37,691 | INFO | step=10900/20000 loss=-1.601017 nll=-1.60125 kl=0.0002328753 consistency=0 lambda=0 beta=1 grad=138.0012 horizon=280 lifetime=[443,1858] skipped=False
2026-08-30 18:01:38,116 | INFO | step=10910/20000 loss=-1.316566 nll=-1.317074 kl=0.0005078018 consistency=0 lambda=0 beta=1 grad=78.70754 horizon=220 lifetime=[462,1932] skipped=False
2026-08-30 18:01:38,520 | INFO | step=10920/20000 loss=-1.973901 nll=-1.974155 kl=0.0002539754 consistency=0 lambda=0 beta=1 grad=68.36639 horizon=280 lifetime=[334,823] skipped=False
2026-08-30 18:01:38,910 | INFO | step=10930/20000 loss=-2.045566 nll=-2.046182 kl=0.0006162226 consistency=0 lambda=0 beta=1 grad=262.2839 horizon=220 lifetime=[428,1071] skipped=False
2026-08-30 18:01:39,310 | INFO | step=10940/20000 loss=-1.352596 nll=-1.35287 kl=0.0002737939 consistency=0 lambda=0 beta=1 grad=207.9962 horizon=280 lifetime=[334,2154] skipped=False
2026-08-30 18:01:39,680 | INFO | step=10950/20000 loss=-0.9491351 nll=-0.9500251 kl=0.0008900166 consistency=0 lambda=0 beta=1 grad=59.75329 horizon=140 lifetime=[428,1282] skipped=False
2026-08-30 18:01:40,090 | INFO | step=10960/20000 loss=-1.493612 nll=-1.493854 kl=0.0002419353 consistency=0 lambda=0 beta=1 grad=83.01888 horizon=160 lifetime=[477,915] skipped=False
2026-08-30 18:01:40,487 | INFO | step=10970/20000 loss=-0.3133768 nll=-0.3135923 kl=0.000215441 consistency=0 lambda=0 beta=1 grad=581.622 horizon=280 lifetime=[443,1007] skipped=False
2026-08-30 18:01:40,896 | INFO | step=10980/20000 loss=-1.957187 nll=-1.957378 kl=0.0001911223 consistency=0 lambda=0 beta=1 grad=61.57211 horizon=160 lifetime=[456,1071] skipped=False
2026-08-30 18:01:41,251 | INFO | step=10990/20000 loss=-1.488711 nll=-1.489098 kl=0.0003873408 consistency=0 lambda=0 beta=1 grad=143.2823 horizon=200 lifetime=[442,933] skipped=False
2026-08-30 18:01:41,950 | INFO | validation step=11000 rmse=122.9536 best=96.63276@6000 stale=9/10
2026-08-30 18:01:41,950 | INFO | step=11000/20000 loss=-1.934496 nll=-1.934891 kl=0.0003951192 consistency=0 lambda=0 beta=1 grad=105.1921 horizon=240 lifetime=[442,909] skipped=False
2026-08-30 18:01:42,525 | INFO | step=11010/20000 loss=-1.829258 nll=-1.829483 kl=0.0002249479 consistency=0 lambda=0 beta=1 grad=79.58376 horizon=260 lifetime=[462,2154] skipped=False
2026-08-30 18:01:42,954 | INFO | step=11020/20000 loss=-1.296303 nll=-1.296653 kl=0.0003500879 consistency=0 lambda=0 beta=1 grad=59.78959 horizon=180 lifetime=[464,1834] skipped=False
2026-08-30 18:01:43,363 | INFO | step=11030/20000 loss=-0.5963647 nll=-0.5966474 kl=0.0002826452 consistency=0 lambda=0 beta=1 grad=247.7729 horizon=280 lifetime=[442,1007] skipped=False
2026-08-30 18:01:43,788 | INFO | step=11040/20000 loss=-1.489033 nll=-1.489572 kl=0.0005390346 consistency=0 lambda=0 beta=1 grad=62.8796 horizon=140 lifetime=[437,1282] skipped=False
2026-08-30 18:01:44,143 | INFO | step=11050/20000 loss=-2.099468 nll=-2.099937 kl=0.0004694164 consistency=0 lambda=0 beta=1 grad=30.43801 horizon=160 lifetime=[334,1071] skipped=False
2026-08-30 18:01:44,522 | INFO | step=11060/20000 loss=-0.743264 nll=-0.743573 kl=0.0003089905 consistency=0 lambda=0 beta=1 grad=103.417 horizon=120 lifetime=[498,2154] skipped=False
2026-08-30 18:01:44,902 | INFO | step=11070/20000 loss=-0.7879062 nll=-0.7882802 kl=0.0003740191 consistency=0 lambda=0 beta=1 grad=101.549 horizon=100 lifetime=[428,1858] skipped=False
2026-08-30 18:01:45,295 | INFO | step=11080/20000 loss=-1.280601 nll=-1.280892 kl=0.0002903044 consistency=0 lambda=0 beta=1 grad=85.52531 horizon=140 lifetime=[443,1282] skipped=False
2026-08-30 18:01:45,680 | INFO | step=11090/20000 loss=-1.395844 nll=-1.396237 kl=0.0003934801 consistency=0 lambda=0 beta=1 grad=175.6837 horizon=120 lifetime=[334,1052] skipped=False
2026-08-30 18:01:46,124 | INFO | step=11100/20000 loss=-0.8320717 nll=-0.8325287 kl=0.0004570782 consistency=0 lambda=0 beta=1 grad=539.2751 horizon=300 lifetime=[460,906] skipped=False
2026-08-30 18:01:46,575 | INFO | step=11110/20000 loss=-0.5960635 nll=-0.5962495 kl=0.0001859367 consistency=0 lambda=0 beta=1 grad=437.5063 horizon=280 lifetime=[460,2154] skipped=False
2026-08-30 18:01:47,057 | INFO | step=11120/20000 loss=-1.208943 nll=-1.209157 kl=0.0002139509 consistency=0 lambda=0 beta=1 grad=311.1079 horizon=220 lifetime=[460,1015] skipped=False
2026-08-30 18:01:47,464 | INFO | step=11130/20000 loss=-1.969375 nll=-1.969754 kl=0.0003783405 consistency=0 lambda=0 beta=1 grad=56.2974 horizon=280 lifetime=[443,1071] skipped=False
2026-08-30 18:01:47,870 | INFO | step=11140/20000 loss=-1.388977 nll=-1.389407 kl=0.0004298985 consistency=0 lambda=0 beta=1 grad=120.9249 horizon=220 lifetime=[505,2154] skipped=False
2026-08-30 18:01:48,290 | INFO | step=11150/20000 loss=-1.078715 nll=-1.079079 kl=0.0003641248 consistency=0 lambda=0 beta=1 grad=439.0258 horizon=200 lifetime=[460,1071] skipped=False
2026-08-30 18:01:48,751 | INFO | step=11160/20000 loss=-2.387681 nll=-2.387885 kl=0.0002035797 consistency=0 lambda=0 beta=1 grad=82.4233 horizon=220 lifetime=[477,1081] skipped=False
2026-08-30 18:01:49,148 | INFO | step=11170/20000 loss=-1.764691 nll=-1.764945 kl=0.0002536774 consistency=0 lambda=0 beta=1 grad=224.0967 horizon=280 lifetime=[464,871] skipped=False
2026-08-30 18:01:49,562 | INFO | step=11180/20000 loss=-1.643409 nll=-1.643821 kl=0.0004121065 consistency=0 lambda=0 beta=1 grad=133.0404 horizon=280 lifetime=[480,2154] skipped=False
2026-08-30 18:01:49,960 | INFO | step=11190/20000 loss=-1.659259 nll=-1.659785 kl=0.000526309 consistency=0 lambda=0 beta=1 grad=106.7029 horizon=300 lifetime=[607,1081] skipped=False
2026-08-30 18:01:50,400 | INFO | step=11200/20000 loss=0.07919553 nll=0.07895744 kl=0.0002380908 consistency=0 lambda=0 beta=1 grad=293.0831 horizon=280 lifetime=[455,1049] skipped=False
2026-08-30 18:01:50,759 | INFO | step=11210/20000 loss=0.5178334 nll=0.5165306 kl=0.001302749 consistency=0 lambda=0 beta=1 grad=495.5622 horizon=140 lifetime=[453,930] skipped=False
2026-08-30 18:01:51,160 | INFO | step=11220/20000 loss=-1.851721 nll=-1.851938 kl=0.0002165139 consistency=0 lambda=0 beta=1 grad=31.37932 horizon=180 lifetime=[455,1143] skipped=False
2026-08-30 18:01:51,554 | INFO | step=11230/20000 loss=-1.146536 nll=-1.146834 kl=0.0002975464 consistency=0 lambda=0 beta=1 grad=28.47949 horizon=160 lifetime=[519,1932] skipped=False
2026-08-30 18:01:51,956 | INFO | step=11240/20000 loss=-1.480332 nll=-1.481107 kl=0.000775069 consistency=0 lambda=0 beta=1 grad=84.23372 horizon=160 lifetime=[428,1071] skipped=False
2026-08-30 18:01:52,355 | INFO | step=11250/20000 loss=-1.983455 nll=-1.983801 kl=0.0003468096 consistency=0 lambda=0 beta=1 grad=121.3623 horizon=280 lifetime=[460,1071] skipped=False
2026-08-30 18:01:52,776 | INFO | step=11260/20000 loss=-0.9996357 nll=-0.9998355 kl=0.0001998246 consistency=0 lambda=0 beta=1 grad=47.91228 horizon=100 lifetime=[428,921] skipped=False
2026-08-30 18:01:53,188 | INFO | step=11270/20000 loss=-1.731409 nll=-1.731624 kl=0.0002154112 consistency=0 lambda=0 beta=1 grad=232.512 horizon=260 lifetime=[455,913] skipped=False
2026-08-30 18:01:53,569 | INFO | step=11280/20000 loss=-1.100576 nll=-1.100895 kl=0.0003189445 consistency=0 lambda=0 beta=1 grad=197.4202 horizon=160 lifetime=[477,1071] skipped=False
2026-08-30 18:01:53,969 | INFO | step=11290/20000 loss=-1.460971 nll=-1.461315 kl=0.0003443956 consistency=0 lambda=0 beta=1 grad=110.9615 horizon=260 lifetime=[334,1282] skipped=False
2026-08-30 18:01:54,364 | INFO | step=11300/20000 loss=-0.8197058 nll=-0.8200148 kl=0.0003090203 consistency=0 lambda=0 beta=1 grad=242.5 horizon=160 lifetime=[465,1858] skipped=False
2026-08-30 18:01:54,776 | INFO | step=11310/20000 loss=-1.825224 nll=-1.825423 kl=0.0001988709 consistency=0 lambda=0 beta=1 grad=39.74122 horizon=300 lifetime=[334,1834] skipped=False
2026-08-30 18:01:55,150 | INFO | step=11320/20000 loss=-1.605758 nll=-1.606028 kl=0.000270009 consistency=0 lambda=0 beta=1 grad=222.519 horizon=220 lifetime=[442,2154] skipped=False
2026-08-30 18:01:55,528 | INFO | step=11330/20000 loss=-1.65424 nll=-1.654395 kl=0.0001553893 consistency=0 lambda=0 beta=1 grad=69.27808 horizon=140 lifetime=[456,933] skipped=False
2026-08-30 18:01:55,922 | INFO | step=11340/20000 loss=-1.99812 nll=-1.998636 kl=0.0005161762 consistency=0 lambda=0 beta=1 grad=201.7168 horizon=160 lifetime=[334,942] skipped=False
2026-08-30 18:01:56,315 | INFO | step=11350/20000 loss=-1.595218 nll=-1.595547 kl=0.0003287792 consistency=0 lambda=0 beta=1 grad=139.1439 horizon=220 lifetime=[428,1015] skipped=False
2026-08-30 18:01:56,729 | INFO | step=11360/20000 loss=-0.7727165 nll=-0.7733597 kl=0.0006431043 consistency=0 lambda=0 beta=1 grad=48.22808 horizon=100 lifetime=[498,1858] skipped=False
2026-08-30 18:01:57,103 | INFO | step=11370/20000 loss=-1.200776 nll=-1.201201 kl=0.0004255474 consistency=0 lambda=0 beta=1 grad=211.2709 horizon=140 lifetime=[462,1071] skipped=False
2026-08-30 18:01:57,527 | INFO | step=11380/20000 loss=-1.471254 nll=-1.471411 kl=0.0001569092 consistency=0 lambda=0 beta=1 grad=257.2279 horizon=280 lifetime=[453,1052] skipped=False
2026-08-30 18:01:57,909 | INFO | step=11390/20000 loss=-0.7774761 nll=-0.777647 kl=0.0001709759 consistency=0 lambda=0 beta=1 grad=90.43823 horizon=120 lifetime=[428,1858] skipped=False
2026-08-30 18:01:58,310 | INFO | step=11400/20000 loss=-2.074168 nll=-2.074651 kl=0.0004825294 consistency=0 lambda=0 beta=1 grad=73.91912 horizon=180 lifetime=[455,1015] skipped=False
2026-08-30 18:01:58,699 | INFO | step=11410/20000 loss=-0.7840884 nll=-0.78457 kl=0.0004816353 consistency=0 lambda=0 beta=1 grad=97.84465 horizon=120 lifetime=[665,1081] skipped=False
2026-08-30 18:01:59,070 | INFO | step=11420/20000 loss=-2.043808 nll=-2.044333 kl=0.0005253255 consistency=0 lambda=0 beta=1 grad=137.7889 horizon=220 lifetime=[453,1076] skipped=False
2026-08-30 18:01:59,472 | INFO | step=11430/20000 loss=-1.583448 nll=-1.583668 kl=0.0002196431 consistency=0 lambda=0 beta=1 grad=93.3868 horizon=180 lifetime=[482,877] skipped=False
2026-08-30 18:01:59,854 | INFO | step=11440/20000 loss=-1.635516 nll=-1.635841 kl=0.0003252327 consistency=0 lambda=0 beta=1 grad=132.3904 horizon=220 lifetime=[498,1834] skipped=False
2026-08-30 18:02:00,228 | INFO | step=11450/20000 loss=-1.96051 nll=-1.960842 kl=0.0003319085 consistency=0 lambda=0 beta=1 grad=112.8575 horizon=180 lifetime=[443,1071] skipped=False
2026-08-30 18:02:00,610 | INFO | step=11460/20000 loss=-2.215545 nll=-2.216002 kl=0.0004569292 consistency=0 lambda=0 beta=1 grad=338.233 horizon=220 lifetime=[456,913] skipped=False
2026-08-30 18:02:01,008 | INFO | step=11470/20000 loss=-2.279104 nll=-2.279372 kl=0.0002670288 consistency=0 lambda=0 beta=1 grad=115.27 horizon=220 lifetime=[442,860] skipped=False
2026-08-30 18:02:01,388 | INFO | step=11480/20000 loss=-1.419391 nll=-1.419669 kl=0.0002779365 consistency=0 lambda=0 beta=1 grad=223.5112 horizon=160 lifetime=[453,1932] skipped=False
2026-08-30 18:02:01,782 | INFO | step=11490/20000 loss=-2.175651 nll=-2.175942 kl=0.0002910197 consistency=0 lambda=0 beta=1 grad=59.90174 horizon=200 lifetime=[443,906] skipped=False
2026-08-30 18:02:02,502 | INFO | validation step=11500 rmse=115.1284 best=96.63276@6000 stale=10/10
2026-08-30 18:02:02,502 | INFO | step=11500/20000 loss=-1.335062 nll=-1.335304 kl=0.0002418756 consistency=0 lambda=0 beta=1 grad=174.6844 horizon=180 lifetime=[482,1932] skipped=False
2026-08-30 18:02:02,603 | INFO | early stopping at step=11500 best=96.63276@6000
2026-08-30 18:02:02,694 | INFO | completed run=/home/JunseoPark/바탕화면/battery_gru/outputs/horizon_lifetime_iv_anp_grid/suites/20260830_124935_068102/runs/horiginal_s52_lr0p0001_f4/20260830_175412_461837_f4_life_iv_base_s52
