2026-08-30 14:23:23,644 | INFO | start fold=3 device=cuda parameters=886228 train=108 validation=27 horizons=[100, 120, 140, 160, 180, 200, 220, 240, 260, 280, 300] q_points=256 context=[8,16] query=8 target=lifetime delta_soh=false paired_horizons=False consistency_weight=0 consistency_gap=20
2026-08-30 14:23:23,644 | INFO | train_scalers cycle=300 soh=0.96522+-0.016708 voltage=2.7675+-0.46865 current=3.2315+-1.4987 lifetime=795.06+-289.69
2026-08-30 14:23:23,803 | INFO | step=1/20000 loss=2.932222 nll=2.932214 kl=0.03796329 consistency=0 lambda=0 beta=0.0002 grad=nan horizon=100 lifetime=[299,1705] skipped=True
2026-08-30 14:23:24,542 | INFO | step=10/20000 loss=1.909261 nll=1.909224 kl=0.01874675 consistency=0 lambda=0 beta=0.002 grad=4.169033 horizon=200 lifetime=[460,1635] skipped=False
2026-08-30 14:23:24,992 | INFO | step=20/20000 loss=1.234736 nll=1.234694 kl=0.01051544 consistency=0 lambda=0 beta=0.004 grad=0.4053106 horizon=200 lifetime=[299,1015] skipped=False
2026-08-30 14:23:25,384 | INFO | step=30/20000 loss=1.02068 nll=1.020523 kl=0.02618714 consistency=0 lambda=0 beta=0.006 grad=1.271886 horizon=120 lifetime=[458,921] skipped=False
2026-08-30 14:23:25,819 | INFO | step=40/20000 loss=3.085346 nll=3.085168 kl=0.02216833 consistency=0 lambda=0 beta=0.008 grad=11.16685 horizon=280 lifetime=[482,1705] skipped=False
2026-08-30 14:23:26,259 | INFO | step=50/20000 loss=1.631448 nll=1.631281 kl=0.01671394 consistency=0 lambda=0 beta=0.01 grad=2.429325 horizon=260 lifetime=[299,1282] skipped=False
2026-08-30 14:23:26,654 | INFO | step=60/20000 loss=0.930622 nll=0.9304711 kl=0.01257441 consistency=0 lambda=0 beta=0.012 grad=1.72121 horizon=200 lifetime=[484,858] skipped=False
2026-08-30 14:23:27,104 | INFO | step=70/20000 loss=1.034563 nll=1.034271 kl=0.02082542 consistency=0 lambda=0 beta=0.014 grad=2.276779 horizon=220 lifetime=[476,860] skipped=False
2026-08-30 14:23:27,490 | INFO | step=80/20000 loss=0.9528458 nll=0.9525223 kl=0.02021792 consistency=0 lambda=0 beta=0.016 grad=1.636118 horizon=100 lifetime=[455,921] skipped=False
2026-08-30 14:23:27,851 | INFO | step=90/20000 loss=1.26701 nll=1.266512 kl=0.02762365 consistency=0 lambda=0 beta=0.018 grad=1.69136 horizon=160 lifetime=[493,1154] skipped=False
2026-08-30 14:23:28,191 | INFO | step=100/20000 loss=3.300321 nll=3.30008 kl=0.0120641 consistency=0 lambda=0 beta=0.02 grad=9.551541 horizon=100 lifetime=[437,1705] skipped=False
2026-08-30 14:23:28,560 | INFO | step=110/20000 loss=1.016337 nll=1.015909 kl=0.01942978 consistency=0 lambda=0 beta=0.022 grad=2.552978 horizon=220 lifetime=[649,1156] skipped=False
2026-08-30 14:23:28,983 | INFO | step=120/20000 loss=1.84867 nll=1.848246 kl=0.01768034 consistency=0 lambda=0 beta=0.024 grad=3.587361 horizon=200 lifetime=[299,1431] skipped=False
2026-08-30 14:23:29,400 | INFO | step=130/20000 loss=0.8976256 nll=0.8971358 kl=0.01883714 consistency=0 lambda=0 beta=0.026 grad=2.102944 horizon=240 lifetime=[458,860] skipped=False
2026-08-30 14:23:29,831 | INFO | step=140/20000 loss=1.113755 nll=1.111755 kl=0.07144183 consistency=0 lambda=0 beta=0.028 grad=6.111174 horizon=200 lifetime=[299,858] skipped=False
2026-08-30 14:23:30,267 | INFO | step=150/20000 loss=0.7675118 nll=0.7657077 kl=0.06013525 consistency=0 lambda=0 beta=0.03 grad=4.885159 horizon=300 lifetime=[518,874] skipped=False
2026-08-30 14:23:30,658 | INFO | step=160/20000 loss=0.9044048 nll=0.9007909 kl=0.1129328 consistency=0 lambda=0 beta=0.032 grad=1.834056 horizon=180 lifetime=[476,1076] skipped=False
2026-08-30 14:23:31,057 | INFO | step=170/20000 loss=1.166079 nll=1.159784 kl=0.1851391 consistency=0 lambda=0 beta=0.034 grad=13.80154 horizon=140 lifetime=[299,847] skipped=False
2026-08-30 14:23:31,416 | INFO | step=180/20000 loss=0.6391674 nll=0.6379392 kl=0.03411784 consistency=0 lambda=0 beta=0.036 grad=5.604631 horizon=200 lifetime=[501,921] skipped=False
2026-08-30 14:23:31,796 | INFO | step=190/20000 loss=0.724027 nll=0.7218986 kl=0.05601344 consistency=0 lambda=0 beta=0.038 grad=11.1185 horizon=220 lifetime=[482,1036] skipped=False
2026-08-30 14:23:32,255 | INFO | step=200/20000 loss=0.751756 nll=0.7406615 kl=0.2773605 consistency=0 lambda=0 beta=0.04 grad=32.1003 horizon=300 lifetime=[455,1071] skipped=False
2026-08-30 14:23:32,686 | INFO | step=210/20000 loss=0.6136433 nll=0.6087142 kl=0.1173606 consistency=0 lambda=0 beta=0.042 grad=14.45698 horizon=220 lifetime=[493,856] skipped=False
2026-08-30 14:23:33,110 | INFO | step=220/20000 loss=0.7533129 nll=0.749945 kl=0.07654363 consistency=0 lambda=0 beta=0.044 grad=24.31515 horizon=300 lifetime=[476,1143] skipped=False
2026-08-30 14:23:33,495 | INFO | step=230/20000 loss=0.7020733 nll=0.7009086 kl=0.02531843 consistency=0 lambda=0 beta=0.046 grad=20.13868 horizon=260 lifetime=[675,1154] skipped=False
2026-08-30 14:23:33,882 | INFO | step=240/20000 loss=0.5718319 nll=0.5701333 kl=0.03538682 consistency=0 lambda=0 beta=0.048 grad=4.207127 horizon=200 lifetime=[477,1000] skipped=False
2026-08-30 14:23:34,276 | INFO | step=250/20000 loss=2.852246 nll=2.850548 kl=0.03395139 consistency=0 lambda=0 beta=0.05 grad=48.38131 horizon=120 lifetime=[467,1858] skipped=False
2026-08-30 14:23:34,731 | INFO | step=260/20000 loss=0.6215975 nll=0.6198919 kl=0.03280062 consistency=0 lambda=0 beta=0.052 grad=2.918163 horizon=220 lifetime=[486,1071] skipped=False
2026-08-30 14:23:35,120 | INFO | step=270/20000 loss=0.7421044 nll=0.7360417 kl=0.1122726 consistency=0 lambda=0 beta=0.054 grad=35.28432 horizon=160 lifetime=[458,1061] skipped=False
2026-08-30 14:23:35,513 | INFO | step=280/20000 loss=0.9493521 nll=0.9469 kl=0.04378764 consistency=0 lambda=0 beta=0.056 grad=71.48067 horizon=300 lifetime=[455,1061] skipped=False
2026-08-30 14:23:35,909 | INFO | step=290/20000 loss=0.8787267 nll=0.8759806 kl=0.04734591 consistency=0 lambda=0 beta=0.058 grad=21.5778 horizon=200 lifetime=[458,1431] skipped=False
2026-08-30 14:23:36,272 | INFO | step=300/20000 loss=1.037983 nll=1.034266 kl=0.06194943 consistency=0 lambda=0 beta=0.06 grad=33.62533 horizon=200 lifetime=[518,1431] skipped=False
2026-08-30 14:23:36,660 | INFO | step=310/20000 loss=0.6058317 nll=0.6029757 kl=0.04606404 consistency=0 lambda=0 beta=0.062 grad=20.37977 horizon=220 lifetime=[476,1038] skipped=False
2026-08-30 14:23:37,041 | INFO | step=320/20000 loss=0.9710254 nll=0.9670341 kl=0.06236422 consistency=0 lambda=0 beta=0.064 grad=27.88431 horizon=140 lifetime=[460,1282] skipped=False
2026-08-30 14:23:37,467 | INFO | step=330/20000 loss=1.773473 nll=1.771696 kl=0.02692938 consistency=0 lambda=0 beta=0.066 grad=16.28668 horizon=120 lifetime=[467,1858] skipped=False
2026-08-30 14:23:37,874 | INFO | step=340/20000 loss=0.846749 nll=0.8449745 kl=0.02609599 consistency=0 lambda=0 beta=0.068 grad=70.43624 horizon=220 lifetime=[455,1431] skipped=False
2026-08-30 14:23:38,267 | INFO | step=350/20000 loss=0.6473597 nll=0.642553 kl=0.068666 consistency=0 lambda=0 beta=0.07 grad=14.36114 horizon=200 lifetime=[501,988] skipped=False
2026-08-30 14:23:38,668 | INFO | step=360/20000 loss=0.9693161 nll=0.9676353 kl=0.02334402 consistency=0 lambda=0 beta=0.072 grad=58.64186 horizon=160 lifetime=[476,871] skipped=False
2026-08-30 14:23:39,052 | INFO | step=370/20000 loss=1.331025 nll=1.327837 kl=0.04307692 consistency=0 lambda=0 beta=0.074 grad=15.24261 horizon=160 lifetime=[512,1431] skipped=False
2026-08-30 14:23:39,427 | INFO | step=380/20000 loss=0.5076677 nll=0.5054709 kl=0.02890528 consistency=0 lambda=0 beta=0.076 grad=16.66151 horizon=140 lifetime=[464,1036] skipped=False
2026-08-30 14:23:39,784 | INFO | step=390/20000 loss=1.677524 nll=1.669153 kl=0.1073096 consistency=0 lambda=0 beta=0.078 grad=inf horizon=260 lifetime=[539,1036] skipped=True
2026-08-30 14:23:40,216 | INFO | step=400/20000 loss=0.7865983 nll=0.783479 kl=0.03899004 consistency=0 lambda=0 beta=0.08 grad=19.03462 horizon=100 lifetime=[476,1000] skipped=False
2026-08-30 14:23:40,646 | INFO | step=410/20000 loss=0.3423982 nll=0.3361251 kl=0.07650077 consistency=0 lambda=0 beta=0.082 grad=4.187078 horizon=280 lifetime=[508,942] skipped=False
2026-08-30 14:23:41,003 | INFO | step=420/20000 loss=0.8304574 nll=0.8256867 kl=0.05679476 consistency=0 lambda=0 beta=0.084 grad=13.71055 horizon=220 lifetime=[455,1154] skipped=False
2026-08-30 14:23:41,402 | INFO | step=430/20000 loss=0.572859 nll=0.5677923 kl=0.05891528 consistency=0 lambda=0 beta=0.086 grad=19.79593 horizon=260 lifetime=[486,1431] skipped=False
2026-08-30 14:23:41,781 | INFO | step=440/20000 loss=1.274871 nll=1.26495 kl=0.1127441 consistency=0 lambda=0 beta=0.088 grad=26.47833 horizon=120 lifetime=[455,1000] skipped=False
2026-08-30 14:23:42,196 | INFO | step=450/20000 loss=0.09203856 nll=0.08926259 kl=0.03084408 consistency=0 lambda=0 beta=0.09 grad=27.54093 horizon=280 lifetime=[461,1076] skipped=False
2026-08-30 14:23:42,593 | INFO | step=460/20000 loss=0.6322751 nll=0.6276572 kl=0.05019487 consistency=0 lambda=0 beta=0.092 grad=19.17125 horizon=260 lifetime=[477,1858] skipped=False
2026-08-30 14:23:43,040 | INFO | step=470/20000 loss=0.1323468 nll=0.123668 kl=0.09232805 consistency=0 lambda=0 beta=0.094 grad=24.48643 horizon=140 lifetime=[437,1015] skipped=False
2026-08-30 14:23:43,442 | INFO | step=480/20000 loss=0.6305315 nll=0.6251271 kl=0.05629586 consistency=0 lambda=0 beta=0.096 grad=36.18111 horizon=240 lifetime=[458,1025] skipped=False
2026-08-30 14:23:43,834 | INFO | step=490/20000 loss=0.4795914 nll=0.4777031 kl=0.01926805 consistency=0 lambda=0 beta=0.098 grad=96.64082 horizon=280 lifetime=[486,1071] skipped=False
2026-08-30 14:23:44,671 | INFO | validation step=500 rmse=277.3462 best=277.3462@500 stale=0/10
2026-08-30 14:23:44,672 | INFO | step=500/20000 loss=1.047887 nll=1.041952 kl=0.05935099 consistency=0 lambda=0 beta=0.1 grad=38.86162 horizon=200 lifetime=[559,1858] skipped=False
2026-08-30 14:23:45,114 | INFO | step=510/20000 loss=0.397236 nll=0.3958258 kl=0.01382529 consistency=0 lambda=0 beta=0.102 grad=62.80406 horizon=280 lifetime=[491,1049] skipped=False
2026-08-30 14:23:45,519 | INFO | step=520/20000 loss=0.3211653 nll=0.3137597 kl=0.07120754 consistency=0 lambda=0 beta=0.104 grad=21.15904 horizon=260 lifetime=[461,915] skipped=False
2026-08-30 14:23:45,913 | INFO | step=530/20000 loss=3.46363 nll=3.458299 kl=0.05028854 consistency=0 lambda=0 beta=0.106 grad=inf horizon=140 lifetime=[501,1635] skipped=True
2026-08-30 14:23:46,317 | INFO | step=540/20000 loss=1.294196 nll=1.289071 kl=0.04745275 consistency=0 lambda=0 beta=0.108 grad=24.64031 horizon=200 lifetime=[615,1932] skipped=False
2026-08-30 14:23:46,703 | INFO | step=550/20000 loss=1.007204 nll=1.004869 kl=0.02122165 consistency=0 lambda=0 beta=0.11 grad=90.86286 horizon=200 lifetime=[456,1156] skipped=False
2026-08-30 14:23:47,101 | INFO | step=560/20000 loss=1.716673 nll=1.694828 kl=0.1950508 consistency=0 lambda=0 beta=0.112 grad=23.7722 horizon=160 lifetime=[512,1705] skipped=False
2026-08-30 14:23:47,471 | INFO | step=570/20000 loss=0.7279233 nll=0.7220389 kl=0.05161784 consistency=0 lambda=0 beta=0.114 grad=16.71315 horizon=160 lifetime=[437,1049] skipped=False
2026-08-30 14:23:47,906 | INFO | step=580/20000 loss=0.2566679 nll=0.250724 kl=0.05124079 consistency=0 lambda=0 beta=0.116 grad=35.06182 horizon=300 lifetime=[467,1076] skipped=False
2026-08-30 14:23:48,308 | INFO | step=590/20000 loss=1.147268 nll=1.144713 kl=0.0216542 consistency=0 lambda=0 beta=0.118 grad=49.29342 horizon=200 lifetime=[467,1932] skipped=False
2026-08-30 14:23:48,672 | INFO | step=600/20000 loss=-0.07376336 nll=-0.07871948 kl=0.04130097 consistency=0 lambda=0 beta=0.12 grad=39.62616 horizon=180 lifetime=[491,1007] skipped=False
2026-08-30 14:23:49,085 | INFO | step=610/20000 loss=1.540854 nll=1.537753 kl=0.02541868 consistency=0 lambda=0 beta=0.122 grad=131.9324 horizon=240 lifetime=[456,1091] skipped=False
2026-08-30 14:23:49,461 | INFO | step=620/20000 loss=1.594969 nll=1.59123 kl=0.03015265 consistency=0 lambda=0 beta=0.124 grad=34.71182 horizon=100 lifetime=[299,1932] skipped=False
2026-08-30 14:23:49,850 | INFO | step=630/20000 loss=0.5853376 nll=0.5835441 kl=0.01423468 consistency=0 lambda=0 beta=0.126 grad=37.51093 horizon=280 lifetime=[464,1858] skipped=False
2026-08-30 14:23:50,224 | INFO | step=640/20000 loss=0.06469453 nll=0.06407399 kl=0.004847925 consistency=0 lambda=0 beta=0.128 grad=17.63685 horizon=200 lifetime=[486,1025] skipped=False
2026-08-30 14:23:50,666 | INFO | step=650/20000 loss=-0.5060183 nll=-0.5135046 kl=0.05758639 consistency=0 lambda=0 beta=0.13 grad=18.37543 horizon=240 lifetime=[299,770] skipped=False
2026-08-30 14:23:51,073 | INFO | step=660/20000 loss=1.134573 nll=1.132182 kl=0.01810767 consistency=0 lambda=0 beta=0.132 grad=32.36841 horizon=180 lifetime=[614,1635] skipped=False
2026-08-30 14:23:51,435 | INFO | step=670/20000 loss=1.615715 nll=1.610926 kl=0.03573618 consistency=0 lambda=0 beta=0.134 grad=90.42915 horizon=140 lifetime=[461,1858] skipped=False
2026-08-30 14:23:51,846 | INFO | step=680/20000 loss=0.3775336 nll=0.3754386 kl=0.01540475 consistency=0 lambda=0 beta=0.136 grad=9.622883 horizon=240 lifetime=[482,1635] skipped=False
2026-08-30 14:23:52,228 | INFO | step=690/20000 loss=0.3742645 nll=0.3723754 kl=0.01368923 consistency=0 lambda=0 beta=0.138 grad=24.42921 horizon=160 lifetime=[482,1705] skipped=False
2026-08-30 14:23:52,663 | INFO | step=700/20000 loss=0.794787 nll=0.7874767 kl=0.05221673 consistency=0 lambda=0 beta=0.14 grad=10.43091 horizon=160 lifetime=[486,1282] skipped=False
2026-08-30 14:23:53,064 | INFO | step=710/20000 loss=0.3048938 nll=0.3026842 kl=0.01556005 consistency=0 lambda=0 beta=0.142 grad=28.6652 horizon=180 lifetime=[493,1635] skipped=False
2026-08-30 14:23:53,436 | INFO | step=720/20000 loss=0.06055 nll=0.05857861 kl=0.01369022 consistency=0 lambda=0 beta=0.144 grad=14.77582 horizon=240 lifetime=[482,1076] skipped=False
2026-08-30 14:23:53,810 | INFO | step=730/20000 loss=0.3189519 nll=0.3144755 kl=0.03066023 consistency=0 lambda=0 beta=0.146 grad=19.63199 horizon=140 lifetime=[477,1091] skipped=False
2026-08-30 14:23:54,195 | INFO | step=740/20000 loss=0.02757717 nll=0.02425835 kl=0.02242448 consistency=0 lambda=0 beta=0.148 grad=10.69466 horizon=280 lifetime=[455,988] skipped=False
2026-08-30 14:23:54,578 | INFO | step=750/20000 loss=0.07940374 nll=0.07790679 kl=0.009979655 consistency=0 lambda=0 beta=0.15 grad=11.82351 horizon=240 lifetime=[470,1025] skipped=False
2026-08-30 14:23:54,949 | INFO | step=760/20000 loss=0.5466597 nll=0.5368844 kl=0.06431098 consistency=0 lambda=0 beta=0.152 grad=26.33689 horizon=260 lifetime=[299,1091] skipped=False
2026-08-30 14:23:55,323 | INFO | step=770/20000 loss=0.5151646 nll=0.5090678 kl=0.03958983 consistency=0 lambda=0 beta=0.154 grad=8.64971 horizon=220 lifetime=[754,1635] skipped=False
2026-08-30 14:23:55,756 | INFO | step=780/20000 loss=1.113633 nll=1.103463 kl=0.06519343 consistency=0 lambda=0 beta=0.156 grad=62.06604 horizon=260 lifetime=[486,1932] skipped=False
2026-08-30 14:23:56,195 | INFO | step=790/20000 loss=1.436812 nll=1.431626 kl=0.03282245 consistency=0 lambda=0 beta=0.158 grad=82.95847 horizon=140 lifetime=[484,1932] skipped=False
2026-08-30 14:23:56,560 | INFO | step=800/20000 loss=0.1363241 nll=0.1323856 kl=0.02461616 consistency=0 lambda=0 beta=0.16 grad=8.304768 horizon=140 lifetime=[614,988] skipped=False
2026-08-30 14:23:56,934 | INFO | step=810/20000 loss=0.01538543 nll=0.01367459 kl=0.01056078 consistency=0 lambda=0 beta=0.162 grad=6.989759 horizon=180 lifetime=[458,988] skipped=False
2026-08-30 14:23:57,335 | INFO | step=820/20000 loss=0.5538443 nll=0.5517392 kl=0.0128361 consistency=0 lambda=0 beta=0.164 grad=22.00761 horizon=200 lifetime=[461,988] skipped=False
2026-08-30 14:23:57,677 | INFO | step=830/20000 loss=0.03570098 nll=0.02995306 kl=0.03462605 consistency=0 lambda=0 beta=0.166 grad=23.60958 horizon=200 lifetime=[467,942] skipped=False
2026-08-30 14:23:58,084 | INFO | step=840/20000 loss=-0.04353667 nll=-0.04736456 kl=0.02278503 consistency=0 lambda=0 beta=0.168 grad=29.59245 horizon=240 lifetime=[437,875] skipped=False
2026-08-30 14:23:58,513 | INFO | step=850/20000 loss=0.4733576 nll=0.4724686 kl=0.005229203 consistency=0 lambda=0 beta=0.17 grad=19.76779 horizon=160 lifetime=[458,1635] skipped=False
2026-08-30 14:23:58,873 | INFO | step=860/20000 loss=1.511424 nll=1.50863 kl=0.01624681 consistency=0 lambda=0 beta=0.172 grad=123.1205 horizon=160 lifetime=[461,1858] skipped=False
2026-08-30 14:23:59,281 | INFO | step=870/20000 loss=0.4732611 nll=0.4680349 kl=0.03003607 consistency=0 lambda=0 beta=0.174 grad=20.62953 horizon=180 lifetime=[299,1061] skipped=False
2026-08-30 14:23:59,672 | INFO | step=880/20000 loss=0.9152153 nll=0.9068273 kl=0.0476591 consistency=0 lambda=0 beta=0.176 grad=22.94581 horizon=100 lifetime=[476,868] skipped=False
2026-08-30 14:24:00,113 | INFO | step=890/20000 loss=0.2428693 nll=0.2395846 kl=0.01845363 consistency=0 lambda=0 beta=0.178 grad=15.34894 horizon=180 lifetime=[456,1091] skipped=False
2026-08-30 14:24:00,485 | INFO | step=900/20000 loss=0.4636201 nll=0.4624733 kl=0.006370943 consistency=0 lambda=0 beta=0.18 grad=25.67248 horizon=280 lifetime=[476,1858] skipped=False
2026-08-30 14:24:00,899 | INFO | step=910/20000 loss=0.5130034 nll=0.5073774 kl=0.03091229 consistency=0 lambda=0 beta=0.182 grad=7.996182 horizon=140 lifetime=[467,1932] skipped=False
2026-08-30 14:24:01,315 | INFO | step=920/20000 loss=0.9079272 nll=0.9011062 kl=0.03707049 consistency=0 lambda=0 beta=0.184 grad=69.62666 horizon=200 lifetime=[486,1076] skipped=False
2026-08-30 14:24:01,715 | INFO | step=930/20000 loss=0.6488312 nll=0.6468319 kl=0.01074917 consistency=0 lambda=0 beta=0.186 grad=30.75146 horizon=120 lifetime=[607,1154] skipped=False
2026-08-30 14:24:02,098 | INFO | step=940/20000 loss=1.503568 nll=1.498015 kl=0.02953842 consistency=0 lambda=0 beta=0.188 grad=77.88563 horizon=220 lifetime=[299,1000] skipped=False
2026-08-30 14:24:02,506 | INFO | step=950/20000 loss=0.6563781 nll=0.6531687 kl=0.01689185 consistency=0 lambda=0 beta=0.19 grad=42.84236 horizon=180 lifetime=[477,1154] skipped=False
2026-08-30 14:24:02,919 | INFO | step=960/20000 loss=0.6738856 nll=0.6717662 kl=0.01103892 consistency=0 lambda=0 beta=0.192 grad=24.27872 horizon=160 lifetime=[456,1156] skipped=False
2026-08-30 14:24:03,331 | INFO | step=970/20000 loss=0.7129503 nll=0.7111387 kl=0.009338337 consistency=0 lambda=0 beta=0.194 grad=75.45938 horizon=300 lifetime=[461,1705] skipped=False
2026-08-30 14:24:03,717 | INFO | step=980/20000 loss=-0.2301279 nll=-0.2307521 kl=0.003184649 consistency=0 lambda=0 beta=0.196 grad=20.89854 horizon=240 lifetime=[477,1076] skipped=False
2026-08-30 14:24:04,125 | INFO | step=990/20000 loss=0.6152936 nll=0.6136088 kl=0.008508644 consistency=0 lambda=0 beta=0.198 grad=65.345 horizon=220 lifetime=[464,1282] skipped=False
2026-08-30 14:24:04,830 | INFO | validation step=1000 rmse=231.919 best=231.919@1000 stale=0/10
2026-08-30 14:24:04,830 | INFO | step=1000/20000 loss=0.190046 nll=0.1868465 kl=0.01599771 consistency=0 lambda=0 beta=0.2 grad=57.85362 horizon=220 lifetime=[477,1049] skipped=False
2026-08-30 14:24:05,257 | INFO | step=1010/20000 loss=0.251957 nll=0.2449438 kl=0.03471874 consistency=0 lambda=0 beta=0.202 grad=38.08171 horizon=280 lifetime=[460,1076] skipped=False
2026-08-30 14:24:05,705 | INFO | step=1020/20000 loss=0.1930586 nll=0.1910823 kl=0.009687974 consistency=0 lambda=0 beta=0.204 grad=31.54232 horizon=200 lifetime=[477,1156] skipped=False
2026-08-30 14:24:06,089 | INFO | step=1030/20000 loss=0.9951551 nll=0.9911592 kl=0.01939763 consistency=0 lambda=0 beta=0.206 grad=117.0384 horizon=200 lifetime=[455,1431] skipped=False
2026-08-30 14:24:06,484 | INFO | step=1040/20000 loss=0.4435928 nll=0.4412711 kl=0.01116213 consistency=0 lambda=0 beta=0.208 grad=29.06102 horizon=200 lifetime=[539,1071] skipped=False
2026-08-30 14:24:06,889 | INFO | step=1050/20000 loss=0.5167693 nll=0.5133323 kl=0.01636658 consistency=0 lambda=0 beta=0.21 grad=39.63989 horizon=160 lifetime=[493,1045] skipped=False
2026-08-30 14:24:07,286 | INFO | step=1060/20000 loss=0.02543115 nll=0.02349132 kl=0.009150125 consistency=0 lambda=0 beta=0.212 grad=50.82328 horizon=180 lifetime=[476,1036] skipped=False
2026-08-30 14:24:07,663 | INFO | step=1070/20000 loss=1.061754 nll=1.054817 kl=0.0324138 consistency=0 lambda=0 beta=0.214 grad=71.84612 horizon=120 lifetime=[458,964] skipped=False
2026-08-30 14:24:08,050 | INFO | step=1080/20000 loss=-0.073425 nll=-0.07574011 kl=0.01071812 consistency=0 lambda=0 beta=0.216 grad=17.42187 horizon=140 lifetime=[539,915] skipped=False
2026-08-30 14:24:08,455 | INFO | step=1090/20000 loss=0.5623578 nll=0.5533503 kl=0.04131874 consistency=0 lambda=0 beta=0.218 grad=30.16383 horizon=120 lifetime=[456,1635] skipped=False
2026-08-30 14:24:08,821 | INFO | step=1100/20000 loss=0.1314873 nll=0.1299988 kl=0.006766028 consistency=0 lambda=0 beta=0.22 grad=56.11833 horizon=180 lifetime=[467,1091] skipped=False
2026-08-30 14:24:09,205 | INFO | step=1110/20000 loss=0.3192273 nll=0.3171374 kl=0.009414037 consistency=0 lambda=0 beta=0.222 grad=22.46809 horizon=100 lifetime=[461,868] skipped=False
2026-08-30 14:24:09,572 | INFO | step=1120/20000 loss=0.4778228 nll=0.4750563 kl=0.01235063 consistency=0 lambda=0 beta=0.224 grad=10.62402 horizon=100 lifetime=[486,1038] skipped=False
2026-08-30 14:24:09,934 | INFO | step=1130/20000 loss=0.2219083 nll=0.2156627 kl=0.0276352 consistency=0 lambda=0 beta=0.226 grad=40.28868 horizon=160 lifetime=[738,1154] skipped=False
2026-08-30 14:24:10,293 | INFO | step=1140/20000 loss=0.4240902 nll=0.4179026 kl=0.02713862 consistency=0 lambda=0 beta=0.228 grad=84.99271 horizon=180 lifetime=[486,1858] skipped=False
2026-08-30 14:24:10,698 | INFO | step=1150/20000 loss=-0.1036643 nll=-0.1045942 kl=0.00404289 consistency=0 lambda=0 beta=0.23 grad=29.11964 horizon=220 lifetime=[512,1049] skipped=False
2026-08-30 14:24:11,059 | INFO | step=1160/20000 loss=0.3817579 nll=0.3774804 kl=0.01843731 consistency=0 lambda=0 beta=0.232 grad=40.47089 horizon=120 lifetime=[461,1091] skipped=False
2026-08-30 14:24:11,466 | INFO | step=1170/20000 loss=-0.1762757 nll=-0.1769304 kl=0.002797898 consistency=0 lambda=0 beta=0.234 grad=16.10868 horizon=240 lifetime=[510,1049] skipped=False
2026-08-30 14:24:11,807 | INFO | step=1180/20000 loss=0.5622087 nll=0.5471264 kl=0.06390806 consistency=0 lambda=0 beta=0.236 grad=7.995235 horizon=100 lifetime=[456,1025] skipped=False
2026-08-30 14:24:12,224 | INFO | step=1190/20000 loss=-0.1559338 nll=-0.1601265 kl=0.0176166 consistency=0 lambda=0 beta=0.238 grad=17.55757 horizon=260 lifetime=[470,1091] skipped=False
2026-08-30 14:24:12,599 | INFO | step=1200/20000 loss=1.16563 nll=1.164253 kl=0.00573389 consistency=0 lambda=0 beta=0.24 grad=52.37884 horizon=120 lifetime=[529,1071] skipped=False
2026-08-30 14:24:13,003 | INFO | step=1210/20000 loss=1.55664 nll=1.554471 kl=0.008962041 consistency=0 lambda=0 beta=0.242 grad=74.78587 horizon=140 lifetime=[458,1705] skipped=False
2026-08-30 14:24:13,417 | INFO | step=1220/20000 loss=0.9230418 nll=0.9208194 kl=0.00910832 consistency=0 lambda=0 beta=0.244 grad=99.27113 horizon=160 lifetime=[614,1143] skipped=False
2026-08-30 14:24:13,772 | INFO | step=1230/20000 loss=0.3492537 nll=0.3473233 kl=0.007847339 consistency=0 lambda=0 beta=0.246 grad=51.96114 horizon=300 lifetime=[470,1705] skipped=False
2026-08-30 14:24:14,173 | INFO | step=1240/20000 loss=0.4402307 nll=0.4386413 kl=0.006408818 consistency=0 lambda=0 beta=0.248 grad=72.43443 horizon=300 lifetime=[501,1932] skipped=False
2026-08-30 14:24:14,573 | INFO | step=1250/20000 loss=0.4448192 nll=0.4424397 kl=0.009517827 consistency=0 lambda=0 beta=0.25 grad=32.32505 horizon=160 lifetime=[476,1143] skipped=False
2026-08-30 14:24:14,931 | INFO | step=1260/20000 loss=-0.04101814 nll=-0.04375276 kl=0.01085165 consistency=0 lambda=0 beta=0.252 grad=35.03933 horizon=140 lifetime=[508,1049] skipped=False
2026-08-30 14:24:15,365 | INFO | step=1270/20000 loss=1.768966 nll=1.762028 kl=0.02731342 consistency=0 lambda=0 beta=0.254 grad=91.58883 horizon=100 lifetime=[518,1858] skipped=False
2026-08-30 14:24:15,759 | INFO | step=1280/20000 loss=-0.02323879 nll=-0.02451377 kl=0.004980396 consistency=0 lambda=0 beta=0.256 grad=10.71464 horizon=140 lifetime=[476,1025] skipped=False
2026-08-30 14:24:16,146 | INFO | step=1290/20000 loss=0.3278432 nll=0.3246212 kl=0.0124883 consistency=0 lambda=0 beta=0.258 grad=36.63556 horizon=100 lifetime=[299,1015] skipped=False
2026-08-30 14:24:16,506 | INFO | step=1300/20000 loss=0.993778 nll=0.9927452 kl=0.003972321 consistency=0 lambda=0 beta=0.26 grad=107.8397 horizon=180 lifetime=[456,1091] skipped=False
2026-08-30 14:24:16,905 | INFO | step=1310/20000 loss=-0.235727 nll=-0.2376732 kl=0.0074282 consistency=0 lambda=0 beta=0.262 grad=40.03274 horizon=220 lifetime=[467,794] skipped=False
2026-08-30 14:24:17,334 | INFO | step=1320/20000 loss=0.7035994 nll=0.7009158 kl=0.0101653 consistency=0 lambda=0 beta=0.264 grad=45.23724 horizon=160 lifetime=[482,1858] skipped=False
2026-08-30 14:24:17,773 | INFO | step=1330/20000 loss=0.0419637 nll=0.03947728 kl=0.009347457 consistency=0 lambda=0 beta=0.266 grad=34.69129 horizon=300 lifetime=[455,1156] skipped=False
2026-08-30 14:24:18,200 | INFO | step=1340/20000 loss=0.6876024 nll=0.6858724 kl=0.006455002 consistency=0 lambda=0 beta=0.268 grad=32.76532 horizon=260 lifetime=[437,1076] skipped=False
2026-08-30 14:24:18,571 | INFO | step=1350/20000 loss=0.00776399 nll=0.004393943 kl=0.01248165 consistency=0 lambda=0 beta=0.27 grad=18.46045 horizon=240 lifetime=[299,1071] skipped=False
2026-08-30 14:24:18,959 | INFO | step=1360/20000 loss=0.8447254 nll=0.8407946 kl=0.01445176 consistency=0 lambda=0 beta=0.272 grad=15.02901 horizon=100 lifetime=[437,1000] skipped=False
2026-08-30 14:24:19,549 | INFO | step=1370/20000 loss=-0.3265066 nll=-0.3286665 kl=0.007882892 consistency=0 lambda=0 beta=0.274 grad=13.92384 horizon=240 lifetime=[482,1049] skipped=False
2026-08-30 14:24:19,927 | INFO | step=1380/20000 loss=-0.1802257 nll=-0.1842229 kl=0.0144825 consistency=0 lambda=0 beta=0.276 grad=7.150119 horizon=260 lifetime=[529,1076] skipped=False
2026-08-30 14:24:20,283 | INFO | step=1390/20000 loss=0.9222136 nll=0.9121172 kl=0.03631779 consistency=0 lambda=0 beta=0.278 grad=27.56409 horizon=280 lifetime=[559,1038] skipped=False
2026-08-30 14:24:20,670 | INFO | step=1400/20000 loss=0.2642573 nll=0.2620973 kl=0.007714096 consistency=0 lambda=0 beta=0.28 grad=13.50132 horizon=220 lifetime=[486,1635] skipped=False
2026-08-30 14:24:21,047 | INFO | step=1410/20000 loss=0.4092728 nll=0.4044646 kl=0.0170505 consistency=0 lambda=0 beta=0.282 grad=20.89437 horizon=120 lifetime=[501,823] skipped=False
2026-08-30 14:24:21,437 | INFO | step=1420/20000 loss=0.291364 nll=0.2881736 kl=0.01123364 consistency=0 lambda=0 beta=0.284 grad=40.01663 horizon=260 lifetime=[458,1076] skipped=False
2026-08-30 14:24:21,794 | INFO | step=1430/20000 loss=0.3874139 nll=0.3812453 kl=0.02156833 consistency=0 lambda=0 beta=0.286 grad=17.72158 horizon=280 lifetime=[437,1282] skipped=False
2026-08-30 14:24:22,200 | INFO | step=1440/20000 loss=1.415463 nll=1.414201 kl=0.004383906 consistency=0 lambda=0 beta=0.288 grad=111.569 horizon=260 lifetime=[501,1858] skipped=False
2026-08-30 14:24:22,557 | INFO | step=1450/20000 loss=0.5520288 nll=0.5510009 kl=0.003544516 consistency=0 lambda=0 beta=0.29 grad=30.43943 horizon=160 lifetime=[476,1635] skipped=False
2026-08-30 14:24:23,026 | INFO | step=1460/20000 loss=0.3351892 nll=0.3314625 kl=0.01276265 consistency=0 lambda=0 beta=0.292 grad=46.53562 horizon=300 lifetime=[456,1705] skipped=False
2026-08-30 14:24:23,400 | INFO | step=1470/20000 loss=0.4573557 nll=0.4520552 kl=0.01802866 consistency=0 lambda=0 beta=0.294 grad=46.57771 horizon=160 lifetime=[482,1858] skipped=False
2026-08-30 14:24:23,812 | INFO | step=1480/20000 loss=-0.1149342 nll=-0.1231586 kl=0.02778509 consistency=0 lambda=0 beta=0.296 grad=16.06712 horizon=220 lifetime=[486,1282] skipped=False
2026-08-30 14:24:24,189 | INFO | step=1490/20000 loss=0.1340779 nll=0.1256107 kl=0.02841357 consistency=0 lambda=0 beta=0.298 grad=39.07303 horizon=140 lifetime=[455,1282] skipped=False
2026-08-30 14:24:24,922 | INFO | validation step=1500 rmse=192.7169 best=192.7169@1500 stale=0/10
2026-08-30 14:24:24,923 | INFO | step=1500/20000 loss=-0.4344426 nll=-0.4359987 kl=0.005186761 consistency=0 lambda=0 beta=0.3 grad=43.71193 horizon=220 lifetime=[437,836] skipped=False
2026-08-30 14:24:25,344 | INFO | step=1510/20000 loss=0.8551885 nll=0.8532701 kl=0.006352473 consistency=0 lambda=0 beta=0.302 grad=90.91954 horizon=280 lifetime=[482,1431] skipped=False
2026-08-30 14:24:25,772 | INFO | step=1520/20000 loss=-0.06287424 nll=-0.0657156 kl=0.009346562 consistency=0 lambda=0 beta=0.304 grad=46.14775 horizon=180 lifetime=[461,988] skipped=False
2026-08-30 14:24:26,153 | INFO | step=1530/20000 loss=-0.3862209 nll=-0.3907706 kl=0.01486816 consistency=0 lambda=0 beta=0.306 grad=46.57706 horizon=200 lifetime=[467,1431] skipped=False
2026-08-30 14:24:26,541 | INFO | step=1540/20000 loss=-0.0697164 nll=-0.07316798 kl=0.01120641 consistency=0 lambda=0 beta=0.308 grad=16.52652 horizon=220 lifetime=[501,891] skipped=False
2026-08-30 14:24:26,977 | INFO | step=1550/20000 loss=1.197785 nll=1.196863 kl=0.002972893 consistency=0 lambda=0 beta=0.31 grad=77.63536 horizon=240 lifetime=[455,1038] skipped=False
2026-08-30 14:24:27,394 | INFO | step=1560/20000 loss=0.2226491 nll=0.2194755 kl=0.01017186 consistency=0 lambda=0 beta=0.312 grad=20.03307 horizon=220 lifetime=[486,1015] skipped=False
2026-08-30 14:24:27,820 | INFO | step=1570/20000 loss=0.4557147 nll=0.4538612 kl=0.005902829 consistency=0 lambda=0 beta=0.314 grad=18.74122 horizon=220 lifetime=[437,852] skipped=False
2026-08-30 14:24:28,206 | INFO | step=1580/20000 loss=0.1661251 nll=0.1521889 kl=0.04410212 consistency=0 lambda=0 beta=0.316 grad=6.714447 horizon=140 lifetime=[559,1038] skipped=False
2026-08-30 14:24:28,556 | INFO | step=1590/20000 loss=0.5995732 nll=0.5896175 kl=0.03130724 consistency=0 lambda=0 beta=0.318 grad=29.89484 horizon=140 lifetime=[437,1156] skipped=False
2026-08-30 14:24:28,939 | INFO | step=1600/20000 loss=-0.03002267 nll=-0.03295103 kl=0.009151141 consistency=0 lambda=0 beta=0.32 grad=49.64525 horizon=240 lifetime=[508,836] skipped=False
2026-08-30 14:24:29,362 | INFO | step=1610/20000 loss=-0.375868 nll=-0.3769019 kl=0.0032107 consistency=0 lambda=0 beta=0.322 grad=10.56731 horizon=240 lifetime=[460,847] skipped=False
2026-08-30 14:24:29,805 | INFO | step=1620/20000 loss=-0.3878003 nll=-0.3905598 kl=0.008516915 consistency=0 lambda=0 beta=0.324 grad=33.77668 horizon=280 lifetime=[518,874] skipped=False
2026-08-30 14:24:30,206 | INFO | step=1630/20000 loss=0.2089285 nll=0.2001402 kl=0.02695769 consistency=0 lambda=0 beta=0.326 grad=25.89837 horizon=280 lifetime=[455,1932] skipped=False
2026-08-30 14:24:30,595 | INFO | step=1640/20000 loss=-0.1831472 nll=-0.1864659 kl=0.01011789 consistency=0 lambda=0 beta=0.328 grad=30.3534 horizon=220 lifetime=[461,1143] skipped=False
2026-08-30 14:24:30,997 | INFO | step=1650/20000 loss=-0.003460993 nll=-0.005831182 kl=0.007182389 consistency=0 lambda=0 beta=0.33 grad=24.55068 horizon=280 lifetime=[493,1076] skipped=False
2026-08-30 14:24:31,398 | INFO | step=1660/20000 loss=0.5051728 nll=0.5032488 kl=0.005795355 consistency=0 lambda=0 beta=0.332 grad=80.10505 horizon=180 lifetime=[484,1282] skipped=False
2026-08-30 14:24:31,827 | INFO | step=1670/20000 loss=-0.1581773 nll=-0.1622284 kl=0.01212893 consistency=0 lambda=0 beta=0.334 grad=41.90289 horizon=240 lifetime=[486,1431] skipped=False
2026-08-30 14:24:32,243 | INFO | step=1680/20000 loss=0.1406909 nll=0.1372946 kl=0.01010793 consistency=0 lambda=0 beta=0.336 grad=30.40554 horizon=200 lifetime=[455,1045] skipped=False
2026-08-30 14:24:32,605 | INFO | step=1690/20000 loss=0.3828655 nll=0.3784057 kl=0.01319472 consistency=0 lambda=0 beta=0.338 grad=53.56877 horizon=140 lifetime=[486,1154] skipped=False
2026-08-30 14:24:32,966 | INFO | step=1700/20000 loss=0.4564447 nll=0.4476907 kl=0.02574709 consistency=0 lambda=0 beta=0.34 grad=76.24249 horizon=100 lifetime=[437,784] skipped=False
2026-08-30 14:24:33,387 | INFO | step=1710/20000 loss=0.503149 nll=0.5006598 kl=0.007278245 consistency=0 lambda=0 beta=0.342 grad=51.76433 horizon=300 lifetime=[460,1076] skipped=False
2026-08-30 14:24:33,754 | INFO | step=1720/20000 loss=0.2761437 nll=0.2701373 kl=0.01746067 consistency=0 lambda=0 beta=0.344 grad=37.44841 horizon=120 lifetime=[299,1061] skipped=False
2026-08-30 14:24:34,153 | INFO | step=1730/20000 loss=-0.005506697 nll=-0.01070847 kl=0.01503402 consistency=0 lambda=0 beta=0.346 grad=35.23959 horizon=300 lifetime=[455,921] skipped=False
2026-08-30 14:24:34,540 | INFO | step=1740/20000 loss=0.5675998 nll=0.5638633 kl=0.01073703 consistency=0 lambda=0 beta=0.348 grad=52.36264 horizon=240 lifetime=[299,1431] skipped=False
2026-08-30 14:24:34,939 | INFO | step=1750/20000 loss=0.06230658 nll=0.05480694 kl=0.02142754 consistency=0 lambda=0 beta=0.35 grad=11.85806 horizon=280 lifetime=[482,1705] skipped=False
2026-08-30 14:24:35,341 | INFO | step=1760/20000 loss=0.1635558 nll=0.1603785 kl=0.009026412 consistency=0 lambda=0 beta=0.352 grad=42.32849 horizon=200 lifetime=[437,1071] skipped=False
2026-08-30 14:24:35,714 | INFO | step=1770/20000 loss=0.7230969 nll=0.721904 kl=0.003369715 consistency=0 lambda=0 beta=0.354 grad=30.02766 horizon=200 lifetime=[460,1154] skipped=False
2026-08-30 14:24:36,106 | INFO | step=1780/20000 loss=0.5159691 nll=0.5093381 kl=0.01862628 consistency=0 lambda=0 beta=0.356 grad=28.44006 horizon=240 lifetime=[460,1932] skipped=False
2026-08-30 14:24:36,516 | INFO | step=1790/20000 loss=0.9266722 nll=0.9222093 kl=0.01246639 consistency=0 lambda=0 beta=0.358 grad=59.85954 horizon=100 lifetime=[437,777] skipped=False
2026-08-30 14:24:36,884 | INFO | step=1800/20000 loss=0.3004605 nll=0.2989497 kl=0.004196495 consistency=0 lambda=0 beta=0.36 grad=15.01138 horizon=120 lifetime=[299,1154] skipped=False
2026-08-30 14:24:37,333 | INFO | step=1810/20000 loss=0.139861 nll=0.1375729 kl=0.006320881 consistency=0 lambda=0 beta=0.362 grad=13.00206 horizon=300 lifetime=[707,1635] skipped=False
2026-08-30 14:24:37,711 | INFO | step=1820/20000 loss=0.1075695 nll=0.105239 kl=0.006402455 consistency=0 lambda=0 beta=0.364 grad=19.17258 horizon=300 lifetime=[484,1071] skipped=False
2026-08-30 14:24:38,114 | INFO | step=1830/20000 loss=0.2676022 nll=0.2616203 kl=0.01634396 consistency=0 lambda=0 beta=0.366 grad=23.27517 horizon=180 lifetime=[467,1156] skipped=False
2026-08-30 14:24:38,509 | INFO | step=1840/20000 loss=0.9172903 nll=0.9152888 kl=0.005438814 consistency=0 lambda=0 beta=0.368 grad=85.38219 horizon=220 lifetime=[484,1282] skipped=False
2026-08-30 14:24:38,880 | INFO | step=1850/20000 loss=-0.4402611 nll=-0.4430063 kl=0.007419314 consistency=0 lambda=0 beta=0.37 grad=24.94023 horizon=260 lifetime=[467,856] skipped=False
2026-08-30 14:24:39,288 | INFO | step=1860/20000 loss=-0.3007835 nll=-0.3021057 kl=0.003554313 consistency=0 lambda=0 beta=0.372 grad=20.65148 horizon=280 lifetime=[482,1091] skipped=False
2026-08-30 14:24:39,663 | INFO | step=1870/20000 loss=0.636948 nll=0.6307687 kl=0.01652231 consistency=0 lambda=0 beta=0.374 grad=17.2218 horizon=100 lifetime=[482,1858] skipped=False
2026-08-30 14:24:40,059 | INFO | step=1880/20000 loss=0.5808671 nll=0.5740015 kl=0.01825967 consistency=0 lambda=0 beta=0.376 grad=52.14747 horizon=140 lifetime=[491,1061] skipped=False
2026-08-30 14:24:40,454 | INFO | step=1890/20000 loss=0.217138 nll=0.2154005 kl=0.004596365 consistency=0 lambda=0 beta=0.378 grad=33.30426 horizon=200 lifetime=[614,1858] skipped=False
2026-08-30 14:24:40,861 | INFO | step=1900/20000 loss=1.26292 nll=1.261134 kl=0.004699979 consistency=0 lambda=0 beta=0.38 grad=56.93219 horizon=160 lifetime=[486,1076] skipped=False
2026-08-30 14:24:41,269 | INFO | step=1910/20000 loss=0.09019463 nll=0.0887346 kl=0.00382207 consistency=0 lambda=0 beta=0.382 grad=41.81267 horizon=260 lifetime=[299,1045] skipped=False
2026-08-30 14:24:41,687 | INFO | step=1920/20000 loss=0.1137972 nll=0.1109465 kl=0.007423547 consistency=0 lambda=0 beta=0.384 grad=11.49227 horizon=140 lifetime=[491,1091] skipped=False
2026-08-30 14:24:42,095 | INFO | step=1930/20000 loss=0.1846558 nll=0.1837333 kl=0.002389776 consistency=0 lambda=0 beta=0.386 grad=15.57366 horizon=280 lifetime=[456,1143] skipped=False
2026-08-30 14:24:42,505 | INFO | step=1940/20000 loss=0.6401305 nll=0.6381012 kl=0.005230151 consistency=0 lambda=0 beta=0.388 grad=36.63209 horizon=200 lifetime=[512,1154] skipped=False
2026-08-30 14:24:42,876 | INFO | step=1950/20000 loss=0.6309394 nll=0.6280483 kl=0.007413092 consistency=0 lambda=0 beta=0.39 grad=81.60037 horizon=260 lifetime=[458,1932] skipped=False
2026-08-30 14:24:43,290 | INFO | step=1960/20000 loss=0.4828401 nll=0.4759179 kl=0.01765863 consistency=0 lambda=0 beta=0.392 grad=30.05944 horizon=100 lifetime=[486,1154] skipped=False
2026-08-30 14:24:43,695 | INFO | step=1970/20000 loss=-0.2383731 nll=-0.2420531 kl=0.009340173 consistency=0 lambda=0 beta=0.394 grad=16.99607 horizon=300 lifetime=[470,1061] skipped=False
2026-08-30 14:24:44,077 | INFO | step=1980/20000 loss=0.6920226 nll=0.6900291 kl=0.005033852 consistency=0 lambda=0 beta=0.396 grad=45.29358 horizon=120 lifetime=[476,1635] skipped=False
2026-08-30 14:24:44,491 | INFO | step=1990/20000 loss=0.06914584 nll=0.06651406 kl=0.006612522 consistency=0 lambda=0 beta=0.398 grad=56.73313 horizon=280 lifetime=[456,1431] skipped=False
2026-08-30 14:24:45,155 | INFO | validation step=2000 rmse=149.6686 best=149.6686@2000 stale=0/10
2026-08-30 14:24:45,155 | INFO | step=2000/20000 loss=0.245411 nll=0.2397055 kl=0.01426362 consistency=0 lambda=0 beta=0.4 grad=13.38711 horizon=120 lifetime=[461,1282] skipped=False
2026-08-30 14:24:45,593 | INFO | step=2010/20000 loss=-0.3378891 nll=-0.3389304 kl=0.002590246 consistency=0 lambda=0 beta=0.402 grad=14.13472 horizon=160 lifetime=[460,858] skipped=False
2026-08-30 14:24:46,003 | INFO | step=2020/20000 loss=0.1113218 nll=0.109018 kl=0.005702252 consistency=0 lambda=0 beta=0.404 grad=28.7642 horizon=220 lifetime=[299,1431] skipped=False
2026-08-30 14:24:46,372 | INFO | step=2030/20000 loss=-0.5793255 nll=-0.5825142 kl=0.007853988 consistency=0 lambda=0 beta=0.406 grad=39.26862 horizon=220 lifetime=[437,915] skipped=False
2026-08-30 14:24:46,829 | INFO | step=2040/20000 loss=-0.3099214 nll=-0.3116115 kl=0.004142343 consistency=0 lambda=0 beta=0.408 grad=42.52354 horizon=300 lifetime=[456,1049] skipped=False
2026-08-30 14:24:47,234 | INFO | step=2050/20000 loss=-0.2283017 nll=-0.2307162 kl=0.00588898 consistency=0 lambda=0 beta=0.41 grad=15.86634 horizon=260 lifetime=[461,1858] skipped=False
2026-08-30 14:24:47,625 | INFO | step=2060/20000 loss=0.07837011 nll=0.06826644 kl=0.02452348 consistency=0 lambda=0 beta=0.412 grad=46.09246 horizon=160 lifetime=[299,860] skipped=False
2026-08-30 14:24:48,037 | INFO | step=2070/20000 loss=0.1910827 nll=0.1865421 kl=0.01096761 consistency=0 lambda=0 beta=0.414 grad=47.14519 horizon=140 lifetime=[675,1076] skipped=False
2026-08-30 14:24:48,439 | INFO | step=2080/20000 loss=0.527936 nll=0.5258187 kl=0.005089585 consistency=0 lambda=0 beta=0.416 grad=15.38692 horizon=100 lifetime=[437,1154] skipped=False
2026-08-30 14:24:48,827 | INFO | step=2090/20000 loss=-0.2947685 nll=-0.2956885 kl=0.002201064 consistency=0 lambda=0 beta=0.418 grad=65.62323 horizon=180 lifetime=[476,1025] skipped=False
2026-08-30 14:24:49,223 | INFO | step=2100/20000 loss=-0.1697016 nll=-0.1709794 kl=0.003042312 consistency=0 lambda=0 beta=0.42 grad=17.93703 horizon=240 lifetime=[470,915] skipped=False
2026-08-30 14:24:49,643 | INFO | step=2110/20000 loss=-0.2374621 nll=-0.2418609 kl=0.01042367 consistency=0 lambda=0 beta=0.422 grad=35.12029 horizon=280 lifetime=[458,1091] skipped=False
2026-08-30 14:24:50,055 | INFO | step=2120/20000 loss=-0.06299735 nll=-0.06577124 kl=0.006542214 consistency=0 lambda=0 beta=0.424 grad=38.79697 horizon=160 lifetime=[467,1091] skipped=False
2026-08-30 14:24:50,435 | INFO | step=2130/20000 loss=0.3208876 nll=0.3156021 kl=0.01240714 consistency=0 lambda=0 beta=0.426 grad=20.66269 horizon=100 lifetime=[501,868] skipped=False
2026-08-30 14:24:50,834 | INFO | step=2140/20000 loss=0.4726745 nll=0.4682778 kl=0.01027262 consistency=0 lambda=0 beta=0.428 grad=26.77085 horizon=120 lifetime=[493,1156] skipped=False
2026-08-30 14:24:51,224 | INFO | step=2150/20000 loss=0.4838388 nll=0.480707 kl=0.007283384 consistency=0 lambda=0 beta=0.43 grad=39.96313 horizon=260 lifetime=[719,1932] skipped=False
2026-08-30 14:24:51,621 | INFO | step=2160/20000 loss=0.3864053 nll=0.3853825 kl=0.002367709 consistency=0 lambda=0 beta=0.432 grad=53.73793 horizon=280 lifetime=[614,1076] skipped=False
2026-08-30 14:24:52,007 | INFO | step=2170/20000 loss=0.1457132 nll=0.1444889 kl=0.002820947 consistency=0 lambda=0 beta=0.434 grad=56.5715 horizon=240 lifetime=[467,1143] skipped=False
2026-08-30 14:24:52,387 | INFO | step=2180/20000 loss=-0.4439388 nll=-0.4463314 kl=0.005487774 consistency=0 lambda=0 beta=0.436 grad=23.80145 horizon=260 lifetime=[456,1049] skipped=False
2026-08-30 14:24:52,794 | INFO | step=2190/20000 loss=-0.3066248 nll=-0.3086247 kl=0.004566059 consistency=0 lambda=0 beta=0.438 grad=38.49176 horizon=180 lifetime=[477,988] skipped=False
2026-08-30 14:24:53,194 | INFO | step=2200/20000 loss=-0.08310532 nll=-0.0859556 kl=0.006477915 consistency=0 lambda=0 beta=0.44 grad=17.18129 horizon=240 lifetime=[559,777] skipped=False
2026-08-30 14:24:53,636 | INFO | step=2210/20000 loss=0.7408 nll=0.737819 kl=0.006744301 consistency=0 lambda=0 beta=0.442 grad=59.42807 horizon=100 lifetime=[455,1000] skipped=False
2026-08-30 14:24:54,028 | INFO | step=2220/20000 loss=0.5323291 nll=0.529497 kl=0.00637858 consistency=0 lambda=0 beta=0.444 grad=50.43909 horizon=160 lifetime=[456,1932] skipped=False
2026-08-30 14:24:54,394 | INFO | step=2230/20000 loss=0.8769041 nll=0.8750048 kl=0.004258485 consistency=0 lambda=0 beta=0.446 grad=50.24617 horizon=160 lifetime=[455,1154] skipped=False
2026-08-30 14:24:54,790 | INFO | step=2240/20000 loss=-0.2226531 nll=-0.2248213 kl=0.004839646 consistency=0 lambda=0 beta=0.448 grad=29.17175 horizon=280 lifetime=[299,964] skipped=False
2026-08-30 14:24:55,145 | INFO | step=2250/20000 loss=0.5188357 nll=0.5177623 kl=0.002385342 consistency=0 lambda=0 beta=0.45 grad=27.47739 horizon=160 lifetime=[518,1061] skipped=False
2026-08-30 14:24:55,587 | INFO | step=2260/20000 loss=-0.4395641 nll=-0.4431837 kl=0.008008149 consistency=0 lambda=0 beta=0.452 grad=46.40364 horizon=280 lifetime=[455,852] skipped=False
2026-08-30 14:24:56,015 | INFO | step=2270/20000 loss=0.2573964 nll=0.2559792 kl=0.003121557 consistency=0 lambda=0 beta=0.454 grad=27.42662 horizon=260 lifetime=[677,1156] skipped=False
2026-08-30 14:24:56,436 | INFO | step=2280/20000 loss=0.700675 nll=0.6993862 kl=0.002826151 consistency=0 lambda=0 beta=0.456 grad=40.32806 horizon=260 lifetime=[486,1932] skipped=False
2026-08-30 14:24:56,864 | INFO | step=2290/20000 loss=-0.2041371 nll=-0.2073873 kl=0.007096577 consistency=0 lambda=0 beta=0.458 grad=25.30821 horizon=160 lifetime=[455,964] skipped=False
2026-08-30 14:24:57,281 | INFO | step=2300/20000 loss=-0.2229517 nll=-0.2297355 kl=0.01474741 consistency=0 lambda=0 beta=0.46 grad=10.51083 horizon=220 lifetime=[476,1049] skipped=False
2026-08-30 14:24:57,637 | INFO | step=2310/20000 loss=0.2628461 nll=0.2586229 kl=0.009141053 consistency=0 lambda=0 beta=0.462 grad=17.34343 horizon=140 lifetime=[484,1282] skipped=False
2026-08-30 14:24:58,016 | INFO | step=2320/20000 loss=0.5262134 nll=0.5240396 kl=0.004684865 consistency=0 lambda=0 beta=0.464 grad=108.3922 horizon=220 lifetime=[510,1932] skipped=False
2026-08-30 14:24:58,400 | INFO | step=2330/20000 loss=0.3418806 nll=0.3404983 kl=0.002966162 consistency=0 lambda=0 beta=0.466 grad=25.0987 horizon=300 lifetime=[460,1932] skipped=False
2026-08-30 14:24:58,814 | INFO | step=2340/20000 loss=-0.43503 nll=-0.4368555 kl=0.003900788 consistency=0 lambda=0 beta=0.468 grad=61.20896 horizon=280 lifetime=[461,1076] skipped=False
2026-08-30 14:24:59,216 | INFO | step=2350/20000 loss=0.1784436 nll=0.1761548 kl=0.004869851 consistency=0 lambda=0 beta=0.47 grad=14.30685 horizon=220 lifetime=[501,1858] skipped=False
2026-08-30 14:24:59,633 | INFO | step=2360/20000 loss=0.04850723 nll=0.03887688 kl=0.02040329 consistency=0 lambda=0 beta=0.472 grad=24.61323 horizon=260 lifetime=[477,1705] skipped=False
2026-08-30 14:25:00,084 | INFO | step=2370/20000 loss=0.4956723 nll=0.493801 kl=0.003947773 consistency=0 lambda=0 beta=0.474 grad=85.40702 horizon=160 lifetime=[482,1431] skipped=False
2026-08-30 14:25:00,507 | INFO | step=2380/20000 loss=0.7900982 nll=0.7874945 kl=0.005470014 consistency=0 lambda=0 beta=0.476 grad=19.94333 horizon=240 lifetime=[719,1282] skipped=False
2026-08-30 14:25:00,894 | INFO | step=2390/20000 loss=0.1245211 nll=0.122193 kl=0.0048705 consistency=0 lambda=0 beta=0.478 grad=55.40191 horizon=280 lifetime=[299,1705] skipped=False
2026-08-30 14:25:01,261 | INFO | step=2400/20000 loss=1.288028 nll=1.285432 kl=0.005408172 consistency=0 lambda=0 beta=0.48 grad=81.53398 horizon=100 lifetime=[700,1635] skipped=False
2026-08-30 14:25:01,652 | INFO | step=2410/20000 loss=-0.3709135 nll=-0.372432 kl=0.003150415 consistency=0 lambda=0 beta=0.482 grad=37.2975 horizon=280 lifetime=[467,1061] skipped=False
2026-08-30 14:25:02,040 | INFO | step=2420/20000 loss=0.06030643 nll=0.05589882 kl=0.009106631 consistency=0 lambda=0 beta=0.484 grad=22.25047 horizon=120 lifetime=[458,874] skipped=False
2026-08-30 14:25:02,463 | INFO | step=2430/20000 loss=0.7445686 nll=0.7418363 kl=0.005622137 consistency=0 lambda=0 beta=0.486 grad=63.24809 horizon=240 lifetime=[461,1156] skipped=False
2026-08-30 14:25:02,844 | INFO | step=2440/20000 loss=0.8732437 nll=0.8718307 kl=0.002895463 consistency=0 lambda=0 beta=0.488 grad=56.34097 horizon=140 lifetime=[510,1061] skipped=False
2026-08-30 14:25:03,260 | INFO | step=2450/20000 loss=-0.1864354 nll=-0.1897885 kl=0.006843011 consistency=0 lambda=0 beta=0.49 grad=28.40698 horizon=240 lifetime=[484,1143] skipped=False
2026-08-30 14:25:03,653 | INFO | step=2460/20000 loss=-0.08718881 nll=-0.09168053 kl=0.009129503 consistency=0 lambda=0 beta=0.492 grad=38.70789 horizon=240 lifetime=[701,991] skipped=False
2026-08-30 14:25:04,058 | INFO | step=2470/20000 loss=0.02130758 nll=0.01529301 kl=0.01217524 consistency=0 lambda=0 beta=0.494 grad=24.16682 horizon=200 lifetime=[458,1143] skipped=False
2026-08-30 14:25:04,462 | INFO | step=2480/20000 loss=-0.3223516 nll=-0.3245693 kl=0.004471157 consistency=0 lambda=0 beta=0.496 grad=39.10678 horizon=260 lifetime=[470,1143] skipped=False
2026-08-30 14:25:04,902 | INFO | step=2490/20000 loss=-0.1074512 nll=-0.1089679 kl=0.003045624 consistency=0 lambda=0 beta=0.498 grad=46.56991 horizon=300 lifetime=[456,1858] skipped=False
2026-08-30 14:25:05,590 | INFO | validation step=2500 rmse=196.5834 best=149.6686@2000 stale=1/10
2026-08-30 14:25:05,590 | INFO | step=2500/20000 loss=0.4637555 nll=0.4619798 kl=0.003551356 consistency=0 lambda=0 beta=0.5 grad=38.44452 horizon=280 lifetime=[486,1049] skipped=False
2026-08-30 14:25:06,083 | INFO | step=2510/20000 loss=0.03505277 nll=0.03246029 kl=0.005164299 consistency=0 lambda=0 beta=0.502 grad=62.21694 horizon=300 lifetime=[512,1635] skipped=False
2026-08-30 14:25:06,518 | INFO | step=2520/20000 loss=-0.08792242 nll=-0.09004003 kl=0.00420161 consistency=0 lambda=0 beta=0.504 grad=25.18978 horizon=220 lifetime=[467,1154] skipped=False
2026-08-30 14:25:06,931 | INFO | step=2530/20000 loss=-0.106907 nll=-0.1099269 kl=0.005968152 consistency=0 lambda=0 beta=0.506 grad=29.74965 horizon=180 lifetime=[464,1045] skipped=False
2026-08-30 14:25:07,295 | INFO | step=2540/20000 loss=0.2052418 nll=0.2032812 kl=0.003859436 consistency=0 lambda=0 beta=0.508 grad=33.27065 horizon=160 lifetime=[464,1282] skipped=False
2026-08-30 14:25:07,725 | INFO | step=2550/20000 loss=-0.2779119 nll=-0.2813658 kl=0.006772437 consistency=0 lambda=0 beta=0.51 grad=24.69768 horizon=280 lifetime=[299,1025] skipped=False
2026-08-30 14:25:08,184 | INFO | step=2560/20000 loss=0.4874041 nll=0.483607 kl=0.007416237 consistency=0 lambda=0 beta=0.512 grad=49.74972 horizon=260 lifetime=[508,1858] skipped=False
2026-08-30 14:25:08,558 | INFO | step=2570/20000 loss=-0.0695694 nll=-0.07186529 kl=0.004466708 consistency=0 lambda=0 beta=0.514 grad=39.07566 horizon=200 lifetime=[470,1282] skipped=False
2026-08-30 14:25:08,962 | INFO | step=2580/20000 loss=-0.1980702 nll=-0.2018363 kl=0.00729867 consistency=0 lambda=0 beta=0.516 grad=53.0347 horizon=220 lifetime=[437,794] skipped=False
2026-08-30 14:25:09,354 | INFO | step=2590/20000 loss=-0.1360206 nll=-0.1386706 kl=0.005115706 consistency=0 lambda=0 beta=0.518 grad=22.31133 horizon=280 lifetime=[299,1858] skipped=False
2026-08-30 14:25:09,735 | INFO | step=2600/20000 loss=-0.1917636 nll=-0.1958515 kl=0.007861411 consistency=0 lambda=0 beta=0.52 grad=14.99361 horizon=180 lifetime=[486,1635] skipped=False
2026-08-30 14:25:10,153 | INFO | step=2610/20000 loss=-0.548141 nll=-0.5504128 kl=0.00435213 consistency=0 lambda=0 beta=0.522 grad=32.33054 horizon=240 lifetime=[456,1705] skipped=False
2026-08-30 14:25:10,590 | INFO | step=2620/20000 loss=0.4460052 nll=0.4409966 kl=0.009558408 consistency=0 lambda=0 beta=0.524 grad=18.45156 horizon=220 lifetime=[493,1858] skipped=False
2026-08-30 14:25:11,004 | INFO | step=2630/20000 loss=0.6428972 nll=0.6387622 kl=0.00786126 consistency=0 lambda=0 beta=0.526 grad=30.38538 horizon=300 lifetime=[460,1932] skipped=False
2026-08-30 14:25:11,427 | INFO | step=2640/20000 loss=0.206122 nll=0.2024032 kl=0.007043248 consistency=0 lambda=0 beta=0.528 grad=19.41642 horizon=240 lifetime=[437,1154] skipped=False
2026-08-30 14:25:11,847 | INFO | step=2650/20000 loss=-0.08813617 nll=-0.08975486 kl=0.003054116 consistency=0 lambda=0 beta=0.53 grad=26.29095 horizon=240 lifetime=[484,988] skipped=False
2026-08-30 14:25:12,225 | INFO | step=2660/20000 loss=0.1238413 nll=0.1217289 kl=0.003970711 consistency=0 lambda=0 beta=0.532 grad=19.6133 horizon=120 lifetime=[299,1049] skipped=False
2026-08-30 14:25:12,641 | INFO | step=2670/20000 loss=-0.4000337 nll=-0.4013924 kl=0.002544476 consistency=0 lambda=0 beta=0.534 grad=30.85733 horizon=300 lifetime=[476,1431] skipped=False
2026-08-30 14:25:13,011 | INFO | step=2680/20000 loss=-0.03988628 nll=-0.04027346 kl=0.0007223431 consistency=0 lambda=0 beta=0.536 grad=64.87004 horizon=280 lifetime=[510,1061] skipped=False
2026-08-30 14:25:13,396 | INFO | step=2690/20000 loss=0.5454714 nll=0.5405871 kl=0.009078488 consistency=0 lambda=0 beta=0.538 grad=28.05441 horizon=160 lifetime=[614,1932] skipped=False
2026-08-30 14:25:13,768 | INFO | step=2700/20000 loss=0.5162742 nll=0.5137394 kl=0.004694009 consistency=0 lambda=0 beta=0.54 grad=74.46674 horizon=140 lifetime=[704,1431] skipped=False
2026-08-30 14:25:14,152 | INFO | step=2710/20000 loss=-0.2793755 nll=-0.281657 kl=0.004209556 consistency=0 lambda=0 beta=0.542 grad=16.18968 horizon=260 lifetime=[482,1091] skipped=False
2026-08-30 14:25:14,538 | INFO | step=2720/20000 loss=0.2178738 nll=0.2166861 kl=0.002183367 consistency=0 lambda=0 beta=0.544 grad=59.00558 horizon=220 lifetime=[675,1932] skipped=False
2026-08-30 14:25:14,952 | INFO | step=2730/20000 loss=-0.4335466 nll=-0.4350402 kl=0.002735463 consistency=0 lambda=0 beta=0.546 grad=18.21238 horizon=240 lifetime=[456,1045] skipped=False
2026-08-30 14:25:15,403 | INFO | step=2740/20000 loss=-0.3341596 nll=-0.3359364 kl=0.003242263 consistency=0 lambda=0 beta=0.548 grad=20.74191 horizon=160 lifetime=[299,1091] skipped=False
2026-08-30 14:25:15,803 | INFO | step=2750/20000 loss=0.2871683 nll=0.2843958 kl=0.00504084 consistency=0 lambda=0 beta=0.55 grad=23.98544 horizon=120 lifetime=[493,1154] skipped=False
2026-08-30 14:25:16,176 | INFO | step=2760/20000 loss=0.8969939 nll=0.896383 kl=0.001106605 consistency=0 lambda=0 beta=0.552 grad=65.02879 horizon=160 lifetime=[464,1154] skipped=False
2026-08-30 14:25:16,546 | INFO | step=2770/20000 loss=0.5387975 nll=0.5366201 kl=0.003930273 consistency=0 lambda=0 beta=0.554 grad=29.99611 horizon=280 lifetime=[529,1143] skipped=False
2026-08-30 14:25:16,961 | INFO | step=2780/20000 loss=-0.7738836 nll=-0.7752683 kl=0.002490542 consistency=0 lambda=0 beta=0.556 grad=30.64234 horizon=220 lifetime=[437,856] skipped=False
2026-08-30 14:25:17,358 | INFO | step=2790/20000 loss=0.0963506 nll=0.09279664 kl=0.006369111 consistency=0 lambda=0 beta=0.558 grad=29.40502 horizon=280 lifetime=[456,1282] skipped=False
2026-08-30 14:25:17,785 | INFO | step=2800/20000 loss=-0.2587796 nll=-0.2604816 kl=0.003039267 consistency=0 lambda=0 beta=0.56 grad=19.9201 horizon=260 lifetime=[460,1431] skipped=False
2026-08-30 14:25:18,206 | INFO | step=2810/20000 loss=-0.5844175 nll=-0.5858207 kl=0.002496771 consistency=0 lambda=0 beta=0.562 grad=19.12206 horizon=280 lifetime=[486,1635] skipped=False
2026-08-30 14:25:18,648 | INFO | step=2820/20000 loss=-0.1661304 nll=-0.1677584 kl=0.002886474 consistency=0 lambda=0 beta=0.564 grad=29.16563 horizon=220 lifetime=[510,915] skipped=False
2026-08-30 14:25:19,078 | INFO | step=2830/20000 loss=0.3544048 nll=0.353159 kl=0.002201147 consistency=0 lambda=0 beta=0.566 grad=25.46959 horizon=300 lifetime=[719,1091] skipped=False
2026-08-30 14:25:19,494 | INFO | step=2840/20000 loss=-0.2645453 nll=-0.2660104 kl=0.002579454 consistency=0 lambda=0 beta=0.568 grad=27.89668 horizon=220 lifetime=[508,871] skipped=False
2026-08-30 14:25:19,886 | INFO | step=2850/20000 loss=0.6552957 nll=0.6511861 kl=0.00720983 consistency=0 lambda=0 beta=0.57 grad=230.279 horizon=300 lifetime=[486,754] skipped=False
2026-08-30 14:25:20,240 | INFO | step=2860/20000 loss=0.3317902 nll=0.3303798 kl=0.002465621 consistency=0 lambda=0 beta=0.572 grad=9.488129 horizon=120 lifetime=[529,1091] skipped=False
2026-08-30 14:25:20,606 | INFO | step=2870/20000 loss=0.9360419 nll=0.9272628 kl=0.01529456 consistency=0 lambda=0 beta=0.574 grad=31.46614 horizon=100 lifetime=[299,1156] skipped=False
2026-08-30 14:25:21,018 | INFO | step=2880/20000 loss=-0.2799296 nll=-0.2807457 kl=0.001416778 consistency=0 lambda=0 beta=0.576 grad=42.97801 horizon=240 lifetime=[461,1061] skipped=False
2026-08-30 14:25:21,429 | INFO | step=2890/20000 loss=0.9149794 nll=0.9129374 kl=0.003532873 consistency=0 lambda=0 beta=0.578 grad=132.8771 horizon=240 lifetime=[461,1154] skipped=False
2026-08-30 14:25:21,817 | INFO | step=2900/20000 loss=-0.4131404 nll=-0.4155214 kl=0.00410527 consistency=0 lambda=0 beta=0.58 grad=34.64338 horizon=300 lifetime=[455,1071] skipped=False
2026-08-30 14:25:22,237 | INFO | step=2910/20000 loss=0.09447394 nll=0.09321362 kl=0.002165489 consistency=0 lambda=0 beta=0.582 grad=21.61689 horizon=180 lifetime=[529,1156] skipped=False
2026-08-30 14:25:22,630 | INFO | step=2920/20000 loss=0.3796703 nll=0.3764934 kl=0.005439926 consistency=0 lambda=0 beta=0.584 grad=16.37305 horizon=100 lifetime=[299,942] skipped=False
2026-08-30 14:25:23,004 | INFO | step=2930/20000 loss=0.1643565 nll=0.1590346 kl=0.009081809 consistency=0 lambda=0 beta=0.586 grad=85.47321 horizon=180 lifetime=[484,988] skipped=False
2026-08-30 14:25:23,371 | INFO | step=2940/20000 loss=-0.1569562 nll=-0.1588994 kl=0.003304832 consistency=0 lambda=0 beta=0.588 grad=16.06054 horizon=280 lifetime=[299,1858] skipped=False
2026-08-30 14:25:23,758 | INFO | step=2950/20000 loss=0.1325597 nll=0.125205 kl=0.01246561 consistency=0 lambda=0 beta=0.59 grad=9.923616 horizon=100 lifetime=[508,1156] skipped=False
2026-08-30 14:25:24,125 | INFO | step=2960/20000 loss=0.6995631 nll=0.6970357 kl=0.004269142 consistency=0 lambda=0 beta=0.592 grad=63.97912 horizon=140 lifetime=[456,1091] skipped=False
2026-08-30 14:25:24,486 | INFO | step=2970/20000 loss=0.5867587 nll=0.5841554 kl=0.004382696 consistency=0 lambda=0 beta=0.594 grad=42.42781 horizon=140 lifetime=[750,1705] skipped=False
2026-08-30 14:25:24,902 | INFO | step=2980/20000 loss=0.650515 nll=0.6491022 kl=0.00237049 consistency=0 lambda=0 beta=0.596 grad=35.60398 horizon=220 lifetime=[614,1049] skipped=False
2026-08-30 14:25:25,320 | INFO | step=2990/20000 loss=-0.2245895 nll=-0.230889 kl=0.01053436 consistency=0 lambda=0 beta=0.598 grad=12.28431 horizon=280 lifetime=[464,1045] skipped=False
2026-08-30 14:25:26,030 | INFO | validation step=3000 rmse=165.1628 best=149.6686@2000 stale=2/10
2026-08-30 14:25:26,030 | INFO | step=3000/20000 loss=-0.2568189 nll=-0.2587275 kl=0.003181122 consistency=0 lambda=0 beta=0.6 grad=56.32409 horizon=300 lifetime=[476,1049] skipped=False
2026-08-30 14:25:26,452 | INFO | step=3010/20000 loss=-0.2572675 nll=-0.2606722 kl=0.005655497 consistency=0 lambda=0 beta=0.602 grad=26.40016 horizon=140 lifetime=[476,1061] skipped=False
2026-08-30 14:25:26,788 | INFO | step=3020/20000 loss=-0.4374591 nll=-0.4405146 kl=0.005058874 consistency=0 lambda=0 beta=0.604 grad=8.825709 horizon=240 lifetime=[464,1076] skipped=False
2026-08-30 14:25:27,205 | INFO | step=3030/20000 loss=0.2262418 nll=0.2238878 kl=0.003884418 consistency=0 lambda=0 beta=0.606 grad=31.54325 horizon=240 lifetime=[464,1156] skipped=False
2026-08-30 14:25:27,610 | INFO | step=3040/20000 loss=0.1103405 nll=0.1084681 kl=0.003079649 consistency=0 lambda=0 beta=0.608 grad=28.68462 horizon=260 lifetime=[456,1858] skipped=False
2026-08-30 14:25:27,966 | INFO | step=3050/20000 loss=0.5304741 nll=0.5233203 kl=0.01172764 consistency=0 lambda=0 beta=0.61 grad=64.78361 horizon=120 lifetime=[614,1858] skipped=False
2026-08-30 14:25:28,276 | INFO | step=3060/20000 loss=0.2497063 nll=0.240869 kl=0.01444007 consistency=0 lambda=0 beta=0.612 grad=43.61484 horizon=280 lifetime=[486,1635] skipped=False
2026-08-30 14:25:28,622 | INFO | step=3070/20000 loss=1.002262 nll=0.9973133 kl=0.008059833 consistency=0 lambda=0 beta=0.614 grad=38.65688 horizon=100 lifetime=[458,1705] skipped=False
2026-08-30 14:25:28,972 | INFO | step=3080/20000 loss=0.2993866 nll=0.2978209 kl=0.002541661 consistency=0 lambda=0 beta=0.616 grad=113.4508 horizon=200 lifetime=[437,1282] skipped=False
2026-08-30 14:25:29,338 | INFO | step=3090/20000 loss=-0.4118262 nll=-0.4149831 kl=0.005108303 consistency=0 lambda=0 beta=0.618 grad=11.88216 horizon=240 lifetime=[510,1071] skipped=False
2026-08-30 14:25:29,716 | INFO | step=3100/20000 loss=-0.1643014 nll=-0.1661714 kl=0.003016192 consistency=0 lambda=0 beta=0.62 grad=45.92014 horizon=240 lifetime=[607,1076] skipped=False
2026-08-30 14:25:30,046 | INFO | step=3110/20000 loss=0.1225396 nll=0.1204538 kl=0.003353408 consistency=0 lambda=0 beta=0.622 grad=16.91146 horizon=120 lifetime=[476,1071] skipped=False
2026-08-30 14:25:30,413 | INFO | step=3120/20000 loss=-0.07748447 nll=-0.08136659 kl=0.006221341 consistency=0 lambda=0 beta=0.624 grad=30.72679 horizon=120 lifetime=[458,1858] skipped=False
2026-08-30 14:25:30,763 | INFO | step=3130/20000 loss=-0.08508613 nll=-0.08638541 kl=0.002075525 consistency=0 lambda=0 beta=0.626 grad=12.25452 horizon=140 lifetime=[455,1431] skipped=False
2026-08-30 14:25:31,156 | INFO | step=3140/20000 loss=0.05661428 nll=0.04625195 kl=0.01650054 consistency=0 lambda=0 beta=0.628 grad=15.96969 horizon=100 lifetime=[476,1858] skipped=False
2026-08-30 14:25:31,550 | INFO | step=3150/20000 loss=-0.04301181 nll=-0.04572091 kl=0.004300155 consistency=0 lambda=0 beta=0.63 grad=110.5153 horizon=240 lifetime=[460,991] skipped=False
2026-08-30 14:25:31,916 | INFO | step=3160/20000 loss=-0.142253 nll=-0.1435091 kl=0.001987441 consistency=0 lambda=0 beta=0.632 grad=61.47612 horizon=200 lifetime=[467,1932] skipped=False
2026-08-30 14:25:32,292 | INFO | step=3170/20000 loss=1.099833 nll=1.091139 kl=0.01371246 consistency=0 lambda=0 beta=0.634 grad=115.7163 horizon=160 lifetime=[464,1932] skipped=False
2026-08-30 14:25:32,678 | INFO | step=3180/20000 loss=0.2158298 nll=0.2128699 kl=0.004654009 consistency=0 lambda=0 beta=0.636 grad=69.73132 horizon=260 lifetime=[675,1091] skipped=False
2026-08-30 14:25:33,134 | INFO | step=3190/20000 loss=-0.2536969 nll=-0.255688 kl=0.003120892 consistency=0 lambda=0 beta=0.638 grad=68.63466 horizon=280 lifetime=[437,1932] skipped=False
2026-08-30 14:25:33,550 | INFO | step=3200/20000 loss=-0.3656168 nll=-0.3695911 kl=0.006209772 consistency=0 lambda=0 beta=0.64 grad=30.42684 horizon=200 lifetime=[299,1091] skipped=False
2026-08-30 14:25:33,967 | INFO | step=3210/20000 loss=0.3900822 nll=0.3839244 kl=0.009591727 consistency=0 lambda=0 beta=0.642 grad=205.1873 horizon=240 lifetime=[467,1705] skipped=False
2026-08-30 14:25:34,366 | INFO | step=3220/20000 loss=0.06050789 nll=0.05526656 kl=0.008138723 consistency=0 lambda=0 beta=0.644 grad=44.24858 horizon=260 lifetime=[476,1635] skipped=False
2026-08-30 14:25:34,761 | INFO | step=3230/20000 loss=-0.09537436 nll=-0.09804575 kl=0.00413528 consistency=0 lambda=0 beta=0.646 grad=26.68093 horizon=140 lifetime=[437,1071] skipped=False
2026-08-30 14:25:35,180 | INFO | step=3240/20000 loss=0.06095565 nll=0.05896065 kl=0.00307871 consistency=0 lambda=0 beta=0.648 grad=27.60444 horizon=240 lifetime=[455,875] skipped=False
2026-08-30 14:25:35,546 | INFO | step=3250/20000 loss=0.3161666 nll=0.3121419 kl=0.006191923 consistency=0 lambda=0 beta=0.65 grad=68.72294 horizon=140 lifetime=[559,1932] skipped=False
2026-08-30 14:25:35,965 | INFO | step=3260/20000 loss=-0.7647082 nll=-0.7659088 kl=0.0018414 consistency=0 lambda=0 beta=0.652 grad=42.09619 horizon=300 lifetime=[455,1076] skipped=False
2026-08-30 14:25:36,389 | INFO | step=3270/20000 loss=-0.2407077 nll=-0.2474642 kl=0.01033115 consistency=0 lambda=0 beta=0.654 grad=15.37978 horizon=140 lifetime=[458,1076] skipped=False
2026-08-30 14:25:36,761 | INFO | step=3280/20000 loss=0.5335212 nll=0.5318916 kl=0.002484211 consistency=0 lambda=0 beta=0.656 grad=61.58722 horizon=160 lifetime=[299,1000] skipped=False
2026-08-30 14:25:37,121 | INFO | step=3290/20000 loss=0.4828534 nll=0.4747028 kl=0.01238691 consistency=0 lambda=0 beta=0.658 grad=102.3494 horizon=260 lifetime=[510,1154] skipped=False
2026-08-30 14:25:37,541 | INFO | step=3300/20000 loss=-0.1185735 nll=-0.1218249 kl=0.004926275 consistency=0 lambda=0 beta=0.66 grad=17.73597 horizon=300 lifetime=[470,1156] skipped=False
2026-08-30 14:25:37,969 | INFO | step=3310/20000 loss=0.1380616 nll=0.1351331 kl=0.004423797 consistency=0 lambda=0 beta=0.662 grad=46.30587 horizon=200 lifetime=[477,1858] skipped=False
2026-08-30 14:25:38,341 | INFO | step=3320/20000 loss=0.2274648 nll=0.2229989 kl=0.006725842 consistency=0 lambda=0 beta=0.664 grad=35.36476 horizon=120 lifetime=[476,1705] skipped=False
2026-08-30 14:25:38,722 | INFO | step=3330/20000 loss=-0.1922981 nll=-0.1957147 kl=0.005129978 consistency=0 lambda=0 beta=0.666 grad=17.66415 horizon=300 lifetime=[437,1036] skipped=False
2026-08-30 14:25:39,100 | INFO | step=3340/20000 loss=-0.2252997 nll=-0.2272743 kl=0.002955962 consistency=0 lambda=0 beta=0.668 grad=49.33229 horizon=200 lifetime=[539,1036] skipped=False
2026-08-30 14:25:39,501 | INFO | step=3350/20000 loss=0.5738042 nll=0.5711039 kl=0.004030266 consistency=0 lambda=0 beta=0.67 grad=44.76581 horizon=180 lifetime=[486,1932] skipped=False
2026-08-30 14:25:39,892 | INFO | step=3360/20000 loss=-0.3731949 nll=-0.37757 kl=0.006510541 consistency=0 lambda=0 beta=0.672 grad=49.70281 horizon=240 lifetime=[476,991] skipped=False
2026-08-30 14:25:40,319 | INFO | step=3370/20000 loss=0.2367134 nll=0.2350074 kl=0.002531121 consistency=0 lambda=0 beta=0.674 grad=44.68169 horizon=260 lifetime=[539,988] skipped=False
2026-08-30 14:25:40,653 | INFO | step=3380/20000 loss=-0.2534361 nll=-0.259218 kl=0.008553104 consistency=0 lambda=0 beta=0.676 grad=76.24013 horizon=220 lifetime=[437,868] skipped=False
2026-08-30 14:25:41,055 | INFO | step=3390/20000 loss=0.6750033 nll=0.673479 kl=0.002248283 consistency=0 lambda=0 beta=0.678 grad=95.23663 horizon=180 lifetime=[508,991] skipped=False
2026-08-30 14:25:41,407 | INFO | step=3400/20000 loss=0.0713978 nll=0.06762975 kl=0.00554124 consistency=0 lambda=0 beta=0.68 grad=15.19844 horizon=140 lifetime=[493,1932] skipped=False
2026-08-30 14:25:41,797 | INFO | step=3410/20000 loss=-0.04559978 nll=-0.05171135 kl=0.008961245 consistency=0 lambda=0 beta=0.682 grad=38.6879 horizon=120 lifetime=[461,1858] skipped=False
2026-08-30 14:25:42,148 | INFO | step=3420/20000 loss=1.094742 nll=1.090851 kl=0.005689836 consistency=0 lambda=0 beta=0.684 grad=156.7384 horizon=140 lifetime=[299,1635] skipped=False
2026-08-30 14:25:42,543 | INFO | step=3430/20000 loss=0.274651 nll=0.2726797 kl=0.002873562 consistency=0 lambda=0 beta=0.686 grad=47.63201 horizon=120 lifetime=[512,1071] skipped=False
2026-08-30 14:25:42,885 | INFO | step=3440/20000 loss=1.630964 nll=1.625078 kl=0.008555242 consistency=0 lambda=0 beta=0.688 grad=157.1324 horizon=120 lifetime=[486,1858] skipped=False
2026-08-30 14:25:43,266 | INFO | step=3450/20000 loss=-0.3908987 nll=-0.3937133 kl=0.004079081 consistency=0 lambda=0 beta=0.69 grad=24.8797 horizon=180 lifetime=[464,1049] skipped=False
2026-08-30 14:25:43,639 | INFO | step=3460/20000 loss=-0.3086601 nll=-0.309848 kl=0.001716502 consistency=0 lambda=0 beta=0.692 grad=23.47587 horizon=240 lifetime=[501,1932] skipped=False
2026-08-30 14:25:43,996 | INFO | step=3470/20000 loss=-0.209152 nll=-0.2114971 kl=0.003379084 consistency=0 lambda=0 beta=0.694 grad=24.48866 horizon=280 lifetime=[458,1076] skipped=False
2026-08-30 14:25:44,385 | INFO | step=3480/20000 loss=0.9366022 nll=0.934518 kl=0.002994422 consistency=0 lambda=0 beta=0.696 grad=83.90887 horizon=100 lifetime=[467,1282] skipped=False
2026-08-30 14:25:44,760 | INFO | step=3490/20000 loss=-0.389679 nll=-0.3947433 kl=0.007255429 consistency=0 lambda=0 beta=0.698 grad=21.77224 horizon=140 lifetime=[299,1076] skipped=False
2026-08-30 14:25:45,471 | INFO | validation step=3500 rmse=134.6802 best=134.6802@3500 stale=0/10
2026-08-30 14:25:45,471 | INFO | step=3500/20000 loss=0.05721028 nll=0.05495372 kl=0.003223651 consistency=0 lambda=0 beta=0.7 grad=72.69087 horizon=160 lifetime=[299,1431] skipped=False
2026-08-30 14:25:45,899 | INFO | step=3510/20000 loss=0.3970118 nll=0.3921888 kl=0.006870361 consistency=0 lambda=0 beta=0.702 grad=74.25831 horizon=260 lifetime=[486,1015] skipped=False
2026-08-30 14:25:46,268 | INFO | step=3520/20000 loss=0.001610522 nll=1.491606e-05 kl=0.002266485 consistency=0 lambda=0 beta=0.704 grad=38.00442 horizon=140 lifetime=[456,1431] skipped=False
2026-08-30 14:25:46,659 | INFO | step=3530/20000 loss=0.5501497 nll=0.5474748 kl=0.003788786 consistency=0 lambda=0 beta=0.706 grad=36.08894 horizon=100 lifetime=[464,1156] skipped=False
2026-08-30 14:25:47,075 | INFO | step=3540/20000 loss=0.01948059 nll=0.01560529 kl=0.005473593 consistency=0 lambda=0 beta=0.708 grad=55.4164 horizon=280 lifetime=[299,1858] skipped=False
2026-08-30 14:25:47,465 | INFO | step=3550/20000 loss=0.01193312 nll=0.01046628 kl=0.002065971 consistency=0 lambda=0 beta=0.71 grad=31.36426 horizon=140 lifetime=[460,1705] skipped=False
2026-08-30 14:25:47,845 | INFO | step=3560/20000 loss=0.9467329 nll=0.944878 kl=0.002605227 consistency=0 lambda=0 beta=0.712 grad=143.5214 horizon=260 lifetime=[493,1154] skipped=False
2026-08-30 14:25:48,220 | INFO | step=3570/20000 loss=-0.1186443 nll=-0.1199029 kl=0.001762751 consistency=0 lambda=0 beta=0.714 grad=32.67715 horizon=240 lifetime=[512,964] skipped=False
2026-08-30 14:25:48,614 | INFO | step=3580/20000 loss=-0.2167245 nll=-0.219488 kl=0.003859609 consistency=0 lambda=0 beta=0.716 grad=32.84796 horizon=260 lifetime=[460,1038] skipped=False
2026-08-30 14:25:48,988 | INFO | step=3590/20000 loss=0.1927788 nll=0.1898063 kl=0.004140034 consistency=0 lambda=0 beta=0.718 grad=63.28753 horizon=160 lifetime=[455,1282] skipped=False
2026-08-30 14:25:49,360 | INFO | step=3600/20000 loss=0.2964867 nll=0.2934907 kl=0.004161121 consistency=0 lambda=0 beta=0.72 grad=61.05523 horizon=160 lifetime=[484,871] skipped=False
2026-08-30 14:25:49,768 | INFO | step=3610/20000 loss=0.03224827 nll=0.03057186 kl=0.00232189 consistency=0 lambda=0 beta=0.722 grad=40.95345 horizon=220 lifetime=[299,1705] skipped=False
2026-08-30 14:25:50,182 | INFO | step=3620/20000 loss=-0.42005 nll=-0.4212221 kl=0.001618947 consistency=0 lambda=0 beta=0.724 grad=54.2816 horizon=200 lifetime=[482,1932] skipped=False
2026-08-30 14:25:50,574 | INFO | step=3630/20000 loss=-0.2952724 nll=-0.2974281 kl=0.002969404 consistency=0 lambda=0 beta=0.726 grad=48.29118 horizon=240 lifetime=[299,1156] skipped=False
2026-08-30 14:25:50,934 | INFO | step=3640/20000 loss=0.3097767 nll=0.3071024 kl=0.003673416 consistency=0 lambda=0 beta=0.728 grad=37.29985 horizon=220 lifetime=[518,770] skipped=False
2026-08-30 14:25:51,324 | INFO | step=3650/20000 loss=0.0217019 nll=0.01968905 kl=0.002757328 consistency=0 lambda=0 beta=0.73 grad=23.9975 horizon=180 lifetime=[508,1038] skipped=False
2026-08-30 14:25:51,707 | INFO | step=3660/20000 loss=-0.1551662 nll=-0.157429 kl=0.003091296 consistency=0 lambda=0 beta=0.732 grad=21.91072 horizon=260 lifetime=[456,988] skipped=False
2026-08-30 14:25:52,074 | INFO | step=3670/20000 loss=1.492516 nll=1.488437 kl=0.00555831 consistency=0 lambda=0 beta=0.734 grad=83.68702 horizon=120 lifetime=[614,1705] skipped=False
2026-08-30 14:25:52,439 | INFO | step=3680/20000 loss=0.4246768 nll=0.4222981 kl=0.003231995 consistency=0 lambda=0 beta=0.736 grad=11.17625 horizon=120 lifetime=[529,1154] skipped=False
2026-08-30 14:25:52,865 | INFO | step=3690/20000 loss=-0.216628 nll=-0.2182912 kl=0.002253573 consistency=0 lambda=0 beta=0.738 grad=30.08398 horizon=220 lifetime=[458,1705] skipped=False
2026-08-30 14:25:53,255 | INFO | step=3700/20000 loss=-0.1410101 nll=-0.144036 kl=0.00408908 consistency=0 lambda=0 beta=0.74 grad=24.30821 horizon=140 lifetime=[458,1705] skipped=False
2026-08-30 14:25:53,650 | INFO | step=3710/20000 loss=0.2664178 nll=0.2635004 kl=0.003931832 consistency=0 lambda=0 beta=0.742 grad=49.4741 horizon=100 lifetime=[455,1071] skipped=False
2026-08-30 14:25:54,031 | INFO | step=3720/20000 loss=-0.02459083 nll=-0.02967745 kl=0.006836854 consistency=0 lambda=0 beta=0.744 grad=55.33579 horizon=180 lifetime=[437,1858] skipped=False
2026-08-30 14:25:54,386 | INFO | step=3730/20000 loss=0.06605363 nll=0.06322502 kl=0.003791701 consistency=0 lambda=0 beta=0.746 grad=67.271 horizon=100 lifetime=[464,1045] skipped=False
2026-08-30 14:25:54,799 | INFO | step=3740/20000 loss=0.5421062 nll=0.5306448 kl=0.01532278 consistency=0 lambda=0 beta=0.748 grad=82.8861 horizon=140 lifetime=[501,1156] skipped=False
2026-08-30 14:25:55,182 | INFO | step=3750/20000 loss=-0.4707739 nll=-0.4733999 kl=0.0035013 consistency=0 lambda=0 beta=0.75 grad=31.03497 horizon=220 lifetime=[437,1038] skipped=False
2026-08-30 14:25:55,571 | INFO | step=3760/20000 loss=0.5935113 nll=0.5834591 kl=0.01336722 consistency=0 lambda=0 beta=0.752 grad=59.70996 horizon=100 lifetime=[456,1156] skipped=False
2026-08-30 14:25:55,990 | INFO | step=3770/20000 loss=-0.6360744 nll=-0.6379469 kl=0.002483383 consistency=0 lambda=0 beta=0.754 grad=17.56115 horizon=240 lifetime=[476,1045] skipped=False
2026-08-30 14:25:56,379 | INFO | step=3780/20000 loss=-0.5733532 nll=-0.5749669 kl=0.002134547 consistency=0 lambda=0 beta=0.756 grad=14.73563 horizon=140 lifetime=[461,1038] skipped=False
2026-08-30 14:25:56,790 | INFO | step=3790/20000 loss=-0.1689256 nll=-0.1700224 kl=0.00144694 consistency=0 lambda=0 beta=0.758 grad=77.93848 horizon=240 lifetime=[476,1705] skipped=False
2026-08-30 14:25:57,181 | INFO | step=3800/20000 loss=0.03238276 nll=0.03113416 kl=0.00164289 consistency=0 lambda=0 beta=0.76 grad=24.32759 horizon=220 lifetime=[482,1154] skipped=False
2026-08-30 14:25:57,569 | INFO | step=3810/20000 loss=-0.04953248 nll=-0.05192162 kl=0.00313535 consistency=0 lambda=0 beta=0.762 grad=35.20221 horizon=140 lifetime=[700,1635] skipped=False
2026-08-30 14:25:57,990 | INFO | step=3820/20000 loss=-0.5827534 nll=-0.5842955 kl=0.002018441 consistency=0 lambda=0 beta=0.764 grad=44.09347 horizon=280 lifetime=[486,1025] skipped=False
2026-08-30 14:25:58,381 | INFO | step=3830/20000 loss=-0.5535848 nll=-0.5549346 kl=0.001762163 consistency=0 lambda=0 beta=0.766 grad=16.57359 horizon=180 lifetime=[486,1007] skipped=False
2026-08-30 14:25:58,780 | INFO | step=3840/20000 loss=0.06072789 nll=0.05751479 kl=0.004183712 consistency=0 lambda=0 beta=0.768 grad=36.16936 horizon=120 lifetime=[486,1705] skipped=False
2026-08-30 14:25:59,169 | INFO | step=3850/20000 loss=0.02252597 nll=0.02111392 kl=0.001833837 consistency=0 lambda=0 beta=0.77 grad=64.74277 horizon=220 lifetime=[460,1143] skipped=False
2026-08-30 14:25:59,520 | INFO | step=3860/20000 loss=-0.2925152 nll=-0.2962594 kl=0.004850009 consistency=0 lambda=0 beta=0.772 grad=33.87965 horizon=140 lifetime=[458,1156] skipped=False
2026-08-30 14:25:59,940 | INFO | step=3870/20000 loss=-0.08998296 nll=-0.09146513 kl=0.001914948 consistency=0 lambda=0 beta=0.774 grad=26.44077 horizon=160 lifetime=[437,1154] skipped=False
2026-08-30 14:26:00,330 | INFO | step=3880/20000 loss=0.6021764 nll=0.6009948 kl=0.001522735 consistency=0 lambda=0 beta=0.776 grad=115.4707 horizon=160 lifetime=[458,1000] skipped=False
2026-08-30 14:26:00,752 | INFO | step=3890/20000 loss=0.1151137 nll=0.112506 kl=0.003351785 consistency=0 lambda=0 beta=0.778 grad=8.190839 horizon=100 lifetime=[455,1858] skipped=False
2026-08-30 14:26:01,133 | INFO | step=3900/20000 loss=0.01167889 nll=0.008733705 kl=0.003775883 consistency=0 lambda=0 beta=0.78 grad=23.9375 horizon=100 lifetime=[455,1049] skipped=False
2026-08-30 14:26:01,508 | INFO | step=3910/20000 loss=-0.4909456 nll=-0.4926161 kl=0.002136178 consistency=0 lambda=0 beta=0.782 grad=34.27197 horizon=300 lifetime=[529,1025] skipped=False
2026-08-30 14:26:01,904 | INFO | step=3920/20000 loss=-0.5254748 nll=-0.5279111 kl=0.003107391 consistency=0 lambda=0 beta=0.784 grad=90.33482 horizon=240 lifetime=[460,1431] skipped=False
2026-08-30 14:26:02,298 | INFO | step=3930/20000 loss=-0.2254417 nll=-0.2351972 kl=0.01241156 consistency=0 lambda=0 beta=0.786 grad=59.30157 horizon=160 lifetime=[456,1431] skipped=False
2026-08-30 14:26:02,668 | INFO | step=3940/20000 loss=0.5498952 nll=0.5470283 kl=0.003638126 consistency=0 lambda=0 beta=0.788 grad=104.7477 horizon=120 lifetime=[461,1071] skipped=False
2026-08-30 14:26:03,131 | INFO | step=3950/20000 loss=-0.3726419 nll=-0.3738365 kl=0.00151214 consistency=0 lambda=0 beta=0.79 grad=48.43517 horizon=200 lifetime=[493,1635] skipped=False
2026-08-30 14:26:03,523 | INFO | step=3960/20000 loss=0.7128317 nll=0.7112092 kl=0.002048507 consistency=0 lambda=0 beta=0.792 grad=72.68431 horizon=260 lifetime=[510,1932] skipped=False
2026-08-30 14:26:03,914 | INFO | step=3970/20000 loss=-0.5040277 nll=-0.5054078 kl=0.001738034 consistency=0 lambda=0 beta=0.794 grad=17.17732 horizon=220 lifetime=[476,1045] skipped=False
2026-08-30 14:26:04,339 | INFO | step=3980/20000 loss=0.03702759 nll=0.0335015 kl=0.004429758 consistency=0 lambda=0 beta=0.796 grad=40.84749 horizon=280 lifetime=[470,1635] skipped=False
2026-08-30 14:26:04,704 | INFO | step=3990/20000 loss=0.004586815 nll=0.001959592 kl=0.003292259 consistency=0 lambda=0 beta=0.798 grad=28.6574 horizon=160 lifetime=[456,856] skipped=False
2026-08-30 14:26:05,402 | INFO | validation step=4000 rmse=138.3837 best=134.6802@3500 stale=1/10
2026-08-30 14:26:05,402 | INFO | step=4000/20000 loss=-0.3546756 nll=-0.356 kl=0.001655526 consistency=0 lambda=0 beta=0.8 grad=38.28445 horizon=160 lifetime=[477,1049] skipped=False
2026-08-30 14:26:05,834 | INFO | step=4010/20000 loss=-0.2117604 nll=-0.214165 kl=0.002998218 consistency=0 lambda=0 beta=0.802 grad=52.76734 horizon=200 lifetime=[484,1156] skipped=False
2026-08-30 14:26:06,244 | INFO | step=4020/20000 loss=0.3462452 nll=0.3451203 kl=0.001399137 consistency=0 lambda=0 beta=0.804 grad=57.5146 horizon=240 lifetime=[486,1858] skipped=False
2026-08-30 14:26:06,676 | INFO | step=4030/20000 loss=-0.5117573 nll=-0.5133986 kl=0.002036499 consistency=0 lambda=0 beta=0.806 grad=45.98846 horizon=180 lifetime=[458,1156] skipped=False
2026-08-30 14:26:07,038 | INFO | step=4040/20000 loss=-0.3193657 nll=-0.3215633 kl=0.002719779 consistency=0 lambda=0 beta=0.808 grad=46.1934 horizon=200 lifetime=[477,1705] skipped=False
2026-08-30 14:26:07,423 | INFO | step=4050/20000 loss=-0.0719253 nll=-0.07398376 kl=0.002541304 consistency=0 lambda=0 beta=0.81 grad=65.68269 horizon=240 lifetime=[455,988] skipped=False
2026-08-30 14:26:07,861 | INFO | step=4060/20000 loss=0.1211133 nll=0.119558 kl=0.001915362 consistency=0 lambda=0 beta=0.812 grad=77.08414 horizon=260 lifetime=[491,1635] skipped=False
2026-08-30 14:26:08,247 | INFO | step=4070/20000 loss=-0.183137 nll=-0.1904123 kl=0.008937798 consistency=0 lambda=0 beta=0.814 grad=49.04099 horizon=100 lifetime=[458,1038] skipped=False
2026-08-30 14:26:08,638 | INFO | step=4080/20000 loss=-0.504167 nll=-0.5077508 kl=0.004391894 consistency=0 lambda=0 beta=0.816 grad=28.10478 horizon=280 lifetime=[464,1036] skipped=False
2026-08-30 14:26:09,060 | INFO | step=4090/20000 loss=-0.1197606 nll=-0.1210359 kl=0.001558959 consistency=0 lambda=0 beta=0.818 grad=75.57275 horizon=300 lifetime=[486,1091] skipped=False
2026-08-30 14:26:09,438 | INFO | step=4100/20000 loss=0.1695842 nll=0.1611551 kl=0.01027941 consistency=0 lambda=0 beta=0.82 grad=66.70783 horizon=100 lifetime=[486,1282] skipped=False
2026-08-30 14:26:09,844 | INFO | step=4110/20000 loss=-0.2912137 nll=-0.2945482 kl=0.004056606 consistency=0 lambda=0 beta=0.822 grad=27.63166 horizon=200 lifetime=[707,1431] skipped=False
2026-08-30 14:26:10,273 | INFO | step=4120/20000 loss=1.230092 nll=1.228245 kl=0.002242103 consistency=0 lambda=0 beta=0.824 grad=34.62701 horizon=100 lifetime=[464,1061] skipped=False
2026-08-30 14:26:10,684 | INFO | step=4130/20000 loss=-0.3118419 nll=-0.3146276 kl=0.003372468 consistency=0 lambda=0 beta=0.826 grad=62.87616 horizon=260 lifetime=[455,1154] skipped=False
2026-08-30 14:26:11,094 | INFO | step=4140/20000 loss=1.419418 nll=1.416558 kl=0.003454437 consistency=0 lambda=0 beta=0.828 grad=109.719 horizon=260 lifetime=[491,1025] skipped=False
2026-08-30 14:26:11,505 | INFO | step=4150/20000 loss=-0.1202456 nll=-0.1218323 kl=0.001911603 consistency=0 lambda=0 beta=0.83 grad=28.74161 horizon=280 lifetime=[486,1431] skipped=False
2026-08-30 14:26:12,115 | INFO | step=4160/20000 loss=-0.6423769 nll=-0.6442916 kl=0.002301287 consistency=0 lambda=0 beta=0.832 grad=17.31711 horizon=300 lifetime=[470,1071] skipped=False
2026-08-30 14:26:12,519 | INFO | step=4170/20000 loss=-0.5273064 nll=-0.5300039 kl=0.003234461 consistency=0 lambda=0 beta=0.834 grad=26.11993 horizon=260 lifetime=[476,860] skipped=False
2026-08-30 14:26:12,966 | INFO | step=4180/20000 loss=-0.1773947 nll=-0.1798435 kl=0.00292924 consistency=0 lambda=0 beta=0.836 grad=28.82025 horizon=120 lifetime=[437,1076] skipped=False
2026-08-30 14:26:13,352 | INFO | step=4190/20000 loss=0.5304255 nll=0.5274506 kl=0.003550015 consistency=0 lambda=0 beta=0.838 grad=75.26789 horizon=240 lifetime=[539,1156] skipped=False
2026-08-30 14:26:13,725 | INFO | step=4200/20000 loss=-0.457828 nll=-0.4605152 kl=0.003199037 consistency=0 lambda=0 beta=0.84 grad=12.8468 horizon=180 lifetime=[518,1932] skipped=False
2026-08-30 14:26:14,182 | INFO | step=4210/20000 loss=0.3336229 nll=0.3303332 kl=0.003907051 consistency=0 lambda=0 beta=0.842 grad=47.20617 horizon=120 lifetime=[476,1932] skipped=False
2026-08-30 14:26:14,589 | INFO | step=4220/20000 loss=-0.3852213 nll=-0.3881702 kl=0.003493942 consistency=0 lambda=0 beta=0.844 grad=12.61378 horizon=140 lifetime=[455,1156] skipped=False
2026-08-30 14:26:14,989 | INFO | step=4230/20000 loss=-0.01970385 nll=-0.02426039 kl=0.00538598 consistency=0 lambda=0 beta=0.846 grad=107.9985 horizon=300 lifetime=[461,915] skipped=False
2026-08-30 14:26:15,407 | INFO | step=4240/20000 loss=-0.3229707 nll=-0.3255519 kl=0.003043801 consistency=0 lambda=0 beta=0.848 grad=22.22732 horizon=120 lifetime=[476,1091] skipped=False
2026-08-30 14:26:15,781 | INFO | step=4250/20000 loss=-0.6431249 nll=-0.6442785 kl=0.001357146 consistency=0 lambda=0 beta=0.85 grad=28.71424 horizon=160 lifetime=[467,1431] skipped=False
2026-08-30 14:26:16,175 | INFO | step=4260/20000 loss=0.05452721 nll=0.04432861 kl=0.01197019 consistency=0 lambda=0 beta=0.852 grad=32.31666 horizon=100 lifetime=[470,1036] skipped=False
2026-08-30 14:26:16,541 | INFO | step=4270/20000 loss=-0.3643724 nll=-0.3669057 kl=0.002966456 consistency=0 lambda=0 beta=0.854 grad=90.31035 horizon=220 lifetime=[493,1858] skipped=False
2026-08-30 14:26:17,013 | INFO | step=4280/20000 loss=-0.5682446 nll=-0.5700712 kl=0.002133884 consistency=0 lambda=0 beta=0.856 grad=12.50431 horizon=260 lifetime=[458,1858] skipped=False
2026-08-30 14:26:17,424 | INFO | step=4290/20000 loss=-0.01933058 nll=-0.02043171 kl=0.00128337 consistency=0 lambda=0 beta=0.858 grad=35.21533 horizon=220 lifetime=[437,1007] skipped=False
2026-08-30 14:26:17,866 | INFO | step=4300/20000 loss=0.2482612 nll=0.2455911 kl=0.003104761 consistency=0 lambda=0 beta=0.86 grad=77.82243 horizon=280 lifetime=[460,1635] skipped=False
2026-08-30 14:26:18,272 | INFO | step=4310/20000 loss=0.0431729 nll=0.03793758 kl=0.006073449 consistency=0 lambda=0 beta=0.862 grad=85.71957 horizon=180 lifetime=[477,1635] skipped=False
2026-08-30 14:26:18,688 | INFO | step=4320/20000 loss=-0.7014248 nll=-0.7043535 kl=0.003389619 consistency=0 lambda=0 beta=0.864 grad=57.46445 horizon=260 lifetime=[299,868] skipped=False
2026-08-30 14:26:19,045 | INFO | step=4330/20000 loss=-0.3637794 nll=-0.3683513 kl=0.005279377 consistency=0 lambda=0 beta=0.866 grad=68.11308 horizon=180 lifetime=[437,856] skipped=False
2026-08-30 14:26:19,479 | INFO | step=4340/20000 loss=-0.09459049 nll=-0.09591188 kl=0.001522347 consistency=0 lambda=0 beta=0.868 grad=27.95089 horizon=160 lifetime=[437,1932] skipped=False
2026-08-30 14:26:19,870 | INFO | step=4350/20000 loss=-0.2991911 nll=-0.3008463 kl=0.001902483 consistency=0 lambda=0 beta=0.87 grad=11.5542 horizon=140 lifetime=[437,1705] skipped=False
2026-08-30 14:26:20,256 | INFO | step=4360/20000 loss=-0.02482439 nll=-0.0263449 kl=0.001743697 consistency=0 lambda=0 beta=0.872 grad=22.91097 horizon=100 lifetime=[456,1143] skipped=False
2026-08-30 14:26:20,630 | INFO | step=4370/20000 loss=0.1395374 nll=0.1370592 kl=0.002835535 consistency=0 lambda=0 beta=0.874 grad=43.02579 horizon=160 lifetime=[437,1071] skipped=False
2026-08-30 14:26:21,042 | INFO | step=4380/20000 loss=-0.887949 nll=-0.8901751 kl=0.002541199 consistency=0 lambda=0 beta=0.876 grad=30.51238 horizon=300 lifetime=[482,794] skipped=False
2026-08-30 14:26:21,467 | INFO | step=4390/20000 loss=-0.5217236 nll=-0.5245816 kl=0.003255017 consistency=0 lambda=0 beta=0.878 grad=20.42299 horizon=200 lifetime=[455,1154] skipped=False
2026-08-30 14:26:21,876 | INFO | step=4400/20000 loss=-0.03014578 nll=-0.03152862 kl=0.001571409 consistency=0 lambda=0 beta=0.88 grad=48.31693 horizon=140 lifetime=[484,1705] skipped=False
2026-08-30 14:26:22,249 | INFO | step=4410/20000 loss=0.2731929 nll=0.270074 kl=0.003536254 consistency=0 lambda=0 beta=0.882 grad=35.28098 horizon=100 lifetime=[508,1036] skipped=False
2026-08-30 14:26:22,666 | INFO | step=4420/20000 loss=0.01268537 nll=0.01078078 kl=0.002154514 consistency=0 lambda=0 beta=0.884 grad=255.8082 horizon=240 lifetime=[470,1705] skipped=False
2026-08-30 14:26:23,062 | INFO | step=4430/20000 loss=-0.3483989 nll=-0.3515021 kl=0.003502555 consistency=0 lambda=0 beta=0.886 grad=11.43808 horizon=160 lifetime=[476,942] skipped=False
2026-08-30 14:26:23,448 | INFO | step=4440/20000 loss=-0.2225089 nll=-0.2247547 kl=0.002529077 consistency=0 lambda=0 beta=0.888 grad=64.52966 horizon=160 lifetime=[437,1705] skipped=False
2026-08-30 14:26:23,834 | INFO | step=4450/20000 loss=-0.1482655 nll=-0.149749 kl=0.001666814 consistency=0 lambda=0 beta=0.89 grad=97.17628 horizon=160 lifetime=[477,1932] skipped=False
2026-08-30 14:26:24,247 | INFO | step=4460/20000 loss=-0.2967992 nll=-0.2986804 kl=0.002108872 consistency=0 lambda=0 beta=0.892 grad=68.26979 horizon=260 lifetime=[476,1025] skipped=False
2026-08-30 14:26:24,640 | INFO | step=4470/20000 loss=0.1381694 nll=0.1365756 kl=0.00178276 consistency=0 lambda=0 beta=0.894 grad=86.9539 horizon=260 lifetime=[510,1932] skipped=False
2026-08-30 14:26:25,044 | INFO | step=4480/20000 loss=-0.2019117 nll=-0.2055519 kl=0.00406266 consistency=0 lambda=0 beta=0.896 grad=33.88245 horizon=220 lifetime=[464,1282] skipped=False
2026-08-30 14:26:25,420 | INFO | step=4490/20000 loss=-0.1189793 nll=-0.1231182 kl=0.004608944 consistency=0 lambda=0 beta=0.898 grad=34.69868 horizon=180 lifetime=[458,1705] skipped=False
2026-08-30 14:26:26,136 | INFO | validation step=4500 rmse=173.2459 best=134.6802@3500 stale=2/10
2026-08-30 14:26:26,136 | INFO | step=4500/20000 loss=0.740232 nll=0.7375565 kl=0.002972811 consistency=0 lambda=0 beta=0.9 grad=113.3936 horizon=300 lifetime=[460,1154] skipped=False
2026-08-30 14:26:26,579 | INFO | step=4510/20000 loss=1.664814 nll=1.660358 kl=0.004939817 consistency=0 lambda=0 beta=0.902 grad=141.0774 horizon=100 lifetime=[458,1143] skipped=False
2026-08-30 14:26:26,968 | INFO | step=4520/20000 loss=0.5376945 nll=0.5356956 kl=0.002211109 consistency=0 lambda=0 beta=0.904 grad=72.67704 horizon=300 lifetime=[700,1282] skipped=False
2026-08-30 14:26:27,366 | INFO | step=4530/20000 loss=0.1481832 nll=0.1440109 kl=0.004605107 consistency=0 lambda=0 beta=0.906 grad=20.23288 horizon=200 lifetime=[529,1154] skipped=False
2026-08-30 14:26:27,781 | INFO | step=4540/20000 loss=0.09616326 nll=0.08901086 kl=0.007877082 consistency=0 lambda=0 beta=0.908 grad=28.17603 horizon=100 lifetime=[486,1858] skipped=False
2026-08-30 14:26:28,194 | INFO | step=4550/20000 loss=-0.2740663 nll=-0.2759044 kl=0.002019905 consistency=0 lambda=0 beta=0.91 grad=30.00106 horizon=200 lifetime=[437,891] skipped=False
2026-08-30 14:26:28,606 | INFO | step=4560/20000 loss=-0.3032132 nll=-0.3051926 kl=0.002170309 consistency=0 lambda=0 beta=0.912 grad=16.41294 horizon=200 lifetime=[559,1431] skipped=False
2026-08-30 14:26:28,991 | INFO | step=4570/20000 loss=0.1436884 nll=0.1422948 kl=0.001524746 consistency=0 lambda=0 beta=0.914 grad=47.92026 horizon=120 lifetime=[456,1156] skipped=False
2026-08-30 14:26:29,382 | INFO | step=4580/20000 loss=-0.1955151 nll=-0.2003293 kl=0.005255766 consistency=0 lambda=0 beta=0.916 grad=28.63306 horizon=180 lifetime=[455,1932] skipped=False
2026-08-30 14:26:29,803 | INFO | step=4590/20000 loss=-0.1438586 nll=-0.1518223 kl=0.008675121 consistency=0 lambda=0 beta=0.918 grad=97.09851 horizon=300 lifetime=[518,1049] skipped=False
2026-08-30 14:26:30,229 | INFO | step=4600/20000 loss=-0.2100776 nll=-0.2119155 kl=0.001997709 consistency=0 lambda=0 beta=0.92 grad=11.10059 horizon=300 lifetime=[738,1431] skipped=False
2026-08-30 14:26:30,631 | INFO | step=4610/20000 loss=-0.3401143 nll=-0.3435859 kl=0.003765374 consistency=0 lambda=0 beta=0.922 grad=52.1267 horizon=300 lifetime=[467,921] skipped=False
2026-08-30 14:26:31,029 | INFO | step=4620/20000 loss=1.693305 nll=1.686891 kl=0.006942101 consistency=0 lambda=0 beta=0.924 grad=135.5454 horizon=100 lifetime=[529,1705] skipped=False
2026-08-30 14:26:31,454 | INFO | step=4630/20000 loss=-0.4395829 nll=-0.4443815 kl=0.00518202 consistency=0 lambda=0 beta=0.926 grad=35.97008 horizon=240 lifetime=[437,1156] skipped=False
2026-08-30 14:26:31,855 | INFO | step=4640/20000 loss=-0.2448664 nll=-0.2489526 kl=0.004403256 consistency=0 lambda=0 beta=0.928 grad=39.8233 horizon=260 lifetime=[455,1282] skipped=False
2026-08-30 14:26:32,250 | INFO | step=4650/20000 loss=-0.159105 nll=-0.1602948 kl=0.001279324 consistency=0 lambda=0 beta=0.93 grad=20.34808 horizon=120 lifetime=[455,1007] skipped=False
2026-08-30 14:26:32,639 | INFO | step=4660/20000 loss=-0.2420998 nll=-0.2463091 kl=0.00451643 consistency=0 lambda=0 beta=0.932 grad=68.43876 horizon=300 lifetime=[493,1705] skipped=False
2026-08-30 14:26:33,062 | INFO | step=4670/20000 loss=-0.6020424 nll=-0.6064688 kl=0.004739191 consistency=0 lambda=0 beta=0.934 grad=49.18699 horizon=280 lifetime=[437,1431] skipped=False
2026-08-30 14:26:33,450 | INFO | step=4680/20000 loss=-0.6645648 nll=-0.6658587 kl=0.001382329 consistency=0 lambda=0 beta=0.936 grad=32.34933 horizon=260 lifetime=[460,1156] skipped=False
2026-08-30 14:26:33,842 | INFO | step=4690/20000 loss=-0.07285532 nll=-0.07900988 kl=0.006561361 consistency=0 lambda=0 beta=0.938 grad=17.35361 horizon=120 lifetime=[455,1858] skipped=False
2026-08-30 14:26:34,264 | INFO | step=4700/20000 loss=-0.3116947 nll=-0.3131462 kl=0.00154417 consistency=0 lambda=0 beta=0.94 grad=27.87085 horizon=140 lifetime=[476,1143] skipped=False
2026-08-30 14:26:34,646 | INFO | step=4710/20000 loss=-0.1770245 nll=-0.1789174 kl=0.002009377 consistency=0 lambda=0 beta=0.942 grad=13.8228 horizon=140 lifetime=[477,1038] skipped=False
2026-08-30 14:26:35,065 | INFO | step=4720/20000 loss=-0.6571904 nll=-0.6598864 kl=0.002855927 consistency=0 lambda=0 beta=0.944 grad=11.28402 horizon=180 lifetime=[559,1076] skipped=False
2026-08-30 14:26:35,481 | INFO | step=4730/20000 loss=-0.1814115 nll=-0.1829852 kl=0.001663588 consistency=0 lambda=0 beta=0.946 grad=25.7864 horizon=160 lifetime=[458,1156] skipped=False
2026-08-30 14:26:35,902 | INFO | step=4740/20000 loss=-0.6805413 nll=-0.6854318 kl=0.005158804 consistency=0 lambda=0 beta=0.948 grad=27.39229 horizon=220 lifetime=[437,1061] skipped=False
2026-08-30 14:26:36,295 | INFO | step=4750/20000 loss=-0.6844135 nll=-0.6857768 kl=0.00143512 consistency=0 lambda=0 beta=0.95 grad=85.42662 horizon=280 lifetime=[476,1091] skipped=False
2026-08-30 14:26:36,690 | INFO | step=4760/20000 loss=0.3608539 nll=0.3576303 kl=0.00338614 consistency=0 lambda=0 beta=0.952 grad=148.8976 horizon=140 lifetime=[510,1015] skipped=False
2026-08-30 14:26:37,077 | INFO | step=4770/20000 loss=0.00404082 nll=-0.003405631 kl=0.007805504 consistency=0 lambda=0 beta=0.954 grad=68.36765 horizon=220 lifetime=[476,1038] skipped=False
2026-08-30 14:26:37,470 | INFO | step=4780/20000 loss=-0.230281 nll=-0.2328722 kl=0.002710558 consistency=0 lambda=0 beta=0.956 grad=40.52452 horizon=140 lifetime=[476,991] skipped=False
2026-08-30 14:26:37,842 | INFO | step=4790/20000 loss=-0.6597168 nll=-0.660589 kl=0.0009104759 consistency=0 lambda=0 beta=0.958 grad=16.92801 horizon=280 lifetime=[456,1071] skipped=False
2026-08-30 14:26:38,185 | INFO | step=4800/20000 loss=-0.654231 nll=-0.6570448 kl=0.002930991 consistency=0 lambda=0 beta=0.96 grad=99.08141 horizon=280 lifetime=[461,1038] skipped=False
2026-08-30 14:26:38,600 | INFO | step=4810/20000 loss=0.3387725 nll=0.3347247 kl=0.004207633 consistency=0 lambda=0 beta=0.962 grad=59.41858 horizon=300 lifetime=[529,1431] skipped=False
2026-08-30 14:26:38,990 | INFO | step=4820/20000 loss=0.2896658 nll=0.2856243 kl=0.004192449 consistency=0 lambda=0 beta=0.964 grad=36.68547 horizon=100 lifetime=[607,1282] skipped=False
2026-08-30 14:26:39,393 | INFO | step=4830/20000 loss=-0.5299436 nll=-0.5421839 kl=0.01267113 consistency=0 lambda=0 beta=0.966 grad=62.00588 horizon=160 lifetime=[299,915] skipped=False
2026-08-30 14:26:39,846 | INFO | step=4840/20000 loss=-0.2934197 nll=-0.29439 kl=0.001002312 consistency=0 lambda=0 beta=0.968 grad=39.84066 horizon=260 lifetime=[461,1431] skipped=False
2026-08-30 14:26:40,247 | INFO | step=4850/20000 loss=-0.08850256 nll=-0.09027748 kl=0.00182981 consistency=0 lambda=0 beta=0.97 grad=99.63986 horizon=240 lifetime=[299,1705] skipped=False
2026-08-30 14:26:40,631 | INFO | step=4860/20000 loss=0.05788974 nll=0.05676052 kl=0.001161754 consistency=0 lambda=0 beta=0.972 grad=81.61461 horizon=160 lifetime=[437,1431] skipped=False
2026-08-30 14:26:41,032 | INFO | step=4870/20000 loss=0.1229157 nll=0.1210423 kl=0.001923412 consistency=0 lambda=0 beta=0.974 grad=23.35413 horizon=120 lifetime=[484,1038] skipped=False
2026-08-30 14:26:41,416 | INFO | step=4880/20000 loss=-0.2039585 nll=-0.2061667 kl=0.002262555 consistency=0 lambda=0 beta=0.976 grad=97.21257 horizon=220 lifetime=[299,1143] skipped=False
2026-08-30 14:26:41,754 | INFO | step=4890/20000 loss=-0.2221978 nll=-0.2262876 kl=0.004181802 consistency=0 lambda=0 beta=0.978 grad=37.83152 horizon=100 lifetime=[456,1143] skipped=False
2026-08-30 14:26:42,177 | INFO | step=4900/20000 loss=-0.3449341 nll=-0.3480073 kl=0.003135964 consistency=0 lambda=0 beta=0.98 grad=38.09491 horizon=220 lifetime=[512,1705] skipped=False
2026-08-30 14:26:42,556 | INFO | step=4910/20000 loss=-0.08011073 nll=-0.08370107 kl=0.003656156 consistency=0 lambda=0 beta=0.982 grad=16.84407 horizon=160 lifetime=[299,988] skipped=False
2026-08-30 14:26:42,948 | INFO | step=4920/20000 loss=0.1795495 nll=0.1772625 kl=0.002324209 consistency=0 lambda=0 beta=0.984 grad=60.82206 horizon=180 lifetime=[464,1858] skipped=False
2026-08-30 14:26:43,347 | INFO | step=4930/20000 loss=0.5314004 nll=0.5288371 kl=0.002599686 consistency=0 lambda=0 beta=0.986 grad=103.5722 horizon=220 lifetime=[482,1061] skipped=False
2026-08-30 14:26:43,767 | INFO | step=4940/20000 loss=-0.07712644 nll=-0.07984497 kl=0.002751552 consistency=0 lambda=0 beta=0.988 grad=22.29027 horizon=260 lifetime=[455,1705] skipped=False
2026-08-30 14:26:44,159 | INFO | step=4950/20000 loss=-0.3059393 nll=-0.3080332 kl=0.002115041 consistency=0 lambda=0 beta=0.99 grad=62.99921 horizon=280 lifetime=[477,1049] skipped=False
2026-08-30 14:26:44,538 | INFO | step=4960/20000 loss=-0.203086 nll=-0.20571 kl=0.00264512 consistency=0 lambda=0 beta=0.992 grad=43.84628 horizon=160 lifetime=[476,1071] skipped=False
2026-08-30 14:26:44,964 | INFO | step=4970/20000 loss=-0.2933937 nll=-0.2986832 kl=0.005321451 consistency=0 lambda=0 beta=0.994 grad=36.53494 horizon=240 lifetime=[615,1036] skipped=False
2026-08-30 14:26:45,335 | INFO | step=4980/20000 loss=-0.02603854 nll=-0.02869045 kl=0.002662562 consistency=0 lambda=0 beta=0.996 grad=13.6226 horizon=180 lifetime=[614,1143] skipped=False
2026-08-30 14:26:45,751 | INFO | step=4990/20000 loss=-0.2031153 nll=-0.2056094 kl=0.002499141 consistency=0 lambda=0 beta=0.998 grad=56.00974 horizon=220 lifetime=[484,1038] skipped=False
2026-08-30 14:26:46,409 | INFO | validation step=5000 rmse=172.2546 best=134.6802@3500 stale=3/10
2026-08-30 14:26:46,409 | INFO | step=5000/20000 loss=0.433724 nll=0.432199 kl=0.001524955 consistency=0 lambda=0 beta=1 grad=167.3246 horizon=220 lifetime=[461,1061] skipped=False
2026-08-30 14:26:46,866 | INFO | step=5010/20000 loss=-0.05871988 nll=-0.06141172 kl=0.002691839 consistency=0 lambda=0 beta=1 grad=47.54479 horizon=260 lifetime=[461,1061] skipped=False
2026-08-30 14:26:47,255 | INFO | step=5020/20000 loss=0.002574442 nll=0.001440763 kl=0.001133678 consistency=0 lambda=0 beta=1 grad=129.5253 horizon=300 lifetime=[467,1076] skipped=False
2026-08-30 14:26:47,654 | INFO | step=5030/20000 loss=0.2124514 nll=0.2075476 kl=0.004903793 consistency=0 lambda=0 beta=1 grad=98.87315 horizon=200 lifetime=[486,1858] skipped=False
2026-08-30 14:26:48,062 | INFO | step=5040/20000 loss=0.3915102 nll=0.3903395 kl=0.001170689 consistency=0 lambda=0 beta=1 grad=39.27739 horizon=140 lifetime=[559,1282] skipped=False
2026-08-30 14:26:48,415 | INFO | step=5050/20000 loss=-0.3241482 nll=-0.3272962 kl=0.003147945 consistency=0 lambda=0 beta=1 grad=31.36555 horizon=220 lifetime=[460,1154] skipped=False
2026-08-30 14:26:48,802 | INFO | step=5060/20000 loss=-0.1332983 nll=-0.1356303 kl=0.002331976 consistency=0 lambda=0 beta=1 grad=51.81779 horizon=260 lifetime=[458,1858] skipped=False
2026-08-30 14:26:49,171 | INFO | step=5070/20000 loss=-0.640313 nll=-0.6454921 kl=0.005179096 consistency=0 lambda=0 beta=1 grad=23.15755 horizon=140 lifetime=[458,1038] skipped=False
2026-08-30 14:26:49,561 | INFO | step=5080/20000 loss=-0.3279685 nll=-0.3300563 kl=0.00208772 consistency=0 lambda=0 beta=1 grad=46.90784 horizon=200 lifetime=[476,1858] skipped=False
2026-08-30 14:26:49,959 | INFO | step=5090/20000 loss=0.2602716 nll=0.2565966 kl=0.003674943 consistency=0 lambda=0 beta=1 grad=154.5599 horizon=220 lifetime=[460,1705] skipped=False
2026-08-30 14:26:50,398 | INFO | step=5100/20000 loss=0.3684062 nll=0.3639598 kl=0.004446395 consistency=0 lambda=0 beta=1 grad=23.7548 horizon=100 lifetime=[464,1635] skipped=False
2026-08-30 14:26:50,818 | INFO | step=5110/20000 loss=-0.04841043 nll=-0.04950345 kl=0.001093011 consistency=0 lambda=0 beta=1 grad=67.14064 horizon=220 lifetime=[456,1091] skipped=False
2026-08-30 14:26:51,228 | INFO | step=5120/20000 loss=-0.3461889 nll=-0.3473371 kl=0.001148134 consistency=0 lambda=0 beta=1 grad=16.3688 horizon=140 lifetime=[460,991] skipped=False
2026-08-30 14:26:51,606 | INFO | step=5130/20000 loss=-0.4099026 nll=-0.4109232 kl=0.001020517 consistency=0 lambda=0 beta=1 grad=56.83086 horizon=220 lifetime=[484,874] skipped=False
2026-08-30 14:26:52,019 | INFO | step=5140/20000 loss=-0.328873 nll=-0.3309199 kl=0.002046883 consistency=0 lambda=0 beta=1 grad=31.95538 horizon=160 lifetime=[456,1007] skipped=False
2026-08-30 14:26:52,468 | INFO | step=5150/20000 loss=-0.2147203 nll=-0.2165487 kl=0.001828335 consistency=0 lambda=0 beta=1 grad=108.0554 horizon=300 lifetime=[461,847] skipped=False
2026-08-30 14:26:52,834 | INFO | step=5160/20000 loss=0.5510849 nll=0.548137 kl=0.002947953 consistency=0 lambda=0 beta=1 grad=59.18843 horizon=100 lifetime=[491,1025] skipped=False
2026-08-30 14:26:53,217 | INFO | step=5170/20000 loss=-0.1766976 nll=-0.1785821 kl=0.001884472 consistency=0 lambda=0 beta=1 grad=21.29289 horizon=120 lifetime=[437,1156] skipped=False
2026-08-30 14:26:53,599 | INFO | step=5180/20000 loss=-0.2116632 nll=-0.2136298 kl=0.001966683 consistency=0 lambda=0 beta=1 grad=28.40709 horizon=300 lifetime=[707,1635] skipped=False
2026-08-30 14:26:54,029 | INFO | step=5190/20000 loss=0.1261896 nll=0.1242375 kl=0.001952052 consistency=0 lambda=0 beta=1 grad=48.52555 horizon=120 lifetime=[299,1282] skipped=False
2026-08-30 14:26:54,372 | INFO | step=5200/20000 loss=-0.1024304 nll=-0.1074661 kl=0.005035689 consistency=0 lambda=0 beta=1 grad=61.58162 horizon=100 lifetime=[299,1036] skipped=False
2026-08-30 14:26:54,776 | INFO | step=5210/20000 loss=-0.2725456 nll=-0.2740645 kl=0.001518825 consistency=0 lambda=0 beta=1 grad=103.702 horizon=300 lifetime=[460,1071] skipped=False
2026-08-30 14:26:55,164 | INFO | step=5220/20000 loss=0.3172712 nll=0.3150215 kl=0.002249731 consistency=0 lambda=0 beta=1 grad=34.44505 horizon=160 lifetime=[615,1932] skipped=False
2026-08-30 14:26:55,562 | INFO | step=5230/20000 loss=0.3978672 nll=0.3942516 kl=0.003615562 consistency=0 lambda=0 beta=1 grad=180.2406 horizon=280 lifetime=[461,1705] skipped=False
2026-08-30 14:26:55,979 | INFO | step=5240/20000 loss=0.2393245 nll=0.237919 kl=0.001405466 consistency=0 lambda=0 beta=1 grad=208.5334 horizon=260 lifetime=[476,1154] skipped=False
2026-08-30 14:26:56,379 | INFO | step=5250/20000 loss=-0.4495105 nll=-0.4556013 kl=0.006090803 consistency=0 lambda=0 beta=1 grad=24.42052 horizon=160 lifetime=[675,1932] skipped=False
2026-08-30 14:26:56,794 | INFO | step=5260/20000 loss=-0.4254119 nll=-0.4280698 kl=0.002657883 consistency=0 lambda=0 beta=1 grad=81.47308 horizon=280 lifetime=[437,1076] skipped=False
2026-08-30 14:26:57,220 | INFO | step=5270/20000 loss=-0.08603531 nll=-0.08793068 kl=0.001895368 consistency=0 lambda=0 beta=1 grad=78.77872 horizon=300 lifetime=[493,1705] skipped=False
2026-08-30 14:26:57,571 | INFO | step=5280/20000 loss=-0.788083 nll=-0.7895303 kl=0.001447253 consistency=0 lambda=0 beta=1 grad=72.99075 horizon=200 lifetime=[437,794] skipped=False
2026-08-30 14:26:57,960 | INFO | step=5290/20000 loss=0.2560924 nll=0.2524363 kl=0.003656112 consistency=0 lambda=0 beta=1 grad=36.23105 horizon=140 lifetime=[607,1932] skipped=False
2026-08-30 14:26:58,385 | INFO | step=5300/20000 loss=-0.2094474 nll=-0.2122518 kl=0.002804369 consistency=0 lambda=0 beta=1 grad=55.15846 horizon=280 lifetime=[614,1143] skipped=False
2026-08-30 14:26:58,775 | INFO | step=5310/20000 loss=-0.5080273 nll=-0.5112777 kl=0.003250398 consistency=0 lambda=0 beta=1 grad=61.95368 horizon=240 lifetime=[460,1635] skipped=False
2026-08-30 14:26:59,196 | INFO | step=5320/20000 loss=-0.1950665 nll=-0.1967902 kl=0.001723748 consistency=0 lambda=0 beta=1 grad=55.09787 horizon=240 lifetime=[484,1932] skipped=False
2026-08-30 14:26:59,563 | INFO | step=5330/20000 loss=-0.198172 nll=-0.2003555 kl=0.002183523 consistency=0 lambda=0 beta=1 grad=26.63323 horizon=140 lifetime=[491,1156] skipped=False
2026-08-30 14:26:59,984 | INFO | step=5340/20000 loss=-0.2595196 nll=-0.263898 kl=0.00437836 consistency=0 lambda=0 beta=1 grad=58.39357 horizon=180 lifetime=[518,1282] skipped=False
2026-08-30 14:27:00,349 | INFO | step=5350/20000 loss=-0.5387099 nll=-0.5409144 kl=0.002204556 consistency=0 lambda=0 beta=1 grad=21.06919 horizon=280 lifetime=[529,1076] skipped=False
2026-08-30 14:27:00,716 | INFO | step=5360/20000 loss=-0.6160452 nll=-0.6185684 kl=0.002523173 consistency=0 lambda=0 beta=1 grad=29.05436 horizon=220 lifetime=[484,991] skipped=False
2026-08-30 14:27:01,079 | INFO | step=5370/20000 loss=-0.1654764 nll=-0.1670849 kl=0.001608508 consistency=0 lambda=0 beta=1 grad=76.9183 horizon=180 lifetime=[455,1705] skipped=False
2026-08-30 14:27:01,432 | INFO | step=5380/20000 loss=0.3505049 nll=0.3467938 kl=0.003711084 consistency=0 lambda=0 beta=1 grad=34.72645 horizon=100 lifetime=[486,921] skipped=False
2026-08-30 14:27:01,829 | INFO | step=5390/20000 loss=0.04071441 nll=0.038585 kl=0.002129404 consistency=0 lambda=0 beta=1 grad=51.58362 horizon=160 lifetime=[512,1705] skipped=False
2026-08-30 14:27:02,198 | INFO | step=5400/20000 loss=0.09172335 nll=0.08949912 kl=0.002224233 consistency=0 lambda=0 beta=1 grad=34.00916 horizon=100 lifetime=[476,1431] skipped=False
2026-08-30 14:27:02,560 | INFO | step=5410/20000 loss=0.2146095 nll=0.2115589 kl=0.003050607 consistency=0 lambda=0 beta=1 grad=56.79642 horizon=120 lifetime=[648,1932] skipped=False
2026-08-30 14:27:02,926 | INFO | step=5420/20000 loss=-0.5143895 nll=-0.5169369 kl=0.002547456 consistency=0 lambda=0 beta=1 grad=34.94969 horizon=200 lifetime=[467,1071] skipped=False
2026-08-30 14:27:03,289 | INFO | step=5430/20000 loss=-1.008688 nll=-1.010231 kl=0.001543676 consistency=0 lambda=0 beta=1 grad=39.8359 horizon=220 lifetime=[484,1025] skipped=False
2026-08-30 14:27:03,699 | INFO | step=5440/20000 loss=0.7490555 nll=0.7472563 kl=0.001799162 consistency=0 lambda=0 beta=1 grad=45.75904 horizon=120 lifetime=[486,1705] skipped=False
2026-08-30 14:27:04,071 | INFO | step=5450/20000 loss=0.1115947 nll=0.1102984 kl=0.001296321 consistency=0 lambda=0 beta=1 grad=137.8092 horizon=200 lifetime=[467,1071] skipped=False
2026-08-30 14:27:04,455 | INFO | step=5460/20000 loss=-0.6854482 nll=-0.687748 kl=0.002299827 consistency=0 lambda=0 beta=1 grad=82.87375 horizon=280 lifetime=[437,964] skipped=False
2026-08-30 14:27:04,884 | INFO | step=5470/20000 loss=0.07987332 nll=0.07758993 kl=0.002283394 consistency=0 lambda=0 beta=1 grad=77.37936 horizon=180 lifetime=[299,1282] skipped=False
2026-08-30 14:27:05,291 | INFO | step=5480/20000 loss=-0.4857396 nll=-0.4872741 kl=0.00153452 consistency=0 lambda=0 beta=1 grad=24.56579 horizon=280 lifetime=[493,1932] skipped=False
2026-08-30 14:27:05,680 | INFO | step=5490/20000 loss=-0.150885 nll=-0.1525749 kl=0.001689881 consistency=0 lambda=0 beta=1 grad=49.73868 horizon=100 lifetime=[470,1045] skipped=False
2026-08-30 14:27:06,333 | INFO | validation step=5500 rmse=181.9859 best=134.6802@3500 stale=4/10
2026-08-30 14:27:06,334 | INFO | step=5500/20000 loss=0.8702145 nll=0.8686925 kl=0.001522006 consistency=0 lambda=0 beta=1 grad=84.52058 horizon=100 lifetime=[476,1635] skipped=False
2026-08-30 14:27:06,763 | INFO | step=5510/20000 loss=-0.6898626 nll=-0.6907949 kl=0.0009323135 consistency=0 lambda=0 beta=1 grad=36.97446 horizon=160 lifetime=[460,988] skipped=False
2026-08-30 14:27:07,143 | INFO | step=5520/20000 loss=0.352483 nll=0.3500265 kl=0.002456469 consistency=0 lambda=0 beta=1 grad=51.92297 horizon=120 lifetime=[482,1932] skipped=False
2026-08-30 14:27:07,533 | INFO | step=5530/20000 loss=0.1347527 nll=0.1326394 kl=0.002113272 consistency=0 lambda=0 beta=1 grad=184.7994 horizon=200 lifetime=[437,1932] skipped=False
2026-08-30 14:27:07,902 | INFO | step=5540/20000 loss=-0.5719473 nll=-0.5756249 kl=0.003677662 consistency=0 lambda=0 beta=1 grad=70.00045 horizon=220 lifetime=[437,915] skipped=False
2026-08-30 14:27:08,307 | INFO | step=5550/20000 loss=0.9394819 nll=0.9372631 kl=0.002218743 consistency=0 lambda=0 beta=1 grad=91.84698 horizon=120 lifetime=[539,1000] skipped=False
2026-08-30 14:27:08,666 | INFO | step=5560/20000 loss=0.07898022 nll=0.07512601 kl=0.003854205 consistency=0 lambda=0 beta=1 grad=68.33356 horizon=160 lifetime=[754,1932] skipped=False
2026-08-30 14:27:09,013 | INFO | step=5570/20000 loss=-0.06289309 nll=-0.06437657 kl=0.001483487 consistency=0 lambda=0 beta=1 grad=153.9442 horizon=140 lifetime=[460,1025] skipped=False
2026-08-30 14:27:09,419 | INFO | step=5580/20000 loss=-0.6112772 nll=-0.6124 kl=0.001122829 consistency=0 lambda=0 beta=1 grad=45.74136 horizon=260 lifetime=[299,1282] skipped=False
2026-08-30 14:27:09,772 | INFO | step=5590/20000 loss=0.6295438 nll=0.6258925 kl=0.003651304 consistency=0 lambda=0 beta=1 grad=98.75909 horizon=180 lifetime=[529,1431] skipped=False
2026-08-30 14:27:10,122 | INFO | step=5600/20000 loss=-0.0488724 nll=-0.05084923 kl=0.001976825 consistency=0 lambda=0 beta=1 grad=91.95954 horizon=200 lifetime=[786,1282] skipped=False
2026-08-30 14:27:10,511 | INFO | step=5610/20000 loss=-0.08525463 nll=-0.08692852 kl=0.00167389 consistency=0 lambda=0 beta=1 grad=98.68814 horizon=300 lifetime=[482,1143] skipped=False
2026-08-30 14:27:10,880 | INFO | step=5620/20000 loss=0.1255131 nll=0.1239496 kl=0.001563456 consistency=0 lambda=0 beta=1 grad=57.70676 horizon=100 lifetime=[299,1025] skipped=False
2026-08-30 14:27:11,246 | INFO | step=5630/20000 loss=-0.3894918 nll=-0.3939052 kl=0.004413359 consistency=0 lambda=0 beta=1 grad=57.8039 horizon=140 lifetime=[456,874] skipped=False
2026-08-30 14:27:11,636 | INFO | step=5640/20000 loss=-0.2046315 nll=-0.206726 kl=0.00209447 consistency=0 lambda=0 beta=1 grad=114.0983 horizon=240 lifetime=[491,1025] skipped=False
2026-08-30 14:27:12,028 | INFO | step=5650/20000 loss=-0.6668115 nll=-0.6696024 kl=0.002790876 consistency=0 lambda=0 beta=1 grad=81.73996 horizon=300 lifetime=[467,1635] skipped=False
2026-08-30 14:27:12,354 | INFO | step=5660/20000 loss=-0.2214007 nll=-0.2228775 kl=0.001476862 consistency=0 lambda=0 beta=1 grad=30.6452 horizon=100 lifetime=[476,1932] skipped=False
2026-08-30 14:27:12,723 | INFO | step=5670/20000 loss=0.5478294 nll=0.5444949 kl=0.00333456 consistency=0 lambda=0 beta=1 grad=258.8221 horizon=200 lifetime=[460,1143] skipped=False
2026-08-30 14:27:13,097 | INFO | step=5680/20000 loss=-0.201865 nll=-0.2049718 kl=0.003106758 consistency=0 lambda=0 beta=1 grad=68.63604 horizon=260 lifetime=[518,991] skipped=False
2026-08-30 14:27:13,506 | INFO | step=5690/20000 loss=-1.000214 nll=-1.0021 kl=0.001885656 consistency=0 lambda=0 beta=1 grad=101.7382 horizon=260 lifetime=[467,855] skipped=False
2026-08-30 14:27:13,957 | INFO | step=5700/20000 loss=-0.4808648 nll=-0.4820315 kl=0.00116669 consistency=0 lambda=0 beta=1 grad=100.5621 horizon=300 lifetime=[437,1154] skipped=False
2026-08-30 14:27:14,313 | INFO | step=5710/20000 loss=0.09977601 nll=0.09797147 kl=0.001804549 consistency=0 lambda=0 beta=1 grad=132.6095 horizon=300 lifetime=[486,1156] skipped=False
2026-08-30 14:27:14,664 | INFO | step=5720/20000 loss=-0.3912538 nll=-0.3925987 kl=0.001344901 consistency=0 lambda=0 beta=1 grad=40.18525 horizon=260 lifetime=[464,1156] skipped=False
2026-08-30 14:27:14,988 | INFO | step=5730/20000 loss=0.7754305 nll=0.7704279 kl=0.005002615 consistency=0 lambda=0 beta=1 grad=82.55064 horizon=100 lifetime=[754,1015] skipped=False
2026-08-30 14:27:15,376 | INFO | step=5740/20000 loss=0.2659338 nll=0.2636787 kl=0.002255036 consistency=0 lambda=0 beta=1 grad=124.0843 horizon=240 lifetime=[476,1045] skipped=False
2026-08-30 14:27:15,796 | INFO | step=5750/20000 loss=-0.6480764 nll=-0.6497471 kl=0.001670703 consistency=0 lambda=0 beta=1 grad=28.11634 horizon=120 lifetime=[299,841] skipped=False
2026-08-30 14:27:16,218 | INFO | step=5760/20000 loss=-0.5568394 nll=-0.558197 kl=0.0013576 consistency=0 lambda=0 beta=1 grad=27.14128 horizon=220 lifetime=[458,1061] skipped=False
2026-08-30 14:27:16,623 | INFO | step=5770/20000 loss=-0.0139407 nll=-0.0149269 kl=0.0009861961 consistency=0 lambda=0 beta=1 grad=43.34819 horizon=200 lifetime=[501,1858] skipped=False
2026-08-30 14:27:17,022 | INFO | step=5780/20000 loss=-0.5123432 nll=-0.5141851 kl=0.001841895 consistency=0 lambda=0 beta=1 grad=40.53527 horizon=220 lifetime=[493,1705] skipped=False
2026-08-30 14:27:17,398 | INFO | step=5790/20000 loss=-0.5397818 nll=-0.5409519 kl=0.001170069 consistency=0 lambda=0 beta=1 grad=137.5518 horizon=240 lifetime=[299,1045] skipped=False
2026-08-30 14:27:17,798 | INFO | step=5800/20000 loss=-0.7140084 nll=-0.7156869 kl=0.001678523 consistency=0 lambda=0 beta=1 grad=46.81039 horizon=180 lifetime=[456,858] skipped=False
2026-08-30 14:27:18,226 | INFO | step=5810/20000 loss=-0.8142594 nll=-0.8156803 kl=0.001420923 consistency=0 lambda=0 beta=1 grad=23.33875 horizon=180 lifetime=[486,1025] skipped=False
2026-08-30 14:27:18,617 | INFO | step=5820/20000 loss=-0.4194361 nll=-0.4218027 kl=0.002366588 consistency=0 lambda=0 beta=1 grad=57.36753 horizon=160 lifetime=[461,942] skipped=False
2026-08-30 14:27:18,987 | INFO | step=5830/20000 loss=-0.2411822 nll=-0.244879 kl=0.003696762 consistency=0 lambda=0 beta=1 grad=35.74733 horizon=160 lifetime=[477,1705] skipped=False
2026-08-30 14:27:19,364 | INFO | step=5840/20000 loss=-0.293305 nll=-0.3000703 kl=0.006765246 consistency=0 lambda=0 beta=1 grad=26.82467 horizon=100 lifetime=[437,1858] skipped=False
2026-08-30 14:27:19,757 | INFO | step=5850/20000 loss=-0.02374718 nll=-0.03055444 kl=0.00680726 consistency=0 lambda=0 beta=1 grad=207.7767 horizon=260 lifetime=[738,1932] skipped=False
2026-08-30 14:27:20,166 | INFO | step=5860/20000 loss=-0.8122022 nll=-0.8137483 kl=0.001546152 consistency=0 lambda=0 beta=1 grad=66.20232 horizon=240 lifetime=[456,915] skipped=False
2026-08-30 14:27:20,557 | INFO | step=5870/20000 loss=-0.1490538 nll=-0.1500883 kl=0.001034535 consistency=0 lambda=0 beta=1 grad=44.51011 horizon=100 lifetime=[482,1091] skipped=False
2026-08-30 14:27:20,974 | INFO | step=5880/20000 loss=-1.354025 nll=-1.356453 kl=0.002427876 consistency=0 lambda=0 beta=1 grad=83.6649 horizon=300 lifetime=[455,1071] skipped=False
2026-08-30 14:27:21,385 | INFO | step=5890/20000 loss=0.3892058 nll=0.3878315 kl=0.001374289 consistency=0 lambda=0 beta=1 grad=75.62338 horizon=200 lifetime=[455,1143] skipped=False
2026-08-30 14:27:21,817 | INFO | step=5900/20000 loss=-0.6340165 nll=-0.6370062 kl=0.002989694 consistency=0 lambda=0 beta=1 grad=37.95156 horizon=220 lifetime=[461,1431] skipped=False
2026-08-30 14:27:22,206 | INFO | step=5910/20000 loss=-0.7148041 nll=-0.716309 kl=0.00150495 consistency=0 lambda=0 beta=1 grad=47.6666 horizon=280 lifetime=[299,1143] skipped=False
2026-08-30 14:27:22,591 | INFO | step=5920/20000 loss=0.6563427 nll=0.6534264 kl=0.002916254 consistency=0 lambda=0 beta=1 grad=63.51987 horizon=120 lifetime=[486,1000] skipped=False
2026-08-30 14:27:23,001 | INFO | step=5930/20000 loss=-0.07715286 nll=-0.08351362 kl=0.006360754 consistency=0 lambda=0 beta=1 grad=24.88956 horizon=120 lifetime=[518,1635] skipped=False
2026-08-30 14:27:23,358 | INFO | step=5940/20000 loss=-0.317484 nll=-0.3203184 kl=0.002834387 consistency=0 lambda=0 beta=1 grad=34.95267 horizon=160 lifetime=[299,1061] skipped=False
2026-08-30 14:27:23,711 | INFO | step=5950/20000 loss=0.8507409 nll=0.8495067 kl=0.001234151 consistency=0 lambda=0 beta=1 grad=123.1559 horizon=120 lifetime=[529,1858] skipped=False
2026-08-30 14:27:24,090 | INFO | step=5960/20000 loss=-0.08184768 nll=-0.08312878 kl=0.001281105 consistency=0 lambda=0 beta=1 grad=63.3582 horizon=120 lifetime=[461,1143] skipped=False
2026-08-30 14:27:24,486 | INFO | step=5970/20000 loss=0.7085574 nll=0.7067788 kl=0.001778618 consistency=0 lambda=0 beta=1 grad=120.3833 horizon=120 lifetime=[648,1932] skipped=False
2026-08-30 14:27:24,898 | INFO | step=5980/20000 loss=-0.2796988 nll=-0.2828609 kl=0.003162041 consistency=0 lambda=0 beta=1 grad=58.35333 horizon=160 lifetime=[607,1143] skipped=False
2026-08-30 14:27:25,264 | INFO | step=5990/20000 loss=-0.09009001 nll=-0.09216444 kl=0.002074428 consistency=0 lambda=0 beta=1 grad=45.74058 horizon=140 lifetime=[484,1045] skipped=False
2026-08-30 14:27:25,908 | INFO | validation step=6000 rmse=168.2191 best=134.6802@3500 stale=5/10
2026-08-30 14:27:25,908 | INFO | step=6000/20000 loss=-0.1986546 nll=-0.2010163 kl=0.00236167 consistency=0 lambda=0 beta=1 grad=30.40186 horizon=120 lifetime=[539,964] skipped=False
2026-08-30 14:27:26,349 | INFO | step=6010/20000 loss=-0.3932875 nll=-0.3945689 kl=0.001281396 consistency=0 lambda=0 beta=1 grad=25.04033 horizon=240 lifetime=[476,921] skipped=False
2026-08-30 14:27:26,760 | INFO | step=6020/20000 loss=-0.8450192 nll=-0.8465818 kl=0.001562573 consistency=0 lambda=0 beta=1 grad=68.41844 horizon=220 lifetime=[299,1071] skipped=False
2026-08-30 14:27:27,111 | INFO | step=6030/20000 loss=0.4376481 nll=0.4365482 kl=0.00109987 consistency=0 lambda=0 beta=1 grad=329.9609 horizon=260 lifetime=[477,1038] skipped=False
2026-08-30 14:27:27,470 | INFO | step=6040/20000 loss=-0.07344857 nll=-0.07455242 kl=0.001103848 consistency=0 lambda=0 beta=1 grad=78.93131 horizon=200 lifetime=[493,786] skipped=False
2026-08-30 14:27:27,896 | INFO | step=6050/20000 loss=-0.9113183 nll=-0.913531 kl=0.002212711 consistency=0 lambda=0 beta=1 grad=33.35297 horizon=300 lifetime=[458,1858] skipped=False
2026-08-30 14:27:28,331 | INFO | step=6060/20000 loss=-1.098489 nll=-1.099966 kl=0.001476467 consistency=0 lambda=0 beta=1 grad=174.7212 horizon=280 lifetime=[460,1154] skipped=False
2026-08-30 14:27:28,670 | INFO | step=6070/20000 loss=-0.3969915 nll=-0.398606 kl=0.001614481 consistency=0 lambda=0 beta=1 grad=32.4819 horizon=120 lifetime=[455,1156] skipped=False
2026-08-30 14:27:29,046 | INFO | step=6080/20000 loss=-0.7673882 nll=-0.7690409 kl=0.001652725 consistency=0 lambda=0 beta=1 grad=27.8226 horizon=200 lifetime=[461,1076] skipped=False
2026-08-30 14:27:29,418 | INFO | step=6090/20000 loss=0.08064876 nll=0.0779817 kl=0.002667069 consistency=0 lambda=0 beta=1 grad=46.79214 horizon=140 lifetime=[491,1154] skipped=False
2026-08-30 14:27:29,788 | INFO | step=6100/20000 loss=0.5983674 nll=0.5961345 kl=0.002232857 consistency=0 lambda=0 beta=1 grad=224.3039 horizon=260 lifetime=[491,1143] skipped=False
2026-08-30 14:27:30,163 | INFO | step=6110/20000 loss=-0.6912881 nll=-0.6932878 kl=0.001999669 consistency=0 lambda=0 beta=1 grad=70.82617 horizon=260 lifetime=[486,1932] skipped=False
2026-08-30 14:27:30,539 | INFO | step=6120/20000 loss=-0.2579575 nll=-0.2598274 kl=0.001869917 consistency=0 lambda=0 beta=1 grad=118.4853 horizon=280 lifetime=[464,1143] skipped=False
2026-08-30 14:27:30,909 | INFO | step=6130/20000 loss=-0.7787128 nll=-0.7812588 kl=0.002546012 consistency=0 lambda=0 beta=1 grad=30.44272 horizon=140 lifetime=[455,1431] skipped=False
2026-08-30 14:27:31,346 | INFO | step=6140/20000 loss=-0.4140137 nll=-0.4154567 kl=0.001443036 consistency=0 lambda=0 beta=1 grad=174.8313 horizon=300 lifetime=[456,1705] skipped=False
2026-08-30 14:27:31,728 | INFO | step=6150/20000 loss=-0.4189219 nll=-0.4202569 kl=0.001334965 consistency=0 lambda=0 beta=1 grad=31.15721 horizon=100 lifetime=[458,1635] skipped=False
2026-08-30 14:27:32,148 | INFO | step=6160/20000 loss=-0.04565309 nll=-0.04624029 kl=0.0005871952 consistency=0 lambda=0 beta=1 grad=89.82577 horizon=300 lifetime=[476,1705] skipped=False
2026-08-30 14:27:32,517 | INFO | step=6170/20000 loss=-0.4009028 nll=-0.4035115 kl=0.002608672 consistency=0 lambda=0 beta=1 grad=141.1079 horizon=280 lifetime=[484,1635] skipped=False
2026-08-30 14:27:32,895 | INFO | step=6180/20000 loss=-0.5600745 nll=-0.5614871 kl=0.001412585 consistency=0 lambda=0 beta=1 grad=51.61557 horizon=300 lifetime=[484,942] skipped=False
2026-08-30 14:27:33,267 | INFO | step=6190/20000 loss=-0.3312684 nll=-0.3332519 kl=0.001983464 consistency=0 lambda=0 beta=1 grad=13.76728 horizon=180 lifetime=[742,1091] skipped=False
2026-08-30 14:27:33,635 | INFO | step=6200/20000 loss=0.6309283 nll=0.6257682 kl=0.005160034 consistency=0 lambda=0 beta=1 grad=128.6405 horizon=100 lifetime=[484,1705] skipped=False
2026-08-30 14:27:34,052 | INFO | step=6210/20000 loss=-0.7313762 nll=-0.7346925 kl=0.003316253 consistency=0 lambda=0 beta=1 grad=40.15101 horizon=280 lifetime=[477,1143] skipped=False
2026-08-30 14:27:34,467 | INFO | step=6220/20000 loss=-0.1579184 nll=-0.1613145 kl=0.003396049 consistency=0 lambda=0 beta=1 grad=50.09454 horizon=140 lifetime=[455,1932] skipped=False
2026-08-30 14:27:34,894 | INFO | step=6230/20000 loss=-0.2197807 nll=-0.2222685 kl=0.002487764 consistency=0 lambda=0 beta=1 grad=56.46106 horizon=240 lifetime=[482,1858] skipped=False
2026-08-30 14:27:35,275 | INFO | step=6240/20000 loss=-0.4902745 nll=-0.4932839 kl=0.003009379 consistency=0 lambda=0 beta=1 grad=35.16991 horizon=220 lifetime=[508,1154] skipped=False
2026-08-30 14:27:35,680 | INFO | step=6250/20000 loss=0.2228132 nll=0.2184821 kl=0.004331142 consistency=0 lambda=0 beta=1 grad=94.39948 horizon=120 lifetime=[460,1045] skipped=False
2026-08-30 14:27:36,078 | INFO | step=6260/20000 loss=-0.732405 nll=-0.7343477 kl=0.001942694 consistency=0 lambda=0 beta=1 grad=59.01473 horizon=240 lifetime=[508,1091] skipped=False
2026-08-30 14:27:36,508 | INFO | step=6270/20000 loss=-0.4031109 nll=-0.4068918 kl=0.003780976 consistency=0 lambda=0 beta=1 grad=59.57484 horizon=240 lifetime=[299,1431] skipped=False
2026-08-30 14:27:36,945 | INFO | step=6280/20000 loss=1.506936 nll=1.504878 kl=0.002057835 consistency=0 lambda=0 beta=1 grad=158.5727 horizon=280 lifetime=[299,871] skipped=False
2026-08-30 14:27:37,327 | INFO | step=6290/20000 loss=-0.245684 nll=-0.2498217 kl=0.004137769 consistency=0 lambda=0 beta=1 grad=35.49559 horizon=120 lifetime=[476,1932] skipped=False
2026-08-30 14:27:37,708 | INFO | step=6300/20000 loss=-0.4798602 nll=-0.4806185 kl=0.0007582903 consistency=0 lambda=0 beta=1 grad=50.43854 horizon=200 lifetime=[458,1061] skipped=False
2026-08-30 14:27:38,064 | INFO | step=6310/20000 loss=0.4222655 nll=0.418565 kl=0.003700525 consistency=0 lambda=0 beta=1 grad=167.5326 horizon=180 lifetime=[484,1431] skipped=False
2026-08-30 14:27:38,466 | INFO | step=6320/20000 loss=-0.4065695 nll=-0.4093345 kl=0.002764985 consistency=0 lambda=0 beta=1 grad=90.09258 horizon=240 lifetime=[299,1431] skipped=False
2026-08-30 14:27:38,851 | INFO | step=6330/20000 loss=1.227893 nll=1.226889 kl=0.001003787 consistency=0 lambda=0 beta=1 grad=277.5725 horizon=180 lifetime=[493,836] skipped=False
2026-08-30 14:27:39,270 | INFO | step=6340/20000 loss=-0.4878277 nll=-0.4896095 kl=0.001781702 consistency=0 lambda=0 beta=1 grad=88.66051 horizon=180 lifetime=[460,1025] skipped=False
2026-08-30 14:27:39,671 | INFO | step=6350/20000 loss=-0.9520741 nll=-0.9543418 kl=0.002267644 consistency=0 lambda=0 beta=1 grad=98.866 horizon=220 lifetime=[460,1045] skipped=False
2026-08-30 14:27:40,088 | INFO | step=6360/20000 loss=0.1174521 nll=0.1136207 kl=0.003831476 consistency=0 lambda=0 beta=1 grad=118.0802 horizon=140 lifetime=[508,1049] skipped=False
2026-08-30 14:27:40,459 | INFO | step=6370/20000 loss=0.03998356 nll=0.03772861 kl=0.002254948 consistency=0 lambda=0 beta=1 grad=148.0703 horizon=220 lifetime=[461,891] skipped=False
2026-08-30 14:27:40,808 | INFO | step=6380/20000 loss=-0.4193417 nll=-0.4226024 kl=0.003260702 consistency=0 lambda=0 beta=1 grad=72.64909 horizon=240 lifetime=[510,1705] skipped=False
2026-08-30 14:27:41,233 | INFO | step=6390/20000 loss=-0.7293701 nll=-0.7309434 kl=0.001573265 consistency=0 lambda=0 beta=1 grad=80.64516 horizon=240 lifetime=[464,1038] skipped=False
2026-08-30 14:27:41,619 | INFO | step=6400/20000 loss=-0.1512009 nll=-0.1530842 kl=0.001883343 consistency=0 lambda=0 beta=1 grad=36.59406 horizon=160 lifetime=[614,1091] skipped=False
2026-08-30 14:27:41,979 | INFO | step=6410/20000 loss=-0.9435799 nll=-0.944601 kl=0.001021117 consistency=0 lambda=0 beta=1 grad=61.05917 horizon=220 lifetime=[455,1156] skipped=False
2026-08-30 14:27:42,323 | INFO | step=6420/20000 loss=-0.2729235 nll=-0.2748045 kl=0.001880929 consistency=0 lambda=0 beta=1 grad=33.14169 horizon=100 lifetime=[461,860] skipped=False
2026-08-30 14:27:42,671 | INFO | step=6430/20000 loss=-0.788235 nll=-0.790044 kl=0.001808926 consistency=0 lambda=0 beta=1 grad=111.992 horizon=200 lifetime=[493,1154] skipped=False
2026-08-30 14:27:43,053 | INFO | step=6440/20000 loss=-0.2768063 nll=-0.2787166 kl=0.001910329 consistency=0 lambda=0 beta=1 grad=152.7001 horizon=180 lifetime=[456,1431] skipped=False
2026-08-30 14:27:43,425 | INFO | step=6450/20000 loss=0.1703852 nll=0.1695365 kl=0.0008487552 consistency=0 lambda=0 beta=1 grad=53.36054 horizon=140 lifetime=[539,1025] skipped=False
2026-08-30 14:27:43,772 | INFO | step=6460/20000 loss=0.0740623 nll=0.07177421 kl=0.002288088 consistency=0 lambda=0 beta=1 grad=30.97697 horizon=120 lifetime=[486,1045] skipped=False
2026-08-30 14:27:44,140 | INFO | step=6470/20000 loss=-0.5875852 nll=-0.5889942 kl=0.001409009 consistency=0 lambda=0 beta=1 grad=73.7783 horizon=220 lifetime=[437,1932] skipped=False
2026-08-30 14:27:44,541 | INFO | step=6480/20000 loss=-0.5582894 nll=-0.5613814 kl=0.003092006 consistency=0 lambda=0 beta=1 grad=58.34134 horizon=300 lifetime=[518,1154] skipped=False
2026-08-30 14:27:44,929 | INFO | step=6490/20000 loss=-0.7479184 nll=-0.7484596 kl=0.0005411357 consistency=0 lambda=0 beta=1 grad=77.01203 horizon=180 lifetime=[482,1431] skipped=False
2026-08-30 14:27:45,599 | INFO | validation step=6500 rmse=162.0923 best=134.6802@3500 stale=6/10
2026-08-30 14:27:45,599 | INFO | step=6500/20000 loss=-0.708115 nll=-0.7088857 kl=0.0007706732 consistency=0 lambda=0 beta=1 grad=167.5913 horizon=300 lifetime=[456,858] skipped=False
2026-08-30 14:27:46,053 | INFO | step=6510/20000 loss=-0.3944138 nll=-0.3960729 kl=0.001659095 consistency=0 lambda=0 beta=1 grad=69.08185 horizon=140 lifetime=[456,774] skipped=False
2026-08-30 14:27:46,451 | INFO | step=6520/20000 loss=-0.4817287 nll=-0.4829843 kl=0.001255557 consistency=0 lambda=0 beta=1 grad=45.46978 horizon=160 lifetime=[437,1635] skipped=False
2026-08-30 14:27:46,829 | INFO | step=6530/20000 loss=-0.4356133 nll=-0.436992 kl=0.00137876 consistency=0 lambda=0 beta=1 grad=167.3002 horizon=280 lifetime=[456,1036] skipped=False
2026-08-30 14:27:47,203 | INFO | step=6540/20000 loss=-0.370438 nll=-0.3729905 kl=0.002552509 consistency=0 lambda=0 beta=1 grad=57.49715 horizon=140 lifetime=[458,1282] skipped=False
2026-08-30 14:27:47,540 | INFO | step=6550/20000 loss=-0.2000459 nll=-0.2067886 kl=0.006742686 consistency=0 lambda=0 beta=1 grad=88.92827 horizon=160 lifetime=[467,1015] skipped=False
2026-08-30 14:27:47,891 | INFO | step=6560/20000 loss=0.1637543 nll=0.162696 kl=0.001058325 consistency=0 lambda=0 beta=1 grad=56.16377 horizon=140 lifetime=[482,921] skipped=False
2026-08-30 14:27:48,238 | INFO | step=6570/20000 loss=-0.892204 nll=-0.8947383 kl=0.002534196 consistency=0 lambda=0 beta=1 grad=21.27616 horizon=240 lifetime=[486,1038] skipped=False
2026-08-30 14:27:48,608 | INFO | step=6580/20000 loss=-0.4734433 nll=-0.4755807 kl=0.002137363 consistency=0 lambda=0 beta=1 grad=68.84382 horizon=200 lifetime=[467,1154] skipped=False
2026-08-30 14:27:49,000 | INFO | step=6590/20000 loss=0.4012388 nll=0.3991093 kl=0.002129495 consistency=0 lambda=0 beta=1 grad=134.7711 horizon=300 lifetime=[477,915] skipped=False
2026-08-30 14:27:49,380 | INFO | step=6600/20000 loss=0.06305374 nll=0.05942182 kl=0.00363192 consistency=0 lambda=0 beta=1 grad=34.74958 horizon=140 lifetime=[738,1143] skipped=False
2026-08-30 14:27:49,752 | INFO | step=6610/20000 loss=-0.567223 nll=-0.5719324 kl=0.004709378 consistency=0 lambda=0 beta=1 grad=32.04667 horizon=280 lifetime=[464,1025] skipped=False
2026-08-30 14:27:50,159 | INFO | step=6620/20000 loss=-0.6599722 nll=-0.6623335 kl=0.002361313 consistency=0 lambda=0 beta=1 grad=35.51657 horizon=240 lifetime=[461,1143] skipped=False
2026-08-30 14:27:50,564 | INFO | step=6630/20000 loss=0.06949903 nll=0.06631522 kl=0.003183812 consistency=0 lambda=0 beta=1 grad=75.84114 horizon=220 lifetime=[461,1932] skipped=False
2026-08-30 14:27:50,952 | INFO | step=6640/20000 loss=-0.8503439 nll=-0.8516467 kl=0.001302838 consistency=0 lambda=0 beta=1 grad=120.0659 horizon=280 lifetime=[437,856] skipped=False
2026-08-30 14:27:51,383 | INFO | step=6650/20000 loss=-0.6170482 nll=-0.6176952 kl=0.0006469935 consistency=0 lambda=0 beta=1 grad=40.06631 horizon=200 lifetime=[461,1932] skipped=False
2026-08-30 14:27:51,719 | INFO | step=6660/20000 loss=1.993191 nll=1.989344 kl=0.003847077 consistency=0 lambda=0 beta=1 grad=616.2872 horizon=140 lifetime=[486,1932] skipped=False
2026-08-30 14:27:52,131 | INFO | step=6670/20000 loss=-0.8123577 nll=-0.8147812 kl=0.00242348 consistency=0 lambda=0 beta=1 grad=95.12178 horizon=260 lifetime=[455,1932] skipped=False
2026-08-30 14:27:52,468 | INFO | step=6680/20000 loss=-0.4251755 nll=-0.4272835 kl=0.002108037 consistency=0 lambda=0 beta=1 grad=48.51038 horizon=160 lifetime=[467,1858] skipped=False
2026-08-30 14:27:52,838 | INFO | step=6690/20000 loss=-0.9441733 nll=-0.9450368 kl=0.0008634776 consistency=0 lambda=0 beta=1 grad=32.93726 horizon=260 lifetime=[458,1858] skipped=False
2026-08-30 14:27:53,187 | INFO | step=6700/20000 loss=-0.6202081 nll=-0.6212656 kl=0.00105758 consistency=0 lambda=0 beta=1 grad=71.5203 horizon=240 lifetime=[455,1858] skipped=False
2026-08-30 14:27:53,526 | INFO | step=6710/20000 loss=-0.5157865 nll=-0.5177894 kl=0.00200288 consistency=0 lambda=0 beta=1 grad=46.23771 horizon=200 lifetime=[460,1858] skipped=False
2026-08-30 14:27:53,899 | INFO | step=6720/20000 loss=-0.4954387 nll=-0.4977966 kl=0.002357945 consistency=0 lambda=0 beta=1 grad=81.64528 horizon=140 lifetime=[299,1635] skipped=False
2026-08-30 14:27:54,333 | INFO | step=6730/20000 loss=-0.2151979 nll=-0.2158847 kl=0.000686869 consistency=0 lambda=0 beta=1 grad=223.5284 horizon=220 lifetime=[476,868] skipped=False
2026-08-30 14:27:54,693 | INFO | step=6740/20000 loss=-0.3457469 nll=-0.34758 kl=0.001833186 consistency=0 lambda=0 beta=1 grad=74.06725 horizon=140 lifetime=[299,1071] skipped=False
2026-08-30 14:27:55,054 | INFO | step=6750/20000 loss=0.223754 nll=0.2227384 kl=0.001015618 consistency=0 lambda=0 beta=1 grad=85.77111 horizon=140 lifetime=[539,1705] skipped=False
2026-08-30 14:27:55,484 | INFO | step=6760/20000 loss=-0.7274436 nll=-0.7290006 kl=0.001556978 consistency=0 lambda=0 beta=1 grad=32.28726 horizon=180 lifetime=[476,1154] skipped=False
2026-08-30 14:27:55,924 | INFO | step=6770/20000 loss=-0.4945694 nll=-0.4956462 kl=0.001076847 consistency=0 lambda=0 beta=1 grad=98.41156 horizon=260 lifetime=[464,1932] skipped=False
2026-08-30 14:27:56,307 | INFO | step=6780/20000 loss=0.5257365 nll=0.5249733 kl=0.0007632226 consistency=0 lambda=0 beta=1 grad=81.96561 horizon=100 lifetime=[299,915] skipped=False
2026-08-30 14:27:56,688 | INFO | step=6790/20000 loss=0.01035627 nll=0.008274686 kl=0.002081588 consistency=0 lambda=0 beta=1 grad=172.218 horizon=120 lifetime=[477,1858] skipped=False
2026-08-30 14:27:57,054 | INFO | step=6800/20000 loss=-0.6677333 nll=-0.6689387 kl=0.001205429 consistency=0 lambda=0 beta=1 grad=76.6851 horizon=200 lifetime=[299,1049] skipped=False
2026-08-30 14:27:57,460 | INFO | step=6810/20000 loss=-0.5041193 nll=-0.5050357 kl=0.0009164363 consistency=0 lambda=0 beta=1 grad=108.8492 horizon=240 lifetime=[437,1049] skipped=False
2026-08-30 14:27:57,859 | INFO | step=6820/20000 loss=-0.5631394 nll=-0.5641782 kl=0.00103876 consistency=0 lambda=0 beta=1 grad=76.00986 horizon=300 lifetime=[458,1156] skipped=False
2026-08-30 14:27:58,297 | INFO | step=6830/20000 loss=-0.427401 nll=-0.4282547 kl=0.0008537173 consistency=0 lambda=0 beta=1 grad=120.3739 horizon=240 lifetime=[486,1705] skipped=False
2026-08-30 14:27:58,657 | INFO | step=6840/20000 loss=-0.3126299 nll=-0.3150712 kl=0.002441242 consistency=0 lambda=0 beta=1 grad=33.44542 horizon=140 lifetime=[470,1635] skipped=False
2026-08-30 14:27:59,008 | INFO | step=6850/20000 loss=0.8961203 nll=0.8934616 kl=0.00265871 consistency=0 lambda=0 beta=1 grad=148.4516 horizon=140 lifetime=[706,1143] skipped=False
2026-08-30 14:27:59,385 | INFO | step=6860/20000 loss=-0.369121 nll=-0.3713138 kl=0.002192788 consistency=0 lambda=0 beta=1 grad=114.3692 horizon=220 lifetime=[476,1025] skipped=False
2026-08-30 14:27:59,749 | INFO | step=6870/20000 loss=0.1924586 nll=0.1911329 kl=0.001325697 consistency=0 lambda=0 beta=1 grad=109.9911 horizon=300 lifetime=[707,1282] skipped=False
2026-08-30 14:28:00,140 | INFO | step=6880/20000 loss=-0.9541591 nll=-0.9555671 kl=0.001407988 consistency=0 lambda=0 beta=1 grad=20.59905 horizon=260 lifetime=[482,1143] skipped=False
2026-08-30 14:28:00,550 | INFO | step=6890/20000 loss=-0.7342452 nll=-0.7354929 kl=0.001247764 consistency=0 lambda=0 beta=1 grad=28.24508 horizon=140 lifetime=[476,1282] skipped=False
2026-08-30 14:28:00,962 | INFO | step=6900/20000 loss=-0.2434313 nll=-0.2463976 kl=0.002966292 consistency=0 lambda=0 beta=1 grad=84.11823 horizon=300 lifetime=[719,1705] skipped=False
2026-08-30 14:28:01,376 | INFO | step=6910/20000 loss=0.2081181 nll=0.2063783 kl=0.0017398 consistency=0 lambda=0 beta=1 grad=70.09728 horizon=100 lifetime=[486,1156] skipped=False
2026-08-30 14:28:01,769 | INFO | step=6920/20000 loss=-0.7629444 nll=-0.7645018 kl=0.001557432 consistency=0 lambda=0 beta=1 grad=35.32322 horizon=300 lifetime=[493,1156] skipped=False
2026-08-30 14:28:02,182 | INFO | step=6930/20000 loss=-0.4216088 nll=-0.4221637 kl=0.0005548298 consistency=0 lambda=0 beta=1 grad=42.91266 horizon=140 lifetime=[461,1705] skipped=False
2026-08-30 14:28:02,568 | INFO | step=6940/20000 loss=1.639542 nll=1.638566 kl=0.0009769388 consistency=0 lambda=0 beta=1 grad=463.4709 horizon=280 lifetime=[484,1932] skipped=False
2026-08-30 14:28:02,964 | INFO | step=6950/20000 loss=-0.4318726 nll=-0.4340187 kl=0.002146035 consistency=0 lambda=0 beta=1 grad=81.16657 horizon=260 lifetime=[464,1143] skipped=False
2026-08-30 14:28:03,329 | INFO | step=6960/20000 loss=0.1592847 nll=0.1548097 kl=0.00447499 consistency=0 lambda=0 beta=1 grad=129.3374 horizon=100 lifetime=[299,1038] skipped=False
2026-08-30 14:28:03,855 | INFO | step=6970/20000 loss=-1.043146 nll=-1.046204 kl=0.003057398 consistency=0 lambda=0 beta=1 grad=70.7041 horizon=140 lifetime=[460,1705] skipped=False
2026-08-30 14:28:04,220 | INFO | step=6980/20000 loss=-0.9762615 nll=-0.977262 kl=0.001000524 consistency=0 lambda=0 beta=1 grad=122.3005 horizon=200 lifetime=[461,1154] skipped=False
2026-08-30 14:28:04,595 | INFO | step=6990/20000 loss=0.1957019 nll=0.1919765 kl=0.003725454 consistency=0 lambda=0 beta=1 grad=107.6168 horizon=140 lifetime=[461,1143] skipped=False
2026-08-30 14:28:05,254 | INFO | validation step=7000 rmse=209.3306 best=134.6802@3500 stale=7/10
2026-08-30 14:28:05,254 | INFO | step=7000/20000 loss=-0.5673932 nll=-0.5701998 kl=0.002806582 consistency=0 lambda=0 beta=1 grad=139.3419 horizon=220 lifetime=[460,1049] skipped=False
2026-08-30 14:28:05,766 | INFO | step=7010/20000 loss=-0.3316955 nll=-0.3331662 kl=0.00147067 consistency=0 lambda=0 beta=1 grad=90.43516 horizon=240 lifetime=[486,1015] skipped=False
2026-08-30 14:28:06,157 | INFO | step=7020/20000 loss=0.3663123 nll=0.3652816 kl=0.001030676 consistency=0 lambda=0 beta=1 grad=392.5236 horizon=300 lifetime=[493,1858] skipped=False
2026-08-30 14:28:06,543 | INFO | step=7030/20000 loss=-0.05024533 nll=-0.05144984 kl=0.001204509 consistency=0 lambda=0 beta=1 grad=141.445 horizon=300 lifetime=[486,874] skipped=False
2026-08-30 14:28:06,907 | INFO | step=7040/20000 loss=0.6627509 nll=0.6616949 kl=0.001055978 consistency=0 lambda=0 beta=1 grad=220.0036 horizon=240 lifetime=[456,1858] skipped=False
2026-08-30 14:28:07,285 | INFO | step=7050/20000 loss=-0.3401085 nll=-0.3426347 kl=0.002526164 consistency=0 lambda=0 beta=1 grad=62.39367 horizon=160 lifetime=[529,1076] skipped=False
2026-08-30 14:28:07,694 | INFO | step=7060/20000 loss=-0.7415032 nll=-0.7426916 kl=0.001188442 consistency=0 lambda=0 beta=1 grad=63.44181 horizon=200 lifetime=[437,1932] skipped=False
2026-08-30 14:28:08,079 | INFO | step=7070/20000 loss=-1.317061 nll=-1.318512 kl=0.001451217 consistency=0 lambda=0 beta=1 grad=38.56519 horizon=180 lifetime=[510,942] skipped=False
2026-08-30 14:28:08,445 | INFO | step=7080/20000 loss=-0.1945769 nll=-0.1952085 kl=0.0006315485 consistency=0 lambda=0 beta=1 grad=64.69633 horizon=220 lifetime=[614,1049] skipped=False
2026-08-30 14:28:08,849 | INFO | step=7090/20000 loss=-0.788443 nll=-0.791366 kl=0.002923012 consistency=0 lambda=0 beta=1 grad=80.79974 horizon=280 lifetime=[633,1143] skipped=False
2026-08-30 14:28:09,263 | INFO | step=7100/20000 loss=-0.6662731 nll=-0.667362 kl=0.001088843 consistency=0 lambda=0 beta=1 grad=108.8564 horizon=220 lifetime=[456,1431] skipped=False
2026-08-30 14:28:09,617 | INFO | step=7110/20000 loss=-0.1627715 nll=-0.1638552 kl=0.001083761 consistency=0 lambda=0 beta=1 grad=105.1502 horizon=180 lifetime=[464,1015] skipped=False
2026-08-30 14:28:09,987 | INFO | step=7120/20000 loss=-0.1463167 nll=-0.1493034 kl=0.002986714 consistency=0 lambda=0 beta=1 grad=22.04673 horizon=100 lifetime=[437,1076] skipped=False
2026-08-30 14:28:10,393 | INFO | step=7130/20000 loss=-0.1310935 nll=-0.1362191 kl=0.005125597 consistency=0 lambda=0 beta=1 grad=34.24497 horizon=100 lifetime=[482,988] skipped=False
2026-08-30 14:28:10,769 | INFO | step=7140/20000 loss=-0.2239221 nll=-0.2253497 kl=0.001427561 consistency=0 lambda=0 beta=1 grad=85.71558 horizon=160 lifetime=[470,1049] skipped=False
2026-08-30 14:28:11,136 | INFO | step=7150/20000 loss=-0.3935843 nll=-0.3947634 kl=0.001179114 consistency=0 lambda=0 beta=1 grad=63.01944 horizon=160 lifetime=[461,1091] skipped=False
2026-08-30 14:28:11,541 | INFO | step=7160/20000 loss=-0.3901437 nll=-0.3929603 kl=0.002816558 consistency=0 lambda=0 beta=1 grad=88.38943 horizon=280 lifetime=[484,1154] skipped=False
2026-08-30 14:28:11,881 | INFO | step=7170/20000 loss=0.1391466 nll=0.1368768 kl=0.002269834 consistency=0 lambda=0 beta=1 grad=143.5777 horizon=120 lifetime=[456,1049] skipped=False
2026-08-30 14:28:12,230 | INFO | step=7180/20000 loss=-0.2159935 nll=-0.2178557 kl=0.001862213 consistency=0 lambda=0 beta=1 grad=77.37453 horizon=120 lifetime=[299,1061] skipped=False
2026-08-30 14:28:12,627 | INFO | step=7190/20000 loss=-0.6779719 nll=-0.6788867 kl=0.0009147674 consistency=0 lambda=0 beta=1 grad=99.82195 horizon=220 lifetime=[299,991] skipped=False
2026-08-30 14:28:12,985 | INFO | step=7200/20000 loss=-0.609184 nll=-0.6103019 kl=0.00111784 consistency=0 lambda=0 beta=1 grad=50.80371 horizon=140 lifetime=[299,1282] skipped=False
2026-08-30 14:28:13,377 | INFO | step=7210/20000 loss=-0.5630198 nll=-0.5653554 kl=0.002335578 consistency=0 lambda=0 beta=1 grad=93.84596 horizon=260 lifetime=[461,1705] skipped=False
2026-08-30 14:28:13,760 | INFO | step=7220/20000 loss=-0.3338838 nll=-0.3348532 kl=0.000969395 consistency=0 lambda=0 beta=1 grad=129.2635 horizon=200 lifetime=[470,1038] skipped=False
2026-08-30 14:28:14,173 | INFO | step=7230/20000 loss=0.0609649 nll=0.05958886 kl=0.001376033 consistency=0 lambda=0 beta=1 grad=62.67402 horizon=160 lifetime=[486,1282] skipped=False
2026-08-30 14:28:14,532 | INFO | step=7240/20000 loss=-0.2540336 nll=-0.2554297 kl=0.001396105 consistency=0 lambda=0 beta=1 grad=55.29527 horizon=120 lifetime=[460,1705] skipped=False
2026-08-30 14:28:14,922 | INFO | step=7250/20000 loss=-0.6539583 nll=-0.6545844 kl=0.0006260723 consistency=0 lambda=0 beta=1 grad=79.93681 horizon=240 lifetime=[437,1154] skipped=False
2026-08-30 14:28:15,268 | INFO | step=7260/20000 loss=-0.7671582 nll=-0.7680041 kl=0.0008459538 consistency=0 lambda=0 beta=1 grad=12.01057 horizon=240 lifetime=[458,1038] skipped=False
2026-08-30 14:28:15,693 | INFO | step=7270/20000 loss=-0.8588023 nll=-0.8604771 kl=0.001674794 consistency=0 lambda=0 beta=1 grad=92.28974 horizon=260 lifetime=[460,1036] skipped=False
2026-08-30 14:28:16,059 | INFO | step=7280/20000 loss=0.5101212 nll=0.5088922 kl=0.001228958 consistency=0 lambda=0 beta=1 grad=120.4314 horizon=180 lifetime=[458,1091] skipped=False
2026-08-30 14:28:16,436 | INFO | step=7290/20000 loss=1.190289 nll=1.189375 kl=0.0009139776 consistency=0 lambda=0 beta=1 grad=83.22411 horizon=140 lifetime=[484,1156] skipped=False
2026-08-30 14:28:16,821 | INFO | step=7300/20000 loss=-0.7393324 nll=-0.7409841 kl=0.001651689 consistency=0 lambda=0 beta=1 grad=48.35638 horizon=160 lifetime=[455,1156] skipped=False
2026-08-30 14:28:17,171 | INFO | step=7310/20000 loss=-0.8583136 nll=-0.8629433 kl=0.004629761 consistency=0 lambda=0 beta=1 grad=71.11288 horizon=140 lifetime=[437,1045] skipped=False
2026-08-30 14:28:17,629 | INFO | step=7320/20000 loss=-1.287586 nll=-1.289168 kl=0.001582459 consistency=0 lambda=0 beta=1 grad=116.2506 horizon=260 lifetime=[486,1705] skipped=False
2026-08-30 14:28:18,013 | INFO | step=7330/20000 loss=-0.964398 nll=-0.9657839 kl=0.001385897 consistency=0 lambda=0 beta=1 grad=47.32524 horizon=260 lifetime=[458,871] skipped=False
2026-08-30 14:28:18,483 | INFO | step=7340/20000 loss=-0.766752 nll=-0.7690632 kl=0.0023112 consistency=0 lambda=0 beta=1 grad=186.8585 horizon=260 lifetime=[455,1071] skipped=False
2026-08-30 14:28:18,873 | INFO | step=7350/20000 loss=-0.02705188 nll=-0.03029232 kl=0.003240436 consistency=0 lambda=0 beta=1 grad=98.9459 horizon=100 lifetime=[518,1705] skipped=False
2026-08-30 14:28:19,294 | INFO | step=7360/20000 loss=-1.242312 nll=-1.243301 kl=0.0009895414 consistency=0 lambda=0 beta=1 grad=64.30165 horizon=220 lifetime=[456,1091] skipped=False
2026-08-30 14:28:19,711 | INFO | step=7370/20000 loss=-0.9573615 nll=-0.9582918 kl=0.0009303093 consistency=0 lambda=0 beta=1 grad=44.90399 horizon=300 lifetime=[437,1705] skipped=False
2026-08-30 14:28:20,113 | INFO | step=7380/20000 loss=-0.1265844 nll=-0.1279891 kl=0.001404732 consistency=0 lambda=0 beta=1 grad=120.9978 horizon=260 lifetime=[501,1156] skipped=False
2026-08-30 14:28:20,514 | INFO | step=7390/20000 loss=0.0421952 nll=0.04126115 kl=0.0009340495 consistency=0 lambda=0 beta=1 grad=235.9318 horizon=300 lifetime=[456,1007] skipped=False
2026-08-30 14:28:20,910 | INFO | step=7400/20000 loss=-0.3829074 nll=-0.3835542 kl=0.0006467402 consistency=0 lambda=0 beta=1 grad=61.44559 horizon=180 lifetime=[649,1154] skipped=False
2026-08-30 14:28:21,283 | INFO | step=7410/20000 loss=-0.08099388 nll=-0.08158174 kl=0.0005878657 consistency=0 lambda=0 beta=1 grad=49.01154 horizon=160 lifetime=[470,1282] skipped=False
2026-08-30 14:28:21,638 | INFO | step=7420/20000 loss=-0.5903012 nll=-0.5910804 kl=0.0007792562 consistency=0 lambda=0 beta=1 grad=132.4746 horizon=140 lifetime=[461,1061] skipped=False
2026-08-30 14:28:22,098 | INFO | step=7430/20000 loss=-0.8133565 nll=-0.8143742 kl=0.001017675 consistency=0 lambda=0 beta=1 grad=68.90761 horizon=280 lifetime=[464,915] skipped=False
2026-08-30 14:28:22,539 | INFO | step=7440/20000 loss=0.02869219 nll=0.0281544 kl=0.0005377829 consistency=0 lambda=0 beta=1 grad=91.69371 horizon=140 lifetime=[455,1045] skipped=False
2026-08-30 14:28:22,933 | INFO | step=7450/20000 loss=-1.124858 nll=-1.12606 kl=0.001201659 consistency=0 lambda=0 beta=1 grad=49.29643 horizon=140 lifetime=[470,786] skipped=False
2026-08-30 14:28:23,322 | INFO | step=7460/20000 loss=-0.1827185 nll=-0.1845198 kl=0.001801357 consistency=0 lambda=0 beta=1 grad=72.70448 horizon=120 lifetime=[493,891] skipped=False
2026-08-30 14:28:23,709 | INFO | step=7470/20000 loss=0.5173687 nll=0.515008 kl=0.002360702 consistency=0 lambda=0 beta=1 grad=183.6579 horizon=120 lifetime=[455,1091] skipped=False
2026-08-30 14:28:24,107 | INFO | step=7480/20000 loss=-0.7547964 nll=-0.7561867 kl=0.001390263 consistency=0 lambda=0 beta=1 grad=35.99549 horizon=260 lifetime=[476,1154] skipped=False
2026-08-30 14:28:24,535 | INFO | step=7490/20000 loss=-0.9958021 nll=-0.9977123 kl=0.001910165 consistency=0 lambda=0 beta=1 grad=104.5039 horizon=220 lifetime=[299,1071] skipped=False
2026-08-30 14:28:25,245 | INFO | validation step=7500 rmse=161.3396 best=134.6802@3500 stale=8/10
2026-08-30 14:28:25,245 | INFO | step=7500/20000 loss=-1.198382 nll=-1.199885 kl=0.001502752 consistency=0 lambda=0 beta=1 grad=71.62234 horizon=300 lifetime=[467,1061] skipped=False
2026-08-30 14:28:25,741 | INFO | step=7510/20000 loss=-0.01689617 nll=-0.01846308 kl=0.001566902 consistency=0 lambda=0 beta=1 grad=191.5178 horizon=260 lifetime=[510,1154] skipped=False
2026-08-30 14:28:26,125 | INFO | step=7520/20000 loss=-0.2874848 nll=-0.2886353 kl=0.001150429 consistency=0 lambda=0 beta=1 grad=38.88167 horizon=180 lifetime=[464,988] skipped=False
2026-08-30 14:28:26,525 | INFO | step=7530/20000 loss=-0.7588804 nll=-0.7596354 kl=0.0007549971 consistency=0 lambda=0 beta=1 grad=67.77498 horizon=300 lifetime=[482,1635] skipped=False
2026-08-30 14:28:26,917 | INFO | step=7540/20000 loss=-0.1835152 nll=-0.184831 kl=0.001315758 consistency=0 lambda=0 beta=1 grad=41.13078 horizon=220 lifetime=[464,1154] skipped=False
2026-08-30 14:28:27,325 | INFO | step=7550/20000 loss=-0.4194822 nll=-0.4210298 kl=0.00154756 consistency=0 lambda=0 beta=1 grad=77.13057 horizon=300 lifetime=[559,1932] skipped=False
2026-08-30 14:28:27,748 | INFO | step=7560/20000 loss=-0.8219048 nll=-0.8223729 kl=0.0004681051 consistency=0 lambda=0 beta=1 grad=62.56271 horizon=260 lifetime=[539,1635] skipped=False
2026-08-30 14:28:28,218 | INFO | step=7570/20000 loss=-1.192594 nll=-1.192919 kl=0.0003246218 consistency=0 lambda=0 beta=1 grad=29.21149 horizon=200 lifetime=[482,988] skipped=False
2026-08-30 14:28:28,672 | INFO | step=7580/20000 loss=-0.3335991 nll=-0.3349129 kl=0.001313806 consistency=0 lambda=0 beta=1 grad=130.7885 horizon=300 lifetime=[458,1932] skipped=False
2026-08-30 14:28:29,078 | INFO | step=7590/20000 loss=-0.05203151 nll=-0.05317573 kl=0.001144215 consistency=0 lambda=0 beta=1 grad=132.5266 horizon=140 lifetime=[486,874] skipped=False
2026-08-30 14:28:29,485 | INFO | step=7600/20000 loss=-1.013533 nll=-1.014253 kl=0.000719443 consistency=0 lambda=0 beta=1 grad=40.15987 horizon=240 lifetime=[456,1932] skipped=False
2026-08-30 14:28:29,864 | INFO | step=7610/20000 loss=-0.251479 nll=-0.2525171 kl=0.001038089 consistency=0 lambda=0 beta=1 grad=101.4107 horizon=180 lifetime=[486,1076] skipped=False
2026-08-30 14:28:30,259 | INFO | step=7620/20000 loss=-0.1826739 nll=-0.1843347 kl=0.001660839 consistency=0 lambda=0 beta=1 grad=58.32667 horizon=140 lifetime=[467,1431] skipped=False
2026-08-30 14:28:30,629 | INFO | step=7630/20000 loss=-0.6458296 nll=-0.6466081 kl=0.0007785708 consistency=0 lambda=0 beta=1 grad=34.02377 horizon=140 lifetime=[458,1858] skipped=False
2026-08-30 14:28:31,018 | INFO | step=7640/20000 loss=-0.2824433 nll=-0.2845113 kl=0.002067998 consistency=0 lambda=0 beta=1 grad=119.3252 horizon=200 lifetime=[437,1049] skipped=False
2026-08-30 14:28:31,456 | INFO | step=7650/20000 loss=-0.2007203 nll=-0.2012507 kl=0.0005303323 consistency=0 lambda=0 beta=1 grad=53.52136 horizon=200 lifetime=[615,1858] skipped=False
2026-08-30 14:28:31,841 | INFO | step=7660/20000 loss=-0.1290315 nll=-0.1300291 kl=0.0009975433 consistency=0 lambda=0 beta=1 grad=56.74105 horizon=160 lifetime=[476,1038] skipped=False
2026-08-30 14:28:32,283 | INFO | step=7670/20000 loss=-0.9110506 nll=-0.9138058 kl=0.002755255 consistency=0 lambda=0 beta=1 grad=42.24619 horizon=200 lifetime=[299,1858] skipped=False
2026-08-30 14:28:32,691 | INFO | step=7680/20000 loss=-0.6441759 nll=-0.6448693 kl=0.0006933957 consistency=0 lambda=0 beta=1 grad=42.17942 horizon=260 lifetime=[476,1045] skipped=False
2026-08-30 14:28:33,129 | INFO | step=7690/20000 loss=-0.07432774 nll=-0.07543537 kl=0.001107633 consistency=0 lambda=0 beta=1 grad=197.7656 horizon=180 lifetime=[456,1156] skipped=False
2026-08-30 14:28:33,483 | INFO | step=7700/20000 loss=-0.8498601 nll=-0.8522248 kl=0.002364755 consistency=0 lambda=0 beta=1 grad=76.22505 horizon=220 lifetime=[470,964] skipped=False
2026-08-30 14:28:33,920 | INFO | step=7710/20000 loss=-1.152485 nll=-1.153237 kl=0.000751704 consistency=0 lambda=0 beta=1 grad=42.87478 horizon=220 lifetime=[461,868] skipped=False
2026-08-30 14:28:34,306 | INFO | step=7720/20000 loss=-0.6848794 nll=-0.6859171 kl=0.001037687 consistency=0 lambda=0 beta=1 grad=88.59237 horizon=200 lifetime=[482,1038] skipped=False
2026-08-30 14:28:34,736 | INFO | step=7730/20000 loss=0.2765972 nll=0.2750497 kl=0.001547515 consistency=0 lambda=0 beta=1 grad=90.28482 horizon=120 lifetime=[458,1282] skipped=False
2026-08-30 14:28:35,102 | INFO | step=7740/20000 loss=-0.4715465 nll=-0.4732975 kl=0.00175108 consistency=0 lambda=0 beta=1 grad=94.40112 horizon=180 lifetime=[437,1049] skipped=False
2026-08-30 14:28:35,521 | INFO | step=7750/20000 loss=-0.49923 nll=-0.5007237 kl=0.001493722 consistency=0 lambda=0 beta=1 grad=68.69653 horizon=200 lifetime=[464,1091] skipped=False
2026-08-30 14:28:35,951 | INFO | step=7760/20000 loss=-0.9270603 nll=-0.9293143 kl=0.002253994 consistency=0 lambda=0 beta=1 grad=86.11915 horizon=200 lifetime=[461,1025] skipped=False
2026-08-30 14:28:36,377 | INFO | step=7770/20000 loss=-0.6798329 nll=-0.6811523 kl=0.001319453 consistency=0 lambda=0 beta=1 grad=24.08562 horizon=260 lifetime=[615,1049] skipped=False
2026-08-30 14:28:36,796 | INFO | step=7780/20000 loss=-0.9507669 nll=-0.9521315 kl=0.001364604 consistency=0 lambda=0 beta=1 grad=53.09932 horizon=220 lifetime=[456,858] skipped=False
2026-08-30 14:28:37,185 | INFO | step=7790/20000 loss=-0.4118932 nll=-0.4142645 kl=0.002371341 consistency=0 lambda=0 beta=1 grad=51.56496 horizon=180 lifetime=[299,1431] skipped=False
2026-08-30 14:28:37,568 | INFO | step=7800/20000 loss=-0.7436025 nll=-0.744864 kl=0.001261503 consistency=0 lambda=0 beta=1 grad=53.4518 horizon=160 lifetime=[470,1036] skipped=False
2026-08-30 14:28:37,968 | INFO | step=7810/20000 loss=-0.9945971 nll=-0.997116 kl=0.002518907 consistency=0 lambda=0 beta=1 grad=40.23973 horizon=100 lifetime=[455,868] skipped=False
2026-08-30 14:28:38,344 | INFO | step=7820/20000 loss=0.4861439 nll=0.4851488 kl=0.0009951144 consistency=0 lambda=0 beta=1 grad=299.3656 horizon=220 lifetime=[484,1431] skipped=False
2026-08-30 14:28:38,744 | INFO | step=7830/20000 loss=-0.036395 nll=-0.03756666 kl=0.001171663 consistency=0 lambda=0 beta=1 grad=53.21164 horizon=140 lifetime=[512,1036] skipped=False
2026-08-30 14:28:39,124 | INFO | step=7840/20000 loss=-0.5989959 nll=-0.6000113 kl=0.00101544 consistency=0 lambda=0 beta=1 grad=68.05601 horizon=300 lifetime=[461,1932] skipped=False
2026-08-30 14:28:39,517 | INFO | step=7850/20000 loss=0.2689016 nll=0.2681851 kl=0.0007164627 consistency=0 lambda=0 beta=1 grad=94.05567 horizon=120 lifetime=[508,1858] skipped=False
2026-08-30 14:28:39,934 | INFO | step=7860/20000 loss=-0.5994483 nll=-0.6012606 kl=0.001812324 consistency=0 lambda=0 beta=1 grad=66.93037 horizon=140 lifetime=[455,1049] skipped=False
2026-08-30 14:28:40,288 | INFO | step=7870/20000 loss=2.348359 nll=2.344698 kl=0.003660828 consistency=0 lambda=0 beta=1 grad=373.3326 horizon=100 lifetime=[491,1858] skipped=False
2026-08-30 14:28:40,688 | INFO | step=7880/20000 loss=-0.5376054 nll=-0.5400372 kl=0.002431795 consistency=0 lambda=0 beta=1 grad=127.1583 horizon=240 lifetime=[467,1635] skipped=False
2026-08-30 14:28:41,069 | INFO | step=7890/20000 loss=-0.593564 nll=-0.5971623 kl=0.003598303 consistency=0 lambda=0 beta=1 grad=45.87451 horizon=120 lifetime=[458,1282] skipped=False
2026-08-30 14:28:41,494 | INFO | step=7900/20000 loss=0.925498 nll=0.9244973 kl=0.001000732 consistency=0 lambda=0 beta=1 grad=161.6767 horizon=160 lifetime=[614,1282] skipped=False
2026-08-30 14:28:41,893 | INFO | step=7910/20000 loss=-0.5168264 nll=-0.5180441 kl=0.001217663 consistency=0 lambda=0 beta=1 grad=34.45046 horizon=260 lifetime=[754,1049] skipped=False
2026-08-30 14:28:42,289 | INFO | step=7920/20000 loss=-0.5138877 nll=-0.5145491 kl=0.0006614327 consistency=0 lambda=0 beta=1 grad=54.31395 horizon=200 lifetime=[476,1007] skipped=False
2026-08-30 14:28:42,721 | INFO | step=7930/20000 loss=-1.261462 nll=-1.262844 kl=0.001382411 consistency=0 lambda=0 beta=1 grad=29.91384 horizon=240 lifetime=[470,1025] skipped=False
2026-08-30 14:28:43,138 | INFO | step=7940/20000 loss=0.1366714 nll=0.1348014 kl=0.001869917 consistency=0 lambda=0 beta=1 grad=215.0761 horizon=240 lifetime=[455,1635] skipped=False
2026-08-30 14:28:43,504 | INFO | step=7950/20000 loss=-0.4884794 nll=-0.4913197 kl=0.002840251 consistency=0 lambda=0 beta=1 grad=27.10843 horizon=140 lifetime=[299,1156] skipped=False
2026-08-30 14:28:43,929 | INFO | step=7960/20000 loss=-0.5359825 nll=-0.537545 kl=0.001562506 consistency=0 lambda=0 beta=1 grad=71.32373 horizon=180 lifetime=[460,1705] skipped=False
2026-08-30 14:28:44,317 | INFO | step=7970/20000 loss=-0.7104609 nll=-0.7120497 kl=0.001588792 consistency=0 lambda=0 beta=1 grad=41.59193 horizon=160 lifetime=[482,1705] skipped=False
2026-08-30 14:28:44,703 | INFO | step=7980/20000 loss=0.04718376 nll=0.04633432 kl=0.0008494407 consistency=0 lambda=0 beta=1 grad=103.9713 horizon=140 lifetime=[559,1061] skipped=False
2026-08-30 14:28:45,125 | INFO | step=7990/20000 loss=-0.8926091 nll=-0.8936704 kl=0.001061395 consistency=0 lambda=0 beta=1 grad=21.73559 horizon=200 lifetime=[456,1143] skipped=False
2026-08-30 14:28:45,798 | INFO | validation step=8000 rmse=171.1282 best=134.6802@3500 stale=9/10
2026-08-30 14:28:45,798 | INFO | step=8000/20000 loss=0.1805555 nll=0.17928 kl=0.00127551 consistency=0 lambda=0 beta=1 grad=96.47118 horizon=120 lifetime=[501,1076] skipped=False
2026-08-30 14:28:46,284 | INFO | step=8010/20000 loss=-0.9812039 nll=-0.9865775 kl=0.005373612 consistency=0 lambda=0 beta=1 grad=14.7147 horizon=180 lifetime=[456,847] skipped=False
2026-08-30 14:28:46,683 | INFO | step=8020/20000 loss=-1.137627 nll=-1.139244 kl=0.001617283 consistency=0 lambda=0 beta=1 grad=94.79008 horizon=180 lifetime=[461,1049] skipped=False
2026-08-30 14:28:47,100 | INFO | step=8030/20000 loss=-1.088698 nll=-1.090182 kl=0.001483887 consistency=0 lambda=0 beta=1 grad=27.11232 horizon=260 lifetime=[482,942] skipped=False
2026-08-30 14:28:47,489 | INFO | step=8040/20000 loss=-0.5195327 nll=-0.5203365 kl=0.0008037984 consistency=0 lambda=0 beta=1 grad=76.05272 horizon=200 lifetime=[464,1036] skipped=False
2026-08-30 14:28:47,899 | INFO | step=8050/20000 loss=-0.1973214 nll=-0.2006555 kl=0.003334135 consistency=0 lambda=0 beta=1 grad=42.8224 horizon=100 lifetime=[464,1156] skipped=False
2026-08-30 14:28:48,265 | INFO | step=8060/20000 loss=-0.3622335 nll=-0.3627575 kl=0.0005240142 consistency=0 lambda=0 beta=1 grad=89.12684 horizon=280 lifetime=[456,1156] skipped=False
2026-08-30 14:28:48,662 | INFO | step=8070/20000 loss=-1.167197 nll=-1.16855 kl=0.001353562 consistency=0 lambda=0 beta=1 grad=74.8325 horizon=180 lifetime=[437,826] skipped=False
2026-08-30 14:28:49,039 | INFO | step=8080/20000 loss=-0.8249716 nll=-0.8256401 kl=0.0006685555 consistency=0 lambda=0 beta=1 grad=74.65084 horizon=280 lifetime=[464,1635] skipped=False
2026-08-30 14:28:49,420 | INFO | step=8090/20000 loss=-0.9574732 nll=-0.9586117 kl=0.001138449 consistency=0 lambda=0 beta=1 grad=40.64548 horizon=160 lifetime=[460,1635] skipped=False
2026-08-30 14:28:49,842 | INFO | step=8100/20000 loss=-0.7851402 nll=-0.7871609 kl=0.002020717 consistency=0 lambda=0 beta=1 grad=121.0656 horizon=220 lifetime=[460,964] skipped=False
2026-08-30 14:28:50,274 | INFO | step=8110/20000 loss=-1.226145 nll=-1.226603 kl=0.0004582703 consistency=0 lambda=0 beta=1 grad=54.83991 horizon=300 lifetime=[477,1007] skipped=False
2026-08-30 14:28:50,684 | INFO | step=8120/20000 loss=-0.3093818 nll=-0.3109398 kl=0.001558065 consistency=0 lambda=0 beta=1 grad=47.52556 horizon=120 lifetime=[437,1932] skipped=False
2026-08-30 14:28:51,064 | INFO | step=8130/20000 loss=-0.9204611 nll=-0.92134 kl=0.0008789301 consistency=0 lambda=0 beta=1 grad=157.812 horizon=220 lifetime=[464,1156] skipped=False
2026-08-30 14:28:51,471 | INFO | step=8140/20000 loss=-0.1273909 nll=-0.1280741 kl=0.0006832182 consistency=0 lambda=0 beta=1 grad=61.03023 horizon=100 lifetime=[456,1932] skipped=False
2026-08-30 14:28:51,931 | INFO | step=8150/20000 loss=-0.6813613 nll=-0.6837589 kl=0.002397597 consistency=0 lambda=0 beta=1 grad=68.70509 horizon=260 lifetime=[467,988] skipped=False
2026-08-30 14:28:52,331 | INFO | step=8160/20000 loss=-0.8245156 nll=-0.8256503 kl=0.001134783 consistency=0 lambda=0 beta=1 grad=44.71314 horizon=120 lifetime=[456,1932] skipped=False
2026-08-30 14:28:52,751 | INFO | step=8170/20000 loss=-0.8100857 nll=-0.811429 kl=0.001343399 consistency=0 lambda=0 beta=1 grad=65.40581 horizon=280 lifetime=[486,921] skipped=False
2026-08-30 14:28:53,181 | INFO | step=8180/20000 loss=-0.3064255 nll=-0.3073477 kl=0.0009222031 consistency=0 lambda=0 beta=1 grad=92.72973 horizon=280 lifetime=[742,1007] skipped=False
2026-08-30 14:28:53,549 | INFO | step=8190/20000 loss=-0.4172976 nll=-0.4189636 kl=0.001666069 consistency=0 lambda=0 beta=1 grad=174.505 horizon=140 lifetime=[470,1049] skipped=False
2026-08-30 14:28:53,952 | INFO | step=8200/20000 loss=0.1789677 nll=0.1782267 kl=0.0007409155 consistency=0 lambda=0 beta=1 grad=184.6886 horizon=260 lifetime=[518,1431] skipped=False
2026-08-30 14:28:54,318 | INFO | step=8210/20000 loss=-0.9478801 nll=-0.9496305 kl=0.00175038 consistency=0 lambda=0 beta=1 grad=37.35387 horizon=300 lifetime=[477,1282] skipped=False
2026-08-30 14:28:54,733 | INFO | step=8220/20000 loss=0.8580985 nll=0.8568917 kl=0.001206815 consistency=0 lambda=0 beta=1 grad=290.8092 horizon=200 lifetime=[470,1431] skipped=False
2026-08-30 14:28:55,108 | INFO | step=8230/20000 loss=-0.270178 nll=-0.2709888 kl=0.0008108616 consistency=0 lambda=0 beta=1 grad=25.59216 horizon=100 lifetime=[464,1143] skipped=False
2026-08-30 14:28:55,503 | INFO | step=8240/20000 loss=-1.000785 nll=-1.001867 kl=0.001081824 consistency=0 lambda=0 beta=1 grad=112.0521 horizon=300 lifetime=[510,1154] skipped=False
2026-08-30 14:28:55,881 | INFO | step=8250/20000 loss=-0.6511439 nll=-0.6527816 kl=0.001637667 consistency=0 lambda=0 beta=1 grad=81.78238 horizon=240 lifetime=[671,1025] skipped=False
2026-08-30 14:28:56,270 | INFO | step=8260/20000 loss=-0.5750511 nll=-0.5755271 kl=0.0004760027 consistency=0 lambda=0 beta=1 grad=118.8247 horizon=220 lifetime=[476,1061] skipped=False
2026-08-30 14:28:56,719 | INFO | step=8270/20000 loss=-1.166191 nll=-1.167224 kl=0.001033634 consistency=0 lambda=0 beta=1 grad=152.4045 horizon=260 lifetime=[476,1156] skipped=False
2026-08-30 14:28:57,102 | INFO | step=8280/20000 loss=-0.3927379 nll=-0.3945086 kl=0.001770705 consistency=0 lambda=0 beta=1 grad=34.78661 horizon=120 lifetime=[299,1635] skipped=False
2026-08-30 14:28:57,513 | INFO | step=8290/20000 loss=-0.834824 nll=-0.835916 kl=0.001092046 consistency=0 lambda=0 beta=1 grad=115.859 horizon=220 lifetime=[477,1635] skipped=False
2026-08-30 14:28:57,973 | INFO | step=8300/20000 loss=-0.51712 nll=-0.517967 kl=0.0008470118 consistency=0 lambda=0 beta=1 grad=63.12094 horizon=160 lifetime=[455,1049] skipped=False
2026-08-30 14:28:58,366 | INFO | step=8310/20000 loss=-1.110432 nll=-1.114662 kl=0.004230529 consistency=0 lambda=0 beta=1 grad=36.70778 horizon=280 lifetime=[512,1025] skipped=False
2026-08-30 14:28:58,777 | INFO | step=8320/20000 loss=-0.6310217 nll=-0.6322883 kl=0.001266629 consistency=0 lambda=0 beta=1 grad=51.10174 horizon=160 lifetime=[460,1282] skipped=False
2026-08-30 14:28:59,175 | INFO | step=8330/20000 loss=-0.7601975 nll=-0.7629793 kl=0.002781749 consistency=0 lambda=0 beta=1 grad=67.42628 horizon=180 lifetime=[455,1071] skipped=False
2026-08-30 14:28:59,560 | INFO | step=8340/20000 loss=-0.480376 nll=-0.4816162 kl=0.001240224 consistency=0 lambda=0 beta=1 grad=65.76529 horizon=240 lifetime=[614,1932] skipped=False
2026-08-30 14:28:59,958 | INFO | step=8350/20000 loss=-0.7183983 nll=-0.723938 kl=0.005539656 consistency=0 lambda=0 beta=1 grad=37.01336 horizon=100 lifetime=[464,1045] skipped=False
2026-08-30 14:29:00,386 | INFO | step=8360/20000 loss=-0.5435847 nll=-0.5442691 kl=0.0006843805 consistency=0 lambda=0 beta=1 grad=48.50908 horizon=140 lifetime=[470,1061] skipped=False
2026-08-30 14:29:00,769 | INFO | step=8370/20000 loss=-0.6198294 nll=-0.6209622 kl=0.001132816 consistency=0 lambda=0 beta=1 grad=36.59743 horizon=300 lifetime=[539,1036] skipped=False
2026-08-30 14:29:01,154 | INFO | step=8380/20000 loss=-0.4871013 nll=-0.4890375 kl=0.001936138 consistency=0 lambda=0 beta=1 grad=111.7921 horizon=260 lifetime=[458,1091] skipped=False
2026-08-30 14:29:01,569 | INFO | step=8390/20000 loss=-0.9627112 nll=-0.9633734 kl=0.0006621778 consistency=0 lambda=0 beta=1 grad=136.4907 horizon=220 lifetime=[508,1038] skipped=False
2026-08-30 14:29:01,978 | INFO | step=8400/20000 loss=-0.1730248 nll=-0.1739611 kl=0.00093624 consistency=0 lambda=0 beta=1 grad=150.7907 horizon=140 lifetime=[539,1282] skipped=False
2026-08-30 14:29:02,351 | INFO | step=8410/20000 loss=-0.8328271 nll=-0.8337492 kl=0.0009220541 consistency=0 lambda=0 beta=1 grad=70.30859 horizon=220 lifetime=[299,1431] skipped=False
2026-08-30 14:29:02,789 | INFO | step=8420/20000 loss=-0.5074483 nll=-0.5089044 kl=0.001456141 consistency=0 lambda=0 beta=1 grad=82.58561 horizon=180 lifetime=[747,1045] skipped=False
2026-08-30 14:29:03,203 | INFO | step=8430/20000 loss=-0.2968774 nll=-0.2979592 kl=0.001081824 consistency=0 lambda=0 beta=1 grad=89.12302 horizon=160 lifetime=[712,1858] skipped=False
2026-08-30 14:29:03,596 | INFO | step=8440/20000 loss=-1.178044 nll=-1.180414 kl=0.002370477 consistency=0 lambda=0 beta=1 grad=128.0498 horizon=180 lifetime=[510,1038] skipped=False
2026-08-30 14:29:03,985 | INFO | step=8450/20000 loss=-0.1097124 nll=-0.1108103 kl=0.001097888 consistency=0 lambda=0 beta=1 grad=145.6615 horizon=120 lifetime=[437,1076] skipped=False
2026-08-30 14:29:04,395 | INFO | step=8460/20000 loss=-1.228927 nll=-1.231258 kl=0.002331018 consistency=0 lambda=0 beta=1 grad=44.46758 horizon=200 lifetime=[476,1038] skipped=False
2026-08-30 14:29:04,820 | INFO | step=8470/20000 loss=-0.7212599 nll=-0.7228799 kl=0.001619995 consistency=0 lambda=0 beta=1 grad=32.17035 horizon=180 lifetime=[458,1143] skipped=False
2026-08-30 14:29:05,278 | INFO | step=8480/20000 loss=-0.7647144 nll=-0.766531 kl=0.001816601 consistency=0 lambda=0 beta=1 grad=100.3425 horizon=240 lifetime=[559,1091] skipped=False
2026-08-30 14:29:05,706 | INFO | step=8490/20000 loss=-0.6860429 nll=-0.6870474 kl=0.001004487 consistency=0 lambda=0 beta=1 grad=96.96777 horizon=200 lifetime=[458,856] skipped=False
2026-08-30 14:29:06,392 | INFO | validation step=8500 rmse=177.5659 best=134.6802@3500 stale=10/10
2026-08-30 14:29:06,392 | INFO | step=8500/20000 loss=-0.5291402 nll=-0.531166 kl=0.002025783 consistency=0 lambda=0 beta=1 grad=58.81639 horizon=240 lifetime=[501,1858] skipped=False
2026-08-30 14:29:06,476 | INFO | early stopping at step=8500 best=134.6802@3500
2026-08-30 14:29:06,543 | INFO | completed run=/home/JunseoPark/바탕화면/battery_gru/outputs/horizon_lifetime_iv_anp_grid/suites/20260830_124935_068102/runs/horiginal_s42_lr5em05_f3/20260830_142323_623302_f3_life_iv_base_s42
