2026-08-30 18:20:41,317 | INFO | start fold=1 device=cuda parameters=886228 train=108 validation=27 horizons=[100, 120, 140, 160, 180, 200, 220, 240, 260, 280, 300] q_points=256 context=[8,16] query=8 target=lifetime delta_soh=false paired_horizons=False consistency_weight=0 consistency_gap=20
2026-08-30 18:20:41,317 | INFO | train_scalers cycle=300 soh=0.96507+-0.017419 voltage=2.7659+-0.46941 current=3.2273+-1.5004 lifetime=790.3+-335.96
2026-08-30 18:20:41,493 | INFO | step=1/20000 loss=2.438584 nll=2.438583 kl=0.008640433 consistency=0 lambda=0 beta=0.0002 grad=nan horizon=260 lifetime=[456,1834] skipped=True
2026-08-30 18:20:42,241 | INFO | step=10/20000 loss=1.373954 nll=1.373897 kl=0.02842707 consistency=0 lambda=0 beta=0.002 grad=2.499078 horizon=100 lifetime=[147,1143] skipped=False
2026-08-30 18:20:42,688 | INFO | step=20/20000 loss=3.316499 nll=3.316424 kl=0.01873606 consistency=0 lambda=0 beta=0.004 grad=10.64964 horizon=160 lifetime=[442,2154] skipped=False
2026-08-30 18:20:43,152 | INFO | step=30/20000 loss=1.381008 nll=1.380974 kl=0.005708813 consistency=0 lambda=0 beta=0.006 grad=1.946811 horizon=300 lifetime=[455,1313] skipped=False
2026-08-30 18:20:43,571 | INFO | step=40/20000 loss=2.057895 nll=2.057837 kl=0.007270061 consistency=0 lambda=0 beta=0.008 grad=4.427772 horizon=100 lifetime=[428,1834] skipped=False
2026-08-30 18:20:43,955 | INFO | step=50/20000 loss=1.784442 nll=1.784338 kl=0.01035547 consistency=0 lambda=0 beta=0.01 grad=3.32961 horizon=180 lifetime=[460,1705] skipped=False
2026-08-30 18:20:44,347 | INFO | step=60/20000 loss=1.084089 nll=1.082951 kl=0.09481418 consistency=0 lambda=0 beta=0.012 grad=3.150187 horizon=100 lifetime=[460,868] skipped=False
2026-08-30 18:20:44,780 | INFO | step=70/20000 loss=0.8930874 nll=0.8929082 kl=0.01280421 consistency=0 lambda=0 beta=0.014 grad=1.631012 horizon=300 lifetime=[614,1081] skipped=False
2026-08-30 18:20:45,209 | INFO | step=80/20000 loss=1.305734 nll=1.305345 kl=0.02428735 consistency=0 lambda=0 beta=0.016 grad=1.025732 horizon=260 lifetime=[470,1313] skipped=False
2026-08-30 18:20:45,584 | INFO | step=90/20000 loss=1.054196 nll=1.053923 kl=0.01516276 consistency=0 lambda=0 beta=0.018 grad=2.864405 horizon=280 lifetime=[428,906] skipped=False
2026-08-30 18:20:46,003 | INFO | step=100/20000 loss=1.002223 nll=1.001906 kl=0.01583695 consistency=0 lambda=0 beta=0.02 grad=2.592662 horizon=120 lifetime=[519,1143] skipped=False
2026-08-30 18:20:46,422 | INFO | step=110/20000 loss=0.9796439 nll=0.9793562 kl=0.01308081 consistency=0 lambda=0 beta=0.022 grad=2.944021 horizon=180 lifetime=[443,942] skipped=False
2026-08-30 18:20:46,818 | INFO | step=120/20000 loss=0.8680758 nll=0.8674546 kl=0.02588085 consistency=0 lambda=0 beta=0.024 grad=1.964893 horizon=200 lifetime=[458,1000] skipped=False
2026-08-30 18:20:47,225 | INFO | step=130/20000 loss=2.145273 nll=2.144276 kl=0.0383431 consistency=0 lambda=0 beta=0.026 grad=10.54281 horizon=260 lifetime=[465,1799] skipped=False
2026-08-30 18:20:47,657 | INFO | step=140/20000 loss=2.48205 nll=2.481642 kl=0.01456376 consistency=0 lambda=0 beta=0.028 grad=10.52991 horizon=280 lifetime=[461,1932] skipped=False
2026-08-30 18:20:48,063 | INFO | step=150/20000 loss=0.8176841 nll=0.8174698 kl=0.007142447 consistency=0 lambda=0 beta=0.03 grad=2.972569 horizon=180 lifetime=[484,913] skipped=False
2026-08-30 18:20:48,410 | INFO | step=160/20000 loss=0.9866799 nll=0.9860167 kl=0.02072376 consistency=0 lambda=0 beta=0.032 grad=2.099843 horizon=160 lifetime=[460,1055] skipped=False
2026-08-30 18:20:48,766 | INFO | step=170/20000 loss=0.9496242 nll=0.9483938 kl=0.03618935 consistency=0 lambda=0 beta=0.034 grad=1.597091 horizon=140 lifetime=[428,1061] skipped=False
2026-08-30 18:20:49,134 | INFO | step=180/20000 loss=1.054927 nll=1.053356 kl=0.04365225 consistency=0 lambda=0 beta=0.036 grad=1.788583 horizon=260 lifetime=[299,1113] skipped=False
2026-08-30 18:20:49,538 | INFO | step=190/20000 loss=1.012836 nll=1.011677 kl=0.03050184 consistency=0 lambda=0 beta=0.038 grad=5.239763 horizon=220 lifetime=[498,1156] skipped=False
2026-08-30 18:20:49,948 | INFO | step=200/20000 loss=0.8677745 nll=0.8670494 kl=0.01812907 consistency=0 lambda=0 beta=0.04 grad=6.404376 horizon=240 lifetime=[493,913] skipped=False
2026-08-30 18:20:50,388 | INFO | step=210/20000 loss=1.082268 nll=1.081706 kl=0.01338669 consistency=0 lambda=0 beta=0.042 grad=1.771372 horizon=160 lifetime=[443,1156] skipped=False
2026-08-30 18:20:50,789 | INFO | step=220/20000 loss=1.765805 nll=1.764032 kl=0.0403071 consistency=0 lambda=0 beta=0.044 grad=11.74008 horizon=180 lifetime=[456,1799] skipped=False
2026-08-30 18:20:51,165 | INFO | step=230/20000 loss=2.094597 nll=2.086564 kl=0.1746485 consistency=0 lambda=0 beta=0.046 grad=22.94664 horizon=220 lifetime=[486,1932] skipped=False
2026-08-30 18:20:51,547 | INFO | step=240/20000 loss=1.964606 nll=1.962834 kl=0.03691131 consistency=0 lambda=0 beta=0.048 grad=22.96856 horizon=160 lifetime=[498,1932] skipped=False
2026-08-30 18:20:51,915 | INFO | step=250/20000 loss=1.063807 nll=1.059746 kl=0.08121817 consistency=0 lambda=0 beta=0.05 grad=7.765629 horizon=100 lifetime=[299,1152] skipped=False
2026-08-30 18:20:52,290 | INFO | step=260/20000 loss=1.986788 nll=1.983698 kl=0.05942643 consistency=0 lambda=0 beta=0.052 grad=40.07041 horizon=120 lifetime=[498,1932] skipped=False
2026-08-30 18:20:52,704 | INFO | step=270/20000 loss=1.294056 nll=1.290929 kl=0.05790571 consistency=0 lambda=0 beta=0.054 grad=5.235064 horizon=300 lifetime=[464,1834] skipped=False
2026-08-30 18:20:53,123 | INFO | step=280/20000 loss=1.501868 nll=1.499429 kl=0.04355351 consistency=0 lambda=0 beta=0.056 grad=17.17794 horizon=100 lifetime=[442,1799] skipped=False
2026-08-30 18:20:53,500 | INFO | step=290/20000 loss=1.397678 nll=1.395917 kl=0.03035424 consistency=0 lambda=0 beta=0.058 grad=24.55188 horizon=180 lifetime=[460,1705] skipped=False
2026-08-30 18:20:53,884 | INFO | step=300/20000 loss=2.513954 nll=2.50933 kl=0.07706816 consistency=0 lambda=0 beta=0.06 grad=69.87058 horizon=280 lifetime=[442,2154] skipped=False
2026-08-30 18:20:54,242 | INFO | step=310/20000 loss=1.025779 nll=0.9971173 kl=0.4622811 consistency=0 lambda=0 beta=0.062 grad=11.13576 horizon=140 lifetime=[299,1154] skipped=False
2026-08-30 18:20:54,625 | INFO | step=320/20000 loss=0.8100361 nll=0.8078738 kl=0.0337849 consistency=0 lambda=0 beta=0.064 grad=24.54094 horizon=160 lifetime=[456,1154] skipped=False
2026-08-30 18:20:55,019 | INFO | step=330/20000 loss=0.576175 nll=0.5737079 kl=0.03738032 consistency=0 lambda=0 beta=0.066 grad=25.23487 horizon=240 lifetime=[500,1071] skipped=False
2026-08-30 18:20:55,394 | INFO | step=340/20000 loss=0.8651258 nll=0.8621354 kl=0.04397712 consistency=0 lambda=0 beta=0.068 grad=14.66477 horizon=120 lifetime=[147,1113] skipped=False
2026-08-30 18:20:55,791 | INFO | step=350/20000 loss=0.5498899 nll=0.5453835 kl=0.06437693 consistency=0 lambda=0 beta=0.07 grad=12.52773 horizon=180 lifetime=[442,858] skipped=False
2026-08-30 18:20:56,155 | INFO | step=360/20000 loss=0.513096 nll=0.5030347 kl=0.1397395 consistency=0 lambda=0 beta=0.072 grad=30.35462 horizon=260 lifetime=[464,875] skipped=False
2026-08-30 18:20:56,551 | INFO | step=370/20000 loss=0.5286009 nll=0.5237787 kl=0.06516428 consistency=0 lambda=0 beta=0.074 grad=22.54303 horizon=300 lifetime=[512,1152] skipped=False
2026-08-30 18:20:56,977 | INFO | step=380/20000 loss=2.682826 nll=2.678712 kl=0.05413513 consistency=0 lambda=0 beta=0.076 grad=65.23877 horizon=100 lifetime=[442,2154] skipped=False
2026-08-30 18:20:57,364 | INFO | step=390/20000 loss=1.968902 nll=1.966407 kl=0.03198002 consistency=0 lambda=0 beta=0.078 grad=75.88503 horizon=100 lifetime=[147,1705] skipped=False
2026-08-30 18:20:57,732 | INFO | step=400/20000 loss=0.450654 nll=0.4490062 kl=0.02059705 consistency=0 lambda=0 beta=0.08 grad=36.05117 horizon=120 lifetime=[428,877] skipped=False
2026-08-30 18:20:58,130 | INFO | step=410/20000 loss=1.157392 nll=1.14539 kl=0.1463686 consistency=0 lambda=0 beta=0.082 grad=16.7606 horizon=300 lifetime=[677,1932] skipped=False
2026-08-30 18:20:58,532 | INFO | step=420/20000 loss=0.526004 nll=0.523419 kl=0.03077313 consistency=0 lambda=0 beta=0.084 grad=24.69897 horizon=140 lifetime=[453,1000] skipped=False
2026-08-30 18:20:58,944 | INFO | step=430/20000 loss=0.376188 nll=0.3693332 kl=0.07970752 consistency=0 lambda=0 beta=0.086 grad=24.86008 horizon=260 lifetime=[299,1113] skipped=False
2026-08-30 18:20:59,385 | INFO | step=440/20000 loss=0.516654 nll=0.5135201 kl=0.03561155 consistency=0 lambda=0 beta=0.088 grad=54.26562 horizon=200 lifetime=[458,1091] skipped=False
2026-08-30 18:20:59,748 | INFO | step=450/20000 loss=0.7788236 nll=0.7763782 kl=0.02717111 consistency=0 lambda=0 beta=0.09 grad=92.3153 horizon=100 lifetime=[465,1025] skipped=False
2026-08-30 18:21:00,179 | INFO | step=460/20000 loss=0.09423085 nll=0.08443213 kl=0.1065079 consistency=0 lambda=0 beta=0.092 grad=16.17128 horizon=220 lifetime=[464,991] skipped=False
2026-08-30 18:21:00,602 | INFO | step=470/20000 loss=1.223727 nll=1.220809 kl=0.03104728 consistency=0 lambda=0 beta=0.094 grad=10.45306 horizon=120 lifetime=[505,1152] skipped=False
2026-08-30 18:21:01,060 | INFO | step=480/20000 loss=0.07759032 nll=0.06482396 kl=0.1329829 consistency=0 lambda=0 beta=0.096 grad=17.63346 horizon=260 lifetime=[443,991] skipped=False
2026-08-30 18:21:01,440 | INFO | step=490/20000 loss=1.787205 nll=1.783398 kl=0.03885253 consistency=0 lambda=0 beta=0.098 grad=18.47242 horizon=100 lifetime=[498,1932] skipped=False
2026-08-30 18:21:02,275 | INFO | validation step=500 rmse=291.6707 best=291.6707@500 stale=0/10
2026-08-30 18:21:02,275 | INFO | step=500/20000 loss=2.117485 nll=2.115087 kl=0.02398099 consistency=0 lambda=0 beta=0.1 grad=106.3306 horizon=120 lifetime=[442,2154] skipped=False
2026-08-30 18:21:02,717 | INFO | step=510/20000 loss=0.9930111 nll=0.9891164 kl=0.03818292 consistency=0 lambda=0 beta=0.102 grad=141.611 horizon=120 lifetime=[428,1055] skipped=False
2026-08-30 18:21:03,141 | INFO | step=520/20000 loss=0.4901843 nll=0.4763054 kl=0.1334515 consistency=0 lambda=0 beta=0.104 grad=32.88432 horizon=280 lifetime=[508,1091] skipped=False
2026-08-30 18:21:03,503 | INFO | step=530/20000 loss=0.4981973 nll=0.4783843 kl=0.1869146 consistency=0 lambda=0 beta=0.106 grad=70.18637 horizon=280 lifetime=[476,1025] skipped=False
2026-08-30 18:21:03,916 | INFO | step=540/20000 loss=1.083017 nll=1.076941 kl=0.05626356 consistency=0 lambda=0 beta=0.108 grad=45.94506 horizon=100 lifetime=[476,1799] skipped=False
2026-08-30 18:21:04,283 | INFO | step=550/20000 loss=1.09 nll=1.085826 kl=0.03794391 consistency=0 lambda=0 beta=0.11 grad=22.73452 horizon=160 lifetime=[299,1799] skipped=False
2026-08-30 18:21:04,688 | INFO | step=560/20000 loss=1.206179 nll=1.205037 kl=0.01019673 consistency=0 lambda=0 beta=0.112 grad=40.91277 horizon=280 lifetime=[442,2154] skipped=False
2026-08-30 18:21:05,089 | INFO | step=570/20000 loss=0.8262835 nll=0.8234443 kl=0.02490513 consistency=0 lambda=0 beta=0.114 grad=79.17358 horizon=160 lifetime=[486,1055] skipped=False
2026-08-30 18:21:05,452 | INFO | step=580/20000 loss=-0.0280882 nll=-0.03232487 kl=0.03652302 consistency=0 lambda=0 beta=0.116 grad=54.94485 horizon=160 lifetime=[460,938] skipped=False
2026-08-30 18:21:05,827 | INFO | step=590/20000 loss=0.5795093 nll=0.5762295 kl=0.02779495 consistency=0 lambda=0 beta=0.118 grad=32.75375 horizon=300 lifetime=[470,1313] skipped=False
2026-08-30 18:21:06,222 | INFO | step=600/20000 loss=0.5440412 nll=0.5431556 kl=0.007379714 consistency=0 lambda=0 beta=0.12 grad=41.36175 horizon=300 lifetime=[455,1932] skipped=False
2026-08-30 18:21:06,598 | INFO | step=610/20000 loss=0.6872863 nll=0.6819439 kl=0.04379015 consistency=0 lambda=0 beta=0.122 grad=86.28744 horizon=220 lifetime=[299,1152] skipped=False
2026-08-30 18:21:06,989 | INFO | step=620/20000 loss=0.2550928 nll=0.2542126 kl=0.007098487 consistency=0 lambda=0 beta=0.124 grad=76.39032 horizon=200 lifetime=[428,1282] skipped=False
2026-08-30 18:21:07,351 | INFO | step=630/20000 loss=0.2844484 nll=0.2822432 kl=0.01750193 consistency=0 lambda=0 beta=0.126 grad=49.14344 horizon=120 lifetime=[464,1113] skipped=False
2026-08-30 18:21:07,730 | INFO | step=640/20000 loss=0.8059846 nll=0.7984409 kl=0.05893452 consistency=0 lambda=0 beta=0.128 grad=33.15253 horizon=220 lifetime=[491,1834] skipped=False
2026-08-30 18:21:08,140 | INFO | step=650/20000 loss=0.00870264 nll=0.006753892 kl=0.01499038 consistency=0 lambda=0 beta=0.13 grad=69.93587 horizon=280 lifetime=[498,938] skipped=False
2026-08-30 18:21:08,537 | INFO | step=660/20000 loss=0.2341749 nll=0.2301552 kl=0.03045239 consistency=0 lambda=0 beta=0.132 grad=19.93744 horizon=200 lifetime=[299,1834] skipped=False
2026-08-30 18:21:08,932 | INFO | step=670/20000 loss=0.01376862 nll=0.01142948 kl=0.01745622 consistency=0 lambda=0 beta=0.134 grad=76.97925 horizon=240 lifetime=[465,1313] skipped=False
2026-08-30 18:21:09,320 | INFO | step=680/20000 loss=0.62901 nll=0.6263012 kl=0.01991777 consistency=0 lambda=0 beta=0.136 grad=92.79828 horizon=120 lifetime=[443,1799] skipped=False
2026-08-30 18:21:09,690 | INFO | step=690/20000 loss=0.4686441 nll=0.466453 kl=0.015877 consistency=0 lambda=0 beta=0.138 grad=84.93372 horizon=200 lifetime=[491,921] skipped=False
2026-08-30 18:21:10,046 | INFO | step=700/20000 loss=0.01523785 nll=0.01119288 kl=0.02889265 consistency=0 lambda=0 beta=0.14 grad=53.08458 horizon=140 lifetime=[428,913] skipped=False
2026-08-30 18:21:10,443 | INFO | step=710/20000 loss=1.215466 nll=1.212275 kl=0.022472 consistency=0 lambda=0 beta=0.142 grad=33.18272 horizon=180 lifetime=[464,1932] skipped=False
2026-08-30 18:21:10,835 | INFO | step=720/20000 loss=0.1747469 nll=0.1673482 kl=0.05137986 consistency=0 lambda=0 beta=0.144 grad=59.2292 horizon=160 lifetime=[480,1000] skipped=False
2026-08-30 18:21:11,230 | INFO | step=730/20000 loss=0.527781 nll=0.5179616 kl=0.06725569 consistency=0 lambda=0 beta=0.146 grad=167.1967 horizon=140 lifetime=[519,1061] skipped=False
2026-08-30 18:21:11,629 | INFO | step=740/20000 loss=0.64624 nll=0.6301839 kl=0.1084867 consistency=0 lambda=0 beta=0.148 grad=18.78754 horizon=240 lifetime=[299,1061] skipped=False
2026-08-30 18:21:12,036 | INFO | step=750/20000 loss=0.06577194 nll=0.06247417 kl=0.02198512 consistency=0 lambda=0 beta=0.15 grad=88.80147 horizon=220 lifetime=[464,1091] skipped=False
2026-08-30 18:21:12,429 | INFO | step=760/20000 loss=0.4404681 nll=0.4301067 kl=0.06816761 consistency=0 lambda=0 beta=0.152 grad=13.75025 horizon=240 lifetime=[480,1156] skipped=False
2026-08-30 18:21:12,825 | INFO | step=770/20000 loss=0.9257838 nll=0.9122152 kl=0.08810763 consistency=0 lambda=0 beta=0.154 grad=86.99249 horizon=100 lifetime=[476,1071] skipped=False
2026-08-30 18:21:13,265 | INFO | step=780/20000 loss=0.7325857 nll=0.7301874 kl=0.01537398 consistency=0 lambda=0 beta=0.156 grad=227.3266 horizon=260 lifetime=[428,1156] skipped=False
2026-08-30 18:21:13,831 | INFO | step=790/20000 loss=0.5136635 nll=0.5084899 kl=0.03274426 consistency=0 lambda=0 beta=0.158 grad=84.90186 horizon=300 lifetime=[442,1113] skipped=False
2026-08-30 18:21:14,273 | INFO | step=800/20000 loss=1.129191 nll=1.126789 kl=0.01501067 consistency=0 lambda=0 beta=0.16 grad=158.8835 horizon=160 lifetime=[455,1932] skipped=False
2026-08-30 18:21:14,659 | INFO | step=810/20000 loss=0.3555063 nll=0.3539249 kl=0.009761713 consistency=0 lambda=0 beta=0.162 grad=25.92964 horizon=220 lifetime=[484,1799] skipped=False
2026-08-30 18:21:15,038 | INFO | step=820/20000 loss=-0.003509177 nll=-0.006153654 kl=0.01612486 consistency=0 lambda=0 beta=0.164 grad=15.08898 horizon=280 lifetime=[455,1113] skipped=False
2026-08-30 18:21:15,445 | INFO | step=830/20000 loss=0.7529646 nll=0.7374389 kl=0.093528 consistency=0 lambda=0 beta=0.166 grad=70.43063 horizon=260 lifetime=[299,2154] skipped=False
2026-08-30 18:21:15,827 | INFO | step=840/20000 loss=0.1379216 nll=0.1321918 kl=0.03410574 consistency=0 lambda=0 beta=0.168 grad=9.979573 horizon=200 lifetime=[455,1025] skipped=False
2026-08-30 18:21:16,233 | INFO | step=850/20000 loss=0.01631315 nll=0.01295254 kl=0.0197683 consistency=0 lambda=0 beta=0.17 grad=25.71684 horizon=220 lifetime=[519,1156] skipped=False
2026-08-30 18:21:16,612 | INFO | step=860/20000 loss=0.8518699 nll=0.8496451 kl=0.01293441 consistency=0 lambda=0 beta=0.172 grad=47.42445 horizon=160 lifetime=[484,2154] skipped=False
2026-08-30 18:21:17,020 | INFO | step=870/20000 loss=0.6937456 nll=0.6786324 kl=0.08685704 consistency=0 lambda=0 beta=0.174 grad=51.14608 horizon=160 lifetime=[458,1313] skipped=False
2026-08-30 18:21:17,385 | INFO | step=880/20000 loss=0.259225 nll=0.256093 kl=0.0177955 consistency=0 lambda=0 beta=0.176 grad=70.37085 horizon=240 lifetime=[493,1313] skipped=False
2026-08-30 18:21:17,783 | INFO | step=890/20000 loss=0.01765632 nll=0.01011446 kl=0.04236998 consistency=0 lambda=0 beta=0.178 grad=26.96979 horizon=300 lifetime=[460,1071] skipped=False
2026-08-30 18:21:18,183 | INFO | step=900/20000 loss=0.6767363 nll=0.6701958 kl=0.03633635 consistency=0 lambda=0 beta=0.18 grad=24.49 horizon=220 lifetime=[442,1799] skipped=False
2026-08-30 18:21:18,526 | INFO | step=910/20000 loss=-0.2519836 nll=-0.2544807 kl=0.0137205 consistency=0 lambda=0 beta=0.182 grad=19.82123 horizon=240 lifetime=[498,1113] skipped=False
2026-08-30 18:21:18,952 | INFO | step=920/20000 loss=0.3829532 nll=0.3741897 kl=0.04762771 consistency=0 lambda=0 beta=0.184 grad=40.61636 horizon=120 lifetime=[443,1313] skipped=False
2026-08-30 18:21:19,389 | INFO | step=930/20000 loss=-0.229469 nll=-0.2351299 kl=0.03043501 consistency=0 lambda=0 beta=0.186 grad=43.99387 horizon=180 lifetime=[442,1025] skipped=False
2026-08-30 18:21:19,740 | INFO | step=940/20000 loss=-0.08618694 nll=-0.09272571 kl=0.03478068 consistency=0 lambda=0 beta=0.188 grad=14.65223 horizon=160 lifetime=[470,1071] skipped=False
2026-08-30 18:21:20,141 | INFO | step=950/20000 loss=-0.3749691 nll=-0.3987389 kl=0.1251042 consistency=0 lambda=0 beta=0.19 grad=27.27165 horizon=220 lifetime=[443,858] skipped=False
2026-08-30 18:21:20,542 | INFO | step=960/20000 loss=0.5622784 nll=0.5560689 kl=0.03234149 consistency=0 lambda=0 beta=0.192 grad=31.41573 horizon=240 lifetime=[484,1705] skipped=False
2026-08-30 18:21:20,944 | INFO | step=970/20000 loss=0.3733965 nll=0.3684286 kl=0.02560748 consistency=0 lambda=0 beta=0.194 grad=13.33167 horizon=220 lifetime=[508,1705] skipped=False
2026-08-30 18:21:21,324 | INFO | step=980/20000 loss=0.1336074 nll=0.1251281 kl=0.043262 consistency=0 lambda=0 beta=0.196 grad=38.5574 horizon=280 lifetime=[500,1282] skipped=False
2026-08-30 18:21:21,706 | INFO | step=990/20000 loss=0.1765807 nll=0.1687998 kl=0.03929709 consistency=0 lambda=0 beta=0.198 grad=63.6422 horizon=180 lifetime=[518,1055] skipped=False
2026-08-30 18:21:22,469 | INFO | validation step=1000 rmse=280.4394 best=280.4394@1000 stale=0/10
2026-08-30 18:21:22,469 | INFO | step=1000/20000 loss=0.7199785 nll=0.7167343 kl=0.01622036 consistency=0 lambda=0 beta=0.2 grad=87.41754 horizon=200 lifetime=[428,1932] skipped=False
2026-08-30 18:21:22,906 | INFO | step=1010/20000 loss=0.0594587 nll=0.0562662 kl=0.01580446 consistency=0 lambda=0 beta=0.202 grad=18.15865 horizon=300 lifetime=[470,1313] skipped=False
2026-08-30 18:21:23,323 | INFO | step=1020/20000 loss=0.5050694 nll=0.4991635 kl=0.02895064 consistency=0 lambda=0 beta=0.204 grad=28.91368 horizon=160 lifetime=[442,1313] skipped=False
2026-08-30 18:21:23,705 | INFO | step=1030/20000 loss=0.08479165 nll=0.07828492 kl=0.03158609 consistency=0 lambda=0 beta=0.206 grad=106.1207 horizon=280 lifetime=[443,868] skipped=False
2026-08-30 18:21:24,116 | INFO | step=1040/20000 loss=0.1605214 nll=0.1575517 kl=0.01427734 consistency=0 lambda=0 beta=0.208 grad=29.25293 horizon=180 lifetime=[467,1313] skipped=False
2026-08-30 18:21:24,493 | INFO | step=1050/20000 loss=-0.2641886 nll=-0.274377 kl=0.04851659 consistency=0 lambda=0 beta=0.21 grad=11.33577 horizon=260 lifetime=[428,887] skipped=False
2026-08-30 18:21:24,911 | INFO | step=1060/20000 loss=0.4422924 nll=0.4281874 kl=0.06653284 consistency=0 lambda=0 beta=0.212 grad=20.23882 horizon=160 lifetime=[455,1932] skipped=False
2026-08-30 18:21:25,291 | INFO | step=1070/20000 loss=0.3641263 nll=0.3531472 kl=0.05130423 consistency=0 lambda=0 beta=0.214 grad=213.3472 horizon=260 lifetime=[464,1000] skipped=False
2026-08-30 18:21:25,732 | INFO | step=1080/20000 loss=-0.1212461 nll=-0.1266465 kl=0.02500175 consistency=0 lambda=0 beta=0.216 grad=57.83418 horizon=180 lifetime=[299,942] skipped=False
2026-08-30 18:21:26,098 | INFO | step=1090/20000 loss=0.3555911 nll=0.3497319 kl=0.02687713 consistency=0 lambda=0 beta=0.218 grad=123.1688 horizon=240 lifetime=[442,1799] skipped=False
2026-08-30 18:21:26,527 | INFO | step=1100/20000 loss=0.4613796 nll=0.4586802 kl=0.01227003 consistency=0 lambda=0 beta=0.22 grad=89.24566 horizon=200 lifetime=[455,2154] skipped=False
2026-08-30 18:21:26,946 | INFO | step=1110/20000 loss=0.8576338 nll=0.8526122 kl=0.02261972 consistency=0 lambda=0 beta=0.222 grad=73.62801 horizon=280 lifetime=[299,1834] skipped=False
2026-08-30 18:21:27,316 | INFO | step=1120/20000 loss=1.025459 nll=1.019571 kl=0.02628635 consistency=0 lambda=0 beta=0.224 grad=61.27257 horizon=120 lifetime=[465,1932] skipped=False
2026-08-30 18:21:27,689 | INFO | step=1130/20000 loss=0.2518347 nll=0.2478824 kl=0.01748809 consistency=0 lambda=0 beta=0.226 grad=71.73791 horizon=240 lifetime=[299,1313] skipped=False
2026-08-30 18:21:28,086 | INFO | step=1140/20000 loss=0.1172794 nll=0.1125904 kl=0.02056562 consistency=0 lambda=0 beta=0.228 grad=31.30566 horizon=200 lifetime=[519,1025] skipped=False
2026-08-30 18:21:28,460 | INFO | step=1150/20000 loss=0.5609383 nll=0.5573171 kl=0.01574418 consistency=0 lambda=0 beta=0.23 grad=94.52348 horizon=180 lifetime=[442,1091] skipped=False
2026-08-30 18:21:28,854 | INFO | step=1160/20000 loss=0.9747764 nll=0.9687871 kl=0.02581613 consistency=0 lambda=0 beta=0.232 grad=89.76559 horizon=100 lifetime=[428,1154] skipped=False
2026-08-30 18:21:29,276 | INFO | step=1170/20000 loss=0.7049819 nll=0.7001864 kl=0.02049367 consistency=0 lambda=0 beta=0.234 grad=108.282 horizon=100 lifetime=[458,1313] skipped=False
2026-08-30 18:21:29,713 | INFO | step=1180/20000 loss=0.6840051 nll=0.6755023 kl=0.03602903 consistency=0 lambda=0 beta=0.236 grad=17.7967 horizon=200 lifetime=[508,2154] skipped=False
2026-08-30 18:21:30,122 | INFO | step=1190/20000 loss=0.3915051 nll=0.3879897 kl=0.01477063 consistency=0 lambda=0 beta=0.238 grad=135.5285 horizon=180 lifetime=[461,942] skipped=False
2026-08-30 18:21:30,515 | INFO | step=1200/20000 loss=-0.0818206 nll=-0.09183396 kl=0.04172232 consistency=0 lambda=0 beta=0.24 grad=149.9445 horizon=220 lifetime=[442,858] skipped=False
2026-08-30 18:21:30,915 | INFO | step=1210/20000 loss=-0.1423148 nll=-0.1481915 kl=0.02428404 consistency=0 lambda=0 beta=0.242 grad=142.5662 horizon=180 lifetime=[443,1143] skipped=False
2026-08-30 18:21:31,295 | INFO | step=1220/20000 loss=0.4016045 nll=0.396596 kl=0.02052632 consistency=0 lambda=0 beta=0.244 grad=70.27896 horizon=160 lifetime=[443,1071] skipped=False
2026-08-30 18:21:31,680 | INFO | step=1230/20000 loss=-0.08120546 nll=-0.1041721 kl=0.09336036 consistency=0 lambda=0 beta=0.246 grad=29.98645 horizon=140 lifetime=[299,991] skipped=False
2026-08-30 18:21:32,041 | INFO | step=1240/20000 loss=0.1714324 nll=0.1664468 kl=0.02010338 consistency=0 lambda=0 beta=0.248 grad=32.17716 horizon=300 lifetime=[442,1705] skipped=False
2026-08-30 18:21:32,436 | INFO | step=1250/20000 loss=0.6109813 nll=0.6054994 kl=0.02192758 consistency=0 lambda=0 beta=0.25 grad=159.2154 horizon=180 lifetime=[442,1705] skipped=False
2026-08-30 18:21:32,838 | INFO | step=1260/20000 loss=-0.09142888 nll=-0.09287023 kl=0.005719608 consistency=0 lambda=0 beta=0.252 grad=58.37172 horizon=280 lifetime=[460,1152] skipped=False
2026-08-30 18:21:33,217 | INFO | step=1270/20000 loss=0.07855778 nll=0.07124402 kl=0.02879436 consistency=0 lambda=0 beta=0.254 grad=50.72617 horizon=260 lifetime=[560,1113] skipped=False
2026-08-30 18:21:33,621 | INFO | step=1280/20000 loss=0.1467317 nll=0.1423146 kl=0.01725409 consistency=0 lambda=0 beta=0.256 grad=88.74942 horizon=300 lifetime=[442,1313] skipped=False
2026-08-30 18:21:34,003 | INFO | step=1290/20000 loss=-0.1248371 nll=-0.1269088 kl=0.008029941 consistency=0 lambda=0 beta=0.258 grad=53.61699 horizon=260 lifetime=[456,1025] skipped=False
2026-08-30 18:21:34,443 | INFO | step=1300/20000 loss=0.09013534 nll=0.08090407 kl=0.03550484 consistency=0 lambda=0 beta=0.26 grad=46.14734 horizon=240 lifetime=[505,1081] skipped=False
2026-08-30 18:21:34,845 | INFO | step=1310/20000 loss=0.1421844 nll=0.1227291 kl=0.07425684 consistency=0 lambda=0 beta=0.262 grad=38.88282 horizon=240 lifetime=[453,1113] skipped=False
2026-08-30 18:21:35,263 | INFO | step=1320/20000 loss=0.6322388 nll=0.6229993 kl=0.03499802 consistency=0 lambda=0 beta=0.264 grad=33.99927 horizon=140 lifetime=[460,1113] skipped=False
2026-08-30 18:21:35,649 | INFO | step=1330/20000 loss=0.4028963 nll=0.3976156 kl=0.01985233 consistency=0 lambda=0 beta=0.266 grad=71.34436 horizon=140 lifetime=[299,1038] skipped=False
2026-08-30 18:21:36,060 | INFO | step=1340/20000 loss=0.3165763 nll=0.3157372 kl=0.00313129 consistency=0 lambda=0 beta=0.268 grad=39.08936 horizon=220 lifetime=[465,1152] skipped=False
2026-08-30 18:21:36,442 | INFO | step=1350/20000 loss=0.2297423 nll=0.2129791 kl=0.06208602 consistency=0 lambda=0 beta=0.27 grad=61.62304 horizon=140 lifetime=[442,1282] skipped=False
2026-08-30 18:21:36,868 | INFO | step=1360/20000 loss=0.2056354 nll=0.199349 kl=0.02311155 consistency=0 lambda=0 beta=0.272 grad=23.85314 horizon=220 lifetime=[299,1799] skipped=False
2026-08-30 18:21:37,290 | INFO | step=1370/20000 loss=-0.1264071 nll=-0.1281538 kl=0.006374879 consistency=0 lambda=0 beta=0.274 grad=103.2436 horizon=180 lifetime=[461,1055] skipped=False
2026-08-30 18:21:37,664 | INFO | step=1380/20000 loss=-0.1740324 nll=-0.1750924 kl=0.003840677 consistency=0 lambda=0 beta=0.276 grad=80.94017 horizon=260 lifetime=[467,1154] skipped=False
2026-08-30 18:21:38,054 | INFO | step=1390/20000 loss=0.4808963 nll=0.4776978 kl=0.01150551 consistency=0 lambda=0 beta=0.278 grad=65.36432 horizon=260 lifetime=[476,1143] skipped=False
2026-08-30 18:21:38,461 | INFO | step=1400/20000 loss=-0.5706694 nll=-0.5800936 kl=0.03365792 consistency=0 lambda=0 beta=0.28 grad=67.40371 horizon=160 lifetime=[456,841] skipped=False
2026-08-30 18:21:38,878 | INFO | step=1410/20000 loss=0.948777 nll=0.9358839 kl=0.04572029 consistency=0 lambda=0 beta=0.282 grad=115.6384 horizon=140 lifetime=[147,1061] skipped=False
2026-08-30 18:21:39,242 | INFO | step=1420/20000 loss=0.398833 nll=0.3907467 kl=0.02847275 consistency=0 lambda=0 beta=0.284 grad=56.56198 horizon=100 lifetime=[476,1152] skipped=False
2026-08-30 18:21:39,673 | INFO | step=1430/20000 loss=0.4926831 nll=0.4830542 kl=0.03366738 consistency=0 lambda=0 beta=0.286 grad=22.29801 horizon=280 lifetime=[299,1705] skipped=False
2026-08-30 18:21:40,053 | INFO | step=1440/20000 loss=0.5815449 nll=0.5770913 kl=0.01546391 consistency=0 lambda=0 beta=0.288 grad=82.42658 horizon=120 lifetime=[456,915] skipped=False
2026-08-30 18:21:40,471 | INFO | step=1450/20000 loss=-0.1836635 nll=-0.1852041 kl=0.005312523 consistency=0 lambda=0 beta=0.29 grad=48.09068 horizon=220 lifetime=[460,887] skipped=False
2026-08-30 18:21:40,922 | INFO | step=1460/20000 loss=0.0879908 nll=0.08237923 kl=0.0192177 consistency=0 lambda=0 beta=0.292 grad=115.9641 horizon=220 lifetime=[443,1152] skipped=False
2026-08-30 18:21:41,331 | INFO | step=1470/20000 loss=0.00829443 nll=-0.0090454 kl=0.05897901 consistency=0 lambda=0 beta=0.294 grad=19.92378 horizon=160 lifetime=[453,1154] skipped=False
2026-08-30 18:21:41,710 | INFO | step=1480/20000 loss=-0.08118775 nll=-0.09126852 kl=0.03405669 consistency=0 lambda=0 beta=0.296 grad=59.9604 horizon=280 lifetime=[428,875] skipped=False
2026-08-30 18:21:42,113 | INFO | step=1490/20000 loss=-0.2271225 nll=-0.2423319 kl=0.05103821 consistency=0 lambda=0 beta=0.298 grad=124.9757 horizon=280 lifetime=[299,1055] skipped=False
2026-08-30 18:21:42,813 | INFO | validation step=1500 rmse=252.5002 best=252.5002@1500 stale=0/10
2026-08-30 18:21:42,813 | INFO | step=1500/20000 loss=0.2671323 nll=0.262766 kl=0.01455414 consistency=0 lambda=0 beta=0.3 grad=67.29832 horizon=160 lifetime=[460,1091] skipped=False
2026-08-30 18:21:43,223 | INFO | step=1510/20000 loss=-0.606998 nll=-0.6232405 kl=0.05378294 consistency=0 lambda=0 beta=0.302 grad=55.36266 horizon=260 lifetime=[428,1061] skipped=False
2026-08-30 18:21:43,628 | INFO | step=1520/20000 loss=-0.2897653 nll=-0.2953208 kl=0.0182746 consistency=0 lambda=0 beta=0.304 grad=50.94699 horizon=260 lifetime=[442,877] skipped=False
2026-08-30 18:21:44,028 | INFO | step=1530/20000 loss=0.2869354 nll=0.2798471 kl=0.02316438 consistency=0 lambda=0 beta=0.306 grad=57.63654 horizon=280 lifetime=[614,1052] skipped=False
2026-08-30 18:21:44,429 | INFO | step=1540/20000 loss=0.3851979 nll=0.3730479 kl=0.03944807 consistency=0 lambda=0 beta=0.308 grad=16.49197 horizon=100 lifetime=[455,1055] skipped=False
2026-08-30 18:21:44,797 | INFO | step=1550/20000 loss=0.5815169 nll=0.5783018 kl=0.01037141 consistency=0 lambda=0 beta=0.31 grad=63.58849 horizon=120 lifetime=[508,1156] skipped=False
2026-08-30 18:21:45,214 | INFO | step=1560/20000 loss=0.299953 nll=0.2967661 kl=0.01021456 consistency=0 lambda=0 beta=0.312 grad=56.4268 horizon=180 lifetime=[465,1705] skipped=False
2026-08-30 18:21:45,588 | INFO | step=1570/20000 loss=0.8877961 nll=0.8801095 kl=0.02447951 consistency=0 lambda=0 beta=0.314 grad=132.6269 horizon=140 lifetime=[461,1705] skipped=False
2026-08-30 18:21:46,024 | INFO | step=1580/20000 loss=-0.1245416 nll=-0.1320812 kl=0.02385932 consistency=0 lambda=0 beta=0.316 grad=25.12494 horizon=300 lifetime=[460,1143] skipped=False
2026-08-30 18:21:46,408 | INFO | step=1590/20000 loss=-0.558143 nll=-0.5647251 kl=0.02069857 consistency=0 lambda=0 beta=0.318 grad=39.28828 horizon=180 lifetime=[428,1091] skipped=False
2026-08-30 18:21:46,808 | INFO | step=1600/20000 loss=0.6840202 nll=0.6685375 kl=0.04838352 consistency=0 lambda=0 beta=0.32 grad=25.0607 horizon=140 lifetime=[539,1705] skipped=False
2026-08-30 18:21:47,278 | INFO | step=1610/20000 loss=0.1092856 nll=0.1025653 kl=0.02087041 consistency=0 lambda=0 beta=0.322 grad=190.6691 horizon=280 lifetime=[455,863] skipped=False
2026-08-30 18:21:47,661 | INFO | step=1620/20000 loss=-0.467959 nll=-0.4748763 kl=0.02134981 consistency=0 lambda=0 beta=0.324 grad=28.87985 horizon=160 lifetime=[443,1052] skipped=False
2026-08-30 18:21:48,060 | INFO | step=1630/20000 loss=-0.09859263 nll=-0.1049169 kl=0.01939958 consistency=0 lambda=0 beta=0.326 grad=58.03638 horizon=240 lifetime=[455,1055] skipped=False
2026-08-30 18:21:48,446 | INFO | step=1640/20000 loss=1.335675 nll=1.332942 kl=0.00833461 consistency=0 lambda=0 beta=0.328 grad=104.8261 horizon=140 lifetime=[147,1932] skipped=False
2026-08-30 18:21:48,849 | INFO | step=1650/20000 loss=-0.3944896 nll=-0.4175767 kl=0.06996115 consistency=0 lambda=0 beta=0.33 grad=37.63263 horizon=280 lifetime=[442,1313] skipped=False
2026-08-30 18:21:49,249 | INFO | step=1660/20000 loss=0.2071128 nll=0.1984529 kl=0.02608412 consistency=0 lambda=0 beta=0.332 grad=77.42597 horizon=220 lifetime=[442,1025] skipped=False
2026-08-30 18:21:49,657 | INFO | step=1670/20000 loss=0.5559451 nll=0.5417978 kl=0.04235723 consistency=0 lambda=0 beta=0.334 grad=65.22668 horizon=180 lifetime=[299,1932] skipped=False
2026-08-30 18:21:50,061 | INFO | step=1680/20000 loss=-0.1639882 nll=-0.1726535 kl=0.02578963 consistency=0 lambda=0 beta=0.336 grad=35.59381 horizon=120 lifetime=[460,1000] skipped=False
2026-08-30 18:21:50,455 | INFO | step=1690/20000 loss=-0.4128091 nll=-0.4199859 kl=0.02123321 consistency=0 lambda=0 beta=0.338 grad=75.71353 horizon=140 lifetime=[428,754] skipped=False
2026-08-30 18:21:50,828 | INFO | step=1700/20000 loss=1.274818 nll=1.269674 kl=0.01512891 consistency=0 lambda=0 beta=0.34 grad=33.81469 horizon=100 lifetime=[476,2154] skipped=False
2026-08-30 18:21:51,228 | INFO | step=1710/20000 loss=0.61136 nll=0.6095889 kl=0.005178878 consistency=0 lambda=0 beta=0.342 grad=103.372 horizon=180 lifetime=[458,1113] skipped=False
2026-08-30 18:21:51,594 | INFO | step=1720/20000 loss=2.395155 nll=2.389282 kl=0.01707159 consistency=0 lambda=0 beta=0.344 grad=356.1396 horizon=140 lifetime=[455,2154] skipped=False
2026-08-30 18:21:51,981 | INFO | step=1730/20000 loss=0.08578492 nll=0.0653301 kl=0.05911797 consistency=0 lambda=0 beta=0.346 grad=76.06863 horizon=200 lifetime=[455,1705] skipped=False
2026-08-30 18:21:52,365 | INFO | step=1740/20000 loss=-0.2799846 nll=-0.2876518 kl=0.02203235 consistency=0 lambda=0 beta=0.348 grad=49.11489 horizon=160 lifetime=[428,1156] skipped=False
2026-08-30 18:21:52,773 | INFO | step=1750/20000 loss=0.7485211 nll=0.743735 kl=0.01367451 consistency=0 lambda=0 beta=0.35 grad=123.0968 horizon=180 lifetime=[453,1799] skipped=False
2026-08-30 18:21:53,122 | INFO | step=1760/20000 loss=2.224086 nll=2.204525 kl=0.05556993 consistency=0 lambda=0 beta=0.352 grad=532.5638 horizon=180 lifetime=[443,1932] skipped=False
2026-08-30 18:21:53,478 | INFO | step=1770/20000 loss=-0.01122481 nll=-0.01706228 kl=0.01649002 consistency=0 lambda=0 beta=0.354 grad=65.12365 horizon=280 lifetime=[486,1156] skipped=False
2026-08-30 18:21:53,860 | INFO | step=1780/20000 loss=0.602728 nll=0.6005592 kl=0.006092087 consistency=0 lambda=0 beta=0.356 grad=157.228 horizon=180 lifetime=[494,1932] skipped=False
2026-08-30 18:21:54,229 | INFO | step=1790/20000 loss=0.04625292 nll=0.02118653 kl=0.07001786 consistency=0 lambda=0 beta=0.358 grad=13.09375 horizon=200 lifetime=[467,1156] skipped=False
2026-08-30 18:21:54,700 | INFO | step=1800/20000 loss=-0.1979557 nll=-0.2047667 kl=0.01891938 consistency=0 lambda=0 beta=0.36 grad=24.23716 horizon=280 lifetime=[443,1834] skipped=False
2026-08-30 18:21:55,105 | INFO | step=1810/20000 loss=-0.2281333 nll=-0.2300277 kl=0.00523334 consistency=0 lambda=0 beta=0.362 grad=21.5721 horizon=260 lifetime=[428,1000] skipped=False
2026-08-30 18:21:55,479 | INFO | step=1820/20000 loss=0.4680395 nll=0.4639116 kl=0.01134027 consistency=0 lambda=0 beta=0.364 grad=75.49945 horizon=140 lifetime=[461,1071] skipped=False
2026-08-30 18:21:55,814 | INFO | step=1830/20000 loss=0.3857264 nll=0.3709902 kl=0.04026276 consistency=0 lambda=0 beta=0.366 grad=30.22669 horizon=100 lifetime=[443,1036] skipped=False
2026-08-30 18:21:56,190 | INFO | step=1840/20000 loss=0.7259336 nll=0.7206607 kl=0.01432836 consistency=0 lambda=0 beta=0.368 grad=164.653 horizon=260 lifetime=[480,1000] skipped=False
2026-08-30 18:21:56,582 | INFO | step=1850/20000 loss=-0.4474761 nll=-0.4491265 kl=0.00446053 consistency=0 lambda=0 beta=0.37 grad=29.88343 horizon=300 lifetime=[458,1052] skipped=False
2026-08-30 18:21:57,025 | INFO | step=1860/20000 loss=0.1161281 nll=0.1131057 kl=0.008124644 consistency=0 lambda=0 beta=0.372 grad=167.5584 horizon=300 lifetime=[470,915] skipped=False
2026-08-30 18:21:57,422 | INFO | step=1870/20000 loss=-0.2312839 nll=-0.2339756 kl=0.007197144 consistency=0 lambda=0 beta=0.374 grad=60.4136 horizon=160 lifetime=[460,860] skipped=False
2026-08-30 18:21:57,788 | INFO | step=1880/20000 loss=0.4692647 nll=0.4631882 kl=0.01616078 consistency=0 lambda=0 beta=0.376 grad=138.7192 horizon=280 lifetime=[442,1081] skipped=False
2026-08-30 18:21:58,212 | INFO | step=1890/20000 loss=-0.03565732 nll=-0.03780402 kl=0.005679118 consistency=0 lambda=0 beta=0.378 grad=68.67556 horizon=300 lifetime=[508,1152] skipped=False
2026-08-30 18:21:58,597 | INFO | step=1900/20000 loss=1.740256 nll=1.736775 kl=0.009160515 consistency=0 lambda=0 beta=0.38 grad=399.5827 horizon=220 lifetime=[656,1932] skipped=False
2026-08-30 18:21:59,015 | INFO | step=1910/20000 loss=-0.147156 nll=-0.1590151 kl=0.0310449 consistency=0 lambda=0 beta=0.382 grad=55.29071 horizon=160 lifetime=[458,1156] skipped=False
2026-08-30 18:21:59,404 | INFO | step=1920/20000 loss=-0.6221133 nll=-0.6422594 kl=0.05246359 consistency=0 lambda=0 beta=0.384 grad=36.36581 horizon=260 lifetime=[460,875] skipped=False
2026-08-30 18:21:59,771 | INFO | step=1930/20000 loss=0.446982 nll=0.4363685 kl=0.02749605 consistency=0 lambda=0 beta=0.386 grad=72.20084 horizon=140 lifetime=[729,1282] skipped=False
2026-08-30 18:22:00,164 | INFO | step=1940/20000 loss=0.5689219 nll=0.5646955 kl=0.01089277 consistency=0 lambda=0 beta=0.388 grad=62.93873 horizon=200 lifetime=[484,1081] skipped=False
2026-08-30 18:22:00,559 | INFO | step=1950/20000 loss=0.4917841 nll=0.4831588 kl=0.02211627 consistency=0 lambda=0 beta=0.39 grad=11.93886 horizon=140 lifetime=[497,1156] skipped=False
2026-08-30 18:22:00,948 | INFO | step=1960/20000 loss=-0.1427525 nll=-0.1500246 kl=0.01855113 consistency=0 lambda=0 beta=0.392 grad=49.87557 horizon=180 lifetime=[461,1038] skipped=False
2026-08-30 18:22:01,280 | INFO | step=1970/20000 loss=0.4158431 nll=0.4089208 kl=0.01756937 consistency=0 lambda=0 beta=0.394 grad=24.99242 horizon=100 lifetime=[443,1000] skipped=False
2026-08-30 18:22:01,695 | INFO | step=1980/20000 loss=0.1101988 nll=0.1043875 kl=0.01467496 consistency=0 lambda=0 beta=0.396 grad=71.21113 horizon=180 lifetime=[460,2154] skipped=False
2026-08-30 18:22:02,117 | INFO | step=1990/20000 loss=0.05305096 nll=0.04263555 kl=0.02616937 consistency=0 lambda=0 beta=0.398 grad=24.88187 horizon=220 lifetime=[460,1000] skipped=False
2026-08-30 18:22:02,778 | INFO | validation step=2000 rmse=237.5106 best=237.5106@2000 stale=0/10
2026-08-30 18:22:02,778 | INFO | step=2000/20000 loss=-0.3284519 nll=-0.3345299 kl=0.01519504 consistency=0 lambda=0 beta=0.4 grad=15.97808 horizon=260 lifetime=[460,1061] skipped=False
2026-08-30 18:22:03,199 | INFO | step=2010/20000 loss=1.042598 nll=1.025389 kl=0.04280788 consistency=0 lambda=0 beta=0.402 grad=52.89905 horizon=120 lifetime=[456,1932] skipped=False
2026-08-30 18:22:03,578 | INFO | step=2020/20000 loss=-0.3343388 nll=-0.3409212 kl=0.01629299 consistency=0 lambda=0 beta=0.404 grad=28.99023 horizon=260 lifetime=[453,913] skipped=False
2026-08-30 18:22:03,957 | INFO | step=2030/20000 loss=-0.04785753 nll=-0.05304629 kl=0.0127802 consistency=0 lambda=0 beta=0.406 grad=43.29478 horizon=180 lifetime=[299,1061] skipped=False
2026-08-30 18:22:04,324 | INFO | step=2040/20000 loss=0.5660246 nll=0.5610645 kl=0.01215701 consistency=0 lambda=0 beta=0.408 grad=86.18821 horizon=100 lifetime=[455,1113] skipped=False
2026-08-30 18:22:04,748 | INFO | step=2050/20000 loss=0.1321062 nll=0.1242805 kl=0.01908718 consistency=0 lambda=0 beta=0.41 grad=83.36695 horizon=180 lifetime=[443,1282] skipped=False
2026-08-30 18:22:05,071 | INFO | step=2060/20000 loss=1.108716 nll=1.103978 kl=0.01150034 consistency=0 lambda=0 beta=0.412 grad=131.8929 horizon=240 lifetime=[493,1932] skipped=False
2026-08-30 18:22:05,448 | INFO | step=2070/20000 loss=0.4691213 nll=0.4660248 kl=0.007479506 consistency=0 lambda=0 beta=0.414 grad=112.2258 horizon=220 lifetime=[560,1834] skipped=False
2026-08-30 18:22:05,814 | INFO | step=2080/20000 loss=-0.202998 nll=-0.2183049 kl=0.03679552 consistency=0 lambda=0 beta=0.416 grad=51.47584 horizon=160 lifetime=[453,921] skipped=False
2026-08-30 18:22:06,183 | INFO | step=2090/20000 loss=1.870547 nll=1.866637 kl=0.00935181 consistency=0 lambda=0 beta=0.418 grad=145.7484 horizon=140 lifetime=[147,1091] skipped=False
2026-08-30 18:22:06,600 | INFO | step=2100/20000 loss=-0.7943105 nll=-0.7993737 kl=0.01205547 consistency=0 lambda=0 beta=0.42 grad=33.91077 horizon=300 lifetime=[455,863] skipped=False
2026-08-30 18:22:07,030 | INFO | step=2110/20000 loss=0.3206491 nll=0.3167342 kl=0.009276858 consistency=0 lambda=0 beta=0.422 grad=45.99068 horizon=300 lifetime=[476,1932] skipped=False
2026-08-30 18:22:07,415 | INFO | step=2120/20000 loss=0.332873 nll=0.3259373 kl=0.01635767 consistency=0 lambda=0 beta=0.424 grad=57.33604 horizon=100 lifetime=[464,1113] skipped=False
2026-08-30 18:22:07,794 | INFO | step=2130/20000 loss=-0.4743551 nll=-0.4821485 kl=0.01829433 consistency=0 lambda=0 beta=0.426 grad=27.81482 horizon=160 lifetime=[461,1143] skipped=False
2026-08-30 18:22:08,172 | INFO | step=2140/20000 loss=0.3026049 nll=0.2900073 kl=0.02943374 consistency=0 lambda=0 beta=0.428 grad=24.13034 horizon=140 lifetime=[453,2154] skipped=False
2026-08-30 18:22:08,580 | INFO | step=2150/20000 loss=-0.5959722 nll=-0.5988538 kl=0.006701428 consistency=0 lambda=0 beta=0.43 grad=11.60406 horizon=220 lifetime=[467,942] skipped=False
2026-08-30 18:22:08,949 | INFO | step=2160/20000 loss=0.2173097 nll=0.2021027 kl=0.03520145 consistency=0 lambda=0 beta=0.432 grad=64.24547 horizon=260 lifetime=[484,1799] skipped=False
2026-08-30 18:22:09,307 | INFO | step=2170/20000 loss=0.5306255 nll=0.5184761 kl=0.02799399 consistency=0 lambda=0 beta=0.434 grad=15.0877 horizon=200 lifetime=[460,2154] skipped=False
2026-08-30 18:22:09,684 | INFO | step=2180/20000 loss=0.9383892 nll=0.9349704 kl=0.007841388 consistency=0 lambda=0 beta=0.436 grad=108.1094 horizon=200 lifetime=[484,1071] skipped=False
2026-08-30 18:22:10,095 | INFO | step=2190/20000 loss=0.288514 nll=0.285822 kl=0.006146161 consistency=0 lambda=0 beta=0.438 grad=109.9517 horizon=180 lifetime=[470,1036] skipped=False
2026-08-30 18:22:10,510 | INFO | step=2200/20000 loss=-0.1293083 nll=-0.1348049 kl=0.01249227 consistency=0 lambda=0 beta=0.44 grad=10.86949 horizon=300 lifetime=[460,1091] skipped=False
2026-08-30 18:22:10,917 | INFO | step=2210/20000 loss=0.1328574 nll=0.1250593 kl=0.01764278 consistency=0 lambda=0 beta=0.442 grad=33.8626 horizon=140 lifetime=[465,1282] skipped=False
2026-08-30 18:22:11,304 | INFO | step=2220/20000 loss=0.7042768 nll=0.7008303 kl=0.007762264 consistency=0 lambda=0 beta=0.444 grad=67.55634 horizon=100 lifetime=[470,1799] skipped=False
2026-08-30 18:22:11,702 | INFO | step=2230/20000 loss=0.151013 nll=0.1444086 kl=0.01480796 consistency=0 lambda=0 beta=0.446 grad=47.5137 horizon=120 lifetime=[428,938] skipped=False
2026-08-30 18:22:12,090 | INFO | step=2240/20000 loss=0.3261551 nll=0.3215577 kl=0.01026199 consistency=0 lambda=0 beta=0.448 grad=114.8185 horizon=220 lifetime=[518,1000] skipped=False
2026-08-30 18:22:12,483 | INFO | step=2250/20000 loss=-0.3422787 nll=-0.3465964 kl=0.009594962 consistency=0 lambda=0 beta=0.45 grad=75.56065 horizon=180 lifetime=[460,1091] skipped=False
2026-08-30 18:22:12,898 | INFO | step=2260/20000 loss=0.3645065 nll=0.3612496 kl=0.007205556 consistency=0 lambda=0 beta=0.452 grad=59.24818 horizon=140 lifetime=[443,921] skipped=False
2026-08-30 18:22:13,308 | INFO | step=2270/20000 loss=-0.3414508 nll=-0.3463004 kl=0.01068201 consistency=0 lambda=0 beta=0.454 grad=7.059453 horizon=220 lifetime=[428,1156] skipped=False
2026-08-30 18:22:13,675 | INFO | step=2280/20000 loss=0.5397888 nll=0.5339885 kl=0.01272003 consistency=0 lambda=0 beta=0.456 grad=79.56687 horizon=220 lifetime=[656,1282] skipped=False
2026-08-30 18:22:14,076 | INFO | step=2290/20000 loss=-0.4383431 nll=-0.4412815 kl=0.006415713 consistency=0 lambda=0 beta=0.458 grad=62.77014 horizon=220 lifetime=[455,1156] skipped=False
2026-08-30 18:22:14,484 | INFO | step=2300/20000 loss=0.2328763 nll=0.228122 kl=0.01033536 consistency=0 lambda=0 beta=0.46 grad=66.35851 horizon=260 lifetime=[476,2154] skipped=False
2026-08-30 18:22:14,856 | INFO | step=2310/20000 loss=0.04787535 nll=0.03678918 kl=0.02399604 consistency=0 lambda=0 beta=0.462 grad=132.4401 horizon=260 lifetime=[465,1154] skipped=False
2026-08-30 18:22:15,262 | INFO | step=2320/20000 loss=0.245892 nll=0.2419037 kl=0.00859555 consistency=0 lambda=0 beta=0.464 grad=150.7257 horizon=180 lifetime=[476,942] skipped=False
2026-08-30 18:22:15,641 | INFO | step=2330/20000 loss=0.7766133 nll=0.7694108 kl=0.01545594 consistency=0 lambda=0 beta=0.466 grad=227.6049 horizon=140 lifetime=[428,1113] skipped=False
2026-08-30 18:22:16,089 | INFO | step=2340/20000 loss=-0.2090702 nll=-0.2136416 kl=0.009767975 consistency=0 lambda=0 beta=0.468 grad=90.64954 horizon=240 lifetime=[497,938] skipped=False
2026-08-30 18:22:16,491 | INFO | step=2350/20000 loss=0.8149416 nll=0.7973711 kl=0.03738397 consistency=0 lambda=0 beta=0.47 grad=66.86155 horizon=140 lifetime=[460,2154] skipped=False
2026-08-30 18:22:16,915 | INFO | step=2360/20000 loss=0.736491 nll=0.7338971 kl=0.005495531 consistency=0 lambda=0 beta=0.472 grad=157.0037 horizon=200 lifetime=[442,1313] skipped=False
2026-08-30 18:22:17,309 | INFO | step=2370/20000 loss=0.4329245 nll=0.4149334 kl=0.03795587 consistency=0 lambda=0 beta=0.474 grad=55.58168 horizon=120 lifetime=[467,1799] skipped=False
2026-08-30 18:22:17,694 | INFO | step=2380/20000 loss=-0.2329867 nll=-0.2523898 kl=0.04076286 consistency=0 lambda=0 beta=0.476 grad=38.10995 horizon=180 lifetime=[505,1282] skipped=False
2026-08-30 18:22:18,092 | INFO | step=2390/20000 loss=-0.04528276 nll=-0.05193992 kl=0.01392711 consistency=0 lambda=0 beta=0.478 grad=26.49871 horizon=240 lifetime=[443,1799] skipped=False
2026-08-30 18:22:18,486 | INFO | step=2400/20000 loss=-0.1024959 nll=-0.1054035 kl=0.00605749 consistency=0 lambda=0 beta=0.48 grad=17.22163 horizon=300 lifetime=[443,1705] skipped=False
2026-08-30 18:22:18,868 | INFO | step=2410/20000 loss=1.353459 nll=1.345827 kl=0.01583381 consistency=0 lambda=0 beta=0.482 grad=138.8348 horizon=100 lifetime=[560,1834] skipped=False
2026-08-30 18:22:19,238 | INFO | step=2420/20000 loss=0.112267 nll=0.1009033 kl=0.02347878 consistency=0 lambda=0 beta=0.484 grad=29.26092 horizon=280 lifetime=[460,1834] skipped=False
2026-08-30 18:22:19,669 | INFO | step=2430/20000 loss=-0.4138003 nll=-0.4194392 kl=0.01160262 consistency=0 lambda=0 beta=0.486 grad=68.10271 horizon=280 lifetime=[458,2154] skipped=False
2026-08-30 18:22:20,083 | INFO | step=2440/20000 loss=-0.3495009 nll=-0.3560532 kl=0.01342699 consistency=0 lambda=0 beta=0.488 grad=25.05881 horizon=220 lifetime=[465,913] skipped=False
2026-08-30 18:22:20,505 | INFO | step=2450/20000 loss=-0.1543779 nll=-0.1579945 kl=0.007380881 consistency=0 lambda=0 beta=0.49 grad=57.12555 horizon=180 lifetime=[486,1282] skipped=False
2026-08-30 18:22:20,906 | INFO | step=2460/20000 loss=-0.5371616 nll=-0.5407057 kl=0.007203474 consistency=0 lambda=0 beta=0.492 grad=27.72052 horizon=200 lifetime=[428,1156] skipped=False
2026-08-30 18:22:21,321 | INFO | step=2470/20000 loss=0.2628636 nll=0.2549865 kl=0.01594548 consistency=0 lambda=0 beta=0.494 grad=130.8814 horizon=240 lifetime=[428,1055] skipped=False
2026-08-30 18:22:21,689 | INFO | step=2480/20000 loss=0.877005 nll=0.8743881 kl=0.005276045 consistency=0 lambda=0 beta=0.496 grad=137.7266 horizon=120 lifetime=[443,1705] skipped=False
2026-08-30 18:22:22,070 | INFO | step=2490/20000 loss=0.1489838 nll=0.1430555 kl=0.01190432 consistency=0 lambda=0 beta=0.498 grad=127.3689 horizon=160 lifetime=[442,1000] skipped=False
2026-08-30 18:22:22,791 | INFO | validation step=2500 rmse=220.1989 best=220.1989@2500 stale=0/10
2026-08-30 18:22:22,791 | INFO | step=2500/20000 loss=-0.2338087 nll=-0.2358645 kl=0.004111641 consistency=0 lambda=0 beta=0.5 grad=36.65038 horizon=280 lifetime=[467,1152] skipped=False
2026-08-30 18:22:23,206 | INFO | step=2510/20000 loss=-0.1656936 nll=-0.1691201 kl=0.006825699 consistency=0 lambda=0 beta=0.502 grad=26.74112 horizon=180 lifetime=[458,1113] skipped=False
2026-08-30 18:22:23,635 | INFO | step=2520/20000 loss=0.06769427 nll=0.06049722 kl=0.01427987 consistency=0 lambda=0 beta=0.504 grad=45.32944 horizon=300 lifetime=[470,938] skipped=False
2026-08-30 18:22:23,987 | INFO | step=2530/20000 loss=0.374918 nll=0.3681121 kl=0.01345048 consistency=0 lambda=0 beta=0.506 grad=12.74846 horizon=120 lifetime=[458,2154] skipped=False
2026-08-30 18:22:24,404 | INFO | step=2540/20000 loss=-0.2610861 nll=-0.2659257 kl=0.009526776 consistency=0 lambda=0 beta=0.508 grad=63.12888 horizon=300 lifetime=[476,1152] skipped=False
2026-08-30 18:22:24,787 | INFO | step=2550/20000 loss=0.1244896 nll=0.1140263 kl=0.02051628 consistency=0 lambda=0 beta=0.51 grad=173.722 horizon=220 lifetime=[299,1932] skipped=False
2026-08-30 18:22:25,180 | INFO | step=2560/20000 loss=-0.1927963 nll=-0.2026777 kl=0.01929955 consistency=0 lambda=0 beta=0.512 grad=106.197 horizon=240 lifetime=[453,1154] skipped=False
2026-08-30 18:22:25,583 | INFO | step=2570/20000 loss=0.09512056 nll=0.08958562 kl=0.01076838 consistency=0 lambda=0 beta=0.514 grad=21.24933 horizon=200 lifetime=[476,1799] skipped=False
2026-08-30 18:22:26,007 | INFO | step=2580/20000 loss=0.722811 nll=0.7189099 kl=0.0075604 consistency=0 lambda=0 beta=0.516 grad=213.7338 horizon=200 lifetime=[470,921] skipped=False
2026-08-30 18:22:26,414 | INFO | step=2590/20000 loss=-0.3746331 nll=-0.3802471 kl=0.01083791 consistency=0 lambda=0 beta=0.518 grad=34.28976 horizon=300 lifetime=[476,1052] skipped=False
2026-08-30 18:22:26,831 | INFO | step=2600/20000 loss=0.065162 nll=0.06198114 kl=0.006117034 consistency=0 lambda=0 beta=0.52 grad=39.75673 horizon=180 lifetime=[299,1282] skipped=False
2026-08-30 18:22:27,193 | INFO | step=2610/20000 loss=-0.2194798 nll=-0.2272016 kl=0.01479254 consistency=0 lambda=0 beta=0.522 grad=82.60025 horizon=220 lifetime=[428,921] skipped=False
2026-08-30 18:22:27,596 | INFO | step=2620/20000 loss=0.698781 nll=0.6859987 kl=0.02439362 consistency=0 lambda=0 beta=0.524 grad=88.67297 horizon=160 lifetime=[539,1932] skipped=False
2026-08-30 18:22:28,055 | INFO | step=2630/20000 loss=-0.2418262 nll=-0.2458582 kl=0.007665338 consistency=0 lambda=0 beta=0.526 grad=42.21319 horizon=300 lifetime=[467,921] skipped=False
2026-08-30 18:22:28,429 | INFO | step=2640/20000 loss=-0.2707469 nll=-0.2789062 kl=0.01545324 consistency=0 lambda=0 beta=0.528 grad=29.20369 horizon=280 lifetime=[493,1834] skipped=False
2026-08-30 18:22:28,821 | INFO | step=2650/20000 loss=-0.5667369 nll=-0.5689951 kl=0.004260803 consistency=0 lambda=0 beta=0.53 grad=37.5855 horizon=220 lifetime=[467,1091] skipped=False
2026-08-30 18:22:29,246 | INFO | step=2660/20000 loss=0.97517 nll=0.9685678 kl=0.01241018 consistency=0 lambda=0 beta=0.532 grad=103.8592 horizon=140 lifetime=[615,1932] skipped=False
2026-08-30 18:22:29,649 | INFO | step=2670/20000 loss=-0.0061135 nll=-0.009191379 kl=0.005763819 consistency=0 lambda=0 beta=0.534 grad=48.32029 horizon=240 lifetime=[476,1932] skipped=False
2026-08-30 18:22:30,051 | INFO | step=2680/20000 loss=1.579566 nll=1.574787 kl=0.008916501 consistency=0 lambda=0 beta=0.536 grad=45.24829 horizon=120 lifetime=[147,1152] skipped=False
2026-08-30 18:22:30,444 | INFO | step=2690/20000 loss=0.6196321 nll=0.6176516 kl=0.003681134 consistency=0 lambda=0 beta=0.538 grad=142.7376 horizon=120 lifetime=[453,1091] skipped=False
2026-08-30 18:22:30,844 | INFO | step=2700/20000 loss=0.2493227 nll=0.2412919 kl=0.01487189 consistency=0 lambda=0 beta=0.54 grad=59.20052 horizon=120 lifetime=[299,1282] skipped=False
2026-08-30 18:22:31,242 | INFO | step=2710/20000 loss=0.1716028 nll=0.159667 kl=0.02202181 consistency=0 lambda=0 beta=0.542 grad=156.6434 horizon=140 lifetime=[443,1071] skipped=False
2026-08-30 18:22:31,657 | INFO | step=2720/20000 loss=1.136957 nll=1.132731 kl=0.007767681 consistency=0 lambda=0 beta=0.544 grad=132.4364 horizon=140 lifetime=[470,1154] skipped=False
2026-08-30 18:22:32,025 | INFO | step=2730/20000 loss=-0.2422401 nll=-0.2462898 kl=0.007417057 consistency=0 lambda=0 beta=0.546 grad=119.9854 horizon=220 lifetime=[465,1052] skipped=False
2026-08-30 18:22:32,416 | INFO | step=2740/20000 loss=-0.1383091 nll=-0.1415472 kl=0.005908889 consistency=0 lambda=0 beta=0.548 grad=30.6513 horizon=280 lifetime=[442,1799] skipped=False
2026-08-30 18:22:32,799 | INFO | step=2750/20000 loss=0.06914585 nll=0.06565191 kl=0.006352628 consistency=0 lambda=0 beta=0.55 grad=61.60064 horizon=200 lifetime=[458,1932] skipped=False
2026-08-30 18:22:33,216 | INFO | step=2760/20000 loss=-0.4493867 nll=-0.4515409 kl=0.003902461 consistency=0 lambda=0 beta=0.552 grad=48.00737 horizon=140 lifetime=[460,1143] skipped=False
2026-08-30 18:22:33,630 | INFO | step=2770/20000 loss=-0.3875726 nll=-0.3912988 kl=0.006726147 consistency=0 lambda=0 beta=0.554 grad=64.23468 horizon=140 lifetime=[428,1143] skipped=False
2026-08-30 18:22:34,027 | INFO | step=2780/20000 loss=0.1087681 nll=0.1067098 kl=0.003701968 consistency=0 lambda=0 beta=0.556 grad=58.97139 horizon=280 lifetime=[498,1313] skipped=False
2026-08-30 18:22:34,434 | INFO | step=2790/20000 loss=0.1347751 nll=0.1302012 kl=0.008197063 consistency=0 lambda=0 beta=0.558 grad=70.46839 horizon=140 lifetime=[560,891] skipped=False
2026-08-30 18:22:34,832 | INFO | step=2800/20000 loss=0.1643604 nll=0.1577363 kl=0.01182877 consistency=0 lambda=0 beta=0.56 grad=22.55632 horizon=240 lifetime=[453,1156] skipped=False
2026-08-30 18:22:35,247 | INFO | step=2810/20000 loss=0.7142488 nll=0.7053592 kl=0.01581786 consistency=0 lambda=0 beta=0.562 grad=133.8442 horizon=280 lifetime=[456,2154] skipped=False
2026-08-30 18:22:35,638 | INFO | step=2820/20000 loss=-0.3316897 nll=-0.3366885 kl=0.008863236 consistency=0 lambda=0 beta=0.564 grad=53.71614 horizon=140 lifetime=[484,938] skipped=False
2026-08-30 18:22:36,030 | INFO | step=2830/20000 loss=-0.007506762 nll=-0.01401507 kl=0.01149878 consistency=0 lambda=0 beta=0.566 grad=56.30167 horizon=280 lifetime=[486,1313] skipped=False
2026-08-30 18:22:36,378 | INFO | step=2840/20000 loss=-0.02558692 nll=-0.03462878 kl=0.01591877 consistency=0 lambda=0 beta=0.568 grad=35.2239 horizon=180 lifetime=[465,1282] skipped=False
2026-08-30 18:22:36,763 | INFO | step=2850/20000 loss=-0.594448 nll=-0.6013781 kl=0.012158 consistency=0 lambda=0 beta=0.57 grad=54.619 horizon=240 lifetime=[299,1143] skipped=False
2026-08-30 18:22:37,138 | INFO | step=2860/20000 loss=-0.04105655 nll=-0.04924417 kl=0.01431401 consistency=0 lambda=0 beta=0.572 grad=56.83294 horizon=280 lifetime=[465,2154] skipped=False
2026-08-30 18:22:37,579 | INFO | step=2870/20000 loss=0.9015639 nll=0.894465 kl=0.0123674 consistency=0 lambda=0 beta=0.574 grad=104.4036 horizon=220 lifetime=[494,1071] skipped=False
2026-08-30 18:22:38,038 | INFO | step=2880/20000 loss=0.4309915 nll=0.428483 kl=0.004355059 consistency=0 lambda=0 beta=0.576 grad=86.95618 horizon=200 lifetime=[484,2154] skipped=False
2026-08-30 18:22:38,432 | INFO | step=2890/20000 loss=-0.2767929 nll=-0.2829072 kl=0.01057847 consistency=0 lambda=0 beta=0.578 grad=11.91649 horizon=200 lifetime=[460,1705] skipped=False
2026-08-30 18:22:38,825 | INFO | step=2900/20000 loss=0.06777803 nll=0.06314312 kl=0.007991221 consistency=0 lambda=0 beta=0.58 grad=52.93154 horizon=160 lifetime=[299,875] skipped=False
2026-08-30 18:22:39,273 | INFO | step=2910/20000 loss=-0.2079258 nll=-0.223685 kl=0.02707779 consistency=0 lambda=0 beta=0.582 grad=122.519 horizon=200 lifetime=[299,1081] skipped=False
2026-08-30 18:22:39,660 | INFO | step=2920/20000 loss=0.02370628 nll=0.01986177 kl=0.006583058 consistency=0 lambda=0 beta=0.584 grad=119.0627 horizon=200 lifetime=[455,938] skipped=False
2026-08-30 18:22:40,064 | INFO | step=2930/20000 loss=1.155252 nll=1.144652 kl=0.01808934 consistency=0 lambda=0 beta=0.586 grad=93.38433 horizon=120 lifetime=[671,1705] skipped=False
2026-08-30 18:22:40,427 | INFO | step=2940/20000 loss=0.612409 nll=0.6033987 kl=0.0153236 consistency=0 lambda=0 beta=0.588 grad=14.76091 horizon=200 lifetime=[875,1834] skipped=False
2026-08-30 18:22:40,860 | INFO | step=2950/20000 loss=-0.417503 nll=-0.4206269 kl=0.005294778 consistency=0 lambda=0 beta=0.59 grad=49.81339 horizon=220 lifetime=[476,991] skipped=False
2026-08-30 18:22:41,271 | INFO | step=2960/20000 loss=-0.2169104 nll=-0.234205 kl=0.02921399 consistency=0 lambda=0 beta=0.592 grad=69.98481 horizon=300 lifetime=[460,1932] skipped=False
2026-08-30 18:22:41,658 | INFO | step=2970/20000 loss=0.1471787 nll=0.1377179 kl=0.01592716 consistency=0 lambda=0 beta=0.594 grad=29.95227 horizon=100 lifetime=[453,1313] skipped=False
2026-08-30 18:22:42,054 | INFO | step=2980/20000 loss=-0.1429394 nll=-0.1496236 kl=0.01121523 consistency=0 lambda=0 beta=0.596 grad=55.28868 horizon=240 lifetime=[461,1834] skipped=False
2026-08-30 18:22:42,426 | INFO | step=2990/20000 loss=-0.612994 nll=-0.6178071 kl=0.008048731 consistency=0 lambda=0 beta=0.598 grad=43.1025 horizon=300 lifetime=[458,909] skipped=False
2026-08-30 18:22:43,122 | INFO | validation step=3000 rmse=208.1823 best=208.1823@3000 stale=0/10
2026-08-30 18:22:43,122 | INFO | step=3000/20000 loss=-0.1890513 nll=-0.1908808 kl=0.003049159 consistency=0 lambda=0 beta=0.6 grad=27.72439 horizon=260 lifetime=[498,1705] skipped=False
2026-08-30 18:22:43,517 | INFO | step=3010/20000 loss=0.938665 nll=0.9334188 kl=0.008714691 consistency=0 lambda=0 beta=0.602 grad=150.6639 horizon=100 lifetime=[500,909] skipped=False
2026-08-30 18:22:43,935 | INFO | step=3020/20000 loss=-0.1773861 nll=-0.1831103 kl=0.009477198 consistency=0 lambda=0 beta=0.604 grad=123.3723 horizon=300 lifetime=[480,1156] skipped=False
2026-08-30 18:22:44,316 | INFO | step=3030/20000 loss=-0.4901225 nll=-0.492766 kl=0.004362128 consistency=0 lambda=0 beta=0.606 grad=20.75126 horizon=220 lifetime=[428,1052] skipped=False
2026-08-30 18:22:44,702 | INFO | step=3040/20000 loss=0.5818816 nll=0.5701951 kl=0.01922123 consistency=0 lambda=0 beta=0.608 grad=74.89711 horizon=100 lifetime=[614,1156] skipped=False
2026-08-30 18:22:45,064 | INFO | step=3050/20000 loss=0.448345 nll=0.4450108 kl=0.005466029 consistency=0 lambda=0 beta=0.61 grad=85.45439 horizon=120 lifetime=[464,1154] skipped=False
2026-08-30 18:22:45,493 | INFO | step=3060/20000 loss=0.1859203 nll=0.1761726 kl=0.01592768 consistency=0 lambda=0 beta=0.612 grad=24.78025 horizon=120 lifetime=[460,1143] skipped=False
2026-08-30 18:22:45,869 | INFO | step=3070/20000 loss=-0.09490381 nll=-0.09882525 kl=0.006386718 consistency=0 lambda=0 beta=0.614 grad=30.08099 horizon=140 lifetime=[494,1154] skipped=False
2026-08-30 18:22:46,290 | INFO | step=3080/20000 loss=0.62836 nll=0.6146399 kl=0.02227302 consistency=0 lambda=0 beta=0.616 grad=164.4896 horizon=140 lifetime=[458,1932] skipped=False
2026-08-30 18:22:46,692 | INFO | step=3090/20000 loss=0.6556753 nll=0.6480539 kl=0.01233234 consistency=0 lambda=0 beta=0.618 grad=81.70926 horizon=100 lifetime=[467,1081] skipped=False
2026-08-30 18:22:47,135 | INFO | step=3100/20000 loss=-0.1754145 nll=-0.1822793 kl=0.01107219 consistency=0 lambda=0 beta=0.62 grad=112.3083 horizon=300 lifetime=[470,1143] skipped=False
2026-08-30 18:22:47,539 | INFO | step=3110/20000 loss=1.205787 nll=1.194797 kl=0.01766948 consistency=0 lambda=0 beta=0.622 grad=169.6718 horizon=180 lifetime=[649,1834] skipped=False
2026-08-30 18:22:47,976 | INFO | step=3120/20000 loss=-0.4094295 nll=-0.4157246 kl=0.01008821 consistency=0 lambda=0 beta=0.624 grad=66.69793 horizon=240 lifetime=[476,1156] skipped=False
2026-08-30 18:22:48,361 | INFO | step=3130/20000 loss=-0.5398338 nll=-0.5455189 kl=0.009081614 consistency=0 lambda=0 beta=0.626 grad=52.3567 horizon=240 lifetime=[453,1156] skipped=False
2026-08-30 18:22:48,760 | INFO | step=3140/20000 loss=-0.4585735 nll=-0.4665012 kl=0.01262373 consistency=0 lambda=0 beta=0.628 grad=15.15907 horizon=220 lifetime=[428,1152] skipped=False
2026-08-30 18:22:49,190 | INFO | step=3150/20000 loss=0.372805 nll=0.35805 kl=0.02342049 consistency=0 lambda=0 beta=0.63 grad=29.84953 horizon=100 lifetime=[464,1834] skipped=False
2026-08-30 18:22:49,607 | INFO | step=3160/20000 loss=-0.1274956 nll=-0.1318174 kl=0.006838254 consistency=0 lambda=0 beta=0.632 grad=33.05233 horizon=240 lifetime=[461,1705] skipped=False
2026-08-30 18:22:50,003 | INFO | step=3170/20000 loss=0.06894729 nll=0.06531511 kl=0.005728992 consistency=0 lambda=0 beta=0.634 grad=163.2734 horizon=160 lifetime=[476,1152] skipped=False
2026-08-30 18:22:50,437 | INFO | step=3180/20000 loss=-0.2523167 nll=-0.2541948 kl=0.00295287 consistency=0 lambda=0 beta=0.636 grad=48.80103 horizon=200 lifetime=[493,1038] skipped=False
2026-08-30 18:22:50,849 | INFO | step=3190/20000 loss=0.8448194 nll=0.8404728 kl=0.00681281 consistency=0 lambda=0 beta=0.638 grad=163.865 horizon=160 lifetime=[458,1081] skipped=False
2026-08-30 18:22:51,217 | INFO | step=3200/20000 loss=-0.2701139 nll=-0.2738547 kl=0.005844999 consistency=0 lambda=0 beta=0.64 grad=35.17493 horizon=140 lifetime=[442,1152] skipped=False
2026-08-30 18:22:51,624 | INFO | step=3210/20000 loss=-0.3485697 nll=-0.351992 kl=0.005330749 consistency=0 lambda=0 beta=0.642 grad=42.94417 horizon=200 lifetime=[476,1799] skipped=False
2026-08-30 18:22:52,053 | INFO | step=3220/20000 loss=0.2970878 nll=0.2928437 kl=0.006590251 consistency=0 lambda=0 beta=0.644 grad=50.87584 horizon=300 lifetime=[470,2154] skipped=False
2026-08-30 18:22:52,453 | INFO | step=3230/20000 loss=0.1086826 nll=0.1047581 kl=0.006075075 consistency=0 lambda=0 beta=0.646 grad=78.05671 horizon=120 lifetime=[460,1143] skipped=False
2026-08-30 18:22:52,850 | INFO | step=3240/20000 loss=-0.2463281 nll=-0.250356 kl=0.006215878 consistency=0 lambda=0 beta=0.648 grad=123.745 horizon=240 lifetime=[443,1152] skipped=False
2026-08-30 18:22:53,234 | INFO | step=3250/20000 loss=-0.3411206 nll=-0.3444104 kl=0.005061232 consistency=0 lambda=0 beta=0.65 grad=77.76772 horizon=220 lifetime=[476,877] skipped=False
2026-08-30 18:22:53,612 | INFO | step=3260/20000 loss=-0.2526533 nll=-0.2556376 kl=0.004577227 consistency=0 lambda=0 beta=0.652 grad=42.60013 horizon=220 lifetime=[464,891] skipped=False
2026-08-30 18:22:54,004 | INFO | step=3270/20000 loss=-0.9426305 nll=-0.9494485 kl=0.01042502 consistency=0 lambda=0 beta=0.654 grad=22.89286 horizon=280 lifetime=[456,1152] skipped=False
2026-08-30 18:22:54,432 | INFO | step=3280/20000 loss=-0.2236412 nll=-0.2343979 kl=0.01639744 consistency=0 lambda=0 beta=0.656 grad=100.972 horizon=220 lifetime=[460,1152] skipped=False
2026-08-30 18:22:54,804 | INFO | step=3290/20000 loss=-0.1866319 nll=-0.1954025 kl=0.01332921 consistency=0 lambda=0 beta=0.658 grad=70.42815 horizon=220 lifetime=[560,858] skipped=False
2026-08-30 18:22:55,220 | INFO | step=3300/20000 loss=0.2122039 nll=0.2069458 kl=0.007966932 consistency=0 lambda=0 beta=0.66 grad=28.893 horizon=240 lifetime=[615,1313] skipped=False
2026-08-30 18:22:55,688 | INFO | step=3310/20000 loss=-0.693826 nll=-0.701678 kl=0.01186119 consistency=0 lambda=0 beta=0.662 grad=51.08047 horizon=280 lifetime=[461,811] skipped=False
2026-08-30 18:22:56,101 | INFO | step=3320/20000 loss=-0.3846422 nll=-0.3860902 kl=0.002180773 consistency=0 lambda=0 beta=0.664 grad=19.53143 horizon=280 lifetime=[455,1025] skipped=False
2026-08-30 18:22:56,518 | INFO | step=3330/20000 loss=-0.4018776 nll=-0.4077473 kl=0.008813441 consistency=0 lambda=0 beta=0.666 grad=24.59524 horizon=280 lifetime=[456,2154] skipped=False
2026-08-30 18:22:56,921 | INFO | step=3340/20000 loss=-0.4825988 nll=-0.4856187 kl=0.004520905 consistency=0 lambda=0 beta=0.668 grad=42.3275 horizon=280 lifetime=[508,921] skipped=False
2026-08-30 18:22:57,274 | INFO | step=3350/20000 loss=-0.9102042 nll=-0.9237046 kl=0.02014984 consistency=0 lambda=0 beta=0.67 grad=14.60306 horizon=260 lifetime=[428,913] skipped=False
2026-08-30 18:22:57,657 | INFO | step=3360/20000 loss=-0.02240158 nll=-0.02754051 kl=0.007647216 consistency=0 lambda=0 beta=0.672 grad=37.73743 horizon=140 lifetime=[491,1313] skipped=False
2026-08-30 18:22:58,039 | INFO | step=3370/20000 loss=-0.5127835 nll=-0.521983 kl=0.01364908 consistency=0 lambda=0 beta=0.674 grad=46.35762 horizon=180 lifetime=[299,1071] skipped=False
2026-08-30 18:22:58,433 | INFO | step=3380/20000 loss=0.4023089 nll=0.3964051 kl=0.008733444 consistency=0 lambda=0 beta=0.676 grad=15.09973 horizon=120 lifetime=[460,1799] skipped=False
2026-08-30 18:22:58,817 | INFO | step=3390/20000 loss=0.0627692 nll=0.05588619 kl=0.01015192 consistency=0 lambda=0 beta=0.678 grad=36.16113 horizon=220 lifetime=[493,1000] skipped=False
2026-08-30 18:22:59,191 | INFO | step=3400/20000 loss=0.5971231 nll=0.5943909 kl=0.004018058 consistency=0 lambda=0 beta=0.68 grad=131.4761 horizon=180 lifetime=[453,1932] skipped=False
2026-08-30 18:22:59,606 | INFO | step=3410/20000 loss=0.3215109 nll=0.3129789 kl=0.01251023 consistency=0 lambda=0 beta=0.682 grad=159.1736 horizon=280 lifetime=[456,1143] skipped=False
2026-08-30 18:22:59,975 | INFO | step=3420/20000 loss=-0.0316544 nll=-0.03399713 kl=0.00342505 consistency=0 lambda=0 beta=0.684 grad=145.0424 horizon=260 lifetime=[455,1313] skipped=False
2026-08-30 18:23:00,351 | INFO | step=3430/20000 loss=-0.1053381 nll=-0.110533 kl=0.007572775 consistency=0 lambda=0 beta=0.686 grad=70.12919 horizon=140 lifetime=[299,1000] skipped=False
2026-08-30 18:23:00,771 | INFO | step=3440/20000 loss=0.750128 nll=0.7467305 kl=0.004938195 consistency=0 lambda=0 beta=0.688 grad=43.85244 horizon=280 lifetime=[729,2154] skipped=False
2026-08-30 18:23:01,185 | INFO | step=3450/20000 loss=-0.3007755 nll=-0.3057023 kl=0.007140338 consistency=0 lambda=0 beta=0.69 grad=61.11148 horizon=260 lifetime=[464,938] skipped=False
2026-08-30 18:23:01,564 | INFO | step=3460/20000 loss=1.657969 nll=1.636941 kl=0.03038644 consistency=0 lambda=0 beta=0.692 grad=229.728 horizon=120 lifetime=[460,1932] skipped=False
2026-08-30 18:23:01,961 | INFO | step=3470/20000 loss=0.1634609 nll=0.1549022 kl=0.01233241 consistency=0 lambda=0 beta=0.694 grad=25.1722 horizon=140 lifetime=[505,1834] skipped=False
2026-08-30 18:23:02,377 | INFO | step=3480/20000 loss=0.3053836 nll=0.3019482 kl=0.004935917 consistency=0 lambda=0 beta=0.696 grad=33.90186 horizon=180 lifetime=[675,1705] skipped=False
2026-08-30 18:23:02,815 | INFO | step=3490/20000 loss=-0.3811461 nll=-0.3919386 kl=0.01546212 consistency=0 lambda=0 beta=0.698 grad=71.16315 horizon=280 lifetime=[460,1081] skipped=False
2026-08-30 18:23:03,510 | INFO | validation step=3500 rmse=192.9858 best=192.9858@3500 stale=0/10
2026-08-30 18:23:03,510 | INFO | step=3500/20000 loss=-0.2658361 nll=-0.2724169 kl=0.009401182 consistency=0 lambda=0 beta=0.7 grad=100.3736 horizon=220 lifetime=[453,1282] skipped=False
2026-08-30 18:23:03,959 | INFO | step=3510/20000 loss=0.2505427 nll=0.2482056 kl=0.00332924 consistency=0 lambda=0 beta=0.702 grad=94.87907 horizon=140 lifetime=[476,2154] skipped=False
2026-08-30 18:23:04,318 | INFO | step=3520/20000 loss=-0.1269957 nll=-0.1306599 kl=0.005204834 consistency=0 lambda=0 beta=0.704 grad=29.33234 horizon=140 lifetime=[493,1282] skipped=False
2026-08-30 18:23:04,737 | INFO | step=3530/20000 loss=0.0184548 nll=0.013742 kl=0.006675355 consistency=0 lambda=0 beta=0.706 grad=15.82485 horizon=140 lifetime=[456,1932] skipped=False
2026-08-30 18:23:05,100 | INFO | step=3540/20000 loss=-0.7552618 nll=-0.7594613 kl=0.005931485 consistency=0 lambda=0 beta=0.708 grad=29.75607 horizon=200 lifetime=[460,942] skipped=False
2026-08-30 18:23:05,494 | INFO | step=3550/20000 loss=1.871402 nll=1.865985 kl=0.00762935 consistency=0 lambda=0 beta=0.71 grad=238.7052 horizon=200 lifetime=[456,1025] skipped=False
2026-08-30 18:23:06,056 | INFO | step=3560/20000 loss=-0.1803334 nll=-0.1831084 kl=0.003897442 consistency=0 lambda=0 beta=0.712 grad=38.3925 horizon=280 lifetime=[428,1705] skipped=False
2026-08-30 18:23:06,433 | INFO | step=3570/20000 loss=0.1807974 nll=0.1717273 kl=0.01270311 consistency=0 lambda=0 beta=0.714 grad=31.57893 horizon=100 lifetime=[480,1052] skipped=False
2026-08-30 18:23:06,860 | INFO | step=3580/20000 loss=1.732992 nll=1.72889 kl=0.005729321 consistency=0 lambda=0 beta=0.716 grad=236.5604 horizon=140 lifetime=[491,1705] skipped=False
2026-08-30 18:23:07,295 | INFO | step=3590/20000 loss=0.752453 nll=0.7393222 kl=0.018288 consistency=0 lambda=0 beta=0.718 grad=47.89471 horizon=180 lifetime=[754,2154] skipped=False
2026-08-30 18:23:07,659 | INFO | step=3600/20000 loss=0.09661564 nll=0.08991504 kl=0.009306382 consistency=0 lambda=0 beta=0.72 grad=81.1927 horizon=200 lifetime=[456,2154] skipped=False
2026-08-30 18:23:08,063 | INFO | step=3610/20000 loss=-0.3222002 nll=-0.3256963 kl=0.004842272 consistency=0 lambda=0 beta=0.722 grad=48.20491 horizon=300 lifetime=[464,1313] skipped=False
2026-08-30 18:23:08,481 | INFO | step=3620/20000 loss=-0.3358792 nll=-0.3411026 kl=0.007214621 consistency=0 lambda=0 beta=0.724 grad=33.55605 horizon=260 lifetime=[701,1061] skipped=False
2026-08-30 18:23:08,901 | INFO | step=3630/20000 loss=-0.171866 nll=-0.1759761 kl=0.005661277 consistency=0 lambda=0 beta=0.726 grad=71.17185 horizon=300 lifetime=[460,1038] skipped=False
2026-08-30 18:23:09,277 | INFO | step=3640/20000 loss=0.08971709 nll=0.07134588 kl=0.02523517 consistency=0 lambda=0 beta=0.728 grad=39.81837 horizon=120 lifetime=[486,1282] skipped=False
2026-08-30 18:23:09,661 | INFO | step=3650/20000 loss=-0.5043815 nll=-0.5089108 kl=0.006204451 consistency=0 lambda=0 beta=0.73 grad=15.04015 horizon=180 lifetime=[500,1799] skipped=False
2026-08-30 18:23:10,070 | INFO | step=3660/20000 loss=-0.8400455 nll=-0.8442615 kl=0.00575963 consistency=0 lambda=0 beta=0.732 grad=72.36383 horizon=300 lifetime=[455,1152] skipped=False
2026-08-30 18:23:10,502 | INFO | step=3670/20000 loss=-0.1611302 nll=-0.1645624 kl=0.004676068 consistency=0 lambda=0 beta=0.734 grad=30.89668 horizon=260 lifetime=[443,1081] skipped=False
2026-08-30 18:23:10,949 | INFO | step=3680/20000 loss=0.1780308 nll=0.1748228 kl=0.004358631 consistency=0 lambda=0 beta=0.736 grad=83.01768 horizon=280 lifetime=[458,1156] skipped=False
2026-08-30 18:23:11,389 | INFO | step=3690/20000 loss=3.522938 nll=3.518963 kl=0.005385704 consistency=0 lambda=0 beta=0.738 grad=345.6927 horizon=140 lifetime=[147,1705] skipped=False
2026-08-30 18:23:11,804 | INFO | step=3700/20000 loss=-0.2809835 nll=-0.2893465 kl=0.01130138 consistency=0 lambda=0 beta=0.74 grad=54.02844 horizon=180 lifetime=[458,1071] skipped=False
2026-08-30 18:23:12,181 | INFO | step=3710/20000 loss=0.01340965 nll=0.009955734 kl=0.004654869 consistency=0 lambda=0 beta=0.742 grad=15.57362 horizon=200 lifetime=[539,1154] skipped=False
2026-08-30 18:23:12,573 | INFO | step=3720/20000 loss=0.06503372 nll=0.05369781 kl=0.01523643 consistency=0 lambda=0 beta=0.744 grad=69.92081 horizon=120 lifetime=[480,1799] skipped=False
2026-08-30 18:23:12,979 | INFO | step=3730/20000 loss=-0.2756002 nll=-0.2791258 kl=0.004726082 consistency=0 lambda=0 beta=0.746 grad=66.93655 horizon=200 lifetime=[497,875] skipped=False
2026-08-30 18:23:13,458 | INFO | step=3740/20000 loss=-0.7914966 nll=-0.7945346 kl=0.004061483 consistency=0 lambda=0 beta=0.748 grad=47.43119 horizon=180 lifetime=[455,1143] skipped=False
2026-08-30 18:23:13,869 | INFO | step=3750/20000 loss=0.7698395 nll=0.7563411 kl=0.0179979 consistency=0 lambda=0 beta=0.75 grad=28.865 horizon=140 lifetime=[147,1113] skipped=False
2026-08-30 18:23:14,289 | INFO | step=3760/20000 loss=0.5200115 nll=0.5151449 kl=0.006471492 consistency=0 lambda=0 beta=0.752 grad=88.89713 horizon=160 lifetime=[493,1932] skipped=False
2026-08-30 18:23:14,683 | INFO | step=3770/20000 loss=-1.024133 nll=-1.029134 kl=0.006633293 consistency=0 lambda=0 beta=0.754 grad=21.5043 horizon=240 lifetime=[428,909] skipped=False
2026-08-30 18:23:15,076 | INFO | step=3780/20000 loss=-0.3896662 nll=-0.3944929 kl=0.006384548 consistency=0 lambda=0 beta=0.756 grad=65.51056 horizon=220 lifetime=[443,1313] skipped=False
2026-08-30 18:23:15,464 | INFO | step=3790/20000 loss=0.2025419 nll=0.1959911 kl=0.008642256 consistency=0 lambda=0 beta=0.758 grad=133.1572 horizon=200 lifetime=[480,1154] skipped=False
2026-08-30 18:23:15,849 | INFO | step=3800/20000 loss=-0.4239349 nll=-0.429124 kl=0.006827767 consistency=0 lambda=0 beta=0.76 grad=34.53053 horizon=220 lifetime=[470,1313] skipped=False
2026-08-30 18:23:16,210 | INFO | step=3810/20000 loss=-0.4280859 nll=-0.4319957 kl=0.005130946 consistency=0 lambda=0 beta=0.762 grad=68.89438 horizon=160 lifetime=[461,1152] skipped=False
2026-08-30 18:23:16,608 | INFO | step=3820/20000 loss=-0.03044589 nll=-0.0358261 kl=0.007042157 consistency=0 lambda=0 beta=0.764 grad=26.34591 horizon=120 lifetime=[486,887] skipped=False
2026-08-30 18:23:16,982 | INFO | step=3830/20000 loss=-0.865431 nll=-0.8686032 kl=0.004141317 consistency=0 lambda=0 beta=0.766 grad=38.08503 horizon=220 lifetime=[443,1036] skipped=False
2026-08-30 18:23:17,401 | INFO | step=3840/20000 loss=0.5143367 nll=0.5083387 kl=0.007809886 consistency=0 lambda=0 beta=0.768 grad=36.65854 horizon=140 lifetime=[518,1154] skipped=False
2026-08-30 18:23:17,797 | INFO | step=3850/20000 loss=0.4593951 nll=0.4567648 kl=0.003415974 consistency=0 lambda=0 beta=0.77 grad=85.98168 horizon=120 lifetime=[464,1036] skipped=False
2026-08-30 18:23:18,170 | INFO | step=3860/20000 loss=-0.8228254 nll=-0.8256314 kl=0.003634724 consistency=0 lambda=0 beta=0.772 grad=81.77853 horizon=260 lifetime=[464,1143] skipped=False
2026-08-30 18:23:18,547 | INFO | step=3870/20000 loss=0.6627602 nll=0.6545844 kl=0.01056302 consistency=0 lambda=0 beta=0.774 grad=86.94917 horizon=140 lifetime=[460,1932] skipped=False
2026-08-30 18:23:18,940 | INFO | step=3880/20000 loss=1.082059 nll=1.080559 kl=0.001933478 consistency=0 lambda=0 beta=0.776 grad=72.66257 horizon=160 lifetime=[455,1932] skipped=False
2026-08-30 18:23:19,315 | INFO | step=3890/20000 loss=-0.2223425 nll=-0.2457805 kl=0.03012595 consistency=0 lambda=0 beta=0.778 grad=23.71773 horizon=100 lifetime=[299,991] skipped=False
2026-08-30 18:23:19,753 | INFO | step=3900/20000 loss=0.3010327 nll=0.2976213 kl=0.004373595 consistency=0 lambda=0 beta=0.78 grad=45.84479 horizon=180 lifetime=[497,1834] skipped=False
2026-08-30 18:23:20,155 | INFO | step=3910/20000 loss=-0.7750225 nll=-0.7767619 kl=0.002224299 consistency=0 lambda=0 beta=0.782 grad=56.80925 horizon=260 lifetime=[461,841] skipped=False
2026-08-30 18:23:20,554 | INFO | step=3920/20000 loss=-0.214634 nll=-0.2223191 kl=0.009802405 consistency=0 lambda=0 beta=0.784 grad=74.11115 horizon=100 lifetime=[428,1143] skipped=False
2026-08-30 18:23:20,976 | INFO | step=3930/20000 loss=-0.1677806 nll=-0.1809771 kl=0.01678947 consistency=0 lambda=0 beta=0.786 grad=43.71521 horizon=160 lifetime=[460,1154] skipped=False
2026-08-30 18:23:21,399 | INFO | step=3940/20000 loss=-0.2328121 nll=-0.2362727 kl=0.004391698 consistency=0 lambda=0 beta=0.788 grad=54.34249 horizon=200 lifetime=[470,1038] skipped=False
2026-08-30 18:23:21,814 | INFO | step=3950/20000 loss=-0.03820618 nll=-0.04420374 kl=0.007591849 consistency=0 lambda=0 beta=0.79 grad=45.8237 horizon=220 lifetime=[460,1081] skipped=False
2026-08-30 18:23:22,202 | INFO | step=3960/20000 loss=1.25142 nll=1.248096 kl=0.004197821 consistency=0 lambda=0 beta=0.792 grad=357.8857 horizon=260 lifetime=[428,1932] skipped=False
2026-08-30 18:23:22,611 | INFO | step=3970/20000 loss=-0.2746969 nll=-0.2848615 kl=0.01280175 consistency=0 lambda=0 beta=0.794 grad=38.70192 horizon=260 lifetime=[428,1799] skipped=False
2026-08-30 18:23:23,024 | INFO | step=3980/20000 loss=0.07204598 nll=0.06388984 kl=0.01024641 consistency=0 lambda=0 beta=0.796 grad=70.45347 horizon=240 lifetime=[497,1000] skipped=False
2026-08-30 18:23:23,407 | INFO | step=3990/20000 loss=0.2911064 nll=0.2866614 kl=0.005570187 consistency=0 lambda=0 beta=0.798 grad=44.07902 horizon=160 lifetime=[665,991] skipped=False
2026-08-30 18:23:24,122 | INFO | validation step=4000 rmse=187.8623 best=187.8623@4000 stale=0/10
2026-08-30 18:23:24,122 | INFO | step=4000/20000 loss=-0.1978154 nll=-0.2003696 kl=0.003192763 consistency=0 lambda=0 beta=0.8 grad=34.73566 horizon=200 lifetime=[467,2154] skipped=False
2026-08-30 18:23:24,556 | INFO | step=4010/20000 loss=-0.5102443 nll=-0.5218053 kl=0.01441526 consistency=0 lambda=0 beta=0.802 grad=70.13733 horizon=260 lifetime=[455,856] skipped=False
2026-08-30 18:23:24,960 | INFO | step=4020/20000 loss=0.7998106 nll=0.7931794 kl=0.008247821 consistency=0 lambda=0 beta=0.804 grad=95.90195 horizon=100 lifetime=[299,1282] skipped=False
2026-08-30 18:23:25,352 | INFO | step=4030/20000 loss=-0.2052233 nll=-0.2115293 kl=0.007823925 consistency=0 lambda=0 beta=0.806 grad=82.96998 horizon=160 lifetime=[533,887] skipped=False
2026-08-30 18:23:25,727 | INFO | step=4040/20000 loss=0.1727519 nll=0.1673003 kl=0.00674699 consistency=0 lambda=0 beta=0.808 grad=42.28925 horizon=140 lifetime=[455,1834] skipped=False
2026-08-30 18:23:26,130 | INFO | step=4050/20000 loss=-1.116074 nll=-1.119163 kl=0.003813404 consistency=0 lambda=0 beta=0.81 grad=11.36983 horizon=240 lifetime=[428,921] skipped=False
2026-08-30 18:23:26,534 | INFO | step=4060/20000 loss=-0.07297917 nll=-0.07470596 kl=0.002126577 consistency=0 lambda=0 beta=0.812 grad=129.0373 horizon=200 lifetime=[470,1038] skipped=False
2026-08-30 18:23:26,961 | INFO | step=4070/20000 loss=-0.8743804 nll=-0.8781174 kl=0.004590999 consistency=0 lambda=0 beta=0.814 grad=52.3171 horizon=280 lifetime=[465,1282] skipped=False
2026-08-30 18:23:27,345 | INFO | step=4080/20000 loss=0.1526483 nll=0.1468164 kl=0.007146826 consistency=0 lambda=0 beta=0.816 grad=95.27071 horizon=180 lifetime=[656,2154] skipped=False
2026-08-30 18:23:27,744 | INFO | step=4090/20000 loss=0.9230658 nll=0.9180063 kl=0.006185252 consistency=0 lambda=0 beta=0.818 grad=166.8865 horizon=100 lifetime=[671,1799] skipped=False
2026-08-30 18:23:28,171 | INFO | step=4100/20000 loss=0.5014285 nll=0.4971135 kl=0.005262267 consistency=0 lambda=0 beta=0.82 grad=79.9662 horizon=100 lifetime=[498,1152] skipped=False
2026-08-30 18:23:28,565 | INFO | step=4110/20000 loss=-0.2516649 nll=-0.2530896 kl=0.001733207 consistency=0 lambda=0 beta=0.822 grad=35.82364 horizon=180 lifetime=[458,1143] skipped=False
2026-08-30 18:23:28,947 | INFO | step=4120/20000 loss=0.1443788 nll=0.1415139 kl=0.003476766 consistency=0 lambda=0 beta=0.824 grad=66.95924 horizon=300 lifetime=[533,913] skipped=False
2026-08-30 18:23:29,365 | INFO | step=4130/20000 loss=-0.6101102 nll=-0.6171006 kl=0.008462898 consistency=0 lambda=0 beta=0.826 grad=176.9298 horizon=260 lifetime=[443,942] skipped=False
2026-08-30 18:23:29,772 | INFO | step=4140/20000 loss=-0.2190285 nll=-0.2306471 kl=0.01403209 consistency=0 lambda=0 beta=0.828 grad=68.72525 horizon=300 lifetime=[428,1081] skipped=False
2026-08-30 18:23:30,167 | INFO | step=4150/20000 loss=-0.684567 nll=-0.6881531 kl=0.004320623 consistency=0 lambda=0 beta=0.83 grad=177.8354 horizon=280 lifetime=[428,777] skipped=False
2026-08-30 18:23:30,567 | INFO | step=4160/20000 loss=-0.9178346 nll=-0.9282503 kl=0.01251891 consistency=0 lambda=0 beta=0.832 grad=34.50435 horizon=140 lifetime=[443,1156] skipped=False
2026-08-30 18:23:30,963 | INFO | step=4170/20000 loss=0.09807184 nll=0.0930807 kl=0.005984588 consistency=0 lambda=0 beta=0.834 grad=46.33367 horizon=140 lifetime=[484,1799] skipped=False
2026-08-30 18:23:31,349 | INFO | step=4180/20000 loss=-0.1544234 nll=-0.157025 kl=0.003111966 consistency=0 lambda=0 beta=0.836 grad=98.49392 horizon=160 lifetime=[460,887] skipped=False
2026-08-30 18:23:31,731 | INFO | step=4190/20000 loss=-0.2050232 nll=-0.2134287 kl=0.01003052 consistency=0 lambda=0 beta=0.838 grad=81.42512 horizon=180 lifetime=[493,1282] skipped=False
2026-08-30 18:23:32,144 | INFO | step=4200/20000 loss=-0.2669566 nll=-0.2752051 kl=0.009819594 consistency=0 lambda=0 beta=0.84 grad=82.48001 horizon=300 lifetime=[476,1932] skipped=False
2026-08-30 18:23:32,520 | INFO | step=4210/20000 loss=-0.7876527 nll=-0.7887516 kl=0.00130517 consistency=0 lambda=0 beta=0.842 grad=46.1551 horizon=280 lifetime=[428,1154] skipped=False
2026-08-30 18:23:32,932 | INFO | step=4220/20000 loss=-0.1700884 nll=-0.1752966 kl=0.006170781 consistency=0 lambda=0 beta=0.844 grad=28.11292 horizon=220 lifetime=[442,1156] skipped=False
2026-08-30 18:23:33,346 | INFO | step=4230/20000 loss=-0.9031065 nll=-0.9053212 kl=0.002617918 consistency=0 lambda=0 beta=0.846 grad=61.50898 horizon=300 lifetime=[428,921] skipped=False
2026-08-30 18:23:33,789 | INFO | step=4240/20000 loss=-0.5129011 nll=-0.515233 kl=0.002749876 consistency=0 lambda=0 beta=0.848 grad=16.72139 horizon=220 lifetime=[455,1282] skipped=False
2026-08-30 18:23:34,180 | INFO | step=4250/20000 loss=-0.1292449 nll=-0.1393074 kl=0.01183825 consistency=0 lambda=0 beta=0.85 grad=81.63026 horizon=120 lifetime=[428,1313] skipped=False
2026-08-30 18:23:34,609 | INFO | step=4260/20000 loss=-0.01744246 nll=-0.02493125 kl=0.008789664 consistency=0 lambda=0 beta=0.852 grad=80.26442 horizon=300 lifetime=[460,1932] skipped=False
2026-08-30 18:23:35,000 | INFO | step=4270/20000 loss=-0.2803434 nll=-0.2881079 kl=0.009091835 consistency=0 lambda=0 beta=0.854 grad=13.91234 horizon=140 lifetime=[456,1152] skipped=False
2026-08-30 18:23:35,382 | INFO | step=4280/20000 loss=0.04718659 nll=0.04087643 kl=0.007371685 consistency=0 lambda=0 beta=0.856 grad=118.2784 horizon=280 lifetime=[465,1282] skipped=False
2026-08-30 18:23:35,826 | INFO | step=4290/20000 loss=0.1250692 nll=0.121794 kl=0.003817302 consistency=0 lambda=0 beta=0.858 grad=114.6454 horizon=220 lifetime=[460,2154] skipped=False
2026-08-30 18:23:36,238 | INFO | step=4300/20000 loss=0.05279123 nll=0.04663071 kl=0.007163392 consistency=0 lambda=0 beta=0.86 grad=135.3937 horizon=240 lifetime=[428,1932] skipped=False
2026-08-30 18:23:36,648 | INFO | step=4310/20000 loss=-0.2908476 nll=-0.2987621 kl=0.009181639 consistency=0 lambda=0 beta=0.862 grad=51.02166 horizon=180 lifetime=[428,1799] skipped=False
2026-08-30 18:23:37,050 | INFO | step=4320/20000 loss=-0.6274872 nll=-0.6322999 kl=0.005570225 consistency=0 lambda=0 beta=0.864 grad=49.15371 horizon=220 lifetime=[443,872] skipped=False
2026-08-30 18:23:37,460 | INFO | step=4330/20000 loss=-0.1921531 nll=-0.1993045 kl=0.008257923 consistency=0 lambda=0 beta=0.866 grad=155.4524 horizon=240 lifetime=[455,2154] skipped=False
2026-08-30 18:23:37,913 | INFO | step=4340/20000 loss=-0.2751175 nll=-0.2781019 kl=0.003438333 consistency=0 lambda=0 beta=0.868 grad=28.15158 horizon=260 lifetime=[443,1932] skipped=False
2026-08-30 18:23:38,343 | INFO | step=4350/20000 loss=-0.5129477 nll=-0.5152726 kl=0.002672207 consistency=0 lambda=0 beta=0.87 grad=39.48019 horizon=260 lifetime=[505,1932] skipped=False
2026-08-30 18:23:38,752 | INFO | step=4360/20000 loss=-0.07010775 nll=-0.0776796 kl=0.008683316 consistency=0 lambda=0 beta=0.872 grad=22.95071 horizon=100 lifetime=[299,906] skipped=False
2026-08-30 18:23:39,209 | INFO | step=4370/20000 loss=-0.6076223 nll=-0.6124138 kl=0.005482249 consistency=0 lambda=0 beta=0.874 grad=39.99554 horizon=180 lifetime=[470,1156] skipped=False
2026-08-30 18:23:39,654 | INFO | step=4380/20000 loss=-0.529353 nll=-0.5323836 kl=0.003459603 consistency=0 lambda=0 beta=0.876 grad=34.80269 horizon=280 lifetime=[455,1156] skipped=False
2026-08-30 18:23:40,094 | INFO | step=4390/20000 loss=-0.1194054 nll=-0.1360684 kl=0.01897841 consistency=0 lambda=0 beta=0.878 grad=36.44166 horizon=100 lifetime=[428,1799] skipped=False
2026-08-30 18:23:40,478 | INFO | step=4400/20000 loss=1.797211 nll=1.792942 kl=0.004851412 consistency=0 lambda=0 beta=0.88 grad=144.5385 horizon=140 lifetime=[147,1705] skipped=False
2026-08-30 18:23:40,886 | INFO | step=4410/20000 loss=-0.3686912 nll=-0.3714395 kl=0.003115998 consistency=0 lambda=0 beta=0.882 grad=22.07971 horizon=180 lifetime=[442,1152] skipped=False
2026-08-30 18:23:41,283 | INFO | step=4420/20000 loss=-0.7588576 nll=-0.7614127 kl=0.002890404 consistency=0 lambda=0 beta=0.884 grad=23.39813 horizon=260 lifetime=[299,1152] skipped=False
2026-08-30 18:23:41,721 | INFO | step=4430/20000 loss=1.696184 nll=1.692153 kl=0.004548676 consistency=0 lambda=0 beta=0.886 grad=236.4786 horizon=100 lifetime=[815,1834] skipped=False
2026-08-30 18:23:42,089 | INFO | step=4440/20000 loss=-0.7398618 nll=-0.7450291 kl=0.005818947 consistency=0 lambda=0 beta=0.888 grad=30.39743 horizon=140 lifetime=[464,1071] skipped=False
2026-08-30 18:23:42,460 | INFO | step=4450/20000 loss=-0.01292607 nll=-0.02102351 kl=0.009098245 consistency=0 lambda=0 beta=0.89 grad=73.70976 horizon=220 lifetime=[299,1932] skipped=False
2026-08-30 18:23:42,873 | INFO | step=4460/20000 loss=-0.674091 nll=-0.6804119 kl=0.007086235 consistency=0 lambda=0 beta=0.892 grad=34.80358 horizon=300 lifetime=[533,1038] skipped=False
2026-08-30 18:23:43,265 | INFO | step=4470/20000 loss=-0.6405665 nll=-0.6447115 kl=0.004636506 consistency=0 lambda=0 beta=0.894 grad=37.96697 horizon=300 lifetime=[498,1143] skipped=False
2026-08-30 18:23:43,651 | INFO | step=4480/20000 loss=0.0334793 nll=0.02999678 kl=0.003886732 consistency=0 lambda=0 beta=0.896 grad=174.6801 horizon=200 lifetime=[464,1061] skipped=False
2026-08-30 18:23:44,093 | INFO | step=4490/20000 loss=0.1004997 nll=0.09375398 kl=0.007511944 consistency=0 lambda=0 beta=0.898 grad=86.41534 horizon=220 lifetime=[443,1081] skipped=False
2026-08-30 18:23:44,805 | INFO | validation step=4500 rmse=197.3513 best=187.8623@4000 stale=1/10
2026-08-30 18:23:44,805 | INFO | step=4500/20000 loss=-0.4908247 nll=-0.4954449 kl=0.005133507 consistency=0 lambda=0 beta=0.9 grad=18.96244 horizon=180 lifetime=[428,1154] skipped=False
2026-08-30 18:23:45,270 | INFO | step=4510/20000 loss=-0.2057089 nll=-0.2114215 kl=0.006333251 consistency=0 lambda=0 beta=0.902 grad=36.05161 horizon=120 lifetime=[476,921] skipped=False
2026-08-30 18:23:45,636 | INFO | step=4520/20000 loss=-0.1187523 nll=-0.1245906 kl=0.006458316 consistency=0 lambda=0 beta=0.904 grad=69.73866 horizon=140 lifetime=[486,1081] skipped=False
2026-08-30 18:23:46,066 | INFO | step=4530/20000 loss=-0.6688602 nll=-0.6708702 kl=0.002218522 consistency=0 lambda=0 beta=0.906 grad=105.6092 horizon=240 lifetime=[443,1113] skipped=False
2026-08-30 18:23:46,459 | INFO | step=4540/20000 loss=-0.6688272 nll=-0.6753293 kl=0.007160988 consistency=0 lambda=0 beta=0.908 grad=36.58865 horizon=240 lifetime=[461,915] skipped=False
2026-08-30 18:23:46,839 | INFO | step=4550/20000 loss=-0.5311361 nll=-0.5358156 kl=0.005142324 consistency=0 lambda=0 beta=0.91 grad=96.04989 horizon=180 lifetime=[461,1071] skipped=False
2026-08-30 18:23:47,230 | INFO | step=4560/20000 loss=-0.2366503 nll=-0.2399924 kl=0.003664557 consistency=0 lambda=0 beta=0.912 grad=65.80635 horizon=120 lifetime=[460,1025] skipped=False
2026-08-30 18:23:47,639 | INFO | step=4570/20000 loss=2.805175 nll=2.799289 kl=0.006439492 consistency=0 lambda=0 beta=0.914 grad=352.0075 horizon=140 lifetime=[470,852] skipped=False
2026-08-30 18:23:48,110 | INFO | step=4580/20000 loss=-0.5755203 nll=-0.5778825 kl=0.002578811 consistency=0 lambda=0 beta=0.916 grad=50.94424 horizon=240 lifetime=[428,1705] skipped=False
2026-08-30 18:23:48,490 | INFO | step=4590/20000 loss=0.2514441 nll=0.2452276 kl=0.006771814 consistency=0 lambda=0 beta=0.918 grad=74.29604 horizon=140 lifetime=[443,1000] skipped=False
2026-08-30 18:23:48,936 | INFO | step=4600/20000 loss=-0.3943979 nll=-0.3978327 kl=0.003733451 consistency=0 lambda=0 beta=0.92 grad=57.98376 horizon=220 lifetime=[458,1154] skipped=False
2026-08-30 18:23:49,316 | INFO | step=4610/20000 loss=-0.1517127 nll=-0.1561287 kl=0.004789531 consistency=0 lambda=0 beta=0.922 grad=51.2752 horizon=180 lifetime=[453,2154] skipped=False
2026-08-30 18:23:49,713 | INFO | step=4620/20000 loss=-0.4340119 nll=-0.4365476 kl=0.002744295 consistency=0 lambda=0 beta=0.924 grad=82.42441 horizon=300 lifetime=[455,1932] skipped=False
2026-08-30 18:23:50,142 | INFO | step=4630/20000 loss=0.1414824 nll=0.1393397 kl=0.002313973 consistency=0 lambda=0 beta=0.926 grad=216.1771 horizon=260 lifetime=[456,1705] skipped=False
2026-08-30 18:23:50,528 | INFO | step=4640/20000 loss=0.1877886 nll=0.1820845 kl=0.006146695 consistency=0 lambda=0 beta=0.928 grad=95.0648 horizon=240 lifetime=[428,1932] skipped=False
2026-08-30 18:23:50,892 | INFO | step=4650/20000 loss=0.06015206 nll=0.05577026 kl=0.004711606 consistency=0 lambda=0 beta=0.93 grad=123.3604 horizon=180 lifetime=[480,1799] skipped=False
2026-08-30 18:23:51,289 | INFO | step=4660/20000 loss=-0.4346005 nll=-0.4376397 kl=0.003260959 consistency=0 lambda=0 beta=0.932 grad=103.3733 horizon=260 lifetime=[428,1038] skipped=False
2026-08-30 18:23:51,657 | INFO | step=4670/20000 loss=-0.9867508 nll=-0.9889891 kl=0.002396461 consistency=0 lambda=0 beta=0.934 grad=13.57665 horizon=260 lifetime=[476,913] skipped=False
2026-08-30 18:23:52,071 | INFO | step=4680/20000 loss=-0.2978171 nll=-0.3003483 kl=0.002704185 consistency=0 lambda=0 beta=0.936 grad=25.22521 horizon=300 lifetime=[453,1705] skipped=False
2026-08-30 18:23:52,450 | INFO | step=4690/20000 loss=-0.4579113 nll=-0.4622346 kl=0.004609101 consistency=0 lambda=0 beta=0.938 grad=26.31587 horizon=120 lifetime=[299,1282] skipped=False
2026-08-30 18:23:52,831 | INFO | step=4700/20000 loss=-0.4213353 nll=-0.4241811 kl=0.003027454 consistency=0 lambda=0 beta=0.94 grad=183.3538 horizon=280 lifetime=[443,1113] skipped=False
2026-08-30 18:23:53,228 | INFO | step=4710/20000 loss=0.3503417 nll=0.3395519 kl=0.01145418 consistency=0 lambda=0 beta=0.942 grad=42.05045 horizon=100 lifetime=[476,1799] skipped=False
2026-08-30 18:23:53,625 | INFO | step=4720/20000 loss=-0.8657052 nll=-0.8736069 kl=0.008370468 consistency=0 lambda=0 beta=0.944 grad=39.56516 horizon=240 lifetime=[500,1152] skipped=False
2026-08-30 18:23:54,033 | INFO | step=4730/20000 loss=0.1830883 nll=0.1770446 kl=0.006388694 consistency=0 lambda=0 beta=0.946 grad=21.25139 horizon=120 lifetime=[147,1705] skipped=False
2026-08-30 18:23:54,442 | INFO | step=4740/20000 loss=-0.9320073 nll=-0.9426181 kl=0.01119291 consistency=0 lambda=0 beta=0.948 grad=23.91982 horizon=160 lifetime=[458,1038] skipped=False
2026-08-30 18:23:54,814 | INFO | step=4750/20000 loss=-0.1790051 nll=-0.1827149 kl=0.003904987 consistency=0 lambda=0 beta=0.95 grad=45.89621 horizon=240 lifetime=[497,1799] skipped=False
2026-08-30 18:23:55,189 | INFO | step=4760/20000 loss=0.06774185 nll=0.05430268 kl=0.01411677 consistency=0 lambda=0 beta=0.952 grad=103.3729 horizon=160 lifetime=[460,1932] skipped=False
2026-08-30 18:23:55,560 | INFO | step=4770/20000 loss=-0.1477441 nll=-0.150322 kl=0.002702178 consistency=0 lambda=0 beta=0.954 grad=71.29507 horizon=240 lifetime=[460,2154] skipped=False
2026-08-30 18:23:55,986 | INFO | step=4780/20000 loss=0.818822 nll=0.8130909 kl=0.005994828 consistency=0 lambda=0 beta=0.956 grad=265.3586 horizon=240 lifetime=[505,1313] skipped=False
2026-08-30 18:23:56,366 | INFO | step=4790/20000 loss=-0.4392524 nll=-0.448745 kl=0.009908833 consistency=0 lambda=0 beta=0.958 grad=40.09013 horizon=120 lifetime=[443,1156] skipped=False
2026-08-30 18:23:56,788 | INFO | step=4800/20000 loss=-0.331697 nll=-0.3358813 kl=0.004358549 consistency=0 lambda=0 beta=0.96 grad=108.8198 horizon=140 lifetime=[443,875] skipped=False
2026-08-30 18:23:57,192 | INFO | step=4810/20000 loss=-0.1928829 nll=-0.2038518 kl=0.01140212 consistency=0 lambda=0 beta=0.962 grad=29.91419 horizon=100 lifetime=[455,856] skipped=False
2026-08-30 18:23:57,630 | INFO | step=4820/20000 loss=-0.6761044 nll=-0.6796072 kl=0.00363357 consistency=0 lambda=0 beta=0.964 grad=23.22761 horizon=280 lifetime=[455,1932] skipped=False
2026-08-30 18:23:58,074 | INFO | step=4830/20000 loss=-0.2914529 nll=-0.297251 kl=0.006002277 consistency=0 lambda=0 beta=0.966 grad=19.61507 horizon=100 lifetime=[491,1052] skipped=False
2026-08-30 18:23:58,481 | INFO | step=4840/20000 loss=-0.9616229 nll=-0.9656762 kl=0.004187258 consistency=0 lambda=0 beta=0.968 grad=102.5894 horizon=280 lifetime=[461,875] skipped=False
2026-08-30 18:23:58,901 | INFO | step=4850/20000 loss=1.058831 nll=1.045018 kl=0.01423955 consistency=0 lambda=0 beta=0.97 grad=135.7388 horizon=160 lifetime=[456,1052] skipped=False
2026-08-30 18:23:59,249 | INFO | step=4860/20000 loss=0.5514225 nll=0.5482045 kl=0.003310621 consistency=0 lambda=0 beta=0.972 grad=41.93214 horizon=120 lifetime=[442,1282] skipped=False
2026-08-30 18:23:59,623 | INFO | step=4870/20000 loss=-0.3549896 nll=-0.3617288 kl=0.006919015 consistency=0 lambda=0 beta=0.974 grad=31.99326 horizon=120 lifetime=[461,868] skipped=False
2026-08-30 18:24:00,038 | INFO | step=4880/20000 loss=-0.1950376 nll=-0.1999911 kl=0.005075254 consistency=0 lambda=0 beta=0.976 grad=89.94043 horizon=240 lifetime=[500,1705] skipped=False
2026-08-30 18:24:00,417 | INFO | step=4890/20000 loss=-0.1370984 nll=-0.1423064 kl=0.005325111 consistency=0 lambda=0 beta=0.978 grad=44.44748 horizon=280 lifetime=[533,891] skipped=False
2026-08-30 18:24:00,873 | INFO | step=4900/20000 loss=0.1186142 nll=0.1139839 kl=0.004724856 consistency=0 lambda=0 beta=0.98 grad=47.15631 horizon=260 lifetime=[456,1932] skipped=False
2026-08-30 18:24:01,304 | INFO | step=4910/20000 loss=-0.5640317 nll=-0.5665849 kl=0.002600042 consistency=0 lambda=0 beta=0.982 grad=29.05184 horizon=200 lifetime=[460,1038] skipped=False
2026-08-30 18:24:01,700 | INFO | step=4920/20000 loss=-0.2092935 nll=-0.214455 kl=0.005245432 consistency=0 lambda=0 beta=0.984 grad=45.04071 horizon=180 lifetime=[458,1154] skipped=False
2026-08-30 18:24:02,092 | INFO | step=4930/20000 loss=-0.1230324 nll=-0.1286776 kl=0.005725394 consistency=0 lambda=0 beta=0.986 grad=69.29486 horizon=220 lifetime=[470,1052] skipped=False
2026-08-30 18:24:02,469 | INFO | step=4940/20000 loss=-0.3540394 nll=-0.3566288 kl=0.002620861 consistency=0 lambda=0 beta=0.988 grad=68.77228 horizon=160 lifetime=[456,1038] skipped=False
2026-08-30 18:24:02,839 | INFO | step=4950/20000 loss=-0.1534045 nll=-0.1612593 kl=0.007934123 consistency=0 lambda=0 beta=0.99 grad=40.38331 horizon=100 lifetime=[299,872] skipped=False
2026-08-30 18:24:03,249 | INFO | step=4960/20000 loss=-0.06425662 nll=-0.06853299 kl=0.004310861 consistency=0 lambda=0 beta=0.992 grad=65.23514 horizon=120 lifetime=[460,1143] skipped=False
2026-08-30 18:24:03,629 | INFO | step=4970/20000 loss=0.01958373 nll=0.005831659 kl=0.01383508 consistency=0 lambda=0 beta=0.994 grad=114.1766 horizon=200 lifetime=[460,1154] skipped=False
2026-08-30 18:24:04,011 | INFO | step=4980/20000 loss=-0.527387 nll=-0.5305361 kl=0.003161683 consistency=0 lambda=0 beta=0.996 grad=138.7403 horizon=280 lifetime=[428,1705] skipped=False
2026-08-30 18:24:04,390 | INFO | step=4990/20000 loss=0.09169031 nll=0.08588003 kl=0.005821925 consistency=0 lambda=0 beta=0.998 grad=67.28545 horizon=140 lifetime=[442,1071] skipped=False
2026-08-30 18:24:05,066 | INFO | validation step=5000 rmse=171.4042 best=171.4042@5000 stale=0/10
2026-08-30 18:24:05,066 | INFO | step=5000/20000 loss=1.013316 nll=1.009526 kl=0.003790723 consistency=0 lambda=0 beta=1 grad=182.4875 horizon=100 lifetime=[442,1834] skipped=False
2026-08-30 18:24:05,508 | INFO | step=5010/20000 loss=-0.02899439 nll=-0.0325539 kl=0.003559511 consistency=0 lambda=0 beta=1 grad=43.16944 horizon=120 lifetime=[460,1156] skipped=False
2026-08-30 18:24:05,902 | INFO | step=5020/20000 loss=-0.5955057 nll=-0.6042867 kl=0.008781031 consistency=0 lambda=0 beta=1 grad=71.57403 horizon=240 lifetime=[299,1154] skipped=False
2026-08-30 18:24:06,290 | INFO | step=5030/20000 loss=0.3123944 nll=0.3082421 kl=0.004152247 consistency=0 lambda=0 beta=1 grad=76.37459 horizon=120 lifetime=[687,1313] skipped=False
2026-08-30 18:24:06,682 | INFO | step=5040/20000 loss=-0.6533695 nll=-0.6617659 kl=0.008396357 consistency=0 lambda=0 beta=1 grad=56.82265 horizon=220 lifetime=[498,1152] skipped=False
2026-08-30 18:24:07,057 | INFO | step=5050/20000 loss=-0.826224 nll=-0.8296261 kl=0.003402032 consistency=0 lambda=0 beta=1 grad=135.172 horizon=280 lifetime=[428,1154] skipped=False
2026-08-30 18:24:07,479 | INFO | step=5060/20000 loss=-0.3251134 nll=-0.3296179 kl=0.00450442 consistency=0 lambda=0 beta=1 grad=94.94378 horizon=200 lifetime=[467,1036] skipped=False
2026-08-30 18:24:07,836 | INFO | step=5070/20000 loss=-0.100423 nll=-0.1031408 kl=0.002717805 consistency=0 lambda=0 beta=1 grad=113.0528 horizon=120 lifetime=[464,872] skipped=False
2026-08-30 18:24:08,198 | INFO | step=5080/20000 loss=-0.1028576 nll=-0.1073377 kl=0.004480112 consistency=0 lambda=0 beta=1 grad=18.54409 horizon=100 lifetime=[460,814] skipped=False
2026-08-30 18:24:08,604 | INFO | step=5090/20000 loss=0.2549967 nll=0.2498052 kl=0.005191602 consistency=0 lambda=0 beta=1 grad=140.1229 horizon=200 lifetime=[428,1152] skipped=False
2026-08-30 18:24:08,975 | INFO | step=5100/20000 loss=-0.5726067 nll=-0.5763434 kl=0.003736693 consistency=0 lambda=0 beta=1 grad=85.57954 horizon=280 lifetime=[498,1834] skipped=False
2026-08-30 18:24:09,379 | INFO | step=5110/20000 loss=-0.253681 nll=-0.2604701 kl=0.006789102 consistency=0 lambda=0 beta=1 grad=28.11412 horizon=160 lifetime=[460,1156] skipped=False
2026-08-30 18:24:09,743 | INFO | step=5120/20000 loss=-0.3884375 nll=-0.3917782 kl=0.003340704 consistency=0 lambda=0 beta=1 grad=24.79128 horizon=120 lifetime=[453,1025] skipped=False
2026-08-30 18:24:10,174 | INFO | step=5130/20000 loss=-0.539774 nll=-0.544123 kl=0.004348997 consistency=0 lambda=0 beta=1 grad=86.9645 horizon=200 lifetime=[455,887] skipped=False
2026-08-30 18:24:10,536 | INFO | step=5140/20000 loss=0.4153145 nll=0.4133877 kl=0.00192675 consistency=0 lambda=0 beta=1 grad=189.746 horizon=160 lifetime=[476,1705] skipped=False
2026-08-30 18:24:10,912 | INFO | step=5150/20000 loss=-0.2148549 nll=-0.2185218 kl=0.003666932 consistency=0 lambda=0 beta=1 grad=37.63558 horizon=140 lifetime=[458,1081] skipped=False
2026-08-30 18:24:11,318 | INFO | step=5160/20000 loss=1.173666 nll=1.171542 kl=0.002124885 consistency=0 lambda=0 beta=1 grad=346.5327 horizon=180 lifetime=[461,1052] skipped=False
2026-08-30 18:24:11,655 | INFO | step=5170/20000 loss=0.5059505 nll=0.5016016 kl=0.004348919 consistency=0 lambda=0 beta=1 grad=24.71352 horizon=140 lifetime=[729,1932] skipped=False
2026-08-30 18:24:12,015 | INFO | step=5180/20000 loss=-0.5351012 nll=-0.5373977 kl=0.002296429 consistency=0 lambda=0 beta=1 grad=106.5591 horizon=240 lifetime=[470,1834] skipped=False
2026-08-30 18:24:12,395 | INFO | step=5190/20000 loss=-1.042345 nll=-1.044207 kl=0.001862269 consistency=0 lambda=0 beta=1 grad=51.12506 horizon=220 lifetime=[467,1156] skipped=False
2026-08-30 18:24:12,720 | INFO | step=5200/20000 loss=-0.7723715 nll=-0.77608 kl=0.003708538 consistency=0 lambda=0 beta=1 grad=91.10689 horizon=160 lifetime=[443,1156] skipped=False
2026-08-30 18:24:13,082 | INFO | step=5210/20000 loss=-0.2709552 nll=-0.2748788 kl=0.003923528 consistency=0 lambda=0 beta=1 grad=71.19697 horizon=140 lifetime=[480,2154] skipped=False
2026-08-30 18:24:13,477 | INFO | step=5220/20000 loss=-0.2754186 nll=-0.2789904 kl=0.003571759 consistency=0 lambda=0 beta=1 grad=54.89359 horizon=300 lifetime=[443,991] skipped=False
2026-08-30 18:24:13,876 | INFO | step=5230/20000 loss=0.5984512 nll=0.5936749 kl=0.004776314 consistency=0 lambda=0 beta=1 grad=123.2706 horizon=100 lifetime=[453,1156] skipped=False
2026-08-30 18:24:14,208 | INFO | step=5240/20000 loss=-0.5331238 nll=-0.5371428 kl=0.004018985 consistency=0 lambda=0 beta=1 grad=66.24129 horizon=180 lifetime=[476,1143] skipped=False
2026-08-30 18:24:14,602 | INFO | step=5250/20000 loss=-0.1500088 nll=-0.154567 kl=0.00455818 consistency=0 lambda=0 beta=1 grad=52.39529 horizon=140 lifetime=[470,1313] skipped=False
2026-08-30 18:24:15,018 | INFO | step=5260/20000 loss=0.1121565 nll=0.1053392 kl=0.006817317 consistency=0 lambda=0 beta=1 grad=115.3753 horizon=180 lifetime=[486,1932] skipped=False
2026-08-30 18:24:15,389 | INFO | step=5270/20000 loss=0.6113551 nll=0.6087201 kl=0.002635028 consistency=0 lambda=0 beta=1 grad=154.1539 horizon=180 lifetime=[443,1932] skipped=False
2026-08-30 18:24:15,769 | INFO | step=5280/20000 loss=-0.4029506 nll=-0.4058177 kl=0.002867145 consistency=0 lambda=0 beta=1 grad=76.92864 horizon=200 lifetime=[460,1061] skipped=False
2026-08-30 18:24:16,211 | INFO | step=5290/20000 loss=-0.7088882 nll=-0.7113678 kl=0.00247959 consistency=0 lambda=0 beta=1 grad=33.10214 horizon=300 lifetime=[455,1834] skipped=False
2026-08-30 18:24:16,600 | INFO | step=5300/20000 loss=-0.6434776 nll=-0.645889 kl=0.002411399 consistency=0 lambda=0 beta=1 grad=30.41367 horizon=260 lifetime=[460,1705] skipped=False
2026-08-30 18:24:17,030 | INFO | step=5310/20000 loss=0.199501 nll=0.1975709 kl=0.00193007 consistency=0 lambda=0 beta=1 grad=252.3353 horizon=260 lifetime=[467,1932] skipped=False
2026-08-30 18:24:17,450 | INFO | step=5320/20000 loss=-0.6736306 nll=-0.6791665 kl=0.005535908 consistency=0 lambda=0 beta=1 grad=131.5464 horizon=300 lifetime=[467,1705] skipped=False
2026-08-30 18:24:17,863 | INFO | step=5330/20000 loss=-0.3991776 nll=-0.4009267 kl=0.001749057 consistency=0 lambda=0 beta=1 grad=46.89641 horizon=280 lifetime=[470,891] skipped=False
2026-08-30 18:24:18,261 | INFO | step=5340/20000 loss=-0.3913639 nll=-0.4027054 kl=0.01134149 consistency=0 lambda=0 beta=1 grad=64.03924 horizon=180 lifetime=[299,1799] skipped=False
2026-08-30 18:24:18,627 | INFO | step=5350/20000 loss=-1.02508 nll=-1.027677 kl=0.002597369 consistency=0 lambda=0 beta=1 grad=64.31301 horizon=260 lifetime=[443,811] skipped=False
2026-08-30 18:24:18,963 | INFO | step=5360/20000 loss=-0.6871297 nll=-0.6916537 kl=0.004524065 consistency=0 lambda=0 beta=1 grad=27.90661 horizon=200 lifetime=[458,1061] skipped=False
2026-08-30 18:24:19,353 | INFO | step=5370/20000 loss=0.3784178 nll=0.3734017 kl=0.005016051 consistency=0 lambda=0 beta=1 grad=178.556 horizon=280 lifetime=[498,913] skipped=False
2026-08-30 18:24:19,745 | INFO | step=5380/20000 loss=-0.651711 nll=-0.657698 kl=0.00598697 consistency=0 lambda=0 beta=1 grad=271.0244 horizon=280 lifetime=[428,872] skipped=False
2026-08-30 18:24:20,138 | INFO | step=5390/20000 loss=-0.5766094 nll=-0.5842083 kl=0.007598836 consistency=0 lambda=0 beta=1 grad=46.29302 horizon=300 lifetime=[539,921] skipped=False
2026-08-30 18:24:20,536 | INFO | step=5400/20000 loss=-0.2834104 nll=-0.2873988 kl=0.00398834 consistency=0 lambda=0 beta=1 grad=144.8558 horizon=200 lifetime=[461,863] skipped=False
2026-08-30 18:24:20,931 | INFO | step=5410/20000 loss=-0.6708359 nll=-0.679408 kl=0.008572057 consistency=0 lambda=0 beta=1 grad=64.54174 horizon=280 lifetime=[443,1313] skipped=False
2026-08-30 18:24:21,308 | INFO | step=5420/20000 loss=-0.4876384 nll=-0.4915367 kl=0.003898304 consistency=0 lambda=0 beta=1 grad=79.75362 horizon=300 lifetime=[491,1799] skipped=False
2026-08-30 18:24:21,710 | INFO | step=5430/20000 loss=-0.8021165 nll=-0.8042119 kl=0.002095319 consistency=0 lambda=0 beta=1 grad=86.83527 horizon=300 lifetime=[518,1282] skipped=False
2026-08-30 18:24:22,105 | INFO | step=5440/20000 loss=-0.1890236 nll=-0.1987731 kl=0.009749513 consistency=0 lambda=0 beta=1 grad=26.27708 horizon=180 lifetime=[494,1932] skipped=False
2026-08-30 18:24:22,493 | INFO | step=5450/20000 loss=-0.190953 nll=-0.1929851 kl=0.002032079 consistency=0 lambda=0 beta=1 grad=24.59088 horizon=100 lifetime=[476,1313] skipped=False
2026-08-30 18:24:22,865 | INFO | step=5460/20000 loss=-0.8985496 nll=-0.9086359 kl=0.01008627 consistency=0 lambda=0 beta=1 grad=150.0671 horizon=180 lifetime=[442,868] skipped=False
2026-08-30 18:24:23,226 | INFO | step=5470/20000 loss=-0.9550322 nll=-0.9580933 kl=0.003061134 consistency=0 lambda=0 beta=1 grad=55.91838 horizon=160 lifetime=[470,1932] skipped=False
2026-08-30 18:24:23,616 | INFO | step=5480/20000 loss=-0.2692938 nll=-0.2766727 kl=0.007378809 consistency=0 lambda=0 beta=1 grad=51.74155 horizon=280 lifetime=[491,1143] skipped=False
2026-08-30 18:24:23,987 | INFO | step=5490/20000 loss=0.5326658 nll=0.5278745 kl=0.004791316 consistency=0 lambda=0 beta=1 grad=70.63719 horizon=100 lifetime=[615,1091] skipped=False
2026-08-30 18:24:24,648 | INFO | validation step=5500 rmse=171.8835 best=171.4042@5000 stale=1/10
2026-08-30 18:24:24,649 | INFO | step=5500/20000 loss=0.01701717 nll=0.01177928 kl=0.005237892 consistency=0 lambda=0 beta=1 grad=27.6482 horizon=120 lifetime=[460,1313] skipped=False
2026-08-30 18:24:25,046 | INFO | step=5510/20000 loss=0.2505387 nll=0.2392095 kl=0.01132925 consistency=0 lambda=0 beta=1 grad=58.77941 horizon=100 lifetime=[461,1282] skipped=False
2026-08-30 18:24:25,429 | INFO | step=5520/20000 loss=-0.8663703 nll=-0.8687119 kl=0.002341688 consistency=0 lambda=0 beta=1 grad=40.34652 horizon=200 lifetime=[428,938] skipped=False
2026-08-30 18:24:25,806 | INFO | step=5530/20000 loss=-0.2445527 nll=-0.2493529 kl=0.004800268 consistency=0 lambda=0 beta=1 grad=15.51739 horizon=140 lifetime=[505,1061] skipped=False
2026-08-30 18:24:26,194 | INFO | step=5540/20000 loss=-0.7978212 nll=-0.8013335 kl=0.003512297 consistency=0 lambda=0 beta=1 grad=34.13051 horizon=280 lifetime=[442,1705] skipped=False
2026-08-30 18:24:26,573 | INFO | step=5550/20000 loss=-0.5022499 nll=-0.5063379 kl=0.004088071 consistency=0 lambda=0 beta=1 grad=130.1675 horizon=260 lifetime=[428,1025] skipped=False
2026-08-30 18:24:26,935 | INFO | step=5560/20000 loss=0.2174147 nll=0.2151639 kl=0.002250803 consistency=0 lambda=0 beta=1 grad=122.7653 horizon=260 lifetime=[456,1154] skipped=False
2026-08-30 18:24:27,292 | INFO | step=5570/20000 loss=-0.5133319 nll=-0.5187451 kl=0.005413171 consistency=0 lambda=0 beta=1 grad=45.79394 horizon=160 lifetime=[442,1038] skipped=False
2026-08-30 18:24:27,682 | INFO | step=5580/20000 loss=-0.8252133 nll=-0.827981 kl=0.002767734 consistency=0 lambda=0 beta=1 grad=112.7733 horizon=280 lifetime=[467,1152] skipped=False
2026-08-30 18:24:28,093 | INFO | step=5590/20000 loss=-1.348939 nll=-1.352468 kl=0.003529449 consistency=0 lambda=0 beta=1 grad=107.5628 horizon=280 lifetime=[453,863] skipped=False
2026-08-30 18:24:28,493 | INFO | step=5600/20000 loss=-0.3224484 nll=-0.3247595 kl=0.002311086 consistency=0 lambda=0 beta=1 grad=61.00336 horizon=260 lifetime=[428,1156] skipped=False
2026-08-30 18:24:28,871 | INFO | step=5610/20000 loss=0.2158443 nll=0.2089741 kl=0.006870138 consistency=0 lambda=0 beta=1 grad=36.46698 horizon=140 lifetime=[147,1834] skipped=False
2026-08-30 18:24:29,244 | INFO | step=5620/20000 loss=-0.3953494 nll=-0.3974047 kl=0.002055363 consistency=0 lambda=0 beta=1 grad=39.3073 horizon=180 lifetime=[518,1932] skipped=False
2026-08-30 18:24:29,613 | INFO | step=5630/20000 loss=-0.5568004 nll=-0.5610536 kl=0.0042532 consistency=0 lambda=0 beta=1 grad=80.99588 horizon=180 lifetime=[464,2154] skipped=False
2026-08-30 18:24:29,977 | INFO | step=5640/20000 loss=-1.282555 nll=-1.286105 kl=0.003550291 consistency=0 lambda=0 beta=1 grad=117.2818 horizon=200 lifetime=[456,841] skipped=False
2026-08-30 18:24:30,304 | INFO | step=5650/20000 loss=-0.6892845 nll=-0.6911529 kl=0.001868407 consistency=0 lambda=0 beta=1 grad=85.56433 horizon=200 lifetime=[464,1282] skipped=False
2026-08-30 18:24:30,719 | INFO | step=5660/20000 loss=-0.5085427 nll=-0.5095251 kl=0.0009824093 consistency=0 lambda=0 beta=1 grad=246.968 horizon=220 lifetime=[460,1025] skipped=False
2026-08-30 18:24:31,102 | INFO | step=5670/20000 loss=-0.3609807 nll=-0.3664514 kl=0.005470621 consistency=0 lambda=0 beta=1 grad=184.2225 horizon=160 lifetime=[649,1061] skipped=False
2026-08-30 18:24:31,500 | INFO | step=5680/20000 loss=-0.5660622 nll=-0.5712949 kl=0.005232683 consistency=0 lambda=0 beta=1 grad=114.0833 horizon=240 lifetime=[453,1091] skipped=False
2026-08-30 18:24:31,884 | INFO | step=5690/20000 loss=-0.8406836 nll=-0.8427633 kl=0.002079684 consistency=0 lambda=0 beta=1 grad=162.0522 horizon=160 lifetime=[443,860] skipped=False
2026-08-30 18:24:32,246 | INFO | step=5700/20000 loss=-0.3110469 nll=-0.3131854 kl=0.002138481 consistency=0 lambda=0 beta=1 grad=70.59172 horizon=200 lifetime=[500,1932] skipped=False
2026-08-30 18:24:32,651 | INFO | step=5710/20000 loss=-0.7520149 nll=-0.757889 kl=0.005874127 consistency=0 lambda=0 beta=1 grad=152.8514 horizon=200 lifetime=[458,1113] skipped=False
2026-08-30 18:24:33,027 | INFO | step=5720/20000 loss=0.4353454 nll=0.4307027 kl=0.004642662 consistency=0 lambda=0 beta=1 grad=41.99061 horizon=100 lifetime=[677,1799] skipped=False
2026-08-30 18:24:33,466 | INFO | step=5730/20000 loss=-0.1336893 nll=-0.1355621 kl=0.0018728 consistency=0 lambda=0 beta=1 grad=105.7904 horizon=240 lifetime=[461,2154] skipped=False
2026-08-30 18:24:33,863 | INFO | step=5740/20000 loss=-1.082774 nll=-1.086063 kl=0.003288226 consistency=0 lambda=0 beta=1 grad=49.74907 horizon=300 lifetime=[465,852] skipped=False
2026-08-30 18:24:34,250 | INFO | step=5750/20000 loss=-1.196454 nll=-1.201136 kl=0.004682029 consistency=0 lambda=0 beta=1 grad=32.96758 horizon=260 lifetime=[299,915] skipped=False
2026-08-30 18:24:34,629 | INFO | step=5760/20000 loss=-0.1445321 nll=-0.1511737 kl=0.006641507 consistency=0 lambda=0 beta=1 grad=145.6714 horizon=300 lifetime=[456,1834] skipped=False
2026-08-30 18:24:34,939 | INFO | step=5770/20000 loss=-0.2081367 nll=-0.2106997 kl=0.002562968 consistency=0 lambda=0 beta=1 grad=61.94453 horizon=100 lifetime=[428,1799] skipped=False
2026-08-30 18:24:35,338 | INFO | step=5780/20000 loss=-0.4241835 nll=-0.438624 kl=0.01444047 consistency=0 lambda=0 beta=1 grad=210.1732 horizon=180 lifetime=[442,1156] skipped=False
2026-08-30 18:24:35,703 | INFO | step=5790/20000 loss=-0.6795212 nll=-0.6819863 kl=0.002465135 consistency=0 lambda=0 beta=1 grad=109.2582 horizon=200 lifetime=[453,909] skipped=False
2026-08-30 18:24:36,156 | INFO | step=5800/20000 loss=-0.5869075 nll=-0.589 kl=0.002092505 consistency=0 lambda=0 beta=1 grad=62.62959 horizon=280 lifetime=[460,1052] skipped=False
2026-08-30 18:24:36,540 | INFO | step=5810/20000 loss=-0.6291307 nll=-0.6300503 kl=0.0009196475 consistency=0 lambda=0 beta=1 grad=122.4732 horizon=220 lifetime=[493,1932] skipped=False
2026-08-30 18:24:36,893 | INFO | step=5820/20000 loss=-0.7426212 nll=-0.746428 kl=0.003806852 consistency=0 lambda=0 beta=1 grad=42.43919 horizon=300 lifetime=[465,1152] skipped=False
2026-08-30 18:24:37,316 | INFO | step=5830/20000 loss=-0.5286561 nll=-0.5315859 kl=0.00292979 consistency=0 lambda=0 beta=1 grad=71.93604 horizon=240 lifetime=[480,1091] skipped=False
2026-08-30 18:24:37,718 | INFO | step=5840/20000 loss=-0.3456724 nll=-0.3483551 kl=0.002682696 consistency=0 lambda=0 beta=1 grad=30.85457 horizon=120 lifetime=[443,1055] skipped=False
2026-08-30 18:24:38,113 | INFO | step=5850/20000 loss=-0.4955586 nll=-0.5020694 kl=0.006510713 consistency=0 lambda=0 beta=1 grad=67.67085 horizon=300 lifetime=[428,2154] skipped=False
2026-08-30 18:24:38,456 | INFO | step=5860/20000 loss=-1.054262 nll=-1.059624 kl=0.005362084 consistency=0 lambda=0 beta=1 grad=64.8115 horizon=160 lifetime=[461,938] skipped=False
2026-08-30 18:24:38,903 | INFO | step=5870/20000 loss=-0.05202976 nll=-0.0544422 kl=0.002412437 consistency=0 lambda=0 beta=1 grad=111.0343 horizon=200 lifetime=[458,1834] skipped=False
2026-08-30 18:24:39,282 | INFO | step=5880/20000 loss=0.003137922 nll=-0.004049242 kl=0.007187163 consistency=0 lambda=0 beta=1 grad=47.43658 horizon=140 lifetime=[498,2154] skipped=False
2026-08-30 18:24:39,652 | INFO | step=5890/20000 loss=0.9821846 nll=0.9772959 kl=0.00488871 consistency=0 lambda=0 beta=1 grad=259.059 horizon=180 lifetime=[465,1799] skipped=False
2026-08-30 18:24:40,033 | INFO | step=5900/20000 loss=-0.9138929 nll=-0.9156023 kl=0.00170942 consistency=0 lambda=0 beta=1 grad=45.14653 horizon=180 lifetime=[461,1071] skipped=False
2026-08-30 18:24:40,441 | INFO | step=5910/20000 loss=-0.5833058 nll=-0.5853896 kl=0.002083823 consistency=0 lambda=0 beta=1 grad=87.57478 horizon=200 lifetime=[442,1052] skipped=False
2026-08-30 18:24:40,831 | INFO | step=5920/20000 loss=-1.05029 nll=-1.052994 kl=0.002703536 consistency=0 lambda=0 beta=1 grad=83.63386 horizon=220 lifetime=[460,1932] skipped=False
2026-08-30 18:24:41,239 | INFO | step=5930/20000 loss=-0.9218616 nll=-0.9262877 kl=0.004426137 consistency=0 lambda=0 beta=1 grad=110.6119 horizon=240 lifetime=[456,1081] skipped=False
2026-08-30 18:24:41,646 | INFO | step=5940/20000 loss=-0.6630812 nll=-0.6646302 kl=0.001548924 consistency=0 lambda=0 beta=1 grad=108.5282 horizon=220 lifetime=[460,1071] skipped=False
2026-08-30 18:24:42,029 | INFO | step=5950/20000 loss=-0.9635341 nll=-0.9698029 kl=0.006268824 consistency=0 lambda=0 beta=1 grad=40.59176 horizon=160 lifetime=[453,942] skipped=False
2026-08-30 18:24:42,392 | INFO | step=5960/20000 loss=-0.2708532 nll=-0.2747914 kl=0.003938189 consistency=0 lambda=0 beta=1 grad=17.0046 horizon=140 lifetime=[147,1154] skipped=False
2026-08-30 18:24:42,781 | INFO | step=5970/20000 loss=0.4135936 nll=0.4101466 kl=0.003447045 consistency=0 lambda=0 beta=1 grad=100.0486 horizon=140 lifetime=[453,1834] skipped=False
2026-08-30 18:24:43,164 | INFO | step=5980/20000 loss=-0.6764185 nll=-0.6798203 kl=0.003401793 consistency=0 lambda=0 beta=1 grad=37.23043 horizon=140 lifetime=[453,1081] skipped=False
2026-08-30 18:24:43,554 | INFO | step=5990/20000 loss=-1.213872 nll=-1.216151 kl=0.002278201 consistency=0 lambda=0 beta=1 grad=44.43843 horizon=260 lifetime=[458,1282] skipped=False
2026-08-30 18:24:44,210 | INFO | validation step=6000 rmse=203.4751 best=171.4042@5000 stale=2/10
2026-08-30 18:24:44,210 | INFO | step=6000/20000 loss=-0.1881387 nll=-0.1942162 kl=0.006077479 consistency=0 lambda=0 beta=1 grad=98.36091 horizon=300 lifetime=[456,1061] skipped=False
2026-08-30 18:24:44,666 | INFO | step=6010/20000 loss=-1.20082 nll=-1.203575 kl=0.002755623 consistency=0 lambda=0 beta=1 grad=80.34548 horizon=240 lifetime=[465,1113] skipped=False
2026-08-30 18:24:45,129 | INFO | step=6020/20000 loss=-0.8288116 nll=-0.8333107 kl=0.004499106 consistency=0 lambda=0 beta=1 grad=45.09545 horizon=300 lifetime=[467,887] skipped=False
2026-08-30 18:24:45,550 | INFO | step=6030/20000 loss=-1.012357 nll=-1.015674 kl=0.003317362 consistency=0 lambda=0 beta=1 grad=93.64618 horizon=260 lifetime=[299,1156] skipped=False
2026-08-30 18:24:45,954 | INFO | step=6040/20000 loss=-0.633222 nll=-0.6394011 kl=0.0061791 consistency=0 lambda=0 beta=1 grad=138.2162 horizon=260 lifetime=[453,942] skipped=False
2026-08-30 18:24:46,389 | INFO | step=6050/20000 loss=0.07725112 nll=0.07212116 kl=0.005129964 consistency=0 lambda=0 beta=1 grad=49.93036 horizon=260 lifetime=[742,2154] skipped=False
2026-08-30 18:24:46,844 | INFO | step=6060/20000 loss=-0.761939 nll=-0.766526 kl=0.004586983 consistency=0 lambda=0 beta=1 grad=48.81149 horizon=300 lifetime=[428,1154] skipped=False
2026-08-30 18:24:47,230 | INFO | step=6070/20000 loss=-0.7700342 nll=-0.7749658 kl=0.004931575 consistency=0 lambda=0 beta=1 grad=44.97898 horizon=180 lifetime=[443,891] skipped=False
2026-08-30 18:24:47,657 | INFO | step=6080/20000 loss=-0.8910406 nll=-0.895247 kl=0.004206336 consistency=0 lambda=0 beta=1 grad=50.28891 horizon=180 lifetime=[428,891] skipped=False
2026-08-30 18:24:48,071 | INFO | step=6090/20000 loss=-1.182753 nll=-1.186339 kl=0.003586218 consistency=0 lambda=0 beta=1 grad=70.58987 horizon=180 lifetime=[455,1081] skipped=False
2026-08-30 18:24:48,483 | INFO | step=6100/20000 loss=-1.166355 nll=-1.168839 kl=0.002484001 consistency=0 lambda=0 beta=1 grad=147.2282 horizon=260 lifetime=[461,1081] skipped=False
2026-08-30 18:24:48,862 | INFO | step=6110/20000 loss=0.02545176 nll=0.02239853 kl=0.003053227 consistency=0 lambda=0 beta=1 grad=146.2955 horizon=300 lifetime=[460,1154] skipped=False
2026-08-30 18:24:49,265 | INFO | step=6120/20000 loss=-0.6159484 nll=-0.6221228 kl=0.00617441 consistency=0 lambda=0 beta=1 grad=139.8612 horizon=240 lifetime=[456,1282] skipped=False
2026-08-30 18:24:49,639 | INFO | step=6130/20000 loss=-0.7245949 nll=-0.7290635 kl=0.004468556 consistency=0 lambda=0 beta=1 grad=65.84772 horizon=180 lifetime=[519,1154] skipped=False
2026-08-30 18:24:50,042 | INFO | step=6140/20000 loss=-0.6956704 nll=-0.6978592 kl=0.002188873 consistency=0 lambda=0 beta=1 grad=41.2623 horizon=260 lifetime=[458,2154] skipped=False
2026-08-30 18:24:50,448 | INFO | step=6150/20000 loss=-0.3808666 nll=-0.3892021 kl=0.008335507 consistency=0 lambda=0 beta=1 grad=53.79182 horizon=280 lifetime=[505,1705] skipped=False
2026-08-30 18:24:50,837 | INFO | step=6160/20000 loss=-0.8364349 nll=-0.841072 kl=0.004637057 consistency=0 lambda=0 beta=1 grad=18.65543 horizon=160 lifetime=[428,1705] skipped=False
2026-08-30 18:24:51,222 | INFO | step=6170/20000 loss=-1.317036 nll=-1.319581 kl=0.002545657 consistency=0 lambda=0 beta=1 grad=62.82135 horizon=300 lifetime=[453,1313] skipped=False
2026-08-30 18:24:51,652 | INFO | step=6180/20000 loss=-0.3378921 nll=-0.3415572 kl=0.003665161 consistency=0 lambda=0 beta=1 grad=59.75254 horizon=120 lifetime=[464,1313] skipped=False
2026-08-30 18:24:52,103 | INFO | step=6190/20000 loss=-1.079754 nll=-1.083048 kl=0.003294023 consistency=0 lambda=0 beta=1 grad=116.211 horizon=240 lifetime=[442,891] skipped=False
2026-08-30 18:24:52,537 | INFO | step=6200/20000 loss=-0.4290109 nll=-0.4325526 kl=0.003541673 consistency=0 lambda=0 beta=1 grad=44.23322 horizon=260 lifetime=[299,1152] skipped=False
2026-08-30 18:24:52,931 | INFO | step=6210/20000 loss=0.6020162 nll=0.5961832 kl=0.00583303 consistency=0 lambda=0 beta=1 grad=87.19601 horizon=120 lifetime=[476,1282] skipped=False
2026-08-30 18:24:53,339 | INFO | step=6220/20000 loss=-0.4634431 nll=-0.466275 kl=0.002831869 consistency=0 lambda=0 beta=1 grad=119.3938 horizon=300 lifetime=[533,1799] skipped=False
2026-08-30 18:24:53,710 | INFO | step=6230/20000 loss=-0.8189977 nll=-0.8252504 kl=0.006252771 consistency=0 lambda=0 beta=1 grad=33.23729 horizon=160 lifetime=[460,1071] skipped=False
2026-08-30 18:24:54,110 | INFO | step=6240/20000 loss=-0.8960599 nll=-0.8990099 kl=0.002950041 consistency=0 lambda=0 beta=1 grad=42.06548 horizon=220 lifetime=[458,1282] skipped=False
2026-08-30 18:24:54,520 | INFO | step=6250/20000 loss=-0.03326561 nll=-0.03841232 kl=0.005146714 consistency=0 lambda=0 beta=1 grad=97.41866 horizon=280 lifetime=[456,1313] skipped=False
2026-08-30 18:24:54,990 | INFO | step=6260/20000 loss=-0.03018417 nll=-0.03359412 kl=0.003409946 consistency=0 lambda=0 beta=1 grad=61.97443 horizon=300 lifetime=[518,915] skipped=False
2026-08-30 18:24:55,435 | INFO | step=6270/20000 loss=-0.9266191 nll=-0.9287633 kl=0.002144178 consistency=0 lambda=0 beta=1 grad=50.06086 horizon=240 lifetime=[455,1071] skipped=False
2026-08-30 18:24:55,822 | INFO | step=6280/20000 loss=-0.5976195 nll=-0.6045877 kl=0.006968145 consistency=0 lambda=0 beta=1 grad=59.07324 horizon=280 lifetime=[467,1081] skipped=False
2026-08-30 18:24:56,219 | INFO | step=6290/20000 loss=-0.2589805 nll=-0.2721467 kl=0.01316622 consistency=0 lambda=0 beta=1 grad=37.55342 horizon=120 lifetime=[428,863] skipped=False
2026-08-30 18:24:56,594 | INFO | step=6300/20000 loss=-0.7572136 nll=-0.759943 kl=0.002729438 consistency=0 lambda=0 beta=1 grad=88.70033 horizon=280 lifetime=[476,1156] skipped=False
2026-08-30 18:24:56,997 | INFO | step=6310/20000 loss=0.7490256 nll=0.7458259 kl=0.003199732 consistency=0 lambda=0 beta=1 grad=489.6468 horizon=260 lifetime=[491,1091] skipped=False
2026-08-30 18:24:57,453 | INFO | step=6320/20000 loss=-0.3587231 nll=-0.3611068 kl=0.002383763 consistency=0 lambda=0 beta=1 grad=95.1873 horizon=140 lifetime=[461,858] skipped=False
2026-08-30 18:24:57,847 | INFO | step=6330/20000 loss=-0.3648618 nll=-0.3687926 kl=0.003930826 consistency=0 lambda=0 beta=1 grad=136.8561 horizon=160 lifetime=[456,1799] skipped=False
2026-08-30 18:24:58,249 | INFO | step=6340/20000 loss=-0.5226767 nll=-0.5302577 kl=0.00758101 consistency=0 lambda=0 beta=1 grad=110.8649 horizon=160 lifetime=[461,1061] skipped=False
2026-08-30 18:24:58,825 | INFO | step=6350/20000 loss=-0.5600541 nll=-0.561711 kl=0.001656974 consistency=0 lambda=0 beta=1 grad=267.4276 horizon=260 lifetime=[505,1061] skipped=False
2026-08-30 18:24:59,205 | INFO | step=6360/20000 loss=-0.4482227 nll=-0.449856 kl=0.001633279 consistency=0 lambda=0 beta=1 grad=37.04 horizon=120 lifetime=[460,1705] skipped=False
2026-08-30 18:24:59,603 | INFO | step=6370/20000 loss=-0.2542163 nll=-0.2581019 kl=0.003885614 consistency=0 lambda=0 beta=1 grad=92.04049 horizon=300 lifetime=[453,1834] skipped=False
2026-08-30 18:25:00,036 | INFO | step=6380/20000 loss=0.1092817 nll=0.1062812 kl=0.003000513 consistency=0 lambda=0 beta=1 grad=86.79169 horizon=180 lifetime=[649,1000] skipped=False
2026-08-30 18:25:00,434 | INFO | step=6390/20000 loss=-0.4684149 nll=-0.4710732 kl=0.002658244 consistency=0 lambda=0 beta=1 grad=109.3731 horizon=180 lifetime=[458,1705] skipped=False
2026-08-30 18:25:00,801 | INFO | step=6400/20000 loss=-0.5125346 nll=-0.5167959 kl=0.004261348 consistency=0 lambda=0 beta=1 grad=108.4227 horizon=280 lifetime=[453,1932] skipped=False
2026-08-30 18:25:01,188 | INFO | step=6410/20000 loss=-0.4983356 nll=-0.4990168 kl=0.0006811991 consistency=0 lambda=0 beta=1 grad=127.7532 horizon=240 lifetime=[453,1932] skipped=False
2026-08-30 18:25:01,570 | INFO | step=6420/20000 loss=-1.270957 nll=-1.275425 kl=0.004467955 consistency=0 lambda=0 beta=1 grad=139.7283 horizon=280 lifetime=[455,1061] skipped=False
2026-08-30 18:25:01,935 | INFO | step=6430/20000 loss=-1.176739 nll=-1.18887 kl=0.01213096 consistency=0 lambda=0 beta=1 grad=50.05471 horizon=300 lifetime=[455,1152] skipped=False
2026-08-30 18:25:02,307 | INFO | step=6440/20000 loss=-0.8093764 nll=-0.8108461 kl=0.001469649 consistency=0 lambda=0 beta=1 grad=118.1728 horizon=160 lifetime=[428,1705] skipped=False
2026-08-30 18:25:02,687 | INFO | step=6450/20000 loss=0.2635712 nll=0.2601436 kl=0.003427602 consistency=0 lambda=0 beta=1 grad=101.4192 horizon=160 lifetime=[494,2154] skipped=False
2026-08-30 18:25:03,102 | INFO | step=6460/20000 loss=-0.4885086 nll=-0.4893382 kl=0.0008295551 consistency=0 lambda=0 beta=1 grad=54.14599 horizon=240 lifetime=[442,1143] skipped=False
2026-08-30 18:25:03,499 | INFO | step=6470/20000 loss=-0.8421915 nll=-0.8570586 kl=0.0148671 consistency=0 lambda=0 beta=1 grad=66.29631 horizon=260 lifetime=[512,1705] skipped=False
2026-08-30 18:25:03,846 | INFO | step=6480/20000 loss=-0.3813054 nll=-0.38605 kl=0.004744604 consistency=0 lambda=0 beta=1 grad=34.40029 horizon=280 lifetime=[443,1705] skipped=False
2026-08-30 18:25:04,255 | INFO | step=6490/20000 loss=0.7196969 nll=0.7170966 kl=0.00260039 consistency=0 lambda=0 beta=1 grad=34.06002 horizon=100 lifetime=[147,1154] skipped=False
2026-08-30 18:25:04,888 | INFO | validation step=6500 rmse=175.2296 best=171.4042@5000 stale=3/10
2026-08-30 18:25:04,889 | INFO | step=6500/20000 loss=-0.03937608 nll=-0.04769071 kl=0.008314632 consistency=0 lambda=0 beta=1 grad=243.5089 horizon=300 lifetime=[442,1000] skipped=False
2026-08-30 18:25:05,362 | INFO | step=6510/20000 loss=0.3082321 nll=0.3024991 kl=0.005733047 consistency=0 lambda=0 beta=1 grad=30.66071 horizon=120 lifetime=[453,1834] skipped=False
2026-08-30 18:25:05,741 | INFO | step=6520/20000 loss=-0.05280228 nll=-0.05718119 kl=0.004378911 consistency=0 lambda=0 beta=1 grad=235.4982 horizon=140 lifetime=[464,942] skipped=False
2026-08-30 18:25:06,177 | INFO | step=6530/20000 loss=-0.2252275 nll=-0.2257693 kl=0.0005418258 consistency=0 lambda=0 beta=1 grad=109.816 horizon=280 lifetime=[497,1143] skipped=False
2026-08-30 18:25:06,570 | INFO | step=6540/20000 loss=-1.095855 nll=-1.09951 kl=0.003655557 consistency=0 lambda=0 beta=1 grad=86.03571 horizon=240 lifetime=[465,877] skipped=False
2026-08-30 18:25:06,996 | INFO | step=6550/20000 loss=0.2407361 nll=0.2343523 kl=0.006383741 consistency=0 lambda=0 beta=1 grad=105.9391 horizon=120 lifetime=[443,1143] skipped=False
2026-08-30 18:25:07,399 | INFO | step=6560/20000 loss=0.3067163 nll=0.3023689 kl=0.004347321 consistency=0 lambda=0 beta=1 grad=39.78407 horizon=120 lifetime=[465,1313] skipped=False
2026-08-30 18:25:07,843 | INFO | step=6570/20000 loss=-0.4930533 nll=-0.4943548 kl=0.00130156 consistency=0 lambda=0 beta=1 grad=129.1377 horizon=220 lifetime=[476,1705] skipped=False
2026-08-30 18:25:08,248 | INFO | step=6580/20000 loss=-0.1669311 nll=-0.1740691 kl=0.007138051 consistency=0 lambda=0 beta=1 grad=67.63403 horizon=120 lifetime=[476,1152] skipped=False
2026-08-30 18:25:08,629 | INFO | step=6590/20000 loss=-0.8423522 nll=-0.8451829 kl=0.002830748 consistency=0 lambda=0 beta=1 grad=20.19159 horizon=220 lifetime=[456,1113] skipped=False
2026-08-30 18:25:09,069 | INFO | step=6600/20000 loss=-0.8162601 nll=-0.8196361 kl=0.003376023 consistency=0 lambda=0 beta=1 grad=96.07764 horizon=280 lifetime=[299,1834] skipped=False
2026-08-30 18:25:09,515 | INFO | step=6610/20000 loss=-0.5668233 nll=-0.5689237 kl=0.002100425 consistency=0 lambda=0 beta=1 grad=151.3374 horizon=220 lifetime=[480,1313] skipped=False
2026-08-30 18:25:09,968 | INFO | step=6620/20000 loss=-0.6897225 nll=-0.6913447 kl=0.001622187 consistency=0 lambda=0 beta=1 grad=129.6675 horizon=220 lifetime=[484,1091] skipped=False
2026-08-30 18:25:10,397 | INFO | step=6630/20000 loss=-0.1889233 nll=-0.1957224 kl=0.006799106 consistency=0 lambda=0 beta=1 grad=66.64227 horizon=260 lifetime=[518,2154] skipped=False
2026-08-30 18:25:10,841 | INFO | step=6640/20000 loss=-0.908776 nll=-0.9117754 kl=0.002999294 consistency=0 lambda=0 beta=1 grad=136.673 horizon=260 lifetime=[464,1152] skipped=False
2026-08-30 18:25:11,208 | INFO | step=6650/20000 loss=-0.7775 nll=-0.7787713 kl=0.00127122 consistency=0 lambda=0 beta=1 grad=38.99493 horizon=220 lifetime=[518,1156] skipped=False
2026-08-30 18:25:11,647 | INFO | step=6660/20000 loss=-0.9251898 nll=-0.9282585 kl=0.003068726 consistency=0 lambda=0 beta=1 grad=55.5722 horizon=220 lifetime=[494,2154] skipped=False
2026-08-30 18:25:12,095 | INFO | step=6670/20000 loss=-1.092514 nll=-1.10038 kl=0.007866552 consistency=0 lambda=0 beta=1 grad=31.90978 horizon=240 lifetime=[299,1071] skipped=False
2026-08-30 18:25:12,481 | INFO | step=6680/20000 loss=-0.8812083 nll=-0.883713 kl=0.002504711 consistency=0 lambda=0 beta=1 grad=109.0394 horizon=180 lifetime=[442,909] skipped=False
2026-08-30 18:25:12,858 | INFO | step=6690/20000 loss=0.1168868 nll=0.1058458 kl=0.01104104 consistency=0 lambda=0 beta=1 grad=39.74851 horizon=100 lifetime=[461,1154] skipped=False
2026-08-30 18:25:13,225 | INFO | step=6700/20000 loss=0.1236568 nll=0.1163999 kl=0.007256841 consistency=0 lambda=0 beta=1 grad=56.14864 horizon=280 lifetime=[455,2154] skipped=False
2026-08-30 18:25:13,671 | INFO | step=6710/20000 loss=-0.9756335 nll=-0.9798102 kl=0.004176647 consistency=0 lambda=0 beta=1 grad=58.55146 horizon=280 lifetime=[464,1036] skipped=False
2026-08-30 18:25:14,054 | INFO | step=6720/20000 loss=0.3003809 nll=0.297038 kl=0.003342938 consistency=0 lambda=0 beta=1 grad=46.62309 horizon=100 lifetime=[460,1932] skipped=False
2026-08-30 18:25:14,471 | INFO | step=6730/20000 loss=-0.4049174 nll=-0.4088011 kl=0.003883694 consistency=0 lambda=0 beta=1 grad=72.76318 horizon=300 lifetime=[493,1799] skipped=False
2026-08-30 18:25:14,869 | INFO | step=6740/20000 loss=-0.1309147 nll=-0.136309 kl=0.005394287 consistency=0 lambda=0 beta=1 grad=74.96209 horizon=120 lifetime=[147,1025] skipped=False
2026-08-30 18:25:15,235 | INFO | step=6750/20000 loss=-0.9077652 nll=-0.9100213 kl=0.002256124 consistency=0 lambda=0 beta=1 grad=23.2984 horizon=120 lifetime=[442,863] skipped=False
2026-08-30 18:25:15,638 | INFO | step=6760/20000 loss=-0.6839164 nll=-0.6880755 kl=0.00415909 consistency=0 lambda=0 beta=1 grad=58.78684 horizon=280 lifetime=[494,1113] skipped=False
2026-08-30 18:25:16,020 | INFO | step=6770/20000 loss=-0.3980193 nll=-0.4004799 kl=0.002460607 consistency=0 lambda=0 beta=1 grad=88.04031 horizon=120 lifetime=[299,1061] skipped=False
2026-08-30 18:25:16,438 | INFO | step=6780/20000 loss=-0.02048454 nll=-0.02311637 kl=0.002631821 consistency=0 lambda=0 beta=1 grad=99.90916 horizon=280 lifetime=[476,1834] skipped=False
2026-08-30 18:25:16,875 | INFO | step=6790/20000 loss=-1.027974 nll=-1.03042 kl=0.002445166 consistency=0 lambda=0 beta=1 grad=150.988 horizon=260 lifetime=[455,1091] skipped=False
2026-08-30 18:25:17,252 | INFO | step=6800/20000 loss=0.4207393 nll=0.4162534 kl=0.004485871 consistency=0 lambda=0 beta=1 grad=134.3461 horizon=100 lifetime=[455,1834] skipped=False
2026-08-30 18:25:17,651 | INFO | step=6810/20000 loss=-0.06711999 nll=-0.07111517 kl=0.003995179 consistency=0 lambda=0 beta=1 grad=32.32648 horizon=120 lifetime=[147,1143] skipped=False
2026-08-30 18:25:18,016 | INFO | step=6820/20000 loss=-0.7015833 nll=-0.7095171 kl=0.007933863 consistency=0 lambda=0 beta=1 grad=69.32716 horizon=140 lifetime=[453,1799] skipped=False
2026-08-30 18:25:18,412 | INFO | step=6830/20000 loss=-0.4335318 nll=-0.4357336 kl=0.002201786 consistency=0 lambda=0 beta=1 grad=50.09439 horizon=180 lifetime=[443,1081] skipped=False
2026-08-30 18:25:18,836 | INFO | step=6840/20000 loss=-0.5587693 nll=-0.5613359 kl=0.002566489 consistency=0 lambda=0 beta=1 grad=33.24895 horizon=220 lifetime=[443,1061] skipped=False
2026-08-30 18:25:19,242 | INFO | step=6850/20000 loss=-1.068677 nll=-1.072771 kl=0.004093561 consistency=0 lambda=0 beta=1 grad=35.64822 horizon=280 lifetime=[442,1113] skipped=False
2026-08-30 18:25:19,645 | INFO | step=6860/20000 loss=-0.654251 nll=-0.6563981 kl=0.00214703 consistency=0 lambda=0 beta=1 grad=81.83382 horizon=160 lifetime=[458,1932] skipped=False
2026-08-30 18:25:20,055 | INFO | step=6870/20000 loss=-1.036352 nll=-1.040801 kl=0.004449742 consistency=0 lambda=0 beta=1 grad=58.20444 horizon=140 lifetime=[460,760] skipped=False
2026-08-30 18:25:20,455 | INFO | step=6880/20000 loss=0.5431114 nll=0.5378049 kl=0.005306501 consistency=0 lambda=0 beta=1 grad=77.0117 horizon=120 lifetime=[456,1799] skipped=False
2026-08-30 18:25:20,878 | INFO | step=6890/20000 loss=-0.1881736 nll=-0.1934498 kl=0.005276125 consistency=0 lambda=0 beta=1 grad=219.787 horizon=280 lifetime=[460,863] skipped=False
2026-08-30 18:25:21,264 | INFO | step=6900/20000 loss=-1.08863 nll=-1.093256 kl=0.004625885 consistency=0 lambda=0 beta=1 grad=92.4894 horizon=280 lifetime=[456,1313] skipped=False
2026-08-30 18:25:21,689 | INFO | step=6910/20000 loss=0.01316972 nll=0.01193054 kl=0.001239177 consistency=0 lambda=0 beta=1 grad=72.9645 horizon=260 lifetime=[500,1932] skipped=False
2026-08-30 18:25:22,126 | INFO | step=6920/20000 loss=-0.9293999 nll=-0.9315938 kl=0.002193894 consistency=0 lambda=0 beta=1 grad=169.968 horizon=280 lifetime=[493,1156] skipped=False
2026-08-30 18:25:22,534 | INFO | step=6930/20000 loss=-1.039958 nll=-1.042449 kl=0.002490144 consistency=0 lambda=0 beta=1 grad=32.27975 horizon=140 lifetime=[465,1036] skipped=False
2026-08-30 18:25:22,916 | INFO | step=6940/20000 loss=-0.2065862 nll=-0.2093096 kl=0.002723394 consistency=0 lambda=0 beta=1 grad=192.9345 horizon=120 lifetime=[147,877] skipped=False
2026-08-30 18:25:23,298 | INFO | step=6950/20000 loss=-0.7541717 nll=-0.7562357 kl=0.002064049 consistency=0 lambda=0 beta=1 grad=192.3576 horizon=180 lifetime=[458,1113] skipped=False
2026-08-30 18:25:23,674 | INFO | step=6960/20000 loss=-0.3013312 nll=-0.3072749 kl=0.005943698 consistency=0 lambda=0 beta=1 grad=35.86928 horizon=100 lifetime=[464,1152] skipped=False
2026-08-30 18:25:24,097 | INFO | step=6970/20000 loss=-0.9434804 nll=-0.9454648 kl=0.001984336 consistency=0 lambda=0 beta=1 grad=77.59858 horizon=280 lifetime=[484,1156] skipped=False
2026-08-30 18:25:24,498 | INFO | step=6980/20000 loss=-0.8912804 nll=-0.8941761 kl=0.002895719 consistency=0 lambda=0 beta=1 grad=212.2693 horizon=240 lifetime=[486,1313] skipped=False
2026-08-30 18:25:24,891 | INFO | step=6990/20000 loss=-0.6620203 nll=-0.6641486 kl=0.002128265 consistency=0 lambda=0 beta=1 grad=92.92667 horizon=240 lifetime=[442,1834] skipped=False
2026-08-30 18:25:25,669 | INFO | validation step=7000 rmse=168.2947 best=168.2947@7000 stale=0/10
2026-08-30 18:25:25,669 | INFO | step=7000/20000 loss=-1.104207 nll=-1.105736 kl=0.001528228 consistency=0 lambda=0 beta=1 grad=82.8685 horizon=300 lifetime=[461,1061] skipped=False
2026-08-30 18:25:26,190 | INFO | step=7010/20000 loss=-0.895866 nll=-0.8983888 kl=0.002522836 consistency=0 lambda=0 beta=1 grad=213.8026 horizon=240 lifetime=[428,1052] skipped=False
2026-08-30 18:25:26,649 | INFO | step=7020/20000 loss=-0.9074432 nll=-0.9103888 kl=0.002945683 consistency=0 lambda=0 beta=1 grad=183.9531 horizon=240 lifetime=[453,1282] skipped=False
2026-08-30 18:25:27,142 | INFO | step=7030/20000 loss=-0.6571736 nll=-0.6614296 kl=0.004256001 consistency=0 lambda=0 beta=1 grad=88.57226 horizon=180 lifetime=[470,1055] skipped=False
2026-08-30 18:25:27,543 | INFO | step=7040/20000 loss=-1.258964 nll=-1.264521 kl=0.005556692 consistency=0 lambda=0 beta=1 grad=61.72952 horizon=280 lifetime=[505,913] skipped=False
2026-08-30 18:25:27,908 | INFO | step=7050/20000 loss=-0.7063645 nll=-0.707975 kl=0.001610588 consistency=0 lambda=0 beta=1 grad=17.20648 horizon=160 lifetime=[458,991] skipped=False
2026-08-30 18:25:28,305 | INFO | step=7060/20000 loss=-0.4762639 nll=-0.4784448 kl=0.002180889 consistency=0 lambda=0 beta=1 grad=177.8567 horizon=240 lifetime=[456,1705] skipped=False
2026-08-30 18:25:28,738 | INFO | step=7070/20000 loss=-0.01985206 nll=-0.02109668 kl=0.001244619 consistency=0 lambda=0 beta=1 grad=80.84653 horizon=180 lifetime=[458,1313] skipped=False
2026-08-30 18:25:29,110 | INFO | step=7080/20000 loss=0.06171612 nll=0.04968256 kl=0.01203357 consistency=0 lambda=0 beta=1 grad=79.04023 horizon=100 lifetime=[453,1025] skipped=False
2026-08-30 18:25:29,598 | INFO | step=7090/20000 loss=-1.252766 nll=-1.256383 kl=0.003616847 consistency=0 lambda=0 beta=1 grad=26.09871 horizon=300 lifetime=[442,875] skipped=False
2026-08-30 18:25:29,986 | INFO | step=7100/20000 loss=-0.4564604 nll=-0.4584669 kl=0.002006431 consistency=0 lambda=0 beta=1 grad=74.94817 horizon=140 lifetime=[458,991] skipped=False
2026-08-30 18:25:30,443 | INFO | step=7110/20000 loss=-0.6550629 nll=-0.6599327 kl=0.004869834 consistency=0 lambda=0 beta=1 grad=55.68802 horizon=300 lifetime=[484,942] skipped=False
2026-08-30 18:25:30,854 | INFO | step=7120/20000 loss=-1.095773 nll=-1.098258 kl=0.002485085 consistency=0 lambda=0 beta=1 grad=46.1628 horizon=200 lifetime=[476,872] skipped=False
2026-08-30 18:25:31,291 | INFO | step=7130/20000 loss=-0.4322072 nll=-0.4358025 kl=0.003595322 consistency=0 lambda=0 beta=1 grad=76.63393 horizon=280 lifetime=[442,860] skipped=False
2026-08-30 18:25:31,731 | INFO | step=7140/20000 loss=-0.4701518 nll=-0.4739855 kl=0.003833696 consistency=0 lambda=0 beta=1 grad=48.63081 horizon=180 lifetime=[476,1152] skipped=False
2026-08-30 18:25:32,123 | INFO | step=7150/20000 loss=-0.3062711 nll=-0.3119072 kl=0.005636037 consistency=0 lambda=0 beta=1 grad=66.63583 horizon=100 lifetime=[443,2154] skipped=False
2026-08-30 18:25:32,527 | INFO | step=7160/20000 loss=-0.2195579 nll=-0.2268492 kl=0.007291328 consistency=0 lambda=0 beta=1 grad=41.6833 horizon=280 lifetime=[671,1061] skipped=False
2026-08-30 18:25:32,957 | INFO | step=7170/20000 loss=-1.235343 nll=-1.239305 kl=0.003962688 consistency=0 lambda=0 beta=1 grad=54.7854 horizon=280 lifetime=[442,1932] skipped=False
2026-08-30 18:25:33,445 | INFO | step=7180/20000 loss=-0.4868038 nll=-0.4884375 kl=0.001633687 consistency=0 lambda=0 beta=1 grad=112.3277 horizon=260 lifetime=[476,1052] skipped=False
2026-08-30 18:25:33,840 | INFO | step=7190/20000 loss=-0.2581749 nll=-0.2634014 kl=0.005226546 consistency=0 lambda=0 beta=1 grad=173.725 horizon=120 lifetime=[456,915] skipped=False
2026-08-30 18:25:34,252 | INFO | step=7200/20000 loss=0.2481827 nll=0.2410785 kl=0.007104229 consistency=0 lambda=0 beta=1 grad=40.99754 horizon=100 lifetime=[147,1313] skipped=False
2026-08-30 18:25:34,618 | INFO | step=7210/20000 loss=-0.9383346 nll=-0.9433634 kl=0.005028825 consistency=0 lambda=0 beta=1 grad=58.69128 horizon=280 lifetime=[455,1799] skipped=False
2026-08-30 18:25:35,024 | INFO | step=7220/20000 loss=0.2590419 nll=0.252701 kl=0.006340943 consistency=0 lambda=0 beta=1 grad=236.69 horizon=300 lifetime=[470,1091] skipped=False
2026-08-30 18:25:35,406 | INFO | step=7230/20000 loss=-1.47643 nll=-1.478419 kl=0.001988385 consistency=0 lambda=0 beta=1 grad=106.9185 horizon=300 lifetime=[456,1156] skipped=False
2026-08-30 18:25:35,847 | INFO | step=7240/20000 loss=-0.765986 nll=-0.7688746 kl=0.002888639 consistency=0 lambda=0 beta=1 grad=46.79639 horizon=280 lifetime=[484,2154] skipped=False
2026-08-30 18:25:36,246 | INFO | step=7250/20000 loss=-0.9479262 nll=-0.9521829 kl=0.004256729 consistency=0 lambda=0 beta=1 grad=30.67825 horizon=220 lifetime=[671,1052] skipped=False
2026-08-30 18:25:36,650 | INFO | step=7260/20000 loss=-0.1542319 nll=-0.1597265 kl=0.005494632 consistency=0 lambda=0 beta=1 grad=258.0185 horizon=140 lifetime=[465,1799] skipped=False
2026-08-30 18:25:37,067 | INFO | step=7270/20000 loss=0.3058935 nll=0.304515 kl=0.00137854 consistency=0 lambda=0 beta=1 grad=111.2668 horizon=200 lifetime=[491,1799] skipped=False
2026-08-30 18:25:37,466 | INFO | step=7280/20000 loss=-0.8085845 nll=-0.8097665 kl=0.001182061 consistency=0 lambda=0 beta=1 grad=124.5803 horizon=180 lifetime=[467,1799] skipped=False
2026-08-30 18:25:37,832 | INFO | step=7290/20000 loss=-0.4761885 nll=-0.4807256 kl=0.004537109 consistency=0 lambda=0 beta=1 grad=167.184 horizon=300 lifetime=[456,1000] skipped=False
2026-08-30 18:25:38,177 | INFO | step=7300/20000 loss=-0.7322161 nll=-0.7385317 kl=0.006315645 consistency=0 lambda=0 beta=1 grad=25.85644 horizon=140 lifetime=[460,1154] skipped=False
2026-08-30 18:25:38,553 | INFO | step=7310/20000 loss=-0.5567175 nll=-0.5593849 kl=0.002667446 consistency=0 lambda=0 beta=1 grad=170.3345 horizon=260 lifetime=[442,1834] skipped=False
2026-08-30 18:25:38,930 | INFO | step=7320/20000 loss=-0.847923 nll=-0.8505284 kl=0.002605349 consistency=0 lambda=0 beta=1 grad=187.5213 horizon=240 lifetime=[460,1834] skipped=False
2026-08-30 18:25:39,382 | INFO | step=7330/20000 loss=-0.8376788 nll=-0.8409969 kl=0.003317984 consistency=0 lambda=0 beta=1 grad=55.09982 horizon=220 lifetime=[465,1081] skipped=False
2026-08-30 18:25:39,772 | INFO | step=7340/20000 loss=-0.06400114 nll=-0.06663726 kl=0.002636127 consistency=0 lambda=0 beta=1 grad=48.80087 horizon=120 lifetime=[464,1152] skipped=False
2026-08-30 18:25:40,142 | INFO | step=7350/20000 loss=-0.7019054 nll=-0.7100048 kl=0.008099424 consistency=0 lambda=0 beta=1 grad=87.66006 horizon=180 lifetime=[456,1156] skipped=False
2026-08-30 18:25:40,517 | INFO | step=7360/20000 loss=-0.4776929 nll=-0.4791501 kl=0.001457239 consistency=0 lambda=0 beta=1 grad=91.67587 horizon=220 lifetime=[458,1038] skipped=False
2026-08-30 18:25:40,886 | INFO | step=7370/20000 loss=-0.9196355 nll=-0.9220164 kl=0.002380891 consistency=0 lambda=0 beta=1 grad=91.1168 horizon=200 lifetime=[453,1156] skipped=False
2026-08-30 18:25:41,281 | INFO | step=7380/20000 loss=0.1150595 nll=0.1111977 kl=0.003861744 consistency=0 lambda=0 beta=1 grad=163.5244 horizon=140 lifetime=[493,1152] skipped=False
2026-08-30 18:25:41,644 | INFO | step=7390/20000 loss=-0.02896278 nll=-0.0302363 kl=0.001273524 consistency=0 lambda=0 beta=1 grad=284.0956 horizon=200 lifetime=[456,1091] skipped=False
2026-08-30 18:25:41,991 | INFO | step=7400/20000 loss=-0.675736 nll=-0.6789305 kl=0.003194464 consistency=0 lambda=0 beta=1 grad=73.03267 horizon=260 lifetime=[442,1000] skipped=False
2026-08-30 18:25:42,429 | INFO | step=7410/20000 loss=-0.7497224 nll=-0.752148 kl=0.002425697 consistency=0 lambda=0 beta=1 grad=60.85285 horizon=220 lifetime=[460,1282] skipped=False
2026-08-30 18:25:42,785 | INFO | step=7420/20000 loss=-0.23529 nll=-0.2388316 kl=0.003541674 consistency=0 lambda=0 beta=1 grad=140.4975 horizon=160 lifetime=[494,1282] skipped=False
2026-08-30 18:25:43,125 | INFO | step=7430/20000 loss=-0.6498363 nll=-0.6595455 kl=0.009709168 consistency=0 lambda=0 beta=1 grad=81.23257 horizon=100 lifetime=[428,1313] skipped=False
2026-08-30 18:25:43,531 | INFO | step=7440/20000 loss=-0.6986604 nll=-0.7003437 kl=0.001683362 consistency=0 lambda=0 beta=1 grad=53.16611 horizon=220 lifetime=[484,1834] skipped=False
2026-08-30 18:25:43,918 | INFO | step=7450/20000 loss=-0.6158363 nll=-0.6188577 kl=0.003021508 consistency=0 lambda=0 beta=1 grad=83.43582 horizon=200 lifetime=[498,991] skipped=False
2026-08-30 18:25:44,320 | INFO | step=7460/20000 loss=0.7981906 nll=0.7890449 kl=0.009145718 consistency=0 lambda=0 beta=1 grad=356.7122 horizon=100 lifetime=[442,1055] skipped=False
2026-08-30 18:25:44,714 | INFO | step=7470/20000 loss=0.462302 nll=0.4561961 kl=0.006105918 consistency=0 lambda=0 beta=1 grad=73.29859 horizon=100 lifetime=[465,1834] skipped=False
2026-08-30 18:25:45,162 | INFO | step=7480/20000 loss=0.1713405 nll=0.1634685 kl=0.007872008 consistency=0 lambda=0 beta=1 grad=162.7648 horizon=300 lifetime=[460,1705] skipped=False
2026-08-30 18:25:45,574 | INFO | step=7490/20000 loss=-0.5055261 nll=-0.5106077 kl=0.005081668 consistency=0 lambda=0 beta=1 grad=90.66711 horizon=220 lifetime=[706,1052] skipped=False
2026-08-30 18:25:46,212 | INFO | validation step=7500 rmse=169.7081 best=168.2947@7000 stale=1/10
2026-08-30 18:25:46,212 | INFO | step=7500/20000 loss=-1.227101 nll=-1.228034 kl=0.0009324253 consistency=0 lambda=0 beta=1 grad=88.81709 horizon=160 lifetime=[464,1061] skipped=False
2026-08-30 18:25:46,690 | INFO | step=7510/20000 loss=-0.5663413 nll=-0.5700042 kl=0.00366284 consistency=0 lambda=0 beta=1 grad=251.0178 horizon=220 lifetime=[476,1000] skipped=False
2026-08-30 18:25:47,093 | INFO | step=7520/20000 loss=-1.014006 nll=-1.016108 kl=0.002101157 consistency=0 lambda=0 beta=1 grad=44.58432 horizon=160 lifetime=[453,1081] skipped=False
2026-08-30 18:25:47,494 | INFO | step=7530/20000 loss=-0.02567438 nll=-0.03284171 kl=0.007167332 consistency=0 lambda=0 beta=1 grad=68.61442 horizon=100 lifetime=[443,1055] skipped=False
2026-08-30 18:25:47,896 | INFO | step=7540/20000 loss=-1.030054 nll=-1.035945 kl=0.005891137 consistency=0 lambda=0 beta=1 grad=44.65102 horizon=260 lifetime=[428,863] skipped=False
2026-08-30 18:25:48,257 | INFO | step=7550/20000 loss=-0.8595139 nll=-0.8612866 kl=0.001772724 consistency=0 lambda=0 beta=1 grad=29.26367 horizon=160 lifetime=[455,1143] skipped=False
2026-08-30 18:25:48,634 | INFO | step=7560/20000 loss=-0.7469534 nll=-0.7483066 kl=0.001353219 consistency=0 lambda=0 beta=1 grad=211.1265 horizon=260 lifetime=[476,1081] skipped=False
2026-08-30 18:25:49,060 | INFO | step=7570/20000 loss=-1.184332 nll=-1.188972 kl=0.004639424 consistency=0 lambda=0 beta=1 grad=118.7806 horizon=200 lifetime=[455,872] skipped=False
2026-08-30 18:25:49,445 | INFO | step=7580/20000 loss=-0.1209063 nll=-0.1238256 kl=0.002919234 consistency=0 lambda=0 beta=1 grad=406.6523 horizon=300 lifetime=[491,1143] skipped=False
2026-08-30 18:25:49,841 | INFO | step=7590/20000 loss=-0.687453 nll=-0.6884925 kl=0.001039483 consistency=0 lambda=0 beta=1 grad=190.378 horizon=180 lifetime=[442,1052] skipped=False
2026-08-30 18:25:50,206 | INFO | step=7600/20000 loss=0.3465643 nll=0.3440607 kl=0.002503574 consistency=0 lambda=0 beta=1 grad=136.7896 horizon=100 lifetime=[428,1834] skipped=False
2026-08-30 18:25:50,618 | INFO | step=7610/20000 loss=-0.6617852 nll=-0.6687984 kl=0.007013179 consistency=0 lambda=0 beta=1 grad=59.61869 horizon=160 lifetime=[299,1932] skipped=False
2026-08-30 18:25:51,023 | INFO | step=7620/20000 loss=-1.595428 nll=-1.596675 kl=0.001247115 consistency=0 lambda=0 beta=1 grad=96.07872 horizon=300 lifetime=[455,906] skipped=False
2026-08-30 18:25:51,411 | INFO | step=7630/20000 loss=-0.9100457 nll=-0.9111657 kl=0.001120009 consistency=0 lambda=0 beta=1 grad=50.91727 horizon=280 lifetime=[539,1313] skipped=False
2026-08-30 18:25:51,830 | INFO | step=7640/20000 loss=-1.017052 nll=-1.018642 kl=0.001590081 consistency=0 lambda=0 beta=1 grad=34.55822 horizon=300 lifetime=[455,1932] skipped=False
2026-08-30 18:25:52,248 | INFO | step=7650/20000 loss=0.2225641 nll=0.2187577 kl=0.003806449 consistency=0 lambda=0 beta=1 grad=356.5962 horizon=200 lifetime=[476,1282] skipped=False
2026-08-30 18:25:52,679 | INFO | step=7660/20000 loss=-0.4259234 nll=-0.4311606 kl=0.005237181 consistency=0 lambda=0 beta=1 grad=178.0759 horizon=220 lifetime=[470,2154] skipped=False
2026-08-30 18:25:53,060 | INFO | step=7670/20000 loss=-0.6927793 nll=-0.6976473 kl=0.004868008 consistency=0 lambda=0 beta=1 grad=52.51058 horizon=140 lifetime=[456,991] skipped=False
2026-08-30 18:25:53,458 | INFO | step=7680/20000 loss=-0.384846 nll=-0.3873507 kl=0.002504639 consistency=0 lambda=0 beta=1 grad=83.12515 horizon=140 lifetime=[480,1313] skipped=False
2026-08-30 18:25:53,852 | INFO | step=7690/20000 loss=0.07486859 nll=0.07371779 kl=0.001150802 consistency=0 lambda=0 beta=1 grad=22.64816 horizon=100 lifetime=[480,1705] skipped=False
2026-08-30 18:25:54,249 | INFO | step=7700/20000 loss=-0.6373612 nll=-0.641348 kl=0.003986854 consistency=0 lambda=0 beta=1 grad=72.48238 horizon=220 lifetime=[443,1799] skipped=False
2026-08-30 18:25:54,679 | INFO | step=7710/20000 loss=-1.363561 nll=-1.371702 kl=0.008141484 consistency=0 lambda=0 beta=1 grad=107.4278 horizon=180 lifetime=[467,855] skipped=False
2026-08-30 18:25:55,134 | INFO | step=7720/20000 loss=0.04428624 nll=0.04208854 kl=0.002197705 consistency=0 lambda=0 beta=1 grad=298.841 horizon=300 lifetime=[460,1061] skipped=False
2026-08-30 18:25:55,513 | INFO | step=7730/20000 loss=-0.4683934 nll=-0.4726818 kl=0.004288435 consistency=0 lambda=0 beta=1 grad=59.60469 horizon=140 lifetime=[464,1705] skipped=False
2026-08-30 18:25:55,912 | INFO | step=7740/20000 loss=-1.0317 nll=-1.034269 kl=0.002569199 consistency=0 lambda=0 beta=1 grad=76.49352 horizon=140 lifetime=[484,856] skipped=False
2026-08-30 18:25:56,281 | INFO | step=7750/20000 loss=0.1340931 nll=0.1311373 kl=0.002955806 consistency=0 lambda=0 beta=1 grad=325.0381 horizon=260 lifetime=[442,1143] skipped=False
2026-08-30 18:25:56,657 | INFO | step=7760/20000 loss=-0.6317777 nll=-0.6338494 kl=0.002071723 consistency=0 lambda=0 beta=1 grad=198.1392 horizon=240 lifetime=[442,1071] skipped=False
2026-08-30 18:25:57,015 | INFO | step=7770/20000 loss=-0.7057405 nll=-0.7097741 kl=0.004033547 consistency=0 lambda=0 beta=1 grad=65.33537 horizon=140 lifetime=[453,1834] skipped=False
2026-08-30 18:25:57,420 | INFO | step=7780/20000 loss=-0.06544306 nll=-0.06899109 kl=0.003548034 consistency=0 lambda=0 beta=1 grad=85.23093 horizon=280 lifetime=[470,1932] skipped=False
2026-08-30 18:25:57,784 | INFO | step=7790/20000 loss=-0.2603835 nll=-0.2629916 kl=0.002608113 consistency=0 lambda=0 beta=1 grad=130.2788 horizon=180 lifetime=[443,1799] skipped=False
2026-08-30 18:25:58,216 | INFO | step=7800/20000 loss=-0.7444736 nll=-0.7468004 kl=0.002326764 consistency=0 lambda=0 beta=1 grad=207.9719 horizon=220 lifetime=[470,1313] skipped=False
2026-08-30 18:25:58,640 | INFO | step=7810/20000 loss=-0.5776505 nll=-0.5797952 kl=0.002144665 consistency=0 lambda=0 beta=1 grad=104.5571 horizon=220 lifetime=[476,1932] skipped=False
2026-08-30 18:25:59,027 | INFO | step=7820/20000 loss=-0.2894593 nll=-0.2955922 kl=0.006132945 consistency=0 lambda=0 beta=1 grad=33.98386 horizon=100 lifetime=[464,1081] skipped=False
2026-08-30 18:25:59,405 | INFO | step=7830/20000 loss=-1.16688 nll=-1.169657 kl=0.002776802 consistency=0 lambda=0 beta=1 grad=139.7459 horizon=260 lifetime=[456,1091] skipped=False
2026-08-30 18:25:59,805 | INFO | step=7840/20000 loss=-0.86652 nll=-0.8706812 kl=0.004161112 consistency=0 lambda=0 beta=1 grad=142.6971 horizon=120 lifetime=[461,856] skipped=False
2026-08-30 18:26:00,153 | INFO | step=7850/20000 loss=-0.9450545 nll=-0.9475052 kl=0.002450719 consistency=0 lambda=0 beta=1 grad=63.61501 horizon=200 lifetime=[442,1081] skipped=False
2026-08-30 18:26:00,538 | INFO | step=7860/20000 loss=-0.5037198 nll=-0.5067635 kl=0.003043629 consistency=0 lambda=0 beta=1 grad=74.57174 horizon=160 lifetime=[455,1834] skipped=False
2026-08-30 18:26:00,923 | INFO | step=7870/20000 loss=-0.2063437 nll=-0.2122619 kl=0.005918287 consistency=0 lambda=0 beta=1 grad=64.93462 horizon=260 lifetime=[428,1313] skipped=False
2026-08-30 18:26:01,287 | INFO | step=7880/20000 loss=-0.03958353 nll=-0.04429281 kl=0.004709274 consistency=0 lambda=0 beta=1 grad=106.4323 horizon=220 lifetime=[455,1932] skipped=False
2026-08-30 18:26:01,676 | INFO | step=7890/20000 loss=-1.19369 nll=-1.195443 kl=0.001752421 consistency=0 lambda=0 beta=1 grad=39.71119 horizon=140 lifetime=[484,1113] skipped=False
2026-08-30 18:26:02,102 | INFO | step=7900/20000 loss=-1.453354 nll=-1.457035 kl=0.003681317 consistency=0 lambda=0 beta=1 grad=131.9574 horizon=180 lifetime=[442,1282] skipped=False
2026-08-30 18:26:02,515 | INFO | step=7910/20000 loss=-0.4837125 nll=-0.4869229 kl=0.003210425 consistency=0 lambda=0 beta=1 grad=122.3234 horizon=180 lifetime=[442,2154] skipped=False
2026-08-30 18:26:02,905 | INFO | step=7920/20000 loss=-0.754905 nll=-0.7578307 kl=0.002925724 consistency=0 lambda=0 beta=1 grad=70.47445 horizon=140 lifetime=[299,1705] skipped=False
2026-08-30 18:26:03,281 | INFO | step=7930/20000 loss=-0.5555358 nll=-0.5593197 kl=0.003783919 consistency=0 lambda=0 beta=1 grad=72.05723 horizon=120 lifetime=[460,915] skipped=False
2026-08-30 18:26:03,693 | INFO | step=7940/20000 loss=-1.029394 nll=-1.0326 kl=0.00320524 consistency=0 lambda=0 beta=1 grad=25.86796 horizon=220 lifetime=[458,1113] skipped=False
2026-08-30 18:26:04,121 | INFO | step=7950/20000 loss=-0.631971 nll=-0.6329048 kl=0.0009337626 consistency=0 lambda=0 beta=1 grad=202.7363 horizon=280 lifetime=[464,1038] skipped=False
2026-08-30 18:26:04,509 | INFO | step=7960/20000 loss=-0.2798167 nll=-0.2821389 kl=0.002322204 consistency=0 lambda=0 beta=1 grad=28.33005 horizon=120 lifetime=[508,1313] skipped=False
2026-08-30 18:26:04,865 | INFO | step=7970/20000 loss=-0.7965666 nll=-0.8011573 kl=0.004590675 consistency=0 lambda=0 beta=1 grad=117.8986 horizon=300 lifetime=[428,1799] skipped=False
2026-08-30 18:26:05,265 | INFO | step=7980/20000 loss=-0.835728 nll=-0.8377873 kl=0.002059285 consistency=0 lambda=0 beta=1 grad=48.61881 horizon=220 lifetime=[443,1036] skipped=False
2026-08-30 18:26:05,597 | INFO | step=7990/20000 loss=0.1752519 nll=0.1735469 kl=0.00170508 consistency=0 lambda=0 beta=1 grad=341.2821 horizon=160 lifetime=[476,1143] skipped=False
2026-08-30 18:26:06,278 | INFO | validation step=8000 rmse=178.0921 best=168.2947@7000 stale=2/10
2026-08-30 18:26:06,278 | INFO | step=8000/20000 loss=-1.227119 nll=-1.229335 kl=0.002215602 consistency=0 lambda=0 beta=1 grad=188.9662 horizon=260 lifetime=[458,863] skipped=False
2026-08-30 18:26:06,775 | INFO | step=8010/20000 loss=-1.363752 nll=-1.365976 kl=0.002224356 consistency=0 lambda=0 beta=1 grad=33.98616 horizon=140 lifetime=[453,858] skipped=False
2026-08-30 18:26:07,141 | INFO | step=8020/20000 loss=-0.9634002 nll=-0.9662805 kl=0.002880298 consistency=0 lambda=0 beta=1 grad=100.1979 horizon=160 lifetime=[458,915] skipped=False
2026-08-30 18:26:07,541 | INFO | step=8030/20000 loss=-0.6007379 nll=-0.6020532 kl=0.001315229 consistency=0 lambda=0 beta=1 grad=121.8419 horizon=240 lifetime=[299,2154] skipped=False
2026-08-30 18:26:07,929 | INFO | step=8040/20000 loss=-0.8556653 nll=-0.858454 kl=0.002788708 consistency=0 lambda=0 beta=1 grad=171.2127 horizon=240 lifetime=[456,877] skipped=False
2026-08-30 18:26:08,315 | INFO | step=8050/20000 loss=-0.5922536 nll=-0.5969986 kl=0.004744962 consistency=0 lambda=0 beta=1 grad=43.93924 horizon=160 lifetime=[476,1154] skipped=False
2026-08-30 18:26:08,725 | INFO | step=8060/20000 loss=-0.6175311 nll=-0.6194118 kl=0.001880713 consistency=0 lambda=0 beta=1 grad=54.5352 horizon=140 lifetime=[460,1932] skipped=False
2026-08-30 18:26:09,147 | INFO | step=8070/20000 loss=-1.011803 nll=-1.017741 kl=0.005938247 consistency=0 lambda=0 beta=1 grad=79.83853 horizon=180 lifetime=[455,1000] skipped=False
2026-08-30 18:26:09,543 | INFO | step=8080/20000 loss=-0.6203239 nll=-0.6230243 kl=0.002700418 consistency=0 lambda=0 beta=1 grad=115.6976 horizon=240 lifetime=[443,2154] skipped=False
2026-08-30 18:26:09,967 | INFO | step=8090/20000 loss=-0.4304098 nll=-0.4338322 kl=0.003422409 consistency=0 lambda=0 beta=1 grad=84.51934 horizon=120 lifetime=[442,938] skipped=False
2026-08-30 18:26:10,338 | INFO | step=8100/20000 loss=-1.082818 nll=-1.086586 kl=0.003767312 consistency=0 lambda=0 beta=1 grad=88.87365 horizon=180 lifetime=[428,1081] skipped=False
2026-08-30 18:26:10,709 | INFO | step=8110/20000 loss=-0.9469784 nll=-0.9517925 kl=0.004814029 consistency=0 lambda=0 beta=1 grad=69.43857 horizon=180 lifetime=[299,1834] skipped=False
2026-08-30 18:26:11,155 | INFO | step=8120/20000 loss=-1.348878 nll=-1.350722 kl=0.001843676 consistency=0 lambda=0 beta=1 grad=29.40575 horizon=220 lifetime=[455,1143] skipped=False
2026-08-30 18:26:11,525 | INFO | step=8130/20000 loss=-0.7494736 nll=-0.7546552 kl=0.005181596 consistency=0 lambda=0 beta=1 grad=95.86055 horizon=200 lifetime=[464,991] skipped=False
2026-08-30 18:26:11,895 | INFO | step=8140/20000 loss=-0.5433054 nll=-0.551641 kl=0.00833559 consistency=0 lambda=0 beta=1 grad=56.04158 horizon=120 lifetime=[299,875] skipped=False
2026-08-30 18:26:12,287 | INFO | step=8150/20000 loss=-0.6537731 nll=-0.6577851 kl=0.004011959 consistency=0 lambda=0 beta=1 grad=46.19127 horizon=260 lifetime=[299,1313] skipped=False
2026-08-30 18:26:12,676 | INFO | step=8160/20000 loss=-0.6299076 nll=-0.6349061 kl=0.004998475 consistency=0 lambda=0 beta=1 grad=118.3578 horizon=200 lifetime=[442,1071] skipped=False
2026-08-30 18:26:13,095 | INFO | step=8170/20000 loss=-0.6591876 nll=-0.6633667 kl=0.00417912 consistency=0 lambda=0 beta=1 grad=50.16568 horizon=100 lifetime=[442,1055] skipped=False
2026-08-30 18:26:13,540 | INFO | step=8180/20000 loss=-0.5343419 nll=-0.5358303 kl=0.001488388 consistency=0 lambda=0 beta=1 grad=51.43917 horizon=200 lifetime=[649,1156] skipped=False
2026-08-30 18:26:13,921 | INFO | step=8190/20000 loss=-0.9650297 nll=-0.968423 kl=0.003393263 consistency=0 lambda=0 beta=1 grad=285.7837 horizon=220 lifetime=[442,1705] skipped=False
2026-08-30 18:26:14,347 | INFO | step=8200/20000 loss=-0.7142016 nll=-0.715582 kl=0.001380414 consistency=0 lambda=0 beta=1 grad=129.626 horizon=300 lifetime=[461,1834] skipped=False
2026-08-30 18:26:14,746 | INFO | step=8210/20000 loss=-0.4036055 nll=-0.4073892 kl=0.003783673 consistency=0 lambda=0 beta=1 grad=88.7886 horizon=240 lifetime=[299,1932] skipped=False
2026-08-30 18:26:15,143 | INFO | step=8220/20000 loss=-1.026165 nll=-1.028606 kl=0.002440795 consistency=0 lambda=0 beta=1 grad=109.5226 horizon=300 lifetime=[494,942] skipped=False
2026-08-30 18:26:15,592 | INFO | step=8230/20000 loss=-0.8930978 nll=-0.8943919 kl=0.001294062 consistency=0 lambda=0 beta=1 grad=131.052 horizon=300 lifetime=[443,1932] skipped=False
2026-08-30 18:26:16,022 | INFO | step=8240/20000 loss=-1.095944 nll=-1.101106 kl=0.005161852 consistency=0 lambda=0 beta=1 grad=376.2846 horizon=280 lifetime=[461,771] skipped=False
2026-08-30 18:26:16,412 | INFO | step=8250/20000 loss=-0.2645096 nll=-0.2704163 kl=0.005906701 consistency=0 lambda=0 beta=1 grad=145.1217 horizon=280 lifetime=[494,1282] skipped=False
2026-08-30 18:26:16,786 | INFO | step=8260/20000 loss=-1.014039 nll=-1.018111 kl=0.0040728 consistency=0 lambda=0 beta=1 grad=46.55426 horizon=180 lifetime=[443,887] skipped=False
2026-08-30 18:26:17,116 | INFO | step=8270/20000 loss=-1.25954 nll=-1.265028 kl=0.005487978 consistency=0 lambda=0 beta=1 grad=42.96758 horizon=140 lifetime=[453,863] skipped=False
2026-08-30 18:26:17,529 | INFO | step=8280/20000 loss=1.703819 nll=1.702102 kl=0.001717478 consistency=0 lambda=0 beta=1 grad=376.9339 horizon=140 lifetime=[428,1154] skipped=False
2026-08-30 18:26:17,886 | INFO | step=8290/20000 loss=-1.449901 nll=-1.452354 kl=0.002453282 consistency=0 lambda=0 beta=1 grad=38.37992 horizon=180 lifetime=[428,877] skipped=False
2026-08-30 18:26:18,263 | INFO | step=8300/20000 loss=-1.143983 nll=-1.15199 kl=0.008007288 consistency=0 lambda=0 beta=1 grad=123.524 horizon=140 lifetime=[453,906] skipped=False
2026-08-30 18:26:18,642 | INFO | step=8310/20000 loss=-0.566278 nll=-0.5693387 kl=0.003060699 consistency=0 lambda=0 beta=1 grad=130.5186 horizon=180 lifetime=[460,1154] skipped=False
2026-08-30 18:26:19,047 | INFO | step=8320/20000 loss=-0.539248 nll=-0.5420071 kl=0.002759069 consistency=0 lambda=0 beta=1 grad=232.0099 horizon=240 lifetime=[476,1036] skipped=False
2026-08-30 18:26:19,448 | INFO | step=8330/20000 loss=-0.8889598 nll=-0.8925765 kl=0.003616631 consistency=0 lambda=0 beta=1 grad=85.88976 horizon=180 lifetime=[299,1081] skipped=False
2026-08-30 18:26:19,818 | INFO | step=8340/20000 loss=-1.102793 nll=-1.109861 kl=0.007067844 consistency=0 lambda=0 beta=1 grad=65.22641 horizon=120 lifetime=[455,858] skipped=False
2026-08-30 18:26:20,219 | INFO | step=8350/20000 loss=-0.9262567 nll=-0.9304913 kl=0.004234597 consistency=0 lambda=0 beta=1 grad=128.8662 horizon=140 lifetime=[428,938] skipped=False
2026-08-30 18:26:20,629 | INFO | step=8360/20000 loss=-0.7617819 nll=-0.7645106 kl=0.002728626 consistency=0 lambda=0 beta=1 grad=25.99576 horizon=180 lifetime=[458,1061] skipped=False
2026-08-30 18:26:21,082 | INFO | step=8370/20000 loss=-0.4897451 nll=-0.4915456 kl=0.001800597 consistency=0 lambda=0 beta=1 grad=60.06032 horizon=300 lifetime=[742,1152] skipped=False
2026-08-30 18:26:21,478 | INFO | step=8380/20000 loss=-1.110241 nll=-1.115986 kl=0.005745545 consistency=0 lambda=0 beta=1 grad=94.59734 horizon=140 lifetime=[443,1156] skipped=False
2026-08-30 18:26:21,884 | INFO | step=8390/20000 loss=-0.2503313 nll=-0.256835 kl=0.006503642 consistency=0 lambda=0 beta=1 grad=450.3533 horizon=300 lifetime=[497,1282] skipped=False
2026-08-30 18:26:22,259 | INFO | step=8400/20000 loss=0.6333543 nll=0.6281654 kl=0.005188927 consistency=0 lambda=0 beta=1 grad=323.2576 horizon=100 lifetime=[465,1154] skipped=False
2026-08-30 18:26:22,670 | INFO | step=8410/20000 loss=-0.07254289 nll=-0.07526526 kl=0.002722368 consistency=0 lambda=0 beta=1 grad=385.61 horizon=300 lifetime=[456,1000] skipped=False
2026-08-30 18:26:23,084 | INFO | step=8420/20000 loss=0.1671456 nll=0.1655253 kl=0.001620293 consistency=0 lambda=0 beta=1 grad=188.6163 horizon=180 lifetime=[465,1152] skipped=False
2026-08-30 18:26:23,525 | INFO | step=8430/20000 loss=-0.2283017 nll=-0.2318705 kl=0.003568813 consistency=0 lambda=0 beta=1 grad=22.14432 horizon=100 lifetime=[461,1282] skipped=False
2026-08-30 18:26:23,968 | INFO | step=8440/20000 loss=-1.04878 nll=-1.050814 kl=0.002034232 consistency=0 lambda=0 beta=1 grad=78.6216 horizon=240 lifetime=[456,1052] skipped=False
2026-08-30 18:26:24,376 | INFO | step=8450/20000 loss=-0.4533869 nll=-0.455545 kl=0.00215809 consistency=0 lambda=0 beta=1 grad=186.2266 horizon=220 lifetime=[687,1091] skipped=False
2026-08-30 18:26:24,743 | INFO | step=8460/20000 loss=-0.8441574 nll=-0.8491129 kl=0.004955485 consistency=0 lambda=0 beta=1 grad=42.70285 horizon=100 lifetime=[460,1282] skipped=False
2026-08-30 18:26:25,128 | INFO | step=8470/20000 loss=-1.164609 nll=-1.166593 kl=0.001984239 consistency=0 lambda=0 beta=1 grad=289.7848 horizon=280 lifetime=[486,1154] skipped=False
2026-08-30 18:26:25,567 | INFO | step=8480/20000 loss=-0.7256361 nll=-0.7322326 kl=0.006596521 consistency=0 lambda=0 beta=1 grad=247.847 horizon=220 lifetime=[476,1834] skipped=False
2026-08-30 18:26:25,975 | INFO | step=8490/20000 loss=-0.1561191 nll=-0.1599791 kl=0.003860041 consistency=0 lambda=0 beta=1 grad=73.37917 horizon=100 lifetime=[147,2154] skipped=False
2026-08-30 18:26:26,628 | INFO | validation step=8500 rmse=173.7208 best=168.2947@7000 stale=3/10
2026-08-30 18:26:26,628 | INFO | step=8500/20000 loss=-0.3492622 nll=-0.3517349 kl=0.002472773 consistency=0 lambda=0 beta=1 grad=136.4679 horizon=240 lifetime=[299,1834] skipped=False
2026-08-30 18:26:27,073 | INFO | step=8510/20000 loss=-1.163902 nll=-1.165106 kl=0.00120391 consistency=0 lambda=0 beta=1 grad=118.1092 horizon=220 lifetime=[460,1055] skipped=False
2026-08-30 18:26:27,460 | INFO | step=8520/20000 loss=-0.7697402 nll=-0.7729088 kl=0.003168628 consistency=0 lambda=0 beta=1 grad=183.3561 horizon=260 lifetime=[453,1313] skipped=False
2026-08-30 18:26:27,813 | INFO | step=8530/20000 loss=-1.351455 nll=-1.354209 kl=0.002753288 consistency=0 lambda=0 beta=1 grad=154.305 horizon=140 lifetime=[453,856] skipped=False
2026-08-30 18:26:28,217 | INFO | step=8540/20000 loss=-1.431253 nll=-1.433064 kl=0.001811624 consistency=0 lambda=0 beta=1 grad=169.6992 horizon=280 lifetime=[467,1052] skipped=False
2026-08-30 18:26:28,624 | INFO | step=8550/20000 loss=-0.9823387 nll=-0.9856865 kl=0.003347769 consistency=0 lambda=0 beta=1 grad=150.7302 horizon=160 lifetime=[442,1156] skipped=False
2026-08-30 18:26:29,042 | INFO | step=8560/20000 loss=-0.6563181 nll=-0.6602926 kl=0.003974527 consistency=0 lambda=0 beta=1 grad=282.3748 horizon=260 lifetime=[476,1313] skipped=False
2026-08-30 18:26:29,396 | INFO | step=8570/20000 loss=-1.140465 nll=-1.145407 kl=0.004941493 consistency=0 lambda=0 beta=1 grad=63.84891 horizon=140 lifetime=[453,1038] skipped=False
2026-08-30 18:26:29,836 | INFO | step=8580/20000 loss=1.896866 nll=1.894137 kl=0.002728924 consistency=0 lambda=0 beta=1 grad=297.8418 horizon=120 lifetime=[443,1313] skipped=False
2026-08-30 18:26:30,293 | INFO | step=8590/20000 loss=-0.7835362 nll=-0.7857381 kl=0.002201885 consistency=0 lambda=0 beta=1 grad=22.44902 horizon=240 lifetime=[497,1932] skipped=False
2026-08-30 18:26:30,637 | INFO | step=8600/20000 loss=-1.013125 nll=-1.01492 kl=0.001795173 consistency=0 lambda=0 beta=1 grad=44.91496 horizon=140 lifetime=[470,1052] skipped=False
2026-08-30 18:26:31,040 | INFO | step=8610/20000 loss=-1.106331 nll=-1.108533 kl=0.002202168 consistency=0 lambda=0 beta=1 grad=87.00691 horizon=220 lifetime=[458,1834] skipped=False
2026-08-30 18:26:31,430 | INFO | step=8620/20000 loss=-0.1300087 nll=-0.1326253 kl=0.002616659 consistency=0 lambda=0 beta=1 grad=55.60463 horizon=100 lifetime=[480,2154] skipped=False
2026-08-30 18:26:31,830 | INFO | step=8630/20000 loss=-0.05851983 nll=-0.05988894 kl=0.001369119 consistency=0 lambda=0 beta=1 grad=309.1222 horizon=200 lifetime=[512,1143] skipped=False
2026-08-30 18:26:32,214 | INFO | step=8640/20000 loss=-1.438543 nll=-1.441521 kl=0.002977818 consistency=0 lambda=0 beta=1 grad=153.3873 horizon=260 lifetime=[443,938] skipped=False
2026-08-30 18:26:32,654 | INFO | step=8650/20000 loss=0.215317 nll=0.2124454 kl=0.002871647 consistency=0 lambda=0 beta=1 grad=133.4079 horizon=160 lifetime=[443,1834] skipped=False
2026-08-30 18:26:33,050 | INFO | step=8660/20000 loss=-0.002064988 nll=-0.005087286 kl=0.003022298 consistency=0 lambda=0 beta=1 grad=118.7392 horizon=120 lifetime=[476,1932] skipped=False
2026-08-30 18:26:33,434 | INFO | step=8670/20000 loss=0.7184931 nll=0.7138132 kl=0.004679948 consistency=0 lambda=0 beta=1 grad=256.4195 horizon=100 lifetime=[453,1025] skipped=False
2026-08-30 18:26:33,835 | INFO | step=8680/20000 loss=-0.1701348 nll=-0.1732268 kl=0.003091976 consistency=0 lambda=0 beta=1 grad=38.06392 horizon=120 lifetime=[453,1152] skipped=False
2026-08-30 18:26:34,234 | INFO | step=8690/20000 loss=-0.9749799 nll=-0.9780227 kl=0.003042787 consistency=0 lambda=0 beta=1 grad=51.89079 horizon=160 lifetime=[455,1799] skipped=False
2026-08-30 18:26:34,609 | INFO | step=8700/20000 loss=0.3185826 nll=0.3089202 kl=0.009662375 consistency=0 lambda=0 beta=1 grad=38.30771 horizon=100 lifetime=[147,1834] skipped=False
2026-08-30 18:26:35,037 | INFO | step=8710/20000 loss=-1.148479 nll=-1.151203 kl=0.002724141 consistency=0 lambda=0 beta=1 grad=89.03795 horizon=280 lifetime=[428,1081] skipped=False
2026-08-30 18:26:35,472 | INFO | step=8720/20000 loss=-0.7966397 nll=-0.7991967 kl=0.002557009 consistency=0 lambda=0 beta=1 grad=201.8122 horizon=220 lifetime=[428,1834] skipped=False
2026-08-30 18:26:35,906 | INFO | step=8730/20000 loss=-1.163392 nll=-1.164512 kl=0.001119852 consistency=0 lambda=0 beta=1 grad=177.6582 horizon=280 lifetime=[476,875] skipped=False
2026-08-30 18:26:36,318 | INFO | step=8740/20000 loss=-0.9257824 nll=-0.928468 kl=0.002685592 consistency=0 lambda=0 beta=1 grad=154.3945 horizon=120 lifetime=[453,1282] skipped=False
2026-08-30 18:26:36,685 | INFO | step=8750/20000 loss=-1.178859 nll=-1.181165 kl=0.002306119 consistency=0 lambda=0 beta=1 grad=23.99431 horizon=180 lifetime=[458,1156] skipped=False
2026-08-30 18:26:37,113 | INFO | step=8760/20000 loss=-0.9678054 nll=-0.9704672 kl=0.002661794 consistency=0 lambda=0 beta=1 grad=121.088 horizon=280 lifetime=[460,1313] skipped=False
2026-08-30 18:26:37,503 | INFO | step=8770/20000 loss=-0.4175849 nll=-0.4223046 kl=0.004719675 consistency=0 lambda=0 beta=1 grad=55.08756 horizon=160 lifetime=[486,2154] skipped=False
2026-08-30 18:26:37,886 | INFO | step=8780/20000 loss=-0.5781149 nll=-0.5818345 kl=0.003719628 consistency=0 lambda=0 beta=1 grad=43.58103 horizon=120 lifetime=[442,1834] skipped=False
2026-08-30 18:26:38,318 | INFO | step=8790/20000 loss=-1.255623 nll=-1.257964 kl=0.002340958 consistency=0 lambda=0 beta=1 grad=167.2059 horizon=300 lifetime=[428,938] skipped=False
2026-08-30 18:26:38,748 | INFO | step=8800/20000 loss=-1.069038 nll=-1.071381 kl=0.002343029 consistency=0 lambda=0 beta=1 grad=52.57869 horizon=160 lifetime=[458,1282] skipped=False
2026-08-30 18:26:39,170 | INFO | step=8810/20000 loss=-1.135597 nll=-1.139881 kl=0.004283324 consistency=0 lambda=0 beta=1 grad=88.43221 horizon=240 lifetime=[486,906] skipped=False
2026-08-30 18:26:39,539 | INFO | step=8820/20000 loss=-0.1648219 nll=-0.1680649 kl=0.00324294 consistency=0 lambda=0 beta=1 grad=492.4914 horizon=240 lifetime=[443,1025] skipped=False
2026-08-30 18:26:39,952 | INFO | step=8830/20000 loss=0.1695401 nll=0.1652688 kl=0.004271239 consistency=0 lambda=0 beta=1 grad=420.7557 horizon=300 lifetime=[456,921] skipped=False
2026-08-30 18:26:40,326 | INFO | step=8840/20000 loss=0.1463178 nll=0.1420489 kl=0.004268929 consistency=0 lambda=0 beta=1 grad=327.9044 horizon=220 lifetime=[453,1932] skipped=False
2026-08-30 18:26:40,691 | INFO | step=8850/20000 loss=-0.6565829 nll=-0.6596495 kl=0.003066584 consistency=0 lambda=0 beta=1 grad=164.0969 horizon=140 lifetime=[484,891] skipped=False
2026-08-30 18:26:41,093 | INFO | step=8860/20000 loss=-1.618609 nll=-1.622625 kl=0.004016116 consistency=0 lambda=0 beta=1 grad=45.74468 horizon=260 lifetime=[453,1152] skipped=False
2026-08-30 18:26:41,511 | INFO | step=8870/20000 loss=-0.7303435 nll=-0.7324038 kl=0.002060324 consistency=0 lambda=0 beta=1 grad=76.99673 horizon=220 lifetime=[442,1154] skipped=False
2026-08-30 18:26:41,923 | INFO | step=8880/20000 loss=-0.9696127 nll=-0.9722427 kl=0.002629995 consistency=0 lambda=0 beta=1 grad=82.23802 horizon=160 lifetime=[476,887] skipped=False
2026-08-30 18:26:42,309 | INFO | step=8890/20000 loss=-1.089584 nll=-1.09514 kl=0.005556345 consistency=0 lambda=0 beta=1 grad=53.76306 horizon=300 lifetime=[700,1152] skipped=False
2026-08-30 18:26:42,704 | INFO | step=8900/20000 loss=-0.3571257 nll=-0.3584494 kl=0.0013237 consistency=0 lambda=0 beta=1 grad=156.0804 horizon=300 lifetime=[470,1091] skipped=False
2026-08-30 18:26:43,116 | INFO | step=8910/20000 loss=-0.986071 nll=-0.9875149 kl=0.001443923 consistency=0 lambda=0 beta=1 grad=80.00127 horizon=180 lifetime=[428,909] skipped=False
2026-08-30 18:26:43,508 | INFO | step=8920/20000 loss=-1.066098 nll=-1.069221 kl=0.00312379 consistency=0 lambda=0 beta=1 grad=92.20305 horizon=260 lifetime=[453,1313] skipped=False
2026-08-30 18:26:43,924 | INFO | step=8930/20000 loss=-0.251058 nll=-0.2546799 kl=0.003621936 consistency=0 lambda=0 beta=1 grad=31.73511 horizon=100 lifetime=[512,1313] skipped=False
2026-08-30 18:26:44,317 | INFO | step=8940/20000 loss=-0.559959 nll=-0.5635949 kl=0.003635868 consistency=0 lambda=0 beta=1 grad=80.40808 horizon=140 lifetime=[460,1071] skipped=False
2026-08-30 18:26:44,677 | INFO | step=8950/20000 loss=-0.8855524 nll=-0.8888722 kl=0.00331977 consistency=0 lambda=0 beta=1 grad=196.6642 horizon=200 lifetime=[470,1091] skipped=False
2026-08-30 18:26:45,066 | INFO | step=8960/20000 loss=-1.35258 nll=-1.355734 kl=0.003154725 consistency=0 lambda=0 beta=1 grad=57.70611 horizon=280 lifetime=[476,1091] skipped=False
2026-08-30 18:26:45,504 | INFO | step=8970/20000 loss=-0.9705707 nll=-0.9757644 kl=0.00519371 consistency=0 lambda=0 beta=1 grad=101.524 horizon=220 lifetime=[460,1071] skipped=False
2026-08-30 18:26:45,919 | INFO | step=8980/20000 loss=-0.640202 nll=-0.642849 kl=0.002647012 consistency=0 lambda=0 beta=1 grad=95.75904 horizon=240 lifetime=[455,915] skipped=False
2026-08-30 18:26:46,272 | INFO | step=8990/20000 loss=-1.542829 nll=-1.544805 kl=0.001975685 consistency=0 lambda=0 beta=1 grad=112.4165 horizon=240 lifetime=[456,1055] skipped=False
2026-08-30 18:26:46,926 | INFO | validation step=9000 rmse=184.2749 best=168.2947@7000 stale=4/10
2026-08-30 18:26:46,926 | INFO | step=9000/20000 loss=-0.749772 nll=-0.7513818 kl=0.001609758 consistency=0 lambda=0 beta=1 grad=38.31194 horizon=100 lifetime=[455,1000] skipped=False
2026-08-30 18:26:47,374 | INFO | step=9010/20000 loss=-0.37098 nll=-0.3741392 kl=0.003159195 consistency=0 lambda=0 beta=1 grad=232.6674 horizon=280 lifetime=[476,1834] skipped=False
2026-08-30 18:26:47,729 | INFO | step=9020/20000 loss=-0.6102221 nll=-0.6112216 kl=0.0009994358 consistency=0 lambda=0 beta=1 grad=125.0579 horizon=200 lifetime=[470,1313] skipped=False
2026-08-30 18:26:48,110 | INFO | step=9030/20000 loss=-0.5799011 nll=-0.582299 kl=0.00239791 consistency=0 lambda=0 beta=1 grad=66.40384 horizon=200 lifetime=[480,1834] skipped=False
2026-08-30 18:26:48,498 | INFO | step=9040/20000 loss=-0.4546355 nll=-0.4589218 kl=0.004286259 consistency=0 lambda=0 beta=1 grad=77.6126 horizon=100 lifetime=[486,1055] skipped=False
2026-08-30 18:26:48,895 | INFO | step=9050/20000 loss=0.1154971 nll=0.1077876 kl=0.007709533 consistency=0 lambda=0 beta=1 grad=75.65091 horizon=100 lifetime=[299,1036] skipped=False
2026-08-30 18:26:49,292 | INFO | step=9060/20000 loss=-0.7213455 nll=-0.7248043 kl=0.003458768 consistency=0 lambda=0 beta=1 grad=106.8867 horizon=200 lifetime=[493,1834] skipped=False
2026-08-30 18:26:49,684 | INFO | step=9070/20000 loss=-0.520364 nll=-0.5234991 kl=0.00313507 consistency=0 lambda=0 beta=1 grad=45.07399 horizon=120 lifetime=[467,1705] skipped=False
2026-08-30 18:26:50,103 | INFO | step=9080/20000 loss=-0.8989609 nll=-0.9014172 kl=0.002456233 consistency=0 lambda=0 beta=1 grad=68.98985 horizon=200 lifetime=[442,1154] skipped=False
2026-08-30 18:26:50,520 | INFO | step=9090/20000 loss=-0.8775766 nll=-0.8793507 kl=0.001774117 consistency=0 lambda=0 beta=1 grad=195.0661 horizon=240 lifetime=[498,1705] skipped=False
2026-08-30 18:26:50,912 | INFO | step=9100/20000 loss=-0.3067858 nll=-0.3098418 kl=0.003056049 consistency=0 lambda=0 beta=1 grad=67.48844 horizon=240 lifetime=[677,1932] skipped=False
2026-08-30 18:26:51,315 | INFO | step=9110/20000 loss=-1.613412 nll=-1.615824 kl=0.002411678 consistency=0 lambda=0 beta=1 grad=34.36935 horizon=220 lifetime=[458,1038] skipped=False
2026-08-30 18:26:51,671 | INFO | step=9120/20000 loss=-1.072125 nll=-1.073642 kl=0.001517355 consistency=0 lambda=0 beta=1 grad=70.08288 horizon=140 lifetime=[460,1154] skipped=False
2026-08-30 18:26:52,091 | INFO | step=9130/20000 loss=-0.5420639 nll=-0.5440585 kl=0.001994625 consistency=0 lambda=0 beta=1 grad=192.9394 horizon=300 lifetime=[464,1932] skipped=False
2026-08-30 18:26:52,651 | INFO | step=9140/20000 loss=-1.089377 nll=-1.094179 kl=0.004802048 consistency=0 lambda=0 beta=1 grad=117.5032 horizon=100 lifetime=[428,906] skipped=False
2026-08-30 18:26:53,063 | INFO | step=9150/20000 loss=-0.07204741 nll=-0.07442743 kl=0.002380013 consistency=0 lambda=0 beta=1 grad=137.9958 horizon=180 lifetime=[465,1282] skipped=False
2026-08-30 18:26:53,466 | INFO | step=9160/20000 loss=-1.263941 nll=-1.265652 kl=0.001711577 consistency=0 lambda=0 beta=1 grad=41.59545 horizon=240 lifetime=[443,1055] skipped=False
2026-08-30 18:26:53,819 | INFO | step=9170/20000 loss=-0.06581737 nll=-0.06776242 kl=0.001945049 consistency=0 lambda=0 beta=1 grad=87.65759 horizon=120 lifetime=[442,1038] skipped=False
2026-08-30 18:26:54,189 | INFO | step=9180/20000 loss=-1.067609 nll=-1.071686 kl=0.004077017 consistency=0 lambda=0 beta=1 grad=64.39567 horizon=140 lifetime=[453,1143] skipped=False
2026-08-30 18:26:54,574 | INFO | step=9190/20000 loss=-0.8276531 nll=-0.8338676 kl=0.006214514 consistency=0 lambda=0 beta=1 grad=55.96082 horizon=160 lifetime=[486,1834] skipped=False
2026-08-30 18:26:54,944 | INFO | step=9200/20000 loss=-0.1883037 nll=-0.1915005 kl=0.003196716 consistency=0 lambda=0 beta=1 grad=212.3643 horizon=140 lifetime=[443,1156] skipped=False
2026-08-30 18:26:55,343 | INFO | step=9210/20000 loss=-1.499644 nll=-1.500826 kl=0.001181871 consistency=0 lambda=0 beta=1 grad=165.6692 horizon=260 lifetime=[465,875] skipped=False
2026-08-30 18:26:55,714 | INFO | step=9220/20000 loss=-1.494616 nll=-1.496509 kl=0.001892403 consistency=0 lambda=0 beta=1 grad=36.42064 horizon=260 lifetime=[460,1156] skipped=False
2026-08-30 18:26:56,082 | INFO | step=9230/20000 loss=-0.2583697 nll=-0.262474 kl=0.004104272 consistency=0 lambda=0 beta=1 grad=258.4883 horizon=120 lifetime=[428,1156] skipped=False
2026-08-30 18:26:56,452 | INFO | step=9240/20000 loss=-0.3952296 nll=-0.3970785 kl=0.001848981 consistency=0 lambda=0 beta=1 grad=164.8949 horizon=140 lifetime=[443,991] skipped=False
2026-08-30 18:26:56,855 | INFO | step=9250/20000 loss=-1.236844 nll=-1.238876 kl=0.002032131 consistency=0 lambda=0 beta=1 grad=79.08897 horizon=240 lifetime=[428,1081] skipped=False
2026-08-30 18:26:57,282 | INFO | step=9260/20000 loss=-1.471759 nll=-1.476918 kl=0.005159169 consistency=0 lambda=0 beta=1 grad=37.05229 horizon=140 lifetime=[428,909] skipped=False
2026-08-30 18:26:57,741 | INFO | step=9270/20000 loss=-0.6962004 nll=-0.6971602 kl=0.0009597391 consistency=0 lambda=0 beta=1 grad=140.5698 horizon=300 lifetime=[508,1156] skipped=False
2026-08-30 18:26:58,170 | INFO | step=9280/20000 loss=-0.3732033 nll=-0.3788177 kl=0.0056144 consistency=0 lambda=0 beta=1 grad=196.9758 horizon=300 lifetime=[486,1834] skipped=False
2026-08-30 18:26:58,573 | INFO | step=9290/20000 loss=-0.8850766 nll=-0.887041 kl=0.001964465 consistency=0 lambda=0 beta=1 grad=172.7672 horizon=280 lifetime=[464,1313] skipped=False
2026-08-30 18:26:58,987 | INFO | step=9300/20000 loss=-0.6119096 nll=-0.6151147 kl=0.003205076 consistency=0 lambda=0 beta=1 grad=120.1616 horizon=260 lifetime=[464,1834] skipped=False
2026-08-30 18:26:59,358 | INFO | step=9310/20000 loss=2.180649 nll=2.173135 kl=0.007513791 consistency=0 lambda=0 beta=1 grad=483.9019 horizon=240 lifetime=[467,1932] skipped=False
2026-08-30 18:26:59,744 | INFO | step=9320/20000 loss=-0.9725887 nll=-0.980556 kl=0.007967353 consistency=0 lambda=0 beta=1 grad=181.8617 horizon=120 lifetime=[453,1055] skipped=False
2026-08-30 18:27:00,135 | INFO | step=9330/20000 loss=-1.418084 nll=-1.42584 kl=0.007756144 consistency=0 lambda=0 beta=1 grad=54.00587 horizon=200 lifetime=[299,1156] skipped=False
2026-08-30 18:27:00,551 | INFO | step=9340/20000 loss=-1.279926 nll=-1.28236 kl=0.002434045 consistency=0 lambda=0 beta=1 grad=92.14632 horizon=300 lifetime=[614,868] skipped=False
2026-08-30 18:27:00,954 | INFO | step=9350/20000 loss=-0.9072987 nll=-0.9102322 kl=0.002933562 consistency=0 lambda=0 beta=1 grad=67.23796 horizon=260 lifetime=[460,1834] skipped=False
2026-08-30 18:27:01,314 | INFO | step=9360/20000 loss=-0.5755371 nll=-0.5768923 kl=0.001355112 consistency=0 lambda=0 beta=1 grad=191.5814 horizon=260 lifetime=[498,887] skipped=False
2026-08-30 18:27:01,697 | INFO | step=9370/20000 loss=-0.4772217 nll=-0.4781494 kl=0.0009276867 consistency=0 lambda=0 beta=1 grad=137.0933 horizon=200 lifetime=[512,1834] skipped=False
2026-08-30 18:27:02,094 | INFO | step=9380/20000 loss=-0.918864 nll=-0.9213166 kl=0.002452552 consistency=0 lambda=0 beta=1 grad=143.168 horizon=260 lifetime=[505,2154] skipped=False
2026-08-30 18:27:02,424 | INFO | step=9390/20000 loss=-0.4345307 nll=-0.4365961 kl=0.002065361 consistency=0 lambda=0 beta=1 grad=71.79652 horizon=260 lifetime=[497,1834] skipped=False
2026-08-30 18:27:02,838 | INFO | step=9400/20000 loss=-0.07186328 nll=-0.07590994 kl=0.004046664 consistency=0 lambda=0 beta=1 grad=354.2369 horizon=160 lifetime=[470,1071] skipped=False
2026-08-30 18:27:03,233 | INFO | step=9410/20000 loss=-1.155591 nll=-1.15681 kl=0.001218319 consistency=0 lambda=0 beta=1 grad=165.1494 horizon=300 lifetime=[456,1932] skipped=False
2026-08-30 18:27:03,597 | INFO | step=9420/20000 loss=-0.03243235 nll=-0.0362117 kl=0.003779352 consistency=0 lambda=0 beta=1 grad=114.9757 horizon=180 lifetime=[656,2154] skipped=False
2026-08-30 18:27:03,990 | INFO | step=9430/20000 loss=-0.9151148 nll=-0.9200626 kl=0.004947811 consistency=0 lambda=0 beta=1 grad=237.2522 horizon=300 lifetime=[500,1705] skipped=False
2026-08-30 18:27:04,368 | INFO | step=9440/20000 loss=-0.123221 nll=-0.1306354 kl=0.00741443 consistency=0 lambda=0 beta=1 grad=102.0782 horizon=120 lifetime=[508,2154] skipped=False
2026-08-30 18:27:04,734 | INFO | step=9450/20000 loss=-0.8422029 nll=-0.846619 kl=0.004416019 consistency=0 lambda=0 beta=1 grad=70.08333 horizon=120 lifetime=[456,1036] skipped=False
2026-08-30 18:27:05,157 | INFO | step=9460/20000 loss=-0.3849066 nll=-0.3873307 kl=0.002424031 consistency=0 lambda=0 beta=1 grad=163.2159 horizon=300 lifetime=[456,1932] skipped=False
2026-08-30 18:27:05,535 | INFO | step=9470/20000 loss=-0.4368463 nll=-0.4412208 kl=0.004374534 consistency=0 lambda=0 beta=1 grad=47.16156 horizon=120 lifetime=[497,1705] skipped=False
2026-08-30 18:27:05,914 | INFO | step=9480/20000 loss=-1.189803 nll=-1.19257 kl=0.002767324 consistency=0 lambda=0 beta=1 grad=119.8593 horizon=240 lifetime=[486,1081] skipped=False
2026-08-30 18:27:06,275 | INFO | step=9490/20000 loss=-0.7424756 nll=-0.7444206 kl=0.001945019 consistency=0 lambda=0 beta=1 grad=192.5722 horizon=160 lifetime=[467,1091] skipped=False
2026-08-30 18:27:06,957 | INFO | validation step=9500 rmse=212.5769 best=168.2947@7000 stale=5/10
2026-08-30 18:27:06,957 | INFO | step=9500/20000 loss=-1.388597 nll=-1.392155 kl=0.003558099 consistency=0 lambda=0 beta=1 grad=125.2911 horizon=300 lifetime=[461,891] skipped=False
2026-08-30 18:27:07,490 | INFO | step=9510/20000 loss=-0.7785306 nll=-0.7801264 kl=0.001595825 consistency=0 lambda=0 beta=1 grad=61.24279 horizon=240 lifetime=[455,1081] skipped=False
2026-08-30 18:27:07,908 | INFO | step=9520/20000 loss=-0.8560488 nll=-0.8579326 kl=0.001883805 consistency=0 lambda=0 beta=1 grad=119.7014 horizon=300 lifetime=[442,1799] skipped=False
2026-08-30 18:27:08,306 | INFO | step=9530/20000 loss=-0.5110866 nll=-0.5122988 kl=0.00121215 consistency=0 lambda=0 beta=1 grad=346.2948 horizon=260 lifetime=[461,1113] skipped=False
2026-08-30 18:27:08,756 | INFO | step=9540/20000 loss=-0.06220715 nll=-0.06334078 kl=0.001133621 consistency=0 lambda=0 beta=1 grad=158.7091 horizon=300 lifetime=[455,1313] skipped=False
2026-08-30 18:27:09,116 | INFO | step=9550/20000 loss=0.7103491 nll=0.7056452 kl=0.004703909 consistency=0 lambda=0 beta=1 grad=264.3107 horizon=100 lifetime=[464,1932] skipped=False
2026-08-30 18:27:09,513 | INFO | step=9560/20000 loss=-1.295826 nll=-1.297042 kl=0.001216054 consistency=0 lambda=0 beta=1 grad=97.26457 horizon=300 lifetime=[465,1152] skipped=False
2026-08-30 18:27:09,923 | INFO | step=9570/20000 loss=-0.7244566 nll=-0.7264464 kl=0.001989782 consistency=0 lambda=0 beta=1 grad=74.81621 horizon=200 lifetime=[465,1799] skipped=False
2026-08-30 18:27:10,326 | INFO | step=9580/20000 loss=0.5140362 nll=0.5084856 kl=0.005550563 consistency=0 lambda=0 beta=1 grad=161.0222 horizon=100 lifetime=[428,1156] skipped=False
2026-08-30 18:27:10,762 | INFO | step=9590/20000 loss=-0.4416056 nll=-0.4437227 kl=0.002117097 consistency=0 lambda=0 beta=1 grad=143.5841 horizon=160 lifetime=[458,1038] skipped=False
2026-08-30 18:27:11,160 | INFO | step=9600/20000 loss=0.517668 nll=0.5103486 kl=0.007319421 consistency=0 lambda=0 beta=1 grad=242.4539 horizon=100 lifetime=[460,1834] skipped=False
2026-08-30 18:27:11,630 | INFO | step=9610/20000 loss=-1.278558 nll=-1.28091 kl=0.002351552 consistency=0 lambda=0 beta=1 grad=172.5776 horizon=280 lifetime=[428,1071] skipped=False
2026-08-30 18:27:12,011 | INFO | step=9620/20000 loss=-0.1115085 nll=-0.1137796 kl=0.002271175 consistency=0 lambda=0 beta=1 grad=83.46826 horizon=140 lifetime=[677,1932] skipped=False
2026-08-30 18:27:12,424 | INFO | step=9630/20000 loss=-1.388898 nll=-1.391051 kl=0.002152741 consistency=0 lambda=0 beta=1 grad=195.5123 horizon=300 lifetime=[456,1282] skipped=False
2026-08-30 18:27:12,813 | INFO | step=9640/20000 loss=-0.7503494 nll=-0.7519277 kl=0.001578361 consistency=0 lambda=0 beta=1 grad=42.30341 horizon=300 lifetime=[460,2154] skipped=False
2026-08-30 18:27:13,154 | INFO | step=9650/20000 loss=-0.1966909 nll=-0.2013279 kl=0.004636943 consistency=0 lambda=0 beta=1 grad=124.9265 horizon=120 lifetime=[147,1313] skipped=False
2026-08-30 18:27:13,538 | INFO | step=9660/20000 loss=-0.6756429 nll=-0.6778443 kl=0.002201438 consistency=0 lambda=0 beta=1 grad=71.51957 horizon=120 lifetime=[476,1038] skipped=False
2026-08-30 18:27:13,926 | INFO | step=9670/20000 loss=-1.021576 nll=-1.02408 kl=0.002504736 consistency=0 lambda=0 beta=1 grad=57.30353 horizon=100 lifetime=[428,1154] skipped=False
2026-08-30 18:27:14,335 | INFO | step=9680/20000 loss=-1.234795 nll=-1.23939 kl=0.004595816 consistency=0 lambda=0 beta=1 grad=90.70434 horizon=280 lifetime=[443,1282] skipped=False
2026-08-30 18:27:14,717 | INFO | step=9690/20000 loss=-1.109315 nll=-1.11305 kl=0.003734678 consistency=0 lambda=0 beta=1 grad=224.768 horizon=180 lifetime=[467,700] skipped=False
2026-08-30 18:27:15,102 | INFO | step=9700/20000 loss=-1.253428 nll=-1.255937 kl=0.002508968 consistency=0 lambda=0 beta=1 grad=37.98171 horizon=140 lifetime=[465,868] skipped=False
2026-08-30 18:27:15,460 | INFO | step=9710/20000 loss=-0.6138206 nll=-0.6161563 kl=0.002335757 consistency=0 lambda=0 beta=1 grad=85.47353 horizon=200 lifetime=[460,1799] skipped=False
2026-08-30 18:27:15,818 | INFO | step=9720/20000 loss=0.2028916 nll=0.2014923 kl=0.001399279 consistency=0 lambda=0 beta=1 grad=99.26278 horizon=100 lifetime=[428,1313] skipped=False
2026-08-30 18:27:16,228 | INFO | step=9730/20000 loss=-0.5369139 nll=-0.5401889 kl=0.003274977 consistency=0 lambda=0 beta=1 grad=59.76142 horizon=120 lifetime=[147,1282] skipped=False
2026-08-30 18:27:16,649 | INFO | step=9740/20000 loss=-1.182638 nll=-1.184421 kl=0.001783192 consistency=0 lambda=0 beta=1 grad=38.8917 horizon=140 lifetime=[476,1156] skipped=False
2026-08-30 18:27:17,036 | INFO | step=9750/20000 loss=-0.6796802 nll=-0.6836077 kl=0.003927529 consistency=0 lambda=0 beta=1 grad=392.4734 horizon=300 lifetime=[460,856] skipped=False
2026-08-30 18:27:17,474 | INFO | step=9760/20000 loss=0.5247929 nll=0.5217932 kl=0.002999663 consistency=0 lambda=0 beta=1 grad=237.0352 horizon=140 lifetime=[614,1113] skipped=False
2026-08-30 18:27:17,899 | INFO | step=9770/20000 loss=-0.768053 nll=-0.7717491 kl=0.003696144 consistency=0 lambda=0 beta=1 grad=63.03375 horizon=220 lifetime=[675,1799] skipped=False
2026-08-30 18:27:18,356 | INFO | step=9780/20000 loss=-0.4613775 nll=-0.4644475 kl=0.003070027 consistency=0 lambda=0 beta=1 grad=407.9404 horizon=220 lifetime=[455,1313] skipped=False
2026-08-30 18:27:18,817 | INFO | step=9790/20000 loss=-0.6678348 nll=-0.6712502 kl=0.003415436 consistency=0 lambda=0 beta=1 grad=47.59745 horizon=100 lifetime=[458,1152] skipped=False
2026-08-30 18:27:19,229 | INFO | step=9800/20000 loss=-0.55814 nll=-0.5633494 kl=0.005209446 consistency=0 lambda=0 beta=1 grad=335.1117 horizon=300 lifetime=[464,1113] skipped=False
2026-08-30 18:27:19,615 | INFO | step=9810/20000 loss=-0.2657098 nll=-0.2679908 kl=0.00228104 consistency=0 lambda=0 beta=1 grad=199.2994 horizon=120 lifetime=[299,1036] skipped=False
2026-08-30 18:27:20,033 | INFO | step=9820/20000 loss=-0.9311469 nll=-0.9370162 kl=0.005869359 consistency=0 lambda=0 beta=1 grad=166.9805 horizon=300 lifetime=[456,1152] skipped=False
2026-08-30 18:27:20,415 | INFO | step=9830/20000 loss=-1.251735 nll=-1.252751 kl=0.001016349 consistency=0 lambda=0 beta=1 grad=58.82336 horizon=180 lifetime=[442,863] skipped=False
2026-08-30 18:27:20,828 | INFO | step=9840/20000 loss=-1.105837 nll=-1.109302 kl=0.003465295 consistency=0 lambda=0 beta=1 grad=267.9523 horizon=200 lifetime=[455,1025] skipped=False
2026-08-30 18:27:21,234 | INFO | step=9850/20000 loss=-1.322728 nll=-1.326604 kl=0.003875852 consistency=0 lambda=0 beta=1 grad=86.97061 horizon=200 lifetime=[299,1156] skipped=False
2026-08-30 18:27:21,634 | INFO | step=9860/20000 loss=1.181027 nll=1.173354 kl=0.007672876 consistency=0 lambda=0 beta=1 grad=388.2078 horizon=100 lifetime=[455,1834] skipped=False
2026-08-30 18:27:22,049 | INFO | step=9870/20000 loss=-0.4749995 nll=-0.4784929 kl=0.003493398 consistency=0 lambda=0 beta=1 grad=196.2648 horizon=200 lifetime=[428,1834] skipped=False
2026-08-30 18:27:22,447 | INFO | step=9880/20000 loss=0.07347253 nll=0.07221031 kl=0.001262218 consistency=0 lambda=0 beta=1 grad=518.239 horizon=140 lifetime=[442,1091] skipped=False
2026-08-30 18:27:22,859 | INFO | step=9890/20000 loss=-0.9546211 nll=-0.956228 kl=0.001606911 consistency=0 lambda=0 beta=1 grad=149.7204 horizon=300 lifetime=[500,1834] skipped=False
2026-08-30 18:27:23,256 | INFO | step=9900/20000 loss=-0.01412427 nll=-0.01770136 kl=0.003577083 consistency=0 lambda=0 beta=1 grad=222.6478 horizon=100 lifetime=[456,815] skipped=False
2026-08-30 18:27:23,638 | INFO | step=9910/20000 loss=-0.5536624 nll=-0.557075 kl=0.003412634 consistency=0 lambda=0 beta=1 grad=36.40688 horizon=120 lifetime=[147,1081] skipped=False
2026-08-30 18:27:24,018 | INFO | step=9920/20000 loss=-0.753039 nll=-0.7550182 kl=0.001979232 consistency=0 lambda=0 beta=1 grad=266.9743 horizon=300 lifetime=[467,1152] skipped=False
2026-08-30 18:27:24,421 | INFO | step=9930/20000 loss=-0.4587421 nll=-0.4600117 kl=0.001269668 consistency=0 lambda=0 beta=1 grad=216.3155 horizon=260 lifetime=[512,1705] skipped=False
2026-08-30 18:27:24,775 | INFO | step=9940/20000 loss=-1.131539 nll=-1.133004 kl=0.001464605 consistency=0 lambda=0 beta=1 grad=99.55149 horizon=160 lifetime=[442,1705] skipped=False
2026-08-30 18:27:25,175 | INFO | step=9950/20000 loss=-0.3949066 nll=-0.3963425 kl=0.001435876 consistency=0 lambda=0 beta=1 grad=228.0425 horizon=280 lifetime=[442,1081] skipped=False
2026-08-30 18:27:25,584 | INFO | step=9960/20000 loss=-0.2909262 nll=-0.2955586 kl=0.004632413 consistency=0 lambda=0 beta=1 grad=179.5978 horizon=160 lifetime=[476,1834] skipped=False
2026-08-30 18:27:25,940 | INFO | step=9970/20000 loss=-1.511801 nll=-1.513601 kl=0.001799554 consistency=0 lambda=0 beta=1 grad=89.28294 horizon=140 lifetime=[461,913] skipped=False
2026-08-30 18:27:26,313 | INFO | step=9980/20000 loss=-0.07302338 nll=-0.07595405 kl=0.002930671 consistency=0 lambda=0 beta=1 grad=52.07491 horizon=120 lifetime=[470,1152] skipped=False
2026-08-30 18:27:26,758 | INFO | step=9990/20000 loss=-0.2866986 nll=-0.2897859 kl=0.003087342 consistency=0 lambda=0 beta=1 grad=46.79556 horizon=160 lifetime=[458,1152] skipped=False
2026-08-30 18:27:27,414 | INFO | validation step=10000 rmse=189.2473 best=168.2947@7000 stale=6/10
2026-08-30 18:27:27,414 | INFO | step=10000/20000 loss=-1.127148 nll=-1.128739 kl=0.001591027 consistency=0 lambda=0 beta=1 grad=195.7804 horizon=260 lifetime=[299,1282] skipped=False
2026-08-30 18:27:27,879 | INFO | step=10010/20000 loss=-1.888507 nll=-1.889959 kl=0.001451701 consistency=0 lambda=0 beta=1 grad=207.7681 horizon=300 lifetime=[443,863] skipped=False
2026-08-30 18:27:28,251 | INFO | step=10020/20000 loss=0.0005410016 nll=-0.002922744 kl=0.003463745 consistency=0 lambda=0 beta=1 grad=68.77637 horizon=100 lifetime=[465,1705] skipped=False
2026-08-30 18:27:28,645 | INFO | step=10030/20000 loss=-0.3223623 nll=-0.3262167 kl=0.003854394 consistency=0 lambda=0 beta=1 grad=78.27098 horizon=160 lifetime=[458,1152] skipped=False
2026-08-30 18:27:29,030 | INFO | step=10040/20000 loss=-1.399429 nll=-1.401469 kl=0.002039582 consistency=0 lambda=0 beta=1 grad=347.8346 horizon=260 lifetime=[456,1052] skipped=False
2026-08-30 18:27:29,429 | INFO | step=10050/20000 loss=-0.3133456 nll=-0.3214278 kl=0.008082271 consistency=0 lambda=0 beta=1 grad=75.17599 horizon=100 lifetime=[461,1113] skipped=False
2026-08-30 18:27:29,812 | INFO | step=10060/20000 loss=-1.31983 nll=-1.321973 kl=0.002142757 consistency=0 lambda=0 beta=1 grad=44.61789 horizon=220 lifetime=[443,1799] skipped=False
2026-08-30 18:27:30,180 | INFO | step=10070/20000 loss=-0.9253039 nll=-0.9277091 kl=0.002405226 consistency=0 lambda=0 beta=1 grad=51.00557 horizon=280 lifetime=[458,1705] skipped=False
2026-08-30 18:27:30,567 | INFO | step=10080/20000 loss=-0.6672756 nll=-0.6698796 kl=0.002603948 consistency=0 lambda=0 beta=1 grad=51.57315 horizon=180 lifetime=[700,1313] skipped=False
2026-08-30 18:27:30,985 | INFO | step=10090/20000 loss=-1.666324 nll=-1.669133 kl=0.002809137 consistency=0 lambda=0 beta=1 grad=71.83842 horizon=220 lifetime=[453,1113] skipped=False
2026-08-30 18:27:31,325 | INFO | step=10100/20000 loss=-0.9727079 nll=-0.9746526 kl=0.001944721 consistency=0 lambda=0 beta=1 grad=47.28074 horizon=140 lifetime=[147,1143] skipped=False
2026-08-30 18:27:31,697 | INFO | step=10110/20000 loss=-0.8004935 nll=-0.8011312 kl=0.0006377399 consistency=0 lambda=0 beta=1 grad=136.8301 horizon=180 lifetime=[453,1834] skipped=False
2026-08-30 18:27:32,096 | INFO | step=10120/20000 loss=-0.391382 nll=-0.3946925 kl=0.003310412 consistency=0 lambda=0 beta=1 grad=213.9171 horizon=220 lifetime=[539,1932] skipped=False
2026-08-30 18:27:32,490 | INFO | step=10130/20000 loss=-1.588174 nll=-1.591535 kl=0.003361285 consistency=0 lambda=0 beta=1 grad=552.8005 horizon=260 lifetime=[428,1113] skipped=False
2026-08-30 18:27:32,840 | INFO | step=10140/20000 loss=-1.354222 nll=-1.356305 kl=0.002083391 consistency=0 lambda=0 beta=1 grad=43.40506 horizon=180 lifetime=[497,872] skipped=False
2026-08-30 18:27:33,216 | INFO | step=10150/20000 loss=-1.444883 nll=-1.447095 kl=0.002211243 consistency=0 lambda=0 beta=1 grad=142.1222 horizon=160 lifetime=[453,1313] skipped=False
2026-08-30 18:27:33,576 | INFO | step=10160/20000 loss=0.1461679 nll=0.1445338 kl=0.001634121 consistency=0 lambda=0 beta=1 grad=169.5012 horizon=100 lifetime=[465,1313] skipped=False
2026-08-30 18:27:33,979 | INFO | step=10170/20000 loss=-1.050462 nll=-1.051568 kl=0.001105785 consistency=0 lambda=0 beta=1 grad=45.14452 horizon=180 lifetime=[443,1932] skipped=False
2026-08-30 18:27:34,358 | INFO | step=10180/20000 loss=-0.6034757 nll=-0.6077055 kl=0.004229873 consistency=0 lambda=0 beta=1 grad=153.5105 horizon=180 lifetime=[428,1091] skipped=False
2026-08-30 18:27:34,696 | INFO | step=10190/20000 loss=-0.7679438 nll=-0.7692639 kl=0.001320064 consistency=0 lambda=0 beta=1 grad=68.14033 horizon=160 lifetime=[464,1282] skipped=False
2026-08-30 18:27:35,086 | INFO | step=10200/20000 loss=-0.09284201 nll=-0.09534311 kl=0.0025011 consistency=0 lambda=0 beta=1 grad=108.4683 horizon=140 lifetime=[505,1932] skipped=False
2026-08-30 18:27:35,442 | INFO | step=10210/20000 loss=-0.7889611 nll=-0.7899199 kl=0.0009588301 consistency=0 lambda=0 beta=1 grad=32.85252 horizon=260 lifetime=[464,1799] skipped=False
2026-08-30 18:27:35,817 | INFO | step=10220/20000 loss=-1.496183 nll=-1.497957 kl=0.00177443 consistency=0 lambda=0 beta=1 grad=72.1908 horizon=140 lifetime=[470,1038] skipped=False
2026-08-30 18:27:36,218 | INFO | step=10230/20000 loss=-0.06497052 nll=-0.0664531 kl=0.001482576 consistency=0 lambda=0 beta=1 grad=191.7159 horizon=300 lifetime=[494,1143] skipped=False
2026-08-30 18:27:36,600 | INFO | step=10240/20000 loss=-1.004292 nll=-1.009317 kl=0.005024731 consistency=0 lambda=0 beta=1 grad=253.2301 horizon=160 lifetime=[299,991] skipped=False
2026-08-30 18:27:37,001 | INFO | step=10250/20000 loss=-0.5987855 nll=-0.6026925 kl=0.003906965 consistency=0 lambda=0 beta=1 grad=54.3961 horizon=100 lifetime=[147,1081] skipped=False
2026-08-30 18:27:37,374 | INFO | step=10260/20000 loss=-0.1747208 nll=-0.1768828 kl=0.002162009 consistency=0 lambda=0 beta=1 grad=148.4551 horizon=100 lifetime=[428,1025] skipped=False
2026-08-30 18:27:37,743 | INFO | step=10270/20000 loss=-0.3077932 nll=-0.3110752 kl=0.003281951 consistency=0 lambda=0 beta=1 grad=58.58448 horizon=100 lifetime=[484,1143] skipped=False
2026-08-30 18:27:38,148 | INFO | step=10280/20000 loss=-1.368234 nll=-1.371673 kl=0.003438383 consistency=0 lambda=0 beta=1 grad=55.95427 horizon=220 lifetime=[465,2154] skipped=False
2026-08-30 18:27:38,505 | INFO | step=10290/20000 loss=-0.8584063 nll=-0.8597515 kl=0.001345247 consistency=0 lambda=0 beta=1 grad=116.2093 horizon=140 lifetime=[460,1156] skipped=False
2026-08-30 18:27:38,944 | INFO | step=10300/20000 loss=-0.669063 nll=-0.6702532 kl=0.001190156 consistency=0 lambda=0 beta=1 grad=129.7029 horizon=280 lifetime=[299,1156] skipped=False
2026-08-30 18:27:39,322 | INFO | step=10310/20000 loss=-0.01826129 nll=-0.0219774 kl=0.003716111 consistency=0 lambda=0 beta=1 grad=145.1353 horizon=240 lifetime=[480,1799] skipped=False
2026-08-30 18:27:39,729 | INFO | step=10320/20000 loss=-1.424207 nll=-1.426143 kl=0.001935393 consistency=0 lambda=0 beta=1 grad=252.2233 horizon=220 lifetime=[455,1705] skipped=False
2026-08-30 18:27:40,180 | INFO | step=10330/20000 loss=-1.593271 nll=-1.597338 kl=0.004066855 consistency=0 lambda=0 beta=1 grad=111.9569 horizon=260 lifetime=[458,1000] skipped=False
2026-08-30 18:27:40,524 | INFO | step=10340/20000 loss=-0.8998621 nll=-0.9031998 kl=0.003337711 consistency=0 lambda=0 beta=1 grad=119.6889 horizon=160 lifetime=[480,1313] skipped=False
2026-08-30 18:27:40,924 | INFO | step=10350/20000 loss=-1.316077 nll=-1.318002 kl=0.001924843 consistency=0 lambda=0 beta=1 grad=158.0735 horizon=220 lifetime=[299,1154] skipped=False
2026-08-30 18:27:41,322 | INFO | step=10360/20000 loss=-1.18443 nll=-1.186623 kl=0.00219366 consistency=0 lambda=0 beta=1 grad=50.1288 horizon=200 lifetime=[480,1799] skipped=False
2026-08-30 18:27:41,664 | INFO | step=10370/20000 loss=-0.06814855 nll=-0.07076976 kl=0.002621204 consistency=0 lambda=0 beta=1 grad=58.81363 horizon=100 lifetime=[533,991] skipped=False
2026-08-30 18:27:42,017 | INFO | step=10380/20000 loss=-1.186365 nll=-1.188966 kl=0.002600968 consistency=0 lambda=0 beta=1 grad=121.88 horizon=220 lifetime=[442,991] skipped=False
2026-08-30 18:27:42,403 | INFO | step=10390/20000 loss=-0.295965 nll=-0.2972562 kl=0.001291245 consistency=0 lambda=0 beta=1 grad=199.4147 horizon=280 lifetime=[464,2154] skipped=False
2026-08-30 18:27:42,800 | INFO | step=10400/20000 loss=-1.114606 nll=-1.11589 kl=0.001284719 consistency=0 lambda=0 beta=1 grad=63.39515 horizon=300 lifetime=[480,1932] skipped=False
2026-08-30 18:27:43,217 | INFO | step=10410/20000 loss=-0.5929683 nll=-0.5944346 kl=0.001466274 consistency=0 lambda=0 beta=1 grad=185.297 horizon=260 lifetime=[428,1313] skipped=False
2026-08-30 18:27:43,628 | INFO | step=10420/20000 loss=-0.9764653 nll=-0.9811769 kl=0.004711539 consistency=0 lambda=0 beta=1 grad=46.23838 horizon=220 lifetime=[456,1834] skipped=False
2026-08-30 18:27:44,027 | INFO | step=10430/20000 loss=-0.5325153 nll=-0.5368567 kl=0.004341364 consistency=0 lambda=0 beta=1 grad=49.48392 horizon=100 lifetime=[458,1052] skipped=False
2026-08-30 18:27:44,453 | INFO | step=10440/20000 loss=-1.271927 nll=-1.273641 kl=0.001713783 consistency=0 lambda=0 beta=1 grad=391.3577 horizon=280 lifetime=[453,858] skipped=False
2026-08-30 18:27:44,848 | INFO | step=10450/20000 loss=-0.4747732 nll=-0.4790965 kl=0.004323274 consistency=0 lambda=0 beta=1 grad=209.8855 horizon=300 lifetime=[470,1834] skipped=False
2026-08-30 18:27:45,211 | INFO | step=10460/20000 loss=-0.5006212 nll=-0.5014386 kl=0.0008173585 consistency=0 lambda=0 beta=1 grad=122.8061 horizon=200 lifetime=[461,1152] skipped=False
2026-08-30 18:27:45,572 | INFO | step=10470/20000 loss=-0.2948973 nll=-0.2986092 kl=0.003711939 consistency=0 lambda=0 beta=1 grad=158.3265 horizon=260 lifetime=[453,1152] skipped=False
2026-08-30 18:27:45,956 | INFO | step=10480/20000 loss=-0.2193498 nll=-0.2234037 kl=0.004053891 consistency=0 lambda=0 beta=1 grad=349.0881 horizon=120 lifetime=[461,1154] skipped=False
2026-08-30 18:27:46,356 | INFO | step=10490/20000 loss=-0.9888563 nll=-0.9907605 kl=0.001904219 consistency=0 lambda=0 beta=1 grad=91.9613 horizon=220 lifetime=[460,1154] skipped=False
2026-08-30 18:27:47,006 | INFO | validation step=10500 rmse=175.3214 best=168.2947@7000 stale=7/10
2026-08-30 18:27:47,006 | INFO | step=10500/20000 loss=-0.2627641 nll=-0.2656858 kl=0.00292173 consistency=0 lambda=0 beta=1 grad=116.3215 horizon=300 lifetime=[465,1932] skipped=False
2026-08-30 18:27:47,481 | INFO | step=10510/20000 loss=-1.066706 nll=-1.068278 kl=0.001571715 consistency=0 lambda=0 beta=1 grad=289.7451 horizon=260 lifetime=[443,991] skipped=False
2026-08-30 18:27:47,858 | INFO | step=10520/20000 loss=-0.5468434 nll=-0.5486617 kl=0.001818329 consistency=0 lambda=0 beta=1 grad=84.00717 horizon=120 lifetime=[443,1071] skipped=False
2026-08-30 18:27:48,325 | INFO | step=10530/20000 loss=-0.955632 nll=-0.9579537 kl=0.00232169 consistency=0 lambda=0 beta=1 grad=58.53009 horizon=260 lifetime=[456,1113] skipped=False
2026-08-30 18:27:48,711 | INFO | step=10540/20000 loss=-0.5937717 nll=-0.5965132 kl=0.002741426 consistency=0 lambda=0 beta=1 grad=213.7015 horizon=200 lifetime=[460,1313] skipped=False
2026-08-30 18:27:49,056 | INFO | step=10550/20000 loss=-0.5496471 nll=-0.5531483 kl=0.003501147 consistency=0 lambda=0 beta=1 grad=249.0205 horizon=100 lifetime=[460,1282] skipped=False
2026-08-30 18:27:49,433 | INFO | step=10560/20000 loss=-0.68045 nll=-0.6851648 kl=0.004714787 consistency=0 lambda=0 beta=1 grad=57.38656 horizon=100 lifetime=[464,1036] skipped=False
2026-08-30 18:27:49,827 | INFO | step=10570/20000 loss=-0.5532505 nll=-0.5545828 kl=0.001332343 consistency=0 lambda=0 beta=1 grad=59.43213 horizon=180 lifetime=[486,1152] skipped=False
2026-08-30 18:27:50,185 | INFO | step=10580/20000 loss=-1.161641 nll=-1.163055 kl=0.001413643 consistency=0 lambda=0 beta=1 grad=202.9277 horizon=300 lifetime=[455,1143] skipped=False
2026-08-30 18:27:50,566 | INFO | step=10590/20000 loss=-1.138219 nll=-1.139883 kl=0.001663446 consistency=0 lambda=0 beta=1 grad=140.6942 horizon=280 lifetime=[458,1154] skipped=False
2026-08-30 18:27:50,965 | INFO | step=10600/20000 loss=-0.8439245 nll=-0.8449175 kl=0.0009929836 consistency=0 lambda=0 beta=1 grad=70.20191 horizon=280 lifetime=[443,1932] skipped=False
2026-08-30 18:27:51,333 | INFO | step=10610/20000 loss=-1.225679 nll=-1.226575 kl=0.0008955896 consistency=0 lambda=0 beta=1 grad=122.2074 horizon=160 lifetime=[455,1000] skipped=False
2026-08-30 18:27:51,694 | INFO | step=10620/20000 loss=-0.6361531 nll=-0.6446344 kl=0.008481294 consistency=0 lambda=0 beta=1 grad=340.6094 horizon=300 lifetime=[428,1313] skipped=False
2026-08-30 18:27:52,019 | INFO | step=10630/20000 loss=-1.173773 nll=-1.174915 kl=0.001142383 consistency=0 lambda=0 beta=1 grad=57.1626 horizon=180 lifetime=[460,1313] skipped=False
2026-08-30 18:27:52,365 | INFO | step=10640/20000 loss=-1.047824 nll=-1.052735 kl=0.004910856 consistency=0 lambda=0 beta=1 grad=55.88882 horizon=180 lifetime=[428,1000] skipped=False
2026-08-30 18:27:52,761 | INFO | step=10650/20000 loss=-1.67602 nll=-1.682247 kl=0.006226987 consistency=0 lambda=0 beta=1 grad=155.2803 horizon=180 lifetime=[458,1156] skipped=False
2026-08-30 18:27:53,119 | INFO | step=10660/20000 loss=-1.214661 nll=-1.216878 kl=0.002217054 consistency=0 lambda=0 beta=1 grad=121.8604 horizon=160 lifetime=[476,1052] skipped=False
2026-08-30 18:27:53,501 | INFO | step=10670/20000 loss=-1.332333 nll=-1.334021 kl=0.001687795 consistency=0 lambda=0 beta=1 grad=167.5728 horizon=140 lifetime=[428,872] skipped=False
2026-08-30 18:27:53,848 | INFO | step=10680/20000 loss=-1.603678 nll=-1.607748 kl=0.004070193 consistency=0 lambda=0 beta=1 grad=144.284 horizon=160 lifetime=[453,1038] skipped=False
2026-08-30 18:27:54,228 | INFO | step=10690/20000 loss=-1.055944 nll=-1.056748 kl=0.0008033216 consistency=0 lambda=0 beta=1 grad=503.0388 horizon=280 lifetime=[428,1156] skipped=False
2026-08-30 18:27:54,667 | INFO | step=10700/20000 loss=-1.550258 nll=-1.552552 kl=0.002294064 consistency=0 lambda=0 beta=1 grad=118.1129 horizon=300 lifetime=[455,1152] skipped=False
2026-08-30 18:27:55,049 | INFO | step=10710/20000 loss=-1.366319 nll=-1.371523 kl=0.005204201 consistency=0 lambda=0 beta=1 grad=57.17773 horizon=140 lifetime=[299,921] skipped=False
2026-08-30 18:27:55,445 | INFO | step=10720/20000 loss=-0.6087366 nll=-0.6100611 kl=0.001324505 consistency=0 lambda=0 beta=1 grad=94.91061 horizon=180 lifetime=[461,1081] skipped=False
2026-08-30 18:27:55,805 | INFO | step=10730/20000 loss=-0.6832092 nll=-0.6867568 kl=0.003547609 consistency=0 lambda=0 beta=1 grad=170.0024 horizon=240 lifetime=[458,1152] skipped=False
2026-08-30 18:27:56,144 | INFO | step=10740/20000 loss=-1.206522 nll=-1.20902 kl=0.002497256 consistency=0 lambda=0 beta=1 grad=82.20823 horizon=240 lifetime=[458,1834] skipped=False
2026-08-30 18:27:56,554 | INFO | step=10750/20000 loss=0.1339177 nll=0.1321939 kl=0.001723826 consistency=0 lambda=0 beta=1 grad=488.862 horizon=300 lifetime=[519,1834] skipped=False
2026-08-30 18:27:56,969 | INFO | step=10760/20000 loss=-1.120786 nll=-1.121788 kl=0.001002043 consistency=0 lambda=0 beta=1 grad=204.8608 horizon=200 lifetime=[460,1834] skipped=False
2026-08-30 18:27:57,339 | INFO | step=10770/20000 loss=-1.102485 nll=-1.106579 kl=0.004093766 consistency=0 lambda=0 beta=1 grad=261.694 horizon=260 lifetime=[299,1799] skipped=False
2026-08-30 18:27:57,719 | INFO | step=10780/20000 loss=-0.6616012 nll=-0.6648905 kl=0.003289282 consistency=0 lambda=0 beta=1 grad=83.62743 horizon=120 lifetime=[486,1705] skipped=False
2026-08-30 18:27:58,114 | INFO | step=10790/20000 loss=-1.615192 nll=-1.617901 kl=0.002709776 consistency=0 lambda=0 beta=1 grad=67.96916 horizon=220 lifetime=[464,863] skipped=False
2026-08-30 18:27:58,467 | INFO | step=10800/20000 loss=-0.9036407 nll=-0.9057781 kl=0.002137333 consistency=0 lambda=0 beta=1 grad=238.6588 horizon=160 lifetime=[428,1932] skipped=False
2026-08-30 18:27:58,855 | INFO | step=10810/20000 loss=-0.8258458 nll=-0.8267757 kl=0.0009298921 consistency=0 lambda=0 beta=1 grad=172.1781 horizon=280 lifetime=[458,1061] skipped=False
2026-08-30 18:27:59,257 | INFO | step=10820/20000 loss=-1.292196 nll=-1.295377 kl=0.003180921 consistency=0 lambda=0 beta=1 grad=70.17802 horizon=300 lifetime=[442,2154] skipped=False
2026-08-30 18:27:59,656 | INFO | step=10830/20000 loss=-0.8557866 nll=-0.8573182 kl=0.001531631 consistency=0 lambda=0 beta=1 grad=74.42213 horizon=200 lifetime=[467,2154] skipped=False
2026-08-30 18:28:00,070 | INFO | step=10840/20000 loss=-0.8030447 nll=-0.8045714 kl=0.001526743 consistency=0 lambda=0 beta=1 grad=68.39648 horizon=220 lifetime=[738,1313] skipped=False
2026-08-30 18:28:00,475 | INFO | step=10850/20000 loss=1.034507 nll=1.031479 kl=0.003028035 consistency=0 lambda=0 beta=1 grad=234.174 horizon=100 lifetime=[464,1932] skipped=False
2026-08-30 18:28:00,859 | INFO | step=10860/20000 loss=-1.059233 nll=-1.062632 kl=0.003398955 consistency=0 lambda=0 beta=1 grad=57.73405 horizon=280 lifetime=[455,2154] skipped=False
2026-08-30 18:28:01,210 | INFO | step=10870/20000 loss=-0.06504892 nll=-0.06818433 kl=0.003135413 consistency=0 lambda=0 beta=1 grad=82.79048 horizon=120 lifetime=[519,1313] skipped=False
2026-08-30 18:28:01,634 | INFO | step=10880/20000 loss=-1.557262 nll=-1.559202 kl=0.001939565 consistency=0 lambda=0 beta=1 grad=249.0934 horizon=240 lifetime=[461,1091] skipped=False
2026-08-30 18:28:02,027 | INFO | step=10890/20000 loss=-1.432923 nll=-1.434449 kl=0.001526237 consistency=0 lambda=0 beta=1 grad=111.7713 horizon=260 lifetime=[456,1834] skipped=False
2026-08-30 18:28:02,401 | INFO | step=10900/20000 loss=-0.2780207 nll=-0.2800784 kl=0.002057701 consistency=0 lambda=0 beta=1 grad=229.6616 horizon=260 lifetime=[460,1282] skipped=False
2026-08-30 18:28:02,788 | INFO | step=10910/20000 loss=-1.888618 nll=-1.890174 kl=0.001556069 consistency=0 lambda=0 beta=1 grad=82.5379 horizon=220 lifetime=[453,860] skipped=False
2026-08-30 18:28:03,167 | INFO | step=10920/20000 loss=-0.7130882 nll=-0.7144139 kl=0.001325727 consistency=0 lambda=0 beta=1 grad=97.47449 horizon=200 lifetime=[649,1799] skipped=False
2026-08-30 18:28:03,539 | INFO | step=10930/20000 loss=-1.23823 nll=-1.239818 kl=0.001588613 consistency=0 lambda=0 beta=1 grad=44.09596 horizon=260 lifetime=[461,2154] skipped=False
2026-08-30 18:28:03,920 | INFO | step=10940/20000 loss=-0.8504009 nll=-0.8517811 kl=0.001380235 consistency=0 lambda=0 beta=1 grad=382.7097 horizon=180 lifetime=[460,1705] skipped=False
2026-08-30 18:28:04,293 | INFO | step=10950/20000 loss=-1.382946 nll=-1.384815 kl=0.00186938 consistency=0 lambda=0 beta=1 grad=93.15958 horizon=160 lifetime=[465,863] skipped=False
2026-08-30 18:28:04,691 | INFO | step=10960/20000 loss=-0.5093157 nll=-0.5112715 kl=0.001955867 consistency=0 lambda=0 beta=1 grad=533.388 horizon=220 lifetime=[455,942] skipped=False
2026-08-30 18:28:05,071 | INFO | step=10970/20000 loss=-0.5961305 nll=-0.6006988 kl=0.004568279 consistency=0 lambda=0 beta=1 grad=131.1944 horizon=120 lifetime=[461,991] skipped=False
2026-08-30 18:28:05,430 | INFO | step=10980/20000 loss=-1.409914 nll=-1.411627 kl=0.001713246 consistency=0 lambda=0 beta=1 grad=177.2536 horizon=280 lifetime=[455,1091] skipped=False
2026-08-30 18:28:05,821 | INFO | step=10990/20000 loss=-0.8574471 nll=-0.8595593 kl=0.00211218 consistency=0 lambda=0 beta=1 grad=37.46543 horizon=180 lifetime=[456,1705] skipped=False
2026-08-30 18:28:06,509 | INFO | validation step=11000 rmse=201.0464 best=168.2947@7000 stale=8/10
2026-08-30 18:28:06,509 | INFO | step=11000/20000 loss=-1.307846 nll=-1.309271 kl=0.001425087 consistency=0 lambda=0 beta=1 grad=223.4557 horizon=220 lifetime=[428,1025] skipped=False
2026-08-30 18:28:06,985 | INFO | step=11010/20000 loss=-0.7609324 nll=-0.764869 kl=0.003936499 consistency=0 lambda=0 beta=1 grad=136.4582 horizon=200 lifetime=[486,1834] skipped=False
2026-08-30 18:28:07,336 | INFO | step=11020/20000 loss=-0.4767639 nll=-0.4785816 kl=0.001817703 consistency=0 lambda=0 beta=1 grad=222.6233 horizon=160 lifetime=[443,1152] skipped=False
2026-08-30 18:28:07,708 | INFO | step=11030/20000 loss=-1.183944 nll=-1.187973 kl=0.004029512 consistency=0 lambda=0 beta=1 grad=189.2162 horizon=100 lifetime=[456,855] skipped=False
2026-08-30 18:28:08,069 | INFO | step=11040/20000 loss=-0.8872291 nll=-0.8893323 kl=0.002103209 consistency=0 lambda=0 beta=1 grad=92.72275 horizon=260 lifetime=[460,887] skipped=False
2026-08-30 18:28:08,467 | INFO | step=11050/20000 loss=-0.3351081 nll=-0.337853 kl=0.002744883 consistency=0 lambda=0 beta=1 grad=94.88147 horizon=300 lifetime=[491,1061] skipped=False
2026-08-30 18:28:08,848 | INFO | step=11060/20000 loss=0.05124536 nll=0.04932749 kl=0.001917869 consistency=0 lambda=0 beta=1 grad=520.2388 horizon=140 lifetime=[443,921] skipped=False
2026-08-30 18:28:09,250 | INFO | step=11070/20000 loss=-0.6780446 nll=-0.6813682 kl=0.003323644 consistency=0 lambda=0 beta=1 grad=40.84457 horizon=100 lifetime=[443,1000] skipped=False
2026-08-30 18:28:09,607 | INFO | step=11080/20000 loss=-1.31053 nll=-1.315184 kl=0.004653871 consistency=0 lambda=0 beta=1 grad=154.1096 horizon=260 lifetime=[460,1282] skipped=False
2026-08-30 18:28:10,014 | INFO | step=11090/20000 loss=-0.8386869 nll=-0.8426284 kl=0.003941506 consistency=0 lambda=0 beta=1 grad=237.0606 horizon=160 lifetime=[476,942] skipped=False
2026-08-30 18:28:10,356 | INFO | step=11100/20000 loss=-1.007465 nll=-1.011546 kl=0.004081219 consistency=0 lambda=0 beta=1 grad=330.8465 horizon=180 lifetime=[465,1052] skipped=False
2026-08-30 18:28:10,719 | INFO | step=11110/20000 loss=-0.8767846 nll=-0.8803064 kl=0.00352177 consistency=0 lambda=0 beta=1 grad=55.62389 horizon=100 lifetime=[443,1081] skipped=False
2026-08-30 18:28:11,063 | INFO | step=11120/20000 loss=-0.1985212 nll=-0.2029763 kl=0.004455149 consistency=0 lambda=0 beta=1 grad=158.2005 horizon=100 lifetime=[467,1052] skipped=False
2026-08-30 18:28:11,430 | INFO | step=11130/20000 loss=0.2915374 nll=0.2881652 kl=0.003372222 consistency=0 lambda=0 beta=1 grad=259.1454 horizon=280 lifetime=[491,1313] skipped=False
2026-08-30 18:28:11,780 | INFO | step=11140/20000 loss=-1.053838 nll=-1.055883 kl=0.002045423 consistency=0 lambda=0 beta=1 grad=369.5482 horizon=200 lifetime=[464,942] skipped=False
2026-08-30 18:28:12,174 | INFO | step=11150/20000 loss=-0.4439306 nll=-0.4449368 kl=0.001006246 consistency=0 lambda=0 beta=1 grad=232.3475 horizon=240 lifetime=[465,1143] skipped=False
2026-08-30 18:28:12,576 | INFO | step=11160/20000 loss=-1.684211 nll=-1.685431 kl=0.001219571 consistency=0 lambda=0 beta=1 grad=46.76835 horizon=220 lifetime=[467,887] skipped=False
2026-08-30 18:28:13,001 | INFO | step=11170/20000 loss=-1.207031 nll=-1.208503 kl=0.001472443 consistency=0 lambda=0 beta=1 grad=127.8756 horizon=240 lifetime=[460,1705] skipped=False
2026-08-30 18:28:13,362 | INFO | step=11180/20000 loss=-1.589244 nll=-1.591942 kl=0.002697915 consistency=0 lambda=0 beta=1 grad=70.46766 horizon=220 lifetime=[467,1055] skipped=False
2026-08-30 18:28:13,736 | INFO | step=11190/20000 loss=-0.3638833 nll=-0.3687406 kl=0.004857212 consistency=0 lambda=0 beta=1 grad=48.6004 horizon=100 lifetime=[470,1799] skipped=False
2026-08-30 18:28:14,098 | INFO | step=11200/20000 loss=-0.9230192 nll=-0.9270136 kl=0.003994405 consistency=0 lambda=0 beta=1 grad=150.1376 horizon=220 lifetime=[455,1799] skipped=False
2026-08-30 18:28:14,462 | INFO | step=11210/20000 loss=-0.1898739 nll=-0.1932098 kl=0.003335923 consistency=0 lambda=0 beta=1 grad=263.453 horizon=140 lifetime=[299,1152] skipped=False
2026-08-30 18:28:14,862 | INFO | step=11220/20000 loss=0.6747727 nll=0.6664935 kl=0.008279294 consistency=0 lambda=0 beta=1 grad=439.6834 horizon=120 lifetime=[443,1055] skipped=False
2026-08-30 18:28:15,265 | INFO | step=11230/20000 loss=1.186832 nll=1.184866 kl=0.001965225 consistency=0 lambda=0 beta=1 grad=835.0577 horizon=260 lifetime=[456,915] skipped=False
2026-08-30 18:28:15,643 | INFO | step=11240/20000 loss=-1.128436 nll=-1.129489 kl=0.001053154 consistency=0 lambda=0 beta=1 grad=99.8228 horizon=200 lifetime=[461,2154] skipped=False
2026-08-30 18:28:16,023 | INFO | step=11250/20000 loss=-0.1375004 nll=-0.1394255 kl=0.001925141 consistency=0 lambda=0 beta=1 grad=451.7925 horizon=300 lifetime=[456,1038] skipped=False
2026-08-30 18:28:16,461 | INFO | step=11260/20000 loss=-0.7410169 nll=-0.742802 kl=0.00178504 consistency=0 lambda=0 beta=1 grad=308.1228 horizon=200 lifetime=[460,1932] skipped=False
2026-08-30 18:28:16,811 | INFO | step=11270/20000 loss=-1.169199 nll=-1.171503 kl=0.002303541 consistency=0 lambda=0 beta=1 grad=133.1992 horizon=300 lifetime=[460,2154] skipped=False
2026-08-30 18:28:17,192 | INFO | step=11280/20000 loss=-1.300499 nll=-1.304059 kl=0.003560156 consistency=0 lambda=0 beta=1 grad=268.3565 horizon=300 lifetime=[456,1156] skipped=False
2026-08-30 18:28:17,564 | INFO | step=11290/20000 loss=-0.8779652 nll=-0.8797881 kl=0.001822889 consistency=0 lambda=0 beta=1 grad=106.9132 horizon=260 lifetime=[476,1282] skipped=False
2026-08-30 18:28:17,906 | INFO | step=11300/20000 loss=-0.6273048 nll=-0.6314993 kl=0.004194528 consistency=0 lambda=0 beta=1 grad=84.28214 horizon=100 lifetime=[299,2154] skipped=False
2026-08-30 18:28:18,278 | INFO | step=11310/20000 loss=-0.5090056 nll=-0.5129719 kl=0.003966272 consistency=0 lambda=0 beta=1 grad=54.05493 horizon=120 lifetime=[147,1932] skipped=False
2026-08-30 18:28:18,650 | INFO | step=11320/20000 loss=-0.4487163 nll=-0.4510652 kl=0.0023489 consistency=0 lambda=0 beta=1 grad=109.293 horizon=100 lifetime=[453,1091] skipped=False
2026-08-30 18:28:19,045 | INFO | step=11330/20000 loss=-0.307664 nll=-0.3109005 kl=0.003236532 consistency=0 lambda=0 beta=1 grad=57.42223 horizon=140 lifetime=[497,1932] skipped=False
2026-08-30 18:28:19,441 | INFO | step=11340/20000 loss=-0.2780723 nll=-0.2790311 kl=0.0009588003 consistency=0 lambda=0 beta=1 grad=252.6536 horizon=260 lifetime=[519,2154] skipped=False
2026-08-30 18:28:19,799 | INFO | step=11350/20000 loss=-0.2705465 nll=-0.277642 kl=0.007095516 consistency=0 lambda=0 beta=1 grad=235.436 horizon=140 lifetime=[455,1038] skipped=False
2026-08-30 18:28:20,164 | INFO | step=11360/20000 loss=-1.398527 nll=-1.401788 kl=0.003260851 consistency=0 lambda=0 beta=1 grad=103.4648 horizon=200 lifetime=[476,858] skipped=False
2026-08-30 18:28:20,538 | INFO | step=11370/20000 loss=-1.10932 nll=-1.111376 kl=0.002056062 consistency=0 lambda=0 beta=1 grad=205.0313 horizon=220 lifetime=[299,1834] skipped=False
2026-08-30 18:28:20,887 | INFO | step=11380/20000 loss=0.6894741 nll=0.6862748 kl=0.00319925 consistency=0 lambda=0 beta=1 grad=119.8073 horizon=100 lifetime=[480,1313] skipped=False
2026-08-30 18:28:21,333 | INFO | step=11390/20000 loss=-0.9606093 nll=-0.9620558 kl=0.001446456 consistency=0 lambda=0 beta=1 grad=80.81118 horizon=260 lifetime=[476,1705] skipped=False
2026-08-30 18:28:21,736 | INFO | step=11400/20000 loss=-2.060878 nll=-2.062894 kl=0.002016157 consistency=0 lambda=0 beta=1 grad=31.24906 horizon=260 lifetime=[442,1156] skipped=False
2026-08-30 18:28:22,100 | INFO | step=11410/20000 loss=-0.7057915 nll=-0.7098271 kl=0.004035622 consistency=0 lambda=0 beta=1 grad=60.30539 horizon=120 lifetime=[460,1055] skipped=False
2026-08-30 18:28:22,560 | INFO | step=11420/20000 loss=-1.578166 nll=-1.580005 kl=0.001839012 consistency=0 lambda=0 beta=1 grad=215.419 horizon=300 lifetime=[455,2154] skipped=False
2026-08-30 18:28:22,934 | INFO | step=11430/20000 loss=-0.3482535 nll=-0.3495184 kl=0.00126487 consistency=0 lambda=0 beta=1 grad=231.8506 horizon=220 lifetime=[704,1932] skipped=False
2026-08-30 18:28:23,353 | INFO | step=11440/20000 loss=0.2482635 nll=0.2460346 kl=0.002228886 consistency=0 lambda=0 beta=1 grad=622.4244 horizon=180 lifetime=[505,1081] skipped=False
2026-08-30 18:28:23,738 | INFO | step=11450/20000 loss=-0.5757291 nll=-0.5769494 kl=0.001220256 consistency=0 lambda=0 beta=1 grad=238.3319 horizon=200 lifetime=[476,1113] skipped=False
2026-08-30 18:28:24,140 | INFO | step=11460/20000 loss=-1.105355 nll=-1.106827 kl=0.001471668 consistency=0 lambda=0 beta=1 grad=193.6026 horizon=220 lifetime=[460,1143] skipped=False
2026-08-30 18:28:24,580 | INFO | step=11470/20000 loss=-1.194573 nll=-1.197242 kl=0.002669036 consistency=0 lambda=0 beta=1 grad=228.4101 horizon=280 lifetime=[464,1313] skipped=False
2026-08-30 18:28:24,977 | INFO | step=11480/20000 loss=-1.262424 nll=-1.265115 kl=0.002691776 consistency=0 lambda=0 beta=1 grad=74.87062 horizon=300 lifetime=[476,2154] skipped=False
2026-08-30 18:28:25,416 | INFO | step=11490/20000 loss=-1.611571 nll=-1.613194 kl=0.001623809 consistency=0 lambda=0 beta=1 grad=47.18298 horizon=260 lifetime=[460,1152] skipped=False
2026-08-30 18:28:26,102 | INFO | validation step=11500 rmse=187.6092 best=168.2947@7000 stale=9/10
2026-08-30 18:28:26,102 | INFO | step=11500/20000 loss=-0.5351882 nll=-0.5377418 kl=0.002553552 consistency=0 lambda=0 beta=1 grad=165.9021 horizon=160 lifetime=[460,1152] skipped=False
2026-08-30 18:28:26,610 | INFO | step=11510/20000 loss=-1.243557 nll=-1.244444 kl=0.000887543 consistency=0 lambda=0 beta=1 grad=93.35522 horizon=200 lifetime=[465,1156] skipped=False
2026-08-30 18:28:27,001 | INFO | step=11520/20000 loss=-0.4664284 nll=-0.4702394 kl=0.003811032 consistency=0 lambda=0 beta=1 grad=104.5322 horizon=120 lifetime=[518,942] skipped=False
2026-08-30 18:28:27,453 | INFO | step=11530/20000 loss=-1.02405 nll=-1.025011 kl=0.0009611845 consistency=0 lambda=0 beta=1 grad=74.94246 horizon=280 lifetime=[754,1081] skipped=False
2026-08-30 18:28:27,844 | INFO | step=11540/20000 loss=0.3080599 nll=0.3060545 kl=0.002005428 consistency=0 lambda=0 beta=1 grad=750.6673 horizon=140 lifetime=[442,877] skipped=False
2026-08-30 18:28:28,240 | INFO | step=11550/20000 loss=-0.8525292 nll=-0.8554572 kl=0.002928078 consistency=0 lambda=0 beta=1 grad=303.8509 horizon=180 lifetime=[467,1156] skipped=False
2026-08-30 18:28:28,625 | INFO | step=11560/20000 loss=-1.198557 nll=-1.200874 kl=0.002316594 consistency=0 lambda=0 beta=1 grad=141.7198 horizon=300 lifetime=[455,1834] skipped=False
2026-08-30 18:28:29,053 | INFO | step=11570/20000 loss=-0.9990903 nll=-1.000528 kl=0.001437664 consistency=0 lambda=0 beta=1 grad=117.4791 horizon=180 lifetime=[428,2154] skipped=False
2026-08-30 18:28:29,473 | INFO | step=11580/20000 loss=-0.9828259 nll=-0.9843165 kl=0.001490563 consistency=0 lambda=0 beta=1 grad=232.3769 horizon=200 lifetime=[464,1113] skipped=False
2026-08-30 18:28:29,866 | INFO | step=11590/20000 loss=-0.6443286 nll=-0.6457126 kl=0.00138399 consistency=0 lambda=0 beta=1 grad=225.8467 horizon=160 lifetime=[497,1705] skipped=False
2026-08-30 18:28:30,296 | INFO | step=11600/20000 loss=-0.3100928 nll=-0.3113742 kl=0.001281381 consistency=0 lambda=0 beta=1 grad=559.3625 horizon=260 lifetime=[458,1932] skipped=False
2026-08-30 18:28:30,669 | INFO | step=11610/20000 loss=-1.398056 nll=-1.399154 kl=0.001098156 consistency=0 lambda=0 beta=1 grad=209.2927 horizon=140 lifetime=[147,738] skipped=False
2026-08-30 18:28:31,089 | INFO | step=11620/20000 loss=-1.302463 nll=-1.30682 kl=0.004357666 consistency=0 lambda=0 beta=1 grad=75.22074 horizon=200 lifetime=[299,1282] skipped=False
2026-08-30 18:28:31,458 | INFO | step=11630/20000 loss=-1.421113 nll=-1.421892 kl=0.0007793009 consistency=0 lambda=0 beta=1 grad=130.6824 horizon=180 lifetime=[470,1091] skipped=False
2026-08-30 18:28:31,852 | INFO | step=11640/20000 loss=-0.003784925 nll=-0.00556165 kl=0.001776725 consistency=0 lambda=0 beta=1 grad=163.0025 horizon=180 lifetime=[476,2154] skipped=False
2026-08-30 18:28:32,248 | INFO | step=11650/20000 loss=-1.165442 nll=-1.167662 kl=0.002220809 consistency=0 lambda=0 beta=1 grad=144.0265 horizon=260 lifetime=[461,1705] skipped=False
2026-08-30 18:28:32,678 | INFO | step=11660/20000 loss=-0.8589597 nll=-0.859651 kl=0.0006912351 consistency=0 lambda=0 beta=1 grad=38.80059 horizon=200 lifetime=[508,1282] skipped=False
2026-08-30 18:28:33,073 | INFO | step=11670/20000 loss=-0.1359236 nll=-0.1373104 kl=0.001386791 consistency=0 lambda=0 beta=1 grad=37.5941 horizon=180 lifetime=[649,1932] skipped=False
2026-08-30 18:28:33,510 | INFO | step=11680/20000 loss=-1.162342 nll=-1.164007 kl=0.001664251 consistency=0 lambda=0 beta=1 grad=96.5752 horizon=160 lifetime=[299,1282] skipped=False
2026-08-30 18:28:33,935 | INFO | step=11690/20000 loss=-1.519397 nll=-1.521898 kl=0.002500951 consistency=0 lambda=0 beta=1 grad=66.8793 horizon=280 lifetime=[614,1055] skipped=False
2026-08-30 18:28:34,314 | INFO | step=11700/20000 loss=-0.9667714 nll=-0.9693321 kl=0.002560705 consistency=0 lambda=0 beta=1 grad=256.5319 horizon=200 lifetime=[460,1152] skipped=False
2026-08-30 18:28:34,759 | INFO | step=11710/20000 loss=-1.162745 nll=-1.165524 kl=0.002778649 consistency=0 lambda=0 beta=1 grad=324.7452 horizon=240 lifetime=[442,858] skipped=False
2026-08-30 18:28:35,136 | INFO | step=11720/20000 loss=0.003724486 nll=0.0006287694 kl=0.003095716 consistency=0 lambda=0 beta=1 grad=59.35575 horizon=100 lifetime=[476,1152] skipped=False
2026-08-30 18:28:35,571 | INFO | step=11730/20000 loss=-1.502989 nll=-1.505242 kl=0.002253056 consistency=0 lambda=0 beta=1 grad=95.73868 horizon=220 lifetime=[455,887] skipped=False
2026-08-30 18:28:36,025 | INFO | step=11740/20000 loss=-1.278229 nll=-1.279251 kl=0.001021892 consistency=0 lambda=0 beta=1 grad=89.21764 horizon=280 lifetime=[428,1000] skipped=False
2026-08-30 18:28:36,418 | INFO | step=11750/20000 loss=-0.8205447 nll=-0.8219826 kl=0.001437902 consistency=0 lambda=0 beta=1 grad=43.06581 horizon=140 lifetime=[467,2154] skipped=False
2026-08-30 18:28:36,820 | INFO | step=11760/20000 loss=1.515591 nll=1.51318 kl=0.002410471 consistency=0 lambda=0 beta=1 grad=584.3707 horizon=120 lifetime=[453,1705] skipped=False
2026-08-30 18:28:37,236 | INFO | step=11770/20000 loss=-0.8293693 nll=-0.8331409 kl=0.003771514 consistency=0 lambda=0 beta=1 grad=153.6885 horizon=180 lifetime=[614,991] skipped=False
2026-08-30 18:28:37,615 | INFO | step=11780/20000 loss=-1.193004 nll=-1.197001 kl=0.003996968 consistency=0 lambda=0 beta=1 grad=87.87378 horizon=180 lifetime=[456,1152] skipped=False
2026-08-30 18:28:37,987 | INFO | step=11790/20000 loss=1.557488 nll=1.555326 kl=0.002162814 consistency=0 lambda=0 beta=1 grad=285.6294 horizon=100 lifetime=[470,1313] skipped=False
2026-08-30 18:28:38,364 | INFO | step=11800/20000 loss=-1.448384 nll=-1.449738 kl=0.001353651 consistency=0 lambda=0 beta=1 grad=134.4122 horizon=240 lifetime=[442,1061] skipped=False
2026-08-30 18:28:38,750 | INFO | step=11810/20000 loss=-1.28077 nll=-1.282437 kl=0.001666397 consistency=0 lambda=0 beta=1 grad=309.6651 horizon=280 lifetime=[453,872] skipped=False
2026-08-30 18:28:39,165 | INFO | step=11820/20000 loss=0.2907218 nll=0.2876207 kl=0.00310114 consistency=0 lambda=0 beta=1 grad=127.8001 horizon=140 lifetime=[465,1705] skipped=False
2026-08-30 18:28:39,573 | INFO | step=11830/20000 loss=-1.351206 nll=-1.355747 kl=0.004541665 consistency=0 lambda=0 beta=1 grad=150.2713 horizon=120 lifetime=[467,852] skipped=False
2026-08-30 18:28:39,982 | INFO | step=11840/20000 loss=-0.2889494 nll=-0.2906905 kl=0.001741141 consistency=0 lambda=0 beta=1 grad=291.3316 horizon=220 lifetime=[493,2154] skipped=False
2026-08-30 18:28:40,377 | INFO | step=11850/20000 loss=-0.4226049 nll=-0.4238512 kl=0.001246303 consistency=0 lambda=0 beta=1 grad=144.9683 horizon=180 lifetime=[665,1705] skipped=False
2026-08-30 18:28:40,772 | INFO | step=11860/20000 loss=-1.407725 nll=-1.409908 kl=0.002183139 consistency=0 lambda=0 beta=1 grad=69.54536 horizon=240 lifetime=[467,1834] skipped=False
2026-08-30 18:28:41,173 | INFO | step=11870/20000 loss=-0.9814506 nll=-0.9832529 kl=0.001802325 consistency=0 lambda=0 beta=1 grad=227.9316 horizon=140 lifetime=[442,1705] skipped=False
2026-08-30 18:28:41,610 | INFO | step=11880/20000 loss=-1.357624 nll=-1.362154 kl=0.004529893 consistency=0 lambda=0 beta=1 grad=261.8887 horizon=280 lifetime=[299,1038] skipped=False
2026-08-30 18:28:42,011 | INFO | step=11890/20000 loss=0.05830748 nll=0.05631651 kl=0.001990974 consistency=0 lambda=0 beta=1 grad=34.10291 horizon=160 lifetime=[814,1834] skipped=False
2026-08-30 18:28:42,426 | INFO | step=11900/20000 loss=-0.6354649 nll=-0.6373389 kl=0.001874059 consistency=0 lambda=0 beta=1 grad=176.2436 horizon=120 lifetime=[443,1799] skipped=False
2026-08-30 18:28:42,815 | INFO | step=11910/20000 loss=-1.178607 nll=-1.180313 kl=0.001705348 consistency=0 lambda=0 beta=1 grad=199.2075 horizon=220 lifetime=[464,1025] skipped=False
2026-08-30 18:28:43,261 | INFO | step=11920/20000 loss=-2.191694 nll=-2.196087 kl=0.004392922 consistency=0 lambda=0 beta=1 grad=100.8391 horizon=160 lifetime=[455,539] skipped=False
2026-08-30 18:28:43,640 | INFO | step=11930/20000 loss=-0.9598596 nll=-0.962158 kl=0.002298415 consistency=0 lambda=0 beta=1 grad=50.69153 horizon=140 lifetime=[500,1143] skipped=False
2026-08-30 18:28:44,200 | INFO | step=11940/20000 loss=-1.306574 nll=-1.309438 kl=0.002863526 consistency=0 lambda=0 beta=1 grad=256.8907 horizon=200 lifetime=[476,1055] skipped=False
2026-08-30 18:28:44,585 | INFO | step=11950/20000 loss=-1.494307 nll=-1.498392 kl=0.004085183 consistency=0 lambda=0 beta=1 grad=119.5752 horizon=240 lifetime=[299,1055] skipped=False
2026-08-30 18:28:45,013 | INFO | step=11960/20000 loss=-1.600193 nll=-1.602312 kl=0.002118498 consistency=0 lambda=0 beta=1 grad=89.92418 horizon=220 lifetime=[460,1143] skipped=False
2026-08-30 18:28:45,377 | INFO | step=11970/20000 loss=-1.753246 nll=-1.756032 kl=0.002786487 consistency=0 lambda=0 beta=1 grad=79.5677 horizon=260 lifetime=[470,1156] skipped=False
2026-08-30 18:28:45,767 | INFO | step=11980/20000 loss=-0.1927034 nll=-0.1938783 kl=0.001174867 consistency=0 lambda=0 beta=1 grad=116.961 horizon=260 lifetime=[704,1932] skipped=False
2026-08-30 18:28:46,153 | INFO | step=11990/20000 loss=-1.184278 nll=-1.185121 kl=0.0008428097 consistency=0 lambda=0 beta=1 grad=212.6861 horizon=240 lifetime=[460,1091] skipped=False
2026-08-30 18:28:46,829 | INFO | validation step=12000 rmse=196.6005 best=168.2947@7000 stale=10/10
2026-08-30 18:28:46,829 | INFO | step=12000/20000 loss=-1.056754 nll=-1.058241 kl=0.001487494 consistency=0 lambda=0 beta=1 grad=158.4036 horizon=260 lifetime=[455,1113] skipped=False
2026-08-30 18:28:46,933 | INFO | early stopping at step=12000 best=168.2947@7000
2026-08-30 18:28:47,021 | INFO | completed run=/home/JunseoPark/바탕화면/battery_gru/outputs/horizon_lifetime_iv_anp_grid/suites/20260830_124935_068102/runs/horiginal_s62_lr2p5em05_f1/20260830_182041_297049_f1_life_iv_base_s62
