horizon,cell_id,true_lifetime_cycles,predicted_lifetime_mean_cycles,predicted_lifetime_std_cycles,lifetime_lower_cycles,lifetime_upper_cycles,true_rul_cycles,predicted_rul_mean_cycles,rul_lower_cycles,rul_upper_cycles,absolute_error_cycles,context_cell_ids,query_label_used_as_input,model_parameter_update,interval_level
60,MATR_b1c14,877.0,1400.8717679858783,441.7403280561859,535.0766344768457,2266.6669014949107,817.0,1340.8717679858783,475.0766344768457,2206.6669014949107,523.8717679858783,"MATR_b2c35,MATR_b4c31,MATR_b4c23,MATR_b1c28,MATR_b4c5,MATR_b2c34,MATR_b1c41,MATR_b4c40,MATR_b1c31,MATR_b3c27,MATR_b2c27,MATR_b3c8,MATR_b1c7,MATR_b3c26,MATR_b4c27,MATR_b4c33",False,False,0.95
60,MATR_b1c18,687.0,1290.746140221146,351.36056690390495,602.0920835019165,1979.4001969403757,627.0,1230.746140221146,542.0920835019165,1919.4001969403757,603.7461402211461,"MATR_b2c35,MATR_b4c31,MATR_b4c23,MATR_b1c28,MATR_b4c5,MATR_b2c34,MATR_b1c41,MATR_b4c40,MATR_b1c31,MATR_b3c27,MATR_b2c27,MATR_b3c8,MATR_b1c7,MATR_b3c26,MATR_b4c27,MATR_b4c33",False,False,0.95
60,MATR_b1c19,786.0,1419.4179830292126,433.53875068609517,569.6976457819766,2269.1383202764487,726.0,1359.4179830292126,509.6976457819766,2209.1383202764487,633.4179830292126,"MATR_b2c35,MATR_b4c31,MATR_b4c23,MATR_b1c28,MATR_b4c5,MATR_b2c34,MATR_b1c41,MATR_b4c40,MATR_b1c31,MATR_b3c27,MATR_b2c27,MATR_b3c8,MATR_b1c7,MATR_b3c26,MATR_b4c27,MATR_b4c33",False,False,0.95
60,MATR_b1c2,2237.0,1419.9571920267708,447.845592126821,542.1959608231871,2297.7184232303543,2177.0,1359.9571920267708,482.1959608231871,2237.7184232303543,817.0428079732292,"MATR_b2c35,MATR_b4c31,MATR_b4c23,MATR_b1c28,MATR_b4c5,MATR_b2c34,MATR_b1c41,MATR_b4c40,MATR_b1c31,MATR_b3c27,MATR_b2c27,MATR_b3c8,MATR_b1c7,MATR_b3c26,MATR_b4c27,MATR_b4c33",False,False,0.95
60,MATR_b1c30,707.0,1422.6046080863998,441.7197774410339,556.8497530429254,2288.3594631298743,647.0,1362.6046080863998,496.8497530429254,2228.3594631298743,715.6046080863998,"MATR_b2c35,MATR_b4c31,MATR_b4c23,MATR_b1c28,MATR_b4c5,MATR_b2c34,MATR_b1c41,MATR_b4c40,MATR_b1c31,MATR_b3c27,MATR_b2c27,MATR_b3c8,MATR_b1c7,MATR_b3c26,MATR_b4c27,MATR_b4c33",False,False,0.95
60,MATR_b1c34,742.0,1406.815788768398,419.5507072496495,584.5115128707774,2229.1200646660186,682.0,1346.815788768398,524.5115128707774,2169.1200646660186,664.8157887683981,"MATR_b2c35,MATR_b4c31,MATR_b4c23,MATR_b1c28,MATR_b4c5,MATR_b2c34,MATR_b1c41,MATR_b4c40,MATR_b1c31,MATR_b3c27,MATR_b2c27,MATR_b3c8,MATR_b1c7,MATR_b3c26,MATR_b4c27,MATR_b4c33",False,False,0.95
60,MATR_b1c35,701.0,1392.943370771049,441.4053455015113,527.804791004628,2258.08195053747,641.0,1332.943370771049,467.804791004628,2198.08195053747,691.9433707710491,"MATR_b2c35,MATR_b4c31,MATR_b4c23,MATR_b1c28,MATR_b4c5,MATR_b2c34,MATR_b1c41,MATR_b4c40,MATR_b1c31,MATR_b3c27,MATR_b2c27,MATR_b3c8,MATR_b1c7,MATR_b3c26,MATR_b4c27,MATR_b4c33",False,False,0.95
60,MATR_b1c42,700.0,1421.5383096848348,429.1567648475696,580.4065068618735,2262.670112507796,640.0,1361.5383096848348,520.4065068618735,2202.670112507796,721.5383096848348,"MATR_b2c35,MATR_b4c31,MATR_b4c23,MATR_b1c28,MATR_b4c5,MATR_b2c34,MATR_b1c41,MATR_b4c40,MATR_b1c31,MATR_b3c27,MATR_b2c27,MATR_b3c8,MATR_b1c7,MATR_b3c26,MATR_b4c27,MATR_b4c33",False,False,0.95
60,MATR_b1c5,1071.0,1417.9626532023535,435.757012690848,563.8946023175283,2272.0307040871785,1011.0,1357.9626532023535,503.8946023175283,2212.0307040871785,346.9626532023535,"MATR_b2c35,MATR_b4c31,MATR_b4c23,MATR_b1c28,MATR_b4c5,MATR_b2c34,MATR_b1c41,MATR_b4c40,MATR_b1c31,MATR_b3c27,MATR_b2c27,MATR_b3c8,MATR_b1c7,MATR_b3c26,MATR_b4c27,MATR_b4c33",False,False,0.95
60,MATR_b1c6,633.0,1418.1389518861843,432.33793232381004,570.7721753810015,2265.505728391367,573.0,1358.1389518861843,510.7721753810015,2205.505728391367,785.1389518861843,"MATR_b2c35,MATR_b4c31,MATR_b4c23,MATR_b1c28,MATR_b4c5,MATR_b2c34,MATR_b1c41,MATR_b4c40,MATR_b1c31,MATR_b3c27,MATR_b2c27,MATR_b3c8,MATR_b1c7,MATR_b3c26,MATR_b4c27,MATR_b4c33",False,False,0.95
60,MATR_b2c19,460.0,917.8345365296088,150.41102499403354,623.0343446635493,1212.6347283956684,400.0,857.8345365296088,563.0343446635493,1152.6347283956684,457.83453652960884,"MATR_b2c35,MATR_b4c31,MATR_b4c23,MATR_b1c28,MATR_b4c5,MATR_b2c34,MATR_b1c41,MATR_b4c40,MATR_b1c31,MATR_b3c27,MATR_b2c27,MATR_b3c8,MATR_b1c7,MATR_b3c26,MATR_b4c27,MATR_b4c33",False,False,0.95
60,MATR_b2c22,512.0,1418.3480713326755,420.8823570007042,593.433809882966,2243.262332782385,452.0,1358.3480713326755,533.433809882966,2183.262332782385,906.3480713326755,"MATR_b2c35,MATR_b4c31,MATR_b4c23,MATR_b1c28,MATR_b4c5,MATR_b2c34,MATR_b1c41,MATR_b4c40,MATR_b1c31,MATR_b3c27,MATR_b2c27,MATR_b3c8,MATR_b1c7,MATR_b3c26,MATR_b4c27,MATR_b4c33",False,False,0.95
60,MATR_b2c24,494.0,1383.7814849852318,414.6970358633508,570.9902301975493,2196.5727397729142,434.0,1323.7814849852318,510.9902301975493,2136.5727397729142,889.7814849852318,"MATR_b2c35,MATR_b4c31,MATR_b4c23,MATR_b1c28,MATR_b4c5,MATR_b2c34,MATR_b1c41,MATR_b4c40,MATR_b1c31,MATR_b3c27,MATR_b2c27,MATR_b3c8,MATR_b1c7,MATR_b3c26,MATR_b4c27,MATR_b4c33",False,False,0.95
60,MATR_b2c3,334.0,880.8188983707128,129.15239222006747,627.6848611021895,1133.952935639236,274.0,820.8188983707128,567.6848611021895,1073.952935639236,546.8188983707128,"MATR_b2c35,MATR_b4c31,MATR_b4c23,MATR_b1c28,MATR_b4c5,MATR_b2c34,MATR_b1c41,MATR_b4c40,MATR_b1c31,MATR_b3c27,MATR_b2c27,MATR_b3c8,MATR_b1c7,MATR_b3c26,MATR_b4c27,MATR_b4c33",False,False,0.95
60,MATR_b2c33,519.0,1422.3544626865832,436.6101643275681,566.6142653204353,2278.0946600527313,459.0,1362.3544626865832,506.61426532043527,2218.0946600527313,903.3544626865832,"MATR_b2c35,MATR_b4c31,MATR_b4c23,MATR_b1c28,MATR_b4c5,MATR_b2c34,MATR_b1c41,MATR_b4c40,MATR_b1c31,MATR_b3c27,MATR_b2c27,MATR_b3c8,MATR_b1c7,MATR_b3c26,MATR_b4c27,MATR_b4c33",False,False,0.95
60,MATR_b2c41,428.0,1398.7472258194557,432.9260713574443,550.2277179904476,2247.2667336484637,368.0,1338.7472258194557,490.22771799044756,2187.2667336484637,970.7472258194557,"MATR_b2c35,MATR_b4c31,MATR_b4c23,MATR_b1c28,MATR_b4c5,MATR_b2c34,MATR_b1c41,MATR_b4c40,MATR_b1c31,MATR_b3c27,MATR_b2c27,MATR_b3c8,MATR_b1c7,MATR_b3c26,MATR_b4c27,MATR_b4c33",False,False,0.95
60,MATR_b3c1,1061.0,1343.6343151078454,432.7600479811893,495.4402071168888,2191.828423098802,1001.0,1283.6343151078454,435.4402071168888,2131.828423098802,282.6343151078454,"MATR_b2c35,MATR_b4c31,MATR_b4c23,MATR_b1c28,MATR_b4c5,MATR_b2c34,MATR_b1c41,MATR_b4c40,MATR_b1c31,MATR_b3c27,MATR_b2c27,MATR_b3c8,MATR_b1c7,MATR_b3c26,MATR_b4c27,MATR_b4c33",False,False,0.95
60,MATR_b3c14,856.0,1410.0923698149868,442.10862067388143,543.575396039499,2276.6093435904745,796.0,1350.0923698149868,483.57539603949897,2216.6093435904745,554.0923698149868,"MATR_b2c35,MATR_b4c31,MATR_b4c23,MATR_b1c28,MATR_b4c5,MATR_b2c34,MATR_b1c41,MATR_b4c40,MATR_b1c31,MATR_b3c27,MATR_b2c27,MATR_b3c8,MATR_b1c7,MATR_b3c26,MATR_b4c27,MATR_b4c33",False,False,0.95
60,MATR_b3c17,1313.0,1322.7984378455767,426.560687687331,486.7548527577701,2158.8420229333833,1253.0,1262.7984378455767,426.7548527577701,2098.8420229333833,9.7984378455767,"MATR_b2c35,MATR_b4c31,MATR_b4c23,MATR_b1c28,MATR_b4c5,MATR_b2c34,MATR_b1c41,MATR_b4c40,MATR_b1c31,MATR_b3c27,MATR_b2c27,MATR_b3c8,MATR_b1c7,MATR_b3c26,MATR_b4c27,MATR_b4c33",False,False,0.95
60,MATR_b3c24,823.0,1157.753511758138,296.5557272271275,576.514966983884,1738.992056532392,763.0,1097.753511758138,516.514966983884,1678.992056532392,334.7535117581381,"MATR_b2c35,MATR_b4c31,MATR_b4c23,MATR_b1c28,MATR_b4c5,MATR_b2c34,MATR_b1c41,MATR_b4c40,MATR_b1c31,MATR_b3c27,MATR_b2c27,MATR_b3c8,MATR_b1c7,MATR_b3c26,MATR_b4c27,MATR_b4c33",False,False,0.95
60,MATR_b3c31,729.0,1363.7684603758053,428.333987471706,524.249271576831,2203.2876491747793,669.0,1303.7684603758053,464.249271576831,2143.2876491747793,634.7684603758053,"MATR_b2c35,MATR_b4c31,MATR_b4c23,MATR_b1c28,MATR_b4c5,MATR_b2c34,MATR_b1c41,MATR_b4c40,MATR_b1c31,MATR_b3c27,MATR_b2c27,MATR_b3c8,MATR_b1c7,MATR_b3c26,MATR_b4c27,MATR_b4c33",False,False,0.95
60,MATR_b3c33,1282.0,1321.304152182303,421.1910678898548,495.78482850822286,2146.823475856383,1222.0,1261.304152182303,435.78482850822286,2086.823475856383,39.304152182302914,"MATR_b2c35,MATR_b4c31,MATR_b4c23,MATR_b1c28,MATR_b4c5,MATR_b2c34,MATR_b1c41,MATR_b4c40,MATR_b1c31,MATR_b3c27,MATR_b2c27,MATR_b3c8,MATR_b1c7,MATR_b3c26,MATR_b4c27,MATR_b4c33",False,False,0.95
60,MATR_b3c36,921.0,1295.6771963414235,404.2997795820808,503.2641894030629,2088.090203279784,861.0,1235.6771963414235,443.2641894030629,2028.090203279784,374.6771963414235,"MATR_b2c35,MATR_b4c31,MATR_b4c23,MATR_b1c28,MATR_b4c5,MATR_b2c34,MATR_b1c41,MATR_b4c40,MATR_b1c31,MATR_b3c27,MATR_b2c27,MATR_b3c8,MATR_b1c7,MATR_b3c26,MATR_b4c27,MATR_b4c33",False,False,0.95
60,MATR_b3c6,665.0,1263.8937128074967,374.3216261869143,530.2368068466798,1997.5506187683136,605.0,1203.8937128074967,470.23680684667977,1937.5506187683136,598.8937128074967,"MATR_b2c35,MATR_b4c31,MATR_b4c23,MATR_b1c28,MATR_b4c5,MATR_b2c34,MATR_b1c41,MATR_b4c40,MATR_b1c31,MATR_b3c27,MATR_b2c27,MATR_b3c8,MATR_b1c7,MATR_b3c26,MATR_b4c27,MATR_b4c33",False,False,0.95
60,MATR_b4c1,760.0,1215.8147958897346,342.605854295219,544.3196605785281,1887.309931200941,700.0,1155.8147958897346,484.3196605785281,1827.309931200941,455.81479588973457,"MATR_b2c35,MATR_b4c31,MATR_b4c23,MATR_b1c28,MATR_b4c5,MATR_b2c34,MATR_b1c41,MATR_b4c40,MATR_b1c31,MATR_b3c27,MATR_b2c27,MATR_b3c8,MATR_b1c7,MATR_b3c26,MATR_b4c27,MATR_b4c33",False,False,0.95
60,MATR_b4c11,863.0,1319.5129741155156,411.2675296347797,513.4434280205882,2125.582520210443,803.0,1259.5129741155156,453.44342802058816,2065.582520210443,456.5129741155156,"MATR_b2c35,MATR_b4c31,MATR_b4c23,MATR_b1c28,MATR_b4c5,MATR_b2c34,MATR_b1c41,MATR_b4c40,MATR_b1c31,MATR_b3c27,MATR_b2c27,MATR_b3c8,MATR_b1c7,MATR_b3c26,MATR_b4c27,MATR_b4c33",False,False,0.95
60,MATR_b4c15,675.0,1339.320906596805,423.50417888761666,509.26796867486814,2169.373844518742,615.0,1279.320906596805,449.26796867486814,2109.373844518742,664.3209065968049,"MATR_b2c35,MATR_b4c31,MATR_b4c23,MATR_b1c28,MATR_b4c5,MATR_b2c34,MATR_b1c41,MATR_b4c40,MATR_b1c31,MATR_b3c27,MATR_b2c27,MATR_b3c8,MATR_b1c7,MATR_b3c26,MATR_b4c27,MATR_b4c33",False,False,0.95
60,MATR_b4c21,773.0,1230.9919897567856,346.0516203511631,552.7432770767781,1909.240702436793,713.0,1170.9919897567856,492.7432770767781,1849.240702436793,457.99198975678564,"MATR_b2c35,MATR_b4c31,MATR_b4c23,MATR_b1c28,MATR_b4c5,MATR_b2c34,MATR_b1c41,MATR_b4c40,MATR_b1c31,MATR_b3c27,MATR_b2c27,MATR_b3c8,MATR_b1c7,MATR_b3c26,MATR_b4c27,MATR_b4c33",False,False,0.95
60,MATR_b4c3,777.0,1224.499463269853,361.3966066034657,516.1751301920701,1932.823796347636,717.0,1164.499463269853,456.1751301920701,1872.823796347636,447.4994632698531,"MATR_b2c35,MATR_b4c31,MATR_b4c23,MATR_b1c28,MATR_b4c5,MATR_b2c34,MATR_b1c41,MATR_b4c40,MATR_b1c31,MATR_b3c27,MATR_b2c27,MATR_b3c8,MATR_b1c7,MATR_b3c26,MATR_b4c27,MATR_b4c33",False,False,0.95
60,MATR_b4c32,754.0,1189.2175197949773,312.88917548514513,575.9660046916601,1802.4690348982945,694.0,1129.2175197949773,515.9660046916601,1742.4690348982945,435.2175197949773,"MATR_b2c35,MATR_b4c31,MATR_b4c23,MATR_b1c28,MATR_b4c5,MATR_b2c34,MATR_b1c41,MATR_b4c40,MATR_b1c31,MATR_b3c27,MATR_b2c27,MATR_b3c8,MATR_b1c7,MATR_b3c26,MATR_b4c27,MATR_b4c33",False,False,0.95
60,MATR_b4c34,891.0,1223.1231366320121,363.4965331978931,510.68302305897373,1935.5632502050505,831.0,1163.1231366320121,450.68302305897373,1875.5632502050505,332.1231366320121,"MATR_b2c35,MATR_b4c31,MATR_b4c23,MATR_b1c28,MATR_b4c5,MATR_b2c34,MATR_b1c41,MATR_b4c40,MATR_b1c31,MATR_b3c27,MATR_b2c27,MATR_b3c8,MATR_b1c7,MATR_b3c26,MATR_b4c27,MATR_b4c33",False,False,0.95
60,MATR_b4c42,774.0,1230.3193146762078,364.41536399842295,516.0783258262447,1944.5603035261709,714.0,1170.3193146762078,456.07832582624474,1884.5603035261709,456.3193146762078,"MATR_b2c35,MATR_b4c31,MATR_b4c23,MATR_b1c28,MATR_b4c5,MATR_b2c34,MATR_b1c41,MATR_b4c40,MATR_b1c31,MATR_b3c27,MATR_b2c27,MATR_b3c8,MATR_b1c7,MATR_b3c26,MATR_b4c27,MATR_b4c33",False,False,0.95
60,MATR_b4c6,706.0,1140.059545027781,312.3900138401907,527.7863687710384,1752.3327212845238,646.0,1080.059545027781,467.7863687710384,1692.3327212845238,434.05954502778104,"MATR_b2c35,MATR_b4c31,MATR_b4c23,MATR_b1c28,MATR_b4c5,MATR_b2c34,MATR_b1c41,MATR_b4c40,MATR_b1c31,MATR_b3c27,MATR_b2c27,MATR_b3c8,MATR_b1c7,MATR_b3c26,MATR_b4c27,MATR_b4c33",False,False,0.95
60,MATR_b4c7,529.0,1246.5545264771804,362.74357521966107,535.5901834233488,1957.5188695310121,469.0,1186.5545264771804,475.5901834233488,1897.5188695310121,717.5545264771804,"MATR_b2c35,MATR_b4c31,MATR_b4c23,MATR_b1c28,MATR_b4c5,MATR_b2c34,MATR_b1c41,MATR_b4c40,MATR_b1c31,MATR_b3c27,MATR_b2c27,MATR_b3c8,MATR_b1c7,MATR_b3c26,MATR_b4c27,MATR_b4c33",False,False,0.95
80,MATR_b1c14,877.0,1389.6528634834235,392.5624048896661,620.2446882152477,2159.0610387515994,797.0,1309.6528634834235,540.2446882152477,2079.0610387515994,512.6528634834235,"MATR_b4c14,MATR_b4c37,MATR_b4c4,MATR_b1c17,MATR_b2c39,MATR_b3c5,MATR_b3c41,MATR_b2c45,MATR_b2c0,MATR_b2c38,MATR_b1c15,MATR_b1c28,MATR_b1c32,MATR_b4c13,MATR_b2c47,MATR_b4c24",False,False,0.95
80,MATR_b1c18,687.0,807.097640879574,107.54610213015869,596.3111540267967,1017.8841277323513,607.0,727.097640879574,516.3111540267967,937.8841277323513,120.09764087957399,"MATR_b4c14,MATR_b4c37,MATR_b4c4,MATR_b1c17,MATR_b2c39,MATR_b3c5,MATR_b3c41,MATR_b2c45,MATR_b2c0,MATR_b2c38,MATR_b1c15,MATR_b1c28,MATR_b1c32,MATR_b4c13,MATR_b2c47,MATR_b4c24",False,False,0.95
80,MATR_b1c19,786.0,1267.7830860982042,280.15121750133164,718.696789570547,1816.8693826258614,706.0,1187.7830860982042,638.696789570547,1736.8693826258614,481.7830860982042,"MATR_b4c14,MATR_b4c37,MATR_b4c4,MATR_b1c17,MATR_b2c39,MATR_b3c5,MATR_b3c41,MATR_b2c45,MATR_b2c0,MATR_b2c38,MATR_b1c15,MATR_b1c28,MATR_b1c32,MATR_b4c13,MATR_b2c47,MATR_b4c24",False,False,0.95
80,MATR_b1c2,2237.0,1492.459837559813,485.6388508840559,540.6251803336459,2444.29449478598,2157.0,1412.459837559813,460.62518033364586,2364.29449478598,744.540162440187,"MATR_b4c14,MATR_b4c37,MATR_b4c4,MATR_b1c17,MATR_b2c39,MATR_b3c5,MATR_b3c41,MATR_b2c45,MATR_b2c0,MATR_b2c38,MATR_b1c15,MATR_b1c28,MATR_b1c32,MATR_b4c13,MATR_b2c47,MATR_b4c24",False,False,0.95
80,MATR_b1c30,707.0,1450.6493475637549,423.6321497512002,620.3455913581239,2280.953103769386,627.0,1370.6493475637549,540.3455913581239,2200.953103769386,743.6493475637549,"MATR_b4c14,MATR_b4c37,MATR_b4c4,MATR_b1c17,MATR_b2c39,MATR_b3c5,MATR_b3c41,MATR_b2c45,MATR_b2c0,MATR_b2c38,MATR_b1c15,MATR_b1c28,MATR_b1c32,MATR_b4c13,MATR_b2c47,MATR_b4c24",False,False,0.95
80,MATR_b1c34,742.0,1238.9060843456848,272.0313344722433,705.7344661137188,1772.0777025776508,662.0,1158.9060843456848,625.7344661137188,1692.0777025776508,496.9060843456848,"MATR_b4c14,MATR_b4c37,MATR_b4c4,MATR_b1c17,MATR_b2c39,MATR_b3c5,MATR_b3c41,MATR_b2c45,MATR_b2c0,MATR_b2c38,MATR_b1c15,MATR_b1c28,MATR_b1c32,MATR_b4c13,MATR_b2c47,MATR_b4c24",False,False,0.95
80,MATR_b1c35,701.0,1363.3845854235437,379.6342236731172,619.315179725411,2107.4539911216766,621.0,1283.3845854235437,539.315179725411,2027.4539911216766,662.3845854235437,"MATR_b4c14,MATR_b4c37,MATR_b4c4,MATR_b1c17,MATR_b2c39,MATR_b3c5,MATR_b3c41,MATR_b2c45,MATR_b2c0,MATR_b2c38,MATR_b1c15,MATR_b1c28,MATR_b1c32,MATR_b4c13,MATR_b2c47,MATR_b4c24",False,False,0.95
80,MATR_b1c42,700.0,1268.327564484263,277.358403957578,724.7150819178986,1811.940047050627,620.0,1188.327564484263,644.7150819178986,1731.940047050627,568.3275644842629,"MATR_b4c14,MATR_b4c37,MATR_b4c4,MATR_b1c17,MATR_b2c39,MATR_b3c5,MATR_b3c41,MATR_b2c45,MATR_b2c0,MATR_b2c38,MATR_b1c15,MATR_b1c28,MATR_b1c32,MATR_b4c13,MATR_b2c47,MATR_b4c24",False,False,0.95
80,MATR_b1c5,1071.0,1472.231332599205,448.9878826382613,592.2312531333164,2352.2314120650935,991.0,1392.231332599205,512.2312531333164,2272.2314120650935,401.23133259920496,"MATR_b4c14,MATR_b4c37,MATR_b4c4,MATR_b1c17,MATR_b2c39,MATR_b3c5,MATR_b3c41,MATR_b2c45,MATR_b2c0,MATR_b2c38,MATR_b1c15,MATR_b1c28,MATR_b1c32,MATR_b4c13,MATR_b2c47,MATR_b4c24",False,False,0.95
80,MATR_b1c6,633.0,1488.2212167269902,464.2669262573291,578.2747620495122,2398.167671404468,553.0,1408.2212167269902,498.2747620495122,2318.167671404468,855.2212167269902,"MATR_b4c14,MATR_b4c37,MATR_b4c4,MATR_b1c17,MATR_b2c39,MATR_b3c5,MATR_b3c41,MATR_b2c45,MATR_b2c0,MATR_b2c38,MATR_b1c15,MATR_b1c28,MATR_b1c32,MATR_b4c13,MATR_b2c47,MATR_b4c24",False,False,0.95
80,MATR_b2c19,460.0,650.4186312160855,116.61614059248785,421.85519563874993,878.982066793421,380.0,570.4186312160855,341.85519563874993,798.982066793421,190.4186312160855,"MATR_b4c14,MATR_b4c37,MATR_b4c4,MATR_b1c17,MATR_b2c39,MATR_b3c5,MATR_b3c41,MATR_b2c45,MATR_b2c0,MATR_b2c38,MATR_b1c15,MATR_b1c28,MATR_b1c32,MATR_b4c13,MATR_b2c47,MATR_b4c24",False,False,0.95
80,MATR_b2c22,512.0,1110.0831982801003,181.31963948292025,754.70323520379,1465.4631613564106,432.0,1030.0831982801003,674.70323520379,1385.4631613564106,598.0831982801003,"MATR_b4c14,MATR_b4c37,MATR_b4c4,MATR_b1c17,MATR_b2c39,MATR_b3c5,MATR_b3c41,MATR_b2c45,MATR_b2c0,MATR_b2c38,MATR_b1c15,MATR_b1c28,MATR_b1c32,MATR_b4c13,MATR_b2c47,MATR_b4c24",False,False,0.95
80,MATR_b2c24,494.0,948.9859286840338,130.14799612912512,693.9005436108903,1204.0713137571772,414.0,868.9859286840338,613.9005436108903,1124.0713137571772,454.98592868403375,"MATR_b4c14,MATR_b4c37,MATR_b4c4,MATR_b1c17,MATR_b2c39,MATR_b3c5,MATR_b3c41,MATR_b2c45,MATR_b2c0,MATR_b2c38,MATR_b1c15,MATR_b1c28,MATR_b1c32,MATR_b4c13,MATR_b2c47,MATR_b4c24",False,False,0.95
80,MATR_b2c3,334.0,454.7841521134655,70.68854092146638,316.2371577877056,593.3311464392254,254.0,374.7841521134655,236.2371577877056,513.3311464392254,120.7841521134655,"MATR_b4c14,MATR_b4c37,MATR_b4c4,MATR_b1c17,MATR_b2c39,MATR_b3c5,MATR_b3c41,MATR_b2c45,MATR_b2c0,MATR_b2c38,MATR_b1c15,MATR_b1c28,MATR_b1c32,MATR_b4c13,MATR_b2c47,MATR_b4c24",False,False,0.95
80,MATR_b2c33,519.0,1305.3896579485645,303.3171995392765,710.8988709600336,1899.8804449370955,439.0,1225.3896579485645,630.8988709600336,1819.8804449370955,786.3896579485645,"MATR_b4c14,MATR_b4c37,MATR_b4c4,MATR_b1c17,MATR_b2c39,MATR_b3c5,MATR_b3c41,MATR_b2c45,MATR_b2c0,MATR_b2c38,MATR_b1c15,MATR_b1c28,MATR_b1c32,MATR_b4c13,MATR_b2c47,MATR_b4c24",False,False,0.95
80,MATR_b2c41,428.0,1007.1054583778053,154.92136749065781,703.4651576604217,1310.745759095189,348.0,927.1054583778053,623.4651576604217,1230.745759095189,579.1054583778053,"MATR_b4c14,MATR_b4c37,MATR_b4c4,MATR_b1c17,MATR_b2c39,MATR_b3c5,MATR_b3c41,MATR_b2c45,MATR_b2c0,MATR_b2c38,MATR_b1c15,MATR_b1c28,MATR_b1c32,MATR_b4c13,MATR_b2c47,MATR_b4c24",False,False,0.95
80,MATR_b3c1,1061.0,1412.5335269533107,462.76868855268015,505.5235642172246,2319.5434896893967,981.0,1332.5335269533107,425.5235642172246,2239.5434896893967,351.5335269533107,"MATR_b4c14,MATR_b4c37,MATR_b4c4,MATR_b1c17,MATR_b2c39,MATR_b3c5,MATR_b3c41,MATR_b2c45,MATR_b2c0,MATR_b2c38,MATR_b1c15,MATR_b1c28,MATR_b1c32,MATR_b4c13,MATR_b2c47,MATR_b4c24",False,False,0.95
80,MATR_b3c14,856.0,1453.9920217975355,440.0458809068719,591.5179436748649,2316.466099920206,776.0,1373.9920217975355,511.5179436748649,2236.466099920206,597.9920217975355,"MATR_b4c14,MATR_b4c37,MATR_b4c4,MATR_b1c17,MATR_b2c39,MATR_b3c5,MATR_b3c41,MATR_b2c45,MATR_b2c0,MATR_b2c38,MATR_b1c15,MATR_b1c28,MATR_b1c32,MATR_b4c13,MATR_b2c47,MATR_b4c24",False,False,0.95
80,MATR_b3c17,1313.0,1393.7114970604648,460.4666809092586,491.21338639762087,2296.2096077233086,1233.0,1313.7114970604648,411.21338639762087,2216.2096077233086,80.71149706046481,"MATR_b4c14,MATR_b4c37,MATR_b4c4,MATR_b1c17,MATR_b2c39,MATR_b3c5,MATR_b3c41,MATR_b2c45,MATR_b2c0,MATR_b2c38,MATR_b1c15,MATR_b1c28,MATR_b1c32,MATR_b4c13,MATR_b2c47,MATR_b4c24",False,False,0.95
80,MATR_b3c24,823.0,1180.6751635428616,298.8336462374038,594.9719795487669,1766.3783475369564,743.0,1100.6751635428616,514.9719795487669,1686.3783475369564,357.6751635428616,"MATR_b4c14,MATR_b4c37,MATR_b4c4,MATR_b1c17,MATR_b2c39,MATR_b3c5,MATR_b3c41,MATR_b2c45,MATR_b2c0,MATR_b2c38,MATR_b1c15,MATR_b1c28,MATR_b1c32,MATR_b4c13,MATR_b2c47,MATR_b4c24",False,False,0.95
80,MATR_b3c31,729.0,1412.183263171985,440.940547797278,547.9556701659579,2276.4108561780117,649.0,1332.183263171985,467.95567016595794,2196.4108561780117,683.1832631719849,"MATR_b4c14,MATR_b4c37,MATR_b4c4,MATR_b1c17,MATR_b2c39,MATR_b3c5,MATR_b3c41,MATR_b2c45,MATR_b2c0,MATR_b2c38,MATR_b1c15,MATR_b1c28,MATR_b1c32,MATR_b4c13,MATR_b2c47,MATR_b4c24",False,False,0.95
80,MATR_b3c33,1282.0,1385.9227010024097,451.33170664328316,501.3288109005779,2270.5165911042413,1202.0,1305.9227010024097,421.3288109005779,2190.5165911042413,103.92270100240967,"MATR_b4c14,MATR_b4c37,MATR_b4c4,MATR_b1c17,MATR_b2c39,MATR_b3c5,MATR_b3c41,MATR_b2c45,MATR_b2c0,MATR_b2c38,MATR_b1c15,MATR_b1c28,MATR_b1c32,MATR_b4c13,MATR_b2c47,MATR_b4c24",False,False,0.95
80,MATR_b3c36,921.0,1322.5313174870907,405.70753435847837,527.3591618879268,2117.7034730862547,841.0,1242.5313174870907,447.3591618879268,2037.7034730862547,401.53131748709075,"MATR_b4c14,MATR_b4c37,MATR_b4c4,MATR_b1c17,MATR_b2c39,MATR_b3c5,MATR_b3c41,MATR_b2c45,MATR_b2c0,MATR_b2c38,MATR_b1c15,MATR_b1c28,MATR_b1c32,MATR_b4c13,MATR_b2c47,MATR_b4c24",False,False,0.95
80,MATR_b3c6,665.0,1215.2317756906436,323.6388785801199,580.9112296766772,1849.5523217046102,585.0,1135.2317756906436,500.9112296766772,1769.5523217046102,550.2317756906436,"MATR_b4c14,MATR_b4c37,MATR_b4c4,MATR_b1c17,MATR_b2c39,MATR_b3c5,MATR_b3c41,MATR_b2c45,MATR_b2c0,MATR_b2c38,MATR_b1c15,MATR_b1c28,MATR_b1c32,MATR_b4c13,MATR_b2c47,MATR_b4c24",False,False,0.95
80,MATR_b4c1,760.0,1075.8345442516832,226.94512911485018,631.0302647197846,1520.6388237835818,680.0,995.8345442516832,551.0302647197846,1440.6388237835818,315.83454425168316,"MATR_b4c14,MATR_b4c37,MATR_b4c4,MATR_b1c17,MATR_b2c39,MATR_b3c5,MATR_b3c41,MATR_b2c45,MATR_b2c0,MATR_b2c38,MATR_b1c15,MATR_b1c28,MATR_b1c32,MATR_b4c13,MATR_b2c47,MATR_b4c24",False,False,0.95
80,MATR_b4c11,863.0,1357.3849725923437,419.3693273697645,535.4361947268179,2179.3337504578694,783.0,1277.3849725923437,455.4361947268179,2099.3337504578694,494.38497259234373,"MATR_b4c14,MATR_b4c37,MATR_b4c4,MATR_b1c17,MATR_b2c39,MATR_b3c5,MATR_b3c41,MATR_b2c45,MATR_b2c0,MATR_b2c38,MATR_b1c15,MATR_b1c28,MATR_b1c32,MATR_b4c13,MATR_b2c47,MATR_b4c24",False,False,0.95
80,MATR_b4c15,675.0,1366.9100697998024,419.2184723046931,545.2569624287021,2188.5631771709027,595.0,1286.9100697998024,465.2569624287021,2108.5631771709027,691.9100697998024,"MATR_b4c14,MATR_b4c37,MATR_b4c4,MATR_b1c17,MATR_b2c39,MATR_b3c5,MATR_b3c41,MATR_b2c45,MATR_b2c0,MATR_b2c38,MATR_b1c15,MATR_b1c28,MATR_b1c32,MATR_b4c13,MATR_b2c47,MATR_b4c24",False,False,0.95
80,MATR_b4c21,773.0,1195.1642881872153,300.8202621598258,605.5674085340596,1784.761167840371,693.0,1115.1642881872153,525.5674085340596,1704.761167840371,422.16428818721533,"MATR_b4c14,MATR_b4c37,MATR_b4c4,MATR_b1c17,MATR_b2c39,MATR_b3c5,MATR_b3c41,MATR_b2c45,MATR_b2c0,MATR_b2c38,MATR_b1c15,MATR_b1c28,MATR_b1c32,MATR_b4c13,MATR_b2c47,MATR_b4c24",False,False,0.95
80,MATR_b4c3,777.0,1243.2831019036241,360.7872771003616,536.1530327066429,1950.4131711006053,697.0,1163.2831019036241,456.1530327066429,1870.4131711006053,466.28310190362413,"MATR_b4c14,MATR_b4c37,MATR_b4c4,MATR_b1c17,MATR_b2c39,MATR_b3c5,MATR_b3c41,MATR_b2c45,MATR_b2c0,MATR_b2c38,MATR_b1c15,MATR_b1c28,MATR_b1c32,MATR_b4c13,MATR_b2c47,MATR_b4c24",False,False,0.95
80,MATR_b4c32,754.0,1032.7017953076481,190.5137438155692,659.3017188692421,1406.1018717460543,674.0,952.7017953076481,579.3017188692421,1326.1018717460543,278.7017953076481,"MATR_b4c14,MATR_b4c37,MATR_b4c4,MATR_b1c17,MATR_b2c39,MATR_b3c5,MATR_b3c41,MATR_b2c45,MATR_b2c0,MATR_b2c38,MATR_b1c15,MATR_b1c28,MATR_b1c32,MATR_b4c13,MATR_b2c47,MATR_b4c24",False,False,0.95
80,MATR_b4c34,891.0,1269.9769207234083,383.9213228801445,517.5049549813518,2022.4488864654647,811.0,1189.9769207234083,437.50495498135183,1942.4488864654647,378.9769207234083,"MATR_b4c14,MATR_b4c37,MATR_b4c4,MATR_b1c17,MATR_b2c39,MATR_b3c5,MATR_b3c41,MATR_b2c45,MATR_b2c0,MATR_b2c38,MATR_b1c15,MATR_b1c28,MATR_b1c32,MATR_b4c13,MATR_b2c47,MATR_b4c24",False,False,0.95
80,MATR_b4c42,774.0,1245.5868785560424,358.33674797820464,543.2597581815554,1947.9139989305295,694.0,1165.5868785560424,463.2597581815554,1867.9139989305295,471.5868785560424,"MATR_b4c14,MATR_b4c37,MATR_b4c4,MATR_b1c17,MATR_b2c39,MATR_b3c5,MATR_b3c41,MATR_b2c45,MATR_b2c0,MATR_b2c38,MATR_b1c15,MATR_b1c28,MATR_b1c32,MATR_b4c13,MATR_b2c47,MATR_b4c24",False,False,0.95
80,MATR_b4c6,706.0,1111.1477653111583,277.84132459440406,566.5887756892238,1655.7067549330927,626.0,1031.1477653111583,486.5887756892238,1575.7067549330927,405.1477653111583,"MATR_b4c14,MATR_b4c37,MATR_b4c4,MATR_b1c17,MATR_b2c39,MATR_b3c5,MATR_b3c41,MATR_b2c45,MATR_b2c0,MATR_b2c38,MATR_b1c15,MATR_b1c28,MATR_b1c32,MATR_b4c13,MATR_b2c47,MATR_b4c24",False,False,0.95
80,MATR_b4c7,529.0,1126.44566581336,258.0560693029114,620.6650639876815,1632.2262676390383,449.0,1046.44566581336,540.6650639876815,1552.2262676390383,597.4456658133599,"MATR_b4c14,MATR_b4c37,MATR_b4c4,MATR_b1c17,MATR_b2c39,MATR_b3c5,MATR_b3c41,MATR_b2c45,MATR_b2c0,MATR_b2c38,MATR_b1c15,MATR_b1c28,MATR_b1c32,MATR_b4c13,MATR_b2c47,MATR_b4c24",False,False,0.95
100,MATR_b1c14,877.0,918.1907566018649,93.70708829205395,734.5282384533242,1101.8532747504055,777.0,818.1907566018649,634.5282384533242,1001.8532747504055,41.190756601864905,"MATR_b2c27,MATR_b1c24,MATR_b2c26,MATR_b2c4,MATR_b3c22,MATR_b2c0,MATR_b3c28,MATR_b4c14,MATR_b3c27,MATR_b3c12,MATR_b4c19,MATR_b2c47,MATR_b2c25,MATR_b3c39,MATR_b2c44,MATR_b1c1",False,False,0.95
100,MATR_b1c18,687.0,625.1161097432572,70.23618273794321,487.4557211653147,762.7764983211997,587.0,525.1161097432572,387.4557211653147,662.7764983211997,61.8838902567428,"MATR_b2c27,MATR_b1c24,MATR_b2c26,MATR_b2c4,MATR_b3c22,MATR_b2c0,MATR_b3c28,MATR_b4c14,MATR_b3c27,MATR_b3c12,MATR_b4c19,MATR_b2c47,MATR_b2c25,MATR_b3c39,MATR_b2c44,MATR_b1c1",False,False,0.95
100,MATR_b1c19,786.0,780.2684081849494,81.65338091640751,620.2307223728606,940.3060939970383,686.0,680.2684081849494,520.2307223728606,840.3060939970383,5.731591815050592,"MATR_b2c27,MATR_b1c24,MATR_b2c26,MATR_b2c4,MATR_b3c22,MATR_b2c0,MATR_b3c28,MATR_b4c14,MATR_b3c27,MATR_b3c12,MATR_b4c19,MATR_b2c47,MATR_b2c25,MATR_b3c39,MATR_b2c44,MATR_b1c1",False,False,0.95
100,MATR_b1c2,2237.0,1186.236062142906,158.91536637196717,874.7676674638626,1497.7044568219492,2137.0,1086.236062142906,774.7676674638626,1397.7044568219492,1050.763937857094,"MATR_b2c27,MATR_b1c24,MATR_b2c26,MATR_b2c4,MATR_b3c22,MATR_b2c0,MATR_b3c28,MATR_b4c14,MATR_b3c27,MATR_b3c12,MATR_b4c19,MATR_b2c47,MATR_b2c25,MATR_b3c39,MATR_b2c44,MATR_b1c1",False,False,0.95
100,MATR_b1c30,707.0,1007.5408039641698,100.89333918469943,809.7934928821751,1205.2881150461644,607.0,907.5408039641698,709.7934928821751,1105.2881150461644,300.54080396416975,"MATR_b2c27,MATR_b1c24,MATR_b2c26,MATR_b2c4,MATR_b3c22,MATR_b2c0,MATR_b3c28,MATR_b4c14,MATR_b3c27,MATR_b3c12,MATR_b4c19,MATR_b2c47,MATR_b2c25,MATR_b3c39,MATR_b2c44,MATR_b1c1",False,False,0.95
100,MATR_b1c34,742.0,697.7326446400775,77.815299476979,545.2174602190003,850.2478290611548,642.0,597.7326446400775,445.21746021900026,750.2478290611548,44.267355359922476,"MATR_b2c27,MATR_b1c24,MATR_b2c26,MATR_b2c4,MATR_b3c22,MATR_b2c0,MATR_b3c28,MATR_b4c14,MATR_b3c27,MATR_b3c12,MATR_b4c19,MATR_b2c47,MATR_b2c25,MATR_b3c39,MATR_b2c44,MATR_b1c1",False,False,0.95
100,MATR_b1c35,701.0,669.2377253067671,71.20320021438565,529.6820173025766,808.7934333109575,601.0,569.2377253067671,429.6820173025766,708.7934333109575,31.76227469323294,"MATR_b2c27,MATR_b1c24,MATR_b2c26,MATR_b2c4,MATR_b3c22,MATR_b2c0,MATR_b3c28,MATR_b4c14,MATR_b3c27,MATR_b3c12,MATR_b4c19,MATR_b2c47,MATR_b2c25,MATR_b3c39,MATR_b2c44,MATR_b1c1",False,False,0.95
100,MATR_b1c42,700.0,745.4642770981815,78.21900991309579,592.1578347621323,898.7707194342306,600.0,645.4642770981815,492.1578347621323,798.7707194342306,45.46427709818147,"MATR_b2c27,MATR_b1c24,MATR_b2c26,MATR_b2c4,MATR_b3c22,MATR_b2c0,MATR_b3c28,MATR_b4c14,MATR_b3c27,MATR_b3c12,MATR_b4c19,MATR_b2c47,MATR_b2c25,MATR_b3c39,MATR_b2c44,MATR_b1c1",False,False,0.95
100,MATR_b1c5,1071.0,911.9109346275285,94.36125464552393,726.9662739862888,1096.8555952687682,971.0,811.9109346275285,626.9662739862888,996.8555952687682,159.0890653724715,"MATR_b2c27,MATR_b1c24,MATR_b2c26,MATR_b2c4,MATR_b3c22,MATR_b2c0,MATR_b3c28,MATR_b4c14,MATR_b3c27,MATR_b3c12,MATR_b4c19,MATR_b2c47,MATR_b2c25,MATR_b3c39,MATR_b2c44,MATR_b1c1",False,False,0.95
100,MATR_b1c6,633.0,928.6969010326488,95.17028456317462,742.1665708903984,1115.2272311748993,533.0,828.6969010326488,642.1665708903984,1015.2272311748993,295.69690103264884,"MATR_b2c27,MATR_b1c24,MATR_b2c26,MATR_b2c4,MATR_b3c22,MATR_b2c0,MATR_b3c28,MATR_b4c14,MATR_b3c27,MATR_b3c12,MATR_b4c19,MATR_b2c47,MATR_b2c25,MATR_b3c39,MATR_b2c44,MATR_b1c1",False,False,0.95
100,MATR_b2c19,460.0,427.0993871476732,69.36832386153337,291.1399707111574,563.058803584189,360.0,327.0993871476732,191.1399707111574,463.05880358418904,32.90061285232679,"MATR_b2c27,MATR_b1c24,MATR_b2c26,MATR_b2c4,MATR_b3c22,MATR_b2c0,MATR_b3c28,MATR_b4c14,MATR_b3c27,MATR_b3c12,MATR_b4c19,MATR_b2c47,MATR_b2c25,MATR_b3c39,MATR_b2c44,MATR_b1c1",False,False,0.95
100,MATR_b2c22,512.0,592.4361056233269,65.0457456735398,464.94878675563683,719.9234244910169,412.0,492.43610562332685,364.94878675563683,619.9234244910169,80.43610562332685,"MATR_b2c27,MATR_b1c24,MATR_b2c26,MATR_b2c4,MATR_b3c22,MATR_b2c0,MATR_b3c28,MATR_b4c14,MATR_b3c27,MATR_b3c12,MATR_b4c19,MATR_b2c47,MATR_b2c25,MATR_b3c39,MATR_b2c44,MATR_b1c1",False,False,0.95
100,MATR_b2c24,494.0,582.5389895877328,61.070227290471486,462.8435435707336,702.234435604732,394.0,482.5389895877328,362.8435435707336,602.234435604732,88.53898958773277,"MATR_b2c27,MATR_b1c24,MATR_b2c26,MATR_b2c4,MATR_b3c22,MATR_b2c0,MATR_b3c28,MATR_b4c14,MATR_b3c27,MATR_b3c12,MATR_b4c19,MATR_b2c47,MATR_b2c25,MATR_b3c39,MATR_b2c44,MATR_b1c1",False,False,0.95
100,MATR_b2c3,334.0,399.8715534418528,64.27184658082948,273.90104892354327,525.8420579601624,234.0,299.8715534418528,173.90104892354327,425.8420579601624,65.87155344185283,"MATR_b2c27,MATR_b1c24,MATR_b2c26,MATR_b2c4,MATR_b3c22,MATR_b2c0,MATR_b3c28,MATR_b4c14,MATR_b3c27,MATR_b3c12,MATR_b4c19,MATR_b2c47,MATR_b2c25,MATR_b3c39,MATR_b2c44,MATR_b1c1",False,False,0.95
100,MATR_b2c33,519.0,717.4319571460893,75.36951750928363,569.7104172957324,865.1534969964462,419.0,617.4319571460893,469.71041729573244,765.1534969964462,198.4319571460893,"MATR_b2c27,MATR_b1c24,MATR_b2c26,MATR_b2c4,MATR_b3c22,MATR_b2c0,MATR_b3c28,MATR_b4c14,MATR_b3c27,MATR_b3c12,MATR_b4c19,MATR_b2c47,MATR_b2c25,MATR_b3c39,MATR_b2c44,MATR_b1c1",False,False,0.95
100,MATR_b2c41,428.0,504.3809728465303,57.05479799432305,392.55562363244906,616.2063220606116,328.0,404.3809728465303,292.55562363244906,516.2063220606116,76.38097284653031,"MATR_b2c27,MATR_b1c24,MATR_b2c26,MATR_b2c4,MATR_b3c22,MATR_b2c0,MATR_b3c28,MATR_b4c14,MATR_b3c27,MATR_b3c12,MATR_b4c19,MATR_b2c47,MATR_b2c25,MATR_b3c39,MATR_b2c44,MATR_b1c1",False,False,0.95
100,MATR_b3c1,1061.0,922.7510359641537,98.60271718428794,729.4932615051607,1116.0088104231468,961.0,822.7510359641537,629.4932615051607,1016.0088104231468,138.24896403584626,"MATR_b2c27,MATR_b1c24,MATR_b2c26,MATR_b2c4,MATR_b3c22,MATR_b2c0,MATR_b3c28,MATR_b4c14,MATR_b3c27,MATR_b3c12,MATR_b4c19,MATR_b2c47,MATR_b2c25,MATR_b3c39,MATR_b2c44,MATR_b1c1",False,False,0.95
100,MATR_b3c14,856.0,1047.361704597152,108.44214282542387,834.8190102529727,1259.9043989413315,756.0,947.3617045971521,734.8190102529727,1159.9043989413315,191.36170459715208,"MATR_b2c27,MATR_b1c24,MATR_b2c26,MATR_b2c4,MATR_b3c22,MATR_b2c0,MATR_b3c28,MATR_b4c14,MATR_b3c27,MATR_b3c12,MATR_b4c19,MATR_b2c47,MATR_b2c25,MATR_b3c39,MATR_b2c44,MATR_b1c1",False,False,0.95
100,MATR_b3c17,1313.0,1071.8118366126685,147.89777132947597,781.937531413155,1361.6861418121819,1213.0,971.8118366126685,681.937531413155,1261.6861418121819,241.18816338733154,"MATR_b2c27,MATR_b1c24,MATR_b2c26,MATR_b2c4,MATR_b3c22,MATR_b2c0,MATR_b3c28,MATR_b4c14,MATR_b3c27,MATR_b3c12,MATR_b4c19,MATR_b2c47,MATR_b2c25,MATR_b3c39,MATR_b2c44,MATR_b1c1",False,False,0.95
100,MATR_b3c24,823.0,868.3584694798064,101.52400030160824,669.3750853222207,1067.3418536373922,723.0,768.3584694798064,569.3750853222207,967.3418536373922,45.358469479806445,"MATR_b2c27,MATR_b1c24,MATR_b2c26,MATR_b2c4,MATR_b3c22,MATR_b2c0,MATR_b3c28,MATR_b4c14,MATR_b3c27,MATR_b3c12,MATR_b4c19,MATR_b2c47,MATR_b2c25,MATR_b3c39,MATR_b2c44,MATR_b1c1",False,False,0.95
100,MATR_b3c31,729.0,790.4252533206952,83.00126226596815,627.7457686080343,953.1047380333562,629.0,690.4252533206952,527.7457686080343,853.1047380333562,61.42525332069522,"MATR_b2c27,MATR_b1c24,MATR_b2c26,MATR_b2c4,MATR_b3c22,MATR_b2c0,MATR_b3c28,MATR_b4c14,MATR_b3c27,MATR_b3c12,MATR_b4c19,MATR_b2c47,MATR_b2c25,MATR_b3c39,MATR_b2c44,MATR_b1c1",False,False,0.95
100,MATR_b3c33,1282.0,981.1263756503799,118.78354358858857,748.3149082607027,1213.937843040057,1182.0,881.1263756503799,648.3149082607027,1113.937843040057,300.87362434962006,"MATR_b2c27,MATR_b1c24,MATR_b2c26,MATR_b2c4,MATR_b3c22,MATR_b2c0,MATR_b3c28,MATR_b4c14,MATR_b3c27,MATR_b3c12,MATR_b4c19,MATR_b2c47,MATR_b2c25,MATR_b3c39,MATR_b2c44,MATR_b1c1",False,False,0.95
100,MATR_b3c36,921.0,886.4116014942065,104.1546672335037,682.2722048947852,1090.5509980936276,821.0,786.4116014942065,582.2722048947852,990.5509980936276,34.58839850579352,"MATR_b2c27,MATR_b1c24,MATR_b2c26,MATR_b2c4,MATR_b3c22,MATR_b2c0,MATR_b3c28,MATR_b4c14,MATR_b3c27,MATR_b3c12,MATR_b4c19,MATR_b2c47,MATR_b2c25,MATR_b3c39,MATR_b2c44,MATR_b1c1",False,False,0.95
100,MATR_b3c6,665.0,671.1978719615963,77.53381062520683,519.234395552042,823.1613483711507,565.0,571.1978719615963,419.234395552042,723.1613483711507,6.19787196159632,"MATR_b2c27,MATR_b1c24,MATR_b2c26,MATR_b2c4,MATR_b3c22,MATR_b2c0,MATR_b3c28,MATR_b4c14,MATR_b3c27,MATR_b3c12,MATR_b4c19,MATR_b2c47,MATR_b2c25,MATR_b3c39,MATR_b2c44,MATR_b1c1",False,False,0.95
100,MATR_b4c1,760.0,729.7957609777733,84.44938432212845,564.2780091898201,895.3135127657265,660.0,629.7957609777733,464.27800918982007,795.3135127657265,30.204239022226716,"MATR_b2c27,MATR_b1c24,MATR_b2c26,MATR_b2c4,MATR_b3c22,MATR_b2c0,MATR_b3c28,MATR_b4c14,MATR_b3c27,MATR_b3c12,MATR_b4c19,MATR_b2c47,MATR_b2c25,MATR_b3c39,MATR_b2c44,MATR_b1c1",False,False,0.95
100,MATR_b4c11,863.0,919.3949812474307,105.0373086265819,713.5256393063119,1125.2643231885495,763.0,819.3949812474307,613.5256393063119,1025.2643231885495,56.39498124743068,"MATR_b2c27,MATR_b1c24,MATR_b2c26,MATR_b2c4,MATR_b3c22,MATR_b2c0,MATR_b3c28,MATR_b4c14,MATR_b3c27,MATR_b3c12,MATR_b4c19,MATR_b2c47,MATR_b2c25,MATR_b3c39,MATR_b2c44,MATR_b1c1",False,False,0.95
100,MATR_b4c15,675.0,867.9048127684027,95.93762985393744,679.8705134925507,1055.9391120442547,575.0,767.9048127684027,579.8705134925507,955.9391120442547,192.90481276840273,"MATR_b2c27,MATR_b1c24,MATR_b2c26,MATR_b2c4,MATR_b3c22,MATR_b2c0,MATR_b3c28,MATR_b4c14,MATR_b3c27,MATR_b3c12,MATR_b4c19,MATR_b2c47,MATR_b2c25,MATR_b3c39,MATR_b2c44,MATR_b1c1",False,False,0.95
100,MATR_b4c21,773.0,885.4981435880227,107.04117238672072,675.7013008471067,1095.2949863289386,673.0,785.4981435880227,575.7013008471067,995.2949863289386,112.49814358802269,"MATR_b2c27,MATR_b1c24,MATR_b2c26,MATR_b2c4,MATR_b3c22,MATR_b2c0,MATR_b3c28,MATR_b4c14,MATR_b3c27,MATR_b3c12,MATR_b4c19,MATR_b2c47,MATR_b2c25,MATR_b3c39,MATR_b2c44,MATR_b1c1",False,False,0.95
100,MATR_b4c3,777.0,900.3746153352747,107.64905280798719,689.3863488617695,1111.36288180878,677.0,800.3746153352747,589.3863488617695,1011.36288180878,123.37461533527471,"MATR_b2c27,MATR_b1c24,MATR_b2c26,MATR_b2c4,MATR_b3c22,MATR_b2c0,MATR_b3c28,MATR_b4c14,MATR_b3c27,MATR_b3c12,MATR_b4c19,MATR_b2c47,MATR_b2c25,MATR_b3c39,MATR_b2c44,MATR_b1c1",False,False,0.95
100,MATR_b4c32,754.0,779.9390796370877,94.09992120476615,595.5066231276892,964.3715361464863,654.0,679.9390796370877,495.5066231276892,864.3715361464863,25.93907963708773,"MATR_b2c27,MATR_b1c24,MATR_b2c26,MATR_b2c4,MATR_b3c22,MATR_b2c0,MATR_b3c28,MATR_b4c14,MATR_b3c27,MATR_b3c12,MATR_b4c19,MATR_b2c47,MATR_b2c25,MATR_b3c39,MATR_b2c44,MATR_b1c1",False,False,0.95
100,MATR_b4c34,891.0,920.7262922520817,113.00937589860892,699.2319855754595,1142.220598928704,791.0,820.7262922520817,599.2319855754595,1042.220598928704,29.72629225208175,"MATR_b2c27,MATR_b1c24,MATR_b2c26,MATR_b2c4,MATR_b3c22,MATR_b2c0,MATR_b3c28,MATR_b4c14,MATR_b3c27,MATR_b3c12,MATR_b4c19,MATR_b2c47,MATR_b2c25,MATR_b3c39,MATR_b2c44,MATR_b1c1",False,False,0.95
100,MATR_b4c42,774.0,897.0879471735565,107.69149961428317,686.0164864884524,1108.1594078586606,674.0,797.0879471735565,586.0164864884524,1008.1594078586606,123.08794717355647,"MATR_b2c27,MATR_b1c24,MATR_b2c26,MATR_b2c4,MATR_b3c22,MATR_b2c0,MATR_b3c28,MATR_b4c14,MATR_b3c27,MATR_b3c12,MATR_b4c19,MATR_b2c47,MATR_b2c25,MATR_b3c39,MATR_b2c44,MATR_b1c1",False,False,0.95
100,MATR_b4c6,706.0,736.4708153185142,90.26489789259239,559.5548663808477,913.3867642561806,606.0,636.4708153185142,459.55486638084767,813.3867642561806,30.470815318514155,"MATR_b2c27,MATR_b1c24,MATR_b2c26,MATR_b2c4,MATR_b3c22,MATR_b2c0,MATR_b3c28,MATR_b4c14,MATR_b3c27,MATR_b3c12,MATR_b4c19,MATR_b2c47,MATR_b2c25,MATR_b3c39,MATR_b2c44,MATR_b1c1",False,False,0.95
100,MATR_b4c7,529.0,806.8145853256851,94.2784876075768,622.0321450979288,991.5970255534414,429.0,706.8145853256851,522.0321450979288,891.5970255534414,277.81458532568513,"MATR_b2c27,MATR_b1c24,MATR_b2c26,MATR_b2c4,MATR_b3c22,MATR_b2c0,MATR_b3c28,MATR_b4c14,MATR_b3c27,MATR_b3c12,MATR_b4c19,MATR_b2c47,MATR_b2c25,MATR_b3c39,MATR_b2c44,MATR_b1c1",False,False,0.95
120,MATR_b1c14,877.0,913.3043115010175,84.62363170829316,747.4450411117813,1079.163581890254,757.0,793.3043115010175,627.4450411117813,959.1635818902539,36.30431150101754,"MATR_b2c27,MATR_b4c23,MATR_b2c13,MATR_b4c22,MATR_b4c26,MATR_b2c14,MATR_b4c0,MATR_b2c44,MATR_b4c38,MATR_b2c17,MATR_b3c39,MATR_b1c7,MATR_b4c13,MATR_b3c10,MATR_b4c33,MATR_b2c34",False,False,0.95
120,MATR_b1c18,687.0,602.9816763716412,62.827126103138696,479.8427719573331,726.1205807859494,567.0,482.98167637164124,359.8427719573331,606.1205807859494,84.01832362835876,"MATR_b2c27,MATR_b4c23,MATR_b2c13,MATR_b4c22,MATR_b4c26,MATR_b2c14,MATR_b4c0,MATR_b2c44,MATR_b4c38,MATR_b2c17,MATR_b3c39,MATR_b1c7,MATR_b4c13,MATR_b3c10,MATR_b4c33,MATR_b2c34",False,False,0.95
120,MATR_b1c19,786.0,801.418211619541,77.67865764642544,649.1708402651303,953.6655829739517,666.0,681.418211619541,529.1708402651303,833.6655829739517,15.418211619541012,"MATR_b2c27,MATR_b4c23,MATR_b2c13,MATR_b4c22,MATR_b4c26,MATR_b2c14,MATR_b4c0,MATR_b2c44,MATR_b4c38,MATR_b2c17,MATR_b3c39,MATR_b1c7,MATR_b4c13,MATR_b3c10,MATR_b4c33,MATR_b2c34",False,False,0.95
120,MATR_b1c2,2237.0,1293.5092569968504,198.6813900875656,904.1008880268686,1682.917625966832,2117.0,1173.5092569968504,784.1008880268686,1562.917625966832,943.4907430031496,"MATR_b2c27,MATR_b4c23,MATR_b2c13,MATR_b4c22,MATR_b4c26,MATR_b2c14,MATR_b4c0,MATR_b2c44,MATR_b4c38,MATR_b2c17,MATR_b3c39,MATR_b1c7,MATR_b4c13,MATR_b3c10,MATR_b4c33,MATR_b2c34",False,False,0.95
120,MATR_b1c30,707.0,996.7619122207511,90.57959330154003,819.2291716154472,1174.294652826055,587.0,876.7619122207511,699.2291716154472,1054.294652826055,289.7619122207511,"MATR_b2c27,MATR_b4c23,MATR_b2c13,MATR_b4c22,MATR_b4c26,MATR_b2c14,MATR_b4c0,MATR_b2c44,MATR_b4c38,MATR_b2c17,MATR_b3c39,MATR_b1c7,MATR_b4c13,MATR_b3c10,MATR_b4c33,MATR_b2c34",False,False,0.95
120,MATR_b1c34,742.0,715.6531574374668,69.53656790865645,579.3639887279764,851.9423261469572,622.0,595.6531574374668,459.36398872797645,731.9423261469572,26.346842562533197,"MATR_b2c27,MATR_b4c23,MATR_b2c13,MATR_b4c22,MATR_b4c26,MATR_b2c14,MATR_b4c0,MATR_b2c44,MATR_b4c38,MATR_b2c17,MATR_b3c39,MATR_b1c7,MATR_b4c13,MATR_b3c10,MATR_b4c33,MATR_b2c34",False,False,0.95
120,MATR_b1c35,701.0,648.4074279505353,60.01534746559439,530.779508398313,766.0353475027575,581.0,528.4074279505353,410.77950839831306,646.0353475027575,52.59257204946471,"MATR_b2c27,MATR_b4c23,MATR_b2c13,MATR_b4c22,MATR_b4c26,MATR_b2c14,MATR_b4c0,MATR_b2c44,MATR_b4c38,MATR_b2c17,MATR_b3c39,MATR_b1c7,MATR_b4c13,MATR_b3c10,MATR_b4c33,MATR_b2c34",False,False,0.95
120,MATR_b1c42,700.0,730.9881883093525,68.85899511965971,596.0270378632001,865.9493387555049,580.0,610.9881883093525,476.0270378632001,745.9493387555049,30.988188309352495,"MATR_b2c27,MATR_b4c23,MATR_b2c13,MATR_b4c22,MATR_b4c26,MATR_b2c14,MATR_b4c0,MATR_b2c44,MATR_b4c38,MATR_b2c17,MATR_b3c39,MATR_b1c7,MATR_b4c13,MATR_b3c10,MATR_b4c33,MATR_b2c34",False,False,0.95
120,MATR_b1c5,1071.0,917.585228586179,85.14568696435776,750.7027486971162,1084.4677084752418,951.0,797.585228586179,630.7027486971162,964.4677084752418,153.41477141382097,"MATR_b2c27,MATR_b4c23,MATR_b2c13,MATR_b4c22,MATR_b4c26,MATR_b2c14,MATR_b4c0,MATR_b2c44,MATR_b4c38,MATR_b2c17,MATR_b3c39,MATR_b1c7,MATR_b4c13,MATR_b3c10,MATR_b4c33,MATR_b2c34",False,False,0.95
120,MATR_b1c6,633.0,908.0656454174011,83.39599592238945,744.6124969546686,1071.5187938801337,513.0,788.0656454174011,624.6124969546686,951.5187938801337,275.06564541740113,"MATR_b2c27,MATR_b4c23,MATR_b2c13,MATR_b4c22,MATR_b4c26,MATR_b2c14,MATR_b4c0,MATR_b2c44,MATR_b4c38,MATR_b2c17,MATR_b3c39,MATR_b1c7,MATR_b4c13,MATR_b3c10,MATR_b4c33,MATR_b2c34",False,False,0.95
120,MATR_b2c19,460.0,402.68766521047655,64.66135319205073,275.9537417624331,529.42158865852,340.0,282.68766521047655,155.95374176243308,409.42158865852,57.31233478952345,"MATR_b2c27,MATR_b4c23,MATR_b2c13,MATR_b4c22,MATR_b4c26,MATR_b2c14,MATR_b4c0,MATR_b2c44,MATR_b4c38,MATR_b2c17,MATR_b3c39,MATR_b1c7,MATR_b4c13,MATR_b3c10,MATR_b4c33,MATR_b2c34",False,False,0.95
120,MATR_b2c22,512.0,587.0416444229197,56.2786500018777,476.7375173207044,697.345771525135,392.0,467.0416444229197,356.7375173207044,577.345771525135,75.04164442291972,"MATR_b2c27,MATR_b4c23,MATR_b2c13,MATR_b4c22,MATR_b4c26,MATR_b2c14,MATR_b4c0,MATR_b2c44,MATR_b4c38,MATR_b2c17,MATR_b3c39,MATR_b1c7,MATR_b4c13,MATR_b3c10,MATR_b4c33,MATR_b2c34",False,False,0.95
120,MATR_b2c24,494.0,598.0195120399661,55.96664104010308,488.3269112656828,707.7121128142494,374.0,478.0195120399661,368.3269112656828,587.7121128142494,104.01951203996612,"MATR_b2c27,MATR_b4c23,MATR_b2c13,MATR_b4c22,MATR_b4c26,MATR_b2c14,MATR_b4c0,MATR_b2c44,MATR_b4c38,MATR_b2c17,MATR_b3c39,MATR_b1c7,MATR_b4c13,MATR_b3c10,MATR_b4c33,MATR_b2c34",False,False,0.95
120,MATR_b2c3,334.0,374.7526042909106,63.38589770550499,250.5185276603808,498.9866809214404,214.0,254.7526042909106,130.5185276603808,378.9866809214404,40.7526042909106,"MATR_b2c27,MATR_b4c23,MATR_b2c13,MATR_b4c22,MATR_b4c26,MATR_b2c14,MATR_b4c0,MATR_b2c44,MATR_b4c38,MATR_b2c17,MATR_b3c39,MATR_b1c7,MATR_b4c13,MATR_b3c10,MATR_b4c33,MATR_b2c34",False,False,0.95
120,MATR_b2c33,519.0,671.8265006000836,62.813383349736945,548.7145314874913,794.9384697126759,399.0,551.8265006000836,428.7145314874913,674.9384697126759,152.8265006000836,"MATR_b2c27,MATR_b4c23,MATR_b2c13,MATR_b4c22,MATR_b4c26,MATR_b2c14,MATR_b4c0,MATR_b2c44,MATR_b4c38,MATR_b2c17,MATR_b3c39,MATR_b1c7,MATR_b4c13,MATR_b3c10,MATR_b4c33,MATR_b2c34",False,False,0.95
120,MATR_b2c41,428.0,478.6089394486852,47.75117506746464,385.01835609698753,572.1995228003829,308.0,358.6089394486852,265.01835609698753,452.19952280038285,50.60893944868519,"MATR_b2c27,MATR_b4c23,MATR_b2c13,MATR_b4c22,MATR_b4c26,MATR_b2c14,MATR_b4c0,MATR_b2c44,MATR_b4c38,MATR_b2c17,MATR_b3c39,MATR_b1c7,MATR_b4c13,MATR_b3c10,MATR_b4c33,MATR_b2c34",False,False,0.95
120,MATR_b3c1,1061.0,964.0993064924949,104.96501449827953,758.3716584391424,1169.8269545458472,941.0,844.0993064924949,638.3716584391424,1049.8269545458472,96.90069350750514,"MATR_b2c27,MATR_b4c23,MATR_b2c13,MATR_b4c22,MATR_b4c26,MATR_b2c14,MATR_b4c0,MATR_b2c44,MATR_b4c38,MATR_b2c17,MATR_b3c39,MATR_b1c7,MATR_b4c13,MATR_b3c10,MATR_b4c33,MATR_b2c34",False,False,0.95
120,MATR_b3c14,856.0,1114.5538227609022,117.69152868921644,883.8826652445755,1345.224980277229,736.0,994.5538227609022,763.8826652445755,1225.224980277229,258.5538227609022,"MATR_b2c27,MATR_b4c23,MATR_b2c13,MATR_b4c22,MATR_b4c26,MATR_b2c14,MATR_b4c0,MATR_b2c44,MATR_b4c38,MATR_b2c17,MATR_b3c39,MATR_b1c7,MATR_b4c13,MATR_b3c10,MATR_b4c33,MATR_b2c34",False,False,0.95
120,MATR_b3c17,1313.0,1250.955519752797,249.22402841798066,762.4853999715681,1739.425639534026,1193.0,1130.955519752797,642.4853999715681,1619.425639534026,62.044480247202955,"MATR_b2c27,MATR_b4c23,MATR_b2c13,MATR_b4c22,MATR_b4c26,MATR_b2c14,MATR_b4c0,MATR_b2c44,MATR_b4c38,MATR_b2c17,MATR_b3c39,MATR_b1c7,MATR_b4c13,MATR_b3c10,MATR_b4c33,MATR_b2c34",False,False,0.95
120,MATR_b3c24,823.0,856.5552180215132,100.15321593131509,660.2585218602725,1052.851914182754,703.0,736.5552180215132,540.2585218602725,932.851914182754,33.555218021513156,"MATR_b2c27,MATR_b4c23,MATR_b2c13,MATR_b4c22,MATR_b4c26,MATR_b2c14,MATR_b4c0,MATR_b2c44,MATR_b4c38,MATR_b2c17,MATR_b3c39,MATR_b1c7,MATR_b4c13,MATR_b3c10,MATR_b4c33,MATR_b2c34",False,False,0.95
120,MATR_b3c31,729.0,796.7347297197805,79.77310313585005,640.3823206385152,953.0871388010457,609.0,676.7347297197805,520.3823206385152,833.0871388010457,67.73472971978049,"MATR_b2c27,MATR_b4c23,MATR_b2c13,MATR_b4c22,MATR_b4c26,MATR_b2c14,MATR_b4c0,MATR_b2c44,MATR_b4c38,MATR_b2c17,MATR_b3c39,MATR_b1c7,MATR_b4c13,MATR_b3c10,MATR_b4c33,MATR_b2c34",False,False,0.95
120,MATR_b3c33,1282.0,998.5625375483503,130.52743914927265,742.7334578215325,1254.391617275168,1162.0,878.5625375483503,622.7334578215325,1134.391617275168,283.4374624516497,"MATR_b2c27,MATR_b4c23,MATR_b2c13,MATR_b4c22,MATR_b4c26,MATR_b2c14,MATR_b4c0,MATR_b2c44,MATR_b4c38,MATR_b2c17,MATR_b3c39,MATR_b1c7,MATR_b4c13,MATR_b3c10,MATR_b4c33,MATR_b2c34",False,False,0.95
120,MATR_b3c36,921.0,880.0706546132643,105.27688702053048,673.7317476485323,1086.4095615779963,801.0,760.0706546132643,553.7317476485323,966.4095615779963,40.92934538673569,"MATR_b2c27,MATR_b4c23,MATR_b2c13,MATR_b4c22,MATR_b4c26,MATR_b2c14,MATR_b4c0,MATR_b2c44,MATR_b4c38,MATR_b2c17,MATR_b3c39,MATR_b1c7,MATR_b4c13,MATR_b3c10,MATR_b4c33,MATR_b2c34",False,False,0.95
120,MATR_b3c6,665.0,642.0200163545654,70.34163637530945,504.15294244534635,779.8870902637846,545.0,522.0200163545654,384.15294244534635,659.8870902637846,22.979983645434572,"MATR_b2c27,MATR_b4c23,MATR_b2c13,MATR_b4c22,MATR_b4c26,MATR_b2c14,MATR_b4c0,MATR_b2c44,MATR_b4c38,MATR_b2c17,MATR_b3c39,MATR_b1c7,MATR_b4c13,MATR_b3c10,MATR_b4c33,MATR_b2c34",False,False,0.95
120,MATR_b4c1,760.0,714.2310529870277,80.11230120132502,557.2138279138059,871.2482780602496,640.0,594.2310529870277,437.21382791380586,751.2482780602496,45.76894701297226,"MATR_b2c27,MATR_b4c23,MATR_b2c13,MATR_b4c22,MATR_b4c26,MATR_b2c14,MATR_b4c0,MATR_b2c44,MATR_b4c38,MATR_b2c17,MATR_b3c39,MATR_b1c7,MATR_b4c13,MATR_b3c10,MATR_b4c33,MATR_b2c34",False,False,0.95
120,MATR_b4c11,863.0,905.71396437774,105.59121545420756,698.7589850036841,1112.668943751796,743.0,785.71396437774,578.7589850036841,992.668943751796,42.71396437774001,"MATR_b2c27,MATR_b4c23,MATR_b2c13,MATR_b4c22,MATR_b4c26,MATR_b2c14,MATR_b4c0,MATR_b2c44,MATR_b4c38,MATR_b2c17,MATR_b3c39,MATR_b1c7,MATR_b4c13,MATR_b3c10,MATR_b4c33,MATR_b2c34",False,False,0.95
120,MATR_b4c15,675.0,836.2308760575525,92.70479414152514,654.5328183459634,1017.9289337691415,555.0,716.2308760575525,534.5328183459634,897.9289337691415,161.23087605755245,"MATR_b2c27,MATR_b4c23,MATR_b2c13,MATR_b4c22,MATR_b4c26,MATR_b2c14,MATR_b4c0,MATR_b2c44,MATR_b4c38,MATR_b2c17,MATR_b3c39,MATR_b1c7,MATR_b4c13,MATR_b3c10,MATR_b4c33,MATR_b2c34",False,False,0.95
120,MATR_b4c21,773.0,862.9462335028325,105.3631073898699,656.4383377194615,1069.4541292862034,653.0,742.9462335028325,536.4383377194615,949.4541292862034,89.94623350283246,"MATR_b2c27,MATR_b4c23,MATR_b2c13,MATR_b4c22,MATR_b4c26,MATR_b2c14,MATR_b4c0,MATR_b2c44,MATR_b4c38,MATR_b2c17,MATR_b3c39,MATR_b1c7,MATR_b4c13,MATR_b3c10,MATR_b4c33,MATR_b2c34",False,False,0.95
120,MATR_b4c3,777.0,927.3386032311773,115.29353348848497,701.3674299433842,1153.3097765189705,657.0,807.3386032311773,581.3674299433842,1033.3097765189705,150.33860323117733,"MATR_b2c27,MATR_b4c23,MATR_b2c13,MATR_b4c22,MATR_b4c26,MATR_b2c14,MATR_b4c0,MATR_b2c44,MATR_b4c38,MATR_b2c17,MATR_b3c39,MATR_b1c7,MATR_b4c13,MATR_b3c10,MATR_b4c33,MATR_b2c34",False,False,0.95
120,MATR_b4c32,754.0,760.6573755793628,90.86048934710591,582.57408884135,938.7406623173756,634.0,640.6573755793628,462.57408884135,818.7406623173756,6.6573755793627925,"MATR_b2c27,MATR_b4c23,MATR_b2c13,MATR_b4c22,MATR_b4c26,MATR_b2c14,MATR_b4c0,MATR_b2c44,MATR_b4c38,MATR_b2c17,MATR_b3c39,MATR_b1c7,MATR_b4c13,MATR_b3c10,MATR_b4c33,MATR_b2c34",False,False,0.95
120,MATR_b4c34,891.0,943.8675081640743,120.13037106044911,708.4163074361613,1179.3187088919872,771.0,823.8675081640743,588.4163074361613,1059.3187088919872,52.86750816407425,"MATR_b2c27,MATR_b4c23,MATR_b2c13,MATR_b4c22,MATR_b4c26,MATR_b2c14,MATR_b4c0,MATR_b2c44,MATR_b4c38,MATR_b2c17,MATR_b3c39,MATR_b1c7,MATR_b4c13,MATR_b3c10,MATR_b4c33,MATR_b2c34",False,False,0.95
120,MATR_b4c42,774.0,872.2266617106663,106.2915830532801,663.8989870664894,1080.5543363548431,654.0,752.2266617106663,543.8989870664894,960.5543363548431,98.22666171066635,"MATR_b2c27,MATR_b4c23,MATR_b2c13,MATR_b4c22,MATR_b4c26,MATR_b2c14,MATR_b4c0,MATR_b2c44,MATR_b4c38,MATR_b2c17,MATR_b3c39,MATR_b1c7,MATR_b4c13,MATR_b3c10,MATR_b4c33,MATR_b2c34",False,False,0.95
120,MATR_b4c6,706.0,736.888423766801,86.19569730968306,567.9479614175062,905.8288861160958,586.0,616.888423766801,447.94796141750624,785.8288861160958,30.888423766800997,"MATR_b2c27,MATR_b4c23,MATR_b2c13,MATR_b4c22,MATR_b4c26,MATR_b2c14,MATR_b4c0,MATR_b2c44,MATR_b4c38,MATR_b2c17,MATR_b3c39,MATR_b1c7,MATR_b4c13,MATR_b3c10,MATR_b4c33,MATR_b2c34",False,False,0.95
120,MATR_b4c7,529.0,739.9720369836148,86.10293725282963,571.2133810049565,908.730692962273,409.0,619.9720369836148,451.21338100495655,788.730692962273,210.97203698361477,"MATR_b2c27,MATR_b4c23,MATR_b2c13,MATR_b4c22,MATR_b4c26,MATR_b2c14,MATR_b4c0,MATR_b2c44,MATR_b4c38,MATR_b2c17,MATR_b3c39,MATR_b1c7,MATR_b4c13,MATR_b3c10,MATR_b4c33,MATR_b2c34",False,False,0.95
140,MATR_b1c14,877.0,900.8868657648795,70.27401882930126,763.1523198105594,1038.6214117191996,737.0,760.8868657648795,623.1523198105594,898.6214117191996,23.88686576487953,"MATR_b3c34,MATR_b3c22,MATR_b4c33,MATR_b1c15,MATR_b2c44,MATR_b3c4,MATR_b1c31,MATR_b2c39,MATR_b4c23,MATR_b2c35,MATR_b2c14,MATR_b2c13,MATR_b3c0,MATR_b1c7,MATR_b2c28,MATR_b4c8",False,False,0.95
140,MATR_b1c18,687.0,583.7140820425886,51.915836268833885,481.96091272839595,685.4672513567814,547.0,443.71408204258864,341.96091272839595,545.4672513567814,103.28591795741136,"MATR_b3c34,MATR_b3c22,MATR_b4c33,MATR_b1c15,MATR_b2c44,MATR_b3c4,MATR_b1c31,MATR_b2c39,MATR_b4c23,MATR_b2c35,MATR_b2c14,MATR_b2c13,MATR_b3c0,MATR_b1c7,MATR_b2c28,MATR_b4c8",False,False,0.95
140,MATR_b1c19,786.0,795.1747107873688,67.13125672656936,663.5998653663806,926.7495562083569,646.0,655.1747107873688,523.5998653663806,786.7495562083569,9.174710787368781,"MATR_b3c34,MATR_b3c22,MATR_b4c33,MATR_b1c15,MATR_b2c44,MATR_b3c4,MATR_b1c31,MATR_b2c39,MATR_b4c23,MATR_b2c35,MATR_b2c14,MATR_b2c13,MATR_b3c0,MATR_b1c7,MATR_b2c28,MATR_b4c8",False,False,0.95
140,MATR_b1c2,2237.0,1351.8641589833924,224.82585633692813,911.2135777696371,1792.5147401971476,2097.0,1211.8641589833924,771.2135777696371,1652.5147401971476,885.1358410166076,"MATR_b3c34,MATR_b3c22,MATR_b4c33,MATR_b1c15,MATR_b2c44,MATR_b3c4,MATR_b1c31,MATR_b2c39,MATR_b4c23,MATR_b2c35,MATR_b2c14,MATR_b2c13,MATR_b3c0,MATR_b1c7,MATR_b2c28,MATR_b4c8",False,False,0.95
140,MATR_b1c30,707.0,926.8638125080378,71.86379333990176,786.0133657694009,1067.7142592466746,567.0,786.8638125080378,646.0133657694009,927.7142592466746,219.86381250803777,"MATR_b3c34,MATR_b3c22,MATR_b4c33,MATR_b1c15,MATR_b2c44,MATR_b3c4,MATR_b1c31,MATR_b2c39,MATR_b4c23,MATR_b2c35,MATR_b2c14,MATR_b2c13,MATR_b3c0,MATR_b1c7,MATR_b2c28,MATR_b4c8",False,False,0.95
140,MATR_b1c34,742.0,703.9149594030989,60.227016919734965,585.8721753441339,821.957743462064,602.0,563.9149594030989,445.8721753441339,681.957743462064,38.08504059690108,"MATR_b3c34,MATR_b3c22,MATR_b4c33,MATR_b1c15,MATR_b2c44,MATR_b3c4,MATR_b1c31,MATR_b2c39,MATR_b4c23,MATR_b2c35,MATR_b2c14,MATR_b2c13,MATR_b3c0,MATR_b1c7,MATR_b2c28,MATR_b4c8",False,False,0.95
140,MATR_b1c35,701.0,598.2557500179903,50.06651144090569,500.1271907622526,696.384309273728,561.0,458.2557500179903,360.1271907622526,556.384309273728,102.7442499820097,"MATR_b3c34,MATR_b3c22,MATR_b4c33,MATR_b1c15,MATR_b2c44,MATR_b3c4,MATR_b1c31,MATR_b2c39,MATR_b4c23,MATR_b2c35,MATR_b2c14,MATR_b2c13,MATR_b3c0,MATR_b1c7,MATR_b2c28,MATR_b4c8",False,False,0.95
140,MATR_b1c42,700.0,731.7170011967054,61.72327860369625,610.7415981257291,852.6924042676817,560.0,591.7170011967054,470.74159812572907,712.6924042676817,31.717001196705382,"MATR_b3c34,MATR_b3c22,MATR_b4c33,MATR_b1c15,MATR_b2c44,MATR_b3c4,MATR_b1c31,MATR_b2c39,MATR_b4c23,MATR_b2c35,MATR_b2c14,MATR_b2c13,MATR_b3c0,MATR_b1c7,MATR_b2c28,MATR_b4c8",False,False,0.95
140,MATR_b1c5,1071.0,935.6396214899703,75.15910423972309,788.3304840698214,1082.9487589101193,931.0,795.6396214899703,648.3304840698214,942.9487589101193,135.3603785100297,"MATR_b3c34,MATR_b3c22,MATR_b4c33,MATR_b1c15,MATR_b2c44,MATR_b3c4,MATR_b1c31,MATR_b2c39,MATR_b4c23,MATR_b2c35,MATR_b2c14,MATR_b2c13,MATR_b3c0,MATR_b1c7,MATR_b2c28,MATR_b4c8",False,False,0.95
140,MATR_b1c6,633.0,907.3004078820384,73.56017887141414,763.1251065977424,1051.4757091663344,493.0,767.3004078820384,623.1251065977424,911.4757091663344,274.30040788203837,"MATR_b3c34,MATR_b3c22,MATR_b4c33,MATR_b1c15,MATR_b2c44,MATR_b3c4,MATR_b1c31,MATR_b2c39,MATR_b4c23,MATR_b2c35,MATR_b2c14,MATR_b2c13,MATR_b3c0,MATR_b1c7,MATR_b2c28,MATR_b4c8",False,False,0.95
140,MATR_b2c19,460.0,426.2886917268715,50.91138731479327,326.50420618690737,526.0731772668356,320.0,286.2886917268715,186.50420618690737,386.0731772668356,33.71130827312851,"MATR_b3c34,MATR_b3c22,MATR_b4c33,MATR_b1c15,MATR_b2c44,MATR_b3c4,MATR_b1c31,MATR_b2c39,MATR_b4c23,MATR_b2c35,MATR_b2c14,MATR_b2c13,MATR_b3c0,MATR_b1c7,MATR_b2c28,MATR_b4c8",False,False,0.95
140,MATR_b2c22,512.0,557.9871395549121,49.725092704562655,460.5277487260539,655.4465303837703,372.0,417.9871395549121,320.5277487260539,515.4465303837703,45.98713955491212,"MATR_b3c34,MATR_b3c22,MATR_b4c33,MATR_b1c15,MATR_b2c44,MATR_b3c4,MATR_b1c31,MATR_b2c39,MATR_b4c23,MATR_b2c35,MATR_b2c14,MATR_b2c13,MATR_b3c0,MATR_b1c7,MATR_b2c28,MATR_b4c8",False,False,0.95
140,MATR_b2c24,494.0,541.473290017731,45.11292397997738,453.05358377968196,629.89299625578,354.0,401.47329001773096,313.05358377968196,489.89299625577996,47.47329001773096,"MATR_b3c34,MATR_b3c22,MATR_b4c33,MATR_b1c15,MATR_b2c44,MATR_b3c4,MATR_b1c31,MATR_b2c39,MATR_b4c23,MATR_b2c35,MATR_b2c14,MATR_b2c13,MATR_b3c0,MATR_b1c7,MATR_b2c28,MATR_b4c8",False,False,0.95
140,MATR_b2c3,334.0,374.71835326565736,56.73281483288677,263.52407945161957,485.91262707969514,194.0,234.71835326565736,123.52407945161957,345.91262707969514,40.718353265657356,"MATR_b3c34,MATR_b3c22,MATR_b4c33,MATR_b1c15,MATR_b2c44,MATR_b3c4,MATR_b1c31,MATR_b2c39,MATR_b4c23,MATR_b2c35,MATR_b2c14,MATR_b2c13,MATR_b3c0,MATR_b1c7,MATR_b2c28,MATR_b4c8",False,False,0.95
140,MATR_b2c33,519.0,602.3967177903519,52.64879409481979,499.20697753504004,705.5864580456637,379.0,462.3967177903519,359.20697753504004,565.5864580456637,83.39671779035189,"MATR_b3c34,MATR_b3c22,MATR_b4c33,MATR_b1c15,MATR_b2c44,MATR_b3c4,MATR_b1c31,MATR_b2c39,MATR_b4c23,MATR_b2c35,MATR_b2c14,MATR_b2c13,MATR_b3c0,MATR_b1c7,MATR_b2c28,MATR_b4c8",False,False,0.95
140,MATR_b2c41,428.0,489.3962810329492,43.792998618336355,403.56358096599763,575.2289810999008,288.0,349.3962810329492,263.56358096599763,435.2289810999008,61.39628103294922,"MATR_b3c34,MATR_b3c22,MATR_b4c33,MATR_b1c15,MATR_b2c44,MATR_b3c4,MATR_b1c31,MATR_b2c39,MATR_b4c23,MATR_b2c35,MATR_b2c14,MATR_b2c13,MATR_b3c0,MATR_b1c7,MATR_b2c28,MATR_b4c8",False,False,0.95
140,MATR_b3c1,1061.0,1090.1491768596918,136.49231165485875,822.629161849552,1357.6691918698316,921.0,950.1491768596918,682.629161849552,1217.6691918698316,29.149176859691806,"MATR_b3c34,MATR_b3c22,MATR_b4c33,MATR_b1c15,MATR_b2c44,MATR_b3c4,MATR_b1c31,MATR_b2c39,MATR_b4c23,MATR_b2c35,MATR_b2c14,MATR_b2c13,MATR_b3c0,MATR_b1c7,MATR_b2c28,MATR_b4c8",False,False,0.95
140,MATR_b3c14,856.0,1050.1953182632953,91.32054460168875,871.2103397954018,1229.180296731189,716.0,910.1953182632953,731.2103397954018,1089.180296731189,194.19531826329535,"MATR_b3c34,MATR_b3c22,MATR_b4c33,MATR_b1c15,MATR_b2c44,MATR_b3c4,MATR_b1c31,MATR_b2c39,MATR_b4c23,MATR_b2c35,MATR_b2c14,MATR_b2c13,MATR_b3c0,MATR_b1c7,MATR_b2c28,MATR_b4c8",False,False,0.95
140,MATR_b3c17,1313.0,1441.18228890678,387.24946865705954,682.187277306671,2200.177300506889,1173.0,1301.18228890678,542.187277306671,2060.177300506889,128.18228890678006,"MATR_b3c34,MATR_b3c22,MATR_b4c33,MATR_b1c15,MATR_b2c44,MATR_b3c4,MATR_b1c31,MATR_b2c39,MATR_b4c23,MATR_b2c35,MATR_b2c14,MATR_b2c13,MATR_b3c0,MATR_b1c7,MATR_b2c28,MATR_b4c8",False,False,0.95
140,MATR_b3c24,823.0,850.1233271408257,81.59731838661114,690.19552186802,1010.0511324136314,683.0,710.1233271408257,550.19552186802,870.0511324136314,27.123327140825722,"MATR_b3c34,MATR_b3c22,MATR_b4c33,MATR_b1c15,MATR_b2c44,MATR_b3c4,MATR_b1c31,MATR_b2c39,MATR_b4c23,MATR_b2c35,MATR_b2c14,MATR_b2c13,MATR_b3c0,MATR_b1c7,MATR_b2c28,MATR_b4c8",False,False,0.95
140,MATR_b3c31,729.0,740.8293947215129,61.48304624099628,620.3248384293495,861.3339510136764,589.0,600.8293947215129,480.3248384293495,721.3339510136764,11.829394721512926,"MATR_b3c34,MATR_b3c22,MATR_b4c33,MATR_b1c15,MATR_b2c44,MATR_b3c4,MATR_b1c31,MATR_b2c39,MATR_b4c23,MATR_b2c35,MATR_b2c14,MATR_b2c13,MATR_b3c0,MATR_b1c7,MATR_b2c28,MATR_b4c8",False,False,0.95
140,MATR_b3c33,1282.0,1034.4781814481448,129.7807856179966,780.1125157515578,1288.8438471447319,1142.0,894.4781814481448,640.1125157515578,1148.8438471447319,247.52181855185518,"MATR_b3c34,MATR_b3c22,MATR_b4c33,MATR_b1c15,MATR_b2c44,MATR_b3c4,MATR_b1c31,MATR_b2c39,MATR_b4c23,MATR_b2c35,MATR_b2c14,MATR_b2c13,MATR_b3c0,MATR_b1c7,MATR_b2c28,MATR_b4c8",False,False,0.95
140,MATR_b3c36,921.0,891.3087076971451,90.99732407491707,712.9572298207881,1069.660185573502,781.0,751.3087076971451,572.9572298207881,929.6601855735021,29.69129230285489,"MATR_b3c34,MATR_b3c22,MATR_b4c33,MATR_b1c15,MATR_b2c44,MATR_b3c4,MATR_b1c31,MATR_b2c39,MATR_b4c23,MATR_b2c35,MATR_b2c14,MATR_b2c13,MATR_b3c0,MATR_b1c7,MATR_b2c28,MATR_b4c8",False,False,0.95
140,MATR_b3c6,665.0,603.6172775402692,52.04746277068965,501.60612502302826,705.6284300575103,525.0,463.61727754026924,361.60612502302826,565.6284300575103,61.38272245973076,"MATR_b3c34,MATR_b3c22,MATR_b4c33,MATR_b1c15,MATR_b2c44,MATR_b3c4,MATR_b1c31,MATR_b2c39,MATR_b4c23,MATR_b2c35,MATR_b2c14,MATR_b2c13,MATR_b3c0,MATR_b1c7,MATR_b2c28,MATR_b4c8",False,False,0.95
140,MATR_b4c1,760.0,721.3055081568617,66.68172142974288,590.611735727433,851.9992805862904,620.0,581.3055081568617,450.61173572743303,711.9992805862904,38.69449184313828,"MATR_b3c34,MATR_b3c22,MATR_b4c33,MATR_b1c15,MATR_b2c44,MATR_b3c4,MATR_b1c31,MATR_b2c39,MATR_b4c23,MATR_b2c35,MATR_b2c14,MATR_b2c13,MATR_b3c0,MATR_b1c7,MATR_b2c28,MATR_b4c8",False,False,0.95
140,MATR_b4c11,863.0,914.0501181662846,90.7993926693671,736.086578716215,1092.0136576163543,723.0,774.0501181662846,596.086578716215,952.0136576163543,51.05011816628462,"MATR_b3c34,MATR_b3c22,MATR_b4c33,MATR_b1c15,MATR_b2c44,MATR_b3c4,MATR_b1c31,MATR_b2c39,MATR_b4c23,MATR_b2c35,MATR_b2c14,MATR_b2c13,MATR_b3c0,MATR_b1c7,MATR_b2c28,MATR_b4c8",False,False,0.95
140,MATR_b4c15,675.0,824.8426642206521,74.64575288430663,678.5396769685342,971.1456514727699,535.0,684.8426642206521,538.5396769685342,831.1456514727699,149.84266422065207,"MATR_b3c34,MATR_b3c22,MATR_b4c33,MATR_b1c15,MATR_b2c44,MATR_b3c4,MATR_b1c31,MATR_b2c39,MATR_b4c23,MATR_b2c35,MATR_b2c14,MATR_b2c13,MATR_b3c0,MATR_b1c7,MATR_b2c28,MATR_b4c8",False,False,0.95
140,MATR_b4c21,773.0,856.1696963853453,85.8275834748116,687.9507238946095,1024.388668876081,633.0,716.1696963853453,547.9507238946095,884.388668876081,83.16969638534533,"MATR_b3c34,MATR_b3c22,MATR_b4c33,MATR_b1c15,MATR_b2c44,MATR_b3c4,MATR_b1c31,MATR_b2c39,MATR_b4c23,MATR_b2c35,MATR_b2c14,MATR_b2c13,MATR_b3c0,MATR_b1c7,MATR_b2c28,MATR_b4c8",False,False,0.95
140,MATR_b4c3,777.0,966.0428828024146,115.32497103666384,740.0100930524287,1192.0756725524006,637.0,826.0428828024146,600.0100930524287,1052.0756725524006,189.04288280241462,"MATR_b3c34,MATR_b3c22,MATR_b4c33,MATR_b1c15,MATR_b2c44,MATR_b3c4,MATR_b1c31,MATR_b2c39,MATR_b4c23,MATR_b2c35,MATR_b2c14,MATR_b2c13,MATR_b3c0,MATR_b1c7,MATR_b2c28,MATR_b4c8",False,False,0.95
140,MATR_b4c32,754.0,727.104855996176,70.23819169230903,589.4405299400298,864.7691820523221,614.0,587.104855996176,449.4405299400298,724.7691820523221,26.895144003824043,"MATR_b3c34,MATR_b3c22,MATR_b4c33,MATR_b1c15,MATR_b2c44,MATR_b3c4,MATR_b1c31,MATR_b2c39,MATR_b4c23,MATR_b2c35,MATR_b2c14,MATR_b2c13,MATR_b3c0,MATR_b1c7,MATR_b2c28,MATR_b4c8",False,False,0.95
140,MATR_b4c34,891.0,1017.1876805037241,137.46355405172392,747.7640653754702,1286.611295631978,751.0,877.1876805037241,607.7640653754702,1146.611295631978,126.1876805037241,"MATR_b3c34,MATR_b3c22,MATR_b4c33,MATR_b1c15,MATR_b2c44,MATR_b3c4,MATR_b1c31,MATR_b2c39,MATR_b4c23,MATR_b2c35,MATR_b2c14,MATR_b2c13,MATR_b3c0,MATR_b1c7,MATR_b2c28,MATR_b4c8",False,False,0.95
140,MATR_b4c42,774.0,860.3070038146236,86.24188914566332,691.2760071304277,1029.3380004988194,634.0,720.3070038146236,551.2760071304277,889.3380004988194,86.30700381462361,"MATR_b3c34,MATR_b3c22,MATR_b4c33,MATR_b1c15,MATR_b2c44,MATR_b3c4,MATR_b1c31,MATR_b2c39,MATR_b4c23,MATR_b2c35,MATR_b2c14,MATR_b2c13,MATR_b3c0,MATR_b1c7,MATR_b2c28,MATR_b4c8",False,False,0.95
140,MATR_b4c6,706.0,752.0350528281435,69.7067879764672,615.4122589162982,888.6578467399888,566.0,612.0350528281435,475.41225891629824,748.6578467399888,46.035052828143534,"MATR_b3c34,MATR_b3c22,MATR_b4c33,MATR_b1c15,MATR_b2c44,MATR_b3c4,MATR_b1c31,MATR_b2c39,MATR_b4c23,MATR_b2c35,MATR_b2c14,MATR_b2c13,MATR_b3c0,MATR_b1c7,MATR_b2c28,MATR_b4c8",False,False,0.95
140,MATR_b4c7,529.0,638.0657072602116,57.00635255379659,526.3353093647775,749.7961051556458,389.0,498.06570726021164,386.33530936477746,609.7961051556458,109.06570726021164,"MATR_b3c34,MATR_b3c22,MATR_b4c33,MATR_b1c15,MATR_b2c44,MATR_b3c4,MATR_b1c31,MATR_b2c39,MATR_b4c23,MATR_b2c35,MATR_b2c14,MATR_b2c13,MATR_b3c0,MATR_b1c7,MATR_b2c28,MATR_b4c8",False,False,0.95
160,MATR_b1c14,877.0,886.7985345737226,67.1058883847884,755.2734101889725,1018.3236589584726,717.0,726.7985345737226,595.2734101889725,858.3236589584726,9.798534573722577,"MATR_b2c11,MATR_b4c30,MATR_b4c43,MATR_b3c10,MATR_b3c19,MATR_b1c0,MATR_b2c5,MATR_b1c41,MATR_b3c27,MATR_b2c47,MATR_b2c36,MATR_b1c16,MATR_b2c42,MATR_b2c10,MATR_b4c16,MATR_b3c21",False,False,0.95
160,MATR_b1c18,687.0,548.0266779418442,46.09372184831085,457.684643205748,638.3687126779405,527.0,388.02667794184424,297.684643205748,478.3687126779405,138.97332205815576,"MATR_b2c11,MATR_b4c30,MATR_b4c43,MATR_b3c10,MATR_b3c19,MATR_b1c0,MATR_b2c5,MATR_b1c41,MATR_b3c27,MATR_b2c47,MATR_b2c36,MATR_b1c16,MATR_b2c42,MATR_b2c10,MATR_b4c16,MATR_b3c21",False,False,0.95
160,MATR_b1c19,786.0,782.4191220396586,64.32052255710283,656.353214360941,908.4850297183763,626.0,622.4191220396586,496.353214360941,748.4850297183763,3.580877960341354,"MATR_b2c11,MATR_b4c30,MATR_b4c43,MATR_b3c10,MATR_b3c19,MATR_b1c0,MATR_b2c5,MATR_b1c41,MATR_b3c27,MATR_b2c47,MATR_b2c36,MATR_b1c16,MATR_b2c42,MATR_b2c10,MATR_b4c16,MATR_b3c21",False,False,0.95
160,MATR_b1c2,2237.0,1373.271162682137,240.77179752846803,901.3671110333697,1845.175214330904,2077.0,1213.271162682137,741.3671110333697,1685.175214330904,863.728837317863,"MATR_b2c11,MATR_b4c30,MATR_b4c43,MATR_b3c10,MATR_b3c19,MATR_b1c0,MATR_b2c5,MATR_b1c41,MATR_b3c27,MATR_b2c47,MATR_b2c36,MATR_b1c16,MATR_b2c42,MATR_b2c10,MATR_b4c16,MATR_b3c21",False,False,0.95
160,MATR_b1c30,707.0,898.9589752953711,68.23506658752252,765.2207023011347,1032.6972482896076,547.0,738.9589752953711,605.2207023011347,872.6972482896076,191.95897529537115,"MATR_b2c11,MATR_b4c30,MATR_b4c43,MATR_b3c10,MATR_b3c19,MATR_b1c0,MATR_b2c5,MATR_b1c41,MATR_b3c27,MATR_b2c47,MATR_b2c36,MATR_b1c16,MATR_b2c42,MATR_b2c10,MATR_b4c16,MATR_b3c21",False,False,0.95
160,MATR_b1c34,742.0,701.7914617047542,58.56197013536707,587.0121093757245,816.5708140337838,582.0,541.7914617047542,427.01210937572455,656.5708140337838,40.20853829524583,"MATR_b2c11,MATR_b4c30,MATR_b4c43,MATR_b3c10,MATR_b3c19,MATR_b1c0,MATR_b2c5,MATR_b1c41,MATR_b3c27,MATR_b2c47,MATR_b2c36,MATR_b1c16,MATR_b2c42,MATR_b2c10,MATR_b4c16,MATR_b3c21",False,False,0.95
160,MATR_b1c35,701.0,575.6225219766906,46.926078219698574,483.6490987303719,667.5959452230093,541.0,415.62252197669056,323.6490987303719,507.59594522300927,125.37747802330944,"MATR_b2c11,MATR_b4c30,MATR_b4c43,MATR_b3c10,MATR_b3c19,MATR_b1c0,MATR_b2c5,MATR_b1c41,MATR_b3c27,MATR_b2c47,MATR_b2c36,MATR_b1c16,MATR_b2c42,MATR_b2c10,MATR_b4c16,MATR_b3c21",False,False,0.95
160,MATR_b1c42,700.0,732.8495692158812,60.081097201571595,615.0927825491506,850.6063558826118,540.0,572.8495692158812,455.09278254915057,690.6063558826118,32.84956921588116,"MATR_b2c11,MATR_b4c30,MATR_b4c43,MATR_b3c10,MATR_b3c19,MATR_b1c0,MATR_b2c5,MATR_b1c41,MATR_b3c27,MATR_b2c47,MATR_b2c36,MATR_b1c16,MATR_b2c42,MATR_b2c10,MATR_b4c16,MATR_b3c21",False,False,0.95
160,MATR_b1c5,1071.0,934.529530706117,72.68720116046096,792.0652342945956,1076.9938271176386,911.0,774.529530706117,632.0652342945956,916.9938271176386,136.47046929388296,"MATR_b2c11,MATR_b4c30,MATR_b4c43,MATR_b3c10,MATR_b3c19,MATR_b1c0,MATR_b2c5,MATR_b1c41,MATR_b3c27,MATR_b2c47,MATR_b2c36,MATR_b1c16,MATR_b2c42,MATR_b2c10,MATR_b4c16,MATR_b3c21",False,False,0.95
160,MATR_b1c6,633.0,905.0728115319419,70.74098545147984,766.4230278161695,1043.7225952477143,473.0,745.0728115319419,606.4230278161695,883.7225952477143,272.07281153194185,"MATR_b2c11,MATR_b4c30,MATR_b4c43,MATR_b3c10,MATR_b3c19,MATR_b1c0,MATR_b2c5,MATR_b1c41,MATR_b3c27,MATR_b2c47,MATR_b2c36,MATR_b1c16,MATR_b2c42,MATR_b2c10,MATR_b4c16,MATR_b3c21",False,False,0.95
160,MATR_b2c19,460.0,420.26886702692303,48.996331570132504,324.2378217748805,516.2999122789655,300.0,260.26886702692303,164.2378217748805,356.2999122789655,39.73113297307697,"MATR_b2c11,MATR_b4c30,MATR_b4c43,MATR_b3c10,MATR_b3c19,MATR_b1c0,MATR_b2c5,MATR_b1c41,MATR_b3c27,MATR_b2c47,MATR_b2c36,MATR_b1c16,MATR_b2c42,MATR_b2c10,MATR_b4c16,MATR_b3c21",False,False,0.95
160,MATR_b2c22,512.0,531.6034618868716,45.828078800529454,441.7820779571704,621.4248458165729,352.0,371.6034618868716,281.7820779571704,461.4248458165729,19.603461886871628,"MATR_b2c11,MATR_b4c30,MATR_b4c43,MATR_b3c10,MATR_b3c19,MATR_b1c0,MATR_b2c5,MATR_b1c41,MATR_b3c27,MATR_b2c47,MATR_b2c36,MATR_b1c16,MATR_b2c42,MATR_b2c10,MATR_b4c16,MATR_b3c21",False,False,0.95
160,MATR_b2c24,494.0,494.10090400166246,40.488353373171286,414.74518959691596,573.456618406409,334.0,334.10090400166246,254.74518959691596,413.456618406409,0.10090400166245672,"MATR_b2c11,MATR_b4c30,MATR_b4c43,MATR_b3c10,MATR_b3c19,MATR_b1c0,MATR_b2c5,MATR_b1c41,MATR_b3c27,MATR_b2c47,MATR_b2c36,MATR_b1c16,MATR_b2c42,MATR_b2c10,MATR_b4c16,MATR_b3c21",False,False,0.95
160,MATR_b2c3,334.0,363.9455777767483,55.55596277865661,255.05789160413357,472.83326394936296,174.0,203.94557777674828,95.05789160413357,312.83326394936296,29.94557777674828,"MATR_b2c11,MATR_b4c30,MATR_b4c43,MATR_b3c10,MATR_b3c19,MATR_b1c0,MATR_b2c5,MATR_b1c41,MATR_b3c27,MATR_b2c47,MATR_b2c36,MATR_b1c16,MATR_b2c42,MATR_b2c10,MATR_b4c16,MATR_b3c21",False,False,0.95
160,MATR_b2c33,519.0,566.0095765352305,48.28155313447333,471.3794712740058,660.6396817964552,359.0,406.0095765352305,311.3794712740058,500.6396817964552,47.00957653523051,"MATR_b2c11,MATR_b4c30,MATR_b4c43,MATR_b3c10,MATR_b3c19,MATR_b1c0,MATR_b2c5,MATR_b1c41,MATR_b3c27,MATR_b2c47,MATR_b2c36,MATR_b1c16,MATR_b2c42,MATR_b2c10,MATR_b4c16,MATR_b3c21",False,False,0.95
160,MATR_b2c41,428.0,482.7982350412943,41.51860351161971,401.42326747012146,564.1732026124671,268.0,322.7982350412943,241.42326747012146,404.1732026124671,54.79823504129428,"MATR_b2c11,MATR_b4c30,MATR_b4c43,MATR_b3c10,MATR_b3c19,MATR_b1c0,MATR_b2c5,MATR_b1c41,MATR_b3c27,MATR_b2c47,MATR_b2c36,MATR_b1c16,MATR_b2c42,MATR_b2c10,MATR_b4c16,MATR_b3c21",False,False,0.95
160,MATR_b3c1,1061.0,1112.867806633189,149.884622492456,819.0993447115932,1406.636268554785,901.0,952.867806633189,659.0993447115932,1246.636268554785,51.86780663318905,"MATR_b2c11,MATR_b4c30,MATR_b4c43,MATR_b3c10,MATR_b3c19,MATR_b1c0,MATR_b2c5,MATR_b1c41,MATR_b3c27,MATR_b2c47,MATR_b2c36,MATR_b1c16,MATR_b2c42,MATR_b2c10,MATR_b4c16,MATR_b3c21",False,False,0.95
160,MATR_b3c14,856.0,1010.6533188359466,81.70587719934373,850.5127421999805,1170.7938954719127,696.0,850.6533188359466,690.5127421999805,1010.7938954719127,154.6533188359466,"MATR_b2c11,MATR_b4c30,MATR_b4c43,MATR_b3c10,MATR_b3c19,MATR_b1c0,MATR_b2c5,MATR_b1c41,MATR_b3c27,MATR_b2c47,MATR_b2c36,MATR_b1c16,MATR_b2c42,MATR_b2c10,MATR_b4c16,MATR_b3c21",False,False,0.95
160,MATR_b3c17,1313.0,1461.6968463859864,411.54357031522727,655.0862704991139,2268.307422272859,1153.0,1301.6968463859864,495.0862704991139,2108.307422272859,148.69684638598642,"MATR_b2c11,MATR_b4c30,MATR_b4c43,MATR_b3c10,MATR_b3c19,MATR_b1c0,MATR_b2c5,MATR_b1c41,MATR_b3c27,MATR_b2c47,MATR_b2c36,MATR_b1c16,MATR_b2c42,MATR_b2c10,MATR_b4c16,MATR_b3c21",False,False,0.95
160,MATR_b3c24,823.0,835.125071356667,78.248589060866,681.7606549562948,988.4894877570392,663.0,675.125071356667,521.7606549562948,828.4894877570392,12.125071356667036,"MATR_b2c11,MATR_b4c30,MATR_b4c43,MATR_b3c10,MATR_b3c19,MATR_b1c0,MATR_b2c5,MATR_b1c41,MATR_b3c27,MATR_b2c47,MATR_b2c36,MATR_b1c16,MATR_b2c42,MATR_b2c10,MATR_b4c16,MATR_b3c21",False,False,0.95
160,MATR_b3c31,729.0,725.2172928155354,58.67771319474276,610.211088258669,840.2234973724019,569.0,565.2172928155354,450.21108825866895,680.2234973724019,3.7827071844645843,"MATR_b2c11,MATR_b4c30,MATR_b4c43,MATR_b3c10,MATR_b3c19,MATR_b1c0,MATR_b2c5,MATR_b1c41,MATR_b3c27,MATR_b2c47,MATR_b2c36,MATR_b1c16,MATR_b2c42,MATR_b2c10,MATR_b4c16,MATR_b3c21",False,False,0.95
160,MATR_b3c33,1282.0,1023.7222491831927,128.36486328942328,772.1317402555154,1275.3127581108702,1122.0,863.7222491831927,612.1317402555154,1115.3127581108702,258.27775081680727,"MATR_b2c11,MATR_b4c30,MATR_b4c43,MATR_b3c10,MATR_b3c19,MATR_b1c0,MATR_b2c5,MATR_b1c41,MATR_b3c27,MATR_b2c47,MATR_b2c36,MATR_b1c16,MATR_b2c42,MATR_b2c10,MATR_b4c16,MATR_b3c21",False,False,0.95
160,MATR_b3c36,921.0,879.7138135059349,89.26544544800491,704.7567553639204,1054.6708716479493,761.0,719.7138135059349,544.7567553639204,894.6708716479493,41.28618649406508,"MATR_b2c11,MATR_b4c30,MATR_b4c43,MATR_b3c10,MATR_b3c19,MATR_b1c0,MATR_b2c5,MATR_b1c41,MATR_b3c27,MATR_b2c47,MATR_b2c36,MATR_b1c16,MATR_b2c42,MATR_b2c10,MATR_b4c16,MATR_b3c21",False,False,0.95
160,MATR_b3c6,665.0,593.2035920584245,50.22679965235524,494.7608736810994,691.6463104357497,505.0,433.20359205842453,334.7608736810994,531.6463104357497,71.79640794157547,"MATR_b2c11,MATR_b4c30,MATR_b4c43,MATR_b3c10,MATR_b3c19,MATR_b1c0,MATR_b2c5,MATR_b1c41,MATR_b3c27,MATR_b2c47,MATR_b2c36,MATR_b1c16,MATR_b2c42,MATR_b2c10,MATR_b4c16,MATR_b3c21",False,False,0.95
160,MATR_b4c1,760.0,726.6225140511227,65.78515850043881,597.6859726730037,855.5590554292418,600.0,566.6225140511227,437.6859726730037,695.5590554292418,33.37748594887728,"MATR_b2c11,MATR_b4c30,MATR_b4c43,MATR_b3c10,MATR_b3c19,MATR_b1c0,MATR_b2c5,MATR_b1c41,MATR_b3c27,MATR_b2c47,MATR_b2c36,MATR_b1c16,MATR_b2c42,MATR_b2c10,MATR_b4c16,MATR_b3c21",False,False,0.95
160,MATR_b4c11,863.0,903.9285732286809,89.19793140784228,729.1038401738359,1078.7533062835257,703.0,743.9285732286809,569.1038401738359,918.7533062835257,40.928573228680875,"MATR_b2c11,MATR_b4c30,MATR_b4c43,MATR_b3c10,MATR_b3c19,MATR_b1c0,MATR_b2c5,MATR_b1c41,MATR_b3c27,MATR_b2c47,MATR_b2c36,MATR_b1c16,MATR_b2c42,MATR_b2c10,MATR_b4c16,MATR_b3c21",False,False,0.95
160,MATR_b4c15,675.0,810.8770156853336,71.3659960901841,671.0022336277465,950.7517977429208,515.0,650.8770156853336,511.0022336277465,790.7517977429208,135.87701568533362,"MATR_b2c11,MATR_b4c30,MATR_b4c43,MATR_b3c10,MATR_b3c19,MATR_b1c0,MATR_b2c5,MATR_b1c41,MATR_b3c27,MATR_b2c47,MATR_b2c36,MATR_b1c16,MATR_b2c42,MATR_b2c10,MATR_b4c16,MATR_b3c21",False,False,0.95
160,MATR_b4c21,773.0,845.0581556735881,82.87819381561454,682.6198806912535,1007.4964306559227,613.0,685.0581556735881,522.6198806912535,847.4964306559227,72.05815567358809,"MATR_b2c11,MATR_b4c30,MATR_b4c43,MATR_b3c10,MATR_b3c19,MATR_b1c0,MATR_b2c5,MATR_b1c41,MATR_b3c27,MATR_b2c47,MATR_b2c36,MATR_b1c16,MATR_b2c42,MATR_b2c10,MATR_b4c16,MATR_b3c21",False,False,0.95
160,MATR_b4c3,777.0,946.857265103034,111.19525717259968,728.9185657930695,1164.7959644129985,617.0,786.857265103034,568.9185657930695,1004.7959644129985,169.85726510303402,"MATR_b2c11,MATR_b4c30,MATR_b4c43,MATR_b3c10,MATR_b3c19,MATR_b1c0,MATR_b2c5,MATR_b1c41,MATR_b3c27,MATR_b2c47,MATR_b2c36,MATR_b1c16,MATR_b2c42,MATR_b2c10,MATR_b4c16,MATR_b3c21",False,False,0.95
160,MATR_b4c32,754.0,732.3617602802586,69.8783112769696,595.4027868769192,869.3207336835981,594.0,572.3617602802586,435.4027868769192,709.3207336835981,21.638239719741364,"MATR_b2c11,MATR_b4c30,MATR_b4c43,MATR_b3c10,MATR_b3c19,MATR_b1c0,MATR_b2c5,MATR_b1c41,MATR_b3c27,MATR_b2c47,MATR_b2c36,MATR_b1c16,MATR_b2c42,MATR_b2c10,MATR_b4c16,MATR_b3c21",False,False,0.95
160,MATR_b4c34,891.0,1007.0556061987418,137.62909753724048,737.3075318010002,1276.8036805964834,731.0,847.0556061987418,577.3075318010002,1116.8036805964834,116.05560619874177,"MATR_b2c11,MATR_b4c30,MATR_b4c43,MATR_b3c10,MATR_b3c19,MATR_b1c0,MATR_b2c5,MATR_b1c41,MATR_b3c27,MATR_b2c47,MATR_b2c36,MATR_b1c16,MATR_b2c42,MATR_b2c10,MATR_b4c16,MATR_b3c21",False,False,0.95
160,MATR_b4c42,774.0,843.1637728691695,82.64247336681812,681.1875014768955,1005.1400442614436,614.0,683.1637728691695,521.1875014768955,845.1400442614436,69.16377286916952,"MATR_b2c11,MATR_b4c30,MATR_b4c43,MATR_b3c10,MATR_b3c19,MATR_b1c0,MATR_b2c5,MATR_b1c41,MATR_b3c27,MATR_b2c47,MATR_b2c36,MATR_b1c16,MATR_b2c42,MATR_b2c10,MATR_b4c16,MATR_b3c21",False,False,0.95
160,MATR_b4c6,706.0,755.6308241426431,67.8880256018419,622.5727389814998,888.6889093037863,546.0,595.6308241426431,462.5727389814998,728.6889093037863,49.630824142643064,"MATR_b2c11,MATR_b4c30,MATR_b4c43,MATR_b3c10,MATR_b3c19,MATR_b1c0,MATR_b2c5,MATR_b1c41,MATR_b3c27,MATR_b2c47,MATR_b2c36,MATR_b1c16,MATR_b2c42,MATR_b2c10,MATR_b4c16,MATR_b3c21",False,False,0.95
160,MATR_b4c7,529.0,616.0562430826585,53.06822800983718,512.0444274600179,720.0680587052991,369.0,456.0562430826585,352.0444274600179,560.0680587052991,87.05624308265851,"MATR_b2c11,MATR_b4c30,MATR_b4c43,MATR_b3c10,MATR_b3c19,MATR_b1c0,MATR_b2c5,MATR_b1c41,MATR_b3c27,MATR_b2c47,MATR_b2c36,MATR_b1c16,MATR_b2c42,MATR_b2c10,MATR_b4c16,MATR_b3c21",False,False,0.95
180,MATR_b1c14,877.0,896.4526659320875,66.5171377257032,766.0814716350187,1026.8238602291563,697.0,716.4526659320875,586.0814716350187,846.8238602291563,19.452665932087484,"MATR_b1c15,MATR_b2c14,MATR_b2c5,MATR_b2c42,MATR_b4c8,MATR_b3c28,MATR_b2c10,MATR_b1c36,MATR_b2c27,MATR_b1c16,MATR_b1c23,MATR_b3c10,MATR_b3c27,MATR_b2c39,MATR_b4c33,MATR_b4c19",False,False,0.95
180,MATR_b1c18,687.0,559.4571860310834,43.71603261255095,473.77533656350516,645.1390354986618,507.0,379.45718603108344,293.77533656350516,465.13903549866177,127.54281396891656,"MATR_b1c15,MATR_b2c14,MATR_b2c5,MATR_b2c42,MATR_b4c8,MATR_b3c28,MATR_b2c10,MATR_b1c36,MATR_b2c27,MATR_b1c16,MATR_b1c23,MATR_b3c10,MATR_b3c27,MATR_b2c39,MATR_b4c33,MATR_b4c19",False,False,0.95
180,MATR_b1c19,786.0,786.7932826010205,61.66930501005543,665.9236658296963,907.6628993723446,606.0,606.7932826010205,485.92366582969635,727.6628993723446,0.7932826010204508,"MATR_b1c15,MATR_b2c14,MATR_b2c5,MATR_b2c42,MATR_b4c8,MATR_b3c28,MATR_b2c10,MATR_b1c36,MATR_b2c27,MATR_b1c16,MATR_b1c23,MATR_b3c10,MATR_b3c27,MATR_b2c39,MATR_b4c33,MATR_b4c19",False,False,0.95
180,MATR_b1c2,2237.0,1425.9459273345662,260.78090773500867,914.8247403182866,1937.067114350846,2057.0,1245.9459273345662,734.8247403182866,1757.067114350846,811.0540726654338,"MATR_b1c15,MATR_b2c14,MATR_b2c5,MATR_b2c42,MATR_b4c8,MATR_b3c28,MATR_b2c10,MATR_b1c36,MATR_b2c27,MATR_b1c16,MATR_b1c23,MATR_b3c10,MATR_b3c27,MATR_b2c39,MATR_b4c33,MATR_b4c19",False,False,0.95
180,MATR_b1c30,707.0,901.3032697815091,67.63280841559363,768.7454011136482,1033.8611384493702,527.0,721.3032697815091,588.7454011136482,853.8611384493702,194.30326978150913,"MATR_b1c15,MATR_b2c14,MATR_b2c5,MATR_b2c42,MATR_b4c8,MATR_b3c28,MATR_b2c10,MATR_b1c36,MATR_b2c27,MATR_b1c16,MATR_b1c23,MATR_b3c10,MATR_b3c27,MATR_b2c39,MATR_b4c33,MATR_b4c19",False,False,0.95
180,MATR_b1c34,742.0,732.7496766653074,57.611955846461065,619.832318127332,845.6670352032829,562.0,552.7496766653074,439.832318127332,665.6670352032829,9.250323334692553,"MATR_b1c15,MATR_b2c14,MATR_b2c5,MATR_b2c42,MATR_b4c8,MATR_b3c28,MATR_b2c10,MATR_b1c36,MATR_b2c27,MATR_b1c16,MATR_b1c23,MATR_b3c10,MATR_b3c27,MATR_b2c39,MATR_b4c33,MATR_b4c19",False,False,0.95
180,MATR_b1c35,701.0,580.131556535812,43.42159141565209,495.02680120972036,665.2363118619037,521.0,400.131556535812,315.02680120972036,485.2363118619037,120.86844346418798,"MATR_b1c15,MATR_b2c14,MATR_b2c5,MATR_b2c42,MATR_b4c8,MATR_b3c28,MATR_b2c10,MATR_b1c36,MATR_b2c27,MATR_b1c16,MATR_b1c23,MATR_b3c10,MATR_b3c27,MATR_b2c39,MATR_b4c33,MATR_b4c19",False,False,0.95
180,MATR_b1c42,700.0,741.8789581097778,57.1965774786646,629.7757262126405,853.9821900069152,520.0,561.8789581097778,449.7757262126405,673.9821900069152,41.87895810977784,"MATR_b1c15,MATR_b2c14,MATR_b2c5,MATR_b2c42,MATR_b4c8,MATR_b3c28,MATR_b2c10,MATR_b1c36,MATR_b2c27,MATR_b1c16,MATR_b1c23,MATR_b3c10,MATR_b3c27,MATR_b2c39,MATR_b4c33,MATR_b4c19",False,False,0.95
180,MATR_b1c5,1071.0,966.8975587979509,75.01969598020676,819.8616565456014,1113.9334610503004,891.0,786.8975587979509,639.8616565456014,933.9334610503004,104.10244120204914,"MATR_b1c15,MATR_b2c14,MATR_b2c5,MATR_b2c42,MATR_b4c8,MATR_b3c28,MATR_b2c10,MATR_b1c36,MATR_b2c27,MATR_b1c16,MATR_b1c23,MATR_b3c10,MATR_b3c27,MATR_b2c39,MATR_b4c33,MATR_b4c19",False,False,0.95
180,MATR_b1c6,633.0,919.8339401287669,69.51003747851867,783.596770106841,1056.071110150693,453.0,739.8339401287669,603.596770106841,876.0711101506929,286.8339401287669,"MATR_b1c15,MATR_b2c14,MATR_b2c5,MATR_b2c42,MATR_b4c8,MATR_b3c28,MATR_b2c10,MATR_b1c36,MATR_b2c27,MATR_b1c16,MATR_b1c23,MATR_b3c10,MATR_b3c27,MATR_b2c39,MATR_b4c33,MATR_b4c19",False,False,0.95
180,MATR_b2c19,460.0,417.1999751642325,44.82649978129714,329.34165003989756,505.05830028856747,280.0,237.1999751642325,149.34165003989756,325.05830028856747,42.80002483576749,"MATR_b1c15,MATR_b2c14,MATR_b2c5,MATR_b2c42,MATR_b4c8,MATR_b3c28,MATR_b2c10,MATR_b1c36,MATR_b2c27,MATR_b1c16,MATR_b1c23,MATR_b3c10,MATR_b3c27,MATR_b2c39,MATR_b4c33,MATR_b4c19",False,False,0.95
180,MATR_b2c22,512.0,500.4576496384839,39.58497317249469,422.8725278914101,578.0427713855577,332.0,320.4576496384839,242.87252789141007,398.04277138555767,11.542350361516128,"MATR_b1c15,MATR_b2c14,MATR_b2c5,MATR_b2c42,MATR_b4c8,MATR_b3c28,MATR_b2c10,MATR_b1c36,MATR_b2c27,MATR_b1c16,MATR_b1c23,MATR_b3c10,MATR_b3c27,MATR_b2c39,MATR_b4c33,MATR_b4c19",False,False,0.95
180,MATR_b2c24,494.0,472.5686017720741,36.0475385758866,401.9167244320181,543.2204791121301,314.0,292.5686017720741,221.9167244320181,363.2204791121301,21.43139822792591,"MATR_b1c15,MATR_b2c14,MATR_b2c5,MATR_b2c42,MATR_b4c8,MATR_b3c28,MATR_b2c10,MATR_b1c36,MATR_b2c27,MATR_b1c16,MATR_b1c23,MATR_b3c10,MATR_b3c27,MATR_b2c39,MATR_b4c33,MATR_b4c19",False,False,0.95
180,MATR_b2c3,334.0,356.56549807388535,53.25089700798036,252.19565779379212,460.9353383539786,154.0,176.56549807388535,72.19565779379212,280.9353383539786,22.56549807388535,"MATR_b1c15,MATR_b2c14,MATR_b2c5,MATR_b2c42,MATR_b4c8,MATR_b3c28,MATR_b2c10,MATR_b1c36,MATR_b2c27,MATR_b1c16,MATR_b1c23,MATR_b3c10,MATR_b3c27,MATR_b2c39,MATR_b4c33,MATR_b4c19",False,False,0.95
180,MATR_b2c33,519.0,551.5119644115421,43.28885457836229,466.66736850596016,636.3565603171239,339.0,371.51196441154207,286.66736850596016,456.3565603171239,32.51196441154207,"MATR_b1c15,MATR_b2c14,MATR_b2c5,MATR_b2c42,MATR_b4c8,MATR_b3c28,MATR_b2c10,MATR_b1c36,MATR_b2c27,MATR_b1c16,MATR_b1c23,MATR_b3c10,MATR_b3c27,MATR_b2c39,MATR_b4c33,MATR_b4c19",False,False,0.95
180,MATR_b2c41,428.0,466.45705207372765,37.46906433455287,393.0190354435898,539.8950687038655,248.0,286.45705207372765,213.01903544358981,359.8950687038655,38.45705207372765,"MATR_b1c15,MATR_b2c14,MATR_b2c5,MATR_b2c42,MATR_b4c8,MATR_b3c28,MATR_b2c10,MATR_b1c36,MATR_b2c27,MATR_b1c16,MATR_b1c23,MATR_b3c10,MATR_b3c27,MATR_b2c39,MATR_b4c33,MATR_b4c19",False,False,0.95
180,MATR_b3c1,1061.0,1157.2523176347622,155.23642987487605,852.9945059914276,1461.5101292780969,881.0,977.2523176347622,672.9945059914276,1281.5101292780969,96.25231763476222,"MATR_b1c15,MATR_b2c14,MATR_b2c5,MATR_b2c42,MATR_b4c8,MATR_b3c28,MATR_b2c10,MATR_b1c36,MATR_b2c27,MATR_b1c16,MATR_b1c23,MATR_b3c10,MATR_b3c27,MATR_b2c39,MATR_b4c33,MATR_b4c19",False,False,0.95
180,MATR_b3c14,856.0,1009.5743739019802,78.29211326891789,856.1246516213706,1163.0240961825896,676.0,829.5743739019802,676.1246516213706,983.0240961825896,153.57437390198015,"MATR_b1c15,MATR_b2c14,MATR_b2c5,MATR_b2c42,MATR_b4c8,MATR_b3c28,MATR_b2c10,MATR_b1c36,MATR_b2c27,MATR_b1c16,MATR_b1c23,MATR_b3c10,MATR_b3c27,MATR_b2c39,MATR_b4c33,MATR_b4c19",False,False,0.95
180,MATR_b3c17,1313.0,1494.484788283576,415.7837343261108,679.563643646829,2309.4059329203233,1133.0,1314.484788283576,499.56364364682895,2129.4059329203233,181.4847882835761,"MATR_b1c15,MATR_b2c14,MATR_b2c5,MATR_b2c42,MATR_b4c8,MATR_b3c28,MATR_b2c10,MATR_b1c36,MATR_b2c27,MATR_b1c16,MATR_b1c23,MATR_b3c10,MATR_b3c27,MATR_b2c39,MATR_b4c33,MATR_b4c19",False,False,0.95
180,MATR_b3c24,823.0,846.8477999719371,76.65066581733437,696.6152555789463,997.0803443649279,643.0,666.8477999719371,516.6152555789463,817.0803443649279,23.847799971937093,"MATR_b1c15,MATR_b2c14,MATR_b2c5,MATR_b2c42,MATR_b4c8,MATR_b3c28,MATR_b2c10,MATR_b1c36,MATR_b2c27,MATR_b1c16,MATR_b1c23,MATR_b3c10,MATR_b3c27,MATR_b2c39,MATR_b4c33,MATR_b4c19",False,False,0.95
180,MATR_b3c31,729.0,727.8023230791676,56.05241915719334,617.9416002847257,837.6630458736096,549.0,547.8023230791676,437.9416002847257,657.6630458736096,1.1976769208323503,"MATR_b1c15,MATR_b2c14,MATR_b2c5,MATR_b2c42,MATR_b4c8,MATR_b3c28,MATR_b2c10,MATR_b1c36,MATR_b2c27,MATR_b1c16,MATR_b1c23,MATR_b3c10,MATR_b3c27,MATR_b2c39,MATR_b4c33,MATR_b4c19",False,False,0.95
180,MATR_b3c33,1282.0,1047.5924285364954,125.93083864481964,800.7725202497242,1294.4123368232667,1102.0,867.5924285364954,620.7725202497242,1114.4123368232667,234.4075714635046,"MATR_b1c15,MATR_b2c14,MATR_b2c5,MATR_b2c42,MATR_b4c8,MATR_b3c28,MATR_b2c10,MATR_b1c36,MATR_b2c27,MATR_b1c16,MATR_b1c23,MATR_b3c10,MATR_b3c27,MATR_b2c39,MATR_b4c33,MATR_b4c19",False,False,0.95
180,MATR_b3c36,921.0,911.6366253175883,91.30036096180737,732.6912060569391,1090.5820445782374,741.0,731.6366253175883,552.6912060569391,910.5820445782374,9.363374682411745,"MATR_b1c15,MATR_b2c14,MATR_b2c5,MATR_b2c42,MATR_b4c8,MATR_b3c28,MATR_b2c10,MATR_b1c36,MATR_b2c27,MATR_b1c16,MATR_b1c23,MATR_b3c10,MATR_b3c27,MATR_b2c39,MATR_b4c33,MATR_b4c19",False,False,0.95
180,MATR_b3c6,665.0,558.4409656395176,43.67030655287563,472.84873760205784,644.0331936769774,485.0,378.4409656395176,292.84873760205784,464.03319367697736,106.55903436048243,"MATR_b1c15,MATR_b2c14,MATR_b2c5,MATR_b2c42,MATR_b4c8,MATR_b3c28,MATR_b2c10,MATR_b1c36,MATR_b2c27,MATR_b1c16,MATR_b1c23,MATR_b3c10,MATR_b3c27,MATR_b2c39,MATR_b4c33,MATR_b4c19",False,False,0.95
180,MATR_b4c1,760.0,750.8468351263508,65.28480653826064,622.890965573695,878.8027046790066,580.0,570.8468351263508,442.890965573695,698.8027046790066,9.153164873649189,"MATR_b1c15,MATR_b2c14,MATR_b2c5,MATR_b2c42,MATR_b4c8,MATR_b3c28,MATR_b2c10,MATR_b1c36,MATR_b2c27,MATR_b1c16,MATR_b1c23,MATR_b3c10,MATR_b3c27,MATR_b2c39,MATR_b4c33,MATR_b4c19",False,False,0.95
180,MATR_b4c11,863.0,929.8711089830064,89.8244711101739,753.818380676707,1105.9238372893058,683.0,749.8711089830064,573.818380676707,925.9238372893058,66.87110898300637,"MATR_b1c15,MATR_b2c14,MATR_b2c5,MATR_b2c42,MATR_b4c8,MATR_b3c28,MATR_b2c10,MATR_b1c36,MATR_b2c27,MATR_b1c16,MATR_b1c23,MATR_b3c10,MATR_b3c27,MATR_b2c39,MATR_b4c33,MATR_b4c19",False,False,0.95
180,MATR_b4c15,675.0,803.9870879140515,67.35972706136644,671.9644488653253,936.0097269627777,495.0,623.9870879140515,491.96444886532527,756.0097269627777,128.98708791405147,"MATR_b1c15,MATR_b2c14,MATR_b2c5,MATR_b2c42,MATR_b4c8,MATR_b3c28,MATR_b2c10,MATR_b1c36,MATR_b2c27,MATR_b1c16,MATR_b1c23,MATR_b3c10,MATR_b3c27,MATR_b2c39,MATR_b4c33,MATR_b4c19",False,False,0.95
180,MATR_b4c21,773.0,860.4310696849434,81.87534449736872,699.958343248291,1020.9037961215957,593.0,680.4310696849434,519.958343248291,840.9037961215957,87.4310696849434,"MATR_b1c15,MATR_b2c14,MATR_b2c5,MATR_b2c42,MATR_b4c8,MATR_b3c28,MATR_b2c10,MATR_b1c36,MATR_b2c27,MATR_b1c16,MATR_b1c23,MATR_b3c10,MATR_b3c27,MATR_b2c39,MATR_b4c33,MATR_b4c19",False,False,0.95
180,MATR_b4c3,777.0,954.8897139215034,101.79073486557903,755.3835396251029,1154.3958882179038,597.0,774.8897139215034,575.3835396251029,974.3958882179038,177.88971392150336,"MATR_b1c15,MATR_b2c14,MATR_b2c5,MATR_b2c42,MATR_b4c8,MATR_b3c28,MATR_b2c10,MATR_b1c36,MATR_b2c27,MATR_b1c16,MATR_b1c23,MATR_b3c10,MATR_b3c27,MATR_b2c39,MATR_b4c33,MATR_b4c19",False,False,0.95
180,MATR_b4c32,754.0,769.1508870701049,71.27655292519928,629.4514103945513,908.8503637456585,574.0,589.1508870701049,449.4514103945513,728.8503637456585,15.150887070104886,"MATR_b1c15,MATR_b2c14,MATR_b2c5,MATR_b2c42,MATR_b4c8,MATR_b3c28,MATR_b2c10,MATR_b1c36,MATR_b2c27,MATR_b1c16,MATR_b1c23,MATR_b3c10,MATR_b3c27,MATR_b2c39,MATR_b4c33,MATR_b4c19",False,False,0.95
180,MATR_b4c34,891.0,1057.4629529794065,147.42621751641525,768.5128762702647,1346.4130296885482,711.0,877.4629529794065,588.5128762702647,1166.4130296885482,166.4629529794065,"MATR_b1c15,MATR_b2c14,MATR_b2c5,MATR_b2c42,MATR_b4c8,MATR_b3c28,MATR_b2c10,MATR_b1c36,MATR_b2c27,MATR_b1c16,MATR_b1c23,MATR_b3c10,MATR_b3c27,MATR_b2c39,MATR_b4c33,MATR_b4c19",False,False,0.95
180,MATR_b4c42,774.0,852.6435156970348,80.60604290382176,694.6585746692538,1010.6284567248158,594.0,672.6435156970348,514.6585746692538,830.6284567248158,78.64351569703479,"MATR_b1c15,MATR_b2c14,MATR_b2c5,MATR_b2c42,MATR_b4c8,MATR_b3c28,MATR_b2c10,MATR_b1c36,MATR_b2c27,MATR_b1c16,MATR_b1c23,MATR_b3c10,MATR_b3c27,MATR_b2c39,MATR_b4c33,MATR_b4c19",False,False,0.95
180,MATR_b4c6,706.0,785.9739773757938,69.57522734196769,649.6090375693507,922.3389171822369,526.0,605.9739773757938,469.6090375693507,742.3389171822369,79.97397737579377,"MATR_b1c15,MATR_b2c14,MATR_b2c5,MATR_b2c42,MATR_b4c8,MATR_b3c28,MATR_b2c10,MATR_b1c36,MATR_b2c27,MATR_b1c16,MATR_b1c23,MATR_b3c10,MATR_b3c27,MATR_b2c39,MATR_b4c33,MATR_b4c19",False,False,0.95
180,MATR_b4c7,529.0,584.7896395125191,45.19427957457615,496.21047923911567,673.3687997859225,349.0,404.7896395125191,316.21047923911567,493.36879978592253,55.7896395125191,"MATR_b1c15,MATR_b2c14,MATR_b2c5,MATR_b2c42,MATR_b4c8,MATR_b3c28,MATR_b2c10,MATR_b1c36,MATR_b2c27,MATR_b1c16,MATR_b1c23,MATR_b3c10,MATR_b3c27,MATR_b2c39,MATR_b4c33,MATR_b4c19",False,False,0.95
200,MATR_b1c14,877.0,891.559361216567,65.24746445207451,763.6766808079435,1019.4420416251905,677.0,691.559361216567,563.6766808079435,819.4420416251905,14.559361216567027,"MATR_b4c5,MATR_b4c24,MATR_b2c31,MATR_b2c34,MATR_b1c9,MATR_b1c39,MATR_b4c16,MATR_b4c37,MATR_b2c43,MATR_b4c2,MATR_b3c28,MATR_b2c20,MATR_b4c23,MATR_b3c39,MATR_b2c44,MATR_b4c25",False,False,0.95
200,MATR_b1c18,687.0,573.4788218192198,44.45440097137218,486.3497969610279,660.6078466774117,487.0,373.4788218192198,286.3497969610279,460.60784667741166,113.52117818078023,"MATR_b4c5,MATR_b4c24,MATR_b2c31,MATR_b2c34,MATR_b1c9,MATR_b1c39,MATR_b4c16,MATR_b4c37,MATR_b2c43,MATR_b4c2,MATR_b3c28,MATR_b2c20,MATR_b4c23,MATR_b3c39,MATR_b2c44,MATR_b4c25",False,False,0.95
200,MATR_b1c19,786.0,794.4278267203458,61.17887078980498,674.5194433574985,914.3362100831931,586.0,594.4278267203458,474.5194433574985,714.3362100831931,8.42782672034582,"MATR_b4c5,MATR_b4c24,MATR_b2c31,MATR_b2c34,MATR_b1c9,MATR_b1c39,MATR_b4c16,MATR_b4c37,MATR_b2c43,MATR_b4c2,MATR_b3c28,MATR_b2c20,MATR_b4c23,MATR_b3c39,MATR_b2c44,MATR_b4c25",False,False,0.95
200,MATR_b1c2,2237.0,1421.2124356445681,261.61224786718554,908.461851910319,1933.9630193788173,2037.0,1221.2124356445681,708.461851910319,1733.9630193788173,815.7875643554319,"MATR_b4c5,MATR_b4c24,MATR_b2c31,MATR_b2c34,MATR_b1c9,MATR_b1c39,MATR_b4c16,MATR_b4c37,MATR_b2c43,MATR_b4c2,MATR_b3c28,MATR_b2c20,MATR_b4c23,MATR_b3c39,MATR_b2c44,MATR_b4c25",False,False,0.95
200,MATR_b1c30,707.0,887.6113847980362,65.50357555244341,759.2267358566487,1015.9960337394236,507.0,687.6113847980362,559.2267358566487,815.9960337394236,180.61138479803617,"MATR_b4c5,MATR_b4c24,MATR_b2c31,MATR_b2c34,MATR_b1c9,MATR_b1c39,MATR_b4c16,MATR_b4c37,MATR_b2c43,MATR_b4c2,MATR_b3c28,MATR_b2c20,MATR_b4c23,MATR_b3c39,MATR_b2c44,MATR_b4c25",False,False,0.95
200,MATR_b1c34,742.0,748.9142045595976,57.21901942790333,636.7669872502095,861.0614218689857,542.0,548.9142045595976,436.76698725020947,661.0614218689857,6.914204559597579,"MATR_b4c5,MATR_b4c24,MATR_b2c31,MATR_b2c34,MATR_b1c9,MATR_b1c39,MATR_b4c16,MATR_b4c37,MATR_b2c43,MATR_b4c2,MATR_b3c28,MATR_b2c20,MATR_b4c23,MATR_b3c39,MATR_b2c44,MATR_b4c25",False,False,0.95
200,MATR_b1c35,701.0,604.5616460557819,44.28388920526943,517.7668181180918,691.356473993472,501.0,404.5616460557819,317.7668181180918,491.35647399347204,96.43835394421808,"MATR_b4c5,MATR_b4c24,MATR_b2c31,MATR_b2c34,MATR_b1c9,MATR_b1c39,MATR_b4c16,MATR_b4c37,MATR_b2c43,MATR_b4c2,MATR_b3c28,MATR_b2c20,MATR_b4c23,MATR_b3c39,MATR_b2c44,MATR_b4c25",False,False,0.95
200,MATR_b1c42,700.0,732.862425112379,55.3388827916807,624.4002078960015,841.3246423287566,500.0,532.862425112379,424.40020789600146,641.3246423287566,32.862425112379015,"MATR_b4c5,MATR_b4c24,MATR_b2c31,MATR_b2c34,MATR_b1c9,MATR_b1c39,MATR_b4c16,MATR_b4c37,MATR_b2c43,MATR_b4c2,MATR_b3c28,MATR_b2c20,MATR_b4c23,MATR_b3c39,MATR_b2c44,MATR_b4c25",False,False,0.95
200,MATR_b1c5,1071.0,956.6175652300616,73.05368713067065,813.43496951609,1099.8001609440332,871.0,756.6175652300616,613.43496951609,899.8001609440332,114.38243476993841,"MATR_b4c5,MATR_b4c24,MATR_b2c31,MATR_b2c34,MATR_b1c9,MATR_b1c39,MATR_b4c16,MATR_b4c37,MATR_b2c43,MATR_b4c2,MATR_b3c28,MATR_b2c20,MATR_b4c23,MATR_b3c39,MATR_b2c44,MATR_b4c25",False,False,0.95
200,MATR_b1c6,633.0,907.6309490949768,67.47345175675399,775.3854137391381,1039.8764844508155,433.0,707.6309490949768,575.3854137391381,839.8764844508155,274.6309490949768,"MATR_b4c5,MATR_b4c24,MATR_b2c31,MATR_b2c34,MATR_b1c9,MATR_b1c39,MATR_b4c16,MATR_b4c37,MATR_b2c43,MATR_b4c2,MATR_b3c28,MATR_b2c20,MATR_b4c23,MATR_b3c39,MATR_b2c44,MATR_b4c25",False,False,0.95
200,MATR_b2c19,460.0,420.1188023701267,44.315373801559915,333.2622657576394,506.97533898261395,260.0,220.11880237012667,133.2622657576394,306.97533898261395,39.88119762987333,"MATR_b4c5,MATR_b4c24,MATR_b2c31,MATR_b2c34,MATR_b1c9,MATR_b1c39,MATR_b4c16,MATR_b4c37,MATR_b2c43,MATR_b4c2,MATR_b3c28,MATR_b2c20,MATR_b4c23,MATR_b3c39,MATR_b2c44,MATR_b4c25",False,False,0.95
200,MATR_b2c22,512.0,492.04994508180044,37.84758991652397,417.8700319437722,566.2298582198288,312.0,292.04994508180044,217.87003194377218,366.22985821982877,19.950054918199555,"MATR_b4c5,MATR_b4c24,MATR_b2c31,MATR_b2c34,MATR_b1c9,MATR_b1c39,MATR_b4c16,MATR_b4c37,MATR_b2c43,MATR_b4c2,MATR_b3c28,MATR_b2c20,MATR_b4c23,MATR_b3c39,MATR_b2c44,MATR_b4c25",False,False,0.95
200,MATR_b2c24,494.0,472.4327268257398,35.17522659571273,403.4905495501074,541.3749041013722,294.0,272.4327268257398,203.4905495501074,341.3749041013722,21.567273174260208,"MATR_b4c5,MATR_b4c24,MATR_b2c31,MATR_b2c34,MATR_b1c9,MATR_b1c39,MATR_b4c16,MATR_b4c37,MATR_b2c43,MATR_b4c2,MATR_b3c28,MATR_b2c20,MATR_b4c23,MATR_b3c39,MATR_b2c44,MATR_b4c25",False,False,0.95
200,MATR_b2c3,334.0,349.28293969677094,53.61874266861563,244.19213516996325,454.3737442235786,134.0,149.28293969677094,44.19213516996325,254.37374422357863,15.282939696770939,"MATR_b4c5,MATR_b4c24,MATR_b2c31,MATR_b2c34,MATR_b1c9,MATR_b1c39,MATR_b4c16,MATR_b4c37,MATR_b2c43,MATR_b4c2,MATR_b3c28,MATR_b2c20,MATR_b4c23,MATR_b3c39,MATR_b2c44,MATR_b4c25",False,False,0.95
200,MATR_b2c33,519.0,551.1051299808142,42.18915201755283,468.41591148812535,633.7943484735031,319.0,351.10512998081424,268.41591148812535,433.7943484735031,32.10512998081424,"MATR_b4c5,MATR_b4c24,MATR_b2c31,MATR_b2c34,MATR_b1c9,MATR_b1c39,MATR_b4c16,MATR_b4c37,MATR_b2c43,MATR_b4c2,MATR_b3c28,MATR_b2c20,MATR_b4c23,MATR_b3c39,MATR_b2c44,MATR_b4c25",False,False,0.95
200,MATR_b2c41,428.0,466.8901393507347,36.23307515643251,395.874616994994,537.9056617064755,228.0,266.8901393507347,195.87461699499403,337.9056617064755,38.89013935073473,"MATR_b4c5,MATR_b4c24,MATR_b2c31,MATR_b2c34,MATR_b1c9,MATR_b1c39,MATR_b4c16,MATR_b4c37,MATR_b2c43,MATR_b4c2,MATR_b3c28,MATR_b2c20,MATR_b4c23,MATR_b3c39,MATR_b2c44,MATR_b4c25",False,False,0.95
200,MATR_b3c1,1061.0,1158.7907908844613,160.65706864458383,843.9087224792979,1473.6728592896247,861.0,958.7907908844613,643.9087224792979,1273.6728592896247,97.79079088446133,"MATR_b4c5,MATR_b4c24,MATR_b2c31,MATR_b2c34,MATR_b1c9,MATR_b1c39,MATR_b4c16,MATR_b4c37,MATR_b2c43,MATR_b4c2,MATR_b3c28,MATR_b2c20,MATR_b4c23,MATR_b3c39,MATR_b2c44,MATR_b4c25",False,False,0.95
200,MATR_b3c14,856.0,986.4134542408448,75.00183181222783,839.4125651143478,1133.4143433673419,656.0,786.4134542408448,639.4125651143478,933.4143433673419,130.41345424084477,"MATR_b4c5,MATR_b4c24,MATR_b2c31,MATR_b2c34,MATR_b1c9,MATR_b1c39,MATR_b4c16,MATR_b4c37,MATR_b2c43,MATR_b4c2,MATR_b3c28,MATR_b2c20,MATR_b4c23,MATR_b3c39,MATR_b2c44,MATR_b4c25",False,False,0.95
200,MATR_b3c17,1313.0,1487.322635433698,414.38546444901414,675.1420493967275,2299.5032214706684,1113.0,1287.322635433698,475.14204939672754,2099.5032214706684,174.322635433698,"MATR_b4c5,MATR_b4c24,MATR_b2c31,MATR_b2c34,MATR_b1c9,MATR_b1c39,MATR_b4c16,MATR_b4c37,MATR_b2c43,MATR_b4c2,MATR_b3c28,MATR_b2c20,MATR_b4c23,MATR_b3c39,MATR_b2c44,MATR_b4c25",False,False,0.95
200,MATR_b3c24,823.0,842.8914772184063,75.83135118248539,694.2647600017261,991.5181944350865,623.0,642.8914772184063,494.26476000172613,791.5181944350865,19.891477218406294,"MATR_b4c5,MATR_b4c24,MATR_b2c31,MATR_b2c34,MATR_b1c9,MATR_b1c39,MATR_b4c16,MATR_b4c37,MATR_b2c43,MATR_b4c2,MATR_b3c28,MATR_b2c20,MATR_b4c23,MATR_b3c39,MATR_b2c44,MATR_b4c25",False,False,0.95
200,MATR_b3c31,729.0,734.9319351026495,56.279111073371496,624.626904316912,845.236965888387,529.0,534.9319351026495,424.62690431691203,645.236965888387,5.931935102649504,"MATR_b4c5,MATR_b4c24,MATR_b2c31,MATR_b2c34,MATR_b1c9,MATR_b1c39,MATR_b4c16,MATR_b4c37,MATR_b2c43,MATR_b4c2,MATR_b3c28,MATR_b2c20,MATR_b4c23,MATR_b3c39,MATR_b2c44,MATR_b4c25",False,False,0.95
200,MATR_b3c33,1282.0,1041.5362450558935,126.85344270390074,792.9080660413327,1290.164424070454,1082.0,841.5362450558935,592.9080660413327,1090.164424070454,240.46375494410654,"MATR_b4c5,MATR_b4c24,MATR_b2c31,MATR_b2c34,MATR_b1c9,MATR_b1c39,MATR_b4c16,MATR_b4c37,MATR_b2c43,MATR_b4c2,MATR_b3c28,MATR_b2c20,MATR_b4c23,MATR_b3c39,MATR_b2c44,MATR_b4c25",False,False,0.95
200,MATR_b3c36,921.0,901.7772795059959,89.8452099177723,725.6839038837214,1077.8706551282705,721.0,701.7772795059959,525.6839038837214,877.8706551282705,19.22272049400408,"MATR_b4c5,MATR_b4c24,MATR_b2c31,MATR_b2c34,MATR_b1c9,MATR_b1c39,MATR_b4c16,MATR_b4c37,MATR_b2c43,MATR_b4c2,MATR_b3c28,MATR_b2c20,MATR_b4c23,MATR_b3c39,MATR_b2c44,MATR_b4c25",False,False,0.95
200,MATR_b3c6,665.0,574.27476295222,45.75213373876601,484.6022286083788,663.9472972960613,465.0,374.27476295222004,284.6022286083788,463.94729729606127,90.72523704777996,"MATR_b4c5,MATR_b4c24,MATR_b2c31,MATR_b2c34,MATR_b1c9,MATR_b1c39,MATR_b4c16,MATR_b4c37,MATR_b2c43,MATR_b4c2,MATR_b3c28,MATR_b2c20,MATR_b4c23,MATR_b3c39,MATR_b2c44,MATR_b4c25",False,False,0.95
200,MATR_b4c1,760.0,749.7862848278218,64.44223131703087,623.4818323630421,876.0907372926014,560.0,549.7862848278218,423.48183236304214,676.0907372926014,10.21371517217824,"MATR_b4c5,MATR_b4c24,MATR_b2c31,MATR_b2c34,MATR_b1c9,MATR_b1c39,MATR_b4c16,MATR_b4c37,MATR_b2c43,MATR_b4c2,MATR_b3c28,MATR_b2c20,MATR_b4c23,MATR_b3c39,MATR_b2c44,MATR_b4c25",False,False,0.95
200,MATR_b4c11,863.0,920.4459513742329,88.8908577929757,746.223071545129,1094.6688312033368,663.0,720.4459513742329,546.223071545129,894.6688312033368,57.44595137423289,"MATR_b4c5,MATR_b4c24,MATR_b2c31,MATR_b2c34,MATR_b1c9,MATR_b1c39,MATR_b4c16,MATR_b4c37,MATR_b2c43,MATR_b4c2,MATR_b3c28,MATR_b2c20,MATR_b4c23,MATR_b3c39,MATR_b2c44,MATR_b4c25",False,False,0.95
200,MATR_b4c15,675.0,797.7219825890271,66.82155782707487,666.7541358570999,928.6898293209543,475.0,597.7219825890271,466.75413585709987,728.6898293209543,122.7219825890271,"MATR_b4c5,MATR_b4c24,MATR_b2c31,MATR_b2c34,MATR_b1c9,MATR_b1c39,MATR_b4c16,MATR_b4c37,MATR_b2c43,MATR_b4c2,MATR_b3c28,MATR_b2c20,MATR_b4c23,MATR_b3c39,MATR_b2c44,MATR_b4c25",False,False,0.95
200,MATR_b4c21,773.0,852.3512998758151,79.91082236815951,695.7289660592447,1008.9736336923855,573.0,652.3512998758151,495.7289660592447,808.9736336923855,79.35129987581513,"MATR_b4c5,MATR_b4c24,MATR_b2c31,MATR_b2c34,MATR_b1c9,MATR_b1c39,MATR_b4c16,MATR_b4c37,MATR_b2c43,MATR_b4c2,MATR_b3c28,MATR_b2c20,MATR_b4c23,MATR_b3c39,MATR_b2c44,MATR_b4c25",False,False,0.95
200,MATR_b4c3,777.0,930.0011687827455,98.05008065567581,737.8265420163734,1122.1757955491175,577.0,730.0011687827455,537.8265420163734,922.1757955491175,153.00116878274548,"MATR_b4c5,MATR_b4c24,MATR_b2c31,MATR_b2c34,MATR_b1c9,MATR_b1c39,MATR_b4c16,MATR_b4c37,MATR_b2c43,MATR_b4c2,MATR_b3c28,MATR_b2c20,MATR_b4c23,MATR_b3c39,MATR_b2c44,MATR_b4c25",False,False,0.95
200,MATR_b4c32,754.0,771.2323696285778,70.83218351102775,632.4038410006315,910.0608982565241,554.0,571.2323696285778,432.4038410006315,710.0608982565241,17.23236962857777,"MATR_b4c5,MATR_b4c24,MATR_b2c31,MATR_b2c34,MATR_b1c9,MATR_b1c39,MATR_b4c16,MATR_b4c37,MATR_b2c43,MATR_b4c2,MATR_b3c28,MATR_b2c20,MATR_b4c23,MATR_b3c39,MATR_b2c44,MATR_b4c25",False,False,0.95
200,MATR_b4c34,891.0,1044.4186005656663,144.97213155702045,760.2784439519037,1328.558757179429,691.0,844.4186005656663,560.2784439519037,1128.558757179429,153.41860056566634,"MATR_b4c5,MATR_b4c24,MATR_b2c31,MATR_b2c34,MATR_b1c9,MATR_b1c39,MATR_b4c16,MATR_b4c37,MATR_b2c43,MATR_b4c2,MATR_b3c28,MATR_b2c20,MATR_b4c23,MATR_b3c39,MATR_b2c44,MATR_b4c25",False,False,0.95
200,MATR_b4c42,774.0,843.2987633110055,80.01413061163626,686.4739490579145,1000.1235775640964,574.0,643.2987633110055,486.4739490579145,800.1235775640964,69.29876331100547,"MATR_b4c5,MATR_b4c24,MATR_b2c31,MATR_b2c34,MATR_b1c9,MATR_b1c39,MATR_b4c16,MATR_b4c37,MATR_b2c43,MATR_b4c2,MATR_b3c28,MATR_b2c20,MATR_b4c23,MATR_b3c39,MATR_b2c44,MATR_b4c25",False,False,0.95
200,MATR_b4c6,706.0,782.1933699095099,68.39970204448498,648.1324173490486,916.2543224699712,506.0,582.1933699095099,448.13241734904864,716.2543224699712,76.1933699095099,"MATR_b4c5,MATR_b4c24,MATR_b2c31,MATR_b2c34,MATR_b1c9,MATR_b1c39,MATR_b4c16,MATR_b4c37,MATR_b2c43,MATR_b4c2,MATR_b3c28,MATR_b2c20,MATR_b4c23,MATR_b3c39,MATR_b2c44,MATR_b4c25",False,False,0.95
200,MATR_b4c7,529.0,579.694122013292,44.399265289374554,492.67316110607857,666.7150829205054,329.0,379.69412201329203,292.67316110607857,466.71508292050544,50.69412201329203,"MATR_b4c5,MATR_b4c24,MATR_b2c31,MATR_b2c34,MATR_b1c9,MATR_b1c39,MATR_b4c16,MATR_b4c37,MATR_b2c43,MATR_b4c2,MATR_b3c28,MATR_b2c20,MATR_b4c23,MATR_b3c39,MATR_b2c44,MATR_b4c25",False,False,0.95
220,MATR_b1c14,877.0,885.1927637051741,65.77768726031489,756.2708656886178,1014.1146617217304,657.0,665.1927637051741,536.2708656886178,794.1146617217304,8.192763705174116,"MATR_b1c9,MATR_b2c32,MATR_b4c2,MATR_b2c38,MATR_b4c43,MATR_b2c42,MATR_b2c27,MATR_b2c44,MATR_b2c2,MATR_b3c44,MATR_b4c33,MATR_b4c40,MATR_b2c0,MATR_b2c5,MATR_b4c5,MATR_b1c29",False,False,0.95
220,MATR_b1c18,687.0,612.0534556141,48.2965520724551,517.3939529746248,706.7129582535753,467.0,392.0534556141,297.39395297462477,486.71295825357527,74.94654438589998,"MATR_b1c9,MATR_b2c32,MATR_b4c2,MATR_b2c38,MATR_b4c43,MATR_b2c42,MATR_b2c27,MATR_b2c44,MATR_b2c2,MATR_b3c44,MATR_b4c33,MATR_b4c40,MATR_b2c0,MATR_b2c5,MATR_b4c5,MATR_b1c29",False,False,0.95
220,MATR_b1c19,786.0,808.2794094614676,62.33331382847454,686.108359320625,930.4504596023102,566.0,588.2794094614676,466.108359320625,710.4504596023102,22.279409461467594,"MATR_b1c9,MATR_b2c32,MATR_b4c2,MATR_b2c38,MATR_b4c43,MATR_b2c42,MATR_b2c27,MATR_b2c44,MATR_b2c2,MATR_b3c44,MATR_b4c33,MATR_b4c40,MATR_b2c0,MATR_b2c5,MATR_b4c5,MATR_b1c29",False,False,0.95
220,MATR_b1c2,2237.0,1430.4439526355707,269.76899779653274,901.7064328089014,1959.18147246224,2017.0,1210.4439526355707,681.7064328089014,1739.18147246224,806.5560473644293,"MATR_b1c9,MATR_b2c32,MATR_b4c2,MATR_b2c38,MATR_b4c43,MATR_b2c42,MATR_b2c27,MATR_b2c44,MATR_b2c2,MATR_b3c44,MATR_b4c33,MATR_b4c40,MATR_b2c0,MATR_b2c5,MATR_b4c5,MATR_b1c29",False,False,0.95
220,MATR_b1c30,707.0,895.198824348016,66.56194634720208,764.7398067666126,1025.6578419294194,487.0,675.198824348016,544.7398067666126,805.6578419294194,188.19882434801605,"MATR_b1c9,MATR_b2c32,MATR_b4c2,MATR_b2c38,MATR_b4c43,MATR_b2c42,MATR_b2c27,MATR_b2c44,MATR_b2c2,MATR_b3c44,MATR_b4c33,MATR_b4c40,MATR_b2c0,MATR_b2c5,MATR_b4c5,MATR_b1c29",False,False,0.95
220,MATR_b1c34,742.0,779.1753770463664,59.22370652999534,663.099045216606,895.2517088761268,522.0,559.1753770463664,443.099045216606,675.2517088761268,37.17537704636641,"MATR_b1c9,MATR_b2c32,MATR_b4c2,MATR_b2c38,MATR_b4c43,MATR_b2c42,MATR_b2c27,MATR_b2c44,MATR_b2c2,MATR_b3c44,MATR_b4c33,MATR_b4c40,MATR_b2c0,MATR_b2c5,MATR_b4c5,MATR_b1c29",False,False,0.95
220,MATR_b1c35,701.0,629.4032748176407,45.573896672736645,540.0800787039271,718.7264709313544,481.0,409.40327481764075,320.08007870392714,498.72647093135436,71.59672518235925,"MATR_b1c9,MATR_b2c32,MATR_b4c2,MATR_b2c38,MATR_b4c43,MATR_b2c42,MATR_b2c27,MATR_b2c44,MATR_b2c2,MATR_b3c44,MATR_b4c33,MATR_b4c40,MATR_b2c0,MATR_b2c5,MATR_b4c5,MATR_b1c29",False,False,0.95
220,MATR_b1c42,700.0,748.3133531262059,56.09801348215614,638.3632670969375,858.2634391554743,480.0,528.3133531262059,418.36326709693753,638.2634391554743,48.313353126205925,"MATR_b1c9,MATR_b2c32,MATR_b4c2,MATR_b2c38,MATR_b4c43,MATR_b2c42,MATR_b2c27,MATR_b2c44,MATR_b2c2,MATR_b3c44,MATR_b4c33,MATR_b4c40,MATR_b2c0,MATR_b2c5,MATR_b4c5,MATR_b1c29",False,False,0.95
220,MATR_b1c5,1071.0,961.4610365857629,74.30073967223647,815.8342628034931,1107.0878103680327,851.0,741.4610365857629,595.8342628034931,887.0878103680327,109.53896341423706,"MATR_b1c9,MATR_b2c32,MATR_b4c2,MATR_b2c38,MATR_b4c43,MATR_b2c42,MATR_b2c27,MATR_b2c44,MATR_b2c2,MATR_b3c44,MATR_b4c33,MATR_b4c40,MATR_b2c0,MATR_b2c5,MATR_b4c5,MATR_b1c29",False,False,0.95
220,MATR_b1c6,633.0,913.079214515823,68.96664119902705,777.9070816310336,1048.2513474006123,413.0,693.079214515823,557.9070816310336,828.2513474006123,280.07921451582297,"MATR_b1c9,MATR_b2c32,MATR_b4c2,MATR_b2c38,MATR_b4c43,MATR_b2c42,MATR_b2c27,MATR_b2c44,MATR_b2c2,MATR_b3c44,MATR_b4c33,MATR_b4c40,MATR_b2c0,MATR_b2c5,MATR_b4c5,MATR_b1c29",False,False,0.95
220,MATR_b2c19,460.0,428.56239522634746,43.70213460038088,342.9077853620792,514.2170050906157,240.0,208.56239522634746,122.90778536207921,294.21700509061566,31.437604773652538,"MATR_b1c9,MATR_b2c32,MATR_b4c2,MATR_b2c38,MATR_b4c43,MATR_b2c42,MATR_b2c27,MATR_b2c44,MATR_b2c2,MATR_b3c44,MATR_b4c33,MATR_b4c40,MATR_b2c0,MATR_b2c5,MATR_b4c5,MATR_b1c29",False,False,0.95
220,MATR_b2c22,512.0,500.0260302625591,36.7326743488249,428.03131148302407,572.0207490420942,292.0,280.0260302625591,208.03131148302407,352.02074904209417,11.973969737440882,"MATR_b1c9,MATR_b2c32,MATR_b4c2,MATR_b2c38,MATR_b4c43,MATR_b2c42,MATR_b2c27,MATR_b2c44,MATR_b2c2,MATR_b3c44,MATR_b4c33,MATR_b4c40,MATR_b2c0,MATR_b2c5,MATR_b4c5,MATR_b1c29",False,False,0.95
220,MATR_b2c24,494.0,471.64918757496025,34.167528969565325,404.6820613538833,538.6163137960373,274.0,251.64918757496025,184.68206135388328,318.6163137960373,22.35081242503975,"MATR_b1c9,MATR_b2c32,MATR_b4c2,MATR_b2c38,MATR_b4c43,MATR_b2c42,MATR_b2c27,MATR_b2c44,MATR_b2c2,MATR_b3c44,MATR_b4c33,MATR_b4c40,MATR_b2c0,MATR_b2c5,MATR_b4c5,MATR_b1c29",False,False,0.95
220,MATR_b2c3,334.0,344.0588302988871,53.6689194796494,238.86968102959415,449.24797956817997,114.0,124.05883029888707,18.869681029594148,229.24797956817997,10.058830298887074,"MATR_b1c9,MATR_b2c32,MATR_b4c2,MATR_b2c38,MATR_b4c43,MATR_b2c42,MATR_b2c27,MATR_b2c44,MATR_b2c2,MATR_b3c44,MATR_b4c33,MATR_b4c40,MATR_b2c0,MATR_b2c5,MATR_b4c5,MATR_b1c29",False,False,0.95
220,MATR_b2c33,519.0,555.0741651341025,41.418659208123195,473.89508479824275,636.2532454699622,299.0,335.0741651341025,253.89508479824275,416.25324546996217,36.074165134102486,"MATR_b1c9,MATR_b2c32,MATR_b4c2,MATR_b2c38,MATR_b4c43,MATR_b2c42,MATR_b2c27,MATR_b2c44,MATR_b2c2,MATR_b3c44,MATR_b4c33,MATR_b4c40,MATR_b2c0,MATR_b2c5,MATR_b4c5,MATR_b1c29",False,False,0.95
220,MATR_b2c41,428.0,467.9923825095712,34.89309318481146,399.6031765581407,536.3815884610017,208.0,247.9923825095712,179.60317655814072,316.3815884610017,39.9923825095712,"MATR_b1c9,MATR_b2c32,MATR_b4c2,MATR_b2c38,MATR_b4c43,MATR_b2c42,MATR_b2c27,MATR_b2c44,MATR_b2c2,MATR_b3c44,MATR_b4c33,MATR_b4c40,MATR_b2c0,MATR_b2c5,MATR_b4c5,MATR_b1c29",False,False,0.95
220,MATR_b3c1,1061.0,1155.475366916926,162.4062233380798,837.1650183091214,1473.7857155247307,841.0,935.4753669169261,617.1650183091214,1253.7857155247307,94.47536691692608,"MATR_b1c9,MATR_b2c32,MATR_b4c2,MATR_b2c38,MATR_b4c43,MATR_b2c42,MATR_b2c27,MATR_b2c44,MATR_b2c2,MATR_b3c44,MATR_b4c33,MATR_b4c40,MATR_b2c0,MATR_b2c5,MATR_b4c5,MATR_b1c29",False,False,0.95
220,MATR_b3c14,856.0,987.4070727195924,76.76495979487242,836.9505162469773,1137.8636291922076,636.0,767.4070727195924,616.9505162469773,917.8636291922076,131.4070727195924,"MATR_b1c9,MATR_b2c32,MATR_b4c2,MATR_b2c38,MATR_b4c43,MATR_b2c42,MATR_b2c27,MATR_b2c44,MATR_b2c2,MATR_b3c44,MATR_b4c33,MATR_b4c40,MATR_b2c0,MATR_b2c5,MATR_b4c5,MATR_b1c29",False,False,0.95
220,MATR_b3c17,1313.0,1485.21638557307,412.4422645239873,676.844401403913,2293.588369742227,1093.0,1265.21638557307,456.844401403913,2073.588369742227,172.21638557307006,"MATR_b1c9,MATR_b2c32,MATR_b4c2,MATR_b2c38,MATR_b4c43,MATR_b2c42,MATR_b2c27,MATR_b2c44,MATR_b2c2,MATR_b3c44,MATR_b4c33,MATR_b4c40,MATR_b2c0,MATR_b2c5,MATR_b4c5,MATR_b1c29",False,False,0.95
220,MATR_b3c24,823.0,850.105382991057,76.92265095056102,699.3397575326117,1000.8710084495024,603.0,630.105382991057,479.33975753261166,780.8710084495024,27.105382991057013,"MATR_b1c9,MATR_b2c32,MATR_b4c2,MATR_b2c38,MATR_b4c43,MATR_b2c42,MATR_b2c27,MATR_b2c44,MATR_b2c2,MATR_b3c44,MATR_b4c33,MATR_b4c40,MATR_b2c0,MATR_b2c5,MATR_b4c5,MATR_b1c29",False,False,0.95
220,MATR_b3c31,729.0,761.6764682581426,59.21878059270961,645.6097910880522,877.7431454282329,509.0,541.6764682581426,425.60979108805225,657.7431454282329,32.67646825814256,"MATR_b1c9,MATR_b2c32,MATR_b4c2,MATR_b2c38,MATR_b4c43,MATR_b2c42,MATR_b2c27,MATR_b2c44,MATR_b2c2,MATR_b3c44,MATR_b4c33,MATR_b4c40,MATR_b2c0,MATR_b2c5,MATR_b4c5,MATR_b1c29",False,False,0.95
220,MATR_b3c33,1282.0,1045.4517959159016,131.5583761901506,787.6021167186348,1303.3014751131684,1062.0,825.4517959159016,567.6021167186348,1083.3014751131684,236.54820408409842,"MATR_b1c9,MATR_b2c32,MATR_b4c2,MATR_b2c38,MATR_b4c43,MATR_b2c42,MATR_b2c27,MATR_b2c44,MATR_b2c2,MATR_b3c44,MATR_b4c33,MATR_b4c40,MATR_b2c0,MATR_b2c5,MATR_b4c5,MATR_b1c29",False,False,0.95
220,MATR_b3c36,921.0,901.2728672917857,91.70402434981256,721.536282328769,1081.0094522548025,701.0,681.2728672917857,501.53628232876895,861.0094522548025,19.7271327082143,"MATR_b1c9,MATR_b2c32,MATR_b4c2,MATR_b2c38,MATR_b4c43,MATR_b2c42,MATR_b2c27,MATR_b2c44,MATR_b2c2,MATR_b3c44,MATR_b4c33,MATR_b4c40,MATR_b2c0,MATR_b2c5,MATR_b4c5,MATR_b1c29",False,False,0.95
220,MATR_b3c6,665.0,582.0378142836014,47.46711738879846,489.0039737516215,675.0716548155813,445.0,362.0378142836014,269.0039737516215,455.07165481558127,82.96218571639861,"MATR_b1c9,MATR_b2c32,MATR_b4c2,MATR_b2c38,MATR_b4c43,MATR_b2c42,MATR_b2c27,MATR_b2c44,MATR_b2c2,MATR_b3c44,MATR_b4c33,MATR_b4c40,MATR_b2c0,MATR_b2c5,MATR_b4c5,MATR_b1c29",False,False,0.95
220,MATR_b4c1,760.0,767.2603757371705,66.20642729180905,637.4981627001551,897.0225887741859,540.0,547.2603757371705,417.49816270015515,677.0225887741859,7.260375737170534,"MATR_b1c9,MATR_b2c32,MATR_b4c2,MATR_b2c38,MATR_b4c43,MATR_b2c42,MATR_b2c27,MATR_b2c44,MATR_b2c2,MATR_b3c44,MATR_b4c33,MATR_b4c40,MATR_b2c0,MATR_b2c5,MATR_b4c5,MATR_b1c29",False,False,0.95
220,MATR_b4c11,863.0,923.1437747806427,91.29978697484572,744.199480513766,1102.0880690475194,643.0,703.1437747806427,524.199480513766,882.0880690475194,60.14377478064273,"MATR_b1c9,MATR_b2c32,MATR_b4c2,MATR_b2c38,MATR_b4c43,MATR_b2c42,MATR_b2c27,MATR_b2c44,MATR_b2c2,MATR_b3c44,MATR_b4c33,MATR_b4c40,MATR_b2c0,MATR_b2c5,MATR_b4c5,MATR_b1c29",False,False,0.95
220,MATR_b4c15,675.0,777.1706487771768,64.93594479066066,649.8985356854006,904.442761868953,455.0,557.1706487771768,429.8985356854006,684.442761868953,102.17064877717678,"MATR_b1c9,MATR_b2c32,MATR_b4c2,MATR_b2c38,MATR_b4c43,MATR_b2c42,MATR_b2c27,MATR_b2c44,MATR_b2c2,MATR_b3c44,MATR_b4c33,MATR_b4c40,MATR_b2c0,MATR_b2c5,MATR_b4c5,MATR_b1c29",False,False,0.95
220,MATR_b4c21,773.0,857.4508635126408,81.05861750865836,698.5788925590626,1016.322834466219,553.0,637.4508635126408,478.57889255906264,796.322834466219,84.45086351264081,"MATR_b1c9,MATR_b2c32,MATR_b4c2,MATR_b2c38,MATR_b4c43,MATR_b2c42,MATR_b2c27,MATR_b2c44,MATR_b2c2,MATR_b3c44,MATR_b4c33,MATR_b4c40,MATR_b2c0,MATR_b2c5,MATR_b4c5,MATR_b1c29",False,False,0.95
220,MATR_b4c3,777.0,926.6431192260901,97.27530176327835,735.987031184799,1117.2992072673812,557.0,706.6431192260901,515.987031184799,897.2992072673812,149.6431192260901,"MATR_b1c9,MATR_b2c32,MATR_b4c2,MATR_b2c38,MATR_b4c43,MATR_b2c42,MATR_b2c27,MATR_b2c44,MATR_b2c2,MATR_b3c44,MATR_b4c33,MATR_b4c40,MATR_b2c0,MATR_b2c5,MATR_b4c5,MATR_b1c29",False,False,0.95
220,MATR_b4c32,754.0,786.5958216765865,72.72180504655128,644.0637028946029,929.1279404585702,534.0,566.5958216765865,424.0637028946029,709.1279404585702,32.595821676586525,"MATR_b1c9,MATR_b2c32,MATR_b4c2,MATR_b2c38,MATR_b4c43,MATR_b2c42,MATR_b2c27,MATR_b2c44,MATR_b2c2,MATR_b3c44,MATR_b4c33,MATR_b4c40,MATR_b2c0,MATR_b2c5,MATR_b4c5,MATR_b1c29",False,False,0.95
220,MATR_b4c34,891.0,1044.4593818688113,146.3465856800193,757.6253446755684,1331.2934190620542,671.0,824.4593818688113,537.6253446755684,1111.2934190620542,153.4593818688113,"MATR_b1c9,MATR_b2c32,MATR_b4c2,MATR_b2c38,MATR_b4c43,MATR_b2c42,MATR_b2c27,MATR_b2c44,MATR_b2c2,MATR_b3c44,MATR_b4c33,MATR_b4c40,MATR_b2c0,MATR_b2c5,MATR_b4c5,MATR_b1c29",False,False,0.95
220,MATR_b4c42,774.0,848.4627169933827,80.42694956216106,690.8287924651277,1006.0966415216378,554.0,628.4627169933827,470.82879246512766,786.0966415216378,74.46271699338274,"MATR_b1c9,MATR_b2c32,MATR_b4c2,MATR_b2c38,MATR_b4c43,MATR_b2c42,MATR_b2c27,MATR_b2c44,MATR_b2c2,MATR_b3c44,MATR_b4c33,MATR_b4c40,MATR_b2c0,MATR_b2c5,MATR_b4c5,MATR_b1c29",False,False,0.95
220,MATR_b4c6,706.0,792.87076946656,69.78262012276278,656.0993472791049,929.642191654015,486.0,572.87076946656,436.0993472791049,709.642191654015,86.87076946655998,"MATR_b1c9,MATR_b2c32,MATR_b4c2,MATR_b2c38,MATR_b4c43,MATR_b2c42,MATR_b2c27,MATR_b2c44,MATR_b2c2,MATR_b3c44,MATR_b4c33,MATR_b4c40,MATR_b2c0,MATR_b2c5,MATR_b4c5,MATR_b1c29",False,False,0.95
220,MATR_b4c7,529.0,590.575315170599,45.16264912913967,502.058149431066,679.0924809101319,309.0,370.57531517059897,282.058149431066,459.09248091013194,61.57531517059897,"MATR_b1c9,MATR_b2c32,MATR_b4c2,MATR_b2c38,MATR_b4c43,MATR_b2c42,MATR_b2c27,MATR_b2c44,MATR_b2c2,MATR_b3c44,MATR_b4c33,MATR_b4c40,MATR_b2c0,MATR_b2c5,MATR_b4c5,MATR_b1c29",False,False,0.95
240,MATR_b1c14,877.0,875.9845073005524,66.17918643518594,746.2756853614263,1005.6933292396785,637.0,635.9845073005524,506.2756853614263,765.6933292396785,1.0154926994475773,"MATR_b2c31,MATR_b4c40,MATR_b3c35,MATR_b1c40,MATR_b2c5,MATR_b1c0,MATR_b1c17,MATR_b4c41,MATR_b3c38,MATR_b2c43,MATR_b3c5,MATR_b2c0,MATR_b4c4,MATR_b2c4,MATR_b2c45,MATR_b3c13",False,False,0.95
240,MATR_b1c18,687.0,619.47314982694,49.67196597693084,522.1178854708567,716.8284141830234,447.0,379.47314982694,282.11788547085666,476.82841418302337,67.52685017305998,"MATR_b2c31,MATR_b4c40,MATR_b3c35,MATR_b1c40,MATR_b2c5,MATR_b1c0,MATR_b1c17,MATR_b4c41,MATR_b3c38,MATR_b2c43,MATR_b3c5,MATR_b2c0,MATR_b4c4,MATR_b2c4,MATR_b2c45,MATR_b3c13",False,False,0.95
240,MATR_b1c19,786.0,795.0311622940307,61.843872323379095,673.8193998757142,916.2429247123471,546.0,555.0311622940307,433.8193998757142,676.2429247123471,9.03116229403065,"MATR_b2c31,MATR_b4c40,MATR_b3c35,MATR_b1c40,MATR_b2c5,MATR_b1c0,MATR_b1c17,MATR_b4c41,MATR_b3c38,MATR_b2c43,MATR_b3c5,MATR_b2c0,MATR_b4c4,MATR_b2c4,MATR_b2c45,MATR_b3c13",False,False,0.95
240,MATR_b1c2,2237.0,1457.639492517581,299.321911539709,870.9793261160675,2044.2996589190943,1997.0,1217.639492517581,630.9793261160675,1804.2996589190943,779.360507482419,"MATR_b2c31,MATR_b4c40,MATR_b3c35,MATR_b1c40,MATR_b2c5,MATR_b1c0,MATR_b1c17,MATR_b4c41,MATR_b3c38,MATR_b2c43,MATR_b3c5,MATR_b2c0,MATR_b4c4,MATR_b2c4,MATR_b2c45,MATR_b3c13",False,False,0.95
240,MATR_b1c30,707.0,873.3179238402527,66.09680989656519,743.7705569499943,1002.865290730511,467.0,633.3179238402527,503.77055694999433,762.865290730511,166.31792384025266,"MATR_b2c31,MATR_b4c40,MATR_b3c35,MATR_b1c40,MATR_b2c5,MATR_b1c0,MATR_b1c17,MATR_b4c41,MATR_b3c38,MATR_b2c43,MATR_b3c5,MATR_b2c0,MATR_b4c4,MATR_b2c4,MATR_b2c45,MATR_b3c13",False,False,0.95
240,MATR_b1c34,742.0,773.9512829391189,59.43286831978702,657.4650015344248,890.4375643438129,502.0,533.9512829391189,417.4650015344248,650.4375643438129,31.95128293911887,"MATR_b2c31,MATR_b4c40,MATR_b3c35,MATR_b1c40,MATR_b2c5,MATR_b1c0,MATR_b1c17,MATR_b4c41,MATR_b3c38,MATR_b2c43,MATR_b3c5,MATR_b2c0,MATR_b4c4,MATR_b2c4,MATR_b2c45,MATR_b3c13",False,False,0.95
240,MATR_b1c35,701.0,621.9386967063233,45.8552679042298,532.0640231125974,711.8133703000492,461.0,381.9386967063233,292.0640231125974,471.8133703000492,79.0613032936767,"MATR_b2c31,MATR_b4c40,MATR_b3c35,MATR_b1c40,MATR_b2c5,MATR_b1c0,MATR_b1c17,MATR_b4c41,MATR_b3c38,MATR_b2c43,MATR_b3c5,MATR_b2c0,MATR_b4c4,MATR_b2c4,MATR_b2c45,MATR_b3c13",False,False,0.95
240,MATR_b1c42,700.0,740.2807431679543,55.98156470110627,630.5588925555871,850.0025937803214,460.0,500.28074316795426,390.55889255558714,610.0025937803214,40.280743167954256,"MATR_b2c31,MATR_b4c40,MATR_b3c35,MATR_b1c40,MATR_b2c5,MATR_b1c0,MATR_b1c17,MATR_b4c41,MATR_b3c38,MATR_b2c43,MATR_b3c5,MATR_b2c0,MATR_b4c4,MATR_b2c4,MATR_b2c45,MATR_b3c13",False,False,0.95
240,MATR_b1c5,1071.0,957.6254110577606,74.5575000365456,811.4953962087875,1103.7554259067338,831.0,717.6254110577606,571.4953962087875,863.7554259067338,113.37458894223937,"MATR_b2c31,MATR_b4c40,MATR_b3c35,MATR_b1c40,MATR_b2c5,MATR_b1c0,MATR_b1c17,MATR_b4c41,MATR_b3c38,MATR_b2c43,MATR_b3c5,MATR_b2c0,MATR_b4c4,MATR_b2c4,MATR_b2c45,MATR_b3c13",False,False,0.95
240,MATR_b1c6,633.0,893.4996065201847,69.09787249674527,758.0702650182233,1028.9289480221462,393.0,653.4996065201847,518.0702650182233,788.9289480221462,260.49960652018467,"MATR_b2c31,MATR_b4c40,MATR_b3c35,MATR_b1c40,MATR_b2c5,MATR_b1c0,MATR_b1c17,MATR_b4c41,MATR_b3c38,MATR_b2c43,MATR_b3c5,MATR_b2c0,MATR_b4c4,MATR_b2c4,MATR_b2c45,MATR_b3c13",False,False,0.95
240,MATR_b2c19,460.0,433.09388114433,44.90317879360172,345.08526791750796,521.102494371152,220.0,193.09388114433,105.08526791750796,281.10249437115203,26.90611885567,"MATR_b2c31,MATR_b4c40,MATR_b3c35,MATR_b1c40,MATR_b2c5,MATR_b1c0,MATR_b1c17,MATR_b4c41,MATR_b3c38,MATR_b2c43,MATR_b3c5,MATR_b2c0,MATR_b4c4,MATR_b2c4,MATR_b2c45,MATR_b3c13",False,False,0.95
240,MATR_b2c22,512.0,500.0053479126946,36.6620786573517,428.1489941459107,571.8617016794785,272.0,260.0053479126946,188.1489941459107,331.86170167947853,11.994652087305383,"MATR_b2c31,MATR_b4c40,MATR_b3c35,MATR_b1c40,MATR_b2c5,MATR_b1c0,MATR_b1c17,MATR_b4c41,MATR_b3c38,MATR_b2c43,MATR_b3c5,MATR_b2c0,MATR_b4c4,MATR_b2c4,MATR_b2c45,MATR_b3c13",False,False,0.95
240,MATR_b2c24,494.0,469.0758064237631,34.26104885342127,401.9253845984901,536.226228249036,254.0,229.07580642376308,161.9253845984901,296.226228249036,24.924193576236917,"MATR_b2c31,MATR_b4c40,MATR_b3c35,MATR_b1c40,MATR_b2c5,MATR_b1c0,MATR_b1c17,MATR_b4c41,MATR_b3c38,MATR_b2c43,MATR_b3c5,MATR_b2c0,MATR_b4c4,MATR_b2c4,MATR_b2c45,MATR_b3c13",False,False,0.95
240,MATR_b2c3,334.0,340.34402432150324,55.036631608254325,232.47420853892604,448.2138401040804,94.0,100.34402432150324,-7.525791461073965,208.21384010408042,6.344024321503241,"MATR_b2c31,MATR_b4c40,MATR_b3c35,MATR_b1c40,MATR_b2c5,MATR_b1c0,MATR_b1c17,MATR_b4c41,MATR_b3c38,MATR_b2c43,MATR_b3c5,MATR_b2c0,MATR_b4c4,MATR_b2c4,MATR_b2c45,MATR_b3c13",False,False,0.95
240,MATR_b2c33,519.0,555.0028213776546,41.52128525398157,473.62259768803676,636.3830450672725,279.0,315.00282137765464,233.62259768803676,396.3830450672725,36.00282137765464,"MATR_b2c31,MATR_b4c40,MATR_b3c35,MATR_b1c40,MATR_b2c5,MATR_b1c0,MATR_b1c17,MATR_b4c41,MATR_b3c38,MATR_b2c43,MATR_b3c5,MATR_b2c0,MATR_b4c4,MATR_b2c4,MATR_b2c45,MATR_b3c13",False,False,0.95
240,MATR_b2c41,428.0,466.9322756394941,34.90790628275238,398.51403654959995,535.3505147293882,188.0,226.9322756394941,158.51403654959995,295.35051472938824,38.932275639494094,"MATR_b2c31,MATR_b4c40,MATR_b3c35,MATR_b1c40,MATR_b2c5,MATR_b1c0,MATR_b1c17,MATR_b4c41,MATR_b3c38,MATR_b2c43,MATR_b3c5,MATR_b2c0,MATR_b4c4,MATR_b2c4,MATR_b2c45,MATR_b3c13",False,False,0.95
240,MATR_b3c1,1061.0,1150.8102643619666,168.7566080702113,820.053390391211,1481.5671383327222,821.0,910.8102643619666,580.053390391211,1241.5671383327222,89.81026436196657,"MATR_b2c31,MATR_b4c40,MATR_b3c35,MATR_b1c40,MATR_b2c5,MATR_b1c0,MATR_b1c17,MATR_b4c41,MATR_b3c38,MATR_b2c43,MATR_b3c5,MATR_b2c0,MATR_b4c4,MATR_b2c4,MATR_b2c45,MATR_b3c13",False,False,0.95
240,MATR_b3c14,856.0,967.9828458173624,76.4606431993463,818.1227389118764,1117.8429527228486,616.0,727.9828458173624,578.1227389118764,877.8429527228486,111.98284581736243,"MATR_b2c31,MATR_b4c40,MATR_b3c35,MATR_b1c40,MATR_b2c5,MATR_b1c0,MATR_b1c17,MATR_b4c41,MATR_b3c38,MATR_b2c43,MATR_b3c5,MATR_b2c0,MATR_b4c4,MATR_b2c4,MATR_b2c45,MATR_b3c13",False,False,0.95
240,MATR_b3c17,1313.0,1456.8313188755615,398.4543340030096,675.8751747457694,2237.7874630053534,1073.0,1216.8313188755615,435.8751747457694,1997.7874630053534,143.83131887556146,"MATR_b2c31,MATR_b4c40,MATR_b3c35,MATR_b1c40,MATR_b2c5,MATR_b1c0,MATR_b1c17,MATR_b4c41,MATR_b3c38,MATR_b2c43,MATR_b3c5,MATR_b2c0,MATR_b4c4,MATR_b2c4,MATR_b2c45,MATR_b3c13",False,False,0.95
240,MATR_b3c24,823.0,844.0202837410586,77.21321067825191,692.6851716809814,995.3553958011358,583.0,604.0202837410586,452.6851716809814,755.3553958011358,21.02028374105862,"MATR_b2c31,MATR_b4c40,MATR_b3c35,MATR_b1c40,MATR_b2c5,MATR_b1c0,MATR_b1c17,MATR_b4c41,MATR_b3c38,MATR_b2c43,MATR_b3c5,MATR_b2c0,MATR_b4c4,MATR_b2c4,MATR_b2c45,MATR_b3c13",False,False,0.95
240,MATR_b3c31,729.0,755.2527143483584,60.27532592073775,637.1152463872988,873.3901823094179,489.0,515.2527143483584,397.11524638729884,633.3901823094179,26.25271434835838,"MATR_b2c31,MATR_b4c40,MATR_b3c35,MATR_b1c40,MATR_b2c5,MATR_b1c0,MATR_b1c17,MATR_b4c41,MATR_b3c38,MATR_b2c43,MATR_b3c5,MATR_b2c0,MATR_b4c4,MATR_b2c4,MATR_b2c45,MATR_b3c13",False,False,0.95
240,MATR_b3c33,1282.0,1045.7437388580738,136.89292632523149,777.4385335223251,1314.0489441938225,1042.0,805.7437388580738,537.4385335223251,1074.0489441938225,236.2562611419262,"MATR_b2c31,MATR_b4c40,MATR_b3c35,MATR_b1c40,MATR_b2c5,MATR_b1c0,MATR_b1c17,MATR_b4c41,MATR_b3c38,MATR_b2c43,MATR_b3c5,MATR_b2c0,MATR_b4c4,MATR_b2c4,MATR_b2c45,MATR_b3c13",False,False,0.95
240,MATR_b3c36,921.0,886.6173522959064,91.64200552908615,707.002321987877,1066.2323826039355,681.0,646.6173522959064,467.00232198787705,826.2323826039355,34.38264770409364,"MATR_b2c31,MATR_b4c40,MATR_b3c35,MATR_b1c40,MATR_b2c5,MATR_b1c0,MATR_b1c17,MATR_b4c41,MATR_b3c38,MATR_b2c43,MATR_b3c5,MATR_b2c0,MATR_b4c4,MATR_b2c4,MATR_b2c45,MATR_b3c13",False,False,0.95
240,MATR_b3c6,665.0,572.6671854361857,47.88143717408366,478.82129304696446,666.513077825407,425.0,332.6671854361857,238.82129304696446,426.513077825407,92.33281456381428,"MATR_b2c31,MATR_b4c40,MATR_b3c35,MATR_b1c40,MATR_b2c5,MATR_b1c0,MATR_b1c17,MATR_b4c41,MATR_b3c38,MATR_b2c43,MATR_b3c5,MATR_b2c0,MATR_b4c4,MATR_b2c4,MATR_b2c45,MATR_b3c13",False,False,0.95
240,MATR_b4c1,760.0,757.5704919306907,66.33406881861131,627.558106098211,887.5828777631702,520.0,517.5704919306907,387.55810609821106,647.5828777631702,2.4295080693093496,"MATR_b2c31,MATR_b4c40,MATR_b3c35,MATR_b1c40,MATR_b2c5,MATR_b1c0,MATR_b1c17,MATR_b4c41,MATR_b3c38,MATR_b2c43,MATR_b3c5,MATR_b2c0,MATR_b4c4,MATR_b2c4,MATR_b2c45,MATR_b3c13",False,False,0.95
240,MATR_b4c11,863.0,908.933654847768,91.26375753097355,730.0599769932637,1087.8073327022723,623.0,668.933654847768,490.0599769932637,847.8073327022723,45.933654847768025,"MATR_b2c31,MATR_b4c40,MATR_b3c35,MATR_b1c40,MATR_b2c5,MATR_b1c0,MATR_b1c17,MATR_b4c41,MATR_b3c38,MATR_b2c43,MATR_b3c5,MATR_b2c0,MATR_b4c4,MATR_b2c4,MATR_b2c45,MATR_b3c13",False,False,0.95
240,MATR_b4c15,675.0,765.6941979128981,65.11673656915053,638.0677394465807,893.3206563792154,435.0,525.6941979128981,398.06773944658073,653.3206563792154,90.69419791289806,"MATR_b2c31,MATR_b4c40,MATR_b3c35,MATR_b1c40,MATR_b2c5,MATR_b1c0,MATR_b1c17,MATR_b4c41,MATR_b3c38,MATR_b2c43,MATR_b3c5,MATR_b2c0,MATR_b4c4,MATR_b2c4,MATR_b2c45,MATR_b3c13",False,False,0.95
240,MATR_b4c21,773.0,850.3094400607388,81.15638348458725,691.2458513154265,1009.373028806051,533.0,610.3094400607388,451.24585131542653,769.373028806051,77.30944006073878,"MATR_b2c31,MATR_b4c40,MATR_b3c35,MATR_b1c40,MATR_b2c5,MATR_b1c0,MATR_b1c17,MATR_b4c41,MATR_b3c38,MATR_b2c43,MATR_b3c5,MATR_b2c0,MATR_b4c4,MATR_b2c4,MATR_b2c45,MATR_b3c13",False,False,0.95
240,MATR_b4c3,777.0,904.3397549049216,95.29396463897918,717.567016268489,1091.1124935413543,537.0,664.3397549049216,477.56701626848906,851.1124935413543,127.33975490492162,"MATR_b2c31,MATR_b4c40,MATR_b3c35,MATR_b1c40,MATR_b2c5,MATR_b1c0,MATR_b1c17,MATR_b4c41,MATR_b3c38,MATR_b2c43,MATR_b3c5,MATR_b2c0,MATR_b4c4,MATR_b2c4,MATR_b2c45,MATR_b3c13",False,False,0.95
240,MATR_b4c32,754.0,779.0120953988156,72.63281824824911,636.6543875366037,921.3698032610275,514.0,539.0120953988156,396.65438753660374,681.3698032610275,25.01209539881563,"MATR_b2c31,MATR_b4c40,MATR_b3c35,MATR_b1c40,MATR_b2c5,MATR_b1c0,MATR_b1c17,MATR_b4c41,MATR_b3c38,MATR_b2c43,MATR_b3c5,MATR_b2c0,MATR_b4c4,MATR_b2c4,MATR_b2c45,MATR_b3c13",False,False,0.95
240,MATR_b4c34,891.0,1028.8990846385293,145.54343677632005,743.6391903707597,1314.158978906299,651.0,788.8990846385293,503.6391903707597,1074.158978906299,137.8990846385293,"MATR_b2c31,MATR_b4c40,MATR_b3c35,MATR_b1c40,MATR_b2c5,MATR_b1c0,MATR_b1c17,MATR_b4c41,MATR_b3c38,MATR_b2c43,MATR_b3c5,MATR_b2c0,MATR_b4c4,MATR_b2c4,MATR_b2c45,MATR_b3c13",False,False,0.95
240,MATR_b4c42,774.0,847.0561384197755,80.70099540267628,688.8850939139975,1005.2271829255535,534.0,607.0561384197755,448.8850939139975,765.2271829255535,73.0561384197755,"MATR_b2c31,MATR_b4c40,MATR_b3c35,MATR_b1c40,MATR_b2c5,MATR_b1c0,MATR_b1c17,MATR_b4c41,MATR_b3c38,MATR_b2c43,MATR_b3c5,MATR_b2c0,MATR_b4c4,MATR_b2c4,MATR_b2c45,MATR_b3c13",False,False,0.95
240,MATR_b4c6,706.0,774.2998435788046,69.40404749268006,638.2704101118443,910.3292770457649,466.0,534.2998435788046,398.2704101118443,670.3292770457649,68.2998435788046,"MATR_b2c31,MATR_b4c40,MATR_b3c35,MATR_b1c40,MATR_b2c5,MATR_b1c0,MATR_b1c17,MATR_b4c41,MATR_b3c38,MATR_b2c43,MATR_b3c5,MATR_b2c0,MATR_b4c4,MATR_b2c4,MATR_b2c45,MATR_b3c13",False,False,0.95
240,MATR_b4c7,529.0,576.9224989390083,44.46810138147348,489.76662177044443,664.0783761075721,289.0,336.9224989390083,249.76662177044443,424.0783761075721,47.92249893900828,"MATR_b2c31,MATR_b4c40,MATR_b3c35,MATR_b1c40,MATR_b2c5,MATR_b1c0,MATR_b1c17,MATR_b4c41,MATR_b3c38,MATR_b2c43,MATR_b3c5,MATR_b2c0,MATR_b4c4,MATR_b2c4,MATR_b2c45,MATR_b3c13",False,False,0.95
260,MATR_b1c14,877.0,883.064438870578,67.06232183343606,751.6247033574092,1014.5041743837468,617.0,623.064438870578,491.6247033574092,754.5041743837468,6.0644388705779875,"MATR_b4c2,MATR_b2c35,MATR_b2c23,MATR_b3c35,MATR_b3c16,MATR_b2c25,MATR_b4c24,MATR_b1c24,MATR_b1c29,MATR_b2c42,MATR_b2c10,MATR_b3c13,MATR_b1c39,MATR_b2c44,MATR_b1c0,MATR_b4c27",False,False,0.95
260,MATR_b1c18,687.0,624.2175566788319,49.786250544846574,526.6382986856449,721.7968146720189,427.0,364.2175566788319,266.63829868564494,461.79681467201885,62.7824433211681,"MATR_b4c2,MATR_b2c35,MATR_b2c23,MATR_b3c35,MATR_b3c16,MATR_b2c25,MATR_b4c24,MATR_b1c24,MATR_b1c29,MATR_b2c42,MATR_b2c10,MATR_b3c13,MATR_b1c39,MATR_b2c44,MATR_b1c0,MATR_b4c27",False,False,0.95
260,MATR_b1c19,786.0,797.8193745324687,62.050168883173626,676.2032782868205,919.435470778117,526.0,537.8193745324687,416.2032782868205,659.435470778117,11.819374532468714,"MATR_b4c2,MATR_b2c35,MATR_b2c23,MATR_b3c35,MATR_b3c16,MATR_b2c25,MATR_b4c24,MATR_b1c24,MATR_b1c29,MATR_b2c42,MATR_b2c10,MATR_b3c13,MATR_b1c39,MATR_b2c44,MATR_b1c0,MATR_b4c27",False,False,0.95
260,MATR_b1c2,2237.0,1495.552592224713,331.5146571869226,845.7958037912023,2145.3093806582237,1977.0,1235.552592224713,585.7958037912023,1885.3093806582237,741.447407775287,"MATR_b4c2,MATR_b2c35,MATR_b2c23,MATR_b3c35,MATR_b3c16,MATR_b2c25,MATR_b4c24,MATR_b1c24,MATR_b1c29,MATR_b2c42,MATR_b2c10,MATR_b3c13,MATR_b1c39,MATR_b2c44,MATR_b1c0,MATR_b4c27",False,False,0.95
260,MATR_b1c30,707.0,865.9722551262225,65.74168604530969,737.1209181944761,994.823592057969,447.0,605.9722551262225,477.1209181944761,734.823592057969,158.97225512622254,"MATR_b4c2,MATR_b2c35,MATR_b2c23,MATR_b3c35,MATR_b3c16,MATR_b2c25,MATR_b4c24,MATR_b1c24,MATR_b1c29,MATR_b2c42,MATR_b2c10,MATR_b3c13,MATR_b1c39,MATR_b2c44,MATR_b1c0,MATR_b4c27",False,False,0.95
260,MATR_b1c34,742.0,776.2958126658149,59.63199004256078,659.4192598559447,893.1723654756851,482.0,516.2958126658149,399.4192598559447,633.1723654756851,34.29581266581488,"MATR_b4c2,MATR_b2c35,MATR_b2c23,MATR_b3c35,MATR_b3c16,MATR_b2c25,MATR_b4c24,MATR_b1c24,MATR_b1c29,MATR_b2c42,MATR_b2c10,MATR_b3c13,MATR_b1c39,MATR_b2c44,MATR_b1c0,MATR_b4c27",False,False,0.95
260,MATR_b1c35,701.0,621.9027801779191,45.67390213877825,532.3835769525068,711.4219834033314,441.0,361.9027801779191,272.3835769525068,451.4219834033314,79.09721982208089,"MATR_b4c2,MATR_b2c35,MATR_b2c23,MATR_b3c35,MATR_b3c16,MATR_b2c25,MATR_b4c24,MATR_b1c24,MATR_b1c29,MATR_b2c42,MATR_b2c10,MATR_b3c13,MATR_b1c39,MATR_b2c44,MATR_b1c0,MATR_b4c27",False,False,0.95
260,MATR_b1c42,700.0,743.3964690733486,56.22557502716866,633.1963670100433,853.5965711366539,440.0,483.3964690733486,373.19636701004333,593.5965711366539,43.39646907334861,"MATR_b4c2,MATR_b2c35,MATR_b2c23,MATR_b3c35,MATR_b3c16,MATR_b2c25,MATR_b4c24,MATR_b1c24,MATR_b1c29,MATR_b2c42,MATR_b2c10,MATR_b3c13,MATR_b1c39,MATR_b2c44,MATR_b1c0,MATR_b4c27",False,False,0.95
260,MATR_b1c5,1071.0,968.8873175342285,76.09311746586998,819.7475478297476,1118.0270872387093,811.0,708.8873175342285,559.7475478297476,858.0270872387093,102.11268246577151,"MATR_b4c2,MATR_b2c35,MATR_b2c23,MATR_b3c35,MATR_b3c16,MATR_b2c25,MATR_b4c24,MATR_b1c24,MATR_b1c29,MATR_b2c42,MATR_b2c10,MATR_b3c13,MATR_b1c39,MATR_b2c44,MATR_b1c0,MATR_b4c27",False,False,0.95
260,MATR_b1c6,633.0,899.2511346588568,70.14488117254974,761.7696938608176,1036.732575456896,373.0,639.2511346588568,501.7696938608176,776.732575456896,266.2511346588568,"MATR_b4c2,MATR_b2c35,MATR_b2c23,MATR_b3c35,MATR_b3c16,MATR_b2c25,MATR_b4c24,MATR_b1c24,MATR_b1c29,MATR_b2c42,MATR_b2c10,MATR_b3c13,MATR_b1c39,MATR_b2c44,MATR_b1c0,MATR_b4c27",False,False,0.95
260,MATR_b2c19,460.0,430.0572831054497,45.609281557479726,340.66473389204253,519.4498323188568,200.0,170.0572831054497,80.66473389204253,259.4498323188568,29.9427168945503,"MATR_b4c2,MATR_b2c35,MATR_b2c23,MATR_b3c35,MATR_b3c16,MATR_b2c25,MATR_b4c24,MATR_b1c24,MATR_b1c29,MATR_b2c42,MATR_b2c10,MATR_b3c13,MATR_b1c39,MATR_b2c44,MATR_b1c0,MATR_b4c27",False,False,0.95
260,MATR_b2c22,512.0,501.5398503017738,36.88280252057192,429.25088571254975,573.8288148909979,252.0,241.5398503017738,169.25088571254975,313.82881489099793,10.46014969822619,"MATR_b4c2,MATR_b2c35,MATR_b2c23,MATR_b3c35,MATR_b3c16,MATR_b2c25,MATR_b4c24,MATR_b1c24,MATR_b1c29,MATR_b2c42,MATR_b2c10,MATR_b3c13,MATR_b1c39,MATR_b2c44,MATR_b1c0,MATR_b4c27",False,False,0.95
260,MATR_b2c24,494.0,468.0155678189734,34.25636521391034,400.87432575845844,535.1568098794884,234.0,208.0155678189734,140.87432575845844,275.1568098794884,25.98443218102659,"MATR_b4c2,MATR_b2c35,MATR_b2c23,MATR_b3c35,MATR_b3c16,MATR_b2c25,MATR_b4c24,MATR_b1c24,MATR_b1c29,MATR_b2c42,MATR_b2c10,MATR_b3c13,MATR_b1c39,MATR_b2c44,MATR_b1c0,MATR_b4c27",False,False,0.95
260,MATR_b2c3,334.0,334.5449869997257,57.24765761344131,222.34163987810055,446.7483341213509,74.0,74.54498699972572,-37.65836012189945,186.74833412135092,0.5449869997257224,"MATR_b4c2,MATR_b2c35,MATR_b2c23,MATR_b3c35,MATR_b3c16,MATR_b2c25,MATR_b4c24,MATR_b1c24,MATR_b1c29,MATR_b2c42,MATR_b2c10,MATR_b3c13,MATR_b1c39,MATR_b2c44,MATR_b1c0,MATR_b4c27",False,False,0.95
260,MATR_b2c33,519.0,559.2572315567342,41.981749827135424,476.9745138875781,641.5399492258903,259.0,299.25723155673415,216.9745138875781,381.53994922589027,40.257231556734155,"MATR_b4c2,MATR_b2c35,MATR_b2c23,MATR_b3c35,MATR_b3c16,MATR_b2c25,MATR_b4c24,MATR_b1c24,MATR_b1c29,MATR_b2c42,MATR_b2c10,MATR_b3c13,MATR_b1c39,MATR_b2c44,MATR_b1c0,MATR_b4c27",False,False,0.95
260,MATR_b2c41,428.0,465.655992106184,34.920583396426125,397.2129063300614,534.0990778823066,168.0,205.655992106184,137.2129063300614,274.0990778823066,37.65599210618399,"MATR_b4c2,MATR_b2c35,MATR_b2c23,MATR_b3c35,MATR_b3c16,MATR_b2c25,MATR_b4c24,MATR_b1c24,MATR_b1c29,MATR_b2c42,MATR_b2c10,MATR_b3c13,MATR_b1c39,MATR_b2c44,MATR_b1c0,MATR_b4c27",False,False,0.95
260,MATR_b3c1,1061.0,1190.6238066702927,185.74114573519952,826.5778505820963,1554.669762758489,801.0,930.6238066702927,566.5778505820963,1294.669762758489,129.62380667029265,"MATR_b4c2,MATR_b2c35,MATR_b2c23,MATR_b3c35,MATR_b3c16,MATR_b2c25,MATR_b4c24,MATR_b1c24,MATR_b1c29,MATR_b2c42,MATR_b2c10,MATR_b3c13,MATR_b1c39,MATR_b2c44,MATR_b1c0,MATR_b4c27",False,False,0.95
260,MATR_b3c14,856.0,978.3176786641462,78.14179455231884,825.1625756542732,1131.4727816740194,596.0,718.3176786641462,565.1625756542732,871.4727816740194,122.31767866414623,"MATR_b4c2,MATR_b2c35,MATR_b2c23,MATR_b3c35,MATR_b3c16,MATR_b2c25,MATR_b4c24,MATR_b1c24,MATR_b1c29,MATR_b2c42,MATR_b2c10,MATR_b3c13,MATR_b1c39,MATR_b2c44,MATR_b1c0,MATR_b4c27",False,False,0.95
260,MATR_b3c17,1313.0,1482.339073620862,416.2734487102536,666.4581064284838,2298.2200408132403,1053.0,1222.339073620862,406.4581064284838,2038.2200408132403,169.3390736208621,"MATR_b4c2,MATR_b2c35,MATR_b2c23,MATR_b3c35,MATR_b3c16,MATR_b2c25,MATR_b4c24,MATR_b1c24,MATR_b1c29,MATR_b2c42,MATR_b2c10,MATR_b3c13,MATR_b1c39,MATR_b2c44,MATR_b1c0,MATR_b4c27",False,False,0.95
260,MATR_b3c24,823.0,852.9181355245116,76.86995236074486,702.255797404142,1003.5804736448813,563.0,592.9181355245116,442.25579740414196,743.5804736448813,29.918135524511626,"MATR_b4c2,MATR_b2c35,MATR_b2c23,MATR_b3c35,MATR_b3c16,MATR_b2c25,MATR_b4c24,MATR_b1c24,MATR_b1c29,MATR_b2c42,MATR_b2c10,MATR_b3c13,MATR_b1c39,MATR_b2c44,MATR_b1c0,MATR_b4c27",False,False,0.95
260,MATR_b3c31,729.0,757.5873239807211,59.83601417856447,640.3108912123067,874.8637567491354,469.0,497.58732398072107,380.31089121230673,614.8637567491354,28.587323980721067,"MATR_b4c2,MATR_b2c35,MATR_b2c23,MATR_b3c35,MATR_b3c16,MATR_b2c25,MATR_b4c24,MATR_b1c24,MATR_b1c29,MATR_b2c42,MATR_b2c10,MATR_b3c13,MATR_b1c39,MATR_b2c44,MATR_b1c0,MATR_b4c27",False,False,0.95
260,MATR_b3c33,1282.0,1076.6875641536908,146.90289196133713,788.7631866846914,1364.6119416226902,1022.0,816.6875641536908,528.7631866846914,1104.6119416226902,205.3124358463092,"MATR_b4c2,MATR_b2c35,MATR_b2c23,MATR_b3c35,MATR_b3c16,MATR_b2c25,MATR_b4c24,MATR_b1c24,MATR_b1c29,MATR_b2c42,MATR_b2c10,MATR_b3c13,MATR_b1c39,MATR_b2c44,MATR_b1c0,MATR_b4c27",False,False,0.95
260,MATR_b3c36,921.0,897.0924073345373,91.8428727368007,717.0836845337124,1077.1011301353622,661.0,637.0924073345373,457.08368453371236,817.1011301353622,23.907592665462744,"MATR_b4c2,MATR_b2c35,MATR_b2c23,MATR_b3c35,MATR_b3c16,MATR_b2c25,MATR_b4c24,MATR_b1c24,MATR_b1c29,MATR_b2c42,MATR_b2c10,MATR_b3c13,MATR_b1c39,MATR_b2c44,MATR_b1c0,MATR_b4c27",False,False,0.95
260,MATR_b3c6,665.0,571.6815274979228,47.487235161323575,478.60825685634455,664.7547981395012,405.0,311.68152749792284,218.60825685634455,404.7547981395012,93.31847250207716,"MATR_b4c2,MATR_b2c35,MATR_b2c23,MATR_b3c35,MATR_b3c16,MATR_b2c25,MATR_b4c24,MATR_b1c24,MATR_b1c29,MATR_b2c42,MATR_b2c10,MATR_b3c13,MATR_b1c39,MATR_b2c44,MATR_b1c0,MATR_b4c27",False,False,0.95
260,MATR_b4c1,760.0,757.0562184322866,64.94725045188092,629.7619466516974,884.3504902128759,500.0,497.05621843228664,369.7619466516974,624.3504902128759,2.9437815677133585,"MATR_b4c2,MATR_b2c35,MATR_b2c23,MATR_b3c35,MATR_b3c16,MATR_b2c25,MATR_b4c24,MATR_b1c24,MATR_b1c29,MATR_b2c42,MATR_b2c10,MATR_b3c13,MATR_b1c39,MATR_b2c44,MATR_b1c0,MATR_b4c27",False,False,0.95
260,MATR_b4c11,863.0,905.7434259052312,87.40394927360279,734.434833222404,1077.0520185880584,603.0,645.7434259052312,474.434833222404,817.0520185880584,42.74342590523122,"MATR_b4c2,MATR_b2c35,MATR_b2c23,MATR_b3c35,MATR_b3c16,MATR_b2c25,MATR_b4c24,MATR_b1c24,MATR_b1c29,MATR_b2c42,MATR_b2c10,MATR_b3c13,MATR_b1c39,MATR_b2c44,MATR_b1c0,MATR_b4c27",False,False,0.95
260,MATR_b4c15,675.0,770.963660220122,64.43144318503833,644.6803521055083,897.2469683347358,415.0,510.96366022012205,384.6803521055083,637.2469683347358,95.96366022012205,"MATR_b4c2,MATR_b2c35,MATR_b2c23,MATR_b3c35,MATR_b3c16,MATR_b2c25,MATR_b4c24,MATR_b1c24,MATR_b1c29,MATR_b2c42,MATR_b2c10,MATR_b3c13,MATR_b1c39,MATR_b2c44,MATR_b1c0,MATR_b4c27",False,False,0.95
260,MATR_b4c21,773.0,857.2924242919776,80.8104857680188,698.9067826134742,1015.6780659704809,513.0,597.2924242919776,438.9067826134742,755.6780659704809,84.29242429197757,"MATR_b4c2,MATR_b2c35,MATR_b2c23,MATR_b3c35,MATR_b3c16,MATR_b2c25,MATR_b4c24,MATR_b1c24,MATR_b1c29,MATR_b2c42,MATR_b2c10,MATR_b3c13,MATR_b1c39,MATR_b2c44,MATR_b1c0,MATR_b4c27",False,False,0.95
260,MATR_b4c3,777.0,911.2512542353776,92.12896289388848,730.6818050303292,1091.820703440426,517.0,651.2512542353776,470.6818050303292,831.8207034404261,134.2512542353776,"MATR_b4c2,MATR_b2c35,MATR_b2c23,MATR_b3c35,MATR_b3c16,MATR_b2c25,MATR_b4c24,MATR_b1c24,MATR_b1c29,MATR_b2c42,MATR_b2c10,MATR_b3c13,MATR_b1c39,MATR_b2c44,MATR_b1c0,MATR_b4c27",False,False,0.95
260,MATR_b4c32,754.0,783.069136397279,71.82528916535883,642.2941564540007,923.8441163405572,494.0,523.069136397279,382.2941564540007,663.8441163405572,29.069136397278953,"MATR_b4c2,MATR_b2c35,MATR_b2c23,MATR_b3c35,MATR_b3c16,MATR_b2c25,MATR_b4c24,MATR_b1c24,MATR_b1c29,MATR_b2c42,MATR_b2c10,MATR_b3c13,MATR_b1c39,MATR_b2c44,MATR_b1c0,MATR_b4c27",False,False,0.95
260,MATR_b4c34,891.0,1048.729092093787,149.27092692459436,756.1634513826718,1341.294732804902,631.0,788.7290920937869,496.16345138267184,1081.294732804902,157.7290920937869,"MATR_b4c2,MATR_b2c35,MATR_b2c23,MATR_b3c35,MATR_b3c16,MATR_b2c25,MATR_b4c24,MATR_b1c24,MATR_b1c29,MATR_b2c42,MATR_b2c10,MATR_b3c13,MATR_b1c39,MATR_b2c44,MATR_b1c0,MATR_b4c27",False,False,0.95
260,MATR_b4c42,774.0,857.5755598276562,80.97443902736289,698.8685756656904,1016.282543989622,514.0,597.5755598276562,438.8685756656904,756.282543989622,83.5755598276562,"MATR_b4c2,MATR_b2c35,MATR_b2c23,MATR_b3c35,MATR_b3c16,MATR_b2c25,MATR_b4c24,MATR_b1c24,MATR_b1c29,MATR_b2c42,MATR_b2c10,MATR_b3c13,MATR_b1c39,MATR_b2c44,MATR_b1c0,MATR_b4c27",False,False,0.95
260,MATR_b4c6,706.0,773.2259839576019,68.24757197558888,639.4632008531426,906.9887670620612,446.0,513.2259839576019,379.46320085314255,646.9887670620612,67.2259839576019,"MATR_b4c2,MATR_b2c35,MATR_b2c23,MATR_b3c35,MATR_b3c16,MATR_b2c25,MATR_b4c24,MATR_b1c24,MATR_b1c29,MATR_b2c42,MATR_b2c10,MATR_b3c13,MATR_b1c39,MATR_b2c44,MATR_b1c0,MATR_b4c27",False,False,0.95
260,MATR_b4c7,529.0,578.8586416472933,44.175372735837286,492.2765020814196,665.440781213167,269.0,318.8586416472933,232.2765020814196,405.44078121316704,49.858641647293325,"MATR_b4c2,MATR_b2c35,MATR_b2c23,MATR_b3c35,MATR_b3c16,MATR_b2c25,MATR_b4c24,MATR_b1c24,MATR_b1c29,MATR_b2c42,MATR_b2c10,MATR_b3c13,MATR_b1c39,MATR_b2c44,MATR_b1c0,MATR_b4c27",False,False,0.95
280,MATR_b1c14,877.0,876.9244156550843,67.40006611226222,744.8227135194318,1009.0261177907369,597.0,596.9244156550843,464.8227135194318,729.0261177907369,0.07558434491568278,"MATR_b2c38,MATR_b4c35,MATR_b1c23,MATR_b4c37,MATR_b2c4,MATR_b2c6,MATR_b2c5,MATR_b4c5,MATR_b1c7,MATR_b3c16,MATR_b1c41,MATR_b1c26,MATR_b2c0,MATR_b3c8,MATR_b2c29,MATR_b4c13",False,False,0.95
280,MATR_b1c18,687.0,616.8218099548023,48.640958363885474,521.4872833880745,712.1563365215302,407.0,336.82180995480235,241.4872833880745,432.1563365215302,70.17819004519765,"MATR_b2c38,MATR_b4c35,MATR_b1c23,MATR_b4c37,MATR_b2c4,MATR_b2c6,MATR_b2c5,MATR_b4c5,MATR_b1c7,MATR_b3c16,MATR_b1c41,MATR_b1c26,MATR_b2c0,MATR_b3c8,MATR_b2c29,MATR_b4c13",False,False,0.95
280,MATR_b1c19,786.0,778.5120810068382,60.128164132427834,660.6630448507666,896.3611171629099,506.0,498.51208100683823,380.6630448507666,616.3611171629099,7.48791899316177,"MATR_b2c38,MATR_b4c35,MATR_b1c23,MATR_b4c37,MATR_b2c4,MATR_b2c6,MATR_b2c5,MATR_b4c5,MATR_b1c7,MATR_b3c16,MATR_b1c41,MATR_b1c26,MATR_b2c0,MATR_b3c8,MATR_b2c29,MATR_b4c13",False,False,0.95
280,MATR_b1c2,2237.0,1534.9628757587936,369.3070126204146,811.134431784702,2258.7913197328853,1957.0,1254.9628757587936,531.134431784702,1978.7913197328853,702.0371242412064,"MATR_b2c38,MATR_b4c35,MATR_b1c23,MATR_b4c37,MATR_b2c4,MATR_b2c6,MATR_b2c5,MATR_b4c5,MATR_b1c7,MATR_b3c16,MATR_b1c41,MATR_b1c26,MATR_b2c0,MATR_b3c8,MATR_b2c29,MATR_b4c13",False,False,0.95
280,MATR_b1c30,707.0,825.4447530193792,62.556448907414854,702.8363661601261,948.0531398786322,427.0,545.4447530193792,422.8363661601261,668.0531398786322,118.44475301937916,"MATR_b2c38,MATR_b4c35,MATR_b1c23,MATR_b4c37,MATR_b2c4,MATR_b2c6,MATR_b2c5,MATR_b4c5,MATR_b1c7,MATR_b3c16,MATR_b1c41,MATR_b1c26,MATR_b2c0,MATR_b3c8,MATR_b2c29,MATR_b4c13",False,False,0.95
280,MATR_b1c34,742.0,774.5313344023671,59.186397377487346,658.528127167816,890.5345416369181,462.0,494.53133440236707,378.528127167816,610.5345416369181,32.531334402367065,"MATR_b2c38,MATR_b4c35,MATR_b1c23,MATR_b4c37,MATR_b2c4,MATR_b2c6,MATR_b2c5,MATR_b4c5,MATR_b1c7,MATR_b3c16,MATR_b1c41,MATR_b1c26,MATR_b2c0,MATR_b3c8,MATR_b2c29,MATR_b4c13",False,False,0.95
280,MATR_b1c35,701.0,603.7257704856456,43.723710864365955,518.0288719210457,689.4226690502455,421.0,323.7257704856456,238.02887192104572,409.42266905024553,97.27422951435437,"MATR_b2c38,MATR_b4c35,MATR_b1c23,MATR_b4c37,MATR_b2c4,MATR_b2c6,MATR_b2c5,MATR_b4c5,MATR_b1c7,MATR_b3c16,MATR_b1c41,MATR_b1c26,MATR_b2c0,MATR_b3c8,MATR_b2c29,MATR_b4c13",False,False,0.95
280,MATR_b1c42,700.0,728.0579684032316,54.545896280089565,621.1499761897987,834.9659606166645,420.0,448.0579684032316,341.14997618979874,554.9659606166645,28.057968403231598,"MATR_b2c38,MATR_b4c35,MATR_b1c23,MATR_b4c37,MATR_b2c4,MATR_b2c6,MATR_b2c5,MATR_b4c5,MATR_b1c7,MATR_b3c16,MATR_b1c41,MATR_b1c26,MATR_b2c0,MATR_b3c8,MATR_b2c29,MATR_b4c13",False,False,0.95
280,MATR_b1c5,1071.0,949.1576919299054,74.16741002874036,803.7922394469595,1094.5231444128513,791.0,669.1576919299054,523.7922394469595,814.5231444128513,121.84230807009465,"MATR_b2c38,MATR_b4c35,MATR_b1c23,MATR_b4c37,MATR_b2c4,MATR_b2c6,MATR_b2c5,MATR_b4c5,MATR_b1c7,MATR_b3c16,MATR_b1c41,MATR_b1c26,MATR_b2c0,MATR_b3c8,MATR_b2c29,MATR_b4c13",False,False,0.95
280,MATR_b1c6,633.0,886.4056169744096,70.32316999150189,748.574736512378,1024.2364974364411,353.0,606.4056169744096,468.57473651237797,744.2364974364411,253.40561697440955,"MATR_b2c38,MATR_b4c35,MATR_b1c23,MATR_b4c37,MATR_b2c4,MATR_b2c6,MATR_b2c5,MATR_b4c5,MATR_b1c7,MATR_b3c16,MATR_b1c41,MATR_b1c26,MATR_b2c0,MATR_b3c8,MATR_b2c29,MATR_b4c13",False,False,0.95
280,MATR_b2c19,460.0,427.4399401987626,46.61450210055078,336.0771949244164,518.8026854731088,180.0,147.4399401987626,56.0771949244164,238.8026854731088,32.5600598012374,"MATR_b2c38,MATR_b4c35,MATR_b1c23,MATR_b4c37,MATR_b2c4,MATR_b2c6,MATR_b2c5,MATR_b4c5,MATR_b1c7,MATR_b3c16,MATR_b1c41,MATR_b1c26,MATR_b2c0,MATR_b3c8,MATR_b2c29,MATR_b4c13",False,False,0.95
280,MATR_b2c22,512.0,500.35438844311875,36.38445245554283,429.0421720330449,571.6666048531927,232.0,220.35438844311875,149.0421720330449,291.66660485319267,11.64561155688125,"MATR_b2c38,MATR_b4c35,MATR_b1c23,MATR_b4c37,MATR_b2c4,MATR_b2c6,MATR_b2c5,MATR_b4c5,MATR_b1c7,MATR_b3c16,MATR_b1c41,MATR_b1c26,MATR_b2c0,MATR_b3c8,MATR_b2c29,MATR_b4c13",False,False,0.95
280,MATR_b2c24,494.0,466.0977926934615,33.92178727299563,399.6123113471609,532.583274039762,214.0,186.09779269346149,119.61231134716093,252.58327403976205,27.902207306538514,"MATR_b2c38,MATR_b4c35,MATR_b1c23,MATR_b4c37,MATR_b2c4,MATR_b2c6,MATR_b2c5,MATR_b4c5,MATR_b1c7,MATR_b3c16,MATR_b1c41,MATR_b1c26,MATR_b2c0,MATR_b3c8,MATR_b2c29,MATR_b4c13",False,False,0.95
280,MATR_b2c3,334.0,327.9585148435272,59.68174342059004,210.98444720461043,444.932582482444,54.0,47.95851484352721,-69.01555279538957,164.932582482444,6.041485156472788,"MATR_b2c38,MATR_b4c35,MATR_b1c23,MATR_b4c37,MATR_b2c4,MATR_b2c6,MATR_b2c5,MATR_b4c5,MATR_b1c7,MATR_b3c16,MATR_b1c41,MATR_b1c26,MATR_b2c0,MATR_b3c8,MATR_b2c29,MATR_b4c13",False,False,0.95
280,MATR_b2c33,519.0,553.647816943996,41.143380707083736,473.0082725558917,634.2873613321002,239.0,273.64781694399596,193.00827255589172,354.2873613321002,34.64781694399596,"MATR_b2c38,MATR_b4c35,MATR_b1c23,MATR_b4c37,MATR_b2c4,MATR_b2c6,MATR_b2c5,MATR_b4c5,MATR_b1c7,MATR_b3c16,MATR_b1c41,MATR_b1c26,MATR_b2c0,MATR_b3c8,MATR_b2c29,MATR_b4c13",False,False,0.95
280,MATR_b2c41,428.0,464.03819574030763,34.515995513027775,396.3880876442271,531.6883038363882,148.0,184.03819574030763,116.38808764422708,251.68830383638817,36.03819574030763,"MATR_b2c38,MATR_b4c35,MATR_b1c23,MATR_b4c37,MATR_b2c4,MATR_b2c6,MATR_b2c5,MATR_b4c5,MATR_b1c7,MATR_b3c16,MATR_b1c41,MATR_b1c26,MATR_b2c0,MATR_b3c8,MATR_b2c29,MATR_b4c13",False,False,0.95
280,MATR_b3c1,1061.0,1161.6697965686874,173.49437172874374,821.6270764599456,1501.7125166774292,781.0,881.6697965686874,541.6270764599456,1221.7125166774292,100.66979656868739,"MATR_b2c38,MATR_b4c35,MATR_b1c23,MATR_b4c37,MATR_b2c4,MATR_b2c6,MATR_b2c5,MATR_b4c5,MATR_b1c7,MATR_b3c16,MATR_b1c41,MATR_b1c26,MATR_b2c0,MATR_b3c8,MATR_b2c29,MATR_b4c13",False,False,0.95
280,MATR_b3c14,856.0,971.4331473112659,78.77458224387249,817.0378032160875,1125.8284914064443,576.0,691.4331473112659,537.0378032160875,845.8284914064443,115.43314731126588,"MATR_b2c38,MATR_b4c35,MATR_b1c23,MATR_b4c37,MATR_b2c4,MATR_b2c6,MATR_b2c5,MATR_b4c5,MATR_b1c7,MATR_b3c16,MATR_b1c41,MATR_b1c26,MATR_b2c0,MATR_b3c8,MATR_b2c29,MATR_b4c13",False,False,0.95
280,MATR_b3c17,1313.0,1453.4100554761449,390.23845400698895,688.5567402398564,2218.2633707124332,1033.0,1173.4100554761449,408.55674023985637,1938.2633707124332,140.41005547614486,"MATR_b2c38,MATR_b4c35,MATR_b1c23,MATR_b4c37,MATR_b2c4,MATR_b2c6,MATR_b2c5,MATR_b4c5,MATR_b1c7,MATR_b3c16,MATR_b1c41,MATR_b1c26,MATR_b2c0,MATR_b3c8,MATR_b2c29,MATR_b4c13",False,False,0.95
280,MATR_b3c24,823.0,839.1809526191792,76.6027426108468,689.0423359849277,989.3195692534306,543.0,559.1809526191792,409.0423359849277,709.3195692534306,16.180952619179152,"MATR_b2c38,MATR_b4c35,MATR_b1c23,MATR_b4c37,MATR_b2c4,MATR_b2c6,MATR_b2c5,MATR_b4c5,MATR_b1c7,MATR_b3c16,MATR_b1c41,MATR_b1c26,MATR_b2c0,MATR_b3c8,MATR_b2c29,MATR_b4c13",False,False,0.95
280,MATR_b3c31,729.0,731.5818060955839,57.80103279740575,618.2938635434502,844.8697486477176,449.0,451.58180609558394,338.29386354345024,564.8697486477176,2.581806095583943,"MATR_b2c38,MATR_b4c35,MATR_b1c23,MATR_b4c37,MATR_b2c4,MATR_b2c6,MATR_b2c5,MATR_b4c5,MATR_b1c7,MATR_b3c16,MATR_b1c41,MATR_b1c26,MATR_b2c0,MATR_b3c8,MATR_b2c29,MATR_b4c13",False,False,0.95
280,MATR_b3c33,1282.0,1113.7088386763578,164.17271055589345,791.936238742488,1435.4814386102275,1002.0,833.7088386763578,511.93623874248794,1155.4814386102275,168.2911613236422,"MATR_b2c38,MATR_b4c35,MATR_b1c23,MATR_b4c37,MATR_b2c4,MATR_b2c6,MATR_b2c5,MATR_b4c5,MATR_b1c7,MATR_b3c16,MATR_b1c41,MATR_b1c26,MATR_b2c0,MATR_b3c8,MATR_b2c29,MATR_b4c13",False,False,0.95
280,MATR_b3c36,921.0,909.6769585534973,94.44450157420948,724.5691369302103,1094.7847801767844,641.0,629.6769585534973,444.56913693021033,814.7847801767844,11.323041446502657,"MATR_b2c38,MATR_b4c35,MATR_b1c23,MATR_b4c37,MATR_b2c4,MATR_b2c6,MATR_b2c5,MATR_b4c5,MATR_b1c7,MATR_b3c16,MATR_b1c41,MATR_b1c26,MATR_b2c0,MATR_b3c8,MATR_b2c29,MATR_b4c13",False,False,0.95
280,MATR_b3c6,665.0,569.5871525806656,47.577863938720995,476.33625279942544,662.8380523619057,385.0,289.5871525806656,196.33625279942544,382.83805236190574,95.41284741933441,"MATR_b2c38,MATR_b4c35,MATR_b1c23,MATR_b4c37,MATR_b2c4,MATR_b2c6,MATR_b2c5,MATR_b4c5,MATR_b1c7,MATR_b3c16,MATR_b1c41,MATR_b1c26,MATR_b2c0,MATR_b3c8,MATR_b2c29,MATR_b4c13",False,False,0.95
280,MATR_b4c1,760.0,726.4520869716208,62.13119514099112,604.6771821788483,848.2269917643933,480.0,446.4520869716208,324.6771821788483,568.2269917643933,33.547913028379185,"MATR_b2c38,MATR_b4c35,MATR_b1c23,MATR_b4c37,MATR_b2c4,MATR_b2c6,MATR_b2c5,MATR_b4c5,MATR_b1c7,MATR_b3c16,MATR_b1c41,MATR_b1c26,MATR_b2c0,MATR_b3c8,MATR_b2c29,MATR_b4c13",False,False,0.95
280,MATR_b4c11,863.0,854.6980502733793,82.28952784313024,693.413539396038,1015.9825611507206,583.0,574.6980502733793,413.413539396038,735.9825611507206,8.301949726620705,"MATR_b2c38,MATR_b4c35,MATR_b1c23,MATR_b4c37,MATR_b2c4,MATR_b2c6,MATR_b2c5,MATR_b4c5,MATR_b1c7,MATR_b3c16,MATR_b1c41,MATR_b1c26,MATR_b2c0,MATR_b3c8,MATR_b2c29,MATR_b4c13",False,False,0.95
280,MATR_b4c15,675.0,745.6801232484304,62.55113717561391,623.0821471922027,868.2780993046581,395.0,465.6801232484304,343.0821471922027,588.2780993046581,70.68012324843039,"MATR_b2c38,MATR_b4c35,MATR_b1c23,MATR_b4c37,MATR_b2c4,MATR_b2c6,MATR_b2c5,MATR_b4c5,MATR_b1c7,MATR_b3c16,MATR_b1c41,MATR_b1c26,MATR_b2c0,MATR_b3c8,MATR_b2c29,MATR_b4c13",False,False,0.95
280,MATR_b4c21,773.0,850.621641919771,81.28554937020573,691.3048926906154,1009.9383911489267,493.0,570.621641919771,411.30489269061536,729.9383911489267,77.62164191977104,"MATR_b2c38,MATR_b4c35,MATR_b1c23,MATR_b4c37,MATR_b2c4,MATR_b2c6,MATR_b2c5,MATR_b4c5,MATR_b1c7,MATR_b3c16,MATR_b1c41,MATR_b1c26,MATR_b2c0,MATR_b3c8,MATR_b2c29,MATR_b4c13",False,False,0.95
280,MATR_b4c3,777.0,858.0629876735746,83.6820672602326,694.0491496916604,1022.0768256554888,497.0,578.0629876735746,414.04914969166043,742.0768256554888,81.06298767357464,"MATR_b2c38,MATR_b4c35,MATR_b1c23,MATR_b4c37,MATR_b2c4,MATR_b2c6,MATR_b2c5,MATR_b4c5,MATR_b1c7,MATR_b3c16,MATR_b1c41,MATR_b1c26,MATR_b2c0,MATR_b3c8,MATR_b2c29,MATR_b4c13",False,False,0.95
280,MATR_b4c32,754.0,771.6797066023892,70.7789532775504,632.9555073149472,910.4039058898311,474.0,491.67970660238916,352.9555073149472,630.4039058898311,17.67970660238916,"MATR_b2c38,MATR_b4c35,MATR_b1c23,MATR_b4c37,MATR_b2c4,MATR_b2c6,MATR_b2c5,MATR_b4c5,MATR_b1c7,MATR_b3c16,MATR_b1c41,MATR_b1c26,MATR_b2c0,MATR_b3c8,MATR_b2c29,MATR_b4c13",False,False,0.95
280,MATR_b4c34,891.0,1013.1150642279118,133.8864014392933,750.7025393872253,1275.5275890685984,611.0,733.1150642279118,470.70253938722533,995.5275890685984,122.11506422791183,"MATR_b2c38,MATR_b4c35,MATR_b1c23,MATR_b4c37,MATR_b2c4,MATR_b2c6,MATR_b2c5,MATR_b4c5,MATR_b1c7,MATR_b3c16,MATR_b1c41,MATR_b1c26,MATR_b2c0,MATR_b3c8,MATR_b2c29,MATR_b4c13",False,False,0.95
280,MATR_b4c42,774.0,862.5966566239359,82.16670404295701,701.5528759713786,1023.6404372764932,494.0,582.5966566239359,421.5528759713786,743.6404372764932,88.59665662393593,"MATR_b2c38,MATR_b4c35,MATR_b1c23,MATR_b4c37,MATR_b2c4,MATR_b2c6,MATR_b2c5,MATR_b4c5,MATR_b1c7,MATR_b3c16,MATR_b1c41,MATR_b1c26,MATR_b2c0,MATR_b3c8,MATR_b2c29,MATR_b4c13",False,False,0.95
280,MATR_b4c6,706.0,740.1685687078443,65.69468968662088,611.4093429465324,868.9277944691562,426.0,460.1685687078443,331.40934294653243,588.9277944691562,34.168568707844315,"MATR_b2c38,MATR_b4c35,MATR_b1c23,MATR_b4c37,MATR_b2c4,MATR_b2c6,MATR_b2c5,MATR_b4c5,MATR_b1c7,MATR_b3c16,MATR_b1c41,MATR_b1c26,MATR_b2c0,MATR_b3c8,MATR_b2c29,MATR_b4c13",False,False,0.95
280,MATR_b4c7,529.0,571.7362350421048,43.249065990372365,486.96962333597884,656.5028467482307,249.0,291.7362350421048,206.96962333597884,376.5028467482307,42.736235042104795,"MATR_b2c38,MATR_b4c35,MATR_b1c23,MATR_b4c37,MATR_b2c4,MATR_b2c6,MATR_b2c5,MATR_b4c5,MATR_b1c7,MATR_b3c16,MATR_b1c41,MATR_b1c26,MATR_b2c0,MATR_b3c8,MATR_b2c29,MATR_b4c13",False,False,0.95
300,MATR_b1c14,877.0,848.2272035562775,67.15520892019083,716.6054126984404,979.8489944141145,577.0,548.2272035562775,416.60541269844043,679.8489944141145,28.77279644372254,"MATR_b1c24,MATR_b3c19,MATR_b4c41,MATR_b2c6,MATR_b2c34,MATR_b4c33,MATR_b3c22,MATR_b3c38,MATR_b4c22,MATR_b1c43,MATR_b4c8,MATR_b3c40,MATR_b2c36,MATR_b1c41,MATR_b3c35,MATR_b3c27",False,False,0.95
300,MATR_b1c18,687.0,606.2026277310605,48.46212849164979,511.2186012732745,701.1866541888464,387.0,306.2026277310605,211.2186012732745,401.18665418884643,80.79737226893951,"MATR_b1c24,MATR_b3c19,MATR_b4c41,MATR_b2c6,MATR_b2c34,MATR_b4c33,MATR_b3c22,MATR_b3c38,MATR_b4c22,MATR_b1c43,MATR_b4c8,MATR_b3c40,MATR_b2c36,MATR_b1c41,MATR_b3c35,MATR_b3c27",False,False,0.95
300,MATR_b1c19,786.0,750.9451703844303,58.7873447044201,635.7240920170254,866.1662487518352,486.0,450.9451703844303,335.72409201702544,566.1662487518352,35.0548296155697,"MATR_b1c24,MATR_b3c19,MATR_b4c41,MATR_b2c6,MATR_b2c34,MATR_b4c33,MATR_b3c22,MATR_b3c38,MATR_b4c22,MATR_b1c43,MATR_b4c8,MATR_b3c40,MATR_b2c36,MATR_b1c41,MATR_b3c35,MATR_b3c27",False,False,0.95
300,MATR_b1c2,2237.0,1552.2283282885924,387.2944090132709,793.1452352088567,2311.311421368328,1937.0,1252.2283282885924,493.14523520885666,2011.311421368328,684.7716717114076,"MATR_b1c24,MATR_b3c19,MATR_b4c41,MATR_b2c6,MATR_b2c34,MATR_b4c33,MATR_b3c22,MATR_b3c38,MATR_b4c22,MATR_b1c43,MATR_b4c8,MATR_b3c40,MATR_b2c36,MATR_b1c41,MATR_b3c35,MATR_b3c27",False,False,0.95
300,MATR_b1c30,707.0,793.4220415999355,61.61226387953753,672.6642233900639,914.1798598098071,407.0,493.4220415999355,372.66422339006385,614.1798598098071,86.42204159993548,"MATR_b1c24,MATR_b3c19,MATR_b4c41,MATR_b2c6,MATR_b2c34,MATR_b4c33,MATR_b3c22,MATR_b3c38,MATR_b4c22,MATR_b1c43,MATR_b4c8,MATR_b3c40,MATR_b2c36,MATR_b1c41,MATR_b3c35,MATR_b3c27",False,False,0.95
300,MATR_b1c34,742.0,762.7102340667311,59.19692674486602,646.6863896513379,878.7340784821243,442.0,462.7102340667311,346.6863896513379,578.7340784821243,20.710234066731118,"MATR_b1c24,MATR_b3c19,MATR_b4c41,MATR_b2c6,MATR_b2c34,MATR_b4c33,MATR_b3c22,MATR_b3c38,MATR_b4c22,MATR_b1c43,MATR_b4c8,MATR_b3c40,MATR_b2c36,MATR_b1c41,MATR_b3c35,MATR_b3c27",False,False,0.95
300,MATR_b1c35,701.0,590.0461744689256,43.34866213784295,505.0843579007584,675.0079910370929,401.0,290.04617446892564,205.0843579007584,375.0079910370929,110.95382553107436,"MATR_b1c24,MATR_b3c19,MATR_b4c41,MATR_b2c6,MATR_b2c34,MATR_b4c33,MATR_b3c22,MATR_b3c38,MATR_b4c22,MATR_b1c43,MATR_b4c8,MATR_b3c40,MATR_b2c36,MATR_b1c41,MATR_b3c35,MATR_b3c27",False,False,0.95
300,MATR_b1c42,700.0,705.825380908766,53.64062945013735,600.6916790784383,810.9590827390937,400.0,405.82538090876596,300.69167907843826,510.9590827390937,5.825380908765965,"MATR_b1c24,MATR_b3c19,MATR_b4c41,MATR_b2c6,MATR_b2c34,MATR_b4c33,MATR_b3c22,MATR_b3c38,MATR_b4c22,MATR_b1c43,MATR_b4c8,MATR_b3c40,MATR_b2c36,MATR_b1c41,MATR_b3c35,MATR_b3c27",False,False,0.95
300,MATR_b1c5,1071.0,933.0783599323242,73.7138756424269,788.6018185123032,1077.5549013523453,771.0,633.0783599323242,488.6018185123032,777.5549013523453,137.92164006767575,"MATR_b1c24,MATR_b3c19,MATR_b4c41,MATR_b2c6,MATR_b2c34,MATR_b4c33,MATR_b3c22,MATR_b3c38,MATR_b4c22,MATR_b1c43,MATR_b4c8,MATR_b3c40,MATR_b2c36,MATR_b1c41,MATR_b3c35,MATR_b3c27",False,False,0.95
300,MATR_b1c6,633.0,843.0824925515493,69.48366701196036,706.8970076943332,979.2679774087654,333.0,543.0824925515493,406.8970076943332,679.2679774087654,210.0824925515493,"MATR_b1c24,MATR_b3c19,MATR_b4c41,MATR_b2c6,MATR_b2c34,MATR_b4c33,MATR_b3c22,MATR_b3c38,MATR_b4c22,MATR_b1c43,MATR_b4c8,MATR_b3c40,MATR_b2c36,MATR_b1c41,MATR_b3c35,MATR_b3c27",False,False,0.95
300,MATR_b2c19,460.0,420.65187629393074,49.311473936140466,324.00316335450987,517.3005892333516,160.0,120.65187629393074,24.003163354509866,217.30058923335162,39.34812370606926,"MATR_b1c24,MATR_b3c19,MATR_b4c41,MATR_b2c6,MATR_b2c34,MATR_b4c33,MATR_b3c22,MATR_b3c38,MATR_b4c22,MATR_b1c43,MATR_b4c8,MATR_b3c40,MATR_b2c36,MATR_b1c41,MATR_b3c35,MATR_b3c27",False,False,0.95
300,MATR_b2c22,512.0,494.7759126685764,36.78803350935269,422.6726919281925,566.8791334089603,212.0,194.77591266857638,122.67269192819248,266.87913340896034,17.22408733142362,"MATR_b1c24,MATR_b3c19,MATR_b4c41,MATR_b2c6,MATR_b2c34,MATR_b4c33,MATR_b3c22,MATR_b3c38,MATR_b4c22,MATR_b1c43,MATR_b4c8,MATR_b3c40,MATR_b2c36,MATR_b1c41,MATR_b3c35,MATR_b3c27",False,False,0.95
300,MATR_b2c24,494.0,463.23715459200855,34.572069804852056,395.4771429034938,530.9971662805233,194.0,163.23715459200855,95.47714290349381,230.9971662805233,30.76284540799145,"MATR_b1c24,MATR_b3c19,MATR_b4c41,MATR_b2c6,MATR_b2c34,MATR_b4c33,MATR_b3c22,MATR_b3c38,MATR_b4c22,MATR_b1c43,MATR_b4c8,MATR_b3c40,MATR_b2c36,MATR_b1c41,MATR_b3c35,MATR_b3c27",False,False,0.95
300,MATR_b2c3,334.0,321.27693022489467,64.341604815916,195.16970207819043,447.3841583715989,34.0,21.27693022489467,-104.83029792180957,147.38415837159891,12.72306977510533,"MATR_b1c24,MATR_b3c19,MATR_b4c41,MATR_b2c6,MATR_b2c34,MATR_b4c33,MATR_b3c22,MATR_b3c38,MATR_b4c22,MATR_b1c43,MATR_b4c8,MATR_b3c40,MATR_b2c36,MATR_b1c41,MATR_b3c35,MATR_b3c27",False,False,0.95
300,MATR_b2c33,519.0,541.0738327309039,40.86682720221961,460.9763232521317,621.171342209676,219.0,241.07383273090386,160.9763232521317,321.171342209676,22.07383273090386,"MATR_b1c24,MATR_b3c19,MATR_b4c41,MATR_b2c6,MATR_b2c34,MATR_b4c33,MATR_b3c22,MATR_b3c38,MATR_b4c22,MATR_b1c43,MATR_b4c8,MATR_b3c40,MATR_b2c36,MATR_b1c41,MATR_b3c35,MATR_b3c27",False,False,0.95
300,MATR_b2c41,428.0,459.83247094712374,35.13998991252122,390.95935630148136,528.7055855927662,128.0,159.83247094712374,90.95935630148136,228.70558559276617,31.83247094712374,"MATR_b1c24,MATR_b3c19,MATR_b4c41,MATR_b2c6,MATR_b2c34,MATR_b4c33,MATR_b3c22,MATR_b3c38,MATR_b4c22,MATR_b1c43,MATR_b4c8,MATR_b3c40,MATR_b2c36,MATR_b1c41,MATR_b3c35,MATR_b3c27",False,False,0.95
300,MATR_b3c1,1061.0,1121.669228607083,157.11057258167935,813.7381647565253,1429.6002924576405,761.0,821.6692286070829,513.7381647565253,1129.6002924576405,60.669228607082914,"MATR_b1c24,MATR_b3c19,MATR_b4c41,MATR_b2c6,MATR_b2c34,MATR_b4c33,MATR_b3c22,MATR_b3c38,MATR_b4c22,MATR_b1c43,MATR_b4c8,MATR_b3c40,MATR_b2c36,MATR_b1c41,MATR_b3c35,MATR_b3c27",False,False,0.95
300,MATR_b3c14,856.0,950.221054529306,78.98798306852038,795.4074525035466,1105.0346565550656,556.0,650.221054529306,495.40745250354655,805.0346565550656,94.221054529306,"MATR_b1c24,MATR_b3c19,MATR_b4c41,MATR_b2c6,MATR_b2c34,MATR_b4c33,MATR_b3c22,MATR_b3c38,MATR_b4c22,MATR_b1c43,MATR_b4c8,MATR_b3c40,MATR_b2c36,MATR_b1c41,MATR_b3c35,MATR_b3c27",False,False,0.95
300,MATR_b3c17,1313.0,1409.274259611795,351.8358657466499,719.6886342788918,2098.8598849446985,1013.0,1109.274259611795,419.68863427889175,1798.8598849446985,96.27425961179506,"MATR_b1c24,MATR_b3c19,MATR_b4c41,MATR_b2c6,MATR_b2c34,MATR_b4c33,MATR_b3c22,MATR_b3c38,MATR_b4c22,MATR_b1c43,MATR_b4c8,MATR_b3c40,MATR_b2c36,MATR_b1c41,MATR_b3c35,MATR_b3c27",False,False,0.95
300,MATR_b3c24,823.0,821.1343697019154,76.17564926325905,671.8328406469726,970.4358987568581,523.0,521.1343697019154,371.8328406469726,670.4358987568581,1.8656302980846249,"MATR_b1c24,MATR_b3c19,MATR_b4c41,MATR_b2c6,MATR_b2c34,MATR_b4c33,MATR_b3c22,MATR_b3c38,MATR_b4c22,MATR_b1c43,MATR_b4c8,MATR_b3c40,MATR_b2c36,MATR_b1c41,MATR_b3c35,MATR_b3c27",False,False,0.95
300,MATR_b3c31,729.0,704.5330774934521,56.577207908542576,593.643787646874,815.4223673400302,429.0,404.5330774934521,293.643787646874,515.4223673400302,24.466922506547917,"MATR_b1c24,MATR_b3c19,MATR_b4c41,MATR_b2c6,MATR_b2c34,MATR_b4c33,MATR_b3c22,MATR_b3c38,MATR_b4c22,MATR_b1c43,MATR_b4c8,MATR_b3c40,MATR_b2c36,MATR_b1c41,MATR_b3c35,MATR_b3c27",False,False,0.95
300,MATR_b3c33,1282.0,1136.8339264956899,175.38054934249732,793.0943661955453,1480.5734867958345,982.0,836.8339264956899,493.09436619554526,1180.5734867958345,145.16607350431013,"MATR_b1c24,MATR_b3c19,MATR_b4c41,MATR_b2c6,MATR_b2c34,MATR_b4c33,MATR_b3c22,MATR_b3c38,MATR_b4c22,MATR_b1c43,MATR_b4c8,MATR_b3c40,MATR_b2c36,MATR_b1c41,MATR_b3c35,MATR_b3c27",False,False,0.95
300,MATR_b3c36,921.0,916.757388833506,96.56745351445956,727.4886578664194,1106.0261198005926,621.0,616.757388833506,427.48865786641943,806.0261198005926,4.242611166494044,"MATR_b1c24,MATR_b3c19,MATR_b4c41,MATR_b2c6,MATR_b2c34,MATR_b4c33,MATR_b3c22,MATR_b3c38,MATR_b4c22,MATR_b1c43,MATR_b4c8,MATR_b3c40,MATR_b2c36,MATR_b1c41,MATR_b3c35,MATR_b3c27",False,False,0.95
300,MATR_b3c6,665.0,553.202064315343,47.12915198384771,460.8306238050871,645.573504825599,365.0,253.20206431534302,160.8306238050871,345.573504825599,111.79793568465698,"MATR_b1c24,MATR_b3c19,MATR_b4c41,MATR_b2c6,MATR_b2c34,MATR_b4c33,MATR_b3c22,MATR_b3c38,MATR_b4c22,MATR_b1c43,MATR_b4c8,MATR_b3c40,MATR_b2c36,MATR_b1c41,MATR_b3c35,MATR_b3c27",False,False,0.95
300,MATR_b4c1,760.0,703.2296848382314,60.962510638936735,583.7453595787755,822.7140100976873,460.0,403.2296848382314,283.7453595787755,522.7140100976873,56.77031516176862,"MATR_b1c24,MATR_b3c19,MATR_b4c41,MATR_b2c6,MATR_b2c34,MATR_b4c33,MATR_b3c22,MATR_b3c38,MATR_b4c22,MATR_b1c43,MATR_b4c8,MATR_b3c40,MATR_b2c36,MATR_b1c41,MATR_b3c35,MATR_b3c27",False,False,0.95
300,MATR_b4c11,863.0,845.7060928570808,82.76308590574561,683.4934252324249,1007.9187604817366,563.0,545.7060928570808,383.4934252324249,707.9187604817366,17.293907142919238,"MATR_b1c24,MATR_b3c19,MATR_b4c41,MATR_b2c6,MATR_b2c34,MATR_b4c33,MATR_b3c22,MATR_b3c38,MATR_b4c22,MATR_b1c43,MATR_b4c8,MATR_b3c40,MATR_b2c36,MATR_b1c41,MATR_b3c35,MATR_b3c27",False,False,0.95
300,MATR_b4c15,675.0,715.7822009979951,61.04189021284782,596.1422946325654,835.4221073634249,375.0,415.7822009979951,296.1422946325654,535.4221073634249,40.78220099799512,"MATR_b1c24,MATR_b3c19,MATR_b4c41,MATR_b2c6,MATR_b2c34,MATR_b4c33,MATR_b3c22,MATR_b3c38,MATR_b4c22,MATR_b1c43,MATR_b4c8,MATR_b3c40,MATR_b2c36,MATR_b1c41,MATR_b3c35,MATR_b3c27",False,False,0.95
300,MATR_b4c21,773.0,841.168180167052,82.16114295616451,680.1352990443229,1002.2010612897811,473.0,541.168180167052,380.1352990443229,702.2010612897811,68.16818016705201,"MATR_b1c24,MATR_b3c19,MATR_b4c41,MATR_b2c6,MATR_b2c34,MATR_b4c33,MATR_b3c22,MATR_b3c38,MATR_b4c22,MATR_b1c43,MATR_b4c8,MATR_b3c40,MATR_b2c36,MATR_b1c41,MATR_b3c35,MATR_b3c27",False,False,0.95
300,MATR_b4c3,777.0,823.0608299088308,79.97238011739213,666.3178451207951,979.8038146968664,477.0,523.0608299088308,366.31784512079514,679.8038146968664,46.06082990883078,"MATR_b1c24,MATR_b3c19,MATR_b4c41,MATR_b2c6,MATR_b2c34,MATR_b4c33,MATR_b3c22,MATR_b3c38,MATR_b4c22,MATR_b1c43,MATR_b4c8,MATR_b3c40,MATR_b2c36,MATR_b1c41,MATR_b3c35,MATR_b3c27",False,False,0.95
300,MATR_b4c32,754.0,762.7360560552258,70.53336213493786,624.4932065622265,900.9789055482252,454.0,462.73605605522584,324.49320656222653,600.9789055482252,8.736056055225845,"MATR_b1c24,MATR_b3c19,MATR_b4c41,MATR_b2c6,MATR_b2c34,MATR_b4c33,MATR_b3c22,MATR_b3c38,MATR_b4c22,MATR_b1c43,MATR_b4c8,MATR_b3c40,MATR_b2c36,MATR_b1c41,MATR_b3c35,MATR_b3c27",False,False,0.95
300,MATR_b4c34,891.0,987.88752803537,123.38562990285548,746.056137215985,1229.718918854755,591.0,687.88752803537,446.056137215985,929.718918854755,96.88752803537,"MATR_b1c24,MATR_b3c19,MATR_b4c41,MATR_b2c6,MATR_b2c34,MATR_b4c33,MATR_b3c22,MATR_b3c38,MATR_b4c22,MATR_b1c43,MATR_b4c8,MATR_b3c40,MATR_b2c36,MATR_b1c41,MATR_b3c35,MATR_b3c27",False,False,0.95
300,MATR_b4c42,774.0,861.7404374503388,83.20603446694646,698.6596065987254,1024.8212683019524,474.0,561.7404374503388,398.6596065987254,724.8212683019524,87.74043745033885,"MATR_b1c24,MATR_b3c19,MATR_b4c41,MATR_b2c6,MATR_b2c34,MATR_b4c33,MATR_b3c22,MATR_b3c38,MATR_b4c22,MATR_b1c43,MATR_b4c8,MATR_b3c40,MATR_b2c36,MATR_b1c41,MATR_b3c35,MATR_b3c27",False,False,0.95
300,MATR_b4c6,706.0,742.464641231986,67.24229967959506,610.6721556223305,874.2571268416415,406.0,442.464641231986,310.6721556223305,574.2571268416415,36.46464123198598,"MATR_b1c24,MATR_b3c19,MATR_b4c41,MATR_b2c6,MATR_b2c34,MATR_b4c33,MATR_b3c22,MATR_b3c38,MATR_b4c22,MATR_b1c43,MATR_b4c8,MATR_b3c40,MATR_b2c36,MATR_b1c41,MATR_b3c35,MATR_b3c27",False,False,0.95
300,MATR_b4c7,529.0,556.5186362568018,42.518484094022845,473.18393875527784,639.8533337583257,229.0,256.51863625680176,173.18393875527784,339.8533337583257,27.518636256801756,"MATR_b1c24,MATR_b3c19,MATR_b4c41,MATR_b2c6,MATR_b2c34,MATR_b4c33,MATR_b3c22,MATR_b3c38,MATR_b4c22,MATR_b1c43,MATR_b4c8,MATR_b3c40,MATR_b2c36,MATR_b1c41,MATR_b3c35,MATR_b3c27",False,False,0.95
320,MATR_b1c14,877.0,857.14944508079,70.42263910907113,719.1236087307487,995.1752814308312,557.0,537.14944508079,399.12360873074874,675.1752814308312,19.850554919210026,"MATR_b2c36,MATR_b4c16,MATR_b4c28,MATR_b3c21,MATR_b2c46,MATR_b2c11,MATR_b2c44,MATR_b4c17,MATR_b4c30,MATR_b1c9,MATR_b1c0,MATR_b2c28,MATR_b1c32,MATR_b3c0,MATR_b1c45,MATR_b4c20",False,False,0.95
320,MATR_b1c18,687.0,608.3691932707745,49.13266288314943,512.0709435552537,704.6674429862953,367.0,288.36919327077453,192.07094355525373,384.6674429862953,78.63080672922547,"MATR_b2c36,MATR_b4c16,MATR_b4c28,MATR_b3c21,MATR_b2c46,MATR_b2c11,MATR_b2c44,MATR_b4c17,MATR_b4c30,MATR_b1c9,MATR_b1c0,MATR_b2c28,MATR_b1c32,MATR_b3c0,MATR_b1c45,MATR_b4c20",False,False,0.95
320,MATR_b1c19,786.0,755.9334405370358,60.497632952913705,637.3602587994014,874.5066222746702,466.0,435.93344053703584,317.36025879940144,554.5066222746702,30.066559462964165,"MATR_b2c36,MATR_b4c16,MATR_b4c28,MATR_b3c21,MATR_b2c46,MATR_b2c11,MATR_b2c44,MATR_b4c17,MATR_b4c30,MATR_b1c9,MATR_b1c0,MATR_b2c28,MATR_b1c32,MATR_b3c0,MATR_b1c45,MATR_b4c20",False,False,0.95
320,MATR_b1c2,2237.0,1591.6623240709255,428.05309142614016,752.69368140466,2430.630966737191,1917.0,1271.6623240709255,432.69368140465997,2110.630966737191,645.3376759290745,"MATR_b2c36,MATR_b4c16,MATR_b4c28,MATR_b3c21,MATR_b2c46,MATR_b2c11,MATR_b2c44,MATR_b4c17,MATR_b4c30,MATR_b1c9,MATR_b1c0,MATR_b2c28,MATR_b1c32,MATR_b3c0,MATR_b1c45,MATR_b4c20",False,False,0.95
320,MATR_b1c30,707.0,784.1418133465759,62.72511638754243,661.2028443009096,907.0807823922421,387.0,464.1418133465759,341.20284430090965,587.0807823922421,77.14181334657587,"MATR_b2c36,MATR_b4c16,MATR_b4c28,MATR_b3c21,MATR_b2c46,MATR_b2c11,MATR_b2c44,MATR_b4c17,MATR_b4c30,MATR_b1c9,MATR_b1c0,MATR_b2c28,MATR_b1c32,MATR_b3c0,MATR_b1c45,MATR_b4c20",False,False,0.95
320,MATR_b1c34,742.0,778.3918119191255,61.85875364108185,657.1508826540692,899.6327411841819,422.0,458.39181191912553,337.15088265406916,579.6327411841819,36.39181191912553,"MATR_b2c36,MATR_b4c16,MATR_b4c28,MATR_b3c21,MATR_b2c46,MATR_b2c11,MATR_b2c44,MATR_b4c17,MATR_b4c30,MATR_b1c9,MATR_b1c0,MATR_b2c28,MATR_b1c32,MATR_b3c0,MATR_b1c45,MATR_b4c20",False,False,0.95
320,MATR_b1c35,701.0,581.957870132351,42.95712775301124,497.763446857163,666.152293407539,381.0,261.957870132351,177.763446857163,346.152293407539,119.04212986764901,"MATR_b2c36,MATR_b4c16,MATR_b4c28,MATR_b3c21,MATR_b2c46,MATR_b2c11,MATR_b2c44,MATR_b4c17,MATR_b4c30,MATR_b1c9,MATR_b1c0,MATR_b2c28,MATR_b1c32,MATR_b3c0,MATR_b1c45,MATR_b4c20",False,False,0.95
320,MATR_b1c42,700.0,713.5492270487414,55.28596778055114,605.1907213484194,821.9077327490634,380.0,393.5492270487414,285.1907213484194,501.90773274906337,13.549227048741386,"MATR_b2c36,MATR_b4c16,MATR_b4c28,MATR_b3c21,MATR_b2c46,MATR_b2c11,MATR_b2c44,MATR_b4c17,MATR_b4c30,MATR_b1c9,MATR_b1c0,MATR_b2c28,MATR_b1c32,MATR_b3c0,MATR_b1c45,MATR_b4c20",False,False,0.95
320,MATR_b1c5,1071.0,971.2765523765779,80.53047422695121,813.4397232338225,1129.1133815193334,751.0,651.2765523765779,493.4397232338225,809.1133815193334,99.72344762342209,"MATR_b2c36,MATR_b4c16,MATR_b4c28,MATR_b3c21,MATR_b2c46,MATR_b2c11,MATR_b2c44,MATR_b4c17,MATR_b4c30,MATR_b1c9,MATR_b1c0,MATR_b2c28,MATR_b1c32,MATR_b3c0,MATR_b1c45,MATR_b4c20",False,False,0.95
320,MATR_b1c6,633.0,852.7101075942098,73.61981235288184,708.4179268339644,997.0022883544552,313.0,532.7101075942098,388.41792683396443,677.0022883544552,219.71010759420983,"MATR_b2c36,MATR_b4c16,MATR_b4c28,MATR_b3c21,MATR_b2c46,MATR_b2c11,MATR_b2c44,MATR_b4c17,MATR_b4c30,MATR_b1c9,MATR_b1c0,MATR_b2c28,MATR_b1c32,MATR_b3c0,MATR_b1c45,MATR_b4c20",False,False,0.95
320,MATR_b2c19,460.0,413.3672854383947,52.18498910574151,311.0865862575263,515.6479846192631,140.0,93.36728543839467,-8.913413742473722,195.64798461926307,46.632714561605326,"MATR_b2c36,MATR_b4c16,MATR_b4c28,MATR_b3c21,MATR_b2c46,MATR_b2c11,MATR_b2c44,MATR_b4c17,MATR_b4c30,MATR_b1c9,MATR_b1c0,MATR_b2c28,MATR_b1c32,MATR_b3c0,MATR_b1c45,MATR_b4c20",False,False,0.95
320,MATR_b2c22,512.0,492.68637429719286,37.08323218084848,420.0045747923931,565.3681738019926,192.0,172.68637429719286,100.0045747923931,245.3681738019926,19.313625702807144,"MATR_b2c36,MATR_b4c16,MATR_b4c28,MATR_b3c21,MATR_b2c46,MATR_b2c11,MATR_b2c44,MATR_b4c17,MATR_b4c30,MATR_b1c9,MATR_b1c0,MATR_b2c28,MATR_b1c32,MATR_b3c0,MATR_b1c45,MATR_b4c20",False,False,0.95
320,MATR_b2c24,494.0,458.473872037738,34.501876374733136,390.85143694420765,526.0963071312683,174.0,138.47387203773798,70.85143694420765,206.0963071312683,35.526127962262024,"MATR_b2c36,MATR_b4c16,MATR_b4c28,MATR_b3c21,MATR_b2c46,MATR_b2c11,MATR_b2c44,MATR_b4c17,MATR_b4c30,MATR_b1c9,MATR_b1c0,MATR_b2c28,MATR_b1c32,MATR_b3c0,MATR_b1c45,MATR_b4c20",False,False,0.95
320,MATR_b2c3,334.0,312.5090441449575,70.08983017715302,175.13550131520898,449.882586974706,14.0,-7.4909558550425,-144.86449868479102,129.882586974706,21.4909558550425,"MATR_b2c36,MATR_b4c16,MATR_b4c28,MATR_b3c21,MATR_b2c46,MATR_b2c11,MATR_b2c44,MATR_b4c17,MATR_b4c30,MATR_b1c9,MATR_b1c0,MATR_b2c28,MATR_b1c32,MATR_b3c0,MATR_b1c45,MATR_b4c20",False,False,0.95
320,MATR_b2c33,519.0,536.5965085990085,41.153778339749906,455.9365852253542,617.2564319726629,199.0,216.59650859900853,135.93658522535418,297.2564319726629,17.59650859900853,"MATR_b2c36,MATR_b4c16,MATR_b4c28,MATR_b3c21,MATR_b2c46,MATR_b2c11,MATR_b2c44,MATR_b4c17,MATR_b4c30,MATR_b1c9,MATR_b1c0,MATR_b2c28,MATR_b1c32,MATR_b3c0,MATR_b1c45,MATR_b4c20",False,False,0.95
320,MATR_b2c41,428.0,453.5060242941802,35.04339072976029,384.82224056768524,522.1898080206752,108.0,133.50602429418018,64.82224056768524,202.18980802067517,25.50602429418018,"MATR_b2c36,MATR_b4c16,MATR_b4c28,MATR_b3c21,MATR_b2c46,MATR_b2c11,MATR_b2c44,MATR_b4c17,MATR_b4c30,MATR_b1c9,MATR_b1c0,MATR_b2c28,MATR_b1c32,MATR_b3c0,MATR_b1c45,MATR_b4c20",False,False,0.95
320,MATR_b3c1,1061.0,1115.2645127156622,154.5138932056121,812.4228469215944,1418.10617850973,741.0,795.2645127156622,492.42284692159444,1098.10617850973,54.26451271566225,"MATR_b2c36,MATR_b4c16,MATR_b4c28,MATR_b3c21,MATR_b2c46,MATR_b2c11,MATR_b2c44,MATR_b4c17,MATR_b4c30,MATR_b1c9,MATR_b1c0,MATR_b2c28,MATR_b1c32,MATR_b3c0,MATR_b1c45,MATR_b4c20",False,False,0.95
320,MATR_b3c14,856.0,943.3669538950162,81.5370968037483,783.5571807557136,1103.176727034319,536.0,623.3669538950162,463.5571807557136,783.1767270343189,87.3669538950162,"MATR_b2c36,MATR_b4c16,MATR_b4c28,MATR_b3c21,MATR_b2c46,MATR_b2c11,MATR_b2c44,MATR_b4c17,MATR_b4c30,MATR_b1c9,MATR_b1c0,MATR_b2c28,MATR_b1c32,MATR_b3c0,MATR_b1c45,MATR_b4c20",False,False,0.95
320,MATR_b3c17,1313.0,1420.5631717043282,356.7522052176153,721.34169807256,2119.784645336096,993.0,1100.5631717043282,401.34169807256,1799.7846453360962,107.56317170432817,"MATR_b2c36,MATR_b4c16,MATR_b4c28,MATR_b3c21,MATR_b2c46,MATR_b2c11,MATR_b2c44,MATR_b4c17,MATR_b4c30,MATR_b1c9,MATR_b1c0,MATR_b2c28,MATR_b1c32,MATR_b3c0,MATR_b1c45,MATR_b4c20",False,False,0.95
320,MATR_b3c24,823.0,845.8011206329138,80.57761643478604,687.8718944606504,1003.7303468051772,503.0,525.8011206329138,367.8718944606504,683.7303468051772,22.801120632913808,"MATR_b2c36,MATR_b4c16,MATR_b4c28,MATR_b3c21,MATR_b2c46,MATR_b2c11,MATR_b2c44,MATR_b4c17,MATR_b4c30,MATR_b1c9,MATR_b1c0,MATR_b2c28,MATR_b1c32,MATR_b3c0,MATR_b1c45,MATR_b4c20",False,False,0.95
320,MATR_b3c31,729.0,706.0033215716921,57.628258017134485,593.0540113663269,818.9526317770574,409.0,386.00332157169214,273.0540113663269,498.9526317770574,22.99667842830786,"MATR_b2c36,MATR_b4c16,MATR_b4c28,MATR_b3c21,MATR_b2c46,MATR_b2c11,MATR_b2c44,MATR_b4c17,MATR_b4c30,MATR_b1c9,MATR_b1c0,MATR_b2c28,MATR_b1c32,MATR_b3c0,MATR_b1c45,MATR_b4c20",False,False,0.95
320,MATR_b3c33,1282.0,1189.5373716769577,201.09239879596885,795.4035124720931,1583.6712308818223,962.0,869.5373716769577,475.4035124720931,1263.6712308818223,92.46262832304228,"MATR_b2c36,MATR_b4c16,MATR_b4c28,MATR_b3c21,MATR_b2c46,MATR_b2c11,MATR_b2c44,MATR_b4c17,MATR_b4c30,MATR_b1c9,MATR_b1c0,MATR_b2c28,MATR_b1c32,MATR_b3c0,MATR_b1c45,MATR_b4c20",False,False,0.95
320,MATR_b3c36,921.0,950.646520012232,103.98831452046743,746.8331687390923,1154.4598712853717,601.0,630.646520012232,426.83316873909234,834.4598712853717,29.64652001223203,"MATR_b2c36,MATR_b4c16,MATR_b4c28,MATR_b3c21,MATR_b2c46,MATR_b2c11,MATR_b2c44,MATR_b4c17,MATR_b4c30,MATR_b1c9,MATR_b1c0,MATR_b2c28,MATR_b1c32,MATR_b3c0,MATR_b1c45,MATR_b4c20",False,False,0.95
320,MATR_b3c6,665.0,537.9879659095438,46.69690216322733,446.46371948002775,629.5122123390599,345.0,217.98796590954385,126.46371948002775,309.51221233905994,127.01203409045615,"MATR_b2c36,MATR_b4c16,MATR_b4c28,MATR_b3c21,MATR_b2c46,MATR_b2c11,MATR_b2c44,MATR_b4c17,MATR_b4c30,MATR_b1c9,MATR_b1c0,MATR_b2c28,MATR_b1c32,MATR_b3c0,MATR_b1c45,MATR_b4c20",False,False,0.95
320,MATR_b4c1,760.0,687.9450566083152,60.53889414679708,569.2910044167103,806.5991087999201,440.0,367.9450566083152,249.29100441671028,486.59910879992015,72.05494339168479,"MATR_b2c36,MATR_b4c16,MATR_b4c28,MATR_b3c21,MATR_b2c46,MATR_b2c11,MATR_b2c44,MATR_b4c17,MATR_b4c30,MATR_b1c9,MATR_b1c0,MATR_b2c28,MATR_b1c32,MATR_b3c0,MATR_b1c45,MATR_b4c20",False,False,0.95
320,MATR_b4c11,863.0,873.8898218657586,88.5135319378507,700.4064871231354,1047.3731566083818,543.0,553.8898218657586,380.40648712313543,727.3731566083818,10.889821865758563,"MATR_b2c36,MATR_b4c16,MATR_b4c28,MATR_b3c21,MATR_b2c46,MATR_b2c11,MATR_b2c44,MATR_b4c17,MATR_b4c30,MATR_b1c9,MATR_b1c0,MATR_b2c28,MATR_b1c32,MATR_b3c0,MATR_b1c45,MATR_b4c20",False,False,0.95
320,MATR_b4c15,675.0,717.470136688662,62.413281503780766,595.1423527842918,839.7979205930322,355.0,397.470136688662,275.1423527842918,519.7979205930322,42.47013668866202,"MATR_b2c36,MATR_b4c16,MATR_b4c28,MATR_b3c21,MATR_b2c46,MATR_b2c11,MATR_b2c44,MATR_b4c17,MATR_b4c30,MATR_b1c9,MATR_b1c0,MATR_b2c28,MATR_b1c32,MATR_b3c0,MATR_b1c45,MATR_b4c20",False,False,0.95
320,MATR_b4c21,773.0,864.0097466561903,87.38941140711482,692.7296476680915,1035.289845644289,453.0,544.0097466561903,372.7296476680915,715.289845644289,91.00974665619026,"MATR_b2c36,MATR_b4c16,MATR_b4c28,MATR_b3c21,MATR_b2c46,MATR_b2c11,MATR_b2c44,MATR_b4c17,MATR_b4c30,MATR_b1c9,MATR_b1c0,MATR_b2c28,MATR_b1c32,MATR_b3c0,MATR_b1c45,MATR_b4c20",False,False,0.95
320,MATR_b4c3,777.0,825.9082380812985,81.64382074012804,665.8892898704032,985.9271862921937,457.0,505.90823808129846,345.8892898704032,665.9271862921937,48.908238081298464,"MATR_b2c36,MATR_b4c16,MATR_b4c28,MATR_b3c21,MATR_b2c46,MATR_b2c11,MATR_b2c44,MATR_b4c17,MATR_b4c30,MATR_b1c9,MATR_b1c0,MATR_b2c28,MATR_b1c32,MATR_b3c0,MATR_b1c45,MATR_b4c20",False,False,0.95
320,MATR_b4c32,754.0,786.2435183596222,74.24693074698628,640.7222081328895,931.7648285863548,434.0,466.24351835962216,320.7222081328895,611.7648285863548,32.24351835962216,"MATR_b2c36,MATR_b4c16,MATR_b4c28,MATR_b3c21,MATR_b2c46,MATR_b2c11,MATR_b2c44,MATR_b4c17,MATR_b4c30,MATR_b1c9,MATR_b1c0,MATR_b2c28,MATR_b1c32,MATR_b3c0,MATR_b1c45,MATR_b4c20",False,False,0.95
320,MATR_b4c34,891.0,1006.831261983333,127.31316862170229,757.3020367271216,1256.3604872395442,571.0,686.831261983333,437.3020367271216,936.3604872395442,115.83126198333298,"MATR_b2c36,MATR_b4c16,MATR_b4c28,MATR_b3c21,MATR_b2c46,MATR_b2c11,MATR_b2c44,MATR_b4c17,MATR_b4c30,MATR_b1c9,MATR_b1c0,MATR_b2c28,MATR_b1c32,MATR_b3c0,MATR_b1c45,MATR_b4c20",False,False,0.95
320,MATR_b4c42,774.0,887.4050505997524,88.24613870031735,714.4457969724042,1060.3643042271005,454.0,567.4050505997524,394.4457969724042,740.3643042271005,113.40505059975237,"MATR_b2c36,MATR_b4c16,MATR_b4c28,MATR_b3c21,MATR_b2c46,MATR_b2c11,MATR_b2c44,MATR_b4c17,MATR_b4c30,MATR_b1c9,MATR_b1c0,MATR_b2c28,MATR_b1c32,MATR_b3c0,MATR_b1c45,MATR_b4c20",False,False,0.95
320,MATR_b4c6,706.0,761.1067747307163,71.359103541833,621.245501819659,900.9680476417736,386.0,441.1067747307163,301.245501819659,580.9680476417736,55.106774730716324,"MATR_b2c36,MATR_b4c16,MATR_b4c28,MATR_b3c21,MATR_b2c46,MATR_b2c11,MATR_b2c44,MATR_b4c17,MATR_b4c30,MATR_b1c9,MATR_b1c0,MATR_b2c28,MATR_b1c32,MATR_b3c0,MATR_b1c45,MATR_b4c20",False,False,0.95
320,MATR_b4c7,529.0,544.8311702011846,41.49548406957377,463.50151590376447,626.1608244986047,209.0,224.8311702011846,143.50151590376447,306.1608244986047,15.831170201184591,"MATR_b2c36,MATR_b4c16,MATR_b4c28,MATR_b3c21,MATR_b2c46,MATR_b2c11,MATR_b2c44,MATR_b4c17,MATR_b4c30,MATR_b1c9,MATR_b1c0,MATR_b2c28,MATR_b1c32,MATR_b3c0,MATR_b1c45,MATR_b4c20",False,False,0.95
340,MATR_b1c14,877.0,890.4369532370938,75.33804702742663,742.7770943977528,1038.0968120764348,537.0,550.4369532370938,402.77709439775276,698.0968120764348,13.436953237093803,"MATR_b3c21,MATR_b2c25,MATR_b1c20,MATR_b2c36,MATR_b1c24,MATR_b2c45,MATR_b1c15,MATR_b3c8,MATR_b2c17,MATR_b2c46,MATR_b4c39,MATR_b1c17,MATR_b2c26,MATR_b2c18,MATR_b3c25,MATR_b1c9",False,False,0.95
340,MATR_b1c18,687.0,627.8559753422031,51.19757156810429,527.5105789728069,728.2013717115993,347.0,287.8559753422031,187.5105789728069,388.20137171159934,59.14402465779688,"MATR_b3c21,MATR_b2c25,MATR_b1c20,MATR_b2c36,MATR_b1c24,MATR_b2c45,MATR_b1c15,MATR_b3c8,MATR_b2c17,MATR_b2c46,MATR_b4c39,MATR_b1c17,MATR_b2c26,MATR_b2c18,MATR_b3c25,MATR_b1c9",False,False,0.95
340,MATR_b1c19,786.0,783.3599548895837,63.759991355362274,658.3926681784885,908.3272416006789,446.0,443.3599548895837,318.3926681784885,568.3272416006789,2.640045110416281,"MATR_b3c21,MATR_b2c25,MATR_b1c20,MATR_b2c36,MATR_b1c24,MATR_b2c45,MATR_b1c15,MATR_b3c8,MATR_b2c17,MATR_b2c46,MATR_b4c39,MATR_b1c17,MATR_b2c26,MATR_b2c18,MATR_b3c25,MATR_b1c9",False,False,0.95
340,MATR_b1c2,2237.0,1612.1174880140334,451.86775400774104,726.4729643838565,2497.7620116442104,1897.0,1272.1174880140334,386.4729643838565,2157.7620116442104,624.8825119859666,"MATR_b3c21,MATR_b2c25,MATR_b1c20,MATR_b2c36,MATR_b1c24,MATR_b2c45,MATR_b1c15,MATR_b3c8,MATR_b2c17,MATR_b2c46,MATR_b4c39,MATR_b1c17,MATR_b2c26,MATR_b2c18,MATR_b3c25,MATR_b1c9",False,False,0.95
340,MATR_b1c30,707.0,810.4423052484759,66.37297290210294,680.3536688135013,940.5309416834506,367.0,470.4423052484759,340.35366881350126,600.5309416834506,103.44230524847592,"MATR_b3c21,MATR_b2c25,MATR_b1c20,MATR_b2c36,MATR_b1c24,MATR_b2c45,MATR_b1c15,MATR_b3c8,MATR_b2c17,MATR_b2c46,MATR_b4c39,MATR_b1c17,MATR_b2c26,MATR_b2c18,MATR_b3c25,MATR_b1c9",False,False,0.95
340,MATR_b1c34,742.0,807.3584520862929,65.4110554409592,679.1551392312601,935.5617649413257,402.0,467.3584520862929,339.15513923126014,595.5617649413257,65.35845208629291,"MATR_b3c21,MATR_b2c25,MATR_b1c20,MATR_b2c36,MATR_b1c24,MATR_b2c45,MATR_b1c15,MATR_b3c8,MATR_b2c17,MATR_b2c46,MATR_b4c39,MATR_b1c17,MATR_b2c26,MATR_b2c18,MATR_b3c25,MATR_b1c9",False,False,0.95
340,MATR_b1c35,701.0,600.1383896137506,44.465730156648256,512.9871599604435,687.2896192670578,361.0,260.13838961375063,172.98715996044348,347.2896192670578,100.86161038624937,"MATR_b3c21,MATR_b2c25,MATR_b1c20,MATR_b2c36,MATR_b1c24,MATR_b2c45,MATR_b1c15,MATR_b3c8,MATR_b2c17,MATR_b2c46,MATR_b4c39,MATR_b1c17,MATR_b2c26,MATR_b2c18,MATR_b3c25,MATR_b1c9",False,False,0.95
340,MATR_b1c42,700.0,741.1761251896569,58.29477920471365,626.9204574617037,855.4317929176101,360.0,401.1761251896569,286.9204574617037,515.4317929176101,41.17612518965689,"MATR_b3c21,MATR_b2c25,MATR_b1c20,MATR_b2c36,MATR_b1c24,MATR_b2c45,MATR_b1c15,MATR_b3c8,MATR_b2c17,MATR_b2c46,MATR_b4c39,MATR_b1c17,MATR_b2c26,MATR_b2c18,MATR_b3c25,MATR_b1c9",False,False,0.95
340,MATR_b1c5,1071.0,1016.7431323067285,88.9406064661938,842.4227468698384,1191.0635177436186,731.0,676.7431323067285,502.4227468698384,851.0635177436186,54.25686769327149,"MATR_b3c21,MATR_b2c25,MATR_b1c20,MATR_b2c36,MATR_b1c24,MATR_b2c45,MATR_b1c15,MATR_b3c8,MATR_b2c17,MATR_b2c46,MATR_b4c39,MATR_b1c17,MATR_b2c26,MATR_b2c18,MATR_b3c25,MATR_b1c9",False,False,0.95
340,MATR_b1c6,633.0,881.7020761122633,79.20415032213101,726.46479405479,1036.9393581697366,293.0,541.7020761122633,386.46479405479,696.9393581697366,248.70207611226328,"MATR_b3c21,MATR_b2c25,MATR_b1c20,MATR_b2c36,MATR_b1c24,MATR_b2c45,MATR_b1c15,MATR_b3c8,MATR_b2c17,MATR_b2c46,MATR_b4c39,MATR_b1c17,MATR_b2c26,MATR_b2c18,MATR_b3c25,MATR_b1c9",False,False,0.95
340,MATR_b2c19,460.0,411.0364843506669,55.99572147789021,301.28688696566616,520.7860817356677,120.0,71.03648435066691,-38.713113034333844,180.78608173566772,48.96351564933309,"MATR_b3c21,MATR_b2c25,MATR_b1c20,MATR_b2c36,MATR_b1c24,MATR_b2c45,MATR_b1c15,MATR_b3c8,MATR_b2c17,MATR_b2c46,MATR_b4c39,MATR_b1c17,MATR_b2c26,MATR_b2c18,MATR_b3c25,MATR_b1c9",False,False,0.95
340,MATR_b2c22,512.0,501.13820998256796,38.16013287436539,426.3457239035489,575.930696061587,172.0,161.13820998256796,86.3457239035489,235.930696061587,10.861790017432043,"MATR_b3c21,MATR_b2c25,MATR_b1c20,MATR_b2c36,MATR_b1c24,MATR_b2c45,MATR_b1c15,MATR_b3c8,MATR_b2c17,MATR_b2c46,MATR_b4c39,MATR_b1c17,MATR_b2c26,MATR_b2c18,MATR_b3c25,MATR_b1c9",False,False,0.95
340,MATR_b2c24,494.0,461.60114119731617,34.84418667279121,393.30779024805486,529.8944921465775,154.0,121.60114119731617,53.30779024805486,189.89449214657748,32.39885880268383,"MATR_b3c21,MATR_b2c25,MATR_b1c20,MATR_b2c36,MATR_b1c24,MATR_b2c45,MATR_b1c15,MATR_b3c8,MATR_b2c17,MATR_b2c46,MATR_b4c39,MATR_b1c17,MATR_b2c26,MATR_b2c18,MATR_b3c25,MATR_b1c9",False,False,0.95
340,MATR_b2c33,519.0,547.6870282144978,42.65466014827145,464.08543055108987,631.2886258779057,179.0,207.6870282144978,124.08543055108987,291.2886258779057,28.687028214497786,"MATR_b3c21,MATR_b2c25,MATR_b1c20,MATR_b2c36,MATR_b1c24,MATR_b2c45,MATR_b1c15,MATR_b3c8,MATR_b2c17,MATR_b2c46,MATR_b4c39,MATR_b1c17,MATR_b2c26,MATR_b2c18,MATR_b3c25,MATR_b1c9",False,False,0.95
340,MATR_b2c41,428.0,455.10938629941415,35.37659721822153,385.7725298561201,524.4462427427081,88.0,115.10938629941415,45.772529856120116,184.44624274270814,27.109386299414155,"MATR_b3c21,MATR_b2c25,MATR_b1c20,MATR_b2c36,MATR_b1c24,MATR_b2c45,MATR_b1c15,MATR_b3c8,MATR_b2c17,MATR_b2c46,MATR_b4c39,MATR_b1c17,MATR_b2c26,MATR_b2c18,MATR_b3c25,MATR_b1c9",False,False,0.95
340,MATR_b3c1,1061.0,1126.9685397065666,151.26396020944017,830.4966255371642,1423.440453875969,721.0,786.9685397065666,490.49662553716416,1083.440453875969,65.96853970656662,"MATR_b3c21,MATR_b2c25,MATR_b1c20,MATR_b2c36,MATR_b1c24,MATR_b2c45,MATR_b1c15,MATR_b3c8,MATR_b2c17,MATR_b2c46,MATR_b4c39,MATR_b1c17,MATR_b2c26,MATR_b2c18,MATR_b3c25,MATR_b1c9",False,False,0.95
340,MATR_b3c14,856.0,964.7938495353499,87.24139804798473,793.8038514003769,1135.7838476703228,516.0,624.7938495353499,453.80385140037686,795.7838476703228,108.79384953534986,"MATR_b3c21,MATR_b2c25,MATR_b1c20,MATR_b2c36,MATR_b1c24,MATR_b2c45,MATR_b1c15,MATR_b3c8,MATR_b2c17,MATR_b2c46,MATR_b4c39,MATR_b1c17,MATR_b2c26,MATR_b2c18,MATR_b3c25,MATR_b1c9",False,False,0.95
340,MATR_b3c17,1313.0,1433.1442131341619,353.1720321164193,740.9397498391569,2125.348676429167,973.0,1093.1442131341619,400.9397498391569,1785.348676429167,120.14421313416187,"MATR_b3c21,MATR_b2c25,MATR_b1c20,MATR_b2c36,MATR_b1c24,MATR_b2c45,MATR_b1c15,MATR_b3c8,MATR_b2c17,MATR_b2c46,MATR_b4c39,MATR_b1c17,MATR_b2c26,MATR_b2c18,MATR_b3c25,MATR_b1c9",False,False,0.95
340,MATR_b3c24,823.0,891.8843601619576,86.68875210975027,721.9775281621264,1061.7911921617888,483.0,551.8843601619576,381.9775281621264,721.7911921617888,68.8843601619576,"MATR_b3c21,MATR_b2c25,MATR_b1c20,MATR_b2c36,MATR_b1c24,MATR_b2c45,MATR_b1c15,MATR_b3c8,MATR_b2c17,MATR_b2c46,MATR_b4c39,MATR_b1c17,MATR_b2c26,MATR_b2c18,MATR_b3c25,MATR_b1c9",False,False,0.95
340,MATR_b3c31,729.0,733.2352319963837,60.50748953229633,614.6427317181486,851.8277322746188,389.0,393.23523199638373,274.64273171814864,511.8277322746188,4.235231996383732,"MATR_b3c21,MATR_b2c25,MATR_b1c20,MATR_b2c36,MATR_b1c24,MATR_b2c45,MATR_b1c15,MATR_b3c8,MATR_b2c17,MATR_b2c46,MATR_b4c39,MATR_b1c17,MATR_b2c26,MATR_b2c18,MATR_b3c25,MATR_b1c9",False,False,0.95
340,MATR_b3c33,1282.0,1251.5654138332404,227.38389980373992,805.901159553646,1697.2296681128348,942.0,911.5654138332404,465.90115955364604,1357.2296681128348,30.434586166759573,"MATR_b3c21,MATR_b2c25,MATR_b1c20,MATR_b2c36,MATR_b1c24,MATR_b2c45,MATR_b1c15,MATR_b3c8,MATR_b2c17,MATR_b2c46,MATR_b4c39,MATR_b1c17,MATR_b2c26,MATR_b2c18,MATR_b3c25,MATR_b1c9",False,False,0.95
340,MATR_b3c36,921.0,1008.0719206865308,115.30456156584673,782.07913276429,1234.0647086087718,581.0,668.0719206865308,442.07913276428997,894.0647086087718,87.0719206865308,"MATR_b3c21,MATR_b2c25,MATR_b1c20,MATR_b2c36,MATR_b1c24,MATR_b2c45,MATR_b1c15,MATR_b3c8,MATR_b2c17,MATR_b2c46,MATR_b4c39,MATR_b1c17,MATR_b2c26,MATR_b2c18,MATR_b3c25,MATR_b1c9",False,False,0.95
340,MATR_b3c6,665.0,541.2393856260428,48.2532113520385,446.66482923764806,635.8139420144375,325.0,201.2393856260428,106.66482923764806,295.81394201443754,123.7606143739572,"MATR_b3c21,MATR_b2c25,MATR_b1c20,MATR_b2c36,MATR_b1c24,MATR_b2c45,MATR_b1c15,MATR_b3c8,MATR_b2c17,MATR_b2c46,MATR_b4c39,MATR_b1c17,MATR_b2c26,MATR_b2c18,MATR_b3c25,MATR_b1c9",False,False,0.95
340,MATR_b4c1,760.0,711.4908015935665,63.811800735868964,586.4219703626169,836.5596328245161,420.0,371.4908015935665,246.4219703626169,496.55963282451614,48.509198406433484,"MATR_b3c21,MATR_b2c25,MATR_b1c20,MATR_b2c36,MATR_b1c24,MATR_b2c45,MATR_b1c15,MATR_b3c8,MATR_b2c17,MATR_b2c46,MATR_b4c39,MATR_b1c17,MATR_b2c26,MATR_b2c18,MATR_b3c25,MATR_b1c9",False,False,0.95
340,MATR_b4c11,863.0,919.6704103024273,95.51626696634398,732.4619671106802,1106.8788534941743,523.0,579.6704103024273,392.46196711068023,766.8788534941743,56.670410302427285,"MATR_b3c21,MATR_b2c25,MATR_b1c20,MATR_b2c36,MATR_b1c24,MATR_b2c45,MATR_b1c15,MATR_b3c8,MATR_b2c17,MATR_b2c46,MATR_b4c39,MATR_b1c17,MATR_b2c26,MATR_b2c18,MATR_b3c25,MATR_b1c9",False,False,0.95
340,MATR_b4c15,675.0,736.2188750332397,64.85942103712439,609.0967457423563,863.341004324123,335.0,396.21887503323967,269.09674574235635,523.341004324123,61.21887503323967,"MATR_b3c21,MATR_b2c25,MATR_b1c20,MATR_b2c36,MATR_b1c24,MATR_b2c45,MATR_b1c15,MATR_b3c8,MATR_b2c17,MATR_b2c46,MATR_b4c39,MATR_b1c17,MATR_b2c26,MATR_b2c18,MATR_b3c25,MATR_b1c9",False,False,0.95
340,MATR_b4c21,773.0,904.3717005727058,93.19662569069045,721.7096707382922,1087.0337304071193,433.0,564.3717005727058,381.7096707382922,747.0337304071193,131.37170057270578,"MATR_b3c21,MATR_b2c25,MATR_b1c20,MATR_b2c36,MATR_b1c24,MATR_b2c45,MATR_b1c15,MATR_b3c8,MATR_b2c17,MATR_b2c46,MATR_b4c39,MATR_b1c17,MATR_b2c26,MATR_b2c18,MATR_b3c25,MATR_b1c9",False,False,0.95
340,MATR_b4c3,777.0,873.6535274300005,87.75853207157476,701.6499652336107,1045.6570896263902,437.0,533.6535274300005,361.6499652336107,705.6570896263902,96.65352743000051,"MATR_b3c21,MATR_b2c25,MATR_b1c20,MATR_b2c36,MATR_b1c24,MATR_b2c45,MATR_b1c15,MATR_b3c8,MATR_b2c17,MATR_b2c46,MATR_b4c39,MATR_b1c17,MATR_b2c26,MATR_b2c18,MATR_b3c25,MATR_b1c9",False,False,0.95
340,MATR_b4c32,754.0,819.6001590111281,78.3924339573073,665.9538117943711,973.2465062278851,414.0,479.6001590111281,325.95381179437106,633.2465062278851,65.60015901112808,"MATR_b3c21,MATR_b2c25,MATR_b1c20,MATR_b2c36,MATR_b1c24,MATR_b2c45,MATR_b1c15,MATR_b3c8,MATR_b2c17,MATR_b2c46,MATR_b4c39,MATR_b1c17,MATR_b2c26,MATR_b2c18,MATR_b3c25,MATR_b1c9",False,False,0.95
340,MATR_b4c34,891.0,1080.3022705688097,146.9856401800396,792.2157095713687,1368.3888315662507,551.0,740.3022705688097,452.21570957136873,1028.3888315662507,189.30227056880972,"MATR_b3c21,MATR_b2c25,MATR_b1c20,MATR_b2c36,MATR_b1c24,MATR_b2c45,MATR_b1c15,MATR_b3c8,MATR_b2c17,MATR_b2c46,MATR_b4c39,MATR_b1c17,MATR_b2c26,MATR_b2c18,MATR_b3c25,MATR_b1c9",False,False,0.95
340,MATR_b4c42,774.0,932.7360755107276,94.57745012800153,747.3676795102115,1118.1044715112437,434.0,592.7360755107276,407.3676795102115,778.1044715112437,158.73607551072757,"MATR_b3c21,MATR_b2c25,MATR_b1c20,MATR_b2c36,MATR_b1c24,MATR_b2c45,MATR_b1c15,MATR_b3c8,MATR_b2c17,MATR_b2c46,MATR_b4c39,MATR_b1c17,MATR_b2c26,MATR_b2c18,MATR_b3c25,MATR_b1c9",False,False,0.95
340,MATR_b4c6,706.0,798.8005629001285,76.89692974794296,648.0853500724536,949.5157757278034,366.0,458.8005629001285,308.0853500724536,609.5157757278034,92.80056290012851,"MATR_b3c21,MATR_b2c25,MATR_b1c20,MATR_b2c36,MATR_b1c24,MATR_b2c45,MATR_b1c15,MATR_b3c8,MATR_b2c17,MATR_b2c46,MATR_b4c39,MATR_b1c17,MATR_b2c26,MATR_b2c18,MATR_b3c25,MATR_b1c9",False,False,0.95
340,MATR_b4c7,529.0,552.7414256641763,42.0691981521879,470.287312427409,635.1955389009436,189.0,212.7414256641763,130.287312427409,295.1955389009436,23.74142566417629,"MATR_b3c21,MATR_b2c25,MATR_b1c20,MATR_b2c36,MATR_b1c24,MATR_b2c45,MATR_b1c15,MATR_b3c8,MATR_b2c17,MATR_b2c46,MATR_b4c39,MATR_b1c17,MATR_b2c26,MATR_b2c18,MATR_b3c25,MATR_b1c9",False,False,0.95
360,MATR_b1c14,877.0,841.2816884411262,70.63369223294958,702.8421955694585,979.721181312794,517.0,481.2816884411262,342.84219556945845,619.721181312794,35.71831155887378,"MATR_b3c16,MATR_b2c38,MATR_b4c23,MATR_b3c5,MATR_b2c39,MATR_b3c39,MATR_b3c26,MATR_b3c28,MATR_b2c14,MATR_b2c36,MATR_b4c41,MATR_b2c45,MATR_b4c38,MATR_b1c17,MATR_b4c43,MATR_b1c43",False,False,0.95
360,MATR_b1c18,687.0,606.5694712669184,50.45179313170422,507.6857737733129,705.4531687605239,327.0,246.5694712669184,147.68577377331292,345.4531687605239,80.43052873308159,"MATR_b3c16,MATR_b2c38,MATR_b4c23,MATR_b3c5,MATR_b2c39,MATR_b3c39,MATR_b3c26,MATR_b3c28,MATR_b2c14,MATR_b2c36,MATR_b4c41,MATR_b2c45,MATR_b4c38,MATR_b1c17,MATR_b4c43,MATR_b1c43",False,False,0.95
360,MATR_b1c19,786.0,743.6919382714862,60.23151942401619,625.6403294662897,861.7435470766826,426.0,383.69193827148615,265.6403294662897,501.7435470766826,42.30806172851385,"MATR_b3c16,MATR_b2c38,MATR_b4c23,MATR_b3c5,MATR_b2c39,MATR_b3c39,MATR_b3c26,MATR_b3c28,MATR_b2c14,MATR_b2c36,MATR_b4c41,MATR_b2c45,MATR_b4c38,MATR_b1c17,MATR_b4c43,MATR_b1c43",False,False,0.95
360,MATR_b1c2,2237.0,1587.2805264248464,440.6773042031888,723.5688813823951,2450.9921714672973,1877.0,1227.2805264248464,363.56888138239515,2090.9921714672973,649.7194735751536,"MATR_b3c16,MATR_b2c38,MATR_b4c23,MATR_b3c5,MATR_b2c39,MATR_b3c39,MATR_b3c26,MATR_b3c28,MATR_b2c14,MATR_b2c36,MATR_b4c41,MATR_b2c45,MATR_b4c38,MATR_b1c17,MATR_b4c43,MATR_b1c43",False,False,0.95
360,MATR_b1c30,707.0,771.1524401798622,62.9711027342925,647.7313467538772,894.5735336058472,347.0,411.1524401798622,287.73134675387723,534.5735336058472,64.1524401798622,"MATR_b3c16,MATR_b2c38,MATR_b4c23,MATR_b3c5,MATR_b2c39,MATR_b3c39,MATR_b3c26,MATR_b3c28,MATR_b2c14,MATR_b2c36,MATR_b4c41,MATR_b2c45,MATR_b4c38,MATR_b1c17,MATR_b4c43,MATR_b1c43",False,False,0.95
360,MATR_b1c34,742.0,766.7724412419001,61.60602529993783,646.0268504233586,887.5180320604416,382.0,406.7724412419001,286.0268504233586,527.5180320604416,24.772441241900083,"MATR_b3c16,MATR_b2c38,MATR_b4c23,MATR_b3c5,MATR_b2c39,MATR_b3c39,MATR_b3c26,MATR_b3c28,MATR_b2c14,MATR_b2c36,MATR_b4c41,MATR_b2c45,MATR_b4c38,MATR_b1c17,MATR_b4c43,MATR_b1c43",False,False,0.95
360,MATR_b1c35,701.0,582.4877071460762,43.799204264257924,496.6428442366175,668.3325700555349,341.0,222.48770714607622,136.64284423661752,308.3325700555349,118.51229285392378,"MATR_b3c16,MATR_b2c38,MATR_b4c23,MATR_b3c5,MATR_b2c39,MATR_b3c39,MATR_b3c26,MATR_b3c28,MATR_b2c14,MATR_b2c36,MATR_b4c41,MATR_b2c45,MATR_b4c38,MATR_b1c17,MATR_b4c43,MATR_b1c43",False,False,0.95
360,MATR_b1c42,700.0,704.4007734987891,55.26251900172392,596.0882265604499,812.7133204371283,340.0,344.40077349878914,236.08822656044993,452.71332043712835,4.400773498789135,"MATR_b3c16,MATR_b2c38,MATR_b4c23,MATR_b3c5,MATR_b2c39,MATR_b3c39,MATR_b3c26,MATR_b3c28,MATR_b2c14,MATR_b2c36,MATR_b4c41,MATR_b2c45,MATR_b4c38,MATR_b1c17,MATR_b4c43,MATR_b1c43",False,False,0.95
360,MATR_b1c5,1071.0,955.1081112556044,79.83435977716836,798.6356413635413,1111.5805811476675,711.0,595.1081112556044,438.63564136354125,751.5805811476675,115.8918887443956,"MATR_b3c16,MATR_b2c38,MATR_b4c23,MATR_b3c5,MATR_b2c39,MATR_b3c39,MATR_b3c26,MATR_b3c28,MATR_b2c14,MATR_b2c36,MATR_b4c41,MATR_b2c45,MATR_b4c38,MATR_b1c17,MATR_b4c43,MATR_b1c43",False,False,0.95
360,MATR_b1c6,633.0,832.9836765566652,74.3554754452854,687.2496226305534,978.7177304827769,273.0,472.98367655666516,327.2496226305534,618.7177304827769,199.98367655666516,"MATR_b3c16,MATR_b2c38,MATR_b4c23,MATR_b3c5,MATR_b2c39,MATR_b3c39,MATR_b3c26,MATR_b3c28,MATR_b2c14,MATR_b2c36,MATR_b4c41,MATR_b2c45,MATR_b4c38,MATR_b1c17,MATR_b4c43,MATR_b1c43",False,False,0.95
360,MATR_b2c19,460.0,402.64216027692584,57.88287298755412,289.1938138996134,516.0905066542382,100.0,42.642160276925836,-70.80618610038658,156.0905066542382,57.357839723074164,"MATR_b3c16,MATR_b2c38,MATR_b4c23,MATR_b3c5,MATR_b2c39,MATR_b3c39,MATR_b3c26,MATR_b3c28,MATR_b2c14,MATR_b2c36,MATR_b4c41,MATR_b2c45,MATR_b4c38,MATR_b1c17,MATR_b4c43,MATR_b1c43",False,False,0.95
360,MATR_b2c22,512.0,489.3022036289707,38.04574715300969,414.7339094441544,563.870497813787,152.0,129.3022036289707,54.73390944415439,203.87049781378698,22.697796371029312,"MATR_b3c16,MATR_b2c38,MATR_b4c23,MATR_b3c5,MATR_b2c39,MATR_b3c39,MATR_b3c26,MATR_b3c28,MATR_b2c14,MATR_b2c36,MATR_b4c41,MATR_b2c45,MATR_b4c38,MATR_b1c17,MATR_b4c43,MATR_b1c43",False,False,0.95
360,MATR_b2c24,494.0,453.30520413457725,35.35652178899686,384.0076948095377,522.6027134596168,134.0,93.30520413457725,24.007694809537725,162.60271345961678,40.69479586542275,"MATR_b3c16,MATR_b2c38,MATR_b4c23,MATR_b3c5,MATR_b2c39,MATR_b3c39,MATR_b3c26,MATR_b3c28,MATR_b2c14,MATR_b2c36,MATR_b4c41,MATR_b2c45,MATR_b4c38,MATR_b1c17,MATR_b4c43,MATR_b1c43",False,False,0.95
360,MATR_b2c33,519.0,528.3864625688278,41.423180531649066,447.19852060169495,609.5744045359608,159.0,168.38646256882782,87.19852060169495,249.57440453596075,9.386462568827824,"MATR_b3c16,MATR_b2c38,MATR_b4c23,MATR_b3c5,MATR_b2c39,MATR_b3c39,MATR_b3c26,MATR_b3c28,MATR_b2c14,MATR_b2c36,MATR_b4c41,MATR_b2c45,MATR_b4c38,MATR_b1c17,MATR_b4c43,MATR_b1c43",False,False,0.95
360,MATR_b2c41,428.0,445.88908557821986,35.89714222990339,375.5319796596974,516.2461914967423,68.0,85.88908557821986,15.531979659697413,156.2461914967423,17.889085578219863,"MATR_b3c16,MATR_b2c38,MATR_b4c23,MATR_b3c5,MATR_b2c39,MATR_b3c39,MATR_b3c26,MATR_b3c28,MATR_b2c14,MATR_b2c36,MATR_b4c41,MATR_b2c45,MATR_b4c38,MATR_b1c17,MATR_b4c43,MATR_b1c43",False,False,0.95
360,MATR_b3c1,1061.0,1049.8787973876172,129.3672044880637,796.3237358103839,1303.4338589648505,701.0,689.8787973876172,436.32373581038394,943.4338589648505,11.121202612382831,"MATR_b3c16,MATR_b2c38,MATR_b4c23,MATR_b3c5,MATR_b2c39,MATR_b3c39,MATR_b3c26,MATR_b3c28,MATR_b2c14,MATR_b2c36,MATR_b4c41,MATR_b2c45,MATR_b4c38,MATR_b1c17,MATR_b4c43,MATR_b1c43",False,False,0.95
360,MATR_b3c14,856.0,897.0582692247519,79.12448845955026,741.9771215488784,1052.1394169006255,496.0,537.0582692247519,381.97712154887836,692.1394169006255,41.05826922475194,"MATR_b3c16,MATR_b2c38,MATR_b4c23,MATR_b3c5,MATR_b2c39,MATR_b3c39,MATR_b3c26,MATR_b3c28,MATR_b2c14,MATR_b2c36,MATR_b4c41,MATR_b2c45,MATR_b4c38,MATR_b1c17,MATR_b4c43,MATR_b1c43",False,False,0.95
360,MATR_b3c17,1313.0,1276.2446701523054,248.382243605026,789.4244182872004,1763.0649220174105,953.0,916.2446701523054,429.4244182872004,1403.0649220174105,36.75532984769461,"MATR_b3c16,MATR_b2c38,MATR_b4c23,MATR_b3c5,MATR_b2c39,MATR_b3c39,MATR_b3c26,MATR_b3c28,MATR_b2c14,MATR_b2c36,MATR_b4c41,MATR_b2c45,MATR_b4c38,MATR_b1c17,MATR_b4c43,MATR_b1c43",False,False,0.95
360,MATR_b3c24,823.0,841.4043710969646,79.99269549198603,684.6215689063924,998.1871732875368,463.0,481.4043710969646,324.62156890639244,638.1871732875368,18.40437109696461,"MATR_b3c16,MATR_b2c38,MATR_b4c23,MATR_b3c5,MATR_b2c39,MATR_b3c39,MATR_b3c26,MATR_b3c28,MATR_b2c14,MATR_b2c36,MATR_b4c41,MATR_b2c45,MATR_b4c38,MATR_b1c17,MATR_b4c43,MATR_b1c43",False,False,0.95
360,MATR_b3c31,729.0,683.3927048528329,56.51743328274004,572.6205711200171,794.1648385856488,369.0,323.39270485283294,212.62057112001708,434.1648385856488,45.607295147167065,"MATR_b3c16,MATR_b2c38,MATR_b4c23,MATR_b3c5,MATR_b2c39,MATR_b3c39,MATR_b3c26,MATR_b3c28,MATR_b2c14,MATR_b2c36,MATR_b4c41,MATR_b2c45,MATR_b4c38,MATR_b1c17,MATR_b4c43,MATR_b1c43",False,False,0.95
360,MATR_b3c33,1282.0,1141.7633265224385,177.8798203082839,793.1252851417457,1490.4013679031314,922.0,781.7633265224385,433.12528514174574,1130.4013679031314,140.23667347756145,"MATR_b3c16,MATR_b2c38,MATR_b4c23,MATR_b3c5,MATR_b2c39,MATR_b3c39,MATR_b3c26,MATR_b3c28,MATR_b2c14,MATR_b2c36,MATR_b4c41,MATR_b2c45,MATR_b4c38,MATR_b1c17,MATR_b4c43,MATR_b1c43",False,False,0.95
360,MATR_b3c36,921.0,952.0354367247403,103.36609383478174,749.4416155859803,1154.6292578635002,561.0,592.0354367247403,389.44161558598034,794.6292578635002,31.035436724740293,"MATR_b3c16,MATR_b2c38,MATR_b4c23,MATR_b3c5,MATR_b2c39,MATR_b3c39,MATR_b3c26,MATR_b3c28,MATR_b2c14,MATR_b2c36,MATR_b4c41,MATR_b2c45,MATR_b4c38,MATR_b1c17,MATR_b4c43,MATR_b1c43",False,False,0.95
360,MATR_b3c6,665.0,513.280744192937,47.80670124878864,419.5813315256453,606.9801568602288,305.0,153.28074419293705,59.58133152564528,246.98015686022882,151.71925580706295,"MATR_b3c16,MATR_b2c38,MATR_b4c23,MATR_b3c5,MATR_b2c39,MATR_b3c39,MATR_b3c26,MATR_b3c28,MATR_b2c14,MATR_b2c36,MATR_b4c41,MATR_b2c45,MATR_b4c38,MATR_b1c17,MATR_b4c43,MATR_b1c43",False,False,0.95
360,MATR_b4c1,760.0,669.4545888724296,60.20978319645164,551.4455822904195,787.4635954544397,400.0,309.45458887242955,191.44558229041945,427.46359545443966,90.54541112757045,"MATR_b3c16,MATR_b2c38,MATR_b4c23,MATR_b3c5,MATR_b2c39,MATR_b3c39,MATR_b3c26,MATR_b3c28,MATR_b2c14,MATR_b2c36,MATR_b4c41,MATR_b2c45,MATR_b4c38,MATR_b1c17,MATR_b4c43,MATR_b1c43",False,False,0.95
360,MATR_b4c11,863.0,864.3049359180637,86.86857940195212,694.0456489020796,1034.5642229340478,503.0,504.30493591806373,334.0456489020796,674.5642229340478,1.3049359180637339,"MATR_b3c16,MATR_b2c38,MATR_b4c23,MATR_b3c5,MATR_b2c39,MATR_b3c39,MATR_b3c26,MATR_b3c28,MATR_b2c14,MATR_b2c36,MATR_b4c41,MATR_b2c45,MATR_b4c38,MATR_b1c17,MATR_b4c43,MATR_b1c43",False,False,0.95
360,MATR_b4c15,675.0,674.9609775303607,59.05137400197322,559.2224112488883,790.699543811833,315.0,314.96097753036065,199.2224112488883,430.699543811833,0.039022469639348856,"MATR_b3c16,MATR_b2c38,MATR_b4c23,MATR_b3c5,MATR_b2c39,MATR_b3c39,MATR_b3c26,MATR_b3c28,MATR_b2c14,MATR_b2c36,MATR_b4c41,MATR_b2c45,MATR_b4c38,MATR_b1c17,MATR_b4c43,MATR_b1c43",False,False,0.95
360,MATR_b4c21,773.0,857.951540106789,86.48589947172572,688.442291971655,1027.4607882419232,413.0,497.951540106789,328.442291971655,667.4607882419232,84.95154010678903,"MATR_b3c16,MATR_b2c38,MATR_b4c23,MATR_b3c5,MATR_b2c39,MATR_b3c39,MATR_b3c26,MATR_b3c28,MATR_b2c14,MATR_b2c36,MATR_b4c41,MATR_b2c45,MATR_b4c38,MATR_b1c17,MATR_b4c43,MATR_b1c43",False,False,0.95
360,MATR_b4c3,777.0,829.8028572364507,80.42543461296717,672.171901954054,987.4338125188474,417.0,469.8028572364507,312.17190195405396,627.4338125188474,52.80285723645068,"MATR_b3c16,MATR_b2c38,MATR_b4c23,MATR_b3c5,MATR_b2c39,MATR_b3c39,MATR_b3c26,MATR_b3c28,MATR_b2c14,MATR_b2c36,MATR_b4c41,MATR_b2c45,MATR_b4c38,MATR_b1c17,MATR_b4c43,MATR_b1c43",False,False,0.95
360,MATR_b4c32,754.0,767.5820354428395,72.72995377948241,625.0339454377912,910.1301254478877,394.0,407.58203544283947,265.0339454377912,550.1301254478877,13.58203544283947,"MATR_b3c16,MATR_b2c38,MATR_b4c23,MATR_b3c5,MATR_b2c39,MATR_b3c39,MATR_b3c26,MATR_b3c28,MATR_b2c14,MATR_b2c36,MATR_b4c41,MATR_b2c45,MATR_b4c38,MATR_b1c17,MATR_b4c43,MATR_b1c43",False,False,0.95
360,MATR_b4c34,891.0,1017.3966682155028,128.1020148994716,766.3213326655251,1268.4720037654806,531.0,657.3966682155028,406.3213326655251,908.4720037654806,126.39666821550281,"MATR_b3c16,MATR_b2c38,MATR_b4c23,MATR_b3c5,MATR_b2c39,MATR_b3c39,MATR_b3c26,MATR_b3c28,MATR_b2c14,MATR_b2c36,MATR_b4c41,MATR_b2c45,MATR_b4c38,MATR_b1c17,MATR_b4c43,MATR_b1c43",False,False,0.95
360,MATR_b4c42,774.0,869.1671888799204,84.68568816750886,703.1862900656133,1035.1480876942276,414.0,509.16718887992045,343.1862900656133,675.1480876942276,95.16718887992045,"MATR_b3c16,MATR_b2c38,MATR_b4c23,MATR_b3c5,MATR_b2c39,MATR_b3c39,MATR_b3c26,MATR_b3c28,MATR_b2c14,MATR_b2c36,MATR_b4c41,MATR_b2c45,MATR_b4c38,MATR_b1c17,MATR_b4c43,MATR_b1c43",False,False,0.95
360,MATR_b4c6,706.0,748.70876662784,71.99422481972259,607.602678886304,889.8148543693759,346.0,388.70876662783996,247.60267888630403,529.8148543693759,42.708766627839964,"MATR_b3c16,MATR_b2c38,MATR_b4c23,MATR_b3c5,MATR_b2c39,MATR_b3c39,MATR_b3c26,MATR_b3c28,MATR_b2c14,MATR_b2c36,MATR_b4c41,MATR_b2c45,MATR_b4c38,MATR_b1c17,MATR_b4c43,MATR_b1c43",False,False,0.95
360,MATR_b4c7,529.0,532.6364502254158,41.73279474454266,450.8416755519098,614.4312248989219,169.0,172.63645022541584,90.84167555190982,254.43122489892187,3.6364502254158424,"MATR_b3c16,MATR_b2c38,MATR_b4c23,MATR_b3c5,MATR_b2c39,MATR_b3c39,MATR_b3c26,MATR_b3c28,MATR_b2c14,MATR_b2c36,MATR_b4c41,MATR_b2c45,MATR_b4c38,MATR_b1c17,MATR_b4c43,MATR_b1c43",False,False,0.95
380,MATR_b1c14,877.0,866.4434043255234,74.01810284654097,721.3705885423215,1011.5162201087253,497.0,486.4434043255234,341.37058854232146,631.5162201087253,10.556595674476625,"MATR_b4c31,MATR_b2c29,MATR_b2c46,MATR_b4c0,MATR_b2c26,MATR_b1c0,MATR_b2c18,MATR_b4c41,MATR_b3c41,MATR_b2c44,MATR_b3c28,MATR_b3c16,MATR_b2c25,MATR_b2c38,MATR_b4c19,MATR_b4c13",False,False,0.95
380,MATR_b1c18,687.0,615.2767217406106,51.2622062638363,514.8046436954279,715.7487997857933,307.0,235.27672174061058,134.8046436954279,335.74879978579327,71.72327825938942,"MATR_b4c31,MATR_b2c29,MATR_b2c46,MATR_b4c0,MATR_b2c26,MATR_b1c0,MATR_b2c18,MATR_b4c41,MATR_b3c41,MATR_b2c44,MATR_b3c28,MATR_b3c16,MATR_b2c25,MATR_b2c38,MATR_b4c19,MATR_b4c13",False,False,0.95
380,MATR_b1c19,786.0,761.609479098475,62.18798221170631,639.7232736923131,883.495684504637,406.0,381.60947909847505,259.7232736923131,503.495684504637,24.39052090152495,"MATR_b4c31,MATR_b2c29,MATR_b2c46,MATR_b4c0,MATR_b2c26,MATR_b1c0,MATR_b2c18,MATR_b4c41,MATR_b3c41,MATR_b2c44,MATR_b3c28,MATR_b3c16,MATR_b2c25,MATR_b2c38,MATR_b4c19,MATR_b4c13",False,False,0.95
380,MATR_b1c2,2237.0,1601.8070260890645,453.1419674241402,713.6650900541275,2489.9489621240014,1857.0,1221.8070260890645,333.6650900541275,2109.9489621240014,635.1929739109355,"MATR_b4c31,MATR_b2c29,MATR_b2c46,MATR_b4c0,MATR_b2c26,MATR_b1c0,MATR_b2c18,MATR_b4c41,MATR_b3c41,MATR_b2c44,MATR_b3c28,MATR_b3c16,MATR_b2c25,MATR_b2c38,MATR_b4c19,MATR_b4c13",False,False,0.95
380,MATR_b1c30,707.0,795.1568207429284,65.72458405673888,666.3390030928448,923.974638393012,327.0,415.1568207429284,286.3390030928448,543.974638393012,88.1568207429284,"MATR_b4c31,MATR_b2c29,MATR_b2c46,MATR_b4c0,MATR_b2c26,MATR_b1c0,MATR_b2c18,MATR_b4c41,MATR_b3c41,MATR_b2c44,MATR_b3c28,MATR_b3c16,MATR_b2c25,MATR_b2c38,MATR_b4c19,MATR_b4c13",False,False,0.95
380,MATR_b1c34,742.0,793.6633043162797,64.51842573378586,667.2095135388372,920.1170950937221,362.0,413.66330431627966,287.2095135388372,540.1170950937221,51.663304316279664,"MATR_b4c31,MATR_b2c29,MATR_b2c46,MATR_b4c0,MATR_b2c26,MATR_b1c0,MATR_b2c18,MATR_b4c41,MATR_b3c41,MATR_b2c44,MATR_b3c28,MATR_b3c16,MATR_b2c25,MATR_b2c38,MATR_b4c19,MATR_b4c13",False,False,0.95
380,MATR_b1c35,701.0,595.4560486306967,44.694049937488174,507.8573204299853,683.0547768314082,321.0,215.45604863069673,127.8573204299853,303.05477683140816,105.54395136930327,"MATR_b4c31,MATR_b2c29,MATR_b2c46,MATR_b4c0,MATR_b2c26,MATR_b1c0,MATR_b2c18,MATR_b4c41,MATR_b3c41,MATR_b2c44,MATR_b3c28,MATR_b3c16,MATR_b2c25,MATR_b2c38,MATR_b4c19,MATR_b4c13",False,False,0.95
380,MATR_b1c42,700.0,725.0826223008584,57.298831844441246,612.7789755295368,837.38626907218,320.0,345.08262230085836,232.77897552953675,457.38626907217997,25.08262230085836,"MATR_b4c31,MATR_b2c29,MATR_b2c46,MATR_b4c0,MATR_b2c26,MATR_b1c0,MATR_b2c18,MATR_b4c41,MATR_b3c41,MATR_b2c44,MATR_b3c28,MATR_b3c16,MATR_b2c25,MATR_b2c38,MATR_b4c19,MATR_b4c13",False,False,0.95
380,MATR_b1c5,1071.0,980.1534395214968,84.05493295437682,815.4087982079893,1144.8980808350043,691.0,600.1534395214968,435.4087982079893,764.8980808350043,90.84656047850319,"MATR_b4c31,MATR_b2c29,MATR_b2c46,MATR_b4c0,MATR_b2c26,MATR_b1c0,MATR_b2c18,MATR_b4c41,MATR_b3c41,MATR_b2c44,MATR_b3c28,MATR_b3c16,MATR_b2c25,MATR_b2c38,MATR_b4c19,MATR_b4c13",False,False,0.95
380,MATR_b1c6,633.0,855.3318353848991,77.83983977199561,702.7685528694193,1007.895117900379,253.0,475.33183538489914,322.7685528694193,627.895117900379,222.33183538489914,"MATR_b4c31,MATR_b2c29,MATR_b2c46,MATR_b4c0,MATR_b2c26,MATR_b1c0,MATR_b2c18,MATR_b4c41,MATR_b3c41,MATR_b2c44,MATR_b3c28,MATR_b3c16,MATR_b2c25,MATR_b2c38,MATR_b4c19,MATR_b4c13",False,False,0.95
380,MATR_b2c19,460.0,400.4856253946074,60.53396350470018,281.84123708393304,519.1300137052817,80.0,20.485625394607382,-98.15876291606696,139.13001370528173,59.51437460539262,"MATR_b4c31,MATR_b2c29,MATR_b2c46,MATR_b4c0,MATR_b2c26,MATR_b1c0,MATR_b2c18,MATR_b4c41,MATR_b3c41,MATR_b2c44,MATR_b3c28,MATR_b3c16,MATR_b2c25,MATR_b2c38,MATR_b4c19,MATR_b4c13",False,False,0.95
380,MATR_b2c22,512.0,489.7992575185249,38.09413143099106,415.1361318914471,564.4623831456026,132.0,109.79925751852488,35.13613189144712,184.46238314560264,22.200742481475118,"MATR_b4c31,MATR_b2c29,MATR_b2c46,MATR_b4c0,MATR_b2c26,MATR_b1c0,MATR_b2c18,MATR_b4c41,MATR_b3c41,MATR_b2c44,MATR_b3c28,MATR_b3c16,MATR_b2c25,MATR_b2c38,MATR_b4c19,MATR_b4c13",False,False,0.95
380,MATR_b2c24,494.0,451.37903562595386,35.11360062671828,382.557643030063,520.2004282218447,114.0,71.37903562595386,2.557643030062991,140.20042822184473,42.62096437404614,"MATR_b4c31,MATR_b2c29,MATR_b2c46,MATR_b4c0,MATR_b2c26,MATR_b1c0,MATR_b2c18,MATR_b4c41,MATR_b3c41,MATR_b2c44,MATR_b3c28,MATR_b3c16,MATR_b2c25,MATR_b2c38,MATR_b4c19,MATR_b4c13",False,False,0.95
380,MATR_b2c33,519.0,530.7484847834211,41.63172599117863,449.1518012264709,612.3451683403713,139.0,150.74848478342108,69.15180122647092,232.3451683403713,11.748484783421077,"MATR_b4c31,MATR_b2c29,MATR_b2c46,MATR_b4c0,MATR_b2c26,MATR_b1c0,MATR_b2c18,MATR_b4c41,MATR_b3c41,MATR_b2c44,MATR_b3c28,MATR_b3c16,MATR_b2c25,MATR_b2c38,MATR_b4c19,MATR_b4c13",False,False,0.95
380,MATR_b2c41,428.0,441.564046773989,35.78374451889154,371.429196284979,511.69889726299897,48.0,61.56404677398899,-8.570803715020986,131.69889726299897,13.564046773988991,"MATR_b4c31,MATR_b2c29,MATR_b2c46,MATR_b4c0,MATR_b2c26,MATR_b1c0,MATR_b2c18,MATR_b4c41,MATR_b3c41,MATR_b2c44,MATR_b3c28,MATR_b3c16,MATR_b2c25,MATR_b2c38,MATR_b4c19,MATR_b4c13",False,False,0.95
380,MATR_b3c1,1061.0,1071.340376895831,137.8819434986635,801.0967335200639,1341.584020271598,681.0,691.340376895831,421.09673352006394,961.5840202715981,10.340376895831014,"MATR_b4c31,MATR_b2c29,MATR_b2c46,MATR_b4c0,MATR_b2c26,MATR_b1c0,MATR_b2c18,MATR_b4c41,MATR_b3c41,MATR_b2c44,MATR_b3c28,MATR_b3c16,MATR_b2c25,MATR_b2c38,MATR_b4c19,MATR_b4c13",False,False,0.95
380,MATR_b3c14,856.0,916.141754883446,82.94358128113234,753.575322823656,1078.708186943236,476.0,536.141754883446,373.57532282365605,698.7081869432359,60.14175488344597,"MATR_b4c31,MATR_b2c29,MATR_b2c46,MATR_b4c0,MATR_b2c26,MATR_b1c0,MATR_b2c18,MATR_b4c41,MATR_b3c41,MATR_b2c44,MATR_b3c28,MATR_b3c16,MATR_b2c25,MATR_b2c38,MATR_b4c19,MATR_b4c13",False,False,0.95
380,MATR_b3c17,1313.0,1323.6312270595913,279.38629048350566,776.0441599376747,1871.2182941815079,933.0,943.6312270595913,396.04415993767475,1491.2182941815079,10.63122705959131,"MATR_b4c31,MATR_b2c29,MATR_b2c46,MATR_b4c0,MATR_b2c26,MATR_b1c0,MATR_b2c18,MATR_b4c41,MATR_b3c41,MATR_b2c44,MATR_b3c28,MATR_b3c16,MATR_b2c25,MATR_b2c38,MATR_b4c19,MATR_b4c13",False,False,0.95
380,MATR_b3c24,823.0,843.9410076729931,80.8292861934188,685.5185178378117,1002.3634975081745,443.0,463.9410076729931,305.5185178378117,622.3634975081745,20.941007672993123,"MATR_b4c31,MATR_b2c29,MATR_b2c46,MATR_b4c0,MATR_b2c26,MATR_b1c0,MATR_b2c18,MATR_b4c41,MATR_b3c41,MATR_b2c44,MATR_b3c28,MATR_b3c16,MATR_b2c25,MATR_b2c38,MATR_b4c19,MATR_b4c13",False,False,0.95
380,MATR_b3c31,729.0,681.0383797092993,56.30046150642084,570.6915028437309,791.3852565748678,349.0,301.0383797092993,190.69150284373086,411.38525657486775,47.961620290700694,"MATR_b4c31,MATR_b2c29,MATR_b2c46,MATR_b4c0,MATR_b2c26,MATR_b1c0,MATR_b2c18,MATR_b4c41,MATR_b3c41,MATR_b2c44,MATR_b3c28,MATR_b3c16,MATR_b2c25,MATR_b2c38,MATR_b4c19,MATR_b4c13",False,False,0.95
380,MATR_b3c33,1282.0,1184.317440151385,198.0576450430637,796.1315890041623,1572.5032912986076,902.0,804.317440151385,416.13158900416227,1192.5032912986076,97.68255984861503,"MATR_b4c31,MATR_b2c29,MATR_b2c46,MATR_b4c0,MATR_b2c26,MATR_b1c0,MATR_b2c18,MATR_b4c41,MATR_b3c41,MATR_b2c44,MATR_b3c28,MATR_b3c16,MATR_b2c25,MATR_b2c38,MATR_b4c19,MATR_b4c13",False,False,0.95
380,MATR_b3c36,921.0,968.604859491357,107.02060295232413,758.8483321010408,1178.3613868816733,541.0,588.604859491357,378.8483321010408,798.3613868816733,47.60485949135705,"MATR_b4c31,MATR_b2c29,MATR_b2c46,MATR_b4c0,MATR_b2c26,MATR_b1c0,MATR_b2c18,MATR_b4c41,MATR_b3c41,MATR_b2c44,MATR_b3c28,MATR_b3c16,MATR_b2c25,MATR_b2c38,MATR_b4c19,MATR_b4c13",False,False,0.95
380,MATR_b3c6,665.0,503.74460008887183,47.20672020546175,411.22112865790757,596.2680715198361,285.0,123.74460008887183,31.22112865790757,216.2680715198361,161.25539991112817,"MATR_b4c31,MATR_b2c29,MATR_b2c46,MATR_b4c0,MATR_b2c26,MATR_b1c0,MATR_b2c18,MATR_b4c41,MATR_b3c41,MATR_b2c44,MATR_b3c28,MATR_b3c16,MATR_b2c25,MATR_b2c38,MATR_b4c19,MATR_b4c13",False,False,0.95
380,MATR_b4c1,760.0,643.6629928697763,56.70035163587477,532.532345752705,754.7936399868476,380.0,263.6629928697763,152.53234575270506,374.79363998684755,116.3370071302237,"MATR_b4c31,MATR_b2c29,MATR_b2c46,MATR_b4c0,MATR_b2c26,MATR_b1c0,MATR_b2c18,MATR_b4c41,MATR_b3c41,MATR_b2c44,MATR_b3c28,MATR_b3c16,MATR_b2c25,MATR_b2c38,MATR_b4c19,MATR_b4c13",False,False,0.95
380,MATR_b4c11,863.0,866.8918198772934,87.7843520752272,694.8376514036642,1038.9459883509226,483.0,486.8918198772934,314.83765140366415,658.9459883509226,3.8918198772934147,"MATR_b4c31,MATR_b2c29,MATR_b2c46,MATR_b4c0,MATR_b2c26,MATR_b1c0,MATR_b2c18,MATR_b4c41,MATR_b3c41,MATR_b2c44,MATR_b3c28,MATR_b3c16,MATR_b2c25,MATR_b2c38,MATR_b4c19,MATR_b4c13",False,False,0.95
380,MATR_b4c15,675.0,666.0851160342748,57.75888239421292,552.8797867543329,779.2904453142168,295.0,286.08511603427485,172.87978675433294,399.29044531421675,8.914883965725153,"MATR_b4c31,MATR_b2c29,MATR_b2c46,MATR_b4c0,MATR_b2c26,MATR_b1c0,MATR_b2c18,MATR_b4c41,MATR_b3c41,MATR_b2c44,MATR_b3c28,MATR_b3c16,MATR_b2c25,MATR_b2c38,MATR_b4c19,MATR_b4c13",False,False,0.95
380,MATR_b4c21,773.0,865.0089262217303,87.99647319123925,692.5390080003571,1037.4788444431038,393.0,485.00892622173035,312.53900800035706,657.4788444431038,92.00892622173035,"MATR_b4c31,MATR_b2c29,MATR_b2c46,MATR_b4c0,MATR_b2c26,MATR_b1c0,MATR_b2c18,MATR_b4c41,MATR_b3c41,MATR_b2c44,MATR_b3c28,MATR_b3c16,MATR_b2c25,MATR_b2c38,MATR_b4c19,MATR_b4c13",False,False,0.95
380,MATR_b4c3,777.0,771.2383500316649,72.25628750621034,629.6186288629212,912.8580712004086,397.0,391.23835003166494,249.61862886292124,532.8580712004086,5.761649968335064,"MATR_b4c31,MATR_b2c29,MATR_b2c46,MATR_b4c0,MATR_b2c26,MATR_b1c0,MATR_b2c18,MATR_b4c41,MATR_b3c41,MATR_b2c44,MATR_b3c28,MATR_b3c16,MATR_b2c25,MATR_b2c38,MATR_b4c19,MATR_b4c13",False,False,0.95
380,MATR_b4c32,754.0,766.1738700246427,72.8218810847603,623.4456058120539,908.9021342372315,374.0,386.1738700246427,243.44560581205394,528.9021342372315,12.173870024642724,"MATR_b4c31,MATR_b2c29,MATR_b2c46,MATR_b4c0,MATR_b2c26,MATR_b1c0,MATR_b2c18,MATR_b4c41,MATR_b3c41,MATR_b2c44,MATR_b3c28,MATR_b3c16,MATR_b2c25,MATR_b2c38,MATR_b4c19,MATR_b4c13",False,False,0.95
380,MATR_b4c34,891.0,1022.6583972834312,126.32261767983174,775.0706161981384,1270.246178368724,511.0,642.6583972834312,395.0706161981384,890.246178368724,131.6583972834312,"MATR_b4c31,MATR_b2c29,MATR_b2c46,MATR_b4c0,MATR_b2c26,MATR_b1c0,MATR_b2c18,MATR_b4c41,MATR_b3c41,MATR_b2c44,MATR_b3c28,MATR_b3c16,MATR_b2c25,MATR_b2c38,MATR_b4c19,MATR_b4c13",False,False,0.95
380,MATR_b4c42,774.0,823.9027982094207,79.5687731871209,667.9508684686274,979.8547279502139,394.0,443.90279820942067,287.9508684686274,599.8547279502139,49.902798209420666,"MATR_b4c31,MATR_b2c29,MATR_b2c46,MATR_b4c0,MATR_b2c26,MATR_b1c0,MATR_b2c18,MATR_b4c41,MATR_b3c41,MATR_b2c44,MATR_b3c28,MATR_b3c16,MATR_b2c25,MATR_b2c38,MATR_b4c19,MATR_b4c13",False,False,0.95
380,MATR_b4c6,706.0,754.2794418254772,73.70785818895177,609.8146943975461,898.7441892534083,326.0,374.2794418254772,229.81469439754608,518.7441892534083,48.27944182547719,"MATR_b4c31,MATR_b2c29,MATR_b2c46,MATR_b4c0,MATR_b2c26,MATR_b1c0,MATR_b2c18,MATR_b4c41,MATR_b3c41,MATR_b2c44,MATR_b3c28,MATR_b3c16,MATR_b2c25,MATR_b2c38,MATR_b4c19,MATR_b4c13",False,False,0.95
380,MATR_b4c7,529.0,523.4769168451791,40.447092179287914,444.2020728944031,602.7517607959551,149.0,143.47691684517906,64.2020728944031,222.75176079595508,5.523083154820938,"MATR_b4c31,MATR_b2c29,MATR_b2c46,MATR_b4c0,MATR_b2c26,MATR_b1c0,MATR_b2c18,MATR_b4c41,MATR_b3c41,MATR_b2c44,MATR_b3c28,MATR_b3c16,MATR_b2c25,MATR_b2c38,MATR_b4c19,MATR_b4c13",False,False,0.95
400,MATR_b1c14,877.0,881.7063763096646,76.08280922461589,732.5868103867857,1030.8259422325436,477.0,481.7063763096646,332.5868103867857,630.8259422325436,4.70637630966462,"MATR_b2c4,MATR_b1c24,MATR_b1c29,MATR_b3c26,MATR_b1c32,MATR_b3c10,MATR_b2c32,MATR_b3c40,MATR_b2c42,MATR_b2c27,MATR_b2c35,MATR_b3c12,MATR_b4c44,MATR_b3c21,MATR_b4c14,MATR_b2c13",False,False,0.95
400,MATR_b1c18,687.0,617.0151494646591,51.34150115114648,516.3876562961902,717.6426426331279,287.0,217.0151494646591,116.38765629619024,317.64264263312793,69.98485053534091,"MATR_b2c4,MATR_b1c24,MATR_b1c29,MATR_b3c26,MATR_b1c32,MATR_b3c10,MATR_b2c32,MATR_b3c40,MATR_b2c42,MATR_b2c27,MATR_b2c35,MATR_b3c12,MATR_b4c44,MATR_b3c21,MATR_b4c14,MATR_b2c13",False,False,0.95
400,MATR_b1c19,786.0,771.9492175930465,63.221577470890324,648.0372027042926,895.8612324818004,386.0,371.94921759304646,248.03720270429255,495.86123248180036,14.050782406953545,"MATR_b2c4,MATR_b1c24,MATR_b1c29,MATR_b3c26,MATR_b1c32,MATR_b3c10,MATR_b2c32,MATR_b3c40,MATR_b2c42,MATR_b2c27,MATR_b2c35,MATR_b3c12,MATR_b4c44,MATR_b3c21,MATR_b4c14,MATR_b2c13",False,False,0.95
400,MATR_b1c2,2237.0,1605.7623796514958,458.5929616354598,706.9366912824361,2504.5880680205555,1837.0,1205.7623796514958,306.9366912824361,2104.5880680205555,631.2376203485042,"MATR_b2c4,MATR_b1c24,MATR_b1c29,MATR_b3c26,MATR_b1c32,MATR_b3c10,MATR_b2c32,MATR_b3c40,MATR_b2c42,MATR_b2c27,MATR_b2c35,MATR_b3c12,MATR_b4c44,MATR_b3c21,MATR_b4c14,MATR_b2c13",False,False,0.95
400,MATR_b1c30,707.0,805.2164362512178,66.91363098149877,674.0681294526767,936.364743049759,307.0,405.21643625121783,274.06812945267666,536.364743049759,98.21643625121783,"MATR_b2c4,MATR_b1c24,MATR_b1c29,MATR_b3c26,MATR_b1c32,MATR_b3c10,MATR_b2c32,MATR_b3c40,MATR_b2c42,MATR_b2c27,MATR_b2c35,MATR_b3c12,MATR_b4c44,MATR_b3c21,MATR_b4c14,MATR_b2c13",False,False,0.95
400,MATR_b1c34,742.0,807.208138074505,66.05397259094283,677.7447307604612,936.6715453885488,342.0,407.208138074505,277.74473076046115,536.6715453885488,65.20813807450497,"MATR_b2c4,MATR_b1c24,MATR_b1c29,MATR_b3c26,MATR_b1c32,MATR_b3c10,MATR_b2c32,MATR_b3c40,MATR_b2c42,MATR_b2c27,MATR_b2c35,MATR_b3c12,MATR_b4c44,MATR_b3c21,MATR_b4c14,MATR_b2c13",False,False,0.95
400,MATR_b1c35,701.0,597.4492324694996,44.595159511691755,510.044325941765,684.8541389972343,301.0,197.44923246949963,110.04432594176501,284.85413899723426,103.55076753050037,"MATR_b2c4,MATR_b1c24,MATR_b1c29,MATR_b3c26,MATR_b1c32,MATR_b3c10,MATR_b2c32,MATR_b3c40,MATR_b2c42,MATR_b2c27,MATR_b2c35,MATR_b3c12,MATR_b4c44,MATR_b3c21,MATR_b4c14,MATR_b2c13",False,False,0.95
400,MATR_b1c42,700.0,732.2008369193023,58.06362712755472,618.3982189375322,846.0034549010725,300.0,332.20083691930233,218.3982189375322,446.0034549010725,32.20083691930233,"MATR_b2c4,MATR_b1c24,MATR_b1c29,MATR_b3c26,MATR_b1c32,MATR_b3c10,MATR_b2c32,MATR_b3c40,MATR_b2c42,MATR_b2c27,MATR_b2c35,MATR_b3c12,MATR_b4c44,MATR_b3c21,MATR_b4c14,MATR_b2c13",False,False,0.95
400,MATR_b1c5,1071.0,997.4729221026703,86.92052992679365,827.1118139290188,1167.8340302763218,671.0,597.4729221026703,427.1118139290188,767.8340302763218,73.52707789732972,"MATR_b2c4,MATR_b1c24,MATR_b1c29,MATR_b3c26,MATR_b1c32,MATR_b3c10,MATR_b2c32,MATR_b3c40,MATR_b2c42,MATR_b2c27,MATR_b2c35,MATR_b3c12,MATR_b4c44,MATR_b3c21,MATR_b4c14,MATR_b2c13",False,False,0.95
400,MATR_b1c6,633.0,869.0109232820137,79.86383071428186,712.4806914146175,1025.5411551494099,233.0,469.01092328201366,312.48069141461747,625.5411551494099,236.01092328201366,"MATR_b2c4,MATR_b1c24,MATR_b1c29,MATR_b3c26,MATR_b1c32,MATR_b3c10,MATR_b2c32,MATR_b3c40,MATR_b2c42,MATR_b2c27,MATR_b2c35,MATR_b3c12,MATR_b4c44,MATR_b3c21,MATR_b4c14,MATR_b2c13",False,False,0.95
400,MATR_b2c19,460.0,384.7479567835497,66.11510690717094,255.1647284114793,514.33118515562,60.0,-15.252043216450318,-144.8352715885207,114.33118515562,75.25204321645032,"MATR_b2c4,MATR_b1c24,MATR_b1c29,MATR_b3c26,MATR_b1c32,MATR_b3c10,MATR_b2c32,MATR_b3c40,MATR_b2c42,MATR_b2c27,MATR_b2c35,MATR_b3c12,MATR_b4c44,MATR_b3c21,MATR_b4c14,MATR_b2c13",False,False,0.95
400,MATR_b2c22,512.0,482.18510405077194,38.05090127363675,407.6067079751547,556.7635001263892,112.0,82.18510405077194,7.606707975154677,156.7635001263892,29.81489594922806,"MATR_b2c4,MATR_b1c24,MATR_b1c29,MATR_b3c26,MATR_b1c32,MATR_b3c10,MATR_b2c32,MATR_b3c40,MATR_b2c42,MATR_b2c27,MATR_b2c35,MATR_b3c12,MATR_b4c44,MATR_b3c21,MATR_b4c14,MATR_b2c13",False,False,0.95
400,MATR_b2c24,494.0,444.1858310224122,35.25090818805114,375.09532055150385,513.2763414933205,94.0,44.185831022412174,-24.904679448496154,113.2763414933205,49.814168977587826,"MATR_b2c4,MATR_b1c24,MATR_b1c29,MATR_b3c26,MATR_b1c32,MATR_b3c10,MATR_b2c32,MATR_b3c40,MATR_b2c42,MATR_b2c27,MATR_b2c35,MATR_b3c12,MATR_b4c44,MATR_b3c21,MATR_b4c14,MATR_b2c13",False,False,0.95
400,MATR_b2c33,519.0,524.3244979854843,41.43888519130502,443.10577545103627,605.5432205199323,119.0,124.3244979854843,43.105775451036266,205.54322051993233,5.3244979854842995,"MATR_b2c4,MATR_b1c24,MATR_b1c29,MATR_b3c26,MATR_b1c32,MATR_b3c10,MATR_b2c32,MATR_b3c40,MATR_b2c42,MATR_b2c27,MATR_b2c35,MATR_b3c12,MATR_b4c44,MATR_b3c21,MATR_b4c14,MATR_b2c13",False,False,0.95
400,MATR_b2c41,428.0,430.29184617070047,36.552435385646454,358.650389267606,501.93330307379495,28.0,30.291846170700467,-41.34961073239401,101.93330307379495,2.2918461707004667,"MATR_b2c4,MATR_b1c24,MATR_b1c29,MATR_b3c26,MATR_b1c32,MATR_b3c10,MATR_b2c32,MATR_b3c40,MATR_b2c42,MATR_b2c27,MATR_b2c35,MATR_b3c12,MATR_b4c44,MATR_b3c21,MATR_b4c14,MATR_b2c13",False,False,0.95
400,MATR_b3c1,1061.0,1105.003056103748,150.56478763240256,809.9014950043172,1400.1046172031786,661.0,705.0030561037479,409.9014950043172,1000.1046172031786,44.003056103747895,"MATR_b2c4,MATR_b1c24,MATR_b1c29,MATR_b3c26,MATR_b1c32,MATR_b3c10,MATR_b2c32,MATR_b3c40,MATR_b2c42,MATR_b2c27,MATR_b2c35,MATR_b3c12,MATR_b4c44,MATR_b3c21,MATR_b4c14,MATR_b2c13",False,False,0.95
400,MATR_b3c14,856.0,926.2182559589927,85.29769000335251,759.0378555879596,1093.398656330026,456.0,526.2182559589927,359.0378555879596,693.3986563300259,70.2182559589927,"MATR_b2c4,MATR_b1c24,MATR_b1c29,MATR_b3c26,MATR_b1c32,MATR_b3c10,MATR_b2c32,MATR_b3c40,MATR_b2c42,MATR_b2c27,MATR_b2c35,MATR_b3c12,MATR_b4c44,MATR_b3c21,MATR_b4c14,MATR_b2c13",False,False,0.95
400,MATR_b3c17,1313.0,1363.0333430414962,307.38082021614866,760.5780058794636,1965.488680203529,913.0,963.0333430414962,360.5780058794636,1565.488680203529,50.03334304149621,"MATR_b2c4,MATR_b1c24,MATR_b1c29,MATR_b3c26,MATR_b1c32,MATR_b3c10,MATR_b2c32,MATR_b3c40,MATR_b2c42,MATR_b2c27,MATR_b2c35,MATR_b3c12,MATR_b4c44,MATR_b3c21,MATR_b4c14,MATR_b2c13",False,False,0.95
400,MATR_b3c24,823.0,841.866924606274,80.68407690174075,683.7290397530021,1000.0048094595459,423.0,441.866924606274,283.7290397530021,600.0048094595459,18.866924606273983,"MATR_b2c4,MATR_b1c24,MATR_b1c29,MATR_b3c26,MATR_b1c32,MATR_b3c10,MATR_b2c32,MATR_b3c40,MATR_b2c42,MATR_b2c27,MATR_b2c35,MATR_b3c12,MATR_b4c44,MATR_b3c21,MATR_b4c14,MATR_b2c13",False,False,0.95
400,MATR_b3c31,729.0,674.1398750672704,55.0181369955798,566.3063080594433,781.9734420750975,329.0,274.1398750672704,166.30630805944327,381.9734420750975,54.860124932729605,"MATR_b2c4,MATR_b1c24,MATR_b1c29,MATR_b3c26,MATR_b1c32,MATR_b3c10,MATR_b2c32,MATR_b3c40,MATR_b2c42,MATR_b2c27,MATR_b2c35,MATR_b3c12,MATR_b4c44,MATR_b3c21,MATR_b4c14,MATR_b2c13",False,False,0.95
400,MATR_b3c33,1282.0,1235.644972718194,224.80144777662403,795.0422314035491,1676.2477140328388,882.0,835.6449727181939,395.04223140354907,1276.2477140328388,46.35502728180609,"MATR_b2c4,MATR_b1c24,MATR_b1c29,MATR_b3c26,MATR_b1c32,MATR_b3c10,MATR_b2c32,MATR_b3c40,MATR_b2c42,MATR_b2c27,MATR_b2c35,MATR_b3c12,MATR_b4c44,MATR_b3c21,MATR_b4c14,MATR_b2c13",False,False,0.95
400,MATR_b3c36,921.0,987.9262580408487,110.13742743112454,772.0608669259508,1203.7916491557464,521.0,587.9262580408487,372.0608669259508,803.7916491557464,66.92625804084867,"MATR_b2c4,MATR_b1c24,MATR_b1c29,MATR_b3c26,MATR_b1c32,MATR_b3c10,MATR_b2c32,MATR_b3c40,MATR_b2c42,MATR_b2c27,MATR_b2c35,MATR_b3c12,MATR_b4c44,MATR_b3c21,MATR_b4c14,MATR_b2c13",False,False,0.95
400,MATR_b3c6,665.0,491.0760491714404,48.16628996583607,396.6718555694887,585.4802427733921,265.0,91.07604917144039,-3.3281444305113155,185.4802427733921,173.9239508285596,"MATR_b2c4,MATR_b1c24,MATR_b1c29,MATR_b3c26,MATR_b1c32,MATR_b3c10,MATR_b2c32,MATR_b3c40,MATR_b2c42,MATR_b2c27,MATR_b2c35,MATR_b3c12,MATR_b4c44,MATR_b3c21,MATR_b4c14,MATR_b2c13",False,False,0.95
400,MATR_b4c1,760.0,627.5595910582947,54.607002367450704,520.5318331143978,734.5873490021916,360.0,227.5595910582947,120.53183311439784,334.58734900219156,132.4404089417053,"MATR_b2c4,MATR_b1c24,MATR_b1c29,MATR_b3c26,MATR_b1c32,MATR_b3c10,MATR_b2c32,MATR_b3c40,MATR_b2c42,MATR_b2c27,MATR_b2c35,MATR_b3c12,MATR_b4c44,MATR_b3c21,MATR_b4c14,MATR_b2c13",False,False,0.95
400,MATR_b4c11,863.0,881.9863972603546,90.05236275319815,705.4870095413501,1058.485784979359,463.0,481.9863972603546,305.48700954135006,658.4857849793591,18.98639726035458,"MATR_b2c4,MATR_b1c24,MATR_b1c29,MATR_b3c26,MATR_b1c32,MATR_b3c10,MATR_b2c32,MATR_b3c40,MATR_b2c42,MATR_b2c27,MATR_b2c35,MATR_b3c12,MATR_b4c44,MATR_b3c21,MATR_b4c14,MATR_b2c13",False,False,0.95
400,MATR_b4c15,675.0,656.851632432207,56.29019560846719,546.5248763568966,767.1783885075174,275.0,256.851632432207,146.52487635689658,367.1783885075174,18.148367567793002,"MATR_b2c4,MATR_b1c24,MATR_b1c29,MATR_b3c26,MATR_b1c32,MATR_b3c10,MATR_b2c32,MATR_b3c40,MATR_b2c42,MATR_b2c27,MATR_b2c35,MATR_b3c12,MATR_b4c44,MATR_b3c21,MATR_b4c14,MATR_b2c13",False,False,0.95
400,MATR_b4c21,773.0,868.9550113061745,88.21853086842366,696.0498680350291,1041.86015457732,373.0,468.95501130617447,296.04986803502914,641.8601545773199,95.95501130617447,"MATR_b2c4,MATR_b1c24,MATR_b1c29,MATR_b3c26,MATR_b1c32,MATR_b3c10,MATR_b2c32,MATR_b3c40,MATR_b2c42,MATR_b2c27,MATR_b2c35,MATR_b3c12,MATR_b4c44,MATR_b3c21,MATR_b4c14,MATR_b2c13",False,False,0.95
400,MATR_b4c3,777.0,724.9581541691844,66.98549226717432,593.6690018388364,856.2473064995323,377.0,324.95815416918435,193.66900183883638,456.2473064995323,52.041845830815646,"MATR_b2c4,MATR_b1c24,MATR_b1c29,MATR_b3c26,MATR_b1c32,MATR_b3c10,MATR_b2c32,MATR_b3c40,MATR_b2c42,MATR_b2c27,MATR_b2c35,MATR_b3c12,MATR_b4c44,MATR_b3c21,MATR_b4c14,MATR_b2c13",False,False,0.95
400,MATR_b4c32,754.0,762.2752700111469,71.8981290517559,621.3575265138924,903.1930135084014,354.0,362.27527001114686,221.35752651389237,503.19301350840135,8.275270011146858,"MATR_b2c4,MATR_b1c24,MATR_b1c29,MATR_b3c26,MATR_b1c32,MATR_b3c10,MATR_b2c32,MATR_b3c40,MATR_b2c42,MATR_b2c27,MATR_b2c35,MATR_b3c12,MATR_b4c44,MATR_b3c21,MATR_b4c14,MATR_b2c13",False,False,0.95
400,MATR_b4c34,891.0,1012.0570839324795,118.29250244769834,780.2080394938746,1243.9061283710844,491.0,612.0570839324795,380.2080394938746,843.9061283710844,121.05708393247949,"MATR_b2c4,MATR_b1c24,MATR_b1c29,MATR_b3c26,MATR_b1c32,MATR_b3c10,MATR_b2c32,MATR_b3c40,MATR_b2c42,MATR_b2c27,MATR_b2c35,MATR_b3c12,MATR_b4c44,MATR_b3c21,MATR_b4c14,MATR_b2c13",False,False,0.95
400,MATR_b4c42,774.0,804.8255181966482,76.66637988661265,654.5621747938214,955.088861599475,374.0,404.8255181966482,254.56217479382144,555.088861599475,30.825518196648204,"MATR_b2c4,MATR_b1c24,MATR_b1c29,MATR_b3c26,MATR_b1c32,MATR_b3c10,MATR_b2c32,MATR_b3c40,MATR_b2c42,MATR_b2c27,MATR_b2c35,MATR_b3c12,MATR_b4c44,MATR_b3c21,MATR_b4c14,MATR_b2c13",False,False,0.95
400,MATR_b4c6,706.0,731.2493170908248,71.66131708677008,590.7957165160507,871.7029176655989,306.0,331.2493170908248,190.79571651605067,471.7029176655989,25.249317090824775,"MATR_b2c4,MATR_b1c24,MATR_b1c29,MATR_b3c26,MATR_b1c32,MATR_b3c10,MATR_b2c32,MATR_b3c40,MATR_b2c42,MATR_b2c27,MATR_b2c35,MATR_b3c12,MATR_b4c44,MATR_b3c21,MATR_b4c14,MATR_b2c13",False,False,0.95
400,MATR_b4c7,529.0,510.853946138277,39.117641927451125,434.18477680033885,587.5231154762153,129.0,110.85394613827702,34.18477680033885,187.52311547621525,18.146053861722976,"MATR_b2c4,MATR_b1c24,MATR_b1c29,MATR_b3c26,MATR_b1c32,MATR_b3c10,MATR_b2c32,MATR_b3c40,MATR_b2c42,MATR_b2c27,MATR_b2c35,MATR_b3c12,MATR_b4c44,MATR_b3c21,MATR_b4c14,MATR_b2c13",False,False,0.95
420,MATR_b1c14,877.0,875.2488536177711,76.04989907054357,726.1937904115996,1024.3039168239427,457.0,455.24885361777115,306.1937904115996,604.3039168239427,1.7511463822288533,"MATR_b4c41,MATR_b3c21,MATR_b4c0,MATR_b3c11,MATR_b1c24,MATR_b3c4,MATR_b1c20,MATR_b4c4,MATR_b2c10,MATR_b3c0,MATR_b1c23,MATR_b4c28,MATR_b1c29,MATR_b1c38,MATR_b3c38,MATR_b2c32",False,False,0.95
420,MATR_b1c18,687.0,613.6924989071802,51.71766962272584,512.3277290822963,715.057268732064,267.0,193.69249890718015,92.32772908229629,295.057268732064,73.30750109281985,"MATR_b4c41,MATR_b3c21,MATR_b4c0,MATR_b3c11,MATR_b1c24,MATR_b3c4,MATR_b1c20,MATR_b4c4,MATR_b2c10,MATR_b3c0,MATR_b1c23,MATR_b4c28,MATR_b1c29,MATR_b1c38,MATR_b3c38,MATR_b2c32",False,False,0.95
420,MATR_b1c19,786.0,763.3549612825401,62.753538151766996,640.3602866026166,886.3496359624636,366.0,343.3549612825401,220.3602866026166,466.3496359624636,22.645038717459897,"MATR_b4c41,MATR_b3c21,MATR_b4c0,MATR_b3c11,MATR_b1c24,MATR_b3c4,MATR_b1c20,MATR_b4c4,MATR_b2c10,MATR_b3c0,MATR_b1c23,MATR_b4c28,MATR_b1c29,MATR_b1c38,MATR_b3c38,MATR_b2c32",False,False,0.95
420,MATR_b1c2,2237.0,1593.8583793669977,453.41981475207365,705.1718725761104,2482.5448861578852,1817.0,1173.8583793669977,285.17187257611045,2062.5448861578852,643.1416206330023,"MATR_b4c41,MATR_b3c21,MATR_b4c0,MATR_b3c11,MATR_b1c24,MATR_b3c4,MATR_b1c20,MATR_b4c4,MATR_b2c10,MATR_b3c0,MATR_b1c23,MATR_b4c28,MATR_b1c29,MATR_b1c38,MATR_b3c38,MATR_b2c32",False,False,0.95
420,MATR_b1c30,707.0,795.9702567162316,66.55569835798006,665.5234849686791,926.417028463784,287.0,375.9702567162316,245.5234849686791,506.41702846378405,88.97025671623157,"MATR_b4c41,MATR_b3c21,MATR_b4c0,MATR_b3c11,MATR_b1c24,MATR_b3c4,MATR_b1c20,MATR_b4c4,MATR_b2c10,MATR_b3c0,MATR_b1c23,MATR_b4c28,MATR_b1c29,MATR_b1c38,MATR_b3c38,MATR_b2c32",False,False,0.95
420,MATR_b1c34,742.0,799.9034129796048,65.56853017533437,671.3914553167217,928.4153706424879,322.0,379.9034129796048,251.3914553167217,508.4153706424879,57.90341297960481,"MATR_b4c41,MATR_b3c21,MATR_b4c0,MATR_b3c11,MATR_b1c24,MATR_b3c4,MATR_b1c20,MATR_b4c4,MATR_b2c10,MATR_b3c0,MATR_b1c23,MATR_b4c28,MATR_b1c29,MATR_b1c38,MATR_b3c38,MATR_b2c32",False,False,0.95
420,MATR_b1c35,701.0,592.5378800983651,44.69358416118322,504.94006480243627,680.135695394294,281.0,172.53788009836512,84.94006480243627,260.135695394294,108.46211990163488,"MATR_b4c41,MATR_b3c21,MATR_b4c0,MATR_b3c11,MATR_b1c24,MATR_b3c4,MATR_b1c20,MATR_b4c4,MATR_b2c10,MATR_b3c0,MATR_b1c23,MATR_b4c28,MATR_b1c29,MATR_b1c38,MATR_b3c38,MATR_b2c32",False,False,0.95
420,MATR_b1c42,700.0,717.9750193839884,57.310560938666015,605.648384010415,830.3016547575618,280.0,297.9750193839884,185.64838401041504,410.3016547575618,17.97501938398841,"MATR_b4c41,MATR_b3c21,MATR_b4c0,MATR_b3c11,MATR_b1c24,MATR_b3c4,MATR_b1c20,MATR_b4c4,MATR_b2c10,MATR_b3c0,MATR_b1c23,MATR_b4c28,MATR_b1c29,MATR_b1c38,MATR_b3c38,MATR_b2c32",False,False,0.95
420,MATR_b1c5,1071.0,988.7130153824625,86.00442791673727,820.1474341546863,1157.2785966102388,651.0,568.7130153824625,400.14743415468627,737.2785966102388,82.28698461753754,"MATR_b4c41,MATR_b3c21,MATR_b4c0,MATR_b3c11,MATR_b1c24,MATR_b3c4,MATR_b1c20,MATR_b4c4,MATR_b2c10,MATR_b3c0,MATR_b1c23,MATR_b4c28,MATR_b1c29,MATR_b1c38,MATR_b3c38,MATR_b2c32",False,False,0.95
420,MATR_b1c6,633.0,860.3111534580678,78.96051638096152,705.5513851506983,1015.0709217654373,213.0,440.3111534580678,285.55138515069825,595.0709217654373,227.3111534580678,"MATR_b4c41,MATR_b3c21,MATR_b4c0,MATR_b3c11,MATR_b1c24,MATR_b3c4,MATR_b1c20,MATR_b4c4,MATR_b2c10,MATR_b3c0,MATR_b1c23,MATR_b4c28,MATR_b1c29,MATR_b1c38,MATR_b3c38,MATR_b2c32",False,False,0.95
420,MATR_b2c19,460.0,376.9851689215934,70.44456823389329,238.91635227668823,515.0539855664986,40.0,-43.01483107840659,-181.08364772331177,95.05398556649857,83.01483107840659,"MATR_b4c41,MATR_b3c21,MATR_b4c0,MATR_b3c11,MATR_b1c24,MATR_b3c4,MATR_b1c20,MATR_b4c4,MATR_b2c10,MATR_b3c0,MATR_b1c23,MATR_b4c28,MATR_b1c29,MATR_b1c38,MATR_b3c38,MATR_b2c32",False,False,0.95
420,MATR_b2c22,512.0,473.5226621985787,38.48071400207565,398.1018486551243,548.9434757420331,92.0,53.5226621985787,-21.898151344875714,128.94347574203312,38.4773378014213,"MATR_b4c41,MATR_b3c21,MATR_b4c0,MATR_b3c11,MATR_b1c24,MATR_b3c4,MATR_b1c20,MATR_b4c4,MATR_b2c10,MATR_b3c0,MATR_b1c23,MATR_b4c28,MATR_b1c29,MATR_b1c38,MATR_b3c38,MATR_b2c32",False,False,0.95
420,MATR_b2c24,494.0,438.1948374052593,36.199442813846964,367.24523322970197,509.14444158081665,74.0,18.194837405259307,-52.75476677029803,89.14444158081665,55.80516259474069,"MATR_b4c41,MATR_b3c21,MATR_b4c0,MATR_b3c11,MATR_b1c24,MATR_b3c4,MATR_b1c20,MATR_b4c4,MATR_b2c10,MATR_b3c0,MATR_b1c23,MATR_b4c28,MATR_b1c29,MATR_b1c38,MATR_b3c38,MATR_b2c32",False,False,0.95
420,MATR_b2c33,519.0,511.65570241787253,41.03434670842386,431.2298607402321,592.081544095513,99.0,91.65570241787253,11.229860740232084,172.08154409551298,7.344297582127467,"MATR_b4c41,MATR_b3c21,MATR_b4c0,MATR_b3c11,MATR_b1c24,MATR_b3c4,MATR_b1c20,MATR_b4c4,MATR_b2c10,MATR_b3c0,MATR_b1c23,MATR_b4c28,MATR_b1c29,MATR_b1c38,MATR_b3c38,MATR_b2c32",False,False,0.95
420,MATR_b2c41,428.0,418.2377059524272,38.8088298848605,342.1737970959589,494.30161480889547,8.0,-1.7622940475728228,-77.82620290404111,74.30161480889547,9.762294047572823,"MATR_b4c41,MATR_b3c21,MATR_b4c0,MATR_b3c11,MATR_b1c24,MATR_b3c4,MATR_b1c20,MATR_b4c4,MATR_b2c10,MATR_b3c0,MATR_b1c23,MATR_b4c28,MATR_b1c29,MATR_b1c38,MATR_b3c38,MATR_b2c32",False,False,0.95
420,MATR_b3c1,1061.0,1078.1126326351614,138.4245305506354,806.8055381790516,1349.4197270912712,641.0,658.1126326351614,386.8055381790516,929.4197270912712,17.11263263516139,"MATR_b4c41,MATR_b3c21,MATR_b4c0,MATR_b3c11,MATR_b1c24,MATR_b3c4,MATR_b1c20,MATR_b4c4,MATR_b2c10,MATR_b3c0,MATR_b1c23,MATR_b4c28,MATR_b1c29,MATR_b1c38,MATR_b3c38,MATR_b2c32",False,False,0.95
420,MATR_b3c14,856.0,898.8154126875995,82.25356426661433,737.6013891249847,1060.0294362502143,436.0,478.8154126875995,317.60138912498473,640.0294362502143,42.81541268759952,"MATR_b4c41,MATR_b3c21,MATR_b4c0,MATR_b3c11,MATR_b1c24,MATR_b3c4,MATR_b1c20,MATR_b4c4,MATR_b2c10,MATR_b3c0,MATR_b1c23,MATR_b4c28,MATR_b1c29,MATR_b1c38,MATR_b3c38,MATR_b2c32",False,False,0.95
420,MATR_b3c17,1313.0,1325.7149691036243,278.7140482455545,779.4454725569785,1871.98446565027,893.0,905.7149691036243,359.44547255697853,1451.98446565027,12.714969103624298,"MATR_b4c41,MATR_b3c21,MATR_b4c0,MATR_b3c11,MATR_b1c24,MATR_b3c4,MATR_b1c20,MATR_b4c4,MATR_b2c10,MATR_b3c0,MATR_b1c23,MATR_b4c28,MATR_b1c29,MATR_b1c38,MATR_b3c38,MATR_b2c32",False,False,0.95
420,MATR_b3c24,823.0,812.2652313809789,77.67465385212729,660.025707319194,964.5047554427638,403.0,392.2652313809789,240.025707319194,544.5047554427638,10.73476861902111,"MATR_b4c41,MATR_b3c21,MATR_b4c0,MATR_b3c11,MATR_b1c24,MATR_b3c4,MATR_b1c20,MATR_b4c4,MATR_b2c10,MATR_b3c0,MATR_b1c23,MATR_b4c28,MATR_b1c29,MATR_b1c38,MATR_b3c38,MATR_b2c32",False,False,0.95
420,MATR_b3c31,729.0,646.9955235306936,52.78452789681925,543.5397499119781,750.4512971494091,309.0,226.99552353069362,123.5397499119781,330.45129714940913,82.00447646930638,"MATR_b4c41,MATR_b3c21,MATR_b4c0,MATR_b3c11,MATR_b1c24,MATR_b3c4,MATR_b1c20,MATR_b4c4,MATR_b2c10,MATR_b3c0,MATR_b1c23,MATR_b4c28,MATR_b1c29,MATR_b1c38,MATR_b3c38,MATR_b2c32",False,False,0.95
420,MATR_b3c33,1282.0,1244.86677897896,230.57251970085963,792.9529445406231,1696.7806134172968,862.0,824.8667789789599,372.9529445406231,1276.7806134172968,37.13322102104007,"MATR_b4c41,MATR_b3c21,MATR_b4c0,MATR_b3c11,MATR_b1c24,MATR_b3c4,MATR_b1c20,MATR_b4c4,MATR_b2c10,MATR_b3c0,MATR_b1c23,MATR_b4c28,MATR_b1c29,MATR_b1c38,MATR_b3c38,MATR_b2c32",False,False,0.95
420,MATR_b3c36,921.0,978.3374576902677,103.60320690768187,775.2789034683599,1181.3960119121755,501.0,558.3374576902677,355.2789034683599,761.3960119121755,57.337457690267684,"MATR_b4c41,MATR_b3c21,MATR_b4c0,MATR_b3c11,MATR_b1c24,MATR_b3c4,MATR_b1c20,MATR_b4c4,MATR_b2c10,MATR_b3c0,MATR_b1c23,MATR_b4c28,MATR_b1c29,MATR_b1c38,MATR_b3c38,MATR_b2c32",False,False,0.95
420,MATR_b3c6,665.0,477.5588067782697,49.66602850524546,380.2151796528489,574.9024339036905,245.0,57.558806778269684,-39.78482034715108,154.9024339036905,187.44119322173032,"MATR_b4c41,MATR_b3c21,MATR_b4c0,MATR_b3c11,MATR_b1c24,MATR_b3c4,MATR_b1c20,MATR_b4c4,MATR_b2c10,MATR_b3c0,MATR_b1c23,MATR_b4c28,MATR_b1c29,MATR_b1c38,MATR_b3c38,MATR_b2c32",False,False,0.95
420,MATR_b4c1,760.0,592.0124279686421,50.9148594654302,492.2211371384807,691.8037187988035,340.0,172.0124279686421,72.22113713848069,271.8037187988035,167.9875720313579,"MATR_b4c41,MATR_b3c21,MATR_b4c0,MATR_b3c11,MATR_b1c24,MATR_b3c4,MATR_b1c20,MATR_b4c4,MATR_b2c10,MATR_b3c0,MATR_b1c23,MATR_b4c28,MATR_b1c29,MATR_b1c38,MATR_b3c38,MATR_b2c32",False,False,0.95
420,MATR_b4c11,863.0,866.7678104647076,86.42748453634876,697.3730534990716,1036.1625674303436,443.0,446.7678104647076,277.3730534990716,616.1625674303436,3.7678104647076225,"MATR_b4c41,MATR_b3c21,MATR_b4c0,MATR_b3c11,MATR_b1c24,MATR_b3c4,MATR_b1c20,MATR_b4c4,MATR_b2c10,MATR_b3c0,MATR_b1c23,MATR_b4c28,MATR_b1c29,MATR_b1c38,MATR_b3c38,MATR_b2c32",False,False,0.95
420,MATR_b4c15,675.0,623.5594006454974,52.86490018588534,519.9461002348573,727.1727010561374,255.0,203.55940064549736,99.94610023485734,307.1727010561374,51.44059935450264,"MATR_b4c41,MATR_b3c21,MATR_b4c0,MATR_b3c11,MATR_b1c24,MATR_b3c4,MATR_b1c20,MATR_b4c4,MATR_b2c10,MATR_b3c0,MATR_b1c23,MATR_b4c28,MATR_b1c29,MATR_b1c38,MATR_b3c38,MATR_b2c32",False,False,0.95
420,MATR_b4c21,773.0,846.7587755351456,83.77569300233968,682.5614344706756,1010.9561165996155,353.0,426.75877553514556,262.56143447067564,590.9561165996155,73.75877553514556,"MATR_b4c41,MATR_b3c21,MATR_b4c0,MATR_b3c11,MATR_b1c24,MATR_b3c4,MATR_b1c20,MATR_b4c4,MATR_b2c10,MATR_b3c0,MATR_b1c23,MATR_b4c28,MATR_b1c29,MATR_b1c38,MATR_b3c38,MATR_b2c32",False,False,0.95
420,MATR_b4c3,777.0,659.8518340519446,59.96514713050482,542.3223053485099,777.3813627553793,357.0,239.8518340519446,122.32230534850987,357.3813627553793,117.14816594805541,"MATR_b4c41,MATR_b3c21,MATR_b4c0,MATR_b3c11,MATR_b1c24,MATR_b3c4,MATR_b1c20,MATR_b4c4,MATR_b2c10,MATR_b3c0,MATR_b1c23,MATR_b4c28,MATR_b1c29,MATR_b1c38,MATR_b3c38,MATR_b2c32",False,False,0.95
420,MATR_b4c32,754.0,736.1867270585755,68.1750849500289,602.5660159135601,869.8074382035908,334.0,316.18672705857546,182.56601591356014,449.8074382035908,17.813272941424543,"MATR_b4c41,MATR_b3c21,MATR_b4c0,MATR_b3c11,MATR_b1c24,MATR_b3c4,MATR_b1c20,MATR_b4c4,MATR_b2c10,MATR_b3c0,MATR_b1c23,MATR_b4c28,MATR_b1c29,MATR_b1c38,MATR_b3c38,MATR_b2c32",False,False,0.95
420,MATR_b4c34,891.0,943.1290410042186,100.74436604409247,745.6737119124774,1140.5843700959597,471.0,523.1290410042186,325.6737119124774,720.5843700959597,52.12904100421861,"MATR_b4c41,MATR_b3c21,MATR_b4c0,MATR_b3c11,MATR_b1c24,MATR_b3c4,MATR_b1c20,MATR_b4c4,MATR_b2c10,MATR_b3c0,MATR_b1c23,MATR_b4c28,MATR_b1c29,MATR_b1c38,MATR_b3c38,MATR_b2c32",False,False,0.95
420,MATR_b4c42,774.0,767.8082051249787,72.08022406293742,626.533561964044,909.0828482859134,354.0,347.8082051249787,206.533561964044,489.0828482859134,6.191794875021287,"MATR_b4c41,MATR_b3c21,MATR_b4c0,MATR_b3c11,MATR_b1c24,MATR_b3c4,MATR_b1c20,MATR_b4c4,MATR_b2c10,MATR_b3c0,MATR_b1c23,MATR_b4c28,MATR_b1c29,MATR_b1c38,MATR_b3c38,MATR_b2c32",False,False,0.95
420,MATR_b4c6,706.0,674.623802533685,64.59222069684864,548.025376286399,801.2222287809709,286.0,254.62380253368497,128.02537628639902,381.2222287809709,31.376197466315034,"MATR_b4c41,MATR_b3c21,MATR_b4c0,MATR_b3c11,MATR_b1c24,MATR_b3c4,MATR_b1c20,MATR_b4c4,MATR_b2c10,MATR_b3c0,MATR_b1c23,MATR_b4c28,MATR_b1c29,MATR_b1c38,MATR_b3c38,MATR_b2c32",False,False,0.95
420,MATR_b4c7,529.0,498.24482639543334,38.9316583898449,421.94017809292075,574.5494746979459,109.0,78.24482639543334,1.9401780929207462,154.54947469794593,30.755173604566664,"MATR_b4c41,MATR_b3c21,MATR_b4c0,MATR_b3c11,MATR_b1c24,MATR_b3c4,MATR_b1c20,MATR_b4c4,MATR_b2c10,MATR_b3c0,MATR_b1c23,MATR_b4c28,MATR_b1c29,MATR_b1c38,MATR_b3c38,MATR_b2c32",False,False,0.95
440,MATR_b1c14,877.0,896.2503590521576,80.18677836200618,739.0871614263298,1053.4135566779853,437.0,456.2503590521576,299.08716142632977,613.4135566779853,19.25035905215759,"MATR_b3c12,MATR_b1c7,MATR_b4c19,MATR_b1c38,MATR_b2c10,MATR_b2c44,MATR_b4c31,MATR_b3c35,MATR_b3c11,MATR_b1c9,MATR_b1c44,MATR_b2c47,MATR_b4c41,MATR_b2c18,MATR_b3c4,MATR_b4c25",False,False,0.95
440,MATR_b1c18,687.0,621.7659548597302,53.87961974269077,516.1638406633431,727.3680690561173,247.0,181.7659548597302,76.16384066334308,287.3680690561173,65.23404514026981,"MATR_b3c12,MATR_b1c7,MATR_b4c19,MATR_b1c38,MATR_b2c10,MATR_b2c44,MATR_b4c31,MATR_b3c35,MATR_b3c11,MATR_b1c9,MATR_b1c44,MATR_b2c47,MATR_b4c41,MATR_b2c18,MATR_b3c4,MATR_b4c25",False,False,0.95
440,MATR_b1c19,786.0,783.195085368266,65.6542659491242,654.5150886765681,911.8750820599638,346.0,343.19508536826595,214.5150886765681,471.8750820599638,2.80491463173405,"MATR_b3c12,MATR_b1c7,MATR_b4c19,MATR_b1c38,MATR_b2c10,MATR_b2c44,MATR_b4c31,MATR_b3c35,MATR_b3c11,MATR_b1c9,MATR_b1c44,MATR_b2c47,MATR_b4c41,MATR_b2c18,MATR_b3c4,MATR_b4c25",False,False,0.95
440,MATR_b1c2,2237.0,1601.3621391456652,461.01597702194636,697.7874278851054,2504.936850406225,1797.0,1161.3621391456652,257.78742788510544,2064.936850406225,635.6378608543348,"MATR_b3c12,MATR_b1c7,MATR_b4c19,MATR_b1c38,MATR_b2c10,MATR_b2c44,MATR_b4c31,MATR_b3c35,MATR_b3c11,MATR_b1c9,MATR_b1c44,MATR_b2c47,MATR_b4c41,MATR_b2c18,MATR_b3c4,MATR_b4c25",False,False,0.95
440,MATR_b1c30,707.0,814.133850639479,70.08506420344676,676.769648946546,951.4980523324119,267.0,374.13385063947896,236.769648946546,511.49805233241193,107.13385063947896,"MATR_b3c12,MATR_b1c7,MATR_b4c19,MATR_b1c38,MATR_b2c10,MATR_b2c44,MATR_b4c31,MATR_b3c35,MATR_b3c11,MATR_b1c9,MATR_b1c44,MATR_b2c47,MATR_b4c41,MATR_b2c18,MATR_b3c4,MATR_b4c25",False,False,0.95
440,MATR_b1c34,742.0,820.3316301167871,68.6352766441354,685.8089598253387,954.8543004082355,302.0,380.3316301167871,245.80895982533866,514.8543004082355,78.3316301167871,"MATR_b3c12,MATR_b1c7,MATR_b4c19,MATR_b1c38,MATR_b2c10,MATR_b2c44,MATR_b4c31,MATR_b3c35,MATR_b3c11,MATR_b1c9,MATR_b1c44,MATR_b2c47,MATR_b4c41,MATR_b2c18,MATR_b3c4,MATR_b4c25",False,False,0.95
440,MATR_b1c35,701.0,601.4827799934297,45.99422450187465,511.33575647290576,691.6298035139538,261.0,161.48277999342974,71.33575647290576,251.6298035139538,99.51722000657026,"MATR_b3c12,MATR_b1c7,MATR_b4c19,MATR_b1c38,MATR_b2c10,MATR_b2c44,MATR_b4c31,MATR_b3c35,MATR_b3c11,MATR_b1c9,MATR_b1c44,MATR_b2c47,MATR_b4c41,MATR_b2c18,MATR_b3c4,MATR_b4c25",False,False,0.95
440,MATR_b1c42,700.0,730.91107174961,59.70200704226116,613.8972881420215,847.9248553571985,260.0,290.91107174960996,173.89728814202147,407.92485535719845,30.91107174960996,"MATR_b3c12,MATR_b1c7,MATR_b4c19,MATR_b1c38,MATR_b2c10,MATR_b2c44,MATR_b4c31,MATR_b3c35,MATR_b3c11,MATR_b1c9,MATR_b1c44,MATR_b2c47,MATR_b4c41,MATR_b2c18,MATR_b3c4,MATR_b4c25",False,False,0.95
440,MATR_b1c5,1071.0,1009.0751181608025,90.50103236477099,831.6963541621576,1186.4538821594474,631.0,569.0751181608025,391.6963541621576,746.4538821594474,61.924881839197496,"MATR_b3c12,MATR_b1c7,MATR_b4c19,MATR_b1c38,MATR_b2c10,MATR_b2c44,MATR_b4c31,MATR_b3c35,MATR_b3c11,MATR_b1c9,MATR_b1c44,MATR_b2c47,MATR_b4c41,MATR_b2c18,MATR_b3c4,MATR_b4c25",False,False,0.95
440,MATR_b1c6,633.0,872.0693610543042,83.36359859273371,708.6797101908923,1035.4590119177162,193.0,432.0693610543042,268.67971019089225,595.4590119177162,239.06936105430418,"MATR_b3c12,MATR_b1c7,MATR_b4c19,MATR_b1c38,MATR_b2c10,MATR_b2c44,MATR_b4c31,MATR_b3c35,MATR_b3c11,MATR_b1c9,MATR_b1c44,MATR_b2c47,MATR_b4c41,MATR_b2c18,MATR_b3c4,MATR_b4c25",False,False,0.95
440,MATR_b2c19,460.0,358.51995190720965,78.64645612152063,204.3757303973196,512.6641734170997,20.0,-81.48004809279035,-235.6242696026804,72.66417341709973,101.48004809279035,"MATR_b3c12,MATR_b1c7,MATR_b4c19,MATR_b1c38,MATR_b2c10,MATR_b2c44,MATR_b4c31,MATR_b3c35,MATR_b3c11,MATR_b1c9,MATR_b1c44,MATR_b2c47,MATR_b4c41,MATR_b2c18,MATR_b3c4,MATR_b4c25",False,False,0.95
440,MATR_b2c22,512.0,462.3662564075886,39.89008958591822,384.18311747911264,540.5493953360645,72.0,22.366256407588594,-55.81688252088736,100.54939533606455,49.633743592411406,"MATR_b3c12,MATR_b1c7,MATR_b4c19,MATR_b1c38,MATR_b2c10,MATR_b2c44,MATR_b4c31,MATR_b3c35,MATR_b3c11,MATR_b1c9,MATR_b1c44,MATR_b2c47,MATR_b4c41,MATR_b2c18,MATR_b3c4,MATR_b4c25",False,False,0.95
440,MATR_b2c24,494.0,428.00425406867674,37.8016403783185,353.91440037063745,502.09410776671604,54.0,-11.995745931323256,-86.08559962936255,62.094107766716036,65.99574593132326,"MATR_b3c12,MATR_b1c7,MATR_b4c19,MATR_b1c38,MATR_b2c10,MATR_b2c44,MATR_b4c31,MATR_b3c35,MATR_b3c11,MATR_b1c9,MATR_b1c44,MATR_b2c47,MATR_b4c41,MATR_b2c18,MATR_b3c4,MATR_b4c25",False,False,0.95
440,MATR_b2c33,519.0,502.9265651626587,41.72930377466108,421.13863266439165,584.7144976609258,79.0,62.926565162658676,-18.86136733560835,144.71449766092576,16.073434837341324,"MATR_b3c12,MATR_b1c7,MATR_b4c19,MATR_b1c38,MATR_b2c10,MATR_b2c44,MATR_b4c31,MATR_b3c35,MATR_b3c11,MATR_b1c9,MATR_b1c44,MATR_b2c47,MATR_b4c41,MATR_b2c18,MATR_b3c4,MATR_b4c25",False,False,0.95
440,MATR_b3c1,1061.0,1075.7193892937025,141.43883719423417,798.5043623777794,1352.9344162096256,621.0,635.7193892937025,358.50436237777944,912.9344162096256,14.719389293702534,"MATR_b3c12,MATR_b1c7,MATR_b4c19,MATR_b1c38,MATR_b2c10,MATR_b2c44,MATR_b4c31,MATR_b3c35,MATR_b3c11,MATR_b1c9,MATR_b1c44,MATR_b2c47,MATR_b4c41,MATR_b2c18,MATR_b3c4,MATR_b4c25",False,False,0.95
440,MATR_b3c14,856.0,902.57712563226,86.61011589600265,732.8244177792549,1072.3298334852652,416.0,462.57712563226005,292.8244177792549,632.3298334852652,46.57712563226005,"MATR_b3c12,MATR_b1c7,MATR_b4c19,MATR_b1c38,MATR_b2c10,MATR_b2c44,MATR_b4c31,MATR_b3c35,MATR_b3c11,MATR_b1c9,MATR_b1c44,MATR_b2c47,MATR_b4c41,MATR_b2c18,MATR_b3c4,MATR_b4c25",False,False,0.95
440,MATR_b3c17,1313.0,1317.3815817440425,276.2274049929245,775.985816414951,1858.777347073134,873.0,877.3815817440425,335.98581641495105,1418.777347073134,4.381581744042478,"MATR_b3c12,MATR_b1c7,MATR_b4c19,MATR_b1c38,MATR_b2c10,MATR_b2c44,MATR_b4c31,MATR_b3c35,MATR_b3c11,MATR_b1c9,MATR_b1c44,MATR_b2c47,MATR_b4c41,MATR_b2c18,MATR_b3c4,MATR_b4c25",False,False,0.95
440,MATR_b3c24,823.0,812.5501688593322,82.45463848601997,650.9420470684629,974.1582906502015,383.0,372.5501688593322,210.9420470684629,534.1582906502015,10.449831140667811,"MATR_b3c12,MATR_b1c7,MATR_b4c19,MATR_b1c38,MATR_b2c10,MATR_b2c44,MATR_b4c31,MATR_b3c35,MATR_b3c11,MATR_b1c9,MATR_b1c44,MATR_b2c47,MATR_b4c41,MATR_b2c18,MATR_b3c4,MATR_b4c25",False,False,0.95
440,MATR_b3c31,729.0,656.0080221525218,55.13735220559243,547.9407976266606,764.075246678383,289.0,216.0080221525218,107.94079762666058,324.075246678383,72.99197784747821,"MATR_b3c12,MATR_b1c7,MATR_b4c19,MATR_b1c38,MATR_b2c10,MATR_b2c44,MATR_b4c31,MATR_b3c35,MATR_b3c11,MATR_b1c9,MATR_b1c44,MATR_b2c47,MATR_b4c41,MATR_b2c18,MATR_b3c4,MATR_b4c25",False,False,0.95
440,MATR_b3c33,1282.0,1281.5425509891961,253.7302589096501,784.2403817382589,1778.8447202401335,842.0,841.5425509891961,344.24038173825886,1338.8447202401335,0.45744901080388445,"MATR_b3c12,MATR_b1c7,MATR_b4c19,MATR_b1c38,MATR_b2c10,MATR_b2c44,MATR_b4c31,MATR_b3c35,MATR_b3c11,MATR_b1c9,MATR_b1c44,MATR_b2c47,MATR_b4c41,MATR_b2c18,MATR_b3c4,MATR_b4c25",False,False,0.95
440,MATR_b3c36,921.0,991.7340122675323,109.7207128969583,776.6853666314347,1206.78265790363,481.0,551.7340122675323,336.6853666314347,766.78265790363,70.73401226753231,"MATR_b3c12,MATR_b1c7,MATR_b4c19,MATR_b1c38,MATR_b2c10,MATR_b2c44,MATR_b4c31,MATR_b3c35,MATR_b3c11,MATR_b1c9,MATR_b1c44,MATR_b2c47,MATR_b4c41,MATR_b2c18,MATR_b3c4,MATR_b4c25",False,False,0.95
440,MATR_b3c6,665.0,465.79830323418673,54.23549165892089,359.4986928988793,572.0979135694942,225.0,25.798303234186733,-80.50130710112069,132.09791356949415,199.20169676581327,"MATR_b3c12,MATR_b1c7,MATR_b4c19,MATR_b1c38,MATR_b2c10,MATR_b2c44,MATR_b4c31,MATR_b3c35,MATR_b3c11,MATR_b1c9,MATR_b1c44,MATR_b2c47,MATR_b4c41,MATR_b2c18,MATR_b3c4,MATR_b4c25",False,False,0.95
440,MATR_b4c1,760.0,583.8531750797572,53.08171670343622,479.814922103464,687.8914280560504,320.0,143.8531750797572,39.81492210346403,247.89142805605036,176.1468249202428,"MATR_b3c12,MATR_b1c7,MATR_b4c19,MATR_b1c38,MATR_b2c10,MATR_b2c44,MATR_b4c31,MATR_b3c35,MATR_b3c11,MATR_b1c9,MATR_b1c44,MATR_b2c47,MATR_b4c41,MATR_b2c18,MATR_b3c4,MATR_b4c25",False,False,0.95
440,MATR_b4c11,863.0,877.7958690072212,90.7557602506585,699.9178475263788,1055.6738904880635,423.0,437.7958690072212,259.91784752637875,615.6738904880635,14.7958690072212,"MATR_b3c12,MATR_b1c7,MATR_b4c19,MATR_b1c38,MATR_b2c10,MATR_b2c44,MATR_b4c31,MATR_b3c35,MATR_b3c11,MATR_b1c9,MATR_b1c44,MATR_b2c47,MATR_b4c41,MATR_b2c18,MATR_b3c4,MATR_b4c25",False,False,0.95
440,MATR_b4c15,675.0,626.7425723712925,55.12299782673973,518.7034819110029,734.781662831582,235.0,186.74257237129245,78.70348191100288,294.781662831582,48.257427628707546,"MATR_b3c12,MATR_b1c7,MATR_b4c19,MATR_b1c38,MATR_b2c10,MATR_b2c44,MATR_b4c31,MATR_b3c35,MATR_b3c11,MATR_b1c9,MATR_b1c44,MATR_b2c47,MATR_b4c41,MATR_b2c18,MATR_b3c4,MATR_b4c25",False,False,0.95
440,MATR_b4c21,773.0,834.8682827634909,86.86263252064441,664.6206514206903,1005.1159141062916,333.0,394.8682827634909,224.62065142069025,565.1159141062916,61.868282763490924,"MATR_b3c12,MATR_b1c7,MATR_b4c19,MATR_b1c38,MATR_b2c10,MATR_b2c44,MATR_b4c31,MATR_b3c35,MATR_b3c11,MATR_b1c9,MATR_b1c44,MATR_b2c47,MATR_b4c41,MATR_b2c18,MATR_b3c4,MATR_b4c25",False,False,0.95
440,MATR_b4c3,777.0,647.7058371005609,62.43790178058712,525.3297983403609,770.0818758607609,337.0,207.70583710056087,85.32979834036087,330.0818758607609,129.29416289943913,"MATR_b3c12,MATR_b1c7,MATR_b4c19,MATR_b1c38,MATR_b2c10,MATR_b2c44,MATR_b4c31,MATR_b3c35,MATR_b3c11,MATR_b1c9,MATR_b1c44,MATR_b2c47,MATR_b4c41,MATR_b2c18,MATR_b3c4,MATR_b4c25",False,False,0.95
440,MATR_b4c32,754.0,736.406265309383,70.8660581513881,597.5113436063413,875.3011870124247,314.0,296.406265309383,157.51134360634126,435.30118701242475,17.593734690616998,"MATR_b3c12,MATR_b1c7,MATR_b4c19,MATR_b1c38,MATR_b2c10,MATR_b2c44,MATR_b4c31,MATR_b3c35,MATR_b3c11,MATR_b1c9,MATR_b1c44,MATR_b2c47,MATR_b4c41,MATR_b2c18,MATR_b3c4,MATR_b4c25",False,False,0.95
440,MATR_b4c34,891.0,942.3598984755922,106.99700361953974,732.6496249275926,1152.0701720235918,451.0,502.3598984755922,292.64962492759264,712.0701720235918,51.35989847559222,"MATR_b3c12,MATR_b1c7,MATR_b4c19,MATR_b1c38,MATR_b2c10,MATR_b2c44,MATR_b4c31,MATR_b3c35,MATR_b3c11,MATR_b1c9,MATR_b1c44,MATR_b2c47,MATR_b4c41,MATR_b2c18,MATR_b3c4,MATR_b4c25",False,False,0.95
440,MATR_b4c42,774.0,748.6431462741697,74.40427845146012,602.8134402136183,894.4728523347211,334.0,308.6431462741697,162.81344021361826,454.4728523347211,25.35685372583032,"MATR_b3c12,MATR_b1c7,MATR_b4c19,MATR_b1c38,MATR_b2c10,MATR_b2c44,MATR_b4c31,MATR_b3c35,MATR_b3c11,MATR_b1c9,MATR_b1c44,MATR_b2c47,MATR_b4c41,MATR_b2c18,MATR_b3c4,MATR_b4c25",False,False,0.95
440,MATR_b4c6,706.0,664.9192544189171,68.08002894532882,531.4848496196282,798.3536592182061,266.0,224.91925441891715,91.48484961962822,358.3536592182061,41.08074558108285,"MATR_b3c12,MATR_b1c7,MATR_b4c19,MATR_b1c38,MATR_b2c10,MATR_b2c44,MATR_b4c31,MATR_b3c35,MATR_b3c11,MATR_b1c9,MATR_b1c44,MATR_b2c47,MATR_b4c41,MATR_b2c18,MATR_b3c4,MATR_b4c25",False,False,0.95
440,MATR_b4c7,529.0,491.97978693776525,40.11578878694137,413.35428570394447,570.605288171586,89.0,51.979786937765255,-26.64571429605553,130.60528817158604,37.020213062234745,"MATR_b3c12,MATR_b1c7,MATR_b4c19,MATR_b1c38,MATR_b2c10,MATR_b2c44,MATR_b4c31,MATR_b3c35,MATR_b3c11,MATR_b1c9,MATR_b1c44,MATR_b2c47,MATR_b4c41,MATR_b2c18,MATR_b3c4,MATR_b4c25",False,False,0.95
460,MATR_b1c14,877.0,920.2600078275216,84.80396712010041,754.0472865260059,1086.4727291290374,417.0,460.2600078275216,294.0472865260059,626.4727291290374,43.26000782752158,"MATR_b1c36,MATR_b2c26,MATR_b4c27,MATR_b2c34,MATR_b2c14,MATR_b1c0,MATR_b1c45,MATR_b4c33,MATR_b1c38,MATR_b1c32,MATR_b4c44,MATR_b4c23,MATR_b4c26,MATR_b4c19,MATR_b3c35,MATR_b2c6",False,False,0.95
460,MATR_b1c18,687.0,641.8867384639921,57.388449087439014,529.4074451240011,754.366031803983,227.0,181.88673846399206,69.40744512400113,294.366031803983,45.11326153600794,"MATR_b1c36,MATR_b2c26,MATR_b4c27,MATR_b2c34,MATR_b2c14,MATR_b1c0,MATR_b1c45,MATR_b4c33,MATR_b1c38,MATR_b1c32,MATR_b4c44,MATR_b4c23,MATR_b4c26,MATR_b4c19,MATR_b3c35,MATR_b2c6",False,False,0.95
460,MATR_b1c19,786.0,807.2359999662015,69.31206372966822,671.3868513619068,943.0851485704961,326.0,347.23599996620146,211.3868513619068,483.08514857049613,21.23599996620146,"MATR_b1c36,MATR_b2c26,MATR_b4c27,MATR_b2c34,MATR_b2c14,MATR_b1c0,MATR_b1c45,MATR_b4c33,MATR_b1c38,MATR_b1c32,MATR_b4c44,MATR_b4c23,MATR_b4c26,MATR_b4c19,MATR_b3c35,MATR_b2c6",False,False,0.95
460,MATR_b1c2,2237.0,1605.1484958911878,462.4395776023347,698.7835787646966,2511.5134130176793,1777.0,1145.1484958911878,238.78357876469659,2051.5134130176793,631.8515041088122,"MATR_b1c36,MATR_b2c26,MATR_b4c27,MATR_b2c34,MATR_b2c14,MATR_b1c0,MATR_b1c45,MATR_b4c33,MATR_b1c38,MATR_b1c32,MATR_b4c44,MATR_b4c23,MATR_b4c26,MATR_b4c19,MATR_b3c35,MATR_b2c6",False,False,0.95
460,MATR_b1c30,707.0,835.9687757325754,74.11114989687522,690.7135910818506,981.2239603833002,247.0,375.9687757325754,230.7135910818506,521.2239603833002,128.9687757325754,"MATR_b1c36,MATR_b2c26,MATR_b4c27,MATR_b2c34,MATR_b2c14,MATR_b1c0,MATR_b1c45,MATR_b4c33,MATR_b1c38,MATR_b1c32,MATR_b4c44,MATR_b4c23,MATR_b4c26,MATR_b4c19,MATR_b3c35,MATR_b2c6",False,False,0.95
460,MATR_b1c34,742.0,846.5446125310896,72.8292111805494,703.8019815947509,989.2872434674282,282.0,386.54461253108957,243.80198159475094,529.2872434674282,104.54461253108957,"MATR_b1c36,MATR_b2c26,MATR_b4c27,MATR_b2c34,MATR_b2c14,MATR_b1c0,MATR_b1c45,MATR_b4c33,MATR_b1c38,MATR_b1c32,MATR_b4c44,MATR_b4c23,MATR_b4c26,MATR_b4c19,MATR_b3c35,MATR_b2c6",False,False,0.95
460,MATR_b1c35,701.0,622.8788873495248,48.34738285224027,528.1197582123646,717.638016486685,241.0,162.8788873495248,68.11975821236456,257.63801648668505,78.1211126504752,"MATR_b1c36,MATR_b2c26,MATR_b4c27,MATR_b2c34,MATR_b2c14,MATR_b1c0,MATR_b1c45,MATR_b4c33,MATR_b1c38,MATR_b1c32,MATR_b4c44,MATR_b4c23,MATR_b4c26,MATR_b4c19,MATR_b3c35,MATR_b2c6",False,False,0.95
460,MATR_b1c42,700.0,755.759575416778,63.411397781998474,631.475519554718,880.0436312788381,240.0,295.75957541677803,171.47551955471795,420.0436312788381,55.759575416778034,"MATR_b1c36,MATR_b2c26,MATR_b4c27,MATR_b2c34,MATR_b2c14,MATR_b1c0,MATR_b1c45,MATR_b4c33,MATR_b1c38,MATR_b1c32,MATR_b4c44,MATR_b4c23,MATR_b4c26,MATR_b4c19,MATR_b3c35,MATR_b2c6",False,False,0.95
460,MATR_b1c5,1071.0,1027.4242392549736,95.1231894034514,840.9862139296267,1213.8622645803205,611.0,567.4242392549736,380.98621392962673,753.8622645803205,43.5757607450264,"MATR_b1c36,MATR_b2c26,MATR_b4c27,MATR_b2c34,MATR_b2c14,MATR_b1c0,MATR_b1c45,MATR_b4c33,MATR_b1c38,MATR_b1c32,MATR_b4c44,MATR_b4c23,MATR_b4c26,MATR_b4c19,MATR_b3c35,MATR_b2c6",False,False,0.95
460,MATR_b1c6,633.0,887.7485112241393,87.64795019004286,715.9616855328948,1059.5353369153838,173.0,427.7485112241393,255.96168553289476,599.5353369153838,254.7485112241393,"MATR_b1c36,MATR_b2c26,MATR_b4c27,MATR_b2c34,MATR_b2c14,MATR_b1c0,MATR_b1c45,MATR_b4c33,MATR_b1c38,MATR_b1c32,MATR_b4c44,MATR_b4c23,MATR_b4c26,MATR_b4c19,MATR_b3c35,MATR_b2c6",False,False,0.95
460,MATR_b2c22,512.0,456.76954478498556,41.915421399385394,374.61682844537074,538.9222611246004,52.0,-3.2304552150144445,-85.38317155462926,78.92226112460037,55.230455215014445,"MATR_b1c36,MATR_b2c26,MATR_b4c27,MATR_b2c34,MATR_b2c14,MATR_b1c0,MATR_b1c45,MATR_b4c33,MATR_b1c38,MATR_b1c32,MATR_b4c44,MATR_b4c23,MATR_b4c26,MATR_b4c19,MATR_b3c35,MATR_b2c6",False,False,0.95
460,MATR_b2c24,494.0,421.59528502796644,39.433680559985284,344.306691352538,498.8838787033949,34.0,-38.40471497203356,-115.693308647462,38.883878703394885,72.40471497203356,"MATR_b1c36,MATR_b2c26,MATR_b4c27,MATR_b2c34,MATR_b2c14,MATR_b1c0,MATR_b1c45,MATR_b4c33,MATR_b1c38,MATR_b1c32,MATR_b4c44,MATR_b4c23,MATR_b4c26,MATR_b4c19,MATR_b3c35,MATR_b2c6",False,False,0.95
460,MATR_b2c33,519.0,499.4110549860616,42.92485274844569,415.2798895574229,583.5422204147003,59.0,39.41105498606157,-44.720110442577095,123.5422204147003,19.588945013938428,"MATR_b1c36,MATR_b2c26,MATR_b4c27,MATR_b2c34,MATR_b2c14,MATR_b1c0,MATR_b1c45,MATR_b4c33,MATR_b1c38,MATR_b1c32,MATR_b4c44,MATR_b4c23,MATR_b4c26,MATR_b4c19,MATR_b3c35,MATR_b2c6",False,False,0.95
460,MATR_b3c1,1061.0,1067.9422799865717,137.80172646836576,797.855859101135,1338.0287008720084,601.0,607.9422799865717,337.855859101135,878.0287008720084,6.942279986571748,"MATR_b1c36,MATR_b2c26,MATR_b4c27,MATR_b2c34,MATR_b2c14,MATR_b1c0,MATR_b1c45,MATR_b4c33,MATR_b1c38,MATR_b1c32,MATR_b4c44,MATR_b4c23,MATR_b4c26,MATR_b4c19,MATR_b3c35,MATR_b2c6",False,False,0.95
460,MATR_b3c14,856.0,913.5674045411496,89.87593233465466,737.4138140882676,1089.7209949940316,396.0,453.5674045411496,277.4138140882676,629.7209949940316,57.567404541149585,"MATR_b1c36,MATR_b2c26,MATR_b4c27,MATR_b2c34,MATR_b2c14,MATR_b1c0,MATR_b1c45,MATR_b4c33,MATR_b1c38,MATR_b1c32,MATR_b4c44,MATR_b4c23,MATR_b4c26,MATR_b4c19,MATR_b3c35,MATR_b2c6",False,False,0.95
460,MATR_b3c17,1313.0,1245.692492156988,224.05865219050014,806.5456034390213,1684.8393808749547,853.0,785.692492156988,346.5456034390213,1224.8393808749547,67.30750784301199,"MATR_b1c36,MATR_b2c26,MATR_b4c27,MATR_b2c34,MATR_b2c14,MATR_b1c0,MATR_b1c45,MATR_b4c33,MATR_b1c38,MATR_b1c32,MATR_b4c44,MATR_b4c23,MATR_b4c26,MATR_b4c19,MATR_b3c35,MATR_b2c6",False,False,0.95
460,MATR_b3c24,823.0,813.199865642199,84.27466645484763,648.0245545815719,978.3751767028261,363.0,353.19986564219903,188.02455458157192,518.3751767028261,9.800134357800971,"MATR_b1c36,MATR_b2c26,MATR_b4c27,MATR_b2c34,MATR_b2c14,MATR_b1c0,MATR_b1c45,MATR_b4c33,MATR_b1c38,MATR_b1c32,MATR_b4c44,MATR_b4c23,MATR_b4c26,MATR_b4c19,MATR_b3c35,MATR_b2c6",False,False,0.95
460,MATR_b3c31,729.0,675.4816589815662,57.95887921186266,561.8843431420081,789.0789748211242,269.0,215.48165898156617,101.8843431420081,329.07897482112423,53.51834101843383,"MATR_b1c36,MATR_b2c26,MATR_b4c27,MATR_b2c34,MATR_b2c14,MATR_b1c0,MATR_b1c45,MATR_b4c33,MATR_b1c38,MATR_b1c32,MATR_b4c44,MATR_b4c23,MATR_b4c26,MATR_b4c19,MATR_b3c35,MATR_b2c6",False,False,0.95
460,MATR_b3c33,1282.0,1308.7840851051178,267.9557635750218,783.6004390481455,1833.96773116209,822.0,848.7840851051178,323.6004390481455,1373.96773116209,26.78408510511781,"MATR_b1c36,MATR_b2c26,MATR_b4c27,MATR_b2c34,MATR_b2c14,MATR_b1c0,MATR_b1c45,MATR_b4c33,MATR_b1c38,MATR_b1c32,MATR_b4c44,MATR_b4c23,MATR_b4c26,MATR_b4c19,MATR_b3c35,MATR_b2c6",False,False,0.95
460,MATR_b3c36,921.0,1002.0346129083075,112.27631927158863,781.9770708192734,1222.0921549973416,461.0,542.0346129083075,321.9770708192734,762.0921549973416,81.03461290830751,"MATR_b1c36,MATR_b2c26,MATR_b4c27,MATR_b2c34,MATR_b2c14,MATR_b1c0,MATR_b1c45,MATR_b4c33,MATR_b1c38,MATR_b1c32,MATR_b4c44,MATR_b4c23,MATR_b4c26,MATR_b4c19,MATR_b3c35,MATR_b2c6",False,False,0.95
460,MATR_b3c6,665.0,465.4377453260401,57.93807453690801,351.8812059001033,578.9942847519769,205.0,5.437745326040101,-108.11879409989672,118.99428475197692,199.5622546739599,"MATR_b1c36,MATR_b2c26,MATR_b4c27,MATR_b2c34,MATR_b2c14,MATR_b1c0,MATR_b1c45,MATR_b4c33,MATR_b1c38,MATR_b1c32,MATR_b4c44,MATR_b4c23,MATR_b4c26,MATR_b4c19,MATR_b3c35,MATR_b2c6",False,False,0.95
460,MATR_b4c1,760.0,587.9287836154681,55.08837512140476,479.95755241068247,695.9000148202538,300.0,127.92878361546809,19.957552410682467,235.90001482025377,172.0712163845319,"MATR_b1c36,MATR_b2c26,MATR_b4c27,MATR_b2c34,MATR_b2c14,MATR_b1c0,MATR_b1c45,MATR_b4c33,MATR_b1c38,MATR_b1c32,MATR_b4c44,MATR_b4c23,MATR_b4c26,MATR_b4c19,MATR_b3c35,MATR_b2c6",False,False,0.95
460,MATR_b4c11,863.0,882.7217780640884,91.70835277608082,702.9767095414762,1062.4668465867007,403.0,422.7217780640884,242.97670954147623,602.4668465867007,19.721778064088426,"MATR_b1c36,MATR_b2c26,MATR_b4c27,MATR_b2c34,MATR_b2c14,MATR_b1c0,MATR_b1c45,MATR_b4c33,MATR_b1c38,MATR_b1c32,MATR_b4c44,MATR_b4c23,MATR_b4c26,MATR_b4c19,MATR_b3c35,MATR_b2c6",False,False,0.95
460,MATR_b4c15,675.0,639.4838126211638,57.475511617976274,526.8338798569168,752.1337453854107,215.0,179.4838126211638,66.83387985691684,292.13374538541075,35.51618737883621,"MATR_b1c36,MATR_b2c26,MATR_b4c27,MATR_b2c34,MATR_b2c14,MATR_b1c0,MATR_b1c45,MATR_b4c33,MATR_b1c38,MATR_b1c32,MATR_b4c44,MATR_b4c23,MATR_b4c26,MATR_b4c19,MATR_b3c35,MATR_b2c6",False,False,0.95
460,MATR_b4c21,773.0,845.0425827486447,89.56275187490091,669.5028147175417,1020.5823507797477,313.0,385.0425827486447,209.5028147175417,560.5823507797477,72.04258274864469,"MATR_b1c36,MATR_b2c26,MATR_b4c27,MATR_b2c34,MATR_b2c14,MATR_b1c0,MATR_b1c45,MATR_b4c33,MATR_b1c38,MATR_b1c32,MATR_b4c44,MATR_b4c23,MATR_b4c26,MATR_b4c19,MATR_b3c35,MATR_b2c6",False,False,0.95
460,MATR_b4c3,777.0,652.6362251376535,63.697586740120656,527.7912492249009,777.4812010504061,317.0,192.63622513765347,67.79124922490087,317.48120105040607,124.36377486234653,"MATR_b1c36,MATR_b2c26,MATR_b4c27,MATR_b2c34,MATR_b2c14,MATR_b1c0,MATR_b1c45,MATR_b4c33,MATR_b1c38,MATR_b1c32,MATR_b4c44,MATR_b4c23,MATR_b4c26,MATR_b4c19,MATR_b3c35,MATR_b2c6",False,False,0.95
460,MATR_b4c32,754.0,751.2099653899999,74.07152597727593,606.0324421946161,896.3874885853836,294.0,291.20996538999987,146.03244219461612,436.3874885853836,2.7900346100001343,"MATR_b1c36,MATR_b2c26,MATR_b4c27,MATR_b2c34,MATR_b2c14,MATR_b1c0,MATR_b1c45,MATR_b4c33,MATR_b1c38,MATR_b1c32,MATR_b4c44,MATR_b4c23,MATR_b4c26,MATR_b4c19,MATR_b3c35,MATR_b2c6",False,False,0.95
460,MATR_b4c34,891.0,883.7778858446786,95.44507376385332,696.7089787657574,1070.8467929235999,431.0,423.7778858446786,236.70897876575737,610.8467929235999,7.222114155321378,"MATR_b1c36,MATR_b2c26,MATR_b4c27,MATR_b2c34,MATR_b2c14,MATR_b1c0,MATR_b1c45,MATR_b4c33,MATR_b1c38,MATR_b1c32,MATR_b4c44,MATR_b4c23,MATR_b4c26,MATR_b4c19,MATR_b3c35,MATR_b2c6",False,False,0.95
460,MATR_b4c42,774.0,761.3455912393075,76.88417030007389,610.6553864699187,912.0357960086964,314.0,301.3455912393075,150.65538646991865,452.03579600869637,12.65440876069249,"MATR_b1c36,MATR_b2c26,MATR_b4c27,MATR_b2c34,MATR_b2c14,MATR_b1c0,MATR_b1c45,MATR_b4c33,MATR_b1c38,MATR_b1c32,MATR_b4c44,MATR_b4c23,MATR_b4c26,MATR_b4c19,MATR_b3c35,MATR_b2c6",False,False,0.95
460,MATR_b4c6,706.0,678.792312270584,71.47934910548992,538.6953623854586,818.8892621557095,246.0,218.79231227058403,78.69536238545857,358.8892621557095,27.207687729415966,"MATR_b1c36,MATR_b2c26,MATR_b4c27,MATR_b2c34,MATR_b2c14,MATR_b1c0,MATR_b1c45,MATR_b4c33,MATR_b1c38,MATR_b1c32,MATR_b4c44,MATR_b4c23,MATR_b4c26,MATR_b4c19,MATR_b3c35,MATR_b2c6",False,False,0.95
460,MATR_b4c7,529.0,493.7239168929411,41.32006048061877,412.7380865119115,574.7097472739706,69.0,33.72391689294108,-47.26191348808851,114.7097472739706,35.27608310705892,"MATR_b1c36,MATR_b2c26,MATR_b4c27,MATR_b2c34,MATR_b2c14,MATR_b1c0,MATR_b1c45,MATR_b4c33,MATR_b1c38,MATR_b1c32,MATR_b4c44,MATR_b4c23,MATR_b4c26,MATR_b4c19,MATR_b3c35,MATR_b2c6",False,False,0.95
480,MATR_b1c14,877.0,903.0149365396729,83.04298453134531,740.2536776895193,1065.7761953898266,397.0,423.01493653967293,260.25367768951935,585.7761953898266,26.01493653967293,"MATR_b1c9,MATR_b1c28,MATR_b1c7,MATR_b1c17,MATR_b1c24,MATR_b3c11,MATR_b3c28,MATR_b4c39,MATR_b1c36,MATR_b3c22,MATR_b3c25,MATR_b1c15,MATR_b3c35,MATR_b4c5,MATR_b2c20,MATR_b1c38",False,False,0.95
480,MATR_b1c18,687.0,630.9127946594541,57.35078707409393,518.5073175092048,743.3182718097034,207.0,150.9127946594541,38.50731750920477,263.31827180970345,56.08720534054589,"MATR_b1c9,MATR_b1c28,MATR_b1c7,MATR_b1c17,MATR_b1c24,MATR_b3c11,MATR_b3c28,MATR_b4c39,MATR_b1c36,MATR_b3c22,MATR_b3c25,MATR_b1c15,MATR_b3c35,MATR_b4c5,MATR_b2c20,MATR_b1c38",False,False,0.95
480,MATR_b1c19,786.0,787.1572209159864,67.61517478336161,654.6339135322169,919.6805282997559,306.0,307.1572209159864,174.63391353221687,439.6805282997559,1.157220915986386,"MATR_b1c9,MATR_b1c28,MATR_b1c7,MATR_b1c17,MATR_b1c24,MATR_b3c11,MATR_b3c28,MATR_b4c39,MATR_b1c36,MATR_b3c22,MATR_b3c25,MATR_b1c15,MATR_b3c35,MATR_b4c5,MATR_b2c20,MATR_b1c38",False,False,0.95
480,MATR_b1c2,2237.0,1584.5364547247223,454.15101768349643,694.4168165228563,2474.6560929265884,1757.0,1104.5364547247223,214.41681652285627,1994.6560929265884,652.4635452752777,"MATR_b1c9,MATR_b1c28,MATR_b1c7,MATR_b1c17,MATR_b1c24,MATR_b3c11,MATR_b3c28,MATR_b4c39,MATR_b1c36,MATR_b3c22,MATR_b3c25,MATR_b1c15,MATR_b3c35,MATR_b4c5,MATR_b2c20,MATR_b1c38",False,False,0.95
480,MATR_b1c30,707.0,811.6154640259446,71.8304879816919,670.8302945898913,952.4006334619978,227.0,331.61546402594456,190.8302945898913,472.4006334619978,104.61546402594456,"MATR_b1c9,MATR_b1c28,MATR_b1c7,MATR_b1c17,MATR_b1c24,MATR_b3c11,MATR_b3c28,MATR_b4c39,MATR_b1c36,MATR_b3c22,MATR_b3c25,MATR_b1c15,MATR_b3c35,MATR_b4c5,MATR_b2c20,MATR_b1c38",False,False,0.95
480,MATR_b1c34,742.0,824.5809026420786,70.91490350086326,685.5902458132532,963.571559470904,262.0,344.5809026420786,205.5902458132532,483.57155947090405,82.58090264207863,"MATR_b1c9,MATR_b1c28,MATR_b1c7,MATR_b1c17,MATR_b1c24,MATR_b3c11,MATR_b3c28,MATR_b4c39,MATR_b1c36,MATR_b3c22,MATR_b3c25,MATR_b1c15,MATR_b3c35,MATR_b4c5,MATR_b2c20,MATR_b1c38",False,False,0.95
480,MATR_b1c35,701.0,611.5250770918349,47.75139148877805,517.9340695621574,705.1160846215123,221.0,131.52507709183487,37.93406956215745,225.1160846215123,89.47492290816513,"MATR_b1c9,MATR_b1c28,MATR_b1c7,MATR_b1c17,MATR_b1c24,MATR_b3c11,MATR_b3c28,MATR_b4c39,MATR_b1c36,MATR_b3c22,MATR_b3c25,MATR_b1c15,MATR_b3c35,MATR_b4c5,MATR_b2c20,MATR_b1c38",False,False,0.95
480,MATR_b1c42,700.0,732.4489004401801,61.790453897455286,611.3418362127851,853.555964667575,220.0,252.44890044018007,131.3418362127851,373.55596466757504,32.44890044018007,"MATR_b1c9,MATR_b1c28,MATR_b1c7,MATR_b1c17,MATR_b1c24,MATR_b3c11,MATR_b3c28,MATR_b4c39,MATR_b1c36,MATR_b3c22,MATR_b3c25,MATR_b1c15,MATR_b3c35,MATR_b4c5,MATR_b2c20,MATR_b1c38",False,False,0.95
480,MATR_b1c5,1071.0,1012.5028930188663,93.12340000977817,829.9843828817842,1195.0214031559483,591.0,532.5028930188663,349.9843828817842,715.0214031559483,58.4971069811337,"MATR_b1c9,MATR_b1c28,MATR_b1c7,MATR_b1c17,MATR_b1c24,MATR_b3c11,MATR_b3c28,MATR_b4c39,MATR_b1c36,MATR_b3c22,MATR_b3c25,MATR_b1c15,MATR_b3c35,MATR_b4c5,MATR_b2c20,MATR_b1c38",False,False,0.95
480,MATR_b1c6,633.0,848.5844775062336,83.46822418333558,684.9897642533807,1012.1791907590865,153.0,368.5844775062336,204.9897642533807,532.1791907590865,215.5844775062336,"MATR_b1c9,MATR_b1c28,MATR_b1c7,MATR_b1c17,MATR_b1c24,MATR_b3c11,MATR_b3c28,MATR_b4c39,MATR_b1c36,MATR_b3c22,MATR_b3c25,MATR_b1c15,MATR_b3c35,MATR_b4c5,MATR_b2c20,MATR_b1c38",False,False,0.95
480,MATR_b2c22,512.0,435.92162320614415,44.445245408852564,348.81054292074896,523.0327034915393,32.0,-44.07837679385585,-131.18945707925104,43.03270349153934,76.07837679385585,"MATR_b1c9,MATR_b1c28,MATR_b1c7,MATR_b1c17,MATR_b1c24,MATR_b3c11,MATR_b3c28,MATR_b4c39,MATR_b1c36,MATR_b3c22,MATR_b3c25,MATR_b1c15,MATR_b3c35,MATR_b4c5,MATR_b2c20,MATR_b1c38",False,False,0.95
480,MATR_b2c24,494.0,405.93082327857644,42.87027693897624,321.906624470925,489.95502208622787,14.0,-74.06917672142356,-158.093375529075,9.95502208622787,88.06917672142356,"MATR_b1c9,MATR_b1c28,MATR_b1c7,MATR_b1c17,MATR_b1c24,MATR_b3c11,MATR_b3c28,MATR_b4c39,MATR_b1c36,MATR_b3c22,MATR_b3c25,MATR_b1c15,MATR_b3c35,MATR_b4c5,MATR_b2c20,MATR_b1c38",False,False,0.95
480,MATR_b2c33,519.0,475.14350728208746,43.33306568884371,390.2122591922455,560.0747553719294,39.0,-4.856492717912545,-89.78774080775452,80.07475537192943,43.856492717912545,"MATR_b1c9,MATR_b1c28,MATR_b1c7,MATR_b1c17,MATR_b1c24,MATR_b3c11,MATR_b3c28,MATR_b4c39,MATR_b1c36,MATR_b3c22,MATR_b3c25,MATR_b1c15,MATR_b3c35,MATR_b4c5,MATR_b2c20,MATR_b1c38",False,False,0.95
480,MATR_b3c1,1061.0,1057.8241883803603,137.1335680065025,789.0473340161412,1326.6010427445794,581.0,577.8241883803603,309.04733401614124,846.6010427445794,3.175811619639717,"MATR_b1c9,MATR_b1c28,MATR_b1c7,MATR_b1c17,MATR_b1c24,MATR_b3c11,MATR_b3c28,MATR_b4c39,MATR_b1c36,MATR_b3c22,MATR_b3c25,MATR_b1c15,MATR_b3c35,MATR_b4c5,MATR_b2c20,MATR_b1c38",False,False,0.95
480,MATR_b3c14,856.0,873.3712293507086,84.6593506346287,707.4419511522883,1039.300507549129,376.0,393.37122935070863,227.4419511522883,559.300507549129,17.37122935070863,"MATR_b1c9,MATR_b1c28,MATR_b1c7,MATR_b1c17,MATR_b1c24,MATR_b3c11,MATR_b3c28,MATR_b4c39,MATR_b1c36,MATR_b3c22,MATR_b3c25,MATR_b1c15,MATR_b3c35,MATR_b4c5,MATR_b2c20,MATR_b1c38",False,False,0.95
480,MATR_b3c17,1313.0,1186.692504102517,196.12423112525212,802.2960746014135,1571.0889336036205,833.0,706.692504102517,322.29607460141347,1091.0889336036205,126.30749589748302,"MATR_b1c9,MATR_b1c28,MATR_b1c7,MATR_b1c17,MATR_b1c24,MATR_b3c11,MATR_b3c28,MATR_b4c39,MATR_b1c36,MATR_b3c22,MATR_b3c25,MATR_b1c15,MATR_b3c35,MATR_b4c5,MATR_b2c20,MATR_b1c38",False,False,0.95
480,MATR_b3c24,823.0,790.8164113206341,82.17473045079794,629.7568991977832,951.8759234434849,343.0,310.8164113206341,149.75689919778324,471.8759234434849,32.183588679365926,"MATR_b1c9,MATR_b1c28,MATR_b1c7,MATR_b1c17,MATR_b1c24,MATR_b3c11,MATR_b3c28,MATR_b4c39,MATR_b1c36,MATR_b3c22,MATR_b3c25,MATR_b1c15,MATR_b3c35,MATR_b4c5,MATR_b2c20,MATR_b1c38",False,False,0.95
480,MATR_b3c31,729.0,658.4366268546678,56.68827438562407,547.3296507131201,769.5436029962154,249.0,178.4366268546678,67.32965071312015,289.54360299621544,70.5633731453322,"MATR_b1c9,MATR_b1c28,MATR_b1c7,MATR_b1c17,MATR_b1c24,MATR_b3c11,MATR_b3c28,MATR_b4c39,MATR_b1c36,MATR_b3c22,MATR_b3c25,MATR_b1c15,MATR_b3c35,MATR_b4c5,MATR_b2c20,MATR_b1c38",False,False,0.95
480,MATR_b3c33,1282.0,1291.233257549528,261.4938748183708,778.714680727696,1803.75183437136,802.0,811.2332575495279,298.71468072769596,1323.75183437136,9.233257549527934,"MATR_b1c9,MATR_b1c28,MATR_b1c7,MATR_b1c17,MATR_b1c24,MATR_b3c11,MATR_b3c28,MATR_b4c39,MATR_b1c36,MATR_b3c22,MATR_b3c25,MATR_b1c15,MATR_b3c35,MATR_b4c5,MATR_b2c20,MATR_b1c38",False,False,0.95
480,MATR_b3c36,921.0,972.4996527245222,106.52135662076883,763.7216301634681,1181.2776752855764,441.0,492.4996527245222,283.72163016346815,701.2776752855764,51.49965272452221,"MATR_b1c9,MATR_b1c28,MATR_b1c7,MATR_b1c17,MATR_b1c24,MATR_b3c11,MATR_b3c28,MATR_b4c39,MATR_b1c36,MATR_b3c22,MATR_b3c25,MATR_b1c15,MATR_b3c35,MATR_b4c5,MATR_b2c20,MATR_b1c38",False,False,0.95
480,MATR_b3c6,665.0,447.01936941157686,61.19410967315598,327.08111838619703,566.9576204369566,185.0,-32.98063058842314,-152.91888161380297,86.95762043695663,217.98063058842314,"MATR_b1c9,MATR_b1c28,MATR_b1c7,MATR_b1c17,MATR_b1c24,MATR_b3c11,MATR_b3c28,MATR_b4c39,MATR_b1c36,MATR_b3c22,MATR_b3c25,MATR_b1c15,MATR_b3c35,MATR_b4c5,MATR_b2c20,MATR_b1c38",False,False,0.95
480,MATR_b4c1,760.0,561.3152288740932,53.54405379143222,456.37081185661077,666.2596458915757,280.0,81.31522887409324,-23.62918814338923,186.2596458915757,198.68477112590676,"MATR_b1c9,MATR_b1c28,MATR_b1c7,MATR_b1c17,MATR_b1c24,MATR_b3c11,MATR_b3c28,MATR_b4c39,MATR_b1c36,MATR_b3c22,MATR_b3c25,MATR_b1c15,MATR_b3c35,MATR_b4c5,MATR_b2c20,MATR_b1c38",False,False,0.95
480,MATR_b4c11,863.0,855.1435300229848,87.72303897617496,683.2095330152786,1027.077527030691,383.0,375.1435300229848,203.20953301527857,547.077527030691,7.856469977015195,"MATR_b1c9,MATR_b1c28,MATR_b1c7,MATR_b1c17,MATR_b1c24,MATR_b3c11,MATR_b3c28,MATR_b4c39,MATR_b1c36,MATR_b3c22,MATR_b3c25,MATR_b1c15,MATR_b3c35,MATR_b4c5,MATR_b2c20,MATR_b1c38",False,False,0.95
480,MATR_b4c15,675.0,619.0897735846617,55.837018787801966,509.6512277564835,728.5283194128399,195.0,139.08977358466166,29.65122775648348,248.5283194128399,55.91022641533834,"MATR_b1c9,MATR_b1c28,MATR_b1c7,MATR_b1c17,MATR_b1c24,MATR_b3c11,MATR_b3c28,MATR_b4c39,MATR_b1c36,MATR_b3c22,MATR_b3c25,MATR_b1c15,MATR_b3c35,MATR_b4c5,MATR_b2c20,MATR_b1c38",False,False,0.95
480,MATR_b4c21,773.0,816.0400331102898,85.82794104045985,647.8203598037612,984.2597064168183,293.0,336.04003311028976,167.82035980376122,504.2597064168183,43.040033110289755,"MATR_b1c9,MATR_b1c28,MATR_b1c7,MATR_b1c17,MATR_b1c24,MATR_b3c11,MATR_b3c28,MATR_b4c39,MATR_b1c36,MATR_b3c22,MATR_b3c25,MATR_b1c15,MATR_b3c35,MATR_b4c5,MATR_b2c20,MATR_b1c38",False,False,0.95
480,MATR_b4c3,777.0,621.4772582372591,60.17901373145765,503.52855869846076,739.4259577760574,297.0,141.4772582372591,23.528558698460756,259.42595777605743,155.5227417627409,"MATR_b1c9,MATR_b1c28,MATR_b1c7,MATR_b1c17,MATR_b1c24,MATR_b3c11,MATR_b3c28,MATR_b4c39,MATR_b1c36,MATR_b3c22,MATR_b3c25,MATR_b1c15,MATR_b3c35,MATR_b4c5,MATR_b2c20,MATR_b1c38",False,False,0.95
480,MATR_b4c32,754.0,726.5056724183409,71.72705741312497,585.9232231715793,867.0881216651024,274.0,246.50567241834085,105.92322317157925,387.08812166510245,27.49432758165915,"MATR_b1c9,MATR_b1c28,MATR_b1c7,MATR_b1c17,MATR_b1c24,MATR_b3c11,MATR_b3c28,MATR_b4c39,MATR_b1c36,MATR_b3c22,MATR_b3c25,MATR_b1c15,MATR_b3c35,MATR_b4c5,MATR_b2c20,MATR_b1c38",False,False,0.95
480,MATR_b4c34,891.0,838.4068041714772,89.85906088183076,662.286281158497,1014.5273271844575,411.0,358.40680417147723,182.286281158497,534.5273271844575,52.59319582852277,"MATR_b1c9,MATR_b1c28,MATR_b1c7,MATR_b1c17,MATR_b1c24,MATR_b3c11,MATR_b3c28,MATR_b4c39,MATR_b1c36,MATR_b3c22,MATR_b3c25,MATR_b1c15,MATR_b3c35,MATR_b4c5,MATR_b2c20,MATR_b1c38",False,False,0.95
480,MATR_b4c42,774.0,728.652404826605,73.21206518878877,585.1593938227804,872.1454158304296,294.0,248.652404826605,105.15939382278043,392.14541583042956,45.34759517339501,"MATR_b1c9,MATR_b1c28,MATR_b1c7,MATR_b1c17,MATR_b1c24,MATR_b3c11,MATR_b3c28,MATR_b4c39,MATR_b1c36,MATR_b3c22,MATR_b3c25,MATR_b1c15,MATR_b3c35,MATR_b4c5,MATR_b2c20,MATR_b1c38",False,False,0.95
480,MATR_b4c6,706.0,637.668451825008,66.79939816650581,506.7440372297057,768.5928664203102,226.0,157.668451825008,26.744037229705725,288.5928664203102,68.33154817499201,"MATR_b1c9,MATR_b1c28,MATR_b1c7,MATR_b1c17,MATR_b1c24,MATR_b3c11,MATR_b3c28,MATR_b4c39,MATR_b1c36,MATR_b3c22,MATR_b3c25,MATR_b1c15,MATR_b3c35,MATR_b4c5,MATR_b2c20,MATR_b1c38",False,False,0.95
480,MATR_b4c7,529.0,478.5235941742217,42.08758925901687,396.03343503043385,561.0137533180095,49.0,-1.4764058257782722,-83.96656496956615,81.01375331800955,50.47640582577827,"MATR_b1c9,MATR_b1c28,MATR_b1c7,MATR_b1c17,MATR_b1c24,MATR_b3c11,MATR_b3c28,MATR_b4c39,MATR_b1c36,MATR_b3c22,MATR_b3c25,MATR_b1c15,MATR_b3c35,MATR_b4c5,MATR_b2c20,MATR_b1c38",False,False,0.95
500,MATR_b1c14,877.0,912.114107192712,86.132812803703,743.2968962103238,1080.9313181751004,377.0,412.114107192712,243.29689621032378,580.9313181751004,35.11410719271203,"MATR_b1c32,MATR_b4c16,MATR_b4c38,MATR_b1c31,MATR_b3c10,MATR_b1c43,MATR_b4c23,MATR_b1c29,MATR_b4c33,MATR_b1c28,MATR_b2c28,MATR_b3c41,MATR_b1c15,MATR_b4c37,MATR_b2c10,MATR_b3c4",False,False,0.95
500,MATR_b1c18,687.0,639.0265143859214,60.184715962584974,521.0666386794819,756.9863900923608,187.0,139.02651438592136,21.066638679481912,256.9863900923608,47.97348561407864,"MATR_b1c32,MATR_b4c16,MATR_b4c38,MATR_b1c31,MATR_b3c10,MATR_b1c43,MATR_b4c23,MATR_b1c29,MATR_b4c33,MATR_b1c28,MATR_b2c28,MATR_b3c41,MATR_b1c15,MATR_b4c37,MATR_b2c10,MATR_b3c4",False,False,0.95
500,MATR_b1c19,786.0,794.5225133973697,70.18093884528888,656.9704008593956,932.0746259353439,286.0,294.5225133973697,156.97040085939557,432.0746259353439,8.522513397369721,"MATR_b1c32,MATR_b4c16,MATR_b4c38,MATR_b1c31,MATR_b3c10,MATR_b1c43,MATR_b4c23,MATR_b1c29,MATR_b4c33,MATR_b1c28,MATR_b2c28,MATR_b3c41,MATR_b1c15,MATR_b4c37,MATR_b2c10,MATR_b3c4",False,False,0.95
500,MATR_b1c2,2237.0,1544.5025767000966,406.2307846365779,748.304869400957,2340.700283999236,1737.0,1044.5025767000966,248.30486940095705,1840.700283999236,692.4974232999034,"MATR_b1c32,MATR_b4c16,MATR_b4c38,MATR_b1c31,MATR_b3c10,MATR_b1c43,MATR_b4c23,MATR_b1c29,MATR_b4c33,MATR_b1c28,MATR_b2c28,MATR_b3c41,MATR_b1c15,MATR_b4c37,MATR_b2c10,MATR_b3c4",False,False,0.95
500,MATR_b1c30,707.0,818.9358537896059,74.735854722854,672.4562701789944,965.4154374002173,207.0,318.93585378960586,172.45627017899437,465.41543740021734,111.93585378960586,"MATR_b1c32,MATR_b4c16,MATR_b4c38,MATR_b1c31,MATR_b3c10,MATR_b1c43,MATR_b4c23,MATR_b1c29,MATR_b4c33,MATR_b1c28,MATR_b2c28,MATR_b3c41,MATR_b1c15,MATR_b4c37,MATR_b2c10,MATR_b3c4",False,False,0.95
500,MATR_b1c34,742.0,831.1771090525696,73.6127551361401,686.8987601829691,975.45545792217,242.0,331.17710905256956,186.8987601829691,475.45545792217,89.17710905256956,"MATR_b1c32,MATR_b4c16,MATR_b4c38,MATR_b1c31,MATR_b3c10,MATR_b1c43,MATR_b4c23,MATR_b1c29,MATR_b4c33,MATR_b1c28,MATR_b2c28,MATR_b3c41,MATR_b1c15,MATR_b4c37,MATR_b2c10,MATR_b3c4",False,False,0.95
500,MATR_b1c35,701.0,619.489005040553,49.72001621331977,522.0395639516987,716.9384461294073,201.0,119.48900504055302,22.03956395169871,216.93844612940734,81.51099495944698,"MATR_b1c32,MATR_b4c16,MATR_b4c38,MATR_b1c31,MATR_b3c10,MATR_b1c43,MATR_b4c23,MATR_b1c29,MATR_b4c33,MATR_b1c28,MATR_b2c28,MATR_b3c41,MATR_b1c15,MATR_b4c37,MATR_b2c10,MATR_b3c4",False,False,0.95
500,MATR_b1c42,700.0,737.0538425748218,64.3549288411244,610.9204998185801,863.1871853310636,200.0,237.05384257482183,110.92049981858008,363.1871853310636,37.05384257482183,"MATR_b1c32,MATR_b4c16,MATR_b4c38,MATR_b1c31,MATR_b3c10,MATR_b1c43,MATR_b4c23,MATR_b1c29,MATR_b4c33,MATR_b1c28,MATR_b2c28,MATR_b3c41,MATR_b1c15,MATR_b4c37,MATR_b2c10,MATR_b3c4",False,False,0.95
500,MATR_b1c5,1071.0,1017.5855757932457,95.62256746971921,830.1687874433446,1205.0023641431467,571.0,517.5855757932457,330.1687874433446,705.0023641431467,53.41442420675435,"MATR_b1c32,MATR_b4c16,MATR_b4c38,MATR_b1c31,MATR_b3c10,MATR_b1c43,MATR_b4c23,MATR_b1c29,MATR_b4c33,MATR_b1c28,MATR_b2c28,MATR_b3c41,MATR_b1c15,MATR_b4c37,MATR_b2c10,MATR_b3c4",False,False,0.95
500,MATR_b1c6,633.0,842.7870774587401,86.41382176473674,673.4190990333927,1012.1550558840875,133.0,342.7870774587401,173.41909903339274,512.1550558840875,209.7870774587401,"MATR_b1c32,MATR_b4c16,MATR_b4c38,MATR_b1c31,MATR_b3c10,MATR_b1c43,MATR_b4c23,MATR_b1c29,MATR_b4c33,MATR_b1c28,MATR_b2c28,MATR_b3c41,MATR_b1c15,MATR_b4c37,MATR_b2c10,MATR_b3c4",False,False,0.95
500,MATR_b2c22,512.0,420.340944733912,48.70197035502339,324.8868368619288,515.7950526058952,12.0,-79.65905526608799,-175.11316313807117,15.795052605895194,91.65905526608799,"MATR_b1c32,MATR_b4c16,MATR_b4c38,MATR_b1c31,MATR_b3c10,MATR_b1c43,MATR_b4c23,MATR_b1c29,MATR_b4c33,MATR_b1c28,MATR_b2c28,MATR_b3c41,MATR_b1c15,MATR_b4c37,MATR_b2c10,MATR_b3c4",False,False,0.95
500,MATR_b2c33,519.0,457.7484842529104,45.88282868801187,367.81979251558596,547.6771759902348,19.0,-42.25151574708963,-132.18020748441404,47.67717599023479,61.25151574708963,"MATR_b1c32,MATR_b4c16,MATR_b4c38,MATR_b1c31,MATR_b3c10,MATR_b1c43,MATR_b4c23,MATR_b1c29,MATR_b4c33,MATR_b1c28,MATR_b2c28,MATR_b3c41,MATR_b1c15,MATR_b4c37,MATR_b2c10,MATR_b3c4",False,False,0.95
500,MATR_b3c1,1061.0,1071.368869232223,144.2694586004789,788.605926306192,1354.131812158254,561.0,571.368869232223,288.60592630619203,854.131812158254,10.368869232223005,"MATR_b1c32,MATR_b4c16,MATR_b4c38,MATR_b1c31,MATR_b3c10,MATR_b1c43,MATR_b4c23,MATR_b1c29,MATR_b4c33,MATR_b1c28,MATR_b2c28,MATR_b3c41,MATR_b1c15,MATR_b4c37,MATR_b2c10,MATR_b3c4",False,False,0.95
500,MATR_b3c14,856.0,868.9106167080578,86.96392710494418,698.4644516282005,1039.356781787915,356.0,368.9106167080578,198.46445162820055,539.356781787915,12.910616708057773,"MATR_b1c32,MATR_b4c16,MATR_b4c38,MATR_b1c31,MATR_b3c10,MATR_b1c43,MATR_b4c23,MATR_b1c29,MATR_b4c33,MATR_b1c28,MATR_b2c28,MATR_b3c41,MATR_b1c15,MATR_b4c37,MATR_b2c10,MATR_b3c4",False,False,0.95
500,MATR_b3c17,1313.0,1203.719629718136,208.41385655176373,795.235976997582,1612.2032824386902,813.0,703.719629718136,295.23597699758204,1112.2032824386902,109.28037028186395,"MATR_b1c32,MATR_b4c16,MATR_b4c38,MATR_b1c31,MATR_b3c10,MATR_b1c43,MATR_b4c23,MATR_b1c29,MATR_b4c33,MATR_b1c28,MATR_b2c28,MATR_b3c41,MATR_b1c15,MATR_b4c37,MATR_b2c10,MATR_b3c4",False,False,0.95
500,MATR_b3c24,823.0,797.8002330082595,85.46257481530651,630.2966643441989,965.3038016723201,323.0,297.8002330082595,130.29666434419892,465.3038016723201,25.19976699174049,"MATR_b1c32,MATR_b4c16,MATR_b4c38,MATR_b1c31,MATR_b3c10,MATR_b1c43,MATR_b4c23,MATR_b1c29,MATR_b4c33,MATR_b1c28,MATR_b2c28,MATR_b3c41,MATR_b1c15,MATR_b4c37,MATR_b2c10,MATR_b3c4",False,False,0.95
500,MATR_b3c31,729.0,666.7517407276996,59.137537913578704,550.8442962827133,782.6591851726859,229.0,166.7517407276996,50.844296282713344,282.65918517268585,62.2482592723004,"MATR_b1c32,MATR_b4c16,MATR_b4c38,MATR_b1c31,MATR_b3c10,MATR_b1c43,MATR_b4c23,MATR_b1c29,MATR_b4c33,MATR_b1c28,MATR_b2c28,MATR_b3c41,MATR_b1c15,MATR_b4c37,MATR_b2c10,MATR_b3c4",False,False,0.95
500,MATR_b3c33,1282.0,1302.147102096293,271.4416898990375,770.13116599149,1834.1630382010962,782.0,802.1471020962931,270.13116599149,1334.1630382010962,20.14710209629311,"MATR_b1c32,MATR_b4c16,MATR_b4c38,MATR_b1c31,MATR_b3c10,MATR_b1c43,MATR_b4c23,MATR_b1c29,MATR_b4c33,MATR_b1c28,MATR_b2c28,MATR_b3c41,MATR_b1c15,MATR_b4c37,MATR_b2c10,MATR_b3c4",False,False,0.95
500,MATR_b3c36,921.0,964.9482237991699,108.43298726290426,752.4234740277872,1177.4729735705525,421.0,464.9482237991699,252.42347402778717,677.4729735705525,43.94822379916991,"MATR_b1c32,MATR_b4c16,MATR_b4c38,MATR_b1c31,MATR_b3c10,MATR_b1c43,MATR_b4c23,MATR_b1c29,MATR_b4c33,MATR_b1c28,MATR_b2c28,MATR_b3c41,MATR_b1c15,MATR_b4c37,MATR_b2c10,MATR_b3c4",False,False,0.95
500,MATR_b3c6,665.0,440.1998773681884,65.60463960099628,311.61714653150557,568.7826082048713,165.0,-59.800122631811576,-188.38285346849443,68.78260820487128,224.80012263181158,"MATR_b1c32,MATR_b4c16,MATR_b4c38,MATR_b1c31,MATR_b3c10,MATR_b1c43,MATR_b4c23,MATR_b1c29,MATR_b4c33,MATR_b1c28,MATR_b2c28,MATR_b3c41,MATR_b1c15,MATR_b4c37,MATR_b2c10,MATR_b3c4",False,False,0.95
500,MATR_b4c1,760.0,564.8638797405096,56.15863497396768,454.79497777060146,674.9327817104177,260.0,64.86387974050956,-45.20502222939854,174.93278171041766,195.13612025949044,"MATR_b1c32,MATR_b4c16,MATR_b4c38,MATR_b1c31,MATR_b3c10,MATR_b1c43,MATR_b4c23,MATR_b1c29,MATR_b4c33,MATR_b1c28,MATR_b2c28,MATR_b3c41,MATR_b1c15,MATR_b4c37,MATR_b2c10,MATR_b3c4",False,False,0.95
500,MATR_b4c11,863.0,854.2108576680189,89.95611172646315,677.90011849489,1030.5215968411478,363.0,354.2108576680189,177.90011849488997,530.5215968411478,8.789142331981111,"MATR_b1c32,MATR_b4c16,MATR_b4c38,MATR_b1c31,MATR_b3c10,MATR_b1c43,MATR_b4c23,MATR_b1c29,MATR_b4c33,MATR_b1c28,MATR_b2c28,MATR_b3c41,MATR_b1c15,MATR_b4c37,MATR_b2c10,MATR_b3c4",False,False,0.95
500,MATR_b4c15,675.0,625.456531059634,58.19817531714156,511.3902034720886,739.5228586471794,175.0,125.45653105963402,11.390203472088615,239.52285864717942,49.54346894036598,"MATR_b1c32,MATR_b4c16,MATR_b4c38,MATR_b1c31,MATR_b3c10,MATR_b1c43,MATR_b4c23,MATR_b1c29,MATR_b4c33,MATR_b1c28,MATR_b2c28,MATR_b3c41,MATR_b1c15,MATR_b4c37,MATR_b2c10,MATR_b3c4",False,False,0.95
500,MATR_b4c21,773.0,817.597250327655,88.3176612395893,644.4978150992509,990.6966855560592,273.0,317.59725032765505,144.49781509925094,490.69668555605915,44.59725032765505,"MATR_b1c32,MATR_b4c16,MATR_b4c38,MATR_b1c31,MATR_b3c10,MATR_b1c43,MATR_b4c23,MATR_b1c29,MATR_b4c33,MATR_b1c28,MATR_b2c28,MATR_b3c41,MATR_b1c15,MATR_b4c37,MATR_b2c10,MATR_b3c4",False,False,0.95
500,MATR_b4c3,777.0,630.1499659874061,62.534966739653,507.58368340327604,752.7162485715361,277.0,130.14996598740606,7.583683403276041,252.71624857153608,146.85003401259394,"MATR_b1c32,MATR_b4c16,MATR_b4c38,MATR_b1c31,MATR_b3c10,MATR_b1c43,MATR_b4c23,MATR_b1c29,MATR_b4c33,MATR_b1c28,MATR_b2c28,MATR_b3c41,MATR_b1c15,MATR_b4c37,MATR_b2c10,MATR_b3c4",False,False,0.95
500,MATR_b4c32,754.0,730.9460567254043,74.40582162952097,585.1133260914319,876.7787873593768,254.0,230.94605672540433,85.11332609143187,376.7787873593768,23.053943274595667,"MATR_b1c32,MATR_b4c16,MATR_b4c38,MATR_b1c31,MATR_b3c10,MATR_b1c43,MATR_b4c23,MATR_b1c29,MATR_b4c33,MATR_b1c28,MATR_b2c28,MATR_b3c41,MATR_b1c15,MATR_b4c37,MATR_b2c10,MATR_b3c4",False,False,0.95
500,MATR_b4c34,891.0,849.2863976929893,93.9542037934827,665.1395420616268,1033.4332533243519,391.0,349.28639769298934,165.1395420616268,533.4332533243519,41.71360230701066,"MATR_b1c32,MATR_b4c16,MATR_b4c38,MATR_b1c31,MATR_b3c10,MATR_b1c43,MATR_b4c23,MATR_b1c29,MATR_b4c33,MATR_b1c28,MATR_b2c28,MATR_b3c41,MATR_b1c15,MATR_b4c37,MATR_b2c10,MATR_b3c4",False,False,0.95
500,MATR_b4c42,774.0,729.0069782149546,75.11182088755343,581.7905144621266,876.2234419677827,274.0,229.00697821495464,81.79051446212657,376.2234419677827,44.99302178504536,"MATR_b1c32,MATR_b4c16,MATR_b4c38,MATR_b1c31,MATR_b3c10,MATR_b1c43,MATR_b4c23,MATR_b1c29,MATR_b4c33,MATR_b1c28,MATR_b2c28,MATR_b3c41,MATR_b1c15,MATR_b4c37,MATR_b2c10,MATR_b3c4",False,False,0.95
500,MATR_b4c6,706.0,648.454071448387,70.38990773782294,510.4923874071568,786.4157554896173,206.0,148.45407144838703,10.492387407156798,286.41575548961725,57.545928551612974,"MATR_b1c32,MATR_b4c16,MATR_b4c38,MATR_b1c31,MATR_b3c10,MATR_b1c43,MATR_b4c23,MATR_b1c29,MATR_b4c33,MATR_b1c28,MATR_b2c28,MATR_b3c41,MATR_b1c15,MATR_b4c37,MATR_b2c10,MATR_b3c4",False,False,0.95
500,MATR_b4c7,529.0,471.9167595953177,44.40752693777355,384.8796061547893,558.9539130358461,29.0,-28.08324040468227,-115.12039384521069,58.953913035846085,57.08324040468227,"MATR_b1c32,MATR_b4c16,MATR_b4c38,MATR_b1c31,MATR_b3c10,MATR_b1c43,MATR_b4c23,MATR_b1c29,MATR_b4c33,MATR_b1c28,MATR_b2c28,MATR_b3c41,MATR_b1c15,MATR_b4c37,MATR_b2c10,MATR_b3c4",False,False,0.95
520,MATR_b1c14,877.0,905.7788625428971,87.08227192489198,735.1007458781853,1076.4569792076088,357.0,385.77886254289706,215.1007458781853,556.4569792076088,28.77886254289706,"MATR_b1c40,MATR_b3c19,MATR_b1c43,MATR_b4c30,MATR_b1c32,MATR_b3c8,MATR_b1c17,MATR_b4c28,MATR_b4c13,MATR_b3c44,MATR_b3c35,MATR_b1c38,MATR_b3c22,MATR_b1c15,MATR_b4c16,MATR_b3c10",False,False,0.95
520,MATR_b1c18,687.0,634.4961293937505,61.94521866060164,513.0857318045128,755.9065269829882,167.0,114.4961293937505,-6.914268195487239,235.90652698298823,52.50387060624951,"MATR_b1c40,MATR_b3c19,MATR_b1c43,MATR_b4c30,MATR_b1c32,MATR_b3c8,MATR_b1c17,MATR_b4c28,MATR_b4c13,MATR_b3c44,MATR_b3c35,MATR_b1c38,MATR_b3c22,MATR_b1c15,MATR_b4c16,MATR_b3c10",False,False,0.95
520,MATR_b1c19,786.0,786.1120753454016,71.19849069841332,646.5655978229015,925.6585528679018,266.0,266.11207534540165,126.56559782290151,405.6585528679018,0.11207534540164943,"MATR_b1c40,MATR_b3c19,MATR_b1c43,MATR_b4c30,MATR_b1c32,MATR_b3c8,MATR_b1c17,MATR_b4c28,MATR_b4c13,MATR_b3c44,MATR_b3c35,MATR_b1c38,MATR_b3c22,MATR_b1c15,MATR_b4c16,MATR_b3c10",False,False,0.95
520,MATR_b1c2,2237.0,1543.051462384038,414.92316790700073,729.8169969350511,2356.2859278330247,1717.0,1023.0514623840379,209.81699693505107,1836.2859278330247,693.9485376159621,"MATR_b1c40,MATR_b3c19,MATR_b1c43,MATR_b4c30,MATR_b1c32,MATR_b3c8,MATR_b1c17,MATR_b4c28,MATR_b4c13,MATR_b3c44,MATR_b3c35,MATR_b1c38,MATR_b3c22,MATR_b1c15,MATR_b4c16,MATR_b3c10",False,False,0.95
520,MATR_b1c30,707.0,805.6687803203075,75.92462876856654,656.8592423943435,954.4783182462716,187.0,285.6687803203075,136.85924239434348,434.47831824627156,98.66878032030752,"MATR_b1c40,MATR_b3c19,MATR_b1c43,MATR_b4c30,MATR_b1c32,MATR_b3c8,MATR_b1c17,MATR_b4c28,MATR_b4c13,MATR_b3c44,MATR_b3c35,MATR_b1c38,MATR_b3c22,MATR_b1c15,MATR_b4c16,MATR_b3c10",False,False,0.95
520,MATR_b1c34,742.0,823.574585878007,74.73953388518203,677.0877912417393,970.0613805142748,222.0,303.57458587800704,157.0877912417393,450.0613805142748,81.57458587800704,"MATR_b1c40,MATR_b3c19,MATR_b1c43,MATR_b4c30,MATR_b1c32,MATR_b3c8,MATR_b1c17,MATR_b4c28,MATR_b4c13,MATR_b3c44,MATR_b3c35,MATR_b1c38,MATR_b3c22,MATR_b1c15,MATR_b4c16,MATR_b3c10",False,False,0.95
520,MATR_b1c35,701.0,613.1190765228581,50.58523098585703,513.9738456409387,712.2643074047775,181.0,93.11907652285811,-6.026154359061252,192.26430740477747,87.88092347714189,"MATR_b1c40,MATR_b3c19,MATR_b1c43,MATR_b4c30,MATR_b1c32,MATR_b3c8,MATR_b1c17,MATR_b4c28,MATR_b4c13,MATR_b3c44,MATR_b3c35,MATR_b1c38,MATR_b3c22,MATR_b1c15,MATR_b4c16,MATR_b3c10",False,False,0.95
520,MATR_b1c42,700.0,723.9126557377626,65.35304982415326,595.8230318025705,852.0022796729547,180.0,203.91265573776263,75.82303180257054,332.0022796729547,23.912655737762634,"MATR_b1c40,MATR_b3c19,MATR_b1c43,MATR_b4c30,MATR_b1c32,MATR_b3c8,MATR_b1c17,MATR_b4c28,MATR_b4c13,MATR_b3c44,MATR_b3c35,MATR_b1c38,MATR_b3c22,MATR_b1c15,MATR_b4c16,MATR_b3c10",False,False,0.95
520,MATR_b1c5,1071.0,1005.5617910165843,96.82992551951834,815.7786243726325,1195.344957660536,551.0,485.56179101658427,295.7786243726325,675.344957660536,65.43820898341573,"MATR_b1c40,MATR_b3c19,MATR_b1c43,MATR_b4c30,MATR_b1c32,MATR_b3c8,MATR_b1c17,MATR_b4c28,MATR_b4c13,MATR_b3c44,MATR_b3c35,MATR_b1c38,MATR_b3c22,MATR_b1c15,MATR_b4c16,MATR_b3c10",False,False,0.95
520,MATR_b1c6,633.0,828.144533627232,88.62178023304666,654.4490361246369,1001.8400311298271,113.0,308.144533627232,134.4490361246369,481.84003112982714,195.14453362723202,"MATR_b1c40,MATR_b3c19,MATR_b1c43,MATR_b4c30,MATR_b1c32,MATR_b3c8,MATR_b1c17,MATR_b4c28,MATR_b4c13,MATR_b3c44,MATR_b3c35,MATR_b1c38,MATR_b3c22,MATR_b1c15,MATR_b4c16,MATR_b3c10",False,False,0.95
520,MATR_b3c1,1061.0,1073.3168492453894,148.49199838875276,782.2778804110544,1364.3558180797245,541.0,553.3168492453894,262.2778804110544,844.3558180797245,12.316849245389449,"MATR_b1c40,MATR_b3c19,MATR_b1c43,MATR_b4c30,MATR_b1c32,MATR_b3c8,MATR_b1c17,MATR_b4c28,MATR_b4c13,MATR_b3c44,MATR_b3c35,MATR_b1c38,MATR_b3c22,MATR_b1c15,MATR_b4c16,MATR_b3c10",False,False,0.95
520,MATR_b3c14,856.0,855.3693233202313,88.61584276136128,681.6854630482987,1029.0531835921638,336.0,335.3693233202313,161.68546304829874,509.0531835921638,0.630676679768726,"MATR_b1c40,MATR_b3c19,MATR_b1c43,MATR_b4c30,MATR_b1c32,MATR_b3c8,MATR_b1c17,MATR_b4c28,MATR_b4c13,MATR_b3c44,MATR_b3c35,MATR_b1c38,MATR_b3c22,MATR_b1c15,MATR_b4c16,MATR_b3c10",False,False,0.95
520,MATR_b3c17,1313.0,1205.8065710337587,214.50293607200445,785.3885417545325,1626.2246003129849,793.0,685.8065710337587,265.3885417545325,1106.2246003129849,107.1934289662413,"MATR_b1c40,MATR_b3c19,MATR_b1c43,MATR_b4c30,MATR_b1c32,MATR_b3c8,MATR_b1c17,MATR_b4c28,MATR_b4c13,MATR_b3c44,MATR_b3c35,MATR_b1c38,MATR_b3c22,MATR_b1c15,MATR_b4c16,MATR_b3c10",False,False,0.95
520,MATR_b3c24,823.0,788.4224387334453,87.45752766310608,617.008834336842,959.8360431300487,303.0,268.42243873344535,97.00883433684203,439.83604313004867,34.57756126655465,"MATR_b1c40,MATR_b3c19,MATR_b1c43,MATR_b4c30,MATR_b1c32,MATR_b3c8,MATR_b1c17,MATR_b4c28,MATR_b4c13,MATR_b3c44,MATR_b3c35,MATR_b1c38,MATR_b3c22,MATR_b1c15,MATR_b4c16,MATR_b3c10",False,False,0.95
520,MATR_b3c31,729.0,662.2261922814024,60.467169300645196,543.7127182050518,780.739666357753,209.0,142.2261922814024,23.71271820505183,260.739666357753,66.7738077185976,"MATR_b1c40,MATR_b3c19,MATR_b1c43,MATR_b4c30,MATR_b1c32,MATR_b3c8,MATR_b1c17,MATR_b4c28,MATR_b4c13,MATR_b3c44,MATR_b3c35,MATR_b1c38,MATR_b3c22,MATR_b1c15,MATR_b4c16,MATR_b3c10",False,False,0.95
520,MATR_b3c33,1282.0,1301.5299061489275,276.4692511058527,759.6601311486958,1843.3996811491593,762.0,781.5299061489275,239.66013114869577,1323.3996811491593,19.529906148927466,"MATR_b1c40,MATR_b3c19,MATR_b1c43,MATR_b4c30,MATR_b1c32,MATR_b3c8,MATR_b1c17,MATR_b4c28,MATR_b4c13,MATR_b3c44,MATR_b3c35,MATR_b1c38,MATR_b3c22,MATR_b1c15,MATR_b4c16,MATR_b3c10",False,False,0.95
520,MATR_b3c36,921.0,958.2684458280232,111.4372538394851,739.8554417665846,1176.6814498894619,401.0,438.26844582802323,219.8554417665846,656.6814498894619,37.26844582802323,"MATR_b1c40,MATR_b3c19,MATR_b1c43,MATR_b4c30,MATR_b1c32,MATR_b3c8,MATR_b1c17,MATR_b4c28,MATR_b4c13,MATR_b3c44,MATR_b3c35,MATR_b1c38,MATR_b3c22,MATR_b1c15,MATR_b4c16,MATR_b3c10",False,False,0.95
520,MATR_b3c6,665.0,430.4604289642271,70.73152407623475,291.82918920317934,569.0916687252749,145.0,-89.5395710357729,-228.17081079682066,49.09166872527487,234.5395710357729,"MATR_b1c40,MATR_b3c19,MATR_b1c43,MATR_b4c30,MATR_b1c32,MATR_b3c8,MATR_b1c17,MATR_b4c28,MATR_b4c13,MATR_b3c44,MATR_b3c35,MATR_b1c38,MATR_b3c22,MATR_b1c15,MATR_b4c16,MATR_b3c10",False,False,0.95
520,MATR_b4c1,760.0,555.6829300598672,58.40085858196432,441.2193505730002,670.1465095467341,240.0,35.6829300598672,-78.78064942699979,150.14650954673414,204.3170699401328,"MATR_b1c40,MATR_b3c19,MATR_b1c43,MATR_b4c30,MATR_b1c32,MATR_b3c8,MATR_b1c17,MATR_b4c28,MATR_b4c13,MATR_b3c44,MATR_b3c35,MATR_b1c38,MATR_b3c22,MATR_b1c15,MATR_b4c16,MATR_b3c10",False,False,0.95
520,MATR_b4c11,863.0,846.1348611174419,91.59495741747455,666.612043413712,1025.6576788211719,343.0,326.1348611174419,146.61204341371194,505.6576788211719,16.865138882558085,"MATR_b1c40,MATR_b3c19,MATR_b1c43,MATR_b4c30,MATR_b1c32,MATR_b3c8,MATR_b1c17,MATR_b4c28,MATR_b4c13,MATR_b3c44,MATR_b3c35,MATR_b1c38,MATR_b3c22,MATR_b1c15,MATR_b4c16,MATR_b3c10",False,False,0.95
520,MATR_b4c15,675.0,618.1122549697076,59.55742819527872,501.38184069513096,734.8426692442841,155.0,98.11225496970758,-18.61815930486904,214.84266924428414,56.88774503029242,"MATR_b1c40,MATR_b3c19,MATR_b1c43,MATR_b4c30,MATR_b1c32,MATR_b3c8,MATR_b1c17,MATR_b4c28,MATR_b4c13,MATR_b3c44,MATR_b3c35,MATR_b1c38,MATR_b3c22,MATR_b1c15,MATR_b4c16,MATR_b3c10",False,False,0.95
520,MATR_b4c21,773.0,810.0636432269812,90.21025621576668,633.254790007948,986.8724964460143,253.0,290.0636432269812,113.25479000794803,466.87249644601434,37.063643226981185,"MATR_b1c40,MATR_b3c19,MATR_b1c43,MATR_b4c30,MATR_b1c32,MATR_b3c8,MATR_b1c17,MATR_b4c28,MATR_b4c13,MATR_b3c44,MATR_b3c35,MATR_b1c38,MATR_b3c22,MATR_b1c15,MATR_b4c16,MATR_b3c10",False,False,0.95
520,MATR_b4c3,777.0,629.5375501281802,64.58641966468694,502.9504936950043,756.1246065613561,257.0,109.53755012818021,-17.049506304995703,236.12460656135613,147.46244987181979,"MATR_b1c40,MATR_b3c19,MATR_b1c43,MATR_b4c30,MATR_b1c32,MATR_b3c8,MATR_b1c17,MATR_b4c28,MATR_b4c13,MATR_b3c44,MATR_b3c35,MATR_b1c38,MATR_b3c22,MATR_b1c15,MATR_b4c16,MATR_b3c10",False,False,0.95
520,MATR_b4c32,754.0,724.1713403698366,76.00925891173348,575.1959304112588,873.1467503284143,234.0,204.17134036983657,55.195930411258814,353.1467503284143,29.82865963016343,"MATR_b1c40,MATR_b3c19,MATR_b1c43,MATR_b4c30,MATR_b1c32,MATR_b3c8,MATR_b1c17,MATR_b4c28,MATR_b4c13,MATR_b3c44,MATR_b3c35,MATR_b1c38,MATR_b3c22,MATR_b1c15,MATR_b4c16,MATR_b3c10",False,False,0.95
520,MATR_b4c34,891.0,848.6177875692546,96.93629189024983,658.6261466695028,1038.6094284690064,371.0,328.6177875692546,138.62614666950276,518.6094284690064,42.382212430745426,"MATR_b1c40,MATR_b3c19,MATR_b1c43,MATR_b4c30,MATR_b1c32,MATR_b3c8,MATR_b1c17,MATR_b4c28,MATR_b4c13,MATR_b3c44,MATR_b3c35,MATR_b1c38,MATR_b3c22,MATR_b1c15,MATR_b4c16,MATR_b3c10",False,False,0.95
520,MATR_b4c42,774.0,723.3493251733811,76.95345334923313,572.523328122901,874.1753222238611,254.0,203.3493251733811,52.523328122901034,354.17532222386114,50.65067482661891,"MATR_b1c40,MATR_b3c19,MATR_b1c43,MATR_b4c30,MATR_b1c32,MATR_b3c8,MATR_b1c17,MATR_b4c28,MATR_b4c13,MATR_b3c44,MATR_b3c35,MATR_b1c38,MATR_b3c22,MATR_b1c15,MATR_b4c16,MATR_b3c10",False,False,0.95
520,MATR_b4c6,706.0,641.6641444383354,72.7277989759706,499.12027777056403,784.2080111061067,186.0,121.66414443833537,-20.87972222943597,264.2080111061067,64.33585556166463,"MATR_b1c40,MATR_b3c19,MATR_b1c43,MATR_b4c30,MATR_b1c32,MATR_b3c8,MATR_b1c17,MATR_b4c28,MATR_b4c13,MATR_b3c44,MATR_b3c35,MATR_b1c38,MATR_b3c22,MATR_b1c15,MATR_b4c16,MATR_b3c10",False,False,0.95
520,MATR_b4c7,529.0,459.3023516447289,47.7002548962674,365.8115699946644,552.7931332947934,9.0,-60.6976483552711,-154.1884300053356,32.79313329479339,69.6976483552711,"MATR_b1c40,MATR_b3c19,MATR_b1c43,MATR_b4c30,MATR_b1c32,MATR_b3c8,MATR_b1c17,MATR_b4c28,MATR_b4c13,MATR_b3c44,MATR_b3c35,MATR_b1c38,MATR_b3c22,MATR_b1c15,MATR_b4c16,MATR_b3c10",False,False,0.95
540,MATR_b1c14,877.0,905.5298557073816,89.40564882060747,730.298004004555,1080.7617074102081,337.0,365.52985570738156,190.29800400455497,540.7617074102081,28.529855707381557,"MATR_b4c37,MATR_b4c8,MATR_b1c29,MATR_b4c0,MATR_b4c31,MATR_b3c39,MATR_b3c16,MATR_b1c23,MATR_b3c35,MATR_b1c9,MATR_b2c10,MATR_b3c0,MATR_b3c8,MATR_b1c26,MATR_b3c27,MATR_b4c2",False,False,0.95
540,MATR_b1c18,687.0,622.1800535188909,63.611634545017424,497.5035408129328,746.856566224849,147.0,82.18005351889087,-42.49645918706722,206.85656622484896,64.81994648110913,"MATR_b4c37,MATR_b4c8,MATR_b1c29,MATR_b4c0,MATR_b4c31,MATR_b3c39,MATR_b3c16,MATR_b1c23,MATR_b3c35,MATR_b1c9,MATR_b2c10,MATR_b3c0,MATR_b3c8,MATR_b1c26,MATR_b3c27,MATR_b4c2",False,False,0.95
540,MATR_b1c19,786.0,778.3214150059239,72.7327531421233,635.7678383509198,920.874991660928,246.0,238.32141500592388,95.76783835091976,380.874991660928,7.678584994076118,"MATR_b4c37,MATR_b4c8,MATR_b1c29,MATR_b4c0,MATR_b4c31,MATR_b3c39,MATR_b3c16,MATR_b1c23,MATR_b3c35,MATR_b1c9,MATR_b2c10,MATR_b3c0,MATR_b3c8,MATR_b1c26,MATR_b3c27,MATR_b4c2",False,False,0.95
540,MATR_b1c2,2237.0,1538.3997214927763,417.238800683545,720.6266992003423,2356.1727437852105,1697.0,998.3997214927763,180.62669920034227,1816.1727437852105,698.6002785072237,"MATR_b4c37,MATR_b4c8,MATR_b1c29,MATR_b4c0,MATR_b4c31,MATR_b3c39,MATR_b3c16,MATR_b1c23,MATR_b3c35,MATR_b1c9,MATR_b2c10,MATR_b3c0,MATR_b3c8,MATR_b1c26,MATR_b3c27,MATR_b4c2",False,False,0.95
540,MATR_b1c30,707.0,786.9153818602748,77.25119261875595,635.5058265647467,938.3249371558029,167.0,246.9153818602748,95.50582656474671,398.3249371558029,79.9153818602748,"MATR_b4c37,MATR_b4c8,MATR_b1c29,MATR_b4c0,MATR_b4c31,MATR_b3c39,MATR_b3c16,MATR_b1c23,MATR_b3c35,MATR_b1c9,MATR_b2c10,MATR_b3c0,MATR_b3c8,MATR_b1c26,MATR_b3c27,MATR_b4c2",False,False,0.95
540,MATR_b1c34,742.0,814.9708788883497,76.44282607947899,665.1456928961118,964.7960648805877,202.0,274.9708788883497,125.14569289611177,424.79606488058766,72.97087888834972,"MATR_b4c37,MATR_b4c8,MATR_b1c29,MATR_b4c0,MATR_b4c31,MATR_b3c39,MATR_b3c16,MATR_b1c23,MATR_b3c35,MATR_b1c9,MATR_b2c10,MATR_b3c0,MATR_b3c8,MATR_b1c26,MATR_b3c27,MATR_b4c2",False,False,0.95
540,MATR_b1c35,701.0,597.7375621167001,50.9054357286744,497.9647414711799,697.5103827622204,161.0,57.73756211670013,-42.03525852882012,157.5103827622204,103.26243788329987,"MATR_b4c37,MATR_b4c8,MATR_b1c29,MATR_b4c0,MATR_b4c31,MATR_b3c39,MATR_b3c16,MATR_b1c23,MATR_b3c35,MATR_b1c9,MATR_b2c10,MATR_b3c0,MATR_b3c8,MATR_b1c26,MATR_b3c27,MATR_b4c2",False,False,0.95
540,MATR_b1c42,700.0,700.7154149344631,66.2907280981947,570.7879753530641,830.642854515862,160.0,160.71541493446307,30.7879753530641,290.64285451586204,0.7154149344630696,"MATR_b4c37,MATR_b4c8,MATR_b1c29,MATR_b4c0,MATR_b4c31,MATR_b3c39,MATR_b3c16,MATR_b1c23,MATR_b3c35,MATR_b1c9,MATR_b2c10,MATR_b3c0,MATR_b3c8,MATR_b1c26,MATR_b3c27,MATR_b4c2",False,False,0.95
540,MATR_b1c5,1071.0,1002.5281475991131,100.75961904187696,805.0429231810581,1200.0133720171682,531.0,462.52814759911314,265.0429231810581,660.0133720171682,68.47185240088686,"MATR_b4c37,MATR_b4c8,MATR_b1c29,MATR_b4c0,MATR_b4c31,MATR_b3c39,MATR_b3c16,MATR_b1c23,MATR_b3c35,MATR_b1c9,MATR_b2c10,MATR_b3c0,MATR_b3c8,MATR_b1c26,MATR_b3c27,MATR_b4c2",False,False,0.95
540,MATR_b1c6,633.0,782.6115394065278,90.58642468734604,605.0654095310795,960.157669281976,93.0,242.61153940652775,65.06540953107947,420.15766928197604,149.61153940652775,"MATR_b4c37,MATR_b4c8,MATR_b1c29,MATR_b4c0,MATR_b4c31,MATR_b3c39,MATR_b3c16,MATR_b1c23,MATR_b3c35,MATR_b1c9,MATR_b2c10,MATR_b3c0,MATR_b3c8,MATR_b1c26,MATR_b3c27,MATR_b4c2",False,False,0.95
540,MATR_b3c1,1061.0,1063.4775271100991,146.25019350894945,776.8324151005447,1350.1226391196535,521.0,523.4775271100991,236.83241510054472,810.1226391196535,2.4775271100991176,"MATR_b4c37,MATR_b4c8,MATR_b1c29,MATR_b4c0,MATR_b4c31,MATR_b3c39,MATR_b3c16,MATR_b1c23,MATR_b3c35,MATR_b1c9,MATR_b2c10,MATR_b3c0,MATR_b3c8,MATR_b1c26,MATR_b3c27,MATR_b4c2",False,False,0.95
540,MATR_b3c14,856.0,839.2436207038457,89.77646321708544,663.2849861389734,1015.2022552687181,316.0,299.24362070384575,123.28498613897341,475.2022552687181,16.75637929615425,"MATR_b4c37,MATR_b4c8,MATR_b1c29,MATR_b4c0,MATR_b4c31,MATR_b3c39,MATR_b3c16,MATR_b1c23,MATR_b3c35,MATR_b1c9,MATR_b2c10,MATR_b3c0,MATR_b3c8,MATR_b1c26,MATR_b3c27,MATR_b4c2",False,False,0.95
540,MATR_b3c17,1313.0,1198.608322872652,213.4739374133249,780.2070939045777,1617.0095518407263,773.0,658.608322872652,240.20709390457773,1077.0095518407263,114.39167712734798,"MATR_b4c37,MATR_b4c8,MATR_b1c29,MATR_b4c0,MATR_b4c31,MATR_b3c39,MATR_b3c16,MATR_b1c23,MATR_b3c35,MATR_b1c9,MATR_b2c10,MATR_b3c0,MATR_b3c8,MATR_b1c26,MATR_b3c27,MATR_b4c2",False,False,0.95
540,MATR_b3c24,823.0,777.2473760137957,89.03265139175073,602.7465858378544,951.748166189737,283.0,237.2473760137957,62.746585837854354,411.74816618973705,45.7526239862043,"MATR_b4c37,MATR_b4c8,MATR_b1c29,MATR_b4c0,MATR_b4c31,MATR_b3c39,MATR_b3c16,MATR_b1c23,MATR_b3c35,MATR_b1c9,MATR_b2c10,MATR_b3c0,MATR_b3c8,MATR_b1c26,MATR_b3c27,MATR_b4c2",False,False,0.95
540,MATR_b3c31,729.0,649.0635797343152,60.99596184629258,529.5136913132026,768.6134681554279,189.0,109.06357973431523,-10.486308686797429,228.61346815542788,79.93642026568477,"MATR_b4c37,MATR_b4c8,MATR_b1c29,MATR_b4c0,MATR_b4c31,MATR_b3c39,MATR_b3c16,MATR_b1c23,MATR_b3c35,MATR_b1c9,MATR_b2c10,MATR_b3c0,MATR_b3c8,MATR_b1c26,MATR_b3c27,MATR_b4c2",False,False,0.95
540,MATR_b3c33,1282.0,1285.550259690229,268.86621981168474,758.5821521998976,1812.5183671805605,742.0,745.550259690229,218.58215219989756,1272.5183671805605,3.5502596902290406,"MATR_b4c37,MATR_b4c8,MATR_b1c29,MATR_b4c0,MATR_b4c31,MATR_b3c39,MATR_b3c16,MATR_b1c23,MATR_b3c35,MATR_b1c9,MATR_b2c10,MATR_b3c0,MATR_b3c8,MATR_b1c26,MATR_b3c27,MATR_b4c2",False,False,0.95
540,MATR_b3c36,921.0,938.7653662907323,111.51038542417416,720.2090269571709,1157.3217056242938,381.0,398.76536629073235,180.20902695717086,617.3217056242938,17.765366290732345,"MATR_b4c37,MATR_b4c8,MATR_b1c29,MATR_b4c0,MATR_b4c31,MATR_b3c39,MATR_b3c16,MATR_b1c23,MATR_b3c35,MATR_b1c9,MATR_b2c10,MATR_b3c0,MATR_b3c8,MATR_b1c26,MATR_b3c27,MATR_b4c2",False,False,0.95
540,MATR_b3c6,665.0,411.25964295366305,76.88542177984276,260.5669853289998,561.9523005783262,125.0,-128.74035704633695,-279.4330146710002,21.95230057832623,253.74035704633695,"MATR_b4c37,MATR_b4c8,MATR_b1c29,MATR_b4c0,MATR_b4c31,MATR_b3c39,MATR_b3c16,MATR_b1c23,MATR_b3c35,MATR_b1c9,MATR_b2c10,MATR_b3c0,MATR_b3c8,MATR_b1c26,MATR_b3c27,MATR_b4c2",False,False,0.95
540,MATR_b4c1,760.0,529.6045193592074,60.52444096690999,410.97879487964326,648.2302438387716,220.0,-10.395480640792584,-129.02120512035674,108.23024383877157,230.39548064079258,"MATR_b4c37,MATR_b4c8,MATR_b1c29,MATR_b4c0,MATR_b4c31,MATR_b3c39,MATR_b3c16,MATR_b1c23,MATR_b3c35,MATR_b1c9,MATR_b2c10,MATR_b3c0,MATR_b3c8,MATR_b1c26,MATR_b3c27,MATR_b4c2",False,False,0.95
540,MATR_b4c11,863.0,832.5612456769381,91.86187076426945,652.5152874264971,1012.6072039273791,323.0,292.56124567693814,112.51528742649714,472.60720392737915,30.438754323061858,"MATR_b4c37,MATR_b4c8,MATR_b1c29,MATR_b4c0,MATR_b4c31,MATR_b3c39,MATR_b3c16,MATR_b1c23,MATR_b3c35,MATR_b1c9,MATR_b2c10,MATR_b3c0,MATR_b3c8,MATR_b1c26,MATR_b3c27,MATR_b4c2",False,False,0.95
540,MATR_b4c15,675.0,599.5776890388083,60.468505467014964,481.0615961244957,718.093781953121,135.0,59.57768903880833,-58.93840387550432,178.09378195312104,75.42231096119167,"MATR_b4c37,MATR_b4c8,MATR_b1c29,MATR_b4c0,MATR_b4c31,MATR_b3c39,MATR_b3c16,MATR_b1c23,MATR_b3c35,MATR_b1c9,MATR_b2c10,MATR_b3c0,MATR_b3c8,MATR_b1c26,MATR_b3c27,MATR_b4c2",False,False,0.95
540,MATR_b4c21,773.0,791.0277561428045,91.3791665487568,611.927880769954,970.127631515655,233.0,251.0277561428045,71.92788076995396,430.127631515655,18.027756142804492,"MATR_b4c37,MATR_b4c8,MATR_b1c29,MATR_b4c0,MATR_b4c31,MATR_b3c39,MATR_b3c16,MATR_b1c23,MATR_b3c35,MATR_b1c9,MATR_b2c10,MATR_b3c0,MATR_b3c8,MATR_b1c26,MATR_b3c27,MATR_b4c2",False,False,0.95
540,MATR_b4c3,777.0,610.1854197521839,64.31174808428727,484.136709724168,736.2341297801997,237.0,70.18541975218386,-55.863290275832014,196.23412978019974,166.81458024781614,"MATR_b4c37,MATR_b4c8,MATR_b1c29,MATR_b4c0,MATR_b4c31,MATR_b3c39,MATR_b3c16,MATR_b1c23,MATR_b3c35,MATR_b1c9,MATR_b2c10,MATR_b3c0,MATR_b3c8,MATR_b1c26,MATR_b3c27,MATR_b4c2",False,False,0.95
540,MATR_b4c32,754.0,707.7496580833026,77.38435759386142,556.0791042325657,859.4202119340396,214.0,167.74965808330262,16.07910423256567,319.42021193403957,46.25034191669738,"MATR_b4c37,MATR_b4c8,MATR_b1c29,MATR_b4c0,MATR_b4c31,MATR_b3c39,MATR_b3c16,MATR_b1c23,MATR_b3c35,MATR_b1c9,MATR_b2c10,MATR_b3c0,MATR_b3c8,MATR_b1c26,MATR_b3c27,MATR_b4c2",False,False,0.95
540,MATR_b4c34,891.0,834.1848995327101,98.13889808077619,641.8361938119418,1026.5336052534785,351.0,294.1848995327101,101.83619381194183,486.5336052534785,56.81510046728988,"MATR_b4c37,MATR_b4c8,MATR_b1c29,MATR_b4c0,MATR_b4c31,MATR_b3c39,MATR_b3c16,MATR_b1c23,MATR_b3c35,MATR_b1c9,MATR_b2c10,MATR_b3c0,MATR_b3c8,MATR_b1c26,MATR_b3c27,MATR_b4c2",False,False,0.95
540,MATR_b4c42,774.0,707.6953128095801,77.57772062777393,555.6457743764331,859.744851242727,234.0,167.69531280958006,15.64577437643311,319.744851242727,66.30468719041994,"MATR_b4c37,MATR_b4c8,MATR_b1c29,MATR_b4c0,MATR_b4c31,MATR_b3c39,MATR_b3c16,MATR_b1c23,MATR_b3c35,MATR_b1c9,MATR_b2c10,MATR_b3c0,MATR_b3c8,MATR_b1c26,MATR_b3c27,MATR_b4c2",False,False,0.95
540,MATR_b4c6,706.0,618.3840801393546,73.96502316702076,473.41529861632324,763.352861662386,166.0,78.38408013935464,-66.58470138367676,223.35286166238598,87.61591986064536,"MATR_b4c37,MATR_b4c8,MATR_b1c29,MATR_b4c0,MATR_b4c31,MATR_b3c39,MATR_b3c16,MATR_b1c23,MATR_b3c35,MATR_b1c9,MATR_b2c10,MATR_b3c0,MATR_b3c8,MATR_b1c26,MATR_b3c27,MATR_b4c2",False,False,0.95
560,MATR_b1c14,877.0,880.8988895700749,87.35644950011972,709.6833947325482,1052.1143844076014,317.0,320.89888957007486,149.6833947325482,492.1143844076014,3.898889570074857,"MATR_b1c29,MATR_b4c44,MATR_b4c43,MATR_b3c26,MATR_b3c4,MATR_b4c4,MATR_b3c44,MATR_b1c31,MATR_b1c33,MATR_b1c44,MATR_b4c5,MATR_b1c0,MATR_b3c34,MATR_b1c24,MATR_b3c19,MATR_b3c38",False,False,0.95
560,MATR_b1c18,687.0,597.6233104824626,63.65268872720971,472.86633305799285,722.3802879069323,127.0,37.62331048246256,-87.13366694200715,162.38028790693227,89.37668951753744,"MATR_b1c29,MATR_b4c44,MATR_b4c43,MATR_b3c26,MATR_b3c4,MATR_b4c4,MATR_b3c44,MATR_b1c31,MATR_b1c33,MATR_b1c44,MATR_b4c5,MATR_b1c0,MATR_b3c34,MATR_b1c24,MATR_b3c19,MATR_b3c38",False,False,0.95
560,MATR_b1c19,786.0,753.2487294393321,71.92058041061695,612.286982087306,894.2104767913582,226.0,193.24872943933212,52.286982087306,334.21047679135825,32.75127056066788,"MATR_b1c29,MATR_b4c44,MATR_b4c43,MATR_b3c26,MATR_b3c4,MATR_b4c4,MATR_b3c44,MATR_b1c31,MATR_b1c33,MATR_b1c44,MATR_b4c5,MATR_b1c0,MATR_b3c34,MATR_b1c24,MATR_b3c19,MATR_b3c38",False,False,0.95
560,MATR_b1c2,2237.0,1526.5100991111863,411.8687292241973,719.2622234734802,2333.7579747488926,1677.0,966.5100991111863,159.26222347348016,1773.7579747488926,710.4899008888137,"MATR_b1c29,MATR_b4c44,MATR_b4c43,MATR_b3c26,MATR_b3c4,MATR_b4c4,MATR_b3c44,MATR_b1c31,MATR_b1c33,MATR_b1c44,MATR_b4c5,MATR_b1c0,MATR_b3c34,MATR_b1c24,MATR_b3c19,MATR_b3c38",False,False,0.95
560,MATR_b1c30,707.0,735.3637026801258,74.29669823944903,589.7448499605653,880.9825553996864,147.0,175.3637026801258,29.74484996056526,320.98255539968636,28.36370268012581,"MATR_b1c29,MATR_b4c44,MATR_b4c43,MATR_b3c26,MATR_b3c4,MATR_b4c4,MATR_b3c44,MATR_b1c31,MATR_b1c33,MATR_b1c44,MATR_b4c5,MATR_b1c0,MATR_b3c34,MATR_b1c24,MATR_b3c19,MATR_b3c38",False,False,0.95
560,MATR_b1c34,742.0,788.6934499707617,75.5799637125223,640.5594431413738,936.8274568001495,182.0,228.69344997076166,80.55944314137378,376.82745680014955,46.69344997076166,"MATR_b1c29,MATR_b4c44,MATR_b4c43,MATR_b3c26,MATR_b3c4,MATR_b4c4,MATR_b3c44,MATR_b1c31,MATR_b1c33,MATR_b1c44,MATR_b4c5,MATR_b1c0,MATR_b3c34,MATR_b1c24,MATR_b3c19,MATR_b3c38",False,False,0.95
560,MATR_b1c35,701.0,569.8118920002119,50.10109650775138,471.6155472590537,668.00823674137,141.0,9.811892000211856,-88.3844527409463,108.00823674136996,131.18810799978814,"MATR_b1c29,MATR_b4c44,MATR_b4c43,MATR_b3c26,MATR_b3c4,MATR_b4c4,MATR_b3c44,MATR_b1c31,MATR_b1c33,MATR_b1c44,MATR_b4c5,MATR_b1c0,MATR_b3c34,MATR_b1c24,MATR_b3c19,MATR_b3c38",False,False,0.95
560,MATR_b1c42,700.0,658.629514702653,65.470312537534,530.3100600725052,786.9489693328007,140.0,98.62951470265295,-29.689939927494834,226.94896933280074,41.370485297347045,"MATR_b1c29,MATR_b4c44,MATR_b4c43,MATR_b3c26,MATR_b3c4,MATR_b4c4,MATR_b3c44,MATR_b1c31,MATR_b1c33,MATR_b1c44,MATR_b4c5,MATR_b1c0,MATR_b3c34,MATR_b1c24,MATR_b3c19,MATR_b3c38",False,False,0.95
560,MATR_b1c5,1071.0,985.4552912190077,100.92790072748932,787.6402407578947,1183.2703416801205,511.0,425.4552912190077,227.64024075789473,623.2703416801205,85.54470878099232,"MATR_b1c29,MATR_b4c44,MATR_b4c43,MATR_b3c26,MATR_b3c4,MATR_b4c4,MATR_b3c44,MATR_b1c31,MATR_b1c33,MATR_b1c44,MATR_b4c5,MATR_b1c0,MATR_b3c34,MATR_b1c24,MATR_b3c19,MATR_b3c38",False,False,0.95
560,MATR_b1c6,633.0,690.2021850580704,87.14096914893862,519.4090239482348,860.9953461679061,73.0,130.20218505807043,-40.59097605176521,300.99534616790606,57.20218505807043,"MATR_b1c29,MATR_b4c44,MATR_b4c43,MATR_b3c26,MATR_b3c4,MATR_b4c4,MATR_b3c44,MATR_b1c31,MATR_b1c33,MATR_b1c44,MATR_b4c5,MATR_b1c0,MATR_b3c34,MATR_b1c24,MATR_b3c19,MATR_b3c38",False,False,0.95
560,MATR_b3c1,1061.0,1051.754360947391,142.838951357306,771.7951606976026,1331.7135611971794,501.0,491.754360947391,211.79516069760257,771.7135611971794,9.245639052609022,"MATR_b1c29,MATR_b4c44,MATR_b4c43,MATR_b3c26,MATR_b3c4,MATR_b4c4,MATR_b3c44,MATR_b1c31,MATR_b1c33,MATR_b1c44,MATR_b4c5,MATR_b1c0,MATR_b3c34,MATR_b1c24,MATR_b3c19,MATR_b3c38",False,False,0.95
560,MATR_b3c14,856.0,811.2176675374574,86.93974437557581,640.8188997362101,981.6164353387046,296.0,251.21766753745737,80.81889973621014,421.6164353387046,44.78233246254263,"MATR_b1c29,MATR_b4c44,MATR_b4c43,MATR_b3c26,MATR_b3c4,MATR_b4c4,MATR_b3c44,MATR_b1c31,MATR_b1c33,MATR_b1c44,MATR_b4c5,MATR_b1c0,MATR_b3c34,MATR_b1c24,MATR_b3c19,MATR_b3c38",False,False,0.95
560,MATR_b3c17,1313.0,1190.4002716824036,211.22705133746754,776.4028585003744,1604.397684864433,753.0,630.4002716824036,216.40285850037435,1044.397684864433,122.59972831759637,"MATR_b1c29,MATR_b4c44,MATR_b4c43,MATR_b3c26,MATR_b3c4,MATR_b4c4,MATR_b3c44,MATR_b1c31,MATR_b1c33,MATR_b1c44,MATR_b4c5,MATR_b1c0,MATR_b3c34,MATR_b1c24,MATR_b3c19,MATR_b3c38",False,False,0.95
560,MATR_b3c24,823.0,735.8066747653825,84.57075904046405,570.0510329008578,901.5623166299072,263.0,175.80667476538247,10.051032900857763,341.5623166299072,87.19332523461753,"MATR_b1c29,MATR_b4c44,MATR_b4c43,MATR_b3c26,MATR_b3c4,MATR_b4c4,MATR_b3c44,MATR_b1c31,MATR_b1c33,MATR_b1c44,MATR_b4c5,MATR_b1c0,MATR_b3c34,MATR_b1c24,MATR_b3c19,MATR_b3c38",False,False,0.95
560,MATR_b3c31,729.0,615.8862864842727,58.79491474557841,500.65037110883605,731.1222018597093,169.0,55.88628648427266,-59.349628891163945,171.12220185970932,113.11371351572734,"MATR_b1c29,MATR_b4c44,MATR_b4c43,MATR_b3c26,MATR_b3c4,MATR_b4c4,MATR_b3c44,MATR_b1c31,MATR_b1c33,MATR_b1c44,MATR_b4c5,MATR_b1c0,MATR_b3c34,MATR_b1c24,MATR_b3c19,MATR_b3c38",False,False,0.95
560,MATR_b3c33,1282.0,1254.5037001380972,250.20281733194832,764.1151893370245,1744.89221093917,722.0,694.5037001380972,204.1151893370245,1184.89221093917,27.4962998619028,"MATR_b1c29,MATR_b4c44,MATR_b4c43,MATR_b3c26,MATR_b3c4,MATR_b4c4,MATR_b3c44,MATR_b1c31,MATR_b1c33,MATR_b1c44,MATR_b4c5,MATR_b1c0,MATR_b3c34,MATR_b1c24,MATR_b3c19,MATR_b3c38",False,False,0.95
560,MATR_b3c36,921.0,859.7913471017382,98.03462064620024,667.647021397139,1051.9356728063374,361.0,299.7913471017382,107.64702139713904,491.9356728063374,61.20865289826179,"MATR_b1c29,MATR_b4c44,MATR_b4c43,MATR_b3c26,MATR_b3c4,MATR_b4c4,MATR_b3c44,MATR_b1c31,MATR_b1c33,MATR_b1c44,MATR_b4c5,MATR_b1c0,MATR_b3c34,MATR_b1c24,MATR_b3c19,MATR_b3c38",False,False,0.95
560,MATR_b3c6,665.0,395.8623392012483,81.13145739505543,236.84760469369385,554.8770737088028,105.0,-164.1376607987517,-323.1523953063062,-5.1229262911972455,269.1376607987517,"MATR_b1c29,MATR_b4c44,MATR_b4c43,MATR_b3c26,MATR_b3c4,MATR_b4c4,MATR_b3c44,MATR_b1c31,MATR_b1c33,MATR_b1c44,MATR_b4c5,MATR_b1c0,MATR_b3c34,MATR_b1c24,MATR_b3c19,MATR_b3c38",False,False,0.95
560,MATR_b4c1,760.0,493.8123297042816,60.956384974804905,374.3400105259055,613.2846488826576,200.0,-66.18767029571842,-185.65998947409452,53.28464888265762,266.1876702957184,"MATR_b1c29,MATR_b4c44,MATR_b4c43,MATR_b3c26,MATR_b3c4,MATR_b4c4,MATR_b3c44,MATR_b1c31,MATR_b1c33,MATR_b1c44,MATR_b4c5,MATR_b1c0,MATR_b3c34,MATR_b1c24,MATR_b3c19,MATR_b3c38",False,False,0.95
560,MATR_b4c11,863.0,784.4913408249552,85.09353883744747,617.7110693864978,951.2716122634125,303.0,224.49134082495516,57.7110693864978,391.2716122634125,78.50865917504484,"MATR_b1c29,MATR_b4c44,MATR_b4c43,MATR_b3c26,MATR_b3c4,MATR_b4c4,MATR_b3c44,MATR_b1c31,MATR_b1c33,MATR_b1c44,MATR_b4c5,MATR_b1c0,MATR_b3c34,MATR_b1c24,MATR_b3c19,MATR_b3c38",False,False,0.95
560,MATR_b4c15,675.0,565.4475021554291,59.19432968910506,449.4287478757932,681.466256435065,115.0,5.447502155429106,-110.57125212420681,121.46625643506502,109.5524978445709,"MATR_b1c29,MATR_b4c44,MATR_b4c43,MATR_b3c26,MATR_b3c4,MATR_b4c4,MATR_b3c44,MATR_b1c31,MATR_b1c33,MATR_b1c44,MATR_b4c5,MATR_b1c0,MATR_b3c34,MATR_b1c24,MATR_b3c19,MATR_b3c38",False,False,0.95
560,MATR_b4c21,773.0,750.0921504824228,87.53336921902398,578.5298993676888,921.6544015971567,213.0,190.09215048242277,18.529899367688813,361.6544015971567,22.907849517577233,"MATR_b1c29,MATR_b4c44,MATR_b4c43,MATR_b3c26,MATR_b3c4,MATR_b4c4,MATR_b3c44,MATR_b1c31,MATR_b1c33,MATR_b1c44,MATR_b4c5,MATR_b1c0,MATR_b3c34,MATR_b1c24,MATR_b3c19,MATR_b3c38",False,False,0.95
560,MATR_b4c3,777.0,585.7882450910976,61.94301210416705,464.3821722730015,707.1943179091936,217.0,25.788245091097565,-95.61782772699848,147.19431790919361,191.21175490890244,"MATR_b1c29,MATR_b4c44,MATR_b4c43,MATR_b3c26,MATR_b3c4,MATR_b4c4,MATR_b3c44,MATR_b1c31,MATR_b1c33,MATR_b1c44,MATR_b4c5,MATR_b1c0,MATR_b3c34,MATR_b1c24,MATR_b3c19,MATR_b3c38",False,False,0.95
560,MATR_b4c32,754.0,672.3910214816888,75.54609377697311,524.3233985061361,820.4586444572415,194.0,112.39102148168877,-35.67660149386393,260.45864445724146,81.60897851831123,"MATR_b1c29,MATR_b4c44,MATR_b4c43,MATR_b3c26,MATR_b3c4,MATR_b4c4,MATR_b3c44,MATR_b1c31,MATR_b1c33,MATR_b1c44,MATR_b4c5,MATR_b1c0,MATR_b3c34,MATR_b1c24,MATR_b3c19,MATR_b3c38",False,False,0.95
560,MATR_b4c34,891.0,826.0344211166408,97.8920648680171,634.1694996030686,1017.899342630213,331.0,266.03442111664083,74.16949960306863,457.899342630213,64.96557888335917,"MATR_b1c29,MATR_b4c44,MATR_b4c43,MATR_b3c26,MATR_b3c4,MATR_b4c4,MATR_b3c44,MATR_b1c31,MATR_b1c33,MATR_b1c44,MATR_b4c5,MATR_b1c0,MATR_b3c34,MATR_b1c24,MATR_b3c19,MATR_b3c38",False,False,0.95
560,MATR_b4c42,774.0,672.4684156252898,73.90016734516418,527.6267491772851,817.3100820732946,214.0,112.46841562528982,-32.37325082271491,257.31008207329455,101.53158437471018,"MATR_b1c29,MATR_b4c44,MATR_b4c43,MATR_b3c26,MATR_b3c4,MATR_b4c4,MATR_b3c44,MATR_b1c31,MATR_b1c33,MATR_b1c44,MATR_b4c5,MATR_b1c0,MATR_b3c34,MATR_b1c24,MATR_b3c19,MATR_b3c38",False,False,0.95
560,MATR_b4c6,706.0,565.5419747635451,70.03230915589668,428.28117106381296,702.8027784632773,146.0,5.541974763545113,-131.71882893618704,142.80277846327726,140.4580252364549,"MATR_b1c29,MATR_b4c44,MATR_b4c43,MATR_b3c26,MATR_b3c4,MATR_b4c4,MATR_b3c44,MATR_b1c31,MATR_b1c33,MATR_b1c44,MATR_b4c5,MATR_b1c0,MATR_b3c34,MATR_b1c24,MATR_b3c19,MATR_b3c38",False,False,0.95
580,MATR_b1c14,877.0,899.550200685127,95.0299682751042,713.2948854139389,1085.805515956315,297.0,319.55020068512704,133.2948854139389,505.80551595631505,22.550200685127038,"MATR_b1c15,MATR_b4c24,MATR_b3c34,MATR_b3c44,MATR_b1c43,MATR_b4c44,MATR_b1c39,MATR_b4c13,MATR_b3c39,MATR_b1c28,MATR_b3c13,MATR_b3c38,MATR_b3c5,MATR_b1c31,MATR_b4c8,MATR_b4c2",False,False,0.95
580,MATR_b1c18,687.0,590.0946528431302,67.98395670141795,456.84854618182067,723.3407595044398,107.0,10.094652843130234,-123.15145381817933,143.3407595044398,96.90534715686977,"MATR_b1c15,MATR_b4c24,MATR_b3c34,MATR_b3c44,MATR_b1c43,MATR_b4c44,MATR_b1c39,MATR_b4c13,MATR_b3c39,MATR_b1c28,MATR_b3c13,MATR_b3c38,MATR_b3c5,MATR_b1c31,MATR_b4c8,MATR_b4c2",False,False,0.95
580,MATR_b1c19,786.0,767.1514593587897,78.33764172652444,613.6125029409997,920.6904157765797,206.0,187.15145935878968,33.61250294099966,340.6904157765797,18.84854064121032,"MATR_b1c15,MATR_b4c24,MATR_b3c34,MATR_b3c44,MATR_b1c43,MATR_b4c44,MATR_b1c39,MATR_b4c13,MATR_b3c39,MATR_b1c28,MATR_b3c13,MATR_b3c38,MATR_b3c5,MATR_b1c31,MATR_b4c8,MATR_b4c2",False,False,0.95
580,MATR_b1c2,2237.0,1564.3543956598974,441.1186531285949,699.7777226190348,2428.93106870076,1657.0,984.3543956598974,119.77772261903476,1848.93106870076,672.6456043401026,"MATR_b1c15,MATR_b4c24,MATR_b3c34,MATR_b3c44,MATR_b1c43,MATR_b4c44,MATR_b1c39,MATR_b4c13,MATR_b3c39,MATR_b1c28,MATR_b3c13,MATR_b3c38,MATR_b3c5,MATR_b1c31,MATR_b4c8,MATR_b4c2",False,False,0.95
580,MATR_b1c30,707.0,710.6242882931488,78.6800625876448,556.4141993200077,864.8343772662898,127.0,130.62428829314877,-23.585800679992303,284.83437726628983,3.6242882931487657,"MATR_b1c15,MATR_b4c24,MATR_b3c34,MATR_b3c44,MATR_b1c43,MATR_b4c44,MATR_b1c39,MATR_b4c13,MATR_b3c39,MATR_b1c28,MATR_b3c13,MATR_b3c38,MATR_b3c5,MATR_b1c31,MATR_b4c8,MATR_b4c2",False,False,0.95
580,MATR_b1c34,742.0,800.992948443495,82.94551966333073,638.422717224408,963.5631796625821,162.0,220.99294844349504,58.42271722440796,383.5631796625821,58.99294844349504,"MATR_b1c15,MATR_b4c24,MATR_b3c34,MATR_b3c44,MATR_b1c43,MATR_b4c44,MATR_b1c39,MATR_b4c13,MATR_b3c39,MATR_b1c28,MATR_b3c13,MATR_b3c38,MATR_b3c5,MATR_b1c31,MATR_b4c8,MATR_b4c2",False,False,0.95
580,MATR_b1c35,701.0,559.6920125657592,52.64529371531589,456.50913292820724,662.8748922033112,121.0,-20.307987434240772,-123.49086707179276,82.87489220331122,141.30798743424077,"MATR_b1c15,MATR_b4c24,MATR_b3c34,MATR_b3c44,MATR_b1c43,MATR_b4c44,MATR_b1c39,MATR_b4c13,MATR_b3c39,MATR_b1c28,MATR_b3c13,MATR_b3c38,MATR_b3c5,MATR_b1c31,MATR_b4c8,MATR_b4c2",False,False,0.95
580,MATR_b1c42,700.0,644.5317550699291,71.33919748581013,504.70949731175085,784.3540128281073,120.0,64.53175506992909,-75.29050268824915,204.35401282810733,55.46824493007091,"MATR_b1c15,MATR_b4c24,MATR_b3c34,MATR_b3c44,MATR_b1c43,MATR_b4c44,MATR_b1c39,MATR_b4c13,MATR_b3c39,MATR_b1c28,MATR_b3c13,MATR_b3c38,MATR_b3c5,MATR_b1c31,MATR_b4c8,MATR_b4c2",False,False,0.95
580,MATR_b1c5,1071.0,1018.8520356808513,114.57842101123335,794.2824570933666,1243.421614268336,491.0,438.85203568085126,214.2824570933666,663.421614268336,52.14796431914874,"MATR_b1c15,MATR_b4c24,MATR_b3c34,MATR_b3c44,MATR_b1c43,MATR_b4c44,MATR_b1c39,MATR_b4c13,MATR_b3c39,MATR_b1c28,MATR_b3c13,MATR_b3c38,MATR_b3c5,MATR_b1c31,MATR_b4c8,MATR_b4c2",False,False,0.95
580,MATR_b1c6,633.0,617.7346280066682,94.34239776239,432.8269261772317,802.6423298361048,53.0,37.73462800666823,-147.1730738227683,222.64232983610475,15.265371993331769,"MATR_b1c15,MATR_b4c24,MATR_b3c34,MATR_b3c44,MATR_b1c43,MATR_b4c44,MATR_b1c39,MATR_b4c13,MATR_b3c39,MATR_b1c28,MATR_b3c13,MATR_b3c38,MATR_b3c5,MATR_b1c31,MATR_b4c8,MATR_b4c2",False,False,0.95
580,MATR_b3c1,1061.0,1067.0840095153085,147.40251467778532,778.1803895162127,1355.9876295144043,481.0,487.0840095153085,198.1803895162127,775.9876295144043,6.08400951530848,"MATR_b1c15,MATR_b4c24,MATR_b3c34,MATR_b3c44,MATR_b1c43,MATR_b4c44,MATR_b1c39,MATR_b4c13,MATR_b3c39,MATR_b1c28,MATR_b3c13,MATR_b3c38,MATR_b3c5,MATR_b1c31,MATR_b4c8,MATR_b4c2",False,False,0.95
580,MATR_b3c14,856.0,822.2736162005343,92.8704599521319,640.2508594666864,1004.2963729343822,276.0,242.27361620053432,60.25085946668639,424.29637293438225,33.72638379946568,"MATR_b1c15,MATR_b4c24,MATR_b3c34,MATR_b3c44,MATR_b1c43,MATR_b4c44,MATR_b1c39,MATR_b4c13,MATR_b3c39,MATR_b1c28,MATR_b3c13,MATR_b3c38,MATR_b3c5,MATR_b1c31,MATR_b4c8,MATR_b4c2",False,False,0.95
580,MATR_b3c17,1313.0,1261.1657503807885,245.85775485141556,779.2934055521364,1743.0380952094406,733.0,681.1657503807885,199.2934055521364,1163.0380952094406,51.834249619211505,"MATR_b1c15,MATR_b4c24,MATR_b3c34,MATR_b3c44,MATR_b1c43,MATR_b4c44,MATR_b1c39,MATR_b4c13,MATR_b3c39,MATR_b1c28,MATR_b3c13,MATR_b3c38,MATR_b3c5,MATR_b1c31,MATR_b4c8,MATR_b4c2",False,False,0.95
580,MATR_b3c24,823.0,741.8862717387279,88.73583426521549,567.9672324407904,915.8053110366654,243.0,161.88627173872794,-12.03276755920956,335.80531103666544,81.11372826127206,"MATR_b1c15,MATR_b4c24,MATR_b3c34,MATR_b3c44,MATR_b1c43,MATR_b4c44,MATR_b1c39,MATR_b4c13,MATR_b3c39,MATR_b1c28,MATR_b3c13,MATR_b3c38,MATR_b3c5,MATR_b1c31,MATR_b4c8,MATR_b4c2",False,False,0.95
580,MATR_b3c31,729.0,608.5740125198645,60.82382692033923,489.36150235410184,727.7865226856271,149.0,28.574012519864482,-90.63849764589816,147.78652268562712,120.42598748013552,"MATR_b1c15,MATR_b4c24,MATR_b3c34,MATR_b3c44,MATR_b1c43,MATR_b4c44,MATR_b1c39,MATR_b4c13,MATR_b3c39,MATR_b1c28,MATR_b3c13,MATR_b3c38,MATR_b3c5,MATR_b1c31,MATR_b4c8,MATR_b4c2",False,False,0.95
580,MATR_b3c33,1282.0,1305.1244195145428,274.6987553889298,766.7247523542624,1843.5240866748231,702.0,725.1244195145428,186.72475235426236,1263.5240866748231,23.12441951454275,"MATR_b1c15,MATR_b4c24,MATR_b3c34,MATR_b3c44,MATR_b1c43,MATR_b4c44,MATR_b1c39,MATR_b4c13,MATR_b3c39,MATR_b1c28,MATR_b3c13,MATR_b3c38,MATR_b3c5,MATR_b1c31,MATR_b4c8,MATR_b4c2",False,False,0.95
580,MATR_b3c36,921.0,872.6195322618678,104.4356950137821,667.9293313344456,1077.30973318929,341.0,292.6195322618678,87.92933133444558,497.30973318929,48.38046773813221,"MATR_b1c15,MATR_b4c24,MATR_b3c34,MATR_b3c44,MATR_b1c43,MATR_b4c44,MATR_b1c39,MATR_b4c13,MATR_b3c39,MATR_b1c28,MATR_b3c13,MATR_b3c38,MATR_b3c5,MATR_b1c31,MATR_b4c8,MATR_b4c2",False,False,0.95
580,MATR_b3c6,665.0,386.98018266782884,90.20062076250862,210.19021459015616,563.7701507455015,85.0,-193.01981733217116,-369.8097854098438,-16.229849254498504,278.01981733217116,"MATR_b1c15,MATR_b4c24,MATR_b3c34,MATR_b3c44,MATR_b1c43,MATR_b4c44,MATR_b1c39,MATR_b4c13,MATR_b3c39,MATR_b1c28,MATR_b3c13,MATR_b3c38,MATR_b3c5,MATR_b1c31,MATR_b4c8,MATR_b4c2",False,False,0.95
580,MATR_b4c1,760.0,470.55537543772454,65.1174187667689,342.9275798886449,598.1831709868042,180.0,-109.44462456227546,-237.0724201113551,18.183170986804157,289.44462456227546,"MATR_b1c15,MATR_b4c24,MATR_b3c34,MATR_b3c44,MATR_b1c43,MATR_b4c44,MATR_b1c39,MATR_b4c13,MATR_b3c39,MATR_b1c28,MATR_b3c13,MATR_b3c38,MATR_b3c5,MATR_b1c31,MATR_b4c8,MATR_b4c2",False,False,0.95
580,MATR_b4c11,863.0,766.0132330690659,85.5468473928252,598.3444931881843,933.6819729499475,283.0,186.0132330690659,18.344493188184288,353.6819729499475,96.9867669309341,"MATR_b1c15,MATR_b4c24,MATR_b3c34,MATR_b3c44,MATR_b1c43,MATR_b4c44,MATR_b1c39,MATR_b4c13,MATR_b3c39,MATR_b1c28,MATR_b3c13,MATR_b3c38,MATR_b3c5,MATR_b1c31,MATR_b4c8,MATR_b4c2",False,False,0.95
580,MATR_b4c15,675.0,547.6715587953998,61.794895239191426,426.55578969815906,668.7873278926406,95.0,-32.32844120460015,-153.44421030184094,88.78732789264063,127.32844120460015,"MATR_b1c15,MATR_b4c24,MATR_b3c34,MATR_b3c44,MATR_b1c43,MATR_b4c44,MATR_b1c39,MATR_b4c13,MATR_b3c39,MATR_b1c28,MATR_b3c13,MATR_b3c38,MATR_b3c5,MATR_b1c31,MATR_b4c8,MATR_b4c2",False,False,0.95
580,MATR_b4c21,773.0,742.3428360234292,91.3201493975512,563.3586321414118,921.3270399054466,193.0,162.3428360234292,-16.641367858588183,341.32703990544655,30.657163976570814,"MATR_b1c15,MATR_b4c24,MATR_b3c34,MATR_b3c44,MATR_b1c43,MATR_b4c44,MATR_b1c39,MATR_b4c13,MATR_b3c39,MATR_b1c28,MATR_b3c13,MATR_b3c38,MATR_b3c5,MATR_b1c31,MATR_b4c8,MATR_b4c2",False,False,0.95
580,MATR_b4c3,777.0,566.1886228287797,61.08922531794025,446.45594136216437,685.921304295395,197.0,-13.811377171220329,-133.54405863783563,105.92130429539498,210.81137717122033,"MATR_b1c15,MATR_b4c24,MATR_b3c34,MATR_b3c44,MATR_b1c43,MATR_b4c44,MATR_b1c39,MATR_b4c13,MATR_b3c39,MATR_b1c28,MATR_b3c13,MATR_b3c38,MATR_b3c5,MATR_b1c31,MATR_b4c8,MATR_b4c2",False,False,0.95
580,MATR_b4c32,754.0,668.0017714147305,80.18306156118886,510.8458585846423,825.1576842448186,174.0,88.00177141473046,-69.15414141535769,245.1576842448186,85.99822858526954,"MATR_b1c15,MATR_b4c24,MATR_b3c34,MATR_b3c44,MATR_b1c43,MATR_b4c44,MATR_b1c39,MATR_b4c13,MATR_b3c39,MATR_b1c28,MATR_b3c13,MATR_b3c38,MATR_b3c5,MATR_b1c31,MATR_b4c8,MATR_b4c2",False,False,0.95
580,MATR_b4c34,891.0,846.9702756160843,105.27694347826441,640.6312579962272,1053.3092932359414,311.0,266.97027561608434,60.63125799622719,473.30929323594137,44.029724383915664,"MATR_b1c15,MATR_b4c24,MATR_b3c34,MATR_b3c44,MATR_b1c43,MATR_b4c44,MATR_b1c39,MATR_b4c13,MATR_b3c39,MATR_b1c28,MATR_b3c13,MATR_b3c38,MATR_b3c5,MATR_b1c31,MATR_b4c8,MATR_b4c2",False,False,0.95
580,MATR_b4c42,774.0,654.6757984145055,74.27612410024128,509.09727026680514,800.2543265622058,194.0,74.6757984145055,-70.90272973319486,220.25432656220585,119.3242015854945,"MATR_b1c15,MATR_b4c24,MATR_b3c34,MATR_b3c44,MATR_b1c43,MATR_b4c44,MATR_b1c39,MATR_b4c13,MATR_b3c39,MATR_b1c28,MATR_b3c13,MATR_b3c38,MATR_b3c5,MATR_b1c31,MATR_b4c8,MATR_b4c2",False,False,0.95
580,MATR_b4c6,706.0,531.9521448516475,70.81241859933972,393.1623547387675,670.7419349645276,126.0,-48.04785514835248,-186.83764526123252,90.74193496452756,174.04785514835248,"MATR_b1c15,MATR_b4c24,MATR_b3c34,MATR_b3c44,MATR_b1c43,MATR_b4c44,MATR_b1c39,MATR_b4c13,MATR_b3c39,MATR_b1c28,MATR_b3c13,MATR_b3c38,MATR_b3c5,MATR_b1c31,MATR_b4c8,MATR_b4c2",False,False,0.95
600,MATR_b1c14,877.0,835.9377616174011,90.42715741991846,658.7037898500271,1013.171733384775,277.0,235.93776161740107,58.70378985002708,413.17173338477505,41.062238382598935,"MATR_b1c41,MATR_b3c13,MATR_b4c35,MATR_b1c29,MATR_b3c10,MATR_b4c24,MATR_b4c39,MATR_b3c41,MATR_b4c16,MATR_b3c4,MATR_b3c27,MATR_b1c39,MATR_b4c8,MATR_b1c38,MATR_b4c17,MATR_b1c33",False,False,0.95
600,MATR_b1c18,687.0,559.580546179729,70.62202430126992,421.1639220339275,697.9971703255305,87.0,-40.419453820270974,-178.83607796607248,97.99717032553053,127.41945382027097,"MATR_b1c41,MATR_b3c13,MATR_b4c35,MATR_b1c29,MATR_b3c10,MATR_b4c24,MATR_b4c39,MATR_b3c41,MATR_b4c16,MATR_b3c4,MATR_b3c27,MATR_b1c39,MATR_b4c8,MATR_b1c38,MATR_b4c17,MATR_b1c33",False,False,0.95
600,MATR_b1c19,786.0,718.2082086443802,78.16827793434501,565.001199159547,871.4152181292134,186.0,118.20820864438019,-34.99880084045299,271.4152181292134,67.79179135561981,"MATR_b1c41,MATR_b3c13,MATR_b4c35,MATR_b1c29,MATR_b3c10,MATR_b4c24,MATR_b4c39,MATR_b3c41,MATR_b4c16,MATR_b3c4,MATR_b3c27,MATR_b1c39,MATR_b4c8,MATR_b1c38,MATR_b4c17,MATR_b1c33",False,False,0.95
600,MATR_b1c2,2237.0,1555.6750353067687,438.470371383712,696.2888991067914,2415.061171506746,1637.0,955.6750353067687,96.2888991067914,1815.0611715067462,681.3249646932313,"MATR_b1c41,MATR_b3c13,MATR_b4c35,MATR_b1c29,MATR_b3c10,MATR_b4c24,MATR_b4c39,MATR_b3c41,MATR_b4c16,MATR_b3c4,MATR_b3c27,MATR_b1c39,MATR_b4c8,MATR_b1c38,MATR_b4c17,MATR_b1c33",False,False,0.95
600,MATR_b1c30,707.0,617.1841274623232,75.5963176361185,469.01806753168086,765.3501873929656,107.0,17.184127462323204,-130.98193246831914,165.3501873929656,89.8158725376768,"MATR_b1c41,MATR_b3c13,MATR_b4c35,MATR_b1c29,MATR_b3c10,MATR_b4c24,MATR_b4c39,MATR_b3c41,MATR_b4c16,MATR_b3c4,MATR_b3c27,MATR_b1c39,MATR_b4c8,MATR_b1c38,MATR_b4c17,MATR_b1c33",False,False,0.95
600,MATR_b1c34,742.0,747.9015068953887,83.4227474786518,584.3959263458516,911.4070874449258,142.0,147.9015068953887,-15.604073654148351,311.40708744492576,5.901506895388707,"MATR_b1c41,MATR_b3c13,MATR_b4c35,MATR_b1c29,MATR_b3c10,MATR_b4c24,MATR_b4c39,MATR_b3c41,MATR_b4c16,MATR_b3c4,MATR_b3c27,MATR_b1c39,MATR_b4c8,MATR_b1c38,MATR_b4c17,MATR_b1c33",False,False,0.95
600,MATR_b1c35,701.0,520.5874288416859,53.43402237280618,415.8586694418783,625.3161882414935,101.0,-79.41257115831411,-184.1413305581217,25.316188241493478,180.4125711583141,"MATR_b1c41,MATR_b3c13,MATR_b4c35,MATR_b1c29,MATR_b3c10,MATR_b4c24,MATR_b4c39,MATR_b3c41,MATR_b4c16,MATR_b3c4,MATR_b3c27,MATR_b1c39,MATR_b4c8,MATR_b1c38,MATR_b4c17,MATR_b1c33",False,False,0.95
600,MATR_b1c42,700.0,586.815023078909,73.52339665775618,442.7118136086543,730.9182325491637,100.0,-13.184976921090993,-157.28818639134568,130.9182325491637,113.18497692109099,"MATR_b1c41,MATR_b3c13,MATR_b4c35,MATR_b1c29,MATR_b3c10,MATR_b4c24,MATR_b4c39,MATR_b3c41,MATR_b4c16,MATR_b3c4,MATR_b3c27,MATR_b1c39,MATR_b4c8,MATR_b1c38,MATR_b4c17,MATR_b1c33",False,False,0.95
600,MATR_b1c5,1071.0,958.0120524389847,110.21660940296685,741.991467511051,1174.0326373669184,471.0,358.0120524389847,141.99146751105104,574.0326373669184,112.98794756101529,"MATR_b1c41,MATR_b3c13,MATR_b4c35,MATR_b1c29,MATR_b3c10,MATR_b4c24,MATR_b4c39,MATR_b3c41,MATR_b4c16,MATR_b3c4,MATR_b3c27,MATR_b1c39,MATR_b4c8,MATR_b1c38,MATR_b4c17,MATR_b1c33",False,False,0.95
600,MATR_b1c6,633.0,514.8622194166493,98.56940712126693,321.6697314815002,708.0547073517984,33.0,-85.13778058335072,-278.3302685184998,108.05470735179836,118.13778058335072,"MATR_b1c41,MATR_b3c13,MATR_b4c35,MATR_b1c29,MATR_b3c10,MATR_b4c24,MATR_b4c39,MATR_b3c41,MATR_b4c16,MATR_b3c4,MATR_b3c27,MATR_b1c39,MATR_b4c8,MATR_b1c38,MATR_b4c17,MATR_b1c33",False,False,0.95
600,MATR_b3c1,1061.0,998.0799556579277,131.88269764273397,739.5946180941837,1256.5652932216717,461.0,398.0799556579277,139.59461809418372,656.5652932216717,62.92004434207229,"MATR_b1c41,MATR_b3c13,MATR_b4c35,MATR_b1c29,MATR_b3c10,MATR_b4c24,MATR_b4c39,MATR_b3c41,MATR_b4c16,MATR_b3c4,MATR_b3c27,MATR_b1c39,MATR_b4c8,MATR_b1c38,MATR_b4c17,MATR_b1c33",False,False,0.95
600,MATR_b3c14,856.0,744.7932122392234,86.22038815865683,575.8043567151923,913.7820677632545,256.0,144.7932122392234,-24.195643284807716,313.78206776325453,111.20678776077659,"MATR_b1c41,MATR_b3c13,MATR_b4c35,MATR_b1c29,MATR_b3c10,MATR_b4c24,MATR_b4c39,MATR_b3c41,MATR_b4c16,MATR_b3c4,MATR_b3c27,MATR_b1c39,MATR_b4c8,MATR_b1c38,MATR_b4c17,MATR_b1c33",False,False,0.95
600,MATR_b3c17,1313.0,1220.6688436609263,228.7669637311637,772.2938338952647,1669.043853426588,713.0,620.6688436609263,172.2938338952647,1069.043853426588,92.33115633907369,"MATR_b1c41,MATR_b3c13,MATR_b4c35,MATR_b1c29,MATR_b3c10,MATR_b4c24,MATR_b4c39,MATR_b3c41,MATR_b4c16,MATR_b3c4,MATR_b3c27,MATR_b1c39,MATR_b4c8,MATR_b1c38,MATR_b4c17,MATR_b1c33",False,False,0.95
600,MATR_b3c24,823.0,691.6375429615505,83.90554579038769,527.1856951092143,856.0893908138867,223.0,91.63754296155048,-72.8143048907857,256.08939081388667,131.36245703844952,"MATR_b1c41,MATR_b3c13,MATR_b4c35,MATR_b1c29,MATR_b3c10,MATR_b4c24,MATR_b4c39,MATR_b3c41,MATR_b4c16,MATR_b3c4,MATR_b3c27,MATR_b1c39,MATR_b4c8,MATR_b1c38,MATR_b4c17,MATR_b1c33",False,False,0.95
600,MATR_b3c31,729.0,563.442725661925,58.8815491383,448.0370099969316,678.8484413269184,129.0,-36.55727433807499,-151.9629900030684,78.84844132691842,165.557274338075,"MATR_b1c41,MATR_b3c13,MATR_b4c35,MATR_b1c29,MATR_b3c10,MATR_b4c24,MATR_b4c39,MATR_b3c41,MATR_b4c16,MATR_b3c4,MATR_b3c27,MATR_b1c39,MATR_b4c8,MATR_b1c38,MATR_b4c17,MATR_b1c33",False,False,0.95
600,MATR_b3c33,1282.0,1222.7047095465832,231.9053738835715,768.1785289134875,1677.230890179679,682.0,622.7047095465832,168.17852891348753,1077.230890179679,59.29529045341678,"MATR_b1c41,MATR_b3c13,MATR_b4c35,MATR_b1c29,MATR_b3c10,MATR_b4c24,MATR_b4c39,MATR_b3c41,MATR_b4c16,MATR_b3c4,MATR_b3c27,MATR_b1c39,MATR_b4c8,MATR_b1c38,MATR_b4c17,MATR_b1c33",False,False,0.95
600,MATR_b3c36,921.0,790.9836344237352,95.49120914209963,603.8243036650381,978.1429651824324,321.0,190.98363442373523,3.8243036650380873,378.14296518243236,130.01636557626477,"MATR_b1c41,MATR_b3c13,MATR_b4c35,MATR_b1c29,MATR_b3c10,MATR_b4c24,MATR_b4c39,MATR_b3c41,MATR_b4c16,MATR_b3c4,MATR_b3c27,MATR_b1c39,MATR_b4c8,MATR_b1c38,MATR_b4c17,MATR_b1c33",False,False,0.95
600,MATR_b3c6,665.0,378.0115328860227,97.51009065946486,186.89526706423607,569.1277987078092,65.0,-221.98846711397732,-413.10473293576393,-30.872201292190766,286.9884671139773,"MATR_b1c41,MATR_b3c13,MATR_b4c35,MATR_b1c29,MATR_b3c10,MATR_b4c24,MATR_b4c39,MATR_b3c41,MATR_b4c16,MATR_b3c4,MATR_b3c27,MATR_b1c39,MATR_b4c8,MATR_b1c38,MATR_b4c17,MATR_b1c33",False,False,0.95
600,MATR_b4c1,760.0,442.747287961776,68.82708709036473,307.8486761038595,577.6458998196925,160.0,-157.252712038224,-292.1513238961405,-22.354100180307455,317.252712038224,"MATR_b1c41,MATR_b3c13,MATR_b4c35,MATR_b1c29,MATR_b3c10,MATR_b4c24,MATR_b4c39,MATR_b3c41,MATR_b4c16,MATR_b3c4,MATR_b3c27,MATR_b1c39,MATR_b4c8,MATR_b1c38,MATR_b4c17,MATR_b1c33",False,False,0.95
600,MATR_b4c11,863.0,669.5198163743679,75.235355114212,522.061229986431,816.9784027623048,263.0,69.5198163743679,-77.93877001356896,216.97840276230477,193.4801836256321,"MATR_b1c41,MATR_b3c13,MATR_b4c35,MATR_b1c29,MATR_b3c10,MATR_b4c24,MATR_b4c39,MATR_b3c41,MATR_b4c16,MATR_b3c4,MATR_b3c27,MATR_b1c39,MATR_b4c8,MATR_b1c38,MATR_b4c17,MATR_b1c33",False,False,0.95
600,MATR_b4c15,675.0,505.7971586445286,62.50593334997749,383.28778045851175,628.3065368305455,75.0,-94.20284135547138,-216.71221954148825,28.306536830545497,169.20284135547138,"MATR_b1c41,MATR_b3c13,MATR_b4c35,MATR_b1c29,MATR_b3c10,MATR_b4c24,MATR_b4c39,MATR_b3c41,MATR_b4c16,MATR_b3c4,MATR_b3c27,MATR_b1c39,MATR_b4c8,MATR_b1c38,MATR_b4c17,MATR_b1c33",False,False,0.95
600,MATR_b4c21,773.0,671.0432342283514,85.78895697517848,502.89996828574533,839.1865001709574,173.0,71.04323422835137,-97.10003171425467,239.1865001709574,101.95676577164863,"MATR_b1c41,MATR_b3c13,MATR_b4c35,MATR_b1c29,MATR_b3c10,MATR_b4c24,MATR_b4c39,MATR_b3c41,MATR_b4c16,MATR_b3c4,MATR_b3c27,MATR_b1c39,MATR_b4c8,MATR_b1c38,MATR_b4c17,MATR_b1c33",False,False,0.95
600,MATR_b4c3,777.0,523.7578881677235,58.02851041704782,410.0240976738025,637.4916786616445,177.0,-76.24211183227646,-189.9759023261975,37.49167866164453,253.24211183227646,"MATR_b1c41,MATR_b3c13,MATR_b4c35,MATR_b1c29,MATR_b3c10,MATR_b4c24,MATR_b4c39,MATR_b3c41,MATR_b4c16,MATR_b3c4,MATR_b3c27,MATR_b1c39,MATR_b4c8,MATR_b1c38,MATR_b4c17,MATR_b1c33",False,False,0.95
600,MATR_b4c32,754.0,622.1794513030623,79.55526096946603,466.2540050222238,778.1048975839008,154.0,22.17945130306225,-133.7459949777762,178.10489758390077,131.82054869693775,"MATR_b1c41,MATR_b3c13,MATR_b4c35,MATR_b1c29,MATR_b3c10,MATR_b4c24,MATR_b4c39,MATR_b3c41,MATR_b4c16,MATR_b3c4,MATR_b3c27,MATR_b1c39,MATR_b4c8,MATR_b1c38,MATR_b4c17,MATR_b1c33",False,False,0.95
600,MATR_b4c34,891.0,742.9882231992724,91.7758479969988,563.1108664745323,922.8655799240125,291.0,142.9882231992724,-36.88913352546774,322.86557992401254,148.0117768007276,"MATR_b1c41,MATR_b3c13,MATR_b4c35,MATR_b1c29,MATR_b3c10,MATR_b4c24,MATR_b4c39,MATR_b3c41,MATR_b4c16,MATR_b3c4,MATR_b3c27,MATR_b1c39,MATR_b4c8,MATR_b1c38,MATR_b4c17,MATR_b1c33",False,False,0.95
600,MATR_b4c42,774.0,587.540335586758,67.8490697654275,454.55860246197466,720.5220687115414,174.0,-12.459664413241967,-145.44139753802534,120.52206871154135,186.45966441324197,"MATR_b1c41,MATR_b3c13,MATR_b4c35,MATR_b1c29,MATR_b3c10,MATR_b4c24,MATR_b4c39,MATR_b3c41,MATR_b4c16,MATR_b3c4,MATR_b3c27,MATR_b1c39,MATR_b4c8,MATR_b1c38,MATR_b4c17,MATR_b1c33",False,False,0.95
600,MATR_b4c6,706.0,487.70435566241764,70.9479312752146,348.6489655853742,626.7597457394611,106.0,-112.29564433758236,-251.35103441462581,26.759745739461096,218.29564433758236,"MATR_b1c41,MATR_b3c13,MATR_b4c35,MATR_b1c29,MATR_b3c10,MATR_b4c24,MATR_b4c39,MATR_b3c41,MATR_b4c16,MATR_b3c4,MATR_b3c27,MATR_b1c39,MATR_b4c8,MATR_b1c38,MATR_b4c17,MATR_b1c33",False,False,0.95
