epoch,meta_loss,checkpoint_selection_meta_loss,checkpoint_selection_metric,mean_support_loss,gradient_norm,elapsed_seconds,outer_learning_rate,CALCE_CX2_16_support_loss,CALCE_CX2_16_query_loss,CALCE_CX2_33_support_loss,CALCE_CX2_33_query_loss,CALCE_CX2_34_support_loss,CALCE_CX2_34_query_loss,CALCE_CX2_35_support_loss,CALCE_CX2_35_query_loss,CALCE_CX2_36_support_loss,CALCE_CX2_36_query_loss
1,0.3141031265258789,0.2976681619882583,deterministic_post_update_meta_query_loss,0.7873305678367615,1.3575539588928225,6.198487278074026,0.001,0.8206655979156494,0.3902857303619385,0.7533503770828247,0.309263527393341,0.7668652534484863,0.2686211466789245,0.8476353287696838,0.3381789326667785,0.7481363415718079,0.264166384935379
2,0.2896465957164764,0.2748222589492798,deterministic_post_update_meta_query_loss,0.7501367330551147,1.3303396701812744,12.31634364509955,0.001,0.7807883620262146,0.3632737994194031,0.7201879620552063,0.2859054803848266,0.7310612201690674,0.2463690042495727,0.8002475500106812,0.3116087317466736,0.7183984518051147,0.2410759180784225
3,0.2648325562477112,0.2514306962490081,deterministic_post_update_meta_query_loss,0.7105051875114441,1.3021578788757324,18.616622769040987,0.001,0.740837574005127,0.3341815769672394,0.682734489440918,0.2604292035102844,0.6908445358276367,0.2248933762311935,0.7632704377174377,0.2849605977535248,0.6748390197753906,0.2196979969739914
4,0.2401601821184158,0.2275028049945831,deterministic_post_update_meta_query_loss,0.6704472899436951,1.2708091735839844,24.89639832999092,0.001,0.7032039761543274,0.3057957589626312,0.6464952826499939,0.2360038161277771,0.648565948009491,0.2023900300264358,0.7193381786346436,0.2589276731014251,0.6346330642700195,0.1976836174726486
5,0.2145571708679199,0.2030890375375747,deterministic_post_update_meta_query_loss,0.6297548413276672,1.2359211444854736,31.18658369209152,0.001,0.6571886539459229,0.2752955853939056,0.6005172729492188,0.2108189463615417,0.6135002970695496,0.1780158281326294,0.6791427135467529,0.2322468310594558,0.5984252691268921,0.1764086931943893
6,0.1891930848360061,0.1782640725374221,deterministic_post_update_meta_query_loss,0.5908193588256836,1.1923763751983645,37.60688127402682,0.001,0.6164063215255737,0.2452712208032608,0.5732958316802979,0.1847796589136123,0.5731433629989624,0.1563553214073181,0.6333093643188477,0.2063304930925369,0.5579420328140259,0.1532287299633026
7,0.1641568541526794,0.153148290514946,deterministic_post_update_meta_query_loss,0.5461459159851074,1.1436928510665894,43.95358057098929,0.001,0.5752332210540771,0.214402288198471,0.5234509706497192,0.1617036461830139,0.524416446685791,0.1341985464096069,0.591526448726654,0.1787536293268203,0.5161025524139404,0.1317261904478073
8,0.1386870145797729,0.1279366016387939,deterministic_post_update_meta_query_loss,0.5048611760139465,1.0828884840011597,50.29431009606924,0.001,0.5310858488082886,0.1859344393014907,0.4822648763656616,0.1354001611471176,0.4854731559753418,0.1127626374363899,0.5488452911376953,0.151724174618721,0.4766366481781006,0.1076136529445648
9,0.1141051575541496,0.1029588639736175,deterministic_post_update_meta_query_loss,0.4611344337463379,1.0111145973205566,56.73378333309665,0.001,0.4854607284069061,0.1553204208612442,0.4386379420757293,0.1133355796337127,0.4454861283302307,0.0896264165639877,0.5015884637832642,0.1249217242002487,0.4344987571239471,0.0873216092586517
10,0.0895310267806053,0.0787628062069416,deterministic_post_update_meta_query_loss,0.4148035049438476,0.9193611145019532,63.05176029505674,0.001,0.4361721277236938,0.125090479850769,0.3949968218803406,0.0883834809064865,0.401746928691864,0.0684062242507934,0.4528507590293884,0.098266027867794,0.3882508873939514,0.0675089433789253
11,0.0669524669647216,0.0561934471130371,deterministic_post_update_meta_query_loss,0.3703572452068329,0.8112168312072754,69.49971826409455,0.001,0.3911077380180359,0.0959374904632568,0.35443115234375,0.0660281777381897,0.3561993539333343,0.0498336926102638,0.4080832004547119,0.0743017941713333,0.3419647216796875,0.0486611910164356
12,0.0473274104297161,0.0364907208830118,deterministic_post_update_meta_query_loss,0.32466721534729,0.6828299760818481,75.88447550707497,0.001,0.345860481262207,0.0707176327705383,0.3053383827209472,0.0473933219909668,0.3102686405181885,0.033512994647026,0.3560931086540222,0.0532710179686546,0.305775374174118,0.0317420773208141
13,0.0295665804296731,0.0213491287082433,deterministic_post_update_meta_query_loss,0.2757909297943115,0.5184600353240967,82.25246658409014,0.001,0.2937954664230346,0.0463607162237167,0.2665796875953674,0.0297175608575344,0.2609439492225647,0.020425796508789,0.3048719465732574,0.0327635444700717,0.2527635991573334,0.0185652803629636
14,0.0168518032878637,0.0127078184857964,deterministic_post_update_meta_query_loss,0.2276411354541778,0.3327634930610657,88.77966479107272,0.001,0.2470647245645523,0.0261795334517955,0.2115144431591034,0.0178523808717727,0.2182094901800155,0.0109600517898797,0.2536767721176147,0.0189256109297275,0.2077401578426361,0.0103414384648203
15,0.0098050218075513,0.0119290443137288,deterministic_post_update_meta_query_loss,0.1809888780117035,0.1234355866909027,95.17691079701764,0.001,0.192164659500122,0.0126175200566649,0.1713266968727111,0.0105237243697047,0.1737643331289291,0.0078945346176624,0.2030432820320129,0.0109142083674669,0.1646453738212585,0.0070751206949353
16,0.009062198922038,0.0179935573600232,deterministic_post_update_meta_query_loss,0.1387345939874649,0.0753292366862297,101.6903392020613,0.001,0.1461270004510879,0.0055339564569294,0.1262004077434539,0.0099898595362901,0.1307828575372696,0.010691094212234,0.1583121716976165,0.0095721269026398,0.1322505325078964,0.0095239551737904
17,0.0134730963036417,0.0264931738376617,deterministic_post_update_meta_query_loss,0.1002958193421363,0.2234250009059906,108.0779569420265,0.001,0.1083772033452987,0.0051621403545141,0.0934633016586303,0.013545112684369,0.0975602641701698,0.0174416098743677,0.1164529770612716,0.0148382848128676,0.0856253579258918,0.0163783375173807
18,0.0191420242190361,0.0331147860735654,deterministic_post_update_meta_query_loss,0.0711851194500923,0.2725858092308044,114.44929134310225,0.001,0.0788261145353317,0.0076816380023956,0.0642944276332855,0.0189310032874345,0.0681558549404144,0.0248831752687692,0.0838677957653999,0.0205764807760715,0.0607813969254493,0.0236378200352191
19,0.0235107969492673,0.0365094318985939,deterministic_post_update_meta_query_loss,0.0528340116143226,0.2714788019657135,120.9581040670164,0.001,0.0590403452515602,0.0106156338006258,0.0451854579150676,0.0226980578154325,0.049670897424221,0.0304511245340108,0.0644919425249099,0.0255378186702728,0.0457814075052738,0.0282513406127691
20,0.0263309925794601,0.0373084798455238,deterministic_post_update_meta_query_loss,0.0394538901746273,0.2398772239685058,127.32184701703954,0.001,0.0444622933864593,0.0118366200476884,0.0353017784655094,0.0269028674811124,0.0353800356388092,0.0329394191503524,0.0497801415622234,0.0283115115016698,0.0323451943695545,0.0316645503044128
21,0.025998368859291,0.0364598345011472,deterministic_post_update_meta_query_loss,0.0320117250084877,0.2070192247629165,133.74889973399695,0.001,0.0352015793323516,0.0120962411165237,0.0294100139290094,0.0244501493871212,0.0283513702452182,0.033409621566534,0.0424905456602573,0.0280200205743312,0.0246051140129566,0.0320158116519451
22,0.0254990756511688,0.0345312483608722,deterministic_post_update_meta_query_loss,0.0285028647631406,0.2002685368061065,140.15248828206677,0.001,0.031525183469057,0.0118655953556299,0.02751100435853,0.0245430208742618,0.0250299330800771,0.0334107093513011,0.0359720811247825,0.0275927651673555,0.022476103156805,0.0300832875072956
23,0.0245382077991962,0.0318615289404988,deterministic_post_update_meta_query_loss,0.0256839897483587,0.1904940903186798,146.5265985650476,0.001,0.0301478654146194,0.0108425607904791,0.0215833149850368,0.0235371626913547,0.0220663081854581,0.0314022973179817,0.0346228554844856,0.0274873729795217,0.0199996046721935,0.029421642422676
24,0.0236141178756952,0.0286313517019152,deterministic_post_update_meta_query_loss,0.0258102808147668,0.1983172297477722,153.00287318706978,0.001,0.0302762407809495,0.0100744916126132,0.0212204232811927,0.0229935087263584,0.0228850692510604,0.0304220765829086,0.0340759940445423,0.0251895133405923,0.0205936767160892,0.0293909963220357
25,0.0209842324256896,0.0250439004972577,deterministic_post_update_meta_query_loss,0.0273812245577573,0.2031580209732055,159.3710686780978,0.001,0.0320486649870872,0.0081177912652492,0.023427776992321,0.0212698224931955,0.0238187666982412,0.0282427463680505,0.0352388210594654,0.0215211696922779,0.0223720893263816,0.0257696285843849
26,0.017757523804903,0.0213658719323575,deterministic_post_update_meta_query_loss,0.0288412310183048,0.1996056586503982,165.85303558106534,0.001,0.0351776257157325,0.0069227661006152,0.0245757289230823,0.0187380574643611,0.025026861578226,0.022985141724348,0.0372570008039474,0.0182990822941064,0.0221689380705356,0.0218425635248422
27,0.0158073361963033,0.0179052845574915,deterministic_post_update_meta_query_loss,0.0332420542836189,0.1907869279384613,172.21073662803974,0.001,0.0386054404079914,0.005263490602374,0.0304268226027488,0.0169734228402376,0.0285371541976928,0.0208760052919387,0.0426732152700424,0.0161529779434204,0.0259676203131675,0.0197707898914814
28,0.0135012166574597,0.0149921437725424,deterministic_post_update_meta_query_loss,0.0388772785663604,0.1733846068382263,178.57891299400944,0.001,0.0446730405092239,0.0043017319403588,0.0333976298570632,0.0131654953584074,0.0365944281220436,0.0193564724177122,0.047614324837923,0.0133754462003707,0.0321069806814193,0.017306936904788
29,0.0118174096569418,0.012928073760122,deterministic_post_update_meta_query_loss,0.0464765504002571,0.1510699391365051,185.07353565306403,0.001,0.0509661249816417,0.0038427023682743,0.0410832539200782,0.0123773142695426,0.0423798039555549,0.0162097178399562,0.0588022321462631,0.0118547435849905,0.0391513146460056,0.0148025648668408
30,0.0099979406222701,0.0118521315976977,deterministic_post_update_meta_query_loss,0.0545906201004982,0.1120587885379791,191.48327741702087,0.001,0.0608804449439048,0.0041990056633949,0.0511901304125785,0.0108916955068707,0.048377975821495,0.0124488221481442,0.0658815428614616,0.010204579681158,0.0466229803860187,0.0122455982491374
31,0.0092425737529993,0.011603995040059,deterministic_post_update_meta_query_loss,0.0640933141112327,0.071712851524353,197.98293935903348,0.001,0.0683557093143463,0.0053930841386318,0.0575801543891429,0.0096291359513998,0.0602109059691429,0.0110666183754801,0.0771549493074417,0.0102541204541921,0.0571648478507995,0.0098699061200022
32,0.009031867608428,0.0118031099438667,deterministic_post_update_meta_query_loss,0.0728605985641479,0.0395731404423713,204.3714172770269,0.001,0.0799980759620666,0.0066246869973838,0.0681751668453216,0.0099753756076097,0.0662047415971756,0.0101317847147583,0.0870211869478225,0.0095677329227328,0.062903806567192,0.0088597554713487
33,0.009170189499855,0.0121402457356452,deterministic_post_update_meta_query_loss,0.0808002352714538,0.0161327421665191,210.76016726798844,0.001,0.0883690863847732,0.0089733581990003,0.0742412284016609,0.0101566584780812,0.0756327286362648,0.008455503731966,0.0954966023564338,0.010056453756988,0.0702615082263946,0.0082089733332395
34,0.0092895478010177,0.0124776378273963,deterministic_post_update_meta_query_loss,0.0871468782424926,0.0247348211705684,217.2700646671001,0.001,0.0949859768152237,0.0087564038112759,0.0795943289995193,0.0102910296991467,0.080463595688343,0.0092265028506517,0.1005266010761261,0.0102062225341796,0.0801638960838317,0.0079675810411572
35,0.0096366545185446,0.0127104071900248,deterministic_post_update_meta_query_loss,0.0928236618638038,0.05876150354743,223.636412617052,0.001,0.099741593003273,0.0110097471624612,0.087740458548069,0.0108660934492945,0.0856840014457702,0.008250493556261,0.1086456477642059,0.0103138219565153,0.0823066234588623,0.0077431146055459
36,0.010029362514615,0.012812359817326,deterministic_post_update_meta_query_loss,0.0973336100578308,0.0641611367464065,230.05078287201468,0.001,0.1035193055868148,0.0132679603993892,0.0898853540420532,0.0104145519435405,0.0940318405628204,0.0083729177713394,0.113461434841156,0.0107700377702713,0.0857701003551483,0.0073213432915508
37,0.0097695495933294,0.0127885665744543,deterministic_post_update_meta_query_loss,0.0999923124909401,0.0766219273209571,236.51266257104,0.001,0.1092641353607177,0.01272913813591,0.0928836464881897,0.0101377507671713,0.0952364802360534,0.0080905565991997,0.1140780448913574,0.0107344277203083,0.0884992331266403,0.0071558728814125
38,0.010179347358644,0.0126340895891189,deterministic_post_update_meta_query_loss,0.1011852249503135,0.0956021770834922,242.8866921580629,0.001,0.108433298766613,0.0145852575078606,0.0934047549962997,0.0107099656015634,0.098301313817501,0.0079788127914071,0.1188180372118949,0.0106807043775916,0.0869687721133232,0.0069419969804584
39,0.0096122650429606,0.0123949525877833,deterministic_post_update_meta_query_loss,0.1021403074264526,0.0944181010127067,249.34403146000116,0.001,0.1114979088306427,0.0122327078133821,0.0923323631286621,0.0106320781633257,0.0999856293201446,0.0077018053270876,0.119699016213417,0.0108021553605794,0.0871866419911384,0.0066925776191055
40,0.0094170598313212,0.0121083883568644,deterministic_post_update_meta_query_loss,0.1031487956643104,0.0903327092528343,255.6988564319909,0.001,0.1116545721888542,0.0119309509173035,0.0953533798456192,0.0101439636200666,0.0950674638152122,0.0075785457156598,0.1212172359228134,0.0106763681396842,0.0924512818455696,0.0067554707638919
41,0.0092578502371907,0.0117986591532826,deterministic_post_update_meta_query_loss,0.1036528125405311,0.0869941487908363,262.06767851801123,0.001,0.1132234930992126,0.0115535268560051,0.0926622450351715,0.0102635873481631,0.0974972546100616,0.0074392198584973,0.119889497756958,0.0105551658198237,0.0949915647506713,0.0064777508378028
42,0.0091884909197688,0.0114731475710868,deterministic_post_update_meta_query_loss,0.0998430848121643,0.0970835983753204,268.5176977850497,0.001,0.1098456084728241,0.0118946023285388,0.0895017310976982,0.0099980477243661,0.0907556861639022,0.007369621656835,0.1196218654513359,0.0102074779570102,0.0894905105233192,0.0064727044664323
43,0.0090703638270497,0.0111540496349334,deterministic_post_update_meta_query_loss,0.0983731374144554,0.089987501502037,274.9142659530044,0.001,0.1050823405385017,0.0119546316564083,0.0934867337346077,0.0094234691932797,0.0907136797904968,0.0071320515125989,0.1148869693279266,0.0103996461257338,0.0876959860324859,0.00644201785326
44,0.0083895670250058,0.0108718952164053,deterministic_post_update_meta_query_loss,0.0996982082724571,0.0708764344453811,281.36250797798857,0.001,0.1113598644733429,0.009726719930768,0.0940133705735206,0.0088994167745113,0.0872983559966087,0.0071768071502447,0.1190338507294654,0.0097215212881565,0.0867855995893478,0.0064233667217195
45,0.0083967242389917,0.0106338538229465,deterministic_post_update_meta_query_loss,0.0975170955061912,0.0611751787364482,287.71284506306984,0.001,0.1049823611974716,0.0097361141815781,0.0923573672771453,0.0088075352832674,0.0925328657031059,0.0073815509676933,0.1136878877878189,0.0096674943342804,0.0840249955654144,0.0063909268938004
46,0.0080565176904201,0.0104455163702368,deterministic_post_update_meta_query_loss,0.094215415418148,0.0526453740894794,294.09232601709664,0.001,0.1061037555336952,0.0085710566490888,0.0840837210416793,0.0090574230998754,0.086655668914318,0.007137075997889,0.1128312423825264,0.0090937782078981,0.0814026445150375,0.0064232554286718
47,0.0080004828050732,0.0103102318942546,deterministic_post_update_meta_query_loss,0.0923415571451187,0.0417940020561218,300.5853614920052,0.001,0.1006641685962677,0.0084815714508295,0.0855507850646972,0.0086077023297548,0.0861513838171958,0.0074051865376532,0.1092591360211372,0.0089948652312159,0.0800823122262954,0.0065130880102515
48,0.0080758379772305,0.0102280003949999,deterministic_post_update_meta_query_loss,0.0902467593550682,0.0294432062655687,306.9785722910892,0.001,0.0995072424411773,0.0080232201144099,0.0814205482602119,0.0087097911164164,0.0839269459247589,0.0077211991883814,0.1061035394668579,0.0090006655082106,0.0802755132317543,0.0069243116304278
49,0.0079367281869053,0.0101943438872694,deterministic_post_update_meta_query_loss,0.0878635123372078,0.0187525656074285,313.4849273150321,0.001,0.0957625061273574,0.0074540814384818,0.0821659862995147,0.0084357345476746,0.0798614844679832,0.0076978229917585,0.1034350618720054,0.0088267475366592,0.0780924931168556,0.0072692520916461
50,0.0078522413969039,0.0102002166211605,deterministic_post_update_meta_query_loss,0.086882010102272,0.011901032179594,319.8642541250447,0.001,0.0956525355577468,0.0066615487448871,0.0798671841621398,0.0083237290382385,0.0805701836943626,0.0080937398597598,0.1045240014791488,0.0088813230395317,0.0737961009144783,0.0073008676990866
51,0.0077957510948181,0.0102339729666709,deterministic_post_update_meta_query_loss,0.0831294059753418,0.0134759014472365,326.2775919630658,0.001,0.0936855897307396,0.0062445965595543,0.0759653449058532,0.0086621791124343,0.0764944776892662,0.0080267963930964,0.0980222672224044,0.0086500337347388,0.0714793652296066,0.0073951506055891
52,0.0078609883785247,0.0102846836671233,deterministic_post_update_meta_query_loss,0.0809502080082893,0.0168663542717695,332.7982820860343,0.001,0.0886575132608413,0.0062955785542726,0.0739746391773223,0.0085561266168951,0.0746319890022277,0.008279082365334,0.0960090160369873,0.0085065178573131,0.0714778676629066,0.0076676341705024
53,0.0078330878168344,0.0103414782322943,deterministic_post_update_meta_query_loss,0.0792770758271217,0.0232024621218442,339.2022154160077,0.001,0.0874103754758834,0.0059682223945856,0.0711046755313873,0.0084172077476978,0.0745226889848709,0.0088565191254019,0.0961595326662063,0.0083501059561967,0.0671880841255188,0.0075733815319836
54,0.0080536454916,0.0103929282166063,deterministic_post_update_meta_query_loss,0.0789812728762626,0.0324306264519691,345.6953145620646,0.001,0.0877033621072769,0.0056576393544673,0.0728857889771461,0.0084899412468075,0.0730503648519516,0.0089085018262267,0.0920617282390594,0.0088619757443666,0.0692050904035568,0.0083501702174544
55,0.0078873485326766,0.0104347978718578,deterministic_post_update_meta_query_loss,0.0756529197096824,0.0282685756683349,352.1107224600855,0.001,0.084553487598896,0.0056128236465156,0.0698199123144149,0.0086040645837783,0.0694703459739685,0.0085479114204645,0.0897077322006225,0.0086561506614089,0.064713142812252,0.0080157918855547
56,0.0079098129644989,0.0104614018462598,deterministic_post_update_meta_query_loss,0.0762528628110885,0.034076739102602,358.5509038850432,0.001,0.0853549391031265,0.0053308373317122,0.0698110461235046,0.0084461430087685,0.06964061409235,0.0088403094559907,0.0897518768906593,0.0086655365303158,0.0667058229446411,0.0082662375643849
57,0.0080059645697474,0.0104709613136947,deterministic_post_update_meta_query_loss,0.0752908810973167,0.03603171184659,365.0430656790268,0.001,0.0838925689458847,0.005362806841731,0.0694595277309417,0.008796103298664,0.0694767981767654,0.0090194772928953,0.0877003222703933,0.0084348414093256,0.0659252107143402,0.0084165977314114
58,0.0078709563240408,0.010463042370975,deterministic_post_update_meta_query_loss,0.0760839208960533,0.0381367951631546,371.4274232400349,0.001,0.0850742980837822,0.0052315108478069,0.0672684013843536,0.0085198888555169,0.0699705183506012,0.0088190156966447,0.092701718211174,0.0085664708167314,0.0654046684503555,0.0082178963348269
59,0.0079395016655325,0.0104398171417415,deterministic_post_update_meta_query_loss,0.0767890140414238,0.038532730191946,377.8816061790567,0.001,0.0858681946992874,0.0053977505303919,0.0729905813932418,0.0088167767971754,0.0704603791236877,0.0089327376335859,0.0881300270557403,0.0083067351952195,0.066495880484581,0.0082435067743062
60,0.0078913541510701,0.0104067727923393,deterministic_post_update_meta_query_loss,0.0762785077095031,0.034059815108776,384.23030645702966,0.001,0.0850461572408676,0.0053832037374377,0.066641017794609,0.0085709569975733,0.0709040313959121,0.0088897040113806,0.0921782180666923,0.0085368966683745,0.0666231364011764,0.0080760084092617
61,0.0078924521803855,0.0103683593682944,deterministic_post_update_meta_query_loss,0.0775401517748832,0.0316772870719432,390.59469297202304,0.001,0.0853260830044746,0.0057418392971158,0.0712299197912216,0.0084442179650068,0.0694472417235374,0.0086126560345292,0.0949318036437034,0.0085957292467355,0.0667657256126403,0.0080678183585405
62,0.0079160155728459,0.0103281803429126,deterministic_post_update_meta_query_loss,0.0792087391018867,0.0313350930809974,397.0675151000032,0.001,0.0879421979188919,0.0055638328194618,0.0732536688446998,0.0086027132347226,0.0743311718106269,0.0087780738249421,0.0930953174829483,0.0086321700364351,0.0674213171005249,0.0080032851547002
63,0.0077750086784362,0.0102906757965683,deterministic_post_update_meta_query_loss,0.0804584249854087,0.0286205671727657,403.44851420109626,0.001,0.0903897583484649,0.0054441899992525,0.0721328631043434,0.008597414009273,0.0746414810419082,0.0086587984114885,0.0965758338570594,0.0084845088422298,0.0685522109270095,0.0076901298016309
64,0.0077820154838263,0.0102598283439874,deterministic_post_update_meta_query_loss,0.080663077533245,0.0224568247795104,409.8201256970642,0.001,0.0899002254009246,0.0057628788053989,0.0731984674930572,0.0085573494434356,0.0737317949533462,0.0083786873146891,0.0980707556009292,0.0086017195135355,0.0684141516685485,0.0076094423420727
65,0.0078347623348236,0.01023769993335,deterministic_post_update_meta_query_loss,0.082721509039402,0.016689259558916,416.26873766002245,0.001,0.0906789749860763,0.0063401302322745,0.0736123323440551,0.0083663864061236,0.0775865465402603,0.0084111467003822,0.0990647077560424,0.0085279745981097,0.0726649612188339,0.0075281746685504
66,0.0077576013281941,0.0102241104468703,deterministic_post_update_meta_query_loss,0.0833832845091819,0.0153671232983469,422.6317918139976,0.001,0.0924076288938522,0.0060751736164093,0.0747710466384887,0.008386461995542,0.0776949971914291,0.0080334935337305,0.097543329000473,0.0087004583328962,0.0744994431734085,0.0075924200937151
67,0.0078575676307082,0.0102183144539594,deterministic_post_update_meta_query_loss,0.0850179120898246,0.0133710848167538,429.1188039820408,0.001,0.093213714659214,0.0065001524053514,0.0782656669616699,0.0083293691277503,0.0796428471803665,0.0084129320457577,0.0982427150011062,0.0084204040467739,0.0757246166467666,0.0076249805279076
68,0.0076718963682651,0.0102187829092144,deterministic_post_update_meta_query_loss,0.0863789543509483,0.0123783238232135,435.5390054930467,0.001,0.0943854302167892,0.0066003040410578,0.0803995281457901,0.0081400712952017,0.0825718790292739,0.0081223305314779,0.1005089282989502,0.0083787655457854,0.0740290284156799,0.007118010893464
69,0.0076974346302449,0.0102227192372083,deterministic_post_update_meta_query_loss,0.0861568450927734,0.014903986826539,441.9384941490134,0.001,0.0957507640123367,0.0068041100166738,0.0768167227506637,0.008212317712605,0.0810164660215377,0.0078547773882746,0.1018779575824737,0.0085728978738188,0.0753223299980163,0.0070430696941912
70,0.0077327564358711,0.0102281510829925,deterministic_post_update_meta_query_loss,0.0878489837050437,0.0139157492667436,448.4258095970145,0.001,0.0958907455205917,0.0069818142801523,0.0791685208678245,0.0081414645537734,0.081958070397377,0.0078113218769431,0.1041197702288627,0.00867076870054,0.0781078189611435,0.0070584150962531
71,0.0076721841469407,0.0102330710738897,deterministic_post_update_meta_query_loss,0.0887284502387046,0.0152622666209936,454.82289813808165,0.001,0.0974569767713546,0.0067538004368543,0.0826091021299362,0.008230771869421,0.0814772099256515,0.007655587978661,0.1041043102741241,0.0085850460454821,0.0779946446418762,0.0071357125416398
72,0.0076668518595397,0.0102359296754002,deterministic_post_update_meta_query_loss,0.089724451303482,0.017271127551794,461.2900356140453,0.001,0.0968242138624191,0.0071019190363585,0.0844796150922775,0.0084078535437583,0.0827484056353569,0.0076061282306909,0.1061142832040786,0.0084515633061528,0.0784557461738586,0.0067667961120605
73,0.0077027725055813,0.0102351251989603,deterministic_post_update_meta_query_loss,0.0883777067065239,0.0205705817788839,467.68161074002273,0.001,0.0991472527384758,0.0069111641496419,0.080835223197937,0.0085333716124296,0.080467440187931,0.0074111679568886,0.102887138724327,0.008616941049695,0.0785514712333679,0.0070412158966064
74,0.0077317389659583,0.0102313078939914,deterministic_post_update_meta_query_loss,0.088964432477951,0.0174682699143886,474.0762583980104,0.001,0.0981150418519973,0.0069920909591019,0.0801806524395942,0.0083416700363159,0.0831322148442268,0.0078843617811799,0.1065471991896629,0.0085030160844326,0.0768470466136932,0.0069375527091324
75,0.0076284306123852,0.0102244073525071,deterministic_post_update_meta_query_loss,0.0890883281826973,0.0192129127681255,480.6021023440408,0.001,0.0961611717939376,0.0071669910103082,0.0821223109960556,0.0082625960931181,0.0841278135776519,0.007532815914601,0.1064794808626174,0.0084360232576727,0.0765508562326431,0.0067437253892421
76,0.0075469650328159,0.010214328020811,deterministic_post_update_meta_query_loss,0.0880324468016624,0.0223685707896947,487.031290707062,0.001,0.0978061035275459,0.0069147031754255,0.0820171982049942,0.0080884685739874,0.0813055783510208,0.0075005181133747,0.1035388857126236,0.0085326749831438,0.0754944756627082,0.0066984617151319
77,0.0075979544781148,0.0102034719660878,deterministic_post_update_meta_query_loss,0.0883822590112686,0.0166958346962928,493.5316722670104,0.001,0.0973741114139556,0.0068272105418145,0.0784454494714737,0.0083483718335628,0.0836564525961875,0.0074664447456598,0.1048330664634704,0.0083764130249619,0.0776021778583526,0.0069713341072201
78,0.0076002166606485,0.0101920563727617,deterministic_post_update_meta_query_loss,0.0862940773367881,0.0196642186492681,499.9561082160799,0.001,0.0968926697969436,0.0068139056675136,0.0815139412879943,0.008182262070477,0.0777918100357055,0.0073579605668783,0.0980394333600997,0.0086317919194698,0.0772325545549392,0.0070151616819202
79,0.0076976581476628,0.0101822419092059,deterministic_post_update_meta_query_loss,0.0875046029686927,0.0132715897634625,506.3672555210069,0.001,0.0959442853927612,0.0067998017184436,0.0798106044530868,0.0084748053923249,0.0815384685993194,0.0077577237971127,0.1034068092703819,0.0085627259686589,0.0768228471279144,0.0068932324647903
80,0.0075584347359836,0.0101743008941411,deterministic_post_update_meta_query_loss,0.0866362079977989,0.0133255133405327,512.8749843440019,0.001,0.0958126783370971,0.0065379203297197,0.0788397789001464,0.0077764545567333,0.0800590068101883,0.0078873559832572,0.1028672307729721,0.0085568819195032,0.0756023302674293,0.0070335604250431
81,0.0075026373378932,0.0101685263216495,deterministic_post_update_meta_query_loss,0.0861003100872039,0.0120050441473722,519.2949184559984,0.001,0.0961818397045135,0.006224294193089,0.0787199735641479,0.0084540070965886,0.078962042927742,0.0077457074075937,0.1027688831090927,0.0084414230659604,0.073868803679943,0.0066477539949119
82,0.0075378553010523,0.0101646341383457,deterministic_post_update_meta_query_loss,0.0850070863962173,0.0119269229471683,525.7957104940433,0.001,0.096134066581726,0.0060904775746166,0.0805432200431823,0.0085094030946493,0.0746408700942993,0.0073307901620864,0.0983737409114837,0.0085401348769664,0.0753435045480728,0.0072184689342975
83,0.0075818570330739,0.0101622067391872,deterministic_post_update_meta_query_loss,0.0851051434874534,0.0123262014240026,532.2077288160799,0.001,0.0937632471323013,0.0062083969824016,0.0759781375527381,0.0082354620099067,0.0815620422363281,0.0079860407859086,0.0997338891029357,0.0084292674437165,0.0744884014129638,0.0070501193404197
84,0.0074293809011578,0.0101607125252485,deterministic_post_update_meta_query_loss,0.084895871579647,0.0130506763234734,538.6462046900997,0.001,0.0947766155004501,0.0059282588772475,0.0777634978294372,0.0081386165693402,0.0802929624915123,0.0079725570976734,0.0988835915923118,0.0081598572432994,0.0727626755833625,0.0069476156495511
85,0.0075152069330215,0.0101599158719182,deterministic_post_update_meta_query_loss,0.0829336196184158,0.0120701352134346,545.1474705800647,0.001,0.0912406668066978,0.0063487789593636,0.0763612538576126,0.0082660941407084,0.0752248987555503,0.0075870207510888,0.1001418977975845,0.0082005858421325,0.071699358522892,0.0071735517121851
86,0.0075353728607296,0.0101594258099794,deterministic_post_update_meta_query_loss,0.0825141668319702,0.0127614773809909,551.5605454940815,0.001,0.0904463976621627,0.0062175476923584,0.0732697397470474,0.0083142602816224,0.0772888213396072,0.0080586234107613,0.1006864979863166,0.0080722970888018,0.0708793625235557,0.007014135364443
87,0.0074937879107892,0.0101591927930712,deterministic_post_update_meta_query_loss,0.0817630216479301,0.012418164871633,558.0671645500697,0.001,0.0904614180326461,0.006186559330672,0.0725680887699127,0.0080298027023673,0.0787396430969238,0.0079231821000576,0.0962460190057754,0.008332896977663,0.0707999020814895,0.0069964975118637
88,0.0074117206968367,0.0101585786789655,deterministic_post_update_meta_query_loss,0.0822087153792381,0.0139675727114081,564.4857668540208,0.001,0.0910503715276718,0.0059469686821103,0.0747976005077362,0.0081725604832172,0.0747881755232811,0.0077528748661279,0.0991219505667686,0.0082416478544473,0.071285456418991,0.0069445511326193
89,0.007370080333203,0.0101577430963516,deterministic_post_update_meta_query_loss,0.0816572532057762,0.0132483262568712,570.8705028630793,0.001,0.0907623022794723,0.0060237688012421,0.0718426704406738,0.0079013193026185,0.0771552175283432,0.0081018935889005,0.0988396778702735,0.0079054879024624,0.0696863904595375,0.0069179330021142
90,0.0074348612688481,0.0101561967283487,deterministic_post_update_meta_query_loss,0.081415370106697,0.0151294413954019,577.3755909540923,0.001,0.0889808982610702,0.0060125356540083,0.0760628283023834,0.0082394555211067,0.0733145996928215,0.0075841597281396,0.0951599329710006,0.0081652766093611,0.0735585466027259,0.0071728755719959
91,0.007290949113667,0.0101542137563228,deterministic_post_update_meta_query_loss,0.0809986516833305,0.0140101630240678,583.7997913040454,0.001,0.0904639065265655,0.0057119522243738,0.073127344250679,0.0078773004934191,0.0737799704074859,0.0076385620050132,0.0962795466184616,0.0081421341747045,0.0713424980640411,0.0070847948081791
92,0.0074877068400382,0.0101511383429169,deterministic_post_update_meta_query_loss,0.0828747078776359,0.0182317588478326,590.198292015004,0.001,0.0915755704045295,0.0058470899239182,0.0735805630683898,0.0082289418205618,0.0783460289239883,0.0081902500241994,0.0977814868092536,0.0079147219657897,0.0730898827314376,0.0072575290687382
93,0.007439489942044,0.0101478245109319,deterministic_post_update_meta_query_loss,0.0811769142746925,0.0146856671199202,596.7028523860499,0.001,0.0904785692691803,0.0058099161833524,0.0710954964160919,0.0082006268203258,0.0761321485042572,0.0080865528434515,0.0972136408090591,0.0081099262461066,0.0709647312760353,0.0069904257543385
94,0.0073608057573437,0.0101444698870182,deterministic_post_update_meta_query_loss,0.0827098414301872,0.015157570131123,603.1116670720512,0.001,0.0912835225462913,0.005944522563368,0.0763392746448516,0.0080268885940313,0.0776668041944503,0.0076680365018546,0.0977235436439514,0.0081375706940889,0.0705360174179077,0.0070270099677145
95,0.0074414447881281,0.0101416325196623,deterministic_post_update_meta_query_loss,0.081495277583599,0.0124638695269823,609.6197856430663,0.001,0.089070901274681,0.0063093807548284,0.0724547952413559,0.0080676348879933,0.0786426588892936,0.0079053863883018,0.0981185734272003,0.0082346061244606,0.069189429283142,0.0066902157850563
96,0.0071828826330602,0.0101392790675163,deterministic_post_update_meta_query_loss,0.0814939960837364,0.0125921387225389,616.0106840319932,0.001,0.0921228751540184,0.0055818520486354,0.0706489309668541,0.0080657359212636,0.0751083493232727,0.0076403799466788,0.097533069550991,0.0079736560583114,0.0720567852258682,0.0066527891904115
97,0.0073809535242617,0.0101373203098773,deterministic_post_update_meta_query_loss,0.0819067955017089,0.0126557359471917,622.3946086009964,0.001,0.0891473889350891,0.0061855358071625,0.0762421712279319,0.0079127307981252,0.0778398737311363,0.0076685613021254,0.0959355682134628,0.0081782601773738,0.0703689828515052,0.0069596818648278
98,0.0072016729973256,0.0101357804611325,deterministic_post_update_meta_query_loss,0.0815471559762954,0.0124479215592145,628.866785797989,0.001,0.0897255465388298,0.0062072346918284,0.0735919550061225,0.0077340588904917,0.0735279768705368,0.0073335906490683,0.1013555899262428,0.0077268513850867,0.0695347115397453,0.0070066298358142
99,0.00734394043684,0.0101343791931867,deterministic_post_update_meta_query_loss,0.0822646543383598,0.0120340175926685,635.2564654659946,0.001,0.089064635336399,0.0063577014952898,0.0748849213123321,0.007923861965537,0.0774444937705993,0.007512102369219,0.0994912311434745,0.0083030192181468,0.0704379826784133,0.0066230208612978
100,0.0072779590263962,0.0101329643279314,deterministic_post_update_meta_query_loss,0.083525538444519,0.0140423793345689,641.7671571020037,0.001,0.0940118283033371,0.0055074747651815,0.0758700370788574,0.0079550649970769,0.0791773498058319,0.00774651998654,0.0934463143348693,0.0080899260938167,0.0751221552491188,0.0070908078923821
101,0.0073953378014266,0.0101316377520561,deterministic_post_update_meta_query_loss,0.0842003226280212,0.0139457257464528,648.1247538310708,0.001,0.0930035412311554,0.0059623043052852,0.0788817405700683,0.0082461647689342,0.0764518678188324,0.0077588343992829,0.0985079854726791,0.007961880415678,0.0741564854979515,0.0070475023239851
102,0.0073012933135032,0.0101304510608315,deterministic_post_update_meta_query_loss,0.0837992653250694,0.0127933425828814,654.545873478055,0.001,0.0927189216017723,0.0059392829425632,0.0791085213422775,0.0079562021419405,0.0758452489972114,0.0076030525378882,0.0967765599489212,0.0081418054178357,0.074547067284584,0.0068661239929497
103,0.0072781667113304,0.0101291004568338,deterministic_post_update_meta_query_loss,0.082177959382534,0.0134479813277721,661.0676181929884,0.001,0.0905834734439849,0.0063714124262332,0.0736448764801025,0.008221048861742,0.0781675949692726,0.0074541950598359,0.0976654812693595,0.0079102320596575,0.0708283707499504,0.0064339432865381
104,0.0072469399310648,0.010127455741167,deterministic_post_update_meta_query_loss,0.0835096165537834,0.0125951590016484,667.5160795840202,0.001,0.088946595788002,0.0067590228281915,0.0784631073474884,0.007705102674663,0.0773818343877792,0.0073374430648982,0.102474108338356,0.0079089738428592,0.070282444357872,0.0065241553820669
105,0.0072891535237431,0.0101257754489779,deterministic_post_update_meta_query_loss,0.0844264477491378,0.0130912736058235,674.0080695759971,0.001,0.0916419029235839,0.006100854370743,0.0788830667734146,0.0077921757474541,0.0801208168268203,0.0076857274398207,0.0969575047492981,0.0079422518610954,0.0745289400219917,0.0069247586652636
106,0.0072083282284438,0.0101239949464797,deterministic_post_update_meta_query_loss,0.0843062996864318,0.0121207349002361,680.3910611490719,0.001,0.0919708162546157,0.0062945419922471,0.0807472765445709,0.0080623412504792,0.0765821635723114,0.0073541589081287,0.1003092676401138,0.0079135335981845,0.0719219893217086,0.0064170653931796
107,0.0071854325942695,0.0101222265511751,deterministic_post_update_meta_query_loss,0.0836012288928031,0.0119857648387551,686.8185941890115,0.001,0.0924155563116073,0.0059928735718131,0.0782313793897628,0.007825193926692,0.0762637853622436,0.0073852785862982,0.0998217463493347,0.0081313643604516,0.0712736397981643,0.0065924539230763
108,0.0071464525535702,0.0101204490289092,deterministic_post_update_meta_query_loss,0.0839849114418029,0.0122015131637454,693.3411808190867,0.001,0.0920353382825851,0.0061242836527526,0.0772843807935714,0.0078876744955778,0.077545128762722,0.0076497583650052,0.1001711785793304,0.0075377523899078,0.0728885531425476,0.0065327906049788
109,0.0072064632549881,0.0101187014952301,deterministic_post_update_meta_query_loss,0.083429031074047,0.0119622116908431,699.7439611970913,0.001,0.0923464149236679,0.0058786873705685,0.0777962803840637,0.0077739879488945,0.0748867094516754,0.0073131527751684,0.0980244949460029,0.0081004835665225,0.0740912780165672,0.0069660036824643
110,0.0071930810809135,0.010116896405816,deterministic_post_update_meta_query_loss,0.0841484814882278,0.0128500508144497,706.2087993690511,0.001,0.092921033501625,0.0058853910304605,0.0779156908392906,0.0079418383538723,0.0811828970909118,0.0073595200665295,0.0970327258110046,0.0079091340303421,0.0716900378465652,0.0068695214577019
111,0.0070990622043609,0.0101150311529636,deterministic_post_update_meta_query_loss,0.0841350331902504,0.0132229579612612,712.6409061630256,0.001,0.0923027768731117,0.0058572879061102,0.0787116661667823,0.0076046553440392,0.0768985673785209,0.0074754562228918,0.0970794036984443,0.0077841854654252,0.0756827443838119,0.0067737256176769
112,0.0071957283653318,0.0101130565628409,deterministic_post_update_meta_query_loss,0.0851989313960075,0.0149788158014416,719.0142223770963,0.001,0.094683900475502,0.0056685116142034,0.0771566554903984,0.0079509606584906,0.0779823660850524,0.0076899556443095,0.1020770445466041,0.0079131815582513,0.0740946531295776,0.006756033282727
113,0.0070937857963144,0.0101109949871897,deterministic_post_update_meta_query_loss,0.0855078250169754,0.0146461706608533,725.5501625940669,0.001,0.0932377725839614,0.0057585989125072,0.0781863778829574,0.0075519545935094,0.0792947262525558,0.0075077386572957,0.1033074334263801,0.0078065251000225,0.0735127925872802,0.0068441135808825
114,0.0069982171989977,0.0101089859381318,deterministic_post_update_meta_query_loss,0.0835756659507751,0.0123263876885175,731.9791233170545,0.001,0.0910372138023376,0.0061800046823918,0.0776233747601509,0.0076179970055818,0.0758045613765716,0.0073084472678601,0.102587804198265,0.0076867938041687,0.0708253532648086,0.006197839975357
115,0.0070795267820358,0.0101069420576095,deterministic_post_update_meta_query_loss,0.0831444635987281,0.0125792743638157,738.484042156022,0.001,0.0910878330469131,0.0061514088883996,0.0747662931680679,0.007742574904114,0.0756163597106933,0.0070153474807739,0.0993886888027191,0.0078308675438165,0.0748631358146667,0.0066574341617524
116,0.0070663332007825,0.0101047934964299,deterministic_post_update_meta_query_loss,0.0855766013264656,0.0145350666716694,744.9291460349923,0.001,0.0949682891368866,0.0056459023617208,0.078980728983879,0.0080886427313089,0.0791603326797485,0.0074522444047033,0.1022629290819168,0.0076719750650227,0.0725107192993164,0.0064729037694633
117,0.0070720762014389,0.0101025138050317,deterministic_post_update_meta_query_loss,0.0846503525972366,0.0123260272666811,751.3319427979877,0.001,0.092164322733879,0.0060718348249793,0.0761918202042579,0.0077157751657068,0.0797412395477294,0.0074389856308698,0.1014986559748649,0.0077009694650769,0.0736557021737098,0.0064328173175454
118,0.0071373167447745,0.0101000875234603,deterministic_post_update_meta_query_loss,0.0843378975987434,0.0121142752468585,757.8370966230286,0.001,0.0914635509252548,0.0060116751119494,0.0745832771062851,0.0076384227722883,0.0807350128889083,0.0074038258753716,0.0995648205280304,0.0079417563974857,0.0753428116440773,0.0066909044981002
119,0.0069329822435975,0.0100976653397083,deterministic_post_update_meta_query_loss,0.0855323150753974,0.0134274549782276,764.2332216240466,0.001,0.096113845705986,0.0053448788821697,0.075369693338871,0.007856979034841,0.0812037289142608,0.0074458601884543,0.1008113250136375,0.0075079551897943,0.074162982404232,0.006509237922728
120,0.0067746029235422,0.0100952167063951,deterministic_post_update_meta_query_loss,0.0847803875803947,0.0129603538662195,770.59753760905,0.001,0.0929440706968307,0.0056274952366948,0.0795439928770065,0.0073329117149114,0.0801832005381584,0.0073010795749723,0.1015692055225372,0.0075270272791385,0.0696614384651184,0.0060845017433166
121,0.0070156850852072,0.0100927574560046,deterministic_post_update_meta_query_loss,0.0847333222627639,0.0123855313286185,777.0744736660272,0.001,0.0925657600164413,0.005708044860512,0.0789738297462463,0.007629937492311,0.0765179842710495,0.0070958738215267,0.0985905602574348,0.0080154249444603,0.0770184472203254,0.0066291447728872
122,0.0069855316542088,0.0100903047248721,deterministic_post_update_meta_query_loss,0.0840807184576988,0.0121658174321055,783.4377306040842,0.001,0.090066060423851,0.0062113744206726,0.0781136453151702,0.0072898822836577,0.079635351896286,0.0071901869960129,0.1021678820252418,0.0080873994156718,0.0704206377267837,0.0061488137580454
123,0.0069051519967615,0.0100878629833459,deterministic_post_update_meta_query_loss,0.0848121047019958,0.012821334414184,789.8974894119892,0.001,0.0930812209844589,0.0055845160968601,0.0820864662528038,0.0076594790443778,0.0778919011354446,0.007034161593765,0.0974587351083755,0.0077957790344953,0.0735421925783157,0.0064518237486481
124,0.0068469434045255,0.0100853068754076,deterministic_post_update_meta_query_loss,0.0861263051629066,0.0145430145785212,796.2904361489927,0.001,0.0944870263338089,0.0055191721767187,0.0818463638424873,0.0074648950248956,0.0804780125617981,0.0071550095453858,0.0994094982743263,0.0074218492954969,0.0744106024503707,0.0066737900488078
125,0.0067528397776186,0.0100825624540448,deterministic_post_update_meta_query_loss,0.0867567658424377,0.0158848986029624,802.7023066580296,0.001,0.0962145775556564,0.0051561668515205,0.0776077508926391,0.0073011936619877,0.081019714474678,0.0073345056734979,0.1039527803659439,0.0074837761931121,0.0749890133738517,0.0064885537140071
126,0.0067499876022338,0.0100799690932035,deterministic_post_update_meta_query_loss,0.0839274451136589,0.0129493828862905,809.1833858970786,0.001,0.0942202880978584,0.0055972677655518,0.0785075202584266,0.0073850620537996,0.0788260623812675,0.0068491529673337,0.0970059037208557,0.0077022607438266,0.0710774734616279,0.006216193549335
127,0.006740057375282,0.0100772868841886,deterministic_post_update_meta_query_loss,0.0861426591873169,0.0135858133435249,815.5714361780556,0.001,0.0977616161108017,0.0051883626729249,0.0782355591654777,0.007389098405838,0.0799759700894355,0.0070657385513186,0.1000786274671554,0.0077206813730299,0.0746615231037139,0.0063364058732986
128,0.0069041857495903,0.0100746070966124,deterministic_post_update_meta_query_loss,0.0844928547739982,0.0124249001964926,822.0928871630458,0.001,0.0911031067371368,0.0058661387301981,0.0754697322845459,0.0074887503869831,0.0808666869997978,0.0072396146133542,0.0986364632844924,0.0074008246883749,0.076388269662857,0.0065255989320576
129,0.0068833143450319,0.0100719248875975,deterministic_post_update_meta_query_loss,0.0853596478700637,0.0129288667812943,828.4782187280944,0.001,0.0919568762183189,0.0058906013146042,0.0784284472465515,0.0076596802100539,0.0783256143331527,0.0069593186490237,0.1031165570020675,0.0073853307403624,0.0749707370996475,0.0065216403454542
130,0.0067620449699461,0.0100692769512534,deterministic_post_update_meta_query_loss,0.0853803008794784,0.0125445025041699,834.8492364430567,0.001,0.0934802368283271,0.0056114993058145,0.077991709113121,0.0073680514469742,0.075763039290905,0.0067206290550529,0.1028314679861068,0.0074753505177795,0.0768350288271904,0.0066346931271255
131,0.0068242945708334,0.0100664580240845,deterministic_post_update_meta_query_loss,0.0865573212504386,0.013575006276369,841.3441077499883,0.001,0.0941593423485755,0.0055750883184373,0.0813557580113411,0.007855218835175,0.0820517241954803,0.0073763797990977,0.1014175936579704,0.0072209201753139,0.0738021880388259,0.0060938657261431
132,0.0068326615728437,0.010063480399549,deterministic_post_update_meta_query_loss,0.0866791829466819,0.0139812771230936,847.7456634100527,0.001,0.0937699079513549,0.0055769146420061,0.0805863812565803,0.0073873121291399,0.0817446410655975,0.0071855336427688,0.1045122742652893,0.0077715767547488,0.0727827101945877,0.00624196883291
133,0.0066844332031905,0.0100605059415102,deterministic_post_update_meta_query_loss,0.0866810902953147,0.0127221271395683,854.2566075590439,0.001,0.0953471660614013,0.0053999992087483,0.0726609826087951,0.0074411840178072,0.081691026687622,0.0071162646636366,0.1079067960381507,0.0071686753071844,0.0757994949817657,0.006296042818576
134,0.0067643607035279,0.0100572613999247,deterministic_post_update_meta_query_loss,0.0876805111765861,0.0156943947076797,860.6424706050893,0.001,0.0958937555551529,0.0052885133773088,0.0821603089570999,0.0076209907419979,0.0785582438111305,0.0068105892278254,0.1032500192523002,0.0075142108835279,0.0785402208566665,0.0065874997526407
135,0.0067918538115918,0.0100540604442358,deterministic_post_update_meta_query_loss,0.0865876153111457,0.0123636359348893,867.0082625030773,0.001,0.0935745686292648,0.0057873888872563,0.0794564634561538,0.007313432637602,0.0815484374761581,0.007209482602775,0.1032543331384658,0.0072373333387076,0.0751042515039444,0.0064116329886019
136,0.0067498199641704,0.0100508235394954,deterministic_post_update_meta_query_loss,0.0876198187470436,0.0142337316647171,873.4868593710708,0.001,0.0961116999387741,0.0054017188958823,0.07834243029356,0.007290625013411,0.083537757396698,0.007308701518923,0.1028874143958091,0.0073591042309999,0.0772197917103767,0.0063889492303133
137,0.0067142620682716,0.0100476099178195,deterministic_post_update_meta_query_loss,0.0869924426078796,0.0131185501813888,879.8850363011006,0.001,0.0947141870856285,0.0054355603642761,0.0808462277054786,0.0075244586914777,0.0824147164821624,0.0069880047813057,0.1017530262470245,0.0073067136108875,0.075234055519104,0.0063165705651044
138,0.0067654508166015,0.0100443679839372,deterministic_post_update_meta_query_loss,0.0875110626220703,0.0126242069527506,886.3664768009912,0.001,0.0951350107789039,0.0056647178716957,0.0792100057005882,0.0071489391848444,0.0830653756856918,0.0071573820896446,0.1021960228681564,0.0076076090335845,0.0779488831758499,0.0062486054375767
139,0.0064626494422554,0.0100411573424935,deterministic_post_update_meta_query_loss,0.0871514901518821,0.0128002017736434,892.7603355770698,0.001,0.0990719646215438,0.0050757871940732,0.0800205618143081,0.0073414472863078,0.0782301127910614,0.0067010032944381,0.102899320423603,0.0072668171487748,0.0755354613065719,0.0059281908906996
140,0.0066741853952407,0.0100379198789596,deterministic_post_update_meta_query_loss,0.0883737131953239,0.0128532461822032,899.1179351090686,0.001,0.0963280349969863,0.0055905310437083,0.0814661681652069,0.0070997700095176,0.0839029103517532,0.0072767003439366,0.102982223033905,0.0072845225222408,0.0771892368793487,0.0061194044537842
141,0.006599377375096,0.0100346254184842,deterministic_post_update_meta_query_loss,0.0885909125208854,0.0134151140227913,905.62566790008,0.001,0.0969031155109405,0.0052792406640946,0.0807020217180252,0.0073153572157025,0.0823891013860702,0.0069674309343099,0.103951871395111,0.0068815327249467,0.0790084600448608,0.006553326267749
142,0.0067714937031269,0.0100312765687704,deterministic_post_update_meta_query_loss,0.0890576168894767,0.0146976476535201,912.0036750520812,0.001,0.0954089537262916,0.0054967510513961,0.0777758061885833,0.0072212480008602,0.0869136974215507,0.0074032852426171,0.1078187823295593,0.0073621934279799,0.0773708075284957,0.0063739907927811
143,0.0065467790700495,0.010027951747179,deterministic_post_update_meta_query_loss,0.0902749449014663,0.0139752719551324,918.5040397970006,0.001,0.0987281501293182,0.0053296303376555,0.0823818296194076,0.0072166970930993,0.0835761427879333,0.0066762142814695,0.1065217554569244,0.0072365328669548,0.0801668092608451,0.0062748198397457
144,0.0065512056462466,0.0100247284397482,deterministic_post_update_meta_query_loss,0.0897120758891105,0.0140338288620114,924.840844887076,0.001,0.0986480116844177,0.0050855139270424,0.0813567489385604,0.0073324381373822,0.0834213346242904,0.0066596935503184,0.1047567725181579,0.0070934775285422,0.0803775042295456,0.0065849050879478
145,0.0065191048197448,0.0100213291123509,deterministic_post_update_meta_query_loss,0.0891471579670906,0.0128438267856836,931.2298373930388,0.001,0.0979170873761177,0.0054802955128252,0.0841308832168579,0.0072003463283181,0.0835319012403488,0.0067689828574657,0.1021873652935028,0.0073722540400922,0.0779685601592063,0.005773645825684
146,0.0065785604529082,0.0100174508988857,deterministic_post_update_meta_query_loss,0.0877873227000236,0.0145429149270057,937.7527466490864,0.001,0.09507317841053,0.0058660972863435,0.0812824517488479,0.0072669140063226,0.0840893238782882,0.006506910547614,0.1038110628724098,0.0075401016511023,0.0746805816888809,0.005712775979191
147,0.0064428742043673,0.0100135730579495,deterministic_post_update_meta_query_loss,0.0891674757003784,0.0128131946548819,944.1072487760102,0.001,0.0989486649632453,0.0051949149928987,0.0827206075191497,0.0071298917755484,0.0811645463109016,0.0067546386271715,0.1064609587192535,0.007024539168924,0.0765426158905029,0.0061103859916329
148,0.0063966200686991,0.0100097196176648,deterministic_post_update_meta_query_loss,0.0879695042967796,0.0136048486456274,950.502120595076,0.001,0.0986800193786621,0.0050563397817313,0.078835591673851,0.0069973063655197,0.0860683098435401,0.0069852070882916,0.1030442491173744,0.0075654536485672,0.073219321668148,0.0053787953220307
149,0.0063814185559749,0.0100062707439064,deterministic_post_update_meta_query_loss,0.0891091153025627,0.0127534968778491,957.0265572200296,0.001,0.1007889360189437,0.0050465068779885,0.0818299949169159,0.0074424399062991,0.0799553394317627,0.0062948772683739,0.1063579991459846,0.0071271741762757,0.0766132920980453,0.0059960950165987
150,0.0063665658235549,0.0100029641762375,deterministic_post_update_meta_query_loss,0.090290181338787,0.0145145459100604,963.397837051074,0.001,0.0989723280072212,0.0051800552755594,0.0829447880387306,0.0069967922754585,0.0814969539642334,0.0064146625809371,0.1072149872779846,0.007013059221208,0.0808218792080879,0.0062282569706439
151,0.0064723338000476,0.0099995037540793,deterministic_post_update_meta_query_loss,0.0896294340491294,0.0143054723739624,969.955881353002,0.001,0.0999717265367508,0.0048480853438377,0.0797885060310363,0.007035351358354,0.0831949189305305,0.0067475768737494,0.1021675467491149,0.0071076694875955,0.0830244868993759,0.0066229836083948
152,0.0062738107517361,0.0099963691085577,deterministic_post_update_meta_query_loss,0.0885178670287132,0.013023586012423,976.3552861370844,0.001,0.098057746887207,0.0050296983681619,0.0838681310415268,0.0070592756383121,0.0798915103077888,0.0062836781144142,0.1037015244364738,0.007182203233242,0.0770704224705696,0.0058141960762441
153,0.0064684674143791,0.00999307166785,deterministic_post_update_meta_query_loss,0.0889478027820587,0.0134947039186954,982.739990754053,0.001,0.0972585976123809,0.0050304611213505,0.0804098546504974,0.0071858260780572,0.0838199034333229,0.0066871456801891,0.1026601269841194,0.0071243061684072,0.0805905535817146,0.0063145980238914
154,0.0063298284076154,0.0099893890321254,deterministic_post_update_meta_query_loss,0.0896281227469444,0.0143254147842526,989.224289903068,0.001,0.0991381108760833,0.0049909772351384,0.083300769329071,0.0067888493649661,0.0837916433811187,0.0066356942988932,0.1027840673923492,0.0069397427141666,0.0791260153055191,0.0062938765622675
155,0.0064591127447783,0.009984928369522,deterministic_post_update_meta_query_loss,0.0896384045481681,0.0154292695224285,995.6315378641012,0.001,0.0978646278381347,0.0050517260096967,0.0833674222230911,0.0072537255473434,0.0821840018033981,0.0067068031057715,0.1035295575857162,0.0069901631213724,0.0812463760375976,0.0062931436114013
156,0.006242019124329,0.0099803438410162,deterministic_post_update_meta_query_loss,0.0885802060365676,0.0136209558695554,1002.1253494230332,0.001,0.0981198847293853,0.0046993754804134,0.0871064215898513,0.0074971602298319,0.0830185115337371,0.0066090924665331,0.0991019010543823,0.0068017891608178,0.0755542963743209,0.0056026764214038
157,0.0062036179006099,0.0099756620824337,deterministic_post_update_meta_query_loss,0.08885308355093,0.0135498950257897,1008.5260832920904,0.001,0.0990068092942237,0.0048363436944782,0.0820540487766265,0.0069539626128971,0.0825641006231308,0.0066038034856319,0.1027524098753929,0.0067512872628867,0.0778880417346954,0.0058726933784782
158,0.00626777485013,0.0099709136411547,deterministic_post_update_meta_query_loss,0.0888735204935073,0.013269574381411,1014.9053407590836,0.001,0.0972326248884201,0.0051775383763015,0.0820933729410171,0.0069130701012909,0.0819987058639526,0.0063402876257896,0.1026675403118133,0.0068884259089827,0.0803753286600112,0.0060195527039468
159,0.0062097585760056,0.0099657302722334,deterministic_post_update_meta_query_loss,0.0899579524993896,0.0145117668434977,1021.3977080869954,0.001,0.0998050272464752,0.0046900962479412,0.0815272331237793,0.0067563075572252,0.0841344594955444,0.0066669839434325,0.1050562113523483,0.0070426971651613,0.0792668312788009,0.0058927084319293
160,0.0063169845379889,0.00996033847332,deterministic_post_update_meta_query_loss,0.089937686920166,0.0139223001897335,1027.7930582610425,0.001,0.0979398041963577,0.0051534222438931,0.0847968086600303,0.006538888439536,0.0836836397647857,0.0065313610248267,0.1032358109951019,0.0071682068519294,0.0800323635339737,0.0061930422671139
161,0.0062125786207616,0.0099547589197754,deterministic_post_update_meta_query_loss,0.0909320041537284,0.0145228169858455,1034.2562154510524,0.001,0.1006345897912979,0.004764191340655,0.0806712806224823,0.0068933274596929,0.0846086293458938,0.0065165464766323,0.1067436039447784,0.0067141000181436,0.0820019096136093,0.0061747273430228
162,0.0061912653036415,0.0099488610401749,deterministic_post_update_meta_query_loss,0.0916920527815818,0.0166046898812055,1040.6493988790317,0.001,0.0995626300573349,0.0047600078396499,0.0869955569505691,0.0069596758112311,0.0842886269092559,0.0069063482806086,0.1063679531216621,0.0067063034512102,0.0812454521656036,0.0056239888072013
163,0.0061987121589481,0.0099432907998561,deterministic_post_update_meta_query_loss,0.0913925692439079,0.0131058627739548,1047.0521068790697,0.001,0.1009255349636077,0.0049891690723598,0.0849025398492813,0.0068539595231413,0.0861814022064209,0.0068554431200027,0.1075345650315284,0.0066692032851278,0.0774187743663787,0.0056257857941091
164,0.0061595188453793,0.009937841258943,deterministic_post_update_meta_query_loss,0.0911727249622345,0.0129704866558313,1053.5681433590362,0.001,0.0984822660684585,0.0051758433692157,0.0863338410854339,0.0066020162776112,0.083120658993721,0.0062851132825016,0.1066243052482605,0.0069674137048423,0.081302560865879,0.0057672071270644
165,0.0061391121707856,0.0099323373287916,deterministic_post_update_meta_query_loss,0.0905733183026313,0.013194884173572,1059.9784861510852,0.001,0.0993167012929916,0.005089642945677,0.0839862152934074,0.0067254183813929,0.0840955972671508,0.0065375939011573,0.1063476055860519,0.0070063439197838,0.0791204795241355,0.0053365607745945
166,0.0060175559483468,0.0099265612661838,deterministic_post_update_meta_query_loss,0.0939461514353752,0.0152520043775439,1066.4830769690452,0.001,0.1026488989591598,0.004659567028284,0.0843894630670547,0.006605951115489,0.089061364531517,0.0065249698236584,0.1094070374965667,0.0066546946763992,0.084223985671997,0.0056425961665809
167,0.0059227193705737,0.0099206760525703,deterministic_post_update_meta_query_loss,0.0931175574660301,0.0136682707816362,1072.846656960086,0.001,0.1025874614715576,0.0046796053647994,0.086507111787796,0.0067816362716257,0.0848091691732406,0.0060489275492727,0.1087979823350906,0.0063548008911311,0.082886055111885,0.0057486277073621
168,0.0060070292092859,0.0099146163091063,deterministic_post_update_meta_query_loss,0.0934207737445831,0.0140802962705492,1079.2359804570442,0.001,0.1017983108758926,0.0047169048339128,0.0889009088277816,0.0065918709151446,0.0891129076480865,0.0063925827853381,0.105665698647499,0.0067635374143719,0.0816260501742363,0.0055702500976622
169,0.0060783163644373,0.0099082386121153,deterministic_post_update_meta_query_loss,0.0919848307967186,0.0131670394912362,1085.7297583910404,0.001,0.1012811660766601,0.0048146285116672,0.0861473381519317,0.0069789136759936,0.0863279849290847,0.0063302512280642,0.1036766618490219,0.006732374895364,0.0824910178780555,0.0055354135110974
170,0.0059027164243161,0.0099016794934868,deterministic_post_update_meta_query_loss,0.0937408357858657,0.014098584651947,1092.1529930600664,0.001,0.1029744893312454,0.00459845084697,0.0861301124095916,0.0063052172772586,0.08932726085186,0.0064463252201676,0.1082219183444976,0.0064718355424702,0.0820503607392311,0.0056917550973594
171,0.005990320816636,0.0098948899656534,deterministic_post_update_meta_query_loss,0.0916387066245079,0.0140349986031651,1098.6746363569982,0.001,0.1010028943419456,0.005053374916315,0.0868719145655632,0.0065270820632576,0.0859890505671501,0.0062625990249216,0.1023582741618156,0.0063107297755777,0.0819714218378067,0.0057978173717856
172,0.0060600168071687,0.0098882665857672,deterministic_post_update_meta_query_loss,0.0926598906517028,0.0129509745165705,1105.0718060960062,0.001,0.0992342978715896,0.0050479331985116,0.0902826786041259,0.0069015859626233,0.0843580216169357,0.0058550811372697,0.1066425293684005,0.0067347949370741,0.0827819108963012,0.0057606874033808
173,0.0059779467992484,0.0098817212507128,deterministic_post_update_meta_query_loss,0.093327946960926,0.0137857235968112,1111.4811923780944,0.001,0.1025753766298294,0.004536957014352,0.0846662521362304,0.0067663327790796,0.0912289842963218,0.0065191863104701,0.1060841083526611,0.0065110842697322,0.0820850059390068,0.0055561736226081
174,0.0061019076965749,0.009874721057713,deterministic_post_update_meta_query_loss,0.0939371287822723,0.0146002853289246,1117.9667327210773,0.001,0.1019356101751327,0.0048641259782016,0.080089546740055,0.0066476059146225,0.0903569087386131,0.0064850780181586,0.1127706170082092,0.0067534586414694,0.0845329686999321,0.0057592685334384
175,0.0059235231019556,0.0098667740821838,deterministic_post_update_meta_query_loss,0.0947967693209648,0.0176475159823894,1124.3688248870894,0.001,0.1040896475315094,0.0043588350526988,0.0894534885883331,0.0064227255061268,0.0888177752494812,0.0064368182793259,0.1077692657709121,0.0068799620494246,0.0838536322116851,0.0055192755535244
176,0.0057498975656926,0.0098585294559597,deterministic_post_update_meta_query_loss,0.0934328138828277,0.0139461178332567,1130.7884929870488,0.001,0.1029007732868194,0.0043537952005863,0.0858575478196144,0.0067076059058308,0.0897144675254821,0.0062806047499179,0.1071864813566207,0.0064008892513811,0.0815047770738601,0.0050065936520695
177,0.0058617633767426,0.0098501158878207,deterministic_post_update_meta_query_loss,0.0932572111487388,0.0131496647372841,1137.2748376150848,0.001,0.1010839194059372,0.0047157229855656,0.0854367092251777,0.0064409775659441,0.0842842608690261,0.006095188204199,0.1119985580444336,0.0065787914209067,0.0834826305508613,0.0054781371727585
178,0.0057073938660323,0.0098418768495321,deterministic_post_update_meta_query_loss,0.093949370086193,0.0132781360298395,1143.675904926029,0.001,0.1025577336549758,0.0046500046737492,0.088569737970829,0.0063528367318212,0.0876857042312622,0.0058420454151928,0.1101963520050048,0.0063022840768098,0.0807373225688934,0.0053897993639111
179,0.005751418415457,0.0098326355218887,deterministic_post_update_meta_query_loss,0.0958067402243614,0.0161530580371618,1150.1777645930415,0.001,0.101866565644741,0.0046243946999311,0.0893952548503875,0.006266962736845,0.0902779921889305,0.0061813564971089,0.1128883361816406,0.0063595473766326,0.0846055597066879,0.0053248312324285
180,0.0058792256750166,0.0098227547481656,deterministic_post_update_meta_query_loss,0.0950740277767181,0.0150843160226941,1156.560822513071,0.001,0.1008191704750061,0.0047233649529516,0.0888567641377449,0.0063221571035683,0.0880076736211776,0.0060777482576668,0.1106204092502594,0.0065360991284251,0.087066113948822,0.0057367575354874
181,0.0058391895145177,0.0098124645650386,deterministic_post_update_meta_query_loss,0.0944661125540733,0.01423872821033,1162.9350463410374,0.001,0.0998563468456268,0.0047460310161113,0.0881158858537674,0.0064467568881809,0.086317241191864,0.0060653826221823,0.111183151602745,0.0063531305640935,0.0868579298257827,0.005584645550698
182,0.0054882476106286,0.0098018569871783,deterministic_post_update_meta_query_loss,0.0954451709985733,0.0145799834281206,1169.4204592190215,0.001,0.1072896420955658,0.0039830319583415,0.0900301337242126,0.0062020714394748,0.0869267880916595,0.0059312372468411,0.1099086254835128,0.0061238333582878,0.0830706283450126,0.005201063118875
183,0.0055880080908536,0.0097907859832048,deterministic_post_update_meta_query_loss,0.0977946370840072,0.0167571827769279,1175.7897366080433,0.001,0.1085634380578994,0.0040802131406962,0.0896623581647872,0.0060668629594147,0.0917997509241104,0.00625806953758,0.1121453195810318,0.0061058490537106,0.0868023037910461,0.005429046228528
184,0.0054839919321238,0.0097798913717269,deterministic_post_update_meta_query_loss,0.0953007861971855,0.0138497212901711,1182.2870900640264,0.001,0.1052188426256179,0.0043951077386736,0.0890613123774528,0.0062434398569166,0.0878995433449745,0.0055567445233464,0.1085094511508941,0.0059058931656181,0.085814781486988,0.0053187743760645
185,0.0057748123072087,0.0097685368731617,deterministic_post_update_meta_query_loss,0.0969670414924621,0.0144172571599483,1188.6313823160017,0.001,0.1031204983592033,0.0047652241773903,0.087803691625595,0.0061595039442181,0.0889206454157829,0.0057230005040764,0.1148981004953384,0.0065630325116217,0.0900922417640686,0.0056632999330759
186,0.0056034768931567,0.0097567297518253,deterministic_post_update_meta_query_loss,0.0979651436209678,0.0135674094781279,1195.017820743029,0.001,0.1074246913194656,0.0043976358138024,0.0885490849614143,0.0060320296324789,0.0916455313563346,0.0059319813735783,0.113263338804245,0.0062009682878851,0.0889430791139602,0.005454767961055
187,0.0057123298756778,0.0097445860505104,deterministic_post_update_meta_query_loss,0.099030889570713,0.0160984154790639,1201.510738276993,0.001,0.1056438088417053,0.0045200111344456,0.0911209285259246,0.0060647577047348,0.0933260768651962,0.0059135514311492,0.1138378530740737,0.0065899048931896,0.091225765645504,0.0054734228178858
188,0.005497449543327,0.0097320878878235,deterministic_post_update_meta_query_loss,0.0979602336883544,0.0139759136363863,1207.897816161043,0.001,0.1081430912017822,0.0041303997859358,0.0878243297338485,0.0063474806956946,0.0902305543422699,0.005542563740164,0.1140551567077636,0.0059236856177449,0.0895480588078498,0.0055431178770959
189,0.0055844630114734,0.009719255939126,deterministic_post_update_meta_query_loss,0.0994253158569336,0.0140592511743307,1214.372741106083,0.001,0.1077168732881546,0.0044500972144305,0.0900377333164215,0.0061849360354244,0.0943494737148284,0.0061272899620234,0.1157557070255279,0.0060240519233047,0.0892667770385742,0.0051359389908611
190,0.0054995995014905,0.0097056193277239,deterministic_post_update_meta_query_loss,0.099333606660366,0.0133679434657096,1220.7747325050875,0.001,0.1085860878229141,0.0044025466777384,0.0913573503494262,0.0060194809921085,0.0922429785132408,0.0056658750399947,0.1151364743709564,0.0063867862336337,0.0893451273441314,0.0050233085639774
191,0.0053918962366878,0.0096905808895826,deterministic_post_update_meta_query_loss,0.0988702550530433,0.0140937939286232,1227.1807334660552,0.001,0.110133446753025,0.004381088539958,0.0903983116149902,0.0062434403225779,0.0922579020261764,0.0054613365791738,0.1161128506064415,0.0061739506199955,0.0854487493634224,0.0046996651217341
192,0.0054807583801448,0.0096750220283865,deterministic_post_update_meta_query_loss,0.0994767472147941,0.0136184263974428,1233.686562910094,0.001,0.1076660901308059,0.0042513646185398,0.0922010242938995,0.0063779475167393,0.097193144261837,0.0062464387156069,0.113767921924591,0.0056847394444048,0.0865555331110954,0.0048433011397719
193,0.0052801049314439,0.0096590317785739,deterministic_post_update_meta_query_loss,0.1002974286675453,0.0134194092825055,1240.0423614340834,0.001,0.1110484674572944,0.0038629106711596,0.0878810882568359,0.0057561690919101,0.0922826081514358,0.0053717964328825,0.1194208860397338,0.0062084444798529,0.0908540934324264,0.0052012032829225
194,0.0055340668186545,0.0096427265554666,deterministic_post_update_meta_query_loss,0.1012280955910682,0.0189927667379379,1246.4672060990706,0.001,0.1096110716462135,0.0040504476055502,0.0932795628905296,0.0063380463980138,0.0986967980861663,0.0060777184553444,0.1187217161059379,0.0061998371966183,0.0858313217759132,0.0050042830407619
195,0.0053225602023303,0.009625799767673,deterministic_post_update_meta_query_loss,0.1007164344191551,0.0144447460770607,1252.8445800540503,0.001,0.1095876172184944,0.0041576186195015,0.0973746478557586,0.0063033024780452,0.0889928638935089,0.0052787554450333,0.1166774481534957,0.0059411749243736,0.090949609875679,0.0049319500103592
196,0.0053296834230422,0.0096082691103219,deterministic_post_update_meta_query_loss,0.1012878194451332,0.0145734408870339,1259.2170216190862,0.001,0.1118779778480529,0.0038174933288246,0.0880338698625564,0.0059882523491978,0.0972506403923034,0.0054626828059554,0.1162490993738174,0.0061372267082333,0.0930275321006774,0.0052427630871534
197,0.0055088973604142,0.0095908600836992,deterministic_post_update_meta_query_loss,0.1031542792916297,0.0175967290997505,1265.6484108800068,0.001,0.1070099920034408,0.0045783338136971,0.0992995947599411,0.0060220551677048,0.0966363549232482,0.0055796215310692,0.1185517758131027,0.0061764502897858,0.0942737013101577,0.0051880241371691
198,0.0053000948391854,0.0095728322863578,deterministic_post_update_meta_query_loss,0.1025978326797485,0.0137059176340699,1272.015206199023,0.001,0.109487235546112,0.0041913599707186,0.0938163697719574,0.0059372894465923,0.0974069088697433,0.0054745613597333,0.1182916015386581,0.0059382976032793,0.0939870625734329,0.0049589648842811
199,0.0051914849318563,0.0095532152801752,deterministic_post_update_meta_query_loss,0.1016811653971672,0.013321716338396,1278.492191364989,0.001,0.1128630563616752,0.0038090725429356,0.0919841974973678,0.0061935358680784,0.0955100506544113,0.0051989625208079,0.1183349788188934,0.0060782711952924,0.0897135362029075,0.0046775825321674
200,0.0053239925764501,0.0095320470631122,deterministic_post_update_meta_query_loss,0.1029130965471267,0.0132711743935942,1284.892874205019,0.001,0.1094347089529037,0.0043031210079789,0.0948956310749054,0.0060401824302971,0.0978698879480362,0.0054745427332818,0.1169579923152923,0.0059414911083877,0.0954072698950767,0.0048606232739984
201,0.0050952020101249,0.0095109842717647,deterministic_post_update_meta_query_loss,0.1055165082216262,0.0169001054018735,1291.271392502007,0.001,0.1166734546422958,0.0034724071156233,0.0939846485853195,0.0057167001068592,0.0975106209516525,0.0052962847985327,0.1213872134685516,0.0057231504470109,0.098026618361473,0.0052674678154289
202,0.0048680128529667,0.0094900032505393,deterministic_post_update_meta_query_loss,0.1057681962847709,0.0159730426967144,1297.7557602160375,0.001,0.1129287034273147,0.0036592825781553,0.0980126857757568,0.0054741376079618,0.0990600287914276,0.0050245593301951,0.1265849471092224,0.0056911059655249,0.0922545865178108,0.0044909766875207
203,0.0049613215960562,0.0094666076824069,deterministic_post_update_meta_query_loss,0.1040814742445945,0.0137354983016848,1304.10806610703,0.001,0.1152792274951934,0.0037555720191448,0.0926184207201004,0.0057476204819977,0.0977617651224136,0.0050916504114866,0.1191963851451873,0.0055817798711359,0.0955515950918197,0.0046299835667014
204,0.0050740032456815,0.0094401666894555,deterministic_post_update_meta_query_loss,0.1041290163993835,0.0140326665714383,1310.5330540980212,0.001,0.1121134608983993,0.0040968591347336,0.0982939600944519,0.005485110450536,0.1011920869350433,0.0055183256044983,0.1164104342460632,0.0058245537802577,0.0926351547241211,0.0044451663270592
205,0.0048791929148137,0.0094114869832992,deterministic_post_update_meta_query_loss,0.1021941900253295,0.0183060951530933,1317.015659079072,0.001,0.1127813905477523,0.0041198735125362,0.095691829919815,0.0056482288055121,0.0938663929700851,0.0047358213923871,0.1171589642763137,0.0055302674882113,0.0914723426103591,0.0043617719784379
206,0.0048180152662098,0.0093848325312137,deterministic_post_update_meta_query_loss,0.1054472252726554,0.016529805958271,1323.392295536003,0.001,0.1158897131681442,0.0034484432544559,0.1019026413559913,0.005721818190068,0.0978991910815239,0.0049537667073309,0.1188932359218597,0.0053622126579284,0.0926513224840164,0.0046038352884352
207,0.0047096982598304,0.0093587590381503,deterministic_post_update_meta_query_loss,0.1048361435532569,0.0152167873457074,1329.8736829430563,0.001,0.117736741900444,0.0032962164841592,0.0943373888731002,0.0053267194889485,0.0998923331499099,0.0048525286838412,0.1178350001573562,0.0055433632805943,0.0943792462348938,0.0045296638272702
208,0.0048093986697494,0.0093310978263616,deterministic_post_update_meta_query_loss,0.1048095226287841,0.0176287330687046,1336.2675058180466,0.001,0.1134231090545654,0.0035232035443186,0.0940044969320297,0.0054314360022544,0.0981652438640594,0.005140817258507,0.1237940639257431,0.0054684956558048,0.0946607291698455,0.0044830408878624
209,0.0047387164086103,0.0093017463572323,deterministic_post_update_meta_query_loss,0.1040450111031532,0.01609200052917,1342.6789691970916,0.001,0.1134154051542282,0.0032271861564368,0.095153160393238,0.0053947735577821,0.1006689220666885,0.0051730340346693,0.1190105974674224,0.0054935067892074,0.0919769778847694,0.0044050817377865
210,0.0046932636760175,0.0092686138115823,deterministic_post_update_meta_query_loss,0.1064743995666503,0.023141635581851,1349.1460492979968,0.001,0.1174771636724472,0.0031229760497808,0.099591851234436,0.005136891733855,0.1000778675079345,0.0053344443440437,0.1204502508044242,0.0053700851276516,0.0947748720645904,0.0045019215904176
211,0.0045837434008717,0.0092345291748642,deterministic_post_update_meta_query_loss,0.1069237142801284,0.0205183401703834,1355.551246343064,0.001,0.1167417019605636,0.0030000184196978,0.0990055203437805,0.0054292259737849,0.0969801992177963,0.0046567218378186,0.1228381320834159,0.004870499484241,0.0990529954433441,0.0049622510559856
212,0.004507269244641,0.0092021282762289,deterministic_post_update_meta_query_loss,0.106535866856575,0.0148699041455984,1362.0662481600884,0.001,0.118353471159935,0.0031514682341367,0.1020119488239288,0.0052441442385315,0.0974182486534118,0.0047042346559464,0.1218813955783844,0.0051417392678558,0.0930142775177955,0.0042947586625814
213,0.0043867034837603,0.0091738674789667,deterministic_post_update_meta_query_loss,0.11044442653656,0.0200064424425363,1368.4943831320852,0.001,0.1198843121528625,0.002873643534258,0.1013970375061035,0.0047878641635179,0.1033411026000976,0.0050051999278366,0.1287415027618408,0.0049976645968854,0.0988581851124763,0.0042691435664892
214,0.0044886223040521,0.0091459617018699,deterministic_post_update_meta_query_loss,0.1089759990572929,0.0126944947987794,1374.9188952210825,0.001,0.1199643239378929,0.0031947901006788,0.0958798006176948,0.0055543910712003,0.1017549037933349,0.0046966318041086,0.1308974623680114,0.0052057839930057,0.0963834971189498,0.003791513852775
215,0.0045530325733125,0.0091067515313625,deterministic_post_update_meta_query_loss,0.10793187469244,0.0198181625455617,1381.430096275988,0.001,0.1158533617854118,0.0043670302256941,0.1017169654369354,0.0052004535682499,0.1017884761095047,0.0045211068354547,0.1247181147336959,0.0049046408385038,0.0955825001001358,0.003771930700168
216,0.0043660472147166,0.0090649597346782,deterministic_post_update_meta_query_loss,0.1105951219797134,0.0132655575871467,1387.8188018430956,0.001,0.1231343299150466,0.0030745605472475,0.1016868203878402,0.0050435056909918,0.1041857227683067,0.0043832059018313,0.1241776347160339,0.0052701132372021,0.0997910797595977,0.0040588495321571
217,0.0044791470281779,0.0090194647200405,deterministic_post_update_meta_query_loss,0.1108502149581909,0.0136584341526031,1394.2849916770356,0.001,0.1226935237646102,0.0035810160916298,0.0997019857168197,0.005125471856445,0.1043107882142067,0.0042953719384968,0.1240525543689727,0.0051469043828547,0.1034922301769256,0.0042469697073102
218,0.0044527151621878,0.0089752359315752,deterministic_post_update_meta_query_loss,0.1113802790641784,0.0158138759434223,1400.6347072900971,0.001,0.1183781251311302,0.0032261481974273,0.1091947704553604,0.0049039931036531,0.1002845391631126,0.0043288716115057,0.1267948597669601,0.0054260590113699,0.1022491008043289,0.004378501791507
219,0.0044215144589543,0.0089312631636858,deterministic_post_update_meta_query_loss,0.1110812798142433,0.0153119908645749,1407.044202140998,0.001,0.1195295751094818,0.0029999753460288,0.1002728939056396,0.005092135630548,0.1010118722915649,0.0043201749213039,0.1293319314718246,0.0053378394804894,0.1052601411938667,0.0043574455194175
220,0.004544963594526,0.0088868889026343,deterministic_post_update_meta_query_loss,0.1095471382141113,0.0126303518190979,1413.529127928079,0.001,0.1134363040328025,0.004298404790461,0.1064196527004242,0.0051835482008755,0.1043542474508285,0.00437115970999,0.1282839179039001,0.0051149791106581,0.0952415317296981,0.0037567275576293
221,0.0044726179912686,0.0088420152664184,deterministic_post_update_meta_query_loss,0.1124605163931846,0.0171556659042835,1419.9079583950806,0.001,0.1183251738548278,0.0035485867410898,0.1048207506537437,0.0047388202510774,0.1042851135134697,0.0045331357978284,0.1331493258476257,0.0053425636142492,0.1017221733927726,0.0041999826207757
222,0.0044351289980113,0.0087927157990634,deterministic_post_update_meta_query_loss,0.1117303743958473,0.0207854826003313,1426.3588262140984,0.001,0.1185518279671669,0.00300347013399,0.1067498922348022,0.0048993458040058,0.1044443175196647,0.0046520894393324,0.128413051366806,0.0057667824439704,0.1004927828907966,0.0038539550732821
223,0.0042418288066983,0.0087395836599171,deterministic_post_update_meta_query_loss,0.1131836995482444,0.0184261575341224,1432.702024850063,0.001,0.1201020255684852,0.0029352302663028,0.1063814461231231,0.0049215564504265,0.1087806075811386,0.0045517031103372,0.1230639517307281,0.0046914480626583,0.1075904965400695,0.0041092038154602
224,0.0042292769066989,0.0086837615817785,deterministic_post_update_meta_query_loss,0.1146096140146255,0.0221847910434007,1439.0648133150537,0.001,0.1247128024697303,0.0026705213822424,0.106635645031929,0.0048519186675548,0.1095853224396705,0.0046102325432002,0.1282083839178085,0.004747761413455,0.1039059162139892,0.0042659495957195
225,0.004048544447869,0.0086283712647855,deterministic_post_update_meta_query_loss,0.1158099919557571,0.0134404003620147,1445.50151556707,0.001,0.1255683749914169,0.0030504800379276,0.1083026379346847,0.0047671091742813,0.1082013249397277,0.0039971619844436,0.1284752041101455,0.0043431557714939,0.1085023880004882,0.0040848148055374
226,0.0040039042942225,0.0085735379718244,deterministic_post_update_meta_query_loss,0.1184082850813865,0.0159706249833107,1451.835150146042,0.001,0.130265474319458,0.0025478131137788,0.110065221786499,0.0048614391125738,0.1062209755182266,0.0038453927263617,0.1318101733922958,0.0046493364498019,0.1136795729398727,0.004115539137274
227,0.0041102753020823,0.0085161617957055,deterministic_post_update_meta_query_loss,0.1175231486558914,0.0124041438102722,1458.289862051024,0.001,0.1298148036003112,0.0027286980766803,0.1169453412294387,0.004802175797522,0.1159781515598297,0.0044194664806127,0.1212948262691497,0.0050784107297658,0.1035826206207275,0.0035226242616772
228,0.0038920659571886,0.0084560832008719,deterministic_post_update_meta_query_loss,0.120216779410839,0.0135268345475196,1464.639236418996,0.001,0.1302713453769683,0.0027040119748562,0.1167586296796798,0.0045439698733389,0.1126837581396102,0.0038512756582349,0.1310640275478363,0.0045913904905319,0.1103061512112617,0.0037696817889809
229,0.0039283344522118,0.0083891985937953,deterministic_post_update_meta_query_loss,0.1198543533682823,0.012769958935678,1470.9969713250175,0.001,0.1290094405412674,0.0027228172402828,0.1138006970286369,0.0048270211555063,0.1159655451774597,0.0040120859630405,0.1305268406867981,0.004561863373965,0.1099692285060882,0.0035178826656192
230,0.0039721112698316,0.0083208498544991,deterministic_post_update_meta_query_loss,0.1238568350672721,0.0156138008460402,1477.4734372299863,0.001,0.1261589080095291,0.0032052809838205,0.1193644255399704,0.0043612755835056,0.1210641637444496,0.0039972481317818,0.1342113614082336,0.0043763853609561,0.1184853166341781,0.003920366987586
231,0.0037540239281952,0.0082543128170073,deterministic_post_update_meta_query_loss,0.1255000531673431,0.0189407803118228,1483.840073330095,0.001,0.1360130906105041,0.00222984328866,0.1142247095704078,0.0048050847835838,0.1145011186599731,0.0038940007798373,0.1452385187149047,0.0044396240264177,0.1175227984786033,0.003401567460969
232,0.0036751553416252,0.0081867162138223,deterministic_post_update_meta_query_loss,0.1252397298812866,0.0141691649332642,1490.1590479810257,0.001,0.1362128853797912,0.0025364703033119,0.1166144758462905,0.0045378920622169,0.1158046275377273,0.0036541738081723,0.1437923908233642,0.0044147190637886,0.1137742549180984,0.0032325224019587
233,0.003934602253139,0.008113242778927,deterministic_post_update_meta_query_loss,0.1262516975402832,0.0123579576611518,1496.5966669560876,0.001,0.1308467090129852,0.0030693532899022,0.118803359568119,0.0047633317299187,0.1216151416301727,0.0037700533866882,0.142734944820404,0.004934218712151,0.1172583624720573,0.0031360532157123
234,0.0036866948939859,0.0080406474880874,deterministic_post_update_meta_query_loss,0.1294528841972351,0.0161489453166723,1502.960385525017,0.001,0.1381283104419708,0.0024067787453532,0.1224883496761322,0.0047937985509634,0.1242557913064956,0.0038874105084687,0.1447363793849945,0.0041537969373166,0.1176555752754211,0.0031916880980134
235,0.0037942857015877,0.007980668451637,deterministic_post_update_meta_query_loss,0.1325927972793579,0.0240951310843229,1509.4214206020115,0.001,0.1400112062692642,0.0022663176059722,0.1239925920963287,0.0042658615857362,0.1308530271053314,0.0042635439895093,0.1459051519632339,0.0046319221146404,0.1222019493579864,0.0035437827464193
236,0.003693796461448,0.007925162371248,deterministic_post_update_meta_query_loss,0.135066345334053,0.0152386082336306,1515.7782189870486,0.001,0.1398586183786392,0.0027640818152576,0.130535751581192,0.0042659640312194,0.1332259476184845,0.003962717950344,0.1464272737503051,0.0040360437706112,0.1252840906381607,0.0034401740413159
237,0.0034925141371786,0.0078665765002369,deterministic_post_update_meta_query_loss,0.1361027210950851,0.0128235220909118,1522.128635970992,0.001,0.1434612870216369,0.002430421533063,0.1240390986204147,0.0040359953418374,0.1345138549804687,0.0036196608562022,0.15157450735569,0.0043680206872522,0.1269248276948928,0.0030084713362157
238,0.0033139816951006,0.0077706607058644,deterministic_post_update_meta_query_loss,0.136726513504982,0.015882983803749,1528.6305045390036,0.001,0.1458313316106796,0.002583208726719,0.129233568906784,0.0042633591219782,0.1283952295780182,0.0032008790876716,0.1596257090568542,0.0039708158001303,0.1205466985702514,0.0025516464374959
239,0.0034300733823329,0.0076550349593162,deterministic_post_update_meta_query_loss,0.1390213221311569,0.0126092340797185,1535.0352076690178,0.001,0.1491106301546096,0.0024636262096464,0.1356030106544494,0.0042927921749651,0.1325809508562088,0.0030805589631199,0.1496785283088684,0.0042600100859999,0.1281335055828094,0.0030533787794411
240,0.0035628930199891,0.0075253216549754,deterministic_post_update_meta_query_loss,0.136243388056755,0.0229516178369522,1541.5231759230371,0.001,0.1366291940212249,0.0037383602466434,0.1292761415243148,0.0041511789895594,0.1318988800048828,0.0030617220327258,0.152229756116867,0.0039535020478069,0.1311829537153244,0.0029097003862261
241,0.0033040039706975,0.0074535814113914,deterministic_post_update_meta_query_loss,0.1359537988901138,0.0118874097242951,1547.8755380240036,0.001,0.1476809233427047,0.0021951459348201,0.123363509774208,0.0041402713395655,0.1327178031206131,0.0034533026628196,0.149886667728424,0.003836530027911,0.1261200755834579,0.0028947703540325
242,0.0032151371706277,0.0073805268853902,deterministic_post_update_meta_query_loss,0.1411432921886444,0.0402652248740196,1554.272430040059,0.001,0.1509101688861847,0.0014134650118649,0.1297634243965149,0.0039028648752719,0.1359515488147735,0.0034913052804768,0.1543904840946197,0.0039370623417198,0.1347008198499679,0.0033309878781437
243,0.0032314683776348,0.0072710204869508,deterministic_post_update_meta_query_loss,0.1386772543191909,0.0311308726668357,1560.7520659130532,0.001,0.1475540995597839,0.0015697974013164,0.1280440688133239,0.0039458195678889,0.136712908744812,0.0037994440644979,0.1550878286361694,0.0039803395047783,0.1259873509407043,0.0028619414661079
244,0.0030927273910492,0.0071616027504205,deterministic_post_update_meta_query_loss,0.1402823328971862,0.0182402394711971,1567.1653675930577,0.001,0.1498418450355529,0.0017679793527349,0.1274386346340179,0.0037047916557639,0.1361412554979324,0.0032790345139801,0.1542939096689224,0.0035605884622782,0.1336960196495056,0.0031512442510575
245,0.0031813259702175,0.0071008773520588,deterministic_post_update_meta_query_loss,0.1465085595846176,0.042052749544382,1573.6257920200003,0.001,0.1551289409399032,0.0015284176915884,0.1392614841461181,0.0040588318370282,0.1374775171279907,0.0031180139631032,0.1664107739925384,0.0043590944260358,0.1342640519142151,0.0028422721661627
246,0.0029033117461949,0.0071182392537593,deterministic_post_update_meta_query_loss,0.1479510962963104,0.0116156013682484,1579.9660367959875,0.001,0.151852548122406,0.0019914272706955,0.1441385895013809,0.0037166457623243,0.1398086100816726,0.0027200796175748,0.163089632987976,0.0033473048824816,0.1408661156892776,0.002741101430729
247,0.0029330793768167,0.0071114567108452,deterministic_post_update_meta_query_loss,0.1517547816038131,0.0149715971201658,1586.3516988169868,0.001,0.158835619688034,0.0020106881856918,0.1437968611717224,0.003612999105826,0.1446938514709472,0.0027105340268462,0.1702967882156372,0.0039132302626967,0.1411507725715637,0.0024179457686841
248,0.00289799249731,0.0069697483442723,deterministic_post_update_meta_query_loss,0.1548875272274017,0.0255238730460405,1592.83597757807,0.001,0.1616318821907043,0.002548364456743,0.1475403308868408,0.0035758877638727,0.1485599428415298,0.002438471186906,0.1752527952194214,0.003537353593856,0.1414526551961898,0.0023898845538496
249,0.0027194914873689,0.0067588075064122,deterministic_post_update_meta_query_loss,0.1579423993825912,0.0173397231847047,1599.1945753470063,0.001,0.1696175634860992,0.0016547895502299,0.147526741027832,0.0035421543288975,0.1494240164756775,0.002476432127878,0.1784151196479797,0.0037772881332784,0.1447285711765289,0.0021467918995767
250,0.0026671288069337,0.0065944841131567,deterministic_post_update_meta_query_loss,0.1584867089986801,0.0143158510327339,1605.676126006991,0.001,0.1694230139255523,0.0013250092742964,0.1497355997562408,0.0036916336975991,0.149258866906166,0.0027501948643475,0.1765601634979248,0.003255772171542,0.1474558562040329,0.0023130348417907
251,0.0026288663502782,0.0064639247953891,deterministic_post_update_meta_query_loss,0.1562193185091018,0.0138089135289192,1612.061222305987,0.001,0.1653884053230285,0.0015414617955684,0.1515565812587738,0.003662075381726,0.147058293223381,0.0022706501185894,0.1760769486427307,0.003621696261689,0.1410163342952728,0.0020484481938183
252,0.0027341421227902,0.0063529284670948,deterministic_post_update_meta_query_loss,0.1573778241872787,0.0143346404656767,1618.4401042450918,0.001,0.1601705551147461,0.0019212231272831,0.1572788655757904,0.0034759347327053,0.1453965902328491,0.0023514779750257,0.1781332492828369,0.0037659571971744,0.1459098160266876,0.0021561183966696
253,0.00253955158405,0.0062482190318405,deterministic_post_update_meta_query_loss,0.1593119949102401,0.0329290144145488,1624.9246285840636,0.001,0.1683304905891418,0.0010294950334355,0.155001699924469,0.0034371339716017,0.1500717997550964,0.0024900648277252,0.1765473932027816,0.0037366934120655,0.1466085612773895,0.0020043707918375
254,0.0026959658134728,0.0062465568073093,deterministic_post_update_meta_query_loss,0.1625043153762817,0.0403406433761119,1631.2848183230965,0.001,0.1666992604732513,0.0012109484523534,0.1574494540691375,0.0036574674304574,0.1563208997249603,0.0027559651061892,0.1834932118654251,0.0037830851506441,0.1485587507486343,0.0020723619963973
255,0.0026243000756949,0.0063709415495395,deterministic_post_update_meta_query_loss,0.1683603972196579,0.0146353561431169,1637.7811263320036,0.001,0.1724795401096344,0.0015363998245447,0.1684572845697403,0.0035528296139091,0.1620598584413528,0.0025571116711944,0.1822376847267151,0.0034547732211649,0.156567633152008,0.0020203867461532
256,0.0025436223950237,0.0063491618260741,deterministic_post_update_meta_query_loss,0.1706496030092239,0.0215558148920536,1644.1352096380433,0.001,0.1796571910381317,0.0014888551086187,0.1657004952430725,0.0030647127423435,0.1642732918262481,0.0024410588666796,0.1860372126102447,0.0036085920874029,0.1575798094272613,0.0021148934029042
257,0.002401728881523,0.0060400410555303,deterministic_post_update_meta_query_loss,0.1728224754333496,0.0314382500946521,1650.5236699490342,0.001,0.1813217550516128,0.0015714147593826,0.1642026603221893,0.0031767827458679,0.1676106452941894,0.0022601906675845,0.1888383328914642,0.0029652814846485,0.1621389836072921,0.0020349754486232
258,0.0024806906003504,0.0056947245728224,deterministic_post_update_meta_query_loss,0.1717728823423385,0.0273274686187505,1657.020836642012,0.001,0.1791942715644836,0.0015242920489981,0.1642427146434784,0.0034630352165549,0.1696244478225708,0.0024473711382597,0.1886391788721084,0.0031406024936586,0.1571637988090515,0.0018281516386196
259,0.0021398048847913,0.0056727369781583,deterministic_post_update_meta_query_loss,0.1684217900037765,0.011698480695486,1663.430339109036,0.001,0.1826940178871154,0.0007303478778339,0.1605424582958221,0.0032572851050645,0.1587657630443573,0.002012716140598,0.1877051740884781,0.0029556900262832,0.1524015069007873,0.0017429855652153
260,0.0024981882888823,0.0055523056071251,deterministic_post_update_meta_query_loss,0.1683636456727981,0.0539699420332908,1669.8538675491,0.001,0.1722257733345031,0.000999518437311,0.1627638936042785,0.0031825052574276,0.1642178893089294,0.0026713663246482,0.1870570480823516,0.0036044125445187,0.1555535942316055,0.0020331386476755
261,0.0024159927852451,0.0053437772206962,deterministic_post_update_meta_query_loss,0.1695239096879959,0.0456495843827724,1676.3470225400524,0.001,0.174822598695755,0.0009679998620413,0.1618482917547226,0.0030068608466535,0.1647314131259918,0.0025101383216679,0.1884813904762268,0.0035410004202276,0.1577358543872833,0.0020539639517664
262,0.0021341626998037,0.0055644079111516,deterministic_post_update_meta_query_loss,0.1760110706090927,0.0378755964338779,1682.7672818270512,0.001,0.191255897283554,0.0004762502212543,0.165353313088417,0.0029162396676838,0.1701509654521942,0.0021480424329638,0.1945910155773162,0.0034327232278883,0.1587040871381759,0.0016975568141788
263,0.00209696078673,0.0060557474382221,deterministic_post_update_meta_query_loss,0.1831196397542953,0.0114902686327695,1689.240583975101,0.001,0.1946627050638198,0.000806235242635,0.1806149780750274,0.0029382836073637,0.1775649935007095,0.002078827470541,0.1927393823862075,0.0029559135437011,0.1700160652399063,0.0017055433709174
264,0.0020937346853315,0.0057487963698804,deterministic_post_update_meta_query_loss,0.1860652863979339,0.0562250800430774,1695.647030259017,0.001,0.1987611949443817,0.0012940334854647,0.1763710230588913,0.003058255650103,0.1745240539312362,0.0016348459757864,0.2023241221904754,0.0029253205284476,0.1783460229635238,0.001556217088364
265,0.0019672957714647,0.0050588752143085,deterministic_post_update_meta_query_loss,0.1883942931890487,0.0374395586550235,1702.078467990039,0.001,0.1977885663509369,0.0010579611407592,0.1890564262866974,0.0026891680900007,0.170172169804573,0.0016298432601615,0.207716166973114,0.0028768023476004,0.1772381365299224,0.0015827044844627
266,0.0018857818795368,0.004901375202462,deterministic_post_update_meta_query_loss,0.1839216500520706,0.02531199157238,1708.6125590680167,0.001,0.1920612305402755,0.0010276677785441,0.1773810088634491,0.0026365355588495,0.1724919080734253,0.0014014737680554,0.1968670487403869,0.0026415374595671,0.1808070391416549,0.0017216944834217
267,0.0020067922305315,0.0049817608436569,deterministic_post_update_meta_query_loss,0.1797679960727691,0.058272011578083,1715.0272664180957,0.001,0.188680350780487,0.0004261111607775,0.1658603698015213,0.0026213331148028,0.1753329336643219,0.002340507460758,0.1940920948982238,0.0026743547059595,0.1748742014169693,0.0019716550596058
268,0.0021165672224014,0.0046349967829883,deterministic_post_update_meta_query_loss,0.1820578724145889,0.1028990373015403,1721.5261216040235,0.001,0.1909486651420593,0.0003657015040516,0.1770685613155365,0.0027571336831897,0.1739996969699859,0.002348693087697,0.2038119733333587,0.0034922477789223,0.1644604951143264,0.0016190602909773
269,0.0018540419405326,0.0059781103394925,deterministic_post_update_meta_query_loss,0.1908947676420211,0.043713629245758,1727.879087656038,0.001,0.20110584795475,0.0005373169551603,0.1829220652580261,0.002590685384348,0.1827523857355117,0.0018418915569782,0.2081433236598968,0.0027473133523017,0.1795502305030822,0.0015530019300058
270,0.0018819023389369,0.0065295347012579,deterministic_post_update_meta_query_loss,0.1986861675977707,0.0687545239925384,1734.270533236093,0.001,0.2127004563808441,0.0009080483578145,0.1894436329603195,0.0028846934437751,0.190366193652153,0.0014784070663154,0.221987634897232,0.002482381183654,0.1789328902959823,0.0016559809446334
271,0.0021092211827635,0.0051005790475755,deterministic_post_update_meta_query_loss,0.2005360424518585,0.0958718955516815,1740.7316742331022,0.001,0.2136357575654983,0.0015061895828694,0.1890639066696167,0.0033245151862502,0.1890374422073364,0.0013851015828549,0.2182695865631103,0.0028057277668267,0.1926734745502472,0.0015245722606778
272,0.0016985813854262,0.0042284765047952,deterministic_post_update_meta_query_loss,0.1978352516889572,0.0479870922863483,1747.116918188054,0.001,0.2135924398899078,0.0006909077637828,0.1911159008741378,0.0024251076392829,0.1880959272384643,0.0013316575204953,0.2110169529914856,0.0025632607284933,0.1853550523519516,0.0014819726347923
273,0.0017590780043974,0.004518465406727,deterministic_post_update_meta_query_loss,0.1907082051038742,0.0715898871421814,1753.6366318080109,0.001,0.1942872107028961,0.0004145967541262,0.1822009086608886,0.00212680012919,0.1817024201154709,0.0016500011552125,0.2096526622772216,0.0030005578882992,0.1856978237628936,0.0016034336294978
274,0.0019075118470937,0.0040486932266503,deterministic_post_update_meta_query_loss,0.1895086616277694,0.1169541925191879,1760.0553573730867,0.001,0.202936977148056,0.0003889554936904,0.1743767857551574,0.0021108381915837,0.1815565526485443,0.0021760240197181,0.2041814923286438,0.0030026170425117,0.1844915151596069,0.0018591240514069
275,0.0014524260768666,0.00446308250539,deterministic_post_update_meta_query_loss,0.1932982802391052,0.0133249880746006,1766.4738322270568,0.001,0.2081909775733947,0.0003410936624277,0.1831550449132919,0.0022954817395657,0.1888248920440673,0.0013754596002399,0.2036665081977844,0.0019502534996718,0.1826539635658264,0.0012998420279473
276,0.001608669059351,0.005223187059164,deterministic_post_update_meta_query_loss,0.2030731290578842,0.0097417877987027,1772.9254440370714,0.001,0.2146154791116714,0.0003582030185498,0.1860534250736236,0.00269834860228,0.2005694806575775,0.0015738037182018,0.2212128192186355,0.0021128274966031,0.1929143369197845,0.0013001628685742
277,0.0017186597688123,0.0045415056403726,deterministic_post_update_meta_query_loss,0.2059074938297271,0.0729538649320602,1779.3476866950514,0.001,0.2174985110759735,0.0011287424713373,0.199263259768486,0.0023887031711637,0.1979786604642868,0.0011616077972576,0.2235466986894607,0.0025100037455558,0.1912503242492675,0.0014042406110092
278,0.0015089047374203,0.0036885250825434,deterministic_post_update_meta_query_loss,0.2008821219205856,0.0596777275204658,1785.8330177910393,0.001,0.2144370824098587,0.000875178433489,0.1928420215845108,0.0022444752976298,0.1935448348522186,0.0010647719027474,0.2188274711370468,0.0020474172197282,0.184759259223938,0.0013126808917149
279,0.0013443296775221,0.0039743377128615,deterministic_post_update_meta_query_loss,0.1988820731639862,0.0463396199047565,1792.2585169430822,0.001,0.2118538320064544,0.0002411377063253,0.1949945986270904,0.0018941168673336,0.1892333030700683,0.0013140334049239,0.2134802192449569,0.0022437863517552,0.1848483830690384,0.0010285739554092
280,0.0015219547785818,0.0035322099458426,deterministic_post_update_meta_query_loss,0.1957301795482635,0.0909819304943084,1798.6589217990404,0.001,0.2085008919239044,0.0002539363340474,0.1891573518514633,0.0021894921083003,0.1802733540534973,0.0010562242241576,0.219253659248352,0.0029478347860276,0.181465595960617,0.0011622862657532
281,0.0014525827718898,0.0050298317335546,deterministic_post_update_meta_query_loss,0.2048092931509018,0.09083903580904,1805.1612868180964,0.001,0.2176486253738403,0.00025317989639,0.1958853006362915,0.0018526694038882,0.1938362121582031,0.0013109780848026,0.2214471101760864,0.0025191691238433,0.1952292025089264,0.0013269172050058
282,0.0016093988670036,0.005906412936747,deterministic_post_update_meta_query_loss,0.210831269621849,0.0759865567088127,1811.5352839210536,0.001,0.2194898426532745,0.001130430959165,0.1962099522352218,0.0027637616731226,0.1992332637310028,0.0010149414883926,0.2359224557876587,0.0019229227909818,0.2033007442951202,0.0012149375397711
283,0.0019411869579926,0.0037002448923885,deterministic_post_update_meta_query_loss,0.2101582586765289,0.1391114294528961,1818.0035954060727,0.001,0.221812754869461,0.0019477354362607,0.1967530101537704,0.002833402249962,0.2015061229467392,0.0011465325951576,0.2345287650823593,0.0021165336947888,0.196190595626831,0.0016617312794551
284,0.0012806769227609,0.0036689089145511,deterministic_post_update_meta_query_loss,0.2112916558980941,0.0122831957414746,1824.422869023052,0.001,0.2222554385662078,0.0003428202471695,0.2016076147556305,0.0019324655877426,0.2076298296451568,0.001176283811219,0.2317032217979431,0.0019613492768257,0.1932621598243713,0.0009904658654704
285,0.0016792049864307,0.0032611276372335,deterministic_post_update_meta_query_loss,0.2043869793415069,0.1337147951126098,1830.8035166820048,0.001,0.217314526438713,0.0004721975710708,0.1937792748212814,0.0018253388116136,0.2023153752088546,0.0020807976834475,0.2213616371154785,0.0028974926099181,0.1871640086174011,0.0011201980523765
286,0.0013050297275185,0.004015293624252,deterministic_post_update_meta_query_loss,0.2054543495178222,0.085118144750595,1837.250833195052,0.001,0.2235428243875503,0.0003424784808885,0.1964933574199676,0.001822768128477,0.1936976313591003,0.001007753657177,0.2245058566331863,0.0022736084647476,0.189032107591629,0.0010785398771986
287,0.001216834760271,0.0046962791122496,deterministic_post_update_meta_query_loss,0.2130794078111648,0.0619040727615356,1843.632610261091,0.001,0.2284072190523147,0.0004068441630806,0.2002934664487838,0.0020358415786176,0.2107448726892471,0.0008150180219672,0.2294145822525024,0.0015853595687076,0.1965368390083313,0.0012411109637469
288,0.0015023344894871,0.0032728659221902,deterministic_post_update_meta_query_loss,0.21377594769001,0.1061145588755607,1850.047091465094,0.001,0.2207473218441009,0.0014155686367303,0.2074992358684539,0.0020340308547019,0.2050758600234985,0.0008222293108701,0.2317908406257629,0.0020675542764365,0.2037664502859115,0.0011722896015271
289,0.0012569309910759,0.0030579209676943,deterministic_post_update_meta_query_loss,0.2128503173589706,0.0101386327296495,1856.5238729770065,0.001,0.2232868373394012,0.0004899111227132,0.2014954090118408,0.0016184381674975,0.2047347277402877,0.0008812360465526,0.2368966341018676,0.0023134590592235,0.1978379189968109,0.000981610501185
290,0.0010955742327496,0.0030045056599192,deterministic_post_update_meta_query_loss,0.2091185599565506,0.0656638443470001,1862.916358493036,0.001,0.2235637605190277,0.0002497529785614,0.2059815376996994,0.0015496442792937,0.1943881064653396,0.0007270571659319,0.2267789244651794,0.0020798719488084,0.1948804855346679,0.0008715444710105
291,0.0012686165282502,0.0033703505760058,deterministic_post_update_meta_query_loss,0.2098147720098495,0.0899016559123992,1869.4132381191007,0.001,0.2221832871437072,0.0002788759884424,0.1993482112884521,0.0014610020443797,0.2009701579809188,0.0012429263442754,0.2280008345842361,0.0023188986815512,0.1985713541507721,0.0010413791751489
292,0.0011077284580096,0.0041054647881537,deterministic_post_update_meta_query_loss,0.2165484726428985,0.0340845137834548,1875.8155331530145,0.001,0.2309581786394119,0.0003006155602633,0.2061731070280075,0.0017654645489528,0.2067683041095733,0.0007050897693261,0.2375615388154983,0.0016829842934384,0.2012812048196792,0.0010844885837286
293,0.0014301767805591,0.0032070264453068,deterministic_post_update_meta_query_loss,0.2174072712659835,0.0799722373485565,1882.223164485069,0.001,0.2268700003623962,0.0010508210398256,0.2037629783153534,0.0022657355293631,0.2116907238960266,0.0007437042077071,0.2441655695438385,0.0018231890862807,0.2005471289157867,0.0012674342142418
294,0.0011287108063697,0.0027249195845797,deterministic_post_update_meta_query_loss,0.2193728238344192,0.015010111965239,1888.7076021539976,0.001,0.2297961860895156,0.0004025235248263,0.2008559107780456,0.0017922793049365,0.2123442888259887,0.0008658189908601,0.2383367419242859,0.0016850938554853,0.2155309915542602,0.0008978385594673
295,0.0013899210607632,0.0031025064643472,deterministic_post_update_meta_query_loss,0.2179495394229889,0.1144197136163711,1895.0895239140373,0.001,0.2227421104907989,0.0002271860139444,0.2131725251674652,0.0016286745667457,0.2116578370332718,0.001306906226091,0.240625113248825,0.0029505765996873,0.2015500962734222,0.0008362615481019
296,0.0012234827736392,0.003735122596845,deterministic_post_update_meta_query_loss,0.2191837280988693,0.0138600338250398,1901.568509184057,0.001,0.2332225143909454,0.00034703235724,0.2004388868808746,0.0018611077684909,0.2167733609676361,0.000991002540104,0.2400619685649871,0.0019621714018285,0.2054218649864196,0.0009560998296365
297,0.0010177651420235,0.0031221858458593,deterministic_post_update_meta_query_loss,0.2206033766269683,0.0589366778731346,1907.9994824060705,0.001,0.235641747713089,0.0005196940619498,0.2120734453201294,0.0015228191623464,0.2109224051237106,0.0006165627855807,0.2376426458358764,0.0014114070218056,0.206736534833908,0.0010183424456045
298,0.0012172693386673,0.0025805826880969,deterministic_post_update_meta_query_loss,0.2193094938993454,0.0451157130300998,1914.4162785339868,0.001,0.2396176606416702,0.0002639560261741,0.200456291437149,0.0024782759137451,0.211945354938507,0.0005845809937454,0.2428121566772461,0.0016963902162387,0.2017160356044769,0.0010631437180563
299,0.0010630768956616,0.0025270081823691,deterministic_post_update_meta_query_loss,0.2189061641693115,0.0936636850237846,1920.8917526230216,0.001,0.2347184866666793,0.0004395743890199,0.2117524445056915,0.0015022741863504,0.2139708399772644,0.0010612758342176,0.2303586453199386,0.0014481463003903,0.2037304490804672,0.0008641135063953
300,0.0010652891360223,0.0028504126472398,deterministic_post_update_meta_query_loss,0.2173781841993332,0.0237675383687019,1927.2981932960683,0.001,0.2273901402950287,0.0002340901264688,0.2055503726005554,0.0014472913462668,0.2167445123195648,0.0009921957971528,0.2342443168163299,0.001663472270593,0.202961653470993,0.0009893960086628
301,0.0010907464893534,0.0031815951457247,deterministic_post_update_meta_query_loss,0.2212198227643966,0.0133795551955699,1933.8347418340852,0.001,0.2372281700372696,0.0002449460735078,0.2077796757221222,0.0012886741897091,0.2081938982009887,0.0005395596381276,0.2498040795326233,0.0022408769000321,0.2030933499336242,0.0011396756162866
302,0.00102252245415,0.0029533741064369,deterministic_post_update_meta_query_loss,0.2279327660799026,0.0264159869402647,1940.2513721280263,0.001,0.2387414127588272,0.0002553796221036,0.2177522778511047,0.0016437426675111,0.2243988513946533,0.0006994231371209,0.250179260969162,0.0015713924076408,0.2085919976234436,0.0009426742326468
303,0.0008925237925723,0.0024311365792527,deterministic_post_update_meta_query_loss,0.2261949330568313,0.0269058942794799,1946.6609263720457,0.001,0.2379588484764099,0.0003177172038704,0.2206553816795349,0.0012719602091237,0.2130682468414306,0.0005009772721678,0.2468506395816803,0.001497225370258,0.2124415785074234,0.0008747386746108
304,0.00104795768857,0.0023855659179389,deterministic_post_update_meta_query_loss,0.2250687181949615,0.0372283533215522,1953.1620176970027,0.001,0.2291560769081115,0.0003358376270625,0.2174158841371536,0.0011198986321687,0.2160928696393966,0.0005696195876225,0.2558972835540771,0.0023493201006203,0.2067815363407135,0.0008651125826872
305,0.0010269389022141,0.0027465461287647,deterministic_post_update_meta_query_loss,0.2244294732809066,0.0399053394794464,1959.5551529549996,0.001,0.2419525980949401,0.0002521873684599,0.210853561758995,0.0012350421166047,0.2188937664031982,0.0009407789912074,0.245261400938034,0.0018000790150836,0.2051859200000763,0.0009066067286767
306,0.0009069500374607,0.0036016427213326,deterministic_post_update_meta_query_loss,0.2311901599168777,0.0133444312959909,1966.0223862139972,0.001,0.2474481761455536,0.0002217543951701,0.2202132046222686,0.0011872519971802,0.226229652762413,0.0008418048964813,0.2443441301584243,0.0013157416833564,0.2177156656980514,0.0009681973024271
307,0.0009492876124568,0.003505797451362,deterministic_post_update_meta_query_loss,0.2352330982685089,0.0371173955500125,1972.4626381990963,0.001,0.2473306208848953,0.0004363659827504,0.2266407310962677,0.0014279792085289,0.2242998778820037,0.000453657557955,0.2609674334526062,0.001406904309988,0.2169267684221267,0.0010215307120233
308,0.0009872278897091,0.0022427807562053,deterministic_post_update_meta_query_loss,0.2302292436361313,0.0901277959346771,1978.8772655100329,0.001,0.2425953298807144,0.0006747472216375,0.2212042957544326,0.0014831498265266,0.2194782197475433,0.0004832877311855,0.2509132921695709,0.0012576142325997,0.216955080628395,0.0010373400291427
309,0.0009482341120019,0.0023088560556061,deterministic_post_update_meta_query_loss,0.228348970413208,0.0739631429314613,1985.369215871091,0.001,0.2412050664424896,0.0002332312578801,0.2113998681306839,0.0010155570926144,0.2188784480094909,0.0006767148151993,0.2506682276725769,0.0020524058490991,0.2195932269096374,0.0007632614579051
310,0.0010759215801954,0.0031021660659462,deterministic_post_update_meta_query_loss,0.2282944172620773,0.1086265444755554,1991.7886238190115,0.001,0.2420029938220977,0.0002717315801419,0.2172252237796783,0.0010765698971226,0.216788113117218,0.0007821120670996,0.2537679374217987,0.002534611383453,0.211687758564949,0.0007145830313675
311,0.0008135208045132,0.0054040555376559,deterministic_post_update_meta_query_loss,0.2374361008405685,0.0116015281528234,1998.2918718580624,0.001,0.2501145601272583,0.0003850940847769,0.2251259982585907,0.0011035758070647,0.2359296083450317,0.000727970036678,0.252394825220108,0.0011101689888164,0.2236154973506927,0.0007407949888147
312,0.0012181152123957,0.0033568176673725,deterministic_post_update_meta_query_loss,0.2393426895141601,0.1279846429824829,2004.698283002013,0.001,0.254199206829071,0.0010851263068616,0.2272115349769592,0.0016901678172871,0.2358806878328323,0.0004777246795129,0.2569119036197662,0.0012716517085209,0.2225100696086883,0.0015659052878618
313,0.0010087194386869,0.0024155685678124,deterministic_post_update_meta_query_loss,0.235358640551567,0.061680432409048,2011.1249622569885,0.001,0.2362240254878997,0.0010679825209081,0.2296061515808105,0.0012247585691511,0.2243238091468811,0.0004145943967159,0.2617857754230499,0.0014848358696326,0.224853441119194,0.0008514256333
314,0.0011615393450483,0.0021260587149299,deterministic_post_update_meta_query_loss,0.2286927998065948,0.1465550363063812,2017.6325628180057,0.001,0.2358168959617614,0.0002407069259788,0.2193538397550583,0.001165963592939,0.2190164029598236,0.0009611874120309,0.2447337210178375,0.0023476160131394,0.2245431244373321,0.0010922222863882
315,0.0007793947588652,0.0029827046906575,deterministic_post_update_meta_query_loss,0.2283165454864502,0.0384825393557548,2024.0503840760796,0.001,0.2381664216518402,0.000252067198744,0.2182993590831756,0.0009292863542214,0.2204697877168655,0.0006430154317058,0.2442841827869415,0.0013512130826711,0.2203629314899444,0.0007213917560875
316,0.0008722519851289,0.0031094905221834,deterministic_post_update_meta_query_loss,0.2352116405963897,0.0552686229348182,2030.473888918059,0.001,0.2473114281892776,0.0003754272765945,0.2250737696886062,0.0011063419515267,0.2278629541397094,0.0004526063567027,0.2569336891174316,0.0012334972852841,0.2188763320446014,0.0011933865025639
317,0.0008518119575455,0.0025611635297536,deterministic_post_update_meta_query_loss,0.2375433444976806,0.028415847569704,2036.95966986008,0.001,0.2503331303596496,0.0003199619823135,0.2200813889503479,0.0010986119741573,0.2313208580017089,0.0004209304461255,0.2633261084556579,0.0014089263277128,0.2226551920175552,0.0010106289992108
318,0.0009003337472677,0.0022144337184727,deterministic_post_update_meta_query_loss,0.2367449849843979,0.0039856294170022,2043.3788459710777,0.001,0.2451644092798233,0.0004381547332741,0.2280395478010177,0.0009371246560476,0.2336195558309555,0.0005224468768574,0.2579402923583984,0.001572428853251,0.2189610600471496,0.0010315137915313
319,0.0006928601069375,0.0021401484380476,deterministic_post_update_meta_query_loss,0.2323704957962036,0.0164262801408767,2049.863404742093,0.001,0.2440442740917205,0.0002355695323785,0.2268397510051727,0.0009150095866061,0.2210590988397598,0.0003755912475753,0.252219408750534,0.0011204726761206,0.2176899313926696,0.0008176573901437
320,0.0010433057323098,0.0030882836785167,deterministic_post_update_meta_query_loss,0.236171156167984,0.0642474368214607,2056.287322811084,0.001,0.2451043426990509,0.0002463825803715,0.2198928892612457,0.0008838468347676,0.2356885075569152,0.0008444425766356,0.265443742275238,0.0021875088568776,0.2147262394428253,0.001054348074831
321,0.0008658822625875,0.0035747692920267,deterministic_post_update_meta_query_loss,0.2387013435363769,0.0314518138766288,2062.6445648330264,0.001,0.2473999559879303,0.0004127510183025,0.2326127141714096,0.0010795415146276,0.2364042699337005,0.0004768119833897,0.2559996843338012,0.0011397870257496,0.2210901081562042,0.0012205194216221
322,0.0008644967456348,0.002253088937141,deterministic_post_update_meta_query_loss,0.2398460954427719,0.0727958679199218,2069.125502282055,0.001,0.2510758638381958,0.0007544816471636,0.2294599562883377,0.001179901883006,0.2321914732456207,0.0003724728885572,0.2591274380683899,0.0010943223023787,0.2273757010698318,0.0009213049779646
323,0.0007564924308098,0.0020339800859801,deterministic_post_update_meta_query_loss,0.2382356226444244,0.0181143190711736,2075.5313487270614,0.001,0.2533154487609863,0.0002528013428673,0.2229764461517334,0.0008669114322401,0.2301021516323089,0.0003548860840965,0.261217713356018,0.0015400314005091,0.2235663533210754,0.0007678317488171
324,0.000910882547032,0.0027695005526766,deterministic_post_update_meta_query_loss,0.2371059656143188,0.1005809307098388,2082.0267048920505,0.001,0.2501874268054962,0.0002563660673331,0.2313962578773498,0.0010682783322408,0.2287234663963318,0.0007679556147195,0.2484035789966583,0.0017752505373209,0.226819097995758,0.0006865622126497
325,0.0008152345544658,0.0046010761987417,deterministic_post_update_meta_query_loss,0.243334487080574,0.0050695813260972,2088.4339754791,0.001,0.2460300624370575,0.000759465387091,0.2444972544908523,0.0009818640537559,0.2322789430618286,0.0003622520889621,0.2635439038276672,0.0012770873727276,0.2303223013877868,0.0006955035496503
326,0.001133463694714,0.0022630453575402,deterministic_post_update_meta_query_loss,0.2418796569108963,0.1403305232524871,2094.832498117001,0.001,0.2541702687740326,0.0010598484659567,0.2309623658657074,0.0014984735753387,0.2357829809188842,0.0003934354754164,0.2632906138896942,0.0010625562863424,0.2251920700073242,0.0016530046705156
327,0.0008699235622771,0.002355584182078,deterministic_post_update_meta_query_loss,0.240019679069519,0.0036131974775344,2101.3970994440606,0.001,0.2550684809684753,0.0002556801191531,0.2264989614486694,0.0010621029650792,0.2335187345743179,0.0004537116037681,0.2635698318481445,0.0013841995969414,0.2214424014091491,0.0011939232936128
328,0.001167262205854,0.0023049470270052,deterministic_post_update_meta_query_loss,0.2360777705907821,0.1466146856546402,2107.835973115056,0.001,0.2556219398975372,0.0006365800509229,0.2226264476776123,0.000905696186237,0.2275420427322387,0.0009119443711824,0.2579066455364227,0.0026281825266778,0.2166917622089386,0.000753907370381
329,0.0007813113043084,0.002944136923179,deterministic_post_update_meta_query_loss,0.2368487417697906,0.0387638062238693,2114.33913438709,0.001,0.2464284300804138,0.0005814910400658,0.224006250500679,0.0010508957784622,0.236019879579544,0.0004443906072992,0.2518917322158813,0.000979118514806,0.2258972972631454,0.000850660202559
330,0.0007205662550404,0.0020409209537319,deterministic_post_update_meta_query_loss,0.242529347538948,0.0825754627585411,2120.7586189199938,0.001,0.2607503831386566,0.0004270812787581,0.2295527905225753,0.0011010861489921,0.2303240597248077,0.0003608467814046,0.260650634765625,0.0008774439920671,0.2313688248395919,0.0008363729575648
331,0.0008369999122805,0.0023481196840293,deterministic_post_update_meta_query_loss,0.2446659058332443,0.0768553093075752,2127.192933776066,0.001,0.260439932346344,0.0003523150226101,0.2326070815324783,0.0008623218163847,0.2288901805877685,0.0003114948631264,0.267458438873291,0.0019764036405831,0.2339339554309845,0.0006824642769061
332,0.0006869516219012,0.0024132172460667,deterministic_post_update_meta_query_loss,0.240416333079338,0.0193888694047927,2133.69800015504,0.001,0.2523280382156372,0.0002692218404263,0.2332129329442978,0.0008936573285609,0.2263034582138061,0.0003230678848922,0.2642190456390381,0.0010812509572133,0.2260181605815887,0.0008675600402057
333,0.0007844006759114,0.0028321520658209,deterministic_post_update_meta_query_loss,0.2439742535352707,0.0163134355098009,2140.110499561066,0.001,0.2588284313678741,0.0002865476708393,0.23581463098526,0.0008686515502631,0.2318089306354522,0.0002859607047867,0.2640532851219177,0.0015321952523663,0.2293660640716552,0.0009486480848863
334,0.0007738232961855,0.0022559336619451,deterministic_post_update_meta_query_loss,0.2426366358995437,0.0469770841300487,2146.6320899759885,0.001,0.2548893690109253,0.0004719370335806,0.2352869659662246,0.0009344420977868,0.231152594089508,0.0002937191457021,0.2631771266460418,0.0010511250002309,0.2286770343780517,0.0011178931454196
335,0.000860871921759,0.00296427893918,deterministic_post_update_meta_query_loss,0.2480222731828689,0.063222087919712,2153.025239356095,0.001,0.2501215636730194,0.0003849902714136,0.2424296140670776,0.000961736193858,0.2483524531126022,0.0009926392231136,0.2690878510475158,0.0012843149015679,0.2301198691129684,0.0006806793389841
336,0.0006824299343861,0.0024718331871554,deterministic_post_update_meta_query_loss,0.2436479777097702,0.0524488911032676,2159.439048776054,0.001,0.2591420710086822,0.0005490241455845,0.2334482669830322,0.0007885973318479,0.2319263219833374,0.0002486850717104,0.2621259689331054,0.0009308069129474,0.2315973043441772,0.0008950362098403
337,0.0007454855367541,0.0020291412831284,deterministic_post_update_meta_query_loss,0.2425923645496368,0.0136973690241575,2165.9112731360365,0.001,0.2532693743705749,0.0004646319139283,0.2319836467504501,0.0008239721064455,0.236860916018486,0.0002897549711633,0.2634029388427734,0.001215309719555,0.2274448722600937,0.0009337590890936
338,0.0007000998593866,0.0020201880019158,deterministic_post_update_meta_query_loss,0.2418280690908432,0.0295000784099102,2172.326905876049,0.001,0.2527696192264557,0.0003021349257323,0.2339847683906555,0.0007914049783721,0.2346543371677398,0.0004622729029506,0.2583264112472534,0.0011781883658841,0.2294050753116607,0.0007664982113055
339,0.0007212409982457,0.0023447051178663,deterministic_post_update_meta_query_loss,0.240835428237915,0.0300875920802354,2178.833978863084,0.001,0.2497065067291259,0.0003094560233876,0.2321387380361557,0.0007401111070066,0.2239792346954345,0.0002558776177465,0.2623447179794311,0.0016367912758141,0.2360078990459442,0.0006639687926508
340,0.0009368417668156,0.00295294043608,deterministic_post_update_meta_query_loss,0.2447143048048019,0.0039538596756756,2185.241967266076,0.001,0.2578299641609192,0.0003024699981324,0.2265503406524658,0.0008319187909364,0.2493403255939483,0.0007294912356883,0.2676926255226135,0.0013139125658199,0.2221582233905792,0.001506415894255
341,0.0008169140783138,0.0020276252063922,deterministic_post_update_meta_query_loss,0.2429819852113723,0.0790327116847038,2191.620346159092,0.001,0.2557570934295654,0.0005522555438801,0.2276529669761657,0.0012997442390769,0.2396882474422454,0.0002869407762773,0.2605957686901092,0.0009106979123316,0.2312159091234207,0.0010349317453801
342,0.0005810318398289,0.0021891283453442,deterministic_post_update_meta_query_loss,0.2399086952209472,0.005749671254307,2198.1099305890966,0.001,0.2603700459003448,0.0002894556091632,0.2322763502597808,0.0007621770491823,0.2258080244064331,0.0002478681853972,0.2546402215957641,0.0007615233189426,0.2264488339424133,0.0008441351237706
343,0.0010102269006893,0.0031793137313798,deterministic_post_update_meta_query_loss,0.2402146160602569,0.1487970203161239,2204.514144627028,0.001,0.2540628314018249,0.0005402621463872,0.2367192059755325,0.001623693620786,0.2284267097711563,0.0004757033311761,0.2559425234794616,0.0017143170116469,0.2259217798709869,0.0006971582770347
344,0.0007274419767782,0.0043263589031994,deterministic_post_update_meta_query_loss,0.2481418401002884,0.0641529485583305,2210.9280345090665,0.001,0.2580776214599609,0.0005191954551264,0.2396741211414337,0.0009777118684723,0.2443918287754058,0.0003144924121443,0.2636510133743286,0.0008042462868615,0.2349146604537964,0.0010215637739747
345,0.0009828913025557,0.0022213998134247,deterministic_post_update_meta_query_loss,0.2529191672801971,0.1113802120089531,2217.43823758699,0.001,0.2669686079025268,0.0007590040331706,0.2372727990150451,0.0013668307801708,0.2430881559848785,0.0003014043322764,0.278857409954071,0.0010448987595736,0.2384087443351745,0.0014423185493797
346,0.0006825426826253,0.0026181818218901,deterministic_post_update_meta_query_loss,0.2431639283895492,0.0169561449438333,2223.8237044420093,0.001,0.2558727264404297,0.00036408440792,0.2257831394672393,0.0010332772508263,0.2338771373033523,0.0002971957437694,0.2640897333621979,0.0010382225736975,0.2361969500780105,0.0006799332913942
347,0.0009472232195548,0.0020042674499563,deterministic_post_update_meta_query_loss,0.2382861673831939,0.1437600404024124,2230.301128591993,0.001,0.2460646331310272,0.0003130098048131,0.2364099323749542,0.0013261586427688,0.2251916825771331,0.0006660114158876,0.2527949213981628,0.0017342590726912,0.23096963763237,0.0006966770160943
348,0.0007080241339281,0.003119832649827,deterministic_post_update_meta_query_loss,0.239470824599266,0.0066508864983916,2236.695419316995,0.001,0.2526139318943023,0.0002743050572462,0.2283275127410888,0.0007194529753178,0.2213618755340576,0.0003217901394236,0.26498544216156,0.0014243458863347,0.2300653904676437,0.0008002266404218
349,0.0007174225756898,0.0037789550144225,deterministic_post_update_meta_query_loss,0.2490401268005371,0.0381914526224136,2243.075104738004,0.001,0.260829895734787,0.000388357497286,0.2346596270799636,0.0009501700405962,0.2408080399036407,0.0002783212112262,0.2676192224025726,0.001155340229161,0.2412839531898498,0.0008149237255565
350,0.0010279031703248,0.0019728508777916,deterministic_post_update_meta_query_loss,0.2472281455993652,0.1246273219585418,2249.596954067005,0.001,0.263906717300415,0.0006398864788934,0.2414896488189697,0.0010471623390913,0.2370974570512771,0.0003586639650166,0.2692603766918182,0.0008576739928685,0.2243864387273788,0.0022361290175467
351,0.0006059673032723,0.0025780859752558,deterministic_post_update_meta_query_loss,0.240534022450447,0.0425585396587848,2255.9813307590084,0.001,0.2569313943386078,0.0003026001504622,0.227025032043457,0.0007500657229684,0.2277360260486602,0.0003163343062624,0.2601825594902038,0.0009482844034209,0.23079514503479,0.0007125516422092
352,0.0008279960602521,0.001997583778575,deterministic_post_update_meta_query_loss,0.2346492260694503,0.1098379641771316,2262.494931303081,0.001,0.2492978423833847,0.000495649408549,0.2221307754516601,0.0006697921780869,0.2292128205299377,0.0007598929223604,0.2489288598299026,0.0015291129238903,0.2236758917570114,0.0006855327519588
353,0.0006558417808264,0.0038202420109882,deterministic_post_update_meta_query_loss,0.243051528930664,0.0305014289915561,2268.911328600021,0.001,0.255748450756073,0.0002841523673851,0.2316307127475738,0.0007945679244585,0.2357729524374008,0.0003704729897435,0.2604288458824157,0.0010470314882695,0.2316766679286956,0.0007829841342754
354,0.0008312989375554,0.0033434075769037,deterministic_post_update_meta_query_loss,0.2478054016828537,0.0969723388552665,2275.3064357620897,0.001,0.2616192698478699,0.0008377179619856,0.2454485297203064,0.0008785481331869,0.2310164123773574,0.0004308881179895,0.2676577568054199,0.0008370914147235,0.2332850843667984,0.0011722488561645
355,0.0007699284469708,0.00221480227774,deterministic_post_update_meta_query_loss,0.2495688945055008,0.0389040522277355,2281.805529795005,0.001,0.2693123817443847,0.000286503083771,0.2347148358821869,0.0010249839397147,0.2399055063724517,0.0002897754020523,0.2721669375896454,0.0009753248887136,0.2317447662353515,0.0012730547459796
356,0.0007367166690528,0.0020198337500914,deterministic_post_update_meta_query_loss,0.2464267760515213,0.0264669153839349,2288.2235897860955,0.001,0.258796751499176,0.0003541252226568,0.2396536767482757,0.0008244050550274,0.233739897608757,0.0003188743139617,0.2697808146476745,0.0013443689094856,0.2301627993583679,0.0008418098441325
357,0.0009988930542021,0.0023172810208052,deterministic_post_update_meta_query_loss,0.2414858788251876,0.0439774096012115,2294.7064530280186,0.001,0.2472649365663528,0.0005467741866596,0.2329562306404113,0.0007498912746086,0.2375133633613586,0.0006905774935148,0.2661927342414856,0.0020210221409797,0.2235021591186523,0.0009861999424174
358,0.0006600722554139,0.002476520196069,deterministic_post_update_meta_query_loss,0.2440281361341476,0.0144481817260384,2301.094482526998,0.001,0.2484703660011291,0.0004871097917202,0.2380223572254181,0.0007660692208446,0.2375035583972931,0.0002438147203065,0.2632932960987091,0.0010113398311659,0.2328511923551559,0.0007920275093056
359,0.0005935528315603,0.0026231165044009,deterministic_post_update_meta_query_loss,0.2458528131246566,0.0024484840687364,2307.4347625960363,0.001,0.2616649866104126,0.0002775425091385,0.2401875108480453,0.0007716612308286,0.2340178042650222,0.0002438186347717,0.2616203129291534,0.0009135174914263,0.2317734360694885,0.0007612243061885
360,0.0006760575925,0.0023985267500393,deterministic_post_update_meta_query_loss,0.2445398569107055,0.0181238632649183,2313.8962968060514,0.001,0.2588047981262207,0.0003193644806742,0.2301339209079742,0.0007807529182173,0.2324508428573608,0.0002298664476256,0.2691872119903564,0.0011230544187128,0.2321224808692932,0.0009272496099583
361,0.0008397796191275,0.0022874656366184,deterministic_post_update_meta_query_loss,0.2434728145599365,0.0040883724577724,2320.282030644012,0.001,0.2552491426467895,0.0002614509721752,0.2323800772428512,0.0007762445020489,0.2375899851322174,0.0004031244898214,0.2704911231994629,0.0011083647841587,0.2216537296772003,0.0016497133765369
362,0.0006613135337829,0.0020869320258498,deterministic_post_update_meta_query_loss,0.2432476282119751,0.0098324147984385,2326.71964359202,0.001,0.2470098435878753,0.0005088932230137,0.2361889779567718,0.0008400391088798,0.23904550075531,0.0003281857643742,0.261982798576355,0.0009484381880611,0.2320109605789184,0.0006810114136897
363,0.0005880173994228,0.0021986159146763,deterministic_post_update_meta_query_loss,0.2412449568510055,0.024614367634058,2333.071365377051,0.001,0.2551926076412201,0.0002733893925324,0.2285326719284057,0.000723719887901,0.2305253446102142,0.0002920496626757,0.258888840675354,0.0009511532844044,0.2330853641033172,0.0006997746531851
364,0.0007969666621647,0.0022287964471615,deterministic_post_update_meta_query_loss,0.2422322779893875,0.0070316046476364,2339.429169165087,0.001,0.2549222111701965,0.0002687454980332,0.2273814082145691,0.0008606390911154,0.2443916499614715,0.000567271199543,0.2577748298645019,0.0009750428725965,0.2266912460327148,0.0013131343293935
365,0.0007030841079540551,0.0025392161216586826,deterministic_post_update_meta_query_loss,0.2433909922838211,0.016280870884656906,6.234992363955826,0.001,0.2631371021270752,0.00035732099786400795,0.23115327954292297,0.0007655314402654767,0.23685632646083832,0.0003358981339260936,0.26066213846206665,0.000987254548817873,0.22514605522155762,0.001069415477104485
366,0.0007079872884787619,0.002432919584680349,deterministic_post_update_meta_query_loss,0.24331000447273254,0.023014061152935028,12.348202034947462,0.001,0.25929927825927734,0.00026742933550849557,0.23144249618053436,0.0006982235936447978,0.23442646861076355,0.0002508493489585817,0.2650061249732971,0.0009284905390813947,0.22637556493282318,0.001394943566992879
367,0.0007556670461781323,0.0022107883589342235,deterministic_post_update_meta_query_loss,0.24500761926174164,0.009518008679151535,18.62495868804399,0.001,0.26037710905075073,0.00034959494951181114,0.23578374087810516,0.0008220800082199275,0.2354367971420288,0.00037612809683196247,0.2690982222557068,0.0011082668788731098,0.22434210777282715,0.0011222651228308678
368,0.0006666996632702649,0.0021896492457017303,deterministic_post_update_meta_query_loss,0.24396608769893646,0.010769849643111229,24.852380817057565,0.001,0.2639664113521576,0.00031703858985565603,0.23213541507720947,0.0007447834359481931,0.23458272218704224,0.0002665913780219853,0.2639620006084442,0.0010133290197700262,0.22518384456634521,0.0009917558636516333
369,0.0007726108306087554,0.0025511387269943953,deterministic_post_update_meta_query_loss,0.2450016736984253,0.023320572450757027,31.122760097961873,0.001,0.2512473165988922,0.0003563453792594373,0.22998766601085663,0.0007906695827841759,0.24168023467063904,0.0004578448715619743,0.2700706124305725,0.0015307823196053505,0.2320224791765213,0.000727411825209856
370,0.0006612922879867256,0.0027885112212970853,deterministic_post_update_meta_query_loss,0.24582266807556152,0.009121594950556755,37.505685274954885,0.001,0.257918119430542,0.0003414414240978658,0.23371991515159607,0.0007765890914015472,0.2363826334476471,0.0002754148736130446,0.2668406665325165,0.0010278434492647648,0.23425203561782837,0.0008851724560372531
371,0.0006423937156796455,0.0020534331910312177,deterministic_post_update_meta_query_loss,0.2449585497379303,0.05444728583097458,43.80656203394756,0.001,0.2681606709957123,0.00039079313864931464,0.22586990892887115,0.0010150730377063155,0.23825415968894958,0.000230682227993384,0.2583535313606262,0.0007630199543200433,0.23415450751781464,0.0008124001324176788
372,0.0006885160109959543,0.0020360371563583612,deterministic_post_update_meta_query_loss,0.24162526428699493,0.003518845187500119,50.13875884003937,0.001,0.25898200273513794,0.00030683487420901656,0.2290470004081726,0.0007688574260100722,0.23143677413463593,0.0002438217488816008,0.26337122917175293,0.0011990813072770834,0.22528934478759766,0.0009239846258424222
373,0.001072493614628911,0.003383970563299954,deterministic_post_update_meta_query_loss,0.24156880378723145,0.13719573616981506,56.52459197095595,0.001,0.25344014167785645,0.00036653276765719056,0.22368484735488892,0.0006978653836995363,0.23569786548614502,0.0008961210842244327,0.2702319025993347,0.0026871832087635994,0.22478929162025452,0.000714765046723187
374,0.0008025904535315931,0.0040589037351310255,deterministic_post_update_meta_query_loss,0.24591104686260223,0.07467157393693924,62.864223017008044,0.001,0.2549229860305786,0.0006408905610442162,0.24138861894607544,0.0007653270149603486,0.23908859491348267,0.0002835679624695331,0.2671857178211212,0.0009481761953793466,0.22696930170059204,0.0013749904464930296
375,0.0010639429092407227,0.0019751368556171654,deterministic_post_update_meta_query_loss,0.24484434723854065,0.1332043707370758,69.34206739102956,0.001,0.257269024848938,0.0008547563920728862,0.22952869534492493,0.0015552293043583632,0.23805129528045654,0.0003603785880841315,0.2716822922229767,0.0008245360222645104,0.22769032418727875,0.0017248145304620266
376,0.0007284136372618377,0.002805244619958103,deterministic_post_update_meta_query_loss,0.23979869484901428,0.04117201268672943,75.69500987394713,0.001,0.2630894184112549,0.0005308237159624696,0.2214832305908203,0.000629832036793232,0.22751639783382416,0.00023008779680822045,0.25987568497657776,0.0013877933379262686,0.22702865302562714,0.0008635313133709133
377,0.0012888488126918674,0.00234357884619385,deterministic_post_update_meta_query_loss,0.23691511154174805,0.16117702424526215,82.06291143596172,0.001,0.25251996517181396,0.0003722397377714515,0.22442233562469482,0.0009587786626070738,0.23193523287773132,0.0011354127200320363,0.26299676299095154,0.0029323985800147057,0.2127012014389038,0.0010454137809574604
378,0.0008463822305202484,0.004318847181275487,deterministic_post_update_meta_query_loss,0.24329018592834473,0.026697905734181404,88.51818420505151,0.001,0.25229978561401367,0.0004999922239221632,0.23330140113830566,0.0007965671247802675,0.2402876317501068,0.00043513995478861034,0.26555973291397095,0.0010755601106211543,0.22500242292881012,0.0014246517093852162
379,0.0008571628713980317,0.0032544579124078156,deterministic_post_update_meta_query_loss,0.24809019267559052,0.10020612925291061,94.84575413505081,0.001,0.2578834891319275,0.0009529814124107361,0.241033136844635,0.0008515711524523795,0.24084419012069702,0.00028236806974746287,0.26768067479133606,0.0007892990834079683,0.2330094873905182,0.0014095944352447987
380,0.0008157322299666703,0.002082327613607049,deterministic_post_update_meta_query_loss,0.24532245099544525,0.08587990701198578,101.23105936299544,0.001,0.2611147165298462,0.0006631622673012316,0.23842290043830872,0.000799020694103092,0.23442739248275757,0.00025629298761487007,0.2646833062171936,0.000862770713865757,0.22796383500099182,0.001497414312325418
