2026-08-30 16:23:04,481 | INFO | start fold=0 device=cuda parameters=886228 train=108 validation=27 horizons=[100, 120, 140, 160, 180, 200, 220, 240, 260, 280, 300] q_points=256 context=[8,16] query=8 target=lifetime delta_soh=false paired_horizons=False consistency_weight=0 consistency_gap=20
2026-08-30 16:23:04,481 | INFO | train_scalers cycle=300 soh=0.96513+-0.017554 voltage=2.7644+-0.46937 current=3.2253+-1.5022 lifetime=763.96+-315.73
2026-08-30 16:23:04,651 | INFO | step=1/20000 loss=1.09588 nll=1.09587 kl=0.0481867 consistency=0 lambda=0 beta=0.0002 grad=2.014508 horizon=300 lifetime=[462,1045] skipped=False
2026-08-30 16:23:05,390 | INFO | step=10/20000 loss=1.137767 nll=1.137731 kl=0.01809131 consistency=0 lambda=0 beta=0.002 grad=0.8398439 horizon=100 lifetime=[465,1091] skipped=False
2026-08-30 16:23:05,834 | INFO | step=20/20000 loss=0.9069729 nll=0.9068784 kl=0.02363517 consistency=0 lambda=0 beta=0.004 grad=1.324572 horizon=140 lifetime=[484,988] skipped=False
2026-08-30 16:23:06,241 | INFO | step=30/20000 loss=1.308643 nll=1.308602 kl=0.006819234 consistency=0 lambda=0 beta=0.006 grad=1.648497 horizon=220 lifetime=[443,1152] skipped=False
2026-08-30 16:23:06,612 | INFO | step=40/20000 loss=0.8554312 nll=0.8553942 kl=0.004628399 consistency=0 lambda=0 beta=0.008 grad=1.209862 horizon=120 lifetime=[455,1081] skipped=False
2026-08-30 16:23:07,025 | INFO | step=50/20000 loss=1.044549 nll=1.044425 kl=0.01235333 consistency=0 lambda=0 beta=0.01 grad=1.040047 horizon=260 lifetime=[479,1038] skipped=False
2026-08-30 16:23:07,424 | INFO | step=60/20000 loss=0.9822023 nll=0.9819608 kl=0.02012624 consistency=0 lambda=0 beta=0.012 grad=1.130451 horizon=260 lifetime=[458,1007] skipped=False
2026-08-30 16:23:07,790 | INFO | step=70/20000 loss=1.115944 nll=1.1156 kl=0.02457952 consistency=0 lambda=0 beta=0.014 grad=1.453003 horizon=140 lifetime=[443,1055] skipped=False
2026-08-30 16:23:08,209 | INFO | step=80/20000 loss=0.9964235 nll=0.9962798 kl=0.008980441 consistency=0 lambda=0 beta=0.016 grad=0.6489223 horizon=300 lifetime=[476,1015] skipped=False
2026-08-30 16:23:08,601 | INFO | step=90/20000 loss=0.9705154 nll=0.9703417 kl=0.009653922 consistency=0 lambda=0 beta=0.018 grad=1.997936 horizon=160 lifetime=[461,988] skipped=False
2026-08-30 16:23:08,997 | INFO | step=100/20000 loss=1.060869 nll=1.059575 kl=0.0647173 consistency=0 lambda=0 beta=0.02 grad=1.545933 horizon=140 lifetime=[467,1152] skipped=False
2026-08-30 16:23:09,404 | INFO | step=110/20000 loss=1.187603 nll=1.186405 kl=0.05448568 consistency=0 lambda=0 beta=0.022 grad=5.975289 horizon=120 lifetime=[470,1081] skipped=False
2026-08-30 16:23:09,780 | INFO | step=120/20000 loss=0.8713006 nll=0.8709997 kl=0.01253993 consistency=0 lambda=0 beta=0.024 grad=8.86449 horizon=160 lifetime=[455,1154] skipped=False
2026-08-30 16:23:10,171 | INFO | step=130/20000 loss=1.324223 nll=1.318475 kl=0.2211037 consistency=0 lambda=0 beta=0.026 grad=3.202818 horizon=280 lifetime=[299,1635] skipped=False
2026-08-30 16:23:10,567 | INFO | step=140/20000 loss=3.013223 nll=3.012101 kl=0.0400857 consistency=0 lambda=0 beta=0.028 grad=13.86583 horizon=120 lifetime=[467,2154] skipped=False
2026-08-30 16:23:10,966 | INFO | step=150/20000 loss=0.9069913 nll=0.8979167 kl=0.3024875 consistency=0 lambda=0 beta=0.03 grad=4.079508 horizon=260 lifetime=[299,1156] skipped=False
2026-08-30 16:23:11,315 | INFO | step=160/20000 loss=0.7700791 nll=0.7669482 kl=0.09784159 consistency=0 lambda=0 beta=0.032 grad=7.030861 horizon=140 lifetime=[614,1081] skipped=False
2026-08-30 16:23:11,720 | INFO | step=170/20000 loss=0.5011892 nll=0.5006986 kl=0.01442958 consistency=0 lambda=0 beta=0.034 grad=2.990276 horizon=280 lifetime=[428,988] skipped=False
2026-08-30 16:23:12,124 | INFO | step=180/20000 loss=2.645282 nll=2.639026 kl=0.1737834 consistency=0 lambda=0 beta=0.036 grad=33.00051 horizon=220 lifetime=[484,2154] skipped=False
2026-08-30 16:23:12,517 | INFO | step=190/20000 loss=0.4908077 nll=0.4900838 kl=0.01905235 consistency=0 lambda=0 beta=0.038 grad=3.997214 horizon=240 lifetime=[428,1152] skipped=False
2026-08-30 16:23:12,882 | INFO | step=200/20000 loss=0.6997001 nll=0.699219 kl=0.01202881 consistency=0 lambda=0 beta=0.04 grad=44.57544 horizon=120 lifetime=[453,991] skipped=False
2026-08-30 16:23:13,272 | INFO | step=210/20000 loss=0.2367584 nll=0.2361109 kl=0.01541815 consistency=0 lambda=0 beta=0.042 grad=12.71497 horizon=240 lifetime=[464,1055] skipped=False
2026-08-30 16:23:13,684 | INFO | step=220/20000 loss=1.669681 nll=1.667868 kl=0.04121584 consistency=0 lambda=0 beta=0.044 grad=18.72122 horizon=180 lifetime=[486,2154] skipped=False
2026-08-30 16:23:14,080 | INFO | step=230/20000 loss=0.5667452 nll=0.5644307 kl=0.0503169 consistency=0 lambda=0 beta=0.046 grad=15.26894 horizon=280 lifetime=[458,1091] skipped=False
2026-08-30 16:23:14,467 | INFO | step=240/20000 loss=0.862679 nll=0.8586193 kl=0.08457621 consistency=0 lambda=0 beta=0.048 grad=100.899 horizon=240 lifetime=[750,1012] skipped=False
2026-08-30 16:23:14,835 | INFO | step=250/20000 loss=1.386503 nll=1.385957 kl=0.0109351 consistency=0 lambda=0 beta=0.05 grad=inf horizon=120 lifetime=[299,1154] skipped=True
2026-08-30 16:23:15,208 | INFO | step=260/20000 loss=0.378482 nll=0.3778944 kl=0.01129951 consistency=0 lambda=0 beta=0.052 grad=68.50483 horizon=140 lifetime=[458,1049] skipped=False
2026-08-30 16:23:15,622 | INFO | step=270/20000 loss=1.102729 nll=1.102201 kl=0.009772574 consistency=0 lambda=0 beta=0.054 grad=59.25235 horizon=260 lifetime=[614,1055] skipped=False
2026-08-30 16:23:16,014 | INFO | step=280/20000 loss=0.9077709 nll=0.9074484 kl=0.005759901 consistency=0 lambda=0 beta=0.056 grad=19.69592 horizon=300 lifetime=[460,1858] skipped=False
2026-08-30 16:23:16,383 | INFO | step=290/20000 loss=0.4349222 nll=0.433993 kl=0.01602203 consistency=0 lambda=0 beta=0.058 grad=96.62247 horizon=120 lifetime=[453,1156] skipped=False
2026-08-30 16:23:16,750 | INFO | step=300/20000 loss=2.176996 nll=2.170238 kl=0.1126394 consistency=0 lambda=0 beta=0.06 grad=21.73531 horizon=100 lifetime=[464,2154] skipped=False
2026-08-30 16:23:17,110 | INFO | step=310/20000 loss=1.004172 nll=0.9981481 kl=0.0971573 consistency=0 lambda=0 beta=0.062 grad=102.445 horizon=240 lifetime=[462,1049] skipped=False
2026-08-30 16:23:17,519 | INFO | step=320/20000 loss=0.9404877 nll=0.9402834 kl=0.003192988 consistency=0 lambda=0 beta=0.064 grad=32.98957 horizon=280 lifetime=[501,1858] skipped=False
2026-08-30 16:23:17,871 | INFO | step=330/20000 loss=0.9308202 nll=0.9295805 kl=0.01878336 consistency=0 lambda=0 beta=0.066 grad=14.34028 horizon=140 lifetime=[147,991] skipped=False
2026-08-30 16:23:18,271 | INFO | step=340/20000 loss=0.4477323 nll=0.4458674 kl=0.02742493 consistency=0 lambda=0 beta=0.068 grad=45.60458 horizon=240 lifetime=[455,1081] skipped=False
2026-08-30 16:23:18,639 | INFO | step=350/20000 loss=0.1531892 nll=0.1515003 kl=0.02412785 consistency=0 lambda=0 beta=0.07 grad=15.7786 horizon=240 lifetime=[479,1091] skipped=False
2026-08-30 16:23:18,989 | INFO | step=360/20000 loss=0.2298318 nll=0.226633 kl=0.04442777 consistency=0 lambda=0 beta=0.072 grad=86.66349 horizon=180 lifetime=[437,863] skipped=False
2026-08-30 16:23:19,423 | INFO | step=370/20000 loss=0.5730104 nll=0.5675526 kl=0.0737535 consistency=0 lambda=0 beta=0.074 grad=54.69496 horizon=280 lifetime=[491,1055] skipped=False
2026-08-30 16:23:19,812 | INFO | step=380/20000 loss=0.006783304 nll=0.003797527 kl=0.03928653 consistency=0 lambda=0 beta=0.076 grad=32.97023 horizon=200 lifetime=[299,1091] skipped=False
2026-08-30 16:23:20,197 | INFO | step=390/20000 loss=0.005226787 nll=0.004397504 kl=0.01063183 consistency=0 lambda=0 beta=0.078 grad=9.048376 horizon=280 lifetime=[486,1015] skipped=False
2026-08-30 16:23:20,552 | INFO | step=400/20000 loss=0.8195171 nll=0.8164828 kl=0.03792911 consistency=0 lambda=0 beta=0.08 grad=147.8193 horizon=260 lifetime=[559,1152] skipped=False
2026-08-30 16:23:20,993 | INFO | step=410/20000 loss=0.8674661 nll=0.8648313 kl=0.0321314 consistency=0 lambda=0 beta=0.082 grad=74.06156 horizon=220 lifetime=[461,909] skipped=False
2026-08-30 16:23:21,398 | INFO | step=420/20000 loss=1.08249 nll=1.078184 kl=0.05125297 consistency=0 lambda=0 beta=0.084 grad=43.61932 horizon=160 lifetime=[461,1932] skipped=False
2026-08-30 16:23:21,752 | INFO | step=430/20000 loss=0.5116721 nll=0.5098677 kl=0.0209819 consistency=0 lambda=0 beta=0.086 grad=17.52713 horizon=260 lifetime=[498,988] skipped=False
2026-08-30 16:23:22,181 | INFO | step=440/20000 loss=0.185421 nll=0.1837315 kl=0.01919938 consistency=0 lambda=0 beta=0.088 grad=56.61462 horizon=160 lifetime=[476,1045] skipped=False
2026-08-30 16:23:22,554 | INFO | step=450/20000 loss=0.2063813 nll=0.1968672 kl=0.1057122 consistency=0 lambda=0 beta=0.09 grad=32.54654 horizon=180 lifetime=[458,1055] skipped=False
2026-08-30 16:23:22,952 | INFO | step=460/20000 loss=1.201169 nll=1.198128 kl=0.03305943 consistency=0 lambda=0 beta=0.092 grad=23.97332 horizon=260 lifetime=[508,1932] skipped=False
2026-08-30 16:23:23,358 | INFO | step=470/20000 loss=0.3739078 nll=0.3715305 kl=0.02529017 consistency=0 lambda=0 beta=0.094 grad=14.47121 horizon=280 lifetime=[467,1858] skipped=False
2026-08-30 16:23:23,757 | INFO | step=480/20000 loss=-0.005480323 nll=-0.007047936 kl=0.0163293 consistency=0 lambda=0 beta=0.096 grad=14.07585 horizon=180 lifetime=[461,1091] skipped=False
2026-08-30 16:23:24,147 | INFO | step=490/20000 loss=1.139297 nll=1.13003 kl=0.09456374 consistency=0 lambda=0 beta=0.098 grad=18.44349 horizon=120 lifetime=[498,2154] skipped=False
2026-08-30 16:23:24,967 | INFO | validation step=500 rmse=240.736 best=240.736@500 stale=0/10
2026-08-30 16:23:24,967 | INFO | step=500/20000 loss=0.1551937 nll=0.1536464 kl=0.01547362 consistency=0 lambda=0 beta=0.1 grad=37.3313 horizon=140 lifetime=[464,1076] skipped=False
2026-08-30 16:23:25,381 | INFO | step=510/20000 loss=0.3550307 nll=0.3528038 kl=0.02183299 consistency=0 lambda=0 beta=0.102 grad=26.56191 horizon=180 lifetime=[437,828] skipped=False
2026-08-30 16:23:25,749 | INFO | step=520/20000 loss=0.6094356 nll=0.6077816 kl=0.01590347 consistency=0 lambda=0 beta=0.104 grad=94.19077 horizon=120 lifetime=[458,1052] skipped=False
2026-08-30 16:23:26,147 | INFO | step=530/20000 loss=0.04008693 nll=0.03971326 kl=0.003525236 consistency=0 lambda=0 beta=0.106 grad=54.75701 horizon=300 lifetime=[465,1049] skipped=False
2026-08-30 16:23:26,545 | INFO | step=540/20000 loss=0.368792 nll=0.3677613 kl=0.009543505 consistency=0 lambda=0 beta=0.108 grad=55.70177 horizon=260 lifetime=[508,1156] skipped=False
2026-08-30 16:23:26,905 | INFO | step=550/20000 loss=0.7999232 nll=0.795874 kl=0.03681055 consistency=0 lambda=0 beta=0.11 grad=49.78819 horizon=140 lifetime=[147,1045] skipped=False
2026-08-30 16:23:27,273 | INFO | step=560/20000 loss=0.05449822 nll=0.0534683 kl=0.009195667 consistency=0 lambda=0 beta=0.112 grad=21.23073 horizon=220 lifetime=[462,1055] skipped=False
2026-08-30 16:23:27,692 | INFO | step=570/20000 loss=0.3338173 nll=0.3277391 kl=0.05331781 consistency=0 lambda=0 beta=0.114 grad=34.86396 horizon=200 lifetime=[476,1052] skipped=False
2026-08-30 16:23:28,119 | INFO | step=580/20000 loss=-0.2459447 nll=-0.2484003 kl=0.02116894 consistency=0 lambda=0 beta=0.116 grad=20.19012 horizon=200 lifetime=[460,1052] skipped=False
2026-08-30 16:23:28,517 | INFO | step=590/20000 loss=1.04059 nll=1.039038 kl=0.01314868 consistency=0 lambda=0 beta=0.118 grad=45.26235 horizon=300 lifetime=[428,1932] skipped=False
2026-08-30 16:23:28,931 | INFO | step=600/20000 loss=0.7647725 nll=0.7625354 kl=0.01864283 consistency=0 lambda=0 beta=0.12 grad=8.173172 horizon=280 lifetime=[501,2154] skipped=False
2026-08-30 16:23:29,343 | INFO | step=610/20000 loss=0.1369365 nll=0.1355264 kl=0.01155808 consistency=0 lambda=0 beta=0.122 grad=29.09253 horizon=220 lifetime=[443,938] skipped=False
2026-08-30 16:23:29,767 | INFO | step=620/20000 loss=-0.1840316 nll=-0.1866502 kl=0.02111785 consistency=0 lambda=0 beta=0.124 grad=32.07402 horizon=300 lifetime=[455,1045] skipped=False
2026-08-30 16:23:30,130 | INFO | step=630/20000 loss=-0.2631446 nll=-0.2640861 kl=0.007471753 consistency=0 lambda=0 beta=0.126 grad=39.11512 horizon=200 lifetime=[453,938] skipped=False
2026-08-30 16:23:30,508 | INFO | step=640/20000 loss=0.8203573 nll=0.775723 kl=0.3487055 consistency=0 lambda=0 beta=0.128 grad=31.5133 horizon=100 lifetime=[467,915] skipped=False
2026-08-30 16:23:30,895 | INFO | step=650/20000 loss=0.09950223 nll=0.09864839 kl=0.006567959 consistency=0 lambda=0 beta=0.13 grad=49.67952 horizon=240 lifetime=[443,1156] skipped=False
2026-08-30 16:23:31,323 | INFO | step=660/20000 loss=0.4819385 nll=0.481283 kl=0.004965372 consistency=0 lambda=0 beta=0.132 grad=59.72655 horizon=300 lifetime=[465,1038] skipped=False
2026-08-30 16:23:31,706 | INFO | step=670/20000 loss=-0.392709 nll=-0.3948592 kl=0.01604645 consistency=0 lambda=0 beta=0.134 grad=22.35211 horizon=300 lifetime=[437,875] skipped=False
2026-08-30 16:23:32,091 | INFO | step=680/20000 loss=-0.2425524 nll=-0.2480825 kl=0.04066275 consistency=0 lambda=0 beta=0.136 grad=8.02569 horizon=200 lifetime=[508,1012] skipped=False
2026-08-30 16:23:32,518 | INFO | step=690/20000 loss=-0.2161147 nll=-0.216352 kl=0.001719819 consistency=0 lambda=0 beta=0.138 grad=27.5872 horizon=300 lifetime=[464,988] skipped=False
2026-08-30 16:23:32,880 | INFO | step=700/20000 loss=0.05558675 nll=0.05002999 kl=0.03969111 consistency=0 lambda=0 beta=0.14 grad=81.75466 horizon=180 lifetime=[486,1156] skipped=False
2026-08-30 16:23:33,274 | INFO | step=710/20000 loss=0.3910519 nll=0.3856416 kl=0.03810102 consistency=0 lambda=0 beta=0.142 grad=34.86074 horizon=260 lifetime=[526,1858] skipped=False
2026-08-30 16:23:33,638 | INFO | step=720/20000 loss=-0.06808843 nll=-0.07092078 kl=0.01966908 consistency=0 lambda=0 beta=0.144 grad=10.90128 horizon=240 lifetime=[460,988] skipped=False
2026-08-30 16:23:34,039 | INFO | step=730/20000 loss=0.8480609 nll=0.8443979 kl=0.02508914 consistency=0 lambda=0 beta=0.146 grad=69.11174 horizon=200 lifetime=[437,1045] skipped=False
2026-08-30 16:23:34,439 | INFO | step=740/20000 loss=-0.08702482 nll=-0.08925599 kl=0.01507552 consistency=0 lambda=0 beta=0.148 grad=46.84809 horizon=220 lifetime=[464,868] skipped=False
2026-08-30 16:23:34,814 | INFO | step=750/20000 loss=0.5525553 nll=0.5498687 kl=0.01791031 consistency=0 lambda=0 beta=0.15 grad=65.43729 horizon=180 lifetime=[461,1091] skipped=False
2026-08-30 16:23:35,193 | INFO | step=760/20000 loss=0.7986529 nll=0.7962942 kl=0.01551748 consistency=0 lambda=0 beta=0.152 grad=123.3864 horizon=180 lifetime=[461,1858] skipped=False
2026-08-30 16:23:35,590 | INFO | step=770/20000 loss=0.614512 nll=0.6034055 kl=0.07212061 consistency=0 lambda=0 beta=0.154 grad=47.80199 horizon=180 lifetime=[742,988] skipped=False
2026-08-30 16:23:36,031 | INFO | step=780/20000 loss=0.971532 nll=0.9676445 kl=0.02491955 consistency=0 lambda=0 beta=0.156 grad=71.34737 horizon=140 lifetime=[476,1858] skipped=False
2026-08-30 16:23:36,443 | INFO | step=790/20000 loss=1.544243 nll=1.537757 kl=0.04105309 consistency=0 lambda=0 beta=0.158 grad=143.8407 horizon=220 lifetime=[826,1932] skipped=False
2026-08-30 16:23:36,835 | INFO | step=800/20000 loss=0.3733941 nll=0.3723583 kl=0.006473999 consistency=0 lambda=0 beta=0.16 grad=70.18646 horizon=140 lifetime=[465,1635] skipped=False
2026-08-30 16:23:37,249 | INFO | step=810/20000 loss=-0.08050855 nll=-0.08312147 kl=0.01612912 consistency=0 lambda=0 beta=0.162 grad=18.99173 horizon=240 lifetime=[500,1052] skipped=False
2026-08-30 16:23:37,654 | INFO | step=820/20000 loss=0.4991161 nll=0.4980872 kl=0.006273871 consistency=0 lambda=0 beta=0.164 grad=21.53253 horizon=140 lifetime=[476,991] skipped=False
2026-08-30 16:23:37,993 | INFO | step=830/20000 loss=0.3490057 nll=0.3474951 kl=0.00910015 consistency=0 lambda=0 beta=0.166 grad=8.775186 horizon=160 lifetime=[467,1025] skipped=False
2026-08-30 16:23:38,378 | INFO | step=840/20000 loss=0.443703 nll=0.4401288 kl=0.02127484 consistency=0 lambda=0 beta=0.168 grad=8.286459 horizon=260 lifetime=[467,1858] skipped=False
2026-08-30 16:23:38,778 | INFO | step=850/20000 loss=-0.1592503 nll=-0.1606107 kl=0.008002343 consistency=0 lambda=0 beta=0.17 grad=93.95473 horizon=200 lifetime=[437,1055] skipped=False
2026-08-30 16:23:39,196 | INFO | step=860/20000 loss=0.8066217 nll=0.8051976 kl=0.00827954 consistency=0 lambda=0 beta=0.172 grad=64.43429 horizon=180 lifetime=[428,1052] skipped=False
2026-08-30 16:23:39,553 | INFO | step=870/20000 loss=0.6468544 nll=0.6450177 kl=0.01055551 consistency=0 lambda=0 beta=0.174 grad=84.9511 horizon=280 lifetime=[464,1932] skipped=False
2026-08-30 16:23:39,961 | INFO | step=880/20000 loss=0.9333487 nll=0.9323525 kl=0.00565994 consistency=0 lambda=0 beta=0.176 grad=69.26373 horizon=200 lifetime=[437,1858] skipped=False
2026-08-30 16:23:40,371 | INFO | step=890/20000 loss=0.3459493 nll=0.3430167 kl=0.01647564 consistency=0 lambda=0 beta=0.178 grad=26.46029 horizon=180 lifetime=[476,1076] skipped=False
2026-08-30 16:23:40,757 | INFO | step=900/20000 loss=0.06793089 nll=0.05979988 kl=0.04517228 consistency=0 lambda=0 beta=0.18 grad=35.56955 horizon=220 lifetime=[455,1156] skipped=False
2026-08-30 16:23:41,149 | INFO | step=910/20000 loss=0.3017634 nll=0.2962538 kl=0.03027253 consistency=0 lambda=0 beta=0.182 grad=48.10478 horizon=180 lifetime=[465,1038] skipped=False
2026-08-30 16:23:41,524 | INFO | step=920/20000 loss=-0.1172669 nll=-0.1210204 kl=0.0203995 consistency=0 lambda=0 beta=0.184 grad=22.95281 horizon=280 lifetime=[470,991] skipped=False
2026-08-30 16:23:41,942 | INFO | step=930/20000 loss=0.8920804 nll=0.8902293 kl=0.009952097 consistency=0 lambda=0 beta=0.186 grad=75.46371 horizon=240 lifetime=[428,1932] skipped=False
2026-08-30 16:23:42,335 | INFO | step=940/20000 loss=0.4108341 nll=0.4084113 kl=0.01288751 consistency=0 lambda=0 beta=0.188 grad=36.97846 horizon=180 lifetime=[461,1635] skipped=False
2026-08-30 16:23:42,737 | INFO | step=950/20000 loss=1.400915 nll=1.397619 kl=0.01734907 consistency=0 lambda=0 beta=0.19 grad=122.1266 horizon=100 lifetime=[299,1000] skipped=False
2026-08-30 16:23:43,130 | INFO | step=960/20000 loss=0.06026853 nll=0.05861817 kl=0.008595662 consistency=0 lambda=0 beta=0.192 grad=29.23507 horizon=220 lifetime=[462,1049] skipped=False
2026-08-30 16:23:43,512 | INFO | step=970/20000 loss=0.2854388 nll=0.2823452 kl=0.0159466 consistency=0 lambda=0 beta=0.194 grad=16.36398 horizon=260 lifetime=[501,770] skipped=False
2026-08-30 16:23:43,921 | INFO | step=980/20000 loss=0.7377759 nll=0.7344525 kl=0.01695614 consistency=0 lambda=0 beta=0.196 grad=36.05338 horizon=100 lifetime=[458,1025] skipped=False
2026-08-30 16:23:44,307 | INFO | step=990/20000 loss=-0.1958204 nll=-0.1989833 kl=0.01597445 consistency=0 lambda=0 beta=0.198 grad=51.88306 horizon=180 lifetime=[455,1015] skipped=False
2026-08-30 16:23:45,002 | INFO | validation step=1000 rmse=225.7191 best=225.7191@1000 stale=0/10
2026-08-30 16:23:45,002 | INFO | step=1000/20000 loss=0.6470633 nll=0.6447434 kl=0.01159914 consistency=0 lambda=0 beta=0.2 grad=57.17403 horizon=120 lifetime=[299,1152] skipped=False
2026-08-30 16:23:45,431 | INFO | step=1010/20000 loss=0.9857992 nll=0.9797287 kl=0.03005188 consistency=0 lambda=0 beta=0.202 grad=15.60723 horizon=100 lifetime=[461,1932] skipped=False
2026-08-30 16:23:45,820 | INFO | step=1020/20000 loss=-0.03497526 nll=-0.03562116 kl=0.003166151 consistency=0 lambda=0 beta=0.204 grad=63.34093 horizon=200 lifetime=[462,836] skipped=False
2026-08-30 16:23:46,303 | INFO | step=1030/20000 loss=0.1444728 nll=0.142833 kl=0.007960268 consistency=0 lambda=0 beta=0.206 grad=63.09591 horizon=200 lifetime=[299,1154] skipped=False
2026-08-30 16:23:46,720 | INFO | step=1040/20000 loss=0.1923908 nll=0.1898178 kl=0.01237025 consistency=0 lambda=0 beta=0.208 grad=20.18086 horizon=140 lifetime=[458,1076] skipped=False
2026-08-30 16:23:47,100 | INFO | step=1050/20000 loss=0.4597137 nll=0.4544878 kl=0.02488519 consistency=0 lambda=0 beta=0.21 grad=63.37893 horizon=100 lifetime=[455,871] skipped=False
2026-08-30 16:23:47,484 | INFO | step=1060/20000 loss=0.02900723 nll=0.02783723 kl=0.005518856 consistency=0 lambda=0 beta=0.212 grad=29.58032 horizon=260 lifetime=[460,1156] skipped=False
2026-08-30 16:23:47,854 | INFO | step=1070/20000 loss=0.7333829 nll=0.7253712 kl=0.03743789 consistency=0 lambda=0 beta=0.214 grad=9.942935 horizon=100 lifetime=[518,1156] skipped=False
2026-08-30 16:23:48,252 | INFO | step=1080/20000 loss=0.193079 nll=0.1887303 kl=0.02013282 consistency=0 lambda=0 beta=0.216 grad=49.25467 horizon=220 lifetime=[539,1076] skipped=False
2026-08-30 16:23:48,665 | INFO | step=1090/20000 loss=0.3154296 nll=0.3124666 kl=0.01359191 consistency=0 lambda=0 beta=0.218 grad=35.57248 horizon=220 lifetime=[458,1000] skipped=False
2026-08-30 16:23:49,098 | INFO | step=1100/20000 loss=1.394508 nll=1.393739 kl=0.003497317 consistency=0 lambda=0 beta=0.22 grad=193.3282 horizon=160 lifetime=[533,1932] skipped=False
2026-08-30 16:23:49,493 | INFO | step=1110/20000 loss=0.1312329 nll=0.1295198 kl=0.007716704 consistency=0 lambda=0 beta=0.222 grad=31.40193 horizon=260 lifetime=[443,991] skipped=False
2026-08-30 16:23:49,953 | INFO | step=1120/20000 loss=-0.3666823 nll=-0.3736429 kl=0.0310741 consistency=0 lambda=0 beta=0.224 grad=31.95201 horizon=300 lifetime=[443,1156] skipped=False
2026-08-30 16:23:50,347 | INFO | step=1130/20000 loss=0.200452 nll=0.1995271 kl=0.00409211 consistency=0 lambda=0 beta=0.226 grad=20.18218 horizon=140 lifetime=[443,1858] skipped=False
2026-08-30 16:23:50,746 | INFO | step=1140/20000 loss=0.5929781 nll=0.5912073 kl=0.00776658 consistency=0 lambda=0 beta=0.228 grad=64.1886 horizon=260 lifetime=[437,930] skipped=False
2026-08-30 16:23:51,132 | INFO | step=1150/20000 loss=0.648833 nll=0.6478586 kl=0.004236215 consistency=0 lambda=0 beta=0.23 grad=92.33792 horizon=220 lifetime=[462,1025] skipped=False
2026-08-30 16:23:51,504 | INFO | step=1160/20000 loss=-0.07947181 nll=-0.0803735 kl=0.003886609 consistency=0 lambda=0 beta=0.232 grad=19.90739 horizon=220 lifetime=[462,1152] skipped=False
2026-08-30 16:23:51,900 | INFO | step=1170/20000 loss=0.1649055 nll=0.1639199 kl=0.004212019 consistency=0 lambda=0 beta=0.234 grad=31.62444 horizon=280 lifetime=[467,1858] skipped=False
2026-08-30 16:23:52,289 | INFO | step=1180/20000 loss=0.6206796 nll=0.5968992 kl=0.1007644 consistency=0 lambda=0 beta=0.236 grad=58.69487 horizon=100 lifetime=[486,915] skipped=False
2026-08-30 16:23:52,698 | INFO | step=1190/20000 loss=0.6891758 nll=0.6862565 kl=0.01226575 consistency=0 lambda=0 beta=0.238 grad=38.14738 horizon=140 lifetime=[147,1049] skipped=False
2026-08-30 16:23:53,109 | INFO | step=1200/20000 loss=0.7504774 nll=0.7487624 kl=0.007145606 consistency=0 lambda=0 beta=0.24 grad=87.85142 horizon=120 lifetime=[465,988] skipped=False
2026-08-30 16:23:53,501 | INFO | step=1210/20000 loss=0.623552 nll=0.6212162 kl=0.009652225 consistency=0 lambda=0 beta=0.242 grad=76.47739 horizon=100 lifetime=[443,1156] skipped=False
2026-08-30 16:23:53,889 | INFO | step=1220/20000 loss=0.4962088 nll=0.4944556 kl=0.007185171 consistency=0 lambda=0 beta=0.244 grad=79.77596 horizon=220 lifetime=[560,1000] skipped=False
2026-08-30 16:23:54,294 | INFO | step=1230/20000 loss=0.007168489 nll=0.00145413 kl=0.0232291 consistency=0 lambda=0 beta=0.246 grad=9.633877 horizon=140 lifetime=[453,2154] skipped=False
2026-08-30 16:23:54,694 | INFO | step=1240/20000 loss=1.304334 nll=1.302043 kl=0.009239126 consistency=0 lambda=0 beta=0.248 grad=152.3586 horizon=100 lifetime=[491,1932] skipped=False
2026-08-30 16:23:55,120 | INFO | step=1250/20000 loss=0.123831 nll=0.1212829 kl=0.01019211 consistency=0 lambda=0 beta=0.25 grad=23.55494 horizon=280 lifetime=[482,988] skipped=False
2026-08-30 16:23:55,504 | INFO | step=1260/20000 loss=-0.0514009 nll=-0.05609693 kl=0.01863501 consistency=0 lambda=0 beta=0.252 grad=30.56632 horizon=120 lifetime=[461,814] skipped=False
2026-08-30 16:23:55,891 | INFO | step=1270/20000 loss=1.020318 nll=1.005794 kl=0.05718157 consistency=0 lambda=0 beta=0.254 grad=27.38712 horizon=100 lifetime=[453,1858] skipped=False
2026-08-30 16:23:56,326 | INFO | step=1280/20000 loss=1.719381 nll=1.709237 kl=0.03962362 consistency=0 lambda=0 beta=0.256 grad=277.2765 horizon=160 lifetime=[455,1932] skipped=False
2026-08-30 16:23:56,730 | INFO | step=1290/20000 loss=0.07573909 nll=0.07458217 kl=0.004484146 consistency=0 lambda=0 beta=0.258 grad=33.68623 horizon=160 lifetime=[484,1076] skipped=False
2026-08-30 16:23:57,112 | INFO | step=1300/20000 loss=0.1971352 nll=0.1797481 kl=0.0668733 consistency=0 lambda=0 beta=0.26 grad=19.77441 horizon=140 lifetime=[486,1152] skipped=False
2026-08-30 16:23:57,534 | INFO | step=1310/20000 loss=0.6742504 nll=0.671978 kl=0.008673459 consistency=0 lambda=0 beta=0.262 grad=58.588 horizon=260 lifetime=[462,2154] skipped=False
2026-08-30 16:23:57,930 | INFO | step=1320/20000 loss=0.2453387 nll=0.2429487 kl=0.009053181 consistency=0 lambda=0 beta=0.264 grad=46.01322 horizon=140 lifetime=[453,1012] skipped=False
2026-08-30 16:23:58,325 | INFO | step=1330/20000 loss=0.3031387 nll=0.3025932 kl=0.002050874 consistency=0 lambda=0 beta=0.266 grad=24.19261 horizon=120 lifetime=[533,1156] skipped=False
2026-08-30 16:23:58,766 | INFO | step=1340/20000 loss=0.2059456 nll=0.2005972 kl=0.01995696 consistency=0 lambda=0 beta=0.268 grad=52.87881 horizon=220 lifetime=[428,1635] skipped=False
2026-08-30 16:23:59,210 | INFO | step=1350/20000 loss=0.1383546 nll=0.1292738 kl=0.03363251 consistency=0 lambda=0 beta=0.27 grad=40.65694 horizon=100 lifetime=[453,1152] skipped=False
2026-08-30 16:23:59,631 | INFO | step=1360/20000 loss=0.7905532 nll=0.7882953 kl=0.008300936 consistency=0 lambda=0 beta=0.272 grad=72.04215 horizon=260 lifetime=[458,1932] skipped=False
2026-08-30 16:24:00,043 | INFO | step=1370/20000 loss=0.02606137 nll=0.02195141 kl=0.01499985 consistency=0 lambda=0 beta=0.274 grad=25.60457 horizon=180 lifetime=[453,1052] skipped=False
2026-08-30 16:24:00,406 | INFO | step=1380/20000 loss=0.9363872 nll=0.9307303 kl=0.02049618 consistency=0 lambda=0 beta=0.276 grad=30.73963 horizon=100 lifetime=[147,1015] skipped=False
2026-08-30 16:24:00,862 | INFO | step=1390/20000 loss=0.001777729 nll=-0.002445735 kl=0.01519232 consistency=0 lambda=0 beta=0.278 grad=71.54002 horizon=300 lifetime=[443,1052] skipped=False
2026-08-30 16:24:01,270 | INFO | step=1400/20000 loss=-0.1509415 nll=-0.1521566 kl=0.004339555 consistency=0 lambda=0 beta=0.28 grad=23.35245 horizon=260 lifetime=[437,1052] skipped=False
2026-08-30 16:24:01,674 | INFO | step=1410/20000 loss=1.139058 nll=1.137291 kl=0.006262777 consistency=0 lambda=0 beta=0.282 grad=136.7457 horizon=240 lifetime=[464,1000] skipped=False
2026-08-30 16:24:02,082 | INFO | step=1420/20000 loss=-0.05507402 nll=-0.0572026 kl=0.007494998 consistency=0 lambda=0 beta=0.284 grad=24.33484 horizon=300 lifetime=[486,1154] skipped=False
2026-08-30 16:24:02,486 | INFO | step=1430/20000 loss=-0.02831146 nll=-0.0313009 kl=0.01045258 consistency=0 lambda=0 beta=0.286 grad=23.32574 horizon=300 lifetime=[622,1025] skipped=False
2026-08-30 16:24:02,882 | INFO | step=1440/20000 loss=0.5218885 nll=0.5206425 kl=0.004326226 consistency=0 lambda=0 beta=0.288 grad=45.54546 horizon=160 lifetime=[476,1154] skipped=False
2026-08-30 16:24:03,281 | INFO | step=1450/20000 loss=1.739665 nll=1.736206 kl=0.01192864 consistency=0 lambda=0 beta=0.29 grad=210.2556 horizon=180 lifetime=[476,1091] skipped=False
2026-08-30 16:24:03,656 | INFO | step=1460/20000 loss=0.6037098 nll=0.5993503 kl=0.0149295 consistency=0 lambda=0 beta=0.292 grad=50.37655 horizon=160 lifetime=[479,1932] skipped=False
2026-08-30 16:24:04,035 | INFO | step=1470/20000 loss=0.5478785 nll=0.5411859 kl=0.02276398 consistency=0 lambda=0 beta=0.294 grad=90.00935 horizon=140 lifetime=[493,1081] skipped=False
2026-08-30 16:24:04,431 | INFO | step=1480/20000 loss=0.6559206 nll=0.653509 kl=0.008147541 consistency=0 lambda=0 beta=0.296 grad=156.0105 horizon=160 lifetime=[460,1932] skipped=False
2026-08-30 16:24:04,816 | INFO | step=1490/20000 loss=-0.3248375 nll=-0.3345366 kl=0.03254734 consistency=0 lambda=0 beta=0.298 grad=28.4103 horizon=120 lifetime=[455,868] skipped=False
2026-08-30 16:24:05,491 | INFO | validation step=1500 rmse=217.9777 best=217.9777@1500 stale=0/10
2026-08-30 16:24:05,492 | INFO | step=1500/20000 loss=0.2305594 nll=0.2256145 kl=0.01648276 consistency=0 lambda=0 beta=0.3 grad=23.74707 horizon=160 lifetime=[299,863] skipped=False
2026-08-30 16:24:05,897 | INFO | step=1510/20000 loss=0.02862836 nll=0.02368838 kl=0.01635758 consistency=0 lambda=0 beta=0.302 grad=13.35505 horizon=200 lifetime=[784,1091] skipped=False
2026-08-30 16:24:06,328 | INFO | step=1520/20000 loss=-0.2455142 nll=-0.2464598 kl=0.003110469 consistency=0 lambda=0 beta=0.304 grad=29.07315 horizon=280 lifetime=[497,938] skipped=False
2026-08-30 16:24:06,717 | INFO | step=1530/20000 loss=0.05428661 nll=0.05134588 kl=0.009610204 consistency=0 lambda=0 beta=0.306 grad=61.30397 horizon=140 lifetime=[453,1038] skipped=False
2026-08-30 16:24:07,118 | INFO | step=1540/20000 loss=0.08985258 nll=0.0863567 kl=0.01135027 consistency=0 lambda=0 beta=0.308 grad=33.78076 horizon=120 lifetime=[505,930] skipped=False
2026-08-30 16:24:07,525 | INFO | step=1550/20000 loss=0.8914448 nll=0.8903298 kl=0.003596898 consistency=0 lambda=0 beta=0.31 grad=155.5003 horizon=240 lifetime=[464,1858] skipped=False
2026-08-30 16:24:07,923 | INFO | step=1560/20000 loss=0.7739562 nll=0.77083 kl=0.0100198 consistency=0 lambda=0 beta=0.312 grad=21.23058 horizon=160 lifetime=[719,2154] skipped=False
2026-08-30 16:24:08,345 | INFO | step=1570/20000 loss=-0.7101082 nll=-0.7186795 kl=0.02729749 consistency=0 lambda=0 beta=0.314 grad=10.13419 horizon=300 lifetime=[443,719] skipped=False
2026-08-30 16:24:08,742 | INFO | step=1580/20000 loss=1.937162 nll=1.93348 kl=0.01165145 consistency=0 lambda=0 beta=0.316 grad=179.8895 horizon=180 lifetime=[453,1932] skipped=False
2026-08-30 16:24:09,167 | INFO | step=1590/20000 loss=0.5848666 nll=0.5778306 kl=0.02212565 consistency=0 lambda=0 beta=0.318 grad=26.82901 horizon=200 lifetime=[479,2154] skipped=False
2026-08-30 16:24:09,532 | INFO | step=1600/20000 loss=0.08557484 nll=0.08366755 kl=0.005960286 consistency=0 lambda=0 beta=0.32 grad=20.71171 horizon=140 lifetime=[458,1045] skipped=False
2026-08-30 16:24:09,933 | INFO | step=1610/20000 loss=0.2902212 nll=0.2878302 kl=0.007425492 consistency=0 lambda=0 beta=0.322 grad=24.6458 horizon=180 lifetime=[465,858] skipped=False
2026-08-30 16:24:10,291 | INFO | step=1620/20000 loss=-0.419733 nll=-0.4211104 kl=0.004251148 consistency=0 lambda=0 beta=0.324 grad=11.26777 horizon=180 lifetime=[453,1152] skipped=False
2026-08-30 16:24:10,666 | INFO | step=1630/20000 loss=0.2858104 nll=0.2842517 kl=0.004781037 consistency=0 lambda=0 beta=0.326 grad=23.23301 horizon=260 lifetime=[486,1154] skipped=False
2026-08-30 16:24:11,103 | INFO | step=1640/20000 loss=-0.1459882 nll=-0.1595304 kl=0.04128727 consistency=0 lambda=0 beta=0.328 grad=34.7577 horizon=100 lifetime=[465,964] skipped=False
2026-08-30 16:24:11,491 | INFO | step=1650/20000 loss=0.4031883 nll=0.4010106 kl=0.006598914 consistency=0 lambda=0 beta=0.33 grad=70.64848 horizon=140 lifetime=[443,1932] skipped=False
2026-08-30 16:24:11,906 | INFO | step=1660/20000 loss=0.05255896 nll=0.04968141 kl=0.008667311 consistency=0 lambda=0 beta=0.332 grad=28.63237 horizon=280 lifetime=[614,915] skipped=False
2026-08-30 16:24:12,287 | INFO | step=1670/20000 loss=0.5711964 nll=0.5699278 kl=0.003798251 consistency=0 lambda=0 beta=0.334 grad=97.38597 horizon=300 lifetime=[443,1635] skipped=False
2026-08-30 16:24:12,662 | INFO | step=1680/20000 loss=0.4942009 nll=0.4908351 kl=0.0100173 consistency=0 lambda=0 beta=0.336 grad=35.14114 horizon=300 lifetime=[455,2154] skipped=False
2026-08-30 16:24:13,075 | INFO | step=1690/20000 loss=1.154315 nll=1.150378 kl=0.01164805 consistency=0 lambda=0 beta=0.338 grad=123.1858 horizon=240 lifetime=[299,1081] skipped=False
2026-08-30 16:24:13,447 | INFO | step=1700/20000 loss=0.09956317 nll=0.0969222 kl=0.007767534 consistency=0 lambda=0 beta=0.34 grad=25.48804 horizon=220 lifetime=[479,1076] skipped=False
2026-08-30 16:24:13,878 | INFO | step=1710/20000 loss=-0.3058146 nll=-0.308604 kl=0.008156323 consistency=0 lambda=0 beta=0.342 grad=13.57635 horizon=200 lifetime=[467,1045] skipped=False
2026-08-30 16:24:14,276 | INFO | step=1720/20000 loss=1.026812 nll=1.022604 kl=0.01223203 consistency=0 lambda=0 beta=0.344 grad=40.56628 horizon=180 lifetime=[437,1000] skipped=False
2026-08-30 16:24:14,657 | INFO | step=1730/20000 loss=0.1976636 nll=0.1959308 kl=0.00500821 consistency=0 lambda=0 beta=0.346 grad=41.99652 horizon=180 lifetime=[458,1076] skipped=False
2026-08-30 16:24:15,048 | INFO | step=1740/20000 loss=0.4821377 nll=0.4804548 kl=0.004835741 consistency=0 lambda=0 beta=0.348 grad=20.15157 horizon=300 lifetime=[476,1858] skipped=False
2026-08-30 16:24:15,440 | INFO | step=1750/20000 loss=-0.3076249 nll=-0.3083794 kl=0.002155513 consistency=0 lambda=0 beta=0.35 grad=31.43177 horizon=160 lifetime=[455,875] skipped=False
2026-08-30 16:24:15,843 | INFO | step=1760/20000 loss=0.4545214 nll=0.4516892 kl=0.008046089 consistency=0 lambda=0 beta=0.352 grad=60.31987 horizon=260 lifetime=[497,1154] skipped=False
2026-08-30 16:24:16,276 | INFO | step=1770/20000 loss=-0.6791407 nll=-0.6849564 kl=0.01642849 consistency=0 lambda=0 beta=0.354 grad=13.73127 horizon=220 lifetime=[462,1152] skipped=False
2026-08-30 16:24:16,709 | INFO | step=1780/20000 loss=0.2038477 nll=0.2024819 kl=0.003836442 consistency=0 lambda=0 beta=0.356 grad=6.139629 horizon=260 lifetime=[476,1858] skipped=False
2026-08-30 16:24:17,139 | INFO | step=1790/20000 loss=0.1404996 nll=0.1360721 kl=0.01236724 consistency=0 lambda=0 beta=0.358 grad=50.06599 horizon=280 lifetime=[453,1091] skipped=False
2026-08-30 16:24:17,563 | INFO | step=1800/20000 loss=0.06114169 nll=0.05721126 kl=0.01091786 consistency=0 lambda=0 beta=0.36 grad=30.367 horizon=140 lifetime=[437,1156] skipped=False
2026-08-30 16:24:17,998 | INFO | step=1810/20000 loss=-0.1235595 nll=-0.1254914 kl=0.005336825 consistency=0 lambda=0 beta=0.362 grad=27.98071 horizon=260 lifetime=[505,1055] skipped=False
2026-08-30 16:24:18,402 | INFO | step=1820/20000 loss=-0.08844383 nll=-0.09174959 kl=0.009081736 consistency=0 lambda=0 beta=0.364 grad=10.03913 horizon=180 lifetime=[486,1049] skipped=False
2026-08-30 16:24:18,813 | INFO | step=1830/20000 loss=-0.1007445 nll=-0.1081272 kl=0.02017134 consistency=0 lambda=0 beta=0.366 grad=55.59578 horizon=260 lifetime=[443,1635] skipped=False
2026-08-30 16:24:19,195 | INFO | step=1840/20000 loss=-0.3216362 nll=-0.3309422 kl=0.02528804 consistency=0 lambda=0 beta=0.368 grad=32.33039 horizon=140 lifetime=[460,1152] skipped=False
2026-08-30 16:24:19,614 | INFO | step=1850/20000 loss=0.2347042 nll=0.2319194 kl=0.007526569 consistency=0 lambda=0 beta=0.37 grad=13.72339 horizon=300 lifetime=[464,2154] skipped=False
2026-08-30 16:24:20,038 | INFO | step=1860/20000 loss=-0.2482042 nll=-0.2540749 kl=0.01578147 consistency=0 lambda=0 beta=0.372 grad=13.1019 horizon=160 lifetime=[455,1154] skipped=False
2026-08-30 16:24:20,451 | INFO | step=1870/20000 loss=0.1172107 nll=0.1148785 kl=0.006235979 consistency=0 lambda=0 beta=0.374 grad=10.20899 horizon=140 lifetime=[453,1154] skipped=False
2026-08-30 16:24:20,783 | INFO | step=1880/20000 loss=-0.01274447 nll=-0.01354178 kl=0.002120497 consistency=0 lambda=0 beta=0.376 grad=13.91958 horizon=140 lifetime=[462,1152] skipped=False
2026-08-30 16:24:21,165 | INFO | step=1890/20000 loss=1.298956 nll=1.292578 kl=0.01687207 consistency=0 lambda=0 beta=0.378 grad=143.8694 horizon=120 lifetime=[443,2154] skipped=False
2026-08-30 16:24:21,565 | INFO | step=1900/20000 loss=0.250199 nll=0.2451745 kl=0.01322233 consistency=0 lambda=0 beta=0.38 grad=30.035 horizon=300 lifetime=[465,2154] skipped=False
2026-08-30 16:24:21,933 | INFO | step=1910/20000 loss=0.1034356 nll=0.1006673 kl=0.007247005 consistency=0 lambda=0 beta=0.382 grad=65.09621 horizon=120 lifetime=[428,1858] skipped=False
2026-08-30 16:24:22,309 | INFO | step=1920/20000 loss=2.129601 nll=2.128196 kl=0.003660201 consistency=0 lambda=0 beta=0.384 grad=79.20569 horizon=100 lifetime=[458,1932] skipped=False
2026-08-30 16:24:22,690 | INFO | step=1930/20000 loss=0.4606923 nll=0.4584873 kl=0.00571252 consistency=0 lambda=0 beta=0.386 grad=88.12206 horizon=220 lifetime=[455,1932] skipped=False
2026-08-30 16:24:23,086 | INFO | step=1940/20000 loss=-0.604125 nll=-0.6127353 kl=0.02219148 consistency=0 lambda=0 beta=0.388 grad=16.59583 horizon=260 lifetime=[458,858] skipped=False
2026-08-30 16:24:23,505 | INFO | step=1950/20000 loss=-0.3369357 nll=-0.3402221 kl=0.008426503 consistency=0 lambda=0 beta=0.39 grad=27.88692 horizon=280 lifetime=[453,1635] skipped=False
2026-08-30 16:24:23,884 | INFO | step=1960/20000 loss=0.141692 nll=0.1281659 kl=0.03450518 consistency=0 lambda=0 beta=0.392 grad=44.84135 horizon=120 lifetime=[428,2154] skipped=False
2026-08-30 16:24:24,314 | INFO | step=1970/20000 loss=0.2476555 nll=0.2450998 kl=0.006486483 consistency=0 lambda=0 beta=0.394 grad=33.37502 horizon=240 lifetime=[437,1156] skipped=False
2026-08-30 16:24:24,754 | INFO | step=1980/20000 loss=0.2459619 nll=0.2439995 kl=0.004955761 consistency=0 lambda=0 beta=0.396 grad=68.19311 horizon=160 lifetime=[458,1152] skipped=False
2026-08-30 16:24:25,193 | INFO | step=1990/20000 loss=0.6976771 nll=0.6929241 kl=0.01194241 consistency=0 lambda=0 beta=0.398 grad=76.5351 horizon=180 lifetime=[443,1045] skipped=False
2026-08-30 16:24:25,925 | INFO | validation step=2000 rmse=219.1956 best=217.9777@1500 stale=1/10
2026-08-30 16:24:25,925 | INFO | step=2000/20000 loss=-0.03053796 nll=-0.03336765 kl=0.007074215 consistency=0 lambda=0 beta=0.4 grad=17.92446 horizon=260 lifetime=[458,1858] skipped=False
2026-08-30 16:24:26,397 | INFO | step=2010/20000 loss=1.107943 nll=1.09835 kl=0.02386508 consistency=0 lambda=0 beta=0.402 grad=30.44612 horizon=100 lifetime=[147,1932] skipped=False
2026-08-30 16:24:26,819 | INFO | step=2020/20000 loss=0.509105 nll=0.5064002 kl=0.006695099 consistency=0 lambda=0 beta=0.404 grad=165.6633 horizon=180 lifetime=[461,2154] skipped=False
2026-08-30 16:24:27,215 | INFO | step=2030/20000 loss=0.6948228 nll=0.6821522 kl=0.03120863 consistency=0 lambda=0 beta=0.406 grad=108.1233 horizon=140 lifetime=[147,1932] skipped=False
2026-08-30 16:24:27,619 | INFO | step=2040/20000 loss=-0.224029 nll=-0.2248923 kl=0.002115991 consistency=0 lambda=0 beta=0.408 grad=13.53236 horizon=280 lifetime=[505,1038] skipped=False
2026-08-30 16:24:28,028 | INFO | step=2050/20000 loss=1.203711 nll=1.201508 kl=0.005373469 consistency=0 lambda=0 beta=0.41 grad=109.6355 horizon=220 lifetime=[649,1156] skipped=False
2026-08-30 16:24:28,417 | INFO | step=2060/20000 loss=-0.05539227 nll=-0.05886877 kl=0.008438129 consistency=0 lambda=0 beta=0.412 grad=22.86835 horizon=120 lifetime=[299,1635] skipped=False
2026-08-30 16:24:28,793 | INFO | step=2070/20000 loss=0.03216824 nll=0.03020029 kl=0.004753506 consistency=0 lambda=0 beta=0.414 grad=11.19539 horizon=100 lifetime=[453,930] skipped=False
2026-08-30 16:24:29,336 | INFO | step=2080/20000 loss=-0.2728558 nll=-0.2755634 kl=0.006508791 consistency=0 lambda=0 beta=0.416 grad=10.87935 horizon=140 lifetime=[460,913] skipped=False
2026-08-30 16:24:29,740 | INFO | step=2090/20000 loss=0.7129934 nll=0.7108425 kl=0.005145539 consistency=0 lambda=0 beta=0.418 grad=30.30355 horizon=200 lifetime=[299,1076] skipped=False
2026-08-30 16:24:30,136 | INFO | step=2100/20000 loss=-0.4601952 nll=-0.4710721 kl=0.02589733 consistency=0 lambda=0 beta=0.42 grad=56.53782 horizon=140 lifetime=[460,1152] skipped=False
2026-08-30 16:24:30,507 | INFO | step=2110/20000 loss=1.376992 nll=1.375746 kl=0.002951095 consistency=0 lambda=0 beta=0.422 grad=111.1083 horizon=120 lifetime=[484,1932] skipped=False
2026-08-30 16:24:30,919 | INFO | step=2120/20000 loss=2.84423 nll=2.842744 kl=0.003504848 consistency=0 lambda=0 beta=0.424 grad=inf horizon=220 lifetime=[453,1932] skipped=True
2026-08-30 16:24:31,318 | INFO | step=2130/20000 loss=-0.1757056 nll=-0.1785039 kl=0.006568733 consistency=0 lambda=0 beta=0.426 grad=18.05664 horizon=180 lifetime=[467,988] skipped=False
2026-08-30 16:24:31,692 | INFO | step=2140/20000 loss=-0.2135512 nll=-0.2156639 kl=0.00493627 consistency=0 lambda=0 beta=0.428 grad=25.19401 horizon=300 lifetime=[470,1000] skipped=False
2026-08-30 16:24:32,080 | INFO | step=2150/20000 loss=0.3237101 nll=0.3204226 kl=0.007645261 consistency=0 lambda=0 beta=0.43 grad=38.35822 horizon=100 lifetime=[147,1007] skipped=False
2026-08-30 16:24:32,503 | INFO | step=2160/20000 loss=-0.02399019 nll=-0.02568063 kl=0.003913065 consistency=0 lambda=0 beta=0.432 grad=77.54723 horizon=280 lifetime=[486,1025] skipped=False
2026-08-30 16:24:32,920 | INFO | step=2170/20000 loss=-0.3366351 nll=-0.3384165 kl=0.004104642 consistency=0 lambda=0 beta=0.434 grad=34.22133 horizon=140 lifetime=[458,1012] skipped=False
2026-08-30 16:24:33,322 | INFO | step=2180/20000 loss=0.1765945 nll=0.1729907 kl=0.008265679 consistency=0 lambda=0 beta=0.436 grad=83.61335 horizon=300 lifetime=[458,863] skipped=False
2026-08-30 16:24:33,718 | INFO | step=2190/20000 loss=-0.3293173 nll=-0.3306201 kl=0.002974237 consistency=0 lambda=0 beta=0.438 grad=47.76702 horizon=160 lifetime=[460,1152] skipped=False
2026-08-30 16:24:34,120 | INFO | step=2200/20000 loss=-0.4046386 nll=-0.4055282 kl=0.002021844 consistency=0 lambda=0 beta=0.44 grad=26.80343 horizon=200 lifetime=[464,1055] skipped=False
2026-08-30 16:24:34,513 | INFO | step=2210/20000 loss=0.1666869 nll=0.1633118 kl=0.007635914 consistency=0 lambda=0 beta=0.442 grad=73.05789 horizon=240 lifetime=[465,1015] skipped=False
2026-08-30 16:24:34,897 | INFO | step=2220/20000 loss=0.4548545 nll=0.4478812 kl=0.01570557 consistency=0 lambda=0 beta=0.444 grad=45.68353 horizon=100 lifetime=[437,1932] skipped=False
2026-08-30 16:24:35,277 | INFO | step=2230/20000 loss=0.7789516 nll=0.7308955 kl=0.1077492 consistency=0 lambda=0 beta=0.446 grad=94.99095 horizon=140 lifetime=[476,1076] skipped=False
2026-08-30 16:24:35,676 | INFO | step=2240/20000 loss=0.0064472 nll=0.005573019 kl=0.001951296 consistency=0 lambda=0 beta=0.448 grad=32.68452 horizon=200 lifetime=[437,1025] skipped=False
2026-08-30 16:24:36,041 | INFO | step=2250/20000 loss=-0.3271454 nll=-0.3287793 kl=0.003630977 consistency=0 lambda=0 beta=0.45 grad=19.40302 horizon=200 lifetime=[467,1045] skipped=False
2026-08-30 16:24:36,396 | INFO | step=2260/20000 loss=0.1368959 nll=0.1298711 kl=0.01554157 consistency=0 lambda=0 beta=0.452 grad=20.95835 horizon=140 lifetime=[461,1152] skipped=False
2026-08-30 16:24:36,835 | INFO | step=2270/20000 loss=0.1041006 nll=0.1018384 kl=0.00498265 consistency=0 lambda=0 beta=0.454 grad=36.85662 horizon=160 lifetime=[476,1000] skipped=False
2026-08-30 16:24:37,205 | INFO | step=2280/20000 loss=0.03102039 nll=0.02647887 kl=0.009959474 consistency=0 lambda=0 beta=0.456 grad=9.079428 horizon=100 lifetime=[437,836] skipped=False
2026-08-30 16:24:37,596 | INFO | step=2290/20000 loss=0.3351395 nll=0.3321078 kl=0.006619507 consistency=0 lambda=0 beta=0.458 grad=27.63799 horizon=160 lifetime=[461,1025] skipped=False
2026-08-30 16:24:38,002 | INFO | step=2300/20000 loss=-0.05090682 nll=-0.05362894 kl=0.00591765 consistency=0 lambda=0 beta=0.46 grad=42.38735 horizon=260 lifetime=[299,868] skipped=False
2026-08-30 16:24:38,392 | INFO | step=2310/20000 loss=1.200012 nll=1.19095 kl=0.01961387 consistency=0 lambda=0 beta=0.462 grad=56.50795 horizon=120 lifetime=[649,1156] skipped=False
2026-08-30 16:24:38,817 | INFO | step=2320/20000 loss=-0.204757 nll=-0.2066571 kl=0.00409507 consistency=0 lambda=0 beta=0.464 grad=20.32815 horizon=220 lifetime=[453,1154] skipped=False
2026-08-30 16:24:39,157 | INFO | step=2330/20000 loss=0.0211749 nll=0.01943271 kl=0.003738604 consistency=0 lambda=0 beta=0.466 grad=27.00291 horizon=180 lifetime=[484,1091] skipped=False
2026-08-30 16:24:39,586 | INFO | step=2340/20000 loss=0.2632092 nll=0.2617201 kl=0.003181862 consistency=0 lambda=0 beta=0.468 grad=26.84237 horizon=300 lifetime=[500,1000] skipped=False
2026-08-30 16:24:39,995 | INFO | step=2350/20000 loss=1.817904 nll=1.814011 kl=0.008282494 consistency=0 lambda=0 beta=0.47 grad=113.9536 horizon=280 lifetime=[470,1152] skipped=False
2026-08-30 16:24:40,433 | INFO | step=2360/20000 loss=-0.1232171 nll=-0.1252787 kl=0.004367914 consistency=0 lambda=0 beta=0.472 grad=17.75121 horizon=160 lifetime=[493,1635] skipped=False
2026-08-30 16:24:40,875 | INFO | step=2370/20000 loss=0.08910564 nll=0.08663514 kl=0.005212031 consistency=0 lambda=0 beta=0.474 grad=86.52707 horizon=280 lifetime=[443,1154] skipped=False
2026-08-30 16:24:41,268 | INFO | step=2380/20000 loss=-0.2982953 nll=-0.2997346 kl=0.003023777 consistency=0 lambda=0 beta=0.476 grad=12.18713 horizon=240 lifetime=[428,1055] skipped=False
2026-08-30 16:24:41,704 | INFO | step=2390/20000 loss=-0.6087049 nll=-0.6111038 kl=0.005018534 consistency=0 lambda=0 beta=0.478 grad=23.43572 horizon=260 lifetime=[437,938] skipped=False
2026-08-30 16:24:42,116 | INFO | step=2400/20000 loss=0.6154575 nll=0.6121649 kl=0.006859643 consistency=0 lambda=0 beta=0.48 grad=17.72039 horizon=100 lifetime=[299,1635] skipped=False
2026-08-30 16:24:42,452 | INFO | step=2410/20000 loss=-0.03916256 nll=-0.04416609 kl=0.01038076 consistency=0 lambda=0 beta=0.482 grad=10.88841 horizon=220 lifetime=[461,1858] skipped=False
2026-08-30 16:24:42,862 | INFO | step=2420/20000 loss=0.7053255 nll=0.7014623 kl=0.007981919 consistency=0 lambda=0 beta=0.484 grad=33.8352 horizon=120 lifetime=[501,1091] skipped=False
2026-08-30 16:24:43,276 | INFO | step=2430/20000 loss=0.05784918 nll=0.05634505 kl=0.003094929 consistency=0 lambda=0 beta=0.486 grad=18.84258 horizon=180 lifetime=[476,1156] skipped=False
2026-08-30 16:24:43,678 | INFO | step=2440/20000 loss=0.3334957 nll=0.3322117 kl=0.002631154 consistency=0 lambda=0 beta=0.488 grad=46.22999 horizon=260 lifetime=[464,1091] skipped=False
2026-08-30 16:24:44,073 | INFO | step=2450/20000 loss=-0.67944 nll=-0.6837983 kl=0.008894604 consistency=0 lambda=0 beta=0.49 grad=13.40266 horizon=180 lifetime=[299,747] skipped=False
2026-08-30 16:24:44,471 | INFO | step=2460/20000 loss=-0.3351619 nll=-0.3362959 kl=0.002304907 consistency=0 lambda=0 beta=0.492 grad=15.20809 horizon=220 lifetime=[428,991] skipped=False
2026-08-30 16:24:44,879 | INFO | step=2470/20000 loss=-0.260993 nll=-0.2627142 kl=0.003484193 consistency=0 lambda=0 beta=0.494 grad=16.62953 horizon=220 lifetime=[500,1038] skipped=False
2026-08-30 16:24:45,295 | INFO | step=2480/20000 loss=-0.20404 nll=-0.2053667 kl=0.002674934 consistency=0 lambda=0 beta=0.496 grad=16.80963 horizon=280 lifetime=[518,826] skipped=False
2026-08-30 16:24:45,740 | INFO | step=2490/20000 loss=0.7731295 nll=0.7706946 kl=0.004889373 consistency=0 lambda=0 beta=0.498 grad=28.04145 horizon=240 lifetime=[467,1055] skipped=False
2026-08-30 16:24:46,447 | INFO | validation step=2500 rmse=212.0218 best=212.0218@2500 stale=0/10
2026-08-30 16:24:46,447 | INFO | step=2500/20000 loss=-0.08419865 nll=-0.08529447 kl=0.002191652 consistency=0 lambda=0 beta=0.5 grad=26.51311 horizon=280 lifetime=[437,1152] skipped=False
2026-08-30 16:24:46,903 | INFO | step=2510/20000 loss=-0.2816421 nll=-0.2826554 kl=0.002018474 consistency=0 lambda=0 beta=0.502 grad=69.72018 horizon=240 lifetime=[465,871] skipped=False
2026-08-30 16:24:47,306 | INFO | step=2520/20000 loss=0.07571825 nll=0.07367547 kl=0.004053131 consistency=0 lambda=0 beta=0.504 grad=42.57109 horizon=220 lifetime=[458,1055] skipped=False
2026-08-30 16:24:47,692 | INFO | step=2530/20000 loss=0.1868417 nll=0.1838878 kl=0.005837716 consistency=0 lambda=0 beta=0.506 grad=81.06387 horizon=220 lifetime=[299,1076] skipped=False
2026-08-30 16:24:48,136 | INFO | step=2540/20000 loss=0.3534835 nll=0.3515059 kl=0.00389304 consistency=0 lambda=0 beta=0.508 grad=37.07252 horizon=220 lifetime=[614,1635] skipped=False
2026-08-30 16:24:48,574 | INFO | step=2550/20000 loss=0.06010601 nll=0.05356044 kl=0.01283444 consistency=0 lambda=0 beta=0.51 grad=18.31854 horizon=160 lifetime=[497,1038] skipped=False
2026-08-30 16:24:48,948 | INFO | step=2560/20000 loss=0.000767238 nll=-0.002375886 kl=0.006138913 consistency=0 lambda=0 beta=0.512 grad=8.491583 horizon=220 lifetime=[299,1858] skipped=False
2026-08-30 16:24:49,339 | INFO | step=2570/20000 loss=-0.34453 nll=-0.3521218 kl=0.01477019 consistency=0 lambda=0 beta=0.514 grad=14.23806 horizon=260 lifetime=[534,1154] skipped=False
2026-08-30 16:24:49,707 | INFO | step=2580/20000 loss=1.668605 nll=1.666254 kl=0.004557393 consistency=0 lambda=0 beta=0.516 grad=137.3153 horizon=180 lifetime=[465,1154] skipped=False
2026-08-30 16:24:50,109 | INFO | step=2590/20000 loss=0.02801345 nll=0.01806971 kl=0.01919642 consistency=0 lambda=0 beta=0.518 grad=40.53619 horizon=140 lifetime=[147,863] skipped=False
2026-08-30 16:24:50,506 | INFO | step=2600/20000 loss=-0.1657918 nll=-0.1685702 kl=0.005343065 consistency=0 lambda=0 beta=0.52 grad=9.041834 horizon=200 lifetime=[437,2154] skipped=False
2026-08-30 16:24:50,909 | INFO | step=2610/20000 loss=-0.2367168 nll=-0.2420381 kl=0.01019406 consistency=0 lambda=0 beta=0.522 grad=12.92355 horizon=300 lifetime=[464,1052] skipped=False
2026-08-30 16:24:51,372 | INFO | step=2620/20000 loss=-0.3896995 nll=-0.3923823 kl=0.005119942 consistency=0 lambda=0 beta=0.524 grad=35.74792 horizon=300 lifetime=[460,1076] skipped=False
2026-08-30 16:24:51,752 | INFO | step=2630/20000 loss=-0.3828678 nll=-0.3869908 kl=0.007838428 consistency=0 lambda=0 beta=0.526 grad=6.84622 horizon=160 lifetime=[299,938] skipped=False
2026-08-30 16:24:52,138 | INFO | step=2640/20000 loss=0.05089214 nll=0.04944339 kl=0.002743833 consistency=0 lambda=0 beta=0.528 grad=24.084 horizon=220 lifetime=[458,1635] skipped=False
2026-08-30 16:24:52,528 | INFO | step=2650/20000 loss=-0.380102 nll=-0.3810535 kl=0.001795344 consistency=0 lambda=0 beta=0.53 grad=38.67838 horizon=200 lifetime=[476,1045] skipped=False
2026-08-30 16:24:52,902 | INFO | step=2660/20000 loss=1.410502 nll=1.408897 kl=0.003016233 consistency=0 lambda=0 beta=0.532 grad=123.8241 horizon=280 lifetime=[455,1055] skipped=False
2026-08-30 16:24:53,288 | INFO | step=2670/20000 loss=-0.09228265 nll=-0.09445968 kl=0.004076831 consistency=0 lambda=0 beta=0.534 grad=23.44783 horizon=180 lifetime=[428,2154] skipped=False
2026-08-30 16:24:53,744 | INFO | step=2680/20000 loss=0.09012208 nll=0.08691771 kl=0.005978294 consistency=0 lambda=0 beta=0.536 grad=97.46232 horizon=160 lifetime=[428,1049] skipped=False
2026-08-30 16:24:54,139 | INFO | step=2690/20000 loss=0.3868248 nll=0.3776966 kl=0.01696694 consistency=0 lambda=0 beta=0.538 grad=32.03992 horizon=140 lifetime=[649,1152] skipped=False
2026-08-30 16:24:54,515 | INFO | step=2700/20000 loss=-0.5845501 nll=-0.5862318 kl=0.003114201 consistency=0 lambda=0 beta=0.54 grad=55.80482 horizon=300 lifetime=[437,988] skipped=False
2026-08-30 16:24:54,909 | INFO | step=2710/20000 loss=0.4792815 nll=0.4752957 kl=0.007353914 consistency=0 lambda=0 beta=0.542 grad=10.57713 horizon=100 lifetime=[534,1091] skipped=False
2026-08-30 16:24:55,336 | INFO | step=2720/20000 loss=0.1125911 nll=0.1095283 kl=0.00563015 consistency=0 lambda=0 beta=0.544 grad=92.53316 horizon=240 lifetime=[476,1038] skipped=False
2026-08-30 16:24:55,730 | INFO | step=2730/20000 loss=-0.03610127 nll=-0.0375337 kl=0.002623506 consistency=0 lambda=0 beta=0.546 grad=38.13382 horizon=240 lifetime=[465,1635] skipped=False
2026-08-30 16:24:56,089 | INFO | step=2740/20000 loss=-0.1251201 nll=-0.1264439 kl=0.002415765 consistency=0 lambda=0 beta=0.548 grad=12.02323 horizon=120 lifetime=[465,1055] skipped=False
2026-08-30 16:24:56,469 | INFO | step=2750/20000 loss=-0.09544253 nll=-0.0967316 kl=0.002343778 consistency=0 lambda=0 beta=0.55 grad=28.28726 horizon=120 lifetime=[501,868] skipped=False
2026-08-30 16:24:56,914 | INFO | step=2760/20000 loss=-0.03628602 nll=-0.03704779 kl=0.001380019 consistency=0 lambda=0 beta=0.552 grad=17.98785 horizon=220 lifetime=[443,1156] skipped=False
2026-08-30 16:24:57,335 | INFO | step=2770/20000 loss=0.8773261 nll=0.8661529 kl=0.02016827 consistency=0 lambda=0 beta=0.554 grad=78.19576 horizon=100 lifetime=[649,1858] skipped=False
2026-08-30 16:24:57,755 | INFO | step=2780/20000 loss=0.06003344 nll=0.05758578 kl=0.004402272 consistency=0 lambda=0 beta=0.556 grad=34.04136 horizon=260 lifetime=[498,1858] skipped=False
2026-08-30 16:24:58,167 | INFO | step=2790/20000 loss=0.01530281 nll=0.01459611 kl=0.001266479 consistency=0 lambda=0 beta=0.558 grad=18.82901 horizon=220 lifetime=[453,1000] skipped=False
2026-08-30 16:24:58,551 | INFO | step=2800/20000 loss=-0.04957457 nll=-0.05082392 kl=0.002230987 consistency=0 lambda=0 beta=0.56 grad=24.44699 horizon=240 lifetime=[476,1049] skipped=False
2026-08-30 16:24:58,914 | INFO | step=2810/20000 loss=0.1569647 nll=0.1514856 kl=0.009749368 consistency=0 lambda=0 beta=0.562 grad=28.96646 horizon=120 lifetime=[437,1055] skipped=False
2026-08-30 16:24:59,301 | INFO | step=2820/20000 loss=0.08106875 nll=0.07573307 kl=0.009460427 consistency=0 lambda=0 beta=0.564 grad=51.1964 horizon=120 lifetime=[147,930] skipped=False
2026-08-30 16:24:59,727 | INFO | step=2830/20000 loss=0.4724309 nll=0.4648112 kl=0.01346231 consistency=0 lambda=0 beta=0.566 grad=52.75578 horizon=120 lifetime=[455,2154] skipped=False
2026-08-30 16:25:00,110 | INFO | step=2840/20000 loss=-0.435657 nll=-0.4377975 kl=0.003768492 consistency=0 lambda=0 beta=0.568 grad=31.91822 horizon=280 lifetime=[479,1152] skipped=False
2026-08-30 16:25:00,538 | INFO | step=2850/20000 loss=-0.1272008 nll=-0.1287868 kl=0.002782418 consistency=0 lambda=0 beta=0.57 grad=22.39366 horizon=180 lifetime=[500,1635] skipped=False
2026-08-30 16:25:00,956 | INFO | step=2860/20000 loss=-0.1997558 nll=-0.2021415 kl=0.004170807 consistency=0 lambda=0 beta=0.572 grad=29.86247 horizon=260 lifetime=[455,1858] skipped=False
2026-08-30 16:25:01,376 | INFO | step=2870/20000 loss=-0.01460987 nll=-0.01694113 kl=0.004061424 consistency=0 lambda=0 beta=0.574 grad=44.47335 horizon=140 lifetime=[458,1156] skipped=False
2026-08-30 16:25:01,752 | INFO | step=2880/20000 loss=1.299198 nll=1.296839 kl=0.00409664 consistency=0 lambda=0 beta=0.576 grad=99.05251 horizon=180 lifetime=[508,1635] skipped=False
2026-08-30 16:25:02,144 | INFO | step=2890/20000 loss=0.05534878 nll=0.05037986 kl=0.008596754 consistency=0 lambda=0 beta=0.578 grad=15.92294 horizon=100 lifetime=[462,1081] skipped=False
2026-08-30 16:25:02,529 | INFO | step=2900/20000 loss=0.1082476 nll=0.1044048 kl=0.006625557 consistency=0 lambda=0 beta=0.58 grad=23.82411 horizon=240 lifetime=[470,1154] skipped=False
2026-08-30 16:25:02,960 | INFO | step=2910/20000 loss=0.05090557 nll=0.04723033 kl=0.00631484 consistency=0 lambda=0 beta=0.582 grad=81.0416 horizon=260 lifetime=[465,2154] skipped=False
2026-08-30 16:25:03,387 | INFO | step=2920/20000 loss=-0.3540217 nll=-0.3551853 kl=0.001992419 consistency=0 lambda=0 beta=0.584 grad=18.57651 horizon=120 lifetime=[470,1076] skipped=False
2026-08-30 16:25:03,798 | INFO | step=2930/20000 loss=-0.004981067 nll=-0.007592976 kl=0.004457183 consistency=0 lambda=0 beta=0.586 grad=84.58948 horizon=180 lifetime=[462,1635] skipped=False
2026-08-30 16:25:04,159 | INFO | step=2940/20000 loss=-0.1602247 nll=-0.1632177 kl=0.005090103 consistency=0 lambda=0 beta=0.588 grad=26.22452 horizon=160 lifetime=[486,1045] skipped=False
2026-08-30 16:25:04,530 | INFO | step=2950/20000 loss=-0.331488 nll=-0.33375 kl=0.003833838 consistency=0 lambda=0 beta=0.59 grad=27.33716 horizon=140 lifetime=[482,1049] skipped=False
2026-08-30 16:25:04,918 | INFO | step=2960/20000 loss=-0.2200735 nll=-0.2217201 kl=0.002781361 consistency=0 lambda=0 beta=0.592 grad=60.40695 horizon=280 lifetime=[505,1635] skipped=False
2026-08-30 16:25:05,307 | INFO | step=2970/20000 loss=-0.1241189 nll=-0.1301517 kl=0.01015621 consistency=0 lambda=0 beta=0.594 grad=14.05334 horizon=140 lifetime=[455,1152] skipped=False
2026-08-30 16:25:05,748 | INFO | step=2980/20000 loss=-0.6681815 nll=-0.6693438 kl=0.001950271 consistency=0 lambda=0 beta=0.596 grad=19.38884 horizon=140 lifetime=[455,1012] skipped=False
2026-08-30 16:25:06,121 | INFO | step=2990/20000 loss=0.3457583 nll=0.3440707 kl=0.002822012 consistency=0 lambda=0 beta=0.598 grad=145.631 horizon=240 lifetime=[461,1045] skipped=False
2026-08-30 16:25:06,829 | INFO | validation step=3000 rmse=226.0119 best=212.0218@2500 stale=1/10
2026-08-30 16:25:06,829 | INFO | step=3000/20000 loss=0.9473578 nll=0.9467203 kl=0.00106252 consistency=0 lambda=0 beta=0.6 grad=109.6629 horizon=180 lifetime=[460,1052] skipped=False
2026-08-30 16:25:07,269 | INFO | step=3010/20000 loss=-0.6133024 nll=-0.6144496 kl=0.00190571 consistency=0 lambda=0 beta=0.602 grad=28.33733 horizon=260 lifetime=[470,1052] skipped=False
2026-08-30 16:25:07,656 | INFO | step=3020/20000 loss=-0.5627976 nll=-0.567142 kl=0.007192701 consistency=0 lambda=0 beta=0.604 grad=39.07715 horizon=280 lifetime=[428,1156] skipped=False
2026-08-30 16:25:08,005 | INFO | step=3030/20000 loss=-0.366019 nll=-0.3688285 kl=0.004636213 consistency=0 lambda=0 beta=0.606 grad=21.66106 horizon=140 lifetime=[455,1052] skipped=False
2026-08-30 16:25:08,407 | INFO | step=3040/20000 loss=1.593003 nll=1.590497 kl=0.004121173 consistency=0 lambda=0 beta=0.608 grad=156.7716 horizon=260 lifetime=[464,1635] skipped=False
2026-08-30 16:25:08,808 | INFO | step=3050/20000 loss=-0.2809031 nll=-0.2839098 kl=0.004929081 consistency=0 lambda=0 beta=0.61 grad=39.46215 horizon=300 lifetime=[479,1152] skipped=False
2026-08-30 16:25:09,226 | INFO | step=3060/20000 loss=0.5289596 nll=0.5230469 kl=0.009661447 consistency=0 lambda=0 beta=0.612 grad=141.224 horizon=200 lifetime=[462,1932] skipped=False
2026-08-30 16:25:09,613 | INFO | step=3070/20000 loss=-0.1749105 nll=-0.1771535 kl=0.00365307 consistency=0 lambda=0 beta=0.614 grad=25.21306 horizon=160 lifetime=[428,1055] skipped=False
2026-08-30 16:25:10,052 | INFO | step=3080/20000 loss=-0.3663428 nll=-0.3707273 kl=0.007117737 consistency=0 lambda=0 beta=0.616 grad=32.14469 horizon=140 lifetime=[147,909] skipped=False
2026-08-30 16:25:10,423 | INFO | step=3090/20000 loss=-0.7131957 nll=-0.7175148 kl=0.006988693 consistency=0 lambda=0 beta=0.618 grad=14.92912 horizon=240 lifetime=[458,1055] skipped=False
2026-08-30 16:25:10,858 | INFO | step=3100/20000 loss=-0.07705759 nll=-0.07912026 kl=0.003326885 consistency=0 lambda=0 beta=0.62 grad=78.21357 horizon=280 lifetime=[437,2154] skipped=False
2026-08-30 16:25:11,250 | INFO | step=3110/20000 loss=-0.4893169 nll=-0.4932763 kl=0.006365594 consistency=0 lambda=0 beta=0.622 grad=31.2841 horizon=280 lifetime=[443,1045] skipped=False
2026-08-30 16:25:11,631 | INFO | step=3120/20000 loss=0.7369069 nll=0.73414 kl=0.004434034 consistency=0 lambda=0 beta=0.624 grad=95.12312 horizon=140 lifetime=[465,1015] skipped=False
2026-08-30 16:25:12,079 | INFO | step=3130/20000 loss=0.4617895 nll=0.4586098 kl=0.005079523 consistency=0 lambda=0 beta=0.626 grad=97.39257 horizon=160 lifetime=[458,913] skipped=False
2026-08-30 16:25:12,426 | INFO | step=3140/20000 loss=-0.6667314 nll=-0.6696477 kl=0.00464388 consistency=0 lambda=0 beta=0.628 grad=49.36943 horizon=220 lifetime=[470,814] skipped=False
2026-08-30 16:25:12,778 | INFO | step=3150/20000 loss=-0.3500548 nll=-0.3522132 kl=0.003425963 consistency=0 lambda=0 beta=0.63 grad=25.79102 horizon=180 lifetime=[460,1156] skipped=False
2026-08-30 16:25:13,169 | INFO | step=3160/20000 loss=-0.1538902 nll=-0.1564587 kl=0.004064068 consistency=0 lambda=0 beta=0.632 grad=96.90624 horizon=120 lifetime=[437,1045] skipped=False
2026-08-30 16:25:13,549 | INFO | step=3170/20000 loss=-0.8328336 nll=-0.83661 kl=0.005956396 consistency=0 lambda=0 beta=0.634 grad=11.15264 horizon=200 lifetime=[518,1076] skipped=False
2026-08-30 16:25:13,974 | INFO | step=3180/20000 loss=0.08294995 nll=0.08107747 kl=0.002944149 consistency=0 lambda=0 beta=0.636 grad=152.4419 horizon=280 lifetime=[467,988] skipped=False
2026-08-30 16:25:14,386 | INFO | step=3190/20000 loss=-0.3050589 nll=-0.3179435 kl=0.02019537 consistency=0 lambda=0 beta=0.638 grad=97.0032 horizon=280 lifetime=[299,860] skipped=False
2026-08-30 16:25:14,785 | INFO | step=3200/20000 loss=-0.382275 nll=-0.3836302 kl=0.002117489 consistency=0 lambda=0 beta=0.64 grad=13.92172 horizon=200 lifetime=[443,1635] skipped=False
2026-08-30 16:25:15,201 | INFO | step=3210/20000 loss=0.4436053 nll=0.4416041 kl=0.003117211 consistency=0 lambda=0 beta=0.642 grad=19.33405 horizon=100 lifetime=[443,1045] skipped=False
2026-08-30 16:25:15,655 | INFO | step=3220/20000 loss=-0.4623246 nll=-0.4637466 kl=0.002208006 consistency=0 lambda=0 beta=0.644 grad=27.11295 horizon=160 lifetime=[428,1635] skipped=False
2026-08-30 16:25:16,060 | INFO | step=3230/20000 loss=-0.587887 nll=-0.5953742 kl=0.01159012 consistency=0 lambda=0 beta=0.646 grad=40.20956 horizon=300 lifetime=[476,1049] skipped=False
2026-08-30 16:25:16,450 | INFO | step=3240/20000 loss=0.7899978 nll=0.7862169 kl=0.005834855 consistency=0 lambda=0 beta=0.648 grad=126.7802 horizon=100 lifetime=[458,964] skipped=False
2026-08-30 16:25:16,882 | INFO | step=3250/20000 loss=0.1281198 nll=0.1240053 kl=0.006330092 consistency=0 lambda=0 beta=0.65 grad=72.04176 horizon=140 lifetime=[147,1038] skipped=False
2026-08-30 16:25:17,293 | INFO | step=3260/20000 loss=-0.4998874 nll=-0.5044115 kl=0.006938793 consistency=0 lambda=0 beta=0.652 grad=13.29769 horizon=280 lifetime=[299,1156] skipped=False
2026-08-30 16:25:17,662 | INFO | step=3270/20000 loss=-0.7007955 nll=-0.7045239 kl=0.005700946 consistency=0 lambda=0 beta=0.654 grad=14.72422 horizon=120 lifetime=[465,1015] skipped=False
2026-08-30 16:25:18,064 | INFO | step=3280/20000 loss=2.085074 nll=2.081262 kl=0.005810864 consistency=0 lambda=0 beta=0.656 grad=135.4753 horizon=180 lifetime=[428,1091] skipped=False
2026-08-30 16:25:18,464 | INFO | step=3290/20000 loss=-0.804791 nll=-0.806704 kl=0.002907291 consistency=0 lambda=0 beta=0.658 grad=16.65621 horizon=240 lifetime=[428,909] skipped=False
2026-08-30 16:25:18,836 | INFO | step=3300/20000 loss=-0.1130091 nll=-0.1172413 kl=0.006412365 consistency=0 lambda=0 beta=0.66 grad=45.76544 horizon=120 lifetime=[508,1091] skipped=False
2026-08-30 16:25:19,229 | INFO | step=3310/20000 loss=-0.01298597 nll=-0.01436752 kl=0.00208693 consistency=0 lambda=0 beta=0.662 grad=25.09405 horizon=300 lifetime=[453,1858] skipped=False
2026-08-30 16:25:19,668 | INFO | step=3320/20000 loss=-0.6454098 nll=-0.6465686 kl=0.001745224 consistency=0 lambda=0 beta=0.664 grad=29.36691 horizon=260 lifetime=[443,875] skipped=False
2026-08-30 16:25:20,077 | INFO | step=3330/20000 loss=-0.0361971 nll=-0.04245707 kl=0.009399347 consistency=0 lambda=0 beta=0.666 grad=47.27187 horizon=280 lifetime=[453,1045] skipped=False
2026-08-30 16:25:20,465 | INFO | step=3340/20000 loss=0.1002159 nll=0.09798187 kl=0.003344364 consistency=0 lambda=0 beta=0.668 grad=119.8035 horizon=140 lifetime=[443,1635] skipped=False
2026-08-30 16:25:20,843 | INFO | step=3350/20000 loss=-0.6059054 nll=-0.607789 kl=0.002811447 consistency=0 lambda=0 beta=0.67 grad=40.23498 horizon=200 lifetime=[467,988] skipped=False
2026-08-30 16:25:21,241 | INFO | step=3360/20000 loss=0.3289918 nll=0.3263087 kl=0.003992766 consistency=0 lambda=0 beta=0.672 grad=78.98074 horizon=160 lifetime=[458,2154] skipped=False
2026-08-30 16:25:21,688 | INFO | step=3370/20000 loss=0.9850494 nll=0.9812476 kl=0.005640727 consistency=0 lambda=0 beta=0.674 grad=64.89214 horizon=260 lifetime=[455,1055] skipped=False
2026-08-30 16:25:22,108 | INFO | step=3380/20000 loss=0.8061007 nll=0.8044239 kl=0.002480589 consistency=0 lambda=0 beta=0.676 grad=100.3501 horizon=300 lifetime=[526,1858] skipped=False
2026-08-30 16:25:22,536 | INFO | step=3390/20000 loss=-0.2883127 nll=-0.2909156 kl=0.003839094 consistency=0 lambda=0 beta=0.678 grad=37.69304 horizon=220 lifetime=[428,1635] skipped=False
2026-08-30 16:25:22,952 | INFO | step=3400/20000 loss=-0.2008206 nll=-0.2026505 kl=0.002690949 consistency=0 lambda=0 beta=0.68 grad=17.96357 horizon=160 lifetime=[428,2154] skipped=False
2026-08-30 16:25:23,357 | INFO | step=3410/20000 loss=-0.3820043 nll=-0.3829554 kl=0.001394607 consistency=0 lambda=0 beta=0.682 grad=57.1665 horizon=220 lifetime=[484,1081] skipped=False
2026-08-30 16:25:23,806 | INFO | step=3420/20000 loss=-0.5426438 nll=-0.5459999 kl=0.004906539 consistency=0 lambda=0 beta=0.684 grad=77.23567 horizon=220 lifetime=[465,1076] skipped=False
2026-08-30 16:25:24,240 | INFO | step=3430/20000 loss=-0.5054719 nll=-0.5077225 kl=0.003280785 consistency=0 lambda=0 beta=0.686 grad=79.92471 horizon=280 lifetime=[453,1000] skipped=False
2026-08-30 16:25:24,653 | INFO | step=3440/20000 loss=0.8235131 nll=0.822923 kl=0.000857641 consistency=0 lambda=0 beta=0.688 grad=70.04291 horizon=260 lifetime=[458,1081] skipped=False
2026-08-30 16:25:25,041 | INFO | step=3450/20000 loss=-0.6054677 nll=-0.6078758 kl=0.003489952 consistency=0 lambda=0 beta=0.69 grad=11.34163 horizon=200 lifetime=[458,913] skipped=False
2026-08-30 16:25:25,436 | INFO | step=3460/20000 loss=-0.1817062 nll=-0.1849428 kl=0.004677227 consistency=0 lambda=0 beta=0.692 grad=20.5706 horizon=100 lifetime=[467,1015] skipped=False
2026-08-30 16:25:25,845 | INFO | step=3470/20000 loss=-0.4295093 nll=-0.4310146 kl=0.002168942 consistency=0 lambda=0 beta=0.694 grad=58.72643 horizon=160 lifetime=[484,1038] skipped=False
2026-08-30 16:25:26,259 | INFO | step=3480/20000 loss=0.1916009 nll=0.1854692 kl=0.008809874 consistency=0 lambda=0 beta=0.696 grad=30.62521 horizon=120 lifetime=[465,1932] skipped=False
2026-08-30 16:25:26,703 | INFO | step=3490/20000 loss=0.1207371 nll=0.1180072 kl=0.003910977 consistency=0 lambda=0 beta=0.698 grad=45.00438 horizon=260 lifetime=[484,1635] skipped=False
2026-08-30 16:25:27,417 | INFO | validation step=3500 rmse=232.6618 best=212.0218@2500 stale=2/10
2026-08-30 16:25:27,417 | INFO | step=3500/20000 loss=-0.8017448 nll=-0.8042879 kl=0.003633082 consistency=0 lambda=0 beta=0.7 grad=35.56222 horizon=260 lifetime=[467,1007] skipped=False
2026-08-30 16:25:27,901 | INFO | step=3510/20000 loss=-0.4728962 nll=-0.477528 kl=0.006598072 consistency=0 lambda=0 beta=0.702 grad=17.72976 horizon=240 lifetime=[476,1156] skipped=False
2026-08-30 16:25:28,352 | INFO | step=3520/20000 loss=-0.2961866 nll=-0.2991294 kl=0.004180124 consistency=0 lambda=0 beta=0.704 grad=105.7457 horizon=280 lifetime=[491,1049] skipped=False
2026-08-30 16:25:28,730 | INFO | step=3530/20000 loss=-0.2519223 nll=-0.2531424 kl=0.001728154 consistency=0 lambda=0 beta=0.706 grad=32.23373 horizon=140 lifetime=[428,1154] skipped=False
2026-08-30 16:25:29,118 | INFO | step=3540/20000 loss=-0.8032526 nll=-0.805479 kl=0.003144694 consistency=0 lambda=0 beta=0.708 grad=32.64619 horizon=120 lifetime=[464,1049] skipped=False
2026-08-30 16:25:29,501 | INFO | step=3550/20000 loss=-0.2424091 nll=-0.2443992 kl=0.002802954 consistency=0 lambda=0 beta=0.71 grad=48.47548 horizon=140 lifetime=[458,913] skipped=False
2026-08-30 16:25:29,935 | INFO | step=3560/20000 loss=0.5787079 nll=0.574304 kl=0.006185206 consistency=0 lambda=0 beta=0.712 grad=139.4706 horizon=120 lifetime=[299,1049] skipped=False
2026-08-30 16:25:30,311 | INFO | step=3570/20000 loss=-0.3876613 nll=-0.391176 kl=0.004922617 consistency=0 lambda=0 beta=0.714 grad=66.21818 horizon=260 lifetime=[479,1076] skipped=False
2026-08-30 16:25:30,736 | INFO | step=3580/20000 loss=0.4006762 nll=0.3998294 kl=0.001182616 consistency=0 lambda=0 beta=0.716 grad=28.01746 horizon=260 lifetime=[465,1858] skipped=False
2026-08-30 16:25:31,183 | INFO | step=3590/20000 loss=-0.2331466 nll=-0.2371602 kl=0.005589963 consistency=0 lambda=0 beta=0.718 grad=91.85577 horizon=240 lifetime=[437,1091] skipped=False
2026-08-30 16:25:31,576 | INFO | step=3600/20000 loss=-0.380227 nll=-0.3822488 kl=0.002807976 consistency=0 lambda=0 beta=0.72 grad=70.03938 horizon=160 lifetime=[299,1154] skipped=False
2026-08-30 16:25:31,998 | INFO | step=3610/20000 loss=-0.3662599 nll=-0.3694239 kl=0.004382353 consistency=0 lambda=0 beta=0.722 grad=30.52031 horizon=140 lifetime=[467,1932] skipped=False
2026-08-30 16:25:32,408 | INFO | step=3620/20000 loss=-0.6051678 nll=-0.6084775 kl=0.004571356 consistency=0 lambda=0 beta=0.724 grad=64.19703 horizon=300 lifetime=[486,988] skipped=False
2026-08-30 16:25:32,793 | INFO | step=3630/20000 loss=0.2370973 nll=0.2339274 kl=0.004366366 consistency=0 lambda=0 beta=0.726 grad=240.5565 horizon=280 lifetime=[476,1932] skipped=False
2026-08-30 16:25:33,224 | INFO | step=3640/20000 loss=1.974988 nll=1.973509 kl=0.002032137 consistency=0 lambda=0 beta=0.728 grad=178.6159 horizon=220 lifetime=[533,2154] skipped=False
2026-08-30 16:25:33,635 | INFO | step=3650/20000 loss=-0.5451562 nll=-0.5490673 kl=0.005357733 consistency=0 lambda=0 beta=0.73 grad=30.20543 horizon=180 lifetime=[299,869] skipped=False
2026-08-30 16:25:34,072 | INFO | step=3660/20000 loss=-0.3314937 nll=-0.3348286 kl=0.004555879 consistency=0 lambda=0 beta=0.732 grad=30.08199 horizon=300 lifetime=[470,2154] skipped=False
2026-08-30 16:25:34,495 | INFO | step=3670/20000 loss=-0.09291925 nll=-0.0962593 kl=0.004550482 consistency=0 lambda=0 beta=0.734 grad=19.2146 horizon=220 lifetime=[428,1858] skipped=False
2026-08-30 16:25:34,932 | INFO | step=3680/20000 loss=0.3738371 nll=0.368953 kl=0.006635956 consistency=0 lambda=0 beta=0.736 grad=9.34552 horizon=120 lifetime=[493,2154] skipped=False
2026-08-30 16:25:35,328 | INFO | step=3690/20000 loss=0.1026483 nll=0.09556589 kl=0.00959683 consistency=0 lambda=0 beta=0.738 grad=103.8542 horizon=220 lifetime=[526,1038] skipped=False
2026-08-30 16:25:35,746 | INFO | step=3700/20000 loss=0.4497591 nll=0.4455253 kl=0.00572142 consistency=0 lambda=0 beta=0.74 grad=30.78931 horizon=100 lifetime=[467,1038] skipped=False
2026-08-30 16:25:36,146 | INFO | step=3710/20000 loss=-0.5935019 nll=-0.5996404 kl=0.008272877 consistency=0 lambda=0 beta=0.742 grad=41.2887 horizon=160 lifetime=[299,988] skipped=False
2026-08-30 16:25:36,518 | INFO | step=3720/20000 loss=0.186017 nll=0.1804456 kl=0.007488455 consistency=0 lambda=0 beta=0.744 grad=55.41603 horizon=240 lifetime=[467,1635] skipped=False
2026-08-30 16:25:36,940 | INFO | step=3730/20000 loss=-0.927963 nll=-0.9303538 kl=0.003204943 consistency=0 lambda=0 beta=0.746 grad=68.30502 horizon=260 lifetime=[428,1015] skipped=False
2026-08-30 16:25:37,308 | INFO | step=3740/20000 loss=-0.2785267 nll=-0.2810743 kl=0.003405936 consistency=0 lambda=0 beta=0.748 grad=23.82537 horizon=200 lifetime=[486,1000] skipped=False
2026-08-30 16:25:37,708 | INFO | step=3750/20000 loss=-0.3831897 nll=-0.3849545 kl=0.002353085 consistency=0 lambda=0 beta=0.75 grad=51.31752 horizon=200 lifetime=[437,1154] skipped=False
2026-08-30 16:25:38,094 | INFO | step=3760/20000 loss=-0.2683636 nll=-0.2709971 kl=0.003502049 consistency=0 lambda=0 beta=0.752 grad=59.5632 horizon=260 lifetime=[486,1007] skipped=False
2026-08-30 16:25:38,454 | INFO | step=3770/20000 loss=-0.06730542 nll=-0.06992894 kl=0.003479473 consistency=0 lambda=0 beta=0.754 grad=64.63063 horizon=120 lifetime=[465,1932] skipped=False
2026-08-30 16:25:38,875 | INFO | step=3780/20000 loss=-0.2212173 nll=-0.2238338 kl=0.003460944 consistency=0 lambda=0 beta=0.756 grad=60.57071 horizon=280 lifetime=[607,1091] skipped=False
2026-08-30 16:25:39,242 | INFO | step=3790/20000 loss=1.035541 nll=1.033571 kl=0.002598941 consistency=0 lambda=0 beta=0.758 grad=109.801 horizon=300 lifetime=[458,1081] skipped=False
2026-08-30 16:25:39,636 | INFO | step=3800/20000 loss=-0.8965789 nll=-0.8996202 kl=0.004001692 consistency=0 lambda=0 beta=0.76 grad=25.30708 horizon=240 lifetime=[299,1091] skipped=False
2026-08-30 16:25:40,019 | INFO | step=3810/20000 loss=-0.6709943 nll=-0.6727134 kl=0.002256073 consistency=0 lambda=0 beta=0.762 grad=44.3648 horizon=180 lifetime=[443,1052] skipped=False
2026-08-30 16:25:40,415 | INFO | step=3820/20000 loss=-0.4997793 nll=-0.5012913 kl=0.001979068 consistency=0 lambda=0 beta=0.764 grad=100.694 horizon=240 lifetime=[428,1038] skipped=False
2026-08-30 16:25:40,805 | INFO | step=3830/20000 loss=0.07885509 nll=0.07633036 kl=0.003295988 consistency=0 lambda=0 beta=0.766 grad=81.4605 horizon=280 lifetime=[458,1091] skipped=False
2026-08-30 16:25:41,181 | INFO | step=3840/20000 loss=-1.075294 nll=-1.07805 kl=0.003587717 consistency=0 lambda=0 beta=0.768 grad=25.20808 horizon=220 lifetime=[428,1038] skipped=False
2026-08-30 16:25:41,566 | INFO | step=3850/20000 loss=-0.9527394 nll=-0.9543431 kl=0.002082733 consistency=0 lambda=0 beta=0.77 grad=48.25524 horizon=220 lifetime=[460,1081] skipped=False
2026-08-30 16:25:41,958 | INFO | step=3860/20000 loss=-0.6247104 nll=-0.626063 kl=0.001752099 consistency=0 lambda=0 beta=0.772 grad=64.73823 horizon=240 lifetime=[479,1152] skipped=False
2026-08-30 16:25:42,348 | INFO | step=3870/20000 loss=-0.1152116 nll=-0.1164781 kl=0.001636297 consistency=0 lambda=0 beta=0.774 grad=32.20008 horizon=180 lifetime=[455,1049] skipped=False
2026-08-30 16:25:42,745 | INFO | step=3880/20000 loss=0.6606557 nll=0.6562837 kl=0.005633984 consistency=0 lambda=0 beta=0.776 grad=145.009 horizon=280 lifetime=[460,1015] skipped=False
2026-08-30 16:25:43,190 | INFO | step=3890/20000 loss=-0.5523815 nll=-0.5532404 kl=0.001104087 consistency=0 lambda=0 beta=0.778 grad=75.8793 horizon=300 lifetime=[443,1055] skipped=False
2026-08-30 16:25:43,625 | INFO | step=3900/20000 loss=-0.3874371 nll=-0.3882322 kl=0.001019351 consistency=0 lambda=0 beta=0.78 grad=107.9195 horizon=260 lifetime=[484,1932] skipped=False
2026-08-30 16:25:43,974 | INFO | step=3910/20000 loss=-0.4380758 nll=-0.4435536 kl=0.007004969 consistency=0 lambda=0 beta=0.782 grad=23.31775 horizon=100 lifetime=[443,1038] skipped=False
2026-08-30 16:25:44,366 | INFO | step=3920/20000 loss=-0.2586242 nll=-0.2605847 kl=0.002500623 consistency=0 lambda=0 beta=0.784 grad=28.32455 horizon=120 lifetime=[484,1012] skipped=False
2026-08-30 16:25:44,764 | INFO | step=3930/20000 loss=-0.208507 nll=-0.2114868 kl=0.003791109 consistency=0 lambda=0 beta=0.786 grad=19.42776 horizon=240 lifetime=[497,1635] skipped=False
2026-08-30 16:25:45,128 | INFO | step=3940/20000 loss=0.2245053 nll=0.221098 kl=0.004324034 consistency=0 lambda=0 beta=0.788 grad=149.4346 horizon=100 lifetime=[299,1635] skipped=False
2026-08-30 16:25:45,522 | INFO | step=3950/20000 loss=0.3624408 nll=0.3593092 kl=0.003963999 consistency=0 lambda=0 beta=0.79 grad=33.04399 horizon=140 lifetime=[497,1152] skipped=False
2026-08-30 16:25:45,922 | INFO | step=3960/20000 loss=-0.3418031 nll=-0.3435159 kl=0.002162583 consistency=0 lambda=0 beta=0.792 grad=75.23142 horizon=260 lifetime=[443,1152] skipped=False
2026-08-30 16:25:46,318 | INFO | step=3970/20000 loss=-0.3420974 nll=-0.3471746 kl=0.006394461 consistency=0 lambda=0 beta=0.794 grad=18.90791 horizon=120 lifetime=[443,991] skipped=False
2026-08-30 16:25:46,721 | INFO | step=3980/20000 loss=2.291489 nll=2.290112 kl=0.001729898 consistency=0 lambda=0 beta=0.796 grad=294.3942 horizon=180 lifetime=[467,1932] skipped=False
2026-08-30 16:25:47,061 | INFO | step=3990/20000 loss=-0.6018914 nll=-0.6110896 kl=0.01152658 consistency=0 lambda=0 beta=0.798 grad=35.87817 horizon=140 lifetime=[479,1081] skipped=False
2026-08-30 16:25:47,724 | INFO | validation step=4000 rmse=250.1024 best=212.0218@2500 stale=3/10
2026-08-30 16:25:47,724 | INFO | step=4000/20000 loss=0.1655496 nll=0.1645441 kl=0.001256879 consistency=0 lambda=0 beta=0.8 grad=35.81613 horizon=180 lifetime=[505,1076] skipped=False
2026-08-30 16:25:48,216 | INFO | step=4010/20000 loss=-0.2073582 nll=-0.2097032 kl=0.002924012 consistency=0 lambda=0 beta=0.802 grad=13.49505 horizon=300 lifetime=[437,1635] skipped=False
2026-08-30 16:25:48,587 | INFO | step=4020/20000 loss=-0.4582211 nll=-0.46246 kl=0.00527218 consistency=0 lambda=0 beta=0.804 grad=45.70898 horizon=140 lifetime=[428,858] skipped=False
2026-08-30 16:25:48,971 | INFO | step=4030/20000 loss=-0.7157936 nll=-0.7187981 kl=0.00372763 consistency=0 lambda=0 beta=0.806 grad=34.73367 horizon=300 lifetime=[484,1045] skipped=False
2026-08-30 16:25:49,428 | INFO | step=4040/20000 loss=0.4172693 nll=0.4147449 kl=0.003124252 consistency=0 lambda=0 beta=0.808 grad=113.4218 horizon=140 lifetime=[738,2154] skipped=False
2026-08-30 16:25:49,814 | INFO | step=4050/20000 loss=-0.4673182 nll=-0.4687199 kl=0.001730502 consistency=0 lambda=0 beta=0.81 grad=47.72804 horizon=180 lifetime=[428,1156] skipped=False
2026-08-30 16:25:50,234 | INFO | step=4060/20000 loss=-0.04115119 nll=-0.04364061 kl=0.003065795 consistency=0 lambda=0 beta=0.812 grad=118.5591 horizon=300 lifetime=[437,1081] skipped=False
2026-08-30 16:25:50,659 | INFO | step=4070/20000 loss=-0.1834726 nll=-0.1847275 kl=0.001541622 consistency=0 lambda=0 beta=0.814 grad=52.74281 horizon=240 lifetime=[508,991] skipped=False
2026-08-30 16:25:51,073 | INFO | step=4080/20000 loss=-0.4164063 nll=-0.4185248 kl=0.002596289 consistency=0 lambda=0 beta=0.816 grad=48.90773 horizon=200 lifetime=[458,1156] skipped=False
2026-08-30 16:25:51,463 | INFO | step=4090/20000 loss=-0.4464312 nll=-0.4520682 kl=0.00689128 consistency=0 lambda=0 beta=0.818 grad=34.19706 horizon=160 lifetime=[299,1055] skipped=False
2026-08-30 16:25:51,864 | INFO | step=4100/20000 loss=-0.1885913 nll=-0.1901617 kl=0.001915127 consistency=0 lambda=0 beta=0.82 grad=42.09288 horizon=120 lifetime=[458,1932] skipped=False
2026-08-30 16:25:52,299 | INFO | step=4110/20000 loss=-0.5971573 nll=-0.597877 kl=0.0008754767 consistency=0 lambda=0 beta=0.822 grad=204.8463 horizon=240 lifetime=[453,1932] skipped=False
2026-08-30 16:25:52,712 | INFO | step=4120/20000 loss=-0.6999719 nll=-0.7042884 kl=0.005238567 consistency=0 lambda=0 beta=0.824 grad=94.91678 horizon=300 lifetime=[455,938] skipped=False
2026-08-30 16:25:53,057 | INFO | step=4130/20000 loss=1.131912 nll=1.127295 kl=0.005588535 consistency=0 lambda=0 beta=0.826 grad=323.6021 horizon=140 lifetime=[437,1932] skipped=False
2026-08-30 16:25:53,467 | INFO | step=4140/20000 loss=-0.5681061 nll=-0.5697604 kl=0.001997944 consistency=0 lambda=0 beta=0.828 grad=22.39558 horizon=300 lifetime=[428,1858] skipped=False
2026-08-30 16:25:53,883 | INFO | step=4150/20000 loss=-0.193202 nll=-0.1941006 kl=0.001082681 consistency=0 lambda=0 beta=0.83 grad=153.9923 horizon=200 lifetime=[428,1152] skipped=False
2026-08-30 16:25:54,286 | INFO | step=4160/20000 loss=0.4460792 nll=0.4399568 kl=0.007358592 consistency=0 lambda=0 beta=0.832 grad=76.52502 horizon=100 lifetime=[462,1156] skipped=False
2026-08-30 16:25:54,724 | INFO | step=4170/20000 loss=0.9775243 nll=0.9758077 kl=0.002058201 consistency=0 lambda=0 beta=0.834 grad=233.0741 horizon=300 lifetime=[491,1154] skipped=False
2026-08-30 16:25:55,106 | INFO | step=4180/20000 loss=0.8493884 nll=0.8444275 kl=0.005934073 consistency=0 lambda=0 beta=0.836 grad=137.8848 horizon=160 lifetime=[747,1156] skipped=False
2026-08-30 16:25:55,494 | INFO | step=4190/20000 loss=-0.7427191 nll=-0.7443686 kl=0.001968276 consistency=0 lambda=0 beta=0.838 grad=17.78177 horizon=240 lifetime=[464,988] skipped=False
2026-08-30 16:25:55,876 | INFO | step=4200/20000 loss=0.2055949 nll=0.2045606 kl=0.001231261 consistency=0 lambda=0 beta=0.84 grad=100.0242 horizon=200 lifetime=[526,938] skipped=False
2026-08-30 16:25:56,284 | INFO | step=4210/20000 loss=-0.1327533 nll=-0.1365618 kl=0.004523123 consistency=0 lambda=0 beta=0.842 grad=89.30849 horizon=180 lifetime=[437,1858] skipped=False
2026-08-30 16:25:56,684 | INFO | step=4220/20000 loss=0.7540926 nll=0.7530048 kl=0.001288941 consistency=0 lambda=0 beta=0.844 grad=69.65785 horizon=260 lifetime=[498,1015] skipped=False
2026-08-30 16:25:57,080 | INFO | step=4230/20000 loss=-0.5216932 nll=-0.5233308 kl=0.001935747 consistency=0 lambda=0 beta=0.846 grad=30.46398 horizon=140 lifetime=[497,1154] skipped=False
2026-08-30 16:25:57,492 | INFO | step=4240/20000 loss=-0.6191195 nll=-0.6236467 kl=0.005338675 consistency=0 lambda=0 beta=0.848 grad=33.99087 horizon=280 lifetime=[437,915] skipped=False
2026-08-30 16:25:57,929 | INFO | step=4250/20000 loss=-0.5931472 nll=-0.5944889 kl=0.001578441 consistency=0 lambda=0 beta=0.85 grad=36.97672 horizon=220 lifetime=[498,1045] skipped=False
2026-08-30 16:25:58,316 | INFO | step=4260/20000 loss=-0.3713586 nll=-0.3732574 kl=0.002228621 consistency=0 lambda=0 beta=0.852 grad=42.87722 horizon=200 lifetime=[437,2154] skipped=False
2026-08-30 16:25:58,759 | INFO | step=4270/20000 loss=-0.8742797 nll=-0.8762114 kl=0.002261963 consistency=0 lambda=0 beta=0.854 grad=18.98034 horizon=260 lifetime=[458,1635] skipped=False
2026-08-30 16:25:59,166 | INFO | step=4280/20000 loss=-0.8139973 nll=-0.8153481 kl=0.001578152 consistency=0 lambda=0 beta=0.856 grad=49.23035 horizon=280 lifetime=[476,1055] skipped=False
2026-08-30 16:25:59,520 | INFO | step=4290/20000 loss=-0.1835582 nll=-0.1851715 kl=0.001880303 consistency=0 lambda=0 beta=0.858 grad=37.59402 horizon=100 lifetime=[465,863] skipped=False
2026-08-30 16:25:59,931 | INFO | step=4300/20000 loss=0.6642199 nll=0.6627434 kl=0.001716807 consistency=0 lambda=0 beta=0.86 grad=570.8448 horizon=240 lifetime=[455,1858] skipped=False
2026-08-30 16:26:00,324 | INFO | step=4310/20000 loss=-0.5506725 nll=-0.5575777 kl=0.008010641 consistency=0 lambda=0 beta=0.862 grad=77.97105 horizon=300 lifetime=[482,1055] skipped=False
2026-08-30 16:26:00,692 | INFO | step=4320/20000 loss=-0.6934692 nll=-0.695294 kl=0.002112031 consistency=0 lambda=0 beta=0.864 grad=37.78017 horizon=240 lifetime=[467,1152] skipped=False
2026-08-30 16:26:01,078 | INFO | step=4330/20000 loss=-0.9583304 nll=-0.9605122 kl=0.002519436 consistency=0 lambda=0 beta=0.866 grad=20.54631 horizon=220 lifetime=[493,1049] skipped=False
2026-08-30 16:26:01,433 | INFO | step=4340/20000 loss=-0.4063058 nll=-0.4076979 kl=0.001603879 consistency=0 lambda=0 beta=0.868 grad=34.08495 horizon=180 lifetime=[428,2154] skipped=False
2026-08-30 16:26:01,846 | INFO | step=4350/20000 loss=-0.2176653 nll=-0.2196455 kl=0.002276182 consistency=0 lambda=0 beta=0.87 grad=23.98893 horizon=200 lifetime=[505,1635] skipped=False
2026-08-30 16:26:02,260 | INFO | step=4360/20000 loss=1.10904 nll=1.105612 kl=0.003930584 consistency=0 lambda=0 beta=0.872 grad=121.5009 horizon=100 lifetime=[147,1635] skipped=False
2026-08-30 16:26:02,703 | INFO | step=4370/20000 loss=-1.141787 nll=-1.144261 kl=0.002831265 consistency=0 lambda=0 beta=0.874 grad=46.82705 horizon=200 lifetime=[299,1049] skipped=False
2026-08-30 16:26:03,123 | INFO | step=4380/20000 loss=-0.05076118 nll=-0.05390124 kl=0.003584541 consistency=0 lambda=0 beta=0.876 grad=48.72993 horizon=300 lifetime=[460,1635] skipped=False
2026-08-30 16:26:03,509 | INFO | step=4390/20000 loss=-0.7127944 nll=-0.7168702 kl=0.004642081 consistency=0 lambda=0 beta=0.878 grad=35.73998 horizon=220 lifetime=[462,1081] skipped=False
2026-08-30 16:26:03,921 | INFO | step=4400/20000 loss=-0.5086869 nll=-0.5108801 kl=0.002492301 consistency=0 lambda=0 beta=0.88 grad=34.22432 horizon=200 lifetime=[455,863] skipped=False
2026-08-30 16:26:04,356 | INFO | step=4410/20000 loss=-0.8579748 nll=-0.8590394 kl=0.001206934 consistency=0 lambda=0 beta=0.882 grad=20.11855 horizon=280 lifetime=[428,875] skipped=False
2026-08-30 16:26:04,734 | INFO | step=4420/20000 loss=0.7080874 nll=0.7061955 kl=0.002140254 consistency=0 lambda=0 beta=0.884 grad=50.82674 horizon=100 lifetime=[597,1858] skipped=False
2026-08-30 16:26:05,149 | INFO | step=4430/20000 loss=-0.4687811 nll=-0.4715739 kl=0.003152251 consistency=0 lambda=0 beta=0.886 grad=92.44431 horizon=220 lifetime=[464,1154] skipped=False
2026-08-30 16:26:05,517 | INFO | step=4440/20000 loss=-0.3032594 nll=-0.3052055 kl=0.002191534 consistency=0 lambda=0 beta=0.888 grad=44.14838 horizon=140 lifetime=[453,2154] skipped=False
2026-08-30 16:26:05,947 | INFO | step=4450/20000 loss=-0.07428995 nll=-0.07648292 kl=0.002464015 consistency=0 lambda=0 beta=0.89 grad=34.55889 horizon=300 lifetime=[458,1152] skipped=False
2026-08-30 16:26:06,306 | INFO | step=4460/20000 loss=-0.6616516 nll=-0.6686918 kl=0.007892609 consistency=0 lambda=0 beta=0.892 grad=18.28846 horizon=100 lifetime=[299,1038] skipped=False
2026-08-30 16:26:06,685 | INFO | step=4470/20000 loss=-0.2583155 nll=-0.2619601 kl=0.004076729 consistency=0 lambda=0 beta=0.894 grad=49.30642 horizon=220 lifetime=[484,1152] skipped=False
2026-08-30 16:26:07,057 | INFO | step=4480/20000 loss=0.9234149 nll=0.9221967 kl=0.001359512 consistency=0 lambda=0 beta=0.896 grad=186.6026 horizon=220 lifetime=[486,1076] skipped=False
2026-08-30 16:26:07,537 | INFO | step=4490/20000 loss=-0.9486696 nll=-0.9503603 kl=0.001882734 consistency=0 lambda=0 beta=0.898 grad=51.03427 horizon=240 lifetime=[461,858] skipped=False
2026-08-30 16:26:08,195 | INFO | validation step=4500 rmse=263.5424 best=212.0218@2500 stale=4/10
2026-08-30 16:26:08,195 | INFO | step=4500/20000 loss=-0.7422044 nll=-0.7437263 kl=0.001690939 consistency=0 lambda=0 beta=0.9 grad=63.61758 horizon=260 lifetime=[428,1045] skipped=False
2026-08-30 16:26:08,645 | INFO | step=4510/20000 loss=-0.1686493 nll=-0.1777465 kl=0.01008555 consistency=0 lambda=0 beta=0.902 grad=60.26919 horizon=120 lifetime=[147,1932] skipped=False
2026-08-30 16:26:09,008 | INFO | step=4520/20000 loss=-0.0390068 nll=-0.03995726 kl=0.001051389 consistency=0 lambda=0 beta=0.904 grad=104.0923 horizon=280 lifetime=[460,1156] skipped=False
2026-08-30 16:26:09,430 | INFO | step=4530/20000 loss=-0.6487807 nll=-0.6522026 kl=0.003776953 consistency=0 lambda=0 beta=0.906 grad=44.85332 horizon=260 lifetime=[443,1932] skipped=False
2026-08-30 16:26:09,832 | INFO | step=4540/20000 loss=-0.01732375 nll=-0.01992838 kl=0.002868541 consistency=0 lambda=0 beta=0.908 grad=50.22774 horizon=100 lifetime=[453,2154] skipped=False
2026-08-30 16:26:10,268 | INFO | step=4550/20000 loss=-0.7373352 nll=-0.7379915 kl=0.0007211436 consistency=0 lambda=0 beta=0.91 grad=31.84743 horizon=280 lifetime=[462,1932] skipped=False
2026-08-30 16:26:10,652 | INFO | step=4560/20000 loss=-0.4627104 nll=-0.4661015 kl=0.003718375 consistency=0 lambda=0 beta=0.912 grad=75.04008 horizon=120 lifetime=[455,1055] skipped=False
2026-08-30 16:26:11,098 | INFO | step=4570/20000 loss=-0.4414125 nll=-0.4434281 kl=0.002205229 consistency=0 lambda=0 beta=0.914 grad=35.08618 horizon=120 lifetime=[428,1055] skipped=False
2026-08-30 16:26:11,521 | INFO | step=4580/20000 loss=-1.015663 nll=-1.017744 kl=0.002272021 consistency=0 lambda=0 beta=0.916 grad=78.7186 horizon=280 lifetime=[299,1025] skipped=False
2026-08-30 16:26:11,910 | INFO | step=4590/20000 loss=0.4256969 nll=0.4235293 kl=0.002361208 consistency=0 lambda=0 beta=0.918 grad=131.9093 horizon=140 lifetime=[443,1635] skipped=False
2026-08-30 16:26:12,288 | INFO | step=4600/20000 loss=-0.4132199 nll=-0.4163019 kl=0.003349975 consistency=0 lambda=0 beta=0.92 grad=39.70513 horizon=100 lifetime=[428,847] skipped=False
2026-08-30 16:26:12,663 | INFO | step=4610/20000 loss=-0.1131062 nll=-0.1154214 kl=0.002510995 consistency=0 lambda=0 beta=0.922 grad=91.73333 horizon=180 lifetime=[461,1858] skipped=False
2026-08-30 16:26:13,056 | INFO | step=4620/20000 loss=0.07311412 nll=0.07139078 kl=0.001865089 consistency=0 lambda=0 beta=0.924 grad=93.78181 horizon=160 lifetime=[461,1052] skipped=False
2026-08-30 16:26:13,452 | INFO | step=4630/20000 loss=-0.9654642 nll=-0.9662706 kl=0.0008708537 consistency=0 lambda=0 beta=0.926 grad=93.41988 horizon=240 lifetime=[437,1038] skipped=False
2026-08-30 16:26:13,817 | INFO | step=4640/20000 loss=-0.5221941 nll=-0.5262482 kl=0.004368581 consistency=0 lambda=0 beta=0.928 grad=18.60308 horizon=160 lifetime=[470,1156] skipped=False
2026-08-30 16:26:14,203 | INFO | step=4650/20000 loss=2.434337 nll=2.432543 kl=0.001928598 consistency=0 lambda=0 beta=0.93 grad=168.0601 horizon=200 lifetime=[443,1156] skipped=False
2026-08-30 16:26:14,599 | INFO | step=4660/20000 loss=-0.2725897 nll=-0.2773052 kl=0.005059548 consistency=0 lambda=0 beta=0.932 grad=86.69305 horizon=160 lifetime=[476,2154] skipped=False
2026-08-30 16:26:14,993 | INFO | step=4670/20000 loss=-0.4958543 nll=-0.498024 kl=0.002323113 consistency=0 lambda=0 beta=0.934 grad=100.0856 horizon=280 lifetime=[299,1000] skipped=False
2026-08-30 16:26:15,417 | INFO | step=4680/20000 loss=-0.5594097 nll=-0.561337 kl=0.002059035 consistency=0 lambda=0 beta=0.936 grad=83.15394 horizon=200 lifetime=[470,1635] skipped=False
2026-08-30 16:26:15,818 | INFO | step=4690/20000 loss=-0.1727294 nll=-0.1791712 kl=0.006867625 consistency=0 lambda=0 beta=0.938 grad=77.35506 horizon=200 lifetime=[465,1076] skipped=False
2026-08-30 16:26:16,227 | INFO | step=4700/20000 loss=-0.8217308 nll=-0.8250154 kl=0.003494315 consistency=0 lambda=0 beta=0.94 grad=30.64061 horizon=120 lifetime=[461,1012] skipped=False
2026-08-30 16:26:16,591 | INFO | step=4710/20000 loss=0.6422584 nll=0.6388886 kl=0.00357727 consistency=0 lambda=0 beta=0.942 grad=165.6185 horizon=180 lifetime=[464,1076] skipped=False
2026-08-30 16:26:16,966 | INFO | step=4720/20000 loss=-0.1566674 nll=-0.1576535 kl=0.001044556 consistency=0 lambda=0 beta=0.944 grad=107.2202 horizon=300 lifetime=[455,1152] skipped=False
2026-08-30 16:26:17,345 | INFO | step=4730/20000 loss=0.290343 nll=0.2868474 kl=0.003695212 consistency=0 lambda=0 beta=0.946 grad=106.7402 horizon=260 lifetime=[453,1858] skipped=False
2026-08-30 16:26:17,738 | INFO | step=4740/20000 loss=-0.3908271 nll=-0.3927881 kl=0.002068624 consistency=0 lambda=0 beta=0.948 grad=71.96888 horizon=240 lifetime=[491,1076] skipped=False
2026-08-30 16:26:18,162 | INFO | step=4750/20000 loss=-0.2122921 nll=-0.2165252 kl=0.004455864 consistency=0 lambda=0 beta=0.95 grad=88.80318 horizon=160 lifetime=[458,1635] skipped=False
2026-08-30 16:26:18,565 | INFO | step=4760/20000 loss=0.1229826 nll=0.1215125 kl=0.001544274 consistency=0 lambda=0 beta=0.952 grad=160.4669 horizon=200 lifetime=[486,1154] skipped=False
2026-08-30 16:26:19,011 | INFO | step=4770/20000 loss=-0.4729654 nll=-0.4763556 kl=0.003553651 consistency=0 lambda=0 beta=0.954 grad=79.5827 horizon=260 lifetime=[461,1154] skipped=False
2026-08-30 16:26:19,429 | INFO | step=4780/20000 loss=0.1810841 nll=0.1791905 kl=0.001980804 consistency=0 lambda=0 beta=0.956 grad=73.12924 horizon=160 lifetime=[467,1932] skipped=False
2026-08-30 16:26:19,865 | INFO | step=4790/20000 loss=-0.7149735 nll=-0.7208609 kl=0.006145507 consistency=0 lambda=0 beta=0.958 grad=22.75264 horizon=300 lifetime=[462,942] skipped=False
2026-08-30 16:26:20,306 | INFO | step=4800/20000 loss=-0.747583 nll=-0.7492794 kl=0.001767121 consistency=0 lambda=0 beta=0.96 grad=68.84731 horizon=220 lifetime=[476,1932] skipped=False
2026-08-30 16:26:20,694 | INFO | step=4810/20000 loss=-0.5550047 nll=-0.5624263 kl=0.007714711 consistency=0 lambda=0 beta=0.962 grad=44.96049 horizon=120 lifetime=[437,860] skipped=False
2026-08-30 16:26:21,115 | INFO | step=4820/20000 loss=-1.035229 nll=-1.036256 kl=0.001065388 consistency=0 lambda=0 beta=0.964 grad=39.56547 horizon=280 lifetime=[460,1076] skipped=False
2026-08-30 16:26:21,502 | INFO | step=4830/20000 loss=-0.5364836 nll=-0.5378762 kl=0.001441658 consistency=0 lambda=0 beta=0.966 grad=74.54976 horizon=280 lifetime=[428,909] skipped=False
2026-08-30 16:26:21,871 | INFO | step=4840/20000 loss=0.01340992 nll=0.01165361 kl=0.001814365 consistency=0 lambda=0 beta=0.968 grad=54.78597 horizon=120 lifetime=[497,2154] skipped=False
2026-08-30 16:26:22,263 | INFO | step=4850/20000 loss=-0.9523046 nll=-0.9530624 kl=0.0007812381 consistency=0 lambda=0 beta=0.97 grad=30.2144 horizon=200 lifetime=[428,1055] skipped=False
2026-08-30 16:26:22,616 | INFO | step=4860/20000 loss=-0.5850251 nll=-0.5884902 kl=0.003564999 consistency=0 lambda=0 beta=0.972 grad=99.00421 horizon=260 lifetime=[458,1154] skipped=False
2026-08-30 16:26:23,041 | INFO | step=4870/20000 loss=-0.0333196 nll=-0.03534016 kl=0.002074495 consistency=0 lambda=0 beta=0.974 grad=159.9996 horizon=260 lifetime=[505,858] skipped=False
2026-08-30 16:26:23,609 | INFO | step=4880/20000 loss=-0.605318 nll=-0.6068183 kl=0.001537189 consistency=0 lambda=0 beta=0.976 grad=36.55092 horizon=220 lifetime=[458,1091] skipped=False
2026-08-30 16:26:24,028 | INFO | step=4890/20000 loss=-0.6033207 nll=-0.6063694 kl=0.003117293 consistency=0 lambda=0 beta=0.978 grad=45.43709 horizon=260 lifetime=[464,2154] skipped=False
2026-08-30 16:26:24,399 | INFO | step=4900/20000 loss=-1.052587 nll=-1.054606 kl=0.002060309 consistency=0 lambda=0 beta=0.98 grad=32.31976 horizon=260 lifetime=[461,1045] skipped=False
2026-08-30 16:26:24,777 | INFO | step=4910/20000 loss=-0.846091 nll=-0.8476483 kl=0.001585782 consistency=0 lambda=0 beta=0.982 grad=31.90852 horizon=160 lifetime=[470,1007] skipped=False
2026-08-30 16:26:25,196 | INFO | step=4920/20000 loss=-0.2195054 nll=-0.2251754 kl=0.005762205 consistency=0 lambda=0 beta=0.984 grad=103.5677 horizon=280 lifetime=[299,1156] skipped=False
2026-08-30 16:26:25,612 | INFO | step=4930/20000 loss=-0.3104304 nll=-0.3124151 kl=0.002012864 consistency=0 lambda=0 beta=0.986 grad=43.70256 horizon=120 lifetime=[656,1154] skipped=False
2026-08-30 16:26:26,033 | INFO | step=4940/20000 loss=0.05308528 nll=0.05133545 kl=0.001771078 consistency=0 lambda=0 beta=0.988 grad=82.22129 horizon=120 lifetime=[533,1076] skipped=False
2026-08-30 16:26:26,446 | INFO | step=4950/20000 loss=-0.9305845 nll=-0.9320626 kl=0.001492918 consistency=0 lambda=0 beta=0.99 grad=35.98045 horizon=280 lifetime=[443,1091] skipped=False
2026-08-30 16:26:26,837 | INFO | step=4960/20000 loss=-0.8907297 nll=-0.8922343 kl=0.001516819 consistency=0 lambda=0 beta=0.992 grad=83.72175 horizon=260 lifetime=[465,1052] skipped=False
2026-08-30 16:26:27,246 | INFO | step=4970/20000 loss=-0.5302961 nll=-0.5312082 kl=0.0009176582 consistency=0 lambda=0 beta=0.994 grad=125.2635 horizon=260 lifetime=[476,1015] skipped=False
2026-08-30 16:26:27,631 | INFO | step=4980/20000 loss=-0.5132965 nll=-0.5165718 kl=0.003288344 consistency=0 lambda=0 beta=0.996 grad=40.24655 horizon=240 lifetime=[460,2154] skipped=False
2026-08-30 16:26:28,056 | INFO | step=4990/20000 loss=-0.509813 nll=-0.5114483 kl=0.001638547 consistency=0 lambda=0 beta=0.998 grad=75.79861 horizon=140 lifetime=[453,1025] skipped=False
2026-08-30 16:26:28,755 | INFO | validation step=5000 rmse=251.292 best=212.0218@2500 stale=5/10
2026-08-30 16:26:28,755 | INFO | step=5000/20000 loss=-0.9045358 nll=-0.9074242 kl=0.002888441 consistency=0 lambda=0 beta=1 grad=105.3123 horizon=300 lifetime=[453,1152] skipped=False
2026-08-30 16:26:29,227 | INFO | step=5010/20000 loss=-1.007503 nll=-1.012255 kl=0.00475198 consistency=0 lambda=0 beta=1 grad=64.72205 horizon=220 lifetime=[453,1091] skipped=False
2026-08-30 16:26:29,611 | INFO | step=5020/20000 loss=0.09136872 nll=0.08803283 kl=0.003335893 consistency=0 lambda=0 beta=1 grad=50.57064 horizon=140 lifetime=[476,1932] skipped=False
2026-08-30 16:26:29,991 | INFO | step=5030/20000 loss=0.2421454 nll=0.2315413 kl=0.01060407 consistency=0 lambda=0 beta=1 grad=64.04637 horizon=100 lifetime=[497,2154] skipped=False
2026-08-30 16:26:30,361 | INFO | step=5040/20000 loss=-0.2177313 nll=-0.2218999 kl=0.004168645 consistency=0 lambda=0 beta=1 grad=61.04863 horizon=120 lifetime=[299,938] skipped=False
2026-08-30 16:26:30,744 | INFO | step=5050/20000 loss=-0.3436363 nll=-0.3472548 kl=0.003618509 consistency=0 lambda=0 beta=1 grad=23.9252 horizon=120 lifetime=[461,1052] skipped=False
2026-08-30 16:26:31,162 | INFO | step=5060/20000 loss=0.7597399 nll=0.7516092 kl=0.00813067 consistency=0 lambda=0 beta=1 grad=125.3311 horizon=260 lifetime=[493,2154] skipped=False
2026-08-30 16:26:31,572 | INFO | step=5070/20000 loss=-0.9324018 nll=-0.935375 kl=0.002973214 consistency=0 lambda=0 beta=1 grad=24.54596 horizon=300 lifetime=[428,1635] skipped=False
2026-08-30 16:26:31,969 | INFO | step=5080/20000 loss=-0.2776569 nll=-0.2802448 kl=0.002587885 consistency=0 lambda=0 beta=1 grad=127.6784 horizon=160 lifetime=[465,1154] skipped=False
2026-08-30 16:26:32,315 | INFO | step=5090/20000 loss=-0.2306784 nll=-0.2342331 kl=0.003554776 consistency=0 lambda=0 beta=1 grad=50.07351 horizon=120 lifetime=[147,1091] skipped=False
2026-08-30 16:26:32,773 | INFO | step=5100/20000 loss=-0.7433733 nll=-0.7447845 kl=0.001411229 consistency=0 lambda=0 beta=1 grad=113.751 horizon=220 lifetime=[458,869] skipped=False
2026-08-30 16:26:33,195 | INFO | step=5110/20000 loss=-0.4812765 nll=-0.4828099 kl=0.001533359 consistency=0 lambda=0 beta=1 grad=98.05512 horizon=260 lifetime=[491,1038] skipped=False
2026-08-30 16:26:33,601 | INFO | step=5120/20000 loss=-0.4886163 nll=-0.4919762 kl=0.003359914 consistency=0 lambda=0 beta=1 grad=85.30203 horizon=200 lifetime=[299,1025] skipped=False
2026-08-30 16:26:34,038 | INFO | step=5130/20000 loss=-0.9883513 nll=-0.9901171 kl=0.001765728 consistency=0 lambda=0 beta=1 grad=50.55135 horizon=180 lifetime=[526,988] skipped=False
2026-08-30 16:26:34,462 | INFO | step=5140/20000 loss=-1.196535 nll=-1.201103 kl=0.004567936 consistency=0 lambda=0 beta=1 grad=74.48512 horizon=300 lifetime=[482,868] skipped=False
2026-08-30 16:26:34,855 | INFO | step=5150/20000 loss=-1.285212 nll=-1.287019 kl=0.001807332 consistency=0 lambda=0 beta=1 grad=71.84473 horizon=260 lifetime=[460,836] skipped=False
2026-08-30 16:26:35,252 | INFO | step=5160/20000 loss=0.3154839 nll=0.313895 kl=0.001588911 consistency=0 lambda=0 beta=1 grad=193.1264 horizon=220 lifetime=[461,1635] skipped=False
2026-08-30 16:26:35,660 | INFO | step=5170/20000 loss=-0.9449134 nll=-0.9463202 kl=0.001406848 consistency=0 lambda=0 beta=1 grad=30.89533 horizon=280 lifetime=[470,1055] skipped=False
2026-08-30 16:26:36,084 | INFO | step=5180/20000 loss=-0.8603443 nll=-0.8616033 kl=0.001258969 consistency=0 lambda=0 beta=1 grad=42.67263 horizon=280 lifetime=[458,1007] skipped=False
2026-08-30 16:26:36,538 | INFO | step=5190/20000 loss=-0.8323693 nll=-0.8356373 kl=0.003267974 consistency=0 lambda=0 beta=1 grad=98.8714 horizon=220 lifetime=[453,1076] skipped=False
2026-08-30 16:26:36,908 | INFO | step=5200/20000 loss=-0.2126344 nll=-0.214028 kl=0.001393571 consistency=0 lambda=0 beta=1 grad=186.9097 horizon=180 lifetime=[462,1045] skipped=False
2026-08-30 16:26:37,289 | INFO | step=5210/20000 loss=0.6926111 nll=0.6895686 kl=0.003042549 consistency=0 lambda=0 beta=1 grad=134.0693 horizon=120 lifetime=[453,1932] skipped=False
2026-08-30 16:26:37,685 | INFO | step=5220/20000 loss=0.6094014 nll=0.6052029 kl=0.004198492 consistency=0 lambda=0 beta=1 grad=148.9503 horizon=280 lifetime=[437,2154] skipped=False
2026-08-30 16:26:38,100 | INFO | step=5230/20000 loss=-0.4959803 nll=-0.4975664 kl=0.001586065 consistency=0 lambda=0 beta=1 grad=46.45849 horizon=260 lifetime=[461,1055] skipped=False
2026-08-30 16:26:38,489 | INFO | step=5240/20000 loss=-0.9227314 nll=-0.9241326 kl=0.001401275 consistency=0 lambda=0 beta=1 grad=35.75556 horizon=140 lifetime=[458,1045] skipped=False
2026-08-30 16:26:38,929 | INFO | step=5250/20000 loss=-0.4910619 nll=-0.4926324 kl=0.001570433 consistency=0 lambda=0 beta=1 grad=49.93716 horizon=200 lifetime=[428,1000] skipped=False
2026-08-30 16:26:39,353 | INFO | step=5260/20000 loss=-0.3830568 nll=-0.3918507 kl=0.008793861 consistency=0 lambda=0 beta=1 grad=54.35284 horizon=120 lifetime=[437,1000] skipped=False
2026-08-30 16:26:39,748 | INFO | step=5270/20000 loss=1.567849 nll=1.56665 kl=0.001199543 consistency=0 lambda=0 beta=1 grad=244.8992 horizon=240 lifetime=[614,1076] skipped=False
2026-08-30 16:26:40,110 | INFO | step=5280/20000 loss=-0.1023651 nll=-0.1041485 kl=0.001783401 consistency=0 lambda=0 beta=1 grad=137.829 horizon=260 lifetime=[460,991] skipped=False
2026-08-30 16:26:40,498 | INFO | step=5290/20000 loss=-0.5822633 nll=-0.5838031 kl=0.001539752 consistency=0 lambda=0 beta=1 grad=63.02023 horizon=160 lifetime=[465,1091] skipped=False
2026-08-30 16:26:40,908 | INFO | step=5300/20000 loss=0.1837462 nll=0.1742829 kl=0.009463325 consistency=0 lambda=0 beta=1 grad=41.8702 horizon=100 lifetime=[147,1000] skipped=False
2026-08-30 16:26:41,306 | INFO | step=5310/20000 loss=-0.4448369 nll=-0.4502584 kl=0.005421475 consistency=0 lambda=0 beta=1 grad=34.62699 horizon=200 lifetime=[437,1000] skipped=False
2026-08-30 16:26:41,719 | INFO | step=5320/20000 loss=-1.113774 nll=-1.118286 kl=0.004512504 consistency=0 lambda=0 beta=1 grad=66.6339 horizon=200 lifetime=[461,1012] skipped=False
2026-08-30 16:26:42,116 | INFO | step=5330/20000 loss=-1.085186 nll=-1.086638 kl=0.001452222 consistency=0 lambda=0 beta=1 grad=69.08933 horizon=200 lifetime=[458,1154] skipped=False
2026-08-30 16:26:42,522 | INFO | step=5340/20000 loss=0.2764538 nll=0.2736394 kl=0.002814427 consistency=0 lambda=0 beta=1 grad=236.7743 horizon=180 lifetime=[443,1081] skipped=False
2026-08-30 16:26:42,913 | INFO | step=5350/20000 loss=-0.8013148 nll=-0.8048223 kl=0.003507525 consistency=0 lambda=0 beta=1 grad=44.0522 horizon=260 lifetime=[462,1154] skipped=False
2026-08-30 16:26:43,344 | INFO | step=5360/20000 loss=-0.9550297 nll=-0.957036 kl=0.002006322 consistency=0 lambda=0 beta=1 grad=70.89832 horizon=300 lifetime=[437,1156] skipped=False
2026-08-30 16:26:43,771 | INFO | step=5370/20000 loss=-0.5277771 nll=-0.5324638 kl=0.004686639 consistency=0 lambda=0 beta=1 grad=130.8702 horizon=180 lifetime=[461,1025] skipped=False
2026-08-30 16:26:44,190 | INFO | step=5380/20000 loss=-0.5309016 nll=-0.5329144 kl=0.002012819 consistency=0 lambda=0 beta=1 grad=47.71986 horizon=300 lifetime=[458,1152] skipped=False
2026-08-30 16:26:44,613 | INFO | step=5390/20000 loss=-0.9236627 nll=-0.9251436 kl=0.001480937 consistency=0 lambda=0 beta=1 grad=40.52042 horizon=200 lifetime=[299,1154] skipped=False
2026-08-30 16:26:45,002 | INFO | step=5400/20000 loss=-0.2594674 nll=-0.2641751 kl=0.004707679 consistency=0 lambda=0 beta=1 grad=111.7871 horizon=260 lifetime=[299,1015] skipped=False
2026-08-30 16:26:45,370 | INFO | step=5410/20000 loss=-1.504081 nll=-1.506781 kl=0.002700523 consistency=0 lambda=0 beta=1 grad=124.9674 horizon=200 lifetime=[455,738] skipped=False
2026-08-30 16:26:45,783 | INFO | step=5420/20000 loss=-0.5231432 nll=-0.5244187 kl=0.00127542 consistency=0 lambda=0 beta=1 grad=104.0941 horizon=280 lifetime=[437,1045] skipped=False
2026-08-30 16:26:46,150 | INFO | step=5430/20000 loss=-0.653674 nll=-0.6547032 kl=0.001029179 consistency=0 lambda=0 beta=1 grad=43.36188 horizon=160 lifetime=[458,2154] skipped=False
2026-08-30 16:26:46,561 | INFO | step=5440/20000 loss=0.01203963 nll=0.01047271 kl=0.001566917 consistency=0 lambda=0 beta=1 grad=106.2159 horizon=300 lifetime=[437,1052] skipped=False
2026-08-30 16:26:46,990 | INFO | step=5450/20000 loss=-1.255613 nll=-1.258194 kl=0.002580911 consistency=0 lambda=0 beta=1 grad=98.86215 horizon=300 lifetime=[443,1052] skipped=False
2026-08-30 16:26:47,372 | INFO | step=5460/20000 loss=0.03023858 nll=0.02785012 kl=0.002388462 consistency=0 lambda=0 beta=1 grad=342.2983 horizon=260 lifetime=[462,1932] skipped=False
2026-08-30 16:26:47,762 | INFO | step=5470/20000 loss=-0.2029246 nll=-0.2043001 kl=0.001375511 consistency=0 lambda=0 beta=1 grad=96.79083 horizon=120 lifetime=[462,1052] skipped=False
2026-08-30 16:26:48,136 | INFO | step=5480/20000 loss=-0.6430811 nll=-0.6448816 kl=0.001800537 consistency=0 lambda=0 beta=1 grad=31.11562 horizon=200 lifetime=[443,930] skipped=False
2026-08-30 16:26:48,524 | INFO | step=5490/20000 loss=-0.9370707 nll=-0.9468883 kl=0.00981757 consistency=0 lambda=0 beta=1 grad=46.33718 horizon=300 lifetime=[518,1049] skipped=False
2026-08-30 16:26:49,208 | INFO | validation step=5500 rmse=268.7529 best=212.0218@2500 stale=6/10
2026-08-30 16:26:49,208 | INFO | step=5500/20000 loss=-0.4981426 nll=-0.5003145 kl=0.002171904 consistency=0 lambda=0 beta=1 grad=31.45454 horizon=240 lifetime=[614,1091] skipped=False
2026-08-30 16:26:49,643 | INFO | step=5510/20000 loss=0.0884048 nll=0.08505571 kl=0.003349096 consistency=0 lambda=0 beta=1 grad=51.3594 horizon=200 lifetime=[498,1858] skipped=False
2026-08-30 16:26:50,041 | INFO | step=5520/20000 loss=-0.4613033 nll=-0.4634334 kl=0.002130121 consistency=0 lambda=0 beta=1 grad=81.62865 horizon=200 lifetime=[498,1858] skipped=False
2026-08-30 16:26:50,460 | INFO | step=5530/20000 loss=-0.505612 nll=-0.508387 kl=0.002774954 consistency=0 lambda=0 beta=1 grad=51.66587 horizon=240 lifetime=[470,1000] skipped=False
2026-08-30 16:26:50,879 | INFO | step=5540/20000 loss=-0.73266 nll=-0.7357707 kl=0.003110707 consistency=0 lambda=0 beta=1 grad=90.80385 horizon=200 lifetime=[497,988] skipped=False
2026-08-30 16:26:51,268 | INFO | step=5550/20000 loss=0.0613696 nll=0.05996463 kl=0.001404971 consistency=0 lambda=0 beta=1 grad=201.1816 horizon=220 lifetime=[464,747] skipped=False
2026-08-30 16:26:51,600 | INFO | step=5560/20000 loss=-1.03118 nll=-1.034266 kl=0.003086329 consistency=0 lambda=0 beta=1 grad=77.44685 horizon=180 lifetime=[437,1055] skipped=False
2026-08-30 16:26:52,018 | INFO | step=5570/20000 loss=-1.186284 nll=-1.187356 kl=0.00107193 consistency=0 lambda=0 beta=1 grad=37.49041 horizon=300 lifetime=[460,869] skipped=False
2026-08-30 16:26:52,388 | INFO | step=5580/20000 loss=-0.01530764 nll=-0.01739037 kl=0.002082735 consistency=0 lambda=0 beta=1 grad=558.4827 horizon=220 lifetime=[461,1932] skipped=False
2026-08-30 16:26:52,799 | INFO | step=5590/20000 loss=-0.9709353 nll=-0.9749678 kl=0.004032552 consistency=0 lambda=0 beta=1 grad=23.69133 horizon=220 lifetime=[455,1076] skipped=False
2026-08-30 16:26:53,210 | INFO | step=5600/20000 loss=-0.7721797 nll=-0.7743427 kl=0.002162933 consistency=0 lambda=0 beta=1 grad=49.55558 horizon=200 lifetime=[486,1635] skipped=False
2026-08-30 16:26:53,586 | INFO | step=5610/20000 loss=-0.5795279 nll=-0.5805041 kl=0.0009761751 consistency=0 lambda=0 beta=1 grad=20.31032 horizon=120 lifetime=[460,913] skipped=False
2026-08-30 16:26:54,025 | INFO | step=5620/20000 loss=-0.9508067 nll=-0.9517926 kl=0.0009859204 consistency=0 lambda=0 beta=1 grad=153.6202 horizon=220 lifetime=[460,1152] skipped=False
2026-08-30 16:26:54,472 | INFO | step=5630/20000 loss=-1.046462 nll=-1.048086 kl=0.001624495 consistency=0 lambda=0 beta=1 grad=56.06116 horizon=260 lifetime=[476,1858] skipped=False
2026-08-30 16:26:54,874 | INFO | step=5640/20000 loss=-0.9552361 nll=-0.956921 kl=0.001684934 consistency=0 lambda=0 beta=1 grad=27.95536 horizon=260 lifetime=[559,1049] skipped=False
2026-08-30 16:26:55,236 | INFO | step=5650/20000 loss=-0.06756389 nll=-0.0688785 kl=0.00131461 consistency=0 lambda=0 beta=1 grad=16.54359 horizon=120 lifetime=[465,2154] skipped=False
2026-08-30 16:26:55,588 | INFO | step=5660/20000 loss=-0.7714391 nll=-0.7747251 kl=0.003285974 consistency=0 lambda=0 beta=1 grad=89.65967 horizon=140 lifetime=[437,915] skipped=False
2026-08-30 16:26:55,960 | INFO | step=5670/20000 loss=0.06311034 nll=0.06147825 kl=0.001632094 consistency=0 lambda=0 beta=1 grad=129.6689 horizon=120 lifetime=[437,1932] skipped=False
2026-08-30 16:26:56,376 | INFO | step=5680/20000 loss=-0.8406063 nll=-0.843771 kl=0.003164738 consistency=0 lambda=0 beta=1 grad=106.6436 horizon=300 lifetime=[461,915] skipped=False
2026-08-30 16:26:56,772 | INFO | step=5690/20000 loss=-0.3999065 nll=-0.4020584 kl=0.002151966 consistency=0 lambda=0 beta=1 grad=87.5861 horizon=300 lifetime=[437,1858] skipped=False
2026-08-30 16:26:57,157 | INFO | step=5700/20000 loss=-0.4927693 nll=-0.494835 kl=0.002065688 consistency=0 lambda=0 beta=1 grad=82.11944 horizon=160 lifetime=[437,1052] skipped=False
2026-08-30 16:26:57,500 | INFO | step=5710/20000 loss=-0.2645123 nll=-0.2670922 kl=0.002579927 consistency=0 lambda=0 beta=1 grad=75.28602 horizon=120 lifetime=[500,1152] skipped=False
2026-08-30 16:26:57,878 | INFO | step=5720/20000 loss=-0.9265006 nll=-0.9289478 kl=0.002447188 consistency=0 lambda=0 beta=1 grad=22.07078 horizon=200 lifetime=[299,1081] skipped=False
2026-08-30 16:26:58,333 | INFO | step=5730/20000 loss=-0.4052001 nll=-0.4064391 kl=0.001239061 consistency=0 lambda=0 beta=1 grad=99.17524 horizon=180 lifetime=[500,2154] skipped=False
2026-08-30 16:26:58,727 | INFO | step=5740/20000 loss=0.1642658 nll=0.1619689 kl=0.002296895 consistency=0 lambda=0 beta=1 grad=98.6179 horizon=140 lifetime=[493,1154] skipped=False
2026-08-30 16:26:59,139 | INFO | step=5750/20000 loss=-0.2560154 nll=-0.258102 kl=0.002086639 consistency=0 lambda=0 beta=1 grad=14.96047 horizon=100 lifetime=[455,1156] skipped=False
2026-08-30 16:26:59,559 | INFO | step=5760/20000 loss=-0.05879816 nll=-0.0610677 kl=0.002269536 consistency=0 lambda=0 beta=1 grad=102.6833 horizon=120 lifetime=[443,1858] skipped=False
2026-08-30 16:26:59,939 | INFO | step=5770/20000 loss=-1.141097 nll=-1.142448 kl=0.001350611 consistency=0 lambda=0 beta=1 grad=52.65997 horizon=200 lifetime=[299,1081] skipped=False
2026-08-30 16:27:00,339 | INFO | step=5780/20000 loss=-0.7403798 nll=-0.7415915 kl=0.001211613 consistency=0 lambda=0 beta=1 grad=73.02032 horizon=260 lifetime=[464,988] skipped=False
2026-08-30 16:27:00,698 | INFO | step=5790/20000 loss=0.4964047 nll=0.4932341 kl=0.003170609 consistency=0 lambda=0 beta=1 grad=196.6408 horizon=120 lifetime=[607,1932] skipped=False
2026-08-30 16:27:01,090 | INFO | step=5800/20000 loss=-0.8025249 nll=-0.8034719 kl=0.0009470582 consistency=0 lambda=0 beta=1 grad=74.09689 horizon=240 lifetime=[428,1052] skipped=False
2026-08-30 16:27:01,504 | INFO | step=5810/20000 loss=-1.108737 nll=-1.112997 kl=0.004259735 consistency=0 lambda=0 beta=1 grad=132.8223 horizon=260 lifetime=[476,1055] skipped=False
2026-08-30 16:27:01,867 | INFO | step=5820/20000 loss=-0.9845015 nll=-0.9878419 kl=0.003340423 consistency=0 lambda=0 beta=1 grad=70.82371 horizon=160 lifetime=[482,1932] skipped=False
2026-08-30 16:27:02,259 | INFO | step=5830/20000 loss=-0.5922147 nll=-0.5948884 kl=0.002673745 consistency=0 lambda=0 beta=1 grad=112.0299 horizon=280 lifetime=[461,1091] skipped=False
2026-08-30 16:27:02,672 | INFO | step=5840/20000 loss=-0.7637872 nll=-0.7653853 kl=0.00159806 consistency=0 lambda=0 beta=1 grad=71.19869 horizon=300 lifetime=[484,1055] skipped=False
2026-08-30 16:27:03,099 | INFO | step=5850/20000 loss=-0.7840705 nll=-0.7849537 kl=0.0008832514 consistency=0 lambda=0 beta=1 grad=73.14073 horizon=300 lifetime=[470,991] skipped=False
2026-08-30 16:27:03,490 | INFO | step=5860/20000 loss=-1.160753 nll=-1.161692 kl=0.000938952 consistency=0 lambda=0 beta=1 grad=43.29026 horizon=280 lifetime=[467,1635] skipped=False
2026-08-30 16:27:03,825 | INFO | step=5870/20000 loss=-1.063527 nll=-1.066367 kl=0.002839506 consistency=0 lambda=0 beta=1 grad=33.16743 horizon=180 lifetime=[455,858] skipped=False
2026-08-30 16:27:04,221 | INFO | step=5880/20000 loss=0.2047521 nll=0.2027174 kl=0.002034754 consistency=0 lambda=0 beta=1 grad=160.226 horizon=240 lifetime=[455,1156] skipped=False
2026-08-30 16:27:04,630 | INFO | step=5890/20000 loss=-0.4931258 nll=-0.494929 kl=0.001803219 consistency=0 lambda=0 beta=1 grad=46.53617 horizon=140 lifetime=[493,2154] skipped=False
2026-08-30 16:27:05,042 | INFO | step=5900/20000 loss=-0.1605552 nll=-0.1614503 kl=0.000895083 consistency=0 lambda=0 beta=1 grad=165.4845 horizon=280 lifetime=[455,913] skipped=False
2026-08-30 16:27:05,461 | INFO | step=5910/20000 loss=-0.4567579 nll=-0.4590198 kl=0.002261907 consistency=0 lambda=0 beta=1 grad=48.45914 horizon=100 lifetime=[299,1635] skipped=False
2026-08-30 16:27:05,835 | INFO | step=5920/20000 loss=0.8400483 nll=0.8377435 kl=0.002304882 consistency=0 lambda=0 beta=1 grad=122.7638 horizon=120 lifetime=[559,1012] skipped=False
2026-08-30 16:27:06,175 | INFO | step=5930/20000 loss=-0.2452395 nll=-0.2458485 kl=0.0006089509 consistency=0 lambda=0 beta=1 grad=95.9147 horizon=160 lifetime=[437,1152] skipped=False
2026-08-30 16:27:06,571 | INFO | step=5940/20000 loss=1.822057 nll=1.81677 kl=0.005286962 consistency=0 lambda=0 beta=1 grad=151.2921 horizon=100 lifetime=[147,1081] skipped=False
2026-08-30 16:27:06,974 | INFO | step=5950/20000 loss=-0.4036331 nll=-0.4054423 kl=0.001809239 consistency=0 lambda=0 beta=1 grad=102.7564 horizon=160 lifetime=[428,836] skipped=False
2026-08-30 16:27:07,334 | INFO | step=5960/20000 loss=-0.3019431 nll=-0.3039351 kl=0.001991987 consistency=0 lambda=0 beta=1 grad=57.06745 horizon=220 lifetime=[493,1038] skipped=False
2026-08-30 16:27:07,724 | INFO | step=5970/20000 loss=-0.8546439 nll=-0.8561853 kl=0.001541376 consistency=0 lambda=0 beta=1 grad=54.84877 horizon=180 lifetime=[437,868] skipped=False
2026-08-30 16:27:08,183 | INFO | step=5980/20000 loss=-0.9899557 nll=-0.9911382 kl=0.001182467 consistency=0 lambda=0 beta=1 grad=60.61467 horizon=280 lifetime=[455,1012] skipped=False
2026-08-30 16:27:08,573 | INFO | step=5990/20000 loss=-0.7140994 nll=-0.7153627 kl=0.00126332 consistency=0 lambda=0 beta=1 grad=92.94724 horizon=200 lifetime=[470,1049] skipped=False
2026-08-30 16:27:09,243 | INFO | validation step=6000 rmse=245.1865 best=212.0218@2500 stale=7/10
2026-08-30 16:27:09,243 | INFO | step=6000/20000 loss=-0.2190953 nll=-0.2200104 kl=0.0009150803 consistency=0 lambda=0 beta=1 grad=109.5153 horizon=120 lifetime=[482,1091] skipped=False
2026-08-30 16:27:09,707 | INFO | step=6010/20000 loss=-0.6811547 nll=-0.6819246 kl=0.0007698238 consistency=0 lambda=0 beta=1 grad=66.20106 horizon=300 lifetime=[500,875] skipped=False
2026-08-30 16:27:10,093 | INFO | step=6020/20000 loss=-0.5927092 nll=-0.5945157 kl=0.001806498 consistency=0 lambda=0 beta=1 grad=65.25525 horizon=100 lifetime=[299,988] skipped=False
2026-08-30 16:27:10,481 | INFO | step=6030/20000 loss=-1.184285 nll=-1.186429 kl=0.002144068 consistency=0 lambda=0 beta=1 grad=96.29583 horizon=200 lifetime=[505,1038] skipped=False
2026-08-30 16:27:10,890 | INFO | step=6040/20000 loss=-0.9847742 nll=-0.9857678 kl=0.0009936094 consistency=0 lambda=0 beta=1 grad=58.78469 horizon=280 lifetime=[299,1858] skipped=False
2026-08-30 16:27:11,293 | INFO | step=6050/20000 loss=-0.7989458 nll=-0.8007689 kl=0.001823127 consistency=0 lambda=0 beta=1 grad=44.60505 horizon=160 lifetime=[299,1635] skipped=False
2026-08-30 16:27:11,718 | INFO | step=6060/20000 loss=-1.397577 nll=-1.398855 kl=0.001277208 consistency=0 lambda=0 beta=1 grad=65.04333 horizon=240 lifetime=[428,913] skipped=False
2026-08-30 16:27:12,129 | INFO | step=6070/20000 loss=-0.6926358 nll=-0.6941636 kl=0.001527786 consistency=0 lambda=0 beta=1 grad=100.3863 horizon=180 lifetime=[299,1154] skipped=False
2026-08-30 16:27:12,512 | INFO | step=6080/20000 loss=-0.06190322 nll=-0.06438107 kl=0.002477854 consistency=0 lambda=0 beta=1 grad=35.19127 horizon=140 lifetime=[484,1049] skipped=False
2026-08-30 16:27:12,900 | INFO | step=6090/20000 loss=-0.6960887 nll=-0.6972893 kl=0.001200676 consistency=0 lambda=0 beta=1 grad=65.4876 horizon=260 lifetime=[453,991] skipped=False
2026-08-30 16:27:13,273 | INFO | step=6100/20000 loss=-0.365913 nll=-0.3675145 kl=0.001601458 consistency=0 lambda=0 beta=1 grad=47.04347 horizon=180 lifetime=[498,1154] skipped=False
2026-08-30 16:27:13,656 | INFO | step=6110/20000 loss=-1.16415 nll=-1.165669 kl=0.001518667 consistency=0 lambda=0 beta=1 grad=25.41139 horizon=240 lifetime=[437,938] skipped=False
2026-08-30 16:27:14,095 | INFO | step=6120/20000 loss=-0.4969877 nll=-0.4982148 kl=0.001227051 consistency=0 lambda=0 beta=1 grad=163.5575 horizon=300 lifetime=[428,2154] skipped=False
2026-08-30 16:27:14,538 | INFO | step=6130/20000 loss=0.1737996 nll=0.170232 kl=0.003567576 consistency=0 lambda=0 beta=1 grad=296.8107 horizon=180 lifetime=[482,964] skipped=False
2026-08-30 16:27:15,004 | INFO | step=6140/20000 loss=-0.06264073 nll=-0.06844893 kl=0.005808204 consistency=0 lambda=0 beta=1 grad=109.5227 horizon=260 lifetime=[464,1858] skipped=False
2026-08-30 16:27:15,435 | INFO | step=6150/20000 loss=1.353662 nll=1.35245 kl=0.001212537 consistency=0 lambda=0 beta=1 grad=611.0469 horizon=300 lifetime=[453,1091] skipped=False
2026-08-30 16:27:15,834 | INFO | step=6160/20000 loss=-1.129387 nll=-1.130176 kl=0.0007883906 consistency=0 lambda=0 beta=1 grad=52.21551 horizon=200 lifetime=[467,991] skipped=False
2026-08-30 16:27:16,236 | INFO | step=6170/20000 loss=-0.9089136 nll=-0.9099979 kl=0.001084328 consistency=0 lambda=0 beta=1 grad=40.47767 horizon=280 lifetime=[299,860] skipped=False
2026-08-30 16:27:16,591 | INFO | step=6180/20000 loss=-0.5970318 nll=-0.5991187 kl=0.002086908 consistency=0 lambda=0 beta=1 grad=55.46056 horizon=100 lifetime=[455,964] skipped=False
2026-08-30 16:27:16,968 | INFO | step=6190/20000 loss=1.227372 nll=1.224704 kl=0.002668321 consistency=0 lambda=0 beta=1 grad=139.0875 horizon=100 lifetime=[486,858] skipped=False
2026-08-30 16:27:17,357 | INFO | step=6200/20000 loss=-1.106071 nll=-1.109733 kl=0.003661752 consistency=0 lambda=0 beta=1 grad=13.58765 horizon=240 lifetime=[460,871] skipped=False
2026-08-30 16:27:17,756 | INFO | step=6210/20000 loss=0.9581401 nll=0.9567868 kl=0.001353323 consistency=0 lambda=0 beta=1 grad=314.6716 horizon=260 lifetime=[500,1152] skipped=False
2026-08-30 16:27:18,117 | INFO | step=6220/20000 loss=-0.8459009 nll=-0.8470973 kl=0.001196414 consistency=0 lambda=0 beta=1 grad=54.91684 horizon=200 lifetime=[428,1635] skipped=False
2026-08-30 16:27:18,475 | INFO | step=6230/20000 loss=-0.1379258 nll=-0.1436601 kl=0.005734324 consistency=0 lambda=0 beta=1 grad=56.25991 horizon=100 lifetime=[428,1076] skipped=False
2026-08-30 16:27:18,861 | INFO | step=6240/20000 loss=-0.5273014 nll=-0.5306882 kl=0.003386766 consistency=0 lambda=0 beta=1 grad=232.1807 horizon=260 lifetime=[462,1932] skipped=False
2026-08-30 16:27:19,270 | INFO | step=6250/20000 loss=-0.8446993 nll=-0.8454273 kl=0.0007280409 consistency=0 lambda=0 beta=1 grad=32.20597 horizon=240 lifetime=[482,1052] skipped=False
2026-08-30 16:27:19,661 | INFO | step=6260/20000 loss=-1.131482 nll=-1.132741 kl=0.001258284 consistency=0 lambda=0 beta=1 grad=38.62577 horizon=280 lifetime=[443,1081] skipped=False
2026-08-30 16:27:20,047 | INFO | step=6270/20000 loss=-0.1188679 nll=-0.1219432 kl=0.003075331 consistency=0 lambda=0 beta=1 grad=91.95011 horizon=140 lifetime=[147,1076] skipped=False
2026-08-30 16:27:20,435 | INFO | step=6280/20000 loss=-0.501349 nll=-0.5036424 kl=0.002293378 consistency=0 lambda=0 beta=1 grad=62.57197 horizon=180 lifetime=[458,1081] skipped=False
2026-08-30 16:27:20,801 | INFO | step=6290/20000 loss=-0.2362492 nll=-0.2375316 kl=0.001282424 consistency=0 lambda=0 beta=1 grad=71.95441 horizon=120 lifetime=[501,1152] skipped=False
2026-08-30 16:27:21,204 | INFO | step=6300/20000 loss=-0.6960727 nll=-0.6996875 kl=0.003614873 consistency=0 lambda=0 beta=1 grad=32.621 horizon=140 lifetime=[467,1049] skipped=False
2026-08-30 16:27:21,588 | INFO | step=6310/20000 loss=-0.3038027 nll=-0.3069473 kl=0.003144592 consistency=0 lambda=0 beta=1 grad=23.66407 horizon=100 lifetime=[460,930] skipped=False
2026-08-30 16:27:21,989 | INFO | step=6320/20000 loss=-1.011332 nll=-1.012945 kl=0.001613438 consistency=0 lambda=0 beta=1 grad=20.53775 horizon=300 lifetime=[458,1015] skipped=False
2026-08-30 16:27:22,383 | INFO | step=6330/20000 loss=-0.7452424 nll=-0.7474011 kl=0.002158701 consistency=0 lambda=0 beta=1 grad=65.29263 horizon=200 lifetime=[458,2154] skipped=False
2026-08-30 16:27:22,764 | INFO | step=6340/20000 loss=-0.7823784 nll=-0.7841462 kl=0.001767755 consistency=0 lambda=0 beta=1 grad=35.72504 horizon=160 lifetime=[505,2154] skipped=False
2026-08-30 16:27:23,141 | INFO | step=6350/20000 loss=-0.8005652 nll=-0.8022605 kl=0.001695186 consistency=0 lambda=0 beta=1 grad=24.47497 horizon=220 lifetime=[455,1858] skipped=False
2026-08-30 16:27:23,518 | INFO | step=6360/20000 loss=-0.8667957 nll=-0.8688834 kl=0.002087682 consistency=0 lambda=0 beta=1 grad=81.22901 horizon=220 lifetime=[443,2154] skipped=False
2026-08-30 16:27:23,923 | INFO | step=6370/20000 loss=0.5056159 nll=0.5048109 kl=0.0008050203 consistency=0 lambda=0 beta=1 grad=392.9861 horizon=260 lifetime=[479,1052] skipped=False
2026-08-30 16:27:24,311 | INFO | step=6380/20000 loss=-0.3082592 nll=-0.3103276 kl=0.002068341 consistency=0 lambda=0 beta=1 grad=659.0704 horizon=260 lifetime=[443,1038] skipped=False
2026-08-30 16:27:24,688 | INFO | step=6390/20000 loss=-0.9497764 nll=-0.9524734 kl=0.002696991 consistency=0 lambda=0 beta=1 grad=58.5188 horizon=120 lifetime=[484,1154] skipped=False
2026-08-30 16:27:25,068 | INFO | step=6400/20000 loss=-0.8109913 nll=-0.8140976 kl=0.003106266 consistency=0 lambda=0 beta=1 grad=147.113 horizon=220 lifetime=[428,1052] skipped=False
2026-08-30 16:27:25,474 | INFO | step=6410/20000 loss=-0.376071 nll=-0.3779681 kl=0.001897097 consistency=0 lambda=0 beta=1 grad=11.84269 horizon=100 lifetime=[460,863] skipped=False
2026-08-30 16:27:25,841 | INFO | step=6420/20000 loss=3.880899 nll=3.877855 kl=0.003043532 consistency=0 lambda=0 beta=1 grad=1473.149 horizon=100 lifetime=[476,1932] skipped=False
2026-08-30 16:27:26,324 | INFO | step=6430/20000 loss=-1.369352 nll=-1.371187 kl=0.001835465 consistency=0 lambda=0 beta=1 grad=126.3181 horizon=240 lifetime=[461,858] skipped=False
2026-08-30 16:27:26,739 | INFO | step=6440/20000 loss=-0.8936165 nll=-0.8967312 kl=0.0031147 consistency=0 lambda=0 beta=1 grad=53.62352 horizon=180 lifetime=[299,1152] skipped=False
2026-08-30 16:27:27,138 | INFO | step=6450/20000 loss=-0.9026545 nll=-0.9051202 kl=0.002465725 consistency=0 lambda=0 beta=1 grad=150.6224 horizon=140 lifetime=[453,1015] skipped=False
2026-08-30 16:27:27,552 | INFO | step=6460/20000 loss=-0.8815379 nll=-0.8838316 kl=0.002293646 consistency=0 lambda=0 beta=1 grad=87.38509 horizon=220 lifetime=[482,930] skipped=False
2026-08-30 16:27:27,982 | INFO | step=6470/20000 loss=-0.1805813 nll=-0.1819811 kl=0.001399785 consistency=0 lambda=0 beta=1 grad=128.6769 horizon=140 lifetime=[484,1045] skipped=False
2026-08-30 16:27:28,398 | INFO | step=6480/20000 loss=-0.7853853 nll=-0.7877303 kl=0.002345115 consistency=0 lambda=0 beta=1 grad=224.0215 horizon=220 lifetime=[464,871] skipped=False
2026-08-30 16:27:28,797 | INFO | step=6490/20000 loss=-0.3674974 nll=-0.3702797 kl=0.002782315 consistency=0 lambda=0 beta=1 grad=85.20821 horizon=120 lifetime=[470,1932] skipped=False
2026-08-30 16:27:29,449 | INFO | validation step=6500 rmse=232.3584 best=212.0218@2500 stale=8/10
2026-08-30 16:27:29,449 | INFO | step=6500/20000 loss=-0.7502187 nll=-0.7512894 kl=0.001070589 consistency=0 lambda=0 beta=1 grad=48.75106 horizon=260 lifetime=[453,991] skipped=False
2026-08-30 16:27:29,885 | INFO | step=6510/20000 loss=-1.161791 nll=-1.163155 kl=0.00136438 consistency=0 lambda=0 beta=1 grad=96.47906 horizon=160 lifetime=[453,1076] skipped=False
2026-08-30 16:27:30,328 | INFO | step=6520/20000 loss=-0.9681185 nll=-0.9689645 kl=0.0008459389 consistency=0 lambda=0 beta=1 grad=70.08141 horizon=300 lifetime=[479,964] skipped=False
2026-08-30 16:27:30,736 | INFO | step=6530/20000 loss=-0.527674 nll=-0.5300659 kl=0.002391934 consistency=0 lambda=0 beta=1 grad=56.08263 horizon=260 lifetime=[462,1154] skipped=False
2026-08-30 16:27:31,182 | INFO | step=6540/20000 loss=-1.412343 nll=-1.414072 kl=0.001729518 consistency=0 lambda=0 beta=1 grad=101.5213 horizon=260 lifetime=[299,909] skipped=False
2026-08-30 16:27:31,580 | INFO | step=6550/20000 loss=-0.4019466 nll=-0.4029799 kl=0.001033306 consistency=0 lambda=0 beta=1 grad=68.31364 horizon=240 lifetime=[299,2154] skipped=False
2026-08-30 16:27:31,970 | INFO | step=6560/20000 loss=-1.090782 nll=-1.092108 kl=0.001326621 consistency=0 lambda=0 beta=1 grad=39.13424 horizon=140 lifetime=[458,1152] skipped=False
2026-08-30 16:27:32,399 | INFO | step=6570/20000 loss=-0.7718755 nll=-0.7729124 kl=0.001036882 consistency=0 lambda=0 beta=1 grad=139.6593 horizon=300 lifetime=[460,1154] skipped=False
2026-08-30 16:27:32,787 | INFO | step=6580/20000 loss=-0.4507914 nll=-0.4526514 kl=0.001859993 consistency=0 lambda=0 beta=1 grad=104.4812 horizon=260 lifetime=[437,1038] skipped=False
2026-08-30 16:27:33,142 | INFO | step=6590/20000 loss=-0.7846692 nll=-0.7874582 kl=0.00278911 consistency=0 lambda=0 beta=1 grad=27.05596 horizon=160 lifetime=[461,1015] skipped=False
2026-08-30 16:27:33,574 | INFO | step=6600/20000 loss=-0.4669357 nll=-0.4688181 kl=0.001882374 consistency=0 lambda=0 beta=1 grad=94.25359 horizon=200 lifetime=[460,1055] skipped=False
2026-08-30 16:27:33,941 | INFO | step=6610/20000 loss=4.619802 nll=4.616016 kl=0.003786087 consistency=0 lambda=0 beta=1 grad=2241.364 horizon=240 lifetime=[465,1932] skipped=False
2026-08-30 16:27:34,380 | INFO | step=6620/20000 loss=-0.2851547 nll=-0.2864372 kl=0.001282454 consistency=0 lambda=0 beta=1 grad=229.1495 horizon=180 lifetime=[299,1076] skipped=False
2026-08-30 16:27:34,749 | INFO | step=6630/20000 loss=-0.5295026 nll=-0.5308541 kl=0.001351446 consistency=0 lambda=0 beta=1 grad=59.16612 horizon=280 lifetime=[498,2154] skipped=False
2026-08-30 16:27:35,179 | INFO | step=6640/20000 loss=-1.012723 nll=-1.014175 kl=0.001452416 consistency=0 lambda=0 beta=1 grad=52.1581 horizon=180 lifetime=[461,1152] skipped=False
2026-08-30 16:27:35,546 | INFO | step=6650/20000 loss=-0.6509923 nll=-0.6548684 kl=0.00387603 consistency=0 lambda=0 beta=1 grad=64.38326 horizon=160 lifetime=[437,1152] skipped=False
2026-08-30 16:27:35,929 | INFO | step=6660/20000 loss=-0.7147298 nll=-0.7152617 kl=0.000531882 consistency=0 lambda=0 beta=1 grad=115.106 horizon=180 lifetime=[458,1049] skipped=False
2026-08-30 16:27:36,314 | INFO | step=6670/20000 loss=-0.04173558 nll=-0.04389205 kl=0.002156466 consistency=0 lambda=0 beta=1 grad=48.95536 horizon=120 lifetime=[518,1049] skipped=False
2026-08-30 16:27:36,668 | INFO | step=6680/20000 loss=-0.5925556 nll=-0.5955026 kl=0.002947003 consistency=0 lambda=0 beta=1 grad=24.66129 horizon=100 lifetime=[460,1858] skipped=False
2026-08-30 16:27:37,028 | INFO | step=6690/20000 loss=-0.268289 nll=-0.2702802 kl=0.001991183 consistency=0 lambda=0 beta=1 grad=87.19792 horizon=100 lifetime=[428,2154] skipped=False
2026-08-30 16:27:37,403 | INFO | step=6700/20000 loss=-0.6974436 nll=-0.7015972 kl=0.004153579 consistency=0 lambda=0 beta=1 grad=25.38961 horizon=160 lifetime=[467,991] skipped=False
2026-08-30 16:27:37,764 | INFO | step=6710/20000 loss=-0.2748343 nll=-0.2762289 kl=0.001394629 consistency=0 lambda=0 beta=1 grad=148.3346 horizon=180 lifetime=[437,1152] skipped=False
2026-08-30 16:27:38,155 | INFO | step=6720/20000 loss=-0.2926113 nll=-0.2932694 kl=0.0006580949 consistency=0 lambda=0 beta=1 grad=169.633 horizon=260 lifetime=[461,1858] skipped=False
2026-08-30 16:27:38,567 | INFO | step=6730/20000 loss=-0.7726368 nll=-0.774544 kl=0.001907259 consistency=0 lambda=0 beta=1 grad=119.5218 horizon=120 lifetime=[443,1045] skipped=False
2026-08-30 16:27:39,006 | INFO | step=6740/20000 loss=-1.023087 nll=-1.02413 kl=0.001043439 consistency=0 lambda=0 beta=1 grad=141.1366 horizon=280 lifetime=[476,1015] skipped=False
2026-08-30 16:27:39,381 | INFO | step=6750/20000 loss=-0.8589124 nll=-0.8616854 kl=0.002772987 consistency=0 lambda=0 beta=1 grad=32.47202 horizon=120 lifetime=[299,856] skipped=False
2026-08-30 16:27:39,775 | INFO | step=6760/20000 loss=-1.263988 nll=-1.264666 kl=0.0006778538 consistency=0 lambda=0 beta=1 grad=66.62182 horizon=220 lifetime=[443,1012] skipped=False
2026-08-30 16:27:40,210 | INFO | step=6770/20000 loss=-0.7722508 nll=-0.7748549 kl=0.002604067 consistency=0 lambda=0 beta=1 grad=55.87458 horizon=140 lifetime=[147,871] skipped=False
2026-08-30 16:27:40,567 | INFO | step=6780/20000 loss=-0.9265084 nll=-0.9282568 kl=0.001748294 consistency=0 lambda=0 beta=1 grad=52.80424 horizon=220 lifetime=[470,1156] skipped=False
2026-08-30 16:27:40,926 | INFO | step=6790/20000 loss=-0.202954 nll=-0.204014 kl=0.001060039 consistency=0 lambda=0 beta=1 grad=189.3735 horizon=160 lifetime=[479,1015] skipped=False
2026-08-30 16:27:41,322 | INFO | step=6800/20000 loss=0.9444482 nll=0.9429634 kl=0.001484871 consistency=0 lambda=0 beta=1 grad=527.0329 horizon=260 lifetime=[615,1932] skipped=False
2026-08-30 16:27:41,720 | INFO | step=6810/20000 loss=-1.062972 nll=-1.063629 kl=0.000656575 consistency=0 lambda=0 beta=1 grad=120.2079 horizon=240 lifetime=[467,2154] skipped=False
2026-08-30 16:27:42,117 | INFO | step=6820/20000 loss=0.04112796 nll=0.03762151 kl=0.003506452 consistency=0 lambda=0 beta=1 grad=14.36308 horizon=120 lifetime=[501,2154] skipped=False
2026-08-30 16:27:42,490 | INFO | step=6830/20000 loss=-0.04409921 nll=-0.0453018 kl=0.001202583 consistency=0 lambda=0 beta=1 grad=188.1384 horizon=160 lifetime=[460,1152] skipped=False
2026-08-30 16:27:42,872 | INFO | step=6840/20000 loss=-1.231353 nll=-1.232149 kl=0.0007953942 consistency=0 lambda=0 beta=1 grad=125.3637 horizon=280 lifetime=[458,1081] skipped=False
2026-08-30 16:27:43,246 | INFO | step=6850/20000 loss=-0.2934492 nll=-0.2944259 kl=0.0009767115 consistency=0 lambda=0 beta=1 grad=192.3398 horizon=260 lifetime=[479,1858] skipped=False
2026-08-30 16:27:43,653 | INFO | step=6860/20000 loss=-0.1928189 nll=-0.1976996 kl=0.004880726 consistency=0 lambda=0 beta=1 grad=146.1523 horizon=100 lifetime=[428,871] skipped=False
2026-08-30 16:27:44,038 | INFO | step=6870/20000 loss=0.4436568 nll=0.4382663 kl=0.005390435 consistency=0 lambda=0 beta=1 grad=169.6457 horizon=140 lifetime=[508,1932] skipped=False
2026-08-30 16:27:44,444 | INFO | step=6880/20000 loss=-0.4104868 nll=-0.4125996 kl=0.002112776 consistency=0 lambda=0 beta=1 grad=140.1521 horizon=300 lifetime=[437,909] skipped=False
2026-08-30 16:27:44,867 | INFO | step=6890/20000 loss=-1.193676 nll=-1.194778 kl=0.001101464 consistency=0 lambda=0 beta=1 grad=134.8313 horizon=300 lifetime=[476,909] skipped=False
2026-08-30 16:27:45,249 | INFO | step=6900/20000 loss=-1.33754 nll=-1.339637 kl=0.002097726 consistency=0 lambda=0 beta=1 grad=77.3299 horizon=280 lifetime=[464,991] skipped=False
2026-08-30 16:27:45,595 | INFO | step=6910/20000 loss=-1.33611 nll=-1.338127 kl=0.00201714 consistency=0 lambda=0 beta=1 grad=152.0694 horizon=280 lifetime=[458,1154] skipped=False
2026-08-30 16:27:46,010 | INFO | step=6920/20000 loss=-0.2794069 nll=-0.283374 kl=0.003967106 consistency=0 lambda=0 beta=1 grad=80.88908 horizon=140 lifetime=[443,1000] skipped=False
2026-08-30 16:27:46,368 | INFO | step=6930/20000 loss=-0.5615201 nll=-0.563849 kl=0.002328962 consistency=0 lambda=0 beta=1 grad=69.47979 horizon=140 lifetime=[455,1049] skipped=False
2026-08-30 16:27:46,779 | INFO | step=6940/20000 loss=-0.629414 nll=-0.6311116 kl=0.00169763 consistency=0 lambda=0 beta=1 grad=99.21303 horizon=220 lifetime=[453,1154] skipped=False
2026-08-30 16:27:47,149 | INFO | step=6950/20000 loss=-0.9305509 nll=-0.93186 kl=0.001309037 consistency=0 lambda=0 beta=1 grad=40.41373 horizon=220 lifetime=[597,1154] skipped=False
2026-08-30 16:27:47,524 | INFO | step=6960/20000 loss=-1.315782 nll=-1.319355 kl=0.003572553 consistency=0 lambda=0 beta=1 grad=70.15401 horizon=280 lifetime=[443,1152] skipped=False
2026-08-30 16:27:47,908 | INFO | step=6970/20000 loss=-1.547003 nll=-1.54835 kl=0.001347333 consistency=0 lambda=0 beta=1 grad=177.5598 horizon=300 lifetime=[470,1152] skipped=False
2026-08-30 16:27:48,294 | INFO | step=6980/20000 loss=-1.09378 nll=-1.095108 kl=0.0013282 consistency=0 lambda=0 beta=1 grad=110.3271 horizon=160 lifetime=[428,1932] skipped=False
2026-08-30 16:27:48,643 | INFO | step=6990/20000 loss=-0.8105622 nll=-0.8126694 kl=0.002107203 consistency=0 lambda=0 beta=1 grad=72.47617 horizon=200 lifetime=[476,2154] skipped=False
2026-08-30 16:27:49,285 | INFO | validation step=7000 rmse=261.4756 best=212.0218@2500 stale=9/10
2026-08-30 16:27:49,285 | INFO | step=7000/20000 loss=0.008949414 nll=0.006767139 kl=0.002182275 consistency=0 lambda=0 beta=1 grad=115.3025 horizon=100 lifetime=[147,1932] skipped=False
2026-08-30 16:27:49,767 | INFO | step=7010/20000 loss=-1.037227 nll=-1.040481 kl=0.003254116 consistency=0 lambda=0 beta=1 grad=59.09284 horizon=260 lifetime=[465,1932] skipped=False
2026-08-30 16:27:50,127 | INFO | step=7020/20000 loss=-0.5870808 nll=-0.5903885 kl=0.0033077 consistency=0 lambda=0 beta=1 grad=51.72294 horizon=120 lifetime=[465,1154] skipped=False
2026-08-30 16:27:50,528 | INFO | step=7030/20000 loss=-0.02217403 nll=-0.0233866 kl=0.001212567 consistency=0 lambda=0 beta=1 grad=607.5952 horizon=240 lifetime=[443,1932] skipped=False
2026-08-30 16:27:50,896 | INFO | step=7040/20000 loss=-0.2894387 nll=-0.2905983 kl=0.001159549 consistency=0 lambda=0 beta=1 grad=141.4754 horizon=180 lifetime=[559,1045] skipped=False
2026-08-30 16:27:51,311 | INFO | step=7050/20000 loss=-0.4500832 nll=-0.451706 kl=0.001622796 consistency=0 lambda=0 beta=1 grad=104.7722 horizon=240 lifetime=[747,1858] skipped=False
2026-08-30 16:27:51,691 | INFO | step=7060/20000 loss=-0.3331879 nll=-0.3387417 kl=0.005553812 consistency=0 lambda=0 beta=1 grad=68.93465 horizon=120 lifetime=[437,1015] skipped=False
2026-08-30 16:27:52,101 | INFO | step=7070/20000 loss=-0.3562734 nll=-0.3573834 kl=0.001109928 consistency=0 lambda=0 beta=1 grad=99.20461 horizon=160 lifetime=[704,1932] skipped=False
2026-08-30 16:27:52,509 | INFO | step=7080/20000 loss=-0.3274563 nll=-0.3286743 kl=0.001217991 consistency=0 lambda=0 beta=1 grad=160.5995 horizon=280 lifetime=[465,1045] skipped=False
2026-08-30 16:27:52,926 | INFO | step=7090/20000 loss=0.07442015 nll=0.07395738 kl=0.0004627705 consistency=0 lambda=0 beta=1 grad=288.42 horizon=280 lifetime=[458,1932] skipped=False
2026-08-30 16:27:53,329 | INFO | step=7100/20000 loss=-1.603913 nll=-1.605437 kl=0.001523554 consistency=0 lambda=0 beta=1 grad=97.91899 horizon=220 lifetime=[465,1081] skipped=False
2026-08-30 16:27:53,799 | INFO | step=7110/20000 loss=-0.4975747 nll=-0.4990442 kl=0.001469553 consistency=0 lambda=0 beta=1 grad=110.8725 horizon=300 lifetime=[491,1052] skipped=False
2026-08-30 16:27:54,144 | INFO | step=7120/20000 loss=-0.9854964 nll=-0.9871655 kl=0.001669139 consistency=0 lambda=0 beta=1 grad=31.73686 horizon=140 lifetime=[464,1076] skipped=False
2026-08-30 16:27:54,559 | INFO | step=7130/20000 loss=-1.022518 nll=-1.023257 kl=0.0007396936 consistency=0 lambda=0 beta=1 grad=95.34106 horizon=240 lifetime=[500,1858] skipped=False
2026-08-30 16:27:54,971 | INFO | step=7140/20000 loss=-1.127769 nll=-1.128181 kl=0.0004122555 consistency=0 lambda=0 beta=1 grad=56.47932 horizon=240 lifetime=[476,1055] skipped=False
2026-08-30 16:27:55,327 | INFO | step=7150/20000 loss=-0.9788541 nll=-0.9828127 kl=0.003958613 consistency=0 lambda=0 beta=1 grad=48.45144 horizon=220 lifetime=[462,2154] skipped=False
2026-08-30 16:27:55,673 | INFO | step=7160/20000 loss=-1.005551 nll=-1.007956 kl=0.002404451 consistency=0 lambda=0 beta=1 grad=94.05717 horizon=260 lifetime=[299,1091] skipped=False
2026-08-30 16:27:56,114 | INFO | step=7170/20000 loss=-0.328581 nll=-0.3294161 kl=0.0008350611 consistency=0 lambda=0 beta=1 grad=307.7615 horizon=280 lifetime=[428,1015] skipped=False
2026-08-30 16:27:56,526 | INFO | step=7180/20000 loss=0.09356318 nll=0.09193654 kl=0.001626641 consistency=0 lambda=0 beta=1 grad=107.1598 horizon=100 lifetime=[677,1932] skipped=False
2026-08-30 16:27:56,945 | INFO | step=7190/20000 loss=-0.553648 nll=-0.5546646 kl=0.001016617 consistency=0 lambda=0 beta=1 grad=111.1716 horizon=280 lifetime=[462,1932] skipped=False
2026-08-30 16:27:57,345 | INFO | step=7200/20000 loss=-0.7033094 nll=-0.7049266 kl=0.001617223 consistency=0 lambda=0 beta=1 grad=128.2645 horizon=280 lifetime=[510,1012] skipped=False
2026-08-30 16:27:57,718 | INFO | step=7210/20000 loss=-0.9258636 nll=-0.9271135 kl=0.001249969 consistency=0 lambda=0 beta=1 grad=26.23943 horizon=260 lifetime=[484,1076] skipped=False
2026-08-30 16:27:58,127 | INFO | step=7220/20000 loss=-0.6695638 nll=-0.6710246 kl=0.001460731 consistency=0 lambda=0 beta=1 grad=45.01773 horizon=280 lifetime=[486,1932] skipped=False
2026-08-30 16:27:58,568 | INFO | step=7230/20000 loss=-0.8685254 nll=-0.8692308 kl=0.0007054508 consistency=0 lambda=0 beta=1 grad=195.3318 horizon=260 lifetime=[437,1045] skipped=False
2026-08-30 16:27:58,933 | INFO | step=7240/20000 loss=-0.9416278 nll=-0.9423435 kl=0.000715673 consistency=0 lambda=0 beta=1 grad=45.38594 horizon=160 lifetime=[428,2154] skipped=False
2026-08-30 16:27:59,323 | INFO | step=7250/20000 loss=-1.457929 nll=-1.459564 kl=0.001635164 consistency=0 lambda=0 beta=1 grad=116.0475 horizon=300 lifetime=[460,913] skipped=False
2026-08-30 16:27:59,762 | INFO | step=7260/20000 loss=-1.144692 nll=-1.145927 kl=0.001234323 consistency=0 lambda=0 beta=1 grad=21.24714 horizon=240 lifetime=[299,942] skipped=False
2026-08-30 16:28:00,168 | INFO | step=7270/20000 loss=-0.6661978 nll=-0.667751 kl=0.001553178 consistency=0 lambda=0 beta=1 grad=439.1594 horizon=240 lifetime=[428,909] skipped=False
2026-08-30 16:28:00,557 | INFO | step=7280/20000 loss=-0.5452883 nll=-0.5460216 kl=0.0007333159 consistency=0 lambda=0 beta=1 grad=174.4767 horizon=240 lifetime=[443,1156] skipped=False
2026-08-30 16:28:00,971 | INFO | step=7290/20000 loss=-1.05739 nll=-1.060093 kl=0.00270319 consistency=0 lambda=0 beta=1 grad=109.2811 horizon=160 lifetime=[479,1015] skipped=False
2026-08-30 16:28:01,344 | INFO | step=7300/20000 loss=-0.8473263 nll=-0.8485891 kl=0.001262724 consistency=0 lambda=0 beta=1 grad=71.07176 horizon=160 lifetime=[437,1076] skipped=False
2026-08-30 16:28:01,747 | INFO | step=7310/20000 loss=-0.7743331 nll=-0.7758993 kl=0.001566142 consistency=0 lambda=0 beta=1 grad=164.932 horizon=240 lifetime=[470,2154] skipped=False
2026-08-30 16:28:02,133 | INFO | step=7320/20000 loss=-1.412824 nll=-1.414736 kl=0.001912713 consistency=0 lambda=0 beta=1 grad=112.6547 horizon=220 lifetime=[453,1081] skipped=False
2026-08-30 16:28:02,541 | INFO | step=7330/20000 loss=-0.1295841 nll=-0.1326393 kl=0.003055245 consistency=0 lambda=0 beta=1 grad=173.4645 horizon=100 lifetime=[597,1091] skipped=False
2026-08-30 16:28:02,914 | INFO | step=7340/20000 loss=-0.6362981 nll=-0.6373594 kl=0.00106138 consistency=0 lambda=0 beta=1 grad=90.22632 horizon=200 lifetime=[437,988] skipped=False
2026-08-30 16:28:03,297 | INFO | step=7350/20000 loss=-0.8714626 nll=-0.873501 kl=0.00203836 consistency=0 lambda=0 beta=1 grad=119.0349 horizon=240 lifetime=[428,988] skipped=False
2026-08-30 16:28:03,713 | INFO | step=7360/20000 loss=-0.2677732 nll=-0.2699253 kl=0.002152085 consistency=0 lambda=0 beta=1 grad=97.93353 horizon=280 lifetime=[437,1156] skipped=False
2026-08-30 16:28:04,096 | INFO | step=7370/20000 loss=-1.123415 nll=-1.124695 kl=0.001280248 consistency=0 lambda=0 beta=1 grad=43.35506 horizon=140 lifetime=[464,1152] skipped=False
2026-08-30 16:28:04,492 | INFO | step=7380/20000 loss=-1.174601 nll=-1.175549 kl=0.0009484887 consistency=0 lambda=0 beta=1 grad=77.66933 horizon=140 lifetime=[428,1154] skipped=False
2026-08-30 16:28:04,880 | INFO | step=7390/20000 loss=-0.08699979 nll=-0.08854581 kl=0.001546025 consistency=0 lambda=0 beta=1 grad=214.1032 horizon=220 lifetime=[437,1156] skipped=False
2026-08-30 16:28:05,301 | INFO | step=7400/20000 loss=-0.7495056 nll=-0.7504857 kl=0.0009800494 consistency=0 lambda=0 beta=1 grad=33.18818 horizon=240 lifetime=[704,2154] skipped=False
2026-08-30 16:28:05,723 | INFO | step=7410/20000 loss=-1.232824 nll=-1.236174 kl=0.003350794 consistency=0 lambda=0 beta=1 grad=78.00509 horizon=200 lifetime=[443,814] skipped=False
2026-08-30 16:28:06,061 | INFO | step=7420/20000 loss=-1.277824 nll=-1.280864 kl=0.003040195 consistency=0 lambda=0 beta=1 grad=42.53388 horizon=200 lifetime=[462,964] skipped=False
2026-08-30 16:28:06,538 | INFO | step=7430/20000 loss=-1.042824 nll=-1.044324 kl=0.001499295 consistency=0 lambda=0 beta=1 grad=68.22028 horizon=140 lifetime=[461,1076] skipped=False
2026-08-30 16:28:06,909 | INFO | step=7440/20000 loss=-1.70726 nll=-1.710432 kl=0.003172338 consistency=0 lambda=0 beta=1 grad=76.09307 horizon=220 lifetime=[455,1154] skipped=False
2026-08-30 16:28:07,304 | INFO | step=7450/20000 loss=-1.550343 nll=-1.552065 kl=0.001721293 consistency=0 lambda=0 beta=1 grad=133.5509 horizon=220 lifetime=[443,871] skipped=False
2026-08-30 16:28:07,676 | INFO | step=7460/20000 loss=-1.295953 nll=-1.297598 kl=0.001645058 consistency=0 lambda=0 beta=1 grad=173.7374 horizon=220 lifetime=[500,991] skipped=False
2026-08-30 16:28:08,065 | INFO | step=7470/20000 loss=-0.9720452 nll=-0.9731371 kl=0.001091897 consistency=0 lambda=0 beta=1 grad=115.3096 horizon=240 lifetime=[486,1152] skipped=False
2026-08-30 16:28:08,446 | INFO | step=7480/20000 loss=-1.047018 nll=-1.04899 kl=0.001971632 consistency=0 lambda=0 beta=1 grad=96.4342 horizon=200 lifetime=[461,915] skipped=False
2026-08-30 16:28:08,843 | INFO | step=7490/20000 loss=-0.4868644 nll=-0.4881503 kl=0.00128594 consistency=0 lambda=0 beta=1 grad=74.83644 horizon=300 lifetime=[458,1000] skipped=False
2026-08-30 16:28:09,488 | INFO | validation step=7500 rmse=259.5875 best=212.0218@2500 stale=10/10
2026-08-30 16:28:09,488 | INFO | step=7500/20000 loss=-0.9536263 nll=-0.9555328 kl=0.001906574 consistency=0 lambda=0 beta=1 grad=41.97355 horizon=160 lifetime=[491,1932] skipped=False
2026-08-30 16:28:09,554 | INFO | early stopping at step=7500 best=212.0218@2500
2026-08-30 16:28:09,618 | INFO | completed run=/home/JunseoPark/바탕화면/battery_gru/outputs/horizon_lifetime_iv_anp_grid/suites/20260830_124935_068102/runs/horiginal_s52_lr5em05_f0/20260830_162304_455038_f0_life_iv_base_s52
