fold,seed,model,cell_id,beta,requested_observed_cycle,observed_through_cycle,num_available_context_points,status,reason,future_rmse,current_soh_abs_error,nll,coverage_95,interval_width_95,forecast_start_cycle,num_context_points,num_target_points,schedule,cycle_step
0,42,partial_iv_anp,CALCE_CS2_33,0.0,100,100,100,ok,,0.07659544344718326,0.02871737475075642,-0.9090025021966806,0.5125,0.15129834459677594,101,100,560,step10,10
0,42,partial_iv_anp,CALCE_CS2_33,0.0,100,100,100,ok,,0.07659544344718326,0.02871737475075642,-0.9090025021966806,0.5125,0.15129834459677594,101,100,560,step1,1
0,42,partial_iv_anp,CALCE_CS2_33,0.25,100,100,100,ok,,0.12587495002365046,0.03783452179503033,1.7523471024466313,0.19642857142857142,0.10908265417053006,101,100,560,step10,10
0,42,partial_iv_anp,CALCE_CS2_33,0.25,100,100,100,ok,,0.12587495002365046,0.03783452179503033,1.7523471024466313,0.19642857142857142,0.10908265417053006,101,100,560,step1,1
0,42,partial_iv_anp,CALCE_CS2_33,0.5,100,100,100,ok,,0.1257867455493713,0.03779116453668985,1.7518852080773413,0.19642857142857142,0.10925305846445811,101,100,560,step10,10
0,42,partial_iv_anp,CALCE_CS2_33,0.5,100,100,100,ok,,0.1257867455493713,0.03779116453668985,1.7518852080773413,0.19642857142857142,0.10925305846445811,101,100,560,step1,1
0,42,partial_iv_anp,CALCE_CS2_33,0.75,100,100,100,ok,,0.12567932772340762,0.03767813077572002,1.725942696089204,0.19642857142857142,0.10971697383582468,101,100,560,step10,10
0,42,partial_iv_anp,CALCE_CS2_33,0.75,100,100,100,ok,,0.12567932772340762,0.03767813077572002,1.725942696089204,0.19642857142857142,0.10971697383582468,101,100,560,step1,1
0,42,partial_iv_anp,CALCE_CS2_33,1.0,100,100,100,ok,,0.12526359525044625,0.03719362236908352,1.6091651627970662,0.1982142857142857,0.11168006218933524,101,100,560,step10,10
0,42,partial_iv_anp,CALCE_CS2_33,1.0,100,100,100,ok,,0.12526359525044625,0.03719362236908352,1.6091651627970662,0.1982142857142857,0.11168006218933524,101,100,560,step1,1
0,42,partial_iv_anp,CALCE_CS2_33,0.0,101,101,101,ok,,0.07660109056378225,0.027395270890325674,-0.9244887443684653,0.516994633273703,0.15165604703540633,102,101,559,step1,1
0,42,partial_iv_anp,CALCE_CS2_33,0.25,101,101,101,ok,,0.12592331935927625,0.03642253807925111,1.7186332397227062,0.19856887298747763,0.10907280224960568,102,101,559,step1,1
0,42,partial_iv_anp,CALCE_CS2_33,0.5,101,101,101,ok,,0.1258124718680337,0.03635118979782215,1.7106882750673469,0.19856887298747763,0.10936227865419612,102,101,559,step1,1
0,42,partial_iv_anp,CALCE_CS2_33,0.75,101,101,101,ok,,0.125686695987289,0.03621600647657641,1.679176688804985,0.2003577817531306,0.109920434844602,102,101,559,step1,1
0,42,partial_iv_anp,CALCE_CS2_33,1.0,101,101,101,ok,,0.1251758098026837,0.035624515587298844,1.538354071369111,0.2039355992844365,0.11232055303500166,102,101,559,step1,1
0,42,partial_iv_anp,CALCE_CS2_33,0.0,102,102,102,ok,,0.07660826417517383,0.022430316300162234,-0.9400377289415217,0.543010752688172,0.15182294705519347,103,102,558,step1,1
0,42,partial_iv_anp,CALCE_CS2_33,0.25,102,102,102,ok,,0.1214816328482512,0.026942762537606746,0.8079848660468363,0.2724014336917563,0.12537638638572593,103,102,558,step1,1
0,42,partial_iv_anp,CALCE_CS2_33,0.5,102,102,102,ok,,0.1208257499301377,0.02651631906655416,0.7552108671241328,0.27598566308243727,0.12674279416884646,103,102,558,step1,1
0,42,partial_iv_anp,CALCE_CS2_33,0.75,102,102,102,ok,,0.12070506261261714,0.02644656694513492,0.7487410094373846,0.27598566308243727,0.12695397656349694,103,102,558,step1,1
0,42,partial_iv_anp,CALCE_CS2_33,1.0,102,102,102,ok,,0.11997406003116677,0.025977970081086488,0.6837316486578233,0.28136200716845877,0.1284743467389923,103,102,558,step1,1
0,42,partial_iv_anp,CALCE_CS2_33,0.0,103,103,103,ok,,0.0766185627343954,0.02210255094126945,-0.956685109695358,0.5493716337522442,0.15165579139749233,104,103,557,step1,1
0,42,partial_iv_anp,CALCE_CS2_33,0.25,103,103,103,ok,,0.12190206431288643,0.026809429774909965,0.8197179765560474,0.27289048473967686,0.12407932438396545,104,103,557,step1,1
0,42,partial_iv_anp,CALCE_CS2_33,0.5,103,103,103,ok,,0.12126409500896411,0.02638156410256709,0.7654277463388934,0.27289048473967686,0.12547488810570606,104,103,557,step1,1
0,42,partial_iv_anp,CALCE_CS2_33,0.75,103,103,103,ok,,0.1209402996081122,0.026166635618987133,0.7368750416007855,0.27289048473967686,0.1261744181422025,104,103,557,step1,1
0,42,partial_iv_anp,CALCE_CS2_33,1.0,103,103,103,ok,,0.12004343393589835,0.025587103504159492,0.6552487311400083,0.27827648114901254,0.1280783911064943,104,103,557,step1,1
0,42,partial_iv_anp,CALCE_CS2_33,0.0,104,104,104,ok,,0.07663040085051061,0.021259600803713252,-0.973026889939544,0.5485611510791367,0.15151702428624522,105,104,556,step1,1
0,42,partial_iv_anp,CALCE_CS2_33,0.25,104,104,104,ok,,0.12153599721670755,0.025567036334720128,0.7392391970544671,0.2823741007194245,0.12489012573151531,105,104,556,step1,1
0,42,partial_iv_anp,CALCE_CS2_33,0.5,104,104,104,ok,,0.12076265137789724,0.025071678584245416,0.6764320264983238,0.28776978417266186,0.12650903044224435,105,104,556,step1,1
0,42,partial_iv_anp,CALCE_CS2_33,0.75,104,104,104,ok,,0.1204631331223085,0.02488726459024615,0.653208054476404,0.29136690647482016,0.1271054950283575,105,104,556,step1,1
0,42,partial_iv_anp,CALCE_CS2_33,1.0,104,104,104,ok,,0.11947827516379879,0.024294277655977137,0.5716644054254555,0.2949640287769784,0.12906211475474372,105,104,556,step1,1
0,42,partial_iv_anp,CALCE_CS2_33,0.0,105,105,105,ok,,0.07664397303034542,0.023611159358545852,-0.9892147187719633,0.5405405405405406,0.1511286908496422,106,105,555,step1,1
0,42,partial_iv_anp,CALCE_CS2_33,0.25,105,105,105,ok,,0.12335862995036014,0.02925533097024946,0.9406108343004896,0.24324324324324326,0.11952024898257935,106,105,555,step1,1
0,42,partial_iv_anp,CALCE_CS2_33,0.5,105,105,105,ok,,0.12323208755536397,0.02919857214513677,0.9426585195718228,0.23963963963963963,0.11968104095650683,106,105,555,step1,1
0,42,partial_iv_anp,CALCE_CS2_33,0.75,105,105,105,ok,,0.1232222393017233,0.029207554805404712,0.9481418292850456,0.23963963963963963,0.11963408429477217,106,105,555,step1,1
0,42,partial_iv_anp,CALCE_CS2_33,1.0,105,105,105,ok,,0.12277065471979763,0.028837117876754803,0.8888218259509346,0.25225225225225223,0.12093209441532626,106,105,555,step1,1
0,42,partial_iv_anp,CALCE_CS2_33,0.0,106,106,106,ok,,0.07665762043000206,0.025079738151669084,-1.004364912124464,0.5415162454873647,0.1510941126534887,107,106,554,step1,1
0,42,partial_iv_anp,CALCE_CS2_33,0.25,106,106,106,ok,,0.12499139261443001,0.03217707535025438,1.2060911255687237,0.22563176895306858,0.11353754033991668,107,106,554,step1,1
0,42,partial_iv_anp,CALCE_CS2_33,0.5,106,106,106,ok,,0.12480018410619158,0.03203729099837527,1.1880263555441184,0.22743682310469315,0.1140579534351391,107,106,554,step1,1
0,42,partial_iv_anp,CALCE_CS2_33,0.75,106,106,106,ok,,0.12470105541258304,0.03195355827616042,1.1744770242631626,0.23104693140794225,0.11437258307502342,107,106,554,step1,1
0,42,partial_iv_anp,CALCE_CS2_33,1.0,106,106,106,ok,,0.1242394876499679,0.03150702328299204,1.0893965722636734,0.23465703971119134,0.11607168435805179,107,106,554,step1,1
0,42,partial_iv_anp,CALCE_CS2_33,0.0,107,107,107,ok,,0.07667119496525342,0.020793077932516835,-1.0187959624661824,0.5551537070524413,0.15105113211627294,108,107,553,step1,1
0,42,partial_iv_anp,CALCE_CS2_33,0.25,107,107,107,ok,,0.12242869828975239,0.025404099121163704,0.7364076184592974,0.2730560578661845,0.12226743640932465,108,107,553,step1,1
0,42,partial_iv_anp,CALCE_CS2_33,0.5,107,107,107,ok,,0.1215423149977563,0.02479877425343968,0.6537506832048066,0.2875226039783002,0.12432736454769602,108,107,553,step1,1
0,42,partial_iv_anp,CALCE_CS2_33,0.75,107,107,107,ok,,0.12102328939873988,0.024458520937784223,0.6065243905079755,0.2965641952983725,0.12547534158471094,108,107,553,step1,1
0,42,partial_iv_anp,CALCE_CS2_33,1.0,107,107,107,ok,,0.11990319925374592,0.023775161383466248,0.511279181095726,0.31464737793851716,0.12778504474333652,108,107,553,step1,1
0,42,partial_iv_anp,CALCE_CS2_33,0.0,108,108,108,ok,,0.07668859938745387,0.020371528996549926,-1.0340036938562396,0.5561594202898551,0.15099041211272754,109,108,552,step1,1
0,42,partial_iv_anp,CALCE_CS2_33,0.25,108,108,108,ok,,0.12174651230738744,0.02434703424910445,0.6201463493726755,0.2898550724637681,0.12396028292911536,109,108,552,step1,1
0,42,partial_iv_anp,CALCE_CS2_33,0.5,108,108,108,ok,,0.12136725964419773,0.024131509690645814,0.5993568536827811,0.2916666666666667,0.12465771145369427,109,108,552,step1,1
0,42,partial_iv_anp,CALCE_CS2_33,0.75,108,108,108,ok,,0.12125300441386586,0.024068919343220196,0.593859979599316,0.29528985507246375,0.12485581654809941,109,108,552,step1,1
0,42,partial_iv_anp,CALCE_CS2_33,1.0,108,108,108,ok,,0.1204735176750296,0.023583551438500217,0.5264560652942383,0.30434782608695654,0.12650752652921912,109,108,552,step1,1
0,42,partial_iv_anp,CALCE_CS2_33,0.0,109,109,109,ok,,0.07670750436467408,0.020566601534494078,-1.0489505434779878,0.5553539019963702,0.15107299264888047,110,109,551,step1,1
0,42,partial_iv_anp,CALCE_CS2_33,0.25,109,109,109,ok,,0.1224218638195259,0.02490418304660935,0.659881356879634,0.2849364791288566,0.12225431921043925,110,109,551,step1,1
0,42,partial_iv_anp,CALCE_CS2_33,0.5,109,109,109,ok,,0.1216092032120372,0.02436981807084504,0.5888987629815532,0.30490018148820325,0.12409433910509021,110,109,551,step1,1
0,42,partial_iv_anp,CALCE_CS2_33,0.75,109,109,109,ok,,0.12113270456526729,0.024065345933768745,0.547183465206533,0.3103448275862069,0.12513672126066083,110,109,551,step1,1
0,42,partial_iv_anp,CALCE_CS2_33,1.0,109,109,109,ok,,0.12020949398749654,0.02350931493196584,0.47036446982888547,0.3248638838475499,0.12704533875964427,110,109,551,step1,1
0,42,partial_iv_anp,CALCE_CS2_33,0.0,110,110,110,ok,,0.07672750354439611,0.019499851025727044,-1.0634812963740912,0.5763636363636364,0.15127774455948342,111,110,550,step10,10
0,42,partial_iv_anp,CALCE_CS2_33,0.0,110,110,110,ok,,0.07672750354439611,0.019499851025727044,-1.0634812963740912,0.5763636363636364,0.15127774455948342,111,110,550,step1,1
0,42,partial_iv_anp,CALCE_CS2_33,0.25,110,110,110,ok,,0.11991164751554848,0.02209583700301998,0.38541314541335786,0.32181818181818184,0.12803395479634092,111,110,550,step10,10
0,42,partial_iv_anp,CALCE_CS2_33,0.25,110,110,110,ok,,0.11991164751554848,0.02209583700301998,0.38541314541335786,0.32181818181818184,0.12803395479634092,111,110,550,step1,1
0,42,partial_iv_anp,CALCE_CS2_33,0.5,110,110,110,ok,,0.11880232703511918,0.02155497449155852,0.3226822494075278,0.3381818181818182,0.12987270029206732,111,110,550,step10,10
0,42,partial_iv_anp,CALCE_CS2_33,0.5,110,110,110,ok,,0.11880232703511918,0.02155497449155852,0.3226822494075278,0.3381818181818182,0.12987270029206732,111,110,550,step1,1
0,42,partial_iv_anp,CALCE_CS2_33,0.75,110,110,110,ok,,0.11862478882073366,0.021479155116010396,0.3162410471468801,0.3381818181818182,0.1301176569828286,111,110,550,step10,10
0,42,partial_iv_anp,CALCE_CS2_33,0.75,110,110,110,ok,,0.11862478882073366,0.021479155116010396,0.3162410471468801,0.3381818181818182,0.1301176569828286,111,110,550,step1,1
0,42,partial_iv_anp,CALCE_CS2_33,1.0,110,110,110,ok,,0.11806574016128074,0.021227143248575997,0.2861991311013333,0.3381818181818182,0.13097914641661546,111,110,550,step10,10
0,42,partial_iv_anp,CALCE_CS2_33,1.0,110,110,110,ok,,0.11806574016128074,0.021227143248575997,0.2861991311013333,0.3381818181818182,0.13097914641661546,111,110,550,step1,1
0,42,partial_iv_anp,CALCE_CS2_33,0.0,111,111,111,ok,,0.07674943905792063,0.02272545071540022,-1.0779253297149272,0.575591985428051,0.1512475994345235,112,111,549,step1,1
0,42,partial_iv_anp,CALCE_CS2_33,0.25,111,111,111,ok,,0.12463955115323397,0.028644723131901806,0.9052208526262379,0.2604735883424408,0.11542319283894105,112,111,549,step1,1
0,42,partial_iv_anp,CALCE_CS2_33,0.5,111,111,111,ok,,0.12434885276746628,0.028432483553107346,0.8761405272187156,0.2677595628415301,0.11621623484469902,112,111,549,step1,1
0,42,partial_iv_anp,CALCE_CS2_33,0.75,111,111,111,ok,,0.12421266778402398,0.028326524586771318,0.8601858259941138,0.27140255009107467,0.11661123984424328,112,111,549,step1,1
0,42,partial_iv_anp,CALCE_CS2_33,1.0,111,111,111,ok,,0.12366130787855141,0.027861202761888082,0.7806310709128849,0.2786885245901639,0.11836923175317637,112,111,549,step1,1
0,42,partial_iv_anp,CALCE_CS2_33,0.0,112,112,112,ok,,0.07676971738711866,0.018099709281427345,-1.0912565724308354,0.5711678832116789,0.1512269621337189,113,112,548,step1,1
0,42,partial_iv_anp,CALCE_CS2_33,0.25,112,112,112,ok,,0.12050040548194876,0.020816035995962157,0.37027951977659523,0.3266423357664234,0.1267650613798591,113,112,548,step1,1
0,42,partial_iv_anp,CALCE_CS2_33,0.5,112,112,112,ok,,0.11947286945802701,0.020300075852764943,0.3100979058915337,0.3357664233576642,0.1285449187043107,113,112,548,step1,1
0,42,partial_iv_anp,CALCE_CS2_33,0.75,112,112,112,ok,,0.11918378932195453,0.0201656320335879,0.295578669589601,0.3357664233576642,0.12900226473707074,113,112,548,step1,1
0,42,partial_iv_anp,CALCE_CS2_33,1.0,112,112,112,ok,,0.11817630146000381,0.019703149641035145,0.23718960127043262,0.3521897810218978,0.1306343259545375,113,112,548,step1,1
0,42,partial_iv_anp,CALCE_CS2_33,0.0,113,113,113,ok,,0.07679487490946987,0.01878339830946152,-1.1053580716254172,0.5703839122486288,0.15130733063787696,114,113,547,step1,1
0,42,partial_iv_anp,CALCE_CS2_33,0.25,113,113,113,ok,,0.12178949989575989,0.02216570645721272,0.45058702358679975,0.30895795246800734,0.12394778992401059,114,113,547,step1,1
0,42,partial_iv_anp,CALCE_CS2_33,0.5,113,113,113,ok,,0.12084178975635707,0.021624656141336684,0.38302026779734794,0.31992687385740404,0.12584538838314993,114,113,547,step1,1
0,42,partial_iv_anp,CALCE_CS2_33,0.75,113,113,113,ok,,0.12049097803833803,0.021435454732361636,0.3598891995229395,0.3217550274223035,0.12650273723272937,114,113,547,step1,1
0,42,partial_iv_anp,CALCE_CS2_33,1.0,113,113,113,ok,,0.11956058403601817,0.020949521994328313,0.29603272204803843,0.3327239488117002,0.12822784113194963,114,113,547,step1,1
0,42,partial_iv_anp,CALCE_CS2_33,0.0,114,114,114,ok,,0.07682071512870552,0.017992180225696708,-1.1189385126224543,0.5787545787545788,0.1511552141201853,115,114,546,step1,1
0,42,partial_iv_anp,CALCE_CS2_33,0.25,114,114,114,ok,,0.12118923534497926,0.020878076575138294,0.36239215181904905,0.336996336996337,0.125206866696984,115,114,546,step1,1
0,42,partial_iv_anp,CALCE_CS2_33,0.5,114,114,114,ok,,0.12029107527429678,0.020410196847036488,0.30749870744032626,0.3424908424908425,0.12684614172764824,115,114,546,step1,1
0,42,partial_iv_anp,CALCE_CS2_33,0.75,114,114,114,ok,,0.1199722696857857,0.020252691071847906,0.289343789721293,0.3443223443223443,0.12739602267843395,115,114,546,step1,1
0,42,partial_iv_anp,CALCE_CS2_33,1.0,114,114,114,ok,,0.11894879562666959,0.019759247577327943,0.2258344054074432,0.3516483516483517,0.12916758565219155,115,114,546,step1,1
0,42,partial_iv_anp,CALCE_CS2_33,0.0,115,115,115,ok,,0.0768483466185058,0.020243105298829445,-1.1323640099383487,0.581651376146789,0.15123964113594845,116,115,545,step1,1
0,42,partial_iv_anp,CALCE_CS2_33,0.25,115,115,115,ok,,0.12351269437345865,0.02457358006470889,0.5694892752656241,0.30091743119266057,0.11943393470831667,116,115,545,step1,1
0,42,partial_iv_anp,CALCE_CS2_33,0.5,115,115,115,ok,,0.12327659952873045,0.024446181928705846,0.5596884420280072,0.30642201834862387,0.11987295372069924,116,115,545,step1,1
0,42,partial_iv_anp,CALCE_CS2_33,0.75,115,115,115,ok,,0.12328642562401336,0.024470196397463284,0.5672295166585982,0.30275229357798167,0.11976631202928932,116,115,545,step1,1
0,42,partial_iv_anp,CALCE_CS2_33,1.0,115,115,115,ok,,0.12275776086767996,0.02410022454212568,0.5116866105883882,0.3100917431192661,0.12114547128800686,116,115,545,step1,1
0,42,partial_iv_anp,CALCE_CS2_33,0.0,116,116,116,ok,,0.07687485501283806,0.021736606851485374,-1.1449529930140843,0.5974264705882353,0.1511020722142915,117,116,544,step1,1
0,42,partial_iv_anp,CALCE_CS2_33,0.25,116,116,116,ok,,0.12550623881563516,0.027642341729399722,0.847141843709777,0.26286764705882354,0.11257674044183041,117,116,544,step1,1
0,42,partial_iv_anp,CALCE_CS2_33,0.5,116,116,116,ok,,0.12519669345082823,0.027409999622938774,0.8106453197819294,0.2665441176470588,0.11351929321494772,117,116,544,step1,1
0,42,partial_iv_anp,CALCE_CS2_33,0.75,116,116,116,ok,,0.12499040864870113,0.02723820296139967,0.7805067259737565,0.2702205882352941,0.11421465194463042,117,116,544,step1,1
0,42,partial_iv_anp,CALCE_CS2_33,1.0,116,116,116,ok,,0.12439986380689669,0.026736693462560468,0.6905206782960228,0.28125,0.11622917479496613,117,116,544,step1,1
0,42,partial_iv_anp,CALCE_CS2_33,0.0,117,117,117,ok,,0.07690045144521405,0.017499307192409552,-1.15694446730442,0.5874769797421732,0.15142340492471237,118,117,543,step1,1
0,42,partial_iv_anp,CALCE_CS2_33,0.25,117,117,117,ok,,0.12188437711794375,0.020457292745419187,0.3301500060013976,0.3351749539594843,0.12382514357861804,118,117,543,step1,1
0,42,partial_iv_anp,CALCE_CS2_33,0.5,117,117,117,ok,,0.12088833724519006,0.019924389377920404,0.2648924857835517,0.3406998158379374,0.12576240659453813,118,117,543,step1,1
0,42,partial_iv_anp,CALCE_CS2_33,0.75,117,117,117,ok,,0.12049439522922037,0.019725556691164048,0.2408385246461308,0.3462246777163904,0.1264830092199236,118,117,543,step1,1
0,42,partial_iv_anp,CALCE_CS2_33,1.0,117,117,117,ok,,0.11938927098183104,0.019192981360108385,0.17183231873361396,0.36095764272559855,0.12845738813898916,118,117,543,step1,1
0,42,partial_iv_anp,CALCE_CS2_33,0.0,118,118,118,ok,,0.07693145902457177,0.01738710206903893,-1.1695206798270295,0.5830258302583026,0.1514161085052275,119,118,542,step1,1
0,42,partial_iv_anp,CALCE_CS2_33,0.25,118,118,118,ok,,0.12183461481397201,0.020191500533288886,0.2936733986899869,0.34686346863468637,0.12396904955255623,119,118,542,step1,1
0,42,partial_iv_anp,CALCE_CS2_33,0.5,118,118,118,ok,,0.12103678218871904,0.01977935895413685,0.2457706578760502,0.35608856088560886,0.12546958257864424,119,118,542,step1,1
0,42,partial_iv_anp,CALCE_CS2_33,0.75,118,118,118,ok,,0.12070685085599828,0.019614786549723484,0.2263657678766622,0.35608856088560886,0.12606909512527,119,118,542,step1,1
0,42,partial_iv_anp,CALCE_CS2_33,1.0,118,118,118,ok,,0.1197656003969747,0.019156801167589665,0.16716954349245045,0.3634686346863469,0.12777852421154623,119,118,542,step1,1
0,42,partial_iv_anp,CALCE_CS2_33,0.0,119,119,119,ok,,0.07696360224492672,0.028233400665681918,-1.1818007750828807,0.600739371534196,0.15129840788225113,120,119,541,step1,1
0,42,partial_iv_anp,CALCE_CS2_33,0.25,119,119,119,ok,,0.12193176589744713,0.03097298743615806,0.27044319850675164,0.3456561922365989,0.12369308381821419,120,119,541,step1,1
0,42,partial_iv_anp,CALCE_CS2_33,0.5,119,119,119,ok,,0.12124236720011847,0.030623730159167528,0.23140031733503622,0.3512014787430684,0.12496726247797059,120,119,541,step1,1
0,42,partial_iv_anp,CALCE_CS2_33,0.75,119,119,119,ok,,0.12096540265683671,0.03048692689171928,0.21576623078135657,0.34935304990757854,0.12546708869743847,120,119,541,step1,1
0,42,partial_iv_anp,CALCE_CS2_33,1.0,119,119,119,ok,,0.12005855948801127,0.030041240391082913,0.1579757793182705,0.3585951940850277,0.12714174312431686,120,119,541,step1,1
0,42,partial_iv_anp,CALCE_CS2_33,0.0,120,120,120,ok,,0.07698102876196056,0.02628737130840586,-1.192014218156089,0.6018518518518519,0.15152429169091172,121,120,540,step10,10
0,42,partial_iv_anp,CALCE_CS2_33,0.0,120,120,120,ok,,0.07698102876196056,0.02628737130840586,-1.192014218156089,0.6018518518518519,0.15152429169091172,121,120,540,step1,1
0,42,partial_iv_anp,CALCE_CS2_33,0.25,120,120,120,ok,,0.12042557221701103,0.028134250210698708,0.13513747754770705,0.36666666666666664,0.1269531645984345,121,120,540,step10,10
0,42,partial_iv_anp,CALCE_CS2_33,0.25,120,120,120,ok,,0.12042557221701103,0.028134250210698708,0.13513747754770705,0.36666666666666664,0.1269531645984345,121,120,540,step1,1
0,42,partial_iv_anp,CALCE_CS2_33,0.5,120,120,120,ok,,0.11960622169392705,0.027788019105398076,0.09963959342020859,0.3685185185185185,0.1282306198863874,121,120,540,step10,10
0,42,partial_iv_anp,CALCE_CS2_33,0.5,120,120,120,ok,,0.11960622169392705,0.027788019105398076,0.09963959342020859,0.3685185185185185,0.1282306198863874,121,120,540,step1,1
0,42,partial_iv_anp,CALCE_CS2_33,0.75,120,120,120,ok,,0.11948084609905195,0.027743127105125942,0.0972538388877821,0.3685185185185185,0.12838443760604804,121,120,540,step10,10
0,42,partial_iv_anp,CALCE_CS2_33,0.75,120,120,120,ok,,0.11948084609905195,0.027743127105125942,0.0972538388877821,0.3685185185185185,0.12838443760604804,121,120,540,step1,1
0,42,partial_iv_anp,CALCE_CS2_33,1.0,120,120,120,ok,,0.11863172172437407,0.027395104580028362,0.05508629123103856,0.37407407407407406,0.12971388560684918,121,120,540,step10,10
0,42,partial_iv_anp,CALCE_CS2_33,1.0,120,120,120,ok,,0.11863172172437407,0.027395104580028362,0.05508629123103856,0.37407407407407406,0.12971388560684918,121,120,540,step1,1
0,42,partial_iv_anp,CALCE_CS2_33,0.0,121,121,121,ok,,0.0770022157236272,0.02886305556270341,-1.2022874977154479,0.5992578849721707,0.15131540082387918,122,121,539,step1,1
0,42,partial_iv_anp,CALCE_CS2_33,0.25,121,121,121,ok,,0.12540053274404472,0.03389228771473851,0.6258379129214802,0.29684601113172543,0.11406132009329475,122,121,539,step1,1
0,42,partial_iv_anp,CALCE_CS2_33,0.5,121,121,121,ok,,0.12508637625523034,0.033681658141647364,0.5968964277287585,0.3079777365491651,0.11490965396831486,122,121,539,step1,1
0,42,partial_iv_anp,CALCE_CS2_33,0.75,121,121,121,ok,,0.12489078144692833,0.03353643988738675,0.5739683572471297,0.3098330241187384,0.11549704350866134,122,121,539,step1,1
0,42,partial_iv_anp,CALCE_CS2_33,1.0,121,121,121,ok,,0.12432521597155237,0.033103058658568996,0.5018211303427736,0.31539888682745826,0.11724864228498433,122,121,539,step1,1
0,42,partial_iv_anp,CALCE_CS2_33,0.0,122,122,122,ok,,0.07701928191395072,0.028619781806533684,-1.2120947856301896,0.5929368029739777,0.15164325889265057,123,122,538,step1,1
0,42,partial_iv_anp,CALCE_CS2_33,0.25,122,122,122,ok,,0.1259565845183439,0.03402690981110701,0.6909136771146805,0.29182156133828996,0.11234149115777503,123,122,538,step1,1
0,42,partial_iv_anp,CALCE_CS2_33,0.5,122,122,122,ok,,0.12568834700849893,0.03384506827605527,0.6648277326145065,0.30297397769516726,0.11310279255718206,123,122,538,step1,1
0,42,partial_iv_anp,CALCE_CS2_33,0.75,122,122,122,ok,,0.12553993785767123,0.03373219995337884,0.6462765257260378,0.3066914498141264,0.11357523770680251,123,122,538,step1,1
0,42,partial_iv_anp,CALCE_CS2_33,1.0,122,122,122,ok,,0.12501827965180617,0.033305470692999606,0.5702175203772927,0.31226765799256506,0.1153657420768473,123,122,538,step1,1
0,42,partial_iv_anp,CALCE_CS2_33,0.0,123,123,123,ok,,0.07703721099597853,0.028374768947510454,-1.2217733548983871,0.5996275605214153,0.15188898273650867,124,123,537,step1,1
0,42,partial_iv_anp,CALCE_CS2_33,0.25,123,123,123,ok,,0.12639008563979534,0.034062000312641394,0.740835400864908,0.2905027932960894,0.11086742994390685,124,123,537,step1,1
0,42,partial_iv_anp,CALCE_CS2_33,0.5,123,123,123,ok,,0.12611066985885355,0.03386161016281597,0.7085976962777435,0.2942271880819367,0.11174052827055679,124,123,537,step1,1
0,42,partial_iv_anp,CALCE_CS2_33,0.75,123,123,123,ok,,0.12593607714799676,0.03372026018245733,0.683148718024281,0.297951582867784,0.11235322758935841,124,123,537,step1,1
0,42,partial_iv_anp,CALCE_CS2_33,1.0,123,123,123,ok,,0.12543419128109642,0.03329522293689291,0.6040671160913579,0.3128491620111732,0.11418284471707434,124,123,537,step1,1
0,42,partial_iv_anp,CALCE_CS2_33,0.0,124,124,124,ok,,0.07705602194616296,0.02793725298582017,-1.2313226997717928,0.5970149253731343,0.15217784154964697,125,124,536,step1,1
0,42,partial_iv_anp,CALCE_CS2_33,0.25,124,124,124,ok,,0.1266661469417395,0.033759143310913786,0.762288932069723,0.2891791044776119,0.11008436073072458,125,124,536,step1,1
0,42,partial_iv_anp,CALCE_CS2_33,0.5,124,124,124,ok,,0.1264740108237643,0.03363789195302569,0.7454280782277972,0.2873134328358209,0.11062083518393907,125,124,536,step1,1
0,42,partial_iv_anp,CALCE_CS2_33,0.75,124,124,124,ok,,0.12635216456100304,0.03354217702518636,0.7282196548470006,0.2873134328358209,0.11104616739158472,125,124,536,step1,1
0,42,partial_iv_anp,CALCE_CS2_33,1.0,124,124,124,ok,,0.12586962527640866,0.03311888646717709,0.6452977739515167,0.29850746268656714,0.11292448456401984,125,124,536,step1,1
0,42,partial_iv_anp,CALCE_CS2_33,0.0,125,125,125,ok,,0.0770760656206635,0.027913289158714605,-1.240758297456081,0.6037383177570094,0.1524349852027022,126,125,535,step1,1
0,42,partial_iv_anp,CALCE_CS2_33,0.25,125,125,125,ok,,0.12717620466352067,0.034108130648487056,0.8412904222888083,0.28598130841121494,0.10813834151277335,126,125,535,step1,1
0,42,partial_iv_anp,CALCE_CS2_33,0.5,125,125,125,ok,,0.12693220009465186,0.03392857081280842,0.8081810447970916,0.28785046728971964,0.10898561646317122,126,125,535,step1,1
0,42,partial_iv_anp,CALCE_CS2_33,0.75,125,125,125,ok,,0.1267574193977047,0.033776094929749645,0.7765854597862487,0.29158878504672897,0.10969655069210903,126,125,535,step1,1
0,42,partial_iv_anp,CALCE_CS2_33,1.0,125,125,125,ok,,0.12628265794091073,0.033344787714894464,0.6871362067769566,0.30654205607476637,0.11167341070198507,126,125,535,step1,1
0,42,partial_iv_anp,CALCE_CS2_33,0.0,126,126,126,ok,,0.07709660391569283,0.0274688959279642,-1.2500443397005594,0.6123595505617978,0.15281997442400672,127,126,534,step1,1
0,42,partial_iv_anp,CALCE_CS2_33,0.25,126,126,126,ok,,0.1273449908948624,0.03369362991613867,0.841967783093455,0.2902621722846442,0.10788028237236288,127,126,534,step1,1
0,42,partial_iv_anp,CALCE_CS2_33,0.5,126,126,126,ok,,0.1271748173376452,0.03358785165386091,0.8255416046907679,0.29213483146067415,0.1083850042687574,127,126,534,step1,1
0,42,partial_iv_anp,CALCE_CS2_33,0.75,126,126,126,ok,,0.1270162805211513,0.03344969576861123,0.7961454466447098,0.29213483146067415,0.10904431887040561,127,126,534,step1,1
0,42,partial_iv_anp,CALCE_CS2_33,1.0,126,126,126,ok,,0.12652987091260376,0.03300069588688759,0.7000451357923658,0.299625468164794,0.11114875331788887,127,126,534,step1,1
0,42,partial_iv_anp,CALCE_CS2_33,0.0,127,127,127,ok,,0.0771183622953558,0.02702074101927654,-1.2592159076345795,0.6022514071294559,0.15322814237786397,128,127,533,step1,1
0,42,partial_iv_anp,CALCE_CS2_33,0.25,127,127,127,ok,,0.12743537626302692,0.03319202104299912,0.8226553060225615,0.29831144465290804,0.10799951638167059,128,127,533,step1,1
0,42,partial_iv_anp,CALCE_CS2_33,0.5,127,127,127,ok,,0.1272139444469833,0.033035318673081626,0.7941838154970537,0.29831144465290804,0.1087566284127502,128,127,533,step1,1
0,42,partial_iv_anp,CALCE_CS2_33,0.75,127,127,127,ok,,0.12706124714146888,0.03290431284623785,0.7668523445223088,0.3076923076923077,0.10938246347686979,128,127,533,step1,1
0,42,partial_iv_anp,CALCE_CS2_33,1.0,127,127,127,ok,,0.12660072762435448,0.032483740304472986,0.6778564782526791,0.3170731707317073,0.11136039901903075,128,127,533,step1,1
0,42,partial_iv_anp,CALCE_CS2_33,0.0,128,128,128,ok,,0.07714136301764998,0.026644531032371632,-1.2682688943878995,0.6221804511278195,0.1535032922424281,129,128,532,step1,1
0,42,partial_iv_anp,CALCE_CS2_33,0.25,128,128,128,ok,,0.12764717425135233,0.03288570944484481,0.8342716886484045,0.29135338345864664,0.10741644816108367,129,128,532,step1,1
0,42,partial_iv_anp,CALCE_CS2_33,0.5,128,128,128,ok,,0.1274604662456441,0.03276306393207307,0.8128722529833411,0.29135338345864664,0.10802217887531311,129,128,532,step1,1
0,42,partial_iv_anp,CALCE_CS2_33,0.75,128,128,128,ok,,0.12727081456178602,0.03259362707382263,0.7754722604128191,0.29699248120300753,0.10885087055578706,129,128,532,step1,1
0,42,partial_iv_anp,CALCE_CS2_33,1.0,128,128,128,ok,,0.12677112299493495,0.0321321220452615,0.675644515264479,0.30451127819548873,0.11105571525912183,129,128,532,step1,1
0,42,partial_iv_anp,CALCE_CS2_33,0.0,129,129,129,ok,,0.07720481409021042,0.026403827970613802,-1.2720323775272926,0.6214689265536724,0.15367777319310813,130,128,531,step1,1
0,42,partial_iv_anp,CALCE_CS2_33,0.25,129,129,129,ok,,0.12777600258085758,0.032667059733541115,0.8349410225144557,0.2843691148775895,0.10739573100198185,130,128,531,step1,1
0,42,partial_iv_anp,CALCE_CS2_33,0.5,129,129,129,ok,,0.12756321926560138,0.032517631323240925,0.8069549241308125,0.288135593220339,0.10813625507256625,130,128,531,step1,1
0,42,partial_iv_anp,CALCE_CS2_33,0.75,129,129,129,ok,,0.12738834781349953,0.03236290285226762,0.7731514210850942,0.2919020715630885,0.10889206688449571,130,128,531,step1,1
0,42,partial_iv_anp,CALCE_CS2_33,1.0,129,129,129,ok,,0.12689940973793856,0.03191097265365794,0.6754797371730223,0.3069679849340866,0.1110534376830225,130,128,531,step1,1
0,42,partial_iv_anp,CALCE_CS2_33,0.0,130,130,130,ok,,0.07721975053842686,0.02627654295532067,-1.2754526951774956,0.6226415094339622,0.1538446703042176,131,128,530,step10,10
0,42,partial_iv_anp,CALCE_CS2_33,0.0,130,130,130,ok,,0.07721975053842686,0.02627654295532067,-1.2754526951774956,0.6226415094339622,0.1538446703042176,131,128,530,step1,1
0,42,partial_iv_anp,CALCE_CS2_33,0.25,130,130,130,ok,,0.1279531423939242,0.032605986602207704,0.849422306516458,0.29245283018867924,0.10700650946391606,131,128,530,step10,10
0,42,partial_iv_anp,CALCE_CS2_33,0.25,130,130,130,ok,,0.1279531423939242,0.032605986602207704,0.849422306516458,0.29245283018867924,0.10700650946391606,131,128,530,step1,1
0,42,partial_iv_anp,CALCE_CS2_33,0.5,130,130,130,ok,,0.1277433666355094,0.03245843659106484,0.8210839188647295,0.2943396226415094,0.10774995799598984,131,128,530,step10,10
0,42,partial_iv_anp,CALCE_CS2_33,0.5,130,130,130,ok,,0.1277433666355094,0.03245843659106484,0.8210839188647295,0.2943396226415094,0.10774995799598984,131,128,530,step1,1
0,42,partial_iv_anp,CALCE_CS2_33,0.75,130,130,130,ok,,0.12756297225274693,0.032296845981117484,0.7849646458553142,0.2943396226415094,0.10855032049930219,131,128,530,step10,10
0,42,partial_iv_anp,CALCE_CS2_33,0.75,130,130,130,ok,,0.12756297225274693,0.032296845981117484,0.7849646458553142,0.2943396226415094,0.10855032049930219,131,128,530,step1,1
0,42,partial_iv_anp,CALCE_CS2_33,1.0,130,130,130,ok,,0.12708392220108,0.03185029501214898,0.6869120864202629,0.30566037735849055,0.11071249328510786,131,128,530,step10,10
0,42,partial_iv_anp,CALCE_CS2_33,1.0,130,130,130,ok,,0.12708392220108,0.03185029501214898,0.6869120864202629,0.30566037735849055,0.11071249328510786,131,128,530,step1,1
0,42,partial_iv_anp,CALCE_CS2_33,0.0,131,131,131,ok,,0.07724406682801042,0.02605727796328905,-1.2833909597655067,0.6313799621928167,0.15374805425876503,132,128,529,step1,1
0,42,partial_iv_anp,CALCE_CS2_33,0.25,131,131,131,ok,,0.12810699653627575,0.03239911173124732,0.8483313416455517,0.28733459357277885,0.10659198820688764,132,128,529,step1,1
0,42,partial_iv_anp,CALCE_CS2_33,0.5,131,131,131,ok,,0.12793182450953966,0.03228655688928417,0.8281219671750191,0.29300567107750475,0.10716616886049331,132,128,529,step1,1
0,42,partial_iv_anp,CALCE_CS2_33,0.75,131,131,131,ok,,0.1277842950619666,0.03215722532636556,0.7989455304961214,0.29300567107750475,0.10781689586827851,132,128,529,step1,1
0,42,partial_iv_anp,CALCE_CS2_33,1.0,131,131,131,ok,,0.12732239115764293,0.03172280070024602,0.7008963302849112,0.29867674858223064,0.10995823452916771,132,128,529,step1,1
0,42,partial_iv_anp,CALCE_CS2_33,0.0,132,132,132,ok,,0.07726247372094533,0.026404004975350226,-1.2883936535455904,0.6231060606060606,0.15377221873705646,133,128,528,step1,1
0,42,partial_iv_anp,CALCE_CS2_33,0.25,132,132,132,ok,,0.12865259824856418,0.03319515352581681,0.9710726769914423,0.2784090909090909,0.10396452848161805,133,128,528,step1,1
0,42,partial_iv_anp,CALCE_CS2_33,0.5,132,132,132,ok,,0.128468142555488,0.03306689518169459,0.9418635351674947,0.2803030303030303,0.10467263827911731,133,128,528,step1,1
0,42,partial_iv_anp,CALCE_CS2_33,0.75,132,132,132,ok,,0.12828550303171726,0.032893969918583066,0.8966006142917284,0.2821969696969697,0.10559668464301886,133,128,528,step1,1
0,42,partial_iv_anp,CALCE_CS2_33,1.0,132,132,132,ok,,0.12783220912852003,0.03244904244599445,0.7853371718137626,0.2935606060606061,0.10790181262533877,133,128,528,step1,1
0,42,partial_iv_anp,CALCE_CS2_33,0.0,133,133,133,ok,,0.0772857237700815,0.020375398864210914,-1.2950109965930037,0.6110056925996205,0.15367507221853605,134,128,527,step1,1
0,42,partial_iv_anp,CALCE_CS2_33,0.25,133,133,133,ok,,0.12475017842930676,0.023625774943689226,0.23676908924662435,0.3567362428842505,0.12026866068371589,134,128,527,step1,1
0,42,partial_iv_anp,CALCE_CS2_33,0.5,133,133,133,ok,,0.12396973634638252,0.023176086682459407,0.1806491833374631,0.3586337760910816,0.12209427611480377,134,128,527,step1,1
0,42,partial_iv_anp,CALCE_CS2_33,0.75,133,133,133,ok,,0.1236172936777749,0.02297909156781419,0.15594545956782285,0.36242884250474383,0.12288564068941117,134,128,527,step1,1
0,42,partial_iv_anp,CALCE_CS2_33,1.0,133,133,133,ok,,0.12270417052059278,0.02248572440212049,0.09120725244408288,0.3700189753320683,0.12489162390232575,134,128,527,step1,1
0,42,partial_iv_anp,CALCE_CS2_33,0.0,134,134,134,ok,,0.07731836499490956,0.01974280792210381,-1.3007506097764914,0.6102661596958175,0.15388964805043995,135,128,526,step1,1
0,42,partial_iv_anp,CALCE_CS2_33,0.25,134,134,134,ok,,0.12460961005786247,0.022794637104151527,0.20186292513419016,0.3612167300380228,0.12099208876575632,135,128,526,step1,1
0,42,partial_iv_anp,CALCE_CS2_33,0.5,134,134,134,ok,,0.12376835205444729,0.02232469507767465,0.14409592512614297,0.3669201520912547,0.12290321842098635,135,128,526,step1,1
0,42,partial_iv_anp,CALCE_CS2_33,0.75,134,134,134,ok,,0.12343831262068825,0.022148529922158766,0.12283344581785893,0.3688212927756654,0.12361173766802673,135,128,526,step1,1
0,42,partial_iv_anp,CALCE_CS2_33,1.0,134,134,134,ok,,0.1225562857586298,0.021689856515536454,0.06389599919766276,0.3688212927756654,0.125486204856849,135,128,526,step1,1
0,42,partial_iv_anp,CALCE_CS2_33,0.0,135,135,135,ok,,0.07735225597382596,0.018741008440165463,-1.3078519884322057,0.6057142857142858,0.15383557832406322,136,128,525,step1,1
0,42,partial_iv_anp,CALCE_CS2_33,0.25,135,135,135,ok,,0.12447562157024453,0.021592732196659026,0.16524834946920616,0.38095238095238093,0.12149117225838613,136,128,525,step1,1
0,42,partial_iv_anp,CALCE_CS2_33,0.5,135,135,135,ok,,0.12361809192586241,0.021131355684540054,0.10994970849504382,0.38476190476190475,0.12337039177695452,136,128,525,step1,1
0,42,partial_iv_anp,CALCE_CS2_33,0.75,135,135,135,ok,,0.1230630860708221,0.020841627436521515,0.07373391707509579,0.38476190476190475,0.12455299344450639,136,128,525,step1,1
0,42,partial_iv_anp,CALCE_CS2_33,1.0,135,135,135,ok,,0.12186054382351597,0.020262085026177434,0.0006936115612289822,0.3904761904761905,0.12694543260820876,136,128,525,step1,1
0,42,partial_iv_anp,CALCE_CS2_33,0.0,136,136,136,ok,,0.07738900652964355,0.02132723187608665,-1.3159376377269785,0.6202290076335878,0.1540628362836282,137,128,524,step1,1
0,42,partial_iv_anp,CALCE_CS2_33,0.25,136,136,136,ok,,0.12664758762206116,0.02558828149193726,0.38344180803716527,0.34541984732824427,0.11509229801569983,137,128,524,step1,1
0,42,partial_iv_anp,CALCE_CS2_33,0.5,136,136,136,ok,,0.1262991518393429,0.025371774954255022,0.3553490188841664,0.34541984732824427,0.11603091005968771,137,128,524,step1,1
0,42,partial_iv_anp,CALCE_CS2_33,0.75,136,136,136,ok,,0.12614886812315365,0.025274473806904174,0.342019708398676,0.3473282442748092,0.11644925680774895,137,128,524,step1,1
0,42,partial_iv_anp,CALCE_CS2_33,1.0,136,136,136,ok,,0.12555779253895413,0.024859429247236386,0.27731361199353327,0.3530534351145038,0.11825609371261646,137,128,524,step1,1
0,42,partial_iv_anp,CALCE_CS2_33,0.0,137,137,137,ok,,0.07743494892510329,0.022302262926999328,-1.330542268935696,0.621414913957935,0.1540842026423024,138,128,523,step1,1
0,42,partial_iv_anp,CALCE_CS2_33,0.25,137,137,137,ok,,0.12783763927458824,0.02739539295700133,0.5337220293268606,0.3326959847036329,0.11057544851299621,138,128,523,step1,1
0,42,partial_iv_anp,CALCE_CS2_33,0.5,137,137,137,ok,,0.12753156433212398,0.027184976039570374,0.49908548685269394,0.3384321223709369,0.11158291803858074,138,128,523,step1,1
0,42,partial_iv_anp,CALCE_CS2_33,0.75,137,137,137,ok,,0.12733274961723404,0.027031313332020246,0.47148580091414394,0.3384321223709369,0.11230878898661592,138,128,523,step1,1
0,42,partial_iv_anp,CALCE_CS2_33,1.0,137,137,137,ok,,0.12676210670920035,0.02657638358805392,0.38889754411439775,0.3422562141491396,0.11442901620703246,138,128,523,step1,1
0,42,partial_iv_anp,CALCE_CS2_33,0.0,138,138,138,ok,,0.07747003118492593,0.01731699453646729,-1.338721098226062,0.6245210727969349,0.154117235101471,139,128,522,step1,1
0,42,partial_iv_anp,CALCE_CS2_33,0.25,138,138,138,ok,,0.12360276943974492,0.019315712064875368,0.013312892167972195,0.4003831417624521,0.12407971385764541,139,128,522,step1,1
0,42,partial_iv_anp,CALCE_CS2_33,0.5,138,138,138,ok,,0.12239750334733332,0.01876728341415057,-0.04874859467564758,0.4061302681992337,0.12637684024962423,139,128,522,step1,1
0,42,partial_iv_anp,CALCE_CS2_33,0.75,138,138,138,ok,,0.12195423967096121,0.01858097291508598,-0.06919129738642234,0.4099616858237548,0.12715545538268505,139,128,522,step1,1
0,42,partial_iv_anp,CALCE_CS2_33,1.0,138,138,138,ok,,0.12089987323246841,0.018160669476810165,-0.11839661510045595,0.42337164750957856,0.128955718487658,139,128,522,step1,1
0,42,partial_iv_anp,CALCE_CS2_33,0.0,139,139,139,ok,,0.07750240177188492,0.016890214964752848,-1.3414671681830508,0.6257197696737045,0.15423304482767036,140,128,521,step1,1
0,42,partial_iv_anp,CALCE_CS2_33,0.25,139,139,139,ok,,0.12393964791468864,0.01897872607918505,0.02311211979501361,0.40115163147792704,0.12350318020303086,140,128,521,step1,1
0,42,partial_iv_anp,CALCE_CS2_33,0.5,139,139,139,ok,,0.12304608188293507,0.018566123331917095,-0.021947139336538857,0.4069097888675624,0.12523101076194385,140,128,521,step1,1
0,42,partial_iv_anp,CALCE_CS2_33,0.75,139,139,139,ok,,0.12263203863721739,0.018382476886391275,-0.04246517348455757,0.4165067178502879,0.1260019000346145,140,128,521,step1,1
0,42,partial_iv_anp,CALCE_CS2_33,1.0,139,139,139,ok,,0.12151771279736195,0.017911842220195262,-0.09880157727116717,0.42226487523992323,0.12802143952952438,140,128,521,step1,1
0,42,partial_iv_anp,CALCE_CS2_33,0.0,140,140,140,ok,,0.07755419701655172,0.016613113093197796,-1.3527795993092866,0.6288461538461538,0.15429809344423695,141,128,520,step10,10
0,42,partial_iv_anp,CALCE_CS2_33,0.0,140,140,140,ok,,0.07755419701655172,0.016613113093197796,-1.3527795993092866,0.6288461538461538,0.15429809344423695,141,128,520,step1,1
0,42,partial_iv_anp,CALCE_CS2_33,0.25,140,140,140,ok,,0.12402542568706748,0.01862412950310366,0.0006122667211916822,0.40576923076923077,0.12342905557804106,141,128,520,step10,10
0,42,partial_iv_anp,CALCE_CS2_33,0.25,140,140,140,ok,,0.12402542568706748,0.01862412950310366,0.0006122667211916822,0.40576923076923077,0.12342905557804106,141,128,520,step1,1
0,42,partial_iv_anp,CALCE_CS2_33,0.5,140,140,140,ok,,0.12293654833328525,0.01812552191972694,-0.055568739994265405,0.41346153846153844,0.1255500826232526,141,128,520,step10,10
0,42,partial_iv_anp,CALCE_CS2_33,0.5,140,140,140,ok,,0.12293654833328525,0.01812552191972694,-0.055568739994265405,0.41346153846153844,0.1255500826232526,141,128,520,step1,1
0,42,partial_iv_anp,CALCE_CS2_33,0.75,140,140,140,ok,,0.1226337774531715,0.017998583531769863,-0.068575803444302,0.41346153846153844,0.12608352051612712,141,128,520,step10,10
0,42,partial_iv_anp,CALCE_CS2_33,0.75,140,140,140,ok,,0.1226337774531715,0.017998583531769863,-0.068575803444302,0.41346153846153844,0.12608352051612712,141,128,520,step1,1
0,42,partial_iv_anp,CALCE_CS2_33,1.0,140,140,140,ok,,0.12152295510591439,0.0175407394467183,-0.12300822970433631,0.42115384615384616,0.1280729678576158,141,128,520,step10,10
0,42,partial_iv_anp,CALCE_CS2_33,1.0,140,140,140,ok,,0.12152295510591439,0.0175407394467183,-0.12300822970433631,0.42115384615384616,0.1280729678576158,141,128,520,step1,1
0,42,partial_iv_anp,CALCE_CS2_33,0.0,141,141,141,ok,,0.07758056003504998,0.016909838911611463,-1.3515613784014877,0.6473988439306358,0.15463295831696444,142,128,519,step1,1
0,42,partial_iv_anp,CALCE_CS2_33,0.25,141,141,141,ok,,0.1228322698165405,0.018268414622048423,-0.08273459855739283,0.41811175337186895,0.1263117747935659,142,128,519,step1,1
0,42,partial_iv_anp,CALCE_CS2_33,0.5,141,141,141,ok,,0.12169523241925524,0.017824708410677514,-0.12835197810225538,0.4238921001926782,0.1282221944832755,142,128,519,step1,1
0,42,partial_iv_anp,CALCE_CS2_33,0.75,141,141,141,ok,,0.12194457984773616,0.017936331330926092,-0.11124603946939671,0.42196531791907516,0.1277127764099455,142,128,519,step1,1
0,42,partial_iv_anp,CALCE_CS2_33,1.0,141,141,141,ok,,0.12163890327989009,0.01782424901764934,-0.12192632549579961,0.4238921001926782,0.12819123270250374,142,128,519,step1,1
0,42,partial_iv_anp,CALCE_CS2_33,0.0,142,142,142,ok,,0.07762864101511809,0.019919575835779635,-1.3626183059611214,0.6447876447876448,0.15471125665374696,143,128,518,step1,1
0,42,partial_iv_anp,CALCE_CS2_33,0.25,142,142,142,ok,,0.12773294426877757,0.024124737130152396,0.33953275650331016,0.36486486486486486,0.11296737972395007,143,128,518,step1,1
0,42,partial_iv_anp,CALCE_CS2_33,0.5,142,142,142,ok,,0.12739525317796138,0.023917213252738656,0.3102463093658616,0.3687258687258687,0.11394405787087958,143,128,518,step1,1
0,42,partial_iv_anp,CALCE_CS2_33,0.75,142,142,142,ok,,0.12722547822644106,0.023804818878819467,0.2931387564426149,0.36486486486486486,0.11446791372645129,143,128,518,step1,1
0,42,partial_iv_anp,CALCE_CS2_33,1.0,142,142,142,ok,,0.1265928032150242,0.023359416392420007,0.22011502238377884,0.38223938223938225,0.11654410819271104,143,128,518,step1,1
0,42,partial_iv_anp,CALCE_CS2_33,0.0,143,143,143,ok,,0.07767782040413344,0.018014667214795832,-1.3736254158503136,0.6441005802707931,0.15476810124193371,144,128,517,step1,1
0,42,partial_iv_anp,CALCE_CS2_33,0.25,143,143,143,ok,,0.12739029592578102,0.021782581846590543,0.25131451862917925,0.38878143133462284,0.11459316692195644,144,128,517,step1,1
0,42,partial_iv_anp,CALCE_CS2_33,0.5,143,143,143,ok,,0.12607027274273638,0.020919812274104332,0.11877038548525799,0.40425531914893614,0.11858895837279292,144,128,517,step1,1
0,42,partial_iv_anp,CALCE_CS2_33,0.75,143,143,143,ok,,0.12528062607564447,0.020452105439669355,0.05243838018995203,0.4158607350096712,0.12068562012575702,144,128,517,step1,1
0,42,partial_iv_anp,CALCE_CS2_33,1.0,143,143,143,ok,,0.12397392977844884,0.01976536327579337,-0.039638621181559794,0.42359767891682787,0.12374250798384391,144,128,517,step1,1
0,42,partial_iv_anp,CALCE_CS2_33,0.0,144,144,144,ok,,0.07771445204039298,0.015459449415000104,-1.377209857904502,0.6395348837209303,0.15478451863314685,145,128,516,step1,1
0,42,partial_iv_anp,CALCE_CS2_33,0.25,144,144,144,ok,,0.12419257802181671,0.0171513857705885,-0.06660666020929419,0.4166666666666667,0.12382973349267208,145,128,516,step1,1
0,42,partial_iv_anp,CALCE_CS2_33,0.5,144,144,144,ok,,0.12308537614950682,0.01667837177512488,-0.11823420958102003,0.42054263565891475,0.1259112579323512,145,128,516,step1,1
0,42,partial_iv_anp,CALCE_CS2_33,0.75,144,144,144,ok,,0.12278225412640477,0.01655986470479842,-0.12996996272148728,0.42054263565891475,0.12642666973910288,145,128,516,step1,1
0,42,partial_iv_anp,CALCE_CS2_33,1.0,144,144,144,ok,,0.12172877303322628,0.016153746712587402,-0.1771026987405549,0.42441860465116277,0.1282583877927305,145,128,516,step1,1
0,42,partial_iv_anp,CALCE_CS2_33,0.0,145,145,145,ok,,0.07776538665349868,0.015914804430519625,-1.3852692803046356,0.6446601941747573,0.15457408940847217,146,128,515,step1,1
0,42,partial_iv_anp,CALCE_CS2_33,0.25,145,145,145,ok,,0.1251650409193638,0.017994737249953596,-0.021983101402980543,0.4155339805825243,0.12159912244876252,146,128,515,step1,1
0,42,partial_iv_anp,CALCE_CS2_33,0.5,145,145,145,ok,,0.12413299185716525,0.017510562560044796,-0.07809138535449132,0.429126213592233,0.1237435565863692,146,128,515,step1,1
0,42,partial_iv_anp,CALCE_CS2_33,0.75,145,145,145,ok,,0.12388880526072399,0.017406846241124985,-0.08853242237167323,0.429126213592233,0.12419348256938913,146,128,515,step1,1
0,42,partial_iv_anp,CALCE_CS2_33,1.0,145,145,145,ok,,0.1230006016109337,0.017024266283789058,-0.1345554735514776,0.4349514563106796,0.12591032141420255,146,128,515,step1,1
0,42,partial_iv_anp,CALCE_CS2_33,0.0,146,146,146,ok,,0.07780263957871092,0.015398750573376363,-1.3867586932060256,0.6498054474708171,0.15464817551664475,147,128,514,step1,1
0,42,partial_iv_anp,CALCE_CS2_33,0.25,146,146,146,ok,,0.12541806127893085,0.017523719885325195,-0.01631611348480721,0.4143968871595331,0.12121227545203228,147,128,514,step1,1
0,42,partial_iv_anp,CALCE_CS2_33,0.5,146,146,146,ok,,0.12443959079618312,0.017060718811772846,-0.0699768394469793,0.42023346303501946,0.12327471803968132,147,128,514,step1,1
0,42,partial_iv_anp,CALCE_CS2_33,0.75,146,146,146,ok,,0.1239601479857466,0.016844564096726633,-0.0952282594972915,0.42412451361867703,0.12423679809231739,147,128,514,step1,1
0,42,partial_iv_anp,CALCE_CS2_33,1.0,146,146,146,ok,,0.12281519997056764,0.016360945364686685,-0.15366176358835842,0.4357976653696498,0.12642760025684766,147,128,514,step1,1
0,42,partial_iv_anp,CALCE_CS2_33,0.0,147,147,147,ok,,0.07788064329889258,0.018440777562526156,-1.4070541701114094,0.6569200779727096,0.15429275294822314,148,128,513,step1,1
0,42,partial_iv_anp,CALCE_CS2_33,0.25,147,147,147,ok,,0.12823224725609417,0.022176060023590183,0.22360640122560574,0.3937621832358674,0.11250686535617349,148,128,513,step1,1
0,42,partial_iv_anp,CALCE_CS2_33,0.5,147,147,147,ok,,0.12776148879132201,0.021887523925329888,0.1799766628223599,0.3937621832358674,0.11391826584919537,148,128,513,step1,1
0,42,partial_iv_anp,CALCE_CS2_33,0.75,147,147,147,ok,,0.12754391678642882,0.021750939348843867,0.15917076834015478,0.39571150097465885,0.1145739142989385,148,128,513,step1,1
0,42,partial_iv_anp,CALCE_CS2_33,1.0,147,147,147,ok,,0.12686895564893083,0.021317076360877096,0.09048227868054107,0.4015594541910331,0.11665457317200074,148,128,513,step1,1
0,42,partial_iv_anp,CALCE_CS2_33,0.0,148,148,148,ok,,0.07790925158209668,0.018925767878351873,-1.403964257499942,0.6640625,0.1546455501689302,149,128,512,step1,1
0,42,partial_iv_anp,CALCE_CS2_33,0.25,148,148,148,ok,,0.12914828144514648,0.023302570691487334,0.3565593812518191,0.375,0.1092721991116639,149,128,512,step1,1
0,42,partial_iv_anp,CALCE_CS2_33,0.5,148,148,148,ok,,0.12879217929788997,0.023073718409958532,0.3166829257336745,0.376953125,0.11047535522502294,149,128,512,step1,1
0,42,partial_iv_anp,CALCE_CS2_33,0.75,148,148,148,ok,,0.1285746412329478,0.022920081973725193,0.2887210927479904,0.384765625,0.1112647422243279,149,128,512,step1,1
0,42,partial_iv_anp,CALCE_CS2_33,1.0,148,148,148,ok,,0.12794913449555798,0.0224676398394541,0.2067095749671159,0.388671875,0.11355145798462614,149,128,512,step1,1
0,42,partial_iv_anp,CALCE_CS2_33,0.0,149,149,149,ok,,0.07796122338358004,0.014608923086321557,-1.4142158956916429,0.6653620352250489,0.15461650608274752,150,128,511,step1,1
0,42,partial_iv_anp,CALCE_CS2_33,0.25,149,149,149,ok,,0.1251527194439429,0.016230972058710602,-0.11310250897153033,0.4207436399217221,0.12208946435754199,150,128,511,step1,1
0,42,partial_iv_anp,CALCE_CS2_33,0.5,149,149,149,ok,,0.12395839352096615,0.015724236342900433,-0.17009772685923624,0.42661448140900193,0.12441936827018243,150,128,511,step1,1
0,42,partial_iv_anp,CALCE_CS2_33,0.75,149,149,149,ok,,0.12356942951620531,0.01557257558070091,-0.18616508439993096,0.43052837573385516,0.1251123905670577,150,128,511,step1,1
0,42,partial_iv_anp,CALCE_CS2_33,1.0,149,149,149,ok,,0.12244301679153617,0.015151892628401442,-0.23506822291980145,0.44031311154598823,0.12709542274020427,150,128,511,step1,1
0,42,partial_iv_anp,CALCE_CS2_33,0.0,150,150,150,ok,,0.07802219896238594,0.014686166802920786,-1.4244700510117776,0.6529411764705882,0.15493584502446198,151,128,510,step10,10
0,42,partial_iv_anp,CALCE_CS2_33,0.0,150,150,150,ok,,0.07802219896238594,0.014686166802920786,-1.4244700510117776,0.6529411764705882,0.15493584502446198,151,128,510,step1,1
0,42,partial_iv_anp,CALCE_CS2_33,0.25,150,150,150,ok,,0.12610294238931366,0.016661015064849405,-0.07467529429512991,0.4215686274509804,0.12011072909688303,151,128,510,step10,10
0,42,partial_iv_anp,CALCE_CS2_33,0.25,150,150,150,ok,,0.12610294238931366,0.016661015064849405,-0.07467529429512991,0.4215686274509804,0.12011072909688303,151,128,510,step1,1
0,42,partial_iv_anp,CALCE_CS2_33,0.5,150,150,150,ok,,0.12521635374516243,0.01625417425640574,-0.12177151272686214,0.4235294117647059,0.12200234642553594,151,128,510,step10,10
0,42,partial_iv_anp,CALCE_CS2_33,0.5,150,150,150,ok,,0.12521635374516243,0.01625417425640574,-0.12177151272686214,0.4235294117647059,0.12200234642553594,151,128,510,step1,1
0,42,partial_iv_anp,CALCE_CS2_33,0.75,150,150,150,ok,,0.12483302108199282,0.016085541868480102,-0.1412097037922793,0.4235294117647059,0.12278278684355724,151,128,510,step10,10
0,42,partial_iv_anp,CALCE_CS2_33,0.75,150,150,150,ok,,0.12483302108199282,0.016085541868480102,-0.1412097037922793,0.4235294117647059,0.12278278684355724,151,128,510,step1,1
0,42,partial_iv_anp,CALCE_CS2_33,1.0,150,150,150,ok,,0.1236865376628961,0.01560282275153424,-0.2005235505682003,0.43529411764705883,0.12506537734302114,151,128,510,step10,10
0,42,partial_iv_anp,CALCE_CS2_33,1.0,150,150,150,ok,,0.1236865376628961,0.01560282275153424,-0.2005235505682003,0.43529411764705883,0.12506537734302114,151,128,510,step1,1
0,42,partial_iv_anp,CALCE_CS2_33,0.0,151,151,151,ok,,0.07807180966496925,0.014149993974859387,-1.4277359592111234,0.6679764243614931,0.15514736581190894,152,128,509,step1,1
0,42,partial_iv_anp,CALCE_CS2_33,0.25,151,151,151,ok,,0.12598100726372904,0.015959026205035975,-0.10016912046420076,0.44204322200392926,0.1207193552863966,152,128,509,step1,1
0,42,partial_iv_anp,CALCE_CS2_33,0.5,151,151,151,ok,,0.12486510718049504,0.015462036082736774,-0.15825467715020014,0.44204322200392926,0.12305617360893706,152,128,509,step1,1
0,42,partial_iv_anp,CALCE_CS2_33,0.75,151,151,151,ok,,0.12439965105586613,0.01526839908142108,-0.18033032105328428,0.444007858546169,0.12396400662011194,152,128,509,step1,1
0,42,partial_iv_anp,CALCE_CS2_33,1.0,151,151,151,ok,,0.12321366328347125,0.014805061806016373,-0.2356279692275653,0.449901768172888,0.12618462220924936,152,128,509,step1,1
0,42,partial_iv_anp,CALCE_CS2_33,0.0,152,152,152,ok,,0.0781109395414552,0.015659188440078742,-1.4279717155325673,0.6673228346456693,0.15525902405124264,153,128,508,step1,1
0,42,partial_iv_anp,CALCE_CS2_33,0.25,152,152,152,ok,,0.12622948213589666,0.01750275218619446,-0.09459508231831577,0.4251968503937008,0.12038013099999381,153,128,508,step1,1
0,42,partial_iv_anp,CALCE_CS2_33,0.5,152,152,152,ok,,0.12602874086404023,0.017444482760361146,-0.09357036838377057,0.4251968503937008,0.1206264370462023,153,128,508,step1,1
0,42,partial_iv_anp,CALCE_CS2_33,0.75,152,152,152,ok,,0.12620983056573234,0.017553275478742858,-0.07528723323470035,0.421259842519685,0.1200927808316696,153,128,508,step1,1
0,42,partial_iv_anp,CALCE_CS2_33,1.0,152,152,152,ok,,0.12569395972905947,0.017305469862152534,-0.10683715560527456,0.4271653543307087,0.12127502433698134,153,128,508,step1,1
0,42,partial_iv_anp,CALCE_CS2_33,0.0,153,153,153,ok,,0.07816625155564515,0.018604003765612775,-1.43435691589569,0.6607495069033531,0.1554305360495295,154,128,507,step1,1
0,42,partial_iv_anp,CALCE_CS2_33,0.25,153,153,153,ok,,0.1300117129638267,0.02279899131501295,0.31737553964416293,0.388560157790927,0.10786592441801562,154,128,507,step1,1
0,42,partial_iv_anp,CALCE_CS2_33,0.5,153,153,153,ok,,0.12969830558001394,0.02261121530248733,0.2828094158156337,0.388560157790927,0.10893536181757982,154,128,507,step1,1
0,42,partial_iv_anp,CALCE_CS2_33,0.75,153,153,153,ok,,0.12953489967055176,0.022503072266672475,0.262188374281358,0.3865877712031558,0.1095352074600341,154,128,507,step1,1
0,42,partial_iv_anp,CALCE_CS2_33,1.0,153,153,153,ok,,0.1289595805830713,0.022093134282978877,0.1823498376641303,0.39644970414201186,0.11177226428739503,154,128,507,step1,1
0,42,partial_iv_anp,CALCE_CS2_33,0.0,154,154,154,ok,,0.07822284767439991,0.014905800968885385,-1.441810228837648,0.6640316205533597,0.15572623457652437,155,128,506,step1,1
0,42,partial_iv_anp,CALCE_CS2_33,0.25,154,154,154,ok,,0.12828038901299,0.017682997259589328,0.03703275929639275,0.4150197628458498,0.11520559149829397,155,128,506,step1,1
0,42,partial_iv_anp,CALCE_CS2_33,0.5,154,154,154,ok,,0.12722022756313264,0.017097546643088823,-0.04688254657524159,0.4268774703557312,0.11813534563271266,155,128,506,step1,1
0,42,partial_iv_anp,CALCE_CS2_33,0.75,154,154,154,ok,,0.1265827139689744,0.016765534000507953,-0.09249151133893323,0.43873517786561267,0.11975967029129546,155,128,506,step1,1
0,42,partial_iv_anp,CALCE_CS2_33,1.0,154,154,154,ok,,0.12533898944473582,0.016178272083213097,-0.17015606914930684,0.4525691699604743,0.12263361337844682,155,128,506,step1,1
0,42,partial_iv_anp,CALCE_CS2_33,0.0,155,155,155,ok,,0.07831922001258708,0.014393521582213631,-1.4644611227705089,0.6653465346534654,0.15544328273982277,156,128,505,step1,1
0,42,partial_iv_anp,CALCE_CS2_33,0.25,155,155,155,ok,,0.1273835974056267,0.01639915024205163,-0.10567033288438109,0.4495049504950495,0.11790239861616558,156,128,505,step1,1
0,42,partial_iv_anp,CALCE_CS2_33,0.5,155,155,155,ok,,0.12651369171761162,0.015994617404298417,-0.1556845731876403,0.45544554455445546,0.11990258500708675,156,128,505,step1,1
0,42,partial_iv_anp,CALCE_CS2_33,0.75,155,155,155,ok,,0.126132367763163,0.015823883311022136,-0.17655380787101632,0.4613861386138614,0.12073999608637806,156,128,505,step1,1
0,42,partial_iv_anp,CALCE_CS2_33,1.0,155,155,155,ok,,0.12506910619207284,0.015367092563770335,-0.23476543515255277,0.45544554455445546,0.12301399143846532,156,128,505,step1,1
0,42,partial_iv_anp,CALCE_CS2_33,0.0,156,156,156,ok,,0.0783327519926846,0.01709189504987818,-1.4517079840687115,0.6646825396825397,0.15645708168425063,157,128,504,step1,1
0,42,partial_iv_anp,CALCE_CS2_33,0.25,156,156,156,ok,,0.12954271445095056,0.020422605266212868,0.13324234689757092,0.42857142857142855,0.11169065218420962,157,128,504,step1,1
0,42,partial_iv_anp,CALCE_CS2_33,0.5,156,156,156,ok,,0.12921716410434192,0.020252837531376855,0.10897082698398966,0.4246031746031746,0.11260687623236688,157,128,504,step1,1
0,42,partial_iv_anp,CALCE_CS2_33,0.75,156,156,156,ok,,0.12911122050584223,0.020198427504000804,0.10161875054385988,0.4246031746031746,0.1128935612458499,157,128,504,step1,1
0,42,partial_iv_anp,CALCE_CS2_33,1.0,156,156,156,ok,,0.12853485363238185,0.019838796251999913,0.04078039088550618,0.4305555555555556,0.11481518188299847,157,128,504,step1,1
0,42,partial_iv_anp,CALCE_CS2_33,0.0,157,157,157,ok,,0.07834710230039102,0.018727055868308584,-1.4389332140778524,0.6699801192842942,0.15733103121502665,158,128,503,step1,1
0,42,partial_iv_anp,CALCE_CS2_33,0.25,157,157,157,ok,,0.13107377307689566,0.023231037061431703,0.4113566463232633,0.3956262425447316,0.10547362154018808,158,128,503,step1,1
0,42,partial_iv_anp,CALCE_CS2_33,0.5,157,157,157,ok,,0.1307755722377348,0.023048125857760948,0.3699101724479208,0.3956262425447316,0.10664968762146577,158,128,503,step1,1
0,42,partial_iv_anp,CALCE_CS2_33,0.75,157,157,157,ok,,0.13055450186054202,0.02288871363700906,0.33286930952378596,0.3956262425447316,0.10763451938061429,158,128,503,step1,1
0,42,partial_iv_anp,CALCE_CS2_33,1.0,157,157,157,ok,,0.12994244983791073,0.02243522349020466,0.23326415902101658,0.4095427435387674,0.11033634667969203,158,128,503,step1,1
0,42,partial_iv_anp,CALCE_CS2_33,0.0,158,158,158,ok,,0.07842773599591203,0.018746735402024872,-1.4567485698809752,0.6613545816733067,0.15694272084778071,159,128,502,step1,1
0,42,partial_iv_anp,CALCE_CS2_33,0.25,158,158,158,ok,,0.13134435148231524,0.023188724452708587,0.3976493297650131,0.40836653386454186,0.10451746558094152,159,128,502,step1,1
0,42,partial_iv_anp,CALCE_CS2_33,0.5,158,158,158,ok,,0.1310048582955074,0.02297689030423633,0.3462579088306138,0.40836653386454186,0.1059221799782109,159,128,502,step1,1
0,42,partial_iv_anp,CALCE_CS2_33,0.75,158,158,158,ok,,0.1307565269806272,0.022798945089493206,0.30347279437069835,0.40836653386454186,0.10704783990843585,159,128,502,step1,1
0,42,partial_iv_anp,CALCE_CS2_33,1.0,158,158,158,ok,,0.1301476922220522,0.022356705101617913,0.20445466401895565,0.42231075697211157,0.1097365127246182,159,128,502,step1,1
0,42,partial_iv_anp,CALCE_CS2_33,0.0,159,159,159,ok,,0.07849888742986269,0.018757866991911842,-1.4689507010110294,0.6606786427145709,0.1568937190251953,160,128,501,step1,1
0,42,partial_iv_anp,CALCE_CS2_33,0.25,159,159,159,ok,,0.1314796829348005,0.023073732775496625,0.36672848437434163,0.41317365269461076,0.10444967330827222,160,128,501,step1,1
0,42,partial_iv_anp,CALCE_CS2_33,0.5,159,159,159,ok,,0.13117238861652253,0.022891958693825876,0.32299995530081094,0.4171656686626746,0.10567504797087045,160,128,501,step1,1
0,42,partial_iv_anp,CALCE_CS2_33,0.75,159,159,159,ok,,0.13095396837779313,0.022740352604366687,0.28619124044506217,0.41916167664670656,0.10665240283837578,160,128,501,step1,1
0,42,partial_iv_anp,CALCE_CS2_33,1.0,159,159,159,ok,,0.13037329093477265,0.022324223465333026,0.19102392523627268,0.4291417165668663,0.10923544656408785,160,128,501,step1,1
0,42,partial_iv_anp,CALCE_CS2_33,0.0,160,160,160,ok,,0.07858112906798821,0.018779704838318367,-1.4823858037919964,0.66,0.15696098222564328,161,128,500,step10,10
0,42,partial_iv_anp,CALCE_CS2_33,0.0,160,160,160,ok,,0.07858112906798821,0.018779704838318367,-1.4823858037919964,0.66,0.15696098222564328,161,128,500,step1,1
0,42,partial_iv_anp,CALCE_CS2_33,0.25,160,160,160,ok,,0.13177364956858784,0.023098849211246497,0.37093020628793605,0.416,0.10359690412147841,161,128,500,step10,10
0,42,partial_iv_anp,CALCE_CS2_33,0.25,160,160,160,ok,,0.13177364956858784,0.023098849211246497,0.37093020628793605,0.416,0.10359690412147841,161,128,500,step1,1
0,42,partial_iv_anp,CALCE_CS2_33,0.5,160,160,160,ok,,0.13148846504564268,0.022936376027059446,0.32972114297873284,0.42,0.10473906043507136,161,128,500,step10,10
0,42,partial_iv_anp,CALCE_CS2_33,0.5,160,160,160,ok,,0.13148846504564268,0.022936376027059446,0.32972114297873284,0.42,0.10473906043507136,161,128,500,step1,1
0,42,partial_iv_anp,CALCE_CS2_33,0.75,160,160,160,ok,,0.13129049805821133,0.022801379445173908,0.29510651681089356,0.422,0.10564358895586837,161,128,500,step10,10
0,42,partial_iv_anp,CALCE_CS2_33,0.75,160,160,160,ok,,0.13129049805821133,0.022801379445173908,0.29510651681089356,0.422,0.10564358895586837,161,128,500,step1,1
0,42,partial_iv_anp,CALCE_CS2_33,1.0,160,160,160,ok,,0.1307142073542438,0.02238854061107154,0.19542711356436088,0.428,0.10830079792832638,161,128,500,step10,10
0,42,partial_iv_anp,CALCE_CS2_33,1.0,160,160,160,ok,,0.1307142073542438,0.02238854061107154,0.19542711356436088,0.428,0.10830079792832638,161,128,500,step1,1
0,42,partial_iv_anp,CALCE_CS2_33,0.0,161,161,161,ok,,0.07863587822773828,0.019063783824428082,-1.4875150418688834,0.657314629258517,0.1570228771796267,162,128,499,step1,1
0,42,partial_iv_anp,CALCE_CS2_33,0.25,161,161,161,ok,,0.13213706785230223,0.02349655306295617,0.4147934627547734,0.42685370741482964,0.10222500056697213,162,128,499,step1,1
0,42,partial_iv_anp,CALCE_CS2_33,0.5,161,161,161,ok,,0.13182042623389645,0.023308483805731584,0.3610836817622712,0.43286573146292584,0.10361594123511915,162,128,499,step1,1
0,42,partial_iv_anp,CALCE_CS2_33,0.75,161,161,161,ok,,0.13158664356517302,0.0231451195268767,0.3157676736672157,0.4348697394789579,0.10475573217343757,162,128,499,step1,1
0,42,partial_iv_anp,CALCE_CS2_33,1.0,161,161,161,ok,,0.13101362398527033,0.02273344337605565,0.21114849756066942,0.44488977955911824,0.10749226911072496,162,128,499,step1,1
0,42,partial_iv_anp,CALCE_CS2_33,0.0,162,162,162,ok,,0.07867066896245895,0.019323935376671764,-1.4840802077873714,0.6666666666666666,0.15746508397861284,163,128,498,step1,1
0,42,partial_iv_anp,CALCE_CS2_33,0.25,162,162,162,ok,,0.13231621281871564,0.023805138983037377,0.436564199257075,0.42570281124497994,0.10194300991375106,163,128,498,step1,1
0,42,partial_iv_anp,CALCE_CS2_33,0.5,162,162,162,ok,,0.1320428469044931,0.02365079535135517,0.3915424126287252,0.42971887550200805,0.10311959696793283,163,128,498,step1,1
0,42,partial_iv_anp,CALCE_CS2_33,0.75,162,162,162,ok,,0.13182541196352318,0.023498798032284718,0.3475972456655276,0.42971887550200805,0.10420905626951923,163,128,498,step1,1
0,42,partial_iv_anp,CALCE_CS2_33,1.0,162,162,162,ok,,0.13127215732818343,0.023097436213483036,0.24128661050655864,0.4397590361445783,0.1069464796327257,163,128,498,step1,1
0,42,partial_iv_anp,CALCE_CS2_33,0.0,163,163,163,ok,,0.07872747192811887,0.019299891263472535,-1.4903703937146235,0.682092555331992,0.15717081576672243,164,128,497,step1,1
0,42,partial_iv_anp,CALCE_CS2_33,0.25,163,163,163,ok,,0.13247871504047973,0.023715222737909047,0.4252263224206453,0.41448692152917505,0.10155763473676262,164,128,497,step1,1
0,42,partial_iv_anp,CALCE_CS2_33,0.5,163,163,163,ok,,0.1322051889556249,0.023563502687737103,0.38015567096462444,0.42052313883299797,0.10273284296301258,164,128,497,step1,1
0,42,partial_iv_anp,CALCE_CS2_33,0.75,163,163,163,ok,,0.13199451452775418,0.023418901809423853,0.3377084472528409,0.41851106639839036,0.10378513680039048,164,128,497,step1,1
0,42,partial_iv_anp,CALCE_CS2_33,1.0,163,163,163,ok,,0.13145811438272476,0.023034777879694546,0.234212848189479,0.4225352112676056,0.1064449616017421,164,128,497,step1,1
0,42,partial_iv_anp,CALCE_CS2_33,0.0,164,164,164,ok,,0.07875752134618218,0.019197747374333773,-1.4832208827943023,0.6754032258064516,0.15776315863417012,165,128,496,step1,1
0,42,partial_iv_anp,CALCE_CS2_33,0.25,164,164,164,ok,,0.1326258948323603,0.023675947175129552,0.4494227489217634,0.41935483870967744,0.1015051017670575,165,128,496,step1,1
0,42,partial_iv_anp,CALCE_CS2_33,0.5,164,164,164,ok,,0.13238438705970745,0.023548375080406303,0.4112361971684447,0.4254032258064516,0.10251761354696959,165,128,496,step1,1
0,42,partial_iv_anp,CALCE_CS2_33,0.75,164,164,164,ok,,0.1321766761267198,0.023404947180889923,0.3679501591695301,0.42943548387096775,0.10358093997650895,165,128,496,step1,1
0,42,partial_iv_anp,CALCE_CS2_33,1.0,164,164,164,ok,,0.13162179637061547,0.023002579951690638,0.2571557538296068,0.42338709677419356,0.10640793693412305,165,128,496,step1,1
0,42,partial_iv_anp,CALCE_CS2_33,0.0,165,165,165,ok,,0.0788368816560617,0.019250076603602007,-1.497067950925404,0.6767676767676768,0.1575849214126003,166,128,495,step1,1
0,42,partial_iv_anp,CALCE_CS2_33,0.25,165,165,165,ok,,0.13288168332745376,0.02366288745168843,0.443303334638398,0.4222222222222222,0.10072438693331982,166,128,495,step1,1
0,42,partial_iv_anp,CALCE_CS2_33,0.5,165,165,165,ok,,0.13258345590747747,0.023494438962981312,0.3887367711157204,0.42424242424242425,0.10209392965302116,166,128,495,step1,1
0,42,partial_iv_anp,CALCE_CS2_33,0.75,165,165,165,ok,,0.13235839870565688,0.023340711997210106,0.3410957996241051,0.42828282828282827,0.10325832360873942,166,128,495,step1,1
0,42,partial_iv_anp,CALCE_CS2_33,1.0,165,165,165,ok,,0.1318066024700633,0.02294979302687039,0.23163302937996388,0.43636363636363634,0.10605938518867007,166,128,495,step1,1
0,42,partial_iv_anp,CALCE_CS2_33,0.0,166,166,166,ok,,0.07886551144344091,0.019251851193221148,-1.4891397919101563,0.6862348178137652,0.1582381520985946,167,128,494,step1,1
0,42,partial_iv_anp,CALCE_CS2_33,0.25,166,166,166,ok,,0.13294055124471627,0.023661438834739812,0.44420209696480895,0.4190283400809717,0.10126956744655326,167,128,494,step1,1
0,42,partial_iv_anp,CALCE_CS2_33,0.5,166,166,166,ok,,0.13266489498752937,0.02350990410385767,0.3964139081187953,0.42105263157894735,0.10250256698024278,167,128,494,step1,1
0,42,partial_iv_anp,CALCE_CS2_33,0.75,166,166,166,ok,,0.13245013552510174,0.023363452517775163,0.3514701273157182,0.4190283400809717,0.10361320421990862,167,128,494,step1,1
0,42,partial_iv_anp,CALCE_CS2_33,1.0,166,166,166,ok,,0.13189823647335422,0.02297009244507142,0.24196354443734752,0.4230769230769231,0.10643637602297412,167,128,494,step1,1
0,42,partial_iv_anp,CALCE_CS2_33,0.0,167,167,167,ok,,0.07896255976388701,0.019269848898045727,-1.5085329103451253,0.6774847870182555,0.1574397227734264,168,128,493,step1,1
0,42,partial_iv_anp,CALCE_CS2_33,0.25,167,167,167,ok,,0.1332207077436622,0.023574794334233595,0.42832286089776045,0.4300202839756592,0.10019360007381828,168,128,493,step1,1
0,42,partial_iv_anp,CALCE_CS2_33,0.5,167,167,167,ok,,0.13297108924965542,0.023448496398379204,0.38599238353352766,0.4300202839756592,0.1012776507280596,168,128,493,step1,1
0,42,partial_iv_anp,CALCE_CS2_33,0.75,167,167,167,ok,,0.13277498582456893,0.02332050147746123,0.34401113884231843,0.4300202839756592,0.10229517075831872,168,128,493,step1,1
0,42,partial_iv_anp,CALCE_CS2_33,1.0,167,167,167,ok,,0.13225732361591094,0.022961502512154897,0.2369690446519199,0.4300202839756592,0.10499163255052359,168,128,493,step1,1
0,42,partial_iv_anp,CALCE_CS2_33,0.0,168,168,168,ok,,0.07899546988794992,0.02371180302619924,-1.5014486207223208,0.6849593495934959,0.15803007575514794,169,128,492,step1,1
0,42,partial_iv_anp,CALCE_CS2_33,0.25,168,168,168,ok,,0.13001311458495102,0.025794445341450034,-0.10561186241947085,0.4613821138211382,0.11546848962350846,169,128,492,step1,1
0,42,partial_iv_anp,CALCE_CS2_33,0.5,168,168,168,ok,,0.12910803100365661,0.02536322581599082,-0.16535613994851658,0.4715447154471545,0.11790421064189352,169,128,492,step1,1
0,42,partial_iv_anp,CALCE_CS2_33,0.75,168,168,168,ok,,0.12855882966613494,0.025109191057156255,-0.19975869948792926,0.4735772357723577,0.11931048727615491,169,128,492,step1,1
0,42,partial_iv_anp,CALCE_CS2_33,1.0,168,168,168,ok,,0.12730108397760348,0.02457381463569208,-0.27007400988390196,0.4817073170731707,0.12228281639351217,169,128,492,step1,1
0,42,partial_iv_anp,CALCE_CS2_33,0.0,169,169,169,ok,,0.0790251385677618,0.0212945000217577,-1.4964377747316775,0.6822810590631364,0.15849698926108358,170,128,491,step1,1
0,42,partial_iv_anp,CALCE_CS2_33,0.25,169,169,169,ok,,0.13089836277876124,0.02385601661122594,-0.01647679235265237,0.45417515274949083,0.11302120126664596,170,128,491,step1,1
0,42,partial_iv_anp,CALCE_CS2_33,0.5,169,169,169,ok,,0.12988921145223303,0.023320447770116548,-0.10093848976982153,0.4623217922606925,0.11615911961560535,170,128,491,step1,1
0,42,partial_iv_anp,CALCE_CS2_33,0.75,169,169,169,ok,,0.1292440012608718,0.02299359921639288,-0.1488875884575033,0.4663951120162933,0.1180049399161544,170,128,491,step1,1
0,42,partial_iv_anp,CALCE_CS2_33,1.0,169,169,169,ok,,0.12803914633212687,0.022439610276951294,-0.22493167654145071,0.4786150712830957,0.1211026538417952,170,128,491,step1,1
0,42,partial_iv_anp,CALCE_CS2_33,0.0,170,170,170,ok,,0.07909800062111307,0.02006588211682514,-1.507979871689776,0.6857142857142857,0.15840387520573693,171,128,490,step10,10
0,42,partial_iv_anp,CALCE_CS2_33,0.0,170,170,170,ok,,0.07909800062111307,0.02006588211682514,-1.507979871689776,0.6857142857142857,0.15840387520573693,171,128,490,step1,1
0,42,partial_iv_anp,CALCE_CS2_33,0.25,170,170,170,ok,,0.12982466595219636,0.021844463405607528,-0.1568917044469912,0.463265306122449,0.11688253658750077,171,128,490,step10,10
0,42,partial_iv_anp,CALCE_CS2_33,0.25,170,170,170,ok,,0.12982466595219636,0.021844463405607528,-0.1568917044469912,0.463265306122449,0.11688253658750077,171,128,490,step1,1
0,42,partial_iv_anp,CALCE_CS2_33,0.5,170,170,170,ok,,0.1287761942411996,0.02137659361800459,-0.2181521549679898,0.47346938775510206,0.11952989774269386,171,128,490,step10,10
0,42,partial_iv_anp,CALCE_CS2_33,0.5,170,170,170,ok,,0.1287761942411996,0.02137659361800459,-0.2181521549679898,0.47346938775510206,0.11952989774269386,171,128,490,step1,1
0,42,partial_iv_anp,CALCE_CS2_33,0.75,170,170,170,ok,,0.1282760159658569,0.021165051294160575,-0.24468100586196004,0.4775510204081633,0.12070730927493917,171,128,490,step10,10
0,42,partial_iv_anp,CALCE_CS2_33,0.75,170,170,170,ok,,0.1282760159658569,0.021165051294160575,-0.24468100586196004,0.4775510204081633,0.12070730927493917,171,128,490,step1,1
0,42,partial_iv_anp,CALCE_CS2_33,1.0,170,170,170,ok,,0.12722513989617806,0.020748707014342505,-0.29670099564418795,0.47959183673469385,0.1230502337548738,171,128,490,step10,10
0,42,partial_iv_anp,CALCE_CS2_33,1.0,170,170,170,ok,,0.12722513989617806,0.020748707014342505,-0.29670099564418795,0.47959183673469385,0.1230502337548738,171,128,490,step1,1
0,42,partial_iv_anp,CALCE_CS2_33,0.0,171,171,171,ok,,0.07916341457062252,0.019528557964513915,-1.511150241844579,0.6728016359918201,0.1587544564041534,172,128,489,step1,1
0,42,partial_iv_anp,CALCE_CS2_33,0.25,171,171,171,ok,,0.13015277005389111,0.021384215391841543,-0.145702506817519,0.4703476482617587,0.11641321927432871,172,128,489,step1,1
0,42,partial_iv_anp,CALCE_CS2_33,0.5,171,171,171,ok,,0.12930907601415156,0.02100461829402578,-0.19559717800101925,0.47648261758691207,0.11859061819840344,172,128,489,step1,1
0,42,partial_iv_anp,CALCE_CS2_33,0.75,171,171,171,ok,,0.1288884669797313,0.02082020252493677,-0.21931303975965252,0.4785276073619632,0.11962944189928659,172,128,489,step1,1
0,42,partial_iv_anp,CALCE_CS2_33,1.0,171,171,171,ok,,0.12789656228785465,0.02040518991687068,-0.2730099453458606,0.47443762781186094,0.121983257870333,172,128,489,step1,1
0,42,partial_iv_anp,CALCE_CS2_33,0.0,172,172,172,ok,,0.07925164790423818,0.017779140515425618,-1.5250124486902243,0.6885245901639344,0.15825961875797503,173,128,488,step1,1
0,42,partial_iv_anp,CALCE_CS2_33,0.25,172,172,172,ok,,0.12872571097487062,0.018790425037424674,-0.2818565879016712,0.48565573770491804,0.12034117872181553,173,128,488,step1,1
0,42,partial_iv_anp,CALCE_CS2_33,0.5,172,172,172,ok,,0.1274846418263195,0.018336160241789745,-0.33326080705713623,0.4918032786885246,0.12293522084811498,173,128,488,step1,1
0,42,partial_iv_anp,CALCE_CS2_33,0.75,172,172,172,ok,,0.12677794856282043,0.01809526327150468,-0.3603863788499333,0.4959016393442623,0.12431811611265726,173,128,488,step1,1
0,42,partial_iv_anp,CALCE_CS2_33,1.0,172,172,172,ok,,0.1253593749165282,0.01766016872680487,-0.40936703079310016,0.5,0.12689556326742457,173,128,488,step1,1
0,42,partial_iv_anp,CALCE_CS2_33,0.0,173,173,173,ok,,0.07929950403897298,0.021232866446804666,-1.5212470714508857,0.6776180698151951,0.15849638852340542,174,128,487,step1,1
0,42,partial_iv_anp,CALCE_CS2_33,0.25,173,173,173,ok,,0.13243977846817456,0.024174025931384846,0.0575432719360622,0.459958932238193,0.10869702705628628,174,128,487,step1,1
0,42,partial_iv_anp,CALCE_CS2_33,0.5,173,173,173,ok,,0.13195926557027582,0.0239231739070892,0.009633360784714667,0.46406570841889117,0.11036950885262461,174,128,487,step1,1
0,42,partial_iv_anp,CALCE_CS2_33,0.75,173,173,173,ok,,0.13167278350967726,0.023763263596369488,-0.020260666761782665,0.46611909650924027,0.1113932832533489,174,128,487,step1,1
0,42,partial_iv_anp,CALCE_CS2_33,1.0,173,173,173,ok,,0.1309775353564646,0.02337517873309325,-0.089800920002218,0.4722792607802875,0.11382213601511758,174,128,487,step1,1
0,42,partial_iv_anp,CALCE_CS2_33,0.0,174,174,174,ok,,0.07934581650136624,0.020080849035770565,-1.520580102185669,0.6831275720164609,0.15876888390291494,175,128,486,step1,1
0,42,partial_iv_anp,CALCE_CS2_33,0.25,174,174,174,ok,,0.1330129630657861,0.02329959480473698,0.12888805169468018,0.4588477366255144,0.1066857551600894,175,128,486,step1,1
0,42,partial_iv_anp,CALCE_CS2_33,0.5,174,174,174,ok,,0.13260715469858853,0.023087184817400686,0.08260312738078272,0.4609053497942387,0.10820751074512079,175,128,486,step1,1
0,42,partial_iv_anp,CALCE_CS2_33,0.75,174,174,174,ok,,0.13211645422583687,0.02278993587239675,0.018854579699134223,0.4691358024691358,0.11021419997930493,175,128,486,step1,1
0,42,partial_iv_anp,CALCE_CS2_33,1.0,174,174,174,ok,,0.13100654536674303,0.02215656885902184,-0.09917616310929561,0.4794238683127572,0.11425799812319001,175,128,486,step1,1
0,42,partial_iv_anp,CALCE_CS2_33,0.0,175,175,175,ok,,0.07940447998720855,0.015618354184534278,-1.5208940869074667,0.6989690721649484,0.15917175404443581,176,128,485,step1,1
0,42,partial_iv_anp,CALCE_CS2_33,0.25,175,175,175,ok,,0.12841458202722617,0.016313986349033582,-0.31365571433599293,0.49072164948453606,0.1224258891962146,176,128,485,step1,1
0,42,partial_iv_anp,CALCE_CS2_33,0.5,175,175,175,ok,,0.12723066022912244,0.015921064368289883,-0.3542605046490211,0.49896907216494846,0.1247255792464414,176,128,485,step1,1
0,42,partial_iv_anp,CALCE_CS2_33,0.75,175,175,175,ok,,0.12680651636083104,0.015790749761094625,-0.36703029947950894,0.49896907216494846,0.12549236214303697,176,128,485,step1,1
0,42,partial_iv_anp,CALCE_CS2_33,1.0,175,175,175,ok,,0.1255622333896895,0.015426726228924825,-0.4064596756714914,0.49690721649484537,0.12770626064633434,176,128,485,step1,1
0,42,partial_iv_anp,CALCE_CS2_33,0.0,176,176,176,ok,,0.07946591346757013,0.01547661947755441,-1.521772775583809,0.7024793388429752,0.15962435078906673,177,128,484,step1,1
0,42,partial_iv_anp,CALCE_CS2_33,0.25,176,176,176,ok,,0.12978879590570097,0.016659019381941698,-0.24722329158592807,0.48760330578512395,0.11953270715466831,177,128,484,step1,1
0,42,partial_iv_anp,CALCE_CS2_33,0.5,176,176,176,ok,,0.12849852589208788,0.016164383382646363,-0.30588682253896876,0.48760330578512395,0.12245276236299334,177,128,484,step1,1
0,42,partial_iv_anp,CALCE_CS2_33,0.75,176,176,176,ok,,0.12779865946240782,0.01591614002911368,-0.33444437140454086,0.49586776859504134,0.12391583384820166,177,128,484,step1,1
0,42,partial_iv_anp,CALCE_CS2_33,1.0,176,176,176,ok,,0.12627993635235812,0.015434108226620613,-0.38928489417620266,0.5041322314049587,0.1268391884217924,177,128,484,step1,1
0,42,partial_iv_anp,CALCE_CS2_33,0.0,177,177,177,ok,,0.07955273477780801,0.014064030708497266,-1.5293726129261929,0.6894409937888198,0.15983535775087038,178,128,483,step1,1
0,42,partial_iv_anp,CALCE_CS2_33,0.25,177,177,177,ok,,0.12859010615491678,0.014633953201629413,-0.33566623847931726,0.4989648033126294,0.12280824594597337,178,128,483,step1,1
0,42,partial_iv_anp,CALCE_CS2_33,0.5,177,177,177,ok,,0.12724586745233127,0.014205070403301767,-0.3803302639226229,0.5010351966873706,0.1254006688906146,178,128,483,step1,1
0,42,partial_iv_anp,CALCE_CS2_33,0.75,177,177,177,ok,,0.12657683200927963,0.014008293979618558,-0.40068665132462294,0.5031055900621118,0.1266079793857786,178,128,483,step1,1
0,42,partial_iv_anp,CALCE_CS2_33,1.0,177,177,177,ok,,0.1250754078073462,0.013609749227025625,-0.44319744907464975,0.5113871635610766,0.12915657418544194,178,128,483,step1,1
0,42,partial_iv_anp,CALCE_CS2_33,0.0,178,178,178,ok,,0.07962686758473887,0.016801630718616622,-1.532313425324382,0.6970954356846473,0.16036832224409972,179,128,482,step1,1
0,42,partial_iv_anp,CALCE_CS2_33,0.25,178,178,178,ok,,0.13124044621128322,0.01842036417981119,-0.18631893071659061,0.495850622406639,0.1163586103664024,179,128,482,step1,1
0,42,partial_iv_anp,CALCE_CS2_33,0.5,178,178,178,ok,,0.1305230021268743,0.01812197740277255,-0.22524482961408787,0.4896265560165975,0.11820622522617844,179,128,482,step1,1
0,42,partial_iv_anp,CALCE_CS2_33,0.75,178,178,178,ok,,0.13027596815835246,0.018023010511923787,-0.23731130526326843,0.4854771784232365,0.11880567812775711,179,128,482,step1,1
0,42,partial_iv_anp,CALCE_CS2_33,1.0,178,178,178,ok,,0.12945140915082323,0.017683871242111238,-0.28264718874651973,0.4896265560165975,0.120877163178407,179,128,482,step1,1
0,42,partial_iv_anp,CALCE_CS2_33,0.0,179,179,179,ok,,0.07970367005109033,0.01807274011445681,-1.5363455806638031,0.7027027027027027,0.16041437622385327,180,128,481,step1,1
0,42,partial_iv_anp,CALCE_CS2_33,0.25,179,179,179,ok,,0.13301729206322147,0.020537549501346564,-0.028056806965061284,0.4760914760914761,0.11043060866184029,180,128,481,step1,1
0,42,partial_iv_anp,CALCE_CS2_33,0.5,179,179,179,ok,,0.1324812089906165,0.02028055886434521,-0.07455985429923796,0.4802494802494803,0.11221296360921491,180,128,481,step1,1
0,42,partial_iv_anp,CALCE_CS2_33,0.75,179,179,179,ok,,0.13215324787773866,0.02011408569465345,-0.10398393464197735,0.4802494802494803,0.11332253038968697,180,128,481,step1,1
0,42,partial_iv_anp,CALCE_CS2_33,1.0,179,179,179,ok,,0.13133383947006183,0.01970380795892912,-0.17321371237586822,0.4802494802494803,0.11599322384648983,180,128,481,step1,1
0,42,partial_iv_anp,CALCE_CS2_33,0.0,180,180,180,ok,,0.07975355563904966,0.013503338597324666,-1.5317118603492823,0.69375,0.16107074947331032,181,128,480,step10,10
0,42,partial_iv_anp,CALCE_CS2_33,0.0,180,180,180,ok,,0.07975355563904966,0.013503338597324666,-1.5317118603492823,0.69375,0.16107074947331032,181,128,480,step1,1
0,42,partial_iv_anp,CALCE_CS2_33,0.25,180,180,180,ok,,0.12975150365646398,0.014282654136565709,-0.3051376838223849,0.49166666666666664,0.12154655493850047,181,128,480,step10,10
0,42,partial_iv_anp,CALCE_CS2_33,0.25,180,180,180,ok,,0.12975150365646398,0.014282654136565709,-0.3051376838223849,0.49166666666666664,0.12154655493850047,181,128,480,step1,1
0,42,partial_iv_anp,CALCE_CS2_33,0.5,180,180,180,ok,,0.12811884135477405,0.013728548396269358,-0.3678569471148933,0.5,0.12498832464705065,181,128,480,step10,10
0,42,partial_iv_anp,CALCE_CS2_33,0.5,180,180,180,ok,,0.12811884135477405,0.013728548396269358,-0.3678569471148933,0.5,0.12498832464705065,181,128,480,step1,1
0,42,partial_iv_anp,CALCE_CS2_33,0.75,180,180,180,ok,,0.12729294310444642,0.01347808334137135,-0.39493265412776146,0.5,0.12656300914129773,181,128,480,step10,10
0,42,partial_iv_anp,CALCE_CS2_33,0.75,180,180,180,ok,,0.12729294310444642,0.01347808334137135,-0.39493265412776146,0.5,0.12656300914129773,181,128,480,step1,1
0,42,partial_iv_anp,CALCE_CS2_33,1.0,180,180,180,ok,,0.12566048423316437,0.013043142874394564,-0.4416707010558774,0.5020833333333333,0.12941667538205245,181,128,480,step10,10
0,42,partial_iv_anp,CALCE_CS2_33,1.0,180,180,180,ok,,0.12566048423316437,0.013043142874394564,-0.4416707010558774,0.5020833333333333,0.12941667538205245,181,128,480,step1,1
0,42,partial_iv_anp,CALCE_CS2_33,0.0,181,181,181,ok,,0.07984381937699737,0.013354345098401499,-1.5383213817885315,0.7077244258872651,0.16105654648614126,182,128,479,step1,1
0,42,partial_iv_anp,CALCE_CS2_33,0.25,181,181,181,ok,,0.12940869256962761,0.01388577407699454,-0.34303024341386523,0.5010438413361169,0.1226339001397486,182,128,479,step1,1
0,42,partial_iv_anp,CALCE_CS2_33,0.5,181,181,181,ok,,0.12802017198400154,0.013449313778834404,-0.3894752769925514,0.5031315240083507,0.12538597263243784,182,128,479,step1,1
0,42,partial_iv_anp,CALCE_CS2_33,0.75,181,181,181,ok,,0.12746184655493253,0.013288791417434664,-0.40577670408741984,0.5031315240083507,0.1264077455419444,182,128,479,step1,1
0,42,partial_iv_anp,CALCE_CS2_33,1.0,181,181,181,ok,,0.12612590556800232,0.012933709008451144,-0.44379454377300354,0.5010438413361169,0.12875255854303552,182,128,479,step1,1
0,42,partial_iv_anp,CALCE_CS2_33,0.0,182,182,182,ok,,0.07990438062624985,0.013513219754812122,-1.5330246175981377,0.698744769874477,0.16107802219941886,183,128,478,step1,1
0,42,partial_iv_anp,CALCE_CS2_33,0.25,182,182,182,ok,,0.13030622013789164,0.014336079646772304,-0.29641620103408645,0.49581589958158995,0.12078027561025931,183,128,478,step1,1
0,42,partial_iv_anp,CALCE_CS2_33,0.5,182,182,182,ok,,0.12906762112971837,0.013909476417710676,-0.344751876341764,0.49372384937238495,0.12345674486282227,183,128,478,step1,1
0,42,partial_iv_anp,CALCE_CS2_33,0.75,182,182,182,ok,,0.1285766783268058,0.013753068357545861,-0.36146686065917155,0.497907949790795,0.1244373091728264,183,128,478,step1,1
0,42,partial_iv_anp,CALCE_CS2_33,1.0,182,182,182,ok,,0.12727873718271887,0.01336606132829754,-0.40486881850249345,0.502092050209205,0.12693447844915953,183,128,478,step1,1
0,42,partial_iv_anp,CALCE_CS2_33,0.0,183,183,183,ok,,0.08003366082514977,0.013876853810807499,-1.5527881671795045,0.6981132075471698,0.1608059541051921,184,128,477,step1,1
0,42,partial_iv_anp,CALCE_CS2_33,0.25,183,183,183,ok,,0.13068076970910927,0.014659575745798459,-0.31936095890180255,0.4947589098532495,0.11994177766584689,184,128,477,step1,1
0,42,partial_iv_anp,CALCE_CS2_33,0.5,183,183,183,ok,,0.1291454983250451,0.014137847983491825,-0.3815392193033815,0.4947589098532495,0.12329308200462293,184,128,477,step1,1
0,42,partial_iv_anp,CALCE_CS2_33,0.75,183,183,183,ok,,0.12834896892981812,0.013893011025709612,-0.4092482348885638,0.4947589098532495,0.12487335999211902,184,128,477,step1,1
0,42,partial_iv_anp,CALCE_CS2_33,1.0,183,183,183,ok,,0.1272208099929012,0.0135804622337804,-0.4436815996885844,0.5010482180293501,0.12694337391895624,184,128,477,step1,1
0,42,partial_iv_anp,CALCE_CS2_33,0.0,184,184,184,ok,,0.0800891093745394,0.016936155774460504,-1.5472579405035043,0.6953781512605042,0.161087626923554,185,128,476,step1,1
0,42,partial_iv_anp,CALCE_CS2_33,0.25,184,184,184,ok,,0.13391116391556004,0.01920063181437126,-0.048361943740732986,0.48739495798319327,0.10988138011282222,185,128,476,step1,1
0,42,partial_iv_anp,CALCE_CS2_33,0.5,184,184,184,ok,,0.13333800764893972,0.018939019910722443,-0.09898507025376747,0.4831932773109244,0.11182816031627436,185,128,476,step1,1
0,42,partial_iv_anp,CALCE_CS2_33,0.75,184,184,184,ok,,0.13301937247739248,0.01878649574524338,-0.1270659543272661,0.4852941176470588,0.11291047784704782,185,128,476,step1,1
0,42,partial_iv_anp,CALCE_CS2_33,1.0,184,184,184,ok,,0.13222487643797148,0.018408773496406794,-0.19324467603346396,0.4852941176470588,0.11552201554797863,185,128,476,step1,1
0,42,partial_iv_anp,CALCE_CS2_33,0.0,185,185,185,ok,,0.08017306213492324,0.014589043481186725,-1.5511401873338693,0.68,0.16082218024924003,186,128,475,step1,1
0,42,partial_iv_anp,CALCE_CS2_33,0.25,185,185,185,ok,,0.13423865616516828,0.01689347428888488,-0.035016815621422066,0.4905263157894737,0.10899112156319743,186,128,475,step1,1
0,42,partial_iv_anp,CALCE_CS2_33,0.5,185,185,185,ok,,0.13296787996191725,0.01627120832696538,-0.16047628964718294,0.4905263157894737,0.11359312082555718,186,128,475,step1,1
0,42,partial_iv_anp,CALCE_CS2_33,0.75,185,185,185,ok,,0.13192376314608625,0.01579269191068533,-0.24023965872649905,0.49473684210526314,0.11684190707356848,186,128,475,step1,1
0,42,partial_iv_anp,CALCE_CS2_33,1.0,185,185,185,ok,,0.13029843845500771,0.015151385989362498,-0.33191608277144335,0.4968421052631579,0.12106721277217578,186,128,475,step1,1
0,42,partial_iv_anp,CALCE_CS2_33,0.0,186,186,186,ok,,0.08024189117789679,0.011343206361643654,-1.548664164308116,0.6919831223628692,0.1610470191278775,187,128,474,step1,1
0,42,partial_iv_anp,CALCE_CS2_33,0.25,186,186,186,ok,,0.12934353592777614,0.011436209663559627,-0.4003819939372649,0.5021097046413502,0.12403756673413158,187,128,474,step1,1
0,42,partial_iv_anp,CALCE_CS2_33,0.5,186,186,186,ok,,0.12762972719933036,0.010978412795874748,-0.44689163384847086,0.5084388185654009,0.12712679365203683,187,128,474,step1,1
0,42,partial_iv_anp,CALCE_CS2_33,0.75,186,186,186,ok,,0.12704276341510182,0.010839397412541474,-0.45995515292245825,0.510548523206751,0.12808787454532225,187,128,474,step1,1
0,42,partial_iv_anp,CALCE_CS2_33,1.0,186,186,186,ok,,0.1254985764818501,0.010505818786463728,-0.4940674449355209,0.5084388185654009,0.13051549243004962,187,128,474,step1,1
0,42,partial_iv_anp,CALCE_CS2_33,0.0,187,187,187,ok,,0.08032017825147499,0.010929183192463054,-1.548403300995155,0.6976744186046512,0.16166214569057644,188,128,473,step1,1
0,42,partial_iv_anp,CALCE_CS2_33,0.25,187,187,187,ok,,0.12954122916498886,0.011008543515506175,-0.4002162511797365,0.49471458773784355,0.12417923144873505,188,128,473,step1,1
0,42,partial_iv_anp,CALCE_CS2_33,0.5,187,187,187,ok,,0.127918855922677,0.010577292393463167,-0.44392869287447717,0.5031712473572939,0.12712511979830138,188,128,473,step1,1
0,42,partial_iv_anp,CALCE_CS2_33,0.75,187,187,187,ok,,0.12742084388304703,0.01045972967047304,-0.4546396293060717,0.5095137420718816,0.12794451909838048,188,128,473,step1,1
0,42,partial_iv_anp,CALCE_CS2_33,1.0,187,187,187,ok,,0.1259498461981264,0.01013619307776592,-0.48791907997502326,0.5116279069767442,0.13030989211532115,188,128,473,step1,1
0,42,partial_iv_anp,CALCE_CS2_33,0.0,188,188,188,ok,,0.080399214723011,0.00458840308296149,-1.5462321501466512,0.6885593220338984,0.16200614546846487,189,128,472,step1,1
0,42,partial_iv_anp,CALCE_CS2_33,0.25,188,188,188,ok,,0.1261491100173282,0.003743484515280504,-0.5032686665859355,0.5148305084745762,0.1307611208210497,189,128,472,step1,1
0,42,partial_iv_anp,CALCE_CS2_33,0.5,188,188,188,ok,,0.1244453454381386,0.003453712600072878,-0.5257414258431157,0.510593220338983,0.13306811314252778,189,128,472,step1,1
0,42,partial_iv_anp,CALCE_CS2_33,0.75,188,188,188,ok,,0.12430823084706359,0.003438496537346847,-0.5245188982571115,0.510593220338983,0.1331960094892077,189,128,472,step1,1
0,42,partial_iv_anp,CALCE_CS2_33,1.0,188,188,188,ok,,0.12222079095175449,0.0031447608484502787,-0.5524863597400159,0.5084745762711864,0.13583329372691672,189,128,472,step1,1
0,42,partial_iv_anp,CALCE_CS2_33,0.0,189,189,189,ok,,0.08047029698666809,0.005887813174777268,-1.542108913326989,0.6985138004246284,0.16203674145777136,190,128,471,step1,1
0,42,partial_iv_anp,CALCE_CS2_33,0.25,189,189,189,ok,,0.12474708947683713,0.004740612574802183,-0.5303925634385206,0.5201698513800425,0.13296335499634981,190,128,471,step1,1
0,42,partial_iv_anp,CALCE_CS2_33,0.5,189,189,189,ok,,0.12253932807629968,0.004441401091423436,-0.553117168198122,0.5159235668789809,0.135662223704313,190,128,471,step1,1
0,42,partial_iv_anp,CALCE_CS2_33,0.75,189,189,189,ok,,0.12303006274889637,0.0045132471078018765,-0.5427809161430012,0.5159235668789809,0.1349951203839466,190,128,471,step1,1
0,42,partial_iv_anp,CALCE_CS2_33,1.0,189,189,189,ok,,0.1223173535550688,0.004427776928494054,-0.5489899243429168,0.5138004246284501,0.13581691279813105,190,128,471,step1,1
0,42,partial_iv_anp,CALCE_CS2_33,0.0,190,190,190,ok,,0.08057939395226434,0.010162377304740233,-1.548755277633723,0.6914893617021277,0.16188801109591464,191,128,470,step10,10
0,42,partial_iv_anp,CALCE_CS2_33,0.0,190,190,190,ok,,0.08057939395226434,0.010162377304740233,-1.548755277633723,0.6914893617021277,0.16188801109591464,191,128,470,step1,1
0,42,partial_iv_anp,CALCE_CS2_33,0.25,190,190,190,ok,,0.13306915433226493,0.01126134447694982,-0.2459860361769614,0.5127659574468085,0.11638192742117551,191,128,470,step10,10
0,42,partial_iv_anp,CALCE_CS2_33,0.25,190,190,190,ok,,0.13306915433226493,0.01126134447694982,-0.2459860361769614,0.5127659574468085,0.11638192742117551,191,128,470,step1,1
0,42,partial_iv_anp,CALCE_CS2_33,0.5,190,190,190,ok,,0.13217410952829303,0.010937207194132048,-0.2908820064051754,0.5127659574468085,0.11865919499262437,191,128,470,step10,10
0,42,partial_iv_anp,CALCE_CS2_33,0.5,190,190,190,ok,,0.13217410952829303,0.010937207194132048,-0.2908820064051754,0.5127659574468085,0.11865919499262437,191,128,470,step1,1
0,42,partial_iv_anp,CALCE_CS2_33,0.75,190,190,190,ok,,0.1318932853760246,0.01084154551896166,-0.30276267281520786,0.5148936170212766,0.11931466251893816,191,128,470,step10,10
0,42,partial_iv_anp,CALCE_CS2_33,0.75,190,190,190,ok,,0.1318932853760246,0.01084154551896166,-0.30276267281520786,0.5148936170212766,0.11931466251893816,191,128,470,step1,1
0,42,partial_iv_anp,CALCE_CS2_33,1.0,190,190,190,ok,,0.13071572656971045,0.010437386159929396,-0.35721951502124477,0.5191489361702127,0.12211278175475469,191,128,470,step10,10
0,42,partial_iv_anp,CALCE_CS2_33,1.0,190,190,190,ok,,0.13071572656971045,0.010437386159929396,-0.35721951502124477,0.5191489361702127,0.12211278175475469,191,128,470,step1,1
0,42,partial_iv_anp,CALCE_CS2_33,0.0,191,191,191,ok,,0.08065836905634802,0.008412514287711836,-1.5466828861450674,0.6993603411513859,0.16242154892736202,192,128,469,step1,1
0,42,partial_iv_anp,CALCE_CS2_33,0.25,191,191,191,ok,,0.13337893575248344,0.009547180984408321,-0.23408060580512802,0.5202558635394456,0.11609770680570512,192,128,469,step1,1
0,42,partial_iv_anp,CALCE_CS2_33,0.5,191,191,191,ok,,0.13090288541376582,0.00865336652575488,-0.3625786808233934,0.509594882729211,0.12241780901502525,192,128,469,step1,1
0,42,partial_iv_anp,CALCE_CS2_33,0.75,191,191,191,ok,,0.12937516386510964,0.008202462683592482,-0.41735569054547683,0.5181236673773987,0.12557387832023217,192,128,469,step1,1
0,42,partial_iv_anp,CALCE_CS2_33,1.0,191,191,191,ok,,0.12696931229073913,0.0076377273554734115,-0.48023091244570865,0.5138592750533049,0.12977164389684745,192,128,469,step1,1
0,42,partial_iv_anp,CALCE_CS2_33,0.0,192,192,192,ok,,0.0807844174213723,0.004778308861155045,-1.557696595599274,0.7094017094017094,0.16252811635763026,193,128,468,step1,1
0,42,partial_iv_anp,CALCE_CS2_33,0.25,192,192,192,ok,,0.12544512078061343,0.003583749597263153,-0.5515250394443125,0.5128205128205128,0.1325281535680965,193,128,468,step1,1
0,42,partial_iv_anp,CALCE_CS2_33,0.5,192,192,192,ok,,0.12281857111429706,0.0032462732308058406,-0.5793328061587539,0.5192307692307693,0.13576722023590043,193,128,468,step1,1
0,42,partial_iv_anp,CALCE_CS2_33,0.75,192,192,192,ok,,0.12226230375438026,0.003190290119576833,-0.5825128539682666,0.5213675213675214,0.13637400612062014,193,128,468,step1,1
0,42,partial_iv_anp,CALCE_CS2_33,1.0,192,192,192,ok,,0.12033314384647283,0.003017358466144926,-0.5985085033018179,0.5192307692307693,0.13846555035042774,193,128,468,step1,1
0,42,partial_iv_anp,CALCE_CS2_33,0.0,193,193,193,ok,,0.08087368785278964,0.0019197610243713026,-1.5569155983854217,0.7044967880085653,0.16266129554885195,194,128,467,step1,1
0,42,partial_iv_anp,CALCE_CS2_33,0.25,193,193,193,ok,,0.12548688579078393,0.000690391910588728,-0.5539414666689592,0.5053533190578159,0.13264930266356179,194,128,467,step1,1
0,42,partial_iv_anp,CALCE_CS2_33,0.5,193,193,193,ok,,0.12323436476882627,0.0004060269164104513,-0.5761543791927953,0.5032119914346895,0.13541189846596904,194,128,467,step1,1
0,42,partial_iv_anp,CALCE_CS2_33,0.75,193,193,193,ok,,0.12316426872055868,0.000404418330777756,-0.5734879886542469,0.5032119914346895,0.13543902216391654,194,128,467,step1,1
0,42,partial_iv_anp,CALCE_CS2_33,1.0,193,193,193,ok,,0.12084348106486617,0.00018130881711275748,-0.5947975158464915,0.5096359743040685,0.13804540083901307,194,128,467,step1,1
0,42,partial_iv_anp,CALCE_CS2_33,0.0,194,194,194,ok,,0.08097701691964429,0.0022009172997777826,-1.5609750413900303,0.7081545064377682,0.1624224199369801,195,128,466,step1,1
0,42,partial_iv_anp,CALCE_CS2_33,0.25,194,194,194,ok,,0.12661896399571712,0.0011025376820203991,-0.5439464585721291,0.5042918454935622,0.13095905128872018,195,128,466,step1,1
0,42,partial_iv_anp,CALCE_CS2_33,0.5,194,194,194,ok,,0.1236135216157203,0.0006932642916399612,-0.5805364730243562,0.5064377682403434,0.1348323816474625,195,128,466,step1,1
0,42,partial_iv_anp,CALCE_CS2_33,0.75,194,194,194,ok,,0.12282215738248382,0.0006099874122741378,-0.5867697214446804,0.5042918454935622,0.13573344686601524,195,128,466,step1,1
0,42,partial_iv_anp,CALCE_CS2_33,1.0,194,194,194,ok,,0.12050178544650875,0.0004085762312676655,-0.6061970318678499,0.5128755364806867,0.13825915633552388,195,128,466,step1,1
0,42,partial_iv_anp,CALCE_CS2_33,0.0,195,195,195,ok,,0.08104274265889402,0.0043153208544843835,-1.5503069124253284,0.6967741935483871,0.16302420435566514,196,128,465,step1,1
0,42,partial_iv_anp,CALCE_CS2_33,0.25,195,195,195,ok,,0.12692821740086202,0.003252205509395978,-0.5262706585195395,0.5118279569892473,0.13104079571541882,196,128,465,step1,1
0,42,partial_iv_anp,CALCE_CS2_33,0.5,195,195,195,ok,,0.12407413217074613,0.002852604578861162,-0.561710212408879,0.5010752688172043,0.1347947895533765,196,128,465,step1,1
0,42,partial_iv_anp,CALCE_CS2_33,0.75,195,195,195,ok,,0.12368580241409029,0.0028116955232395657,-0.5633444385861114,0.4967741935483871,0.13522425253404954,196,128,465,step1,1
0,42,partial_iv_anp,CALCE_CS2_33,1.0,195,195,195,ok,,0.12279434956568039,0.002719384151008253,-0.5706412813195763,0.4989247311827957,0.13624604396028978,196,128,465,step1,1
0,42,partial_iv_anp,CALCE_CS2_33,0.0,196,196,196,ok,,0.08115247495981173,0.006558451030990398,-1.5539044992290367,0.6896551724137931,0.1631895800691572,197,128,464,step1,1
0,42,partial_iv_anp,CALCE_CS2_33,0.25,196,196,196,ok,,0.13520848797788634,0.00782146802141781,-0.18270226315994315,0.5086206896551724,0.11273541093611772,197,128,464,step1,1
0,42,partial_iv_anp,CALCE_CS2_33,0.5,196,196,196,ok,,0.13300008000209798,0.007005266133199184,-0.3256993853880259,0.5129310344827587,0.11916653719278718,197,128,464,step1,1
0,42,partial_iv_anp,CALCE_CS2_33,0.75,196,196,196,ok,,0.1314030233411024,0.006506514412597086,-0.39563734432253805,0.5107758620689655,0.12289530677545721,197,128,464,step1,1
0,42,partial_iv_anp,CALCE_CS2_33,1.0,196,196,196,ok,,0.12896725682741125,0.0059024885549877615,-0.46982347257658597,0.5129310344827587,0.12758088754872288,197,128,464,step1,1
0,42,partial_iv_anp,CALCE_CS2_33,0.0,197,197,197,ok,,0.08131908175733758,0.002631737646455523,-1.5751510687091141,0.693304535637149,0.16275954525421377,198,128,463,step1,1
0,42,partial_iv_anp,CALCE_CS2_33,0.25,197,197,197,ok,,0.12682983979341098,0.00139491919426471,-0.5736927699174789,0.5118790496760259,0.1310437727574805,198,128,463,step1,1
0,42,partial_iv_anp,CALCE_CS2_33,0.5,197,197,197,ok,,0.12391747687478696,0.001039997608341947,-0.605896084270561,0.5053995680345572,0.1347214573717592,198,128,463,step1,1
0,42,partial_iv_anp,CALCE_CS2_33,0.75,197,197,197,ok,,0.12325268314314534,0.000977687014939832,-0.6102475576728199,0.5053995680345572,0.13546253880594666,198,128,463,step1,1
0,42,partial_iv_anp,CALCE_CS2_33,1.0,197,197,197,ok,,0.12122697661034096,0.0008148602330281252,-0.6263191081520838,0.5032397408207343,0.137673267803888,198,128,463,step1,1
0,42,partial_iv_anp,CALCE_CS2_33,0.0,198,198,198,ok,,0.08139721426825007,0.00262354204553239,-1.5678783364659967,0.6883116883116883,0.1632821349717449,199,128,462,step1,1
0,42,partial_iv_anp,CALCE_CS2_33,0.25,198,198,198,ok,,0.1276046044351003,0.0014865453670427353,-0.5525334403678643,0.5086580086580087,0.13039831274577718,199,128,462,step1,1
0,42,partial_iv_anp,CALCE_CS2_33,0.5,198,198,198,ok,,0.12484605572507114,0.0011205997685267421,-0.58628467188144,0.4935064935064935,0.13404971857910816,199,128,462,step1,1
0,42,partial_iv_anp,CALCE_CS2_33,0.75,198,198,198,ok,,0.12415986165391028,0.0010489301959925035,-0.5916112721421415,0.49134199134199136,0.13485594852101077,199,128,462,step1,1
0,42,partial_iv_anp,CALCE_CS2_33,1.0,198,198,198,ok,,0.12217421942202226,0.0008699316434493953,-0.6092032364207424,0.487012987012987,0.13712539221325035,199,128,462,step1,1
0,42,partial_iv_anp,CALCE_CS2_33,0.0,199,199,199,ok,,0.08146568454231656,0.0021953324068150204,-1.560028657741311,0.6919739696312365,0.163532336475196,200,128,461,step1,1
0,42,partial_iv_anp,CALCE_CS2_33,0.25,199,199,199,ok,,0.12819891584951257,0.001129898795520612,-0.5346382543156282,0.5119305856832972,0.12974253538654718,200,128,461,step1,1
0,42,partial_iv_anp,CALCE_CS2_33,0.5,199,199,199,ok,,0.12528519668023755,0.0007268094601249331,-0.5727499996240683,0.49891540130151846,0.13371195140705602,200,128,461,step1,1
0,42,partial_iv_anp,CALCE_CS2_33,0.75,199,199,199,ok,,0.12417293998645842,0.000606516650285549,-0.5835050449514582,0.5010845986984815,0.13506549393219514,200,128,461,step1,1
0,42,partial_iv_anp,CALCE_CS2_33,1.0,199,199,199,ok,,0.12180187827047816,0.0004041021889880092,-0.6037295605184342,0.4945770065075922,0.13775153050181632,200,128,461,step1,1
0,42,partial_iv_anp,CALCE_CS2_33,0.0,200,200,200,ok,,0.08157848367134365,0.005374552028973079,-1.5629894492132625,0.691304347826087,0.1635091314429511,201,128,460,step10,10
0,42,partial_iv_anp,CALCE_CS2_33,0.0,200,200,200,ok,,0.08157848367134365,0.005374552028973079,-1.5629894492132625,0.691304347826087,0.1635091314429511,201,128,460,step1,1
0,42,partial_iv_anp,CALCE_CS2_33,0.25,200,200,200,ok,,0.1320446913969593,0.005073732669997666,-0.43854093089662655,0.5195652173913043,0.12288732572592523,201,128,460,step10,10
0,42,partial_iv_anp,CALCE_CS2_33,0.25,200,200,200,ok,,0.1320446913969593,0.005073732669997666,-0.43854093089662655,0.5195652173913043,0.12288732572592523,201,128,460,step1,1
0,42,partial_iv_anp,CALCE_CS2_33,0.5,200,200,200,ok,,0.13028068854280447,0.004684547251554316,-0.4831701235476451,0.5173913043478261,0.12610692233682377,201,128,460,step10,10
0,42,partial_iv_anp,CALCE_CS2_33,0.5,200,200,200,ok,,0.13028068854280447,0.004684547251554316,-0.4831701235476451,0.5173913043478261,0.12610692233682377,201,128,460,step1,1
0,42,partial_iv_anp,CALCE_CS2_33,0.75,200,200,200,ok,,0.12977480575627015,0.004586454414518659,-0.4929585841669096,0.5173913043478261,0.1269353220485062,201,128,460,step10,10
0,42,partial_iv_anp,CALCE_CS2_33,0.75,200,200,200,ok,,0.12977480575627015,0.004586454414518659,-0.4929585841669096,0.5173913043478261,0.1269353220485062,201,128,460,step1,1
0,42,partial_iv_anp,CALCE_CS2_33,1.0,200,200,200,ok,,0.12823953830103194,0.0043086828108434005,-0.5242613953116573,0.5152173913043478,0.12940308584423127,201,128,460,step10,10
0,42,partial_iv_anp,CALCE_CS2_33,1.0,200,200,200,ok,,0.12823953830103194,0.0043086828108434005,-0.5242613953116573,0.5152173913043478,0.12940308584423127,201,128,460,step1,1
0,42,partial_iv_anp,CALCE_CS2_33,0.0,201,201,201,ok,,0.08167414138905811,0.006913032617300252,-1.560191663995426,0.6775599128540305,0.16406826721900492,202,128,459,step1,1
0,42,partial_iv_anp,CALCE_CS2_33,0.25,201,201,201,ok,,0.13425074139195847,0.007189267703956115,-0.34382683039445755,0.514161220043573,0.11825774320013734,202,128,459,step1,1
0,42,partial_iv_anp,CALCE_CS2_33,0.5,201,201,201,ok,,0.13285610404259865,0.006804744379206529,-0.39837948864178624,0.5206971677559913,0.12141180032591721,202,128,459,step1,1
0,42,partial_iv_anp,CALCE_CS2_33,0.75,201,201,201,ok,,0.1323190903216407,0.006667782418803281,-0.4159567846391647,0.5228758169934641,0.12252115029434228,202,128,459,step1,1
0,42,partial_iv_anp,CALCE_CS2_33,1.0,201,201,201,ok,,0.1309312164340447,0.00633781112854892,-0.45887154134342845,0.5315904139433552,0.12526552078641764,202,128,459,step1,1
0,42,partial_iv_anp,CALCE_CS2_33,0.0,202,202,202,ok,,0.08181700334462358,0.0014122074925208006,-1.5713435857280187,0.6943231441048034,0.16396837199879746,203,128,458,step1,1
0,42,partial_iv_anp,CALCE_CS2_33,0.25,202,202,202,ok,,0.1274735229523957,6.816266046305586e-05,-0.5775406338474055,0.519650655021834,0.1313468869434088,203,128,458,step1,1
0,42,partial_iv_anp,CALCE_CS2_33,0.5,202,202,202,ok,,0.12399079673625518,0.0002988380509417743,-0.6128513893385057,0.5087336244541485,0.13568684701378497,203,128,458,step1,1
0,42,partial_iv_anp,CALCE_CS2_33,0.75,202,202,202,ok,,0.12288134233257111,0.0003826779885313103,-0.6201089796756406,0.5043668122270742,0.13690843516775333,203,128,458,step1,1
0,42,partial_iv_anp,CALCE_CS2_33,1.0,202,202,202,ok,,0.12037369929262363,0.0005234148531562122,-0.6349897377324979,0.5,0.13950419887443868,203,128,458,step1,1
0,42,partial_iv_anp,CALCE_CS2_33,0.0,203,203,203,ok,,0.08185071120284002,0.0016806928630457296,-1.5514392276965923,0.6827133479212254,0.16475245419262927,204,128,457,step1,1
0,42,partial_iv_anp,CALCE_CS2_33,0.25,203,203,203,ok,,0.12875900334850138,0.0005377333056589828,-0.5294679856441723,0.5054704595185996,0.13013359501228147,204,128,457,step1,1
0,42,partial_iv_anp,CALCE_CS2_33,0.5,203,203,203,ok,,0.12565523313985266,0.00014260098411889022,-0.5677641282776528,0.49452954048140046,0.13434173601626548,204,128,457,step1,1
0,42,partial_iv_anp,CALCE_CS2_33,0.75,203,203,203,ok,,0.12443201928363089,2.4071192653574158e-05,-0.5786302133836239,0.49452954048140046,0.13581597880051566,204,128,457,step1,1
0,42,partial_iv_anp,CALCE_CS2_33,1.0,203,203,203,ok,,0.12195968784357512,0.00015915668689103768,-0.5973398791615738,0.49452954048140046,0.13858089055549727,204,128,457,step1,1
0,42,partial_iv_anp,CALCE_CS2_33,0.0,204,204,204,ok,,0.0819819112257574,0.0015971964338759026,-1.556449092348769,0.7039473684210527,0.16440377403399023,205,128,456,step1,1
0,42,partial_iv_anp,CALCE_CS2_33,0.25,204,204,204,ok,,0.12820753465064016,0.0003112197325622068,-0.5511466037909236,0.5197368421052632,0.13090655302166776,205,128,456,step1,1
0,42,partial_iv_anp,CALCE_CS2_33,0.5,204,204,204,ok,,0.12484441999944655,6.124008748742416e-05,-0.5870937870448092,0.5087719298245614,0.13522180492839148,205,128,456,step1,1
0,42,partial_iv_anp,CALCE_CS2_33,0.75,204,204,204,ok,,0.12384770046445215,0.00014237975972275496,-0.5939546125049684,0.506578947368421,0.13635170526841897,205,128,456,step1,1
0,42,partial_iv_anp,CALCE_CS2_33,1.0,204,204,204,ok,,0.12151560682368787,0.0002901094098706203,-0.6092280946462002,0.5043859649122807,0.13885823563212832,205,128,456,step1,1
0,42,partial_iv_anp,CALCE_CS2_33,0.0,205,205,205,ok,,0.08218980787769503,0.001961605465314653,-1.5818085984974144,0.7032967032967034,0.16364626451110875,206,128,455,step1,1
0,42,partial_iv_anp,CALCE_CS2_33,0.25,205,205,205,ok,,0.1268236344318981,0.00040334005516229343,-0.6133093987168732,0.512087912087912,0.13234088380657566,206,128,455,step1,1
0,42,partial_iv_anp,CALCE_CS2_33,0.5,205,205,205,ok,,0.12317140583764404,0.00011072693253555421,-0.6420933171714537,0.5076923076923077,0.13654648448887005,206,128,455,step1,1
0,42,partial_iv_anp,CALCE_CS2_33,0.75,205,205,205,ok,,0.12286543739519222,9.664444163182129e-05,-0.6413509402558158,0.5076923076923077,0.13682729458306164,206,128,455,step1,1
0,42,partial_iv_anp,CALCE_CS2_33,1.0,205,205,205,ok,,0.1217498182097071,4.132201852069528e-05,-0.6462736074951752,0.5098901098901099,0.13795111127751553,206,128,455,step1,1
0,42,partial_iv_anp,CALCE_CS2_33,0.0,206,206,206,ok,,0.08221316957762927,0.005294805240410039,-1.5581249934871857,0.7048458149779736,0.16450608253909263,207,128,454,step1,1
0,42,partial_iv_anp,CALCE_CS2_33,0.25,206,206,206,ok,,0.13449552633538084,0.005181457643709142,-0.38522330787641523,0.5220264317180616,0.11969837064161011,207,128,454,step1,1
0,42,partial_iv_anp,CALCE_CS2_33,0.5,206,206,206,ok,,0.13281778170899894,0.004789703316496197,-0.4399027238564218,0.5176211453744494,0.12316458539263637,207,128,454,step1,1
0,42,partial_iv_anp,CALCE_CS2_33,0.75,206,206,206,ok,,0.13226869248671722,0.004674554359499372,-0.4540426383964877,0.5176211453744494,0.12418374728500879,207,128,454,step1,1
0,42,partial_iv_anp,CALCE_CS2_33,1.0,206,206,206,ok,,0.13064625961454843,0.004360527628486599,-0.4944111638341455,0.5110132158590308,0.12708497488505507,207,128,454,step1,1
0,42,partial_iv_anp,CALCE_CS2_33,0.0,207,207,207,ok,,0.08236530135509332,0.006205907965850521,-1.5691511766441115,0.7086092715231788,0.16414864702874554,208,128,453,step1,1
0,42,partial_iv_anp,CALCE_CS2_33,0.25,207,207,207,ok,,0.13608539588184596,0.006407246013191759,-0.3295498368396539,0.5231788079470199,0.1157800722148819,208,128,453,step1,1
0,42,partial_iv_anp,CALCE_CS2_33,0.5,207,207,207,ok,,0.1344691991605242,0.005987260670860972,-0.4015441696919555,0.5143487858719646,0.11962304282499316,208,128,453,step1,1
0,42,partial_iv_anp,CALCE_CS2_33,0.75,207,207,207,ok,,0.1337537323710085,0.005816023517367763,-0.42728926433235487,0.5143487858719646,0.12114989301898327,208,128,453,step1,1
0,42,partial_iv_anp,CALCE_CS2_33,1.0,207,207,207,ok,,0.13218913338798252,0.005477767176813475,-0.4760873040514891,0.5143487858719646,0.12424523775827066,208,128,453,step1,1
0,42,partial_iv_anp,CALCE_CS2_33,0.0,208,208,208,ok,,0.0825150016446032,0.0065478159825238524,-1.577636826359574,0.6991150442477876,0.16367600678551852,209,128,452,step1,1
0,42,partial_iv_anp,CALCE_CS2_33,0.25,208,208,208,ok,,0.13662174696779875,0.006766700429401307,-0.3233392706015101,0.5287610619469026,0.11451509112111871,209,128,452,step1,1
0,42,partial_iv_anp,CALCE_CS2_33,0.5,208,208,208,ok,,0.1351941928139573,0.006398070186313776,-0.3914677488066703,0.5221238938053098,0.11799822439750247,209,128,452,step1,1
0,42,partial_iv_anp,CALCE_CS2_33,0.75,208,208,208,ok,,0.13461367572555766,0.006257250602542674,-0.41423576368442044,0.5199115044247787,0.1192830853397377,209,128,452,step1,1
0,42,partial_iv_anp,CALCE_CS2_33,1.0,208,208,208,ok,,0.1331760935331139,0.0059331108346002415,-0.4648705628486772,0.5154867256637168,0.12228255585053477,209,128,452,step1,1
0,42,partial_iv_anp,CALCE_CS2_33,0.0,209,209,209,ok,,0.08259263616410122,0.007235114673514009,-1.5680348536821458,0.6940133037694013,0.1641421755886742,210,128,451,step1,1
0,42,partial_iv_anp,CALCE_CS2_33,0.25,209,209,209,ok,,0.13731578377705075,0.00762193354333085,-0.27250185325661935,0.5299334811529933,0.11306844517066314,210,128,451,step1,1
0,42,partial_iv_anp,CALCE_CS2_33,0.5,209,209,209,ok,,0.13605387140198147,0.007283095328609268,-0.3419175620387012,0.5188470066518847,0.11639794159755015,210,128,451,step1,1
0,42,partial_iv_anp,CALCE_CS2_33,0.75,209,209,209,ok,,0.1355284520907653,0.007147385515971938,-0.366060915615956,0.5144124168514412,0.117663466789701,210,128,451,step1,1
0,42,partial_iv_anp,CALCE_CS2_33,1.0,209,209,209,ok,,0.13421816085379012,0.0068271520088359905,-0.42022779248839065,0.5121951219512195,0.1206508635417744,210,128,451,step1,1
0,42,partial_iv_anp,CALCE_CS2_33,0.0,210,210,210,ok,,0.08272997063200138,0.0078025995188022446,-1.5726130167099035,0.7044444444444444,0.1638825816416564,211,128,450,step10,10
0,42,partial_iv_anp,CALCE_CS2_33,0.0,210,210,210,ok,,0.08272997063200138,0.0078025995188022446,-1.5726130167099035,0.7044444444444444,0.1638825816416564,211,128,450,step1,1
0,42,partial_iv_anp,CALCE_CS2_33,0.25,210,210,210,ok,,0.1381801973543705,0.008328451877859466,-0.22665114194724229,0.5311111111111111,0.1107375810191383,211,128,450,step10,10
0,42,partial_iv_anp,CALCE_CS2_33,0.25,210,210,210,ok,,0.1381801973543705,0.008328451877859466,-0.22665114194724229,0.5311111111111111,0.1107375810191383,211,128,450,step1,1
0,42,partial_iv_anp,CALCE_CS2_33,0.5,210,210,210,ok,,0.13716223457342872,0.008055248288161732,-0.2931829944378971,0.5222222222222223,0.11364592559934891,211,128,450,step10,10
0,42,partial_iv_anp,CALCE_CS2_33,0.5,210,210,210,ok,,0.13716223457342872,0.008055248288161732,-0.2931829944378971,0.5222222222222223,0.11364592559934891,211,128,450,step1,1
0,42,partial_iv_anp,CALCE_CS2_33,0.75,210,210,210,ok,,0.13665653857092877,0.00791838963793745,-0.32214938658827513,0.52,0.11499781374520435,211,128,450,step10,10
0,42,partial_iv_anp,CALCE_CS2_33,0.75,210,210,210,ok,,0.13665653857092877,0.00791838963793745,-0.32214938658827513,0.52,0.11499781374520435,211,128,450,step1,1
0,42,partial_iv_anp,CALCE_CS2_33,1.0,210,210,210,ok,,0.13535996076899623,0.0075814386978183546,-0.3875244434059075,0.5155555555555555,0.11825250219552323,211,128,450,step10,10
0,42,partial_iv_anp,CALCE_CS2_33,1.0,210,210,210,ok,,0.13535996076899623,0.0075814386978183546,-0.3875244434059075,0.5155555555555555,0.11825250219552323,211,128,450,step1,1
0,42,partial_iv_anp,CALCE_CS2_33,0.0,211,211,211,ok,,0.08273947621693746,0.008148058553894888,-1.545896669523034,0.7082405345211581,0.16511352135789392,212,128,449,step1,1
0,42,partial_iv_anp,CALCE_CS2_33,0.25,211,211,211,ok,,0.13831750744581398,0.008771084608914848,-0.1843120018506557,0.5167037861915368,0.11105399337127278,212,128,449,step1,1
0,42,partial_iv_anp,CALCE_CS2_33,0.5,211,211,211,ok,,0.13719583370867308,0.008458111215702169,-0.2602904799811912,0.5144766146993318,0.11439092427621327,212,128,449,step1,1
0,42,partial_iv_anp,CALCE_CS2_33,0.75,211,211,211,ok,,0.1366909261038267,0.00831845715535473,-0.2890672613149047,0.5167037861915368,0.11576579176766537,212,128,449,step1,1
0,42,partial_iv_anp,CALCE_CS2_33,1.0,211,211,211,ok,,0.1354365362465039,0.007985698620384563,-0.35203020053071565,0.5011135857461024,0.11897234074854628,212,128,449,step1,1
0,42,partial_iv_anp,CALCE_CS2_33,0.0,212,212,212,ok,,0.08284642472442175,0.008508197534559558,-1.5440782106519957,0.7142857142857143,0.16539625755732304,213,128,448,step1,1
0,42,partial_iv_anp,CALCE_CS2_33,0.25,212,212,212,ok,,0.13875321186558828,0.009166264911072974,-0.16000167361950066,0.5245535714285714,0.11021611796455966,213,128,448,step1,1
0,42,partial_iv_anp,CALCE_CS2_33,0.5,212,212,212,ok,,0.1377087718448859,0.008879820932683025,-0.23591136326231915,0.5200892857142857,0.11343246106651943,213,128,448,step1,1
0,42,partial_iv_anp,CALCE_CS2_33,0.75,212,212,212,ok,,0.13720005671982868,0.008738381842858245,-0.2675635868827633,0.5200892857142857,0.11488330225328222,213,128,448,step1,1
0,42,partial_iv_anp,CALCE_CS2_33,1.0,212,212,212,ok,,0.13595897699332937,0.008405759279703662,-0.33464982791982906,0.515625,0.11818181084018,213,128,448,step1,1
0,42,partial_iv_anp,CALCE_CS2_33,0.0,213,213,213,ok,,0.0830553878146791,0.008295875711989198,-1.5633057106137058,0.7114093959731543,0.16509997375911176,214,128,447,step1,1
0,42,partial_iv_anp,CALCE_CS2_33,0.25,213,213,213,ok,,0.13904946280926306,0.008829619406610756,-0.1869518965759417,0.5324384787472036,0.10998034252472186,214,128,447,step1,1
0,42,partial_iv_anp,CALCE_CS2_33,0.5,213,213,213,ok,,0.13797266728917124,0.008548877369038421,-0.2642198833695192,0.5257270693512305,0.11323042980501673,214,128,447,step1,1
0,42,partial_iv_anp,CALCE_CS2_33,0.75,213,213,213,ok,,0.1375235265934493,0.008431339142276117,-0.2913088880189208,0.5257270693512305,0.11447376412743725,214,128,447,step1,1
0,42,partial_iv_anp,CALCE_CS2_33,1.0,213,213,213,ok,,0.1363235937371037,0.008123710186960564,-0.35621997761918384,0.5257270693512305,0.11762890968698422,214,128,447,step1,1
0,42,partial_iv_anp,CALCE_CS2_33,0.0,214,214,214,ok,,0.08319349340245212,0.009026545968453314,-1.5678651531334777,0.7152466367713004,0.1647805235116014,215,128,446,step1,1
0,42,partial_iv_anp,CALCE_CS2_33,0.25,214,214,214,ok,,0.14005575857247726,0.009716234069998553,-0.10807748145609444,0.5358744394618834,0.10674625167695075,215,128,446,step1,1
0,42,partial_iv_anp,CALCE_CS2_33,0.5,214,214,214,ok,,0.13911802686826236,0.009482837915701703,-0.19444870070312267,0.5246636771300448,0.10992290450773594,215,128,446,step1,1
0,42,partial_iv_anp,CALCE_CS2_33,0.75,214,214,214,ok,,0.13860611932304667,0.00934587844042356,-0.23509238878020472,0.5246636771300448,0.11154318624799227,215,128,446,step1,1
0,42,partial_iv_anp,CALCE_CS2_33,1.0,214,214,214,ok,,0.13741303340713507,0.009030437673530733,-0.3151168084703689,0.5224215246636771,0.11502869220578728,215,128,446,step1,1
0,42,partial_iv_anp,CALCE_CS2_33,0.0,215,215,215,ok,,0.08330360523975927,0.008857209420679357,-1.5656291066458112,0.6966292134831461,0.16518298559820288,216,128,445,step1,1
0,42,partial_iv_anp,CALCE_CS2_33,0.25,215,215,215,ok,,0.13992240361549366,0.009410463118265988,-0.14536262394392618,0.5123595505617977,0.10811530511058062,216,128,445,step1,1
0,42,partial_iv_anp,CALCE_CS2_33,0.5,215,215,215,ok,,0.13896997015356105,0.009178359583763895,-0.22332427120356002,0.5123595505617977,0.11115501001780766,216,128,445,step1,1
0,42,partial_iv_anp,CALCE_CS2_33,0.75,215,215,215,ok,,0.13850848197401525,0.009060086470164763,-0.25601066580312554,0.5101123595505618,0.11253281032769202,216,128,445,step1,1
0,42,partial_iv_anp,CALCE_CS2_33,1.0,215,215,215,ok,,0.13734522601163016,0.008764124819688357,-0.3281438844853007,0.5101123595505618,0.11579861981663972,216,128,445,step1,1
0,42,partial_iv_anp,CALCE_CS2_33,0.0,216,216,216,ok,,0.08339967299432131,0.00958776335518341,-1.5575697437505154,0.6981981981981982,0.16557930360106082,217,128,444,step1,1
0,42,partial_iv_anp,CALCE_CS2_33,0.25,216,216,216,ok,,0.1404788926793191,0.010246669283730081,-0.08695107819244455,0.5202702702702703,0.10665636924904277,217,128,444,step1,1
0,42,partial_iv_anp,CALCE_CS2_33,0.5,216,216,216,ok,,0.1395901665179762,0.010036163256832098,-0.17043695886263815,0.5180180180180181,0.10970622706614572,217,128,444,step1,1
0,42,partial_iv_anp,CALCE_CS2_33,0.75,216,216,216,ok,,0.13912625611334675,0.009916281202582922,-0.2084136883169127,0.5135135135135135,0.11120401109864503,217,128,444,step1,1
0,42,partial_iv_anp,CALCE_CS2_33,1.0,216,216,216,ok,,0.1380376150445691,0.009633499232755471,-0.2851405576780165,0.509009009009009,0.11448847244943637,217,128,444,step1,1
0,42,partial_iv_anp,CALCE_CS2_33,0.0,217,217,217,ok,,0.08352642319304933,0.009939200727989927,-1.5594247740103317,0.7020316027088036,0.1657831428334968,218,128,443,step1,1
0,42,partial_iv_anp,CALCE_CS2_33,0.25,217,217,217,ok,,0.14095879445732074,0.010600740533563968,-0.05624224869815968,0.5349887133182845,0.10553931442041758,218,128,443,step1,1
0,42,partial_iv_anp,CALCE_CS2_33,0.5,217,217,217,ok,,0.14017844460230888,0.010430994099795199,-0.13576004352876495,0.5259593679458239,0.10830318203144959,218,128,443,step1,1
0,42,partial_iv_anp,CALCE_CS2_33,0.75,217,217,217,ok,,0.13975238972339324,0.010325741973890468,-0.17463905889207207,0.5237020316027088,0.10975027015752842,218,128,443,step1,1
0,42,partial_iv_anp,CALCE_CS2_33,1.0,217,217,217,ok,,0.1386709936679865,0.010049367010223298,-0.2598727940464498,0.5146726862302483,0.11319907050731891,218,128,443,step1,1
0,42,partial_iv_anp,CALCE_CS2_33,0.0,218,218,218,ok,,0.08366814055658665,0.006796562334020484,-1.561712809613532,0.7036199095022625,0.16598963357985083,219,128,442,step1,1
0,42,partial_iv_anp,CALCE_CS2_33,0.25,218,218,218,ok,,0.1411000513873039,0.007379720245596633,-0.07092800435597557,0.5497737556561086,0.10588298537446875,219,128,442,step1,1
0,42,partial_iv_anp,CALCE_CS2_33,0.5,218,218,218,ok,,0.1392753633306671,0.006942321990420108,-0.24273061108063307,0.5339366515837104,0.11218455061861506,219,128,442,step1,1
0,42,partial_iv_anp,CALCE_CS2_33,0.75,218,218,218,ok,,0.1378383612511922,0.006590140431844804,-0.33269999426107316,0.5226244343891403,0.11622892114005037,219,128,442,step1,1
0,42,partial_iv_anp,CALCE_CS2_33,1.0,218,218,218,ok,,0.13557798356254486,0.006112864447743616,-0.42707648193466335,0.5158371040723982,0.12142523423819963,219,128,442,step1,1
0,42,partial_iv_anp,CALCE_CS2_33,0.0,219,219,219,ok,,0.08378808225720769,0.0022880614122134935,-1.5597491360868012,0.691609977324263,0.16628371388456414,220,128,441,step1,1
0,42,partial_iv_anp,CALCE_CS2_33,0.25,219,219,219,ok,,0.13394879371041873,0.0011932852250827741,-0.4983603116071522,0.5147392290249433,0.1253829500311599,220,128,441,step1,1
0,42,partial_iv_anp,CALCE_CS2_33,0.5,219,219,219,ok,,0.1311468879060557,0.0008475745758713682,-0.5438612166033228,0.5011337868480725,0.12970430446922515,220,128,441,step1,1
0,42,partial_iv_anp,CALCE_CS2_33,0.75,219,219,219,ok,,0.13034837858712497,0.0007686857164608263,-0.5527407207305687,0.5011337868480725,0.13079635420964658,220,128,441,step1,1
0,42,partial_iv_anp,CALCE_CS2_33,1.0,219,219,219,ok,,0.12815903335428586,0.0005862271604796243,-0.5761740395399843,0.4943310657596372,0.1336564325601165,220,128,441,step1,1
0,42,partial_iv_anp,CALCE_CS2_33,0.0,220,220,220,ok,,0.08391656646928565,0.002418431772967189,-1.5571676544870028,0.6886363636363636,0.16654742612838366,221,128,440,step10,10
0,42,partial_iv_anp,CALCE_CS2_33,0.0,220,220,220,ok,,0.08391656646928565,0.002418431772967189,-1.5571676544870028,0.6886363636363636,0.16654742612838366,221,128,440,step1,1
0,42,partial_iv_anp,CALCE_CS2_33,0.25,220,220,220,ok,,0.1355941182297621,0.001553321213135339,-0.45443046612224114,0.5227272727272727,0.1226869050708272,221,128,440,step10,10
0,42,partial_iv_anp,CALCE_CS2_33,0.25,220,220,220,ok,,0.1355941182297621,0.001553321213135339,-0.45443046612224114,0.5227272727272727,0.1226869050708272,221,128,440,step1,1
0,42,partial_iv_anp,CALCE_CS2_33,0.5,220,220,220,ok,,0.1328879556694454,0.0011620912472064537,-0.5120540361553854,0.509090909090909,0.12733331989515656,221,128,440,step10,10
0,42,partial_iv_anp,CALCE_CS2_33,0.5,220,220,220,ok,,0.1328879556694454,0.0011620912472064537,-0.5120540361553854,0.509090909090909,0.12733331989515656,221,128,440,step1,1
0,42,partial_iv_anp,CALCE_CS2_33,0.75,220,220,220,ok,,0.13176081079690993,0.0010278835148631593,-0.5297648822145583,0.509090909090909,0.12904418907646872,221,128,440,step10,10
0,42,partial_iv_anp,CALCE_CS2_33,0.75,220,220,220,ok,,0.13176081079690993,0.0010278835148631593,-0.5297648822145583,0.509090909090909,0.12904418907646872,221,128,440,step1,1
0,42,partial_iv_anp,CALCE_CS2_33,1.0,220,220,220,ok,,0.1293673334314007,0.0007974098670610053,-0.5607736633414124,0.509090909090909,0.13238700398511483,221,128,440,step10,10
0,42,partial_iv_anp,CALCE_CS2_33,1.0,220,220,220,ok,,0.1293673334314007,0.0007974098670610053,-0.5607736633414124,0.509090909090909,0.13238700398511483,221,128,440,step1,1
0,42,partial_iv_anp,CALCE_CS2_33,0.0,221,221,221,ok,,0.08400268995519175,0.001308625800769625,-1.5476093996348794,0.6947608200455581,0.16701201280979283,222,128,439,step1,1
0,42,partial_iv_anp,CALCE_CS2_33,0.25,221,221,221,ok,,0.133956031307261,0.00014597198618115925,-0.49205393090934924,0.5261958997722096,0.12622525681094385,222,128,439,step1,1
0,42,partial_iv_anp,CALCE_CS2_33,0.5,221,221,221,ok,,0.130719621491378,0.00021832952492262248,-0.5402790554863705,0.5148063781321185,0.13109211548548122,222,128,439,step1,1
0,42,partial_iv_anp,CALCE_CS2_33,0.75,221,221,221,ok,,0.12948548322139586,0.0003241763056348601,-0.5530224499746613,0.5148063781321185,0.1327275745624308,222,128,439,step1,1
0,42,partial_iv_anp,CALCE_CS2_33,1.0,221,221,221,ok,,0.1269011525370844,0.0004922261093577296,-0.5749304378952702,0.5079726651480638,0.13590048414533845,222,128,439,step1,1
0,42,partial_iv_anp,CALCE_CS2_33,0.0,222,222,222,ok,,0.08411441225873095,0.005534333288192417,-1.5413536814461624,0.7009132420091324,0.1674568764161667,223,128,438,step1,1
0,42,partial_iv_anp,CALCE_CS2_33,0.25,222,222,222,ok,,0.138607317423044,0.005190947295507398,-0.326138339028292,0.5342465753424658,0.11688893907903272,223,128,438,step1,1
0,42,partial_iv_anp,CALCE_CS2_33,0.5,222,222,222,ok,,0.13692669166526023,0.0048740413701707785,-0.38966671505131095,0.5319634703196348,0.1206251740925338,223,128,438,step1,1
0,42,partial_iv_anp,CALCE_CS2_33,0.75,222,222,222,ok,,0.13637070530158127,0.004777402686026555,-0.4060826308153982,0.5251141552511416,0.12173338255458896,223,128,438,step1,1
0,42,partial_iv_anp,CALCE_CS2_33,1.0,222,222,222,ok,,0.13488501371705378,0.0045343198711731425,-0.4471209255489985,0.5159817351598174,0.12459668490330485,223,128,438,step1,1
0,42,partial_iv_anp,CALCE_CS2_33,0.0,223,223,223,ok,,0.08427530725453139,0.006870915641075337,-1.5459036286802195,0.7025171624713958,0.16745006690543598,224,128,437,step1,1
0,42,partial_iv_anp,CALCE_CS2_33,0.25,223,223,223,ok,,0.14054974546397433,0.006868366613302035,-0.2192818267648856,0.5377574370709383,0.11180505647020061,224,128,437,step1,1
0,42,partial_iv_anp,CALCE_CS2_33,0.5,223,223,223,ok,,0.1392168304464576,0.006598629417362112,-0.2979262084266868,0.5354691075514875,0.11542615187010581,224,128,437,step1,1
0,42,partial_iv_anp,CALCE_CS2_33,0.75,223,223,223,ok,,0.1386724659595857,0.006489218968015575,-0.32403515674178973,0.5354691075514875,0.11676860806256972,224,128,437,step1,1
0,42,partial_iv_anp,CALCE_CS2_33,1.0,223,223,223,ok,,0.13722475979588558,0.006209203296853039,-0.3850083205778877,0.5354691075514875,0.12013547022993136,224,128,437,step1,1
0,42,partial_iv_anp,CALCE_CS2_33,0.0,224,224,224,ok,,0.08439791378970443,0.0014278790651378603,-1.5420557818884275,0.7064220183486238,0.167757607918842,225,128,436,step1,1
0,42,partial_iv_anp,CALCE_CS2_33,0.25,224,224,224,ok,,0.13535269681490514,0.0003424433962133655,-0.46475105861497934,0.5137614678899083,0.12481229791742207,225,128,436,step1,1
0,42,partial_iv_anp,CALCE_CS2_33,0.5,224,224,224,ok,,0.13172081770976335,7.5821884897187e-05,-0.5259698951366277,0.5068807339449541,0.13052905777126259,225,128,436,step1,1
0,42,partial_iv_anp,CALCE_CS2_33,0.75,224,224,224,ok,,0.13026155420880103,0.0001999364613076704,-0.542284147081753,0.5045871559633027,0.13251123101138726,225,128,436,step1,1
0,42,partial_iv_anp,CALCE_CS2_33,1.0,224,224,224,ok,,0.12758250285329611,0.00036659353021784025,-0.5652040333161426,0.49770642201834864,0.1358364003630108,225,128,436,step1,1
0,42,partial_iv_anp,CALCE_CS2_33,0.0,225,225,225,ok,,0.08453868356797963,0.0008599409163062566,-1.54204130804675,0.6988505747126437,0.16814222967294054,226,128,435,step1,1
0,42,partial_iv_anp,CALCE_CS2_33,0.25,225,225,225,ok,,0.1338678575663396,0.0004765317411853376,-0.5038641227896692,0.5126436781609195,0.12777832350211746,226,128,435,step1,1
0,42,partial_iv_anp,CALCE_CS2_33,0.5,225,225,225,ok,,0.13059654945394697,0.0007745993572261245,-0.5444616259703308,0.503448275862069,0.1324382616518007,226,128,435,step1,1
0,42,partial_iv_anp,CALCE_CS2_33,0.75,225,225,225,ok,,0.12971939932818854,0.0008337904092574622,-0.5512266623420345,0.503448275862069,0.13354084435591085,226,128,435,step1,1
0,42,partial_iv_anp,CALCE_CS2_33,1.0,225,225,225,ok,,0.12724432098525146,0.0009657036615869918,-0.569811956906718,0.503448275862069,0.1365252989020478,226,128,435,step1,1
0,42,partial_iv_anp,CALCE_CS2_33,0.0,226,226,226,ok,,0.08466721456224331,0.0007557799609547722,-1.537845523818939,0.7073732718894009,0.16864410223191548,227,128,434,step1,1
0,42,partial_iv_anp,CALCE_CS2_33,0.25,226,226,226,ok,,0.1339397670168689,0.0006016011145996147,-0.5008027146654805,0.511520737327189,0.12816871285711393,227,128,434,step1,1
0,42,partial_iv_anp,CALCE_CS2_33,0.5,226,226,226,ok,,0.13058302064948404,0.0008953648499022693,-0.5412120842762987,0.511520737327189,0.1329230230088024,227,128,434,step1,1
0,42,partial_iv_anp,CALCE_CS2_33,0.75,226,226,226,ok,,0.1296202720557643,0.0009570232756141994,-0.5485104951174609,0.5069124423963134,0.13413015867071873,227,128,434,step1,1
0,42,partial_iv_anp,CALCE_CS2_33,1.0,226,226,226,ok,,0.1273239857231887,0.0010718690474127435,-0.5648150119734657,0.5092165898617511,0.13687984175007115,227,128,434,step1,1
0,42,partial_iv_anp,CALCE_CS2_33,0.0,227,227,227,ok,,0.08485298186864072,0.0006063389492367843,-1.5462774159715653,0.6905311778290993,0.1683824415083885,228,128,433,step1,1
0,42,partial_iv_anp,CALCE_CS2_33,0.25,227,227,227,ok,,0.1326011815604243,0.0009445112042160142,-0.5391668474375028,0.5057736720554272,0.13024556162483708,228,128,433,step1,1
0,42,partial_iv_anp,CALCE_CS2_33,0.5,227,227,227,ok,,0.1289590840338832,0.0011798148691289922,-0.5717207624535732,0.5034642032332564,0.13492720540060493,228,128,433,step1,1
0,42,partial_iv_anp,CALCE_CS2_33,0.75,227,227,227,ok,,0.12779264985569325,0.0012292177255137648,-0.5780320597517536,0.5011547344110855,0.13626653078140588,228,128,433,step1,1
0,42,partial_iv_anp,CALCE_CS2_33,1.0,227,227,227,ok,,0.12586443583899173,0.0012870852712019154,-0.5870660708781004,0.5011547344110855,0.13836464291136247,228,128,433,step1,1
0,42,partial_iv_anp,CALCE_CS2_33,0.0,228,228,228,ok,,0.08493608478334756,0.004301239398669221,-1.5323895836135326,0.6921296296296297,0.16930895464521353,229,128,432,step1,1
0,42,partial_iv_anp,CALCE_CS2_33,0.25,228,228,228,ok,,0.13962690122136326,0.0037286748631008004,-0.32808104146889905,0.5231481481481481,0.1177764533210026,229,128,432,step1,1
0,42,partial_iv_anp,CALCE_CS2_33,0.5,228,228,228,ok,,0.13765887334477955,0.0034153059800631214,-0.3969552993294912,0.5069444444444444,0.12198765203316643,229,128,432,step1,1
0,42,partial_iv_anp,CALCE_CS2_33,0.75,228,228,228,ok,,0.13693438212184356,0.003309994211169176,-0.4164219490926076,0.5069444444444444,0.12337546428209067,229,128,432,step1,1
0,42,partial_iv_anp,CALCE_CS2_33,1.0,228,228,228,ok,,0.135166068268009,0.003076988931465907,-0.45831748896165686,0.5092592592592593,0.12656935570363612,229,128,432,step1,1
0,42,partial_iv_anp,CALCE_CS2_33,0.0,229,229,229,ok,,0.0851406230105725,0.002319051917640258,-1.5438351537569874,0.7076566125290024,0.16923122280257957,230,128,431,step1,1
0,42,partial_iv_anp,CALCE_CS2_33,0.25,229,229,229,ok,,0.14086972591452518,0.0018569106971889626,-0.28868212043904046,0.5406032482598608,0.11502974136833281,230,128,431,step1,1
0,42,partial_iv_anp,CALCE_CS2_33,0.5,229,229,229,ok,,0.13825108739628084,0.0014333929277905444,-0.3995168370180707,0.5150812064965197,0.12103768462370776,230,128,431,step1,1
0,42,partial_iv_anp,CALCE_CS2_33,0.75,229,229,229,ok,,0.13616224016570244,0.0011412129268744131,-0.45862360381337663,0.5034802784222738,0.12504569879931776,230,128,431,step1,1
0,42,partial_iv_anp,CALCE_CS2_33,1.0,229,229,229,ok,,0.13298656394794428,0.0008096614524101264,-0.5171121551721477,0.494199535962877,0.13014961541569248,230,128,431,step1,1
0,42,partial_iv_anp,CALCE_CS2_33,0.0,230,230,230,ok,,0.08522964598326492,0.0014326790216907526,-1.5304213485866989,0.7023255813953488,0.1696381480176928,231,128,430,step10,10
0,42,partial_iv_anp,CALCE_CS2_33,0.0,230,230,230,ok,,0.08522964598326492,0.0014326790216907526,-1.5304213485866989,0.7023255813953488,0.1696381480176928,231,128,430,step1,1
0,42,partial_iv_anp,CALCE_CS2_33,0.25,230,230,230,ok,,0.13179665166273938,0.003097198062949502,-0.5365668877231673,0.5046511627906977,0.13269382567536783,231,128,430,step10,10
0,42,partial_iv_anp,CALCE_CS2_33,0.25,230,230,230,ok,,0.13179665166273938,0.003097198062949502,-0.5365668877231673,0.5046511627906977,0.13269382567536783,231,128,430,step1,1
0,42,partial_iv_anp,CALCE_CS2_33,0.5,230,230,230,ok,,0.1280169845827926,0.003273393394977786,-0.5614002138185937,0.4883720930232558,0.13726649009499012,231,128,430,step10,10
0,42,partial_iv_anp,CALCE_CS2_33,0.5,230,230,230,ok,,0.1280169845827926,0.003273393394977786,-0.5614002138185937,0.4883720930232558,0.13726649009499012,231,128,430,step1,1
0,42,partial_iv_anp,CALCE_CS2_33,0.75,230,230,230,ok,,0.1271808677489531,0.003294831144573518,-0.5635347993578769,0.48604651162790696,0.13816099361725545,231,128,430,step10,10
0,42,partial_iv_anp,CALCE_CS2_33,0.75,230,230,230,ok,,0.1271808677489531,0.003294831144573518,-0.5635347993578769,0.48604651162790696,0.13816099361725545,231,128,430,step1,1
0,42,partial_iv_anp,CALCE_CS2_33,1.0,230,230,230,ok,,0.12452742864702049,0.003336264916497411,-0.5724533946819581,0.48372093023255813,0.140922790096434,231,128,430,step10,10
0,42,partial_iv_anp,CALCE_CS2_33,1.0,230,230,230,ok,,0.12452742864702049,0.003336264916497411,-0.5724533946819581,0.48372093023255813,0.140922790096434,231,128,430,step1,1
0,42,partial_iv_anp,CALCE_CS2_33,0.0,231,231,231,ok,,0.0853770478552735,0.0017579905631975867,-1.530521018651194,0.696969696969697,0.1695542985073509,232,128,429,step1,1
0,42,partial_iv_anp,CALCE_CS2_33,0.25,231,231,231,ok,,0.13169184019691518,0.003451329239078982,-0.5408141795730235,0.5058275058275058,0.13290969572218425,232,128,429,step1,1
0,42,partial_iv_anp,CALCE_CS2_33,0.5,231,231,231,ok,,0.12743936053276453,0.0036225202402589973,-0.5668445154705019,0.49184149184149184,0.13793374177518974,232,128,429,step1,1
0,42,partial_iv_anp,CALCE_CS2_33,0.75,231,231,231,ok,,0.126328437523945,0.0036429575497063382,-0.569683631701714,0.48951048951048953,0.13909533917841557,232,128,429,step1,1
0,42,partial_iv_anp,CALCE_CS2_33,1.0,231,231,231,ok,,0.12360496665143952,0.0036605447762898535,-0.5764088397564082,0.48484848484848486,0.14181282252833466,232,128,429,step1,1
0,42,partial_iv_anp,CALCE_CS2_33,0.0,232,232,232,ok,,0.0855994826129615,0.002430936483324264,-1.5418137874198683,0.7079439252336449,0.16934026655627726,233,128,428,step1,1
0,42,partial_iv_anp,CALCE_CS2_33,0.25,232,232,232,ok,,0.1321297593796401,0.004128925892329716,-0.5521952876239591,0.4976635514018692,0.1322925485551299,233,128,428,step1,1
0,42,partial_iv_anp,CALCE_CS2_33,0.5,232,232,232,ok,,0.12762130218199758,0.004301613648535874,-0.5813665522368477,0.47897196261682246,0.13762039935235015,233,128,428,step1,1
0,42,partial_iv_anp,CALCE_CS2_33,0.75,232,232,232,ok,,0.12611726122859437,0.004324831102342497,-0.5861495453216004,0.48364485981308414,0.13919228365217606,233,128,428,step1,1
0,42,partial_iv_anp,CALCE_CS2_33,1.0,232,232,232,ok,,0.12299479404281168,0.004326153543630973,-0.5929786848422014,0.4672897196261682,0.1422363895887253,233,128,428,step1,1
0,42,partial_iv_anp,CALCE_CS2_33,0.0,233,233,233,ok,,0.0857222202759529,0.0015605871114821035,-1.5371600480309702,0.702576112412178,0.16969014967791188,234,128,427,step1,1
0,42,partial_iv_anp,CALCE_CS2_33,0.25,233,233,233,ok,,0.13790553337346817,0.0003881248652332081,-0.440520571859561,0.49882903981264637,0.12340721369482299,234,128,427,step1,1
0,42,partial_iv_anp,CALCE_CS2_33,0.5,233,233,233,ok,,0.1352098527872645,0.0001183663682249314,-0.49231054711200384,0.5035128805620609,0.1278358463491632,234,128,427,step1,1
0,42,partial_iv_anp,CALCE_CS2_33,0.75,233,233,233,ok,,0.1345124755246951,6.168351692104057e-05,-0.5014090359559148,0.5035128805620609,0.12885104684783943,234,128,427,step1,1
0,42,partial_iv_anp,CALCE_CS2_33,1.0,233,233,233,ok,,0.13252579333558187,8.067435895953157e-05,-0.5268746246705542,0.4918032786885246,0.13165711541991026,234,128,427,step1,1
0,42,partial_iv_anp,CALCE_CS2_33,0.0,234,234,234,ok,,0.0858339649722409,0.0032686014468563673,-1.5269188581215696,0.687793427230047,0.16991877939652192,235,128,426,step1,1
0,42,partial_iv_anp,CALCE_CS2_33,0.25,234,234,234,ok,,0.14068802248400133,0.0024724935658763103,-0.3322409552839327,0.5117370892018779,0.1179979117192121,235,128,426,step1,1
0,42,partial_iv_anp,CALCE_CS2_33,0.5,234,234,234,ok,,0.13855457527445317,0.0021951323627724673,-0.40179029613355355,0.49765258215962443,0.12232348213722348,235,128,426,step1,1
0,42,partial_iv_anp,CALCE_CS2_33,0.75,234,234,234,ok,,0.13781799697799052,0.0021083819892930844,-0.41990160603182497,0.5,0.12365916505399571,235,128,426,step1,1
0,42,partial_iv_anp,CALCE_CS2_33,1.0,234,234,234,ok,,0.13594284098874374,0.0019088655382626385,-0.46071068829066836,0.4859154929577465,0.12688164781900813,235,128,426,step1,1
0,42,partial_iv_anp,CALCE_CS2_33,0.0,235,235,235,ok,,0.08602452577825143,0.0019534605990301213,-1.5327500332685113,0.6894117647058824,0.16992897190397133,236,128,425,step1,1
0,42,partial_iv_anp,CALCE_CS2_33,0.25,235,235,235,ok,,0.13427854315878351,0.003550356560591106,-0.5188035695658072,0.48,0.13002760531252988,236,128,425,step1,1
0,42,partial_iv_anp,CALCE_CS2_33,0.5,235,235,235,ok,,0.12979476414457597,0.0037638525473649986,-0.5577045267375627,0.4682352941176471,0.1357280119833036,236,128,425,step1,1
0,42,partial_iv_anp,CALCE_CS2_33,0.75,235,235,235,ok,,0.12825877189859128,0.00380094338659287,-0.564962123007097,0.4588235294117647,0.13744186762203092,236,128,425,step1,1
0,42,partial_iv_anp,CALCE_CS2_33,1.0,235,235,235,ok,,0.12511650590461743,0.003826447510021369,-0.5754891087094162,0.45647058823529413,0.1407007359976236,236,128,425,step1,1
0,42,partial_iv_anp,CALCE_CS2_33,0.0,236,236,236,ok,,0.08619246012473335,0.0020710720404236715,-1.5324643990208726,0.6839622641509434,0.16989640230886785,237,128,424,step1,1
0,42,partial_iv_anp,CALCE_CS2_33,0.25,236,236,236,ok,,0.1333094098444412,0.0037531176002226774,-0.5341167431476093,0.4882075471698113,0.13159315755418158,237,128,424,step1,1
0,42,partial_iv_anp,CALCE_CS2_33,0.5,236,236,236,ok,,0.1289455886906859,0.003909909079606533,-0.5641960382426239,0.4740566037735849,0.1368398202975117,237,128,424,step1,1
0,42,partial_iv_anp,CALCE_CS2_33,0.75,236,236,236,ok,,0.1278120212936007,0.003926937153161947,-0.5677212842358312,0.4716981132075472,0.13804628384270176,237,128,424,step1,1
0,42,partial_iv_anp,CALCE_CS2_33,1.0,236,236,236,ok,,0.12533667369302412,0.0039377091031203015,-0.5747015941930993,0.46462264150943394,0.1405661283036067,237,128,424,step1,1
0,42,partial_iv_anp,CALCE_CS2_33,0.0,237,237,237,ok,,0.08638458595927767,0.0023036787584721496,-1.5375794859192273,0.7021276595744681,0.1693731914104857,238,128,423,step1,1
0,42,partial_iv_anp,CALCE_CS2_33,0.25,237,237,237,ok,,0.1351138842922495,0.003892836042121206,-0.517742296035445,0.48226950354609927,0.1288644727510574,238,128,423,step1,1
0,42,partial_iv_anp,CALCE_CS2_33,0.5,237,237,237,ok,,0.13127869847623627,0.004078668332215041,-0.5542766100893429,0.4846335697399527,0.13381804508501507,238,128,423,step1,1
0,42,partial_iv_anp,CALCE_CS2_33,0.75,237,237,237,ok,,0.12965794343180675,0.0041245384065139445,-0.5641033512710782,0.47754137115839246,0.13568782766343698,238,128,423,step1,1
0,42,partial_iv_anp,CALCE_CS2_33,1.0,237,237,237,ok,,0.12640920357272029,0.004162031480904882,-0.5779312239274332,0.4728132387706856,0.13914758285629328,238,128,423,step1,1
0,42,partial_iv_anp,CALCE_CS2_33,0.0,238,238,238,ok,,0.08649313292876784,0.0018980164957559387,-1.5271886814794506,0.6990521327014217,0.16997329836097308,239,128,422,step1,1
0,42,partial_iv_anp,CALCE_CS2_33,0.25,238,238,238,ok,,0.1327162500513486,0.003634899879375042,-0.5384344114077533,0.4786729857819905,0.13272553390438854,239,128,422,step1,1
0,42,partial_iv_anp,CALCE_CS2_33,0.5,238,238,238,ok,,0.12794840682022457,0.0037487303002778916,-0.5645771312578557,0.471563981042654,0.13818620031955195,239,128,422,step1,1
0,42,partial_iv_anp,CALCE_CS2_33,0.75,238,238,238,ok,,0.12664851440077365,0.00375269194386052,-0.5671816891977305,0.46919431279620855,0.13950423388077704,239,128,422,step1,1
0,42,partial_iv_anp,CALCE_CS2_33,1.0,238,238,238,ok,,0.12405016904258509,0.0037326966315688326,-0.5713329657566526,0.46208530805687204,0.14201855837241587,239,128,422,step1,1
0,42,partial_iv_anp,CALCE_CS2_33,0.0,239,239,239,ok,,0.08663116130692354,0.0016809639905711604,-1.5224468855014994,0.6935866983372921,0.16982450463409288,240,128,421,step1,1
0,42,partial_iv_anp,CALCE_CS2_33,0.25,239,239,239,ok,,0.1404078907420035,0.000569909882487285,-0.3798576925571265,0.5106888361045131,0.12050779154440854,240,128,421,step1,1
0,42,partial_iv_anp,CALCE_CS2_33,0.5,239,239,239,ok,,0.13783623622608487,0.000322261893798359,-0.4421577853148078,0.501187648456057,0.12502421314288675,240,128,421,step1,1
0,42,partial_iv_anp,CALCE_CS2_33,0.75,239,239,239,ok,,0.1370972558964674,0.0002620015281663557,-0.4548584149080492,0.49406175771971494,0.12617692421459992,240,128,421,step1,1
0,42,partial_iv_anp,CALCE_CS2_33,1.0,239,239,239,ok,,0.13499953523973443,0.0001111047642627927,-0.48811691617179037,0.4821852731591449,0.1293191203687333,240,128,421,step1,1
0,42,partial_iv_anp,CALCE_CS2_33,0.0,240,240,240,ok,,0.08683024981537613,0.0002160108948697781,-1.5258094964988405,0.6952380952380952,0.17000747676864433,241,128,420,step10,10
0,42,partial_iv_anp,CALCE_CS2_33,0.0,240,240,240,ok,,0.08683024981537613,0.0002160108948697781,-1.5258094964988405,0.6952380952380952,0.17000747676864433,241,128,420,step1,1
0,42,partial_iv_anp,CALCE_CS2_33,0.25,240,240,240,ok,,0.1421983230600798,0.0007298605332093366,-0.3191787251890687,0.5261904761904762,0.11715248349359066,241,128,420,step10,10
0,42,partial_iv_anp,CALCE_CS2_33,0.25,240,240,240,ok,,0.1421983230600798,0.0007298605332093366,-0.3191787251890687,0.5261904761904762,0.11715248349359066,241,128,420,step1,1
0,42,partial_iv_anp,CALCE_CS2_33,0.5,240,240,240,ok,,0.13974706250008903,0.0009898056283075274,-0.4004460096401443,0.5119047619047619,0.12199083435306295,241,128,420,step10,10
0,42,partial_iv_anp,CALCE_CS2_33,0.5,240,240,240,ok,,0.13974706250008903,0.0009898056283075274,-0.4004460096401443,0.5119047619047619,0.12199083435306295,241,128,420,step1,1
0,42,partial_iv_anp,CALCE_CS2_33,0.75,240,240,240,ok,,0.13796079714834011,0.001158416005129781,-0.44375695925510295,0.4928571428571429,0.12510141207502554,241,128,420,step10,10
0,42,partial_iv_anp,CALCE_CS2_33,0.75,240,240,240,ok,,0.13796079714834011,0.001158416005129781,-0.44375695925510295,0.4928571428571429,0.12510141207502554,241,128,420,step1,1
0,42,partial_iv_anp,CALCE_CS2_33,1.0,240,240,240,ok,,0.13452928566235517,0.0013972109150457435,-0.5000819807487612,0.4666666666666667,0.13026802140289767,241,128,420,step10,10
0,42,partial_iv_anp,CALCE_CS2_33,1.0,240,240,240,ok,,0.13452928566235517,0.0013972109150457435,-0.5000819807487612,0.4666666666666667,0.13026802140289767,241,128,420,step1,1
0,42,partial_iv_anp,CALCE_CS2_33,0.0,241,241,241,ok,,0.08698714924301444,0.005399065261471492,-1.5237672941575036,0.6945107398568019,0.16999508354248094,242,128,419,step1,1
0,42,partial_iv_anp,CALCE_CS2_33,0.25,241,241,241,ok,,0.13128452864349993,0.003590566978059928,-0.5516123952162755,0.4701670644391408,0.13489957216183263,242,128,419,step1,1
0,42,partial_iv_anp,CALCE_CS2_33,0.5,241,241,241,ok,,0.1278005698738239,0.0035634251575397125,-0.5622543571497378,0.4701670644391408,0.1386068877014474,242,128,419,step1,1
0,42,partial_iv_anp,CALCE_CS2_33,0.75,241,241,241,ok,,0.12816193140464202,0.0035707853864810346,-0.5573800277027453,0.4701670644391408,0.1381678917406972,242,128,419,step1,1
0,42,partial_iv_anp,CALCE_CS2_33,1.0,241,241,241,ok,,0.126562870492053,0.0035768171388306236,-0.5604020822984389,0.4630071599045346,0.13976573766131437,242,128,419,step1,1
0,42,partial_iv_anp,CALCE_CS2_33,0.0,242,242,242,ok,,0.08709620215738226,0.008188888243809811,-1.5108507413586094,0.7009569377990431,0.17020111954550798,243,128,418,step1,1
0,42,partial_iv_anp,CALCE_CS2_33,0.25,242,242,242,ok,,0.14109384019306703,0.007052669764327613,-0.36022181432870803,0.5167464114832536,0.12036563667897955,243,128,418,step1,1
0,42,partial_iv_anp,CALCE_CS2_33,0.5,242,242,242,ok,,0.13842744946668314,0.006815164279046049,-0.42494960642360974,0.49521531100478466,0.1250377883222639,243,128,418,step1,1
0,42,partial_iv_anp,CALCE_CS2_33,0.75,242,242,242,ok,,0.13763889185263925,0.006755845065590238,-0.4384781947665061,0.4880382775119617,0.12626426277749433,243,128,418,step1,1
0,42,partial_iv_anp,CALCE_CS2_33,1.0,242,242,242,ok,,0.13563148061270575,0.006623313017243171,-0.4697569795899428,0.47129186602870815,0.12925672724760737,243,128,418,step1,1
0,42,partial_iv_anp,CALCE_CS2_33,0.0,243,243,243,ok,,0.08728129705722251,0.008349339424729374,-1.5141352898457971,0.6954436450839329,0.1706892068537713,244,128,417,step1,1
0,42,partial_iv_anp,CALCE_CS2_33,0.25,243,243,243,ok,,0.1431675463991031,0.00739364926947339,-0.28548342053013903,0.5299760191846523,0.11648914970080045,244,128,417,step1,1
0,42,partial_iv_anp,CALCE_CS2_33,0.5,243,243,243,ok,,0.14080375373434095,0.007161218763581334,-0.3691268586399109,0.5107913669064749,0.12126412429741366,244,128,417,step1,1
0,42,partial_iv_anp,CALCE_CS2_33,0.75,243,243,243,ok,,0.13977741888486403,0.007067195850556152,-0.3962197900097932,0.5059952038369304,0.12311190665421508,244,128,417,step1,1
0,42,partial_iv_anp,CALCE_CS2_33,1.0,243,243,243,ok,,0.1376560821654485,0.006898620265477606,-0.4416750224680389,0.47721822541966424,0.12664169283258594,244,128,417,step1,1
0,42,partial_iv_anp,CALCE_CS2_33,0.0,244,244,244,ok,,0.08745571587649902,0.008324897880141013,-1.513770923419717,0.6826923076923077,0.1708254960379096,245,128,416,step1,1
0,42,partial_iv_anp,CALCE_CS2_33,0.25,244,244,244,ok,,0.14361923735956908,0.007372713170600065,-0.2717327868796185,0.5240384615384616,0.11597710549188085,245,128,416,step1,1
0,42,partial_iv_anp,CALCE_CS2_33,0.5,244,244,244,ok,,0.14133596880331745,0.00715409818222934,-0.3565828999664425,0.5048076923076923,0.12066254242694814,245,128,416,step1,1
0,42,partial_iv_anp,CALCE_CS2_33,0.75,244,244,244,ok,,0.14055154691793684,0.007083743595610925,-0.37813416822889007,0.5048076923076923,0.12209225554916427,245,128,416,step1,1
0,42,partial_iv_anp,CALCE_CS2_33,1.0,244,244,244,ok,,0.1386372966809199,0.006926754016296721,-0.42365006105049496,0.4855769230769231,0.12539634047833711,245,128,416,step1,1
0,42,partial_iv_anp,CALCE_CS2_33,0.0,245,245,245,ok,,0.08753140333011053,0.009088599710736167,-1.4974274937582002,0.6843373493975904,0.17136637783860492,246,128,415,step1,1
0,42,partial_iv_anp,CALCE_CS2_33,0.25,245,245,245,ok,,0.14474703793080762,0.008261699716260562,-0.19470114052185974,0.5108433734939759,0.11371738912037391,246,128,415,step1,1
0,42,partial_iv_anp,CALCE_CS2_33,0.5,245,245,245,ok,,0.1427685824859605,0.008071140009198285,-0.28684208679672235,0.5012048192771085,0.11822375673376329,246,128,415,step1,1
0,42,partial_iv_anp,CALCE_CS2_33,0.75,245,245,245,ok,,0.14204014646298077,0.008000165206490717,-0.3125707981819468,0.4891566265060241,0.11970366772129086,246,128,415,step1,1
0,42,partial_iv_anp,CALCE_CS2_33,1.0,245,245,245,ok,,0.14031518396530768,0.007840174661749355,-0.3648322401985792,0.4843373493975904,0.12301413272615565,246,128,415,step1,1
0,42,partial_iv_anp,CALCE_CS2_33,0.0,246,246,246,ok,,0.08773612588062323,0.008909465450680942,-1.5003789542205748,0.6835748792270532,0.17170587985727864,247,128,414,step1,1
0,42,partial_iv_anp,CALCE_CS2_33,0.25,246,246,246,ok,,0.14549993852370138,0.008104940097764302,-0.16127839885717762,0.5289855072463768,0.11238683332074341,247,128,414,step1,1
0,42,partial_iv_anp,CALCE_CS2_33,0.5,246,246,246,ok,,0.14379074838521105,0.007953829258129708,-0.25147844618828163,0.5096618357487923,0.11646916801489032,247,128,414,step1,1
0,42,partial_iv_anp,CALCE_CS2_33,0.75,246,246,246,ok,,0.14314220760599256,0.007892269882383007,-0.2782918457246289,0.4975845410628019,0.11786820776779006,247,128,414,step1,1
0,42,partial_iv_anp,CALCE_CS2_33,1.0,246,246,246,ok,,0.14134510262089067,0.007722894442211192,-0.3420677037494832,0.48792270531400966,0.12153768396408798,247,128,414,step1,1
0,42,partial_iv_anp,CALCE_CS2_33,0.0,247,247,247,ok,,0.08789576872340323,0.008931691991490798,-1.4975101407823403,0.6828087167070218,0.17252880814110122,248,128,413,step1,1
0,42,partial_iv_anp,CALCE_CS2_33,0.25,247,247,247,ok,,0.14610843294036543,0.00814110073203922,-0.12665883912428108,0.5230024213075061,0.11159654162224121,248,128,413,step1,1
0,42,partial_iv_anp,CALCE_CS2_33,0.5,247,247,247,ok,,0.14409375279964168,0.007970086174704516,-0.24183498077241095,0.49878934624697335,0.11659879520186317,248,128,413,step1,1
0,42,partial_iv_anp,CALCE_CS2_33,0.75,247,247,247,ok,,0.143282083881445,0.007893604690967226,-0.2763598410917811,0.4891041162227603,0.11837701379495873,248,128,413,step1,1
0,42,partial_iv_anp,CALCE_CS2_33,1.0,247,247,247,ok,,0.14153092973132253,0.007734450213134569,-0.33763634247652347,0.47699757869249393,0.12193914991559837,248,128,413,step1,1
0,42,partial_iv_anp,CALCE_CS2_33,0.0,248,248,248,ok,,0.08807989908581736,0.00872184946123944,-1.497637568165841,0.6941747572815534,0.17224649135347694,249,128,412,step1,1
0,42,partial_iv_anp,CALCE_CS2_33,0.25,248,248,248,ok,,0.14620566688100642,0.007887635745153054,-0.1356588382147993,0.5364077669902912,0.11186575153186347,249,128,412,step1,1
0,42,partial_iv_anp,CALCE_CS2_33,0.5,248,248,248,ok,,0.1444171748758531,0.007746098315398631,-0.2351522142140062,0.5024271844660194,0.11620646885975419,249,128,412,step1,1
0,42,partial_iv_anp,CALCE_CS2_33,0.75,248,248,248,ok,,0.14367452772760061,0.0076800131727919885,-0.26716913370173767,0.4975728155339806,0.1178282473293445,249,128,412,step1,1
0,42,partial_iv_anp,CALCE_CS2_33,1.0,248,248,248,ok,,0.1418901595962486,0.007523356955188021,-0.33136690450533546,0.49271844660194175,0.12147241007391484,249,128,412,step1,1
0,42,partial_iv_anp,CALCE_CS2_33,0.0,249,249,249,ok,,0.08817277124930921,0.008802361387123758,-1.4831114377707015,0.6763990267639902,0.17286024054075694,250,128,411,step1,1
0,42,partial_iv_anp,CALCE_CS2_33,0.25,249,249,249,ok,,0.1464824508898385,0.00798566531413325,-0.10861304694678411,0.5255474452554745,0.11176074628382276,250,128,411,step1,1
0,42,partial_iv_anp,CALCE_CS2_33,0.5,249,249,249,ok,,0.14463568915163116,0.007843740914981745,-0.2139803539156151,0.5109489051094891,0.11633587967145366,250,128,411,step1,1
0,42,partial_iv_anp,CALCE_CS2_33,0.75,249,249,249,ok,,0.14391298788505755,0.007780337931821868,-0.2454548316348972,0.49148418491484186,0.1179349933737803,250,128,411,step1,1
0,42,partial_iv_anp,CALCE_CS2_33,1.0,249,249,249,ok,,0.14224004890686984,0.0076344146122189205,-0.30667161090634,0.48175182481751827,0.12140791348306851,250,128,411,step1,1
0,42,partial_iv_anp,CALCE_CS2_33,0.0,250,250,250,ok,,0.08836443673465888,0.008896683506142034,-1.4839605754780372,0.6926829268292682,0.1730707710679231,251,128,410,step10,10
0,42,partial_iv_anp,CALCE_CS2_33,0.0,250,250,250,ok,,0.08836443673465888,0.008896683506142034,-1.4839605754780372,0.6926829268292682,0.1730707710679231,251,128,410,step1,1
0,42,partial_iv_anp,CALCE_CS2_33,0.25,250,250,250,ok,,0.1472922839466855,0.008088504665088703,-0.05984959757794411,0.5341463414634147,0.11017165367010108,251,128,410,step10,10
0,42,partial_iv_anp,CALCE_CS2_33,0.25,250,250,250,ok,,0.1472922839466855,0.008088504665088703,-0.05984959757794411,0.5341463414634147,0.11017165367010108,251,128,410,step1,1
0,42,partial_iv_anp,CALCE_CS2_33,0.5,250,250,250,ok,,0.14558984163007493,0.007980565054470756,-0.1721921989798409,0.5121951219512195,0.1146358699819957,251,128,410,step10,10
0,42,partial_iv_anp,CALCE_CS2_33,0.5,250,250,250,ok,,0.14558984163007493,0.007980565054470756,-0.1721921989798409,0.5121951219512195,0.1146358699819957,251,128,410,step1,1
0,42,partial_iv_anp,CALCE_CS2_33,0.75,250,250,250,ok,,0.1447954362416788,0.007914810078413992,-0.21278507603038418,0.5048780487804878,0.11650935305775414,251,128,410,step10,10
0,42,partial_iv_anp,CALCE_CS2_33,0.75,250,250,250,ok,,0.1447954362416788,0.007914810078413992,-0.21278507603038418,0.5048780487804878,0.11650935305775414,251,128,410,step1,1
0,42,partial_iv_anp,CALCE_CS2_33,1.0,250,250,250,ok,,0.14305553418011588,0.007767003034386932,-0.2847997627659389,0.4853658536585366,0.12029464569943756,251,128,410,step10,10
0,42,partial_iv_anp,CALCE_CS2_33,1.0,250,250,250,ok,,0.14305553418011588,0.007767003034386932,-0.2847997627659389,0.4853658536585366,0.12029464569943756,251,128,410,step1,1
0,42,partial_iv_anp,CALCE_CS2_33,0.0,251,251,251,ok,,0.08857411469433726,0.009008708635801055,-1.4875199441022384,0.6748166259168704,0.17281751554304572,252,128,409,step1,1
0,42,partial_iv_anp,CALCE_CS2_33,0.25,251,251,251,ok,,0.14779355453787899,0.00817233996169442,-0.03940130975455098,0.5403422982885085,0.10932651041703563,252,128,409,step1,1
0,42,partial_iv_anp,CALCE_CS2_33,0.5,251,251,251,ok,,0.1460800584160677,0.008079722919140386,-0.15895807897157507,0.4938875305623472,0.11387875934636059,252,128,409,step1,1
0,42,partial_iv_anp,CALCE_CS2_33,0.75,251,251,251,ok,,0.1453617188662461,0.008025490755680265,-0.19750858915861585,0.4963325183374083,0.1155875096528463,252,128,409,step1,1
0,42,partial_iv_anp,CALCE_CS2_33,1.0,251,251,251,ok,,0.14368570980049894,0.007890685528386787,-0.271695484517348,0.48166259168704156,0.11929954112021278,252,128,409,step1,1
0,42,partial_iv_anp,CALCE_CS2_33,0.0,252,252,252,ok,,0.0887510819876303,0.009249421133075031,-1.4852825472923963,0.6862745098039216,0.17311246537443487,253,128,408,step1,1
0,42,partial_iv_anp,CALCE_CS2_33,0.25,252,252,252,ok,,0.1481201316511458,0.008391441460688154,-0.02547456692171203,0.5367647058823529,0.10914399087562063,253,128,408,step1,1
0,42,partial_iv_anp,CALCE_CS2_33,0.5,252,252,252,ok,,0.1464252863280068,0.008310767216783255,-0.1465403105226566,0.5245098039215687,0.11367808780620205,253,128,408,step1,1
0,42,partial_iv_anp,CALCE_CS2_33,0.75,252,252,252,ok,,0.14572268322326828,0.008261249689650696,-0.18514434214160963,0.5196078431372549,0.11536027904188129,253,128,408,step1,1
0,42,partial_iv_anp,CALCE_CS2_33,1.0,252,252,252,ok,,0.14407964923066216,0.008135216597071837,-0.25993943738885594,0.49019607843137253,0.11903295423261046,253,128,408,step1,1
0,42,partial_iv_anp,CALCE_CS2_33,0.0,253,253,253,ok,,0.08882252102133266,0.0069421591043830055,-1.4662045664839036,0.6756756756756757,0.17395716365355465,254,128,407,step1,1
0,42,partial_iv_anp,CALCE_CS2_33,0.25,253,253,253,ok,,0.1481942910999211,0.006098723446034682,-0.008329153523776755,0.5454545454545454,0.10965315125231258,254,128,407,step1,1
0,42,partial_iv_anp,CALCE_CS2_33,0.5,253,253,253,ok,,0.1466025554562749,0.006027375874641638,-0.12092187591352657,0.5208845208845209,0.11394471064203597,254,128,407,step1,1
0,42,partial_iv_anp,CALCE_CS2_33,0.75,253,253,253,ok,,0.14575013580857074,0.005967459166236089,-0.168143888637016,0.515970515970516,0.11602884706678504,254,128,407,step1,1
0,42,partial_iv_anp,CALCE_CS2_33,1.0,253,253,253,ok,,0.1431355394650697,0.005768045670366151,-0.27569149305322976,0.4987714987714988,0.12171724678834049,254,128,407,step1,1
0,42,partial_iv_anp,CALCE_CS2_33,0.0,254,254,254,ok,,0.08902384049342739,0.0015545132594103617,-1.4669459999545025,0.6773399014778325,0.1741088574381972,255,128,406,step1,1
0,42,partial_iv_anp,CALCE_CS2_33,0.25,254,254,254,ok,,0.1395466634109389,5.591249502889806e-05,-0.38681021433301144,0.4876847290640394,0.12880766585226006,255,128,406,step1,1
0,42,partial_iv_anp,CALCE_CS2_33,0.5,254,254,254,ok,,0.1350913573105547,7.490765750739481e-05,-0.4332449234273396,0.46551724137931033,0.13485695696247577,255,128,406,step1,1
0,42,partial_iv_anp,CALCE_CS2_33,0.75,254,254,254,ok,,0.1337744571788776,9.091682998885187e-05,-0.44067241435208626,0.47044334975369456,0.1364322832830612,255,128,406,step1,1
0,42,partial_iv_anp,CALCE_CS2_33,1.0,254,254,254,ok,,0.13086603981043174,9.431577036533856e-05,-0.4534211256979832,0.458128078817734,0.13972327571424095,255,128,406,step1,1
0,42,partial_iv_anp,CALCE_CS2_33,0.0,255,255,255,ok,,0.08943641950976018,0.0007698196927888867,-1.4905467297099924,0.6864197530864198,0.1739488062025971,256,128,405,step1,1
0,42,partial_iv_anp,CALCE_CS2_33,0.25,255,255,255,ok,,0.1396831055030734,0.0007694519102732222,-0.41550920391910573,0.5037037037037037,0.12878931912976155,256,128,405,step1,1
0,42,partial_iv_anp,CALCE_CS2_33,0.5,255,255,255,ok,,0.13484474893717713,0.0008762423282868692,-0.46488929151393416,0.47160493827160493,0.13518961253981476,256,128,405,step1,1
0,42,partial_iv_anp,CALCE_CS2_33,0.75,255,255,255,ok,,0.13336258568577264,0.0008832276584358478,-0.47289819080661244,0.4740740740740741,0.1369153852534889,256,128,405,step1,1
0,42,partial_iv_anp,CALCE_CS2_33,1.0,255,255,255,ok,,0.13026641146694412,0.0008625965092717847,-0.4850361588990509,0.4666666666666667,0.14030401970782794,256,128,405,step1,1
0,42,partial_iv_anp,CALCE_CS2_33,0.0,256,256,256,ok,,0.08954851251692127,0.00021359306719470617,-1.484922782700464,0.6856435643564357,0.17425192440776902,257,128,404,step1,1
0,42,partial_iv_anp,CALCE_CS2_33,0.25,256,256,256,ok,,0.1382485825006061,0.0018042712470807132,-0.43227677325765596,0.48267326732673266,0.1313512914961243,257,128,404,step1,1
0,42,partial_iv_anp,CALCE_CS2_33,0.5,256,256,256,ok,,0.1333005900600679,0.0018611110162508604,-0.4695257861815579,0.47277227722772275,0.13746973773014104,257,128,404,step1,1
0,42,partial_iv_anp,CALCE_CS2_33,0.75,256,256,256,ok,,0.1320638871885947,0.001854368163256015,-0.4735370582209198,0.47029702970297027,0.13882575424713875,257,128,404,step1,1
0,42,partial_iv_anp,CALCE_CS2_33,1.0,256,256,256,ok,,0.12910684597253866,0.0018120862538184568,-0.4813312189514905,0.4603960396039604,0.14191796775156235,257,128,404,step1,1
0,42,partial_iv_anp,CALCE_CS2_33,0.0,257,257,257,ok,,0.0897592139788448,0.003004766809836079,-1.4849447286174524,0.6873449131513648,0.17405571120636854,258,128,403,step1,1
0,42,partial_iv_anp,CALCE_CS2_33,0.25,257,257,257,ok,,0.1429475745966116,0.0016135283971364656,-0.34305901749755907,0.49627791563275436,0.12416677765877507,258,128,403,step1,1
0,42,partial_iv_anp,CALCE_CS2_33,0.5,257,257,257,ok,,0.14013428757892038,0.001503875470635907,-0.3939524804800526,0.48635235732009924,0.12851399221643695,258,128,403,step1,1
0,42,partial_iv_anp,CALCE_CS2_33,0.75,257,257,257,ok,,0.1395564446261261,0.0014884808339592492,-0.4003894047658224,0.4913151364764268,0.1293046930613838,258,128,403,step1,1
0,42,partial_iv_anp,CALCE_CS2_33,1.0,257,257,257,ok,,0.13739003099291264,0.001432159035753111,-0.4269423474651852,0.47890818858560796,0.1322908390761659,258,128,403,step1,1
0,42,partial_iv_anp,CALCE_CS2_33,0.0,258,258,258,ok,,0.08985306822473964,0.005447809991003694,-1.4675679202247496,0.6840796019900498,0.1747740690632272,259,128,402,step1,1
0,42,partial_iv_anp,CALCE_CS2_33,0.25,258,258,258,ok,,0.1471319797299506,0.004327862332119015,-0.16559291293567252,0.5199004975124378,0.1162715162399531,259,128,402,step1,1
0,42,partial_iv_anp,CALCE_CS2_33,0.5,258,258,258,ok,,0.14452620578551884,0.004192628598345904,-0.26681997267720153,0.48507462686567165,0.12159455607496956,259,128,402,step1,1
0,42,partial_iv_anp,CALCE_CS2_33,0.75,258,258,258,ok,,0.14361096688211822,0.004144087370151817,-0.29230742994996467,0.48258706467661694,0.12324755480817128,259,128,402,step1,1
0,42,partial_iv_anp,CALCE_CS2_33,1.0,258,258,258,ok,,0.14148513497543563,0.00404144640013504,-0.34145669473048984,0.472636815920398,0.12685390340639152,259,128,402,step1,1
0,42,partial_iv_anp,CALCE_CS2_33,0.0,259,259,259,ok,,0.09001783368821459,0.00038254317927133297,-1.4602299911204324,0.6783042394014963,0.17533472937217567,260,128,401,step1,1
0,42,partial_iv_anp,CALCE_CS2_33,0.25,259,259,259,ok,,0.14092662980716025,0.001100418696190042,-0.3636614591133425,0.4688279301745636,0.12876236839582306,260,128,401,step1,1
0,42,partial_iv_anp,CALCE_CS2_33,0.5,259,259,259,ok,,0.13611709316988335,0.0012006437701065353,-0.4160584142184845,0.45885286783042395,0.13530077216381714,260,128,401,step1,1
0,42,partial_iv_anp,CALCE_CS2_33,0.75,259,259,259,ok,,0.13452258241399595,0.0012075630669455828,-0.4253778345402781,0.4488778054862843,0.1372049075664532,260,128,401,step1,1
0,42,partial_iv_anp,CALCE_CS2_33,1.0,259,259,259,ok,,0.1312193390951909,0.0011829056609599098,-0.43879708646428267,0.4488778054862843,0.14088983127083268,260,128,401,step1,1
0,42,partial_iv_anp,CALCE_CS2_33,0.0,260,260,260,ok,,0.0902689210871385,0.0006150033172738212,-1.467456271058944,0.6825,0.17520030273552334,261,128,400,step10,10
0,42,partial_iv_anp,CALCE_CS2_33,0.0,260,260,260,ok,,0.0902689210871385,0.0006150033172738212,-1.467456271058944,0.6825,0.17520030273552334,261,128,400,step1,1
0,42,partial_iv_anp,CALCE_CS2_33,0.25,260,260,260,ok,,0.1382174536473815,0.002195822652972579,-0.4146492936834779,0.4775,0.1328026855972942,261,128,400,step10,10
0,42,partial_iv_anp,CALCE_CS2_33,0.25,260,260,260,ok,,0.1382174536473815,0.002195822652972579,-0.4146492936834779,0.4775,0.1328026855972942,261,128,400,step1,1
0,42,partial_iv_anp,CALCE_CS2_33,0.5,260,260,260,ok,,0.13353203913308573,0.002204041314943783,-0.44429939207156766,0.45,0.1384140105134931,261,128,400,step10,10
0,42,partial_iv_anp,CALCE_CS2_33,0.5,260,260,260,ok,,0.13353203913308573,0.002204041314943783,-0.44429939207156766,0.45,0.1384140105134931,261,128,400,step1,1
0,42,partial_iv_anp,CALCE_CS2_33,0.75,260,260,260,ok,,0.13261809466954186,0.002191394871023822,-0.4459480576967638,0.45,0.13938639664749455,261,128,400,step10,10
0,42,partial_iv_anp,CALCE_CS2_33,0.75,260,260,260,ok,,0.13261809466954186,0.002191394871023822,-0.4459480576967638,0.45,0.13938639664749455,261,128,400,step1,1
0,42,partial_iv_anp,CALCE_CS2_33,1.0,260,260,260,ok,,0.12982967390920952,0.0021387073899927778,-0.4524612526783773,0.445,0.14228910102151615,261,128,400,step10,10
0,42,partial_iv_anp,CALCE_CS2_33,1.0,260,260,260,ok,,0.12982967390920952,0.0021387073899927778,-0.4524612526783773,0.445,0.14228910102151615,261,128,400,step1,1
0,42,partial_iv_anp,CALCE_CS2_33,0.0,261,261,261,ok,,0.0905212273461244,0.0012306717676761059,-1.4718981228758765,0.6716791979949874,0.1752031300458826,262,128,399,step1,1
0,42,partial_iv_anp,CALCE_CS2_33,0.25,261,261,261,ok,,0.13959009453837803,0.002783067313593901,-0.40292488646378605,0.47117794486215536,0.1311322828796692,262,128,399,step1,1
0,42,partial_iv_anp,CALCE_CS2_33,0.5,261,261,261,ok,,0.1339624232496069,0.002805584317288612,-0.44664545503773406,0.45112781954887216,0.13806496662686255,262,128,399,step1,1
0,42,partial_iv_anp,CALCE_CS2_33,0.75,261,261,261,ok,,0.13212972510673807,0.0027812411020523564,-0.45288862318006345,0.45363408521303256,0.14005354399176131,262,128,399,step1,1
0,42,partial_iv_anp,CALCE_CS2_33,1.0,261,261,261,ok,,0.12879979924130303,0.0027006861441265517,-0.4590914195781916,0.45112781954887216,0.14342458360988578,262,128,399,step1,1
0,42,partial_iv_anp,CALCE_CS2_33,0.0,262,262,262,ok,,0.09062555809216727,0.002750504758826322,-1.456302570410043,0.6708542713567839,0.1758843956242924,263,128,398,step1,1
0,42,partial_iv_anp,CALCE_CS2_33,0.25,262,262,262,ok,,0.1453060730942949,0.0014276165022707454,-0.260474349098783,0.47738693467336685,0.12245822624387197,263,128,398,step1,1
0,42,partial_iv_anp,CALCE_CS2_33,0.5,262,262,262,ok,,0.14187305223333432,0.0013090867108059845,-0.3368575127652641,0.46733668341708545,0.12811485336349046,263,128,398,step1,1
0,42,partial_iv_anp,CALCE_CS2_33,0.75,262,262,262,ok,,0.14097418090118208,0.0012860627416979575,-0.34987558211523834,0.4623115577889447,0.1294218217251602,263,128,398,step1,1
0,42,partial_iv_anp,CALCE_CS2_33,1.0,262,262,262,ok,,0.13861650177746576,0.0012386699960731384,-0.38007935032278845,0.45979899497487436,0.13272786277762194,263,128,398,step1,1
0,42,partial_iv_anp,CALCE_CS2_33,0.0,263,263,263,ok,,0.09080411169802051,0.004416203849780143,-1.448224436406202,0.6801007556675063,0.17621158936257433,264,128,397,step1,1
0,42,partial_iv_anp,CALCE_CS2_33,0.25,263,263,263,ok,,0.14766584124793616,0.003205922977821185,-0.16248680372902663,0.5062972292191436,0.11824910664847041,264,128,397,step1,1
0,42,partial_iv_anp,CALCE_CS2_33,0.5,263,263,263,ok,,0.14481512083532788,0.00309962070927694,-0.2588271213728054,0.47858942065491183,0.12369998476188204,264,128,397,step1,1
0,42,partial_iv_anp,CALCE_CS2_33,0.75,263,263,263,ok,,0.14396462797396353,0.0030686670626837165,-0.27894843962441973,0.47858942065491183,0.12513594610468406,264,128,397,step1,1
0,42,partial_iv_anp,CALCE_CS2_33,1.0,263,263,263,ok,,0.1418412293978789,0.0029985190964225694,-0.32209791316602054,0.47103274559193953,0.12854982119751024,264,128,397,step1,1
0,42,partial_iv_anp,CALCE_CS2_33,0.0,264,264,264,ok,,0.09097799683028389,0.0019946100682634027,-1.4420136054696118,0.702020202020202,0.17679187297573234,265,128,396,step1,1
0,42,partial_iv_anp,CALCE_CS2_33,0.25,264,264,264,ok,,0.13867763008775474,0.0035300836909464284,-0.37966890792020797,0.45454545454545453,0.13409039315854504,265,128,396,step1,1
0,42,partial_iv_anp,CALCE_CS2_33,0.5,264,264,264,ok,,0.13374990628162767,0.003506319509734457,-0.4073984445912716,0.4444444444444444,0.13994265520464091,265,128,396,step1,1
0,42,partial_iv_anp,CALCE_CS2_33,0.75,264,264,264,ok,,0.13261675888967556,0.003484276454796653,-0.4092341096391666,0.44696969696969696,0.14114389585409867,265,128,396,step1,1
0,42,partial_iv_anp,CALCE_CS2_33,1.0,264,264,264,ok,,0.12932846047373722,0.0033984533878000933,-0.4142364538232305,0.4292929292929293,0.1445009746787385,265,128,396,step1,1
0,42,partial_iv_anp,CALCE_CS2_33,0.0,265,265,265,ok,,0.09124810037463357,0.0027935617450969286,-1.4494997712024364,0.6987341772151898,0.17655130315152873,266,128,395,step1,1
0,42,partial_iv_anp,CALCE_CS2_33,0.25,265,265,265,ok,,0.13800550878864784,0.004331914562103578,-0.3962944908945115,0.4607594936708861,0.13494292847130726,266,128,395,step1,1
0,42,partial_iv_anp,CALCE_CS2_33,0.5,265,265,265,ok,,0.13182438556821216,0.004250224612284859,-0.4240015816642478,0.43544303797468353,0.14192901678581837,266,128,395,step1,1
0,42,partial_iv_anp,CALCE_CS2_33,0.75,265,265,265,ok,,0.1302500132844837,0.004203421551218334,-0.4250975488941533,0.4278481012658228,0.1435029520528209,266,128,395,step1,1
0,42,partial_iv_anp,CALCE_CS2_33,1.0,265,265,265,ok,,0.12698522597169717,0.004080187418941894,-0.4250826657459081,0.4253164556962025,0.14658003108438444,266,128,395,step1,1
0,42,partial_iv_anp,CALCE_CS2_33,0.0,266,266,266,ok,,0.09147275327723511,0.003203187287450504,-1.44919058742219,0.6903553299492385,0.17628583944096685,267,128,394,step1,1
0,42,partial_iv_anp,CALCE_CS2_33,0.25,266,266,266,ok,,0.1373966736998488,0.00473151262681637,-0.40166277971484066,0.4517766497461929,0.13570230271413325,267,128,394,step1,1
0,42,partial_iv_anp,CALCE_CS2_33,0.5,266,266,266,ok,,0.131334709672062,0.0046218948470773125,-0.4240194553488591,0.4365482233502538,0.14235719130454075,267,128,394,step1,1
0,42,partial_iv_anp,CALCE_CS2_33,0.75,266,266,266,ok,,0.12982162760039512,0.0045709217469825925,-0.4242959303026661,0.4365482233502538,0.1438328759758776,267,128,394,step1,1
0,42,partial_iv_anp,CALCE_CS2_33,1.0,266,266,266,ok,,0.1265213459240411,0.00443551795968522,-0.4231790533293144,0.43908629441624364,0.14687947560836828,267,128,394,step1,1
0,42,partial_iv_anp,CALCE_CS2_33,0.0,267,267,267,ok,,0.09158576608073724,0.0019738871545041947,-1.43355723991117,0.6921119592875318,0.17677405846084968,268,128,393,step1,1
0,42,partial_iv_anp,CALCE_CS2_33,0.25,267,267,267,ok,,0.1465116225772052,0.0006495596558047101,-0.218324299643682,0.4580152671755725,0.12250672208069681,268,128,393,step1,1
0,42,partial_iv_anp,CALCE_CS2_33,0.5,267,267,267,ok,,0.14295898007253488,0.0005666693908187304,-0.2981190295661505,0.4580152671755725,0.12830250747910604,268,128,393,step1,1
0,42,partial_iv_anp,CALCE_CS2_33,0.75,267,267,267,ok,,0.14215037262201485,0.0005541035359382107,-0.3095820837634546,0.4580152671755725,0.1294648760805528,268,128,393,step1,1
0,42,partial_iv_anp,CALCE_CS2_33,1.0,267,267,267,ok,,0.1398305727759022,0.0005258245934181005,-0.33969745771252524,0.44783715012722647,0.13270942702219504,268,128,393,step1,1
0,42,partial_iv_anp,CALCE_CS2_33,0.0,268,268,268,ok,,0.09179066888616247,0.003800041830014811,-1.4290793208548007,0.6913265306122449,0.176945725212727,269,128,392,step1,1
0,42,partial_iv_anp,CALCE_CS2_33,0.25,268,268,268,ok,,0.13750353511190266,0.0052895431332733445,-0.37514650596459465,0.44387755102040816,0.1364430301379203,269,128,392,step1,1
0,42,partial_iv_anp,CALCE_CS2_33,0.5,268,268,268,ok,,0.13135225344105442,0.005161972103603252,-0.395006336318865,0.4260204081632653,0.1431532174497688,269,128,392,step1,1
0,42,partial_iv_anp,CALCE_CS2_33,0.75,268,268,268,ok,,0.12982956072706206,0.005106875471810879,-0.3946868315383132,0.43112244897959184,0.14462853237791395,269,128,392,step1,1
0,42,partial_iv_anp,CALCE_CS2_33,1.0,268,268,268,ok,,0.1266091782854241,0.004968261258586848,-0.3923773386818419,0.4260204081632653,0.14758660497200965,269,128,392,step1,1
0,42,partial_iv_anp,CALCE_CS2_33,0.0,269,269,269,ok,,0.09203502257960149,0.0029262349426242285,-1.4331276121722227,0.6930946291560103,0.17670407584612757,270,128,391,step1,1
0,42,partial_iv_anp,CALCE_CS2_33,0.25,269,269,269,ok,,0.1401796188921427,0.004401637069143427,-0.35355492586831744,0.4424552429667519,0.13298557369605082,270,128,391,step1,1
0,42,partial_iv_anp,CALCE_CS2_33,0.5,269,269,269,ok,,0.134469636522051,0.004336423850242688,-0.388660400378334,0.4296675191815857,0.1397095711440538,270,128,391,step1,1
0,42,partial_iv_anp,CALCE_CS2_33,0.75,269,269,269,ok,,0.13290309540190542,0.004295854546651823,-0.3919167288603768,0.42455242966751916,0.14135300789212024,270,128,391,step1,1
0,42,partial_iv_anp,CALCE_CS2_33,1.0,269,269,269,ok,,0.12966468518461396,0.004187005380440589,-0.3954736710680221,0.41687979539641945,0.14455761643926107,270,128,391,step1,1
0,42,partial_iv_anp,CALCE_CS2_33,0.0,270,270,270,ok,,0.0922748761777872,0.003656539145130755,-1.4338638135459187,0.6794871794871795,0.17676214951624195,271,128,390,step10,10
0,42,partial_iv_anp,CALCE_CS2_33,0.0,270,270,270,ok,,0.0922748761777872,0.003656539145130755,-1.4338638135459187,0.6794871794871795,0.17676214951624195,271,128,390,step1,1
0,42,partial_iv_anp,CALCE_CS2_33,0.25,270,270,270,ok,,0.13917571797141162,0.005122539335364329,-0.36578391651017456,0.441025641025641,0.13450104219001413,271,128,390,step10,10
0,42,partial_iv_anp,CALCE_CS2_33,0.25,270,270,270,ok,,0.13917571797141162,0.005122539335364329,-0.36578391651017456,0.441025641025641,0.13450104219001413,271,128,390,step1,1
0,42,partial_iv_anp,CALCE_CS2_33,0.5,270,270,270,ok,,0.13363741953887195,0.005023478364799883,-0.3922871653111694,0.4358974358974359,0.14076574937944902,271,128,390,step10,10
0,42,partial_iv_anp,CALCE_CS2_33,0.5,270,270,270,ok,,0.13363741953887195,0.005023478364799883,-0.3922871653111694,0.4358974358974359,0.14076574937944902,271,128,390,step1,1
0,42,partial_iv_anp,CALCE_CS2_33,0.75,270,270,270,ok,,0.13239503198691058,0.004984044053102044,-0.3933332132648199,0.4307692307692308,0.14202084045549418,271,128,390,step10,10
0,42,partial_iv_anp,CALCE_CS2_33,0.75,270,270,270,ok,,0.13239503198691058,0.004984044053102044,-0.3933332132648199,0.4307692307692308,0.14202084045549418,271,128,390,step1,1
0,42,partial_iv_anp,CALCE_CS2_33,1.0,270,270,270,ok,,0.12913505840860048,0.004862356378343535,-0.39546193368280935,0.4230769230769231,0.14517900336477363,271,128,390,step10,10
0,42,partial_iv_anp,CALCE_CS2_33,1.0,270,270,270,ok,,0.12913505840860048,0.004862356378343535,-0.39546193368280935,0.4230769230769231,0.14517900336477363,271,128,390,step1,1
0,42,partial_iv_anp,CALCE_CS2_33,0.0,271,271,271,ok,,0.09237653196145865,0.0025503412039185047,-1.4142302588309268,0.6812339331619537,0.177686466328894,272,128,389,step1,1
0,42,partial_iv_anp,CALCE_CS2_33,0.25,271,271,271,ok,,0.13725763551915332,0.00398030637784863,-0.35775585698731016,0.4370179948586118,0.13774280563501112,272,128,389,step1,1
0,42,partial_iv_anp,CALCE_CS2_33,0.5,271,271,271,ok,,0.13322831279985192,0.0038793197907598387,-0.3673564070193875,0.4370179948586118,0.14209630921845248,272,128,389,step1,1
0,42,partial_iv_anp,CALCE_CS2_33,0.75,271,271,271,ok,,0.13337160561062433,0.0038761359911678728,-0.36356417153241194,0.43444730077120824,0.14188503686661935,272,128,389,step1,1
0,42,partial_iv_anp,CALCE_CS2_33,1.0,271,271,271,ok,,0.1312537803371158,0.003805156573228663,-0.3653489686709267,0.43444730077120824,0.1440154883433202,272,128,389,step1,1
0,42,partial_iv_anp,CALCE_CS2_33,0.0,272,272,272,ok,,0.09261840971076805,0.0010850580417881561,-1.4161275921913483,0.6778350515463918,0.17754691741141204,273,128,388,step1,1
0,42,partial_iv_anp,CALCE_CS2_33,0.25,272,272,272,ok,,0.14791016279699468,0.00023764809063808734,-0.17537613597019494,0.4742268041237113,0.12221417198511746,273,128,388,step1,1
0,42,partial_iv_anp,CALCE_CS2_33,0.5,272,272,272,ok,,0.1441091600272631,0.00028223868080123893,-0.26396471353251,0.4536082474226804,0.1283591811324815,273,128,388,step1,1
0,42,partial_iv_anp,CALCE_CS2_33,0.75,272,272,272,ok,,0.14313108634280078,0.0002884727932946918,-0.27845654760964716,0.45103092783505155,0.1297559412522471,273,128,388,step1,1
0,42,partial_iv_anp,CALCE_CS2_33,1.0,272,272,272,ok,,0.14052097625544688,0.00029477826436463683,-0.3115567270819377,0.4484536082474227,0.13332969257190427,273,128,388,step1,1
0,42,partial_iv_anp,CALCE_CS2_33,0.0,273,273,273,ok,,0.09283795084329752,0.0028671547539764752,-1.4110014755997253,0.6821705426356589,0.17808796020274156,274,128,387,step1,1
0,42,partial_iv_anp,CALCE_CS2_33,0.25,273,273,273,ok,,0.14304467332212287,0.004265379561878335,-0.2885117352433142,0.4418604651162791,0.1307369162208839,274,128,387,step1,1
0,42,partial_iv_anp,CALCE_CS2_33,0.5,273,273,273,ok,,0.13694449802051964,0.004214459714452223,-0.3422744360170024,0.43410852713178294,0.13845239106884785,274,128,387,step1,1
0,42,partial_iv_anp,CALCE_CS2_33,0.75,273,273,273,ok,,0.13509536202455671,0.004172650688718638,-0.34909657159970336,0.42377260981912146,0.14050641623033794,274,128,387,step1,1
0,42,partial_iv_anp,CALCE_CS2_33,1.0,273,273,273,ok,,0.13142898153154772,0.00405580829683605,-0.3561757464657539,0.42118863049095606,0.14430240062816238,274,128,387,step1,1
0,42,partial_iv_anp,CALCE_CS2_33,0.0,274,274,274,ok,,0.09315896307036278,0.0043120118698058985,-1.424396251002315,0.6865284974093264,0.1771305810996527,275,128,386,step1,1
0,42,partial_iv_anp,CALCE_CS2_33,0.25,274,274,274,ok,,0.13896317703378827,0.005700648002062714,-0.35471065970047866,0.44041450777202074,0.13568003810159174,275,128,386,step1,1
0,42,partial_iv_anp,CALCE_CS2_33,0.5,274,274,274,ok,,0.13320379446051994,0.005544670223466608,-0.376131907110534,0.42487046632124353,0.14194017306956488,275,128,386,step1,1
0,42,partial_iv_anp,CALCE_CS2_33,0.75,274,274,274,ok,,0.13201934362364742,0.005496913939618486,-0.3760006950465787,0.41968911917098445,0.14309320188202762,275,128,386,step1,1
0,42,partial_iv_anp,CALCE_CS2_33,1.0,274,274,274,ok,,0.12876234925443006,0.005352180284649011,-0.3759018653710499,0.4067357512953368,0.14615075345264747,275,128,386,step1,1
0,42,partial_iv_anp,CALCE_CS2_33,0.0,275,275,275,ok,,0.0933077645690594,0.004665307824352927,-1.4096399439221463,0.6805194805194805,0.17814558804759484,276,128,385,step1,1
0,42,partial_iv_anp,CALCE_CS2_33,0.25,275,275,275,ok,,0.13956166219316798,0.006032814362459726,-0.33041851776797226,0.43896103896103894,0.13584168771337082,276,128,385,step1,1
0,42,partial_iv_anp,CALCE_CS2_33,0.5,275,275,275,ok,,0.13344336962736345,0.005871660779419363,-0.3541860667701882,0.42857142857142855,0.14261642101021585,276,128,385,step1,1
0,42,partial_iv_anp,CALCE_CS2_33,0.75,275,275,275,ok,,0.13194698722475226,0.005812227605251463,-0.3545647986397837,0.42597402597402595,0.1440994654963298,276,128,385,step1,1
0,42,partial_iv_anp,CALCE_CS2_33,1.0,275,275,275,ok,,0.12849530062519215,0.005654694848710284,-0.3534477223021728,0.4103896103896104,0.14734537315044555,276,128,385,step1,1
0,42,partial_iv_anp,CALCE_CS2_33,0.0,276,276,276,ok,,0.09345889494253017,0.0009476680179038022,-1.3988093309774436,0.6875,0.17872379503198008,277,128,384,step1,1
0,42,partial_iv_anp,CALCE_CS2_33,0.25,276,276,276,ok,,0.1464527631473509,0.002288570232433007,-0.21174384199006058,0.4583333333333333,0.12663260030499232,277,128,384,step1,1
0,42,partial_iv_anp,CALCE_CS2_33,0.5,276,276,276,ok,,0.14207928854634236,0.002278459680627898,-0.2787999329545625,0.4375,0.13288349302186966,277,128,384,step1,1
0,42,partial_iv_anp,CALCE_CS2_33,0.75,276,276,276,ok,,0.14117491483412167,0.0022680988412767666,-0.2864205039524637,0.4322916666666667,0.13402363448851437,277,128,384,step1,1
0,42,partial_iv_anp,CALCE_CS2_33,1.0,276,276,276,ok,,0.13845605625865404,0.0022295914810432915,-0.30773981673526024,0.4270833333333333,0.13737213542374474,277,128,384,step1,1
0,42,partial_iv_anp,CALCE_CS2_33,0.0,277,277,277,ok,,0.09371759327061366,0.00033166453036259647,-1.3980616454692067,0.6762402088772846,0.17866631933859395,278,128,383,step1,1
0,42,partial_iv_anp,CALCE_CS2_33,0.25,277,277,277,ok,,0.1491553639411938,0.0009762970029710827,-0.13525924626814836,0.4725848563968668,0.12236959195939463,278,128,383,step1,1
0,42,partial_iv_anp,CALCE_CS2_33,0.5,277,277,277,ok,,0.14520411075489173,0.0009784079387840094,-0.22820630333014777,0.45430809399477806,0.12867160883059428,278,128,383,step1,1
0,42,partial_iv_anp,CALCE_CS2_33,0.75,277,277,277,ok,,0.14431796439290936,0.0009750622510772411,-0.24113947369216407,0.4516971279373368,0.1299191548321137,278,128,383,step1,1
0,42,partial_iv_anp,CALCE_CS2_33,1.0,277,277,277,ok,,0.1416792479916932,0.0009599367178892981,-0.2751367151601299,0.4308093994778068,0.13351261671223966,278,128,383,step1,1
0,42,partial_iv_anp,CALCE_CS2_33,0.0,278,278,278,ok,,0.09396626984439614,0.0011391919652691262,-1.3974886301318379,0.6596858638743456,0.17911901515761622,279,128,382,step1,1
0,42,partial_iv_anp,CALCE_CS2_33,0.25,278,278,278,ok,,0.1509921350482632,0.00016229936873679573,-0.06690389296291832,0.49476439790575916,0.11949351737907751,279,128,382,step1,1
0,42,partial_iv_anp,CALCE_CS2_33,0.5,278,278,278,ok,,0.1473375074683877,0.00015067608610419558,-0.18088380434673543,0.468586387434555,0.12582571283608954,279,128,382,step1,1
0,42,partial_iv_anp,CALCE_CS2_33,0.75,278,278,278,ok,,0.14619995616000397,0.00014991812311004882,-0.20456455975616733,0.46335078534031415,0.1275717764923957,279,128,382,step1,1
0,42,partial_iv_anp,CALCE_CS2_33,1.0,278,278,278,ok,,0.14345864432161792,0.00014151662697403644,-0.2504343936326681,0.42670157068062825,0.1315567150885188,279,128,382,step1,1
0,42,partial_iv_anp,CALCE_CS2_33,0.0,279,279,279,ok,,0.09425233136039243,0.001785198662198173,-1.4006930079250963,0.6640419947506562,0.17917231403483672,280,128,381,step1,1
0,42,partial_iv_anp,CALCE_CS2_33,0.25,279,279,279,ok,,0.1518614606589028,0.0004767322935592677,-0.036879808648255456,0.5013123359580053,0.11835050054900191,280,128,381,step1,1
0,42,partial_iv_anp,CALCE_CS2_33,0.5,279,279,279,ok,,0.14835600779330096,0.0005041883048290119,-0.15925210993669905,0.4881889763779528,0.12458548766831533,280,128,381,step1,1
0,42,partial_iv_anp,CALCE_CS2_33,0.75,279,279,279,ok,,0.14733047135108976,0.0005071800397935533,-0.18344160057162825,0.47506561679790027,0.12619899863361578,280,128,381,step1,1
0,42,partial_iv_anp,CALCE_CS2_33,1.0,279,279,279,ok,,0.1446550324035129,0.0005164722755796047,-0.2352021650843306,0.43832020997375326,0.13021029389763797,280,128,381,step1,1
0,42,partial_iv_anp,CALCE_CS2_33,0.0,280,280,280,ok,,0.09457220580746288,0.0033792076697193307,-1.4087487002377568,0.6605263157894737,0.17868304869023363,281,128,380,step10,10
0,42,partial_iv_anp,CALCE_CS2_33,0.0,280,280,280,ok,,0.09457220580746288,0.0033792076697193307,-1.4087487002377568,0.6605263157894737,0.17868304869023363,281,128,380,step1,1
0,42,partial_iv_anp,CALCE_CS2_33,0.25,280,280,280,ok,,0.15407327925570358,0.0020158299885773,0.07393682423579713,0.5078947368421053,0.1140248261911476,281,128,380,step10,10
0,42,partial_iv_anp,CALCE_CS2_33,0.25,280,280,280,ok,,0.15407327925570358,0.0020158299885773,0.07393682423579713,0.5078947368421053,0.1140248261911476,281,128,380,step1,1
0,42,partial_iv_anp,CALCE_CS2_33,0.5,280,280,280,ok,,0.15092057282841181,0.0020950394290566443,-0.0832705427714631,0.48947368421052634,0.12024510605963659,281,128,380,step10,10
0,42,partial_iv_anp,CALCE_CS2_33,0.5,280,280,280,ok,,0.15092057282841181,0.0020950394290566443,-0.0832705427714631,0.48947368421052634,0.12024510605963659,281,128,380,step1,1
0,42,partial_iv_anp,CALCE_CS2_33,0.75,280,280,280,ok,,0.14991874946376615,0.0021036081385749084,-0.11806059434153866,0.4868421052631579,0.12198406490093769,281,128,380,step10,10
0,42,partial_iv_anp,CALCE_CS2_33,0.75,280,280,280,ok,,0.14991874946376615,0.0021036081385749084,-0.11806059434153866,0.4868421052631579,0.12198406490093769,281,128,380,step1,1
0,42,partial_iv_anp,CALCE_CS2_33,1.0,280,280,280,ok,,0.14750717052067724,0.002115247041990731,-0.186162372574762,0.46842105263157896,0.12594378600499737,281,128,380,step10,10
0,42,partial_iv_anp,CALCE_CS2_33,1.0,280,280,280,ok,,0.14750717052067724,0.002115247041990731,-0.186162372574762,0.46842105263157896,0.12594378600499737,281,128,380,step1,1
0,42,partial_iv_anp,CALCE_CS2_33,0.0,281,281,281,ok,,0.09464509803672765,0.004013675561728602,-1.3850691066853968,0.6569920844327177,0.17963877654912683,282,128,379,step1,1
0,42,partial_iv_anp,CALCE_CS2_33,0.25,281,281,281,ok,,0.1543982973991284,0.0026610623751708307,0.11338951051338443,0.5118733509234829,0.11400332782422531,282,128,379,step1,1
0,42,partial_iv_anp,CALCE_CS2_33,0.5,281,281,281,ok,,0.15153401357930663,0.00275090743877604,-0.035918036771621746,0.47757255936675463,0.11983795026856375,282,128,379,step1,1
0,42,partial_iv_anp,CALCE_CS2_33,0.75,281,281,281,ok,,0.1507362089756799,0.002761884944038062,-0.0653298322439362,0.48548812664907653,0.1212701672976568,282,128,379,step1,1
0,42,partial_iv_anp,CALCE_CS2_33,1.0,281,281,281,ok,,0.14846501162824857,0.0027774208777975318,-0.13610748148429802,0.46437994722955145,0.12518253598138643,282,128,379,step1,1
0,42,partial_iv_anp,CALCE_CS2_33,0.0,282,282,282,ok,,0.09481745647590145,0.004631869309029701,-1.37184304030438,0.6587301587301587,0.18023460361014995,283,128,378,step1,1
0,42,partial_iv_anp,CALCE_CS2_33,0.25,282,282,282,ok,,0.15550422292832866,0.003237301184424224,0.201468786509398,0.5291005291005291,0.11211243631160699,283,128,378,step1,1
0,42,partial_iv_anp,CALCE_CS2_33,0.5,282,282,282,ok,,0.1527661746183818,0.0033730276828979333,0.031154915199930574,0.47883597883597884,0.11811042005082661,283,128,378,step1,1
0,42,partial_iv_anp,CALCE_CS2_33,0.75,282,282,282,ok,,0.15179770166213633,0.00339311742992332,-0.011699116065169463,0.47883597883597884,0.11998238388775886,283,128,378,step1,1
0,42,partial_iv_anp,CALCE_CS2_33,1.0,282,282,282,ok,,0.14942947967690093,0.0034184333939202283,-0.0954872161217946,0.4576719576719577,0.12426561087133867,283,128,378,step1,1
0,42,partial_iv_anp,CALCE_CS2_33,0.0,283,283,283,ok,,0.09507714842775543,0.0051167930536690776,-1.3728995926635075,0.649867374005305,0.18011798074664945,284,128,377,step1,1
0,42,partial_iv_anp,CALCE_CS2_33,0.25,283,283,283,ok,,0.15603107163069763,0.00368885964658372,0.22793955450960954,0.5305039787798409,0.11146527344343217,284,128,377,step1,1
0,42,partial_iv_anp,CALCE_CS2_33,0.5,283,283,283,ok,,0.15330773313402776,0.0038448871276718366,0.05047553238704605,0.48010610079575594,0.11744861896374076,284,128,377,step1,1
0,42,partial_iv_anp,CALCE_CS2_33,0.75,283,283,283,ok,,0.15242011011112103,0.0038688014814108884,0.009200014535040353,0.47480106100795755,0.11916765272138183,284,128,377,step1,1
0,42,partial_iv_anp,CALCE_CS2_33,1.0,283,283,283,ok,,0.15010382458968438,0.0039043817199181374,-0.0782983803056564,0.4588859416445623,0.12339779861659111,284,128,377,step1,1
0,42,partial_iv_anp,CALCE_CS2_33,0.0,284,284,284,ok,,0.09544460556790141,0.005638422185251457,-1.3827705431161852,0.6702127659574468,0.1801570680908477,285,128,376,step1,1
0,42,partial_iv_anp,CALCE_CS2_33,0.25,284,284,284,ok,,0.15668387221991714,0.004171153871450728,0.2542610658090733,0.550531914893617,0.11077891703977823,285,128,376,step1,1
0,42,partial_iv_anp,CALCE_CS2_33,0.5,284,284,284,ok,,0.1539981441550571,0.00435045951438795,0.06818906730360123,0.5053191489361702,0.11672939791688124,285,128,376,step1,1
0,42,partial_iv_anp,CALCE_CS2_33,0.75,284,284,284,ok,,0.15310127432917164,0.004380295209942431,0.023515020100772294,0.4946808510638298,0.1184852169580091,285,128,376,step1,1
0,42,partial_iv_anp,CALCE_CS2_33,1.0,284,284,284,ok,,0.1508600989799946,0.004425868844382119,-0.06723654012681175,0.4521276595744681,0.12262263189433335,285,128,376,step1,1
0,42,partial_iv_anp,CALCE_CS2_33,0.0,285,285,285,ok,,0.0956152902619054,0.006099235702348937,-1.3701046001135535,0.6613333333333333,0.1807829158715611,286,128,375,step1,1
0,42,partial_iv_anp,CALCE_CS2_33,0.25,285,285,285,ok,,0.15715890632887156,0.004608115162923587,0.29722231551438894,0.544,0.11037164250775136,286,128,375,step1,1
0,42,partial_iv_anp,CALCE_CS2_33,0.5,285,285,285,ok,,0.15466944114243786,0.004805625053372675,0.1134746511328032,0.5066666666666667,0.11604435267746542,286,128,375,step1,1
0,42,partial_iv_anp,CALCE_CS2_33,0.75,285,285,285,ok,,0.15392159140323117,0.004838376510083786,0.07324896393486355,0.496,0.11755050099496679,286,128,375,step1,1
0,42,partial_iv_anp,CALCE_CS2_33,1.0,285,285,285,ok,,0.15174729141614152,0.004897713119411007,-0.02419218753042704,0.4746666666666667,0.12173301640198124,286,128,375,step1,1
0,42,partial_iv_anp,CALCE_CS2_33,0.0,286,286,286,ok,,0.09587366992868092,0.010198964714409064,-1.367351642960562,0.6524064171122995,0.18097205843090183,287,128,374,step1,1
0,42,partial_iv_anp,CALCE_CS2_33,0.25,286,286,286,ok,,0.15113630032906814,0.00896912129685179,-0.06738064497329735,0.4679144385026738,0.12387585789191252,287,128,374,step1,1
0,42,partial_iv_anp,CALCE_CS2_33,0.5,286,286,286,ok,,0.14554795703885687,0.009065184497148548,-0.18680087586761523,0.4358288770053476,0.13231823881888938,287,128,374,step1,1
0,42,partial_iv_anp,CALCE_CS2_33,0.75,286,286,286,ok,,0.14339038286264025,0.009108826479761967,-0.21252332739238192,0.4144385026737968,0.13514548465861423,287,128,374,step1,1
0,42,partial_iv_anp,CALCE_CS2_33,1.0,286,286,286,ok,,0.1397822799405018,0.009207081204911871,-0.24064016876705405,0.4090909090909091,0.1394911975384285,287,128,374,step1,1
0,42,partial_iv_anp,CALCE_CS2_33,0.0,287,287,287,ok,,0.09607754901740348,0.010130915020321374,-1.3603058162261077,0.6648793565683646,0.18136942842522968,288,128,373,step1,1
0,42,partial_iv_anp,CALCE_CS2_33,0.25,287,287,287,ok,,0.15126436721557443,0.008917632472900117,-0.058520593933908696,0.4691689008042895,0.12416886903254658,288,128,373,step1,1
0,42,partial_iv_anp,CALCE_CS2_33,0.5,287,287,287,ok,,0.14621045999036575,0.009014131280032367,-0.1673869490479088,0.42359249329758714,0.1318365958166514,288,128,373,step1,1
0,42,partial_iv_anp,CALCE_CS2_33,0.75,287,287,287,ok,,0.14411754447977487,0.009057460136949635,-0.19396413616037686,0.4289544235924933,0.1346274861920156,288,128,373,step1,1
0,42,partial_iv_anp,CALCE_CS2_33,1.0,287,287,287,ok,,0.14060983378274713,0.009151541982929445,-0.22381504868261218,0.39946380697050937,0.13893427379998954,288,128,373,step1,1
0,42,partial_iv_anp,CALCE_CS2_33,0.0,288,288,288,ok,,0.09635302020263935,0.009076477134824401,-1.362648291312056,0.6586021505376344,0.18152712624670175,289,128,372,step1,1
0,42,partial_iv_anp,CALCE_CS2_33,0.25,288,288,288,ok,,0.15103505589909696,0.007878195509343988,-0.07068280820738058,0.46774193548387094,0.12501665763937866,289,128,372,step1,1
0,42,partial_iv_anp,CALCE_CS2_33,0.5,288,288,288,ok,,0.14558889430036745,0.007994431175813554,-0.17857868024397364,0.43010752688172044,0.13303320416810607,289,128,372,step1,1
0,42,partial_iv_anp,CALCE_CS2_33,0.75,288,288,288,ok,,0.14360043739792874,0.008042870868918417,-0.20101222057748425,0.41935483870967744,0.1355973008228775,289,128,372,step1,1
0,42,partial_iv_anp,CALCE_CS2_33,1.0,288,288,288,ok,,0.14005593247721518,0.008150045771204817,-0.2280470432532207,0.4112903225806452,0.1398453940770964,289,128,372,step1,1
0,42,partial_iv_anp,CALCE_CS2_33,0.0,289,289,289,ok,,0.09661158759726504,0.00954633515630754,-1.358165635175921,0.6657681940700808,0.1821445935349356,290,128,371,step1,1
0,42,partial_iv_anp,CALCE_CS2_33,0.25,289,289,289,ok,,0.15023522550882243,0.008385894167640018,-0.09109429334255995,0.4555256064690027,0.1271744142304407,290,128,371,step1,1
0,42,partial_iv_anp,CALCE_CS2_33,0.5,289,289,289,ok,,0.14506207906424262,0.008507729529801833,-0.1792811446550675,0.42587601078167114,0.13452530407622076,290,128,371,step1,1
0,42,partial_iv_anp,CALCE_CS2_33,0.75,289,289,289,ok,,0.14330643037806898,0.008555884143616743,-0.1966416239804795,0.41509433962264153,0.13673767934922657,290,128,371,step1,1
0,42,partial_iv_anp,CALCE_CS2_33,1.0,289,289,289,ok,,0.14058489755374534,0.008642515586133936,-0.21627112558722886,0.4123989218328841,0.13998681860458337,290,128,371,step1,1
0,42,partial_iv_anp,CALCE_CS2_33,0.0,290,290,290,ok,,0.09684112690882596,0.011143002569747429,-1.3542319041445905,0.654054054054054,0.182112597095708,291,128,370,step10,10
0,42,partial_iv_anp,CALCE_CS2_33,0.0,290,290,290,ok,,0.09684112690882596,0.011143002569747429,-1.3542319041445905,0.654054054054054,0.182112597095708,291,128,370,step1,1
0,42,partial_iv_anp,CALCE_CS2_33,0.25,290,290,290,ok,,0.1587405289147717,0.009604246807542682,0.37007937129509183,0.5513513513513514,0.11047715110751896,291,128,370,step10,10
0,42,partial_iv_anp,CALCE_CS2_33,0.25,290,290,290,ok,,0.1587405289147717,0.009604246807542682,0.37007937129509183,0.5513513513513514,0.11047715110751896,291,128,370,step1,1
0,42,partial_iv_anp,CALCE_CS2_33,0.5,290,290,290,ok,,0.15525700844650106,0.009909254666471856,0.11896072248018923,0.5081081081081081,0.11820115441420567,291,128,370,step10,10
0,42,partial_iv_anp,CALCE_CS2_33,0.5,290,290,290,ok,,0.15525700844650106,0.009909254666471856,0.11896072248018923,0.5081081081081081,0.11820115441420567,291,128,370,step1,1
0,42,partial_iv_anp,CALCE_CS2_33,0.75,290,290,290,ok,,0.15289547445321455,0.009995957467566652,0.013128052050305965,0.4783783783783784,0.12265651125167239,291,128,370,step10,10
0,42,partial_iv_anp,CALCE_CS2_33,0.75,290,290,290,ok,,0.15289547445321455,0.009995957467566652,0.013128052050305965,0.4783783783783784,0.12265651125167239,291,128,370,step1,1
0,42,partial_iv_anp,CALCE_CS2_33,1.0,290,290,290,ok,,0.14929654269961234,0.010081232742104929,-0.0906070860097534,0.44324324324324327,0.1285644792281781,291,128,370,step10,10
0,42,partial_iv_anp,CALCE_CS2_33,1.0,290,290,290,ok,,0.14929654269961234,0.010081232742104929,-0.0906070860097534,0.44324324324324327,0.1285644792281781,291,128,370,step1,1
0,42,partial_iv_anp,CALCE_CS2_33,0.0,291,291,291,ok,,0.09698447839232091,0.006679597319433239,-1.3379194309051354,0.6720867208672087,0.18330860471542845,292,128,369,step1,1
0,42,partial_iv_anp,CALCE_CS2_33,0.25,291,291,291,ok,,0.14977819484061125,0.00558266546424635,-0.08166209255186449,0.44173441734417346,0.12922520344506497,292,128,369,step1,1
0,42,partial_iv_anp,CALCE_CS2_33,0.5,291,291,291,ok,,0.14442610370317202,0.005726658197075629,-0.15956415374190486,0.4065040650406504,0.13661678081522532,292,128,369,step1,1
0,42,partial_iv_anp,CALCE_CS2_33,0.75,291,291,291,ok,,0.14307005461320105,0.005770294499404693,-0.17015756854994193,0.3983739837398374,0.13828166143275844,292,128,369,step1,1
0,42,partial_iv_anp,CALCE_CS2_33,1.0,291,291,291,ok,,0.13982632394813052,0.005884716734973261,-0.1897867160290516,0.4037940379403794,0.14209327108515096,292,128,369,step1,1
0,42,partial_iv_anp,CALCE_CS2_33,0.0,292,292,292,ok,,0.09725159067677316,0.006017500334331016,-1.336096280774502,0.6603260869565217,0.18323638746769175,293,128,368,step1,1
0,42,partial_iv_anp,CALCE_CS2_33,0.25,292,292,292,ok,,0.1507802193792747,0.004926059539391514,-0.055297076143716595,0.44021739130434784,0.1279603634038499,293,128,368,step1,1
0,42,partial_iv_anp,CALCE_CS2_33,0.5,292,292,292,ok,,0.1445547697599072,0.005098936165065071,-0.15362954099931606,0.4076086956521739,0.136661890697041,293,128,368,step1,1
0,42,partial_iv_anp,CALCE_CS2_33,0.75,292,292,292,ok,,0.14251187889439418,0.005165602471803421,-0.17015287492239342,0.39945652173913043,0.13916616115969282,293,128,368,step1,1
0,42,partial_iv_anp,CALCE_CS2_33,1.0,292,292,292,ok,,0.13911824710947496,0.0052949372298825015,-0.18799344000414334,0.391304347826087,0.14305058143706778,293,128,368,step1,1
0,42,partial_iv_anp,CALCE_CS2_33,0.0,293,293,293,ok,,0.09763974435293515,0.004343049300806645,-1.3469615416565641,0.662125340599455,0.18283969805303238,294,128,367,step1,1
0,42,partial_iv_anp,CALCE_CS2_33,0.25,293,293,293,ok,,0.1492922430976614,0.003304575030884993,-0.10277189730259673,0.44141689373297005,0.13042496363184639,294,128,367,step1,1
0,42,partial_iv_anp,CALCE_CS2_33,0.5,293,293,293,ok,,0.14312263697420233,0.003502543959344462,-0.17922115964880575,0.40599455040871935,0.13845445310259558,294,128,367,step1,1
0,42,partial_iv_anp,CALCE_CS2_33,0.75,293,293,293,ok,,0.14112281871803187,0.0035793595148271296,-0.19163046374022055,0.3923705722070845,0.14077109447490244,294,128,367,step1,1
0,42,partial_iv_anp,CALCE_CS2_33,1.0,293,293,293,ok,,0.13718110714155674,0.003752043365837565,-0.20664556384011365,0.38419618528610355,0.14502794181049164,294,128,367,step1,1
0,42,partial_iv_anp,CALCE_CS2_33,0.0,294,294,294,ok,,0.0977756681901664,0.006394595146107629,-1.3268239074354617,0.6666666666666666,0.1836965590181884,295,128,366,step1,1
0,42,partial_iv_anp,CALCE_CS2_33,0.25,294,294,294,ok,,0.15391954471836056,0.005276055132783175,0.04966175628972754,0.48633879781420764,0.1237069374498382,295,128,366,step1,1
0,42,partial_iv_anp,CALCE_CS2_33,0.5,294,294,294,ok,,0.1496597182484938,0.005419269311586872,-0.06114777025489811,0.4344262295081967,0.13046044412911106,295,128,366,step1,1
0,42,partial_iv_anp,CALCE_CS2_33,0.75,294,294,294,ok,,0.1487944747959914,0.005446970995171108,-0.07506294704606756,0.4180327868852459,0.13167105050598027,295,128,366,step1,1
0,42,partial_iv_anp,CALCE_CS2_33,1.0,294,294,294,ok,,0.14563007597341382,0.005540628239866008,-0.11915477542685624,0.40437158469945356,0.13596738669316105,295,128,366,step1,1
0,42,partial_iv_anp,CALCE_CS2_33,0.0,295,295,295,ok,,0.09809954793966394,0.0022488920041073834,-1.33229783587375,0.6657534246575343,0.18368841251567067,296,128,365,step1,1
0,42,partial_iv_anp,CALCE_CS2_33,0.25,295,295,295,ok,,0.14687910120172318,0.0013406450070035936,-0.12641223293058979,0.42191780821917807,0.1348644224840778,296,128,365,step1,1
0,42,partial_iv_anp,CALCE_CS2_33,0.5,295,295,295,ok,,0.14004435457363928,0.0016109253801712686,-0.17764071004999202,0.38082191780821917,0.14301814475835975,296,128,365,step1,1
0,42,partial_iv_anp,CALCE_CS2_33,0.75,295,295,295,ok,,0.13790784285366064,0.001713236538656071,-0.18367034663017662,0.3780821917808219,0.14529131601289422,296,128,365,step1,1
0,42,partial_iv_anp,CALCE_CS2_33,1.0,295,295,295,ok,,0.1339466839055173,0.0019234454156590308,-0.18816255047404543,0.3589041095890411,0.14923636777221214,296,128,365,step1,1
0,42,partial_iv_anp,CALCE_CS2_33,0.0,296,296,296,ok,,0.09838495030402596,0.0013811205257246995,-1.328889508123348,0.6538461538461539,0.1841087693115651,297,128,364,step1,1
0,42,partial_iv_anp,CALCE_CS2_33,0.25,296,296,296,ok,,0.144615226817815,0.0005846121846714292,-0.14812095279955442,0.41208791208791207,0.1383880731056096,297,128,364,step1,1
0,42,partial_iv_anp,CALCE_CS2_33,0.5,296,296,296,ok,,0.1370929639318925,0.0009296809617084234,-0.18200934083883508,0.38186813186813184,0.1467406756518408,297,128,364,step1,1
0,42,partial_iv_anp,CALCE_CS2_33,0.75,296,296,296,ok,,0.1352647793324849,0.001031563613713371,-0.1830522711467245,0.37637362637362637,0.14855618877165389,297,128,364,step1,1
0,42,partial_iv_anp,CALCE_CS2_33,1.0,296,296,296,ok,,0.13178465852330543,0.0012378779454971234,-0.1820209255489407,0.3626373626373626,0.15182230261400226,297,128,364,step1,1
0,42,partial_iv_anp,CALCE_CS2_33,0.0,297,297,297,ok,,0.09866603034938541,0.0022329721289928717,-1.3268779630027585,0.6639118457300276,0.18426670364587208,298,128,363,step1,1
0,42,partial_iv_anp,CALCE_CS2_33,0.25,297,297,297,ok,,0.14767940151121134,0.0013766589101397164,-0.10574016919989034,0.4132231404958678,0.13471109073763646,298,128,363,step1,1
0,42,partial_iv_anp,CALCE_CS2_33,0.5,297,297,297,ok,,0.14070849414837777,0.0016650395106055926,-0.16177109264956563,0.3884297520661157,0.1430774716792111,298,128,363,step1,1
0,42,partial_iv_anp,CALCE_CS2_33,0.75,297,297,297,ok,,0.13880609170487573,0.0017586314320267027,-0.1676201419558901,0.3774104683195592,0.14511356806667847,298,128,363,step1,1
0,42,partial_iv_anp,CALCE_CS2_33,1.0,297,297,297,ok,,0.13531953031707358,0.0019438971137183403,-0.1732819687099977,0.3774104683195592,0.1486413040963376,298,128,363,step1,1
0,42,partial_iv_anp,CALCE_CS2_33,0.0,298,298,298,ok,,0.09889678789088902,0.0012247063592515373,-1.3186179412259171,0.643646408839779,0.18429243923200186,299,128,362,step1,1
0,42,partial_iv_anp,CALCE_CS2_33,0.25,298,298,298,ok,,0.1469445954762748,0.00043328861837133026,-0.10503903827230739,0.38950276243093923,0.13598896736422075,299,128,362,step1,1
0,42,partial_iv_anp,CALCE_CS2_33,0.5,298,298,298,ok,,0.1398735756435879,0.0007440740369090149,-0.15276192639893016,0.3701657458563536,0.14424641480411204,299,128,362,step1,1
0,42,partial_iv_anp,CALCE_CS2_33,0.75,298,298,298,ok,,0.13816456116505996,0.0008333585274142852,-0.15635766451022773,0.3701657458563536,0.14602863513699474,299,128,362,step1,1
0,42,partial_iv_anp,CALCE_CS2_33,1.0,298,298,298,ok,,0.13447350700675753,0.0010379705488677837,-0.16019311317675225,0.3784530386740331,0.14968259252974717,299,128,362,step1,1
0,42,partial_iv_anp,CALCE_CS2_33,0.0,299,299,299,ok,,0.09914650503214543,0.005178360826637363,-1.3092559342997003,0.6454293628808865,0.1846456117466453,300,128,361,step1,1
0,42,partial_iv_anp,CALCE_CS2_33,0.25,299,299,299,ok,,0.1546710534660857,0.0041711313179014775,0.07880417441113383,0.46537396121883656,0.12507324126640573,300,128,361,step1,1
0,42,partial_iv_anp,CALCE_CS2_33,0.5,299,299,299,ok,,0.14976383735411736,0.00437330543215142,-0.03704760590720732,0.4099722991689751,0.13250073646161603,300,128,361,step1,1
0,42,partial_iv_anp,CALCE_CS2_33,0.75,299,299,299,ok,,0.1485470024856124,0.0044202863571336515,-0.05448144484621729,0.40443213296398894,0.13413070473415056,300,128,361,step1,1
0,42,partial_iv_anp,CALCE_CS2_33,1.0,299,299,299,ok,,0.14558542055302526,0.004532963325218131,-0.08909859557366573,0.3739612188365651,0.13795480000465704,300,128,361,step1,1
0,42,partial_iv_anp,CALCE_CS2_33,0.0,300,300,300,ok,,0.09950572884009355,0.006540321924690118,-1.3152990598876626,0.6444444444444445,0.1845614303680443,301,128,360,step10,10
0,42,partial_iv_anp,CALCE_CS2_33,0.0,300,300,300,ok,,0.09950572884009355,0.006540321924690118,-1.3152990598876626,0.6444444444444445,0.1845614303680443,301,128,360,step1,1
0,42,partial_iv_anp,CALCE_CS2_33,0.25,300,300,300,ok,,0.157383407098446,0.005425922128899474,0.183854994146388,0.48055555555555557,0.1206556571529323,301,128,360,step10,10
0,42,partial_iv_anp,CALCE_CS2_33,0.25,300,300,300,ok,,0.157383407098446,0.005425922128899474,0.183854994146388,0.48055555555555557,0.1206556571529323,301,128,360,step1,1
0,42,partial_iv_anp,CALCE_CS2_33,0.5,300,300,300,ok,,0.152843896013469,0.005664610178459095,0.025972796504254977,0.4388888888888889,0.12819277688163355,301,128,360,step10,10
0,42,partial_iv_anp,CALCE_CS2_33,0.5,300,300,300,ok,,0.152843896013469,0.005664610178459095,0.025972796504254977,0.4388888888888889,0.12819277688163355,301,128,360,step1,1
0,42,partial_iv_anp,CALCE_CS2_33,0.75,300,300,300,ok,,0.1516698295054794,0.005713479443096969,-8.877875377477393e-05,0.425,0.12991491770589383,301,128,360,step10,10
0,42,partial_iv_anp,CALCE_CS2_33,0.75,300,300,300,ok,,0.1516698295054794,0.005713479443096969,-8.877875377477393e-05,0.425,0.12991491770589383,301,128,360,step1,1
0,42,partial_iv_anp,CALCE_CS2_33,1.0,300,300,300,ok,,0.1487955159634478,0.005823956365901717,-0.051922318665116686,0.4027777777777778,0.1339375130518652,301,128,360,step10,10
0,42,partial_iv_anp,CALCE_CS2_33,1.0,300,300,300,ok,,0.1487955159634478,0.005823956365901717,-0.051922318665116686,0.4027777777777778,0.1339375130518652,301,128,360,step1,1
0,42,partial_iv_anp,CALCE_CS2_33,0.0,301,301,301,ok,,0.09971706668391224,0.007251027302394575,-1.3046636305434547,0.6323119777158774,0.18538066245398643,302,128,359,step1,1
0,42,partial_iv_anp,CALCE_CS2_33,0.25,301,301,301,ok,,0.1585716452719179,0.006089558892225844,0.2533854581315265,0.48746518105849584,0.11917467679820377,302,128,359,step1,1
0,42,partial_iv_anp,CALCE_CS2_33,0.5,301,301,301,ok,,0.154234516871783,0.006358222869369712,0.07747047885085076,0.4428969359331476,0.12673962800711178,302,128,359,step1,1
0,42,partial_iv_anp,CALCE_CS2_33,0.75,301,301,301,ok,,0.15303286468244715,0.006412834546853818,0.04584195136452723,0.42896935933147634,0.12859202233413766,302,128,359,step1,1
0,42,partial_iv_anp,CALCE_CS2_33,1.0,301,301,301,ok,,0.15015458522853195,0.006529471028414502,-0.014811535965806562,0.40668523676880225,0.13280723870252736,302,128,359,step1,1
0,42,partial_iv_anp,CALCE_CS2_33,0.0,302,302,302,ok,,0.09986714886295184,0.007812296029390486,-1.285626713391857,0.6340782122905028,0.18664352514702154,303,128,358,step1,1
0,42,partial_iv_anp,CALCE_CS2_33,0.25,302,302,302,ok,,0.159132734701534,0.006646751659909245,0.29875983374209664,0.49441340782122906,0.11907026272409732,303,128,358,step1,1
0,42,partial_iv_anp,CALCE_CS2_33,0.5,302,302,302,ok,,0.15505355587911526,0.006927786587163642,0.12266442057983748,0.441340782122905,0.126436332203363,303,128,358,step1,1
0,42,partial_iv_anp,CALCE_CS2_33,0.75,302,302,302,ok,,0.15392931933540754,0.006983507340241002,0.09072408783979556,0.4301675977653631,0.12823142837026197,303,128,358,step1,1
0,42,partial_iv_anp,CALCE_CS2_33,1.0,302,302,302,ok,,0.15116260224450442,0.007102001274909453,0.02713177680253171,0.40502793296089384,0.13244445199164098,303,128,358,step1,1
0,42,partial_iv_anp,CALCE_CS2_33,0.0,303,303,303,ok,,0.10018819166861624,0.008437767698517451,-1.2874904729244072,0.6358543417366946,0.1864145982845866,304,128,357,step1,1
0,42,partial_iv_anp,CALCE_CS2_33,0.25,303,303,303,ok,,0.16038734967008003,0.007190536219359833,0.369718385154432,0.49859943977591037,0.1169506404570963,304,128,357,step1,1
0,42,partial_iv_anp,CALCE_CS2_33,0.5,303,303,303,ok,,0.15651638397396503,0.0075125877726276435,0.1723684035685637,0.45098039215686275,0.12421687659935271,304,128,357,step1,1
0,42,partial_iv_anp,CALCE_CS2_33,0.75,303,303,303,ok,,0.15538765970538146,0.00757742999793154,0.1338059622821418,0.4425770308123249,0.126089651752826,304,128,357,step1,1
0,42,partial_iv_anp,CALCE_CS2_33,1.0,303,303,303,ok,,0.1526390578196238,0.007709064206273375,0.0583265325833702,0.4173669467787115,0.13042967324911028,304,128,357,step1,1
0,42,partial_iv_anp,CALCE_CS2_33,0.0,304,304,304,ok,,0.10057792322351473,0.010805550003018527,-1.2950948044203145,0.6320224719101124,0.1861693500429664,305,128,356,step1,1
0,42,partial_iv_anp,CALCE_CS2_33,0.25,304,304,304,ok,,0.16388418314754216,0.009080075471284088,0.673928811951896,0.5589887640449438,0.10955171955185873,305,128,356,step1,1
0,42,partial_iv_anp,CALCE_CS2_33,0.5,304,304,304,ok,,0.16030258439269293,0.009641710784010327,0.35785593989693554,0.49719101123595505,0.11751549752499643,305,128,356,step1,1
0,42,partial_iv_anp,CALCE_CS2_33,0.75,304,304,304,ok,,0.15881530062515006,0.009777603075794894,0.27133605392504095,0.47752808988764045,0.12038903466967564,305,128,356,step1,1
0,42,partial_iv_anp,CALCE_CS2_33,1.0,304,304,304,ok,,0.1553665735133198,0.010002011954591716,0.12800135324002598,0.42696629213483145,0.1264367918859515,305,128,356,step1,1
0,42,partial_iv_anp,CALCE_CS2_33,0.0,305,305,305,ok,,0.10074262976121305,0.012535216159235474,-1.2777420078838675,0.6338028169014085,0.1872028436252764,306,128,355,step1,1
0,42,partial_iv_anp,CALCE_CS2_33,0.25,305,305,305,ok,,0.16372304786767702,0.010892127412198804,0.6517380654548346,0.543661971830986,0.11085256185356253,306,128,355,step1,1
0,42,partial_iv_anp,CALCE_CS2_33,0.5,305,305,305,ok,,0.1603718805605925,0.011410201331351733,0.37015660467341766,0.48450704225352115,0.11828455803777088,306,128,355,step1,1
0,42,partial_iv_anp,CALCE_CS2_33,0.75,305,305,305,ok,,0.15903017031512148,0.011537016528134436,0.2936865523230919,0.4732394366197183,0.12089625424013846,306,128,355,step1,1
0,42,partial_iv_anp,CALCE_CS2_33,1.0,305,305,305,ok,,0.15601781171983065,0.011745784387904523,0.1659913971147016,0.428169014084507,0.1262967388363113,306,128,355,step1,1
0,42,partial_iv_anp,CALCE_CS2_33,0.0,306,306,306,ok,,0.10109774901212636,0.013589084603133461,-1.2842480703396495,0.6468926553672316,0.1870899149011086,307,128,354,step1,1
0,42,partial_iv_anp,CALCE_CS2_33,0.25,306,306,306,ok,,0.16475594107904232,0.011799920588877466,0.7429760087261813,0.5677966101694916,0.10910300995860336,307,128,354,step1,1
0,42,partial_iv_anp,CALCE_CS2_33,0.5,306,306,306,ok,,0.1612684238930418,0.012414520296515685,0.41478605304467,0.5,0.11702444453773214,307,128,354,step1,1
0,42,partial_iv_anp,CALCE_CS2_33,0.75,306,306,306,ok,,0.15989273540242863,0.012559289098247106,0.3285643256020892,0.4830508474576271,0.11974752135057988,307,128,354,step1,1
0,42,partial_iv_anp,CALCE_CS2_33,1.0,306,306,306,ok,,0.1569945570997925,0.012782839899031728,0.1933038141302766,0.4463276836158192,0.12501974906220778,307,128,354,step1,1
0,42,partial_iv_anp,CALCE_CS2_33,0.0,307,307,307,ok,,0.1013034167140237,0.009620568541855667,-1.2731391574944626,0.6345609065155807,0.1876587916255918,308,128,353,step1,1
0,42,partial_iv_anp,CALCE_CS2_33,0.25,307,307,307,ok,,0.16083807363918248,0.008510682087302435,0.37146841777131573,0.4730878186968839,0.11902658219626783,308,128,353,step1,1
0,42,partial_iv_anp,CALCE_CS2_33,0.5,307,307,307,ok,,0.15572026903980687,0.008910438515632002,0.14972270543977137,0.42209631728045327,0.12808908271683248,308,128,353,step1,1
0,42,partial_iv_anp,CALCE_CS2_33,0.75,307,307,307,ok,,0.1536767300840433,0.009018290436854426,0.09654817254101074,0.41359773371104813,0.13123346423378385,308,128,353,step1,1
0,42,partial_iv_anp,CALCE_CS2_33,1.0,307,307,307,ok,,0.14974539880708157,0.009205397240835356,0.02614803593488256,0.38526912181303113,0.13675354750366936,308,128,353,step1,1
0,42,partial_iv_anp,CALCE_CS2_33,0.0,308,308,308,ok,,0.1015239000615651,0.01029535558502237,-1.2620481449205185,0.6448863636363636,0.1885287260566257,309,128,352,step1,1
0,42,partial_iv_anp,CALCE_CS2_33,0.25,308,308,308,ok,,0.16047851586585626,0.009268491107057963,0.3520862216171405,0.4772727272727273,0.12066851316779058,309,128,352,step1,1
0,42,partial_iv_anp,CALCE_CS2_33,0.5,308,308,308,ok,,0.15582380501764323,0.009626450935276032,0.16352025198175452,0.4147727272727273,0.12879303473606638,309,128,352,step1,1
0,42,partial_iv_anp,CALCE_CS2_33,0.75,308,308,308,ok,,0.15429039084812549,0.009712073417218248,0.12402247948429315,0.3977272727272727,0.13115534183017427,309,128,352,step1,1
0,42,partial_iv_anp,CALCE_CS2_33,1.0,308,308,308,ok,,0.15101825147444747,0.0098754330808416,0.06058993405176844,0.38636363636363635,0.1358657838505238,309,128,352,step1,1
0,42,partial_iv_anp,CALCE_CS2_33,0.0,309,309,309,ok,,0.10195329365806925,0.012650064502123692,-1.2736171321501086,0.6467236467236467,0.18799730946600124,310,128,351,step1,1
0,42,partial_iv_anp,CALCE_CS2_33,0.25,309,309,309,ok,,0.16421451929690514,0.011189051956901896,0.6171392698791573,0.5299145299145299,0.11317747015901267,310,128,351,step1,1
0,42,partial_iv_anp,CALCE_CS2_33,0.5,309,309,309,ok,,0.1604478444356242,0.011704607379811716,0.3438188447949564,0.4672364672364672,0.12089135503664485,310,128,351,step1,1
0,42,partial_iv_anp,CALCE_CS2_33,0.75,309,309,309,ok,,0.15906542057163064,0.011825937551649957,0.27657296205969367,0.4444444444444444,0.12338990387775048,310,128,351,step1,1
0,42,partial_iv_anp,CALCE_CS2_33,1.0,309,309,309,ok,,0.156238491902662,0.012022086658888265,0.17137298020259015,0.4131054131054131,0.1281510684652174,310,128,351,step1,1
0,42,partial_iv_anp,CALCE_CS2_33,0.0,310,310,310,ok,,0.10222094028752728,0.013209583857656138,-1.2654172614772214,0.6485714285714286,0.18847116415139684,311,128,350,step10,10
0,42,partial_iv_anp,CALCE_CS2_33,0.0,310,310,310,ok,,0.10222094028752728,0.013209583857656138,-1.2654172614772214,0.6485714285714286,0.18847116415139684,311,128,350,step1,1
0,42,partial_iv_anp,CALCE_CS2_33,0.25,310,310,310,ok,,0.16520845688261812,0.011617060650285227,0.7112623579968531,0.5371428571428571,0.11166590909591162,311,128,350,step10,10
0,42,partial_iv_anp,CALCE_CS2_33,0.25,310,310,310,ok,,0.16520845688261812,0.011617060650285227,0.7112623579968531,0.5371428571428571,0.11166590909591162,311,128,350,step1,1
0,42,partial_iv_anp,CALCE_CS2_33,0.5,310,310,310,ok,,0.16145087844151346,0.012223482522998208,0.4027886630544624,0.4742857142857143,0.11976095854385467,311,128,350,step10,10
0,42,partial_iv_anp,CALCE_CS2_33,0.5,310,310,310,ok,,0.16145087844151346,0.012223482522998208,0.4027886630544624,0.4742857142857143,0.11976095854385467,311,128,350,step1,1
0,42,partial_iv_anp,CALCE_CS2_33,0.75,310,310,310,ok,,0.16005484372029416,0.012363408171959911,0.3270064220718716,0.46,0.12239140621538809,311,128,350,step10,10
0,42,partial_iv_anp,CALCE_CS2_33,0.75,310,310,310,ok,,0.16005484372029416,0.012363408171959911,0.3270064220718716,0.46,0.12239140621538809,311,128,350,step1,1
0,42,partial_iv_anp,CALCE_CS2_33,1.0,310,310,310,ok,,0.15719110063709274,0.012584278943404859,0.20957651511786057,0.42857142857142855,0.1273942747887031,311,128,350,step10,10
0,42,partial_iv_anp,CALCE_CS2_33,1.0,310,310,310,ok,,0.15719110063709274,0.012584278943404859,0.20957651511786057,0.42857142857142855,0.1273942747887031,311,128,350,step1,1
0,42,partial_iv_anp,CALCE_CS2_33,0.0,311,311,311,ok,,0.10242534110976824,0.01522984164909058,-1.255355671965498,0.6475644699140402,0.18854538871564117,312,128,349,step1,1
0,42,partial_iv_anp,CALCE_CS2_33,0.25,311,311,311,ok,,0.16669857775341557,0.013320385890048803,0.8922907667992396,0.5472779369627507,0.10837930337700016,312,128,349,step1,1
0,42,partial_iv_anp,CALCE_CS2_33,0.5,311,311,311,ok,,0.1636051204516219,0.014013878362292953,0.5617812981229251,0.49570200573065903,0.11565924192412343,312,128,349,step1,1
0,42,partial_iv_anp,CALCE_CS2_33,0.75,311,311,311,ok,,0.16249320076669407,0.014175437375656075,0.4790910570062535,0.49283667621776506,0.11797447709772087,312,128,349,step1,1
0,42,partial_iv_anp,CALCE_CS2_33,1.0,311,311,311,ok,,0.16002784223658525,0.014446967411464784,0.3358156266635042,0.4584527220630373,0.1227697050180507,312,128,349,step1,1
0,42,partial_iv_anp,CALCE_CS2_33,0.0,312,312,312,ok,,0.10279931353848032,0.015044243411783675,-1.26256357022723,0.6350574712643678,0.1885821111313767,313,128,348,step1,1
0,42,partial_iv_anp,CALCE_CS2_33,0.25,312,312,312,ok,,0.16777072472590177,0.012926380491052547,1.0085611599272426,0.5660919540229885,0.1065852405434368,313,128,348,step1,1
0,42,partial_iv_anp,CALCE_CS2_33,0.5,312,312,312,ok,,0.16487727309135525,0.0136841294092378,0.6531347012914116,0.5,0.11360388514611539,313,128,348,step1,1
0,42,partial_iv_anp,CALCE_CS2_33,0.75,312,312,312,ok,,0.1639325323663117,0.01384970154376397,0.5707214429476795,0.5028735632183908,0.11563789188614056,313,128,348,step1,1
0,42,partial_iv_anp,CALCE_CS2_33,1.0,312,312,312,ok,,0.16162955262689724,0.014160132654541191,0.4097217664606952,0.46839080459770116,0.12031970969496876,313,128,348,step1,1
0,42,partial_iv_anp,CALCE_CS2_33,0.0,313,313,313,ok,,0.10298920157122536,0.011620581543693387,-1.2479089940730819,0.6426512968299711,0.18966418917191544,314,128,347,step1,1
0,42,partial_iv_anp,CALCE_CS2_33,0.25,313,313,313,ok,,0.1645265116370577,0.0103611860898003,0.6017477427639892,0.49855907780979825,0.11579010665240905,314,128,347,step1,1
0,42,partial_iv_anp,CALCE_CS2_33,0.5,313,313,313,ok,,0.16033038071386718,0.010901738670726191,0.33858731796656966,0.4610951008645533,0.12406887346572101,314,128,347,step1,1
0,42,partial_iv_anp,CALCE_CS2_33,0.75,313,313,313,ok,,0.15863368819337986,0.011043075870443841,0.2698310264184033,0.45821325648414984,0.12701183545072056,314,128,347,step1,1
0,42,partial_iv_anp,CALCE_CS2_33,1.0,313,313,313,ok,,0.15527591379310837,0.011267521316074225,0.17087644860964613,0.40634005763688763,0.13235541709227908,314,128,347,step1,1
0,42,partial_iv_anp,CALCE_CS2_33,0.0,314,314,314,ok,,0.10353663083895419,0.01245049537291043,-1.2689727528492687,0.6358381502890174,0.18849447264953778,315,128,346,step1,1
0,42,partial_iv_anp,CALCE_CS2_33,0.25,314,314,314,ok,,0.16565872928039585,0.011089968839685715,0.6630906173687177,0.5115606936416185,0.11386697888030477,315,128,346,step1,1
0,42,partial_iv_anp,CALCE_CS2_33,0.5,314,314,314,ok,,0.16163819018516506,0.011668837781270924,0.37720147568211226,0.43641618497109824,0.121850357666724,315,128,346,step1,1
0,42,partial_iv_anp,CALCE_CS2_33,0.75,314,314,314,ok,,0.16036240436570823,0.011791756657745123,0.31661987812473014,0.43352601156069365,0.12408454484700895,315,128,346,step1,1
0,42,partial_iv_anp,CALCE_CS2_33,1.0,314,314,314,ok,,0.1574517047488845,0.01201830274367266,0.20881504877108298,0.4161849710982659,0.12887304305344663,315,128,346,step1,1
0,42,partial_iv_anp,CALCE_CS2_33,0.0,315,315,315,ok,,0.10353153719127,0.01327587593002244,-1.2351560093358662,0.6550724637681159,0.19005026899039498,316,128,345,step1,1
0,42,partial_iv_anp,CALCE_CS2_33,0.25,315,315,315,ok,,0.16639523256374125,0.01178906140144187,0.7643607583207784,0.5333333333333333,0.11292692656239829,316,128,345,step1,1
0,42,partial_iv_anp,CALCE_CS2_33,0.5,315,315,315,ok,,0.16241869416974625,0.012464483112865077,0.450971085479967,0.4492753623188406,0.12136106006543247,316,128,345,step1,1
0,42,partial_iv_anp,CALCE_CS2_33,0.75,315,315,315,ok,,0.16097725816173697,0.012619930849892325,0.37685078965997415,0.43478260869565216,0.12403566001111715,316,128,345,step1,1
0,42,partial_iv_anp,CALCE_CS2_33,1.0,315,315,315,ok,,0.1581186930317512,0.012862317119830324,0.2656013208663711,0.4289855072463768,0.1289545569783081,316,128,345,step1,1
0,42,partial_iv_anp,CALCE_CS2_33,0.0,316,316,316,ok,,0.1038166983396704,0.014895076646285199,-1.2312566074867772,0.6424418604651163,0.19081364451501404,317,128,344,step1,1
0,42,partial_iv_anp,CALCE_CS2_33,0.25,316,316,316,ok,,0.1680475861832114,0.01305579689991132,0.951698393644097,0.5174418604651163,0.1097797157674729,317,128,344,step1,1
0,42,partial_iv_anp,CALCE_CS2_33,0.5,316,316,316,ok,,0.16484140144881185,0.01380956109835696,0.6163637538474702,0.47093023255813954,0.11723159027035646,317,128,344,step1,1
0,42,partial_iv_anp,CALCE_CS2_33,0.75,316,316,316,ok,,0.16385454824202655,0.013965547397380207,0.5445361529527233,0.46511627906976744,0.11925487678237238,317,128,344,step1,1
0,42,partial_iv_anp,CALCE_CS2_33,1.0,316,316,316,ok,,0.16142457719203698,0.014265937894858305,0.40282452356787385,0.42441860465116277,0.12397996403991879,317,128,344,step1,1
0,42,partial_iv_anp,CALCE_CS2_33,0.0,317,317,317,ok,,0.10416988477449045,0.013466802178260684,-1.2340633941301655,0.6180758017492711,0.19088796860197998,318,128,343,step1,1
0,42,partial_iv_anp,CALCE_CS2_33,0.25,317,317,317,ok,,0.16918134598958187,0.011377166722469245,1.0837042382749045,0.5393586005830904,0.10778758639890217,318,128,343,step1,1
0,42,partial_iv_anp,CALCE_CS2_33,0.5,317,317,317,ok,,0.16617475669918844,0.012218198555322135,0.7166506834457926,0.47230320699708456,0.11507168383104847,318,128,343,step1,1
0,42,partial_iv_anp,CALCE_CS2_33,0.75,317,317,317,ok,,0.16452604153822967,0.012513393722377586,0.5788598029318354,0.446064139941691,0.11862559265397082,318,128,343,step1,1
0,42,partial_iv_anp,CALCE_CS2_33,1.0,317,317,317,ok,,0.1611364510881,0.012933024046912656,0.3815225965832078,0.4227405247813411,0.12516801551583923,318,128,343,step1,1
0,42,partial_iv_anp,CALCE_CS2_33,0.0,318,318,318,ok,,0.104558684830206,0.011128964952495934,-1.2375278470078184,0.6140350877192983,0.19107735798440817,319,128,342,step1,1
0,42,partial_iv_anp,CALCE_CS2_33,0.25,318,318,318,ok,,0.16525524447873252,0.010110865508890066,0.5964890875417633,0.4590643274853801,0.11837971310342596,319,128,342,step1,1
0,42,partial_iv_anp,CALCE_CS2_33,0.5,318,318,318,ok,,0.16059818411870164,0.01068379926296592,0.3403552641913682,0.41228070175438597,0.12703195583122198,319,128,342,step1,1
0,42,partial_iv_anp,CALCE_CS2_33,0.75,318,318,318,ok,,0.15918086086534772,0.01080522244946669,0.2903156730551993,0.4064327485380117,0.12934474749685598,319,128,342,step1,1
0,42,partial_iv_anp,CALCE_CS2_33,1.0,318,318,318,ok,,0.15597918679040315,0.011036061410580111,0.2033381078327972,0.3888888888888889,0.13425643514886637,319,128,342,step1,1
0,42,partial_iv_anp,CALCE_CS2_33,0.0,319,319,319,ok,,0.1051785000166824,0.011249867376864842,-1.2618598608684366,0.6304985337243402,0.19055100435922745,320,128,341,step1,1
0,42,partial_iv_anp,CALCE_CS2_33,0.25,319,319,319,ok,,0.16664026823620298,0.010110420720567004,0.6668245810974726,0.45454545454545453,0.11638154016111643,320,128,341,step1,1
0,42,partial_iv_anp,CALCE_CS2_33,0.5,319,319,319,ok,,0.16199791526899132,0.01075267986467121,0.3711580640225121,0.41935483870967744,0.125164646280081,320,128,341,step1,1
0,42,partial_iv_anp,CALCE_CS2_33,0.75,319,319,319,ok,,0.16057768551678492,0.010886611748187613,0.31268520951417067,0.41055718475073316,0.12752242710494288,320,128,341,step1,1
0,42,partial_iv_anp,CALCE_CS2_33,1.0,319,319,319,ok,,0.15737283057587928,0.011137152776893977,0.2111015510756851,0.39882697947214074,0.13251515216800927,320,128,341,step1,1
0,42,partial_iv_anp,CALCE_CS2_33,0.0,320,320,320,ok,,0.1054719061401605,0.011020023988414951,-1.25633985581848,0.6176470588235294,0.1910396094467414,321,128,340,step10,10
0,42,partial_iv_anp,CALCE_CS2_33,0.0,320,320,320,ok,,0.1054719061401605,0.011020023988414951,-1.25633985581848,0.6176470588235294,0.1910396094467414,321,128,340,step1,1
0,42,partial_iv_anp,CALCE_CS2_33,0.25,320,320,320,ok,,0.16703298107160158,0.009885739290867002,0.6921102607965669,0.47352941176470587,0.11636556933402341,321,128,340,step10,10
0,42,partial_iv_anp,CALCE_CS2_33,0.25,320,320,320,ok,,0.16703298107160158,0.009885739290867002,0.6921102607965669,0.47352941176470587,0.11636556933402341,321,128,340,step1,1
0,42,partial_iv_anp,CALCE_CS2_33,0.5,320,320,320,ok,,0.16255852958351402,0.010531891560119577,0.3995499122151893,0.4147058823529412,0.12488918972275925,321,128,340,step10,10
0,42,partial_iv_anp,CALCE_CS2_33,0.5,320,320,320,ok,,0.16255852958351402,0.010531891560119577,0.3995499122151893,0.4147058823529412,0.12488918972275925,321,128,340,step1,1
0,42,partial_iv_anp,CALCE_CS2_33,0.75,320,320,320,ok,,0.1612335788746952,0.010664153794942233,0.34264345287636394,0.4088235294117647,0.12711214075647573,321,128,340,step10,10
0,42,partial_iv_anp,CALCE_CS2_33,0.75,320,320,320,ok,,0.1612335788746952,0.010664153794942233,0.34264345287636394,0.4088235294117647,0.12711214075647573,321,128,340,step1,1
0,42,partial_iv_anp,CALCE_CS2_33,1.0,320,320,320,ok,,0.15797086198743734,0.010932103121263137,0.23410198762537165,0.40294117647058825,0.13226474040356484,321,128,340,step10,10
0,42,partial_iv_anp,CALCE_CS2_33,1.0,320,320,320,ok,,0.15797086198743734,0.010932103121263137,0.23410198762537165,0.40294117647058825,0.13226474040356484,321,128,340,step1,1
0,42,partial_iv_anp,CALCE_CS2_33,0.0,321,321,321,ok,,0.10574145631656262,0.012171825197130337,-1.2469454086557747,0.616519174041298,0.19154796202411464,322,128,339,step1,1
0,42,partial_iv_anp,CALCE_CS2_33,0.25,321,321,321,ok,,0.16732754729024096,0.011057390609595874,0.711843776184818,0.471976401179941,0.1165782899037777,322,128,339,step1,1
0,42,partial_iv_anp,CALCE_CS2_33,0.5,321,321,321,ok,,0.163273619226449,0.011675265711417304,0.4397913865771317,0.4218289085545723,0.1243814460235414,322,128,339,step1,1
0,42,partial_iv_anp,CALCE_CS2_33,0.75,321,321,321,ok,,0.162257946938524,0.011787313587968362,0.3935027254070921,0.41297935103244837,0.12611016062474714,322,128,339,step1,1
0,42,partial_iv_anp,CALCE_CS2_33,1.0,321,321,321,ok,,0.1594753671469642,0.012041537926305801,0.2891427595362968,0.39233038348082594,0.13066613403349647,322,128,339,step1,1
0,42,partial_iv_anp,CALCE_CS2_33,0.0,322,322,322,ok,,0.10611378337954974,0.01421778045483002,-1.249593896321027,0.6242603550295858,0.1910717090285534,323,128,338,step1,1
0,42,partial_iv_anp,CALCE_CS2_33,0.25,322,322,322,ok,,0.17049009401893864,0.012424606159553542,1.0558128420983641,0.5088757396449705,0.10978992729186095,323,128,338,step1,1
0,42,partial_iv_anp,CALCE_CS2_33,0.5,322,322,322,ok,,0.16691986074820905,0.013292465267160214,0.6732265535760212,0.46745562130177515,0.11764531009937639,323,128,338,step1,1
0,42,partial_iv_anp,CALCE_CS2_33,0.75,322,322,322,ok,,0.1658214701738519,0.013474258164773989,0.5919546138056931,0.4526627218934911,0.11978126623063463,323,128,338,step1,1
0,42,partial_iv_anp,CALCE_CS2_33,1.0,322,322,322,ok,,0.1631714589756976,0.013821500715774815,0.4359291518709805,0.4289940828402367,0.1246651069199167,323,128,338,step1,1
0,42,partial_iv_anp,CALCE_CS2_33,0.0,323,323,323,ok,,0.1062169942838205,0.011549060092995722,-1.2263830123394552,0.6320474777448071,0.19257809594150604,324,128,337,step1,1
0,42,partial_iv_anp,CALCE_CS2_33,0.25,323,323,323,ok,,0.16798692909800583,0.01045535037932388,0.7629037185542107,0.4599406528189911,0.11668141414960759,324,128,337,step1,1
0,42,partial_iv_anp,CALCE_CS2_33,0.5,323,323,323,ok,,0.1632988315820467,0.011189124235726489,0.45202425684677777,0.4124629080118694,0.12576059750496754,324,128,337,step1,1
0,42,partial_iv_anp,CALCE_CS2_33,0.75,323,323,323,ok,,0.16182885425051985,0.011344952196812752,0.38956605623525437,0.3916913946587537,0.1282535639822556,324,128,337,step1,1
0,42,partial_iv_anp,CALCE_CS2_33,1.0,323,323,323,ok,,0.15857787418159883,0.011627996524790962,0.2842188312073811,0.39762611275964393,0.13342093157722767,324,128,337,step1,1
0,42,partial_iv_anp,CALCE_CS2_33,0.0,324,324,324,ok,,0.10647593540020385,0.011439511187439688,-1.2179804700484842,0.6339285714285714,0.19322710604127324,325,128,336,step1,1
0,42,partial_iv_anp,CALCE_CS2_33,0.25,324,324,324,ok,,0.16742700749469025,0.010533364475615481,0.7069404189201298,0.4523809523809524,0.11874221608788665,325,128,336,step1,1
0,42,partial_iv_anp,CALCE_CS2_33,0.5,324,324,324,ok,,0.16282582499866197,0.011195326752365897,0.43493918386904035,0.40476190476190477,0.1273462990671206,325,128,336,step1,1
0,42,partial_iv_anp,CALCE_CS2_33,0.75,324,324,324,ok,,0.16170159584010774,0.011312462388947453,0.39152390065618886,0.38392857142857145,0.12919499201088008,325,128,336,step1,1
0,42,partial_iv_anp,CALCE_CS2_33,1.0,324,324,324,ok,,0.15853441293644546,0.0115879373825023,0.29316054737189745,0.38095238095238093,0.1341824328531535,325,128,336,step1,1
0,42,partial_iv_anp,CALCE_CS2_33,0.0,325,325,325,ok,,0.10677717409517076,0.012133481347200825,-1.2122769263815663,0.6149253731343284,0.1935577050331507,326,128,335,step1,1
0,42,partial_iv_anp,CALCE_CS2_33,0.25,325,325,325,ok,,0.16903498927186,0.01098544894053044,0.8453911966579674,0.4626865671641791,0.11601922001401375,326,128,335,step1,1
0,42,partial_iv_anp,CALCE_CS2_33,0.5,325,325,325,ok,,0.1642743584538781,0.011804760429622307,0.5067688771809276,0.41492537313432837,0.1254325663820841,326,128,335,step1,1
0,42,partial_iv_anp,CALCE_CS2_33,0.75,325,325,325,ok,,0.16279421654968768,0.011975022349230313,0.4397816326107216,0.40298507462686567,0.12799100526565094,326,128,335,step1,1
0,42,partial_iv_anp,CALCE_CS2_33,1.0,325,325,325,ok,,0.15960570969620727,0.012274979724997803,0.3297153138382501,0.39104477611940297,0.13315560134951604,326,128,335,step1,1
0,42,partial_iv_anp,CALCE_CS2_33,0.0,326,326,326,ok,,0.10720702568088143,0.011479100552645116,-1.2171523440756824,0.5988023952095808,0.1936076122398934,327,128,334,step1,1
0,42,partial_iv_anp,CALCE_CS2_33,0.25,326,326,326,ok,,0.16895524678902024,0.010466241526722597,0.8097260446146819,0.44610778443113774,0.11714398127432633,327,128,334,step1,1
0,42,partial_iv_anp,CALCE_CS2_33,0.5,326,326,326,ok,,0.1642415981839138,0.011236793806693512,0.4935530725745736,0.4101796407185629,0.1261865255455411,327,128,334,step1,1
0,42,partial_iv_anp,CALCE_CS2_33,0.75,326,326,326,ok,,0.16282676774184848,0.011396771215776313,0.4321084667470104,0.39221556886227543,0.12857567428514663,327,128,334,step1,1
0,42,partial_iv_anp,CALCE_CS2_33,1.0,326,326,326,ok,,0.15948073352026884,0.011707686570827103,0.32050660434183637,0.38023952095808383,0.13389129090441806,327,128,334,step1,1
0,42,partial_iv_anp,CALCE_CS2_33,0.0,327,327,327,ok,,0.10755630283920821,0.014903642955427787,-1.2156575720378793,0.6126126126126126,0.19379868846355522,328,128,333,step1,1
0,42,partial_iv_anp,CALCE_CS2_33,0.25,327,327,327,ok,,0.1721695354543592,0.013121563321286223,1.1764392766718432,0.5195195195195195,0.11049361437366445,328,128,333,step1,1
0,42,partial_iv_anp,CALCE_CS2_33,0.5,327,327,327,ok,,0.16854420997168218,0.014095544348397104,0.7738816047188067,0.43543543543543545,0.11855344470964069,328,128,333,step1,1
0,42,partial_iv_anp,CALCE_CS2_33,0.75,327,327,327,ok,,0.1675427252901075,0.014282756947680442,0.6970726815838967,0.4294294294294294,0.12052071744572393,328,128,333,step1,1
0,42,partial_iv_anp,CALCE_CS2_33,1.0,327,327,327,ok,,0.16497292921735943,0.014669764331947,0.5372508987918606,0.4024024024024024,0.12535146286046897,328,128,333,step1,1
0,42,partial_iv_anp,CALCE_CS2_33,0.0,328,328,328,ok,,0.10793295259845366,0.016003730173343556,-1.2150821865168735,0.608433734939759,0.19456783373076214,329,128,332,step1,1
0,42,partial_iv_anp,CALCE_CS2_33,0.25,328,328,328,ok,,0.1735922598672454,0.01382176488439546,1.3699723261627095,0.5240963855421686,0.10804356087563463,329,128,332,step1,1
0,42,partial_iv_anp,CALCE_CS2_33,0.5,328,328,328,ok,,0.17039619192953184,0.014893664789821348,0.9338473690934513,0.4608433734939759,0.11564455753685368,329,128,332,step1,1
0,42,partial_iv_anp,CALCE_CS2_33,0.75,328,328,328,ok,,0.16942727293078597,0.015123120601603035,0.8400994238731458,0.4427710843373494,0.11769518774705416,329,128,332,step1,1
0,42,partial_iv_anp,CALCE_CS2_33,1.0,328,328,328,ok,,0.16686735324848728,0.015603204421451466,0.641346991828934,0.4186746987951807,0.12285686209364852,329,128,332,step1,1
0,42,partial_iv_anp,CALCE_CS2_33,0.0,329,329,329,ok,,0.10818751090931455,0.016907267153574046,-1.2062254024111565,0.6283987915407855,0.19575324818891113,330,128,331,step1,1
0,42,partial_iv_anp,CALCE_CS2_33,0.25,329,329,329,ok,,0.17441869077948371,0.0144703021674224,1.497444839398355,0.525679758308157,0.10694494632994017,330,128,331,step1,1
0,42,partial_iv_anp,CALCE_CS2_33,0.5,329,329,329,ok,,0.17123847532396086,0.015669047801161406,1.0179128127127026,0.48036253776435045,0.1148183862290626,330,128,331,step1,1
0,42,partial_iv_anp,CALCE_CS2_33,0.75,329,329,329,ok,,0.17022691682296462,0.01593534061444757,0.9106335750165312,0.459214501510574,0.11704692869332399,330,128,331,step1,1
0,42,partial_iv_anp,CALCE_CS2_33,1.0,329,329,329,ok,,0.1677538149679278,0.01644927857627998,0.7017162255462368,0.4259818731117825,0.12220793866828673,330,128,331,step1,1
0,42,partial_iv_anp,CALCE_CS2_33,0.0,330,330,330,ok,,0.10844805794970663,0.017570105412105574,-1.2002670384471845,0.6060606060606061,0.19655219034385407,331,128,330,step10,10
0,42,partial_iv_anp,CALCE_CS2_33,0.0,330,330,330,ok,,0.10844805794970663,0.017570105412105574,-1.2002670384471845,0.6060606060606061,0.19655219034385407,331,128,330,step1,1
0,42,partial_iv_anp,CALCE_CS2_33,0.25,330,330,330,ok,,0.17491713216316157,0.015041528793797276,1.559867519723727,0.5272727272727272,0.10665265666617206,331,128,330,step10,10
0,42,partial_iv_anp,CALCE_CS2_33,0.25,330,330,330,ok,,0.17491713216316157,0.015041528793797276,1.559867519723727,0.5272727272727272,0.10665265666617206,331,128,330,step1,1
0,42,partial_iv_anp,CALCE_CS2_33,0.5,330,330,330,ok,,0.17189634708084442,0.016244057142149826,1.0827933425377965,0.4818181818181818,0.11421651781696204,331,128,330,step10,10
0,42,partial_iv_anp,CALCE_CS2_33,0.5,330,330,330,ok,,0.17189634708084442,0.016244057142149826,1.0827933425377965,0.4818181818181818,0.11421651781696204,331,128,330,step1,1
0,42,partial_iv_anp,CALCE_CS2_33,0.75,330,330,330,ok,,0.1709267549701397,0.016518692518618483,0.973385172940709,0.4636363636363636,0.11639092510011893,331,128,330,step10,10
0,42,partial_iv_anp,CALCE_CS2_33,0.75,330,330,330,ok,,0.1709267549701397,0.016518692518618483,0.973385172940709,0.4636363636363636,0.11639092510011893,331,128,330,step1,1
0,42,partial_iv_anp,CALCE_CS2_33,1.0,330,330,330,ok,,0.16847926108783198,0.017067416899166576,0.7524679592350768,0.42424242424242425,0.12160117582006655,331,128,330,step10,10
0,42,partial_iv_anp,CALCE_CS2_33,1.0,330,330,330,ok,,0.16847926108783198,0.017067416899166576,0.7524679592350768,0.42424242424242425,0.12160117582006655,331,128,330,step1,1
0,42,partial_iv_anp,CALCE_CS2_33,0.0,331,331,331,ok,,0.1087019341838554,0.018884507546898188,-1.1907097332801135,0.60790273556231,0.19783425954275957,332,128,329,step1,1
0,42,partial_iv_anp,CALCE_CS2_33,0.25,331,331,331,ok,,0.1757650634587518,0.01601694254134034,1.7120876373036367,0.5319148936170213,0.10538330413924618,332,128,329,step1,1
0,42,partial_iv_anp,CALCE_CS2_33,0.5,331,331,331,ok,,0.17292465232604215,0.017323040941281675,1.204825666558037,0.5045592705167173,0.1128572208235676,332,128,329,step1,1
0,42,partial_iv_anp,CALCE_CS2_33,0.75,331,331,331,ok,,0.17207642560924008,0.01760500708021462,1.0955788940896052,0.47720364741641336,0.1148599938336273,332,128,329,step1,1
0,42,partial_iv_anp,CALCE_CS2_33,1.0,331,331,331,ok,,0.16984864251077758,0.01820093924211641,0.8616542176987981,0.4316109422492401,0.11989555690009017,332,128,329,step1,1
0,42,partial_iv_anp,CALCE_CS2_33,0.0,332,332,332,ok,,0.10920278856706629,0.019688018706181976,-1.2027715132247359,0.6097560975609756,0.19786233485676813,333,128,328,step1,1
0,42,partial_iv_anp,CALCE_CS2_33,0.25,332,332,332,ok,,0.17703646900576542,0.016364853683060065,1.9271810870645725,0.5487804878048781,0.10320374183538901,333,128,328,step1,1
0,42,partial_iv_anp,CALCE_CS2_33,0.5,332,332,332,ok,,0.17442596124606846,0.01775568844052522,1.3806251093826651,0.5304878048780488,0.11029351073757922,333,128,328,step1,1
0,42,partial_iv_anp,CALCE_CS2_33,0.75,332,332,332,ok,,0.17353232098589388,0.018106282004499707,1.2432424725670073,0.5121951219512195,0.11250246264726092,333,128,328,step1,1
0,42,partial_iv_anp,CALCE_CS2_33,1.0,332,332,332,ok,,0.17127181807280306,0.01881180460977039,0.9642145739736177,0.45121951219512196,0.1178210048579814,333,128,328,step1,1
0,42,partial_iv_anp,CALCE_CS2_33,0.0,333,333,333,ok,,0.10989612850987654,0.020048986741851738,-1.2308731140235198,0.6207951070336392,0.19704810815493312,334,128,327,step1,1
0,42,partial_iv_anp,CALCE_CS2_33,0.25,333,333,333,ok,,0.17824748149287659,0.016472911656272182,2.0925003543751517,0.5321100917431193,0.10156731497379365,334,128,327,step1,1
0,42,partial_iv_anp,CALCE_CS2_33,0.5,333,333,333,ok,,0.17551780383142176,0.017984329628133566,1.4736309615043441,0.5168195718654435,0.10888275152583274,334,128,327,step1,1
0,42,partial_iv_anp,CALCE_CS2_33,0.75,333,333,333,ok,,0.1746543684595497,0.01833641320179702,1.3303581946204128,0.5290519877675841,0.11098877534386664,334,128,327,step1,1
0,42,partial_iv_anp,CALCE_CS2_33,1.0,333,333,333,ok,,0.17240892217435425,0.019072960812237527,1.0283279659773905,0.4831804281345566,0.1162305672549796,334,128,327,step1,1
0,42,partial_iv_anp,CALCE_CS2_33,0.0,334,334,334,ok,,0.11014924580440306,0.020660398958364024,-1.2227358014368102,0.6319018404907976,0.1981766918238397,335,128,326,step1,1
0,42,partial_iv_anp,CALCE_CS2_33,0.25,334,334,334,ok,,0.17859936359056156,0.01697419557745472,2.142680060390261,0.549079754601227,0.10159681246600578,335,128,326,step1,1
0,42,partial_iv_anp,CALCE_CS2_33,0.5,334,334,334,ok,,0.17590629539996114,0.018536291629623447,1.5149873570255765,0.5214723926380368,0.10895398001563705,335,128,326,step1,1
0,42,partial_iv_anp,CALCE_CS2_33,0.75,334,334,334,ok,,0.175003840497217,0.018922094083491103,1.3611933696943772,0.5061349693251533,0.1112045042220323,335,128,326,step1,1
0,42,partial_iv_anp,CALCE_CS2_33,1.0,334,334,334,ok,,0.17275682417849922,0.019690774709642866,1.0534802907282157,0.4754601226993865,0.11654160371442283,335,128,326,step1,1
0,42,partial_iv_anp,CALCE_CS2_33,0.0,335,335,335,ok,,0.11029823347239352,0.02102015506291477,-1.2088957894897645,0.6492307692307693,0.19959470655067232,336,128,325,step1,1
0,42,partial_iv_anp,CALCE_CS2_33,0.25,335,335,335,ok,,0.17863565185632266,0.01739810020253718,2.119500184545291,0.5476923076923077,0.10242831613066956,336,128,325,step1,1
0,42,partial_iv_anp,CALCE_CS2_33,0.5,335,335,335,ok,,0.17596923283992116,0.018950548291088554,1.510035409957196,0.5323076923076923,0.10976605150423073,336,128,325,step1,1
0,42,partial_iv_anp,CALCE_CS2_33,0.75,335,335,335,ok,,0.17515029899516682,0.019304931670032444,1.3727016471251776,0.5015384615384615,0.11181743828009215,336,128,325,step1,1
0,42,partial_iv_anp,CALCE_CS2_33,1.0,335,335,335,ok,,0.17297118125100855,0.020070077739009484,1.0746366680898165,0.48923076923076925,0.11705924763540553,336,128,325,step1,1
0,42,partial_iv_anp,CALCE_CS2_33,0.0,336,336,336,ok,,0.1105721491310513,0.02141624956306354,-1.2041700251807301,0.6512345679012346,0.20035246075933819,337,128,324,step1,1
0,42,partial_iv_anp,CALCE_CS2_33,0.25,336,336,336,ok,,0.17912416365840203,0.01763188624675549,2.2002867306740668,0.5339506172839507,0.10205733642373703,337,128,324,step1,1
0,42,partial_iv_anp,CALCE_CS2_33,0.5,336,336,336,ok,,0.17651087146257172,0.01923431161048539,1.5763701129061116,0.5216049382716049,0.10935617185307284,337,128,324,step1,1
0,42,partial_iv_anp,CALCE_CS2_33,0.75,336,336,336,ok,,0.17560484883514532,0.019647728768577233,1.4175010083505217,0.5061728395061729,0.1116749894514388,337,128,324,step1,1
0,42,partial_iv_anp,CALCE_CS2_33,1.0,336,336,336,ok,,0.17336202448928614,0.02046686026364619,1.1026181344688732,0.49691358024691357,0.11713610168823367,337,128,324,step1,1
0,42,partial_iv_anp,CALCE_CS2_33,0.0,337,337,337,ok,,0.11076171161080402,0.02191676557405242,-1.193374983314306,0.6408668730650154,0.20128620781449313,338,128,323,step1,1
0,42,partial_iv_anp,CALCE_CS2_33,0.25,337,337,337,ok,,0.179277236357998,0.018147363417693074,2.2023893026953916,0.5294117647058824,0.10253500017091886,338,128,323,step1,1
0,42,partial_iv_anp,CALCE_CS2_33,0.5,337,337,337,ok,,0.1766773718245084,0.019760994563127077,1.585186383794335,0.5108359133126935,0.10984129007343205,338,128,323,step1,1
0,42,partial_iv_anp,CALCE_CS2_33,0.75,337,337,337,ok,,0.1758271249282939,0.020156061916410395,1.4366019432274904,0.5077399380804953,0.11202786892011671,338,128,323,step1,1
0,42,partial_iv_anp,CALCE_CS2_33,1.0,337,337,337,ok,,0.17360482274180042,0.020988925499819122,1.1232985897669565,0.48297213622291024,0.11748936210477595,338,128,323,step1,1
0,42,partial_iv_anp,CALCE_CS2_33,0.0,338,338,338,ok,,0.11114642025374408,0.02238979407952324,-1.1974782096002632,0.6366459627329193,0.20153835494245093,339,128,322,step1,1
0,42,partial_iv_anp,CALCE_CS2_33,0.25,338,338,338,ok,,0.17986758650030565,0.018487587221149293,2.2830152871442393,0.5279503105590062,0.10205725004004575,339,128,322,step1,1
0,42,partial_iv_anp,CALCE_CS2_33,0.5,338,338,338,ok,,0.17721363948539512,0.020181730367356154,1.6322403388066127,0.5062111801242236,0.10953285564146618,339,128,322,step1,1
0,42,partial_iv_anp,CALCE_CS2_33,0.75,338,338,338,ok,,0.17632380945935366,0.020605513690066135,1.4723997458359925,0.5062111801242236,0.11182917022696755,339,128,322,step1,1
0,42,partial_iv_anp,CALCE_CS2_33,1.0,338,338,338,ok,,0.1741117169461557,0.02145485719955298,1.1530865525064653,0.4782608695652174,0.11727156844074904,339,128,322,step1,1
0,42,partial_iv_anp,CALCE_CS2_33,0.0,339,339,339,ok,,0.11170077718308072,0.022582618356030815,-1.2121580148907825,0.6542056074766355,0.20182577163489848,340,128,321,step1,1
0,42,partial_iv_anp,CALCE_CS2_33,0.25,339,339,339,ok,,0.18051451780736683,0.018618840761341016,2.3388297052862312,0.5420560747663551,0.10197852240371419,340,128,321,step1,1
0,42,partial_iv_anp,CALCE_CS2_33,0.5,339,339,339,ok,,0.1778949513014086,0.020320934886101538,1.6800266161905226,0.5295950155763239,0.1093177454317809,340,128,321,step1,1
0,42,partial_iv_anp,CALCE_CS2_33,0.75,339,339,339,ok,,0.17709188177666996,0.020715406164505512,1.530776169484796,0.5202492211838006,0.11137743928316232,340,128,321,step1,1
0,42,partial_iv_anp,CALCE_CS2_33,1.0,339,339,339,ok,,0.17488440579917766,0.021600359023959514,1.1962015696039496,0.48909657320872274,0.11683182103357706,340,128,321,step1,1
0,42,partial_iv_anp,CALCE_CS2_33,0.0,340,340,340,ok,,0.1122476867814631,0.017602594063343635,-1.227840794119677,0.671875,0.20201508057409373,341,128,320,step10,10
0,42,partial_iv_anp,CALCE_CS2_33,0.0,340,340,340,ok,,0.1122476867814631,0.017602594063343635,-1.227840794119677,0.671875,0.20201508057409373,341,128,320,step1,1
0,42,partial_iv_anp,CALCE_CS2_33,0.25,340,340,340,ok,,0.17862457964847775,0.015286691565611688,1.7107352655733923,0.521875,0.10931578773753356,341,128,320,step10,10
0,42,partial_iv_anp,CALCE_CS2_33,0.25,340,340,340,ok,,0.17862457964847775,0.015286691565611688,1.7107352655733923,0.521875,0.10931578773753356,341,128,320,step1,1
0,42,partial_iv_anp,CALCE_CS2_33,0.5,340,340,340,ok,,0.17431737900790265,0.016984104780735088,1.0642845762719322,0.503125,0.1196294043587551,341,128,320,step10,10
0,42,partial_iv_anp,CALCE_CS2_33,0.5,340,340,340,ok,,0.17431737900790265,0.016984104780735088,1.0642845762719322,0.503125,0.1196294043587551,341,128,320,step1,1
0,42,partial_iv_anp,CALCE_CS2_33,0.75,340,340,340,ok,,0.17264568080440473,0.017411934596281098,0.9034252805570631,0.484375,0.12313311045909428,341,128,320,step10,10
0,42,partial_iv_anp,CALCE_CS2_33,0.75,340,340,340,ok,,0.17264568080440473,0.017411934596281098,0.9034252805570631,0.484375,0.12313311045909428,341,128,320,step1,1
0,42,partial_iv_anp,CALCE_CS2_33,1.0,340,340,340,ok,,0.169299076333827,0.018059452263976317,0.6678093893046231,0.425,0.12958279162838587,341,128,320,step10,10
0,42,partial_iv_anp,CALCE_CS2_33,1.0,340,340,340,ok,,0.169299076333827,0.018059452263976317,0.6678093893046231,0.425,0.12958279162838587,341,128,320,step1,1
0,42,partial_iv_anp,CALCE_CS2_33,0.0,341,341,341,ok,,0.11257069686974465,0.01575575636521176,-1.2244311132175176,0.670846394984326,0.20242517460416437,342,128,319,step1,1
0,42,partial_iv_anp,CALCE_CS2_33,0.25,341,341,341,ok,,0.17563001796937494,0.014854189737970369,1.180968805333751,0.5047021943573667,0.11785942779668367,342,128,319,step1,1
0,42,partial_iv_anp,CALCE_CS2_33,0.5,341,341,341,ok,,0.17082263130417846,0.01603885501091251,0.749296134713744,0.445141065830721,0.12765307036708748,342,128,319,step1,1
0,42,partial_iv_anp,CALCE_CS2_33,0.75,341,341,341,ok,,0.1695419088482402,0.01626063995318161,0.6734651275923362,0.43573667711598746,0.1299662731496414,342,128,319,step1,1
0,42,partial_iv_anp,CALCE_CS2_33,1.0,341,341,341,ok,,0.16624974155702293,0.016725481083969318,0.519587592809613,0.3667711598746082,0.13559681237920373,342,128,319,step1,1
0,42,partial_iv_anp,CALCE_CS2_33,0.0,342,342,342,ok,,0.1129391081537107,0.01649384267155629,-1.2210057254408024,0.6823899371069182,0.20331248728168547,343,128,318,step1,1
0,42,partial_iv_anp,CALCE_CS2_33,0.25,342,342,342,ok,,0.1768848081662672,0.015315008210891379,1.320705560326127,0.5220125786163522,0.11607412094366934,343,128,318,step1,1
0,42,partial_iv_anp,CALCE_CS2_33,0.5,342,342,342,ok,,0.1722524523748894,0.016630248319073004,0.8421437912178042,0.4371069182389937,0.12595745643850018,343,128,318,step1,1
0,42,partial_iv_anp,CALCE_CS2_33,0.75,342,342,342,ok,,0.17099670634887476,0.016878093342638345,0.7563870620649461,0.42452830188679247,0.12832408868774628,343,128,318,step1,1
0,42,partial_iv_anp,CALCE_CS2_33,1.0,342,342,342,ok,,0.16779800840457795,0.01738854289960967,0.5843760688280192,0.4088050314465409,0.13404488020783864,343,128,318,step1,1
0,42,partial_iv_anp,CALCE_CS2_33,0.0,343,343,343,ok,,0.11336543509911817,0.01630689774704941,-1.2221731131295637,0.6750788643533123,0.20367751619082788,344,128,317,step1,1
0,42,partial_iv_anp,CALCE_CS2_33,0.25,343,343,343,ok,,0.17589525238436562,0.015644215139191342,1.1539904275757134,0.5047318611987381,0.11954488411835937,344,128,317,step1,1
0,42,partial_iv_anp,CALCE_CS2_33,0.5,343,343,343,ok,,0.17068858706383297,0.016870149100782217,0.7197485660026256,0.42586750788643535,0.12994670760287105,344,128,317,step1,1
0,42,partial_iv_anp,CALCE_CS2_33,0.75,343,343,343,ok,,0.16969074173703308,0.017038088138952356,0.6658496253378364,0.42902208201892744,0.13169115291397615,344,128,317,step1,1
0,42,partial_iv_anp,CALCE_CS2_33,1.0,343,343,343,ok,,0.16693892604114827,0.01743061143471114,0.5406310608572735,0.41009463722397477,0.13635902725224372,344,128,317,step1,1
0,42,partial_iv_anp,CALCE_CS2_33,0.0,344,344,344,ok,,0.11387739623033256,0.01902025673179142,-1.2301111348523635,0.6708860759493671,0.20328547012880935,345,128,316,step1,1
0,42,partial_iv_anp,CALCE_CS2_33,0.25,344,344,344,ok,,0.1802483212277209,0.01680298314796691,1.8026632288189206,0.509493670886076,0.10982506333060771,345,128,316,step1,1
0,42,partial_iv_anp,CALCE_CS2_33,0.5,344,344,344,ok,,0.17651534060086987,0.01837089758678989,1.2103051716289603,0.4810126582278481,0.11865791787030282,345,128,316,step1,1
0,42,partial_iv_anp,CALCE_CS2_33,0.75,344,344,344,ok,,0.1755213532128517,0.018671278498787025,1.1002497780632363,0.4778481012658228,0.12075068908189913,345,128,316,step1,1
0,42,partial_iv_anp,CALCE_CS2_33,1.0,344,344,344,ok,,0.1727970712374231,0.019340098299280406,0.8559030332890959,0.439873417721519,0.12625942498503745,345,128,316,step1,1
0,42,partial_iv_anp,CALCE_CS2_33,0.0,345,345,345,ok,,0.11407316727813022,0.01747858973412042,-1.217313351714626,0.6730158730158731,0.20408033287015667,346,128,315,step1,1
0,42,partial_iv_anp,CALCE_CS2_33,0.25,345,345,345,ok,,0.18099727618929726,0.014955402285951491,1.9418485754382104,0.5047619047619047,0.10866661152008757,346,128,315,step1,1
0,42,partial_iv_anp,CALCE_CS2_33,0.5,345,345,345,ok,,0.1768613969539024,0.016830141209765004,1.2444654232884516,0.49206349206349204,0.11874615802395892,346,128,315,step1,1
0,42,partial_iv_anp,CALCE_CS2_33,0.75,345,345,345,ok,,0.17498730581018318,0.017389799073369128,1.040424169266527,0.4666666666666667,0.12277424076560009,346,128,315,step1,1
0,42,partial_iv_anp,CALCE_CS2_33,1.0,345,345,345,ok,,0.17136701748325475,0.018186278657980615,0.7606372766085415,0.4253968253968254,0.12986305581879093,346,128,315,step1,1
0,42,partial_iv_anp,CALCE_CS2_33,0.0,346,346,346,ok,,0.1141676809562159,0.01591029581957981,-1.1966901062028097,0.6656050955414012,0.20527365719691593,347,128,314,step1,1
0,42,partial_iv_anp,CALCE_CS2_33,0.25,346,346,346,ok,,0.17695472023863631,0.015299113158225852,1.2378651220685897,0.49044585987261147,0.11974198626902591,347,128,314,step1,1
0,42,partial_iv_anp,CALCE_CS2_33,0.5,346,346,346,ok,,0.17193647232161918,0.016595549748855465,0.8003302960156841,0.42356687898089174,0.12995978403208255,347,128,314,step1,1
0,42,partial_iv_anp,CALCE_CS2_33,0.75,346,346,346,ok,,0.17066208507412636,0.016827979899729617,0.7277141035969236,0.40445859872611467,0.13225443648798088,347,128,314,step1,1
0,42,partial_iv_anp,CALCE_CS2_33,1.0,346,346,346,ok,,0.16732242802967945,0.017326101463743915,0.5768726743995418,0.37579617834394907,0.1379542962494582,347,128,314,step1,1
0,42,partial_iv_anp,CALCE_CS2_33,0.0,347,347,347,ok,,0.11457119115660509,0.017350939406898802,-1.196600313833323,0.6805111821086262,0.2057076753866936,348,128,313,step1,1
0,42,partial_iv_anp,CALCE_CS2_33,0.25,347,347,347,ok,,0.17893360022050625,0.01617914601417636,1.4809456277937596,0.5079872204472844,0.116127530815048,348,128,313,step1,1
0,42,partial_iv_anp,CALCE_CS2_33,0.5,347,347,347,ok,,0.17450704665364225,0.01762216235231384,0.9807247499211982,0.4504792332268371,0.125774483656837,348,128,313,step1,1
0,42,partial_iv_anp,CALCE_CS2_33,0.75,347,347,347,ok,,0.17347457871351116,0.01786303766651376,0.9020977505023451,0.43450479233226835,0.1277628188488503,348,128,313,step1,1
0,42,partial_iv_anp,CALCE_CS2_33,1.0,347,347,347,ok,,0.17043486456778628,0.018443334844691295,0.7143377153473581,0.41214057507987223,0.13340207108038402,348,128,313,step1,1
0,42,partial_iv_anp,CALCE_CS2_33,0.0,348,348,348,ok,,0.11527698432346205,0.0172185663114659,-1.2149082281534744,0.6923076923076923,0.20534524917196256,349,128,312,step1,1
0,42,partial_iv_anp,CALCE_CS2_33,0.25,348,348,348,ok,,0.1786205395054044,0.016474721310233198,1.361198525339114,0.5064102564102564,0.11822739362898756,349,128,312,step1,1
0,42,partial_iv_anp,CALCE_CS2_33,0.5,348,348,348,ok,,0.17359081908888851,0.01788428574154821,0.8687673320945194,0.44551282051282054,0.1285337701119154,349,128,312,step1,1
0,42,partial_iv_anp,CALCE_CS2_33,0.75,348,348,348,ok,,0.1728995726044783,0.01802623996219488,0.8246874572807511,0.4391025641025641,0.1297560834710449,349,128,312,step1,1
0,42,partial_iv_anp,CALCE_CS2_33,1.0,348,348,348,ok,,0.1700996547887503,0.01851278688101443,0.667792541751678,0.3974358974358974,0.13469814397145244,349,128,312,step1,1
0,42,partial_iv_anp,CALCE_CS2_33,0.0,349,349,349,ok,,0.11566745526064275,0.020170958409687523,-1.213603349920313,0.6720257234726688,0.20592442143288184,350,128,311,step1,1
0,42,partial_iv_anp,CALCE_CS2_33,0.25,349,349,349,ok,,0.18254893455594584,0.017772266472023568,2.0301443671214683,0.4983922829581994,0.10954781525563227,350,128,311,step1,1
0,42,partial_iv_anp,CALCE_CS2_33,0.5,349,349,349,ok,,0.17883156102742803,0.019545618703692647,1.3791413624549027,0.4887459807073955,0.11852412153095111,350,128,311,step1,1
0,42,partial_iv_anp,CALCE_CS2_33,0.75,349,349,349,ok,,0.17783443203415436,0.019891303791623405,1.2567308199632297,0.4855305466237942,0.12067640479935611,350,128,311,step1,1
0,42,partial_iv_anp,CALCE_CS2_33,1.0,349,349,349,ok,,0.17509053278727407,0.02066590788969669,0.9845462085347688,0.44694533762057875,0.1263605390386089,350,128,311,step1,1
0,42,partial_iv_anp,CALCE_CS2_33,0.0,350,350,350,ok,,0.11590210761040602,0.018309785233786235,-1.2032632896643902,0.6774193548387096,0.20739983826269345,351,128,310,step10,10
0,42,partial_iv_anp,CALCE_CS2_33,0.0,350,350,350,ok,,0.11590210761040602,0.018309785233786235,-1.2032632896643902,0.6774193548387096,0.20739983826269345,351,128,310,step1,1
0,42,partial_iv_anp,CALCE_CS2_33,0.25,350,350,350,ok,,0.18298487300645774,0.015785852958282054,2.096425404764332,0.4935483870967742,0.10957636235803461,351,128,310,step10,10
0,42,partial_iv_anp,CALCE_CS2_33,0.25,350,350,350,ok,,0.18298487300645774,0.015785852958282054,2.096425404764332,0.4935483870967742,0.10957636235803461,351,128,310,step1,1
0,42,partial_iv_anp,CALCE_CS2_33,0.5,350,350,350,ok,,0.1783856190883733,0.017982357646037506,1.3052027301440012,0.4870967741935484,0.12082204525470573,351,128,310,step10,10
0,42,partial_iv_anp,CALCE_CS2_33,0.5,350,350,350,ok,,0.1783856190883733,0.017982357646037506,1.3052027301440012,0.4870967741935484,0.12082204525470573,351,128,310,step1,1
0,42,partial_iv_anp,CALCE_CS2_33,0.75,350,350,350,ok,,0.17672750561770417,0.018503390638518247,1.1242135586968802,0.4774193548387097,0.12437346036283646,351,128,310,step10,10
0,42,partial_iv_anp,CALCE_CS2_33,0.75,350,350,350,ok,,0.17672750561770417,0.018503390638518247,1.1242135586968802,0.4774193548387097,0.12437346036283646,351,128,310,step1,1
0,42,partial_iv_anp,CALCE_CS2_33,1.0,350,350,350,ok,,0.17325725541418008,0.019333870277428167,0.846123454295647,0.41935483870967744,0.1312425457158186,351,128,310,step10,10
0,42,partial_iv_anp,CALCE_CS2_33,1.0,350,350,350,ok,,0.17325725541418008,0.019333870277428167,0.846123454295647,0.41935483870967744,0.1312425457158186,351,128,310,step1,1
0,42,partial_iv_anp,CALCE_CS2_33,0.0,351,351,351,ok,,0.11613152589122971,0.023440559007318895,-1.1916638956783587,0.6699029126213593,0.20810184142231386,352,128,309,step1,1
0,42,partial_iv_anp,CALCE_CS2_33,0.25,351,351,351,ok,,0.18061116101940447,0.02235592283847021,1.585273226655848,0.5016181229773463,0.11681651253097002,352,128,309,step1,1
0,42,partial_iv_anp,CALCE_CS2_33,0.5,351,351,351,ok,,0.17561679952102088,0.02405869504722058,1.0110431481330677,0.4401294498381877,0.12773354089856456,352,128,309,step1,1
0,42,partial_iv_anp,CALCE_CS2_33,0.75,351,351,351,ok,,0.17408542594040657,0.024413634384032656,0.8976600225842222,0.42394822006472493,0.13069384018866442,352,128,309,step1,1
0,42,partial_iv_anp,CALCE_CS2_33,1.0,351,351,351,ok,,0.17064646091134225,0.02504754812481247,0.7031408155308115,0.39158576051779936,0.1368892257052765,352,128,309,step1,1
0,42,partial_iv_anp,CALCE_CS2_33,0.0,352,352,352,ok,,0.11674464887172188,0.023304403397216067,-1.2073851669861588,0.6915584415584416,0.20790550826414472,353,128,308,step1,1
0,42,partial_iv_anp,CALCE_CS2_33,0.25,352,352,352,ok,,0.18216114864691843,0.021797458294563476,1.7802254716807684,0.487012987012987,0.11428026635146087,353,128,308,step1,1
0,42,partial_iv_anp,CALCE_CS2_33,0.5,352,352,352,ok,,0.17730711739721555,0.023676977532996357,1.1258898806754454,0.4707792207792208,0.12521163184401918,353,128,308,step1,1
0,42,partial_iv_anp,CALCE_CS2_33,0.75,352,352,352,ok,,0.1757042123137695,0.024095990481584617,0.9865511109477075,0.4577922077922078,0.12840235291504085,353,128,308,step1,1
0,42,partial_iv_anp,CALCE_CS2_33,1.0,352,352,352,ok,,0.17232009071968482,0.024792279073988288,0.7635073360283637,0.4090909090909091,0.1346758073694883,353,128,308,step1,1
0,42,partial_iv_anp,CALCE_CS2_33,0.0,353,353,353,ok,,0.11744579846030215,0.022981886942891383,-1.2280935625472928,0.6938110749185668,0.2074674740318263,354,128,307,step1,1
0,42,partial_iv_anp,CALCE_CS2_33,0.25,353,353,353,ok,,0.18326356569748276,0.02130421697742524,1.8979095499647818,0.48534201954397393,0.1129999542299585,354,128,307,step1,1
0,42,partial_iv_anp,CALCE_CS2_33,0.5,353,353,353,ok,,0.17852755259865538,0.02322929209940805,1.203092810742502,0.4755700325732899,0.12363511819119395,354,128,307,step1,1
0,42,partial_iv_anp,CALCE_CS2_33,0.75,353,353,353,ok,,0.1770193746222437,0.023649804288148113,1.0577210764666842,0.46579804560260585,0.12664345424927595,354,128,307,step1,1
0,42,partial_iv_anp,CALCE_CS2_33,1.0,353,353,353,ok,,0.1736637613202417,0.02438953747327033,0.8098656060474667,0.4169381107491857,0.13291707690667978,354,128,307,step1,1
0,42,partial_iv_anp,CALCE_CS2_33,0.0,354,354,354,ok,,0.11779820731858387,0.02311071305754253,-1.2258221658928563,0.6993464052287581,0.20840355580314016,355,128,306,step1,1
0,42,partial_iv_anp,CALCE_CS2_33,0.25,354,354,354,ok,,0.18137095262439087,0.022519004897374018,1.5176368533622957,0.49673202614379086,0.1188804631600188,355,128,306,step1,1
0,42,partial_iv_anp,CALCE_CS2_33,0.5,354,354,354,ok,,0.17586212140423932,0.02421470586166863,0.9390409840866919,0.43790849673202614,0.1302393886812751,355,128,306,step1,1
0,42,partial_iv_anp,CALCE_CS2_33,0.75,354,354,354,ok,,0.17491905561423213,0.024420497607257174,0.8750057377421186,0.42483660130718953,0.1319308701399303,355,128,306,step1,1
0,42,partial_iv_anp,CALCE_CS2_33,1.0,354,354,354,ok,,0.1722857191972328,0.02491098770873401,0.72187753325183,0.4019607843137255,0.13655067292662665,355,128,306,step1,1
0,42,partial_iv_anp,CALCE_CS2_33,0.0,355,355,355,ok,,0.11803558744656861,0.02591863645099657,-1.2186985570906326,0.6983606557377049,0.20934635022091228,356,128,305,step1,1
0,42,partial_iv_anp,CALCE_CS2_33,0.25,355,355,355,ok,,0.1857034751188626,0.023116621931245418,2.3745204635950077,0.4885245901639344,0.10875104250601583,356,128,305,step1,1
0,42,partial_iv_anp,CALCE_CS2_33,0.5,355,355,355,ok,,0.18211481555690398,0.02516645066167089,1.6341465948614298,0.5016393442622951,0.11773170745809339,356,128,305,step1,1
0,42,partial_iv_anp,CALCE_CS2_33,0.75,355,355,355,ok,,0.18117333877280445,0.02556577716344932,1.4962964727620813,0.4918032786885246,0.1198470291595329,356,128,305,step1,1
0,42,partial_iv_anp,CALCE_CS2_33,1.0,355,355,355,ok,,0.17850091061029824,0.02649838157650164,1.177271817136191,0.45901639344262296,0.12564840610361291,356,128,305,step1,1
0,42,partial_iv_anp,CALCE_CS2_33,0.0,356,356,356,ok,,0.11835207350634108,0.023262396381571016,-1.2177082597612165,0.7006578947368421,0.20947764390360496,357,128,304,step1,1
0,42,partial_iv_anp,CALCE_CS2_33,0.25,356,356,356,ok,,0.18658317277052047,0.020053277985189855,2.555744442851561,0.4967105263157895,0.10723055527184877,357,128,304,step1,1
0,42,partial_iv_anp,CALCE_CS2_33,0.5,356,356,356,ok,,0.18215675030133288,0.02268548394305836,1.6050556496452,0.5,0.11847029803072867,357,128,304,step1,1
0,42,partial_iv_anp,CALCE_CS2_33,0.75,356,356,356,ok,,0.18011799492262803,0.02348553323160596,1.3289891949612735,0.47039473684210525,0.12304060287686935,357,128,304,step1,1
0,42,partial_iv_anp,CALCE_CS2_33,1.0,356,356,356,ok,,0.17636386114582348,0.024563515301909367,0.9728894033763641,0.4342105263157895,0.13068509190203123,357,128,304,step1,1
0,42,partial_iv_anp,CALCE_CS2_33,0.0,357,357,357,ok,,0.11871710801045082,0.02012488396544143,-1.217139398803588,0.693069306930693,0.21002522693762132,358,128,303,step1,1
0,42,partial_iv_anp,CALCE_CS2_33,0.25,357,357,357,ok,,0.18119617722274603,0.020128174270372168,1.4086103909758132,0.48514851485148514,0.12218996025014293,358,128,303,step1,1
0,42,partial_iv_anp,CALCE_CS2_33,0.5,357,357,357,ok,,0.17533081494833455,0.021786571739778937,0.8757117522148302,0.41914191419141916,0.13384537901288202,358,128,303,step1,1
0,42,partial_iv_anp,CALCE_CS2_33,0.75,357,357,357,ok,,0.1738453442967808,0.02207821921400155,0.7894337020904538,0.40264026402640263,0.1364386650034051,358,128,303,step1,1
0,42,partial_iv_anp,CALCE_CS2_33,1.0,357,357,357,ok,,0.1702854789803289,0.02264923196678481,0.6260121046580187,0.38943894389438943,0.14230866828972943,358,128,303,step1,1
0,42,partial_iv_anp,CALCE_CS2_33,0.0,358,358,358,ok,,0.11918464176484678,0.02091632607968885,-1.2202458187596166,0.6986754966887417,0.21006256119340946,359,128,302,step1,1
0,42,partial_iv_anp,CALCE_CS2_33,0.25,358,358,358,ok,,0.1830586356694862,0.020391057724905126,1.6363257389206993,0.4966887417218543,0.11889393887129185,359,128,302,step1,1
0,42,partial_iv_anp,CALCE_CS2_33,0.5,358,358,358,ok,,0.17791961922846766,0.022157284394395793,1.0514817216457772,0.44370860927152317,0.12967518791884527,359,128,302,step1,1
0,42,partial_iv_anp,CALCE_CS2_33,0.75,358,358,358,ok,,0.1766599666853341,0.022464518214904583,0.9564578270545626,0.4304635761589404,0.13201426074355238,359,128,302,step1,1
0,42,partial_iv_anp,CALCE_CS2_33,1.0,358,358,358,ok,,0.17316755010921195,0.023155302966420988,0.7468569285566543,0.40066225165562913,0.13817101997841316,359,128,302,step1,1
0,42,partial_iv_anp,CALCE_CS2_33,0.0,359,359,359,ok,,0.11970927879111698,0.020948880053070384,-1.2260054541773764,0.6976744186046512,0.20993202647777537,360,128,301,step1,1
0,42,partial_iv_anp,CALCE_CS2_33,0.25,359,359,359,ok,,0.18465565912967333,0.019943992951750755,1.8524214221391635,0.49169435215946844,0.11615121696785365,360,128,301,step1,1
0,42,partial_iv_anp,CALCE_CS2_33,0.5,359,359,359,ok,,0.17938118314688867,0.021998926128043772,1.1557048215592374,0.46511627906976744,0.12759424880370862,360,128,301,step1,1
0,42,partial_iv_anp,CALCE_CS2_33,0.75,359,359,359,ok,,0.1778352525432845,0.022410956941643634,1.023762426446755,0.4418604651162791,0.13056110237498736,360,128,301,step1,1
0,42,partial_iv_anp,CALCE_CS2_33,1.0,359,359,359,ok,,0.17412201274549086,0.02319332172873223,0.781520080919219,0.4053156146179402,0.13720815061054864,360,128,301,step1,1
0,42,partial_iv_anp,CALCE_CS2_33,0.0,360,360,360,ok,,0.12014370539169605,0.02289070226863099,-1.2267896021188749,0.7033333333333334,0.21029602110440077,361,128,300,step10,10
0,42,partial_iv_anp,CALCE_CS2_33,0.0,360,360,360,ok,,0.12014370539169605,0.02289070226863099,-1.2267896021188749,0.7033333333333334,0.21029602110440077,361,128,300,step1,1
0,42,partial_iv_anp,CALCE_CS2_33,0.25,360,360,360,ok,,0.18501244983877052,0.021965057269428656,1.8640325377873428,0.49333333333333335,0.11648756448254884,361,128,300,step10,10
0,42,partial_iv_anp,CALCE_CS2_33,0.25,360,360,360,ok,,0.18501244983877052,0.021965057269428656,1.8640325377873428,0.49333333333333335,0.11648756448254884,361,128,300,step1,1
0,42,partial_iv_anp,CALCE_CS2_33,0.5,360,360,360,ok,,0.180500105532612,0.023798903823457285,1.244107434732976,0.4766666666666667,0.1263172122497419,361,128,300,step10,10
0,42,partial_iv_anp,CALCE_CS2_33,0.5,360,360,360,ok,,0.180500105532612,0.023798903823457285,1.244107434732976,0.4766666666666667,0.1263172122497419,361,128,300,step1,1
0,42,partial_iv_anp,CALCE_CS2_33,0.75,360,360,360,ok,,0.17967965976665312,0.02404661039008238,1.16650074998287,0.45,0.12789654904767403,361,128,300,step10,10
0,42,partial_iv_anp,CALCE_CS2_33,0.75,360,360,360,ok,,0.17967965976665312,0.02404661039008238,1.16650074998287,0.45,0.12789654904767403,361,128,300,step1,1
0,42,partial_iv_anp,CALCE_CS2_33,1.0,360,360,360,ok,,0.1768247755972639,0.02477112538237236,0.9368060662826356,0.43333333333333335,0.13329621654806725,361,128,300,step10,10
0,42,partial_iv_anp,CALCE_CS2_33,1.0,360,360,360,ok,,0.1768247755972639,0.02477112538237236,0.9368060662826356,0.43333333333333335,0.13329621654806725,361,128,300,step1,1
0,42,partial_iv_anp,CALCE_CS2_33,0.0,361,361,361,ok,,0.12044916161932191,0.02484717696469141,-1.2221584195984028,0.6989966555183946,0.2108930964792691,362,128,299,step1,1
0,42,partial_iv_anp,CALCE_CS2_33,0.25,361,361,361,ok,,0.18776368488517545,0.02245488102763593,2.432882735390855,0.4882943143812709,0.11043449606557766,362,128,299,step1,1
0,42,partial_iv_anp,CALCE_CS2_33,0.5,361,361,361,ok,,0.1838774102718717,0.024674437375886926,1.6566920389523692,0.47157190635451507,0.11985414797011525,362,128,299,step1,1
0,42,partial_iv_anp,CALCE_CS2_33,0.75,361,361,361,ok,,0.18283994313086088,0.025112854532137296,1.5110817938703989,0.4882943143812709,0.12211447120947147,362,128,299,step1,1
0,42,partial_iv_anp,CALCE_CS2_33,1.0,361,361,361,ok,,0.1799275970335269,0.026118841478587673,1.1817758903630584,0.46153846153846156,0.12822292853214962,362,128,299,step1,1
0,42,partial_iv_anp,CALCE_CS2_33,0.0,362,362,362,ok,,0.12064758709420459,0.025616289379379764,-1.2133180269671455,0.7281879194630873,0.21181410588489408,363,128,298,step1,1
0,42,partial_iv_anp,CALCE_CS2_33,0.25,362,362,362,ok,,0.18819635031962556,0.023070995328087318,2.506987635247362,0.4899328859060403,0.11018113521211108,363,128,298,step1,1
0,42,partial_iv_anp,CALCE_CS2_33,0.5,362,362,362,ok,,0.184249290363668,0.0254324210477318,1.6941620808347038,0.4865771812080537,0.11992539725662209,363,128,298,step1,1
0,42,partial_iv_anp,CALCE_CS2_33,0.75,362,362,362,ok,,0.18324925339901332,0.025873063455526313,1.5506774656166815,0.5,0.12213607668438103,363,128,298,step1,1
0,42,partial_iv_anp,CALCE_CS2_33,1.0,362,362,362,ok,,0.18035995345316982,0.026916449041633594,1.216095514148592,0.4597315436241611,0.12829424325424435,363,128,298,step1,1
0,42,partial_iv_anp,CALCE_CS2_33,0.0,363,363,363,ok,,0.12104055174248235,0.026214511351456027,-1.2149696156269894,0.7205387205387206,0.21221551425933857,364,128,297,step1,1
0,42,partial_iv_anp,CALCE_CS2_33,0.25,363,363,363,ok,,0.18882974933975188,0.023507848576339474,2.6001955308108275,0.494949494949495,0.10963438157266214,364,128,297,step1,1
0,42,partial_iv_anp,CALCE_CS2_33,0.5,363,363,363,ok,,0.18486230118658115,0.02597956909465937,1.7492376498669158,0.48148148148148145,0.11952100363606623,364,128,297,step1,1
0,42,partial_iv_anp,CALCE_CS2_33,0.75,363,363,363,ok,,0.1838341299456621,0.02645026553395191,1.5961294806424755,0.48484848484848486,0.12181633974321916,364,128,297,step1,1
0,42,partial_iv_anp,CALCE_CS2_33,1.0,363,363,363,ok,,0.1809670021511769,0.02752544793391798,1.2524462454802845,0.4781144781144781,0.12797800751251515,364,128,297,step1,1
0,42,partial_iv_anp,CALCE_CS2_33,0.0,364,364,364,ok,,0.12181583034569068,0.026891606810192648,-1.2363082109099648,0.7195945945945946,0.21183313771678697,365,128,296,step1,1
0,42,partial_iv_anp,CALCE_CS2_33,0.25,364,364,364,ok,,0.19016233831368237,0.02377672824270971,2.8254655289375346,0.48986486486486486,0.10794388131517439,365,128,296,step1,1
0,42,partial_iv_anp,CALCE_CS2_33,0.5,364,364,364,ok,,0.18634443176459364,0.026325422299431578,1.9138379880870162,0.4831081081081081,0.11750321794742748,365,128,296,step1,1
0,42,partial_iv_anp,CALCE_CS2_33,0.75,364,364,364,ok,,0.1854331934859517,0.026780966579202037,1.7602059876652163,0.4864864864864865,0.11955528707123197,365,128,296,step1,1
0,42,partial_iv_anp,CALCE_CS2_33,1.0,364,364,364,ok,,0.18274305847792383,0.02790247844649485,1.387328134670651,0.4831081081081081,0.125444137005352,365,128,296,step1,1
0,42,partial_iv_anp,CALCE_CS2_33,0.0,365,365,365,ok,,0.12236805982957255,0.027893800480160102,-1.2460415625618009,0.7220338983050848,0.21179352078977307,366,128,295,step1,1
0,42,partial_iv_anp,CALCE_CS2_33,0.25,365,365,365,ok,,0.1916792361467237,0.02394724160358097,3.1993976020379025,0.49491525423728816,0.10516276362209528,366,128,295,step1,1
0,42,partial_iv_anp,CALCE_CS2_33,0.5,365,365,365,ok,,0.18825923622061533,0.02657220697350582,2.2286702366539677,0.4745762711864407,0.11399299965661573,366,128,295,step1,1
0,42,partial_iv_anp,CALCE_CS2_33,0.75,365,365,365,ok,,0.18725971964948535,0.027161144574796237,2.0227417679289457,0.48135593220338985,0.11636263454630065,366,128,295,step1,1
0,42,partial_iv_anp,CALCE_CS2_33,1.0,365,365,365,ok,,0.18452221182477263,0.028491290460149754,1.5686335867479626,0.4847457627118644,0.12261006918240727,366,128,295,step1,1
0,42,partial_iv_anp,CALCE_CS2_33,0.0,366,366,366,ok,,0.12290354151212672,0.027786185739941516,-1.2558513348358844,0.7244897959183674,0.2114969974754823,367,128,294,step1,1
0,42,partial_iv_anp,CALCE_CS2_33,0.25,366,366,366,ok,,0.19210921895003585,0.023973319819901806,3.200654051498739,0.5034013605442177,0.10537021008935116,367,128,294,step1,1
0,42,partial_iv_anp,CALCE_CS2_33,0.5,366,366,366,ok,,0.1883189745044409,0.02679903994292865,2.1539986306289487,0.47959183673469385,0.11499298057005874,367,128,294,step1,1
0,42,partial_iv_anp,CALCE_CS2_33,0.75,366,366,366,ok,,0.18730409485803162,0.027367533134415645,1.95577623258614,0.48639455782312924,0.11733398283883632,367,128,294,step1,1
0,42,partial_iv_anp,CALCE_CS2_33,1.0,366,366,366,ok,,0.1844918726321136,0.028665871910395158,1.5132790558338338,0.47959183673469385,0.12358907044443483,367,128,294,step1,1
0,42,partial_iv_anp,CALCE_CS2_33,0.0,367,367,367,ok,,0.12331629405658096,0.02818250385986676,-1.2594408383393003,0.7337883959044369,0.21222656561722755,368,128,293,step1,1
0,42,partial_iv_anp,CALCE_CS2_33,0.25,367,367,367,ok,,0.19252145681850583,0.024385249137359954,3.229131400176003,0.49829351535836175,0.10559612891953629,368,128,293,step1,1
0,42,partial_iv_anp,CALCE_CS2_33,0.5,367,367,367,ok,,0.18875961855689066,0.02722287691227343,2.1820497582700242,0.5119453924914675,0.11516041990189613,368,128,293,step1,1
0,42,partial_iv_anp,CALCE_CS2_33,0.75,367,367,367,ok,,0.1877146285669596,0.027817082267617477,1.975652041768188,0.5051194539249146,0.11758160882891859,368,128,293,step1,1
0,42,partial_iv_anp,CALCE_CS2_33,1.0,367,367,367,ok,,0.18488632702745292,0.029140076674493698,1.5270520117416444,0.48464163822525597,0.12389078449649919,368,128,293,step1,1
0,42,partial_iv_anp,CALCE_CS2_33,0.0,368,368,368,ok,,0.12360692533532124,0.028426015233560253,-1.257125301643513,0.7226027397260274,0.21272666116800903,369,128,292,step1,1
0,42,partial_iv_anp,CALCE_CS2_33,0.25,368,368,368,ok,,0.19242912282240898,0.024952762177073207,3.1077340838674963,0.5136986301369864,0.10683776084746024,369,128,292,step1,1
0,42,partial_iv_anp,CALCE_CS2_33,0.5,368,368,368,ok,,0.1886459196424242,0.02775674882068002,2.1042602786710933,0.5068493150684932,0.11643599893173857,369,128,292,step1,1
0,42,partial_iv_anp,CALCE_CS2_33,0.75,368,368,368,ok,,0.18771773407481038,0.02827693793586039,1.9294420564206571,0.5034246575342466,0.11856725448684306,369,128,292,step1,1
0,42,partial_iv_anp,CALCE_CS2_33,1.0,368,368,368,ok,,0.18496634239320728,0.029561547463642812,1.505881557178406,0.4794520547945205,0.12470384359743049,369,128,292,step1,1
0,42,partial_iv_anp,CALCE_CS2_33,0.0,369,369,369,ok,,0.12416852945575854,0.028548363010957867,-1.2678745397597717,0.7319587628865979,0.21268014700246032,370,128,291,step1,1
0,42,partial_iv_anp,CALCE_CS2_33,0.25,369,369,369,ok,,0.19335680876914543,0.024775665934436364,3.283062017549493,0.5120274914089347,0.10585776885261594,370,128,291,step1,1
0,42,partial_iv_anp,CALCE_CS2_33,0.5,369,369,369,ok,,0.18969785708983256,0.027621001145695434,2.244324298580534,0.5051546391752577,0.11517458332878873,370,128,291,step1,1
0,42,partial_iv_anp,CALCE_CS2_33,0.75,369,369,369,ok,,0.18865762928750687,0.028237493808220493,2.0326345442460387,0.5120274914089347,0.11759366841850309,370,128,291,step1,1
0,42,partial_iv_anp,CALCE_CS2_33,1.0,369,369,369,ok,,0.18577996496356047,0.029639574819419368,1.5631889639944965,0.48109965635738833,0.12403731947249257,370,128,291,step1,1
0,42,partial_iv_anp,CALCE_CS2_33,0.0,370,370,370,ok,,0.1243951411023633,0.02920255754566692,-1.263317580487884,0.7206896551724138,0.2133573716957601,371,128,290,step10,10
0,42,partial_iv_anp,CALCE_CS2_33,0.0,370,370,370,ok,,0.1243951411023633,0.02920255754566692,-1.263317580487884,0.7206896551724138,0.2133573716957601,371,128,290,step1,1
0,42,partial_iv_anp,CALCE_CS2_33,0.25,370,370,370,ok,,0.19362628618568847,0.025375386183548065,3.311132910431653,0.506896551724138,0.10599378226870952,371,128,290,step10,10
0,42,partial_iv_anp,CALCE_CS2_33,0.25,370,370,370,ok,,0.19362628618568847,0.025375386183548065,3.311132910431653,0.506896551724138,0.10599378226870952,371,128,290,step1,1
0,42,partial_iv_anp,CALCE_CS2_33,0.5,370,370,370,ok,,0.1898896209777055,0.028351340607271514,2.2439220318885043,0.506896551724138,0.11561960686586296,371,128,290,step10,10
0,42,partial_iv_anp,CALCE_CS2_33,0.5,370,370,370,ok,,0.1898896209777055,0.028351340607271514,2.2439220318885043,0.506896551724138,0.11561960686586296,371,128,290,step1,1
0,42,partial_iv_anp,CALCE_CS2_33,0.75,370,370,370,ok,,0.1888595485523657,0.02897327285246265,2.034815040803443,0.5137931034482759,0.11803522600392069,371,128,290,step10,10
0,42,partial_iv_anp,CALCE_CS2_33,0.75,370,370,370,ok,,0.1888595485523657,0.02897327285246265,2.034815040803443,0.5137931034482759,0.11803522600392069,371,128,290,step1,1
0,42,partial_iv_anp,CALCE_CS2_33,1.0,370,370,370,ok,,0.1860170810569225,0.030387534169215913,1.571625352153003,0.49310344827586206,0.12445349664034268,371,128,290,step10,10
0,42,partial_iv_anp,CALCE_CS2_33,1.0,370,370,370,ok,,0.1860170810569225,0.030387534169215913,1.571625352153003,0.49310344827586206,0.12445349664034268,371,128,290,step1,1
0,42,partial_iv_anp,CALCE_CS2_33,0.0,371,371,371,ok,,0.12509148116934204,0.029451120242709017,-1.27977847902272,0.740484429065744,0.21309500712540244,372,128,289,step1,1
0,42,partial_iv_anp,CALCE_CS2_33,0.25,371,371,371,ok,,0.1945412132731558,0.025468574987264958,3.453513612905704,0.5017301038062284,0.10531876583865366,372,128,289,step1,1
0,42,partial_iv_anp,CALCE_CS2_33,0.5,371,371,371,ok,,0.19075374451160165,0.02852856212324084,2.328729038425613,0.49480968858131485,0.11497627983002742,372,128,289,step1,1
0,42,partial_iv_anp,CALCE_CS2_33,0.75,371,371,371,ok,,0.18974435169471304,0.029149247545933732,2.1150945669648458,0.5017301038062284,0.11732306962961472,372,128,289,step1,1
0,42,partial_iv_anp,CALCE_CS2_33,1.0,371,371,371,ok,,0.18693643203138022,0.03058144791190598,1.6346730816932764,0.4982698961937716,0.12363315711000672,372,128,289,step1,1
0,42,partial_iv_anp,CALCE_CS2_33,0.0,372,372,372,ok,,0.1255205873052945,0.029902054086622054,-1.284614858474335,0.7465277777777778,0.21336381086655096,373,128,288,step1,1
0,42,partial_iv_anp,CALCE_CS2_33,0.25,372,372,372,ok,,0.1949677349653195,0.025923032737818374,3.484964970455855,0.5104166666666666,0.10539518100208776,373,128,288,step1,1
0,42,partial_iv_anp,CALCE_CS2_33,0.5,372,372,372,ok,,0.19120057562316775,0.029012059619450636,2.355246245791759,0.5,0.11501771820938231,373,128,288,step1,1
0,42,partial_iv_anp,CALCE_CS2_33,0.75,372,372,372,ok,,0.19029592625550448,0.029580462991435352,2.1611156252701886,0.4930555555555556,0.11711732563518895,373,128,288,step1,1
0,42,partial_iv_anp,CALCE_CS2_33,1.0,372,372,372,ok,,0.1875315947547498,0.031036729303745347,1.6747719014046047,0.4930555555555556,0.12337186850785124,373,128,288,step1,1
0,42,partial_iv_anp,CALCE_CS2_33,0.0,373,373,373,ok,,0.12595613455806576,0.02990645688815552,-1.2898329207841546,0.7526132404181185,0.2140606842009705,374,128,287,step1,1
0,42,partial_iv_anp,CALCE_CS2_33,0.25,373,373,373,ok,,0.19564870444830137,0.02568573267867036,3.6167861022690015,0.5121951219512195,0.10486533966877876,374,128,287,step1,1
0,42,partial_iv_anp,CALCE_CS2_33,0.5,373,373,373,ok,,0.19198738887652889,0.028820364791326658,2.464723552515693,0.5017421602787456,0.11431525296332,374,128,287,step1,1
0,42,partial_iv_anp,CALCE_CS2_33,0.75,373,373,373,ok,,0.19099635766630554,0.02947445170831431,2.240171315267004,0.5052264808362369,0.1166575262150815,374,128,287,step1,1
0,42,partial_iv_anp,CALCE_CS2_33,1.0,373,373,373,ok,,0.18812360692698654,0.03104656991285637,1.7152996474964364,0.4878048780487805,0.12322824033710617,374,128,287,step1,1
0,42,partial_iv_anp,CALCE_CS2_33,0.0,374,374,374,ok,,0.1264481743235209,0.023586042448695332,-1.297111050735906,0.7377622377622378,0.21429542921457173,375,128,286,step1,1
0,42,partial_iv_anp,CALCE_CS2_33,0.25,374,374,374,ok,,0.19057161897108923,0.02377471026592326,2.037468284354723,0.493006993006993,0.1194106263789334,375,128,286,step1,1
0,42,partial_iv_anp,CALCE_CS2_33,0.5,374,374,374,ok,,0.18444862808909518,0.026380808215092588,1.2041347354350982,0.479020979020979,0.13212935234238668,375,128,286,step1,1
0,42,partial_iv_anp,CALCE_CS2_33,0.75,374,374,374,ok,,0.18285004672792593,0.026844176377045725,1.0645053173880263,0.47202797202797203,0.13504552405023382,375,128,286,step1,1
0,42,partial_iv_anp,CALCE_CS2_33,1.0,374,374,374,ok,,0.17879867428503599,0.027769988944647883,0.7899264806984094,0.46503496503496505,0.14195752692126348,375,128,286,step1,1
0,42,partial_iv_anp,CALCE_CS2_33,0.0,375,375,375,ok,,0.12689971049319124,0.023811727320239617,-1.2987142742506645,0.7368421052631579,0.21417583784632294,376,128,285,step1,1
0,42,partial_iv_anp,CALCE_CS2_33,0.25,375,375,375,ok,,0.19062127708656446,0.024291544166705203,1.9885310160719205,0.48771929824561405,0.12028358066179007,376,128,285,step1,1
0,42,partial_iv_anp,CALCE_CS2_33,0.5,375,375,375,ok,,0.18467992183339133,0.026758618212113783,1.2015331807210352,0.4842105263157895,0.13241750118752194,376,128,285,step1,1
0,42,partial_iv_anp,CALCE_CS2_33,0.75,375,375,375,ok,,0.18351369001197224,0.027101121275541318,1.099623238689936,0.47368421052631576,0.13450568743819058,376,128,285,step1,1
0,42,partial_iv_anp,CALCE_CS2_33,1.0,375,375,375,ok,,0.17986051402651348,0.02797491734574642,0.8387469792588419,0.4456140350877193,0.1407742566497966,376,128,285,step1,1
0,42,partial_iv_anp,CALCE_CS2_33,0.0,376,376,376,ok,,0.1274397810520298,0.023445170767335766,-1.3025073575766297,0.7429577464788732,0.21452380391977588,377,128,284,step1,1
0,42,partial_iv_anp,CALCE_CS2_33,0.25,376,376,376,ok,,0.191785197134867,0.023625010712055472,2.1452042062551073,0.5035211267605634,0.11890927345212081,377,128,284,step1,1
0,42,partial_iv_anp,CALCE_CS2_33,0.5,376,376,376,ok,,0.1859137615532077,0.02625921044986501,1.29283140437174,0.4823943661971831,0.13114362419765505,377,128,284,step1,1
0,42,partial_iv_anp,CALCE_CS2_33,0.75,376,376,376,ok,,0.18445935589265686,0.02671334992421759,1.1544059753317606,0.4894366197183099,0.13381592839112663,377,128,284,step1,1
0,42,partial_iv_anp,CALCE_CS2_33,1.0,376,376,376,ok,,0.18048561295599752,0.027698200176162646,0.8572700160083246,0.4647887323943662,0.14068829075303363,377,128,284,step1,1
0,42,partial_iv_anp,CALCE_CS2_33,0.0,377,377,377,ok,,0.12782911696091243,0.023305516146409966,-1.2998208063019336,0.7526501766784452,0.21510856929863448,378,128,283,step1,1
0,42,partial_iv_anp,CALCE_CS2_33,0.25,377,377,377,ok,,0.18997537351357374,0.02473962792819484,1.7677826804237493,0.4876325088339223,0.12418400293156696,378,128,283,step1,1
0,42,partial_iv_anp,CALCE_CS2_33,0.5,377,377,377,ok,,0.18305321263945865,0.02718360806598996,1.0126921133573306,0.47703180212014135,0.1375166924961564,378,128,283,step1,1
0,42,partial_iv_anp,CALCE_CS2_33,0.75,377,377,377,ok,,0.18147865422311946,0.02755983355979985,0.9030459715111309,0.4664310954063604,0.14017358857833462,378,128,283,step1,1
0,42,partial_iv_anp,CALCE_CS2_33,1.0,377,377,377,ok,,0.17763111785548252,0.028298398736374075,0.687294616347054,0.4275618374558304,0.14629845634731248,378,128,283,step1,1
0,42,partial_iv_anp,CALCE_CS2_33,0.0,378,378,378,ok,,0.12835683749614496,0.027382154335211295,-1.3033850875099986,0.7624113475177305,0.2152191331532817,379,128,282,step1,1
0,42,partial_iv_anp,CALCE_CS2_33,0.25,378,378,378,ok,,0.19545969274293512,0.025744182459665366,2.897127081554406,0.5106382978723404,0.11228094439305682,379,128,282,step1,1
0,42,partial_iv_anp,CALCE_CS2_33,0.5,378,378,378,ok,,0.19071152045164802,0.028788846317541417,1.8566339726074073,0.48936170212765956,0.12324471574239161,379,128,282,step1,1
0,42,partial_iv_anp,CALCE_CS2_33,0.75,378,378,378,ok,,0.1897201248557838,0.029257701634545552,1.7070180611624026,0.475177304964539,0.12529124915255185,379,128,282,step1,1
0,42,partial_iv_anp,CALCE_CS2_33,1.0,378,378,378,ok,,0.1864637912679789,0.030529002610219402,1.3051724470192134,0.4787234042553192,0.1317797097585277,379,128,282,step1,1
0,42,partial_iv_anp,CALCE_CS2_33,0.0,379,379,379,ok,,0.12871778857921912,0.026146420974349494,-1.3021663757670419,0.7686832740213523,0.2165123470072099,380,128,281,step1,1
0,42,partial_iv_anp,CALCE_CS2_33,0.25,379,379,379,ok,,0.19660124951431104,0.02386593718202834,3.1668261733419643,0.501779359430605,0.11063032733339313,380,128,281,step1,1
0,42,partial_iv_anp,CALCE_CS2_33,0.5,379,379,379,ok,,0.19213919025202036,0.027074857123461915,2.061682195879396,0.5088967971530249,0.12134237241124042,380,128,281,step1,1
0,42,partial_iv_anp,CALCE_CS2_33,0.75,379,379,379,ok,,0.1910578093400075,0.02765328051771354,1.8756716057386413,0.498220640569395,0.12368334268970871,380,128,281,step1,1
0,42,partial_iv_anp,CALCE_CS2_33,1.0,379,379,379,ok,,0.18707779299558244,0.02934012201291525,1.3445468610617453,0.49466192170818507,0.13186688177804826,380,128,281,step1,1
0,42,partial_iv_anp,CALCE_CS2_33,0.0,380,380,380,ok,,0.12934791424102007,0.021647598912987176,-1.310138209456587,0.75,0.21649439647295737,381,128,280,step10,10
0,42,partial_iv_anp,CALCE_CS2_33,0.0,380,380,380,ok,,0.12934791424102007,0.021647598912987176,-1.310138209456587,0.75,0.21649439647295737,381,128,280,step1,1
0,42,partial_iv_anp,CALCE_CS2_33,0.25,380,380,380,ok,,0.19076521894465504,0.0236509213772238,1.7335934279102574,0.5035714285714286,0.12598743742775456,381,128,280,step10,10
0,42,partial_iv_anp,CALCE_CS2_33,0.25,380,380,380,ok,,0.19076521894465504,0.0236509213772238,1.7335934279102574,0.5035714285714286,0.12598743742775456,381,128,280,step1,1
0,42,partial_iv_anp,CALCE_CS2_33,0.5,380,380,380,ok,,0.18344265624524894,0.026118125181637253,0.969890792645778,0.44642857142857145,0.139739517004688,381,128,280,step10,10
0,42,partial_iv_anp,CALCE_CS2_33,0.5,380,380,380,ok,,0.18344265624524894,0.026118125181637253,0.969890792645778,0.44642857142857145,0.139739517004688,381,128,280,step1,1
0,42,partial_iv_anp,CALCE_CS2_33,0.75,380,380,380,ok,,0.1818405106516998,0.02648112342241271,0.8632138662241711,0.4607142857142857,0.14237636385285204,381,128,280,step10,10
0,42,partial_iv_anp,CALCE_CS2_33,0.75,380,380,380,ok,,0.1818405106516998,0.02648112342241271,0.8632138662241711,0.4607142857142857,0.14237636385285204,381,128,280,step1,1
0,42,partial_iv_anp,CALCE_CS2_33,1.0,380,380,380,ok,,0.17746362780655897,0.027261696612194908,0.6303346591335736,0.45714285714285713,0.14914708974707247,381,128,280,step10,10
0,42,partial_iv_anp,CALCE_CS2_33,1.0,380,380,380,ok,,0.17746362780655897,0.027261696612194908,0.6303346591335736,0.45714285714285713,0.14914708974707247,381,128,280,step1,1
0,42,partial_iv_anp,CALCE_CS2_33,0.0,381,381,381,ok,,0.12973755903340728,0.02261267924171817,-1.3074817100396552,0.7634408602150538,0.21655562471506196,382,128,279,step1,1
0,42,partial_iv_anp,CALCE_CS2_33,0.25,381,381,381,ok,,0.1921699175379084,0.024206244071301564,1.9245414921424395,0.4946236559139785,0.12368081464629861,382,128,279,step1,1
0,42,partial_iv_anp,CALCE_CS2_33,0.5,381,381,381,ok,,0.18546171595393177,0.026769931062064378,1.1190124608052452,0.46236559139784944,0.1367202141856475,382,128,279,step1,1
0,42,partial_iv_anp,CALCE_CS2_33,0.75,381,381,381,ok,,0.18411769015712146,0.027125620018952357,1.013607069559727,0.43727598566308246,0.13901910987524282,382,128,279,step1,1
0,42,partial_iv_anp,CALCE_CS2_33,1.0,381,381,381,ok,,0.18001731013911973,0.027992463775663223,0.7532532536690557,0.43010752688172044,0.14567099095063393,382,128,279,step1,1
0,42,partial_iv_anp,CALCE_CS2_33,0.0,382,382,382,ok,,0.13076345806878784,0.02314224683552779,-1.3163622376155029,0.7841726618705036,0.21723046432036935,383,128,278,step1,1
0,42,partial_iv_anp,CALCE_CS2_33,0.25,382,382,382,ok,,0.1938884063923499,0.024390266809210193,2.1285548195809825,0.5143884892086331,0.12198415165036174,383,128,278,step1,1
0,42,partial_iv_anp,CALCE_CS2_33,0.5,382,382,382,ok,,0.18745151414728808,0.02713774225261678,1.247041804588585,0.4856115107913669,0.13491348094039196,383,128,278,step1,1
0,42,partial_iv_anp,CALCE_CS2_33,0.75,382,382,382,ok,,0.18611932846680618,0.02753261203849655,1.1272913434429979,0.4676258992805755,0.13726772976428414,383,128,278,step1,1
0,42,partial_iv_anp,CALCE_CS2_33,1.0,382,382,382,ok,,0.18203198330232856,0.028497365620569037,0.8315339117274387,0.44244604316546765,0.14412092387541672,383,128,278,step1,1
0,42,partial_iv_anp,CALCE_CS2_33,0.0,383,383,383,ok,,0.13099438200562777,0.02420134876639768,-1.315931414763496,0.7870036101083032,0.21802329833411283,384,128,277,step1,1
0,42,partial_iv_anp,CALCE_CS2_33,0.25,383,383,383,ok,,0.19252896689518922,0.026399440916226813,1.8375224184530587,0.5090252707581228,0.12613360022879935,384,128,277,step1,1
0,42,partial_iv_anp,CALCE_CS2_33,0.5,383,383,383,ok,,0.18563806520348938,0.02889249693901763,1.0595981259548963,0.45126353790613716,0.13924609748910521,384,128,277,step1,1
0,42,partial_iv_anp,CALCE_CS2_33,0.75,383,383,383,ok,,0.18519578618656984,0.029011703571910408,1.0283012130582616,0.4404332129963899,0.1399331757309739,384,128,277,step1,1
0,42,partial_iv_anp,CALCE_CS2_33,1.0,383,383,383,ok,,0.1819422808742255,0.029736710796373966,0.8092003558162362,0.44404332129963897,0.14526980404876197,384,128,277,step1,1
0,42,partial_iv_anp,CALCE_CS2_33,0.0,384,384,384,ok,,0.13158685193678124,0.027726784781190283,-1.3195503020705173,0.7898550724637681,0.21854456902073888,385,128,276,step1,1
0,42,partial_iv_anp,CALCE_CS2_33,0.25,384,384,384,ok,,0.19864901373307434,0.026373676699825488,3.1489207215766473,0.5108695652173914,0.11317685856955233,385,128,276,step1,1
0,42,partial_iv_anp,CALCE_CS2_33,0.5,384,384,384,ok,,0.19380741478447497,0.029647451292185933,2.01649214772349,0.4927536231884058,0.12430732540594201,385,128,276,step1,1
0,42,partial_iv_anp,CALCE_CS2_33,0.75,384,384,384,ok,,0.1928630172809224,0.030123567433148812,1.8630003130442534,0.4963768115942029,0.12625044553651033,385,128,276,step1,1
0,42,partial_iv_anp,CALCE_CS2_33,1.0,384,384,384,ok,,0.18940441227943686,0.031561496188763916,1.4019481761249268,0.4891304347826087,0.13314064234236167,385,128,276,step1,1
0,42,partial_iv_anp,CALCE_CS2_33,0.0,385,385,385,ok,,0.13196762387409564,0.02654597937124492,-1.3200409964596722,0.7781818181818182,0.2185378219989466,386,128,275,step1,1
0,42,partial_iv_anp,CALCE_CS2_33,0.25,385,385,385,ok,,0.2001917081438568,0.02420496806240069,3.573249529766609,0.49818181818181817,0.11018371099180348,386,128,275,step1,1
0,42,partial_iv_anp,CALCE_CS2_33,0.5,385,385,385,ok,,0.19492325236135524,0.02815797281958765,2.1742847982129883,0.5018181818181818,0.12264442758376261,386,128,275,step1,1
0,42,partial_iv_anp,CALCE_CS2_33,0.75,385,385,385,ok,,0.19297682551658463,0.029176654669887392,1.8384086067348873,0.5163636363636364,0.12679487348048826,386,128,275,step1,1
0,42,partial_iv_anp,CALCE_CS2_33,1.0,385,385,385,ok,,0.18866074828806337,0.030879404512516695,1.2957367713012886,0.48363636363636364,0.13521668503280057,386,128,275,step1,1
0,42,partial_iv_anp,CALCE_CS2_33,0.0,386,386,386,ok,,0.1324542246619817,0.023724641283440984,-1.3212082458907835,0.7846715328467153,0.2186018908344704,387,128,274,step1,1
0,42,partial_iv_anp,CALCE_CS2_33,0.25,386,386,386,ok,,0.19470838639326524,0.025810451067465157,2.041543394143489,0.5036496350364964,0.12452546874933917,387,128,274,step1,1
0,42,partial_iv_anp,CALCE_CS2_33,0.5,386,386,386,ok,,0.18766924018118705,0.028617378500983004,1.15508692380379,0.48905109489051096,0.13816890877761379,387,128,274,step1,1
0,42,partial_iv_anp,CALCE_CS2_33,0.75,386,386,386,ok,,0.18634570902273068,0.02897880596552127,1.0465294135778116,0.48175182481751827,0.14042064644039434,387,128,274,step1,1
0,42,partial_iv_anp,CALCE_CS2_33,1.0,386,386,386,ok,,0.18220407818919504,0.029878481057947104,0.7693147592747064,0.45985401459854014,0.14711401070362654,387,128,274,step1,1
0,42,partial_iv_anp,CALCE_CS2_33,0.0,387,387,387,ok,,0.13295633061198775,0.02475306153254242,-1.321603672981601,0.7912087912087912,0.21895876109237636,388,128,273,step1,1
0,42,partial_iv_anp,CALCE_CS2_33,0.25,387,387,387,ok,,0.19661262366364665,0.02610135859024798,2.3515853202419557,0.5201465201465202,0.1214092755507587,388,128,273,step1,1
0,42,partial_iv_anp,CALCE_CS2_33,0.5,387,387,387,ok,,0.19016210967969954,0.029131923803910942,1.373943598182606,0.5054945054945055,0.13451669716528214,388,128,273,step1,1
0,42,partial_iv_anp,CALCE_CS2_33,0.75,387,387,387,ok,,0.18884355274733303,0.029562822393282784,1.2421393430348477,0.4908424908424908,0.1368817948162899,388,128,273,step1,1
0,42,partial_iv_anp,CALCE_CS2_33,1.0,387,387,387,ok,,0.18472128131889057,0.0306334236436121,0.910432437961307,0.4432234432234432,0.1438943567553497,388,128,273,step1,1
0,42,partial_iv_anp,CALCE_CS2_33,0.0,388,388,388,ok,,0.13340146568441175,0.024116468819604275,-1.3218985475551168,0.7941176470588235,0.218571846389141,389,128,272,step1,1
0,42,partial_iv_anp,CALCE_CS2_33,0.25,388,388,388,ok,,0.19675966959669103,0.025728016898121986,2.321450209955038,0.5257352941176471,0.1218719263579402,389,128,272,step1,1
0,42,partial_iv_anp,CALCE_CS2_33,0.5,388,388,388,ok,,0.19016929594324877,0.02872703860312409,1.3487334319311268,0.5036764705882353,0.1350041569464548,389,128,272,step1,1
0,42,partial_iv_anp,CALCE_CS2_33,0.75,388,388,388,ok,,0.18894876151111498,0.02911516429344696,1.2296931930129877,0.4852941176470588,0.13714721723043988,389,128,272,step1,1
0,42,partial_iv_anp,CALCE_CS2_33,1.0,388,388,388,ok,,0.18453431266932047,0.03022281076321809,0.8826279441634918,0.4632352941176471,0.14451559166623876,389,128,272,step1,1
0,42,partial_iv_anp,CALCE_CS2_33,0.0,389,389,389,ok,,0.13381760405104254,0.02622567412939525,-1.3186218263114613,0.7970479704797048,0.21960717150523829,390,128,271,step1,1
0,42,partial_iv_anp,CALCE_CS2_33,0.25,389,389,389,ok,,0.19639010513139427,0.02840164689546054,2.1847197158875096,0.5092250922509225,0.12405835119017139,390,128,271,step1,1
0,42,partial_iv_anp,CALCE_CS2_33,0.5,389,389,389,ok,,0.1906171318422427,0.03097869089826144,1.366567240140896,0.5092250922509225,0.13548639025213513,390,128,271,step1,1
0,42,partial_iv_anp,CALCE_CS2_33,0.75,389,389,389,ok,,0.19013436040685275,0.03114362861598685,1.3205724233382594,0.4981549815498155,0.1362870395192637,390,128,271,step1,1
0,42,partial_iv_anp,CALCE_CS2_33,1.0,389,389,389,ok,,0.18660252560740537,0.03214143950260162,1.011992264008801,0.4797047970479705,0.14240305138036596,390,128,271,step1,1
0,42,partial_iv_anp,CALCE_CS2_33,0.0,390,390,390,ok,,0.1343179593108238,0.029188337199083092,-1.3194689654144802,0.7925925925925926,0.22052278201286019,391,128,270,step10,10
0,42,partial_iv_anp,CALCE_CS2_33,0.0,390,390,390,ok,,0.1343179593108238,0.029188337199083092,-1.3194689654144802,0.7925925925925926,0.22052278201286019,391,128,270,step1,1
0,42,partial_iv_anp,CALCE_CS2_33,0.25,390,390,390,ok,,0.2011922510510231,0.028338277441193216,3.3009050099598913,0.5148148148148148,0.11415486192485189,391,128,270,step10,10
0,42,partial_iv_anp,CALCE_CS2_33,0.25,390,390,390,ok,,0.2011922510510231,0.028338277441193216,3.3009050099598913,0.5148148148148148,0.11415486192485189,391,128,270,step1,1
0,42,partial_iv_anp,CALCE_CS2_33,0.5,390,390,390,ok,,0.19598756390167082,0.03198081434326061,2.06565936081006,0.5111111111111111,0.12604993877826692,391,128,270,step10,10
0,42,partial_iv_anp,CALCE_CS2_33,0.5,390,390,390,ok,,0.19598756390167082,0.03198081434326061,2.06565936081006,0.5111111111111111,0.12604993877826692,391,128,270,step1,1
0,42,partial_iv_anp,CALCE_CS2_33,0.75,390,390,390,ok,,0.19504906784553183,0.032465358251676735,1.912954200748293,0.5222222222222223,0.12795359111440746,391,128,270,step10,10
0,42,partial_iv_anp,CALCE_CS2_33,0.75,390,390,390,ok,,0.19504906784553183,0.032465358251676735,1.912954200748293,0.5222222222222223,0.12795359111440746,391,128,270,step1,1
0,42,partial_iv_anp,CALCE_CS2_33,1.0,390,390,390,ok,,0.19147942104533744,0.03398264857289779,1.4350050412355333,0.5111111111111111,0.13497936728643098,391,128,270,step10,10
0,42,partial_iv_anp,CALCE_CS2_33,1.0,390,390,390,ok,,0.19147942104533744,0.03398264857289779,1.4350050412355333,0.5111111111111111,0.13497936728643098,391,128,270,step1,1
0,42,partial_iv_anp,CALCE_CX2_33,0.0,100,100,100,ok,,0.14022724858072969,0.022465949607602842,-1.293594744630325,0.941929974380871,0.36807445743419237,101,100,1171,step10,10
0,42,partial_iv_anp,CALCE_CX2_33,0.0,100,100,100,ok,,0.14022724858072969,0.022465949607602842,-1.293594744630325,0.941929974380871,0.36807445743419237,101,100,1171,step1,1
0,42,partial_iv_anp,CALCE_CX2_33,0.25,100,100,100,ok,,0.0776042577892019,0.002362360524880147,6.271687079338677,0.28266438941076005,0.07104766853001412,101,100,1171,step10,10
0,42,partial_iv_anp,CALCE_CX2_33,0.25,100,100,100,ok,,0.0776042577892019,0.002362360524880147,6.271687079338677,0.28266438941076005,0.07104766853001412,101,100,1171,step1,1
0,42,partial_iv_anp,CALCE_CX2_33,0.5,100,100,100,ok,,0.07802003893229947,0.0029588411892770283,6.7320243960397645,0.269000853970965,0.0698908502399268,101,100,1171,step10,10
0,42,partial_iv_anp,CALCE_CX2_33,0.5,100,100,100,ok,,0.07802003893229947,0.0029588411892770283,6.7320243960397645,0.269000853970965,0.0698908502399268,101,100,1171,step1,1
0,42,partial_iv_anp,CALCE_CX2_33,0.75,100,100,100,ok,,0.07809671922686848,0.0030583533874595226,6.809153817861041,0.2681468830059778,0.06971022040964558,101,100,1171,step10,10
0,42,partial_iv_anp,CALCE_CX2_33,0.75,100,100,100,ok,,0.07809671922686848,0.0030583533874595226,6.809153817861041,0.2681468830059778,0.06971022040964558,101,100,1171,step1,1
0,42,partial_iv_anp,CALCE_CX2_33,1.0,100,100,100,ok,,0.07818267631370225,0.0032100741476671635,6.938312335480422,0.2664389410760034,0.06938031500313084,101,100,1171,step10,10
0,42,partial_iv_anp,CALCE_CX2_33,1.0,100,100,100,ok,,0.07818267631370225,0.0032100741476671635,6.938312335480422,0.2664389410760034,0.06938031500313084,101,100,1171,step1,1
0,42,partial_iv_anp,CALCE_CX2_33,0.0,101,101,101,ok,,0.14023725973792722,0.023402252803950474,-1.2930158597151515,0.9452991452991453,0.368419250455166,102,101,1170,step1,1
0,42,partial_iv_anp,CALCE_CX2_33,0.25,101,101,101,ok,,0.07780558530189208,0.0017495942762572048,6.502728320868755,0.2760683760683761,0.07054004938198101,102,101,1170,step1,1
0,42,partial_iv_anp,CALCE_CX2_33,0.5,101,101,101,ok,,0.07826344382782778,0.002409507745308348,7.02648986333876,0.2623931623931624,0.06926501001278298,102,101,1170,step1,1
0,42,partial_iv_anp,CALCE_CX2_33,0.75,101,101,101,ok,,0.07838380495257817,0.0025764236221916814,7.162304714842922,0.25982905982905985,0.06895196616560587,102,101,1170,step1,1
0,42,partial_iv_anp,CALCE_CX2_33,1.0,101,101,101,ok,,0.07852729217904798,0.0028166907909071837,7.371998740874956,0.2564102564102564,0.06844915506620285,102,101,1170,step1,1
0,42,partial_iv_anp,CALCE_CX2_33,0.0,102,102,102,ok,,0.14026812717441112,0.023491451577189904,-1.292383578635485,0.9452523524379812,0.3685228946364895,103,102,1169,step1,1
0,42,partial_iv_anp,CALCE_CX2_33,0.25,102,102,102,ok,,0.0779922673785739,0.001968693311861225,6.728055557284514,0.2728828058169376,0.07001397413759915,103,102,1169,step1,1
0,42,partial_iv_anp,CALCE_CX2_33,0.5,102,102,102,ok,,0.07844251570998162,0.002616922080201367,7.254509360791711,0.26518391787852863,0.06876902868737014,103,102,1169,step1,1
0,42,partial_iv_anp,CALCE_CX2_33,0.75,102,102,102,ok,,0.07854542887689658,0.002756851989376252,7.370259539654615,0.262617621899059,0.06851098763456566,103,102,1169,step1,1
0,42,partial_iv_anp,CALCE_CX2_33,1.0,102,102,102,ok,,0.07866482972759117,0.002960150444985321,7.552125854988935,0.2609067579127459,0.06808295964927365,103,102,1169,step1,1
0,42,partial_iv_anp,CALCE_CX2_33,0.0,103,103,103,ok,,0.14030069282489221,0.023723097297966622,-1.291745151016602,0.9486301369863014,0.3687591594259419,104,103,1168,step1,1
0,42,partial_iv_anp,CALCE_CX2_33,0.25,103,103,103,ok,,0.07819212094806054,0.002067976364334534,6.977382473094251,0.2688356164383562,0.06947629208778888,104,103,1168,step1,1
0,42,partial_iv_anp,CALCE_CX2_33,0.5,103,103,103,ok,,0.07862717246282926,0.0026925957392220923,7.497033464346857,0.2611301369863014,0.06828451554959086,104,103,1168,step1,1
0,42,partial_iv_anp,CALCE_CX2_33,0.75,103,103,103,ok,,0.07869573652132573,0.0027794909599622164,7.5691732166318015,0.2585616438356164,0.06813190331352506,104,103,1168,step1,1
0,42,partial_iv_anp,CALCE_CX2_33,1.0,103,103,103,ok,,0.07878946573392127,0.00294259430073629,7.71882978945241,0.2568493150684932,0.06778486594422659,104,103,1168,step1,1
0,42,partial_iv_anp,CALCE_CX2_33,0.0,104,104,104,ok,,0.1403381316530215,0.023850477786016122,-1.2910930424564697,0.9460154241645244,0.3689075526229183,105,104,1167,step1,1
0,42,partial_iv_anp,CALCE_CX2_33,0.25,104,104,104,ok,,0.07821240232106068,0.001995509318896027,7.002986419148003,0.26906598114824337,0.06948185299117797,105,104,1167,step1,1
0,42,partial_iv_anp,CALCE_CX2_33,0.5,104,104,104,ok,,0.07865338443410329,0.002629140110493089,7.531430105460847,0.26306769494430166,0.06827375401685759,105,104,1167,step1,1
0,42,partial_iv_anp,CALCE_CX2_33,0.75,104,104,104,ok,,0.07874737603973844,0.002754921140436406,7.637759790862786,0.26135389888603255,0.06804545454259937,105,104,1167,step1,1
0,42,partial_iv_anp,CALCE_CX2_33,1.0,104,104,104,ok,,0.07885977118516908,0.0029470546413870036,7.8143258023089475,0.258783204798629,0.06764199200265061,105,104,1167,step1,1
0,42,partial_iv_anp,CALCE_CX2_33,0.0,105,105,105,ok,,0.1403780187652755,0.024040314132594887,-1.2904331453551647,0.9408233276157805,0.36918102425133625,106,105,1166,step1,1
0,42,partial_iv_anp,CALCE_CX2_33,0.25,105,105,105,ok,,0.07830499056618812,0.001973849517392545,7.122786100117924,0.26758147512864494,0.069278442837412,106,105,1166,step1,1
0,42,partial_iv_anp,CALCE_CX2_33,0.5,105,105,105,ok,,0.07877314861866383,0.0026499865896738584,7.694989471957493,0.25986277873070324,0.06798976769027157,106,105,1166,step1,1
0,42,partial_iv_anp,CALCE_CX2_33,0.75,105,105,105,ok,,0.07888218839971498,0.002799008149580562,7.823735016892272,0.25728987993138935,0.06771680049098369,106,105,1166,step1,1
0,42,partial_iv_anp,CALCE_CX2_33,1.0,105,105,105,ok,,0.0790092467136456,0.003013837583194623,8.02424943336136,0.2555746140651801,0.06727028812683676,106,105,1166,step1,1
0,42,partial_iv_anp,CALCE_CX2_33,0.0,106,106,106,ok,,0.1404216715666169,0.02431457714180152,-1.2897623527234903,0.9450643776824035,0.3692830775114465,107,106,1165,step1,1
0,42,partial_iv_anp,CALCE_CX2_33,0.25,106,106,106,ok,,0.07849278337782913,0.002018054511823464,7.371870307706348,0.26609442060085836,0.0687330104006105,107,106,1165,step1,1
0,42,partial_iv_anp,CALCE_CX2_33,0.5,106,106,106,ok,,0.07892812283456677,0.0026428237042206426,7.9119191130422255,0.2592274678111588,0.0675525325351666,107,106,1165,step1,1
0,42,partial_iv_anp,CALCE_CX2_33,0.75,106,106,106,ok,,0.07901898833047964,0.0027636724719278805,8.01756833572939,0.2575107296137339,0.06733594456494463,107,106,1165,step1,1
0,42,partial_iv_anp,CALCE_CX2_33,1.0,106,106,106,ok,,0.07912109589907719,0.002939681064594968,8.185762409267472,0.25407725321888414,0.06696680573046247,107,106,1165,step1,1
0,42,partial_iv_anp,CALCE_CX2_33,0.0,107,107,107,ok,,0.1404708809750063,0.024484108423241224,-1.28907657960963,0.9484536082474226,0.36946217950070365,108,107,1164,step1,1
0,42,partial_iv_anp,CALCE_CX2_33,0.25,107,107,107,ok,,0.0785234732407966,0.0019261886984698329,7.418484775935776,0.26374570446735396,0.06869549027606496,108,107,1164,step1,1
0,42,partial_iv_anp,CALCE_CX2_33,0.5,107,107,107,ok,,0.0789769795193994,0.0025784444336668377,7.985387474041897,0.2542955326460481,0.06746371838402232,108,107,1164,step1,1
0,42,partial_iv_anp,CALCE_CX2_33,0.75,107,107,107,ok,,0.07906814378516346,0.002700017082659545,8.092436725881546,0.25257731958762886,0.06724578267583452,108,107,1164,step1,1
0,42,partial_iv_anp,CALCE_CX2_33,1.0,107,107,107,ok,,0.07917985379655941,0.0028908199769118736,8.275533345419488,0.24828178694158076,0.06684854925342637,108,107,1164,step1,1
0,42,partial_iv_anp,CALCE_CX2_33,0.0,108,108,108,ok,,0.14052327710107557,0.02340188455742176,-1.2883813471694205,0.9484092863284609,0.369743021461575,109,108,1163,step1,1
0,42,partial_iv_anp,CALCE_CX2_33,0.25,108,108,108,ok,,0.07231026233271007,0.006630555966989915,1.7274229869728324,0.3817712811693895,0.08966023761729128,109,108,1163,step1,1
0,42,partial_iv_anp,CALCE_CX2_33,0.5,108,108,108,ok,,0.07211511821136317,0.006979222849387234,1.5931712759793812,0.38521066208082544,0.0905348852972942,109,108,1163,step1,1
0,42,partial_iv_anp,CALCE_CX2_33,0.75,108,108,108,ok,,0.07187595786723273,0.007365624573294038,1.4489678209070525,0.38779019776440243,0.09148994553685622,109,108,1163,step1,1
0,42,partial_iv_anp,CALCE_CX2_33,1.0,108,108,108,ok,,0.07184946714920057,0.007387663723036342,1.442627077378384,0.3886500429922614,0.09151310156054021,109,108,1163,step1,1
0,42,partial_iv_anp,CALCE_CX2_33,0.0,109,109,109,ok,,0.14055183563905851,0.020762436939698148,-1.2877410008198387,0.9423407917383821,0.37017999808161955,110,109,1162,step1,1
0,42,partial_iv_anp,CALCE_CX2_33,0.25,109,109,109,ok,,0.07256001790254936,0.0035847688259501576,1.880600072318788,0.3709122203098107,0.08887796386774828,110,109,1162,step1,1
0,42,partial_iv_anp,CALCE_CX2_33,0.5,109,109,109,ok,,0.07233673697087577,0.003978567700648972,1.7244798343551329,0.37779690189328746,0.08985475532141717,110,109,1162,step1,1
0,42,partial_iv_anp,CALCE_CX2_33,0.75,109,109,109,ok,,0.07215669938225994,0.004275278793691939,1.6101762958139116,0.382960413080895,0.09058565612424739,110,109,1162,step1,1
0,42,partial_iv_anp,CALCE_CX2_33,1.0,109,109,109,ok,,0.07216176309326944,0.0042485448886192545,1.6221825923717823,0.382960413080895,0.09049013361902232,110,109,1162,step1,1
0,42,partial_iv_anp,CALCE_CX2_33,0.0,110,110,110,ok,,0.14052599456910486,0.021627320009549145,-1.28724493614284,0.9431524547803618,0.37031436566189474,111,110,1161,step10,10
0,42,partial_iv_anp,CALCE_CX2_33,0.0,110,110,110,ok,,0.14052599456910486,0.021627320009549145,-1.28724493614284,0.9431524547803618,0.37031436566189474,111,110,1161,step1,1
0,42,partial_iv_anp,CALCE_CX2_33,0.25,110,110,110,ok,,0.07299106596319917,0.0037846801331961055,2.1447854467166554,0.3695090439276486,0.0874158398898631,111,110,1161,step10,10
0,42,partial_iv_anp,CALCE_CX2_33,0.25,110,110,110,ok,,0.07299106596319917,0.0037846801331961055,2.1447854467166554,0.3695090439276486,0.0874158398898631,111,110,1161,step1,1
0,42,partial_iv_anp,CALCE_CX2_33,0.5,110,110,110,ok,,0.07309826073500626,0.0036673581122718124,2.193295300697465,0.3686477174849268,0.08717987899032907,111,110,1161,step10,10
0,42,partial_iv_anp,CALCE_CX2_33,0.5,110,110,110,ok,,0.07309826073500626,0.0036673581122718124,2.193295300697465,0.3686477174849268,0.08717987899032907,111,110,1161,step1,1
0,42,partial_iv_anp,CALCE_CX2_33,0.75,110,110,110,ok,,0.07308025127039537,0.00371471819625957,2.172541264631011,0.3686477174849268,0.08730705490635343,111,110,1161,step10,10
0,42,partial_iv_anp,CALCE_CX2_33,0.75,110,110,110,ok,,0.07308025127039537,0.00371471819625957,2.172541264631011,0.3686477174849268,0.08730705490635343,111,110,1161,step1,1
0,42,partial_iv_anp,CALCE_CX2_33,1.0,110,110,110,ok,,0.07324881116027988,0.003434221475983823,2.2949074580425908,0.3669250645994832,0.0866246877316019,111,110,1161,step10,10
0,42,partial_iv_anp,CALCE_CX2_33,1.0,110,110,110,ok,,0.07324881116027988,0.003434221475983823,2.2949074580425908,0.3669250645994832,0.0866246877316019,111,110,1161,step1,1
0,42,partial_iv_anp,CALCE_CX2_33,0.0,111,111,111,ok,,0.14051736327510345,0.019491557700686335,-1.28669864798247,0.9431034482758621,0.37052871478849514,112,111,1160,step1,1
0,42,partial_iv_anp,CALCE_CX2_33,0.25,111,111,111,ok,,0.07321026348975895,0.0013054611831063712,2.281960402978108,0.3629310344827586,0.08674594471275705,112,111,1160,step1,1
0,42,partial_iv_anp,CALCE_CX2_33,0.5,111,111,111,ok,,0.07312639280866337,0.0014848861120221324,2.2037439127036738,0.3646551724137931,0.08720146332102056,112,111,1160,step1,1
0,42,partial_iv_anp,CALCE_CX2_33,0.75,111,111,111,ok,,0.07296061170388375,0.0017606018076427032,2.0870859852584487,0.36982758620689654,0.0878614168789167,112,111,1160,step1,1
0,42,partial_iv_anp,CALCE_CX2_33,1.0,111,111,111,ok,,0.07296889444186527,0.0017284070188356981,2.102671690524705,0.36810344827586206,0.08775536522766308,112,111,1160,step1,1
0,42,partial_iv_anp,CALCE_CX2_33,0.0,112,112,112,ok,,0.14046712511643908,0.020855235779749348,-1.2862732189389565,0.9447799827437446,0.3707951395039522,113,112,1159,step1,1
0,42,partial_iv_anp,CALCE_CX2_33,0.25,112,112,112,ok,,0.0719710046637047,0.004600507429599721,1.498284141603993,0.3822260569456428,0.09148502650361735,113,112,1159,step1,1
0,42,partial_iv_anp,CALCE_CX2_33,0.5,112,112,112,ok,,0.07270898956968626,0.0035104757002916154,1.9187392664317062,0.3744607420189819,0.0889013589344805,113,112,1159,step1,1
0,42,partial_iv_anp,CALCE_CX2_33,0.75,112,112,112,ok,,0.07323952175347069,0.00270556266794153,2.253123493393504,0.363244176013805,0.08702704514507582,113,112,1159,step1,1
0,42,partial_iv_anp,CALCE_CX2_33,1.0,112,112,112,ok,,0.07378834884986528,0.001830628765701281,2.644717740340613,0.3528904227782571,0.08498296964818275,113,112,1159,step1,1
0,42,partial_iv_anp,CALCE_CX2_33,0.0,113,113,113,ok,,0.14044311693286765,0.025261941320840475,-1.2857671207028099,0.9464594127806563,0.37108900256283694,114,113,1158,step1,1
0,42,partial_iv_anp,CALCE_CX2_33,0.25,113,113,113,ok,,0.07619430842937283,0.0024289753376702805,4.6781791392711165,0.3082901554404145,0.07678093390742378,114,113,1158,step1,1
0,42,partial_iv_anp,CALCE_CX2_33,0.5,113,113,113,ok,,0.07647055473059312,0.0020465313521503825,4.9155101756149016,0.3065630397236615,0.07602483407005624,114,113,1158,step1,1
0,42,partial_iv_anp,CALCE_CX2_33,0.75,113,113,113,ok,,0.07653309581218874,0.0019686613938142417,4.963525560432976,0.30483592400690845,0.07588142595653043,114,113,1158,step1,1
0,42,partial_iv_anp,CALCE_CX2_33,1.0,113,113,113,ok,,0.0767669310326003,0.00158493437398044,5.21939716018858,0.29965457685664937,0.07505797126803203,114,113,1158,step1,1
0,42,partial_iv_anp,CALCE_CX2_33,0.0,114,114,114,ok,,0.14050812169145652,0.015918585014399023,-1.285036989814086,0.9472774416594641,0.37137941547109565,115,114,1157,step1,1
0,42,partial_iv_anp,CALCE_CX2_33,0.25,114,114,114,ok,,0.07344272494616075,0.0026555140023286627,2.422470094737165,0.35350043215211757,0.0862646665568943,115,114,1157,step1,1
0,42,partial_iv_anp,CALCE_CX2_33,0.5,114,114,114,ok,,0.07306929156698569,0.0020265825812941785,2.1499230545355905,0.35868625756266204,0.0877602757836689,115,114,1157,step1,1
0,42,partial_iv_anp,CALCE_CX2_33,0.75,114,114,114,ok,,0.07265303791261432,0.001362663091435845,1.877329282576373,0.36992221261884184,0.08933941356225934,115,114,1157,step1,1
0,42,partial_iv_anp,CALCE_CX2_33,1.0,114,114,114,ok,,0.07233689861972273,0.0008934900335042517,1.6954912213469704,0.3777009507346586,0.09042774389064906,115,114,1157,step1,1
0,42,partial_iv_anp,CALCE_CX2_33,0.0,115,115,115,ok,,0.14039524972888037,0.014418326208447407,-1.2848286764496348,0.9429065743944637,0.3715180200640781,116,115,1156,step1,1
0,42,partial_iv_anp,CALCE_CX2_33,0.25,115,115,115,ok,,0.07200428825141961,0.0018907177343442383,1.4931575468983018,0.38235294117647056,0.09175896271996653,116,115,1156,step1,1
0,42,partial_iv_anp,CALCE_CX2_33,0.5,115,115,115,ok,,0.07182141279978065,0.0015611863111379964,1.3729394320832677,0.39013840830449825,0.09259885937017384,116,115,1156,step1,1
0,42,partial_iv_anp,CALCE_CX2_33,0.75,115,115,115,ok,,0.07153955698787716,0.001111370953537305,1.2140705709377637,0.3961937716262976,0.09372447331883674,116,115,1156,step1,1
0,42,partial_iv_anp,CALCE_CX2_33,1.0,115,115,115,ok,,0.07135620196959407,0.0008505553548041611,1.126250734637065,0.39792387543252594,0.09434280086674057,116,115,1156,step1,1
0,42,partial_iv_anp,CALCE_CX2_33,0.0,116,116,116,ok,,0.14025848733037702,0.011871150736854963,-1.2847137550105323,0.941991341991342,0.37175007886493405,117,116,1155,step1,1
0,42,partial_iv_anp,CALCE_CX2_33,0.25,116,116,116,ok,,0.07163809006017566,0.0038300814385534565,1.2631457953625125,0.3878787878787879,0.09340130007739293,117,116,1155,step1,1
0,42,partial_iv_anp,CALCE_CX2_33,0.5,116,116,116,ok,,0.07133605090511003,0.0033197699835044725,1.0879340505921686,0.3974025974025974,0.09470741713068095,117,116,1155,step1,1
0,42,partial_iv_anp,CALCE_CX2_33,0.75,116,116,116,ok,,0.07109393229048282,0.0029331680295607843,0.9597807860867985,0.40346320346320347,0.09569823842136163,117,116,1155,step1,1
0,42,partial_iv_anp,CALCE_CX2_33,1.0,116,116,116,ok,,0.07089285630068061,0.002648403640362451,0.8694938684048945,0.40606060606060607,0.09639031510568945,117,116,1155,step1,1
0,42,partial_iv_anp,CALCE_CX2_33,0.0,117,117,117,ok,,0.14008363968100718,0.011025732743007777,-1.2847677797516026,0.9428076256499134,0.37179114100451854,118,117,1154,step1,1
0,42,partial_iv_anp,CALCE_CX2_33,0.25,117,117,117,ok,,0.0712107345297644,0.003964226958910078,1.0092296027285486,0.4003466204506066,0.09529310617438212,118,117,1154,step1,1
0,42,partial_iv_anp,CALCE_CX2_33,0.5,117,117,117,ok,,0.07083244261875782,0.0033432035592758647,0.8095935842897614,0.41161178509532065,0.09690776758074346,118,117,1154,step1,1
0,42,partial_iv_anp,CALCE_CX2_33,0.75,117,117,117,ok,,0.07050653254111135,0.0028350807889373497,0.6532644589036407,0.4220103986135182,0.0982392618412788,118,117,1154,step1,1
0,42,partial_iv_anp,CALCE_CX2_33,1.0,117,117,117,ok,,0.07022131945350715,0.0024281931181447947,0.5338974477706023,0.42980935875216636,0.09927500119119907,118,117,1154,step1,1
0,42,partial_iv_anp,CALCE_CX2_33,0.0,118,118,118,ok,,0.13989782811952117,0.01902141585935535,-1.2848681313084636,0.9453599306157849,0.3716431257300756,119,118,1153,step1,1
0,42,partial_iv_anp,CALCE_CX2_33,0.25,118,118,118,ok,,0.0753239308917858,0.0022779477999330666,3.68336099577259,0.3226366001734605,0.08061986054882511,119,118,1153,step1,1
0,42,partial_iv_anp,CALCE_CX2_33,0.5,118,118,118,ok,,0.0754799818391599,0.002473498347167591,3.7866720751452467,0.3217692974848222,0.0802394846563292,119,118,1153,step1,1
0,42,partial_iv_anp,CALCE_CX2_33,0.75,118,118,118,ok,,0.07545901303767487,0.002421267419021822,3.756697295781556,0.3226366001734605,0.08036986150556458,119,118,1153,step1,1
0,42,partial_iv_anp,CALCE_CX2_33,1.0,118,118,118,ok,,0.07555141705778828,0.0025851642245702244,3.849913492809668,0.3217692974848222,0.07998832021531498,119,118,1153,step1,1
0,42,partial_iv_anp,CALCE_CX2_33,0.0,119,119,119,ok,,0.13983981008057228,0.016466549494364102,-1.2844499122407587,0.9479166666666666,0.37186304152814986,120,119,1152,step1,1
0,42,partial_iv_anp,CALCE_CX2_33,0.25,119,119,119,ok,,0.07641572281714387,0.006529043750716945,4.644961238874409,0.3055555555555556,0.07712734350751818,120,119,1152,step1,1
0,42,partial_iv_anp,CALCE_CX2_33,0.5,119,119,119,ok,,0.07662906527240802,0.006813327090802179,4.817633339960293,0.3038194444444444,0.07657908206248533,120,119,1152,step1,1
0,42,partial_iv_anp,CALCE_CX2_33,0.75,119,119,119,ok,,0.07643849518699095,0.006498379798644649,4.620311288164688,0.3055555555555556,0.07725047259218264,120,119,1152,step1,1
0,42,partial_iv_anp,CALCE_CX2_33,1.0,119,119,119,ok,,0.0758268654607718,0.005563195116253361,4.071476489657082,0.3220486111111111,0.07918997245680036,120,119,1152,step1,1
0,42,partial_iv_anp,CALCE_CX2_33,0.0,120,120,120,ok,,0.13973866737439541,0.009965553512370606,-1.284173573657671,0.945264986967854,0.37196435059067984,121,120,1151,step10,10
0,42,partial_iv_anp,CALCE_CX2_33,0.0,120,120,120,ok,,0.13973866737439541,0.009965553512370606,-1.284173573657671,0.945264986967854,0.37196435059067984,121,120,1151,step1,1
0,42,partial_iv_anp,CALCE_CX2_33,0.25,120,120,120,ok,,0.07153691411232783,0.005415041855685976,1.1099565661182649,0.39270199826238056,0.09458856044739014,121,120,1151,step10,10
0,42,partial_iv_anp,CALCE_CX2_33,0.25,120,120,120,ok,,0.07153691411232783,0.005415041855685976,1.1099565661182649,0.39270199826238056,0.09458856044739014,121,120,1151,step1,1
0,42,partial_iv_anp,CALCE_CX2_33,0.5,120,120,120,ok,,0.07123063020634628,0.004900595153352394,0.940284223047585,0.3979148566463944,0.09591417663725609,121,120,1151,step10,10
0,42,partial_iv_anp,CALCE_CX2_33,0.5,120,120,120,ok,,0.07123063020634628,0.004900595153352394,0.940284223047585,0.3979148566463944,0.09591417663725609,121,120,1151,step1,1
0,42,partial_iv_anp,CALCE_CX2_33,0.75,120,120,120,ok,,0.07099116333397484,0.004519860578518831,0.8189480144367389,0.40834057341442226,0.09689837116504321,121,120,1151,step10,10
0,42,partial_iv_anp,CALCE_CX2_33,0.75,120,120,120,ok,,0.07099116333397484,0.004519860578518831,0.8189480144367389,0.40834057341442226,0.09689837116504321,121,120,1151,step1,1
0,42,partial_iv_anp,CALCE_CX2_33,1.0,120,120,120,ok,,0.0707682103119054,0.004203657233400437,0.7224310865387492,0.4118158123370982,0.09767763208328492,121,120,1151,step10,10
0,42,partial_iv_anp,CALCE_CX2_33,1.0,120,120,120,ok,,0.0707682103119054,0.004203657233400437,0.7224310865387492,0.4118158123370982,0.09767763208328492,121,120,1151,step1,1
0,42,partial_iv_anp,CALCE_CX2_33,0.0,121,121,121,ok,,0.13954205752330878,0.011293627734936695,-1.2843174376434954,0.9469565217391305,0.3720280006825098,122,121,1150,step1,1
0,42,partial_iv_anp,CALCE_CX2_33,0.25,121,121,121,ok,,0.072705596842781,0.005814441270062809,1.7184339252562189,0.3695652173913043,0.09048607824037629,122,121,1150,step1,1
0,42,partial_iv_anp,CALCE_CX2_33,0.5,121,121,121,ok,,0.07253800684878181,0.005505327275307059,1.600516176748758,0.3739130434782609,0.09126254914859148,122,121,1150,step1,1
0,42,partial_iv_anp,CALCE_CX2_33,0.75,121,121,121,ok,,0.07257950235443845,0.00555057358333888,1.6171343378830367,0.37217391304347824,0.09116930666137069,122,121,1150,step1,1
0,42,partial_iv_anp,CALCE_CX2_33,1.0,121,121,121,ok,,0.07252635001780396,0.005488315177552772,1.5957100853912158,0.37565217391304345,0.0912863486172455,122,121,1150,step1,1
0,42,partial_iv_anp,CALCE_CX2_33,0.0,122,122,122,ok,,0.13936454223797132,0.010394117351674392,-1.2843512148715293,0.9477806788511749,0.3721409427364042,123,122,1149,step1,1
0,42,partial_iv_anp,CALCE_CX2_33,0.25,122,122,122,ok,,0.07295644531920475,0.007043190896885099,1.8317382387691108,0.3672758920800696,0.08982590158501694,123,122,1149,step1,1
0,42,partial_iv_anp,CALCE_CX2_33,0.5,122,122,122,ok,,0.07258873161364522,0.006426613385107416,1.5949418892811011,0.37684943429068757,0.09132821564938648,123,122,1149,step1,1
0,42,partial_iv_anp,CALCE_CX2_33,0.75,122,122,122,ok,,0.07232258712499157,0.00599777070379004,1.4369417124827732,0.3838120104438642,0.09237793024467972,123,122,1149,step1,1
0,42,partial_iv_anp,CALCE_CX2_33,1.0,122,122,122,ok,,0.07222977582323029,0.0058750630629041956,1.3946059078581383,0.3846823324630113,0.09264311924222665,123,122,1149,step1,1
0,42,partial_iv_anp,CALCE_CX2_33,0.0,123,123,123,ok,,0.13917597457163663,0.016600726578973823,-1.2844321582457912,0.945993031358885,0.37208340829299774,124,123,1148,step1,1
0,42,partial_iv_anp,CALCE_CX2_33,0.25,123,123,123,ok,,0.07539647012033159,0.0045765826721725356,3.514625654764355,0.3231707317073171,0.08146286500299126,124,123,1148,step1,1
0,42,partial_iv_anp,CALCE_CX2_33,0.5,123,123,123,ok,,0.07558922012854641,0.004829379838970915,3.6454211305019038,0.31881533101045295,0.0809588147990605,124,123,1148,step1,1
0,42,partial_iv_anp,CALCE_CX2_33,0.75,123,123,123,ok,,0.07564948563669567,0.004904346106756052,3.6841571020571418,0.3153310104529617,0.08081537958311959,124,123,1148,step1,1
0,42,partial_iv_anp,CALCE_CX2_33,1.0,123,123,123,ok,,0.07573783560668303,0.005062857292343015,3.7730052663350047,0.3153310104529617,0.08044555274067454,124,123,1148,step1,1
0,42,partial_iv_anp,CALCE_CX2_33,0.0,124,124,124,ok,,0.13907828361485705,0.008236828106915284,-1.284122559033063,0.951176983435048,0.37220881541510087,125,124,1147,step1,1
0,42,partial_iv_anp,CALCE_CX2_33,0.25,124,124,124,ok,,0.07270581121168,0.008722940024302628,1.621595130076986,0.37314734088927637,0.09114814900461979,125,124,1147,step1,1
0,42,partial_iv_anp,CALCE_CX2_33,0.5,124,124,124,ok,,0.0721327869496171,0.0077932524374606515,1.2848356094062257,0.38448125544899736,0.09342866049122123,125,124,1147,step1,1
0,42,partial_iv_anp,CALCE_CX2_33,0.75,124,124,124,ok,,0.07167802125536356,0.0070794117652357436,1.0424223311487029,0.4001743679163034,0.09520844247252253,125,124,1147,step1,1
0,42,partial_iv_anp,CALCE_CX2_33,1.0,124,124,124,ok,,0.07120875030963612,0.006387612017841771,0.8218522732676292,0.4071490845684394,0.09691877517530871,125,124,1147,step1,1
0,42,partial_iv_anp,CALCE_CX2_33,0.0,125,125,125,ok,,0.13886499593715693,0.007645397171396562,-1.284328368468433,0.9493891797556719,0.3722750196467798,126,125,1146,step1,1
0,42,partial_iv_anp,CALCE_CX2_33,0.25,125,125,125,ok,,0.0728281312931393,0.009429721566925897,1.6488287370912438,0.3682373472949389,0.09099557731941746,126,125,1146,step1,1
0,42,partial_iv_anp,CALCE_CX2_33,0.5,125,125,125,ok,,0.07244872009596715,0.008796431592412834,1.4156025867400932,0.38045375218150085,0.09254912392460027,126,125,1146,step1,1
0,42,partial_iv_anp,CALCE_CX2_33,0.75,125,125,125,ok,,0.07206953650131884,0.008195555097669227,1.2048477514765255,0.387434554973822,0.09403016365202789,126,125,1146,step1,1
0,42,partial_iv_anp,CALCE_CX2_33,1.0,125,125,125,ok,,0.0715915530998896,0.007487494825194729,0.9708987824001164,0.39965095986038396,0.09575315956556724,126,125,1146,step1,1
0,42,partial_iv_anp,CALCE_CX2_33,0.0,126,126,126,ok,,0.13864601880318142,0.008865261834957616,-1.2845555045837396,0.9493449781659389,0.3723156979841017,127,126,1145,step1,1
0,42,partial_iv_anp,CALCE_CX2_33,0.25,126,126,126,ok,,0.07291740983028326,0.008270601513270415,1.6550564148308349,0.36768558951965064,0.09095696793328037,127,126,1145,step1,1
0,42,partial_iv_anp,CALCE_CX2_33,0.5,126,126,126,ok,,0.07269518755892526,0.007879400303782869,1.5094615299307677,0.3764192139737991,0.09192477236082915,127,126,1145,step1,1
0,42,partial_iv_anp,CALCE_CX2_33,0.75,126,126,126,ok,,0.07246436607216063,0.007505959924581473,1.3746867743697941,0.3807860262008734,0.09283970347757416,127,126,1145,step1,1
0,42,partial_iv_anp,CALCE_CX2_33,1.0,126,126,126,ok,,0.07222378851250431,0.00715728665186377,1.254373112653743,0.38427947598253276,0.09365431214216517,127,126,1145,step1,1
0,42,partial_iv_anp,CALCE_CX2_33,0.0,127,127,127,ok,,0.13844266659261864,0.010880575968588713,-1.2846781055638417,0.9493006993006993,0.37233548510485764,128,127,1144,step1,1
0,42,partial_iv_anp,CALCE_CX2_33,0.25,127,127,127,ok,,0.07340600464143039,0.006942516272912536,1.9044540652654318,0.36451048951048953,0.0894422788992104,128,127,1144,step1,1
0,42,partial_iv_anp,CALCE_CX2_33,0.5,127,127,127,ok,,0.07349189689874733,0.007026239054630068,1.9369181576957741,0.36451048951048953,0.08928375744418027,128,127,1144,step1,1
0,42,partial_iv_anp,CALCE_CX2_33,0.75,127,127,127,ok,,0.07351967163334401,0.00705080948125536,1.9462503809187968,0.36451048951048953,0.0892417688034537,128,127,1144,step1,1
0,42,partial_iv_anp,CALCE_CX2_33,1.0,127,127,127,ok,,0.07347815930570513,0.007007203355440139,1.9310899805648611,0.36451048951048953,0.08931021465993529,128,127,1144,step1,1
0,42,partial_iv_anp,CALCE_CX2_33,0.0,128,128,128,ok,,0.1382653732645839,0.0037021123527951616,-1.2846559212669586,0.9483814523184602,0.37239364000312813,129,128,1143,step1,1
0,42,partial_iv_anp,CALCE_CX2_33,0.25,128,128,128,ok,,0.07083766886003871,0.010148088632182306,0.5401068561138769,0.41557305336832895,0.09935066878561537,129,128,1143,step1,1
0,42,partial_iv_anp,CALCE_CX2_33,0.5,128,128,128,ok,,0.07006849149750666,0.008963876716965191,0.2140102749974939,0.43919510061242345,0.10253310015083797,129,128,1143,step1,1
0,42,partial_iv_anp,CALCE_CX2_33,0.75,128,128,128,ok,,0.06930181774301969,0.007838944963245997,-0.0690279866450345,0.46981627296587924,0.10567054587385133,129,128,1143,step1,1
0,42,partial_iv_anp,CALCE_CX2_33,1.0,128,128,128,ok,,0.06837457369554364,0.006558698959190923,-0.36076278511454546,0.5004374453193351,0.10935969209457481,129,128,1143,step1,1
0,42,partial_iv_anp,CALCE_CX2_33,0.0,129,129,129,ok,,0.13824347038042686,0.0024120483219680633,-1.283630643205806,0.9527145359019265,0.37249691490625253,130,128,1142,step1,1
0,42,partial_iv_anp,CALCE_CX2_33,0.25,129,129,129,ok,,0.07012217167114579,0.010336222867294076,0.22686099757826772,0.44220665499124345,0.10238057723259408,130,128,1142,step1,1
0,42,partial_iv_anp,CALCE_CX2_33,0.5,129,129,129,ok,,0.06936306018688931,0.009190825757721455,-0.06123481866751699,0.4658493870402802,0.10558022414019796,130,128,1142,step1,1
0,42,partial_iv_anp,CALCE_CX2_33,0.75,129,129,129,ok,,0.06898358137592994,0.008634378675062004,-0.19215308915263485,0.4816112084063047,0.10718813251332185,130,128,1142,step1,1
0,42,partial_iv_anp,CALCE_CX2_33,1.0,129,129,129,ok,,0.06833030267611799,0.007746412069540076,-0.38866348335283024,0.5043782837127846,0.10976734877902641,130,128,1142,step1,1
0,42,partial_iv_anp,CALCE_CX2_33,0.0,130,130,130,ok,,0.13791289834875334,0.0021205080931638864,-1.2844843886496033,0.9561787905346187,0.3724092339563686,131,128,1141,step10,10
0,42,partial_iv_anp,CALCE_CX2_33,0.0,130,130,130,ok,,0.13791289834875334,0.0021205080931638864,-1.2844843886496033,0.9561787905346187,0.3724092339563686,131,128,1141,step1,1
0,42,partial_iv_anp,CALCE_CX2_33,0.25,130,130,130,ok,,0.07005616836091592,0.010420565835056683,0.16085083363428446,0.44785276073619634,0.10302911909278738,131,128,1141,step10,10
0,42,partial_iv_anp,CALCE_CX2_33,0.25,130,130,130,ok,,0.07005616836091592,0.010420565835056683,0.16085083363428446,0.44785276073619634,0.10302911909278738,131,128,1141,step1,1
0,42,partial_iv_anp,CALCE_CX2_33,0.5,130,130,130,ok,,0.06919890752553247,0.009141778599123795,-0.15228167770140605,0.4723926380368098,0.10663532009142124,131,128,1141,step10,10
0,42,partial_iv_anp,CALCE_CX2_33,0.5,130,130,130,ok,,0.06919890752553247,0.009141778599123795,-0.15228167770140605,0.4723926380368098,0.10663532009142124,131,128,1141,step1,1
0,42,partial_iv_anp,CALCE_CX2_33,0.75,130,130,130,ok,,0.06868281381969042,0.008401355969442359,-0.31970337633315604,0.49430324276950044,0.10880778254069043,131,128,1141,step10,10
0,42,partial_iv_anp,CALCE_CX2_33,0.75,130,130,130,ok,,0.06868281381969042,0.008401355969442359,-0.31970337633315604,0.49430324276950044,0.10880778254069043,131,128,1141,step1,1
0,42,partial_iv_anp,CALCE_CX2_33,1.0,130,130,130,ok,,0.06808012330280863,0.007596060227909263,-0.49021108539834873,0.5188431200701139,0.11119534901955204,131,128,1141,step10,10
0,42,partial_iv_anp,CALCE_CX2_33,1.0,130,130,130,ok,,0.06808012330280863,0.007596060227909263,-0.49021108539834873,0.5188431200701139,0.11119534901955204,131,128,1141,step1,1
0,42,partial_iv_anp,CALCE_CX2_33,0.0,131,131,131,ok,,0.13779282613873733,0.006537270711981735,-1.2838955560264553,0.956140350877193,0.3724341757946256,132,128,1140,step1,1
0,42,partial_iv_anp,CALCE_CX2_33,0.25,131,131,131,ok,,0.07347057811191127,0.01113398574354707,1.779303245030977,0.3684210526315789,0.09017416380194948,132,128,1140,step1,1
0,42,partial_iv_anp,CALCE_CX2_33,0.5,131,131,131,ok,,0.07289697142927451,0.01019786345915663,1.4319844307911906,0.37543859649122807,0.09242421477965876,132,128,1140,step1,1
0,42,partial_iv_anp,CALCE_CX2_33,0.75,131,131,131,ok,,0.07240204168233162,0.009418732884187486,1.1616773812792405,0.38421052631578945,0.09432513164359704,132,128,1140,step1,1
0,42,partial_iv_anp,CALCE_CX2_33,1.0,131,131,131,ok,,0.07181493008610239,0.008544456119887522,0.8791380410290798,0.4,0.09645543857813266,132,128,1140,step1,1
0,42,partial_iv_anp,CALCE_CX2_33,0.0,132,132,132,ok,,0.13738642487279507,0.011230886476953694,-1.285442209404002,0.9543459174714662,0.372238967740144,133,128,1139,step1,1
0,42,partial_iv_anp,CALCE_CX2_33,0.25,132,132,132,ok,,0.0747755764550468,0.008316317737982692,2.5268302094173483,0.35294117647058826,0.0859645910305746,133,128,1139,step1,1
0,42,partial_iv_anp,CALCE_CX2_33,0.5,132,132,132,ok,,0.07456533124074301,0.007938778678328817,2.361467324405854,0.35645302897278314,0.08684875442295523,133,128,1139,step1,1
0,42,partial_iv_anp,CALCE_CX2_33,0.75,132,132,132,ok,,0.07435483264669113,0.0075908101159360974,2.2137866334128296,0.35996488147497807,0.0876523846578629,133,128,1139,step1,1
0,42,partial_iv_anp,CALCE_CX2_33,1.0,132,132,132,ok,,0.07421759894252028,0.007397497245867912,2.1360840540413792,0.36259877085162423,0.08806041222097839,133,128,1139,step1,1
0,42,partial_iv_anp,CALCE_CX2_33,0.0,133,133,133,ok,,0.1373283694442001,0.006434710737861615,-1.2846605415317054,0.9543057996485061,0.37223188470688695,134,128,1138,step1,1
0,42,partial_iv_anp,CALCE_CX2_33,0.25,133,133,133,ok,,0.0731726682278446,0.01061974099449925,1.5129884984664703,0.37521968365553604,0.09179397525026219,134,128,1138,step1,1
0,42,partial_iv_anp,CALCE_CX2_33,0.5,133,133,133,ok,,0.07251158855999727,0.009554152240428215,1.1418634312781306,0.3875219683655536,0.09439120265116305,134,128,1138,step1,1
0,42,partial_iv_anp,CALCE_CX2_33,0.75,133,133,133,ok,,0.07200612425966184,0.00876425291066063,0.8858575279249032,0.3945518453427065,0.09635780517765974,134,128,1138,step1,1
0,42,partial_iv_anp,CALCE_CX2_33,1.0,133,133,133,ok,,0.07153398248498864,0.008070851677989932,0.6753353227110552,0.4112478031634446,0.09807258916538401,134,128,1138,step1,1
0,42,partial_iv_anp,CALCE_CX2_33,0.0,134,134,134,ok,,0.1367620585433758,0.0060774111804035025,-1.2872361622373356,0.9586631486367634,0.37181018792340126,135,128,1137,step1,1
0,42,partial_iv_anp,CALCE_CX2_33,0.25,134,134,134,ok,,0.07277164607483415,0.010135958661595224,1.193608293065834,0.3843447669305189,0.09386756242838416,135,128,1137,step1,1
0,42,partial_iv_anp,CALCE_CX2_33,0.5,134,134,134,ok,,0.07226187841384347,0.009308426025406824,0.9233488167748857,0.39841688654353563,0.09592912769155836,135,128,1137,step1,1
0,42,partial_iv_anp,CALCE_CX2_33,0.75,134,134,134,ok,,0.07199922015944935,0.008890300621308356,0.7931164770430503,0.4045734388742304,0.09698871746759224,135,128,1137,step1,1
0,42,partial_iv_anp,CALCE_CX2_33,1.0,134,134,134,ok,,0.0717635782749715,0.008555807824406014,0.6935072080937897,0.405452946350044,0.0977966061731812,135,128,1137,step1,1
0,42,partial_iv_anp,CALCE_CX2_33,0.0,135,135,135,ok,,0.13713274040982848,0.008476945384366164,-1.2831873332458248,0.9568661971830986,0.37253306168651235,136,128,1136,step1,1
0,42,partial_iv_anp,CALCE_CX2_33,0.25,135,135,135,ok,,0.07422178286036701,0.010165712538968807,2.0949078045243694,0.3609154929577465,0.08835315282900234,136,128,1136,step1,1
0,42,partial_iv_anp,CALCE_CX2_33,0.5,135,135,135,ok,,0.07374267552635197,0.009371024019137031,1.7806661822345429,0.3670774647887324,0.09021859471955306,136,128,1136,step1,1
0,42,partial_iv_anp,CALCE_CX2_33,0.75,135,135,135,ok,,0.07340987865325628,0.008835755168065118,1.5796873564688234,0.3732394366197183,0.09148754460947973,136,128,1136,step1,1
0,42,partial_iv_anp,CALCE_CX2_33,1.0,135,135,135,ok,,0.07310775492045427,0.00838971755482898,1.42065838652296,0.3785211267605634,0.09251099194147784,136,128,1136,step1,1
0,42,partial_iv_anp,CALCE_CX2_33,0.0,136,136,136,ok,,0.13646444229699153,0.008689036976429088,-1.2865166245459405,0.9594713656387666,0.37205365308721927,137,128,1135,step1,1
0,42,partial_iv_anp,CALCE_CX2_33,0.25,136,136,136,ok,,0.07526055297863252,0.011303500141418787,2.6363419941989616,0.3409691629955947,0.08539000298074759,137,128,1135,step1,1
0,42,partial_iv_anp,CALCE_CX2_33,0.5,136,136,136,ok,,0.07479622560555042,0.010527988617859751,2.2984247426580002,0.35506607929515416,0.08715266796005637,137,128,1135,step1,1
0,42,partial_iv_anp,CALCE_CX2_33,0.75,136,136,136,ok,,0.07443550351016731,0.009945179688777062,2.057709928262099,0.360352422907489,0.08848700044029614,137,128,1135,step1,1
0,42,partial_iv_anp,CALCE_CX2_33,1.0,136,136,136,ok,,0.07411194906328127,0.00946269665866506,1.8690945071333627,0.3656387665198238,0.08955833793104148,137,128,1135,step1,1
0,42,partial_iv_anp,CALCE_CX2_33,0.0,137,137,137,ok,,0.13659631916876855,0.011794267687906368,-1.2841548001844991,0.9585537918871252,0.37258992398526475,138,128,1134,step1,1
0,42,partial_iv_anp,CALCE_CX2_33,0.25,137,137,137,ok,,0.07716487900016698,0.011272978798889333,4.176334036842028,0.2998236331569665,0.07901365505712954,138,128,1134,step1,1
0,42,partial_iv_anp,CALCE_CX2_33,0.5,137,137,137,ok,,0.07714357407973638,0.011189582278525845,4.125957870598866,0.30158730158730157,0.07922844743484213,138,128,1134,step1,1
0,42,partial_iv_anp,CALCE_CX2_33,0.75,137,137,137,ok,,0.07708032769121197,0.011070018675239601,4.057600835632993,0.30158730158730157,0.07949455188509036,138,128,1134,step1,1
0,42,partial_iv_anp,CALCE_CX2_33,1.0,137,137,137,ok,,0.07703543019233494,0.011020979712095369,4.03402459798298,0.30158730158730157,0.07956532852160533,138,128,1134,step1,1
0,42,partial_iv_anp,CALCE_CX2_33,0.0,138,138,138,ok,,0.13606841635903388,0.006377916445913567,-1.2865733462154951,0.9602824360105914,0.372314065007276,139,128,1133,step1,1
0,42,partial_iv_anp,CALCE_CX2_33,0.25,138,138,138,ok,,0.0745910421884132,0.012437921288293241,2.096943216088677,0.3574580759046778,0.08831777072792323,139,128,1133,step1,1
0,42,partial_iv_anp,CALCE_CX2_33,0.5,138,138,138,ok,,0.07407270342373017,0.011582887553575394,1.7611519714390886,0.3645189761694616,0.09031031765408425,139,128,1133,step1,1
0,42,partial_iv_anp,CALCE_CX2_33,0.75,138,138,138,ok,,0.07368981955944907,0.010969942228866048,1.5337058573541045,0.36893203883495146,0.09175611193077152,139,128,1133,step1,1
0,42,partial_iv_anp,CALCE_CX2_33,1.0,138,138,138,ok,,0.07332867728611435,0.010433962277148545,1.345609088291051,0.37511032656663723,0.09298999496514812,139,128,1133,step1,1
0,42,partial_iv_anp,CALCE_CX2_33,0.0,139,139,139,ok,,0.1361390593565716,0.006725190220470911,-1.2846772056150855,0.9584805653710248,0.3725805751094943,140,128,1132,step1,1
0,42,partial_iv_anp,CALCE_CX2_33,0.25,139,139,139,ok,,0.07512787049520907,0.012989213885585715,2.4616020492543473,0.3507067137809187,0.08640227205351252,140,128,1132,step1,1
0,42,partial_iv_anp,CALCE_CX2_33,0.5,139,139,139,ok,,0.07465630795447105,0.012202104285656934,2.1300930773742874,0.357773851590106,0.08820333428706462,140,128,1132,step1,1
0,42,partial_iv_anp,CALCE_CX2_33,0.75,139,139,139,ok,,0.07432964631912564,0.011673069192060126,1.9184448021531826,0.36130742049469966,0.08942378822572415,140,128,1132,step1,1
0,42,partial_iv_anp,CALCE_CX2_33,1.0,139,139,139,ok,,0.07401317015698618,0.01120248351831954,1.739875973509134,0.36484098939929327,0.09047344089753885,140,128,1132,step1,1
0,42,partial_iv_anp,CALCE_CX2_33,0.0,140,140,140,ok,,0.1360950073777419,0.00667472880217268,-1.2833619153713278,0.9566755083996463,0.37275568040900087,141,128,1131,step10,10
0,42,partial_iv_anp,CALCE_CX2_33,0.0,140,140,140,ok,,0.1360950073777419,0.00667472880217268,-1.2833619153713278,0.9566755083996463,0.37275568040900087,141,128,1131,step1,1
0,42,partial_iv_anp,CALCE_CX2_33,0.25,140,140,140,ok,,0.07546553280472094,0.013574098857583539,2.685486963433342,0.34571175950486294,0.08534795637067956,141,128,1131,step10,10
0,42,partial_iv_anp,CALCE_CX2_33,0.25,140,140,140,ok,,0.07546553280472094,0.013574098857583539,2.685486963433342,0.34571175950486294,0.08534795637067956,141,128,1131,step1,1
0,42,partial_iv_anp,CALCE_CX2_33,0.5,140,140,140,ok,,0.07493783148587506,0.012697056859672262,2.3031004649518505,0.35455349248452694,0.08732970487786545,141,128,1131,step10,10
0,42,partial_iv_anp,CALCE_CX2_33,0.5,140,140,140,ok,,0.07493783148587506,0.012697056859672262,2.3031004649518505,0.35455349248452694,0.08732970487786545,141,128,1131,step1,1
0,42,partial_iv_anp,CALCE_CX2_33,0.75,140,140,140,ok,,0.07460873985084261,0.012162803359496155,2.082595838323081,0.358974358974359,0.08855025161472946,141,128,1131,step10,10
0,42,partial_iv_anp,CALCE_CX2_33,0.75,140,140,140,ok,,0.07460873985084261,0.012162803359496155,2.082595838323081,0.358974358974359,0.08855025161472946,141,128,1131,step1,1
0,42,partial_iv_anp,CALCE_CX2_33,1.0,140,140,140,ok,,0.07421093990664257,0.011565005579077026,1.8492878942935314,0.3625110521662246,0.08987986469736613,141,128,1131,step10,10
0,42,partial_iv_anp,CALCE_CX2_33,1.0,140,140,140,ok,,0.07421093990664257,0.011565005579077026,1.8492878942935314,0.3625110521662246,0.08987986469736613,141,128,1131,step1,1
0,42,partial_iv_anp,CALCE_CX2_33,0.0,141,141,141,ok,,0.13553477553535156,0.01001740200357426,-1.2857490827930167,0.9584070796460177,0.37235604579306936,142,128,1130,step1,1
0,42,partial_iv_anp,CALCE_CX2_33,0.25,141,141,141,ok,,0.07594761898285649,0.01075878968101418,2.8919286785854985,0.3345132743362832,0.08425711414402402,142,128,1130,step1,1
0,42,partial_iv_anp,CALCE_CX2_33,0.5,141,141,141,ok,,0.07592942029505861,0.010679938453490134,2.8536537249680167,0.3345132743362832,0.08446766819355887,142,128,1130,step1,1
0,42,partial_iv_anp,CALCE_CX2_33,0.75,141,141,141,ok,,0.07594378507840051,0.01068257268553452,2.853963989651625,0.3345132743362832,0.08447908166317789,142,128,1130,step1,1
0,42,partial_iv_anp,CALCE_CX2_33,1.0,141,141,141,ok,,0.07595614453576015,0.010723788476531548,2.875814196092749,0.3345132743362832,0.08435757090016367,142,128,1130,step1,1
0,42,partial_iv_anp,CALCE_CX2_33,0.0,142,142,142,ok,,0.1356396807615383,0.011676087275347968,-1.2836657552211541,0.9619131975199291,0.3726981395641337,143,128,1129,step1,1
0,42,partial_iv_anp,CALCE_CX2_33,0.25,142,142,142,ok,,0.07714425807531389,0.011060000386665436,3.859929961487164,0.3029229406554473,0.08024532120844273,143,128,1129,step1,1
0,42,partial_iv_anp,CALCE_CX2_33,0.5,142,142,142,ok,,0.07705457683003311,0.010868688396894477,3.754981882259094,0.3073516386182462,0.08068463202807064,143,128,1129,step1,1
0,42,partial_iv_anp,CALCE_CX2_33,0.75,142,142,142,ok,,0.07696700804148685,0.010710338389387175,3.6703140576137527,0.3091231178033658,0.08103348584617978,143,128,1129,step1,1
0,42,partial_iv_anp,CALCE_CX2_33,1.0,142,142,142,ok,,0.07691232220251625,0.010645478768211647,3.6397755113197165,0.3100088573959256,0.0811384587162143,143,128,1129,step1,1
0,42,partial_iv_anp,CALCE_CX2_33,0.0,143,143,143,ok,,0.1352019850117645,0.005394891731331786,-1.2855150054803148,0.9609929078014184,0.3724623581905907,144,128,1128,step1,1
0,42,partial_iv_anp,CALCE_CX2_33,0.25,143,143,143,ok,,0.07527181419738178,0.014228513503283025,2.341727201587459,0.34131205673758863,0.08701443121419795,144,128,1128,step1,1
0,42,partial_iv_anp,CALCE_CX2_33,0.5,143,143,143,ok,,0.07469976544792219,0.01328501004390159,1.9572869777066153,0.3484042553191489,0.08916953450953935,144,128,1128,step1,1
0,42,partial_iv_anp,CALCE_CX2_33,0.75,143,143,143,ok,,0.07430550118708548,0.012651722909531204,1.7144674365513004,0.3554964539007092,0.09063528123044808,144,128,1128,step1,1
0,42,partial_iv_anp,CALCE_CX2_33,1.0,143,143,143,ok,,0.0738496440115944,0.011967093456557665,1.4673344504407158,0.36524822695035464,0.09219259844957346,144,128,1128,step1,1
0,42,partial_iv_anp,CALCE_CX2_33,0.0,144,144,144,ok,,0.1350566254297024,0.005667451910882804,-1.2849775737607845,0.9600709849157054,0.3724369268041665,145,128,1127,step1,1
0,42,partial_iv_anp,CALCE_CX2_33,0.25,144,144,144,ok,,0.0753407935551348,0.014026890494553301,2.3527883397604783,0.33895297249334516,0.08693711051857418,145,128,1127,step1,1
0,42,partial_iv_anp,CALCE_CX2_33,0.5,144,144,144,ok,,0.07479436908808944,0.013123069859326875,1.9836021768687686,0.3460514640638864,0.08899793154598447,145,128,1127,step1,1
0,42,partial_iv_anp,CALCE_CX2_33,0.75,144,144,144,ok,,0.07446263718072216,0.012586014203688545,1.7759868317434517,0.3513753327417924,0.09023902504209923,145,128,1127,step1,1
0,42,partial_iv_anp,CALCE_CX2_33,1.0,144,144,144,ok,,0.07413820740677353,0.012103638388951121,1.599111827827371,0.35847382431233366,0.0913180128504264,145,128,1127,step1,1
0,42,partial_iv_anp,CALCE_CX2_33,0.0,145,145,145,ok,,0.13479073596784502,0.00528087586436865,-1.2853430987370602,0.9618117229129662,0.3723927480258171,146,128,1126,step1,1
0,42,partial_iv_anp,CALCE_CX2_33,0.25,145,145,145,ok,,0.0752536657861403,0.01418668543335977,2.235202756490083,0.3428063943161634,0.08755545042781696,146,128,1126,step1,1
0,42,partial_iv_anp,CALCE_CX2_33,0.5,145,145,145,ok,,0.07470169241731513,0.013274553121498944,1.8711782543191948,0.34902309058614567,0.08964488017042756,146,128,1126,step1,1
0,42,partial_iv_anp,CALCE_CX2_33,0.75,145,145,145,ok,,0.07434004759829056,0.01269172999170498,1.6515137205966142,0.3552397868561279,0.09099796785559047,146,128,1126,step1,1
0,42,partial_iv_anp,CALCE_CX2_33,1.0,145,145,145,ok,,0.07402978488030444,0.012232431043725844,1.487470307809801,0.35968028419182946,0.09203008526628564,146,128,1126,step1,1
0,42,partial_iv_anp,CALCE_CX2_33,0.0,146,146,146,ok,,0.13461777998040284,0.004836456721931337,-1.2848813196534732,0.96,0.37246876822116676,147,128,1125,step1,1
0,42,partial_iv_anp,CALCE_CX2_33,0.25,146,146,146,ok,,0.07475256790235194,0.013799175399226149,1.8878598989104314,0.34933333333333333,0.08954260934662979,147,128,1125,step1,1
0,42,partial_iv_anp,CALCE_CX2_33,0.5,146,146,146,ok,,0.07412150930720839,0.012767874263867718,1.5050716192374125,0.36088888888888887,0.09195154075343959,147,128,1125,step1,1
0,42,partial_iv_anp,CALCE_CX2_33,0.75,146,146,146,ok,,0.07373912342280857,0.012156689117389208,1.2919833725802015,0.3671111111111111,0.09340499063544144,147,128,1125,step1,1
0,42,partial_iv_anp,CALCE_CX2_33,1.0,146,146,146,ok,,0.07330116891503313,0.011505257378495948,1.0776540177809815,0.37866666666666665,0.09492638622153547,147,128,1125,step1,1
0,42,partial_iv_anp,CALCE_CX2_33,0.0,147,147,147,ok,,0.13461620284977802,0.010382040607421095,-1.2833704781008808,0.9626334519572953,0.3727648926119494,148,128,1124,step1,1
0,42,partial_iv_anp,CALCE_CX2_33,0.25,147,147,147,ok,,0.07723052009879271,0.012172730235842866,3.62854777562643,0.30338078291814946,0.08118347274814568,148,128,1124,step1,1
0,42,partial_iv_anp,CALCE_CX2_33,0.5,147,147,147,ok,,0.07713449559016881,0.011970617894690005,3.522360062350151,0.30516014234875444,0.0816461187280583,148,128,1124,step1,1
0,42,partial_iv_anp,CALCE_CX2_33,0.75,147,147,147,ok,,0.07710240233756539,0.011899853972552776,3.485267039503751,0.30604982206405695,0.08181179994627848,148,128,1124,step1,1
0,42,partial_iv_anp,CALCE_CX2_33,1.0,147,147,147,ok,,0.07707929977994751,0.01188561988904957,3.4813172576238958,0.30604982206405695,0.08180979694666815,148,128,1124,step1,1
0,42,partial_iv_anp,CALCE_CX2_33,0.0,148,148,148,ok,,0.13429821326907931,0.007775700669407137,-1.2842064405148352,0.9634906500445236,0.37268911825033885,149,128,1123,step1,1
0,42,partial_iv_anp,CALCE_CX2_33,0.25,148,148,148,ok,,0.07786012513083014,0.01565726775469367,4.0637789438489715,0.29741763134461263,0.07946779144590704,149,128,1123,step1,1
0,42,partial_iv_anp,CALCE_CX2_33,0.5,148,148,148,ok,,0.07777720735736861,0.015475713074020403,3.961727621394295,0.2983081032947462,0.07988109315399188,149,128,1123,step1,1
0,42,partial_iv_anp,CALCE_CX2_33,0.75,148,148,148,ok,,0.07753660953271474,0.015077573041715864,3.748567773609149,0.3027604630454141,0.08071558447169688,149,128,1123,step1,1
0,42,partial_iv_anp,CALCE_CX2_33,1.0,148,148,148,ok,,0.07689259340406637,0.014085933074426515,3.2510982758215032,0.3161175422974176,0.08274854245447742,149,128,1123,step1,1
0,42,partial_iv_anp,CALCE_CX2_33,0.0,149,149,149,ok,,0.13413582334460344,0.0043349841505369024,-1.2839277802291125,0.9625668449197861,0.3726634769613242,150,128,1122,step1,1
0,42,partial_iv_anp,CALCE_CX2_33,0.25,149,149,149,ok,,0.07506674095707758,0.014663065402282238,1.9762886252084648,0.3484848484848485,0.08905906784037418,150,128,1122,step1,1
0,42,partial_iv_anp,CALCE_CX2_33,0.5,149,149,149,ok,,0.07453696481618922,0.013787398033276221,1.6446209062755643,0.35650623885918004,0.09108743601316939,150,128,1122,step1,1
0,42,partial_iv_anp,CALCE_CX2_33,0.75,149,149,149,ok,,0.07426141360091136,0.013339571840384812,1.4832361066232576,0.3609625668449198,0.09214033992249612,150,128,1122,step1,1
0,42,partial_iv_anp,CALCE_CX2_33,1.0,149,149,149,ok,,0.07392772476781911,0.012845599014332021,1.3138007657273691,0.3672014260249554,0.09326183260066864,150,128,1122,step1,1
0,42,partial_iv_anp,CALCE_CX2_33,0.0,150,150,150,ok,,0.13371365605662766,0.005063503392150892,-1.2852258564965793,0.9634255129348795,0.3725370759690935,151,128,1121,step10,10
0,42,partial_iv_anp,CALCE_CX2_33,0.0,150,150,150,ok,,0.13371365605662766,0.005063503392150892,-1.2852258564965793,0.9634255129348795,0.3725370759690935,151,128,1121,step1,1
0,42,partial_iv_anp,CALCE_CX2_33,0.25,150,150,150,ok,,0.076138451800072,0.015454296400196466,2.5768781851206746,0.33095450490633366,0.08582139829414138,151,128,1121,step10,10
0,42,partial_iv_anp,CALCE_CX2_33,0.25,150,150,150,ok,,0.076138451800072,0.015454296400196466,2.5768781851206746,0.33095450490633366,0.08582139829414138,151,128,1121,step1,1
0,42,partial_iv_anp,CALCE_CX2_33,0.5,150,150,150,ok,,0.07552644477681845,0.014443718363610691,2.1522377202803398,0.3407671721677074,0.0880786064025827,151,128,1121,step10,10
0,42,partial_iv_anp,CALCE_CX2_33,0.5,150,150,150,ok,,0.07552644477681845,0.014443718363610691,2.1522377202803398,0.3407671721677074,0.0880786064025827,151,128,1121,step1,1
0,42,partial_iv_anp,CALCE_CX2_33,0.75,150,150,150,ok,,0.07516183287924307,0.01385294958052996,1.9186345449333106,0.3479036574487065,0.08941852907383148,151,128,1121,step10,10
0,42,partial_iv_anp,CALCE_CX2_33,0.75,150,150,150,ok,,0.07516183287924307,0.01385294958052996,1.9186345449333106,0.3479036574487065,0.08941852907383148,151,128,1121,step1,1
0,42,partial_iv_anp,CALCE_CX2_33,1.0,150,150,150,ok,,0.07478730608920185,0.013291413317768952,1.7087532076669518,0.3541480820695807,0.09065814451503079,151,128,1121,step10,10
0,42,partial_iv_anp,CALCE_CX2_33,1.0,150,150,150,ok,,0.07478730608920185,0.013291413317768952,1.7087532076669518,0.3541480820695807,0.09065814451503079,151,128,1121,step1,1
0,42,partial_iv_anp,CALCE_CX2_33,0.0,151,151,151,ok,,0.13370272583847537,0.00577094400061362,-1.2836898493402784,0.9633928571428572,0.37277413706555274,152,128,1120,step1,1
0,42,partial_iv_anp,CALCE_CX2_33,0.25,151,151,151,ok,,0.0765829184277802,0.015473282199835237,2.887715625655072,0.3223214285714286,0.0843968783652755,152,128,1120,step1,1
0,42,partial_iv_anp,CALCE_CX2_33,0.5,151,151,151,ok,,0.07611838238857922,0.014691731468552072,2.5384549115193593,0.3375,0.08612074571002792,152,128,1120,step1,1
0,42,partial_iv_anp,CALCE_CX2_33,0.75,151,151,151,ok,,0.07579082424550941,0.014157013960116815,2.3113835467621375,0.34017857142857144,0.08730803890205724,152,128,1120,step1,1
0,42,partial_iv_anp,CALCE_CX2_33,1.0,151,151,151,ok,,0.07544987653245233,0.013645092499364408,2.1054795583816444,0.34375,0.0884071284757898,152,128,1120,step1,1
0,42,partial_iv_anp,CALCE_CX2_33,0.0,152,152,152,ok,,0.1335203397297435,0.009563892027709353,-1.283533412180535,0.9642537980339589,0.3727354596932494,153,128,1119,step1,1
0,42,partial_iv_anp,CALCE_CX2_33,0.25,152,152,152,ok,,0.07757066985687221,0.013188024457745362,3.590843934014115,0.30473637176050045,0.08131428881524239,153,128,1119,step1,1
0,42,partial_iv_anp,CALCE_CX2_33,0.5,152,152,152,ok,,0.07747495408189656,0.01298615494876465,3.4861041359150913,0.3092046470062556,0.08177334949500208,153,128,1119,step1,1
0,42,partial_iv_anp,CALCE_CX2_33,0.75,152,152,152,ok,,0.07746770885652612,0.012953989271416666,3.468712657998245,0.3100983020554066,0.08185841440798758,153,128,1119,step1,1
0,42,partial_iv_anp,CALCE_CX2_33,1.0,152,152,152,ok,,0.07744750256965317,0.012944545798049822,3.4672173325998363,0.3100983020554066,0.08184614017105797,153,128,1119,step1,1
0,42,partial_iv_anp,CALCE_CX2_33,0.0,153,153,153,ok,,0.1334153006093108,0.011208022551104757,-1.2827855507100097,0.962432915921288,0.37294927823509455,154,128,1118,step1,1
0,42,partial_iv_anp,CALCE_CX2_33,0.25,153,153,153,ok,,0.07864241978006473,0.013224453034638706,4.479269414987923,0.28622540250447226,0.07805264211779872,154,128,1118,step1,1
0,42,partial_iv_anp,CALCE_CX2_33,0.5,153,153,153,ok,,0.07849650893090021,0.012942697066241515,4.314960545672458,0.2889087656529517,0.07865963481228416,154,128,1118,step1,1
0,42,partial_iv_anp,CALCE_CX2_33,0.75,153,153,153,ok,,0.07843272737768268,0.012821113411696783,4.245020524009229,0.2898032200357782,0.07892290402924665,154,128,1118,step1,1
0,42,partial_iv_anp,CALCE_CX2_33,1.0,153,153,153,ok,,0.07836067054870825,0.012729415155197765,4.197710936254617,0.2924865831842576,0.07907658797828972,154,128,1118,step1,1
0,42,partial_iv_anp,CALCE_CX2_33,0.0,154,154,154,ok,,0.13321632884343418,0.011988842182078185,-1.2828184113772378,0.9623992837958818,0.37275294539733556,155,128,1117,step1,1
0,42,partial_iv_anp,CALCE_CX2_33,0.25,154,154,154,ok,,0.0790960519362921,0.013102810920825436,4.836860581550644,0.2757385854968666,0.07680430042693842,155,128,1117,step1,1
0,42,partial_iv_anp,CALCE_CX2_33,0.5,154,154,154,ok,,0.07895553348761826,0.012829613011412055,4.669815218279014,0.2802148612354521,0.07738717833691024,155,128,1117,step1,1
0,42,partial_iv_anp,CALCE_CX2_33,0.75,154,154,154,ok,,0.0788785245127928,0.01268698319190098,4.584242412436581,0.2811101163831692,0.0776890215080622,155,128,1117,step1,1
0,42,partial_iv_anp,CALCE_CX2_33,1.0,154,154,154,ok,,0.07880567272054988,0.012593849598454221,4.534031622547425,0.2846911369740376,0.07784358268648853,155,128,1117,step1,1
0,42,partial_iv_anp,CALCE_CX2_33,0.0,155,155,155,ok,,0.13281682233129058,0.01285553630938241,-1.2841098601273384,0.9650537634408602,0.37246591688881064,156,128,1116,step1,1
0,42,partial_iv_anp,CALCE_CX2_33,0.25,155,155,155,ok,,0.0795269700884405,0.012763987428748513,5.118691826115236,0.2670250896057348,0.07585708267336391,156,128,1116,step1,1
0,42,partial_iv_anp,CALCE_CX2_33,0.5,155,155,155,ok,,0.07942597112269079,0.012553043309890266,4.983889913507469,0.26881720430107525,0.0763121922541334,156,128,1116,step1,1
0,42,partial_iv_anp,CALCE_CX2_33,0.75,155,155,155,ok,,0.0793677374406925,0.012440263741662627,4.91305376570172,0.26881720430107525,0.07655192724387122,156,128,1116,step1,1
0,42,partial_iv_anp,CALCE_CX2_33,1.0,155,155,155,ok,,0.07932673722888747,0.01239766551136856,4.891414825748488,0.26881720430107525,0.07660511348013528,156,128,1116,step1,1
0,42,partial_iv_anp,CALCE_CX2_33,0.0,156,156,156,ok,,0.13285245535069534,0.013735629672219973,-1.282490715072916,0.9632286995515695,0.3727559515081489,157,128,1115,step1,1
0,42,partial_iv_anp,CALCE_CX2_33,0.25,156,156,156,ok,,0.07994092208731228,0.01259168949510947,5.550681703352735,0.2672645739910314,0.07462783161883642,157,128,1115,step1,1
0,42,partial_iv_anp,CALCE_CX2_33,0.5,156,156,156,ok,,0.07988027433692511,0.012444357109875015,5.449615176117821,0.2681614349775785,0.07495555216837968,157,128,1115,step1,1
0,42,partial_iv_anp,CALCE_CX2_33,0.75,156,156,156,ok,,0.0798346078792766,0.012351500430309081,5.38744042699391,0.2699551569506726,0.07515354531006245,157,128,1115,step1,1
0,42,partial_iv_anp,CALCE_CX2_33,1.0,156,156,156,ok,,0.0797982248146086,0.012315864098990215,5.369070366480709,0.27085201793721975,0.07519262716667476,157,128,1115,step1,1
0,42,partial_iv_anp,CALCE_CX2_33,0.0,157,157,157,ok,,0.13248127332701468,0.01477436718452474,-1.2836295720480007,0.9640933572710951,0.37260650158880076,158,128,1114,step1,1
0,42,partial_iv_anp,CALCE_CX2_33,0.25,157,157,157,ok,,0.0805753283662363,0.012415421920271785,6.089716106262737,0.2513464991023339,0.07309907176300592,158,128,1114,step1,1
0,42,partial_iv_anp,CALCE_CX2_33,0.5,157,157,157,ok,,0.08049341701825397,0.012235466239750692,5.959833061767639,0.25314183123877915,0.07348331371678209,158,128,1114,step1,1
0,42,partial_iv_anp,CALCE_CX2_33,0.75,157,157,157,ok,,0.08042541539299675,0.012106768028579684,5.869462714331691,0.2540394973070018,0.07374712864367106,158,128,1114,step1,1
0,42,partial_iv_anp,CALCE_CX2_33,1.0,157,157,157,ok,,0.08037989230683959,0.012056527685214813,5.840256024055672,0.25493716337522443,0.07381344449966351,158,128,1114,step1,1
0,42,partial_iv_anp,CALCE_CX2_33,0.0,158,158,158,ok,,0.1327657950626029,0.014955854646839017,-1.2804914508173306,0.963162623539982,0.3732409202858977,159,128,1113,step1,1
0,42,partial_iv_anp,CALCE_CX2_33,0.25,158,158,158,ok,,0.08058764538252419,0.012428916621701092,6.2189675112972065,0.24707996406109614,0.07290922019401988,159,128,1113,step1,1
0,42,partial_iv_anp,CALCE_CX2_33,0.5,158,158,158,ok,,0.080515929754983,0.012264439007039551,6.097787599436002,0.25157232704402516,0.07326435593958322,159,128,1113,step1,1
0,42,partial_iv_anp,CALCE_CX2_33,0.75,158,158,158,ok,,0.08046523725410465,0.01216343821923871,6.025100613659851,0.252470799640611,0.07347499263104221,159,128,1113,step1,1
0,42,partial_iv_anp,CALCE_CX2_33,1.0,158,158,158,ok,,0.08042729590021244,0.012125206352814888,6.003708909817714,0.25336927223719674,0.07351820501305104,159,128,1113,step1,1
0,42,partial_iv_anp,CALCE_CX2_33,0.0,159,159,159,ok,,0.1324853613586354,0.015363536940081968,-1.281465866902971,0.9613309352517986,0.3729910452298503,160,128,1112,step1,1
0,42,partial_iv_anp,CALCE_CX2_33,0.25,159,159,159,ok,,0.08084003205880684,0.012328233482204243,6.384984762176254,0.24280575539568344,0.07240689082106427,160,128,1112,step1,1
0,42,partial_iv_anp,CALCE_CX2_33,0.5,159,159,159,ok,,0.08075612946908986,0.012144571060878184,6.24809177117833,0.24370503597122303,0.07279606703337348,160,128,1112,step1,1
0,42,partial_iv_anp,CALCE_CX2_33,0.75,159,159,159,ok,,0.08069994999007572,0.01203467849736517,6.168023640534017,0.24550359712230216,0.07302232144479037,160,128,1112,step1,1
0,42,partial_iv_anp,CALCE_CX2_33,1.0,159,159,159,ok,,0.08066290695811897,0.011997758776714273,6.147248621274973,0.24640287769784172,0.07306285151735353,160,128,1112,step1,1
0,42,partial_iv_anp,CALCE_CX2_33,0.0,160,160,160,ok,,0.13216029600021964,0.015535902619107644,-1.282197236840136,0.9648964896489649,0.37298957078449774,161,128,1111,step10,10
0,42,partial_iv_anp,CALCE_CX2_33,0.0,160,160,160,ok,,0.13216029600021964,0.015535902619107644,-1.282197236840136,0.9648964896489649,0.37298957078449774,161,128,1111,step1,1
0,42,partial_iv_anp,CALCE_CX2_33,0.25,160,160,160,ok,,0.08102632451772199,0.012332304547308048,6.4718479152690636,0.24122412241224123,0.07222447243167396,161,128,1111,step10,10
0,42,partial_iv_anp,CALCE_CX2_33,0.25,160,160,160,ok,,0.08102632451772199,0.012332304547308048,6.4718479152690636,0.24122412241224123,0.07222447243167396,161,128,1111,step1,1
0,42,partial_iv_anp,CALCE_CX2_33,0.5,160,160,160,ok,,0.08094476249230215,0.012151647351622996,6.335859628320097,0.24212421242124213,0.07260765410428477,161,128,1111,step10,10
0,42,partial_iv_anp,CALCE_CX2_33,0.5,160,160,160,ok,,0.08094476249230215,0.012151647351622996,6.335859628320097,0.24212421242124213,0.07260765410428477,161,128,1111,step1,1
0,42,partial_iv_anp,CALCE_CX2_33,0.75,160,160,160,ok,,0.08088925203444539,0.012042861023561446,6.255926730811452,0.24392439243924394,0.0728310689054982,161,128,1111,step10,10
0,42,partial_iv_anp,CALCE_CX2_33,0.75,160,160,160,ok,,0.08088925203444539,0.012042861023561446,6.255926730811452,0.24392439243924394,0.0728310689054982,161,128,1111,step1,1
0,42,partial_iv_anp,CALCE_CX2_33,1.0,160,160,160,ok,,0.08085869917385727,0.012016350069664283,6.242336570915729,0.2448244824482448,0.0728518201649956,161,128,1111,step10,10
0,42,partial_iv_anp,CALCE_CX2_33,1.0,160,160,160,ok,,0.08085869917385727,0.012016350069664283,6.242336570915729,0.2448244824482448,0.0728518201649956,161,128,1111,step1,1
0,42,partial_iv_anp,CALCE_CX2_33,0.0,161,161,161,ok,,0.13257856226351808,0.01537090614242631,-1.278109299042817,0.9648648648648649,0.37356595835209017,162,128,1110,step1,1
0,42,partial_iv_anp,CALCE_CX2_33,0.25,161,161,161,ok,,0.08085397787220305,0.012464881508917336,6.451098300924873,0.24234234234234234,0.07242584942978363,162,128,1110,step1,1
0,42,partial_iv_anp,CALCE_CX2_33,0.5,161,161,161,ok,,0.0807889803563331,0.01231118258955255,6.334722153313103,0.24324324324324326,0.07275817623775171,162,128,1110,step1,1
0,42,partial_iv_anp,CALCE_CX2_33,0.75,161,161,161,ok,,0.08074094921977298,0.012214231844765777,6.263168416757676,0.24414414414414415,0.07295950186031921,162,128,1110,step1,1
0,42,partial_iv_anp,CALCE_CX2_33,1.0,161,161,161,ok,,0.08070772389241751,0.012183354171980798,6.246516760744316,0.24504504504504504,0.07298842130454235,162,128,1110,step1,1
0,42,partial_iv_anp,CALCE_CX2_33,0.0,162,162,162,ok,,0.13170441010713035,0.01618272208939764,-1.2831242848868953,0.9675383228133454,0.37289402694374807,163,128,1109,step1,1
0,42,partial_iv_anp,CALCE_CX2_33,0.25,162,162,162,ok,,0.08140083777539266,0.012141279644334313,6.714386378368671,0.2344454463480613,0.07160399630567099,163,128,1109,step1,1
0,42,partial_iv_anp,CALCE_CX2_33,0.5,162,162,162,ok,,0.08133162226554448,0.011980651487631278,6.5898026371383445,0.23534715960324618,0.07194616719667472,163,128,1109,step1,1
0,42,partial_iv_anp,CALCE_CX2_33,0.75,162,162,162,ok,,0.0812827144084348,0.01188232362881525,6.515420269271554,0.23624887285843102,0.07214802827394307,163,128,1109,step1,1
0,42,partial_iv_anp,CALCE_CX2_33,1.0,162,162,162,ok,,0.08125099523614175,0.011853775937823774,6.500064686060303,0.23715058611361586,0.07217232635859264,163,128,1109,step1,1
0,42,partial_iv_anp,CALCE_CX2_33,0.0,163,163,163,ok,,0.13202513586973985,0.015962249880709933,-1.279430434664365,0.9675090252707581,0.37344865669422006,164,128,1108,step1,1
0,42,partial_iv_anp,CALCE_CX2_33,0.25,163,163,163,ok,,0.08130150702189386,0.012399565508482868,6.7456735638776975,0.23736462093862815,0.07170730420731854,164,128,1108,step1,1
0,42,partial_iv_anp,CALCE_CX2_33,0.5,163,163,163,ok,,0.08124005814907291,0.012251284515698235,6.62972677443446,0.23826714801444043,0.07202679787967678,164,128,1108,step1,1
0,42,partial_iv_anp,CALCE_CX2_33,0.75,163,163,163,ok,,0.0812053814045856,0.012175081365913276,6.5710781840699255,0.24007220216606498,0.07218799147785672,164,128,1108,step1,1
0,42,partial_iv_anp,CALCE_CX2_33,1.0,163,163,163,ok,,0.08117036383626017,0.012141631944215914,6.552144145992668,0.24007220216606498,0.07222105173415992,164,128,1108,step1,1
0,42,partial_iv_anp,CALCE_CX2_33,0.0,164,164,164,ok,,0.13172855379350834,0.016293241413948056,-1.2803821244382219,0.971093044263776,0.37339265886586553,165,128,1107,step1,1
0,42,partial_iv_anp,CALCE_CX2_33,0.25,164,164,164,ok,,0.08146584477337489,0.01222708977606246,6.81191216359812,0.23757904245709124,0.07152967642034555,165,128,1107,step1,1
0,42,partial_iv_anp,CALCE_CX2_33,0.5,164,164,164,ok,,0.0814060708511068,0.012081626914540622,6.697410407792158,0.23848238482384823,0.07184282581977408,165,128,1107,step1,1
0,42,partial_iv_anp,CALCE_CX2_33,0.75,164,164,164,ok,,0.08134992066584099,0.01197150252440704,6.613638073266839,0.23938572719060525,0.07206627886370205,165,128,1107,step1,1
0,42,partial_iv_anp,CALCE_CX2_33,1.0,164,164,164,ok,,0.08131539248229289,0.011938636396948366,6.59505336242474,0.24028906955736223,0.07209829515296595,165,128,1107,step1,1
0,42,partial_iv_anp,CALCE_CX2_33,0.0,165,165,165,ok,,0.1316829536031046,0.007360155917929934,-1.2796591434642097,0.9701627486437613,0.3736618611822785,166,128,1106,step1,1
0,42,partial_iv_anp,CALCE_CX2_33,0.25,165,165,165,ok,,0.0780592592602914,0.01578190311394545,3.4937523894433054,0.2974683544303797,0.08213401589219202,166,128,1106,step1,1
0,42,partial_iv_anp,CALCE_CX2_33,0.5,165,165,165,ok,,0.07746693547080516,0.014792812884465767,3.018481697045525,0.310126582278481,0.08422268545310187,166,128,1106,step1,1
0,42,partial_iv_anp,CALCE_CX2_33,0.75,165,165,165,ok,,0.07712984513407734,0.014238418159683852,2.76702675314681,0.3155515370705244,0.08540927171647329,166,128,1106,step1,1
0,42,partial_iv_anp,CALCE_CX2_33,1.0,165,165,165,ok,,0.07680900455337702,0.013754919778676267,2.5595855848061273,0.32007233273056057,0.08640504287435274,166,128,1106,step1,1
0,42,partial_iv_anp,CALCE_CX2_33,0.0,166,166,166,ok,,0.13173574805513052,0.006404850686934194,-1.277576398098161,0.9701357466063348,0.3741024354632734,167,128,1105,step1,1
0,42,partial_iv_anp,CALCE_CX2_33,0.25,166,166,166,ok,,0.0775128308977475,0.015938285882877157,3.0982878643469833,0.3085972850678733,0.0839643316356547,167,128,1105,step1,1
0,42,partial_iv_anp,CALCE_CX2_33,0.5,166,166,166,ok,,0.07688172115840669,0.014888517076801722,2.625191269863288,0.318552036199095,0.08621997233161902,167,128,1105,step1,1
0,42,partial_iv_anp,CALCE_CX2_33,0.75,166,166,166,ok,,0.07663755655980063,0.014481963477754989,2.451391964721201,0.3221719457013575,0.08711053814240279,167,128,1105,step1,1
0,42,partial_iv_anp,CALCE_CX2_33,1.0,166,166,166,ok,,0.07636170523188389,0.014070029584013821,2.2839347352197006,0.3266968325791855,0.08796815237007775,167,128,1105,step1,1
0,42,partial_iv_anp,CALCE_CX2_33,0.0,167,167,167,ok,,0.13125338457896074,0.00697844052828267,-1.2795295121274775,0.9682971014492754,0.37372745412022873,168,128,1104,step1,1
0,42,partial_iv_anp,CALCE_CX2_33,0.25,167,167,167,ok,,0.07826835517520446,0.016380766203413666,3.547181901946369,0.29981884057971014,0.08194084285886638,168,128,1104,step1,1
0,42,partial_iv_anp,CALCE_CX2_33,0.5,167,167,167,ok,,0.07766249301091795,0.015368825608528591,3.0585457924982133,0.30978260869565216,0.08406791809607701,168,128,1104,step1,1
0,42,partial_iv_anp,CALCE_CX2_33,0.75,167,167,167,ok,,0.07739823895963886,0.014929509192201817,2.8574143090822957,0.31521739130434784,0.08500653626369055,168,128,1104,step1,1
0,42,partial_iv_anp,CALCE_CX2_33,1.0,167,167,167,ok,,0.07711649719629371,0.01450777006195969,2.6741879836019593,0.3188405797101449,0.08586347452108373,168,128,1104,step1,1
0,42,partial_iv_anp,CALCE_CX2_33,0.0,168,168,168,ok,,0.13137398279814705,0.005879789320832551,-1.277089363106985,0.9691749773345422,0.37408998522965903,169,128,1103,step1,1
0,42,partial_iv_anp,CALCE_CX2_33,0.25,168,168,168,ok,,0.07774868883536115,0.016759852076682402,3.1852139312971564,0.30643699002719854,0.08357990597242938,169,128,1103,step1,1
0,42,partial_iv_anp,CALCE_CX2_33,0.5,168,168,168,ok,,0.0769748301577164,0.015484069356355379,2.6087713766203198,0.3209428830462375,0.08630015731569707,169,128,1103,step1,1
0,42,partial_iv_anp,CALCE_CX2_33,0.75,168,168,168,ok,,0.07659389964849497,0.01486096235727763,2.346286660258922,0.33091568449682685,0.0876563893244509,169,128,1103,step1,1
0,42,partial_iv_anp,CALCE_CX2_33,1.0,168,168,168,ok,,0.07619379343150462,0.014253641579505816,2.1050524630496756,0.3372620126926564,0.08894378909235523,169,128,1103,step1,1
0,42,partial_iv_anp,CALCE_CX2_33,0.0,169,169,169,ok,,0.13098480499188467,0.011645573554501243,-1.2783310109956365,0.969147005444646,0.373802485787229,170,128,1102,step1,1
0,42,partial_iv_anp,CALCE_CX2_33,0.25,169,169,169,ok,,0.07997308991345262,0.014384249930456283,4.954905495117785,0.2613430127041742,0.0768880923311221,170,128,1102,step1,1
0,42,partial_iv_anp,CALCE_CX2_33,0.5,169,169,169,ok,,0.07975395779528426,0.013984384866681632,4.713914024058047,0.2631578947368421,0.07770643175064251,170,128,1102,step1,1
0,42,partial_iv_anp,CALCE_CX2_33,0.75,169,169,169,ok,,0.07969512897620314,0.013869371171465028,4.645160912638214,0.26406533575317603,0.07795003495828057,170,128,1102,step1,1
0,42,partial_iv_anp,CALCE_CX2_33,1.0,169,169,169,ok,,0.0796350529920871,0.013796271232232371,4.606999443046597,0.2658802177858439,0.07806200212719733,170,128,1102,step1,1
0,42,partial_iv_anp,CALCE_CX2_33,0.0,170,170,170,ok,,0.13099058986392148,0.009777707127854751,-1.2768164541686198,0.9745685740236149,0.3741104749510192,171,128,1101,step10,10
0,42,partial_iv_anp,CALCE_CX2_33,0.0,170,170,170,ok,,0.13099058986392148,0.009777707127854751,-1.2768164541686198,0.9745685740236149,0.3741104749510192,171,128,1101,step1,1
0,42,partial_iv_anp,CALCE_CX2_33,0.25,170,170,170,ok,,0.08054502449786259,0.017209621363330818,5.529222855396239,0.24341507720254316,0.07521942395825645,171,128,1101,step10,10
0,42,partial_iv_anp,CALCE_CX2_33,0.25,170,170,170,ok,,0.08054502449786259,0.017209621363330818,5.529222855396239,0.24341507720254316,0.07521942395825645,171,128,1101,step1,1
0,42,partial_iv_anp,CALCE_CX2_33,0.5,170,170,170,ok,,0.08035670047778257,0.01685875514568913,5.301557733411671,0.24795640326975477,0.07593121743423777,171,128,1101,step10,10
0,42,partial_iv_anp,CALCE_CX2_33,0.5,170,170,170,ok,,0.08035670047778257,0.01685875514568913,5.301557733411671,0.24795640326975477,0.07593121743423777,171,128,1101,step1,1
0,42,partial_iv_anp,CALCE_CX2_33,0.75,170,170,170,ok,,0.08029628535556763,0.016741905298433224,5.226479444488297,0.24977293369663942,0.07617378379108428,171,128,1101,step10,10
0,42,partial_iv_anp,CALCE_CX2_33,0.75,170,170,170,ok,,0.08029628535556763,0.016741905298433224,5.226479444488297,0.24977293369663942,0.07617378379108428,171,128,1101,step1,1
0,42,partial_iv_anp,CALCE_CX2_33,1.0,170,170,170,ok,,0.07998335236574394,0.016269955291303373,4.943432856458754,0.254314259763851,0.0770464953507662,171,128,1101,step10,10
0,42,partial_iv_anp,CALCE_CX2_33,1.0,170,170,170,ok,,0.07998335236574394,0.016269955291303373,4.943432856458754,0.254314259763851,0.0770464953507662,171,128,1101,step1,1
0,42,partial_iv_anp,CALCE_CX2_33,0.0,171,171,171,ok,,0.13069439201845376,0.005250013898959405,-1.2772783778829815,0.9718181818181818,0.37382265511199686,172,128,1100,step1,1
0,42,partial_iv_anp,CALCE_CX2_33,0.25,171,171,171,ok,,0.07775219386226145,0.017204319214728092,3.023477620465147,0.30818181818181817,0.08429110482436286,172,128,1100,step1,1
0,42,partial_iv_anp,CALCE_CX2_33,0.5,171,171,171,ok,,0.07710037867176202,0.016120172260401966,2.5440456047720925,0.3209090909090909,0.08661134002374682,172,128,1100,step1,1
0,42,partial_iv_anp,CALCE_CX2_33,0.75,171,171,171,ok,,0.07682952470840224,0.015671073683731218,2.3562253848172565,0.3245454545454545,0.08759066932925044,172,128,1100,step1,1
0,42,partial_iv_anp,CALCE_CX2_33,1.0,171,171,171,ok,,0.07647739977930273,0.01513888780719741,2.144974246805151,0.33,0.08870744552763013,172,128,1100,step1,1
0,42,partial_iv_anp,CALCE_CX2_33,0.0,172,172,172,ok,,0.13051065490460478,0.007473966045226654,-1.2769882191978192,0.9717925386715196,0.3739086004983854,173,128,1099,step1,1
0,42,partial_iv_anp,CALCE_CX2_33,0.25,172,172,172,ok,,0.07894921874166891,0.0168401285015074,3.906897626200997,0.28116469517743403,0.08063105969338691,173,128,1099,step1,1
0,42,partial_iv_anp,CALCE_CX2_33,0.5,172,172,172,ok,,0.07846125070447187,0.01601288839998316,3.4849471742051885,0.29208371246587805,0.0823400791098183,173,128,1099,step1,1
0,42,partial_iv_anp,CALCE_CX2_33,0.75,172,172,172,ok,,0.07826318590323314,0.015676663116237943,3.3204415820167665,0.2984531392174704,0.08304551122417426,173,128,1099,step1,1
0,42,partial_iv_anp,CALCE_CX2_33,1.0,172,172,172,ok,,0.0780113804419027,0.015300698205490626,3.1458232974759235,0.3020928116469518,0.08378467617288825,173,128,1099,step1,1
0,42,partial_iv_anp,CALCE_CX2_33,0.0,173,173,173,ok,,0.13027196154128182,0.006906481744681114,-1.2770581531430008,0.9717668488160291,0.3736817060831112,174,128,1098,step1,1
0,42,partial_iv_anp,CALCE_CX2_33,0.25,173,173,173,ok,,0.07932839455068248,0.017944094038897407,4.161095847779646,0.27049180327868855,0.07961870373033596,174,128,1098,step1,1
0,42,partial_iv_anp,CALCE_CX2_33,0.5,173,173,173,ok,,0.0786598720049133,0.016830871482117815,3.5808598086551324,0.28415300546448086,0.08188177001256552,174,128,1098,step1,1
0,42,partial_iv_anp,CALCE_CX2_33,0.75,173,173,173,ok,,0.07831456279204428,0.01626038770584981,3.3013602460463116,0.2923497267759563,0.08306128877431083,174,128,1098,step1,1
0,42,partial_iv_anp,CALCE_CX2_33,1.0,173,173,173,ok,,0.07792960304921397,0.015672764735457312,3.029839178658291,0.2996357012750455,0.08423695564821651,174,128,1098,step1,1
0,42,partial_iv_anp,CALCE_CX2_33,0.0,174,174,174,ok,,0.13024924936046509,0.01005603883663786,-1.27575927870719,0.9708295350957156,0.37384383853321024,175,128,1097,step1,1
0,42,partial_iv_anp,CALCE_CX2_33,0.25,174,174,174,ok,,0.07962933798599597,0.015312753938265256,4.418287307561068,0.2625341841385597,0.07871674375248924,175,128,1097,step1,1
0,42,partial_iv_anp,CALCE_CX2_33,0.5,174,174,174,ok,,0.07949623037383667,0.015049574986065961,4.269251517615201,0.26618049225159524,0.07927480122235692,175,128,1097,step1,1
0,42,partial_iv_anp,CALCE_CX2_33,0.75,174,174,174,ok,,0.07952603425044862,0.015075559093554292,4.281776746942306,0.26618049225159524,0.07924309658886845,175,128,1097,step1,1
0,42,partial_iv_anp,CALCE_CX2_33,1.0,174,174,174,ok,,0.07947543024699688,0.015018229399826555,4.254255206258717,0.26618049225159524,0.07932377985392604,175,128,1097,step1,1
0,42,partial_iv_anp,CALCE_CX2_33,0.0,175,175,175,ok,,0.13016176122875517,0.012482552334709074,-1.2747681598354281,0.9726277372262774,0.37400800653822175,176,128,1096,step1,1
0,42,partial_iv_anp,CALCE_CX2_33,0.25,175,175,175,ok,,0.08104821574675092,0.015152109569935512,5.7683367539353165,0.24087591240875914,0.07452143305143348,176,128,1096,step1,1
0,42,partial_iv_anp,CALCE_CX2_33,0.5,175,175,175,ok,,0.08083351934112702,0.014758810915310727,5.508441198934383,0.24817518248175183,0.07530408689170447,176,128,1096,step1,1
0,42,partial_iv_anp,CALCE_CX2_33,0.75,175,175,175,ok,,0.08075785021747472,0.01461721277751371,5.41628690083173,0.25,0.07559062916837486,176,128,1096,step1,1
0,42,partial_iv_anp,CALCE_CX2_33,1.0,175,175,175,ok,,0.08065635222967603,0.014478974528135291,5.334118977263071,0.25,0.0758212083140139,176,128,1096,step1,1
0,42,partial_iv_anp,CALCE_CX2_33,0.0,176,176,176,ok,,0.12972174410714293,0.006512791750626801,-1.2764197948911427,0.9762557077625571,0.37370061175349506,177,128,1095,step1,1
0,42,partial_iv_anp,CALCE_CX2_33,0.25,176,176,176,ok,,0.07938839315814905,0.01831441498654629,4.059924832523461,0.2639269406392694,0.08002462541881145,177,128,1095,step1,1
0,42,partial_iv_anp,CALCE_CX2_33,0.5,176,176,176,ok,,0.07874211986365527,0.017235028820861475,3.5060861584043987,0.28127853881278536,0.08222053731805959,177,128,1095,step1,1
0,42,partial_iv_anp,CALCE_CX2_33,0.75,176,176,176,ok,,0.0783698346473467,0.016621761495010823,3.210525961314379,0.2876712328767123,0.0834864489170319,177,128,1095,step1,1
0,42,partial_iv_anp,CALCE_CX2_33,1.0,176,176,176,ok,,0.07788937472724194,0.015882562611671425,2.8759063007563452,0.3004566210045662,0.08497610936370462,177,128,1095,step1,1
0,42,partial_iv_anp,CALCE_CX2_33,0.0,177,177,177,ok,,0.1294319696275122,0.0074552061584853835,-1.2767716787931669,0.9762340036563071,0.37350081109201133,178,128,1094,step1,1
0,42,partial_iv_anp,CALCE_CX2_33,0.25,177,177,177,ok,,0.07940182038442871,0.01730264572218254,3.989277995423141,0.2623400365630713,0.08025729619005935,178,128,1094,step1,1
0,42,partial_iv_anp,CALCE_CX2_33,0.5,177,177,177,ok,,0.0787688596212519,0.01624294458323583,3.4510407940152525,0.2870201096892139,0.08241665148584583,178,128,1094,step1,1
0,42,partial_iv_anp,CALCE_CX2_33,0.75,177,177,177,ok,,0.07848440547928505,0.01576847323972075,3.223071043625495,0.2915904936014625,0.08340018278790234,178,128,1094,step1,1
0,42,partial_iv_anp,CALCE_CX2_33,1.0,177,177,177,ok,,0.07824917922437571,0.015418307827207767,3.0638018984674504,0.29890310786106034,0.08408413390474387,178,128,1094,step1,1
0,42,partial_iv_anp,CALCE_CX2_33,0.0,178,178,178,ok,,0.12944672156356338,0.007674179705306927,-1.2751360006255321,0.9716376944190301,0.373558698492342,179,128,1093,step1,1
0,42,partial_iv_anp,CALCE_CX2_33,0.25,178,178,178,ok,,0.08002759233999936,0.01814193939743103,4.546171300560745,0.2561756633119854,0.07827875443034939,179,128,1093,step1,1
0,42,partial_iv_anp,CALCE_CX2_33,0.5,178,178,178,ok,,0.0793802265464199,0.017059487653079186,3.9547314309727213,0.2708142726440988,0.08043599749834089,179,128,1093,step1,1
0,42,partial_iv_anp,CALCE_CX2_33,0.75,178,178,178,ok,,0.07905546367034733,0.01652048081963553,3.6772194330423615,0.2790484903934126,0.08152719936136596,179,128,1093,step1,1
0,42,partial_iv_anp,CALCE_CX2_33,1.0,178,178,178,ok,,0.07871201189093087,0.01599741677034583,3.4228975830667037,0.28728270814272644,0.08254547609011072,179,128,1093,step1,1
0,42,partial_iv_anp,CALCE_CX2_33,0.0,179,179,179,ok,,0.1292673410513007,0.018472609320597355,-1.2748288138139896,0.9706959706959707,0.3735609299956006,180,128,1092,step1,1
0,42,partial_iv_anp,CALCE_CX2_33,0.25,179,179,179,ok,,0.0787315721605851,0.0052419340128253555,3.414523390836651,0.2802197802197802,0.08254930831334932,180,128,1092,step1,1
0,42,partial_iv_anp,CALCE_CX2_33,0.5,179,179,179,ok,,0.07810478362744845,0.004193918284625231,2.925543469901804,0.2957875457875458,0.08472914721527063,180,128,1092,step1,1
0,42,partial_iv_anp,CALCE_CX2_33,0.75,179,179,179,ok,,0.07788119038979856,0.0038172333977880557,2.7583899949346518,0.3021978021978022,0.08552912461166859,180,128,1092,step1,1
0,42,partial_iv_anp,CALCE_CX2_33,1.0,179,179,179,ok,,0.07790317709050108,0.003874260971372223,2.7858935586098803,0.30128205128205127,0.08537891392321122,180,128,1092,step1,1
0,42,partial_iv_anp,CALCE_CX2_33,0.0,180,180,180,ok,,0.12920936968529723,0.017996153223363454,-1.274195688926289,0.9734188817598534,0.37361968176046334,181,128,1091,step10,10
0,42,partial_iv_anp,CALCE_CX2_33,0.0,180,180,180,ok,,0.12920936968529723,0.017996153223363454,-1.274195688926289,0.9734188817598534,0.37361968176046334,181,128,1091,step1,1
0,42,partial_iv_anp,CALCE_CX2_33,0.25,180,180,180,ok,,0.0790896416184957,0.006314133402493649,3.6874607550518683,0.27406049495875345,0.0814878667335822,181,128,1091,step10,10
0,42,partial_iv_anp,CALCE_CX2_33,0.25,180,180,180,ok,,0.0790896416184957,0.006314133402493649,3.6874607550518683,0.27406049495875345,0.0814878667335822,181,128,1091,step1,1
0,42,partial_iv_anp,CALCE_CX2_33,0.5,180,180,180,ok,,0.07841497976659191,0.005188467471973657,3.1426492849220176,0.2923923006416132,0.08380024853101924,181,128,1091,step10,10
0,42,partial_iv_anp,CALCE_CX2_33,0.5,180,180,180,ok,,0.07841497976659191,0.005188467471973657,3.1426492849220176,0.2923923006416132,0.08380024853101924,181,128,1091,step1,1
0,42,partial_iv_anp,CALCE_CX2_33,0.75,180,180,180,ok,,0.07808675499547187,0.004644616420707348,2.8948973494595633,0.29880843263061413,0.08493702331327875,181,128,1091,step10,10
0,42,partial_iv_anp,CALCE_CX2_33,0.75,180,180,180,ok,,0.07808675499547187,0.004644616420707348,2.8948973494595633,0.29880843263061413,0.08493702331327875,181,128,1091,step1,1
0,42,partial_iv_anp,CALCE_CX2_33,1.0,180,180,180,ok,,0.07799756520295609,0.004524886314074217,2.8445784654143726,0.30339138405132904,0.0851534120788099,181,128,1091,step10,10
0,42,partial_iv_anp,CALCE_CX2_33,1.0,180,180,180,ok,,0.07799756520295609,0.004524886314074217,2.8445784654143726,0.30339138405132904,0.0851534120788099,181,128,1091,step1,1
0,42,partial_iv_anp,CALCE_CX2_33,0.0,181,181,181,ok,,0.1285872369082506,0.013664392564660122,-1.2772752707248327,0.9715596330275229,0.37326759790831243,182,128,1090,step1,1
0,42,partial_iv_anp,CALCE_CX2_33,0.25,181,181,181,ok,,0.07897103947403976,0.010200369448675195,3.426515776066389,0.2798165137614679,0.08249880189662447,182,128,1090,step1,1
0,42,partial_iv_anp,CALCE_CX2_33,0.5,181,181,181,ok,,0.07809158589695088,0.008750321983093445,2.760935023725696,0.30275229357798167,0.08550078006150687,182,128,1090,step1,1
0,42,partial_iv_anp,CALCE_CX2_33,0.75,181,181,181,ok,,0.07760934905071397,0.007963904312848324,2.42824430857425,0.30825688073394497,0.08716633303092426,182,128,1090,step1,1
0,42,partial_iv_anp,CALCE_CX2_33,1.0,181,181,181,ok,,0.07739865882524706,0.007652311583843052,2.3042562483379423,0.3137614678899083,0.0877952167572314,182,128,1090,step1,1
0,42,partial_iv_anp,CALCE_CX2_33,0.0,182,182,182,ok,,0.1289089975245102,0.01348092164495196,-1.2738076808793042,0.9724517906336089,0.37376681607258094,183,128,1089,step1,1
0,42,partial_iv_anp,CALCE_CX2_33,0.25,182,182,182,ok,,0.07897175425168544,0.010599571192181911,3.5247264410060515,0.2800734618916437,0.0822326455370292,183,128,1089,step1,1
0,42,partial_iv_anp,CALCE_CX2_33,0.5,182,182,182,ok,,0.07836157586427098,0.009575673952954111,3.0397731325672517,0.2938475665748393,0.08434924144759771,183,128,1089,step1,1
0,42,partial_iv_anp,CALCE_CX2_33,0.75,182,182,182,ok,,0.07805407872346877,0.009065216230573214,2.8111480044979453,0.3002754820936639,0.0854198159819059,183,128,1089,step1,1
0,42,partial_iv_anp,CALCE_CX2_33,1.0,182,182,182,ok,,0.0779244447352417,0.008881574400279146,2.7339944474506064,0.3021120293847567,0.08576880651663606,183,128,1089,step1,1
0,42,partial_iv_anp,CALCE_CX2_33,0.0,183,183,183,ok,,0.1289154585521662,0.013722309272486632,-1.2724865651612796,0.9724264705882353,0.3739557881190688,184,128,1088,step1,1
0,42,partial_iv_anp,CALCE_CX2_33,0.25,183,183,183,ok,,0.07981917840888171,0.011770006619179041,4.226350762963487,0.2610294117647059,0.07957597210984245,184,128,1088,step1,1
0,42,partial_iv_anp,CALCE_CX2_33,0.5,183,183,183,ok,,0.07917104152222282,0.01068402990313333,3.660179418898094,0.27481617647058826,0.08175694923788801,184,128,1088,step1,1
0,42,partial_iv_anp,CALCE_CX2_33,0.75,183,183,183,ok,,0.0788000129888932,0.010070980203191526,3.3599496829937245,0.2849264705882353,0.08300544763001212,184,128,1088,step1,1
0,42,partial_iv_anp,CALCE_CX2_33,1.0,183,183,183,ok,,0.07860201000555503,0.00977847855615288,3.224992571294959,0.28952205882352944,0.08356528737523598,184,128,1088,step1,1
0,42,partial_iv_anp,CALCE_CX2_33,0.0,184,184,184,ok,,0.12891883451913475,0.014961817937869104,-1.2711214399101534,0.9714811407543699,0.3742732269985358,185,128,1087,step1,1
0,42,partial_iv_anp,CALCE_CX2_33,0.25,184,184,184,ok,,0.07905026664052334,0.009360668519520443,3.60193164021007,0.2778288868445262,0.08206634143292284,185,128,1087,step1,1
0,42,partial_iv_anp,CALCE_CX2_33,0.5,184,184,184,ok,,0.0783842731795501,0.00824665143291392,3.0709022770074133,0.2953081876724931,0.08435911578291494,185,128,1087,step1,1
0,42,partial_iv_anp,CALCE_CX2_33,0.75,184,184,184,ok,,0.07839376778716171,0.008239062217494264,3.0662074993672155,0.2953081876724931,0.08439507262137898,185,128,1087,step1,1
0,42,partial_iv_anp,CALCE_CX2_33,1.0,184,184,184,ok,,0.07866771143770783,0.008698347674796603,3.2819074832668638,0.28794848206071755,0.08342798676174683,185,128,1087,step1,1
0,42,partial_iv_anp,CALCE_CX2_33,0.0,185,185,185,ok,,0.128550202674053,0.018216288136275627,-1.272314062930206,0.9723756906077348,0.37412711907287693,186,128,1086,step1,1
0,42,partial_iv_anp,CALCE_CX2_33,0.25,185,185,185,ok,,0.0816816597782186,0.010182507681610775,5.898303816078161,0.23296500920810312,0.07437681340413761,186,128,1086,step1,1
0,42,partial_iv_anp,CALCE_CX2_33,0.5,185,185,185,ok,,0.08145930256413508,0.009774427861060087,5.6278631675817765,0.23756906077348067,0.07517695105772038,186,128,1086,step1,1
0,42,partial_iv_anp,CALCE_CX2_33,0.75,185,185,185,ok,,0.08134999796799447,0.009577933676524486,5.500704775562502,0.23941068139963168,0.07556234380865995,186,128,1086,step1,1
0,42,partial_iv_anp,CALCE_CX2_33,1.0,185,185,185,ok,,0.08137003550195748,0.009632420387744367,5.539654763153461,0.23941068139963168,0.0754312737871987,186,128,1086,step1,1
0,42,partial_iv_anp,CALCE_CX2_33,0.0,186,186,186,ok,,0.12838821061209907,0.018504542625862763,-1.272303155431326,0.9714285714285714,0.37416604468972214,187,128,1085,step1,1
0,42,partial_iv_anp,CALCE_CX2_33,0.25,186,186,186,ok,,0.08212363932725603,0.010576910876159418,6.321460720034109,0.22672811059907835,0.07327350312617051,187,128,1085,step1,1
0,42,partial_iv_anp,CALCE_CX2_33,0.5,186,186,186,ok,,0.0819025246651928,0.010171820305449164,6.04043784347916,0.2304147465437788,0.07405815172604654,187,128,1085,step1,1
0,42,partial_iv_anp,CALCE_CX2_33,0.75,186,186,186,ok,,0.08180450972718949,0.009993550959458086,5.919351223048113,0.23410138248847925,0.07440542298880455,187,128,1085,step1,1
0,42,partial_iv_anp,CALCE_CX2_33,1.0,186,186,186,ok,,0.08180949174942427,0.010024181184839276,5.944478610276643,0.23410138248847925,0.0743194424160716,187,128,1085,step1,1
0,42,partial_iv_anp,CALCE_CX2_33,0.0,187,187,187,ok,,0.12820775051355782,0.01885407300986275,-1.2725090341635492,0.9714022140221402,0.3742179782551077,188,128,1084,step1,1
0,42,partial_iv_anp,CALCE_CX2_33,0.25,187,187,187,ok,,0.08245515059416043,0.010725570219590197,6.629744225600157,0.22324723247232472,0.07250750460121838,188,128,1084,step1,1
0,42,partial_iv_anp,CALCE_CX2_33,0.5,187,187,187,ok,,0.08225099508736394,0.010347053085908886,6.357836501486265,0.22601476014760147,0.07323804572496445,188,128,1084,step1,1
0,42,partial_iv_anp,CALCE_CX2_33,0.75,187,187,187,ok,,0.0821682409347574,0.010193179852805878,6.24921079690096,0.22878228782287824,0.07353793844230218,188,128,1084,step1,1
0,42,partial_iv_anp,CALCE_CX2_33,1.0,187,187,187,ok,,0.08217403712751399,0.01022497418153967,6.276069873120879,0.22878228782287824,0.07345075632184911,188,128,1084,step1,1
0,42,partial_iv_anp,CALCE_CX2_33,0.0,188,188,188,ok,,0.12841383771940088,0.01908418548706592,-1.269903229972059,0.971375807940905,0.374789690996797,189,128,1083,step1,1
0,42,partial_iv_anp,CALCE_CX2_33,0.25,188,188,188,ok,,0.08259038513979103,0.010875708782983162,6.887381508022668,0.22714681440443213,0.07204111829711189,189,128,1083,step1,1
0,42,partial_iv_anp,CALCE_CX2_33,0.5,188,188,188,ok,,0.08242473780444343,0.0105587474748704,6.651926836249826,0.22807017543859648,0.07265691897055794,189,128,1083,step1,1
0,42,partial_iv_anp,CALCE_CX2_33,0.75,188,188,188,ok,,0.08236318178795501,0.010438829918841708,6.563853426604058,0.22899353647276086,0.07289342552373894,189,128,1083,step1,1
0,42,partial_iv_anp,CALCE_CX2_33,1.0,188,188,188,ok,,0.08237496076267593,0.010480319783576775,6.59857761103157,0.22899353647276086,0.07278907289131657,189,128,1083,step1,1
0,42,partial_iv_anp,CALCE_CX2_33,0.0,189,189,189,ok,,0.1280766205934412,0.019333748194621525,-1.2714110873738609,0.9713493530499075,0.37459182289653636,190,128,1082,step1,1
0,42,partial_iv_anp,CALCE_CX2_33,0.25,189,189,189,ok,,0.0830207373981901,0.011206380415455186,7.255795319705082,0.21534195933456562,0.07112466625174756,190,128,1082,step1,1
0,42,partial_iv_anp,CALCE_CX2_33,0.5,189,189,189,ok,,0.08285879532058378,0.010895377371008652,7.015999507738561,0.21903881700554528,0.0717239624200813,190,128,1082,step1,1
0,42,partial_iv_anp,CALCE_CX2_33,0.75,189,189,189,ok,,0.08277692474821884,0.01074286137093905,6.900796562117064,0.21903881700554528,0.07201653028930523,190,128,1082,step1,1
0,42,partial_iv_anp,CALCE_CX2_33,1.0,189,189,189,ok,,0.08276679575822034,0.010749259146635937,6.911081687920403,0.21903881700554528,0.07197597318525727,190,128,1082,step1,1
0,42,partial_iv_anp,CALCE_CX2_33,0.0,190,190,190,ok,,0.12797339607717512,0.019386350048993806,-1.2710165050554287,0.9722479185938946,0.37476708386020186,191,128,1081,step10,10
0,42,partial_iv_anp,CALCE_CX2_33,0.0,190,190,190,ok,,0.12797339607717512,0.019386350048993806,-1.2710165050554287,0.9722479185938946,0.37476708386020186,191,128,1081,step1,1
0,42,partial_iv_anp,CALCE_CX2_33,0.25,190,190,190,ok,,0.08315393814114273,0.011376762043429745,7.3886694882921,0.21461609620721553,0.0708784148618495,191,128,1081,step10,10
0,42,partial_iv_anp,CALCE_CX2_33,0.25,190,190,190,ok,,0.08315393814114273,0.011376762043429745,7.3886694882921,0.21461609620721553,0.0708784148618495,191,128,1081,step1,1
0,42,partial_iv_anp,CALCE_CX2_33,0.5,190,190,190,ok,,0.08299032575271677,0.011063048438112677,7.1438882976911104,0.2183163737280296,0.0714804541817601,191,128,1081,step10,10
0,42,partial_iv_anp,CALCE_CX2_33,0.5,190,190,190,ok,,0.08299032575271677,0.011063048438112677,7.1438882976911104,0.2183163737280296,0.0714804541817601,191,128,1081,step1,1
0,42,partial_iv_anp,CALCE_CX2_33,0.75,190,190,190,ok,,0.08291071698405464,0.010913853629522019,7.029662423336245,0.22016651248843663,0.0717665487042812,191,128,1081,step10,10
0,42,partial_iv_anp,CALCE_CX2_33,0.75,190,190,190,ok,,0.08291071698405464,0.010913853629522019,7.029662423336245,0.22016651248843663,0.0717665487042812,191,128,1081,step1,1
0,42,partial_iv_anp,CALCE_CX2_33,1.0,190,190,190,ok,,0.08289648523866244,0.010913610087314396,7.035185709640099,0.22016651248843663,0.07173797849786756,191,128,1081,step10,10
0,42,partial_iv_anp,CALCE_CX2_33,1.0,190,190,190,ok,,0.08289648523866244,0.010913610087314396,7.035185709640099,0.22016651248843663,0.07173797849786756,191,128,1081,step1,1
0,42,partial_iv_anp,CALCE_CX2_33,0.0,191,191,191,ok,,0.12805936257757197,0.019130106268314018,-1.269434044734697,0.9722222222222222,0.3750726391848675,192,128,1080,step1,1
0,42,partial_iv_anp,CALCE_CX2_33,0.25,191,191,191,ok,,0.08321198428663758,0.011834616525117414,7.511438728196474,0.21203703703703702,0.07068335564921475,192,128,1080,step1,1
0,42,partial_iv_anp,CALCE_CX2_33,0.5,191,191,191,ok,,0.08303908680917102,0.011506359260780141,7.2528714288918605,0.21481481481481482,0.07130928891858951,192,128,1080,step1,1
0,42,partial_iv_anp,CALCE_CX2_33,0.75,191,191,191,ok,,0.08296262824906649,0.011362557882542368,7.141557286577777,0.21574074074074073,0.07158466159901539,192,128,1080,step1,1
0,42,partial_iv_anp,CALCE_CX2_33,1.0,191,191,191,ok,,0.08292269194798114,0.011321390373965734,7.116700139156235,0.21574074074074073,0.07162865314980867,192,128,1080,step1,1
0,42,partial_iv_anp,CALCE_CX2_33,0.0,192,192,192,ok,,0.12749844970466775,0.0190308162740348,-1.2721980644345858,0.974050046339203,0.3746112677995721,193,128,1079,step1,1
0,42,partial_iv_anp,CALCE_CX2_33,0.25,192,192,192,ok,,0.08342998113050053,0.012056841726689749,7.539411691798369,0.211306765523633,0.07056586816578089,193,128,1079,step1,1
0,42,partial_iv_anp,CALCE_CX2_33,0.5,192,192,192,ok,,0.08323688790545458,0.011695968267421586,7.2560816452946995,0.21408711770157554,0.07124740893268931,193,128,1079,step1,1
0,42,partial_iv_anp,CALCE_CX2_33,0.75,192,192,192,ok,,0.08315820884659005,0.011548531861973133,7.142223374652047,0.21408711770157554,0.07152856813476709,193,128,1079,step1,1
0,42,partial_iv_anp,CALCE_CX2_33,1.0,192,192,192,ok,,0.08310581528417989,0.011487559685660731,7.102727338352576,0.21408711770157554,0.07160744408290362,193,128,1079,step1,1
0,42,partial_iv_anp,CALCE_CX2_33,0.0,193,193,193,ok,,0.1275220552165977,0.01900755471901394,-1.2710510053749509,0.9721706864564007,0.3748263366285951,194,128,1078,step1,1
0,42,partial_iv_anp,CALCE_CX2_33,0.25,193,193,193,ok,,0.08348601569605317,0.012249394937682623,7.631868076909309,0.21150278293135436,0.07042342448630626,194,128,1078,step1,1
0,42,partial_iv_anp,CALCE_CX2_33,0.5,193,193,193,ok,,0.08331246431810291,0.011919886945651048,7.370011304830501,0.21428571428571427,0.07104808240780448,194,128,1078,step1,1
0,42,partial_iv_anp,CALCE_CX2_33,0.75,193,193,193,ok,,0.08322042419947694,0.01175112391117672,7.238907642936521,0.21614100185528756,0.07136609339683085,194,128,1078,step1,1
0,42,partial_iv_anp,CALCE_CX2_33,1.0,193,193,193,ok,,0.08316125133114063,0.011679136952733371,7.19082119185271,0.21614100185528756,0.07146433506947354,194,128,1078,step1,1
0,42,partial_iv_anp,CALCE_CX2_33,0.0,194,194,194,ok,,0.1279186209238465,0.01903535910691756,-1.2672204743777578,0.9730733519034355,0.3754656912497902,195,128,1077,step1,1
0,42,partial_iv_anp,CALCE_CX2_33,0.25,194,194,194,ok,,0.08346091215394424,0.012450701284263177,7.802585229705705,0.20705663881151345,0.07019294842988145,195,128,1077,step1,1
0,42,partial_iv_anp,CALCE_CX2_33,0.5,194,194,194,ok,,0.08327686105481791,0.012104162378533956,7.523127001394624,0.20798514391829154,0.0708464443633906,195,128,1077,step1,1
0,42,partial_iv_anp,CALCE_CX2_33,0.75,194,194,194,ok,,0.08318335054485458,0.011932525830020468,7.387777464718528,0.20798514391829154,0.07116924382665554,195,128,1077,step1,1
0,42,partial_iv_anp,CALCE_CX2_33,1.0,194,194,194,ok,,0.0831286310433278,0.011867510711050189,7.344289269006282,0.20798514391829154,0.07125501686389953,195,128,1077,step1,1
0,42,partial_iv_anp,CALCE_CX2_33,0.0,195,195,195,ok,,0.12783533759573631,0.0191882591703465,-1.266834601143801,0.9730483271375465,0.375540341406813,196,128,1076,step1,1
0,42,partial_iv_anp,CALCE_CX2_33,0.25,195,195,195,ok,,0.08363185356527245,0.012594185342487463,7.995989899267813,0.20074349442379183,0.06979664783927796,196,128,1076,step1,1
0,42,partial_iv_anp,CALCE_CX2_33,0.5,195,195,195,ok,,0.08341356395076237,0.012193127063901299,7.668861927962888,0.20446096654275092,0.07054241796334307,196,128,1076,step1,1
0,42,partial_iv_anp,CALCE_CX2_33,0.75,195,195,195,ok,,0.08331621565597483,0.012015739937132786,7.527310042939562,0.2053903345724907,0.07087368011137767,196,128,1076,step1,1
0,42,partial_iv_anp,CALCE_CX2_33,1.0,195,195,195,ok,,0.0832580465648479,0.011945337068093975,7.479198185273925,0.20631970260223048,0.07096834982185657,196,128,1076,step1,1
0,42,partial_iv_anp,CALCE_CX2_33,0.0,196,196,196,ok,,0.1275360033206434,0.0193248851378921,-1.267746247132166,0.9739534883720931,0.3755660687661976,197,128,1075,step1,1
0,42,partial_iv_anp,CALCE_CX2_33,0.25,196,196,196,ok,,0.08372898844823998,0.01252566918403808,7.994253626168619,0.20744186046511628,0.06985067769484582,197,128,1075,step1,1
0,42,partial_iv_anp,CALCE_CX2_33,0.5,196,196,196,ok,,0.08351608076209828,0.012133165769275811,7.674427871013466,0.20837209302325582,0.07058042166323482,197,128,1075,step1,1
0,42,partial_iv_anp,CALCE_CX2_33,0.75,196,196,196,ok,,0.0834221914308276,0.011960980008232647,7.53698404649203,0.20930232558139536,0.07090245536834419,197,128,1075,step1,1
0,42,partial_iv_anp,CALCE_CX2_33,1.0,196,196,196,ok,,0.08336175240763205,0.011886821760950461,7.486004542774161,0.20930232558139536,0.07100367341831505,197,128,1075,step1,1
0,42,partial_iv_anp,CALCE_CX2_33,0.0,197,197,197,ok,,0.12741687196372375,0.012768211366528837,-1.2676406457824856,0.972998137802607,0.3756835058741222,198,128,1074,step1,1
0,42,partial_iv_anp,CALCE_CX2_33,0.25,197,197,197,ok,,0.08202317356354225,0.016357931775621504,5.965615432824225,0.22905027932960895,0.07485974989238628,198,128,1074,step1,1
0,42,partial_iv_anp,CALCE_CX2_33,0.5,197,197,197,ok,,0.08118185970741465,0.014955923898088641,5.085524152982425,0.23649906890130354,0.07749437980017032,198,128,1074,step1,1
0,42,partial_iv_anp,CALCE_CX2_33,0.75,197,197,197,ok,,0.08067133058346172,0.01411399600031904,4.598740241338982,0.24860335195530725,0.07910549308670059,198,128,1074,step1,1
0,42,partial_iv_anp,CALCE_CX2_33,1.0,197,197,197,ok,,0.08023973743237646,0.013444411491493335,4.2373776625134445,0.2541899441340782,0.08035790968409114,198,128,1074,step1,1
0,42,partial_iv_anp,CALCE_CX2_33,0.0,198,198,198,ok,,0.1269268658762803,0.009966232307846656,-1.269676556874426,0.972972972972973,0.37526328134311554,199,128,1073,step1,1
0,42,partial_iv_anp,CALCE_CX2_33,0.25,198,198,198,ok,,0.08046051215188209,0.016469010139282703,4.31301552561151,0.2516309412861137,0.07999550419763483,199,128,1073,step1,1
0,42,partial_iv_anp,CALCE_CX2_33,0.5,198,198,198,ok,,0.07978368920094098,0.015330077548752596,3.7219079852185812,0.2618825722273998,0.08225096021349032,199,128,1073,step1,1
0,42,partial_iv_anp,CALCE_CX2_33,0.75,198,198,198,ok,,0.07948036878350499,0.014821288410011957,3.472824996792033,0.2684063373718546,0.08327599389328168,199,128,1073,step1,1
0,42,partial_iv_anp,CALCE_CX2_33,1.0,198,198,198,ok,,0.07915368791908518,0.014321675771255538,3.2414762513416875,0.2767940354147251,0.08423908697737997,199,128,1073,step1,1
0,42,partial_iv_anp,CALCE_CX2_33,0.0,199,199,199,ok,,0.12686925998352944,0.010037028535106352,-1.2686664397101655,0.9738805970149254,0.37531350736890395,200,128,1072,step1,1
0,42,partial_iv_anp,CALCE_CX2_33,0.25,199,199,199,ok,,0.08100445574957053,0.01731580852768888,4.7890831840021795,0.24440298507462688,0.07837491524863961,200,128,1072,step1,1
0,42,partial_iv_anp,CALCE_CX2_33,0.5,199,199,199,ok,,0.08024377987251499,0.01604300334161468,4.091168916319964,0.2574626865671642,0.08084800090887186,200,128,1072,step1,1
0,42,partial_iv_anp,CALCE_CX2_33,0.75,199,199,199,ok,,0.07985384715031438,0.015394747946940068,3.7593033718198448,0.2630597014925373,0.08213060728118145,200,128,1072,step1,1
0,42,partial_iv_anp,CALCE_CX2_33,1.0,199,199,199,ok,,0.07952080647076615,0.014883624211174062,3.512799039286844,0.271455223880597,0.08310450853742135,200,128,1072,step1,1
0,42,partial_iv_anp,CALCE_CX2_33,0.0,200,200,200,ok,,0.12686149475404043,0.00862219081402893,-1.2669701302221403,0.9710550887021475,0.3755371075612528,201,128,1071,step10,10
0,42,partial_iv_anp,CALCE_CX2_33,0.0,200,200,200,ok,,0.12686149475404043,0.00862219081402893,-1.2669701302221403,0.9710550887021475,0.3755371075612528,201,128,1071,step1,1
0,42,partial_iv_anp,CALCE_CX2_33,0.25,200,200,200,ok,,0.08067306288810268,0.01826175791510709,4.508373861340611,0.24836601307189543,0.07942213996998994,201,128,1071,step10,10
0,42,partial_iv_anp,CALCE_CX2_33,0.25,200,200,200,ok,,0.08067306288810268,0.01826175791510709,4.508373861340611,0.24836601307189543,0.07942213996998994,201,128,1071,step1,1
0,42,partial_iv_anp,CALCE_CX2_33,0.5,200,200,200,ok,,0.07984580164886951,0.016880535264461427,3.7810726286716463,0.26330532212885155,0.08213218619863985,201,128,1071,step10,10
0,42,partial_iv_anp,CALCE_CX2_33,0.5,200,200,200,ok,,0.07984580164886951,0.016880535264461427,3.7810726286716463,0.26330532212885155,0.08213218619863985,201,128,1071,step1,1
0,42,partial_iv_anp,CALCE_CX2_33,0.75,200,200,200,ok,,0.0794022001182009,0.01614695489275786,3.4230388671968712,0.2698412698412698,0.08359865140001244,201,128,1071,step10,10
0,42,partial_iv_anp,CALCE_CX2_33,0.75,200,200,200,ok,,0.0794022001182009,0.01614695489275786,3.4230388671968712,0.2698412698412698,0.08359865140001244,201,128,1071,step1,1
0,42,partial_iv_anp,CALCE_CX2_33,1.0,200,200,200,ok,,0.0789188332687574,0.015396314495896735,3.0800434415816955,0.27450980392156865,0.08506717202752676,201,128,1071,step10,10
0,42,partial_iv_anp,CALCE_CX2_33,1.0,200,200,200,ok,,0.0789188332687574,0.015396314495896735,3.0800434415816955,0.27450980392156865,0.08506717202752676,201,128,1071,step1,1
0,42,partial_iv_anp,CALCE_CX2_33,0.0,201,201,201,ok,,0.12637327902932394,0.015577522390503695,-1.2691744649897354,0.9700934579439252,0.37516912670012015,202,128,1070,step1,1
0,42,partial_iv_anp,CALCE_CX2_33,0.25,201,201,201,ok,,0.08302299101431543,0.01490630927261205,6.6907077551112435,0.21869158878504674,0.07290625872920423,202,128,1070,step1,1
0,42,partial_iv_anp,CALCE_CX2_33,0.5,201,201,201,ok,,0.08273955702684217,0.014398793937722254,6.333024841618102,0.22429906542056074,0.07385853909037902,202,128,1070,step1,1
0,42,partial_iv_anp,CALCE_CX2_33,0.75,201,201,201,ok,,0.08266062086497576,0.014249926455539463,6.229573611459183,0.2252336448598131,0.07414639731756703,202,128,1070,step1,1
0,42,partial_iv_anp,CALCE_CX2_33,1.0,201,201,201,ok,,0.08256273189908803,0.014116068060707199,6.1452750462028485,0.2261682242990654,0.07435704780233639,202,128,1070,step1,1
0,42,partial_iv_anp,CALCE_CX2_33,0.0,202,202,202,ok,,0.12654313847513113,0.016230973691870765,-1.2663839748994112,0.9728718428437793,0.37553637667287554,203,128,1069,step1,1
0,42,partial_iv_anp,CALCE_CX2_33,0.25,202,202,202,ok,,0.08346025616975501,0.015117996222465346,7.300969900579836,0.20954162768942938,0.07154992141564023,203,128,1069,step1,1
0,42,partial_iv_anp,CALCE_CX2_33,0.5,202,202,202,ok,,0.0831787147983174,0.014612382007871405,6.921870439139426,0.21421889616463985,0.07248691745199855,203,128,1069,step1,1
0,42,partial_iv_anp,CALCE_CX2_33,0.75,202,202,202,ok,,0.08309554731029815,0.014456356656890934,6.806663041846326,0.21796071094480823,0.07278409227357684,203,128,1069,step1,1
0,42,partial_iv_anp,CALCE_CX2_33,1.0,202,202,202,ok,,0.08300011103747564,0.01432642440386167,6.720101055668463,0.21889616463985032,0.07298466930734755,203,128,1069,step1,1
0,42,partial_iv_anp,CALCE_CX2_33,0.0,203,203,203,ok,,0.12610170728560674,0.00778977931904834,-1.2687049398354873,0.9747191011235955,0.37514009601617826,204,128,1068,step1,1
0,42,partial_iv_anp,CALCE_CX2_33,0.25,203,203,203,ok,,0.08063574216607641,0.018862284566547483,4.265382499106941,0.25187265917602997,0.08020964540913222,204,128,1068,step1,1
0,42,partial_iv_anp,CALCE_CX2_33,0.5,203,203,203,ok,,0.07967085762093289,0.017259165853063196,3.457157335299718,0.2649812734082397,0.08336708970742218,204,128,1068,step1,1
0,42,partial_iv_anp,CALCE_CX2_33,0.75,203,203,203,ok,,0.07918210148802234,0.016452279631804734,3.083739637827961,0.2696629213483146,0.08499481343821286,204,128,1068,step1,1
0,42,partial_iv_anp,CALCE_CX2_33,1.0,203,203,203,ok,,0.07868471683688408,0.015679165898437764,2.7495618934519084,0.28277153558052437,0.08652630397178075,204,128,1068,step1,1
0,42,partial_iv_anp,CALCE_CX2_33,0.0,204,204,204,ok,,0.12656743882751112,0.007860246662250825,-1.263231031471297,0.9737582005623243,0.375986755969261,205,128,1067,step1,1
0,42,partial_iv_anp,CALCE_CX2_33,0.25,204,204,204,ok,,0.08057095027126655,0.018999136965526686,4.378653372796447,0.246485473289597,0.08005780330539052,205,128,1067,step1,1
0,42,partial_iv_anp,CALCE_CX2_33,0.5,204,204,204,ok,,0.07970189394261079,0.017547659133245297,3.6317381291887325,0.2614807872539831,0.08291077287135434,205,128,1067,step1,1
0,42,partial_iv_anp,CALCE_CX2_33,0.75,204,204,204,ok,,0.07929164086456349,0.016865306764414112,3.306141394925899,0.26991565135895035,0.08428135010588829,205,128,1067,step1,1
0,42,partial_iv_anp,CALCE_CX2_33,1.0,204,204,204,ok,,0.07885882635538685,0.016193641141269977,3.0051011680734514,0.2774133083411434,0.0855948361593394,205,128,1067,step1,1
0,42,partial_iv_anp,CALCE_CX2_33,0.0,205,205,205,ok,,0.12559212047102242,0.008652923523431277,-1.2690643823902514,0.9737335834896811,0.37499785587717416,206,128,1066,step1,1
0,42,partial_iv_anp,CALCE_CX2_33,0.25,205,205,205,ok,,0.0814440796781056,0.019183807410195763,4.843653966393157,0.23358348968105067,0.07822108334625014,206,128,1066,step1,1
0,42,partial_iv_anp,CALCE_CX2_33,0.5,205,205,205,ok,,0.0805491373014559,0.017691320052257264,4.031887751732327,0.24859287054409004,0.08109340497429753,206,128,1066,step1,1
0,42,partial_iv_anp,CALCE_CX2_33,0.75,205,205,205,ok,,0.08010713045605745,0.016958691483263566,3.663682456294947,0.2551594746716698,0.08253275852998146,206,128,1066,step1,1
0,42,partial_iv_anp,CALCE_CX2_33,1.0,205,205,205,ok,,0.07963669783402261,0.016227188320682595,3.319360850371241,0.2598499061913696,0.08393673800022733,206,128,1066,step1,1
0,42,partial_iv_anp,CALCE_CX2_33,0.0,206,206,206,ok,,0.12577574656406887,0.011840287857616372,-1.2660480633555191,0.971830985915493,0.37549418291598896,207,128,1065,step1,1
0,42,partial_iv_anp,CALCE_CX2_33,0.25,206,206,206,ok,,0.08069280130713898,0.014957015583307531,4.253556530931834,0.24694835680751173,0.08038661991534403,207,128,1065,step1,1
0,42,partial_iv_anp,CALCE_CX2_33,0.5,206,206,206,ok,,0.0804373634773843,0.014490855206390818,4.007517315191301,0.24788732394366197,0.08132661591560218,207,128,1065,step1,1
0,42,partial_iv_anp,CALCE_CX2_33,0.75,206,206,206,ok,,0.08066403164321617,0.014834600477085624,4.183915520356969,0.24694835680751173,0.08068526126670646,207,128,1065,step1,1
0,42,partial_iv_anp,CALCE_CX2_33,1.0,206,206,206,ok,,0.08078309109328992,0.015051068317827987,4.302187359545594,0.24694835680751173,0.08023834176137375,207,128,1065,step1,1
0,42,partial_iv_anp,CALCE_CX2_33,0.0,207,207,207,ok,,0.12600663645608293,0.007453495413663358,-1.2629925356870118,0.9736842105263158,0.3760938914512686,208,128,1064,step1,1
0,42,partial_iv_anp,CALCE_CX2_33,0.25,207,207,207,ok,,0.08070974818530352,0.019567111735660503,4.353205915664479,0.24530075187969924,0.08018781006796984,208,128,1064,step1,1
0,42,partial_iv_anp,CALCE_CX2_33,0.5,207,207,207,ok,,0.0797802483026996,0.018016680148188913,3.5633687328272114,0.2575187969924812,0.08322722237675259,208,128,1064,step1,1
0,42,partial_iv_anp,CALCE_CX2_33,0.75,207,207,207,ok,,0.07936479221418108,0.01732535718969419,3.2379036003095325,0.26597744360902253,0.08461486050951915,208,128,1064,step1,1
0,42,partial_iv_anp,CALCE_CX2_33,1.0,207,207,207,ok,,0.07898096552311139,0.016732099376847498,2.9752228271035124,0.27349624060150374,0.08576959673622986,208,128,1064,step1,1
0,42,partial_iv_anp,CALCE_CX2_33,0.0,208,208,208,ok,,0.12572226123514227,0.008506322578582637,-1.26358763826749,0.973659454374412,0.3760066756012709,209,128,1063,step1,1
0,42,partial_iv_anp,CALCE_CX2_33,0.25,208,208,208,ok,,0.08157040311575187,0.019833959206209117,5.050099811093522,0.23424270931326435,0.07782741500102222,209,128,1063,step1,1
0,42,partial_iv_anp,CALCE_CX2_33,0.5,208,208,208,ok,,0.08070598359862273,0.018387170803992214,4.243086620402312,0.2464722483537159,0.08059351673375931,209,128,1063,step1,1
0,42,partial_iv_anp,CALCE_CX2_33,0.75,208,208,208,ok,,0.08032992610077468,0.01775828127505752,3.9169503343704566,0.2530573847601129,0.08182197189311932,209,128,1063,step1,1
0,42,partial_iv_anp,CALCE_CX2_33,1.0,208,208,208,ok,,0.07990388673498208,0.017096140424355477,3.594203506488665,0.2605832549388523,0.08307516811979773,209,128,1063,step1,1
0,42,partial_iv_anp,CALCE_CX2_33,0.0,209,209,209,ok,,0.12508408331176094,0.007792329226425587,-1.2664642481581336,0.9745762711864406,0.3755016640481009,210,128,1062,step1,1
0,42,partial_iv_anp,CALCE_CX2_33,0.25,209,209,209,ok,,0.08162419053344792,0.02037972205058558,4.897832253999977,0.23540489642184556,0.07822358849261397,210,128,1062,step1,1
0,42,partial_iv_anp,CALCE_CX2_33,0.5,209,209,209,ok,,0.08068672526002492,0.01881716483030038,4.047843014058899,0.2504708097928437,0.08121450933797966,210,128,1062,step1,1
0,42,partial_iv_anp,CALCE_CX2_33,0.75,209,209,209,ok,,0.08019930130321035,0.018009229531455673,3.6436396836864566,0.2551789077212806,0.08279554939339893,210,128,1062,step1,1
0,42,partial_iv_anp,CALCE_CX2_33,1.0,209,209,209,ok,,0.07969311207161789,0.01721900287528011,3.2747123602700468,0.2645951035781544,0.08431179393890038,210,128,1062,step1,1
0,42,partial_iv_anp,CALCE_CX2_33,0.0,210,210,210,ok,,0.1247434859376473,0.009693012296270287,-1.2674717692587858,0.9736098020735156,0.37532461898982655,211,128,1061,step10,10
0,42,partial_iv_anp,CALCE_CX2_33,0.0,210,210,210,ok,,0.1247434859376473,0.009693012296270287,-1.2674717692587858,0.9736098020735156,0.37532461898982655,211,128,1061,step1,1
0,42,partial_iv_anp,CALCE_CX2_33,0.25,210,210,210,ok,,0.08300006248217222,0.020602551654673062,6.148733877176668,0.21960414703110273,0.07448275282305787,211,128,1061,step10,10
0,42,partial_iv_anp,CALCE_CX2_33,0.25,210,210,210,ok,,0.08300006248217222,0.020602551654673062,6.148733877176668,0.21960414703110273,0.07448275282305787,211,128,1061,step1,1
0,42,partial_iv_anp,CALCE_CX2_33,0.5,210,210,210,ok,,0.08188953006470798,0.018759631910839514,5.004938467449328,0.23468426013195098,0.07787243464936398,211,128,1061,step10,10
0,42,partial_iv_anp,CALCE_CX2_33,0.5,210,210,210,ok,,0.08188953006470798,0.018759631910839514,5.004938467449328,0.23468426013195098,0.07787243464936398,211,128,1061,step1,1
0,42,partial_iv_anp,CALCE_CX2_33,0.75,210,210,210,ok,,0.08126930718235982,0.017736837356884694,4.43179554047677,0.24410933081998115,0.07980290556824308,211,128,1061,step10,10
0,42,partial_iv_anp,CALCE_CX2_33,0.75,210,210,210,ok,,0.08126930718235982,0.017736837356884694,4.43179554047677,0.24410933081998115,0.07980290556824308,211,128,1061,step1,1
0,42,partial_iv_anp,CALCE_CX2_33,1.0,210,210,210,ok,,0.08065668556398808,0.016773866141655547,3.934127189433877,0.2525918944392083,0.08160108436754311,211,128,1061,step10,10
0,42,partial_iv_anp,CALCE_CX2_33,1.0,210,210,210,ok,,0.08065668556398808,0.016773866141655547,3.934127189433877,0.2525918944392083,0.08160108436754311,211,128,1061,step1,1
0,42,partial_iv_anp,CALCE_CX2_33,0.0,211,211,211,ok,,0.12482453094977226,0.006561973496962303,-1.2651121348409209,0.9745283018867924,0.37571490673604496,212,128,1060,step1,1
0,42,partial_iv_anp,CALCE_CX2_33,0.25,211,211,211,ok,,0.08035124779353198,0.01957983467137836,3.7551686335777577,0.25660377358490566,0.08238692159718992,212,128,1060,step1,1
0,42,partial_iv_anp,CALCE_CX2_33,0.5,211,211,211,ok,,0.0795374506493485,0.01821461870808949,3.1131076089453487,0.2669811320754717,0.08511003992354052,212,128,1060,step1,1
0,42,partial_iv_anp,CALCE_CX2_33,0.75,211,211,211,ok,,0.0792763162376061,0.017772223577437796,2.917515891173818,0.27075471698113207,0.08601556633190797,212,128,1060,step1,1
0,42,partial_iv_anp,CALCE_CX2_33,1.0,211,211,211,ok,,0.07890860530283514,0.017205439796637356,2.6800950091354228,0.27641509433962264,0.08712642016199271,212,128,1060,step1,1
0,42,partial_iv_anp,CALCE_CX2_33,0.0,212,212,212,ok,,0.12476799472824289,0.006718676067426266,-1.2637574302376122,0.9735599622285175,0.37578060476110786,213,128,1059,step1,1
0,42,partial_iv_anp,CALCE_CX2_33,0.25,212,212,212,ok,,0.08143251098024967,0.02122258417587286,4.668048464055976,0.23796033994334279,0.07910237667795943,213,128,1059,step1,1
0,42,partial_iv_anp,CALCE_CX2_33,0.5,212,212,212,ok,,0.08047649690212859,0.019625552242496958,3.827064891497223,0.24929178470254956,0.08217726610042948,213,128,1059,step1,1
0,42,partial_iv_anp,CALCE_CX2_33,0.75,212,212,212,ok,,0.08008364487456225,0.018968535363640848,3.5071948516493583,0.2577903682719547,0.08347375922513448,213,128,1059,step1,1
0,42,partial_iv_anp,CALCE_CX2_33,1.0,212,212,212,ok,,0.0796241582713286,0.018253028237882662,3.1802233597973033,0.267233238904627,0.08484637398499124,213,128,1059,step1,1
0,42,partial_iv_anp,CALCE_CX2_33,0.0,213,213,213,ok,,0.12390716881333022,0.009572192545782565,-1.2686111511698892,0.9725897920604915,0.37499988192298195,214,128,1058,step1,1
0,42,partial_iv_anp,CALCE_CX2_33,0.25,213,213,213,ok,,0.08189404859804895,0.01873853365249578,4.798063969595967,0.22873345935727787,0.07847447745128103,214,128,1058,step1,1
0,42,partial_iv_anp,CALCE_CX2_33,0.5,213,213,213,ok,,0.08141361180390834,0.017910073354807543,4.341912656681107,0.23629489603024575,0.08006588338997547,214,128,1058,step1,1
0,42,partial_iv_anp,CALCE_CX2_33,0.75,213,213,213,ok,,0.08136290096347594,0.017806006988340783,4.285147657541026,0.23724007561436672,0.08028211971092053,214,128,1058,step1,1
0,42,partial_iv_anp,CALCE_CX2_33,1.0,213,213,213,ok,,0.08121716441915192,0.017595715392191402,4.179267161497524,0.24007561436672967,0.08064587820992694,214,128,1058,step1,1
0,42,partial_iv_anp,CALCE_CX2_33,0.0,214,214,214,ok,,0.12381237537600796,0.011875410974953815,-1.2674878031415238,0.9754020813623463,0.37516761330361575,215,128,1057,step1,1
0,42,partial_iv_anp,CALCE_CX2_33,0.25,214,214,214,ok,,0.08328281601950534,0.018714394565245818,6.154867510607292,0.21570482497634816,0.07451523045101595,215,128,1057,step1,1
0,42,partial_iv_anp,CALCE_CX2_33,0.5,214,214,214,ok,,0.08280933667532765,0.017896621013245073,5.62793108624652,0.22043519394512773,0.0760233488145152,215,128,1057,step1,1
0,42,partial_iv_anp,CALCE_CX2_33,0.75,214,214,214,ok,,0.08268996753673481,0.01768182104610727,5.493469598221637,0.22138126773888364,0.07643172082248924,215,128,1057,step1,1
0,42,partial_iv_anp,CALCE_CX2_33,1.0,214,214,214,ok,,0.08248770786005734,0.017379777230754456,5.316023784660462,0.22421948912015138,0.07694771828360483,215,128,1057,step1,1
0,42,partial_iv_anp,CALCE_CX2_33,0.0,215,215,215,ok,,0.12393206518652516,0.006913502260071369,-1.2655288072241044,0.9763257575757576,0.3752502021312164,216,128,1056,step1,1
0,42,partial_iv_anp,CALCE_CX2_33,0.25,215,215,215,ok,,0.08175389737112773,0.02135264648370161,4.716652072760964,0.23579545454545456,0.07882224451291112,216,128,1056,step1,1
0,42,partial_iv_anp,CALCE_CX2_33,0.5,215,215,215,ok,,0.081125881275511,0.020283659854306912,4.1405592416898385,0.24431818181818182,0.08087162805712494,216,128,1056,step1,1
0,42,partial_iv_anp,CALCE_CX2_33,0.75,215,215,215,ok,,0.08097557912880458,0.02001846014081443,4.003351802296895,0.2471590909090909,0.08139580943211194,216,128,1056,step1,1
0,42,partial_iv_anp,CALCE_CX2_33,1.0,215,215,215,ok,,0.08069460534670862,0.019589943720851655,3.7934946217769756,0.25,0.08218031039876285,216,128,1056,step1,1
0,42,partial_iv_anp,CALCE_CX2_33,0.0,216,216,216,ok,,0.12435740878778649,0.0084395830179268,-1.2605645333065654,0.9753554502369668,0.3758813864797054,217,128,1055,step1,1
0,42,partial_iv_anp,CALCE_CX2_33,0.25,216,216,216,ok,,0.08239988568874496,0.021184958247101093,5.5014922391741665,0.22748815165876776,0.07654278195310149,217,128,1055,step1,1
0,42,partial_iv_anp,CALCE_CX2_33,0.5,216,216,216,ok,,0.08182330448184065,0.02019815859243934,4.914955449275406,0.23412322274881517,0.07839282564292074,217,128,1055,step1,1
0,42,partial_iv_anp,CALCE_CX2_33,0.75,216,216,216,ok,,0.08167121224956626,0.01992927379422682,4.761168530245281,0.23507109004739338,0.07891142341885622,217,128,1055,step1,1
0,42,partial_iv_anp,CALCE_CX2_33,1.0,216,216,216,ok,,0.08140068678730052,0.019516631639983073,4.53829645850112,0.23791469194312795,0.07964625024952325,217,128,1055,step1,1
0,42,partial_iv_anp,CALCE_CX2_33,0.0,217,217,217,ok,,0.12381545375251479,0.00989510686325401,-1.263029907518955,0.9753320683111955,0.3754276404347131,218,128,1054,step1,1
0,42,partial_iv_anp,CALCE_CX2_33,0.25,217,217,217,ok,,0.08320743399173436,0.020834008370031576,6.130589186956866,0.21726755218216318,0.07466380667406025,218,128,1054,step1,1
0,42,partial_iv_anp,CALCE_CX2_33,0.5,217,217,217,ok,,0.0826609298227117,0.019896776655029313,5.532848205742858,0.22485768500948766,0.07638438608516929,218,128,1054,step1,1
0,42,partial_iv_anp,CALCE_CX2_33,0.75,217,217,217,ok,,0.08249757915895645,0.019610043692153578,5.356915368630116,0.22580645161290322,0.07692364096278266,218,128,1054,step1,1
0,42,partial_iv_anp,CALCE_CX2_33,1.0,217,217,217,ok,,0.08222205454363822,0.019189333048465707,5.1133679885034615,0.22960151802656548,0.0776564965512573,218,128,1054,step1,1
0,42,partial_iv_anp,CALCE_CX2_33,0.0,218,218,218,ok,,0.12323850384762827,0.009691619044225552,-1.2655152485680419,0.9781576448243114,0.37498996132358015,219,128,1053,step1,1
0,42,partial_iv_anp,CALCE_CX2_33,0.25,218,218,218,ok,,0.07698546048115017,0.010780578002222208,1.3128034725727638,0.3295346628679962,0.09498903945603508,219,128,1053,step1,1
0,42,partial_iv_anp,CALCE_CX2_33,0.5,218,218,218,ok,,0.07551329113515007,0.008401080101685054,0.6212496876746508,0.37511870845204176,0.10043559184738009,219,128,1053,step1,1
0,42,partial_iv_anp,CALCE_CX2_33,0.75,218,218,218,ok,,0.07489509606277828,0.007416399548246466,0.3682778426043834,0.38841405508072174,0.10279941437638761,219,128,1053,step1,1
0,42,partial_iv_anp,CALCE_CX2_33,1.0,218,218,218,ok,,0.07424599185934991,0.006440110195427895,0.1363801030318275,0.40645773979107314,0.10515131155293773,219,128,1053,step1,1
0,42,partial_iv_anp,CALCE_CX2_33,0.0,219,219,219,ok,,0.1234397977614124,0.007677362961152734,-1.2625225536361557,0.9781368821292775,0.3755086389854362,220,128,1052,step1,1
0,42,partial_iv_anp,CALCE_CX2_33,0.25,219,219,219,ok,,0.07660115471182002,0.012367019180497096,1.1684550168867884,0.33840304182509506,0.09618133793825145,220,128,1052,step1,1
0,42,partial_iv_anp,CALCE_CX2_33,0.5,219,219,219,ok,,0.07530736603337775,0.010270531171212016,0.5736394384815896,0.3726235741444867,0.10103054943366253,220,128,1052,step1,1
0,42,partial_iv_anp,CALCE_CX2_33,0.75,219,219,219,ok,,0.07483084433218698,0.009505396107786779,0.37819069783135617,0.3849809885931559,0.10287660935243172,220,128,1052,step1,1
0,42,partial_iv_anp,CALCE_CX2_33,1.0,219,219,219,ok,,0.07438666146710209,0.00884183447586595,0.21877583902960018,0.39923954372623577,0.10445346394330893,220,128,1052,step1,1
0,42,partial_iv_anp,CALCE_CX2_33,0.0,220,220,220,ok,,0.1232881580933508,0.006271176453876093,-1.2620702634469152,0.978116079923882,0.37563609321148983,221,128,1051,step10,10
0,42,partial_iv_anp,CALCE_CX2_33,0.0,220,220,220,ok,,0.1232881580933508,0.006271176453876093,-1.2620702634469152,0.978116079923882,0.37563609321148983,221,128,1051,step1,1
0,42,partial_iv_anp,CALCE_CX2_33,0.25,220,220,220,ok,,0.07691101200839237,0.01427154239257189,1.3035444807243006,0.33206470028544244,0.09526559796276374,221,128,1051,step10,10
0,42,partial_iv_anp,CALCE_CX2_33,0.25,220,220,220,ok,,0.07691101200839237,0.01427154239257189,1.3035444807243006,0.33206470028544244,0.09526559796276374,221,128,1051,step1,1
0,42,partial_iv_anp,CALCE_CX2_33,0.5,220,220,220,ok,,0.07544311339069527,0.011893486929339225,0.6148095689679413,0.37297811607992387,0.10071333030260876,221,128,1051,step10,10
0,42,partial_iv_anp,CALCE_CX2_33,0.5,220,220,220,ok,,0.07544311339069527,0.011893486929339225,0.6148095689679413,0.37297811607992387,0.10071333030260876,221,128,1051,step1,1
0,42,partial_iv_anp,CALCE_CX2_33,0.75,220,220,220,ok,,0.07487134529954509,0.010977470367775743,0.37965723144790514,0.3824928639391056,0.10291404707294989,221,128,1051,step10,10
0,42,partial_iv_anp,CALCE_CX2_33,0.75,220,220,220,ok,,0.07487134529954509,0.010977470367775743,0.37965723144790514,0.3824928639391056,0.10291404707294989,221,128,1051,step1,1
0,42,partial_iv_anp,CALCE_CX2_33,1.0,220,220,220,ok,,0.0743168057453286,0.010143973787636873,0.18053599072936058,0.39581351094196005,0.10490691529802838,221,128,1051,step10,10
0,42,partial_iv_anp,CALCE_CX2_33,1.0,220,220,220,ok,,0.0743168057453286,0.010143973787636873,0.18053599072936058,0.39581351094196005,0.10490691529802838,221,128,1051,step1,1
0,42,partial_iv_anp,CALCE_CX2_33,0.0,221,221,221,ok,,0.1228296222825763,0.0029854739010313214,-1.263761440759574,0.9780952380952381,0.3752987612078964,222,128,1050,step1,1
0,42,partial_iv_anp,CALCE_CX2_33,0.25,221,221,221,ok,,0.07628598623765198,0.016411473647087393,0.9342514186356504,0.3485714285714286,0.09794366018527231,222,128,1050,step1,1
0,42,partial_iv_anp,CALCE_CX2_33,0.5,221,221,221,ok,,0.0745995154479826,0.013718551125719292,0.23028130343808914,0.3942857142857143,0.10432772737082996,222,128,1050,step1,1
0,42,partial_iv_anp,CALCE_CX2_33,0.75,221,221,221,ok,,0.0738231022227221,0.012508723256468346,-0.04314034288103136,0.42,0.10737037918500161,222,128,1050,step1,1
0,42,partial_iv_anp,CALCE_CX2_33,1.0,221,221,221,ok,,0.07292225593269364,0.011183839444883104,-0.314074077944583,0.4438095238095238,0.1107709090082577,222,128,1050,step1,1
0,42,partial_iv_anp,CALCE_CX2_33,0.0,222,222,222,ok,,0.12298608604254847,0.000641361363769688,-1.2609445918644417,0.9771210676835081,0.3757600347642361,223,128,1049,step1,1
0,42,partial_iv_anp,CALCE_CX2_33,0.25,222,222,222,ok,,0.07600710698505501,0.018477852922595517,0.8425221105293728,0.3603431839847474,0.09881235337496143,223,128,1049,step1,1
0,42,partial_iv_anp,CALCE_CX2_33,0.5,222,222,222,ok,,0.07428763365446167,0.01573807586258036,0.14473185181065826,0.4041944709246902,0.10537241179999064,223,128,1049,step1,1
0,42,partial_iv_anp,CALCE_CX2_33,0.75,222,222,222,ok,,0.07346578640924573,0.014463129919197626,-0.13464785243459274,0.4270734032411821,0.1086202252964947,223,128,1049,step1,1
0,42,partial_iv_anp,CALCE_CX2_33,1.0,222,222,222,ok,,0.07255776634261392,0.013136013400695035,-0.3969781412707065,0.45567206863679693,0.1120769065039353,223,128,1049,step1,1
0,42,partial_iv_anp,CALCE_CX2_33,0.0,223,223,223,ok,,0.12278991374171665,0.0005689845631484669,-1.2607504608681614,0.9780534351145038,0.3756892938503081,224,128,1048,step1,1
0,42,partial_iv_anp,CALCE_CX2_33,0.25,223,223,223,ok,,0.07593563837218888,0.01955956418652738,0.7880353718391333,0.3597328244274809,0.09924021144653809,224,128,1048,step1,1
0,42,partial_iv_anp,CALCE_CX2_33,0.5,223,223,223,ok,,0.07444176925174231,0.017169716807208912,0.18123037668910205,0.40458015267175573,0.10495990508931027,224,128,1048,step1,1
0,42,partial_iv_anp,CALCE_CX2_33,0.75,223,223,223,ok,,0.07376103126090096,0.016105225768161868,-0.05634215036669642,0.41889312977099236,0.1076462345107132,224,128,1048,step1,1
0,42,partial_iv_anp,CALCE_CX2_33,1.0,223,223,223,ok,,0.07284875160889061,0.014760961180089183,-0.32911466040902143,0.4484732824427481,0.11109814539377046,224,128,1048,step1,1
0,42,partial_iv_anp,CALCE_CX2_33,0.0,224,224,224,ok,,0.12249844475336921,0.0008315411941082207,-1.261305034678982,0.9799426934097422,0.3755053990363008,225,128,1047,step1,1
0,42,partial_iv_anp,CALCE_CX2_33,0.25,224,224,224,ok,,0.07451340809817203,0.01753094388915788,0.1849415737742197,0.39159503342884433,0.10482427850237631,225,128,1047,step1,1
0,42,partial_iv_anp,CALCE_CX2_33,0.5,224,224,224,ok,,0.0730553863726913,0.015266131292376084,-0.2975867859728497,0.44317096466093603,0.1106222713732407,225,128,1047,step1,1
0,42,partial_iv_anp,CALCE_CX2_33,0.75,224,224,224,ok,,0.07234881705879674,0.014205976440686552,-0.49639289086046673,0.47277936962750716,0.11349492780831077,225,128,1047,step1,1
0,42,partial_iv_anp,CALCE_CX2_33,1.0,224,224,224,ok,,0.07114733524186127,0.012524435006157297,-0.7790618864052993,0.5081184336198663,0.11820890288241905,225,128,1047,step1,1
0,42,partial_iv_anp,CALCE_CX2_33,0.0,225,225,225,ok,,0.12244408310322184,0.004089498156489624,-1.2598985484524388,0.9789674952198852,0.3756332109050953,226,128,1046,step1,1
0,42,partial_iv_anp,CALCE_CX2_33,0.25,225,225,225,ok,,0.07450196268815279,0.0208299451689411,0.18264338982365036,0.39292543021032506,0.10491025216355654,226,128,1046,step1,1
0,42,partial_iv_anp,CALCE_CX2_33,0.5,225,225,225,ok,,0.07270562151297744,0.01805912499784823,-0.39583229814583953,0.4598470363288719,0.11205523459076601,226,128,1046,step1,1
0,42,partial_iv_anp,CALCE_CX2_33,0.75,225,225,225,ok,,0.07181494826650292,0.016744951008107134,-0.6300065726595285,0.48661567877629064,0.11569505865899876,226,128,1046,step1,1
0,42,partial_iv_anp,CALCE_CX2_33,1.0,225,225,225,ok,,0.07047479043007933,0.014911154511588087,-0.917801982629292,0.5372848948374761,0.12101620351777621,226,128,1046,step1,1
0,42,partial_iv_anp,CALCE_CX2_33,0.0,226,226,226,ok,,0.12163471800595585,6.789643930504852e-05,-1.2642266701627551,0.9799043062200957,0.3748462312542037,227,128,1045,step1,1
0,42,partial_iv_anp,CALCE_CX2_33,0.25,226,226,226,ok,,0.0739033703560343,0.015445492980232678,-0.11132821480733679,0.4143540669856459,0.10801789102439542,227,128,1045,step1,1
0,42,partial_iv_anp,CALCE_CX2_33,0.5,226,226,226,ok,,0.07239000639562078,0.013147276404031571,-0.5507280274779017,0.4717703349282297,0.11414563545772387,227,128,1045,step1,1
0,42,partial_iv_anp,CALCE_CX2_33,0.75,226,226,226,ok,,0.07265301330881341,0.01350489150997014,-0.4868232823742284,0.46124401913875596,0.11317809939740116,227,128,1045,step1,1
0,42,partial_iv_anp,CALCE_CX2_33,1.0,226,226,226,ok,,0.07265554717990581,0.013531075137459658,-0.48121056822186187,0.46124401913875596,0.11305733532229975,227,128,1045,step1,1
0,42,partial_iv_anp,CALCE_CX2_33,0.0,227,227,227,ok,,0.12152063314100582,0.005744454100513385,-1.26316531300513,0.9770114942528736,0.3749786572911087,228,128,1044,step1,1
0,42,partial_iv_anp,CALCE_CX2_33,0.25,227,227,227,ok,,0.07485401082878951,0.022740477714086493,0.20559073175053227,0.38601532567049807,0.10450043856477723,228,128,1044,step1,1
0,42,partial_iv_anp,CALCE_CX2_33,0.5,227,227,227,ok,,0.07291965905616386,0.01975735903124487,-0.4147218065508124,0.4521072796934866,0.11215549694748538,228,128,1044,step1,1
0,42,partial_iv_anp,CALCE_CX2_33,0.75,227,227,227,ok,,0.0719977529837489,0.018399950974337775,-0.6532335666483615,0.48659003831417624,0.11591297979966333,228,128,1044,step1,1
0,42,partial_iv_anp,CALCE_CX2_33,1.0,227,227,227,ok,,0.07067368462284616,0.01659413556040834,-0.9324630937133577,0.5421455938697318,0.12114847243479103,228,128,1044,step1,1
0,42,partial_iv_anp,CALCE_CX2_33,0.0,228,228,228,ok,,0.12121997154188419,0.005515646155381249,-1.2639918927426197,0.9779482262703739,0.37466038361843573,229,128,1043,step1,1
0,42,partial_iv_anp,CALCE_CX2_33,0.25,228,228,228,ok,,0.07573013236022014,0.023815371443756672,0.5026173686556019,0.36720997123681687,0.10142483362156632,229,128,1043,step1,1
0,42,partial_iv_anp,CALCE_CX2_33,0.5,228,228,228,ok,,0.07389101725734916,0.02092014203148307,-0.15891912725710297,0.4247363374880153,0.10854755866747655,229,128,1043,step1,1
0,42,partial_iv_anp,CALCE_CX2_33,0.75,228,228,228,ok,,0.07303884768487916,0.01962413323729706,-0.4114141880199103,0.4554170661553212,0.11195982791621255,229,128,1043,step1,1
0,42,partial_iv_anp,CALCE_CX2_33,1.0,228,228,228,ok,,0.07164236278617456,0.01764232023625112,-0.7505482818917937,0.5043144774688398,0.11739890824041616,229,128,1043,step1,1
0,42,partial_iv_anp,CALCE_CX2_33,0.0,229,229,229,ok,,0.12142458152865512,0.007188475734786204,-1.2608153834281084,0.9769673704414588,0.37494355549084335,230,128,1042,step1,1
0,42,partial_iv_anp,CALCE_CX2_33,0.25,229,229,229,ok,,0.07468402642376398,0.02404981021188457,0.14556857706824977,0.3915547024952015,0.10505519717482349,230,128,1042,step1,1
0,42,partial_iv_anp,CALCE_CX2_33,0.5,229,229,229,ok,,0.07287204048207745,0.021248819563456256,-0.4280724496975161,0.45393474088291746,0.11226151691329188,230,128,1042,step1,1
0,42,partial_iv_anp,CALCE_CX2_33,0.75,229,229,229,ok,,0.07222997915279554,0.020289420182270534,-0.5978325115531601,0.48080614203454897,0.1149012446787686,230,128,1042,step1,1
0,42,partial_iv_anp,CALCE_CX2_33,1.0,229,229,229,ok,,0.07088310051572819,0.01842769621084861,-0.8919122773165871,0.5249520153550864,0.12020727427451657,230,128,1042,step1,1
0,42,partial_iv_anp,CALCE_CX2_33,0.0,230,230,230,ok,,0.12121674298636556,0.0009281509579652791,-1.2612690006621508,0.9731027857829011,0.3746606877820868,231,128,1041,step10,10
0,42,partial_iv_anp,CALCE_CX2_33,0.0,230,230,230,ok,,0.12121674298636556,0.0009281509579652791,-1.2612690006621508,0.9731027857829011,0.3746606877820868,231,128,1041,step1,1
0,42,partial_iv_anp,CALCE_CX2_33,0.25,230,230,230,ok,,0.07666953225770316,0.02089574736562616,0.9120130133317891,0.345821325648415,0.09782230095750236,231,128,1041,step10,10
0,42,partial_iv_anp,CALCE_CX2_33,0.25,230,230,230,ok,,0.07666953225770316,0.02089574736562616,0.9120130133317891,0.345821325648415,0.09782230095750236,231,128,1041,step1,1
0,42,partial_iv_anp,CALCE_CX2_33,0.5,230,230,230,ok,,0.07579916996695413,0.01945903081827427,0.5255081460408564,0.37175792507204614,0.10114368015230425,231,128,1041,step10,10
0,42,partial_iv_anp,CALCE_CX2_33,0.5,230,230,230,ok,,0.07579916996695413,0.01945903081827427,0.5255081460408564,0.37175792507204614,0.10114368015230425,231,128,1041,step1,1
0,42,partial_iv_anp,CALCE_CX2_33,0.75,230,230,230,ok,,0.07573890261407583,0.019341403837063287,0.4956452984862989,0.37271853986551395,0.10143496603722493,231,128,1041,step10,10
0,42,partial_iv_anp,CALCE_CX2_33,0.75,230,230,230,ok,,0.07573890261407583,0.019341403837063287,0.4956452984862989,0.37271853986551395,0.10143496603722493,231,128,1041,step1,1
0,42,partial_iv_anp,CALCE_CX2_33,1.0,230,230,230,ok,,0.07531668812616425,0.01870371448202568,0.339481725976519,0.37848222862632086,0.10289403662355107,231,128,1041,step10,10
0,42,partial_iv_anp,CALCE_CX2_33,1.0,230,230,230,ok,,0.07531668812616425,0.01870371448202568,0.339481725976519,0.37848222862632086,0.10289403662355107,231,128,1041,step1,1
0,42,partial_iv_anp,CALCE_CX2_33,0.0,231,231,231,ok,,0.1212553787324629,0.005161371869568332,-1.258915973998469,0.9740384615384615,0.3750003302425571,232,128,1040,step1,1
0,42,partial_iv_anp,CALCE_CX2_33,0.25,231,231,231,ok,,0.07724509324376706,0.02616919882018598,1.207808201459951,0.3346153846153846,0.09573780766060974,232,128,1040,step1,1
0,42,partial_iv_anp,CALCE_CX2_33,0.5,231,231,231,ok,,0.0754524397006374,0.02325932740896297,0.40891907257612925,0.3769230769230769,0.1023860288453152,232,128,1040,step1,1
0,42,partial_iv_anp,CALCE_CX2_33,0.75,231,231,231,ok,,0.07459888364078836,0.021903347943666107,0.09078003292202423,0.40384615384615385,0.10567642415295225,232,128,1040,step1,1
0,42,partial_iv_anp,CALCE_CX2_33,1.0,231,231,231,ok,,0.07317174647923798,0.019758708515726586,-0.349021560100295,0.44711538461538464,0.1110704775219803,232,128,1040,step1,1
0,42,partial_iv_anp,CALCE_CX2_33,0.0,232,232,232,ok,,0.12066675332972579,0.006515541279794812,-1.261913988414021,0.9769008662175168,0.37432720479569276,233,128,1039,step1,1
0,42,partial_iv_anp,CALCE_CX2_33,0.25,232,232,232,ok,,0.0759428385110199,0.025229886526553114,0.5326908131981228,0.37921077959576516,0.10092448096042536,233,128,1039,step1,1
0,42,partial_iv_anp,CALCE_CX2_33,0.5,232,232,232,ok,,0.07425101490978706,0.022539558120219128,-0.08928247948692469,0.4177093358999038,0.1074533148699008,233,128,1039,step1,1
0,42,partial_iv_anp,CALCE_CX2_33,0.75,232,232,232,ok,,0.0735388140694561,0.021436997812898317,-0.31012896616668584,0.44177093358999037,0.11029488861853878,233,128,1039,step1,1
0,42,partial_iv_anp,CALCE_CX2_33,1.0,232,232,232,ok,,0.07231502188872141,0.019663606174254444,-0.6272251221758663,0.4754571703561116,0.11499918972862538,233,128,1039,step1,1
0,42,partial_iv_anp,CALCE_CX2_33,0.0,233,233,233,ok,,0.12054931216798404,0.008494053462647644,-1.2609162394936073,0.9749518304431599,0.3743100334113357,234,128,1038,step1,1
0,42,partial_iv_anp,CALCE_CX2_33,0.25,233,233,233,ok,,0.07536140646508821,0.02632662396926011,0.3012357220890282,0.38439306358381503,0.10315940958392156,234,128,1038,step1,1
0,42,partial_iv_anp,CALCE_CX2_33,0.5,233,233,233,ok,,0.07339616507566442,0.023253207930142183,-0.350900533798962,0.4460500963391137,0.11086310383714267,234,128,1038,step1,1
0,42,partial_iv_anp,CALCE_CX2_33,0.75,233,233,233,ok,,0.07251259513246455,0.021926782276269874,-0.5884403529730611,0.47398843930635837,0.11444235119012547,234,128,1038,step1,1
0,42,partial_iv_anp,CALCE_CX2_33,1.0,233,233,233,ok,,0.0709727271095393,0.01978803685377517,-0.9218046381997063,0.5375722543352601,0.12050316451662672,234,128,1038,step1,1
0,42,partial_iv_anp,CALCE_CX2_33,0.0,234,234,234,ok,,0.11986636454262976,0.008962230583725583,-1.264472293970494,0.9720347155255545,0.37341202609692237,235,128,1037,step1,1
0,42,partial_iv_anp,CALCE_CX2_33,0.25,234,234,234,ok,,0.07480189828824584,0.02566847411668194,0.018888583273630688,0.4069431051108968,0.10584044740116871,235,128,1037,step1,1
0,42,partial_iv_anp,CALCE_CX2_33,0.5,234,234,234,ok,,0.07287287758994795,0.02270864992650845,-0.5534517363099162,0.47058823529411764,0.11350916531101204,235,128,1037,step1,1
0,42,partial_iv_anp,CALCE_CX2_33,0.75,234,234,234,ok,,0.07213512146490382,0.021623940623993754,-0.7324020366361128,0.49373191899710706,0.11653397255549315,235,128,1037,step1,1
0,42,partial_iv_anp,CALCE_CX2_33,1.0,234,234,234,ok,,0.07067480315468622,0.019650417998514413,-1.0199984568496758,0.5554484088717454,0.12227733084945121,235,128,1037,step1,1
0,42,partial_iv_anp,CALCE_CX2_33,0.0,235,235,235,ok,,0.11964229966251615,0.0007189824586596449,-1.2643645184519048,0.9758687258687259,0.373301574821233,236,128,1036,step1,1
0,42,partial_iv_anp,CALCE_CX2_33,0.25,235,235,235,ok,,0.0811873136611875,0.0276478707604515,3.2618939277237526,0.2528957528957529,0.08390902830467942,236,128,1036,step1,1
0,42,partial_iv_anp,CALCE_CX2_33,0.5,235,235,235,ok,,0.08015436336468665,0.025908631478741007,2.530533074012752,0.27123552123552125,0.08733188718159893,236,128,1036,step1,1
0,42,partial_iv_anp,CALCE_CX2_33,0.75,235,235,235,ok,,0.07986498464828821,0.02541420316485521,2.337682041132357,0.277992277992278,0.08833674605899809,236,128,1036,step1,1
0,42,partial_iv_anp,CALCE_CX2_33,1.0,235,235,235,ok,,0.07923312727152493,0.024416013119235136,1.9728443860177503,0.2886100386100386,0.09031191806399144,236,128,1036,step1,1
0,42,partial_iv_anp,CALCE_CX2_33,0.0,236,236,236,ok,,0.11970562396809972,0.007958313594117139,-1.262379077489805,0.9768115942028985,0.37355574466437075,237,128,1035,step1,1
0,42,partial_iv_anp,CALCE_CX2_33,0.25,236,236,236,ok,,0.0765822473786714,0.02756503192727855,0.6852626585665522,0.3545893719806763,0.099321956678758,237,128,1035,step1,1
0,42,partial_iv_anp,CALCE_CX2_33,0.5,236,236,236,ok,,0.0746966722603226,0.024545698589128584,-0.03152917811086967,0.4077294685990338,0.10649566246853025,237,128,1035,step1,1
0,42,partial_iv_anp,CALCE_CX2_33,0.75,236,236,236,ok,,0.07392439054734319,0.023340879310939977,-0.2755226444883044,0.43768115942028984,0.10955097293171541,237,128,1035,step1,1
0,42,partial_iv_anp,CALCE_CX2_33,1.0,236,236,236,ok,,0.07257094976558671,0.021364115372984993,-0.6288686627186656,0.4811594202898551,0.11473293329913756,237,128,1035,step1,1
0,42,partial_iv_anp,CALCE_CX2_33,0.0,237,237,237,ok,,0.11969965568631175,0.005385119091434909,-1.2610816124512225,0.9758220502901354,0.3737423851765054,238,128,1034,step1,1
0,42,partial_iv_anp,CALCE_CX2_33,0.25,237,237,237,ok,,0.07834902515031812,0.02793551079018808,1.5284300381370903,0.31721470019342357,0.0930579527654634,238,128,1034,step1,1
0,42,partial_iv_anp,CALCE_CX2_33,0.5,237,237,237,ok,,0.07653761173153373,0.02496278844847699,0.6580173310776845,0.35880077369439073,0.09959474360626015,238,128,1034,step1,1
0,42,partial_iv_anp,CALCE_CX2_33,0.75,237,237,237,ok,,0.07568385560547737,0.02358385672766783,0.31328588341307606,0.3839458413926499,0.10280606410517532,238,128,1034,step1,1
0,42,partial_iv_anp,CALCE_CX2_33,1.0,237,237,237,ok,,0.07441717642272616,0.021639122850263037,-0.11501211679319875,0.41779497098646035,0.10746718383995939,238,128,1034,step1,1
0,42,partial_iv_anp,CALCE_CX2_33,0.0,238,238,238,ok,,0.1196543797416335,0.005209306968302241,-1.2598691546048253,0.9757986447241046,0.3737617447799251,239,128,1033,step1,1
0,42,partial_iv_anp,CALCE_CX2_33,0.25,238,238,238,ok,,0.07856986408498538,0.02819889828252764,1.6485034039314803,0.31461761858664083,0.09226988058184733,239,128,1033,step1,1
0,42,partial_iv_anp,CALCE_CX2_33,0.5,238,238,238,ok,,0.07671796671297523,0.02515078826690842,0.7354225029601001,0.3601161665053243,0.09891202366727124,239,128,1033,step1,1
0,42,partial_iv_anp,CALCE_CX2_33,0.75,238,238,238,ok,,0.07587774729743262,0.023787928911747858,0.3874378570803295,0.37850919651500486,0.10205646051846237,239,128,1033,step1,1
0,42,partial_iv_anp,CALCE_CX2_33,1.0,238,238,238,ok,,0.07462427485619696,0.02185320476109387,-0.04827542293523745,0.40658276863504356,0.10664393064302899,239,128,1033,step1,1
0,42,partial_iv_anp,CALCE_CX2_33,0.0,239,239,239,ok,,0.11949992508799945,0.001827441682645592,-1.2593259941015642,0.9738372093023255,0.3736971446919127,240,128,1032,step1,1
0,42,partial_iv_anp,CALCE_CX2_33,0.25,239,239,239,ok,,0.08133940407979662,0.025706094467934815,3.3917746463106466,0.24031007751937986,0.0833680106348904,240,128,1032,step1,1
0,42,partial_iv_anp,CALCE_CX2_33,0.5,239,239,239,ok,,0.08019592275955949,0.02377998837427253,2.573145776614346,0.26453488372093026,0.08712483223880048,240,128,1032,step1,1
0,42,partial_iv_anp,CALCE_CX2_33,0.75,239,239,239,ok,,0.07983505425504163,0.023166042609414572,2.333721759639264,0.2742248062015504,0.08836281567527637,240,128,1032,step1,1
0,42,partial_iv_anp,CALCE_CX2_33,1.0,239,239,239,ok,,0.079233568338964,0.022211345793950676,1.9853520192238319,0.29554263565891475,0.09024632287131996,240,128,1032,step1,1
0,42,partial_iv_anp,CALCE_CX2_33,0.0,240,240,240,ok,,0.11889872388492878,0.0005648205878854284,-1.261602142235718,0.976721629485936,0.3731728280259755,241,128,1031,step10,10
0,42,partial_iv_anp,CALCE_CX2_33,0.0,240,240,240,ok,,0.11889872388492878,0.0005648205878854284,-1.261602142235718,0.976721629485936,0.3731728280259755,241,128,1031,step1,1
0,42,partial_iv_anp,CALCE_CX2_33,0.25,240,240,240,ok,,0.08227319264304592,0.029393158827163757,3.9598989889621454,0.23569350145489815,0.0810475856162208,241,128,1031,step10,10
0,42,partial_iv_anp,CALCE_CX2_33,0.25,240,240,240,ok,,0.08227319264304592,0.029393158827163757,3.9598989889621454,0.23569350145489815,0.0810475856162208,241,128,1031,step1,1
0,42,partial_iv_anp,CALCE_CX2_33,0.5,240,240,240,ok,,0.08117523522195322,0.02754015125266418,3.1039475677307844,0.2492725509214355,0.08456763470822695,241,128,1031,step10,10
0,42,partial_iv_anp,CALCE_CX2_33,0.5,240,240,240,ok,,0.08117523522195322,0.02754015125266418,3.1039475677307844,0.2492725509214355,0.08456763470822695,241,128,1031,step1,1
0,42,partial_iv_anp,CALCE_CX2_33,0.75,240,240,240,ok,,0.08042071526853814,0.02628360943181296,2.582741895486811,0.26576139670223087,0.08701942426304342,241,128,1031,step10,10
0,42,partial_iv_anp,CALCE_CX2_33,0.75,240,240,240,ok,,0.08042071526853814,0.02628360943181296,2.582741895486811,0.26576139670223087,0.08701942426304342,241,128,1031,step1,1
0,42,partial_iv_anp,CALCE_CX2_33,1.0,240,240,240,ok,,0.07903644338237574,0.024054093769337537,1.7670266518783928,0.30358874878758485,0.0914498876596859,241,128,1031,step10,10
0,42,partial_iv_anp,CALCE_CX2_33,1.0,240,240,240,ok,,0.07903644338237574,0.024054093769337537,1.7670266518783928,0.30358874878758485,0.0914498876596859,241,128,1031,step1,1
0,42,partial_iv_anp,CALCE_CX2_33,0.0,241,241,241,ok,,0.1183886356562141,0.004399724308604136,-1.2634233453310524,0.9805825242718447,0.3727550203805203,242,128,1030,step1,1
0,42,partial_iv_anp,CALCE_CX2_33,0.25,241,241,241,ok,,0.07882147614099344,0.027399082872426317,1.5664485621526039,0.312621359223301,0.09258367306913756,242,128,1030,step1,1
0,42,partial_iv_anp,CALCE_CX2_33,0.5,241,241,241,ok,,0.07716346777003656,0.024661864780682885,0.7559773656467557,0.3533980582524272,0.09852685850493802,242,128,1030,step1,1
0,42,partial_iv_anp,CALCE_CX2_33,0.75,241,241,241,ok,,0.0765025072197944,0.02358118386509711,0.47712347266060373,0.3679611650485437,0.10099328781411798,242,128,1030,step1,1
0,42,partial_iv_anp,CALCE_CX2_33,1.0,241,241,241,ok,,0.07537566756234856,0.02183258666930743,0.0721696424660533,0.39029126213592236,0.10505229105286662,242,128,1030,step1,1
0,42,partial_iv_anp,CALCE_CX2_33,0.0,242,242,242,ok,,0.11817036865273127,0.0038661531605402866,-1.2633133274963881,0.9805636540330418,0.3726721588409936,243,128,1029,step1,1
0,42,partial_iv_anp,CALCE_CX2_33,0.25,242,242,242,ok,,0.07973302628661842,0.028336387729003043,2.0411982972801708,0.28960155490767736,0.08968683229661698,243,128,1029,step1,1
0,42,partial_iv_anp,CALCE_CX2_33,0.5,242,242,242,ok,,0.07804354406912102,0.025531060893217217,1.1278940629544203,0.33138969873663754,0.09557487507804892,243,128,1029,step1,1
0,42,partial_iv_anp,CALCE_CX2_33,0.75,242,242,242,ok,,0.07735231744209413,0.024391454478911223,0.8054117971680369,0.3566569484936832,0.09808786801666097,243,128,1029,step1,1
0,42,partial_iv_anp,CALCE_CX2_33,1.0,242,242,242,ok,,0.0761588260857679,0.022514887923485105,0.33145949886484855,0.37998056365403304,0.10229565897400342,243,128,1029,step1,1
0,42,partial_iv_anp,CALCE_CX2_33,0.0,243,243,243,ok,,0.11817711493409146,0.00029816094051393627,-1.2616592104737467,0.980544747081712,0.37267189626368263,244,128,1028,step1,1
0,42,partial_iv_anp,CALCE_CX2_33,0.25,243,243,243,ok,,0.08073217244952449,0.02592162795171582,2.680529842000346,0.26653696498054474,0.08636140921394686,244,128,1028,step1,1
0,42,partial_iv_anp,CALCE_CX2_33,0.5,243,243,243,ok,,0.0797064516765329,0.024186242388177126,2.021741587965445,0.2918287937743191,0.08983856674105332,244,128,1028,step1,1
0,42,partial_iv_anp,CALCE_CX2_33,0.75,243,243,243,ok,,0.07948311545007422,0.023797562515075144,1.8842878355441368,0.29669260700389105,0.09064689778129799,244,128,1028,step1,1
0,42,partial_iv_anp,CALCE_CX2_33,1.0,243,243,243,ok,,0.07889944091554203,0.02287312706150313,1.5761653943482052,0.3103112840466926,0.09250435480771632,244,128,1028,step1,1
0,42,partial_iv_anp,CALCE_CX2_33,0.0,244,244,244,ok,,0.11835296679188725,0.002556585746798401,-1.2588283890370728,0.9785783836416748,0.3730172249500849,245,128,1027,step1,1
0,42,partial_iv_anp,CALCE_CX2_33,0.25,244,244,244,ok,,0.08225154911408561,0.02637504705025906,3.848391915932404,0.22979552093476144,0.08142368891687479,245,128,1027,step1,1
0,42,partial_iv_anp,CALCE_CX2_33,0.5,244,244,244,ok,,0.08111005333468178,0.024445142976217804,2.9761430572389904,0.25121713729308665,0.08508853445067112,245,128,1027,step1,1
0,42,partial_iv_anp,CALCE_CX2_33,0.75,244,244,244,ok,,0.08074560734809151,0.02382250992589785,2.7178102490075458,0.2629016553067186,0.08630939656171459,245,128,1027,step1,1
0,42,partial_iv_anp,CALCE_CX2_33,1.0,244,244,244,ok,,0.0801207003855594,0.022825270972952505,2.331347953515038,0.27848101265822783,0.0882214112144302,245,128,1027,step1,1
0,42,partial_iv_anp,CALCE_CX2_33,0.0,245,245,245,ok,,0.11784650598162197,0.0037889319735724403,-1.2605633452567464,0.9785575048732943,0.3725545880171906,246,128,1026,step1,1
0,42,partial_iv_anp,CALCE_CX2_33,0.25,245,245,245,ok,,0.08291791766067555,0.026054350666161352,4.250898463010992,0.22319688109161792,0.07985132992245199,246,128,1026,step1,1
0,42,partial_iv_anp,CALCE_CX2_33,0.5,245,245,245,ok,,0.08178807380842501,0.024142969290595562,3.338651147802281,0.23586744639376217,0.08341608821188255,246,128,1026,step1,1
0,42,partial_iv_anp,CALCE_CX2_33,0.75,245,245,245,ok,,0.08141787689571758,0.02351070567253044,3.061454613817157,0.24463937621832357,0.08463254347737152,246,128,1026,step1,1
0,42,partial_iv_anp,CALCE_CX2_33,1.0,245,245,245,ok,,0.08081748506153894,0.022553270604808162,2.669203501770045,0.2573099415204678,0.0864295159841042,246,128,1026,step1,1
0,42,partial_iv_anp,CALCE_CX2_33,0.0,246,246,246,ok,,0.118073919528467,0.004068862464140399,-1.2572126406217325,0.9814634146341463,0.37315909248621226,247,128,1025,step1,1
0,42,partial_iv_anp,CALCE_CX2_33,0.25,246,246,246,ok,,0.08298496653124833,0.026140194655531745,4.411873650120756,0.22146341463414634,0.0794549523632375,247,128,1025,step1,1
0,42,partial_iv_anp,CALCE_CX2_33,0.5,246,246,246,ok,,0.08183675416842613,0.024196347967599174,3.4658047672431764,0.23902439024390243,0.08306114585673202,247,128,1025,step1,1
0,42,partial_iv_anp,CALCE_CX2_33,0.75,246,246,246,ok,,0.08145157124719292,0.0235385528897345,3.172287800375938,0.2497560975609756,0.08432004549840003,247,128,1025,step1,1
0,42,partial_iv_anp,CALCE_CX2_33,1.0,246,246,246,ok,,0.08084632590505918,0.022570416165577756,2.768926281126317,0.25951219512195123,0.0861309756646178,247,128,1025,step1,1
0,42,partial_iv_anp,CALCE_CX2_33,0.0,247,247,247,ok,,0.11734412081182656,0.004865791069614378,-1.2605432179059832,0.9814453125,0.372354626580669,248,128,1024,step1,1
0,42,partial_iv_anp,CALCE_CX2_33,0.25,247,247,247,ok,,0.08345205633232956,0.025790557586148233,4.586432425004955,0.216796875,0.07868853444044274,248,128,1024,step1,1
0,42,partial_iv_anp,CALCE_CX2_33,0.5,247,247,247,ok,,0.08231856727357825,0.023872414896662586,3.632509406538374,0.236328125,0.08221152938728124,248,128,1024,step1,1
0,42,partial_iv_anp,CALCE_CX2_33,0.75,247,247,247,ok,,0.08196390503686195,0.023264998974121154,3.354620149593281,0.2451171875,0.08336328762174153,248,128,1024,step1,1
0,42,partial_iv_anp,CALCE_CX2_33,1.0,247,247,247,ok,,0.08139459159429319,0.022357261782572024,2.9659192544836026,0.2578125,0.08503705542606167,248,128,1024,step1,1
0,42,partial_iv_anp,CALCE_CX2_33,0.0,248,248,248,ok,,0.11701218861641799,0.006435276984569804,-1.2611046690023155,0.9804496578690127,0.3722256813030593,249,128,1023,step1,1
0,42,partial_iv_anp,CALCE_CX2_33,0.25,248,248,248,ok,,0.08412624976107777,0.025247743019476854,5.095144027203309,0.20918866080156404,0.07703205254474148,249,128,1023,step1,1
0,42,partial_iv_anp,CALCE_CX2_33,0.5,248,248,248,ok,,0.0831223132345215,0.02354280058694136,4.18656039644363,0.2209188660801564,0.08010296412574201,249,128,1023,step1,1
0,42,partial_iv_anp,CALCE_CX2_33,0.75,248,248,248,ok,,0.08283764869407167,0.02305055492246455,3.942255883607661,0.22482893450635386,0.08101774672813454,249,128,1023,step1,1
0,42,partial_iv_anp,CALCE_CX2_33,1.0,248,248,248,ok,,0.0823342109491403,0.02225079816857989,3.569135632921764,0.23558162267839688,0.08244787327781347,249,128,1023,step1,1
0,42,partial_iv_anp,CALCE_CX2_33,0.0,249,249,249,ok,,0.117044730075934,0.007029754636267094,-1.2591919728305485,0.9814090019569471,0.3726025344074967,250,128,1022,step1,1
0,42,partial_iv_anp,CALCE_CX2_33,0.25,249,249,249,ok,,0.08436434651282361,0.025189209817716773,5.362063228453079,0.20939334637964774,0.07632835860034452,250,128,1022,step1,1
0,42,partial_iv_anp,CALCE_CX2_33,0.5,249,249,249,ok,,0.08334549498557157,0.023457253016049617,4.411007607475329,0.22113502935420742,0.07942276383235106,250,128,1022,step1,1
0,42,partial_iv_anp,CALCE_CX2_33,0.75,249,249,249,ok,,0.08307130964440722,0.02298177235694132,4.167839106560794,0.22504892367906065,0.08029967977117655,250,128,1022,step1,1
0,42,partial_iv_anp,CALCE_CX2_33,1.0,249,249,249,ok,,0.08258397491761334,0.022207313106128224,3.795353074760745,0.23483365949119372,0.08167122491089791,250,128,1022,step1,1
0,42,partial_iv_anp,CALCE_CX2_33,0.0,250,250,250,ok,,0.11689893474706436,0.007397976001457751,-1.2586106161016792,0.980411361410382,0.37254275446648527,251,128,1021,step10,10
0,42,partial_iv_anp,CALCE_CX2_33,0.0,250,250,250,ok,,0.11689893474706436,0.007397976001457751,-1.2586106161016792,0.980411361410382,0.37254275446648527,251,128,1021,step1,1
0,42,partial_iv_anp,CALCE_CX2_33,0.25,250,250,250,ok,,0.0845858476840126,0.02521777728710095,5.548586823089708,0.20959843290891284,0.07576407311958777,251,128,1021,step10,10
0,42,partial_iv_anp,CALCE_CX2_33,0.25,250,250,250,ok,,0.0845858476840126,0.02521777728710095,5.548586823089708,0.20959843290891284,0.07576407311958777,251,128,1021,step1,1
0,42,partial_iv_anp,CALCE_CX2_33,0.5,250,250,250,ok,,0.08355542792671983,0.02346703400873651,4.567895407314851,0.22331047992164543,0.0788696000836917,251,128,1021,step10,10
0,42,partial_iv_anp,CALCE_CX2_33,0.5,250,250,250,ok,,0.08355542792671983,0.02346703400873651,4.567895407314851,0.22331047992164543,0.0788696000836917,251,128,1021,step1,1
0,42,partial_iv_anp,CALCE_CX2_33,0.75,250,250,250,ok,,0.08325617960987328,0.022949936033503926,4.298774897949456,0.22428991185112634,0.07981532173112982,251,128,1021,step10,10
0,42,partial_iv_anp,CALCE_CX2_33,0.75,250,250,250,ok,,0.08325617960987328,0.022949936033503926,4.298774897949456,0.22428991185112634,0.07981532173112982,251,128,1021,step1,1
0,42,partial_iv_anp,CALCE_CX2_33,1.0,250,250,250,ok,,0.0827540278514537,0.0221505563085187,3.9080980563163608,0.22918707149853085,0.0812235852674993,251,128,1021,step10,10
0,42,partial_iv_anp,CALCE_CX2_33,1.0,250,250,250,ok,,0.0827540278514537,0.0221505563085187,3.9080980563163608,0.22918707149853085,0.0812235852674993,251,128,1021,step1,1
0,42,partial_iv_anp,CALCE_CX2_33,0.0,251,251,251,ok,,0.11673470961673642,0.0072893812076377795,-1.2579672687059302,0.9823529411764705,0.37274206697514095,252,128,1020,step1,1
0,42,partial_iv_anp,CALCE_CX2_33,0.25,251,251,251,ok,,0.08453328594759009,0.02526525612240116,5.466014226091066,0.21176470588235294,0.07609172581743946,252,128,1020,step1,1
0,42,partial_iv_anp,CALCE_CX2_33,0.5,251,251,251,ok,,0.08350432188652267,0.02351621870454501,4.49658347624782,0.2196078431372549,0.07920032519240233,252,128,1020,step1,1
0,42,partial_iv_anp,CALCE_CX2_33,0.75,251,251,251,ok,,0.08319568570351128,0.0229832017313516,4.222246100628705,0.22450980392156863,0.0801768210644513,252,128,1020,step1,1
0,42,partial_iv_anp,CALCE_CX2_33,1.0,251,251,251,ok,,0.08268351547733868,0.022167013688826565,3.8280102462755505,0.23333333333333334,0.08161898928313002,252,128,1020,step1,1
0,42,partial_iv_anp,CALCE_CX2_33,0.0,252,252,252,ok,,0.11621238937475921,0.007854605642308443,-1.259936931561098,0.9823356231599607,0.3722640729776951,253,128,1019,step1,1
0,42,partial_iv_anp,CALCE_CX2_33,0.25,252,252,252,ok,,0.08478613332468315,0.024917831555241965,5.534369936432465,0.21197252208047104,0.07581528326550994,253,128,1019,step1,1
0,42,partial_iv_anp,CALCE_CX2_33,0.5,252,252,252,ok,,0.0837589946671769,0.023170094567571797,4.559235924889915,0.21589793915603533,0.07890936557239356,253,128,1019,step1,1
0,42,partial_iv_anp,CALCE_CX2_33,0.75,252,252,252,ok,,0.08344956468472518,0.022635506995649868,4.282275954178778,0.22178606476938176,0.07988452980338114,253,128,1019,step1,1
0,42,partial_iv_anp,CALCE_CX2_33,1.0,252,252,252,ok,,0.0829302604313452,0.021807105985933606,3.8796105801705183,0.2325809617271835,0.08134254568361235,253,128,1019,step1,1
0,42,partial_iv_anp,CALCE_CX2_33,0.0,253,253,253,ok,,0.11616571698815706,0.006388280258529222,-1.2586147889360049,0.9833005893909627,0.3724304045044075,254,128,1018,step1,1
0,42,partial_iv_anp,CALCE_CX2_33,0.25,253,253,253,ok,,0.0842857176946354,0.02565564835154699,5.070848815477414,0.2131630648330059,0.07727172962782254,254,128,1018,step1,1
0,42,partial_iv_anp,CALCE_CX2_33,0.5,253,253,253,ok,,0.0831317487719676,0.023696818492562777,4.044197566802894,0.22396856581532418,0.08079003118695027,254,128,1018,step1,1
0,42,partial_iv_anp,CALCE_CX2_33,0.75,253,253,253,ok,,0.0827512822100258,0.02304438666853903,3.7304278390525294,0.23084479371316308,0.08199925969260724,254,128,1018,step1,1
0,42,partial_iv_anp,CALCE_CX2_33,1.0,253,253,253,ok,,0.08216871991195247,0.022111160619326498,3.3112058551720276,0.24656188605108054,0.0836830695593759,254,128,1018,step1,1
0,42,partial_iv_anp,CALCE_CX2_33,0.0,254,254,254,ok,,0.1159586072530952,0.006762744086409089,-1.2584252143144226,0.984267453294002,0.3722314303017781,255,128,1017,step1,1
0,42,partial_iv_anp,CALCE_CX2_33,0.25,254,254,254,ok,,0.08434444486647254,0.025377262634712294,5.078781734542466,0.21042281219272368,0.0772174752044357,255,128,1017,step1,1
0,42,partial_iv_anp,CALCE_CX2_33,0.5,254,254,254,ok,,0.08321025647262235,0.02345070034318264,4.067900956282812,0.22123893805309736,0.08067049329816259,255,128,1017,step1,1
0,42,partial_iv_anp,CALCE_CX2_33,0.75,254,254,254,ok,,0.0828529942862461,0.022836075429281344,3.7711372832098067,0.22910521140609635,0.08180781347911342,255,128,1017,step1,1
0,42,partial_iv_anp,CALCE_CX2_33,1.0,254,254,254,ok,,0.082273328512896,0.02190736272130589,3.3519138607551655,0.24385447394296952,0.08347720343923896,255,128,1017,step1,1
0,42,partial_iv_anp,CALCE_CX2_33,0.0,255,255,255,ok,,0.11570144617183596,0.0020746306663315117,-1.258240722478254,0.9872047244094488,0.3720995682942566,256,128,1016,step1,1
0,42,partial_iv_anp,CALCE_CX2_33,0.25,255,255,255,ok,,0.08431314755607949,0.030119754485581907,5.0568142556668825,0.21456692913385828,0.07727481097318942,256,128,1016,step1,1
0,42,partial_iv_anp,CALCE_CX2_33,0.5,255,255,255,ok,,0.08309942653576657,0.02806138047681217,3.9855379990429793,0.2283464566929134,0.08096090316456003,256,128,1016,step1,1
0,42,partial_iv_anp,CALCE_CX2_33,0.75,255,255,255,ok,,0.08205134641414748,0.02630675862902898,3.1832413286700723,0.2470472440944882,0.08420145768572782,256,128,1016,step1,1
0,42,partial_iv_anp,CALCE_CX2_33,1.0,255,255,255,ok,,0.0805909637300325,0.02392411136562589,2.2402948007121366,0.2785433070866142,0.08871038685879244,256,128,1016,step1,1
0,42,partial_iv_anp,CALCE_CX2_33,0.0,256,256,256,ok,,0.11574037749393969,0.0036865143362379005,-1.2565672361078652,0.9852216748768473,0.37234503235189964,257,128,1015,step1,1
0,42,partial_iv_anp,CALCE_CX2_33,0.25,256,256,256,ok,,0.0795827594564519,0.028066103275967147,1.6527186420735493,0.2975369458128079,0.0921435231550609,257,128,1015,step1,1
0,42,partial_iv_anp,CALCE_CX2_33,0.5,256,256,256,ok,,0.07763197855312158,0.024807643796297296,0.702877578995294,0.3586206896551724,0.09907697915024494,257,128,1015,step1,1
0,42,partial_iv_anp,CALCE_CX2_33,0.75,256,256,256,ok,,0.07680768943507568,0.023444751069463754,0.3662427606484278,0.3733990147783251,0.10215394331913667,257,128,1015,step1,1
0,42,partial_iv_anp,CALCE_CX2_33,1.0,256,256,256,ok,,0.07558271884055973,0.021516658651234755,-0.05429270123820891,0.4019704433497537,0.10660738892962511,257,128,1015,step1,1
0,42,partial_iv_anp,CALCE_CX2_33,0.0,257,257,257,ok,,0.11550558974570459,0.004272757540984107,-1.25661705603403,0.985207100591716,0.37221766479874685,258,128,1014,step1,1
0,42,partial_iv_anp,CALCE_CX2_33,0.25,257,257,257,ok,,0.08026613709274154,0.02976881496519901,2.000862229874123,0.28106508875739644,0.0900176539049514,258,128,1014,step1,1
0,42,partial_iv_anp,CALCE_CX2_33,0.5,257,257,257,ok,,0.07837750817553031,0.02659969251866845,1.0056857993726647,0.3343195266272189,0.09658719695440417,258,128,1014,step1,1
0,42,partial_iv_anp,CALCE_CX2_33,0.75,257,257,257,ok,,0.07756949010373687,0.025253492728591342,0.6453909062159934,0.3609467455621302,0.09953447068827158,258,128,1014,step1,1
0,42,partial_iv_anp,CALCE_CX2_33,1.0,257,257,257,ok,,0.07619071669872278,0.023059066670029327,0.13065595905395297,0.3875739644970414,0.10446094125430626,258,128,1014,step1,1
0,42,partial_iv_anp,CALCE_CX2_33,0.0,258,258,258,ok,,0.11563087594034496,0.004729851830617027,-1.2540647871781039,0.9861796643632774,0.3724359705316278,259,128,1013,step1,1
0,42,partial_iv_anp,CALCE_CX2_33,0.25,258,258,258,ok,,0.07996242569730784,0.029929104792108863,1.8725563579957536,0.28923988153998026,0.09078590711194402,259,128,1013,step1,1
0,42,partial_iv_anp,CALCE_CX2_33,0.5,258,258,258,ok,,0.07797199598605552,0.026588892169452483,0.8570737386149243,0.3474827245804541,0.09777420332510722,259,128,1013,step1,1
0,42,partial_iv_anp,CALCE_CX2_33,0.75,258,258,258,ok,,0.07717454515037103,0.02525965761478044,0.5148308642223333,0.3721618953603159,0.1007226764105032,259,128,1013,step1,1
0,42,partial_iv_anp,CALCE_CX2_33,1.0,258,258,258,ok,,0.07580952922251775,0.023091763101148244,0.02527684812872324,0.39684106614017767,0.10564851444365651,259,128,1013,step1,1
0,42,partial_iv_anp,CALCE_CX2_33,0.0,259,259,259,ok,,0.11490281345556008,0.0016284632258558585,-1.25737785816251,0.9871541501976284,0.3716718680579179,260,128,1012,step1,1
0,42,partial_iv_anp,CALCE_CX2_33,0.25,259,259,259,ok,,0.08199119093817302,0.02661005696799912,2.979225985322344,0.24802371541501977,0.08493800654295519,260,128,1012,step1,1
0,42,partial_iv_anp,CALCE_CX2_33,0.5,259,259,259,ok,,0.08086453219274388,0.02468656593542007,2.22936769391353,0.2717391304347826,0.08866203137118887,260,128,1012,step1,1
0,42,partial_iv_anp,CALCE_CX2_33,0.75,259,259,259,ok,,0.08064918987882931,0.024305489478449682,2.0915395184067225,0.28063241106719367,0.08943071323623025,260,128,1012,step1,1
0,42,partial_iv_anp,CALCE_CX2_33,1.0,259,259,259,ok,,0.08004773441989883,0.023339753384627238,1.7629065281432863,0.2924901185770751,0.09130709069702476,260,128,1012,step1,1
0,42,partial_iv_anp,CALCE_CX2_33,0.0,260,260,260,ok,,0.11484547998701271,0.004494280941345186,-1.256042369110491,0.9881305637982196,0.3717228510831249,261,128,1011,step10,10
0,42,partial_iv_anp,CALCE_CX2_33,0.0,260,260,260,ok,,0.11484547998701271,0.004494280941345186,-1.256042369110491,0.9881305637982196,0.3717228510831249,261,128,1011,step1,1
0,42,partial_iv_anp,CALCE_CX2_33,0.25,260,260,260,ok,,0.0838722504216842,0.026961514182748836,4.426954599193836,0.2205736894164194,0.07926651712732093,261,128,1011,step10,10
0,42,partial_iv_anp,CALCE_CX2_33,0.25,260,260,260,ok,,0.0838722504216842,0.026961514182748836,4.426954599193836,0.2205736894164194,0.07926651712732093,261,128,1011,step1,1
0,42,partial_iv_anp,CALCE_CX2_33,0.5,260,260,260,ok,,0.08267019409380566,0.024912863046351097,3.445917793139749,0.2403560830860534,0.08299549505327453,261,128,1011,step10,10
0,42,partial_iv_anp,CALCE_CX2_33,0.5,260,260,260,ok,,0.08267019409380566,0.024912863046351097,3.445917793139749,0.2403560830860534,0.08299549505327453,261,128,1011,step1,1
0,42,partial_iv_anp,CALCE_CX2_33,0.75,260,260,260,ok,,0.08233015328712016,0.024324352531469473,3.187345189923275,0.24530168150346193,0.08410368059541817,261,128,1011,step10,10
0,42,partial_iv_anp,CALCE_CX2_33,0.75,260,260,260,ok,,0.08233015328712016,0.024324352531469473,3.187345189923275,0.24530168150346193,0.08410368059541817,261,128,1011,step1,1
0,42,partial_iv_anp,CALCE_CX2_33,1.0,260,260,260,ok,,0.08168539416998827,0.023283608987797244,2.7604714716365417,0.2571711177052423,0.08601320827285462,261,128,1011,step10,10
0,42,partial_iv_anp,CALCE_CX2_33,1.0,260,260,260,ok,,0.08168539416998827,0.023283608987797244,2.7604714716365417,0.2571711177052423,0.08601320827285462,261,128,1011,step1,1
0,42,partial_iv_anp,CALCE_CX2_33,0.0,261,261,261,ok,,0.11457071027410856,0.004451547606934225,-1.256145289545623,0.9861386138613861,0.3715926353549707,262,128,1010,step1,1
0,42,partial_iv_anp,CALCE_CX2_33,0.25,261,261,261,ok,,0.08088079529433269,0.030906996601943848,2.223923858509733,0.2801980198019802,0.0886791378816841,262,128,1010,step1,1
0,42,partial_iv_anp,CALCE_CX2_33,0.5,261,261,261,ok,,0.0788738351378533,0.02752707949904687,1.12839595062345,0.32574257425742575,0.09555756545793972,262,128,1010,step1,1
0,42,partial_iv_anp,CALCE_CX2_33,0.75,261,261,261,ok,,0.07797648146153936,0.02602530700567851,0.7184059672829002,0.35148514851485146,0.09879443667090325,262,128,1010,step1,1
0,42,partial_iv_anp,CALCE_CX2_33,1.0,261,261,261,ok,,0.07644117864109336,0.023564764222657297,0.137965548344236,0.38514851485148516,0.10426083567379157,262,128,1010,step1,1
0,42,partial_iv_anp,CALCE_CX2_33,0.0,262,262,262,ok,,0.11454495076198586,0.0018375067528392242,-1.2549529477545602,0.9861248761149654,0.3715499259829197,263,128,1009,step1,1
0,42,partial_iv_anp,CALCE_CX2_33,0.25,262,262,262,ok,,0.08315394176718306,0.02850118298484272,3.7904744086993034,0.22695738354806738,0.08149706424451349,263,128,1009,step1,1
0,42,partial_iv_anp,CALCE_CX2_33,0.5,262,262,262,ok,,0.08184831145551427,0.02627584943200101,2.820864290380335,0.24777006937561943,0.08564084622041324,263,128,1009,step1,1
0,42,partial_iv_anp,CALCE_CX2_33,0.75,262,262,262,ok,,0.08146233389027896,0.025609667058712482,2.5571213373677115,0.25966303270564917,0.08692700991687259,263,128,1009,step1,1
0,42,partial_iv_anp,CALCE_CX2_33,1.0,262,262,262,ok,,0.0807084376573108,0.024386916541696113,2.1082422855435876,0.2794846382556987,0.08924703899978143,263,128,1009,step1,1
0,42,partial_iv_anp,CALCE_CX2_33,0.0,263,263,263,ok,,0.11439047315510198,0.0010685982200062671,-1.2539046440075525,0.9841269841269841,0.37194121558454285,264,128,1008,step1,1
0,42,partial_iv_anp,CALCE_CX2_33,0.25,263,263,263,ok,,0.08370912821727747,0.032384359414710295,4.231262842665132,0.2222222222222222,0.08004371751495619,264,128,1008,step1,1
0,42,partial_iv_anp,CALCE_CX2_33,0.5,263,263,263,ok,,0.0824358270723523,0.03021144210930371,3.224579563103082,0.2390873015873016,0.08401925307334712,264,128,1008,step1,1
0,42,partial_iv_anp,CALCE_CX2_33,0.75,263,263,263,ok,,0.08203962394094678,0.029527588015196615,2.936216832592707,0.24801587301587302,0.08531385903590598,264,128,1008,step1,1
0,42,partial_iv_anp,CALCE_CX2_33,1.0,263,263,263,ok,,0.08098364182719482,0.027805016108960023,2.2735853911633694,0.2728174603174603,0.08854209032464141,264,128,1008,step1,1
0,42,partial_iv_anp,CALCE_CX2_33,0.0,264,264,264,ok,,0.11402145245537824,0.00019467160715036513,-1.2551246376131964,0.9851042701092354,0.37127388985996673,265,128,1007,step1,1
0,42,partial_iv_anp,CALCE_CX2_33,0.25,264,264,264,ok,,0.07664440283078353,0.01932178380646099,0.16581263785374675,0.381330685203575,0.1037803025234063,265,128,1007,step1,1
0,42,partial_iv_anp,CALCE_CX2_33,0.5,264,264,264,ok,,0.07410626199883916,0.015262818130340028,-0.5951020188104152,0.4627606752730884,0.11372038410973405,265,128,1007,step1,1
0,42,partial_iv_anp,CALCE_CX2_33,0.75,264,264,264,ok,,0.07303443503398208,0.013634806279053113,-0.8395543683610669,0.5153922542204568,0.11809743116521955,265,128,1007,step1,1
0,42,partial_iv_anp,CALCE_CX2_33,1.0,264,264,264,ok,,0.07135150521419649,0.011289926873815137,-1.1391863475336934,0.5898709036742801,0.1247815771345367,265,128,1007,step1,1
0,42,partial_iv_anp,CALCE_CX2_33,0.0,265,265,265,ok,,0.11350719913521189,0.006687141234652749,-1.2567071774145058,0.9850894632206759,0.37105808656992584,266,128,1006,step1,1
0,42,partial_iv_anp,CALCE_CX2_33,0.25,265,265,265,ok,,0.07681627177397932,0.012926577694423291,0.17299370772001155,0.3797216699801193,0.10374599281689979,266,128,1006,step1,1
0,42,partial_iv_anp,CALCE_CX2_33,0.5,265,265,265,ok,,0.07436472311370923,0.008992789517992872,-0.5680007345114152,0.46123260437375746,0.1133416107440834,266,128,1006,step1,1
0,42,partial_iv_anp,CALCE_CX2_33,0.75,265,265,265,ok,,0.07345550220667163,0.007596533993804222,-0.781774046636826,0.5009940357852882,0.11705798795837773,266,128,1006,step1,1
0,42,partial_iv_anp,CALCE_CX2_33,1.0,265,265,265,ok,,0.07266360168773503,0.0064621651570384575,-0.9384518458701377,0.5278330019880716,0.12014880909163475,266,128,1006,step1,1
0,42,partial_iv_anp,CALCE_CX2_33,0.0,266,266,266,ok,,0.11371196117716025,0.005264567957627642,-1.253516651739318,0.9830845771144279,0.3716193218459635,267,128,1005,step1,1
0,42,partial_iv_anp,CALCE_CX2_33,0.25,266,266,266,ok,,0.07934474829456176,0.01875768740527428,1.2865818917062273,0.3154228855721393,0.09446219758096602,267,128,1005,step1,1
0,42,partial_iv_anp,CALCE_CX2_33,0.5,266,266,266,ok,,0.0774339941288604,0.015541047246854456,0.4325759380973775,0.36517412935323385,0.10140043438334263,267,128,1005,step1,1
0,42,partial_iv_anp,CALCE_CX2_33,0.75,266,266,266,ok,,0.0767445265752213,0.014390345816395755,0.17165440725860992,0.38109452736318405,0.10402842758540572,267,128,1005,step1,1
0,42,partial_iv_anp,CALCE_CX2_33,1.0,266,266,266,ok,,0.07561431318437666,0.012601782137232398,-0.19093554093616094,0.4129353233830846,0.10818243251747726,267,128,1005,step1,1
0,42,partial_iv_anp,CALCE_CX2_33,0.0,267,267,267,ok,,0.11306922104384601,0.005261443228317675,-1.2563732441544069,0.9820717131474104,0.3707724656539436,268,128,1004,step1,1
0,42,partial_iv_anp,CALCE_CX2_33,0.25,267,267,267,ok,,0.08001864358534291,0.019596866617941022,1.5106340267692646,0.2948207171314741,0.0927218836750252,268,128,1004,step1,1
0,42,partial_iv_anp,CALCE_CX2_33,0.5,267,267,267,ok,,0.0779551951935504,0.016123491790349886,0.5493874153870499,0.3565737051792829,0.10007600589373744,268,128,1004,step1,1
0,42,partial_iv_anp,CALCE_CX2_33,0.75,267,267,267,ok,,0.07721182389743356,0.014881523450014367,0.2591689971958139,0.3784860557768924,0.10286948313427258,268,128,1004,step1,1
0,42,partial_iv_anp,CALCE_CX2_33,1.0,267,267,267,ok,,0.07616861193311433,0.013226094994434057,-0.08729328276499917,0.4033864541832669,0.10664839700761734,268,128,1004,step1,1
0,42,partial_iv_anp,CALCE_CX2_33,0.0,268,268,268,ok,,0.11318250743542467,0.004949085596627434,-1.2538405867708355,0.9830508474576272,0.37113861135289317,269,128,1003,step1,1
0,42,partial_iv_anp,CALCE_CX2_33,0.25,268,268,268,ok,,0.08099894211834362,0.021758141309088597,2.102788619754117,0.27716849451645065,0.08930154072531034,269,128,1003,step1,1
0,42,partial_iv_anp,CALCE_CX2_33,0.5,268,268,268,ok,,0.07891511118565064,0.01822866514934318,0.9992207698141995,0.32602193419740777,0.09648153679880507,269,128,1003,step1,1
0,42,partial_iv_anp,CALCE_CX2_33,0.75,268,268,268,ok,,0.07797545993259467,0.01664784971884059,0.5863178065259486,0.34995014955134596,0.09989709204762567,269,128,1003,step1,1
0,42,partial_iv_anp,CALCE_CX2_33,1.0,268,268,268,ok,,0.07672164524026538,0.014625637822745619,0.12415162814610084,0.38085742771684944,0.10437707549140908,269,128,1003,step1,1
0,42,partial_iv_anp,CALCE_CX2_33,0.0,269,269,269,ok,,0.11331565209874893,0.0026564475928788633,-1.251544484591767,0.9840319361277445,0.37115272899639723,270,128,1002,step1,1
0,42,partial_iv_anp,CALCE_CX2_33,0.25,269,269,269,ok,,0.08059638124116991,0.023589558298512947,1.911580021906161,0.27944111776447106,0.09030275883125778,270,128,1002,step1,1
0,42,partial_iv_anp,CALCE_CX2_33,0.5,269,269,269,ok,,0.07836045127473844,0.019805234034162567,0.782816349858424,0.3383233532934132,0.09810309713068634,270,128,1002,step1,1
0,42,partial_iv_anp,CALCE_CX2_33,0.75,269,269,269,ok,,0.07732856515655755,0.018076283523189685,0.35888418440817127,0.3652694610778443,0.10191035090223934,270,128,1002,step1,1
0,42,partial_iv_anp,CALCE_CX2_33,1.0,269,269,269,ok,,0.07598378028347635,0.015920241278668534,-0.09854378444761548,0.3972055888223553,0.10680817527755329,270,128,1002,step1,1
0,42,partial_iv_anp,CALCE_CX2_33,0.0,270,270,270,ok,,0.11289035532958766,0.0026931835577020946,-1.2524071517934088,0.986013986013986,0.3710036112588299,271,128,1001,step10,10
0,42,partial_iv_anp,CALCE_CX2_33,0.0,270,270,270,ok,,0.11289035532958766,0.0026931835577020946,-1.2524071517934088,0.986013986013986,0.3710036112588299,271,128,1001,step1,1
0,42,partial_iv_anp,CALCE_CX2_33,0.25,270,270,270,ok,,0.0808464148481611,0.023849896964955986,1.9919863251178176,0.2787212787212787,0.08992712098558592,271,128,1001,step10,10
0,42,partial_iv_anp,CALCE_CX2_33,0.25,270,270,270,ok,,0.0808464148481611,0.023849896964955986,1.9919863251178176,0.2787212787212787,0.08992712098558592,271,128,1001,step1,1
0,42,partial_iv_anp,CALCE_CX2_33,0.5,270,270,270,ok,,0.07890832074932867,0.02055542732022808,0.9783772454604723,0.3256743256743257,0.0966446392898023,271,128,1001,step10,10
0,42,partial_iv_anp,CALCE_CX2_33,0.5,270,270,270,ok,,0.07890832074932867,0.02055542732022808,0.9783772454604723,0.3256743256743257,0.0966446392898023,271,128,1001,step1,1
0,42,partial_iv_anp,CALCE_CX2_33,0.75,270,270,270,ok,,0.07808982206690349,0.019171139445934293,0.6170912862038239,0.35664335664335667,0.09962877543888353,271,128,1001,step10,10
0,42,partial_iv_anp,CALCE_CX2_33,0.75,270,270,270,ok,,0.07808982206690349,0.019171139445934293,0.6170912862038239,0.35664335664335667,0.09962877543888353,271,128,1001,step1,1
0,42,partial_iv_anp,CALCE_CX2_33,1.0,270,270,270,ok,,0.07684363499878909,0.01715442180524651,0.15320453879869414,0.3806193806193806,0.10406655072989483,271,128,1001,step10,10
0,42,partial_iv_anp,CALCE_CX2_33,1.0,270,270,270,ok,,0.07684363499878909,0.01715442180524651,0.15320453879869414,0.3806193806193806,0.10406655072989483,271,128,1001,step1,1
0,42,partial_iv_anp,CALCE_CX2_33,0.0,271,271,271,ok,,0.11247832908298606,0.0033489093687337768,-1.2536482742428476,0.985,0.37047101651499886,272,128,1000,step1,1
0,42,partial_iv_anp,CALCE_CX2_33,0.25,271,271,271,ok,,0.0815777887905242,0.024280402062711315,2.3400560360214144,0.262,0.08786964148706997,272,128,1000,step1,1
0,42,partial_iv_anp,CALCE_CX2_33,0.5,271,271,271,ok,,0.0795864307048999,0.020892889354074518,1.230034110056346,0.312,0.09461800611787566,272,128,1000,step1,1
0,42,partial_iv_anp,CALCE_CX2_33,0.75,271,271,271,ok,,0.07882351446557463,0.019595949703227977,0.8689576414904787,0.332,0.09734692096102411,272,128,1000,step1,1
0,42,partial_iv_anp,CALCE_CX2_33,1.0,271,271,271,ok,,0.07766368438103584,0.01770878267143894,0.4020491083236626,0.366,0.10137856291532464,272,128,1000,step1,1
0,42,partial_iv_anp,CALCE_CX2_33,0.0,272,272,272,ok,,0.1123505703698023,0.004766047144585395,-1.2528173468800703,0.985985985985986,0.37066807016672304,273,128,999,step1,1
0,42,partial_iv_anp,CALCE_CX2_33,0.25,272,272,272,ok,,0.08128880838391639,0.022436384853953273,2.1543782653971832,0.2682682682682683,0.08891385398257255,273,128,999,step1,1
0,42,partial_iv_anp,CALCE_CX2_33,0.5,272,272,272,ok,,0.07916906000422591,0.018832227860730133,1.0238303865762797,0.31931931931931934,0.09618355464817561,273,128,999,step1,1
0,42,partial_iv_anp,CALCE_CX2_33,0.75,272,272,272,ok,,0.0782803534061215,0.017328316030124524,0.6294695956491406,0.3433433433433433,0.0994041324481745,273,128,999,step1,1
0,42,partial_iv_anp,CALCE_CX2_33,1.0,272,272,272,ok,,0.07710006287686792,0.015412447939655793,0.18682387514379606,0.3663663663663664,0.10359589817846201,273,128,999,step1,1
0,42,partial_iv_anp,CALCE_CX2_33,0.0,273,273,273,ok,,0.11227659148773997,0.008414670441729166,-1.2515721918104394,0.9859719438877755,0.3709038343373099,274,128,998,step1,1
0,42,partial_iv_anp,CALCE_CX2_33,0.25,273,273,273,ok,,0.08349115899698385,0.02257820916810105,3.647287744658069,0.23246492985971945,0.08209994047100017,274,128,998,step1,1
0,42,partial_iv_anp,CALCE_CX2_33,0.5,273,273,273,ok,,0.0821131002861058,0.02021186183675383,2.653759860802117,0.2545090180360721,0.08648009242057669,274,128,998,step1,1
0,42,partial_iv_anp,CALCE_CX2_33,0.75,273,273,273,ok,,0.0816811367920567,0.019461810059398288,2.369672531466707,0.2625250501002004,0.0879207788503953,274,128,998,step1,1
0,42,partial_iv_anp,CALCE_CX2_33,1.0,273,273,273,ok,,0.08101622474346064,0.01837591961267726,1.9875968374004536,0.2745490981963928,0.08996838798647852,274,128,998,step1,1
0,42,partial_iv_anp,CALCE_CX2_33,0.0,274,274,274,ok,,0.11170642809623067,0.0032658203657084384,-1.2537525237021216,0.9859578736208626,0.37052524803426395,275,128,997,step1,1
0,42,partial_iv_anp,CALCE_CX2_33,0.25,274,274,274,ok,,0.08392730531617579,0.028224528995462572,3.8318198576142546,0.22668004012036108,0.08134823057740852,275,128,997,step1,1
0,42,partial_iv_anp,CALCE_CX2_33,0.5,274,274,274,ok,,0.08252333667245558,0.025816382578880637,2.7966743179967026,0.24674022066198595,0.08576403541155808,275,128,997,step1,1
0,42,partial_iv_anp,CALCE_CX2_33,0.75,274,274,274,ok,,0.08142391955474586,0.023950930565585726,2.1023555049230924,0.26980942828485455,0.08931432521627876,275,128,997,step1,1
0,42,partial_iv_anp,CALCE_CX2_33,1.0,274,274,274,ok,,0.0795902870488403,0.02091416301352278,1.1486003338997033,0.3059177532597793,0.09530498832241122,275,128,997,step1,1
0,42,partial_iv_anp,CALCE_CX2_33,0.0,275,275,275,ok,,0.11140308053814474,0.00046606957494976786,-1.254131964600376,0.9869477911646586,0.3703636618745581,276,128,996,step1,1
0,42,partial_iv_anp,CALCE_CX2_33,0.25,275,275,275,ok,,0.08044435837573281,0.02606218024446849,1.5406670877552122,0.28413654618473894,0.09260815057044854,276,128,996,step1,1
0,42,partial_iv_anp,CALCE_CX2_33,0.5,275,275,275,ok,,0.07831128250731138,0.02243979273241581,0.5460898961842009,0.34036144578313254,0.10019578772518714,276,128,996,step1,1
0,42,partial_iv_anp,CALCE_CX2_33,0.75,275,275,275,ok,,0.07744972544524795,0.020989102684623506,0.21380787829147138,0.3654618473895582,0.10343097743625125,276,128,996,step1,1
0,42,partial_iv_anp,CALCE_CX2_33,1.0,275,275,275,ok,,0.07601365243122575,0.018689900934039327,-0.24386632837520467,0.4086345381526104,0.10870400485587502,276,128,996,step1,1
0,42,partial_iv_anp,CALCE_CX2_33,0.0,276,276,276,ok,,0.11134463166117269,0.00011476842760738126,-1.2530063789083983,0.9879396984924623,0.3703369168997315,277,128,995,step1,1
0,42,partial_iv_anp,CALCE_CX2_33,0.25,276,276,276,ok,,0.08099909356313982,0.026740112963859586,1.839917379722987,0.2723618090452261,0.09068539704613311,277,128,995,step1,1
0,42,partial_iv_anp,CALCE_CX2_33,0.5,276,276,276,ok,,0.0789139817131552,0.02318561514986972,0.7967328526266939,0.32763819095477387,0.09795783104528734,277,128,995,step1,1
0,42,partial_iv_anp,CALCE_CX2_33,0.75,276,276,276,ok,,0.07805321894783615,0.021726154742450987,0.43788767640861026,0.34673366834170855,0.10112857415048071,277,128,995,step1,1
0,42,partial_iv_anp,CALCE_CX2_33,1.0,276,276,276,ok,,0.07662879841334996,0.019420547405778366,-0.05512439766608478,0.3849246231155779,0.10626881948466221,277,128,995,step1,1
0,42,partial_iv_anp,CALCE_CX2_33,0.0,277,277,277,ok,,0.11133907956850413,0.0013838171931848109,-1.2512110000008083,0.9869215291750503,0.3705382691998539,278,128,994,step1,1
0,42,partial_iv_anp,CALCE_CX2_33,0.25,277,277,277,ok,,0.08068379055730036,0.027628203848410693,1.6901093317084719,0.2806841046277666,0.0916786644433088,278,128,994,step1,1
0,42,partial_iv_anp,CALCE_CX2_33,0.5,277,277,277,ok,,0.07849812152181355,0.02390081307792813,0.6378018167329883,0.341046277665996,0.09939239838993497,278,128,994,step1,1
0,42,partial_iv_anp,CALCE_CX2_33,0.75,277,277,277,ok,,0.07761490763672065,0.02240464312039414,0.2869963780567977,0.36619718309859156,0.10269191570026188,278,128,994,step1,1
0,42,partial_iv_anp,CALCE_CX2_33,1.0,277,277,277,ok,,0.07611950622556658,0.019992657186351015,-0.20192942311116777,0.40543259557344064,0.10816763248921266,278,128,994,step1,1
0,42,partial_iv_anp,CALCE_CX2_33,0.0,278,278,278,ok,,0.11098966210780313,0.005683425835310119,-1.2520872979500994,0.9889224572004028,0.3700267808998589,279,128,993,step1,1
0,42,partial_iv_anp,CALCE_CX2_33,0.25,278,278,278,ok,,0.08319163580590057,0.024687060006193584,3.1726672829272986,0.2406847935548842,0.08389016251600047,279,128,993,step1,1
0,42,partial_iv_anp,CALCE_CX2_33,0.5,278,278,278,ok,,0.08177525162287198,0.022245646292043397,2.2267720313334354,0.26686807653575023,0.08847431079308049,279,128,993,step1,1
0,42,partial_iv_anp,CALCE_CX2_33,0.75,278,278,278,ok,,0.08142492635234903,0.02163027016048602,2.0112610676630984,0.27492447129909364,0.08967786951289133,279,128,993,step1,1
0,42,partial_iv_anp,CALCE_CX2_33,1.0,278,278,278,ok,,0.080711682368293,0.020460503564360355,1.630135900039115,0.29204431017119836,0.09191650010992357,279,128,993,step1,1
0,42,partial_iv_anp,CALCE_CX2_33,0.0,279,279,279,ok,,0.11113443661349202,0.008252615497050697,-1.2495391508926927,0.9909274193548387,0.370241580260315,280,128,992,step1,1
0,42,partial_iv_anp,CALCE_CX2_33,0.25,279,279,279,ok,,0.08460314215486119,0.024733237808269637,4.322547903075931,0.22379032258064516,0.07944303341628213,280,128,992,step1,1
0,42,partial_iv_anp,CALCE_CX2_33,0.5,279,279,279,ok,,0.08320607197033514,0.022328185371776943,3.220485729481093,0.2469758064516129,0.08374252309604414,280,128,992,step1,1
0,42,partial_iv_anp,CALCE_CX2_33,0.75,279,279,279,ok,,0.08281223879607133,0.021639301385539378,2.9349652020270036,0.25,0.08502133859261882,280,128,992,step1,1
0,42,partial_iv_anp,CALCE_CX2_33,1.0,279,279,279,ok,,0.08212416985594477,0.020510578396780166,2.5003370259986624,0.25705645161290325,0.08707022366972827,280,128,992,step1,1
0,42,partial_iv_anp,CALCE_CX2_33,0.0,280,280,280,ok,,0.11103995986019657,0.002150039755696942,-1.2481967898258315,0.9889001009081736,0.3705721063852015,281,128,991,step10,10
0,42,partial_iv_anp,CALCE_CX2_33,0.0,280,280,280,ok,,0.11103995986019657,0.002150039755696942,-1.2481967898258315,0.9889001009081736,0.3705721063852015,281,128,991,step1,1
0,42,partial_iv_anp,CALCE_CX2_33,0.25,280,280,280,ok,,0.08302711345406245,0.028305461842336177,3.1443507059758105,0.2462159434914228,0.08423539148970978,281,128,991,step10,10
0,42,partial_iv_anp,CALCE_CX2_33,0.25,280,280,280,ok,,0.08302711345406245,0.028305461842336177,3.1443507059758105,0.2462159434914228,0.08423539148970978,281,128,991,step1,1
0,42,partial_iv_anp,CALCE_CX2_33,0.5,280,280,280,ok,,0.08105534772926763,0.02491717839006502,1.880030930625389,0.27547931382441976,0.0906434629243477,281,128,991,step10,10
0,42,partial_iv_anp,CALCE_CX2_33,0.5,280,280,280,ok,,0.08105534772926763,0.02491717839006502,1.880030930625389,0.27547931382441976,0.0906434629243477,281,128,991,step1,1
0,42,partial_iv_anp,CALCE_CX2_33,0.75,280,280,280,ok,,0.0802663234045252,0.023556884748514473,1.4478757821606276,0.29364278506559033,0.09335208694703755,281,128,991,step10,10
0,42,partial_iv_anp,CALCE_CX2_33,0.75,280,280,280,ok,,0.0802663234045252,0.023556884748514473,1.4478757821606276,0.29364278506559033,0.09335208694703755,281,128,991,step1,1
0,42,partial_iv_anp,CALCE_CX2_33,1.0,280,280,280,ok,,0.0789731748936342,0.021409490737497094,0.8468551826979466,0.3239152371342079,0.09769543842319657,281,128,991,step10,10
0,42,partial_iv_anp,CALCE_CX2_33,1.0,280,280,280,ok,,0.0789731748936342,0.021409490737497094,0.8468551826979466,0.3239152371342079,0.09769543842319657,281,128,991,step1,1
0,42,partial_iv_anp,CALCE_CX2_33,0.0,281,281,281,ok,,0.11062129059944092,0.0022179453166832896,-1.2495824254868668,0.9888888888888889,0.3699221439330603,282,128,990,step1,1
0,42,partial_iv_anp,CALCE_CX2_33,0.25,281,281,281,ok,,0.08267718399303402,0.027497208205405466,2.8001001368053733,0.24646464646464647,0.08560783871227746,282,128,990,step1,1
0,42,partial_iv_anp,CALCE_CX2_33,0.5,281,281,281,ok,,0.0806724068712663,0.024051076378406755,1.5891028682803534,0.2878787878787879,0.09222279159741072,282,128,990,step1,1
0,42,partial_iv_anp,CALCE_CX2_33,0.75,281,281,281,ok,,0.07991530165386514,0.022745279033556276,1.1989804580816275,0.30404040404040406,0.09486534520700234,282,128,990,step1,1
0,42,partial_iv_anp,CALCE_CX2_33,1.0,281,281,281,ok,,0.07869678651516222,0.020727805559981216,0.6651019425276691,0.3292929292929293,0.09900258109514005,282,128,990,step1,1
0,42,partial_iv_anp,CALCE_CX2_33,0.0,282,282,282,ok,,0.11042452181218725,0.003451237082204517,-1.2493902513027098,0.9888776541961577,0.369593773646434,283,128,989,step1,1
0,42,partial_iv_anp,CALCE_CX2_33,0.25,282,282,282,ok,,0.08385899107963792,0.02826775829515671,3.596193169303301,0.23154701718907988,0.0820670294654762,283,128,989,step1,1
0,42,partial_iv_anp,CALCE_CX2_33,0.5,282,282,282,ok,,0.08193671179424727,0.024965366073298467,2.2735801613723052,0.2608695652173913,0.0881504343487381,283,128,989,step1,1
0,42,partial_iv_anp,CALCE_CX2_33,0.75,282,282,282,ok,,0.08116389388698521,0.023631416172263053,1.8162136362074472,0.27401415571284127,0.09073176930450516,283,128,989,step1,1
0,42,partial_iv_anp,CALCE_CX2_33,1.0,282,282,282,ok,,0.07996439787855045,0.02163635887732962,1.2094311482206015,0.2992922143579373,0.094635182079398,283,128,989,step1,1
0,42,partial_iv_anp,CALCE_CX2_33,0.0,283,283,283,ok,,0.11006715368128026,0.009609634765697317,-1.2496768270105731,0.9888663967611336,0.36973567551384945,284,128,988,step1,1
0,42,partial_iv_anp,CALCE_CX2_33,0.25,283,283,283,ok,,0.08604922153170351,0.02574187003609063,5.378552617663971,0.20850202429149797,0.07612006596179127,284,128,988,step1,1
0,42,partial_iv_anp,CALCE_CX2_33,0.5,283,283,283,ok,,0.08470061458240041,0.023418612279667017,4.167623824084936,0.22773279352226722,0.08010446201129458,284,128,988,step1,1
0,42,partial_iv_anp,CALCE_CX2_33,0.75,283,283,283,ok,,0.0843195602608325,0.022751097524591035,3.851359754702587,0.23279352226720648,0.08129110662946362,284,128,988,step1,1
0,42,partial_iv_anp,CALCE_CX2_33,1.0,283,283,283,ok,,0.08365491433741108,0.021660567350296867,3.3708620209135045,0.23987854251012145,0.0831795133555024,284,128,988,step1,1
0,42,partial_iv_anp,CALCE_CX2_33,0.0,284,284,284,ok,,0.10956181383553251,0.010696618921165135,-1.2517859506092983,0.9898682877406282,0.36911160967256434,285,128,987,step1,1
0,42,partial_iv_anp,CALCE_CX2_33,0.25,284,284,284,ok,,0.08675292884922624,0.025614483361738438,5.8636670704518465,0.20567375886524822,0.07458285398367279,285,128,987,step1,1
0,42,partial_iv_anp,CALCE_CX2_33,0.5,284,284,284,ok,,0.08541791238963582,0.023320507473107543,4.60098844916618,0.21783181357649442,0.07844759257812142,285,128,987,step1,1
0,42,partial_iv_anp,CALCE_CX2_33,0.75,284,284,284,ok,,0.08502612305266173,0.022636311141844834,4.258423134027116,0.22188449848024316,0.07964136742260632,285,128,987,step1,1
0,42,partial_iv_anp,CALCE_CX2_33,1.0,284,284,284,ok,,0.08435066018527489,0.021530100186531342,3.743935437278512,0.232016210739615,0.08152247938674308,285,128,987,step1,1
0,42,partial_iv_anp,CALCE_CX2_33,0.0,285,285,285,ok,,0.10911825224372422,0.011474405352772776,-1.2532102188684577,0.9908722109533469,0.36879391384789845,286,128,986,step1,1
0,42,partial_iv_anp,CALCE_CX2_33,0.25,285,285,285,ok,,0.087234306337277,0.025498855176704804,6.206048080347328,0.1997971602434077,0.07365408763647552,286,128,986,step1,1
0,42,partial_iv_anp,CALCE_CX2_33,0.5,285,285,285,ok,,0.08590990759739503,0.023224260064561797,4.90783195652079,0.21399594320486814,0.07744233357001457,286,128,986,step1,1
0,42,partial_iv_anp,CALCE_CX2_33,0.75,285,285,285,ok,,0.08552856788817417,0.022558165025650778,4.561494406206351,0.21906693711967545,0.07859139004930886,286,128,986,step1,1
0,42,partial_iv_anp,CALCE_CX2_33,1.0,285,285,285,ok,,0.08485570232901189,0.021457289632789034,4.0296393839127855,0.22616632860040567,0.08043913554003204,286,128,986,step1,1
0,42,partial_iv_anp,CALCE_CX2_33,0.0,286,286,286,ok,,0.10923797960853837,0.011741728654108496,-1.2506588258924216,0.9898477157360406,0.3693560578412184,287,128,985,step1,1
0,42,partial_iv_anp,CALCE_CX2_33,0.25,286,286,286,ok,,0.08724494200521604,0.025522972019198398,6.335089961445263,0.19898477157360406,0.07349180533589611,287,128,985,step1,1
0,42,partial_iv_anp,CALCE_CX2_33,0.5,286,286,286,ok,,0.08593640635685672,0.02327168702050586,5.032582807124206,0.2131979695431472,0.07722942582463142,287,128,985,step1,1
0,42,partial_iv_anp,CALCE_CX2_33,0.75,286,286,286,ok,,0.08554911480486417,0.022594746542953015,4.675709310027218,0.2182741116751269,0.07839259282853775,287,128,985,step1,1
0,42,partial_iv_anp,CALCE_CX2_33,1.0,286,286,286,ok,,0.08489393994410291,0.021521773773748087,4.149860721369369,0.22538071065989848,0.08018577389525496,287,128,985,step1,1
0,42,partial_iv_anp,CALCE_CX2_33,0.0,287,287,287,ok,,0.10907870587529324,0.01265091777879812,-1.2506019309369203,0.9898373983739838,0.36903510141718693,288,128,984,step1,1
0,42,partial_iv_anp,CALCE_CX2_33,0.25,287,287,287,ok,,0.08771486184989422,0.025415743598869667,6.769693083696351,0.19715447154471544,0.07226344444536943,288,128,984,step1,1
0,42,partial_iv_anp,CALCE_CX2_33,0.5,287,287,287,ok,,0.08641362361183205,0.023180588123691392,5.417412230025464,0.2073170731707317,0.07592255870989056,288,128,984,step1,1
0,42,partial_iv_anp,CALCE_CX2_33,0.75,287,287,287,ok,,0.08601649880249158,0.02248801798768052,5.035650296299961,0.21239837398373984,0.0770952459057393,288,128,984,step1,1
0,42,partial_iv_anp,CALCE_CX2_33,1.0,287,287,287,ok,,0.08535624679357295,0.02140771658611773,4.482605789054646,0.21747967479674796,0.07887508392923605,288,128,984,step1,1
0,42,partial_iv_anp,CALCE_CX2_33,0.0,288,288,288,ok,,0.10910279908995417,0.013006689223907242,-1.2487494821999505,0.9908443540183113,0.36949981009236155,289,128,983,step1,1
0,42,partial_iv_anp,CALCE_CX2_33,0.25,288,288,288,ok,,0.08776838373981913,0.025362246375662867,6.915579820894766,0.1953204476093591,0.07209072701734091,289,128,983,step1,1
0,42,partial_iv_anp,CALCE_CX2_33,0.5,288,288,288,ok,,0.08648888926125801,0.0231602314566991,5.56344806776264,0.20651068158697863,0.07568481848528259,289,128,983,step1,1
0,42,partial_iv_anp,CALCE_CX2_33,0.75,288,288,288,ok,,0.08610615455686502,0.02249121497634743,5.188420392646101,0.20956256358087488,0.07681362646879135,289,128,983,step1,1
0,42,partial_iv_anp,CALCE_CX2_33,1.0,288,288,288,ok,,0.08546581454007793,0.021443349775692955,4.642303855491706,0.21871820956256358,0.0785305567669941,289,128,983,step1,1
0,42,partial_iv_anp,CALCE_CX2_33,0.0,289,289,289,ok,,0.10886390381173329,0.013631302715207516,-1.2489092502118166,0.9918533604887984,0.36934036179833285,290,128,982,step1,1
0,42,partial_iv_anp,CALCE_CX2_33,0.25,289,289,289,ok,,0.0881190511479116,0.025324326418165843,7.23882825419852,0.1945010183299389,0.07132629550646767,290,128,982,step1,1
0,42,partial_iv_anp,CALCE_CX2_33,0.5,289,289,289,ok,,0.08682592465797152,0.023101033862632625,5.832393744157822,0.20366598778004075,0.07492069209208958,290,128,982,step1,1
0,42,partial_iv_anp,CALCE_CX2_33,0.75,289,289,289,ok,,0.08643338374576542,0.022415822535491903,5.437241355514042,0.20672097759674135,0.07606552892812035,290,128,982,step1,1
0,42,partial_iv_anp,CALCE_CX2_33,1.0,289,289,289,ok,,0.08580234022971488,0.02138366651728163,4.883907343257388,0.2158859470468432,0.07774095630440483,290,128,982,step1,1
0,42,partial_iv_anp,CALCE_CX2_33,0.0,290,290,290,ok,,0.10880286272951199,0.014262050128028392,-1.2481674541944439,0.9887869520897044,0.3693998376042558,291,128,981,step10,10
0,42,partial_iv_anp,CALCE_CX2_33,0.0,290,290,290,ok,,0.10880286272951199,0.014262050128028392,-1.2481674541944439,0.9887869520897044,0.3693998376042558,291,128,981,step1,1
0,42,partial_iv_anp,CALCE_CX2_33,0.25,290,290,290,ok,,0.08821798947037002,0.024957400184737022,7.344178272377422,0.1926605504587156,0.07106288261774735,291,128,981,step10,10
0,42,partial_iv_anp,CALCE_CX2_33,0.25,290,290,290,ok,,0.08821798947037002,0.024957400184737022,7.344178272377422,0.1926605504587156,0.07106288261774735,291,128,981,step1,1
0,42,partial_iv_anp,CALCE_CX2_33,0.5,290,290,290,ok,,0.08695755002749156,0.02278753496732122,5.955297118184025,0.19877675840978593,0.0745608434943982,291,128,981,step10,10
0,42,partial_iv_anp,CALCE_CX2_33,0.5,290,290,290,ok,,0.08695755002749156,0.02278753496732122,5.955297118184025,0.19877675840978593,0.0745608434943982,291,128,981,step1,1
0,42,partial_iv_anp,CALCE_CX2_33,0.75,290,290,290,ok,,0.08657802266423004,0.02212342234778164,5.566768798040265,0.20489296636085627,0.07566702045593263,291,128,981,step10,10
0,42,partial_iv_anp,CALCE_CX2_33,0.75,290,290,290,ok,,0.08657802266423004,0.02212342234778164,5.566768798040265,0.20489296636085627,0.07566702045593263,291,128,981,step1,1
0,42,partial_iv_anp,CALCE_CX2_33,1.0,290,290,290,ok,,0.08596201472077575,0.021116885123747542,5.019107186615826,0.21202854230377166,0.0772913881214383,291,128,981,step10,10
0,42,partial_iv_anp,CALCE_CX2_33,1.0,290,290,290,ok,,0.08596201472077575,0.021116885123747542,5.019107186615826,0.21202854230377166,0.0772913881214383,291,128,981,step1,1
0,42,partial_iv_anp,CALCE_CX2_33,0.0,291,291,291,ok,,0.10867577243137533,0.014083359742255941,-1.2472368808557504,0.9887755102040816,0.3697354289000035,292,128,980,step1,1
0,42,partial_iv_anp,CALCE_CX2_33,0.25,291,291,291,ok,,0.0881530445760807,0.025153707618587817,7.307286616406937,0.19081632653061226,0.07132990470672196,292,128,980,step1,1
0,42,partial_iv_anp,CALCE_CX2_33,0.5,291,291,291,ok,,0.08687739756959757,0.02295494040242041,5.9083263347846975,0.2030612244897959,0.07487856422733452,292,128,980,step1,1
0,42,partial_iv_anp,CALCE_CX2_33,0.75,291,291,291,ok,,0.08649677041850652,0.02228828053019616,5.521025405548044,0.20510204081632652,0.07599029977311472,292,128,980,step1,1
0,42,partial_iv_anp,CALCE_CX2_33,1.0,291,291,291,ok,,0.08587302259653334,0.021266710077601392,4.969060900686543,0.21326530612244898,0.07764278644536292,292,128,980,step1,1
0,42,partial_iv_anp,CALCE_CX2_33,0.0,292,292,292,ok,,0.10846791214727618,0.014590838612441148,-1.2475239651680716,0.9897854954034729,0.36950989515837396,293,128,979,step1,1
0,42,partial_iv_anp,CALCE_CX2_33,0.25,292,292,292,ok,,0.08829038188246426,0.02487112116143786,7.382939179063943,0.1930541368743616,0.07107570987886248,293,128,979,step1,1
0,42,partial_iv_anp,CALCE_CX2_33,0.5,292,292,292,ok,,0.08703614514658485,0.022709854830052167,5.996989633721243,0.20122574055158324,0.07455183392483872,293,128,979,step1,1
0,42,partial_iv_anp,CALCE_CX2_33,0.75,292,292,292,ok,,0.08667903926828802,0.022083016593941407,5.628806623704338,0.20326864147088866,0.07559421681774726,293,128,979,step1,1
0,42,partial_iv_anp,CALCE_CX2_33,1.0,292,292,292,ok,,0.08607558097343357,0.02109590168347697,5.088877579979101,0.21041879468845762,0.0771815902719685,293,128,979,step1,1
0,42,partial_iv_anp,CALCE_CX2_33,0.0,293,293,293,ok,,0.10820682703354342,0.015351751152450022,-1.2478383135552096,0.9877300613496932,0.36943465626881383,294,128,978,step1,1
0,42,partial_iv_anp,CALCE_CX2_33,0.25,293,293,293,ok,,0.08880616970878212,0.02496985474734892,7.915444879448159,0.18813905930470348,0.06993438123914925,294,128,978,step1,1
0,42,partial_iv_anp,CALCE_CX2_33,0.5,293,293,293,ok,,0.08761053722927738,0.022908551841764435,6.5232151036651,0.1983640081799591,0.07320637085092471,294,128,978,step1,1
0,42,partial_iv_anp,CALCE_CX2_33,0.75,293,293,293,ok,,0.08725689183907505,0.02228848095487601,6.138502545764715,0.20040899795501022,0.07422157193165088,294,128,978,step1,1
0,42,partial_iv_anp,CALCE_CX2_33,1.0,293,293,293,ok,,0.0866438456366261,0.021286538016137335,5.56004800597409,0.20449897750511248,0.07580694248779178,294,128,978,step1,1
0,42,partial_iv_anp,CALCE_CX2_33,0.0,294,294,294,ok,,0.10769972392983354,0.014777195129908938,-1.2497366692942349,0.9877175025588536,0.3692441416540115,295,128,977,step1,1
0,42,partial_iv_anp,CALCE_CX2_33,0.25,294,294,294,ok,,0.08887471386117417,0.025492812483455918,7.809431605213828,0.19140225179119755,0.07023606804936292,295,128,977,step1,1
0,42,partial_iv_anp,CALCE_CX2_33,0.5,294,294,294,ok,,0.08756307197005386,0.023235544724869772,6.312653014710199,0.1985670419651996,0.07382470586386887,295,128,977,step1,1
0,42,partial_iv_anp,CALCE_CX2_33,0.75,294,294,294,ok,,0.08716396599645519,0.022538159482495046,5.891676236552859,0.2016376663254862,0.07496988536545739,295,128,977,step1,1
0,42,partial_iv_anp,CALCE_CX2_33,1.0,294,294,294,ok,,0.08651606821208052,0.021476144337555847,5.296600566716631,0.20573183213920163,0.07666445419908273,295,128,977,step1,1
0,42,partial_iv_anp,CALCE_CX2_33,0.0,295,295,295,ok,,0.1075321385747159,0.009367867770471272,-1.2497426771984799,0.9877049180327869,0.36909205234025827,296,128,976,step1,1
0,42,partial_iv_anp,CALCE_CX2_33,0.25,295,295,295,ok,,0.08726492227842213,0.02822714785031777,5.998646243824819,0.1987704918032787,0.07455715345592875,296,128,976,step1,1
0,42,partial_iv_anp,CALCE_CX2_33,0.5,295,295,295,ok,,0.08548980391602519,0.02517086745514674,4.351080410585045,0.21618852459016394,0.07965921677499047,296,128,976,step1,1
0,42,partial_iv_anp,CALCE_CX2_33,0.75,295,295,295,ok,,0.08479404077262469,0.023963439861212743,3.7837888791506327,0.22438524590163936,0.081758691662162,296,128,976,step1,1
0,42,partial_iv_anp,CALCE_CX2_33,1.0,295,295,295,ok,,0.08371759070894667,0.02216344567407924,3.0237168783164052,0.2336065573770492,0.08488942318747607,296,128,976,step1,1
0,42,partial_iv_anp,CALCE_CX2_33,0.0,296,296,296,ok,,0.10725250496311414,0.008575437570779276,-1.2500635914846092,0.9907692307692307,0.3688902858097038,297,128,975,step1,1
0,42,partial_iv_anp,CALCE_CX2_33,0.25,296,296,296,ok,,0.08638595088384121,0.027515223157194457,5.098099644463231,0.20717948717948717,0.07717619568775239,297,128,975,step1,1
0,42,partial_iv_anp,CALCE_CX2_33,0.5,296,296,296,ok,,0.08456722649458212,0.024371472412454742,3.575069398399967,0.2276923076923077,0.08257005211876206,297,128,975,step1,1
0,42,partial_iv_anp,CALCE_CX2_33,0.75,296,296,296,ok,,0.08392212430101549,0.02324485503424134,3.09956581467632,0.23282051282051283,0.08458834670898571,297,128,975,step1,1
0,42,partial_iv_anp,CALCE_CX2_33,1.0,296,296,296,ok,,0.08290629002728811,0.021540771389753854,2.4499819642996377,0.25025641025641027,0.08763545190058446,297,128,975,step1,1
0,42,partial_iv_anp,CALCE_CX2_33,0.0,297,297,297,ok,,0.10702597979710828,0.007069586085772461,-1.250030405856625,0.9897330595482546,0.36870790739774606,298,128,974,step1,1
0,42,partial_iv_anp,CALCE_CX2_33,0.25,297,297,297,ok,,0.08637913560303424,0.029031823516003086,5.0535480815075955,0.20841889117043122,0.07731273780713492,298,128,974,step1,1
0,42,partial_iv_anp,CALCE_CX2_33,0.5,297,297,297,ok,,0.08453818447466321,0.025848609348105733,3.5233274843504456,0.2299794661190965,0.08277448860584627,298,128,974,step1,1
0,42,partial_iv_anp,CALCE_CX2_33,0.75,297,297,297,ok,,0.08385786222105812,0.02466106346076935,3.0276264923709726,0.2351129363449692,0.08490278608764382,298,128,974,step1,1
0,42,partial_iv_anp,CALCE_CX2_33,1.0,297,297,297,ok,,0.0827697223555979,0.022832108696948628,2.341977393369529,0.26078028747433263,0.08818480690065923,298,128,974,step1,1
0,42,partial_iv_anp,CALCE_CX2_33,0.0,298,298,298,ok,,0.10687052052627521,0.006399789683969259,-1.2494398690851964,0.9886947584789312,0.3687932386558362,299,128,973,step1,1
0,42,partial_iv_anp,CALCE_CX2_33,0.25,298,298,298,ok,,0.0860078381109511,0.02913885706856023,4.707539713953125,0.2117163412127441,0.0784667184672928,299,128,973,step1,1
0,42,partial_iv_anp,CALCE_CX2_33,0.5,298,298,298,ok,,0.08403879306388913,0.025727506690028434,3.149407927155937,0.2343268242548818,0.08439493122386825,299,128,973,step1,1
0,42,partial_iv_anp,CALCE_CX2_33,0.75,298,298,298,ok,,0.08329824090423728,0.024431853623673838,2.641500813214174,0.25077081192189105,0.086754820582537,299,128,973,step1,1
0,42,partial_iv_anp,CALCE_CX2_33,1.0,298,298,298,ok,,0.08212666975549922,0.022453031292539505,1.950481776050018,0.26618705035971224,0.09038245798156491,299,128,973,step1,1
0,42,partial_iv_anp,CALCE_CX2_33,0.0,299,299,299,ok,,0.10642260614384479,0.01316867502984842,-1.2509242327544117,0.9886831275720165,0.3682933582742388,300,128,972,step1,1
0,42,partial_iv_anp,CALCE_CX2_33,0.25,299,299,299,ok,,0.08847860650529471,0.02639727762181332,6.97347982475774,0.19753086419753085,0.0720479937382959,300,128,972,step1,1
0,42,partial_iv_anp,CALCE_CX2_33,0.5,299,299,299,ok,,0.08714310798581781,0.02408851417693647,5.569327445523599,0.205761316872428,0.07576800357987036,300,128,972,step1,1
0,42,partial_iv_anp,CALCE_CX2_33,0.75,299,299,299,ok,,0.08679463515108261,0.023473504068726614,5.227779202803812,0.2088477366255144,0.07679535217744038,300,128,972,step1,1
0,42,partial_iv_anp,CALCE_CX2_33,1.0,299,299,299,ok,,0.0861212575147087,0.02236394636065242,4.655160700116562,0.2109053497942387,0.07859068552677884,300,128,972,step1,1
0,42,partial_iv_anp,CALCE_CX2_33,0.0,300,300,300,ok,,0.10636210155788083,0.01283189868549417,-1.2500039581744118,0.9897013388259527,0.3682270246652483,301,128,971,step10,10
0,42,partial_iv_anp,CALCE_CX2_33,0.0,300,300,300,ok,,0.10636210155788083,0.01283189868549417,-1.2500039581744118,0.9897013388259527,0.3682270246652483,301,128,971,step1,1
0,42,partial_iv_anp,CALCE_CX2_33,0.25,300,300,300,ok,,0.08903458952620187,0.027801992228011496,7.62433850529908,0.19258496395468588,0.07053999385095362,301,128,971,step10,10
0,42,partial_iv_anp,CALCE_CX2_33,0.25,300,300,300,ok,,0.08903458952620187,0.027801992228011496,7.62433850529908,0.19258496395468588,0.07053999385095362,301,128,971,step1,1
0,42,partial_iv_anp,CALCE_CX2_33,0.5,300,300,300,ok,,0.08771999385372051,0.02553330638707818,6.154676399042082,0.20185375901132852,0.07413238608860918,301,128,971,step10,10
0,42,partial_iv_anp,CALCE_CX2_33,0.5,300,300,300,ok,,0.08771999385372051,0.02553330638707818,6.154676399042082,0.20185375901132852,0.07413238608860918,301,128,971,step1,1
0,42,partial_iv_anp,CALCE_CX2_33,0.75,300,300,300,ok,,0.08734328634101698,0.024870636559860437,5.762988673911739,0.20494335736354274,0.07521868193868847,301,128,971,step10,10
0,42,partial_iv_anp,CALCE_CX2_33,0.75,300,300,300,ok,,0.08734328634101698,0.024870636559860437,5.762988673911739,0.20494335736354274,0.07521868193868847,301,128,971,step1,1
0,42,partial_iv_anp,CALCE_CX2_33,1.0,300,300,300,ok,,0.08667332113745606,0.023767511774245076,5.157994761842703,0.2090628218331617,0.07697275995434873,301,128,971,step10,10
0,42,partial_iv_anp,CALCE_CX2_33,1.0,300,300,300,ok,,0.08667332113745606,0.023767511774245076,5.157994761842703,0.2090628218331617,0.07697275995434873,301,128,971,step1,1
0,42,partial_iv_anp,CALCE_CX2_33,0.0,301,301,301,ok,,0.10627742916918201,0.0068765061998778965,-1.249102876237348,0.988659793814433,0.36833891108433303,302,128,970,step1,1
0,42,partial_iv_anp,CALCE_CX2_33,0.25,301,301,301,ok,,0.08676346810778529,0.030053021107413036,5.284799017317411,0.20618556701030927,0.07661310105260423,302,128,970,step1,1
0,42,partial_iv_anp,CALCE_CX2_33,0.5,301,301,301,ok,,0.08480174210596847,0.026654776920846834,3.62323672312431,0.2309278350515464,0.08238070333630612,302,128,970,step1,1
0,42,partial_iv_anp,CALCE_CX2_33,0.75,301,301,301,ok,,0.08399093591150036,0.02523868584237443,3.030502326962046,0.24123711340206186,0.08489670942974603,302,128,970,step1,1
0,42,partial_iv_anp,CALCE_CX2_33,1.0,301,301,301,ok,,0.08273885441731009,0.023120132057012244,2.2462983481185823,0.2597938144329897,0.08869482323913228,302,128,970,step1,1
0,42,partial_iv_anp,CALCE_CX2_33,0.0,302,302,302,ok,,0.10632290649948484,0.00670530064874908,-1.2471249840236103,0.9896800825593395,0.3685834605330281,303,128,969,step1,1
0,42,partial_iv_anp,CALCE_CX2_33,0.25,302,302,302,ok,,0.08634878736041895,0.029740385330343955,4.969994556803578,0.21155830753353974,0.07763596502151185,303,128,969,step1,1
0,42,partial_iv_anp,CALCE_CX2_33,0.5,302,302,302,ok,,0.08443656140938614,0.026416134307784667,3.40222528713781,0.23323013415892674,0.08333170124898498,303,128,969,step1,1
0,42,partial_iv_anp,CALCE_CX2_33,0.75,302,302,302,ok,,0.08375862531698593,0.025224722986687764,2.916482675277309,0.24251805985552116,0.08546631164190195,303,128,969,step1,1
0,42,partial_iv_anp,CALCE_CX2_33,1.0,302,302,302,ok,,0.08260564985989935,0.023271436020547487,2.203951421527965,0.26006191950464397,0.08897703601740656,303,128,969,step1,1
0,42,partial_iv_anp,CALCE_CX2_33,0.0,303,303,303,ok,,0.10595836904004165,0.007299513906687927,-1.2479919630663272,0.9907024793388429,0.3682655282316047,304,128,968,step1,1
0,42,partial_iv_anp,CALCE_CX2_33,0.25,303,303,303,ok,,0.08653513638913336,0.02938750216440089,5.045737323199627,0.2128099173553719,0.07739953163843376,304,128,968,step1,1
0,42,partial_iv_anp,CALCE_CX2_33,0.5,303,303,303,ok,,0.084519090940788,0.02588459731157755,3.390110790822087,0.2334710743801653,0.0833828537923091,304,128,968,step1,1
0,42,partial_iv_anp,CALCE_CX2_33,0.75,303,303,303,ok,,0.08378199829100665,0.024589821494195974,2.865857805970345,0.2396694214876033,0.08570065395489039,304,128,968,step1,1
0,42,partial_iv_anp,CALCE_CX2_33,1.0,303,303,303,ok,,0.08261549384067288,0.02261098851252774,2.1517570487981756,0.25516528925619836,0.08926152517582517,304,128,968,step1,1
0,42,partial_iv_anp,CALCE_CX2_33,0.0,304,304,304,ok,,0.10554407862861694,0.014707128778547296,-1.2494087387090824,0.9906928645294726,0.36779097724096027,305,128,967,step1,1
0,42,partial_iv_anp,CALCE_CX2_33,0.25,304,304,304,ok,,0.08942579773436961,0.026739776673406657,7.900273592257898,0.19441571871768357,0.06996874904792545,305,128,967,step1,1
0,42,partial_iv_anp,CALCE_CX2_33,0.5,304,304,304,ok,,0.0880880305001824,0.024427821618546175,6.372145169277215,0.19958634953464321,0.07359139408443047,305,128,967,step1,1
0,42,partial_iv_anp,CALCE_CX2_33,0.75,304,304,304,ok,,0.08772242511467761,0.023782720912004285,5.983282943989507,0.20372285418821096,0.07463837652325103,305,128,967,step1,1
0,42,partial_iv_anp,CALCE_CX2_33,1.0,304,304,304,ok,,0.08703648147902597,0.02265050809831226,5.350385200678222,0.20682523267838676,0.07641927633178527,305,128,967,step1,1
0,42,partial_iv_anp,CALCE_CX2_33,0.0,305,305,305,ok,,0.10540924463358457,0.01274578338567589,-1.2491466626087233,0.989648033126294,0.367604911175513,306,128,966,step1,1
0,42,partial_iv_anp,CALCE_CX2_33,0.25,305,305,305,ok,,0.08993668794071062,0.029623730598273057,8.486688916797943,0.18840579710144928,0.0687004464983376,306,128,966,step1,1
0,42,partial_iv_anp,CALCE_CX2_33,0.5,305,305,305,ok,,0.08865526371878868,0.02741170985775454,6.94198092253145,0.19358178053830227,0.07211689271516884,306,128,966,step1,1
0,42,partial_iv_anp,CALCE_CX2_33,0.75,305,305,305,ok,,0.08827478276671699,0.026743447790218533,6.515783237177567,0.1956521739130435,0.07318232217316757,306,128,966,step1,1
0,42,partial_iv_anp,CALCE_CX2_33,1.0,305,305,305,ok,,0.08714743034583045,0.02486842911238174,5.430370115393474,0.20600414078674947,0.0761191525592157,306,128,966,step1,1
0,42,partial_iv_anp,CALCE_CX2_33,0.0,306,306,306,ok,,0.10526726563280864,0.010100497839575784,-1.2483079866338345,0.9906735751295337,0.36798463454473024,307,128,965,step1,1
0,42,partial_iv_anp,CALCE_CX2_33,0.25,306,306,306,ok,,0.08219190211635827,0.019153395261213957,1.8420549576099052,0.26424870466321243,0.0910611523119349,307,128,965,step1,1
0,42,partial_iv_anp,CALCE_CX2_33,0.5,306,306,306,ok,,0.07991025883463652,0.015113856868911202,0.7158124194352447,0.32124352331606215,0.09904848048919333,307,128,965,step1,1
0,42,partial_iv_anp,CALCE_CX2_33,0.75,306,306,306,ok,,0.07915345020131409,0.013768203096203635,0.4046341176771504,0.33471502590673574,0.10187665898048548,307,128,965,step1,1
0,42,partial_iv_anp,CALCE_CX2_33,1.0,306,306,306,ok,,0.07771256495120267,0.011318951299158497,-0.08846536221851124,0.3844559585492228,0.1071320924794405,307,128,965,step1,1
0,42,partial_iv_anp,CALCE_CX2_33,0.0,307,307,307,ok,,0.10527822557846479,0.005520793270207047,-1.2469141323260005,0.9896265560165975,0.3680920405538943,308,128,964,step1,1
0,42,partial_iv_anp,CALCE_CX2_33,0.25,307,307,307,ok,,0.08106536548325138,0.021939109704411375,1.2730133869119062,0.29045643153526973,0.0946850609951471,308,128,964,step1,1
0,42,partial_iv_anp,CALCE_CX2_33,0.5,307,307,307,ok,,0.07846747092166596,0.017346950966269703,0.17084380158192528,0.35684647302904565,0.10417027484594449,308,128,964,step1,1
0,42,partial_iv_anp,CALCE_CX2_33,0.75,307,307,307,ok,,0.07741966489358966,0.015508954964245536,-0.17957732838567428,0.4004149377593361,0.10826952517026327,308,128,964,step1,1
0,42,partial_iv_anp,CALCE_CX2_33,1.0,307,307,307,ok,,0.07577707710139593,0.012784277876136563,-0.6177051651356464,0.45020746887966806,0.11458219515061578,308,128,964,step1,1
0,42,partial_iv_anp,CALCE_CX2_33,0.0,308,308,308,ok,,0.10516233340377999,0.004303688456037125,-1.2464960100949,0.9906542056074766,0.367755875894157,309,128,963,step1,1
0,42,partial_iv_anp,CALCE_CX2_33,0.25,308,308,308,ok,,0.08060080455881863,0.022403554425480032,1.0378557800648245,0.3032191069574247,0.09623218275637117,309,128,963,step1,1
0,42,partial_iv_anp,CALCE_CX2_33,0.5,308,308,308,ok,,0.07800007981835998,0.017809010677787285,0.0005550789272362035,0.37694704049844235,0.10588154654112968,309,128,963,step1,1
0,42,partial_iv_anp,CALCE_CX2_33,0.75,308,308,308,ok,,0.0769963526341083,0.016055795410510942,-0.31397521626508984,0.4184839044652129,0.10986236171585888,309,128,963,step1,1
0,42,partial_iv_anp,CALCE_CX2_33,1.0,308,308,308,ok,,0.07529004366275051,0.01325512498813397,-0.7372546335371034,0.4797507788161994,0.11647211377575804,309,128,963,step1,1
0,42,partial_iv_anp,CALCE_CX2_33,0.0,309,309,309,ok,,0.10489217549105129,0.0026430597630368036,-1.246360291440478,0.9896049896049897,0.3678598080945167,310,128,962,step1,1
0,42,partial_iv_anp,CALCE_CX2_33,0.25,309,309,309,ok,,0.0807219039833297,0.024289468891233512,1.0778614402351165,0.2972972972972973,0.0960858531714909,310,128,962,step1,1
0,42,partial_iv_anp,CALCE_CX2_33,0.5,309,309,309,ok,,0.0780861308884396,0.019619713558458485,0.017084457140030283,0.3794178794178794,0.10586137737260855,310,128,962,step1,1
0,42,partial_iv_anp,CALCE_CX2_33,0.75,309,309,309,ok,,0.07702988864358393,0.017769028865395553,-0.3150569284550363,0.41683991683991684,0.1100558958769927,310,128,962,step1,1
0,42,partial_iv_anp,CALCE_CX2_33,1.0,309,309,309,ok,,0.07526788070481612,0.014868828138928425,-0.7504673452604748,0.48336798336798337,0.11690742608148956,310,128,962,step1,1
0,42,partial_iv_anp,CALCE_CX2_33,0.0,310,310,310,ok,,0.10391150430663999,0.000880914536549704,-1.2514588361573695,0.9885535900104059,0.3669749938415607,311,128,961,step10,10
0,42,partial_iv_anp,CALCE_CX2_33,0.0,310,310,310,ok,,0.10391150430663999,0.000880914536549704,-1.2514588361573695,0.9885535900104059,0.3669749938415607,311,128,961,step1,1
0,42,partial_iv_anp,CALCE_CX2_33,0.25,310,310,310,ok,,0.08121924171233114,0.026376956330937507,1.1501532560472418,0.28303850156087407,0.09553166692368084,311,128,961,step10,10
0,42,partial_iv_anp,CALCE_CX2_33,0.25,310,310,310,ok,,0.08121924171233114,0.026376956330937507,1.1501532560472418,0.28303850156087407,0.09553166692368084,311,128,961,step1,1
0,42,partial_iv_anp,CALCE_CX2_33,0.5,310,310,310,ok,,0.07846442193511195,0.021500773415701335,0.03289210502860735,0.3756503642039542,0.10567705350904408,311,128,961,step10,10
0,42,partial_iv_anp,CALCE_CX2_33,0.5,310,310,310,ok,,0.07846442193511195,0.021500773415701335,0.03289210502860735,0.3756503642039542,0.10567705350904408,311,128,961,step1,1
0,42,partial_iv_anp,CALCE_CX2_33,0.75,310,310,310,ok,,0.07729425446202297,0.019455879432636825,-0.33226614683868294,0.4172736732570239,0.11030195848575104,311,128,961,step10,10
0,42,partial_iv_anp,CALCE_CX2_33,0.75,310,310,310,ok,,0.07729425446202297,0.019455879432636825,-0.33226614683868294,0.4172736732570239,0.11030195848575104,311,128,961,step1,1
0,42,partial_iv_anp,CALCE_CX2_33,1.0,310,310,310,ok,,0.0753276014010898,0.016240611417997375,-0.8038693123186033,0.4984391259105099,0.11793698979255153,311,128,961,step10,10
0,42,partial_iv_anp,CALCE_CX2_33,1.0,310,310,310,ok,,0.0753276014010898,0.016240611417997375,-0.8038693123186033,0.4984391259105099,0.11793698979255153,311,128,961,step1,1
0,42,partial_iv_anp,CALCE_CX2_33,0.0,311,311,311,ok,,0.10390470971073859,0.0004823600666519212,-1.25039560120542,0.9875,0.36680577999034214,312,128,960,step1,1
0,42,partial_iv_anp,CALCE_CX2_33,0.25,311,311,311,ok,,0.08052087003499424,0.02664564894174193,0.8347544790141831,0.30520833333333336,0.0977756010518457,312,128,960,step1,1
0,42,partial_iv_anp,CALCE_CX2_33,0.5,311,311,311,ok,,0.0778551466086202,0.021933566257251402,-0.161576028011214,0.3927083333333333,0.1078098633774361,312,128,960,step1,1
0,42,partial_iv_anp,CALCE_CX2_33,0.75,311,311,311,ok,,0.07675744241057521,0.020027660676167902,-0.4780144691611425,0.4427083333333333,0.11221896973842169,312,128,960,step1,1
0,42,partial_iv_anp,CALCE_CX2_33,1.0,311,311,311,ok,,0.07473505413454104,0.016771680640783382,-0.922707445947784,0.5302083333333333,0.12013127598987375,312,128,960,step1,1
0,42,partial_iv_anp,CALCE_CX2_33,0.0,312,312,312,ok,,0.10357251376268234,0.002665551331380245,-1.2511002318391593,0.9874869655891554,0.3664684570060026,313,128,959,step1,1
0,42,partial_iv_anp,CALCE_CX2_33,0.25,312,312,312,ok,,0.07908579048202356,0.020924768080150646,0.23382915876681315,0.3409801876955162,0.1032403642586213,313,128,959,step1,1
0,42,partial_iv_anp,CALCE_CX2_33,0.5,312,312,312,ok,,0.07643289006609531,0.016293434903338122,-0.5762848255099804,0.45255474452554745,0.11372629626728044,313,128,959,step1,1
0,42,partial_iv_anp,CALCE_CX2_33,0.75,312,312,312,ok,,0.07637170719710588,0.01615853737141748,-0.5958413196666764,0.4556830031282586,0.11407848308751803,313,128,959,step1,1
0,42,partial_iv_anp,CALCE_CX2_33,1.0,312,312,312,ok,,0.07562445909483444,0.014962267631785542,-0.7611387102191501,0.4921793534932221,0.11692409206112324,313,128,959,step1,1
0,42,partial_iv_anp,CALCE_CX2_33,0.0,313,313,313,ok,,0.10381877037210391,0.0019845503564100975,-1.2473564046835903,0.988517745302714,0.3670686462670648,314,128,958,step1,1
0,42,partial_iv_anp,CALCE_CX2_33,0.25,313,313,313,ok,,0.08472671805513514,0.03189354503374686,3.2625208233201155,0.22755741127348644,0.08382645327264902,314,128,958,step1,1
0,42,partial_iv_anp,CALCE_CX2_33,0.5,313,313,313,ok,,0.081270911943208,0.025783765452816576,1.2061238780332741,0.28914405010438415,0.09509126940198394,314,128,958,step1,1
0,42,partial_iv_anp,CALCE_CX2_33,0.75,313,313,313,ok,,0.07955680869580146,0.022730076687555112,0.45328348865215773,0.3267223382045929,0.10126403905438437,314,128,958,step1,1
0,42,partial_iv_anp,CALCE_CX2_33,1.0,313,313,313,ok,,0.07718394108341556,0.018658944551573797,-0.3263581946386951,0.4144050104384134,0.1100215704390563,314,128,958,step1,1
0,42,partial_iv_anp,CALCE_CX2_33,0.0,314,314,314,ok,,0.10367587945308668,0.003919271493344256,-1.247224581854983,0.9885057471264368,0.366667356640709,315,128,957,step1,1
0,42,partial_iv_anp,CALCE_CX2_33,0.25,314,314,314,ok,,0.07938186002441831,0.028439973261543017,0.38333669001353393,0.329153605015674,0.10165806261965385,315,128,957,step1,1
0,42,partial_iv_anp,CALCE_CX2_33,0.5,314,314,314,ok,,0.07669338608328805,0.023698249431250096,-0.48510538045895574,0.43573667711598746,0.11217391001176764,315,128,957,step1,1
0,42,partial_iv_anp,CALCE_CX2_33,0.75,314,314,314,ok,,0.0756875449640678,0.021972150423212877,-0.7330847359512765,0.4890282131661442,0.11634815987242017,315,128,957,step1,1
0,42,partial_iv_anp,CALCE_CX2_33,1.0,314,314,314,ok,,0.07356045343041831,0.01865542577792345,-1.1250732121418858,0.5924764890282131,0.12479062620575518,315,128,957,step1,1
0,42,partial_iv_anp,CALCE_CX2_33,0.0,315,315,315,ok,,0.10384612352567345,0.004824041398226675,-1.244410410277522,0.9884937238493724,0.36705744714293986,316,128,956,step1,1
0,42,partial_iv_anp,CALCE_CX2_33,0.25,315,315,315,ok,,0.07941860583982492,0.02972153704372671,0.4397627365964101,0.3305439330543933,0.1011551533781118,316,128,956,step1,1
0,42,partial_iv_anp,CALCE_CX2_33,0.5,315,315,315,ok,,0.07668084598949451,0.024867484872824308,-0.462082559826672,0.4330543933054393,0.1118533469301094,316,128,956,step1,1
0,42,partial_iv_anp,CALCE_CX2_33,0.75,315,315,315,ok,,0.07560822764188133,0.023018256462760456,-0.7293283198370516,0.4895397489539749,0.11630418928998103,316,128,956,step1,1
0,42,partial_iv_anp,CALCE_CX2_33,1.0,315,315,315,ok,,0.07323860692861066,0.019323670756675737,-1.1602533706950253,0.6108786610878661,0.12573575436724713,316,128,956,step1,1
0,42,partial_iv_anp,CALCE_CX2_33,0.0,316,316,316,ok,,0.10328521343523138,0.008357292323923016,-1.2469884028315243,0.9884816753926702,0.3664096829050001,317,128,955,step1,1
0,42,partial_iv_anp,CALCE_CX2_33,0.25,316,316,316,ok,,0.07816130023264237,0.030797184733750926,-0.06857195796663455,0.36963350785340315,0.10644397824546707,317,128,955,step1,1
0,42,partial_iv_anp,CALCE_CX2_33,0.5,316,316,316,ok,,0.07521550536109654,0.025703668444386762,-0.8462443378665537,0.5151832460732985,0.11841947270026207,317,128,955,step1,1
0,42,partial_iv_anp,CALCE_CX2_33,0.75,316,316,316,ok,,0.07403798134047934,0.02377937329650115,-1.069426063877614,0.5801047120418849,0.12344283853603268,317,128,955,step1,1
0,42,partial_iv_anp,CALCE_CX2_33,1.0,316,316,316,ok,,0.07128029846033573,0.019873411059883828,-1.4271885486528761,0.7235602094240837,0.1344929398222675,317,128,955,step1,1
0,42,partial_iv_anp,CALCE_CX2_33,0.0,317,317,317,ok,,0.10347623702515395,0.009047386081538544,-1.2443968821762057,0.9874213836477987,0.36653225558583913,318,128,954,step1,1
0,42,partial_iv_anp,CALCE_CX2_33,0.25,317,317,317,ok,,0.07756544544001523,0.030738392947469717,-0.22698845118594566,0.40146750524109015,0.10826083716673163,318,128,954,step1,1
0,42,partial_iv_anp,CALCE_CX2_33,0.5,317,317,317,ok,,0.07459765910949955,0.02565093929700435,-0.9530698525281491,0.539832285115304,0.1204779468535619,318,128,954,step1,1
0,42,partial_iv_anp,CALCE_CX2_33,0.75,317,317,317,ok,,0.07340054200992423,0.023729091286784354,-1.1604907049887159,0.6027253668763103,0.12562790850126795,318,128,954,step1,1
0,42,partial_iv_anp,CALCE_CX2_33,1.0,317,317,317,ok,,0.07060903003317441,0.019889385311351093,-1.4871760038899622,0.7568134171907757,0.13681522112089148,318,128,954,step1,1
0,42,partial_iv_anp,CALCE_CX2_33,0.0,318,318,318,ok,,0.10357995951223756,0.004586497595527983,-1.2418671930100533,0.9863588667366212,0.36710196185435956,319,128,953,step1,1
0,42,partial_iv_anp,CALCE_CX2_33,0.25,318,318,318,ok,,0.08100321934964026,0.03265629487191979,1.1322546570827101,0.2938090241343127,0.09536554465517712,319,128,953,step1,1
0,42,partial_iv_anp,CALCE_CX2_33,0.5,318,318,318,ok,,0.07854376690696353,0.028213309286283406,0.11064447176322392,0.36096537250786986,0.1044540518210914,319,128,953,step1,1
0,42,partial_iv_anp,CALCE_CX2_33,0.75,318,318,318,ok,,0.07767448909742407,0.026647413833664868,-0.1797553913093723,0.39769150052465896,0.10789178397888237,319,128,953,step1,1
0,42,partial_iv_anp,CALCE_CX2_33,1.0,318,318,318,ok,,0.07562026216886387,0.0231833834294759,-0.71303990048393,0.4826862539349423,0.11578536730779736,319,128,953,step1,1
0,42,partial_iv_anp,CALCE_CX2_33,0.0,319,319,319,ok,,0.10265172645337359,0.002811883891026823,-1.246856418058654,0.9873949579831933,0.3662726857125101,320,128,952,step1,1
0,42,partial_iv_anp,CALCE_CX2_33,0.25,319,319,319,ok,,0.08292051871528526,0.033746445792603,1.956707050300854,0.2605042016806723,0.08999946053084283,320,128,952,step1,1
0,42,partial_iv_anp,CALCE_CX2_33,0.5,319,319,319,ok,,0.0801998037985775,0.02885170787227287,0.6163770818643386,0.31407563025210083,0.09947033710842054,320,128,952,step1,1
0,42,partial_iv_anp,CALCE_CX2_33,0.75,319,319,319,ok,,0.07914982235424432,0.026953492331662443,0.20575971797662876,0.3476890756302521,0.10342180678031257,320,128,952,step1,1
0,42,partial_iv_anp,CALCE_CX2_33,1.0,319,319,319,ok,,0.07702802526400006,0.023309055374352128,-0.4397566108918231,0.42436974789915966,0.11132230387977705,320,128,952,step1,1
0,42,partial_iv_anp,CALCE_CX2_33,0.0,320,320,320,ok,,0.10242047548985361,0.0023598116072567343,-1.247393070832448,0.9894847528916929,0.36575707361829085,321,128,951,step10,10
0,42,partial_iv_anp,CALCE_CX2_33,0.0,320,320,320,ok,,0.10242047548985361,0.0023598116072567343,-1.247393070832448,0.9894847528916929,0.36575707361829085,321,128,951,step1,1
0,42,partial_iv_anp,CALCE_CX2_33,0.25,320,320,320,ok,,0.08309952177948593,0.03356268282319852,2.005665644746768,0.259726603575184,0.08950407886070333,321,128,951,step10,10
0,42,partial_iv_anp,CALCE_CX2_33,0.25,320,320,320,ok,,0.08309952177948593,0.03356268282319852,2.005665644746768,0.259726603575184,0.08950407886070333,321,128,951,step1,1
0,42,partial_iv_anp,CALCE_CX2_33,0.5,320,320,320,ok,,0.08037043784263924,0.0286555128896967,0.6495567946514043,0.31545741324921134,0.09894508891239369,321,128,951,step10,10
0,42,partial_iv_anp,CALCE_CX2_33,0.5,320,320,320,ok,,0.08037043784263924,0.0286555128896967,0.6495567946514043,0.31545741324921134,0.09894508891239369,321,128,951,step1,1
0,42,partial_iv_anp,CALCE_CX2_33,0.75,320,320,320,ok,,0.07929786121981398,0.026716963777311586,0.22695604095706073,0.34069400630914826,0.1029576881898875,321,128,951,step10,10
0,42,partial_iv_anp,CALCE_CX2_33,0.75,320,320,320,ok,,0.07929786121981398,0.026716963777311586,0.22695604095706073,0.34069400630914826,0.1029576881898875,321,128,951,step1,1
0,42,partial_iv_anp,CALCE_CX2_33,1.0,320,320,320,ok,,0.07717457523229615,0.023067247705378602,-0.4236632330554605,0.4206098843322818,0.11082687546980387,321,128,951,step10,10
0,42,partial_iv_anp,CALCE_CX2_33,1.0,320,320,320,ok,,0.07717457523229615,0.023067247705378602,-0.4236632330554605,0.4206098843322818,0.11082687546980387,321,128,951,step1,1
0,42,partial_iv_anp,CALCE_CX2_33,0.0,321,321,321,ok,,0.10237286802305802,0.001595503173020596,-1.2458496491023703,0.9873684210526316,0.3658544063278713,322,128,950,step1,1
0,42,partial_iv_anp,CALCE_CX2_33,0.25,321,321,321,ok,,0.08350783681377753,0.033715844038364806,2.273679984597136,0.2463157894736842,0.08810463670431526,322,128,950,step1,1
0,42,partial_iv_anp,CALCE_CX2_33,0.5,321,321,321,ok,,0.08087758009813852,0.028977801742613107,0.8857154393004255,0.29789473684210527,0.09705354592049342,322,128,950,step1,1
0,42,partial_iv_anp,CALCE_CX2_33,0.75,321,321,321,ok,,0.07986661830821837,0.027141527221879902,0.4562418489935384,0.32421052631578945,0.10076679548526682,322,128,950,step1,1
0,42,partial_iv_anp,CALCE_CX2_33,1.0,321,321,321,ok,,0.07783340828918688,0.023607432635629477,-0.22622213280099543,0.391578947368421,0.10817223332813183,322,128,950,step1,1
0,42,partial_iv_anp,CALCE_CX2_33,0.0,322,322,322,ok,,0.10218953455542312,0.000840742505046288,-1.2452750475043464,0.9894625922023182,0.3659090442057707,323,128,949,step1,1
0,42,partial_iv_anp,CALCE_CX2_33,0.25,322,322,322,ok,,0.08396105430548331,0.03385686249752573,2.552465196753344,0.24446786090621708,0.08676799161764946,323,128,949,step1,1
0,42,partial_iv_anp,CALCE_CX2_33,0.5,322,322,322,ok,,0.0813746377617377,0.029195722736617635,1.1113941199500008,0.2876712328767123,0.09542403408247034,323,128,949,step1,1
0,42,partial_iv_anp,CALCE_CX2_33,0.75,322,322,322,ok,,0.08038184528917103,0.02738688115099719,0.662239724556023,0.31822971548998946,0.09901253077143053,323,128,949,step1,1
0,42,partial_iv_anp,CALCE_CX2_33,1.0,322,322,322,ok,,0.07840989279235433,0.02393313880751058,-0.04966517644196551,0.37302423603793466,0.10608789798545155,323,128,949,step1,1
0,42,partial_iv_anp,CALCE_CX2_33,0.0,323,323,323,ok,,0.10178101167362653,9.120561154540852e-06,-1.2469085036627885,0.9841772151898734,0.36544985090219606,324,128,948,step1,1
0,42,partial_iv_anp,CALCE_CX2_33,0.25,323,323,323,ok,,0.08430821626724916,0.03344711570274539,2.6758603065147684,0.23945147679324894,0.08603534415218261,324,128,948,step1,1
0,42,partial_iv_anp,CALCE_CX2_33,0.5,323,323,323,ok,,0.08176086432904243,0.02885987467111062,1.2235569213616941,0.2848101265822785,0.09448054504467192,324,128,948,step1,1
0,42,partial_iv_anp,CALCE_CX2_33,0.75,323,323,323,ok,,0.08084681892101887,0.027193125053041056,0.7961889772446251,0.3027426160337553,0.09775060191927704,324,128,948,step1,1
0,42,partial_iv_anp,CALCE_CX2_33,1.0,323,323,323,ok,,0.07895259016460777,0.023871552639750715,0.08198224549155389,0.3575949367088608,0.10444641045629662,324,128,948,step1,1
0,42,partial_iv_anp,CALCE_CX2_33,0.0,324,324,324,ok,,0.10187099768207031,0.00026588607973543343,-1.2448238216032559,0.9873284054910243,0.36549217666365535,325,128,947,step1,1
0,42,partial_iv_anp,CALCE_CX2_33,0.25,324,324,324,ok,,0.08444085427856048,0.033688993624338526,2.81668324284908,0.23970432946145723,0.08532227312919816,325,128,947,step1,1
0,42,partial_iv_anp,CALCE_CX2_33,0.5,324,324,324,ok,,0.08188273138048394,0.029080766425744087,1.3222516113523595,0.28616684266103487,0.09373387632965195,325,128,947,step1,1
0,42,partial_iv_anp,CALCE_CX2_33,0.75,324,324,324,ok,,0.0809056452571268,0.027297974270886205,0.8558345238283824,0.29989440337909185,0.09720246322394532,325,128,947,step1,1
0,42,partial_iv_anp,CALCE_CX2_33,1.0,324,324,324,ok,,0.07898802886896795,0.023924154243613382,0.1194916520177243,0.35374868004223864,0.10396013268860237,325,128,947,step1,1
0,42,partial_iv_anp,CALCE_CX2_33,0.0,325,325,325,ok,,0.10158737864242535,9.435204631813576e-06,-1.2451791858078887,0.9862579281183932,0.3652743642776361,326,128,946,step1,1
0,42,partial_iv_anp,CALCE_CX2_33,0.25,325,325,325,ok,,0.08444160981786884,0.03392657281847333,2.7706387143333724,0.23678646934460887,0.08552001527550825,326,128,946,step1,1
0,42,partial_iv_anp,CALCE_CX2_33,0.5,325,325,325,ok,,0.08187972145565013,0.029302518926544785,1.2859342833696152,0.2843551797040169,0.09396830504728505,326,128,946,step1,1
0,42,partial_iv_anp,CALCE_CX2_33,0.75,325,325,325,ok,,0.08090477799260042,0.027520931702085583,0.8247450408762566,0.3054968287526427,0.09743754131959398,326,128,946,step1,1
0,42,partial_iv_anp,CALCE_CX2_33,1.0,325,325,325,ok,,0.07895420235671281,0.02408454653365122,0.08419858481259906,0.3572938689217759,0.10433132697848532,326,128,946,step1,1
0,42,partial_iv_anp,CALCE_CX2_33,0.0,326,326,326,ok,,0.10105968373894057,0.00023792526897248312,-1.2472978288578107,0.9883597883597883,0.3648770423344912,327,128,945,step1,1
0,42,partial_iv_anp,CALCE_CX2_33,0.25,326,326,326,ok,,0.08444378566209937,0.03395478826213827,2.6567632893115256,0.2402116402116402,0.08604143611352583,327,128,945,step1,1
0,42,partial_iv_anp,CALCE_CX2_33,0.5,326,326,326,ok,,0.08183580814646008,0.029240162940194603,1.1805379250886252,0.28253968253968254,0.09469538969195646,327,128,945,step1,1
0,42,partial_iv_anp,CALCE_CX2_33,0.75,326,326,326,ok,,0.08085281534097079,0.0274405067300032,0.7281552422693419,0.3047619047619048,0.09822219146595941,327,128,945,step1,1
0,42,partial_iv_anp,CALCE_CX2_33,1.0,326,326,326,ok,,0.07887150786160836,0.02395120189889921,3.516709549371602e-05,0.36084656084656086,0.10527436503768016,327,128,945,step1,1
0,42,partial_iv_anp,CALCE_CX2_33,0.0,327,327,327,ok,,0.10120375066579151,0.0004839469422429632,-1.2449302569701457,0.986228813559322,0.36502506353958364,328,128,944,step1,1
0,42,partial_iv_anp,CALCE_CX2_33,0.25,327,327,327,ok,,0.08429025595809687,0.034221200560016096,2.616825790829925,0.23940677966101695,0.08614996148711287,328,128,944,step1,1
0,42,partial_iv_anp,CALCE_CX2_33,0.5,327,327,327,ok,,0.08165488953927184,0.029447573055508713,1.135668382525526,0.2838983050847458,0.09491966209657977,328,128,944,step1,1
0,42,partial_iv_anp,CALCE_CX2_33,0.75,327,327,327,ok,,0.08067459175315041,0.027649040831658533,0.6887532649824637,0.3135593220338983,0.09844914520317695,328,128,944,step1,1
0,42,partial_iv_anp,CALCE_CX2_33,1.0,327,327,327,ok,,0.0786701101934939,0.02411271247343727,-0.039323486742948895,0.3644067796610169,0.1056104575711277,328,128,944,step1,1
0,42,partial_iv_anp,CALCE_CX2_33,0.0,328,328,328,ok,,0.10128251179530649,0.0007184943411236988,-1.2426749408823674,0.9862142099681867,0.36532741376400885,329,128,943,step1,1
0,42,partial_iv_anp,CALCE_CX2_33,0.25,328,328,328,ok,,0.08411218129753621,0.03443597932546727,2.565828492757013,0.24602332979851538,0.08646266242387432,329,128,943,step1,1
0,42,partial_iv_anp,CALCE_CX2_33,0.5,328,328,328,ok,,0.08146698090550088,0.029628054616766097,1.0903359763176041,0.2831389183457052,0.09531370638230323,329,128,943,step1,1
0,42,partial_iv_anp,CALCE_CX2_33,0.75,328,328,328,ok,,0.08047021016480903,0.027792828463583885,0.640545036012572,0.3149522799575822,0.09892467917094838,329,128,943,step1,1
0,42,partial_iv_anp,CALCE_CX2_33,1.0,328,328,328,ok,,0.07844290553185998,0.024205924980215676,-0.08544123020428979,0.3743372216330859,0.10621528901523604,329,128,943,step1,1
0,42,partial_iv_anp,CALCE_CX2_33,0.0,329,329,329,ok,,0.10083387818467016,0.00022409151504643177,-1.244142106757082,0.9851380042462845,0.3649064278950985,330,128,942,step1,1
0,42,partial_iv_anp,CALCE_CX2_33,0.25,329,329,329,ok,,0.08446988426181877,0.03443455243547289,2.7096471298637974,0.23991507430997877,0.08576033211944141,330,128,942,step1,1
0,42,partial_iv_anp,CALCE_CX2_33,0.5,329,329,329,ok,,0.0818563719972473,0.02968453822961381,1.2134103127830886,0.2802547770700637,0.09442100759151881,330,128,942,step1,1
0,42,partial_iv_anp,CALCE_CX2_33,0.75,329,329,329,ok,,0.0809013165411808,0.027923756823074575,0.7678490115684354,0.3078556263269639,0.09784644276494281,330,128,942,step1,1
0,42,partial_iv_anp,CALCE_CX2_33,1.0,329,329,329,ok,,0.07891325247722233,0.024395660972518107,0.026433544798221572,0.35881104033970274,0.10491586957982847,330,128,942,step1,1
0,42,partial_iv_anp,CALCE_CX2_33,0.0,330,330,330,ok,,0.10023525153311927,0.0005497762516609717,-1.2470990869227545,0.9861849096705633,0.3641551661702359,331,128,941,step10,10
0,42,partial_iv_anp,CALCE_CX2_33,0.0,330,330,330,ok,,0.10023525153311927,0.0005497762516609717,-1.2470990869227545,0.9861849096705633,0.3641551661702359,331,128,941,step1,1
0,42,partial_iv_anp,CALCE_CX2_33,0.25,330,330,330,ok,,0.0851541638508329,0.03456014515293304,3.0199416602222637,0.22954303931987247,0.08421586148465653,331,128,941,step10,10
0,42,partial_iv_anp,CALCE_CX2_33,0.25,330,330,330,ok,,0.0851541638508329,0.03456014515293304,3.0199416602222637,0.22954303931987247,0.08421586148465653,331,128,941,step1,1
0,42,partial_iv_anp,CALCE_CX2_33,0.5,330,330,330,ok,,0.08252643004991445,0.02980152922090107,1.4408609421110543,0.2784272051009564,0.09274501689538814,331,128,941,step10,10
0,42,partial_iv_anp,CALCE_CX2_33,0.5,330,330,330,ok,,0.08252643004991445,0.02980152922090107,1.4408609421110543,0.2784272051009564,0.09274501689538814,331,128,941,step1,1
0,42,partial_iv_anp,CALCE_CX2_33,0.75,330,330,330,ok,,0.08152913927642116,0.02796873990986848,0.9526687575487695,0.2964930924548353,0.09624682929871442,331,128,941,step10,10
0,42,partial_iv_anp,CALCE_CX2_33,0.75,330,330,330,ok,,0.08152913927642116,0.02796873990986848,0.9526687575487695,0.2964930924548353,0.09624682929871442,331,128,941,step1,1
0,42,partial_iv_anp,CALCE_CX2_33,1.0,330,330,330,ok,,0.07953756052332515,0.024432048723460054,0.1712986616322441,0.3443145589798087,0.10320674720703896,331,128,941,step10,10
0,42,partial_iv_anp,CALCE_CX2_33,1.0,330,330,330,ok,,0.07953756052332515,0.024432048723460054,0.1712986616322441,0.3443145589798087,0.10320674720703896,331,128,941,step1,1
0,42,partial_iv_anp,CALCE_CX2_33,0.0,331,331,331,ok,,0.10003601998492036,0.0002868561049074181,-1.2468411448245438,0.9840425531914894,0.3640407690089824,332,128,940,step1,1
0,42,partial_iv_anp,CALCE_CX2_33,0.25,331,331,331,ok,,0.08509559962637428,0.034784478770485516,2.9635653612218396,0.22872340425531915,0.08445689753993746,332,128,940,step1,1
0,42,partial_iv_anp,CALCE_CX2_33,0.5,331,331,331,ok,,0.08244462979887832,0.029973625519987168,1.3869131380762292,0.274468085106383,0.09309045390462589,332,128,940,step1,1
0,42,partial_iv_anp,CALCE_CX2_33,0.75,331,331,331,ok,,0.08143939605184287,0.02812096621794491,0.9008101716065963,0.298936170212766,0.0966381276428784,332,128,940,step1,1
0,42,partial_iv_anp,CALCE_CX2_33,1.0,331,331,331,ok,,0.07941845189736131,0.02452530267046693,0.12050889880474999,0.34893617021276596,0.10373555205463032,332,128,940,step1,1
0,42,partial_iv_anp,CALCE_CX2_33,0.0,332,332,332,ok,,0.09980989855805293,0.0001900543919064468,-1.2469199625947185,0.9861554845580405,0.3639455932148957,333,128,939,step1,1
0,42,partial_iv_anp,CALCE_CX2_33,0.25,332,332,332,ok,,0.08508943509164928,0.034885566258316625,2.9239244188375553,0.22470713525026625,0.08462671896786099,333,128,939,step1,1
0,42,partial_iv_anp,CALCE_CX2_33,0.5,332,332,332,ok,,0.08240553864169546,0.030006382022635836,1.3408656346891694,0.27263045793397234,0.09339185122711594,333,128,939,step1,1
0,42,partial_iv_anp,CALCE_CX2_33,0.75,332,332,332,ok,,0.0814065699398374,0.02816184801288435,0.8628238917032952,0.29818956336528224,0.09692947480966482,333,128,939,step1,1
0,42,partial_iv_anp,CALCE_CX2_33,1.0,332,332,332,ok,,0.07937474436988838,0.02454134635536309,0.08727225322435771,0.34824281150159747,0.1040895180601082,333,128,939,step1,1
0,42,partial_iv_anp,CALCE_CX2_33,0.0,333,333,333,ok,,0.09946743518913656,6.082971283116745e-05,-1.248028895061539,0.9840085287846482,0.36347597227736517,334,128,938,step1,1
0,42,partial_iv_anp,CALCE_CX2_33,0.25,333,333,333,ok,,0.0851093356720528,0.03494140059360196,2.860142785275432,0.2281449893390192,0.0847859876000216,334,128,938,step1,1
0,42,partial_iv_anp,CALCE_CX2_33,0.5,333,333,333,ok,,0.0824255279040319,0.030058267494978863,1.295201544263996,0.26545842217484006,0.09356423155037324,334,128,938,step1,1
0,42,partial_iv_anp,CALCE_CX2_33,0.75,333,333,333,ok,,0.08143236282927364,0.028221992619227865,0.8251462225362365,0.2974413646055437,0.09708967815469893,334,128,938,step1,1
0,42,partial_iv_anp,CALCE_CX2_33,1.0,333,333,333,ok,,0.0793664809807954,0.024541300179562575,0.04789524484915194,0.35394456289978676,0.10437821955404164,334,128,938,step1,1
0,42,partial_iv_anp,CALCE_CX2_33,0.0,334,334,334,ok,,0.09929682173594595,0.002663536981862835,-1.2477224371348765,0.9861259338313767,0.36329649157831556,335,128,937,step1,1
0,42,partial_iv_anp,CALCE_CX2_33,0.25,334,334,334,ok,,0.0864665272073997,0.034813251322622585,3.813257311044465,0.21451440768409819,0.08077711408175825,335,128,937,step1,1
0,42,partial_iv_anp,CALCE_CX2_33,0.5,334,334,334,ok,,0.08385106677026732,0.030097089128641064,2.045021179651233,0.24439701173959444,0.08888680692883197,335,128,937,step1,1
0,42,partial_iv_anp,CALCE_CX2_33,0.75,334,334,334,ok,,0.08283834262927096,0.028237415029972124,1.4824963799125153,0.25933831376734257,0.09228727582083471,335,128,937,step1,1
0,42,partial_iv_anp,CALCE_CX2_33,1.0,334,334,334,ok,,0.08097978807450117,0.024916708860103554,0.6414080389142249,0.31483457844183566,0.09851061301432552,335,128,937,step1,1
0,42,partial_iv_anp,CALCE_CX2_33,0.0,335,335,335,ok,,0.0996055764745086,0.0030075708764514264,-1.2436095329028614,0.9882478632478633,0.36399184124016265,336,128,936,step1,1
0,42,partial_iv_anp,CALCE_CX2_33,0.25,335,335,335,ok,,0.086623451325174,0.03528423266927061,4.10585031942291,0.21474358974358973,0.07981131547897458,336,128,936,step1,1
0,42,partial_iv_anp,CALCE_CX2_33,0.5,335,335,335,ok,,0.0840815696492267,0.030697593392799427,2.3056951339735536,0.24358974358974358,0.08759867572369166,336,128,936,step1,1
0,42,partial_iv_anp,CALCE_CX2_33,0.75,335,335,335,ok,,0.08310758494342725,0.028907225513198687,1.734227077724931,0.2532051282051282,0.09082303435272253,336,128,936,step1,1
0,42,partial_iv_anp,CALCE_CX2_33,1.0,335,335,335,ok,,0.081152261705111,0.025401915414809073,0.7996986026729631,0.30448717948717946,0.0972928409989312,336,128,936,step1,1
0,42,partial_iv_anp,CALCE_CX2_33,0.0,336,336,336,ok,,0.09957966576018733,0.0009433683093760248,-1.2426272967465914,0.9871657754010695,0.36366177030584534,337,128,935,step1,1
0,42,partial_iv_anp,CALCE_CX2_33,0.25,336,336,336,ok,,0.08532449141623036,0.03517999577039743,3.1430393508437766,0.2267379679144385,0.08340780708827382,337,128,935,step1,1
0,42,partial_iv_anp,CALCE_CX2_33,0.5,336,336,336,ok,,0.08262717337343621,0.030256759861567173,1.4918539813947869,0.2631016042780749,0.09210468321817962,337,128,935,step1,1
0,42,partial_iv_anp,CALCE_CX2_33,0.75,336,336,336,ok,,0.08161716735695747,0.028379925622723068,0.9896309768163214,0.28663101604278074,0.09564209293034974,337,128,935,step1,1
0,42,partial_iv_anp,CALCE_CX2_33,1.0,336,336,336,ok,,0.07957603158884803,0.02470999377244687,0.1794548268026083,0.34545454545454546,0.10276724234325203,337,128,935,step1,1
0,42,partial_iv_anp,CALCE_CX2_33,0.0,337,337,337,ok,,0.09960494812388118,6.501657580915143e-05,-1.2407334676376072,0.9903640256959315,0.36381682575922497,338,128,934,step1,1
0,42,partial_iv_anp,CALCE_CX2_33,0.25,337,337,337,ok,,0.0848605546710144,0.035497488260139654,2.878690423743952,0.23554603854389722,0.08459863553500516,338,128,934,step1,1
0,42,partial_iv_anp,CALCE_CX2_33,0.5,337,337,337,ok,,0.08210004035418657,0.0304302514530701,1.2623049074121802,0.2751605995717345,0.09365732998243693,338,128,934,step1,1
0,42,partial_iv_anp,CALCE_CX2_33,0.75,337,337,337,ok,,0.08106390620717627,0.0284935257120843,0.7735931092065519,0.3019271948608137,0.09736210847710187,338,128,934,step1,1
0,42,partial_iv_anp,CALCE_CX2_33,1.0,337,337,337,ok,,0.07895285779525212,0.02468853195664744,-0.012272470833432329,0.35867237687366166,0.10488305604150247,338,128,934,step1,1
0,42,partial_iv_anp,CALCE_CX2_33,0.0,338,338,338,ok,,0.09934444311885215,3.8773715412054877e-05,-1.240766971500137,0.992497320471597,0.36378481112807776,339,128,933,step1,1
0,42,partial_iv_anp,CALCE_CX2_33,0.25,338,338,338,ok,,0.08490227269914111,0.03571977284104688,2.88091477789831,0.2315112540192926,0.08467084548496805,339,128,933,step1,1
0,42,partial_iv_anp,CALCE_CX2_33,0.5,338,338,338,ok,,0.08222005448224802,0.03078354754110557,1.3018517542174675,0.2754555198285102,0.09347525235382002,339,128,933,step1,1
0,42,partial_iv_anp,CALCE_CX2_33,0.75,338,338,338,ok,,0.08120846617686486,0.02888842988578111,0.8192149800212039,0.3011789924973205,0.09708405790225884,339,128,933,step1,1
0,42,partial_iv_anp,CALCE_CX2_33,1.0,338,338,338,ok,,0.07908831676489847,0.025054820275936418,0.019277514405042707,0.35476956055734193,0.10462189696933362,339,128,933,step1,1
0,42,partial_iv_anp,CALCE_CX2_33,0.0,339,339,339,ok,,0.09872479834978999,0.0031839720952661077,-1.244172238537052,0.9935622317596566,0.3627224196013659,340,128,932,step1,1
0,42,partial_iv_anp,CALCE_CX2_33,0.25,339,339,339,ok,,0.08652319802827202,0.035001046535218294,3.8640402989166813,0.22103004291845493,0.08037834020036869,340,128,932,step1,1
0,42,partial_iv_anp,CALCE_CX2_33,0.5,339,339,339,ok,,0.08416310498651856,0.03071371672703771,2.2293599844216736,0.2478540772532189,0.08765325576137221,340,128,932,step1,1
0,42,partial_iv_anp,CALCE_CX2_33,0.75,339,339,339,ok,,0.08328616036961958,0.02909146397443374,1.7186752474898925,0.25643776824034337,0.09055977931139247,340,128,932,step1,1
0,42,partial_iv_anp,CALCE_CX2_33,1.0,339,339,339,ok,,0.08135773696763367,0.02561984612991397,0.7997981286535525,0.2982832618025751,0.09691080286893919,340,128,932,step1,1
0,42,partial_iv_anp,CALCE_CX2_33,0.0,340,340,340,ok,,0.09814280071464357,0.005109783122996703,-1.2472196108697806,0.99140708915145,0.3617211469213597,341,128,931,step10,10
0,42,partial_iv_anp,CALCE_CX2_33,0.0,340,340,340,ok,,0.09814280071464357,0.005109783122996703,-1.2472196108697806,0.99140708915145,0.3617211469213597,341,128,931,step1,1
0,42,partial_iv_anp,CALCE_CX2_33,0.25,340,340,340,ok,,0.08715940313840913,0.033846600955719786,4.174815146190065,0.21697099892588614,0.07907054622776084,341,128,931,step10,10
0,42,partial_iv_anp,CALCE_CX2_33,0.25,340,340,340,ok,,0.08715940313840913,0.033846600955719786,4.174815146190065,0.21697099892588614,0.07907054622776084,341,128,931,step1,1
0,42,partial_iv_anp,CALCE_CX2_33,0.5,340,340,340,ok,,0.08465111062632054,0.029313359550889873,2.38410864077471,0.23630504833512353,0.08666445095636062,341,128,931,step10,10
0,42,partial_iv_anp,CALCE_CX2_33,0.5,340,340,340,ok,,0.08465111062632054,0.029313359550889873,2.38410864077471,0.23630504833512353,0.08666445095636062,341,128,931,step1,1
0,42,partial_iv_anp,CALCE_CX2_33,0.75,340,340,340,ok,,0.08377137805805811,0.027690300907889043,1.8584618307680725,0.24812030075187969,0.08954233218411717,341,128,931,step10,10
0,42,partial_iv_anp,CALCE_CX2_33,0.75,340,340,340,ok,,0.08377137805805811,0.027690300907889043,1.8584618307680725,0.24812030075187969,0.08954233218411717,341,128,931,step1,1
0,42,partial_iv_anp,CALCE_CX2_33,1.0,340,340,340,ok,,0.08197720928766418,0.024470008681404143,0.9741637601150053,0.2857142857142857,0.09535182073827729,341,128,931,step10,10
0,42,partial_iv_anp,CALCE_CX2_33,1.0,340,340,340,ok,,0.08197720928766418,0.024470008681404143,0.9741637601150053,0.2857142857142857,0.09535182073827729,341,128,931,step1,1
0,42,partial_iv_anp,CALCE_CX2_33,0.0,341,341,341,ok,,0.09809994458548489,0.0026898008131701623,-1.2453029796950212,0.9913978494623656,0.3624154255763515,342,128,930,step1,1
0,42,partial_iv_anp,CALCE_CX2_33,0.25,341,341,341,ok,,0.08638045682473068,0.03521907681037473,3.656050496244213,0.22473118279569892,0.08128978498753993,342,128,930,step1,1
0,42,partial_iv_anp,CALCE_CX2_33,0.5,341,341,341,ok,,0.08371723162069745,0.030354237778766002,1.8950783607868975,0.25053763440860216,0.08962688053519496,342,128,930,step1,1
0,42,partial_iv_anp,CALCE_CX2_33,0.75,341,341,341,ok,,0.08280967341452646,0.02865894046970552,1.3996039332033532,0.26559139784946234,0.0927164760942878,342,128,930,step1,1
0,42,partial_iv_anp,CALCE_CX2_33,1.0,341,341,341,ok,,0.08093500550700931,0.025262553026210832,0.5661300374861375,0.310752688172043,0.09903627476896426,342,128,930,step1,1
0,42,partial_iv_anp,CALCE_CX2_33,0.0,342,342,342,ok,,0.09810815459951049,0.0015889190488479477,-1.2439647529256386,0.9924650161463939,0.36223610089720737,343,128,929,step1,1
0,42,partial_iv_anp,CALCE_CX2_33,0.25,342,342,342,ok,,0.08588797797466355,0.03561798419478546,3.316865330874341,0.22604951560818085,0.08250223363543177,343,128,929,step1,1
0,42,partial_iv_anp,CALCE_CX2_33,0.5,342,342,342,ok,,0.08317784772242891,0.03064105858968702,1.6144896647309122,0.2518837459634015,0.09114271086296415,343,128,929,step1,1
0,42,partial_iv_anp,CALCE_CX2_33,0.75,342,342,342,ok,,0.08219716380549343,0.028802087353776984,1.111953927218786,0.27771797631862216,0.09454497692696733,343,128,929,step1,1
0,42,partial_iv_anp,CALCE_CX2_33,1.0,342,342,342,ok,,0.08014157921801296,0.02506813833955368,0.2696564553951769,0.3369214208826695,0.10164501892916503,343,128,929,step1,1
0,42,partial_iv_anp,CALCE_CX2_33,0.0,343,343,343,ok,,0.09818430702090926,0.0016994758037517377,-1.242049557032913,0.9924568965517241,0.36223627690473925,344,128,928,step1,1
0,42,partial_iv_anp,CALCE_CX2_33,0.25,343,343,343,ok,,0.08577281206965186,0.03556003450938183,3.285012272818293,0.2338362068965517,0.08255317585734646,344,128,928,step1,1
0,42,partial_iv_anp,CALCE_CX2_33,0.5,343,343,343,ok,,0.08311848806823285,0.03067711797161421,1.6187863172926529,0.25754310344827586,0.09101995938606147,344,128,928,step1,1
0,42,partial_iv_anp,CALCE_CX2_33,0.75,343,343,343,ok,,0.08213916710938826,0.028837073516907785,1.115586197811043,0.2790948275862069,0.09441694536723368,344,128,928,step1,1
0,42,partial_iv_anp,CALCE_CX2_33,1.0,343,343,343,ok,,0.08008242876485128,0.0250923024952171,0.2705667167163269,0.33512931034482757,0.10152195545129747,344,128,928,step1,1
0,42,partial_iv_anp,CALCE_CX2_33,0.0,344,344,344,ok,,0.09794636628855617,0.006563051692680344,-1.241994760407421,0.9924487594390508,0.3622281967039644,345,128,927,step1,1
0,42,partial_iv_anp,CALCE_CX2_33,0.25,344,344,344,ok,,0.08434354725213825,0.02817871377260217,2.3228819731046255,0.24703344120819848,0.08707479049382197,345,128,927,step1,1
0,42,partial_iv_anp,CALCE_CX2_33,0.5,344,344,344,ok,,0.08168821440097357,0.023214107995051303,0.9012221349432215,0.29341963322545844,0.09608520310574505,345,128,927,step1,1
0,42,partial_iv_anp,CALCE_CX2_33,0.75,344,344,344,ok,,0.08074168384849105,0.02141390470243676,0.49107697515486115,0.313915857605178,0.09957624462702196,345,128,927,step1,1
0,42,partial_iv_anp,CALCE_CX2_33,1.0,344,344,344,ok,,0.07897322831563751,0.01817730224837999,-0.12635756607422302,0.37648327939590076,0.1060244296315779,345,128,927,step1,1
0,42,partial_iv_anp,CALCE_CX2_33,0.0,345,345,345,ok,,0.09735317933944923,0.004599022169602285,-1.2450202421151162,0.9935205183585313,0.36165227578400483,346,128,926,step1,1
0,42,partial_iv_anp,CALCE_CX2_33,0.25,345,345,345,ok,,0.08396700973535104,0.029135363791925606,1.977503992983062,0.2526997840172786,0.08890365028168401,346,128,926,step1,1
0,42,partial_iv_anp,CALCE_CX2_33,0.5,345,345,345,ok,,0.081311993420671,0.02414777948754543,0.6501498403828543,0.30669546436285094,0.09811840236843448,346,128,926,step1,1
0,42,partial_iv_anp,CALCE_CX2_33,0.75,345,345,345,ok,,0.0803853213423522,0.02237999713007366,0.2765737474552295,0.3228941684665227,0.10161571565412153,346,128,926,step1,1
0,42,partial_iv_anp,CALCE_CX2_33,1.0,345,345,345,ok,,0.07845799195486436,0.018869459749659923,-0.3387297360321317,0.408207343412527,0.1087703989520863,346,128,926,step1,1
0,42,partial_iv_anp,CALCE_CX2_33,0.0,346,346,346,ok,,0.09735117706268598,0.003017801491922767,-1.2435242836133475,0.9935135135135135,0.3617764335915662,347,128,925,step1,1
0,42,partial_iv_anp,CALCE_CX2_33,0.25,346,346,346,ok,,0.08346603187881832,0.030006861826301745,1.7222747404350829,0.2583783783783784,0.09038993941806385,347,128,925,step1,1
0,42,partial_iv_anp,CALCE_CX2_33,0.5,346,346,346,ok,,0.08073543626618941,0.024850951159335666,0.43275593156983627,0.31675675675675674,0.10006370614496461,347,128,925,step1,1
0,42,partial_iv_anp,CALCE_CX2_33,0.75,346,346,346,ok,,0.07978060623934488,0.023023823672109534,0.07360039895445265,0.35027027027027025,0.10375057243923928,347,128,925,step1,1
0,42,partial_iv_anp,CALCE_CX2_33,1.0,346,346,346,ok,,0.07774512202102069,0.01933099672418581,-0.5223989426613207,0.4335135135135135,0.11144871514556054,347,128,925,step1,1
0,42,partial_iv_anp,CALCE_CX2_33,0.0,347,347,347,ok,,0.09716762267581663,0.0023181658185111864,-1.2435840350844094,0.9945887445887446,0.36138039656493354,348,128,924,step1,1
0,42,partial_iv_anp,CALCE_CX2_33,0.25,347,347,347,ok,,0.08444795012626115,0.03252639664710921,2.2584887272855614,0.24242424242424243,0.08724186587726582,348,128,924,step1,1
0,42,partial_iv_anp,CALCE_CX2_33,0.5,347,347,347,ok,,0.08170394965582654,0.02737681523740587,0.815982912937203,0.29545454545454547,0.09658432567721204,348,128,924,step1,1
0,42,partial_iv_anp,CALCE_CX2_33,0.75,347,347,347,ok,,0.08074485449684651,0.025544003205234422,0.4106929320602872,0.31601731601731603,0.10014638945297401,348,128,924,step1,1
0,42,partial_iv_anp,CALCE_CX2_33,1.0,347,347,347,ok,,0.07867644331811494,0.021761534973920305,-0.27590827867795986,0.39285714285714285,0.1077306819911815,348,128,924,step1,1
0,42,partial_iv_anp,CALCE_CX2_33,0.0,348,348,348,ok,,0.09699344678178913,0.002441126500298152,-1.2430847982325988,0.9945828819068255,0.36162122012272585,349,128,923,step1,1
0,42,partial_iv_anp,CALCE_CX2_33,0.25,348,348,348,ok,,0.08441220601339108,0.032461888402829486,2.2391157982583927,0.2437703141928494,0.08748054640336961,349,128,923,step1,1
0,42,partial_iv_anp,CALCE_CX2_33,0.5,348,348,348,ok,,0.0817341920796685,0.027419425802600816,0.82938906260769,0.2914409534127844,0.09662266093232151,349,128,923,step1,1
0,42,partial_iv_anp,CALCE_CX2_33,0.75,348,348,348,ok,,0.08071892551507262,0.02547446080861071,0.4000708291860234,0.3206933911159263,0.10039699693642347,349,128,923,step1,1
0,42,partial_iv_anp,CALCE_CX2_33,1.0,348,348,348,ok,,0.0786563692323584,0.021688664640479693,-0.28332689595447774,0.39544962080173346,0.10798794143955466,349,128,923,step1,1
0,42,partial_iv_anp,CALCE_CX2_33,0.0,349,349,349,ok,,0.09706494084758596,0.0002921856678664847,-1.2408467478604943,0.9956616052060737,0.361959127070835,350,128,922,step1,1
0,42,partial_iv_anp,CALCE_CX2_33,0.25,349,349,349,ok,,0.08323706437815546,0.03277038290040957,1.628205859445057,0.25704989154013014,0.09102670948410643,350,128,922,step1,1
0,42,partial_iv_anp,CALCE_CX2_33,0.5,349,349,349,ok,,0.0803830267346772,0.0273308005890206,0.31290416787014275,0.3275488069414317,0.1012795995437091,350,128,922,step1,1
0,42,partial_iv_anp,CALCE_CX2_33,0.75,349,349,349,ok,,0.07938755490837543,0.025408730337661112,-0.047126893280721824,0.3611713665943601,0.10519126079444921,350,128,922,step1,1
0,42,partial_iv_anp,CALCE_CX2_33,1.0,349,349,349,ok,,0.07714231659637596,0.021329144162909763,-0.6635366205679128,0.46203904555314534,0.1138044257388243,350,128,922,step1,1
0,42,partial_iv_anp,CALCE_CX2_33,0.0,350,350,350,ok,,0.09677780767874654,0.0015026989945895464,-1.2418096841305535,0.99457111834962,0.3614253671212926,351,128,921,step10,10
0,42,partial_iv_anp,CALCE_CX2_33,0.0,350,350,350,ok,,0.09677780767874654,0.0015026989945895464,-1.2418096841305535,0.99457111834962,0.3614253671212926,351,128,921,step1,1
0,42,partial_iv_anp,CALCE_CX2_33,0.25,350,350,350,ok,,0.08280734797818265,0.03366505923371099,1.3516013065757513,0.2681867535287731,0.09264589954967024,351,128,921,step10,10
0,42,partial_iv_anp,CALCE_CX2_33,0.25,350,350,350,ok,,0.08280734797818265,0.03366505923371099,1.3516013065757513,0.2681867535287731,0.09264589954967024,351,128,921,step1,1
0,42,partial_iv_anp,CALCE_CX2_33,0.5,350,350,350,ok,,0.0799447359596698,0.02819305953735729,0.11669796307873269,0.3496199782844734,0.10313455515212634,351,128,921,step10,10
0,42,partial_iv_anp,CALCE_CX2_33,0.5,350,350,350,ok,,0.0799447359596698,0.02819305953735729,0.11669796307873269,0.3496199782844734,0.10313455515212634,351,128,921,step1,1
0,42,partial_iv_anp,CALCE_CX2_33,0.75,350,350,350,ok,,0.07886562025502623,0.026115927453314036,-0.24303169907594074,0.38762214983713356,0.10744532997873733,351,128,921,step10,10
0,42,partial_iv_anp,CALCE_CX2_33,0.75,350,350,350,ok,,0.07886562025502623,0.026115927453314036,-0.24303169907594074,0.38762214983713356,0.10744532997873733,351,128,921,step1,1
0,42,partial_iv_anp,CALCE_CX2_33,1.0,350,350,350,ok,,0.0762991692458506,0.02153285646070824,-0.8673777891781291,0.5146579804560261,0.11740750156733515,351,128,921,step10,10
0,42,partial_iv_anp,CALCE_CX2_33,1.0,350,350,350,ok,,0.0762991692458506,0.02153285646070824,-0.8673777891781291,0.5146579804560261,0.11740750156733515,351,128,921,step1,1
0,42,partial_iv_anp,CALCE_CX2_33,0.0,351,351,351,ok,,0.09648117396594645,0.004220276183817706,-1.2426072617612294,0.9945652173913043,0.3611667973330767,352,128,920,step1,1
0,42,partial_iv_anp,CALCE_CX2_33,0.25,351,351,351,ok,,0.08117340999144863,0.03322756753336209,0.5635493934239776,0.3076086956521739,0.09867080866394104,352,128,920,step1,1
0,42,partial_iv_anp,CALCE_CX2_33,0.5,351,351,351,ok,,0.07821924951187954,0.02756589496439954,-0.4494212615584462,0.42282608695652174,0.11026017351144159,352,128,920,step1,1
0,42,partial_iv_anp,CALCE_CX2_33,0.75,351,351,351,ok,,0.07714461082841931,0.025535603218291625,-0.7236337963862447,0.47608695652173916,0.1148040758353797,352,128,920,step1,1
0,42,partial_iv_anp,CALCE_CX2_33,1.0,351,351,351,ok,,0.07444699434964551,0.020989276567545567,-1.2039012270363851,0.6456521739130435,0.1255637767648862,352,128,920,step1,1
0,42,partial_iv_anp,CALCE_CX2_33,0.0,352,352,352,ok,,0.09616323201428252,0.004079136787043081,-1.2434088554923297,0.9956474428726877,0.36080714245823947,353,128,919,step1,1
0,42,partial_iv_anp,CALCE_CX2_33,0.25,352,352,352,ok,,0.08193664336653422,0.034473439352392776,0.856476321583421,0.2840043525571273,0.09618427217920497,353,128,919,step1,1
0,42,partial_iv_anp,CALCE_CX2_33,0.5,352,352,352,ok,,0.07905263860505407,0.02892514988191075,-0.23204277303984344,0.3852013057671382,0.10720458252909142,353,128,919,step1,1
0,42,partial_iv_anp,CALCE_CX2_33,0.75,352,352,352,ok,,0.07806094666162727,0.027020930635356377,-0.5180310778310159,0.4385201305767138,0.11131279252611144,353,128,919,step1,1
0,42,partial_iv_anp,CALCE_CX2_33,1.0,352,352,352,ok,,0.07548867431296706,0.022534543414155284,-1.0510963427153732,0.5810663764961915,0.12145431822064987,353,128,919,step1,1
0,42,partial_iv_anp,CALCE_CX2_33,0.0,353,353,353,ok,,0.09621558392388815,0.00381689949283881,-1.2413093517477651,0.9956427015250545,0.3612946903480828,354,128,918,step1,1
0,42,partial_iv_anp,CALCE_CX2_33,0.25,353,353,353,ok,,0.08179181882288349,0.034258704326803224,0.833452131387574,0.2908496732026144,0.09647200644129715,354,128,918,step1,1
0,42,partial_iv_anp,CALCE_CX2_33,0.5,353,353,353,ok,,0.07889551300375515,0.02865687355749169,-0.2553237852412074,0.3877995642701525,0.10761791575315056,354,128,918,step1,1
0,42,partial_iv_anp,CALCE_CX2_33,0.75,353,353,353,ok,,0.07790238453652473,0.026740616367519565,-0.5396109946546275,0.4400871459694989,0.11176063588118404,354,128,918,step1,1
0,42,partial_iv_anp,CALCE_CX2_33,1.0,353,353,353,ok,,0.07531242789019492,0.02220830191415346,-1.0702132288715918,0.593681917211329,0.12203360386780361,354,128,918,step1,1
0,42,partial_iv_anp,CALCE_CX2_33,0.0,354,354,354,ok,,0.09606443254890541,0.005586484997418761,-1.241386089089759,0.9956379498364231,0.36073320371557527,355,128,917,step1,1
0,42,partial_iv_anp,CALCE_CX2_33,0.25,354,354,354,ok,,0.08104601249510886,0.03461960531167485,0.4976430739588262,0.3075245365321701,0.09908648525049336,355,128,917,step1,1
0,42,partial_iv_anp,CALCE_CX2_33,0.5,354,354,354,ok,,0.07800777377620972,0.02875762779715707,-0.5183537636252233,0.4362050163576881,0.11111069034702199,355,128,917,step1,1
0,42,partial_iv_anp,CALCE_CX2_33,0.75,354,354,354,ok,,0.07685632152128437,0.026577287069641686,-0.7995687142393835,0.4994547437295529,0.11602090560102321,355,128,917,step1,1
0,42,partial_iv_anp,CALCE_CX2_33,1.0,354,354,354,ok,,0.07396033794455083,0.021750337312284707,-1.2781290296863532,0.6804798255179935,0.12759693334834898,355,128,917,step1,1
0,42,partial_iv_anp,CALCE_CX2_33,0.0,355,355,355,ok,,0.09574958554604884,0.006229467380768794,-1.2424072851656385,0.9945414847161572,0.36021628219390944,356,128,916,step1,1
0,42,partial_iv_anp,CALCE_CX2_33,0.25,355,355,355,ok,,0.0807120973238445,0.03454677862663191,0.33361611485359133,0.32096069868995636,0.10053458133988137,356,128,916,step1,1
0,42,partial_iv_anp,CALCE_CX2_33,0.5,355,355,355,ok,,0.07768717603525165,0.028714565094073552,-0.6210863270680722,0.45633187772925765,0.11266699314097237,356,128,916,step1,1
0,42,partial_iv_anp,CALCE_CX2_33,0.75,355,355,355,ok,,0.07658767620327211,0.026645051691927213,-0.8737970105601522,0.5283842794759825,0.117400022368188,356,128,916,step1,1
0,42,partial_iv_anp,CALCE_CX2_33,1.0,355,355,355,ok,,0.07364346562091605,0.02181607371790284,-1.3281423631635019,0.7085152838427947,0.1291707851705718,356,128,916,step1,1
0,42,partial_iv_anp,CALCE_CX2_33,0.0,356,356,356,ok,,0.09539707129591746,0.007048176940506856,-1.2434103864737103,0.994535519125683,0.3601423385316969,357,128,915,step1,1
0,42,partial_iv_anp,CALCE_CX2_33,0.25,356,356,356,ok,,0.08050170164860894,0.03488362759120833,0.22181065849726436,0.3344262295081967,0.1017483326233695,357,128,915,step1,1
0,42,partial_iv_anp,CALCE_CX2_33,0.5,356,356,356,ok,,0.07739380131167867,0.028891482446863015,-0.7126868276517871,0.4830601092896175,0.11437568030740367,357,128,915,step1,1
0,42,partial_iv_anp,CALCE_CX2_33,0.75,356,356,356,ok,,0.07626372014041584,0.026779397440757302,-0.9559030127271583,0.5486338797814208,0.11929615833432847,357,128,915,step1,1
0,42,partial_iv_anp,CALCE_CX2_33,1.0,356,356,356,ok,,0.07324769486162178,0.02192690415299592,-1.3843177449490616,0.7366120218579235,0.13139443915009746,357,128,915,step1,1
0,42,partial_iv_anp,CALCE_CX2_33,0.0,357,357,357,ok,,0.09537073247412584,0.007595124401739817,-1.242292271583194,0.9956236323851203,0.3600234139044065,358,128,914,step1,1
0,42,partial_iv_anp,CALCE_CX2_33,0.25,357,357,357,ok,,0.08018251584201966,0.03498727427139248,0.1144707391215402,0.33916849015317285,0.10276107222659837,358,128,914,step1,1
0,42,partial_iv_anp,CALCE_CX2_33,0.5,357,357,357,ok,,0.07709825504467747,0.02903971119678339,-0.776430097443737,0.49671772428884026,0.11541596663207974,358,128,914,step1,1
0,42,partial_iv_anp,CALCE_CX2_33,0.75,357,357,357,ok,,0.07595071399778625,0.026907498811765906,-1.0119329987812673,0.574398249452954,0.1204393357437761,358,128,914,step1,1
0,42,partial_iv_anp,CALCE_CX2_33,1.0,357,357,357,ok,,0.07282576065692423,0.021957879755444942,-1.4283669655883826,0.7603938730853391,0.13296865542203284,358,128,914,step1,1
0,42,partial_iv_anp,CALCE_CX2_33,0.0,358,358,358,ok,,0.0955350876552828,0.0067273591039170855,-1.2398735130839262,0.9934282584884995,0.35991214898348334,359,128,913,step1,1
0,42,partial_iv_anp,CALCE_CX2_33,0.25,358,358,358,ok,,0.08081831377921395,0.03567999519754306,0.38665207137525415,0.31653888280394304,0.09976551951441114,359,128,913,step1,1
0,42,partial_iv_anp,CALCE_CX2_33,0.5,358,358,358,ok,,0.0776615449097496,0.029544634099305078,-0.623500009685209,0.4556407447973713,0.1124051137126964,359,128,913,step1,1
0,42,partial_iv_anp,CALCE_CX2_33,0.75,358,358,358,ok,,0.07652210757956487,0.027380296863986686,-0.885497415684751,0.5345016429353778,0.1173249949392172,359,128,913,step1,1
0,42,partial_iv_anp,CALCE_CX2_33,1.0,358,358,358,ok,,0.07352174465663384,0.02243340718447906,-1.3432010908146248,0.7152245345016429,0.12932308060553305,359,128,913,step1,1
0,42,partial_iv_anp,CALCE_CX2_33,0.0,359,359,359,ok,,0.09517550676099239,0.006789098350628686,-1.2410463434449368,0.9956140350877193,0.3598291178123571,360,128,912,step1,1
0,42,partial_iv_anp,CALCE_CX2_33,0.25,359,359,359,ok,,0.08132102362790453,0.03662268838325744,0.5522492048522197,0.3081140350877193,0.09832395193105267,360,128,912,step1,1
0,42,partial_iv_anp,CALCE_CX2_33,0.5,359,359,359,ok,,0.07827192600026073,0.03066299293049657,-0.48949301024542985,0.4342105263157895,0.11036472255697645,360,128,912,step1,1
0,42,partial_iv_anp,CALCE_CX2_33,0.75,359,359,359,ok,,0.07712805995655489,0.028460675181353312,-0.7752291963121468,0.4934210526315789,0.11524458570600735,360,128,912,step1,1
0,42,partial_iv_anp,CALCE_CX2_33,1.0,359,359,359,ok,,0.0740242939163978,0.023227374895128605,-1.2900767901469,0.6875,0.12761515066797346,360,128,912,step1,1
0,42,partial_iv_anp,CALCE_CX2_33,0.0,360,360,360,ok,,0.09518254930388943,0.006984019626772975,-1.2393354671857826,0.9934138309549945,0.36013477631756474,361,128,911,step10,10
0,42,partial_iv_anp,CALCE_CX2_33,0.0,360,360,360,ok,,0.09518254930388943,0.006984019626772975,-1.2393354671857826,0.9934138309549945,0.36013477631756474,361,128,911,step1,1
0,42,partial_iv_anp,CALCE_CX2_33,0.25,360,360,360,ok,,0.08086096435254098,0.036208133746100324,0.39463570374295387,0.3106476399560922,0.09983934402108444,361,128,911,step10,10
0,42,partial_iv_anp,CALCE_CX2_33,0.25,360,360,360,ok,,0.08086096435254098,0.036208133746100324,0.39463570374295387,0.3106476399560922,0.09983934402108444,361,128,911,step1,1
0,42,partial_iv_anp,CALCE_CX2_33,0.5,360,360,360,ok,,0.07771572695135201,0.030043673969252116,-0.618919418821076,0.45554335894621295,0.11249564701288474,361,128,911,step10,10
0,42,partial_iv_anp,CALCE_CX2_33,0.5,360,360,360,ok,,0.07771572695135201,0.030043673969252116,-0.618919418821076,0.45554335894621295,0.11249564701288474,361,128,911,step1,1
0,42,partial_iv_anp,CALCE_CX2_33,0.75,360,360,360,ok,,0.07658286733062734,0.0278712096665531,-0.8813194950166486,0.531284302963776,0.1174128603879908,361,128,911,step10,10
0,42,partial_iv_anp,CALCE_CX2_33,0.75,360,360,360,ok,,0.07658286733062734,0.0278712096665531,-0.8813194950166486,0.531284302963776,0.1174128603879908,361,128,911,step1,1
0,42,partial_iv_anp,CALCE_CX2_33,1.0,360,360,360,ok,,0.07351886307399529,0.022779052030294067,-1.3490360020786545,0.712403951701427,0.12972048316251306,361,128,911,step10,10
0,42,partial_iv_anp,CALCE_CX2_33,1.0,360,360,360,ok,,0.07351886307399529,0.022779052030294067,-1.3490360020786545,0.712403951701427,0.12972048316251306,361,128,911,step1,1
0,42,partial_iv_anp,CALCE_CX2_33,0.0,361,361,361,ok,,0.09467116340736913,0.007123165412622701,-1.2421257464592568,0.9945054945054945,0.359338192908258,362,128,910,step1,1
0,42,partial_iv_anp,CALCE_CX2_33,0.25,361,361,361,ok,,0.08103121820129737,0.03634826444007033,0.38632190465013844,0.3142857142857143,0.09975730160755754,362,128,910,step1,1
0,42,partial_iv_anp,CALCE_CX2_33,0.5,361,361,361,ok,,0.07787496212605109,0.03017293011312039,-0.6237763705044522,0.44945054945054946,0.11241940762671368,362,128,910,step1,1
0,42,partial_iv_anp,CALCE_CX2_33,0.75,361,361,361,ok,,0.0767058090825063,0.027938582658444844,-0.8916582280506158,0.5285714285714286,0.11747640189679738,362,128,910,step1,1
0,42,partial_iv_anp,CALCE_CX2_33,1.0,361,361,361,ok,,0.07358868347749985,0.022796083143730828,-1.3587566651796061,0.7296703296703296,0.12992892823850166,362,128,910,step1,1
0,42,partial_iv_anp,CALCE_CX2_33,0.0,362,362,362,ok,,0.09467137075172084,0.00705039091767079,-1.240706738740656,0.9933993399339934,0.35936643257333284,363,128,909,step1,1
0,42,partial_iv_anp,CALCE_CX2_33,0.25,362,362,362,ok,,0.08100378458695086,0.03645528524635033,0.39462870792703303,0.31683168316831684,0.09962380531849908,363,128,909,step1,1
0,42,partial_iv_anp,CALCE_CX2_33,0.5,362,362,362,ok,,0.07784501902669068,0.030250184452316087,-0.6215405163900529,0.44774477447744776,0.11231186938723753,363,128,909,step1,1
0,42,partial_iv_anp,CALCE_CX2_33,0.75,362,362,362,ok,,0.07672314682150182,0.02809286272365874,-0.8809708727275322,0.5258525852585259,0.11717657146427457,363,128,909,step1,1
0,42,partial_iv_anp,CALCE_CX2_33,1.0,362,362,362,ok,,0.07362600897185212,0.022944007680365974,-1.3515021911394893,0.7337733773377337,0.12956625297540464,363,128,909,step1,1
0,42,partial_iv_anp,CALCE_CX2_33,0.0,363,363,363,ok,,0.09433985057605024,0.0070223708390021455,-1.2416860666318001,0.9933920704845814,0.3593504671153327,364,128,908,step1,1
0,42,partial_iv_anp,CALCE_CX2_33,0.25,363,363,363,ok,,0.08101748057558289,0.03638380832684829,0.3675089480498663,0.32048458149779735,0.09997989429341397,364,128,908,step1,1
0,42,partial_iv_anp,CALCE_CX2_33,0.5,363,363,363,ok,,0.07792160903760681,0.03028463525758429,-0.6232443110120297,0.4460352422907489,0.11245723080062256,364,128,908,step1,1
0,42,partial_iv_anp,CALCE_CX2_33,0.75,363,363,363,ok,,0.0768252884630951,0.02816893617031835,-0.8770670679936813,0.5209251101321586,0.11722156551609514,364,128,908,step1,1
0,42,partial_iv_anp,CALCE_CX2_33,1.0,363,363,363,ok,,0.07375452870480204,0.02304495615891944,-1.3457056202099469,0.7334801762114538,0.12951285297157566,364,128,908,step1,1
0,42,partial_iv_anp,CALCE_CX2_33,0.0,364,364,364,ok,,0.09401977450809117,0.007243996392159557,-1.2431776310726306,0.9944873208379272,0.35864582812774,365,128,907,step1,1
0,42,partial_iv_anp,CALCE_CX2_33,0.25,364,364,364,ok,,0.08107251816713287,0.036543609217211226,0.34321182000406947,0.31863285556780596,0.09997864619656703,365,128,907,step1,1
0,42,partial_iv_anp,CALCE_CX2_33,0.5,364,364,364,ok,,0.07792906632244112,0.030362188820189262,-0.6485227272952343,0.45755237045203967,0.11263607439573128,365,128,907,step1,1
0,42,partial_iv_anp,CALCE_CX2_33,0.75,364,364,364,ok,,0.07681557711981991,0.028224613891367212,-0.9007110885050614,0.5292171995589857,0.11746317868472436,365,128,907,step1,1
0,42,partial_iv_anp,CALCE_CX2_33,1.0,364,364,364,ok,,0.07364608267417849,0.02299272870607605,-1.368928944246888,0.7353914002205072,0.13008604381679517,365,128,907,step1,1
0,42,partial_iv_anp,CALCE_CX2_33,0.0,365,365,365,ok,,0.0939176850737063,0.007107882846812297,-1.2424776897793177,0.9933774834437086,0.35865135723402247,366,128,906,step1,1
0,42,partial_iv_anp,CALCE_CX2_33,0.25,365,365,365,ok,,0.08111940729222124,0.03666118668471807,0.36859966682703615,0.31346578366445915,0.0997195056483525,366,128,906,step1,1
0,42,partial_iv_anp,CALCE_CX2_33,0.5,365,365,365,ok,,0.07799124190253433,0.03048284535703827,-0.63050840635927,0.45143487858719644,0.11230822246556697,366,128,906,step1,1
0,42,partial_iv_anp,CALCE_CX2_33,0.75,365,365,365,ok,,0.0768825052157954,0.028338975252662046,-0.8856133644384847,0.5231788079470199,0.1171220922239787,366,128,906,step1,1
0,42,partial_iv_anp,CALCE_CX2_33,1.0,365,365,365,ok,,0.07378316883030414,0.02317043873280855,-1.3534065343465849,0.7240618101545254,0.12949095218674184,366,128,906,step1,1
0,42,partial_iv_anp,CALCE_CX2_33,0.0,366,366,366,ok,,0.09401042770398178,0.007297141242539107,-1.240449150500461,0.994475138121547,0.3585597829744181,367,128,905,step1,1
0,42,partial_iv_anp,CALCE_CX2_33,0.25,366,366,366,ok,,0.08079349954130474,0.03651251074103057,0.2727458795807687,0.3259668508287293,0.10047448485923537,367,128,905,step1,1
0,42,partial_iv_anp,CALCE_CX2_33,0.5,366,366,366,ok,,0.07764580105598515,0.030284879097607686,-0.6982334758037717,0.47845303867403316,0.11325930598320663,367,128,905,step1,1
0,42,partial_iv_anp,CALCE_CX2_33,0.75,366,366,366,ok,,0.07652869066910586,0.028131444813814133,-0.9441744287705175,0.5535911602209945,0.1181465192616985,367,128,905,step1,1
0,42,partial_iv_anp,CALCE_CX2_33,1.0,366,366,366,ok,,0.0733615244647278,0.02290929350644655,-1.3957964573285178,0.7513812154696132,0.13081100725682368,367,128,905,step1,1
0,42,partial_iv_anp,CALCE_CX2_33,0.0,367,367,367,ok,,0.09401635952549262,0.007856896867227015,-1.2388034246009911,0.9933628318584071,0.35866482150618606,368,128,904,step1,1
0,42,partial_iv_anp,CALCE_CX2_33,0.25,367,367,367,ok,,0.08058331104763863,0.036928759918514964,0.21662551978384337,0.336283185840708,0.1010229262758084,368,128,904,step1,1
0,42,partial_iv_anp,CALCE_CX2_33,0.5,367,367,367,ok,,0.07742725436608044,0.030662646121121795,-0.7378841319423242,0.4856194690265487,0.11393879167286539,368,128,904,step1,1
0,42,partial_iv_anp,CALCE_CX2_33,0.75,367,367,367,ok,,0.07629066666042456,0.028470139288764074,-0.981483213616363,0.5608407079646017,0.11894357351161408,368,128,904,step1,1
0,42,partial_iv_anp,CALCE_CX2_33,1.0,367,367,367,ok,,0.0730318167418483,0.023130050004597114,-1.427468619449257,0.7688053097345132,0.1320130703907444,368,128,904,step1,1
0,42,partial_iv_anp,CALCE_CX2_33,0.0,368,368,368,ok,,0.09374366138028829,0.005986974311734894,-1.239611688814609,0.9944629014396457,0.3582925876259833,369,128,903,step1,1
0,42,partial_iv_anp,CALCE_CX2_33,0.25,368,368,368,ok,,0.08044815316680007,0.03473052223078432,0.13976751897360573,0.3477297895902547,0.10171129064427585,369,128,903,step1,1
0,42,partial_iv_anp,CALCE_CX2_33,0.5,368,368,368,ok,,0.07723205928525907,0.02835097350231286,-0.798755997229516,0.5005537098560354,0.11496867884087605,369,128,903,step1,1
0,42,partial_iv_anp,CALCE_CX2_33,0.75,368,368,368,ok,,0.07608024883432887,0.026144886529232303,-1.0338778819061534,0.5891472868217055,0.12006496811619068,369,128,903,step1,1
0,42,partial_iv_anp,CALCE_CX2_33,1.0,368,368,368,ok,,0.07288881296855375,0.020953255746747335,-1.4509326429442102,0.7763012181616833,0.13296225243951004,369,128,903,step1,1
0,42,partial_iv_anp,CALCE_CX2_33,0.0,369,369,369,ok,,0.0933647180594797,0.004676129943937846,-1.2411411466452427,0.9933481152993349,0.3579276720254873,370,128,902,step1,1
0,42,partial_iv_anp,CALCE_CX2_33,0.25,369,369,369,ok,,0.08291785662661011,0.03813417599980562,1.1371531304495501,0.2749445676274945,0.0930674374833015,370,128,902,step1,1
0,42,partial_iv_anp,CALCE_CX2_33,0.5,369,369,369,ok,,0.07973235655001693,0.03178295662638142,-0.1525256249523722,0.369179600886918,0.10506830859499765,370,128,902,step1,1
0,42,partial_iv_anp,CALCE_CX2_33,0.75,369,369,369,ok,,0.07857799962059249,0.0294651991606667,-0.49904633466347076,0.4312638580931264,0.10985396520132709,370,128,902,step1,1
0,42,partial_iv_anp,CALCE_CX2_33,1.0,369,369,369,ok,,0.07557129031198694,0.024042729417068087,-1.11267024441972,0.623059866962306,0.12166709190881544,370,128,902,step1,1
0,42,partial_iv_anp,CALCE_CX2_33,0.0,370,370,370,ok,,0.09308777967024122,0.006237115816461691,-1.2420685656462516,0.9933407325194229,0.35746068573778955,371,128,901,step10,10
0,42,partial_iv_anp,CALCE_CX2_33,0.0,370,370,370,ok,,0.09308777967024122,0.006237115816461691,-1.2420685656462516,0.9933407325194229,0.35746068573778955,371,128,901,step1,1
0,42,partial_iv_anp,CALCE_CX2_33,0.25,370,370,370,ok,,0.08212509023070072,0.03805784385080846,0.7321275472890835,0.29411764705882354,0.09603388931392882,371,128,901,step10,10
0,42,partial_iv_anp,CALCE_CX2_33,0.25,370,370,370,ok,,0.08212509023070072,0.03805784385080846,0.7321275472890835,0.29411764705882354,0.09603388931392882,371,128,901,step1,1
0,42,partial_iv_anp,CALCE_CX2_33,0.5,370,370,370,ok,,0.07881176382205304,0.031431180370376954,-0.45212278741337564,0.4184239733629301,0.10897877248940223,371,128,901,step10,10
0,42,partial_iv_anp,CALCE_CX2_33,0.5,370,370,370,ok,,0.07881176382205304,0.031431180370376954,-0.45212278741337564,0.4184239733629301,0.10897877248940223,371,128,901,step1,1
0,42,partial_iv_anp,CALCE_CX2_33,0.75,370,370,370,ok,,0.07756557851635464,0.028963226590869917,-0.7696819408484084,0.4961154273029967,0.1142991085050767,371,128,901,step10,10
0,42,partial_iv_anp,CALCE_CX2_33,0.75,370,370,370,ok,,0.07756557851635464,0.028963226590869917,-0.7696819408484084,0.4961154273029967,0.1142991085050767,371,128,901,step1,1
0,42,partial_iv_anp,CALCE_CX2_33,1.0,370,370,370,ok,,0.07435398281122074,0.02342612621625695,-1.3005269221803177,0.7158712541620422,0.1270529457810312,371,128,901,step10,10
0,42,partial_iv_anp,CALCE_CX2_33,1.0,370,370,370,ok,,0.07435398281122074,0.02342612621625695,-1.3005269221803177,0.7158712541620422,0.1270529457810312,371,128,901,step1,1
0,42,partial_iv_anp,CALCE_CX2_33,0.0,371,371,371,ok,,0.09313690678840446,0.007409166035783343,-1.2402734978354766,0.9922222222222222,0.35759020843736267,372,128,900,step1,1
0,42,partial_iv_anp,CALCE_CX2_33,0.25,371,371,371,ok,,0.0809733169289815,0.037241330760716784,0.2888589938261334,0.32555555555555554,0.0999724267379092,372,128,900,step1,1
0,42,partial_iv_anp,CALCE_CX2_33,0.5,371,371,371,ok,,0.07775308771002111,0.03079165039680265,-0.70880243192059,0.47888888888888886,0.11307551487951853,372,128,900,step1,1
0,42,partial_iv_anp,CALCE_CX2_33,0.75,371,371,371,ok,,0.07664897989677631,0.028634741198824032,-0.9513489777946448,0.5644444444444444,0.11792815794971913,372,128,900,step1,1
0,42,partial_iv_anp,CALCE_CX2_33,1.0,371,371,371,ok,,0.0733915532643318,0.023221979416850114,-1.4095324337823587,0.7588888888888888,0.1309367785137991,372,128,900,step1,1
0,42,partial_iv_anp,CALCE_CX2_33,0.0,372,372,372,ok,,0.09288501604641208,0.006997183716146327,-1.240820462366198,0.9911012235817576,0.3573053784276842,373,128,899,step1,1
0,42,partial_iv_anp,CALCE_CX2_33,0.25,372,372,372,ok,,0.08092881276306475,0.03673498870492031,0.25223307476922757,0.3337041156840934,0.10028914264452848,373,128,899,step1,1
0,42,partial_iv_anp,CALCE_CX2_33,0.5,372,372,372,ok,,0.07776037054751707,0.030371087385796525,-0.7200196482535691,0.4827586206896552,0.1132314354438041,373,128,899,step1,1
0,42,partial_iv_anp,CALCE_CX2_33,0.75,372,372,372,ok,,0.07669264595005294,0.028278661135112793,-0.9536875156878212,0.5528364849833148,0.11793748411042346,373,128,899,step1,1
0,42,partial_iv_anp,CALCE_CX2_33,1.0,372,372,372,ok,,0.07356135253292188,0.02304182540416866,-1.397993046072539,0.7541713014460512,0.13047451655206718,373,128,899,step1,1
0,42,partial_iv_anp,CALCE_CX2_33,0.0,373,373,373,ok,,0.09283344384379374,0.005787501789431437,-1.2399788481847922,0.9910913140311804,0.35703713899902,374,128,898,step1,1
0,42,partial_iv_anp,CALCE_CX2_33,0.25,373,373,373,ok,,0.08215823208670489,0.03811929187520191,0.762694615736615,0.2984409799554566,0.09553071100395956,374,128,898,step1,1
0,42,partial_iv_anp,CALCE_CX2_33,0.5,373,373,373,ok,,0.07898758630300795,0.03172163404398731,-0.3970914709905476,0.41202672605790647,0.10788516910062576,374,128,898,step1,1
0,42,partial_iv_anp,CALCE_CX2_33,0.75,373,373,373,ok,,0.07789524445909794,0.02952278801386854,-0.6898347577233223,0.48106904231625836,0.11253772284079633,374,128,898,step1,1
0,42,partial_iv_anp,CALCE_CX2_33,1.0,373,373,373,ok,,0.07481357815078131,0.02406963088702374,-1.2392712379831572,0.6848552338530067,0.12474354172963428,374,128,898,step1,1
0,42,partial_iv_anp,CALCE_CX2_33,0.0,374,374,374,ok,,0.09275365957254826,0.005309940927753831,-1.2392848360047384,0.9899665551839465,0.35670755978745644,375,128,897,step1,1
0,42,partial_iv_anp,CALCE_CX2_33,0.25,374,374,374,ok,,0.08258619274743373,0.038614197889736634,0.9590999495515418,0.28762541806020064,0.0938365252983016,375,128,897,step1,1
0,42,partial_iv_anp,CALCE_CX2_33,0.5,374,374,374,ok,,0.07928489815142681,0.03195410806376442,-0.30938622946097666,0.4013377926421405,0.10648466735129411,375,128,897,step1,1
0,42,partial_iv_anp,CALCE_CX2_33,0.75,374,374,374,ok,,0.07818148380313603,0.029720159294074122,-0.6192448501219686,0.4659977703455964,0.11113833563805585,375,128,897,step1,1
0,42,partial_iv_anp,CALCE_CX2_33,1.0,374,374,374,ok,,0.07508439901826543,0.024174228206809478,-1.199777508716085,0.6633221850613155,0.12333885848972229,375,128,897,step1,1
0,42,partial_iv_anp,CALCE_CX2_33,0.0,375,375,375,ok,,0.09278208532044864,0.007726766744126978,-1.237296346568882,0.9933035714285714,0.35722129554074683,376,128,896,step1,1
0,42,partial_iv_anp,CALCE_CX2_33,0.25,375,375,375,ok,,0.08116013776635804,0.03857864544484646,0.38821213281263905,0.3236607142857143,0.09876689899187355,376,128,896,step1,1
0,42,partial_iv_anp,CALCE_CX2_33,0.5,375,375,375,ok,,0.07781645810821405,0.03178365702190078,-0.6844198908847305,0.4799107142857143,0.11234500301045307,376,128,896,step1,1
0,42,partial_iv_anp,CALCE_CX2_33,0.75,375,375,375,ok,,0.07658757067733318,0.029343596635587943,-0.9584088229695643,0.5591517857142857,0.117766824141244,376,128,896,step1,1
0,42,partial_iv_anp,CALCE_CX2_33,1.0,375,375,375,ok,,0.0732109204715129,0.0236638178040246,-1.4287856653528783,0.7622767857142857,0.13132652407675985,376,128,896,step1,1
0,42,partial_iv_anp,CALCE_CX2_33,0.0,376,376,376,ok,,0.09260172156592145,0.008215710419719247,-1.2377331446643767,0.9932960893854749,0.3566458302067989,377,128,895,step1,1
0,42,partial_iv_anp,CALCE_CX2_33,0.25,376,376,376,ok,,0.08097238401874007,0.03865892671568549,0.2932548167332885,0.32513966480446926,0.09943725450834896,377,128,895,step1,1
0,42,partial_iv_anp,CALCE_CX2_33,0.5,376,376,376,ok,,0.07759173939497058,0.03180205691585203,-0.7498776395301124,0.4972067039106145,0.11325030003884462,377,128,895,step1,1
0,42,partial_iv_anp,CALCE_CX2_33,0.75,376,376,376,ok,,0.07631659867559576,0.02929431984215425,-1.019346995520711,0.582122905027933,0.1188891475190737,377,128,895,step1,1
0,42,partial_iv_anp,CALCE_CX2_33,1.0,376,376,376,ok,,0.07282934483788665,0.023551009510988763,-1.4712432969073717,0.7798882681564245,0.13283146550540298,377,128,895,step1,1
0,42,partial_iv_anp,CALCE_CX2_33,0.0,377,377,377,ok,,0.09254570558840813,0.008722869308075643,-1.2367342737120335,0.9932885906040269,0.3565652093880711,378,128,894,step1,1
0,42,partial_iv_anp,CALCE_CX2_33,0.25,377,377,377,ok,,0.0808029019036398,0.03900830699767699,0.23697020195023166,0.32662192393736017,0.09991668871760062,378,128,894,step1,1
0,42,partial_iv_anp,CALCE_CX2_33,0.5,377,377,377,ok,,0.0773601395644689,0.032013881292668356,-0.7992019618147812,0.5134228187919463,0.11407670112807398,378,128,894,step1,1
0,42,partial_iv_anp,CALCE_CX2_33,0.75,377,377,377,ok,,0.07606763320328577,0.029478536970119706,-1.0623645183729076,0.6029082774049217,0.11982657812704539,378,128,894,step1,1
0,42,partial_iv_anp,CALCE_CX2_33,1.0,377,377,377,ok,,0.0724927414708677,0.023658126891726305,-1.5021095097885218,0.8076062639821029,0.13411977832363392,378,128,894,step1,1
0,42,partial_iv_anp,CALCE_CX2_33,0.0,378,378,378,ok,,0.09250657491985656,0.007417163371758351,-1.2357453025140765,0.9944008958566629,0.3562957855288989,379,128,893,step1,1
0,42,partial_iv_anp,CALCE_CX2_33,0.25,378,378,378,ok,,0.08101228185448421,0.03831249660569491,0.32811494237267114,0.3236282194848824,0.09885995622113047,379,128,893,step1,1
0,42,partial_iv_anp,CALCE_CX2_33,0.5,378,378,378,ok,,0.07768754139574295,0.03151950657792113,-0.7190616562336195,0.48600223964165734,0.11240752545148049,379,128,893,step1,1
0,42,partial_iv_anp,CALCE_CX2_33,0.75,378,378,378,ok,,0.07658598030098189,0.02931736775774707,-0.9624731402009984,0.5677491601343785,0.1172818605258249,379,128,893,step1,1
0,42,partial_iv_anp,CALCE_CX2_33,1.0,378,378,378,ok,,0.07322340681321199,0.023630079944786275,-1.4305053895914737,0.7704367301231803,0.1307305812638232,379,128,893,step1,1
0,42,partial_iv_anp,CALCE_CX2_33,0.0,379,379,379,ok,,0.09247760330875252,0.00426147324947046,-1.2345103432720537,0.9943946188340808,0.35631389751017406,380,128,892,step1,1
0,42,partial_iv_anp,CALCE_CX2_33,0.25,379,379,379,ok,,0.08401944512046908,0.04138973658992273,1.7816520882894282,0.25112107623318386,0.08807255002000032,380,128,892,step1,1
0,42,partial_iv_anp,CALCE_CX2_33,0.5,379,379,379,ok,,0.08080901856271648,0.034909044001478984,0.25435845470039076,0.32286995515695066,0.09956328113563226,380,128,892,step1,1
0,42,partial_iv_anp,CALCE_CX2_33,0.75,379,379,379,ok,,0.07943650558859747,0.03207579572609298,-0.23049276127408314,0.3778026905829596,0.10503365697215603,380,128,892,step1,1
0,42,partial_iv_anp,CALCE_CX2_33,1.0,379,379,379,ok,,0.07617140431001539,0.02590647753070996,-1.0004932344117488,0.5739910313901345,0.11763370158456957,380,128,892,step1,1
0,42,partial_iv_anp,CALCE_CX2_33,0.0,380,380,380,ok,,0.09235571189045079,0.006867633507680049,-1.234078536564851,0.9932659932659933,0.3560605984784311,381,128,891,step10,10
0,42,partial_iv_anp,CALCE_CX2_33,0.0,380,380,380,ok,,0.09235571189045079,0.006867633507680049,-1.234078536564851,0.9932659932659933,0.3560605984784311,381,128,891,step1,1
0,42,partial_iv_anp,CALCE_CX2_33,0.25,380,380,380,ok,,0.08211259636922189,0.04034030665175026,0.8122799283837826,0.29180695847362514,0.09449054109562374,381,128,891,step10,10
0,42,partial_iv_anp,CALCE_CX2_33,0.25,380,380,380,ok,,0.08211259636922189,0.04034030665175026,0.8122799283837826,0.29180695847362514,0.09449054109562374,381,128,891,step1,1
0,42,partial_iv_anp,CALCE_CX2_33,0.5,380,380,380,ok,,0.07878550470719822,0.033494400511485334,-0.422758010495393,0.4186307519640853,0.1074833650351527,381,128,891,step10,10
0,42,partial_iv_anp,CALCE_CX2_33,0.5,380,380,380,ok,,0.07878550470719822,0.033494400511485334,-0.422758010495393,0.4186307519640853,0.1074833650351527,381,128,891,step1,1
0,42,partial_iv_anp,CALCE_CX2_33,0.75,380,380,380,ok,,0.07748362767208876,0.03082425983708792,-0.765073324162144,0.494949494949495,0.11307510602092632,381,128,891,step10,10
0,42,partial_iv_anp,CALCE_CX2_33,0.75,380,380,380,ok,,0.07748362767208876,0.03082425983708792,-0.765073324162144,0.494949494949495,0.11307510602092632,381,128,891,step1,1
0,42,partial_iv_anp,CALCE_CX2_33,1.0,380,380,380,ok,,0.07395827055294599,0.024578399272415896,-1.3434442213595428,0.734006734006734,0.12711677980396852,381,128,891,step10,10
0,42,partial_iv_anp,CALCE_CX2_33,1.0,380,380,380,ok,,0.07395827055294599,0.024578399272415896,-1.3434442213595428,0.734006734006734,0.12711677980396852,381,128,891,step1,1
0,42,partial_iv_anp,CALCE_CX2_33,0.0,381,381,381,ok,,0.0921023884216794,0.010024394585776863,-1.2349272245420604,0.9943820224719101,0.3554481472001605,382,128,890,step1,1
0,42,partial_iv_anp,CALCE_CX2_33,0.25,381,381,381,ok,,0.08045662689648271,0.04007662561183001,0.10888850260146879,0.3393258426966292,0.10071579514247368,382,128,890,step1,1
0,42,partial_iv_anp,CALCE_CX2_33,0.5,381,381,381,ok,,0.07674643231806702,0.03249986741162103,-0.9345866769698817,0.5528089887640449,0.11621230620935788,382,128,890,step1,1
0,42,partial_iv_anp,CALCE_CX2_33,0.75,381,381,381,ok,,0.07523861511446032,0.029588990590000752,-1.2039028398556888,0.6786516853932584,0.12299181856734656,382,128,890,step1,1
0,42,partial_iv_anp,CALCE_CX2_33,1.0,381,381,381,ok,,0.0712396216602489,0.023400221857132975,-1.6052830482505716,0.8404494382022472,0.13890605664547442,382,128,890,step1,1
0,42,partial_iv_anp,CALCE_CX2_33,0.0,382,382,382,ok,,0.09136211117980723,0.011916390971297486,-1.2395652520849663,0.9955005624296963,0.3542709669504099,383,128,889,step1,1
0,42,partial_iv_anp,CALCE_CX2_33,0.25,382,382,382,ok,,0.07933166633642005,0.03933213079717823,-0.3238189884758832,0.38695163104611924,0.10570789636738004,383,128,889,step1,1
0,42,partial_iv_anp,CALCE_CX2_33,0.5,382,382,382,ok,,0.07565484603640645,0.03198667006356626,-1.1617613690861956,0.6659167604049494,0.12159998505846756,383,128,889,step1,1
0,42,partial_iv_anp,CALCE_CX2_33,0.75,382,382,382,ok,,0.07414603667065674,0.029239754128206008,-1.3723278733952051,0.7547806524184477,0.12844482701781454,383,128,889,step1,1
0,42,partial_iv_anp,CALCE_CX2_33,1.0,382,382,382,ok,,0.06988810366768207,0.02323960901285127,-1.6936837609808426,0.8650168728908887,0.14515214806652052,383,128,889,step1,1
0,42,partial_iv_anp,CALCE_CX2_33,0.0,383,383,383,ok,,0.09146001339189892,0.010925449228042616,-1.2375482713632566,0.9932432432432432,0.35470543553685296,384,128,888,step1,1
0,42,partial_iv_anp,CALCE_CX2_33,0.25,383,383,383,ok,,0.07986894557623112,0.039523790963436944,-0.15995911642174207,0.36373873873873874,0.10366667620820573,384,128,888,step1,1
0,42,partial_iv_anp,CALCE_CX2_33,0.5,383,383,383,ok,,0.07634819422018975,0.03237789052555362,-1.0463536093876573,0.6024774774774775,0.11868610450911875,384,128,888,step1,1
0,42,partial_iv_anp,CALCE_CX2_33,0.75,383,383,383,ok,,0.07500023416985993,0.02982133495476258,-1.2646560901159014,0.6981981981981982,0.12479131492220043,384,128,888,step1,1
0,42,partial_iv_anp,CALCE_CX2_33,1.0,383,383,383,ok,,0.07103275641289218,0.02383895208976472,-1.629486016161596,0.8502252252252253,0.1404855814674117,384,128,888,step1,1
0,42,partial_iv_anp,CALCE_CX2_33,0.0,384,384,384,ok,,0.09132095851738345,0.009279772230956218,-1.2373387662939648,0.9943630214205186,0.35459877319178734,385,128,887,step1,1
0,42,partial_iv_anp,CALCE_CX2_33,0.25,384,384,384,ok,,0.08083380633357302,0.03998783792660532,0.1779479512614636,0.32807215332581735,0.09983810575026317,385,128,887,step1,1
0,42,partial_iv_anp,CALCE_CX2_33,0.5,384,384,384,ok,,0.07724855806860392,0.03259427423426775,-0.8698663903859704,0.5298759864712514,0.11471574214171995,385,128,887,step1,1
0,42,partial_iv_anp,CALCE_CX2_33,0.75,384,384,384,ok,,0.07585961805526632,0.029852428130539455,-1.1357149942740714,0.6471251409244645,0.12094970763938828,385,128,887,step1,1
0,42,partial_iv_anp,CALCE_CX2_33,1.0,384,384,384,ok,,0.07205514422293462,0.02374337349594835,-1.5580197450504802,0.8331454340473506,0.13610976299371272,385,128,887,step1,1
0,42,partial_iv_anp,CALCE_CX2_33,0.0,385,385,385,ok,,0.09128509405287764,0.010931423698117282,-1.236247666370698,0.9943566591422122,0.3544220273320061,386,128,886,step1,1
0,42,partial_iv_anp,CALCE_CX2_33,0.25,385,385,385,ok,,0.08028994498806055,0.04073968303351039,-0.0049817105992965224,0.35327313769751695,0.10164252819401975,386,128,886,step1,1
0,42,partial_iv_anp,CALCE_CX2_33,0.5,385,385,385,ok,,0.07647916675958961,0.032915770674366684,-1.0188503829590154,0.5869074492099323,0.11777637201642056,386,128,886,step1,1
0,42,partial_iv_anp,CALCE_CX2_33,0.75,385,385,385,ok,,0.07493741463003684,0.02996083010899142,-1.2723196139319062,0.7076749435665914,0.12476760763904081,386,128,886,step1,1
0,42,partial_iv_anp,CALCE_CX2_33,1.0,385,385,385,ok,,0.07078653977107961,0.023697194158303736,-1.645462423101584,0.8544018058690744,0.14121990795735365,386,128,886,step1,1
0,42,partial_iv_anp,CALCE_CX2_33,0.0,386,386,386,ok,,0.09106495949688992,0.0006152513822111905,-1.2370062688253418,0.9943502824858758,0.35387665715073774,387,128,885,step1,1
0,42,partial_iv_anp,CALCE_CX2_33,0.25,386,386,386,ok,,0.08107155928347272,0.03198695787874939,0.26049261407003654,0.32994350282485874,0.0986528671066182,387,128,885,step1,1
0,42,partial_iv_anp,CALCE_CX2_33,0.5,386,386,386,ok,,0.07735634545093632,0.024288696258017994,-0.8526253260595859,0.5175141242937853,0.11396858229317981,387,128,885,step1,1
0,42,partial_iv_anp,CALCE_CX2_33,0.75,386,386,386,ok,,0.07592893079478719,0.021454490499637213,-1.1292360132946304,0.6350282485875707,0.12035693450317177,387,128,885,step1,1
0,42,partial_iv_anp,CALCE_CX2_33,1.0,386,386,386,ok,,0.07264785232787983,0.015983311249408882,-1.517516093039773,0.8192090395480226,0.13380430765156548,387,128,885,step1,1
0,42,partial_iv_anp,CALCE_CX2_33,0.0,387,387,387,ok,,0.09100194276442015,0.0011727300585236966,-1.235871277461479,0.9932126696832579,0.3539683045876953,388,128,884,step1,1
0,42,partial_iv_anp,CALCE_CX2_33,0.25,387,387,387,ok,,0.08042751664112281,0.029091687293655077,0.034357688021572935,0.35294117647058826,0.1010366598652277,388,128,884,step1,1
0,42,partial_iv_anp,CALCE_CX2_33,0.5,387,387,387,ok,,0.07664317910431463,0.02126058475909387,-0.994729607989944,0.5780542986425339,0.11702405165413929,388,128,884,step1,1
0,42,partial_iv_anp,CALCE_CX2_33,0.75,387,387,387,ok,,0.0751789932135718,0.018412560643049303,-1.2439583272222028,0.6877828054298643,0.12367175795314893,388,128,884,step1,1
0,42,partial_iv_anp,CALCE_CX2_33,1.0,387,387,387,ok,,0.071886461032996,0.013129846494888464,-1.5796577009663717,0.8371040723981901,0.13717067597747082,388,128,884,step1,1
0,42,partial_iv_anp,CALCE_CX2_33,0.0,388,388,388,ok,,0.0908550979882071,0.0001287586213173375,-1.2355992178322706,0.9932049830124575,0.3537596233840831,389,128,883,step1,1
0,42,partial_iv_anp,CALCE_CX2_33,0.25,388,388,388,ok,,0.07966059492970932,0.028893776685337436,-0.22689777332539302,0.37712344280860705,0.10404810878392803,389,128,883,step1,1
0,42,partial_iv_anp,CALCE_CX2_33,0.5,388,388,388,ok,,0.07583189590963808,0.021051813801386765,-1.1422151501124718,0.6443941109852774,0.120618362332372,389,128,883,step1,1
0,42,partial_iv_anp,CALCE_CX2_33,0.75,388,388,388,ok,,0.07434406669507825,0.018257532101753515,-1.3574686621108853,0.7519818799546999,0.12743395004948752,389,128,883,step1,1
0,42,partial_iv_anp,CALCE_CX2_33,1.0,388,388,388,ok,,0.07084588917136624,0.01298236296929589,-1.6501420171852927,0.8584371460928653,0.14161930646793602,389,128,883,step1,1
0,42,partial_iv_anp,CALCE_CX2_33,0.0,389,389,389,ok,,0.09089421413439831,0.0008270083427497354,-1.2339754869230009,0.9931972789115646,0.3534536328984493,390,128,882,step1,1
0,42,partial_iv_anp,CALCE_CX2_33,0.25,389,389,389,ok,,0.07945383911661916,0.029400928048956554,-0.2760926580297373,0.3877551020408163,0.10444572354913462,390,128,882,step1,1
0,42,partial_iv_anp,CALCE_CX2_33,0.5,389,389,389,ok,,0.07567267990182748,0.02165734308133138,-1.161304853685924,0.6519274376417233,0.12086122875343713,390,128,882,step1,1
0,42,partial_iv_anp,CALCE_CX2_33,0.75,389,389,389,ok,,0.07419619020368284,0.018891095361938892,-1.370722412125916,0.7528344671201814,0.12762500540558816,390,128,882,step1,1
0,42,partial_iv_anp,CALCE_CX2_33,1.0,389,389,389,ok,,0.07058627407649606,0.013496478184487737,-1.6633767911215314,0.8560090702947846,0.14218719324880405,390,128,882,step1,1
0,42,partial_iv_anp,CALCE_CX2_33,0.0,390,390,390,ok,,0.09070164907951823,0.0012023959518543403,-1.234206924087534,0.9943246311010215,0.35306532379476235,391,128,881,step10,10
0,42,partial_iv_anp,CALCE_CX2_33,0.0,390,390,390,ok,,0.09070164907951823,0.0012023959518543403,-1.234206924087534,0.9943246311010215,0.35306532379476235,391,128,881,step1,1
0,42,partial_iv_anp,CALCE_CX2_33,0.25,390,390,390,ok,,0.07951384773240609,0.029910476971827693,-0.2688825315991545,0.38933030646992056,0.10421580714637813,391,128,881,step10,10
0,42,partial_iv_anp,CALCE_CX2_33,0.25,390,390,390,ok,,0.07951384773240609,0.029910476971827693,-0.2688825315991545,0.38933030646992056,0.10421580714637813,391,128,881,step1,1
0,42,partial_iv_anp,CALCE_CX2_33,0.5,390,390,390,ok,,0.07580069547786883,0.022279404244030077,-1.14642865847653,0.6481271282633371,0.12031574171046562,391,128,881,step10,10
0,42,partial_iv_anp,CALCE_CX2_33,0.5,390,390,390,ok,,0.07580069547786883,0.022279404244030077,-1.14642865847653,0.6481271282633371,0.12031574171046562,391,128,881,step1,1
0,42,partial_iv_anp,CALCE_CX2_33,0.75,390,390,390,ok,,0.07429772098009794,0.01944909232083314,-1.3627754301434964,0.7502837684449489,0.12719055432124315,391,128,881,step10,10
0,42,partial_iv_anp,CALCE_CX2_33,0.75,390,390,390,ok,,0.07429772098009794,0.01944909232083314,-1.3627754301434964,0.7502837684449489,0.12719055432124315,391,128,881,step1,1
0,42,partial_iv_anp,CALCE_CX2_33,1.0,390,390,390,ok,,0.0706349311015585,0.013962576568092189,-1.6619312545650582,0.8558456299659478,0.14191207908645584,391,128,881,step10,10
0,42,partial_iv_anp,CALCE_CX2_33,1.0,390,390,390,ok,,0.0706349311015585,0.013962576568092189,-1.6619312545650582,0.8558456299659478,0.14191207908645584,391,128,881,step1,1
0,42,partial_iv_anp,CALCE_CX2_38,0.0,100,100,100,ok,,0.16509527050618683,0.003199326558307125,-0.7543137399559855,0.8553076402974983,0.501429432570794,101,100,1479,step10,10
0,42,partial_iv_anp,CALCE_CX2_38,0.0,100,100,100,ok,,0.16509527050618683,0.003199326558307125,-0.7543137399559855,0.8553076402974983,0.501429432570794,101,100,1479,step1,1
0,42,partial_iv_anp,CALCE_CX2_38,0.25,100,100,100,ok,,0.07921176032348821,0.002001472558752937,-0.7884688133762506,0.5774171737660582,0.17155943386083614,101,100,1479,step10,10
0,42,partial_iv_anp,CALCE_CX2_38,0.25,100,100,100,ok,,0.07921176032348821,0.002001472558752937,-0.7884688133762506,0.5774171737660582,0.17155943386083614,101,100,1479,step1,1
0,42,partial_iv_anp,CALCE_CX2_38,0.5,100,100,100,ok,,0.0792320220448123,0.0021753336487738695,-0.7650405187189989,0.5699797160243407,0.1691170230179514,101,100,1479,step10,10
0,42,partial_iv_anp,CALCE_CX2_38,0.5,100,100,100,ok,,0.0792320220448123,0.0021753336487738695,-0.7650405187189989,0.5699797160243407,0.1691170230179514,101,100,1479,step1,1
0,42,partial_iv_anp,CALCE_CX2_38,0.75,100,100,100,ok,,0.07928992751127253,0.002242059243484529,-0.7684957960426142,0.5760649087221096,0.1700876492216665,101,100,1479,step10,10
0,42,partial_iv_anp,CALCE_CX2_38,0.75,100,100,100,ok,,0.07928992751127253,0.002242059243484529,-0.7684957960426142,0.5760649087221096,0.1700876492216665,101,100,1479,step1,1
0,42,partial_iv_anp,CALCE_CX2_38,1.0,100,100,100,ok,,0.07934146474278443,0.0022757078301650635,-0.7838670388820478,0.581473968897904,0.17219371975016443,101,100,1479,step10,10
0,42,partial_iv_anp,CALCE_CX2_38,1.0,100,100,100,ok,,0.07934146474278443,0.0022757078301650635,-0.7838670388820478,0.581473968897904,0.17219371975016443,101,100,1479,step1,1
0,42,partial_iv_anp,CALCE_CX2_38,0.0,101,101,101,ok,,0.16459972108625137,0.001358883972948144,-0.7619373355998943,0.8673883626522327,0.5012391858039451,102,101,1478,step1,1
0,42,partial_iv_anp,CALCE_CX2_38,0.25,101,101,101,ok,,0.0787932615740774,0.0037834806350036665,-0.7796353097604167,0.5615696887686062,0.16559702314185676,102,101,1478,step1,1
0,42,partial_iv_anp,CALCE_CX2_38,0.5,101,101,101,ok,,0.07885393609805953,0.003960628834795643,-0.7564335355795377,0.5534506089309879,0.1638384694055287,102,101,1478,step1,1
0,42,partial_iv_anp,CALCE_CX2_38,0.75,101,101,101,ok,,0.0789155149969632,0.004044177657792969,-0.762804987309817,0.5581867388362652,0.16517519633180863,102,101,1478,step1,1
0,42,partial_iv_anp,CALCE_CX2_38,1.0,101,101,101,ok,,0.07895980404113896,0.004095609795898181,-0.7802762336152093,0.5629228687415426,0.1673880394096796,102,101,1478,step1,1
0,42,partial_iv_anp,CALCE_CX2_38,0.0,102,102,102,ok,,0.1641298955706733,0.0005511936062910783,-0.7686843143195043,0.8632362897765742,0.5008926541426322,103,102,1477,step1,1
0,42,partial_iv_anp,CALCE_CX2_38,0.25,102,102,102,ok,,0.07851613933756078,0.004545101762377657,-0.7846411841129114,0.5605958023019635,0.16265847211901976,103,102,1477,step1,1
0,42,partial_iv_anp,CALCE_CX2_38,0.5,102,102,102,ok,,0.07859209286405346,0.0047286101059802466,-0.7629897611645404,0.5578876100203114,0.16133616553130797,103,102,1477,step1,1
0,42,partial_iv_anp,CALCE_CX2_38,0.75,102,102,102,ok,,0.07865217889952743,0.0048225013074031375,-0.7707340013330769,0.5612728503723764,0.1628230736592706,103,102,1477,step1,1
0,42,partial_iv_anp,CALCE_CX2_38,1.0,102,102,102,ok,,0.07869122243521683,0.004883479164000115,-0.7889564711637254,0.5693974272173324,0.1650619577251447,103,102,1477,step1,1
0,42,partial_iv_anp,CALCE_CX2_38,0.0,103,103,103,ok,,0.16367433034585144,0.00018034655795917676,-0.7749644026247031,0.8644986449864499,0.5005685066523309,104,103,1476,step1,1
0,42,partial_iv_anp,CALCE_CX2_38,0.25,103,103,103,ok,,0.07827422353754127,0.005222939094701062,-0.7904324228435782,0.559620596205962,0.16015380239068888,104,103,1476,step1,1
0,42,partial_iv_anp,CALCE_CX2_38,0.5,103,103,103,ok,,0.07835986560038725,0.005417836054173786,-0.7708125761685419,0.5555555555555556,0.1592372383737159,104,103,1476,step1,1
0,42,partial_iv_anp,CALCE_CX2_38,0.75,103,103,103,ok,,0.07841762617558241,0.005521921236583904,-0.7797949204540365,0.5575880758807588,0.16084946084205642,104,103,1476,step1,1
0,42,partial_iv_anp,CALCE_CX2_38,1.0,103,103,103,ok,,0.07845230409164146,0.005591511114869996,-0.7986063460650678,0.5643631436314364,0.16311243952526627,104,103,1476,step1,1
0,42,partial_iv_anp,CALCE_CX2_38,0.0,104,104,104,ok,,0.16323213144525073,0.0008619164593177686,-0.7808275808245405,0.8657627118644068,0.5004360691297347,105,104,1475,step1,1
0,42,partial_iv_anp,CALCE_CX2_38,0.25,104,104,104,ok,,0.07806452034373745,0.005859475343687137,-0.7991753154220909,0.5552542372881356,0.15836935341828412,105,104,1475,step1,1
0,42,partial_iv_anp,CALCE_CX2_38,0.5,104,104,104,ok,,0.07815313980537955,0.006061412661067189,-0.7805009341735795,0.5532203389830509,0.1576519356335897,105,104,1475,step1,1
0,42,partial_iv_anp,CALCE_CX2_38,0.75,104,104,104,ok,,0.07820658425899601,0.006172374893198773,-0.7896474672568662,0.5525423728813559,0.15925709299921484,105,104,1475,step1,1
0,42,partial_iv_anp,CALCE_CX2_38,1.0,104,104,104,ok,,0.07823596200749164,0.006248988088538132,-0.808489476264724,0.5613559322033899,0.1614727167012968,105,104,1475,step1,1
0,42,partial_iv_anp,CALCE_CX2_38,0.0,105,105,105,ok,,0.16280267011935393,0.0017127735190251014,-0.7863112809538807,0.8670284938941656,0.49996210110297584,106,105,1474,step1,1
0,42,partial_iv_anp,CALCE_CX2_38,0.25,105,105,105,ok,,0.07786100014469727,0.006628307316776438,-0.7999304638885195,0.5495251017639078,0.15562361747469453,106,105,1474,step1,1
0,42,partial_iv_anp,CALCE_CX2_38,0.5,105,105,105,ok,,0.07795265123136123,0.006842482097575764,-0.7821915435575494,0.5461329715061058,0.15514469565792768,106,105,1474,step1,1
0,42,partial_iv_anp,CALCE_CX2_38,0.75,105,105,105,ok,,0.0780019139696856,0.00696575244166775,-0.7925420211191174,0.5508819538670285,0.15682488571597528,106,105,1474,step1,1
0,42,partial_iv_anp,CALCE_CX2_38,1.0,105,105,105,ok,,0.07802673100268992,0.007053306220418665,-0.812454279421191,0.5556309362279511,0.1590774628503243,106,105,1474,step1,1
0,42,partial_iv_anp,CALCE_CX2_38,0.0,106,106,106,ok,,0.16238808931001897,0.002038492659318214,-0.7913798298337374,0.8730482009504412,0.4998403000928924,107,106,1473,step1,1
0,42,partial_iv_anp,CALCE_CX2_38,0.25,106,106,106,ok,,0.07770405793715078,0.006947464663150993,-0.8182997054280001,0.5498981670061099,0.15542130489823947,107,106,1473,step1,1
0,42,partial_iv_anp,CALCE_CX2_38,0.5,106,106,106,ok,,0.07779314077722212,0.007160145529065964,-0.8001129843812494,0.5478615071283096,0.15487892290471827,107,106,1473,step1,1
0,42,partial_iv_anp,CALCE_CX2_38,0.75,106,106,106,ok,,0.07783876853373448,0.0072824807562842375,-0.8094092797520889,0.5505770536320435,0.15645744433757938,107,106,1473,step1,1
0,42,partial_iv_anp,CALCE_CX2_38,1.0,106,106,106,ok,,0.07785977390255637,0.007370552150981036,-0.8282317819008234,0.5566870332654447,0.15859577860994356,107,106,1473,step1,1
0,42,partial_iv_anp,CALCE_CX2_38,0.0,107,107,107,ok,,0.16198167317005877,0.0023235973914903507,-0.7962172689533922,0.875,0.4996452293780723,108,107,1472,step1,1
0,42,partial_iv_anp,CALCE_CX2_38,0.25,107,107,107,ok,,0.07755078398831682,0.007216847432239271,-0.8331184652863195,0.5597826086956522,0.15481816877047141,108,107,1472,step1,1
0,42,partial_iv_anp,CALCE_CX2_38,0.5,107,107,107,ok,,0.07763714871967403,0.007427177370310067,-0.814186029664249,0.5557065217391305,0.15419208822604147,108,107,1472,step1,1
0,42,partial_iv_anp,CALCE_CX2_38,0.75,107,107,107,ok,,0.07767883953742169,0.007550607472410209,-0.8229266363106518,0.5591032608695652,0.15569820168583198,108,107,1472,step1,1
0,42,partial_iv_anp,CALCE_CX2_38,1.0,107,107,107,ok,,0.07769653167468221,0.007641256651322759,-0.8414379299819528,0.5652173913043478,0.15779513591923713,108,107,1472,step1,1
0,42,partial_iv_anp,CALCE_CX2_38,0.0,108,108,108,ok,,0.16158276962632045,0.002531898147863809,-0.8008457305414469,0.8769544527532291,0.49957603826421765,109,108,1471,step1,1
0,42,partial_iv_anp,CALCE_CX2_38,0.25,108,108,108,ok,,0.07740320895060222,0.007399186447244577,-0.845824363978383,0.5594833446634943,0.15408518150589667,109,108,1471,step1,1
0,42,partial_iv_anp,CALCE_CX2_38,0.5,108,108,108,ok,,0.07748756432318385,0.007609302664603246,-0.8266603347888352,0.5560842963970088,0.15344438717413955,109,108,1471,step1,1
0,42,partial_iv_anp,CALCE_CX2_38,0.75,108,108,108,ok,,0.0775262830102664,0.007735663083589417,-0.8353665328082311,0.557443915703603,0.1549450635404969,109,108,1471,step1,1
0,42,partial_iv_anp,CALCE_CX2_38,1.0,108,108,108,ok,,0.07754090204020476,0.007830165625656638,-0.8538540420720314,0.5615227736233854,0.15702700240636913,109,108,1471,step1,1
0,42,partial_iv_anp,CALCE_CX2_38,0.0,109,109,109,ok,,0.16119026832927505,0.0027004995438481005,-0.8052966494918458,0.8782312925170068,0.4993824760038545,110,109,1470,step1,1
0,42,partial_iv_anp,CALCE_CX2_38,0.25,109,109,109,ok,,0.07726457239342964,0.007552942774100013,-0.8608698661315054,0.5666666666666667,0.15365025841519184,110,109,1470,step1,1
0,42,partial_iv_anp,CALCE_CX2_38,0.5,109,109,109,ok,,0.07734685986155965,0.007761912994013742,-0.8412644139292974,0.5619047619047619,0.15295320452655248,110,109,1470,step1,1
0,42,partial_iv_anp,CALCE_CX2_38,0.75,109,109,109,ok,,0.07738258233032556,0.007889032441047439,-0.849472403299705,0.5653061224489796,0.15440009323237233,110,109,1470,step1,1
0,42,partial_iv_anp,CALCE_CX2_38,1.0,109,109,109,ok,,0.07739432535783729,0.007984873400204262,-0.8673271008374656,0.572108843537415,0.1564110846438443,110,109,1470,step1,1
0,42,partial_iv_anp,CALCE_CX2_38,0.0,110,110,110,ok,,0.16080358372882886,0.0029545306680440753,-0.8095882350248429,0.8815520762423418,0.4992360247582055,111,110,1469,step10,10
0,42,partial_iv_anp,CALCE_CX2_38,0.0,110,110,110,ok,,0.16080358372882886,0.0029545306680440753,-0.8095882350248429,0.8815520762423418,0.4992360247582055,111,110,1469,step1,1
0,42,partial_iv_anp,CALCE_CX2_38,0.25,110,110,110,ok,,0.07712827949902652,0.007767544201829901,-0.870381240410942,0.5670524166099388,0.15260937219385864,111,110,1469,step10,10
0,42,partial_iv_anp,CALCE_CX2_38,0.25,110,110,110,ok,,0.07712827949902652,0.007767544201829901,-0.870381240410942,0.5670524166099388,0.15260937219385864,111,110,1469,step1,1
0,42,partial_iv_anp,CALCE_CX2_38,0.5,110,110,110,ok,,0.07720890709828766,0.007976453003664563,-0.8501614938335261,0.5650102110279102,0.15187831281573416,111,110,1469,step10,10
0,42,partial_iv_anp,CALCE_CX2_38,0.5,110,110,110,ok,,0.07720890709828766,0.007976453003664563,-0.8501614938335261,0.5650102110279102,0.15187831281573416,111,110,1469,step1,1
0,42,partial_iv_anp,CALCE_CX2_38,0.75,110,110,110,ok,,0.07724120327174515,0.008107981061685643,-0.8586246945055775,0.5677331518039482,0.15332832556332787,111,110,1469,step10,10
0,42,partial_iv_anp,CALCE_CX2_38,0.75,110,110,110,ok,,0.07724120327174515,0.008107981061685643,-0.8586246945055775,0.5677331518039482,0.15332832556332787,111,110,1469,step1,1
0,42,partial_iv_anp,CALCE_CX2_38,1.0,110,110,110,ok,,0.0772502774671483,0.008210057908425217,-0.877174621540276,0.5718175629680055,0.1553973812983928,111,110,1469,step10,10
0,42,partial_iv_anp,CALCE_CX2_38,1.0,110,110,110,ok,,0.0772502774671483,0.008210057908425217,-0.877174621540276,0.5718175629680055,0.1553973812983928,111,110,1469,step1,1
0,42,partial_iv_anp,CALCE_CX2_38,0.0,111,111,111,ok,,0.16042366925707616,0.003139599287308892,-0.8137020126702783,0.8807901907356949,0.499106463086709,112,111,1468,step1,1
0,42,partial_iv_anp,CALCE_CX2_38,0.25,111,111,111,ok,,0.07700335214728242,0.007938623344852958,-0.8847791900944965,0.5715258855585831,0.15230177562741562,112,111,1468,step1,1
0,42,partial_iv_anp,CALCE_CX2_38,0.5,111,111,111,ok,,0.07708127083806182,0.008145372218419156,-0.8642006809662426,0.5647138964577657,0.1514920570773417,112,111,1468,step1,1
0,42,partial_iv_anp,CALCE_CX2_38,0.75,111,111,111,ok,,0.07711080230405257,0.008278213132248191,-0.872385934358441,0.5653950953678474,0.15290783684604004,112,111,1468,step1,1
0,42,partial_iv_anp,CALCE_CX2_38,1.0,111,111,111,ok,,0.07711730105599185,0.008381409350097901,-0.8903659715890033,0.5762942779291553,0.15491331594563787,112,111,1468,step1,1
0,42,partial_iv_anp,CALCE_CX2_38,0.0,112,112,112,ok,,0.16004954155332446,0.003134993112245077,-0.8176643064541924,0.880027266530334,0.4990509822218533,113,112,1467,step1,1
0,42,partial_iv_anp,CALCE_CX2_38,0.25,112,112,112,ok,,0.07688105669171648,0.00792183189398632,-0.8991895663811778,0.5719154737559645,0.1519885779216996,113,112,1467,step1,1
0,42,partial_iv_anp,CALCE_CX2_38,0.5,112,112,112,ok,,0.07695776774794424,0.00813001326435736,-0.8790743437932342,0.567143830947512,0.15123978142104058,113,112,1467,step1,1
0,42,partial_iv_anp,CALCE_CX2_38,0.75,112,112,112,ok,,0.07698502497257394,0.008264151058195002,-0.8869332897852047,0.5732788002726653,0.15262839590815058,113,112,1467,step1,1
0,42,partial_iv_anp,CALCE_CX2_38,1.0,112,112,112,ok,,0.0769894480370382,0.008369066982247042,-0.9047130719412976,0.5787321063394683,0.15462824633142344,113,112,1467,step1,1
0,42,partial_iv_anp,CALCE_CX2_38,0.0,113,113,113,ok,,0.15967872649674472,0.002041682109580667,-0.8215325772153708,0.883356070941337,0.49905244604314597,114,113,1466,step1,1
0,42,partial_iv_anp,CALCE_CX2_38,0.25,113,113,113,ok,,0.07677597852256071,0.0029194256776283734,-0.9469933630422199,0.5927694406548432,0.15631710753711114,114,113,1466,step1,1
0,42,partial_iv_anp,CALCE_CX2_38,0.5,113,113,113,ok,,0.07685231947672107,0.003160414952540269,-0.9392381394333448,0.592087312414734,0.1568689699384178,114,113,1466,step1,1
0,42,partial_iv_anp,CALCE_CX2_38,0.75,113,113,113,ok,,0.07688865517077009,0.003308280219485704,-0.9545273583842412,0.597544338335607,0.15959062012917619,114,113,1466,step1,1
0,42,partial_iv_anp,CALCE_CX2_38,1.0,113,113,113,ok,,0.07690509368308032,0.0034109566912823297,-0.9772836681938778,0.6091405184174625,0.16288025979955434,114,113,1466,step1,1
0,42,partial_iv_anp,CALCE_CX2_38,0.0,114,114,114,ok,,0.15925369886949664,0.00823335929493052,-0.8267199948636053,0.8887372013651877,0.4988632293814808,115,114,1465,step1,1
0,42,partial_iv_anp,CALCE_CX2_38,0.25,114,114,114,ok,,0.07695333524659234,0.002844028687475686,-1.0571357352556026,0.6498293515358362,0.17745823220103138,115,114,1465,step1,1
0,42,partial_iv_anp,CALCE_CX2_38,0.5,114,114,114,ok,,0.07693657389788978,0.002687331642825419,-1.0435474309186217,0.6402730375426621,0.17464410607721637,115,114,1465,step1,1
0,42,partial_iv_anp,CALCE_CX2_38,0.75,114,114,114,ok,,0.07696254704185795,0.002630350221554778,-1.0440522827926364,0.6389078498293516,0.175127904495573,115,114,1465,step1,1
0,42,partial_iv_anp,CALCE_CX2_38,1.0,114,114,114,ok,,0.07699251759874721,0.002602534932276135,-1.0548160991084488,0.6498293515358362,0.17724246917653988,115,114,1465,step1,1
0,42,partial_iv_anp,CALCE_CX2_38,0.0,115,115,115,ok,,0.1587816898255991,0.008319531869363295,-0.8334651001497517,0.8900273224043715,0.49841499025956804,116,115,1464,step1,1
0,42,partial_iv_anp,CALCE_CX2_38,0.25,115,115,115,ok,,0.0767140903232275,0.002918130656853535,-1.075395817886669,0.6577868852459017,0.1764404719192753,116,115,1464,step1,1
0,42,partial_iv_anp,CALCE_CX2_38,0.5,115,115,115,ok,,0.07670805232337163,0.0027625938103590375,-1.0624131875266765,0.648224043715847,0.1738380685367176,116,115,1464,step1,1
0,42,partial_iv_anp,CALCE_CX2_38,0.75,115,115,115,ok,,0.07673655922404927,0.0027044351500783437,-1.0633523458719925,0.6495901639344263,0.17448805782933052,116,115,1464,step1,1
0,42,partial_iv_anp,CALCE_CX2_38,1.0,115,115,115,ok,,0.07676529166881346,0.002674498629469557,-1.0743270621697374,0.6591530054644809,0.1767094048634838,116,115,1464,step1,1
0,42,partial_iv_anp,CALCE_CX2_38,0.0,116,116,116,ok,,0.15831300454805455,0.008969799759805053,-0.8400293471409988,0.8926862611073137,0.49818333465789433,117,116,1463,step1,1
0,42,partial_iv_anp,CALCE_CX2_38,0.25,116,116,116,ok,,0.07651292801416777,0.003550295834871542,-1.0960048471243753,0.657552973342447,0.17667871074367683,117,116,1463,step1,1
0,42,partial_iv_anp,CALCE_CX2_38,0.5,116,116,116,ok,,0.07650645935216178,0.003396715136432138,-1.0836441644201407,0.6514012303485988,0.1740695043887141,117,116,1463,step1,1
0,42,partial_iv_anp,CALCE_CX2_38,0.75,116,116,116,ok,,0.07653563899866782,0.003338530914869575,-1.0849536751389977,0.6541353383458647,0.17483534685892274,117,116,1463,step1,1
0,42,partial_iv_anp,CALCE_CX2_38,1.0,116,116,116,ok,,0.07656541934867864,0.0033090101200998756,-1.0959762733386138,0.6602870813397129,0.17719014878166173,117,116,1463,step1,1
0,42,partial_iv_anp,CALCE_CX2_38,0.0,117,117,117,ok,,0.15784414609860922,0.004195802715600272,-0.8465661055209164,0.8953488372093024,0.49782800211622114,118,117,1462,step1,1
0,42,partial_iv_anp,CALCE_CX2_38,0.25,117,117,117,ok,,0.07611957555769315,0.0010903504899477667,-1.0831570656643668,0.6374829001367989,0.1656947862350809,118,117,1462,step1,1
0,42,partial_iv_anp,CALCE_CX2_38,0.5,117,117,117,ok,,0.07616574348628939,0.0012450995519531771,-1.0664797692899892,0.6306429548563611,0.1637690821691059,118,117,1462,step1,1
0,42,partial_iv_anp,CALCE_CX2_38,0.75,117,117,117,ok,,0.0761894326365149,0.0013240650952071054,-1.067608356572823,0.6326949384404925,0.16454420386380936,118,117,1462,step1,1
0,42,partial_iv_anp,CALCE_CX2_38,1.0,117,117,117,ok,,0.07619494121387446,0.0013814292256615346,-1.0777547850170808,0.6415868673050615,0.1662801829000847,118,117,1462,step1,1
0,42,partial_iv_anp,CALCE_CX2_38,0.0,118,118,118,ok,,0.1574130668635256,0.002401083578942864,-0.8516908535202437,0.8986995208761123,0.497495342710288,119,118,1461,step1,1
0,42,partial_iv_anp,CALCE_CX2_38,0.25,118,118,118,ok,,0.07592457618690042,0.00275447881556512,-1.0795138529513215,0.6324435318275154,0.16031165845484818,119,118,1461,step1,1
0,42,partial_iv_anp,CALCE_CX2_38,0.5,118,118,118,ok,,0.07598368057009042,0.0029198514300902145,-1.0617480984229575,0.6208076659822039,0.15882730131230083,119,118,1461,step1,1
0,42,partial_iv_anp,CALCE_CX2_38,0.75,118,118,118,ok,,0.07600379227828,0.0030168156655531186,-1.0642136468654377,0.6255989048596852,0.15984777519175314,119,118,1461,step1,1
0,42,partial_iv_anp,CALCE_CX2_38,1.0,118,118,118,ok,,0.07600294088235066,0.0030923701978259333,-1.0758971640551214,0.6331279945242985,0.16171147507547717,119,118,1461,step1,1
0,42,partial_iv_anp,CALCE_CX2_38,0.0,119,119,119,ok,,0.15700103842546068,0.00858057843263571,-0.8562365617948724,0.8993150684931507,0.4972403393947984,120,119,1460,step1,1
0,42,partial_iv_anp,CALCE_CX2_38,0.25,119,119,119,ok,,0.07587453495827205,0.0031715038654883676,-1.1352743391442581,0.660958904109589,0.17140389930323974,120,119,1460,step1,1
0,42,partial_iv_anp,CALCE_CX2_38,0.5,119,119,119,ok,,0.07591027210779709,0.0030082152054247135,-1.1257671540069945,0.6561643835616439,0.17021730156957432,120,119,1460,step1,1
0,42,partial_iv_anp,CALCE_CX2_38,0.75,119,119,119,ok,,0.07594352400955387,0.002934521321419248,-1.1296423071061434,0.6602739726027397,0.17181179677424155,120,119,1460,step1,1
0,42,partial_iv_anp,CALCE_CX2_38,1.0,119,119,119,ok,,0.0759648841713995,0.002891658602867775,-1.1414416076558342,0.6684931506849315,0.17448527311438808,120,119,1460,step1,1
0,42,partial_iv_anp,CALCE_CX2_38,0.0,120,120,120,ok,,0.15654635104258166,0.0038473362548031576,-0.8621525126868866,0.9006168608636053,0.49691288338608247,121,120,1459,step10,10
0,42,partial_iv_anp,CALCE_CX2_38,0.0,120,120,120,ok,,0.15654635104258166,0.0038473362548031576,-0.8621525126868866,0.9006168608636053,0.49691288338608247,121,120,1459,step1,1
0,42,partial_iv_anp,CALCE_CX2_38,0.25,120,120,120,ok,,0.0760167449210608,0.009354933585536629,-1.1782515355194865,0.6943111720356409,0.18495530801445512,121,120,1459,step10,10
0,42,partial_iv_anp,CALCE_CX2_38,0.25,120,120,120,ok,,0.0760167449210608,0.009354933585536629,-1.1782515355194865,0.6943111720356409,0.18495530801445512,121,120,1459,step1,1
0,42,partial_iv_anp,CALCE_CX2_38,0.5,120,120,120,ok,,0.07593996241332572,0.009509397923269547,-1.171253964729637,0.6874571624400274,0.18147404924706206,121,120,1459,step10,10
0,42,partial_iv_anp,CALCE_CX2_38,0.5,120,120,120,ok,,0.07593996241332572,0.009509397923269547,-1.171253964729637,0.6874571624400274,0.18147404924706206,121,120,1459,step1,1
0,42,partial_iv_anp,CALCE_CX2_38,0.75,120,120,120,ok,,0.07594177035551085,0.0095585497820726,-1.1707534059420623,0.6874571624400274,0.18129046208778243,121,120,1459,step10,10
0,42,partial_iv_anp,CALCE_CX2_38,0.75,120,120,120,ok,,0.07594177035551085,0.0095585497820726,-1.1707534059420623,0.6874571624400274,0.18129046208778243,121,120,1459,step1,1
0,42,partial_iv_anp,CALCE_CX2_38,1.0,120,120,120,ok,,0.07593953598387582,0.00958055662519497,-1.1751355433290007,0.6888279643591501,0.1819260937090635,121,120,1459,step10,10
0,42,partial_iv_anp,CALCE_CX2_38,1.0,120,120,120,ok,,0.07593953598387582,0.00958055662519497,-1.1751355433290007,0.6888279643591501,0.1819260937090635,121,120,1459,step1,1
0,42,partial_iv_anp,CALCE_CX2_38,0.0,121,121,121,ok,,0.1562049066419865,8.492139094895546e-05,-0.8650226867405685,0.9012345679012346,0.4966548336487938,122,121,1458,step1,1
0,42,partial_iv_anp,CALCE_CX2_38,0.25,121,121,121,ok,,0.07575825617575192,0.005602232008574126,-1.182105770785736,0.6906721536351166,0.18020891993748703,122,121,1458,step1,1
0,42,partial_iv_anp,CALCE_CX2_38,0.5,121,121,121,ok,,0.07573344028858187,0.005750725657018729,-1.174217401543992,0.6844993141289437,0.1775323386454474,122,121,1458,step1,1
0,42,partial_iv_anp,CALCE_CX2_38,0.75,121,121,121,ok,,0.07575099992132651,0.005802927828722604,-1.1747096132846642,0.6858710562414266,0.17797889324506583,122,121,1458,step1,1
0,42,partial_iv_anp,CALCE_CX2_38,1.0,121,121,121,ok,,0.0757615437922424,0.005828255153289108,-1.1809805888454783,0.6899862825788752,0.17935435333758365,122,121,1458,step1,1
0,42,partial_iv_anp,CALCE_CX2_38,0.0,122,122,122,ok,,0.15582584314431364,0.00014767895150757937,-0.8686586044297295,0.9032258064516129,0.4964471936635857,123,122,1457,step1,1
0,42,partial_iv_anp,CALCE_CX2_38,0.25,122,122,122,ok,,0.07555755662408814,0.005369568117932655,-1.1903897842030777,0.6890871654083733,0.1775151567601784,123,122,1457,step1,1
0,42,partial_iv_anp,CALCE_CX2_38,0.5,122,122,122,ok,,0.07555347694692881,0.0055171305546981575,-1.1819384726187405,0.6835964310226493,0.17513182821518886,123,122,1457,step1,1
0,42,partial_iv_anp,CALCE_CX2_38,0.75,122,122,122,ok,,0.07557432975886662,0.005574092449989854,-1.1829022611814146,0.6835964310226493,0.17583900554320703,123,122,1457,step1,1
0,42,partial_iv_anp,CALCE_CX2_38,1.0,122,122,122,ok,,0.07558502172412616,0.005603692768745727,-1.1896075885757933,0.6890871654083733,0.17739904478750881,123,122,1457,step1,1
0,42,partial_iv_anp,CALCE_CX2_38,0.0,123,123,123,ok,,0.15544752096328365,0.000609827055897294,-0.8722557518288596,0.9059065934065934,0.4962288807789552,124,123,1456,step1,1
0,42,partial_iv_anp,CALCE_CX2_38,0.25,123,123,123,ok,,0.0754140883779562,0.004919105069271623,-1.2021314227381037,0.6929945054945055,0.17703413829759806,124,123,1456,step1,1
0,42,partial_iv_anp,CALCE_CX2_38,0.5,123,123,123,ok,,0.07541141062214006,0.005063793636980951,-1.1932191756222508,0.6854395604395604,0.17447583461214022,124,123,1456,step1,1
0,42,partial_iv_anp,CALCE_CX2_38,0.75,123,123,123,ok,,0.0754278762967907,0.005120164072624944,-1.193460107881875,0.6868131868131868,0.17493148379939122,124,123,1456,step1,1
0,42,partial_iv_anp,CALCE_CX2_38,1.0,123,123,123,ok,,0.0754347465694266,0.005151186592670665,-1.1997155298194655,0.6916208791208791,0.17635413815157697,124,123,1456,step1,1
0,42,partial_iv_anp,CALCE_CX2_38,0.0,124,124,124,ok,,0.15506782199552804,0.003764557331673246,-0.8758630579329275,0.9072164948453608,0.49597925318523184,125,124,1455,step1,1
0,42,partial_iv_anp,CALCE_CX2_38,0.25,124,124,124,ok,,0.07535624063492892,0.0018015277608383062,-1.2195592059960718,0.7051546391752578,0.18058432608985342,125,124,1455,step1,1
0,42,partial_iv_anp,CALCE_CX2_38,0.5,124,124,124,ok,,0.07533896059194213,0.0019475813719723734,-1.2135473511529855,0.7003436426116838,0.17824860465600284,125,124,1455,step1,1
0,42,partial_iv_anp,CALCE_CX2_38,0.75,124,124,124,ok,,0.07535879638465816,0.0020000835337140588,-1.2148694919689573,0.7010309278350515,0.17901011149110208,125,124,1455,step1,1
0,42,partial_iv_anp,CALCE_CX2_38,1.0,124,124,124,ok,,0.07537593767890159,0.0020230950771983336,-1.2219978243976237,0.7072164948453609,0.18092287927223594,125,124,1455,step1,1
0,42,partial_iv_anp,CALCE_CX2_38,0.0,125,125,125,ok,,0.15466423840597238,0.002501443895312594,-0.8800532143095993,0.9092159559834938,0.4958635081341232,126,125,1454,step1,1
0,42,partial_iv_anp,CALCE_CX2_38,0.25,125,125,125,ok,,0.07502490941358125,0.007897099854834333,-1.207293898849887,0.6781292984869326,0.16632185153176585,126,125,1454,step1,1
0,42,partial_iv_anp,CALCE_CX2_38,0.5,125,125,125,ok,,0.0750687045311206,0.008039029934270636,-1.193664122124295,0.6664374140302614,0.16422684867290557,126,125,1454,step1,1
0,42,partial_iv_anp,CALCE_CX2_38,0.75,125,125,125,ok,,0.07508236100594598,0.008112831388667807,-1.1935365255949715,0.6678129298486932,0.16480261318873787,126,125,1454,step1,1
0,42,partial_iv_anp,CALCE_CX2_38,1.0,125,125,125,ok,,0.07507766931541951,0.00816420033360532,-1.1997240507248172,0.671939477303989,0.1660060093026642,126,125,1454,step1,1
0,42,partial_iv_anp,CALCE_CX2_38,0.0,126,126,126,ok,,0.1543207773771773,0.004486968439172179,-0.8828383533691991,0.9084652443220922,0.49575370172983635,127,126,1453,step1,1
0,42,partial_iv_anp,CALCE_CX2_38,0.25,126,126,126,ok,,0.07493952818490664,0.009681573205731597,-1.1967105806292233,0.6558843771507227,0.15924311917384393,127,126,1453,step1,1
0,42,partial_iv_anp,CALCE_CX2_38,0.5,126,126,126,ok,,0.07499443044817009,0.009839552929678197,-1.1812539253026897,0.64762560220234,0.1577735675495145,127,126,1453,step1,1
0,42,partial_iv_anp,CALCE_CX2_38,0.75,126,126,126,ok,,0.07500171845465012,0.009938862412699478,-1.1826656459013718,0.6510667584308327,0.15871929455392858,127,126,1453,step1,1
0,42,partial_iv_anp,CALCE_CX2_38,1.0,126,126,126,ok,,0.07499079659499312,0.010011984363036075,-1.1905317519304994,0.6545079146593256,0.16016419693942635,127,126,1453,step1,1
0,42,partial_iv_anp,CALCE_CX2_38,0.0,127,127,127,ok,,0.15400138743396702,0.0020149644843205916,-0.8851671509838661,0.9118457300275482,0.49566024679750487,128,127,1452,step1,1
0,42,partial_iv_anp,CALCE_CX2_38,0.25,127,127,127,ok,,0.0748433496400957,0.0034329753009983976,-1.2320721456322703,0.6776859504132231,0.16792861932310016,128,127,1452,step1,1
0,42,partial_iv_anp,CALCE_CX2_38,0.5,127,127,127,ok,,0.0748828846909993,0.003601006998813605,-1.2243806157089334,0.6749311294765841,0.16724038913852615,128,127,1452,step1,1
0,42,partial_iv_anp,CALCE_CX2_38,0.75,127,127,127,ok,,0.07489725558660944,0.0036897965945112965,-1.228018112102045,0.681129476584022,0.16902466532714217,128,127,1452,step1,1
0,42,partial_iv_anp,CALCE_CX2_38,1.0,127,127,127,ok,,0.07489700558108264,0.0037469381288079973,-1.2374192256073746,0.6893939393939394,0.1715231651549531,128,127,1452,step1,1
0,42,partial_iv_anp,CALCE_CX2_38,0.0,128,128,128,ok,,0.15362119728354023,0.006168095977978183,-0.8887245520182215,0.9138525155065472,0.4954163017995041,129,128,1451,step1,1
0,42,partial_iv_anp,CALCE_CX2_38,0.25,128,128,128,ok,,0.07484640519558995,0.0005439871319479206,-1.2626081842809336,0.7133011716057891,0.17980738165067528,129,128,1451,step1,1
0,42,partial_iv_anp,CALCE_CX2_38,0.5,128,128,128,ok,,0.07483478873907239,0.0004032257710955278,-1.2572806553306215,0.7064093728463129,0.17734150618950018,129,128,1451,step1,1
0,42,partial_iv_anp,CALCE_CX2_38,0.75,128,128,128,ok,,0.07485014290227421,0.000350311078675114,-1.2580964579021563,0.7091660923501034,0.17800924377481941,129,128,1451,step1,1
0,42,partial_iv_anp,CALCE_CX2_38,1.0,128,128,128,ok,,0.07485964237405854,0.00032371705061373657,-1.2646756508912962,0.7133011716057891,0.1798864508530626,129,128,1451,step1,1
0,42,partial_iv_anp,CALCE_CX2_38,0.0,129,129,129,ok,,0.15364187196787182,0.005305610447186471,-0.8878785227631328,0.9124137931034483,0.49568387154872723,130,128,1450,step1,1
0,42,partial_iv_anp,CALCE_CX2_38,0.25,129,129,129,ok,,0.07479371669965408,0.000304505727442006,-1.2586331188774518,0.7041379310344827,0.1764025042673285,130,128,1450,step1,1
0,42,partial_iv_anp,CALCE_CX2_38,0.5,129,129,129,ok,,0.07480252229468902,0.0004457587879423963,-1.2517238508689719,0.6986206896551724,0.17418316145145502,130,128,1450,step1,1
0,42,partial_iv_anp,CALCE_CX2_38,0.75,129,129,129,ok,,0.07481693101622959,0.000504857535346459,-1.252440804640144,0.7006896551724138,0.17487712692710677,130,128,1450,step1,1
0,42,partial_iv_anp,CALCE_CX2_38,1.0,129,129,129,ok,,0.07482272363118132,0.0005406135076631013,-1.259599498340226,0.7041379310344827,0.17689862996507932,130,128,1450,step1,1
0,42,partial_iv_anp,CALCE_CX2_38,0.0,130,130,130,ok,,0.1534413319860947,0.007010082450536581,-0.8893530233254108,0.911663216011042,0.49565851290497837,131,128,1449,step10,10
0,42,partial_iv_anp,CALCE_CX2_38,0.0,130,130,130,ok,,0.1534413319860947,0.007010082450536581,-0.8893530233254108,0.911663216011042,0.49565851290497837,131,128,1449,step1,1
0,42,partial_iv_anp,CALCE_CX2_38,0.25,130,130,130,ok,,0.07475725908742735,0.0013680178694509548,-1.2655130016896132,0.7101449275362319,0.17780890408501268,131,128,1449,step10,10
0,42,partial_iv_anp,CALCE_CX2_38,0.25,130,130,130,ok,,0.07475725908742735,0.0013680178694509548,-1.2655130016896132,0.7101449275362319,0.17780890408501268,131,128,1449,step1,1
0,42,partial_iv_anp,CALCE_CX2_38,0.5,130,130,130,ok,,0.07476014336526392,0.00122747590959571,-1.259615604050438,0.7053140096618358,0.175614298438125,131,128,1449,step10,10
0,42,partial_iv_anp,CALCE_CX2_38,0.5,130,130,130,ok,,0.07476014336526392,0.00122747590959571,-1.259615604050438,0.7053140096618358,0.175614298438125,131,128,1449,step1,1
0,42,partial_iv_anp,CALCE_CX2_38,0.75,130,130,130,ok,,0.0747757030022156,0.0011698558113113489,-1.2606441063179963,0.7060041407867494,0.17643615054370693,131,128,1449,step10,10
0,42,partial_iv_anp,CALCE_CX2_38,0.75,130,130,130,ok,,0.0747757030022156,0.0011698558113113489,-1.2606441063179963,0.7060041407867494,0.17643615054370693,131,128,1449,step1,1
0,42,partial_iv_anp,CALCE_CX2_38,1.0,130,130,130,ok,,0.0747827777959761,0.001138017815388248,-1.2676395461143972,0.7115251897860594,0.17845509504215123,131,128,1449,step10,10
0,42,partial_iv_anp,CALCE_CX2_38,1.0,130,130,130,ok,,0.0747827777959761,0.001138017815388248,-1.2676395461143972,0.7115251897860594,0.17845509504215123,131,128,1449,step1,1
0,42,partial_iv_anp,CALCE_CX2_38,0.0,131,131,131,ok,,0.1528468491054325,0.0018432562691090837,-0.8962878584285484,0.9157458563535912,0.49521698392233326,132,128,1448,step1,1
0,42,partial_iv_anp,CALCE_CX2_38,0.25,131,131,131,ok,,0.07446543211323692,0.0035516992403020753,-1.264467088843647,0.6823204419889503,0.16359918310877736,132,128,1448,step1,1
0,42,partial_iv_anp,CALCE_CX2_38,0.5,131,131,131,ok,,0.07451432469285857,0.003696668982105189,-1.2522153327776764,0.6761049723756906,0.1619310429447376,132,128,1448,step1,1
0,42,partial_iv_anp,CALCE_CX2_38,0.75,131,131,131,ok,,0.07451969910031706,0.0037838297561562095,-1.252917494299014,0.6788674033149171,0.16282877537425305,132,128,1448,step1,1
0,42,partial_iv_anp,CALCE_CX2_38,1.0,131,131,131,ok,,0.07450616953672928,0.003850395947876506,-1.2601064880906383,0.6837016574585635,0.1644738600466683,132,128,1448,step1,1
0,42,partial_iv_anp,CALCE_CX2_38,0.0,132,132,132,ok,,0.15271494616441492,0.0005470178611228782,-0.8960695828557372,0.9177608845888044,0.4952850160084856,133,128,1447,step1,1
0,42,partial_iv_anp,CALCE_CX2_38,0.25,132,132,132,ok,,0.07449478544906478,0.004702653360717179,-1.253437977541066,0.6689702833448514,0.1592083711678353,133,128,1447,step1,1
0,42,partial_iv_anp,CALCE_CX2_38,0.5,132,132,132,ok,,0.07454617531491499,0.004860346585302433,-1.2398377281809065,0.6613683483068418,0.15787215271554808,133,128,1447,step1,1
0,42,partial_iv_anp,CALCE_CX2_38,0.75,132,132,132,ok,,0.07454613582083251,0.00496516416942494,-1.2413412131170212,0.6648237733241189,0.15894784529104106,133,128,1447,step1,1
0,42,partial_iv_anp,CALCE_CX2_38,1.0,132,132,132,ok,,0.07452716153729479,0.005048073250354279,-1.2496283517456703,0.6731167933655839,0.1606766857334363,133,128,1447,step1,1
0,42,partial_iv_anp,CALCE_CX2_38,0.0,133,133,133,ok,,0.15211583851184216,0.00010758712080161104,-0.9030588442743284,0.91701244813278,0.4947191676817805,134,128,1446,step1,1
0,42,partial_iv_anp,CALCE_CX2_38,0.25,133,133,133,ok,,0.0743160175696911,0.005270445841048077,-1.271140866231307,0.6715076071922544,0.15664502958295046,134,128,1446,step1,1
0,42,partial_iv_anp,CALCE_CX2_38,0.5,133,133,133,ok,,0.0743662313488697,0.005432540931282648,-1.2571219523577248,0.661134163208852,0.15544267222411742,134,128,1446,step1,1
0,42,partial_iv_anp,CALCE_CX2_38,0.75,133,133,133,ok,,0.07436053907332014,0.005546844590907818,-1.258859706396524,0.6673582295988935,0.1565839811126485,134,128,1446,step1,1
0,42,partial_iv_anp,CALCE_CX2_38,1.0,133,133,133,ok,,0.07433621457453182,0.005639824106630997,-1.267434827990587,0.6763485477178424,0.15836838306286313,134,128,1446,step1,1
0,42,partial_iv_anp,CALCE_CX2_38,0.0,134,134,134,ok,,0.15173004227701797,0.0003626460032679635,-0.9060348905849895,0.9183391003460207,0.4944767322585598,135,128,1445,step1,1
0,42,partial_iv_anp,CALCE_CX2_38,0.25,134,134,134,ok,,0.07424272716103944,0.005466380414828387,-1.2788763679714552,0.6664359861591695,0.15514166700002235,135,128,1445,step1,1
0,42,partial_iv_anp,CALCE_CX2_38,0.5,134,134,134,ok,,0.07429095227804129,0.005633812132568972,-1.2648181069361923,0.6581314878892733,0.15403137860543809,135,128,1445,step1,1
0,42,partial_iv_anp,CALCE_CX2_38,0.75,134,134,134,ok,,0.07428176635249377,0.005754394991946965,-1.266768161985059,0.6622837370242215,0.1552037254499818,135,128,1445,step1,1
0,42,partial_iv_anp,CALCE_CX2_38,1.0,134,134,134,ok,,0.07425462539663945,0.0058527473469911495,-1.2754921140063042,0.6678200692041523,0.15698457416464082,135,128,1445,step1,1
0,42,partial_iv_anp,CALCE_CX2_38,0.0,135,135,135,ok,,0.1517465478200806,0.00035294718185630014,-0.9031681038414204,0.9196675900277008,0.4946144973986474,136,128,1444,step1,1
0,42,partial_iv_anp,CALCE_CX2_38,0.25,135,135,135,ok,,0.07432781647721033,0.00541509161366327,-1.2682848875649055,0.6613573407202216,0.1542610646652616,136,128,1444,step1,1
0,42,partial_iv_anp,CALCE_CX2_38,0.5,135,135,135,ok,,0.07437574650017513,0.005584756038321426,-1.2537182401881055,0.6551246537396122,0.15317541202239143,136,128,1444,step1,1
0,42,partial_iv_anp,CALCE_CX2_38,0.75,135,135,135,ok,,0.0743660138535355,0.005708899016155122,-1.2558293479713016,0.6585872576177285,0.15434892982053058,136,128,1444,step1,1
0,42,partial_iv_anp,CALCE_CX2_38,1.0,135,135,135,ok,,0.07433836266254484,0.0058116873185571905,-1.2649193808536798,0.6613573407202216,0.15612755352810426,136,128,1444,step1,1
0,42,partial_iv_anp,CALCE_CX2_38,0.0,136,136,136,ok,,0.1515953302380236,0.0009932116582821449,-0.9048472928225918,0.9175329175329175,0.4945700191481284,137,128,1443,step1,1
0,42,partial_iv_anp,CALCE_CX2_38,0.25,136,136,136,ok,,0.0743197975598234,0.00595934862758607,-1.267106253941262,0.6541926541926542,0.15210000935306692,137,128,1443,step1,1
0,42,partial_iv_anp,CALCE_CX2_38,0.5,136,136,136,ok,,0.07436404175735423,0.006138178191658739,-1.2522403539123514,0.6486486486486487,0.15116201421984776,137,128,1443,step1,1
0,42,partial_iv_anp,CALCE_CX2_38,0.75,136,136,136,ok,,0.07435018968944922,0.006273865638174336,-1.2549012583025891,0.6548856548856549,0.15240980933598622,137,128,1443,step1,1
0,42,partial_iv_anp,CALCE_CX2_38,1.0,136,136,136,ok,,0.07431921517353868,0.006386568877576493,-1.2646002025600351,0.6604296604296604,0.15423379578133325,137,128,1443,step1,1
0,42,partial_iv_anp,CALCE_CX2_38,0.0,137,137,137,ok,,0.15090490937441425,0.0014780735342597717,-0.9113933739406577,0.9188626907073509,0.4939790095310343,138,128,1442,step1,1
0,42,partial_iv_anp,CALCE_CX2_38,0.25,137,137,137,ok,,0.07416183634455645,0.006352959569488115,-1.286853113702312,0.6588072122052705,0.1503722590142501,138,128,1442,step1,1
0,42,partial_iv_anp,CALCE_CX2_38,0.5,137,137,137,ok,,0.07420008328231804,0.00654144703767634,-1.272394856881345,0.6532593619972261,0.14958311489635,138,128,1442,step1,1
0,42,partial_iv_anp,CALCE_CX2_38,0.75,137,137,137,ok,,0.07418070472962035,0.00668558958801535,-1.275322639608323,0.658113730929265,0.1508699149353032,138,128,1442,step1,1
0,42,partial_iv_anp,CALCE_CX2_38,1.0,137,137,137,ok,,0.07414543595098932,0.0068062477111664466,-1.28511811463525,0.6636615811373093,0.1527065728494436,138,128,1442,step1,1
0,42,partial_iv_anp,CALCE_CX2_38,0.0,138,138,138,ok,,0.15077582885052124,0.0015471651929792607,-0.9112329526269403,0.9188063844552394,0.4939285495023616,139,128,1441,step1,1
0,42,partial_iv_anp,CALCE_CX2_38,0.25,138,138,138,ok,,0.07418604913260869,0.006362462201227159,-1.2838345522068082,0.6516308119361555,0.14924184727458037,139,128,1441,step1,1
0,42,partial_iv_anp,CALCE_CX2_38,0.5,138,138,138,ok,,0.07422263234537581,0.00655306167028169,-1.2690399176899256,0.648854961832061,0.14846655055208907,139,128,1441,step1,1
0,42,partial_iv_anp,CALCE_CX2_38,0.75,138,138,138,ok,,0.07420048243417639,0.006704311676891783,-1.2724130622423422,0.6523247744621791,0.1498035996166342,139,128,1441,step1,1
0,42,partial_iv_anp,CALCE_CX2_38,1.0,138,138,138,ok,,0.07416242625576783,0.0068325622106230055,-1.282815563575939,0.6599583622484386,0.151709060989512,139,128,1441,step1,1
0,42,partial_iv_anp,CALCE_CX2_38,0.0,139,139,139,ok,,0.15017716301652778,0.0015645781896745925,-0.9170285441150677,0.9229166666666667,0.49346373281005246,140,128,1440,step1,1
0,42,partial_iv_anp,CALCE_CX2_38,0.25,139,139,139,ok,,0.0740320502342718,0.006357569429815468,-1.306135530189852,0.6666666666666666,0.14878301896189206,140,128,1440,step1,1
0,42,partial_iv_anp,CALCE_CX2_38,0.5,139,139,139,ok,,0.07406640704624452,0.006547923226555841,-1.2915290012254235,0.6625,0.14800459883685574,140,128,1440,step1,1
0,42,partial_iv_anp,CALCE_CX2_38,0.75,139,139,139,ok,,0.07404170801508617,0.006699891079149145,-1.294592966188665,0.6631944444444444,0.14930917230111546,140,128,1440,step1,1
0,42,partial_iv_anp,CALCE_CX2_38,1.0,139,139,139,ok,,0.07400114776392008,0.00683022911751896,-1.3046595895452113,0.6680555555555555,0.1511988669109349,140,128,1440,step1,1
0,42,partial_iv_anp,CALCE_CX2_38,0.0,140,140,140,ok,,0.15003012544051433,0.0013837506067635452,-0.9162025771078083,0.9221681723419041,0.4935400554282616,141,128,1439,step10,10
0,42,partial_iv_anp,CALCE_CX2_38,0.0,140,140,140,ok,,0.15003012544051433,0.0013837506067635452,-0.9162025771078083,0.9221681723419041,0.4935400554282616,141,128,1439,step1,1
0,42,partial_iv_anp,CALCE_CX2_38,0.25,140,140,140,ok,,0.07405569564335597,0.006158224118678501,-1.3046838960938063,0.6664350243224462,0.14848031549166812,141,128,1439,step10,10
0,42,partial_iv_anp,CALCE_CX2_38,0.25,140,140,140,ok,,0.07405569564335597,0.006158224118678501,-1.3046838960938063,0.6664350243224462,0.14848031549166812,141,128,1439,step1,1
0,42,partial_iv_anp,CALCE_CX2_38,0.5,140,140,140,ok,,0.07408769355736484,0.0063507683752185295,-1.2902353505904407,0.6567060458651841,0.14776449000065617,141,128,1439,step10,10
0,42,partial_iv_anp,CALCE_CX2_38,0.5,140,140,140,ok,,0.07408769355736484,0.0063507683752185295,-1.2902353505904407,0.6567060458651841,0.14776449000065617,141,128,1439,step1,1
0,42,partial_iv_anp,CALCE_CX2_38,0.75,140,140,140,ok,,0.07406115485781925,0.006506569709970211,-1.2935944571795448,0.660180681028492,0.14911743705637479,141,128,1439,step10,10
0,42,partial_iv_anp,CALCE_CX2_38,0.75,140,140,140,ok,,0.07406115485781925,0.006506569709970211,-1.2935944571795448,0.660180681028492,0.14911743705637479,141,128,1439,step1,1
0,42,partial_iv_anp,CALCE_CX2_38,1.0,140,140,140,ok,,0.07401998216705333,0.006639557246149619,-1.3038339834159915,0.665045170257123,0.15101290200672485,141,128,1439,step10,10
0,42,partial_iv_anp,CALCE_CX2_38,1.0,140,140,140,ok,,0.07401998216705333,0.006639557246149619,-1.3038339834159915,0.665045170257123,0.15101290200672485,141,128,1439,step1,1
0,42,partial_iv_anp,CALCE_CX2_38,0.0,141,141,141,ok,,0.14971534684553686,0.0013583855736047923,-0.9181098843592136,0.9228094575799722,0.4933909356686522,142,128,1438,step1,1
0,42,partial_iv_anp,CALCE_CX2_38,0.25,141,141,141,ok,,0.07401037424262247,0.006104872322645227,-1.3123600097929848,0.6675938803894298,0.14803496792114765,142,128,1438,step1,1
0,42,partial_iv_anp,CALCE_CX2_38,0.5,141,141,141,ok,,0.07404147815168421,0.006299393673290465,-1.2979237494282145,0.6634214186369958,0.14730089863569784,142,128,1438,step1,1
0,42,partial_iv_anp,CALCE_CX2_38,0.75,141,141,141,ok,,0.07401311144528827,0.006457625104853704,-1.3012968423783215,0.6675938803894298,0.14865156663995813,142,128,1438,step1,1
0,42,partial_iv_anp,CALCE_CX2_38,1.0,141,141,141,ok,,0.07396968368288455,0.0065940563136516195,-1.3116118587262002,0.6710709318497914,0.15057578846498848,142,128,1438,step1,1
0,42,partial_iv_anp,CALCE_CX2_38,0.0,142,142,142,ok,,0.14939623378992598,0.001508513556389146,-0.9210560635160392,0.9269311064718163,0.49323951957281553,143,128,1437,step1,1
0,42,partial_iv_anp,CALCE_CX2_38,0.25,142,142,142,ok,,0.0739560908243854,0.006194416163567862,-1.3210012326189018,0.6708420320111343,0.14704310416343055,143,128,1437,step1,1
0,42,partial_iv_anp,CALCE_CX2_38,0.5,142,142,142,ok,,0.07398267574719741,0.006395114468841112,-1.306734321112797,0.6638830897703549,0.14639227215684703,143,128,1437,step1,1
0,42,partial_iv_anp,CALCE_CX2_38,0.75,142,142,142,ok,,0.07395053499850995,0.006560901389133678,-1.3103944770935623,0.6701461377870563,0.14779130066733157,143,128,1437,step1,1
0,42,partial_iv_anp,CALCE_CX2_38,1.0,142,142,142,ok,,0.07390460217575312,0.0067036448143402705,-1.3208794640695016,0.6764091858037579,0.1497335712475879,143,128,1437,step1,1
0,42,partial_iv_anp,CALCE_CX2_38,0.0,143,143,143,ok,,0.14916820034390438,0.001783541818235812,-0.9218264963434346,0.9282729805013927,0.49309152566754166,144,128,1436,step1,1
0,42,partial_iv_anp,CALCE_CX2_38,0.25,143,143,143,ok,,0.07395151575394185,0.006423441574460176,-1.323256014848331,0.6761838440111421,0.14628861508209,144,128,1436,step1,1
0,42,partial_iv_anp,CALCE_CX2_38,0.5,143,143,143,ok,,0.07397653424651479,0.006625406583228077,-1.3088389127979578,0.6685236768802229,0.1456334504201457,144,128,1436,step1,1
0,42,partial_iv_anp,CALCE_CX2_38,0.75,143,143,143,ok,,0.07394336011361335,0.006792897943958653,-1.3124707306343943,0.6706128133704735,0.147002743619624,144,128,1436,step1,1
0,42,partial_iv_anp,CALCE_CX2_38,1.0,143,143,143,ok,,0.07389678822420673,0.006937968865833644,-1.3229929751688512,0.6789693593314763,0.14891198227214944,144,128,1436,step1,1
0,42,partial_iv_anp,CALCE_CX2_38,0.0,144,144,144,ok,,0.14876459630900443,0.0019377933169898443,-0.9246660458962443,0.9282229965156794,0.49290179498707004,145,128,1435,step1,1
0,42,partial_iv_anp,CALCE_CX2_38,0.25,144,144,144,ok,,0.07390036525668475,0.006514612091194527,-1.3325718128837531,0.6738675958188153,0.14536756812103555,145,128,1435,step1,1
0,42,partial_iv_anp,CALCE_CX2_38,0.5,144,144,144,ok,,0.07392041556968401,0.0067208710402021365,-1.3183241340621994,0.6662020905923345,0.14478420500822684,145,128,1435,step1,1
0,42,partial_iv_anp,CALCE_CX2_38,0.75,144,144,144,ok,,0.07388394867688027,0.006894563141752519,-1.3222044746357002,0.6655052264808362,0.14617375649070533,145,128,1435,step1,1
0,42,partial_iv_anp,CALCE_CX2_38,1.0,144,144,144,ok,,0.07383458168925244,0.007045702737828674,-1.3329273684503182,0.6766550522648084,0.1481052689814321,145,128,1435,step1,1
0,42,partial_iv_anp,CALCE_CX2_38,0.0,145,145,145,ok,,0.14877469839980625,0.0029401829099402477,-0.9235459900114161,0.9267782426778243,0.4930584438876927,146,128,1434,step1,1
0,42,partial_iv_anp,CALCE_CX2_38,0.25,145,145,145,ok,,0.07399969279239972,0.007340500681794482,-1.318257426404552,0.6589958158995816,0.14304231979726847,146,128,1434,step1,1
0,42,partial_iv_anp,CALCE_CX2_38,0.5,145,145,145,ok,,0.07401414835005811,0.0075599620325903505,-1.3034406685981985,0.6457461645746164,0.14252034542148398,146,128,1434,step1,1
0,42,partial_iv_anp,CALCE_CX2_38,0.75,145,145,145,ok,,0.07397463376128681,0.00774673085962907,-1.3081160976974906,0.6492329149232915,0.1439276224185132,146,128,1434,step1,1
0,42,partial_iv_anp,CALCE_CX2_38,1.0,145,145,145,ok,,0.07392360832574614,0.007909924729941897,-1.3198369578019373,0.6610878661087866,0.1458531909169,146,128,1434,step1,1
0,42,partial_iv_anp,CALCE_CX2_38,0.0,146,146,146,ok,,0.14845462277574645,0.0030441999516488405,-0.9253816569099007,0.9288206559665039,0.4929777833099556,147,128,1433,step1,1
0,42,partial_iv_anp,CALCE_CX2_38,0.25,146,146,146,ok,,0.07397955417353741,0.007375527115255798,-1.3232951074908101,0.6559665038381018,0.14216005067477783,147,128,1433,step1,1
0,42,partial_iv_anp,CALCE_CX2_38,0.5,146,146,146,ok,,0.07398648319937388,0.007606098037933884,-1.3092668135407164,0.6531751570132589,0.14178609815615625,147,128,1433,step1,1
0,42,partial_iv_anp,CALCE_CX2_38,0.75,146,146,146,ok,,0.07394195591607994,0.007803466986318508,-1.314660055832063,0.6559665038381018,0.1432865907857285,147,128,1433,step1,1
0,42,partial_iv_anp,CALCE_CX2_38,1.0,146,146,146,ok,,0.07388744956589757,0.007975578903659852,-1.3269298542530774,0.6636427076064201,0.14527877194580463,147,128,1433,step1,1
0,42,partial_iv_anp,CALCE_CX2_38,0.0,147,147,147,ok,,0.14797428292492687,0.007502367907289087,-0.927858411379674,0.9294692737430168,0.49284714352909204,148,128,1432,step1,1
0,42,partial_iv_anp,CALCE_CX2_38,0.25,147,147,147,ok,,0.07340307202647495,0.0020464941842708306,-1.3973791389824912,0.7178770949720671,0.16099348471360514,148,128,1432,step1,1
0,42,partial_iv_anp,CALCE_CX2_38,0.5,147,147,147,ok,,0.07343818783622087,0.0018826272002173683,-1.3895980288425638,0.7143854748603352,0.16023488231268182,148,128,1432,step1,1
0,42,partial_iv_anp,CALCE_CX2_38,0.75,147,147,147,ok,,0.07341152448027363,0.001759330584809038,-1.391522682844369,0.7164804469273743,0.16201176952204735,148,128,1432,step1,1
0,42,partial_iv_anp,CALCE_CX2_38,1.0,147,147,147,ok,,0.0733650311686245,0.0016560860845391545,-1.3993177943469697,0.7276536312849162,0.16471577959534678,148,128,1432,step1,1
0,42,partial_iv_anp,CALCE_CX2_38,0.0,148,148,148,ok,,0.1475561650217844,0.00832763309832818,-0.9322363747038869,0.9280223619846262,0.4924644760348072,149,128,1431,step1,1
0,42,partial_iv_anp,CALCE_CX2_38,0.25,148,148,148,ok,,0.07319638015561027,0.002701629167304209,-1.4170685570081807,0.7316561844863732,0.16516990620310115,149,128,1431,step1,1
0,42,partial_iv_anp,CALCE_CX2_38,0.5,148,148,148,ok,,0.07323887632835091,0.0025613485005469006,-1.4105176375008381,0.7288609364081062,0.16387461055174168,149,128,1431,step1,1
0,42,partial_iv_anp,CALCE_CX2_38,0.75,148,148,148,ok,,0.07322695375016891,0.0024699946113100335,-1.4108636994115014,0.7295597484276729,0.16500161679316055,149,128,1431,step1,1
0,42,partial_iv_anp,CALCE_CX2_38,1.0,148,148,148,ok,,0.07319471293602757,0.0023951266834544294,-1.4164495368811754,0.7365478686233403,0.167051096352013,149,128,1431,step1,1
0,42,partial_iv_anp,CALCE_CX2_38,0.0,149,149,149,ok,,0.14751323737546307,0.009802140510310142,-0.9314654187293971,0.9307692307692308,0.4925199448155178,150,128,1430,step1,1
0,42,partial_iv_anp,CALCE_CX2_38,0.25,149,149,149,ok,,0.07320315085727187,0.004132892926639875,-1.4162491836707451,0.7342657342657343,0.16612425119976162,150,128,1430,step1,1
0,42,partial_iv_anp,CALCE_CX2_38,0.5,149,149,149,ok,,0.07324421027387036,0.003993232830989624,-1.4101778618170464,0.7307692307692307,0.1648481013871547,150,128,1430,step1,1
0,42,partial_iv_anp,CALCE_CX2_38,0.75,149,149,149,ok,,0.07322997433072823,0.0038990856617359126,-1.4108086442648637,0.7321678321678322,0.16620209513056508,150,128,1430,step1,1
0,42,partial_iv_anp,CALCE_CX2_38,1.0,149,149,149,ok,,0.07319450500403113,0.003820518093430647,-1.4169655706537676,0.7419580419580419,0.16861156652005244,150,128,1430,step1,1
0,42,partial_iv_anp,CALCE_CX2_38,0.0,150,150,150,ok,,0.14699674623232892,0.010510317699804816,-0.935764234978602,0.9314205738278516,0.49201825649655806,151,128,1429,step10,10
0,42,partial_iv_anp,CALCE_CX2_38,0.0,150,150,150,ok,,0.14699674623232892,0.010510317699804816,-0.935764234978602,0.9314205738278516,0.49201825649655806,151,128,1429,step1,1
0,42,partial_iv_anp,CALCE_CX2_38,0.25,150,150,150,ok,,0.07305393939824695,0.004806155180976379,-1.4316611368094578,0.7382785164450665,0.1668822277115641,151,128,1429,step10,10
0,42,partial_iv_anp,CALCE_CX2_38,0.25,150,150,150,ok,,0.07305393939824695,0.004806155180976379,-1.4316611368094578,0.7382785164450665,0.1668822277115641,151,128,1429,step1,1
0,42,partial_iv_anp,CALCE_CX2_38,0.5,150,150,150,ok,,0.0730974228848338,0.004672827537748447,-1.4261719431219753,0.7333799860041987,0.1654204187550255,151,128,1429,step10,10
0,42,partial_iv_anp,CALCE_CX2_38,0.5,150,150,150,ok,,0.0730974228848338,0.004672827537748447,-1.4261719431219753,0.7333799860041987,0.1654204187550255,151,128,1429,step1,1
0,42,partial_iv_anp,CALCE_CX2_38,0.75,150,150,150,ok,,0.07308309655731367,0.004581221585877038,-1.4267229647945494,0.7361791462561231,0.1667114212570037,151,128,1429,step10,10
0,42,partial_iv_anp,CALCE_CX2_38,0.75,150,150,150,ok,,0.07308309655731367,0.004581221585877038,-1.4267229647945494,0.7361791462561231,0.1667114212570037,151,128,1429,step1,1
0,42,partial_iv_anp,CALCE_CX2_38,1.0,150,150,150,ok,,0.07304647407031443,0.004504528511533046,-1.432486656756249,0.7410776766969909,0.16913733314558868,151,128,1429,step10,10
0,42,partial_iv_anp,CALCE_CX2_38,1.0,150,150,150,ok,,0.07304647407031443,0.004504528511533046,-1.432486656756249,0.7410776766969909,0.16913733314558868,151,128,1429,step1,1
0,42,partial_iv_anp,CALCE_CX2_38,0.0,151,151,151,ok,,0.14640189244990742,0.009698581854186927,-0.9413521300895552,0.9348739495798319,0.4915009956593282,152,128,1428,step1,1
0,42,partial_iv_anp,CALCE_CX2_38,0.25,151,151,151,ok,,0.07282067543216471,0.003862412713349306,-1.451205739990914,0.7535014005602241,0.1710660182881992,152,128,1428,step1,1
0,42,partial_iv_anp,CALCE_CX2_38,0.5,151,151,151,ok,,0.07286992496091475,0.0037520742474851376,-1.4473853905232068,0.7485994397759104,0.16874592473157826,152,128,1428,step1,1
0,42,partial_iv_anp,CALCE_CX2_38,0.75,151,151,151,ok,,0.07287643832237722,0.0036993821512224523,-1.4465497413355919,0.7485994397759104,0.1687158569484423,152,128,1428,step1,1
0,42,partial_iv_anp,CALCE_CX2_38,1.0,151,151,151,ok,,0.07286053465902417,0.0036557735402822367,-1.450172501297095,0.7514005602240896,0.16976117882236316,152,128,1428,step1,1
0,42,partial_iv_anp,CALCE_CX2_38,0.0,152,152,152,ok,,0.14566869101325608,0.003805346982789337,-0.948585035424231,0.9341275402943238,0.4909069962621524,153,128,1427,step1,1
0,42,partial_iv_anp,CALCE_CX2_38,0.25,152,152,152,ok,,0.07306206603832774,0.0012239355817718067,-1.4586027305282954,0.7252978276103714,0.15124125414374495,153,128,1427,step1,1
0,42,partial_iv_anp,CALCE_CX2_38,0.5,152,152,152,ok,,0.07308650527694317,0.0014025776964485814,-1.4481457953550938,0.7224947442186405,0.15053564715097584,153,128,1427,step1,1
0,42,partial_iv_anp,CALCE_CX2_38,0.75,152,152,152,ok,,0.07304401786343515,0.0015529731752244036,-1.4493585711235768,0.7266993693062369,0.15194325235140738,153,128,1427,step1,1
0,42,partial_iv_anp,CALCE_CX2_38,1.0,152,152,152,ok,,0.07298472169783514,0.0016879211196720867,-1.456405744984168,0.7309039943938332,0.15405987139872723,153,128,1427,step1,1
0,42,partial_iv_anp,CALCE_CX2_38,0.0,153,153,153,ok,,0.1456469814994019,0.002523950670945352,-0.947630213719379,0.9354838709677419,0.49108505422466103,154,128,1426,step1,1
0,42,partial_iv_anp,CALCE_CX2_38,0.25,153,153,153,ok,,0.07319174169790557,0.0023119412746509527,-1.4493272408783306,0.7166900420757363,0.14820368740440765,154,128,1426,step1,1
0,42,partial_iv_anp,CALCE_CX2_38,0.5,153,153,153,ok,,0.07320819977120968,0.0025042185578089127,-1.4379561949534292,0.708976157082749,0.14760453335304832,154,128,1426,step1,1
0,42,partial_iv_anp,CALCE_CX2_38,0.75,153,153,153,ok,,0.07316015506511934,0.002670688532340315,-1.4397963214233902,0.7138849929873773,0.14905900611862857,154,128,1426,step1,1
0,42,partial_iv_anp,CALCE_CX2_38,1.0,153,153,153,ok,,0.07309772050728842,0.0028209728905462805,-1.4477280367670362,0.7201963534361852,0.15116543330708834,154,128,1426,step1,1
0,42,partial_iv_anp,CALCE_CX2_38,0.0,154,154,154,ok,,0.14525358863844415,0.012954991068322541,-0.9506315450078113,0.9375438596491228,0.49086942517360593,155,128,1425,step1,1
0,42,partial_iv_anp,CALCE_CX2_38,0.25,154,154,154,ok,,0.07254216238578802,0.007137532075356279,-1.4831124577088248,0.7663157894736842,0.16866181129685745,155,128,1425,step1,1
0,42,partial_iv_anp,CALCE_CX2_38,0.5,154,154,154,ok,,0.07258112764807882,0.00700370563212549,-1.4797492600770554,0.7635087719298246,0.1674672761358906,155,128,1425,step1,1
0,42,partial_iv_anp,CALCE_CX2_38,0.75,154,154,154,ok,,0.07255966854265704,0.0069129751541374684,-1.4799565833269286,0.7663157894736842,0.16900336095637408,155,128,1425,step1,1
0,42,partial_iv_anp,CALCE_CX2_38,1.0,154,154,154,ok,,0.07251428237337888,0.00683727967980019,-1.48487705158002,0.7705263157894737,0.17184654841088845,155,128,1425,step1,1
0,42,partial_iv_anp,CALCE_CX2_38,0.0,155,155,155,ok,,0.14503981528213947,0.013215217069976082,-0.9515856839138912,0.9375,0.49083472201321343,156,128,1424,step1,1
0,42,partial_iv_anp,CALCE_CX2_38,0.25,155,155,155,ok,,0.07249739723125605,0.007355836865651666,-1.4865902631278174,0.7668539325842697,0.16961997330237072,156,128,1424,step1,1
0,42,partial_iv_anp,CALCE_CX2_38,0.5,155,155,155,ok,,0.07254190040010956,0.007233353596013292,-1.4836909279866655,0.761938202247191,0.16806069109277164,156,128,1424,step1,1
0,42,partial_iv_anp,CALCE_CX2_38,0.75,155,155,155,ok,,0.07252538153462401,0.007150879056866066,-1.4837454281208264,0.7612359550561798,0.16931546989912105,156,128,1424,step1,1
0,42,partial_iv_anp,CALCE_CX2_38,1.0,155,155,155,ok,,0.07248432296390603,0.007080909664555324,-1.488325655867931,0.7696629213483146,0.17186745428980313,156,128,1424,step1,1
0,42,partial_iv_anp,CALCE_CX2_38,0.0,156,156,156,ok,,0.14454519903543492,0.012837591895921485,-0.9565237154327085,0.9416725228390724,0.4903600481765965,157,128,1423,step1,1
0,42,partial_iv_anp,CALCE_CX2_38,0.25,156,156,156,ok,,0.07237045646969228,0.007005007014749376,-1.5026819521763537,0.7652846099789178,0.16800871098443007,157,128,1423,step1,1
0,42,partial_iv_anp,CALCE_CX2_38,0.5,156,156,156,ok,,0.07241642041285726,0.0068805551714336,-1.499297238070647,0.7624736472241743,0.16656711561432522,157,128,1423,step1,1
0,42,partial_iv_anp,CALCE_CX2_38,0.75,156,156,156,ok,,0.0723964561171288,0.006793383746848236,-1.499164792020186,0.7645818692902319,0.1678233429943023,157,128,1423,step1,1
0,42,partial_iv_anp,CALCE_CX2_38,1.0,156,156,156,ok,,0.07235053235172664,0.006717538810018797,-1.5034612200279196,0.7730147575544624,0.17035704653312514,157,128,1423,step1,1
0,42,partial_iv_anp,CALCE_CX2_38,0.0,157,157,157,ok,,0.14424838998606754,0.013224975656993432,-0.9592026493660283,0.9416315049226441,0.49012488515006886,158,128,1422,step1,1
0,42,partial_iv_anp,CALCE_CX2_38,0.25,157,157,157,ok,,0.07229687450100644,0.0073942872808859805,-1.51120345263988,0.7679324894514767,0.16742591223508357,158,128,1422,step1,1
0,42,partial_iv_anp,CALCE_CX2_38,0.5,157,157,157,ok,,0.07234286758087932,0.007267916566383925,-1.5077962110744476,0.7630098452883263,0.16604996494275268,158,128,1422,step1,1
0,42,partial_iv_anp,CALCE_CX2_38,0.75,157,157,157,ok,,0.07232034178938536,0.007177683468328144,-1.507548541456049,0.7651195499296765,0.16735893955677628,158,128,1422,step1,1
0,42,partial_iv_anp,CALCE_CX2_38,1.0,157,157,157,ok,,0.07227022028328649,0.007097260577022535,-1.5117720669633552,0.7714486638537271,0.17000810405414485,158,128,1422,step1,1
0,42,partial_iv_anp,CALCE_CX2_38,0.0,158,158,158,ok,,0.14403970868791988,0.010587684666180097,-0.9610451700194551,0.9408866995073891,0.4900233565471951,159,128,1421,step1,1
0,42,partial_iv_anp,CALCE_CX2_38,0.25,158,158,158,ok,,0.07224217928284346,0.004738441639995705,-1.5171958746102283,0.7733990147783252,0.16725671583002275,159,128,1421,step1,1
0,42,partial_iv_anp,CALCE_CX2_38,0.5,158,158,158,ok,,0.07232248052731832,0.004658373411468131,-1.5134655339197518,0.7656579873328642,0.16444254948098633,159,128,1421,step1,1
0,42,partial_iv_anp,CALCE_CX2_38,0.75,158,158,158,ok,,0.07232696341488937,0.00460225397340519,-1.512527001692481,0.764954257565095,0.1644693197210166,159,128,1421,step1,1
0,42,partial_iv_anp,CALCE_CX2_38,1.0,158,158,158,ok,,0.07229764107977538,0.004540919323923531,-1.515906006877789,0.7698803659394793,0.1658703697840643,159,128,1421,step1,1
0,42,partial_iv_anp,CALCE_CX2_38,0.0,159,159,159,ok,,0.14377072575050096,0.005797870272273631,-0.9629000272868077,0.9422535211267605,0.48986058296768903,160,128,1420,step1,1
0,42,partial_iv_anp,CALCE_CX2_38,0.25,159,159,159,ok,,0.07265419760048525,0.0006659250816100082,-1.5196594887403778,0.7415492957746479,0.15165332289634553,160,128,1420,step1,1
0,42,partial_iv_anp,CALCE_CX2_38,0.5,159,159,159,ok,,0.07267767555947395,0.0004933051338027461,-1.5103920039792498,0.7352112676056338,0.15093568700387994,160,128,1420,step1,1
0,42,partial_iv_anp,CALCE_CX2_38,0.75,159,159,159,ok,,0.07263013582052416,0.0003446609578129367,-1.5104448001670983,0.7380281690140845,0.1523042265784958,160,128,1420,step1,1
0,42,partial_iv_anp,CALCE_CX2_38,1.0,159,159,159,ok,,0.07256339001137803,0.0002063250785403481,-1.5159331941716538,0.7415492957746479,0.1544728190580714,160,128,1420,step1,1
0,42,partial_iv_anp,CALCE_CX2_38,0.0,160,160,160,ok,,0.1436906269663351,0.004531837901548208,-0.9613855380318498,0.9429175475687104,0.4900341170563918,161,128,1419,step10,10
0,42,partial_iv_anp,CALCE_CX2_38,0.0,160,160,160,ok,,0.1436906269663351,0.004531837901548208,-0.9613855380318498,0.9429175475687104,0.4900341170563918,161,128,1419,step1,1
0,42,partial_iv_anp,CALCE_CX2_38,0.25,160,160,160,ok,,0.07282551266597401,0.0003789780647159846,-1.5113603887603202,0.7286821705426356,0.1484271260445496,161,128,1419,step10,10
0,42,partial_iv_anp,CALCE_CX2_38,0.25,160,160,160,ok,,0.07282551266597401,0.0003789780647159846,-1.5113603887603202,0.7286821705426356,0.1484271260445496,161,128,1419,step1,1
0,42,partial_iv_anp,CALCE_CX2_38,0.5,160,160,160,ok,,0.0728362971275563,0.0005706628231727517,-1.5011812436627265,0.7251585623678647,0.14790007643830672,161,128,1419,step10,10
0,42,partial_iv_anp,CALCE_CX2_38,0.5,160,160,160,ok,,0.0728362971275563,0.0005706628231727517,-1.5011812436627265,0.7251585623678647,0.14790007643830672,161,128,1419,step1,1
0,42,partial_iv_anp,CALCE_CX2_38,0.75,160,160,160,ok,,0.07278020274346342,0.0007407642747372378,-1.5019511445884202,0.7258632840028189,0.14938630124306457,161,128,1419,step10,10
0,42,partial_iv_anp,CALCE_CX2_38,0.75,160,160,160,ok,,0.07278020274346342,0.0007407642747372378,-1.5019511445884202,0.7258632840028189,0.14938630124306457,161,128,1419,step1,1
0,42,partial_iv_anp,CALCE_CX2_38,1.0,160,160,160,ok,,0.07270848336898081,0.0008977286477879209,-1.5083546251645112,0.7329105003523608,0.1515899072093959,161,128,1419,step10,10
0,42,partial_iv_anp,CALCE_CX2_38,1.0,160,160,160,ok,,0.07270848336898081,0.0008977286477879209,-1.5083546251645112,0.7329105003523608,0.1515899072093959,161,128,1419,step1,1
0,42,partial_iv_anp,CALCE_CX2_38,0.0,161,161,161,ok,,0.1430700450867352,0.013282277431717282,-0.9671142286911323,0.9435825105782792,0.48950663729042515,162,128,1418,step1,1
0,42,partial_iv_anp,CALCE_CX2_38,0.25,161,161,161,ok,,0.07205720581119307,0.007425015973599014,-1.540126674120775,0.7806770098730607,0.16635583432427334,162,128,1418,step1,1
0,42,partial_iv_anp,CALCE_CX2_38,0.5,161,161,161,ok,,0.0720996432504299,0.007294542673448756,-1.5370455596963877,0.7757404795486601,0.16526376121316672,162,128,1418,step1,1
0,42,partial_iv_anp,CALCE_CX2_38,0.75,161,161,161,ok,,0.0720686481106917,0.007196766157269163,-1.5365352232332135,0.7799717912552891,0.16674001064774346,162,128,1418,step1,1
0,42,partial_iv_anp,CALCE_CX2_38,1.0,161,161,161,ok,,0.07201135303499476,0.007110288082439409,-1.5401334753314635,0.7842031029619182,0.16944949451267233,162,128,1418,step1,1
0,42,partial_iv_anp,CALCE_CX2_38,0.0,162,162,162,ok,,0.14293016214028878,0.012039433421588752,-0.9686025963461089,0.9421312632321807,0.4893877768242861,163,128,1417,step1,1
0,42,partial_iv_anp,CALCE_CX2_38,0.25,162,162,162,ok,,0.07207763075506446,0.006261870263454483,-1.5461493344848694,0.7776993648553282,0.16361769923989233,163,128,1417,step1,1
0,42,partial_iv_anp,CALCE_CX2_38,0.5,162,162,162,ok,,0.0721275099990838,0.006135766522334607,-1.5419828473789619,0.7727593507410021,0.162317412442269,163,128,1417,step1,1
0,42,partial_iv_anp,CALCE_CX2_38,0.75,162,162,162,ok,,0.07210075710582081,0.006039132808439818,-1.5411808975164716,0.7727593507410021,0.1634452271620665,163,128,1417,step1,1
0,42,partial_iv_anp,CALCE_CX2_38,1.0,162,162,162,ok,,0.07204614671921045,0.005948483274509697,-1.5446231078889276,0.7784050811573747,0.16572784798849555,163,128,1417,step1,1
0,42,partial_iv_anp,CALCE_CX2_38,0.0,163,163,163,ok,,0.14260257085059616,0.009607519732336312,-0.9698489596300783,0.942090395480226,0.4892152858529432,164,128,1416,step1,1
0,42,partial_iv_anp,CALCE_CX2_38,0.25,163,163,163,ok,,0.07219942228783262,0.004037527668982355,-1.5530121235001768,0.7634180790960452,0.15871647795574462,164,128,1416,step1,1
0,42,partial_iv_anp,CALCE_CX2_38,0.5,163,163,163,ok,,0.07226542377964214,0.003931772837879266,-1.5465043162160297,0.757768361581921,0.15694941809445495,164,128,1416,step1,1
0,42,partial_iv_anp,CALCE_CX2_38,0.75,163,163,163,ok,,0.0722441596033387,0.003836204532388754,-1.5452925951636654,0.7598870056497176,0.1576686952293471,164,128,1416,step1,1
0,42,partial_iv_anp,CALCE_CX2_38,1.0,163,163,163,ok,,0.07219215962164537,0.00373590880993091,-1.5489046944049887,0.7648305084745762,0.15951454677605395,164,128,1416,step1,1
0,42,partial_iv_anp,CALCE_CX2_38,0.0,164,164,164,ok,,0.1421715292989667,0.0036222400192581494,-0.9737773260217307,0.9434628975265018,0.4888608577825079,165,128,1415,step1,1
0,42,partial_iv_anp,CALCE_CX2_38,0.25,164,164,164,ok,,0.07190758826033894,0.009437214597690202,-1.56448082047905,0.7780918727915195,0.1638411461276841,165,128,1415,step1,1
0,42,partial_iv_anp,CALCE_CX2_38,0.5,164,164,164,ok,,0.07197986660581214,0.009534358827175682,-1.560934268428991,0.7752650176678445,0.1618552994306926,165,128,1415,step1,1
0,42,partial_iv_anp,CALCE_CX2_38,0.75,164,164,164,ok,,0.07196598536866902,0.009613170647723934,-1.5598708141939686,0.7773851590106007,0.16246022007892194,165,128,1415,step1,1
0,42,partial_iv_anp,CALCE_CX2_38,1.0,164,164,164,ok,,0.07193888536360839,0.009674711917563306,-1.562089635440751,0.7795053003533569,0.16360102652901903,165,128,1415,step1,1
0,42,partial_iv_anp,CALCE_CX2_38,0.0,165,165,165,ok,,0.1420617814657001,0.006500876435724501,-0.9718954876943948,0.9427157001414427,0.4888765744866495,166,128,1414,step1,1
0,42,partial_iv_anp,CALCE_CX2_38,0.25,165,165,165,ok,,0.07273440056787664,0.01111356372288752,-1.552189308739436,0.7397454031117398,0.1440972752664883,166,128,1414,step1,1
0,42,partial_iv_anp,CALCE_CX2_38,0.5,165,165,165,ok,,0.072677644144134,0.011413375541358461,-1.5446821318956587,0.7376237623762376,0.14488512050384994,166,128,1414,step1,1
0,42,partial_iv_anp,CALCE_CX2_38,0.75,165,165,165,ok,,0.0725663829530894,0.011674700945646377,-1.547499276180146,0.7454031117397454,0.1474740676800125,166,128,1414,step1,1
0,42,partial_iv_anp,CALCE_CX2_38,1.0,165,165,165,ok,,0.07246966572093784,0.011872939687630257,-1.5534900427986817,0.7531824611032532,0.15009592095761543,166,128,1414,step1,1
0,42,partial_iv_anp,CALCE_CX2_38,0.0,166,166,166,ok,,0.14167686380495412,0.0007112954829048279,-0.9748665696891852,0.943382873319179,0.48848734650306097,167,128,1413,step1,1
0,42,partial_iv_anp,CALCE_CX2_38,0.25,166,166,166,ok,,0.07198319187561143,0.006385048242402713,-1.5744409283551133,0.775654635527247,0.16021232649898678,167,128,1413,step1,1
0,42,partial_iv_anp,CALCE_CX2_38,0.5,166,166,166,ok,,0.07204979435309528,0.006489731629798712,-1.5693845107830606,0.7699929228591649,0.1584874551396134,167,128,1413,step1,1
0,42,partial_iv_anp,CALCE_CX2_38,0.75,166,166,166,ok,,0.07202466822306858,0.006586266293729048,-1.568183249164578,0.7721160651096957,0.15932610384198254,167,128,1413,step1,1
0,42,partial_iv_anp,CALCE_CX2_38,1.0,166,166,166,ok,,0.07198180834075853,0.006671665114459602,-1.5707033726483084,0.7777777777777778,0.16087562849282408,167,128,1413,step1,1
0,42,partial_iv_anp,CALCE_CX2_38,0.0,167,167,167,ok,,0.14123900830713473,0.001552607808206652,-0.9768190777571342,0.9483002832861189,0.48826550034260346,168,128,1412,step1,1
0,42,partial_iv_anp,CALCE_CX2_38,0.25,167,167,167,ok,,0.07214518607427742,0.0069269023469581414,-1.5846777712886064,0.7712464589235127,0.15451310532568452,168,128,1412,step1,1
0,42,partial_iv_anp,CALCE_CX2_38,0.5,167,167,167,ok,,0.07219102504217649,0.007058731815087316,-1.5775428792436192,0.7691218130311614,0.1533004608444463,168,128,1412,step1,1
0,42,partial_iv_anp,CALCE_CX2_38,0.75,167,167,167,ok,,0.07214276465190028,0.007192933512128463,-1.5765192242438888,0.7698300283286119,0.1545717385578074,168,128,1412,step1,1
0,42,partial_iv_anp,CALCE_CX2_38,1.0,167,167,167,ok,,0.07208364202161113,0.00730886315325785,-1.5794674356954959,0.7719546742209632,0.15639791346736368,168,128,1412,step1,1
0,42,partial_iv_anp,CALCE_CX2_38,0.0,168,168,168,ok,,0.1410552912518088,0.007870499273812892,-0.9766675411082232,0.9461374911410347,0.48825128194707496,169,128,1411,step1,1
0,42,partial_iv_anp,CALCE_CX2_38,0.25,168,168,168,ok,,0.07268285901972414,0.012381983768048999,-1.5756913800823622,0.7420269312544295,0.14273012281853042,169,128,1411,step1,1
0,42,partial_iv_anp,CALCE_CX2_38,0.5,168,168,168,ok,,0.0726930873886117,0.01255020540038454,-1.5638027334474982,0.7292700212615166,0.14182576728927718,169,128,1411,step1,1
0,42,partial_iv_anp,CALCE_CX2_38,0.75,168,168,168,ok,,0.07264036516240527,0.01271276059368287,-1.5633005074356365,0.7306874557051737,0.14281033098959378,169,128,1411,step1,1
0,42,partial_iv_anp,CALCE_CX2_38,1.0,168,168,168,ok,,0.0725892706137324,0.012847890662259553,-1.5673909637801033,0.7370659107016301,0.14412279331889838,169,128,1411,step1,1
0,42,partial_iv_anp,CALCE_CX2_38,0.0,169,169,169,ok,,0.14106631436784053,0.009149996610600897,-0.9749435490466325,0.9446808510638298,0.4884391227336798,170,128,1410,step1,1
0,42,partial_iv_anp,CALCE_CX2_38,0.25,169,169,169,ok,,0.07298142997392537,0.013163906978263862,-1.557863951290737,0.7382978723404255,0.13765625736336487,170,128,1410,step1,1
0,42,partial_iv_anp,CALCE_CX2_38,0.5,169,169,169,ok,,0.07295659160823244,0.013387756349014568,-1.5456096677867548,0.7269503546099291,0.13720125559109161,170,128,1410,step1,1
0,42,partial_iv_anp,CALCE_CX2_38,0.75,169,169,169,ok,,0.07288313482935364,0.01360099352781563,-1.5472127443755235,0.725531914893617,0.1385146822927054,170,128,1410,step1,1
0,42,partial_iv_anp,CALCE_CX2_38,1.0,169,169,169,ok,,0.07281639746376721,0.013780153258438399,-1.5534974424149277,0.7326241134751773,0.14011617222225187,170,128,1410,step1,1
0,42,partial_iv_anp,CALCE_CX2_38,0.0,170,170,170,ok,,0.14071590684683818,0.008915355666987423,-0.9774118823878221,0.9481902058197303,0.48809502095855284,171,128,1409,step10,10
0,42,partial_iv_anp,CALCE_CX2_38,0.0,170,170,170,ok,,0.14071590684683818,0.008915355666987423,-0.9774118823878221,0.9481902058197303,0.48809502095855284,171,128,1409,step1,1
0,42,partial_iv_anp,CALCE_CX2_38,0.25,170,170,170,ok,,0.0729664339211659,0.01284433974260546,-1.5680908106722455,0.7459190915542938,0.1367513185800565,171,128,1409,step10,10
0,42,partial_iv_anp,CALCE_CX2_38,0.25,170,170,170,ok,,0.0729664339211659,0.01284433974260546,-1.5680908106722455,0.7459190915542938,0.1367513185800565,171,128,1409,step1,1
0,42,partial_iv_anp,CALCE_CX2_38,0.5,170,170,170,ok,,0.0729326269971091,0.013081655648384927,-1.556235463863117,0.7345635202271115,0.13640747462939867,171,128,1409,step10,10
0,42,partial_iv_anp,CALCE_CX2_38,0.5,170,170,170,ok,,0.0729326269971091,0.013081655648384927,-1.556235463863117,0.7345635202271115,0.13640747462939867,171,128,1409,step1,1
0,42,partial_iv_anp,CALCE_CX2_38,0.75,170,170,170,ok,,0.07285413012545529,0.013305127635219183,-1.5581068707995018,0.7352732434350603,0.13777939963755967,171,128,1409,step10,10
0,42,partial_iv_anp,CALCE_CX2_38,0.75,170,170,170,ok,,0.07285413012545529,0.013305127635219183,-1.5581068707995018,0.7352732434350603,0.13777939963755967,171,128,1409,step1,1
0,42,partial_iv_anp,CALCE_CX2_38,1.0,170,170,170,ok,,0.07278207498796911,0.013495816923776549,-1.5647208602797174,0.7381121362668559,0.1394701972396948,171,128,1409,step10,10
0,42,partial_iv_anp,CALCE_CX2_38,1.0,170,170,170,ok,,0.07278207498796911,0.013495816923776549,-1.5647208602797174,0.7381121362668559,0.1394701972396948,171,128,1409,step1,1
0,42,partial_iv_anp,CALCE_CX2_38,0.0,171,171,171,ok,,0.1401331416160507,0.008773868848270805,-0.9801631402372517,0.9446022727272727,0.4877335261972935,172,128,1408,step1,1
0,42,partial_iv_anp,CALCE_CX2_38,0.25,171,171,171,ok,,0.07298089578736898,0.012582860104087379,-1.5786716887460257,0.7457386363636364,0.1357701044865619,172,128,1408,step1,1
0,42,partial_iv_anp,CALCE_CX2_38,0.5,171,171,171,ok,,0.07293613161174677,0.012833899222761347,-1.5674714386426105,0.7322443181818182,0.13554229300019996,172,128,1408,step1,1
0,42,partial_iv_anp,CALCE_CX2_38,0.75,171,171,171,ok,,0.07285176991521979,0.013067748379765098,-1.5698292846775324,0.7379261363636364,0.13696690264897896,172,128,1408,step1,1
0,42,partial_iv_anp,CALCE_CX2_38,1.0,171,171,171,ok,,0.07277447195295329,0.013269947700278228,-1.5769061874603698,0.7450284090909091,0.13872949972766183,172,128,1408,step1,1
0,42,partial_iv_anp,CALCE_CX2_38,0.0,172,172,172,ok,,0.14016210227353942,0.00788335946034524,-0.9778296288888442,0.9438521677327647,0.48792374742568,173,128,1407,step1,1
0,42,partial_iv_anp,CALCE_CX2_38,0.25,172,172,172,ok,,0.0730110930586376,0.011749593430529615,-1.5740760317469171,0.7356076759061834,0.13638442956524433,173,128,1407,step1,1
0,42,partial_iv_anp,CALCE_CX2_38,0.5,172,172,172,ok,,0.07296299991381455,0.012012227430412636,-1.5636380306075157,0.728500355366027,0.13629180491041537,173,128,1407,step1,1
0,42,partial_iv_anp,CALCE_CX2_38,0.75,172,172,172,ok,,0.07287348774621023,0.012257733596739762,-1.566486611620781,0.7299218194740583,0.1378709185127637,173,128,1407,step1,1
0,42,partial_iv_anp,CALCE_CX2_38,1.0,172,172,172,ok,,0.07279424819254446,0.01246269140552625,-1.5735703151535,0.7341862117981521,0.13970416549249123,173,128,1407,step1,1
0,42,partial_iv_anp,CALCE_CX2_38,0.0,173,173,173,ok,,0.13956267015572194,0.008107834365668976,-0.9830582461120382,0.9466571834992887,0.4873550005458871,174,128,1406,step1,1
0,42,partial_iv_anp,CALCE_CX2_38,0.25,173,173,173,ok,,0.07295604936953715,0.011847680935515248,-1.5948395375385092,0.7532005689900427,0.13510552623620276,174,128,1406,step1,1
0,42,partial_iv_anp,CALCE_CX2_38,0.5,173,173,173,ok,,0.0728982743898365,0.012120014731613615,-1.5845569663370183,0.7411095305832148,0.13506292819152171,174,128,1406,step1,1
0,42,partial_iv_anp,CALCE_CX2_38,0.75,173,173,173,ok,,0.07280468562147396,0.012371517858546621,-1.5873176633742978,0.7439544807965861,0.13662427991980808,174,128,1406,step1,1
0,42,partial_iv_anp,CALCE_CX2_38,1.0,173,173,173,ok,,0.07272187265797551,0.01258458924403616,-1.5943766006556195,0.748221906116643,0.13846783551832362,174,128,1406,step1,1
0,42,partial_iv_anp,CALCE_CX2_38,0.0,174,174,174,ok,,0.13943732668593264,0.008468916686650951,-0.9814506089099674,0.9487544483985765,0.4875441353689963,175,128,1405,step1,1
0,42,partial_iv_anp,CALCE_CX2_38,0.25,174,174,174,ok,,0.07308120470849443,0.01205297896259927,-1.5856502459684447,0.7366548042704626,0.13396983040070634,175,128,1405,step1,1
0,42,partial_iv_anp,CALCE_CX2_38,0.5,174,174,174,ok,,0.07301743900014201,0.012333810109638965,-1.5754405500678499,0.7323843416370107,0.13395018459157013,175,128,1405,step1,1
0,42,partial_iv_anp,CALCE_CX2_38,0.75,174,174,174,ok,,0.0729232592567231,0.01259151149226767,-1.5788662304358685,0.7338078291814947,0.13549014356293757,175,128,1405,step1,1
0,42,partial_iv_anp,CALCE_CX2_38,1.0,174,174,174,ok,,0.07284174497633977,0.012809176097999364,-1.5865838443029623,0.7416370106761566,0.13729195608955,175,128,1405,step1,1
0,42,partial_iv_anp,CALCE_CX2_38,0.0,175,175,175,ok,,0.1395634146462424,0.008205154790903335,-0.9779422865558451,0.948005698005698,0.4880479525470836,176,128,1404,step1,1
0,42,partial_iv_anp,CALCE_CX2_38,0.25,175,175,175,ok,,0.07320426643842683,0.011700468298200373,-1.5707009864084636,0.7371794871794872,0.13345807121547867,176,128,1404,step1,1
0,42,partial_iv_anp,CALCE_CX2_38,0.5,175,175,175,ok,,0.07313870643482716,0.01198732587232254,-1.5605531805654302,0.7264957264957265,0.13345447260162976,176,128,1404,step1,1
0,42,partial_iv_anp,CALCE_CX2_38,0.75,175,175,175,ok,,0.07304298281823016,0.012254459367748716,-1.5647456910474153,0.7279202279202279,0.1350367646103617,176,128,1404,step1,1
0,42,partial_iv_anp,CALCE_CX2_38,1.0,175,175,175,ok,,0.07295914497456193,0.012482475937386273,-1.5733410273727113,0.7321937321937322,0.13690191182831446,176,128,1404,step1,1
0,42,partial_iv_anp,CALCE_CX2_38,0.0,176,176,176,ok,,0.13908826047685682,0.008273878039365079,-0.9826032316608287,0.9486813970064149,0.4875945198942423,177,128,1403,step1,1
0,42,partial_iv_anp,CALCE_CX2_38,0.25,176,176,176,ok,,0.07313787519740632,0.011685303681670312,-1.5911793528920313,0.744832501781896,0.13259148891203096,177,128,1403,step1,1
0,42,partial_iv_anp,CALCE_CX2_38,0.5,176,176,176,ok,,0.07306260543225777,0.011984394814015475,-1.5814351865593719,0.7348538845331433,0.13267287512632947,177,128,1403,step1,1
0,42,partial_iv_anp,CALCE_CX2_38,0.75,176,176,176,ok,,0.07296070575905211,0.012261238401173102,-1.585636924807898,0.736992159657876,0.1343059214651493,177,128,1403,step1,1
0,42,partial_iv_anp,CALCE_CX2_38,1.0,176,176,176,ok,,0.0728734954609377,0.012495994273627242,-1.5940230715292656,0.7434069850320741,0.1361936152320799,177,128,1403,step1,1
0,42,partial_iv_anp,CALCE_CX2_38,0.0,177,177,177,ok,,0.13913075378727366,0.007728000177688821,-0.9790598787659347,0.948644793152639,0.48803193938400513,178,128,1402,step1,1
0,42,partial_iv_anp,CALCE_CX2_38,0.25,177,177,177,ok,,0.07323416892611535,0.011131225618947083,-1.578644649568461,0.738944365192582,0.13281854979950128,178,128,1402,step1,1
0,42,partial_iv_anp,CALCE_CX2_38,0.5,177,177,177,ok,,0.07315884663352538,0.01143436182405766,-1.5691617855036868,0.7360912981455064,0.13292722603770252,178,128,1402,step1,1
0,42,partial_iv_anp,CALCE_CX2_38,0.75,177,177,177,ok,,0.07305610744832958,0.01171655410932626,-1.5738801554474953,0.739657631954351,0.13460528598782384,178,128,1402,step1,1
0,42,partial_iv_anp,CALCE_CX2_38,1.0,177,177,177,ok,,0.07296765160049112,0.011955746284155855,-1.5827698399314312,0.738944365192582,0.1365414878930807,178,128,1402,step1,1
0,42,partial_iv_anp,CALCE_CX2_38,0.0,178,178,178,ok,,0.13904387333098703,0.0075101786817856064,-0.9779745821226241,0.9493219129193433,0.48806627555490717,179,128,1401,step1,1
0,42,partial_iv_anp,CALCE_CX2_38,0.25,178,178,178,ok,,0.07328336273398577,0.010867550379563773,-1.5755140264646976,0.7430406852248393,0.13254209299402447,179,128,1401,step1,1
0,42,partial_iv_anp,CALCE_CX2_38,0.5,178,178,178,ok,,0.07320593366204274,0.011175765469260357,-1.5661652898382574,0.7351891506067095,0.132669180064135,179,128,1401,step1,1
0,42,partial_iv_anp,CALCE_CX2_38,0.75,178,178,178,ok,,0.07310331785201368,0.011460030703437929,-1.5710938455564842,0.734475374732334,0.1343403197832488,179,128,1401,step1,1
0,42,partial_iv_anp,CALCE_CX2_38,1.0,178,178,178,ok,,0.07301394288461138,0.011703952070324708,-1.5802798322191371,0.7366167023554604,0.1362936823570491,179,128,1401,step1,1
0,42,partial_iv_anp,CALCE_CX2_38,0.0,179,179,179,ok,,0.1379932031916292,0.007845733836752133,-0.9870188621153847,0.9564285714285714,0.4868897437318992,180,128,1400,step1,1
0,42,partial_iv_anp,CALCE_CX2_38,0.25,179,179,179,ok,,0.07317585869697665,0.011050383979156697,-1.6118962541163266,0.7564285714285715,0.13113764311766876,180,128,1400,step1,1
0,42,partial_iv_anp,CALCE_CX2_38,0.5,179,179,179,ok,,0.07308133780022973,0.011378536868261735,-1.6037307902981235,0.7507142857142857,0.13140511943414734,180,128,1400,step1,1
0,42,partial_iv_anp,CALCE_CX2_38,0.75,179,179,179,ok,,0.07296918833011766,0.01167588734835534,-1.6087618808188586,0.755,0.13312203264011993,180,128,1400,step1,1
0,42,partial_iv_anp,CALCE_CX2_38,1.0,179,179,179,ok,,0.07287399329847889,0.01192973998306035,-1.61772930974564,0.7592857142857142,0.13510141279946392,180,128,1400,step1,1
0,42,partial_iv_anp,CALCE_CX2_38,0.0,180,180,180,ok,,0.13803453080005443,0.007591953807347895,-0.9836423000716246,0.9556826304503216,0.4872100121395911,181,128,1399,step10,10
0,42,partial_iv_anp,CALCE_CX2_38,0.0,180,180,180,ok,,0.13803453080005443,0.007591953807347895,-0.9836423000716246,0.9556826304503216,0.4872100121395911,181,128,1399,step1,1
0,42,partial_iv_anp,CALCE_CX2_38,0.25,180,180,180,ok,,0.07327585273205103,0.0107664750094989,-1.5989023343535473,0.7533952823445318,0.1311256276508568,181,128,1399,step10,10
0,42,partial_iv_anp,CALCE_CX2_38,0.25,180,180,180,ok,,0.07327585273205103,0.0107664750094989,-1.5989023343535473,0.7533952823445318,0.1311256276508568,181,128,1399,step1,1
0,42,partial_iv_anp,CALCE_CX2_38,0.5,180,180,180,ok,,0.07318362064016941,0.011091746219155985,-1.590633125935994,0.7498213009292352,0.13135562170648013,181,128,1399,step10,10
0,42,partial_iv_anp,CALCE_CX2_38,0.5,180,180,180,ok,,0.07318362064016941,0.011091746219155985,-1.590633125935994,0.7498213009292352,0.13135562170648013,181,128,1399,step1,1
0,42,partial_iv_anp,CALCE_CX2_38,0.75,180,180,180,ok,,0.07307573564555452,0.011383941485837101,-1.5958014106974476,0.7498213009292352,0.13300682401265104,181,128,1399,step10,10
0,42,partial_iv_anp,CALCE_CX2_38,0.75,180,180,180,ok,,0.07307573564555452,0.011383941485837101,-1.5958014106974476,0.7498213009292352,0.13300682401265104,181,128,1399,step1,1
0,42,partial_iv_anp,CALCE_CX2_38,1.0,180,180,180,ok,,0.07298241783981287,0.011637298870716961,-1.6051921644535374,0.7541100786275912,0.13496331580221607,181,128,1399,step10,10
0,42,partial_iv_anp,CALCE_CX2_38,1.0,180,180,180,ok,,0.07298241783981287,0.011637298870716961,-1.6051921644535374,0.7541100786275912,0.13496331580221607,181,128,1399,step1,1
0,42,partial_iv_anp,CALCE_CX2_38,0.0,181,181,181,ok,,0.13819553415812338,0.007519983224064664,-0.9807197966151957,0.9535050071530758,0.4875896172434572,182,128,1398,step1,1
0,42,partial_iv_anp,CALCE_CX2_38,0.25,181,181,181,ok,,0.07335575954909533,0.010644102549753565,-1.5878899984210462,0.7510729613733905,0.13084614989692067,182,128,1398,step1,1
0,42,partial_iv_anp,CALCE_CX2_38,0.5,181,181,181,ok,,0.0732638165219152,0.010970826492231023,-1.5794330127844147,0.7417739628040058,0.13106428901625095,182,128,1398,step1,1
0,42,partial_iv_anp,CALCE_CX2_38,0.75,181,181,181,ok,,0.07315814111952428,0.011264187992371277,-1.584791683658376,0.7417739628040058,0.1326874400910937,182,128,1398,step1,1
0,42,partial_iv_anp,CALCE_CX2_38,1.0,181,181,181,ok,,0.07306567931665157,0.01152134335763022,-1.5946307228656478,0.7467811158798283,0.13464444097005934,182,128,1398,step1,1
0,42,partial_iv_anp,CALCE_CX2_38,0.0,182,182,182,ok,,0.13802262438751942,0.0072294802944811165,-0.9807857323026143,0.9563350035790981,0.4876367538381101,183,128,1397,step1,1
0,42,partial_iv_anp,CALCE_CX2_38,0.25,182,182,182,ok,,0.07336007836111184,0.010355595885234936,-1.59156852851878,0.740873299928418,0.13093239282088115,183,128,1397,step1,1
0,42,partial_iv_anp,CALCE_CX2_38,0.5,182,182,182,ok,,0.07326900236998231,0.01068061538727516,-1.5831702490606359,0.7287043664996421,0.13114112297366193,183,128,1397,step1,1
0,42,partial_iv_anp,CALCE_CX2_38,0.75,182,182,182,ok,,0.07316165576681337,0.010976701648997778,-1.5885935879260795,0.7322834645669292,0.13279389809990286,183,128,1397,step1,1
0,42,partial_iv_anp,CALCE_CX2_38,1.0,182,182,182,ok,,0.07306839825412181,0.011236307347083141,-1.598411985838903,0.7394416607015032,0.13476912427105633,183,128,1397,step1,1
0,42,partial_iv_anp,CALCE_CX2_38,0.0,183,183,183,ok,,0.1377272754020087,0.007063388870345855,-0.9818355353685041,0.9520057306590258,0.48759990862755204,184,128,1396,step1,1
0,42,partial_iv_anp,CALCE_CX2_38,0.25,183,183,183,ok,,0.07336844008385887,0.010144566663532695,-1.5976908959374942,0.7492836676217765,0.13069569001795614,184,128,1396,step1,1
0,42,partial_iv_anp,CALCE_CX2_38,0.5,183,183,183,ok,,0.0732736627931882,0.010474419022826309,-1.589515442875123,0.7428366762177651,0.13092620929388946,184,128,1396,step1,1
0,42,partial_iv_anp,CALCE_CX2_38,0.75,183,183,183,ok,,0.07316430250255046,0.0107741065850685,-1.594994274894954,0.745702005730659,0.1325864621332805,184,128,1396,step1,1
0,42,partial_iv_anp,CALCE_CX2_38,1.0,183,183,183,ok,,0.07306935015203413,0.011038099238055876,-1.6048957006725366,0.751432664756447,0.1345800842324483,184,128,1396,step1,1
0,42,partial_iv_anp,CALCE_CX2_38,0.0,184,184,184,ok,,0.1377115745102252,0.0068579555884149546,-0.979795330977754,0.9519713261648746,0.48780318534979916,185,128,1395,step1,1
0,42,partial_iv_anp,CALCE_CX2_38,0.25,184,184,184,ok,,0.07343332320663079,0.009905834132431512,-1.5907565151915017,0.7505376344086021,0.13059074410506652,185,128,1395,step1,1
0,42,partial_iv_anp,CALCE_CX2_38,0.5,184,184,184,ok,,0.07333739372835094,0.010239452520502845,-1.5827103074867706,0.7448028673835125,0.13083694910933108,185,128,1395,step1,1
0,42,partial_iv_anp,CALCE_CX2_38,0.75,184,184,184,ok,,0.0732278029715893,0.010542063299274984,-1.5884955261936395,0.7476702508960573,0.1325088477248397,185,128,1395,step1,1
0,42,partial_iv_anp,CALCE_CX2_38,1.0,184,184,184,ok,,0.07313221739743013,0.010809852512570384,-1.598745300903699,0.7526881720430108,0.1345218919010793,185,128,1395,step1,1
0,42,partial_iv_anp,CALCE_CX2_38,0.0,185,185,185,ok,,0.13700363469067106,0.0021669247919765544,-0.9843630830974006,0.9540889526542324,0.48734819716223277,186,128,1394,step1,1
0,42,partial_iv_anp,CALCE_CX2_38,0.25,185,185,185,ok,,0.0733081426358863,0.005339000276532335,-1.6187349792876127,0.7604017216642754,0.1316551733305133,186,128,1394,step1,1
0,42,partial_iv_anp,CALCE_CX2_38,0.5,185,185,185,ok,,0.0731351326662247,0.005845473279173841,-1.6183997428017658,0.7568149210903874,0.13341793986739417,186,128,1394,step1,1
0,42,partial_iv_anp,CALCE_CX2_38,0.75,185,185,185,ok,,0.07295000163576151,0.006295692647025786,-1.6283175049331915,0.7639885222381636,0.13661851681234294,186,128,1394,step1,1
0,42,partial_iv_anp,CALCE_CX2_38,1.0,185,185,185,ok,,0.07278927628052267,0.006669373018257652,-1.6399799391549537,0.7733142037302726,0.14002087761547183,186,128,1394,step1,1
0,42,partial_iv_anp,CALCE_CX2_38,0.0,186,186,186,ok,,0.1365793330146328,0.0039624234535645675,-0.987094269807465,0.9547738693467337,0.4869552767972792,187,128,1393,step1,1
0,42,partial_iv_anp,CALCE_CX2_38,0.25,186,186,186,ok,,0.0722223578358408,0.001120250947335144,-1.6678059167212873,0.7954055994256999,0.14989903792570222,187,128,1393,step1,1
0,42,partial_iv_anp,CALCE_CX2_38,0.5,186,186,186,ok,,0.07222136674210976,0.0013082605615701848,-1.6617687202058296,0.7910983488872936,0.1495694233804063,187,128,1393,step1,1
0,42,partial_iv_anp,CALCE_CX2_38,0.75,186,186,186,ok,,0.07214089708441103,0.0014924391787716207,-1.6606884948295866,0.797559224694903,0.15119993259644457,187,128,1393,step1,1
0,42,partial_iv_anp,CALCE_CX2_38,1.0,186,186,186,ok,,0.07205659150664083,0.0016547827814633598,-1.663140258156231,0.7982770997846375,0.153351051819928,187,128,1393,step1,1
0,42,partial_iv_anp,CALCE_CX2_38,0.0,187,187,187,ok,,0.1367835545113842,0.004425991006279939,-0.982586382070004,0.9554597701149425,0.4874803311836094,188,128,1392,step1,1
0,42,partial_iv_anp,CALCE_CX2_38,0.25,187,187,187,ok,,0.07238825473263673,0.0005873835658722903,-1.6539058833892133,0.7887931034482759,0.14923894564775744,188,128,1392,step1,1
0,42,partial_iv_anp,CALCE_CX2_38,0.5,187,187,187,ok,,0.07237349080681117,0.0007959266993777803,-1.647474581688849,0.7823275862068966,0.1491345902446888,188,128,1392,step1,1
0,42,partial_iv_anp,CALCE_CX2_38,0.75,187,187,187,ok,,0.07229357768783776,0.000982326307909065,-1.6464911525540586,0.7866379310344828,0.15074287830468727,188,128,1392,step1,1
0,42,partial_iv_anp,CALCE_CX2_38,1.0,187,187,187,ok,,0.07220614675217973,0.001154403078488908,-1.6494329276112918,0.7916666666666666,0.1529810057264099,188,128,1392,step1,1
0,42,partial_iv_anp,CALCE_CX2_38,0.0,188,188,188,ok,,0.13618010440668016,0.006137130627005383,-0.9875453829497884,0.9590222861250899,0.486876617594816,189,128,1391,step1,1
0,42,partial_iv_anp,CALCE_CX2_38,0.25,188,188,188,ok,,0.0721505187423005,0.000940464272105701,-1.6727855632063384,0.800862688713156,0.15133226814533057,189,128,1391,step1,1
0,42,partial_iv_anp,CALCE_CX2_38,0.5,188,188,188,ok,,0.07214857049208244,0.0007531160560239059,-1.6671453805302479,0.798705966930266,0.1510798330824909,189,128,1391,step1,1
0,42,partial_iv_anp,CALCE_CX2_38,0.75,188,188,188,ok,,0.07206420267621662,0.000568772000529516,-1.6657034172838552,0.8023005032350827,0.1528227013315928,189,128,1391,step1,1
0,42,partial_iv_anp,CALCE_CX2_38,1.0,188,188,188,ok,,0.0719697659076743,0.0003977127109524581,-1.6678930716242635,0.8058950395398994,0.1552662763246545,189,128,1391,step1,1
0,42,partial_iv_anp,CALCE_CX2_38,0.0,189,189,189,ok,,0.13602680460489797,0.007989667769391584,-0.9874411647117339,0.958273381294964,0.4869673017867716,190,128,1390,step1,1
0,42,partial_iv_anp,CALCE_CX2_38,0.25,189,189,189,ok,,0.07201877995588238,0.002590706949209487,-1.6725190908693968,0.8035971223021583,0.15411094927346303,190,128,1390,step1,1
0,42,partial_iv_anp,CALCE_CX2_38,0.5,189,189,189,ok,,0.07202926584357253,0.0024191087426184144,-1.6677909336185233,0.8,0.15374722983602435,190,128,1390,step1,1
0,42,partial_iv_anp,CALCE_CX2_38,0.75,189,189,189,ok,,0.07195078278159067,0.0022489398376727143,-1.6661315474765392,0.8050359712230216,0.15547226113464577,190,128,1390,step1,1
0,42,partial_iv_anp,CALCE_CX2_38,1.0,189,189,189,ok,,0.07185606338659527,0.0020868919648049378,-1.6678769043629846,0.8100719424460432,0.15803222557088722,190,128,1390,step1,1
0,42,partial_iv_anp,CALCE_CX2_38,0.0,190,190,190,ok,,0.13595345838840153,0.0015973602499035344,-0.9867913335875709,0.9546436285097192,0.48691345294463445,191,128,1389,step10,10
0,42,partial_iv_anp,CALCE_CX2_38,0.0,190,190,190,ok,,0.13595345838840153,0.0015973602499035344,-0.9867913335875709,0.9546436285097192,0.48691345294463445,191,128,1389,step1,1
0,42,partial_iv_anp,CALCE_CX2_38,0.25,190,190,190,ok,,0.0726654679722062,0.0028126573181661563,-1.670754936369781,0.7876169906407487,0.1423281766794637,191,128,1389,step10,10
0,42,partial_iv_anp,CALCE_CX2_38,0.25,190,190,190,ok,,0.0726654679722062,0.0028126573181661563,-1.670754936369781,0.7876169906407487,0.1423281766794637,191,128,1389,step1,1
0,42,partial_iv_anp,CALCE_CX2_38,0.5,190,190,190,ok,,0.07264526618106128,0.0030158698594685562,-1.6623175424881722,0.78113750899928,0.14190260620661507,191,128,1389,step10,10
0,42,partial_iv_anp,CALCE_CX2_38,0.5,190,190,190,ok,,0.07264526618106128,0.0030158698594685562,-1.6623175424881722,0.78113750899928,0.14190260620661507,191,128,1389,step1,1
0,42,partial_iv_anp,CALCE_CX2_38,0.75,190,190,190,ok,,0.07256317139087229,0.0032215696554475093,-1.661880627475069,0.7825773938084953,0.14326876592100743,191,128,1389,step10,10
0,42,partial_iv_anp,CALCE_CX2_38,0.75,190,190,190,ok,,0.07256317139087229,0.0032215696554475093,-1.661880627475069,0.7825773938084953,0.14326876592100743,191,128,1389,step1,1
0,42,partial_iv_anp,CALCE_CX2_38,1.0,190,190,190,ok,,0.07247814042721318,0.003416368274991033,-1.665764048833228,0.7890568754499641,0.14521175425709293,191,128,1389,step10,10
0,42,partial_iv_anp,CALCE_CX2_38,1.0,190,190,190,ok,,0.07247814042721318,0.003416368274991033,-1.665764048833228,0.7890568754499641,0.14521175425709293,191,128,1389,step1,1
0,42,partial_iv_anp,CALCE_CX2_38,0.0,191,191,191,ok,,0.13558418880674605,0.001042337793311865,-0.9889614471528504,0.9553314121037464,0.48672920565960615,192,128,1388,step1,1
0,42,partial_iv_anp,CALCE_CX2_38,0.25,191,191,191,ok,,0.07297775942089545,0.004785664602609541,-1.6709440902103654,0.7773775216138329,0.13625629920337087,192,128,1388,step1,1
0,42,partial_iv_anp,CALCE_CX2_38,0.5,191,191,191,ok,,0.07290813867922356,0.005063300234469326,-1.662493357679573,0.771613832853026,0.13632253587962398,192,128,1388,step1,1
0,42,partial_iv_anp,CALCE_CX2_38,0.75,191,191,191,ok,,0.07280244868616129,0.005326563680904228,-1.6639662692878325,0.7752161383285303,0.137945262251657,192,128,1388,step1,1
0,42,partial_iv_anp,CALCE_CX2_38,1.0,191,191,191,ok,,0.07270306330333955,0.005569644365650772,-1.6698077731016625,0.7795389048991355,0.14004666038978172,192,128,1388,step1,1
0,42,partial_iv_anp,CALCE_CX2_38,0.0,192,192,192,ok,,0.13499137515241416,0.0032975615500673294,-0.991698323938298,0.9610670511896179,0.48639602835801515,193,128,1387,step1,1
0,42,partial_iv_anp,CALCE_CX2_38,0.25,192,192,192,ok,,0.07282022976792256,0.0006885860709502367,-1.688900461630843,0.7844268204758471,0.13855510575676705,193,128,1387,step1,1
0,42,partial_iv_anp,CALCE_CX2_38,0.5,192,192,192,ok,,0.07268273243133325,0.0010981832375597245,-1.683933785475057,0.7844268204758471,0.14002518271926576,193,128,1387,step1,1
0,42,partial_iv_anp,CALCE_CX2_38,0.75,192,192,192,ok,,0.07251629455695485,0.0014562730022920078,-1.6860006551940796,0.7880317231434751,0.14290378549897587,193,128,1387,step1,1
0,42,partial_iv_anp,CALCE_CX2_38,1.0,192,192,192,ok,,0.07236479631772402,0.001762090301795971,-1.6911030520829706,0.7930785868781542,0.1461555729201301,193,128,1387,step1,1
0,42,partial_iv_anp,CALCE_CX2_38,0.0,193,193,193,ok,,0.13480645858554746,0.008804121969686607,-0.9920489241328058,0.9595959595959596,0.4862045270769935,194,128,1386,step1,1
0,42,partial_iv_anp,CALCE_CX2_38,0.25,193,193,193,ok,,0.07197821401447761,0.003448724673184911,-1.6959374781902836,0.8008658008658008,0.15319304027882122,194,128,1386,step1,1
0,42,partial_iv_anp,CALCE_CX2_38,0.5,193,193,193,ok,,0.07199296107463683,0.0032875352333470165,-1.6913208658896883,0.7987012987012987,0.1527010515078733,194,128,1386,step1,1
0,42,partial_iv_anp,CALCE_CX2_38,0.75,193,193,193,ok,,0.07191507819243564,0.003119406970691574,-1.689372356914537,0.8008658008658008,0.15429651295247188,194,128,1386,step1,1
0,42,partial_iv_anp,CALCE_CX2_38,1.0,193,193,193,ok,,0.07181707078921865,0.0029499917685265054,-1.6907785299808802,0.8080808080808081,0.15683695310707155,194,128,1386,step1,1
0,42,partial_iv_anp,CALCE_CX2_38,0.0,194,194,194,ok,,0.1345723852685973,0.007935968493633094,-0.9927077384426588,0.9646209386281589,0.486149744938909,195,128,1385,step1,1
0,42,partial_iv_anp,CALCE_CX2_38,0.25,194,194,194,ok,,0.07212510322601343,0.0028015967563351785,-1.7015874451086295,0.7978339350180506,0.15031468209991672,195,128,1385,step1,1
0,42,partial_iv_anp,CALCE_CX2_38,0.5,194,194,194,ok,,0.07212411166153403,0.002620313309258382,-1.6960942596975512,0.7971119133574007,0.1499879818490695,195,128,1385,step1,1
0,42,partial_iv_anp,CALCE_CX2_38,0.75,194,194,194,ok,,0.07203932752228634,0.002434526106424695,-1.6943191872101455,0.7963898916967509,0.15162212422399138,195,128,1385,step1,1
0,42,partial_iv_anp,CALCE_CX2_38,1.0,194,194,194,ok,,0.07193519733485149,0.0022464341280608036,-1.6960117615604424,0.8050541516245487,0.15418138886152627,195,128,1385,step1,1
0,42,partial_iv_anp,CALCE_CX2_38,0.0,195,195,195,ok,,0.13417657851610093,0.00784291413549243,-0.9950264240863321,0.963150289017341,0.48569646608877076,196,128,1384,step1,1
0,42,partial_iv_anp,CALCE_CX2_38,0.25,195,195,195,ok,,0.07214841223499562,0.002811181593122436,-1.7120343929729263,0.805635838150289,0.14891872484761445,196,128,1384,step1,1
0,42,partial_iv_anp,CALCE_CX2_38,0.5,195,195,195,ok,,0.07213828147839269,0.0026189973246271148,-1.7062413471923248,0.8020231213872833,0.14868999946425399,196,128,1384,step1,1
0,42,partial_iv_anp,CALCE_CX2_38,0.75,195,195,195,ok,,0.07204726153905068,0.0024219024499810837,-1.7044327674970143,0.8034682080924855,0.15038461937800554,196,128,1384,step1,1
0,42,partial_iv_anp,CALCE_CX2_38,1.0,195,195,195,ok,,0.07193487029087131,0.0022181840083200788,-1.70611235101768,0.8078034682080925,0.1530654321756987,196,128,1384,step1,1
0,42,partial_iv_anp,CALCE_CX2_38,0.0,196,196,196,ok,,0.1336908938673034,0.011481724226634404,-0.9977374686388388,0.9609544468546638,0.4853014835558288,197,128,1383,step1,1
0,42,partial_iv_anp,CALCE_CX2_38,0.25,196,196,196,ok,,0.07174567788257422,0.005955736974081138,-1.7164324874407784,0.812002892263196,0.15529717832113019,197,128,1383,step1,1
0,42,partial_iv_anp,CALCE_CX2_38,0.5,196,196,196,ok,,0.07176579988649559,0.005799716593349213,-1.7129655985590364,0.8091106290672451,0.15484878829399526,197,128,1383,step1,1
0,42,partial_iv_anp,CALCE_CX2_38,0.75,196,196,196,ok,,0.07168285257375948,0.005632748883868555,-1.7105373552492988,0.8134490238611713,0.1565935249814713,197,128,1383,step1,1
0,42,partial_iv_anp,CALCE_CX2_38,1.0,196,196,196,ok,,0.07157012002591752,0.005456354741874003,-1.7109472708338722,0.8206796818510484,0.15954375747949154,197,128,1383,step1,1
0,42,partial_iv_anp,CALCE_CX2_38,0.0,197,197,197,ok,,0.1340514209411175,0.004533312136047241,-0.9935213977718907,0.9573082489146165,0.48583997175147986,198,128,1382,step1,1
0,42,partial_iv_anp,CALCE_CX2_38,0.25,197,197,197,ok,,0.07254676093998139,6.436551907906818e-05,-1.7104460356956568,0.7988422575976846,0.14282558615456448,198,128,1382,step1,1
0,42,partial_iv_anp,CALCE_CX2_38,0.5,197,197,197,ok,,0.07251730655570245,0.00014879994612704284,-1.7029575625643885,0.7945007235890015,0.14258441293857377,198,128,1382,step1,1
0,42,partial_iv_anp,CALCE_CX2_38,0.75,197,197,197,ok,,0.07242983539127268,0.0003581379644765903,-1.7018045172733853,0.796671490593343,0.14400220764636298,198,128,1382,step1,1
0,42,partial_iv_anp,CALCE_CX2_38,1.0,197,197,197,ok,,0.072326764896033,0.0005796019706579836,-1.7048528654816486,0.8024602026049205,0.14629557868024784,198,128,1382,step1,1
0,42,partial_iv_anp,CALCE_CX2_38,0.0,198,198,198,ok,,0.13381377592786287,0.0020892400466202554,-0.9943039556426144,0.9572773352643013,0.48565531100471304,199,128,1381,step1,1
0,42,partial_iv_anp,CALCE_CX2_38,0.25,198,198,198,ok,,0.07290116531428058,0.0017112655738423799,-1.7096072279113645,0.7856625633598842,0.13678040519566423,199,128,1381,step1,1
0,42,partial_iv_anp,CALCE_CX2_38,0.5,198,198,198,ok,,0.07282281602398893,0.0020014177131085775,-1.7018939761100436,0.779869659666908,0.1370089435294059,199,128,1381,step1,1
0,42,partial_iv_anp,CALCE_CX2_38,0.75,198,198,198,ok,,0.07270493038036556,0.0022815420197170866,-1.7025107146516965,0.779145546705286,0.1388035852625354,199,128,1381,step1,1
0,42,partial_iv_anp,CALCE_CX2_38,1.0,198,198,198,ok,,0.07258224187374376,0.002563201778292057,-1.7075386610169834,0.7900072411296162,0.14134522918700926,199,128,1381,step1,1
0,42,partial_iv_anp,CALCE_CX2_38,0.0,199,199,199,ok,,0.13340974213504292,0.0074551171518272286,-0.9961256283266329,0.9543478260869566,0.48536138370791837,200,128,1380,step1,1
0,42,partial_iv_anp,CALCE_CX2_38,0.25,199,199,199,ok,,0.07252396493244702,0.003016438997106796,-1.7244576968644925,0.8021739130434783,0.14253988489526695,200,128,1380,step1,1
0,42,partial_iv_anp,CALCE_CX2_38,0.5,199,199,199,ok,,0.07240952655237717,0.0026585838991382005,-1.718221901972214,0.7985507246376812,0.14384115513152956,200,128,1380,step1,1
0,42,partial_iv_anp,CALCE_CX2_38,0.75,199,199,199,ok,,0.0722485826620081,0.002335679593125195,-1.7170825160478425,0.7971014492753623,0.14666826951156,200,128,1380,step1,1
0,42,partial_iv_anp,CALCE_CX2_38,1.0,199,199,199,ok,,0.07208573096188839,0.0020366129570073,-1.7193586413017925,0.803623188405797,0.15025117175317385,200,128,1380,step1,1
0,42,partial_iv_anp,CALCE_CX2_38,0.0,200,200,200,ok,,0.13293458806897526,0.01247782422239807,-0.9990010528649216,0.9572153734590283,0.484937105704483,201,128,1379,step10,10
0,42,partial_iv_anp,CALCE_CX2_38,0.0,200,200,200,ok,,0.13293458806897526,0.01247782422239807,-0.9990010528649216,0.9572153734590283,0.484937105704483,201,128,1379,step1,1
0,42,partial_iv_anp,CALCE_CX2_38,0.25,200,200,200,ok,,0.0717063373661636,0.00690226441495434,-1.7256485110397448,0.8158085569253082,0.1555838741187739,201,128,1379,step10,10
0,42,partial_iv_anp,CALCE_CX2_38,0.25,200,200,200,ok,,0.0717063373661636,0.00690226441495434,-1.7256485110397448,0.8158085569253082,0.1555838741187739,201,128,1379,step1,1
0,42,partial_iv_anp,CALCE_CX2_38,0.5,200,200,200,ok,,0.0717380602886371,0.0067622990039992725,-1.7226652411788383,0.813633067440174,0.15495076804244548,201,128,1379,step10,10
0,42,partial_iv_anp,CALCE_CX2_38,0.5,200,200,200,ok,,0.0717380602886371,0.0067622990039992725,-1.7226652411788383,0.813633067440174,0.15495076804244548,201,128,1379,step1,1
0,42,partial_iv_anp,CALCE_CX2_38,0.75,200,200,200,ok,,0.071654725976455,0.006594598537787433,-1.7200418661065733,0.8150833937635968,0.15669546004618642,201,128,1379,step10,10
0,42,partial_iv_anp,CALCE_CX2_38,0.75,200,200,200,ok,,0.071654725976455,0.006594598537787433,-1.7200418661065733,0.8150833937635968,0.15669546004618642,201,128,1379,step1,1
0,42,partial_iv_anp,CALCE_CX2_38,1.0,200,200,200,ok,,0.07153557251289148,0.006410285723859377,-1.719948903583899,0.8201595358955766,0.15978204891960437,201,128,1379,step10,10
0,42,partial_iv_anp,CALCE_CX2_38,1.0,200,200,200,ok,,0.07153557251289148,0.006410285723859377,-1.719948903583899,0.8201595358955766,0.15978204891960437,201,128,1379,step1,1
0,42,partial_iv_anp,CALCE_CX2_38,0.0,201,201,201,ok,,0.13256922139794408,0.011326906562149963,-1.0014075173043668,0.9600870827285921,0.4846440011942685,202,128,1378,step1,1
0,42,partial_iv_anp,CALCE_CX2_38,0.25,201,201,201,ok,,0.07187583349702323,0.006048893204622319,-1.7406791697591986,0.8149492017416545,0.1514528073381738,202,128,1378,step1,1
0,42,partial_iv_anp,CALCE_CX2_38,0.5,201,201,201,ok,,0.07189083685204013,0.005890833601672307,-1.736365191781187,0.8127721335268505,0.15094798965542225,202,128,1378,step1,1
0,42,partial_iv_anp,CALCE_CX2_38,0.75,201,201,201,ok,,0.07179143411093304,0.005692793669653695,-1.733595217318789,0.8134978229317852,0.1528315578462538,202,128,1378,step1,1
0,42,partial_iv_anp,CALCE_CX2_38,1.0,201,201,201,ok,,0.07166093968583909,0.005478178666787792,-1.7336652290005918,0.8178519593613933,0.1559591697065864,202,128,1378,step1,1
0,42,partial_iv_anp,CALCE_CX2_38,0.0,202,202,202,ok,,0.13271407367529506,0.013736117064935272,-0.9985701976613685,0.9549745824255628,0.48499329339910335,203,128,1377,step1,1
0,42,partial_iv_anp,CALCE_CX2_38,0.25,202,202,202,ok,,0.07171572575853286,0.008138522722980768,-1.726064194409381,0.8177196804647785,0.1557472243833945,203,128,1377,step1,1
0,42,partial_iv_anp,CALCE_CX2_38,0.5,202,202,202,ok,,0.07173819554742052,0.007986260915652355,-1.7229401633150507,0.8155410312273057,0.155319195122285,203,128,1377,step1,1
0,42,partial_iv_anp,CALCE_CX2_38,0.75,202,202,202,ok,,0.07164237763703737,0.007803575858317702,-1.719906453810379,0.8177196804647785,0.1573346016390038,203,128,1377,step1,1
0,42,partial_iv_anp,CALCE_CX2_38,1.0,202,202,202,ok,,0.0715138719563549,0.007608674638632018,-1.7195411050272162,0.8220769789397241,0.16069681437430533,203,128,1377,step1,1
0,42,partial_iv_anp,CALCE_CX2_38,0.0,203,203,203,ok,,0.13220652032052288,0.014391545277455675,-1.0020453506112263,0.9585755813953488,0.4845000044432739,204,128,1376,step1,1
0,42,partial_iv_anp,CALCE_CX2_38,0.25,203,203,203,ok,,0.07166729692959779,0.008828635464109835,-1.7395759952724064,0.8248546511627907,0.1551192054596706,204,128,1376,step1,1
0,42,partial_iv_anp,CALCE_CX2_38,0.5,203,203,203,ok,,0.0716484216216479,0.008623139803362934,-1.7355489308039447,0.8234011627906976,0.1555021165919045,204,128,1376,step1,1
0,42,partial_iv_anp,CALCE_CX2_38,0.75,203,203,203,ok,,0.07152650254819147,0.008410770288055036,-1.731661050368418,0.8241279069767442,0.1580378911942639,204,128,1376,step1,1
0,42,partial_iv_anp,CALCE_CX2_38,1.0,203,203,203,ok,,0.07138517122991699,0.008206376602546528,-1.7304771698510164,0.8321220930232558,0.16169654949691895,204,128,1376,step1,1
0,42,partial_iv_anp,CALCE_CX2_38,0.0,204,204,204,ok,,0.1321803013861593,0.007143624396599435,-1.0013623119860464,0.9629090909090909,0.4844997435070271,205,128,1375,step1,1
0,42,partial_iv_anp,CALCE_CX2_38,0.25,204,204,204,ok,,0.07243345104054255,0.0026808053867865,-1.7522348117910835,0.8101818181818182,0.14247760079966781,205,128,1375,step1,1
0,42,partial_iv_anp,CALCE_CX2_38,0.5,204,204,204,ok,,0.07237901729265576,0.0024266453066700278,-1.7454001999983997,0.808,0.1426957171742383,205,128,1375,step1,1
0,42,partial_iv_anp,CALCE_CX2_38,0.75,204,204,204,ok,,0.07225184153948605,0.00215758370959529,-1.7433542380003306,0.8087272727272727,0.1447758999004816,205,128,1375,step1,1
0,42,partial_iv_anp,CALCE_CX2_38,1.0,204,204,204,ok,,0.0721190995362696,0.0018948474645871238,-1.7447832622182502,0.816,0.1476227410299789,205,128,1375,step1,1
0,42,partial_iv_anp,CALCE_CX2_38,0.0,205,205,205,ok,,0.13175099233802168,0.004817108173364559,-1.0029177201856103,0.9606986899563319,0.48426143243692915,206,128,1374,step1,1
0,42,partial_iv_anp,CALCE_CX2_38,0.25,205,205,205,ok,,0.07277664875815323,0.0009700774707701587,-1.7584589741923689,0.8078602620087336,0.13717246502686073,206,128,1374,step1,1
0,42,partial_iv_anp,CALCE_CX2_38,0.5,205,205,205,ok,,0.07266828184913685,0.0006298202499187555,-1.751551722571421,0.8085880640465793,0.13791128493326138,206,128,1374,step1,1
0,42,partial_iv_anp,CALCE_CX2_38,0.75,205,205,205,ok,,0.07251842520454728,0.00029942648848602094,-1.7510107110523765,0.8078602620087336,0.14021861219230214,206,128,1374,step1,1
0,42,partial_iv_anp,CALCE_CX2_38,1.0,205,205,205,ok,,0.07237325706012597,1.1178225993280222e-05,-1.7538502249145866,0.8129548762736536,0.14315107163520496,206,128,1374,step1,1
0,42,partial_iv_anp,CALCE_CX2_38,0.0,206,206,206,ok,,0.13147789748814898,0.010476566755291739,-1.0042955190110048,0.9650400582665696,0.48397383835620006,207,128,1373,step1,1
0,42,partial_iv_anp,CALCE_CX2_38,0.25,206,206,206,ok,,0.0722600959225613,0.00579856009890789,-1.7657522526575296,0.8135469774217043,0.1445802781084075,207,128,1373,step1,1
0,42,partial_iv_anp,CALCE_CX2_38,0.5,206,206,206,ok,,0.07214342586277932,0.005444983320395669,-1.759003824473352,0.8164603058994901,0.14604321254682556,207,128,1373,step1,1
0,42,partial_iv_anp,CALCE_CX2_38,0.75,206,206,206,ok,,0.0719657005019312,0.005116627006093721,-1.7553708794825449,0.8201019664967225,0.14914577213451766,207,128,1373,step1,1
0,42,partial_iv_anp,CALCE_CX2_38,1.0,206,206,206,ok,,0.07178809510471139,0.004816883706057151,-1.7547856121501035,0.8252002913328478,0.1530402517182137,207,128,1373,step1,1
0,42,partial_iv_anp,CALCE_CX2_38,0.0,207,207,207,ok,,0.13121901913461476,0.013320568248810338,-1.005298315899287,0.967201166180758,0.48373833893815765,208,128,1372,step1,1
0,42,partial_iv_anp,CALCE_CX2_38,0.25,207,207,207,ok,,0.0717642134623586,0.00794205361352085,-1.7602271125361102,0.8250728862973761,0.15225836407872434,208,128,1372,step1,1
0,42,partial_iv_anp,CALCE_CX2_38,0.5,207,207,207,ok,,0.0717406502905051,0.007729004594151601,-1.7557420336636154,0.8221574344023324,0.1526016148527291,208,128,1372,step1,1
0,42,partial_iv_anp,CALCE_CX2_38,0.75,207,207,207,ok,,0.07162930739499175,0.007521611008268758,-1.7519457310449205,0.8228862973760933,0.1547277070272151,208,128,1372,step1,1
0,42,partial_iv_anp,CALCE_CX2_38,1.0,207,207,207,ok,,0.0714958547142435,0.0073109931507649994,-1.7507453697953195,0.8301749271137027,0.15797024393081988,208,128,1372,step1,1
0,42,partial_iv_anp,CALCE_CX2_38,0.0,208,208,208,ok,,0.13069005478849333,0.012719159759619902,-1.0080627930151786,0.9642596644784829,0.48341971765399594,209,128,1371,step1,1
0,42,partial_iv_anp,CALCE_CX2_38,0.25,208,208,208,ok,,0.07188257796165859,0.007552204844046284,-1.774834852605284,0.8285922684172137,0.14979054937897762,209,128,1371,step1,1
0,42,partial_iv_anp,CALCE_CX2_38,0.5,208,208,208,ok,,0.07183629212490657,0.007308734704777664,-1.769447051478754,0.8278628738147338,0.15036286679851504,209,128,1371,step1,1
0,42,partial_iv_anp,CALCE_CX2_38,0.75,208,208,208,ok,,0.07170984186610854,0.007074932765140374,-1.7654322367410253,0.8278628738147338,0.15265191035787437,209,128,1371,step1,1
0,42,partial_iv_anp,CALCE_CX2_38,1.0,208,208,208,ok,,0.07156043578653438,0.006835276582051297,-1.7639356608955081,0.8373450036469731,0.15609400351774727,209,128,1371,step1,1
0,42,partial_iv_anp,CALCE_CX2_38,0.0,209,209,209,ok,,0.13039988881740125,0.012760067250387142,-1.0094535844749757,0.9686131386861314,0.4832398003572985,210,128,1370,step1,1
0,42,partial_iv_anp,CALCE_CX2_38,0.25,209,209,209,ok,,0.07185859561939943,0.007587178922393134,-1.7810302555884998,0.8284671532846716,0.14973967429929397,210,128,1370,step1,1
0,42,partial_iv_anp,CALCE_CX2_38,0.5,209,209,209,ok,,0.07180655911090277,0.007336011997313041,-1.7755846868955223,0.8291970802919708,0.15043088839138688,210,128,1370,step1,1
0,42,partial_iv_anp,CALCE_CX2_38,0.75,209,209,209,ok,,0.07167113219023508,0.007092873089647345,-1.7711631034524782,0.8277372262773722,0.15286601108243209,210,128,1370,step1,1
0,42,partial_iv_anp,CALCE_CX2_38,1.0,209,209,209,ok,,0.07152330529287057,0.006856332187716752,-1.7694355983577363,0.8328467153284671,0.15627741043398455,210,128,1370,step1,1
0,42,partial_iv_anp,CALCE_CX2_38,0.0,210,210,210,ok,,0.1303284566440108,0.0013725726605140487,-1.008552255485589,0.9700511322132944,0.4834405792689295,211,128,1369,step10,10
0,42,partial_iv_anp,CALCE_CX2_38,0.0,210,210,210,ok,,0.1303284566440108,0.0013725726605140487,-1.008552255485589,0.9700511322132944,0.4834405792689295,211,128,1369,step1,1
0,42,partial_iv_anp,CALCE_CX2_38,0.25,210,210,210,ok,,0.07140915213697593,0.004420780979139005,-1.7624631905505888,0.8341855368882396,0.1578541438275543,211,128,1369,step10,10
0,42,partial_iv_anp,CALCE_CX2_38,0.25,210,210,210,ok,,0.07140915213697593,0.004420780979139005,-1.7624631905505888,0.8341855368882396,0.1578541438275543,211,128,1369,step1,1
0,42,partial_iv_anp,CALCE_CX2_38,0.5,210,210,210,ok,,0.07147905085248664,0.004516946779579478,-1.7619043861948858,0.83345507669832,0.15675814127494203,211,128,1369,step10,10
0,42,partial_iv_anp,CALCE_CX2_38,0.5,210,210,210,ok,,0.07147905085248664,0.004516946779579478,-1.7619043861948858,0.83345507669832,0.15675814127494203,211,128,1369,step1,1
0,42,partial_iv_anp,CALCE_CX2_38,0.75,210,210,210,ok,,0.07142324838501486,0.004645997523421652,-1.759340896972419,0.8356464572680788,0.15795609074618833,211,128,1369,step10,10
0,42,partial_iv_anp,CALCE_CX2_38,0.75,210,210,210,ok,,0.07142324838501486,0.004645997523421652,-1.759340896972419,0.8356464572680788,0.15795609074618833,211,128,1369,step1,1
0,42,partial_iv_anp,CALCE_CX2_38,1.0,210,210,210,ok,,0.07135253377148831,0.004772055467245906,-1.7586473455142417,0.8378378378378378,0.15990428138751725,211,128,1369,step10,10
0,42,partial_iv_anp,CALCE_CX2_38,1.0,210,210,210,ok,,0.07135253377148831,0.004772055467245906,-1.7586473455142417,0.8378378378378378,0.15990428138751725,211,128,1369,step1,1
0,42,partial_iv_anp,CALCE_CX2_38,0.0,211,211,211,ok,,0.12992985107160335,0.00014124949822658106,-1.0101786799437846,0.9714912280701754,0.483164106798238,212,128,1368,step1,1
0,42,partial_iv_anp,CALCE_CX2_38,0.25,211,211,211,ok,,0.07158545839212296,0.005404809040426506,-1.7768665222029225,0.8333333333333334,0.154372736055102,212,128,1368,step1,1
0,42,partial_iv_anp,CALCE_CX2_38,0.5,211,211,211,ok,,0.07164925090648083,0.005503650254975678,-1.7753050998110365,0.8333333333333334,0.15326877936669717,212,128,1368,step1,1
0,42,partial_iv_anp,CALCE_CX2_38,0.75,211,211,211,ok,,0.07159145944348375,0.0056399870290397836,-1.7726562020179253,0.8318713450292398,0.1543728491222605,212,128,1368,step1,1
0,42,partial_iv_anp,CALCE_CX2_38,1.0,211,211,211,ok,,0.07151932125375911,0.005776574090650133,-1.7719804915175446,0.8340643274853801,0.1562131914773009,212,128,1368,step1,1
0,42,partial_iv_anp,CALCE_CX2_38,0.0,212,212,212,ok,,0.1297665473984093,0.002622773576381743,-1.010336220619315,0.9714703730797366,0.48317048179150307,213,128,1367,step1,1
0,42,partial_iv_anp,CALCE_CX2_38,0.25,212,212,212,ok,,0.07133995429826927,0.003210728670774765,-1.769952976931832,0.8383321141185077,0.15824022072251215,213,128,1367,step1,1
0,42,partial_iv_anp,CALCE_CX2_38,0.5,212,212,212,ok,,0.07139180299703167,0.003331413065242317,-1.7693090906137998,0.8361375274323336,0.15760865163085575,213,128,1367,step1,1
0,42,partial_iv_anp,CALCE_CX2_38,0.75,212,212,212,ok,,0.07129656176896182,0.003503818582301199,-1.7653899264027748,0.8368690563277249,0.15962303569326733,213,128,1367,step1,1
0,42,partial_iv_anp,CALCE_CX2_38,1.0,212,212,212,ok,,0.07119624482940363,0.0036573282771814597,-1.7634974882922423,0.84491587417703,0.16226798445180307,213,128,1367,step1,1
0,42,partial_iv_anp,CALCE_CX2_38,0.0,213,213,213,ok,,0.12972453396216957,0.0014665179434849573,-1.0085664559625398,0.9699853587115667,0.48349302925294607,214,128,1366,step1,1
0,42,partial_iv_anp,CALCE_CX2_38,0.25,213,213,213,ok,,0.07127190787713149,0.004521502604109218,-1.7602715543313707,0.8455344070278185,0.16080038791909332,214,128,1366,step1,1
0,42,partial_iv_anp,CALCE_CX2_38,0.5,213,213,213,ok,,0.07131868466426418,0.004647728116333405,-1.7598898340500768,0.8477306002928258,0.1603445926029761,214,128,1366,step1,1
0,42,partial_iv_anp,CALCE_CX2_38,0.75,213,213,213,ok,,0.07125665388909459,0.004777839298331532,-1.7570038992399921,0.849194729136164,0.16178482707995984,214,128,1366,step1,1
0,42,partial_iv_anp,CALCE_CX2_38,1.0,213,213,213,ok,,0.0711718278670512,0.004910063191232106,-1.7555693514562176,0.8506588579795022,0.16420406464442042,214,128,1366,step1,1
0,42,partial_iv_anp,CALCE_CX2_38,0.0,214,214,214,ok,,0.12933490461340935,0.0012942025352608022,-1.010831787900329,0.9692307692307692,0.48290770499171265,215,128,1365,step1,1
0,42,partial_iv_anp,CALCE_CX2_38,0.25,214,214,214,ok,,0.0712342025151788,0.0046646859620501635,-1.7705159770881151,0.8556776556776556,0.1599973349779727,215,128,1365,step1,1
0,42,partial_iv_anp,CALCE_CX2_38,0.5,214,214,214,ok,,0.07129519892110552,0.004774298416521883,-1.7705027389252819,0.8556776556776556,0.1592550887007741,215,128,1365,step1,1
0,42,partial_iv_anp,CALCE_CX2_38,0.75,214,214,214,ok,,0.0712305501320616,0.0049089492110743205,-1.767493475475876,0.8578754578754578,0.1607135132213094,215,128,1365,step1,1
0,42,partial_iv_anp,CALCE_CX2_38,1.0,214,214,214,ok,,0.07115083734384361,0.005037880313919274,-1.7660476455230323,0.8615384615384616,0.16295028683383017,215,128,1365,step1,1
0,42,partial_iv_anp,CALCE_CX2_38,0.0,215,215,215,ok,,0.12930707785203066,0.002766222834234555,-1.0089203760032739,0.9699413489736071,0.4830425823935003,216,128,1364,step1,1
0,42,partial_iv_anp,CALCE_CX2_38,0.25,215,215,215,ok,,0.07127295428312423,0.003226707254457062,-1.7644543098184737,0.8511730205278593,0.16057536352407592,216,128,1364,step1,1
0,42,partial_iv_anp,CALCE_CX2_38,0.5,215,215,215,ok,,0.07133951690181888,0.0033301399141582033,-1.7648285500048346,0.8504398826979472,0.15975536704153115,216,128,1364,step1,1
0,42,partial_iv_anp,CALCE_CX2_38,0.75,215,215,215,ok,,0.07126797544673692,0.0034714959298193238,-1.7615776298296948,0.8511730205278593,0.16136959313175034,216,128,1364,step1,1
0,42,partial_iv_anp,CALCE_CX2_38,1.0,215,215,215,ok,,0.07118459901384905,0.0036039051420097,-1.760062831711844,0.8541055718475073,0.16373141379555667,216,128,1364,step1,1
0,42,partial_iv_anp,CALCE_CX2_38,0.0,216,216,216,ok,,0.12928113016517873,0.0015788152601632355,-1.0072513618819214,0.9684519442406456,0.48318133967027826,217,128,1363,step1,1
0,42,partial_iv_anp,CALCE_CX2_38,0.25,216,216,216,ok,,0.07126686011536369,0.004485919662842619,-1.7574384977181765,0.8466617754952311,0.1616281378694305,217,128,1363,step1,1
0,42,partial_iv_anp,CALCE_CX2_38,0.5,216,216,216,ok,,0.07144148016655649,0.004462544936152946,-1.7622829693011977,0.8466617754952311,0.15878043702446276,217,128,1363,step1,1
0,42,partial_iv_anp,CALCE_CX2_38,0.75,216,216,216,ok,,0.07142719731698494,0.0045401837779046605,-1.7612113112805383,0.8466617754952311,0.1592450843048914,217,128,1363,step1,1
0,42,partial_iv_anp,CALCE_CX2_38,1.0,216,216,216,ok,,0.07136820547296467,0.0046529022830714695,-1.7608542875343696,0.8473954512105649,0.16104591044582292,217,128,1363,step1,1
0,42,partial_iv_anp,CALCE_CX2_38,0.0,217,217,217,ok,,0.12874422181229722,0.005251516655589983,-1.009998370051007,0.9713656387665198,0.48258098647369996,218,128,1362,step1,1
0,42,partial_iv_anp,CALCE_CX2_38,0.25,217,217,217,ok,,0.07134231914499668,0.0006672551858194486,-1.773355348556018,0.8472834067547724,0.15929781773545182,218,128,1362,step1,1
0,42,partial_iv_anp,CALCE_CX2_38,0.5,217,217,217,ok,,0.07141691534742341,0.0007596357865216063,-1.773839539770368,0.8465491923641704,0.15831186329986632,218,128,1362,step1,1
0,42,partial_iv_anp,CALCE_CX2_38,0.75,217,217,217,ok,,0.07134451750883519,0.0009051529657662094,-1.7705614748334888,0.8480176211453745,0.1598833451516674,218,128,1362,step1,1
0,42,partial_iv_anp,CALCE_CX2_38,1.0,217,217,217,ok,,0.07124849379318249,0.0010567849715242827,-1.7686794410091407,0.8509544787077826,0.1624803767037969,218,128,1362,step1,1
0,42,partial_iv_anp,CALCE_CX2_38,0.0,218,218,218,ok,,0.12865596362681403,0.0036562848344774412,-1.0089162721820502,0.973548861131521,0.4827446762129556,219,128,1361,step1,1
0,42,partial_iv_anp,CALCE_CX2_38,0.25,218,218,218,ok,,0.07140988550459348,0.002228440090284667,-1.7724976558591177,0.8508449669360764,0.1589299952281026,219,128,1361,step1,1
0,42,partial_iv_anp,CALCE_CX2_38,0.5,218,218,218,ok,,0.0714723943241815,0.0023373254683111133,-1.7724299905465581,0.8486407053637032,0.15816444857587733,219,128,1361,step1,1
0,42,partial_iv_anp,CALCE_CX2_38,0.75,218,218,218,ok,,0.07141429753067181,0.0024692972985765893,-1.76965665318781,0.8493754592211609,0.15945476890187876,219,128,1361,step1,1
0,42,partial_iv_anp,CALCE_CX2_38,1.0,218,218,218,ok,,0.07136715610518078,0.0025703722850968225,-1.7693624665719363,0.852314474650992,0.16098353725661882,219,128,1361,step1,1
0,42,partial_iv_anp,CALCE_CX2_38,0.0,219,219,219,ok,,0.1281686787472708,0.006945658060274806,-1.0115396446077,0.9735294117647059,0.4821926255209337,220,128,1360,step1,1
0,42,partial_iv_anp,CALCE_CX2_38,0.25,219,219,219,ok,,0.07152185691015142,0.001260262137146917,-1.7894842064429273,0.8492647058823529,0.15598780427347791,220,128,1360,step1,1
0,42,partial_iv_anp,CALCE_CX2_38,0.5,219,219,219,ok,,0.07153589573643468,0.0010940804370654922,-1.7871520811577448,0.85,0.15598423604222925,220,128,1360,step1,1
0,42,partial_iv_anp,CALCE_CX2_38,0.75,219,219,219,ok,,0.07142427632265783,0.0008960625161503755,-1.7824420230647067,0.8551470588235294,0.1581929342164925,220,128,1360,step1,1
0,42,partial_iv_anp,CALCE_CX2_38,1.0,219,219,219,ok,,0.07130008575122615,0.0007059007840376497,-1.7795781617521096,0.8595588235294118,0.16130672717120764,220,128,1360,step1,1
0,42,partial_iv_anp,CALCE_CX2_38,0.0,220,220,220,ok,,0.1283507565310764,0.00830759882155907,-1.0086017727740242,0.9720382634289919,0.48249224229948656,221,128,1359,step10,10
0,42,partial_iv_anp,CALCE_CX2_38,0.0,220,220,220,ok,,0.1283507565310764,0.00830759882155907,-1.0086017727740242,0.9720382634289919,0.48249224229948656,221,128,1359,step1,1
0,42,partial_iv_anp,CALCE_CX2_38,0.25,220,220,220,ok,,0.07133086824657864,0.0023110450662261472,-1.7703492028511765,0.8543046357615894,0.16033138663998753,221,128,1359,step10,10
0,42,partial_iv_anp,CALCE_CX2_38,0.25,220,220,220,ok,,0.07133086824657864,0.0023110450662261472,-1.7703492028511765,0.8543046357615894,0.16033138663998753,221,128,1359,step1,1
0,42,partial_iv_anp,CALCE_CX2_38,0.5,220,220,220,ok,,0.07139367743983685,0.002201547637519674,-1.7706691790813798,0.8535688005886681,0.1596529028880595,221,128,1359,step10,10
0,42,partial_iv_anp,CALCE_CX2_38,0.5,220,220,220,ok,,0.07139367743983685,0.002201547637519674,-1.7706691790813798,0.8535688005886681,0.1596529028880595,221,128,1359,step1,1
0,42,partial_iv_anp,CALCE_CX2_38,0.75,220,220,220,ok,,0.07132122036301475,0.0020556495241803585,-1.7673329858815188,0.8550404709345106,0.1613000188772697,221,128,1359,step10,10
0,42,partial_iv_anp,CALCE_CX2_38,0.75,220,220,220,ok,,0.07132122036301475,0.0020556495241803585,-1.7673329858815188,0.8550404709345106,0.1613000188772697,221,128,1359,step1,1
0,42,partial_iv_anp,CALCE_CX2_38,1.0,220,220,220,ok,,0.07123150269406851,0.001912209199041337,-1.7655368008811836,0.8565121412803532,0.1638508272526257,221,128,1359,step10,10
0,42,partial_iv_anp,CALCE_CX2_38,1.0,220,220,220,ok,,0.07123150269406851,0.001912209199041337,-1.7655368008811836,0.8565121412803532,0.1638508272526257,221,128,1359,step1,1
0,42,partial_iv_anp,CALCE_CX2_38,0.0,221,221,221,ok,,0.12786310133848297,0.009460803349725988,-1.0114476363545313,0.9749631811487481,0.482028378011967,222,128,1358,step1,1
0,42,partial_iv_anp,CALCE_CX2_38,0.25,221,221,221,ok,,0.07129432503379747,0.0034981072865559737,-1.7821384152348037,0.8541973490427098,0.15964614187983434,222,128,1358,step1,1
0,42,partial_iv_anp,CALCE_CX2_38,0.5,221,221,221,ok,,0.07135955865987434,0.0033906284890363736,-1.782500455914861,0.853460972017673,0.15894587943134547,222,128,1358,step1,1
0,42,partial_iv_anp,CALCE_CX2_38,0.75,221,221,221,ok,,0.07128145286723644,0.0032384394603564015,-1.7788430783388214,0.8556701030927835,0.16065639351128438,222,128,1358,step1,1
0,42,partial_iv_anp,CALCE_CX2_38,1.0,221,221,221,ok,,0.0711767676442426,0.00307747616685472,-1.776438663576239,0.8622974963181149,0.16352621343941726,222,128,1358,step1,1
0,42,partial_iv_anp,CALCE_CX2_38,0.0,222,222,222,ok,,0.12760102885574057,0.010346090043693579,-1.0120589913168696,0.9727339719970524,0.4818572064651956,223,128,1357,step1,1
0,42,partial_iv_anp,CALCE_CX2_38,0.25,222,222,222,ok,,0.07132381404869596,0.004417906680518668,-1.7865677780667393,0.8621960206337509,0.1591131575795984,223,128,1357,step1,1
0,42,partial_iv_anp,CALCE_CX2_38,0.5,222,222,222,ok,,0.07135532878275798,0.004270249454001451,-1.7855111121290492,0.8614591009579956,0.1590334035682025,223,128,1357,step1,1
0,42,partial_iv_anp,CALCE_CX2_38,0.75,222,222,222,ok,,0.07125839656033223,0.004096681253661805,-1.7810599347151368,0.8636698599852616,0.1611113084827175,223,128,1357,step1,1
0,42,partial_iv_anp,CALCE_CX2_38,1.0,222,222,222,ok,,0.07114199473794208,0.0039246595108399784,-1.7780643327139616,0.8658806190125277,0.16425039765538826,223,128,1357,step1,1
0,42,partial_iv_anp,CALCE_CX2_38,0.0,223,223,223,ok,,0.12755039758655942,0.009497985089950367,-1.0103471951683105,0.9727138643067846,0.4821822594954921,224,128,1356,step1,1
0,42,partial_iv_anp,CALCE_CX2_38,0.25,223,223,223,ok,,0.07118195653900017,0.0033214486727446424,-1.771029431101406,0.8657817109144543,0.1630997108736366,224,128,1356,step1,1
0,42,partial_iv_anp,CALCE_CX2_38,0.5,223,223,223,ok,,0.07132168473851944,0.0032956498845455595,-1.7752643677305275,0.8650442477876106,0.1611290773426148,224,128,1356,step1,1
0,42,partial_iv_anp,CALCE_CX2_38,0.75,223,223,223,ok,,0.07130844495009231,0.0032179272585942664,-1.7742584006819053,0.8650442477876106,0.16166510349134555,224,128,1356,step1,1
0,42,partial_iv_anp,CALCE_CX2_38,1.0,223,223,223,ok,,0.07125448763334452,0.003112333960587854,-1.7736808360286735,0.8672566371681416,0.16349134600896753,224,128,1356,step1,1
0,42,partial_iv_anp,CALCE_CX2_38,0.0,224,224,224,ok,,0.12689456432794,0.0031584038145481275,-1.014698052676219,0.9756457564575646,0.4813650744055191,225,128,1355,step1,1
0,42,partial_iv_anp,CALCE_CX2_38,0.25,224,224,224,ok,,0.07241711814195015,0.0012347326573337591,-1.83673887183931,0.8405904059040591,0.14210850800473662,225,128,1355,step1,1
0,42,partial_iv_anp,CALCE_CX2_38,0.5,224,224,224,ok,,0.07235450269334082,0.001495939130660151,-1.8304875193006225,0.8413284132841329,0.14249125235492113,225,128,1355,step1,1
0,42,partial_iv_anp,CALCE_CX2_38,0.75,224,224,224,ok,,0.07220729101237888,0.0017917875304593878,-1.8259093863477966,0.844280442804428,0.1447266344258367,225,128,1355,step1,1
0,42,partial_iv_anp,CALCE_CX2_38,1.0,224,224,224,ok,,0.07206836905868658,0.0020672848901356344,-1.8238655263639174,0.847970479704797,0.1475444236564897,225,128,1355,step1,1
0,42,partial_iv_anp,CALCE_CX2_38,0.0,225,225,225,ok,,0.12683390112230628,0.0022156241142998745,-1.013114713213316,0.9719350073855244,0.48150120979449584,226,128,1354,step1,1
0,42,partial_iv_anp,CALCE_CX2_38,0.25,225,225,225,ok,,0.07267936394844549,0.0018235954720218217,-1.836344711217463,0.8308714918759232,0.1392982213844059,226,128,1354,step1,1
0,42,partial_iv_anp,CALCE_CX2_38,0.5,225,225,225,ok,,0.0725831560943287,0.0021370492043119027,-1.8293785550169142,0.8286558345642541,0.1399907591179389,226,128,1354,step1,1
0,42,partial_iv_anp,CALCE_CX2_38,0.75,225,225,225,ok,,0.07242593566480045,0.002464394782950241,-1.8252757473221533,0.8308714918759232,0.1423130042942166,226,128,1354,step1,1
0,42,partial_iv_anp,CALCE_CX2_38,1.0,225,225,225,ok,,0.07228215932605868,0.00276466315430679,-1.823812861648592,0.8389955686853766,0.1451552857550403,226,128,1354,step1,1
0,42,partial_iv_anp,CALCE_CX2_38,0.0,226,226,226,ok,,0.1263946730175976,0.013576978131958017,-1.0154388517209643,0.9719142645971914,0.48099461708130836,227,128,1353,step1,1
0,42,partial_iv_anp,CALCE_CX2_38,0.25,226,226,226,ok,,0.07137237935904757,0.007730330640878802,-1.805217404328285,0.8588322246858833,0.15778222593617,227,128,1353,step1,1
0,42,partial_iv_anp,CALCE_CX2_38,0.5,226,226,226,ok,,0.07136487239832491,0.007535173808379647,-1.8024925437184347,0.8595713229859572,0.1584213154821362,227,128,1353,step1,1
0,42,partial_iv_anp,CALCE_CX2_38,0.75,226,226,226,ok,,0.07122736080927451,0.007315789851463528,-1.7961718028134115,0.8625277161862528,0.1612094133965789,227,128,1353,step1,1
0,42,partial_iv_anp,CALCE_CX2_38,1.0,226,226,226,ok,,0.07107242002923778,0.00710257219864141,-1.7913850735629715,0.8691796008869179,0.1652491133101417,227,128,1353,step1,1
0,42,partial_iv_anp,CALCE_CX2_38,0.0,227,227,227,ok,,0.12588112331872128,0.012988703826978698,-1.0179500870487859,0.9748520710059172,0.48051519682344596,228,128,1352,step1,1
0,42,partial_iv_anp,CALCE_CX2_38,0.25,227,227,227,ok,,0.07132615643603868,0.007115717920651132,-1.8123012234144034,0.8653846153846154,0.1580889636616421,228,128,1352,step1,1
0,42,partial_iv_anp,CALCE_CX2_38,0.5,227,227,227,ok,,0.07136252703224223,0.006971738323479748,-1.8113943316437422,0.8661242603550295,0.15798435409495093,228,128,1352,step1,1
0,42,partial_iv_anp,CALCE_CX2_38,0.75,227,227,227,ok,,0.0712605260386468,0.006790999473701764,-1.8064837573349142,0.867603550295858,0.16007130364378333,228,128,1352,step1,1
0,42,partial_iv_anp,CALCE_CX2_38,1.0,227,227,227,ok,,0.0711324291940725,0.0066008167955387,-1.8025989577394692,0.867603550295858,0.16343437345426454,228,128,1352,step1,1
0,42,partial_iv_anp,CALCE_CX2_38,0.0,228,228,228,ok,,0.12582422350871544,0.013557604636691978,-1.0168543270019317,0.9755736491487786,0.4806403915097522,229,128,1351,step1,1
0,42,partial_iv_anp,CALCE_CX2_38,0.25,228,228,228,ok,,0.07139427841965389,0.007715330964855549,-1.8109360733345095,0.8615840118430792,0.15774468712792614,229,128,1351,step1,1
0,42,partial_iv_anp,CALCE_CX2_38,0.5,228,228,228,ok,,0.07142160009054255,0.007561550746415291,-1.8095540243102974,0.8608438193930422,0.1577625305953251,229,128,1351,step1,1
0,42,partial_iv_anp,CALCE_CX2_38,0.75,228,228,228,ok,,0.0713227252872523,0.007381546428456454,-1.8047831902989362,0.8660251665433013,0.15979353241613392,229,128,1351,step1,1
0,42,partial_iv_anp,CALCE_CX2_38,1.0,228,228,228,ok,,0.07118908863304704,0.007183304136294422,-1.800720160732426,0.8660251665433013,0.16325682513961773,229,128,1351,step1,1
0,42,partial_iv_anp,CALCE_CX2_38,0.0,229,229,229,ok,,0.12572530359371983,0.01163281814338224,-1.0165717512004226,0.9755555555555555,0.4806323746188996,230,128,1350,step1,1
0,42,partial_iv_anp,CALCE_CX2_38,0.25,229,229,229,ok,,0.07149742716226787,0.005905067887187365,-1.8157621455331263,0.8629629629629629,0.1561136565787065,230,128,1350,step1,1
0,42,partial_iv_anp,CALCE_CX2_38,0.5,229,229,229,ok,,0.07156154734222563,0.0057957021700831834,-1.8156464748252394,0.8614814814814815,0.15544293674448106,230,128,1350,step1,1
0,42,partial_iv_anp,CALCE_CX2_38,0.75,229,229,229,ok,,0.07149572483865742,0.0056514715753305245,-1.8121704353759827,0.8622222222222222,0.1567484622259283,230,128,1350,step1,1
0,42,partial_iv_anp,CALCE_CX2_38,1.0,229,229,229,ok,,0.07140147149546527,0.005484774744427323,-1.8097409427024707,0.8651851851851852,0.15924334296538467,230,128,1350,step1,1
0,42,partial_iv_anp,CALCE_CX2_38,0.0,230,230,230,ok,,0.12542638729525993,0.007065965643464844,-1.0172538523571217,0.9770200148257969,0.48030881722105406,231,128,1349,step10,10
0,42,partial_iv_anp,CALCE_CX2_38,0.0,230,230,230,ok,,0.12542638729525993,0.007065965643464844,-1.0172538523571217,0.9770200148257969,0.48030881722105406,231,128,1349,step1,1
0,42,partial_iv_anp,CALCE_CX2_38,0.25,230,230,230,ok,,0.07249237750941763,0.0027239549293300858,-1.854792006436788,0.8458117123795404,0.14186175180050548,231,128,1349,step10,10
0,42,partial_iv_anp,CALCE_CX2_38,0.25,230,230,230,ok,,0.07249237750941763,0.0027239549293300858,-1.854792006436788,0.8458117123795404,0.14186175180050548,231,128,1349,step1,1
0,42,partial_iv_anp,CALCE_CX2_38,0.5,230,230,230,ok,,0.07237846067701777,0.0023754999925570397,-1.8473792546931422,0.8450704225352113,0.14306697051492964,231,128,1349,step10,10
0,42,partial_iv_anp,CALCE_CX2_38,0.5,230,230,230,ok,,0.07237846067701777,0.0023754999925570397,-1.8473792546931422,0.8450704225352113,0.14306697051492964,231,128,1349,step1,1
0,42,partial_iv_anp,CALCE_CX2_38,0.75,230,230,230,ok,,0.07221533795073805,0.0020556566499786433,-1.8416744931764022,0.8487768717568569,0.14555064653817254,231,128,1349,step10,10
0,42,partial_iv_anp,CALCE_CX2_38,0.75,230,230,230,ok,,0.07221533795073805,0.0020556566499786433,-1.8416744931764022,0.8487768717568569,0.14555064653817254,231,128,1349,step1,1
0,42,partial_iv_anp,CALCE_CX2_38,1.0,230,230,230,ok,,0.07205832820946644,0.0017535265653012555,-1.838275097128401,0.8539659006671608,0.14872781061507045,231,128,1349,step10,10
0,42,partial_iv_anp,CALCE_CX2_38,1.0,230,230,230,ok,,0.07205832820946644,0.0017535265653012555,-1.838275097128401,0.8539659006671608,0.14872781061507045,231,128,1349,step1,1
0,42,partial_iv_anp,CALCE_CX2_38,0.0,231,231,231,ok,,0.12514768326117848,0.005976134966598212,-1.0179247492322718,0.9792284866468842,0.4800401279596221,232,128,1348,step1,1
0,42,partial_iv_anp,CALCE_CX2_38,0.25,231,231,231,ok,,0.0726709517052573,0.0019319710474353657,-1.863153691888383,0.8375370919881305,0.13938428968939143,232,128,1348,step1,1
0,42,partial_iv_anp,CALCE_CX2_38,0.5,231,231,231,ok,,0.07254122028014799,0.001556148498824017,-1.8554937854539566,0.841246290801187,0.14065125530331174,232,128,1348,step1,1
0,42,partial_iv_anp,CALCE_CX2_38,0.75,231,231,231,ok,,0.07236909259523706,0.0012114677562374832,-1.8499315831836605,0.844213649851632,0.14317043243829636,232,128,1348,step1,1
0,42,partial_iv_anp,CALCE_CX2_38,1.0,231,231,231,ok,,0.07221000872556911,0.0008900878966394687,-1.846846931679093,0.8471810089020771,0.14631280217657172,232,128,1348,step1,1
0,42,partial_iv_anp,CALCE_CX2_38,0.0,232,232,232,ok,,0.12501273964566306,0.005391324153921628,-1.017548169936933,0.9814402375649591,0.47996421677822676,233,128,1347,step1,1
0,42,partial_iv_anp,CALCE_CX2_38,0.25,232,232,232,ok,,0.07277945444500358,0.0015229437461438122,-1.8661378249056253,0.8411284335560505,0.13800738717100572,233,128,1347,step1,1
0,42,partial_iv_anp,CALCE_CX2_38,0.5,232,232,232,ok,,0.07263858490783363,0.001128645716424015,-1.8582683094129566,0.8411284335560505,0.13933300066074622,233,128,1347,step1,1
0,42,partial_iv_anp,CALCE_CX2_38,0.75,232,232,232,ok,,0.07246545107004114,0.0007736108798247487,-1.8529235121725707,0.8426132145508537,0.14182874389495767,233,128,1347,step1,1
0,42,partial_iv_anp,CALCE_CX2_38,1.0,232,232,232,ok,,0.07230721309511895,0.00044266577575557964,-1.850109238874755,0.8515219005196734,0.144929864856629,233,128,1347,step1,1
0,42,partial_iv_anp,CALCE_CX2_38,0.0,233,233,233,ok,,0.12485374796627746,0.004867704524965766,-1.0170439651213818,0.9799405646359584,0.47998436112405546,234,128,1346,step1,1
0,42,partial_iv_anp,CALCE_CX2_38,0.25,233,233,233,ok,,0.07290383467321297,0.0011756110438075895,-1.8675680137166972,0.8350668647845468,0.136791982936598,234,128,1346,step1,1
0,42,partial_iv_anp,CALCE_CX2_38,0.5,233,233,233,ok,,0.07275609821542371,0.0007692296283919875,-1.8596834868842727,0.836552748885587,0.13811727385267478,234,128,1346,step1,1
0,42,partial_iv_anp,CALCE_CX2_38,0.75,233,233,233,ok,,0.07258298410719305,0.0004062821551610307,-1.8546575167391417,0.8395245170876672,0.14057126696307273,234,128,1346,step1,1
0,42,partial_iv_anp,CALCE_CX2_38,1.0,233,233,233,ok,,0.07242501231635211,6.537276661877645e-05,-1.8521678067554233,0.8484398216939079,0.14363631038624364,234,128,1346,step1,1
0,42,partial_iv_anp,CALCE_CX2_38,0.0,234,234,234,ok,,0.12435141786669625,0.004066660289443358,-1.0194122928593456,0.9799256505576208,0.4794910545122061,235,128,1345,step1,1
0,42,partial_iv_anp,CALCE_CX2_38,0.25,234,234,234,ok,,0.07300076945040104,0.0005869150225258357,-1.88013888030521,0.8371747211895911,0.1352182601630412,235,128,1345,step1,1
0,42,partial_iv_anp,CALCE_CX2_38,0.5,234,234,234,ok,,0.07284688756448861,0.000170852626837803,-1.8723710989062343,0.8386617100371747,0.1365122581826036,235,128,1345,step1,1
0,42,partial_iv_anp,CALCE_CX2_38,0.75,234,234,234,ok,,0.07266984022423724,0.00020301412873691138,-1.8674838134740457,0.841635687732342,0.13893899422482575,235,128,1345,step1,1
0,42,partial_iv_anp,CALCE_CX2_38,1.0,234,234,234,ok,,0.07251087261303601,0.0005550242137164485,-1.8650902063670398,0.8475836431226765,0.1419617023664518,235,128,1345,step1,1
0,42,partial_iv_anp,CALCE_CX2_38,0.0,235,235,235,ok,,0.12399497420533932,0.0032830335438037705,-1.0205881890116986,0.9806547619047619,0.4791508757046066,236,128,1344,step1,1
0,42,partial_iv_anp,CALCE_CX2_38,0.25,235,235,235,ok,,0.07310999777207483,5.5177739118894564e-06,-1.8878778711465576,0.8363095238095238,0.13376565855758493,236,128,1344,step1,1
0,42,partial_iv_anp,CALCE_CX2_38,0.5,235,235,235,ok,,0.07294723327156775,0.0004235801652000548,-1.8801889556155529,0.8377976190476191,0.13506852896244478,236,128,1344,step1,1
0,42,partial_iv_anp,CALCE_CX2_38,0.75,235,235,235,ok,,0.07277080474105685,0.0008048224154816319,-1.875661361276256,0.8422619047619048,0.1374437846105282,236,128,1344,step1,1
0,42,partial_iv_anp,CALCE_CX2_38,1.0,235,235,235,ok,,0.07261347611531836,0.0011637155854850034,-1.8735391093442009,0.8430059523809523,0.14039566929206776,236,128,1344,step1,1
0,42,partial_iv_anp,CALCE_CX2_38,0.0,236,236,236,ok,,0.12420516437515489,0.003235017392606676,-1.0170710762920947,0.9784065524944154,0.4797241244928218,237,128,1343,step1,1
0,42,partial_iv_anp,CALCE_CX2_38,0.25,236,236,236,ok,,0.07322348322648818,6.0462108747771914e-05,-1.8766742744530005,0.8346984363365599,0.13332858117251098,237,128,1343,step1,1
0,42,partial_iv_anp,CALCE_CX2_38,0.5,236,236,236,ok,,0.07305711606191617,0.000380012375629013,-1.8690394232737777,0.8354430379746836,0.13466212966839972,237,128,1343,step1,1
0,42,partial_iv_anp,CALCE_CX2_38,0.75,236,236,236,ok,,0.0728783772691948,0.0007723081049808567,-1.8648186647024771,0.8413998510796724,0.1370770764240035,237,128,1343,step1,1
0,42,partial_iv_anp,CALCE_CX2_38,1.0,236,236,236,ok,,0.07272006251676112,0.0011418642344791508,-1.8631508844342115,0.8466120625465376,0.1400657184760614,237,128,1343,step1,1
0,42,partial_iv_anp,CALCE_CX2_38,0.0,237,237,237,ok,,0.12357027107048832,0.002541050769396702,-1.020576991791796,0.9806259314456036,0.478975879568518,238,128,1342,step1,1
0,42,partial_iv_anp,CALCE_CX2_38,0.25,237,237,237,ok,,0.07327642815229947,0.00046793131488243045,-1.893199636512218,0.8390461997019374,0.1320787615691948,238,128,1342,step1,1
0,42,partial_iv_anp,CALCE_CX2_38,0.5,237,237,237,ok,,0.07309964796024294,0.000922930287319268,-1.885669051330073,0.842026825633383,0.13345685959301526,238,128,1342,step1,1
0,42,partial_iv_anp,CALCE_CX2_38,0.75,237,237,237,ok,,0.07291800495129105,0.0013225042365014872,-1.8814829742030692,0.8472429210134128,0.13584987695705536,238,128,1342,step1,1
0,42,partial_iv_anp,CALCE_CX2_38,1.0,237,237,237,ok,,0.07275836800711358,0.0016987144645455032,-1.8796756524547964,0.8524590163934426,0.13880363151671096,238,128,1342,step1,1
0,42,partial_iv_anp,CALCE_CX2_38,0.0,238,238,238,ok,,0.12340269273380715,0.002537296759972718,-1.0198815788852758,0.9798657718120806,0.479053742016407,239,128,1341,step1,1
0,42,partial_iv_anp,CALCE_CX2_38,0.25,238,238,238,ok,,0.07335876352396287,0.0003860578721148755,-1.89164932519073,0.8366890380313199,0.1317314682687172,239,128,1341,step1,1
0,42,partial_iv_anp,CALCE_CX2_38,0.5,238,238,238,ok,,0.07318021848347799,0.0008465585553319999,-1.884261090505451,0.8381804623415362,0.13310311286394674,239,128,1341,step1,1
0,42,partial_iv_anp,CALCE_CX2_38,0.75,238,238,238,ok,,0.07299893817917918,0.0012501605364249047,-1.8803078023502444,0.8411633109619687,0.13548353576890582,239,128,1341,step1,1
0,42,partial_iv_anp,CALCE_CX2_38,1.0,238,238,238,ok,,0.07283835993607726,0.0016336596348337507,-1.8787032080518165,0.8471290082028337,0.1384516812348612,239,128,1341,step1,1
0,42,partial_iv_anp,CALCE_CX2_38,0.0,239,239,239,ok,,0.123226228422228,0.0025893939686787437,-1.0200356291781412,0.9813432835820896,0.4787429800835476,240,128,1340,step1,1
0,42,partial_iv_anp,CALCE_CX2_38,0.25,239,239,239,ok,,0.07334296101904171,0.00033607017915138204,-1.8961322366394766,0.8395522388059702,0.13160749091175628,240,128,1340,step1,1
0,42,partial_iv_anp,CALCE_CX2_38,0.5,239,239,239,ok,,0.07316873430916321,0.0007854076827991108,-1.8885764780299634,0.841044776119403,0.13291375427121724,240,128,1340,step1,1
0,42,partial_iv_anp,CALCE_CX2_38,0.75,239,239,239,ok,,0.07298959102571667,0.0011847476752537833,-1.8844176666945691,0.8432835820895522,0.1352538726426634,240,128,1340,step1,1
0,42,partial_iv_anp,CALCE_CX2_38,1.0,239,239,239,ok,,0.07282926270964989,0.0015694268528155808,-1.8826060025637705,0.8485074626865672,0.1382219159721949,240,128,1340,step1,1
0,42,partial_iv_anp,CALCE_CX2_38,0.0,240,240,240,ok,,0.12326116671221377,0.0022591571440720992,-1.0176661241601532,0.9813293502613891,0.4792036155844494,241,128,1339,step10,10
0,42,partial_iv_anp,CALCE_CX2_38,0.0,240,240,240,ok,,0.12326116671221377,0.0022591571440720992,-1.0176661241601532,0.9813293502613891,0.4792036155844494,241,128,1339,step1,1
0,42,partial_iv_anp,CALCE_CX2_38,0.25,240,240,240,ok,,0.07345395845354731,0.0005604612880992788,-1.8879868916125797,0.835698282300224,0.13128204205627853,241,128,1339,step10,10
0,42,partial_iv_anp,CALCE_CX2_38,0.25,240,240,240,ok,,0.07345395845354731,0.0005604612880992788,-1.8879868916125797,0.835698282300224,0.13128204205627853,241,128,1339,step1,1
0,42,partial_iv_anp,CALCE_CX2_38,0.5,240,240,240,ok,,0.07328352858891103,0.0010058690997651887,-1.880641745715076,0.8342046303211351,0.1325042016969517,241,128,1339,step10,10
0,42,partial_iv_anp,CALCE_CX2_38,0.5,240,240,240,ok,,0.07328352858891103,0.0010058690997651887,-1.880641745715076,0.8342046303211351,0.1325042016969517,241,128,1339,step1,1
0,42,partial_iv_anp,CALCE_CX2_38,0.75,240,240,240,ok,,0.07310946752414758,0.0014019766551900403,-1.8769563866576129,0.8401792382374906,0.1347640380450547,241,128,1339,step10,10
0,42,partial_iv_anp,CALCE_CX2_38,0.75,240,240,240,ok,,0.07310946752414758,0.0014019766551900403,-1.8769563866576129,0.8401792382374906,0.1347640380450547,241,128,1339,step1,1
0,42,partial_iv_anp,CALCE_CX2_38,1.0,240,240,240,ok,,0.07295416781229969,0.001785819410825229,-1.8757276305850548,0.842419716206124,0.13765099963646965,241,128,1339,step10,10
0,42,partial_iv_anp,CALCE_CX2_38,1.0,240,240,240,ok,,0.07295416781229969,0.001785819410825229,-1.8757276305850548,0.842419716206124,0.13765099963646965,241,128,1339,step1,1
0,42,partial_iv_anp,CALCE_CX2_38,0.0,241,241,241,ok,,0.1228674381718526,0.002106031561757038,-1.0192100217224713,0.9813153961136024,0.4787571348993029,242,128,1338,step1,1
0,42,partial_iv_anp,CALCE_CX2_38,0.25,241,241,241,ok,,0.07350393366782235,0.0005954262974563473,-1.896722587993622,0.8363228699551569,0.13048024233407798,242,128,1338,step1,1
0,42,partial_iv_anp,CALCE_CX2_38,0.5,241,241,241,ok,,0.07332057923868261,0.001065085019732681,-1.8894157005685053,0.8370702541106129,0.13182691616974337,242,128,1338,step1,1
0,42,partial_iv_anp,CALCE_CX2_38,0.75,241,241,241,ok,,0.07313843669453428,0.0014789857120623973,-1.8856625974436945,0.8408071748878924,0.13417714013396248,242,128,1338,step1,1
0,42,partial_iv_anp,CALCE_CX2_38,1.0,241,241,241,ok,,0.07297800954057841,0.0018758015279894957,-1.8842527344541544,0.843796711509716,0.13712902368031435,242,128,1338,step1,1
0,42,partial_iv_anp,CALCE_CX2_38,0.0,242,242,242,ok,,0.12251610080227493,0.0016045972033194023,-1.020065563642932,0.9820493642483171,0.47855726264090626,243,128,1337,step1,1
0,42,partial_iv_anp,CALCE_CX2_38,0.25,242,242,242,ok,,0.0736159535045205,0.0009089550618730513,-1.9014440648322344,0.8332086761406133,0.1294282337333795,243,128,1337,step1,1
0,42,partial_iv_anp,CALCE_CX2_38,0.5,242,242,242,ok,,0.07342794323034403,0.0013859491618448683,-1.8944788196196656,0.8332086761406133,0.1307492609124829,243,128,1337,step1,1
0,42,partial_iv_anp,CALCE_CX2_38,0.75,242,242,242,ok,,0.07324349679672025,0.0018081420048293717,-1.891107610338127,0.8354525056095736,0.13308204750362404,243,128,1337,step1,1
0,42,partial_iv_anp,CALCE_CX2_38,1.0,242,242,242,ok,,0.07308161288527522,0.0022170262957050824,-1.8900445106432249,0.8421839940164547,0.1360357504295658,243,128,1337,step1,1
0,42,partial_iv_anp,CALCE_CX2_38,0.0,243,243,243,ok,,0.12253233316032094,0.0008351509013589942,-1.0185214101956201,0.9820359281437125,0.4786330504473902,244,128,1336,step1,1
0,42,partial_iv_anp,CALCE_CX2_38,0.25,243,243,243,ok,,0.07372487782426286,0.001464781120831371,-1.8990994508207806,0.8368263473053892,0.12816594519464825,244,128,1336,step1,1
0,42,partial_iv_anp,CALCE_CX2_38,0.5,243,243,243,ok,,0.07352299956223106,0.001967517916190098,-1.8922729302560033,0.8360778443113772,0.12957726930897043,244,128,1336,step1,1
0,42,partial_iv_anp,CALCE_CX2_38,0.75,243,243,243,ok,,0.0733381006886642,0.0024016869294962717,-1.8893703323191384,0.8360778443113772,0.13190255142292032,244,128,1336,step1,1
0,42,partial_iv_anp,CALCE_CX2_38,1.0,243,243,243,ok,,0.07317757045384791,0.002819099102843725,-1.8887907853906394,0.8405688622754491,0.1348169611159707,244,128,1336,step1,1
0,42,partial_iv_anp,CALCE_CX2_38,0.0,244,244,244,ok,,0.12229198648718614,0.0004824641056189183,-1.0183210343227846,0.9827715355805243,0.47865832824851484,245,128,1335,step1,1
0,42,partial_iv_anp,CALCE_CX2_38,0.25,244,244,244,ok,,0.07383913263870047,0.0016559571856282762,-1.8983934452588602,0.8367041198501872,0.12745338775537565,245,128,1335,step1,1
0,42,partial_iv_anp,CALCE_CX2_38,0.5,244,244,244,ok,,0.07363212674798872,0.0021709612659013278,-1.8920348476716335,0.8359550561797753,0.1288813088214995,245,128,1335,step1,1
0,42,partial_iv_anp,CALCE_CX2_38,0.75,244,244,244,ok,,0.07344533477728937,0.0026152965688067686,-1.8896191629028602,0.8359550561797753,0.13121495015249934,245,128,1335,step1,1
0,42,partial_iv_anp,CALCE_CX2_38,1.0,244,244,244,ok,,0.07328474009585902,0.0030409579356565075,-1.8894887677548011,0.8426966292134831,0.134122303379533,245,128,1335,step1,1
0,42,partial_iv_anp,CALCE_CX2_38,0.0,245,245,245,ok,,0.12181497428767545,0.0003929155810304952,-1.0205208002326616,0.9850074962518741,0.47795042418359224,246,128,1334,step1,1
0,42,partial_iv_anp,CALCE_CX2_38,0.25,245,245,245,ok,,0.07385745363486766,0.001683324698309674,-1.9096870284143568,0.8380809595202399,0.12695048686963206,246,128,1334,step1,1
0,42,partial_iv_anp,CALCE_CX2_38,0.5,245,245,245,ok,,0.07364309383000595,0.0022095072239175506,-1.9033654573741325,0.8418290854572713,0.1284370838469784,246,128,1334,step1,1
0,42,partial_iv_anp,CALCE_CX2_38,0.75,245,245,245,ok,,0.07345310069221,0.0026586540830085825,-1.9007619485401843,0.8418290854572713,0.13078331535046964,246,128,1334,step1,1
0,42,partial_iv_anp,CALCE_CX2_38,1.0,245,245,245,ok,,0.0732891103196427,0.00309170408022319,-1.9003088447211838,0.843328335832084,0.133723743714243,246,128,1334,step1,1
0,42,partial_iv_anp,CALCE_CX2_38,0.0,246,246,246,ok,,0.12164508467706704,0.015261499069407103,-1.0199549358761673,0.9842460615153789,0.477911987333563,247,128,1333,step1,1
0,42,partial_iv_anp,CALCE_CX2_38,0.25,246,246,246,ok,,0.07208155686562494,0.01002345539041305,-1.8624841936894256,0.8649662415603901,0.15093112161148015,247,128,1333,step1,1
0,42,partial_iv_anp,CALCE_CX2_38,0.5,246,246,246,ok,,0.07205243934906068,0.0097931993685203,-1.8581475657270166,0.8672168042010503,0.15165160974656994,247,128,1333,step1,1
0,42,partial_iv_anp,CALCE_CX2_38,0.75,246,246,246,ok,,0.07191569027275964,0.009539641398585541,-1.8514550064086874,0.8717179294823706,0.15404342718858308,247,128,1333,step1,1
0,42,partial_iv_anp,CALCE_CX2_38,1.0,246,246,246,ok,,0.07175550701884144,0.009259528807564754,-1.8455566961905316,0.8754688672168042,0.15788545050274094,247,128,1333,step1,1
0,42,partial_iv_anp,CALCE_CX2_38,0.0,247,247,247,ok,,0.12158235461873834,0.013212150270870193,-1.0193109153406805,0.9857357357357357,0.4779196854273707,248,128,1332,step1,1
0,42,partial_iv_anp,CALCE_CX2_38,0.25,247,247,247,ok,,0.0723320404700248,0.00832563740283121,-1.8721744834173195,0.8633633633633634,0.14748709133470825,248,128,1332,step1,1
0,42,partial_iv_anp,CALCE_CX2_38,0.5,247,247,247,ok,,0.07227916400567552,0.008060413903146157,-1.866666456640554,0.8648648648648649,0.14833287805720916,248,128,1332,step1,1
0,42,partial_iv_anp,CALCE_CX2_38,0.75,247,247,247,ok,,0.07213691035102877,0.007785359605679054,-1.8599469710605983,0.8716216216216216,0.15067457113213306,248,128,1332,step1,1
0,42,partial_iv_anp,CALCE_CX2_38,1.0,247,247,247,ok,,0.07197946022708279,0.007487690674623404,-1.8544320009820534,0.8753753753753754,0.15428395856521843,248,128,1332,step1,1
0,42,partial_iv_anp,CALCE_CX2_38,0.0,248,248,248,ok,,0.12120467526731443,0.015082542711025382,-1.0206301508874294,0.98572501878287,0.4776706207885458,249,128,1331,step1,1
0,42,partial_iv_anp,CALCE_CX2_38,0.25,248,248,248,ok,,0.07234148480046262,0.010191860513993789,-1.8765286433855084,0.8655146506386175,0.14762826313689767,249,128,1331,step1,1
0,42,partial_iv_anp,CALCE_CX2_38,0.5,248,248,248,ok,,0.07225197655226678,0.009870780999450601,-1.8696218043224244,0.8670172802404207,0.1490899882724517,249,128,1331,step1,1
0,42,partial_iv_anp,CALCE_CX2_38,0.75,248,248,248,ok,,0.07207424238027324,0.009547882728740631,-1.8613086480215868,0.8692712246431255,0.15204938643460222,249,128,1331,step1,1
0,42,partial_iv_anp,CALCE_CX2_38,1.0,248,248,248,ok,,0.07189108490561943,0.009221699833383057,-1.8544362738348323,0.8715251690458302,0.15624008132900233,249,128,1331,step1,1
0,42,partial_iv_anp,CALCE_CX2_38,0.0,249,249,249,ok,,0.12108578448297622,0.01664132769366855,-1.0204857667119176,0.9857142857142858,0.4774607329484492,250,128,1330,step1,1
0,42,partial_iv_anp,CALCE_CX2_38,0.25,249,249,249,ok,,0.07205074711968125,0.01135395287188512,-1.8652790229526375,0.8699248120300752,0.15139001213500997,250,128,1330,step1,1
0,42,partial_iv_anp,CALCE_CX2_38,0.5,249,249,249,ok,,0.07201746652570523,0.011111770737179394,-1.8606851960839512,0.869172932330827,0.1523058510102921,250,128,1330,step1,1
0,42,partial_iv_anp,CALCE_CX2_38,0.75,249,249,249,ok,,0.07186942874887818,0.01084340497498415,-1.8532216297950428,0.8714285714285714,0.15493789626327856,250,128,1330,step1,1
0,42,partial_iv_anp,CALCE_CX2_38,1.0,249,249,249,ok,,0.07169888673101375,0.010550999537767503,-1.8464815082032997,0.8759398496240601,0.1590990684729885,250,128,1330,step1,1
0,42,partial_iv_anp,CALCE_CX2_38,0.0,250,250,250,ok,,0.12094978627898352,0.007170329723436231,-1.020341935439102,0.9849510910458992,0.47720253786119604,251,128,1329,step10,10
0,42,partial_iv_anp,CALCE_CX2_38,0.0,250,250,250,ok,,0.12094978627898352,0.007170329723436231,-1.020341935439102,0.9849510910458992,0.47720253786119604,251,128,1329,step1,1
0,42,partial_iv_anp,CALCE_CX2_38,0.25,250,250,250,ok,,0.07334850375645395,0.00396254548393149,-1.9126689314741223,0.8480060195635817,0.13423217206135465,251,128,1329,step10,10
0,42,partial_iv_anp,CALCE_CX2_38,0.25,250,250,250,ok,,0.07334850375645395,0.00396254548393149,-1.9126689314741223,0.8480060195635817,0.13423217206135465,251,128,1329,step1,1
0,42,partial_iv_anp,CALCE_CX2_38,0.5,250,250,250,ok,,0.0731801454828928,0.003507263917329917,-1.904143799364034,0.8495109104589917,0.13577073161586822,251,128,1329,step10,10
0,42,partial_iv_anp,CALCE_CX2_38,0.5,250,250,250,ok,,0.0731801454828928,0.003507263917329917,-1.904143799364034,0.8495109104589917,0.13577073161586822,251,128,1329,step1,1
0,42,partial_iv_anp,CALCE_CX2_38,0.75,250,250,250,ok,,0.0729918439228927,0.003097051149862473,-1.897703423202931,0.8540255831452219,0.1383497162183754,251,128,1329,step10,10
0,42,partial_iv_anp,CALCE_CX2_38,0.75,250,250,250,ok,,0.0729918439228927,0.003097051149862473,-1.897703423202931,0.8540255831452219,0.1383497162183754,251,128,1329,step1,1
0,42,partial_iv_anp,CALCE_CX2_38,1.0,250,250,250,ok,,0.0728190209114377,0.0026937235975257323,-1.8933188010613116,0.8577878103837472,0.14170729785134967,251,128,1329,step10,10
0,42,partial_iv_anp,CALCE_CX2_38,1.0,250,250,250,ok,,0.0728190209114377,0.0026937235975257323,-1.8933188010613116,0.8577878103837472,0.14170729785134967,251,128,1329,step1,1
0,42,partial_iv_anp,CALCE_CX2_38,0.0,251,251,251,ok,,0.1208341312756959,0.013958086064553621,-1.0196294077562147,0.983433734939759,0.47732309797417816,252,128,1328,step1,1
0,42,partial_iv_anp,CALCE_CX2_38,0.25,251,251,251,ok,,0.07261946546721806,0.009454409121681606,-1.8874502126260762,0.8606927710843374,0.14415847667020953,252,128,1328,step1,1
0,42,partial_iv_anp,CALCE_CX2_38,0.5,251,251,251,ok,,0.07249368196242935,0.00907135415053506,-1.8789778062464324,0.8599397590361446,0.1459296805273389,252,128,1328,step1,1
0,42,partial_iv_anp,CALCE_CX2_38,0.75,251,251,251,ok,,0.07230324603275973,0.008711117948210445,-1.8702508477818887,0.8629518072289156,0.14895609369791477,252,128,1328,step1,1
0,42,partial_iv_anp,CALCE_CX2_38,1.0,251,251,251,ok,,0.07210996548908997,0.008345353763788088,-1.8630956190472867,0.8682228915662651,0.1532056017680779,252,128,1328,step1,1
0,42,partial_iv_anp,CALCE_CX2_38,0.0,252,252,252,ok,,0.12062168640245571,0.017624529461182314,-1.0199246793016312,0.9849284099472494,0.4772291504610205,253,128,1327,step1,1
0,42,partial_iv_anp,CALCE_CX2_38,0.25,252,252,252,ok,,0.07199349143232618,0.012217541333620185,-1.8617965180622569,0.8733986435568952,0.15272140857818348,253,128,1327,step1,1
0,42,partial_iv_anp,CALCE_CX2_38,0.5,252,252,252,ok,,0.07196406698723301,0.011975675164752952,-1.8573041308542368,0.8749058025621703,0.15374293078782345,253,128,1327,step1,1
0,42,partial_iv_anp,CALCE_CX2_38,0.75,252,252,252,ok,,0.07182413797848615,0.011720270392245435,-1.8499198352977784,0.8779201205727204,0.15631927475932583,253,128,1327,step1,1
0,42,partial_iv_anp,CALCE_CX2_38,1.0,252,252,252,ok,,0.07166251994336548,0.011441650651055513,-1.8432260597862544,0.8854559155990958,0.16044240937576298,253,128,1327,step1,1
0,42,partial_iv_anp,CALCE_CX2_38,0.0,253,253,253,ok,,0.12047222549915539,0.01604494515617405,-1.0199294909346122,0.9871794871794872,0.47692731178869724,254,128,1326,step1,1
0,42,partial_iv_anp,CALCE_CX2_38,0.25,253,253,253,ok,,0.07232403972832849,0.01108675348513899,-1.8779128197582797,0.8650075414781297,0.14814936947262602,254,128,1326,step1,1
0,42,partial_iv_anp,CALCE_CX2_38,0.5,253,253,253,ok,,0.07225023153474737,0.01078441642508643,-1.8712715540677614,0.8710407239819005,0.1494860107458041,254,128,1326,step1,1
0,42,partial_iv_anp,CALCE_CX2_38,0.75,253,253,253,ok,,0.0720941240510956,0.010490188326506389,-1.8633644866044508,0.8717948717948718,0.15213088388068377,254,128,1326,step1,1
0,42,partial_iv_anp,CALCE_CX2_38,1.0,253,253,253,ok,,0.07192167708562819,0.010173710907650069,-1.8564240147220392,0.8770739064856712,0.15618690609581815,254,128,1326,step1,1
0,42,partial_iv_anp,CALCE_CX2_38,0.0,254,254,254,ok,,0.12024653550605965,0.0161596173777534,-1.0204549831440564,0.9886792452830189,0.47660045548439495,255,128,1325,step1,1
0,42,partial_iv_anp,CALCE_CX2_38,0.25,254,254,254,ok,,0.0722555762749742,0.011116367348053657,-1.8778532395834833,0.8679245283018868,0.1488880890473662,255,128,1325,step1,1
0,42,partial_iv_anp,CALCE_CX2_38,0.5,254,254,254,ok,,0.07218650362980217,0.010818176185819928,-1.8713170273490802,0.8709433962264151,0.15024549072508897,255,128,1325,step1,1
0,42,partial_iv_anp,CALCE_CX2_38,0.75,254,254,254,ok,,0.07203428631020758,0.010534180765167211,-1.8633808095346849,0.8716981132075472,0.15283913623942097,255,128,1325,step1,1
0,42,partial_iv_anp,CALCE_CX2_38,1.0,254,254,254,ok,,0.07187166608801272,0.010232888167470033,-1.8566499735404092,0.8784905660377359,0.15678911771649112,255,128,1325,step1,1
0,42,partial_iv_anp,CALCE_CX2_38,0.0,255,255,255,ok,,0.119339801793725,0.018964934416998314,-1.0252259119722749,0.9894259818731118,0.4754978700287874,256,128,1324,step1,1
0,42,partial_iv_anp,CALCE_CX2_38,0.25,255,255,255,ok,,0.07198389016994423,0.013553529513040008,-1.876596028677845,0.8799093655589124,0.1526241212489389,256,128,1324,step1,1
0,42,partial_iv_anp,CALCE_CX2_38,0.5,255,255,255,ok,,0.07194362687349547,0.013294523440011474,-1.8714159527247451,0.8806646525679759,0.15391686989701373,256,128,1324,step1,1
0,42,partial_iv_anp,CALCE_CX2_38,0.75,255,255,255,ok,,0.07179931208630502,0.013035142468190708,-1.8634810825266106,0.8806646525679759,0.156584872668976,256,128,1324,step1,1
0,42,partial_iv_anp,CALCE_CX2_38,1.0,255,255,255,ok,,0.07163449302133414,0.012750263053226685,-1.8559779620350176,0.8867069486404834,0.1609334982656262,256,128,1324,step1,1
0,42,partial_iv_anp,CALCE_CX2_38,0.0,256,256,256,ok,,0.11940946684304612,0.010571758451358715,-1.0239498964752527,0.9886621315192744,0.47572952348439024,257,128,1323,step1,1
0,42,partial_iv_anp,CALCE_CX2_38,0.25,256,256,256,ok,,0.07311209032228841,0.006838276640554919,-1.9235327051287674,0.8594104308390023,0.13808017525694924,257,128,1323,step1,1
0,42,partial_iv_anp,CALCE_CX2_38,0.5,256,256,256,ok,,0.07296799803534557,0.006419643561007993,-1.9145304610649874,0.8578987150415722,0.1396682704380407,257,128,1323,step1,1
0,42,partial_iv_anp,CALCE_CX2_38,0.75,256,256,256,ok,,0.07278961813368913,0.006048686531286984,-1.9065788478210386,0.8609221466364324,0.14221670983177923,257,128,1323,step1,1
0,42,partial_iv_anp,CALCE_CX2_38,1.0,256,256,256,ok,,0.07261838534075715,0.005669609889560001,-1.9002494566102073,0.8669690098261527,0.14574398457986737,257,128,1323,step1,1
0,42,partial_iv_anp,CALCE_CX2_38,0.0,257,257,257,ok,,0.11920541114345505,0.00852772833280191,-1.02393570708108,0.9886535552193646,0.47543191589547873,258,128,1322,step1,1
0,42,partial_iv_anp,CALCE_CX2_38,0.25,257,257,257,ok,,0.07345433078099482,0.0053763521608266585,-1.9347339434561812,0.8608169440242057,0.13402216621807858,258,128,1322,step1,1
0,42,partial_iv_anp,CALCE_CX2_38,0.5,257,257,257,ok,,0.07327036059273202,0.004886108796718469,-1.9250997715140135,0.8608169440242057,0.13583823198166242,258,128,1322,step1,1
0,42,partial_iv_anp,CALCE_CX2_38,0.75,257,257,257,ok,,0.07307565831167859,0.0044636727665435805,-1.9173365263962197,0.8638426626323752,0.1385050444653993,258,128,1322,step1,1
0,42,partial_iv_anp,CALCE_CX2_38,1.0,257,257,257,ok,,0.07289636990368176,0.004042311375236252,-1.911349307166323,0.8661119515885023,0.1420404151113294,258,128,1322,step1,1
0,42,partial_iv_anp,CALCE_CX2_38,0.0,258,258,258,ok,,0.11891756332638301,0.015621992529717188,-1.0246049756683646,0.9886449659348978,0.4750788483780591,259,128,1321,step1,1
0,42,partial_iv_anp,CALCE_CX2_38,0.25,258,258,258,ok,,0.07263327078536132,0.011076091190290294,-1.9079363684699941,0.8720666161998486,0.14439373988349496,259,128,1321,step1,1
0,42,partial_iv_anp,CALCE_CX2_38,0.5,258,258,258,ok,,0.07250321731492518,0.010680192030311897,-1.8986863650052377,0.8735806207418623,0.14638330870901312,259,128,1321,step1,1
0,42,partial_iv_anp,CALCE_CX2_38,0.75,258,258,258,ok,,0.07230636192833868,0.010315139301552034,-1.8887382512002184,0.8750946252838758,0.14950842408631299,259,128,1321,step1,1
0,42,partial_iv_anp,CALCE_CX2_38,1.0,258,258,258,ok,,0.07210998957988349,0.009942477121358761,-1.8800888489052119,0.8796366389099167,0.1539590721086217,259,128,1321,step1,1
0,42,partial_iv_anp,CALCE_CX2_38,0.0,259,259,259,ok,,0.11885572755018008,0.006555283211225227,-1.0238460072625115,0.9863636363636363,0.4750006382156978,260,128,1320,step1,1
0,42,partial_iv_anp,CALCE_CX2_38,0.25,259,259,259,ok,,0.07184730804024904,0.0009144924339909988,-1.868939812543812,0.8787878787878788,0.15480683248861518,260,128,1320,step1,1
0,42,partial_iv_anp,CALCE_CX2_38,0.5,259,259,259,ok,,0.07193982307137944,0.0008247134036960535,-1.8701832044833326,0.8787878787878788,0.15428757533858076,260,128,1320,step1,1
0,42,partial_iv_anp,CALCE_CX2_38,0.75,259,259,259,ok,,0.07187324324379496,0.0006655234240839913,-1.8658590653781613,0.8787878787878788,0.15571031750471337,260,128,1320,step1,1
0,42,partial_iv_anp,CALCE_CX2_38,1.0,259,259,259,ok,,0.07178258028700192,0.0004755807379510646,-1.8615003016428862,0.8825757575757576,0.15833620619555377,260,128,1320,step1,1
0,42,partial_iv_anp,CALCE_CX2_38,0.0,260,260,260,ok,,0.11858102493675438,0.00590877652335664,-1.0240724109415553,0.9893858984078847,0.47489101629545316,261,128,1319,step10,10
0,42,partial_iv_anp,CALCE_CX2_38,0.0,260,260,260,ok,,0.11858102493675438,0.00590877652335664,-1.0240724109415553,0.9893858984078847,0.47489101629545316,261,128,1319,step1,1
0,42,partial_iv_anp,CALCE_CX2_38,0.25,260,260,260,ok,,0.07193394440002963,0.00032026921690109234,-1.8714822956076587,0.8817285822592873,0.15442701444972162,261,128,1319,step10,10
0,42,partial_iv_anp,CALCE_CX2_38,0.25,260,260,260,ok,,0.07193394440002963,0.00032026921690109234,-1.8714822956076587,0.8817285822592873,0.15442701444972162,261,128,1319,step1,1
0,42,partial_iv_anp,CALCE_CX2_38,0.5,260,260,260,ok,,0.07201812011377122,0.00022130552121302216,-1.872271339617889,0.8809704321455648,0.15400656571800303,261,128,1319,step10,10
0,42,partial_iv_anp,CALCE_CX2_38,0.5,260,260,260,ok,,0.07201812011377122,0.00022130552121302216,-1.872271339617889,0.8809704321455648,0.15400656571800303,261,128,1319,step1,1
0,42,partial_iv_anp,CALCE_CX2_38,0.75,260,260,260,ok,,0.07194240051611671,5.037119789941258e-05,-1.8674882436727387,0.8832448824867324,0.15554864472654775,261,128,1319,step10,10
0,42,partial_iv_anp,CALCE_CX2_38,0.75,260,260,260,ok,,0.07194240051611671,5.037119789941258e-05,-1.8674882436727387,0.8832448824867324,0.15554864472654775,261,128,1319,step1,1
0,42,partial_iv_anp,CALCE_CX2_38,1.0,260,260,260,ok,,0.07184375648831856,0.00015201592702740463,-1.8626716669405845,0.8847611827141774,0.15831276175085202,261,128,1319,step10,10
0,42,partial_iv_anp,CALCE_CX2_38,1.0,260,260,260,ok,,0.07184375648831856,0.00015201592702740463,-1.8626716669405845,0.8847611827141774,0.15831276175085202,261,128,1319,step1,1
0,42,partial_iv_anp,CALCE_CX2_38,0.0,261,261,261,ok,,0.11828110609120615,0.000810876046029585,-1.0247878468872629,0.9916540212443096,0.4744514614397335,262,128,1318,step1,1
0,42,partial_iv_anp,CALCE_CX2_38,0.25,261,261,261,ok,,0.07343836344516957,0.002439250100920276,-1.9413251970701106,0.8611532625189682,0.1347464702382022,262,128,1318,step1,1
0,42,partial_iv_anp,CALCE_CX2_38,0.5,261,261,261,ok,,0.07328853276211741,0.0028649913467734267,-1.9322942798765486,0.8634294385432474,0.13617485539953167,262,128,1318,step1,1
0,42,partial_iv_anp,CALCE_CX2_38,0.75,261,261,261,ok,,0.0730625884777231,0.003345289952388142,-1.9228340409387723,0.8649468892261002,0.13936296697120376,262,128,1318,step1,1
0,42,partial_iv_anp,CALCE_CX2_38,1.0,261,261,261,ok,,0.07285316847517304,0.0038148869015676157,-1.9147453653444713,0.874051593323217,0.14341256438350058,262,128,1318,step1,1
0,42,partial_iv_anp,CALCE_CX2_38,0.0,262,262,262,ok,,0.11829733269645684,0.009626180590482591,-1.023054885053984,0.9901290812452543,0.4744457930730221,263,128,1317,step1,1
0,42,partial_iv_anp,CALCE_CX2_38,0.25,262,262,262,ok,,0.07186635382318764,0.0039353117130159765,-1.8665148945270587,0.8823082763857252,0.15546823815721722,263,128,1317,step1,1
0,42,partial_iv_anp,CALCE_CX2_38,0.5,262,262,262,ok,,0.07191256113695818,0.0037798906023235324,-1.8654568081559613,0.8830675778283978,0.15579177522012694,263,128,1317,step1,1
0,42,partial_iv_anp,CALCE_CX2_38,0.75,262,262,262,ok,,0.07181163947685744,0.0035772553199568957,-1.859327825086823,0.8853454821564161,0.15787278731479956,263,128,1317,step1,1
0,42,partial_iv_anp,CALCE_CX2_38,1.0,262,262,262,ok,,0.07169120224401382,0.0033517288451389016,-1.8533042488821814,0.8891419893697798,0.1612915469046705,263,128,1317,step1,1
0,42,partial_iv_anp,CALCE_CX2_38,0.0,263,263,263,ok,,0.11822010582637742,0.009145023951681264,-1.0220470772187777,0.9870820668693009,0.4744746595767132,264,128,1316,step1,1
0,42,partial_iv_anp,CALCE_CX2_38,0.25,263,263,263,ok,,0.07209573676637729,0.0036950026970258287,-1.8738009551677526,0.8806990881458967,0.1529608244979872,264,128,1316,step1,1
0,42,partial_iv_anp,CALCE_CX2_38,0.5,263,263,263,ok,,0.07213227333621687,0.003528877089756133,-1.8721461692189958,0.8799392097264438,0.15327694545226145,264,128,1316,step1,1
0,42,partial_iv_anp,CALCE_CX2_38,0.75,263,263,263,ok,,0.07203151327847582,0.003318742766490246,-1.8660969636876426,0.8799392097264438,0.15524667706115508,264,128,1316,step1,1
0,42,partial_iv_anp,CALCE_CX2_38,1.0,263,263,263,ok,,0.07191086386081909,0.0030788160598407277,-1.8602150388216623,0.8822188449848024,0.1585487991829075,264,128,1316,step1,1
0,42,partial_iv_anp,CALCE_CX2_38,0.0,264,264,264,ok,,0.11789645007273239,0.010423013461461461,-1.0230190715551248,0.9870722433460076,0.47391478236701434,265,128,1315,step1,1
0,42,partial_iv_anp,CALCE_CX2_38,0.25,264,264,264,ok,,0.07201419210286832,0.004890319567729007,-1.8748127629639166,0.8798479087452471,0.15360862239726633,265,128,1315,step1,1
0,42,partial_iv_anp,CALCE_CX2_38,0.5,264,264,264,ok,,0.07205545787287074,0.004728139983258717,-1.873390502271679,0.8806083650190114,0.153961080786599,265,128,1315,step1,1
0,42,partial_iv_anp,CALCE_CX2_38,0.75,264,264,264,ok,,0.07195132853429344,0.004514226850575231,-1.8670936796784519,0.8821292775665399,0.15605929339326235,265,128,1315,step1,1
0,42,partial_iv_anp,CALCE_CX2_38,1.0,264,264,264,ok,,0.07182505203505926,0.004271398938499038,-1.8607531567407565,0.8828897338403042,0.15954510732524788,265,128,1315,step1,1
0,42,partial_iv_anp,CALCE_CX2_38,0.0,265,265,265,ok,,0.11765053962831215,0.006969015778737542,-1.023202818721251,0.9878234398782344,0.4736787501776845,266,128,1314,step1,1
0,42,partial_iv_anp,CALCE_CX2_38,0.25,265,265,265,ok,,0.07267937075372186,0.002334416083186186,-1.9065447188347568,0.8767123287671232,0.14525600022766466,266,128,1314,step1,1
0,42,partial_iv_anp,CALCE_CX2_38,0.5,265,265,265,ok,,0.07265426307239173,0.00209538544145349,-1.9016384248144211,0.875951293759513,0.1458716863093036,266,128,1314,step1,1
0,42,partial_iv_anp,CALCE_CX2_38,0.75,265,265,265,ok,,0.07253481172059792,0.0018384934993987967,-1.8948847393646002,0.8767123287671232,0.14781795413275792,266,128,1314,step1,1
0,42,partial_iv_anp,CALCE_CX2_38,1.0,265,265,265,ok,,0.07240977945474567,0.0015595464318011176,-1.88895114756648,0.8812785388127854,0.15079975265410991,266,128,1314,step1,1
0,42,partial_iv_anp,CALCE_CX2_38,0.0,266,266,266,ok,,0.11748798986177751,0.004672013768882266,-1.0228632205118142,0.9878141660319878,0.4734806380781474,267,128,1313,step1,1
0,42,partial_iv_anp,CALCE_CX2_38,0.25,266,266,266,ok,,0.07319644207066567,0.0008548592338704086,-1.9288657525152155,0.8728103579588729,0.13884625988506902,267,128,1313,step1,1
0,42,partial_iv_anp,CALCE_CX2_38,0.5,266,266,266,ok,,0.07309116415336908,0.0004949226665653672,-1.920669011601708,0.8728103579588729,0.1400849086435969,267,128,1313,step1,1
0,42,partial_iv_anp,CALCE_CX2_38,0.75,266,266,266,ok,,0.07293179136546897,0.00015208056114324187,-1.9126149734479532,0.8735719725818736,0.14240907473285705,267,128,1313,step1,1
0,42,partial_iv_anp,CALCE_CX2_38,1.0,266,266,266,ok,,0.07278311313742324,0.0001938906711310695,-1.9060485869527075,0.8773800456968773,0.14556557446601523,267,128,1313,step1,1
0,42,partial_iv_anp,CALCE_CX2_38,0.0,267,267,267,ok,,0.11713202760567909,0.003983237855805566,-1.0237210743627092,0.9885670731707317,0.4732408840724065,268,128,1312,step1,1
0,42,partial_iv_anp,CALCE_CX2_38,0.25,267,267,267,ok,,0.07341493485844791,0.0004996818278687476,-1.9391225205196452,0.8704268292682927,0.13662580014189357,268,128,1312,step1,1
0,42,partial_iv_anp,CALCE_CX2_38,0.5,267,267,267,ok,,0.07328681038025658,0.00010076253150148595,-1.9302799024353956,0.8704268292682927,0.13800495552805792,268,128,1312,step1,1
0,42,partial_iv_anp,CALCE_CX2_38,0.75,267,267,267,ok,,0.07311842448799032,0.00026774842560628453,-1.9221331560656225,0.8727134146341463,0.14038392393974966,268,128,1312,step1,1
0,42,partial_iv_anp,CALCE_CX2_38,1.0,267,267,267,ok,,0.07296700374646395,0.0006344228756566261,-1.9156211490714263,0.8765243902439024,0.14353937911236966,268,128,1312,step1,1
0,42,partial_iv_anp,CALCE_CX2_38,0.0,268,268,268,ok,,0.11676299774503007,0.003540859115892636,-1.0247833404000382,0.988558352402746,0.4728600012775737,269,128,1311,step1,1
0,42,partial_iv_anp,CALCE_CX2_38,0.25,268,268,268,ok,,0.07357743506530262,0.0003225059966086574,-1.9489057279998334,0.8672768878718535,0.13484532615285533,269,128,1311,step1,1
0,42,partial_iv_anp,CALCE_CX2_38,0.5,268,268,268,ok,,0.0734303855656576,0.00010654685524380536,-1.939608625903126,0.8710907704042715,0.1363305803565597,269,128,1311,step1,1
0,42,partial_iv_anp,CALCE_CX2_38,0.75,268,268,268,ok,,0.07325429671876091,0.0004955803260706659,-1.9313703640383455,0.8733790999237223,0.13875131380103595,269,128,1311,step1,1
0,42,partial_iv_anp,CALCE_CX2_38,1.0,268,268,268,ok,,0.07309856258244495,0.0008810827899008444,-1.9247792802875339,0.8756674294431731,0.1419316638762197,269,128,1311,step1,1
0,42,partial_iv_anp,CALCE_CX2_38,0.0,269,269,269,ok,,0.11679627308899287,0.0031618999077712706,-1.022889601604955,0.9885496183206107,0.4730724043614551,270,128,1310,step1,1
0,42,partial_iv_anp,CALCE_CX2_38,0.25,269,269,269,ok,,0.07372606824349004,0.00017855862877136364,-1.9480487774914566,0.867175572519084,0.1335020124916472,270,128,1310,step1,1
0,42,partial_iv_anp,CALCE_CX2_38,0.5,269,269,269,ok,,0.0735683026672812,0.0002721162269128108,-1.9385590881112633,0.867175572519084,0.135029728993257,270,128,1310,step1,1
0,42,partial_iv_anp,CALCE_CX2_38,0.75,269,269,269,ok,,0.07338916214821686,0.0006787298239666617,-1.9304793063214334,0.8679389312977099,0.13747594326100557,270,128,1310,step1,1
0,42,partial_iv_anp,CALCE_CX2_38,1.0,269,269,269,ok,,0.07323133662122172,0.001080663931455339,-1.9241051346599813,0.8709923664122138,0.14066516504285825,270,128,1310,step1,1
0,42,partial_iv_anp,CALCE_CX2_38,0.0,270,270,270,ok,,0.11664219943323426,0.002260570690012398,-1.0224738177320492,0.9893048128342246,0.472857755925406,271,128,1309,step10,10
0,42,partial_iv_anp,CALCE_CX2_38,0.0,270,270,270,ok,,0.11664219943323426,0.002260570690012398,-1.0224738177320492,0.9893048128342246,0.472857755925406,271,128,1309,step1,1
0,42,partial_iv_anp,CALCE_CX2_38,0.25,270,270,270,ok,,0.07389350679828981,0.000398978738484268,-1.9543820122898232,0.8632543926661573,0.13144037712081708,271,128,1309,step10,10
0,42,partial_iv_anp,CALCE_CX2_38,0.25,270,270,270,ok,,0.07389350679828981,0.000398978738484268,-1.9543820122898232,0.8632543926661573,0.13144037712081708,271,128,1309,step1,1
0,42,partial_iv_anp,CALCE_CX2_38,0.5,270,270,270,ok,,0.0737196441558563,0.0008773069953325052,-1.9446812518229275,0.8647822765469825,0.13301527648881756,271,128,1309,step10,10
0,42,partial_iv_anp,CALCE_CX2_38,0.5,270,270,270,ok,,0.0737196441558563,0.0008773069953325052,-1.9446812518229275,0.8647822765469825,0.13301527648881756,271,128,1309,step1,1
0,42,partial_iv_anp,CALCE_CX2_38,0.75,270,270,270,ok,,0.0735374938688788,0.0012996727319840584,-1.9368513281386774,0.8663101604278075,0.13543470671900004,271,128,1309,step10,10
0,42,partial_iv_anp,CALCE_CX2_38,0.75,270,270,270,ok,,0.0735374938688788,0.0012996727319840584,-1.9368513281386774,0.8663101604278075,0.13543470671900004,271,128,1309,step1,1
0,42,partial_iv_anp,CALCE_CX2_38,1.0,270,270,270,ok,,0.0733785252655611,0.0017180924458354285,-1.9307438694536414,0.8693659281894576,0.13858370965535913,271,128,1309,step10,10
0,42,partial_iv_anp,CALCE_CX2_38,1.0,270,270,270,ok,,0.0733785252655611,0.0017180924458354285,-1.9307438694536414,0.8693659281894576,0.13858370965535913,271,128,1309,step1,1
0,42,partial_iv_anp,CALCE_CX2_38,0.0,271,271,271,ok,,0.11645113834292004,0.002092765075016212,-1.022013109025119,0.9900611620795107,0.47308903581842665,272,128,1308,step1,1
0,42,partial_iv_anp,CALCE_CX2_38,0.25,271,271,271,ok,,0.07402800560812409,0.000395602937781514,-1.9544785458987155,0.8585626911314985,0.13079765142073038,272,128,1308,step1,1
0,42,partial_iv_anp,CALCE_CX2_38,0.5,271,271,271,ok,,0.07384830507112329,0.0008908272015649699,-1.9448844364156297,0.863914373088685,0.13240993795371903,272,128,1308,step1,1
0,42,partial_iv_anp,CALCE_CX2_38,0.75,271,271,271,ok,,0.07366541193947648,0.0013213256858813915,-1.937290734213727,0.8662079510703364,0.1348181225878661,272,128,1308,step1,1
0,42,partial_iv_anp,CALCE_CX2_38,1.0,271,271,271,ok,,0.07350819486010357,0.0017466586612694401,-1.9314784993057443,0.8700305810397554,0.13793923572167852,272,128,1308,step1,1
0,42,partial_iv_anp,CALCE_CX2_38,0.0,272,272,272,ok,,0.11598976734027042,0.002200276769477094,-1.0238610675806126,0.9892884468247896,0.4723839203506685,273,128,1307,step1,1
0,42,partial_iv_anp,CALCE_CX2_38,0.25,272,272,272,ok,,0.07407440888658359,0.00019672599351483466,-1.9638373254469201,0.8607498087222647,0.13007154312917119,273,128,1307,step1,1
0,42,partial_iv_anp,CALCE_CX2_38,0.5,272,272,272,ok,,0.07388847459073798,0.0007029167570087314,-1.9541578367772223,0.8630451415455241,0.13172570360527996,273,128,1307,step1,1
0,42,partial_iv_anp,CALCE_CX2_38,0.75,272,272,272,ok,,0.07369965758029433,0.0011454631252414416,-1.946358744835946,0.8638102524866106,0.13418949389267618,273,128,1307,step1,1
0,42,partial_iv_anp,CALCE_CX2_38,1.0,272,272,272,ok,,0.07353743911251275,0.001585416443493859,-1.9402131298957255,0.8745218056618209,0.1373974064046759,273,128,1307,step1,1
0,42,partial_iv_anp,CALCE_CX2_38,0.0,273,273,273,ok,,0.11587656625610002,0.0023575707205515384,-1.0229307690494367,0.9900459418070444,0.4724511440526998,274,128,1306,step1,1
0,42,partial_iv_anp,CALCE_CX2_38,0.25,273,273,273,ok,,0.07415757566941987,4.907282898580778e-05,-1.961793154013681,0.8591117917304747,0.12979318728514846,274,128,1306,step1,1
0,42,partial_iv_anp,CALCE_CX2_38,0.5,273,273,273,ok,,0.07396690395691209,0.0004696252114521071,-1.9521021115784782,0.8629402756508423,0.13149617941824018,274,128,1306,step1,1
0,42,partial_iv_anp,CALCE_CX2_38,0.75,273,273,273,ok,,0.07377597406270167,0.0009212955370353493,-1.944348045575643,0.8644716692189893,0.1339916215755546,274,128,1306,step1,1
0,42,partial_iv_anp,CALCE_CX2_38,1.0,273,273,273,ok,,0.0736111217212365,0.001370651146590407,-1.9382156700422117,0.8721286370597243,0.13723601176793374,274,128,1306,step1,1
0,42,partial_iv_anp,CALCE_CX2_38,0.0,274,274,274,ok,,0.11579388591590672,0.0023981031325129853,-1.0219289264575937,0.9900383141762452,0.4723485509509274,275,128,1305,step1,1
0,42,partial_iv_anp,CALCE_CX2_38,0.25,274,274,274,ok,,0.07421399818796064,0.0001837790365356584,-1.961312525760917,0.8613026819923372,0.1292945573959228,275,128,1305,step1,1
0,42,partial_iv_anp,CALCE_CX2_38,0.5,274,274,274,ok,,0.07401789621205783,0.00034559119385979553,-1.9515032329481223,0.8666666666666667,0.13102867144494784,275,128,1305,step1,1
0,42,partial_iv_anp,CALCE_CX2_38,0.75,274,274,274,ok,,0.07382976303810496,0.0007989538892757553,-1.9439127408081682,0.8681992337164751,0.13349558956462396,275,128,1305,step1,1
0,42,partial_iv_anp,CALCE_CX2_38,1.0,274,274,274,ok,,0.0736659754727707,0.0012552671375917202,-1.9379183121991734,0.8697318007662835,0.13675015706077512,275,128,1305,step1,1
0,42,partial_iv_anp,CALCE_CX2_38,0.0,275,275,275,ok,,0.11570332048062774,0.0024111056426671107,-1.0209559028073847,0.9915644171779141,0.4723982716899218,276,128,1304,step1,1
0,42,partial_iv_anp,CALCE_CX2_38,0.25,275,275,275,ok,,0.07425063798786158,0.00024423961558950325,-1.9603064825066758,0.8565950920245399,0.12915525239617157,276,128,1304,step1,1
0,42,partial_iv_anp,CALCE_CX2_38,0.5,275,275,275,ok,,0.07405697695148471,0.0002847038834160598,-1.9505298252996681,0.8588957055214724,0.13086751978270666,276,128,1304,step1,1
0,42,partial_iv_anp,CALCE_CX2_38,0.75,275,275,275,ok,,0.07386773320758258,0.0007428035812800937,-1.9428908696842622,0.8634969325153374,0.13334828637594828,276,128,1304,step1,1
0,42,partial_iv_anp,CALCE_CX2_38,1.0,275,275,275,ok,,0.07370470270827573,0.0012014737927423802,-1.9369200278397194,0.8642638036809815,0.13659824628696846,276,128,1304,step1,1
0,42,partial_iv_anp,CALCE_CX2_38,0.0,276,276,276,ok,,0.11558087030019264,0.002401110705425813,-1.0202262643810802,0.990023023791251,0.4724126968604745,277,128,1303,step1,1
0,42,partial_iv_anp,CALCE_CX2_38,0.25,276,276,276,ok,,0.07430570406412783,0.000315173114995404,-1.960188555501094,0.8580199539524175,0.1288151283581027,277,128,1303,step1,1
0,42,partial_iv_anp,CALCE_CX2_38,0.5,276,276,276,ok,,0.07410560921556156,0.00022604938451153966,-1.9502712183719366,0.8587874136607828,0.13058055610630698,277,128,1303,step1,1
0,42,partial_iv_anp,CALCE_CX2_38,0.75,276,276,276,ok,,0.07391643112710373,0.0006875895598347226,-1.9426781731109772,0.8610897927858787,0.13305811877820964,277,128,1303,step1,1
0,42,partial_iv_anp,CALCE_CX2_38,1.0,276,276,276,ok,,0.07375194037961545,0.0011536956190285608,-1.9366983937727054,0.866462010744436,0.13633171655423185,277,128,1303,step1,1
0,42,partial_iv_anp,CALCE_CX2_38,0.0,277,277,277,ok,,0.11497360909188066,0.001982656651533854,-1.0230255653220641,0.9900153609831029,0.47155351204812174,278,128,1302,step1,1
0,42,partial_iv_anp,CALCE_CX2_38,0.25,277,277,277,ok,,0.0744166344109902,7.488332182681301e-05,-1.9720163818280365,0.8548387096774194,0.12770749792709185,278,128,1302,step1,1
0,42,partial_iv_anp,CALCE_CX2_38,0.5,277,277,277,ok,,0.07421119291504762,0.00047705822998733716,-1.9623848969782658,0.8563748079877113,0.1294771154274513,278,128,1302,step1,1
0,42,partial_iv_anp,CALCE_CX2_38,0.75,277,277,277,ok,,0.07401700620909124,0.0009493806507849811,-1.9548604523920916,0.8602150537634409,0.1319629826735253,278,128,1302,step1,1
0,42,partial_iv_anp,CALCE_CX2_38,1.0,277,277,277,ok,,0.0738539714137752,0.0014209972962042627,-1.9489426342903418,0.868663594470046,0.13519857733049007,278,128,1302,step1,1
0,42,partial_iv_anp,CALCE_CX2_38,0.0,278,278,278,ok,,0.11483647276498969,0.0017431431958666588,-1.02229684343947,0.9907763259031515,0.47154596740216953,279,128,1301,step1,1
0,42,partial_iv_anp,CALCE_CX2_38,0.25,278,278,278,ok,,0.0745118606159313,2.5915450580282773e-05,-1.971374603593606,0.8578016910069177,0.127149201012648,279,128,1301,step1,1
0,42,partial_iv_anp,CALCE_CX2_38,0.5,278,278,278,ok,,0.07430346272086395,0.0005865844048668079,-1.9618791536071023,0.8562644119907763,0.12891419787767436,279,128,1301,step1,1
0,42,partial_iv_anp,CALCE_CX2_38,0.75,278,278,278,ok,,0.07411199090678036,0.0010617462579943782,-1.954659134723537,0.8601076095311299,0.1313657019607376,279,128,1301,step1,1
0,42,partial_iv_anp,CALCE_CX2_38,1.0,278,278,278,ok,,0.07394950617682311,0.0015407895206831501,-1.9489655876240701,0.8631821675634127,0.13459058653198142,279,128,1301,step1,1
0,42,partial_iv_anp,CALCE_CX2_38,0.0,279,279,279,ok,,0.11495847680541392,0.0019129463181026818,-1.0197425511426634,0.9915384615384616,0.47192713206171677,280,128,1300,step1,1
0,42,partial_iv_anp,CALCE_CX2_38,0.25,279,279,279,ok,,0.07456605667336333,0.00021449361087277907,-1.9642431854287252,0.8530769230769231,0.12702616026045807,280,128,1300,step1,1
0,42,partial_iv_anp,CALCE_CX2_38,0.5,279,279,279,ok,,0.074356027126932,0.00035211763127873663,-1.9547074296454205,0.8546153846153847,0.12880384521656724,280,128,1300,step1,1
0,42,partial_iv_anp,CALCE_CX2_38,0.75,279,279,279,ok,,0.07416512968311945,0.0008324031012344468,-1.9475987246586013,0.8592307692307692,0.13126089636218752,280,128,1300,step1,1
0,42,partial_iv_anp,CALCE_CX2_38,1.0,279,279,279,ok,,0.07400191354364248,0.0013208642760085265,-1.9420892048768124,0.8623076923076923,0.1345243161708105,280,128,1300,step1,1
0,42,partial_iv_anp,CALCE_CX2_38,0.0,280,280,280,ok,,0.11457328787531139,0.0017723204493468314,-1.0208899160537201,0.9923017705927637,0.4715892847987735,281,128,1299,step10,10
0,42,partial_iv_anp,CALCE_CX2_38,0.0,280,280,280,ok,,0.11457328787531139,0.0017723204493468314,-1.0208899160537201,0.9923017705927637,0.4715892847987735,281,128,1299,step1,1
0,42,partial_iv_anp,CALCE_CX2_38,0.25,280,280,280,ok,,0.07464042652875492,0.00016564516758443837,-1.9691912806595984,0.8545034642032333,0.12662655279400156,281,128,1299,step10,10
0,42,partial_iv_anp,CALCE_CX2_38,0.25,280,280,280,ok,,0.07464042652875492,0.00016564516758443837,-1.9691912806595984,0.8545034642032333,0.12662655279400156,281,128,1299,step1,1
0,42,partial_iv_anp,CALCE_CX2_38,0.5,280,280,280,ok,,0.07442901154229514,0.0004040462089630603,-1.959828266510811,0.8545034642032333,0.12839354965927366,281,128,1299,step10,10
0,42,partial_iv_anp,CALCE_CX2_38,0.5,280,280,280,ok,,0.07442901154229514,0.0004040462089630603,-1.959828266510811,0.8545034642032333,0.12839354965927366,281,128,1299,step1,1
0,42,partial_iv_anp,CALCE_CX2_38,0.75,280,280,280,ok,,0.07423715238656824,0.0008871601056974487,-1.9528011588984928,0.8560431100846805,0.1308410808474289,281,128,1299,step10,10
0,42,partial_iv_anp,CALCE_CX2_38,0.75,280,280,280,ok,,0.07423715238656824,0.0008871601056974487,-1.9528011588984928,0.8560431100846805,0.1308410808474289,281,128,1299,step1,1
0,42,partial_iv_anp,CALCE_CX2_38,1.0,280,280,280,ok,,0.07407398059505939,0.0013802766288276702,-1.9472893984927295,0.8598922247882987,0.13410006094782959,281,128,1299,step10,10
0,42,partial_iv_anp,CALCE_CX2_38,1.0,280,280,280,ok,,0.07407398059505939,0.0013802766288276702,-1.9472893984927295,0.8598922247882987,0.13410006094782959,281,128,1299,step1,1
0,42,partial_iv_anp,CALCE_CX2_38,0.0,281,281,281,ok,,0.11430771802268616,0.0018051987222571508,-1.0213165354744358,0.9938366718027735,0.4711530986082939,282,128,1298,step1,1
0,42,partial_iv_anp,CALCE_CX2_38,0.25,281,281,281,ok,,0.0746633318581087,0.0002655042930004292,-1.9743455557748728,0.8528505392912172,0.12615622173222155,282,128,1298,step1,1
0,42,partial_iv_anp,CALCE_CX2_38,0.5,281,281,281,ok,,0.07444805308543273,0.00031052131105913094,-1.9648607065002912,0.8574730354391371,0.12794173076073817,282,128,1298,step1,1
0,42,partial_iv_anp,CALCE_CX2_38,0.75,281,281,281,ok,,0.07425523761042266,0.0007973281029048929,-1.9577369215600642,0.8613251155624037,0.1303888150772144,282,128,1298,step1,1
0,42,partial_iv_anp,CALCE_CX2_38,1.0,281,281,281,ok,,0.07409158251216802,0.0012936131598617617,-1.9520783424376296,0.8628659476117103,0.13364507018837588,282,128,1298,step1,1
0,42,partial_iv_anp,CALCE_CX2_38,0.0,282,282,282,ok,,0.11392930333060938,0.014373914417246225,-1.0222784469157473,0.9915188897455667,0.471047529632584,283,128,1297,step1,1
0,42,partial_iv_anp,CALCE_CX2_38,0.25,282,282,282,ok,,0.0730916517274768,0.009769952757467615,-1.9113916912534754,0.8812644564379337,0.1466322372158762,283,128,1297,step1,1
0,42,partial_iv_anp,CALCE_CX2_38,0.5,282,282,282,ok,,0.07304079629501392,0.009462019196883276,-1.904913953922843,0.8835774865073246,0.14806317228960106,283,128,1297,step1,1
0,42,partial_iv_anp,CALCE_CX2_38,0.75,282,282,282,ok,,0.07290239788813631,0.009162860966173803,-1.8966484840242406,0.8851195065535852,0.1505081621004886,283,128,1297,step1,1
0,42,partial_iv_anp,CALCE_CX2_38,1.0,282,282,282,ok,,0.07275123710579927,0.00880789961825823,-1.8881666420146201,0.8920585967617579,0.15469023212790725,283,128,1297,step1,1
0,42,partial_iv_anp,CALCE_CX2_38,0.0,283,283,283,ok,,0.11384661722488834,0.015310860730643805,-1.0216870516983454,0.9922839506172839,0.4707592887116709,284,128,1296,step1,1
0,42,partial_iv_anp,CALCE_CX2_38,0.25,283,283,283,ok,,0.07292817968956565,0.010492047981164987,-1.9045689313875591,0.8834876543209876,0.14823422330734778,284,128,1296,step1,1
0,42,partial_iv_anp,CALCE_CX2_38,0.5,283,283,283,ok,,0.07291502992980112,0.010237953934358779,-1.899810065493001,0.8842592592592593,0.14931445936757784,284,128,1296,step1,1
0,42,partial_iv_anp,CALCE_CX2_38,0.75,283,283,283,ok,,0.07278187829393068,0.009951606875826746,-1.8916933842711332,0.8865740740740741,0.15176163744089244,284,128,1296,step1,1
0,42,partial_iv_anp,CALCE_CX2_38,1.0,283,283,283,ok,,0.07263797831354256,0.009617091712804227,-1.883454155695608,0.8919753086419753,0.15589155456553028,284,128,1296,step1,1
0,42,partial_iv_anp,CALCE_CX2_38,0.0,284,284,284,ok,,0.11375685257066799,0.015985814472396,-1.0209617105970927,0.9922779922779923,0.4707616172138586,285,128,1295,step1,1
0,42,partial_iv_anp,CALCE_CX2_38,0.25,284,284,284,ok,,0.07289072922305545,0.011073787540430868,-1.899176913843722,0.8818532818532818,0.14919089727119778,285,128,1295,step1,1
0,42,partial_iv_anp,CALCE_CX2_38,0.5,284,284,284,ok,,0.07288900214592188,0.010833632912356506,-1.8949354952162392,0.8826254826254826,0.15020581322221085,285,128,1295,step1,1
0,42,partial_iv_anp,CALCE_CX2_38,0.75,284,284,284,ok,,0.07276768207752062,0.010567031233588153,-1.8873447195709376,0.8833976833976834,0.15250162560534836,285,128,1295,step1,1
0,42,partial_iv_anp,CALCE_CX2_38,1.0,284,284,284,ok,,0.07263252879676134,0.010242884365290195,-1.87946145783293,0.8918918918918919,0.15660323895655803,285,128,1295,step1,1
0,42,partial_iv_anp,CALCE_CX2_38,0.0,285,285,285,ok,,0.11359365923960608,0.017543488686927677,-1.0206706846003988,0.9945904173106646,0.4709842354153228,286,128,1294,step1,1
0,42,partial_iv_anp,CALCE_CX2_38,0.25,285,285,285,ok,,0.07283891021325649,0.012468527047641231,-1.8909689008873138,0.884080370942813,0.1510368697758009,286,128,1294,step1,1
0,42,partial_iv_anp,CALCE_CX2_38,0.5,285,285,285,ok,,0.07284918265793672,0.01224344754022788,-1.887313791129273,0.884080370942813,0.1520228640684047,286,128,1294,step1,1
0,42,partial_iv_anp,CALCE_CX2_38,0.75,285,285,285,ok,,0.07273330969610588,0.01198318257409614,-1.8798597313171668,0.8879443585780525,0.15437877033448935,286,128,1294,step1,1
0,42,partial_iv_anp,CALCE_CX2_38,1.0,285,285,285,ok,,0.07259956353936088,0.0116595242102846,-1.8718173527764146,0.8910355486862442,0.1587378184191176,286,128,1294,step1,1
0,42,partial_iv_anp,CALCE_CX2_38,0.0,286,286,286,ok,,0.11346660352509748,0.013722119231618035,-1.0205889072166843,0.9945862335653519,0.47032833009326686,287,128,1293,step1,1
0,42,partial_iv_anp,CALCE_CX2_38,0.25,286,286,286,ok,,0.07284781451238642,0.00876507533311699,-1.8983206906394556,0.877030162412993,0.14942923059914523,287,128,1293,step1,1
0,42,partial_iv_anp,CALCE_CX2_38,0.5,286,286,286,ok,,0.07294477995623218,0.008672796622521628,-1.8989555914644913,0.8762567672080434,0.14906032188065574,287,128,1293,step1,1
0,42,partial_iv_anp,CALCE_CX2_38,0.75,286,286,286,ok,,0.07289952337862189,0.00851813809005475,-1.8951909813387582,0.8785769528228925,0.15015381677848344,287,128,1293,step1,1
0,42,partial_iv_anp,CALCE_CX2_38,1.0,286,286,286,ok,,0.07281317744260915,0.008262759233845451,-1.8898630838254895,0.8824439288476411,0.153134890146689,287,128,1293,step1,1
0,42,partial_iv_anp,CALCE_CX2_38,0.0,287,287,287,ok,,0.11317916476360598,0.008174324032583447,-1.0211433483628796,0.9945820433436533,0.4701882948344666,288,128,1292,step1,1
0,42,partial_iv_anp,CALCE_CX2_38,0.25,287,287,287,ok,,0.07411808874517904,0.005258011533491813,-1.9559617144935793,0.8637770897832817,0.13461140884166298,288,128,1292,step1,1
0,42,partial_iv_anp,CALCE_CX2_38,0.5,287,287,287,ok,,0.07398102982325691,0.0048141927814789875,-1.9462559644432662,0.8660990712074303,0.1362067781929596,288,128,1292,step1,1
0,42,partial_iv_anp,CALCE_CX2_38,0.75,287,287,287,ok,,0.0738172673657987,0.004420923238313557,-1.937542831631521,0.8660990712074303,0.13856396958644204,288,128,1292,step1,1
0,42,partial_iv_anp,CALCE_CX2_38,1.0,287,287,287,ok,,0.07366463710402563,0.003986546894614418,-1.9296920312749704,0.868421052631579,0.1421001154932523,288,128,1292,step1,1
0,42,partial_iv_anp,CALCE_CX2_38,0.0,288,288,288,ok,,0.11299359690697534,0.006722048086794774,-1.020975764729709,0.9938032532920217,0.46994573634139375,289,128,1291,step1,1
0,42,partial_iv_anp,CALCE_CX2_38,0.25,288,288,288,ok,,0.0743579904156661,0.004250825658442481,-1.9648423358761462,0.860573199070488,0.1319300622161746,289,128,1291,step1,1
0,42,partial_iv_anp,CALCE_CX2_38,0.5,288,288,288,ok,,0.07419447375947939,0.0037570630029244434,-1.954490120042016,0.8628969790859798,0.13365917894938914,289,128,1291,step1,1
0,42,partial_iv_anp,CALCE_CX2_38,0.75,288,288,288,ok,,0.07401881050057357,0.003328098905521548,-1.9456274726962683,0.8636715724244771,0.1360962544349417,289,128,1291,step1,1
0,42,partial_iv_anp,CALCE_CX2_38,1.0,288,288,288,ok,,0.07386117409839821,0.0028654950968827197,-1.9378456830876363,0.8667699457784663,0.13961945103112947,289,128,1291,step1,1
0,42,partial_iv_anp,CALCE_CX2_38,0.0,289,289,289,ok,,0.11291138078143845,0.016642948094890864,-1.0200092319674254,0.9914728682170543,0.46982174033618457,290,128,1290,step1,1
0,42,partial_iv_anp,CALCE_CX2_38,0.25,289,289,289,ok,,0.07309402124759397,0.01191973418243264,-1.9040647162389015,0.875968992248062,0.14776457051753109,290,128,1290,step1,1
0,42,partial_iv_anp,CALCE_CX2_38,0.5,289,289,289,ok,,0.07305465412160578,0.01161924818516713,-1.8976964166532024,0.875968992248062,0.1492886149010377,290,128,1290,step1,1
0,42,partial_iv_anp,CALCE_CX2_38,0.75,289,289,289,ok,,0.07291532797153975,0.011314300324245075,-1.888955730754583,0.8806201550387597,0.15190875168050125,290,128,1290,step1,1
0,42,partial_iv_anp,CALCE_CX2_38,1.0,289,289,289,ok,,0.07277282231620308,0.010957405549413712,-1.8802633389290642,0.8837209302325582,0.15638899495424782,290,128,1290,step1,1
0,42,partial_iv_anp,CALCE_CX2_38,0.0,290,290,290,ok,,0.11282615041981459,0.01757611542332116,-1.019316587900578,0.991466252909232,0.46979452528536964,291,128,1289,step10,10
0,42,partial_iv_anp,CALCE_CX2_38,0.0,290,290,290,ok,,0.11282615041981459,0.01757611542332116,-1.019316587900578,0.991466252909232,0.46979452528536964,291,128,1289,step1,1
0,42,partial_iv_anp,CALCE_CX2_38,0.25,290,290,290,ok,,0.07287888435803774,0.012511642429791636,-1.8902448146855018,0.8805275407292474,0.15082582395284239,291,128,1289,step10,10
0,42,partial_iv_anp,CALCE_CX2_38,0.25,290,290,290,ok,,0.07287888435803774,0.012511642429791636,-1.8902448146855018,0.8805275407292474,0.15082582395284239,291,128,1289,step1,1
0,42,partial_iv_anp,CALCE_CX2_38,0.5,290,290,290,ok,,0.07290484862325301,0.012302475885036745,-1.8871272668219596,0.8805275407292474,0.15170393649534047,291,128,1289,step10,10
0,42,partial_iv_anp,CALCE_CX2_38,0.5,290,290,290,ok,,0.07290484862325301,0.012302475885036745,-1.8871272668219596,0.8805275407292474,0.15170393649534047,291,128,1289,step1,1
0,42,partial_iv_anp,CALCE_CX2_38,0.75,290,290,290,ok,,0.07280457590108534,0.012061650983364092,-1.8803047306721423,0.8820791311093871,0.15384008508843633,291,128,1289,step10,10
0,42,partial_iv_anp,CALCE_CX2_38,0.75,290,290,290,ok,,0.07280457590108534,0.012061650983364092,-1.8803047306721423,0.8820791311093871,0.15384008508843633,291,128,1289,step1,1
0,42,partial_iv_anp,CALCE_CX2_38,1.0,290,290,290,ok,,0.07268265373392914,0.011746604641241998,-1.872609459085263,0.8867339022498061,0.15804678785483145,291,128,1289,step10,10
0,42,partial_iv_anp,CALCE_CX2_38,1.0,290,290,290,ok,,0.07268265373392914,0.011746604641241998,-1.872609459085263,0.8867339022498061,0.15804678785483145,291,128,1289,step1,1
0,42,partial_iv_anp,CALCE_CX2_38,0.0,291,291,291,ok,,0.11280660934665855,0.018515264028183043,-1.018249427953909,0.9922360248447205,0.46946925710369475,292,128,1288,step1,1
0,42,partial_iv_anp,CALCE_CX2_38,0.25,291,291,291,ok,,0.07279236095489974,0.013380947673660826,-1.8868700440946666,0.8827639751552795,0.15119380851000924,292,128,1288,step1,1
0,42,partial_iv_anp,CALCE_CX2_38,0.5,291,291,291,ok,,0.07281146184259331,0.013154839679693109,-1.8832972231076734,0.8812111801242236,0.1523114766481823,292,128,1288,step1,1
0,42,partial_iv_anp,CALCE_CX2_38,0.75,291,291,291,ok,,0.07269753892129331,0.012898676234155637,-1.8757365871055214,0.8812111801242236,0.15467928545492957,292,128,1288,step1,1
0,42,partial_iv_anp,CALCE_CX2_38,1.0,291,291,291,ok,,0.07257677704668115,0.0125843711691912,-1.868029420668318,0.8866459627329193,0.1590878646350179,292,128,1288,step1,1
0,42,partial_iv_anp,CALCE_CX2_38,0.0,292,292,292,ok,,0.11236398978462322,0.017900722844846007,-1.0201532847382395,0.9922299922299922,0.468994596091839,293,128,1287,step1,1
0,42,partial_iv_anp,CALCE_CX2_38,0.25,292,292,292,ok,,0.07295530913363035,0.012905505657856975,-1.8947682945652435,0.8749028749028749,0.15011050543207566,293,128,1287,step1,1
0,42,partial_iv_anp,CALCE_CX2_38,0.5,292,292,292,ok,,0.07297448457479443,0.01268282358561823,-1.8911583605700026,0.878010878010878,0.15112450208300468,293,128,1287,step1,1
0,42,partial_iv_anp,CALCE_CX2_38,0.75,292,292,292,ok,,0.07286759974997602,0.012431210048150843,-1.8838974882963266,0.8818958818958819,0.15334509499758123,293,128,1287,step1,1
0,42,partial_iv_anp,CALCE_CX2_38,1.0,292,292,292,ok,,0.0727471350557137,0.012109098319366685,-1.87599099166535,0.8842268842268842,0.15762110867011456,293,128,1287,step1,1
0,42,partial_iv_anp,CALCE_CX2_38,0.0,293,293,293,ok,,0.11200019100426874,0.015574292550158964,-1.0215774759804215,0.9922239502332815,0.46812574216291314,294,128,1286,step1,1
0,42,partial_iv_anp,CALCE_CX2_38,0.25,293,293,293,ok,,0.07287006539559203,0.010482262010270138,-1.89627604176352,0.8771384136858476,0.15063293811777712,294,128,1286,step1,1
0,42,partial_iv_anp,CALCE_CX2_38,0.5,293,293,293,ok,,0.07293585598554012,0.010320400521745099,-1.8949023426399374,0.8771384136858476,0.15112029707443775,294,128,1286,step1,1
0,42,partial_iv_anp,CALCE_CX2_38,0.75,293,293,293,ok,,0.07289090647045511,0.010162339853741598,-1.8908501139142226,0.8771384136858476,0.15237126308269572,294,128,1286,step1,1
0,42,partial_iv_anp,CALCE_CX2_38,1.0,293,293,293,ok,,0.0728189672752078,0.009921183897974362,-1.885508463341409,0.880248833592535,0.15548022624143204,294,128,1286,step1,1
0,42,partial_iv_anp,CALCE_CX2_38,0.0,294,294,294,ok,,0.11168253779966637,0.0102505468709162,-1.0225205514590756,0.9937743190661479,0.4676773510288206,295,128,1285,step1,1
0,42,partial_iv_anp,CALCE_CX2_38,0.25,294,294,294,ok,,0.07419180187964625,0.007301925977323154,-1.9633473384392672,0.8638132295719845,0.13460695385653604,295,128,1285,step1,1
0,42,partial_iv_anp,CALCE_CX2_38,0.5,294,294,294,ok,,0.07407247709402276,0.0068729430639767886,-1.9536428062483124,0.8638132295719845,0.13619015851544836,295,128,1285,step1,1
0,42,partial_iv_anp,CALCE_CX2_38,0.75,294,294,294,ok,,0.07391111329630243,0.006482933294212123,-1.9443485320530665,0.8669260700389105,0.13855716533463439,295,128,1285,step1,1
0,42,partial_iv_anp,CALCE_CX2_38,1.0,294,294,294,ok,,0.07375515263272785,0.006023554112211782,-1.9352560210442822,0.867704280155642,0.1424140811919958,295,128,1285,step1,1
0,42,partial_iv_anp,CALCE_CX2_38,0.0,295,295,295,ok,,0.11176934317036942,0.018175811451467294,-1.0203769963716207,0.9922118380062306,0.4679868435630207,296,128,1284,step1,1
0,42,partial_iv_anp,CALCE_CX2_38,0.25,295,295,295,ok,,0.07324362595312213,0.013531066412366899,-1.907400841036741,0.8746105919003115,0.14710581551771462,296,128,1284,step1,1
0,42,partial_iv_anp,CALCE_CX2_38,0.5,295,295,295,ok,,0.07319743506600873,0.01320621412370837,-1.900222708891879,0.8738317757009346,0.14888714376705145,296,128,1284,step1,1
0,42,partial_iv_anp,CALCE_CX2_38,0.75,295,295,295,ok,,0.0730491413204141,0.012878523822790644,-1.8906279862075488,0.8800623052959502,0.15172775161955326,296,128,1284,step1,1
0,42,partial_iv_anp,CALCE_CX2_38,1.0,295,295,295,ok,,0.07291025090731464,0.012504560324866909,-1.8813579785472085,0.8894080996884736,0.15649935346886507,296,128,1284,step1,1
0,42,partial_iv_anp,CALCE_CX2_38,0.0,296,296,296,ok,,0.11173923053306417,0.01859279533149838,-1.0193253800392348,0.9922057677318784,0.46782887459030625,297,128,1283,step1,1
0,42,partial_iv_anp,CALCE_CX2_38,0.25,296,296,296,ok,,0.07292841161972019,0.013503380385220032,-1.8900947994264048,0.877630553390491,0.15083665021572973,297,128,1283,step1,1
0,42,partial_iv_anp,CALCE_CX2_38,0.5,296,296,296,ok,,0.07297613728073085,0.013313119248124505,-1.8877212901111784,0.877630553390491,0.15163889393498733,297,128,1283,step1,1
0,42,partial_iv_anp,CALCE_CX2_38,0.75,296,296,296,ok,,0.0728832608386051,0.013082188869927958,-1.8810525877289466,0.8815276695245519,0.15369571730170475,297,128,1283,step1,1
0,42,partial_iv_anp,CALCE_CX2_38,1.0,296,296,296,ok,,0.07277931091440458,0.012776485176118624,-1.8737069656956864,0.886983632112237,0.15788652187218108,297,128,1283,step1,1
0,42,partial_iv_anp,CALCE_CX2_38,0.0,297,297,297,ok,,0.11172945913209735,0.01957569558462713,-1.0181548216495317,0.9914196567862714,0.46756260092212604,298,128,1282,step1,1
0,42,partial_iv_anp,CALCE_CX2_38,0.25,297,297,297,ok,,0.07288276879454682,0.01447043459654429,-1.887831932461689,0.8798751950078003,0.1507371917661152,298,128,1282,step1,1
0,42,partial_iv_anp,CALCE_CX2_38,0.5,297,297,297,ok,,0.07291031898833487,0.014245886550771192,-1.884328200893133,0.8806552262090483,0.15191986592557505,298,128,1282,step1,1
0,42,partial_iv_anp,CALCE_CX2_38,0.75,297,297,297,ok,,0.07280320113354387,0.013992009064820343,-1.8768484785968398,0.8814352574102964,0.15427257247747375,298,128,1282,step1,1
0,42,partial_iv_anp,CALCE_CX2_38,1.0,297,297,297,ok,,0.07269136223367559,0.013671195813624304,-1.8690264588369476,0.8884555382215289,0.15884925428140126,298,128,1282,step1,1
0,42,partial_iv_anp,CALCE_CX2_38,0.0,298,298,298,ok,,0.1109247118656569,0.01895351413532609,-1.022753857541591,0.994535519125683,0.4668848776343517,299,128,1281,step1,1
0,42,partial_iv_anp,CALCE_CX2_38,0.25,298,298,298,ok,,0.07301202014068049,0.013889482783934204,-1.8984540755206842,0.8805620608899297,0.1507181300290538,299,128,1281,step1,1
0,42,partial_iv_anp,CALCE_CX2_38,0.5,298,298,298,ok,,0.0730751188033996,0.013715694117543142,-1.8966080005600583,0.8813427010148321,0.15138350626583608,299,128,1281,step1,1
0,42,partial_iv_anp,CALCE_CX2_38,0.75,298,298,298,ok,,0.07299119695868911,0.013496197264967535,-1.8902552636970194,0.8860265417642467,0.15331074722640034,299,128,1281,step1,1
0,42,partial_iv_anp,CALCE_CX2_38,1.0,298,298,298,ok,,0.07289046282919844,0.01318497339945257,-1.8824883654574407,0.892271662763466,0.15757303878620812,299,128,1281,step1,1
0,42,partial_iv_anp,CALCE_CX2_38,0.0,299,299,299,ok,,0.11101039412931311,0.017939984624452454,-1.0209043941257756,0.99453125,0.46681750912861786,300,128,1280,step1,1
0,42,partial_iv_anp,CALCE_CX2_38,0.25,299,299,299,ok,,0.0729453298224786,0.01281189634712121,-1.8923950196837587,0.88046875,0.15115325470722177,300,128,1280,step1,1
0,42,partial_iv_anp,CALCE_CX2_38,0.5,299,299,299,ok,,0.07300296939727113,0.012631002354566045,-1.8903071694119256,0.8796875,0.15194475462239215,300,128,1280,step1,1
0,42,partial_iv_anp,CALCE_CX2_38,0.75,299,299,299,ok,,0.07292305577778022,0.012414317952968768,-1.8841161538908107,0.88125,0.15389869362989497,300,128,1280,step1,1
0,42,partial_iv_anp,CALCE_CX2_38,1.0,299,299,299,ok,,0.07283680364754236,0.012132468082364456,-1.8773088571247327,0.88828125,0.15781412867136108,300,128,1280,step1,1
0,42,partial_iv_anp,CALCE_CX2_38,0.0,300,300,300,ok,,0.11086546026647785,0.010644666672361969,-1.0206606220848917,0.9921813917122753,0.4665574074800462,301,128,1279,step10,10
0,42,partial_iv_anp,CALCE_CX2_38,0.0,300,300,300,ok,,0.11086546026647785,0.010644666672361969,-1.0206606220848917,0.9921813917122753,0.4665574074800462,301,128,1279,step1,1
0,42,partial_iv_anp,CALCE_CX2_38,0.25,300,300,300,ok,,0.07416108262761993,0.00750242688336078,-1.9549856779142931,0.8717748240813136,0.13606724442166473,301,128,1279,step10,10
0,42,partial_iv_anp,CALCE_CX2_38,0.25,300,300,300,ok,,0.07416108262761993,0.00750242688336078,-1.9549856779142931,0.8717748240813136,0.13606724442166473,301,128,1279,step1,1
0,42,partial_iv_anp,CALCE_CX2_38,0.5,300,300,300,ok,,0.0740701140535501,0.00711496401126277,-1.9458362739067494,0.8733385457388585,0.13749920378619426,301,128,1279,step10,10
0,42,partial_iv_anp,CALCE_CX2_38,0.5,300,300,300,ok,,0.0740701140535501,0.00711496401126277,-1.9458362739067494,0.8733385457388585,0.13749920378619426,301,128,1279,step1,1
0,42,partial_iv_anp,CALCE_CX2_38,0.75,300,300,300,ok,,0.07393504338532227,0.006771904989967048,-1.9372088933454423,0.8733385457388585,0.13959868314118468,301,128,1279,step10,10
0,42,partial_iv_anp,CALCE_CX2_38,0.75,300,300,300,ok,,0.07393504338532227,0.006771904989967048,-1.9372088933454423,0.8733385457388585,0.13959868314118468,301,128,1279,step1,1
0,42,partial_iv_anp,CALCE_CX2_38,1.0,300,300,300,ok,,0.07380143635029847,0.006350723237664724,-1.9285671725354219,0.8772478498827209,0.1432349079253267,301,128,1279,step10,10
0,42,partial_iv_anp,CALCE_CX2_38,1.0,300,300,300,ok,,0.07380143635029847,0.006350723237664724,-1.9285671725354219,0.8772478498827209,0.1432349079253267,301,128,1279,step1,1
0,42,partial_iv_anp,CALCE_CX2_38,0.0,301,301,301,ok,,0.11073091767911278,0.00915474208919631,-1.0201584517323932,0.9929577464788732,0.4666423466532015,302,128,1278,step1,1
0,42,partial_iv_anp,CALCE_CX2_38,0.25,301,301,301,ok,,0.07441854662028163,0.00645357569959315,-1.9638521719135231,0.8732394366197183,0.13357199776351503,302,128,1278,step1,1
0,42,partial_iv_anp,CALCE_CX2_38,0.5,301,301,301,ok,,0.07430620718635078,0.00602262953783661,-1.953866390147908,0.8724569640062598,0.13510875806581196,302,128,1278,step1,1
0,42,partial_iv_anp,CALCE_CX2_38,0.75,301,301,301,ok,,0.07415867454344444,0.005643174802156814,-1.9447688841034105,0.8732394366197183,0.13730944322627478,302,128,1278,step1,1
0,42,partial_iv_anp,CALCE_CX2_38,1.0,301,301,301,ok,,0.07401766696575261,0.005191618792303787,-1.9359044201963846,0.8740219092331768,0.1409374119341773,302,128,1278,step1,1
0,42,partial_iv_anp,CALCE_CX2_38,0.0,302,302,302,ok,,0.11052696955958383,0.009373983237601191,-1.0200073443778734,0.9945184025058731,0.46588323518706865,303,128,1277,step1,1
0,42,partial_iv_anp,CALCE_CX2_38,0.25,302,302,302,ok,,0.07328624429309542,0.004764349280991009,-1.909812857133237,0.8770555990602976,0.1463955977059272,303,128,1277,step1,1
0,42,partial_iv_anp,CALCE_CX2_38,0.5,302,302,302,ok,,0.07332347948758541,0.004556199684712325,-1.9065489791047243,0.8778386844166014,0.1472178337715617,303,128,1277,step1,1
0,42,partial_iv_anp,CALCE_CX2_38,0.75,302,302,302,ok,,0.07319497003337938,0.004252883308070721,-1.8977988305639821,0.8762725137039937,0.14974580173398702,303,128,1277,step1,1
0,42,partial_iv_anp,CALCE_CX2_38,1.0,302,302,302,ok,,0.073071699241937,0.003902712215272941,-1.8891164484706602,0.880187940485513,0.15391978597039038,303,128,1277,step1,1
0,42,partial_iv_anp,CALCE_CX2_38,0.0,303,303,303,ok,,0.11023089265968508,0.007434044543557339,-1.020699837332939,0.9952978056426333,0.46610676909472526,304,128,1276,step1,1
0,42,partial_iv_anp,CALCE_CX2_38,0.25,303,303,303,ok,,0.0733945746513208,0.0028399307224145076,-1.9090353361912404,0.8769592476489029,0.1469307875586306,304,128,1276,step1,1
0,42,partial_iv_anp,CALCE_CX2_38,0.5,303,303,303,ok,,0.07340747311187514,0.002587914594767149,-1.9043745011466684,0.8785266457680251,0.14814783927224887,304,128,1276,step1,1
0,42,partial_iv_anp,CALCE_CX2_38,0.75,303,303,303,ok,,0.07328130278823268,0.0022832835872277357,-1.8955815448402173,0.877742946708464,0.15071886416670985,304,128,1276,step1,1
0,42,partial_iv_anp,CALCE_CX2_38,1.0,303,303,303,ok,,0.07316752271614656,0.001954579710502946,-1.8872542150228802,0.8816614420062696,0.15461225081636243,304,128,1276,step1,1
0,42,partial_iv_anp,CALCE_CX2_38,0.0,304,304,304,ok,,0.10974924826982754,0.00042797553591067405,-1.0226118268195812,0.9945098039215686,0.46547163350140447,305,128,1275,step1,1
0,42,partial_iv_anp,CALCE_CX2_38,0.25,304,304,304,ok,,0.07458484941267075,0.0029797994295196473,-1.973469039894571,0.8721568627450981,0.13272534072274916,305,128,1275,step1,1
0,42,partial_iv_anp,CALCE_CX2_38,0.5,304,304,304,ok,,0.0744480296689542,0.003466321142076234,-1.962295338282259,0.8729411764705882,0.13462720373433548,305,128,1275,step1,1
0,42,partial_iv_anp,CALCE_CX2_38,0.75,304,304,304,ok,,0.07427223545984692,0.003908697456784682,-1.9516474339943222,0.8745098039215686,0.137269291862301,305,128,1275,step1,1
0,42,partial_iv_anp,CALCE_CX2_38,1.0,304,304,304,ok,,0.07413307379941812,0.004343975900703012,-1.9425407304120146,0.876078431372549,0.14068438212165765,305,128,1275,step1,1
0,42,partial_iv_anp,CALCE_CX2_38,0.0,305,305,305,ok,,0.11000494872216025,0.0006182845035289652,-1.019112797960555,0.9937205651491365,0.4659087230635268,306,128,1274,step1,1
0,42,partial_iv_anp,CALCE_CX2_38,0.25,305,305,305,ok,,0.07447596780942788,0.003357197450228555,-1.960246118677404,0.8665620094191523,0.13406435420361118,306,128,1274,step1,1
0,42,partial_iv_anp,CALCE_CX2_38,0.5,305,305,305,ok,,0.07438692201956663,0.0037449924414753033,-1.9511973143005001,0.868916797488226,0.1353749322918406,306,128,1274,step1,1
0,42,partial_iv_anp,CALCE_CX2_38,0.75,305,305,305,ok,,0.07424308532856062,0.004119611657267708,-1.942121134239887,0.869701726844584,0.13756317028456078,306,128,1274,step1,1
0,42,partial_iv_anp,CALCE_CX2_38,1.0,305,305,305,ok,,0.07412225131994532,0.004516046006573737,-1.9341408347544482,0.8720565149136578,0.14066790732314668,306,128,1274,step1,1
0,42,partial_iv_anp,CALCE_CX2_38,0.0,306,306,306,ok,,0.1099762283470532,0.0008399898637265757,-1.01773234499191,0.992930086410055,0.4661189568910673,307,128,1273,step1,1
0,42,partial_iv_anp,CALCE_CX2_38,0.25,306,306,306,ok,,0.07462963098620354,0.0033273634716786127,-1.9615504215581503,0.8688138256087982,0.13288785714009957,307,128,1273,step1,1
0,42,partial_iv_anp,CALCE_CX2_38,0.5,306,306,306,ok,,0.07452588962707264,0.003745198648728909,-1.951900565023679,0.8688138256087982,0.1342967563688688,307,128,1273,step1,1
0,42,partial_iv_anp,CALCE_CX2_38,0.75,306,306,306,ok,,0.07437533073142154,0.004142562434624408,-1.9425642583991094,0.8695993715632364,0.1365554318921549,307,128,1273,step1,1
0,42,partial_iv_anp,CALCE_CX2_38,1.0,306,306,306,ok,,0.07424917967176417,0.004560348796728286,-1.9344192644321847,0.8719560094265515,0.13971781708644182,307,128,1273,step1,1
0,42,partial_iv_anp,CALCE_CX2_38,0.0,307,307,307,ok,,0.10960341224169874,0.0009434345732409755,-1.0188195839595426,0.9952830188679245,0.46543388822649917,308,128,1272,step1,1
0,42,partial_iv_anp,CALCE_CX2_38,0.25,307,307,307,ok,,0.07476020120616948,0.0032170723798981005,-1.969860128558259,0.8718553459119497,0.13148898432133144,308,128,1272,step1,1
0,42,partial_iv_anp,CALCE_CX2_38,0.5,307,307,307,ok,,0.07464104088842849,0.003662058252914213,-1.9596875455109657,0.8726415094339622,0.1330004591791994,308,128,1272,step1,1
0,42,partial_iv_anp,CALCE_CX2_38,0.75,307,307,307,ok,,0.07448550380935555,0.004074245629361761,-1.9502200918594548,0.8718553459119497,0.13529081574862195,308,128,1272,step1,1
0,42,partial_iv_anp,CALCE_CX2_38,1.0,307,307,307,ok,,0.07435795835823675,0.004504665122218254,-1.9419790235513927,0.8765723270440252,0.1384681878432987,308,128,1272,step1,1
0,42,partial_iv_anp,CALCE_CX2_38,0.0,308,308,308,ok,,0.1094796888243087,0.001774174316083399,-1.0180895248272124,0.996066089693155,0.46532865308957466,309,128,1271,step1,1
0,42,partial_iv_anp,CALCE_CX2_38,0.25,308,308,308,ok,,0.07494009618020915,0.0036980294194111085,-1.9756852869400217,0.8709677419354839,0.12959591789361102,309,128,1271,step1,1
0,42,partial_iv_anp,CALCE_CX2_38,0.5,308,308,308,ok,,0.07481036424354848,0.004158506138926543,-1.9653348549544285,0.8709677419354839,0.1310704882885935,309,128,1271,step1,1
0,42,partial_iv_anp,CALCE_CX2_38,0.75,308,308,308,ok,,0.07465577048614408,0.004577759612071963,-1.9561449467764287,0.8717545239968528,0.13328209074331676,309,128,1271,step1,1
0,42,partial_iv_anp,CALCE_CX2_38,1.0,308,308,308,ok,,0.07452846471414153,0.005020540647067362,-1.9481237134641807,0.8733280881195908,0.13637908764031523,309,128,1271,step1,1
0,42,partial_iv_anp,CALCE_CX2_38,0.0,309,309,309,ok,,0.10921756312202545,0.00236461047468306,-1.0184394264382595,0.9960629921259843,0.4652267868581422,310,128,1270,step1,1
0,42,partial_iv_anp,CALCE_CX2_38,0.25,309,309,309,ok,,0.07522268792255747,0.0037868969687089304,-1.984744745945817,0.868503937007874,0.1272049181597351,310,128,1270,step1,1
0,42,partial_iv_anp,CALCE_CX2_38,0.5,309,309,309,ok,,0.07505673898680765,0.004324849399298891,-1.9733571906239404,0.8700787401574803,0.12895483933944626,310,128,1270,step1,1
0,42,partial_iv_anp,CALCE_CX2_38,0.75,309,309,309,ok,,0.07488807772020203,0.004790910726250486,-1.9638458902575862,0.8716535433070867,0.13131316574550048,310,128,1270,step1,1
0,42,partial_iv_anp,CALCE_CX2_38,1.0,309,309,309,ok,,0.07475148149060395,0.005272335270804285,-1.9555883076378056,0.8755905511811024,0.134503244638961,310,128,1270,step1,1
0,42,partial_iv_anp,CALCE_CX2_38,0.0,310,310,310,ok,,0.10911967667321659,0.002373027335364264,-1.0175309439874847,0.9968479117415288,0.4651656486765517,311,128,1269,step10,10
0,42,partial_iv_anp,CALCE_CX2_38,0.0,310,310,310,ok,,0.10911967667321659,0.002373027335364264,-1.0175309439874847,0.9968479117415288,0.4651656486765517,311,128,1269,step1,1
0,42,partial_iv_anp,CALCE_CX2_38,0.25,310,310,310,ok,,0.0753186158297926,0.003599132060515098,-1.9859179182930462,0.8660362490149724,0.12630396984210068,311,128,1269,step10,10
0,42,partial_iv_anp,CALCE_CX2_38,0.25,310,310,310,ok,,0.0753186158297926,0.003599132060515098,-1.9859179182930462,0.8660362490149724,0.12630396984210068,311,128,1269,step1,1
0,42,partial_iv_anp,CALCE_CX2_38,0.5,310,310,310,ok,,0.07514544607654602,0.004155521275273633,-1.9744017253262411,0.8691883372734437,0.12809548243886446,311,128,1269,step10,10
0,42,partial_iv_anp,CALCE_CX2_38,0.5,310,310,310,ok,,0.07514544607654602,0.004155521275273633,-1.9744017253262411,0.8691883372734437,0.12809548243886446,311,128,1269,step1,1
0,42,partial_iv_anp,CALCE_CX2_38,0.75,310,310,310,ok,,0.0749742261689518,0.004634694474475509,-1.9649044876885766,0.8699763593380615,0.13047535436699334,311,128,1269,step10,10
0,42,partial_iv_anp,CALCE_CX2_38,0.75,310,310,310,ok,,0.0749742261689518,0.004634694474475509,-1.9649044876885766,0.8699763593380615,0.13047535436699334,311,128,1269,step1,1
0,42,partial_iv_anp,CALCE_CX2_38,1.0,310,310,310,ok,,0.07483948761861178,0.005127655854828772,-1.9568084765656308,0.8739164696611506,0.13367823326755526,311,128,1269,step10,10
0,42,partial_iv_anp,CALCE_CX2_38,1.0,310,310,310,ok,,0.07483948761861178,0.005127655854828772,-1.9568084765656308,0.8739164696611506,0.13367823326755526,311,128,1269,step1,1
0,42,partial_iv_anp,CALCE_CX2_38,0.0,311,311,311,ok,,0.10868541335042749,0.0025941417383624765,-1.0191050749983217,0.9960567823343849,0.4644005870816025,312,128,1268,step1,1
0,42,partial_iv_anp,CALCE_CX2_38,0.25,311,311,311,ok,,0.07545777462788296,0.0035729197659294387,-1.9950577153914868,0.862776025236593,0.12484470834396738,312,128,1268,step1,1
0,42,partial_iv_anp,CALCE_CX2_38,0.5,311,311,311,ok,,0.07527021390333638,0.004159082193110453,-1.98340226506457,0.8667192429022083,0.12671839894964682,312,128,1268,step1,1
0,42,partial_iv_anp,CALCE_CX2_38,0.75,311,311,311,ok,,0.07509091379382365,0.004658025978339642,-1.9738494857499884,0.8675078864353313,0.12914629248563342,312,128,1268,step1,1
0,42,partial_iv_anp,CALCE_CX2_38,1.0,311,311,311,ok,,0.07495028379418489,0.005172252214622253,-1.9655707130824358,0.8722397476340694,0.13241174063658392,312,128,1268,step1,1
0,42,partial_iv_anp,CALCE_CX2_38,0.0,312,312,312,ok,,0.108392590406845,0.0024588656788895324,-1.0197039760217972,0.9960536700868192,0.46419688155165256,313,128,1267,step1,1
0,42,partial_iv_anp,CALCE_CX2_38,0.25,312,312,312,ok,,0.07557864204071861,0.0032793316858532595,-1.9977280068800698,0.8610891870560379,0.12427412861451256,313,128,1267,step1,1
0,42,partial_iv_anp,CALCE_CX2_38,0.5,312,312,312,ok,,0.07538098407381212,0.003887246408397771,-1.9859803954161968,0.8634569850039463,0.1262190930767943,313,128,1267,step1,1
0,42,partial_iv_anp,CALCE_CX2_38,0.75,312,312,312,ok,,0.07520101634209074,0.004393049314949216,-1.9765600890074884,0.8650355169692187,0.12864566735482036,313,128,1267,step1,1
0,42,partial_iv_anp,CALCE_CX2_38,1.0,312,312,312,ok,,0.07506131133895722,0.004915183217614194,-1.9683738373739823,0.8681925808997633,0.1319142366596969,313,128,1267,step1,1
0,42,partial_iv_anp,CALCE_CX2_38,0.0,313,313,313,ok,,0.10832033185091736,0.002391777528569894,-1.0186366399197915,0.9960505529225908,0.4640539695308804,314,128,1266,step1,1
0,42,partial_iv_anp,CALCE_CX2_38,0.25,313,313,313,ok,,0.0756658108254553,0.003032916769037941,-1.9977251504145772,0.8617693522906793,0.12348104845309504,314,128,1266,step1,1
0,42,partial_iv_anp,CALCE_CX2_38,0.5,313,313,313,ok,,0.07545986683680116,0.003660417823373452,-1.9858760848152923,0.8641390205371248,0.12547379050106874,314,128,1266,step1,1
0,42,partial_iv_anp,CALCE_CX2_38,0.75,313,313,313,ok,,0.07527746030378703,0.0041803069485157884,-1.9764891143717904,0.8649289099526066,0.12793216483281228,314,128,1266,step1,1
0,42,partial_iv_anp,CALCE_CX2_38,1.0,313,313,313,ok,,0.07513555055601874,0.004720436525738281,-1.968312749606446,0.868088467614534,0.13126192874535272,314,128,1266,step1,1
0,42,partial_iv_anp,CALCE_CX2_38,0.0,314,314,314,ok,,0.10809298337143648,0.002387713495478061,-1.0187513014837486,0.9952569169960475,0.4636536078950921,315,128,1265,step1,1
0,42,partial_iv_anp,CALCE_CX2_38,0.25,314,314,314,ok,,0.07575437423759375,0.002892513831774579,-1.9995103394689955,0.8640316205533597,0.12285295318307239,315,128,1265,step1,1
0,42,partial_iv_anp,CALCE_CX2_38,0.5,314,314,314,ok,,0.07554296289219108,0.0035357611679137646,-1.9876799632885407,0.8608695652173913,0.12488773087158173,315,128,1265,step1,1
0,42,partial_iv_anp,CALCE_CX2_38,0.75,314,314,314,ok,,0.07535943110414224,0.004061712399427098,-1.97839248350204,0.8632411067193676,0.12734184778913082,315,128,1265,step1,1
0,42,partial_iv_anp,CALCE_CX2_38,1.0,314,314,314,ok,,0.07521847528438473,0.004607439364726185,-1.9703362502445882,0.8632411067193676,0.13066376400429022,315,128,1265,step1,1
0,42,partial_iv_anp,CALCE_CX2_38,0.0,315,315,315,ok,,0.10820455346849914,0.002198339724409193,-1.0163123631212998,0.995253164556962,0.4641551840576562,316,128,1264,step1,1
0,42,partial_iv_anp,CALCE_CX2_38,0.25,315,315,315,ok,,0.07578620507504956,0.002625536898243075,-1.9937363584768277,0.8599683544303798,0.12288564170222085,316,128,1264,step1,1
0,42,partial_iv_anp,CALCE_CX2_38,0.5,315,315,315,ok,,0.07557726201210449,0.0032712125561050742,-1.981856102759801,0.8615506329113924,0.12490163617252324,316,128,1264,step1,1
0,42,partial_iv_anp,CALCE_CX2_38,0.75,315,315,315,ok,,0.07539439069279788,0.0038009308814493936,-1.972575602609833,0.8631329113924051,0.12735488999579309,316,128,1264,step1,1
0,42,partial_iv_anp,CALCE_CX2_38,1.0,315,315,315,ok,,0.07525213731347052,0.00435544382715769,-1.9645567235322559,0.8662974683544303,0.13070421045922248,316,128,1264,step1,1
0,42,partial_iv_anp,CALCE_CX2_38,0.0,316,316,316,ok,,0.10781665696694076,0.0024883525426308006,-1.017607230765682,0.995249406175772,0.4633771460173247,317,128,1263,step1,1
0,42,partial_iv_anp,CALCE_CX2_38,0.25,316,316,316,ok,,0.0759142777338936,0.00270567491120699,-2.0001022423111587,0.8622327790973872,0.12172349525079938,317,128,1263,step1,1
0,42,partial_iv_anp,CALCE_CX2_38,0.5,316,316,316,ok,,0.07569575717571969,0.0033697090718137757,-1.988426269072676,0.8646080760095012,0.12378242695157439,317,128,1263,step1,1
0,42,partial_iv_anp,CALCE_CX2_38,0.75,316,316,316,ok,,0.07550905695310083,0.003913347999947248,-1.9793061878936276,0.8669833729216152,0.12626075518328644,317,128,1263,step1,1
0,42,partial_iv_anp,CALCE_CX2_38,1.0,316,316,316,ok,,0.07536671079463982,0.0044801866309968075,-1.971395618674385,0.8701504354711006,0.12962380567154783,317,128,1263,step1,1
0,42,partial_iv_anp,CALCE_CX2_38,0.0,317,317,317,ok,,0.10770355680452483,0.00293142936142754,-1.0168452351692148,0.9944532488114105,0.4631851181154571,318,128,1262,step1,1
0,42,partial_iv_anp,CALCE_CX2_38,0.25,317,317,317,ok,,0.07603721566935871,0.002870664337998652,-2.0017675712458165,0.8581616481774961,0.12050166661866694,318,128,1262,step1,1
0,42,partial_iv_anp,CALCE_CX2_38,0.5,317,317,317,ok,,0.07580394820552562,0.003574935150521985,-1.9900392801406106,0.8637083993660856,0.12267261203346207,318,128,1262,step1,1
0,42,partial_iv_anp,CALCE_CX2_38,0.75,317,317,317,ok,,0.07561145532258172,0.004141677039222302,-1.9809976576486856,0.866877971473851,0.1252035839401661,318,128,1262,step1,1
0,42,partial_iv_anp,CALCE_CX2_38,1.0,317,317,317,ok,,0.07546645768091644,0.0047272187177871405,-1.9732177642624102,0.8684627575277337,0.1285939727261141,318,128,1262,step1,1
0,42,partial_iv_anp,CALCE_CX2_38,0.0,318,318,318,ok,,0.10748332194155312,0.002802695298133373,-1.0169348377203773,0.9944488501189532,0.46277915580380913,319,128,1261,step1,1
0,42,partial_iv_anp,CALCE_CX2_38,0.25,318,318,318,ok,,0.0760568410300931,0.0027527760683646596,-2.0017657213968265,0.8604282315622522,0.12052603021344346,319,128,1261,step1,1
0,42,partial_iv_anp,CALCE_CX2_38,0.5,318,318,318,ok,,0.07582441802605525,0.003452962933674364,-1.9900026742573838,0.8628072957969866,0.1226892550416212,319,128,1261,step1,1
0,42,partial_iv_anp,CALCE_CX2_38,0.75,318,318,318,ok,,0.07563464674427074,0.004011891058199102,-1.9810131990395135,0.865979381443299,0.12518250879163126,319,128,1261,step1,1
0,42,partial_iv_anp,CALCE_CX2_38,1.0,318,318,318,ok,,0.07549381262826814,0.004589548679065358,-1.9733380780494483,0.8715305313243458,0.12853218595248628,319,128,1261,step1,1
0,42,partial_iv_anp,CALCE_CX2_38,0.0,319,319,319,ok,,0.1075001206679351,0.002618500059607065,-1.0151991915076732,0.9936507936507937,0.46317983811541813,320,128,1260,step1,1
0,42,partial_iv_anp,CALCE_CX2_38,0.25,319,319,319,ok,,0.07609664047567603,0.0025068922276143546,-1.9970675072102317,0.8603174603174604,0.12070081260053445,320,128,1260,step1,1
0,42,partial_iv_anp,CALCE_CX2_38,0.5,319,319,319,ok,,0.07586450625308466,0.0032123819937387443,-1.9852403021883858,0.8634920634920635,0.12287599041571762,320,128,1260,step1,1
0,42,partial_iv_anp,CALCE_CX2_38,0.75,319,319,319,ok,,0.07567673274262411,0.003772284464604092,-1.9762936968264118,0.8626984126984127,0.12535965107423513,320,128,1260,step1,1
0,42,partial_iv_anp,CALCE_CX2_38,1.0,319,319,319,ok,,0.07553581423824085,0.004355175935324085,-1.9686652773050515,0.8666666666666667,0.1287213401574931,320,128,1260,step1,1
0,42,partial_iv_anp,CALCE_CX2_38,0.0,320,320,320,ok,,0.10732005718990248,0.008166842597592705,-1.0149592798027605,0.9936457505957109,0.46296691932782635,321,128,1259,step10,10
0,42,partial_iv_anp,CALCE_CX2_38,0.0,320,320,320,ok,,0.10732005718990248,0.008166842597592705,-1.0149592798027605,0.9936457505957109,0.46296691932782635,321,128,1259,step1,1
0,42,partial_iv_anp,CALCE_CX2_38,0.25,320,320,320,ok,,0.07488353106767633,0.005413166058347629,-1.942243098025787,0.868943606036537,0.13588724014817252,321,128,1259,step10,10
0,42,partial_iv_anp,CALCE_CX2_38,0.25,320,320,320,ok,,0.07488353106767633,0.005413166058347629,-1.942243098025787,0.868943606036537,0.13588724014817252,321,128,1259,step1,1
0,42,partial_iv_anp,CALCE_CX2_38,0.5,320,320,320,ok,,0.0747851298202833,0.004942633814785324,-1.9319704261857664,0.8705321683876092,0.13796121331523978,321,128,1259,step10,10
0,42,partial_iv_anp,CALCE_CX2_38,0.5,320,320,320,ok,,0.0747851298202833,0.004942633814785324,-1.9319704261857664,0.8705321683876092,0.13796121331523978,321,128,1259,step1,1
0,42,partial_iv_anp,CALCE_CX2_38,0.75,320,320,320,ok,,0.07462335387566206,0.004505303368007585,-1.9214657840504965,0.8697378872120731,0.140746967602156,321,128,1259,step10,10
0,42,partial_iv_anp,CALCE_CX2_38,0.75,320,320,320,ok,,0.07462335387566206,0.004505303368007585,-1.9214657840504965,0.8697378872120731,0.140746967602156,321,128,1259,step1,1
0,42,partial_iv_anp,CALCE_CX2_38,1.0,320,320,320,ok,,0.07449389804509297,0.004011363381100641,-1.911710323646811,0.8776806989674345,0.1451152006447955,321,128,1259,step10,10
0,42,partial_iv_anp,CALCE_CX2_38,1.0,320,320,320,ok,,0.07449389804509297,0.004011363381100641,-1.911710323646811,0.8776806989674345,0.1451152006447955,321,128,1259,step1,1
0,42,partial_iv_anp,CALCE_CX2_38,0.0,321,321,321,ok,,0.10704910905973973,0.011269961286314634,-1.0155100029353652,0.9936406995230525,0.4624338373848122,322,128,1258,step1,1
0,42,partial_iv_anp,CALCE_CX2_38,0.25,321,321,321,ok,,0.07442541601978317,0.007610809373897132,-1.919257327870686,0.8783783783783784,0.14163678669627522,322,128,1258,step1,1
0,42,partial_iv_anp,CALCE_CX2_38,0.5,321,321,321,ok,,0.07441295303058544,0.007296920922315708,-1.9129884693012869,0.8791732909379968,0.14307814965536472,322,128,1258,step1,1
0,42,partial_iv_anp,CALCE_CX2_38,0.75,321,321,321,ok,,0.07429754417220431,0.006971291499702437,-1.904737341575945,0.8815580286168522,0.14539923301897814,322,128,1258,step1,1
0,42,partial_iv_anp,CALCE_CX2_38,1.0,321,321,321,ok,,0.07420212726365148,0.006561142102911366,-1.8963919575421315,0.8839427662957074,0.14966022904328918,322,128,1258,step1,1
0,42,partial_iv_anp,CALCE_CX2_38,0.0,322,322,322,ok,,0.1068415373622875,0.012099730460941371,-1.0156346638025289,0.9936356404136834,0.4623385545973582,323,128,1257,step1,1
0,42,partial_iv_anp,CALCE_CX2_38,0.25,322,322,322,ok,,0.0743815471090454,0.008288402122975658,-1.9137574558593053,0.8766905330151153,0.14294523219871122,323,128,1257,step1,1
0,42,partial_iv_anp,CALCE_CX2_38,0.5,322,322,322,ok,,0.0743934471460791,0.008016301218551458,-1.908682849419941,0.8766905330151153,0.14414607312054836,323,128,1257,step1,1
0,42,partial_iv_anp,CALCE_CX2_38,0.75,322,322,322,ok,,0.07429253623348005,0.007715328491888163,-1.9010968652022115,0.8782816229116945,0.14633212368892298,323,128,1257,step1,1
0,42,partial_iv_anp,CALCE_CX2_38,1.0,322,322,322,ok,,0.07420299044295331,0.007314340684334231,-1.892885537631099,0.8806682577565632,0.15061919160618872,323,128,1257,step1,1
0,42,partial_iv_anp,CALCE_CX2_38,0.0,323,323,323,ok,,0.10673229673611902,0.014577599462214708,-1.0149947766253742,0.9944267515923567,0.46232232827135106,324,128,1256,step1,1
0,42,partial_iv_anp,CALCE_CX2_38,0.25,323,323,323,ok,,0.0743768615614999,0.010697741861626753,-1.908734594579296,0.8773885350318471,0.14370246270268972,324,128,1256,step1,1
0,42,partial_iv_anp,CALCE_CX2_38,0.5,323,323,323,ok,,0.07436236291726893,0.01036350077234205,-1.9020427209982897,0.8765923566878981,0.1454750814673806,324,128,1256,step1,1
0,42,partial_iv_anp,CALCE_CX2_38,0.75,323,323,323,ok,,0.0742388075939298,0.01001730765394615,-1.893054879510631,0.8789808917197452,0.14814332204450745,324,128,1256,step1,1
0,42,partial_iv_anp,CALCE_CX2_38,1.0,323,323,323,ok,,0.07415418030382949,0.009600583327578405,-1.8844899069426309,0.8821656050955414,0.15292877765273977,324,128,1256,step1,1
0,42,partial_iv_anp,CALCE_CX2_38,0.0,324,324,324,ok,,0.1064906099489668,0.008183767667342412,-1.0154340296256688,0.9928286852589642,0.4615487683645837,325,128,1255,step1,1
0,42,partial_iv_anp,CALCE_CX2_38,0.25,324,324,324,ok,,0.07497572179990641,0.005466915703978947,-1.9434983720742802,0.8733067729083666,0.13554576899213694,325,128,1255,step1,1
0,42,partial_iv_anp,CALCE_CX2_38,0.5,324,324,324,ok,,0.074929518543904,0.005106985349485282,-1.9357989490045255,0.8741035856573706,0.13689398210287493,325,128,1255,step1,1
0,42,partial_iv_anp,CALCE_CX2_38,0.75,324,324,324,ok,,0.07481443307051173,0.0047636552721024294,-1.9277347819566546,0.8749003984063745,0.13894681405250764,325,128,1255,step1,1
0,42,partial_iv_anp,CALCE_CX2_38,1.0,324,324,324,ok,,0.07471758153008612,0.0043241356080873095,-1.9195978577090493,0.8788844621513944,0.1427012036474958,325,128,1255,step1,1
0,42,partial_iv_anp,CALCE_CX2_38,0.0,325,325,325,ok,,0.10656619751919859,0.004555459631225833,-1.0133647541756803,0.9936204146730463,0.4620075675057128,326,128,1254,step1,1
0,42,partial_iv_anp,CALCE_CX2_38,0.25,325,325,325,ok,,0.07562255159942818,0.0031929565364233747,-1.9672541757996924,0.8652312599681021,0.12839330375086236,326,128,1254,step1,1
0,42,partial_iv_anp,CALCE_CX2_38,0.5,325,325,325,ok,,0.07546416051825972,0.0026144715465840074,-1.9550047469092586,0.8676236044657097,0.1305198456389047,326,128,1254,step1,1
0,42,partial_iv_anp,CALCE_CX2_38,0.75,325,325,325,ok,,0.07530510679091777,0.0021417921553930075,-1.9450776700529862,0.8676236044657097,0.132992301087218,326,128,1254,step1,1
0,42,partial_iv_anp,CALCE_CX2_38,1.0,325,325,325,ok,,0.07517790675341769,0.0015986889491131917,-1.9359030579807486,0.8708133971291866,0.1368464688403753,326,128,1254,step1,1
0,42,partial_iv_anp,CALCE_CX2_38,0.0,326,326,326,ok,,0.10633711640726595,0.005184239230033416,-1.0135437932588793,0.9960095770151636,0.4618197449644773,327,128,1253,step1,1
0,42,partial_iv_anp,CALCE_CX2_38,0.25,326,326,326,ok,,0.0758691415628307,0.004321147833915129,-1.9763429360921547,0.8659217877094972,0.12598078656219583,327,128,1253,step1,1
0,42,partial_iv_anp,CALCE_CX2_38,0.5,326,326,326,ok,,0.07568575930076483,0.003687180840465487,-1.963536817959491,0.8635275339185954,0.1282250651705587,327,128,1253,step1,1
0,42,partial_iv_anp,CALCE_CX2_38,0.75,326,326,326,ok,,0.0755137539106212,0.003173772565184252,-1.9533196128171886,0.8659217877094972,0.1307863000805491,327,128,1253,step1,1
0,42,partial_iv_anp,CALCE_CX2_38,1.0,326,326,326,ok,,0.07536392916521924,0.0025298519377956463,-1.9429668574051404,0.8715083798882681,0.13517883747393916,327,128,1253,step1,1
0,42,partial_iv_anp,CALCE_CX2_38,0.0,327,327,327,ok,,0.10641881487335832,0.014281362833449829,-1.011329555509622,0.9968051118210862,0.4617416453623739,328,128,1252,step1,1
0,42,partial_iv_anp,CALCE_CX2_38,0.25,327,327,327,ok,,0.07443204231872703,0.010449041583185936,-1.899580746651818,0.8738019169329073,0.1435303808083844,328,128,1252,step1,1
0,42,partial_iv_anp,CALCE_CX2_38,0.5,327,327,327,ok,,0.07442986698363757,0.010129161673774867,-1.8934506230714294,0.8761980830670927,0.14520273305455628,328,128,1252,step1,1
0,42,partial_iv_anp,CALCE_CX2_38,0.75,327,327,327,ok,,0.07432192469305035,0.009807102310115279,-1.885337434015431,0.8777955271565495,0.14763843066393834,328,128,1252,step1,1
0,42,partial_iv_anp,CALCE_CX2_38,1.0,327,327,327,ok,,0.07424818920638876,0.009394716656229374,-1.8775385053668607,0.8817891373801917,0.15235458671314517,328,128,1252,step1,1
0,42,partial_iv_anp,CALCE_CX2_38,0.0,328,328,328,ok,,0.1061611982777283,0.01298998046523736,-1.0119075652622984,0.9960031974420464,0.4612631751140272,329,128,1251,step1,1
0,42,partial_iv_anp,CALCE_CX2_38,0.25,328,328,328,ok,,0.07463550027065594,0.009502921476709836,-1.9105217620292316,0.8729016786570744,0.14107883682184927,329,128,1251,step1,1
0,42,partial_iv_anp,CALCE_CX2_38,0.5,328,328,328,ok,,0.07461572654842812,0.009153647158863798,-1.9034638795958516,0.8745003996802558,0.14279181968736612,329,128,1251,step1,1
0,42,partial_iv_anp,CALCE_CX2_38,0.75,328,328,328,ok,,0.07450485782454083,0.008820883831154092,-1.8952175015426487,0.8745003996802558,0.14514069715660347,329,128,1251,step1,1
0,42,partial_iv_anp,CALCE_CX2_38,1.0,328,328,328,ok,,0.0744174574150683,0.008384208480964328,-1.886862536072091,0.8808952837729817,0.1497112484018216,329,128,1251,step1,1
0,42,partial_iv_anp,CALCE_CX2_38,0.0,329,329,329,ok,,0.1060425518159488,0.013401201364524051,-1.0113999902328528,0.9952,0.46123731082725217,330,128,1250,step1,1
0,42,partial_iv_anp,CALCE_CX2_38,0.25,329,329,329,ok,,0.07469063262929782,0.009977633403569275,-1.9102272499799147,0.8744,0.1408324498843741,330,128,1250,step1,1
0,42,partial_iv_anp,CALCE_CX2_38,0.5,329,329,329,ok,,0.07466167091813654,0.009610923274229966,-1.9026574702051293,0.8752,0.14265036900328792,330,128,1250,step1,1
0,42,partial_iv_anp,CALCE_CX2_38,0.75,329,329,329,ok,,0.07453878692570703,0.009249605243927372,-1.8936882879771284,0.8752,0.14522265473596666,330,128,1250,step1,1
0,42,partial_iv_anp,CALCE_CX2_38,1.0,329,329,329,ok,,0.07445067982763266,0.008797490791081497,-1.8851006107313129,0.8824,0.1499822650428014,330,128,1250,step1,1
0,42,partial_iv_anp,CALCE_CX2_38,0.0,330,330,330,ok,,0.10581512828899059,0.014331440568540521,-1.011709343011299,0.9967974379503602,0.4607522227917433,331,128,1249,step10,10
0,42,partial_iv_anp,CALCE_CX2_38,0.0,330,330,330,ok,,0.10581512828899059,0.014331440568540521,-1.011709343011299,0.9967974379503602,0.4607522227917433,331,128,1249,step1,1
0,42,partial_iv_anp,CALCE_CX2_38,0.25,330,330,330,ok,,0.07464276792324016,0.010804807036285058,-1.9080939324941575,0.8767013610888711,0.14138364695744504,331,128,1249,step10,10
0,42,partial_iv_anp,CALCE_CX2_38,0.25,330,330,330,ok,,0.07464276792324016,0.010804807036285058,-1.9080939324941575,0.8767013610888711,0.14138364695744504,331,128,1249,step1,1
0,42,partial_iv_anp,CALCE_CX2_38,0.5,330,330,330,ok,,0.07461668239098054,0.01043325348791313,-1.9004899527197106,0.8759007205764612,0.14333035648230644,331,128,1249,step10,10
0,42,partial_iv_anp,CALCE_CX2_38,0.5,330,330,330,ok,,0.07461668239098054,0.01043325348791313,-1.9004899527197106,0.8759007205764612,0.14333035648230644,331,128,1249,step1,1
0,42,partial_iv_anp,CALCE_CX2_38,0.75,330,330,330,ok,,0.07448838174088274,0.010065215148245987,-1.8912108272623547,0.877502001601281,0.14603339704080076,331,128,1249,step10,10
0,42,partial_iv_anp,CALCE_CX2_38,0.75,330,330,330,ok,,0.07448838174088274,0.010065215148245987,-1.8912108272623547,0.877502001601281,0.14603339704080076,331,128,1249,step1,1
0,42,partial_iv_anp,CALCE_CX2_38,1.0,330,330,330,ok,,0.07440328247046156,0.009611160345637138,-1.8824878524940416,0.8831064851881505,0.15102335156039123,331,128,1249,step10,10
0,42,partial_iv_anp,CALCE_CX2_38,1.0,330,330,330,ok,,0.07440328247046156,0.009611160345637138,-1.8824878524940416,0.8831064851881505,0.15102335156039123,331,128,1249,step1,1
0,42,partial_iv_anp,CALCE_CX2_38,0.0,331,331,331,ok,,0.10551829942516838,0.01040543846513775,-1.012584840340894,0.9975961538461539,0.46021650262111846,332,128,1248,step1,1
0,42,partial_iv_anp,CALCE_CX2_38,0.25,331,331,331,ok,,0.07484059678367533,0.007197655468195063,-1.9187270036358337,0.8661858974358975,0.13915158909236902,332,128,1248,step1,1
0,42,partial_iv_anp,CALCE_CX2_38,0.5,331,331,331,ok,,0.0748680356550873,0.006951923776813418,-1.9142310355589625,0.8661858974358975,0.14000120975400676,332,128,1248,step1,1
0,42,partial_iv_anp,CALCE_CX2_38,0.75,331,331,331,ok,,0.07479500218665881,0.0066917737476925865,-1.9081128113175698,0.8669871794871795,0.14163034494875604,332,128,1248,step1,1
0,42,partial_iv_anp,CALCE_CX2_38,1.0,331,331,331,ok,,0.07472543949729209,0.006291457900071462,-1.9009580289032864,0.875,0.14541395053896627,332,128,1248,step1,1
0,42,partial_iv_anp,CALCE_CX2_38,0.0,332,332,332,ok,,0.10539875954890754,0.005353863530503489,-1.0121452681619063,0.9983961507618284,0.46031736268231666,333,128,1247,step1,1
0,42,partial_iv_anp,CALCE_CX2_38,0.25,332,332,332,ok,,0.0757964510135079,0.0041045521795896045,-1.963308846627467,0.8620689655172413,0.12812126383614647,333,128,1247,step1,1
0,42,partial_iv_anp,CALCE_CX2_38,0.5,332,332,332,ok,,0.07564999259132214,0.003523501476140556,-1.950917940827995,0.8620689655172413,0.13029890944324513,333,128,1247,step1,1
0,42,partial_iv_anp,CALCE_CX2_38,0.75,332,332,332,ok,,0.07549241533669226,0.003045518651607626,-1.9407003379025372,0.8612670408981555,0.13280133957766735,333,128,1247,step1,1
0,42,partial_iv_anp,CALCE_CX2_38,1.0,332,332,332,ok,,0.07537290509619274,0.002486545617331526,-1.9312754330856208,0.8684843624699278,0.136814862060835,333,128,1247,step1,1
0,42,partial_iv_anp,CALCE_CX2_38,0.0,333,333,333,ok,,0.10498710836657602,0.013519741083699799,-1.0138550147693097,0.9975922953451043,0.4599527886135871,334,128,1246,step1,1
0,42,partial_iv_anp,CALCE_CX2_38,0.25,333,333,333,ok,,0.07500760249495003,0.010408202878656958,-1.9204424242428064,0.8659711075441413,0.13913878480772646,334,128,1246,step1,1
0,42,partial_iv_anp,CALCE_CX2_38,0.5,333,333,333,ok,,0.07494752221036573,0.009968711172293254,-1.910941301025944,0.8659711075441413,0.14139994662505218,334,128,1246,step1,1
0,42,partial_iv_anp,CALCE_CX2_38,0.75,333,333,333,ok,,0.07480457430928991,0.009554653650852396,-1.9006654518225201,0.869983948635634,0.1443093618118297,334,128,1246,step1,1
0,42,partial_iv_anp,CALCE_CX2_38,1.0,333,333,333,ok,,0.07472116399268164,0.00907070155710199,-1.891369853550859,0.8731942215088283,0.14933125175274842,334,128,1246,step1,1
0,42,partial_iv_anp,CALCE_CX2_38,0.0,334,334,334,ok,,0.10501703869137952,0.013094552458805309,-1.0121409985252234,0.9967871485943776,0.45983905757742144,335,128,1245,step1,1
0,42,partial_iv_anp,CALCE_CX2_38,0.25,334,334,334,ok,,0.07495543658379064,0.009963838322542773,-1.9164526514981164,0.8714859437751004,0.13910803791117438,335,128,1245,step1,1
0,42,partial_iv_anp,CALCE_CX2_38,0.5,334,334,334,ok,,0.07492523019443846,0.009585446243880469,-1.9085812432834581,0.8722891566265061,0.140934301629811,335,128,1245,step1,1
0,42,partial_iv_anp,CALCE_CX2_38,0.75,334,334,334,ok,,0.07480514884829614,0.009217680380370963,-1.8996498264987338,0.8738955823293173,0.14345368871303815,335,128,1245,step1,1
0,42,partial_iv_anp,CALCE_CX2_38,1.0,334,334,334,ok,,0.0747250517292018,0.008744030281772064,-1.8909428831680932,0.878714859437751,0.14827639426844755,335,128,1245,step1,1
0,42,partial_iv_anp,CALCE_CX2_38,0.0,335,335,335,ok,,0.10495041137602577,0.012713305693638932,-1.0112372722698308,0.9959807073954984,0.4597201158681062,336,128,1244,step1,1
0,42,partial_iv_anp,CALCE_CX2_38,0.25,335,335,335,ok,,0.07500756538194932,0.009661006024257679,-1.9157905878401809,0.8729903536977492,0.13868507241249767,336,128,1244,step1,1
0,42,partial_iv_anp,CALCE_CX2_38,0.5,335,335,335,ok,,0.07497127071747721,0.009272088022969194,-1.9076178370878936,0.8713826366559485,0.14055970953396818,336,128,1244,step1,1
0,42,partial_iv_anp,CALCE_CX2_38,0.75,335,335,335,ok,,0.07484999476388683,0.008901452728125703,-1.8986376815699104,0.8729903536977492,0.14306847856598032,336,128,1244,step1,1
0,42,partial_iv_anp,CALCE_CX2_38,1.0,335,335,335,ok,,0.07477240645856245,0.008435912212280128,-1.8902281668402787,0.8786173633440515,0.1477370815923917,336,128,1244,step1,1
0,42,partial_iv_anp,CALCE_CX2_38,0.0,336,336,336,ok,,0.10477838671408728,0.013494430738230423,-1.0111933362701528,0.995172968624296,0.459546743620002,337,128,1243,step1,1
0,42,partial_iv_anp,CALCE_CX2_38,0.25,336,336,336,ok,,0.0749609205000315,0.010290632549781575,-1.9098581804302368,0.8680611423974256,0.1398385214006331,337,128,1243,step1,1
0,42,partial_iv_anp,CALCE_CX2_38,0.5,336,336,336,ok,,0.07494001939358932,0.009918633276567057,-1.9022846770053456,0.8696701528559936,0.14170047893288112,337,128,1243,step1,1
0,42,partial_iv_anp,CALCE_CX2_38,0.75,336,336,336,ok,,0.07482238609349519,0.00955232236473924,-1.8933747904333584,0.8728881737731295,0.14426499564567669,337,128,1243,step1,1
0,42,partial_iv_anp,CALCE_CX2_38,1.0,336,336,336,ok,,0.0747531219933101,0.009090752190412665,-1.8850631673599203,0.8769106999195495,0.14909899159106615,337,128,1243,step1,1
0,42,partial_iv_anp,CALCE_CX2_38,0.0,337,337,337,ok,,0.10466453072432531,0.005858476697434001,-1.0105983095766657,0.9959742351046699,0.45923805905188264,338,128,1242,step1,1
0,42,partial_iv_anp,CALCE_CX2_38,0.25,337,337,337,ok,,0.07595153356033649,0.004808086077689233,-1.961083954027212,0.8663446054750402,0.12732919868599485,338,128,1242,step1,1
0,42,partial_iv_anp,CALCE_CX2_38,0.5,337,337,337,ok,,0.07579434547878565,0.004189303639136388,-1.9477709726632877,0.8671497584541062,0.12968362788450194,338,128,1242,step1,1
0,42,partial_iv_anp,CALCE_CX2_38,0.75,337,337,337,ok,,0.07563600002027543,0.0036996567049244478,-1.9372787570039909,0.8655394524959742,0.13222302927080845,338,128,1242,step1,1
0,42,partial_iv_anp,CALCE_CX2_38,1.0,337,337,337,ok,,0.07551990634939838,0.0031221051456247206,-1.9276801534973858,0.8695652173913043,0.13635641735753645,338,128,1242,step1,1
0,42,partial_iv_anp,CALCE_CX2_38,0.0,338,338,338,ok,,0.10423084702934393,0.009129187666343741,-1.0125279347474145,0.9967767929089444,0.45860996004333066,339,128,1241,step1,1
0,42,partial_iv_anp,CALCE_CX2_38,0.25,338,338,338,ok,,0.07575842661991293,0.007469029929951243,-1.9508924958406904,0.8638195004029009,0.13053665065382955,339,128,1241,step1,1
0,42,partial_iv_anp,CALCE_CX2_38,0.5,338,338,338,ok,,0.0755969933053429,0.006819000333842307,-1.936647794223879,0.8646253021756648,0.1334217838780183,339,128,1241,step1,1
0,42,partial_iv_anp,CALCE_CX2_38,0.75,338,338,338,ok,,0.07541778220771558,0.006287866463791758,-1.9246146185538262,0.8662369057211926,0.13653454017816397,339,128,1241,step1,1
0,42,partial_iv_anp,CALCE_CX2_38,1.0,338,338,338,ok,,0.07530003932568369,0.005690734874267078,-1.9139036016898376,0.8694601128122482,0.1414564132241684,339,128,1241,step1,1
0,42,partial_iv_anp,CALCE_CX2_38,0.0,339,339,339,ok,,0.10427271201926663,0.013565196182173889,-1.0106469926484314,0.9975806451612903,0.45866622447237365,340,128,1240,step1,1
0,42,partial_iv_anp,CALCE_CX2_38,0.25,339,339,339,ok,,0.07501714624780276,0.01037989362209335,-1.907349172713584,0.8653225806451613,0.13970238791145506,340,128,1240,step1,1
0,42,partial_iv_anp,CALCE_CX2_38,0.5,339,339,339,ok,,0.0750027271107844,0.010014055948986855,-1.8999984681063855,0.8669354838709677,0.1415611838392718,340,128,1240,step1,1
0,42,partial_iv_anp,CALCE_CX2_38,0.75,339,339,339,ok,,0.07488950670338355,0.009658478290177741,-1.8913902102227615,0.8685483870967742,0.1440483977830699,340,128,1240,step1,1
0,42,partial_iv_anp,CALCE_CX2_38,1.0,339,339,339,ok,,0.07483497630063124,0.009208551279480393,-1.8836714880520884,0.8733870967741936,0.14884042889236715,340,128,1240,step1,1
0,42,partial_iv_anp,CALCE_CX2_38,0.0,340,340,340,ok,,0.1040526781754267,0.013666431903228471,-1.0110987956088096,0.9975786924939467,0.4585298358646759,341,128,1239,step10,10
0,42,partial_iv_anp,CALCE_CX2_38,0.0,340,340,340,ok,,0.1040526781754267,0.013666431903228471,-1.0110987956088096,0.9975786924939467,0.4585298358646759,341,128,1239,step1,1
0,42,partial_iv_anp,CALCE_CX2_38,0.25,340,340,340,ok,,0.07513257176900533,0.010611586933760297,-1.9101431780846336,0.8676351896690879,0.1391401617322821,341,128,1239,step10,10
0,42,partial_iv_anp,CALCE_CX2_38,0.25,340,340,340,ok,,0.07513257176900533,0.010611586933760297,-1.9101431780846336,0.8676351896690879,0.1391401617322821,341,128,1239,step1,1
0,42,partial_iv_anp,CALCE_CX2_38,0.5,340,340,340,ok,,0.07510407908564054,0.010218182217568983,-1.9020051442115147,0.8684422921711057,0.14113933760980074,341,128,1239,step10,10
0,42,partial_iv_anp,CALCE_CX2_38,0.5,340,340,340,ok,,0.07510407908564054,0.010218182217568983,-1.9020051442115147,0.8684422921711057,0.14113933760980074,341,128,1239,step1,1
0,42,partial_iv_anp,CALCE_CX2_38,0.75,340,340,340,ok,,0.07498784377686914,0.009849514165086615,-1.8931183639059606,0.8700564971751412,0.14368811872597845,341,128,1239,step10,10
0,42,partial_iv_anp,CALCE_CX2_38,0.75,340,340,340,ok,,0.07498784377686914,0.009849514165086615,-1.8931183639059606,0.8700564971751412,0.14368811872597845,341,128,1239,step1,1
0,42,partial_iv_anp,CALCE_CX2_38,1.0,340,340,340,ok,,0.07493085510060987,0.009385561377578289,-1.885070582232874,0.8773204196933011,0.14854076344522021,341,128,1239,step10,10
0,42,partial_iv_anp,CALCE_CX2_38,1.0,340,340,340,ok,,0.07493085510060987,0.009385561377578289,-1.885070582232874,0.8773204196933011,0.14854076344522021,341,128,1239,step1,1
0,42,partial_iv_anp,CALCE_CX2_38,0.0,341,341,341,ok,,0.10386142267240871,0.014453773092227173,-1.011212752001924,0.9983844911147012,0.45820937550483654,342,128,1238,step1,1
0,42,partial_iv_anp,CALCE_CX2_38,0.25,341,341,341,ok,,0.07503712175501834,0.011177143801771039,-1.903039439820852,0.8731825525040388,0.14060450537680771,342,128,1238,step1,1
0,42,partial_iv_anp,CALCE_CX2_38,0.5,341,341,341,ok,,0.07504149613151713,0.01083378683179037,-1.8964201027950756,0.8747980613893377,0.1423885727728386,342,128,1238,step1,1
0,42,partial_iv_anp,CALCE_CX2_38,0.75,341,341,341,ok,,0.07493860125976004,0.010494368784254027,-1.888227613067325,0.8739903069466882,0.14480619276408221,342,128,1238,step1,1
0,42,partial_iv_anp,CALCE_CX2_38,1.0,341,341,341,ok,,0.07489876036372767,0.010054744389988879,-1.880828933287302,0.8804523424878837,0.14965432707329532,342,128,1238,step1,1
0,42,partial_iv_anp,CALCE_CX2_38,0.0,342,342,342,ok,,0.1036295730299219,0.015434701032679743,-1.0116668626650378,0.9983831851253031,0.457673260968896,343,128,1237,step1,1
0,42,partial_iv_anp,CALCE_CX2_38,0.25,342,342,342,ok,,0.07500248431626172,0.01202825034350119,-1.8996928453703203,0.8714632174616006,0.14143489691886085,343,128,1237,step1,1
0,42,partial_iv_anp,CALCE_CX2_38,0.5,342,342,342,ok,,0.07500831731475847,0.011685524861424712,-1.8930771101193182,0.8730800323362975,0.1433109129512115,343,128,1237,step1,1
0,42,partial_iv_anp,CALCE_CX2_38,0.75,342,342,342,ok,,0.07490304035800231,0.01134287490938457,-1.8847078835004032,0.8746968472109944,0.145841110418419,343,128,1237,step1,1
0,42,partial_iv_anp,CALCE_CX2_38,1.0,342,342,342,ok,,0.07487408785885391,0.010909615274161677,-1.8774311766951832,0.8860145513338723,0.1508812472410985,343,128,1237,step1,1
0,42,partial_iv_anp,CALCE_CX2_38,0.0,343,343,343,ok,,0.1038813066416202,0.009484746474257011,-1.0081816986162,0.9983818770226537,0.4579107229508342,344,128,1236,step1,1
0,42,partial_iv_anp,CALCE_CX2_38,0.25,343,343,343,ok,,0.07576304045867353,0.007781988466218692,-1.9360303270565113,0.866504854368932,0.13108846623805134,344,128,1236,step1,1
0,42,partial_iv_anp,CALCE_CX2_38,0.5,343,343,343,ok,,0.07567164370494858,0.007285154374240821,-1.925069239837106,0.8681229773462783,0.1331008819137528,344,128,1236,step1,1
0,42,partial_iv_anp,CALCE_CX2_38,0.75,343,343,343,ok,,0.07554478074374123,0.006874561826486492,-1.915820259538859,0.8705501618122977,0.13538451917099253,344,128,1236,step1,1
0,42,partial_iv_anp,CALCE_CX2_38,1.0,343,343,343,ok,,0.07545446739727495,0.00631512185505434,-1.9067800486012478,0.8737864077669902,0.1399179110815703,344,128,1236,step1,1
0,42,partial_iv_anp,CALCE_CX2_38,0.0,344,344,344,ok,,0.10345186691584911,0.016813325056748152,-1.0103634286440084,0.9983805668016195,0.457855948597544,345,128,1235,step1,1
0,42,partial_iv_anp,CALCE_CX2_38,0.25,344,344,344,ok,,0.07492310110293392,0.013119406517856591,-1.8838505187156078,0.8736842105263158,0.14417629568872398,345,128,1235,step1,1
0,42,partial_iv_anp,CALCE_CX2_38,0.5,344,344,344,ok,,0.07496690038580892,0.012825318740061098,-1.8789395997599103,0.8744939271255061,0.1458894394311299,345,128,1235,step1,1
0,42,partial_iv_anp,CALCE_CX2_38,0.75,344,344,344,ok,,0.07487609459385215,0.012505605511504703,-1.871140458640311,0.8736842105263158,0.1483905687956187,345,128,1235,step1,1
0,42,partial_iv_anp,CALCE_CX2_38,1.0,344,344,344,ok,,0.07487669601619641,0.012104162393627771,-1.8648787998287928,0.8785425101214575,0.1535000478157326,345,128,1235,step1,1
0,42,partial_iv_anp,CALCE_CX2_38,0.0,345,345,345,ok,,0.10320504101560098,0.0025221415123449775,-1.0108471563616426,0.9991896272285251,0.45683522692813106,346,128,1234,step1,1
0,42,partial_iv_anp,CALCE_CX2_38,0.25,345,345,345,ok,,0.07631759453204642,0.0031058378084081184,-1.9637861197061115,0.8638573743922204,0.1251764764900525,346,128,1234,step1,1
0,42,partial_iv_anp,CALCE_CX2_38,0.5,345,345,345,ok,,0.07617722390103877,0.0037121084435399743,-1.950995881591919,0.8646677471636953,0.12739777997840568,346,128,1234,step1,1
0,42,partial_iv_anp,CALCE_CX2_38,0.75,345,345,345,ok,,0.07600433930002448,0.004271285613048237,-1.9394341394831962,0.8654781199351702,0.1302513453333354,346,128,1234,step1,1
0,42,partial_iv_anp,CALCE_CX2_38,1.0,345,345,345,ok,,0.07589220596750239,0.0048618428942774905,-1.929652142260233,0.8695299837925445,0.13427924921821924,346,128,1234,step1,1
0,42,partial_iv_anp,CALCE_CX2_38,0.0,346,346,346,ok,,0.10310420240676325,0.008780247980024525,-1.010035532943369,0.9983779399837794,0.4567562235708088,347,128,1233,step1,1
0,42,partial_iv_anp,CALCE_CX2_38,0.25,346,346,346,ok,,0.07647807441392916,0.008998228551594711,-1.9680999888619177,0.862124898621249,0.1235330150650687,347,128,1233,step1,1
0,42,partial_iv_anp,CALCE_CX2_38,0.5,346,346,346,ok,,0.07634428667174503,0.009567743661806682,-1.956118886132692,0.8613138686131386,0.1254126623912474,347,128,1233,step1,1
0,42,partial_iv_anp,CALCE_CX2_38,0.75,346,346,346,ok,,0.07620038280468741,0.010052953051080449,-1.9464355472979975,0.862124898621249,0.12769537075430176,347,128,1233,step1,1
0,42,partial_iv_anp,CALCE_CX2_38,1.0,346,346,346,ok,,0.0761064902471326,0.010560941180919658,-1.9384281553985696,0.8653690186536902,0.13085475795623053,347,128,1233,step1,1
0,42,partial_iv_anp,CALCE_CX2_38,0.0,347,347,347,ok,,0.10258965424047078,0.012018952106207736,-1.0129607512698073,0.9991883116883117,0.45640501615567314,348,128,1232,step1,1
0,42,partial_iv_anp,CALCE_CX2_38,0.25,347,347,347,ok,,0.07693291189638884,0.011402791207813512,-1.9853409901919012,0.8603896103896104,0.12027620997244809,348,128,1232,step1,1
0,42,partial_iv_anp,CALCE_CX2_38,0.5,347,347,347,ok,,0.07675067815137379,0.012082988529869998,-1.972227964317387,0.859577922077922,0.12243366477123305,348,128,1232,step1,1
0,42,partial_iv_anp,CALCE_CX2_38,0.75,347,347,347,ok,,0.07658611378373836,0.012643483702945435,-1.961982227778303,0.859577922077922,0.12491303924061785,348,128,1232,step1,1
0,42,partial_iv_anp,CALCE_CX2_38,1.0,347,347,347,ok,,0.07648134702799626,0.013205219574462634,-1.953498857049688,0.8612012987012987,0.12812841293702382,348,128,1232,step1,1
0,42,partial_iv_anp,CALCE_CX2_38,0.0,348,348,348,ok,,0.10300056263237005,0.005194407729824935,-1.0079820117564995,0.9983753046303818,0.4567939683748838,349,128,1231,step1,1
0,42,partial_iv_anp,CALCE_CX2_38,0.25,348,348,348,ok,,0.07611574246572078,0.006375871807303368,-1.9412395722886584,0.8619008935824533,0.12886292049785725,349,128,1231,step1,1
0,42,partial_iv_anp,CALCE_CX2_38,0.5,348,348,348,ok,,0.07600045273692371,0.006950690617120503,-1.928957757482857,0.8602761982128351,0.1311935370685272,349,128,1231,step1,1
0,42,partial_iv_anp,CALCE_CX2_38,0.75,348,348,348,ok,,0.07583771779792166,0.007476550165288587,-1.917614857670504,0.8635255889520714,0.13409576240814353,349,128,1231,step1,1
0,42,partial_iv_anp,CALCE_CX2_38,1.0,348,348,348,ok,,0.0757326888463389,0.008028363821941054,-1.90818700537686,0.8667749796913079,0.1381836105732732,349,128,1231,step1,1
0,42,partial_iv_anp,CALCE_CX2_38,0.0,349,349,349,ok,,0.1029107567731578,0.006664768880056182,-1.0072167357550352,0.9983739837398374,0.4567843555941998,350,128,1230,step1,1
0,42,partial_iv_anp,CALCE_CX2_38,0.25,349,349,349,ok,,0.07629401683806329,0.007492128356314298,-1.9451524697410036,0.8585365853658536,0.12731977009689407,350,128,1230,step1,1
0,42,partial_iv_anp,CALCE_CX2_38,0.5,349,349,349,ok,,0.07617305186313571,0.008071788100039945,-1.9328220651490453,0.859349593495935,0.12952547501521958,350,128,1230,step1,1
0,42,partial_iv_anp,CALCE_CX2_38,0.75,349,349,349,ok,,0.07602003010035473,0.008584990109981594,-1.9220693660581578,0.8585365853658536,0.13220807714391983,350,128,1230,step1,1
0,42,partial_iv_anp,CALCE_CX2_38,1.0,349,349,349,ok,,0.0759177488221975,0.009143061044038503,-1.9129009099993888,0.8617886178861789,0.1361126917661097,350,128,1230,step1,1
0,42,partial_iv_anp,CALCE_CX2_38,0.0,350,350,350,ok,,0.10272986720214576,0.009888955092514529,-1.0071990932508486,0.9983726606997559,0.4565965680995594,351,128,1229,step10,10
0,42,partial_iv_anp,CALCE_CX2_38,0.0,350,350,350,ok,,0.10272986720214576,0.009888955092514529,-1.0071990932508486,0.9983726606997559,0.4565965680995594,351,128,1229,step1,1
0,42,partial_iv_anp,CALCE_CX2_38,0.25,350,350,350,ok,,0.07665693923063359,0.009886225183173725,-1.9598036806357786,0.8600488201790073,0.12355157911632425,351,128,1229,step10,10
0,42,partial_iv_anp,CALCE_CX2_38,0.25,350,350,350,ok,,0.07665693923063359,0.009886225183173725,-1.9598036806357786,0.8600488201790073,0.12355157911632425,351,128,1229,step1,1
0,42,partial_iv_anp,CALCE_CX2_38,0.5,350,350,350,ok,,0.07649354068811293,0.010550942930546703,-1.9461163146850586,0.855166802278275,0.1258754317101968,351,128,1229,step10,10
0,42,partial_iv_anp,CALCE_CX2_38,0.5,350,350,350,ok,,0.07649354068811293,0.010550942930546703,-1.9461163146850586,0.855166802278275,0.1258754317101968,351,128,1229,step1,1
0,42,partial_iv_anp,CALCE_CX2_38,0.75,350,350,350,ok,,0.0763369741160169,0.011089522766335902,-1.9355095129777629,0.855166802278275,0.1284355034782592,351,128,1229,step10,10
0,42,partial_iv_anp,CALCE_CX2_38,0.75,350,350,350,ok,,0.0763369741160169,0.011089522766335902,-1.9355095129777629,0.855166802278275,0.1284355034782592,351,128,1229,step1,1
0,42,partial_iv_anp,CALCE_CX2_38,1.0,350,350,350,ok,,0.07623428677131808,0.01165153794810414,-1.926747604470147,0.8600488201790073,0.13194602236297084,351,128,1229,step10,10
0,42,partial_iv_anp,CALCE_CX2_38,1.0,350,350,350,ok,,0.07623428677131808,0.01165153794810414,-1.926747604470147,0.8600488201790073,0.13194602236297084,351,128,1229,step1,1
0,42,partial_iv_anp,CALCE_CX2_38,0.0,351,351,351,ok,,0.10263392537437269,0.011390689351730043,-1.0064901456691657,0.997557003257329,0.4564561762787551,352,128,1228,step1,1
0,42,partial_iv_anp,CALCE_CX2_38,0.25,351,351,351,ok,,0.0768889675111228,0.010767641196852251,-1.968002778386065,0.8566775244299675,0.12089355096530478,352,128,1228,step1,1
0,42,partial_iv_anp,CALCE_CX2_38,0.5,351,351,351,ok,,0.07670167953674162,0.011489381991331649,-1.9538556108822671,0.8550488599348535,0.12327927258952909,352,128,1228,step1,1
0,42,partial_iv_anp,CALCE_CX2_38,0.75,351,351,351,ok,,0.07653457602628658,0.012072737647819798,-1.9430566086234482,0.8542345276872965,0.1259061374979934,352,128,1228,step1,1
0,42,partial_iv_anp,CALCE_CX2_38,1.0,351,351,351,ok,,0.07642604853398736,0.012667246543378696,-1.9342734417645122,0.8542345276872965,0.1293819780602437,352,128,1228,step1,1
0,42,partial_iv_anp,CALCE_CX2_38,0.0,352,352,352,ok,,0.10222038600414188,0.012888585592579327,-1.0085551516049107,0.9975550122249389,0.45608947720113097,353,128,1227,step1,1
0,42,partial_iv_anp,CALCE_CX2_38,0.25,352,352,352,ok,,0.07706050853585791,0.012028268039253498,-1.9742040122851598,0.8541157294213529,0.12001926862953241,353,128,1227,step1,1
0,42,partial_iv_anp,CALCE_CX2_38,0.5,352,352,352,ok,,0.076886944668505,0.012697811277259774,-1.9613159153215574,0.8557457212713936,0.12207488652643007,353,128,1227,step1,1
0,42,partial_iv_anp,CALCE_CX2_38,0.75,352,352,352,ok,,0.0767410307450984,0.013213758728571112,-1.9520573538174464,0.8533007334963325,0.12426885795433718,353,128,1227,step1,1
0,42,partial_iv_anp,CALCE_CX2_38,1.0,352,352,352,ok,,0.07664884821754457,0.013758360553720927,-1.9444721508211498,0.8524857375713122,0.12731198043589642,353,128,1227,step1,1
0,42,partial_iv_anp,CALCE_CX2_38,0.0,353,353,353,ok,,0.10194957114160119,0.014567389991613444,-1.0093692128629859,0.9975530179445351,0.4556737146282486,354,128,1226,step1,1
0,42,partial_iv_anp,CALCE_CX2_38,0.25,353,353,353,ok,,0.07737797900515893,0.012902486288572601,-1.986266514983956,0.8531810766721044,0.11656638911170826,354,128,1226,step1,1
0,42,partial_iv_anp,CALCE_CX2_38,0.5,353,353,353,ok,,0.0771628325291533,0.013670777282693725,-1.9731440619256952,0.8539967373572593,0.11883855851093757,354,128,1226,step1,1
0,42,partial_iv_anp,CALCE_CX2_38,0.75,353,353,353,ok,,0.07700149557777015,0.014242035086510452,-1.963998572121375,0.8531810766721044,0.12113290621123428,354,128,1226,step1,1
0,42,partial_iv_anp,CALCE_CX2_38,1.0,353,353,353,ok,,0.07690206222156766,0.01482615385375008,-1.956636544960698,0.8531810766721044,0.1241763155018225,354,128,1226,step1,1
0,42,partial_iv_anp,CALCE_CX2_38,0.0,354,354,354,ok,,0.10192570338219249,0.015121619719798085,-1.0081189068730252,0.9975510204081632,0.45553907997258436,355,128,1225,step1,1
0,42,partial_iv_anp,CALCE_CX2_38,0.25,354,354,354,ok,,0.07744491240471049,0.013172935470625369,-1.986991350631094,0.8546938775510204,0.11536187895540802,355,128,1225,step1,1
0,42,partial_iv_anp,CALCE_CX2_38,0.5,354,354,354,ok,,0.07722284947686402,0.01395402139485924,-1.9741110008672216,0.8522448979591837,0.11760727033514494,355,128,1225,step1,1
0,42,partial_iv_anp,CALCE_CX2_38,0.75,354,354,354,ok,,0.07705858274842056,0.01453674174700148,-1.9651978134705907,0.8514285714285714,0.11989283121248781,355,128,1225,step1,1
0,42,partial_iv_anp,CALCE_CX2_38,1.0,354,354,354,ok,,0.0769587757551498,0.015133257203142292,-1.958141264864963,0.8530612244897959,0.12292810150880877,355,128,1225,step1,1
0,42,partial_iv_anp,CALCE_CX2_38,0.0,355,355,355,ok,,0.10142954387577052,0.008210780094212056,-1.0111147598743597,0.9983660130718954,0.455184970442613,356,128,1224,step1,1
0,42,partial_iv_anp,CALCE_CX2_38,0.25,355,355,355,ok,,0.07699210874531508,0.007945642242570106,-1.9659311335910987,0.8545751633986928,0.12302175347959139,356,128,1224,step1,1
0,42,partial_iv_anp,CALCE_CX2_38,0.5,355,355,355,ok,,0.0768292702412781,0.008626935682071624,-1.9527643669476586,0.8562091503267973,0.12540796518997877,356,128,1224,step1,1
0,42,partial_iv_anp,CALCE_CX2_38,0.75,355,355,355,ok,,0.0766745100834544,0.009174649149446656,-1.9425415189374318,0.8602941176470589,0.1279831104833427,356,128,1224,step1,1
0,42,partial_iv_anp,CALCE_CX2_38,1.0,355,355,355,ok,,0.0765795770254294,0.009767551234462157,-1.9337780664532225,0.8602941176470589,0.1316890666282368,356,128,1224,step1,1
0,42,partial_iv_anp,CALCE_CX2_38,0.0,356,356,356,ok,,0.101285988969287,0.007026735656244454,-1.010890435458796,0.9983646770237122,0.4551071711050507,357,128,1223,step1,1
0,42,partial_iv_anp,CALCE_CX2_38,0.25,356,356,356,ok,,0.07696257398417948,0.006918610726336816,-1.9609119171787357,0.8520032706459526,0.12397043323491268,357,128,1223,step1,1
0,42,partial_iv_anp,CALCE_CX2_38,0.5,356,356,356,ok,,0.0768181552329318,0.007555057519089248,-1.9484248052182904,0.8560915780866721,0.12619252792719757,357,128,1223,step1,1
0,42,partial_iv_anp,CALCE_CX2_38,0.75,356,356,356,ok,,0.07667284952876266,0.008078278308735753,-1.9385803718658743,0.8552739165985282,0.12867887503649442,357,128,1223,step1,1
0,42,partial_iv_anp,CALCE_CX2_38,1.0,356,356,356,ok,,0.076584917036978,0.008654653161551784,-1.9301128431742154,0.8577269010629599,0.13234499070399663,357,128,1223,step1,1
0,42,partial_iv_anp,CALCE_CX2_38,0.0,357,357,357,ok,,0.10130276262201292,0.008413765182097244,-1.0091247056378496,0.997545008183306,0.45484324019357064,358,128,1222,step1,1
0,42,partial_iv_anp,CALCE_CX2_38,0.25,357,357,357,ok,,0.07722929960993058,0.007442909997923852,-1.9717152007067371,0.851063829787234,0.11985962028322422,358,128,1222,step1,1
0,42,partial_iv_anp,CALCE_CX2_38,0.5,357,357,357,ok,,0.07702719292345322,0.008237533549499299,-1.9575324000837597,0.8518821603927987,0.12256480058638439,358,128,1222,step1,1
0,42,partial_iv_anp,CALCE_CX2_38,0.75,357,357,357,ok,,0.07685251969062651,0.00885672754243183,-1.946827214377966,0.853518821603928,0.12534335070739733,358,128,1222,step1,1
0,42,partial_iv_anp,CALCE_CX2_38,1.0,357,357,357,ok,,0.07674563061383859,0.009510061377920764,-1.9378922498622797,0.853518821603928,0.12920226104484342,358,128,1222,step1,1
0,42,partial_iv_anp,CALCE_CX2_38,0.0,358,358,358,ok,,0.101054168115032,0.007929871739999927,-1.0098405575160754,0.9967239967239967,0.4547990126714778,359,128,1221,step1,1
0,42,partial_iv_anp,CALCE_CX2_38,0.25,358,358,358,ok,,0.07737433620122117,0.006748733835121978,-1.9736186560087667,0.8501228501228502,0.11937739291306214,359,128,1221,step1,1
0,42,partial_iv_anp,CALCE_CX2_38,0.5,358,358,358,ok,,0.07716817988109533,0.007551624597352813,-1.9595964554252243,0.8468468468468469,0.12205740331472546,359,128,1221,step1,1
0,42,partial_iv_anp,CALCE_CX2_38,0.75,358,358,358,ok,,0.0769916360299809,0.008184114450508373,-1.9489165470692058,0.846027846027846,0.12484862589775791,359,128,1221,step1,1
0,42,partial_iv_anp,CALCE_CX2_38,1.0,358,358,358,ok,,0.07688368682522428,0.008865388896557524,-1.9397976290280967,0.8509418509418509,0.12881348363050707,359,128,1221,step1,1
0,42,partial_iv_anp,CALCE_CX2_38,0.0,359,359,359,ok,,0.10064668975504217,0.009249287445192822,-1.0119971757347697,0.9959016393442623,0.45465648213010396,360,128,1220,step1,1
0,42,partial_iv_anp,CALCE_CX2_38,0.25,359,359,359,ok,,0.07745432140553789,0.008161009148777598,-1.9733098500182067,0.8524590163934426,0.1203095150509752,360,128,1220,step1,1
0,42,partial_iv_anp,CALCE_CX2_38,0.5,359,359,359,ok,,0.07730219901700698,0.008793618554176152,-1.9617621822533533,0.8491803278688524,0.12219896289920801,360,128,1220,step1,1
0,42,partial_iv_anp,CALCE_CX2_38,0.75,359,359,359,ok,,0.07717304631197197,0.009270981162619707,-1.9536358406202916,0.85,0.12417764943967295,360,128,1220,step1,1
0,42,partial_iv_anp,CALCE_CX2_38,1.0,359,359,359,ok,,0.07709501299844065,0.009855538199328273,-1.9462653352913823,0.85,0.12748006937706238,360,128,1220,step1,1
0,42,partial_iv_anp,CALCE_CX2_38,0.0,360,360,360,ok,,0.10059642499539058,0.01205353022072897,-1.0108736581489772,0.9958982772764561,0.4538974131791853,361,128,1219,step10,10
0,42,partial_iv_anp,CALCE_CX2_38,0.0,360,360,360,ok,,0.10059642499539058,0.01205353022072897,-1.0108736581489772,0.9958982772764561,0.4538974131791853,361,128,1219,step1,1
0,42,partial_iv_anp,CALCE_CX2_38,0.25,360,360,360,ok,,0.07790944588794417,0.009402144160181702,-1.9898444100125408,0.85233798195242,0.11321671260978745,361,128,1219,step10,10
0,42,partial_iv_anp,CALCE_CX2_38,0.25,360,360,360,ok,,0.07790944588794417,0.009402144160181702,-1.9898444100125408,0.85233798195242,0.11321671260978745,361,128,1219,step1,1
0,42,partial_iv_anp,CALCE_CX2_38,0.5,360,360,360,ok,,0.0776643808639644,0.010268460449202266,-1.9779020471713529,0.8531583264971287,0.11568964654515869,361,128,1219,step10,10
0,42,partial_iv_anp,CALCE_CX2_38,0.5,360,360,360,ok,,0.0776643808639644,0.010268460449202266,-1.9779020471713529,0.8531583264971287,0.11568964654515869,361,128,1219,step1,1
0,42,partial_iv_anp,CALCE_CX2_38,0.75,360,360,360,ok,,0.07748624355462234,0.010930202437411052,-1.9693327283815976,0.85233798195242,0.11823576360435131,361,128,1219,step10,10
0,42,partial_iv_anp,CALCE_CX2_38,0.75,360,360,360,ok,,0.07748624355462234,0.010930202437411052,-1.9693327283815976,0.85233798195242,0.11823576360435131,361,128,1219,step1,1
0,42,partial_iv_anp,CALCE_CX2_38,1.0,360,360,360,ok,,0.07737417622141775,0.011657263351068425,-1.9618976788003102,0.85233798195242,0.12188423072326059,361,128,1219,step10,10
0,42,partial_iv_anp,CALCE_CX2_38,1.0,360,360,360,ok,,0.07737417622141775,0.011657263351068425,-1.9618976788003102,0.85233798195242,0.12188423072326059,361,128,1219,step1,1
0,42,partial_iv_anp,CALCE_CX2_38,0.0,361,361,361,ok,,0.10032943059655192,0.012239183926120556,-1.011805359328482,0.9950738916256158,0.45386814633925837,362,128,1218,step1,1
0,42,partial_iv_anp,CALCE_CX2_38,0.25,361,361,361,ok,,0.07809064265513979,0.009237009219319914,-1.992165294887802,0.8497536945812808,0.11226840825301836,362,128,1218,step1,1
0,42,partial_iv_anp,CALCE_CX2_38,0.5,361,361,361,ok,,0.07783074420292992,0.010148472056372482,-1.9807250730008217,0.8481116584564861,0.11484193115489538,362,128,1218,step1,1
0,42,partial_iv_anp,CALCE_CX2_38,0.75,361,361,361,ok,,0.07763997606434778,0.010864464313948385,-1.9721670521871382,0.8481116584564861,0.11756991322142989,362,128,1218,step1,1
0,42,partial_iv_anp,CALCE_CX2_38,1.0,361,361,361,ok,,0.07752653194334548,0.011620114100662104,-1.964847089541002,0.8530377668308703,0.12129029853181404,362,128,1218,step1,1
0,42,partial_iv_anp,CALCE_CX2_38,0.0,362,362,362,ok,,0.10020562590946266,0.0036721189989499248,-1.0115119468462415,0.9958915365653246,0.4542635896491266,363,128,1217,step1,1
0,42,partial_iv_anp,CALCE_CX2_38,0.25,362,362,362,ok,,0.07746894503466842,0.0027562660118355398,-1.9656731505044551,0.8537387017255547,0.12155864510852751,363,128,1217,step1,1
0,42,partial_iv_anp,CALCE_CX2_38,0.5,362,362,362,ok,,0.07727098844414343,0.003585997006968933,-1.9512064511535587,0.8520953163516845,0.12454614162655539,363,128,1217,step1,1
0,42,partial_iv_anp,CALCE_CX2_38,0.75,362,362,362,ok,,0.07708603835403421,0.004270373065990873,-1.9394500613994607,0.8537387017255547,0.12776657332509128,363,128,1217,step1,1
0,42,partial_iv_anp,CALCE_CX2_38,1.0,362,362,362,ok,,0.07698620585830544,0.005012067458171288,-1.9293197490661331,0.8553820870994249,0.13245170375602067,363,128,1217,step1,1
0,42,partial_iv_anp,CALCE_CX2_38,0.0,363,363,363,ok,,0.10048083043287528,0.004101875354666884,-1.0075276719749293,0.9967105263157895,0.45415602575180963,364,128,1216,step1,1
0,42,partial_iv_anp,CALCE_CX2_38,0.25,363,363,363,ok,,0.07739266537689551,0.0030784069769361766,-1.9598059949245024,0.850328947368421,0.1207007121537058,364,128,1216,step1,1
0,42,partial_iv_anp,CALCE_CX2_38,0.5,363,363,363,ok,,0.07718449737254776,0.003930479330710335,-1.9449551603403061,0.8495065789473685,0.12375721035083456,364,128,1216,step1,1
0,42,partial_iv_anp,CALCE_CX2_38,0.75,363,363,363,ok,,0.07699875845258441,0.004614905358486632,-1.9333489930762708,0.8478618421052632,0.12694505690930483,364,128,1216,step1,1
0,42,partial_iv_anp,CALCE_CX2_38,1.0,363,363,363,ok,,0.07689399774534084,0.00535459993542331,-1.9236934840401627,0.8519736842105263,0.13155982387676468,364,128,1216,step1,1
0,42,partial_iv_anp,CALCE_CX2_38,0.0,364,364,364,ok,,0.10018661496430871,0.0031723946083537236,-1.0086397686591948,0.9975308641975309,0.4541008668275179,365,128,1215,step1,1
0,42,partial_iv_anp,CALCE_CX2_38,0.25,364,364,364,ok,,0.07748985349815563,0.002154312205602582,-1.9585497912386205,0.8469135802469135,0.12132858142371272,365,128,1215,step1,1
0,42,partial_iv_anp,CALCE_CX2_38,0.5,364,364,364,ok,,0.07727642641952777,0.003046421158764967,-1.9431062844367153,0.8469135802469135,0.12461088219173364,365,128,1215,step1,1
0,42,partial_iv_anp,CALCE_CX2_38,0.75,364,364,364,ok,,0.07708880775600517,0.003745688971755756,-1.9311011000054867,0.8493827160493828,0.12790657745641706,365,128,1215,step1,1
0,42,partial_iv_anp,CALCE_CX2_38,1.0,364,364,364,ok,,0.07699174998594499,0.0044845670965173445,-1.921280853863393,0.8526748971193415,0.13258172564873613,365,128,1215,step1,1
0,42,partial_iv_anp,CALCE_CX2_38,0.0,365,365,365,ok,,0.09996161490804364,0.004222673200664495,-1.0091207969578613,0.9983525535420099,0.4532990739615718,366,128,1214,step1,1
0,42,partial_iv_anp,CALCE_CX2_38,0.25,365,365,365,ok,,0.07755108305915012,0.003076191245462323,-1.9608668064391293,0.8533772652388797,0.12029052030922269,366,128,1214,step1,1
0,42,partial_iv_anp,CALCE_CX2_38,0.5,365,365,365,ok,,0.07734844498604446,0.003919919971001384,-1.9464874369742908,0.8509060955518946,0.12327986126677747,366,128,1214,step1,1
0,42,partial_iv_anp,CALCE_CX2_38,0.75,365,365,365,ok,,0.07717250817438637,0.004573814290834366,-1.9355964877037695,0.8509060955518946,0.12626855793874844,366,128,1214,step1,1
0,42,partial_iv_anp,CALCE_CX2_38,1.0,365,365,365,ok,,0.07707957052144528,0.005286356307962814,-1.926573742621185,0.8550247116968699,0.13064804429944868,366,128,1214,step1,1
0,42,partial_iv_anp,CALCE_CX2_38,0.0,366,366,366,ok,,0.10043427231621191,0.0034504379710441624,-1.0033401942634856,0.9942291838417148,0.4541522386850993,367,128,1213,step1,1
0,42,partial_iv_anp,CALCE_CX2_38,0.25,366,366,366,ok,,0.07721437983674259,0.0029178081447562842,-1.938297054809472,0.8549051937345424,0.12343097400321507,367,128,1213,step1,1
0,42,partial_iv_anp,CALCE_CX2_38,0.5,366,366,366,ok,,0.07704094575391154,0.0037059804017022246,-1.9238989383889353,0.8499587798845837,0.12641366084789657,367,128,1213,step1,1
0,42,partial_iv_anp,CALCE_CX2_38,0.75,366,366,366,ok,,0.07687661812448753,0.004317259982914434,-1.9129831859646782,0.8491343775762572,0.12937209759439097,367,128,1213,step1,1
0,42,partial_iv_anp,CALCE_CX2_38,1.0,366,366,366,ok,,0.07679954004147828,0.0049466542584005735,-1.905024928541386,0.8532563891178895,0.13349175883543496,367,128,1213,step1,1
0,42,partial_iv_anp,CALCE_CX2_38,0.0,367,367,367,ok,,0.09991075322993205,0.008335826004387759,-1.0065583987789557,0.9933993399339934,0.45384883466767756,368,128,1212,step1,1
0,42,partial_iv_anp,CALCE_CX2_38,0.25,367,367,367,ok,,0.07806337683906235,0.005641086058168487,-1.9704703297300694,0.849009900990099,0.11496170408963881,368,128,1212,step1,1
0,42,partial_iv_anp,CALCE_CX2_38,0.5,367,367,367,ok,,0.0778067451189291,0.006633446001547028,-1.9563220568541828,0.8481848184818482,0.11805933145960554,368,128,1212,step1,1
0,42,partial_iv_anp,CALCE_CX2_38,0.75,367,367,367,ok,,0.07762091176178526,0.007354975560437627,-1.946206208295918,0.8498349834983498,0.120951134462504,368,128,1212,step1,1
0,42,partial_iv_anp,CALCE_CX2_38,1.0,367,367,367,ok,,0.07752026234370625,0.00811899267282501,-1.93809593765555,0.8481848184818482,0.12496776910319701,368,128,1212,step1,1
0,42,partial_iv_anp,CALCE_CX2_38,0.0,368,368,368,ok,,0.09941442679896767,0.009178296397133412,-1.0096127818116705,0.9933938893476466,0.45311393231276115,369,128,1211,step1,1
0,42,partial_iv_anp,CALCE_CX2_38,0.25,368,368,368,ok,,0.07829530261094365,0.006097870531638017,-1.9772941941253193,0.847233691164327,0.1135269737700453,369,128,1211,step1,1
0,42,partial_iv_anp,CALCE_CX2_38,0.5,368,368,368,ok,,0.07802385681581164,0.007127854018447843,-1.9641213780807447,0.8480594549958712,0.11666438318886439,369,128,1211,step1,1
0,42,partial_iv_anp,CALCE_CX2_38,0.75,368,368,368,ok,,0.0778357905541893,0.007862872212224814,-1.9546842082102578,0.8497109826589595,0.11952960843892062,369,128,1211,step1,1
0,42,partial_iv_anp,CALCE_CX2_38,1.0,368,368,368,ok,,0.07773664556958967,0.008640170451595597,-1.946972370715588,0.8497109826589595,0.1234948078526783,369,128,1211,step1,1
0,42,partial_iv_anp,CALCE_CX2_38,0.0,369,369,369,ok,,0.09961278180350022,0.0030806758467453177,-1.006338457460288,0.9933884297520661,0.4526621848594489,370,128,1210,step1,1
0,42,partial_iv_anp,CALCE_CX2_38,0.25,369,369,369,ok,,0.07759973986289628,0.0018881763073501645,-1.9496756763593277,0.8495867768595041,0.12062993056970953,370,128,1210,step1,1
0,42,partial_iv_anp,CALCE_CX2_38,0.5,369,369,369,ok,,0.07740379759522786,0.0027321438711105372,-1.9353015643292997,0.8454545454545455,0.12364637439530397,370,128,1210,step1,1
0,42,partial_iv_anp,CALCE_CX2_38,0.75,369,369,369,ok,,0.07723307083072299,0.0033806814161785326,-1.924596339325735,0.8446280991735537,0.12661825395078438,370,128,1210,step1,1
0,42,partial_iv_anp,CALCE_CX2_38,1.0,369,369,369,ok,,0.0771490753846381,0.004113686481544643,-1.9159410921475886,0.8471074380165289,0.13120419538520003,370,128,1210,step1,1
0,42,partial_iv_anp,CALCE_CX2_38,0.0,370,370,370,ok,,0.09914505435600035,0.0029117659637807325,-1.0091056594263945,0.9958643507030603,0.45206322831776236,371,128,1209,step10,10
0,42,partial_iv_anp,CALCE_CX2_38,0.0,370,370,370,ok,,0.09914505435600035,0.0029117659637807325,-1.0091056594263945,0.9958643507030603,0.45206322831776236,371,128,1209,step1,1
0,42,partial_iv_anp,CALCE_CX2_38,0.25,370,370,370,ok,,0.0776608440020479,0.001923785786193788,-1.9491076395543814,0.8461538461538461,0.1217802841210337,371,128,1209,step10,10
0,42,partial_iv_anp,CALCE_CX2_38,0.25,370,370,370,ok,,0.0776608440020479,0.001923785786193788,-1.9491076395543814,0.8461538461538461,0.1217802841210337,371,128,1209,step1,1
0,42,partial_iv_anp,CALCE_CX2_38,0.5,370,370,370,ok,,0.07748855221844551,0.0027136792581677893,-1.9355532863194007,0.8428453267162944,0.12463709451467052,371,128,1209,step10,10
0,42,partial_iv_anp,CALCE_CX2_38,0.5,370,370,370,ok,,0.07748855221844551,0.0027136792581677893,-1.9355532863194007,0.8428453267162944,0.12463709451467052,371,128,1209,step1,1
0,42,partial_iv_anp,CALCE_CX2_38,0.75,370,370,370,ok,,0.07733601076481973,0.003309125045689809,-1.925605668826471,0.8436724565756824,0.12739122686080284,371,128,1209,step10,10
0,42,partial_iv_anp,CALCE_CX2_38,0.75,370,370,370,ok,,0.07733601076481973,0.003309125045689809,-1.925605668826471,0.8436724565756824,0.12739122686080284,371,128,1209,step1,1
0,42,partial_iv_anp,CALCE_CX2_38,1.0,370,370,370,ok,,0.07726438394284242,0.003997523722600649,-1.9172734008168397,0.8453267162944582,0.13175945016805907,371,128,1209,step10,10
0,42,partial_iv_anp,CALCE_CX2_38,1.0,370,370,370,ok,,0.07726438394284242,0.003997523722600649,-1.9172734008168397,0.8453267162944582,0.13175945016805907,371,128,1209,step1,1
0,42,partial_iv_anp,CALCE_CX2_38,0.0,371,371,371,ok,,0.0987235383013399,0.003251517210868027,-1.0115696196316475,0.9966887417218543,0.45169170292009186,372,128,1208,step1,1
0,42,partial_iv_anp,CALCE_CX2_38,0.25,371,371,371,ok,,0.07794047212577945,0.001775730422567734,-1.9575272160359825,0.8501655629139073,0.12007440702676847,372,128,1208,step1,1
0,42,partial_iv_anp,CALCE_CX2_38,0.5,371,371,371,ok,,0.0777451853255951,0.0026353821400179056,-1.9436154611463892,0.8518211920529801,0.1230969894409005,372,128,1208,step1,1
0,42,partial_iv_anp,CALCE_CX2_38,0.75,371,371,371,ok,,0.07757993895276827,0.0032867403014728014,-1.9332594787717357,0.8485099337748344,0.1260197122549047,372,128,1208,step1,1
0,42,partial_iv_anp,CALCE_CX2_38,1.0,371,371,371,ok,,0.07750497733522423,0.004020834472681867,-1.9245191715393724,0.8518211920529801,0.13049780289399662,372,128,1208,step1,1
0,42,partial_iv_anp,CALCE_CX2_38,0.0,372,372,372,ok,,0.09893161003257703,0.00466180193960275,-1.0081550158928672,0.9942004971002486,0.45150304112763784,373,128,1207,step1,1
0,42,partial_iv_anp,CALCE_CX2_38,0.25,372,372,372,ok,,0.07790531670039674,0.0029785773657042824,-1.9536225530500684,0.8508699254349628,0.11883609238054668,373,128,1207,step1,1
0,42,partial_iv_anp,CALCE_CX2_38,0.5,372,372,372,ok,,0.07771267957704286,0.003805637384451721,-1.940203875748238,0.851698425849213,0.12161229356329077,373,128,1207,step1,1
0,42,partial_iv_anp,CALCE_CX2_38,0.75,372,372,372,ok,,0.07755908187269747,0.004410342479858831,-1.9308127430992252,0.8500414250207126,0.12421462523684153,373,128,1207,step1,1
0,42,partial_iv_anp,CALCE_CX2_38,1.0,372,372,372,ok,,0.07748618448656673,0.00511751440905428,-1.9231275668963925,0.8492129246064622,0.12837269776679203,373,128,1207,step1,1
0,42,partial_iv_anp,CALCE_CX2_38,0.0,373,373,373,ok,,0.09902934007882579,0.0033488408149165982,-1.0057185016454573,0.9933665008291874,0.4520037059522784,374,128,1206,step1,1
0,42,partial_iv_anp,CALCE_CX2_38,0.25,373,373,373,ok,,0.07783747186919737,0.0018348500290900072,-1.9442581995843742,0.8432835820895522,0.12012093433533344,374,128,1206,step1,1
0,42,partial_iv_anp,CALCE_CX2_38,0.5,373,373,373,ok,,0.07764878361661591,0.002677788840033335,-1.9302191437443137,0.845771144278607,0.12305682544076148,374,128,1206,step1,1
0,42,partial_iv_anp,CALCE_CX2_38,0.75,373,373,373,ok,,0.07748877060815644,0.00331137978088214,-1.9200539229430427,0.845771144278607,0.1258739877538509,374,128,1206,step1,1
0,42,partial_iv_anp,CALCE_CX2_38,1.0,373,373,373,ok,,0.07741859712908641,0.004038531845358961,-1.9120444212152963,0.8499170812603648,0.13030376722157538,374,128,1206,step1,1
0,42,partial_iv_anp,CALCE_CX2_38,0.0,374,374,374,ok,,0.09868586918357401,0.008384874717556001,-1.007426103465767,0.9933609958506224,0.4513049216410879,375,128,1205,step1,1
0,42,partial_iv_anp,CALCE_CX2_38,0.25,374,374,374,ok,,0.07838672941341922,0.005320477994293249,-1.9634098209411517,0.845643153526971,0.11378922356023315,375,128,1205,step1,1
0,42,partial_iv_anp,CALCE_CX2_38,0.5,374,374,374,ok,,0.0781430023674927,0.006286405353952973,-1.9504308257731826,0.84149377593361,0.11671677017611759,375,128,1205,step1,1
0,42,partial_iv_anp,CALCE_CX2_38,0.75,374,374,374,ok,,0.07797266431851572,0.006970584378097944,-1.941552793057617,0.8439834024896266,0.11936992451756026,375,128,1205,step1,1
0,42,partial_iv_anp,CALCE_CX2_38,1.0,374,374,374,ok,,0.07788847081256078,0.007736608494838815,-1.9345308880684227,0.8439834024896266,0.12332840748226359,375,128,1205,step1,1
0,42,partial_iv_anp,CALCE_CX2_38,0.0,375,375,375,ok,,0.09834581646016739,0.009427428136960958,-1.0091961710047541,0.9941860465116279,0.45103154195100736,376,128,1204,step1,1
0,42,partial_iv_anp,CALCE_CX2_38,0.25,375,375,375,ok,,0.07859548175449468,0.005920143873364037,-1.9676305609818172,0.8413621262458472,0.11241373931136156,376,128,1204,step1,1
0,42,partial_iv_anp,CALCE_CX2_38,0.5,375,375,375,ok,,0.07833769091276316,0.006927985965305972,-1.9554667562646277,0.8421926910299004,0.11538619465387089,376,128,1204,step1,1
0,42,partial_iv_anp,CALCE_CX2_38,0.75,375,375,375,ok,,0.07816528635605756,0.007634273278908643,-1.947124987037926,0.8438538205980066,0.11804833599641622,376,128,1204,step1,1
0,42,partial_iv_anp,CALCE_CX2_38,1.0,375,375,375,ok,,0.07807993403299086,0.008418683234764579,-1.9404603493166765,0.8463455149501661,0.12196530343146697,376,128,1204,step1,1
0,42,partial_iv_anp,CALCE_CX2_38,0.0,376,376,376,ok,,0.09831013080058648,0.010065184654742931,-1.0081162756880566,0.9958437240232751,0.45088193015241584,377,128,1203,step1,1
0,42,partial_iv_anp,CALCE_CX2_38,0.25,376,376,376,ok,,0.07864791543219198,0.006314145261341331,-1.965931696841396,0.8387364921030757,0.11153856169031112,377,128,1203,step1,1
0,42,partial_iv_anp,CALCE_CX2_38,0.5,376,376,376,ok,,0.07838477586842783,0.007337705322417953,-1.9541078969635117,0.8420615128844555,0.11450215530092885,377,128,1203,step1,1
0,42,partial_iv_anp,CALCE_CX2_38,0.75,376,376,376,ok,,0.07821036737895277,0.00805489301366713,-1.946022822069952,0.8412302576891105,0.11715961379320164,377,128,1203,step1,1
0,42,partial_iv_anp,CALCE_CX2_38,1.0,376,376,376,ok,,0.07812415369995382,0.008851917195577541,-1.939705780262779,0.8420615128844555,0.1210681991977924,377,128,1203,step1,1
0,42,partial_iv_anp,CALCE_CX2_38,0.0,377,377,377,ok,,0.09788118133234436,0.010423073838256802,-1.0107344330405974,0.9958402662229617,0.450544469623052,378,128,1202,step1,1
0,42,partial_iv_anp,CALCE_CX2_38,0.25,377,377,377,ok,,0.07885193247291279,0.006392834515833501,-1.9691033480030917,0.8444259567387687,0.111031471721159,378,128,1202,step1,1
0,42,partial_iv_anp,CALCE_CX2_38,0.5,377,377,377,ok,,0.07858016153367221,0.007447557861511522,-1.9580080267592381,0.846089850249584,0.11405224206954978,378,128,1202,step1,1
0,42,partial_iv_anp,CALCE_CX2_38,0.75,377,377,377,ok,,0.0784071685177599,0.008178276434764098,-1.9503386775319176,0.8452579034941764,0.11671979646910371,378,128,1202,step1,1
0,42,partial_iv_anp,CALCE_CX2_38,1.0,377,377,377,ok,,0.0783221329629185,0.008992238693218746,-1.944130583013661,0.846089850249584,0.12063971253039596,378,128,1202,step1,1
0,42,partial_iv_anp,CALCE_CX2_38,0.0,378,378,378,ok,,0.09798726919448819,0.011192859476431782,-1.0083397153749456,0.9958368026644463,0.45015871708081795,379,128,1201,step1,1
0,42,partial_iv_anp,CALCE_CX2_38,0.25,378,378,378,ok,,0.07882862277231943,0.006994236189785119,-1.9652838935644747,0.8459616985845129,0.1099685105223485,379,128,1201,step1,1
0,42,partial_iv_anp,CALCE_CX2_38,0.5,378,378,378,ok,,0.07855091915640669,0.008055262343899638,-1.9544559913933848,0.8451290591174022,0.11296320068822104,379,128,1201,step1,1
0,42,partial_iv_anp,CALCE_CX2_38,0.75,378,378,378,ok,,0.07837569492414537,0.00878628348106869,-1.9471008612741862,0.8451290591174022,0.11559438797698471,379,128,1201,step1,1
0,42,partial_iv_anp,CALCE_CX2_38,1.0,378,378,378,ok,,0.07828827876226661,0.009600762290415954,-1.9414323965957707,0.8517901748542881,0.11946418905155998,379,128,1201,step1,1
0,42,partial_iv_anp,CALCE_CX2_38,0.0,379,379,379,ok,,0.09769720534621958,0.012727552096457373,-1.009760992451867,0.9958333333333333,0.44966551311123265,380,128,1200,step1,1
0,42,partial_iv_anp,CALCE_CX2_38,0.25,379,379,379,ok,,0.0790229071723866,0.00803476888937904,-1.9670316701403263,0.8441666666666666,0.10825471865660138,380,128,1200,step1,1
0,42,partial_iv_anp,CALCE_CX2_38,0.5,379,379,379,ok,,0.07873985878513613,0.009112216036618492,-1.957954455146374,0.8441666666666666,0.11117063804617494,380,128,1200,step1,1
0,42,partial_iv_anp,CALCE_CX2_38,0.75,379,379,379,ok,,0.07856162763640098,0.009856155028812541,-1.9516556913127867,0.8458333333333333,0.11375326475126558,380,128,1200,step1,1
0,42,partial_iv_anp,CALCE_CX2_38,1.0,379,379,379,ok,,0.0784749681255013,0.01067764384204517,-1.9469442619530066,0.8491666666666666,0.11750329136711846,380,128,1200,step1,1
0,42,partial_iv_anp,CALCE_CX2_38,0.0,380,380,380,ok,,0.09741825357001076,0.013292779913761987,-1.011036235400287,0.9966638865721434,0.44963010265920106,381,128,1199,step10,10
0,42,partial_iv_anp,CALCE_CX2_38,0.0,380,380,380,ok,,0.09741825357001076,0.013292779913761987,-1.011036235400287,0.9966638865721434,0.44963010265920106,381,128,1199,step1,1
0,42,partial_iv_anp,CALCE_CX2_38,0.25,380,380,380,ok,,0.07920485675428039,0.008235412512660245,-1.9675064263656425,0.8448707256046706,0.10759776978931707,381,128,1199,step10,10
0,42,partial_iv_anp,CALCE_CX2_38,0.25,380,380,380,ok,,0.07920485675428039,0.008235412512660245,-1.9675064263656425,0.8448707256046706,0.10759776978931707,381,128,1199,step1,1
0,42,partial_iv_anp,CALCE_CX2_38,0.5,380,380,380,ok,,0.07891009424007582,0.009353036402562687,-1.9594308914169054,0.8448707256046706,0.11057695788321342,381,128,1199,step10,10
0,42,partial_iv_anp,CALCE_CX2_38,0.5,380,380,380,ok,,0.07891009424007582,0.009353036402562687,-1.9594308914169054,0.8448707256046706,0.11057695788321342,381,128,1199,step1,1
0,42,partial_iv_anp,CALCE_CX2_38,0.75,380,380,380,ok,,0.07873073114730382,0.010118125047411608,-1.9536475554587267,0.8482068390325271,0.11318316794669372,381,128,1199,step10,10
0,42,partial_iv_anp,CALCE_CX2_38,0.75,380,380,380,ok,,0.07873073114730382,0.010118125047411608,-1.9536475554587267,0.8482068390325271,0.11318316794669372,381,128,1199,step1,1
0,42,partial_iv_anp,CALCE_CX2_38,1.0,380,380,380,ok,,0.07864378776749312,0.010961458105617106,-1.9492587486706592,0.8490408673894912,0.1169478343667388,381,128,1199,step10,10
0,42,partial_iv_anp,CALCE_CX2_38,1.0,380,380,380,ok,,0.07864378776749312,0.010961458105617106,-1.9492587486706592,0.8490408673894912,0.1169478343667388,381,128,1199,step1,1
0,42,partial_iv_anp,CALCE_CX2_38,0.0,381,381,381,ok,,0.09745608899754223,0.013771127440670439,-1.009326277849791,0.9958263772954925,0.44952963808324753,382,128,1198,step1,1
0,42,partial_iv_anp,CALCE_CX2_38,0.25,381,381,381,ok,,0.07921127102749873,0.008548825073231514,-1.963874072148356,0.8447412353923205,0.10707151121687934,382,128,1198,step1,1
0,42,partial_iv_anp,CALCE_CX2_38,0.5,381,381,381,ok,,0.07891296770411968,0.009678280019931651,-1.9559466637937706,0.8447412353923205,0.11005627835675688,382,128,1198,step1,1
0,42,partial_iv_anp,CALCE_CX2_38,0.75,381,381,381,ok,,0.07873027302261752,0.010454240463493747,-1.9502653739751146,0.843906510851419,0.11267779054050515,382,128,1198,step1,1
0,42,partial_iv_anp,CALCE_CX2_38,1.0,381,381,381,ok,,0.07864384972390084,0.011302275199877365,-1.9461814796602042,0.8430717863105175,0.11642800366398746,382,128,1198,step1,1
0,42,partial_iv_anp,CALCE_CX2_38,0.0,382,382,382,ok,,0.09687083164512518,0.01429243789938317,-1.013426466865265,0.9966583124477861,0.44827250526426327,383,128,1197,step1,1
0,42,partial_iv_anp,CALCE_CX2_38,0.25,382,382,382,ok,,0.0793694905944419,0.008823613659702745,-1.9651580396273463,0.8429406850459482,0.10604381038623946,383,128,1197,step1,1
0,42,partial_iv_anp,CALCE_CX2_38,0.5,382,382,382,ok,,0.07906629175211093,0.00997435698226179,-1.9588543158426832,0.8404344193817878,0.10905709597284065,383,128,1197,step1,1
0,42,partial_iv_anp,CALCE_CX2_38,0.75,382,382,382,ok,,0.07888215993761856,0.010764275127972844,-1.954079488988675,0.8387635756056808,0.11169714692531002,383,128,1197,step1,1
0,42,partial_iv_anp,CALCE_CX2_38,1.0,382,382,382,ok,,0.07879638017503622,0.011625437889915768,-1.9506473464231893,0.8429406850459482,0.11545599886147503,383,128,1197,step1,1
0,42,partial_iv_anp,CALCE_CX2_38,0.0,383,383,383,ok,,0.09690790260121881,0.014586206483076736,-1.0120828975253466,0.9974916387959866,0.4485190065719819,384,128,1196,step1,1
0,42,partial_iv_anp,CALCE_CX2_38,0.25,383,383,383,ok,,0.0794180985347959,0.009024749757568618,-1.963983974762331,0.842809364548495,0.10591689825594448,384,128,1196,step1,1
0,42,partial_iv_anp,CALCE_CX2_38,0.5,383,383,383,ok,,0.07911033478089938,0.010183956526868876,-1.957960033512765,0.8419732441471572,0.10894081143661079,384,128,1196,step1,1
0,42,partial_iv_anp,CALCE_CX2_38,0.75,383,383,383,ok,,0.07892756478231838,0.010967947561725144,-1.953392160367077,0.8386287625418061,0.11154104687212152,384,128,1196,step1,1
0,42,partial_iv_anp,CALCE_CX2_38,1.0,383,383,383,ok,,0.07884172603440971,0.01182869300024969,-1.9501731217936837,0.8403010033444817,0.11527572110051446,384,128,1196,step1,1
0,42,partial_iv_anp,CALCE_CX2_38,0.0,384,384,384,ok,,0.09648684991108793,0.01443072004470669,-1.0148863900432465,0.9966527196652719,0.4481294716842444,385,128,1195,step1,1
0,42,partial_iv_anp,CALCE_CX2_38,0.25,384,384,384,ok,,0.07956907004215293,0.00877306902857966,-1.9654980137946132,0.8443514644351464,0.10604858909501241,385,128,1195,step1,1
0,42,partial_iv_anp,CALCE_CX2_38,0.5,384,384,384,ok,,0.07926153522106609,0.009937146109510797,-1.9601444768904144,0.8401673640167364,0.10908054012876427,385,128,1195,step1,1
0,42,partial_iv_anp,CALCE_CX2_38,0.75,384,384,384,ok,,0.07908019171112374,0.010729820347124885,-1.9558914557482376,0.8359832635983263,0.1117078971771253,385,128,1195,step1,1
0,42,partial_iv_anp,CALCE_CX2_38,1.0,384,384,384,ok,,0.07899843953731242,0.011597708832453812,-1.9527747541373786,0.8410041841004184,0.115466734971734,385,128,1195,step1,1
0,42,partial_iv_anp,CALCE_CX2_38,0.0,385,385,385,ok,,0.09642031193181928,0.014624996114558142,-1.014252612905539,0.9966499162479062,0.44796972285907954,386,128,1194,step1,1
0,42,partial_iv_anp,CALCE_CX2_38,0.25,385,385,385,ok,,0.07957726705417213,0.008901945317679405,-1.9633048212159232,0.8442211055276382,0.10590811990363379,386,128,1194,step1,1
0,42,partial_iv_anp,CALCE_CX2_38,0.5,385,385,385,ok,,0.07927129402605432,0.010068400307806535,-1.9579650373448272,0.8391959798994975,0.10893624830235266,386,128,1194,step1,1
0,42,partial_iv_anp,CALCE_CX2_38,0.75,385,385,385,ok,,0.07908984115953654,0.010862510769913403,-1.9537583765474258,0.838358458961474,0.11155969474305398,386,128,1194,step1,1
0,42,partial_iv_anp,CALCE_CX2_38,1.0,385,385,385,ok,,0.07900824634912448,0.011735773337125166,-1.9507667847166812,0.8400335008375209,0.11533381529504291,386,128,1194,step1,1
0,42,partial_iv_anp,CALCE_CX2_38,0.0,386,386,386,ok,,0.09620093444502507,0.014848402429022078,-1.015190836127769,0.9966471081307627,0.44746483597234465,387,128,1193,step1,1
0,42,partial_iv_anp,CALCE_CX2_38,0.25,386,386,386,ok,,0.07964961223992217,0.009022339579775607,-1.9624340604929364,0.8432523051131601,0.10556571798432056,387,128,1193,step1,1
0,42,partial_iv_anp,CALCE_CX2_38,0.5,386,386,386,ok,,0.07934131867602116,0.010200148926555297,-1.9576719004379004,0.8424140821458508,0.10861900079872473,387,128,1193,step1,1
0,42,partial_iv_anp,CALCE_CX2_38,0.75,386,386,386,ok,,0.07916017997257677,0.010994301014498054,-1.9537932224064067,0.8407376362112322,0.1112287990498498,387,128,1193,step1,1
0,42,partial_iv_anp,CALCE_CX2_38,1.0,386,386,386,ok,,0.07908099555311872,0.011866698403342535,-1.9511188692547536,0.8415758591785415,0.11498270847092973,387,128,1193,step1,1
0,42,partial_iv_anp,CALCE_CX2_38,0.0,387,387,387,ok,,0.09592446222829148,0.015409249361036492,-1.0166548125812476,0.9958053691275168,0.44702402964339233,388,128,1192,step1,1
0,42,partial_iv_anp,CALCE_CX2_38,0.25,387,387,387,ok,,0.07978846939250417,0.009341138218793454,-1.9615924217311693,0.8447986577181208,0.10485829319360371,388,128,1192,step1,1
0,42,partial_iv_anp,CALCE_CX2_38,0.5,387,387,387,ok,,0.07947508490748212,0.010533966238404191,-1.9581826747219009,0.8422818791946308,0.1079082651863504,388,128,1192,step1,1
0,42,partial_iv_anp,CALCE_CX2_38,0.75,387,387,387,ok,,0.07929098073456127,0.01134110256969978,-1.955055101007871,0.8422818791946308,0.11052916556531214,388,128,1192,step1,1
0,42,partial_iv_anp,CALCE_CX2_38,1.0,387,387,387,ok,,0.07921315690588268,0.012219664310040068,-1.9529980681420018,0.8422818791946308,0.11425765407558089,388,128,1192,step1,1
0,42,partial_iv_anp,CALCE_CX2_38,0.0,388,388,388,ok,,0.09604331624750423,0.015581313468731817,-1.0141267096583992,0.9958018471872376,0.4473907096720205,389,128,1191,step1,1
0,42,partial_iv_anp,CALCE_CX2_38,0.25,388,388,388,ok,,0.07974357374113901,0.009436769746452578,-1.9578073701591665,0.8438287153652393,0.10498340606217177,389,128,1191,step1,1
0,42,partial_iv_anp,CALCE_CX2_38,0.5,388,388,388,ok,,0.07942904161193927,0.010640165758298181,-1.9537881324673079,0.837951301427372,0.10806363180709197,389,128,1191,step1,1
0,42,partial_iv_anp,CALCE_CX2_38,0.75,388,388,388,ok,,0.07924787650610886,0.01144470149548582,-1.9503551324820214,0.8387909319899244,0.11066642295630497,389,128,1191,step1,1
0,42,partial_iv_anp,CALCE_CX2_38,1.0,388,388,388,ok,,0.07916891873509269,0.012330526012382492,-1.9481968343073748,0.8387909319899244,0.1144157232703953,389,128,1191,step1,1
0,42,partial_iv_anp,CALCE_CX2_38,0.0,389,389,389,ok,,0.09572706119478264,0.015729848382989187,-1.0161287695012038,0.9966386554621849,0.4467246051715994,390,128,1190,step1,1
0,42,partial_iv_anp,CALCE_CX2_38,0.25,389,389,389,ok,,0.07984899949953127,0.009476427093074946,-1.957779647727128,0.8394957983193277,0.1046569931466597,390,128,1190,step1,1
0,42,partial_iv_anp,CALCE_CX2_38,0.5,389,389,389,ok,,0.07953624458400434,0.01068239183618247,-1.954628827810808,0.8369747899159664,0.10772740659832084,390,128,1190,step1,1
0,42,partial_iv_anp,CALCE_CX2_38,0.75,389,389,389,ok,,0.07935407326073045,0.011494916627581508,-1.9516728170624478,0.8378151260504202,0.11034615674313214,390,128,1190,step1,1
0,42,partial_iv_anp,CALCE_CX2_38,1.0,389,389,389,ok,,0.07927819932657405,0.012386093215258298,-1.9498784417343393,0.8403361344537815,0.11410373094343601,390,128,1190,step1,1
0,42,partial_iv_anp,CALCE_CX2_38,0.0,390,390,390,ok,,0.09546213364445437,0.012937898009982574,-1.0175553521103338,0.9974768713204374,0.4463559277860014,391,128,1189,step10,10
0,42,partial_iv_anp,CALCE_CX2_38,0.0,390,390,390,ok,,0.09546213364445437,0.012937898009982574,-1.0175553521103338,0.9974768713204374,0.4463559277860014,391,128,1189,step1,1
0,42,partial_iv_anp,CALCE_CX2_38,0.25,390,390,390,ok,,0.07994558652025316,0.006592785652680178,-1.9575017561693469,0.8444070647603028,0.10458270459887362,391,128,1189,step10,10
0,42,partial_iv_anp,CALCE_CX2_38,0.25,390,390,390,ok,,0.07994558652025316,0.006592785652680178,-1.9575017561693469,0.8444070647603028,0.10458270459887362,391,128,1189,step1,1
0,42,partial_iv_anp,CALCE_CX2_38,0.5,390,390,390,ok,,0.07963232605285271,0.00781240162882324,-1.95489674252894,0.8427249789739276,0.10768970123446303,391,128,1189,step10,10
0,42,partial_iv_anp,CALCE_CX2_38,0.5,390,390,390,ok,,0.07963232605285271,0.00781240162882324,-1.95489674252894,0.8427249789739276,0.10768970123446303,391,128,1189,step1,1
0,42,partial_iv_anp,CALCE_CX2_38,0.75,390,390,390,ok,,0.07943618238854888,0.008710794485725426,-1.952083809621033,0.840201850294365,0.11064219497311616,391,128,1189,step10,10
0,42,partial_iv_anp,CALCE_CX2_38,0.75,390,390,390,ok,,0.07943618238854888,0.008710794485725426,-1.952083809621033,0.840201850294365,0.11064219497311616,391,128,1189,step1,1
0,42,partial_iv_anp,CALCE_CX2_38,1.0,390,390,390,ok,,0.07935512385023133,0.00977256928361725,-1.9499019621685876,0.8427249789739276,0.11524649378467745,391,128,1189,step10,10
0,42,partial_iv_anp,CALCE_CX2_38,1.0,390,390,390,ok,,0.07935512385023133,0.00977256928361725,-1.9499019621685876,0.8427249789739276,0.11524649378467745,391,128,1189,step1,1
