horizon,cell_id,true_lifetime_cycles,predicted_lifetime_mean_cycles,predicted_lifetime_std_cycles,lifetime_lower_cycles,lifetime_upper_cycles,true_rul_cycles,predicted_rul_mean_cycles,rul_lower_cycles,rul_upper_cycles,absolute_error_cycles,context_cell_ids,query_label_used_as_input,model_parameter_update,interval_level
60,MATR_b1c17,858.0,1520.0464036044623,266.751171674545,997.2237142884932,2042.8690929204313,798.0,1460.0464036044623,937.2237142884932,1982.8690929204313,662.0464036044623,"MATR_b2c35,MATR_b4c31,MATR_b4c19,MATR_b1c24,MATR_b4c8,MATR_b2c34,MATR_b1c39,MATR_b4c44",False,False,0.95
60,MATR_b1c25,852.0,1535.5941580396893,260.1089091952062,1025.790063959086,2045.3982521202927,792.0,1475.5941580396893,965.790063959086,1985.3982521202927,683.5941580396893,"MATR_b2c35,MATR_b4c31,MATR_b4c19,MATR_b1c24,MATR_b4c8,MATR_b2c34,MATR_b1c39,MATR_b4c44",False,False,0.95
60,MATR_b1c26,868.0,1414.0481477151243,244.9829310419351,933.8904260458719,1894.2058693843767,808.0,1354.0481477151243,873.8904260458719,1834.2058693843767,546.0481477151243,"MATR_b2c35,MATR_b4c31,MATR_b4c19,MATR_b1c24,MATR_b4c8,MATR_b2c34,MATR_b1c39,MATR_b4c44",False,False,0.95
60,MATR_b1c27,841.0,1488.0218180973197,254.6496099410041,988.9177539357789,1987.1258822588607,781.0,1428.0218180973197,928.9177539357789,1927.1258822588607,647.0218180973197,"MATR_b2c35,MATR_b4c31,MATR_b4c19,MATR_b1c24,MATR_b4c8,MATR_b2c34,MATR_b1c39,MATR_b4c44",False,False,0.95
60,MATR_b1c3,1431.0,1479.1616603303848,252.98480310637058,983.3205576059418,1975.002763054828,1371.0,1419.1616603303848,923.3205576059418,1915.002763054828,48.16166033038485,"MATR_b2c35,MATR_b4c31,MATR_b4c19,MATR_b1c24,MATR_b4c8,MATR_b2c34,MATR_b1c39,MATR_b4c44",False,False,0.95
60,MATR_b1c32,729.0,1527.5370414337717,263.2712005575604,1011.534970174332,2043.5391126932113,669.0,1467.5370414337717,951.534970174332,1983.5391126932113,798.5370414337717,"MATR_b2c35,MATR_b4c31,MATR_b4c19,MATR_b1c24,MATR_b4c8,MATR_b2c34,MATR_b1c39,MATR_b4c44",False,False,0.95
60,MATR_b1c33,754.0,1460.984106852362,252.5137398421818,966.0662711601688,1955.9019425445551,694.0,1400.984106852362,906.0662711601688,1895.9019425445551,706.984106852362,"MATR_b2c35,MATR_b4c31,MATR_b4c19,MATR_b1c24,MATR_b4c8,MATR_b2c34,MATR_b1c39,MATR_b4c44",False,False,0.95
60,MATR_b1c4,1705.0,1485.545289086763,254.81886136234047,986.1094982350706,1984.9810799384554,1645.0,1425.545289086763,926.1094982350706,1924.9810799384554,219.45471091323702,"MATR_b2c35,MATR_b4c31,MATR_b4c19,MATR_b1c24,MATR_b4c8,MATR_b2c34,MATR_b1c39,MATR_b4c44",False,False,0.95
60,MATR_b1c40,964.0,1393.6198094398724,242.994486893422,917.3593666869751,1869.8802521927696,904.0,1333.6198094398724,857.3593666869751,1809.8802521927696,429.61980943987237,"MATR_b2c35,MATR_b4c31,MATR_b4c19,MATR_b1c24,MATR_b4c8,MATR_b2c34,MATR_b1c39,MATR_b4c44",False,False,0.95
60,MATR_b1c43,649.0,1512.0772697465677,265.7118518224164,991.2916099091882,2032.8629295839473,589.0,1452.0772697465677,931.2916099091882,1972.8629295839473,863.0772697465677,"MATR_b2c35,MATR_b4c31,MATR_b4c19,MATR_b1c24,MATR_b4c8,MATR_b2c34,MATR_b1c39,MATR_b4c44",False,False,0.95
60,MATR_b1c44,614.0,1292.084238250337,231.77662978184364,837.8103914198498,1746.3580850808241,554.0,1232.084238250337,777.8103914198498,1686.3580850808241,678.084238250337,"MATR_b2c35,MATR_b4c31,MATR_b4c19,MATR_b1c24,MATR_b4c8,MATR_b2c34,MATR_b1c39,MATR_b4c44",False,False,0.95
60,MATR_b1c45,597.0,1186.6009424347665,215.01737257574342,765.1746361358792,1608.0272487336538,537.0,1126.6009424347665,705.1746361358792,1548.0272487336538,589.6009424347665,"MATR_b2c35,MATR_b4c31,MATR_b4c19,MATR_b1c24,MATR_b4c8,MATR_b2c34,MATR_b1c39,MATR_b4c44",False,False,0.95
60,MATR_b2c0,299.0,459.47378156500076,46.51844771118873,368.29929943436116,550.6482636956404,239.0,399.47378156500076,308.29929943436116,490.64826369564037,160.47378156500076,"MATR_b2c35,MATR_b4c31,MATR_b4c19,MATR_b1c24,MATR_b4c8,MATR_b2c34,MATR_b1c39,MATR_b4c44",False,False,0.95
60,MATR_b2c11,476.0,1469.272565886013,273.9370094249341,932.3658933805328,2006.179238391493,416.0,1409.272565886013,872.3658933805328,1946.179238391493,993.2725658860129,"MATR_b2c35,MATR_b4c31,MATR_b4c19,MATR_b1c24,MATR_b4c8,MATR_b2c34,MATR_b1c39,MATR_b4c44",False,False,0.95
60,MATR_b2c14,484.0,1423.4898389163254,256.32317344208957,921.1056505668163,1925.8740272658347,424.0,1363.4898389163254,861.1056505668163,1865.8740272658347,939.4898389163254,"MATR_b2c35,MATR_b4c31,MATR_b4c19,MATR_b1c24,MATR_b4c8,MATR_b2c34,MATR_b1c39,MATR_b4c44",False,False,0.95
60,MATR_b2c18,486.0,1282.237584323283,247.30072419605236,797.5370715483474,1766.9380970982188,426.0,1222.237584323283,737.5370715483474,1706.9380970982188,796.237584323283,"MATR_b2c35,MATR_b4c31,MATR_b4c19,MATR_b1c24,MATR_b4c8,MATR_b2c34,MATR_b1c39,MATR_b4c44",False,False,0.95
60,MATR_b2c26,470.0,1417.8433588243802,262.6623380022936,903.0346362447984,1932.6520814039618,410.0,1357.8433588243802,843.0346362447984,1872.6520814039618,947.8433588243802,"MATR_b2c35,MATR_b4c31,MATR_b4c19,MATR_b1c24,MATR_b4c8,MATR_b2c34,MATR_b1c39,MATR_b4c44",False,False,0.95
60,MATR_b2c28,508.0,1502.8264473959784,269.11817615934916,975.3645145385484,2030.2883802534084,448.0,1442.8264473959784,915.3645145385484,1970.2883802534084,994.8264473959784,"MATR_b2c35,MATR_b4c31,MATR_b4c19,MATR_b1c24,MATR_b4c8,MATR_b2c34,MATR_b1c39,MATR_b4c44",False,False,0.95
60,MATR_b2c31,491.0,1510.700260305886,266.28101622890847,988.7990587305,2032.6014618812724,431.0,1450.700260305886,928.7990587305,1972.6014618812724,1019.7002603058861,"MATR_b2c35,MATR_b4c31,MATR_b4c19,MATR_b1c24,MATR_b4c8,MATR_b2c34,MATR_b1c39,MATR_b4c44",False,False,0.95
60,MATR_b2c43,461.0,1411.6108062054068,272.26760675887977,877.9761028010884,1945.245509609725,401.0,1351.6108062054068,817.9761028010884,1885.245509609725,950.6108062054068,"MATR_b2c35,MATR_b4c31,MATR_b4c19,MATR_b1c24,MATR_b4c8,MATR_b2c34,MATR_b1c39,MATR_b4c44",False,False,0.95
60,MATR_b3c21,770.0,1488.1278815648416,255.95832494851487,986.4587831225526,1989.7969800071305,710.0,1428.1278815648416,926.4587831225526,1929.7969800071305,718.1278815648416,"MATR_b2c35,MATR_b4c31,MATR_b4c19,MATR_b1c24,MATR_b4c8,MATR_b2c34,MATR_b1c39,MATR_b4c44",False,False,0.95
60,MATR_b3c27,847.0,1463.3613053829924,252.42815903074506,968.6112049989831,1958.1114057670018,787.0,1403.3613053829924,908.6112049989831,1898.1114057670018,616.3613053829924,"MATR_b2c35,MATR_b4c31,MATR_b4c19,MATR_b1c24,MATR_b4c8,MATR_b2c34,MATR_b1c39,MATR_b4c44",False,False,0.95
60,MATR_b3c34,1156.0,1463.1676374251776,251.70460873170987,969.8356695682804,1956.4996052820748,1096.0,1403.1676374251776,909.8356695682804,1896.4996052820748,307.16763742517765,"MATR_b2c35,MATR_b4c31,MATR_b4c19,MATR_b1c24,MATR_b4c8,MATR_b2c34,MATR_b1c39,MATR_b4c44",False,False,0.95
60,MATR_b3c35,1091.0,1479.1615846788388,253.27490787247615,982.7518870610854,1975.5712822965922,1031.0,1419.1615846788388,922.7518870610854,1915.5712822965922,388.16158467883884,"MATR_b2c35,MATR_b4c31,MATR_b4c19,MATR_b1c24,MATR_b4c8,MATR_b2c34,MATR_b1c39,MATR_b4c44",False,False,0.95
60,MATR_b3c39,1154.0,1181.4855361958912,205.87836321017372,777.9713591078947,1584.9997132838876,1094.0,1121.4855361958912,717.9713591078947,1524.9997132838876,27.4855361958912,"MATR_b2c35,MATR_b4c31,MATR_b4c19,MATR_b1c24,MATR_b4c8,MATR_b2c34,MATR_b1c39,MATR_b4c44",False,False,0.95
60,MATR_b4c2,742.0,1262.349284609305,224.44423607392457,822.4466653668073,1702.2519038518026,682.0,1202.349284609305,762.4466653668073,1642.2519038518026,520.349284609305,"MATR_b2c35,MATR_b4c31,MATR_b4c19,MATR_b1c24,MATR_b4c8,MATR_b2c34,MATR_b1c39,MATR_b4c44",False,False,0.95
60,MATR_b4c20,747.0,1139.902604803582,194.24506563361882,759.1892719870704,1520.615937620094,687.0,1079.902604803582,699.1892719870704,1460.615937620094,392.9026048035821,"MATR_b2c35,MATR_b4c31,MATR_b4c19,MATR_b1c24,MATR_b4c8,MATR_b2c34,MATR_b1c39,MATR_b4c44",False,False,0.95
60,MATR_b4c22,671.0,1076.483838122293,183.35377733332834,717.1170381195931,1435.850638124993,611.0,1016.483838122293,657.1170381195931,1375.850638124993,405.48383812229304,"MATR_b2c35,MATR_b4c31,MATR_b4c19,MATR_b1c24,MATR_b4c8,MATR_b2c34,MATR_b1c39,MATR_b4c44",False,False,0.95
60,MATR_b4c23,1038.0,1149.8310380518851,199.74790235255622,758.3323434534515,1541.3297326503189,978.0,1089.8310380518851,698.3323434534515,1481.3297326503189,111.83103805188512,"MATR_b2c35,MATR_b4c31,MATR_b4c19,MATR_b1c24,MATR_b4c8,MATR_b2c34,MATR_b1c39,MATR_b4c44",False,False,0.95
60,MATR_b4c24,988.0,1142.8262722768984,196.0069712275708,758.6596679520811,1526.9928766017156,928.0,1082.8262722768984,698.6596679520811,1466.9928766017156,154.8262722768984,"MATR_b2c35,MATR_b4c31,MATR_b4c19,MATR_b1c24,MATR_b4c8,MATR_b2c34,MATR_b1c39,MATR_b4c44",False,False,0.95
60,MATR_b4c26,476.0,1300.2156825002207,226.08816308185618,857.0910255289645,1743.340339471477,416.0,1240.2156825002207,797.0910255289645,1683.340339471477,824.2156825002207,"MATR_b2c35,MATR_b4c31,MATR_b4c19,MATR_b1c24,MATR_b4c8,MATR_b2c34,MATR_b1c39,MATR_b4c44",False,False,0.95
60,MATR_b4c38,1055.0,1293.3880548202428,228.0756048473845,846.3680835671803,1740.4080260733053,995.0,1233.3880548202428,786.3680835671803,1680.4080260733053,238.38805482024281,"MATR_b2c35,MATR_b4c31,MATR_b4c19,MATR_b1c24,MATR_b4c8,MATR_b2c34,MATR_b1c39,MATR_b4c44",False,False,0.95
60,MATR_b4c39,738.0,1163.5248378745387,201.3489349338937,768.8881770786084,1558.161498670469,678.0,1103.5248378745387,708.8881770786084,1498.161498670469,425.52483787453866,"MATR_b2c35,MATR_b4c31,MATR_b4c19,MATR_b1c24,MATR_b4c8,MATR_b2c34,MATR_b1c39,MATR_b4c44",False,False,0.95
80,MATR_b1c17,858.0,1669.675705191547,282.43052197407616,1116.1220539875094,2223.2293563955845,778.0,1589.675705191547,1036.1220539875094,2143.2293563955845,811.675705191547,"MATR_b4c10,MATR_b4c37,MATR_b4c42,MATR_b1c16,MATR_b2c38,MATR_b3c7,MATR_b3c5,MATR_b2c44",False,False,0.95
80,MATR_b1c25,852.0,1786.298388552585,261.63805389493683,1273.4972259333595,2299.0995511718106,772.0,1706.298388552585,1193.4972259333595,2219.0995511718106,934.298388552585,"MATR_b4c10,MATR_b4c37,MATR_b4c42,MATR_b1c16,MATR_b2c38,MATR_b3c7,MATR_b3c5,MATR_b2c44",False,False,0.95
80,MATR_b1c26,868.0,1370.0938807870011,237.64906212886862,904.310278054697,1835.8774835193053,788.0,1290.0938807870011,824.310278054697,1755.8774835193053,502.0938807870011,"MATR_b4c10,MATR_b4c37,MATR_b4c42,MATR_b1c16,MATR_b2c38,MATR_b3c7,MATR_b3c5,MATR_b2c44",False,False,0.95
80,MATR_b1c27,841.0,1729.500039966721,262.0198105090473,1215.9506481329788,2243.049431800463,761.0,1649.500039966721,1135.9506481329788,2163.049431800463,888.500039966721,"MATR_b4c10,MATR_b4c37,MATR_b4c42,MATR_b1c16,MATR_b2c38,MATR_b3c7,MATR_b3c5,MATR_b2c44",False,False,0.95
80,MATR_b1c3,1431.0,1687.849022182993,252.5371161699024,1192.8853697303766,2182.8126746356093,1351.0,1607.849022182993,1112.8853697303766,2102.8126746356093,256.84902218299294,"MATR_b4c10,MATR_b4c37,MATR_b4c42,MATR_b1c16,MATR_b2c38,MATR_b3c7,MATR_b3c5,MATR_b2c44",False,False,0.95
80,MATR_b1c32,729.0,1374.1423354465637,284.76809800747805,816.0071194059345,1932.2775514871928,649.0,1294.1423354465637,736.0071194059345,1852.2775514871928,645.1423354465637,"MATR_b4c10,MATR_b4c37,MATR_b4c42,MATR_b1c16,MATR_b2c38,MATR_b3c7,MATR_b3c5,MATR_b2c44",False,False,0.95
80,MATR_b1c33,754.0,942.3270365950306,150.49169138595565,647.3687415060408,1237.2853316840203,674.0,862.3270365950306,567.3687415060408,1157.2853316840203,188.32703659503056,"MATR_b4c10,MATR_b4c37,MATR_b4c42,MATR_b1c16,MATR_b2c38,MATR_b3c7,MATR_b3c5,MATR_b2c44",False,False,0.95
80,MATR_b1c4,1705.0,1696.7544952259946,253.83544800272173,1199.2461591410706,2194.2628313109185,1625.0,1616.7544952259946,1119.2461591410706,2114.2628313109185,8.24550477400544,"MATR_b4c10,MATR_b4c37,MATR_b4c42,MATR_b1c16,MATR_b2c38,MATR_b3c7,MATR_b3c5,MATR_b2c44",False,False,0.95
80,MATR_b1c40,964.0,1559.0074793663075,248.18609315202735,1072.571675324631,2045.443283407984,884.0,1479.0074793663075,992.5716753246311,1965.443283407984,595.0074793663075,"MATR_b4c10,MATR_b4c37,MATR_b4c42,MATR_b1c16,MATR_b2c38,MATR_b3c7,MATR_b3c5,MATR_b2c44",False,False,0.95
80,MATR_b1c43,649.0,1370.4051490731063,284.0631012501046,813.6517012861466,1927.158596860066,569.0,1290.4051490731063,733.6517012861466,1847.158596860066,721.4051490731063,"MATR_b4c10,MATR_b4c37,MATR_b4c42,MATR_b1c16,MATR_b2c38,MATR_b3c7,MATR_b3c5,MATR_b2c44",False,False,0.95
80,MATR_b1c44,614.0,844.436943192288,100.29806319971736,647.8563516017199,1041.0175347828563,534.0,764.436943192288,567.8563516017199,961.0175347828563,230.43694319228803,"MATR_b4c10,MATR_b4c37,MATR_b4c42,MATR_b1c16,MATR_b2c38,MATR_b3c7,MATR_b3c5,MATR_b2c44",False,False,0.95
80,MATR_b1c45,597.0,785.9569836721305,89.23652109510572,611.0566162200746,960.8573511241864,517.0,705.9569836721305,531.0566162200746,880.8573511241864,188.9569836721305,"MATR_b4c10,MATR_b4c37,MATR_b4c42,MATR_b1c16,MATR_b2c38,MATR_b3c7,MATR_b3c5,MATR_b2c44",False,False,0.95
80,MATR_b2c0,299.0,343.356053360769,34.96937631057458,274.81733523021467,411.89477149132335,219.0,263.356053360769,194.81733523021467,331.89477149132335,44.35605336076901,"MATR_b4c10,MATR_b4c37,MATR_b4c42,MATR_b1c16,MATR_b2c38,MATR_b3c7,MATR_b3c5,MATR_b2c44",False,False,0.95
80,MATR_b2c11,476.0,686.4110150454065,135.04833608423826,421.72114014823865,951.1008899425744,396.0,606.4110150454065,341.72114014823865,871.1008899425744,210.41101504540654,"MATR_b4c10,MATR_b4c37,MATR_b4c42,MATR_b1c16,MATR_b2c38,MATR_b3c7,MATR_b3c5,MATR_b2c44",False,False,0.95
80,MATR_b2c14,484.0,897.684463531875,130.70770569749791,641.5020678629184,1153.8668592008316,404.0,817.684463531875,561.5020678629184,1073.8668592008316,413.68446353187505,"MATR_b4c10,MATR_b4c37,MATR_b4c42,MATR_b1c16,MATR_b2c38,MATR_b3c7,MATR_b3c5,MATR_b2c44",False,False,0.95
80,MATR_b2c18,486.0,581.1260633988394,69.05820172301141,445.77447518463515,716.4776516130437,406.0,501.1260633988394,365.77447518463515,636.4776516130437,95.12606339883939,"MATR_b4c10,MATR_b4c37,MATR_b4c42,MATR_b1c16,MATR_b2c38,MATR_b3c7,MATR_b3c5,MATR_b2c44",False,False,0.95
80,MATR_b2c26,470.0,594.9379363719456,70.80428668740167,456.1640845135896,733.7117882303016,390.0,514.9379363719456,376.1640845135896,653.7117882303016,124.93793637194563,"MATR_b4c10,MATR_b4c37,MATR_b4c42,MATR_b1c16,MATR_b2c38,MATR_b3c7,MATR_b3c5,MATR_b2c44",False,False,0.95
80,MATR_b2c28,508.0,972.9878705949319,215.210284018098,551.183464816824,1394.7922763730398,428.0,892.9878705949319,471.18346481682397,1314.7922763730398,464.9878705949319,"MATR_b4c10,MATR_b4c37,MATR_b4c42,MATR_b1c16,MATR_b2c38,MATR_b3c7,MATR_b3c5,MATR_b2c44",False,False,0.95
80,MATR_b2c31,491.0,1179.2832440396621,262.10297047101136,665.5708616755147,1692.9956264038096,411.0,1099.2832440396621,585.5708616755147,1612.9956264038096,688.2832440396621,"MATR_b4c10,MATR_b4c37,MATR_b4c42,MATR_b1c16,MATR_b2c38,MATR_b3c7,MATR_b3c5,MATR_b2c44",False,False,0.95
80,MATR_b2c43,461.0,525.3165939967942,58.11231664760161,411.4185463093076,639.2146416842807,381.0,445.31659399679415,331.4185463093076,559.2146416842807,64.31659399679415,"MATR_b4c10,MATR_b4c37,MATR_b4c42,MATR_b1c16,MATR_b2c38,MATR_b3c7,MATR_b3c5,MATR_b2c44",False,False,0.95
80,MATR_b3c21,770.0,1115.9506066435183,203.67705452404292,716.7509152991934,1515.1502979878433,690.0,1035.9506066435183,636.7509152991934,1435.1502979878433,345.9506066435183,"MATR_b4c10,MATR_b4c37,MATR_b4c42,MATR_b1c16,MATR_b2c38,MATR_b3c7,MATR_b3c5,MATR_b2c44",False,False,0.95
80,MATR_b3c27,847.0,1571.6071687046265,254.98572975997718,1071.8443218034083,2071.370015605845,767.0,1491.6071687046265,991.8443218034083,1991.3700156058449,724.6071687046265,"MATR_b4c10,MATR_b4c37,MATR_b4c42,MATR_b1c16,MATR_b2c38,MATR_b3c7,MATR_b3c5,MATR_b2c44",False,False,0.95
80,MATR_b3c34,1156.0,1606.0712139647753,252.8163271133809,1110.5603181188517,2101.582109810699,1076.0,1526.0712139647753,1030.5603181188517,2021.582109810699,450.0712139647753,"MATR_b4c10,MATR_b4c37,MATR_b4c42,MATR_b1c16,MATR_b2c38,MATR_b3c7,MATR_b3c5,MATR_b2c44",False,False,0.95
80,MATR_b3c35,1091.0,1654.5556089459792,254.36769445475534,1156.00408898417,2153.107128907788,1011.0,1574.5556089459792,1076.00408898417,2073.107128907788,563.5556089459792,"MATR_b4c10,MATR_b4c37,MATR_b4c42,MATR_b1c16,MATR_b2c38,MATR_b3c7,MATR_b3c5,MATR_b2c44",False,False,0.95
80,MATR_b3c39,1154.0,1056.5096360778077,174.45617205111293,714.5818219769033,1398.4374501787122,1074.0,976.5096360778077,634.5818219769033,1318.4374501787122,97.49036392219227,"MATR_b4c10,MATR_b4c37,MATR_b4c42,MATR_b1c16,MATR_b2c38,MATR_b3c7,MATR_b3c5,MATR_b2c44",False,False,0.95
80,MATR_b4c2,742.0,1228.5625476406858,218.07802608601787,801.1374706925044,1655.9876245888672,662.0,1148.5625476406858,721.1374706925044,1575.9876245888672,486.5625476406858,"MATR_b4c10,MATR_b4c37,MATR_b4c42,MATR_b1c16,MATR_b2c38,MATR_b3c7,MATR_b3c5,MATR_b2c44",False,False,0.95
80,MATR_b4c20,747.0,1044.8193161484392,164.915093631326,721.5916721239894,1368.046960172889,667.0,964.8193161484392,641.5916721239894,1288.046960172889,297.81931614843916,"MATR_b4c10,MATR_b4c37,MATR_b4c42,MATR_b1c16,MATR_b2c38,MATR_b3c7,MATR_b3c5,MATR_b2c44",False,False,0.95
80,MATR_b4c22,671.0,786.1211215217779,97.21907364597597,595.5752385653179,976.6670044782379,591.0,706.1211215217779,515.5752385653179,896.6670044782379,115.12112152177792,"MATR_b4c10,MATR_b4c37,MATR_b4c42,MATR_b1c16,MATR_b2c38,MATR_b3c7,MATR_b3c5,MATR_b2c44",False,False,0.95
80,MATR_b4c23,1038.0,958.4009664457228,141.27465690710812,681.5077269795381,1235.2942059119075,958.0,878.4009664457228,601.5077269795381,1155.2942059119075,79.59903355427718,"MATR_b4c10,MATR_b4c37,MATR_b4c42,MATR_b1c16,MATR_b2c38,MATR_b3c7,MATR_b3c5,MATR_b2c44",False,False,0.95
80,MATR_b4c24,988.0,1035.8837148772345,164.1390222464654,714.1771428165437,1357.5902869379254,908.0,955.8837148772345,634.1771428165437,1277.5902869379254,47.883714877234524,"MATR_b4c10,MATR_b4c37,MATR_b4c42,MATR_b1c16,MATR_b2c38,MATR_b3c7,MATR_b3c5,MATR_b2c44",False,False,0.95
80,MATR_b4c26,476.0,681.5645453244157,65.06473155274166,554.0400148172752,809.0890758315562,396.0,601.5645453244157,474.04001481727516,729.0890758315562,205.5645453244157,"MATR_b4c10,MATR_b4c37,MATR_b4c42,MATR_b1c16,MATR_b2c38,MATR_b3c7,MATR_b3c5,MATR_b2c44",False,False,0.95
80,MATR_b4c38,1055.0,1187.7477442209051,211.13071766023427,773.9391415767514,1601.556346865059,975.0,1107.7477442209051,693.9391415767514,1521.556346865059,132.74774422090513,"MATR_b4c10,MATR_b4c37,MATR_b4c42,MATR_b1c16,MATR_b2c38,MATR_b3c7,MATR_b3c5,MATR_b2c44",False,False,0.95
80,MATR_b4c39,738.0,918.2161891012083,120.49511578589522,682.05010184787,1154.3822763545465,658.0,838.2161891012083,602.05010184787,1074.3822763545465,180.21618910120833,"MATR_b4c10,MATR_b4c37,MATR_b4c42,MATR_b1c16,MATR_b2c38,MATR_b3c7,MATR_b3c5,MATR_b2c44",False,False,0.95
100,MATR_b1c17,858.0,775.5891189623188,129.60470615650584,521.5685626686708,1029.6096752559667,758.0,675.5891189623188,421.5685626686708,929.6096752559667,82.41088103768118,"MATR_b3c33,MATR_b4c42,MATR_b2c29,MATR_b1c20,MATR_b4c6,MATR_b2c25,MATR_b3c25,MATR_b3c31",False,False,0.95
100,MATR_b1c25,852.0,1023.0614397776342,192.88509670367853,645.0135970838988,1401.1092824713696,752.0,923.0614397776342,545.0135970838988,1301.1092824713696,171.06143977763418,"MATR_b3c33,MATR_b4c42,MATR_b2c29,MATR_b1c20,MATR_b4c6,MATR_b2c25,MATR_b3c25,MATR_b3c31",False,False,0.95
100,MATR_b1c26,868.0,881.685428711744,101.45119134639187,682.8447474841344,1080.5261099393535,768.0,781.685428711744,582.8447474841344,980.5261099393535,13.685428711743953,"MATR_b3c33,MATR_b4c42,MATR_b2c29,MATR_b1c20,MATR_b4c6,MATR_b2c25,MATR_b3c25,MATR_b3c31",False,False,0.95
100,MATR_b1c27,841.0,929.4109346654772,145.6222566925257,643.9965562006801,1214.8253131302743,741.0,829.4109346654772,543.9965562006801,1114.8253131302743,88.41093466547716,"MATR_b3c33,MATR_b4c42,MATR_b2c29,MATR_b1c20,MATR_b4c6,MATR_b2c25,MATR_b3c25,MATR_b3c31",False,False,0.95
100,MATR_b1c3,1431.0,1413.0509846870161,255.9106833874079,911.475261988664,1914.6267073853683,1331.0,1313.0509846870161,811.475261988664,1814.6267073853683,17.949015312983875,"MATR_b3c33,MATR_b4c42,MATR_b2c29,MATR_b1c20,MATR_b4c6,MATR_b2c25,MATR_b3c25,MATR_b3c31",False,False,0.95
100,MATR_b1c32,729.0,589.2132514943005,71.42031249843234,449.23201123277727,729.1944917558237,629.0,489.2132514943005,349.23201123277727,629.1944917558237,139.7867485056995,"MATR_b3c33,MATR_b4c42,MATR_b2c29,MATR_b1c20,MATR_b4c6,MATR_b2c25,MATR_b3c25,MATR_b3c31",False,False,0.95
100,MATR_b1c33,754.0,612.2820651367806,67.31724215086409,480.34269498252536,744.2214352910358,654.0,512.2820651367806,380.34269498252536,644.2214352910358,141.7179348632194,"MATR_b3c33,MATR_b4c42,MATR_b2c29,MATR_b1c20,MATR_b4c6,MATR_b2c25,MATR_b3c25,MATR_b3c31",False,False,0.95
100,MATR_b1c4,1705.0,1389.9597119918108,255.92437631723777,888.3571516441493,1891.5622723394722,1605.0,1289.9597119918108,788.3571516441493,1791.5622723394722,315.04028800818924,"MATR_b3c33,MATR_b4c42,MATR_b2c29,MATR_b1c20,MATR_b4c6,MATR_b2c25,MATR_b3c25,MATR_b3c31",False,False,0.95
100,MATR_b1c40,964.0,1039.7383502758903,155.59462457618068,734.7784899185455,1344.6982106332352,864.0,939.7383502758903,634.7784899185455,1244.6982106332352,75.7383502758903,"MATR_b3c33,MATR_b4c42,MATR_b2c29,MATR_b1c20,MATR_b4c6,MATR_b2c25,MATR_b3c25,MATR_b3c31",False,False,0.95
100,MATR_b1c43,649.0,567.3482903601022,62.79901503161687,444.26448263354365,690.4320980866607,549.0,467.34829036010217,344.26448263354365,590.4320980866607,81.65170963989783,"MATR_b3c33,MATR_b4c42,MATR_b2c29,MATR_b1c20,MATR_b4c6,MATR_b2c25,MATR_b3c25,MATR_b3c31",False,False,0.95
100,MATR_b1c44,614.0,472.6560067205709,28.41535899555894,416.9629264814991,528.3490869596426,514.0,372.6560067205709,316.9629264814991,428.3490869596426,141.34399327942913,"MATR_b3c33,MATR_b4c42,MATR_b2c29,MATR_b1c20,MATR_b4c6,MATR_b2c25,MATR_b3c25,MATR_b3c31",False,False,0.95
100,MATR_b1c45,597.0,465.31720154412653,27.933231692764533,410.56907345449525,520.0653296337578,497.0,365.31720154412653,310.56907345449525,420.06532963375776,131.68279845587347,"MATR_b3c33,MATR_b4c42,MATR_b2c29,MATR_b1c20,MATR_b4c6,MATR_b2c25,MATR_b3c25,MATR_b3c31",False,False,0.95
100,MATR_b2c0,299.0,287.93857244443376,33.961388019052954,221.3754750620999,354.5016698267676,199.0,187.93857244443376,121.3754750620999,254.50166982676762,11.06142755556624,"MATR_b3c33,MATR_b4c42,MATR_b2c29,MATR_b1c20,MATR_b4c6,MATR_b2c25,MATR_b3c25,MATR_b3c31",False,False,0.95
100,MATR_b2c11,476.0,477.8120945783192,42.49016837330588,394.5328948695968,561.0912942870416,376.0,377.8120945783192,294.5328948695968,461.0912942870416,1.8120945783192042,"MATR_b3c33,MATR_b4c42,MATR_b2c29,MATR_b1c20,MATR_b4c6,MATR_b2c25,MATR_b3c25,MATR_b3c31",False,False,0.95
100,MATR_b2c14,484.0,501.7231085133259,42.68195922713502,418.06800563853426,585.3782113881175,384.0,401.7231085133259,318.06800563853426,485.3782113881175,17.723108513325883,"MATR_b3c33,MATR_b4c42,MATR_b2c29,MATR_b1c20,MATR_b4c6,MATR_b2c25,MATR_b3c25,MATR_b3c31",False,False,0.95
100,MATR_b2c18,486.0,436.2960202398065,26.698657564465545,383.9676129778862,488.62442750172687,386.0,336.2960202398065,283.9676129778862,388.62442750172687,49.70397976019348,"MATR_b3c33,MATR_b4c42,MATR_b2c29,MATR_b1c20,MATR_b4c6,MATR_b2c25,MATR_b3c25,MATR_b3c31",False,False,0.95
100,MATR_b2c26,470.0,450.0370833658368,29.07012076226338,393.0606936455705,507.0134730861031,370.0,350.0370833658368,293.0606936455705,407.0134730861031,19.962916634163207,"MATR_b3c33,MATR_b4c42,MATR_b2c29,MATR_b1c20,MATR_b4c6,MATR_b2c25,MATR_b3c25,MATR_b3c31",False,False,0.95
100,MATR_b2c28,508.0,505.9549614333307,53.16167947596092,401.75998430278514,610.1499385638763,408.0,405.9549614333307,301.75998430278514,510.1499385638763,2.045038566669291,"MATR_b3c33,MATR_b4c42,MATR_b2c29,MATR_b1c20,MATR_b4c6,MATR_b2c25,MATR_b3c25,MATR_b3c31",False,False,0.95
100,MATR_b2c31,491.0,510.56584751178923,49.17372241210749,414.1871225982885,606.94457242529,391.0,410.56584751178923,314.1871225982885,506.94457242528995,19.56584751178923,"MATR_b3c33,MATR_b4c42,MATR_b2c29,MATR_b1c20,MATR_b4c6,MATR_b2c25,MATR_b3c25,MATR_b3c31",False,False,0.95
100,MATR_b2c43,461.0,439.6793086809758,28.596095267225703,383.63199185873714,495.72662550321445,361.0,339.6793086809758,283.63199185873714,395.72662550321445,21.320691319024206,"MATR_b3c33,MATR_b4c42,MATR_b2c29,MATR_b1c20,MATR_b4c6,MATR_b2c25,MATR_b3c25,MATR_b3c31",False,False,0.95
100,MATR_b3c21,770.0,891.8254593342689,101.87339316829407,692.1572777415238,1091.493640927014,670.0,791.8254593342689,592.1572777415238,991.493640927014,121.82545933426888,"MATR_b3c33,MATR_b4c42,MATR_b2c29,MATR_b1c20,MATR_b4c6,MATR_b2c25,MATR_b3c25,MATR_b3c31",False,False,0.95
100,MATR_b3c27,847.0,892.2112633060915,114.19502524921123,668.3931266039954,1116.0294000081876,747.0,792.2112633060915,568.3931266039954,1016.0294000081876,45.211263306091496,"MATR_b3c33,MATR_b4c42,MATR_b2c29,MATR_b1c20,MATR_b4c6,MATR_b2c25,MATR_b3c25,MATR_b3c31",False,False,0.95
100,MATR_b3c34,1156.0,946.5534615166083,126.75703066116816,698.1142466334794,1194.9926763997373,1056.0,846.5534615166083,598.1142466334794,1094.9926763997373,209.4465384833917,"MATR_b3c33,MATR_b4c42,MATR_b2c29,MATR_b1c20,MATR_b4c6,MATR_b2c25,MATR_b3c25,MATR_b3c31",False,False,0.95
100,MATR_b3c35,1091.0,984.3214178332635,145.81363619107336,698.5319424439335,1270.1108932225934,991.0,884.3214178332635,598.5319424439335,1170.1108932225934,106.67858216673653,"MATR_b3c33,MATR_b4c42,MATR_b2c29,MATR_b1c20,MATR_b4c6,MATR_b2c25,MATR_b3c25,MATR_b3c31",False,False,0.95
100,MATR_b3c39,1154.0,931.3807117950096,100.19332363425073,735.0054059805124,1127.7560176095067,1054.0,831.3807117950096,635.0054059805124,1027.7560176095067,222.61928820499043,"MATR_b3c33,MATR_b4c42,MATR_b2c29,MATR_b1c20,MATR_b4c6,MATR_b2c25,MATR_b3c25,MATR_b3c31",False,False,0.95
100,MATR_b4c2,742.0,924.5763091396603,113.43079333130301,702.2560394725003,1146.8965788068203,642.0,824.5763091396603,602.2560394725003,1046.8965788068203,182.57630913966034,"MATR_b3c33,MATR_b4c42,MATR_b2c29,MATR_b1c20,MATR_b4c6,MATR_b2c25,MATR_b3c25,MATR_b3c31",False,False,0.95
100,MATR_b4c20,747.0,919.6729541842831,91.11109075397009,741.0984977143414,1098.2474106542247,647.0,819.6729541842831,641.0984977143414,998.2474106542247,172.67295418428307,"MATR_b3c33,MATR_b4c42,MATR_b2c29,MATR_b1c20,MATR_b4c6,MATR_b2c25,MATR_b3c25,MATR_b3c31",False,False,0.95
100,MATR_b4c22,671.0,606.7215819397749,50.71039444066726,507.33103519424685,706.1121286853029,571.0,506.72158193977486,407.33103519424685,606.1121286853029,64.27841806022514,"MATR_b3c33,MATR_b4c42,MATR_b2c29,MATR_b1c20,MATR_b4c6,MATR_b2c25,MATR_b3c25,MATR_b3c31",False,False,0.95
100,MATR_b4c23,1038.0,923.4162872458546,98.8763058695641,729.6222888171427,1117.2102856745666,938.0,823.4162872458546,629.6222888171427,1017.2102856745666,114.58371275414538,"MATR_b3c33,MATR_b4c42,MATR_b2c29,MATR_b1c20,MATR_b4c6,MATR_b2c25,MATR_b3c25,MATR_b3c31",False,False,0.95
100,MATR_b4c24,988.0,934.9102725004111,98.16223092666807,742.5158352420378,1127.3047097587844,888.0,834.9102725004111,642.5158352420378,1027.3047097587844,53.08972749958889,"MATR_b3c33,MATR_b4c42,MATR_b2c29,MATR_b1c20,MATR_b4c6,MATR_b2c25,MATR_b3c25,MATR_b3c31",False,False,0.95
100,MATR_b4c26,476.0,501.5174876112397,28.638769831514214,445.3865301799396,557.6484450425397,376.0,401.5174876112397,345.3865301799396,457.6484450425397,25.517487611239687,"MATR_b3c33,MATR_b4c42,MATR_b2c29,MATR_b1c20,MATR_b4c6,MATR_b2c25,MATR_b3c25,MATR_b3c31",False,False,0.95
100,MATR_b4c38,1055.0,945.5921573213143,116.42937474806689,717.394776072586,1173.7895385700426,955.0,845.5921573213143,617.394776072586,1073.7895385700426,109.40784267868571,"MATR_b3c33,MATR_b4c42,MATR_b2c29,MATR_b1c20,MATR_b4c6,MATR_b2c25,MATR_b3c25,MATR_b3c31",False,False,0.95
100,MATR_b4c39,738.0,783.7647555356331,72.26749160833141,642.1230747302529,925.4064363410132,638.0,683.7647555356331,542.1230747302529,825.4064363410132,45.76475553563307,"MATR_b3c33,MATR_b4c42,MATR_b2c29,MATR_b1c20,MATR_b4c6,MATR_b2c25,MATR_b3c25,MATR_b3c31",False,False,0.95
120,MATR_b1c17,858.0,809.934684444955,85.3000023543252,642.7497519492958,977.1196169406142,738.0,689.934684444955,522.7497519492958,857.1196169406142,48.065315555045004,"MATR_b2c29,MATR_b4c21,MATR_b2c17,MATR_b4c19,MATR_b4c36,MATR_b2c19,MATR_b4c0,MATR_b2c42",False,False,0.95
120,MATR_b1c25,852.0,1013.268214754958,109.71930011416316,798.2223381222568,1228.3140913876591,732.0,893.268214754958,678.2223381222568,1108.3140913876591,161.26821475495797,"MATR_b2c29,MATR_b4c21,MATR_b2c17,MATR_b4c19,MATR_b4c36,MATR_b2c19,MATR_b4c0,MATR_b2c42",False,False,0.95
120,MATR_b1c26,868.0,897.5980600098753,80.22337698922912,740.363130392807,1054.8329896269438,748.0,777.5980600098753,620.363130392807,934.8329896269438,29.598060009875326,"MATR_b2c29,MATR_b4c21,MATR_b2c17,MATR_b4c19,MATR_b4c36,MATR_b2c19,MATR_b4c0,MATR_b2c42",False,False,0.95
120,MATR_b1c27,841.0,933.6985616877863,90.51878643083876,756.2850003590695,1111.1121230165031,721.0,813.6985616877863,636.2850003590695,991.1121230165031,92.69856168778631,"MATR_b2c29,MATR_b4c21,MATR_b2c17,MATR_b4c19,MATR_b4c36,MATR_b2c19,MATR_b4c0,MATR_b2c42",False,False,0.95
120,MATR_b1c3,1431.0,1408.6125084819405,212.2901532545583,992.5314538305178,1824.693563133363,1311.0,1288.6125084819405,872.5314538305178,1704.693563133363,22.387491518059505,"MATR_b2c29,MATR_b4c21,MATR_b2c17,MATR_b4c19,MATR_b4c36,MATR_b2c19,MATR_b4c0,MATR_b2c42",False,False,0.95
120,MATR_b1c32,729.0,588.9660978934485,49.63277126514374,491.6876537608523,686.2445420260447,609.0,468.9660978934485,371.6876537608523,566.2445420260447,140.03390210655152,"MATR_b2c29,MATR_b4c21,MATR_b2c17,MATR_b4c19,MATR_b4c36,MATR_b2c19,MATR_b4c0,MATR_b2c42",False,False,0.95
120,MATR_b1c33,754.0,639.4163361237914,56.65278555487554,528.3789168123644,750.4537554352185,634.0,519.4163361237914,408.3789168123644,630.4537554352185,114.58366387620856,"MATR_b2c29,MATR_b4c21,MATR_b2c17,MATR_b4c19,MATR_b4c36,MATR_b2c19,MATR_b4c0,MATR_b2c42",False,False,0.95
120,MATR_b1c4,1705.0,1342.2101583028862,197.56718979982975,954.9855817684308,1729.4347348373415,1585.0,1222.2101583028862,834.9855817684308,1609.4347348373415,362.78984169711384,"MATR_b2c29,MATR_b4c21,MATR_b2c17,MATR_b4c19,MATR_b4c36,MATR_b2c19,MATR_b4c0,MATR_b2c42",False,False,0.95
120,MATR_b1c40,964.0,1057.0960679496793,111.29511236134576,838.9616560661032,1275.2304798332555,844.0,937.0960679496793,718.9616560661032,1155.2304798332555,93.09606794967931,"MATR_b2c29,MATR_b4c21,MATR_b2c17,MATR_b4c19,MATR_b4c36,MATR_b2c19,MATR_b4c0,MATR_b2c42",False,False,0.95
120,MATR_b1c43,649.0,590.6144126910494,50.962219524486,490.7302978508329,690.498527531266,529.0,470.61441269104944,370.7302978508329,570.498527531266,58.38558730895056,"MATR_b2c29,MATR_b4c21,MATR_b2c17,MATR_b4c19,MATR_b4c36,MATR_b2c19,MATR_b4c0,MATR_b2c42",False,False,0.95
120,MATR_b1c44,614.0,473.87948134860204,24.7491597774886,425.37201953709706,522.386943160107,494.0,353.87948134860204,305.37201953709706,402.38694316010697,140.12051865139796,"MATR_b2c29,MATR_b4c21,MATR_b2c17,MATR_b4c19,MATR_b4c36,MATR_b2c19,MATR_b4c0,MATR_b2c42",False,False,0.95
120,MATR_b1c45,597.0,465.80969310872587,24.251807601057383,418.2770236506587,513.3423625667931,477.0,345.80969310872587,298.2770236506587,393.3423625667931,131.19030689127413,"MATR_b2c29,MATR_b4c21,MATR_b2c17,MATR_b4c19,MATR_b4c36,MATR_b2c19,MATR_b4c0,MATR_b2c42",False,False,0.95
120,MATR_b2c0,299.0,281.775505770481,32.58008535313464,217.9197118650962,345.6312996758658,179.0,161.775505770481,97.91971186509619,225.63129967586582,17.224494229518996,"MATR_b2c29,MATR_b4c21,MATR_b2c17,MATR_b4c19,MATR_b4c36,MATR_b2c19,MATR_b4c0,MATR_b2c42",False,False,0.95
120,MATR_b2c11,476.0,467.7605384388663,30.894743851977935,407.2079531773993,528.3131237003333,356.0,347.7605384388663,287.2079531773993,408.31312370033334,8.23946156113368,"MATR_b2c29,MATR_b4c21,MATR_b2c17,MATR_b4c19,MATR_b4c36,MATR_b2c19,MATR_b4c0,MATR_b2c42",False,False,0.95
120,MATR_b2c14,484.0,483.17766156700077,30.70623674806829,422.99454344002663,543.3607796939749,364.0,363.17766156700077,302.99454344002663,423.3607796939749,0.8223384329992314,"MATR_b2c29,MATR_b4c21,MATR_b2c17,MATR_b4c19,MATR_b4c36,MATR_b2c19,MATR_b4c0,MATR_b2c42",False,False,0.95
120,MATR_b2c18,486.0,465.8075370396642,25.421160640242668,415.98297773958143,515.632096339747,366.0,345.8075370396642,295.98297773958143,395.632096339747,20.192462960335774,"MATR_b2c29,MATR_b4c21,MATR_b2c17,MATR_b4c19,MATR_b4c36,MATR_b2c19,MATR_b4c0,MATR_b2c42",False,False,0.95
120,MATR_b2c26,470.0,453.0261137749155,26.50702510606089,401.07329922973713,504.9789283200938,350.0,333.0261137749155,281.07329922973713,384.9789283200938,16.973886225084527,"MATR_b2c29,MATR_b4c21,MATR_b2c17,MATR_b4c19,MATR_b4c36,MATR_b2c19,MATR_b4c0,MATR_b2c42",False,False,0.95
120,MATR_b2c28,508.0,495.78272216508714,39.71513727503524,417.94248346495385,573.6229608652204,388.0,375.78272216508714,297.94248346495385,453.6229608652204,12.217277834912863,"MATR_b2c29,MATR_b4c21,MATR_b2c17,MATR_b4c19,MATR_b4c36,MATR_b2c19,MATR_b4c0,MATR_b2c42",False,False,0.95
120,MATR_b2c31,491.0,500.2178507892515,35.23777617530446,431.1530785903712,569.2826229881318,371.0,380.2178507892515,311.1530785903712,449.28262298813183,9.217850789251486,"MATR_b2c29,MATR_b4c21,MATR_b2c17,MATR_b4c19,MATR_b4c36,MATR_b2c19,MATR_b4c0,MATR_b2c42",False,False,0.95
120,MATR_b2c43,461.0,431.59662185250295,24.028566981080658,384.50149596947654,478.69174773552936,341.0,311.59662185250295,264.50149596947654,358.69174773552936,29.40337814749705,"MATR_b2c29,MATR_b4c21,MATR_b2c17,MATR_b4c19,MATR_b4c36,MATR_b2c19,MATR_b4c0,MATR_b2c42",False,False,0.95
120,MATR_b3c21,770.0,899.9246665691041,83.51123100509236,736.2456614945185,1063.6036716436897,650.0,779.9246665691041,616.2456614945185,943.6036716436897,129.92466656910415,"MATR_b2c29,MATR_b4c21,MATR_b2c17,MATR_b4c19,MATR_b4c36,MATR_b2c19,MATR_b4c0,MATR_b2c42",False,False,0.95
120,MATR_b3c27,847.0,948.6121102998293,100.18059526163263,752.2617516372454,1144.9624689624131,727.0,828.6121102998293,632.2617516372454,1024.9624689624131,101.61211029982928,"MATR_b2c29,MATR_b4c21,MATR_b2c17,MATR_b4c19,MATR_b4c36,MATR_b2c19,MATR_b4c0,MATR_b2c42",False,False,0.95
120,MATR_b3c34,1156.0,1005.7097931404135,120.72136119071548,769.1002730419598,1242.3193132388672,1036.0,885.7097931404135,649.1002730419598,1122.3193132388672,150.29020685958653,"MATR_b2c29,MATR_b4c21,MATR_b2c17,MATR_b4c19,MATR_b4c36,MATR_b2c19,MATR_b4c0,MATR_b2c42",False,False,0.95
120,MATR_b3c35,1091.0,1025.4371441902308,122.70439625368805,784.9409467882708,1265.9333415921908,971.0,905.4371441902308,664.9409467882708,1145.9333415921908,65.56285580976919,"MATR_b2c29,MATR_b4c21,MATR_b2c17,MATR_b4c19,MATR_b4c36,MATR_b2c19,MATR_b4c0,MATR_b2c42",False,False,0.95
120,MATR_b3c39,1154.0,932.0764034122224,85.83606920943288,763.8407991872465,1100.3120076371983,1034.0,812.0764034122224,643.8407991872465,980.3120076371983,221.92359658777764,"MATR_b2c29,MATR_b4c21,MATR_b2c17,MATR_b4c19,MATR_b4c36,MATR_b2c19,MATR_b4c0,MATR_b2c42",False,False,0.95
120,MATR_b4c2,742.0,879.0773132933263,82.51186462570635,717.3570303296973,1040.797596256955,622.0,759.0773132933263,597.3570303296973,920.7975962569551,137.07731329332626,"MATR_b2c29,MATR_b4c21,MATR_b2c17,MATR_b4c19,MATR_b4c36,MATR_b2c19,MATR_b4c0,MATR_b2c42",False,False,0.95
120,MATR_b4c20,747.0,912.6064000090832,75.11950288290046,765.3748798220456,1059.8379201961209,627.0,792.6064000090832,645.3748798220456,939.8379201961209,165.60640000908325,"MATR_b2c29,MATR_b4c21,MATR_b2c17,MATR_b4c19,MATR_b4c36,MATR_b2c19,MATR_b4c0,MATR_b2c42",False,False,0.95
120,MATR_b4c22,671.0,676.906031869515,52.759846832824984,573.4986322473284,780.3134314917016,551.0,556.906031869515,453.4986322473284,660.3134314917016,5.9060318695150045,"MATR_b2c29,MATR_b4c21,MATR_b2c17,MATR_b4c19,MATR_b4c36,MATR_b2c19,MATR_b4c0,MATR_b2c42",False,False,0.95
120,MATR_b4c23,1038.0,935.3210603953073,86.4043541667024,765.9716381211273,1104.6704826694872,918.0,815.3210603953073,645.9716381211273,984.6704826694872,102.67893960469269,"MATR_b2c29,MATR_b4c21,MATR_b2c17,MATR_b4c19,MATR_b4c36,MATR_b2c19,MATR_b4c0,MATR_b2c42",False,False,0.95
120,MATR_b4c24,988.0,943.6664850431125,86.71666266156527,773.7049493669354,1113.6280207192897,868.0,823.6664850431125,653.7049493669354,993.6280207192897,44.333514956887484,"MATR_b2c29,MATR_b4c21,MATR_b2c17,MATR_b4c19,MATR_b4c36,MATR_b2c19,MATR_b4c0,MATR_b2c42",False,False,0.95
120,MATR_b4c26,476.0,505.031804530118,25.868703365951227,454.33007760610354,555.7335314541325,356.0,385.031804530118,334.33007760610354,435.7335314541325,29.031804530117995,"MATR_b2c29,MATR_b4c21,MATR_b2c17,MATR_b4c19,MATR_b4c36,MATR_b2c19,MATR_b4c0,MATR_b2c42",False,False,0.95
120,MATR_b4c38,1055.0,968.2008298915625,104.53807703024924,763.3099638992002,1173.0916958839248,935.0,848.2008298915625,643.3099638992002,1053.0916958839248,86.79917010843747,"MATR_b2c29,MATR_b4c21,MATR_b2c17,MATR_b4c19,MATR_b4c36,MATR_b2c19,MATR_b4c0,MATR_b2c42",False,False,0.95
120,MATR_b4c39,738.0,792.4784471812488,64.30702458067778,666.4389950501884,918.5178993123093,618.0,672.4784471812488,546.4389950501884,798.5178993123093,54.47844718124884,"MATR_b2c29,MATR_b4c21,MATR_b2c17,MATR_b4c19,MATR_b4c36,MATR_b2c19,MATR_b4c0,MATR_b2c42",False,False,0.95
140,MATR_b1c17,858.0,796.5652689951982,69.97084306132712,659.4249366270927,933.7056013633036,718.0,656.5652689951982,519.4249366270927,793.7056013633036,61.43473100480185,"MATR_b3c33,MATR_b3c24,MATR_b4c35,MATR_b1c11,MATR_b2c42,MATR_b3c40,MATR_b1c30,MATR_b2c38",False,False,0.95
140,MATR_b1c25,852.0,932.674523447954,85.03287674532363,766.0131475252863,1099.3358993706217,712.0,792.674523447954,626.0131475252863,959.3358993706217,80.67452344795402,"MATR_b3c33,MATR_b3c24,MATR_b4c35,MATR_b1c11,MATR_b2c42,MATR_b3c40,MATR_b1c30,MATR_b2c38",False,False,0.95
140,MATR_b1c26,868.0,814.1153590940763,57.39648280626058,701.6203199545332,926.6103982336194,728.0,674.1153590940763,561.6203199545332,786.6103982336194,53.884640905923675,"MATR_b3c33,MATR_b3c24,MATR_b4c35,MATR_b1c11,MATR_b2c42,MATR_b3c40,MATR_b1c30,MATR_b2c38",False,False,0.95
140,MATR_b1c27,841.0,873.2565793215637,69.57260386662719,736.8967814323023,1009.616377210825,701.0,733.2565793215637,596.8967814323023,869.616377210825,32.25657932156366,"MATR_b3c33,MATR_b3c24,MATR_b4c35,MATR_b1c11,MATR_b2c42,MATR_b3c40,MATR_b1c30,MATR_b2c38",False,False,0.95
140,MATR_b1c3,1431.0,1218.5941325503104,151.2941840732642,922.0629806963392,1515.1252844042815,1291.0,1078.5941325503104,782.0629806963392,1375.1252844042815,212.4058674496896,"MATR_b3c33,MATR_b3c24,MATR_b4c35,MATR_b1c11,MATR_b2c42,MATR_b3c40,MATR_b1c30,MATR_b2c38",False,False,0.95
140,MATR_b1c32,729.0,582.2845344359516,39.24892280212427,505.35805931179516,659.2110095601081,589.0,442.2845344359516,365.35805931179516,519.2110095601081,146.71546556404837,"MATR_b3c33,MATR_b3c24,MATR_b4c35,MATR_b1c11,MATR_b2c42,MATR_b3c40,MATR_b1c30,MATR_b2c38",False,False,0.95
140,MATR_b1c33,754.0,634.4343981249845,43.394175978931905,549.3833760674848,719.4854201824841,614.0,494.43439812498445,409.38337606748485,579.4854201824841,119.56560187501555,"MATR_b3c33,MATR_b3c24,MATR_b4c35,MATR_b1c11,MATR_b2c42,MATR_b3c40,MATR_b1c30,MATR_b2c38",False,False,0.95
140,MATR_b1c4,1705.0,1431.7461460429176,205.18715394706265,1029.5867142163993,1833.905577869436,1565.0,1291.7461460429176,889.5867142163993,1693.905577869436,273.25385395708236,"MATR_b3c33,MATR_b3c24,MATR_b4c35,MATR_b1c11,MATR_b2c42,MATR_b3c40,MATR_b1c30,MATR_b2c38",False,False,0.95
140,MATR_b1c40,964.0,967.0499996605984,74.37981043523293,821.2682500306254,1112.8317492905712,824.0,827.0499996605984,681.2682500306254,972.8317492905712,3.0499996605983597,"MATR_b3c33,MATR_b3c24,MATR_b4c35,MATR_b1c11,MATR_b2c42,MATR_b3c40,MATR_b1c30,MATR_b2c38",False,False,0.95
140,MATR_b1c43,649.0,559.1166834632862,35.712246123175014,489.12196725483307,629.1113996717394,509.0,419.1166834632862,349.12196725483307,489.1113996717394,89.88331653671378,"MATR_b3c33,MATR_b3c24,MATR_b4c35,MATR_b1c11,MATR_b2c42,MATR_b3c40,MATR_b1c30,MATR_b2c38",False,False,0.95
140,MATR_b1c44,614.0,472.02773954374965,23.50385495020864,425.96103034348727,518.0944487440121,474.0,332.02773954374965,285.96103034348727,378.0944487440121,141.97226045625035,"MATR_b3c33,MATR_b3c24,MATR_b4c35,MATR_b1c11,MATR_b2c42,MATR_b3c40,MATR_b1c30,MATR_b2c38",False,False,0.95
140,MATR_b1c45,597.0,466.82756574755734,23.260030017381656,421.2387446341687,512.416386860946,457.0,326.82756574755734,281.2387446341687,372.416386860946,130.17243425244266,"MATR_b3c33,MATR_b3c24,MATR_b4c35,MATR_b1c11,MATR_b2c42,MATR_b3c40,MATR_b1c30,MATR_b2c38",False,False,0.95
140,MATR_b2c0,299.0,292.8113263494454,27.375197519980897,239.15692514061263,346.4657275582781,159.0,152.81132634944538,99.15692514061263,206.4657275582781,6.18867365055462,"MATR_b3c33,MATR_b3c24,MATR_b4c35,MATR_b1c11,MATR_b2c42,MATR_b3c40,MATR_b1c30,MATR_b2c38",False,False,0.95
140,MATR_b2c11,476.0,461.10933016421046,25.06826509093932,411.9764334310667,510.2422268973542,336.0,321.10933016421046,271.9764334310667,370.2422268973542,14.890669835789538,"MATR_b3c33,MATR_b3c24,MATR_b4c35,MATR_b1c11,MATR_b2c42,MATR_b3c40,MATR_b1c30,MATR_b2c38",False,False,0.95
140,MATR_b2c14,484.0,473.70171912833825,25.88772027333236,422.96271975075945,524.4407185059171,344.0,333.70171912833825,282.96271975075945,384.44071850591706,10.298280871661746,"MATR_b3c33,MATR_b3c24,MATR_b4c35,MATR_b1c11,MATR_b2c42,MATR_b3c40,MATR_b1c30,MATR_b2c38",False,False,0.95
140,MATR_b2c18,486.0,462.0880909537489,21.083601233448626,420.76499187178536,503.4111900357125,346.0,322.0880909537489,280.76499187178536,363.4111900357125,23.911909046251083,"MATR_b3c33,MATR_b3c24,MATR_b4c35,MATR_b1c11,MATR_b2c42,MATR_b3c40,MATR_b1c30,MATR_b2c38",False,False,0.95
140,MATR_b2c26,470.0,447.0921767209751,24.077468613251057,399.90120540010946,494.2831480418407,330.0,307.0921767209751,259.90120540010946,354.2831480418407,22.90782327902491,"MATR_b3c33,MATR_b3c24,MATR_b4c35,MATR_b1c11,MATR_b2c42,MATR_b3c40,MATR_b1c30,MATR_b2c38",False,False,0.95
140,MATR_b2c28,508.0,484.53583377272304,30.374644201302406,425.00262509495195,544.0690424504942,368.0,344.53583377272304,285.00262509495195,404.0690424504942,23.464166227276962,"MATR_b3c33,MATR_b3c24,MATR_b4c35,MATR_b1c11,MATR_b2c42,MATR_b3c40,MATR_b1c30,MATR_b2c38",False,False,0.95
140,MATR_b2c31,491.0,522.0192457119052,34.41627367294722,454.56458883085463,589.4739025929558,351.0,382.0192457119052,314.56458883085463,449.4739025929558,31.019245711905228,"MATR_b3c33,MATR_b3c24,MATR_b4c35,MATR_b1c11,MATR_b2c42,MATR_b3c40,MATR_b1c30,MATR_b2c38",False,False,0.95
140,MATR_b2c43,461.0,431.2702610829666,22.79931683033293,386.5844212233962,475.95610094253703,321.0,291.2702610829666,246.5844212233962,335.95610094253703,29.729738917033387,"MATR_b3c33,MATR_b3c24,MATR_b4c35,MATR_b1c11,MATR_b2c42,MATR_b3c40,MATR_b1c30,MATR_b2c38",False,False,0.95
140,MATR_b3c21,770.0,811.6760270030541,56.46927381711412,700.9982840883797,922.3537699177284,630.0,671.6760270030541,560.9982840883797,782.3537699177284,41.67602700305406,"MATR_b3c33,MATR_b3c24,MATR_b4c35,MATR_b1c11,MATR_b2c42,MATR_b3c40,MATR_b1c30,MATR_b2c38",False,False,0.95
140,MATR_b3c27,847.0,864.2428016339892,70.27258398085512,726.5110679309469,1001.9745353370315,707.0,724.2428016339892,586.5110679309469,861.9745353370315,17.24280163398919,"MATR_b3c33,MATR_b3c24,MATR_b4c35,MATR_b1c11,MATR_b2c42,MATR_b3c40,MATR_b1c30,MATR_b2c38",False,False,0.95
140,MATR_b3c34,1156.0,975.9644752375766,96.64728980470295,786.5392680169537,1165.3896824581996,1016.0,835.9644752375766,646.5392680169537,1025.3896824581996,180.0355247624234,"MATR_b3c33,MATR_b3c24,MATR_b4c35,MATR_b1c11,MATR_b2c42,MATR_b3c40,MATR_b1c30,MATR_b2c38",False,False,0.95
140,MATR_b3c35,1091.0,965.9273685434138,88.02153835311546,793.4083235074964,1138.446413579331,951.0,825.9273685434138,653.4083235074964,998.446413579331,125.07263145658624,"MATR_b3c33,MATR_b3c24,MATR_b4c35,MATR_b1c11,MATR_b2c42,MATR_b3c40,MATR_b1c30,MATR_b2c38",False,False,0.95
140,MATR_b3c39,1154.0,904.1113176903611,72.44121119910469,762.1291527436564,1046.093482637066,1014.0,764.1113176903611,622.1291527436564,906.093482637066,249.88868230963885,"MATR_b3c33,MATR_b3c24,MATR_b4c35,MATR_b1c11,MATR_b2c42,MATR_b3c40,MATR_b1c30,MATR_b2c38",False,False,0.95
140,MATR_b4c2,742.0,808.8244223555448,63.55945018755914,684.2501891107613,933.3986556003283,602.0,668.8244223555448,544.2501891107613,793.3986556003283,66.82442235554481,"MATR_b3c33,MATR_b3c24,MATR_b4c35,MATR_b1c11,MATR_b2c42,MATR_b3c40,MATR_b1c30,MATR_b2c38",False,False,0.95
140,MATR_b4c20,747.0,848.0434698893231,57.86149867498927,734.6370163948321,961.449923383814,607.0,708.0434698893231,594.6370163948321,821.449923383814,101.04346988932309,"MATR_b3c33,MATR_b3c24,MATR_b4c35,MATR_b1c11,MATR_b2c42,MATR_b3c40,MATR_b1c30,MATR_b2c38",False,False,0.95
140,MATR_b4c22,671.0,637.7565506605251,38.803519596701626,561.7030497775958,713.8100515434545,531.0,497.75655066052514,421.70304977759577,573.8100515434545,33.243449339474864,"MATR_b3c33,MATR_b3c24,MATR_b4c35,MATR_b1c11,MATR_b2c42,MATR_b3c40,MATR_b1c30,MATR_b2c38",False,False,0.95
140,MATR_b4c23,1038.0,896.8112366490366,70.43383997942136,758.7634469965134,1034.8590263015599,898.0,756.8112366490366,618.7634469965134,894.8590263015599,141.18876335096343,"MATR_b3c33,MATR_b3c24,MATR_b4c35,MATR_b1c11,MATR_b2c42,MATR_b3c40,MATR_b1c30,MATR_b2c38",False,False,0.95
140,MATR_b4c24,988.0,894.4348797418554,69.5974317583871,758.0264200789326,1030.8433394047784,848.0,754.4348797418554,618.0264200789326,890.8433394047784,93.56512025814459,"MATR_b3c33,MATR_b3c24,MATR_b4c35,MATR_b1c11,MATR_b2c42,MATR_b3c40,MATR_b1c30,MATR_b2c38",False,False,0.95
140,MATR_b4c26,476.0,495.61059598500196,23.5511702640234,449.45115047374543,541.7700414962585,336.0,355.61059598500196,309.45115047374543,401.7700414962585,19.610595985001964,"MATR_b3c33,MATR_b3c24,MATR_b4c35,MATR_b1c11,MATR_b2c42,MATR_b3c40,MATR_b1c30,MATR_b2c38",False,False,0.95
140,MATR_b4c38,1055.0,927.8524182530037,83.5537849997294,764.0900088815312,1091.6148276244762,915.0,787.8524182530037,624.0900088815312,951.6148276244762,127.14758174699625,"MATR_b3c33,MATR_b3c24,MATR_b4c35,MATR_b1c11,MATR_b2c42,MATR_b3c40,MATR_b1c30,MATR_b2c38",False,False,0.95
140,MATR_b4c39,738.0,722.1071592098331,46.875783060599204,630.2323126639459,813.9820057557203,598.0,582.1071592098331,490.2323126639459,673.9820057557203,15.892840790166929,"MATR_b3c33,MATR_b3c24,MATR_b4c35,MATR_b1c11,MATR_b2c42,MATR_b3c40,MATR_b1c30,MATR_b2c38",False,False,0.95
160,MATR_b1c17,858.0,836.2213649667854,69.43139552775662,700.138330336027,972.3043995975437,698.0,676.2213649667854,540.138330336027,812.3043995975437,21.77863503321464,"MATR_b2c13,MATR_b4c3,MATR_b4c6,MATR_b3c12,MATR_b3c20,MATR_b1c0,MATR_b2c6,MATR_b1c39",False,False,0.95
160,MATR_b1c25,852.0,938.6710432433407,82.42963139518109,777.1119344498736,1100.2301520368078,692.0,778.6710432433407,617.1119344498736,940.2301520368078,86.6710432433407,"MATR_b2c13,MATR_b4c3,MATR_b4c6,MATR_b3c12,MATR_b3c20,MATR_b1c0,MATR_b2c6,MATR_b1c39",False,False,0.95
160,MATR_b1c26,868.0,832.3177924742971,55.08133272803243,724.3603641068862,940.275220841708,708.0,672.3177924742971,564.3603641068862,780.275220841708,35.68220752570289,"MATR_b2c13,MATR_b4c3,MATR_b4c6,MATR_b3c12,MATR_b3c20,MATR_b1c0,MATR_b2c6,MATR_b1c39",False,False,0.95
160,MATR_b1c27,841.0,890.7078495884514,68.51774235001287,756.4155422804314,1025.0001568964713,681.0,730.7078495884514,596.4155422804314,865.0001568964713,49.70784958845138,"MATR_b2c13,MATR_b4c3,MATR_b4c6,MATR_b3c12,MATR_b3c20,MATR_b1c0,MATR_b2c6,MATR_b1c39",False,False,0.95
160,MATR_b1c3,1431.0,1140.6754231719638,117.57461622106867,910.2334098825504,1371.117436461377,1271.0,980.6754231719638,750.2334098825504,1211.117436461377,290.32457682803624,"MATR_b2c13,MATR_b4c3,MATR_b4c6,MATR_b3c12,MATR_b3c20,MATR_b1c0,MATR_b2c6,MATR_b1c39",False,False,0.95
160,MATR_b1c32,729.0,615.3878826200298,39.54401820615645,537.883031131967,692.8927341080927,569.0,455.3878826200298,377.88303113196696,532.8927341080927,113.61211737997019,"MATR_b2c13,MATR_b4c3,MATR_b4c6,MATR_b3c12,MATR_b3c20,MATR_b1c0,MATR_b2c6,MATR_b1c39",False,False,0.95
160,MATR_b1c33,754.0,661.2852595077126,41.758745585262815,579.4396221210264,743.1308968943987,594.0,501.28525950771257,419.43962212102645,583.1308968943987,92.71474049228743,"MATR_b2c13,MATR_b4c3,MATR_b4c6,MATR_b3c12,MATR_b3c20,MATR_b1c0,MATR_b2c6,MATR_b1c39",False,False,0.95
160,MATR_b1c4,1705.0,1576.8916561488595,226.83121256687843,1132.3106489482286,2021.4726633494904,1545.0,1416.8916561488595,972.3106489482286,1861.4726633494904,128.1083438511405,"MATR_b2c13,MATR_b4c3,MATR_b4c6,MATR_b3c12,MATR_b3c20,MATR_b1c0,MATR_b2c6,MATR_b1c39",False,False,0.95
160,MATR_b1c40,964.0,965.4412506215667,69.3850211300455,829.4491081401269,1101.4333931030064,804.0,805.4412506215667,669.4491081401269,941.4333931030064,1.4412506215667236,"MATR_b2c13,MATR_b4c3,MATR_b4c6,MATR_b3c12,MATR_b3c20,MATR_b1c0,MATR_b2c6,MATR_b1c39",False,False,0.95
160,MATR_b1c43,649.0,607.8314846843414,37.32732625096435,534.6712695932747,680.991699775408,489.0,447.8314846843414,374.6712695932747,520.991699775408,41.168515315658624,"MATR_b2c13,MATR_b4c3,MATR_b4c6,MATR_b3c12,MATR_b3c20,MATR_b1c0,MATR_b2c6,MATR_b1c39",False,False,0.95
160,MATR_b1c44,614.0,484.84483251244745,22.919553142179886,439.9233338120231,529.7663312128718,454.0,324.84483251244745,279.9233338120231,369.7663312128718,129.15516748755255,"MATR_b2c13,MATR_b4c3,MATR_b4c6,MATR_b3c12,MATR_b3c20,MATR_b1c0,MATR_b2c6,MATR_b1c39",False,False,0.95
160,MATR_b1c45,597.0,475.7151093741519,22.036248054944785,432.5248568320693,518.9053619162345,437.0,315.7151093741519,272.5248568320693,358.9053619162345,121.2848906258481,"MATR_b2c13,MATR_b4c3,MATR_b4c6,MATR_b3c12,MATR_b3c20,MATR_b1c0,MATR_b2c6,MATR_b1c39",False,False,0.95
160,MATR_b2c0,299.0,297.9345246975609,25.09410718623807,248.75097838834654,347.11807100677527,139.0,137.9345246975609,88.75097838834654,187.11807100677527,1.065475302439097,"MATR_b2c13,MATR_b4c3,MATR_b4c6,MATR_b3c12,MATR_b3c20,MATR_b1c0,MATR_b2c6,MATR_b1c39",False,False,0.95
160,MATR_b2c11,476.0,467.9434260513731,22.893878898748873,423.0722479434038,512.8146041593424,316.0,307.9434260513731,263.0722479434038,352.81460415934237,8.05657394862692,"MATR_b2c13,MATR_b4c3,MATR_b4c6,MATR_b3c12,MATR_b3c20,MATR_b1c0,MATR_b2c6,MATR_b1c39",False,False,0.95
160,MATR_b2c14,484.0,482.0578484699055,25.011585534193596,433.03604162664305,531.0796553131679,324.0,322.0578484699055,273.03604162664305,371.0796553131679,1.9421515300945202,"MATR_b2c13,MATR_b4c3,MATR_b4c6,MATR_b3c12,MATR_b3c20,MATR_b1c0,MATR_b2c6,MATR_b1c39",False,False,0.95
160,MATR_b2c18,486.0,474.3804269734693,19.093735072281415,436.9573939014484,511.80346004549017,326.0,314.3804269734693,276.9573939014484,351.80346004549017,11.619573026530702,"MATR_b2c13,MATR_b4c3,MATR_b4c6,MATR_b3c12,MATR_b3c20,MATR_b1c0,MATR_b2c6,MATR_b1c39",False,False,0.95
160,MATR_b2c26,470.0,452.483616538396,22.24832770777254,408.87769551491726,496.08953756187475,310.0,292.483616538396,248.87769551491726,336.08953756187475,17.516383461603994,"MATR_b2c13,MATR_b4c3,MATR_b4c6,MATR_b3c12,MATR_b3c20,MATR_b1c0,MATR_b2c6,MATR_b1c39",False,False,0.95
160,MATR_b2c28,508.0,497.2620881475357,28.916332989755933,440.58711692264666,553.9370593724248,348.0,337.2620881475357,280.58711692264666,393.93705937242476,10.737911852464322,"MATR_b2c13,MATR_b4c3,MATR_b4c6,MATR_b3c12,MATR_b3c20,MATR_b1c0,MATR_b2c6,MATR_b1c39",False,False,0.95
160,MATR_b2c31,491.0,542.7895668009468,33.92655757444254,476.2947358356148,609.2843977662787,331.0,382.7895668009468,316.2947358356148,449.28439776627874,51.78956680094677,"MATR_b2c13,MATR_b4c3,MATR_b4c6,MATR_b3c12,MATR_b3c20,MATR_b1c0,MATR_b2c6,MATR_b1c39",False,False,0.95
160,MATR_b2c43,461.0,439.5676469990482,21.619034506858366,397.19511798507716,481.9401760130192,301.0,279.5676469990482,237.19511798507716,321.9401760130192,21.43235300095182,"MATR_b2c13,MATR_b4c3,MATR_b4c6,MATR_b3c12,MATR_b3c20,MATR_b1c0,MATR_b2c6,MATR_b1c39",False,False,0.95
160,MATR_b3c21,770.0,816.876545959425,50.3200655607482,718.2510297606642,915.5020621581858,610.0,656.876545959425,558.2510297606642,755.5020621581858,46.876545959425016,"MATR_b2c13,MATR_b4c3,MATR_b4c6,MATR_b3c12,MATR_b3c20,MATR_b1c0,MATR_b2c6,MATR_b1c39",False,False,0.95
160,MATR_b3c27,847.0,895.0447919623232,69.19938169255222,759.4164960924804,1030.673087832166,687.0,735.0447919623232,599.4164960924804,870.673087832166,48.04479196232319,"MATR_b2c13,MATR_b4c3,MATR_b4c6,MATR_b3c12,MATR_b3c20,MATR_b1c0,MATR_b2c6,MATR_b1c39",False,False,0.95
160,MATR_b3c34,1156.0,1002.5915877165032,93.10472648982889,820.1096770059863,1185.0734984270202,996.0,842.5915877165032,660.1096770059863,1025.0734984270202,153.40841228349677,"MATR_b2c13,MATR_b4c3,MATR_b4c6,MATR_b3c12,MATR_b3c20,MATR_b1c0,MATR_b2c6,MATR_b1c39",False,False,0.95
160,MATR_b3c35,1091.0,986.696214427308,84.48729670830376,821.1041557278832,1152.2882731267327,931.0,826.696214427308,661.1041557278832,992.2882731267327,104.30378557269205,"MATR_b2c13,MATR_b4c3,MATR_b4c6,MATR_b3c12,MATR_b3c20,MATR_b1c0,MATR_b2c6,MATR_b1c39",False,False,0.95
160,MATR_b3c39,1154.0,904.9526763594382,64.75335451753918,778.0384336269075,1031.866919091969,994.0,744.9526763594382,618.0384336269075,871.8669190919691,249.04732364056179,"MATR_b2c13,MATR_b4c3,MATR_b4c6,MATR_b3c12,MATR_b3c20,MATR_b1c0,MATR_b2c6,MATR_b1c39",False,False,0.95
160,MATR_b4c2,742.0,840.2360033852761,61.76503806992608,719.1787532644757,961.2932535060766,582.0,680.2360033852761,559.1787532644757,801.2932535060766,98.23600338527615,"MATR_b2c13,MATR_b4c3,MATR_b4c6,MATR_b3c12,MATR_b3c20,MATR_b1c0,MATR_b2c6,MATR_b1c39",False,False,0.95
160,MATR_b4c20,747.0,865.9670233015793,54.84738977840449,758.4681146898762,973.4659319132824,587.0,705.9670233015793,598.4681146898762,813.4659319132824,118.96702330157927,"MATR_b2c13,MATR_b4c3,MATR_b4c6,MATR_b3c12,MATR_b3c20,MATR_b1c0,MATR_b2c6,MATR_b1c39",False,False,0.95
160,MATR_b4c22,671.0,643.5940414497314,34.859575183856954,575.2705295730055,711.9175533264573,511.0,483.59404144973144,415.27052957300555,551.9175533264573,27.405958550268565,"MATR_b2c13,MATR_b4c3,MATR_b4c6,MATR_b3c12,MATR_b3c20,MATR_b1c0,MATR_b2c6,MATR_b1c39",False,False,0.95
160,MATR_b4c23,1038.0,906.6733140350356,64.46985980526722,780.3147107283654,1033.0319173417058,878.0,746.6733140350356,620.3147107283654,873.0319173417058,131.32668596496444,"MATR_b2c13,MATR_b4c3,MATR_b4c6,MATR_b3c12,MATR_b3c20,MATR_b1c0,MATR_b2c6,MATR_b1c39",False,False,0.95
160,MATR_b4c24,988.0,931.0419441719257,66.99496183659127,799.7342318265714,1062.34965651728,828.0,771.0419441719257,639.7342318265714,902.34965651728,56.95805582807429,"MATR_b2c13,MATR_b4c3,MATR_b4c6,MATR_b3c12,MATR_b3c20,MATR_b1c0,MATR_b2c6,MATR_b1c39",False,False,0.95
160,MATR_b4c26,476.0,504.63862453255825,22.98596337903261,459.58696415969774,549.6902849054188,316.0,344.63862453255825,299.58696415969774,389.6902849054188,28.638624532558254,"MATR_b2c13,MATR_b4c3,MATR_b4c6,MATR_b3c12,MATR_b3c20,MATR_b1c0,MATR_b2c6,MATR_b1c39",False,False,0.95
160,MATR_b4c38,1055.0,948.3419775418733,79.29529800730342,792.9260493041879,1103.7579057795588,895.0,788.3419775418733,632.9260493041879,943.7579057795588,106.65802245812665,"MATR_b2c13,MATR_b4c3,MATR_b4c6,MATR_b3c12,MATR_b3c20,MATR_b1c0,MATR_b2c6,MATR_b1c39",False,False,0.95
160,MATR_b4c39,738.0,738.350887773515,43.203430062082184,653.6737208432388,823.0280547037911,578.0,578.350887773515,493.6737208432388,663.0280547037911,0.35088777351495537,"MATR_b2c13,MATR_b4c3,MATR_b4c6,MATR_b3c12,MATR_b3c20,MATR_b1c0,MATR_b2c6,MATR_b1c39",False,False,0.95
180,MATR_b1c17,858.0,897.5633926889111,72.55837653100534,755.3515879114443,1039.775197466378,678.0,717.5633926889111,575.3515879114443,859.7751974663779,39.56339268891111,"MATR_b1c11,MATR_b2c19,MATR_b2c45,MATR_b4c4,MATR_b4c9,MATR_b2c40,MATR_b2c12,MATR_b1c35",False,False,0.95
180,MATR_b1c25,852.0,979.3985636918992,86.67923405917118,809.5103867284062,1149.2867406553924,672.0,799.3985636918992,629.5103867284062,969.2867406553924,127.3985636918992,"MATR_b1c11,MATR_b2c19,MATR_b2c45,MATR_b4c4,MATR_b4c9,MATR_b2c40,MATR_b2c12,MATR_b1c35",False,False,0.95
180,MATR_b1c26,868.0,900.8194541425588,59.416204140831894,784.3658339284486,1017.273074356669,688.0,720.8194541425588,604.3658339284486,837.273074356669,32.81945414255881,"MATR_b1c11,MATR_b2c19,MATR_b2c45,MATR_b4c4,MATR_b4c9,MATR_b2c40,MATR_b2c12,MATR_b1c35",False,False,0.95
180,MATR_b1c27,841.0,926.5757984138926,70.5156902239949,788.3675852298794,1064.7840115979056,661.0,746.5757984138926,608.3675852298794,884.7840115979056,85.57579841389258,"MATR_b1c11,MATR_b2c19,MATR_b2c45,MATR_b4c4,MATR_b4c9,MATR_b2c40,MATR_b2c12,MATR_b1c35",False,False,0.95
180,MATR_b1c3,1431.0,1220.5946242075274,131.49017909444055,962.8786088617026,1478.3106395533523,1251.0,1040.5946242075274,782.8786088617026,1298.3106395533523,210.40537579247257,"MATR_b1c11,MATR_b2c19,MATR_b2c45,MATR_b4c4,MATR_b4c9,MATR_b2c40,MATR_b2c12,MATR_b1c35",False,False,0.95
180,MATR_b1c32,729.0,701.2336588684616,47.7242955289969,607.6957584440818,794.7715592928414,549.0,521.2336588684616,427.6957584440818,614.7715592928414,27.76634113153841,"MATR_b1c11,MATR_b2c19,MATR_b2c45,MATR_b4c4,MATR_b4c9,MATR_b2c40,MATR_b2c12,MATR_b1c35",False,False,0.95
180,MATR_b1c33,754.0,725.9420613755311,44.440271372651,638.8407300219488,813.0433927291134,574.0,545.9420613755311,458.84073002194884,633.0433927291134,28.057938624468875,"MATR_b1c11,MATR_b2c19,MATR_b2c45,MATR_b4c4,MATR_b4c9,MATR_b2c40,MATR_b2c12,MATR_b1c35",False,False,0.95
180,MATR_b1c4,1705.0,1724.19421878651,240.12368093788825,1253.560452313062,2194.827985259958,1525.0,1544.19421878651,1073.560452313062,2014.827985259958,19.194218786509964,"MATR_b1c11,MATR_b2c19,MATR_b2c45,MATR_b4c4,MATR_b4c9,MATR_b2c40,MATR_b2c12,MATR_b1c35",False,False,0.95
180,MATR_b1c40,964.0,999.0343007194847,71.88320066742918,858.1458163178579,1139.9227851211115,784.0,819.0343007194847,678.1458163178579,959.9227851211115,35.03430071948469,"MATR_b1c11,MATR_b2c19,MATR_b2c45,MATR_b4c4,MATR_b4c9,MATR_b2c40,MATR_b2c12,MATR_b1c35",False,False,0.95
180,MATR_b1c43,649.0,659.3940465087235,37.534599666508925,585.8275829882368,732.9605100292101,469.0,479.3940465087235,405.8275829882368,552.9605100292101,10.394046508723477,"MATR_b1c11,MATR_b2c19,MATR_b2c45,MATR_b4c4,MATR_b4c9,MATR_b2c40,MATR_b2c12,MATR_b1c35",False,False,0.95
180,MATR_b1c44,614.0,511.56722811358804,22.957620054493532,466.57111963602625,556.5633365911498,434.0,331.56722811358804,286.57111963602625,376.5633365911498,102.43277188641196,"MATR_b1c11,MATR_b2c19,MATR_b2c45,MATR_b4c4,MATR_b4c9,MATR_b2c40,MATR_b2c12,MATR_b1c35",False,False,0.95
180,MATR_b1c45,597.0,491.7014536474379,20.740816986093204,451.05019934475865,532.3527079501172,417.0,311.7014536474379,271.05019934475865,352.3527079501172,105.29854635256208,"MATR_b1c11,MATR_b2c19,MATR_b2c45,MATR_b4c4,MATR_b4c9,MATR_b2c40,MATR_b2c12,MATR_b1c35",False,False,0.95
180,MATR_b2c0,299.0,302.3741735016,25.552900715306503,252.29140839907149,352.45693860412854,119.0,122.37417350160001,72.29140839907149,172.45693860412854,3.374173501600012,"MATR_b1c11,MATR_b2c19,MATR_b2c45,MATR_b4c4,MATR_b4c9,MATR_b2c40,MATR_b2c12,MATR_b1c35",False,False,0.95
180,MATR_b2c11,476.0,472.70565304764744,20.109114756260414,433.2925123643941,512.1187937309008,296.0,292.70565304764744,253.2925123643941,332.11879373090085,3.294346952352555,"MATR_b1c11,MATR_b2c19,MATR_b2c45,MATR_b4c4,MATR_b4c9,MATR_b2c40,MATR_b2c12,MATR_b1c35",False,False,0.95
180,MATR_b2c14,484.0,485.0721275824688,22.676591109799705,440.6268257151202,529.5174294498174,304.0,305.0721275824688,260.6268257151202,349.5174294498174,1.072127582468795,"MATR_b1c11,MATR_b2c19,MATR_b2c45,MATR_b4c4,MATR_b4c9,MATR_b2c40,MATR_b2c12,MATR_b1c35",False,False,0.95
180,MATR_b2c18,486.0,485.5213464627439,18.128975729033986,449.98920695723655,521.0534859682513,306.0,305.5213464627439,269.98920695723655,341.05348596825127,0.4786535372560934,"MATR_b1c11,MATR_b2c19,MATR_b2c45,MATR_b4c4,MATR_b4c9,MATR_b2c40,MATR_b2c12,MATR_b1c35",False,False,0.95
180,MATR_b2c26,470.0,462.2108166742821,20.45588489444684,422.1180190092694,502.3036143392948,290.0,282.2108166742821,242.1180190092694,322.3036143392948,7.789183325717886,"MATR_b1c11,MATR_b2c19,MATR_b2c45,MATR_b4c4,MATR_b4c9,MATR_b2c40,MATR_b2c12,MATR_b1c35",False,False,0.95
180,MATR_b2c28,508.0,504.6183877439975,25.060484802253182,455.5007400964679,553.7360353915271,328.0,324.6183877439975,275.5007400964679,373.73603539152714,3.3816122560024837,"MATR_b1c11,MATR_b2c19,MATR_b2c45,MATR_b4c4,MATR_b4c9,MATR_b2c40,MATR_b2c12,MATR_b1c35",False,False,0.95
180,MATR_b2c31,491.0,536.6808368499239,29.020379870754308,479.80193748557434,593.5597362142735,311.0,356.68083684992394,299.80193748557434,413.55973621427347,45.680836849923935,"MATR_b1c11,MATR_b2c19,MATR_b2c45,MATR_b4c4,MATR_b4c9,MATR_b2c40,MATR_b2c12,MATR_b1c35",False,False,0.95
180,MATR_b2c43,461.0,447.1875354947351,20.762216917174012,406.4943380978658,487.88073289160434,281.0,267.1875354947351,226.4943380978658,307.88073289160434,13.812464505264927,"MATR_b1c11,MATR_b2c19,MATR_b2c45,MATR_b4c4,MATR_b4c9,MATR_b2c40,MATR_b2c12,MATR_b1c35",False,False,0.95
180,MATR_b3c21,770.0,757.1951337989749,41.54643424957537,675.7656189837458,838.624648614204,590.0,577.1951337989749,495.76561898374575,658.624648614204,12.804866201025106,"MATR_b1c11,MATR_b2c19,MATR_b2c45,MATR_b4c4,MATR_b4c9,MATR_b2c40,MATR_b2c12,MATR_b1c35",False,False,0.95
180,MATR_b3c27,847.0,913.1961510925363,67.36979633424083,781.1537766316258,1045.2385255534468,667.0,733.1961510925363,601.1537766316258,865.2385255534468,66.1961510925363,"MATR_b1c11,MATR_b2c19,MATR_b2c45,MATR_b4c4,MATR_b4c9,MATR_b2c40,MATR_b2c12,MATR_b1c35",False,False,0.95
180,MATR_b3c34,1156.0,1007.9719256695455,88.047307160979,835.4023746982912,1180.5414766407998,976.0,827.9719256695455,655.4023746982912,1000.5414766407998,148.0280743304545,"MATR_b1c11,MATR_b2c19,MATR_b2c45,MATR_b4c4,MATR_b4c9,MATR_b2c40,MATR_b2c12,MATR_b1c35",False,False,0.95
180,MATR_b3c35,1091.0,1041.771580139648,94.88066544556787,855.808893037141,1227.734267242155,911.0,861.771580139648,675.808893037141,1047.734267242155,49.228419860352005,"MATR_b1c11,MATR_b2c19,MATR_b2c45,MATR_b4c4,MATR_b4c9,MATR_b2c40,MATR_b2c12,MATR_b1c35",False,False,0.95
180,MATR_b3c39,1154.0,908.2177687163922,61.92503163331809,786.8469369735852,1029.5886004591991,974.0,728.2177687163922,606.8469369735852,849.5886004591991,245.78223128360776,"MATR_b1c11,MATR_b2c19,MATR_b2c45,MATR_b4c4,MATR_b4c9,MATR_b2c40,MATR_b2c12,MATR_b1c35",False,False,0.95
180,MATR_b4c2,742.0,866.7318226060827,62.420435782439256,744.3900165732065,989.0736286389589,562.0,686.7318226060827,564.3900165732065,809.0736286389589,124.73182260608269,"MATR_b1c11,MATR_b2c19,MATR_b2c45,MATR_b4c4,MATR_b4c9,MATR_b2c40,MATR_b2c12,MATR_b1c35",False,False,0.95
180,MATR_b4c20,747.0,889.2161334911149,56.54556367305508,778.3888652064105,1000.0434017758192,567.0,709.2161334911149,598.3888652064105,820.0434017758192,142.21613349111487,"MATR_b1c11,MATR_b2c19,MATR_b2c45,MATR_b4c4,MATR_b4c9,MATR_b2c40,MATR_b2c12,MATR_b1c35",False,False,0.95
180,MATR_b4c22,671.0,633.500659461772,30.84259393155024,573.0502861661399,693.951032757404,491.0,453.500659461772,393.0502861661399,513.951032757404,37.49934053822801,"MATR_b1c11,MATR_b2c19,MATR_b2c45,MATR_b4c4,MATR_b4c9,MATR_b2c40,MATR_b2c12,MATR_b1c35",False,False,0.95
180,MATR_b4c23,1038.0,924.3349807078521,63.39944716772387,800.0743476193634,1048.5956137963408,858.0,744.3349807078521,620.0743476193634,868.5956137963408,113.66501929214792,"MATR_b1c11,MATR_b2c19,MATR_b2c45,MATR_b4c4,MATR_b4c9,MATR_b2c40,MATR_b2c12,MATR_b1c35",False,False,0.95
180,MATR_b4c24,988.0,981.2425701261709,71.43268152620685,841.2370870156858,1121.248053236656,808.0,801.2425701261709,661.2370870156858,941.248053236656,6.757429873829096,"MATR_b1c11,MATR_b2c19,MATR_b2c45,MATR_b4c4,MATR_b4c9,MATR_b2c40,MATR_b2c12,MATR_b1c35",False,False,0.95
180,MATR_b4c26,476.0,524.1083064166269,23.192076016167928,478.65267269822255,569.5639401350312,296.0,344.1083064166269,298.65267269822255,389.5639401350312,48.108306416626874,"MATR_b1c11,MATR_b2c19,MATR_b2c45,MATR_b4c4,MATR_b4c9,MATR_b2c40,MATR_b2c12,MATR_b1c35",False,False,0.95
180,MATR_b4c38,1055.0,963.0084482046104,78.01189789838006,810.1079379581696,1115.9089584510511,875.0,783.0084482046104,630.1079379581696,935.9089584510511,91.99155179538957,"MATR_b1c11,MATR_b2c19,MATR_b2c45,MATR_b4c4,MATR_b4c9,MATR_b2c40,MATR_b2c12,MATR_b1c35",False,False,0.95
180,MATR_b4c39,738.0,756.3250096638217,41.735199041563654,674.5255226547464,838.124496672897,558.0,576.3250096638217,494.5255226547464,658.124496672897,18.325009663821675,"MATR_b1c11,MATR_b2c19,MATR_b2c45,MATR_b4c4,MATR_b4c9,MATR_b2c40,MATR_b2c12,MATR_b1c35",False,False,0.95
200,MATR_b1c17,858.0,876.9807158033324,66.10254783039304,747.4221027694258,1006.5393288372389,658.0,676.9807158033324,547.4221027694258,806.5393288372389,18.980715803332373,"MATR_b4c8,MATR_b4c25,MATR_b2c32,MATR_b2c34,MATR_b1c7,MATR_b1c37,MATR_b3c6,MATR_b4c37",False,False,0.95
200,MATR_b1c25,852.0,960.4943203756811,80.43789640441607,802.8389404308617,1118.1497003205004,652.0,760.4943203756811,602.8389404308617,918.1497003205004,108.49432037568113,"MATR_b4c8,MATR_b4c25,MATR_b2c32,MATR_b2c34,MATR_b1c7,MATR_b1c37,MATR_b3c6,MATR_b4c37",False,False,0.95
200,MATR_b1c26,868.0,884.328476231537,55.37352736809685,775.7983568931243,992.8585955699498,668.0,684.328476231537,575.7983568931243,792.8585955699498,16.328476231537024,"MATR_b4c8,MATR_b4c25,MATR_b2c32,MATR_b2c34,MATR_b1c7,MATR_b1c37,MATR_b3c6,MATR_b4c37",False,False,0.95
200,MATR_b1c27,841.0,900.6900899988622,64.10904448473977,775.0386717254961,1026.3415082722283,641.0,700.6900899988622,575.0386717254961,826.3415082722283,59.69008999886216,"MATR_b4c8,MATR_b4c25,MATR_b2c32,MATR_b2c34,MATR_b1c7,MATR_b1c37,MATR_b3c6,MATR_b4c37",False,False,0.95
200,MATR_b1c3,1431.0,1300.1612512128581,149.3401708346341,1007.4598949319163,1592.8626074938,1231.0,1100.1612512128581,807.4598949319163,1392.8626074938,130.83874878714187,"MATR_b4c8,MATR_b4c25,MATR_b2c32,MATR_b2c34,MATR_b1c7,MATR_b1c37,MATR_b3c6,MATR_b4c37",False,False,0.95
200,MATR_b1c32,729.0,679.4796123571739,42.99706210097904,595.2069191982229,763.7523055161249,529.0,479.4796123571739,395.20691919822286,563.7523055161249,49.52038764282611,"MATR_b4c8,MATR_b4c25,MATR_b2c32,MATR_b2c34,MATR_b1c7,MATR_b1c37,MATR_b3c6,MATR_b4c37",False,False,0.95
200,MATR_b1c33,754.0,705.4826468636402,40.386913547262054,626.3257508642738,784.6395428630066,554.0,505.4826468636402,426.3257508642738,584.6395428630066,48.517353136359816,"MATR_b4c8,MATR_b4c25,MATR_b2c32,MATR_b2c34,MATR_b1c7,MATR_b1c37,MATR_b3c6,MATR_b4c37",False,False,0.95
200,MATR_b1c4,1705.0,1834.5022676011413,247.56107899168504,1349.2914688035632,2319.713066398719,1505.0,1634.5022676011413,1149.2914688035632,2119.713066398719,129.50226760114128,"MATR_b4c8,MATR_b4c25,MATR_b2c32,MATR_b2c34,MATR_b1c7,MATR_b1c37,MATR_b3c6,MATR_b4c37",False,False,0.95
200,MATR_b1c40,964.0,989.3959911501738,67.98048871127699,856.1566816246392,1122.6353006757083,764.0,789.3959911501738,656.1566816246392,922.6353006757083,25.395991150173813,"MATR_b4c8,MATR_b4c25,MATR_b2c32,MATR_b2c34,MATR_b1c7,MATR_b1c37,MATR_b3c6,MATR_b4c37",False,False,0.95
200,MATR_b1c43,649.0,645.69829865876,34.50649996213181,578.066801500449,713.329795817071,449.0,445.69829865876,378.06680150044895,513.329795817071,3.3017013412400047,"MATR_b4c8,MATR_b4c25,MATR_b2c32,MATR_b2c34,MATR_b1c7,MATR_b1c37,MATR_b3c6,MATR_b4c37",False,False,0.95
200,MATR_b1c44,614.0,499.8345811442205,21.70560824483661,457.2923707218051,542.3767915666359,414.0,299.8345811442205,257.2923707218051,342.3767915666359,114.16541885577948,"MATR_b4c8,MATR_b4c25,MATR_b2c32,MATR_b2c34,MATR_b1c7,MATR_b1c37,MATR_b3c6,MATR_b4c37",False,False,0.95
200,MATR_b1c45,597.0,483.94694322560593,20.08896071157815,444.57330374407263,523.3205827071392,397.0,283.94694322560593,244.57330374407263,323.32058270713924,113.05305677439407,"MATR_b4c8,MATR_b4c25,MATR_b2c32,MATR_b2c34,MATR_b1c7,MATR_b1c37,MATR_b3c6,MATR_b4c37",False,False,0.95
200,MATR_b2c0,299.0,306.26080950422266,24.208712225044128,258.8126054310417,353.70901357740365,99.0,106.26080950422266,58.812605431041675,153.70901357740365,7.260809504222664,"MATR_b4c8,MATR_b4c25,MATR_b2c32,MATR_b2c34,MATR_b1c7,MATR_b1c37,MATR_b3c6,MATR_b4c37",False,False,0.95
200,MATR_b2c11,476.0,469.31931963175083,19.311404665126908,431.4696619972233,507.1689772662784,276.0,269.31931963175083,231.46966199722328,307.1689772662784,6.68068036824917,"MATR_b4c8,MATR_b4c25,MATR_b2c32,MATR_b2c34,MATR_b1c7,MATR_b1c37,MATR_b3c6,MATR_b4c37",False,False,0.95
200,MATR_b2c14,484.0,477.3313668291262,21.39525250550543,435.3974424781952,519.2652911800571,284.0,277.3313668291262,235.39744247819522,319.26529118005715,6.668633170873818,"MATR_b4c8,MATR_b4c25,MATR_b2c32,MATR_b2c34,MATR_b1c7,MATR_b1c37,MATR_b3c6,MATR_b4c37",False,False,0.95
200,MATR_b2c18,486.0,473.1408007403626,17.507926182525335,438.8258959786271,507.45570550209806,286.0,273.1408007403626,238.8258959786271,307.45570550209806,12.859199259637421,"MATR_b4c8,MATR_b4c25,MATR_b2c32,MATR_b2c34,MATR_b1c7,MATR_b1c37,MATR_b3c6,MATR_b4c37",False,False,0.95
200,MATR_b2c26,470.0,460.03252497102835,19.56656078108141,421.6827705387949,498.3822794032618,270.0,260.03252497102835,221.6827705387949,298.3822794032618,9.967475028971648,"MATR_b4c8,MATR_b4c25,MATR_b2c32,MATR_b2c34,MATR_b1c7,MATR_b1c37,MATR_b3c6,MATR_b4c37",False,False,0.95
200,MATR_b2c28,508.0,500.6567999721542,23.474090795070843,454.64842744399215,546.6651725003162,308.0,300.6567999721542,254.64842744399215,346.6651725003162,7.343200027845796,"MATR_b4c8,MATR_b4c25,MATR_b2c32,MATR_b2c34,MATR_b1c7,MATR_b1c37,MATR_b3c6,MATR_b4c37",False,False,0.95
200,MATR_b2c31,491.0,525.0247303322436,26.487660674390224,473.1098693757209,576.9395912887663,291.0,325.0247303322436,273.1098693757209,376.93959128876634,34.02473033224362,"MATR_b4c8,MATR_b4c25,MATR_b2c32,MATR_b2c34,MATR_b1c7,MATR_b1c37,MATR_b3c6,MATR_b4c37",False,False,0.95
200,MATR_b2c43,461.0,444.4788129765522,19.796919738716586,405.6775632838376,483.2800626692668,261.0,244.4788129765522,205.67756328383763,283.2800626692668,16.521187023447794,"MATR_b4c8,MATR_b4c25,MATR_b2c32,MATR_b2c34,MATR_b1c7,MATR_b1c37,MATR_b3c6,MATR_b4c37",False,False,0.95
200,MATR_b3c21,770.0,734.1863848244111,38.354809000251365,659.0123405500058,809.3604290988164,570.0,534.1863848244111,459.0123405500058,609.3604290988164,35.81361517558889,"MATR_b4c8,MATR_b4c25,MATR_b2c32,MATR_b2c34,MATR_b1c7,MATR_b1c37,MATR_b3c6,MATR_b4c37",False,False,0.95
200,MATR_b3c27,847.0,876.0064373678957,60.280806747424016,757.8582271839256,994.1546475518659,647.0,676.0064373678957,557.8582271839256,794.1546475518659,29.006437367895728,"MATR_b4c8,MATR_b4c25,MATR_b2c32,MATR_b2c34,MATR_b1c7,MATR_b1c37,MATR_b3c6,MATR_b4c37",False,False,0.95
200,MATR_b3c34,1156.0,997.1933014341673,83.96914035671666,832.6168105222139,1161.7697923461208,956.0,797.1933014341673,632.6168105222139,961.7697923461208,158.80669856583268,"MATR_b4c8,MATR_b4c25,MATR_b2c32,MATR_b2c34,MATR_b1c7,MATR_b1c37,MATR_b3c6,MATR_b4c37",False,False,0.95
200,MATR_b3c35,1091.0,1048.1275771688418,95.78925942617143,860.3840785877819,1235.8710757499016,891.0,848.1275771688418,660.3840785877819,1035.8710757499016,42.87242283115825,"MATR_b4c8,MATR_b4c25,MATR_b2c32,MATR_b2c34,MATR_b1c7,MATR_b1c37,MATR_b3c6,MATR_b4c37",False,False,0.95
200,MATR_b3c39,1154.0,881.5333501913544,56.64363644602857,770.5138628037581,992.5528375789507,954.0,681.5333501913544,570.5138628037581,792.5528375789507,272.46664980864557,"MATR_b4c8,MATR_b4c25,MATR_b2c32,MATR_b2c34,MATR_b1c7,MATR_b1c37,MATR_b3c6,MATR_b4c37",False,False,0.95
200,MATR_b4c2,742.0,825.9108724981877,55.97402569930662,716.2037980578273,935.6179469385481,542.0,625.9108724981877,516.2037980578273,735.6179469385481,83.9108724981877,"MATR_b4c8,MATR_b4c25,MATR_b2c32,MATR_b2c34,MATR_b1c7,MATR_b1c37,MATR_b3c6,MATR_b4c37",False,False,0.95
200,MATR_b4c20,747.0,847.285715635043,50.932597215997,747.4596594526038,947.1117718174821,547.0,647.285715635043,547.4596594526038,747.1117718174821,100.28571563504295,"MATR_b4c8,MATR_b4c25,MATR_b2c32,MATR_b2c34,MATR_b1c7,MATR_b1c37,MATR_b3c6,MATR_b4c37",False,False,0.95
200,MATR_b4c22,671.0,603.5657966103785,27.462279541783975,549.7407177751107,657.3908754456462,471.0,403.56579661037847,349.74071777511074,457.3908754456462,67.43420338962153,"MATR_b4c8,MATR_b4c25,MATR_b2c32,MATR_b2c34,MATR_b1c7,MATR_b1c37,MATR_b3c6,MATR_b4c37",False,False,0.95
200,MATR_b4c23,1038.0,893.2715480929113,57.153248901136884,781.2532386472296,1005.289857538593,838.0,693.2715480929113,581.2532386472296,805.289857538593,144.7284519070887,"MATR_b4c8,MATR_b4c25,MATR_b2c32,MATR_b2c34,MATR_b1c7,MATR_b1c37,MATR_b3c6,MATR_b4c37",False,False,0.95
200,MATR_b4c24,988.0,966.1105209363316,66.56631072039075,835.6429493406632,1096.578092532,788.0,766.1105209363316,635.6429493406632,896.578092532,21.889479063668432,"MATR_b4c8,MATR_b4c25,MATR_b2c32,MATR_b2c34,MATR_b1c7,MATR_b1c37,MATR_b3c6,MATR_b4c37",False,False,0.95
200,MATR_b4c26,476.0,518.1704165694068,22.51644624331565,474.038992872676,562.3018402661377,276.0,318.1704165694068,274.038992872676,362.3018402661377,42.170416569406825,"MATR_b4c8,MATR_b4c25,MATR_b2c32,MATR_b2c34,MATR_b1c7,MATR_b1c37,MATR_b3c6,MATR_b4c37",False,False,0.95
200,MATR_b4c38,1055.0,939.8184124160744,71.63894546643421,799.4086594114343,1080.2281654207143,855.0,739.8184124160744,599.4086594114343,880.2281654207143,115.18158758392565,"MATR_b4c8,MATR_b4c25,MATR_b2c32,MATR_b2c34,MATR_b1c7,MATR_b1c37,MATR_b3c6,MATR_b4c37",False,False,0.95
200,MATR_b4c39,738.0,716.5435837558837,36.705219946922206,644.602674615295,788.4844928964724,538.0,516.5435837558837,444.602674615295,588.4844928964724,21.456416244116326,"MATR_b4c8,MATR_b4c25,MATR_b2c32,MATR_b2c34,MATR_b1c7,MATR_b1c37,MATR_b3c6,MATR_b4c37",False,False,0.95
220,MATR_b1c17,858.0,874.7351036805627,67.55676913023274,742.3262692734193,1007.1439380877061,638.0,654.7351036805627,522.3262692734193,787.1439380877061,16.735103680562702,"MATR_b2c38,MATR_b2c22,MATR_b2c40,MATR_b4c40,MATR_b4c8,MATR_b1c9,MATR_b3c5,MATR_b2c41",False,False,0.95
220,MATR_b1c25,852.0,953.705861283656,82.18442582163921,792.6273465831396,1114.7843759841724,632.0,733.705861283656,572.6273465831396,894.7843759841724,101.70586128365596,"MATR_b2c38,MATR_b2c22,MATR_b2c40,MATR_b4c40,MATR_b4c8,MATR_b1c9,MATR_b3c5,MATR_b2c41",False,False,0.95
220,MATR_b1c26,868.0,885.939967639112,57.48879187707157,773.2640060453328,998.6159292328911,648.0,665.939967639112,553.2640060453328,778.6159292328911,17.939967639111956,"MATR_b2c38,MATR_b2c22,MATR_b2c40,MATR_b4c40,MATR_b4c8,MATR_b1c9,MATR_b3c5,MATR_b2c41",False,False,0.95
220,MATR_b1c27,841.0,902.1434507623659,66.4358779986066,771.9315226038,1032.3553789209318,621.0,682.1434507623659,551.9315226038,812.3553789209318,61.14345076236589,"MATR_b2c38,MATR_b2c22,MATR_b2c40,MATR_b4c40,MATR_b4c8,MATR_b1c9,MATR_b3c5,MATR_b2c41",False,False,0.95
220,MATR_b1c3,1431.0,1378.9224162076991,175.07261867386833,1035.7863889278028,1722.0584434875955,1211.0,1158.9224162076991,815.7863889278028,1502.0584434875955,52.07758379230086,"MATR_b2c38,MATR_b2c22,MATR_b2c40,MATR_b4c40,MATR_b4c8,MATR_b1c9,MATR_b3c5,MATR_b2c41",False,False,0.95
220,MATR_b1c32,729.0,687.2067794733408,44.955080143326654,599.0964414703088,775.3171174763728,509.0,467.2067794733408,379.09644147030883,555.3171174763728,41.793220526659184,"MATR_b2c38,MATR_b2c22,MATR_b2c40,MATR_b4c40,MATR_b4c8,MATR_b1c9,MATR_b3c5,MATR_b2c41",False,False,0.95
220,MATR_b1c33,754.0,713.9808734497437,42.28200841620636,631.1096597599599,796.8520871395276,534.0,493.98087344974374,411.10965975995987,576.8520871395276,40.01912655025626,"MATR_b2c38,MATR_b2c22,MATR_b2c40,MATR_b4c40,MATR_b4c8,MATR_b1c9,MATR_b3c5,MATR_b2c41",False,False,0.95
220,MATR_b1c4,1705.0,1901.099760943158,250.61235171025282,1409.9085775101776,2392.290944376138,1485.0,1681.099760943158,1189.9085775101776,2172.290944376138,196.0997609431579,"MATR_b2c38,MATR_b2c22,MATR_b2c40,MATR_b4c40,MATR_b4c8,MATR_b1c9,MATR_b3c5,MATR_b2c41",False,False,0.95
220,MATR_b1c40,964.0,989.0449301508614,70.86850066530897,850.145221208503,1127.9446390932198,744.0,769.0449301508614,630.145221208503,907.9446390932198,25.044930150861433,"MATR_b2c38,MATR_b2c22,MATR_b2c40,MATR_b4c40,MATR_b4c8,MATR_b1c9,MATR_b3c5,MATR_b2c41",False,False,0.95
220,MATR_b1c43,649.0,653.5700216947089,36.165892983003175,582.6861739792928,724.453869410125,429.0,433.5700216947089,362.6861739792928,504.453869410125,4.570021694708885,"MATR_b2c38,MATR_b2c22,MATR_b2c40,MATR_b4c40,MATR_b4c8,MATR_b1c9,MATR_b3c5,MATR_b2c41",False,False,0.95
220,MATR_b1c44,614.0,503.3356401296586,22.424442142799553,459.38454115636927,547.2867391029479,394.0,283.3356401296586,239.38454115636927,327.2867391029479,110.6643598703414,"MATR_b2c38,MATR_b2c22,MATR_b2c40,MATR_b4c40,MATR_b4c8,MATR_b1c9,MATR_b3c5,MATR_b2c41",False,False,0.95
220,MATR_b1c45,597.0,487.5459520502552,20.701572746594604,446.9716150435939,528.1202890569166,377.0,267.5459520502552,226.97161504359389,308.1202890569166,109.45404794974479,"MATR_b2c38,MATR_b2c22,MATR_b2c40,MATR_b4c40,MATR_b4c8,MATR_b1c9,MATR_b3c5,MATR_b2c41",False,False,0.95
220,MATR_b2c0,299.0,313.3390707561693,23.586691028991265,267.1100058248724,359.56813568746617,79.0,93.33907075616929,47.11000582487242,139.56813568746617,14.339070756169292,"MATR_b2c38,MATR_b2c22,MATR_b2c40,MATR_b4c40,MATR_b4c8,MATR_b1c9,MATR_b3c5,MATR_b2c41",False,False,0.95
220,MATR_b2c11,476.0,473.71724660815914,19.724489293678126,435.0579579791041,512.3765352372142,256.0,253.71724660815914,215.05795797910412,292.37653523721417,2.2827533918408562,"MATR_b2c38,MATR_b2c22,MATR_b2c40,MATR_b4c40,MATR_b4c8,MATR_b1c9,MATR_b3c5,MATR_b2c41",False,False,0.95
220,MATR_b2c14,484.0,481.11842648429814,21.93074015346387,438.13496562920255,524.1018873393938,264.0,261.11842648429814,218.13496562920255,304.1018873393938,2.8815735157018594,"MATR_b2c38,MATR_b2c22,MATR_b2c40,MATR_b4c40,MATR_b4c8,MATR_b1c9,MATR_b3c5,MATR_b2c41",False,False,0.95
220,MATR_b2c18,486.0,474.56195285814766,17.694596372333148,439.8811812474016,509.2427244688937,266.0,254.56195285814766,219.88118124740163,289.2427244688937,11.438047141852337,"MATR_b2c38,MATR_b2c22,MATR_b2c40,MATR_b4c40,MATR_b4c8,MATR_b1c9,MATR_b3c5,MATR_b2c41",False,False,0.95
220,MATR_b2c26,470.0,465.17374729998346,19.912080304647667,426.1467870456047,504.2007075543622,250.0,245.17374729998346,206.1467870456047,284.2007075543622,4.826252700016539,"MATR_b2c38,MATR_b2c22,MATR_b2c40,MATR_b4c40,MATR_b4c8,MATR_b1c9,MATR_b3c5,MATR_b2c41",False,False,0.95
220,MATR_b2c28,508.0,505.0767604613412,24.1476519709616,457.74823228704884,552.4052886356336,288.0,285.0767604613412,237.74823228704884,332.4052886356336,2.923239538658777,"MATR_b2c38,MATR_b2c22,MATR_b2c40,MATR_b4c40,MATR_b4c8,MATR_b1c9,MATR_b3c5,MATR_b2c41",False,False,0.95
220,MATR_b2c31,491.0,531.1970075819245,27.407075190185665,477.4801272875793,584.9138878762697,271.0,311.1970075819245,257.4801272875793,364.91388787626965,40.19700758192448,"MATR_b2c38,MATR_b2c22,MATR_b2c40,MATR_b4c40,MATR_b4c8,MATR_b1c9,MATR_b3c5,MATR_b2c41",False,False,0.95
220,MATR_b2c43,461.0,449.8524557677716,20.009789004555937,410.63398998059637,489.0709215549468,241.0,229.85245576777157,190.63398998059637,269.0709215549468,11.147544232228427,"MATR_b2c38,MATR_b2c22,MATR_b2c40,MATR_b4c40,MATR_b4c8,MATR_b1c9,MATR_b3c5,MATR_b2c41",False,False,0.95
220,MATR_b3c21,770.0,731.5244858849939,39.207853469077904,654.6785051744773,808.3704665955104,550.0,511.52448588499385,434.6785051744773,588.3704665955104,38.47551411500615,"MATR_b2c38,MATR_b2c22,MATR_b2c40,MATR_b4c40,MATR_b4c8,MATR_b1c9,MATR_b3c5,MATR_b2c41",False,False,0.95
220,MATR_b3c27,847.0,871.6925970848902,61.70103213377034,750.7607962937518,992.6243978760285,627.0,651.6925970848902,530.7607962937518,772.6243978760285,24.692597084890167,"MATR_b2c38,MATR_b2c22,MATR_b2c40,MATR_b4c40,MATR_b4c8,MATR_b1c9,MATR_b3c5,MATR_b2c41",False,False,0.95
220,MATR_b3c34,1156.0,983.5839287368739,84.01825712297106,818.9111707320247,1148.256686741723,936.0,763.5839287368739,598.9111707320247,928.2566867417229,172.41607126312613,"MATR_b2c38,MATR_b2c22,MATR_b2c40,MATR_b4c40,MATR_b4c8,MATR_b1c9,MATR_b3c5,MATR_b2c41",False,False,0.95
220,MATR_b3c35,1091.0,1038.820980715948,98.08798839069131,846.5720561542103,1231.0699052776858,871.0,818.820980715948,626.5720561542103,1011.0699052776858,52.17901928405195,"MATR_b2c38,MATR_b2c22,MATR_b2c40,MATR_b4c40,MATR_b4c8,MATR_b1c9,MATR_b3c5,MATR_b2c41",False,False,0.95
220,MATR_b3c39,1154.0,879.3652430774838,58.01985627369857,765.6484143928443,993.0820717621233,934.0,659.3652430774838,545.6484143928443,773.0820717621233,274.6347569225162,"MATR_b2c38,MATR_b2c22,MATR_b2c40,MATR_b4c40,MATR_b4c8,MATR_b1c9,MATR_b3c5,MATR_b2c41",False,False,0.95
220,MATR_b4c2,742.0,818.4454266337034,56.53593228560223,707.6370355215278,929.253817745879,522.0,598.4454266337034,487.63703552152776,709.253817745879,76.44542663370339,"MATR_b2c38,MATR_b2c22,MATR_b2c40,MATR_b4c40,MATR_b4c8,MATR_b1c9,MATR_b3c5,MATR_b2c41",False,False,0.95
220,MATR_b4c20,747.0,839.472376679736,51.70425244185857,738.1339040461261,940.810849313346,527.0,619.472376679736,518.1339040461261,720.810849313346,92.47237667973604,"MATR_b2c38,MATR_b2c22,MATR_b2c40,MATR_b4c40,MATR_b4c8,MATR_b1c9,MATR_b3c5,MATR_b2c41",False,False,0.95
220,MATR_b4c22,671.0,604.6128896588607,28.056330942806238,549.6234914726238,659.6022878450976,451.0,384.6128896588607,329.62349147262375,439.60228784509763,66.3871103411393,"MATR_b2c38,MATR_b2c22,MATR_b2c40,MATR_b4c40,MATR_b4c8,MATR_b1c9,MATR_b3c5,MATR_b2c41",False,False,0.95
220,MATR_b4c23,1038.0,888.3336865761049,58.28845708784757,774.0904099695152,1002.5769631826946,818.0,668.3336865761049,554.0904099695152,782.5769631826946,149.66631342389508,"MATR_b2c38,MATR_b2c22,MATR_b2c40,MATR_b4c40,MATR_b4c8,MATR_b1c9,MATR_b3c5,MATR_b2c41",False,False,0.95
220,MATR_b4c24,988.0,960.8950844407295,67.89926732017976,827.8149659165198,1093.9752029649394,768.0,740.8950844407295,607.8149659165198,873.9752029649394,27.104915559270466,"MATR_b2c38,MATR_b2c22,MATR_b2c40,MATR_b4c40,MATR_b4c8,MATR_b1c9,MATR_b3c5,MATR_b2c41",False,False,0.95
220,MATR_b4c26,476.0,521.0488822439752,23.217161596006463,475.54408169255606,566.5536827953944,256.0,301.0488822439752,255.54408169255606,346.55368279539437,45.048882243975186,"MATR_b2c38,MATR_b2c22,MATR_b2c40,MATR_b4c40,MATR_b4c8,MATR_b1c9,MATR_b3c5,MATR_b2c41",False,False,0.95
220,MATR_b4c38,1055.0,936.6474589517006,73.65976374842283,792.2769748950628,1081.0179430083385,835.0,716.6474589517006,572.2769748950628,861.0179430083385,118.35254104829937,"MATR_b2c38,MATR_b2c22,MATR_b2c40,MATR_b4c40,MATR_b4c8,MATR_b1c9,MATR_b3c5,MATR_b2c41",False,False,0.95
220,MATR_b4c39,738.0,712.7321075642333,37.32899531319844,639.5686211712998,785.8955939571667,518.0,492.7321075642333,419.5686211712998,565.8955939571667,25.267892435766726,"MATR_b2c38,MATR_b2c22,MATR_b2c40,MATR_b4c40,MATR_b4c8,MATR_b1c9,MATR_b3c5,MATR_b2c41",False,False,0.95
240,MATR_b1c17,858.0,852.8044580915314,65.18051151570579,725.0530030268499,980.5559131562129,618.0,612.8044580915314,485.05300302684986,740.5559131562129,5.195541908468613,"MATR_b2c32,MATR_b4c36,MATR_b3c38,MATR_b1c38,MATR_b2c6,MATR_b1c0,MATR_b1c16,MATR_b4c40",False,False,0.95
240,MATR_b1c25,852.0,914.0600066401114,77.36924274314985,762.4190773524008,1065.700935927822,612.0,674.0600066401114,522.4190773524008,825.700935927822,62.060006640111396,"MATR_b2c32,MATR_b4c36,MATR_b3c38,MATR_b1c38,MATR_b2c6,MATR_b1c0,MATR_b1c16,MATR_b4c40",False,False,0.95
240,MATR_b1c26,868.0,865.7312836277333,56.4151451359358,755.1596309786992,976.3029362767675,628.0,625.7312836277333,515.1596309786992,736.3029362767675,2.268716372266681,"MATR_b2c32,MATR_b4c36,MATR_b3c38,MATR_b1c38,MATR_b2c6,MATR_b1c0,MATR_b1c16,MATR_b4c40",False,False,0.95
240,MATR_b1c27,841.0,877.8281927911938,64.2918942714735,751.8183955212488,1003.8379900611388,601.0,637.8281927911938,511.8183955212488,763.8379900611388,36.82819279119383,"MATR_b2c32,MATR_b4c36,MATR_b3c38,MATR_b1c38,MATR_b2c6,MATR_b1c0,MATR_b1c16,MATR_b4c40",False,False,0.95
240,MATR_b1c3,1431.0,1314.3325635939987,167.08858146140741,986.8449617017532,1641.8201654862442,1191.0,1074.3325635939987,746.8449617017532,1401.8201654862442,116.66743640600134,"MATR_b2c32,MATR_b4c36,MATR_b3c38,MATR_b1c38,MATR_b2c6,MATR_b1c0,MATR_b1c16,MATR_b4c40",False,False,0.95
240,MATR_b1c32,729.0,672.6669116728706,43.48457484820585,587.4387110873508,757.8951122583903,489.0,432.6669116728706,347.43871108735084,517.8951122583903,56.33308832712942,"MATR_b2c32,MATR_b4c36,MATR_b3c38,MATR_b1c38,MATR_b2c6,MATR_b1c0,MATR_b1c16,MATR_b4c40",False,False,0.95
240,MATR_b1c33,754.0,705.8225492599144,41.825413510194174,623.8462451414388,787.7988533783899,514.0,465.82254925991435,383.84624514143877,547.7988533783899,48.177450740085646,"MATR_b2c32,MATR_b4c36,MATR_b3c38,MATR_b1c38,MATR_b2c6,MATR_b1c0,MATR_b1c16,MATR_b4c40",False,False,0.95
240,MATR_b1c4,1705.0,1871.3451757259336,249.42354440318599,1382.4840117993622,2360.206339652505,1465.0,1631.3451757259336,1142.4840117993622,2120.206339652505,166.3451757259336,"MATR_b2c32,MATR_b4c36,MATR_b3c38,MATR_b1c38,MATR_b2c6,MATR_b1c0,MATR_b1c16,MATR_b4c40",False,False,0.95
240,MATR_b1c40,964.0,968.7249438023988,69.72285256524734,832.0706638751179,1105.3792237296798,724.0,728.7249438023988,592.0706638751179,865.3792237296798,4.724943802398798,"MATR_b2c32,MATR_b4c36,MATR_b3c38,MATR_b1c38,MATR_b2c6,MATR_b1c0,MATR_b1c16,MATR_b4c40",False,False,0.95
240,MATR_b1c43,649.0,643.381375497422,35.639492977010555,573.5292528352131,713.2334981596309,409.0,403.381375497422,333.52925283521313,473.2334981596309,5.618624502577973,"MATR_b2c32,MATR_b4c36,MATR_b3c38,MATR_b1c38,MATR_b2c6,MATR_b1c0,MATR_b1c16,MATR_b4c40",False,False,0.95
240,MATR_b1c44,614.0,500.3968612600246,22.430194024407992,456.4344888059394,544.3592337141098,374.0,260.3968612600246,216.4344888059394,304.3592337141098,113.6031387399754,"MATR_b2c32,MATR_b4c36,MATR_b3c38,MATR_b1c38,MATR_b2c6,MATR_b1c0,MATR_b1c16,MATR_b4c40",False,False,0.95
240,MATR_b1c45,597.0,484.8103543203482,20.704038514172737,444.2311844980395,525.3895241426569,357.0,244.8103543203482,204.2311844980395,285.3895241426569,112.18964567965179,"MATR_b2c32,MATR_b4c36,MATR_b3c38,MATR_b1c38,MATR_b2c6,MATR_b1c0,MATR_b1c16,MATR_b4c40",False,False,0.95
240,MATR_b2c0,299.0,313.0215990432905,23.59381409487134,266.7785731594092,359.26462492717184,59.0,73.02159904329051,26.778573159409177,119.26462492717184,14.021599043290507,"MATR_b2c32,MATR_b4c36,MATR_b3c38,MATR_b1c38,MATR_b2c6,MATR_b1c0,MATR_b1c16,MATR_b4c40",False,False,0.95
240,MATR_b2c11,476.0,468.94115646607634,19.32025944217763,431.0741437874383,506.8081691447144,236.0,228.94115646607634,191.0741437874383,266.8081691447144,7.058843533923664,"MATR_b2c32,MATR_b4c36,MATR_b3c38,MATR_b1c38,MATR_b2c6,MATR_b1c0,MATR_b1c16,MATR_b4c40",False,False,0.95
240,MATR_b2c14,484.0,479.48023008097766,21.776685236434535,436.79871131490086,522.1617488470545,244.0,239.48023008097766,196.79871131490086,282.16174884705447,4.5197699190223375,"MATR_b2c32,MATR_b4c36,MATR_b3c38,MATR_b1c38,MATR_b2c6,MATR_b1c0,MATR_b1c16,MATR_b4c40",False,False,0.95
240,MATR_b2c18,486.0,468.32130552374997,17.504155425778332,434.0137913094331,502.62881973806685,246.0,228.32130552374997,194.0137913094331,262.62881973806685,17.67869447625003,"MATR_b2c32,MATR_b4c36,MATR_b3c38,MATR_b1c38,MATR_b2c6,MATR_b1c0,MATR_b1c16,MATR_b4c40",False,False,0.95
240,MATR_b2c26,470.0,463.85045045697706,19.728140662829063,425.18400527589193,502.5168956380622,230.0,223.85045045697706,185.18400527589193,262.5168956380622,6.1495495430229425,"MATR_b2c32,MATR_b4c36,MATR_b3c38,MATR_b1c38,MATR_b2c6,MATR_b1c0,MATR_b1c16,MATR_b4c40",False,False,0.95
240,MATR_b2c28,508.0,503.63416113025903,24.032562328354913,456.53120451046937,550.7371177500487,268.0,263.63416113025903,216.53120451046937,310.7371177500487,4.365838869740969,"MATR_b2c32,MATR_b4c36,MATR_b3c38,MATR_b1c38,MATR_b2c6,MATR_b1c0,MATR_b1c16,MATR_b4c40",False,False,0.95
240,MATR_b2c31,491.0,526.9013993215101,26.975937029409685,474.02953429464674,579.7732643483735,251.0,286.9013993215101,234.02953429464674,339.77326434837346,35.9013993215101,"MATR_b2c32,MATR_b4c36,MATR_b3c38,MATR_b1c38,MATR_b2c6,MATR_b1c0,MATR_b1c16,MATR_b4c40",False,False,0.95
240,MATR_b2c43,461.0,449.05380239642363,19.737567554696575,410.3688808467921,487.7387239460552,221.0,209.05380239642363,170.36888084679208,247.7387239460552,11.946197603576366,"MATR_b2c32,MATR_b4c36,MATR_b3c38,MATR_b1c38,MATR_b2c6,MATR_b1c0,MATR_b1c16,MATR_b4c40",False,False,0.95
240,MATR_b3c21,770.0,716.5849556951141,38.441127414261786,641.2417304380457,791.9281809521825,530.0,476.5849556951141,401.2417304380457,551.9281809521825,53.415044304885896,"MATR_b2c32,MATR_b4c36,MATR_b3c38,MATR_b1c38,MATR_b2c6,MATR_b1c0,MATR_b1c16,MATR_b4c40",False,False,0.95
240,MATR_b3c27,847.0,849.9226542924948,60.43801538827812,731.4663208343921,968.3789877505975,607.0,609.9226542924948,491.46632083439215,728.3789877505975,2.9226542924948262,"MATR_b2c32,MATR_b4c36,MATR_b3c38,MATR_b1c38,MATR_b2c6,MATR_b1c0,MATR_b1c16,MATR_b4c40",False,False,0.95
240,MATR_b3c34,1156.0,951.1996579541724,79.36992352923191,795.6374663811796,1106.7618495271652,916.0,711.1996579541724,555.6374663811796,866.7618495271652,204.80034204582762,"MATR_b2c32,MATR_b4c36,MATR_b3c38,MATR_b1c38,MATR_b2c6,MATR_b1c0,MATR_b1c16,MATR_b4c40",False,False,0.95
240,MATR_b3c35,1091.0,999.8331999583572,90.89327104008795,821.6856622827474,1177.980737633967,851.0,759.8331999583572,581.6856622827474,937.980737633967,91.16680004164277,"MATR_b2c32,MATR_b4c36,MATR_b3c38,MATR_b1c38,MATR_b2c6,MATR_b1c0,MATR_b1c16,MATR_b4c40",False,False,0.95
240,MATR_b3c39,1154.0,867.4387295649931,57.929499958419264,753.8989960040768,980.9784631259093,914.0,627.4387295649931,513.8989960040768,740.9784631259093,286.5612704350069,"MATR_b2c32,MATR_b4c36,MATR_b3c38,MATR_b1c38,MATR_b2c6,MATR_b1c0,MATR_b1c16,MATR_b4c40",False,False,0.95
240,MATR_b4c2,742.0,787.6805481169145,54.17210516573093,681.5051730253656,893.8559232084633,502.0,547.6805481169145,441.5051730253656,653.8559232084633,45.68054811691445,"MATR_b2c32,MATR_b4c36,MATR_b3c38,MATR_b1c38,MATR_b2c6,MATR_b1c0,MATR_b1c16,MATR_b4c40",False,False,0.95
240,MATR_b4c20,747.0,813.8576048203381,49.97622455585929,715.9060046075676,911.8092050331086,507.0,573.8576048203381,475.90600460756764,671.8092050331086,66.85760482033811,"MATR_b2c32,MATR_b4c36,MATR_b3c38,MATR_b1c38,MATR_b2c6,MATR_b1c0,MATR_b1c16,MATR_b4c40",False,False,0.95
240,MATR_b4c22,671.0,595.440716546804,27.449957796225736,541.6397878890571,649.2416452045509,431.0,355.44071654680397,301.63978788905706,409.2416452045509,75.55928345319603,"MATR_b2c32,MATR_b4c36,MATR_b3c38,MATR_b1c38,MATR_b2c6,MATR_b1c0,MATR_b1c16,MATR_b4c40",False,False,0.95
240,MATR_b4c23,1038.0,866.2982446829475,56.93381213545855,754.7100233948793,977.8864659710157,798.0,626.2982446829475,514.7100233948793,737.8864659710157,171.70175531705252,"MATR_b2c32,MATR_b4c36,MATR_b3c38,MATR_b1c38,MATR_b2c6,MATR_b1c0,MATR_b1c16,MATR_b4c40",False,False,0.95
240,MATR_b4c24,988.0,935.7437066700425,65.47443668488545,807.4161688596189,1064.071244480466,748.0,695.7437066700425,567.4161688596189,824.071244480466,52.25629332995754,"MATR_b2c32,MATR_b4c36,MATR_b3c38,MATR_b1c38,MATR_b2c6,MATR_b1c0,MATR_b1c16,MATR_b4c40",False,False,0.95
240,MATR_b4c26,476.0,512.2388247133931,22.540687835593882,468.059888368869,556.4177610579172,236.0,272.2388247133931,228.059888368869,316.41776105791723,36.238824713393115,"MATR_b2c32,MATR_b4c36,MATR_b3c38,MATR_b1c38,MATR_b2c6,MATR_b1c0,MATR_b1c16,MATR_b4c40",False,False,0.95
240,MATR_b4c38,1055.0,926.5323176878168,74.20298913107277,781.0971314456971,1071.9675039299364,815.0,686.5323176878168,541.0971314456971,831.9675039299364,128.46768231218323,"MATR_b2c32,MATR_b4c36,MATR_b3c38,MATR_b1c38,MATR_b2c6,MATR_b1c0,MATR_b1c16,MATR_b4c40",False,False,0.95
240,MATR_b4c39,738.0,697.8679215859693,36.382871073435815,626.5588046278709,769.1770385440676,498.0,457.86792158596927,386.5588046278709,529.1770385440676,40.13207841403073,"MATR_b2c32,MATR_b4c36,MATR_b3c38,MATR_b1c38,MATR_b2c6,MATR_b1c0,MATR_b1c16,MATR_b4c40",False,False,0.95
260,MATR_b1c17,858.0,875.2029517540457,65.74064974711315,746.3536459294417,1004.0522575786497,598.0,615.2029517540457,486.35364592944165,744.0522575786497,17.20295175404567,"MATR_b3c14,MATR_b2c24,MATR_b2c25,MATR_b3c6,MATR_b2c36,MATR_b4c1,MATR_b4c16,MATR_b1c20",False,False,0.95
260,MATR_b1c25,852.0,938.9916355824929,78.1461888490113,785.8279199093652,1092.1553512556206,592.0,678.9916355824929,525.8279199093652,832.1553512556206,86.9916355824929,"MATR_b3c14,MATR_b2c24,MATR_b2c25,MATR_b3c6,MATR_b2c36,MATR_b4c1,MATR_b4c16,MATR_b1c20",False,False,0.95
260,MATR_b1c26,868.0,886.5832232784887,57.25706646338639,774.3614351498353,998.8050114071422,608.0,626.5832232784887,514.3614351498353,738.8050114071422,18.58322327848873,"MATR_b3c14,MATR_b2c24,MATR_b2c25,MATR_b3c6,MATR_b2c36,MATR_b4c1,MATR_b4c16,MATR_b1c20",False,False,0.95
260,MATR_b1c27,841.0,900.7343839790577,65.2732366700199,772.8011909514596,1028.6675770066558,581.0,640.7343839790577,512.8011909514596,768.6675770066558,59.734383979057725,"MATR_b3c14,MATR_b2c24,MATR_b2c25,MATR_b3c6,MATR_b2c36,MATR_b4c1,MATR_b4c16,MATR_b1c20",False,False,0.95
260,MATR_b1c3,1431.0,1597.2213448080995,216.61397954163866,1172.6657463585918,2021.7769432576072,1171.0,1337.2213448080995,912.6657463585918,1761.7769432576072,166.2213448080995,"MATR_b3c14,MATR_b2c24,MATR_b2c25,MATR_b3c6,MATR_b2c36,MATR_b4c1,MATR_b4c16,MATR_b1c20",False,False,0.95
260,MATR_b1c32,729.0,694.6412743990591,44.459264638924,607.5027169276328,781.7798318704853,469.0,434.64127439905906,347.50271692763283,521.7798318704853,34.35872560094094,"MATR_b3c14,MATR_b2c24,MATR_b2c25,MATR_b3c6,MATR_b2c36,MATR_b4c1,MATR_b4c16,MATR_b1c20",False,False,0.95
260,MATR_b1c33,754.0,726.3814786523749,42.63401033162233,642.8203538858866,809.9426034188632,494.0,466.3814786523749,382.82035388588656,549.9426034188632,27.61852134762512,"MATR_b3c14,MATR_b2c24,MATR_b2c25,MATR_b3c6,MATR_b2c36,MATR_b4c1,MATR_b4c16,MATR_b1c20",False,False,0.95
260,MATR_b1c4,1705.0,1933.7676871976669,254.05060099960662,1435.8376589876825,2431.6977154076512,1445.0,1673.7676871976669,1175.8376589876825,2171.6977154076512,228.76768719766687,"MATR_b3c14,MATR_b2c24,MATR_b2c25,MATR_b3c6,MATR_b2c36,MATR_b4c1,MATR_b4c16,MATR_b1c20",False,False,0.95
260,MATR_b1c40,964.0,998.6889892376701,73.06707643933976,855.480150960929,1141.8978275144111,704.0,738.6889892376701,595.480150960929,881.8978275144111,34.68898923767006,"MATR_b3c14,MATR_b2c24,MATR_b2c25,MATR_b3c6,MATR_b2c36,MATR_b4c1,MATR_b4c16,MATR_b1c20",False,False,0.95
260,MATR_b1c43,649.0,660.8776489777492,36.062846120878774,590.1957694008169,731.5595285546816,389.0,400.87764897774923,330.19576940081686,471.5595285546816,11.877648977749232,"MATR_b3c14,MATR_b2c24,MATR_b2c25,MATR_b3c6,MATR_b2c36,MATR_b4c1,MATR_b4c16,MATR_b1c20",False,False,0.95
260,MATR_b1c44,614.0,509.18068661702387,22.644547951838017,464.79818818523114,553.5631850488166,354.0,249.18068661702387,204.79818818523114,293.56318504881665,104.81931338297613,"MATR_b3c14,MATR_b2c24,MATR_b2c25,MATR_b3c6,MATR_b2c36,MATR_b4c1,MATR_b4c16,MATR_b1c20",False,False,0.95
260,MATR_b1c45,597.0,491.3334656147033,20.76640848564576,450.63205289459063,532.034878334816,337.0,231.3334656147033,190.63205289459063,272.03487833481597,105.6665343852967,"MATR_b3c14,MATR_b2c24,MATR_b2c25,MATR_b3c6,MATR_b2c36,MATR_b4c1,MATR_b4c16,MATR_b1c20",False,False,0.95
260,MATR_b2c0,299.0,302.9697024718805,24.620918586428253,254.71358877618832,351.2258161675727,39.0,42.96970247188051,-5.286411223811683,91.2258161675727,3.9697024718805096,"MATR_b3c14,MATR_b2c24,MATR_b2c25,MATR_b3c6,MATR_b2c36,MATR_b4c1,MATR_b4c16,MATR_b1c20",False,False,0.95
260,MATR_b2c11,476.0,467.6611512202807,18.69609163350641,431.01748496694756,504.30481747361387,216.0,207.66115122028071,171.01748496694756,244.30481747361387,8.338848779719285,"MATR_b3c14,MATR_b2c24,MATR_b2c25,MATR_b3c6,MATR_b2c36,MATR_b4c1,MATR_b4c16,MATR_b1c20",False,False,0.95
260,MATR_b2c14,484.0,485.5955228036179,21.693024082978113,443.0779768852208,528.113068722015,224.0,225.59552280361788,183.07797688522078,268.113068722015,1.5955228036178823,"MATR_b3c14,MATR_b2c24,MATR_b2c25,MATR_b3c6,MATR_b2c36,MATR_b4c1,MATR_b4c16,MATR_b1c20",False,False,0.95
260,MATR_b2c18,486.0,470.43370473041915,17.30052274088603,436.5253032445664,504.34210621627193,226.0,210.43370473041915,176.52530324456637,244.34210621627193,15.566295269580849,"MATR_b3c14,MATR_b2c24,MATR_b2c25,MATR_b3c6,MATR_b2c36,MATR_b4c1,MATR_b4c16,MATR_b1c20",False,False,0.95
260,MATR_b2c26,470.0,465.97463239193905,19.36462670980837,428.0206614666523,503.9286033172258,210.0,205.97463239193905,168.0206614666523,243.9286033172258,4.025367608060947,"MATR_b3c14,MATR_b2c24,MATR_b2c25,MATR_b3c6,MATR_b2c36,MATR_b4c1,MATR_b4c16,MATR_b1c20",False,False,0.95
260,MATR_b2c28,508.0,514.1383215566715,24.072109174037603,466.9578545436416,561.3187885697014,248.0,254.13832155667149,206.9578545436416,301.3187885697014,6.138321556671485,"MATR_b3c14,MATR_b2c24,MATR_b2c25,MATR_b3c6,MATR_b2c36,MATR_b4c1,MATR_b4c16,MATR_b1c20",False,False,0.95
260,MATR_b2c31,491.0,541.512398488127,27.490592132882483,487.6318279939972,595.3929689822568,231.0,281.512398488127,227.6318279939972,335.3929689822568,50.51239848812702,"MATR_b3c14,MATR_b2c24,MATR_b2c25,MATR_b3c6,MATR_b2c36,MATR_b4c1,MATR_b4c16,MATR_b1c20",False,False,0.95
260,MATR_b2c43,461.0,450.78410455702516,19.505123451324184,412.5547650784222,489.01344403562814,201.0,190.78410455702516,152.55476507842218,229.01344403562814,10.21589544297484,"MATR_b3c14,MATR_b2c24,MATR_b2c25,MATR_b3c6,MATR_b2c36,MATR_b4c1,MATR_b4c16,MATR_b1c20",False,False,0.95
260,MATR_b3c21,770.0,734.8656896075225,39.17109863826556,658.0917470416562,811.6396321733889,510.0,474.86568960752254,398.09174704165616,551.6396321733889,35.13431039247746,"MATR_b3c14,MATR_b2c24,MATR_b2c25,MATR_b3c6,MATR_b2c36,MATR_b4c1,MATR_b4c16,MATR_b1c20",False,False,0.95
260,MATR_b3c27,847.0,866.5682923329141,60.67621846559139,747.6450894222708,985.4914952435574,587.0,606.5682923329141,487.64508942227076,725.4914952435574,19.568292332914098,"MATR_b3c14,MATR_b2c24,MATR_b2c25,MATR_b3c6,MATR_b2c36,MATR_b4c1,MATR_b4c16,MATR_b1c20",False,False,0.95
260,MATR_b3c34,1156.0,988.352018727965,85.11789017016518,821.5240195544053,1155.1800179015245,896.0,728.352018727965,561.5240195544053,895.1800179015245,167.64798127203505,"MATR_b3c14,MATR_b2c24,MATR_b2c25,MATR_b3c6,MATR_b2c36,MATR_b4c1,MATR_b4c16,MATR_b1c20",False,False,0.95
260,MATR_b3c35,1091.0,1022.7670228734055,93.85337418925671,838.8177896349013,1206.7162561119096,831.0,762.7670228734055,578.8177896349013,946.7162561119096,68.2329771265945,"MATR_b3c14,MATR_b2c24,MATR_b2c25,MATR_b3c6,MATR_b2c36,MATR_b4c1,MATR_b4c16,MATR_b1c20",False,False,0.95
260,MATR_b3c39,1154.0,891.3458096196067,58.82413622878188,776.0526211895165,1006.638998049697,894.0,631.3458096196067,516.0526211895165,746.638998049697,262.6541903803933,"MATR_b3c14,MATR_b2c24,MATR_b2c25,MATR_b3c6,MATR_b2c36,MATR_b4c1,MATR_b4c16,MATR_b1c20",False,False,0.95
260,MATR_b4c2,742.0,804.1477525295991,54.05267501567126,698.2064562308354,910.0890488283627,482.0,544.1477525295991,438.20645623083544,650.0890488283627,62.147752529599074,"MATR_b3c14,MATR_b2c24,MATR_b2c25,MATR_b3c6,MATR_b2c36,MATR_b4c1,MATR_b4c16,MATR_b1c20",False,False,0.95
260,MATR_b4c20,747.0,829.0497497070482,50.22831914831074,730.6040531723756,927.4954462417209,487.0,569.0497497070482,470.60405317237564,667.4954462417209,82.04974970704825,"MATR_b3c14,MATR_b2c24,MATR_b2c25,MATR_b3c6,MATR_b2c36,MATR_b4c1,MATR_b4c16,MATR_b1c20",False,False,0.95
260,MATR_b4c22,671.0,610.4067862446723,27.838272453731978,555.8447748435441,664.9687976458005,411.0,350.4067862446723,295.8447748435441,404.96879764580046,60.593213755327724,"MATR_b3c14,MATR_b2c24,MATR_b2c25,MATR_b3c6,MATR_b2c36,MATR_b4c1,MATR_b4c16,MATR_b1c20",False,False,0.95
260,MATR_b4c23,1038.0,884.4297263694434,57.43417146084412,771.8608188242907,996.9986339145961,778.0,624.4297263694434,511.86081882429073,736.9986339145961,153.57027363055658,"MATR_b3c14,MATR_b2c24,MATR_b2c25,MATR_b3c6,MATR_b2c36,MATR_b4c1,MATR_b4c16,MATR_b1c20",False,False,0.95
260,MATR_b4c24,988.0,956.9732893820934,66.97511749042555,825.7044712405207,1088.2421075236662,728.0,696.9732893820934,565.7044712405207,828.2421075236662,31.026710617906588,"MATR_b3c14,MATR_b2c24,MATR_b2c25,MATR_b3c6,MATR_b2c36,MATR_b4c1,MATR_b4c16,MATR_b1c20",False,False,0.95
260,MATR_b4c26,476.0,517.4918978531408,22.293999964572148,473.79646085124216,561.1873348550395,216.0,257.4918978531408,213.79646085124216,301.18733485503947,41.49189785314081,"MATR_b3c14,MATR_b2c24,MATR_b2c25,MATR_b3c6,MATR_b2c36,MATR_b4c1,MATR_b4c16,MATR_b1c20",False,False,0.95
260,MATR_b4c38,1055.0,956.6979934061216,77.50648883229756,804.7880667266625,1108.6079200855806,795.0,696.6979934061216,544.7880667266625,848.6079200855806,98.30200659387845,"MATR_b3c14,MATR_b2c24,MATR_b2c25,MATR_b3c6,MATR_b2c36,MATR_b4c1,MATR_b4c16,MATR_b1c20",False,False,0.95
260,MATR_b4c39,738.0,715.7149345465383,36.7920182754277,643.6039038081606,787.825965284916,478.0,455.7149345465383,383.60390380816057,527.825965284916,22.285065453461698,"MATR_b3c14,MATR_b2c24,MATR_b2c25,MATR_b3c6,MATR_b2c36,MATR_b4c1,MATR_b4c16,MATR_b1c20",False,False,0.95
280,MATR_b1c17,858.0,858.0476019658638,65.24083416721462,730.177916676773,985.9172872549547,578.0,578.0476019658638,450.17791667677295,705.9172872549547,0.04760196586380516,"MATR_b2c37,MATR_b4c35,MATR_b1c19,MATR_b4c36,MATR_b2c4,MATR_b3c0,MATR_b2c6,MATR_b4c8",False,False,0.95
280,MATR_b1c25,852.0,913.0793923876955,76.41960779882967,763.2997133893132,1062.8590713860779,572.0,633.0793923876955,483.2997133893132,782.8590713860779,61.07939238769552,"MATR_b2c37,MATR_b4c35,MATR_b1c19,MATR_b4c36,MATR_b2c4,MATR_b3c0,MATR_b2c6,MATR_b4c8",False,False,0.95
280,MATR_b1c26,868.0,870.598089429939,57.85708251599027,757.2002914480361,983.995887411842,588.0,590.598089429939,477.20029144803607,703.995887411842,2.598089429939023,"MATR_b2c37,MATR_b4c35,MATR_b1c19,MATR_b4c36,MATR_b2c4,MATR_b3c0,MATR_b2c6,MATR_b4c8",False,False,0.95
280,MATR_b1c27,841.0,875.5952239330531,64.13030256917177,749.90214057982,1001.2883072862863,561.0,595.5952239330531,469.90214057981996,721.2883072862863,34.59522393305315,"MATR_b2c37,MATR_b4c35,MATR_b1c19,MATR_b4c36,MATR_b2c4,MATR_b3c0,MATR_b2c6,MATR_b4c8",False,False,0.95
280,MATR_b1c3,1431.0,1613.0711758665898,222.76006244350958,1176.4694762834176,2049.672875449762,1151.0,1333.0711758665898,896.4694762834176,1769.6728754497622,182.07117586658978,"MATR_b2c37,MATR_b4c35,MATR_b1c19,MATR_b4c36,MATR_b2c4,MATR_b3c0,MATR_b2c6,MATR_b4c8",False,False,0.95
280,MATR_b1c32,729.0,686.6351989455977,44.64069595916983,599.1410426208222,774.1293552703733,449.0,406.6351989455977,319.1410426208222,494.12935527037325,42.36480105440228,"MATR_b2c37,MATR_b4c35,MATR_b1c19,MATR_b4c36,MATR_b2c4,MATR_b3c0,MATR_b2c6,MATR_b4c8",False,False,0.95
280,MATR_b1c33,754.0,716.3200523502769,42.968186851507,632.1039536403357,800.5361510602181,474.0,436.3200523502769,352.1039536403357,520.5361510602181,37.67994764972309,"MATR_b2c37,MATR_b4c35,MATR_b1c19,MATR_b4c36,MATR_b2c4,MATR_b3c0,MATR_b2c6,MATR_b4c8",False,False,0.95
280,MATR_b1c4,1705.0,1934.0035687181612,254.19021592778913,1435.799900277235,2432.2072371590875,1425.0,1654.0035687181612,1155.799900277235,2152.2072371590875,229.0035687181612,"MATR_b2c37,MATR_b4c35,MATR_b1c19,MATR_b4c36,MATR_b2c4,MATR_b3c0,MATR_b2c6,MATR_b4c8",False,False,0.95
280,MATR_b1c40,964.0,976.8843602114239,72.71367024210078,834.3681853531846,1119.4005350696632,684.0,696.8843602114239,554.3681853531846,839.4005350696632,12.884360211423882,"MATR_b2c37,MATR_b4c35,MATR_b1c19,MATR_b4c36,MATR_b2c4,MATR_b3c0,MATR_b2c6,MATR_b4c8",False,False,0.95
280,MATR_b1c43,649.0,654.0566786338214,36.61965568426118,582.2834723664121,725.8298849012308,369.0,374.05667863382143,302.28347236641207,445.8298849012308,5.056678633821434,"MATR_b2c37,MATR_b4c35,MATR_b1c19,MATR_b4c36,MATR_b2c4,MATR_b3c0,MATR_b2c6,MATR_b4c8",False,False,0.95
280,MATR_b1c44,614.0,510.4388853046788,23.34488741090954,464.6837467561536,556.194023853204,334.0,230.43888530467882,184.6837467561536,276.19402385320404,103.56111469532118,"MATR_b2c37,MATR_b4c35,MATR_b1c19,MATR_b4c36,MATR_b2c4,MATR_b3c0,MATR_b2c6,MATR_b4c8",False,False,0.95
280,MATR_b1c45,597.0,492.53982408044715,21.347937191690665,450.69863604051034,534.381012120384,317.0,212.53982408044715,170.69863604051034,254.38101212038396,104.46017591955285,"MATR_b2c37,MATR_b4c35,MATR_b1c19,MATR_b4c36,MATR_b2c4,MATR_b3c0,MATR_b2c6,MATR_b4c8",False,False,0.95
280,MATR_b2c0,299.0,306.8343995261569,25.005705990601246,257.824116376581,355.8446826757328,19.0,26.834399526156915,-22.175883623418997,75.84468267573283,7.834399526156915,"MATR_b2c37,MATR_b4c35,MATR_b1c19,MATR_b4c36,MATR_b2c4,MATR_b3c0,MATR_b2c6,MATR_b4c8",False,False,0.95
280,MATR_b2c11,476.0,468.4713225395104,18.935774644188722,431.3578862175338,505.58475886148705,196.0,188.47132253951042,151.3578862175338,225.58475886148705,7.528677460489575,"MATR_b2c37,MATR_b4c35,MATR_b1c19,MATR_b4c36,MATR_b2c4,MATR_b3c0,MATR_b2c6,MATR_b4c8",False,False,0.95
280,MATR_b2c14,484.0,487.2034018498703,22.13772987571087,443.8142485940007,530.59255510574,204.0,207.20340184987032,163.81424859400067,250.59255510573996,3.2034018498703176,"MATR_b2c37,MATR_b4c35,MATR_b1c19,MATR_b4c36,MATR_b2c4,MATR_b3c0,MATR_b2c6,MATR_b4c8",False,False,0.95
280,MATR_b2c18,486.0,473.09024659473374,17.639738362968973,438.51699470660503,507.66349848286245,206.0,193.09024659473374,158.51699470660503,227.66349848286245,12.909753405266258,"MATR_b2c37,MATR_b4c35,MATR_b1c19,MATR_b4c36,MATR_b2c4,MATR_b3c0,MATR_b2c6,MATR_b4c8",False,False,0.95
280,MATR_b2c26,470.0,467.2568126196828,19.62566473346604,428.7912165694315,505.7224086699341,190.0,187.25681261968282,148.79121656943153,225.7224086699341,2.743187380317181,"MATR_b2c37,MATR_b4c35,MATR_b1c19,MATR_b4c36,MATR_b2c4,MATR_b3c0,MATR_b2c6,MATR_b4c8",False,False,0.95
280,MATR_b2c28,508.0,516.361247672078,24.760431857845788,467.83169298904204,564.8908023551139,228.0,236.36124767207798,187.83169298904204,284.8908023551139,8.36124767207798,"MATR_b2c37,MATR_b4c35,MATR_b1c19,MATR_b4c36,MATR_b2c4,MATR_b3c0,MATR_b2c6,MATR_b4c8",False,False,0.95
280,MATR_b2c31,491.0,545.2583415280362,28.37007445293269,489.65401736156826,600.8626656945041,211.0,265.2583415280362,209.65401736156826,320.86266569450413,54.258341528036226,"MATR_b2c37,MATR_b4c35,MATR_b1c19,MATR_b4c36,MATR_b2c4,MATR_b3c0,MATR_b2c6,MATR_b4c8",False,False,0.95
280,MATR_b2c43,461.0,453.1290377032776,19.688859779612855,414.5395816385772,491.71849376797803,181.0,173.12903770327762,134.5395816385772,211.71849376797803,7.870962296722382,"MATR_b2c37,MATR_b4c35,MATR_b1c19,MATR_b4c36,MATR_b2c4,MATR_b3c0,MATR_b2c6,MATR_b4c8",False,False,0.95
280,MATR_b3c21,770.0,719.2361286637721,39.182997207988244,642.4388653297817,796.0333919977625,490.0,439.2361286637721,362.4388653297817,516.0333919977625,50.76387133622791,"MATR_b2c37,MATR_b4c35,MATR_b1c19,MATR_b4c36,MATR_b2c4,MATR_b3c0,MATR_b2c6,MATR_b4c8",False,False,0.95
280,MATR_b3c27,847.0,861.7320875810741,62.599734674731614,739.038862176837,984.4253129853112,567.0,581.7320875810741,459.03886217683703,704.4253129853112,14.732087581074097,"MATR_b2c37,MATR_b4c35,MATR_b1c19,MATR_b4c36,MATR_b2c4,MATR_b3c0,MATR_b2c6,MATR_b4c8",False,False,0.95
280,MATR_b3c34,1156.0,978.7922354634242,87.22476681397478,807.8348339481291,1149.7496369787193,876.0,698.7922354634242,527.8348339481291,869.7496369787193,177.20776453657584,"MATR_b2c37,MATR_b4c35,MATR_b1c19,MATR_b4c36,MATR_b2c4,MATR_b3c0,MATR_b2c6,MATR_b4c8",False,False,0.95
280,MATR_b3c35,1091.0,985.021137895302,88.16031165784847,812.2301021800923,1157.8121736105115,811.0,705.021137895302,532.2301021800923,877.8121736105115,105.97886210469801,"MATR_b2c37,MATR_b4c35,MATR_b1c19,MATR_b4c36,MATR_b2c4,MATR_b3c0,MATR_b2c6,MATR_b4c8",False,False,0.95
280,MATR_b3c39,1154.0,880.8982554625047,60.04916171350648,763.2040612022105,998.592449722799,874.0,600.8982554625047,483.2040612022105,718.592449722799,273.1017445374953,"MATR_b2c37,MATR_b4c35,MATR_b1c19,MATR_b4c36,MATR_b2c4,MATR_b3c0,MATR_b2c6,MATR_b4c8",False,False,0.95
280,MATR_b4c2,742.0,778.8407973545189,53.13933390055485,674.6896167469831,882.9919779620548,462.0,498.84079735451894,394.6896167469831,602.9919779620548,36.84079735451894,"MATR_b2c37,MATR_b4c35,MATR_b1c19,MATR_b4c36,MATR_b2c4,MATR_b3c0,MATR_b2c6,MATR_b4c8",False,False,0.95
280,MATR_b4c20,747.0,812.2278341079558,50.63404784606678,712.986923938187,911.4687442777246,467.0,532.2278341079558,432.98692393818703,631.4687442777246,65.2278341079558,"MATR_b2c37,MATR_b4c35,MATR_b1c19,MATR_b4c36,MATR_b2c4,MATR_b3c0,MATR_b2c6,MATR_b4c8",False,False,0.95
280,MATR_b4c22,671.0,608.3350024617733,28.50102727909574,552.4740154723521,664.1959894511946,391.0,328.33500246177334,272.4740154723521,384.1959894511946,62.66499753822666,"MATR_b2c37,MATR_b4c35,MATR_b1c19,MATR_b4c36,MATR_b2c4,MATR_b3c0,MATR_b2c6,MATR_b4c8",False,False,0.95
280,MATR_b4c23,1038.0,872.4549282577046,58.37360290289466,758.0447689201884,986.8650875952209,758.0,592.4549282577046,478.0447689201884,706.8650875952209,165.54507174229536,"MATR_b2c37,MATR_b4c35,MATR_b1c19,MATR_b4c36,MATR_b2c4,MATR_b3c0,MATR_b2c6,MATR_b4c8",False,False,0.95
280,MATR_b4c24,988.0,932.4738198963593,65.97846511025305,803.1584045250308,1061.7892352676877,708.0,652.4738198963593,523.1584045250308,781.7892352676877,55.52618010364074,"MATR_b2c37,MATR_b4c35,MATR_b1c19,MATR_b4c36,MATR_b2c4,MATR_b3c0,MATR_b2c6,MATR_b4c8",False,False,0.95
280,MATR_b4c26,476.0,517.0417522414269,22.711497205956146,472.52803568277085,561.5554688000831,196.0,237.04175224142693,192.52803568277085,281.5554688000831,41.041752241426934,"MATR_b2c37,MATR_b4c35,MATR_b1c19,MATR_b4c36,MATR_b2c4,MATR_b3c0,MATR_b2c6,MATR_b4c8",False,False,0.95
280,MATR_b4c38,1055.0,948.4842213612801,79.54987964433032,792.5693222838968,1104.3991204386634,775.0,668.4842213612801,512.5693222838968,824.3991204386634,106.5157786387199,"MATR_b2c37,MATR_b4c35,MATR_b1c19,MATR_b4c36,MATR_b2c4,MATR_b3c0,MATR_b2c6,MATR_b4c8",False,False,0.95
280,MATR_b4c39,738.0,707.0147277890009,37.37183772935469,633.7672718033905,780.2621837746112,458.0,427.01472778900086,353.7672718033905,500.26218377461123,30.985272210999142,"MATR_b2c37,MATR_b4c35,MATR_b1c19,MATR_b4c36,MATR_b2c4,MATR_b3c0,MATR_b2c6,MATR_b4c8",False,False,0.95
300,MATR_b1c17,858.0,843.5607848120411,63.06499168276325,719.9556724285071,967.1658971955751,558.0,543.5607848120411,419.9556724285071,667.1658971955751,14.439215187958894,"MATR_b1c20,MATR_b1c39,MATR_b4c13,MATR_b3c10,MATR_b2c35,MATR_b3c36,MATR_b3c25,MATR_b4c11",False,False,0.95
300,MATR_b1c25,852.0,885.3785669725304,72.19187315986139,743.8850956027184,1026.8720383423424,552.0,585.3785669725304,443.88509560271837,726.8720383423424,33.37856697253039,"MATR_b1c20,MATR_b1c39,MATR_b4c13,MATR_b3c10,MATR_b2c35,MATR_b3c36,MATR_b3c25,MATR_b4c11",False,False,0.95
300,MATR_b1c26,868.0,856.0310816373336,56.45328297157384,745.3846802040006,966.6774830706667,568.0,556.0310816373336,445.3846802040006,666.6774830706667,11.968918362666386,"MATR_b1c20,MATR_b1c39,MATR_b4c13,MATR_b3c10,MATR_b2c35,MATR_b3c36,MATR_b3c25,MATR_b4c11",False,False,0.95
300,MATR_b1c27,841.0,851.1866403234204,60.99890540692407,731.6309826294837,970.7422980173571,541.0,551.1866403234204,431.6309826294837,670.7422980173571,10.18664032342042,"MATR_b1c20,MATR_b1c39,MATR_b4c13,MATR_b3c10,MATR_b2c35,MATR_b3c36,MATR_b3c25,MATR_b4c11",False,False,0.95
300,MATR_b1c3,1431.0,1617.118987488011,230.47474232636128,1165.396793182194,2068.841181793828,1131.0,1317.118987488011,865.396793182194,1768.8411817938281,186.11898748801104,"MATR_b1c20,MATR_b1c39,MATR_b4c13,MATR_b3c10,MATR_b2c35,MATR_b3c36,MATR_b3c25,MATR_b4c11",False,False,0.95
300,MATR_b1c32,729.0,674.2169078299734,43.13290390830373,589.6779696210712,758.7558460388756,429.0,374.21690782997337,289.67796962107116,458.7558460388756,54.783092170026634,"MATR_b1c20,MATR_b1c39,MATR_b4c13,MATR_b3c10,MATR_b2c35,MATR_b3c36,MATR_b3c25,MATR_b4c11",False,False,0.95
300,MATR_b1c33,754.0,702.3075514771219,41.653084016579044,620.669006959606,783.9460959946379,454.0,402.30755147712193,320.669006959606,483.94609599463786,51.69244852287807,"MATR_b1c20,MATR_b1c39,MATR_b4c13,MATR_b3c10,MATR_b2c35,MATR_b3c36,MATR_b3c25,MATR_b4c11",False,False,0.95
300,MATR_b1c4,1705.0,1932.2425520298752,259.93405955946423,1422.781156938036,2441.7039471217145,1405.0,1632.2425520298752,1122.781156938036,2141.7039471217145,227.24255202987524,"MATR_b1c20,MATR_b1c39,MATR_b4c13,MATR_b3c10,MATR_b2c35,MATR_b3c36,MATR_b3c25,MATR_b4c11",False,False,0.95
300,MATR_b1c40,964.0,963.1439590364213,71.02346812911219,823.9405194462331,1102.3473986266094,664.0,663.1439590364213,523.9405194462331,802.3473986266094,0.856040963578721,"MATR_b1c20,MATR_b1c39,MATR_b4c13,MATR_b3c10,MATR_b2c35,MATR_b3c36,MATR_b3c25,MATR_b4c11",False,False,0.95
300,MATR_b1c43,649.0,641.9644220404411,35.64635362659037,572.0988527521453,711.829991328737,349.0,341.96442204044115,272.09885275214526,411.82999132873704,7.03557795955885,"MATR_b1c20,MATR_b1c39,MATR_b4c13,MATR_b3c10,MATR_b2c35,MATR_b3c36,MATR_b3c25,MATR_b4c11",False,False,0.95
300,MATR_b1c44,614.0,506.23918429173307,23.435326470067313,460.30678844446294,552.1715801390031,314.0,206.23918429173307,160.30678844446294,252.17158013900314,107.76081570826693,"MATR_b1c20,MATR_b1c39,MATR_b4c13,MATR_b3c10,MATR_b2c35,MATR_b3c36,MATR_b3c25,MATR_b4c11",False,False,0.95
300,MATR_b1c45,597.0,488.1788717971568,21.501015730954165,446.03765533345745,530.3200882608561,297.0,188.17887179715677,146.03765533345745,230.3200882608561,108.82112820284323,"MATR_b1c20,MATR_b1c39,MATR_b4c13,MATR_b3c10,MATR_b2c35,MATR_b3c36,MATR_b3c25,MATR_b4c11",False,False,0.95
300,MATR_b2c11,476.0,462.8374195170909,18.977562666922296,425.6420801755713,500.03275885861046,176.0,162.8374195170909,125.64208017557132,200.03275885861046,13.162580482909107,"MATR_b1c20,MATR_b1c39,MATR_b4c13,MATR_b3c10,MATR_b2c35,MATR_b3c36,MATR_b3c25,MATR_b4c11",False,False,0.95
300,MATR_b2c14,484.0,482.6956099157524,22.03706603728614,439.5037541577408,525.887465673764,184.0,182.6956099157524,139.5037541577408,225.88746567376404,1.3043900842475864,"MATR_b1c20,MATR_b1c39,MATR_b4c13,MATR_b3c10,MATR_b2c35,MATR_b3c36,MATR_b3c25,MATR_b4c11",False,False,0.95
300,MATR_b2c18,486.0,468.69969564406256,17.812735717888824,433.78737517087023,503.6120161172549,186.0,168.69969564406256,133.78737517087023,203.61201611725488,17.300304355937442,"MATR_b1c20,MATR_b1c39,MATR_b4c13,MATR_b3c10,MATR_b2c35,MATR_b3c36,MATR_b3c25,MATR_b4c11",False,False,0.95
300,MATR_b2c26,470.0,462.50861898519537,19.65194537132063,423.9915138312583,501.0257241391324,170.0,162.50861898519537,123.99151383125832,201.02572413913242,7.491381014804631,"MATR_b1c20,MATR_b1c39,MATR_b4c13,MATR_b3c10,MATR_b2c35,MATR_b3c36,MATR_b3c25,MATR_b4c11",False,False,0.95
300,MATR_b2c28,508.0,511.33737980388855,24.571754537957595,463.17762587253304,559.497133735244,208.0,211.33737980388855,163.17762587253304,259.497133735244,3.3373798038885525,"MATR_b1c20,MATR_b1c39,MATR_b4c13,MATR_b3c10,MATR_b2c35,MATR_b3c36,MATR_b3c25,MATR_b4c11",False,False,0.95
300,MATR_b2c31,491.0,541.4347989147955,28.138401049685392,486.28454627486803,596.5850515547229,191.0,241.43479891479546,186.28454627486803,296.5850515547229,50.434798914795465,"MATR_b1c20,MATR_b1c39,MATR_b4c13,MATR_b3c10,MATR_b2c35,MATR_b3c36,MATR_b3c25,MATR_b4c11",False,False,0.95
300,MATR_b2c43,461.0,449.7892867268437,19.775841326706374,411.0293499625204,488.549223491167,161.0,149.78928672684373,111.02934996252043,188.54922349116703,11.210713273156273,"MATR_b1c20,MATR_b1c39,MATR_b4c13,MATR_b3c10,MATR_b2c35,MATR_b3c36,MATR_b3c25,MATR_b4c11",False,False,0.95
300,MATR_b3c21,770.0,700.8172964002679,37.46069047015683,627.3956922427577,774.238900557778,470.0,400.8172964002679,327.3956922427577,474.23890055777804,69.18270359973212,"MATR_b1c20,MATR_b1c39,MATR_b4c13,MATR_b3c10,MATR_b2c35,MATR_b3c36,MATR_b3c25,MATR_b4c11",False,False,0.95
300,MATR_b3c27,847.0,850.2277758904856,61.120084998985476,730.4346105604473,970.020941220524,547.0,550.2277758904856,430.43461056044725,670.020941220524,3.2277758904856455,"MATR_b1c20,MATR_b1c39,MATR_b4c13,MATR_b3c10,MATR_b2c35,MATR_b3c36,MATR_b3c25,MATR_b4c11",False,False,0.95
300,MATR_b3c34,1156.0,971.9847878333476,86.86648109201741,801.729613429264,1142.2399622374312,856.0,671.9847878333476,501.72961342926396,842.2399622374312,184.01521216665242,"MATR_b1c20,MATR_b1c39,MATR_b4c13,MATR_b3c10,MATR_b2c35,MATR_b3c36,MATR_b3c25,MATR_b4c11",False,False,0.95
300,MATR_b3c35,1091.0,972.0381599990658,86.09465565017729,803.2957356633405,1140.780584334791,791.0,672.0381599990658,503.29573566334045,840.780584334791,118.96184000093422,"MATR_b1c20,MATR_b1c39,MATR_b4c13,MATR_b3c10,MATR_b2c35,MATR_b3c36,MATR_b3c25,MATR_b4c11",False,False,0.95
300,MATR_b3c39,1154.0,870.6994246758347,58.81279795332192,755.4284588572928,985.9703904943767,854.0,570.6994246758347,455.42845885729275,685.9703904943767,283.30057532416527,"MATR_b1c20,MATR_b1c39,MATR_b4c13,MATR_b3c10,MATR_b2c35,MATR_b3c36,MATR_b3c25,MATR_b4c11",False,False,0.95
300,MATR_b4c2,742.0,745.1794439580146,48.98333584010137,649.1738698687859,841.1850180472434,442.0,445.17944395801464,349.1738698687859,541.1850180472434,3.1794439580146445,"MATR_b1c20,MATR_b1c39,MATR_b4c13,MATR_b3c10,MATR_b2c35,MATR_b3c36,MATR_b3c25,MATR_b4c11",False,False,0.95
300,MATR_b4c20,747.0,794.702855594135,48.79653326008802,699.0634078339517,890.3423033543183,447.0,494.70285559413503,399.0634078339517,590.3423033543183,47.70285559413503,"MATR_b1c20,MATR_b1c39,MATR_b4c13,MATR_b3c10,MATR_b2c35,MATR_b3c36,MATR_b3c25,MATR_b4c11",False,False,0.95
300,MATR_b4c22,671.0,599.6532026710272,27.89493546170201,544.9801338150221,654.3262715270323,371.0,299.6532026710272,244.9801338150221,354.3262715270323,71.3467973289728,"MATR_b1c20,MATR_b1c39,MATR_b4c13,MATR_b3c10,MATR_b2c35,MATR_b3c36,MATR_b3c25,MATR_b4c11",False,False,0.95
300,MATR_b4c23,1038.0,861.429651612967,56.99650835422379,749.718547994152,973.1407552317819,738.0,561.429651612967,449.718547994152,673.1407552317819,176.57034838703305,"MATR_b1c20,MATR_b1c39,MATR_b4c13,MATR_b3c10,MATR_b2c35,MATR_b3c36,MATR_b3c25,MATR_b4c11",False,False,0.95
300,MATR_b4c24,988.0,921.0558266197813,64.382033088558,794.8693605147416,1047.242292724821,688.0,621.0558266197813,494.86936051474163,747.242292724821,66.94417338021867,"MATR_b1c20,MATR_b1c39,MATR_b4c13,MATR_b3c10,MATR_b2c35,MATR_b3c36,MATR_b3c25,MATR_b4c11",False,False,0.95
300,MATR_b4c26,476.0,510.85712487685817,22.449047808143014,466.85779968568005,554.8564500680363,176.0,210.85712487685817,166.85779968568005,254.85645006803634,34.857124876858165,"MATR_b1c20,MATR_b1c39,MATR_b4c13,MATR_b3c10,MATR_b2c35,MATR_b3c36,MATR_b3c25,MATR_b4c11",False,False,0.95
300,MATR_b4c38,1055.0,941.0252247910943,78.92706410704423,786.3310217358036,1095.7194278463849,755.0,641.0252247910943,486.3310217358036,795.7194278463849,113.97477520890573,"MATR_b1c20,MATR_b1c39,MATR_b4c13,MATR_b3c10,MATR_b2c35,MATR_b3c36,MATR_b3c25,MATR_b4c11",False,False,0.95
300,MATR_b4c39,738.0,694.4390720012086,36.236341121124795,623.4171484722963,765.460995530121,438.0,394.4390720012086,323.4171484722963,465.46099553012095,43.560927998791385,"MATR_b1c20,MATR_b1c39,MATR_b4c13,MATR_b3c10,MATR_b2c35,MATR_b3c36,MATR_b3c25,MATR_b4c11",False,False,0.95
320,MATR_b1c17,858.0,860.8479952449381,61.63043978488912,740.054552915191,981.6414375746853,538.0,540.8479952449381,420.05455291519104,661.6414375746853,2.847995244938147,"MATR_b4c6,MATR_b1c36,MATR_b3c30,MATR_b3c40,MATR_b1c7,MATR_b3c28,MATR_b1c6,MATR_b2c46",False,False,0.95
320,MATR_b1c25,852.0,889.6875277308175,68.7724705619102,754.8959623016324,1024.4790931600025,532.0,569.6875277308175,434.8959623016324,704.4790931600025,37.687527730817465,"MATR_b4c6,MATR_b1c36,MATR_b3c30,MATR_b3c40,MATR_b1c7,MATR_b3c28,MATR_b1c6,MATR_b2c46",False,False,0.95
320,MATR_b1c26,868.0,866.7559649057067,54.55878858677608,759.8227042354906,973.6892255759228,548.0,546.7559649057067,439.8227042354906,653.6892255759228,1.244035094293281,"MATR_b4c6,MATR_b1c36,MATR_b3c30,MATR_b3c40,MATR_b1c7,MATR_b3c28,MATR_b1c6,MATR_b2c46",False,False,0.95
320,MATR_b1c27,841.0,861.1043877908479,58.984545875677014,745.4968022300704,976.7119733516254,521.0,541.1043877908479,425.49680223007044,656.7119733516254,20.10438779084791,"MATR_b4c6,MATR_b1c36,MATR_b3c30,MATR_b3c40,MATR_b1c7,MATR_b3c28,MATR_b1c6,MATR_b2c46",False,False,0.95
320,MATR_b1c3,1431.0,1666.770458869687,234.28534852523242,1207.5796136548174,2125.9613040845566,1111.0,1346.770458869687,887.5796136548174,1805.9613040845566,235.770458869687,"MATR_b4c6,MATR_b1c36,MATR_b3c30,MATR_b3c40,MATR_b1c7,MATR_b3c28,MATR_b1c6,MATR_b2c46",False,False,0.95
320,MATR_b1c32,729.0,690.3612456289034,42.53500609898844,606.9941655926945,773.7283256651123,409.0,370.36124562890336,286.99416559269446,453.72832566511227,38.63875437109664,"MATR_b4c6,MATR_b1c36,MATR_b3c30,MATR_b3c40,MATR_b1c7,MATR_b3c28,MATR_b1c6,MATR_b2c46",False,False,0.95
320,MATR_b1c33,754.0,715.950891718579,40.781975377029084,636.0196887612027,795.8820946759553,434.0,395.950891718579,316.0196887612027,475.8820946759553,38.04910828142101,"MATR_b4c6,MATR_b1c36,MATR_b3c30,MATR_b3c40,MATR_b1c7,MATR_b3c28,MATR_b1c6,MATR_b2c46",False,False,0.95
320,MATR_b1c4,1705.0,1911.8143650577153,262.80596246241527,1396.724143708996,2426.9045864064346,1385.0,1591.8143650577153,1076.724143708996,2106.9045864064346,206.81436505771535,"MATR_b4c6,MATR_b1c36,MATR_b3c30,MATR_b3c40,MATR_b1c7,MATR_b3c28,MATR_b1c6,MATR_b2c46",False,False,0.95
320,MATR_b1c40,964.0,971.1821249300606,68.2277463330047,837.4581993710367,1104.9060504890845,644.0,651.1821249300606,517.4581993710367,784.9060504890845,7.182124930060581,"MATR_b4c6,MATR_b1c36,MATR_b3c30,MATR_b3c40,MATR_b1c7,MATR_b3c28,MATR_b1c6,MATR_b2c46",False,False,0.95
320,MATR_b1c43,649.0,656.5032590885969,34.72232673059843,588.4487492371916,724.5577689400022,329.0,336.5032590885969,268.4487492371916,404.55776894000223,7.503259088596906,"MATR_b4c6,MATR_b1c36,MATR_b3c30,MATR_b3c40,MATR_b1c7,MATR_b3c28,MATR_b1c6,MATR_b2c46",False,False,0.95
320,MATR_b1c44,614.0,513.9597271694015,22.86528970668522,469.14458284822405,558.7748714905789,294.0,193.9597271694015,149.14458284822405,238.7748714905789,100.0402728305985,"MATR_b4c6,MATR_b1c36,MATR_b3c30,MATR_b3c40,MATR_b1c7,MATR_b3c28,MATR_b1c6,MATR_b2c46",False,False,0.95
320,MATR_b1c45,597.0,494.16932055597516,20.918865263765394,453.16909804154903,535.1695430704013,277.0,174.16932055597516,133.16909804154903,215.16954307040135,102.83067944402484,"MATR_b4c6,MATR_b1c36,MATR_b3c30,MATR_b3c40,MATR_b1c7,MATR_b3c28,MATR_b1c6,MATR_b2c46",False,False,0.95
320,MATR_b2c11,476.0,463.1846790262157,18.1693169159499,427.57347224725953,498.79588580517185,156.0,143.1846790262157,107.57347224725953,178.79588580517185,12.81532097378431,"MATR_b4c6,MATR_b1c36,MATR_b3c30,MATR_b3c40,MATR_b1c7,MATR_b3c28,MATR_b1c6,MATR_b2c46",False,False,0.95
320,MATR_b2c14,484.0,486.4910101538732,21.149817613214672,445.0381293523816,527.9438909553649,164.0,166.49101015387322,125.03812935238159,207.94389095536485,2.4910101538732192,"MATR_b4c6,MATR_b1c36,MATR_b3c30,MATR_b3c40,MATR_b1c7,MATR_b3c28,MATR_b1c6,MATR_b2c46",False,False,0.95
320,MATR_b2c18,486.0,469.99263730422786,17.325825818919377,436.0346426967317,503.95063191172403,166.0,149.99263730422786,116.03464269673168,183.95063191172403,16.007362695772144,"MATR_b4c6,MATR_b1c36,MATR_b3c30,MATR_b3c40,MATR_b1c7,MATR_b3c28,MATR_b1c6,MATR_b2c46",False,False,0.95
320,MATR_b2c26,470.0,463.3022226158464,18.791341658168985,426.471869744648,500.1325754870448,150.0,143.3022226158464,106.47186974464802,180.1325754870448,6.697777384153596,"MATR_b4c6,MATR_b1c36,MATR_b3c30,MATR_b3c40,MATR_b1c7,MATR_b3c28,MATR_b1c6,MATR_b2c46",False,False,0.95
320,MATR_b2c28,508.0,516.3048683574054,23.556264922825783,470.1354374983827,562.4742992164281,188.0,196.30486835740544,150.13543749838271,242.4742992164281,8.30486835740544,"MATR_b4c6,MATR_b1c36,MATR_b3c30,MATR_b3c40,MATR_b1c7,MATR_b3c28,MATR_b1c6,MATR_b2c46",False,False,0.95
320,MATR_b2c31,491.0,551.0176369879863,27.38111488934626,497.3516379483142,604.6836360276584,171.0,231.0176369879863,177.3516379483142,284.6836360276584,60.01763698798629,"MATR_b4c6,MATR_b1c36,MATR_b3c30,MATR_b3c40,MATR_b1c7,MATR_b3c28,MATR_b1c6,MATR_b2c46",False,False,0.95
320,MATR_b2c43,461.0,451.38453196491054,19.058501546777354,414.03055533392603,488.73850859589504,141.0,131.38453196491054,94.03055533392603,168.73850859589504,9.615468035089464,"MATR_b4c6,MATR_b1c36,MATR_b3c30,MATR_b3c40,MATR_b1c7,MATR_b3c28,MATR_b1c6,MATR_b2c46",False,False,0.95
320,MATR_b3c21,770.0,715.6571533141536,36.500802377239935,644.1168952479493,787.1974113803578,450.0,395.65715331415356,324.1168952479493,467.19741138035783,54.34284668584644,"MATR_b4c6,MATR_b1c36,MATR_b3c30,MATR_b3c40,MATR_b1c7,MATR_b3c28,MATR_b1c6,MATR_b2c46",False,False,0.95
320,MATR_b3c27,847.0,862.0557154385103,57.7408297308635,748.8857687285583,975.2256621484623,527.0,542.0557154385103,428.88576872855833,655.2256621484623,15.055715438510333,"MATR_b4c6,MATR_b1c36,MATR_b3c30,MATR_b3c40,MATR_b1c7,MATR_b3c28,MATR_b1c6,MATR_b2c46",False,False,0.95
320,MATR_b3c34,1156.0,995.2115335345907,83.89874659314374,830.7730118639764,1159.6500552052048,836.0,675.2115335345907,510.7730118639764,839.6500552052048,160.78846646540933,"MATR_b4c6,MATR_b1c36,MATR_b3c30,MATR_b3c40,MATR_b1c7,MATR_b3c28,MATR_b1c6,MATR_b2c46",False,False,0.95
320,MATR_b3c35,1091.0,1001.6375271567408,85.00963280780854,835.0217085144616,1168.25334579902,771.0,681.6375271567408,515.0217085144616,848.25334579902,89.36247284325918,"MATR_b4c6,MATR_b1c36,MATR_b3c30,MATR_b3c40,MATR_b1c7,MATR_b3c28,MATR_b1c6,MATR_b2c46",False,False,0.95
320,MATR_b3c39,1154.0,889.3399277897356,56.569039293429846,778.466648134582,1000.2132074448892,834.0,569.3399277897356,458.466648134582,680.2132074448892,264.6600722102644,"MATR_b4c6,MATR_b1c36,MATR_b3c30,MATR_b3c40,MATR_b1c7,MATR_b3c28,MATR_b1c6,MATR_b2c46",False,False,0.95
320,MATR_b4c2,742.0,752.2512451294074,46.55202754117898,661.0109477413799,843.4915425174348,422.0,432.2512451294074,341.01094774137994,523.4915425174348,10.25124512940738,"MATR_b4c6,MATR_b1c36,MATR_b3c30,MATR_b3c40,MATR_b1c7,MATR_b3c28,MATR_b1c6,MATR_b2c46",False,False,0.95
320,MATR_b4c20,747.0,809.6110991415134,47.65515001593334,716.2087214324307,903.013476850596,427.0,489.61109914151336,396.2087214324307,583.013476850596,62.611099141513364,"MATR_b4c6,MATR_b1c36,MATR_b3c30,MATR_b3c40,MATR_b1c7,MATR_b3c28,MATR_b1c6,MATR_b2c46",False,False,0.95
320,MATR_b4c22,671.0,609.9750996101876,27.043647527209654,556.970524446261,662.9796747741142,351.0,289.9750996101876,236.97052444626104,342.9796747741142,61.02490038981239,"MATR_b4c6,MATR_b1c36,MATR_b3c30,MATR_b3c40,MATR_b1c7,MATR_b3c28,MATR_b1c6,MATR_b2c46",False,False,0.95
320,MATR_b4c23,1038.0,880.6548371567376,54.86695043127265,773.1175903698988,988.1920839435763,718.0,560.6548371567376,453.11759036989883,668.1920839435763,157.34516284326241,"MATR_b4c6,MATR_b1c36,MATR_b3c30,MATR_b3c40,MATR_b1c7,MATR_b3c28,MATR_b1c6,MATR_b2c46",False,False,0.95
320,MATR_b4c24,988.0,945.3168046066829,62.65608089185268,822.5131426462234,1068.1204665671423,668.0,625.3168046066829,502.5131426462234,748.1204665671423,42.68319539331708,"MATR_b4c6,MATR_b1c36,MATR_b3c30,MATR_b3c40,MATR_b1c7,MATR_b3c28,MATR_b1c6,MATR_b2c46",False,False,0.95
320,MATR_b4c26,476.0,516.8733897257564,21.692333762620667,474.3571968103977,559.3895826411151,156.0,196.8733897257564,154.35719681039768,239.3895826411151,40.8733897257564,"MATR_b4c6,MATR_b1c36,MATR_b3c30,MATR_b3c40,MATR_b1c7,MATR_b3c28,MATR_b1c6,MATR_b2c46",False,False,0.95
320,MATR_b4c38,1055.0,964.7421357718965,76.89533781776365,814.030043070039,1115.454228473754,735.0,644.7421357718965,494.030043070039,795.454228473754,90.25786422810347,"MATR_b4c6,MATR_b1c36,MATR_b3c30,MATR_b3c40,MATR_b1c7,MATR_b3c28,MATR_b1c6,MATR_b2c46",False,False,0.95
320,MATR_b4c39,738.0,708.624115137952,35.07559580941026,639.8772106152238,777.3710196606802,418.0,388.624115137952,319.8772106152238,457.3710196606802,29.375884862047997,"MATR_b4c6,MATR_b1c36,MATR_b3c30,MATR_b3c40,MATR_b1c7,MATR_b3c28,MATR_b1c6,MATR_b2c46",False,False,0.95
340,MATR_b1c17,858.0,864.2494778829256,63.05142641491728,740.6709529358103,987.8280028300409,518.0,524.2494778829256,400.6709529358103,647.8280028300409,6.249477882925589,"MATR_b3c22,MATR_b2c24,MATR_b1c18,MATR_b2c36,MATR_b1c20,MATR_b2c44,MATR_b1c11,MATR_b3c8",False,False,0.95
340,MATR_b1c25,852.0,901.2894299157736,71.29130769957935,761.561034413835,1041.0178254177122,512.0,561.2894299157736,421.56103441383505,701.0178254177122,49.28942991577355,"MATR_b3c22,MATR_b2c24,MATR_b1c18,MATR_b2c36,MATR_b1c20,MATR_b2c44,MATR_b1c11,MATR_b3c8",False,False,0.95
340,MATR_b1c26,868.0,866.3554277952964,55.81717640329612,756.9557723261171,975.7550832644756,528.0,526.3554277952964,416.9557723261171,635.7550832644756,1.6445722047036497,"MATR_b3c22,MATR_b2c24,MATR_b1c18,MATR_b2c36,MATR_b1c20,MATR_b2c44,MATR_b1c11,MATR_b3c8",False,False,0.95
340,MATR_b1c27,841.0,861.4526780522873,60.26116571478821,743.3429635849025,979.5623925196721,501.0,521.4526780522873,403.34296358490246,639.5623925196721,20.452678052287297,"MATR_b3c22,MATR_b2c24,MATR_b1c18,MATR_b2c36,MATR_b1c20,MATR_b2c44,MATR_b1c11,MATR_b3c8",False,False,0.95
340,MATR_b1c3,1431.0,1710.0376206310707,243.54874794534783,1232.6908461783655,2187.384395083776,1091.0,1370.0376206310707,892.6908461783655,1847.3843950837759,279.0376206310707,"MATR_b3c22,MATR_b2c24,MATR_b1c18,MATR_b2c36,MATR_b1c20,MATR_b2c44,MATR_b1c11,MATR_b3c8",False,False,0.95
340,MATR_b1c32,729.0,696.4265752336181,43.84123879014539,610.4993261673128,782.3538242999234,389.0,356.4265752336181,270.4993261673128,442.3538242999234,32.57342476638189,"MATR_b3c22,MATR_b2c24,MATR_b1c18,MATR_b2c36,MATR_b1c20,MATR_b2c44,MATR_b1c11,MATR_b3c8",False,False,0.95
340,MATR_b1c33,754.0,716.4968358286641,41.6384265295374,634.8870194578537,798.1066521994744,414.0,376.4968358286641,294.88701945785374,458.1066521994744,37.503164171335925,"MATR_b3c22,MATR_b2c24,MATR_b1c18,MATR_b2c36,MATR_b1c20,MATR_b2c44,MATR_b1c11,MATR_b3c8",False,False,0.95
340,MATR_b1c4,1705.0,1900.3681348415848,265.6531273098173,1379.6975729339092,2421.0386967492605,1365.0,1560.3681348415848,1039.6975729339092,2081.0386967492605,195.36813484158483,"MATR_b3c22,MATR_b2c24,MATR_b1c18,MATR_b2c36,MATR_b1c20,MATR_b2c44,MATR_b1c11,MATR_b3c8",False,False,0.95
340,MATR_b1c40,964.0,982.8188646519594,72.01611097734553,841.6698808297226,1123.9678484741962,624.0,642.8188646519594,501.6698808297226,783.9678484741962,18.818864651959416,"MATR_b3c22,MATR_b2c24,MATR_b1c18,MATR_b2c36,MATR_b1c20,MATR_b2c44,MATR_b1c11,MATR_b3c8",False,False,0.95
340,MATR_b1c43,649.0,661.239991513862,35.581952883928835,591.5006453617605,730.9793376659636,309.0,321.23999151386204,251.50064536176046,390.9793376659636,12.239991513862037,"MATR_b3c22,MATR_b2c24,MATR_b1c18,MATR_b2c36,MATR_b1c20,MATR_b2c44,MATR_b1c11,MATR_b3c8",False,False,0.95
340,MATR_b1c44,614.0,517.2787874479985,23.33177368822889,471.5493513236306,563.0082235723664,274.0,177.27878744799852,131.54935132363062,223.00822357236643,96.72121255200148,"MATR_b3c22,MATR_b2c24,MATR_b1c18,MATR_b2c36,MATR_b1c20,MATR_b2c44,MATR_b1c11,MATR_b3c8",False,False,0.95
340,MATR_b1c45,597.0,496.49630537293405,21.25609621482068,454.83512233996737,538.1574884059007,257.0,156.49630537293405,114.83512233996737,198.15748840590072,100.50369462706595,"MATR_b3c22,MATR_b2c24,MATR_b1c18,MATR_b2c36,MATR_b1c20,MATR_b2c44,MATR_b1c11,MATR_b3c8",False,False,0.95
340,MATR_b2c11,476.0,462.64450807473634,18.20528213375064,426.9628107641946,498.32620538527806,136.0,122.64450807473634,86.96281076419461,158.32620538527806,13.355491925263664,"MATR_b3c22,MATR_b2c24,MATR_b1c18,MATR_b2c36,MATR_b1c20,MATR_b2c44,MATR_b1c11,MATR_b3c8",False,False,0.95
340,MATR_b2c14,484.0,487.7088676546123,21.26498763558901,446.0302577571683,529.3874775520562,144.0,147.70886765461228,106.03025775716827,189.38747755205623,3.708867654612277,"MATR_b3c22,MATR_b2c24,MATR_b1c18,MATR_b2c36,MATR_b1c20,MATR_b2c44,MATR_b1c11,MATR_b3c8",False,False,0.95
340,MATR_b2c18,486.0,469.4520502692454,17.471040143562867,435.2094408154087,503.69465972308205,146.0,129.45205026924538,95.2094408154087,163.69465972308205,16.547949730754624,"MATR_b3c22,MATR_b2c24,MATR_b1c18,MATR_b2c36,MATR_b1c20,MATR_b2c44,MATR_b1c11,MATR_b3c8",False,False,0.95
340,MATR_b2c26,470.0,463.53729088222144,18.826278487765993,426.6384630832789,500.436118681164,130.0,123.53729088222144,86.63846308327891,160.43611868116398,6.462709117778559,"MATR_b3c22,MATR_b2c24,MATR_b1c18,MATR_b2c36,MATR_b1c20,MATR_b2c44,MATR_b1c11,MATR_b3c8",False,False,0.95
340,MATR_b2c28,508.0,515.6215835937402,23.58783525862484,469.39027601357145,561.8528911739089,168.0,175.62158359374018,129.39027601357145,221.85289117390892,7.6215835937401835,"MATR_b3c22,MATR_b2c24,MATR_b1c18,MATR_b2c36,MATR_b1c20,MATR_b2c44,MATR_b1c11,MATR_b3c8",False,False,0.95
340,MATR_b2c31,491.0,550.9103252699549,27.53563317209498,496.9414759611424,604.8791745787674,151.0,210.9103252699549,156.94147596114237,264.87917457876745,59.91032526995491,"MATR_b3c22,MATR_b2c24,MATR_b1c18,MATR_b2c36,MATR_b1c20,MATR_b2c44,MATR_b1c11,MATR_b3c8",False,False,0.95
340,MATR_b2c43,461.0,452.2491534843892,19.126395263165342,414.7621076145076,489.73619935427075,121.0,112.24915348438918,74.76210761450761,149.73619935427075,8.750846515610817,"MATR_b3c22,MATR_b2c24,MATR_b1c18,MATR_b2c36,MATR_b1c20,MATR_b2c44,MATR_b1c11,MATR_b3c8",False,False,0.95
340,MATR_b3c21,770.0,716.2605358605555,37.20860769825944,643.3330048570872,789.1880668640238,430.0,376.2605358605555,303.3330048570872,449.18806686402377,53.73946413944452,"MATR_b3c22,MATR_b2c24,MATR_b1c18,MATR_b2c36,MATR_b1c20,MATR_b2c44,MATR_b1c11,MATR_b3c8",False,False,0.95
340,MATR_b3c27,847.0,846.023327743027,56.50161485303827,735.2821975627187,956.7644579233354,507.0,506.02332774302704,395.2821975627187,616.7644579233354,0.9766722569729609,"MATR_b3c22,MATR_b2c24,MATR_b1c18,MATR_b2c36,MATR_b1c20,MATR_b2c44,MATR_b1c11,MATR_b3c8",False,False,0.95
340,MATR_b3c34,1156.0,982.7481493693159,81.25786459885556,823.4856612949268,1142.010637443705,816.0,642.7481493693159,483.4856612949268,802.010637443705,173.2518506306841,"MATR_b3c22,MATR_b2c24,MATR_b1c18,MATR_b2c36,MATR_b1c20,MATR_b2c44,MATR_b1c11,MATR_b3c8",False,False,0.95
340,MATR_b3c35,1091.0,993.6490454159512,83.45046390075066,830.08914167732,1157.2089491545823,751.0,653.6490454159512,490.08914167731996,817.2089491545823,97.35095458404885,"MATR_b3c22,MATR_b2c24,MATR_b1c18,MATR_b2c36,MATR_b1c20,MATR_b2c44,MATR_b1c11,MATR_b3c8",False,False,0.95
340,MATR_b3c39,1154.0,891.5230139097185,57.5235159366954,778.7789944096797,1004.2670334097573,814.0,551.5230139097185,438.77899440967974,664.2670334097573,262.47698609028146,"MATR_b3c22,MATR_b2c24,MATR_b1c18,MATR_b2c36,MATR_b1c20,MATR_b2c44,MATR_b1c11,MATR_b3c8",False,False,0.95
340,MATR_b4c2,742.0,750.8327572167518,47.594255249607734,657.5497310565142,844.1157833769894,402.0,410.8327572167518,317.54973105651425,504.1157833769894,8.832757216751816,"MATR_b3c22,MATR_b2c24,MATR_b1c18,MATR_b2c36,MATR_b1c20,MATR_b2c44,MATR_b1c11,MATR_b3c8",False,False,0.95
340,MATR_b4c20,747.0,811.2002591583471,49.28561104867314,714.6022365468984,907.7982817697957,407.0,471.2002591583471,374.60223654689844,567.7982817697957,64.20025915834708,"MATR_b3c22,MATR_b2c24,MATR_b1c18,MATR_b2c36,MATR_b1c20,MATR_b2c44,MATR_b1c11,MATR_b3c8",False,False,0.95
340,MATR_b4c22,671.0,611.2224706703183,27.519963845625295,557.2843326770484,665.1606086635883,331.0,271.22247067031833,217.28433267704838,325.1606086635883,59.77752932968167,"MATR_b3c22,MATR_b2c24,MATR_b1c18,MATR_b2c36,MATR_b1c20,MATR_b2c44,MATR_b1c11,MATR_b3c8",False,False,0.95
340,MATR_b4c23,1038.0,878.5491520247779,55.214134288851376,770.3314373810712,986.7668666684846,698.0,538.5491520247779,430.33143738107117,646.7668666684846,159.45084797522213,"MATR_b3c22,MATR_b2c24,MATR_b1c18,MATR_b2c36,MATR_b1c20,MATR_b2c44,MATR_b1c11,MATR_b3c8",False,False,0.95
340,MATR_b4c24,988.0,941.6419551071472,62.93768904369573,818.2863513113224,1064.9975589029718,648.0,601.6419551071472,478.2863513113224,724.9975589029718,46.35804489285283,"MATR_b3c22,MATR_b2c24,MATR_b1c18,MATR_b2c36,MATR_b1c20,MATR_b2c44,MATR_b1c11,MATR_b3c8",False,False,0.95
340,MATR_b4c26,476.0,520.0911714971172,22.100424207079065,476.7751360081851,563.4072069860493,136.0,180.09117149711722,136.7751360081851,223.40720698604935,44.091171497117216,"MATR_b3c22,MATR_b2c24,MATR_b1c18,MATR_b2c36,MATR_b1c20,MATR_b2c44,MATR_b1c11,MATR_b3c8",False,False,0.95
340,MATR_b4c38,1055.0,963.556524742649,77.22901314615592,812.190440414613,1114.922609070685,715.0,623.556524742649,472.190440414613,774.922609070685,91.443475257351,"MATR_b3c22,MATR_b2c24,MATR_b1c18,MATR_b2c36,MATR_b1c20,MATR_b2c44,MATR_b1c11,MATR_b3c8",False,False,0.95
340,MATR_b4c39,738.0,708.8931414920474,35.63197510462468,639.0557535889552,778.7305293951397,398.0,368.89314149204745,299.0557535889552,438.7305293951397,29.106858507952552,"MATR_b3c22,MATR_b2c24,MATR_b1c18,MATR_b2c36,MATR_b1c20,MATR_b2c44,MATR_b1c11,MATR_b3c8",False,False,0.95
360,MATR_b1c17,858.0,837.3952216370697,61.55580007829575,716.7480704440621,958.0423728300772,498.0,477.39522163706965,356.74807044406214,598.0423728300772,20.604778362930347,"MATR_b3c19,MATR_b2c37,MATR_b4c35,MATR_b3c7,MATR_b2c38,MATR_b3c4,MATR_b3c28,MATR_b3c31",False,False,0.95
360,MATR_b1c25,852.0,869.559053271108,69.12106815775519,734.0842491089695,1005.0338574332466,492.0,509.55905327110804,374.0842491089695,645.0338574332466,17.55905327110804,"MATR_b3c19,MATR_b2c37,MATR_b4c35,MATR_b3c7,MATR_b2c38,MATR_b3c4,MATR_b3c28,MATR_b3c31",False,False,0.95
360,MATR_b1c26,868.0,834.114053326586,54.80304378777107,726.7020612593832,941.5260453937889,508.0,474.11405332658603,366.7020612593832,581.5260453937889,33.88594667341397,"MATR_b3c19,MATR_b2c37,MATR_b4c35,MATR_b3c7,MATR_b2c38,MATR_b3c4,MATR_b3c28,MATR_b3c31",False,False,0.95
360,MATR_b1c27,841.0,827.4963634150394,58.21353368795662,713.3999339738352,941.5927928562435,481.0,467.49636341503935,353.39993397383523,581.5927928562435,13.503636584960645,"MATR_b3c19,MATR_b2c37,MATR_b4c35,MATR_b3c7,MATR_b2c38,MATR_b3c4,MATR_b3c28,MATR_b3c31",False,False,0.95
360,MATR_b1c3,1431.0,1670.916466197844,242.50965504785734,1195.6062764008118,2146.2266559948766,1071.0,1310.916466197844,835.6062764008118,1786.2266559948766,239.9164661978441,"MATR_b3c19,MATR_b2c37,MATR_b4c35,MATR_b3c7,MATR_b2c38,MATR_b3c4,MATR_b3c28,MATR_b3c31",False,False,0.95
360,MATR_b1c32,729.0,675.7564640737252,42.760608465667524,591.9472115239982,759.5657166234521,369.0,315.75646407372517,231.94721152399825,399.5657166234521,53.24353592627483,"MATR_b3c19,MATR_b2c37,MATR_b4c35,MATR_b3c7,MATR_b2c38,MATR_b3c4,MATR_b3c28,MATR_b3c31",False,False,0.95
360,MATR_b1c33,754.0,694.3119963167792,40.93907526878578,614.0728832295847,774.5511094039737,394.0,334.3119963167792,254.0728832295847,414.55110940397367,59.68800368322081,"MATR_b3c19,MATR_b2c37,MATR_b4c35,MATR_b3c7,MATR_b2c38,MATR_b3c4,MATR_b3c28,MATR_b3c31",False,False,0.95
360,MATR_b1c4,1705.0,1896.3943104321725,264.13542490642243,1378.6983905744005,2414.0902302899444,1345.0,1536.3943104321725,1018.6983905744005,2054.0902302899444,191.39431043217246,"MATR_b3c19,MATR_b2c37,MATR_b4c35,MATR_b3c7,MATR_b2c38,MATR_b3c4,MATR_b3c28,MATR_b3c31",False,False,0.95
360,MATR_b1c40,964.0,940.5475609295152,69.87677509207113,803.5915983932503,1077.50352346578,604.0,580.5475609295152,443.59159839325025,717.5035234657801,23.452439070484843,"MATR_b3c19,MATR_b2c37,MATR_b4c35,MATR_b3c7,MATR_b2c38,MATR_b3c4,MATR_b3c28,MATR_b3c31",False,False,0.95
360,MATR_b1c43,649.0,643.0215767445442,35.32616082216559,573.7835738210298,712.2595796680586,289.0,283.0215767445442,213.7835738210298,352.25957966805856,5.978423255455823,"MATR_b3c19,MATR_b2c37,MATR_b4c35,MATR_b3c7,MATR_b2c38,MATR_b3c4,MATR_b3c28,MATR_b3c31",False,False,0.95
360,MATR_b1c44,614.0,512.310939549638,23.593303446935696,466.0689145173193,558.5529645819566,254.0,152.31093954963796,106.06891451731929,198.55296458195664,101.68906045036204,"MATR_b3c19,MATR_b2c37,MATR_b4c35,MATR_b3c7,MATR_b2c38,MATR_b3c4,MATR_b3c28,MATR_b3c31",False,False,0.95
360,MATR_b1c45,597.0,493.1871743597523,21.604873483087484,450.8424004423564,535.5319482771482,237.0,133.1871743597523,90.84240044235639,175.53194827714822,103.8128256402477,"MATR_b3c19,MATR_b2c37,MATR_b4c35,MATR_b3c7,MATR_b2c38,MATR_b3c4,MATR_b3c28,MATR_b3c31",False,False,0.95
360,MATR_b2c11,476.0,460.3523229689473,18.46581069152807,424.15999906821764,496.54464686967697,116.0,100.3523229689473,64.15999906821764,136.54464686967697,15.647677031052694,"MATR_b3c19,MATR_b2c37,MATR_b4c35,MATR_b3c7,MATR_b2c38,MATR_b3c4,MATR_b3c28,MATR_b3c31",False,False,0.95
360,MATR_b2c14,484.0,483.4212973709627,21.341610831154625,441.5925087698297,525.2500859720957,124.0,123.42129737096269,81.59250876982969,165.2500859720957,0.5787026290373092,"MATR_b3c19,MATR_b2c37,MATR_b4c35,MATR_b3c7,MATR_b2c38,MATR_b3c4,MATR_b3c28,MATR_b3c31",False,False,0.95
360,MATR_b2c18,486.0,466.2385806360077,17.764831740481583,431.42015023324984,501.0570110387656,126.0,106.23858063600773,71.42015023324984,141.0570110387656,19.761419363992275,"MATR_b3c19,MATR_b2c37,MATR_b4c35,MATR_b3c7,MATR_b2c38,MATR_b3c4,MATR_b3c28,MATR_b3c31",False,False,0.95
360,MATR_b2c26,470.0,461.8849098140219,19.060390471317074,424.52723095897005,499.24258866907377,110.0,101.88490981402191,64.52723095897005,139.24258866907377,8.11509018597809,"MATR_b3c19,MATR_b2c37,MATR_b4c35,MATR_b3c7,MATR_b2c38,MATR_b3c4,MATR_b3c28,MATR_b3c31",False,False,0.95
360,MATR_b2c28,508.0,507.12182979205136,23.425978775912043,461.20775508866404,553.0359044954387,148.0,147.12182979205136,101.20775508866404,193.03590449543867,0.8781702079486422,"MATR_b3c19,MATR_b2c37,MATR_b4c35,MATR_b3c7,MATR_b2c38,MATR_b3c4,MATR_b3c28,MATR_b3c31",False,False,0.95
360,MATR_b2c31,491.0,538.8038272730362,27.005341839703878,485.87432987702397,591.7333246690484,131.0,178.80382727303618,125.87432987702397,231.73332466904844,47.80382727303618,"MATR_b3c19,MATR_b2c37,MATR_b4c35,MATR_b3c7,MATR_b2c38,MATR_b3c4,MATR_b3c28,MATR_b3c31",False,False,0.95
360,MATR_b2c43,461.0,451.96059957497704,19.291505944412464,414.14994271638824,489.77125643356584,101.0,91.96059957497704,54.14994271638824,129.77125643356584,9.039400425022961,"MATR_b3c19,MATR_b2c37,MATR_b4c35,MATR_b3c7,MATR_b2c38,MATR_b3c4,MATR_b3c28,MATR_b3c31",False,False,0.95
360,MATR_b3c21,770.0,688.1374116949447,36.22981853939126,617.1282721913163,759.1465511985731,410.0,328.1374116949447,257.12827219131634,399.1465511985731,81.86258830505528,"MATR_b3c19,MATR_b2c37,MATR_b4c35,MATR_b3c7,MATR_b2c38,MATR_b3c4,MATR_b3c28,MATR_b3c31",False,False,0.95
360,MATR_b3c27,847.0,797.4164907345877,53.88713524831155,691.7996464178582,903.0333350513172,487.0,437.4164907345877,331.7996464178582,543.0333350513172,49.58350926541232,"MATR_b3c19,MATR_b2c37,MATR_b4c35,MATR_b3c7,MATR_b2c38,MATR_b3c4,MATR_b3c28,MATR_b3c31",False,False,0.95
360,MATR_b3c34,1156.0,934.4016104178497,76.04265505789152,785.3607452155798,1083.4424756201197,796.0,574.4016104178497,425.36074521557975,723.4424756201197,221.59838958215028,"MATR_b3c19,MATR_b2c37,MATR_b4c35,MATR_b3c7,MATR_b2c38,MATR_b3c4,MATR_b3c28,MATR_b3c31",False,False,0.95
360,MATR_b3c35,1091.0,936.6305697440514,76.42270005577329,786.8448300334286,1086.4163094546743,731.0,576.6305697440514,426.8448300334286,726.4163094546743,154.3694302559486,"MATR_b3c19,MATR_b2c37,MATR_b4c35,MATR_b3c7,MATR_b2c38,MATR_b3c4,MATR_b3c28,MATR_b3c31",False,False,0.95
360,MATR_b3c39,1154.0,855.4242616738094,56.48393130415577,744.7177906124296,966.1307327351892,794.0,495.4242616738094,384.71779061242955,606.1307327351892,298.5757383261906,"MATR_b3c19,MATR_b2c37,MATR_b4c35,MATR_b3c7,MATR_b2c38,MATR_b3c4,MATR_b3c28,MATR_b3c31",False,False,0.95
360,MATR_b4c2,742.0,710.3731505126372,45.670412793175295,620.8607862789363,799.885514746338,382.0,350.37315051263715,260.8607862789363,439.885514746338,31.626849487362847,"MATR_b3c19,MATR_b2c37,MATR_b4c35,MATR_b3c7,MATR_b2c38,MATR_b3c4,MATR_b3c28,MATR_b3c31",False,False,0.95
360,MATR_b4c20,747.0,776.3369132177431,48.29035822210206,681.6895503018854,870.9842761336008,387.0,416.33691321774313,321.68955030188545,510.9842761336008,29.33691321774313,"MATR_b3c19,MATR_b2c37,MATR_b4c35,MATR_b3c7,MATR_b2c38,MATR_b3c4,MATR_b3c28,MATR_b3c31",False,False,0.95
360,MATR_b4c22,671.0,594.4450476367297,27.170723211639107,541.1914087080106,647.6986865654487,311.0,234.44504763672967,181.1914087080106,287.6986865654487,76.55495236327033,"MATR_b3c19,MATR_b2c37,MATR_b4c35,MATR_b3c7,MATR_b2c38,MATR_b3c4,MATR_b3c28,MATR_b3c31",False,False,0.95
360,MATR_b4c23,1038.0,838.8925832310281,53.55481219130441,733.9270801372649,943.8580863247913,678.0,478.8925832310281,373.92708013726485,583.8580863247913,199.10741676897192,"MATR_b3c19,MATR_b2c37,MATR_b4c35,MATR_b3c7,MATR_b2c38,MATR_b3c4,MATR_b3c28,MATR_b3c31",False,False,0.95
360,MATR_b4c24,988.0,895.3683914504297,60.33312451971944,777.1176403170092,1013.6191425838502,628.0,535.3683914504297,417.1176403170092,653.6191425838502,92.63160854957027,"MATR_b3c19,MATR_b2c37,MATR_b4c35,MATR_b3c7,MATR_b2c38,MATR_b3c4,MATR_b3c28,MATR_b3c31",False,False,0.95
360,MATR_b4c26,476.0,515.0695353495355,22.36776967838627,471.2295123654113,558.9095583336597,116.0,155.0695353495355,111.22951236541132,198.90955833365967,39.0695353495355,"MATR_b3c19,MATR_b2c37,MATR_b4c35,MATR_b3c7,MATR_b2c38,MATR_b3c4,MATR_b3c28,MATR_b3c31",False,False,0.95
360,MATR_b4c38,1055.0,917.4135640236943,72.97367514933309,774.3877889114759,1060.4393391359126,695.0,557.4135640236943,414.3877889114759,700.4393391359126,137.58643597630567,"MATR_b3c19,MATR_b2c37,MATR_b4c35,MATR_b3c7,MATR_b2c38,MATR_b3c4,MATR_b3c28,MATR_b3c31",False,False,0.95
360,MATR_b4c39,738.0,683.5675429390947,35.04727612597931,614.8761439759447,752.2589419022446,378.0,323.56754293909466,254.87614397594473,392.2589419022446,54.432457060905335,"MATR_b3c19,MATR_b2c37,MATR_b4c35,MATR_b3c7,MATR_b2c38,MATR_b3c4,MATR_b3c28,MATR_b3c31",False,False,0.95
380,MATR_b1c17,858.0,868.4034664491878,63.45585957994771,744.0322670644593,992.7746658339163,478.0,488.4034664491878,364.03226706445935,612.7746658339163,10.403466449187817,"MATR_b2c45,MATR_b4c27,MATR_b2c30,MATR_b2c46,MATR_b4c14,MATR_b3c19,MATR_b2c6,MATR_b4c15",False,False,0.95
380,MATR_b1c25,852.0,896.6530208969759,70.49232808093916,758.4905966719537,1034.8154451219982,472.0,516.6530208969759,378.49059667195365,654.8154451219982,44.65302089697593,"MATR_b2c45,MATR_b4c27,MATR_b2c30,MATR_b2c46,MATR_b4c14,MATR_b3c19,MATR_b2c6,MATR_b4c15",False,False,0.95
380,MATR_b1c26,868.0,853.4774637013811,55.605475008198475,744.4927353420701,962.4621920606921,488.0,473.4774637013811,364.4927353420701,582.4621920606921,14.522536298618888,"MATR_b2c45,MATR_b4c27,MATR_b2c30,MATR_b2c46,MATR_b4c14,MATR_b3c19,MATR_b2c6,MATR_b4c15",False,False,0.95
380,MATR_b1c27,841.0,847.5296824145188,59.07686913115288,731.7411465980731,963.3182182309645,461.0,467.5296824145188,351.7411465980731,583.3182182309645,6.529682414518788,"MATR_b2c45,MATR_b4c27,MATR_b2c30,MATR_b2c46,MATR_b4c14,MATR_b3c19,MATR_b2c6,MATR_b4c15",False,False,0.95
380,MATR_b1c3,1431.0,1821.2104422682728,255.11889539386135,1321.186595520663,2321.2342890158825,1051.0,1441.2104422682728,941.1865955206631,1941.2342890158825,390.2104422682728,"MATR_b2c45,MATR_b4c27,MATR_b2c30,MATR_b2c46,MATR_b4c14,MATR_b3c19,MATR_b2c6,MATR_b4c15",False,False,0.95
380,MATR_b1c32,729.0,698.8057643455534,43.9723098218491,612.6216207776922,784.9899079134145,349.0,318.80576434555337,232.62162077769221,404.9899079134145,30.19423565444663,"MATR_b2c45,MATR_b4c27,MATR_b2c30,MATR_b2c46,MATR_b4c14,MATR_b3c19,MATR_b2c6,MATR_b4c15",False,False,0.95
380,MATR_b1c33,754.0,713.1268336902649,41.700805957453674,631.3947558873624,794.8589114931674,374.0,333.1268336902649,251.3947558873624,414.8589114931674,40.8731663097351,"MATR_b2c45,MATR_b4c27,MATR_b2c30,MATR_b2c46,MATR_b4c14,MATR_b3c19,MATR_b2c6,MATR_b4c15",False,False,0.95
380,MATR_b1c4,1705.0,1932.6155898033066,266.04517253418675,1411.1766333755559,2454.0545462310574,1325.0,1552.6155898033066,1031.1766333755559,2074.0545462310574,227.61558980330665,"MATR_b2c45,MATR_b4c27,MATR_b2c30,MATR_b2c46,MATR_b4c14,MATR_b3c19,MATR_b2c6,MATR_b4c15",False,False,0.95
380,MATR_b1c40,964.0,963.7669495179075,71.94463917924182,822.7580478458642,1104.7758511899508,584.0,583.7669495179075,442.7580478458642,724.7758511899508,0.23305048209249435,"MATR_b2c45,MATR_b4c27,MATR_b2c30,MATR_b2c46,MATR_b4c14,MATR_b3c19,MATR_b2c6,MATR_b4c15",False,False,0.95
380,MATR_b1c43,649.0,659.1116487438688,35.52836558412674,589.4773317694081,728.7459657183296,269.0,279.11164874386884,209.47733176940812,348.74596571832956,10.111648743868841,"MATR_b2c45,MATR_b4c27,MATR_b2c30,MATR_b2c46,MATR_b4c14,MATR_b3c19,MATR_b2c6,MATR_b4c15",False,False,0.95
380,MATR_b1c44,614.0,522.2768392261081,23.429692793999532,476.3554851810314,568.1981932711848,234.0,142.2768392261081,96.35548518103138,188.19819327118478,91.72316077389189,"MATR_b2c45,MATR_b4c27,MATR_b2c30,MATR_b2c46,MATR_b4c14,MATR_b3c19,MATR_b2c6,MATR_b4c15",False,False,0.95
380,MATR_b1c45,597.0,500.83091200532243,21.27486489056643,459.1329430438566,542.5288809667883,217.0,120.83091200532243,79.13294304385659,162.52888096678828,96.16908799467757,"MATR_b2c45,MATR_b4c27,MATR_b2c30,MATR_b2c46,MATR_b4c14,MATR_b3c19,MATR_b2c6,MATR_b4c15",False,False,0.95
380,MATR_b2c11,476.0,456.3371360767478,17.750637619159317,421.54652564057375,491.1277465129219,96.0,76.33713607674781,41.54652564057375,111.12774651292187,19.66286392325219,"MATR_b2c45,MATR_b4c27,MATR_b2c30,MATR_b2c46,MATR_b4c14,MATR_b3c19,MATR_b2c6,MATR_b4c15",False,False,0.95
380,MATR_b2c14,484.0,486.0474084008902,20.603211552101897,445.6658557929109,526.4289610088695,104.0,106.04740840089022,65.66585579291092,146.42896100886946,2.0474084008902196,"MATR_b2c45,MATR_b4c27,MATR_b2c30,MATR_b2c46,MATR_b4c14,MATR_b3c19,MATR_b2c6,MATR_b4c15",False,False,0.95
380,MATR_b2c18,486.0,463.50597114216856,17.342270573735778,429.51574540749766,497.49619687683946,106.0,83.50597114216856,49.51574540749766,117.49619687683946,22.494028857831438,"MATR_b2c45,MATR_b4c27,MATR_b2c30,MATR_b2c46,MATR_b4c14,MATR_b3c19,MATR_b2c6,MATR_b4c15",False,False,0.95
380,MATR_b2c26,470.0,460.6691516436849,18.29488902590218,424.81182805175956,496.5264752356103,90.0,80.66915164368493,44.81182805175956,116.52647523561029,9.330848356315073,"MATR_b2c45,MATR_b4c27,MATR_b2c30,MATR_b2c46,MATR_b4c14,MATR_b3c19,MATR_b2c6,MATR_b4c15",False,False,0.95
380,MATR_b2c28,508.0,509.193831073145,22.549737651786693,464.9971574148163,553.3905047314737,128.0,129.19383107314502,84.99715741481629,173.3905047314737,1.1938310731450201,"MATR_b2c45,MATR_b4c27,MATR_b2c30,MATR_b2c46,MATR_b4c14,MATR_b3c19,MATR_b2c6,MATR_b4c15",False,False,0.95
380,MATR_b2c31,491.0,543.3093118350004,26.285186403796377,491.79129315663755,594.8273305133631,111.0,163.30931183500036,111.79129315663755,214.8273305133631,52.30931183500036,"MATR_b2c45,MATR_b4c27,MATR_b2c30,MATR_b2c46,MATR_b4c14,MATR_b3c19,MATR_b2c6,MATR_b4c15",False,False,0.95
380,MATR_b2c43,461.0,450.80528698991117,18.6461107847498,414.2595814000577,487.35099257976464,81.0,70.80528698991117,34.2595814000577,107.35099257976464,10.194713010088833,"MATR_b2c45,MATR_b4c27,MATR_b2c30,MATR_b2c46,MATR_b4c14,MATR_b3c19,MATR_b2c6,MATR_b4c15",False,False,0.95
380,MATR_b3c21,770.0,697.6724900014879,35.93067341353613,627.2496641706862,768.0953158322895,390.0,317.67249000148786,247.24966417068617,388.09531583228954,72.32750999851214,"MATR_b2c45,MATR_b4c27,MATR_b2c30,MATR_b2c46,MATR_b4c14,MATR_b3c19,MATR_b2c6,MATR_b4c15",False,False,0.95
380,MATR_b3c27,847.0,795.2458114681523,51.92767037014629,693.4694477415978,897.0221751947067,467.0,415.2458114681523,313.46944774159783,517.0221751947067,51.75418853184772,"MATR_b2c45,MATR_b4c27,MATR_b2c30,MATR_b2c46,MATR_b4c14,MATR_b3c19,MATR_b2c6,MATR_b4c15",False,False,0.95
380,MATR_b3c34,1156.0,942.629113218294,74.16067627573868,797.2768586487123,1087.9813677878758,776.0,562.629113218294,417.2768586487123,707.9813677878758,213.37088678170596,"MATR_b2c45,MATR_b4c27,MATR_b2c30,MATR_b2c46,MATR_b4c14,MATR_b3c19,MATR_b2c6,MATR_b4c15",False,False,0.95
380,MATR_b3c35,1091.0,957.9390948443756,76.8884346141892,807.240532172902,1108.6376575158492,711.0,577.9390948443756,427.240532172902,728.6376575158492,133.06090515562437,"MATR_b2c45,MATR_b4c27,MATR_b2c30,MATR_b2c46,MATR_b4c14,MATR_b3c19,MATR_b2c6,MATR_b4c15",False,False,0.95
380,MATR_b3c39,1154.0,868.1903465876023,56.02922295857249,758.3750875070356,978.0056056681691,774.0,488.19034658760233,378.3750875070356,598.0056056681691,285.80965341239767,"MATR_b2c45,MATR_b4c27,MATR_b2c30,MATR_b2c46,MATR_b4c14,MATR_b3c19,MATR_b2c6,MATR_b4c15",False,False,0.95
380,MATR_b4c2,742.0,700.2335737993883,44.017029341991,613.9617815826432,786.5053660161334,362.0,320.2335737993883,233.9617815826432,406.5053660161334,41.766426200611704,"MATR_b2c45,MATR_b4c27,MATR_b2c30,MATR_b2c46,MATR_b4c14,MATR_b3c19,MATR_b2c6,MATR_b4c15",False,False,0.95
380,MATR_b4c20,747.0,780.6937661328834,48.12725348887991,686.3660826198492,875.0214496459176,367.0,400.6937661328834,306.3660826198492,495.02144964591764,33.69376613288341,"MATR_b2c45,MATR_b4c27,MATR_b2c30,MATR_b2c46,MATR_b4c14,MATR_b3c19,MATR_b2c6,MATR_b4c15",False,False,0.95
380,MATR_b4c22,671.0,598.5923504976124,26.492530742665352,546.6679443826681,650.5167566125567,291.0,218.59235049761241,166.6679443826681,270.5167566125567,72.40764950238759,"MATR_b2c45,MATR_b4c27,MATR_b2c30,MATR_b2c46,MATR_b4c14,MATR_b3c19,MATR_b2c6,MATR_b4c15",False,False,0.95
380,MATR_b4c23,1038.0,841.835069026417,51.85011807903109,740.210704997367,943.4594330554671,658.0,461.83506902641705,360.210704997367,563.4594330554671,196.16493097358295,"MATR_b2c45,MATR_b4c27,MATR_b2c30,MATR_b2c46,MATR_b4c14,MATR_b3c19,MATR_b2c6,MATR_b4c15",False,False,0.95
380,MATR_b4c24,988.0,898.4692253880849,58.743751732912514,783.333587674814,1013.6048631013557,608.0,518.4692253880849,403.333587674814,633.6048631013557,89.53077461191515,"MATR_b2c45,MATR_b4c27,MATR_b2c30,MATR_b2c46,MATR_b4c14,MATR_b3c19,MATR_b2c6,MATR_b4c15",False,False,0.95
380,MATR_b4c26,476.0,520.4324545341062,21.87594242892543,477.5563952455407,563.3085138226718,96.0,140.43245453410623,97.55639524554073,183.30851382267178,44.43245453410623,"MATR_b2c45,MATR_b4c27,MATR_b2c30,MATR_b2c46,MATR_b4c14,MATR_b3c19,MATR_b2c6,MATR_b4c15",False,False,0.95
380,MATR_b4c38,1055.0,901.53682938415,67.7659976654198,768.7179145835019,1034.3557441847981,675.0,521.53682938415,388.71791458350185,654.3557441847981,153.46317061585,"MATR_b2c45,MATR_b4c27,MATR_b2c30,MATR_b2c46,MATR_b4c14,MATR_b3c19,MATR_b2c6,MATR_b4c15",False,False,0.95
380,MATR_b4c39,738.0,689.1869161364564,34.33486551709575,621.8918163089224,756.4820159639903,358.0,309.1869161364564,241.89181630892244,376.4820159639903,48.813083863543625,"MATR_b2c45,MATR_b4c27,MATR_b2c30,MATR_b2c46,MATR_b4c14,MATR_b3c19,MATR_b2c6,MATR_b4c15",False,False,0.95
400,MATR_b1c17,858.0,895.5236567921954,65.83075546664627,766.4977470025055,1024.5495665818853,458.0,495.5236567921954,366.49774700250555,624.5495665818853,37.523656792195425,"MATR_b2c4,MATR_b1c20,MATR_b1c29,MATR_b3c28,MATR_b1c31,MATR_b3c12,MATR_b2c33,MATR_b3c41",False,False,0.95
400,MATR_b1c25,852.0,924.4635126845424,72.46228015467165,782.4400533437345,1066.4869720253503,452.0,524.4635126845424,382.44005334373446,666.4869720253503,72.46351268454237,"MATR_b2c4,MATR_b1c20,MATR_b1c29,MATR_b3c28,MATR_b1c31,MATR_b3c12,MATR_b2c33,MATR_b3c41",False,False,0.95
400,MATR_b1c26,868.0,872.5523863618666,56.850117884450746,761.1282027914867,983.9765699322465,468.0,472.55238636186664,361.12820279148673,583.9765699322465,4.552386361866638,"MATR_b2c4,MATR_b1c20,MATR_b1c29,MATR_b3c28,MATR_b1c31,MATR_b3c12,MATR_b2c33,MATR_b3c41",False,False,0.95
400,MATR_b1c27,841.0,866.5093219527904,60.24275401977525,748.4356937445253,984.5829501610555,441.0,466.5093219527904,348.43569374452534,584.5829501610555,25.5093219527904,"MATR_b2c4,MATR_b1c20,MATR_b1c29,MATR_b3c28,MATR_b1c31,MATR_b3c12,MATR_b2c33,MATR_b3c41",False,False,0.95
400,MATR_b1c3,1431.0,1859.0738140973476,258.61511268035406,1352.1975073860858,2365.9501208086094,1031.0,1459.0738140973476,952.1975073860858,1965.9501208086094,428.0738140973476,"MATR_b2c4,MATR_b1c20,MATR_b1c29,MATR_b3c28,MATR_b1c31,MATR_b3c12,MATR_b2c33,MATR_b3c41",False,False,0.95
400,MATR_b1c32,729.0,712.557844227973,44.52513349440051,625.29018617211,799.8255022838359,329.0,312.55784422797296,225.29018617211,399.82550228383593,16.442155772027036,"MATR_b2c4,MATR_b1c20,MATR_b1c29,MATR_b3c28,MATR_b1c31,MATR_b3c12,MATR_b2c33,MATR_b3c41",False,False,0.95
400,MATR_b1c33,754.0,723.5822579722638,42.12509292509309,641.0185929936783,806.1459229508494,354.0,323.58225797226385,241.01859299367834,406.14592295084935,30.417742027736153,"MATR_b2c4,MATR_b1c20,MATR_b1c29,MATR_b3c28,MATR_b1c31,MATR_b3c12,MATR_b2c33,MATR_b3c41",False,False,0.95
400,MATR_b1c4,1705.0,1952.087389930664,266.56204280949146,1429.6353863786367,2474.539393482691,1305.0,1552.087389930664,1029.6353863786367,2074.539393482691,247.0873899306639,"MATR_b2c4,MATR_b1c20,MATR_b1c29,MATR_b3c28,MATR_b1c31,MATR_b3c12,MATR_b2c33,MATR_b3c41",False,False,0.95
400,MATR_b1c40,964.0,999.5093356898396,77.02166644317614,848.5496434319572,1150.4690279477222,564.0,599.5093356898396,448.5496434319572,750.4690279477222,35.509335689839645,"MATR_b2c4,MATR_b1c20,MATR_b1c29,MATR_b3c28,MATR_b1c31,MATR_b3c12,MATR_b2c33,MATR_b3c41",False,False,0.95
400,MATR_b1c43,649.0,666.405346685998,35.31335443389065,597.1924438222745,735.6182495497214,249.0,266.405346685998,197.19244382227453,335.61824954972144,17.405346685997984,"MATR_b2c4,MATR_b1c20,MATR_b1c29,MATR_b3c28,MATR_b1c31,MATR_b3c12,MATR_b2c33,MATR_b3c41",False,False,0.95
400,MATR_b1c44,614.0,523.0457426269832,23.38854780940714,477.205031269852,568.8864539841143,214.0,123.04574262698316,77.20503126985199,168.88645398411427,90.95425737301684,"MATR_b2c4,MATR_b1c20,MATR_b1c29,MATR_b3c28,MATR_b1c31,MATR_b3c12,MATR_b2c33,MATR_b3c41",False,False,0.95
400,MATR_b1c45,597.0,500.7201392290606,21.35032730772278,458.87426664778195,542.5660118103392,197.0,100.72013922906058,58.87426664778195,142.5660118103392,96.27986077093942,"MATR_b2c4,MATR_b1c20,MATR_b1c29,MATR_b3c28,MATR_b1c31,MATR_b3c12,MATR_b2c33,MATR_b3c41",False,False,0.95
400,MATR_b2c11,476.0,448.7244533908194,17.943647172112644,413.5555511821847,483.89335559945414,76.0,48.724453390819406,13.555551182184672,83.89335559945414,27.275546609180594,"MATR_b2c4,MATR_b1c20,MATR_b1c29,MATR_b3c28,MATR_b1c31,MATR_b3c12,MATR_b2c33,MATR_b3c41",False,False,0.95
400,MATR_b2c14,484.0,482.8146854491901,20.310293494128647,443.0072416852598,522.6221292131204,84.0,82.81468544919011,43.00724168525983,122.62212921312039,1.185314550809892,"MATR_b2c4,MATR_b1c20,MATR_b1c29,MATR_b3c28,MATR_b1c31,MATR_b3c12,MATR_b2c33,MATR_b3c41",False,False,0.95
400,MATR_b2c18,486.0,455.4558712171445,17.761453426129567,420.644062188845,490.26768024544396,86.0,55.45587121714448,20.644062188844998,90.26768024544396,30.544128782855523,"MATR_b2c4,MATR_b1c20,MATR_b1c29,MATR_b3c28,MATR_b1c31,MATR_b3c12,MATR_b2c33,MATR_b3c41",False,False,0.95
400,MATR_b2c26,470.0,453.8712361084071,18.334373222648317,417.93652491290084,489.8059473039134,70.0,53.87123610840712,17.936524912900836,89.8059473039134,16.128763891592882,"MATR_b2c4,MATR_b1c20,MATR_b1c29,MATR_b3c28,MATR_b1c31,MATR_b3c12,MATR_b2c33,MATR_b3c41",False,False,0.95
400,MATR_b2c28,508.0,505.96420983483176,22.0925493539604,462.66360877439575,549.2648108952678,108.0,105.96420983483176,62.663608774395755,149.26481089526783,2.035790165168237,"MATR_b2c4,MATR_b1c20,MATR_b1c29,MATR_b3c28,MATR_b1c31,MATR_b3c12,MATR_b2c33,MATR_b3c41",False,False,0.95
400,MATR_b2c31,491.0,541.0419404363063,25.635845543186534,490.79660645842904,591.2872744141836,91.0,141.04194043630628,90.79660645842904,191.28727441418357,50.04194043630628,"MATR_b2c4,MATR_b1c20,MATR_b1c29,MATR_b3c28,MATR_b1c31,MATR_b3c12,MATR_b2c33,MATR_b3c41",False,False,0.95
400,MATR_b2c43,461.0,445.5165063204413,18.727040208161604,408.8121819754111,482.2208306654715,61.0,45.516506320441295,8.812181975411079,82.22083066547151,15.483493679558705,"MATR_b2c4,MATR_b1c20,MATR_b1c29,MATR_b3c28,MATR_b1c31,MATR_b3c12,MATR_b2c33,MATR_b3c41",False,False,0.95
400,MATR_b3c21,770.0,702.5093567043556,35.20910896758397,633.5007712001448,771.5179422085664,370.0,302.5093567043556,233.50077120014475,371.5179422085664,67.49064329564442,"MATR_b2c4,MATR_b1c20,MATR_b1c29,MATR_b3c28,MATR_b1c31,MATR_b3c12,MATR_b2c33,MATR_b3c41",False,False,0.95
400,MATR_b3c27,847.0,801.0937610835962,51.15250207561634,700.8366992962779,901.3508228709145,447.0,401.0937610835962,300.83669929627786,501.3508228709145,45.90623891640382,"MATR_b2c4,MATR_b1c20,MATR_b1c29,MATR_b3c28,MATR_b1c31,MATR_b3c12,MATR_b2c33,MATR_b3c41",False,False,0.95
400,MATR_b3c34,1156.0,964.9979703876543,77.12370619409413,813.8382838929812,1116.1576568823275,756.0,564.9979703876543,413.83828389298117,716.1576568823275,191.00202961234572,"MATR_b2c4,MATR_b1c20,MATR_b1c29,MATR_b3c28,MATR_b1c31,MATR_b3c12,MATR_b2c33,MATR_b3c41",False,False,0.95
400,MATR_b3c35,1091.0,987.414071947505,81.34954481619025,827.9718939490451,1146.856249945965,691.0,587.414071947505,427.9718939490451,746.8562499459649,103.58592805249498,"MATR_b2c4,MATR_b1c20,MATR_b1c29,MATR_b3c28,MATR_b1c31,MATR_b3c12,MATR_b2c33,MATR_b3c41",False,False,0.95
400,MATR_b3c39,1154.0,885.9383033050995,56.18678148782694,775.8142351817369,996.062371428462,754.0,485.93830330509945,375.8142351817369,596.062371428462,268.06169669490055,"MATR_b2c4,MATR_b1c20,MATR_b1c29,MATR_b3c28,MATR_b1c31,MATR_b3c12,MATR_b2c33,MATR_b3c41",False,False,0.95
400,MATR_b4c2,742.0,693.1636294892825,42.22952988437564,610.3952718318483,775.9319871467167,342.0,293.16362948928247,210.39527183184828,375.93198714671666,48.83637051071753,"MATR_b2c4,MATR_b1c20,MATR_b1c29,MATR_b3c28,MATR_b1c31,MATR_b3c12,MATR_b2c33,MATR_b3c41",False,False,0.95
400,MATR_b4c20,747.0,789.0250226645853,47.34437346487741,696.2317558028118,881.8182895263589,347.0,389.0250226645853,296.2317558028118,481.81828952635885,42.02502266458532,"MATR_b2c4,MATR_b1c20,MATR_b1c29,MATR_b3c28,MATR_b1c31,MATR_b3c12,MATR_b2c33,MATR_b3c41",False,False,0.95
400,MATR_b4c22,671.0,595.9901264433411,25.755013276945935,545.5112279991761,646.4690248875061,271.0,195.99012644334107,145.51122799917607,246.46902488750607,75.00987355665893,"MATR_b2c4,MATR_b1c20,MATR_b1c29,MATR_b3c28,MATR_b1c31,MATR_b3c12,MATR_b2c33,MATR_b3c41",False,False,0.95
400,MATR_b4c23,1038.0,852.2090520550132,51.32317196344063,751.6174834343137,952.8006206757127,638.0,452.2090520550132,351.6174834343137,552.8006206757127,185.79094794498678,"MATR_b2c4,MATR_b1c20,MATR_b1c29,MATR_b3c28,MATR_b1c31,MATR_b3c12,MATR_b2c33,MATR_b3c41",False,False,0.95
400,MATR_b4c24,988.0,908.9077297289939,58.44160891454628,794.3642810579082,1023.4511784000796,588.0,508.9077297289939,394.3642810579082,623.4511784000796,79.0922702710061,"MATR_b2c4,MATR_b1c20,MATR_b1c29,MATR_b3c28,MATR_b1c31,MATR_b3c12,MATR_b2c33,MATR_b3c41",False,False,0.95
400,MATR_b4c26,476.0,517.2087341163827,21.33570528234333,475.39152017822886,559.0259480545367,76.0,117.20873411638274,75.39152017822886,159.02594805453668,41.20873411638274,"MATR_b2c4,MATR_b1c20,MATR_b1c29,MATR_b3c28,MATR_b1c31,MATR_b3c12,MATR_b2c33,MATR_b3c41",False,False,0.95
400,MATR_b4c38,1055.0,912.9669458209779,68.03779002916657,779.6153277761131,1046.3185638658429,655.0,512.9669458209779,379.6153277761131,646.3185638658429,142.0330541790221,"MATR_b2c4,MATR_b1c20,MATR_b1c29,MATR_b3c28,MATR_b1c31,MATR_b3c12,MATR_b2c33,MATR_b3c41",False,False,0.95
400,MATR_b4c39,738.0,689.980652157313,33.31096203157987,624.6923662850353,755.2689380295907,338.0,289.980652157313,224.6923662850353,355.2689380295907,48.01934784268701,"MATR_b2c4,MATR_b1c20,MATR_b1c29,MATR_b3c28,MATR_b1c31,MATR_b3c12,MATR_b2c33,MATR_b3c41",False,False,0.95
420,MATR_b1c17,858.0,836.8382182166006,61.65833629248451,715.990099736672,957.6863366965291,438.0,416.8382182166006,295.99009973667205,537.6863366965291,21.16178178339942,"MATR_b1c9,MATR_b1c19,MATR_b4c4,MATR_b3c38,MATR_b3c33,MATR_b1c36,MATR_b4c11,MATR_b1c5",False,False,0.95
420,MATR_b1c25,852.0,857.1457977115157,67.41403830399847,725.0167105832751,989.2748848397563,432.0,437.1457977115157,305.0167105832751,569.2748848397563,5.145797711515684,"MATR_b1c9,MATR_b1c19,MATR_b4c4,MATR_b3c38,MATR_b3c33,MATR_b1c36,MATR_b4c11,MATR_b1c5",False,False,0.95
420,MATR_b1c26,868.0,799.5419398329456,52.80332755890078,696.0493195536287,903.0345601122624,448.0,379.54193983294556,276.0493195536287,483.0345601122624,68.45806016705444,"MATR_b1c9,MATR_b1c19,MATR_b4c4,MATR_b3c38,MATR_b3c33,MATR_b1c36,MATR_b4c11,MATR_b1c5",False,False,0.95
420,MATR_b1c27,841.0,797.7176548110773,55.484820248737584,688.9694054348729,906.4659041872817,421.0,377.7176548110773,268.9694054348729,486.4659041872817,43.282345188922704,"MATR_b1c9,MATR_b1c19,MATR_b4c4,MATR_b3c38,MATR_b3c33,MATR_b1c36,MATR_b4c11,MATR_b1c5",False,False,0.95
420,MATR_b1c3,1431.0,1670.6598561537394,252.8329515406191,1175.1163770291653,2166.2033352783137,1011.0,1250.6598561537394,755.1163770291653,1746.2033352783137,239.65985615373938,"MATR_b1c9,MATR_b1c19,MATR_b4c4,MATR_b3c38,MATR_b3c33,MATR_b1c36,MATR_b4c11,MATR_b1c5",False,False,0.95
420,MATR_b1c32,729.0,664.321997673001,41.60041162766164,582.7866891407429,745.8573062052591,309.0,244.32199767300096,162.78668914074285,325.8573062052591,64.67800232699904,"MATR_b1c9,MATR_b1c19,MATR_b4c4,MATR_b3c38,MATR_b3c33,MATR_b1c36,MATR_b4c11,MATR_b1c5",False,False,0.95
420,MATR_b1c33,754.0,668.8312364429365,39.37311899958328,591.6613412447435,746.0011316411295,334.0,248.83123644293653,171.66134124474354,326.0011316411295,85.16876355706347,"MATR_b1c9,MATR_b1c19,MATR_b4c4,MATR_b3c38,MATR_b3c33,MATR_b1c36,MATR_b4c11,MATR_b1c5",False,False,0.95
420,MATR_b1c4,1705.0,1810.5850313264746,270.1593305614688,1281.0824733385448,2340.0875893144043,1285.0,1390.5850313264746,861.0824733385448,1920.0875893144043,105.58503132647456,"MATR_b1c9,MATR_b1c19,MATR_b4c4,MATR_b3c38,MATR_b3c33,MATR_b1c36,MATR_b4c11,MATR_b1c5",False,False,0.95
420,MATR_b1c40,964.0,919.1859662696568,70.71619046205976,780.5847798401448,1057.7871526991687,544.0,499.1859662696568,360.58477984014485,637.7871526991687,44.814033730343226,"MATR_b1c9,MATR_b1c19,MATR_b4c4,MATR_b3c38,MATR_b3c33,MATR_b1c36,MATR_b4c11,MATR_b1c5",False,False,0.95
420,MATR_b1c43,649.0,620.0957539804879,33.33425561542202,554.7618135228087,685.4296944381671,229.0,200.09575398048787,134.76181352280867,265.4296944381671,28.90424601951213,"MATR_b1c9,MATR_b1c19,MATR_b4c4,MATR_b3c38,MATR_b3c33,MATR_b1c36,MATR_b4c11,MATR_b1c5",False,False,0.95
420,MATR_b1c44,614.0,501.38468132219907,22.883521729276378,456.53380289337764,546.2355597510204,194.0,81.38468132219907,36.53380289337764,126.23555975102045,112.61531867780093,"MATR_b1c9,MATR_b1c19,MATR_b4c4,MATR_b3c38,MATR_b3c33,MATR_b1c36,MATR_b4c11,MATR_b1c5",False,False,0.95
420,MATR_b1c45,597.0,483.15532544803796,21.17817275830782,441.64686958338734,524.6637813126886,177.0,63.15532544803796,21.646869583387343,104.66378131268857,113.84467455196204,"MATR_b1c9,MATR_b1c19,MATR_b4c4,MATR_b3c38,MATR_b3c33,MATR_b1c36,MATR_b4c11,MATR_b1c5",False,False,0.95
420,MATR_b2c11,476.0,435.44077951203457,18.171958809783618,399.82439471631335,471.0571643077558,56.0,15.440779512034567,-20.17560528368665,51.057164307755784,40.55922048796543,"MATR_b1c9,MATR_b1c19,MATR_b4c4,MATR_b3c38,MATR_b3c33,MATR_b1c36,MATR_b4c11,MATR_b1c5",False,False,0.95
420,MATR_b2c14,484.0,467.84717837194734,19.996289931812743,428.65517028117347,507.0391864627212,64.0,47.84717837194734,8.655170281173469,87.0391864627212,16.152821628052664,"MATR_b1c9,MATR_b1c19,MATR_b4c4,MATR_b3c38,MATR_b3c33,MATR_b1c36,MATR_b4c11,MATR_b1c5",False,False,0.95
420,MATR_b2c18,486.0,438.80683831359744,17.928758002211307,403.667118341729,473.94655828546587,66.0,18.80683831359744,-16.332881658270992,53.94655828546587,47.19316168640256,"MATR_b1c9,MATR_b1c19,MATR_b4c4,MATR_b3c38,MATR_b3c33,MATR_b1c36,MATR_b4c11,MATR_b1c5",False,False,0.95
420,MATR_b2c26,470.0,440.69152636674215,18.41178366711472,404.60509348805454,476.77795924542977,50.0,20.691526366742153,-15.394906511945464,56.77795924542977,29.308473633257847,"MATR_b1c9,MATR_b1c19,MATR_b4c4,MATR_b3c38,MATR_b3c33,MATR_b1c36,MATR_b4c11,MATR_b1c5",False,False,0.95
420,MATR_b2c28,508.0,486.48652779977147,21.565116231542426,444.21967666352816,528.7533789360148,88.0,66.48652779977147,24.219676663528162,108.75337893601477,21.513472200228534,"MATR_b1c9,MATR_b1c19,MATR_b4c4,MATR_b3c38,MATR_b3c33,MATR_b1c36,MATR_b4c11,MATR_b1c5",False,False,0.95
420,MATR_b2c31,491.0,513.6531303662632,24.32321556816915,465.98050386444777,561.3257568680787,71.0,93.65313036626321,45.98050386444777,141.32575686807866,22.653130366263213,"MATR_b1c9,MATR_b1c19,MATR_b4c4,MATR_b3c38,MATR_b3c33,MATR_b1c36,MATR_b4c11,MATR_b1c5",False,False,0.95
420,MATR_b2c43,461.0,433.37027234897477,18.70058462610684,396.71779999196195,470.0227447059876,41.0,13.370272348974765,-23.282200008038046,50.02274470598758,27.629727651025235,"MATR_b1c9,MATR_b1c19,MATR_b4c4,MATR_b3c38,MATR_b3c33,MATR_b1c36,MATR_b4c11,MATR_b1c5",False,False,0.95
420,MATR_b3c21,770.0,649.0512602864179,32.72094616771568,584.9193842576212,713.1831363152146,350.0,229.05126028641791,164.91938425762123,293.1831363152146,120.94873971358209,"MATR_b1c9,MATR_b1c19,MATR_b4c4,MATR_b3c38,MATR_b3c33,MATR_b1c36,MATR_b4c11,MATR_b1c5",False,False,0.95
420,MATR_b3c27,847.0,727.3466221636294,46.682980367342026,635.8496619526486,818.8435823746102,427.0,307.3466221636294,215.8496619526486,398.84358237461015,119.65337783637062,"MATR_b1c9,MATR_b1c19,MATR_b4c4,MATR_b3c38,MATR_b3c33,MATR_b1c36,MATR_b4c11,MATR_b1c5",False,False,0.95
420,MATR_b3c34,1156.0,892.6882179344267,70.42462467547163,754.6584899457515,1030.717945923102,736.0,472.6882179344267,334.6584899457515,610.717945923102,263.3117820655733,"MATR_b1c9,MATR_b1c19,MATR_b4c4,MATR_b3c38,MATR_b3c33,MATR_b1c36,MATR_b4c11,MATR_b1c5",False,False,0.95
420,MATR_b3c35,1091.0,913.7599915214771,73.9517692596222,768.8171871796013,1058.7027958633528,671.0,493.7599915214771,348.8171871796013,638.7027958633528,177.2400084785229,"MATR_b1c9,MATR_b1c19,MATR_b4c4,MATR_b3c38,MATR_b3c33,MATR_b1c36,MATR_b4c11,MATR_b1c5",False,False,0.95
420,MATR_b3c39,1154.0,823.7607988215998,53.35051991949523,719.1957012229025,928.3258964202971,734.0,403.7607988215998,299.19570122290247,508.3258964202971,330.2392011784002,"MATR_b1c9,MATR_b1c19,MATR_b4c4,MATR_b3c38,MATR_b3c33,MATR_b1c36,MATR_b4c11,MATR_b1c5",False,False,0.95
420,MATR_b4c2,742.0,635.9682710463414,39.138488093708716,559.2582439733227,712.6782981193602,322.0,215.96827104634144,139.2582439733227,292.6782981193602,106.03172895365856,"MATR_b1c9,MATR_b1c19,MATR_b4c4,MATR_b3c38,MATR_b3c33,MATR_b1c36,MATR_b4c11,MATR_b1c5",False,False,0.95
420,MATR_b4c20,747.0,721.8214375051751,43.86104058231649,635.8553776393851,807.7874973709652,327.0,301.82143750517514,215.8553776393851,387.7874973709652,25.17856249482486,"MATR_b1c9,MATR_b1c19,MATR_b4c4,MATR_b3c38,MATR_b3c33,MATR_b1c36,MATR_b4c11,MATR_b1c5",False,False,0.95
420,MATR_b4c22,671.0,558.3502576505434,24.361303757480112,510.6029796694421,606.0975356316447,251.0,138.35025765054343,90.6029796694421,186.09753563164475,112.64974234945657,"MATR_b1c9,MATR_b1c19,MATR_b4c4,MATR_b3c38,MATR_b3c33,MATR_b1c36,MATR_b4c11,MATR_b1c5",False,False,0.95
420,MATR_b4c23,1038.0,781.954830122844,47.39402452017558,689.0642489808916,874.8454112647963,618.0,361.954830122844,269.06424898089165,454.8454112647963,256.045169877156,"MATR_b1c9,MATR_b1c19,MATR_b4c4,MATR_b3c38,MATR_b3c33,MATR_b1c36,MATR_b4c11,MATR_b1c5",False,False,0.95
420,MATR_b4c24,988.0,818.6615583724649,52.475264629578966,715.8119296192816,921.5111871256482,568.0,398.6615583724649,295.8119296192816,501.51118712564823,169.33844162753508,"MATR_b1c9,MATR_b1c19,MATR_b4c4,MATR_b3c38,MATR_b3c33,MATR_b1c36,MATR_b4c11,MATR_b1c5",False,False,0.95
420,MATR_b4c26,476.0,497.3328034301792,20.857670255366518,456.4525209282485,538.21308593211,56.0,77.33280343017918,36.452520928248475,118.21308593210995,21.332803430179183,"MATR_b1c9,MATR_b1c19,MATR_b4c4,MATR_b3c38,MATR_b3c33,MATR_b1c36,MATR_b4c11,MATR_b1c5",False,False,0.95
420,MATR_b4c38,1055.0,826.607911658564,60.89297432960759,707.2598750610111,945.9559482561169,635.0,406.60791165856403,287.25987506101114,525.9559482561169,228.39208834143597,"MATR_b1c9,MATR_b1c19,MATR_b4c4,MATR_b3c38,MATR_b3c33,MATR_b1c36,MATR_b4c11,MATR_b1c5",False,False,0.95
420,MATR_b4c39,738.0,635.2606737670734,30.858083585598123,574.7799413073744,695.7414062267724,318.0,215.2606737670734,154.77994130737443,275.74140622677237,102.7393262329266,"MATR_b1c9,MATR_b1c19,MATR_b4c4,MATR_b3c38,MATR_b3c33,MATR_b1c36,MATR_b4c11,MATR_b1c5",False,False,0.95
440,MATR_b1c17,858.0,866.1851834474185,62.633063908975664,743.4266339444307,988.9437329504062,418.0,426.18518344741847,303.4266339444307,548.9437329504062,8.185183447418467,"MATR_b3c18,MATR_b1c6,MATR_b4c15,MATR_b1c36,MATR_b1c9,MATR_b2c44,MATR_b4c33,MATR_b3c38",False,False,0.95
440,MATR_b1c25,852.0,879.9569421882469,67.16213756863371,748.3215714290004,1011.5923129474934,412.0,439.9569421882469,308.3215714290004,571.5923129474934,27.9569421882469,"MATR_b3c18,MATR_b1c6,MATR_b4c15,MATR_b1c36,MATR_b1c9,MATR_b2c44,MATR_b4c33,MATR_b3c38",False,False,0.95
440,MATR_b1c26,868.0,810.7925729768377,52.40599618275312,708.0787078846981,913.5064380689773,428.0,370.79257297683773,268.07870788469813,473.50643806897733,57.20742702316227,"MATR_b3c18,MATR_b1c6,MATR_b4c15,MATR_b1c36,MATR_b1c9,MATR_b2c44,MATR_b4c33,MATR_b3c38",False,False,0.95
440,MATR_b1c27,841.0,813.3459923274819,55.346637971707864,704.8685752375575,921.8234094174063,401.0,373.3459923274819,264.8685752375575,481.8234094174063,27.654007672518105,"MATR_b3c18,MATR_b1c6,MATR_b4c15,MATR_b1c36,MATR_b1c9,MATR_b2c44,MATR_b4c33,MATR_b3c38",False,False,0.95
440,MATR_b1c3,1431.0,1870.8873325694117,262.22622575236676,1356.9333742929034,2384.84129084592,991.0,1430.8873325694117,916.9333742929034,1944.84129084592,439.8873325694117,"MATR_b3c18,MATR_b1c6,MATR_b4c15,MATR_b1c36,MATR_b1c9,MATR_b2c44,MATR_b4c33,MATR_b3c38",False,False,0.95
440,MATR_b1c32,729.0,688.0303032904433,42.2572230784411,605.207667970024,770.8529386108626,289.0,248.03030329044327,165.20766797002398,330.85293861086257,40.96969670955673,"MATR_b3c18,MATR_b1c6,MATR_b4c15,MATR_b1c36,MATR_b1c9,MATR_b2c44,MATR_b4c33,MATR_b3c38",False,False,0.95
440,MATR_b1c33,754.0,686.5237311207568,39.60456781230333,608.900204585368,764.1472576561456,314.0,246.5237311207568,168.900204585368,324.1472576561456,67.47626887924321,"MATR_b3c18,MATR_b1c6,MATR_b4c15,MATR_b1c36,MATR_b1c9,MATR_b2c44,MATR_b4c33,MATR_b3c38",False,False,0.95
440,MATR_b1c4,1705.0,1954.9104786735447,267.0392527617945,1431.5231608019394,2478.29779654515,1265.0,1514.9104786735447,991.5231608019394,2038.29779654515,249.91047867354473,"MATR_b3c18,MATR_b1c6,MATR_b4c15,MATR_b1c36,MATR_b1c9,MATR_b2c44,MATR_b4c33,MATR_b3c38",False,False,0.95
440,MATR_b1c40,964.0,931.2572673847891,70.65901207793245,792.7681485288608,1069.7463862407174,524.0,491.2572673847891,352.7681485288608,629.7463862407174,32.74273261521091,"MATR_b3c18,MATR_b1c6,MATR_b4c15,MATR_b1c36,MATR_b1c9,MATR_b2c44,MATR_b4c33,MATR_b3c38",False,False,0.95
440,MATR_b1c43,649.0,633.5148346702077,32.90493309175055,569.0223508966765,698.007318443739,209.0,193.51483467020773,129.02235089667647,258.007318443739,15.485165329792267,"MATR_b3c18,MATR_b1c6,MATR_b4c15,MATR_b1c36,MATR_b1c9,MATR_b2c44,MATR_b4c33,MATR_b3c38",False,False,0.95
440,MATR_b1c44,614.0,511.2748538011018,22.640041956628117,466.901186957635,555.6485206445686,174.0,71.27485380110181,26.90118695763499,115.64852064456863,102.72514619889819,"MATR_b3c18,MATR_b1c6,MATR_b4c15,MATR_b1c36,MATR_b1c9,MATR_b2c44,MATR_b4c33,MATR_b3c38",False,False,0.95
440,MATR_b1c45,597.0,492.2475065066204,20.88426650201467,451.31509631913536,533.1799166941055,157.0,52.247506506620425,11.315096319135364,93.17991669410549,104.75249349337957,"MATR_b3c18,MATR_b1c6,MATR_b4c15,MATR_b1c36,MATR_b1c9,MATR_b2c44,MATR_b4c33,MATR_b3c38",False,False,0.95
440,MATR_b2c11,476.0,435.2643979324857,17.57054083946752,400.82677069823916,469.7020251667322,36.0,-4.735602067514321,-39.17322930176084,29.7020251667322,40.73560206751432,"MATR_b3c18,MATR_b1c6,MATR_b4c15,MATR_b1c36,MATR_b1c9,MATR_b2c44,MATR_b4c33,MATR_b3c38",False,False,0.95
440,MATR_b2c14,484.0,471.36158985525816,19.172150263843413,433.784865831935,508.9383138785813,44.0,31.36158985525816,-6.215134168064992,68.93831387858131,12.63841014474184,"MATR_b3c18,MATR_b1c6,MATR_b4c15,MATR_b1c36,MATR_b1c9,MATR_b2c44,MATR_b4c33,MATR_b3c38",False,False,0.95
440,MATR_b2c18,486.0,438.90758726001144,17.498496926547013,404.61116350039447,473.2040110196284,46.0,-1.0924127399885606,-35.38883649960553,33.20401101962841,47.09241273998856,"MATR_b3c18,MATR_b1c6,MATR_b4c15,MATR_b1c36,MATR_b1c9,MATR_b2c44,MATR_b4c33,MATR_b3c38",False,False,0.95
440,MATR_b2c26,470.0,439.7712253093918,17.639568146990424,405.19830703845065,474.34414358033297,30.0,-0.22877469060819067,-34.80169296154935,34.34414358033297,30.22877469060819,"MATR_b3c18,MATR_b1c6,MATR_b4c15,MATR_b1c36,MATR_b1c9,MATR_b2c44,MATR_b4c33,MATR_b3c38",False,False,0.95
440,MATR_b2c28,508.0,490.862194308763,20.791534255368116,450.1115359849107,531.6128526326153,68.0,50.86219430876298,10.111535984910688,91.61285263261527,17.13780569123702,"MATR_b3c18,MATR_b1c6,MATR_b4c15,MATR_b1c36,MATR_b1c9,MATR_b2c44,MATR_b4c33,MATR_b3c38",False,False,0.95
440,MATR_b2c31,491.0,517.3126036890701,23.295219806835675,471.6548118557281,562.9703955224121,51.0,77.3126036890701,31.6548118557281,122.9703955224121,26.3126036890701,"MATR_b3c18,MATR_b1c6,MATR_b4c15,MATR_b1c36,MATR_b1c9,MATR_b2c44,MATR_b4c33,MATR_b3c38",False,False,0.95
440,MATR_b2c43,461.0,430.70801879293555,17.775300023162295,395.86907093314346,465.54696665272763,21.0,-9.291981207064453,-44.13092906685654,25.546966652727633,30.291981207064453,"MATR_b3c18,MATR_b1c6,MATR_b4c15,MATR_b1c36,MATR_b1c9,MATR_b2c44,MATR_b4c33,MATR_b3c38",False,False,0.95
440,MATR_b3c21,770.0,659.5069091589442,32.125317904781035,596.5424430736736,722.4713752442148,330.0,219.50690915894415,156.54244307367355,282.47137524421476,110.49309084105585,"MATR_b3c18,MATR_b1c6,MATR_b4c15,MATR_b1c36,MATR_b1c9,MATR_b2c44,MATR_b4c33,MATR_b3c38",False,False,0.95
440,MATR_b3c27,847.0,732.5185282868287,44.71900003752361,644.8708987886371,820.1661577850202,407.0,292.51852828682865,204.87089878863708,380.16615778502023,114.48147171317135,"MATR_b3c18,MATR_b1c6,MATR_b4c15,MATR_b1c36,MATR_b1c9,MATR_b2c44,MATR_b4c33,MATR_b3c38",False,False,0.95
440,MATR_b3c34,1156.0,898.8341117074326,66.97472504803055,767.5660627388202,1030.102160676045,716.0,458.8341117074326,327.56606273882016,590.1021606760451,257.1658882925674,"MATR_b3c18,MATR_b1c6,MATR_b4c15,MATR_b1c36,MATR_b1c9,MATR_b2c44,MATR_b4c33,MATR_b3c38",False,False,0.95
440,MATR_b3c35,1091.0,920.6860607757152,70.48966609216353,782.5288539528204,1058.84326759861,651.0,480.6860607757152,342.52885395282044,618.84326759861,170.3139392242848,"MATR_b3c18,MATR_b1c6,MATR_b4c15,MATR_b1c36,MATR_b1c9,MATR_b2c44,MATR_b4c33,MATR_b3c38",False,False,0.95
440,MATR_b3c39,1154.0,837.0736647407057,52.58139429220375,734.0160256710864,940.131303810325,714.0,397.0736647407057,294.01602567108637,500.131303810325,316.9263352592943,"MATR_b3c18,MATR_b1c6,MATR_b4c15,MATR_b1c36,MATR_b1c9,MATR_b2c44,MATR_b4c33,MATR_b3c38",False,False,0.95
440,MATR_b4c2,742.0,639.8753991614926,38.6996074700196,564.025562304417,715.7252360185682,302.0,199.87539916149262,124.02556230441701,275.72523601856824,102.12460083850738,"MATR_b3c18,MATR_b1c6,MATR_b4c15,MATR_b1c36,MATR_b1c9,MATR_b2c44,MATR_b4c33,MATR_b3c38",False,False,0.95
440,MATR_b4c20,747.0,736.457035244803,43.545393962985436,651.1096313847437,821.8044391048624,307.0,296.457035244803,211.1096313847437,381.80443910486235,10.542964755196977,"MATR_b3c18,MATR_b1c6,MATR_b4c15,MATR_b1c36,MATR_b1c9,MATR_b2c44,MATR_b4c33,MATR_b3c38",False,False,0.95
440,MATR_b4c22,671.0,563.9647560514084,23.85542659745661,517.2089790845546,610.7205330182621,231.0,123.96475605140836,77.20897908455458,170.72053301826213,107.03524394859164,"MATR_b3c18,MATR_b1c6,MATR_b4c15,MATR_b1c36,MATR_b1c9,MATR_b2c44,MATR_b4c33,MATR_b3c38",False,False,0.95
440,MATR_b4c23,1038.0,785.5076654992013,45.466640625745015,696.3946873747154,874.6206436236871,598.0,345.50766549920127,256.39468737471543,434.6206436236871,252.49233450079873,"MATR_b3c18,MATR_b1c6,MATR_b4c15,MATR_b1c36,MATR_b1c9,MATR_b2c44,MATR_b4c33,MATR_b3c38",False,False,0.95
440,MATR_b4c24,988.0,805.8910005610136,49.81202760344146,708.2612204613533,903.5207806606738,548.0,365.8910005610136,268.26122046135333,463.52078066067384,182.10899943898642,"MATR_b3c18,MATR_b1c6,MATR_b4c15,MATR_b1c36,MATR_b1c9,MATR_b2c44,MATR_b4c33,MATR_b3c38",False,False,0.95
440,MATR_b4c26,476.0,503.6580291930288,20.438567782740378,463.59917244327704,543.7168859427807,36.0,63.658029193028824,23.59917244327704,103.71688594278066,27.658029193028824,"MATR_b3c18,MATR_b1c6,MATR_b4c15,MATR_b1c36,MATR_b1c9,MATR_b2c44,MATR_b4c33,MATR_b3c38",False,False,0.95
440,MATR_b4c38,1055.0,830.6379309820053,57.65337181544113,717.6393986364441,943.6364633275665,615.0,390.6379309820053,277.63939863644407,503.6364633275665,224.3620690179947,"MATR_b3c18,MATR_b1c6,MATR_b4c15,MATR_b1c36,MATR_b1c9,MATR_b2c44,MATR_b4c33,MATR_b3c38",False,False,0.95
440,MATR_b4c39,738.0,637.7336282420806,29.69621295713652,579.5301203688614,695.9371361152998,298.0,197.7336282420806,139.5301203688614,255.93713611529984,100.26637175791939,"MATR_b3c18,MATR_b1c6,MATR_b4c15,MATR_b1c36,MATR_b1c9,MATR_b2c44,MATR_b4c33,MATR_b3c38",False,False,0.95
460,MATR_b1c17,858.0,834.006713239225,61.092103383400804,714.2683908679618,953.7450356104881,398.0,374.00671323922495,254.26839086796178,493.7450356104881,23.99328676077505,"MATR_b1c31,MATR_b1c0,MATR_b1c5,MATR_b3c40,MATR_b4c28,MATR_b3c10,MATR_b1c9,MATR_b4c27",False,False,0.95
460,MATR_b1c25,852.0,843.4824949183521,64.97694266180545,716.1300274756893,970.834962361015,392.0,383.48249491835213,256.1300274756893,510.83496236101496,8.517505081647869,"MATR_b1c31,MATR_b1c0,MATR_b1c5,MATR_b3c40,MATR_b4c28,MATR_b3c10,MATR_b1c9,MATR_b4c27",False,False,0.95
460,MATR_b1c26,868.0,772.8501996567194,50.460158039314955,673.9501072454628,871.7502920679759,408.0,312.8501996567194,213.95010724546285,411.7502920679759,95.14980034328062,"MATR_b1c31,MATR_b1c0,MATR_b1c5,MATR_b3c40,MATR_b4c28,MATR_b3c10,MATR_b1c9,MATR_b4c27",False,False,0.95
460,MATR_b1c27,841.0,772.5987717435172,52.75763875332549,669.1956998776246,876.0018436094098,381.0,312.5987717435172,209.19569987762463,416.0018436094098,68.4012282564828,"MATR_b1c31,MATR_b1c0,MATR_b1c5,MATR_b3c40,MATR_b4c28,MATR_b3c10,MATR_b1c9,MATR_b4c27",False,False,0.95
460,MATR_b1c3,1431.0,1713.357513076674,259.5279620604213,1204.6920544571708,2222.022971696177,971.0,1253.357513076674,744.6920544571708,1762.0229716961771,282.35751307667397,"MATR_b1c31,MATR_b1c0,MATR_b1c5,MATR_b3c40,MATR_b4c28,MATR_b3c10,MATR_b1c9,MATR_b4c27",False,False,0.95
460,MATR_b1c32,729.0,661.6711202181948,40.84045402210363,581.6253012226077,741.7169392137819,269.0,201.6711202181948,121.62530122260773,281.71693921378187,67.3288797818052,"MATR_b1c31,MATR_b1c0,MATR_b1c5,MATR_b3c40,MATR_b4c28,MATR_b3c10,MATR_b1c9,MATR_b4c27",False,False,0.95
460,MATR_b1c33,754.0,656.3266316415234,38.04012457402126,581.7693575090246,730.8839057740221,294.0,196.32663164152336,121.76935750902464,270.8839057740221,97.67336835847664,"MATR_b1c31,MATR_b1c0,MATR_b1c5,MATR_b3c40,MATR_b4c28,MATR_b3c10,MATR_b1c9,MATR_b4c27",False,False,0.95
460,MATR_b1c4,1705.0,1868.173182052802,269.7195113857868,1339.532653808919,2396.8137102966853,1245.0,1408.173182052802,879.5326538089189,1936.8137102966853,163.17318205280208,"MATR_b1c31,MATR_b1c0,MATR_b1c5,MATR_b3c40,MATR_b4c28,MATR_b3c10,MATR_b1c9,MATR_b4c27",False,False,0.95
460,MATR_b1c40,964.0,883.6064957020817,67.4616325828892,751.3841255013451,1015.8288659028183,504.0,423.6064957020817,291.3841255013451,555.8288659028183,80.3935042979183,"MATR_b1c31,MATR_b1c0,MATR_b1c5,MATR_b3c40,MATR_b4c28,MATR_b3c10,MATR_b1c9,MATR_b4c27",False,False,0.95
460,MATR_b1c43,649.0,606.3445346344042,31.527978025617656,544.5508331988234,668.138236069985,189.0,146.34453463440423,84.5508331988234,208.13823606998506,42.655465365595774,"MATR_b1c31,MATR_b1c0,MATR_b1c5,MATR_b3c40,MATR_b4c28,MATR_b3c10,MATR_b1c9,MATR_b4c27",False,False,0.95
460,MATR_b1c44,614.0,497.9997285470174,22.236455143268806,454.4170773223701,541.5823797716647,154.0,37.99972854701741,-5.582922677629881,81.5823797716647,116.00027145298259,"MATR_b1c31,MATR_b1c0,MATR_b1c5,MATR_b3c40,MATR_b4c28,MATR_b3c10,MATR_b1c9,MATR_b4c27",False,False,0.95
460,MATR_b1c45,597.0,480.79499721217013,20.678515573833767,440.26585143370534,521.3241429906349,137.0,20.79499721217013,-19.734148566294664,61.32414299063487,116.20500278782987,"MATR_b1c31,MATR_b1c0,MATR_b1c5,MATR_b3c40,MATR_b4c28,MATR_b3c10,MATR_b1c9,MATR_b4c27",False,False,0.95
460,MATR_b2c11,476.0,419.5923858329186,18.129637680061673,384.0589489272374,455.12582273859977,16.0,-40.40761416708142,-75.9410510727626,-4.874177261400234,56.40761416708142,"MATR_b1c31,MATR_b1c0,MATR_b1c5,MATR_b3c40,MATR_b4c28,MATR_b3c10,MATR_b1c9,MATR_b4c27",False,False,0.95
460,MATR_b2c14,484.0,457.186249029292,18.6586594849461,420.615948439001,493.75654961958304,24.0,-2.8137509707079857,-39.38405156099901,33.75654961958304,26.813750970707986,"MATR_b1c31,MATR_b1c0,MATR_b1c5,MATR_b3c40,MATR_b4c28,MATR_b3c10,MATR_b1c9,MATR_b4c27",False,False,0.95
460,MATR_b2c18,486.0,419.0599502520199,18.136919141366235,383.512241944427,454.60765855961284,26.0,-40.94004974798008,-76.48775805557301,-5.392341440387156,66.94004974798008,"MATR_b1c31,MATR_b1c0,MATR_b1c5,MATR_b3c40,MATR_b4c28,MATR_b3c10,MATR_b1c9,MATR_b4c27",False,False,0.95
460,MATR_b2c26,470.0,421.9277490585993,18.022736135256398,386.60383533062816,457.2516627865705,10.0,-38.07225094140068,-73.39616466937184,-2.7483372134295223,48.07225094140068,"MATR_b1c31,MATR_b1c0,MATR_b1c5,MATR_b3c40,MATR_b4c28,MATR_b3c10,MATR_b1c9,MATR_b4c27",False,False,0.95
460,MATR_b2c28,508.0,477.61859683648294,20.193541881620302,438.03998202820594,517.1972116447599,48.0,17.618596836482936,-21.96001797179406,57.19721164475993,30.381403163517064,"MATR_b1c31,MATR_b1c0,MATR_b1c5,MATR_b3c40,MATR_b4c28,MATR_b3c10,MATR_b1c9,MATR_b4c27",False,False,0.95
460,MATR_b2c31,491.0,495.72694806278287,21.75490468351281,453.08811839599605,538.3657777295697,31.0,35.72694806278287,-6.911881604003952,78.36577772956969,4.726948062782867,"MATR_b1c31,MATR_b1c0,MATR_b1c5,MATR_b3c40,MATR_b4c28,MATR_b3c10,MATR_b1c9,MATR_b4c27",False,False,0.95
460,MATR_b2c43,461.0,409.39111528388935,18.2927565979487,373.5379711739525,445.2442593938262,1.0,-50.60888471611065,-86.46202882604751,-14.755740606173788,51.60888471611065,"MATR_b1c31,MATR_b1c0,MATR_b1c5,MATR_b3c40,MATR_b4c28,MATR_b3c10,MATR_b1c9,MATR_b4c27",False,False,0.95
460,MATR_b3c21,770.0,630.2864616824038,30.53334932430125,570.442196679393,690.1307266854146,310.0,170.2864616824038,110.44219667939296,230.13072668541463,139.7135383175962,"MATR_b1c31,MATR_b1c0,MATR_b1c5,MATR_b3c40,MATR_b4c28,MATR_b3c10,MATR_b1c9,MATR_b4c27",False,False,0.95
460,MATR_b3c27,847.0,691.4819050776698,41.73733146951713,609.6782385866061,773.2855715687335,387.0,231.4819050776698,149.67823858660608,313.28557156873353,155.5180949223302,"MATR_b1c31,MATR_b1c0,MATR_b1c5,MATR_b3c40,MATR_b4c28,MATR_b3c10,MATR_b1c9,MATR_b4c27",False,False,0.95
460,MATR_b3c34,1156.0,868.1216266144851,66.17118269552095,738.428491716844,997.8147615121262,696.0,408.1216266144851,278.42849171684395,537.8147615121262,287.8783733855149,"MATR_b1c31,MATR_b1c0,MATR_b1c5,MATR_b3c40,MATR_b4c28,MATR_b3c10,MATR_b1c9,MATR_b4c27",False,False,0.95
460,MATR_b3c35,1091.0,874.7885609542701,67.57968209223397,742.3348179668251,1007.2423039417151,631.0,414.7885609542701,282.3348179668251,547.2423039417151,216.2114390457299,"MATR_b1c31,MATR_b1c0,MATR_b1c5,MATR_b3c40,MATR_b4c28,MATR_b3c10,MATR_b1c9,MATR_b4c27",False,False,0.95
460,MATR_b3c39,1154.0,801.686476762009,51.56651461766173,700.6179653031338,902.7549882208841,694.0,341.68647676200897,240.61796530313381,442.7549882208841,352.31352323799103,"MATR_b1c31,MATR_b1c0,MATR_b1c5,MATR_b3c40,MATR_b4c28,MATR_b3c10,MATR_b1c9,MATR_b4c27",False,False,0.95
460,MATR_b4c2,742.0,611.6188753150273,36.992263189524735,539.1153717569321,684.1223788731224,282.0,151.61887531502725,79.11537175693206,224.12237887312244,130.38112468497275,"MATR_b1c31,MATR_b1c0,MATR_b1c5,MATR_b3c40,MATR_b4c28,MATR_b3c10,MATR_b1c9,MATR_b4c27",False,False,0.95
460,MATR_b4c20,747.0,703.402579236452,41.78953576449353,621.4965942073961,785.3085642655078,287.0,243.40257923645197,161.49659420739613,325.3085642655078,43.59742076354803,"MATR_b1c31,MATR_b1c0,MATR_b1c5,MATR_b3c40,MATR_b4c28,MATR_b3c10,MATR_b1c9,MATR_b4c27",False,False,0.95
460,MATR_b4c22,671.0,546.0498647411717,23.196085548107064,500.5863724845719,591.5133569977717,211.0,86.04986474117175,40.58637248457188,131.51335699777167,124.95013525882825,"MATR_b1c31,MATR_b1c0,MATR_b1c5,MATR_b3c40,MATR_b4c28,MATR_b3c10,MATR_b1c9,MATR_b4c27",False,False,0.95
460,MATR_b4c23,1038.0,745.8891476600171,43.2787790019195,661.0642995213866,830.7139957986476,578.0,285.8891476600171,201.0642995213866,370.7139957986476,292.1108523399829,"MATR_b1c31,MATR_b1c0,MATR_b1c5,MATR_b3c40,MATR_b4c28,MATR_b3c10,MATR_b1c9,MATR_b4c27",False,False,0.95
460,MATR_b4c24,988.0,762.7811881050775,47.780897070085786,669.1323506986939,856.430025511461,528.0,302.7811881050775,209.13235069869393,396.43002551146105,225.2188118949225,"MATR_b1c31,MATR_b1c0,MATR_b1c5,MATR_b3c40,MATR_b4c28,MATR_b3c10,MATR_b1c9,MATR_b4c27",False,False,0.95
460,MATR_b4c26,476.0,489.1212820188319,19.923529693315846,450.0718813750185,528.1706826626453,16.0,29.12128201883189,-9.928118624981494,68.17068266264528,13.121282018831891,"MATR_b1c31,MATR_b1c0,MATR_b1c5,MATR_b3c40,MATR_b4c28,MATR_b3c10,MATR_b1c9,MATR_b4c27",False,False,0.95
460,MATR_b4c38,1055.0,796.5241145541625,55.792807149033976,687.172221945667,905.8760071626579,595.0,336.52411455416245,227.17222194566705,445.87600716265786,258.47588544583755,"MATR_b1c31,MATR_b1c0,MATR_b1c5,MATR_b3c40,MATR_b4c28,MATR_b3c10,MATR_b1c9,MATR_b4c27",False,False,0.95
460,MATR_b4c39,738.0,606.7735450954483,28.139148108702354,551.6218282467534,661.9252619441432,278.0,146.7735450954483,91.62182824675335,201.92526194414324,131.2264549045517,"MATR_b1c31,MATR_b1c0,MATR_b1c5,MATR_b3c40,MATR_b4c28,MATR_b3c10,MATR_b1c9,MATR_b4c27",False,False,0.95
480,MATR_b1c17,858.0,875.6288321323731,64.16448288330858,749.8687565944515,1001.3889076702947,378.0,395.6288321323731,269.8687565944515,521.3889076702947,17.628832132373077,"MATR_b1c20,MATR_b3c18,MATR_b1c16,MATR_b4c27,MATR_b4c7,MATR_b4c29,MATR_b3c31,MATR_b1c6",False,False,0.95
480,MATR_b1c25,852.0,878.5598378056534,66.59438690040794,748.0372379083278,1009.082437702979,372.0,398.5598378056534,268.0372379083278,529.082437702979,26.559837805653387,"MATR_b1c20,MATR_b3c18,MATR_b1c16,MATR_b4c27,MATR_b4c7,MATR_b4c29,MATR_b3c31,MATR_b1c6",False,False,0.95
480,MATR_b1c26,868.0,796.1281732751729,51.20485767368478,695.7684964012514,896.4878501490945,388.0,316.1281732751729,215.76849640125135,416.48785014909447,71.87182672482709,"MATR_b1c20,MATR_b3c18,MATR_b1c16,MATR_b4c27,MATR_b4c7,MATR_b4c29,MATR_b3c31,MATR_b1c6",False,False,0.95
480,MATR_b1c27,841.0,800.7948665534872,54.150473551790434,694.6618886461893,906.9278444607851,361.0,320.79486655348717,214.66188864618925,426.9278444607851,40.20513344651283,"MATR_b1c20,MATR_b3c18,MATR_b1c16,MATR_b4c27,MATR_b4c7,MATR_b4c29,MATR_b3c31,MATR_b1c6",False,False,0.95
480,MATR_b1c3,1431.0,1847.7094388540122,265.0720099590539,1328.1778460246242,2367.2410316834003,951.0,1367.7094388540122,848.1778460246242,1887.2410316834003,416.7094388540122,"MATR_b1c20,MATR_b3c18,MATR_b1c16,MATR_b4c27,MATR_b4c7,MATR_b4c29,MATR_b3c31,MATR_b1c6",False,False,0.95
480,MATR_b1c32,729.0,686.5032437364499,41.86411873242738,604.4510787763836,768.5554086965162,249.0,206.50324373644992,124.45107877638361,288.5554086965162,42.49675626355008,"MATR_b1c20,MATR_b3c18,MATR_b1c16,MATR_b4c27,MATR_b4c7,MATR_b4c29,MATR_b3c31,MATR_b1c6",False,False,0.95
480,MATR_b1c33,754.0,676.7643459802603,38.71497655441601,600.8843862712923,752.6443056892282,274.0,196.76434598026026,120.88438627129233,272.6443056892282,77.23565401973974,"MATR_b1c20,MATR_b3c18,MATR_b1c16,MATR_b4c27,MATR_b4c7,MATR_b4c29,MATR_b3c31,MATR_b1c6",False,False,0.95
480,MATR_b1c4,1705.0,1955.4650801574276,268.4223521519308,1429.3669372941158,2481.5632230207393,1225.0,1475.4650801574276,949.3669372941158,2001.5632230207393,250.46508015742756,"MATR_b1c20,MATR_b3c18,MATR_b1c16,MATR_b4c27,MATR_b4c7,MATR_b4c29,MATR_b3c31,MATR_b1c6",False,False,0.95
480,MATR_b1c40,964.0,916.6880089586895,69.5358041177094,780.4003372519471,1052.9756806654318,484.0,436.68800895868947,300.4003372519471,572.9756806654318,47.311991041310534,"MATR_b1c20,MATR_b3c18,MATR_b1c16,MATR_b4c27,MATR_b4c7,MATR_b4c29,MATR_b3c31,MATR_b1c6",False,False,0.95
480,MATR_b1c43,649.0,610.8340472637146,30.304276442948435,551.4387568579901,670.2293376694391,169.0,130.83404726371464,71.43875685799014,190.22933766943913,38.16595273628536,"MATR_b1c20,MATR_b3c18,MATR_b1c16,MATR_b4c27,MATR_b4c7,MATR_b4c29,MATR_b3c31,MATR_b1c6",False,False,0.95
480,MATR_b1c44,614.0,502.56567760713926,21.696896496490083,460.04054189772546,545.0908133165531,134.0,22.565677607139264,-19.95945810227454,65.09081331655307,111.43432239286074,"MATR_b1c20,MATR_b3c18,MATR_b1c16,MATR_b4c27,MATR_b4c7,MATR_b4c29,MATR_b3c31,MATR_b1c6",False,False,0.95
480,MATR_b1c45,597.0,484.2949592501909,20.18001443954735,444.7428577411799,523.8470607592019,117.0,4.294959250190914,-35.257142258820124,43.847060759201895,112.70504074980909,"MATR_b1c20,MATR_b3c18,MATR_b1c16,MATR_b4c27,MATR_b4c7,MATR_b4c29,MATR_b3c31,MATR_b1c6",False,False,0.95
480,MATR_b2c14,484.0,447.13474962849864,17.751820856621308,412.34182008951393,481.92767916748335,4.0,-32.86525037150136,-67.65817991048607,1.9276791674833476,36.86525037150136,"MATR_b1c20,MATR_b3c18,MATR_b1c16,MATR_b4c27,MATR_b4c7,MATR_b4c29,MATR_b3c31,MATR_b1c6",False,False,0.95
480,MATR_b2c18,486.0,402.75382689370144,18.60535351433077,366.28800408597743,439.21964970142545,6.0,-77.24617310629856,-113.71199591402257,-40.78035029857455,83.24617310629856,"MATR_b1c20,MATR_b3c18,MATR_b1c16,MATR_b4c27,MATR_b4c7,MATR_b4c29,MATR_b3c31,MATR_b1c6",False,False,0.95
480,MATR_b2c28,508.0,473.5112852741159,18.908341502312712,436.45161692219904,510.57095362603275,28.0,-6.488714725884108,-43.54838307780096,30.570953626032747,34.48871472588411,"MATR_b1c20,MATR_b3c18,MATR_b1c16,MATR_b4c27,MATR_b4c7,MATR_b4c29,MATR_b3c31,MATR_b1c6",False,False,0.95
480,MATR_b2c31,491.0,484.78620256428087,19.594297711196916,446.3820847479793,523.1903203805824,11.0,4.78620256428087,-33.61791525202068,43.19032038058242,6.21379743571913,"MATR_b1c20,MATR_b3c18,MATR_b1c16,MATR_b4c27,MATR_b4c7,MATR_b4c29,MATR_b3c31,MATR_b1c6",False,False,0.95
480,MATR_b3c21,770.0,637.1501562369473,29.574104269525535,579.185976993645,695.1143354802496,290.0,157.15015623694728,99.185976993645,215.11433548024957,132.84984376305272,"MATR_b1c20,MATR_b3c18,MATR_b1c16,MATR_b4c27,MATR_b4c7,MATR_b4c29,MATR_b3c31,MATR_b1c6",False,False,0.95
480,MATR_b3c27,847.0,698.6957859105248,39.82666183853567,620.6369630825392,776.7546087385105,367.0,218.69578591052482,140.63696308253918,296.75460873851046,148.30421408947518,"MATR_b1c20,MATR_b3c18,MATR_b1c16,MATR_b4c27,MATR_b4c7,MATR_b4c29,MATR_b3c31,MATR_b1c6",False,False,0.95
480,MATR_b3c34,1156.0,898.8055816181393,65.72880555193917,769.9794899895022,1027.6316732467765,676.0,418.8055816181393,289.9794899895022,547.6316732467765,257.1944183818607,"MATR_b1c20,MATR_b3c18,MATR_b1c16,MATR_b4c27,MATR_b4c7,MATR_b4c29,MATR_b3c31,MATR_b1c6",False,False,0.95
480,MATR_b3c35,1091.0,893.7336844746695,65.1987719076267,765.9464396994794,1021.5209292498597,611.0,413.73368447466953,285.94643969947936,541.5209292498597,197.26631552533047,"MATR_b1c20,MATR_b3c18,MATR_b1c16,MATR_b4c27,MATR_b4c7,MATR_b4c29,MATR_b3c31,MATR_b1c6",False,False,0.95
480,MATR_b3c39,1154.0,827.3162559968489,52.025038638097456,725.3490539718732,929.2834580218246,674.0,347.3162559968489,245.34905397187322,449.2834580218246,326.6837440031511,"MATR_b1c20,MATR_b3c18,MATR_b1c16,MATR_b4c27,MATR_b4c7,MATR_b4c29,MATR_b3c31,MATR_b1c6",False,False,0.95
480,MATR_b4c2,742.0,603.3694241097934,34.02800629765724,536.675757300683,670.0630909189038,262.0,123.36942410979339,56.67575730068302,190.06309091890375,138.63057589020661,"MATR_b1c20,MATR_b3c18,MATR_b1c16,MATR_b4c27,MATR_b4c7,MATR_b4c29,MATR_b3c31,MATR_b1c6",False,False,0.95
480,MATR_b4c20,747.0,715.5616810630746,40.91453579854509,635.3706644537515,795.7526976723977,267.0,235.56168106307462,155.3706644537515,315.75269767239774,31.438318936925384,"MATR_b1c20,MATR_b3c18,MATR_b1c16,MATR_b4c27,MATR_b4c7,MATR_b4c29,MATR_b3c31,MATR_b1c6",False,False,0.95
480,MATR_b4c22,671.0,553.011981957089,22.794380566955034,508.33581699595743,597.6881469182206,191.0,73.011981957089,28.33581699595743,117.68814691822058,117.988018042911,"MATR_b1c20,MATR_b3c18,MATR_b1c16,MATR_b4c27,MATR_b4c7,MATR_b4c29,MATR_b3c31,MATR_b1c6",False,False,0.95
480,MATR_b4c23,1038.0,759.6803849008629,42.3316358303964,676.7119032666207,842.6488665351052,558.0,279.6803849008629,196.71190326662065,362.6488665351052,278.3196150991371,"MATR_b1c20,MATR_b3c18,MATR_b1c16,MATR_b4c27,MATR_b4c7,MATR_b4c29,MATR_b3c31,MATR_b1c6",False,False,0.95
480,MATR_b4c24,988.0,764.0179153472995,45.770863861626836,674.3086706372251,853.727160057374,508.0,284.01791534729955,194.30867063722508,373.727160057374,223.98208465270045,"MATR_b1c20,MATR_b3c18,MATR_b1c16,MATR_b4c27,MATR_b4c7,MATR_b4c29,MATR_b3c31,MATR_b1c6",False,False,0.95
480,MATR_b4c38,1055.0,818.990226514155,54.58802318109173,711.9996670919776,925.9807859363324,575.0,338.990226514155,231.99966709197759,445.9807859363324,236.00977348584502,"MATR_b1c20,MATR_b3c18,MATR_b1c16,MATR_b4c27,MATR_b4c7,MATR_b4c29,MATR_b3c31,MATR_b1c6",False,False,0.95
480,MATR_b4c39,738.0,611.1570226265665,27.135169349119863,557.9730679878963,664.3409772652366,258.0,131.15702262656646,77.97306798789634,184.34097726523657,126.84297737343354,"MATR_b1c20,MATR_b3c18,MATR_b1c16,MATR_b4c27,MATR_b4c7,MATR_b4c29,MATR_b3c31,MATR_b1c6",False,False,0.95
500,MATR_b1c17,858.0,879.5601781986944,64.23544403347665,753.6610213621419,1005.4593350352469,358.0,379.5601781986944,253.66102136214192,505.4593350352469,21.560178198694416,"MATR_b1c31,MATR_b4c11,MATR_b4c37,MATR_b1c30,MATR_b3c12,MATR_b1c41,MATR_b4c19,MATR_b1c29",False,False,0.95
500,MATR_b1c25,852.0,868.2458180837225,64.13952732956477,742.5346545323531,993.9569816350919,352.0,368.2458180837225,242.5346545323531,493.9569816350919,16.245818083722497,"MATR_b1c31,MATR_b4c11,MATR_b4c37,MATR_b1c30,MATR_b3c12,MATR_b1c41,MATR_b4c19,MATR_b1c29",False,False,0.95
500,MATR_b1c26,868.0,782.7033927142825,49.533568447201546,685.6193825320179,879.7874028965471,368.0,282.7033927142825,185.61938253201788,379.78740289654706,85.29660728571753,"MATR_b1c31,MATR_b4c11,MATR_b4c37,MATR_b1c30,MATR_b3c12,MATR_b1c41,MATR_b4c19,MATR_b1c29",False,False,0.95
500,MATR_b1c27,841.0,789.7461190165964,52.39607164555944,687.0517056599195,892.4405323732732,341.0,289.74611901659637,187.05170565991955,392.4405323732732,51.25388098340363,"MATR_b1c31,MATR_b4c11,MATR_b4c37,MATR_b1c30,MATR_b3c12,MATR_b1c41,MATR_b4c19,MATR_b1c29",False,False,0.95
500,MATR_b1c3,1431.0,1654.7405769760014,252.20288763957984,1160.432000405423,2149.04915354658,931.0,1154.7405769760014,660.432000405423,1649.0491535465799,223.74057697600142,"MATR_b1c31,MATR_b4c11,MATR_b4c37,MATR_b1c30,MATR_b3c12,MATR_b1c41,MATR_b4c19,MATR_b1c29",False,False,0.95
500,MATR_b1c32,729.0,679.9027361822932,40.70499047250905,600.1224208651295,759.683051499457,229.0,179.9027361822932,100.12242086512947,259.68305149945695,49.09726381770679,"MATR_b1c31,MATR_b4c11,MATR_b4c37,MATR_b1c30,MATR_b3c12,MATR_b1c41,MATR_b4c19,MATR_b1c29",False,False,0.95
500,MATR_b1c33,754.0,668.5037030744369,37.73801012498479,594.5385623812588,742.468843767615,254.0,168.50370307443688,94.53856238125877,242.468843767615,85.49629692556312,"MATR_b1c31,MATR_b4c11,MATR_b4c37,MATR_b1c30,MATR_b3c12,MATR_b1c41,MATR_b4c19,MATR_b1c29",False,False,0.95
500,MATR_b1c4,1705.0,1822.8554851365084,271.8318916795695,1290.0747675951593,2355.6362026778575,1205.0,1322.8554851365084,790.0747675951593,1855.6362026778575,117.85548513650838,"MATR_b1c31,MATR_b4c11,MATR_b4c37,MATR_b1c30,MATR_b3c12,MATR_b1c41,MATR_b4c19,MATR_b1c29",False,False,0.95
500,MATR_b1c40,964.0,898.2707724699842,66.37972563857221,768.1689009147326,1028.3726440252358,464.0,398.2707724699842,268.1689009147326,528.3726440252358,65.7292275300158,"MATR_b1c31,MATR_b4c11,MATR_b4c37,MATR_b1c30,MATR_b3c12,MATR_b1c41,MATR_b4c19,MATR_b1c29",False,False,0.95
500,MATR_b1c43,649.0,597.7804108234943,28.92585089988975,541.0867848375349,654.4740368094538,149.0,97.78041082349432,41.08678483753488,154.47403680945376,51.21958917650568,"MATR_b1c31,MATR_b4c11,MATR_b4c37,MATR_b1c30,MATR_b3c12,MATR_b1c41,MATR_b4c19,MATR_b1c29",False,False,0.95
500,MATR_b1c44,614.0,493.68119786815856,21.177607735823475,452.1738494272277,535.1885463090894,114.0,-6.318802131841437,-47.82615057277229,35.18854630908936,120.31880213184144,"MATR_b1c31,MATR_b4c11,MATR_b4c37,MATR_b1c30,MATR_b3c12,MATR_b1c41,MATR_b4c19,MATR_b1c29",False,False,0.95
500,MATR_b1c45,597.0,475.4970816185182,19.93752995755143,436.42024096102904,514.5739222760074,97.0,-24.502918381481777,-63.57975903897096,14.573922276007352,121.50291838148178,"MATR_b1c31,MATR_b4c11,MATR_b4c37,MATR_b1c30,MATR_b3c12,MATR_b1c41,MATR_b4c19,MATR_b1c29",False,False,0.95
500,MATR_b2c28,508.0,458.2669881028673,18.27930126125555,422.4402159682488,494.09376023748575,8.0,-41.73301189713271,-77.55978403175118,-5.906239762514247,49.73301189713271,"MATR_b1c31,MATR_b4c11,MATR_b4c37,MATR_b1c30,MATR_b3c12,MATR_b1c41,MATR_b4c19,MATR_b1c29",False,False,0.95
500,MATR_b3c21,770.0,621.7726272367117,27.929094498841486,567.0326078981667,676.5126465752568,270.0,121.77262723671174,67.0326078981667,176.51264657525678,148.22737276328826,"MATR_b1c31,MATR_b4c11,MATR_b4c37,MATR_b1c30,MATR_b3c12,MATR_b1c41,MATR_b4c19,MATR_b1c29",False,False,0.95
500,MATR_b3c27,847.0,683.0111872849884,37.6884110801245,609.1432589334041,756.8791156365727,347.0,183.0111872849884,109.14325893340413,256.8791156365727,163.9888127150116,"MATR_b1c31,MATR_b4c11,MATR_b4c37,MATR_b1c30,MATR_b3c12,MATR_b1c41,MATR_b4c19,MATR_b1c29",False,False,0.95
500,MATR_b3c34,1156.0,900.5596761899645,65.29442855934914,772.5849478225167,1028.5344045574125,656.0,400.55967618996453,272.5849478225167,528.5344045574125,255.44032381003547,"MATR_b1c31,MATR_b4c11,MATR_b4c37,MATR_b1c30,MATR_b3c12,MATR_b1c41,MATR_b4c19,MATR_b1c29",False,False,0.95
500,MATR_b3c35,1091.0,893.4018105987169,64.2432455991601,767.4873629744018,1019.316258223032,591.0,393.4018105987169,267.4873629744018,519.316258223032,197.5981894012831,"MATR_b1c31,MATR_b4c11,MATR_b4c37,MATR_b1c30,MATR_b3c12,MATR_b1c41,MATR_b4c19,MATR_b1c29",False,False,0.95
500,MATR_b3c39,1154.0,821.7397961389678,50.75321321571537,722.2653261364834,921.2142661414522,654.0,321.7397961389678,222.2653261364834,421.2142661414522,332.2602038610322,"MATR_b1c31,MATR_b4c11,MATR_b4c37,MATR_b1c30,MATR_b3c12,MATR_b1c41,MATR_b4c19,MATR_b1c29",False,False,0.95
500,MATR_b4c2,742.0,591.0545344729154,32.31221977744854,527.7237474485735,654.3853214972573,242.0,91.0545344729154,27.723747448573477,154.38532149725734,150.9454655270846,"MATR_b1c31,MATR_b4c11,MATR_b4c37,MATR_b1c30,MATR_b3c12,MATR_b1c41,MATR_b4c19,MATR_b1c29",False,False,0.95
500,MATR_b4c20,747.0,701.892304869232,38.63777178759036,626.1636637226771,777.6209460157869,247.0,201.89230486923202,126.16366372267714,277.6209460157869,45.10769513076798,"MATR_b1c31,MATR_b4c11,MATR_b4c37,MATR_b1c30,MATR_b3c12,MATR_b1c41,MATR_b4c19,MATR_b1c29",False,False,0.95
500,MATR_b4c22,671.0,544.0099397155911,22.162858009544046,500.57153622240975,587.4483432087725,171.0,44.009939715591145,0.5715362224097476,87.44834320877249,126.99006028440886,"MATR_b1c31,MATR_b4c11,MATR_b4c37,MATR_b1c30,MATR_b3c12,MATR_b1c41,MATR_b4c19,MATR_b1c29",False,False,0.95
500,MATR_b4c23,1038.0,747.2586817823075,40.608208504039546,667.6680556376969,826.8493079269181,538.0,247.25868178230746,167.66805563769685,326.8493079269181,290.74131821769254,"MATR_b1c31,MATR_b4c11,MATR_b4c37,MATR_b1c30,MATR_b3c12,MATR_b1c41,MATR_b4c19,MATR_b1c29",False,False,0.95
500,MATR_b4c24,988.0,751.4414755612589,43.96086752551336,665.2797584821163,837.6031926404015,488.0,251.44147556125893,165.27975848211634,337.6031926404015,236.55852443874107,"MATR_b1c31,MATR_b4c11,MATR_b4c37,MATR_b1c30,MATR_b3c12,MATR_b1c41,MATR_b4c19,MATR_b1c29",False,False,0.95
500,MATR_b4c38,1055.0,816.1518325178697,53.22821973890838,711.8264388684253,920.4772261673141,555.0,316.1518325178697,211.82643886842527,420.47722616731414,238.8481674821303,"MATR_b1c31,MATR_b4c11,MATR_b4c37,MATR_b1c30,MATR_b3c12,MATR_b1c41,MATR_b4c19,MATR_b1c29",False,False,0.95
500,MATR_b4c39,738.0,597.6981870494124,25.89238466396674,546.9500456341804,648.4463284646444,238.0,97.69818704941235,46.950045634180356,148.44632846464435,140.30181295058765,"MATR_b1c31,MATR_b4c11,MATR_b4c37,MATR_b1c30,MATR_b3c12,MATR_b1c41,MATR_b4c19,MATR_b1c29",False,False,0.95
520,MATR_b1c17,858.0,847.2489206143468,59.50051306065112,730.6300579538156,963.8677832748781,338.0,327.24892061434684,210.6300579538156,443.8677832748781,10.751079385653156,"MATR_b1c38,MATR_b1c11,MATR_b3c38,MATR_b1c31,MATR_b4c11,MATR_b3c40,MATR_b1c36,MATR_b1c41",False,False,0.95
520,MATR_b1c25,852.0,821.4135724878586,57.62910185383314,708.4626083929552,934.364536582762,332.0,301.4135724878586,188.4626083929552,414.36453658276196,30.586427512141427,"MATR_b1c38,MATR_b1c11,MATR_b3c38,MATR_b1c31,MATR_b4c11,MATR_b3c40,MATR_b1c36,MATR_b1c41",False,False,0.95
520,MATR_b1c26,868.0,739.305010982214,44.96006841714244,651.1848961421581,827.4251258222698,348.0,219.30501098221396,131.1848961421581,307.4251258222698,128.69498901778604,"MATR_b1c38,MATR_b1c11,MATR_b3c38,MATR_b1c31,MATR_b4c11,MATR_b3c40,MATR_b1c36,MATR_b1c41",False,False,0.95
520,MATR_b1c27,841.0,749.4509524727995,47.64787801107203,656.0628276313404,842.8390773142586,321.0,229.4509524727995,136.06282763134038,322.8390773142586,91.54904752720051,"MATR_b1c38,MATR_b1c11,MATR_b3c38,MATR_b1c31,MATR_b4c11,MATR_b3c40,MATR_b1c36,MATR_b1c41",False,False,0.95
520,MATR_b1c3,1431.0,1357.606117911021,199.49314577132915,966.606737036617,1748.6054987854252,911.0,837.6061179110211,446.606737036617,1228.6054987854252,73.3938820889789,"MATR_b1c38,MATR_b1c11,MATR_b3c38,MATR_b1c31,MATR_b4c11,MATR_b3c40,MATR_b1c36,MATR_b1c41",False,False,0.95
520,MATR_b1c32,729.0,658.2185633301997,38.068914715504036,583.604861557285,732.8322651031144,209.0,138.2185633301997,63.60486155728495,212.83226510311442,70.78143666980031,"MATR_b1c38,MATR_b1c11,MATR_b3c38,MATR_b1c31,MATR_b4c11,MATR_b3c40,MATR_b1c36,MATR_b1c41",False,False,0.95
520,MATR_b1c33,754.0,639.4530933187145,34.66197570975986,571.5168692945831,707.389317342846,234.0,119.45309331871454,51.5168692945831,187.38931734284597,114.54690668128546,"MATR_b1c38,MATR_b1c11,MATR_b3c38,MATR_b1c31,MATR_b4c11,MATR_b3c40,MATR_b1c36,MATR_b1c41",False,False,0.95
520,MATR_b1c4,1705.0,1470.0630488903905,231.49299322292288,1016.345119500087,1923.780978280694,1185.0,950.0630488903905,496.345119500087,1403.780978280694,234.93695110960948,"MATR_b1c38,MATR_b1c11,MATR_b3c38,MATR_b1c31,MATR_b4c11,MATR_b3c40,MATR_b1c36,MATR_b1c41",False,False,0.95
520,MATR_b1c40,964.0,834.43561022295,58.10196184223993,720.5578575810392,948.3133628648608,444.0,314.43561022295,200.55785758103923,428.3133628648608,129.56438977705,"MATR_b1c38,MATR_b1c11,MATR_b3c38,MATR_b1c31,MATR_b4c11,MATR_b3c40,MATR_b1c36,MATR_b1c41",False,False,0.95
520,MATR_b1c43,649.0,579.9115913047847,27.058068603169986,526.8787513513576,632.9444312582118,129.0,59.91159130478468,6.8787513513575504,112.94443125821181,69.08840869521532,"MATR_b1c38,MATR_b1c11,MATR_b3c38,MATR_b1c31,MATR_b4c11,MATR_b3c40,MATR_b1c36,MATR_b1c41",False,False,0.95
520,MATR_b1c44,614.0,485.2583816887735,20.00124037985552,446.05667089812846,524.4600924794186,94.0,-34.74161831122649,-73.94332910187154,4.460092479418563,128.7416183112265,"MATR_b1c38,MATR_b1c11,MATR_b3c38,MATR_b1c31,MATR_b4c11,MATR_b3c40,MATR_b1c36,MATR_b1c41",False,False,0.95
520,MATR_b1c45,597.0,468.13508924321826,19.02052092450839,430.85555326399134,505.4146252224452,77.0,-51.86491075678174,-89.14444673600866,-14.585374777554819,128.86491075678174,"MATR_b1c38,MATR_b1c11,MATR_b3c38,MATR_b1c31,MATR_b4c11,MATR_b3c40,MATR_b1c36,MATR_b1c41",False,False,0.95
520,MATR_b3c21,770.0,595.9528491440391,25.837338707792917,545.3125958204023,646.5931024676759,250.0,75.95284914403908,25.312595820402294,126.59310246767586,174.04715085596092,"MATR_b1c38,MATR_b1c11,MATR_b3c38,MATR_b1c31,MATR_b4c11,MATR_b3c40,MATR_b1c36,MATR_b1c41",False,False,0.95
520,MATR_b3c27,847.0,636.9997515070135,32.746154681316504,572.8184676994554,701.1810353145715,327.0,116.99975150701346,52.81846769945537,181.18103531457155,210.00024849298654,"MATR_b1c38,MATR_b1c11,MATR_b3c38,MATR_b1c31,MATR_b4c11,MATR_b3c40,MATR_b1c36,MATR_b1c41",False,False,0.95
520,MATR_b3c34,1156.0,862.4062468770005,58.55525644955693,747.6400531303623,977.1724406236387,636.0,342.4062468770005,227.64005313036228,457.17244062363875,293.5937531229995,"MATR_b1c38,MATR_b1c11,MATR_b3c38,MATR_b1c31,MATR_b4c11,MATR_b3c40,MATR_b1c36,MATR_b1c41",False,False,0.95
520,MATR_b3c35,1091.0,841.0773431414667,55.804216347818326,731.7030889142616,950.4515973686719,571.0,321.0773431414667,211.70308891426157,430.45159736867186,249.9226568585333,"MATR_b1c38,MATR_b1c11,MATR_b3c38,MATR_b1c31,MATR_b4c11,MATR_b3c40,MATR_b1c36,MATR_b1c41",False,False,0.95
520,MATR_b3c39,1154.0,787.0750000450078,47.34098332997132,694.2883777255529,879.8616223644626,634.0,267.07500004500776,174.2883777255529,359.8616223644626,366.92499995499224,"MATR_b1c38,MATR_b1c11,MATR_b3c38,MATR_b1c31,MATR_b4c11,MATR_b3c40,MATR_b1c36,MATR_b1c41",False,False,0.95
520,MATR_b4c2,742.0,578.13124564649,30.35656111769248,518.6334791613237,637.6290121316563,222.0,58.131245646490015,-1.3665208386762515,117.62901213165628,163.86875435350998,"MATR_b1c38,MATR_b1c11,MATR_b3c38,MATR_b1c31,MATR_b4c11,MATR_b3c40,MATR_b1c36,MATR_b1c41",False,False,0.95
520,MATR_b4c20,747.0,675.0475996310613,35.80297833207362,604.875051560929,745.2201477011936,227.0,155.0475996310613,84.87505156092902,225.22014770119358,71.9524003689387,"MATR_b1c38,MATR_b1c11,MATR_b3c38,MATR_b1c31,MATR_b4c11,MATR_b3c40,MATR_b1c36,MATR_b1c41",False,False,0.95
520,MATR_b4c22,671.0,538.5091834141692,21.603970392756857,496.16617952129616,580.8521873070423,151.0,18.50918341416923,-23.833820478703842,60.8521873070423,132.49081658583077,"MATR_b1c38,MATR_b1c11,MATR_b3c38,MATR_b1c31,MATR_b4c11,MATR_b3c40,MATR_b1c36,MATR_b1c41",False,False,0.95
520,MATR_b4c23,1038.0,700.5973678995404,36.34745432934373,629.3576664843122,771.8370693147685,518.0,180.59736789954036,109.35766648431218,251.83706931476854,337.40263210045964,"MATR_b1c38,MATR_b1c11,MATR_b3c38,MATR_b1c31,MATR_b4c11,MATR_b3c40,MATR_b1c36,MATR_b1c41",False,False,0.95
520,MATR_b4c24,988.0,713.5759863754372,40.14628489225448,634.890713873534,792.2612588773404,468.0,193.5759863754372,114.89071387353397,272.2612588773404,274.4240136245628,"MATR_b1c38,MATR_b1c11,MATR_b3c38,MATR_b1c31,MATR_b4c11,MATR_b3c40,MATR_b1c36,MATR_b1c41",False,False,0.95
520,MATR_b4c38,1055.0,764.8681187459563,46.065540818045086,674.5813178142282,855.1549196776843,535.0,244.86811874595628,154.5813178142282,335.15491967768435,290.1318812540437,"MATR_b1c38,MATR_b1c11,MATR_b3c38,MATR_b1c31,MATR_b4c11,MATR_b3c40,MATR_b1c36,MATR_b1c41",False,False,0.95
520,MATR_b4c39,738.0,581.4078275819961,24.585856458958148,533.2204343933666,629.5952207706256,218.0,61.407827581996116,13.220434393366645,109.59522077062559,156.59217241800388,"MATR_b1c38,MATR_b1c11,MATR_b3c38,MATR_b1c31,MATR_b4c11,MATR_b3c40,MATR_b1c36,MATR_b1c41",False,False,0.95
540,MATR_b1c17,858.0,834.2344243927494,58.71315068254685,719.1587636360842,949.3100851494145,318.0,294.23442439274936,179.15876363608425,409.3100851494145,23.76557560725064,"MATR_b4c35,MATR_b4c8,MATR_b1c29,MATR_b4c0,MATR_b4c3,MATR_b3c4,MATR_b3c19,MATR_b1c18",False,False,0.95
540,MATR_b1c25,852.0,791.5912318547287,54.532736085614964,684.7090331484956,898.4734305609618,312.0,251.59123185472868,144.70903314849556,358.4734305609618,60.408768145271324,"MATR_b4c35,MATR_b4c8,MATR_b1c29,MATR_b4c0,MATR_b4c3,MATR_b3c4,MATR_b3c19,MATR_b1c18",False,False,0.95
540,MATR_b1c26,868.0,714.6668532997361,43.22285359652318,629.9516169415032,799.382089657969,328.0,174.6668532997361,89.95161694150318,259.382089657969,153.3331467002639,"MATR_b4c35,MATR_b4c8,MATR_b1c29,MATR_b4c0,MATR_b4c3,MATR_b3c4,MATR_b3c19,MATR_b1c18",False,False,0.95
540,MATR_b1c27,841.0,722.9198979534059,45.57594765330269,633.5926819916499,812.2471139151619,301.0,182.9198979534059,93.5926819916499,272.2471139151619,118.0801020465941,"MATR_b4c35,MATR_b4c8,MATR_b1c29,MATR_b4c0,MATR_b4c3,MATR_b3c4,MATR_b3c19,MATR_b1c18",False,False,0.95
540,MATR_b1c3,1431.0,1063.7983410178995,113.62262673912679,841.1020847803733,1286.4945972554256,891.0,523.7983410178995,301.1020847803733,746.4945972554256,367.2016589821005,"MATR_b4c35,MATR_b4c8,MATR_b1c29,MATR_b4c0,MATR_b4c3,MATR_b3c4,MATR_b3c19,MATR_b1c18",False,False,0.95
540,MATR_b1c32,729.0,643.3909075922207,36.93835437065204,570.993063377565,715.7887518068765,189.0,103.39090759222074,30.993063377565022,175.78875180687646,85.60909240777926,"MATR_b4c35,MATR_b4c8,MATR_b1c29,MATR_b4c0,MATR_b4c3,MATR_b3c4,MATR_b3c19,MATR_b1c18",False,False,0.95
540,MATR_b1c33,754.0,616.4539736630068,32.837016916309835,552.094603147307,680.8133441787065,214.0,76.45397366300676,12.094603147306998,140.81334417870653,137.54602633699324,"MATR_b4c35,MATR_b4c8,MATR_b1c29,MATR_b4c0,MATR_b4c3,MATR_b3c4,MATR_b3c19,MATR_b1c18",False,False,0.95
540,MATR_b1c4,1705.0,1070.3181614700027,121.1818048691315,832.8061883449444,1307.8301345950608,1165.0,530.3181614700027,292.8061883449444,767.8301345950608,634.6818385299973,"MATR_b4c35,MATR_b4c8,MATR_b1c29,MATR_b4c0,MATR_b4c3,MATR_b3c4,MATR_b3c19,MATR_b1c18",False,False,0.95
540,MATR_b1c40,964.0,794.9950360495346,54.52246166002093,688.1329748474277,901.8570972516416,424.0,254.99503604953463,148.1329748474277,361.85709725164156,169.00496395046537,"MATR_b4c35,MATR_b4c8,MATR_b1c29,MATR_b4c0,MATR_b4c3,MATR_b3c4,MATR_b3c19,MATR_b1c18",False,False,0.95
540,MATR_b1c43,649.0,559.4387699204724,25.362074418689136,509.73001748661704,609.1475223543277,109.0,19.438769920472396,-30.269982513382956,69.14752235432775,89.5612300795276,"MATR_b4c35,MATR_b4c8,MATR_b1c29,MATR_b4c0,MATR_b4c3,MATR_b3c4,MATR_b3c19,MATR_b1c18",False,False,0.95
540,MATR_b1c44,614.0,473.29072319169046,19.472944356990737,435.1244535790361,511.4569928043448,74.0,-66.70927680830954,-104.87554642096387,-28.543007195655207,140.70927680830954,"MATR_b4c35,MATR_b4c8,MATR_b1c29,MATR_b4c0,MATR_b4c3,MATR_b3c4,MATR_b3c19,MATR_b1c18",False,False,0.95
540,MATR_b1c45,597.0,453.7636974357377,18.822453356470287,416.87236675637087,490.6550281151045,57.0,-86.2363025642623,-123.12763324362913,-49.34497188489547,143.2363025642623,"MATR_b4c35,MATR_b4c8,MATR_b1c29,MATR_b4c0,MATR_b4c3,MATR_b3c4,MATR_b3c19,MATR_b1c18",False,False,0.95
540,MATR_b3c21,770.0,577.4041208119053,24.73308855218068,528.9281580231913,625.8800836006193,230.0,37.40412081190527,-11.071841976808741,85.88008360061929,192.59587918809473,"MATR_b4c35,MATR_b4c8,MATR_b1c29,MATR_b4c0,MATR_b4c3,MATR_b3c4,MATR_b3c19,MATR_b1c18",False,False,0.95
540,MATR_b3c27,847.0,591.7236345717017,29.344166123615103,534.2101258130558,649.2371433303476,307.0,51.72363457170172,-5.789874186944189,109.23714333034764,255.27636542829828,"MATR_b4c35,MATR_b4c8,MATR_b1c29,MATR_b4c0,MATR_b4c3,MATR_b3c4,MATR_b3c19,MATR_b1c18",False,False,0.95
540,MATR_b3c34,1156.0,822.426069138701,53.15622783642576,718.2417770253011,926.6103612521009,616.0,282.426069138701,178.24177702530108,386.6103612521009,333.573930861299,"MATR_b4c35,MATR_b4c8,MATR_b1c29,MATR_b4c0,MATR_b4c3,MATR_b3c4,MATR_b3c19,MATR_b1c18",False,False,0.95
540,MATR_b3c35,1091.0,787.9082947321011,49.391840003952076,691.1020671941903,884.7145222700119,551.0,247.90829473210113,151.10206719419034,344.7145222700119,303.0917052678989,"MATR_b4c35,MATR_b4c8,MATR_b1c29,MATR_b4c0,MATR_b4c3,MATR_b3c4,MATR_b3c19,MATR_b1c18",False,False,0.95
540,MATR_b3c39,1154.0,766.1407964302865,46.13828923598792,675.7114112194581,856.5701816411149,614.0,226.1407964302865,135.7114112194581,316.5701816411149,387.8592035697135,"MATR_b4c35,MATR_b4c8,MATR_b1c29,MATR_b4c0,MATR_b4c3,MATR_b3c4,MATR_b3c19,MATR_b1c18",False,False,0.95
540,MATR_b4c2,742.0,565.2479008363639,29.07507593852778,508.2617991490823,622.2340025236455,202.0,25.247900836363897,-31.73820085091768,82.23400252364547,176.7520991636361,"MATR_b4c35,MATR_b4c8,MATR_b1c29,MATR_b4c0,MATR_b4c3,MATR_b3c4,MATR_b3c19,MATR_b1c18",False,False,0.95
540,MATR_b4c20,747.0,658.6136251599667,34.08026733129315,591.8175286071352,725.4097217127982,207.0,118.61362515996666,51.81752860713516,185.40972171279816,88.38637484003334,"MATR_b4c35,MATR_b4c8,MATR_b1c29,MATR_b4c0,MATR_b4c3,MATR_b3c4,MATR_b3c19,MATR_b1c18",False,False,0.95
540,MATR_b4c22,671.0,531.3277334534494,21.380382248490594,489.4229542707083,573.2325126361904,131.0,-8.672266546550645,-50.57704572929168,33.23251263619045,139.67226654655065,"MATR_b4c35,MATR_b4c8,MATR_b1c29,MATR_b4c0,MATR_b4c3,MATR_b3c4,MATR_b3c19,MATR_b1c18",False,False,0.95
540,MATR_b4c23,1038.0,657.8874270568207,33.323723501749356,592.574129162621,723.2007249510203,498.0,117.88742705682068,52.574129162621034,183.20072495102033,380.1125729431793,"MATR_b4c35,MATR_b4c8,MATR_b1c29,MATR_b4c0,MATR_b4c3,MATR_b3c4,MATR_b3c19,MATR_b1c18",False,False,0.95
540,MATR_b4c24,988.0,689.7156116940487,38.41125451002658,614.4309362533949,765.0002871347025,448.0,149.71561169404868,74.43093625339486,225.0002871347025,298.2843883059513,"MATR_b4c35,MATR_b4c8,MATR_b1c29,MATR_b4c0,MATR_b4c3,MATR_b3c4,MATR_b3c19,MATR_b1c18",False,False,0.95
540,MATR_b4c38,1055.0,734.5152113615256,43.04043407795744,650.1575106897586,818.8729120332927,515.0,194.51521136152564,110.15751068975862,278.87291203329266,320.48478863847436,"MATR_b4c35,MATR_b4c8,MATR_b1c29,MATR_b4c0,MATR_b4c3,MATR_b3c4,MATR_b3c19,MATR_b1c18",False,False,0.95
540,MATR_b4c39,738.0,569.2730169939788,23.9818805207422,522.2693948917814,616.2766390961762,198.0,29.273016993978786,-17.730605108218583,76.27663909617615,168.72698300602121,"MATR_b4c35,MATR_b4c8,MATR_b1c29,MATR_b4c0,MATR_b4c3,MATR_b3c4,MATR_b3c19,MATR_b1c18",False,False,0.95
560,MATR_b1c17,858.0,827.5655136563246,58.39676646064209,713.1099545798695,942.0210727327797,298.0,267.5655136563246,153.1099545798695,382.02107273277966,30.434486343675417,"MATR_b1c30,MATR_b4c5,MATR_b4c44,MATR_b3c30,MATR_b3c40,MATR_b4c4,MATR_b3c6,MATR_b1c31",False,False,0.95
560,MATR_b1c25,852.0,769.6943776836054,52.09528109857833,667.5895029659016,871.7992524013091,292.0,209.69437768360535,107.5895029659016,311.7992524013091,82.30562231639465,"MATR_b1c30,MATR_b4c5,MATR_b4c44,MATR_b3c30,MATR_b3c40,MATR_b4c4,MATR_b3c6,MATR_b1c31",False,False,0.95
560,MATR_b1c26,868.0,706.8844652831953,42.89612402569999,622.80960711646,790.9593234499305,308.0,146.88446528319525,62.80960711646003,230.95932344993048,161.11553471680475,"MATR_b1c30,MATR_b4c5,MATR_b4c44,MATR_b3c30,MATR_b3c40,MATR_b4c4,MATR_b3c6,MATR_b1c31",False,False,0.95
560,MATR_b1c27,841.0,708.3863423288068,44.356274515459106,621.4496417901352,795.3230428674784,281.0,148.3863423288068,61.44964179013516,235.32304286747842,132.6136576711932,"MATR_b1c30,MATR_b4c5,MATR_b4c44,MATR_b3c30,MATR_b3c40,MATR_b4c4,MATR_b3c6,MATR_b1c31",False,False,0.95
560,MATR_b1c3,1431.0,1007.7890947956982,97.9593240237954,815.7923477591701,1199.7858418322264,871.0,447.78909479569825,255.79234775917007,639.7858418322264,423.21090520430175,"MATR_b1c30,MATR_b4c5,MATR_b4c44,MATR_b3c30,MATR_b3c40,MATR_b4c4,MATR_b3c6,MATR_b1c31",False,False,0.95
560,MATR_b1c32,729.0,642.2003602995953,37.07191244693121,569.540747065588,714.8599735336027,169.0,82.20036029959533,9.540747065587993,154.85997353360267,86.79963970040467,"MATR_b1c30,MATR_b4c5,MATR_b4c44,MATR_b3c30,MATR_b3c40,MATR_b4c4,MATR_b3c6,MATR_b1c31",False,False,0.95
560,MATR_b1c33,754.0,605.7950207169912,32.04979402074355,542.9785787244067,668.6114627095757,194.0,45.79502071699119,-17.021421275593298,108.61146270957568,148.2049792830088,"MATR_b1c30,MATR_b4c5,MATR_b4c44,MATR_b3c30,MATR_b3c40,MATR_b4c4,MATR_b3c6,MATR_b1c31",False,False,0.95
560,MATR_b1c4,1705.0,1027.2790134683275,106.57654576356899,818.3928221750475,1236.1652047616076,1145.0,467.27901346832755,258.3928221750475,676.1652047616076,677.7209865316725,"MATR_b1c30,MATR_b4c5,MATR_b4c44,MATR_b3c30,MATR_b3c40,MATR_b4c4,MATR_b3c6,MATR_b1c31",False,False,0.95
560,MATR_b1c40,964.0,780.758989586108,53.189320659588496,676.5098367311623,885.0081424410537,404.0,220.758989586108,116.5098367311623,325.0081424410537,183.241010413892,"MATR_b1c30,MATR_b4c5,MATR_b4c44,MATR_b3c30,MATR_b3c40,MATR_b4c4,MATR_b3c6,MATR_b1c31",False,False,0.95
560,MATR_b1c43,649.0,552.5253723001929,24.90338018227486,503.71564404962567,601.3351005507601,89.0,-7.474627699807115,-56.284355950374334,41.3351005507601,96.47462769980712,"MATR_b1c30,MATR_b4c5,MATR_b4c44,MATR_b3c30,MATR_b3c40,MATR_b4c4,MATR_b3c6,MATR_b1c31",False,False,0.95
560,MATR_b1c44,614.0,469.6565742239143,19.558891605603492,431.32185109940866,507.9912973484199,54.0,-90.34342577608572,-128.67814890059134,-52.00870265158011,144.34342577608572,"MATR_b1c30,MATR_b4c5,MATR_b4c44,MATR_b3c30,MATR_b3c40,MATR_b4c4,MATR_b3c6,MATR_b1c31",False,False,0.95
560,MATR_b1c45,597.0,446.74765958039364,19.101591012513573,409.3092291484531,484.1860900123342,37.0,-113.25234041960636,-150.69077085154692,-75.8139099876658,150.25234041960636,"MATR_b1c30,MATR_b4c5,MATR_b4c44,MATR_b3c30,MATR_b3c40,MATR_b4c4,MATR_b3c6,MATR_b1c31",False,False,0.95
560,MATR_b3c21,770.0,574.8712124866762,24.931016637680802,526.007317778853,623.7351071944994,210.0,14.8712124866762,-33.99268222114699,63.73510719449939,195.1287875133238,"MATR_b1c30,MATR_b4c5,MATR_b4c44,MATR_b3c30,MATR_b3c40,MATR_b4c4,MATR_b3c6,MATR_b1c31",False,False,0.95
560,MATR_b3c27,847.0,570.0449653695812,27.990053096159045,515.1854693757456,624.9044613634168,287.0,10.044965369581178,-44.81453062425442,64.90446136341677,276.9550346304188,"MATR_b1c30,MATR_b4c5,MATR_b4c44,MATR_b3c30,MATR_b3c40,MATR_b4c4,MATR_b3c6,MATR_b1c31",False,False,0.95
560,MATR_b3c34,1156.0,801.7621661338034,51.06654300644952,701.6735810261965,901.8507512414102,596.0,241.76216613380336,141.67358102619653,341.8507512414102,354.23783386619664,"MATR_b1c30,MATR_b4c5,MATR_b4c44,MATR_b3c30,MATR_b3c40,MATR_b4c4,MATR_b3c6,MATR_b1c31",False,False,0.95
560,MATR_b3c35,1091.0,759.988920274868,46.37806208288114,669.0895889196582,850.8882516300777,531.0,199.98892027486795,109.08958891965824,290.88825163007766,331.01107972513205,"MATR_b1c30,MATR_b4c5,MATR_b4c44,MATR_b3c30,MATR_b3c40,MATR_b4c4,MATR_b3c6,MATR_b1c31",False,False,0.95
560,MATR_b3c39,1154.0,770.0696731828635,47.24182306602377,677.4774014094434,862.6619449562837,594.0,210.06967318286354,117.47740140944336,302.6619449562837,383.93032681713646,"MATR_b1c30,MATR_b4c5,MATR_b4c44,MATR_b3c30,MATR_b3c40,MATR_b4c4,MATR_b3c6,MATR_b1c31",False,False,0.95
560,MATR_b4c2,742.0,560.9920663762704,28.85280696809527,504.44160386591733,617.5425288866234,182.0,0.9920663762703725,-55.55839613408267,57.54252888662336,181.00793362372963,"MATR_b1c30,MATR_b4c5,MATR_b4c44,MATR_b3c30,MATR_b3c40,MATR_b4c4,MATR_b3c6,MATR_b1c31",False,False,0.95
560,MATR_b4c20,747.0,648.5288485353672,33.36203628158757,583.140458972537,713.9172380981973,187.0,88.52884853536716,23.140458972536976,153.91723809819734,98.47115146463284,"MATR_b1c30,MATR_b4c5,MATR_b4c44,MATR_b3c30,MATR_b3c40,MATR_b4c4,MATR_b3c6,MATR_b1c31",False,False,0.95
560,MATR_b4c22,671.0,532.8626465835641,21.79562176404802,490.1440129053727,575.5812802617556,111.0,-27.13735341643587,-69.85598709462732,15.581280261755637,138.13735341643587,"MATR_b1c30,MATR_b4c5,MATR_b4c44,MATR_b3c30,MATR_b3c40,MATR_b4c4,MATR_b3c6,MATR_b1c31",False,False,0.95
560,MATR_b4c23,1038.0,646.0658233257752,32.90715535591493,581.5689839945177,710.5626626570328,478.0,86.06582332577523,21.56898399451768,150.56266265703277,391.9341766742248,"MATR_b1c30,MATR_b4c5,MATR_b4c44,MATR_b3c30,MATR_b3c40,MATR_b4c4,MATR_b3c6,MATR_b1c31",False,False,0.95
560,MATR_b4c24,988.0,679.8657236634023,37.809406271542485,605.7606490943361,753.9707982324684,428.0,119.86572366340226,45.760649094336145,193.97079823246838,308.13427633659774,"MATR_b1c30,MATR_b4c5,MATR_b4c44,MATR_b3c30,MATR_b3c40,MATR_b4c4,MATR_b3c6,MATR_b1c31",False,False,0.95
560,MATR_b4c38,1055.0,725.466877466195,42.43512714535368,642.2955565819238,808.6381983504662,495.0,165.466877466195,82.29555658192385,248.63819835046615,329.533122533805,"MATR_b1c30,MATR_b4c5,MATR_b4c44,MATR_b3c30,MATR_b3c40,MATR_b4c4,MATR_b3c6,MATR_b1c31",False,False,0.95
560,MATR_b4c39,738.0,570.6021200931423,24.40677270074979,522.7657246208173,618.4385155654672,178.0,10.602120093142275,-37.23427537918269,58.43851556546724,167.39787990685772,"MATR_b1c30,MATR_b4c5,MATR_b4c44,MATR_b3c30,MATR_b3c40,MATR_b4c4,MATR_b3c6,MATR_b1c31",False,False,0.95
580,MATR_b1c17,858.0,806.348843717535,53.86061938143105,700.7839695449102,911.9137178901599,278.0,226.34884371753503,120.78396954491018,331.9137178901599,51.65115628246497,"MATR_b1c11,MATR_b4c21,MATR_b3c33,MATR_b3c6,MATR_b1c42,MATR_b4c5,MATR_b1c38,MATR_b4c1",False,False,0.95
580,MATR_b1c25,852.0,736.2333147103312,46.64486617281212,644.8110569479288,827.6555724727336,272.0,156.23331471033123,64.81105694792882,247.65557247273364,115.76668528966877,"MATR_b1c11,MATR_b4c21,MATR_b3c33,MATR_b3c6,MATR_b1c42,MATR_b4c5,MATR_b1c38,MATR_b4c1",False,False,0.95
580,MATR_b1c26,868.0,686.7444161369444,39.67892855382075,608.9751452263179,764.513687047571,288.0,106.74441613694444,28.975145226317863,184.513687047571,181.25558386305556,"MATR_b1c11,MATR_b4c21,MATR_b3c33,MATR_b3c6,MATR_b1c42,MATR_b4c5,MATR_b1c38,MATR_b4c1",False,False,0.95
580,MATR_b1c27,841.0,683.6567786658485,40.381409897289,604.5106696222128,762.8028877094841,261.0,103.65677866584849,24.510669622212845,182.80288770948414,157.3432213341515,"MATR_b1c11,MATR_b4c21,MATR_b3c33,MATR_b3c6,MATR_b1c42,MATR_b4c5,MATR_b1c38,MATR_b4c1",False,False,0.95
580,MATR_b1c3,1431.0,981.2189857566988,89.09534585378653,806.5953166931372,1155.8426548202603,851.0,401.21898575669877,226.5953166931372,575.8426548202603,449.78101424330123,"MATR_b1c11,MATR_b4c21,MATR_b3c33,MATR_b3c6,MATR_b1c42,MATR_b4c5,MATR_b1c38,MATR_b4c1",False,False,0.95
580,MATR_b1c32,729.0,628.4030218797684,34.39215737854208,560.9956320671924,695.8104116923444,149.0,48.4030218797684,-19.004367932807554,115.81041169234436,100.5969781202316,"MATR_b1c11,MATR_b4c21,MATR_b3c33,MATR_b3c6,MATR_b1c42,MATR_b4c5,MATR_b1c38,MATR_b4c1",False,False,0.95
580,MATR_b1c33,754.0,586.7625385738236,29.321969487190263,529.2925344231483,644.2325427244989,174.0,6.762538573823576,-50.707465576851746,64.2325427244989,167.23746142617642,"MATR_b1c11,MATR_b4c21,MATR_b3c33,MATR_b3c6,MATR_b1c42,MATR_b4c5,MATR_b1c38,MATR_b4c1",False,False,0.95
580,MATR_b1c4,1705.0,1001.1335365571462,96.50713585925504,811.9830260218923,1190.2840470924,1125.0,421.13353655714616,231.98302602189233,610.2840470924,703.8664634428538,"MATR_b1c11,MATR_b4c21,MATR_b3c33,MATR_b3c6,MATR_b1c42,MATR_b4c5,MATR_b1c38,MATR_b4c1",False,False,0.95
580,MATR_b1c40,964.0,750.8995634421657,48.3385860826907,656.1576756565029,845.6414512278285,384.0,170.8995634421657,76.15767565650287,265.6414512278285,213.1004365578343,"MATR_b1c11,MATR_b4c21,MATR_b3c33,MATR_b3c6,MATR_b1c42,MATR_b4c5,MATR_b1c38,MATR_b4c1",False,False,0.95
580,MATR_b1c43,649.0,538.8256905698363,22.855313159053647,494.03009992270677,583.6212812169658,69.0,-41.1743094301637,-85.96990007729323,3.6212812169658264,110.1743094301637,"MATR_b1c11,MATR_b4c21,MATR_b3c33,MATR_b3c6,MATR_b1c42,MATR_b4c5,MATR_b1c38,MATR_b4c1",False,False,0.95
580,MATR_b1c44,614.0,459.5397497131314,18.181202483063107,423.90524765069756,495.17425177556527,34.0,-120.46025028686859,-156.09475234930244,-84.82574822443473,154.4602502868686,"MATR_b1c11,MATR_b4c21,MATR_b3c33,MATR_b3c6,MATR_b1c42,MATR_b4c5,MATR_b1c38,MATR_b4c1",False,False,0.95
580,MATR_b1c45,597.0,433.47860536287743,18.12632792492324,397.95165545806526,469.0055552676896,17.0,-146.52139463712257,-182.04834454193474,-110.9944447323104,163.52139463712257,"MATR_b1c11,MATR_b4c21,MATR_b3c33,MATR_b3c6,MATR_b1c42,MATR_b4c5,MATR_b1c38,MATR_b4c1",False,False,0.95
580,MATR_b3c21,770.0,566.6613364964549,23.71318514216068,520.1843476590896,613.1383253338201,190.0,-13.338663503545149,-59.81565234091045,33.13832533382015,203.33866350354515,"MATR_b1c11,MATR_b4c21,MATR_b3c33,MATR_b3c6,MATR_b1c42,MATR_b4c5,MATR_b1c38,MATR_b4c1",False,False,0.95
580,MATR_b3c27,847.0,555.3070418216269,26.01611749570637,504.31638851248,606.2976951307737,267.0,-24.692958178373146,-75.68361148752001,26.297695130773718,291.69295817837315,"MATR_b1c11,MATR_b4c21,MATR_b3c33,MATR_b3c6,MATR_b1c42,MATR_b4c5,MATR_b1c38,MATR_b4c1",False,False,0.95
580,MATR_b3c34,1156.0,784.9917786939948,48.2280544457318,690.4665289359236,879.5170284520659,576.0,204.99177869399477,110.46652893592363,299.5170284520659,371.0082213060052,"MATR_b1c11,MATR_b4c21,MATR_b3c33,MATR_b3c6,MATR_b1c42,MATR_b4c5,MATR_b1c38,MATR_b4c1",False,False,0.95
580,MATR_b3c35,1091.0,743.9665114911271,43.896180725443436,657.9315782103967,830.0014447718576,511.0,163.9665114911271,77.93157821039665,250.00144477185756,347.0334885088729,"MATR_b1c11,MATR_b4c21,MATR_b3c33,MATR_b3c6,MATR_b1c42,MATR_b4c5,MATR_b1c38,MATR_b4c1",False,False,0.95
580,MATR_b3c39,1154.0,750.3941883601761,44.53426841858259,663.1086261819147,837.6797505384376,574.0,170.39418836017614,83.1086261819147,257.6797505384376,403.60581163982386,"MATR_b1c11,MATR_b4c21,MATR_b3c33,MATR_b3c6,MATR_b1c42,MATR_b4c5,MATR_b1c38,MATR_b4c1",False,False,0.95
580,MATR_b4c2,742.0,549.7868808986506,26.666888643358185,497.52073957792834,602.0530222193728,162.0,-30.213119101349434,-82.47926042207166,22.053022219372792,192.21311910134943,"MATR_b1c11,MATR_b4c21,MATR_b3c33,MATR_b3c6,MATR_b1c42,MATR_b4c5,MATR_b1c38,MATR_b4c1",False,False,0.95
580,MATR_b4c20,747.0,627.8584820515064,30.847653128690425,567.3981929116889,688.3187711913239,167.0,47.85848205150637,-12.601807088311148,108.31877119132389,119.14151794849363,"MATR_b1c11,MATR_b4c21,MATR_b3c33,MATR_b3c6,MATR_b1c42,MATR_b4c5,MATR_b1c38,MATR_b4c1",False,False,0.95
580,MATR_b4c22,671.0,527.1901801855603,20.69708093604958,486.6246469657926,567.755713405328,91.0,-52.80981981443972,-93.37535303420742,-12.244286594671962,143.80981981443972,"MATR_b1c11,MATR_b4c21,MATR_b3c33,MATR_b3c6,MATR_b1c42,MATR_b4c5,MATR_b1c38,MATR_b4c1",False,False,0.95
580,MATR_b4c23,1038.0,625.8280229256217,30.605494893986723,565.8423552043832,685.8136906468601,458.0,45.82802292562167,-14.157644795616761,105.8136906468601,412.17197707437833,"MATR_b1c11,MATR_b4c21,MATR_b3c33,MATR_b3c6,MATR_b1c42,MATR_b4c5,MATR_b1c38,MATR_b4c1",False,False,0.95
580,MATR_b4c24,988.0,662.8955972292107,35.4125667082761,593.4882418808675,732.3029525775539,408.0,82.8955972292107,13.488241880867463,152.30295257755392,325.1044027707893,"MATR_b1c11,MATR_b4c21,MATR_b3c33,MATR_b3c6,MATR_b1c42,MATR_b4c5,MATR_b1c38,MATR_b4c1",False,False,0.95
580,MATR_b4c38,1055.0,708.719209131301,39.95440893043606,630.4100066040609,787.0284116585411,475.0,128.719209131301,50.41000660406087,207.02841165854113,346.280790868699,"MATR_b1c11,MATR_b4c21,MATR_b3c33,MATR_b3c6,MATR_b1c42,MATR_b4c5,MATR_b1c38,MATR_b4c1",False,False,0.95
580,MATR_b4c39,738.0,563.1119361731091,23.19045896437172,517.6594718179865,608.5644005282318,158.0,-16.888063826890857,-62.340528182013486,28.564400528231772,174.88806382689086,"MATR_b1c11,MATR_b4c21,MATR_b3c33,MATR_b3c6,MATR_b1c42,MATR_b4c5,MATR_b1c38,MATR_b4c1",False,False,0.95
600,MATR_b1c17,858.0,779.3425042230681,51.59885565358588,678.2106054985588,880.4744029475773,258.0,179.3425042230681,78.21060549855883,280.47440294757735,78.65749577693191,"MATR_b1c41,MATR_b3c15,MATR_b4c29,MATR_b1c30,MATR_b3c10,MATR_b4c19,MATR_b4c37,MATR_b3c41",False,False,0.95
600,MATR_b1c25,852.0,699.0404874517496,43.352870234804215,614.0704231650949,784.0105517384044,252.0,99.04048745174964,14.070423165094894,184.0105517384044,152.95951254825036,"MATR_b1c41,MATR_b3c15,MATR_b4c29,MATR_b1c30,MATR_b3c10,MATR_b4c19,MATR_b4c37,MATR_b3c41",False,False,0.95
600,MATR_b1c26,868.0,658.5516760002184,37.51836768166571,585.0170265854222,732.0863254150147,268.0,58.551676000218436,-14.982973414577827,132.0863254150147,209.44832399978156,"MATR_b1c41,MATR_b3c15,MATR_b4c29,MATR_b1c30,MATR_b3c10,MATR_b4c19,MATR_b4c37,MATR_b3c41",False,False,0.95
600,MATR_b1c27,841.0,652.5636764602025,37.78397789563604,578.5084405920984,726.6189123283066,241.0,52.56367646020249,-21.491559407901605,126.61891232830658,188.4363235397975,"MATR_b1c41,MATR_b3c15,MATR_b4c29,MATR_b1c30,MATR_b3c10,MATR_b4c19,MATR_b4c37,MATR_b3c41",False,False,0.95
600,MATR_b1c3,1431.0,957.6926410203245,85.50506532625947,790.1057924851114,1125.2794895555376,831.0,357.69264102032446,190.10579248511135,525.2794895555376,473.30735897967554,"MATR_b1c41,MATR_b3c15,MATR_b4c29,MATR_b1c30,MATR_b3c10,MATR_b4c19,MATR_b4c37,MATR_b3c41",False,False,0.95
600,MATR_b1c32,729.0,604.9877808951699,32.362048141057706,541.5593320727454,668.4162297175943,129.0,4.987780895169863,-58.440667927254594,68.41622971759432,124.01221910483014,"MATR_b1c41,MATR_b3c15,MATR_b4c29,MATR_b1c30,MATR_b3c10,MATR_b4c19,MATR_b4c37,MATR_b3c41",False,False,0.95
600,MATR_b1c33,754.0,560.51024167966,27.3889495525811,506.82888698221666,614.1915963771033,154.0,-39.48975832034,-93.17111301778334,14.191596377103338,193.48975832034,"MATR_b1c41,MATR_b3c15,MATR_b4c29,MATR_b1c30,MATR_b3c10,MATR_b4c19,MATR_b4c37,MATR_b3c41",False,False,0.95
600,MATR_b1c4,1705.0,970.6585784058194,90.65533747140739,792.9773819555365,1148.3397748561024,1105.0,370.6585784058194,192.97738195553654,548.3397748561024,734.3414215941806,"MATR_b1c41,MATR_b3c15,MATR_b4c29,MATR_b1c30,MATR_b3c10,MATR_b4c19,MATR_b4c37,MATR_b3c41",False,False,0.95
600,MATR_b1c40,964.0,716.9672064083846,45.57123361634123,627.6492297892948,806.2851830274744,364.0,116.96720640838464,27.64922978929485,206.28518302747443,247.03279359161536,"MATR_b1c41,MATR_b3c15,MATR_b4c29,MATR_b1c30,MATR_b3c10,MATR_b4c19,MATR_b4c37,MATR_b3c41",False,False,0.95
600,MATR_b1c43,649.0,512.9089650209371,21.298967000306686,471.1637567924289,554.6541732494453,49.0,-87.0910349790629,-128.8362432075711,-45.34582675055469,136.0910349790629,"MATR_b1c41,MATR_b3c15,MATR_b4c29,MATR_b1c30,MATR_b3c10,MATR_b4c19,MATR_b4c37,MATR_b3c41",False,False,0.95
600,MATR_b1c44,614.0,436.760482906605,18.15444665893507,401.17842129583875,472.3425445173712,14.0,-163.23951709339502,-198.82157870416125,-127.65745548262879,177.23951709339502,"MATR_b1c41,MATR_b3c15,MATR_b4c29,MATR_b1c30,MATR_b3c10,MATR_b4c19,MATR_b4c37,MATR_b3c41",False,False,0.95
600,MATR_b3c21,770.0,550.1122960238616,23.0229428003722,504.9881573170064,595.2364347307168,170.0,-49.88770397613837,-95.01184268299357,-4.763565269283163,219.88770397613837,"MATR_b1c41,MATR_b3c15,MATR_b4c29,MATR_b1c30,MATR_b3c10,MATR_b4c19,MATR_b4c37,MATR_b3c41",False,False,0.95
600,MATR_b3c27,847.0,533.761443688958,24.8216150456906,485.11197216128693,582.4109152166291,247.0,-66.23855631104198,-114.88802783871307,-17.589084783370936,313.238556311042,"MATR_b1c41,MATR_b3c15,MATR_b4c29,MATR_b1c30,MATR_b3c10,MATR_b4c19,MATR_b4c37,MATR_b3c41",False,False,0.95
600,MATR_b3c34,1156.0,751.828300533439,45.66471528611556,662.3271032083769,841.3294978585011,556.0,151.828300533439,62.32710320837691,241.3294978585011,404.171699466561,"MATR_b1c41,MATR_b3c15,MATR_b4c29,MATR_b1c30,MATR_b3c10,MATR_b4c19,MATR_b4c37,MATR_b3c41",False,False,0.95
600,MATR_b3c35,1091.0,716.9529839177326,42.0693897461132,634.4984951637721,799.4074726716931,491.0,116.95298391773258,34.49849516377208,199.40747267169309,374.0470160822674,"MATR_b1c41,MATR_b3c15,MATR_b4c29,MATR_b1c30,MATR_b3c10,MATR_b4c19,MATR_b4c37,MATR_b3c41",False,False,0.95
600,MATR_b3c39,1154.0,724.4777453225192,42.52677899335861,641.1267901170419,807.8287005279966,554.0,124.47774532251924,41.12679011704188,207.8287005279966,429.52225467748076,"MATR_b1c41,MATR_b3c15,MATR_b4c29,MATR_b1c30,MATR_b3c10,MATR_b4c19,MATR_b4c37,MATR_b3c41",False,False,0.95
600,MATR_b4c2,742.0,526.1267274902509,24.691137405800994,477.73298743755123,574.5204675429505,142.0,-73.87327250974909,-122.26701256244877,-25.47953245704946,215.87327250974909,"MATR_b1c41,MATR_b3c15,MATR_b4c29,MATR_b1c30,MATR_b3c10,MATR_b4c19,MATR_b4c37,MATR_b3c41",False,False,0.95
600,MATR_b4c20,747.0,598.6131735856547,28.615972710942824,542.5268976896258,654.6994494816837,147.0,-1.3868264143452507,-57.4731023103742,54.6994494816837,148.38682641434525,"MATR_b1c41,MATR_b3c15,MATR_b4c29,MATR_b1c30,MATR_b3c10,MATR_b4c19,MATR_b4c37,MATR_b3c41",False,False,0.95
600,MATR_b4c22,671.0,508.1852635744742,19.987285033725385,469.01090475963605,547.3596223893124,71.0,-91.81473642552578,-130.98909524036395,-52.64037761068755,162.81473642552578,"MATR_b1c41,MATR_b3c15,MATR_b4c29,MATR_b1c30,MATR_b3c10,MATR_b4c19,MATR_b4c37,MATR_b3c41",False,False,0.95
600,MATR_b4c23,1038.0,598.1840874730646,28.818962357693945,541.6999591801689,654.6682157659602,438.0,-1.815912526935449,-58.30004081983111,54.66821576596021,439.81591252693545,"MATR_b1c41,MATR_b3c15,MATR_b4c29,MATR_b1c30,MATR_b3c10,MATR_b4c19,MATR_b4c37,MATR_b3c41",False,False,0.95
600,MATR_b4c24,988.0,643.0660787664913,33.97753016768527,576.4713433542049,709.6608141787776,388.0,43.06607876649127,-23.52865664579508,109.66081417877763,344.9339212335087,"MATR_b1c41,MATR_b3c15,MATR_b4c29,MATR_b1c30,MATR_b3c10,MATR_b4c19,MATR_b4c37,MATR_b3c41",False,False,0.95
600,MATR_b4c38,1055.0,679.6382063669646,37.860556173096214,605.4328798330404,753.8435329008888,455.0,79.6382063669646,5.432879833040374,153.84353290088882,375.3617936330354,"MATR_b1c41,MATR_b3c15,MATR_b4c29,MATR_b1c30,MATR_b3c10,MATR_b4c19,MATR_b4c37,MATR_b3c41",False,False,0.95
600,MATR_b4c39,738.0,544.0711796420954,22.308397399424347,500.34752418641676,587.7948350977741,138.0,-55.928820357904556,-99.65247581358324,-12.205164902225874,193.92882035790456,"MATR_b1c41,MATR_b3c15,MATR_b4c29,MATR_b1c30,MATR_b3c10,MATR_b4c19,MATR_b4c37,MATR_b3c41",False,False,0.95
