horizon,cell_id,true_lifetime_cycles,predicted_lifetime_mean_cycles,predicted_lifetime_std_cycles,lifetime_lower_cycles,lifetime_upper_cycles,true_rul_cycles,predicted_rul_mean_cycles,rul_lower_cycles,rul_upper_cycles,absolute_error_cycles,context_cell_ids,query_label_used_as_input,model_parameter_update,interval_level
60,MATR_b1c14,877.0,1311.0148430883146,105.41782434367418,1104.3997040461436,1517.6299821304856,817.0,1251.0148430883146,1044.3997040461436,1457.6299821304856,434.0148430883146,"MATR_b2c35,MATR_b4c31,MATR_b4c23,MATR_b1c28,MATR_b4c5,MATR_b2c34,MATR_b1c41,MATR_b4c40,MATR_b1c31,MATR_b3c27,MATR_b2c27,MATR_b3c8",False,False,0.95
60,MATR_b1c18,687.0,1023.1988107126467,87.19309845660426,852.3034780372475,1194.094143388046,627.0,963.1988107126467,792.3034780372475,1134.094143388046,336.1988107126467,"MATR_b2c35,MATR_b4c31,MATR_b4c23,MATR_b1c28,MATR_b4c5,MATR_b2c34,MATR_b1c41,MATR_b4c40,MATR_b1c31,MATR_b3c27,MATR_b2c27,MATR_b3c8",False,False,0.95
60,MATR_b1c19,786.0,1438.2744897782477,100.57094670469213,1241.159056345954,1635.3899232105414,726.0,1378.2744897782477,1181.159056345954,1575.3899232105414,652.2744897782477,"MATR_b2c35,MATR_b4c31,MATR_b4c23,MATR_b1c28,MATR_b4c5,MATR_b2c34,MATR_b1c41,MATR_b4c40,MATR_b1c31,MATR_b3c27,MATR_b2c27,MATR_b3c8",False,False,0.95
60,MATR_b1c2,2237.0,1477.7939249312674,101.43642494665441,1278.9821853153244,1676.6056645472104,2177.0,1417.7939249312674,1218.9821853153244,1616.6056645472104,759.2060750687326,"MATR_b2c35,MATR_b4c31,MATR_b4c23,MATR_b1c28,MATR_b4c5,MATR_b2c34,MATR_b1c41,MATR_b4c40,MATR_b1c31,MATR_b3c27,MATR_b2c27,MATR_b3c8",False,False,0.95
60,MATR_b1c30,707.0,1285.8404524426494,83.03720702323942,1123.0905173003036,1448.5903875849951,647.0,1225.8404524426494,1063.0905173003036,1388.5903875849951,578.8404524426494,"MATR_b2c35,MATR_b4c31,MATR_b4c23,MATR_b1c28,MATR_b4c5,MATR_b2c34,MATR_b1c41,MATR_b4c40,MATR_b1c31,MATR_b3c27,MATR_b2c27,MATR_b3c8",False,False,0.95
60,MATR_b1c34,742.0,1273.8032871830455,83.79653531578361,1109.565095934871,1438.0414784312202,682.0,1213.8032871830455,1049.565095934871,1378.0414784312202,531.8032871830455,"MATR_b2c35,MATR_b4c31,MATR_b4c23,MATR_b1c28,MATR_b4c5,MATR_b2c34,MATR_b1c41,MATR_b4c40,MATR_b1c31,MATR_b3c27,MATR_b2c27,MATR_b3c8",False,False,0.95
60,MATR_b1c35,701.0,1353.4723763537447,122.40947568313808,1113.5542126483626,1593.3905400591268,641.0,1293.4723763537447,1053.5542126483626,1533.3905400591268,652.4723763537447,"MATR_b2c35,MATR_b4c31,MATR_b4c23,MATR_b1c28,MATR_b4c5,MATR_b2c34,MATR_b1c41,MATR_b4c40,MATR_b1c31,MATR_b3c27,MATR_b2c27,MATR_b3c8",False,False,0.95
60,MATR_b1c42,700.0,1197.806284304387,73.95080052288057,1052.8653786516352,1342.7471899571387,640.0,1137.806284304387,992.8653786516352,1282.7471899571387,497.80628430438696,"MATR_b2c35,MATR_b4c31,MATR_b4c23,MATR_b1c28,MATR_b4c5,MATR_b2c34,MATR_b1c41,MATR_b4c40,MATR_b1c31,MATR_b3c27,MATR_b2c27,MATR_b3c8",False,False,0.95
60,MATR_b1c5,1071.0,1427.5886215611076,96.07996921080716,1239.2753422722083,1615.901900850007,1011.0,1367.5886215611076,1179.2753422722083,1555.901900850007,356.58862156110763,"MATR_b2c35,MATR_b4c31,MATR_b4c23,MATR_b1c28,MATR_b4c5,MATR_b2c34,MATR_b1c41,MATR_b4c40,MATR_b1c31,MATR_b3c27,MATR_b2c27,MATR_b3c8",False,False,0.95
60,MATR_b1c6,633.0,1460.4528943149758,101.26171648899592,1261.983576983838,1658.9222116461135,573.0,1400.4528943149758,1201.983576983838,1598.9222116461135,827.4528943149758,"MATR_b2c35,MATR_b4c31,MATR_b4c23,MATR_b1c28,MATR_b4c5,MATR_b2c34,MATR_b1c41,MATR_b4c40,MATR_b1c31,MATR_b3c27,MATR_b2c27,MATR_b3c8",False,False,0.95
60,MATR_b2c19,460.0,735.1114212960422,38.91775802526925,658.8340172074699,811.3888253846145,400.0,675.1114212960422,598.8340172074699,751.3888253846145,275.1114212960422,"MATR_b2c35,MATR_b4c31,MATR_b4c23,MATR_b1c28,MATR_b4c5,MATR_b2c34,MATR_b1c41,MATR_b4c40,MATR_b1c31,MATR_b3c27,MATR_b2c27,MATR_b3c8",False,False,0.95
60,MATR_b2c22,512.0,1109.2509736434251,67.46010891230094,977.0315897821658,1241.4703575046844,452.0,1049.2509736434251,917.0315897821658,1181.4703575046844,597.2509736434251,"MATR_b2c35,MATR_b4c31,MATR_b4c23,MATR_b1c28,MATR_b4c5,MATR_b2c34,MATR_b1c41,MATR_b4c40,MATR_b1c31,MATR_b3c27,MATR_b2c27,MATR_b3c8",False,False,0.95
60,MATR_b2c24,494.0,1129.7226985218203,102.00397572664743,929.7985798176935,1329.6468172259472,434.0,1069.7226985218203,869.7985798176935,1269.6468172259472,635.7226985218203,"MATR_b2c35,MATR_b4c31,MATR_b4c23,MATR_b1c28,MATR_b4c5,MATR_b2c34,MATR_b1c41,MATR_b4c40,MATR_b1c31,MATR_b3c27,MATR_b2c27,MATR_b3c8",False,False,0.95
60,MATR_b2c3,334.0,529.7928435403663,24.93699998890668,480.91722167963354,578.6684654010992,274.0,469.79284354036633,420.91722167963354,518.6684654010992,195.79284354036633,"MATR_b2c35,MATR_b4c31,MATR_b4c23,MATR_b1c28,MATR_b4c5,MATR_b2c34,MATR_b1c41,MATR_b4c40,MATR_b1c31,MATR_b3c27,MATR_b2c27,MATR_b3c8",False,False,0.95
60,MATR_b2c33,519.0,1180.924104511021,80.33830151026248,1023.4639269717867,1338.3842820502553,459.0,1120.924104511021,963.4639269717867,1278.3842820502553,661.9241045110209,"MATR_b2c35,MATR_b4c31,MATR_b4c23,MATR_b1c28,MATR_b4c5,MATR_b2c34,MATR_b1c41,MATR_b4c40,MATR_b1c31,MATR_b3c27,MATR_b2c27,MATR_b3c8",False,False,0.95
60,MATR_b2c41,428.0,1072.639902196277,79.58133503292119,916.6633516901359,1228.6164527024182,368.0,1012.639902196277,856.6633516901359,1168.6164527024182,644.639902196277,"MATR_b2c35,MATR_b4c31,MATR_b4c23,MATR_b1c28,MATR_b4c5,MATR_b2c34,MATR_b1c41,MATR_b4c40,MATR_b1c31,MATR_b3c27,MATR_b2c27,MATR_b3c8",False,False,0.95
60,MATR_b3c1,1061.0,1296.9682718010242,174.0152319627734,955.9046843926051,1638.0318592094434,1001.0,1236.9682718010242,895.9046843926051,1578.0318592094434,235.96827180102423,"MATR_b2c35,MATR_b4c31,MATR_b4c23,MATR_b1c28,MATR_b4c5,MATR_b2c34,MATR_b1c41,MATR_b4c40,MATR_b1c31,MATR_b3c27,MATR_b2c27,MATR_b3c8",False,False,0.95
60,MATR_b3c14,856.0,1397.061774269082,103.26513799688557,1194.6658229366276,1599.4577256015364,796.0,1337.061774269082,1134.6658229366276,1539.4577256015364,541.061774269082,"MATR_b2c35,MATR_b4c31,MATR_b4c23,MATR_b1c28,MATR_b4c5,MATR_b2c34,MATR_b1c41,MATR_b4c40,MATR_b1c31,MATR_b3c27,MATR_b2c27,MATR_b3c8",False,False,0.95
60,MATR_b3c17,1313.0,1134.0435970922294,165.48471301553909,809.6995195898262,1458.3876745946327,1253.0,1074.0435970922294,749.6995195898262,1398.3876745946327,178.95640290777055,"MATR_b2c35,MATR_b4c31,MATR_b4c23,MATR_b1c28,MATR_b4c5,MATR_b2c34,MATR_b1c41,MATR_b4c40,MATR_b1c31,MATR_b3c27,MATR_b2c27,MATR_b3c8",False,False,0.95
60,MATR_b3c24,823.0,860.1941636237344,63.104394739299316,736.5118226685089,983.87650457896,763.0,800.1941636237344,676.5118226685089,923.87650457896,37.194163623734426,"MATR_b2c35,MATR_b4c31,MATR_b4c23,MATR_b1c28,MATR_b4c5,MATR_b2c34,MATR_b1c41,MATR_b4c40,MATR_b1c31,MATR_b3c27,MATR_b2c27,MATR_b3c8",False,False,0.95
60,MATR_b3c31,729.0,1379.1452511515572,182.2030524650289,1022.0338304468387,1736.2566718562757,669.0,1319.1452511515572,962.0338304468387,1676.2566718562757,650.1452511515572,"MATR_b2c35,MATR_b4c31,MATR_b4c23,MATR_b1c28,MATR_b4c5,MATR_b2c34,MATR_b1c41,MATR_b4c40,MATR_b1c31,MATR_b3c27,MATR_b2c27,MATR_b3c8",False,False,0.95
60,MATR_b3c33,1282.0,1281.4520304224554,130.34857163854767,1025.9735245746629,1536.930536270248,1222.0,1221.4520304224554,965.9735245746629,1476.930536270248,0.5479695775445634,"MATR_b2c35,MATR_b4c31,MATR_b4c23,MATR_b1c28,MATR_b4c5,MATR_b2c34,MATR_b1c41,MATR_b4c40,MATR_b1c31,MATR_b3c27,MATR_b2c27,MATR_b3c8",False,False,0.95
60,MATR_b3c36,921.0,1045.785310569494,134.86775918015496,781.449359900769,1310.121261238219,861.0,985.785310569494,721.449359900769,1250.121261238219,124.78531056949396,"MATR_b2c35,MATR_b4c31,MATR_b4c23,MATR_b1c28,MATR_b4c5,MATR_b2c34,MATR_b1c41,MATR_b4c40,MATR_b1c31,MATR_b3c27,MATR_b2c27,MATR_b3c8",False,False,0.95
60,MATR_b3c6,665.0,1056.1854461951943,85.47041303070101,888.6665149112575,1223.7043774791312,605.0,996.1854461951943,828.6665149112575,1163.7043774791312,391.18544619519434,"MATR_b2c35,MATR_b4c31,MATR_b4c23,MATR_b1c28,MATR_b4c5,MATR_b2c34,MATR_b1c41,MATR_b4c40,MATR_b1c31,MATR_b3c27,MATR_b2c27,MATR_b3c8",False,False,0.95
60,MATR_b4c1,760.0,1015.0802826691729,59.51759726398834,898.4279355853961,1131.7326297529496,700.0,955.0802826691729,838.4279355853961,1071.7326297529496,255.0802826691729,"MATR_b2c35,MATR_b4c31,MATR_b4c23,MATR_b1c28,MATR_b4c5,MATR_b2c34,MATR_b1c41,MATR_b4c40,MATR_b1c31,MATR_b3c27,MATR_b2c27,MATR_b3c8",False,False,0.95
60,MATR_b4c11,863.0,1216.8924987535545,108.49191031788662,1004.2522619165472,1429.5327355905617,803.0,1156.8924987535545,944.2522619165472,1369.5327355905617,353.8924987535545,"MATR_b2c35,MATR_b4c31,MATR_b4c23,MATR_b1c28,MATR_b4c5,MATR_b2c34,MATR_b1c41,MATR_b4c40,MATR_b1c31,MATR_b3c27,MATR_b2c27,MATR_b3c8",False,False,0.95
60,MATR_b4c15,675.0,1317.6299581348624,114.50590105199522,1093.2025160556448,1542.05740021408,615.0,1257.6299581348624,1033.2025160556448,1482.05740021408,642.6299581348624,"MATR_b2c35,MATR_b4c31,MATR_b4c23,MATR_b1c28,MATR_b4c5,MATR_b2c34,MATR_b1c41,MATR_b4c40,MATR_b1c31,MATR_b3c27,MATR_b2c27,MATR_b3c8",False,False,0.95
60,MATR_b4c21,773.0,1057.3805999648416,98.77745387081342,863.7803478934808,1250.9808520362024,713.0,997.3805999648416,803.7803478934808,1190.9808520362024,284.3805999648416,"MATR_b2c35,MATR_b4c31,MATR_b4c23,MATR_b1c28,MATR_b4c5,MATR_b2c34,MATR_b1c41,MATR_b4c40,MATR_b1c31,MATR_b3c27,MATR_b2c27,MATR_b3c8",False,False,0.95
60,MATR_b4c3,777.0,933.4746555860511,75.34931505015761,785.7927118279804,1081.1565993441218,717.0,873.4746555860511,725.7927118279804,1021.1565993441218,156.47465558605109,"MATR_b2c35,MATR_b4c31,MATR_b4c23,MATR_b1c28,MATR_b4c5,MATR_b2c34,MATR_b1c41,MATR_b4c40,MATR_b1c31,MATR_b3c27,MATR_b2c27,MATR_b3c8",False,False,0.95
60,MATR_b4c32,754.0,1047.2565991158117,91.1648718099883,868.5767337130238,1225.9364645185997,694.0,987.2565991158117,808.5767337130238,1165.9364645185997,293.2565991158117,"MATR_b2c35,MATR_b4c31,MATR_b4c23,MATR_b1c28,MATR_b4c5,MATR_b2c34,MATR_b1c41,MATR_b4c40,MATR_b1c31,MATR_b3c27,MATR_b2c27,MATR_b3c8",False,False,0.95
60,MATR_b4c34,891.0,968.1921158178109,75.81289420830015,819.6015736057974,1116.7826580298245,831.0,908.1921158178109,759.6015736057974,1056.7826580298245,77.19211581781087,"MATR_b2c35,MATR_b4c31,MATR_b4c23,MATR_b1c28,MATR_b4c5,MATR_b2c34,MATR_b1c41,MATR_b4c40,MATR_b1c31,MATR_b3c27,MATR_b2c27,MATR_b3c8",False,False,0.95
60,MATR_b4c42,774.0,985.3555868608803,70.51683883813986,847.1451224345109,1123.5660512872496,714.0,925.3555868608803,787.1451224345109,1063.5660512872496,211.3555868608803,"MATR_b2c35,MATR_b4c31,MATR_b4c23,MATR_b1c28,MATR_b4c5,MATR_b2c34,MATR_b1c41,MATR_b4c40,MATR_b1c31,MATR_b3c27,MATR_b2c27,MATR_b3c8",False,False,0.95
60,MATR_b4c6,706.0,851.0864772624936,34.32120927373902,783.8181431801031,918.3548113448842,646.0,791.0864772624936,723.8181431801031,858.3548113448842,145.08647726249364,"MATR_b2c35,MATR_b4c31,MATR_b4c23,MATR_b1c28,MATR_b4c5,MATR_b2c34,MATR_b1c41,MATR_b4c40,MATR_b1c31,MATR_b3c27,MATR_b2c27,MATR_b3c8",False,False,0.95
60,MATR_b4c7,529.0,886.9968141352986,95.68408758046255,699.4594485840157,1074.5341796865814,469.0,826.9968141352986,639.4594485840157,1014.5341796865814,357.99681413529856,"MATR_b2c35,MATR_b4c31,MATR_b4c23,MATR_b1c28,MATR_b4c5,MATR_b2c34,MATR_b1c41,MATR_b4c40,MATR_b1c31,MATR_b3c27,MATR_b2c27,MATR_b3c8",False,False,0.95
80,MATR_b1c14,877.0,1437.0433347935955,168.86233458662488,1106.0792406584585,1768.0074289287325,797.0,1357.0433347935955,1026.0792406584585,1688.0074289287325,560.0433347935955,"MATR_b4c14,MATR_b4c37,MATR_b4c4,MATR_b1c17,MATR_b2c39,MATR_b3c5,MATR_b3c41,MATR_b2c45,MATR_b2c0,MATR_b2c38,MATR_b1c15,MATR_b1c28",False,False,0.95
80,MATR_b1c18,687.0,684.4800149410439,85.97337616307362,515.9752940321052,852.9847358499826,607.0,604.4800149410439,435.97529403210524,772.9847358499826,2.519985058956081,"MATR_b4c14,MATR_b4c37,MATR_b4c4,MATR_b1c17,MATR_b2c39,MATR_b3c5,MATR_b3c41,MATR_b2c45,MATR_b2c0,MATR_b2c38,MATR_b1c15,MATR_b1c28",False,False,0.95
80,MATR_b1c19,786.0,1100.730560630565,83.37690379869747,937.3148320426571,1264.1462892184727,706.0,1020.7305606305649,857.3148320426571,1184.1462892184727,314.7305606305649,"MATR_b4c14,MATR_b4c37,MATR_b4c4,MATR_b1c17,MATR_b2c39,MATR_b3c5,MATR_b3c41,MATR_b2c45,MATR_b2c0,MATR_b2c38,MATR_b1c15,MATR_b1c28",False,False,0.95
80,MATR_b1c2,2237.0,1965.6903700413836,157.37750474771892,1657.2361287590734,2274.144611323694,2157.0,1885.6903700413836,1577.2361287590734,2194.144611323694,271.30962995861637,"MATR_b4c14,MATR_b4c37,MATR_b4c4,MATR_b1c17,MATR_b2c39,MATR_b3c5,MATR_b3c41,MATR_b2c45,MATR_b2c0,MATR_b2c38,MATR_b1c15,MATR_b1c28",False,False,0.95
80,MATR_b1c30,707.0,1553.9420839829118,137.23881463217762,1284.9589500228751,1822.9252179429484,627.0,1473.9420839829118,1204.9589500228751,1742.9252179429484,846.9420839829118,"MATR_b4c14,MATR_b4c37,MATR_b4c4,MATR_b1c17,MATR_b2c39,MATR_b3c5,MATR_b3c41,MATR_b2c45,MATR_b2c0,MATR_b2c38,MATR_b1c15,MATR_b1c28",False,False,0.95
80,MATR_b1c34,742.0,1214.4180315522094,117.12420374015917,984.858810503566,1443.9772526008528,662.0,1134.4180315522094,904.858810503566,1363.9772526008528,472.4180315522094,"MATR_b4c14,MATR_b4c37,MATR_b4c4,MATR_b1c17,MATR_b2c39,MATR_b3c5,MATR_b3c41,MATR_b2c45,MATR_b2c0,MATR_b2c38,MATR_b1c15,MATR_b1c28",False,False,0.95
80,MATR_b1c35,701.0,995.5789533216339,90.75656947817822,817.6993457839975,1173.4585608592702,621.0,915.5789533216339,737.6993457839975,1093.4585608592702,294.5789533216339,"MATR_b4c14,MATR_b4c37,MATR_b4c4,MATR_b1c17,MATR_b2c39,MATR_b3c5,MATR_b3c41,MATR_b2c45,MATR_b2c0,MATR_b2c38,MATR_b1c15,MATR_b1c28",False,False,0.95
80,MATR_b1c42,700.0,1089.9819114132902,88.26489207760572,916.9859018418682,1262.977920984712,620.0,1009.9819114132902,836.9859018418682,1182.977920984712,389.98191141329016,"MATR_b4c14,MATR_b4c37,MATR_b4c4,MATR_b1c17,MATR_b2c39,MATR_b3c5,MATR_b3c41,MATR_b2c45,MATR_b2c0,MATR_b2c38,MATR_b1c15,MATR_b1c28",False,False,0.95
80,MATR_b1c5,1071.0,1911.1782448958088,157.30530471563975,1602.8655130760562,2219.4909767155614,991.0,1831.1782448958088,1522.8655130760562,2139.4909767155614,840.1782448958088,"MATR_b4c14,MATR_b4c37,MATR_b4c4,MATR_b1c17,MATR_b2c39,MATR_b3c5,MATR_b3c41,MATR_b2c45,MATR_b2c0,MATR_b2c38,MATR_b1c15,MATR_b1c28",False,False,0.95
80,MATR_b1c6,633.0,1919.690189248579,159.55230370696498,1606.973420332531,2232.4069581646268,553.0,1839.690189248579,1526.973420332531,2152.4069581646268,1286.690189248579,"MATR_b4c14,MATR_b4c37,MATR_b4c4,MATR_b1c17,MATR_b2c39,MATR_b3c5,MATR_b3c41,MATR_b2c45,MATR_b2c0,MATR_b2c38,MATR_b1c15,MATR_b1c28",False,False,0.95
80,MATR_b2c19,460.0,551.6964871052827,33.7988176236764,485.4520218428393,617.9409523677261,380.0,471.6964871052827,405.4520218428393,537.9409523677261,91.6964871052827,"MATR_b4c14,MATR_b4c37,MATR_b4c4,MATR_b1c17,MATR_b2c39,MATR_b3c5,MATR_b3c41,MATR_b2c45,MATR_b2c0,MATR_b2c38,MATR_b1c15,MATR_b1c28",False,False,0.95
80,MATR_b2c22,512.0,816.9891064369635,61.96152083127505,695.5467571803362,938.4314556935909,432.0,736.9891064369635,615.5467571803362,858.4314556935909,304.98910643696354,"MATR_b4c14,MATR_b4c37,MATR_b4c4,MATR_b1c17,MATR_b2c39,MATR_b3c5,MATR_b3c41,MATR_b2c45,MATR_b2c0,MATR_b2c38,MATR_b1c15,MATR_b1c28",False,False,0.95
80,MATR_b2c24,494.0,837.4132939033863,93.6713129079845,653.8208942191548,1021.0056935876178,414.0,757.4132939033863,573.8208942191548,941.0056935876178,343.41329390338626,"MATR_b4c14,MATR_b4c37,MATR_b4c4,MATR_b1c17,MATR_b2c39,MATR_b3c5,MATR_b3c41,MATR_b2c45,MATR_b2c0,MATR_b2c38,MATR_b1c15,MATR_b1c28",False,False,0.95
80,MATR_b2c3,334.0,315.2135201543492,35.348031957256545,245.93265059375554,384.49438971494294,254.0,235.21352015434923,165.93265059375554,304.49438971494294,18.786479845650774,"MATR_b4c14,MATR_b4c37,MATR_b4c4,MATR_b1c17,MATR_b2c39,MATR_b3c5,MATR_b3c41,MATR_b2c45,MATR_b2c0,MATR_b2c38,MATR_b1c15,MATR_b1c28",False,False,0.95
80,MATR_b2c33,519.0,937.5755571865643,76.0346084342698,788.55046307679,1086.6006512963386,439.0,857.5755571865643,708.55046307679,1006.6006512963386,418.5755571865643,"MATR_b4c14,MATR_b4c37,MATR_b4c4,MATR_b1c17,MATR_b2c39,MATR_b3c5,MATR_b3c41,MATR_b2c45,MATR_b2c0,MATR_b2c38,MATR_b1c15,MATR_b1c28",False,False,0.95
80,MATR_b2c41,428.0,778.4323485720901,87.19699404024571,607.5293806930548,949.3353164511253,348.0,698.4323485720901,527.5293806930548,869.3353164511253,350.43234857209006,"MATR_b4c14,MATR_b4c37,MATR_b4c4,MATR_b1c17,MATR_b2c39,MATR_b3c5,MATR_b3c41,MATR_b2c45,MATR_b2c0,MATR_b2c38,MATR_b1c15,MATR_b1c28",False,False,0.95
80,MATR_b3c1,1061.0,1695.2178524223,231.3049270639397,1241.8685259303143,2148.5671789142857,981.0,1615.2178524223,1161.8685259303143,2068.5671789142857,634.2178524223,"MATR_b4c14,MATR_b4c37,MATR_b4c4,MATR_b1c17,MATR_b2c39,MATR_b3c5,MATR_b3c41,MATR_b2c45,MATR_b2c0,MATR_b2c38,MATR_b1c15,MATR_b1c28",False,False,0.95
80,MATR_b3c14,856.0,1543.0918861215346,160.17465612736316,1229.155328875815,1857.028443367254,776.0,1463.0918861215346,1149.155328875815,1777.028443367254,687.0918861215346,"MATR_b4c14,MATR_b4c37,MATR_b4c4,MATR_b1c17,MATR_b2c39,MATR_b3c5,MATR_b3c41,MATR_b2c45,MATR_b2c0,MATR_b2c38,MATR_b1c15,MATR_b1c28",False,False,0.95
80,MATR_b3c17,1313.0,1587.6621807062397,230.56762669725202,1135.75793637875,2039.5664250337295,1233.0,1507.6621807062397,1055.75793637875,1959.5664250337295,274.6621807062397,"MATR_b4c14,MATR_b4c37,MATR_b4c4,MATR_b1c17,MATR_b2c39,MATR_b3c5,MATR_b3c41,MATR_b2c45,MATR_b2c0,MATR_b2c38,MATR_b1c15,MATR_b1c28",False,False,0.95
80,MATR_b3c24,823.0,933.8487821695865,64.37911157049275,807.6680421347348,1060.029522204438,743.0,853.8487821695865,727.6680421347348,980.0295222044381,110.84878216958646,"MATR_b4c14,MATR_b4c37,MATR_b4c4,MATR_b1c17,MATR_b2c39,MATR_b3c5,MATR_b3c41,MATR_b2c45,MATR_b2c0,MATR_b2c38,MATR_b1c15,MATR_b1c28",False,False,0.95
80,MATR_b3c31,729.0,1201.8012335575509,214.18289599757773,782.0104712978105,1621.5919958172913,649.0,1121.8012335575509,702.0104712978105,1541.5919958172913,472.80123355755086,"MATR_b4c14,MATR_b4c37,MATR_b4c4,MATR_b1c17,MATR_b2c39,MATR_b3c5,MATR_b3c41,MATR_b2c45,MATR_b2c0,MATR_b2c38,MATR_b1c15,MATR_b1c28",False,False,0.95
80,MATR_b3c33,1282.0,1705.2569408394934,172.31071651757455,1367.5341423147563,2042.9797393642305,1202.0,1625.2569408394934,1287.5341423147563,1962.9797393642305,423.2569408394934,"MATR_b4c14,MATR_b4c37,MATR_b4c4,MATR_b1c17,MATR_b2c39,MATR_b3c5,MATR_b3c41,MATR_b2c45,MATR_b2c0,MATR_b2c38,MATR_b1c15,MATR_b1c28",False,False,0.95
80,MATR_b3c36,921.0,1034.1736860697947,105.93564526969374,826.5436366621841,1241.8037354774053,841.0,954.1736860697947,746.5436366621841,1161.8037354774053,113.17368606979471,"MATR_b4c14,MATR_b4c37,MATR_b4c4,MATR_b1c17,MATR_b2c39,MATR_b3c5,MATR_b3c41,MATR_b2c45,MATR_b2c0,MATR_b2c38,MATR_b1c15,MATR_b1c28",False,False,0.95
80,MATR_b3c6,665.0,1082.9041064179096,77.07406588816062,931.8417131350477,1233.9664997007715,585.0,1002.9041064179096,851.8417131350477,1153.9664997007715,417.9041064179096,"MATR_b4c14,MATR_b4c37,MATR_b4c4,MATR_b1c17,MATR_b2c39,MATR_b3c5,MATR_b3c41,MATR_b2c45,MATR_b2c0,MATR_b2c38,MATR_b1c15,MATR_b1c28",False,False,0.95
80,MATR_b4c1,760.0,888.7989073639799,60.60885939357468,770.0077258085214,1007.5900889194384,680.0,808.7989073639799,690.0077258085214,927.5900889194384,128.79890736397988,"MATR_b4c14,MATR_b4c37,MATR_b4c4,MATR_b1c17,MATR_b2c39,MATR_b3c5,MATR_b3c41,MATR_b2c45,MATR_b2c0,MATR_b2c38,MATR_b1c15,MATR_b1c28",False,False,0.95
80,MATR_b4c11,863.0,1216.1264425810498,124.63647922702836,971.8434321361997,1460.4094530259,783.0,1136.1264425810498,891.8434321361997,1380.4094530259,353.1264425810498,"MATR_b4c14,MATR_b4c37,MATR_b4c4,MATR_b1c17,MATR_b2c39,MATR_b3c5,MATR_b3c41,MATR_b2c45,MATR_b2c0,MATR_b2c38,MATR_b1c15,MATR_b1c28",False,False,0.95
80,MATR_b4c15,675.0,1048.8065144662548,78.69747509375225,894.5622976082625,1203.0507313242472,595.0,968.8065144662548,814.5622976082625,1123.0507313242472,373.80651446625484,"MATR_b4c14,MATR_b4c37,MATR_b4c4,MATR_b1c17,MATR_b2c39,MATR_b3c5,MATR_b3c41,MATR_b2c45,MATR_b2c0,MATR_b2c38,MATR_b1c15,MATR_b1c28",False,False,0.95
80,MATR_b4c21,773.0,1039.668642036604,73.67332017021769,895.271587881489,1184.065696191719,693.0,959.6686420366041,815.271587881489,1104.065696191719,266.66864203660407,"MATR_b4c14,MATR_b4c37,MATR_b4c4,MATR_b1c17,MATR_b2c39,MATR_b3c5,MATR_b3c41,MATR_b2c45,MATR_b2c0,MATR_b2c38,MATR_b1c15,MATR_b1c28",False,False,0.95
80,MATR_b4c3,777.0,966.2720259252077,68.02886412395121,832.9379023330944,1099.606149517321,697.0,886.2720259252077,752.9379023330944,1019.606149517321,189.27202592520769,"MATR_b4c14,MATR_b4c37,MATR_b4c4,MATR_b1c17,MATR_b2c39,MATR_b3c5,MATR_b3c41,MATR_b2c45,MATR_b2c0,MATR_b2c38,MATR_b1c15,MATR_b1c28",False,False,0.95
80,MATR_b4c32,754.0,1002.0732864560522,70.80209624365214,863.3037277885553,1140.842845123549,674.0,922.0732864560522,783.3037277885553,1060.842845123549,248.0732864560522,"MATR_b4c14,MATR_b4c37,MATR_b4c4,MATR_b1c17,MATR_b2c39,MATR_b3c5,MATR_b3c41,MATR_b2c45,MATR_b2c0,MATR_b2c38,MATR_b1c15,MATR_b1c28",False,False,0.95
80,MATR_b4c34,891.0,1023.4654229515273,69.82100197221551,886.6187737214849,1160.3120721815699,811.0,943.4654229515273,806.6187737214849,1080.3120721815699,132.46542295152733,"MATR_b4c14,MATR_b4c37,MATR_b4c4,MATR_b1c17,MATR_b2c39,MATR_b3c5,MATR_b3c41,MATR_b2c45,MATR_b2c0,MATR_b2c38,MATR_b1c15,MATR_b1c28",False,False,0.95
80,MATR_b4c42,774.0,1003.3235429740188,62.870899666182126,880.0988439526706,1126.548241995367,694.0,923.3235429740188,800.0988439526706,1046.548241995367,229.32354297401878,"MATR_b4c14,MATR_b4c37,MATR_b4c4,MATR_b1c17,MATR_b2c39,MATR_b3c5,MATR_b3c41,MATR_b2c45,MATR_b2c0,MATR_b2c38,MATR_b1c15,MATR_b1c28",False,False,0.95
80,MATR_b4c6,706.0,852.3101233685327,38.38816801413006,777.0706966283653,927.5495501087,626.0,772.3101233685327,697.0706966283653,847.5495501087,146.3101233685327,"MATR_b4c14,MATR_b4c37,MATR_b4c4,MATR_b1c17,MATR_b2c39,MATR_b3c5,MATR_b3c41,MATR_b2c45,MATR_b2c0,MATR_b2c38,MATR_b1c15,MATR_b1c28",False,False,0.95
80,MATR_b4c7,529.0,773.5119935447987,65.80172414053726,644.5429841087058,902.4810029808915,449.0,693.5119935447987,564.5429841087058,822.4810029808915,244.51199354479866,"MATR_b4c14,MATR_b4c37,MATR_b4c4,MATR_b1c17,MATR_b2c39,MATR_b3c5,MATR_b3c41,MATR_b2c45,MATR_b2c0,MATR_b2c38,MATR_b1c15,MATR_b1c28",False,False,0.95
100,MATR_b1c14,877.0,861.892073514063,63.029592946648044,738.356341378413,985.4278056497129,777.0,761.892073514063,638.356341378413,885.4278056497129,15.107926485937014,"MATR_b2c27,MATR_b1c24,MATR_b2c26,MATR_b2c4,MATR_b3c22,MATR_b2c0,MATR_b3c28,MATR_b4c14,MATR_b3c27,MATR_b3c12,MATR_b4c19,MATR_b2c47",False,False,0.95
100,MATR_b1c18,687.0,559.8837053917096,43.05191087866397,475.50351060390005,644.263900179519,587.0,459.88370539170955,375.50351060390005,544.263900179519,127.11629460829045,"MATR_b2c27,MATR_b1c24,MATR_b2c26,MATR_b2c4,MATR_b3c22,MATR_b2c0,MATR_b3c28,MATR_b4c14,MATR_b3c27,MATR_b3c12,MATR_b4c19,MATR_b2c47",False,False,0.95
100,MATR_b1c19,786.0,834.4835750596541,55.79387096464297,725.1295974108789,943.8375527084293,686.0,734.4835750596541,625.1295974108789,843.8375527084293,48.48357505965407,"MATR_b2c27,MATR_b1c24,MATR_b2c26,MATR_b2c4,MATR_b3c22,MATR_b2c0,MATR_b3c28,MATR_b4c14,MATR_b3c27,MATR_b3c12,MATR_b4c19,MATR_b2c47",False,False,0.95
100,MATR_b1c2,2237.0,2020.7159594578425,120.90644848072704,1783.74367493697,2257.688243978715,2137.0,1920.7159594578425,1683.74367493697,2157.688243978715,216.28404054215753,"MATR_b2c27,MATR_b1c24,MATR_b2c26,MATR_b2c4,MATR_b3c22,MATR_b2c0,MATR_b3c28,MATR_b4c14,MATR_b3c27,MATR_b3c12,MATR_b4c19,MATR_b2c47",False,False,0.95
100,MATR_b1c30,707.0,987.3922619740571,42.61846133119749,903.861612688397,1070.922911259717,607.0,887.3922619740571,803.861612688397,970.922911259717,280.3922619740571,"MATR_b2c27,MATR_b1c24,MATR_b2c26,MATR_b2c4,MATR_b3c22,MATR_b2c0,MATR_b3c28,MATR_b4c14,MATR_b3c27,MATR_b3c12,MATR_b4c19,MATR_b2c47",False,False,0.95
100,MATR_b1c34,742.0,663.5241649941654,56.04619939683829,553.6756327060119,773.3726972823189,642.0,563.5241649941654,453.6756327060119,673.3726972823189,78.4758350058346,"MATR_b2c27,MATR_b1c24,MATR_b2c26,MATR_b2c4,MATR_b3c22,MATR_b2c0,MATR_b3c28,MATR_b4c14,MATR_b3c27,MATR_b3c12,MATR_b4c19,MATR_b2c47",False,False,0.95
100,MATR_b1c35,701.0,670.8878719541875,70.57789317257824,532.5577432312189,809.2180006771562,601.0,570.8878719541875,432.55774323121886,709.2180006771562,30.112128045812483,"MATR_b2c27,MATR_b1c24,MATR_b2c26,MATR_b2c4,MATR_b3c22,MATR_b2c0,MATR_b3c28,MATR_b4c14,MATR_b3c27,MATR_b3c12,MATR_b4c19,MATR_b2c47",False,False,0.95
100,MATR_b1c42,700.0,710.6901038964822,50.028317783899396,612.6364028329148,808.7438049600497,600.0,610.6901038964822,512.6364028329148,708.7438049600497,10.690103896482242,"MATR_b2c27,MATR_b1c24,MATR_b2c26,MATR_b2c4,MATR_b3c22,MATR_b2c0,MATR_b3c28,MATR_b4c14,MATR_b3c27,MATR_b3c12,MATR_b4c19,MATR_b2c47",False,False,0.95
100,MATR_b1c5,1071.0,972.2418290728907,44.75422917705057,884.52515173002,1059.9585064157613,971.0,872.2418290728907,784.52515173002,959.9585064157613,98.75817092710929,"MATR_b2c27,MATR_b1c24,MATR_b2c26,MATR_b2c4,MATR_b3c22,MATR_b2c0,MATR_b3c28,MATR_b4c14,MATR_b3c27,MATR_b3c12,MATR_b4c19,MATR_b2c47",False,False,0.95
100,MATR_b1c6,633.0,945.9651576298995,46.54481914244284,854.7389884437811,1037.1913268160179,533.0,845.9651576298995,754.7389884437811,937.1913268160179,312.9651576298995,"MATR_b2c27,MATR_b1c24,MATR_b2c26,MATR_b2c4,MATR_b3c22,MATR_b2c0,MATR_b3c28,MATR_b4c14,MATR_b3c27,MATR_b3c12,MATR_b4c19,MATR_b2c47",False,False,0.95
100,MATR_b2c19,460.0,435.64208214619265,14.251092957074436,407.71045320999434,463.57371108239096,360.0,335.64208214619265,307.71045320999434,363.57371108239096,24.35791785380735,"MATR_b2c27,MATR_b1c24,MATR_b2c26,MATR_b2c4,MATR_b3c22,MATR_b2c0,MATR_b3c28,MATR_b4c14,MATR_b3c27,MATR_b3c12,MATR_b4c19,MATR_b2c47",False,False,0.95
100,MATR_b2c22,512.0,524.602175940216,29.847493732004352,466.1021631967024,583.1021886837294,412.0,424.60217594021594,366.1021631967024,483.1021886837294,12.602175940215943,"MATR_b2c27,MATR_b1c24,MATR_b2c26,MATR_b2c4,MATR_b3c22,MATR_b2c0,MATR_b3c28,MATR_b4c14,MATR_b3c27,MATR_b3c12,MATR_b4c19,MATR_b2c47",False,False,0.95
100,MATR_b2c24,494.0,563.8400940125966,56.05193456164374,453.980321007979,673.6998670172143,394.0,463.84009401259664,353.980321007979,573.6998670172143,69.84009401259664,"MATR_b2c27,MATR_b1c24,MATR_b2c26,MATR_b2c4,MATR_b3c22,MATR_b2c0,MATR_b3c28,MATR_b4c14,MATR_b3c27,MATR_b3c12,MATR_b4c19,MATR_b2c47",False,False,0.95
100,MATR_b2c3,334.0,294.894268796065,40.33411554887498,215.84085497199305,373.9476826201369,234.0,194.89426879606498,115.84085497199305,273.9476826201369,39.10573120393502,"MATR_b2c27,MATR_b1c24,MATR_b2c26,MATR_b2c4,MATR_b3c22,MATR_b2c0,MATR_b3c28,MATR_b4c14,MATR_b3c27,MATR_b3c12,MATR_b4c19,MATR_b2c47",False,False,0.95
100,MATR_b2c33,519.0,584.7610907183931,42.00269094161375,502.43732921906343,667.0848522177229,419.0,484.7610907183931,402.43732921906343,567.0848522177229,65.76109071839312,"MATR_b2c27,MATR_b1c24,MATR_b2c26,MATR_b2c4,MATR_b3c22,MATR_b2c0,MATR_b3c28,MATR_b4c14,MATR_b3c27,MATR_b3c12,MATR_b4c19,MATR_b2c47",False,False,0.95
100,MATR_b2c41,428.0,529.5503575731201,40.19414271201932,450.77128546809917,608.3294296781411,328.0,429.5503575731201,350.77128546809917,508.3294296781411,101.5503575731201,"MATR_b2c27,MATR_b1c24,MATR_b2c26,MATR_b2c4,MATR_b3c22,MATR_b2c0,MATR_b3c28,MATR_b4c14,MATR_b3c27,MATR_b3c12,MATR_b4c19,MATR_b2c47",False,False,0.95
100,MATR_b3c1,1061.0,1041.1793380812078,81.36570053314725,881.7054954593677,1200.6531807030478,961.0,941.1793380812078,781.7054954593677,1100.6531807030478,19.82066191879221,"MATR_b2c27,MATR_b1c24,MATR_b2c26,MATR_b2c4,MATR_b3c22,MATR_b2c0,MATR_b3c28,MATR_b4c14,MATR_b3c27,MATR_b3c12,MATR_b4c19,MATR_b2c47",False,False,0.95
100,MATR_b3c14,856.0,1020.8312744593726,50.663707236025175,921.532232953482,1120.1303159652632,756.0,920.8312744593726,821.532232953482,1020.1303159652632,164.8312744593726,"MATR_b2c27,MATR_b1c24,MATR_b2c26,MATR_b2c4,MATR_b3c22,MATR_b2c0,MATR_b3c28,MATR_b4c14,MATR_b3c27,MATR_b3c12,MATR_b4c19,MATR_b2c47",False,False,0.95
100,MATR_b3c17,1313.0,1450.7695648985448,228.840189412076,1002.2510354355518,1899.2880943615378,1213.0,1350.7695648985448,902.2510354355518,1799.2880943615378,137.7695648985448,"MATR_b2c27,MATR_b1c24,MATR_b2c26,MATR_b2c4,MATR_b3c22,MATR_b2c0,MATR_b3c28,MATR_b4c14,MATR_b3c27,MATR_b3c12,MATR_b4c19,MATR_b2c47",False,False,0.95
100,MATR_b3c24,823.0,957.8643590070135,57.27686978594095,845.6037570793789,1070.1249609346482,723.0,857.8643590070135,745.6037570793789,970.1249609346482,134.8643590070135,"MATR_b2c27,MATR_b1c24,MATR_b2c26,MATR_b2c4,MATR_b3c22,MATR_b2c0,MATR_b3c28,MATR_b4c14,MATR_b3c27,MATR_b3c12,MATR_b4c19,MATR_b2c47",False,False,0.95
100,MATR_b3c31,729.0,778.899251679318,70.85063107559067,640.034566489226,917.76393686941,629.0,678.899251679318,540.034566489226,817.76393686941,49.89925167931801,"MATR_b2c27,MATR_b1c24,MATR_b2c26,MATR_b2c4,MATR_b3c22,MATR_b2c0,MATR_b3c28,MATR_b4c14,MATR_b3c27,MATR_b3c12,MATR_b4c19,MATR_b2c47",False,False,0.95
100,MATR_b3c33,1282.0,1154.0094983130657,125.5701490019605,907.896528735895,1400.1224678902365,1182.0,1054.0094983130657,807.896528735895,1300.1224678902365,127.9905016869343,"MATR_b2c27,MATR_b1c24,MATR_b2c26,MATR_b2c4,MATR_b3c22,MATR_b2c0,MATR_b3c28,MATR_b4c14,MATR_b3c27,MATR_b3c12,MATR_b4c19,MATR_b2c47",False,False,0.95
100,MATR_b3c36,921.0,919.4731563896845,89.49771256540905,744.060863062765,1094.885449716604,821.0,819.4731563896845,644.060863062765,994.885449716604,1.5268436103154954,"MATR_b2c27,MATR_b1c24,MATR_b2c26,MATR_b2c4,MATR_b3c22,MATR_b2c0,MATR_b3c28,MATR_b4c14,MATR_b3c27,MATR_b3c12,MATR_b4c19,MATR_b2c47",False,False,0.95
100,MATR_b3c6,665.0,771.9422827013949,64.94087543275755,644.6605057286881,899.2240596741017,565.0,671.9422827013949,544.6605057286881,799.2240596741017,106.9422827013949,"MATR_b2c27,MATR_b1c24,MATR_b2c26,MATR_b2c4,MATR_b3c22,MATR_b2c0,MATR_b3c28,MATR_b4c14,MATR_b3c27,MATR_b3c12,MATR_b4c19,MATR_b2c47",False,False,0.95
100,MATR_b4c1,760.0,702.883264887624,55.57161568538979,593.9648995815589,811.8016301936891,660.0,602.883264887624,493.96489958155894,711.8016301936891,57.11673511237598,"MATR_b2c27,MATR_b1c24,MATR_b2c26,MATR_b2c4,MATR_b3c22,MATR_b2c0,MATR_b3c28,MATR_b4c14,MATR_b3c27,MATR_b3c12,MATR_b4c19,MATR_b2c47",False,False,0.95
100,MATR_b4c11,863.0,882.7127636459037,82.68421445143993,720.6546812310952,1044.7708460607123,763.0,782.7127636459037,620.6546812310952,944.7708460607123,19.712763645903692,"MATR_b2c27,MATR_b1c24,MATR_b2c26,MATR_b2c4,MATR_b3c22,MATR_b2c0,MATR_b3c28,MATR_b4c14,MATR_b3c27,MATR_b3c12,MATR_b4c19,MATR_b2c47",False,False,0.95
100,MATR_b4c15,675.0,795.1484320646281,84.05240176597212,630.4087517892319,959.8881123400242,575.0,695.1484320646281,530.4087517892319,859.8881123400242,120.14843206462808,"MATR_b2c27,MATR_b1c24,MATR_b2c26,MATR_b2c4,MATR_b3c22,MATR_b2c0,MATR_b3c28,MATR_b4c14,MATR_b3c27,MATR_b3c12,MATR_b4c19,MATR_b2c47",False,False,0.95
100,MATR_b4c21,773.0,973.6905909833689,74.21053903265472,828.2406072060618,1119.140574760676,673.0,873.6905909833689,728.2406072060618,1019.1405747606759,200.6905909833689,"MATR_b2c27,MATR_b1c24,MATR_b2c26,MATR_b2c4,MATR_b3c22,MATR_b2c0,MATR_b3c28,MATR_b4c14,MATR_b3c27,MATR_b3c12,MATR_b4c19,MATR_b2c47",False,False,0.95
100,MATR_b4c3,777.0,1014.705008111714,57.39345971132565,902.2158941293652,1127.194122094063,677.0,914.705008111714,802.2158941293652,1027.194122094063,237.70500811171405,"MATR_b2c27,MATR_b1c24,MATR_b2c26,MATR_b2c4,MATR_b3c22,MATR_b2c0,MATR_b3c28,MATR_b4c14,MATR_b3c27,MATR_b3c12,MATR_b4c19,MATR_b2c47",False,False,0.95
100,MATR_b4c32,754.0,943.867150598426,78.20089168531416,790.5962193362925,1097.1380818605594,654.0,843.867150598426,690.5962193362925,997.1380818605594,189.86715059842595,"MATR_b2c27,MATR_b1c24,MATR_b2c26,MATR_b2c4,MATR_b3c22,MATR_b2c0,MATR_b3c28,MATR_b4c14,MATR_b3c27,MATR_b3c12,MATR_b4c19,MATR_b2c47",False,False,0.95
100,MATR_b4c34,891.0,990.8081054310162,62.53093001167673,868.249734688335,1113.3664761736973,791.0,890.8081054310162,768.249734688335,1013.3664761736973,99.8081054310162,"MATR_b2c27,MATR_b1c24,MATR_b2c26,MATR_b2c4,MATR_b3c22,MATR_b2c0,MATR_b3c28,MATR_b4c14,MATR_b3c27,MATR_b3c12,MATR_b4c19,MATR_b2c47",False,False,0.95
100,MATR_b4c42,774.0,914.2455842507861,68.11556438402907,780.74153127147,1047.7496372301023,674.0,814.2455842507861,680.74153127147,947.7496372301023,140.24558425078612,"MATR_b2c27,MATR_b1c24,MATR_b2c26,MATR_b2c4,MATR_b3c22,MATR_b2c0,MATR_b3c28,MATR_b4c14,MATR_b3c27,MATR_b3c12,MATR_b4c19,MATR_b2c47",False,False,0.95
100,MATR_b4c6,706.0,741.8370029562483,32.086278123042185,678.9490534371502,804.7249524753464,606.0,641.8370029562483,578.9490534371502,704.7249524753464,35.837002956248284,"MATR_b2c27,MATR_b1c24,MATR_b2c26,MATR_b2c4,MATR_b3c22,MATR_b2c0,MATR_b3c28,MATR_b4c14,MATR_b3c27,MATR_b3c12,MATR_b4c19,MATR_b2c47",False,False,0.95
100,MATR_b4c7,529.0,681.5730250400312,50.55228789810659,582.4923614236423,780.6536886564202,429.0,581.5730250400312,482.49236142364225,680.6536886564202,152.5730250400312,"MATR_b2c27,MATR_b1c24,MATR_b2c26,MATR_b2c4,MATR_b3c22,MATR_b2c0,MATR_b3c28,MATR_b4c14,MATR_b3c27,MATR_b3c12,MATR_b4c19,MATR_b2c47",False,False,0.95
120,MATR_b1c14,877.0,899.2544562555365,50.34606661529064,800.5779789263125,997.9309335847605,757.0,779.2544562555365,680.5779789263125,877.9309335847605,22.254456255536525,"MATR_b2c27,MATR_b4c23,MATR_b2c13,MATR_b4c22,MATR_b4c26,MATR_b2c14,MATR_b4c0,MATR_b2c44,MATR_b4c38,MATR_b2c17,MATR_b3c39,MATR_b1c7",False,False,0.95
120,MATR_b1c18,687.0,608.8387051957912,52.24690912543353,506.43664500640443,711.2407653851781,567.0,488.83870519579125,386.43664500640443,591.2407653851781,78.16129480420875,"MATR_b2c27,MATR_b4c23,MATR_b2c13,MATR_b4c22,MATR_b4c26,MATR_b2c14,MATR_b4c0,MATR_b2c44,MATR_b4c38,MATR_b2c17,MATR_b3c39,MATR_b1c7",False,False,0.95
120,MATR_b1c19,786.0,774.9305552724334,43.24286504926195,690.1760971875541,859.6850133573126,666.0,654.9305552724334,570.1760971875541,739.6850133573126,11.069444727566633,"MATR_b2c27,MATR_b4c23,MATR_b2c13,MATR_b4c22,MATR_b4c26,MATR_b2c14,MATR_b4c0,MATR_b2c44,MATR_b4c38,MATR_b2c17,MATR_b3c39,MATR_b1c7",False,False,0.95
120,MATR_b1c2,2237.0,1934.9212814322918,111.23442002070517,1716.9058243505087,2152.936738514075,2117.0,1814.9212814322918,1596.9058243505087,2032.936738514075,302.07871856770817,"MATR_b2c27,MATR_b4c23,MATR_b2c13,MATR_b4c22,MATR_b4c26,MATR_b2c14,MATR_b4c0,MATR_b2c44,MATR_b4c38,MATR_b2c17,MATR_b3c39,MATR_b1c7",False,False,0.95
120,MATR_b1c30,707.0,980.1087626347104,34.69135793943768,912.1149504986249,1048.1025747707959,587.0,860.1087626347104,792.1149504986249,928.1025747707959,273.1087626347104,"MATR_b2c27,MATR_b4c23,MATR_b2c13,MATR_b4c22,MATR_b4c26,MATR_b2c14,MATR_b4c0,MATR_b2c44,MATR_b4c38,MATR_b2c17,MATR_b3c39,MATR_b1c7",False,False,0.95
120,MATR_b1c34,742.0,757.6696940502264,44.31899650615401,670.8060570672081,844.5333310332447,622.0,637.6696940502264,550.8060570672081,724.5333310332447,15.66969405022644,"MATR_b2c27,MATR_b4c23,MATR_b2c13,MATR_b4c22,MATR_b4c26,MATR_b2c14,MATR_b4c0,MATR_b2c44,MATR_b4c38,MATR_b2c17,MATR_b3c39,MATR_b1c7",False,False,0.95
120,MATR_b1c35,701.0,709.2606693502541,66.24465858730463,579.4235243509851,839.0978143495232,581.0,589.2606693502541,459.4235243509851,719.0978143495232,8.260669350254148,"MATR_b2c27,MATR_b4c23,MATR_b2c13,MATR_b4c22,MATR_b4c26,MATR_b2c14,MATR_b4c0,MATR_b2c44,MATR_b4c38,MATR_b2c17,MATR_b3c39,MATR_b1c7",False,False,0.95
120,MATR_b1c42,700.0,750.5980011926455,40.79645263687099,670.6384233273842,830.5575790579068,580.0,630.5980011926455,550.6384233273842,710.5575790579068,50.598001192645484,"MATR_b2c27,MATR_b4c23,MATR_b2c13,MATR_b4c22,MATR_b4c26,MATR_b2c14,MATR_b4c0,MATR_b2c44,MATR_b4c38,MATR_b2c17,MATR_b3c39,MATR_b1c7",False,False,0.95
120,MATR_b1c5,1071.0,953.7832176133772,33.96244625105037,887.2180461344411,1020.3483890923134,951.0,833.7832176133772,767.2180461344411,900.3483890923134,117.21678238662275,"MATR_b2c27,MATR_b4c23,MATR_b2c13,MATR_b4c22,MATR_b4c26,MATR_b2c14,MATR_b4c0,MATR_b2c44,MATR_b4c38,MATR_b2c17,MATR_b3c39,MATR_b1c7",False,False,0.95
120,MATR_b1c6,633.0,912.9432925213771,35.80801899207754,842.7608649391789,983.1257201035753,513.0,792.9432925213771,722.7608649391789,863.1257201035753,279.9432925213771,"MATR_b2c27,MATR_b4c23,MATR_b2c13,MATR_b4c22,MATR_b4c26,MATR_b2c14,MATR_b4c0,MATR_b2c44,MATR_b4c38,MATR_b2c17,MATR_b3c39,MATR_b1c7",False,False,0.95
120,MATR_b2c19,460.0,395.41101607618054,14.50073964690789,366.990088619049,423.8319435333121,340.0,275.41101607618054,246.990088619049,303.8319435333121,64.58898392381946,"MATR_b2c27,MATR_b4c23,MATR_b2c13,MATR_b4c22,MATR_b4c26,MATR_b2c14,MATR_b4c0,MATR_b2c44,MATR_b4c38,MATR_b2c17,MATR_b3c39,MATR_b1c7",False,False,0.95
120,MATR_b2c22,512.0,586.5065192014495,35.76576508303917,516.4069077591726,656.6061306437264,392.0,466.50651920144946,396.40690775917255,536.6061306437264,74.50651920144946,"MATR_b2c27,MATR_b4c23,MATR_b2c13,MATR_b4c22,MATR_b4c26,MATR_b2c14,MATR_b4c0,MATR_b2c44,MATR_b4c38,MATR_b2c17,MATR_b3c39,MATR_b1c7",False,False,0.95
120,MATR_b2c24,494.0,546.3744235390235,44.63900835171376,458.8835748640819,633.8652722139651,374.0,426.3744235390235,338.8835748640819,513.8652722139651,52.374423539023496,"MATR_b2c27,MATR_b4c23,MATR_b2c13,MATR_b4c22,MATR_b4c26,MATR_b2c14,MATR_b4c0,MATR_b2c44,MATR_b4c38,MATR_b2c17,MATR_b3c39,MATR_b1c7",False,False,0.95
120,MATR_b2c3,334.0,291.47567772938777,36.82887597504271,219.29240722721158,363.65894823156395,214.0,171.47567772938777,99.29240722721158,243.65894823156395,42.52432227061223,"MATR_b2c27,MATR_b4c23,MATR_b2c13,MATR_b4c22,MATR_b4c26,MATR_b2c14,MATR_b4c0,MATR_b2c44,MATR_b4c38,MATR_b2c17,MATR_b3c39,MATR_b1c7",False,False,0.95
120,MATR_b2c33,519.0,644.4142100678787,41.3029773112926,563.4618620834702,725.3665580522871,399.0,524.4142100678787,443.46186208347024,605.3665580522871,125.41421006787868,"MATR_b2c27,MATR_b4c23,MATR_b2c13,MATR_b4c22,MATR_b4c26,MATR_b2c14,MATR_b4c0,MATR_b2c44,MATR_b4c38,MATR_b2c17,MATR_b3c39,MATR_b1c7",False,False,0.95
120,MATR_b2c41,428.0,565.7473679995968,49.53677322821492,468.65707656196764,662.837659437226,308.0,445.7473679995968,348.65707656196764,542.837659437226,137.7473679995968,"MATR_b2c27,MATR_b4c23,MATR_b2c13,MATR_b4c22,MATR_b4c26,MATR_b2c14,MATR_b4c0,MATR_b2c44,MATR_b4c38,MATR_b2c17,MATR_b3c39,MATR_b1c7",False,False,0.95
120,MATR_b3c1,1061.0,954.6991690694764,50.01821655433639,856.665266052052,1052.7330720869008,941.0,834.6991690694764,736.665266052052,932.7330720869008,106.3008309305236,"MATR_b2c27,MATR_b4c23,MATR_b2c13,MATR_b4c22,MATR_b4c26,MATR_b2c14,MATR_b4c0,MATR_b2c44,MATR_b4c38,MATR_b2c17,MATR_b3c39,MATR_b1c7",False,False,0.95
120,MATR_b3c14,856.0,1083.0289532868821,44.9317558165946,994.9643301242087,1171.0935764495557,736.0,963.0289532868821,874.9643301242087,1051.0935764495557,227.02895328688214,"MATR_b2c27,MATR_b4c23,MATR_b2c13,MATR_b4c22,MATR_b4c26,MATR_b2c14,MATR_b4c0,MATR_b2c44,MATR_b4c38,MATR_b2c17,MATR_b3c39,MATR_b1c7",False,False,0.95
120,MATR_b3c17,1313.0,979.7425213146811,47.42316033811974,886.7948350188981,1072.690207610464,1193.0,859.7425213146811,766.7948350188981,952.6902076104641,333.2574786853189,"MATR_b2c27,MATR_b4c23,MATR_b2c13,MATR_b4c22,MATR_b4c26,MATR_b2c14,MATR_b4c0,MATR_b2c44,MATR_b4c38,MATR_b2c17,MATR_b3c39,MATR_b1c7",False,False,0.95
120,MATR_b3c24,823.0,977.677692611516,43.45927224824182,892.4990842106411,1062.856301012391,703.0,857.677692611516,772.4990842106411,942.856301012391,154.67769261151602,"MATR_b2c27,MATR_b4c23,MATR_b2c13,MATR_b4c22,MATR_b4c26,MATR_b2c14,MATR_b4c0,MATR_b2c44,MATR_b4c38,MATR_b2c17,MATR_b3c39,MATR_b1c7",False,False,0.95
120,MATR_b3c31,729.0,772.7178431805464,64.01879831252651,647.2433041544609,898.1923822066319,609.0,652.7178431805464,527.2433041544609,778.1923822066319,43.717843180546424,"MATR_b2c27,MATR_b4c23,MATR_b2c13,MATR_b4c22,MATR_b4c26,MATR_b2c14,MATR_b4c0,MATR_b2c44,MATR_b4c38,MATR_b2c17,MATR_b3c39,MATR_b1c7",False,False,0.95
120,MATR_b3c33,1282.0,1135.9264625189253,149.03516883730865,843.8228991679542,1428.0300258698962,1162.0,1015.9264625189253,723.8228991679542,1308.0300258698962,146.0735374810747,"MATR_b2c27,MATR_b4c23,MATR_b2c13,MATR_b4c22,MATR_b4c26,MATR_b2c14,MATR_b4c0,MATR_b2c44,MATR_b4c38,MATR_b2c17,MATR_b3c39,MATR_b1c7",False,False,0.95
120,MATR_b3c36,921.0,914.7845862366532,73.4761415344535,770.7739951061568,1058.7951773671496,801.0,794.7845862366532,650.7739951061568,938.7951773671496,6.21541376334676,"MATR_b2c27,MATR_b4c23,MATR_b2c13,MATR_b4c22,MATR_b4c26,MATR_b2c14,MATR_b4c0,MATR_b2c44,MATR_b4c38,MATR_b2c17,MATR_b3c39,MATR_b1c7",False,False,0.95
120,MATR_b3c6,665.0,640.2580269362219,35.21890841493852,571.2302348681278,709.285819004316,545.0,520.2580269362219,451.2302348681278,589.285819004316,24.74197306377812,"MATR_b2c27,MATR_b4c23,MATR_b2c13,MATR_b4c22,MATR_b4c26,MATR_b2c14,MATR_b4c0,MATR_b2c44,MATR_b4c38,MATR_b2c17,MATR_b3c39,MATR_b1c7",False,False,0.95
120,MATR_b4c1,760.0,724.6930780511478,42.58694850604004,641.2241927678475,808.1619633344482,640.0,604.6930780511478,521.2241927678475,688.1619633344482,35.306921948852164,"MATR_b2c27,MATR_b4c23,MATR_b2c13,MATR_b4c22,MATR_b4c26,MATR_b2c14,MATR_b4c0,MATR_b2c44,MATR_b4c38,MATR_b2c17,MATR_b3c39,MATR_b1c7",False,False,0.95
120,MATR_b4c11,863.0,841.3844179928301,63.80170891592828,716.3353663655026,966.4334696201576,743.0,721.3844179928301,596.3353663655026,846.4334696201576,21.615582007169905,"MATR_b2c27,MATR_b4c23,MATR_b2c13,MATR_b4c22,MATR_b4c26,MATR_b2c14,MATR_b4c0,MATR_b2c44,MATR_b4c38,MATR_b2c17,MATR_b3c39,MATR_b1c7",False,False,0.95
120,MATR_b4c15,675.0,753.6781928355423,69.73793382635408,616.9943541796508,890.3620314914338,555.0,633.6781928355423,496.9943541796508,770.3620314914338,78.67819283554229,"MATR_b2c27,MATR_b4c23,MATR_b2c13,MATR_b4c22,MATR_b4c26,MATR_b2c14,MATR_b4c0,MATR_b2c44,MATR_b4c38,MATR_b2c17,MATR_b3c39,MATR_b1c7",False,False,0.95
120,MATR_b4c21,773.0,977.5268940041785,58.355537136048866,863.1521429190332,1091.901645089324,653.0,857.5268940041785,743.1521429190332,971.9016450893239,204.52689400417853,"MATR_b2c27,MATR_b4c23,MATR_b2c13,MATR_b4c22,MATR_b4c26,MATR_b2c14,MATR_b4c0,MATR_b2c44,MATR_b4c38,MATR_b2c17,MATR_b3c39,MATR_b1c7",False,False,0.95
120,MATR_b4c3,777.0,1058.712682558523,46.360465821903965,967.8478392410912,1149.577525875955,657.0,938.712682558523,847.8478392410912,1029.577525875955,281.71268255852306,"MATR_b2c27,MATR_b4c23,MATR_b2c13,MATR_b4c22,MATR_b4c26,MATR_b2c14,MATR_b4c0,MATR_b2c44,MATR_b4c38,MATR_b2c17,MATR_b3c39,MATR_b1c7",False,False,0.95
120,MATR_b4c32,754.0,954.0367692964744,60.829580904389324,834.8129815292059,1073.260557063743,634.0,834.0367692964744,714.8129815292059,953.2605570637429,200.0367692964744,"MATR_b2c27,MATR_b4c23,MATR_b2c13,MATR_b4c22,MATR_b4c26,MATR_b2c14,MATR_b4c0,MATR_b2c44,MATR_b4c38,MATR_b2c17,MATR_b3c39,MATR_b1c7",False,False,0.95
120,MATR_b4c34,891.0,1041.9107292050771,48.38469670955943,947.078466251447,1136.7429921587072,771.0,921.9107292050771,827.078466251447,1016.7429921587072,150.91072920507713,"MATR_b2c27,MATR_b4c23,MATR_b2c13,MATR_b4c22,MATR_b4c26,MATR_b2c14,MATR_b4c0,MATR_b2c44,MATR_b4c38,MATR_b2c17,MATR_b3c39,MATR_b1c7",False,False,0.95
120,MATR_b4c42,774.0,896.9845730627235,54.45140014791767,790.2617898650259,1003.7073562604211,654.0,776.9845730627235,670.2617898650259,883.7073562604211,122.98457306272348,"MATR_b2c27,MATR_b4c23,MATR_b2c13,MATR_b4c22,MATR_b4c26,MATR_b2c14,MATR_b4c0,MATR_b2c44,MATR_b4c38,MATR_b2c17,MATR_b3c39,MATR_b1c7",False,False,0.95
120,MATR_b4c6,706.0,767.186742796042,29.67141146948679,709.0318449453792,825.3416406467048,586.0,647.186742796042,589.0318449453792,705.3416406467048,61.18674279604204,"MATR_b2c27,MATR_b4c23,MATR_b2c13,MATR_b4c22,MATR_b4c26,MATR_b2c14,MATR_b4c0,MATR_b2c44,MATR_b4c38,MATR_b2c17,MATR_b3c39,MATR_b1c7",False,False,0.95
120,MATR_b4c7,529.0,693.2558803807104,48.723410179484794,597.759751224948,788.7520095364729,409.0,573.2558803807104,477.759751224948,668.7520095364729,164.25588038071044,"MATR_b2c27,MATR_b4c23,MATR_b2c13,MATR_b4c22,MATR_b4c26,MATR_b2c14,MATR_b4c0,MATR_b2c44,MATR_b4c38,MATR_b2c17,MATR_b3c39,MATR_b1c7",False,False,0.95
140,MATR_b1c14,877.0,924.8674105784005,35.751431875836694,854.7958917060233,994.9389294507777,737.0,784.8674105784005,714.7958917060233,854.9389294507777,47.867410578400495,"MATR_b3c34,MATR_b3c22,MATR_b4c33,MATR_b1c15,MATR_b2c44,MATR_b3c4,MATR_b1c31,MATR_b2c39,MATR_b4c23,MATR_b2c35,MATR_b2c14,MATR_b2c13",False,False,0.95
140,MATR_b1c18,687.0,554.2757774992983,23.22092247027927,508.7636057697541,599.7879492288425,547.0,414.27577749929833,368.7636057697541,459.78794922884254,132.72422250070167,"MATR_b3c34,MATR_b3c22,MATR_b4c33,MATR_b1c15,MATR_b2c44,MATR_b3c4,MATR_b1c31,MATR_b2c39,MATR_b4c23,MATR_b2c35,MATR_b2c14,MATR_b2c13",False,False,0.95
140,MATR_b1c19,786.0,751.7999310665674,33.575249702109254,685.9936508784941,817.6062112546407,646.0,611.7999310665674,545.9936508784941,677.6062112546407,34.20006893343259,"MATR_b3c34,MATR_b3c22,MATR_b4c33,MATR_b1c15,MATR_b2c44,MATR_b3c4,MATR_b1c31,MATR_b2c39,MATR_b4c23,MATR_b2c35,MATR_b2c14,MATR_b2c13",False,False,0.95
140,MATR_b1c2,2237.0,1927.207950545262,97.22662578700499,1736.6472656643791,2117.768635426145,2097.0,1787.207950545262,1596.6472656643791,1977.768635426145,309.79204945473793,"MATR_b3c34,MATR_b3c22,MATR_b4c33,MATR_b1c15,MATR_b2c44,MATR_b3c4,MATR_b1c31,MATR_b2c39,MATR_b4c23,MATR_b2c35,MATR_b2c14,MATR_b2c13",False,False,0.95
140,MATR_b1c30,707.0,935.4091798392967,27.982099621555218,880.5652723692366,990.2530873093568,567.0,795.4091798392967,740.5652723692366,850.2530873093568,228.4091798392967,"MATR_b3c34,MATR_b3c22,MATR_b4c33,MATR_b1c15,MATR_b2c44,MATR_b3c4,MATR_b1c31,MATR_b2c39,MATR_b4c23,MATR_b2c35,MATR_b2c14,MATR_b2c13",False,False,0.95
140,MATR_b1c34,742.0,771.2755997859321,37.01183902388347,698.7337282975263,843.8174712743378,602.0,631.2755997859321,558.7337282975263,703.8174712743378,29.27559978593206,"MATR_b3c34,MATR_b3c22,MATR_b4c33,MATR_b1c15,MATR_b2c44,MATR_b3c4,MATR_b1c31,MATR_b2c39,MATR_b4c23,MATR_b2c35,MATR_b2c14,MATR_b2c13",False,False,0.95
140,MATR_b1c35,701.0,705.8699119464063,53.57923166448421,600.8565475646892,810.8832763281234,561.0,565.8699119464063,460.8565475646892,670.8832763281234,4.869911946406319,"MATR_b3c34,MATR_b3c22,MATR_b4c33,MATR_b1c15,MATR_b2c44,MATR_b3c4,MATR_b1c31,MATR_b2c39,MATR_b4c23,MATR_b2c35,MATR_b2c14,MATR_b2c13",False,False,0.95
140,MATR_b1c42,700.0,757.5927321611508,34.65271262055992,689.6746634582369,825.5108008640648,560.0,617.5927321611508,549.6746634582369,685.5108008640648,57.59273216115082,"MATR_b3c34,MATR_b3c22,MATR_b4c33,MATR_b1c15,MATR_b2c44,MATR_b3c4,MATR_b1c31,MATR_b2c39,MATR_b4c23,MATR_b2c35,MATR_b2c14,MATR_b2c13",False,False,0.95
140,MATR_b1c5,1071.0,966.0735581711854,26.70004798976153,913.7424257257617,1018.4046906166091,931.0,826.0735581711854,773.7424257257617,878.4046906166091,104.92644182881463,"MATR_b3c34,MATR_b3c22,MATR_b4c33,MATR_b1c15,MATR_b2c44,MATR_b3c4,MATR_b1c31,MATR_b2c39,MATR_b4c23,MATR_b2c35,MATR_b2c14,MATR_b2c13",False,False,0.95
140,MATR_b1c6,633.0,954.6706014561058,25.860206263816398,903.9855285462486,1005.3556743659631,493.0,814.6706014561058,763.9855285462486,865.3556743659631,321.6706014561058,"MATR_b3c34,MATR_b3c22,MATR_b4c33,MATR_b1c15,MATR_b2c44,MATR_b3c4,MATR_b1c31,MATR_b2c39,MATR_b4c23,MATR_b2c35,MATR_b2c14,MATR_b2c13",False,False,0.95
140,MATR_b2c19,460.0,431.50986532259077,11.475885992888614,409.0175420858414,454.00218855934014,320.0,291.50986532259077,269.0175420858414,314.00218855934014,28.49013467740923,"MATR_b3c34,MATR_b3c22,MATR_b4c33,MATR_b1c15,MATR_b2c44,MATR_b3c4,MATR_b1c31,MATR_b2c39,MATR_b4c23,MATR_b2c35,MATR_b2c14,MATR_b2c13",False,False,0.95
140,MATR_b2c22,512.0,520.390786554394,24.38329546816096,472.60040561239987,568.1811674963882,372.0,380.390786554394,332.60040561239987,428.1811674963882,8.390786554394026,"MATR_b3c34,MATR_b3c22,MATR_b4c33,MATR_b1c15,MATR_b2c44,MATR_b3c4,MATR_b1c31,MATR_b2c39,MATR_b4c23,MATR_b2c35,MATR_b2c14,MATR_b2c13",False,False,0.95
140,MATR_b2c24,494.0,505.7622489457128,22.248343907044344,462.15629617224477,549.3682017191809,354.0,365.7622489457128,322.15629617224477,409.3682017191809,11.762248945712827,"MATR_b3c34,MATR_b3c22,MATR_b4c33,MATR_b1c15,MATR_b2c44,MATR_b3c4,MATR_b1c31,MATR_b2c39,MATR_b4c23,MATR_b2c35,MATR_b2c14,MATR_b2c13",False,False,0.95
140,MATR_b2c3,334.0,285.0888024818903,33.70238546171169,219.03334078384907,351.1442641799315,194.0,145.0888024818903,79.03334078384907,211.1442641799315,48.9111975181097,"MATR_b3c34,MATR_b3c22,MATR_b4c33,MATR_b1c15,MATR_b2c44,MATR_b3c4,MATR_b1c31,MATR_b2c39,MATR_b4c23,MATR_b2c35,MATR_b2c14,MATR_b2c13",False,False,0.95
140,MATR_b2c33,519.0,632.9816036328616,35.91935599580081,562.5809595332191,703.3822477325041,379.0,492.9816036328616,422.58095953321913,563.3822477325041,113.9816036328616,"MATR_b3c34,MATR_b3c22,MATR_b4c33,MATR_b1c15,MATR_b2c44,MATR_b3c4,MATR_b1c31,MATR_b2c39,MATR_b4c23,MATR_b2c35,MATR_b2c14,MATR_b2c13",False,False,0.95
140,MATR_b2c41,428.0,497.6620132080335,20.450127442759825,457.58049994097007,537.7435264750969,288.0,357.6620132080335,317.58049994097007,397.7435264750969,69.6620132080335,"MATR_b3c34,MATR_b3c22,MATR_b4c33,MATR_b1c15,MATR_b2c44,MATR_b3c4,MATR_b1c31,MATR_b2c39,MATR_b4c23,MATR_b2c35,MATR_b2c14,MATR_b2c13",False,False,0.95
140,MATR_b3c1,1061.0,919.0259734984386,39.92273156575435,840.7788574650997,997.2730895317775,921.0,779.0259734984386,700.7788574650997,857.2730895317775,141.9740265015614,"MATR_b3c34,MATR_b3c22,MATR_b4c33,MATR_b1c15,MATR_b2c44,MATR_b3c4,MATR_b1c31,MATR_b2c39,MATR_b4c23,MATR_b2c35,MATR_b2c14,MATR_b2c13",False,False,0.95
140,MATR_b3c14,856.0,1050.1196272613345,27.129823079711144,996.9461511181571,1103.2931034045118,716.0,910.1196272613345,856.9461511181571,963.2931034045118,194.11962726133447,"MATR_b3c34,MATR_b3c22,MATR_b4c33,MATR_b1c15,MATR_b2c44,MATR_b3c4,MATR_b1c31,MATR_b2c39,MATR_b4c23,MATR_b2c35,MATR_b2c14,MATR_b2c13",False,False,0.95
140,MATR_b3c17,1313.0,972.1100943603782,37.435709575825825,898.7374518560583,1045.482736864698,1173.0,832.1100943603782,758.7374518560583,905.4827368646979,340.8899056396218,"MATR_b3c34,MATR_b3c22,MATR_b4c33,MATR_b1c15,MATR_b2c44,MATR_b3c4,MATR_b1c31,MATR_b2c39,MATR_b4c23,MATR_b2c35,MATR_b2c14,MATR_b2c13",False,False,0.95
140,MATR_b3c24,823.0,900.6934039299326,35.270560184271304,831.5643762542085,969.8224316056568,683.0,760.6934039299326,691.5643762542085,829.8224316056568,77.69340392993263,"MATR_b3c34,MATR_b3c22,MATR_b4c33,MATR_b1c15,MATR_b2c44,MATR_b3c4,MATR_b1c31,MATR_b2c39,MATR_b4c23,MATR_b2c35,MATR_b2c14,MATR_b2c13",False,False,0.95
140,MATR_b3c31,729.0,737.8025097652749,53.7783016343352,632.3989754122464,843.2060441183033,589.0,597.8025097652749,492.3989754122464,703.2060441183033,8.802509765274863,"MATR_b3c34,MATR_b3c22,MATR_b4c33,MATR_b1c15,MATR_b2c44,MATR_b3c4,MATR_b1c31,MATR_b2c39,MATR_b4c23,MATR_b2c35,MATR_b2c14,MATR_b2c13",False,False,0.95
140,MATR_b3c33,1282.0,1170.9773809465437,165.38596843888865,846.826839258044,1495.1279226350434,1142.0,1030.9773809465437,706.826839258044,1355.1279226350434,111.02261905345631,"MATR_b3c34,MATR_b3c22,MATR_b4c33,MATR_b1c15,MATR_b2c44,MATR_b3c4,MATR_b1c31,MATR_b2c39,MATR_b4c23,MATR_b2c35,MATR_b2c14,MATR_b2c13",False,False,0.95
140,MATR_b3c36,921.0,923.4328195591397,59.644222551579794,806.5322914721517,1040.3333476461278,781.0,783.4328195591397,666.5322914721517,900.3333476461278,2.432819559139716,"MATR_b3c34,MATR_b3c22,MATR_b4c33,MATR_b1c15,MATR_b2c44,MATR_b3c4,MATR_b1c31,MATR_b2c39,MATR_b4c23,MATR_b2c35,MATR_b2c14,MATR_b2c13",False,False,0.95
140,MATR_b3c6,665.0,592.3211576770374,23.62597377757699,546.0150999732988,638.627215380776,525.0,452.3211576770374,406.0150999732988,498.62721538077597,72.67884232296262,"MATR_b3c34,MATR_b3c22,MATR_b4c33,MATR_b1c15,MATR_b2c44,MATR_b3c4,MATR_b1c31,MATR_b2c39,MATR_b4c23,MATR_b2c35,MATR_b2c14,MATR_b2c13",False,False,0.95
140,MATR_b4c1,760.0,734.3295663676583,32.47163979563045,670.6863218492651,797.9728108860515,620.0,594.3295663676583,530.6863218492651,657.9728108860515,25.670433632341656,"MATR_b3c34,MATR_b3c22,MATR_b4c33,MATR_b1c15,MATR_b2c44,MATR_b3c4,MATR_b1c31,MATR_b2c39,MATR_b4c23,MATR_b2c35,MATR_b2c14,MATR_b2c13",False,False,0.95
140,MATR_b4c11,863.0,781.7286439536468,53.79560592978594,676.2911938047571,887.1660941025366,723.0,641.7286439536468,536.2911938047571,747.1660941025366,81.27135604635316,"MATR_b3c34,MATR_b3c22,MATR_b4c33,MATR_b1c15,MATR_b2c44,MATR_b3c4,MATR_b1c31,MATR_b2c39,MATR_b4c23,MATR_b2c35,MATR_b2c14,MATR_b2c13",False,False,0.95
140,MATR_b4c15,675.0,741.3530637278058,54.25370398292574,635.0177578933741,847.6883695622374,535.0,601.3530637278058,495.0177578933741,707.6883695622374,66.35306372780576,"MATR_b3c34,MATR_b3c22,MATR_b4c33,MATR_b1c15,MATR_b2c44,MATR_b3c4,MATR_b1c31,MATR_b2c39,MATR_b4c23,MATR_b2c35,MATR_b2c14,MATR_b2c13",False,False,0.95
140,MATR_b4c21,773.0,954.918864931458,50.045532687938085,856.8314232759774,1053.0063065869385,633.0,814.918864931458,716.8314232759774,913.0063065869385,181.91886493145796,"MATR_b3c34,MATR_b3c22,MATR_b4c33,MATR_b1c15,MATR_b2c44,MATR_b3c4,MATR_b1c31,MATR_b2c39,MATR_b4c23,MATR_b2c35,MATR_b2c14,MATR_b2c13",False,False,0.95
140,MATR_b4c3,777.0,1084.4980964393105,38.882100261478826,1008.2905802835367,1160.7056125950844,637.0,944.4980964393105,868.2905802835367,1020.7056125950844,307.49809643931053,"MATR_b3c34,MATR_b3c22,MATR_b4c33,MATR_b1c15,MATR_b2c44,MATR_b3c4,MATR_b1c31,MATR_b2c39,MATR_b4c23,MATR_b2c35,MATR_b2c14,MATR_b2c13",False,False,0.95
140,MATR_b4c32,754.0,918.6908309801846,48.339963365039125,823.9462437707223,1013.435418189647,614.0,778.6908309801846,683.9462437707223,873.435418189647,164.69083098018461,"MATR_b3c34,MATR_b3c22,MATR_b4c33,MATR_b1c15,MATR_b2c44,MATR_b3c4,MATR_b1c31,MATR_b2c39,MATR_b4c23,MATR_b2c35,MATR_b2c14,MATR_b2c13",False,False,0.95
140,MATR_b4c34,891.0,1103.59108581655,43.87474000745034,1017.5981755708888,1189.5839960622113,751.0,963.59108581655,877.5981755708888,1049.5839960622113,212.59108581655005,"MATR_b3c34,MATR_b3c22,MATR_b4c33,MATR_b1c15,MATR_b2c44,MATR_b3c4,MATR_b1c31,MATR_b2c39,MATR_b4c23,MATR_b2c35,MATR_b2c14,MATR_b2c13",False,False,0.95
140,MATR_b4c42,774.0,846.5403405625552,39.302889162110624,769.5080933164488,923.5725878086616,634.0,706.5403405625552,629.5080933164488,783.5725878086616,72.54034056255523,"MATR_b3c34,MATR_b3c22,MATR_b4c33,MATR_b1c15,MATR_b2c44,MATR_b3c4,MATR_b1c31,MATR_b2c39,MATR_b4c23,MATR_b2c35,MATR_b2c14,MATR_b2c13",False,False,0.95
140,MATR_b4c6,706.0,783.389432883914,27.467828475556757,729.553478338299,837.225387429529,566.0,643.389432883914,589.553478338299,697.225387429529,77.38943288391397,"MATR_b3c34,MATR_b3c22,MATR_b4c33,MATR_b1c15,MATR_b2c44,MATR_b3c4,MATR_b1c31,MATR_b2c39,MATR_b4c23,MATR_b2c35,MATR_b2c14,MATR_b2c13",False,False,0.95
140,MATR_b4c7,529.0,649.8804290481158,34.793311197300014,581.6867921985137,718.074065897718,389.0,509.88042904811584,441.6867921985137,578.074065897718,120.88042904811584,"MATR_b3c34,MATR_b3c22,MATR_b4c33,MATR_b1c15,MATR_b2c44,MATR_b3c4,MATR_b1c31,MATR_b2c39,MATR_b4c23,MATR_b2c35,MATR_b2c14,MATR_b2c13",False,False,0.95
160,MATR_b1c14,877.0,916.7154877853047,26.440412985832932,864.8932305967071,968.5377449739024,717.0,756.7154877853047,704.8932305967071,808.5377449739024,39.71548778530473,"MATR_b2c11,MATR_b4c30,MATR_b4c43,MATR_b3c10,MATR_b3c19,MATR_b1c0,MATR_b2c5,MATR_b1c41,MATR_b3c27,MATR_b2c47,MATR_b2c36,MATR_b1c16",False,False,0.95
160,MATR_b1c18,687.0,553.9059981612758,20.531901765551943,513.6642101666796,594.1477861558719,527.0,393.90599816127576,353.6642101666796,434.1477861558719,133.09400183872424,"MATR_b2c11,MATR_b4c30,MATR_b4c43,MATR_b3c10,MATR_b3c19,MATR_b1c0,MATR_b2c5,MATR_b1c41,MATR_b3c27,MATR_b2c47,MATR_b2c36,MATR_b1c16",False,False,0.95
160,MATR_b1c19,786.0,761.2596625682601,26.381553445801245,709.552767958271,812.9665571782491,626.0,601.2596625682601,549.552767958271,652.9665571782491,24.74033743173993,"MATR_b2c11,MATR_b4c30,MATR_b4c43,MATR_b3c10,MATR_b3c19,MATR_b1c0,MATR_b2c5,MATR_b1c41,MATR_b3c27,MATR_b2c47,MATR_b2c36,MATR_b1c16",False,False,0.95
160,MATR_b1c2,2237.0,1816.796119707974,82.23691864472616,1655.6147209647602,1977.9775184511877,2077.0,1656.796119707974,1495.6147209647602,1817.9775184511877,420.20388029202604,"MATR_b2c11,MATR_b4c30,MATR_b4c43,MATR_b3c10,MATR_b3c19,MATR_b1c0,MATR_b2c5,MATR_b1c41,MATR_b3c27,MATR_b2c47,MATR_b2c36,MATR_b1c16",False,False,0.95
160,MATR_b1c30,707.0,912.1907767953942,22.342651846769787,868.3999838566081,955.9815697341803,547.0,752.1907767953942,708.3999838566081,795.9815697341803,205.19077679539419,"MATR_b2c11,MATR_b4c30,MATR_b4c43,MATR_b3c10,MATR_b3c19,MATR_b1c0,MATR_b2c5,MATR_b1c41,MATR_b3c27,MATR_b2c47,MATR_b2c36,MATR_b1c16",False,False,0.95
160,MATR_b1c34,742.0,785.5121084165082,28.659646534090562,729.3402334000425,841.683983432974,582.0,625.5121084165082,569.3402334000425,681.683983432974,43.51210841650823,"MATR_b2c11,MATR_b4c30,MATR_b4c43,MATR_b3c10,MATR_b3c19,MATR_b1c0,MATR_b2c5,MATR_b1c41,MATR_b3c27,MATR_b2c47,MATR_b2c36,MATR_b1c16",False,False,0.95
160,MATR_b1c35,701.0,725.0821235908753,40.25982187582911,646.1743226902524,803.9899244914982,541.0,565.0821235908753,486.17432269025244,643.9899244914982,24.082123590875312,"MATR_b2c11,MATR_b4c30,MATR_b4c43,MATR_b3c10,MATR_b3c19,MATR_b1c0,MATR_b2c5,MATR_b1c41,MATR_b3c27,MATR_b2c47,MATR_b2c36,MATR_b1c16",False,False,0.95
160,MATR_b1c42,700.0,755.9656185048711,28.468878203533443,700.1676425456883,811.763594464054,540.0,595.9656185048711,540.1676425456883,651.763594464054,55.965618504871145,"MATR_b2c11,MATR_b4c30,MATR_b4c43,MATR_b3c10,MATR_b3c19,MATR_b1c0,MATR_b2c5,MATR_b1c41,MATR_b3c27,MATR_b2c47,MATR_b2c36,MATR_b1c16",False,False,0.95
160,MATR_b1c5,1071.0,972.922163586039,21.44934229438366,930.8822251969754,1014.9621019751027,911.0,812.922163586039,770.8822251969754,854.9621019751027,98.077836413961,"MATR_b2c11,MATR_b4c30,MATR_b4c43,MATR_b3c10,MATR_b3c19,MATR_b1c0,MATR_b2c5,MATR_b1c41,MATR_b3c27,MATR_b2c47,MATR_b2c36,MATR_b1c16",False,False,0.95
160,MATR_b1c6,633.0,955.2071381209245,21.45315083901862,913.1597351215428,997.2545411203062,473.0,795.2071381209245,753.1597351215428,837.2545411203062,322.20713812092447,"MATR_b2c11,MATR_b4c30,MATR_b4c43,MATR_b3c10,MATR_b3c19,MATR_b1c0,MATR_b2c5,MATR_b1c41,MATR_b3c27,MATR_b2c47,MATR_b2c36,MATR_b1c16",False,False,0.95
160,MATR_b2c19,460.0,428.41108849940457,11.35408078433177,406.15749908455604,450.6646779142531,300.0,268.41108849940457,246.15749908455604,290.6646779142531,31.58891150059543,"MATR_b2c11,MATR_b4c30,MATR_b4c43,MATR_b3c10,MATR_b3c19,MATR_b1c0,MATR_b2c5,MATR_b1c41,MATR_b3c27,MATR_b2c47,MATR_b2c36,MATR_b1c16",False,False,0.95
160,MATR_b2c22,512.0,506.78074646588067,16.11084717514413,475.2040662421693,538.357426689592,352.0,346.78074646588067,315.2040662421693,378.357426689592,5.219253534119332,"MATR_b2c11,MATR_b4c30,MATR_b4c43,MATR_b3c10,MATR_b3c19,MATR_b1c0,MATR_b2c5,MATR_b1c41,MATR_b3c27,MATR_b2c47,MATR_b2c36,MATR_b1c16",False,False,0.95
160,MATR_b2c24,494.0,498.16924830894044,15.903717863774077,466.99853407565695,529.3399625422239,334.0,338.16924830894044,306.99853407565695,369.33996254222393,4.169248308940439,"MATR_b2c11,MATR_b4c30,MATR_b4c43,MATR_b3c10,MATR_b3c19,MATR_b1c0,MATR_b2c5,MATR_b1c41,MATR_b3c27,MATR_b2c47,MATR_b2c36,MATR_b1c16",False,False,0.95
160,MATR_b2c3,334.0,281.4510801305709,38.92745934588356,205.15466180299202,357.74749845814983,174.0,121.45108013057092,45.154661802992024,197.74749845814983,52.548919869429085,"MATR_b2c11,MATR_b4c30,MATR_b4c43,MATR_b3c10,MATR_b3c19,MATR_b1c0,MATR_b2c5,MATR_b1c41,MATR_b3c27,MATR_b2c47,MATR_b2c36,MATR_b1c16",False,False,0.95
160,MATR_b2c33,519.0,640.2088804788324,29.292994098172397,582.7956670470701,697.6220939105947,359.0,480.2088804788324,422.7956670470701,537.6220939105947,121.20888047883238,"MATR_b2c11,MATR_b4c30,MATR_b4c43,MATR_b3c10,MATR_b3c19,MATR_b1c0,MATR_b2c5,MATR_b1c41,MATR_b3c27,MATR_b2c47,MATR_b2c36,MATR_b1c16",False,False,0.95
160,MATR_b2c41,428.0,488.4731782638851,14.682964040396346,459.69509755841153,517.2512589693587,268.0,328.4731782638851,299.69509755841153,357.2512589693587,60.473178263885075,"MATR_b2c11,MATR_b4c30,MATR_b4c43,MATR_b3c10,MATR_b3c19,MATR_b1c0,MATR_b2c5,MATR_b1c41,MATR_b3c27,MATR_b2c47,MATR_b2c36,MATR_b1c16",False,False,0.95
160,MATR_b3c1,1061.0,921.0240127023599,32.2518757138871,857.8114978692792,984.2365275354406,901.0,761.0240127023599,697.8114978692792,824.2365275354406,139.97598729764013,"MATR_b2c11,MATR_b4c30,MATR_b4c43,MATR_b3c10,MATR_b3c19,MATR_b1c0,MATR_b2c5,MATR_b1c41,MATR_b3c27,MATR_b2c47,MATR_b2c36,MATR_b1c16",False,False,0.95
160,MATR_b3c14,856.0,1029.2879843291107,21.834948617152307,986.4922714352095,1072.0836972230118,696.0,869.2879843291107,826.4922714352095,912.0836972230118,173.2879843291107,"MATR_b2c11,MATR_b4c30,MATR_b4c43,MATR_b3c10,MATR_b3c19,MATR_b1c0,MATR_b2c5,MATR_b1c41,MATR_b3c27,MATR_b2c47,MATR_b2c36,MATR_b1c16",False,False,0.95
160,MATR_b3c17,1313.0,973.6829503700432,31.45729897612349,912.0277773259324,1035.3381234141539,1153.0,813.6829503700432,752.0277773259324,875.3381234141539,339.31704962995684,"MATR_b2c11,MATR_b4c30,MATR_b4c43,MATR_b3c10,MATR_b3c19,MATR_b1c0,MATR_b2c5,MATR_b1c41,MATR_b3c27,MATR_b2c47,MATR_b2c36,MATR_b1c16",False,False,0.95
160,MATR_b3c24,823.0,867.1644448648381,30.884163585282177,806.6325965450416,927.6962931846346,663.0,707.1644448648381,646.6325965450416,767.6962931846346,44.16444486483806,"MATR_b2c11,MATR_b4c30,MATR_b4c43,MATR_b3c10,MATR_b3c19,MATR_b1c0,MATR_b2c5,MATR_b1c41,MATR_b3c27,MATR_b2c47,MATR_b2c36,MATR_b1c16",False,False,0.95
160,MATR_b3c31,729.0,745.5098784803611,41.950189953866364,663.2890170261691,827.7307399345531,569.0,585.5098784803611,503.28901702616906,667.7307399345531,16.509878480361067,"MATR_b2c11,MATR_b4c30,MATR_b4c43,MATR_b3c10,MATR_b3c19,MATR_b1c0,MATR_b2c5,MATR_b1c41,MATR_b3c27,MATR_b2c47,MATR_b2c36,MATR_b1c16",False,False,0.95
160,MATR_b3c33,1282.0,1138.5348474651616,132.24567382381744,879.3380896592482,1397.731605271075,1122.0,978.5348474651616,719.3380896592482,1237.731605271075,143.46515253483835,"MATR_b2c11,MATR_b4c30,MATR_b4c43,MATR_b3c10,MATR_b3c19,MATR_b1c0,MATR_b2c5,MATR_b1c41,MATR_b3c27,MATR_b2c47,MATR_b2c36,MATR_b1c16",False,False,0.95
160,MATR_b3c36,921.0,989.1707746891987,47.22025124236125,896.6207829132379,1081.7207664651594,761.0,829.1707746891987,736.6207829132379,921.7207664651594,68.17077468919865,"MATR_b2c11,MATR_b4c30,MATR_b4c43,MATR_b3c10,MATR_b3c19,MATR_b1c0,MATR_b2c5,MATR_b1c41,MATR_b3c27,MATR_b2c47,MATR_b2c36,MATR_b1c16",False,False,0.95
160,MATR_b3c6,665.0,591.7502758907423,21.86051456100205,548.9044546676648,634.5960971138197,505.0,431.7502758907423,388.9044546676648,474.5960971138197,73.24972410925773,"MATR_b2c11,MATR_b4c30,MATR_b4c43,MATR_b3c10,MATR_b3c19,MATR_b1c0,MATR_b2c5,MATR_b1c41,MATR_b3c27,MATR_b2c47,MATR_b2c36,MATR_b1c16",False,False,0.95
160,MATR_b4c1,760.0,754.1590668795133,28.561706480148704,698.1791508414176,810.1389829176089,600.0,594.1590668795133,538.1791508414176,650.1389829176089,5.8409331204867385,"MATR_b2c11,MATR_b4c30,MATR_b4c43,MATR_b3c10,MATR_b3c19,MATR_b1c0,MATR_b2c5,MATR_b1c41,MATR_b3c27,MATR_b2c47,MATR_b2c36,MATR_b1c16",False,False,0.95
160,MATR_b4c11,863.0,758.893416609447,47.63335248155571,665.5337612826961,852.2530719361978,703.0,598.893416609447,505.5337612826961,692.2530719361978,104.10658339055306,"MATR_b2c11,MATR_b4c30,MATR_b4c43,MATR_b3c10,MATR_b3c19,MATR_b1c0,MATR_b2c5,MATR_b1c41,MATR_b3c27,MATR_b2c47,MATR_b2c36,MATR_b1c16",False,False,0.95
160,MATR_b4c15,675.0,779.8263135469742,40.94829100747509,699.5691379438578,860.0834891500907,515.0,619.8263135469742,539.5691379438578,700.0834891500907,104.82631354697423,"MATR_b2c11,MATR_b4c30,MATR_b4c43,MATR_b3c10,MATR_b3c19,MATR_b1c0,MATR_b2c5,MATR_b1c41,MATR_b3c27,MATR_b2c47,MATR_b2c36,MATR_b1c16",False,False,0.95
160,MATR_b4c21,773.0,960.2505639509752,45.903769802490196,870.2808283834771,1050.2202995184732,613.0,800.2505639509752,710.2808283834771,890.2202995184732,187.25056395097522,"MATR_b2c11,MATR_b4c30,MATR_b4c43,MATR_b3c10,MATR_b3c19,MATR_b1c0,MATR_b2c5,MATR_b1c41,MATR_b3c27,MATR_b2c47,MATR_b2c36,MATR_b1c16",False,False,0.95
160,MATR_b4c3,777.0,1074.31878583027,32.560054959376544,1010.5022507752471,1138.1353208852927,617.0,914.3187858302699,850.5022507752471,978.1353208852927,297.3187858302699,"MATR_b2c11,MATR_b4c30,MATR_b4c43,MATR_b3c10,MATR_b3c19,MATR_b1c0,MATR_b2c5,MATR_b1c41,MATR_b3c27,MATR_b2c47,MATR_b2c36,MATR_b1c16",False,False,0.95
160,MATR_b4c32,754.0,966.1477436335745,35.915427478481234,895.7547992863911,1036.5406879807579,594.0,806.1477436335745,735.7547992863911,876.5406879807579,212.14774363357446,"MATR_b2c11,MATR_b4c30,MATR_b4c43,MATR_b3c10,MATR_b3c19,MATR_b1c0,MATR_b2c5,MATR_b1c41,MATR_b3c27,MATR_b2c47,MATR_b2c36,MATR_b1c16",False,False,0.95
160,MATR_b4c34,891.0,1121.5318104826877,45.55779210413199,1032.2401787434258,1210.8234422219496,731.0,961.5318104826877,872.2401787434258,1050.8234422219496,230.53181048268766,"MATR_b2c11,MATR_b4c30,MATR_b4c43,MATR_b3c10,MATR_b3c19,MATR_b1c0,MATR_b2c5,MATR_b1c41,MATR_b3c27,MATR_b2c47,MATR_b2c36,MATR_b1c16",False,False,0.95
160,MATR_b4c42,774.0,860.5706332032281,33.62961379507645,794.6578013508869,926.4834650555694,614.0,700.5706332032281,634.6578013508869,766.4834650555694,86.57063320322811,"MATR_b2c11,MATR_b4c30,MATR_b4c43,MATR_b3c10,MATR_b3c19,MATR_b1c0,MATR_b2c5,MATR_b1c41,MATR_b3c27,MATR_b2c47,MATR_b2c36,MATR_b1c16",False,False,0.95
160,MATR_b4c6,706.0,790.9343844605002,24.529535113483288,742.8573790805623,839.011389840438,546.0,630.9343844605002,582.8573790805623,679.011389840438,84.93438446050016,"MATR_b2c11,MATR_b4c30,MATR_b4c43,MATR_b3c10,MATR_b3c19,MATR_b1c0,MATR_b2c5,MATR_b1c41,MATR_b3c27,MATR_b2c47,MATR_b2c36,MATR_b1c16",False,False,0.95
160,MATR_b4c7,529.0,674.1707574477323,32.94571068266238,609.5983510646375,738.743163830827,369.0,514.1707574477323,449.59835106463754,578.743163830827,145.17075744773229,"MATR_b2c11,MATR_b4c30,MATR_b4c43,MATR_b3c10,MATR_b3c19,MATR_b1c0,MATR_b2c5,MATR_b1c41,MATR_b3c27,MATR_b2c47,MATR_b2c36,MATR_b1c16",False,False,0.95
180,MATR_b1c14,877.0,922.1478415348038,26.30291723205362,870.5950710716407,973.7006119979668,697.0,742.1478415348038,690.5950710716407,793.7006119979668,45.147841534803774,"MATR_b1c15,MATR_b2c14,MATR_b2c5,MATR_b2c42,MATR_b4c8,MATR_b3c28,MATR_b2c10,MATR_b1c36,MATR_b2c27,MATR_b1c16,MATR_b1c23,MATR_b3c10",False,False,0.95
180,MATR_b1c18,687.0,654.7506707793242,30.31606939960005,595.3322666032913,714.1690749553571,507.0,474.7506707793242,415.33226660329126,534.1690749553571,32.249329220675804,"MATR_b1c15,MATR_b2c14,MATR_b2c5,MATR_b2c42,MATR_b4c8,MATR_b3c28,MATR_b2c10,MATR_b1c36,MATR_b2c27,MATR_b1c16,MATR_b1c23,MATR_b3c10",False,False,0.95
180,MATR_b1c19,786.0,769.58501469848,25.953834358329058,718.7164340954369,820.4535953015231,606.0,589.58501469848,538.7164340954369,640.4535953015231,16.414985301520005,"MATR_b1c15,MATR_b2c14,MATR_b2c5,MATR_b2c42,MATR_b4c8,MATR_b3c28,MATR_b2c10,MATR_b1c36,MATR_b2c27,MATR_b1c16,MATR_b1c23,MATR_b3c10",False,False,0.95
180,MATR_b1c2,2237.0,1916.8405792244876,90.54172898131502,1739.3820513231237,2094.299107125851,2057.0,1736.8405792244876,1559.3820513231237,1914.2991071258512,320.15942077551244,"MATR_b1c15,MATR_b2c14,MATR_b2c5,MATR_b2c42,MATR_b4c8,MATR_b3c28,MATR_b2c10,MATR_b1c36,MATR_b2c27,MATR_b1c16,MATR_b1c23,MATR_b3c10",False,False,0.95
180,MATR_b1c30,707.0,917.5296083086319,22.142497417946153,874.1311108416862,960.9281057755775,527.0,737.5296083086319,694.1311108416862,780.9281057755775,210.52960830863185,"MATR_b1c15,MATR_b2c14,MATR_b2c5,MATR_b2c42,MATR_b4c8,MATR_b3c28,MATR_b2c10,MATR_b1c36,MATR_b2c27,MATR_b1c16,MATR_b1c23,MATR_b3c10",False,False,0.95
180,MATR_b1c34,742.0,807.9504020169677,27.250649687546463,754.5401100740589,861.3606939598765,562.0,627.9504020169677,574.5401100740589,681.3606939598765,65.9504020169677,"MATR_b1c15,MATR_b2c14,MATR_b2c5,MATR_b2c42,MATR_b4c8,MATR_b3c28,MATR_b2c10,MATR_b1c36,MATR_b2c27,MATR_b1c16,MATR_b1c23,MATR_b3c10",False,False,0.95
180,MATR_b1c35,701.0,721.1614562487293,38.847451679682464,645.0218500653917,797.3010624320669,521.0,541.1614562487293,465.02185006539173,617.3010624320669,20.161456248729337,"MATR_b1c15,MATR_b2c14,MATR_b2c5,MATR_b2c42,MATR_b4c8,MATR_b3c28,MATR_b2c10,MATR_b1c36,MATR_b2c27,MATR_b1c16,MATR_b1c23,MATR_b3c10",False,False,0.95
180,MATR_b1c42,700.0,765.623234658053,27.397912629296343,711.9243126530571,819.3221566630489,520.0,585.623234658053,531.9243126530571,639.3221566630489,65.62323465805298,"MATR_b1c15,MATR_b2c14,MATR_b2c5,MATR_b2c42,MATR_b4c8,MATR_b3c28,MATR_b2c10,MATR_b1c36,MATR_b2c27,MATR_b1c16,MATR_b1c23,MATR_b3c10",False,False,0.95
180,MATR_b1c5,1071.0,986.1898439759772,20.93143432935762,945.1649865456709,1027.2147014062834,891.0,806.1898439759772,765.1649865456709,847.2147014062834,84.81015602402283,"MATR_b1c15,MATR_b2c14,MATR_b2c5,MATR_b2c42,MATR_b4c8,MATR_b3c28,MATR_b2c10,MATR_b1c36,MATR_b2c27,MATR_b1c16,MATR_b1c23,MATR_b3c10",False,False,0.95
180,MATR_b1c6,633.0,957.4701334701977,21.089240752919657,916.1359811331807,998.8042858072146,453.0,777.4701334701977,736.1359811331807,818.8042858072146,324.47013347019765,"MATR_b1c15,MATR_b2c14,MATR_b2c5,MATR_b2c42,MATR_b4c8,MATR_b3c28,MATR_b2c10,MATR_b1c36,MATR_b2c27,MATR_b1c16,MATR_b1c23,MATR_b3c10",False,False,0.95
180,MATR_b2c19,460.0,444.14074011224363,11.516200343525801,421.56940220018527,466.712078024302,280.0,264.14074011224363,241.56940220018527,286.712078024302,15.859259887756366,"MATR_b1c15,MATR_b2c14,MATR_b2c5,MATR_b2c42,MATR_b4c8,MATR_b3c28,MATR_b2c10,MATR_b1c36,MATR_b2c27,MATR_b1c16,MATR_b1c23,MATR_b3c10",False,False,0.95
180,MATR_b2c22,512.0,494.0633219701071,11.822728200297677,470.8912004985176,517.2354434416966,332.0,314.0633219701071,290.8912004985176,337.2354434416966,17.936678029892903,"MATR_b1c15,MATR_b2c14,MATR_b2c5,MATR_b2c42,MATR_b4c8,MATR_b3c28,MATR_b2c10,MATR_b1c36,MATR_b2c27,MATR_b1c16,MATR_b1c23,MATR_b3c10",False,False,0.95
180,MATR_b2c24,494.0,479.3686535357446,11.557917904091804,456.71555070745404,502.0217563640352,314.0,299.3686535357446,276.71555070745404,322.0217563640352,14.631346464255387,"MATR_b1c15,MATR_b2c14,MATR_b2c5,MATR_b2c42,MATR_b4c8,MATR_b3c28,MATR_b2c10,MATR_b1c36,MATR_b2c27,MATR_b1c16,MATR_b1c23,MATR_b3c10",False,False,0.95
180,MATR_b2c3,334.0,295.22477237051413,40.231155461424166,216.37315660969088,374.07638813133735,154.0,115.22477237051413,36.37315660969088,194.07638813133735,38.77522762948587,"MATR_b1c15,MATR_b2c14,MATR_b2c5,MATR_b2c42,MATR_b4c8,MATR_b3c28,MATR_b2c10,MATR_b1c36,MATR_b2c27,MATR_b1c16,MATR_b1c23,MATR_b3c10",False,False,0.95
180,MATR_b2c33,519.0,585.8702781785036,23.17872737138041,540.4408073231252,631.2997490338819,339.0,405.87027817850355,360.4408073231252,451.2997490338819,66.87027817850355,"MATR_b1c15,MATR_b2c14,MATR_b2c5,MATR_b2c42,MATR_b4c8,MATR_b3c28,MATR_b2c10,MATR_b1c36,MATR_b2c27,MATR_b1c16,MATR_b1c23,MATR_b3c10",False,False,0.95
180,MATR_b2c41,428.0,471.317366653386,11.356173249095697,449.05967608296123,493.57505722381075,248.0,291.317366653386,269.05967608296123,313.57505722381075,43.31736665338599,"MATR_b1c15,MATR_b2c14,MATR_b2c5,MATR_b2c42,MATR_b4c8,MATR_b3c28,MATR_b2c10,MATR_b1c36,MATR_b2c27,MATR_b1c16,MATR_b1c23,MATR_b3c10",False,False,0.95
180,MATR_b3c1,1061.0,928.9745978066251,32.10007733417786,866.059602330686,991.8895932825642,881.0,748.9745978066251,686.059602330686,811.8895932825642,132.02540219337493,"MATR_b1c15,MATR_b2c14,MATR_b2c5,MATR_b2c42,MATR_b4c8,MATR_b3c28,MATR_b2c10,MATR_b1c36,MATR_b2c27,MATR_b1c16,MATR_b1c23,MATR_b3c10",False,False,0.95
180,MATR_b3c14,856.0,1038.8424771967045,21.612989741002277,996.4817957061064,1081.2031586873027,676.0,858.8424771967045,816.4817957061064,901.2031586873027,182.84247719670452,"MATR_b1c15,MATR_b2c14,MATR_b2c5,MATR_b2c42,MATR_b4c8,MATR_b3c28,MATR_b2c10,MATR_b1c36,MATR_b2c27,MATR_b1c16,MATR_b1c23,MATR_b3c10",False,False,0.95
180,MATR_b3c17,1313.0,988.5883567059363,31.07244777554621,927.687478154364,1049.4892352575087,1133.0,808.5883567059363,747.687478154364,869.4892352575087,324.41164329406365,"MATR_b1c15,MATR_b2c14,MATR_b2c5,MATR_b2c42,MATR_b4c8,MATR_b3c28,MATR_b2c10,MATR_b1c36,MATR_b2c27,MATR_b1c16,MATR_b1c23,MATR_b3c10",False,False,0.95
180,MATR_b3c24,823.0,844.0062822230431,30.683131709176987,783.8684491401573,904.1441153059288,643.0,664.0062822230431,603.8684491401573,724.1441153059288,21.00628222304306,"MATR_b1c15,MATR_b2c14,MATR_b2c5,MATR_b2c42,MATR_b4c8,MATR_b3c28,MATR_b2c10,MATR_b1c36,MATR_b2c27,MATR_b1c16,MATR_b1c23,MATR_b3c10",False,False,0.95
180,MATR_b3c31,729.0,756.5424260008238,40.83622711042743,676.5048915998879,836.5799604017596,549.0,576.5424260008238,496.50489159988786,656.5799604017596,27.542426000823752,"MATR_b1c15,MATR_b2c14,MATR_b2c5,MATR_b2c42,MATR_b4c8,MATR_b3c28,MATR_b2c10,MATR_b1c36,MATR_b2c27,MATR_b1c16,MATR_b1c23,MATR_b3c10",False,False,0.95
180,MATR_b3c33,1282.0,1159.6810164331314,135.59533940698367,893.9190347239587,1425.442998142304,1102.0,979.6810164331314,713.9190347239587,1245.442998142304,122.31898356686861,"MATR_b1c15,MATR_b2c14,MATR_b2c5,MATR_b2c42,MATR_b4c8,MATR_b3c28,MATR_b2c10,MATR_b1c36,MATR_b2c27,MATR_b1c16,MATR_b1c23,MATR_b3c10",False,False,0.95
180,MATR_b3c36,921.0,1006.3581085344774,44.64726059049044,918.8510857687417,1093.865131300213,741.0,826.3581085344774,738.8510857687417,913.8651313002131,85.35810853447742,"MATR_b1c15,MATR_b2c14,MATR_b2c5,MATR_b2c42,MATR_b4c8,MATR_b3c28,MATR_b2c10,MATR_b1c36,MATR_b2c27,MATR_b1c16,MATR_b1c23,MATR_b3c10",False,False,0.95
180,MATR_b3c6,665.0,576.7847232489648,17.858464571593164,541.7827758694577,611.7866706284719,485.0,396.78472324896484,361.78277586945774,431.78667062847194,88.21527675103516,"MATR_b1c15,MATR_b2c14,MATR_b2c5,MATR_b2c42,MATR_b4c8,MATR_b3c28,MATR_b2c10,MATR_b1c36,MATR_b2c27,MATR_b1c16,MATR_b1c23,MATR_b3c10",False,False,0.95
180,MATR_b4c1,760.0,772.6971396590318,27.802813382636906,718.2046267601752,827.1896525578884,580.0,592.6971396590318,538.2046267601752,647.1896525578884,12.69713965903179,"MATR_b1c15,MATR_b2c14,MATR_b2c5,MATR_b2c42,MATR_b4c8,MATR_b3c28,MATR_b2c10,MATR_b1c36,MATR_b2c27,MATR_b1c16,MATR_b1c23,MATR_b3c10",False,False,0.95
180,MATR_b4c11,863.0,773.9422120632001,48.02133002914958,679.8221347163552,868.0622894100451,683.0,593.9422120632001,499.8221347163552,688.0622894100451,89.05778793679985,"MATR_b1c15,MATR_b2c14,MATR_b2c5,MATR_b2c42,MATR_b4c8,MATR_b3c28,MATR_b2c10,MATR_b1c36,MATR_b2c27,MATR_b1c16,MATR_b1c23,MATR_b3c10",False,False,0.95
180,MATR_b4c15,675.0,784.1796729619897,39.10563524936784,707.5340362806687,860.8253096433107,495.0,604.1796729619897,527.5340362806687,680.8253096433107,109.1796729619897,"MATR_b1c15,MATR_b2c14,MATR_b2c5,MATR_b2c42,MATR_b4c8,MATR_b3c28,MATR_b2c10,MATR_b1c36,MATR_b2c27,MATR_b1c16,MATR_b1c23,MATR_b3c10",False,False,0.95
180,MATR_b4c21,773.0,969.6500803389204,43.71168536703803,883.9767513159793,1055.3234093618614,593.0,789.6500803389204,703.9767513159793,875.3234093618614,196.65008033892036,"MATR_b1c15,MATR_b2c14,MATR_b2c5,MATR_b2c42,MATR_b4c8,MATR_b3c28,MATR_b2c10,MATR_b1c36,MATR_b2c27,MATR_b1c16,MATR_b1c23,MATR_b3c10",False,False,0.95
180,MATR_b4c3,777.0,1068.590941710983,29.612857742180577,1010.5508070570011,1126.631076364965,597.0,888.5909417109831,830.5508070570011,946.6310763649651,291.5909417109831,"MATR_b1c15,MATR_b2c14,MATR_b2c5,MATR_b2c42,MATR_b4c8,MATR_b3c28,MATR_b2c10,MATR_b1c36,MATR_b2c27,MATR_b1c16,MATR_b1c23,MATR_b3c10",False,False,0.95
180,MATR_b4c32,754.0,972.5854120223678,35.19705456709493,903.6004527089707,1041.5703713357648,574.0,792.5854120223678,723.6004527089707,861.5703713357648,218.5854120223678,"MATR_b1c15,MATR_b2c14,MATR_b2c5,MATR_b2c42,MATR_b4c8,MATR_b3c28,MATR_b2c10,MATR_b1c36,MATR_b2c27,MATR_b1c16,MATR_b1c23,MATR_b3c10",False,False,0.95
180,MATR_b4c34,891.0,1141.7622350062493,47.91266771057144,1047.8551318902942,1235.6693381222044,711.0,961.7622350062493,867.8551318902942,1055.6693381222044,250.76223500624928,"MATR_b1c15,MATR_b2c14,MATR_b2c5,MATR_b2c42,MATR_b4c8,MATR_b3c28,MATR_b2c10,MATR_b1c36,MATR_b2c27,MATR_b1c16,MATR_b1c23,MATR_b3c10",False,False,0.95
180,MATR_b4c42,774.0,872.3457875292669,32.66239636415967,808.328667006742,936.3629080517918,594.0,692.3457875292669,628.328667006742,756.3629080517918,98.34578752926689,"MATR_b1c15,MATR_b2c14,MATR_b2c5,MATR_b2c42,MATR_b4c8,MATR_b3c28,MATR_b2c10,MATR_b1c36,MATR_b2c27,MATR_b1c16,MATR_b1c23,MATR_b3c10",False,False,0.95
180,MATR_b4c6,706.0,820.2218574627749,23.270718191608985,774.6120879128403,865.8316270127095,526.0,640.2218574627749,594.6120879128403,685.8316270127095,114.22185746277489,"MATR_b1c15,MATR_b2c14,MATR_b2c5,MATR_b2c42,MATR_b4c8,MATR_b3c28,MATR_b2c10,MATR_b1c36,MATR_b2c27,MATR_b1c16,MATR_b1c23,MATR_b3c10",False,False,0.95
180,MATR_b4c7,529.0,680.7283985211352,32.159350897591736,617.6972289956695,743.7595680466009,349.0,500.7283985211352,437.69722899566955,563.7595680466009,151.7283985211352,"MATR_b1c15,MATR_b2c14,MATR_b2c5,MATR_b2c42,MATR_b4c8,MATR_b3c28,MATR_b2c10,MATR_b1c36,MATR_b2c27,MATR_b1c16,MATR_b1c23,MATR_b3c10",False,False,0.95
200,MATR_b1c14,877.0,914.4655153533256,24.805152360926343,865.8483100948813,963.0827206117699,677.0,714.4655153533256,665.8483100948813,763.0827206117699,37.4655153533256,"MATR_b4c5,MATR_b4c24,MATR_b2c31,MATR_b2c34,MATR_b1c9,MATR_b1c39,MATR_b4c16,MATR_b4c37,MATR_b2c43,MATR_b4c2,MATR_b3c28,MATR_b2c20",False,False,0.95
200,MATR_b1c18,687.0,647.0625482704954,28.98298232873568,590.2569467416126,703.8681497993782,487.0,447.0625482704954,390.25694674161264,503.8681497993782,39.93745172950457,"MATR_b4c5,MATR_b4c24,MATR_b2c31,MATR_b2c34,MATR_b1c9,MATR_b1c39,MATR_b4c16,MATR_b4c37,MATR_b2c43,MATR_b4c2,MATR_b3c28,MATR_b2c20",False,False,0.95
200,MATR_b1c19,786.0,766.840823319722,24.16859846803818,719.4712407655572,814.2104058738867,586.0,566.840823319722,519.4712407655572,614.2104058738867,19.15917668027805,"MATR_b4c5,MATR_b4c24,MATR_b2c31,MATR_b2c34,MATR_b1c9,MATR_b1c39,MATR_b4c16,MATR_b4c37,MATR_b2c43,MATR_b4c2,MATR_b3c28,MATR_b2c20",False,False,0.95
200,MATR_b1c2,2237.0,1921.1988151762716,90.11231145701365,1744.5819301568688,2097.8157001956743,2037.0,1721.1988151762716,1544.5819301568688,1897.8157001956743,315.80118482372836,"MATR_b4c5,MATR_b4c24,MATR_b2c31,MATR_b2c34,MATR_b1c9,MATR_b1c39,MATR_b4c16,MATR_b4c37,MATR_b2c43,MATR_b4c2,MATR_b3c28,MATR_b2c20",False,False,0.95
200,MATR_b1c30,707.0,915.8208208948986,20.484456097397228,875.6720247011082,955.969617088689,507.0,715.8208208948986,675.6720247011082,755.969617088689,208.8208208948986,"MATR_b4c5,MATR_b4c24,MATR_b2c31,MATR_b2c34,MATR_b1c9,MATR_b1c39,MATR_b4c16,MATR_b4c37,MATR_b2c43,MATR_b4c2,MATR_b3c28,MATR_b2c20",False,False,0.95
200,MATR_b1c34,742.0,810.3538971419466,24.720134070838608,761.9033246701015,858.8044696137918,542.0,610.3538971419466,561.9033246701015,658.8044696137918,68.35389714194662,"MATR_b4c5,MATR_b4c24,MATR_b2c31,MATR_b2c34,MATR_b1c9,MATR_b1c39,MATR_b4c16,MATR_b4c37,MATR_b2c43,MATR_b4c2,MATR_b3c28,MATR_b2c20",False,False,0.95
200,MATR_b1c35,701.0,686.9755408771463,35.256107004384226,617.8748409134629,756.0762408408297,501.0,486.9755408771463,417.8748409134629,556.0762408408297,14.024459122853727,"MATR_b4c5,MATR_b4c24,MATR_b2c31,MATR_b2c34,MATR_b1c9,MATR_b1c39,MATR_b4c16,MATR_b4c37,MATR_b2c43,MATR_b4c2,MATR_b3c28,MATR_b2c20",False,False,0.95
200,MATR_b1c42,700.0,752.2305095030227,25.16845787879109,702.9012385141789,801.5597804918666,500.0,552.2305095030227,502.9012385141789,601.5597804918666,52.230509503022745,"MATR_b4c5,MATR_b4c24,MATR_b2c31,MATR_b2c34,MATR_b1c9,MATR_b1c39,MATR_b4c16,MATR_b4c37,MATR_b2c43,MATR_b4c2,MATR_b3c28,MATR_b2c20",False,False,0.95
200,MATR_b1c5,1071.0,997.0487927861141,19.50611766909825,958.8175046764811,1035.280080895747,871.0,797.0487927861141,758.8175046764811,835.280080895747,73.95120721388594,"MATR_b4c5,MATR_b4c24,MATR_b2c31,MATR_b2c34,MATR_b1c9,MATR_b1c39,MATR_b4c16,MATR_b4c37,MATR_b2c43,MATR_b4c2,MATR_b3c28,MATR_b2c20",False,False,0.95
200,MATR_b1c6,633.0,952.7392952936945,20.036184042367516,913.469096183038,992.0094944043509,433.0,752.7392952936945,713.469096183038,792.0094944043509,319.73929529369445,"MATR_b4c5,MATR_b4c24,MATR_b2c31,MATR_b2c34,MATR_b1c9,MATR_b1c39,MATR_b4c16,MATR_b4c37,MATR_b2c43,MATR_b4c2,MATR_b3c28,MATR_b2c20",False,False,0.95
200,MATR_b2c19,460.0,462.9041480580217,10.870977836073202,441.5974230225851,484.2108730934583,260.0,262.9041480580217,241.59742302258508,284.2108730934583,2.90414805802169,"MATR_b4c5,MATR_b4c24,MATR_b2c31,MATR_b2c34,MATR_b1c9,MATR_b1c39,MATR_b4c16,MATR_b4c37,MATR_b2c43,MATR_b4c2,MATR_b3c28,MATR_b2c20",False,False,0.95
200,MATR_b2c22,512.0,492.0505661168737,11.306883294965807,469.88948208134315,514.2116501524042,312.0,292.0505661168737,269.88948208134315,314.2116501524042,19.94943388312629,"MATR_b4c5,MATR_b4c24,MATR_b2c31,MATR_b2c34,MATR_b1c9,MATR_b1c39,MATR_b4c16,MATR_b4c37,MATR_b2c43,MATR_b4c2,MATR_b3c28,MATR_b2c20",False,False,0.95
200,MATR_b2c24,494.0,478.8920373458745,11.475885992888614,456.3997141091251,501.38436058262386,294.0,278.8920373458745,256.3997141091251,301.38436058262386,15.107962654125515,"MATR_b4c5,MATR_b4c24,MATR_b2c31,MATR_b2c34,MATR_b1c9,MATR_b1c39,MATR_b4c16,MATR_b4c37,MATR_b2c43,MATR_b4c2,MATR_b3c28,MATR_b2c20",False,False,0.95
200,MATR_b2c3,334.0,293.76274289256145,37.38961183606879,220.4804502979341,367.0450354871888,134.0,93.76274289256145,20.480450297934112,167.04503548718878,40.23725710743855,"MATR_b4c5,MATR_b4c24,MATR_b2c31,MATR_b2c34,MATR_b1c9,MATR_b1c39,MATR_b4c16,MATR_b4c37,MATR_b2c43,MATR_b4c2,MATR_b3c28,MATR_b2c20",False,False,0.95
200,MATR_b2c33,519.0,590.5840096616248,21.92985171548964,547.6022901129612,633.5657292102884,319.0,390.5840096616248,347.6022901129612,433.5657292102884,71.5840096616248,"MATR_b4c5,MATR_b4c24,MATR_b2c31,MATR_b2c34,MATR_b1c9,MATR_b1c39,MATR_b4c16,MATR_b4c37,MATR_b2c43,MATR_b4c2,MATR_b3c28,MATR_b2c20",False,False,0.95
200,MATR_b2c41,428.0,469.5485082107471,11.102451016593887,447.788104078103,491.3089123433912,228.0,269.5485082107471,247.788104078103,291.3089123433912,41.548508210747116,"MATR_b4c5,MATR_b4c24,MATR_b2c31,MATR_b2c34,MATR_b1c9,MATR_b1c39,MATR_b4c16,MATR_b4c37,MATR_b2c43,MATR_b4c2,MATR_b3c28,MATR_b2c20",False,False,0.95
200,MATR_b3c1,1061.0,924.7985697814904,30.82762116474736,864.3775425695409,985.21959699344,861.0,724.7985697814904,664.3775425695409,785.21959699344,136.20143021850959,"MATR_b4c5,MATR_b4c24,MATR_b2c31,MATR_b2c34,MATR_b1c9,MATR_b1c39,MATR_b4c16,MATR_b4c37,MATR_b2c43,MATR_b4c2,MATR_b3c28,MATR_b2c20",False,False,0.95
200,MATR_b3c14,856.0,1030.2357967663934,20.49424445701802,990.0678157402784,1070.4037777925082,656.0,830.2357967663934,790.0678157402784,870.4037777925082,174.23579676639338,"MATR_b4c5,MATR_b4c24,MATR_b2c31,MATR_b2c34,MATR_b1c9,MATR_b1c39,MATR_b4c16,MATR_b4c37,MATR_b2c43,MATR_b4c2,MATR_b3c28,MATR_b2c20",False,False,0.95
200,MATR_b3c17,1313.0,989.9942671963588,29.69100700797302,931.8009627960054,1048.1875715967124,1113.0,789.9942671963588,731.8009627960054,848.1875715967124,323.0057328036412,"MATR_b4c5,MATR_b4c24,MATR_b2c31,MATR_b2c34,MATR_b1c9,MATR_b1c39,MATR_b4c16,MATR_b4c37,MATR_b2c43,MATR_b4c2,MATR_b3c28,MATR_b2c20",False,False,0.95
200,MATR_b3c24,823.0,835.9616996965891,29.005205504255418,779.1125415440656,892.8108578491126,623.0,635.9616996965891,579.1125415440656,692.8108578491126,12.961699696589108,"MATR_b4c5,MATR_b4c24,MATR_b2c31,MATR_b2c34,MATR_b1c9,MATR_b1c39,MATR_b4c16,MATR_b4c37,MATR_b2c43,MATR_b4c2,MATR_b3c28,MATR_b2c20",False,False,0.95
200,MATR_b3c31,729.0,766.3195045136295,37.54357442891215,692.7354507820627,839.9035582451962,529.0,566.3195045136295,492.7354507820627,639.9035582451962,37.319504513629454,"MATR_b4c5,MATR_b4c24,MATR_b2c31,MATR_b2c34,MATR_b1c9,MATR_b1c39,MATR_b4c16,MATR_b4c37,MATR_b2c43,MATR_b4c2,MATR_b3c28,MATR_b2c20",False,False,0.95
200,MATR_b3c33,1282.0,1162.6967627489453,129.2845691848291,909.3036633899034,1416.089862107987,1082.0,962.6967627489453,709.3036633899034,1216.089862107987,119.30323725105472,"MATR_b4c5,MATR_b4c24,MATR_b2c31,MATR_b2c34,MATR_b1c9,MATR_b1c39,MATR_b4c16,MATR_b4c37,MATR_b2c43,MATR_b4c2,MATR_b3c28,MATR_b2c20",False,False,0.95
200,MATR_b3c36,921.0,1005.1468266721699,44.83736789507942,917.2672004362419,1093.026452908098,721.0,805.1468266721699,717.2672004362419,893.026452908098,84.14682667216994,"MATR_b4c5,MATR_b4c24,MATR_b2c31,MATR_b2c34,MATR_b1c9,MATR_b1c39,MATR_b4c16,MATR_b4c37,MATR_b2c43,MATR_b4c2,MATR_b3c28,MATR_b2c20",False,False,0.95
200,MATR_b3c6,665.0,572.1967231393145,16.569303970134964,539.7214841089534,604.6719621696756,465.0,372.1967231393145,339.7214841089534,404.67196216967557,92.80327686068551,"MATR_b4c5,MATR_b4c24,MATR_b2c31,MATR_b2c34,MATR_b1c9,MATR_b1c39,MATR_b4c16,MATR_b4c37,MATR_b2c43,MATR_b4c2,MATR_b3c28,MATR_b2c20",False,False,0.95
200,MATR_b4c1,760.0,769.6239376012162,26.271531436797524,718.1326821663813,821.1151930360511,560.0,569.6239376012162,518.1326821663813,621.1151930360511,9.623937601216198,"MATR_b4c5,MATR_b4c24,MATR_b2c31,MATR_b2c34,MATR_b1c9,MATR_b1c39,MATR_b4c16,MATR_b4c37,MATR_b2c43,MATR_b4c2,MATR_b3c28,MATR_b2c20",False,False,0.95
200,MATR_b4c11,863.0,783.7884443898835,47.26171474312455,691.1571856457537,876.4197031340133,663.0,583.7884443898835,491.15718564575366,676.4197031340133,79.21155561011653,"MATR_b4c5,MATR_b4c24,MATR_b2c31,MATR_b2c34,MATR_b1c9,MATR_b1c39,MATR_b4c16,MATR_b4c37,MATR_b2c43,MATR_b4c2,MATR_b3c28,MATR_b2c20",False,False,0.95
200,MATR_b4c15,675.0,784.6812622895033,36.72567829462825,712.7002555242275,856.662269054779,475.0,584.6812622895033,512.7002555242275,656.662269054779,109.68126228950325,"MATR_b4c5,MATR_b4c24,MATR_b2c31,MATR_b2c34,MATR_b1c9,MATR_b1c39,MATR_b4c16,MATR_b4c37,MATR_b2c43,MATR_b4c2,MATR_b3c28,MATR_b2c20",False,False,0.95
200,MATR_b4c21,773.0,971.546100417623,44.66326165324954,884.0077161451651,1059.084484690081,573.0,771.546100417623,684.0077161451651,859.0844846900809,198.54610041762305,"MATR_b4c5,MATR_b4c24,MATR_b2c31,MATR_b2c34,MATR_b1c9,MATR_b1c39,MATR_b4c16,MATR_b4c37,MATR_b2c43,MATR_b4c2,MATR_b3c28,MATR_b2c20",False,False,0.95
200,MATR_b4c3,777.0,1044.1406026837758,26.3107083993365,992.5725618133408,1095.7086435542108,577.0,844.1406026837758,792.5725618133408,895.7086435542108,267.1406026837758,"MATR_b4c5,MATR_b4c24,MATR_b2c31,MATR_b2c34,MATR_b1c9,MATR_b1c39,MATR_b4c16,MATR_b4c37,MATR_b2c43,MATR_b4c2,MATR_b3c28,MATR_b2c20",False,False,0.95
200,MATR_b4c32,754.0,967.8748798108362,35.28822439777588,898.7112309128279,1037.0385287088445,554.0,767.8748798108362,698.7112309128279,837.0385287088445,213.8748798108362,"MATR_b4c5,MATR_b4c24,MATR_b2c31,MATR_b2c34,MATR_b1c9,MATR_b1c39,MATR_b4c16,MATR_b4c37,MATR_b2c43,MATR_b4c2,MATR_b3c28,MATR_b2c20",False,False,0.95
200,MATR_b4c34,891.0,1139.309447574735,46.229102789473224,1048.7020710697675,1229.9168240797026,691.0,939.309447574735,848.7020710697675,1029.9168240797026,248.30944757473503,"MATR_b4c5,MATR_b4c24,MATR_b2c31,MATR_b2c34,MATR_b1c9,MATR_b1c39,MATR_b4c16,MATR_b4c37,MATR_b2c43,MATR_b4c2,MATR_b3c28,MATR_b2c20",False,False,0.95
200,MATR_b4c42,774.0,867.4714526123483,31.42091667141424,805.8875875751423,929.0553176495544,574.0,667.4714526123483,605.8875875751423,729.0553176495544,93.47145261234834,"MATR_b4c5,MATR_b4c24,MATR_b2c31,MATR_b2c34,MATR_b1c9,MATR_b1c39,MATR_b4c16,MATR_b4c37,MATR_b2c43,MATR_b4c2,MATR_b3c28,MATR_b2c20",False,False,0.95
200,MATR_b4c6,706.0,821.2026929695977,21.47787226926493,779.1068368572869,863.2985490819085,506.0,621.2026929695977,579.1068368572869,663.2985490819085,115.2026929695977,"MATR_b4c5,MATR_b4c24,MATR_b2c31,MATR_b2c34,MATR_b1c9,MATR_b1c39,MATR_b4c16,MATR_b4c37,MATR_b2c43,MATR_b4c2,MATR_b3c28,MATR_b2c20",False,False,0.95
200,MATR_b4c7,529.0,677.3527153322477,30.75447076081365,617.0750602774629,737.6303703870326,329.0,477.3527153322477,417.07506027746285,537.6303703870326,148.35271533224773,"MATR_b4c5,MATR_b4c24,MATR_b2c31,MATR_b2c34,MATR_b1c9,MATR_b1c39,MATR_b4c16,MATR_b4c37,MATR_b2c43,MATR_b4c2,MATR_b3c28,MATR_b2c20",False,False,0.95
220,MATR_b1c14,877.0,909.0738205818814,26.22036191060875,857.6828555754823,960.4647855882804,657.0,689.0738205818814,637.6828555754823,740.4647855882804,32.073820581881364,"MATR_b1c9,MATR_b2c32,MATR_b4c2,MATR_b2c38,MATR_b4c43,MATR_b2c42,MATR_b2c27,MATR_b2c44,MATR_b2c2,MATR_b3c44,MATR_b4c33,MATR_b4c40",False,False,0.95
220,MATR_b1c18,687.0,644.1587388218277,29.087095094920983,587.1490800208909,701.1683976227645,467.0,424.1587388218277,367.1490800208909,481.1683976227645,42.84126117817232,"MATR_b1c9,MATR_b2c32,MATR_b4c2,MATR_b2c38,MATR_b4c43,MATR_b2c42,MATR_b2c27,MATR_b2c44,MATR_b2c2,MATR_b3c44,MATR_b4c33,MATR_b4c40",False,False,0.95
220,MATR_b1c19,786.0,777.5709882160966,24.810367644098488,728.9435611904656,826.1984152417275,566.0,557.5709882160966,508.94356119046563,606.1984152417275,8.429011783903434,"MATR_b1c9,MATR_b2c32,MATR_b4c2,MATR_b2c38,MATR_b4c43,MATR_b2c42,MATR_b2c27,MATR_b2c44,MATR_b2c2,MATR_b3c44,MATR_b4c33,MATR_b4c40",False,False,0.95
220,MATR_b1c2,2237.0,1920.642894689469,92.04133108120072,1740.2452006811884,2101.040588697749,2017.0,1700.642894689469,1520.2452006811884,1881.0405886977492,316.3571053105311,"MATR_b1c9,MATR_b2c32,MATR_b4c2,MATR_b2c38,MATR_b4c43,MATR_b2c42,MATR_b2c27,MATR_b2c44,MATR_b2c2,MATR_b3c44,MATR_b4c33,MATR_b4c40",False,False,0.95
220,MATR_b1c30,707.0,921.0459371223709,21.245525170071062,879.4054729563924,962.6864012883494,487.0,701.0459371223709,659.4054729563924,742.6864012883494,214.0459371223709,"MATR_b1c9,MATR_b2c32,MATR_b4c2,MATR_b2c38,MATR_b4c43,MATR_b2c42,MATR_b2c27,MATR_b2c44,MATR_b2c2,MATR_b3c44,MATR_b4c33,MATR_b4c40",False,False,0.95
220,MATR_b1c34,742.0,825.1142353304965,25.10702480705425,775.9053709497165,874.3230997112765,522.0,605.1142353304965,555.9053709497165,654.3230997112765,83.11423533049651,"MATR_b1c9,MATR_b2c32,MATR_b4c2,MATR_b2c38,MATR_b4c43,MATR_b2c42,MATR_b2c27,MATR_b2c44,MATR_b2c2,MATR_b3c44,MATR_b4c33,MATR_b4c40",False,False,0.95
220,MATR_b1c35,701.0,679.1232957357716,37.63186256275689,605.366200441607,752.8803910299363,481.0,459.12329573577165,385.366200441607,532.8803910299363,21.87670426422835,"MATR_b1c9,MATR_b2c32,MATR_b4c2,MATR_b2c38,MATR_b4c43,MATR_b2c42,MATR_b2c27,MATR_b2c44,MATR_b2c2,MATR_b3c44,MATR_b4c33,MATR_b4c40",False,False,0.95
220,MATR_b1c42,700.0,756.8671397170377,25.86905836601612,706.1647170056816,807.5695624283939,480.0,536.8671397170377,486.1647170056816,587.5695624283939,56.86713971703773,"MATR_b1c9,MATR_b2c32,MATR_b4c2,MATR_b2c38,MATR_b4c43,MATR_b2c42,MATR_b2c27,MATR_b2c44,MATR_b2c2,MATR_b3c44,MATR_b4c33,MATR_b4c40",False,False,0.95
220,MATR_b1c5,1071.0,1011.6405011330257,19.83087784532241,972.7726947743805,1050.5083074916708,851.0,791.6405011330257,752.7726947743805,830.5083074916708,59.35949886697426,"MATR_b1c9,MATR_b2c32,MATR_b4c2,MATR_b2c38,MATR_b4c43,MATR_b2c42,MATR_b2c27,MATR_b2c44,MATR_b2c2,MATR_b3c44,MATR_b4c33,MATR_b4c40",False,False,0.95
220,MATR_b1c6,633.0,955.0314228336775,21.16896613045109,913.5410116280452,996.5218340393099,413.0,735.0314228336775,693.5410116280452,776.5218340393099,322.03142283367754,"MATR_b1c9,MATR_b2c32,MATR_b4c2,MATR_b2c38,MATR_b4c43,MATR_b2c42,MATR_b2c27,MATR_b2c44,MATR_b2c2,MATR_b3c44,MATR_b4c33,MATR_b4c40",False,False,0.95
220,MATR_b2c19,460.0,474.4997573805283,10.917066166207922,453.10270087792003,495.8968138831366,240.0,254.4997573805283,233.10270087792003,275.8968138831366,14.499757380528308,"MATR_b1c9,MATR_b2c32,MATR_b4c2,MATR_b2c38,MATR_b4c43,MATR_b2c42,MATR_b2c27,MATR_b2c44,MATR_b2c2,MATR_b3c44,MATR_b4c33,MATR_b4c40",False,False,0.95
220,MATR_b2c22,512.0,490.16399329898263,10.650379826551537,469.2896324172697,511.0383541806956,292.0,270.16399329898263,249.28963241726967,291.0383541806956,21.836006701017368,"MATR_b1c9,MATR_b2c32,MATR_b4c2,MATR_b2c38,MATR_b4c43,MATR_b2c42,MATR_b2c27,MATR_b2c44,MATR_b2c2,MATR_b3c44,MATR_b4c33,MATR_b4c40",False,False,0.95
220,MATR_b2c24,494.0,480.05730615502586,11.070292456104571,458.35993164273543,501.7546806673163,274.0,260.05730615502586,238.35993164273543,281.7546806673163,13.942693844974144,"MATR_b1c9,MATR_b2c32,MATR_b4c2,MATR_b2c38,MATR_b4c43,MATR_b2c42,MATR_b2c27,MATR_b2c44,MATR_b2c2,MATR_b3c44,MATR_b4c33,MATR_b4c40",False,False,0.95
220,MATR_b2c3,334.0,302.33152136415833,39.15999934233504,225.57933301856946,379.0837097097472,114.0,82.33152136415833,5.579333018569457,159.0837097097472,31.668478635841666,"MATR_b1c9,MATR_b2c32,MATR_b4c2,MATR_b2c38,MATR_b4c43,MATR_b2c42,MATR_b2c27,MATR_b2c44,MATR_b2c2,MATR_b3c44,MATR_b4c33,MATR_b4c40",False,False,0.95
220,MATR_b2c33,519.0,593.5566599072026,22.143471313856512,550.156253639348,636.9570661750572,299.0,373.55665990720263,330.15625363934805,416.9570661750572,74.55665990720263,"MATR_b1c9,MATR_b2c32,MATR_b4c2,MATR_b2c38,MATR_b4c43,MATR_b2c42,MATR_b2c27,MATR_b2c44,MATR_b2c2,MATR_b3c44,MATR_b4c33,MATR_b4c40",False,False,0.95
220,MATR_b2c41,428.0,470.75899966477954,11.046382605783558,449.10848759799404,492.40951173156503,208.0,250.75899966477954,229.10848759799404,272.40951173156503,42.75899966477954,"MATR_b1c9,MATR_b2c32,MATR_b4c2,MATR_b2c38,MATR_b4c43,MATR_b2c42,MATR_b2c27,MATR_b2c44,MATR_b2c2,MATR_b3c44,MATR_b4c33,MATR_b4c40",False,False,0.95
220,MATR_b3c1,1061.0,932.9636566362152,33.63351173112348,867.0431849696078,998.8841283028227,841.0,712.9636566362152,647.0431849696078,778.8841283028227,128.0363433637848,"MATR_b1c9,MATR_b2c32,MATR_b4c2,MATR_b2c38,MATR_b4c43,MATR_b2c42,MATR_b2c27,MATR_b2c44,MATR_b2c2,MATR_b3c44,MATR_b4c33,MATR_b4c40",False,False,0.95
220,MATR_b3c14,856.0,1027.6591975243618,21.069508774909757,986.3637191535881,1068.9546758951356,636.0,807.6591975243618,766.3637191535881,848.9546758951356,171.65919752436184,"MATR_b1c9,MATR_b2c32,MATR_b4c2,MATR_b2c38,MATR_b4c43,MATR_b2c42,MATR_b2c27,MATR_b2c44,MATR_b2c2,MATR_b3c44,MATR_b4c33,MATR_b4c40",False,False,0.95
220,MATR_b3c17,1313.0,1009.0923001311631,31.639612761024008,947.0797986347623,1071.104801627564,1093.0,789.0923001311631,727.0797986347623,851.104801627564,303.90769986883686,"MATR_b1c9,MATR_b2c32,MATR_b4c2,MATR_b2c38,MATR_b4c43,MATR_b2c42,MATR_b2c27,MATR_b2c44,MATR_b2c2,MATR_b3c44,MATR_b4c33,MATR_b4c40",False,False,0.95
220,MATR_b3c24,823.0,848.5594855493455,31.03771921196011,787.7266737316368,909.3922973670542,603.0,628.5594855493455,567.7266737316368,689.3922973670542,25.55948554934548,"MATR_b1c9,MATR_b2c32,MATR_b4c2,MATR_b2c38,MATR_b4c43,MATR_b2c42,MATR_b2c27,MATR_b2c44,MATR_b2c2,MATR_b3c44,MATR_b4c33,MATR_b4c40",False,False,0.95
220,MATR_b3c31,729.0,781.750467220218,39.201563996538304,704.9168136493608,858.5841207910751,509.0,561.750467220218,484.91681364936085,638.5841207910751,52.750467220217956,"MATR_b1c9,MATR_b2c32,MATR_b4c2,MATR_b2c38,MATR_b4c43,MATR_b2c42,MATR_b2c27,MATR_b2c44,MATR_b2c2,MATR_b3c44,MATR_b4c33,MATR_b4c40",False,False,0.95
220,MATR_b3c33,1282.0,1166.3737796830828,129.59470092695042,912.3728332790205,1420.374726087145,1062.0,946.3737796830828,692.3728332790205,1200.374726087145,115.62622031691717,"MATR_b1c9,MATR_b2c32,MATR_b4c2,MATR_b2c38,MATR_b4c43,MATR_b2c42,MATR_b2c27,MATR_b2c44,MATR_b2c2,MATR_b3c44,MATR_b4c33,MATR_b4c40",False,False,0.95
220,MATR_b3c36,921.0,1022.6383736071293,50.545818782759994,923.5703892238316,1121.706357990427,701.0,802.6383736071293,703.5703892238316,901.706357990427,101.63837360712932,"MATR_b1c9,MATR_b2c32,MATR_b4c2,MATR_b2c38,MATR_b4c43,MATR_b2c42,MATR_b2c27,MATR_b2c44,MATR_b2c2,MATR_b3c44,MATR_b4c33,MATR_b4c40",False,False,0.95
220,MATR_b3c6,665.0,576.5146106305804,16.67582677583757,543.8305907375101,609.1986305236506,445.0,356.51461063058036,323.8305907375101,389.19863052365065,88.48538936941964,"MATR_b1c9,MATR_b2c32,MATR_b4c2,MATR_b2c38,MATR_b4c43,MATR_b2c42,MATR_b2c27,MATR_b2c44,MATR_b2c2,MATR_b3c44,MATR_b4c33,MATR_b4c40",False,False,0.95
220,MATR_b4c1,760.0,781.3725826687676,27.024388261589554,728.405754971825,834.3394103657101,540.0,561.3725826687676,508.405754971825,614.3394103657101,21.372582668767564,"MATR_b1c9,MATR_b2c32,MATR_b4c2,MATR_b2c38,MATR_b4c43,MATR_b2c42,MATR_b2c27,MATR_b2c44,MATR_b2c2,MATR_b3c44,MATR_b4c33,MATR_b4c40",False,False,0.95
220,MATR_b4c11,863.0,800.4402037042262,50.189975095396846,702.0696601322861,898.8107472761662,643.0,580.4402037042262,482.0696601322861,678.8107472761662,62.55979629577382,"MATR_b1c9,MATR_b2c32,MATR_b4c2,MATR_b2c38,MATR_b4c43,MATR_b2c42,MATR_b2c27,MATR_b2c44,MATR_b2c2,MATR_b3c44,MATR_b4c33,MATR_b4c40",False,False,0.95
220,MATR_b4c15,675.0,777.1946044994066,37.410755257427034,703.8708715604072,850.5183374384061,455.0,557.1946044994066,483.8708715604072,630.5183374384061,102.19460449940664,"MATR_b1c9,MATR_b2c32,MATR_b4c2,MATR_b2c38,MATR_b4c43,MATR_b2c42,MATR_b2c27,MATR_b2c44,MATR_b2c2,MATR_b3c44,MATR_b4c33,MATR_b4c40",False,False,0.95
220,MATR_b4c21,773.0,983.0542378910213,49.3099683965689,886.4084757549381,1079.7000000271046,553.0,763.0542378910213,666.4084757549381,859.7000000271046,210.05423789102133,"MATR_b1c9,MATR_b2c32,MATR_b4c2,MATR_b2c38,MATR_b4c43,MATR_b2c42,MATR_b2c27,MATR_b2c44,MATR_b2c2,MATR_b3c44,MATR_b4c33,MATR_b4c40",False,False,0.95
220,MATR_b4c3,777.0,1054.9296003615684,26.85487862026413,1002.295005456656,1107.5641952664807,557.0,834.9296003615684,782.295005456656,887.5641952664807,277.9296003615684,"MATR_b1c9,MATR_b2c32,MATR_b4c2,MATR_b2c38,MATR_b4c43,MATR_b2c42,MATR_b2c27,MATR_b2c44,MATR_b2c2,MATR_b3c44,MATR_b4c33,MATR_b4c40",False,False,0.95
220,MATR_b4c32,754.0,981.5510695442755,37.46034161466008,908.1301491309747,1054.9719899575762,534.0,761.5510695442755,688.1301491309747,834.9719899575762,227.5510695442755,"MATR_b1c9,MATR_b2c32,MATR_b4c2,MATR_b2c38,MATR_b4c43,MATR_b2c42,MATR_b2c27,MATR_b2c44,MATR_b2c2,MATR_b3c44,MATR_b4c33,MATR_b4c40",False,False,0.95
220,MATR_b4c34,891.0,1148.098524124142,48.812989783993274,1052.4268221697935,1243.7702260784904,671.0,928.0985241241419,832.4268221697935,1023.7702260784904,257.09852412414193,"MATR_b1c9,MATR_b2c32,MATR_b4c2,MATR_b2c38,MATR_b4c43,MATR_b2c42,MATR_b2c27,MATR_b2c44,MATR_b2c2,MATR_b3c44,MATR_b4c33,MATR_b4c40",False,False,0.95
220,MATR_b4c42,774.0,874.8442304482892,32.84115331182235,810.4767527463591,939.2117081502192,554.0,654.8442304482892,590.4767527463591,719.2117081502192,100.84423044828918,"MATR_b1c9,MATR_b2c32,MATR_b4c2,MATR_b2c38,MATR_b4c43,MATR_b2c42,MATR_b2c27,MATR_b2c44,MATR_b2c2,MATR_b3c44,MATR_b4c33,MATR_b4c40",False,False,0.95
220,MATR_b4c6,706.0,832.3749163357115,21.957471309411225,789.339063377694,875.4107692937291,486.0,612.3749163357115,569.339063377694,655.4107692937291,126.37491633571153,"MATR_b1c9,MATR_b2c32,MATR_b4c2,MATR_b2c38,MATR_b4c43,MATR_b2c42,MATR_b2c27,MATR_b2c44,MATR_b2c2,MATR_b3c44,MATR_b4c33,MATR_b4c40",False,False,0.95
220,MATR_b4c7,529.0,686.3899048030497,32.3581809220735,622.9690355905545,749.8107740155449,309.0,466.3899048030497,402.96903559055454,529.8107740155449,157.38990480304972,"MATR_b1c9,MATR_b2c32,MATR_b4c2,MATR_b2c38,MATR_b4c43,MATR_b2c42,MATR_b2c27,MATR_b2c44,MATR_b2c2,MATR_b3c44,MATR_b4c33,MATR_b4c40",False,False,0.95
240,MATR_b1c14,877.0,892.1388433976647,26.24108895617924,840.7072541284416,943.5704326668878,637.0,652.1388433976647,600.7072541284416,703.5704326668878,15.138843397664687,"MATR_b2c31,MATR_b4c40,MATR_b3c35,MATR_b1c40,MATR_b2c5,MATR_b1c0,MATR_b1c17,MATR_b4c41,MATR_b3c38,MATR_b2c43,MATR_b3c5,MATR_b2c0",False,False,0.95
240,MATR_b1c18,687.0,635.3781309325108,27.9403961754227,580.6159607149016,690.14030115012,447.0,395.37813093251077,340.6159607149016,450.14030115011997,51.62186906748923,"MATR_b2c31,MATR_b4c40,MATR_b3c35,MATR_b1c40,MATR_b2c5,MATR_b1c0,MATR_b1c17,MATR_b4c41,MATR_b3c38,MATR_b2c43,MATR_b3c5,MATR_b2c0",False,False,0.95
240,MATR_b1c19,786.0,772.466426893615,23.872981068349034,725.6762437960443,819.2566099911857,546.0,532.466426893615,485.67624379604433,579.2566099911857,13.533573106385006,"MATR_b2c31,MATR_b4c40,MATR_b3c35,MATR_b1c40,MATR_b2c5,MATR_b1c0,MATR_b1c17,MATR_b4c41,MATR_b3c38,MATR_b2c43,MATR_b3c5,MATR_b2c0",False,False,0.95
240,MATR_b1c2,2237.0,1915.4682046280218,94.50590876948493,1730.2400271136032,2100.69638214244,1997.0,1675.4682046280218,1490.2400271136032,1860.6963821424401,321.5317953719782,"MATR_b2c31,MATR_b4c40,MATR_b3c35,MATR_b1c40,MATR_b2c5,MATR_b1c0,MATR_b1c17,MATR_b4c41,MATR_b3c38,MATR_b2c43,MATR_b3c5,MATR_b2c0",False,False,0.95
240,MATR_b1c30,707.0,905.4968655715195,20.965435999619324,864.4053660920861,946.5883650509529,467.0,665.4968655715195,624.4053660920861,706.5883650509529,198.4968655715195,"MATR_b2c31,MATR_b4c40,MATR_b3c35,MATR_b1c40,MATR_b2c5,MATR_b1c0,MATR_b1c17,MATR_b4c41,MATR_b3c38,MATR_b2c43,MATR_b3c5,MATR_b2c0",False,False,0.95
240,MATR_b1c34,742.0,819.7405929194775,24.24794746067672,772.2154891975317,867.2656966414233,502.0,579.7405929194775,532.2154891975317,627.2656966414233,77.74059291947754,"MATR_b2c31,MATR_b4c40,MATR_b3c35,MATR_b1c40,MATR_b2c5,MATR_b1c0,MATR_b1c17,MATR_b4c41,MATR_b3c38,MATR_b2c43,MATR_b3c5,MATR_b2c0",False,False,0.95
240,MATR_b1c35,701.0,662.8544068965074,34.831384881621695,594.586146996876,731.1226667961388,461.0,422.8544068965074,354.586146996876,491.1226667961388,38.145593103492615,"MATR_b2c31,MATR_b4c40,MATR_b3c35,MATR_b1c40,MATR_b2c5,MATR_b1c0,MATR_b1c17,MATR_b4c41,MATR_b3c38,MATR_b2c43,MATR_b3c5,MATR_b2c0",False,False,0.95
240,MATR_b1c42,700.0,739.3544693561674,24.41602919181473,691.499931494732,787.2090072176029,460.0,499.35446935616744,451.499931494732,547.2090072176029,39.35446935616744,"MATR_b2c31,MATR_b4c40,MATR_b3c35,MATR_b1c40,MATR_b2c5,MATR_b1c0,MATR_b1c17,MATR_b4c41,MATR_b3c38,MATR_b2c43,MATR_b3c5,MATR_b2c0",False,False,0.95
240,MATR_b1c5,1071.0,1013.0258798275408,19.188094782456872,975.4179051219844,1050.6338545330973,831.0,773.0258798275408,735.4179051219844,810.6338545330973,57.97412017245915,"MATR_b2c31,MATR_b4c40,MATR_b3c35,MATR_b1c40,MATR_b2c5,MATR_b1c0,MATR_b1c17,MATR_b4c41,MATR_b3c38,MATR_b2c43,MATR_b3c5,MATR_b2c0",False,False,0.95
240,MATR_b1c6,633.0,935.3571822663436,21.040087238313443,894.1193690476684,976.5949954850187,393.0,695.3571822663436,654.1193690476684,736.5949954850187,302.35718226634356,"MATR_b2c31,MATR_b4c40,MATR_b3c35,MATR_b1c40,MATR_b2c5,MATR_b1c0,MATR_b1c17,MATR_b4c41,MATR_b3c38,MATR_b2c43,MATR_b3c5,MATR_b2c0",False,False,0.95
240,MATR_b2c19,460.0,476.845764417929,10.943703630799618,455.39649944408154,498.29502939177644,220.0,236.845764417929,215.39649944408154,258.29502939177644,16.84576441792899,"MATR_b2c31,MATR_b4c40,MATR_b3c35,MATR_b1c40,MATR_b2c5,MATR_b1c0,MATR_b1c17,MATR_b4c41,MATR_b3c38,MATR_b2c43,MATR_b3c5,MATR_b2c0",False,False,0.95
240,MATR_b2c22,512.0,483.8844818421828,9.99534190681397,464.29397169166356,503.4749919927021,272.0,243.88448184218282,224.29397169166356,263.4749919927021,28.115518157817178,"MATR_b2c31,MATR_b4c40,MATR_b3c35,MATR_b1c40,MATR_b2c5,MATR_b1c0,MATR_b1c17,MATR_b4c41,MATR_b3c38,MATR_b2c43,MATR_b3c5,MATR_b2c0",False,False,0.95
240,MATR_b2c24,494.0,477.54314916672536,10.476285346749567,457.0100071953315,498.0762911381192,254.0,237.54314916672536,217.01000719533153,258.0762911381192,16.456850833274643,"MATR_b2c31,MATR_b4c40,MATR_b3c35,MATR_b1c40,MATR_b2c5,MATR_b1c0,MATR_b1c17,MATR_b4c41,MATR_b3c38,MATR_b2c43,MATR_b3c5,MATR_b2c0",False,False,0.95
240,MATR_b2c3,334.0,292.3144891016886,37.78324456667837,218.26069053193032,366.36828767144686,94.0,52.314489101688594,-21.739309468069678,126.36828767144686,41.685510898311406,"MATR_b2c31,MATR_b4c40,MATR_b3c35,MATR_b1c40,MATR_b2c5,MATR_b1c0,MATR_b1c17,MATR_b4c41,MATR_b3c38,MATR_b2c43,MATR_b3c5,MATR_b2c0",False,False,0.95
240,MATR_b2c33,519.0,587.5364776416059,21.059988589525148,546.259658491312,628.8132967918997,279.0,347.53647764160587,306.25965849131205,388.8132967918997,68.53647764160587,"MATR_b2c31,MATR_b4c40,MATR_b3c35,MATR_b1c40,MATR_b2c5,MATR_b1c0,MATR_b1c17,MATR_b4c41,MATR_b3c38,MATR_b2c43,MATR_b3c5,MATR_b2c0",False,False,0.95
240,MATR_b2c41,428.0,468.0565184953201,10.58069333983523,447.31874061778024,488.79429637286,188.0,228.05651849532012,207.31874061778024,248.79429637286,40.05651849532012,"MATR_b2c31,MATR_b4c40,MATR_b3c35,MATR_b1c40,MATR_b2c5,MATR_b1c0,MATR_b1c17,MATR_b4c41,MATR_b3c38,MATR_b2c43,MATR_b3c5,MATR_b2c0",False,False,0.95
240,MATR_b3c1,1061.0,921.0723969803413,33.04404829314736,856.3072524223702,985.8375415383124,821.0,681.0723969803413,616.3072524223702,745.8375415383124,139.9276030196587,"MATR_b2c31,MATR_b4c40,MATR_b3c35,MATR_b1c40,MATR_b2c5,MATR_b1c0,MATR_b1c17,MATR_b4c41,MATR_b3c38,MATR_b2c43,MATR_b3c5,MATR_b2c0",False,False,0.95
240,MATR_b3c14,856.0,1013.5178337017963,20.58046247395185,973.1808684676727,1053.8547989359201,616.0,773.5178337017963,733.1808684676727,813.8547989359201,157.51783370179635,"MATR_b2c31,MATR_b4c40,MATR_b3c35,MATR_b1c40,MATR_b2c5,MATR_b1c0,MATR_b1c17,MATR_b4c41,MATR_b3c38,MATR_b2c43,MATR_b3c5,MATR_b2c0",False,False,0.95
240,MATR_b3c17,1313.0,996.9486744046046,30.999120941193954,936.1915138074631,1057.7058350017462,1073.0,756.9486744046046,696.1915138074631,817.7058350017462,316.0513255953954,"MATR_b2c31,MATR_b4c40,MATR_b3c35,MATR_b1c40,MATR_b2c5,MATR_b1c0,MATR_b1c17,MATR_b4c41,MATR_b3c38,MATR_b2c43,MATR_b3c5,MATR_b2c0",False,False,0.95
240,MATR_b3c24,823.0,848.8816333791724,30.49631777240082,789.109948884178,908.6533178741668,583.0,608.8816333791724,549.109948884178,668.6533178741668,25.8816333791724,"MATR_b2c31,MATR_b4c40,MATR_b3c35,MATR_b1c40,MATR_b2c5,MATR_b1c0,MATR_b1c17,MATR_b4c41,MATR_b3c38,MATR_b2c43,MATR_b3c5,MATR_b2c0",False,False,0.95
240,MATR_b3c31,729.0,777.2282497802229,37.41330996988754,703.89950969681,850.5569898636357,489.0,537.2282497802229,463.89950969681,610.5569898636357,48.22824978022288,"MATR_b2c31,MATR_b4c40,MATR_b3c35,MATR_b1c40,MATR_b2c5,MATR_b1c0,MATR_b1c17,MATR_b4c41,MATR_b3c38,MATR_b2c43,MATR_b3c5,MATR_b2c0",False,False,0.95
240,MATR_b3c33,1282.0,1146.8386133336726,113.70929183580999,923.9724966279307,1369.7047300394145,1042.0,906.8386133336726,683.9724966279307,1129.7047300394145,135.16138666632742,"MATR_b2c31,MATR_b4c40,MATR_b3c35,MATR_b1c40,MATR_b2c5,MATR_b1c0,MATR_b1c17,MATR_b4c41,MATR_b3c38,MATR_b2c43,MATR_b3c5,MATR_b2c0",False,False,0.95
240,MATR_b3c36,921.0,1015.651371467159,50.44427013865752,916.782418768981,1114.5203241653371,681.0,775.651371467159,676.782418768981,874.5203241653371,94.65137146715904,"MATR_b2c31,MATR_b4c40,MATR_b3c35,MATR_b1c40,MATR_b2c5,MATR_b1c0,MATR_b1c17,MATR_b4c41,MATR_b3c38,MATR_b2c43,MATR_b3c5,MATR_b2c0",False,False,0.95
240,MATR_b3c6,665.0,573.505338134924,16.04228631449813,542.0630347288279,604.9476415410202,425.0,333.50533813492405,302.0630347288279,364.9476415410202,91.49466186507595,"MATR_b2c31,MATR_b4c40,MATR_b3c35,MATR_b1c40,MATR_b2c5,MATR_b1c0,MATR_b1c17,MATR_b4c41,MATR_b3c38,MATR_b2c43,MATR_b3c5,MATR_b2c0",False,False,0.95
240,MATR_b4c1,760.0,779.1340887998189,26.11997065005193,727.9398870484738,830.328290551164,520.0,539.1340887998189,487.9398870484738,590.328290551164,19.13408879981887,"MATR_b2c31,MATR_b4c40,MATR_b3c35,MATR_b1c40,MATR_b2c5,MATR_b1c0,MATR_b1c17,MATR_b4c41,MATR_b3c38,MATR_b2c43,MATR_b3c5,MATR_b2c0",False,False,0.95
240,MATR_b4c11,863.0,799.471586591989,49.29989069106169,702.8455763957465,896.0975967882314,623.0,559.471586591989,462.84557639574655,656.0975967882314,63.52841340801103,"MATR_b2c31,MATR_b4c40,MATR_b3c35,MATR_b1c40,MATR_b2c5,MATR_b1c0,MATR_b1c17,MATR_b4c41,MATR_b3c38,MATR_b2c43,MATR_b3c5,MATR_b2c0",False,False,0.95
240,MATR_b4c15,675.0,762.9909983040718,36.0291145353795,692.3752314198595,833.6067651882842,435.0,522.9909983040718,452.37523141985946,593.6067651882842,87.99099830407181,"MATR_b2c31,MATR_b4c40,MATR_b3c35,MATR_b1c40,MATR_b2c5,MATR_b1c0,MATR_b1c17,MATR_b4c41,MATR_b3c38,MATR_b2c43,MATR_b3c5,MATR_b2c0",False,False,0.95
240,MATR_b4c21,773.0,974.2328298793149,49.88600195108548,876.4580627224925,1072.0075970361372,533.0,734.2328298793149,636.4580627224925,832.0075970361372,201.23282987931486,"MATR_b2c31,MATR_b4c40,MATR_b3c35,MATR_b1c40,MATR_b2c5,MATR_b1c0,MATR_b1c17,MATR_b4c41,MATR_b3c38,MATR_b2c43,MATR_b3c5,MATR_b2c0",False,False,0.95
240,MATR_b4c3,777.0,1035.2931488374809,25.73646737787232,984.8505996875612,1085.7356979874007,537.0,795.2931488374809,744.8505996875612,845.7356979874007,258.2931488374809,"MATR_b2c31,MATR_b4c40,MATR_b3c35,MATR_b1c40,MATR_b2c5,MATR_b1c0,MATR_b1c17,MATR_b4c41,MATR_b3c38,MATR_b2c43,MATR_b3c5,MATR_b2c0",False,False,0.95
240,MATR_b4c32,754.0,977.3645968383631,37.51736157352775,903.8319193592818,1050.8972743174445,514.0,737.3645968383631,663.8319193592818,810.8972743174445,223.36459683836313,"MATR_b2c31,MATR_b4c40,MATR_b3c35,MATR_b1c40,MATR_b2c5,MATR_b1c0,MATR_b1c17,MATR_b4c41,MATR_b3c38,MATR_b2c43,MATR_b3c5,MATR_b2c0",False,False,0.95
240,MATR_b4c34,891.0,1155.2001166447535,48.08325475365277,1060.9586690681297,1249.4415642213773,651.0,915.2001166447535,820.9586690681297,1009.4415642213773,264.2001166447535,"MATR_b2c31,MATR_b4c40,MATR_b3c35,MATR_b1c40,MATR_b2c5,MATR_b1c0,MATR_b1c17,MATR_b4c41,MATR_b3c38,MATR_b2c43,MATR_b3c5,MATR_b2c0",False,False,0.95
240,MATR_b4c42,774.0,870.5305772870682,32.28683716562568,807.2495392677326,933.8116153064038,534.0,630.5305772870682,567.2495392677326,693.8116153064038,96.53057728706824,"MATR_b2c31,MATR_b4c40,MATR_b3c35,MATR_b1c40,MATR_b2c5,MATR_b1c0,MATR_b1c17,MATR_b4c41,MATR_b3c38,MATR_b2c43,MATR_b3c5,MATR_b2c0",False,False,0.95
240,MATR_b4c6,706.0,828.6002933892248,21.295930164446144,786.8610372496303,870.3395495288194,466.0,588.6002933892248,546.8610372496303,630.3395495288194,122.60029338922482,"MATR_b2c31,MATR_b4c40,MATR_b3c35,MATR_b1c40,MATR_b2c5,MATR_b1c0,MATR_b1c17,MATR_b4c41,MATR_b3c38,MATR_b2c43,MATR_b3c5,MATR_b2c0",False,False,0.95
240,MATR_b4c7,529.0,681.0660251796824,31.446494377291884,619.4320287601489,742.7000215992158,289.0,441.06602517968236,379.4320287601489,502.7000215992158,152.06602517968236,"MATR_b2c31,MATR_b4c40,MATR_b3c35,MATR_b1c40,MATR_b2c5,MATR_b1c0,MATR_b1c17,MATR_b4c41,MATR_b3c38,MATR_b2c43,MATR_b3c5,MATR_b2c0",False,False,0.95
260,MATR_b1c14,877.0,883.5702060704027,26.280712875778526,832.0609553458387,935.0794567949667,617.0,623.5702060704027,572.0609553458387,675.0794567949667,6.570206070402719,"MATR_b4c2,MATR_b2c35,MATR_b2c23,MATR_b3c35,MATR_b3c16,MATR_b2c25,MATR_b4c24,MATR_b1c24,MATR_b1c29,MATR_b2c42,MATR_b2c10,MATR_b3c13",False,False,0.95
260,MATR_b1c18,687.0,628.9826741094554,27.257128212515383,575.5596844909346,682.4056637279762,427.0,368.9826741094554,315.5596844909346,422.40566372797616,58.01732589054461,"MATR_b4c2,MATR_b2c35,MATR_b2c23,MATR_b3c35,MATR_b3c16,MATR_b2c25,MATR_b4c24,MATR_b1c24,MATR_b1c29,MATR_b2c42,MATR_b2c10,MATR_b3c13",False,False,0.95
260,MATR_b1c19,786.0,773.3520358463331,23.658571061707086,726.9820886397057,819.7219830529606,526.0,513.3520358463331,466.9820886397057,559.7219830529606,12.647964153666862,"MATR_b4c2,MATR_b2c35,MATR_b2c23,MATR_b3c35,MATR_b3c16,MATR_b2c25,MATR_b4c24,MATR_b1c24,MATR_b1c29,MATR_b2c42,MATR_b2c10,MATR_b3c13",False,False,0.95
260,MATR_b1c2,2237.0,1962.5729245275097,97.15864126572625,1772.1454868598391,2153.00036219518,1977.0,1702.5729245275097,1512.1454868598391,1893.00036219518,274.4270754724903,"MATR_b4c2,MATR_b2c35,MATR_b2c23,MATR_b3c35,MATR_b3c16,MATR_b2c25,MATR_b4c24,MATR_b1c24,MATR_b1c29,MATR_b2c42,MATR_b2c10,MATR_b3c13",False,False,0.95
260,MATR_b1c30,707.0,897.1895052272813,21.052475006100778,855.9274124298942,938.4515980246684,447.0,637.1895052272813,595.9274124298942,678.4515980246684,190.1895052272813,"MATR_b4c2,MATR_b2c35,MATR_b2c23,MATR_b3c35,MATR_b3c16,MATR_b2c25,MATR_b4c24,MATR_b1c24,MATR_b1c29,MATR_b2c42,MATR_b2c10,MATR_b3c13",False,False,0.95
260,MATR_b1c34,742.0,818.0944688855999,24.075988965141914,770.9063976217379,865.2825401494619,482.0,558.0944688855999,510.90639762173794,605.2825401494619,76.0944688855999,"MATR_b4c2,MATR_b2c35,MATR_b2c23,MATR_b3c35,MATR_b3c16,MATR_b2c25,MATR_b4c24,MATR_b1c24,MATR_b1c29,MATR_b2c42,MATR_b2c10,MATR_b3c13",False,False,0.95
260,MATR_b1c35,701.0,662.9448333670249,34.44834973815262,595.427308553406,730.4623581806438,441.0,402.9448333670249,335.42730855340596,470.46235818064383,38.0551666329751,"MATR_b4c2,MATR_b2c35,MATR_b2c23,MATR_b3c35,MATR_b3c16,MATR_b2c25,MATR_b4c24,MATR_b1c24,MATR_b1c29,MATR_b2c42,MATR_b2c10,MATR_b3c13",False,False,0.95
260,MATR_b1c42,700.0,738.850299439732,24.522557878531288,690.7869691890118,786.9136296904522,440.0,478.850299439732,430.78696918901176,526.9136296904522,38.850299439732,"MATR_b4c2,MATR_b2c35,MATR_b2c23,MATR_b3c35,MATR_b3c16,MATR_b2c25,MATR_b4c24,MATR_b1c24,MATR_b1c29,MATR_b2c42,MATR_b2c10,MATR_b3c13",False,False,0.95
260,MATR_b1c5,1071.0,1013.2116069529388,19.074108970049874,975.8270403344487,1050.596173571429,811.0,753.2116069529388,715.8270403344487,790.5961735714291,57.78839304706116,"MATR_b4c2,MATR_b2c35,MATR_b2c23,MATR_b3c35,MATR_b3c16,MATR_b2c25,MATR_b4c24,MATR_b1c24,MATR_b1c29,MATR_b2c42,MATR_b2c10,MATR_b3c13",False,False,0.95
260,MATR_b1c6,633.0,929.3101637578836,20.993650752152796,888.163364379652,970.4569631361153,373.0,669.3101637578836,628.163364379652,710.4569631361153,296.31016375788363,"MATR_b4c2,MATR_b2c35,MATR_b2c23,MATR_b3c35,MATR_b3c16,MATR_b2c25,MATR_b4c24,MATR_b1c24,MATR_b1c29,MATR_b2c42,MATR_b2c10,MATR_b3c13",False,False,0.95
260,MATR_b2c19,460.0,477.4519322879328,10.986242180913244,455.91929328790803,498.9845712879575,200.0,217.45193228793278,195.91929328790803,238.98457128795752,17.451932287932777,"MATR_b4c2,MATR_b2c35,MATR_b2c23,MATR_b3c35,MATR_b3c16,MATR_b2c25,MATR_b4c24,MATR_b1c24,MATR_b1c29,MATR_b2c42,MATR_b2c10,MATR_b3c13",False,False,0.95
260,MATR_b2c22,512.0,483.3098926646927,9.872424010417513,463.9602971641659,502.6594881652195,252.0,223.3098926646927,203.96029716416592,242.6594881652195,28.69010733530729,"MATR_b4c2,MATR_b2c35,MATR_b2c23,MATR_b3c35,MATR_b3c16,MATR_b2c25,MATR_b4c24,MATR_b1c24,MATR_b1c29,MATR_b2c42,MATR_b2c10,MATR_b3c13",False,False,0.95
260,MATR_b2c24,494.0,479.8086662947809,10.458972817879289,459.3094562564541,500.3078763331077,234.0,219.8086662947809,199.3094562564541,240.30787633310769,14.191333705219108,"MATR_b4c2,MATR_b2c35,MATR_b2c23,MATR_b3c35,MATR_b3c16,MATR_b2c25,MATR_b4c24,MATR_b1c24,MATR_b1c29,MATR_b2c42,MATR_b2c10,MATR_b3c13",False,False,0.95
260,MATR_b2c3,334.0,289.1102115930246,39.134499265841555,212.40800247896595,365.8124207070832,74.0,29.110211593024587,-47.591997521034045,105.81242070708322,44.88978840697541,"MATR_b4c2,MATR_b2c35,MATR_b2c23,MATR_b3c35,MATR_b3c16,MATR_b2c25,MATR_b4c24,MATR_b1c24,MATR_b1c29,MATR_b2c42,MATR_b2c10,MATR_b3c13",False,False,0.95
260,MATR_b2c33,519.0,590.5448468135193,21.46367314918055,548.4768204651859,632.6128731618526,259.0,330.54484681351926,288.47682046518594,372.6128731618526,71.54484681351926,"MATR_b4c2,MATR_b2c35,MATR_b2c23,MATR_b3c35,MATR_b3c16,MATR_b2c25,MATR_b4c24,MATR_b1c24,MATR_b1c29,MATR_b2c42,MATR_b2c10,MATR_b3c13",False,False,0.95
260,MATR_b2c41,428.0,468.72258802102783,10.42169542284663,448.2964403344025,489.14873570765315,168.0,208.72258802102783,188.29644033440252,229.14873570765315,40.72258802102783,"MATR_b4c2,MATR_b2c35,MATR_b2c23,MATR_b3c35,MATR_b3c16,MATR_b2c25,MATR_b4c24,MATR_b1c24,MATR_b1c29,MATR_b2c42,MATR_b2c10,MATR_b3c13",False,False,0.95
260,MATR_b3c1,1061.0,915.0959224104317,33.33904701016881,849.7525909916131,980.4392538292503,801.0,655.0959224104317,589.7525909916131,720.4392538292503,145.90407758956826,"MATR_b4c2,MATR_b2c35,MATR_b2c23,MATR_b3c35,MATR_b3c16,MATR_b2c25,MATR_b4c24,MATR_b1c24,MATR_b1c29,MATR_b2c42,MATR_b2c10,MATR_b3c13",False,False,0.95
260,MATR_b3c14,856.0,1006.6912091646876,20.45971349550069,966.5909075794982,1046.791510749877,596.0,746.6912091646876,706.5909075794982,786.791510749877,150.69120916468762,"MATR_b4c2,MATR_b2c35,MATR_b2c23,MATR_b3c35,MATR_b3c16,MATR_b2c25,MATR_b4c24,MATR_b1c24,MATR_b1c29,MATR_b2c42,MATR_b2c10,MATR_b3c13",False,False,0.95
260,MATR_b3c17,1313.0,991.2984784887215,31.350299808290814,929.8530199599385,1052.7439370175043,1053.0,731.2984784887215,669.8530199599385,792.7439370175043,321.70152151127854,"MATR_b4c2,MATR_b2c35,MATR_b2c23,MATR_b3c35,MATR_b3c16,MATR_b2c25,MATR_b4c24,MATR_b1c24,MATR_b1c29,MATR_b2c42,MATR_b2c10,MATR_b3c13",False,False,0.95
260,MATR_b3c24,823.0,849.5170557649764,30.435552783848863,789.8644684590648,909.1696430708879,563.0,589.5170557649764,529.8644684590648,649.1696430708879,26.517055764976362,"MATR_b4c2,MATR_b2c35,MATR_b2c23,MATR_b3c35,MATR_b3c16,MATR_b2c25,MATR_b4c24,MATR_b1c24,MATR_b1c29,MATR_b2c42,MATR_b2c10,MATR_b3c13",False,False,0.95
260,MATR_b3c31,729.0,775.8185872028995,36.76948008653865,703.751730503021,847.885443902778,469.0,515.8185872028995,443.751730503021,587.885443902778,46.818587202899494,"MATR_b4c2,MATR_b2c35,MATR_b2c23,MATR_b3c35,MATR_b3c16,MATR_b2c25,MATR_b4c24,MATR_b1c24,MATR_b1c29,MATR_b2c42,MATR_b2c10,MATR_b3c13",False,False,0.95
260,MATR_b3c33,1282.0,1141.8894907385363,110.547112977416,925.2211307079206,1358.557850769152,1022.0,881.8894907385363,665.2211307079206,1098.557850769152,140.11050926146368,"MATR_b4c2,MATR_b2c35,MATR_b2c23,MATR_b3c35,MATR_b3c16,MATR_b2c25,MATR_b4c24,MATR_b1c24,MATR_b1c29,MATR_b2c42,MATR_b2c10,MATR_b3c13",False,False,0.95
260,MATR_b3c36,921.0,1010.6757325563184,49.85821063155651,912.9554353848556,1108.396029727781,661.0,750.6757325563184,652.9554353848556,848.3960297277811,89.6757325563184,"MATR_b4c2,MATR_b2c35,MATR_b2c23,MATR_b3c35,MATR_b3c16,MATR_b2c25,MATR_b4c24,MATR_b1c24,MATR_b1c29,MATR_b2c42,MATR_b2c10,MATR_b3c13",False,False,0.95
260,MATR_b3c6,665.0,572.0542049996207,15.719957349441502,541.2436547562096,602.8647552430317,405.0,312.05420499962065,281.2436547562096,342.8647552430317,92.94579500037935,"MATR_b4c2,MATR_b2c35,MATR_b2c23,MATR_b3c35,MATR_b3c16,MATR_b2c25,MATR_b4c24,MATR_b1c24,MATR_b1c29,MATR_b2c42,MATR_b2c10,MATR_b3c13",False,False,0.95
260,MATR_b4c1,760.0,778.778434481105,26.02865026541382,727.7632173947051,829.793651567505,500.0,518.778434481105,467.76321739470507,569.793651567505,18.778434481105023,"MATR_b4c2,MATR_b2c35,MATR_b2c23,MATR_b3c35,MATR_b3c16,MATR_b2c25,MATR_b4c24,MATR_b1c24,MATR_b1c29,MATR_b2c42,MATR_b2c10,MATR_b3c13",False,False,0.95
260,MATR_b4c11,863.0,789.723610717798,47.467282057189095,696.6894474417031,882.7577739938929,603.0,529.723610717798,436.6894474417031,622.7577739938929,73.27638928220199,"MATR_b4c2,MATR_b2c35,MATR_b2c23,MATR_b3c35,MATR_b3c16,MATR_b2c25,MATR_b4c24,MATR_b1c24,MATR_b1c29,MATR_b2c42,MATR_b2c10,MATR_b3c13",False,False,0.95
260,MATR_b4c15,675.0,756.0165851360787,35.46114267478756,686.5140226428587,825.5191476292987,415.0,496.0165851360787,426.51402264285866,565.5191476292987,81.01658513607867,"MATR_b4c2,MATR_b2c35,MATR_b2c23,MATR_b3c35,MATR_b3c16,MATR_b2c25,MATR_b4c24,MATR_b1c24,MATR_b1c29,MATR_b2c42,MATR_b2c10,MATR_b3c13",False,False,0.95
260,MATR_b4c21,773.0,969.1798062344955,49.566869905212855,872.030526393896,1066.329086075095,513.0,709.1798062344955,612.030526393896,806.3290860750949,196.17980623449546,"MATR_b4c2,MATR_b2c35,MATR_b2c23,MATR_b3c35,MATR_b3c16,MATR_b2c25,MATR_b4c24,MATR_b1c24,MATR_b1c29,MATR_b2c42,MATR_b2c10,MATR_b3c13",False,False,0.95
260,MATR_b4c3,777.0,1031.7480924467918,25.72665314179014,981.3247788461289,1082.1714060474546,517.0,771.7480924467918,721.3247788461289,822.1714060474546,254.74809244679182,"MATR_b4c2,MATR_b2c35,MATR_b2c23,MATR_b3c35,MATR_b3c16,MATR_b2c25,MATR_b4c24,MATR_b1c24,MATR_b1c29,MATR_b2c42,MATR_b2c10,MATR_b3c13",False,False,0.95
260,MATR_b4c32,754.0,972.4204048853237,37.185999371041696,899.5371853889529,1045.3036243816946,494.0,712.4204048853237,639.5371853889529,785.3036243816946,218.4204048853237,"MATR_b4c2,MATR_b2c35,MATR_b2c23,MATR_b3c35,MATR_b3c16,MATR_b2c25,MATR_b4c24,MATR_b1c24,MATR_b1c29,MATR_b2c42,MATR_b2c10,MATR_b3c13",False,False,0.95
260,MATR_b4c34,891.0,1179.3291358888985,54.987809782834965,1071.5550091258026,1287.1032626519943,631.0,919.3291358888985,811.5550091258026,1027.1032626519943,288.32913588889846,"MATR_b4c2,MATR_b2c35,MATR_b2c23,MATR_b3c35,MATR_b3c16,MATR_b2c25,MATR_b4c24,MATR_b1c24,MATR_b1c29,MATR_b2c42,MATR_b2c10,MATR_b3c13",False,False,0.95
260,MATR_b4c42,774.0,867.0597063587683,32.04922773514805,804.2443742655558,929.8750384519807,514.0,607.0597063587683,544.2443742655558,669.8750384519807,93.05970635876827,"MATR_b4c2,MATR_b2c35,MATR_b2c23,MATR_b3c35,MATR_b3c16,MATR_b2c25,MATR_b4c24,MATR_b1c24,MATR_b1c29,MATR_b2c42,MATR_b2c10,MATR_b3c13",False,False,0.95
260,MATR_b4c6,706.0,826.7995410317244,21.247684678394034,785.1548443072086,868.4442377562402,446.0,566.7995410317244,525.1548443072086,608.4442377562402,120.7995410317244,"MATR_b4c2,MATR_b2c35,MATR_b2c23,MATR_b3c35,MATR_b3c16,MATR_b2c25,MATR_b4c24,MATR_b1c24,MATR_b1c29,MATR_b2c42,MATR_b2c10,MATR_b3c13",False,False,0.95
260,MATR_b4c7,529.0,678.4331752154081,31.123523205511756,617.4321906606085,739.4341597702078,269.0,418.43317521540814,357.4321906606085,479.43415977020777,149.43317521540814,"MATR_b4c2,MATR_b2c35,MATR_b2c23,MATR_b3c35,MATR_b3c16,MATR_b2c25,MATR_b4c24,MATR_b1c24,MATR_b1c29,MATR_b2c42,MATR_b2c10,MATR_b3c13",False,False,0.95
280,MATR_b1c14,877.0,881.7496041146134,26.82407622159202,829.1753808017357,934.323827427491,597.0,601.7496041146134,549.1753808017357,654.323827427491,4.749604114613362,"MATR_b2c38,MATR_b4c35,MATR_b1c23,MATR_b4c37,MATR_b2c4,MATR_b2c6,MATR_b2c5,MATR_b4c5,MATR_b1c7,MATR_b3c16,MATR_b1c41,MATR_b1c26",False,False,0.95
280,MATR_b1c18,687.0,624.4906991956043,27.448564626257387,570.6925011008198,678.2888972903888,407.0,344.4906991956043,290.69250110081975,398.28889729038883,62.50930080439571,"MATR_b2c38,MATR_b4c35,MATR_b1c23,MATR_b4c37,MATR_b2c4,MATR_b2c6,MATR_b2c5,MATR_b4c5,MATR_b1c7,MATR_b3c16,MATR_b1c41,MATR_b1c26",False,False,0.95
280,MATR_b1c19,786.0,774.0173761263109,23.64037755694688,727.683087533766,820.3516647188558,506.0,494.01737612631086,447.68308753376596,540.3516647188558,11.982623873689136,"MATR_b2c38,MATR_b4c35,MATR_b1c23,MATR_b4c37,MATR_b2c4,MATR_b2c6,MATR_b2c5,MATR_b4c5,MATR_b1c7,MATR_b3c16,MATR_b1c41,MATR_b1c26",False,False,0.95
280,MATR_b1c2,2237.0,1993.145766053447,102.92785949436436,1791.4108684386938,2194.8806636682,1957.0,1713.145766053447,1511.4108684386938,1914.8806636682002,243.854233946553,"MATR_b2c38,MATR_b4c35,MATR_b1c23,MATR_b4c37,MATR_b2c4,MATR_b2c6,MATR_b2c5,MATR_b4c5,MATR_b1c7,MATR_b3c16,MATR_b1c41,MATR_b1c26",False,False,0.95
280,MATR_b1c30,707.0,894.6934523523289,21.29688994592302,852.9523150756066,936.4345896290512,427.0,614.6934523523289,572.9523150756066,656.4345896290512,187.6934523523289,"MATR_b2c38,MATR_b4c35,MATR_b1c23,MATR_b4c37,MATR_b2c4,MATR_b2c6,MATR_b2c5,MATR_b4c5,MATR_b1c7,MATR_b3c16,MATR_b1c41,MATR_b1c26",False,False,0.95
280,MATR_b1c34,742.0,815.8574958468591,24.353561061622433,768.1253932707822,863.5895984229361,462.0,535.8574958468591,488.1253932707822,583.5895984229361,73.85749584685914,"MATR_b2c38,MATR_b4c35,MATR_b1c23,MATR_b4c37,MATR_b2c4,MATR_b2c6,MATR_b2c5,MATR_b4c5,MATR_b1c7,MATR_b3c16,MATR_b1c41,MATR_b1c26",False,False,0.95
280,MATR_b1c35,701.0,659.5655557024104,35.032376766832016,590.9033589465819,728.2277524582389,421.0,379.5655557024104,310.9033589465819,448.2277524582389,41.43444429758961,"MATR_b2c38,MATR_b4c35,MATR_b1c23,MATR_b4c37,MATR_b2c4,MATR_b2c6,MATR_b2c5,MATR_b4c5,MATR_b1c7,MATR_b3c16,MATR_b1c41,MATR_b1c26",False,False,0.95
280,MATR_b1c42,700.0,736.4890935098753,24.85585846321574,687.7725061171474,785.2056809026031,420.0,456.48909350987526,407.7725061171474,505.20568090260315,36.48909350987526,"MATR_b2c38,MATR_b4c35,MATR_b1c23,MATR_b4c37,MATR_b2c4,MATR_b2c6,MATR_b2c5,MATR_b4c5,MATR_b1c7,MATR_b3c16,MATR_b1c41,MATR_b1c26",False,False,0.95
280,MATR_b1c5,1071.0,1015.4977499731249,19.391243823584585,977.4916104634643,1053.5038894827853,791.0,735.4977499731249,697.4916104634643,773.5038894827853,55.50225002687512,"MATR_b2c38,MATR_b4c35,MATR_b1c23,MATR_b4c37,MATR_b2c4,MATR_b2c6,MATR_b2c5,MATR_b4c5,MATR_b1c7,MATR_b3c16,MATR_b1c41,MATR_b1c26",False,False,0.95
280,MATR_b1c6,633.0,928.744551360089,21.315330453269187,886.9672713531115,970.5218313670664,353.0,648.744551360089,606.9672713531115,690.5218313670664,295.74455136008896,"MATR_b2c38,MATR_b4c35,MATR_b1c23,MATR_b4c37,MATR_b2c4,MATR_b2c6,MATR_b2c5,MATR_b4c5,MATR_b1c7,MATR_b3c16,MATR_b1c41,MATR_b1c26",False,False,0.95
280,MATR_b2c19,460.0,480.13862411113536,11.120097587056607,458.34363333593365,501.93361488633707,180.0,200.13862411113536,178.34363333593365,221.93361488633707,20.138624111135357,"MATR_b2c38,MATR_b4c35,MATR_b1c23,MATR_b4c37,MATR_b2c4,MATR_b2c6,MATR_b2c5,MATR_b4c5,MATR_b1c7,MATR_b3c16,MATR_b1c41,MATR_b1c26",False,False,0.95
280,MATR_b2c22,512.0,485.01427637517907,9.88836038202315,465.633446160261,504.39510659009716,232.0,205.01427637517907,185.63344616026097,224.39510659009716,26.985723624820935,"MATR_b2c38,MATR_b4c35,MATR_b1c23,MATR_b4c37,MATR_b2c4,MATR_b2c6,MATR_b2c5,MATR_b4c5,MATR_b1c7,MATR_b3c16,MATR_b1c41,MATR_b1c26",False,False,0.95
280,MATR_b2c24,494.0,482.62637769919945,10.538490007516838,461.9713168330312,503.2814385653677,214.0,202.62637769919945,181.9713168330312,223.2814385653677,11.373622300800548,"MATR_b2c38,MATR_b4c35,MATR_b1c23,MATR_b4c37,MATR_b2c4,MATR_b2c6,MATR_b2c5,MATR_b4c5,MATR_b1c7,MATR_b3c16,MATR_b1c41,MATR_b1c26",False,False,0.95
280,MATR_b2c3,334.0,285.0557558882943,40.38240573063313,205.9076950471695,364.2038167294191,54.0,5.0557558882943,-74.09230495283049,84.20381672941909,48.9442441117057,"MATR_b2c38,MATR_b4c35,MATR_b1c23,MATR_b4c37,MATR_b2c4,MATR_b2c6,MATR_b2c5,MATR_b4c5,MATR_b1c7,MATR_b3c16,MATR_b1c41,MATR_b1c26",False,False,0.95
280,MATR_b2c33,519.0,590.8720946586449,21.841071928878556,548.0643802942941,633.6798090229956,239.0,310.87209465864487,268.0643802942941,353.67980902299564,71.87209465864487,"MATR_b2c38,MATR_b4c35,MATR_b1c23,MATR_b4c37,MATR_b2c4,MATR_b2c6,MATR_b2c5,MATR_b4c5,MATR_b1c7,MATR_b3c16,MATR_b1c41,MATR_b1c26",False,False,0.95
280,MATR_b2c41,428.0,470.7776118977331,10.439070290464793,450.31741009634004,491.23781369912615,148.0,190.7776118977331,170.31741009634004,211.23781369912615,42.777611897733095,"MATR_b2c38,MATR_b4c35,MATR_b1c23,MATR_b4c37,MATR_b2c4,MATR_b2c6,MATR_b2c5,MATR_b4c5,MATR_b1c7,MATR_b3c16,MATR_b1c41,MATR_b1c26",False,False,0.95
280,MATR_b3c1,1061.0,922.9065958403863,34.50519091419617,855.2776643688832,990.5355273118895,781.0,642.9065958403863,575.2776643688832,710.5355273118895,138.09340415961367,"MATR_b2c38,MATR_b4c35,MATR_b1c23,MATR_b4c37,MATR_b2c4,MATR_b2c6,MATR_b2c5,MATR_b4c5,MATR_b1c7,MATR_b3c16,MATR_b1c41,MATR_b1c26",False,False,0.95
280,MATR_b3c14,856.0,1008.3705256413073,20.93569218345847,967.3373229703119,1049.4037283123025,576.0,728.3705256413073,687.3373229703119,769.4037283123025,152.37052564130727,"MATR_b2c38,MATR_b4c35,MATR_b1c23,MATR_b4c37,MATR_b2c4,MATR_b2c6,MATR_b2c5,MATR_b4c5,MATR_b1c7,MATR_b3c16,MATR_b1c41,MATR_b1c26",False,False,0.95
280,MATR_b3c17,1313.0,996.2438936926628,33.47036299448794,930.6431876739842,1061.8445997113413,1033.0,716.2438936926628,650.6431876739842,781.8445997113413,316.7561063073372,"MATR_b2c38,MATR_b4c35,MATR_b1c23,MATR_b4c37,MATR_b2c4,MATR_b2c6,MATR_b2c5,MATR_b4c5,MATR_b1c7,MATR_b3c16,MATR_b1c41,MATR_b1c26",False,False,0.95
280,MATR_b3c24,823.0,846.2864124945652,31.18061373654685,785.1735325550785,907.3992924340519,543.0,566.2864124945652,505.1735325550785,627.3992924340519,23.286412494565184,"MATR_b2c38,MATR_b4c35,MATR_b1c23,MATR_b4c37,MATR_b2c4,MATR_b2c6,MATR_b2c5,MATR_b4c5,MATR_b1c7,MATR_b3c16,MATR_b1c41,MATR_b1c26",False,False,0.95
280,MATR_b3c31,729.0,771.839179705305,37.4998526187915,698.3408191469136,845.3375402636964,449.0,491.839179705305,418.34081914691365,565.3375402636964,42.839179705305014,"MATR_b2c38,MATR_b4c35,MATR_b1c23,MATR_b4c37,MATR_b2c4,MATR_b2c6,MATR_b2c5,MATR_b4c5,MATR_b1c7,MATR_b3c16,MATR_b1c41,MATR_b1c26",False,False,0.95
280,MATR_b3c33,1282.0,1131.7424551340614,109.35083005309025,917.4187665504444,1346.0661437176784,1002.0,851.7424551340614,637.4187665504444,1066.0661437176784,150.2575448659386,"MATR_b2c38,MATR_b4c35,MATR_b1c23,MATR_b4c37,MATR_b2c4,MATR_b2c6,MATR_b2c5,MATR_b4c5,MATR_b1c7,MATR_b3c16,MATR_b1c41,MATR_b1c26",False,False,0.95
280,MATR_b3c36,921.0,1002.6022013267898,52.17957857290617,900.3321065954158,1104.8722960581638,641.0,722.6022013267898,620.3321065954158,824.8722960581638,81.60220132678978,"MATR_b2c38,MATR_b4c35,MATR_b1c23,MATR_b4c37,MATR_b2c4,MATR_b2c6,MATR_b2c5,MATR_b4c5,MATR_b1c7,MATR_b3c16,MATR_b1c41,MATR_b1c26",False,False,0.95
280,MATR_b3c6,665.0,571.8499785567369,15.73544794018962,541.0090673133603,602.6908898001135,385.0,291.8499785567369,261.00906731336033,322.6908898001135,93.15002144326309,"MATR_b2c38,MATR_b4c35,MATR_b1c23,MATR_b4c37,MATR_b2c4,MATR_b2c6,MATR_b2c5,MATR_b4c5,MATR_b1c7,MATR_b3c16,MATR_b1c41,MATR_b1c26",False,False,0.95
280,MATR_b4c1,760.0,777.2961660817398,26.267193600906936,725.8134126490212,828.7789195144584,480.0,497.2961660817398,445.8134126490212,548.7789195144584,17.296166081739784,"MATR_b2c38,MATR_b4c35,MATR_b1c23,MATR_b4c37,MATR_b2c4,MATR_b2c6,MATR_b2c5,MATR_b4c5,MATR_b1c7,MATR_b3c16,MATR_b1c41,MATR_b1c26",False,False,0.95
280,MATR_b4c11,863.0,782.5940551520501,48.790519605887575,686.9663939375151,878.2217163665852,583.0,502.59405515205015,406.96639393751514,598.2217163665852,80.40594484794985,"MATR_b2c38,MATR_b4c35,MATR_b1c23,MATR_b4c37,MATR_b2c4,MATR_b2c6,MATR_b2c5,MATR_b4c5,MATR_b1c7,MATR_b3c16,MATR_b1c41,MATR_b1c26",False,False,0.95
280,MATR_b4c15,675.0,751.4568468270734,36.17776069161076,680.5497388302074,822.3639548239394,395.0,471.4568468270734,400.5497388302074,542.3639548239394,76.45684682707338,"MATR_b2c38,MATR_b4c35,MATR_b1c23,MATR_b4c37,MATR_b2c4,MATR_b2c6,MATR_b2c5,MATR_b4c5,MATR_b1c7,MATR_b3c16,MATR_b1c41,MATR_b1c26",False,False,0.95
280,MATR_b4c21,773.0,959.8893097307766,51.65972046365384,858.6381181706083,1061.140501290945,493.0,679.8893097307766,578.6381181706083,781.1405012909449,186.88930973077663,"MATR_b2c38,MATR_b4c35,MATR_b1c23,MATR_b4c37,MATR_b2c4,MATR_b2c6,MATR_b2c5,MATR_b4c5,MATR_b1c7,MATR_b3c16,MATR_b1c41,MATR_b1c26",False,False,0.95
280,MATR_b4c3,777.0,1025.028605869445,26.123503963233958,973.8274789515172,1076.229732787373,497.0,745.0286058694451,693.8274789515172,796.229732787373,248.02860586944507,"MATR_b2c38,MATR_b4c35,MATR_b1c23,MATR_b4c37,MATR_b2c4,MATR_b2c6,MATR_b2c5,MATR_b4c5,MATR_b1c7,MATR_b3c16,MATR_b1c41,MATR_b1c26",False,False,0.95
280,MATR_b4c32,754.0,965.1793429426507,38.66110822402241,889.4049632211614,1040.9537226641398,474.0,685.1793429426507,609.4049632211614,760.9537226641398,211.1793429426507,"MATR_b2c38,MATR_b4c35,MATR_b1c23,MATR_b4c37,MATR_b2c4,MATR_b2c6,MATR_b2c5,MATR_b4c5,MATR_b1c7,MATR_b3c16,MATR_b1c41,MATR_b1c26",False,False,0.95
280,MATR_b4c34,891.0,1172.6493579177518,55.77766289019278,1063.3271475111576,1281.971568324346,611.0,892.6493579177518,783.3271475111576,1001.971568324346,281.6493579177518,"MATR_b2c38,MATR_b4c35,MATR_b1c23,MATR_b4c37,MATR_b2c4,MATR_b2c6,MATR_b2c5,MATR_b4c5,MATR_b1c7,MATR_b3c16,MATR_b1c41,MATR_b1c26",False,False,0.95
280,MATR_b4c42,774.0,860.5765142171796,33.03876479021338,795.8217251346714,925.3313032996878,494.0,580.5765142171796,515.8217251346714,645.3313032996878,86.57651421717958,"MATR_b2c38,MATR_b4c35,MATR_b1c23,MATR_b4c37,MATR_b2c4,MATR_b2c6,MATR_b2c5,MATR_b4c5,MATR_b1c7,MATR_b3c16,MATR_b1c41,MATR_b1c26",False,False,0.95
280,MATR_b4c6,706.0,824.4959384573193,21.607920306976126,782.1451928748345,866.8466840398041,426.0,544.4959384573193,502.1451928748345,586.8466840398041,118.49593845731931,"MATR_b2c38,MATR_b4c35,MATR_b1c23,MATR_b4c37,MATR_b2c4,MATR_b2c6,MATR_b2c5,MATR_b4c5,MATR_b1c7,MATR_b3c16,MATR_b1c41,MATR_b1c26",False,False,0.95
280,MATR_b4c7,529.0,675.2662539073636,31.426517749101603,613.6714109596157,736.8610968551116,249.0,395.26625390736365,333.67141095961574,456.86109685511155,146.26625390736365,"MATR_b2c38,MATR_b4c35,MATR_b1c23,MATR_b4c37,MATR_b2c4,MATR_b2c6,MATR_b2c5,MATR_b4c5,MATR_b1c7,MATR_b3c16,MATR_b1c41,MATR_b1c26",False,False,0.95
300,MATR_b1c14,877.0,880.3817461368625,25.547437475039246,830.3096887884967,930.4538034852283,577.0,580.3817461368625,530.3096887884967,630.4538034852283,3.381746136862489,"MATR_b1c24,MATR_b3c19,MATR_b4c41,MATR_b2c6,MATR_b2c34,MATR_b4c33,MATR_b3c22,MATR_b3c38,MATR_b4c22,MATR_b1c43,MATR_b4c8,MATR_b3c40",False,False,0.95
300,MATR_b1c18,687.0,615.138823725477,25.82689855320097,564.5190327288335,665.7586147221205,387.0,315.138823725477,264.5190327288335,365.75861472212046,71.86117627452302,"MATR_b1c24,MATR_b3c19,MATR_b4c41,MATR_b2c6,MATR_b2c34,MATR_b4c33,MATR_b3c22,MATR_b3c38,MATR_b4c22,MATR_b1c43,MATR_b4c8,MATR_b3c40",False,False,0.95
300,MATR_b1c19,786.0,772.9959863234817,22.602500919606218,728.69589856052,817.2960740864434,486.0,472.9959863234817,428.69589856052005,517.2960740864434,13.004013676518298,"MATR_b1c24,MATR_b3c19,MATR_b4c41,MATR_b2c6,MATR_b2c34,MATR_b4c33,MATR_b3c22,MATR_b3c38,MATR_b4c22,MATR_b1c43,MATR_b4c8,MATR_b3c40",False,False,0.95
300,MATR_b1c2,2237.0,1962.5949806822332,93.26851520523297,1779.7920499884501,2145.397911376016,1937.0,1662.5949806822332,1479.7920499884501,1845.397911376016,274.4050193177668,"MATR_b1c24,MATR_b3c19,MATR_b4c41,MATR_b2c6,MATR_b2c34,MATR_b4c33,MATR_b3c22,MATR_b3c38,MATR_b4c22,MATR_b1c43,MATR_b4c8,MATR_b3c40",False,False,0.95
300,MATR_b1c30,707.0,889.6648937255475,20.33529005953266,849.8084575936881,929.5213298574068,407.0,589.6648937255475,549.8084575936881,629.5213298574068,182.66489372554747,"MATR_b1c24,MATR_b3c19,MATR_b4c41,MATR_b2c6,MATR_b2c34,MATR_b4c33,MATR_b3c22,MATR_b3c38,MATR_b4c22,MATR_b1c43,MATR_b4c8,MATR_b3c40",False,False,0.95
300,MATR_b1c34,742.0,815.1720095654892,23.367037438105825,769.3734577614027,860.9705613695758,442.0,515.1720095654892,469.37345776140273,560.9705613695758,73.17200956548925,"MATR_b1c24,MATR_b3c19,MATR_b4c41,MATR_b2c6,MATR_b2c34,MATR_b4c33,MATR_b3c22,MATR_b3c38,MATR_b4c22,MATR_b1c43,MATR_b4c8,MATR_b3c40",False,False,0.95
300,MATR_b1c35,701.0,650.1161306776676,33.011326331521495,585.4151199859867,714.8171413693484,401.0,350.11613067766757,285.41511998598673,414.8171413693484,50.88386932233243,"MATR_b1c24,MATR_b3c19,MATR_b4c41,MATR_b2c6,MATR_b2c34,MATR_b4c33,MATR_b3c22,MATR_b3c38,MATR_b4c22,MATR_b1c43,MATR_b4c8,MATR_b3c40",False,False,0.95
300,MATR_b1c42,700.0,734.2429554989925,24.03021350494941,687.1446024884837,781.3413085095013,400.0,434.2429554989925,387.14460248848366,481.34130850950135,34.2429554989925,"MATR_b1c24,MATR_b3c19,MATR_b4c41,MATR_b2c6,MATR_b2c34,MATR_b4c33,MATR_b3c22,MATR_b3c38,MATR_b4c22,MATR_b1c43,MATR_b4c8,MATR_b3c40",False,False,0.95
300,MATR_b1c5,1071.0,1019.064787241559,18.354808034662028,983.0900245504749,1055.039549932643,771.0,719.064787241559,683.0900245504749,755.039549932643,51.935212758441025,"MATR_b1c24,MATR_b3c19,MATR_b4c41,MATR_b2c6,MATR_b2c34,MATR_b4c33,MATR_b3c22,MATR_b3c38,MATR_b4c22,MATR_b1c43,MATR_b4c8,MATR_b3c40",False,False,0.95
300,MATR_b1c6,633.0,929.2072413089221,20.087497065296702,889.8364705213866,968.5780120964577,333.0,629.2072413089221,589.8364705213866,668.5780120964577,296.2072413089221,"MATR_b1c24,MATR_b3c19,MATR_b4c41,MATR_b2c6,MATR_b2c34,MATR_b4c33,MATR_b3c22,MATR_b3c38,MATR_b4c22,MATR_b1c43,MATR_b4c8,MATR_b3c40",False,False,0.95
300,MATR_b2c19,460.0,471.8059142443608,11.011902220986208,450.2229824899512,493.38884599877036,160.0,171.8059142443608,150.22298248995122,193.38884599877036,11.805914244360793,"MATR_b1c24,MATR_b3c19,MATR_b4c41,MATR_b2c6,MATR_b2c34,MATR_b4c33,MATR_b3c22,MATR_b3c38,MATR_b4c22,MATR_b1c43,MATR_b4c8,MATR_b3c40",False,False,0.95
300,MATR_b2c22,512.0,478.3116706602785,9.618480063689733,459.4597961494301,497.1635451711269,212.0,178.31167066027848,159.45979614943008,197.16354517112688,33.68832933972152,"MATR_b1c24,MATR_b3c19,MATR_b4c41,MATR_b2c6,MATR_b2c34,MATR_b4c33,MATR_b3c22,MATR_b3c38,MATR_b4c22,MATR_b1c43,MATR_b4c8,MATR_b3c40",False,False,0.95
300,MATR_b2c24,494.0,474.9463756944349,9.984338529710808,455.3774317667461,494.5153196221237,194.0,174.9463756944349,155.3774317667461,194.51531962212368,19.05362430556511,"MATR_b1c24,MATR_b3c19,MATR_b4c41,MATR_b2c6,MATR_b2c34,MATR_b4c33,MATR_b3c22,MATR_b3c38,MATR_b4c22,MATR_b1c43,MATR_b4c8,MATR_b3c40",False,False,0.95
300,MATR_b2c3,334.0,284.06018020810365,42.62215931277016,200.52228301174569,367.5980774044616,34.0,-15.939819791896355,-99.47771698825431,67.5980774044616,49.939819791896355,"MATR_b1c24,MATR_b3c19,MATR_b4c41,MATR_b2c6,MATR_b2c34,MATR_b4c33,MATR_b3c22,MATR_b3c38,MATR_b4c22,MATR_b1c43,MATR_b4c8,MATR_b3c40",False,False,0.95
300,MATR_b2c33,519.0,576.8214395952666,20.342119092933082,536.9516188038932,616.69126038664,219.0,276.8214395952666,236.9516188038932,316.69126038664,57.82143959526661,"MATR_b1c24,MATR_b3c19,MATR_b4c41,MATR_b2c6,MATR_b2c34,MATR_b4c33,MATR_b3c22,MATR_b3c38,MATR_b4c22,MATR_b1c43,MATR_b4c8,MATR_b3c40",False,False,0.95
300,MATR_b2c41,428.0,464.04468837971,10.052248950213777,444.3426424736604,483.7467342857596,128.0,164.04468837971,144.34264247366042,183.7467342857596,36.04468837971001,"MATR_b1c24,MATR_b3c19,MATR_b4c41,MATR_b2c6,MATR_b2c34,MATR_b4c33,MATR_b3c22,MATR_b3c38,MATR_b4c22,MATR_b1c43,MATR_b4c8,MATR_b3c40",False,False,0.95
300,MATR_b3c1,1061.0,928.4591575150531,32.75781934413031,864.2550113884882,992.663303641618,761.0,628.4591575150531,564.2550113884882,692.663303641618,132.5408424849469,"MATR_b1c24,MATR_b3c19,MATR_b4c41,MATR_b2c6,MATR_b2c34,MATR_b4c33,MATR_b3c22,MATR_b3c38,MATR_b4c22,MATR_b1c43,MATR_b4c8,MATR_b3c40",False,False,0.95
300,MATR_b3c14,856.0,1009.6682631135122,19.94009062680641,970.5864036365069,1048.7501225905175,556.0,709.6682631135122,670.5864036365069,748.7501225905175,153.66826311351224,"MATR_b1c24,MATR_b3c19,MATR_b4c41,MATR_b2c6,MATR_b2c34,MATR_b4c33,MATR_b3c22,MATR_b3c38,MATR_b4c22,MATR_b1c43,MATR_b4c8,MATR_b3c40",False,False,0.95
300,MATR_b3c17,1313.0,1000.0816834337994,32.61575757111909,936.1559732659164,1064.0073936016825,1013.0,700.0816834337994,636.1559732659164,764.0073936016825,312.9183165662006,"MATR_b1c24,MATR_b3c19,MATR_b4c41,MATR_b2c6,MATR_b2c34,MATR_b4c33,MATR_b3c22,MATR_b3c38,MATR_b4c22,MATR_b1c43,MATR_b4c8,MATR_b3c40",False,False,0.95
300,MATR_b3c24,823.0,847.6610454003882,29.80245457475857,789.2493077829704,906.0727830178059,523.0,547.6610454003882,489.2493077829704,606.0727830178059,24.66104540038816,"MATR_b1c24,MATR_b3c19,MATR_b4c41,MATR_b2c6,MATR_b2c34,MATR_b4c33,MATR_b3c22,MATR_b3c38,MATR_b4c22,MATR_b1c43,MATR_b4c8,MATR_b3c40",False,False,0.95
300,MATR_b3c31,729.0,764.9430073998966,35.85269823126949,694.6730101180256,835.2130046817676,429.0,464.9430073998966,394.67301011802556,535.2130046817676,35.9430073998966,"MATR_b1c24,MATR_b3c19,MATR_b4c41,MATR_b2c6,MATR_b2c34,MATR_b4c33,MATR_b3c22,MATR_b3c38,MATR_b4c22,MATR_b1c43,MATR_b4c8,MATR_b3c40",False,False,0.95
300,MATR_b3c33,1282.0,1140.229369891454,100.19779872187823,943.8452930663793,1336.6134467165289,982.0,840.2293698914541,643.8452930663793,1036.6134467165289,141.7706301085459,"MATR_b1c24,MATR_b3c19,MATR_b4c41,MATR_b2c6,MATR_b2c34,MATR_b4c33,MATR_b3c22,MATR_b3c38,MATR_b4c22,MATR_b1c43,MATR_b4c8,MATR_b3c40",False,False,0.95
300,MATR_b3c36,921.0,1009.9421960385596,51.44631963900596,909.1092624089722,1110.775129668147,621.0,709.9421960385596,609.1092624089722,810.775129668147,88.94219603855959,"MATR_b1c24,MATR_b3c19,MATR_b4c41,MATR_b2c6,MATR_b2c34,MATR_b4c33,MATR_b3c22,MATR_b3c38,MATR_b4c22,MATR_b1c43,MATR_b4c8,MATR_b3c40",False,False,0.95
300,MATR_b3c6,665.0,564.5584622191717,14.865353102275442,535.4229055212411,593.6940189171023,365.0,264.5584622191717,235.4229055212411,293.6940189171023,100.4415377808283,"MATR_b1c24,MATR_b3c19,MATR_b4c41,MATR_b2c6,MATR_b2c34,MATR_b4c33,MATR_b3c22,MATR_b3c38,MATR_b4c22,MATR_b1c43,MATR_b4c8,MATR_b3c40",False,False,0.95
300,MATR_b4c1,760.0,776.4413265940157,25.010682036501603,727.4212905736896,825.4613626143417,460.0,476.44132659401566,427.4212905736896,525.4613626143417,16.441326594015663,"MATR_b1c24,MATR_b3c19,MATR_b4c41,MATR_b2c6,MATR_b2c34,MATR_b4c33,MATR_b3c22,MATR_b3c38,MATR_b4c22,MATR_b1c43,MATR_b4c8,MATR_b3c40",False,False,0.95
300,MATR_b4c11,863.0,791.7522123750222,44.382083319013994,704.7649275108988,878.7394972391455,563.0,491.75221237502217,404.7649275108988,578.7394972391455,71.24778762497783,"MATR_b1c24,MATR_b3c19,MATR_b4c41,MATR_b2c6,MATR_b2c34,MATR_b4c33,MATR_b3c22,MATR_b3c38,MATR_b4c22,MATR_b1c43,MATR_b4c8,MATR_b3c40",False,False,0.95
300,MATR_b4c15,675.0,746.4643000011223,34.564243351485466,678.7196278793328,814.2089721229117,375.0,446.4643000011223,378.71962787933285,514.2089721229117,71.4643000011223,"MATR_b1c24,MATR_b3c19,MATR_b4c41,MATR_b2c6,MATR_b2c34,MATR_b4c33,MATR_b3c22,MATR_b3c38,MATR_b4c22,MATR_b1c43,MATR_b4c8,MATR_b3c40",False,False,0.95
300,MATR_b4c21,773.0,965.2367604580614,50.31949384185241,866.6123648077457,1063.8611561083771,473.0,665.2367604580614,566.6123648077457,763.8611561083771,192.23676045806144,"MATR_b1c24,MATR_b3c19,MATR_b4c41,MATR_b2c6,MATR_b2c34,MATR_b4c33,MATR_b3c22,MATR_b3c38,MATR_b4c22,MATR_b1c43,MATR_b4c8,MATR_b3c40",False,False,0.95
300,MATR_b4c3,777.0,1022.9211515771597,24.715612747312733,974.4794407365877,1071.3628624177318,477.0,722.9211515771597,674.4794407365877,771.3628624177318,245.92115157715966,"MATR_b1c24,MATR_b3c19,MATR_b4c41,MATR_b2c6,MATR_b2c34,MATR_b4c33,MATR_b3c22,MATR_b3c38,MATR_b4c22,MATR_b1c43,MATR_b4c8,MATR_b3c40",False,False,0.95
300,MATR_b4c32,754.0,969.0439501074059,37.19414810397283,896.1447593879705,1041.9431408268413,454.0,669.0439501074059,596.1447593879705,741.9431408268413,215.04395010740586,"MATR_b1c24,MATR_b3c19,MATR_b4c41,MATR_b2c6,MATR_b2c34,MATR_b4c33,MATR_b3c22,MATR_b3c38,MATR_b4c22,MATR_b1c43,MATR_b4c8,MATR_b3c40",False,False,0.95
300,MATR_b4c34,891.0,1201.4146109955714,56.58778432403286,1090.5045917555467,1312.324630235596,591.0,901.4146109955714,790.5045917555467,1012.324630235596,310.41461099557137,"MATR_b1c24,MATR_b3c19,MATR_b4c41,MATR_b2c6,MATR_b2c34,MATR_b4c33,MATR_b3c22,MATR_b3c38,MATR_b4c22,MATR_b1c43,MATR_b4c8,MATR_b3c40",False,False,0.95
300,MATR_b4c42,774.0,861.4186660054048,31.67439542993846,799.3379917306454,923.4993402801642,474.0,561.4186660054048,499.3379917306454,623.4993402801642,87.41866600540482,"MATR_b1c24,MATR_b3c19,MATR_b4c41,MATR_b2c6,MATR_b2c34,MATR_b4c33,MATR_b3c22,MATR_b3c38,MATR_b4c22,MATR_b1c43,MATR_b4c8,MATR_b3c40",False,False,0.95
300,MATR_b4c6,706.0,825.8344478230468,20.82512912117122,785.017944772155,866.6509508739387,406.0,525.8344478230468,485.01794477215503,566.6509508739387,119.83444782304684,"MATR_b1c24,MATR_b3c19,MATR_b4c41,MATR_b2c6,MATR_b2c34,MATR_b4c33,MATR_b3c22,MATR_b3c38,MATR_b4c22,MATR_b1c43,MATR_b4c8,MATR_b3c40",False,False,0.95
300,MATR_b4c7,529.0,668.0576175232134,30.110198625215606,609.0427126504434,727.0725223959834,229.0,368.05761752321337,309.0427126504434,427.07252239598336,139.05761752321337,"MATR_b1c24,MATR_b3c19,MATR_b4c41,MATR_b2c6,MATR_b2c34,MATR_b4c33,MATR_b3c22,MATR_b3c38,MATR_b4c22,MATR_b1c43,MATR_b4c8,MATR_b3c40",False,False,0.95
320,MATR_b1c14,877.0,783.1576480096538,31.2396473545915,721.9290643049226,844.3862317143851,557.0,463.1576480096538,401.9290643049226,524.3862317143851,93.84235199034617,"MATR_b2c36,MATR_b4c16,MATR_b4c28,MATR_b3c21,MATR_b2c46,MATR_b2c11,MATR_b2c44,MATR_b4c17,MATR_b4c30,MATR_b1c9,MATR_b1c0,MATR_b2c28",False,False,0.95
320,MATR_b1c18,687.0,624.0656289168157,26.76472973360515,571.6077225830013,676.5235352506302,367.0,304.06562891681574,251.6077225830013,356.5235352506302,62.93437108318426,"MATR_b2c36,MATR_b4c16,MATR_b4c28,MATR_b3c21,MATR_b2c46,MATR_b2c11,MATR_b2c44,MATR_b4c17,MATR_b4c30,MATR_b1c9,MATR_b1c0,MATR_b2c28",False,False,0.95
320,MATR_b1c19,786.0,734.320359052216,22.71713129114229,689.7955998895092,778.8451182149228,466.0,414.32035905221596,369.79559988950916,458.84511821492276,51.67964094778404,"MATR_b2c36,MATR_b4c16,MATR_b4c28,MATR_b3c21,MATR_b2c46,MATR_b2c11,MATR_b2c44,MATR_b4c17,MATR_b4c30,MATR_b1c9,MATR_b1c0,MATR_b2c28",False,False,0.95
320,MATR_b1c2,2237.0,2006.0337870019239,100.78247501449786,1808.5037657007003,2203.5638083031477,1917.0,1686.0337870019239,1488.5037657007003,1883.5638083031477,230.96621299807612,"MATR_b2c36,MATR_b4c16,MATR_b4c28,MATR_b3c21,MATR_b2c46,MATR_b2c11,MATR_b2c44,MATR_b4c17,MATR_b4c30,MATR_b1c9,MATR_b1c0,MATR_b2c28",False,False,0.95
320,MATR_b1c30,707.0,712.1341704054216,23.29301429170172,666.4807013023095,757.7876395085337,387.0,392.1341704054216,346.4807013023095,437.78763950853374,5.134170405421628,"MATR_b2c36,MATR_b4c16,MATR_b4c28,MATR_b3c21,MATR_b2c46,MATR_b2c11,MATR_b2c44,MATR_b4c17,MATR_b4c30,MATR_b1c9,MATR_b1c0,MATR_b2c28",False,False,0.95
320,MATR_b1c34,742.0,796.1168280507408,25.149643338957613,746.8244328823562,845.4092232191254,422.0,476.11682805074076,426.8244328823562,525.4092232191254,54.116828050740764,"MATR_b2c36,MATR_b4c16,MATR_b4c28,MATR_b3c21,MATR_b2c46,MATR_b2c11,MATR_b2c44,MATR_b4c17,MATR_b4c30,MATR_b1c9,MATR_b1c0,MATR_b2c28",False,False,0.95
320,MATR_b1c35,701.0,618.9037453513495,31.35202882639254,557.4548980093585,680.3525926933404,381.0,298.90374535134947,237.45489800935854,360.3525926933404,82.09625464865053,"MATR_b2c36,MATR_b4c16,MATR_b4c28,MATR_b3c21,MATR_b2c46,MATR_b2c11,MATR_b2c44,MATR_b4c17,MATR_b4c30,MATR_b1c9,MATR_b1c0,MATR_b2c28",False,False,0.95
320,MATR_b1c42,700.0,579.7988134712502,19.908180245105843,540.779497193111,618.8181297493895,380.0,259.79881347125024,220.77949719311096,298.8181297493895,120.20118652874976,"MATR_b2c36,MATR_b4c16,MATR_b4c28,MATR_b3c21,MATR_b2c46,MATR_b2c11,MATR_b2c44,MATR_b4c17,MATR_b4c30,MATR_b1c9,MATR_b1c0,MATR_b2c28",False,False,0.95
320,MATR_b1c5,1071.0,1027.602683332694,19.102436638051216,990.1625955051552,1065.0427711602326,751.0,707.6026833326939,670.1625955051552,745.0427711602326,43.397316667306086,"MATR_b2c36,MATR_b4c16,MATR_b4c28,MATR_b3c21,MATR_b2c46,MATR_b2c11,MATR_b2c44,MATR_b4c17,MATR_b4c30,MATR_b1c9,MATR_b1c0,MATR_b2c28",False,False,0.95
320,MATR_b1c6,633.0,898.7184559391903,20.93114968828237,857.6941563951401,939.7427554832406,313.0,578.7184559391903,537.6941563951401,619.7427554832406,265.71845593919033,"MATR_b2c36,MATR_b4c16,MATR_b4c28,MATR_b3c21,MATR_b2c46,MATR_b2c11,MATR_b2c44,MATR_b4c17,MATR_b4c30,MATR_b1c9,MATR_b1c0,MATR_b2c28",False,False,0.95
320,MATR_b2c19,460.0,473.6960250802451,11.172339810190124,451.7986414292294,495.59340873126075,140.0,153.69602508024508,131.7986414292294,175.59340873126075,13.696025080245079,"MATR_b2c36,MATR_b4c16,MATR_b4c28,MATR_b3c21,MATR_b2c46,MATR_b2c11,MATR_b2c44,MATR_b4c17,MATR_b4c30,MATR_b1c9,MATR_b1c0,MATR_b2c28",False,False,0.95
320,MATR_b2c22,512.0,477.0157962932933,9.546551146353739,458.30489986987044,495.7266927167162,192.0,157.0157962932933,138.30489986987044,175.72669271671617,34.984203706706694,"MATR_b2c36,MATR_b4c16,MATR_b4c28,MATR_b3c21,MATR_b2c46,MATR_b2c11,MATR_b2c44,MATR_b4c17,MATR_b4c30,MATR_b1c9,MATR_b1c0,MATR_b2c28",False,False,0.95
320,MATR_b2c24,494.0,479.9951461899646,10.190793876882026,460.0215572174045,499.9687351625247,174.0,159.9951461899646,140.0215572174045,179.9687351625247,14.0048538100354,"MATR_b2c36,MATR_b4c16,MATR_b4c28,MATR_b3c21,MATR_b2c46,MATR_b2c11,MATR_b2c44,MATR_b4c17,MATR_b4c30,MATR_b1c9,MATR_b1c0,MATR_b2c28",False,False,0.95
320,MATR_b2c3,334.0,291.3513577992653,49.166302282951726,194.98717607167052,387.7155395268601,14.0,-28.648642200734685,-125.01282392832948,67.71553952686008,42.648642200734685,"MATR_b2c36,MATR_b4c16,MATR_b4c28,MATR_b3c21,MATR_b2c46,MATR_b2c11,MATR_b2c44,MATR_b4c17,MATR_b4c30,MATR_b1c9,MATR_b1c0,MATR_b2c28",False,False,0.95
320,MATR_b2c33,519.0,456.6768600051107,10.05786296613183,436.96381083005315,476.3899091801683,199.0,136.6768600051107,116.96381083005315,156.38990918016827,62.32313999488929,"MATR_b2c36,MATR_b4c16,MATR_b4c28,MATR_b3c21,MATR_b2c46,MATR_b2c11,MATR_b2c44,MATR_b4c17,MATR_b4c30,MATR_b1c9,MATR_b1c0,MATR_b2c28",False,False,0.95
320,MATR_b2c41,428.0,464.39369127164485,10.043674431872564,444.7084511127288,484.0789314305609,108.0,144.39369127164485,124.70845111272882,164.07893143056089,36.393691271644855,"MATR_b2c36,MATR_b4c16,MATR_b4c28,MATR_b3c21,MATR_b2c46,MATR_b2c11,MATR_b2c44,MATR_b4c17,MATR_b4c30,MATR_b1c9,MATR_b1c0,MATR_b2c28",False,False,0.95
320,MATR_b3c1,1061.0,922.0824070211744,35.50422698299588,852.4954008355674,991.6694132067814,741.0,602.0824070211744,532.4954008355674,671.6694132067814,138.9175929788256,"MATR_b2c36,MATR_b4c16,MATR_b4c28,MATR_b3c21,MATR_b2c46,MATR_b2c11,MATR_b2c44,MATR_b4c17,MATR_b4c30,MATR_b1c9,MATR_b1c0,MATR_b2c28",False,False,0.95
320,MATR_b3c14,856.0,925.6892658112765,24.96896682834118,876.7509900965525,974.6275415260005,536.0,605.6892658112765,556.7509900965525,654.6275415260005,69.68926581127653,"MATR_b2c36,MATR_b4c16,MATR_b4c28,MATR_b3c21,MATR_b2c46,MATR_b2c11,MATR_b2c44,MATR_b4c17,MATR_b4c30,MATR_b1c9,MATR_b1c0,MATR_b2c28",False,False,0.95
320,MATR_b3c17,1313.0,975.9047503927892,36.094772527539064,905.1602962086469,1046.6492045769314,993.0,655.9047503927892,585.1602962086469,726.6492045769314,337.0952496072108,"MATR_b2c36,MATR_b4c16,MATR_b4c28,MATR_b3c21,MATR_b2c46,MATR_b2c11,MATR_b2c44,MATR_b4c17,MATR_b4c30,MATR_b1c9,MATR_b1c0,MATR_b2c28",False,False,0.95
320,MATR_b3c24,823.0,852.8763003436667,30.206713121375635,793.672230534437,912.0803701528964,503.0,532.8763003436667,473.67223053443695,592.0803701528964,29.876300343666685,"MATR_b2c36,MATR_b4c16,MATR_b4c28,MATR_b3c21,MATR_b2c46,MATR_b2c11,MATR_b2c44,MATR_b4c17,MATR_b4c30,MATR_b1c9,MATR_b1c0,MATR_b2c28",False,False,0.95
320,MATR_b3c31,729.0,755.3651211085194,36.83734698753838,683.1652477269391,827.5649944900996,409.0,435.36512110851936,363.1652477269391,507.5649944900996,26.36512110851936,"MATR_b2c36,MATR_b4c16,MATR_b4c28,MATR_b3c21,MATR_b2c46,MATR_b2c11,MATR_b2c44,MATR_b4c17,MATR_b4c30,MATR_b1c9,MATR_b1c0,MATR_b2c28",False,False,0.95
320,MATR_b3c33,1282.0,1131.149347819841,88.99717711559559,956.7180859475415,1305.5806096921406,962.0,811.1493478198411,636.7180859475415,985.5806096921406,150.85065218015893,"MATR_b2c36,MATR_b4c16,MATR_b4c28,MATR_b3c21,MATR_b2c46,MATR_b2c11,MATR_b2c44,MATR_b4c17,MATR_b4c30,MATR_b1c9,MATR_b1c0,MATR_b2c28",False,False,0.95
320,MATR_b3c36,921.0,1015.8291380520723,51.46063637936937,914.9681441269967,1116.690131977148,601.0,695.8291380520723,594.9681441269967,796.690131977148,94.82913805207227,"MATR_b2c36,MATR_b4c16,MATR_b4c28,MATR_b3c21,MATR_b2c46,MATR_b2c11,MATR_b2c44,MATR_b4c17,MATR_b4c30,MATR_b1c9,MATR_b1c0,MATR_b2c28",False,False,0.95
320,MATR_b3c6,665.0,570.9355138209647,15.265185597792646,541.0162998319717,600.8547278099578,345.0,250.93551382096473,221.01629983197165,280.8547278099578,94.06448617903527,"MATR_b2c36,MATR_b4c16,MATR_b4c28,MATR_b3c21,MATR_b2c46,MATR_b2c11,MATR_b2c44,MATR_b4c17,MATR_b4c30,MATR_b1c9,MATR_b1c0,MATR_b2c28",False,False,0.95
320,MATR_b4c1,760.0,757.3471139658741,25.21395810753067,707.9286641674123,806.7655637643359,440.0,437.3471139658741,387.9286641674123,486.76556376433587,2.6528860341259133,"MATR_b2c36,MATR_b4c16,MATR_b4c28,MATR_b3c21,MATR_b2c46,MATR_b2c11,MATR_b2c44,MATR_b4c17,MATR_b4c30,MATR_b1c9,MATR_b1c0,MATR_b2c28",False,False,0.95
320,MATR_b4c11,863.0,812.8157413349461,43.31898418903835,727.9120924775709,897.7193901923213,543.0,492.8157413349461,407.9120924775709,577.7193901923213,50.1842586650539,"MATR_b2c36,MATR_b4c16,MATR_b4c28,MATR_b3c21,MATR_b2c46,MATR_b2c11,MATR_b2c44,MATR_b4c17,MATR_b4c30,MATR_b1c9,MATR_b1c0,MATR_b2c28",False,False,0.95
320,MATR_b4c15,675.0,753.6909299355584,35.30105441781237,684.5021346603576,822.8797252107593,355.0,433.6909299355584,364.50213466035757,502.87972521075926,78.69092993555842,"MATR_b2c36,MATR_b4c16,MATR_b4c28,MATR_b3c21,MATR_b2c46,MATR_b2c11,MATR_b2c44,MATR_b4c17,MATR_b4c30,MATR_b1c9,MATR_b1c0,MATR_b2c28",False,False,0.95
320,MATR_b4c21,773.0,971.3654168497899,49.89862495943087,873.565909051234,1069.1649246483457,453.0,651.3654168497899,553.565909051234,749.1649246483457,198.36541684978988,"MATR_b2c36,MATR_b4c16,MATR_b4c28,MATR_b3c21,MATR_b2c46,MATR_b2c11,MATR_b2c44,MATR_b4c17,MATR_b4c30,MATR_b1c9,MATR_b1c0,MATR_b2c28",False,False,0.95
320,MATR_b4c3,777.0,977.6396212795999,25.52096820744656,927.6194427424128,1027.6597998167867,457.0,657.6396212795999,607.6194427424128,707.6597998167867,200.63962127959985,"MATR_b2c36,MATR_b4c16,MATR_b4c28,MATR_b3c21,MATR_b2c46,MATR_b2c11,MATR_b2c44,MATR_b4c17,MATR_b4c30,MATR_b1c9,MATR_b1c0,MATR_b2c28",False,False,0.95
320,MATR_b4c32,754.0,972.7658885785099,37.466963636369414,899.331989241154,1046.1997879158657,434.0,652.7658885785099,579.331989241154,726.1997879158657,218.76588857850993,"MATR_b2c36,MATR_b4c16,MATR_b4c28,MATR_b3c21,MATR_b2c46,MATR_b2c11,MATR_b2c44,MATR_b4c17,MATR_b4c30,MATR_b1c9,MATR_b1c0,MATR_b2c28",False,False,0.95
320,MATR_b4c34,891.0,1187.2031831251938,49.541327485418925,1090.1039655074685,1284.3024007429192,571.0,867.2031831251938,770.1039655074685,964.3024007429192,296.20318312519385,"MATR_b2c36,MATR_b4c16,MATR_b4c28,MATR_b3c21,MATR_b2c46,MATR_b2c11,MATR_b2c44,MATR_b4c17,MATR_b4c30,MATR_b1c9,MATR_b1c0,MATR_b2c28",False,False,0.95
320,MATR_b4c42,774.0,870.0976970217523,32.468863957045365,806.4598930470128,933.7355009964919,454.0,550.0976970217523,486.45989304701277,613.7355009964919,96.09769702175231,"MATR_b2c36,MATR_b4c16,MATR_b4c28,MATR_b3c21,MATR_b2c46,MATR_b2c11,MATR_b2c44,MATR_b4c17,MATR_b4c30,MATR_b1c9,MATR_b1c0,MATR_b2c28",False,False,0.95
320,MATR_b4c6,706.0,804.9891844625115,21.14385655328398,763.5479871237937,846.4303818012293,386.0,484.9891844625115,443.54798712379375,526.4303818012293,98.9891844625115,"MATR_b2c36,MATR_b4c16,MATR_b4c28,MATR_b3c21,MATR_b2c46,MATR_b2c11,MATR_b2c44,MATR_b4c17,MATR_b4c30,MATR_b1c9,MATR_b1c0,MATR_b2c28",False,False,0.95
320,MATR_b4c7,529.0,678.451185232533,31.1802444088707,617.3390291619901,739.563341303076,209.0,358.451185232533,297.3390291619901,419.56334130307596,149.45118523253302,"MATR_b2c36,MATR_b4c16,MATR_b4c28,MATR_b3c21,MATR_b2c46,MATR_b2c11,MATR_b2c44,MATR_b4c17,MATR_b4c30,MATR_b1c9,MATR_b1c0,MATR_b2c28",False,False,0.95
340,MATR_b1c14,877.0,730.6570684046412,32.319857882760274,667.3113109689781,794.0028258403044,537.0,390.6570684046412,327.3113109689781,454.00282584030435,146.34293159535878,"MATR_b3c21,MATR_b2c25,MATR_b1c20,MATR_b2c36,MATR_b1c24,MATR_b2c45,MATR_b1c15,MATR_b3c8,MATR_b2c17,MATR_b2c46,MATR_b4c39,MATR_b1c17",False,False,0.95
340,MATR_b1c18,687.0,626.3709016991832,27.434516060130164,572.6002382880423,680.141565110324,347.0,286.37090169918315,232.6002382880423,340.141565110324,60.62909830081685,"MATR_b3c21,MATR_b2c25,MATR_b1c20,MATR_b2c36,MATR_b1c24,MATR_b2c45,MATR_b1c15,MATR_b3c8,MATR_b2c17,MATR_b2c46,MATR_b4c39,MATR_b1c17",False,False,0.95
340,MATR_b1c19,786.0,683.7785934642712,22.264627258473116,640.1407259084551,727.4164610200874,446.0,343.77859346427124,300.1407259084551,387.41646102008735,102.22140653572876,"MATR_b3c21,MATR_b2c25,MATR_b1c20,MATR_b2c36,MATR_b1c24,MATR_b2c45,MATR_b1c15,MATR_b3c8,MATR_b2c17,MATR_b2c46,MATR_b4c39,MATR_b1c17",False,False,0.95
340,MATR_b1c2,2237.0,2017.0407115327016,100.10382482374523,1820.8408201634543,2213.240602901949,1897.0,1677.0407115327016,1480.8408201634543,1873.240602901949,219.9592884672984,"MATR_b3c21,MATR_b2c25,MATR_b1c20,MATR_b2c36,MATR_b1c24,MATR_b2c45,MATR_b1c15,MATR_b3c8,MATR_b2c17,MATR_b2c46,MATR_b4c39,MATR_b1c17",False,False,0.95
340,MATR_b1c30,707.0,615.0924907451619,21.48719014776961,572.9783719265696,657.2066095637541,367.0,275.09249074516185,232.9783719265696,317.2066095637541,91.90750925483815,"MATR_b3c21,MATR_b2c25,MATR_b1c20,MATR_b2c36,MATR_b1c24,MATR_b2c45,MATR_b1c15,MATR_b3c8,MATR_b2c17,MATR_b2c46,MATR_b4c39,MATR_b1c17",False,False,0.95
340,MATR_b1c34,742.0,786.934231686192,26.500439319032587,734.994325046399,838.874138325985,402.0,446.934231686192,394.994325046399,498.874138325985,44.93423168619199,"MATR_b3c21,MATR_b2c25,MATR_b1c20,MATR_b2c36,MATR_b1c24,MATR_b2c45,MATR_b1c15,MATR_b3c8,MATR_b2c17,MATR_b2c46,MATR_b4c39,MATR_b1c17",False,False,0.95
340,MATR_b1c35,701.0,607.1955122592669,30.370068869702262,547.6712710666494,666.7197534518845,361.0,267.19551225926693,207.6712710666494,326.71975345188446,93.80448774073307,"MATR_b3c21,MATR_b2c25,MATR_b1c20,MATR_b2c36,MATR_b1c24,MATR_b2c45,MATR_b1c15,MATR_b3c8,MATR_b2c17,MATR_b2c46,MATR_b4c39,MATR_b1c17",False,False,0.95
340,MATR_b1c42,700.0,547.8356061509672,17.756359583570887,513.0337808706257,582.6374314313088,360.0,207.83560615096724,173.03378087062572,242.63743143130876,152.16439384903276,"MATR_b3c21,MATR_b2c25,MATR_b1c20,MATR_b2c36,MATR_b1c24,MATR_b2c45,MATR_b1c15,MATR_b3c8,MATR_b2c17,MATR_b2c46,MATR_b4c39,MATR_b1c17",False,False,0.95
340,MATR_b1c5,1071.0,1026.389143161029,19.960493040406778,987.2672956881694,1065.5109906338887,731.0,686.3891431610291,647.2672956881694,725.5109906338887,44.6108568389709,"MATR_b3c21,MATR_b2c25,MATR_b1c20,MATR_b2c36,MATR_b1c24,MATR_b2c45,MATR_b1c15,MATR_b3c8,MATR_b2c17,MATR_b2c46,MATR_b4c39,MATR_b1c17",False,False,0.95
340,MATR_b1c6,633.0,859.1135720058616,21.750203206111916,816.4839570654545,901.7431869462686,293.0,519.1135720058616,476.48395706545455,561.7431869462686,226.11357200586156,"MATR_b3c21,MATR_b2c25,MATR_b1c20,MATR_b2c36,MATR_b1c24,MATR_b2c45,MATR_b1c15,MATR_b3c8,MATR_b2c17,MATR_b2c46,MATR_b4c39,MATR_b1c17",False,False,0.95
340,MATR_b2c19,460.0,462.82973676469675,12.029985717771872,439.2513980233326,486.40807550606087,120.0,122.82973676469675,99.25139802333263,146.40807550606087,2.8297367646967473,"MATR_b3c21,MATR_b2c25,MATR_b1c20,MATR_b2c36,MATR_b1c24,MATR_b2c45,MATR_b1c15,MATR_b3c8,MATR_b2c17,MATR_b2c46,MATR_b4c39,MATR_b1c17",False,False,0.95
340,MATR_b2c22,512.0,469.69973966071143,9.524429712375362,451.0322004511725,488.36727887025035,172.0,129.69973966071143,111.03220045117251,148.36727887025035,42.30026033928857,"MATR_b3c21,MATR_b2c25,MATR_b1c20,MATR_b2c36,MATR_b1c24,MATR_b2c45,MATR_b1c15,MATR_b3c8,MATR_b2c17,MATR_b2c46,MATR_b4c39,MATR_b1c17",False,False,0.95
340,MATR_b2c24,494.0,474.7994914899835,9.82959787872166,455.5338336651777,494.06514931478927,154.0,134.7994914899835,115.53383366517772,154.06514931478927,19.200508510016505,"MATR_b3c21,MATR_b2c25,MATR_b1c20,MATR_b2c36,MATR_b1c24,MATR_b2c45,MATR_b1c15,MATR_b3c8,MATR_b2c17,MATR_b2c46,MATR_b4c39,MATR_b1c17",False,False,0.95
340,MATR_b2c33,519.0,409.44731205589505,13.723916514060914,382.5489299615012,436.3456941502889,179.0,69.44731205589505,42.54892996150119,96.34569415028892,109.55268794410495,"MATR_b3c21,MATR_b2c25,MATR_b1c20,MATR_b2c36,MATR_b1c24,MATR_b2c45,MATR_b1c15,MATR_b3c8,MATR_b2c17,MATR_b2c46,MATR_b4c39,MATR_b1c17",False,False,0.95
340,MATR_b2c41,428.0,437.3016384159355,10.918698735680845,415.901382135958,458.701894695913,88.0,97.30163841593549,75.90138213595799,118.70189469591298,9.301638415935486,"MATR_b3c21,MATR_b2c25,MATR_b1c20,MATR_b2c36,MATR_b1c24,MATR_b2c45,MATR_b1c15,MATR_b3c8,MATR_b2c17,MATR_b2c46,MATR_b4c39,MATR_b1c17",False,False,0.95
340,MATR_b3c1,1061.0,915.9648822126533,39.49172381528051,838.5625258473008,993.3672385780058,721.0,575.9648822126533,498.5625258473008,653.3672385780058,145.03511778734673,"MATR_b3c21,MATR_b2c25,MATR_b1c20,MATR_b2c36,MATR_b1c24,MATR_b2c45,MATR_b1c15,MATR_b3c8,MATR_b2c17,MATR_b2c46,MATR_b4c39,MATR_b1c17",False,False,0.95
340,MATR_b3c14,856.0,809.774711363952,29.03201351825171,752.8730104694986,866.6764122584053,516.0,469.77471136395195,412.8730104694986,526.6764122584053,46.22528863604805,"MATR_b3c21,MATR_b2c25,MATR_b1c20,MATR_b2c36,MATR_b1c24,MATR_b2c45,MATR_b1c15,MATR_b3c8,MATR_b2c17,MATR_b2c46,MATR_b4c39,MATR_b1c17",False,False,0.95
340,MATR_b3c17,1313.0,960.7064601524916,42.714938188868224,876.9867197004553,1044.4262006045278,973.0,620.7064601524916,536.9867197004553,704.4262006045278,352.29353984750844,"MATR_b3c21,MATR_b2c25,MATR_b1c20,MATR_b2c36,MATR_b1c24,MATR_b2c45,MATR_b1c15,MATR_b3c8,MATR_b2c17,MATR_b2c46,MATR_b4c39,MATR_b1c17",False,False,0.95
340,MATR_b3c24,823.0,855.5135822400547,31.676246773130377,793.4292793993161,917.5978850807933,483.0,515.5135822400547,453.4292793993161,577.5978850807933,32.51358224005469,"MATR_b3c21,MATR_b2c25,MATR_b1c20,MATR_b2c36,MATR_b1c24,MATR_b2c45,MATR_b1c15,MATR_b3c8,MATR_b2c17,MATR_b2c46,MATR_b4c39,MATR_b1c17",False,False,0.95
340,MATR_b3c31,729.0,742.5111553475308,37.58173515224032,668.8523079726169,816.1700027224447,389.0,402.5111553475308,328.8523079726169,476.1700027224447,13.511155347530803,"MATR_b3c21,MATR_b2c25,MATR_b1c20,MATR_b2c36,MATR_b1c24,MATR_b2c45,MATR_b1c15,MATR_b3c8,MATR_b2c17,MATR_b2c46,MATR_b4c39,MATR_b1c17",False,False,0.95
340,MATR_b3c33,1282.0,1130.9565634777014,84.33096422520207,965.6709108147696,1296.2422161406332,942.0,790.9565634777014,625.6709108147696,956.2422161406332,151.04343652229863,"MATR_b3c21,MATR_b2c25,MATR_b1c20,MATR_b2c36,MATR_b1c24,MATR_b2c45,MATR_b1c15,MATR_b3c8,MATR_b2c17,MATR_b2c46,MATR_b4c39,MATR_b1c17",False,False,0.95
340,MATR_b3c36,921.0,1032.9524864655593,56.63595688551197,921.9480507399926,1143.956922191126,581.0,692.9524864655593,581.9480507399926,803.9569221911261,111.95248646555933,"MATR_b3c21,MATR_b2c25,MATR_b1c20,MATR_b2c36,MATR_b1c24,MATR_b2c45,MATR_b1c15,MATR_b3c8,MATR_b2c17,MATR_b2c46,MATR_b4c39,MATR_b1c17",False,False,0.95
340,MATR_b3c6,665.0,570.5512813030551,15.064672427117973,541.0250659070103,600.0774966990999,325.0,230.55128130305513,201.02506590701034,260.0774966990999,94.44871869694487,"MATR_b3c21,MATR_b2c25,MATR_b1c20,MATR_b2c36,MATR_b1c24,MATR_b2c45,MATR_b1c15,MATR_b3c8,MATR_b2c17,MATR_b2c46,MATR_b4c39,MATR_b1c17",False,False,0.95
340,MATR_b4c1,760.0,705.387772308233,23.890918160900956,658.5624331552733,752.2131114611927,420.0,365.387772308233,318.5624331552733,412.21311146119274,54.612227691766975,"MATR_b3c21,MATR_b2c25,MATR_b1c20,MATR_b2c36,MATR_b1c24,MATR_b2c45,MATR_b1c15,MATR_b3c8,MATR_b2c17,MATR_b2c46,MATR_b4c39,MATR_b1c17",False,False,0.95
340,MATR_b4c11,863.0,820.1867219330234,45.377122650732304,731.2491958155314,909.1242480505153,523.0,480.18672193302336,391.2491958155314,569.1242480505153,42.813278066976636,"MATR_b3c21,MATR_b2c25,MATR_b1c20,MATR_b2c36,MATR_b1c24,MATR_b2c45,MATR_b1c15,MATR_b3c8,MATR_b2c17,MATR_b2c46,MATR_b4c39,MATR_b1c17",False,False,0.95
340,MATR_b4c15,675.0,752.9052370574698,36.26259078925205,681.8318651244219,823.9786089905176,335.0,412.9052370574698,341.83186512442194,483.9786089905176,77.90523705746978,"MATR_b3c21,MATR_b2c25,MATR_b1c20,MATR_b2c36,MATR_b1c24,MATR_b2c45,MATR_b1c15,MATR_b3c8,MATR_b2c17,MATR_b2c46,MATR_b4c39,MATR_b1c17",False,False,0.95
340,MATR_b4c21,773.0,985.2293850062933,53.781284484611376,879.8200043741523,1090.6387656384345,433.0,645.2293850062933,539.8200043741523,750.6387656384345,212.22938500629334,"MATR_b3c21,MATR_b2c25,MATR_b1c20,MATR_b2c36,MATR_b1c24,MATR_b2c45,MATR_b1c15,MATR_b3c8,MATR_b2c17,MATR_b2c46,MATR_b4c39,MATR_b1c17",False,False,0.95
340,MATR_b4c3,777.0,960.8262070061653,27.463739994657708,906.9982657358639,1014.6541482764667,437.0,620.8262070061653,566.9982657358639,674.6541482764667,183.8262070061653,"MATR_b3c21,MATR_b2c25,MATR_b1c20,MATR_b2c36,MATR_b1c24,MATR_b2c45,MATR_b1c15,MATR_b3c8,MATR_b2c17,MATR_b2c46,MATR_b4c39,MATR_b1c17",False,False,0.95
340,MATR_b4c32,754.0,984.3842315485473,39.520263199784104,906.9259390174268,1061.8425240796678,414.0,644.3842315485473,566.9259390174268,721.8425240796678,230.3842315485473,"MATR_b3c21,MATR_b2c25,MATR_b1c20,MATR_b2c36,MATR_b1c24,MATR_b2c45,MATR_b1c15,MATR_b3c8,MATR_b2c17,MATR_b2c46,MATR_b4c39,MATR_b1c17",False,False,0.95
340,MATR_b4c34,891.0,1167.1332114814725,41.34960198989969,1086.0894808062033,1248.1769421567417,551.0,827.1332114814725,746.0894808062033,908.1769421567417,276.1332114814725,"MATR_b3c21,MATR_b2c25,MATR_b1c20,MATR_b2c36,MATR_b1c24,MATR_b2c45,MATR_b1c15,MATR_b3c8,MATR_b2c17,MATR_b2c46,MATR_b4c39,MATR_b1c17",False,False,0.95
340,MATR_b4c42,774.0,889.356916786938,34.34458277558767,822.0427714827315,956.6710620911444,434.0,549.356916786938,482.0427714827315,616.6710620911444,115.35691678693797,"MATR_b3c21,MATR_b2c25,MATR_b1c20,MATR_b2c36,MATR_b1c24,MATR_b2c45,MATR_b1c15,MATR_b3c8,MATR_b2c17,MATR_b2c46,MATR_b4c39,MATR_b1c17",False,False,0.95
340,MATR_b4c6,706.0,765.6083639261753,21.122416728822575,724.2091878712367,807.007539981114,366.0,425.60836392617534,384.20918787123674,467.00753998111395,59.60836392617534,"MATR_b3c21,MATR_b2c25,MATR_b1c20,MATR_b2c36,MATR_b1c24,MATR_b2c45,MATR_b1c15,MATR_b3c8,MATR_b2c17,MATR_b2c46,MATR_b4c39,MATR_b1c17",False,False,0.95
340,MATR_b4c7,529.0,682.1789482598547,32.42076667254483,618.6354132304904,745.722483289219,189.0,342.1789482598547,278.63541323049037,405.722483289219,153.17894825985468,"MATR_b3c21,MATR_b2c25,MATR_b1c20,MATR_b2c36,MATR_b1c24,MATR_b2c45,MATR_b1c15,MATR_b3c8,MATR_b2c17,MATR_b2c46,MATR_b4c39,MATR_b1c17",False,False,0.95
360,MATR_b1c14,877.0,711.0245595123068,32.805991905609424,646.7259969001998,775.3231221244139,517.0,351.02455951230684,286.7259969001998,415.3231221244139,165.97544048769316,"MATR_b3c16,MATR_b2c38,MATR_b4c23,MATR_b3c5,MATR_b2c39,MATR_b3c39,MATR_b3c26,MATR_b3c28,MATR_b2c14,MATR_b2c36,MATR_b4c41,MATR_b2c45",False,False,0.95
360,MATR_b1c18,687.0,624.0045792871886,27.21464141532453,570.6648622609804,677.3442963133967,327.0,264.00457928718856,210.66486226098039,317.34429631339674,62.99542071281144,"MATR_b3c16,MATR_b2c38,MATR_b4c23,MATR_b3c5,MATR_b2c39,MATR_b3c39,MATR_b3c26,MATR_b3c28,MATR_b2c14,MATR_b2c36,MATR_b4c41,MATR_b2c45",False,False,0.95
360,MATR_b1c19,786.0,619.7460947416434,22.045143112993856,576.5384082061443,662.9537812771426,426.0,259.74609474164345,216.53840820614425,302.95378127714264,166.25390525835655,"MATR_b3c16,MATR_b2c38,MATR_b4c23,MATR_b3c5,MATR_b2c39,MATR_b3c39,MATR_b3c26,MATR_b3c28,MATR_b2c14,MATR_b2c36,MATR_b4c41,MATR_b2c45",False,False,0.95
360,MATR_b1c2,2237.0,2045.8990445945337,105.13800099505305,1839.8323492376935,2251.965739951374,1877.0,1685.8990445945337,1479.8323492376935,1891.965739951374,191.10095540546627,"MATR_b3c16,MATR_b2c38,MATR_b4c23,MATR_b3c5,MATR_b2c39,MATR_b3c39,MATR_b3c26,MATR_b3c28,MATR_b2c14,MATR_b2c36,MATR_b4c41,MATR_b2c45",False,False,0.95
360,MATR_b1c30,707.0,584.7340662830834,21.839709886047398,541.9290214736271,627.5391110925397,347.0,224.7340662830834,181.92902147362713,267.53911109253966,122.2659337169166,"MATR_b3c16,MATR_b2c38,MATR_b4c23,MATR_b3c5,MATR_b2c39,MATR_b3c39,MATR_b3c26,MATR_b3c28,MATR_b2c14,MATR_b2c36,MATR_b4c41,MATR_b2c45",False,False,0.95
360,MATR_b1c34,742.0,750.505449323686,26.99081237673794,697.6044291518017,803.4064694955703,382.0,390.505449323686,337.6044291518017,443.40646949557026,8.50544932368598,"MATR_b3c16,MATR_b2c38,MATR_b4c23,MATR_b3c5,MATR_b2c39,MATR_b3c39,MATR_b3c26,MATR_b3c28,MATR_b2c14,MATR_b2c36,MATR_b4c41,MATR_b2c45",False,False,0.95
360,MATR_b1c35,701.0,555.3280555636032,22.839268188886,510.56391248013534,600.0921986470711,341.0,195.32805556360324,150.56391248013534,240.0921986470711,145.67194443639676,"MATR_b3c16,MATR_b2c38,MATR_b4c23,MATR_b3c5,MATR_b2c39,MATR_b3c39,MATR_b3c26,MATR_b3c28,MATR_b2c14,MATR_b2c36,MATR_b4c41,MATR_b2c45",False,False,0.95
360,MATR_b1c42,700.0,504.72320081039305,14.627823653587555,476.05319327715836,533.3932083436277,340.0,144.72320081039305,116.05319327715836,173.39320834362775,195.27679918960695,"MATR_b3c16,MATR_b2c38,MATR_b4c23,MATR_b3c5,MATR_b2c39,MATR_b3c39,MATR_b3c26,MATR_b3c28,MATR_b2c14,MATR_b2c36,MATR_b4c41,MATR_b2c45",False,False,0.95
360,MATR_b1c5,1071.0,1021.5969542469844,20.385669177446356,981.6417768584413,1061.5521316355275,711.0,661.5969542469844,621.6417768584413,701.5521316355275,49.40304575301559,"MATR_b3c16,MATR_b2c38,MATR_b4c23,MATR_b3c5,MATR_b2c39,MATR_b3c39,MATR_b3c26,MATR_b3c28,MATR_b2c14,MATR_b2c36,MATR_b4c41,MATR_b2c45",False,False,0.95
360,MATR_b1c6,633.0,787.0593631962398,22.296822281248932,743.3583945553017,830.7603318371779,273.0,427.0593631962398,383.35839455530174,470.7603318371779,154.05936319623981,"MATR_b3c16,MATR_b2c38,MATR_b4c23,MATR_b3c5,MATR_b2c39,MATR_b3c39,MATR_b3c26,MATR_b3c28,MATR_b2c14,MATR_b2c36,MATR_b4c41,MATR_b2c45",False,False,0.95
360,MATR_b2c19,460.0,452.49038729919835,12.247566767136444,428.4855975373613,476.4951770610354,100.0,92.49038729919835,68.48559753736129,116.4951770610354,7.509612700801654,"MATR_b3c16,MATR_b2c38,MATR_b4c23,MATR_b3c5,MATR_b2c39,MATR_b3c39,MATR_b3c26,MATR_b3c28,MATR_b2c14,MATR_b2c36,MATR_b4c41,MATR_b2c45",False,False,0.95
360,MATR_b2c22,512.0,458.6692157971493,9.632369254338872,439.7901189728542,477.54831262144444,152.0,98.66921579714932,79.7901189728542,117.54831262144444,53.33078420285068,"MATR_b3c16,MATR_b2c38,MATR_b4c23,MATR_b3c5,MATR_b2c39,MATR_b3c39,MATR_b3c26,MATR_b3c28,MATR_b2c14,MATR_b2c36,MATR_b4c41,MATR_b2c45",False,False,0.95
360,MATR_b2c24,494.0,426.6828419867088,10.94967403616313,405.2218752333757,448.1438087400419,134.0,66.68284198670881,45.22187523337573,88.14380874004189,67.31715801329119,"MATR_b3c16,MATR_b2c38,MATR_b4c23,MATR_b3c5,MATR_b2c39,MATR_b3c39,MATR_b3c26,MATR_b3c28,MATR_b2c14,MATR_b2c36,MATR_b4c41,MATR_b2c45",False,False,0.95
360,MATR_b2c33,519.0,363.7189940712268,20.389456550431092,323.7563935680376,403.681594574416,159.0,3.7189940712268026,-36.243606431962405,43.68159457441601,155.2810059287732,"MATR_b3c16,MATR_b2c38,MATR_b4c23,MATR_b3c5,MATR_b2c39,MATR_b3c39,MATR_b3c26,MATR_b3c28,MATR_b2c14,MATR_b2c36,MATR_b4c41,MATR_b2c45",False,False,0.95
360,MATR_b2c41,428.0,391.49111797065945,13.742953356221756,364.55542435125096,418.4268115900679,68.0,31.491117970659445,4.555424351250963,58.42681159006793,36.508882029340555,"MATR_b3c16,MATR_b2c38,MATR_b4c23,MATR_b3c5,MATR_b2c39,MATR_b3c39,MATR_b3c26,MATR_b3c28,MATR_b2c14,MATR_b2c36,MATR_b4c41,MATR_b2c45",False,False,0.95
360,MATR_b3c1,1061.0,891.2722924587578,34.49477210987978,823.6637814684767,958.8808034490388,701.0,531.2722924587578,463.6637814684767,598.8808034490388,169.72770754124224,"MATR_b3c16,MATR_b2c38,MATR_b4c23,MATR_b3c5,MATR_b2c39,MATR_b3c39,MATR_b3c26,MATR_b3c28,MATR_b2c14,MATR_b2c36,MATR_b4c41,MATR_b2c45",False,False,0.95
360,MATR_b3c14,856.0,685.6583113723005,31.162998923559467,624.5799558318636,746.7366669127375,496.0,325.65831137230055,264.5799558318636,386.7366669127375,170.34168862769945,"MATR_b3c16,MATR_b2c38,MATR_b4c23,MATR_b3c5,MATR_b2c39,MATR_b3c39,MATR_b3c26,MATR_b3c28,MATR_b2c14,MATR_b2c36,MATR_b4c41,MATR_b2c45",False,False,0.95
360,MATR_b3c17,1313.0,890.1404936762068,45.87172062886037,800.2335733347575,980.0474140176561,953.0,530.1404936762068,440.23357333475747,620.0474140176561,422.8595063237932,"MATR_b3c16,MATR_b2c38,MATR_b4c23,MATR_b3c5,MATR_b2c39,MATR_b3c39,MATR_b3c26,MATR_b3c28,MATR_b2c14,MATR_b2c36,MATR_b4c41,MATR_b2c45",False,False,0.95
360,MATR_b3c24,823.0,823.1132273907326,31.091426983770326,762.175150274586,884.0513045068792,463.0,463.1132273907326,402.17515027458603,524.0513045068792,0.113227390732618,"MATR_b3c16,MATR_b2c38,MATR_b4c23,MATR_b3c5,MATR_b2c39,MATR_b3c39,MATR_b3c26,MATR_b3c28,MATR_b2c14,MATR_b2c36,MATR_b4c41,MATR_b2c45",False,False,0.95
360,MATR_b3c31,729.0,689.3812566729932,32.87633118487434,624.9448316068285,753.8176817391579,369.0,329.38125667299323,264.94483160682853,393.81768173915793,39.61874332700677,"MATR_b3c16,MATR_b2c38,MATR_b4c23,MATR_b3c5,MATR_b2c39,MATR_b3c39,MATR_b3c26,MATR_b3c28,MATR_b2c14,MATR_b2c36,MATR_b4c41,MATR_b2c45",False,False,0.95
360,MATR_b3c33,1282.0,1079.3817272170172,63.646854761369866,954.6361841554807,1204.1272702785539,922.0,719.3817272170172,594.6361841554807,844.1272702785539,202.61827278298279,"MATR_b3c16,MATR_b2c38,MATR_b4c23,MATR_b3c5,MATR_b2c39,MATR_b3c39,MATR_b3c26,MATR_b3c28,MATR_b2c14,MATR_b2c36,MATR_b4c41,MATR_b2c45",False,False,0.95
360,MATR_b3c36,921.0,1046.1622976782153,58.25900852545536,931.9767391933109,1160.3478561631198,561.0,686.1622976782153,571.9767391933109,800.3478561631198,125.16229767821528,"MATR_b3c16,MATR_b2c38,MATR_b4c23,MATR_b3c5,MATR_b2c39,MATR_b3c39,MATR_b3c26,MATR_b3c28,MATR_b2c14,MATR_b2c36,MATR_b4c41,MATR_b2c45",False,False,0.95
360,MATR_b3c6,665.0,559.2208163183468,14.090604791150538,531.6037384073043,586.8378942293893,305.0,199.2208163183468,171.60373840730426,226.83789422938935,105.7791836816532,"MATR_b3c16,MATR_b2c38,MATR_b4c23,MATR_b3c5,MATR_b2c39,MATR_b3c39,MATR_b3c26,MATR_b3c28,MATR_b2c14,MATR_b2c36,MATR_b4c41,MATR_b2c45",False,False,0.95
360,MATR_b4c1,760.0,578.7406261641268,16.267110420645306,546.8576756071258,610.6235767211277,400.0,218.74062616412675,186.85767560712577,250.62357672112773,181.25937383587325,"MATR_b3c16,MATR_b2c38,MATR_b4c23,MATR_b3c5,MATR_b2c39,MATR_b3c39,MATR_b3c26,MATR_b3c28,MATR_b2c14,MATR_b2c36,MATR_b4c41,MATR_b2c45",False,False,0.95
360,MATR_b4c11,863.0,811.6045770929177,40.57225427060824,732.0844199509241,891.1247342349112,503.0,451.6045770929177,372.08441995092414,531.1247342349112,51.39542290708232,"MATR_b3c16,MATR_b2c38,MATR_b4c23,MATR_b3c5,MATR_b2c39,MATR_b3c39,MATR_b3c26,MATR_b3c28,MATR_b2c14,MATR_b2c36,MATR_b4c41,MATR_b2c45",False,False,0.95
360,MATR_b4c15,675.0,677.6091087212864,30.274269504838728,618.2726308335432,736.9455866090295,315.0,317.60910872128636,258.2726308335432,376.94558660902953,2.6091087212863613,"MATR_b3c16,MATR_b2c38,MATR_b4c23,MATR_b3c5,MATR_b2c39,MATR_b3c39,MATR_b3c26,MATR_b3c28,MATR_b2c14,MATR_b2c36,MATR_b4c41,MATR_b2c45",False,False,0.95
360,MATR_b4c21,773.0,976.8080176779979,49.094403358786884,880.5847552522933,1073.0312801037023,413.0,616.8080176779979,520.5847552522933,713.0312801037023,203.8080176779979,"MATR_b3c16,MATR_b2c38,MATR_b4c23,MATR_b3c5,MATR_b2c39,MATR_b3c39,MATR_b3c26,MATR_b3c28,MATR_b2c14,MATR_b2c36,MATR_b4c41,MATR_b2c45",False,False,0.95
360,MATR_b4c3,777.0,904.6951187015463,29.081119984746312,847.6971709013555,961.6930665017371,417.0,544.6951187015463,487.69717090135555,601.6930665017371,127.69511870154633,"MATR_b3c16,MATR_b2c38,MATR_b4c23,MATR_b3c5,MATR_b2c39,MATR_b3c39,MATR_b3c26,MATR_b3c28,MATR_b2c14,MATR_b2c36,MATR_b4c41,MATR_b2c45",False,False,0.95
360,MATR_b4c32,754.0,974.276885731028,36.99953829510262,901.7591232280163,1046.7946482340396,394.0,614.276885731028,541.7591232280163,686.7946482340396,220.27688573102796,"MATR_b3c16,MATR_b2c38,MATR_b4c23,MATR_b3c5,MATR_b2c39,MATR_b3c39,MATR_b3c26,MATR_b3c28,MATR_b2c14,MATR_b2c36,MATR_b4c41,MATR_b2c45",False,False,0.95
360,MATR_b4c34,891.0,1068.9254161460524,28.275195242461983,1013.5070518149886,1124.343780477116,531.0,708.9254161460524,653.5070518149886,764.3437804771161,177.92541614605238,"MATR_b3c16,MATR_b2c38,MATR_b4c23,MATR_b3c5,MATR_b2c39,MATR_b3c39,MATR_b3c26,MATR_b3c28,MATR_b2c14,MATR_b2c36,MATR_b4c41,MATR_b2c45",False,False,0.95
360,MATR_b4c42,774.0,892.5298037955348,33.32587824372873,827.2122826846596,957.84732490641,414.0,532.5298037955348,467.2122826846596,597.84732490641,118.5298037955348,"MATR_b3c16,MATR_b2c38,MATR_b4c23,MATR_b3c5,MATR_b2c39,MATR_b3c39,MATR_b3c26,MATR_b3c28,MATR_b2c14,MATR_b2c36,MATR_b4c41,MATR_b2c45",False,False,0.95
360,MATR_b4c6,706.0,625.8145389601314,18.636749724508473,589.287180711208,662.3418972090548,346.0,265.81453896013136,229.28718071120795,302.34189720905476,80.18546103986864,"MATR_b3c16,MATR_b2c38,MATR_b4c23,MATR_b3c5,MATR_b2c39,MATR_b3c39,MATR_b3c26,MATR_b3c28,MATR_b2c14,MATR_b2c36,MATR_b4c41,MATR_b2c45",False,False,0.95
360,MATR_b4c7,529.0,664.8157673926163,30.512083594601865,605.0131824539212,724.6183523313114,169.0,304.8157673926163,245.01318245392122,364.61835233131137,135.8157673926163,"MATR_b3c16,MATR_b2c38,MATR_b4c23,MATR_b3c5,MATR_b2c39,MATR_b3c39,MATR_b3c26,MATR_b3c28,MATR_b2c14,MATR_b2c36,MATR_b4c41,MATR_b2c45",False,False,0.95
380,MATR_b1c14,877.0,720.348408422347,34.15455780519401,653.4067052162753,787.2901116284187,497.0,340.348408422347,273.4067052162753,407.2901116284187,156.651591577653,"MATR_b4c31,MATR_b2c29,MATR_b2c46,MATR_b4c0,MATR_b2c26,MATR_b1c0,MATR_b2c18,MATR_b4c41,MATR_b3c41,MATR_b2c44,MATR_b3c28,MATR_b3c16",False,False,0.95
380,MATR_b1c18,687.0,626.8815619026154,27.484582308101647,573.0127704486094,680.7503533566214,307.0,246.88156190261543,193.01277044860944,300.7503533566214,60.11843809738457,"MATR_b4c31,MATR_b2c29,MATR_b2c46,MATR_b4c0,MATR_b2c26,MATR_b1c0,MATR_b2c18,MATR_b4c41,MATR_b3c41,MATR_b2c44,MATR_b3c28,MATR_b3c16",False,False,0.95
380,MATR_b1c19,786.0,613.8015564298959,22.788251569059963,569.1374040838999,658.4657087758918,406.0,233.80155642989587,189.13740408389992,278.4657087758918,172.19844357010413,"MATR_b4c31,MATR_b2c29,MATR_b2c46,MATR_b4c0,MATR_b2c26,MATR_b1c0,MATR_b2c18,MATR_b4c41,MATR_b3c41,MATR_b2c44,MATR_b3c28,MATR_b3c16",False,False,0.95
380,MATR_b1c2,2237.0,2042.756381292836,102.83776236062815,1841.1980708153162,2244.314691770356,1857.0,1662.756381292836,1461.1980708153162,1864.3146917703561,194.24361870716393,"MATR_b4c31,MATR_b2c29,MATR_b2c46,MATR_b4c0,MATR_b2c26,MATR_b1c0,MATR_b2c18,MATR_b4c41,MATR_b3c41,MATR_b2c44,MATR_b3c28,MATR_b3c16",False,False,0.95
380,MATR_b1c30,707.0,593.1739517481092,23.138957602635127,547.8224282071451,638.5254752890733,327.0,213.17395174810918,167.8224282071451,258.52547528907326,113.82604825189082,"MATR_b4c31,MATR_b2c29,MATR_b2c46,MATR_b4c0,MATR_b2c26,MATR_b1c0,MATR_b2c18,MATR_b4c41,MATR_b3c41,MATR_b2c44,MATR_b3c28,MATR_b3c16",False,False,0.95
380,MATR_b1c34,742.0,745.6342607492314,27.511395026909096,691.7129173320352,799.5556041664277,362.0,365.63426074923143,311.7129173320352,419.55560416642766,3.63426074923143,"MATR_b4c31,MATR_b2c29,MATR_b2c46,MATR_b4c0,MATR_b2c26,MATR_b1c0,MATR_b2c18,MATR_b4c41,MATR_b3c41,MATR_b2c44,MATR_b3c28,MATR_b3c16",False,False,0.95
380,MATR_b1c35,701.0,544.8130096301024,21.155839707311454,503.34832574106963,586.2776935191353,321.0,164.81300963010244,123.34832574106963,206.27769351913525,156.18699036989756,"MATR_b4c31,MATR_b2c29,MATR_b2c46,MATR_b4c0,MATR_b2c26,MATR_b1c0,MATR_b2c18,MATR_b4c41,MATR_b3c41,MATR_b2c44,MATR_b3c28,MATR_b3c16",False,False,0.95
380,MATR_b1c42,700.0,506.2474843496302,15.179016981376007,476.49715774541136,535.997810953849,320.0,126.24748434963021,96.49715774541136,155.997810953849,193.7525156503698,"MATR_b4c31,MATR_b2c29,MATR_b2c46,MATR_b4c0,MATR_b2c26,MATR_b1c0,MATR_b2c18,MATR_b4c41,MATR_b3c41,MATR_b2c44,MATR_b3c28,MATR_b3c16",False,False,0.95
380,MATR_b1c5,1071.0,1029.8400092322718,20.409263805419574,989.8385872226726,1069.841431241871,691.0,649.8400092322718,609.8385872226726,689.8414312418711,41.15999076772823,"MATR_b4c31,MATR_b2c29,MATR_b2c46,MATR_b4c0,MATR_b2c26,MATR_b1c0,MATR_b2c18,MATR_b4c41,MATR_b3c41,MATR_b2c44,MATR_b3c28,MATR_b3c16",False,False,0.95
380,MATR_b1c6,633.0,778.5169916534877,22.549188351933537,734.3213946030879,822.7125887038875,253.0,398.5169916534877,354.3213946030879,442.7125887038875,145.5169916534877,"MATR_b4c31,MATR_b2c29,MATR_b2c46,MATR_b4c0,MATR_b2c26,MATR_b1c0,MATR_b2c18,MATR_b4c41,MATR_b3c41,MATR_b2c44,MATR_b3c28,MATR_b3c16",False,False,0.95
380,MATR_b2c19,460.0,446.25030215992905,12.604999504469276,421.54495710602407,470.955647213834,80.0,66.25030215992905,41.54495710602407,90.95564721383403,13.74969784007095,"MATR_b4c31,MATR_b2c29,MATR_b2c46,MATR_b4c0,MATR_b2c26,MATR_b1c0,MATR_b2c18,MATR_b4c41,MATR_b3c41,MATR_b2c44,MATR_b3c28,MATR_b3c16",False,False,0.95
380,MATR_b2c22,512.0,438.6483059242165,10.254729908156605,418.5494046330438,458.7472072153892,132.0,58.648305924216515,38.54940463304382,78.74720721538921,73.35169407578348,"MATR_b4c31,MATR_b2c29,MATR_b2c46,MATR_b4c0,MATR_b2c26,MATR_b1c0,MATR_b2c18,MATR_b4c41,MATR_b3c41,MATR_b2c44,MATR_b3c28,MATR_b3c16",False,False,0.95
380,MATR_b2c24,494.0,392.21042713946684,13.491616462978655,365.76734477880103,418.65350950013266,114.0,12.210427139466844,-14.232655221198968,38.65350950013266,101.78957286053316,"MATR_b4c31,MATR_b2c29,MATR_b2c46,MATR_b4c0,MATR_b2c26,MATR_b1c0,MATR_b2c18,MATR_b4c41,MATR_b3c41,MATR_b2c44,MATR_b3c28,MATR_b3c16",False,False,0.95
380,MATR_b2c33,519.0,360.91172734758607,21.76681118951081,318.2495613578614,403.5738933373107,139.0,-19.088272652413934,-61.75043864213859,23.57389333731072,158.08827265241393,"MATR_b4c31,MATR_b2c29,MATR_b2c46,MATR_b4c0,MATR_b2c26,MATR_b1c0,MATR_b2c18,MATR_b4c41,MATR_b3c41,MATR_b2c44,MATR_b3c28,MATR_b3c16",False,False,0.95
380,MATR_b2c41,428.0,363.3755052179729,16.96049960856307,330.1335368253836,396.6174736105622,48.0,-16.624494782027114,-49.8664631746164,16.617473610562172,64.62449478202711,"MATR_b4c31,MATR_b2c29,MATR_b2c46,MATR_b4c0,MATR_b2c26,MATR_b1c0,MATR_b2c18,MATR_b4c41,MATR_b3c41,MATR_b2c44,MATR_b3c28,MATR_b3c16",False,False,0.95
380,MATR_b3c1,1061.0,888.3405834799044,33.637200303073826,822.4128823451199,954.2682846146888,681.0,508.34058347990435,442.4128823451199,574.2682846146888,172.65941652009565,"MATR_b4c31,MATR_b2c29,MATR_b2c46,MATR_b4c0,MATR_b2c26,MATR_b1c0,MATR_b2c18,MATR_b4c41,MATR_b3c41,MATR_b2c44,MATR_b3c28,MATR_b3c16",False,False,0.95
380,MATR_b3c14,856.0,673.7378865920386,31.928617548626143,611.1589461205779,736.3168270634994,476.0,293.73788659203865,231.15894612057787,356.31682706349943,182.26211340796135,"MATR_b4c31,MATR_b2c29,MATR_b2c46,MATR_b4c0,MATR_b2c26,MATR_b1c0,MATR_b2c18,MATR_b4c41,MATR_b3c41,MATR_b2c44,MATR_b3c28,MATR_b3c16",False,False,0.95
380,MATR_b3c17,1313.0,880.1882560730486,42.834435687550524,796.2343048273524,964.1422073187448,933.0,500.1882560730486,416.2343048273524,584.1422073187448,432.8117439269514,"MATR_b4c31,MATR_b2c29,MATR_b2c46,MATR_b4c0,MATR_b2c26,MATR_b1c0,MATR_b2c18,MATR_b4c41,MATR_b3c41,MATR_b2c44,MATR_b3c28,MATR_b3c16",False,False,0.95
380,MATR_b3c24,823.0,807.8604413227552,32.094015184996714,744.95732744088,870.7635552046303,443.0,427.86044132275515,364.95732744088,490.7635552046303,15.13955867724485,"MATR_b4c31,MATR_b2c29,MATR_b2c46,MATR_b4c0,MATR_b2c26,MATR_b1c0,MATR_b2c18,MATR_b4c41,MATR_b3c41,MATR_b2c44,MATR_b3c28,MATR_b3c16",False,False,0.95
380,MATR_b3c31,729.0,683.3857511419368,32.27594317538201,620.1260649511268,746.6454373327468,349.0,303.3857511419368,240.12606495112675,366.64543733274684,45.614248858063206,"MATR_b4c31,MATR_b2c29,MATR_b2c46,MATR_b4c0,MATR_b2c26,MATR_b1c0,MATR_b2c18,MATR_b4c41,MATR_b3c41,MATR_b2c44,MATR_b3c28,MATR_b3c16",False,False,0.95
380,MATR_b3c33,1282.0,1078.3914962023055,62.48563208981708,955.9219077550438,1200.8610846495671,902.0,698.3914962023055,575.9219077550438,820.8610846495671,203.60850379769454,"MATR_b4c31,MATR_b2c29,MATR_b2c46,MATR_b4c0,MATR_b2c26,MATR_b1c0,MATR_b2c18,MATR_b4c41,MATR_b3c41,MATR_b2c44,MATR_b3c28,MATR_b3c16",False,False,0.95
380,MATR_b3c36,921.0,1043.6880751270508,57.22663651717325,931.5259285970266,1155.850221657075,541.0,663.6880751270508,551.5259285970266,775.850221657075,122.68807512705075,"MATR_b4c31,MATR_b2c29,MATR_b2c46,MATR_b4c0,MATR_b2c26,MATR_b1c0,MATR_b2c18,MATR_b4c41,MATR_b3c41,MATR_b2c44,MATR_b3c28,MATR_b3c16",False,False,0.95
380,MATR_b3c6,665.0,551.5187769781033,13.522081291449954,525.0159846508386,578.0215693053681,285.0,171.51877697810335,145.01598465083862,198.02156930536808,113.48122302189665,"MATR_b4c31,MATR_b2c29,MATR_b2c46,MATR_b4c0,MATR_b2c26,MATR_b1c0,MATR_b2c18,MATR_b4c41,MATR_b3c41,MATR_b2c44,MATR_b3c28,MATR_b3c16",False,False,0.95
380,MATR_b4c1,760.0,557.4140747362383,14.926582690929566,528.1585102497573,586.6696392227192,380.0,177.41407473623826,148.15851024975734,206.66963922271918,202.58592526376174,"MATR_b4c31,MATR_b2c29,MATR_b2c46,MATR_b4c0,MATR_b2c26,MATR_b1c0,MATR_b2c18,MATR_b4c41,MATR_b3c41,MATR_b2c44,MATR_b3c28,MATR_b3c16",False,False,0.95
380,MATR_b4c11,863.0,806.6095120167926,39.54480819961187,729.1031121700091,884.115911863576,483.0,426.60951201679256,349.1031121700091,504.115911863576,56.390487983207436,"MATR_b4c31,MATR_b2c29,MATR_b2c46,MATR_b4c0,MATR_b2c26,MATR_b1c0,MATR_b2c18,MATR_b4c41,MATR_b3c41,MATR_b2c44,MATR_b3c28,MATR_b3c16",False,False,0.95
380,MATR_b4c15,675.0,662.1492027515612,29.2767130991492,604.7678994915168,719.5305060116057,295.0,282.14920275156123,224.7678994915168,339.53050601160567,12.850797248438766,"MATR_b4c31,MATR_b2c29,MATR_b2c46,MATR_b4c0,MATR_b2c26,MATR_b1c0,MATR_b2c18,MATR_b4c41,MATR_b3c41,MATR_b2c44,MATR_b3c28,MATR_b3c16",False,False,0.95
380,MATR_b4c21,773.0,976.4082216447673,47.728554335401775,882.8619741132168,1069.9544691763178,393.0,596.4082216447673,502.8619741132168,689.9544691763178,203.4082216447673,"MATR_b4c31,MATR_b2c29,MATR_b2c46,MATR_b4c0,MATR_b2c26,MATR_b1c0,MATR_b2c18,MATR_b4c41,MATR_b3c41,MATR_b2c44,MATR_b3c28,MATR_b3c16",False,False,0.95
380,MATR_b4c3,777.0,853.9237889102096,32.645301432805596,789.9401738374569,917.9074039829624,397.0,473.9237889102096,409.9401738374569,537.9074039829624,76.92378891020962,"MATR_b4c31,MATR_b2c29,MATR_b2c46,MATR_b4c0,MATR_b2c26,MATR_b1c0,MATR_b2c18,MATR_b4c41,MATR_b3c41,MATR_b2c44,MATR_b3c28,MATR_b3c16",False,False,0.95
380,MATR_b4c32,754.0,973.457514638445,36.31133733769283,902.2886012260825,1044.6264280508074,374.0,593.457514638445,522.2886012260825,664.6264280508074,219.457514638445,"MATR_b4c31,MATR_b2c29,MATR_b2c46,MATR_b4c0,MATR_b2c26,MATR_b1c0,MATR_b2c18,MATR_b4c41,MATR_b3c41,MATR_b2c44,MATR_b3c28,MATR_b3c16",False,False,0.95
380,MATR_b4c34,891.0,992.5787893403856,28.42818629180057,936.8605680626612,1048.2970106181099,511.0,612.5787893403856,556.8605680626612,668.2970106181099,101.57878934038558,"MATR_b4c31,MATR_b2c29,MATR_b2c46,MATR_b4c0,MATR_b2c26,MATR_b1c0,MATR_b2c18,MATR_b4c41,MATR_b3c41,MATR_b2c44,MATR_b3c28,MATR_b3c16",False,False,0.95
380,MATR_b4c42,774.0,887.7462717340265,33.338936447106526,822.403157014828,953.0893864532251,394.0,507.74627173402655,442.403157014828,573.0893864532251,113.74627173402655,"MATR_b4c31,MATR_b2c29,MATR_b2c46,MATR_b4c0,MATR_b2c26,MATR_b1c0,MATR_b2c18,MATR_b4c41,MATR_b3c41,MATR_b2c44,MATR_b3c28,MATR_b3c16",False,False,0.95
380,MATR_b4c6,706.0,610.5368032785663,18.61170601469762,574.0585297989114,647.0150767582211,326.0,230.53680327856625,194.05852979891142,267.0150767582211,95.46319672143375,"MATR_b4c31,MATR_b2c29,MATR_b2c46,MATR_b4c0,MATR_b2c26,MATR_b1c0,MATR_b2c18,MATR_b4c41,MATR_b3c41,MATR_b2c44,MATR_b3c28,MATR_b3c16",False,False,0.95
380,MATR_b4c7,529.0,659.8565200438611,30.347034114257223,600.3774261423085,719.3356139454137,149.0,279.8565200438611,220.37742614230854,339.3356139454137,130.8565200438611,"MATR_b4c31,MATR_b2c29,MATR_b2c46,MATR_b4c0,MATR_b2c26,MATR_b1c0,MATR_b2c18,MATR_b4c41,MATR_b3c41,MATR_b2c44,MATR_b3c28,MATR_b3c16",False,False,0.95
400,MATR_b1c14,877.0,740.1027107612105,36.63004595056094,668.3091399460637,811.8962815763572,477.0,340.10271076121046,268.30913994606374,411.8962815763572,136.89728923878954,"MATR_b2c4,MATR_b1c24,MATR_b1c29,MATR_b3c26,MATR_b1c32,MATR_b3c10,MATR_b2c32,MATR_b3c40,MATR_b2c42,MATR_b2c27,MATR_b2c35,MATR_b3c12",False,False,0.95
400,MATR_b1c18,687.0,633.5801591184066,28.77873471420184,577.1748755579384,689.9854426788748,287.0,233.58015911840664,177.17487555793844,289.98544267887485,53.41984088159336,"MATR_b2c4,MATR_b1c24,MATR_b1c29,MATR_b3c26,MATR_b1c32,MATR_b3c10,MATR_b2c32,MATR_b3c40,MATR_b2c42,MATR_b2c27,MATR_b2c35,MATR_b3c12",False,False,0.95
400,MATR_b1c19,786.0,629.0586474000858,24.593421744240672,580.8564265247699,677.2608682754017,386.0,229.05864740008576,180.85642652476986,277.26086827540166,156.94135259991424,"MATR_b2c4,MATR_b1c24,MATR_b1c29,MATR_b3c26,MATR_b1c32,MATR_b3c10,MATR_b2c32,MATR_b3c40,MATR_b2c42,MATR_b2c27,MATR_b2c35,MATR_b3c12",False,False,0.95
400,MATR_b1c2,2237.0,2048.5715278880293,104.17235732346967,1844.3974593493915,2252.7455964266674,1837.0,1648.5715278880293,1444.3974593493915,1852.7455964266674,188.42847211197068,"MATR_b2c4,MATR_b1c24,MATR_b1c29,MATR_b3c26,MATR_b1c32,MATR_b3c10,MATR_b2c32,MATR_b3c40,MATR_b2c42,MATR_b2c27,MATR_b2c35,MATR_b3c12",False,False,0.95
400,MATR_b1c30,707.0,611.5997989026964,25.629263550754136,561.3673653929332,661.8322324124597,307.0,211.59979890269642,161.36736539293315,261.8322324124597,95.40020109730358,"MATR_b2c4,MATR_b1c24,MATR_b1c29,MATR_b3c26,MATR_b1c32,MATR_b3c10,MATR_b2c32,MATR_b3c40,MATR_b2c42,MATR_b2c27,MATR_b2c35,MATR_b3c12",False,False,0.95
400,MATR_b1c34,742.0,754.3241528221445,28.865011541275184,697.7497697879121,810.8985358563768,342.0,354.32415282214447,297.7497697879121,410.89853585637684,12.32415282214447,"MATR_b2c4,MATR_b1c24,MATR_b1c29,MATR_b3c26,MATR_b1c32,MATR_b3c10,MATR_b2c32,MATR_b3c40,MATR_b2c42,MATR_b2c27,MATR_b2c35,MATR_b3c12",False,False,0.95
400,MATR_b1c35,701.0,546.7049271134726,21.17675259292281,505.19925472182877,588.2105995051165,301.0,146.70492711347265,105.19925472182877,188.21059950511653,154.29507288652735,"MATR_b2c4,MATR_b1c24,MATR_b1c29,MATR_b3c26,MATR_b1c32,MATR_b3c10,MATR_b2c32,MATR_b3c40,MATR_b2c42,MATR_b2c27,MATR_b2c35,MATR_b3c12",False,False,0.95
400,MATR_b1c42,700.0,514.8662279157586,16.41211622924062,482.6990711963617,547.0333846351555,300.0,114.8662279157586,82.69907119636167,147.03338463515547,185.1337720842414,"MATR_b2c4,MATR_b1c24,MATR_b1c29,MATR_b3c26,MATR_b1c32,MATR_b3c10,MATR_b2c32,MATR_b3c40,MATR_b2c42,MATR_b2c27,MATR_b2c35,MATR_b3c12",False,False,0.95
400,MATR_b1c5,1071.0,1045.5980214467904,21.152960362880826,1004.1389809691407,1087.0570619244402,671.0,645.5980214467904,604.1389809691407,687.0570619244402,25.401978553209574,"MATR_b2c4,MATR_b1c24,MATR_b1c29,MATR_b3c26,MATR_b1c32,MATR_b3c10,MATR_b2c32,MATR_b3c40,MATR_b2c42,MATR_b2c27,MATR_b2c35,MATR_b3c12",False,False,0.95
400,MATR_b1c6,633.0,787.3437149256035,23.19560823382665,741.8811581878026,832.8062716634045,233.0,387.34371492560354,341.8811581878026,432.80627166340446,154.34371492560354,"MATR_b2c4,MATR_b1c24,MATR_b1c29,MATR_b3c26,MATR_b1c32,MATR_b3c10,MATR_b2c32,MATR_b3c40,MATR_b2c42,MATR_b2c27,MATR_b2c35,MATR_b3c12",False,False,0.95
400,MATR_b2c19,460.0,440.4604109910488,13.568469553296199,413.86669934125996,467.0541226408376,60.0,40.460410991048775,13.86669934125996,67.05412264083759,19.539589008951225,"MATR_b2c4,MATR_b1c24,MATR_b1c29,MATR_b3c26,MATR_b1c32,MATR_b3c10,MATR_b2c32,MATR_b3c40,MATR_b2c42,MATR_b2c27,MATR_b2c35,MATR_b3c12",False,False,0.95
400,MATR_b2c22,512.0,418.2588211449185,12.519387231972443,393.7212730617419,442.7963692280951,112.0,18.2588211449185,-6.278726938258103,42.7963692280951,93.7411788550815,"MATR_b2c4,MATR_b1c24,MATR_b1c29,MATR_b3c26,MATR_b1c32,MATR_b3c10,MATR_b2c32,MATR_b3c40,MATR_b2c42,MATR_b2c27,MATR_b2c35,MATR_b3c12",False,False,0.95
400,MATR_b2c24,494.0,377.70240797348987,17.046812897922916,344.2912686423681,411.11354730461164,94.0,-22.29759202651013,-55.708731357631905,11.113547304611643,116.29759202651013,"MATR_b2c4,MATR_b1c24,MATR_b1c29,MATR_b3c26,MATR_b1c32,MATR_b3c10,MATR_b2c32,MATR_b3c40,MATR_b2c42,MATR_b2c27,MATR_b2c35,MATR_b3c12",False,False,0.95
400,MATR_b2c33,519.0,368.3799187538752,25.100870914055452,319.1831157817375,417.57672172601286,119.0,-31.620081246124812,-80.81688421826249,17.576721726012863,150.6200812461248,"MATR_b2c4,MATR_b1c24,MATR_b1c29,MATR_b3c26,MATR_b1c32,MATR_b3c10,MATR_b2c32,MATR_b3c40,MATR_b2c42,MATR_b2c27,MATR_b2c35,MATR_b3c12",False,False,0.95
400,MATR_b2c41,428.0,344.4555776144854,24.60549899449137,296.22968576364576,392.681469465325,28.0,-55.54442238551462,-103.77031423635424,-7.318530534675006,83.54442238551462,"MATR_b2c4,MATR_b1c24,MATR_b1c29,MATR_b3c26,MATR_b1c32,MATR_b3c10,MATR_b2c32,MATR_b3c40,MATR_b2c42,MATR_b2c27,MATR_b2c35,MATR_b3c12",False,False,0.95
400,MATR_b3c1,1061.0,897.6984246505839,34.81529207504495,829.461706072253,965.9351432289147,661.0,497.6984246505839,429.46170607225304,565.9351432289147,163.3015753494161,"MATR_b2c4,MATR_b1c24,MATR_b1c29,MATR_b3c26,MATR_b1c32,MATR_b3c10,MATR_b2c32,MATR_b3c40,MATR_b2c42,MATR_b2c27,MATR_b2c35,MATR_b3c12",False,False,0.95
400,MATR_b3c14,856.0,694.3087982993333,34.97363719948494,625.7617289799725,762.855867618694,456.0,294.30879829933326,225.76172897997253,362.855867618694,161.69120170066674,"MATR_b2c4,MATR_b1c24,MATR_b1c29,MATR_b3c26,MATR_b1c32,MATR_b3c10,MATR_b2c32,MATR_b3c40,MATR_b2c42,MATR_b2c27,MATR_b2c35,MATR_b3c12",False,False,0.95
400,MATR_b3c17,1313.0,893.4998699896097,43.721504307931376,807.8072961961514,979.192443783068,913.0,493.4998699896097,407.80729619615136,579.192443783068,419.5001300103903,"MATR_b2c4,MATR_b1c24,MATR_b1c29,MATR_b3c26,MATR_b1c32,MATR_b3c10,MATR_b2c32,MATR_b3c40,MATR_b2c42,MATR_b2c27,MATR_b2c35,MATR_b3c12",False,False,0.95
400,MATR_b3c24,823.0,811.1417459997497,34.1233907836569,744.2611290333962,878.0223629661032,423.0,411.1417459997497,344.2611290333962,478.0223629661032,11.858254000250326,"MATR_b2c4,MATR_b1c24,MATR_b1c29,MATR_b3c26,MATR_b1c32,MATR_b3c10,MATR_b2c32,MATR_b3c40,MATR_b2c42,MATR_b2c27,MATR_b2c35,MATR_b3c12",False,False,0.95
400,MATR_b3c31,729.0,692.1009339272466,33.614327863613845,626.2180619500423,757.983805904451,329.0,292.1009339272466,226.21806195004228,357.98380590445095,36.899066072753385,"MATR_b2c4,MATR_b1c24,MATR_b1c29,MATR_b3c26,MATR_b1c32,MATR_b3c10,MATR_b2c32,MATR_b3c40,MATR_b2c42,MATR_b2c27,MATR_b2c35,MATR_b3c12",False,False,0.95
400,MATR_b3c33,1282.0,1091.186832370908,71.288893644875,951.4631683292466,1230.9104964125693,882.0,691.186832370908,551.4631683292466,830.9104964125693,190.81316762909205,"MATR_b2c4,MATR_b1c24,MATR_b1c29,MATR_b3c26,MATR_b1c32,MATR_b3c10,MATR_b2c32,MATR_b3c40,MATR_b2c42,MATR_b2c27,MATR_b2c35,MATR_b3c12",False,False,0.95
400,MATR_b3c36,921.0,1057.302142533918,63.136382750384044,933.5571062290294,1181.0471788388065,521.0,657.302142533918,533.5571062290294,781.0471788388065,136.30214253391796,"MATR_b2c4,MATR_b1c24,MATR_b1c29,MATR_b3c26,MATR_b1c32,MATR_b3c10,MATR_b2c32,MATR_b3c40,MATR_b2c42,MATR_b2c27,MATR_b2c35,MATR_b3c12",False,False,0.95
400,MATR_b3c6,665.0,546.573888713012,13.668819646755363,519.7834944941981,573.364282931826,265.0,146.57388871301202,119.78349449419807,173.36428293182598,118.42611128698798,"MATR_b2c4,MATR_b1c24,MATR_b1c29,MATR_b3c26,MATR_b1c32,MATR_b3c10,MATR_b2c32,MATR_b3c40,MATR_b2c42,MATR_b2c27,MATR_b2c35,MATR_b3c12",False,False,0.95
400,MATR_b4c1,760.0,554.6678200037354,14.946871012859276,525.3724911369656,583.9631488705053,360.0,154.66782000373541,125.37249113696555,183.96314887050528,205.33217999626459,"MATR_b2c4,MATR_b1c24,MATR_b1c29,MATR_b3c26,MATR_b1c32,MATR_b3c10,MATR_b2c32,MATR_b3c40,MATR_b2c42,MATR_b2c27,MATR_b2c35,MATR_b3c12",False,False,0.95
400,MATR_b4c11,863.0,813.2010277305558,41.693100252775956,731.484052831297,894.9180026298145,463.0,413.2010277305558,331.48405283129705,494.9180026298145,49.79897226944422,"MATR_b2c4,MATR_b1c24,MATR_b1c29,MATR_b3c26,MATR_b1c32,MATR_b3c10,MATR_b2c32,MATR_b3c40,MATR_b2c42,MATR_b2c27,MATR_b2c35,MATR_b3c12",False,False,0.95
400,MATR_b4c15,675.0,662.0886424222947,30.070433561281483,603.1516756426785,721.0256092019109,275.0,262.0886424222947,203.15167564267847,321.0256092019109,12.911357577705303,"MATR_b2c4,MATR_b1c24,MATR_b1c29,MATR_b3c26,MATR_b1c32,MATR_b3c10,MATR_b2c32,MATR_b3c40,MATR_b2c42,MATR_b2c27,MATR_b2c35,MATR_b3c12",False,False,0.95
400,MATR_b4c21,773.0,991.5715457285152,51.868802271655774,889.9105613548405,1093.2325301021897,373.0,591.5715457285152,489.9105613548405,693.2325301021897,218.57154572851516,"MATR_b2c4,MATR_b1c24,MATR_b1c29,MATR_b3c26,MATR_b1c32,MATR_b3c10,MATR_b2c32,MATR_b3c40,MATR_b2c42,MATR_b2c27,MATR_b2c35,MATR_b3c12",False,False,0.95
400,MATR_b4c3,777.0,784.4851939891731,40.43020661203051,705.2434451420802,863.7269428362661,377.0,384.4851939891731,305.2434451420802,463.72694283626606,7.485193989173126,"MATR_b2c4,MATR_b1c24,MATR_b1c29,MATR_b3c26,MATR_b1c32,MATR_b3c10,MATR_b2c32,MATR_b3c40,MATR_b2c42,MATR_b2c27,MATR_b2c35,MATR_b3c12",False,False,0.95
400,MATR_b4c32,754.0,986.3894973424121,38.30466702564179,911.3137295323553,1061.465265152469,354.0,586.3894973424121,511.3137295323553,661.4652651524691,232.38949734241214,"MATR_b2c4,MATR_b1c24,MATR_b1c29,MATR_b3c26,MATR_b1c32,MATR_b3c10,MATR_b2c32,MATR_b3c40,MATR_b2c42,MATR_b2c27,MATR_b2c35,MATR_b3c12",False,False,0.95
400,MATR_b4c34,891.0,971.1790686893187,30.770998762422803,910.8690193466434,1031.489118031994,491.0,571.1790686893187,510.8690193466434,631.4891180319939,80.17906868931868,"MATR_b2c4,MATR_b1c24,MATR_b1c29,MATR_b3c26,MATR_b1c32,MATR_b3c10,MATR_b2c32,MATR_b3c40,MATR_b2c42,MATR_b2c27,MATR_b2c35,MATR_b3c12",False,False,0.95
400,MATR_b4c42,774.0,895.5382670636714,34.942314919179516,827.052588285623,964.0239458417198,374.0,495.53826706367136,427.05258828562296,564.0239458417198,121.53826706367136,"MATR_b2c4,MATR_b1c24,MATR_b1c29,MATR_b3c26,MATR_b1c32,MATR_b3c10,MATR_b2c32,MATR_b3c40,MATR_b2c42,MATR_b2c27,MATR_b2c35,MATR_b3c12",False,False,0.95
400,MATR_b4c6,706.0,607.7426441588206,19.430770118352278,569.659034534973,645.8262537826681,306.0,207.74264415882055,169.659034534973,245.82625378266812,98.25735584117945,"MATR_b2c4,MATR_b1c24,MATR_b1c29,MATR_b3c26,MATR_b1c32,MATR_b3c10,MATR_b2c32,MATR_b3c40,MATR_b2c42,MATR_b2c27,MATR_b2c35,MATR_b3c12",False,False,0.95
400,MATR_b4c7,529.0,660.0507158293492,31.842161938728673,597.6412252395489,722.4602064191495,129.0,260.0507158293492,197.64122523954893,322.4602064191495,131.0507158293492,"MATR_b2c4,MATR_b1c24,MATR_b1c29,MATR_b3c26,MATR_b1c32,MATR_b3c10,MATR_b2c32,MATR_b3c40,MATR_b2c42,MATR_b2c27,MATR_b2c35,MATR_b3c12",False,False,0.95
420,MATR_b1c14,877.0,673.7572704140226,36.9757625318997,601.2861075505937,746.2284332774516,457.0,253.75727041402263,181.28610755059367,326.2284332774516,203.24272958597737,"MATR_b4c41,MATR_b3c21,MATR_b4c0,MATR_b3c11,MATR_b1c24,MATR_b3c4,MATR_b1c20,MATR_b4c4,MATR_b2c10,MATR_b3c0,MATR_b1c23,MATR_b4c28",False,False,0.95
420,MATR_b1c18,687.0,587.7844400090437,23.951247954420506,540.8408566335909,634.7280233844965,267.0,167.7844400090437,120.84085663359087,214.7280233844965,99.21555999095631,"MATR_b4c41,MATR_b3c21,MATR_b4c0,MATR_b3c11,MATR_b1c24,MATR_b3c4,MATR_b1c20,MATR_b4c4,MATR_b2c10,MATR_b3c0,MATR_b1c23,MATR_b4c28",False,False,0.95
420,MATR_b1c19,786.0,552.8075564898575,19.795563532746744,514.0089649119993,591.6061480677156,366.0,132.80755648985746,94.00896491199933,171.6061480677156,233.19244351014254,"MATR_b4c41,MATR_b3c21,MATR_b4c0,MATR_b3c11,MATR_b1c24,MATR_b3c4,MATR_b1c20,MATR_b4c4,MATR_b2c10,MATR_b3c0,MATR_b1c23,MATR_b4c28",False,False,0.95
420,MATR_b1c2,2237.0,2052.54810955842,101.30372104304274,1853.996464814164,2251.099754302676,1817.0,1632.54810955842,1433.996464814164,1831.099754302676,184.45189044157996,"MATR_b4c41,MATR_b3c21,MATR_b4c0,MATR_b3c11,MATR_b1c24,MATR_b3c4,MATR_b1c20,MATR_b4c4,MATR_b2c10,MATR_b3c0,MATR_b1c23,MATR_b4c28",False,False,0.95
420,MATR_b1c30,707.0,537.6094544420063,19.88309419199454,498.63930592447946,576.5796029595331,287.0,117.60945444200627,78.63930592447946,156.57960295953308,169.39054555799373,"MATR_b4c41,MATR_b3c21,MATR_b4c0,MATR_b3c11,MATR_b1c24,MATR_b3c4,MATR_b1c20,MATR_b4c4,MATR_b2c10,MATR_b3c0,MATR_b1c23,MATR_b4c28",False,False,0.95
420,MATR_b1c34,742.0,638.7535036038615,29.29897861796939,581.3285607288324,696.1784464788907,322.0,218.75350360386153,161.32856072883237,276.1784464788907,103.24649639613847,"MATR_b4c41,MATR_b3c21,MATR_b4c0,MATR_b3c11,MATR_b1c24,MATR_b3c4,MATR_b1c20,MATR_b4c4,MATR_b2c10,MATR_b3c0,MATR_b1c23,MATR_b4c28",False,False,0.95
420,MATR_b1c35,701.0,499.01711173791534,15.846076869833128,467.9593717767892,530.0748516990415,281.0,79.01711173791534,47.959371776789226,110.07485169904146,201.98288826208466,"MATR_b4c41,MATR_b3c21,MATR_b4c0,MATR_b3c11,MATR_b1c24,MATR_b3c4,MATR_b1c20,MATR_b4c4,MATR_b2c10,MATR_b3c0,MATR_b1c23,MATR_b4c28",False,False,0.95
420,MATR_b1c42,700.0,477.09208951108263,13.59537519212408,450.4456437782101,503.73853524395514,280.0,57.092089511082634,30.445643778210126,83.73853524395514,222.90791048891737,"MATR_b4c41,MATR_b3c21,MATR_b4c0,MATR_b3c11,MATR_b1c24,MATR_b3c4,MATR_b1c20,MATR_b4c4,MATR_b2c10,MATR_b3c0,MATR_b1c23,MATR_b4c28",False,False,0.95
420,MATR_b1c5,1071.0,1048.2871221333075,21.72814940379398,1005.7007318511659,1090.873512415449,651.0,628.2871221333075,585.7007318511659,670.8735124154491,22.712877866692452,"MATR_b4c41,MATR_b3c21,MATR_b4c0,MATR_b3c11,MATR_b1c24,MATR_b3c4,MATR_b1c20,MATR_b4c4,MATR_b2c10,MATR_b3c0,MATR_b1c23,MATR_b4c28",False,False,0.95
420,MATR_b1c6,633.0,681.9270150317968,23.900788854717067,635.0823296744551,728.7717003891386,213.0,261.9270150317968,215.08232967445508,308.7717003891386,48.92701503179683,"MATR_b4c41,MATR_b3c21,MATR_b4c0,MATR_b3c11,MATR_b1c24,MATR_b3c4,MATR_b1c20,MATR_b4c4,MATR_b2c10,MATR_b3c0,MATR_b1c23,MATR_b4c28",False,False,0.95
420,MATR_b2c19,460.0,356.83039776150326,19.262270835223713,319.0770406640085,394.583754858998,40.0,-63.169602238496736,-100.9229593359915,-25.41624514100198,103.16960223849674,"MATR_b4c41,MATR_b3c21,MATR_b4c0,MATR_b3c11,MATR_b1c24,MATR_b3c4,MATR_b1c20,MATR_b4c4,MATR_b2c10,MATR_b3c0,MATR_b1c23,MATR_b4c28",False,False,0.95
420,MATR_b2c22,512.0,374.8393233702331,16.789018651361122,341.93345147779405,407.74519526267215,92.0,-45.1606766297669,-78.06654852220595,-12.254804737327845,137.1606766297669,"MATR_b4c41,MATR_b3c21,MATR_b4c0,MATR_b3c11,MATR_b1c24,MATR_b3c4,MATR_b1c20,MATR_b4c4,MATR_b2c10,MATR_b3c0,MATR_b1c23,MATR_b4c28",False,False,0.95
420,MATR_b2c24,494.0,341.6949826175633,24.09969886098858,294.4604408117647,388.9295244233619,74.0,-78.30501738243669,-125.53955918823527,-31.070475576638103,152.3050173824367,"MATR_b4c41,MATR_b3c21,MATR_b4c0,MATR_b3c11,MATR_b1c24,MATR_b3c4,MATR_b1c20,MATR_b4c4,MATR_b2c10,MATR_b3c0,MATR_b1c23,MATR_b4c28",False,False,0.95
420,MATR_b2c33,519.0,340.67930798409213,35.58993688032431,270.9243134866027,410.43430248158154,99.0,-79.32069201590787,-149.07568651339727,-9.56569751841846,178.32069201590787,"MATR_b4c41,MATR_b3c21,MATR_b4c0,MATR_b3c11,MATR_b1c24,MATR_b3c4,MATR_b1c20,MATR_b4c4,MATR_b2c10,MATR_b3c0,MATR_b1c23,MATR_b4c28",False,False,0.95
420,MATR_b2c41,428.0,317.38842261944086,36.13635600098697,246.56246632498858,388.21437891389314,8.0,-102.61157738055914,-173.43753367501142,-31.785621086106858,110.61157738055914,"MATR_b4c41,MATR_b3c21,MATR_b4c0,MATR_b3c11,MATR_b1c24,MATR_b3c4,MATR_b1c20,MATR_b4c4,MATR_b2c10,MATR_b3c0,MATR_b1c23,MATR_b4c28",False,False,0.95
420,MATR_b3c1,1061.0,878.6265504658356,32.8112636465155,814.3176554314169,942.9354455002543,641.0,458.62655046583563,394.31765543141694,522.9354455002543,182.37344953416437,"MATR_b4c41,MATR_b3c21,MATR_b4c0,MATR_b3c11,MATR_b1c24,MATR_b3c4,MATR_b1c20,MATR_b4c4,MATR_b2c10,MATR_b3c0,MATR_b1c23,MATR_b4c28",False,False,0.95
420,MATR_b3c14,856.0,569.8416264067505,27.013440166017535,516.8962565828284,622.7869962306726,436.0,149.8416264067505,96.89625658282841,202.78699623067257,286.1583735932495,"MATR_b4c41,MATR_b3c21,MATR_b4c0,MATR_b3c11,MATR_b1c24,MATR_b3c4,MATR_b1c20,MATR_b4c4,MATR_b2c10,MATR_b3c0,MATR_b1c23,MATR_b4c28",False,False,0.95
420,MATR_b3c17,1313.0,882.6737231228883,39.09990478937355,806.039317936771,959.3081283090056,893.0,462.6737231228883,386.039317936771,539.3081283090056,430.3262768771117,"MATR_b4c41,MATR_b3c21,MATR_b4c0,MATR_b3c11,MATR_b1c24,MATR_b3c4,MATR_b1c20,MATR_b4c4,MATR_b2c10,MATR_b3c0,MATR_b1c23,MATR_b4c28",False,False,0.95
420,MATR_b3c24,823.0,650.3532625698124,31.31182621502043,588.9832108981952,711.7233142414295,403.0,230.3532625698124,168.98321089819524,291.72331424142953,172.6467374301876,"MATR_b4c41,MATR_b3c21,MATR_b4c0,MATR_b3c11,MATR_b1c24,MATR_b3c4,MATR_b1c20,MATR_b4c4,MATR_b2c10,MATR_b3c0,MATR_b1c23,MATR_b4c28",False,False,0.95
420,MATR_b3c31,729.0,612.2995360570733,30.139820116286266,553.2265741286363,671.3724979855102,309.0,192.29953605707328,133.22657412863634,251.37249798551022,116.70046394292672,"MATR_b4c41,MATR_b3c21,MATR_b4c0,MATR_b3c11,MATR_b1c24,MATR_b3c4,MATR_b1c20,MATR_b4c4,MATR_b2c10,MATR_b3c0,MATR_b1c23,MATR_b4c28",False,False,0.95
420,MATR_b3c33,1282.0,1082.4335876633043,62.68449034316582,959.5742442014505,1205.292931125158,862.0,662.4335876633043,539.5742442014505,785.292931125158,199.56641233669575,"MATR_b4c41,MATR_b3c21,MATR_b4c0,MATR_b3c11,MATR_b1c24,MATR_b3c4,MATR_b1c20,MATR_b4c4,MATR_b2c10,MATR_b3c0,MATR_b1c23,MATR_b4c28",False,False,0.95
420,MATR_b3c36,921.0,1051.746682695576,55.50824187904897,942.9525277675021,1160.5408376236498,501.0,631.746682695576,522.9525277675021,740.5408376236498,130.74668269557606,"MATR_b4c41,MATR_b3c21,MATR_b4c0,MATR_b3c11,MATR_b1c24,MATR_b3c4,MATR_b1c20,MATR_b4c4,MATR_b2c10,MATR_b3c0,MATR_b1c23,MATR_b4c28",False,False,0.95
420,MATR_b3c6,665.0,519.8772846450205,13.352610464816612,493.7066490343873,546.0479202556537,245.0,99.8772846450205,73.70664903438728,126.04792025565371,145.1227153549795,"MATR_b4c41,MATR_b3c21,MATR_b4c0,MATR_b3c11,MATR_b1c24,MATR_b3c4,MATR_b1c20,MATR_b4c4,MATR_b2c10,MATR_b3c0,MATR_b1c23,MATR_b4c28",False,False,0.95
420,MATR_b4c1,760.0,517.0251152036576,12.583532627343695,492.3618444557793,541.6883859515359,340.0,97.0251152036576,72.3618444557793,121.6883859515359,242.9748847963424,"MATR_b4c41,MATR_b3c21,MATR_b4c0,MATR_b3c11,MATR_b1c24,MATR_b3c4,MATR_b1c20,MATR_b4c4,MATR_b2c10,MATR_b3c0,MATR_b1c23,MATR_b4c28",False,False,0.95
420,MATR_b4c11,863.0,788.201844252532,37.591492930588565,714.5238719834864,861.8798165215777,443.0,368.20184425253206,294.5238719834864,441.8798165215777,74.79815574746794,"MATR_b4c41,MATR_b3c21,MATR_b4c0,MATR_b3c11,MATR_b1c24,MATR_b3c4,MATR_b1c20,MATR_b4c4,MATR_b2c10,MATR_b3c0,MATR_b1c23,MATR_b4c28",False,False,0.95
420,MATR_b4c15,675.0,582.4768108034269,23.701177831582548,536.023355862346,628.9302657445079,255.0,162.47681080342693,116.02335586234597,208.9302657445079,92.52318919657307,"MATR_b4c41,MATR_b3c21,MATR_b4c0,MATR_b3c11,MATR_b1c24,MATR_b3c4,MATR_b1c20,MATR_b4c4,MATR_b2c10,MATR_b3c0,MATR_b1c23,MATR_b4c28",False,False,0.95
420,MATR_b4c21,773.0,987.4135841782395,46.4239948870131,896.4242261812223,1078.4029421752568,353.0,567.4135841782395,476.42422618122225,658.4029421752568,214.4135841782395,"MATR_b4c41,MATR_b3c21,MATR_b4c0,MATR_b3c11,MATR_b1c24,MATR_b3c4,MATR_b1c20,MATR_b4c4,MATR_b2c10,MATR_b3c0,MATR_b1c23,MATR_b4c28",False,False,0.95
420,MATR_b4c3,777.0,618.3728074118126,29.49740638109688,560.5589532675207,676.1866615561045,357.0,198.37280741181257,140.55895326752068,256.18666155610447,158.62719258818743,"MATR_b4c41,MATR_b3c21,MATR_b4c0,MATR_b3c11,MATR_b1c24,MATR_b3c4,MATR_b1c20,MATR_b4c4,MATR_b2c10,MATR_b3c0,MATR_b1c23,MATR_b4c28",False,False,0.95
420,MATR_b4c32,754.0,977.9056877603857,35.60204000703639,908.1269715704402,1047.6844039503312,334.0,557.9056877603857,488.1269715704402,627.6844039503312,223.90568776038572,"MATR_b4c41,MATR_b3c21,MATR_b4c0,MATR_b3c11,MATR_b1c24,MATR_b3c4,MATR_b1c20,MATR_b4c4,MATR_b2c10,MATR_b3c0,MATR_b1c23,MATR_b4c28",False,False,0.95
420,MATR_b4c34,891.0,744.3477442516457,38.152859236310235,669.5695142412513,819.1259742620401,471.0,324.34774425164574,249.56951424125134,399.12597426204013,146.65225574835426,"MATR_b4c41,MATR_b3c21,MATR_b4c0,MATR_b3c11,MATR_b1c24,MATR_b3c4,MATR_b1c20,MATR_b4c4,MATR_b2c10,MATR_b3c0,MATR_b1c23,MATR_b4c28",False,False,0.95
420,MATR_b4c42,774.0,856.3594696483419,33.833795542254045,790.0464489252322,922.6724903714517,354.0,436.3594696483419,370.0464489252322,502.67249037145166,82.35946964834193,"MATR_b4c41,MATR_b3c21,MATR_b4c0,MATR_b3c11,MATR_b1c24,MATR_b3c4,MATR_b1c20,MATR_b4c4,MATR_b2c10,MATR_b3c0,MATR_b1c23,MATR_b4c28",False,False,0.95
420,MATR_b4c6,706.0,523.4010941085058,13.863699982267338,496.2287414507933,550.5734467662184,286.0,103.40109410850584,76.22874145079328,130.57344676621835,182.59890589149416,"MATR_b4c41,MATR_b3c21,MATR_b4c0,MATR_b3c11,MATR_b1c24,MATR_b3c4,MATR_b1c20,MATR_b4c4,MATR_b2c10,MATR_b3c0,MATR_b1c23,MATR_b4c28",False,False,0.95
420,MATR_b4c7,529.0,505.8116871013943,15.149824804323801,476.11857611282807,535.5047980899604,109.0,85.81168710139428,56.118576112828066,115.50479808996045,23.188312898605716,"MATR_b4c41,MATR_b3c21,MATR_b4c0,MATR_b3c11,MATR_b1c24,MATR_b3c4,MATR_b1c20,MATR_b4c4,MATR_b2c10,MATR_b3c0,MATR_b1c23,MATR_b4c28",False,False,0.95
440,MATR_b1c14,877.0,660.486541306452,35.27150820372028,591.3556555467512,729.6174270661527,437.0,220.48654130645195,151.35565554675122,289.6174270661527,216.51345869354805,"MATR_b3c12,MATR_b1c7,MATR_b4c19,MATR_b1c38,MATR_b2c10,MATR_b2c44,MATR_b4c31,MATR_b3c35,MATR_b3c11,MATR_b1c9,MATR_b1c44,MATR_b2c47",False,False,0.95
440,MATR_b1c18,687.0,576.4660569793972,23.01653135900501,531.3544844667107,621.5776294920837,247.0,136.4660569793972,91.35448446671069,181.5776294920837,110.5339430206028,"MATR_b3c12,MATR_b1c7,MATR_b4c19,MATR_b1c38,MATR_b2c10,MATR_b2c44,MATR_b4c31,MATR_b3c35,MATR_b3c11,MATR_b1c9,MATR_b1c44,MATR_b2c47",False,False,0.95
440,MATR_b1c19,786.0,547.5983895722215,19.783930887150778,508.82259756077644,586.3741815836667,346.0,107.59838957222155,68.82259756077644,146.37418158366665,238.40161042777845,"MATR_b3c12,MATR_b1c7,MATR_b4c19,MATR_b1c38,MATR_b2c10,MATR_b2c44,MATR_b4c31,MATR_b3c35,MATR_b3c11,MATR_b1c9,MATR_b1c44,MATR_b2c47",False,False,0.95
440,MATR_b1c2,2237.0,2057.1406074675406,104.02074948861245,1853.263684824997,2261.0175301100844,1797.0,1617.1406074675406,1413.263684824997,1821.0175301100844,179.85939253245942,"MATR_b3c12,MATR_b1c7,MATR_b4c19,MATR_b1c38,MATR_b2c10,MATR_b2c44,MATR_b4c31,MATR_b3c35,MATR_b3c11,MATR_b1c9,MATR_b1c44,MATR_b2c47",False,False,0.95
440,MATR_b1c30,707.0,532.5976637622032,19.41467025455879,494.5456092915469,570.6497182328595,267.0,92.59766376220318,54.545609291546896,130.64971823285953,174.40233623779682,"MATR_b3c12,MATR_b1c7,MATR_b4c19,MATR_b1c38,MATR_b2c10,MATR_b2c44,MATR_b4c31,MATR_b3c35,MATR_b3c11,MATR_b1c9,MATR_b1c44,MATR_b2c47",False,False,0.95
440,MATR_b1c34,742.0,626.1352282984983,29.050992726475826,569.1963288394707,683.074127757526,302.0,186.1352282984983,129.19632883947065,243.07412775752596,115.8647717015017,"MATR_b3c12,MATR_b1c7,MATR_b4c19,MATR_b1c38,MATR_b2c10,MATR_b2c44,MATR_b4c31,MATR_b3c35,MATR_b3c11,MATR_b1c9,MATR_b1c44,MATR_b2c47",False,False,0.95
440,MATR_b1c35,701.0,494.0353565725652,15.479036908109208,463.69700171730494,524.3737114278255,261.0,54.035356572565206,23.697001717304943,84.37371142782547,206.9646434274348,"MATR_b3c12,MATR_b1c7,MATR_b4c19,MATR_b1c38,MATR_b2c10,MATR_b2c44,MATR_b4c31,MATR_b3c35,MATR_b3c11,MATR_b1c9,MATR_b1c44,MATR_b2c47",False,False,0.95
440,MATR_b1c42,700.0,473.84616501402,13.72175112472399,446.952027004739,500.740303023301,260.0,33.846165014020016,6.952027004739023,60.74030302330101,226.15383498597998,"MATR_b3c12,MATR_b1c7,MATR_b4c19,MATR_b1c38,MATR_b2c10,MATR_b2c44,MATR_b4c31,MATR_b3c35,MATR_b3c11,MATR_b1c9,MATR_b1c44,MATR_b2c47",False,False,0.95
440,MATR_b1c5,1071.0,1036.150421888778,22.856172575388044,991.3531468165854,1080.9476969609707,631.0,596.150421888778,551.3531468165854,640.9476969609707,34.849578111221945,"MATR_b3c12,MATR_b1c7,MATR_b4c19,MATR_b1c38,MATR_b2c10,MATR_b2c44,MATR_b4c31,MATR_b3c35,MATR_b3c11,MATR_b1c9,MATR_b1c44,MATR_b2c47",False,False,0.95
440,MATR_b1c6,633.0,677.4683407713444,24.591956195563974,629.2689923186524,725.6676892240364,193.0,237.4683407713444,189.2689923186524,285.6676892240364,44.4683407713444,"MATR_b3c12,MATR_b1c7,MATR_b4c19,MATR_b1c38,MATR_b2c10,MATR_b2c44,MATR_b4c31,MATR_b3c35,MATR_b3c11,MATR_b1c9,MATR_b1c44,MATR_b2c47",False,False,0.95
440,MATR_b2c19,460.0,324.64452113858493,23.327192392381964,278.92406418907956,370.3649780880903,20.0,-115.35547886141507,-161.07593581092044,-69.63502191190969,135.35547886141507,"MATR_b3c12,MATR_b1c7,MATR_b4c19,MATR_b1c38,MATR_b2c10,MATR_b2c44,MATR_b4c31,MATR_b3c35,MATR_b3c11,MATR_b1c9,MATR_b1c44,MATR_b2c47",False,False,0.95
440,MATR_b2c22,512.0,354.8057857841437,19.06787744766692,317.43343272509304,392.1781388431944,72.0,-85.19421421585628,-122.56656727490696,-47.821861156805596,157.19421421585628,"MATR_b3c12,MATR_b1c7,MATR_b4c19,MATR_b1c38,MATR_b2c10,MATR_b2c44,MATR_b4c31,MATR_b3c35,MATR_b3c11,MATR_b1c9,MATR_b1c44,MATR_b2c47",False,False,0.95
440,MATR_b2c24,494.0,321.3412920415793,28.926188200803743,264.64700495797655,378.0355791251821,54.0,-118.65870795842068,-175.35299504202345,-61.964420874817904,172.65870795842068,"MATR_b3c12,MATR_b1c7,MATR_b4c19,MATR_b1c38,MATR_b2c10,MATR_b2c44,MATR_b4c31,MATR_b3c35,MATR_b3c11,MATR_b1c9,MATR_b1c44,MATR_b2c47",False,False,0.95
440,MATR_b2c33,519.0,324.3192116756577,39.5370640804406,246.8279900235419,401.81043332777347,79.0,-115.6807883243423,-193.1720099764581,-38.18956667222653,194.6807883243423,"MATR_b3c12,MATR_b1c7,MATR_b4c19,MATR_b1c38,MATR_b2c10,MATR_b2c44,MATR_b4c31,MATR_b3c35,MATR_b3c11,MATR_b1c9,MATR_b1c44,MATR_b2c47",False,False,0.95
440,MATR_b3c1,1061.0,860.7433091824649,32.82461590059087,796.408244210946,925.0783741539839,621.0,420.74330918246494,356.408244210946,485.0783741539839,200.25669081753506,"MATR_b3c12,MATR_b1c7,MATR_b4c19,MATR_b1c38,MATR_b2c10,MATR_b2c44,MATR_b4c31,MATR_b3c35,MATR_b3c11,MATR_b1c9,MATR_b1c44,MATR_b2c47",False,False,0.95
440,MATR_b3c14,856.0,558.1415514572213,25.39112953383204,508.37585204411926,607.9072508703234,416.0,118.14155145722134,68.37585204411926,167.90725087032342,297.85844854277866,"MATR_b3c12,MATR_b1c7,MATR_b4c19,MATR_b1c38,MATR_b2c10,MATR_b2c44,MATR_b4c31,MATR_b3c35,MATR_b3c11,MATR_b1c9,MATR_b1c44,MATR_b2c47",False,False,0.95
440,MATR_b3c17,1313.0,866.6892777568055,37.57911692482914,793.0355620133208,940.3429935002902,873.0,426.6892777568055,353.0355620133208,500.34299350029016,446.3107222431945,"MATR_b3c12,MATR_b1c7,MATR_b4c19,MATR_b1c38,MATR_b2c10,MATR_b2c44,MATR_b4c31,MATR_b3c35,MATR_b3c11,MATR_b1c9,MATR_b1c44,MATR_b2c47",False,False,0.95
440,MATR_b3c24,823.0,631.5728043883862,29.250570815932218,574.2427390619207,688.9028697148517,383.0,191.5728043883862,134.2427390619207,248.9028697148517,191.4271956116138,"MATR_b3c12,MATR_b1c7,MATR_b4c19,MATR_b1c38,MATR_b2c10,MATR_b2c44,MATR_b4c31,MATR_b3c35,MATR_b3c11,MATR_b1c9,MATR_b1c44,MATR_b2c47",False,False,0.95
440,MATR_b3c31,729.0,604.1230823785833,29.537416095211384,546.2308106355953,662.0153541215712,289.0,164.12308237858326,106.23081063559528,222.01535412157125,124.87691762141674,"MATR_b3c12,MATR_b1c7,MATR_b4c19,MATR_b1c38,MATR_b2c10,MATR_b2c44,MATR_b4c31,MATR_b3c35,MATR_b3c11,MATR_b1c9,MATR_b1c44,MATR_b2c47",False,False,0.95
440,MATR_b3c33,1282.0,1060.880941830255,56.5225380028499,950.0988030298728,1171.6630806306373,842.0,620.8809418302551,510.0988030298728,731.6630806306373,221.1190581697449,"MATR_b3c12,MATR_b1c7,MATR_b4c19,MATR_b1c38,MATR_b2c10,MATR_b2c44,MATR_b4c31,MATR_b3c35,MATR_b3c11,MATR_b1c9,MATR_b1c44,MATR_b2c47",False,False,0.95
440,MATR_b3c36,921.0,1035.849313974464,52.494118723085506,932.9627318770466,1138.7358960718811,481.0,595.8493139744639,492.9627318770466,698.7358960718811,114.84931397446394,"MATR_b3c12,MATR_b1c7,MATR_b4c19,MATR_b1c38,MATR_b2c10,MATR_b2c44,MATR_b4c31,MATR_b3c35,MATR_b3c11,MATR_b1c9,MATR_b1c44,MATR_b2c47",False,False,0.95
440,MATR_b3c6,665.0,495.987984939159,14.240456555241844,468.07720296747766,523.8987669108403,225.0,55.98798493915899,28.07720296747766,83.89876691084032,169.012015060841,"MATR_b3c12,MATR_b1c7,MATR_b4c19,MATR_b1c38,MATR_b2c10,MATR_b2c44,MATR_b4c31,MATR_b3c35,MATR_b3c11,MATR_b1c9,MATR_b1c44,MATR_b2c47",False,False,0.95
440,MATR_b4c1,760.0,501.20823639189064,12.72019915815585,476.2771041657285,526.1393686180528,320.0,61.20823639189064,36.277104165728474,86.1393686180528,258.79176360810936,"MATR_b3c12,MATR_b1c7,MATR_b4c19,MATR_b1c38,MATR_b2c10,MATR_b2c44,MATR_b4c31,MATR_b3c35,MATR_b3c11,MATR_b1c9,MATR_b1c44,MATR_b2c47",False,False,0.95
440,MATR_b4c11,863.0,772.526182700173,36.82673528596438,700.3471078714924,844.7052575288535,423.0,332.52618270017297,260.3471078714924,404.7052575288535,90.47381729982703,"MATR_b3c12,MATR_b1c7,MATR_b4c19,MATR_b1c38,MATR_b2c10,MATR_b2c44,MATR_b4c31,MATR_b3c35,MATR_b3c11,MATR_b1c9,MATR_b1c44,MATR_b2c47",False,False,0.95
440,MATR_b4c15,675.0,585.4006439283966,24.36933864585138,537.6376178554677,633.1636700013254,235.0,145.40064392839656,97.63761785546774,193.16367000132539,89.59935607160344,"MATR_b3c12,MATR_b1c7,MATR_b4c19,MATR_b1c38,MATR_b2c10,MATR_b2c44,MATR_b4c31,MATR_b3c35,MATR_b3c11,MATR_b1c9,MATR_b1c44,MATR_b2c47",False,False,0.95
440,MATR_b4c21,773.0,972.3463135191578,44.69072363599723,884.7541047495703,1059.9385222887452,333.0,532.3463135191578,444.7541047495703,619.9385222887452,199.34631351915777,"MATR_b3c12,MATR_b1c7,MATR_b4c19,MATR_b1c38,MATR_b2c10,MATR_b2c44,MATR_b4c31,MATR_b3c35,MATR_b3c11,MATR_b1c9,MATR_b1c44,MATR_b2c47",False,False,0.95
440,MATR_b4c3,777.0,600.465863289812,26.43412030090488,548.6559395370393,652.2757870425846,337.0,160.46586328981198,108.65593953703933,212.27578704258462,176.53413671018802,"MATR_b3c12,MATR_b1c7,MATR_b4c19,MATR_b1c38,MATR_b2c10,MATR_b2c44,MATR_b4c31,MATR_b3c35,MATR_b3c11,MATR_b1c9,MATR_b1c44,MATR_b2c47",False,False,0.95
440,MATR_b4c32,754.0,963.1531125102517,35.64140516202181,893.2972420342891,1033.0089829862145,314.0,523.1531125102517,453.29724203428907,593.0089829862145,209.15311251025173,"MATR_b3c12,MATR_b1c7,MATR_b4c19,MATR_b1c38,MATR_b2c10,MATR_b2c44,MATR_b4c31,MATR_b3c35,MATR_b3c11,MATR_b1c9,MATR_b1c44,MATR_b2c47",False,False,0.95
440,MATR_b4c34,891.0,709.2889076268434,37.217857999819486,636.3432463654713,782.2345688882156,451.0,269.2889076268434,196.34324636547126,342.23456888821556,181.7110923731566,"MATR_b3c12,MATR_b1c7,MATR_b4c19,MATR_b1c38,MATR_b2c10,MATR_b2c44,MATR_b4c31,MATR_b3c35,MATR_b3c11,MATR_b1c9,MATR_b1c44,MATR_b2c47",False,False,0.95
440,MATR_b4c42,774.0,819.6854995807804,34.51730580293616,752.0328233636701,887.3381757978907,334.0,379.6854995807804,312.0328233636701,447.3381757978907,45.6854995807804,"MATR_b3c12,MATR_b1c7,MATR_b4c19,MATR_b1c38,MATR_b2c10,MATR_b2c44,MATR_b4c31,MATR_b3c35,MATR_b3c11,MATR_b1c9,MATR_b1c44,MATR_b2c47",False,False,0.95
440,MATR_b4c6,706.0,515.2878166342878,13.608480443613491,488.61568508048765,541.9599481880879,266.0,75.28781663428776,48.61568508048765,101.95994818808788,190.71218336571224,"MATR_b3c12,MATR_b1c7,MATR_b4c19,MATR_b1c38,MATR_b2c10,MATR_b2c44,MATR_b4c31,MATR_b3c35,MATR_b3c11,MATR_b1c9,MATR_b1c44,MATR_b2c47",False,False,0.95
440,MATR_b4c7,529.0,478.374451660413,17.028678203302224,444.9988556776184,511.7500476432076,89.0,38.374451660413,4.998855677618394,71.75004764320761,50.625548339587,"MATR_b3c12,MATR_b1c7,MATR_b4c19,MATR_b1c38,MATR_b2c10,MATR_b2c44,MATR_b4c31,MATR_b3c35,MATR_b3c11,MATR_b1c9,MATR_b1c44,MATR_b2c47",False,False,0.95
460,MATR_b1c14,877.0,642.6133400900993,33.9965655415911,575.9812960305253,709.2453841496733,417.0,182.6133400900993,115.9812960305253,249.24538414967333,234.3866599099007,"MATR_b1c36,MATR_b2c26,MATR_b4c27,MATR_b2c34,MATR_b2c14,MATR_b1c0,MATR_b1c45,MATR_b4c33,MATR_b1c38,MATR_b1c32,MATR_b4c44,MATR_b4c23",False,False,0.95
460,MATR_b1c18,687.0,563.1592137413536,21.112541330195302,521.7793931120575,604.5390343706497,227.0,103.1592137413536,61.779393112057505,144.5390343706497,123.8407862586464,"MATR_b1c36,MATR_b2c26,MATR_b4c27,MATR_b2c34,MATR_b2c14,MATR_b1c0,MATR_b1c45,MATR_b4c33,MATR_b1c38,MATR_b1c32,MATR_b4c44,MATR_b4c23",False,False,0.95
460,MATR_b1c19,786.0,543.0622553008118,19.702143626127967,504.4467633753656,581.677747226258,326.0,83.06225530081178,44.446763375365606,121.67774722625802,242.93774469918822,"MATR_b1c36,MATR_b2c26,MATR_b4c27,MATR_b2c34,MATR_b2c14,MATR_b1c0,MATR_b1c45,MATR_b4c33,MATR_b1c38,MATR_b1c32,MATR_b4c44,MATR_b4c23",False,False,0.95
460,MATR_b1c2,2237.0,2015.271853090063,100.44135738606914,1818.4104100550512,2212.1332961250746,1777.0,1555.271853090063,1358.4104100550512,1752.1332961250746,221.7281469099371,"MATR_b1c36,MATR_b2c26,MATR_b4c27,MATR_b2c34,MATR_b2c14,MATR_b1c0,MATR_b1c45,MATR_b4c33,MATR_b1c38,MATR_b1c32,MATR_b4c44,MATR_b4c23",False,False,0.95
460,MATR_b1c30,707.0,522.2483212777985,18.29579441206481,486.3892231616023,558.1074193939946,247.0,62.24832127779848,26.389223161602274,98.10741939399463,184.75167872220152,"MATR_b1c36,MATR_b2c26,MATR_b4c27,MATR_b2c34,MATR_b2c14,MATR_b1c0,MATR_b1c45,MATR_b4c33,MATR_b1c38,MATR_b1c32,MATR_b4c44,MATR_b4c23",False,False,0.95
460,MATR_b1c34,742.0,609.7839676254245,28.489334722462164,553.9458976258923,665.6220376249566,282.0,149.78396762542445,93.94589762589226,205.62203762495665,132.21603237457555,"MATR_b1c36,MATR_b2c26,MATR_b4c27,MATR_b2c34,MATR_b2c14,MATR_b1c0,MATR_b1c45,MATR_b4c33,MATR_b1c38,MATR_b1c32,MATR_b4c44,MATR_b4c23",False,False,0.95
460,MATR_b1c35,701.0,486.34539918738363,15.311726766001629,456.3349661849025,516.3558321898648,241.0,26.345399187383634,-3.6650338150975017,56.35583218986483,214.65460081261637,"MATR_b1c36,MATR_b2c26,MATR_b4c27,MATR_b2c34,MATR_b2c14,MATR_b1c0,MATR_b1c45,MATR_b4c33,MATR_b1c38,MATR_b1c32,MATR_b4c44,MATR_b4c23",False,False,0.95
460,MATR_b1c42,700.0,464.83201029866314,14.501353624764421,436.4098794670455,493.25414113028074,240.0,4.8320102986631355,-23.590120532954472,33.25414113028074,235.16798970133686,"MATR_b1c36,MATR_b2c26,MATR_b4c27,MATR_b2c34,MATR_b2c14,MATR_b1c0,MATR_b1c45,MATR_b4c33,MATR_b1c38,MATR_b1c32,MATR_b4c44,MATR_b4c23",False,False,0.95
460,MATR_b1c5,1071.0,1024.1586110087678,24.139732099158884,976.845605497971,1071.4716165195648,611.0,564.1586110087678,516.845605497971,611.4716165195648,46.84138899123218,"MATR_b1c36,MATR_b2c26,MATR_b4c27,MATR_b2c34,MATR_b2c14,MATR_b1c0,MATR_b1c45,MATR_b4c33,MATR_b1c38,MATR_b1c32,MATR_b4c44,MATR_b4c23",False,False,0.95
460,MATR_b1c6,633.0,658.8578297786818,24.46326079106161,610.9107196837901,706.8049398735734,173.0,198.85782977868178,150.91071968379015,246.8049398735734,25.857829778681776,"MATR_b1c36,MATR_b2c26,MATR_b4c27,MATR_b2c34,MATR_b2c14,MATR_b1c0,MATR_b1c45,MATR_b4c33,MATR_b1c38,MATR_b1c32,MATR_b4c44,MATR_b4c23",False,False,0.95
460,MATR_b2c22,512.0,339.1178752559265,25.774995076471054,288.599813204346,389.635937307507,52.0,-120.88212474407351,-171.400186795654,-70.36406269249301,172.8821247440735,"MATR_b1c36,MATR_b2c26,MATR_b4c27,MATR_b2c34,MATR_b2c14,MATR_b1c0,MATR_b1c45,MATR_b4c33,MATR_b1c38,MATR_b1c32,MATR_b4c44,MATR_b4c23",False,False,0.95
460,MATR_b2c24,494.0,314.623950858122,41.79638967700806,232.7045324073845,396.5433693088595,34.0,-145.376049141878,-227.2954675926155,-63.456630691140504,179.376049141878,"MATR_b1c36,MATR_b2c26,MATR_b4c27,MATR_b2c34,MATR_b2c14,MATR_b1c0,MATR_b1c45,MATR_b4c33,MATR_b1c38,MATR_b1c32,MATR_b4c44,MATR_b4c23",False,False,0.95
460,MATR_b2c33,519.0,327.02820430376414,55.60000922074739,218.05418869100436,436.0022199165239,59.0,-132.97179569623586,-241.94581130899564,-23.997780083476073,191.97179569623586,"MATR_b1c36,MATR_b2c26,MATR_b4c27,MATR_b2c34,MATR_b2c14,MATR_b1c0,MATR_b1c45,MATR_b4c33,MATR_b1c38,MATR_b1c32,MATR_b4c44,MATR_b4c23",False,False,0.95
460,MATR_b3c1,1061.0,854.8487359652489,32.60487063809217,790.9443637940008,918.7531081364971,601.0,394.8487359652489,330.94436379400076,458.7531081364971,206.15126403475108,"MATR_b1c36,MATR_b2c26,MATR_b4c27,MATR_b2c34,MATR_b2c14,MATR_b1c0,MATR_b1c45,MATR_b4c33,MATR_b1c38,MATR_b1c32,MATR_b4c44,MATR_b4c23",False,False,0.95
460,MATR_b3c14,856.0,541.2843824399881,22.724835419418692,496.7445234633273,585.8242414166489,396.0,81.28438243998812,36.74452346332731,125.82424141664887,314.7156175600119,"MATR_b1c36,MATR_b2c26,MATR_b4c27,MATR_b2c34,MATR_b2c14,MATR_b1c0,MATR_b1c45,MATR_b4c33,MATR_b1c38,MATR_b1c32,MATR_b4c44,MATR_b4c23",False,False,0.95
460,MATR_b3c17,1313.0,862.7447640792892,37.043173066216795,790.1414789964201,935.3480491621583,853.0,402.7447640792892,330.1414789964201,475.3480491621583,450.2552359207108,"MATR_b1c36,MATR_b2c26,MATR_b4c27,MATR_b2c34,MATR_b2c14,MATR_b1c0,MATR_b1c45,MATR_b4c33,MATR_b1c38,MATR_b1c32,MATR_b4c44,MATR_b4c23",False,False,0.95
460,MATR_b3c24,823.0,612.358788448837,26.310962459139205,560.7902496303387,663.9273272673353,363.0,152.358788448837,100.79024963033874,203.92732726733527,210.641211551163,"MATR_b1c36,MATR_b2c26,MATR_b4c27,MATR_b2c34,MATR_b2c14,MATR_b1c0,MATR_b1c45,MATR_b4c33,MATR_b1c38,MATR_b1c32,MATR_b4c44,MATR_b4c23",False,False,0.95
460,MATR_b3c31,729.0,591.5602956160546,28.786476480967526,535.139838471549,647.9807527605603,269.0,131.56029561605465,75.13983847154896,187.98075276056034,137.43970438394535,"MATR_b1c36,MATR_b2c26,MATR_b4c27,MATR_b2c34,MATR_b2c14,MATR_b1c0,MATR_b1c45,MATR_b4c33,MATR_b1c38,MATR_b1c32,MATR_b4c44,MATR_b4c23",False,False,0.95
460,MATR_b3c33,1282.0,1055.5710354960363,55.77893789401745,946.2463261278657,1164.895744864207,822.0,595.5710354960363,486.2463261278657,704.895744864207,226.4289645039637,"MATR_b1c36,MATR_b2c26,MATR_b4c27,MATR_b2c34,MATR_b2c14,MATR_b1c0,MATR_b1c45,MATR_b4c33,MATR_b1c38,MATR_b1c32,MATR_b4c44,MATR_b4c23",False,False,0.95
460,MATR_b3c36,921.0,1029.536868839536,50.69102807443803,930.1842794743288,1128.8894582047433,461.0,569.536868839536,470.18427947432883,668.8894582047433,108.53686883953606,"MATR_b1c36,MATR_b2c26,MATR_b4c27,MATR_b2c34,MATR_b2c14,MATR_b1c0,MATR_b1c45,MATR_b4c33,MATR_b1c38,MATR_b1c32,MATR_b4c44,MATR_b4c23",False,False,0.95
460,MATR_b3c6,665.0,469.743400308287,15.58176410740755,439.2037038421693,500.28309677440467,205.0,9.743400308286994,-20.79629615783068,40.28309677440467,195.256599691713,"MATR_b1c36,MATR_b2c26,MATR_b4c27,MATR_b2c34,MATR_b2c14,MATR_b1c0,MATR_b1c45,MATR_b4c33,MATR_b1c38,MATR_b1c32,MATR_b4c44,MATR_b4c23",False,False,0.95
460,MATR_b4c1,760.0,475.50890173610776,13.961715313187778,448.14444255985836,502.87336091235716,300.0,15.50890173610776,-11.855557440141638,42.87336091235716,284.49109826389224,"MATR_b1c36,MATR_b2c26,MATR_b4c27,MATR_b2c34,MATR_b2c14,MATR_b1c0,MATR_b1c45,MATR_b4c33,MATR_b1c38,MATR_b1c32,MATR_b4c44,MATR_b4c23",False,False,0.95
460,MATR_b4c11,863.0,757.5988754683245,35.84616795337781,687.3416772959301,827.8560736407189,403.0,297.59887546832454,227.34167729593014,367.85607364071893,105.40112453167546,"MATR_b1c36,MATR_b2c26,MATR_b4c27,MATR_b2c34,MATR_b2c14,MATR_b1c0,MATR_b1c45,MATR_b4c33,MATR_b1c38,MATR_b1c32,MATR_b4c44,MATR_b4c23",False,False,0.95
460,MATR_b4c15,675.0,582.111924469012,24.185655760902964,534.7089102351586,629.5149387028655,215.0,122.11192446901202,74.70891023515856,169.5149387028655,92.88807553098798,"MATR_b1c36,MATR_b2c26,MATR_b4c27,MATR_b2c34,MATR_b2c14,MATR_b1c0,MATR_b1c45,MATR_b4c33,MATR_b1c38,MATR_b1c32,MATR_b4c44,MATR_b4c23",False,False,0.95
460,MATR_b4c21,773.0,968.516371403038,42.981432807469794,884.2743110964689,1052.758431709607,313.0,508.51637140303797,424.27431109646886,592.7584317096071,195.51637140303797,"MATR_b1c36,MATR_b2c26,MATR_b4c27,MATR_b2c34,MATR_b2c14,MATR_b1c0,MATR_b1c45,MATR_b4c33,MATR_b1c38,MATR_b1c32,MATR_b4c44,MATR_b4c23",False,False,0.95
460,MATR_b4c3,777.0,573.9988916449744,21.174087317400012,532.4984430973641,615.4993401925847,317.0,113.99889164497438,72.49844309736409,155.49934019258467,203.00110835502562,"MATR_b1c36,MATR_b2c26,MATR_b4c27,MATR_b2c34,MATR_b2c14,MATR_b1c0,MATR_b1c45,MATR_b4c33,MATR_b1c38,MATR_b1c32,MATR_b4c44,MATR_b4c23",False,False,0.95
460,MATR_b4c32,754.0,954.2921088078128,35.08520238654952,885.526375739877,1023.0578418757486,294.0,494.29210880781284,425.52637573987704,563.0578418757486,200.29210880781284,"MATR_b1c36,MATR_b2c26,MATR_b4c27,MATR_b2c34,MATR_b2c14,MATR_b1c0,MATR_b1c45,MATR_b4c33,MATR_b1c38,MATR_b1c32,MATR_b4c44,MATR_b4c23",False,False,0.95
460,MATR_b4c34,891.0,670.7608420528362,34.131360733763906,603.8646042713144,737.657079834358,431.0,210.7608420528362,143.86460427131442,277.657079834358,220.2391579471638,"MATR_b1c36,MATR_b2c26,MATR_b4c27,MATR_b2c34,MATR_b2c14,MATR_b1c0,MATR_b1c45,MATR_b4c33,MATR_b1c38,MATR_b1c32,MATR_b4c44,MATR_b4c23",False,False,0.95
460,MATR_b4c42,774.0,801.412401177757,35.07534110235573,732.6659958716824,870.1588064838317,314.0,341.41240117775703,272.6659958716824,410.15880648383165,27.412401177757033,"MATR_b1c36,MATR_b2c26,MATR_b4c27,MATR_b2c34,MATR_b2c14,MATR_b1c0,MATR_b1c45,MATR_b4c33,MATR_b1c38,MATR_b1c32,MATR_b4c44,MATR_b4c23",False,False,0.95
460,MATR_b4c6,706.0,503.84364577343655,13.250538410472462,477.87306771314593,529.8142238337272,246.0,43.84364577343655,17.87306771314593,69.81422383372717,202.15635422656345,"MATR_b1c36,MATR_b2c26,MATR_b4c27,MATR_b2c34,MATR_b2c14,MATR_b1c0,MATR_b1c45,MATR_b4c33,MATR_b1c38,MATR_b1c32,MATR_b4c44,MATR_b4c23",False,False,0.95
460,MATR_b4c7,529.0,424.3559929403564,26.069542131621038,373.2606292689296,475.4513566117831,69.0,-35.64400705964363,-86.73937073107038,15.451356611783126,104.64400705964363,"MATR_b1c36,MATR_b2c26,MATR_b4c27,MATR_b2c34,MATR_b2c14,MATR_b1c0,MATR_b1c45,MATR_b4c33,MATR_b1c38,MATR_b1c32,MATR_b4c44,MATR_b4c23",False,False,0.95
480,MATR_b1c14,877.0,640.4620651866591,32.731757042703066,576.3090002322458,704.6151301410723,397.0,160.46206518665906,96.30900023224581,224.6151301410723,236.53793481334094,"MATR_b1c9,MATR_b1c28,MATR_b1c7,MATR_b1c17,MATR_b1c24,MATR_b3c11,MATR_b3c28,MATR_b4c39,MATR_b1c36,MATR_b3c22,MATR_b3c25,MATR_b1c15",False,False,0.95
480,MATR_b1c18,687.0,548.4618729742515,18.654157525804763,511.90039606173735,585.0233498867656,207.0,68.46187297425149,31.900396061737354,105.02334988676557,138.5381270257485,"MATR_b1c9,MATR_b1c28,MATR_b1c7,MATR_b1c17,MATR_b1c24,MATR_b3c11,MATR_b3c28,MATR_b4c39,MATR_b1c36,MATR_b3c22,MATR_b3c25,MATR_b1c15",False,False,0.95
480,MATR_b1c19,786.0,543.2800127805949,19.623422725779445,504.8188109846624,581.7412145765275,306.0,63.280012780594916,24.818810984662377,101.74121457652745,242.71998721940508,"MATR_b1c9,MATR_b1c28,MATR_b1c7,MATR_b1c17,MATR_b1c24,MATR_b3c11,MATR_b3c28,MATR_b4c39,MATR_b1c36,MATR_b3c22,MATR_b3c25,MATR_b1c15",False,False,0.95
480,MATR_b1c2,2237.0,2053.4511321934488,104.19242804788317,1849.2377257578169,2257.6645386290807,1757.0,1573.4511321934488,1369.2377257578169,1777.6645386290807,183.54886780655124,"MATR_b1c9,MATR_b1c28,MATR_b1c7,MATR_b1c17,MATR_b1c24,MATR_b3c11,MATR_b3c28,MATR_b4c39,MATR_b1c36,MATR_b3c22,MATR_b3c25,MATR_b1c15",False,False,0.95
480,MATR_b1c30,707.0,518.8646963676711,17.620143538427413,484.3298496299272,553.399543105415,227.0,38.86469636767106,4.329849629927196,73.39954310541498,188.13530363232894,"MATR_b1c9,MATR_b1c28,MATR_b1c7,MATR_b1c17,MATR_b1c24,MATR_b3c11,MATR_b3c28,MATR_b4c39,MATR_b1c36,MATR_b3c22,MATR_b3c25,MATR_b1c15",False,False,0.95
480,MATR_b1c34,742.0,601.9353640078887,27.570463931037455,547.8982476659946,655.9724803497827,262.0,121.93536400788867,67.89824766599463,175.9724803497827,140.06463599211133,"MATR_b1c9,MATR_b1c28,MATR_b1c7,MATR_b1c17,MATR_b1c24,MATR_b3c11,MATR_b3c28,MATR_b4c39,MATR_b1c36,MATR_b3c22,MATR_b3c25,MATR_b1c15",False,False,0.95
480,MATR_b1c35,701.0,478.8937310778925,15.393003555013452,448.7239984961691,509.0634636596159,221.0,-1.1062689221075175,-31.276001503830912,29.063463659615877,222.10626892210752,"MATR_b1c9,MATR_b1c28,MATR_b1c7,MATR_b1c17,MATR_b1c24,MATR_b3c11,MATR_b3c28,MATR_b4c39,MATR_b1c36,MATR_b3c22,MATR_b3c25,MATR_b1c15",False,False,0.95
480,MATR_b1c42,700.0,453.580811972398,14.643454212467718,424.88016910669995,482.28145483809607,220.0,-26.41918802760199,-55.11983089330005,2.2814548380960673,246.419188027602,"MATR_b1c9,MATR_b1c28,MATR_b1c7,MATR_b1c17,MATR_b1c24,MATR_b3c11,MATR_b3c28,MATR_b4c39,MATR_b1c36,MATR_b3c22,MATR_b3c25,MATR_b1c15",False,False,0.95
480,MATR_b1c5,1071.0,1019.4238772486233,23.927481600839908,972.5268750702323,1066.3208794270142,591.0,539.4238772486233,492.52687507023234,586.3208794270142,51.576122751376715,"MATR_b1c9,MATR_b1c28,MATR_b1c7,MATR_b1c17,MATR_b1c24,MATR_b3c11,MATR_b3c28,MATR_b4c39,MATR_b1c36,MATR_b3c22,MATR_b3c25,MATR_b1c15",False,False,0.95
480,MATR_b1c6,633.0,605.8439329281337,20.766921197485352,565.141515311281,646.5463505449864,153.0,125.84393292813365,85.14151531128095,166.54635054498635,27.156067071866346,"MATR_b1c9,MATR_b1c28,MATR_b1c7,MATR_b1c17,MATR_b1c24,MATR_b3c11,MATR_b3c28,MATR_b4c39,MATR_b1c36,MATR_b3c22,MATR_b3c25,MATR_b1c15",False,False,0.95
480,MATR_b2c22,512.0,316.40387501661195,31.27848086591571,255.09917902829196,377.7085710049319,32.0,-163.59612498338805,-224.90082097170804,-102.29142899506809,195.59612498338805,"MATR_b1c9,MATR_b1c28,MATR_b1c7,MATR_b1c17,MATR_b1c24,MATR_b3c11,MATR_b3c28,MATR_b4c39,MATR_b1c36,MATR_b3c22,MATR_b3c25,MATR_b1c15",False,False,0.95
480,MATR_b2c24,494.0,297.8895021352164,47.514786535483324,204.76223179256039,391.0167724778724,14.0,-182.1104978647836,-275.2377682074396,-88.9832275221276,196.1104978647836,"MATR_b1c9,MATR_b1c28,MATR_b1c7,MATR_b1c17,MATR_b1c24,MATR_b3c11,MATR_b3c28,MATR_b4c39,MATR_b1c36,MATR_b3c22,MATR_b3c25,MATR_b1c15",False,False,0.95
480,MATR_b2c33,519.0,308.5438669368214,57.113923356185346,196.60263414291717,420.48509973072566,39.0,-171.45613306317858,-283.39736585708283,-59.514900269274335,210.45613306317858,"MATR_b1c9,MATR_b1c28,MATR_b1c7,MATR_b1c17,MATR_b1c24,MATR_b3c11,MATR_b3c28,MATR_b4c39,MATR_b1c36,MATR_b3c22,MATR_b3c25,MATR_b1c15",False,False,0.95
480,MATR_b3c1,1061.0,858.5258187667425,32.003249968075615,795.8006014410817,921.2510360924034,581.0,378.52581876674253,315.80060144108165,441.2510360924034,202.47418123325747,"MATR_b1c9,MATR_b1c28,MATR_b1c7,MATR_b1c17,MATR_b1c24,MATR_b3c11,MATR_b3c28,MATR_b4c39,MATR_b1c36,MATR_b3c22,MATR_b3c25,MATR_b1c15",False,False,0.95
480,MATR_b3c14,856.0,537.8407241394442,21.28248146174197,496.12782697278857,579.5536213060998,376.0,57.840724139444205,16.12782697278857,99.55362130609979,318.1592758605558,"MATR_b1c9,MATR_b1c28,MATR_b1c7,MATR_b1c17,MATR_b1c24,MATR_b3c11,MATR_b3c28,MATR_b4c39,MATR_b1c36,MATR_b3c22,MATR_b3c25,MATR_b1c15",False,False,0.95
480,MATR_b3c17,1313.0,868.5308631703737,36.31365916200086,797.3573990659891,939.7043272747583,833.0,388.53086317037366,317.35739906598906,459.70432727475827,444.46913682962634,"MATR_b1c9,MATR_b1c28,MATR_b1c7,MATR_b1c17,MATR_b1c24,MATR_b3c11,MATR_b3c28,MATR_b4c39,MATR_b1c36,MATR_b3c22,MATR_b3c25,MATR_b1c15",False,False,0.95
480,MATR_b3c24,823.0,591.615247810417,22.59122348725292,547.337263408706,635.893232212128,343.0,111.61524781041703,67.33726340870601,155.89323221212805,231.38475218958297,"MATR_b1c9,MATR_b1c28,MATR_b1c7,MATR_b1c17,MATR_b1c24,MATR_b3c11,MATR_b3c28,MATR_b4c39,MATR_b1c36,MATR_b3c22,MATR_b3c25,MATR_b1c15",False,False,0.95
480,MATR_b3c31,729.0,585.1957399927057,28.280394058795064,529.7671861688669,640.6242938165445,249.0,105.19573999270574,49.76718616886694,160.62429381654454,143.80426000729426,"MATR_b1c9,MATR_b1c28,MATR_b1c7,MATR_b1c17,MATR_b1c24,MATR_b3c11,MATR_b3c28,MATR_b4c39,MATR_b1c36,MATR_b3c22,MATR_b3c25,MATR_b1c15",False,False,0.95
480,MATR_b3c33,1282.0,1063.662087442329,55.54756469073394,954.7908612195818,1172.5333136650763,802.0,583.662087442329,474.79086121958176,692.5333136650763,218.33791255767096,"MATR_b1c9,MATR_b1c28,MATR_b1c7,MATR_b1c17,MATR_b1c24,MATR_b3c11,MATR_b3c28,MATR_b4c39,MATR_b1c36,MATR_b3c22,MATR_b3c25,MATR_b1c15",False,False,0.95
480,MATR_b3c36,921.0,1039.0727871126655,49.64670114099542,941.7670409250909,1136.3785333002402,441.0,559.0727871126655,461.7670409250909,656.3785333002402,118.07278711266554,"MATR_b1c9,MATR_b1c28,MATR_b1c7,MATR_b1c17,MATR_b1c24,MATR_b3c11,MATR_b3c28,MATR_b4c39,MATR_b1c36,MATR_b3c22,MATR_b3c25,MATR_b1c15",False,False,0.95
480,MATR_b3c6,665.0,442.83107123893393,16.253499401956073,410.97479778835674,474.6873446895111,185.0,-37.16892876106607,-69.02520221164326,-5.3126553104888785,222.16892876106607,"MATR_b1c9,MATR_b1c28,MATR_b1c7,MATR_b1c17,MATR_b1c24,MATR_b3c11,MATR_b3c28,MATR_b4c39,MATR_b1c36,MATR_b3c22,MATR_b3c25,MATR_b1c15",False,False,0.95
480,MATR_b4c1,760.0,459.9031936684983,13.879334069755872,432.70019876237706,487.1061885746196,280.0,-20.096806331501682,-47.299801237622944,7.10618857461958,300.0968063315017,"MATR_b1c9,MATR_b1c28,MATR_b1c7,MATR_b1c17,MATR_b1c24,MATR_b3c11,MATR_b3c28,MATR_b4c39,MATR_b1c36,MATR_b3c22,MATR_b3c25,MATR_b1c15",False,False,0.95
480,MATR_b4c11,863.0,758.2483111341719,35.903437267237024,687.8788671691941,828.6177550991497,383.0,278.2483111341719,207.8788671691941,348.6177550991497,104.7516888658281,"MATR_b1c9,MATR_b1c28,MATR_b1c7,MATR_b1c17,MATR_b1c24,MATR_b3c11,MATR_b3c28,MATR_b4c39,MATR_b1c36,MATR_b3c22,MATR_b3c25,MATR_b1c15",False,False,0.95
480,MATR_b4c15,675.0,569.9159436038522,22.42206200195342,525.9695096208994,613.8623775868049,195.0,89.91594360385216,45.96950962089943,133.86237758680488,105.08405639614784,"MATR_b1c9,MATR_b1c28,MATR_b1c7,MATR_b1c17,MATR_b1c24,MATR_b3c11,MATR_b3c28,MATR_b4c39,MATR_b1c36,MATR_b3c22,MATR_b3c25,MATR_b1c15",False,False,0.95
480,MATR_b4c21,773.0,976.0678003283904,42.454710378733324,892.8580970119942,1059.2775036447865,293.0,496.0678003283904,412.85809701199423,579.2775036447865,203.06780032839038,"MATR_b1c9,MATR_b1c28,MATR_b1c7,MATR_b1c17,MATR_b1c24,MATR_b3c11,MATR_b3c28,MATR_b4c39,MATR_b1c36,MATR_b3c22,MATR_b3c25,MATR_b1c15",False,False,0.95
480,MATR_b4c3,777.0,556.631683459382,17.45931309749154,522.4120585934901,590.8513083252739,297.0,76.63168345938197,42.41205859349009,110.85130832527386,220.36831654061803,"MATR_b1c9,MATR_b1c28,MATR_b1c7,MATR_b1c17,MATR_b1c24,MATR_b3c11,MATR_b3c28,MATR_b4c39,MATR_b1c36,MATR_b3c22,MATR_b3c25,MATR_b1c15",False,False,0.95
480,MATR_b4c32,754.0,956.9851615357053,34.78944619493112,888.7990999515463,1025.1712231198642,274.0,476.9851615357053,408.7990999515463,545.1712231198642,202.9851615357053,"MATR_b1c9,MATR_b1c28,MATR_b1c7,MATR_b1c17,MATR_b1c24,MATR_b3c11,MATR_b3c28,MATR_b4c39,MATR_b1c36,MATR_b3c22,MATR_b3c25,MATR_b1c15",False,False,0.95
480,MATR_b4c34,891.0,663.2715542733005,33.25918519311371,598.0847491396498,728.4583594069511,411.0,183.27155427330047,118.08474913964983,248.4583594069511,227.72844572669953,"MATR_b1c9,MATR_b1c28,MATR_b1c7,MATR_b1c17,MATR_b1c24,MATR_b3c11,MATR_b3c28,MATR_b4c39,MATR_b1c36,MATR_b3c22,MATR_b3c25,MATR_b1c15",False,False,0.95
480,MATR_b4c42,774.0,751.3175091397244,34.472132558572284,683.7533708546322,818.8816474248166,294.0,271.3175091397244,203.75337085463218,338.8816474248166,22.682490860275607,"MATR_b1c9,MATR_b1c28,MATR_b1c7,MATR_b1c17,MATR_b1c24,MATR_b3c11,MATR_b3c28,MATR_b4c39,MATR_b1c36,MATR_b3c22,MATR_b3c25,MATR_b1c15",False,False,0.95
480,MATR_b4c6,706.0,490.9327406234715,13.209668892118259,465.04226534722056,516.8232158997224,226.0,10.932740623471489,-14.957734652779436,36.82321589972241,215.0672593765285,"MATR_b1c9,MATR_b1c28,MATR_b1c7,MATR_b1c17,MATR_b1c24,MATR_b3c11,MATR_b3c28,MATR_b4c39,MATR_b1c36,MATR_b3c22,MATR_b3c25,MATR_b1c15",False,False,0.95
480,MATR_b4c7,529.0,369.22520394633375,34.400894660375585,301.80068937604136,436.64971851662614,49.0,-110.77479605366625,-178.19931062395864,-43.35028148337386,159.77479605366625,"MATR_b1c9,MATR_b1c28,MATR_b1c7,MATR_b1c17,MATR_b1c24,MATR_b3c11,MATR_b3c28,MATR_b4c39,MATR_b1c36,MATR_b3c22,MATR_b3c25,MATR_b1c15",False,False,0.95
500,MATR_b1c14,877.0,644.0684629052674,31.46145332437879,582.405147488197,705.7317783223378,377.0,144.06846290526744,82.40514748819703,205.73177832233785,232.93153709473256,"MATR_b1c32,MATR_b4c16,MATR_b4c38,MATR_b1c31,MATR_b3c10,MATR_b1c43,MATR_b4c23,MATR_b1c29,MATR_b4c33,MATR_b1c28,MATR_b2c28,MATR_b3c41",False,False,0.95
500,MATR_b1c18,687.0,541.1084977795393,17.809570997803604,506.2023800437352,576.0146155153435,187.0,41.108497779539334,6.202380043735218,76.01461551534351,145.89150222046067,"MATR_b1c32,MATR_b4c16,MATR_b4c38,MATR_b1c31,MATR_b3c10,MATR_b1c43,MATR_b4c23,MATR_b1c29,MATR_b4c33,MATR_b1c28,MATR_b2c28,MATR_b3c41",False,False,0.95
500,MATR_b1c19,786.0,546.0591259142473,19.999524153799758,506.86077886486083,585.2574729636336,286.0,46.05912591424726,6.860778864860833,85.25747296363363,239.94087408575274,"MATR_b1c32,MATR_b4c16,MATR_b4c38,MATR_b1c31,MATR_b3c10,MATR_b1c43,MATR_b4c23,MATR_b1c29,MATR_b4c33,MATR_b1c28,MATR_b2c28,MATR_b3c41",False,False,0.95
500,MATR_b1c2,2237.0,1000.4692093195218,27.76562420281352,946.0495858737337,1054.8888327653099,1737.0,500.46920931952184,446.0495858737337,554.8888327653099,1236.5307906804783,"MATR_b1c32,MATR_b4c16,MATR_b4c38,MATR_b1c31,MATR_b3c10,MATR_b1c43,MATR_b4c23,MATR_b1c29,MATR_b4c33,MATR_b1c28,MATR_b2c28,MATR_b3c41",False,False,0.95
500,MATR_b1c30,707.0,516.5419499166512,17.312268929460654,482.61052632423656,550.4733735090659,207.0,16.54194991665122,-17.38947367576344,50.47337350906594,190.45805008334878,"MATR_b1c32,MATR_b4c16,MATR_b4c38,MATR_b1c31,MATR_b3c10,MATR_b1c43,MATR_b4c23,MATR_b1c29,MATR_b4c33,MATR_b1c28,MATR_b2c28,MATR_b3c41",False,False,0.95
500,MATR_b1c34,742.0,596.5474330853732,26.765562485180677,544.0878945884627,649.0069715822837,242.0,96.5474330853732,44.087894588462746,149.00697158228365,145.4525669146268,"MATR_b1c32,MATR_b4c16,MATR_b4c38,MATR_b1c31,MATR_b3c10,MATR_b1c43,MATR_b4c23,MATR_b1c29,MATR_b4c33,MATR_b1c28,MATR_b2c28,MATR_b3c41",False,False,0.95
500,MATR_b1c35,701.0,478.9224116067309,15.597200592827313,448.3524601851426,509.49236302831923,201.0,-21.07758839326908,-51.647539814857396,9.492363028319232,222.07758839326908,"MATR_b1c32,MATR_b4c16,MATR_b4c38,MATR_b1c31,MATR_b3c10,MATR_b1c43,MATR_b4c23,MATR_b1c29,MATR_b4c33,MATR_b1c28,MATR_b2c28,MATR_b3c41",False,False,0.95
500,MATR_b1c42,700.0,454.1591273603278,14.526531421693369,425.68764895351933,482.6306057671362,200.0,-45.84087263967223,-74.31235104648067,-17.369394232863783,245.84087263967223,"MATR_b1c32,MATR_b4c16,MATR_b4c38,MATR_b1c31,MATR_b3c10,MATR_b1c43,MATR_b4c23,MATR_b1c29,MATR_b4c33,MATR_b1c28,MATR_b2c28,MATR_b3c41",False,False,0.95
500,MATR_b1c5,1071.0,1006.9700727318318,23.709074857116555,960.5011399051192,1053.4390055585443,571.0,506.9700727318318,460.5011399051192,553.4390055585443,64.0299272681682,"MATR_b1c32,MATR_b4c16,MATR_b4c38,MATR_b1c31,MATR_b3c10,MATR_b1c43,MATR_b4c23,MATR_b1c29,MATR_b4c33,MATR_b1c28,MATR_b2c28,MATR_b3c41",False,False,0.95
500,MATR_b1c6,633.0,530.5629082119802,16.759440679793702,497.7150080785491,563.4108083454114,133.0,30.562908211980243,-2.28499192145091,63.4108083454114,102.43709178801976,"MATR_b1c32,MATR_b4c16,MATR_b4c38,MATR_b1c31,MATR_b3c10,MATR_b1c43,MATR_b4c23,MATR_b1c29,MATR_b4c33,MATR_b1c28,MATR_b2c28,MATR_b3c41",False,False,0.95
500,MATR_b2c22,512.0,305.4746739662166,36.44613017746005,234.0415714425365,376.90777648989666,12.0,-194.52532603378341,-265.9584285574635,-123.09222351010334,206.52532603378341,"MATR_b1c32,MATR_b4c16,MATR_b4c38,MATR_b1c31,MATR_b3c10,MATR_b1c43,MATR_b4c23,MATR_b1c29,MATR_b4c33,MATR_b1c28,MATR_b2c28,MATR_b3c41",False,False,0.95
500,MATR_b2c33,519.0,304.31401587200315,64.60527654782086,177.6900006270241,430.9380311169822,19.0,-195.68598412799685,-322.3099993729759,-69.06196888301781,214.68598412799685,"MATR_b1c32,MATR_b4c16,MATR_b4c38,MATR_b1c31,MATR_b3c10,MATR_b1c43,MATR_b4c23,MATR_b1c29,MATR_b4c33,MATR_b1c28,MATR_b2c28,MATR_b3c41",False,False,0.95
500,MATR_b3c1,1061.0,854.8400979319571,30.861836903916895,794.3520091035308,915.3281867603833,561.0,354.8400979319571,294.3520091035308,415.32818676038335,206.15990206804292,"MATR_b1c32,MATR_b4c16,MATR_b4c38,MATR_b1c31,MATR_b3c10,MATR_b1c43,MATR_b4c23,MATR_b1c29,MATR_b4c33,MATR_b1c28,MATR_b2c28,MATR_b3c41",False,False,0.95
500,MATR_b3c14,856.0,529.489514955184,19.988752488646284,490.31227998155185,568.666749928816,356.0,29.48951495518395,-9.687720018448147,68.66674992881599,326.51048504481605,"MATR_b1c32,MATR_b4c16,MATR_b4c38,MATR_b1c31,MATR_b3c10,MATR_b1c43,MATR_b4c23,MATR_b1c29,MATR_b4c33,MATR_b1c28,MATR_b2c28,MATR_b3c41",False,False,0.95
500,MATR_b3c17,1313.0,864.7474986847494,34.897882682573524,796.3489054902013,933.1460918792975,813.0,364.7474986847494,296.34890549020133,433.1460918792975,448.2525013152506,"MATR_b1c32,MATR_b4c16,MATR_b4c38,MATR_b1c31,MATR_b3c10,MATR_b1c43,MATR_b4c23,MATR_b1c29,MATR_b4c33,MATR_b1c28,MATR_b2c28,MATR_b3c41",False,False,0.95
500,MATR_b3c24,823.0,578.6747211693813,21.278362399570376,536.9698972162321,620.3795451225305,323.0,78.67472116938131,36.969897216232084,120.37954512253054,244.32527883061869,"MATR_b1c32,MATR_b4c16,MATR_b4c38,MATR_b1c31,MATR_b3c10,MATR_b1c43,MATR_b4c23,MATR_b1c29,MATR_b4c33,MATR_b1c28,MATR_b2c28,MATR_b3c41",False,False,0.95
500,MATR_b3c31,729.0,589.5679774625054,28.371331001323536,533.9611905064465,645.1747644185642,229.0,89.56797746250538,33.96119050644654,145.17476441856422,139.43202253749462,"MATR_b1c32,MATR_b4c16,MATR_b4c38,MATR_b1c31,MATR_b3c10,MATR_b1c43,MATR_b4c23,MATR_b1c29,MATR_b4c33,MATR_b1c28,MATR_b2c28,MATR_b3c41",False,False,0.95
500,MATR_b3c33,1282.0,1076.0163193357057,53.199708662546946,971.7468063690902,1180.2858323023213,782.0,576.0163193357057,471.7468063690902,680.2858323023213,205.9836806642943,"MATR_b1c32,MATR_b4c16,MATR_b4c38,MATR_b1c31,MATR_b3c10,MATR_b1c43,MATR_b4c23,MATR_b1c29,MATR_b4c33,MATR_b1c28,MATR_b2c28,MATR_b3c41",False,False,0.95
500,MATR_b3c36,921.0,1028.791175089737,45.07467857004831,940.4464284777229,1117.135921701751,421.0,528.791175089737,440.44642847772286,617.1359217017509,107.79117508973695,"MATR_b1c32,MATR_b4c16,MATR_b4c38,MATR_b1c31,MATR_b3c10,MATR_b1c43,MATR_b4c23,MATR_b1c29,MATR_b4c33,MATR_b1c28,MATR_b2c28,MATR_b3c41",False,False,0.95
500,MATR_b3c6,665.0,425.9629682405621,17.00773003160716,392.6284299198318,459.2975065612924,165.0,-74.03703175943792,-107.37157008016823,-40.70249343870762,239.03703175943792,"MATR_b1c32,MATR_b4c16,MATR_b4c38,MATR_b1c31,MATR_b3c10,MATR_b1c43,MATR_b4c23,MATR_b1c29,MATR_b4c33,MATR_b1c28,MATR_b2c28,MATR_b3c41",False,False,0.95
500,MATR_b4c1,760.0,453.85015300175206,14.322005047098225,425.7795389230387,481.92076708046545,260.0,-46.14984699824794,-74.22046107696133,-18.079232919534547,306.14984699824794,"MATR_b1c32,MATR_b4c16,MATR_b4c38,MATR_b1c31,MATR_b3c10,MATR_b1c43,MATR_b4c23,MATR_b1c29,MATR_b4c33,MATR_b1c28,MATR_b2c28,MATR_b3c41",False,False,0.95
500,MATR_b4c11,863.0,753.6689255337576,34.90608552083301,685.2542550716498,822.0835959958654,363.0,253.6689255337576,185.25425507164982,322.0835959958654,109.3310744662424,"MATR_b1c32,MATR_b4c16,MATR_b4c38,MATR_b1c31,MATR_b3c10,MATR_b1c43,MATR_b4c23,MATR_b1c29,MATR_b4c33,MATR_b1c28,MATR_b2c28,MATR_b3c41",False,False,0.95
500,MATR_b4c15,675.0,563.1323022215117,21.797566540071312,520.4098568523566,605.8547475906669,175.0,63.132302221511736,20.409856852356597,105.85474759066688,111.86769777848826,"MATR_b1c32,MATR_b4c16,MATR_b4c38,MATR_b1c31,MATR_b3c10,MATR_b1c43,MATR_b4c23,MATR_b1c29,MATR_b4c33,MATR_b1c28,MATR_b2c28,MATR_b3c41",False,False,0.95
500,MATR_b4c21,773.0,966.296208654576,39.20594888054051,889.4539608689983,1043.138456440154,273.0,466.29620865457605,389.45396086899825,543.138456440154,193.29620865457605,"MATR_b1c32,MATR_b4c16,MATR_b4c38,MATR_b1c31,MATR_b3c10,MATR_b1c43,MATR_b4c23,MATR_b1c29,MATR_b4c33,MATR_b1c28,MATR_b2c28,MATR_b3c41",False,False,0.95
500,MATR_b4c3,777.0,544.1347075953757,16.129553504320903,512.521363640195,575.7480515505565,277.0,44.134707595375744,12.521363640194977,75.74805155055651,232.86529240462426,"MATR_b1c32,MATR_b4c16,MATR_b4c38,MATR_b1c31,MATR_b3c10,MATR_b1c43,MATR_b4c23,MATR_b1c29,MATR_b4c33,MATR_b1c28,MATR_b2c28,MATR_b3c41",False,False,0.95
500,MATR_b4c32,754.0,945.1570592648588,33.261429388037584,879.9658555899831,1010.3482629397346,254.0,445.15705926485884,379.9658555899831,510.3482629397346,191.15705926485884,"MATR_b1c32,MATR_b4c16,MATR_b4c38,MATR_b1c31,MATR_b3c10,MATR_b1c43,MATR_b4c23,MATR_b1c29,MATR_b4c33,MATR_b1c28,MATR_b2c28,MATR_b3c41",False,False,0.95
500,MATR_b4c34,891.0,641.5477474102082,30.975559246898865,580.8367668852998,702.2587279351167,391.0,141.54774741020822,80.83676688529977,202.25872793511667,249.45225258979178,"MATR_b1c32,MATR_b4c16,MATR_b4c38,MATR_b1c31,MATR_b3c10,MATR_b1c43,MATR_b4c23,MATR_b1c29,MATR_b4c33,MATR_b1c28,MATR_b2c28,MATR_b3c41",False,False,0.95
500,MATR_b4c42,774.0,728.9113740997543,33.095403659377,664.0455748735603,793.7771733259483,274.0,228.9113740997543,164.04557487356033,293.7771733259483,45.08862590024569,"MATR_b1c32,MATR_b4c16,MATR_b4c38,MATR_b1c31,MATR_b3c10,MATR_b1c43,MATR_b4c23,MATR_b1c29,MATR_b4c33,MATR_b1c28,MATR_b2c28,MATR_b3c41",False,False,0.95
500,MATR_b4c6,706.0,491.994258936897,13.149255588200598,466.22219156051176,517.7663263132822,206.0,-8.005741063103017,-33.77780843948824,17.766326313282207,214.00574106310302,"MATR_b1c32,MATR_b4c16,MATR_b4c38,MATR_b1c31,MATR_b3c10,MATR_b1c43,MATR_b4c23,MATR_b1c29,MATR_b4c33,MATR_b1c28,MATR_b2c28,MATR_b3c41",False,False,0.95
500,MATR_b4c7,529.0,324.8295143134417,51.01701503017246,224.83800225556507,424.8210263713183,29.0,-175.17048568655832,-275.1619977444349,-75.17897362868172,204.17048568655832,"MATR_b1c32,MATR_b4c16,MATR_b4c38,MATR_b1c31,MATR_b3c10,MATR_b1c43,MATR_b4c23,MATR_b1c29,MATR_b4c33,MATR_b1c28,MATR_b2c28,MATR_b3c41",False,False,0.95
520,MATR_b1c14,877.0,606.2302826110657,27.197141870210597,552.9248640630267,659.5357011591047,357.0,86.23028261106572,32.92486406302669,139.53570115910475,270.7697173889343,"MATR_b1c40,MATR_b3c19,MATR_b1c43,MATR_b4c30,MATR_b1c32,MATR_b3c8,MATR_b1c17,MATR_b4c28,MATR_b4c13,MATR_b3c44,MATR_b3c35,MATR_b1c38",False,False,0.95
520,MATR_b1c18,687.0,500.5077841062172,13.483466553844735,474.0806752739311,526.9348929385033,167.0,-19.492215893782827,-45.91932472606891,6.934892938503253,186.49221589378283,"MATR_b1c40,MATR_b3c19,MATR_b1c43,MATR_b4c30,MATR_b1c32,MATR_b3c8,MATR_b1c17,MATR_b4c28,MATR_b4c13,MATR_b3c44,MATR_b3c35,MATR_b1c38",False,False,0.95
520,MATR_b1c19,786.0,536.1775545747296,19.684266519918353,497.59710113360205,574.7580080158572,266.0,16.177554574729584,-22.402898866397948,54.75800801585717,249.82244542527042,"MATR_b1c40,MATR_b3c19,MATR_b1c43,MATR_b4c30,MATR_b1c32,MATR_b3c8,MATR_b1c17,MATR_b4c28,MATR_b4c13,MATR_b3c44,MATR_b3c35,MATR_b1c38",False,False,0.95
520,MATR_b1c2,2237.0,1015.8402602256573,27.471959299756254,961.9962094133848,1069.6843110379298,1717.0,495.8402602256573,441.9962094133848,549.6843110379298,1221.1597397743426,"MATR_b1c40,MATR_b3c19,MATR_b1c43,MATR_b4c30,MATR_b1c32,MATR_b3c8,MATR_b1c17,MATR_b4c28,MATR_b4c13,MATR_b3c44,MATR_b3c35,MATR_b1c38",False,False,0.95
520,MATR_b1c30,707.0,507.94057651332975,16.43382422793821,475.7308728983091,540.1502801283503,187.0,-12.059423486670255,-44.26912710169091,20.150280128350346,199.05942348667025,"MATR_b1c40,MATR_b3c19,MATR_b1c43,MATR_b4c30,MATR_b1c32,MATR_b3c8,MATR_b1c17,MATR_b4c28,MATR_b4c13,MATR_b3c44,MATR_b3c35,MATR_b1c38",False,False,0.95
520,MATR_b1c34,742.0,568.9878349157125,25.01788274998376,519.9536857562985,618.0219840751265,222.0,48.98783491571248,-0.04631424370154491,98.02198407512651,173.01216508428752,"MATR_b1c40,MATR_b3c19,MATR_b1c43,MATR_b4c30,MATR_b1c32,MATR_b3c8,MATR_b1c17,MATR_b4c28,MATR_b4c13,MATR_b3c44,MATR_b3c35,MATR_b1c38",False,False,0.95
520,MATR_b1c35,701.0,393.98670036449573,24.528344796259514,345.91202796344663,442.06137276554483,181.0,-126.01329963550427,-174.08797203655337,-77.93862723445517,307.01329963550427,"MATR_b1c40,MATR_b3c19,MATR_b1c43,MATR_b4c30,MATR_b1c32,MATR_b3c8,MATR_b1c17,MATR_b4c28,MATR_b4c13,MATR_b3c44,MATR_b3c35,MATR_b1c38",False,False,0.95
520,MATR_b1c42,700.0,392.0242295329528,22.517656707531444,347.8904333699544,436.1580256959512,180.0,-127.9757704670472,-172.1095666300456,-83.84197430404879,307.9757704670472,"MATR_b1c40,MATR_b3c19,MATR_b1c43,MATR_b4c30,MATR_b1c32,MATR_b3c8,MATR_b1c17,MATR_b4c28,MATR_b4c13,MATR_b3c44,MATR_b3c35,MATR_b1c38",False,False,0.95
520,MATR_b1c5,1071.0,914.9649216484604,28.55344953656087,859.0011889224193,970.9286543745015,551.0,394.9649216484604,339.00118892241926,450.92865437450155,156.0350783515396,"MATR_b1c40,MATR_b3c19,MATR_b1c43,MATR_b4c30,MATR_b1c32,MATR_b3c8,MATR_b1c17,MATR_b4c28,MATR_b4c13,MATR_b3c44,MATR_b3c35,MATR_b1c38",False,False,0.95
520,MATR_b1c6,633.0,438.3799058570947,21.014584809414377,397.19207648058,479.56773523360937,113.0,-81.62009414290532,-122.80792351942,-40.43226476639063,194.62009414290532,"MATR_b1c40,MATR_b3c19,MATR_b1c43,MATR_b4c30,MATR_b1c32,MATR_b3c8,MATR_b1c17,MATR_b4c28,MATR_b4c13,MATR_b3c44,MATR_b3c35,MATR_b1c38",False,False,0.95
520,MATR_b3c1,1061.0,856.8040837126938,31.28442774722342,795.4877320511904,918.1204353741972,541.0,336.8040837126938,275.4877320511904,398.1204353741972,204.1959162873062,"MATR_b1c40,MATR_b3c19,MATR_b1c43,MATR_b4c30,MATR_b1c32,MATR_b3c8,MATR_b1c17,MATR_b4c28,MATR_b4c13,MATR_b3c44,MATR_b3c35,MATR_b1c38",False,False,0.95
520,MATR_b3c14,856.0,508.0211228804088,17.304029628914673,474.10584802032207,541.9363977404955,336.0,-11.978877119591175,-45.89415197967793,21.936397740495522,347.9788771195912,"MATR_b1c40,MATR_b3c19,MATR_b1c43,MATR_b4c30,MATR_b1c32,MATR_b3c8,MATR_b1c17,MATR_b4c28,MATR_b4c13,MATR_b3c44,MATR_b3c35,MATR_b1c38",False,False,0.95
520,MATR_b3c17,1313.0,871.018917866352,35.33378343665497,801.7659748929703,940.2718608397337,793.0,351.018917866352,281.76597489297035,420.2718608397337,441.981082133648,"MATR_b1c40,MATR_b3c19,MATR_b1c43,MATR_b4c30,MATR_b1c32,MATR_b3c8,MATR_b1c17,MATR_b4c28,MATR_b4c13,MATR_b3c44,MATR_b3c35,MATR_b1c38",False,False,0.95
520,MATR_b3c24,823.0,545.6367091489537,16.07364623329284,514.1329414314619,577.1404768664456,303.0,25.63670914895374,-5.867058568538141,57.140476866445624,277.36329085104626,"MATR_b1c40,MATR_b3c19,MATR_b1c43,MATR_b4c30,MATR_b1c32,MATR_b3c8,MATR_b1c17,MATR_b4c28,MATR_b4c13,MATR_b3c44,MATR_b3c35,MATR_b1c38",False,False,0.95
520,MATR_b3c31,729.0,577.6273172894392,28.122533529904672,522.508164416806,632.7464701620725,209.0,57.62731728943925,2.5081644168060393,112.74647016207246,151.37268271056075,"MATR_b1c40,MATR_b3c19,MATR_b1c43,MATR_b4c30,MATR_b1c32,MATR_b3c8,MATR_b1c17,MATR_b4c28,MATR_b4c13,MATR_b3c44,MATR_b3c35,MATR_b1c38",False,False,0.95
520,MATR_b3c33,1282.0,1094.2568910267664,55.22685653312233,986.0142412424862,1202.4995408110467,762.0,574.2568910267664,466.01424124248615,682.4995408110467,187.74310897323357,"MATR_b1c40,MATR_b3c19,MATR_b1c43,MATR_b4c30,MATR_b1c32,MATR_b3c8,MATR_b1c17,MATR_b4c28,MATR_b4c13,MATR_b3c44,MATR_b3c35,MATR_b1c38",False,False,0.95
520,MATR_b3c36,921.0,1011.685554404705,41.76602482577393,929.8256499687824,1093.5454588406278,401.0,491.68555440470504,409.8256499687824,573.5454588406278,90.68555440470504,"MATR_b1c40,MATR_b3c19,MATR_b1c43,MATR_b4c30,MATR_b1c32,MATR_b3c8,MATR_b1c17,MATR_b4c28,MATR_b4c13,MATR_b3c44,MATR_b3c35,MATR_b1c38",False,False,0.95
520,MATR_b3c6,665.0,398.7375057595669,19.739129322868635,360.0495232005659,437.4254883185679,145.0,-121.26249424043311,-159.9504767994341,-82.57451168143211,266.2624942404331,"MATR_b1c40,MATR_b3c19,MATR_b1c43,MATR_b4c30,MATR_b1c32,MATR_b3c8,MATR_b1c17,MATR_b4c28,MATR_b4c13,MATR_b3c44,MATR_b3c35,MATR_b1c38",False,False,0.95
520,MATR_b4c1,760.0,431.2549021961452,16.51821324953314,398.87979913810796,463.6300052541825,240.0,-88.74509780385478,-121.12020086189204,-56.36999474581751,328.7450978038548,"MATR_b1c40,MATR_b3c19,MATR_b1c43,MATR_b4c30,MATR_b1c32,MATR_b3c8,MATR_b1c17,MATR_b4c28,MATR_b4c13,MATR_b3c44,MATR_b3c35,MATR_b1c38",False,False,0.95
520,MATR_b4c11,863.0,751.7632935258526,35.05885779645261,683.0491949056943,820.477392146011,343.0,231.76329352585265,163.04919490569432,300.47739214601097,111.23670647414735,"MATR_b1c40,MATR_b3c19,MATR_b1c43,MATR_b4c30,MATR_b1c32,MATR_b3c8,MATR_b1c17,MATR_b4c28,MATR_b4c13,MATR_b3c44,MATR_b3c35,MATR_b1c38",False,False,0.95
520,MATR_b4c15,675.0,396.09825725211346,19.317408869626927,358.2368315930101,433.9596829112168,155.0,-123.90174274788654,-161.7631684069899,-86.04031708878318,278.90174274788654,"MATR_b1c40,MATR_b3c19,MATR_b1c43,MATR_b4c30,MATR_b1c32,MATR_b3c8,MATR_b1c17,MATR_b4c28,MATR_b4c13,MATR_b3c44,MATR_b3c35,MATR_b1c38",False,False,0.95
520,MATR_b4c21,773.0,958.073252622569,37.851866589869466,883.88495735881,1032.2615478863281,253.0,438.07325262256904,363.88495735880997,512.2615478863281,185.07325262256904,"MATR_b1c40,MATR_b3c19,MATR_b1c43,MATR_b4c30,MATR_b1c32,MATR_b3c8,MATR_b1c17,MATR_b4c28,MATR_b4c13,MATR_b3c44,MATR_b3c35,MATR_b1c38",False,False,0.95
520,MATR_b4c3,777.0,532.0155468868553,14.557993670130832,503.4824036062368,560.5486901674738,257.0,12.015546886855304,-16.5175963937632,40.54869016747375,244.9844531131447,"MATR_b1c40,MATR_b3c19,MATR_b1c43,MATR_b4c30,MATR_b1c32,MATR_b3c8,MATR_b1c17,MATR_b4c28,MATR_b4c13,MATR_b3c44,MATR_b3c35,MATR_b1c38",False,False,0.95
520,MATR_b4c32,754.0,924.4344173976167,33.79108291412746,858.2051118873201,990.6637229079133,234.0,404.4344173976167,338.2051118873201,470.6637229079133,170.4344173976167,"MATR_b1c40,MATR_b3c19,MATR_b1c43,MATR_b4c30,MATR_b1c32,MATR_b3c8,MATR_b1c17,MATR_b4c28,MATR_b4c13,MATR_b3c44,MATR_b3c35,MATR_b1c38",False,False,0.95
520,MATR_b4c34,891.0,595.768222260862,22.90564366474764,550.8739856352486,640.6624588864754,371.0,75.76822226086199,30.873985635248573,120.6624588864754,295.231777739138,"MATR_b1c40,MATR_b3c19,MATR_b1c43,MATR_b4c30,MATR_b1c32,MATR_b3c8,MATR_b1c17,MATR_b4c28,MATR_b4c13,MATR_b3c44,MATR_b3c35,MATR_b1c38",False,False,0.95
520,MATR_b4c42,774.0,602.8222773695012,23.154617566585046,557.4400608631961,648.2044938758063,254.0,82.8222773695012,37.440060863196095,128.2044938758063,171.1777226304988,"MATR_b1c40,MATR_b3c19,MATR_b1c43,MATR_b4c30,MATR_b1c32,MATR_b3c8,MATR_b1c17,MATR_b4c28,MATR_b4c13,MATR_b3c44,MATR_b3c35,MATR_b1c38",False,False,0.95
520,MATR_b4c6,706.0,474.11304072232565,14.46771540116492,445.756839597467,502.4692418471843,186.0,-45.88695927767435,-74.24316040253302,-17.53075815281568,231.88695927767435,"MATR_b1c40,MATR_b3c19,MATR_b1c43,MATR_b4c30,MATR_b1c32,MATR_b3c8,MATR_b1c17,MATR_b4c28,MATR_b4c13,MATR_b3c44,MATR_b3c35,MATR_b1c38",False,False,0.95
520,MATR_b4c7,529.0,284.10399140963636,82.41879723459427,122.56611718072224,445.6418656385505,9.0,-235.89600859036364,-397.43388281927776,-74.35813436144952,244.89600859036364,"MATR_b1c40,MATR_b3c19,MATR_b1c43,MATR_b4c30,MATR_b1c32,MATR_b3c8,MATR_b1c17,MATR_b4c28,MATR_b4c13,MATR_b3c44,MATR_b3c35,MATR_b1c38",False,False,0.95
540,MATR_b1c14,877.0,575.6813132969604,23.420359415400828,529.7782523377913,621.5843742561295,337.0,35.68131329696041,-10.221747662208713,81.58437425612954,301.3186867030396,"MATR_b4c37,MATR_b4c8,MATR_b1c29,MATR_b4c0,MATR_b4c31,MATR_b3c39,MATR_b3c16,MATR_b1c23,MATR_b3c35,MATR_b1c9,MATR_b2c10,MATR_b3c0",False,False,0.95
540,MATR_b1c18,687.0,441.08686600677953,14.715908304349577,412.2442157304605,469.92951628309856,147.0,-98.91313399322047,-127.7557842695395,-70.07048371690144,245.91313399322047,"MATR_b4c37,MATR_b4c8,MATR_b1c29,MATR_b4c0,MATR_b4c31,MATR_b3c39,MATR_b3c16,MATR_b1c23,MATR_b3c35,MATR_b1c9,MATR_b2c10,MATR_b3c0",False,False,0.95
540,MATR_b1c19,786.0,519.3206113884321,17.807151548663978,484.41923568580404,554.2219870910601,246.0,-20.6793886115679,-55.58076431419596,14.2219870910601,266.6793886115679,"MATR_b4c37,MATR_b4c8,MATR_b1c29,MATR_b4c0,MATR_b4c31,MATR_b3c39,MATR_b3c16,MATR_b1c23,MATR_b3c35,MATR_b1c9,MATR_b2c10,MATR_b3c0",False,False,0.95
540,MATR_b1c2,2237.0,1007.2203310471162,26.417312363031638,955.4433502472295,1058.997311847003,1697.0,467.22033104711625,415.44335024722955,518.997311847003,1229.7796689528836,"MATR_b4c37,MATR_b4c8,MATR_b1c29,MATR_b4c0,MATR_b4c31,MATR_b3c39,MATR_b3c16,MATR_b1c23,MATR_b3c35,MATR_b1c9,MATR_b2c10,MATR_b3c0",False,False,0.95
540,MATR_b1c30,707.0,487.47088411335625,15.06506763125551,457.9438941314353,516.9978740952772,167.0,-52.52911588664375,-82.05610586856471,-23.00212590472279,219.52911588664375,"MATR_b4c37,MATR_b4c8,MATR_b1c29,MATR_b4c0,MATR_b4c31,MATR_b3c39,MATR_b3c16,MATR_b1c23,MATR_b3c35,MATR_b1c9,MATR_b2c10,MATR_b3c0",False,False,0.95
540,MATR_b1c34,742.0,535.8252018572481,20.999736425389756,494.6664747786503,576.9839289358459,202.0,-4.174798142751911,-45.3335252213497,36.98392893584594,206.1747981427519,"MATR_b4c37,MATR_b4c8,MATR_b1c29,MATR_b4c0,MATR_b4c31,MATR_b3c39,MATR_b3c16,MATR_b1c23,MATR_b3c35,MATR_b1c9,MATR_b2c10,MATR_b3c0",False,False,0.95
540,MATR_b1c35,701.0,333.45919186070864,38.517754980347455,257.9657793338894,408.9526043875279,161.0,-206.54080813929136,-282.0342206661106,-131.0473956124721,367.54080813929136,"MATR_b4c37,MATR_b4c8,MATR_b1c29,MATR_b4c0,MATR_b4c31,MATR_b3c39,MATR_b3c16,MATR_b1c23,MATR_b3c35,MATR_b1c9,MATR_b2c10,MATR_b3c0",False,False,0.95
540,MATR_b1c42,700.0,336.8134211107012,33.3847754222497,271.3804636511338,402.2463785702686,160.0,-203.1865788892988,-268.6195363488662,-137.75362142973142,363.1865788892988,"MATR_b4c37,MATR_b4c8,MATR_b1c29,MATR_b4c0,MATR_b4c31,MATR_b3c39,MATR_b3c16,MATR_b1c23,MATR_b3c35,MATR_b1c9,MATR_b2c10,MATR_b3c0",False,False,0.95
540,MATR_b1c5,1071.0,816.8150801769234,30.930955284685492,756.1915218115209,877.4386385423259,531.0,276.8150801769234,216.19152181152094,337.43863854232586,254.1849198230766,"MATR_b4c37,MATR_b4c8,MATR_b1c29,MATR_b4c0,MATR_b4c31,MATR_b3c39,MATR_b3c16,MATR_b1c23,MATR_b3c35,MATR_b1c9,MATR_b2c10,MATR_b3c0",False,False,0.95
540,MATR_b1c6,633.0,357.79887372940567,32.47535894885335,294.14833980464255,421.4494076541688,93.0,-182.20112627059433,-245.85166019535745,-118.5505923458312,275.20112627059433,"MATR_b4c37,MATR_b4c8,MATR_b1c29,MATR_b4c0,MATR_b4c31,MATR_b3c39,MATR_b3c16,MATR_b1c23,MATR_b3c35,MATR_b1c9,MATR_b2c10,MATR_b3c0",False,False,0.95
540,MATR_b3c1,1061.0,828.050705578245,30.638904131856506,767.9995569540308,888.1018542024592,521.0,288.050705578245,227.99955695403082,348.1018542024592,232.94929442175498,"MATR_b4c37,MATR_b4c8,MATR_b1c29,MATR_b4c0,MATR_b4c31,MATR_b3c39,MATR_b3c16,MATR_b1c23,MATR_b3c35,MATR_b1c9,MATR_b2c10,MATR_b3c0",False,False,0.95
540,MATR_b3c14,856.0,487.60756828721026,15.675670961981506,456.88381776822615,518.3313188061943,316.0,-52.392431712789744,-83.11618223177385,-21.668681193805696,368.39243171278974,"MATR_b4c37,MATR_b4c8,MATR_b1c29,MATR_b4c0,MATR_b4c31,MATR_b3c39,MATR_b3c16,MATR_b1c23,MATR_b3c35,MATR_b1c9,MATR_b2c10,MATR_b3c0",False,False,0.95
540,MATR_b3c17,1313.0,859.6965357472186,33.90968885109471,793.2347668721136,926.1583046223236,773.0,319.6965357472186,253.2347668721136,386.1583046223236,453.3034642527814,"MATR_b4c37,MATR_b4c8,MATR_b1c29,MATR_b4c0,MATR_b4c31,MATR_b3c39,MATR_b3c16,MATR_b1c23,MATR_b3c35,MATR_b1c9,MATR_b2c10,MATR_b3c0",False,False,0.95
540,MATR_b3c24,823.0,534.073563023459,14.516301986026216,505.62213394214035,562.5249921047777,283.0,-5.9264369765410265,-34.37786605785965,22.524992104777652,288.926436976541,"MATR_b4c37,MATR_b4c8,MATR_b1c29,MATR_b4c0,MATR_b4c31,MATR_b3c39,MATR_b3c16,MATR_b1c23,MATR_b3c35,MATR_b1c9,MATR_b2c10,MATR_b3c0",False,False,0.95
540,MATR_b3c31,729.0,553.4100546071556,25.122346024600567,504.17116119178553,602.6489480225257,189.0,13.410054607155644,-35.82883880821447,62.6489480225257,175.58994539284436,"MATR_b4c37,MATR_b4c8,MATR_b1c29,MATR_b4c0,MATR_b4c31,MATR_b3c39,MATR_b3c16,MATR_b1c23,MATR_b3c35,MATR_b1c9,MATR_b2c10,MATR_b3c0",False,False,0.95
540,MATR_b3c33,1282.0,1084.443897014734,43.96592395256478,998.2722695206801,1170.6155245087878,742.0,544.4438970147339,458.2722695206801,630.6155245087878,197.55610298526608,"MATR_b4c37,MATR_b4c8,MATR_b1c29,MATR_b4c0,MATR_b4c31,MATR_b3c39,MATR_b3c16,MATR_b1c23,MATR_b3c35,MATR_b1c9,MATR_b2c10,MATR_b3c0",False,False,0.95
540,MATR_b3c36,921.0,908.5950778173664,39.56202310365055,831.0549373786698,986.1352182560629,381.0,368.59507781736636,291.0549373786698,446.1352182560629,12.40492218263364,"MATR_b4c37,MATR_b4c8,MATR_b1c29,MATR_b4c0,MATR_b4c31,MATR_b3c39,MATR_b3c16,MATR_b1c23,MATR_b3c35,MATR_b1c9,MATR_b2c10,MATR_b3c0",False,False,0.95
540,MATR_b3c6,665.0,374.51702498644903,22.083887232906005,331.23340137130936,417.8006486015887,125.0,-165.48297501355097,-208.76659862869064,-122.1993513984113,290.48297501355097,"MATR_b4c37,MATR_b4c8,MATR_b1c29,MATR_b4c0,MATR_b4c31,MATR_b3c39,MATR_b3c16,MATR_b1c23,MATR_b3c35,MATR_b1c9,MATR_b2c10,MATR_b3c0",False,False,0.95
540,MATR_b4c1,760.0,415.4765463781658,17.016460984919483,382.1248957033926,448.82819705293895,220.0,-124.52345362183422,-157.8751042966074,-91.17180294706105,344.5234536218342,"MATR_b4c37,MATR_b4c8,MATR_b1c29,MATR_b4c0,MATR_b4c31,MATR_b3c39,MATR_b3c16,MATR_b1c23,MATR_b3c35,MATR_b1c9,MATR_b2c10,MATR_b3c0",False,False,0.95
540,MATR_b4c11,863.0,731.092334009216,32.84222130395593,666.7227630811683,795.4619049372636,323.0,191.09233400921596,126.7227630811683,255.46190493726363,131.90766599078404,"MATR_b4c37,MATR_b4c8,MATR_b1c29,MATR_b4c0,MATR_b4c31,MATR_b3c39,MATR_b3c16,MATR_b1c23,MATR_b3c35,MATR_b1c9,MATR_b2c10,MATR_b3c0",False,False,0.95
540,MATR_b4c15,675.0,333.9823292233403,31.58924305273263,272.06855054110224,395.89610790557833,135.0,-206.0176707766597,-267.93144945889776,-144.10389209442167,341.0176707766597,"MATR_b4c37,MATR_b4c8,MATR_b1c29,MATR_b4c0,MATR_b4c31,MATR_b3c39,MATR_b3c16,MATR_b1c23,MATR_b3c35,MATR_b1c9,MATR_b2c10,MATR_b3c0",False,False,0.95
540,MATR_b4c21,773.0,890.7190537143169,36.494354491861934,819.19143327123,962.2466741574038,233.0,350.71905371431694,279.19143327123004,422.24667415740385,117.71905371431694,"MATR_b4c37,MATR_b4c8,MATR_b1c29,MATR_b4c0,MATR_b4c31,MATR_b3c39,MATR_b3c16,MATR_b1c23,MATR_b3c35,MATR_b1c9,MATR_b2c10,MATR_b3c0",False,False,0.95
540,MATR_b4c3,777.0,515.0308398486652,13.6914062689373,488.1961766638422,541.8655030334883,237.0,-24.96916015133479,-51.80382333615779,1.8655030334882667,261.9691601513348,"MATR_b4c37,MATR_b4c8,MATR_b1c29,MATR_b4c0,MATR_b4c31,MATR_b3c39,MATR_b3c16,MATR_b1c23,MATR_b3c35,MATR_b1c9,MATR_b2c10,MATR_b3c0",False,False,0.95
540,MATR_b4c32,754.0,852.0781385397983,33.945984116797476,785.5452322511065,918.61104482849,214.0,312.07813853979826,245.54523225110654,378.61104482849,98.07813853979826,"MATR_b4c37,MATR_b4c8,MATR_b1c29,MATR_b4c0,MATR_b4c31,MATR_b3c39,MATR_b3c16,MATR_b1c23,MATR_b3c35,MATR_b1c9,MATR_b2c10,MATR_b3c0",False,False,0.95
540,MATR_b4c34,891.0,576.5369302547289,19.65836535827338,538.0072421575833,615.0666183518745,351.0,36.53693025472887,-1.9927578424167223,75.06661835187447,314.4630697452711,"MATR_b4c37,MATR_b4c8,MATR_b1c29,MATR_b4c0,MATR_b4c31,MATR_b3c39,MATR_b3c16,MATR_b1c23,MATR_b3c35,MATR_b1c9,MATR_b2c10,MATR_b3c0",False,False,0.95
540,MATR_b4c42,774.0,562.0319598063843,18.056006654019566,526.6428370598903,597.4210825528783,234.0,22.031959806384293,-13.357162940109674,57.42108255287826,211.9680401936157,"MATR_b4c37,MATR_b4c8,MATR_b1c29,MATR_b4c0,MATR_b4c31,MATR_b3c39,MATR_b3c16,MATR_b1c23,MATR_b3c35,MATR_b1c9,MATR_b2c10,MATR_b3c0",False,False,0.95
540,MATR_b4c6,706.0,457.5976856455729,14.588776073355511,429.0042099632764,486.19116132786934,166.0,-82.40231435442712,-110.99579003672358,-53.80883867213066,248.40231435442712,"MATR_b4c37,MATR_b4c8,MATR_b1c29,MATR_b4c0,MATR_b4c31,MATR_b3c39,MATR_b3c16,MATR_b1c23,MATR_b3c35,MATR_b1c9,MATR_b2c10,MATR_b3c0",False,False,0.95
560,MATR_b1c14,877.0,550.876363242914,21.256849650535973,509.21370350308064,592.5390229827473,317.0,-9.123636757086047,-50.78629649691936,32.53902298274727,326.12363675708605,"MATR_b1c29,MATR_b4c44,MATR_b4c43,MATR_b3c26,MATR_b3c4,MATR_b4c4,MATR_b3c44,MATR_b1c31,MATR_b1c33,MATR_b1c44,MATR_b4c5,MATR_b1c0",False,False,0.95
560,MATR_b1c18,687.0,406.8838674658702,20.22384014034153,367.24586916170534,446.52186577003505,127.0,-153.1161325341298,-192.75413083829466,-113.47813422996495,280.1161325341298,"MATR_b1c29,MATR_b4c44,MATR_b4c43,MATR_b3c26,MATR_b3c4,MATR_b4c4,MATR_b3c44,MATR_b1c31,MATR_b1c33,MATR_b1c44,MATR_b4c5,MATR_b1c0",False,False,0.95
560,MATR_b1c19,786.0,512.2320041466253,20.480758115824557,472.0904558635327,552.3735524297178,226.0,-47.767995853374714,-87.90954413646728,-7.626447570282153,273.7679958533747,"MATR_b1c29,MATR_b4c44,MATR_b4c43,MATR_b3c26,MATR_b3c4,MATR_b4c4,MATR_b3c44,MATR_b1c31,MATR_b1c33,MATR_b1c44,MATR_b4c5,MATR_b1c0",False,False,0.95
560,MATR_b1c2,2237.0,1030.9849720764516,28.762832452477117,974.6108563762366,1087.3590877766667,1677.0,470.98497207645164,414.6108563762366,527.3590877766667,1206.0150279235484,"MATR_b1c29,MATR_b4c44,MATR_b4c43,MATR_b3c26,MATR_b3c4,MATR_b4c4,MATR_b3c44,MATR_b1c31,MATR_b1c33,MATR_b1c44,MATR_b4c5,MATR_b1c0",False,False,0.95
560,MATR_b1c30,707.0,413.10799388568086,21.619999909632405,370.73357271704214,455.4824150543196,147.0,-146.89200611431914,-189.26642728295786,-104.51758494568043,293.89200611431914,"MATR_b1c29,MATR_b4c44,MATR_b4c43,MATR_b3c26,MATR_b3c4,MATR_b4c4,MATR_b3c44,MATR_b1c31,MATR_b1c33,MATR_b1c44,MATR_b4c5,MATR_b1c0",False,False,0.95
560,MATR_b1c34,742.0,520.2919855200098,23.648472184549657,473.94183174889525,566.6421392911244,182.0,-39.7080144799902,-86.05816825110475,6.642139291124408,221.7080144799902,"MATR_b1c29,MATR_b4c44,MATR_b4c43,MATR_b3c26,MATR_b3c4,MATR_b4c4,MATR_b3c44,MATR_b1c31,MATR_b1c33,MATR_b1c44,MATR_b4c5,MATR_b1c0",False,False,0.95
560,MATR_b1c35,701.0,330.16454433926106,58.59866766242412,215.31326617887788,445.01582249964423,141.0,-229.83545566073894,-344.6867338211221,-114.98417750035577,370.83545566073894,"MATR_b1c29,MATR_b4c44,MATR_b4c43,MATR_b3c26,MATR_b3c4,MATR_b4c4,MATR_b3c44,MATR_b1c31,MATR_b1c33,MATR_b1c44,MATR_b4c5,MATR_b1c0",False,False,0.95
560,MATR_b1c42,700.0,330.28446056613666,51.33584126331961,229.66806057396508,430.90086055830824,140.0,-229.71553943386334,-330.3319394260349,-129.09913944169176,369.71553943386334,"MATR_b1c29,MATR_b4c44,MATR_b4c43,MATR_b3c26,MATR_b3c4,MATR_b4c4,MATR_b3c44,MATR_b1c31,MATR_b1c33,MATR_b1c44,MATR_b4c5,MATR_b1c0",False,False,0.95
560,MATR_b1c5,1071.0,745.5063040000813,34.151539668834126,678.5705162325754,812.4420917675872,511.0,185.5063040000813,118.57051623257541,252.44209176758716,325.4936959999187,"MATR_b1c29,MATR_b4c44,MATR_b4c43,MATR_b3c26,MATR_b3c4,MATR_b4c4,MATR_b3c44,MATR_b1c31,MATR_b1c33,MATR_b1c44,MATR_b4c5,MATR_b1c0",False,False,0.95
560,MATR_b1c6,633.0,329.2478212941314,52.0705445742463,227.1914292732212,431.3042133150417,73.0,-230.75217870586857,-332.80857072677884,-128.6957866849583,303.7521787058686,"MATR_b1c29,MATR_b4c44,MATR_b4c43,MATR_b3c26,MATR_b3c4,MATR_b4c4,MATR_b3c44,MATR_b1c31,MATR_b1c33,MATR_b1c44,MATR_b4c5,MATR_b1c0",False,False,0.95
560,MATR_b3c1,1061.0,824.4103861711648,32.56864123974566,760.5770223158573,888.2437500264722,501.0,264.41038617116476,200.57702231585733,328.2437500264722,236.58961382883524,"MATR_b1c29,MATR_b4c44,MATR_b4c43,MATR_b3c26,MATR_b3c4,MATR_b4c4,MATR_b3c44,MATR_b1c31,MATR_b1c33,MATR_b1c44,MATR_b4c5,MATR_b1c0",False,False,0.95
560,MATR_b3c14,856.0,470.225267067413,17.497133898213313,435.93151479423994,504.519019340586,296.0,-89.77473293258703,-124.06848520576006,-55.480980659414,385.774732932587,"MATR_b1c29,MATR_b4c44,MATR_b4c43,MATR_b3c26,MATR_b3c4,MATR_b4c4,MATR_b3c44,MATR_b1c31,MATR_b1c33,MATR_b1c44,MATR_b4c5,MATR_b1c0",False,False,0.95
560,MATR_b3c17,1313.0,861.0043226960638,34.65435224724958,793.08304038389,928.9256050082377,753.0,301.0043226960638,233.08304038388997,368.92560500823765,451.9956773039362,"MATR_b1c29,MATR_b4c44,MATR_b4c43,MATR_b3c26,MATR_b3c4,MATR_b4c4,MATR_b3c44,MATR_b1c31,MATR_b1c33,MATR_b1c44,MATR_b4c5,MATR_b1c0",False,False,0.95
560,MATR_b3c24,823.0,519.566127254066,14.397727806534299,491.34709929404795,547.7851552140842,263.0,-40.43387274593397,-68.65290070595205,-12.21484478591583,303.43387274593397,"MATR_b1c29,MATR_b4c44,MATR_b4c43,MATR_b3c26,MATR_b3c4,MATR_b4c4,MATR_b3c44,MATR_b1c31,MATR_b1c33,MATR_b1c44,MATR_b4c5,MATR_b1c0",False,False,0.95
560,MATR_b3c31,729.0,477.4716360370757,35.138213846307885,408.6020024172456,546.3412696569058,169.0,-82.52836396292429,-151.39799758275439,-13.658730343094248,251.5283639629243,"MATR_b1c29,MATR_b4c44,MATR_b4c43,MATR_b3c26,MATR_b3c4,MATR_b4c4,MATR_b3c44,MATR_b1c31,MATR_b1c33,MATR_b1c44,MATR_b4c5,MATR_b1c0",False,False,0.95
560,MATR_b3c33,1282.0,1084.4708838115544,40.91768621087175,1004.2736925075345,1164.668075115574,722.0,524.4708838115544,444.2736925075345,604.6680751155741,197.52911618844564,"MATR_b1c29,MATR_b4c44,MATR_b4c43,MATR_b3c26,MATR_b3c4,MATR_b4c4,MATR_b3c44,MATR_b1c31,MATR_b1c33,MATR_b1c44,MATR_b4c5,MATR_b1c0",False,False,0.95
560,MATR_b3c36,921.0,826.4735776000458,42.801356160276406,742.5844610364325,910.3626941636592,361.0,266.4735776000458,182.58446103643246,350.36269416365917,94.52642239995419,"MATR_b1c29,MATR_b4c44,MATR_b4c43,MATR_b3c26,MATR_b3c4,MATR_b4c4,MATR_b3c44,MATR_b1c31,MATR_b1c33,MATR_b1c44,MATR_b4c5,MATR_b1c0",False,False,0.95
560,MATR_b3c6,665.0,353.54478347748505,29.095368505347885,296.5189090900822,410.5706578648879,105.0,-206.45521652251495,-263.4810909099178,-149.4293421351121,311.45521652251495,"MATR_b1c29,MATR_b4c44,MATR_b4c43,MATR_b3c26,MATR_b3c4,MATR_b4c4,MATR_b3c44,MATR_b1c31,MATR_b1c33,MATR_b1c44,MATR_b4c5,MATR_b1c0",False,False,0.95
560,MATR_b4c1,760.0,379.74207534656506,23.081622421419656,334.50292669583035,424.98122399729976,200.0,-180.25792465343494,-225.49707330416965,-135.01877600270024,380.25792465343494,"MATR_b1c29,MATR_b4c44,MATR_b4c43,MATR_b3c26,MATR_b3c4,MATR_b4c4,MATR_b3c44,MATR_b1c31,MATR_b1c33,MATR_b1c44,MATR_b4c5,MATR_b1c0",False,False,0.95
560,MATR_b4c11,863.0,705.796394567202,32.21590743256004,642.6543762701081,768.938412864296,303.0,145.79639456720201,82.65437627010806,208.93841286429597,157.20360543279799,"MATR_b1c29,MATR_b4c44,MATR_b4c43,MATR_b3c26,MATR_b3c4,MATR_b4c4,MATR_b3c44,MATR_b1c31,MATR_b1c33,MATR_b1c44,MATR_b4c5,MATR_b1c0",False,False,0.95
560,MATR_b4c15,675.0,318.73704732916497,51.2360898570807,218.31615650062884,419.1579381577011,115.0,-241.26295267083503,-341.68384349937116,-140.8420618422989,356.26295267083503,"MATR_b1c29,MATR_b4c44,MATR_b4c43,MATR_b3c26,MATR_b3c4,MATR_b4c4,MATR_b3c44,MATR_b1c31,MATR_b1c33,MATR_b1c44,MATR_b4c5,MATR_b1c0",False,False,0.95
560,MATR_b4c21,773.0,821.8426790222279,40.36128583333068,742.7360124191731,900.9493456252827,213.0,261.8426790222279,182.7360124191731,340.9493456252827,48.84267902222791,"MATR_b1c29,MATR_b4c44,MATR_b4c43,MATR_b3c26,MATR_b3c4,MATR_b4c4,MATR_b3c44,MATR_b1c31,MATR_b1c33,MATR_b1c44,MATR_b4c5,MATR_b1c0",False,False,0.95
560,MATR_b4c3,777.0,493.32508064118724,15.222210676443824,463.49009595027627,523.1600653320983,217.0,-66.67491935881276,-96.50990404972373,-36.83993466790173,283.67491935881276,"MATR_b1c29,MATR_b4c44,MATR_b4c43,MATR_b3c26,MATR_b3c4,MATR_b4c4,MATR_b3c44,MATR_b1c31,MATR_b1c33,MATR_b1c44,MATR_b4c5,MATR_b1c0",False,False,0.95
560,MATR_b4c32,754.0,792.2616657943917,37.949305581422664,717.8823936164983,866.640937972285,194.0,232.26166579439166,157.88239361649835,306.640937972285,38.26166579439166,"MATR_b1c29,MATR_b4c44,MATR_b4c43,MATR_b3c26,MATR_b3c4,MATR_b4c4,MATR_b3c44,MATR_b1c31,MATR_b1c33,MATR_b1c44,MATR_b4c5,MATR_b1c0",False,False,0.95
560,MATR_b4c34,891.0,579.3370456654047,20.145683817332344,539.852230939502,618.8218603913075,331.0,19.33704566540473,-20.147769060498035,58.821860391307496,311.66295433459527,"MATR_b1c29,MATR_b4c44,MATR_b4c43,MATR_b3c26,MATR_b3c4,MATR_b4c4,MATR_b3c44,MATR_b1c31,MATR_b1c33,MATR_b1c44,MATR_b4c5,MATR_b1c0",False,False,0.95
560,MATR_b4c42,774.0,551.8688713862276,17.086503861081248,518.3799391968038,585.3578035756515,214.0,-8.131128613772376,-41.620060803196225,25.357803575651474,222.13112861377238,"MATR_b1c29,MATR_b4c44,MATR_b4c43,MATR_b3c26,MATR_b3c4,MATR_b4c4,MATR_b3c44,MATR_b1c31,MATR_b1c33,MATR_b1c44,MATR_b4c5,MATR_b1c0",False,False,0.95
560,MATR_b4c6,706.0,441.34416271956104,17.452249999735848,407.1383812708896,475.54994416823246,146.0,-118.65583728043896,-152.86161872911038,-84.45005583176754,264.65583728043896,"MATR_b1c29,MATR_b4c44,MATR_b4c43,MATR_b3c26,MATR_b3c4,MATR_b4c4,MATR_b3c44,MATR_b1c31,MATR_b1c33,MATR_b1c44,MATR_b4c5,MATR_b1c0",False,False,0.95
580,MATR_b1c14,877.0,545.9847898979009,21.162367632797565,504.5073115100215,587.4622682857803,297.0,-34.015210102099104,-75.49268848997849,7.462268285780283,331.0152101020991,"MATR_b1c15,MATR_b4c24,MATR_b3c34,MATR_b3c44,MATR_b1c43,MATR_b4c44,MATR_b1c39,MATR_b4c13,MATR_b3c39,MATR_b1c28,MATR_b3c13,MATR_b3c38",False,False,0.95
580,MATR_b1c18,687.0,364.9369379461385,25.9798119731554,314.01744215363146,415.8564337386456,107.0,-215.06306205386147,-265.98255784636854,-164.1435662613544,322.0630620538615,"MATR_b1c15,MATR_b4c24,MATR_b3c34,MATR_b3c44,MATR_b1c43,MATR_b4c44,MATR_b1c39,MATR_b4c13,MATR_b3c39,MATR_b1c28,MATR_b3c13,MATR_b3c38",False,False,0.95
580,MATR_b1c19,786.0,493.4017502438695,21.815891779544028,450.6433880653398,536.1601124223993,206.0,-86.59824975613049,-129.35661193466018,-43.839887577600734,292.5982497561305,"MATR_b1c15,MATR_b4c24,MATR_b3c34,MATR_b3c44,MATR_b1c43,MATR_b4c44,MATR_b1c39,MATR_b4c13,MATR_b3c39,MATR_b1c28,MATR_b3c13,MATR_b3c38",False,False,0.95
580,MATR_b1c2,2237.0,1029.6977733812478,28.169398153880984,974.486767533472,1084.9087792290236,1657.0,449.69777338124777,394.48676753347195,504.9087792290236,1207.3022266187522,"MATR_b1c15,MATR_b4c24,MATR_b3c34,MATR_b3c44,MATR_b1c43,MATR_b4c44,MATR_b1c39,MATR_b4c13,MATR_b3c39,MATR_b1c28,MATR_b3c13,MATR_b3c38",False,False,0.95
580,MATR_b1c30,707.0,371.2697266845273,28.651062606127027,315.11467585771607,427.42477751133856,127.0,-208.7302733154727,-264.88532414228393,-152.57522248866144,335.7302733154727,"MATR_b1c15,MATR_b4c24,MATR_b3c34,MATR_b3c44,MATR_b1c43,MATR_b4c44,MATR_b1c39,MATR_b4c13,MATR_b3c39,MATR_b1c28,MATR_b3c13,MATR_b3c38",False,False,0.95
580,MATR_b1c34,742.0,488.28063857192575,25.34492828822945,438.60549193624564,537.9557852076059,162.0,-91.71936142807425,-141.39450806375436,-42.04421479239409,253.71936142807425,"MATR_b1c15,MATR_b4c24,MATR_b3c34,MATR_b3c44,MATR_b1c43,MATR_b4c44,MATR_b1c39,MATR_b4c13,MATR_b3c39,MATR_b1c28,MATR_b3c13,MATR_b3c38",False,False,0.95
580,MATR_b1c35,701.0,324.2194696790411,62.056294547305455,202.59136735231309,445.84757200576905,121.0,-255.78053032095892,-377.4086326476869,-134.15242799423095,376.7805303209589,"MATR_b1c15,MATR_b4c24,MATR_b3c34,MATR_b3c44,MATR_b1c43,MATR_b4c44,MATR_b1c39,MATR_b4c13,MATR_b3c39,MATR_b1c28,MATR_b3c13,MATR_b3c38",False,False,0.95
580,MATR_b1c42,700.0,321.33914664768986,54.63472781962342,214.25704781607942,428.4212454793003,120.0,-258.66085335231014,-365.7429521839206,-151.5787545206997,378.66085335231014,"MATR_b1c15,MATR_b4c24,MATR_b3c34,MATR_b3c44,MATR_b1c43,MATR_b4c44,MATR_b1c39,MATR_b4c13,MATR_b3c39,MATR_b1c28,MATR_b3c13,MATR_b3c38",False,False,0.95
580,MATR_b1c5,1071.0,726.5806718130609,32.40017841890359,663.0774890193379,790.0838546067839,491.0,146.58067181306092,83.07748901933792,210.08385460678392,344.4193281869391,"MATR_b1c15,MATR_b4c24,MATR_b3c34,MATR_b3c44,MATR_b1c43,MATR_b4c44,MATR_b1c39,MATR_b4c13,MATR_b3c39,MATR_b1c28,MATR_b3c13,MATR_b3c38",False,False,0.95
580,MATR_b1c6,633.0,313.6766653596895,63.59095689996413,189.040680093321,438.312650626058,53.0,-266.3233346403105,-390.959319906679,-141.68734937394203,319.3233346403105,"MATR_b1c15,MATR_b4c24,MATR_b3c34,MATR_b3c44,MATR_b1c43,MATR_b4c44,MATR_b1c39,MATR_b4c13,MATR_b3c39,MATR_b1c28,MATR_b3c13,MATR_b3c38",False,False,0.95
580,MATR_b3c1,1061.0,815.4308400467094,32.232976487452724,752.2553670167756,878.6063130766431,481.0,235.43084004670936,172.2553670167756,298.6063130766431,245.56915995329064,"MATR_b1c15,MATR_b4c24,MATR_b3c34,MATR_b3c44,MATR_b1c43,MATR_b4c44,MATR_b1c39,MATR_b4c13,MATR_b3c39,MATR_b1c28,MATR_b3c13,MATR_b3c38",False,False,0.95
580,MATR_b3c14,856.0,470.8891535607419,17.512918539659005,436.5644639588264,505.2138431626573,276.0,-109.11084643925813,-143.43553604117358,-74.78615683734267,385.1108464392581,"MATR_b1c15,MATR_b4c24,MATR_b3c34,MATR_b3c44,MATR_b1c43,MATR_b4c44,MATR_b1c39,MATR_b4c13,MATR_b3c39,MATR_b1c28,MATR_b3c13,MATR_b3c38",False,False,0.95
580,MATR_b3c17,1313.0,851.3299982881953,33.038270785041455,786.5761774380321,916.0838191383584,733.0,271.32999828819527,206.57617743803212,336.0838191383584,461.67000171180473,"MATR_b1c15,MATR_b4c24,MATR_b3c34,MATR_b3c44,MATR_b1c43,MATR_b4c44,MATR_b1c39,MATR_b4c13,MATR_b3c39,MATR_b1c28,MATR_b3c13,MATR_b3c38",False,False,0.95
580,MATR_b3c24,823.0,515.2735328276025,14.444286617785135,486.9632512743698,543.5838143808352,243.0,-64.72646717239752,-93.03674872563022,-36.41618561916482,307.7264671723975,"MATR_b1c15,MATR_b4c24,MATR_b3c34,MATR_b3c44,MATR_b1c43,MATR_b4c44,MATR_b1c39,MATR_b4c13,MATR_b3c39,MATR_b1c28,MATR_b3c13,MATR_b3c38",False,False,0.95
580,MATR_b3c31,729.0,403.76875553833247,49.67236588587954,306.4127073751126,501.12480370155237,149.0,-176.23124446166753,-273.5872926248874,-78.87519629844763,325.23124446166753,"MATR_b1c15,MATR_b4c24,MATR_b3c34,MATR_b3c44,MATR_b1c43,MATR_b4c44,MATR_b1c39,MATR_b4c13,MATR_b3c39,MATR_b1c28,MATR_b3c13,MATR_b3c38",False,False,0.95
580,MATR_b3c33,1282.0,1070.5288722475095,35.02168037865712,1001.8876400272685,1139.1701044677507,702.0,490.5288722475095,421.8876400272685,559.1701044677507,211.47112775249047,"MATR_b1c15,MATR_b4c24,MATR_b3c34,MATR_b3c44,MATR_b1c43,MATR_b4c44,MATR_b1c39,MATR_b4c13,MATR_b3c39,MATR_b1c28,MATR_b3c13,MATR_b3c38",False,False,0.95
580,MATR_b3c36,921.0,779.9934119725796,41.54863902607255,698.559575874822,861.4272480703371,341.0,199.99341197257957,118.55957587482203,281.4272480703371,141.00658802742043,"MATR_b1c15,MATR_b4c24,MATR_b3c34,MATR_b3c44,MATR_b1c43,MATR_b4c44,MATR_b1c39,MATR_b4c13,MATR_b3c39,MATR_b1c28,MATR_b3c13,MATR_b3c38",False,False,0.95
580,MATR_b3c6,665.0,341.94076195262227,29.876444787484548,283.38400618305315,400.4975177221914,85.0,-238.05923804737773,-296.61599381694685,-179.5024822778086,323.05923804737773,"MATR_b1c15,MATR_b4c24,MATR_b3c34,MATR_b3c44,MATR_b1c43,MATR_b4c44,MATR_b1c39,MATR_b4c13,MATR_b3c39,MATR_b1c28,MATR_b3c13,MATR_b3c38",False,False,0.95
580,MATR_b4c1,760.0,355.3598996234605,25.76069715535229,304.8698609823266,405.84993826459436,180.0,-224.64010037653952,-275.1301390176734,-174.15006173540564,404.6401003765395,"MATR_b1c15,MATR_b4c24,MATR_b3c34,MATR_b3c44,MATR_b1c43,MATR_b4c44,MATR_b1c39,MATR_b4c13,MATR_b3c39,MATR_b1c28,MATR_b3c13,MATR_b3c38",False,False,0.95
580,MATR_b4c11,863.0,683.9523609596976,30.592526455835372,623.9921109101715,743.9126110092236,283.0,103.95236095969756,43.992110910171505,163.9126110092236,179.04763904030244,"MATR_b1c15,MATR_b4c24,MATR_b3c34,MATR_b3c44,MATR_b1c43,MATR_b4c44,MATR_b1c39,MATR_b4c13,MATR_b3c39,MATR_b1c28,MATR_b3c13,MATR_b3c38",False,False,0.95
580,MATR_b4c15,675.0,310.654482862207,55.003585014658334,202.84943721288965,418.4595285115243,95.0,-269.345517137793,-377.15056278711035,-161.5404714884757,364.345517137793,"MATR_b1c15,MATR_b4c24,MATR_b3c34,MATR_b3c44,MATR_b1c43,MATR_b4c44,MATR_b1c39,MATR_b4c13,MATR_b3c39,MATR_b1c28,MATR_b3c13,MATR_b3c38",False,False,0.95
580,MATR_b4c21,773.0,781.4673987280984,38.867752939842866,705.2880028060056,857.6467946501912,193.0,201.46739872809837,125.28800280600558,277.64679465019117,8.467398728098374,"MATR_b1c15,MATR_b4c24,MATR_b3c34,MATR_b3c44,MATR_b1c43,MATR_b4c44,MATR_b1c39,MATR_b4c13,MATR_b3c39,MATR_b1c28,MATR_b3c13,MATR_b3c38",False,False,0.95
580,MATR_b4c3,777.0,476.9076420943206,15.60062922396101,446.33097067919397,507.4843135094472,197.0,-103.09235790567942,-133.66902932080603,-72.51568649055281,300.0923579056794,"MATR_b1c15,MATR_b4c24,MATR_b3c34,MATR_b3c44,MATR_b1c43,MATR_b4c44,MATR_b1c39,MATR_b4c13,MATR_b3c39,MATR_b1c28,MATR_b3c13,MATR_b3c38",False,False,0.95
580,MATR_b4c32,754.0,764.0129274464203,36.82386299875049,691.8394821972323,836.1863726956084,174.0,184.01292744642035,111.83948219723231,256.1863726956084,10.012927446420349,"MATR_b1c15,MATR_b4c24,MATR_b3c34,MATR_b3c44,MATR_b1c43,MATR_b4c44,MATR_b1c39,MATR_b4c13,MATR_b3c39,MATR_b1c28,MATR_b3c13,MATR_b3c38",False,False,0.95
580,MATR_b4c34,891.0,572.5290898189834,19.2999446105967,534.7018934785959,610.3562861593708,311.0,-7.47091018101662,-45.298106521404065,30.356286159370825,318.4709101810166,"MATR_b1c15,MATR_b4c24,MATR_b3c34,MATR_b3c44,MATR_b1c43,MATR_b4c44,MATR_b1c39,MATR_b4c13,MATR_b3c39,MATR_b1c28,MATR_b3c13,MATR_b3c38",False,False,0.95
580,MATR_b4c42,774.0,540.6595646985414,16.47787537484015,508.3635224221153,572.9556069749675,194.0,-39.34043530145857,-71.6364775778847,-7.044393025032491,233.34043530145857,"MATR_b1c15,MATR_b4c24,MATR_b3c34,MATR_b3c44,MATR_b1c43,MATR_b4c44,MATR_b1c39,MATR_b4c13,MATR_b3c39,MATR_b1c28,MATR_b3c13,MATR_b3c38",False,False,0.95
580,MATR_b4c6,706.0,429.809847676862,17.709113869890523,395.10062229375785,464.5190730599661,126.0,-150.19015232313802,-184.89937770624215,-115.4809269400339,276.190152323138,"MATR_b1c15,MATR_b4c24,MATR_b3c34,MATR_b3c44,MATR_b1c43,MATR_b4c44,MATR_b1c39,MATR_b4c13,MATR_b3c39,MATR_b1c28,MATR_b3c13,MATR_b3c38",False,False,0.95
600,MATR_b1c14,877.0,546.5728348353119,21.842770365707732,503.761791595946,589.3838780746779,277.0,-53.42716516468806,-96.23820840405398,-10.61612192532209,330.42716516468806,"MATR_b1c41,MATR_b3c13,MATR_b4c35,MATR_b1c29,MATR_b3c10,MATR_b4c24,MATR_b4c39,MATR_b3c41,MATR_b4c16,MATR_b3c4,MATR_b3c27,MATR_b1c39",False,False,0.95
600,MATR_b1c18,687.0,297.4285811953799,51.964427558506344,195.5801747034668,399.27698768729294,87.0,-302.5714188046201,-404.4198252965332,-200.72301231270706,389.5714188046201,"MATR_b1c41,MATR_b3c13,MATR_b4c35,MATR_b1c29,MATR_b3c10,MATR_b4c24,MATR_b4c39,MATR_b3c41,MATR_b4c16,MATR_b3c4,MATR_b3c27,MATR_b1c39",False,False,0.95
600,MATR_b1c19,786.0,384.36370544639544,40.484391922173586,305.01575534293096,463.7116555498599,186.0,-215.63629455360456,-294.98424465706904,-136.28834445014007,401.63629455360456,"MATR_b1c41,MATR_b3c13,MATR_b4c35,MATR_b1c29,MATR_b3c10,MATR_b4c24,MATR_b4c39,MATR_b3c41,MATR_b4c16,MATR_b3c4,MATR_b3c27,MATR_b1c39",False,False,0.95
600,MATR_b1c2,2237.0,1028.995589725067,30.16117995895793,969.8807632742783,1088.1104161758558,1637.0,428.995589725067,369.88076327427825,488.1104161758558,1208.004410274933,"MATR_b1c41,MATR_b3c13,MATR_b4c35,MATR_b1c29,MATR_b3c10,MATR_b4c24,MATR_b4c39,MATR_b3c41,MATR_b4c16,MATR_b3c4,MATR_b3c27,MATR_b1c39",False,False,0.95
600,MATR_b1c30,707.0,338.77186462389017,42.812304255848424,254.8612901872564,422.68243906052396,107.0,-261.22813537610983,-345.1387098127436,-177.31756093947604,368.22813537610983,"MATR_b1c41,MATR_b3c13,MATR_b4c35,MATR_b1c29,MATR_b3c10,MATR_b4c24,MATR_b4c39,MATR_b3c41,MATR_b4c16,MATR_b3c4,MATR_b3c27,MATR_b1c39",False,False,0.95
600,MATR_b1c34,742.0,369.698056287275,47.54016428688662,276.52104646585997,462.87506610869,142.0,-230.301943712725,-323.47895353414003,-137.12493389130998,372.301943712725,"MATR_b1c41,MATR_b3c13,MATR_b4c35,MATR_b1c29,MATR_b3c10,MATR_b4c24,MATR_b4c39,MATR_b3c41,MATR_b4c16,MATR_b3c4,MATR_b3c27,MATR_b1c39",False,False,0.95
600,MATR_b1c35,701.0,319.79179071451836,70.46143498190605,181.68991585097186,457.8936655780649,101.0,-280.20820928548164,-418.31008414902817,-142.10633442193512,381.20820928548164,"MATR_b1c41,MATR_b3c13,MATR_b4c35,MATR_b1c29,MATR_b3c10,MATR_b4c24,MATR_b4c39,MATR_b3c41,MATR_b4c16,MATR_b3c4,MATR_b3c27,MATR_b1c39",False,False,0.95
600,MATR_b1c42,700.0,316.36461807228324,64.75318169629425,189.45071406316828,443.2785220813982,100.0,-283.63538192771676,-410.5492859368317,-156.7214779186018,383.63538192771676,"MATR_b1c41,MATR_b3c13,MATR_b4c35,MATR_b1c29,MATR_b3c10,MATR_b4c24,MATR_b4c39,MATR_b3c41,MATR_b4c16,MATR_b3c4,MATR_b3c27,MATR_b1c39",False,False,0.95
600,MATR_b1c5,1071.0,672.8017420864358,31.97376256412305,610.1343190105196,735.4691651623519,471.0,72.80174208643575,10.134319010519562,135.46916516235194,398.19825791356425,"MATR_b1c41,MATR_b3c13,MATR_b4c35,MATR_b1c29,MATR_b3c10,MATR_b4c24,MATR_b4c39,MATR_b3c41,MATR_b4c16,MATR_b3c4,MATR_b3c27,MATR_b1c39",False,False,0.95
600,MATR_b1c6,633.0,308.82664490685175,76.95077160687127,158.0059039748167,459.6473858388868,33.0,-291.17335509314825,-441.9940960251833,-140.3526141611132,324.17335509314825,"MATR_b1c41,MATR_b3c13,MATR_b4c35,MATR_b1c29,MATR_b3c10,MATR_b4c24,MATR_b4c39,MATR_b3c41,MATR_b4c16,MATR_b3c4,MATR_b3c27,MATR_b1c39",False,False,0.95
600,MATR_b3c1,1061.0,805.3935865058689,33.275160379411425,740.1754705824284,870.6117024293095,461.0,205.39358650586894,140.17547058242837,270.6117024293095,255.60641349413106,"MATR_b1c41,MATR_b3c13,MATR_b4c35,MATR_b1c29,MATR_b3c10,MATR_b4c24,MATR_b4c39,MATR_b3c41,MATR_b4c16,MATR_b3c4,MATR_b3c27,MATR_b1c39",False,False,0.95
600,MATR_b3c14,856.0,462.48478001036057,18.87179738530885,425.49673681161806,499.47282320910307,256.0,-137.51521998963943,-174.50326318838194,-100.52717679089693,393.51521998963943,"MATR_b1c41,MATR_b3c13,MATR_b4c35,MATR_b1c29,MATR_b3c10,MATR_b4c24,MATR_b4c39,MATR_b3c41,MATR_b4c16,MATR_b3c4,MATR_b3c27,MATR_b1c39",False,False,0.95
600,MATR_b3c17,1313.0,847.6233598629872,34.14955894333527,780.6914542461224,914.555265479852,713.0,247.62335986298717,180.69145424612236,314.555265479852,465.3766401370128,"MATR_b1c41,MATR_b3c13,MATR_b4c35,MATR_b1c29,MATR_b3c10,MATR_b4c24,MATR_b4c39,MATR_b3c41,MATR_b4c16,MATR_b3c4,MATR_b3c27,MATR_b1c39",False,False,0.95
600,MATR_b3c24,823.0,490.9576196648917,15.602342951426461,460.37758940565345,521.5376499241299,223.0,-109.0423803351083,-139.62241059434655,-78.46235007587006,332.0423803351083,"MATR_b1c41,MATR_b3c13,MATR_b4c35,MATR_b1c29,MATR_b3c10,MATR_b4c24,MATR_b4c39,MATR_b3c41,MATR_b4c16,MATR_b3c4,MATR_b3c27,MATR_b1c39",False,False,0.95
600,MATR_b3c31,729.0,340.9083381914174,72.77886499631383,198.2643839629395,483.55229241989525,129.0,-259.0916618085826,-401.7356160370605,-116.44770758010475,388.0916618085826,"MATR_b1c41,MATR_b3c13,MATR_b4c35,MATR_b1c29,MATR_b3c10,MATR_b4c24,MATR_b4c39,MATR_b3c41,MATR_b4c16,MATR_b3c4,MATR_b3c27,MATR_b1c39",False,False,0.95
600,MATR_b3c33,1282.0,1026.7318604252528,31.270214512705554,965.4433661915082,1088.0203546589973,682.0,426.73186042525276,365.4433661915082,488.02035465899735,255.26813957474724,"MATR_b1c41,MATR_b3c13,MATR_b4c35,MATR_b1c29,MATR_b3c10,MATR_b4c24,MATR_b4c39,MATR_b3c41,MATR_b4c16,MATR_b3c4,MATR_b3c27,MATR_b1c39",False,False,0.95
600,MATR_b3c36,921.0,655.2113658882249,36.88858238108341,582.9110729805627,727.5116587958871,321.0,55.21136588822492,-17.08892701943728,127.51165879588712,265.7886341117751,"MATR_b1c41,MATR_b3c13,MATR_b4c35,MATR_b1c29,MATR_b3c10,MATR_b4c24,MATR_b4c39,MATR_b3c41,MATR_b4c16,MATR_b3c4,MATR_b3c27,MATR_b1c39",False,False,0.95
600,MATR_b3c6,665.0,327.6612084166312,34.8399241138792,259.3762119293194,395.946204903943,65.0,-272.3387915833688,-340.6237880706806,-204.053795096057,337.3387915833688,"MATR_b1c41,MATR_b3c13,MATR_b4c35,MATR_b1c29,MATR_b3c10,MATR_b4c24,MATR_b4c39,MATR_b3c41,MATR_b4c16,MATR_b3c4,MATR_b3c27,MATR_b1c39",False,False,0.95
600,MATR_b4c1,760.0,321.5938086662211,34.76360501962845,253.4583948549735,389.7292224774687,160.0,-278.4061913337789,-346.5416051450265,-210.27077752253132,438.4061913337789,"MATR_b1c41,MATR_b3c13,MATR_b4c35,MATR_b1c29,MATR_b3c10,MATR_b4c24,MATR_b4c39,MATR_b3c41,MATR_b4c16,MATR_b3c4,MATR_b3c27,MATR_b1c39",False,False,0.95
600,MATR_b4c11,863.0,548.3355582041967,19.069280657595737,510.96045490422273,585.7106615041706,263.0,-51.66444179580333,-89.03954509577727,-14.289338495829384,314.6644417958033,"MATR_b1c41,MATR_b3c13,MATR_b4c35,MATR_b1c29,MATR_b3c10,MATR_b4c24,MATR_b4c39,MATR_b3c41,MATR_b4c16,MATR_b3c4,MATR_b3c27,MATR_b1c39",False,False,0.95
600,MATR_b4c15,675.0,307.6496517082868,65.41234926402852,179.44380300663582,435.8555004099378,75.0,-292.3503482917132,-420.5561969933642,-164.1444995900622,367.3503482917132,"MATR_b1c41,MATR_b3c13,MATR_b4c35,MATR_b1c29,MATR_b3c10,MATR_b4c24,MATR_b4c39,MATR_b3c41,MATR_b4c16,MATR_b3c4,MATR_b3c27,MATR_b1c39",False,False,0.95
600,MATR_b4c21,773.0,690.9123292547358,38.31085855712988,615.8244262659531,766.0002322435186,173.0,90.91232925473582,15.824426265953093,166.00023224351855,82.08767074526418,"MATR_b1c41,MATR_b3c13,MATR_b4c35,MATR_b1c29,MATR_b3c10,MATR_b4c24,MATR_b4c39,MATR_b3c41,MATR_b4c16,MATR_b3c4,MATR_b3c27,MATR_b1c39",False,False,0.95
600,MATR_b4c3,777.0,438.84549396960307,18.441844688737902,402.7001425711955,474.99084536801064,177.0,-161.15450603039693,-197.2998574288045,-125.00915463198936,338.15450603039693,"MATR_b1c41,MATR_b3c13,MATR_b4c35,MATR_b1c29,MATR_b3c10,MATR_b4c24,MATR_b4c39,MATR_b3c41,MATR_b4c16,MATR_b3c4,MATR_b3c27,MATR_b1c39",False,False,0.95
600,MATR_b4c32,754.0,691.2522518611297,37.6801456872983,617.4005233818028,765.1039803404566,154.0,91.25225186112971,17.400523381802827,165.1039803404566,62.74774813887029,"MATR_b1c41,MATR_b3c13,MATR_b4c35,MATR_b1c29,MATR_b3c10,MATR_b4c24,MATR_b4c39,MATR_b3c41,MATR_b4c16,MATR_b3c4,MATR_b3c27,MATR_b1c39",False,False,0.95
600,MATR_b4c34,891.0,552.9043062265756,19.869191475013313,513.9614065336193,591.8472059195319,291.0,-47.09569377342439,-86.03859346638069,-8.152794080468084,338.0956937734244,"MATR_b1c41,MATR_b3c13,MATR_b4c35,MATR_b1c29,MATR_b3c10,MATR_b4c24,MATR_b4c39,MATR_b3c41,MATR_b4c16,MATR_b3c4,MATR_b3c27,MATR_b1c39",False,False,0.95
600,MATR_b4c42,774.0,493.18141452757004,17.666114248283105,458.55646685416525,527.8063622009748,174.0,-106.81858547242996,-141.44353314583475,-72.19363779902517,280.81858547242996,"MATR_b1c41,MATR_b3c13,MATR_b4c35,MATR_b1c29,MATR_b3c10,MATR_b4c24,MATR_b4c39,MATR_b3c41,MATR_b4c16,MATR_b3c4,MATR_b3c27,MATR_b1c39",False,False,0.95
600,MATR_b4c6,706.0,361.88584908888186,25.56458415931609,311.78018485687915,411.99151332088456,106.0,-238.11415091111814,-288.21981514312085,-188.00848667911544,344.11415091111814,"MATR_b1c41,MATR_b3c13,MATR_b4c35,MATR_b1c29,MATR_b3c10,MATR_b4c24,MATR_b4c39,MATR_b3c41,MATR_b4c16,MATR_b3c4,MATR_b3c27,MATR_b1c39",False,False,0.95
