2026-08-30 19:38:10,230 | INFO | start fold=2 device=cuda parameters=886228 train=108 validation=27 horizons=[100, 120, 140, 160, 180, 200, 220, 240, 260, 280, 300] q_points=256 context=[8,16] query=8 target=lifetime delta_soh=false paired_horizons=False consistency_weight=0 consistency_gap=20
2026-08-30 19:38:10,230 | INFO | train_scalers cycle=300 soh=0.96703+-0.01565 voltage=2.7596+-0.47182 current=3.2038+-1.5204 lifetime=774.95+-330
2026-08-30 19:38:10,396 | INFO | step=1/20000 loss=0.8025775 nll=0.8025753 kl=0.01060455 consistency=0 lambda=0 beta=0.0002 grad=2.297832 horizon=240 lifetime=[486,964] skipped=False
2026-08-30 19:38:11,115 | INFO | step=10/20000 loss=1.152632 nll=1.152589 kl=0.02139753 consistency=0 lambda=0 beta=0.002 grad=3.200184 horizon=120 lifetime=[428,1052] skipped=False
2026-08-30 19:38:11,567 | INFO | step=20/20000 loss=0.7495877 nll=0.749566 kl=0.005423903 consistency=0 lambda=0 beta=0.004 grad=2.349509 horizon=240 lifetime=[462,1007] skipped=False
2026-08-30 19:38:11,982 | INFO | step=30/20000 loss=0.9813296 nll=0.9812608 kl=0.01147486 consistency=0 lambda=0 beta=0.006 grad=0.4364377 horizon=160 lifetime=[442,1154] skipped=False
2026-08-30 19:38:12,380 | INFO | step=40/20000 loss=0.6924224 nll=0.6923654 kl=0.007127859 consistency=0 lambda=0 beta=0.008 grad=1.341996 horizon=160 lifetime=[491,887] skipped=False
2026-08-30 19:38:12,766 | INFO | step=50/20000 loss=2.310685 nll=2.310421 kl=0.02644284 consistency=0 lambda=0 beta=0.01 grad=5.474468 horizon=260 lifetime=[460,1858] skipped=False
2026-08-30 19:38:13,147 | INFO | step=60/20000 loss=0.7813904 nll=0.7811659 kl=0.01870847 consistency=0 lambda=0 beta=0.012 grad=1.71616 horizon=240 lifetime=[486,869] skipped=False
2026-08-30 19:38:13,518 | INFO | step=70/20000 loss=1.889153 nll=1.888786 kl=0.02619157 consistency=0 lambda=0 beta=0.014 grad=6.11262 horizon=240 lifetime=[770,1705] skipped=False
2026-08-30 19:38:13,876 | INFO | step=80/20000 loss=1.061898 nll=1.06069 kl=0.07550787 consistency=0 lambda=0 beta=0.016 grad=3.214112 horizon=260 lifetime=[334,856] skipped=False
2026-08-30 19:38:14,287 | INFO | step=90/20000 loss=1.202267 nll=1.202137 kl=0.007200655 consistency=0 lambda=0 beta=0.018 grad=2.029624 horizon=300 lifetime=[442,1313] skipped=False
2026-08-30 19:38:14,695 | INFO | step=100/20000 loss=0.9169251 nll=0.9164535 kl=0.02358194 consistency=0 lambda=0 beta=0.02 grad=2.671141 horizon=260 lifetime=[428,1045] skipped=False
2026-08-30 19:38:15,078 | INFO | step=110/20000 loss=1.383741 nll=1.38298 kl=0.03462051 consistency=0 lambda=0 beta=0.022 grad=2.453532 horizon=100 lifetime=[147,1282] skipped=False
2026-08-30 19:38:15,472 | INFO | step=120/20000 loss=0.8810793 nll=0.880248 kl=0.0346399 consistency=0 lambda=0 beta=0.024 grad=2.689654 horizon=180 lifetime=[470,964] skipped=False
2026-08-30 19:38:15,911 | INFO | step=130/20000 loss=1.308398 nll=1.306661 kl=0.0668343 consistency=0 lambda=0 beta=0.026 grad=5.592505 horizon=240 lifetime=[428,1431] skipped=False
2026-08-30 19:38:16,251 | INFO | step=140/20000 loss=2.744254 nll=2.743963 kl=0.01039299 consistency=0 lambda=0 beta=0.028 grad=22.36663 horizon=140 lifetime=[461,2154] skipped=False
2026-08-30 19:38:16,656 | INFO | step=150/20000 loss=1.511027 nll=1.508497 kl=0.08433342 consistency=0 lambda=0 beta=0.03 grad=21.40276 horizon=240 lifetime=[484,1705] skipped=False
2026-08-30 19:38:17,029 | INFO | step=160/20000 loss=2.447718 nll=2.44119 kl=0.2039983 consistency=0 lambda=0 beta=0.032 grad=18.38482 horizon=100 lifetime=[498,2237] skipped=False
2026-08-30 19:38:17,391 | INFO | step=170/20000 loss=2.923097 nll=2.917333 kl=0.1695523 consistency=0 lambda=0 beta=0.034 grad=inf horizon=280 lifetime=[501,2154] skipped=True
2026-08-30 19:38:17,756 | INFO | step=180/20000 loss=1.391384 nll=1.390899 kl=0.01346102 consistency=0 lambda=0 beta=0.036 grad=63.05223 horizon=240 lifetime=[614,1313] skipped=False
2026-08-30 19:38:18,158 | INFO | step=190/20000 loss=0.4467728 nll=0.4460647 kl=0.01863255 consistency=0 lambda=0 beta=0.038 grad=5.707926 horizon=240 lifetime=[453,933] skipped=False
2026-08-30 19:38:18,562 | INFO | step=200/20000 loss=0.3865314 nll=0.3807565 kl=0.1443722 consistency=0 lambda=0 beta=0.04 grad=11.75165 horizon=260 lifetime=[461,874] skipped=False
2026-08-30 19:38:18,972 | INFO | step=210/20000 loss=0.3805257 nll=0.3800316 kl=0.01176434 consistency=0 lambda=0 beta=0.042 grad=11.31992 horizon=300 lifetime=[460,1007] skipped=False
2026-08-30 19:38:19,422 | INFO | step=220/20000 loss=4.439607 nll=4.435892 kl=0.08442801 consistency=0 lambda=0 beta=0.044 grad=234.9233 horizon=140 lifetime=[512,2154] skipped=False
2026-08-30 19:38:19,834 | INFO | step=230/20000 loss=0.3978865 nll=0.3922843 kl=0.121786 consistency=0 lambda=0 beta=0.046 grad=46.46479 horizon=200 lifetime=[437,863] skipped=False
2026-08-30 19:38:20,242 | INFO | step=240/20000 loss=0.5761272 nll=0.5726172 kl=0.07312532 consistency=0 lambda=0 beta=0.048 grad=46.43152 horizon=220 lifetime=[437,1071] skipped=False
2026-08-30 19:38:20,609 | INFO | step=250/20000 loss=0.9301516 nll=0.9289664 kl=0.02370304 consistency=0 lambda=0 beta=0.05 grad=67.02807 horizon=140 lifetime=[512,1313] skipped=False
2026-08-30 19:38:20,993 | INFO | step=260/20000 loss=0.3346847 nll=0.3341209 kl=0.01084337 consistency=0 lambda=0 beta=0.052 grad=5.856152 horizon=180 lifetime=[482,1282] skipped=False
2026-08-30 19:38:21,390 | INFO | step=270/20000 loss=0.6140558 nll=0.6126753 kl=0.0255635 consistency=0 lambda=0 beta=0.054 grad=50.23508 horizon=120 lifetime=[462,1012] skipped=False
2026-08-30 19:38:21,832 | INFO | step=280/20000 loss=0.2180809 nll=0.2164315 kl=0.02945318 consistency=0 lambda=0 beta=0.056 grad=68.82147 horizon=280 lifetime=[428,988] skipped=False
2026-08-30 19:38:22,201 | INFO | step=290/20000 loss=0.684001 nll=0.6821935 kl=0.03116535 consistency=0 lambda=0 beta=0.058 grad=154.6996 horizon=280 lifetime=[476,1012] skipped=False
2026-08-30 19:38:22,591 | INFO | step=300/20000 loss=1.757569 nll=1.755271 kl=0.03829677 consistency=0 lambda=0 beta=0.06 grad=25.69914 horizon=180 lifetime=[334,2237] skipped=False
2026-08-30 19:38:23,048 | INFO | step=310/20000 loss=0.391888 nll=0.3909725 kl=0.01476613 consistency=0 lambda=0 beta=0.062 grad=63.47408 horizon=180 lifetime=[614,938] skipped=False
2026-08-30 19:38:23,429 | INFO | step=320/20000 loss=3.123192 nll=3.11761 kl=0.08722165 consistency=0 lambda=0 beta=0.064 grad=287.8126 horizon=300 lifetime=[777,2154] skipped=False
2026-08-30 19:38:23,834 | INFO | step=330/20000 loss=1.16076 nll=1.157394 kl=0.0510089 consistency=0 lambda=0 beta=0.066 grad=9.999578 horizon=140 lifetime=[147,1282] skipped=False
2026-08-30 19:38:24,236 | INFO | step=340/20000 loss=0.3439959 nll=0.3341258 kl=0.1451482 consistency=0 lambda=0 beta=0.068 grad=55.69445 horizon=300 lifetime=[599,1052] skipped=False
2026-08-30 19:38:24,607 | INFO | step=350/20000 loss=2.193396 nll=2.186761 kl=0.09478787 consistency=0 lambda=0 beta=0.07 grad=220.3719 horizon=220 lifetime=[428,2154] skipped=False
2026-08-30 19:38:25,037 | INFO | step=360/20000 loss=0.1626443 nll=0.1508505 kl=0.1638019 consistency=0 lambda=0 beta=0.072 grad=40.52391 horizon=260 lifetime=[428,964] skipped=False
2026-08-30 19:38:25,436 | INFO | step=370/20000 loss=0.8927549 nll=0.8875284 kl=0.07062932 consistency=0 lambda=0 beta=0.074 grad=62.48103 horizon=100 lifetime=[488,1061] skipped=False
2026-08-30 19:38:25,836 | INFO | step=380/20000 loss=0.4865715 nll=0.4823607 kl=0.05540558 consistency=0 lambda=0 beta=0.076 grad=78.01071 horizon=200 lifetime=[470,1431] skipped=False
2026-08-30 19:38:26,213 | INFO | step=390/20000 loss=1.265073 nll=1.245615 kl=0.2494644 consistency=0 lambda=0 beta=0.078 grad=238.5488 horizon=260 lifetime=[774,1431] skipped=False
2026-08-30 19:38:26,605 | INFO | step=400/20000 loss=0.05097006 nll=0.04769205 kl=0.0409751 consistency=0 lambda=0 beta=0.08 grad=21.82915 horizon=200 lifetime=[460,1091] skipped=False
2026-08-30 19:38:26,974 | INFO | step=410/20000 loss=1.47484 nll=1.471808 kl=0.03697591 consistency=0 lambda=0 beta=0.082 grad=114.4215 horizon=200 lifetime=[557,2237] skipped=False
2026-08-30 19:38:27,346 | INFO | step=420/20000 loss=1.494905 nll=1.491917 kl=0.03556067 consistency=0 lambda=0 beta=0.084 grad=105.252 horizon=280 lifetime=[826,2237] skipped=False
2026-08-30 19:38:27,745 | INFO | step=430/20000 loss=0.3986052 nll=0.3968065 kl=0.02091488 consistency=0 lambda=0 beta=0.086 grad=30.45218 horizon=100 lifetime=[428,874] skipped=False
2026-08-30 19:38:28,142 | INFO | step=440/20000 loss=0.7763667 nll=0.7746664 kl=0.01932143 consistency=0 lambda=0 beta=0.088 grad=14.4232 horizon=240 lifetime=[453,1858] skipped=False
2026-08-30 19:38:28,544 | INFO | step=450/20000 loss=0.5947479 nll=0.5895505 kl=0.05774882 consistency=0 lambda=0 beta=0.09 grad=55.02015 horizon=100 lifetime=[470,1313] skipped=False
2026-08-30 19:38:28,884 | INFO | step=460/20000 loss=0.7953765 nll=0.7899005 kl=0.05952199 consistency=0 lambda=0 beta=0.092 grad=118.5118 horizon=120 lifetime=[614,1154] skipped=False
2026-08-30 19:38:29,285 | INFO | step=470/20000 loss=0.8519788 nll=0.8464764 kl=0.05853605 consistency=0 lambda=0 beta=0.094 grad=140.4269 horizon=180 lifetime=[486,1705] skipped=False
2026-08-30 19:38:29,765 | INFO | step=480/20000 loss=0.7614983 nll=0.7586075 kl=0.03011256 consistency=0 lambda=0 beta=0.096 grad=91.52962 horizon=300 lifetime=[453,1431] skipped=False
2026-08-30 19:38:30,137 | INFO | step=490/20000 loss=0.262458 nll=0.2583987 kl=0.04142119 consistency=0 lambda=0 beta=0.098 grad=62.62024 horizon=100 lifetime=[479,1055] skipped=False
2026-08-30 19:38:30,977 | INFO | validation step=500 rmse=172.0757 best=172.0757@500 stale=0/10
2026-08-30 19:38:30,977 | INFO | step=500/20000 loss=0.3455165 nll=0.3387072 kl=0.06809303 consistency=0 lambda=0 beta=0.1 grad=132.2048 horizon=240 lifetime=[460,874] skipped=False
2026-08-30 19:38:31,399 | INFO | step=510/20000 loss=1.11414 nll=1.10874 kl=0.05294374 consistency=0 lambda=0 beta=0.102 grad=61.95312 horizon=120 lifetime=[477,2154] skipped=False
2026-08-30 19:38:31,786 | INFO | step=520/20000 loss=0.5778077 nll=0.5427089 kl=0.337489 consistency=0 lambda=0 beta=0.104 grad=14.87203 horizon=200 lifetime=[461,2237] skipped=False
2026-08-30 19:38:32,186 | INFO | step=530/20000 loss=0.631922 nll=0.6281359 kl=0.03571765 consistency=0 lambda=0 beta=0.106 grad=12.08244 horizon=220 lifetime=[334,1705] skipped=False
2026-08-30 19:38:32,596 | INFO | step=540/20000 loss=0.3210742 nll=0.309831 kl=0.104104 consistency=0 lambda=0 beta=0.108 grad=14.22894 horizon=220 lifetime=[614,1154] skipped=False
2026-08-30 19:38:33,026 | INFO | step=550/20000 loss=-0.2579901 nll=-0.2607669 kl=0.02524387 consistency=0 lambda=0 beta=0.11 grad=40.52091 horizon=300 lifetime=[465,1091] skipped=False
2026-08-30 19:38:33,436 | INFO | step=560/20000 loss=0.2155243 nll=0.2122416 kl=0.02930949 consistency=0 lambda=0 beta=0.112 grad=80.41698 horizon=180 lifetime=[482,1431] skipped=False
2026-08-30 19:38:33,833 | INFO | step=570/20000 loss=0.820985 nll=0.8182657 kl=0.02385358 consistency=0 lambda=0 beta=0.114 grad=86.03603 horizon=160 lifetime=[476,2154] skipped=False
2026-08-30 19:38:34,193 | INFO | step=580/20000 loss=0.3619085 nll=0.3586131 kl=0.0284084 consistency=0 lambda=0 beta=0.116 grad=131.9465 horizon=140 lifetime=[428,1045] skipped=False
2026-08-30 19:38:34,562 | INFO | step=590/20000 loss=1.205406 nll=1.196825 kl=0.0727259 consistency=0 lambda=0 beta=0.118 grad=118.9988 horizon=120 lifetime=[147,1052] skipped=False
2026-08-30 19:38:34,968 | INFO | step=600/20000 loss=-0.04073621 nll=-0.04772742 kl=0.05826013 consistency=0 lambda=0 beta=0.12 grad=20.45776 horizon=280 lifetime=[428,1061] skipped=False
2026-08-30 19:38:35,398 | INFO | step=610/20000 loss=0.4899504 nll=0.4726279 kl=0.1419872 consistency=0 lambda=0 beta=0.122 grad=45.02839 horizon=120 lifetime=[622,1061] skipped=False
2026-08-30 19:38:35,795 | INFO | step=620/20000 loss=-0.1081616 nll=-0.1173615 kl=0.07419273 consistency=0 lambda=0 beta=0.124 grad=21.55077 horizon=200 lifetime=[437,1154] skipped=False
2026-08-30 19:38:36,206 | INFO | step=630/20000 loss=-0.06478221 nll=-0.06795502 kl=0.02518099 consistency=0 lambda=0 beta=0.126 grad=11.34746 horizon=260 lifetime=[428,1045] skipped=False
2026-08-30 19:38:36,642 | INFO | step=640/20000 loss=0.1682675 nll=0.1658643 kl=0.01877451 consistency=0 lambda=0 beta=0.128 grad=89.67126 horizon=300 lifetime=[437,1091] skipped=False
2026-08-30 19:38:37,049 | INFO | step=650/20000 loss=0.6163293 nll=0.6119493 kl=0.03369161 consistency=0 lambda=0 beta=0.13 grad=106.9057 horizon=140 lifetime=[437,2154] skipped=False
2026-08-30 19:38:37,444 | INFO | step=660/20000 loss=-0.2374756 nll=-0.2394252 kl=0.01476977 consistency=0 lambda=0 beta=0.132 grad=5.562366 horizon=240 lifetime=[461,874] skipped=False
2026-08-30 19:38:37,804 | INFO | step=670/20000 loss=0.4013529 nll=0.3974715 kl=0.02896573 consistency=0 lambda=0 beta=0.134 grad=42.15821 horizon=240 lifetime=[453,1705] skipped=False
2026-08-30 19:38:38,186 | INFO | step=680/20000 loss=-0.1760398 nll=-0.1829352 kl=0.05070143 consistency=0 lambda=0 beta=0.136 grad=54.77642 horizon=200 lifetime=[470,1015] skipped=False
2026-08-30 19:38:38,568 | INFO | step=690/20000 loss=0.1539722 nll=0.1488902 kl=0.03682644 consistency=0 lambda=0 beta=0.138 grad=69.91418 horizon=160 lifetime=[334,938] skipped=False
2026-08-30 19:38:38,998 | INFO | step=700/20000 loss=0.3707641 nll=0.3667743 kl=0.02849894 consistency=0 lambda=0 beta=0.14 grad=35.49372 horizon=240 lifetime=[437,1313] skipped=False
2026-08-30 19:38:39,386 | INFO | step=710/20000 loss=0.6826347 nll=0.6799742 kl=0.01873593 consistency=0 lambda=0 beta=0.142 grad=38.68648 horizon=260 lifetime=[476,1858] skipped=False
2026-08-30 19:38:39,816 | INFO | step=720/20000 loss=0.5187286 nll=0.5171273 kl=0.01112024 consistency=0 lambda=0 beta=0.144 grad=33.79734 horizon=300 lifetime=[476,1313] skipped=False
2026-08-30 19:38:40,255 | INFO | step=730/20000 loss=0.4509606 nll=0.44852 kl=0.01671644 consistency=0 lambda=0 beta=0.146 grad=50.58529 horizon=120 lifetime=[501,930] skipped=False
2026-08-30 19:38:40,638 | INFO | step=740/20000 loss=-0.04881147 nll=-0.04996012 kl=0.007761194 consistency=0 lambda=0 beta=0.148 grad=16.7761 horizon=200 lifetime=[460,1012] skipped=False
2026-08-30 19:38:41,045 | INFO | step=750/20000 loss=0.3243667 nll=0.3198733 kl=0.02995645 consistency=0 lambda=0 beta=0.15 grad=13.48146 horizon=180 lifetime=[460,1705] skipped=False
2026-08-30 19:38:41,482 | INFO | step=760/20000 loss=0.529493 nll=0.5254015 kl=0.02691748 consistency=0 lambda=0 beta=0.152 grad=45.90181 horizon=260 lifetime=[460,2154] skipped=False
2026-08-30 19:38:41,867 | INFO | step=770/20000 loss=0.3805363 nll=0.3784598 kl=0.01348361 consistency=0 lambda=0 beta=0.154 grad=37.04535 horizon=100 lifetime=[465,1313] skipped=False
2026-08-30 19:38:42,247 | INFO | step=780/20000 loss=-0.04630448 nll=-0.05753832 kl=0.07201178 consistency=0 lambda=0 beta=0.156 grad=37.47274 horizon=120 lifetime=[428,1858] skipped=False
2026-08-30 19:38:42,618 | INFO | step=790/20000 loss=1.144471 nll=1.134216 kl=0.06490524 consistency=0 lambda=0 beta=0.158 grad=65.20648 horizon=220 lifetime=[476,2154] skipped=False
2026-08-30 19:38:43,017 | INFO | step=800/20000 loss=-0.262576 nll=-0.2657363 kl=0.01975173 consistency=0 lambda=0 beta=0.16 grad=39.69006 horizon=300 lifetime=[428,1313] skipped=False
2026-08-30 19:38:43,424 | INFO | step=810/20000 loss=-0.265902 nll=-0.2691892 kl=0.02029127 consistency=0 lambda=0 beta=0.162 grad=30.45667 horizon=280 lifetime=[437,1705] skipped=False
2026-08-30 19:38:43,781 | INFO | step=820/20000 loss=-0.2352962 nll=-0.2431861 kl=0.04810971 consistency=0 lambda=0 beta=0.164 grad=51.60543 horizon=280 lifetime=[428,828] skipped=False
2026-08-30 19:38:44,206 | INFO | step=830/20000 loss=0.8052912 nll=0.8045495 kl=0.004468214 consistency=0 lambda=0 beta=0.166 grad=115.3645 horizon=220 lifetime=[501,1012] skipped=False
2026-08-30 19:38:44,587 | INFO | step=840/20000 loss=1.144772 nll=1.141844 kl=0.01742959 consistency=0 lambda=0 beta=0.168 grad=185.7472 horizon=260 lifetime=[526,1091] skipped=False
2026-08-30 19:38:44,989 | INFO | step=850/20000 loss=0.3222474 nll=0.3147391 kl=0.04416608 consistency=0 lambda=0 beta=0.17 grad=78.77736 horizon=100 lifetime=[334,1045] skipped=False
2026-08-30 19:38:45,359 | INFO | step=860/20000 loss=-0.1149452 nll=-0.1175368 kl=0.0150675 consistency=0 lambda=0 beta=0.172 grad=29.45289 horizon=140 lifetime=[462,1055] skipped=False
2026-08-30 19:38:45,741 | INFO | step=870/20000 loss=0.372568 nll=0.3708166 kl=0.01006507 consistency=0 lambda=0 beta=0.174 grad=20.71508 horizon=120 lifetime=[480,1015] skipped=False
2026-08-30 19:38:46,154 | INFO | step=880/20000 loss=-0.01753033 nll=-0.0310481 kl=0.07680556 consistency=0 lambda=0 beta=0.176 grad=27.83124 horizon=180 lifetime=[494,1055] skipped=False
2026-08-30 19:38:46,596 | INFO | step=890/20000 loss=1.068651 nll=1.05984 kl=0.04950107 consistency=0 lambda=0 beta=0.178 grad=68.08221 horizon=300 lifetime=[428,2154] skipped=False
2026-08-30 19:38:47,005 | INFO | step=900/20000 loss=0.4093465 nll=0.3849518 kl=0.1355261 consistency=0 lambda=0 beta=0.18 grad=116.3485 horizon=100 lifetime=[482,869] skipped=False
2026-08-30 19:38:47,393 | INFO | step=910/20000 loss=0.1351051 nll=0.1319375 kl=0.0174043 consistency=0 lambda=0 beta=0.182 grad=24.30719 horizon=300 lifetime=[498,1431] skipped=False
2026-08-30 19:38:47,766 | INFO | step=920/20000 loss=0.2039057 nll=0.199898 kl=0.02178081 consistency=0 lambda=0 beta=0.184 grad=72.22671 horizon=120 lifetime=[480,938] skipped=False
2026-08-30 19:38:48,160 | INFO | step=930/20000 loss=0.7150201 nll=0.713038 kl=0.01065657 consistency=0 lambda=0 beta=0.186 grad=77.71721 horizon=220 lifetime=[476,1431] skipped=False
2026-08-30 19:38:48,562 | INFO | step=940/20000 loss=-0.2072016 nll=-0.2141095 kl=0.03674412 consistency=0 lambda=0 beta=0.188 grad=9.863154 horizon=240 lifetime=[437,1091] skipped=False
2026-08-30 19:38:48,945 | INFO | step=950/20000 loss=0.2319341 nll=0.2298043 kl=0.01120975 consistency=0 lambda=0 beta=0.19 grad=80.97131 horizon=220 lifetime=[460,2154] skipped=False
2026-08-30 19:38:49,308 | INFO | step=960/20000 loss=0.6278657 nll=0.6257672 kl=0.01092924 consistency=0 lambda=0 beta=0.192 grad=51.15491 horizon=260 lifetime=[486,1154] skipped=False
2026-08-30 19:38:49,679 | INFO | step=970/20000 loss=0.1138364 nll=0.1111392 kl=0.01390333 consistency=0 lambda=0 beta=0.194 grad=88.59278 horizon=300 lifetime=[437,1015] skipped=False
2026-08-30 19:38:50,098 | INFO | step=980/20000 loss=0.3090687 nll=0.3084002 kl=0.003410632 consistency=0 lambda=0 beta=0.196 grad=74.82821 horizon=180 lifetime=[428,1052] skipped=False
2026-08-30 19:38:50,565 | INFO | step=990/20000 loss=-0.2198083 nll=-0.2212549 kl=0.00730636 consistency=0 lambda=0 beta=0.198 grad=14.91422 horizon=300 lifetime=[437,1007] skipped=False
2026-08-30 19:38:51,352 | INFO | validation step=1000 rmse=159.6214 best=159.6214@1000 stale=0/10
2026-08-30 19:38:51,352 | INFO | step=1000/20000 loss=0.1143828 nll=0.1123895 kl=0.009966489 consistency=0 lambda=0 beta=0.2 grad=15.64709 horizon=240 lifetime=[465,2237] skipped=False
2026-08-30 19:38:51,797 | INFO | step=1010/20000 loss=-0.2257431 nll=-0.2285408 kl=0.01385002 consistency=0 lambda=0 beta=0.202 grad=18.84603 horizon=280 lifetime=[470,1091] skipped=False
2026-08-30 19:38:52,210 | INFO | step=1020/20000 loss=0.1229769 nll=0.1174023 kl=0.02732632 consistency=0 lambda=0 beta=0.204 grad=28.80328 horizon=280 lifetime=[453,1154] skipped=False
2026-08-30 19:38:52,561 | INFO | step=1030/20000 loss=-0.2567795 nll=-0.2652392 kl=0.04106623 consistency=0 lambda=0 beta=0.206 grad=35.85815 horizon=220 lifetime=[428,1313] skipped=False
2026-08-30 19:38:52,937 | INFO | step=1040/20000 loss=-0.004997011 nll=-0.01237645 kl=0.03547807 consistency=0 lambda=0 beta=0.208 grad=60.23823 horizon=300 lifetime=[476,1052] skipped=False
2026-08-30 19:38:53,373 | INFO | step=1050/20000 loss=0.1571059 nll=0.1552173 kl=0.008993422 consistency=0 lambda=0 beta=0.21 grad=31.30602 horizon=240 lifetime=[334,1431] skipped=False
2026-08-30 19:38:53,765 | INFO | step=1060/20000 loss=0.3293513 nll=0.319344 kl=0.04720404 consistency=0 lambda=0 beta=0.212 grad=28.31313 horizon=100 lifetime=[484,863] skipped=False
2026-08-30 19:38:54,174 | INFO | step=1070/20000 loss=0.4271151 nll=0.4195283 kl=0.035452 consistency=0 lambda=0 beta=0.214 grad=40.13504 horizon=240 lifetime=[729,2154] skipped=False
2026-08-30 19:38:54,565 | INFO | step=1080/20000 loss=0.2377611 nll=0.2344046 kl=0.0155393 consistency=0 lambda=0 beta=0.216 grad=27.20042 horizon=120 lifetime=[476,877] skipped=False
2026-08-30 19:38:54,960 | INFO | step=1090/20000 loss=-0.08873624 nll=-0.09134585 kl=0.01197071 consistency=0 lambda=0 beta=0.218 grad=65.89481 horizon=240 lifetime=[428,964] skipped=False
2026-08-30 19:38:55,406 | INFO | step=1100/20000 loss=-0.03681547 nll=-0.038581 kl=0.008025141 consistency=0 lambda=0 beta=0.22 grad=44.766 horizon=260 lifetime=[462,1071] skipped=False
2026-08-30 19:38:55,807 | INFO | step=1110/20000 loss=-0.07978386 nll=-0.08586419 kl=0.02738888 consistency=0 lambda=0 beta=0.222 grad=93.65727 horizon=280 lifetime=[453,1071] skipped=False
2026-08-30 19:38:56,207 | INFO | step=1120/20000 loss=0.4336783 nll=0.4315353 kl=0.009567271 consistency=0 lambda=0 beta=0.224 grad=26.05668 horizon=100 lifetime=[488,1313] skipped=False
2026-08-30 19:38:56,604 | INFO | step=1130/20000 loss=0.73485 nll=0.7173365 kl=0.07749364 consistency=0 lambda=0 beta=0.226 grad=124.3894 horizon=120 lifetime=[465,1071] skipped=False
2026-08-30 19:38:57,164 | INFO | step=1140/20000 loss=0.3581422 nll=0.353672 kl=0.01960614 consistency=0 lambda=0 beta=0.228 grad=40.13769 horizon=140 lifetime=[428,1091] skipped=False
2026-08-30 19:38:57,553 | INFO | step=1150/20000 loss=0.3525706 nll=0.344309 kl=0.03591969 consistency=0 lambda=0 beta=0.23 grad=20.97597 horizon=100 lifetime=[453,1055] skipped=False
2026-08-30 19:38:57,949 | INFO | step=1160/20000 loss=0.04686783 nll=0.03912792 kl=0.03336169 consistency=0 lambda=0 beta=0.232 grad=46.02185 horizon=240 lifetime=[477,964] skipped=False
2026-08-30 19:38:58,332 | INFO | step=1170/20000 loss=0.1262663 nll=0.1185179 kl=0.03311262 consistency=0 lambda=0 beta=0.234 grad=81.5655 horizon=180 lifetime=[484,1015] skipped=False
2026-08-30 19:38:58,779 | INFO | step=1180/20000 loss=-0.4229341 nll=-0.4254833 kl=0.01080166 consistency=0 lambda=0 beta=0.236 grad=27.12693 horizon=280 lifetime=[428,921] skipped=False
2026-08-30 19:38:59,154 | INFO | step=1190/20000 loss=1.204991 nll=1.203142 kl=0.007768743 consistency=0 lambda=0 beta=0.238 grad=56.04924 horizon=100 lifetime=[147,1313] skipped=False
2026-08-30 19:38:59,525 | INFO | step=1200/20000 loss=-0.09290807 nll=-0.09697089 kl=0.0169284 consistency=0 lambda=0 beta=0.24 grad=25.50664 horizon=240 lifetime=[470,933] skipped=False
2026-08-30 19:38:59,884 | INFO | step=1210/20000 loss=-0.2152078 nll=-0.2228171 kl=0.0314437 consistency=0 lambda=0 beta=0.242 grad=54.75879 horizon=140 lifetime=[462,869] skipped=False
2026-08-30 19:39:00,250 | INFO | step=1220/20000 loss=0.1062674 nll=0.09963588 kl=0.02717851 consistency=0 lambda=0 beta=0.244 grad=39.08878 horizon=280 lifetime=[479,1052] skipped=False
2026-08-30 19:39:00,630 | INFO | step=1230/20000 loss=-0.252289 nll=-0.2595818 kl=0.0296457 consistency=0 lambda=0 beta=0.246 grad=26.41775 horizon=260 lifetime=[462,1045] skipped=False
2026-08-30 19:39:01,032 | INFO | step=1240/20000 loss=0.4363441 nll=0.434287 kl=0.008294776 consistency=0 lambda=0 beta=0.248 grad=22.02617 horizon=100 lifetime=[442,2154] skipped=False
2026-08-30 19:39:01,445 | INFO | step=1250/20000 loss=-0.2014557 nll=-0.2038749 kl=0.0096768 consistency=0 lambda=0 beta=0.25 grad=28.08539 horizon=260 lifetime=[488,2237] skipped=False
2026-08-30 19:39:01,857 | INFO | step=1260/20000 loss=0.04876914 nll=0.04781416 kl=0.003789601 consistency=0 lambda=0 beta=0.252 grad=37.80912 horizon=260 lifetime=[476,1431] skipped=False
2026-08-30 19:39:02,269 | INFO | step=1270/20000 loss=0.7873242 nll=0.7758892 kl=0.04502001 consistency=0 lambda=0 beta=0.254 grad=40.02904 horizon=120 lifetime=[460,2237] skipped=False
2026-08-30 19:39:02,712 | INFO | step=1280/20000 loss=-0.424558 nll=-0.4279662 kl=0.01331361 consistency=0 lambda=0 beta=0.256 grad=83.10844 horizon=260 lifetime=[428,871] skipped=False
2026-08-30 19:39:03,133 | INFO | step=1290/20000 loss=0.08971497 nll=0.07925937 kl=0.04052559 consistency=0 lambda=0 beta=0.258 grad=67.58981 horizon=260 lifetime=[462,964] skipped=False
2026-08-30 19:39:03,550 | INFO | step=1300/20000 loss=-0.01379181 nll=-0.01601699 kl=0.008558402 consistency=0 lambda=0 beta=0.26 grad=34.46202 horizon=160 lifetime=[461,1431] skipped=False
2026-08-30 19:39:03,968 | INFO | step=1310/20000 loss=-0.3896922 nll=-0.3908366 kl=0.004367788 consistency=0 lambda=0 beta=0.262 grad=10.4976 horizon=280 lifetime=[442,1007] skipped=False
2026-08-30 19:39:04,380 | INFO | step=1320/20000 loss=0.7122484 nll=0.6963476 kl=0.06023049 consistency=0 lambda=0 beta=0.264 grad=55.10775 horizon=100 lifetime=[428,1705] skipped=False
2026-08-30 19:39:04,794 | INFO | step=1330/20000 loss=-0.2705461 nll=-0.2753408 kl=0.01802529 consistency=0 lambda=0 beta=0.266 grad=22.96451 horizon=260 lifetime=[442,2237] skipped=False
2026-08-30 19:39:05,173 | INFO | step=1340/20000 loss=-0.2723591 nll=-0.2744512 kl=0.007806132 consistency=0 lambda=0 beta=0.268 grad=51.58702 horizon=260 lifetime=[461,1052] skipped=False
2026-08-30 19:39:05,559 | INFO | step=1350/20000 loss=-0.3285759 nll=-0.3297787 kl=0.004454803 consistency=0 lambda=0 beta=0.27 grad=52.6893 horizon=200 lifetime=[437,1071] skipped=False
2026-08-30 19:39:05,977 | INFO | step=1360/20000 loss=0.1418974 nll=0.1387798 kl=0.01146175 consistency=0 lambda=0 beta=0.272 grad=12.944 horizon=160 lifetime=[479,2237] skipped=False
2026-08-30 19:39:06,363 | INFO | step=1370/20000 loss=-0.1568464 nll=-0.163298 kl=0.02354593 consistency=0 lambda=0 beta=0.274 grad=45.36069 horizon=300 lifetime=[476,1045] skipped=False
2026-08-30 19:39:06,844 | INFO | step=1380/20000 loss=-0.5514061 nll=-0.555598 kl=0.01518808 consistency=0 lambda=0 beta=0.276 grad=17.39867 horizon=280 lifetime=[480,877] skipped=False
2026-08-30 19:39:07,300 | INFO | step=1390/20000 loss=-0.2434286 nll=-0.2482677 kl=0.01740652 consistency=0 lambda=0 beta=0.278 grad=20.51588 horizon=160 lifetime=[462,887] skipped=False
2026-08-30 19:39:07,729 | INFO | step=1400/20000 loss=-0.381077 nll=-0.3841194 kl=0.0108659 consistency=0 lambda=0 beta=0.28 grad=70.25509 horizon=300 lifetime=[334,1052] skipped=False
2026-08-30 19:39:08,127 | INFO | step=1410/20000 loss=-0.4285007 nll=-0.4357965 kl=0.0258714 consistency=0 lambda=0 beta=0.282 grad=14.60343 horizon=160 lifetime=[442,1705] skipped=False
2026-08-30 19:39:08,590 | INFO | step=1420/20000 loss=-0.01338401 nll=-0.01566945 kl=0.008047337 consistency=0 lambda=0 beta=0.284 grad=38.72144 horizon=260 lifetime=[334,988] skipped=False
2026-08-30 19:39:08,997 | INFO | step=1430/20000 loss=-0.408547 nll=-0.4117022 kl=0.01103201 consistency=0 lambda=0 beta=0.286 grad=40.53839 horizon=240 lifetime=[599,988] skipped=False
2026-08-30 19:39:09,452 | INFO | step=1440/20000 loss=1.064652 nll=1.060565 kl=0.0141903 consistency=0 lambda=0 beta=0.288 grad=136.4111 horizon=260 lifetime=[480,2237] skipped=False
2026-08-30 19:39:09,885 | INFO | step=1450/20000 loss=0.4684224 nll=0.4657414 kl=0.009244717 consistency=0 lambda=0 beta=0.29 grad=91.46338 horizon=200 lifetime=[479,1431] skipped=False
2026-08-30 19:39:10,274 | INFO | step=1460/20000 loss=-0.08781148 nll=-0.09007651 kl=0.007756967 consistency=0 lambda=0 beta=0.292 grad=83.45604 horizon=200 lifetime=[479,921] skipped=False
2026-08-30 19:39:10,663 | INFO | step=1470/20000 loss=-0.07621165 nll=-0.07989174 kl=0.0125173 consistency=0 lambda=0 beta=0.294 grad=45.47133 horizon=260 lifetime=[470,1015] skipped=False
2026-08-30 19:39:11,088 | INFO | step=1480/20000 loss=-0.621406 nll=-0.6223477 kl=0.003181418 consistency=0 lambda=0 beta=0.296 grad=15.70971 horizon=280 lifetime=[442,930] skipped=False
2026-08-30 19:39:11,530 | INFO | step=1490/20000 loss=-0.3763766 nll=-0.3807358 kl=0.01462835 consistency=0 lambda=0 beta=0.298 grad=55.5971 horizon=220 lifetime=[462,858] skipped=False
2026-08-30 19:39:12,205 | INFO | validation step=1500 rmse=153.1298 best=153.1298@1500 stale=0/10
2026-08-30 19:39:12,205 | INFO | step=1500/20000 loss=-0.352706 nll=-0.3612274 kl=0.02840466 consistency=0 lambda=0 beta=0.3 grad=54.04987 horizon=300 lifetime=[480,836] skipped=False
2026-08-30 19:39:12,609 | INFO | step=1510/20000 loss=-0.215186 nll=-0.2174102 kl=0.007364979 consistency=0 lambda=0 beta=0.302 grad=34.3298 horizon=140 lifetime=[465,933] skipped=False
2026-08-30 19:39:12,988 | INFO | step=1520/20000 loss=0.2520452 nll=0.2482448 kl=0.01250154 consistency=0 lambda=0 beta=0.304 grad=32.38657 horizon=120 lifetime=[428,1091] skipped=False
2026-08-30 19:39:13,436 | INFO | step=1530/20000 loss=0.5761282 nll=0.5720179 kl=0.01343255 consistency=0 lambda=0 beta=0.306 grad=199.6647 horizon=260 lifetime=[334,1313] skipped=False
2026-08-30 19:39:13,837 | INFO | step=1540/20000 loss=-0.00248122 nll=-0.00783889 kl=0.01739503 consistency=0 lambda=0 beta=0.308 grad=50.44413 horizon=140 lifetime=[437,1045] skipped=False
2026-08-30 19:39:14,217 | INFO | step=1550/20000 loss=-0.01664464 nll=-0.02310382 kl=0.02083607 consistency=0 lambda=0 beta=0.31 grad=30.68772 horizon=180 lifetime=[462,1091] skipped=False
2026-08-30 19:39:14,610 | INFO | step=1560/20000 loss=0.02389193 nll=0.0119104 kl=0.03840235 consistency=0 lambda=0 beta=0.312 grad=48.01251 horizon=140 lifetime=[462,1313] skipped=False
2026-08-30 19:39:14,992 | INFO | step=1570/20000 loss=-0.1527217 nll=-0.1631522 kl=0.03321797 consistency=0 lambda=0 beta=0.314 grad=68.14555 horizon=220 lifetime=[453,852] skipped=False
2026-08-30 19:39:15,364 | INFO | step=1580/20000 loss=1.590959 nll=1.589431 kl=0.004836452 consistency=0 lambda=0 beta=0.316 grad=225.1692 horizon=200 lifetime=[512,1154] skipped=False
2026-08-30 19:39:15,735 | INFO | step=1590/20000 loss=-0.3239914 nll=-0.3279135 kl=0.01233354 consistency=0 lambda=0 beta=0.318 grad=31.32459 horizon=220 lifetime=[465,988] skipped=False
2026-08-30 19:39:16,124 | INFO | step=1600/20000 loss=-0.3738229 nll=-0.3750055 kl=0.00369562 consistency=0 lambda=0 beta=0.32 grad=14.32777 horizon=160 lifetime=[461,1007] skipped=False
2026-08-30 19:39:16,537 | INFO | step=1610/20000 loss=0.0562204 nll=0.04745106 kl=0.02723395 consistency=0 lambda=0 beta=0.322 grad=83.39653 horizon=280 lifetime=[526,887] skipped=False
2026-08-30 19:39:16,925 | INFO | step=1620/20000 loss=0.06081526 nll=0.05252979 kl=0.02557244 consistency=0 lambda=0 beta=0.324 grad=72.04257 horizon=260 lifetime=[461,2154] skipped=False
2026-08-30 19:39:17,306 | INFO | step=1630/20000 loss=-0.1447161 nll=-0.1486968 kl=0.0122107 consistency=0 lambda=0 beta=0.326 grad=30.18102 horizon=160 lifetime=[465,964] skipped=False
2026-08-30 19:39:17,660 | INFO | step=1640/20000 loss=0.3592387 nll=0.3580385 kl=0.003659145 consistency=0 lambda=0 beta=0.328 grad=92.50229 horizon=260 lifetime=[484,964] skipped=False
2026-08-30 19:39:18,031 | INFO | step=1650/20000 loss=1.177872 nll=1.168006 kl=0.02989884 consistency=0 lambda=0 beta=0.33 grad=119.3229 horizon=140 lifetime=[428,1045] skipped=False
2026-08-30 19:39:18,420 | INFO | step=1660/20000 loss=-0.00223921 nll=-0.008512802 kl=0.01889636 consistency=0 lambda=0 beta=0.332 grad=41.91574 horizon=120 lifetime=[437,1061] skipped=False
2026-08-30 19:39:18,809 | INFO | step=1670/20000 loss=-0.5725266 nll=-0.5763572 kl=0.01146887 consistency=0 lambda=0 beta=0.334 grad=36.40667 horizon=220 lifetime=[453,1091] skipped=False
2026-08-30 19:39:19,199 | INFO | step=1680/20000 loss=0.5068513 nll=0.4953845 kl=0.03412715 consistency=0 lambda=0 beta=0.336 grad=117.2539 horizon=280 lifetime=[437,1007] skipped=False
2026-08-30 19:39:19,572 | INFO | step=1690/20000 loss=1.334671 nll=1.329703 kl=0.01469747 consistency=0 lambda=0 beta=0.338 grad=160.3341 horizon=140 lifetime=[479,1431] skipped=False
2026-08-30 19:39:19,981 | INFO | step=1700/20000 loss=-0.8032969 nll=-0.8073759 kl=0.01199698 consistency=0 lambda=0 beta=0.34 grad=18.75256 horizon=220 lifetime=[334,841] skipped=False
2026-08-30 19:39:20,370 | INFO | step=1710/20000 loss=0.3914529 nll=0.3867798 kl=0.0136641 consistency=0 lambda=0 beta=0.342 grad=46.8882 horizon=120 lifetime=[334,1858] skipped=False
2026-08-30 19:39:20,778 | INFO | step=1720/20000 loss=0.1425223 nll=0.139777 kl=0.007980753 consistency=0 lambda=0 beta=0.344 grad=36.94573 horizon=120 lifetime=[437,933] skipped=False
2026-08-30 19:39:21,157 | INFO | step=1730/20000 loss=-0.2170102 nll=-0.2195574 kl=0.007361736 consistency=0 lambda=0 beta=0.346 grad=8.605956 horizon=160 lifetime=[334,1091] skipped=False
2026-08-30 19:39:21,586 | INFO | step=1740/20000 loss=0.06046826 nll=0.05764663 kl=0.008108143 consistency=0 lambda=0 beta=0.348 grad=19.27735 horizon=300 lifetime=[476,2154] skipped=False
2026-08-30 19:39:21,975 | INFO | step=1750/20000 loss=-0.4075029 nll=-0.4127082 kl=0.01487211 consistency=0 lambda=0 beta=0.35 grad=33.15487 horizon=220 lifetime=[465,1055] skipped=False
2026-08-30 19:39:22,357 | INFO | step=1760/20000 loss=0.1918322 nll=0.1892 kl=0.007477933 consistency=0 lambda=0 beta=0.352 grad=45.21297 horizon=140 lifetime=[453,2154] skipped=False
2026-08-30 19:39:22,744 | INFO | step=1770/20000 loss=1.307531 nll=1.306251 kl=0.003614867 consistency=0 lambda=0 beta=0.354 grad=167.492 horizon=280 lifetime=[476,964] skipped=False
2026-08-30 19:39:23,095 | INFO | step=1780/20000 loss=-0.7501614 nll=-0.7555986 kl=0.01527309 consistency=0 lambda=0 beta=0.356 grad=21.86889 horizon=200 lifetime=[442,841] skipped=False
2026-08-30 19:39:23,500 | INFO | step=1790/20000 loss=-0.03904428 nll=-0.0423463 kl=0.009223521 consistency=0 lambda=0 beta=0.358 grad=106.6855 horizon=300 lifetime=[453,1282] skipped=False
2026-08-30 19:39:23,897 | INFO | step=1800/20000 loss=-0.4644323 nll=-0.4688113 kl=0.0121641 consistency=0 lambda=0 beta=0.36 grad=52.08632 horizon=260 lifetime=[428,988] skipped=False
2026-08-30 19:39:24,291 | INFO | step=1810/20000 loss=-0.4755287 nll=-0.4770798 kl=0.00428475 consistency=0 lambda=0 beta=0.362 grad=72.94234 horizon=200 lifetime=[482,1015] skipped=False
2026-08-30 19:39:24,716 | INFO | step=1820/20000 loss=-0.3190454 nll=-0.3220838 kl=0.00834729 consistency=0 lambda=0 beta=0.364 grad=49.78424 horizon=300 lifetime=[519,868] skipped=False
2026-08-30 19:39:25,135 | INFO | step=1830/20000 loss=-0.1305308 nll=-0.1334732 kl=0.008039364 consistency=0 lambda=0 beta=0.366 grad=76.02113 horizon=220 lifetime=[465,1052] skipped=False
2026-08-30 19:39:25,544 | INFO | step=1840/20000 loss=-0.492258 nll=-0.4943913 kl=0.00579687 consistency=0 lambda=0 beta=0.368 grad=38.27443 horizon=180 lifetime=[460,874] skipped=False
2026-08-30 19:39:25,961 | INFO | step=1850/20000 loss=0.00282969 nll=-0.002163053 kl=0.0134939 consistency=0 lambda=0 beta=0.37 grad=128.1446 horizon=280 lifetime=[428,1052] skipped=False
2026-08-30 19:39:26,325 | INFO | step=1860/20000 loss=-0.5034404 nll=-0.5054836 kl=0.005492387 consistency=0 lambda=0 beta=0.372 grad=42.26418 horizon=180 lifetime=[453,930] skipped=False
2026-08-30 19:39:26,743 | INFO | step=1870/20000 loss=0.5004199 nll=0.4994111 kl=0.002697272 consistency=0 lambda=0 beta=0.374 grad=112.3178 horizon=180 lifetime=[599,1012] skipped=False
2026-08-30 19:39:27,120 | INFO | step=1880/20000 loss=0.14566 nll=0.1391791 kl=0.01723631 consistency=0 lambda=0 beta=0.376 grad=36.18719 horizon=100 lifetime=[460,1007] skipped=False
2026-08-30 19:39:27,504 | INFO | step=1890/20000 loss=-0.3335673 nll=-0.3364334 kl=0.007582468 consistency=0 lambda=0 beta=0.378 grad=14.59988 horizon=100 lifetime=[428,858] skipped=False
2026-08-30 19:39:27,936 | INFO | step=1900/20000 loss=-0.3989766 nll=-0.4005726 kl=0.004199988 consistency=0 lambda=0 beta=0.38 grad=23.62108 horizon=200 lifetime=[453,2154] skipped=False
2026-08-30 19:39:28,311 | INFO | step=1910/20000 loss=0.2947712 nll=0.2936235 kl=0.003004331 consistency=0 lambda=0 beta=0.382 grad=42.6189 horizon=100 lifetime=[470,1431] skipped=False
2026-08-30 19:39:28,695 | INFO | step=1920/20000 loss=-0.8228449 nll=-0.824937 kl=0.005448173 consistency=0 lambda=0 beta=0.384 grad=20.29243 horizon=280 lifetime=[453,856] skipped=False
2026-08-30 19:39:29,112 | INFO | step=1930/20000 loss=0.01426898 nll=0.009981982 kl=0.01110621 consistency=0 lambda=0 beta=0.386 grad=31.42006 horizon=300 lifetime=[470,1858] skipped=False
2026-08-30 19:39:29,532 | INFO | step=1940/20000 loss=-0.3165299 nll=-0.3204336 kl=0.01006113 consistency=0 lambda=0 beta=0.388 grad=20.61607 horizon=180 lifetime=[442,1313] skipped=False
2026-08-30 19:39:29,938 | INFO | step=1950/20000 loss=-0.5020946 nll=-0.5043418 kl=0.005762199 consistency=0 lambda=0 beta=0.39 grad=55.99008 horizon=300 lifetime=[480,964] skipped=False
2026-08-30 19:39:30,322 | INFO | step=1960/20000 loss=-0.4243178 nll=-0.4285584 kl=0.01081785 consistency=0 lambda=0 beta=0.392 grad=24.49136 horizon=140 lifetime=[428,1282] skipped=False
2026-08-30 19:39:30,699 | INFO | step=1970/20000 loss=-0.3321587 nll=-0.3361619 kl=0.01016039 consistency=0 lambda=0 beta=0.394 grad=42.81865 horizon=220 lifetime=[334,1012] skipped=False
2026-08-30 19:39:31,096 | INFO | step=1980/20000 loss=-0.4932972 nll=-0.5000128 kl=0.01695848 consistency=0 lambda=0 beta=0.396 grad=44.46851 horizon=260 lifetime=[437,1071] skipped=False
2026-08-30 19:39:31,514 | INFO | step=1990/20000 loss=-0.3474299 nll=-0.3497362 kl=0.005794724 consistency=0 lambda=0 beta=0.398 grad=52.96304 horizon=260 lifetime=[442,869] skipped=False
2026-08-30 19:39:32,219 | INFO | validation step=2000 rmse=161.6778 best=153.1298@1500 stale=1/10
2026-08-30 19:39:32,219 | INFO | step=2000/20000 loss=-0.1142877 nll=-0.1216461 kl=0.01839589 consistency=0 lambda=0 beta=0.4 grad=11.26091 horizon=140 lifetime=[453,877] skipped=False
2026-08-30 19:39:32,655 | INFO | step=2010/20000 loss=1.076949 nll=1.073957 kl=0.007443901 consistency=0 lambda=0 beta=0.402 grad=138.6862 horizon=280 lifetime=[614,1091] skipped=False
2026-08-30 19:39:33,062 | INFO | step=2020/20000 loss=0.2123995 nll=0.2085365 kl=0.009561919 consistency=0 lambda=0 beta=0.404 grad=24.78243 horizon=120 lifetime=[526,1154] skipped=False
2026-08-30 19:39:33,457 | INFO | step=2030/20000 loss=-0.5763407 nll=-0.5799121 kl=0.008796406 consistency=0 lambda=0 beta=0.406 grad=43.60976 horizon=180 lifetime=[494,871] skipped=False
2026-08-30 19:39:33,841 | INFO | step=2040/20000 loss=0.2660733 nll=0.262369 kl=0.00907922 consistency=0 lambda=0 beta=0.408 grad=53.37806 horizon=100 lifetime=[482,2154] skipped=False
2026-08-30 19:39:34,216 | INFO | step=2050/20000 loss=0.3741404 nll=0.3719557 kl=0.005328576 consistency=0 lambda=0 beta=0.41 grad=81.59157 horizon=120 lifetime=[597,2237] skipped=False
2026-08-30 19:39:34,621 | INFO | step=2060/20000 loss=-0.005040439 nll=-0.009354323 kl=0.01047059 consistency=0 lambda=0 beta=0.412 grad=26.50428 horizon=240 lifetime=[334,1705] skipped=False
2026-08-30 19:39:35,037 | INFO | step=2070/20000 loss=0.4536725 nll=0.4485052 kl=0.01248142 consistency=0 lambda=0 beta=0.414 grad=56.86819 horizon=100 lifetime=[462,1858] skipped=False
2026-08-30 19:39:35,482 | INFO | step=2080/20000 loss=0.9604906 nll=0.9568659 kl=0.008713116 consistency=0 lambda=0 beta=0.416 grad=131.2971 horizon=300 lifetime=[428,1705] skipped=False
2026-08-30 19:39:35,838 | INFO | step=2090/20000 loss=0.2811237 nll=0.2704796 kl=0.02546447 consistency=0 lambda=0 beta=0.418 grad=23.69824 horizon=100 lifetime=[477,1858] skipped=False
2026-08-30 19:39:36,254 | INFO | step=2100/20000 loss=-0.2999931 nll=-0.3030983 kl=0.007393229 consistency=0 lambda=0 beta=0.42 grad=28.51842 horizon=180 lifetime=[476,1007] skipped=False
2026-08-30 19:39:36,649 | INFO | step=2110/20000 loss=0.2763708 nll=0.2731637 kl=0.00759979 consistency=0 lambda=0 beta=0.422 grad=45.55975 horizon=300 lifetime=[476,1154] skipped=False
2026-08-30 19:39:37,058 | INFO | step=2120/20000 loss=0.1878628 nll=0.1850961 kl=0.006525342 consistency=0 lambda=0 beta=0.424 grad=25.67748 horizon=100 lifetime=[479,1055] skipped=False
2026-08-30 19:39:37,457 | INFO | step=2130/20000 loss=-0.1158093 nll=-0.1174492 kl=0.003849707 consistency=0 lambda=0 beta=0.426 grad=50.46829 horizon=240 lifetime=[470,1858] skipped=False
2026-08-30 19:39:37,902 | INFO | step=2140/20000 loss=0.06118231 nll=0.0586533 kl=0.005908882 consistency=0 lambda=0 beta=0.428 grad=35.9756 horizon=180 lifetime=[437,2154] skipped=False
2026-08-30 19:39:38,320 | INFO | step=2150/20000 loss=-0.3013102 nll=-0.3066736 kl=0.01247311 consistency=0 lambda=0 beta=0.43 grad=37.02874 horizon=160 lifetime=[437,1071] skipped=False
2026-08-30 19:39:38,740 | INFO | step=2160/20000 loss=-0.6343284 nll=-0.6403416 kl=0.01391963 consistency=0 lambda=0 beta=0.432 grad=22.74102 horizon=120 lifetime=[334,1061] skipped=False
2026-08-30 19:39:39,181 | INFO | step=2170/20000 loss=-0.1924755 nll=-0.1988941 kl=0.01478942 consistency=0 lambda=0 beta=0.434 grad=94.38914 horizon=140 lifetime=[461,921] skipped=False
2026-08-30 19:39:39,642 | INFO | step=2180/20000 loss=-0.1923417 nll=-0.1949308 kl=0.00593845 consistency=0 lambda=0 beta=0.436 grad=89.28562 horizon=260 lifetime=[476,938] skipped=False
2026-08-30 19:39:40,037 | INFO | step=2190/20000 loss=-0.3255739 nll=-0.3378945 kl=0.02812915 consistency=0 lambda=0 beta=0.438 grad=18.33602 horizon=120 lifetime=[465,874] skipped=False
2026-08-30 19:39:40,421 | INFO | step=2200/20000 loss=-0.7893136 nll=-0.7919021 kl=0.005883022 consistency=0 lambda=0 beta=0.44 grad=32.75484 horizon=260 lifetime=[470,887] skipped=False
2026-08-30 19:39:40,833 | INFO | step=2210/20000 loss=-0.8887467 nll=-0.8927999 kl=0.009169967 consistency=0 lambda=0 beta=0.442 grad=28.83318 horizon=240 lifetime=[428,874] skipped=False
2026-08-30 19:39:41,296 | INFO | step=2220/20000 loss=-0.3041994 nll=-0.3107491 kl=0.01475166 consistency=0 lambda=0 beta=0.444 grad=78.59293 horizon=280 lifetime=[465,1154] skipped=False
2026-08-30 19:39:41,736 | INFO | step=2230/20000 loss=0.4560274 nll=0.4392013 kl=0.03772683 consistency=0 lambda=0 beta=0.446 grad=122.7427 horizon=120 lifetime=[442,1313] skipped=False
2026-08-30 19:39:42,137 | INFO | step=2240/20000 loss=-0.2244828 nll=-0.2253999 kl=0.002047245 consistency=0 lambda=0 beta=0.448 grad=96.74255 horizon=180 lifetime=[479,863] skipped=False
2026-08-30 19:39:42,539 | INFO | step=2250/20000 loss=-0.53725 nll=-0.540773 kl=0.007829017 consistency=0 lambda=0 beta=0.45 grad=13.93455 horizon=240 lifetime=[486,1052] skipped=False
2026-08-30 19:39:42,956 | INFO | step=2260/20000 loss=0.2681354 nll=0.2645263 kl=0.007984571 consistency=0 lambda=0 beta=0.452 grad=79.82719 horizon=300 lifetime=[599,1431] skipped=False
2026-08-30 19:39:43,360 | INFO | step=2270/20000 loss=0.1495146 nll=0.1460589 kl=0.007611607 consistency=0 lambda=0 beta=0.454 grad=32.84293 horizon=260 lifetime=[482,2237] skipped=False
2026-08-30 19:39:43,737 | INFO | step=2280/20000 loss=-0.202496 nll=-0.2051283 kl=0.005772527 consistency=0 lambda=0 beta=0.456 grad=29.56508 horizon=100 lifetime=[498,933] skipped=False
2026-08-30 19:39:44,080 | INFO | step=2290/20000 loss=0.9121266 nll=0.9093836 kl=0.005989102 consistency=0 lambda=0 beta=0.458 grad=121.5844 horizon=140 lifetime=[461,1282] skipped=False
2026-08-30 19:39:44,487 | INFO | step=2300/20000 loss=0.06315733 nll=0.05453215 kl=0.01875039 consistency=0 lambda=0 beta=0.46 grad=17.2553 horizon=280 lifetime=[470,1705] skipped=False
2026-08-30 19:39:44,881 | INFO | step=2310/20000 loss=-0.07492936 nll=-0.08106585 kl=0.01328244 consistency=0 lambda=0 beta=0.462 grad=38.57164 horizon=140 lifetime=[334,1007] skipped=False
2026-08-30 19:39:45,264 | INFO | step=2320/20000 loss=-0.5819681 nll=-0.5849584 kl=0.006444783 consistency=0 lambda=0 beta=0.464 grad=23.48155 horizon=180 lifetime=[461,1071] skipped=False
2026-08-30 19:39:45,641 | INFO | step=2330/20000 loss=0.08741642 nll=0.07872504 kl=0.01865102 consistency=0 lambda=0 beta=0.466 grad=38.43238 horizon=100 lifetime=[607,868] skipped=False
2026-08-30 19:39:46,048 | INFO | step=2340/20000 loss=0.3433726 nll=0.3406211 kl=0.005879288 consistency=0 lambda=0 beta=0.468 grad=71.25111 horizon=280 lifetime=[428,887] skipped=False
2026-08-30 19:39:46,426 | INFO | step=2350/20000 loss=-0.05714685 nll=-0.05802086 kl=0.001859598 consistency=0 lambda=0 beta=0.47 grad=38.99249 horizon=160 lifetime=[470,1071] skipped=False
2026-08-30 19:39:46,802 | INFO | step=2360/20000 loss=0.4460658 nll=0.4425353 kl=0.007480084 consistency=0 lambda=0 beta=0.472 grad=58.20967 horizon=180 lifetime=[526,1282] skipped=False
2026-08-30 19:39:47,173 | INFO | step=2370/20000 loss=-0.08441991 nll=-0.08631331 kl=0.003994509 consistency=0 lambda=0 beta=0.474 grad=59.14635 horizon=200 lifetime=[465,1282] skipped=False
2026-08-30 19:39:47,627 | INFO | step=2380/20000 loss=-0.3405551 nll=-0.3433136 kl=0.005795196 consistency=0 lambda=0 beta=0.476 grad=122.7646 horizon=280 lifetime=[442,863] skipped=False
2026-08-30 19:39:48,067 | INFO | step=2390/20000 loss=-0.722566 nll=-0.7285995 kl=0.01262245 consistency=0 lambda=0 beta=0.478 grad=24.81535 horizon=200 lifetime=[477,938] skipped=False
2026-08-30 19:39:48,465 | INFO | step=2400/20000 loss=-0.5353492 nll=-0.5369144 kl=0.003260854 consistency=0 lambda=0 beta=0.48 grad=59.14309 horizon=300 lifetime=[482,1007] skipped=False
2026-08-30 19:39:48,844 | INFO | step=2410/20000 loss=-0.2626465 nll=-0.2661851 kl=0.00734144 consistency=0 lambda=0 beta=0.482 grad=66.34882 horizon=240 lifetime=[465,988] skipped=False
2026-08-30 19:39:49,203 | INFO | step=2420/20000 loss=0.07644369 nll=0.07539108 kl=0.002174796 consistency=0 lambda=0 beta=0.484 grad=110.9998 horizon=260 lifetime=[334,1055] skipped=False
2026-08-30 19:39:49,613 | INFO | step=2430/20000 loss=0.406173 nll=0.4038709 kl=0.004736673 consistency=0 lambda=0 beta=0.486 grad=45.14351 horizon=140 lifetime=[428,826] skipped=False
2026-08-30 19:39:50,029 | INFO | step=2440/20000 loss=-0.0298309 nll=-0.03237122 kl=0.005205577 consistency=0 lambda=0 beta=0.488 grad=62.40531 horizon=140 lifetime=[462,1055] skipped=False
2026-08-30 19:39:50,427 | INFO | step=2450/20000 loss=-0.5902306 nll=-0.5915986 kl=0.002791875 consistency=0 lambda=0 beta=0.49 grad=33.09686 horizon=160 lifetime=[437,938] skipped=False
2026-08-30 19:39:50,824 | INFO | step=2460/20000 loss=-0.497807 nll=-0.4989408 kl=0.00230442 consistency=0 lambda=0 beta=0.492 grad=48.1923 horizon=200 lifetime=[476,933] skipped=False
2026-08-30 19:39:51,227 | INFO | step=2470/20000 loss=0.8101738 nll=0.8064804 kl=0.007476546 consistency=0 lambda=0 beta=0.494 grad=140.5298 horizon=120 lifetime=[476,1055] skipped=False
2026-08-30 19:39:51,634 | INFO | step=2480/20000 loss=-0.1854974 nll=-0.1887642 kl=0.006586246 consistency=0 lambda=0 beta=0.496 grad=63.66884 horizon=300 lifetime=[428,1705] skipped=False
2026-08-30 19:39:52,005 | INFO | step=2490/20000 loss=0.2881956 nll=0.2854616 kl=0.005489841 consistency=0 lambda=0 beta=0.498 grad=122.8575 horizon=200 lifetime=[460,2154] skipped=False
2026-08-30 19:39:52,716 | INFO | validation step=2500 rmse=180.3279 best=153.1298@1500 stale=2/10
2026-08-30 19:39:52,716 | INFO | step=2500/20000 loss=-0.3860806 nll=-0.3877766 kl=0.003392026 consistency=0 lambda=0 beta=0.5 grad=10.97402 horizon=300 lifetime=[622,1055] skipped=False
2026-08-30 19:39:53,156 | INFO | step=2510/20000 loss=-0.4251766 nll=-0.4286611 kl=0.006941341 consistency=0 lambda=0 beta=0.502 grad=31.93905 horizon=160 lifetime=[465,1015] skipped=False
2026-08-30 19:39:53,579 | INFO | step=2520/20000 loss=-0.5724816 nll=-0.5758411 kl=0.006665571 consistency=0 lambda=0 beta=0.504 grad=53.21217 horizon=280 lifetime=[428,988] skipped=False
2026-08-30 19:39:53,970 | INFO | step=2530/20000 loss=-0.1578057 nll=-0.1599451 kl=0.004228164 consistency=0 lambda=0 beta=0.506 grad=17.61023 horizon=100 lifetime=[428,2237] skipped=False
2026-08-30 19:39:54,414 | INFO | step=2540/20000 loss=-0.6957214 nll=-0.698895 kl=0.006247265 consistency=0 lambda=0 beta=0.508 grad=46.50477 horizon=280 lifetime=[465,1007] skipped=False
2026-08-30 19:39:54,782 | INFO | step=2550/20000 loss=0.006001819 nll=0.0008949935 kl=0.01001338 consistency=0 lambda=0 beta=0.51 grad=44.19141 horizon=200 lifetime=[656,1313] skipped=False
2026-08-30 19:39:55,182 | INFO | step=2560/20000 loss=0.2294338 nll=0.2276254 kl=0.003532143 consistency=0 lambda=0 beta=0.512 grad=45.81862 horizon=100 lifetime=[460,1858] skipped=False
2026-08-30 19:39:55,600 | INFO | step=2570/20000 loss=-0.5334982 nll=-0.5365585 kl=0.005953905 consistency=0 lambda=0 beta=0.514 grad=82.88486 horizon=280 lifetime=[470,891] skipped=False
2026-08-30 19:39:55,997 | INFO | step=2580/20000 loss=0.4821602 nll=0.478014 kl=0.008035328 consistency=0 lambda=0 beta=0.516 grad=39.77641 horizon=120 lifetime=[147,988] skipped=False
2026-08-30 19:39:56,414 | INFO | step=2590/20000 loss=-0.3480268 nll=-0.3554357 kl=0.01430289 consistency=0 lambda=0 beta=0.518 grad=14.42031 horizon=120 lifetime=[334,874] skipped=False
2026-08-30 19:39:56,793 | INFO | step=2600/20000 loss=-0.4329205 nll=-0.4362074 kl=0.006320976 consistency=0 lambda=0 beta=0.52 grad=77.65222 horizon=260 lifetime=[484,1061] skipped=False
2026-08-30 19:39:57,162 | INFO | step=2610/20000 loss=0.04462192 nll=0.04104175 kl=0.006858574 consistency=0 lambda=0 beta=0.522 grad=56.72189 horizon=160 lifetime=[488,988] skipped=False
2026-08-30 19:39:57,567 | INFO | step=2620/20000 loss=-0.6892042 nll=-0.6910458 kl=0.003514413 consistency=0 lambda=0 beta=0.524 grad=24.62413 horizon=300 lifetime=[428,930] skipped=False
2026-08-30 19:39:57,985 | INFO | step=2630/20000 loss=0.4129452 nll=0.410853 kl=0.003977574 consistency=0 lambda=0 beta=0.526 grad=85.54794 horizon=100 lifetime=[465,1154] skipped=False
2026-08-30 19:39:58,443 | INFO | step=2640/20000 loss=0.6449029 nll=0.6416299 kl=0.006198897 consistency=0 lambda=0 beta=0.528 grad=94.68447 horizon=220 lifetime=[480,2237] skipped=False
2026-08-30 19:39:58,859 | INFO | step=2650/20000 loss=-0.8325821 nll=-0.834641 kl=0.003884793 consistency=0 lambda=0 beta=0.53 grad=15.46004 horizon=300 lifetime=[442,921] skipped=False
2026-08-30 19:39:59,278 | INFO | step=2660/20000 loss=0.3982305 nll=0.3969696 kl=0.002370067 consistency=0 lambda=0 beta=0.532 grad=166.3963 horizon=300 lifetime=[526,1313] skipped=False
2026-08-30 19:39:59,696 | INFO | step=2670/20000 loss=0.0650623 nll=0.06254342 kl=0.004717002 consistency=0 lambda=0 beta=0.534 grad=28.22756 horizon=160 lifetime=[465,1431] skipped=False
2026-08-30 19:40:00,131 | INFO | step=2680/20000 loss=-0.2274617 nll=-0.2317263 kl=0.007956377 consistency=0 lambda=0 beta=0.536 grad=41.74753 horizon=240 lifetime=[428,1045] skipped=False
2026-08-30 19:40:00,512 | INFO | step=2690/20000 loss=0.3806011 nll=0.3758155 kl=0.008895085 consistency=0 lambda=0 beta=0.538 grad=13.70845 horizon=140 lifetime=[476,1282] skipped=False
2026-08-30 19:40:00,992 | INFO | step=2700/20000 loss=0.2072716 nll=0.2055938 kl=0.003107039 consistency=0 lambda=0 beta=0.54 grad=48.64934 horizon=120 lifetime=[334,1061] skipped=False
2026-08-30 19:40:01,378 | INFO | step=2710/20000 loss=-0.04261283 nll=-0.04636079 kl=0.006915058 consistency=0 lambda=0 beta=0.542 grad=104.5569 horizon=180 lifetime=[437,1313] skipped=False
2026-08-30 19:40:01,773 | INFO | step=2720/20000 loss=-0.41829 nll=-0.4225772 kl=0.007880922 consistency=0 lambda=0 beta=0.544 grad=63.01563 horizon=240 lifetime=[461,1313] skipped=False
2026-08-30 19:40:02,139 | INFO | step=2730/20000 loss=-0.1667769 nll=-0.1701129 kl=0.006109868 consistency=0 lambda=0 beta=0.546 grad=62.885 horizon=120 lifetime=[442,1055] skipped=False
2026-08-30 19:40:02,528 | INFO | step=2740/20000 loss=-0.5550521 nll=-0.5637631 kl=0.01589592 consistency=0 lambda=0 beta=0.548 grad=25.51527 horizon=240 lifetime=[470,1061] skipped=False
2026-08-30 19:40:02,964 | INFO | step=2750/20000 loss=0.4057358 nll=0.400844 kl=0.008894105 consistency=0 lambda=0 beta=0.55 grad=136.0681 horizon=300 lifetime=[784,1858] skipped=False
2026-08-30 19:40:03,360 | INFO | step=2760/20000 loss=-0.04712229 nll=-0.05116194 kl=0.00731821 consistency=0 lambda=0 beta=0.552 grad=63.87848 horizon=200 lifetime=[428,2237] skipped=False
2026-08-30 19:40:03,756 | INFO | step=2770/20000 loss=0.3614247 nll=0.3567829 kl=0.00837882 consistency=0 lambda=0 beta=0.554 grad=28.54728 horizon=120 lifetime=[334,1061] skipped=False
2026-08-30 19:40:04,101 | INFO | step=2780/20000 loss=0.394995 nll=0.392042 kl=0.005311104 consistency=0 lambda=0 beta=0.556 grad=37.33634 horizon=120 lifetime=[482,2237] skipped=False
2026-08-30 19:40:04,498 | INFO | step=2790/20000 loss=-0.7992593 nll=-0.8010315 kl=0.003175993 consistency=0 lambda=0 beta=0.558 grad=49.14143 horizon=220 lifetime=[480,1012] skipped=False
2026-08-30 19:40:04,909 | INFO | step=2800/20000 loss=-0.5783783 nll=-0.5807651 kl=0.004262247 consistency=0 lambda=0 beta=0.56 grad=76.01784 horizon=240 lifetime=[428,988] skipped=False
2026-08-30 19:40:05,326 | INFO | step=2810/20000 loss=-0.4550961 nll=-0.4563394 kl=0.002212401 consistency=0 lambda=0 beta=0.562 grad=69.71296 horizon=300 lifetime=[437,1705] skipped=False
2026-08-30 19:40:05,736 | INFO | step=2820/20000 loss=-0.4005967 nll=-0.4022287 kl=0.00289355 consistency=0 lambda=0 beta=0.564 grad=44.12701 horizon=220 lifetime=[334,1705] skipped=False
2026-08-30 19:40:06,120 | INFO | step=2830/20000 loss=0.2859802 nll=0.284169 kl=0.003199907 consistency=0 lambda=0 beta=0.566 grad=94.36938 horizon=300 lifetime=[334,1052] skipped=False
2026-08-30 19:40:06,495 | INFO | step=2840/20000 loss=-0.6111367 nll=-0.613135 kl=0.00351822 consistency=0 lambda=0 beta=0.568 grad=20.79653 horizon=280 lifetime=[437,1015] skipped=False
2026-08-30 19:40:06,903 | INFO | step=2850/20000 loss=-0.6014286 nll=-0.60452 kl=0.005423382 consistency=0 lambda=0 beta=0.57 grad=39.61219 horizon=280 lifetime=[334,1431] skipped=False
2026-08-30 19:40:07,304 | INFO | step=2860/20000 loss=-0.8368419 nll=-0.8429528 kl=0.01068338 consistency=0 lambda=0 beta=0.572 grad=33.12367 horizon=180 lifetime=[470,863] skipped=False
2026-08-30 19:40:07,723 | INFO | step=2870/20000 loss=-0.3714161 nll=-0.3747935 kl=0.005884001 consistency=0 lambda=0 beta=0.574 grad=54.39823 horizon=180 lifetime=[477,1154] skipped=False
2026-08-30 19:40:08,143 | INFO | step=2880/20000 loss=-0.4273472 nll=-0.4298816 kl=0.004399981 consistency=0 lambda=0 beta=0.576 grad=56.27071 horizon=220 lifetime=[428,1705] skipped=False
2026-08-30 19:40:08,550 | INFO | step=2890/20000 loss=-0.2729374 nll=-0.2770828 kl=0.007171935 consistency=0 lambda=0 beta=0.578 grad=74.69536 horizon=300 lifetime=[453,1007] skipped=False
2026-08-30 19:40:08,982 | INFO | step=2900/20000 loss=-0.5861197 nll=-0.5885526 kl=0.004194758 consistency=0 lambda=0 beta=0.58 grad=37.07308 horizon=280 lifetime=[437,1858] skipped=False
2026-08-30 19:40:09,396 | INFO | step=2910/20000 loss=0.3084165 nll=0.304002 kl=0.007584989 consistency=0 lambda=0 beta=0.582 grad=179.1498 horizon=220 lifetime=[476,1091] skipped=False
2026-08-30 19:40:09,803 | INFO | step=2920/20000 loss=-0.4420419 nll=-0.4456158 kl=0.00611975 consistency=0 lambda=0 beta=0.584 grad=99.33052 horizon=260 lifetime=[460,858] skipped=False
2026-08-30 19:40:10,207 | INFO | step=2930/20000 loss=-0.6008521 nll=-0.6037929 kl=0.005018476 consistency=0 lambda=0 beta=0.586 grad=28.32388 horizon=160 lifetime=[470,1858] skipped=False
2026-08-30 19:40:10,659 | INFO | step=2940/20000 loss=-0.8533113 nll=-0.8553981 kl=0.003548888 consistency=0 lambda=0 beta=0.588 grad=61.01359 horizon=200 lifetime=[461,921] skipped=False
2026-08-30 19:40:11,061 | INFO | step=2950/20000 loss=0.3850038 nll=0.3746513 kl=0.01754675 consistency=0 lambda=0 beta=0.59 grad=39.88308 horizon=140 lifetime=[428,2154] skipped=False
2026-08-30 19:40:11,447 | INFO | step=2960/20000 loss=-0.2865284 nll=-0.2883316 kl=0.003046043 consistency=0 lambda=0 beta=0.592 grad=66.46213 horizon=240 lifetime=[442,1705] skipped=False
2026-08-30 19:40:11,889 | INFO | step=2970/20000 loss=-0.3404728 nll=-0.3417263 kl=0.002110304 consistency=0 lambda=0 beta=0.594 grad=33.20394 horizon=260 lifetime=[462,1431] skipped=False
2026-08-30 19:40:12,302 | INFO | step=2980/20000 loss=-0.6969455 nll=-0.6999593 kl=0.005056659 consistency=0 lambda=0 beta=0.596 grad=29.98234 horizon=180 lifetime=[428,869] skipped=False
2026-08-30 19:40:12,739 | INFO | step=2990/20000 loss=-0.7181989 nll=-0.7248471 kl=0.01111738 consistency=0 lambda=0 beta=0.598 grad=22.96934 horizon=220 lifetime=[334,1091] skipped=False
2026-08-30 19:40:13,445 | INFO | validation step=3000 rmse=148.5203 best=148.5203@3000 stale=0/10
2026-08-30 19:40:13,445 | INFO | step=3000/20000 loss=0.2421785 nll=0.240057 kl=0.003535795 consistency=0 lambda=0 beta=0.6 grad=50.15022 horizon=140 lifetime=[560,1045] skipped=False
2026-08-30 19:40:13,870 | INFO | step=3010/20000 loss=-0.3394132 nll=-0.3422711 kl=0.004747324 consistency=0 lambda=0 beta=0.602 grad=70.55027 horizon=220 lifetime=[442,988] skipped=False
2026-08-30 19:40:14,309 | INFO | step=3020/20000 loss=-0.2764637 nll=-0.2802377 kl=0.006248266 consistency=0 lambda=0 beta=0.604 grad=53.96109 horizon=220 lifetime=[477,1061] skipped=False
2026-08-30 19:40:14,756 | INFO | step=3030/20000 loss=-0.01408936 nll=-0.01559088 kl=0.002477755 consistency=0 lambda=0 beta=0.606 grad=83.13705 horizon=200 lifetime=[501,1061] skipped=False
2026-08-30 19:40:15,128 | INFO | step=3040/20000 loss=-0.128942 nll=-0.1329516 kl=0.006594732 consistency=0 lambda=0 beta=0.608 grad=23.23593 horizon=100 lifetime=[482,1007] skipped=False
2026-08-30 19:40:15,525 | INFO | step=3050/20000 loss=-0.2283477 nll=-0.2304923 kl=0.003515831 consistency=0 lambda=0 beta=0.61 grad=50.12328 horizon=220 lifetime=[428,1061] skipped=False
2026-08-30 19:40:15,912 | INFO | step=3060/20000 loss=0.1414318 nll=0.1370864 kl=0.007100314 consistency=0 lambda=0 beta=0.612 grad=44.89164 horizon=140 lifetime=[470,2154] skipped=False
2026-08-30 19:40:16,344 | INFO | step=3070/20000 loss=-0.01501101 nll=-0.01592362 kl=0.00148633 consistency=0 lambda=0 beta=0.614 grad=32.18145 horizon=160 lifetime=[476,1282] skipped=False
2026-08-30 19:40:16,776 | INFO | step=3080/20000 loss=-0.4182407 nll=-0.4224008 kl=0.006753383 consistency=0 lambda=0 beta=0.616 grad=32.64606 horizon=300 lifetime=[482,1055] skipped=False
2026-08-30 19:40:17,187 | INFO | step=3090/20000 loss=0.02341082 nll=0.01760128 kl=0.009400554 consistency=0 lambda=0 beta=0.618 grad=17.92135 horizon=120 lifetime=[477,1313] skipped=False
2026-08-30 19:40:17,599 | INFO | step=3100/20000 loss=-1.064192 nll=-1.0672 kl=0.004851438 consistency=0 lambda=0 beta=0.62 grad=94.7196 horizon=260 lifetime=[460,633] skipped=False
2026-08-30 19:40:18,010 | INFO | step=3110/20000 loss=-0.1782935 nll=-0.1830184 kl=0.007596361 consistency=0 lambda=0 beta=0.622 grad=86.19501 horizon=220 lifetime=[442,2237] skipped=False
2026-08-30 19:40:18,461 | INFO | step=3120/20000 loss=-0.4921317 nll=-0.4964122 kl=0.006859774 consistency=0 lambda=0 beta=0.624 grad=154.0932 horizon=200 lifetime=[428,921] skipped=False
2026-08-30 19:40:18,847 | INFO | step=3130/20000 loss=-0.5183345 nll=-0.5211421 kl=0.004484974 consistency=0 lambda=0 beta=0.626 grad=40.38705 horizon=220 lifetime=[560,1858] skipped=False
2026-08-30 19:40:19,304 | INFO | step=3140/20000 loss=0.09108344 nll=0.08831122 kl=0.004414369 consistency=0 lambda=0 beta=0.628 grad=102.2952 horizon=280 lifetime=[453,1045] skipped=False
2026-08-30 19:40:19,731 | INFO | step=3150/20000 loss=-0.6154312 nll=-0.6190372 kl=0.005723813 consistency=0 lambda=0 beta=0.63 grad=90.4586 horizon=300 lifetime=[442,1061] skipped=False
2026-08-30 19:40:20,158 | INFO | step=3160/20000 loss=-0.06555611 nll=-0.07011516 kl=0.00721369 consistency=0 lambda=0 beta=0.632 grad=136.8818 horizon=220 lifetime=[470,1007] skipped=False
2026-08-30 19:40:20,558 | INFO | step=3170/20000 loss=-0.1544821 nll=-0.1582887 kl=0.006004221 consistency=0 lambda=0 beta=0.634 grad=44.60131 horizon=200 lifetime=[462,1045] skipped=False
2026-08-30 19:40:20,997 | INFO | step=3180/20000 loss=-0.4829673 nll=-0.4854162 kl=0.003850447 consistency=0 lambda=0 beta=0.636 grad=85.10898 horizon=300 lifetime=[442,1431] skipped=False
2026-08-30 19:40:21,417 | INFO | step=3190/20000 loss=-0.2675947 nll=-0.2734197 kl=0.009130171 consistency=0 lambda=0 beta=0.638 grad=28.29039 horizon=280 lifetime=[453,1858] skipped=False
2026-08-30 19:40:21,832 | INFO | step=3200/20000 loss=0.3866459 nll=0.3856557 kl=0.001547229 consistency=0 lambda=0 beta=0.64 grad=166.0202 horizon=300 lifetime=[476,964] skipped=False
2026-08-30 19:40:22,305 | INFO | step=3210/20000 loss=-0.3830822 nll=-0.3877339 kl=0.007245537 consistency=0 lambda=0 beta=0.642 grad=22.3022 horizon=300 lifetime=[479,1858] skipped=False
2026-08-30 19:40:22,703 | INFO | step=3220/20000 loss=1.027988 nll=1.024048 kl=0.00611759 consistency=0 lambda=0 beta=0.644 grad=147.8776 horizon=120 lifetime=[622,1858] skipped=False
2026-08-30 19:40:23,129 | INFO | step=3230/20000 loss=-0.07855515 nll=-0.0809447 kl=0.003698993 consistency=0 lambda=0 beta=0.646 grad=78.94542 horizon=240 lifetime=[334,1705] skipped=False
2026-08-30 19:40:23,503 | INFO | step=3240/20000 loss=-0.07603057 nll=-0.07923409 kl=0.004943698 consistency=0 lambda=0 beta=0.648 grad=43.37849 horizon=140 lifetime=[501,1061] skipped=False
2026-08-30 19:40:23,936 | INFO | step=3250/20000 loss=-0.5691352 nll=-0.5707633 kl=0.002504822 consistency=0 lambda=0 beta=0.65 grad=82.74408 horizon=240 lifetime=[462,938] skipped=False
2026-08-30 19:40:24,346 | INFO | step=3260/20000 loss=0.04222686 nll=0.03692254 kl=0.008135453 consistency=0 lambda=0 beta=0.652 grad=23.5493 horizon=120 lifetime=[147,863] skipped=False
2026-08-30 19:40:24,712 | INFO | step=3270/20000 loss=-0.500105 nll=-0.5016727 kl=0.002397094 consistency=0 lambda=0 beta=0.654 grad=37.71281 horizon=160 lifetime=[334,933] skipped=False
2026-08-30 19:40:25,122 | INFO | step=3280/20000 loss=-0.1460624 nll=-0.1479114 kl=0.002818592 consistency=0 lambda=0 beta=0.656 grad=38.23132 horizon=160 lifetime=[477,1071] skipped=False
2026-08-30 19:40:25,546 | INFO | step=3290/20000 loss=-0.01281376 nll=-0.01487893 kl=0.003138557 consistency=0 lambda=0 beta=0.658 grad=126.192 horizon=260 lifetime=[460,1282] skipped=False
2026-08-30 19:40:25,971 | INFO | step=3300/20000 loss=0.2553578 nll=0.2528073 kl=0.003864419 consistency=0 lambda=0 beta=0.66 grad=71.48796 horizon=160 lifetime=[498,847] skipped=False
2026-08-30 19:40:26,403 | INFO | step=3310/20000 loss=-0.5077911 nll=-0.5133022 kl=0.008324891 consistency=0 lambda=0 beta=0.662 grad=17.76001 horizon=180 lifetime=[334,1012] skipped=False
2026-08-30 19:40:26,825 | INFO | step=3320/20000 loss=-0.3116486 nll=-0.3142177 kl=0.003869117 consistency=0 lambda=0 beta=0.664 grad=26.86619 horizon=120 lifetime=[442,921] skipped=False
2026-08-30 19:40:27,248 | INFO | step=3330/20000 loss=-0.4488452 nll=-0.4543339 kl=0.008241244 consistency=0 lambda=0 beta=0.666 grad=19.24593 horizon=220 lifetime=[476,1858] skipped=False
2026-08-30 19:40:27,685 | INFO | step=3340/20000 loss=-0.5807821 nll=-0.5835844 kl=0.004195196 consistency=0 lambda=0 beta=0.668 grad=58.90407 horizon=220 lifetime=[461,1313] skipped=False
2026-08-30 19:40:28,050 | INFO | step=3350/20000 loss=-0.23803 nll=-0.2430709 kl=0.00752373 consistency=0 lambda=0 beta=0.67 grad=34.70692 horizon=140 lifetime=[476,1858] skipped=False
2026-08-30 19:40:28,470 | INFO | step=3360/20000 loss=0.8023001 nll=0.7997786 kl=0.003752287 consistency=0 lambda=0 beta=0.672 grad=160.6741 horizon=200 lifetime=[461,1858] skipped=False
2026-08-30 19:40:28,897 | INFO | step=3370/20000 loss=-1.123432 nll=-1.125806 kl=0.003522248 consistency=0 lambda=0 beta=0.674 grad=29.18437 horizon=260 lifetime=[428,858] skipped=False
2026-08-30 19:40:29,280 | INFO | step=3380/20000 loss=-0.1732463 nll=-0.1764395 kl=0.004723668 consistency=0 lambda=0 beta=0.676 grad=168.3663 horizon=160 lifetime=[491,1007] skipped=False
2026-08-30 19:40:29,734 | INFO | step=3390/20000 loss=0.4222245 nll=0.4175578 kl=0.006883075 consistency=0 lambda=0 beta=0.678 grad=213.1653 horizon=300 lifetime=[437,1007] skipped=False
2026-08-30 19:40:30,138 | INFO | step=3400/20000 loss=-0.2448391 nll=-0.2462273 kl=0.002041349 consistency=0 lambda=0 beta=0.68 grad=81.11819 horizon=200 lifetime=[486,1431] skipped=False
2026-08-30 19:40:30,541 | INFO | step=3410/20000 loss=-0.8250847 nll=-0.8282769 kl=0.004680561 consistency=0 lambda=0 beta=0.682 grad=76.36262 horizon=280 lifetime=[476,1071] skipped=False
2026-08-30 19:40:30,909 | INFO | step=3420/20000 loss=-0.2009617 nll=-0.2032156 kl=0.003295247 consistency=0 lambda=0 beta=0.684 grad=47.00043 horizon=140 lifetime=[470,1091] skipped=False
2026-08-30 19:40:31,311 | INFO | step=3430/20000 loss=-1.008724 nll=-1.015028 kl=0.009189274 consistency=0 lambda=0 beta=0.686 grad=23.25941 horizon=200 lifetime=[462,1091] skipped=False
2026-08-30 19:40:31,711 | INFO | step=3440/20000 loss=-0.2532499 nll=-0.2547898 kl=0.002238342 consistency=0 lambda=0 beta=0.688 grad=34.44005 horizon=140 lifetime=[494,1858] skipped=False
2026-08-30 19:40:32,171 | INFO | step=3450/20000 loss=-0.256199 nll=-0.2587403 kl=0.003683141 consistency=0 lambda=0 beta=0.69 grad=104.4457 horizon=240 lifetime=[501,1061] skipped=False
2026-08-30 19:40:32,549 | INFO | step=3460/20000 loss=0.9014453 nll=0.8959997 kl=0.007869354 consistency=0 lambda=0 beta=0.692 grad=256.9266 horizon=280 lifetime=[461,1015] skipped=False
2026-08-30 19:40:32,988 | INFO | step=3470/20000 loss=0.5272389 nll=0.5237614 kl=0.005010864 consistency=0 lambda=0 beta=0.694 grad=246.1263 horizon=280 lifetime=[437,1858] skipped=False
2026-08-30 19:40:33,372 | INFO | step=3480/20000 loss=-0.2670569 nll=-0.2683789 kl=0.001899369 consistency=0 lambda=0 beta=0.696 grad=27.6032 horizon=140 lifetime=[442,1431] skipped=False
2026-08-30 19:40:33,781 | INFO | step=3490/20000 loss=0.3309345 nll=0.3273652 kl=0.005113668 consistency=0 lambda=0 beta=0.698 grad=78.34971 horizon=280 lifetime=[607,2154] skipped=False
2026-08-30 19:40:34,519 | INFO | validation step=3500 rmse=157.5314 best=148.5203@3000 stale=1/10
2026-08-30 19:40:34,519 | INFO | step=3500/20000 loss=-0.6427576 nll=-0.6439422 kl=0.001692314 consistency=0 lambda=0 beta=0.7 grad=69.88498 horizon=240 lifetime=[486,858] skipped=False
2026-08-30 19:40:34,958 | INFO | step=3510/20000 loss=-0.6009822 nll=-0.6043209 kl=0.00475595 consistency=0 lambda=0 beta=0.702 grad=20.44284 horizon=180 lifetime=[460,1091] skipped=False
2026-08-30 19:40:35,361 | INFO | step=3520/20000 loss=0.4092062 nll=0.4082865 kl=0.001306372 consistency=0 lambda=0 beta=0.704 grad=72.93361 horizon=140 lifetime=[597,1705] skipped=False
2026-08-30 19:40:35,765 | INFO | step=3530/20000 loss=-0.2691455 nll=-0.2739466 kl=0.006800372 consistency=0 lambda=0 beta=0.706 grad=56.58302 horizon=260 lifetime=[461,1091] skipped=False
2026-08-30 19:40:36,171 | INFO | step=3540/20000 loss=-0.2961245 nll=-0.2991408 kl=0.004260422 consistency=0 lambda=0 beta=0.708 grad=16.75986 horizon=100 lifetime=[461,2154] skipped=False
2026-08-30 19:40:36,547 | INFO | step=3550/20000 loss=-0.05292334 nll=-0.05470991 kl=0.0025163 consistency=0 lambda=0 beta=0.71 grad=51.31429 horizon=160 lifetime=[656,1313] skipped=False
2026-08-30 19:40:36,922 | INFO | step=3560/20000 loss=1.12835 nll=1.126908 kl=0.002025168 consistency=0 lambda=0 beta=0.712 grad=197.546 horizon=120 lifetime=[147,938] skipped=False
2026-08-30 19:40:37,317 | INFO | step=3570/20000 loss=-0.3437312 nll=-0.3451399 kl=0.001972944 consistency=0 lambda=0 beta=0.714 grad=43.41425 horizon=180 lifetime=[428,933] skipped=False
2026-08-30 19:40:37,722 | INFO | step=3580/20000 loss=-0.7501247 nll=-0.7610976 kl=0.01532522 consistency=0 lambda=0 beta=0.716 grad=17.57082 horizon=140 lifetime=[453,828] skipped=False
2026-08-30 19:40:38,140 | INFO | step=3590/20000 loss=-0.9752797 nll=-0.9772919 kl=0.002802464 consistency=0 lambda=0 beta=0.718 grad=57.35271 horizon=260 lifetime=[437,988] skipped=False
2026-08-30 19:40:38,559 | INFO | step=3600/20000 loss=-0.7115893 nll=-0.715707 kl=0.005719071 consistency=0 lambda=0 beta=0.72 grad=47.80764 horizon=280 lifetime=[470,1705] skipped=False
2026-08-30 19:40:38,991 | INFO | step=3610/20000 loss=0.06646529 nll=0.06509793 kl=0.001893848 consistency=0 lambda=0 beta=0.722 grad=106.4725 horizon=140 lifetime=[442,1015] skipped=False
2026-08-30 19:40:39,419 | INFO | step=3620/20000 loss=-0.2044698 nll=-0.2079464 kl=0.004801825 consistency=0 lambda=0 beta=0.724 grad=159.5011 horizon=200 lifetime=[462,2154] skipped=False
2026-08-30 19:40:39,848 | INFO | step=3630/20000 loss=-0.5884383 nll=-0.5902253 kl=0.002461538 consistency=0 lambda=0 beta=0.726 grad=103.6122 horizon=180 lifetime=[460,1055] skipped=False
2026-08-30 19:40:40,280 | INFO | step=3640/20000 loss=0.437773 nll=0.4333832 kl=0.006029978 consistency=0 lambda=0 beta=0.728 grad=125.1523 horizon=180 lifetime=[428,1313] skipped=False
2026-08-30 19:40:40,736 | INFO | step=3650/20000 loss=-0.5556755 nll=-0.5595177 kl=0.005263343 consistency=0 lambda=0 beta=0.73 grad=37.09787 horizon=240 lifetime=[460,1431] skipped=False
2026-08-30 19:40:41,121 | INFO | step=3660/20000 loss=-0.4897037 nll=-0.492513 kl=0.003837883 consistency=0 lambda=0 beta=0.732 grad=76.78816 horizon=300 lifetime=[428,1431] skipped=False
2026-08-30 19:40:41,486 | INFO | step=3670/20000 loss=-0.09356942 nll=-0.09583926 kl=0.003092423 consistency=0 lambda=0 beta=0.734 grad=123.6555 horizon=140 lifetime=[460,863] skipped=False
2026-08-30 19:40:41,872 | INFO | step=3680/20000 loss=-0.01750306 nll=-0.02111052 kl=0.004901439 consistency=0 lambda=0 beta=0.736 grad=50.07422 horizon=140 lifetime=[428,988] skipped=False
2026-08-30 19:40:42,266 | INFO | step=3690/20000 loss=-0.1928088 nll=-0.1974943 kl=0.006348968 consistency=0 lambda=0 beta=0.738 grad=29.1295 horizon=120 lifetime=[147,964] skipped=False
2026-08-30 19:40:42,651 | INFO | step=3700/20000 loss=0.5453773 nll=0.5437047 kl=0.002260186 consistency=0 lambda=0 beta=0.74 grad=61.6367 horizon=100 lifetime=[470,2154] skipped=False
2026-08-30 19:40:43,110 | INFO | step=3710/20000 loss=-0.8818843 nll=-0.8852556 kl=0.004543535 consistency=0 lambda=0 beta=0.742 grad=35.66318 horizon=280 lifetime=[480,2154] skipped=False
2026-08-30 19:40:43,482 | INFO | step=3720/20000 loss=0.3121274 nll=0.3069426 kl=0.006968722 consistency=0 lambda=0 beta=0.744 grad=82.59027 horizon=140 lifetime=[428,1071] skipped=False
2026-08-30 19:40:43,908 | INFO | step=3730/20000 loss=-0.4414205 nll=-0.4479825 kl=0.008796297 consistency=0 lambda=0 beta=0.746 grad=59.84623 horizon=180 lifetime=[453,1015] skipped=False
2026-08-30 19:40:44,298 | INFO | step=3740/20000 loss=-0.5821519 nll=-0.5865207 kl=0.005840607 consistency=0 lambda=0 beta=0.748 grad=22.53568 horizon=120 lifetime=[460,1071] skipped=False
2026-08-30 19:40:44,689 | INFO | step=3750/20000 loss=-0.4290613 nll=-0.4344706 kl=0.007212415 consistency=0 lambda=0 beta=0.75 grad=25.46366 horizon=140 lifetime=[614,1015] skipped=False
2026-08-30 19:40:45,099 | INFO | step=3760/20000 loss=-0.0006897976 nll=-0.003143005 kl=0.003262244 consistency=0 lambda=0 beta=0.752 grad=55.49285 horizon=120 lifetime=[470,1061] skipped=False
2026-08-30 19:40:45,490 | INFO | step=3770/20000 loss=-0.6416723 nll=-0.644886 kl=0.004262179 consistency=0 lambda=0 beta=0.754 grad=20.91106 horizon=240 lifetime=[453,2237] skipped=False
2026-08-30 19:40:45,908 | INFO | step=3780/20000 loss=1.601896 nll=1.597346 kl=0.0060184 consistency=0 lambda=0 beta=0.756 grad=423.7163 horizon=240 lifetime=[460,1091] skipped=False
2026-08-30 19:40:46,302 | INFO | step=3790/20000 loss=0.2318622 nll=0.2306954 kl=0.001539312 consistency=0 lambda=0 beta=0.758 grad=134.3535 horizon=160 lifetime=[477,811] skipped=False
2026-08-30 19:40:46,671 | INFO | step=3800/20000 loss=0.2087303 nll=0.2059198 kl=0.003698021 consistency=0 lambda=0 beta=0.76 grad=47.75526 horizon=100 lifetime=[460,1052] skipped=False
2026-08-30 19:40:47,038 | INFO | step=3810/20000 loss=-0.2319376 nll=-0.2359857 kl=0.005312387 consistency=0 lambda=0 beta=0.762 grad=58.54821 horizon=120 lifetime=[334,874] skipped=False
2026-08-30 19:40:47,468 | INFO | step=3820/20000 loss=-0.3299692 nll=-0.3327241 kl=0.003605932 consistency=0 lambda=0 beta=0.764 grad=14.77219 horizon=120 lifetime=[437,2237] skipped=False
2026-08-30 19:40:47,903 | INFO | step=3830/20000 loss=-0.5593351 nll=-0.5623387 kl=0.003921233 consistency=0 lambda=0 beta=0.766 grad=83.47146 horizon=240 lifetime=[461,1007] skipped=False
2026-08-30 19:40:48,328 | INFO | step=3840/20000 loss=-0.7143982 nll=-0.7157711 kl=0.001787677 consistency=0 lambda=0 beta=0.768 grad=43.94557 horizon=220 lifetime=[486,2237] skipped=False
2026-08-30 19:40:48,773 | INFO | step=3850/20000 loss=0.3773374 nll=0.3746292 kl=0.003517151 consistency=0 lambda=0 beta=0.77 grad=109.2051 horizon=160 lifetime=[462,1431] skipped=False
2026-08-30 19:40:49,209 | INFO | step=3860/20000 loss=-0.6832871 nll=-0.6867012 kl=0.004422307 consistency=0 lambda=0 beta=0.772 grad=124.4089 horizon=280 lifetime=[334,1091] skipped=False
2026-08-30 19:40:49,587 | INFO | step=3870/20000 loss=-0.8322519 nll=-0.8406999 kl=0.01091473 consistency=0 lambda=0 beta=0.774 grad=35.96817 horizon=260 lifetime=[465,933] skipped=False
2026-08-30 19:40:49,990 | INFO | step=3880/20000 loss=-0.5852737 nll=-0.5873646 kl=0.002694488 consistency=0 lambda=0 beta=0.776 grad=41.01234 horizon=180 lifetime=[482,1061] skipped=False
2026-08-30 19:40:50,361 | INFO | step=3890/20000 loss=-0.6971253 nll=-0.7003946 kl=0.004202247 consistency=0 lambda=0 beta=0.778 grad=39.52663 horizon=180 lifetime=[476,1061] skipped=False
2026-08-30 19:40:50,756 | INFO | step=3900/20000 loss=-0.5984369 nll=-0.6003258 kl=0.00242161 consistency=0 lambda=0 beta=0.78 grad=108.083 horizon=220 lifetime=[460,1313] skipped=False
2026-08-30 19:40:51,224 | INFO | step=3910/20000 loss=-0.3779434 nll=-0.3787622 kl=0.001047134 consistency=0 lambda=0 beta=0.782 grad=46.22217 horizon=240 lifetime=[599,2154] skipped=False
2026-08-30 19:40:51,616 | INFO | step=3920/20000 loss=-0.9315834 nll=-0.9342952 kl=0.003458917 consistency=0 lambda=0 beta=0.784 grad=38.94686 horizon=240 lifetime=[465,933] skipped=False
2026-08-30 19:40:52,198 | INFO | step=3930/20000 loss=-0.8930627 nll=-0.8972015 kl=0.005265735 consistency=0 lambda=0 beta=0.786 grad=48.91534 horizon=220 lifetime=[437,1431] skipped=False
2026-08-30 19:40:52,579 | INFO | step=3940/20000 loss=-0.0471792 nll=-0.05303693 kl=0.00743366 consistency=0 lambda=0 beta=0.788 grad=119.1772 horizon=120 lifetime=[460,988] skipped=False
2026-08-30 19:40:52,996 | INFO | step=3950/20000 loss=-0.4211372 nll=-0.4279507 kl=0.008624688 consistency=0 lambda=0 beta=0.79 grad=72.3353 horizon=280 lifetime=[465,1052] skipped=False
2026-08-30 19:40:53,415 | INFO | step=3960/20000 loss=-0.5827028 nll=-0.5873896 kl=0.005917661 consistency=0 lambda=0 beta=0.792 grad=33.39117 horizon=140 lifetime=[460,826] skipped=False
2026-08-30 19:40:53,833 | INFO | step=3970/20000 loss=-0.08210277 nll=-0.08378841 kl=0.002122976 consistency=0 lambda=0 beta=0.794 grad=51.85888 horizon=160 lifetime=[461,1705] skipped=False
2026-08-30 19:40:54,276 | INFO | step=3980/20000 loss=0.07256053 nll=0.06236966 kl=0.0128026 consistency=0 lambda=0 beta=0.796 grad=16.03581 horizon=100 lifetime=[476,1858] skipped=False
2026-08-30 19:40:54,705 | INFO | step=3990/20000 loss=-0.8883694 nll=-0.8934034 kl=0.006308153 consistency=0 lambda=0 beta=0.798 grad=109.4301 horizon=180 lifetime=[453,1071] skipped=False
2026-08-30 19:40:55,407 | INFO | validation step=4000 rmse=156.9642 best=148.5203@3000 stale=2/10
2026-08-30 19:40:55,407 | INFO | step=4000/20000 loss=-0.6301104 nll=-0.6318791 kl=0.002210788 consistency=0 lambda=0 beta=0.8 grad=72.42307 horizon=200 lifetime=[437,1154] skipped=False
2026-08-30 19:40:55,838 | INFO | step=4010/20000 loss=-0.3931009 nll=-0.3964214 kl=0.00414025 consistency=0 lambda=0 beta=0.802 grad=26.00511 horizon=120 lifetime=[428,1154] skipped=False
2026-08-30 19:40:56,247 | INFO | step=4020/20000 loss=-0.404554 nll=-0.40698 kl=0.00301744 consistency=0 lambda=0 beta=0.804 grad=60.78452 horizon=160 lifetime=[462,1015] skipped=False
2026-08-30 19:40:56,656 | INFO | step=4030/20000 loss=0.03880696 nll=0.03389946 kl=0.006088719 consistency=0 lambda=0 beta=0.806 grad=127.0158 horizon=240 lifetime=[494,1061] skipped=False
2026-08-30 19:40:57,076 | INFO | step=4040/20000 loss=-0.5504976 nll=-0.5534507 kl=0.003654823 consistency=0 lambda=0 beta=0.808 grad=37.94333 horizon=280 lifetime=[477,1282] skipped=False
2026-08-30 19:40:57,466 | INFO | step=4050/20000 loss=-0.6117896 nll=-0.6154085 kl=0.004467711 consistency=0 lambda=0 beta=0.81 grad=18.57596 horizon=220 lifetime=[428,1154] skipped=False
2026-08-30 19:40:57,851 | INFO | step=4060/20000 loss=-0.05837711 nll=-0.06280586 kl=0.005454123 consistency=0 lambda=0 beta=0.812 grad=45.90293 horizon=100 lifetime=[460,1705] skipped=False
2026-08-30 19:40:58,255 | INFO | step=4070/20000 loss=-0.1018523 nll=-0.1054059 kl=0.004365593 consistency=0 lambda=0 beta=0.814 grad=106.7138 horizon=220 lifetime=[334,2237] skipped=False
2026-08-30 19:40:58,662 | INFO | step=4080/20000 loss=-0.5048881 nll=-0.5090601 kl=0.005112775 consistency=0 lambda=0 beta=0.816 grad=66.13699 horizon=280 lifetime=[453,1061] skipped=False
2026-08-30 19:40:59,036 | INFO | step=4090/20000 loss=-0.5308897 nll=-0.5327849 kl=0.00231687 consistency=0 lambda=0 beta=0.818 grad=82.70038 horizon=200 lifetime=[462,2154] skipped=False
2026-08-30 19:40:59,413 | INFO | step=4100/20000 loss=-0.5408459 nll=-0.5422386 kl=0.001698449 consistency=0 lambda=0 beta=0.82 grad=99.73779 horizon=240 lifetime=[486,2154] skipped=False
2026-08-30 19:40:59,828 | INFO | step=4110/20000 loss=-0.9257599 nll=-0.934226 kl=0.01029944 consistency=0 lambda=0 beta=0.822 grad=33.88894 horizon=280 lifetime=[465,1858] skipped=False
2026-08-30 19:41:00,208 | INFO | step=4120/20000 loss=0.1767762 nll=0.1702327 kl=0.007941067 consistency=0 lambda=0 beta=0.824 grad=38.28269 horizon=140 lifetime=[480,1154] skipped=False
2026-08-30 19:41:00,621 | INFO | step=4130/20000 loss=0.158773 nll=0.1520337 kl=0.008158877 consistency=0 lambda=0 beta=0.826 grad=181.1758 horizon=220 lifetime=[482,930] skipped=False
2026-08-30 19:41:00,993 | INFO | step=4140/20000 loss=0.1922352 nll=0.18285 kl=0.01133473 consistency=0 lambda=0 beta=0.828 grad=88.94151 horizon=180 lifetime=[498,1045] skipped=False
2026-08-30 19:41:01,460 | INFO | step=4150/20000 loss=-0.8113996 nll=-0.8131874 kl=0.002153888 consistency=0 lambda=0 beta=0.83 grad=58.6453 horizon=300 lifetime=[476,930] skipped=False
2026-08-30 19:41:01,860 | INFO | step=4160/20000 loss=-0.1235379 nll=-0.1255535 kl=0.002422616 consistency=0 lambda=0 beta=0.832 grad=192.2451 horizon=260 lifetime=[560,988] skipped=False
2026-08-30 19:41:02,246 | INFO | step=4170/20000 loss=-0.5188097 nll=-0.5214283 kl=0.003139839 consistency=0 lambda=0 beta=0.834 grad=139.9508 horizon=180 lifetime=[687,1858] skipped=False
2026-08-30 19:41:02,663 | INFO | step=4180/20000 loss=-1.177944 nll=-1.179476 kl=0.001832783 consistency=0 lambda=0 beta=0.836 grad=31.62886 horizon=280 lifetime=[484,826] skipped=False
2026-08-30 19:41:03,045 | INFO | step=4190/20000 loss=-0.877286 nll=-0.8803571 kl=0.003664896 consistency=0 lambda=0 beta=0.838 grad=57.13141 horizon=300 lifetime=[453,933] skipped=False
2026-08-30 19:41:03,418 | INFO | step=4200/20000 loss=-0.3296306 nll=-0.3356399 kl=0.007153928 consistency=0 lambda=0 beta=0.84 grad=65.58767 horizon=120 lifetime=[428,988] skipped=False
2026-08-30 19:41:03,823 | INFO | step=4210/20000 loss=-0.8182412 nll=-0.819847 kl=0.0019072 consistency=0 lambda=0 beta=0.842 grad=17.65479 horizon=180 lifetime=[334,938] skipped=False
2026-08-30 19:41:04,269 | INFO | step=4220/20000 loss=-1.218133 nll=-1.226393 kl=0.009786546 consistency=0 lambda=0 beta=0.844 grad=24.04471 horizon=300 lifetime=[334,1091] skipped=False
2026-08-30 19:41:04,664 | INFO | step=4230/20000 loss=-0.06216193 nll=-0.06704412 kl=0.005770914 consistency=0 lambda=0 beta=0.846 grad=81.2027 horizon=220 lifetime=[334,871] skipped=False
2026-08-30 19:41:05,032 | INFO | step=4240/20000 loss=0.09684268 nll=0.09208771 kl=0.00560727 consistency=0 lambda=0 beta=0.848 grad=75.23706 horizon=100 lifetime=[476,891] skipped=False
2026-08-30 19:41:05,426 | INFO | step=4250/20000 loss=0.02547011 nll=0.02399528 kl=0.001735091 consistency=0 lambda=0 beta=0.85 grad=85.8575 horizon=160 lifetime=[465,988] skipped=False
2026-08-30 19:41:05,797 | INFO | step=4260/20000 loss=-0.6551049 nll=-0.6585203 kl=0.004008636 consistency=0 lambda=0 beta=0.852 grad=41.55169 horizon=220 lifetime=[526,1071] skipped=False
2026-08-30 19:41:06,201 | INFO | step=4270/20000 loss=0.1703565 nll=0.1679428 kl=0.002826348 consistency=0 lambda=0 beta=0.854 grad=97.69332 horizon=200 lifetime=[491,1705] skipped=False
2026-08-30 19:41:06,606 | INFO | step=4280/20000 loss=0.1162147 nll=0.1138024 kl=0.002818137 consistency=0 lambda=0 beta=0.856 grad=113.0059 horizon=280 lifetime=[614,2237] skipped=False
2026-08-30 19:41:07,011 | INFO | step=4290/20000 loss=-0.2131286 nll=-0.2190172 kl=0.006863192 consistency=0 lambda=0 beta=0.858 grad=25.18067 horizon=120 lifetime=[494,2154] skipped=False
2026-08-30 19:41:07,445 | INFO | step=4300/20000 loss=-0.5856782 nll=-0.5902845 kl=0.00535626 consistency=0 lambda=0 beta=0.86 grad=25.00547 horizon=120 lifetime=[428,852] skipped=False
2026-08-30 19:41:07,831 | INFO | step=4310/20000 loss=-1.109711 nll=-1.111059 kl=0.001563855 consistency=0 lambda=0 beta=0.862 grad=38.66585 horizon=280 lifetime=[437,1154] skipped=False
2026-08-30 19:41:08,211 | INFO | step=4320/20000 loss=-0.2995866 nll=-0.3011209 kl=0.001775794 consistency=0 lambda=0 beta=0.864 grad=39.42616 horizon=140 lifetime=[477,1007] skipped=False
2026-08-30 19:41:08,634 | INFO | step=4330/20000 loss=-0.2862767 nll=-0.2880064 kl=0.001997299 consistency=0 lambda=0 beta=0.866 grad=68.06572 horizon=220 lifetime=[477,1431] skipped=False
2026-08-30 19:41:09,053 | INFO | step=4340/20000 loss=-0.3687909 nll=-0.3712547 kl=0.002838567 consistency=0 lambda=0 beta=0.868 grad=75.97617 horizon=280 lifetime=[476,1055] skipped=False
2026-08-30 19:41:09,483 | INFO | step=4350/20000 loss=-0.7871222 nll=-0.7894531 kl=0.002679095 consistency=0 lambda=0 beta=0.87 grad=23.88695 horizon=200 lifetime=[484,1154] skipped=False
2026-08-30 19:41:09,890 | INFO | step=4360/20000 loss=0.2894159 nll=0.287428 kl=0.002279744 consistency=0 lambda=0 beta=0.872 grad=47.27209 horizon=100 lifetime=[428,988] skipped=False
2026-08-30 19:41:10,321 | INFO | step=4370/20000 loss=-1.141436 nll=-1.142307 kl=0.0009957105 consistency=0 lambda=0 beta=0.874 grad=12.14878 horizon=280 lifetime=[428,891] skipped=False
2026-08-30 19:41:10,791 | INFO | step=4380/20000 loss=0.2233329 nll=0.2214098 kl=0.002195276 consistency=0 lambda=0 beta=0.876 grad=140.2896 horizon=300 lifetime=[614,1052] skipped=False
2026-08-30 19:41:11,231 | INFO | step=4390/20000 loss=-0.8142667 nll=-0.8171167 kl=0.003246021 consistency=0 lambda=0 beta=0.878 grad=54.88253 horizon=280 lifetime=[428,1091] skipped=False
2026-08-30 19:41:11,610 | INFO | step=4400/20000 loss=-0.8413688 nll=-0.8460536 kl=0.005323671 consistency=0 lambda=0 beta=0.88 grad=131.8677 horizon=260 lifetime=[334,1282] skipped=False
2026-08-30 19:41:12,028 | INFO | step=4410/20000 loss=0.7596207 nll=0.7578211 kl=0.002040394 consistency=0 lambda=0 beta=0.882 grad=180.8393 horizon=220 lifetime=[479,1431] skipped=False
2026-08-30 19:41:12,463 | INFO | step=4420/20000 loss=-0.364858 nll=-0.3668021 kl=0.002199188 consistency=0 lambda=0 beta=0.884 grad=48.05582 horizon=180 lifetime=[477,1282] skipped=False
2026-08-30 19:41:12,916 | INFO | step=4430/20000 loss=-0.7781402 nll=-0.7816936 kl=0.004010588 consistency=0 lambda=0 beta=0.886 grad=53.40113 horizon=200 lifetime=[334,1705] skipped=False
2026-08-30 19:41:13,301 | INFO | step=4440/20000 loss=-0.8354175 nll=-0.8377793 kl=0.002659671 consistency=0 lambda=0 beta=0.888 grad=79.61633 horizon=280 lifetime=[453,1858] skipped=False
2026-08-30 19:41:13,741 | INFO | step=4450/20000 loss=-1.327977 nll=-1.329898 kl=0.002157621 consistency=0 lambda=0 beta=0.89 grad=25.31795 horizon=300 lifetime=[334,891] skipped=False
2026-08-30 19:41:14,149 | INFO | step=4460/20000 loss=1.152821 nll=1.149115 kl=0.004154354 consistency=0 lambda=0 beta=0.892 grad=207.0742 horizon=120 lifetime=[505,1071] skipped=False
2026-08-30 19:41:14,508 | INFO | step=4470/20000 loss=-0.710475 nll=-0.7145856 kl=0.004597947 consistency=0 lambda=0 beta=0.894 grad=45.28805 horizon=240 lifetime=[480,1055] skipped=False
2026-08-30 19:41:14,891 | INFO | step=4480/20000 loss=-0.6274026 nll=-0.6361768 kl=0.009792641 consistency=0 lambda=0 beta=0.896 grad=193.5422 horizon=280 lifetime=[428,847] skipped=False
2026-08-30 19:41:15,296 | INFO | step=4490/20000 loss=-0.05011873 nll=-0.05151945 kl=0.001559831 consistency=0 lambda=0 beta=0.898 grad=55.14832 horizon=140 lifetime=[479,1282] skipped=False
2026-08-30 19:41:15,982 | INFO | validation step=4500 rmse=165.7356 best=148.5203@3000 stale=3/10
2026-08-30 19:41:15,982 | INFO | step=4500/20000 loss=-0.4218425 nll=-0.4248981 kl=0.00339511 consistency=0 lambda=0 beta=0.9 grad=24.88861 horizon=100 lifetime=[477,863] skipped=False
2026-08-30 19:41:16,438 | INFO | step=4510/20000 loss=0.01759643 nll=0.01595871 kl=0.001815647 consistency=0 lambda=0 beta=0.902 grad=77.15238 horizon=100 lifetime=[334,1071] skipped=False
2026-08-30 19:41:16,856 | INFO | step=4520/20000 loss=-0.7535107 nll=-0.7555549 kl=0.002261296 consistency=0 lambda=0 beta=0.904 grad=26.82663 horizon=120 lifetime=[428,964] skipped=False
2026-08-30 19:41:17,249 | INFO | step=4530/20000 loss=-0.05569853 nll=-0.05881014 kl=0.003434449 consistency=0 lambda=0 beta=0.906 grad=59.35148 horizon=120 lifetime=[334,1071] skipped=False
2026-08-30 19:41:17,694 | INFO | step=4540/20000 loss=-0.4726844 nll=-0.4742118 kl=0.001682103 consistency=0 lambda=0 beta=0.908 grad=43.90421 horizon=260 lifetime=[488,1313] skipped=False
2026-08-30 19:41:18,107 | INFO | step=4550/20000 loss=-0.6601782 nll=-0.6608933 kl=0.0007857829 consistency=0 lambda=0 beta=0.91 grad=37.21254 horizon=180 lifetime=[470,1052] skipped=False
2026-08-30 19:41:18,556 | INFO | step=4560/20000 loss=-0.3445975 nll=-0.3464897 kl=0.002074704 consistency=0 lambda=0 beta=0.912 grad=46.64381 horizon=180 lifetime=[501,1154] skipped=False
2026-08-30 19:41:18,965 | INFO | step=4570/20000 loss=-0.5825587 nll=-0.5887477 kl=0.006771386 consistency=0 lambda=0 beta=0.914 grad=77.57568 horizon=300 lifetime=[479,1858] skipped=False
2026-08-30 19:41:19,435 | INFO | step=4580/20000 loss=-0.6119113 nll=-0.6144601 kl=0.002782464 consistency=0 lambda=0 beta=0.916 grad=145.4809 horizon=300 lifetime=[488,964] skipped=False
2026-08-30 19:41:19,873 | INFO | step=4590/20000 loss=-0.7512035 nll=-0.752661 kl=0.001587704 consistency=0 lambda=0 beta=0.918 grad=44.37831 horizon=220 lifetime=[477,852] skipped=False
2026-08-30 19:41:20,297 | INFO | step=4600/20000 loss=-1.093605 nll=-1.096545 kl=0.003195345 consistency=0 lambda=0 beta=0.92 grad=29.45259 horizon=280 lifetime=[461,1154] skipped=False
2026-08-30 19:41:20,731 | INFO | step=4610/20000 loss=-1.026157 nll=-1.028297 kl=0.002321318 consistency=0 lambda=0 beta=0.922 grad=36.79987 horizon=300 lifetime=[494,1007] skipped=False
2026-08-30 19:41:21,148 | INFO | step=4620/20000 loss=0.6312653 nll=0.6293171 kl=0.00210844 consistency=0 lambda=0 beta=0.924 grad=410.3647 horizon=200 lifetime=[442,1705] skipped=False
2026-08-30 19:41:21,555 | INFO | step=4630/20000 loss=1.09844 nll=1.095281 kl=0.003411651 consistency=0 lambda=0 beta=0.926 grad=149.3899 horizon=100 lifetime=[147,863] skipped=False
2026-08-30 19:41:21,974 | INFO | step=4640/20000 loss=-0.4507988 nll=-0.4542008 kl=0.003665939 consistency=0 lambda=0 beta=0.928 grad=21.35733 horizon=140 lifetime=[484,2237] skipped=False
2026-08-30 19:41:22,366 | INFO | step=4650/20000 loss=-0.8508734 nll=-0.8518941 kl=0.00109756 consistency=0 lambda=0 beta=0.93 grad=54.64265 horizon=140 lifetime=[453,1154] skipped=False
2026-08-30 19:41:22,812 | INFO | step=4660/20000 loss=-0.8481701 nll=-0.8518335 kl=0.003930703 consistency=0 lambda=0 beta=0.932 grad=53.46799 horizon=160 lifetime=[465,1282] skipped=False
2026-08-30 19:41:23,198 | INFO | step=4670/20000 loss=-0.3795765 nll=-0.3817076 kl=0.002281696 consistency=0 lambda=0 beta=0.934 grad=63.7523 horizon=120 lifetime=[437,988] skipped=False
2026-08-30 19:41:23,585 | INFO | step=4680/20000 loss=0.6101228 nll=0.6064075 kl=0.003969327 consistency=0 lambda=0 beta=0.936 grad=248.2286 horizon=140 lifetime=[470,1282] skipped=False
2026-08-30 19:41:23,983 | INFO | step=4690/20000 loss=-0.1005506 nll=-0.1025977 kl=0.002182394 consistency=0 lambda=0 beta=0.938 grad=59.68008 horizon=100 lifetime=[505,2154] skipped=False
2026-08-30 19:41:24,389 | INFO | step=4700/20000 loss=0.2615015 nll=0.2544504 kl=0.007501081 consistency=0 lambda=0 beta=0.94 grad=38.63786 horizon=120 lifetime=[428,2237] skipped=False
2026-08-30 19:41:24,815 | INFO | step=4710/20000 loss=-1.03429 nll=-1.037833 kl=0.003761321 consistency=0 lambda=0 beta=0.942 grad=94.13509 horizon=300 lifetime=[453,847] skipped=False
2026-08-30 19:41:25,252 | INFO | step=4720/20000 loss=-0.563507 nll=-0.5651021 kl=0.001689732 consistency=0 lambda=0 beta=0.944 grad=86.52805 horizon=220 lifetime=[476,1282] skipped=False
2026-08-30 19:41:25,643 | INFO | step=4730/20000 loss=-1.188486 nll=-1.192731 kl=0.004487038 consistency=0 lambda=0 beta=0.946 grad=49.22636 horizon=280 lifetime=[428,706] skipped=False
2026-08-30 19:41:26,047 | INFO | step=4740/20000 loss=-0.3431316 nll=-0.3484526 kl=0.00561285 consistency=0 lambda=0 beta=0.948 grad=63.62725 horizon=140 lifetime=[453,1012] skipped=False
2026-08-30 19:41:26,470 | INFO | step=4750/20000 loss=-0.08062833 nll=-0.08207273 kl=0.001520425 consistency=0 lambda=0 beta=0.95 grad=84.60815 horizon=240 lifetime=[428,1705] skipped=False
2026-08-30 19:41:26,856 | INFO | step=4760/20000 loss=-0.5033768 nll=-0.5088516 kl=0.005750895 consistency=0 lambda=0 beta=0.952 grad=137.2345 horizon=260 lifetime=[437,1071] skipped=False
2026-08-30 19:41:27,300 | INFO | step=4770/20000 loss=-0.6660106 nll=-0.6683532 kl=0.002455592 consistency=0 lambda=0 beta=0.954 grad=42.28183 horizon=160 lifetime=[484,938] skipped=False
2026-08-30 19:41:27,699 | INFO | step=4780/20000 loss=-0.7583674 nll=-0.7608003 kl=0.00254485 consistency=0 lambda=0 beta=0.956 grad=87.64839 horizon=280 lifetime=[470,2154] skipped=False
2026-08-30 19:41:28,127 | INFO | step=4790/20000 loss=0.3256244 nll=0.3216345 kl=0.00416486 consistency=0 lambda=0 beta=0.958 grad=56.50832 horizon=100 lifetime=[622,1705] skipped=False
2026-08-30 19:41:28,518 | INFO | step=4800/20000 loss=-0.9242252 nll=-0.9253893 kl=0.001212656 consistency=0 lambda=0 beta=0.96 grad=61.22665 horizon=180 lifetime=[461,1015] skipped=False
2026-08-30 19:41:28,900 | INFO | step=4810/20000 loss=-0.536256 nll=-0.538601 kl=0.002437726 consistency=0 lambda=0 beta=0.962 grad=75.96595 horizon=180 lifetime=[442,933] skipped=False
2026-08-30 19:41:29,327 | INFO | step=4820/20000 loss=-1.080541 nll=-1.084721 kl=0.004336342 consistency=0 lambda=0 beta=0.964 grad=63.61643 horizon=260 lifetime=[460,1045] skipped=False
2026-08-30 19:41:29,703 | INFO | step=4830/20000 loss=-0.4502986 nll=-0.4543054 kl=0.004147768 consistency=0 lambda=0 beta=0.966 grad=64.14491 horizon=240 lifetime=[453,1858] skipped=False
2026-08-30 19:41:30,097 | INFO | step=4840/20000 loss=-0.1603037 nll=-0.1640899 kl=0.003911406 consistency=0 lambda=0 beta=0.968 grad=24.85906 horizon=220 lifetime=[428,1705] skipped=False
2026-08-30 19:41:30,476 | INFO | step=4850/20000 loss=-0.5421464 nll=-0.5453321 kl=0.003284156 consistency=0 lambda=0 beta=0.97 grad=47.89438 horizon=140 lifetime=[465,1055] skipped=False
2026-08-30 19:41:30,913 | INFO | step=4860/20000 loss=-1.024589 nll=-1.029077 kl=0.004617363 consistency=0 lambda=0 beta=0.972 grad=71.3674 horizon=300 lifetime=[460,933] skipped=False
2026-08-30 19:41:31,318 | INFO | step=4870/20000 loss=-1.182733 nll=-1.185884 kl=0.003235206 consistency=0 lambda=0 beta=0.974 grad=45.80034 horizon=220 lifetime=[428,1012] skipped=False
2026-08-30 19:41:31,711 | INFO | step=4880/20000 loss=-0.2357219 nll=-0.2372564 kl=0.001572236 consistency=0 lambda=0 beta=0.976 grad=120.1516 horizon=160 lifetime=[460,988] skipped=False
2026-08-30 19:41:32,113 | INFO | step=4890/20000 loss=-0.4185849 nll=-0.4218282 kl=0.003316253 consistency=0 lambda=0 beta=0.978 grad=60.00983 horizon=140 lifetime=[477,1091] skipped=False
2026-08-30 19:41:32,551 | INFO | step=4900/20000 loss=-0.7457398 nll=-0.7479473 kl=0.002252579 consistency=0 lambda=0 beta=0.98 grad=114.188 horizon=300 lifetime=[428,1015] skipped=False
2026-08-30 19:41:32,969 | INFO | step=4910/20000 loss=-0.8950819 nll=-0.8965981 kl=0.001544014 consistency=0 lambda=0 beta=0.982 grad=179.509 horizon=260 lifetime=[462,1431] skipped=False
2026-08-30 19:41:33,359 | INFO | step=4920/20000 loss=0.5059511 nll=0.4993115 kl=0.006747574 consistency=0 lambda=0 beta=0.984 grad=203.6189 horizon=180 lifetime=[505,1061] skipped=False
2026-08-30 19:41:33,751 | INFO | step=4930/20000 loss=-0.393747 nll=-0.3952463 kl=0.001520529 consistency=0 lambda=0 beta=0.986 grad=125.5742 horizon=280 lifetime=[533,2154] skipped=False
2026-08-30 19:41:34,172 | INFO | step=4940/20000 loss=-0.6384108 nll=-0.6428968 kl=0.004540443 consistency=0 lambda=0 beta=0.988 grad=57.08284 horizon=280 lifetime=[465,1045] skipped=False
2026-08-30 19:41:34,561 | INFO | step=4950/20000 loss=-0.7931631 nll=-0.7965148 kl=0.003385514 consistency=0 lambda=0 beta=0.99 grad=54.86719 horizon=220 lifetime=[437,1313] skipped=False
2026-08-30 19:41:34,990 | INFO | step=4960/20000 loss=-0.8269053 nll=-0.8285024 kl=0.001609996 consistency=0 lambda=0 beta=0.992 grad=55.03711 horizon=160 lifetime=[597,933] skipped=False
2026-08-30 19:41:35,394 | INFO | step=4970/20000 loss=-0.5995914 nll=-0.6011819 kl=0.001600072 consistency=0 lambda=0 beta=0.994 grad=95.36641 horizon=160 lifetime=[479,2154] skipped=False
2026-08-30 19:41:35,808 | INFO | step=4980/20000 loss=-0.3679786 nll=-0.3723577 kl=0.004396737 consistency=0 lambda=0 beta=0.996 grad=70.45772 horizon=120 lifetime=[428,2154] skipped=False
2026-08-30 19:41:36,211 | INFO | step=4990/20000 loss=-1.203552 nll=-1.20491 kl=0.001360729 consistency=0 lambda=0 beta=0.998 grad=82.72664 horizon=180 lifetime=[334,1052] skipped=False
2026-08-30 19:41:36,901 | INFO | validation step=5000 rmse=148.2356 best=148.2356@5000 stale=0/10
2026-08-30 19:41:36,901 | INFO | step=5000/20000 loss=-1.072936 nll=-1.077384 kl=0.004448786 consistency=0 lambda=0 beta=1 grad=70.73318 horizon=140 lifetime=[462,1061] skipped=False
2026-08-30 19:41:37,337 | INFO | step=5010/20000 loss=0.3797472 nll=0.3710566 kl=0.008690581 consistency=0 lambda=0 beta=1 grad=81.14159 horizon=120 lifetime=[147,988] skipped=False
2026-08-30 19:41:37,761 | INFO | step=5020/20000 loss=-0.8735967 nll=-0.8749308 kl=0.001334146 consistency=0 lambda=0 beta=1 grad=21.44714 horizon=120 lifetime=[460,1015] skipped=False
2026-08-30 19:41:38,179 | INFO | step=5030/20000 loss=-0.3930682 nll=-0.3950589 kl=0.001990676 consistency=0 lambda=0 beta=1 grad=170.7663 horizon=160 lifetime=[453,1052] skipped=False
2026-08-30 19:41:38,600 | INFO | step=5040/20000 loss=-0.5565873 nll=-0.5587734 kl=0.00218609 consistency=0 lambda=0 beta=1 grad=116.2399 horizon=260 lifetime=[557,1431] skipped=False
2026-08-30 19:41:39,022 | INFO | step=5050/20000 loss=-0.3775299 nll=-0.3824261 kl=0.004896209 consistency=0 lambda=0 beta=1 grad=128.6084 horizon=240 lifetime=[476,2154] skipped=False
2026-08-30 19:41:39,431 | INFO | step=5060/20000 loss=-0.5003149 nll=-0.5031868 kl=0.002871946 consistency=0 lambda=0 beta=1 grad=47.7634 horizon=100 lifetime=[334,1052] skipped=False
2026-08-30 19:41:39,870 | INFO | step=5070/20000 loss=-1.241639 nll=-1.245777 kl=0.004137382 consistency=0 lambda=0 beta=1 grad=55.95881 horizon=300 lifetime=[470,868] skipped=False
2026-08-30 19:41:40,267 | INFO | step=5080/20000 loss=-0.3676043 nll=-0.3749656 kl=0.007361308 consistency=0 lambda=0 beta=1 grad=58.70889 horizon=220 lifetime=[607,1705] skipped=False
2026-08-30 19:41:40,673 | INFO | step=5090/20000 loss=-0.7907112 nll=-0.7934107 kl=0.00269942 consistency=0 lambda=0 beta=1 grad=100.744 horizon=260 lifetime=[480,921] skipped=False
2026-08-30 19:41:41,068 | INFO | step=5100/20000 loss=-0.3147382 nll=-0.3171025 kl=0.002364337 consistency=0 lambda=0 beta=1 grad=127.2888 horizon=200 lifetime=[460,1071] skipped=False
2026-08-30 19:41:41,472 | INFO | step=5110/20000 loss=-1.23411 nll=-1.236806 kl=0.002695978 consistency=0 lambda=0 beta=1 grad=55.23693 horizon=220 lifetime=[498,1154] skipped=False
2026-08-30 19:41:41,852 | INFO | step=5120/20000 loss=0.4976437 nll=0.4950552 kl=0.002588481 consistency=0 lambda=0 beta=1 grad=90.97968 horizon=220 lifetime=[437,2237] skipped=False
2026-08-30 19:41:42,282 | INFO | step=5130/20000 loss=-0.5307505 nll=-0.5324342 kl=0.001683712 consistency=0 lambda=0 beta=1 grad=91.17809 horizon=280 lifetime=[533,2154] skipped=False
2026-08-30 19:41:42,642 | INFO | step=5140/20000 loss=-1.278093 nll=-1.281061 kl=0.002968043 consistency=0 lambda=0 beta=1 grad=196.7045 horizon=200 lifetime=[462,869] skipped=False
2026-08-30 19:41:43,022 | INFO | step=5150/20000 loss=-0.8723609 nll=-0.8747405 kl=0.002379581 consistency=0 lambda=0 beta=1 grad=28.1942 horizon=100 lifetime=[460,863] skipped=False
2026-08-30 19:41:43,427 | INFO | step=5160/20000 loss=-0.9560391 nll=-0.9577402 kl=0.001701131 consistency=0 lambda=0 beta=1 grad=99.29887 horizon=200 lifetime=[334,1313] skipped=False
2026-08-30 19:41:43,839 | INFO | step=5170/20000 loss=-1.088424 nll=-1.089542 kl=0.001118466 consistency=0 lambda=0 beta=1 grad=88.09047 horizon=260 lifetime=[453,887] skipped=False
2026-08-30 19:41:44,207 | INFO | step=5180/20000 loss=-0.06648357 nll=-0.07374251 kl=0.007258937 consistency=0 lambda=0 beta=1 grad=49.63739 horizon=120 lifetime=[482,2154] skipped=False
2026-08-30 19:41:44,655 | INFO | step=5190/20000 loss=0.2222461 nll=0.2209241 kl=0.001321912 consistency=0 lambda=0 beta=1 grad=286.8987 horizon=260 lifetime=[480,1705] skipped=False
2026-08-30 19:41:45,035 | INFO | step=5200/20000 loss=0.2293084 nll=0.2257676 kl=0.003540769 consistency=0 lambda=0 beta=1 grad=146.1792 horizon=140 lifetime=[147,1282] skipped=False
2026-08-30 19:41:45,427 | INFO | step=5210/20000 loss=-0.8425478 nll=-0.8448956 kl=0.002347767 consistency=0 lambda=0 beta=1 grad=125.9728 horizon=280 lifetime=[334,784] skipped=False
2026-08-30 19:41:45,851 | INFO | step=5220/20000 loss=-0.6760526 nll=-0.6771545 kl=0.001101971 consistency=0 lambda=0 beta=1 grad=65.45744 horizon=180 lifetime=[462,2237] skipped=False
2026-08-30 19:41:46,230 | INFO | step=5230/20000 loss=-0.8161705 nll=-0.8179672 kl=0.001796678 consistency=0 lambda=0 beta=1 grad=21.28638 horizon=140 lifetime=[442,988] skipped=False
2026-08-30 19:41:46,629 | INFO | step=5240/20000 loss=-0.5787719 nll=-0.5800793 kl=0.001307368 consistency=0 lambda=0 beta=1 grad=51.28368 horizon=180 lifetime=[428,1858] skipped=False
2026-08-30 19:41:47,016 | INFO | step=5250/20000 loss=0.2313321 nll=0.2288233 kl=0.002508789 consistency=0 lambda=0 beta=1 grad=119.24 horizon=260 lifetime=[482,1858] skipped=False
2026-08-30 19:41:47,454 | INFO | step=5260/20000 loss=-1.263717 nll=-1.264708 kl=0.0009916425 consistency=0 lambda=0 beta=1 grad=115.7863 horizon=300 lifetime=[460,777] skipped=False
2026-08-30 19:41:47,868 | INFO | step=5270/20000 loss=-1.095865 nll=-1.097653 kl=0.001788422 consistency=0 lambda=0 beta=1 grad=35.00695 horizon=200 lifetime=[462,938] skipped=False
2026-08-30 19:41:48,280 | INFO | step=5280/20000 loss=-0.0151028 nll=-0.0168508 kl=0.001747996 consistency=0 lambda=0 beta=1 grad=213.0266 horizon=300 lifetime=[597,1282] skipped=False
2026-08-30 19:41:48,648 | INFO | step=5290/20000 loss=-0.3417411 nll=-0.3444647 kl=0.002723515 consistency=0 lambda=0 beta=1 grad=70.23968 horizon=240 lifetime=[428,1055] skipped=False
2026-08-30 19:41:49,036 | INFO | step=5300/20000 loss=-0.5830986 nll=-0.5864575 kl=0.003358811 consistency=0 lambda=0 beta=1 grad=36.69046 horizon=120 lifetime=[461,2237] skipped=False
2026-08-30 19:41:49,449 | INFO | step=5310/20000 loss=-0.4205466 nll=-0.4212192 kl=0.0006725788 consistency=0 lambda=0 beta=1 grad=134.8065 horizon=240 lifetime=[476,964] skipped=False
2026-08-30 19:41:49,816 | INFO | step=5320/20000 loss=-1.008502 nll=-1.010457 kl=0.001954675 consistency=0 lambda=0 beta=1 grad=97.58971 horizon=280 lifetime=[494,863] skipped=False
2026-08-30 19:41:50,209 | INFO | step=5330/20000 loss=-0.8320349 nll=-0.8376923 kl=0.005657405 consistency=0 lambda=0 beta=1 grad=105.227 horizon=240 lifetime=[599,1061] skipped=False
2026-08-30 19:41:50,611 | INFO | step=5340/20000 loss=-0.6214004 nll=-0.6223788 kl=0.0009783506 consistency=0 lambda=0 beta=1 grad=67.69118 horizon=160 lifetime=[428,938] skipped=False
2026-08-30 19:41:51,044 | INFO | step=5350/20000 loss=-0.7417207 nll=-0.7451187 kl=0.003398001 consistency=0 lambda=0 beta=1 grad=87.40789 horizon=180 lifetime=[334,938] skipped=False
2026-08-30 19:41:51,426 | INFO | step=5360/20000 loss=-1.419466 nll=-1.420389 kl=0.0009231865 consistency=0 lambda=0 beta=1 grad=48.29735 horizon=240 lifetime=[462,774] skipped=False
2026-08-30 19:41:51,846 | INFO | step=5370/20000 loss=-0.8812227 nll=-0.8822462 kl=0.001023442 consistency=0 lambda=0 beta=1 grad=114.283 horizon=280 lifetime=[442,1015] skipped=False
2026-08-30 19:41:52,238 | INFO | step=5380/20000 loss=0.8318889 nll=0.8298909 kl=0.001997948 consistency=0 lambda=0 beta=1 grad=60.64537 horizon=100 lifetime=[465,1858] skipped=False
2026-08-30 19:41:52,676 | INFO | step=5390/20000 loss=-0.5854509 nll=-0.5870122 kl=0.001561284 consistency=0 lambda=0 beta=1 grad=138.8377 horizon=240 lifetime=[334,933] skipped=False
2026-08-30 19:41:53,076 | INFO | step=5400/20000 loss=-0.5625255 nll=-0.5659969 kl=0.003471464 consistency=0 lambda=0 beta=1 grad=71.77119 horizon=140 lifetime=[470,1071] skipped=False
2026-08-30 19:41:53,480 | INFO | step=5410/20000 loss=-0.7289599 nll=-0.7313557 kl=0.002395749 consistency=0 lambda=0 beta=1 grad=41.52372 horizon=180 lifetime=[470,1705] skipped=False
2026-08-30 19:41:53,889 | INFO | step=5420/20000 loss=-0.6983292 nll=-0.7011087 kl=0.002779454 consistency=0 lambda=0 beta=1 grad=92.84537 horizon=220 lifetime=[476,1431] skipped=False
2026-08-30 19:41:54,258 | INFO | step=5430/20000 loss=-0.2212721 nll=-0.225917 kl=0.004644901 consistency=0 lambda=0 beta=1 grad=139.6176 horizon=100 lifetime=[147,1858] skipped=False
2026-08-30 19:41:54,661 | INFO | step=5440/20000 loss=-0.3554834 nll=-0.3561144 kl=0.0006309748 consistency=0 lambda=0 beta=1 grad=64.75653 horizon=160 lifetime=[486,2154] skipped=False
2026-08-30 19:41:55,027 | INFO | step=5450/20000 loss=0.002272598 nll=-0.0009002015 kl=0.0031728 consistency=0 lambda=0 beta=1 grad=33.62526 horizon=100 lifetime=[147,1313] skipped=False
2026-08-30 19:41:55,395 | INFO | step=5460/20000 loss=-0.4036452 nll=-0.4068439 kl=0.003198683 consistency=0 lambda=0 beta=1 grad=62.82655 horizon=100 lifetime=[453,841] skipped=False
2026-08-30 19:41:55,777 | INFO | step=5470/20000 loss=-0.9518238 nll=-0.9526243 kl=0.0008004755 consistency=0 lambda=0 beta=1 grad=71.58249 horizon=160 lifetime=[461,938] skipped=False
2026-08-30 19:41:56,162 | INFO | step=5480/20000 loss=-0.9989014 nll=-1.000052 kl=0.001150802 consistency=0 lambda=0 beta=1 grad=151.3462 horizon=200 lifetime=[461,921] skipped=False
2026-08-30 19:41:56,581 | INFO | step=5490/20000 loss=-0.7623124 nll=-0.7644328 kl=0.002120495 consistency=0 lambda=0 beta=1 grad=53.17731 horizon=240 lifetime=[476,1061] skipped=False
2026-08-30 19:41:57,261 | INFO | validation step=5500 rmse=156.8891 best=148.2356@5000 stale=1/10
2026-08-30 19:41:57,261 | INFO | step=5500/20000 loss=-1.099409 nll=-1.101586 kl=0.002176613 consistency=0 lambda=0 beta=1 grad=52.81173 horizon=240 lifetime=[334,1045] skipped=False
2026-08-30 19:41:57,732 | INFO | step=5510/20000 loss=-0.3385173 nll=-0.3408116 kl=0.002294257 consistency=0 lambda=0 beta=1 grad=118.8613 horizon=300 lifetime=[484,1071] skipped=False
2026-08-30 19:41:58,092 | INFO | step=5520/20000 loss=-0.8107876 nll=-0.8124446 kl=0.001657039 consistency=0 lambda=0 beta=1 grad=111.2266 horizon=220 lifetime=[477,930] skipped=False
2026-08-30 19:41:58,488 | INFO | step=5530/20000 loss=-0.9001129 nll=-0.9030232 kl=0.002910301 consistency=0 lambda=0 beta=1 grad=59.66343 horizon=280 lifetime=[488,1858] skipped=False
2026-08-30 19:41:58,875 | INFO | step=5540/20000 loss=-0.1870922 nll=-0.191114 kl=0.004021794 consistency=0 lambda=0 beta=1 grad=60.98317 horizon=140 lifetime=[460,988] skipped=False
2026-08-30 19:41:59,245 | INFO | step=5550/20000 loss=-1.321709 nll=-1.323156 kl=0.001446649 consistency=0 lambda=0 beta=1 grad=58.97279 horizon=220 lifetime=[460,988] skipped=False
2026-08-30 19:41:59,681 | INFO | step=5560/20000 loss=-0.5231552 nll=-0.528446 kl=0.005290791 consistency=0 lambda=0 beta=1 grad=67.07542 horizon=300 lifetime=[476,1015] skipped=False
2026-08-30 19:42:00,084 | INFO | step=5570/20000 loss=-0.862289 nll=-0.8643697 kl=0.002080679 consistency=0 lambda=0 beta=1 grad=46.87343 horizon=220 lifetime=[465,887] skipped=False
2026-08-30 19:42:00,466 | INFO | step=5580/20000 loss=-0.08438255 nll=-0.08556774 kl=0.001185194 consistency=0 lambda=0 beta=1 grad=155.3379 horizon=160 lifetime=[428,1071] skipped=False
2026-08-30 19:42:00,889 | INFO | step=5590/20000 loss=-0.7083102 nll=-0.7101781 kl=0.00186795 consistency=0 lambda=0 beta=1 grad=105.1959 horizon=240 lifetime=[519,1858] skipped=False
2026-08-30 19:42:01,267 | INFO | step=5600/20000 loss=-0.820265 nll=-0.8264322 kl=0.006167188 consistency=0 lambda=0 beta=1 grad=36.93225 horizon=180 lifetime=[442,1154] skipped=False
2026-08-30 19:42:01,696 | INFO | step=5610/20000 loss=-1.161091 nll=-1.161786 kl=0.0006946027 consistency=0 lambda=0 beta=1 grad=141.9726 horizon=200 lifetime=[465,1045] skipped=False
2026-08-30 19:42:02,110 | INFO | step=5620/20000 loss=-0.4968657 nll=-0.4976813 kl=0.0008156002 consistency=0 lambda=0 beta=1 grad=133.739 horizon=200 lifetime=[533,2154] skipped=False
2026-08-30 19:42:02,532 | INFO | step=5630/20000 loss=-0.2739448 nll=-0.2747546 kl=0.0008097291 consistency=0 lambda=0 beta=1 grad=126.8756 horizon=180 lifetime=[428,1091] skipped=False
2026-08-30 19:42:02,997 | INFO | step=5640/20000 loss=-0.4529581 nll=-0.4540107 kl=0.001052544 consistency=0 lambda=0 beta=1 grad=173.684 horizon=280 lifetime=[512,1012] skipped=False
2026-08-30 19:42:03,443 | INFO | step=5650/20000 loss=-1.411383 nll=-1.41262 kl=0.001237109 consistency=0 lambda=0 beta=1 grad=67.15181 horizon=240 lifetime=[476,964] skipped=False
2026-08-30 19:42:03,816 | INFO | step=5660/20000 loss=-0.3236185 nll=-0.3255756 kl=0.001957089 consistency=0 lambda=0 beta=1 grad=77.03578 horizon=140 lifetime=[498,1282] skipped=False
2026-08-30 19:42:04,223 | INFO | step=5670/20000 loss=-0.07514068 nll=-0.08033875 kl=0.005198061 consistency=0 lambda=0 beta=1 grad=122.0627 horizon=220 lifetime=[470,988] skipped=False
2026-08-30 19:42:04,586 | INFO | step=5680/20000 loss=-1.09001 nll=-1.090811 kl=0.0008012056 consistency=0 lambda=0 beta=1 grad=43.51228 horizon=180 lifetime=[334,988] skipped=False
2026-08-30 19:42:04,995 | INFO | step=5690/20000 loss=-0.009184867 nll=-0.01062441 kl=0.001439542 consistency=0 lambda=0 beta=1 grad=127.944 horizon=180 lifetime=[437,2237] skipped=False
2026-08-30 19:42:05,424 | INFO | step=5700/20000 loss=-1.156204 nll=-1.158337 kl=0.002133012 consistency=0 lambda=0 beta=1 grad=86.71552 horizon=260 lifetime=[460,1061] skipped=False
2026-08-30 19:42:05,836 | INFO | step=5710/20000 loss=-1.202075 nll=-1.203438 kl=0.001362711 consistency=0 lambda=0 beta=1 grad=41.9628 horizon=280 lifetime=[334,877] skipped=False
2026-08-30 19:42:06,208 | INFO | step=5720/20000 loss=-0.4339748 nll=-0.4350869 kl=0.001112044 consistency=0 lambda=0 beta=1 grad=46.85875 horizon=180 lifetime=[498,2237] skipped=False
2026-08-30 19:42:06,587 | INFO | step=5730/20000 loss=0.2100306 nll=0.2084949 kl=0.001535684 consistency=0 lambda=0 beta=1 grad=96.97127 horizon=200 lifetime=[488,1282] skipped=False
2026-08-30 19:42:06,974 | INFO | step=5740/20000 loss=-0.3702638 nll=-0.3720731 kl=0.00180921 consistency=0 lambda=0 beta=1 grad=90.19022 horizon=140 lifetime=[428,1431] skipped=False
2026-08-30 19:42:07,358 | INFO | step=5750/20000 loss=-1.022867 nll=-1.025741 kl=0.002874047 consistency=0 lambda=0 beta=1 grad=185.6884 horizon=300 lifetime=[462,933] skipped=False
2026-08-30 19:42:07,802 | INFO | step=5760/20000 loss=-0.6696267 nll=-0.6710327 kl=0.001406014 consistency=0 lambda=0 beta=1 grad=118.3945 horizon=200 lifetime=[437,988] skipped=False
2026-08-30 19:42:08,242 | INFO | step=5770/20000 loss=-0.7585467 nll=-0.7621087 kl=0.003561974 consistency=0 lambda=0 beta=1 grad=86.24091 horizon=300 lifetime=[428,1045] skipped=False
2026-08-30 19:42:08,633 | INFO | step=5780/20000 loss=-1.070199 nll=-1.07147 kl=0.001271337 consistency=0 lambda=0 beta=1 grad=108.5801 horizon=240 lifetime=[428,1431] skipped=False
2026-08-30 19:42:09,070 | INFO | step=5790/20000 loss=-1.184315 nll=-1.188778 kl=0.004463404 consistency=0 lambda=0 beta=1 grad=40.11044 horizon=280 lifetime=[334,2154] skipped=False
2026-08-30 19:42:09,422 | INFO | step=5800/20000 loss=-0.2348961 nll=-0.2360168 kl=0.001120716 consistency=0 lambda=0 beta=1 grad=52.9132 horizon=120 lifetime=[460,1061] skipped=False
2026-08-30 19:42:09,812 | INFO | step=5810/20000 loss=-0.8252588 nll=-0.8271146 kl=0.001855791 consistency=0 lambda=0 beta=1 grad=77.30019 horizon=220 lifetime=[491,988] skipped=False
2026-08-30 19:42:10,227 | INFO | step=5820/20000 loss=-0.4068835 nll=-0.4078524 kl=0.0009689331 consistency=0 lambda=0 beta=1 grad=123.8246 horizon=260 lifetime=[461,2154] skipped=False
2026-08-30 19:42:10,628 | INFO | step=5830/20000 loss=-0.8895168 nll=-0.8907307 kl=0.001213849 consistency=0 lambda=0 beta=1 grad=60.15583 horizon=160 lifetime=[428,1061] skipped=False
2026-08-30 19:42:11,044 | INFO | step=5840/20000 loss=-0.7532924 nll=-0.7573286 kl=0.004036158 consistency=0 lambda=0 beta=1 grad=115.9886 horizon=240 lifetime=[486,1431] skipped=False
2026-08-30 19:42:11,466 | INFO | step=5850/20000 loss=-0.3682786 nll=-0.3702807 kl=0.00200215 consistency=0 lambda=0 beta=1 grad=227.0011 horizon=240 lifetime=[334,1052] skipped=False
2026-08-30 19:42:11,875 | INFO | step=5860/20000 loss=-0.8895917 nll=-0.8907667 kl=0.001175076 consistency=0 lambda=0 beta=1 grad=28.52104 horizon=180 lifetime=[460,2237] skipped=False
2026-08-30 19:42:12,270 | INFO | step=5870/20000 loss=-1.449466 nll=-1.450935 kl=0.001468927 consistency=0 lambda=0 beta=1 grad=74.56015 horizon=280 lifetime=[462,2154] skipped=False
2026-08-30 19:42:12,693 | INFO | step=5880/20000 loss=-0.7463783 nll=-0.7474751 kl=0.001096874 consistency=0 lambda=0 beta=1 grad=94.4992 horizon=240 lifetime=[498,1313] skipped=False
2026-08-30 19:42:13,121 | INFO | step=5890/20000 loss=-0.7847365 nll=-0.7860587 kl=0.00132224 consistency=0 lambda=0 beta=1 grad=43.55347 horizon=240 lifetime=[491,1055] skipped=False
2026-08-30 19:42:13,551 | INFO | step=5900/20000 loss=-0.40206 nll=-0.403259 kl=0.001199007 consistency=0 lambda=0 beta=1 grad=94.75485 horizon=240 lifetime=[482,1282] skipped=False
2026-08-30 19:42:13,955 | INFO | step=5910/20000 loss=0.5167078 nll=0.5123413 kl=0.004366577 consistency=0 lambda=0 beta=1 grad=234.7233 horizon=240 lifetime=[476,2237] skipped=False
2026-08-30 19:42:14,364 | INFO | step=5920/20000 loss=-0.4055611 nll=-0.4087356 kl=0.003174543 consistency=0 lambda=0 beta=1 grad=62.95163 horizon=300 lifetime=[476,1061] skipped=False
2026-08-30 19:42:14,746 | INFO | step=5930/20000 loss=-0.4187143 nll=-0.4205747 kl=0.00186038 consistency=0 lambda=0 beta=1 grad=125.3976 horizon=280 lifetime=[442,2237] skipped=False
2026-08-30 19:42:15,099 | INFO | step=5940/20000 loss=-0.7180564 nll=-0.7202168 kl=0.002160341 consistency=0 lambda=0 beta=1 grad=59.61387 horizon=180 lifetime=[462,1431] skipped=False
2026-08-30 19:42:15,540 | INFO | step=5950/20000 loss=-0.9156883 nll=-0.9184594 kl=0.002771109 consistency=0 lambda=0 beta=1 grad=60.5386 horizon=240 lifetime=[488,1055] skipped=False
2026-08-30 19:42:15,953 | INFO | step=5960/20000 loss=-0.6309025 nll=-0.6347042 kl=0.003801703 consistency=0 lambda=0 beta=1 grad=32.39647 horizon=100 lifetime=[453,1052] skipped=False
2026-08-30 19:42:16,352 | INFO | step=5970/20000 loss=-0.2652941 nll=-0.2685047 kl=0.003210604 consistency=0 lambda=0 beta=1 grad=40.0142 horizon=100 lifetime=[437,1313] skipped=False
2026-08-30 19:42:16,827 | INFO | step=5980/20000 loss=-1.342849 nll=-1.344581 kl=0.001731873 consistency=0 lambda=0 beta=1 grad=177.5942 horizon=280 lifetime=[453,988] skipped=False
2026-08-30 19:42:17,217 | INFO | step=5990/20000 loss=-1.04226 nll=-1.044942 kl=0.002682745 consistency=0 lambda=0 beta=1 grad=127.9573 horizon=280 lifetime=[437,1012] skipped=False
2026-08-30 19:42:17,919 | INFO | validation step=6000 rmse=151.3586 best=148.2356@5000 stale=2/10
2026-08-30 19:42:17,919 | INFO | step=6000/20000 loss=-0.1432761 nll=-0.1450661 kl=0.001789987 consistency=0 lambda=0 beta=1 grad=110.3857 horizon=220 lifetime=[460,1055] skipped=False
2026-08-30 19:42:18,370 | INFO | step=6010/20000 loss=-0.6833589 nll=-0.685136 kl=0.001777053 consistency=0 lambda=0 beta=1 grad=28.07927 horizon=120 lifetime=[334,2154] skipped=False
2026-08-30 19:42:18,740 | INFO | step=6020/20000 loss=-0.6635463 nll=-0.6669165 kl=0.003370166 consistency=0 lambda=0 beta=1 grad=51.68272 horizon=100 lifetime=[460,1052] skipped=False
2026-08-30 19:42:19,115 | INFO | step=6030/20000 loss=-0.8321646 nll=-0.8338864 kl=0.001721829 consistency=0 lambda=0 beta=1 grad=45.57708 horizon=160 lifetime=[482,1705] skipped=False
2026-08-30 19:42:19,459 | INFO | step=6040/20000 loss=-0.5593802 nll=-0.5620433 kl=0.002663136 consistency=0 lambda=0 beta=1 grad=47.94855 horizon=180 lifetime=[482,1282] skipped=False
2026-08-30 19:42:19,911 | INFO | step=6050/20000 loss=-0.7937703 nll=-0.7951238 kl=0.001353472 consistency=0 lambda=0 beta=1 grad=41.93355 horizon=160 lifetime=[428,1154] skipped=False
2026-08-30 19:42:20,302 | INFO | step=6060/20000 loss=-1.151456 nll=-1.154713 kl=0.003257155 consistency=0 lambda=0 beta=1 grad=30.24101 horizon=220 lifetime=[480,1061] skipped=False
2026-08-30 19:42:20,717 | INFO | step=6070/20000 loss=-0.9337616 nll=-0.9349757 kl=0.001214176 consistency=0 lambda=0 beta=1 grad=65.72397 horizon=160 lifetime=[476,1154] skipped=False
2026-08-30 19:42:21,183 | INFO | step=6080/20000 loss=-0.1982753 nll=-0.2000962 kl=0.001820862 consistency=0 lambda=0 beta=1 grad=46.90408 horizon=180 lifetime=[486,1012] skipped=False
2026-08-30 19:42:21,572 | INFO | step=6090/20000 loss=-0.6567668 nll=-0.6593663 kl=0.002599508 consistency=0 lambda=0 beta=1 grad=58.83352 horizon=200 lifetime=[334,1282] skipped=False
2026-08-30 19:42:21,933 | INFO | step=6100/20000 loss=-0.1680139 nll=-0.1697304 kl=0.001716584 consistency=0 lambda=0 beta=1 grad=50.59533 horizon=100 lifetime=[494,1705] skipped=False
2026-08-30 19:42:22,333 | INFO | step=6110/20000 loss=-0.5571905 nll=-0.5580881 kl=0.0008975267 consistency=0 lambda=0 beta=1 grad=34.58619 horizon=180 lifetime=[479,1431] skipped=False
2026-08-30 19:42:22,782 | INFO | step=6120/20000 loss=-0.6281406 nll=-0.6295171 kl=0.001376539 consistency=0 lambda=0 beta=1 grad=214.5834 horizon=260 lifetime=[533,988] skipped=False
2026-08-30 19:42:23,141 | INFO | step=6130/20000 loss=-0.5527815 nll=-0.5572668 kl=0.00448525 consistency=0 lambda=0 beta=1 grad=135.7421 horizon=300 lifetime=[442,2154] skipped=False
2026-08-30 19:42:23,552 | INFO | step=6140/20000 loss=-0.5053533 nll=-0.5062986 kl=0.0009453297 consistency=0 lambda=0 beta=1 grad=61.06546 horizon=160 lifetime=[482,1061] skipped=False
2026-08-30 19:42:23,961 | INFO | step=6150/20000 loss=-1.025773 nll=-1.026996 kl=0.001222849 consistency=0 lambda=0 beta=1 grad=36.21134 horizon=280 lifetime=[461,1061] skipped=False
2026-08-30 19:42:24,320 | INFO | step=6160/20000 loss=-0.6972756 nll=-0.6986134 kl=0.001337767 consistency=0 lambda=0 beta=1 grad=143.2854 horizon=260 lifetime=[428,1282] skipped=False
2026-08-30 19:42:24,720 | INFO | step=6170/20000 loss=-1.014522 nll=-1.016415 kl=0.001893073 consistency=0 lambda=0 beta=1 grad=59.61933 horizon=180 lifetime=[334,877] skipped=False
2026-08-30 19:42:25,129 | INFO | step=6180/20000 loss=-1.488212 nll=-1.489633 kl=0.001421541 consistency=0 lambda=0 beta=1 grad=67.93513 horizon=300 lifetime=[334,868] skipped=False
2026-08-30 19:42:25,495 | INFO | step=6190/20000 loss=-0.6434826 nll=-0.6455747 kl=0.002092123 consistency=0 lambda=0 beta=1 grad=42.49016 horizon=100 lifetime=[428,1061] skipped=False
2026-08-30 19:42:25,937 | INFO | step=6200/20000 loss=-0.4009327 nll=-0.4051239 kl=0.00419116 consistency=0 lambda=0 beta=1 grad=61.96292 horizon=160 lifetime=[465,1007] skipped=False
2026-08-30 19:42:26,320 | INFO | step=6210/20000 loss=-1.374126 nll=-1.37593 kl=0.001804262 consistency=0 lambda=0 beta=1 grad=31.13916 horizon=220 lifetime=[334,868] skipped=False
2026-08-30 19:42:26,774 | INFO | step=6220/20000 loss=-1.043389 nll=-1.04496 kl=0.001571029 consistency=0 lambda=0 beta=1 grad=137.8566 horizon=220 lifetime=[470,1045] skipped=False
2026-08-30 19:42:27,158 | INFO | step=6230/20000 loss=-0.2841532 nll=-0.2853517 kl=0.001198471 consistency=0 lambda=0 beta=1 grad=214.8666 horizon=200 lifetime=[479,1431] skipped=False
2026-08-30 19:42:27,566 | INFO | step=6240/20000 loss=-0.7576749 nll=-0.7597098 kl=0.002034873 consistency=0 lambda=0 beta=1 grad=30.05342 horizon=120 lifetime=[462,1045] skipped=False
2026-08-30 19:42:27,963 | INFO | step=6250/20000 loss=-1.674975 nll=-1.677433 kl=0.002458423 consistency=0 lambda=0 beta=1 grad=54.5338 horizon=300 lifetime=[453,863] skipped=False
2026-08-30 19:42:28,346 | INFO | step=6260/20000 loss=-0.1200845 nll=-0.1224741 kl=0.00238952 consistency=0 lambda=0 beta=1 grad=158.6009 horizon=120 lifetime=[470,2237] skipped=False
2026-08-30 19:42:28,759 | INFO | step=6270/20000 loss=-0.7834066 nll=-0.7842028 kl=0.0007962286 consistency=0 lambda=0 beta=1 grad=59.88836 horizon=240 lifetime=[512,1091] skipped=False
2026-08-30 19:42:29,221 | INFO | step=6280/20000 loss=-1.270723 nll=-1.274312 kl=0.003589362 consistency=0 lambda=0 beta=1 grad=44.53998 horizon=280 lifetime=[453,938] skipped=False
2026-08-30 19:42:29,636 | INFO | step=6290/20000 loss=-0.9000767 nll=-0.9020631 kl=0.001986384 consistency=0 lambda=0 beta=1 grad=36.67313 horizon=140 lifetime=[147,988] skipped=False
2026-08-30 19:42:30,031 | INFO | step=6300/20000 loss=-0.8922449 nll=-0.8941077 kl=0.001862764 consistency=0 lambda=0 beta=1 grad=81.27853 horizon=200 lifetime=[470,1858] skipped=False
2026-08-30 19:42:30,437 | INFO | step=6310/20000 loss=-0.8312675 nll=-0.8325965 kl=0.001329005 consistency=0 lambda=0 beta=1 grad=51.30712 horizon=240 lifetime=[460,2237] skipped=False
2026-08-30 19:42:30,799 | INFO | step=6320/20000 loss=-0.8495053 nll=-0.8515332 kl=0.002027899 consistency=0 lambda=0 beta=1 grad=66.54707 horizon=140 lifetime=[460,964] skipped=False
2026-08-30 19:42:31,239 | INFO | step=6330/20000 loss=-1.16638 nll=-1.168578 kl=0.00219813 consistency=0 lambda=0 beta=1 grad=122.3369 horizon=240 lifetime=[460,1858] skipped=False
2026-08-30 19:42:31,615 | INFO | step=6340/20000 loss=-0.9919896 nll=-0.9933805 kl=0.001390934 consistency=0 lambda=0 beta=1 grad=190.9753 horizon=220 lifetime=[428,921] skipped=False
2026-08-30 19:42:31,996 | INFO | step=6350/20000 loss=-0.3411278 nll=-0.3439457 kl=0.002817839 consistency=0 lambda=0 beta=1 grad=46.46048 horizon=100 lifetime=[557,1858] skipped=False
2026-08-30 19:42:32,455 | INFO | step=6360/20000 loss=-0.06251964 nll=-0.06590882 kl=0.00338918 consistency=0 lambda=0 beta=1 grad=153.3415 horizon=300 lifetime=[476,2237] skipped=False
2026-08-30 19:42:32,827 | INFO | step=6370/20000 loss=-0.3380901 nll=-0.3396299 kl=0.001539826 consistency=0 lambda=0 beta=1 grad=39.22853 horizon=140 lifetime=[488,1015] skipped=False
2026-08-30 19:42:33,226 | INFO | step=6380/20000 loss=-1.052099 nll=-1.053918 kl=0.001818717 consistency=0 lambda=0 beta=1 grad=118.7947 horizon=220 lifetime=[428,1154] skipped=False
2026-08-30 19:42:33,614 | INFO | step=6390/20000 loss=-0.3933352 nll=-0.3967668 kl=0.003431588 consistency=0 lambda=0 beta=1 grad=55.32642 horizon=120 lifetime=[147,2237] skipped=False
2026-08-30 19:42:34,041 | INFO | step=6400/20000 loss=-0.5405887 nll=-0.5417916 kl=0.001202881 consistency=0 lambda=0 beta=1 grad=143.2709 horizon=200 lifetime=[461,2154] skipped=False
2026-08-30 19:42:34,426 | INFO | step=6410/20000 loss=-0.515206 nll=-0.5197101 kl=0.004504114 consistency=0 lambda=0 beta=1 grad=75.43314 horizon=180 lifetime=[437,2154] skipped=False
2026-08-30 19:42:34,807 | INFO | step=6420/20000 loss=-0.5428038 nll=-0.5438181 kl=0.001014292 consistency=0 lambda=0 beta=1 grad=31.22507 horizon=120 lifetime=[480,1313] skipped=False
2026-08-30 19:42:35,206 | INFO | step=6430/20000 loss=0.06630725 nll=0.06480873 kl=0.00149852 consistency=0 lambda=0 beta=1 grad=237.5217 horizon=160 lifetime=[498,1705] skipped=False
2026-08-30 19:42:35,611 | INFO | step=6440/20000 loss=0.1059699 nll=0.1034299 kl=0.002539963 consistency=0 lambda=0 beta=1 grad=61.21223 horizon=100 lifetime=[147,1705] skipped=False
2026-08-30 19:42:36,018 | INFO | step=6450/20000 loss=-0.9604651 nll=-0.9616581 kl=0.001192987 consistency=0 lambda=0 beta=1 grad=88.40234 horizon=220 lifetime=[428,988] skipped=False
2026-08-30 19:42:36,382 | INFO | step=6460/20000 loss=-0.7146667 nll=-0.7156326 kl=0.0009658933 consistency=0 lambda=0 beta=1 grad=115.1732 horizon=200 lifetime=[462,1061] skipped=False
2026-08-30 19:42:36,755 | INFO | step=6470/20000 loss=-0.8510065 nll=-0.8536406 kl=0.002634019 consistency=0 lambda=0 beta=1 grad=31.4595 horizon=160 lifetime=[453,1071] skipped=False
2026-08-30 19:42:37,128 | INFO | step=6480/20000 loss=-0.6929902 nll=-0.6972787 kl=0.004288524 consistency=0 lambda=0 beta=1 grad=68.38798 horizon=140 lifetime=[462,2154] skipped=False
2026-08-30 19:42:37,500 | INFO | step=6490/20000 loss=-1.136946 nll=-1.139861 kl=0.002914518 consistency=0 lambda=0 beta=1 grad=101.3428 horizon=180 lifetime=[505,811] skipped=False
2026-08-30 19:42:38,185 | INFO | validation step=6500 rmse=157.2178 best=148.2356@5000 stale=3/10
2026-08-30 19:42:38,185 | INFO | step=6500/20000 loss=-0.9281691 nll=-0.9289533 kl=0.0007841885 consistency=0 lambda=0 beta=1 grad=30.09904 horizon=120 lifetime=[461,2154] skipped=False
2026-08-30 19:42:38,660 | INFO | step=6510/20000 loss=-0.9874123 nll=-0.9939026 kl=0.006490201 consistency=0 lambda=0 beta=1 grad=228.6079 horizon=240 lifetime=[453,1154] skipped=False
2026-08-30 19:42:39,074 | INFO | step=6520/20000 loss=-1.031956 nll=-1.033422 kl=0.001465797 consistency=0 lambda=0 beta=1 grad=74.81536 horizon=220 lifetime=[462,874] skipped=False
2026-08-30 19:42:39,494 | INFO | step=6530/20000 loss=-0.572346 nll=-0.5734578 kl=0.001111865 consistency=0 lambda=0 beta=1 grad=16.85934 horizon=100 lifetime=[512,1007] skipped=False
2026-08-30 19:42:39,885 | INFO | step=6540/20000 loss=-0.5822861 nll=-0.5839611 kl=0.00167498 consistency=0 lambda=0 beta=1 grad=56.24413 horizon=120 lifetime=[607,1282] skipped=False
2026-08-30 19:42:40,269 | INFO | step=6550/20000 loss=-0.8682691 nll=-0.8696715 kl=0.001402467 consistency=0 lambda=0 beta=1 grad=88.47487 horizon=300 lifetime=[477,1431] skipped=False
2026-08-30 19:42:40,665 | INFO | step=6560/20000 loss=-1.044365 nll=-1.045637 kl=0.001271814 consistency=0 lambda=0 beta=1 grad=185.075 horizon=280 lifetime=[461,874] skipped=False
2026-08-30 19:42:41,051 | INFO | step=6570/20000 loss=-0.00749284 nll=-0.009981722 kl=0.002488881 consistency=0 lambda=0 beta=1 grad=86.05119 horizon=100 lifetime=[442,891] skipped=False
2026-08-30 19:42:41,432 | INFO | step=6580/20000 loss=-0.8079321 nll=-0.8096205 kl=0.001688361 consistency=0 lambda=0 beta=1 grad=38.41699 horizon=140 lifetime=[460,2154] skipped=False
2026-08-30 19:42:41,864 | INFO | step=6590/20000 loss=-1.126104 nll=-1.127948 kl=0.001843661 consistency=0 lambda=0 beta=1 grad=50.39939 horizon=220 lifetime=[460,1091] skipped=False
2026-08-30 19:42:42,261 | INFO | step=6600/20000 loss=-0.7891837 nll=-0.791375 kl=0.002191216 consistency=0 lambda=0 beta=1 grad=24.44487 horizon=260 lifetime=[557,1705] skipped=False
2026-08-30 19:42:42,664 | INFO | step=6610/20000 loss=-0.627503 nll=-0.6288713 kl=0.001368344 consistency=0 lambda=0 beta=1 grad=106.8798 horizon=260 lifetime=[656,2154] skipped=False
2026-08-30 19:42:43,127 | INFO | step=6620/20000 loss=-1.687354 nll=-1.688383 kl=0.001029015 consistency=0 lambda=0 beta=1 grad=203.0011 horizon=200 lifetime=[461,863] skipped=False
2026-08-30 19:42:43,507 | INFO | step=6630/20000 loss=-1.034797 nll=-1.039017 kl=0.004219592 consistency=0 lambda=0 beta=1 grad=116.2276 horizon=260 lifetime=[560,1858] skipped=False
2026-08-30 19:42:43,862 | INFO | step=6640/20000 loss=-0.3347052 nll=-0.3358088 kl=0.00110352 consistency=0 lambda=0 beta=1 grad=52.1306 horizon=100 lifetime=[461,964] skipped=False
2026-08-30 19:42:44,253 | INFO | step=6650/20000 loss=-0.9541861 nll=-0.9555908 kl=0.001404792 consistency=0 lambda=0 beta=1 grad=117.894 horizon=220 lifetime=[491,1071] skipped=False
2026-08-30 19:42:44,670 | INFO | step=6660/20000 loss=-0.3682902 nll=-0.3744616 kl=0.006171376 consistency=0 lambda=0 beta=1 grad=78.67093 horizon=120 lifetime=[461,1091] skipped=False
2026-08-30 19:42:45,045 | INFO | step=6670/20000 loss=0.7760746 nll=0.7706653 kl=0.0054093 consistency=0 lambda=0 beta=1 grad=133.0345 horizon=100 lifetime=[498,1052] skipped=False
2026-08-30 19:42:45,440 | INFO | step=6680/20000 loss=-0.4379293 nll=-0.4395 kl=0.001570731 consistency=0 lambda=0 beta=1 grad=141.589 horizon=280 lifetime=[465,1705] skipped=False
2026-08-30 19:42:45,859 | INFO | step=6690/20000 loss=-0.6945332 nll=-0.6976409 kl=0.003107667 consistency=0 lambda=0 beta=1 grad=119.5849 horizon=280 lifetime=[428,1282] skipped=False
2026-08-30 19:42:46,297 | INFO | step=6700/20000 loss=-0.8115938 nll=-0.8134919 kl=0.00189814 consistency=0 lambda=0 beta=1 grad=123.4004 horizon=200 lifetime=[470,1282] skipped=False
2026-08-30 19:42:46,696 | INFO | step=6710/20000 loss=-1.184257 nll=-1.184901 kl=0.0006435215 consistency=0 lambda=0 beta=1 grad=60.4572 horizon=280 lifetime=[334,1282] skipped=False
2026-08-30 19:42:47,089 | INFO | step=6720/20000 loss=-0.9145522 nll=-0.9169027 kl=0.002350479 consistency=0 lambda=0 beta=1 grad=41.79651 horizon=120 lifetime=[476,1015] skipped=False
2026-08-30 19:42:47,620 | INFO | step=6730/20000 loss=0.1119867 nll=0.1101307 kl=0.001856029 consistency=0 lambda=0 beta=1 grad=137.4186 horizon=120 lifetime=[147,863] skipped=False
2026-08-30 19:42:48,054 | INFO | step=6740/20000 loss=-0.4012582 nll=-0.4025114 kl=0.001253277 consistency=0 lambda=0 beta=1 grad=113.6886 horizon=180 lifetime=[461,1154] skipped=False
2026-08-30 19:42:48,446 | INFO | step=6750/20000 loss=-0.7623833 nll=-0.7641324 kl=0.001749009 consistency=0 lambda=0 beta=1 grad=71.25553 horizon=200 lifetime=[476,1858] skipped=False
2026-08-30 19:42:48,799 | INFO | step=6760/20000 loss=-1.011037 nll=-1.015579 kl=0.004541963 consistency=0 lambda=0 beta=1 grad=42.58099 horizon=120 lifetime=[476,933] skipped=False
2026-08-30 19:42:49,179 | INFO | step=6770/20000 loss=-0.07240558 nll=-0.07365364 kl=0.001248062 consistency=0 lambda=0 beta=1 grad=176.8669 horizon=280 lifetime=[460,1858] skipped=False
2026-08-30 19:42:49,588 | INFO | step=6780/20000 loss=-0.6079488 nll=-0.6095719 kl=0.001623094 consistency=0 lambda=0 beta=1 grad=90.45943 horizon=180 lifetime=[533,988] skipped=False
2026-08-30 19:42:49,991 | INFO | step=6790/20000 loss=-0.9610039 nll=-0.963348 kl=0.002344161 consistency=0 lambda=0 beta=1 grad=77.22006 horizon=120 lifetime=[453,874] skipped=False
2026-08-30 19:42:50,350 | INFO | step=6800/20000 loss=0.2434594 nll=0.2417167 kl=0.00174278 consistency=0 lambda=0 beta=1 grad=106.058 horizon=180 lifetime=[482,1431] skipped=False
2026-08-30 19:42:50,730 | INFO | step=6810/20000 loss=-0.3218315 nll=-0.3240637 kl=0.002232164 consistency=0 lambda=0 beta=1 grad=80.23106 horizon=140 lifetime=[147,818] skipped=False
2026-08-30 19:42:51,125 | INFO | step=6820/20000 loss=-0.4817845 nll=-0.4838535 kl=0.002069026 consistency=0 lambda=0 beta=1 grad=14.9487 horizon=220 lifetime=[482,1061] skipped=False
2026-08-30 19:42:51,536 | INFO | step=6830/20000 loss=-1.258406 nll=-1.26199 kl=0.003584445 consistency=0 lambda=0 beta=1 grad=35.06426 horizon=180 lifetime=[334,887] skipped=False
2026-08-30 19:42:51,949 | INFO | step=6840/20000 loss=-0.6832092 nll=-0.6861435 kl=0.002934217 consistency=0 lambda=0 beta=1 grad=30.94551 horizon=120 lifetime=[437,1282] skipped=False
2026-08-30 19:42:52,328 | INFO | step=6850/20000 loss=0.09346603 nll=0.09209691 kl=0.001369119 consistency=0 lambda=0 beta=1 grad=143.7721 horizon=120 lifetime=[147,1705] skipped=False
2026-08-30 19:42:52,697 | INFO | step=6860/20000 loss=-0.9796066 nll=-0.9820568 kl=0.002450198 consistency=0 lambda=0 beta=1 grad=80.95804 horizon=200 lifetime=[442,871] skipped=False
2026-08-30 19:42:53,066 | INFO | step=6870/20000 loss=-0.02799606 nll=-0.0298537 kl=0.001857638 consistency=0 lambda=0 beta=1 grad=138.3119 horizon=240 lifetime=[597,1431] skipped=False
2026-08-30 19:42:53,449 | INFO | step=6880/20000 loss=-1.551894 nll=-1.553925 kl=0.002030313 consistency=0 lambda=0 beta=1 grad=65.90781 horizon=300 lifetime=[437,811] skipped=False
2026-08-30 19:42:53,828 | INFO | step=6890/20000 loss=-0.8997316 nll=-0.9030885 kl=0.003356814 consistency=0 lambda=0 beta=1 grad=209.8521 horizon=200 lifetime=[428,1071] skipped=False
2026-08-30 19:42:54,232 | INFO | step=6900/20000 loss=-0.8864546 nll=-0.8886471 kl=0.002192527 consistency=0 lambda=0 beta=1 grad=39.26868 horizon=260 lifetime=[470,1091] skipped=False
2026-08-30 19:42:54,683 | INFO | step=6910/20000 loss=-1.637649 nll=-1.63891 kl=0.001261562 consistency=0 lambda=0 beta=1 grad=76.9549 horizon=280 lifetime=[484,863] skipped=False
2026-08-30 19:42:55,099 | INFO | step=6920/20000 loss=0.2369392 nll=0.2356147 kl=0.001324505 consistency=0 lambda=0 beta=1 grad=481.4084 horizon=240 lifetime=[476,988] skipped=False
2026-08-30 19:42:55,467 | INFO | step=6930/20000 loss=-0.5537547 nll=-0.556078 kl=0.00232321 consistency=0 lambda=0 beta=1 grad=122.6612 horizon=140 lifetime=[477,921] skipped=False
2026-08-30 19:42:55,867 | INFO | step=6940/20000 loss=-0.9252776 nll=-0.9281998 kl=0.002922207 consistency=0 lambda=0 beta=1 grad=94.86115 horizon=220 lifetime=[461,1052] skipped=False
2026-08-30 19:42:56,279 | INFO | step=6950/20000 loss=-0.5160946 nll=-0.5190741 kl=0.002979547 consistency=0 lambda=0 beta=1 grad=88.44556 horizon=120 lifetime=[334,1055] skipped=False
2026-08-30 19:42:56,686 | INFO | step=6960/20000 loss=-0.2791142 nll=-0.2811062 kl=0.001991928 consistency=0 lambda=0 beta=1 grad=42.66434 horizon=100 lifetime=[147,930] skipped=False
2026-08-30 19:42:57,079 | INFO | step=6970/20000 loss=-0.3326658 nll=-0.3346989 kl=0.002033025 consistency=0 lambda=0 beta=1 grad=93.36745 horizon=300 lifetime=[488,1052] skipped=False
2026-08-30 19:42:57,467 | INFO | step=6980/20000 loss=-1.063112 nll=-1.067352 kl=0.004239649 consistency=0 lambda=0 beta=1 grad=96.88548 horizon=200 lifetime=[557,869] skipped=False
2026-08-30 19:42:57,862 | INFO | step=6990/20000 loss=-1.199451 nll=-1.200697 kl=0.001245588 consistency=0 lambda=0 beta=1 grad=97.00368 horizon=200 lifetime=[712,1705] skipped=False
2026-08-30 19:42:58,537 | INFO | validation step=7000 rmse=145.7338 best=145.7338@7000 stale=0/10
2026-08-30 19:42:58,537 | INFO | step=7000/20000 loss=0.242101 nll=0.2409993 kl=0.001101613 consistency=0 lambda=0 beta=1 grad=78.43148 horizon=100 lifetime=[476,1705] skipped=False
2026-08-30 19:42:59,003 | INFO | step=7010/20000 loss=-1.107448 nll=-1.108665 kl=0.001217097 consistency=0 lambda=0 beta=1 grad=45.61049 horizon=240 lifetime=[476,1071] skipped=False
2026-08-30 19:42:59,374 | INFO | step=7020/20000 loss=0.1747156 nll=0.1709607 kl=0.003754973 consistency=0 lambda=0 beta=1 grad=93.01908 horizon=100 lifetime=[557,1282] skipped=False
2026-08-30 19:42:59,775 | INFO | step=7030/20000 loss=-0.871411 nll=-0.8727488 kl=0.001337796 consistency=0 lambda=0 beta=1 grad=59.27147 horizon=160 lifetime=[599,1055] skipped=False
2026-08-30 19:43:00,165 | INFO | step=7040/20000 loss=-1.603993 nll=-1.607478 kl=0.003484845 consistency=0 lambda=0 beta=1 grad=33.65944 horizon=260 lifetime=[476,818] skipped=False
2026-08-30 19:43:00,542 | INFO | step=7050/20000 loss=-0.6223352 nll=-0.6241921 kl=0.001856923 consistency=0 lambda=0 beta=1 grad=200.4534 horizon=240 lifetime=[428,1061] skipped=False
2026-08-30 19:43:00,956 | INFO | step=7060/20000 loss=-1.785094 nll=-1.78645 kl=0.001356572 consistency=0 lambda=0 beta=1 grad=73.44505 horizon=260 lifetime=[482,770] skipped=False
2026-08-30 19:43:01,398 | INFO | step=7070/20000 loss=-1.249456 nll=-1.251062 kl=0.001606137 consistency=0 lambda=0 beta=1 grad=187.6663 horizon=240 lifetime=[470,1313] skipped=False
2026-08-30 19:43:01,789 | INFO | step=7080/20000 loss=-1.403468 nll=-1.404683 kl=0.001214534 consistency=0 lambda=0 beta=1 grad=103.8178 horizon=260 lifetime=[442,1071] skipped=False
2026-08-30 19:43:02,215 | INFO | step=7090/20000 loss=-1.180516 nll=-1.182908 kl=0.002392381 consistency=0 lambda=0 beta=1 grad=75.57417 horizon=260 lifetime=[482,1431] skipped=False
2026-08-30 19:43:02,601 | INFO | step=7100/20000 loss=-1.269732 nll=-1.276315 kl=0.006583512 consistency=0 lambda=0 beta=1 grad=43.2615 horizon=140 lifetime=[476,863] skipped=False
2026-08-30 19:43:03,032 | INFO | step=7110/20000 loss=-0.7247013 nll=-0.7259794 kl=0.001278043 consistency=0 lambda=0 beta=1 grad=78.61892 horizon=180 lifetime=[462,1071] skipped=False
2026-08-30 19:43:03,411 | INFO | step=7120/20000 loss=-0.2968194 nll=-0.2985385 kl=0.001719177 consistency=0 lambda=0 beta=1 grad=161.9095 horizon=200 lifetime=[614,2154] skipped=False
2026-08-30 19:43:03,812 | INFO | step=7130/20000 loss=-0.2780965 nll=-0.2794378 kl=0.001341343 consistency=0 lambda=0 beta=1 grad=163.6933 horizon=180 lifetime=[442,1705] skipped=False
2026-08-30 19:43:04,189 | INFO | step=7140/20000 loss=-0.9288146 nll=-0.9294277 kl=0.0006130934 consistency=0 lambda=0 beta=1 grad=84.45226 horizon=260 lifetime=[482,2237] skipped=False
2026-08-30 19:43:04,593 | INFO | step=7150/20000 loss=-1.109606 nll=-1.110714 kl=0.001108259 consistency=0 lambda=0 beta=1 grad=106.4849 horizon=260 lifetime=[482,1431] skipped=False
2026-08-30 19:43:05,004 | INFO | step=7160/20000 loss=-1.619364 nll=-1.621021 kl=0.001656413 consistency=0 lambda=0 beta=1 grad=107.8624 horizon=260 lifetime=[442,1045] skipped=False
2026-08-30 19:43:05,451 | INFO | step=7170/20000 loss=-1.421433 nll=-1.422971 kl=0.001538157 consistency=0 lambda=0 beta=1 grad=52.00937 horizon=280 lifetime=[334,988] skipped=False
2026-08-30 19:43:05,859 | INFO | step=7180/20000 loss=-0.9789678 nll=-0.9813349 kl=0.002367094 consistency=0 lambda=0 beta=1 grad=295.8542 horizon=220 lifetime=[428,1015] skipped=False
2026-08-30 19:43:06,259 | INFO | step=7190/20000 loss=-1.091401 nll=-1.095633 kl=0.004232198 consistency=0 lambda=0 beta=1 grad=91.39378 horizon=240 lifetime=[614,1007] skipped=False
2026-08-30 19:43:06,679 | INFO | step=7200/20000 loss=-0.1928217 nll=-0.1943464 kl=0.001524746 consistency=0 lambda=0 beta=1 grad=181.0439 horizon=280 lifetime=[428,2237] skipped=False
2026-08-30 19:43:07,050 | INFO | step=7210/20000 loss=0.3492082 nll=0.3476212 kl=0.001587003 consistency=0 lambda=0 beta=1 grad=72.31442 horizon=100 lifetime=[484,1858] skipped=False
2026-08-30 19:43:07,434 | INFO | step=7220/20000 loss=-0.4878705 nll=-0.4886518 kl=0.0007813275 consistency=0 lambda=0 beta=1 grad=120.691 horizon=180 lifetime=[428,1431] skipped=False
2026-08-30 19:43:07,818 | INFO | step=7230/20000 loss=-1.059145 nll=-1.061881 kl=0.0027363 consistency=0 lambda=0 beta=1 grad=26.55917 horizon=120 lifetime=[476,818] skipped=False
2026-08-30 19:43:08,206 | INFO | step=7240/20000 loss=-1.359997 nll=-1.363184 kl=0.003187567 consistency=0 lambda=0 beta=1 grad=53.18832 horizon=220 lifetime=[334,1282] skipped=False
2026-08-30 19:43:08,598 | INFO | step=7250/20000 loss=-1.171047 nll=-1.172105 kl=0.001058087 consistency=0 lambda=0 beta=1 grad=145.9209 horizon=200 lifetime=[334,858] skipped=False
2026-08-30 19:43:09,003 | INFO | step=7260/20000 loss=-0.7198989 nll=-0.720687 kl=0.0007880628 consistency=0 lambda=0 beta=1 grad=161.1278 horizon=180 lifetime=[442,1091] skipped=False
2026-08-30 19:43:09,374 | INFO | step=7270/20000 loss=-1.122973 nll=-1.124805 kl=0.001832396 consistency=0 lambda=0 beta=1 grad=226.2155 horizon=180 lifetime=[501,874] skipped=False
2026-08-30 19:43:09,798 | INFO | step=7280/20000 loss=-0.793574 nll=-0.7945582 kl=0.0009842515 consistency=0 lambda=0 beta=1 grad=240.7193 horizon=200 lifetime=[460,2154] skipped=False
2026-08-30 19:43:10,212 | INFO | step=7290/20000 loss=-0.5738542 nll=-0.5743884 kl=0.000534147 consistency=0 lambda=0 beta=1 grad=102.6357 horizon=200 lifetime=[461,1858] skipped=False
2026-08-30 19:43:10,626 | INFO | step=7300/20000 loss=-0.4832711 nll=-0.4853092 kl=0.002038151 consistency=0 lambda=0 beta=1 grad=88.923 horizon=220 lifetime=[465,1313] skipped=False
2026-08-30 19:43:11,038 | INFO | step=7310/20000 loss=-1.559787 nll=-1.560494 kl=0.0007068217 consistency=0 lambda=0 beta=1 grad=98.06886 horizon=280 lifetime=[442,1007] skipped=False
2026-08-30 19:43:11,439 | INFO | step=7320/20000 loss=-1.255781 nll=-1.257211 kl=0.001429558 consistency=0 lambda=0 beta=1 grad=91.57903 horizon=280 lifetime=[491,1052] skipped=False
2026-08-30 19:43:11,847 | INFO | step=7330/20000 loss=-0.09590109 nll=-0.09721836 kl=0.001317263 consistency=0 lambda=0 beta=1 grad=19.11514 horizon=120 lifetime=[486,2154] skipped=False
2026-08-30 19:43:12,229 | INFO | step=7340/20000 loss=-0.4875479 nll=-0.4883325 kl=0.0007845461 consistency=0 lambda=0 beta=1 grad=26.83259 horizon=120 lifetime=[428,1282] skipped=False
2026-08-30 19:43:12,625 | INFO | step=7350/20000 loss=-1.205312 nll=-1.208244 kl=0.002932131 consistency=0 lambda=0 beta=1 grad=68.09791 horizon=120 lifetime=[460,828] skipped=False
2026-08-30 19:43:13,002 | INFO | step=7360/20000 loss=-1.014356 nll=-1.016635 kl=0.002278298 consistency=0 lambda=0 beta=1 grad=354.7842 horizon=300 lifetime=[526,1154] skipped=False
2026-08-30 19:43:13,427 | INFO | step=7370/20000 loss=-0.5197324 nll=-0.5208972 kl=0.001164734 consistency=0 lambda=0 beta=1 grad=28.73466 horizon=100 lifetime=[428,1071] skipped=False
2026-08-30 19:43:13,859 | INFO | step=7380/20000 loss=-0.4037248 nll=-0.4061415 kl=0.002416611 consistency=0 lambda=0 beta=1 grad=483.1385 horizon=300 lifetime=[460,1705] skipped=False
2026-08-30 19:43:14,233 | INFO | step=7390/20000 loss=-1.122604 nll=-1.125238 kl=0.002633333 consistency=0 lambda=0 beta=1 grad=47.62469 horizon=180 lifetime=[460,1282] skipped=False
2026-08-30 19:43:14,646 | INFO | step=7400/20000 loss=-1.540538 nll=-1.541478 kl=0.0009399354 consistency=0 lambda=0 beta=1 grad=154.4577 horizon=280 lifetime=[461,930] skipped=False
2026-08-30 19:43:15,026 | INFO | step=7410/20000 loss=-0.9736395 nll=-0.9752401 kl=0.001600593 consistency=0 lambda=0 beta=1 grad=51.56752 horizon=160 lifetime=[494,874] skipped=False
2026-08-30 19:43:15,423 | INFO | step=7420/20000 loss=-1.694567 nll=-1.695681 kl=0.001114011 consistency=0 lambda=0 beta=1 grad=98.84116 horizon=160 lifetime=[442,874] skipped=False
2026-08-30 19:43:15,811 | INFO | step=7430/20000 loss=-1.368347 nll=-1.369537 kl=0.001190215 consistency=0 lambda=0 beta=1 grad=142.1119 horizon=240 lifetime=[453,938] skipped=False
2026-08-30 19:43:16,178 | INFO | step=7440/20000 loss=-1.040905 nll=-1.042758 kl=0.00185281 consistency=0 lambda=0 beta=1 grad=193.4648 horizon=260 lifetime=[460,1154] skipped=False
2026-08-30 19:43:16,550 | INFO | step=7450/20000 loss=-1.453037 nll=-1.45575 kl=0.00271374 consistency=0 lambda=0 beta=1 grad=57.17987 horizon=180 lifetime=[428,988] skipped=False
2026-08-30 19:43:16,947 | INFO | step=7460/20000 loss=-1.468752 nll=-1.46979 kl=0.001037776 consistency=0 lambda=0 beta=1 grad=83.36145 horizon=220 lifetime=[334,887] skipped=False
2026-08-30 19:43:17,369 | INFO | step=7470/20000 loss=-1.608011 nll=-1.609897 kl=0.001886606 consistency=0 lambda=0 beta=1 grad=129.2613 horizon=240 lifetime=[479,938] skipped=False
2026-08-30 19:43:17,790 | INFO | step=7480/20000 loss=-1.442959 nll=-1.443849 kl=0.0008900464 consistency=0 lambda=0 beta=1 grad=117.6515 horizon=260 lifetime=[460,826] skipped=False
2026-08-30 19:43:18,173 | INFO | step=7490/20000 loss=-1.400834 nll=-1.404076 kl=0.003242612 consistency=0 lambda=0 beta=1 grad=31.91745 horizon=280 lifetime=[437,1282] skipped=False
2026-08-30 19:43:18,869 | INFO | validation step=7500 rmse=153.1838 best=145.7338@7000 stale=1/10
2026-08-30 19:43:18,869 | INFO | step=7500/20000 loss=-0.6389884 nll=-0.6396505 kl=0.0006621182 consistency=0 lambda=0 beta=1 grad=127.1915 horizon=300 lifetime=[428,1061] skipped=False
2026-08-30 19:43:19,332 | INFO | step=7510/20000 loss=-0.8186662 nll=-0.8199719 kl=0.001305729 consistency=0 lambda=0 beta=1 grad=105.3041 horizon=120 lifetime=[437,852] skipped=False
2026-08-30 19:43:19,698 | INFO | step=7520/20000 loss=-1.214154 nll=-1.216691 kl=0.002536774 consistency=0 lambda=0 beta=1 grad=45.20366 horizon=300 lifetime=[437,1052] skipped=False
2026-08-30 19:43:20,113 | INFO | step=7530/20000 loss=-0.8703275 nll=-0.8723658 kl=0.00203824 consistency=0 lambda=0 beta=1 grad=53.83368 horizon=160 lifetime=[461,988] skipped=False
2026-08-30 19:43:20,474 | INFO | step=7540/20000 loss=-0.8976688 nll=-0.8993035 kl=0.001634628 consistency=0 lambda=0 beta=1 grad=83.66825 horizon=180 lifetime=[462,1061] skipped=False
2026-08-30 19:43:20,845 | INFO | step=7550/20000 loss=-1.210662 nll=-1.212092 kl=0.001430303 consistency=0 lambda=0 beta=1 grad=39.85769 horizon=140 lifetime=[460,1052] skipped=False
2026-08-30 19:43:21,238 | INFO | step=7560/20000 loss=-0.8845798 nll=-0.8854951 kl=0.0009153485 consistency=0 lambda=0 beta=1 grad=180.7428 horizon=240 lifetime=[479,2237] skipped=False
2026-08-30 19:43:21,626 | INFO | step=7570/20000 loss=-0.9612963 nll=-0.9627455 kl=0.001449227 consistency=0 lambda=0 beta=1 grad=102.8004 horizon=280 lifetime=[442,891] skipped=False
2026-08-30 19:43:21,993 | INFO | step=7580/20000 loss=0.1702906 nll=0.1666939 kl=0.003596783 consistency=0 lambda=0 beta=1 grad=40.9363 horizon=100 lifetime=[480,2154] skipped=False
2026-08-30 19:43:22,401 | INFO | step=7590/20000 loss=-0.4788333 nll=-0.4802867 kl=0.00145337 consistency=0 lambda=0 beta=1 grad=192.4797 horizon=200 lifetime=[460,1282] skipped=False
2026-08-30 19:43:22,828 | INFO | step=7600/20000 loss=-0.3864704 nll=-0.3879045 kl=0.001434058 consistency=0 lambda=0 beta=1 grad=57.7324 horizon=120 lifetime=[465,1055] skipped=False
2026-08-30 19:43:23,185 | INFO | step=7610/20000 loss=-0.9519014 nll=-0.9539208 kl=0.002019405 consistency=0 lambda=0 beta=1 grad=75.95755 horizon=240 lifetime=[461,887] skipped=False
2026-08-30 19:43:23,541 | INFO | step=7620/20000 loss=-0.2963467 nll=-0.2982753 kl=0.001928627 consistency=0 lambda=0 beta=1 grad=190.9795 horizon=220 lifetime=[461,1858] skipped=False
2026-08-30 19:43:23,942 | INFO | step=7630/20000 loss=-0.7543375 nll=-0.755367 kl=0.001029462 consistency=0 lambda=0 beta=1 grad=155.3071 horizon=160 lifetime=[460,1313] skipped=False
2026-08-30 19:43:24,350 | INFO | step=7640/20000 loss=-1.170734 nll=-1.172891 kl=0.002156347 consistency=0 lambda=0 beta=1 grad=25.95276 horizon=140 lifetime=[461,1061] skipped=False
2026-08-30 19:43:24,766 | INFO | step=7650/20000 loss=-0.812498 nll=-0.8136358 kl=0.001137793 consistency=0 lambda=0 beta=1 grad=185.4495 horizon=280 lifetime=[519,1007] skipped=False
2026-08-30 19:43:25,183 | INFO | step=7660/20000 loss=-1.564737 nll=-1.565493 kl=0.0007556081 consistency=0 lambda=0 beta=1 grad=63.37212 horizon=160 lifetime=[334,826] skipped=False
2026-08-30 19:43:25,586 | INFO | step=7670/20000 loss=-1.175467 nll=-1.176115 kl=0.0006476641 consistency=0 lambda=0 beta=1 grad=193.0812 horizon=220 lifetime=[477,826] skipped=False
2026-08-30 19:43:25,955 | INFO | step=7680/20000 loss=-0.3922242 nll=-0.3931168 kl=0.0008926094 consistency=0 lambda=0 beta=1 grad=182.3421 horizon=200 lifetime=[482,1061] skipped=False
2026-08-30 19:43:26,347 | INFO | step=7690/20000 loss=-0.2454279 nll=-0.2472318 kl=0.001803935 consistency=0 lambda=0 beta=1 grad=12.81959 horizon=100 lifetime=[622,1313] skipped=False
2026-08-30 19:43:26,776 | INFO | step=7700/20000 loss=-1.201987 nll=-1.202889 kl=0.0009020865 consistency=0 lambda=0 beta=1 grad=124.2551 horizon=220 lifetime=[479,988] skipped=False
2026-08-30 19:43:27,153 | INFO | step=7710/20000 loss=0.253906 nll=0.2524734 kl=0.001432627 consistency=0 lambda=0 beta=1 grad=313.2069 horizon=100 lifetime=[599,2237] skipped=False
2026-08-30 19:43:27,570 | INFO | step=7720/20000 loss=-1.161167 nll=-1.162136 kl=0.0009686649 consistency=0 lambda=0 beta=1 grad=78.68107 horizon=200 lifetime=[480,877] skipped=False
2026-08-30 19:43:27,973 | INFO | step=7730/20000 loss=-0.5127885 nll=-0.5147143 kl=0.001925796 consistency=0 lambda=0 beta=1 grad=19.57947 horizon=120 lifetime=[648,2237] skipped=False
2026-08-30 19:43:28,377 | INFO | step=7740/20000 loss=-0.7059752 nll=-0.7079989 kl=0.002023727 consistency=0 lambda=0 beta=1 grad=58.04993 horizon=100 lifetime=[477,1858] skipped=False
2026-08-30 19:43:28,760 | INFO | step=7750/20000 loss=-1.3715 nll=-1.372028 kl=0.0005273223 consistency=0 lambda=0 beta=1 grad=190.7256 horizon=180 lifetime=[476,1091] skipped=False
2026-08-30 19:43:29,179 | INFO | step=7760/20000 loss=0.6042144 nll=0.603072 kl=0.001142442 consistency=0 lambda=0 beta=1 grad=303.77 horizon=140 lifetime=[147,1705] skipped=False
2026-08-30 19:43:29,549 | INFO | step=7770/20000 loss=-0.2270715 nll=-0.228132 kl=0.001060486 consistency=0 lambda=0 beta=1 grad=245.8093 horizon=160 lifetime=[334,1705] skipped=False
2026-08-30 19:43:29,964 | INFO | step=7780/20000 loss=-1.374275 nll=-1.376412 kl=0.002136707 consistency=0 lambda=0 beta=1 grad=79.04534 horizon=300 lifetime=[437,1705] skipped=False
2026-08-30 19:43:30,356 | INFO | step=7790/20000 loss=-1.418817 nll=-1.420099 kl=0.001281649 consistency=0 lambda=0 beta=1 grad=64.84816 horizon=300 lifetime=[476,1007] skipped=False
2026-08-30 19:43:30,782 | INFO | step=7800/20000 loss=-1.358567 nll=-1.360558 kl=0.001991183 consistency=0 lambda=0 beta=1 grad=93.36341 horizon=280 lifetime=[480,1154] skipped=False
2026-08-30 19:43:31,212 | INFO | step=7810/20000 loss=2.024409 nll=2.021986 kl=0.002423555 consistency=0 lambda=0 beta=1 grad=358.5042 horizon=100 lifetime=[501,1313] skipped=False
2026-08-30 19:43:31,604 | INFO | step=7820/20000 loss=-0.7233122 nll=-0.7251273 kl=0.001815081 consistency=0 lambda=0 beta=1 grad=79.49491 horizon=220 lifetime=[480,2237] skipped=False
2026-08-30 19:43:31,994 | INFO | step=7830/20000 loss=-0.5410411 nll=-0.5431694 kl=0.002128333 consistency=0 lambda=0 beta=1 grad=116.6133 horizon=120 lifetime=[484,1431] skipped=False
2026-08-30 19:43:32,379 | INFO | step=7840/20000 loss=-0.8429734 nll=-0.8445171 kl=0.001543701 consistency=0 lambda=0 beta=1 grad=117.4015 horizon=140 lifetime=[442,1858] skipped=False
2026-08-30 19:43:32,756 | INFO | step=7850/20000 loss=-1.452921 nll=-1.454136 kl=0.001214594 consistency=0 lambda=0 beta=1 grad=75.4263 horizon=260 lifetime=[453,871] skipped=False
2026-08-30 19:43:33,199 | INFO | step=7860/20000 loss=-1.418872 nll=-1.419183 kl=0.0003113151 consistency=0 lambda=0 beta=1 grad=33.30237 horizon=180 lifetime=[428,1282] skipped=False
2026-08-30 19:43:33,640 | INFO | step=7870/20000 loss=-0.9272887 nll=-0.9281597 kl=0.0008710325 consistency=0 lambda=0 beta=1 grad=87.2346 horizon=160 lifetime=[460,1282] skipped=False
2026-08-30 19:43:34,077 | INFO | step=7880/20000 loss=-0.7727884 nll=-0.773363 kl=0.0005746186 consistency=0 lambda=0 beta=1 grad=173.5408 horizon=240 lifetime=[437,1705] skipped=False
2026-08-30 19:43:34,454 | INFO | step=7890/20000 loss=-0.6709101 nll=-0.6727129 kl=0.001802862 consistency=0 lambda=0 beta=1 grad=72.84772 horizon=100 lifetime=[428,2237] skipped=False
2026-08-30 19:43:34,881 | INFO | step=7900/20000 loss=-1.005485 nll=-1.006801 kl=0.001316458 consistency=0 lambda=0 beta=1 grad=101.2132 horizon=180 lifetime=[460,1858] skipped=False
2026-08-30 19:43:35,310 | INFO | step=7910/20000 loss=-1.532096 nll=-1.533051 kl=0.0009548068 consistency=0 lambda=0 beta=1 grad=90.66254 horizon=260 lifetime=[486,1055] skipped=False
2026-08-30 19:43:35,724 | INFO | step=7920/20000 loss=-1.782789 nll=-1.783793 kl=0.001003623 consistency=0 lambda=0 beta=1 grad=28.23097 horizon=260 lifetime=[442,826] skipped=False
2026-08-30 19:43:36,102 | INFO | step=7930/20000 loss=-0.07705461 nll=-0.07820012 kl=0.001145512 consistency=0 lambda=0 beta=1 grad=29.8867 horizon=100 lifetime=[428,1091] skipped=False
2026-08-30 19:43:36,482 | INFO | step=7940/20000 loss=1.098578 nll=1.097069 kl=0.001508892 consistency=0 lambda=0 beta=1 grad=284.43 horizon=120 lifetime=[428,1705] skipped=False
2026-08-30 19:43:36,888 | INFO | step=7950/20000 loss=-1.259042 nll=-1.260283 kl=0.001241624 consistency=0 lambda=0 beta=1 grad=146.7419 horizon=240 lifetime=[470,1055] skipped=False
2026-08-30 19:43:37,320 | INFO | step=7960/20000 loss=-0.8533534 nll=-0.8547313 kl=0.00137797 consistency=0 lambda=0 beta=1 grad=155.0084 horizon=260 lifetime=[470,1282] skipped=False
2026-08-30 19:43:37,669 | INFO | step=7970/20000 loss=-1.016299 nll=-1.017509 kl=0.001209617 consistency=0 lambda=0 beta=1 grad=61.1095 horizon=160 lifetime=[437,1055] skipped=False
2026-08-30 19:43:38,074 | INFO | step=7980/20000 loss=-0.8753458 nll=-0.8763233 kl=0.0009774864 consistency=0 lambda=0 beta=1 grad=49.82331 horizon=160 lifetime=[442,2154] skipped=False
2026-08-30 19:43:38,445 | INFO | step=7990/20000 loss=-1.240582 nll=-1.241443 kl=0.0008611083 consistency=0 lambda=0 beta=1 grad=77.71931 horizon=160 lifetime=[477,1431] skipped=False
2026-08-30 19:43:39,121 | INFO | validation step=8000 rmse=164.7237 best=145.7338@7000 stale=2/10
2026-08-30 19:43:39,121 | INFO | step=8000/20000 loss=-1.258347 nll=-1.259019 kl=0.0006720722 consistency=0 lambda=0 beta=1 grad=199.5096 horizon=240 lifetime=[477,1705] skipped=False
2026-08-30 19:43:39,630 | INFO | step=8010/20000 loss=-0.9793385 nll=-0.9799504 kl=0.0006118119 consistency=0 lambda=0 beta=1 grad=138.892 horizon=240 lifetime=[494,2154] skipped=False
2026-08-30 19:43:40,048 | INFO | step=8020/20000 loss=-1.107203 nll=-1.108712 kl=0.001508445 consistency=0 lambda=0 beta=1 grad=70.17901 horizon=240 lifetime=[470,2237] skipped=False
2026-08-30 19:43:40,457 | INFO | step=8030/20000 loss=-0.9592637 nll=-0.9611292 kl=0.001865506 consistency=0 lambda=0 beta=1 grad=140.4624 horizon=180 lifetime=[460,1091] skipped=False
2026-08-30 19:43:40,917 | INFO | step=8040/20000 loss=-1.303771 nll=-1.304286 kl=0.0005158484 consistency=0 lambda=0 beta=1 grad=134.4512 horizon=220 lifetime=[476,1705] skipped=False
2026-08-30 19:43:41,314 | INFO | step=8050/20000 loss=-0.9098964 nll=-0.9137335 kl=0.003837138 consistency=0 lambda=0 beta=1 grad=224.544 horizon=120 lifetime=[428,818] skipped=False
2026-08-30 19:43:41,724 | INFO | step=8060/20000 loss=-0.9964445 nll=-0.9984626 kl=0.002018124 consistency=0 lambda=0 beta=1 grad=59.9864 horizon=180 lifetime=[428,1282] skipped=False
2026-08-30 19:43:42,121 | INFO | step=8070/20000 loss=-1.0136 nll=-1.014456 kl=0.000855267 consistency=0 lambda=0 beta=1 grad=57.43463 horizon=120 lifetime=[460,964] skipped=False
2026-08-30 19:43:42,507 | INFO | step=8080/20000 loss=-1.181818 nll=-1.182985 kl=0.001166999 consistency=0 lambda=0 beta=1 grad=121.2387 horizon=220 lifetime=[437,1045] skipped=False
2026-08-30 19:43:42,915 | INFO | step=8090/20000 loss=-1.234152 nll=-1.235073 kl=0.0009209216 consistency=0 lambda=0 beta=1 grad=234.8957 horizon=300 lifetime=[461,1091] skipped=False
2026-08-30 19:43:43,353 | INFO | step=8100/20000 loss=-1.163743 nll=-1.164431 kl=0.0006881356 consistency=0 lambda=0 beta=1 grad=165.5284 horizon=300 lifetime=[476,858] skipped=False
2026-08-30 19:43:43,818 | INFO | step=8110/20000 loss=-0.5585136 nll=-0.5606772 kl=0.002163649 consistency=0 lambda=0 beta=1 grad=107.7187 horizon=180 lifetime=[498,1431] skipped=False
2026-08-30 19:43:44,240 | INFO | step=8120/20000 loss=-0.5438417 nll=-0.5463545 kl=0.002512813 consistency=0 lambda=0 beta=1 grad=379.485 horizon=180 lifetime=[470,1313] skipped=False
2026-08-30 19:43:44,659 | INFO | step=8130/20000 loss=-1.431802 nll=-1.433488 kl=0.001685262 consistency=0 lambda=0 beta=1 grad=76.37634 horizon=200 lifetime=[477,1705] skipped=False
2026-08-30 19:43:45,046 | INFO | step=8140/20000 loss=-0.4582916 nll=-0.4597634 kl=0.001471847 consistency=0 lambda=0 beta=1 grad=188.5454 horizon=280 lifetime=[505,2237] skipped=False
2026-08-30 19:43:45,475 | INFO | step=8150/20000 loss=-1.761095 nll=-1.762414 kl=0.001319289 consistency=0 lambda=0 beta=1 grad=41.96516 horizon=280 lifetime=[453,823] skipped=False
2026-08-30 19:43:45,891 | INFO | step=8160/20000 loss=-0.4836697 nll=-0.4846112 kl=0.0009415448 consistency=0 lambda=0 beta=1 grad=215.0715 horizon=160 lifetime=[453,1858] skipped=False
2026-08-30 19:43:46,341 | INFO | step=8170/20000 loss=-1.26034 nll=-1.261895 kl=0.001555711 consistency=0 lambda=0 beta=1 grad=81.0518 horizon=300 lifetime=[470,1705] skipped=False
2026-08-30 19:43:46,797 | INFO | step=8180/20000 loss=-0.9726071 nll=-0.973193 kl=0.0005859137 consistency=0 lambda=0 beta=1 grad=202.0464 horizon=260 lifetime=[476,887] skipped=False
2026-08-30 19:43:47,228 | INFO | step=8190/20000 loss=-1.357349 nll=-1.358587 kl=0.001237959 consistency=0 lambda=0 beta=1 grad=164.7099 horizon=260 lifetime=[442,1858] skipped=False
2026-08-30 19:43:47,604 | INFO | step=8200/20000 loss=-0.5855196 nll=-0.5867537 kl=0.001234174 consistency=0 lambda=0 beta=1 grad=25.39413 horizon=100 lifetime=[437,2237] skipped=False
2026-08-30 19:43:48,001 | INFO | step=8210/20000 loss=-0.5608608 nll=-0.5611829 kl=0.0003221333 consistency=0 lambda=0 beta=1 grad=136.4581 horizon=260 lifetime=[428,1091] skipped=False
2026-08-30 19:43:48,448 | INFO | step=8220/20000 loss=-0.8947818 nll=-0.8952767 kl=0.0004948676 consistency=0 lambda=0 beta=1 grad=258.1197 horizon=280 lifetime=[460,2154] skipped=False
2026-08-30 19:43:48,842 | INFO | step=8230/20000 loss=-1.068355 nll=-1.069844 kl=0.001489371 consistency=0 lambda=0 beta=1 grad=43.7441 horizon=100 lifetime=[479,823] skipped=False
2026-08-30 19:43:49,255 | INFO | step=8240/20000 loss=-0.9963139 nll=-0.9972333 kl=0.0009194314 consistency=0 lambda=0 beta=1 grad=79.34912 horizon=160 lifetime=[334,1055] skipped=False
2026-08-30 19:43:49,641 | INFO | step=8250/20000 loss=-0.7865413 nll=-0.7881513 kl=0.001609951 consistency=0 lambda=0 beta=1 grad=175.4447 horizon=220 lifetime=[460,1007] skipped=False
2026-08-30 19:43:50,087 | INFO | step=8260/20000 loss=-1.655132 nll=-1.655724 kl=0.0005916953 consistency=0 lambda=0 beta=1 grad=65.68063 horizon=260 lifetime=[437,988] skipped=False
2026-08-30 19:43:50,490 | INFO | step=8270/20000 loss=-1.683382 nll=-1.684163 kl=0.0007811785 consistency=0 lambda=0 beta=1 grad=58.67768 horizon=240 lifetime=[476,1071] skipped=False
2026-08-30 19:43:50,926 | INFO | step=8280/20000 loss=-1.391183 nll=-1.39195 kl=0.0007661581 consistency=0 lambda=0 beta=1 grad=116.4025 horizon=300 lifetime=[477,988] skipped=False
2026-08-30 19:43:51,296 | INFO | step=8290/20000 loss=-1.30262 nll=-1.304435 kl=0.001815885 consistency=0 lambda=0 beta=1 grad=62.44077 horizon=140 lifetime=[147,774] skipped=False
2026-08-30 19:43:51,701 | INFO | step=8300/20000 loss=-1.44514 nll=-1.445554 kl=0.0004140139 consistency=0 lambda=0 beta=1 grad=124.5888 horizon=220 lifetime=[428,871] skipped=False
2026-08-30 19:43:52,076 | INFO | step=8310/20000 loss=-0.5386745 nll=-0.5394447 kl=0.0007703006 consistency=0 lambda=0 beta=1 grad=51.37289 horizon=160 lifetime=[479,1705] skipped=False
2026-08-30 19:43:52,509 | INFO | step=8320/20000 loss=-1.346924 nll=-1.347406 kl=0.0004814565 consistency=0 lambda=0 beta=1 grad=52.21931 horizon=200 lifetime=[505,1431] skipped=False
2026-08-30 19:43:52,902 | INFO | step=8330/20000 loss=-1.473561 nll=-1.474501 kl=0.0009396076 consistency=0 lambda=0 beta=1 grad=104.4164 horizon=240 lifetime=[465,1431] skipped=False
2026-08-30 19:43:53,286 | INFO | step=8340/20000 loss=-1.186342 nll=-1.187049 kl=0.0007063746 consistency=0 lambda=0 beta=1 grad=58.22801 horizon=220 lifetime=[494,1282] skipped=False
2026-08-30 19:43:53,710 | INFO | step=8350/20000 loss=-1.216306 nll=-1.216911 kl=0.0006048977 consistency=0 lambda=0 beta=1 grad=81.20121 horizon=260 lifetime=[465,1154] skipped=False
2026-08-30 19:43:54,081 | INFO | step=8360/20000 loss=-1.206753 nll=-1.209262 kl=0.002508581 consistency=0 lambda=0 beta=1 grad=31.74546 horizon=160 lifetime=[479,847] skipped=False
2026-08-30 19:43:54,518 | INFO | step=8370/20000 loss=-1.925393 nll=-1.926087 kl=0.0006940365 consistency=0 lambda=0 beta=1 grad=190.2573 horizon=200 lifetime=[465,719] skipped=False
2026-08-30 19:43:54,874 | INFO | step=8380/20000 loss=-0.3090067 nll=-0.3106445 kl=0.001637816 consistency=0 lambda=0 beta=1 grad=34.00261 horizon=100 lifetime=[453,1052] skipped=False
2026-08-30 19:43:55,256 | INFO | step=8390/20000 loss=-0.6538537 nll=-0.6552826 kl=0.001428932 consistency=0 lambda=0 beta=1 grad=31.05325 horizon=100 lifetime=[453,877] skipped=False
2026-08-30 19:43:55,623 | INFO | step=8400/20000 loss=-1.300896 nll=-1.305884 kl=0.004987866 consistency=0 lambda=0 beta=1 grad=66.23738 horizon=140 lifetime=[706,988] skipped=False
2026-08-30 19:43:56,054 | INFO | step=8410/20000 loss=-1.167481 nll=-1.168343 kl=0.0008623004 consistency=0 lambda=0 beta=1 grad=152.1654 horizon=260 lifetime=[453,874] skipped=False
2026-08-30 19:43:56,521 | INFO | step=8420/20000 loss=-1.570116 nll=-1.570862 kl=0.0007461905 consistency=0 lambda=0 beta=1 grad=44.61953 horizon=280 lifetime=[526,1015] skipped=False
2026-08-30 19:43:56,904 | INFO | step=8430/20000 loss=-1.457975 nll=-1.460541 kl=0.002566159 consistency=0 lambda=0 beta=1 grad=70.54815 horizon=200 lifetime=[648,1052] skipped=False
2026-08-30 19:43:57,300 | INFO | step=8440/20000 loss=-1.402226 nll=-1.403204 kl=0.000977844 consistency=0 lambda=0 beta=1 grad=71.6737 horizon=160 lifetime=[470,1007] skipped=False
2026-08-30 19:43:57,754 | INFO | step=8450/20000 loss=-0.1426555 nll=-0.1439442 kl=0.001288712 consistency=0 lambda=0 beta=1 grad=188.9491 horizon=240 lifetime=[462,1858] skipped=False
2026-08-30 19:43:58,104 | INFO | step=8460/20000 loss=-1.27585 nll=-1.278207 kl=0.002357662 consistency=0 lambda=0 beta=1 grad=68.2869 horizon=120 lifetime=[437,858] skipped=False
2026-08-30 19:43:58,525 | INFO | step=8470/20000 loss=1.221265 nll=1.219903 kl=0.0013614 consistency=0 lambda=0 beta=1 grad=481.1345 horizon=240 lifetime=[484,1705] skipped=False
2026-08-30 19:43:58,919 | INFO | step=8480/20000 loss=-1.748035 nll=-1.749124 kl=0.001089007 consistency=0 lambda=0 beta=1 grad=88.36613 horizon=260 lifetime=[476,1055] skipped=False
2026-08-30 19:43:59,293 | INFO | step=8490/20000 loss=-0.9326924 nll=-0.9340469 kl=0.001354456 consistency=0 lambda=0 beta=1 grad=138.0628 horizon=160 lifetime=[465,1705] skipped=False
2026-08-30 19:43:59,983 | INFO | validation step=8500 rmse=154.1395 best=145.7338@7000 stale=3/10
2026-08-30 19:43:59,983 | INFO | step=8500/20000 loss=-1.927339 nll=-1.929264 kl=0.001924992 consistency=0 lambda=0 beta=1 grad=104.0762 horizon=280 lifetime=[486,1045] skipped=False
2026-08-30 19:44:00,450 | INFO | step=8510/20000 loss=-1.438664 nll=-1.439661 kl=0.0009967983 consistency=0 lambda=0 beta=1 grad=191.4243 horizon=160 lifetime=[453,1045] skipped=False
2026-08-30 19:44:00,839 | INFO | step=8520/20000 loss=-1.184465 nll=-1.185239 kl=0.0007735789 consistency=0 lambda=0 beta=1 grad=163.4416 horizon=160 lifetime=[476,938] skipped=False
2026-08-30 19:44:01,241 | INFO | step=8530/20000 loss=-1.359123 nll=-1.360479 kl=0.001355797 consistency=0 lambda=0 beta=1 grad=344.2609 horizon=240 lifetime=[476,2237] skipped=False
2026-08-30 19:44:01,628 | INFO | step=8540/20000 loss=-0.8410618 nll=-0.8420548 kl=0.000993073 consistency=0 lambda=0 beta=1 grad=109.4587 horizon=140 lifetime=[533,1061] skipped=False
2026-08-30 19:44:02,016 | INFO | step=8550/20000 loss=-0.158062 nll=-0.1589494 kl=0.000887394 consistency=0 lambda=0 beta=1 grad=279.6308 horizon=280 lifetime=[476,1431] skipped=False
2026-08-30 19:44:02,418 | INFO | step=8560/20000 loss=-2.142697 nll=-2.143817 kl=0.001120061 consistency=0 lambda=0 beta=1 grad=112.8439 horizon=280 lifetime=[442,823] skipped=False
2026-08-30 19:44:02,817 | INFO | step=8570/20000 loss=-0.04095314 nll=-0.04227716 kl=0.001324028 consistency=0 lambda=0 beta=1 grad=180.1545 horizon=140 lifetime=[519,1055] skipped=False
2026-08-30 19:44:03,211 | INFO | step=8580/20000 loss=-1.480027 nll=-1.480668 kl=0.0006404221 consistency=0 lambda=0 beta=1 grad=85.12985 horizon=240 lifetime=[442,1012] skipped=False
2026-08-30 19:44:03,577 | INFO | step=8590/20000 loss=-0.1215222 nll=-0.1238459 kl=0.002323776 consistency=0 lambda=0 beta=1 grad=117.583 horizon=100 lifetime=[480,1045] skipped=False
2026-08-30 19:44:03,942 | INFO | step=8600/20000 loss=-1.741306 nll=-1.742889 kl=0.001582712 consistency=0 lambda=0 beta=1 grad=32.28154 horizon=220 lifetime=[334,2237] skipped=False
2026-08-30 19:44:04,348 | INFO | step=8610/20000 loss=-1.885554 nll=-1.886927 kl=0.001372367 consistency=0 lambda=0 beta=1 grad=71.32501 horizon=200 lifetime=[453,1045] skipped=False
2026-08-30 19:44:04,756 | INFO | step=8620/20000 loss=-0.7789527 nll=-0.7799107 kl=0.0009579957 consistency=0 lambda=0 beta=1 grad=147.9478 horizon=140 lifetime=[334,938] skipped=False
2026-08-30 19:44:05,154 | INFO | step=8630/20000 loss=-0.9556135 nll=-0.9563701 kl=0.0007565916 consistency=0 lambda=0 beta=1 grad=159.2755 horizon=260 lifetime=[442,1313] skipped=False
2026-08-30 19:44:05,570 | INFO | step=8640/20000 loss=-1.607908 nll=-1.610576 kl=0.002668262 consistency=0 lambda=0 beta=1 grad=244.8837 horizon=300 lifetime=[460,774] skipped=False
2026-08-30 19:44:05,956 | INFO | step=8650/20000 loss=-0.5926476 nll=-0.5946047 kl=0.001957148 consistency=0 lambda=0 beta=1 grad=114.2667 horizon=120 lifetime=[484,1858] skipped=False
2026-08-30 19:44:06,342 | INFO | step=8660/20000 loss=-1.331142 nll=-1.332312 kl=0.001170218 consistency=0 lambda=0 beta=1 grad=97.70897 horizon=260 lifetime=[334,856] skipped=False
2026-08-30 19:44:06,709 | INFO | step=8670/20000 loss=-1.034496 nll=-1.036234 kl=0.001737505 consistency=0 lambda=0 beta=1 grad=75.70773 horizon=280 lifetime=[494,1705] skipped=False
2026-08-30 19:44:07,111 | INFO | step=8680/20000 loss=-0.4407279 nll=-0.4415458 kl=0.0008178055 consistency=0 lambda=0 beta=1 grad=297.1269 horizon=160 lifetime=[687,1052] skipped=False
2026-08-30 19:44:07,487 | INFO | step=8690/20000 loss=2.168005 nll=2.164776 kl=0.00322926 consistency=0 lambda=0 beta=1 grad=559.5366 horizon=140 lifetime=[470,1015] skipped=False
2026-08-30 19:44:07,911 | INFO | step=8700/20000 loss=-1.105425 nll=-1.107033 kl=0.001607895 consistency=0 lambda=0 beta=1 grad=86.74304 horizon=140 lifetime=[428,1071] skipped=False
2026-08-30 19:44:08,303 | INFO | step=8710/20000 loss=-0.9369638 nll=-0.9382303 kl=0.00126645 consistency=0 lambda=0 beta=1 grad=32.70119 horizon=140 lifetime=[465,2154] skipped=False
2026-08-30 19:44:08,698 | INFO | step=8720/20000 loss=-0.7624246 nll=-0.7641808 kl=0.001756221 consistency=0 lambda=0 beta=1 grad=77.1182 horizon=220 lifetime=[428,1858] skipped=False
2026-08-30 19:44:09,069 | INFO | step=8730/20000 loss=-1.642867 nll=-1.644662 kl=0.001794666 consistency=0 lambda=0 beta=1 grad=21.28084 horizon=240 lifetime=[460,938] skipped=False
2026-08-30 19:44:09,435 | INFO | step=8740/20000 loss=-0.509385 nll=-0.5099903 kl=0.0006052852 consistency=0 lambda=0 beta=1 grad=135.6322 horizon=200 lifetime=[428,874] skipped=False
2026-08-30 19:44:09,844 | INFO | step=8750/20000 loss=-1.497828 nll=-1.498568 kl=0.0007392764 consistency=0 lambda=0 beta=1 grad=56.4433 horizon=260 lifetime=[519,1052] skipped=False
2026-08-30 19:44:10,275 | INFO | step=8760/20000 loss=-1.005436 nll=-1.007257 kl=0.001820892 consistency=0 lambda=0 beta=1 grad=173.5842 horizon=280 lifetime=[453,1282] skipped=False
2026-08-30 19:44:10,680 | INFO | step=8770/20000 loss=-0.6198721 nll=-0.6204651 kl=0.0005930364 consistency=0 lambda=0 beta=1 grad=118.8494 horizon=160 lifetime=[486,988] skipped=False
2026-08-30 19:44:11,127 | INFO | step=8780/20000 loss=-0.9994065 nll=-1.000844 kl=0.001437068 consistency=0 lambda=0 beta=1 grad=38.56356 horizon=120 lifetime=[334,2237] skipped=False
2026-08-30 19:44:11,533 | INFO | step=8790/20000 loss=-1.476558 nll=-1.477434 kl=0.0008760095 consistency=0 lambda=0 beta=1 grad=74.46159 horizon=280 lifetime=[479,1858] skipped=False
2026-08-30 19:44:11,909 | INFO | step=8800/20000 loss=-1.276304 nll=-1.277969 kl=0.001665115 consistency=0 lambda=0 beta=1 grad=88.06969 horizon=120 lifetime=[465,1052] skipped=False
2026-08-30 19:44:12,288 | INFO | step=8810/20000 loss=-1.335438 nll=-1.336406 kl=0.0009677112 consistency=0 lambda=0 beta=1 grad=125.0267 horizon=180 lifetime=[465,874] skipped=False
2026-08-30 19:44:12,636 | INFO | step=8820/20000 loss=-1.233992 nll=-1.236292 kl=0.002300322 consistency=0 lambda=0 beta=1 grad=120.9262 horizon=180 lifetime=[484,988] skipped=False
2026-08-30 19:44:13,093 | INFO | step=8830/20000 loss=-0.8528055 nll=-0.8531904 kl=0.0003849566 consistency=0 lambda=0 beta=1 grad=150.6684 horizon=280 lifetime=[482,1431] skipped=False
2026-08-30 19:44:13,496 | INFO | step=8840/20000 loss=-0.3824084 nll=-0.3834355 kl=0.001027107 consistency=0 lambda=0 beta=1 grad=255.1809 horizon=160 lifetime=[482,1154] skipped=False
2026-08-30 19:44:13,901 | INFO | step=8850/20000 loss=-1.181722 nll=-1.182446 kl=0.0007230639 consistency=0 lambda=0 beta=1 grad=127.7217 horizon=160 lifetime=[334,1007] skipped=False
2026-08-30 19:44:14,288 | INFO | step=8860/20000 loss=-1.414856 nll=-1.417454 kl=0.002598196 consistency=0 lambda=0 beta=1 grad=78.88081 horizon=200 lifetime=[476,988] skipped=False
2026-08-30 19:44:14,688 | INFO | step=8870/20000 loss=-0.6666163 nll=-0.6674587 kl=0.0008423328 consistency=0 lambda=0 beta=1 grad=323.0919 horizon=240 lifetime=[461,2154] skipped=False
2026-08-30 19:44:15,098 | INFO | step=8880/20000 loss=-1.527417 nll=-1.52874 kl=0.001322538 consistency=0 lambda=0 beta=1 grad=93.74709 horizon=260 lifetime=[428,1071] skipped=False
2026-08-30 19:44:15,493 | INFO | step=8890/20000 loss=-1.369467 nll=-1.372485 kl=0.003018171 consistency=0 lambda=0 beta=1 grad=89.94939 horizon=180 lifetime=[488,1705] skipped=False
2026-08-30 19:44:15,946 | INFO | step=8900/20000 loss=-1.64884 nll=-1.651515 kl=0.002675325 consistency=0 lambda=0 beta=1 grad=105.8692 horizon=240 lifetime=[428,1858] skipped=False
2026-08-30 19:44:16,334 | INFO | step=8910/20000 loss=-0.6516556 nll=-0.6521932 kl=0.0005376637 consistency=0 lambda=0 beta=1 grad=182.9093 horizon=200 lifetime=[465,1705] skipped=False
2026-08-30 19:44:16,748 | INFO | step=8920/20000 loss=-1.898317 nll=-1.899144 kl=0.0008270741 consistency=0 lambda=0 beta=1 grad=153.6582 horizon=300 lifetime=[428,770] skipped=False
2026-08-30 19:44:17,121 | INFO | step=8930/20000 loss=-1.313485 nll=-1.314642 kl=0.001157522 consistency=0 lambda=0 beta=1 grad=101.577 horizon=280 lifetime=[479,2237] skipped=False
2026-08-30 19:44:17,533 | INFO | step=8940/20000 loss=-1.612162 nll=-1.612902 kl=0.000739783 consistency=0 lambda=0 beta=1 grad=87.90127 horizon=280 lifetime=[453,2154] skipped=False
2026-08-30 19:44:17,956 | INFO | step=8950/20000 loss=-0.2154125 nll=-0.2169133 kl=0.001500845 consistency=0 lambda=0 beta=1 grad=54.23727 horizon=100 lifetime=[147,1431] skipped=False
2026-08-30 19:44:18,391 | INFO | step=8960/20000 loss=-1.295797 nll=-1.296568 kl=0.0007713139 consistency=0 lambda=0 beta=1 grad=191.5048 horizon=200 lifetime=[437,2154] skipped=False
2026-08-30 19:44:18,792 | INFO | step=8970/20000 loss=-0.5355074 nll=-0.5377374 kl=0.002230048 consistency=0 lambda=0 beta=1 grad=38.11397 horizon=100 lifetime=[437,1061] skipped=False
2026-08-30 19:44:19,235 | INFO | step=8980/20000 loss=-1.196955 nll=-1.198062 kl=0.001106977 consistency=0 lambda=0 beta=1 grad=109.7872 horizon=180 lifetime=[480,1431] skipped=False
2026-08-30 19:44:19,607 | INFO | step=8990/20000 loss=-0.9637433 nll=-0.9643235 kl=0.0005802512 consistency=0 lambda=0 beta=1 grad=104.1242 horizon=180 lifetime=[491,1045] skipped=False
2026-08-30 19:44:20,312 | INFO | validation step=9000 rmse=150.7878 best=145.7338@7000 stale=4/10
2026-08-30 19:44:20,312 | INFO | step=9000/20000 loss=-0.777468 nll=-0.7782074 kl=0.000739485 consistency=0 lambda=0 beta=1 grad=159.1018 horizon=300 lifetime=[428,1015] skipped=False
2026-08-30 19:44:20,786 | INFO | step=9010/20000 loss=-1.295761 nll=-1.297814 kl=0.002052575 consistency=0 lambda=0 beta=1 grad=39.13947 horizon=120 lifetime=[460,1055] skipped=False
2026-08-30 19:44:21,205 | INFO | step=9020/20000 loss=-0.7016214 nll=-0.7023913 kl=0.000769943 consistency=0 lambda=0 beta=1 grad=23.65741 horizon=120 lifetime=[147,1007] skipped=False
2026-08-30 19:44:21,588 | INFO | step=9030/20000 loss=-1.217954 nll=-1.218793 kl=0.0008389354 consistency=0 lambda=0 beta=1 grad=166.2921 horizon=160 lifetime=[437,852] skipped=False
2026-08-30 19:44:21,976 | INFO | step=9040/20000 loss=-0.8490072 nll=-0.8499362 kl=0.0009290278 consistency=0 lambda=0 beta=1 grad=20.78452 horizon=100 lifetime=[479,2154] skipped=False
2026-08-30 19:44:22,414 | INFO | step=9050/20000 loss=-0.7632622 nll=-0.7649555 kl=0.001693279 consistency=0 lambda=0 beta=1 grad=141.5406 horizon=280 lifetime=[428,1015] skipped=False
2026-08-30 19:44:22,828 | INFO | step=9060/20000 loss=-0.8108068 nll=-0.8120646 kl=0.001257926 consistency=0 lambda=0 beta=1 grad=94.69114 horizon=160 lifetime=[465,2154] skipped=False
2026-08-30 19:44:23,222 | INFO | step=9070/20000 loss=-1.330773 nll=-1.331259 kl=0.0004857481 consistency=0 lambda=0 beta=1 grad=50.332 horizon=240 lifetime=[442,1154] skipped=False
2026-08-30 19:44:23,659 | INFO | step=9080/20000 loss=-1.595953 nll=-1.59655 kl=0.0005978942 consistency=0 lambda=0 beta=1 grad=41.32566 horizon=220 lifetime=[334,1154] skipped=False
2026-08-30 19:44:24,058 | INFO | step=9090/20000 loss=-1.524174 nll=-1.524866 kl=0.0006915927 consistency=0 lambda=0 beta=1 grad=180.6527 horizon=240 lifetime=[437,856] skipped=False
2026-08-30 19:44:24,473 | INFO | step=9100/20000 loss=-1.612965 nll=-1.614037 kl=0.001072645 consistency=0 lambda=0 beta=1 grad=85.26875 horizon=260 lifetime=[526,1015] skipped=False
2026-08-30 19:44:24,914 | INFO | step=9110/20000 loss=-1.260445 nll=-1.260851 kl=0.0004057586 consistency=0 lambda=0 beta=1 grad=201.4267 horizon=260 lifetime=[465,1282] skipped=False
2026-08-30 19:44:25,305 | INFO | step=9120/20000 loss=-0.7177019 nll=-0.7187574 kl=0.001055449 consistency=0 lambda=0 beta=1 grad=131.6904 horizon=240 lifetime=[633,1007] skipped=False
2026-08-30 19:44:25,674 | INFO | step=9130/20000 loss=-0.05594897 nll=-0.05687672 kl=0.0009277463 consistency=0 lambda=0 beta=1 grad=165.3937 horizon=100 lifetime=[462,921] skipped=False
2026-08-30 19:44:26,107 | INFO | step=9140/20000 loss=-1.066019 nll=-1.06673 kl=0.0007119179 consistency=0 lambda=0 beta=1 grad=82.14435 horizon=220 lifetime=[460,1282] skipped=False
2026-08-30 19:44:26,489 | INFO | step=9150/20000 loss=-0.4599848 nll=-0.4621682 kl=0.002183467 consistency=0 lambda=0 beta=1 grad=66.80994 horizon=100 lifetime=[428,1705] skipped=False
2026-08-30 19:44:26,890 | INFO | step=9160/20000 loss=-1.105718 nll=-1.109052 kl=0.003334582 consistency=0 lambda=0 beta=1 grad=82.6284 horizon=140 lifetime=[460,1282] skipped=False
2026-08-30 19:44:27,287 | INFO | step=9170/20000 loss=-0.9493721 nll=-0.9514705 kl=0.002098411 consistency=0 lambda=0 beta=1 grad=100.3772 horizon=300 lifetime=[498,1015] skipped=False
2026-08-30 19:44:27,707 | INFO | step=9180/20000 loss=-0.1496511 nll=-0.1503668 kl=0.0007157028 consistency=0 lambda=0 beta=1 grad=199.2482 horizon=180 lifetime=[470,1858] skipped=False
2026-08-30 19:44:28,109 | INFO | step=9190/20000 loss=-0.4459932 nll=-0.4468884 kl=0.0008951426 consistency=0 lambda=0 beta=1 grad=154.1817 horizon=100 lifetime=[482,852] skipped=False
2026-08-30 19:44:28,519 | INFO | step=9200/20000 loss=-1.365145 nll=-1.366254 kl=0.001108915 consistency=0 lambda=0 beta=1 grad=83.13898 horizon=220 lifetime=[442,1282] skipped=False
2026-08-30 19:44:28,952 | INFO | step=9210/20000 loss=-1.456816 nll=-1.458601 kl=0.0017851 consistency=0 lambda=0 beta=1 grad=98.86672 horizon=280 lifetime=[460,1705] skipped=False
2026-08-30 19:44:29,319 | INFO | step=9220/20000 loss=-0.1335401 nll=-0.1354965 kl=0.001956433 consistency=0 lambda=0 beta=1 grad=151.2411 horizon=100 lifetime=[482,1055] skipped=False
2026-08-30 19:44:29,752 | INFO | step=9230/20000 loss=-0.9142392 nll=-0.9150254 kl=0.0007862151 consistency=0 lambda=0 beta=1 grad=188.3688 horizon=160 lifetime=[437,1705] skipped=False
2026-08-30 19:44:30,108 | INFO | step=9240/20000 loss=-1.045426 nll=-1.048736 kl=0.003309399 consistency=0 lambda=0 beta=1 grad=90.68853 horizon=120 lifetime=[442,988] skipped=False
2026-08-30 19:44:30,531 | INFO | step=9250/20000 loss=0.3496009 nll=0.3482789 kl=0.001321912 consistency=0 lambda=0 beta=1 grad=266.1003 horizon=140 lifetime=[476,1091] skipped=False
2026-08-30 19:44:30,959 | INFO | step=9260/20000 loss=1.397402 nll=1.39548 kl=0.00192216 consistency=0 lambda=0 beta=1 grad=404.9362 horizon=120 lifetime=[460,1055] skipped=False
2026-08-30 19:44:31,392 | INFO | step=9270/20000 loss=-1.03598 nll=-1.037223 kl=0.001243085 consistency=0 lambda=0 beta=1 grad=95.54875 horizon=220 lifetime=[437,1705] skipped=False
2026-08-30 19:44:31,771 | INFO | step=9280/20000 loss=-1.256298 nll=-1.257601 kl=0.001303226 consistency=0 lambda=0 beta=1 grad=80.11038 horizon=280 lifetime=[461,1858] skipped=False
2026-08-30 19:44:32,203 | INFO | step=9290/20000 loss=-0.8386422 nll=-0.8410282 kl=0.002386004 consistency=0 lambda=0 beta=1 grad=72.32907 horizon=120 lifetime=[428,1055] skipped=False
2026-08-30 19:44:32,648 | INFO | step=9300/20000 loss=-1.840092 nll=-1.841367 kl=0.001274198 consistency=0 lambda=0 beta=1 grad=220.0773 horizon=300 lifetime=[460,988] skipped=False
2026-08-30 19:44:33,078 | INFO | step=9310/20000 loss=-1.498883 nll=-1.500035 kl=0.001152158 consistency=0 lambda=0 beta=1 grad=63.6805 horizon=220 lifetime=[442,1045] skipped=False
2026-08-30 19:44:33,463 | INFO | step=9320/20000 loss=-1.096425 nll=-1.097835 kl=0.00140959 consistency=0 lambda=0 beta=1 grad=159.182 horizon=280 lifetime=[453,1071] skipped=False
2026-08-30 19:44:33,852 | INFO | step=9330/20000 loss=-1.132722 nll=-1.13543 kl=0.00270763 consistency=0 lambda=0 beta=1 grad=131.9563 horizon=120 lifetime=[442,877] skipped=False
2026-08-30 19:44:34,276 | INFO | step=9340/20000 loss=-1.691077 nll=-1.692029 kl=0.0009518266 consistency=0 lambda=0 beta=1 grad=43.46759 horizon=300 lifetime=[460,1015] skipped=False
2026-08-30 19:44:34,678 | INFO | step=9350/20000 loss=-0.8737686 nll=-0.8751583 kl=0.001389772 consistency=0 lambda=0 beta=1 grad=72.83555 horizon=100 lifetime=[526,1858] skipped=False
2026-08-30 19:44:35,105 | INFO | step=9360/20000 loss=-1.398299 nll=-1.400037 kl=0.00173822 consistency=0 lambda=0 beta=1 grad=209.1597 horizon=260 lifetime=[428,1431] skipped=False
2026-08-30 19:44:35,504 | INFO | step=9370/20000 loss=-1.18913 nll=-1.189569 kl=0.000439018 consistency=0 lambda=0 beta=1 grad=95.66977 horizon=280 lifetime=[428,1705] skipped=False
2026-08-30 19:44:35,899 | INFO | step=9380/20000 loss=-1.849803 nll=-1.850788 kl=0.000985682 consistency=0 lambda=0 beta=1 grad=85.94201 horizon=240 lifetime=[437,1007] skipped=False
2026-08-30 19:44:36,314 | INFO | step=9390/20000 loss=-0.7686507 nll=-0.7710532 kl=0.002402574 consistency=0 lambda=0 beta=1 grad=61.16461 horizon=160 lifetime=[501,1012] skipped=False
2026-08-30 19:44:36,727 | INFO | step=9400/20000 loss=-0.8007858 nll=-0.8021967 kl=0.001410902 consistency=0 lambda=0 beta=1 grad=114.4405 horizon=220 lifetime=[614,2154] skipped=False
2026-08-30 19:44:37,158 | INFO | step=9410/20000 loss=-1.091603 nll=-1.092284 kl=0.0006809831 consistency=0 lambda=0 beta=1 grad=98.08705 horizon=260 lifetime=[519,1015] skipped=False
2026-08-30 19:44:37,560 | INFO | step=9420/20000 loss=0.4763546 nll=0.4743548 kl=0.001999825 consistency=0 lambda=0 beta=1 grad=158.3035 horizon=100 lifetime=[461,2154] skipped=False
2026-08-30 19:44:37,990 | INFO | step=9430/20000 loss=-1.315189 nll=-1.31665 kl=0.001460671 consistency=0 lambda=0 beta=1 grad=154.0422 horizon=180 lifetime=[442,938] skipped=False
2026-08-30 19:44:38,421 | INFO | step=9440/20000 loss=-1.363905 nll=-1.36506 kl=0.001154959 consistency=0 lambda=0 beta=1 grad=44.71035 horizon=280 lifetime=[462,1154] skipped=False
2026-08-30 19:44:38,844 | INFO | step=9450/20000 loss=-1.217188 nll=-1.218039 kl=0.0008515716 consistency=0 lambda=0 beta=1 grad=91.37112 horizon=160 lifetime=[453,1052] skipped=False
2026-08-30 19:44:39,220 | INFO | step=9460/20000 loss=-1.021971 nll=-1.022588 kl=0.0006174445 consistency=0 lambda=0 beta=1 grad=69.51652 horizon=120 lifetime=[442,1091] skipped=False
2026-08-30 19:44:39,657 | INFO | step=9470/20000 loss=-1.60669 nll=-1.608162 kl=0.001471967 consistency=0 lambda=0 beta=1 grad=87.89599 horizon=240 lifetime=[488,938] skipped=False
2026-08-30 19:44:40,057 | INFO | step=9480/20000 loss=-1.319633 nll=-1.320457 kl=0.0008230805 consistency=0 lambda=0 beta=1 grad=151.3508 horizon=160 lifetime=[428,1091] skipped=False
2026-08-30 19:44:40,482 | INFO | step=9490/20000 loss=-1.344388 nll=-1.345311 kl=0.0009225905 consistency=0 lambda=0 beta=1 grad=135.5589 horizon=240 lifetime=[476,2154] skipped=False
2026-08-30 19:44:41,205 | INFO | validation step=9500 rmse=156.7183 best=145.7338@7000 stale=5/10
2026-08-30 19:44:41,205 | INFO | step=9500/20000 loss=-1.553263 nll=-1.554377 kl=0.001113802 consistency=0 lambda=0 beta=1 grad=71.5676 horizon=280 lifetime=[498,1431] skipped=False
2026-08-30 19:44:41,666 | INFO | step=9510/20000 loss=-1.46294 nll=-1.463753 kl=0.0008127987 consistency=0 lambda=0 beta=1 grad=188.2501 horizon=180 lifetime=[334,988] skipped=False
2026-08-30 19:44:42,082 | INFO | step=9520/20000 loss=-0.4237337 nll=-0.4259351 kl=0.002201438 consistency=0 lambda=0 beta=1 grad=22.26856 horizon=120 lifetime=[428,1091] skipped=False
2026-08-30 19:44:42,648 | INFO | step=9530/20000 loss=-0.535849 nll=-0.5372031 kl=0.001354098 consistency=0 lambda=0 beta=1 grad=135.3592 horizon=100 lifetime=[428,1045] skipped=False
2026-08-30 19:44:43,057 | INFO | step=9540/20000 loss=-1.827483 nll=-1.82854 kl=0.001057208 consistency=0 lambda=0 beta=1 grad=45.21862 horizon=260 lifetime=[460,1705] skipped=False
2026-08-30 19:44:43,459 | INFO | step=9550/20000 loss=-1.126733 nll=-1.127641 kl=0.0009075701 consistency=0 lambda=0 beta=1 grad=142.8856 horizon=200 lifetime=[486,1071] skipped=False
2026-08-30 19:44:43,869 | INFO | step=9560/20000 loss=-0.5070191 nll=-0.5093921 kl=0.00237298 consistency=0 lambda=0 beta=1 grad=225.7447 horizon=200 lifetime=[460,891] skipped=False
2026-08-30 19:44:44,276 | INFO | step=9570/20000 loss=-0.4107481 nll=-0.4121473 kl=0.001399189 consistency=0 lambda=0 beta=1 grad=75.8646 horizon=100 lifetime=[147,2154] skipped=False
2026-08-30 19:44:44,685 | INFO | step=9580/20000 loss=-1.534409 nll=-1.534885 kl=0.0004761815 consistency=0 lambda=0 beta=1 grad=107.1708 horizon=140 lifetime=[453,1015] skipped=False
2026-08-30 19:44:45,038 | INFO | step=9590/20000 loss=-0.7150233 nll=-0.7157124 kl=0.0006890893 consistency=0 lambda=0 beta=1 grad=73.3502 horizon=100 lifetime=[428,1705] skipped=False
2026-08-30 19:44:45,457 | INFO | step=9600/20000 loss=-0.3186989 nll=-0.3193519 kl=0.0006529093 consistency=0 lambda=0 beta=1 grad=105.4889 horizon=100 lifetime=[334,1055] skipped=False
2026-08-30 19:44:45,857 | INFO | step=9610/20000 loss=-0.3057726 nll=-0.3070496 kl=0.00127697 consistency=0 lambda=0 beta=1 grad=312.8611 horizon=140 lifetime=[334,828] skipped=False
2026-08-30 19:44:46,224 | INFO | step=9620/20000 loss=-1.218305 nll=-1.219494 kl=0.001189411 consistency=0 lambda=0 beta=1 grad=67.13171 horizon=140 lifetime=[460,1071] skipped=False
2026-08-30 19:44:46,701 | INFO | step=9630/20000 loss=-1.172155 nll=-1.172752 kl=0.0005972385 consistency=0 lambda=0 beta=1 grad=126.1234 horizon=280 lifetime=[486,1431] skipped=False
2026-08-30 19:44:47,108 | INFO | step=9640/20000 loss=-1.050443 nll=-1.050829 kl=0.0003860891 consistency=0 lambda=0 beta=1 grad=258.3422 horizon=180 lifetime=[437,1431] skipped=False
2026-08-30 19:44:47,532 | INFO | step=9650/20000 loss=-1.071694 nll=-1.073129 kl=0.001435667 consistency=0 lambda=0 beta=1 grad=265.5602 horizon=260 lifetime=[462,988] skipped=False
2026-08-30 19:44:47,951 | INFO | step=9660/20000 loss=-1.355639 nll=-1.35628 kl=0.0006406605 consistency=0 lambda=0 beta=1 grad=80.96366 horizon=220 lifetime=[476,1091] skipped=False
2026-08-30 19:44:48,348 | INFO | step=9670/20000 loss=-1.617649 nll=-1.618157 kl=0.0005084276 consistency=0 lambda=0 beta=1 grad=118.3183 horizon=200 lifetime=[519,988] skipped=False
2026-08-30 19:44:48,718 | INFO | step=9680/20000 loss=-0.4498458 nll=-0.4507459 kl=0.0009001791 consistency=0 lambda=0 beta=1 grad=247.1661 horizon=160 lifetime=[482,1045] skipped=False
2026-08-30 19:44:49,122 | INFO | step=9690/20000 loss=-1.472481 nll=-1.473349 kl=0.0008687675 consistency=0 lambda=0 beta=1 grad=265.3321 horizon=240 lifetime=[453,863] skipped=False
2026-08-30 19:44:49,470 | INFO | step=9700/20000 loss=-0.6966869 nll=-0.6974258 kl=0.0007389486 consistency=0 lambda=0 beta=1 grad=60.49062 horizon=120 lifetime=[442,1015] skipped=False
2026-08-30 19:44:49,859 | INFO | step=9710/20000 loss=-1.501843 nll=-1.503179 kl=0.001336068 consistency=0 lambda=0 beta=1 grad=131.3888 horizon=200 lifetime=[460,988] skipped=False
2026-08-30 19:44:50,268 | INFO | step=9720/20000 loss=-1.277091 nll=-1.277538 kl=0.0004464388 consistency=0 lambda=0 beta=1 grad=93.21971 horizon=280 lifetime=[442,1431] skipped=False
2026-08-30 19:44:50,673 | INFO | step=9730/20000 loss=-1.842639 nll=-1.843516 kl=0.0008768439 consistency=0 lambda=0 beta=1 grad=51.66671 horizon=220 lifetime=[334,868] skipped=False
2026-08-30 19:44:51,056 | INFO | step=9740/20000 loss=-1.319409 nll=-1.320472 kl=0.001063108 consistency=0 lambda=0 beta=1 grad=56.02166 horizon=260 lifetime=[442,1313] skipped=False
2026-08-30 19:44:51,400 | INFO | step=9750/20000 loss=-1.450922 nll=-1.451751 kl=0.000828743 consistency=0 lambda=0 beta=1 grad=79.27112 horizon=200 lifetime=[461,1007] skipped=False
2026-08-30 19:44:51,768 | INFO | step=9760/20000 loss=-1.486913 nll=-1.489197 kl=0.002284378 consistency=0 lambda=0 beta=1 grad=87.4929 horizon=140 lifetime=[437,869] skipped=False
2026-08-30 19:44:52,199 | INFO | step=9770/20000 loss=-0.3768048 nll=-0.3791762 kl=0.002371371 consistency=0 lambda=0 beta=1 grad=82.99763 horizon=100 lifetime=[476,1858] skipped=False
2026-08-30 19:44:52,582 | INFO | step=9780/20000 loss=-1.029771 nll=-1.031268 kl=0.001497805 consistency=0 lambda=0 beta=1 grad=173.3474 horizon=280 lifetime=[460,1431] skipped=False
2026-08-30 19:44:53,000 | INFO | step=9790/20000 loss=-1.612597 nll=-1.613133 kl=0.0005362332 consistency=0 lambda=0 beta=1 grad=21.32253 horizon=200 lifetime=[494,1061] skipped=False
2026-08-30 19:44:53,375 | INFO | step=9800/20000 loss=-0.8958617 nll=-0.8972189 kl=0.001357108 consistency=0 lambda=0 beta=1 grad=73.43417 horizon=100 lifetime=[428,811] skipped=False
2026-08-30 19:44:53,760 | INFO | step=9810/20000 loss=-1.225936 nll=-1.227623 kl=0.001687378 consistency=0 lambda=0 beta=1 grad=96.99634 horizon=240 lifetime=[479,1091] skipped=False
2026-08-30 19:44:54,163 | INFO | step=9820/20000 loss=-1.305073 nll=-1.305542 kl=0.0004692376 consistency=0 lambda=0 beta=1 grad=113.3557 horizon=200 lifetime=[482,1071] skipped=False
2026-08-30 19:44:54,510 | INFO | step=9830/20000 loss=-1.129938 nll=-1.130599 kl=0.0006616116 consistency=0 lambda=0 beta=1 grad=217.6703 horizon=140 lifetime=[453,1052] skipped=False
2026-08-30 19:44:54,885 | INFO | step=9840/20000 loss=-0.1617179 nll=-0.1642186 kl=0.002500653 consistency=0 lambda=0 beta=1 grad=84.55932 horizon=100 lifetime=[488,1071] skipped=False
2026-08-30 19:44:55,251 | INFO | step=9850/20000 loss=-0.996589 nll=-0.9975875 kl=0.000998497 consistency=0 lambda=0 beta=1 grad=140.8998 horizon=240 lifetime=[557,2237] skipped=False
2026-08-30 19:44:55,681 | INFO | step=9860/20000 loss=-0.3136487 nll=-0.3163293 kl=0.00268054 consistency=0 lambda=0 beta=1 grad=28.76971 horizon=100 lifetime=[428,1282] skipped=False
2026-08-30 19:44:56,054 | INFO | step=9870/20000 loss=-0.706274 nll=-0.7076867 kl=0.001412749 consistency=0 lambda=0 beta=1 grad=176.9394 horizon=100 lifetime=[470,1071] skipped=False
2026-08-30 19:44:56,400 | INFO | step=9880/20000 loss=-2.071267 nll=-2.072041 kl=0.0007732213 consistency=0 lambda=0 beta=1 grad=100.7184 horizon=240 lifetime=[486,1012] skipped=False
2026-08-30 19:44:56,803 | INFO | step=9890/20000 loss=-1.102925 nll=-1.104157 kl=0.001232684 consistency=0 lambda=0 beta=1 grad=95.78536 horizon=100 lifetime=[460,1858] skipped=False
2026-08-30 19:44:57,218 | INFO | step=9900/20000 loss=-0.1542545 nll=-0.1549501 kl=0.0006956756 consistency=0 lambda=0 beta=1 grad=210.5541 horizon=120 lifetime=[470,1055] skipped=False
2026-08-30 19:44:57,638 | INFO | step=9910/20000 loss=-1.301989 nll=-1.302418 kl=0.0004294217 consistency=0 lambda=0 beta=1 grad=71.44389 horizon=300 lifetime=[428,1091] skipped=False
2026-08-30 19:44:58,057 | INFO | step=9920/20000 loss=-1.71674 nll=-1.717989 kl=0.001248777 consistency=0 lambda=0 beta=1 grad=54.5951 horizon=280 lifetime=[512,930] skipped=False
2026-08-30 19:44:58,461 | INFO | step=9930/20000 loss=-1.133371 nll=-1.13494 kl=0.001569539 consistency=0 lambda=0 beta=1 grad=108.0492 horizon=180 lifetime=[334,1154] skipped=False
2026-08-30 19:44:58,889 | INFO | step=9940/20000 loss=-1.847147 nll=-1.847826 kl=0.0006787479 consistency=0 lambda=0 beta=1 grad=114.9063 horizon=300 lifetime=[428,988] skipped=False
2026-08-30 19:44:59,287 | INFO | step=9950/20000 loss=-1.023459 nll=-1.024211 kl=0.0007514656 consistency=0 lambda=0 beta=1 grad=180.077 horizon=300 lifetime=[334,1313] skipped=False
2026-08-30 19:44:59,705 | INFO | step=9960/20000 loss=0.09844333 nll=0.09796837 kl=0.0004749596 consistency=0 lambda=0 beta=1 grad=759.4294 horizon=260 lifetime=[494,1282] skipped=False
2026-08-30 19:45:00,071 | INFO | step=9970/20000 loss=-0.9163997 nll=-0.9195949 kl=0.003195167 consistency=0 lambda=0 beta=1 grad=96.57683 horizon=120 lifetime=[428,2154] skipped=False
2026-08-30 19:45:00,475 | INFO | step=9980/20000 loss=-1.667754 nll=-1.668794 kl=0.001039714 consistency=0 lambda=0 beta=1 grad=181.8892 horizon=260 lifetime=[460,1052] skipped=False
2026-08-30 19:45:00,903 | INFO | step=9990/20000 loss=-0.5670246 nll=-0.5680581 kl=0.001033485 consistency=0 lambda=0 beta=1 grad=148.7431 horizon=100 lifetime=[486,863] skipped=False
2026-08-30 19:45:01,581 | INFO | validation step=10000 rmse=146.7166 best=145.7338@7000 stale=6/10
2026-08-30 19:45:01,581 | INFO | step=10000/20000 loss=-1.145536 nll=-1.14734 kl=0.001803905 consistency=0 lambda=0 beta=1 grad=79.34409 horizon=140 lifetime=[461,1061] skipped=False
2026-08-30 19:45:02,065 | INFO | step=10010/20000 loss=-1.048523 nll=-1.049165 kl=0.0006421208 consistency=0 lambda=0 beta=1 grad=135.4086 horizon=260 lifetime=[656,1055] skipped=False
2026-08-30 19:45:02,467 | INFO | step=10020/20000 loss=-1.178828 nll=-1.181843 kl=0.003014594 consistency=0 lambda=0 beta=1 grad=117.3332 horizon=180 lifetime=[607,1052] skipped=False
2026-08-30 19:45:02,886 | INFO | step=10030/20000 loss=-1.203745 nll=-1.204277 kl=0.0005321801 consistency=0 lambda=0 beta=1 grad=78.64477 horizon=220 lifetime=[442,1313] skipped=False
2026-08-30 19:45:03,261 | INFO | step=10040/20000 loss=-0.6124088 nll=-0.6134182 kl=0.001009405 consistency=0 lambda=0 beta=1 grad=116.907 horizon=120 lifetime=[442,1705] skipped=False
2026-08-30 19:45:03,642 | INFO | step=10050/20000 loss=-1.157026 nll=-1.158623 kl=0.001597345 consistency=0 lambda=0 beta=1 grad=67.1345 horizon=160 lifetime=[428,938] skipped=False
2026-08-30 19:45:04,057 | INFO | step=10060/20000 loss=1.679861 nll=1.678658 kl=0.001202911 consistency=0 lambda=0 beta=1 grad=272.488 horizon=100 lifetime=[479,1045] skipped=False
2026-08-30 19:45:04,479 | INFO | step=10070/20000 loss=-0.2541639 nll=-0.2549417 kl=0.0007778108 consistency=0 lambda=0 beta=1 grad=172.4183 horizon=120 lifetime=[488,1313] skipped=False
2026-08-30 19:45:04,859 | INFO | step=10080/20000 loss=-0.8580555 nll=-0.8593202 kl=0.001264721 consistency=0 lambda=0 beta=1 grad=140.7945 horizon=120 lifetime=[442,921] skipped=False
2026-08-30 19:45:05,234 | INFO | step=10090/20000 loss=-0.8721834 nll=-0.8734015 kl=0.001218081 consistency=0 lambda=0 beta=1 grad=155.6421 horizon=280 lifetime=[476,1313] skipped=False
2026-08-30 19:45:05,591 | INFO | step=10100/20000 loss=-0.7507026 nll=-0.7525649 kl=0.001862347 consistency=0 lambda=0 beta=1 grad=345.2643 horizon=240 lifetime=[501,988] skipped=False
2026-08-30 19:45:06,015 | INFO | step=10110/20000 loss=-1.072642 nll=-1.073853 kl=0.001211166 consistency=0 lambda=0 beta=1 grad=81.58153 horizon=120 lifetime=[484,988] skipped=False
2026-08-30 19:45:06,445 | INFO | step=10120/20000 loss=-1.370495 nll=-1.371842 kl=0.001346946 consistency=0 lambda=0 beta=1 grad=176.1516 horizon=280 lifetime=[460,1071] skipped=False
2026-08-30 19:45:06,863 | INFO | step=10130/20000 loss=0.05502155 nll=0.05406237 kl=0.0009591877 consistency=0 lambda=0 beta=1 grad=216.4459 horizon=160 lifetime=[476,2154] skipped=False
2026-08-30 19:45:07,272 | INFO | step=10140/20000 loss=-1.516885 nll=-1.517783 kl=0.000897944 consistency=0 lambda=0 beta=1 grad=181.9128 horizon=300 lifetime=[462,1071] skipped=False
2026-08-30 19:45:07,646 | INFO | step=10150/20000 loss=-0.9455341 nll=-0.9476421 kl=0.002108037 consistency=0 lambda=0 beta=1 grad=105.0673 horizon=200 lifetime=[488,1858] skipped=False
2026-08-30 19:45:08,071 | INFO | step=10160/20000 loss=-0.4804975 nll=-0.4821225 kl=0.001625031 consistency=0 lambda=0 beta=1 grad=144.7787 horizon=280 lifetime=[334,2237] skipped=False
2026-08-30 19:45:08,464 | INFO | step=10170/20000 loss=-0.3962519 nll=-0.3967851 kl=0.000533253 consistency=0 lambda=0 beta=1 grad=101.1897 horizon=240 lifetime=[491,2154] skipped=False
2026-08-30 19:45:08,804 | INFO | step=10180/20000 loss=-1.582261 nll=-1.583053 kl=0.0007921755 consistency=0 lambda=0 beta=1 grad=105.1268 horizon=220 lifetime=[461,2237] skipped=False
2026-08-30 19:45:09,235 | INFO | step=10190/20000 loss=-1.658412 nll=-1.659941 kl=0.001529068 consistency=0 lambda=0 beta=1 grad=48.55196 horizon=180 lifetime=[460,964] skipped=False
2026-08-30 19:45:09,628 | INFO | step=10200/20000 loss=-1.299497 nll=-1.300226 kl=0.0007284284 consistency=0 lambda=0 beta=1 grad=206.5605 horizon=200 lifetime=[501,2154] skipped=False
2026-08-30 19:45:10,029 | INFO | step=10210/20000 loss=-1.330796 nll=-1.331256 kl=0.0004606545 consistency=0 lambda=0 beta=1 grad=88.87671 horizon=180 lifetime=[482,1045] skipped=False
2026-08-30 19:45:10,424 | INFO | step=10220/20000 loss=-1.107406 nll=-1.107895 kl=0.0004890561 consistency=0 lambda=0 beta=1 grad=121.4129 horizon=260 lifetime=[442,1431] skipped=False
2026-08-30 19:45:10,810 | INFO | step=10230/20000 loss=-1.0161 nll=-1.017587 kl=0.001487136 consistency=0 lambda=0 beta=1 grad=247.8768 horizon=140 lifetime=[442,1091] skipped=False
2026-08-30 19:45:11,210 | INFO | step=10240/20000 loss=-1.479841 nll=-1.480676 kl=0.0008356571 consistency=0 lambda=0 beta=1 grad=102.7442 horizon=160 lifetime=[437,868] skipped=False
2026-08-30 19:45:11,575 | INFO | step=10250/20000 loss=-1.602258 nll=-1.603131 kl=0.0008734167 consistency=0 lambda=0 beta=1 grad=147.9447 horizon=240 lifetime=[453,1705] skipped=False
2026-08-30 19:45:11,929 | INFO | step=10260/20000 loss=-0.8077525 nll=-0.8094828 kl=0.001730263 consistency=0 lambda=0 beta=1 grad=311.9909 horizon=140 lifetime=[453,1858] skipped=False
2026-08-30 19:45:12,374 | INFO | step=10270/20000 loss=-0.8280925 nll=-0.8288721 kl=0.000779599 consistency=0 lambda=0 beta=1 grad=99.46444 horizon=280 lifetime=[482,1313] skipped=False
2026-08-30 19:45:12,767 | INFO | step=10280/20000 loss=-1.785296 nll=-1.785955 kl=0.0006589293 consistency=0 lambda=0 beta=1 grad=137.2417 horizon=160 lifetime=[494,933] skipped=False
2026-08-30 19:45:13,186 | INFO | step=10290/20000 loss=-1.013601 nll=-1.014853 kl=0.001251996 consistency=0 lambda=0 beta=1 grad=85.11447 horizon=200 lifetime=[491,1091] skipped=False
2026-08-30 19:45:13,600 | INFO | step=10300/20000 loss=-1.750701 nll=-1.751264 kl=0.0005628765 consistency=0 lambda=0 beta=1 grad=62.36009 horizon=260 lifetime=[476,1154] skipped=False
2026-08-30 19:45:13,987 | INFO | step=10310/20000 loss=-1.303978 nll=-1.304859 kl=0.0008809566 consistency=0 lambda=0 beta=1 grad=149.7781 horizon=120 lifetime=[428,933] skipped=False
2026-08-30 19:45:14,369 | INFO | step=10320/20000 loss=-1.302509 nll=-1.303218 kl=0.0007092357 consistency=0 lambda=0 beta=1 grad=51.7063 horizon=140 lifetime=[453,1052] skipped=False
2026-08-30 19:45:14,755 | INFO | step=10330/20000 loss=-1.44393 nll=-1.444637 kl=0.0007073879 consistency=0 lambda=0 beta=1 grad=200.0747 horizon=220 lifetime=[607,1091] skipped=False
2026-08-30 19:45:15,136 | INFO | step=10340/20000 loss=-1.46927 nll=-1.470823 kl=0.001552224 consistency=0 lambda=0 beta=1 grad=168.7113 horizon=200 lifetime=[484,1858] skipped=False
2026-08-30 19:45:15,522 | INFO | step=10350/20000 loss=-1.316168 nll=-1.31758 kl=0.001412332 consistency=0 lambda=0 beta=1 grad=25.4175 horizon=120 lifetime=[442,891] skipped=False
2026-08-30 19:45:15,927 | INFO | step=10360/20000 loss=-1.375277 nll=-1.37614 kl=0.0008626878 consistency=0 lambda=0 beta=1 grad=67.60562 horizon=240 lifetime=[334,1091] skipped=False
2026-08-30 19:45:16,283 | INFO | step=10370/20000 loss=-1.704758 nll=-1.706083 kl=0.001325101 consistency=0 lambda=0 beta=1 grad=92.97561 horizon=300 lifetime=[462,1282] skipped=False
2026-08-30 19:45:16,677 | INFO | step=10380/20000 loss=-1.077191 nll=-1.077933 kl=0.0007419884 consistency=0 lambda=0 beta=1 grad=67.32155 horizon=180 lifetime=[482,921] skipped=False
2026-08-30 19:45:17,100 | INFO | step=10390/20000 loss=-1.636084 nll=-1.636777 kl=0.0006928146 consistency=0 lambda=0 beta=1 grad=80.53072 horizon=160 lifetime=[494,988] skipped=False
2026-08-30 19:45:17,534 | INFO | step=10400/20000 loss=-1.205696 nll=-1.206589 kl=0.0008922517 consistency=0 lambda=0 beta=1 grad=124.8339 horizon=220 lifetime=[491,1431] skipped=False
2026-08-30 19:45:17,932 | INFO | step=10410/20000 loss=-1.714159 nll=-1.715045 kl=0.0008860826 consistency=0 lambda=0 beta=1 grad=101.8017 horizon=200 lifetime=[461,2237] skipped=False
2026-08-30 19:45:18,324 | INFO | step=10420/20000 loss=-0.6180438 nll=-0.6188077 kl=0.0007638633 consistency=0 lambda=0 beta=1 grad=264.4966 horizon=140 lifetime=[460,2154] skipped=False
2026-08-30 19:45:18,711 | INFO | step=10430/20000 loss=-0.2787404 nll=-0.2797896 kl=0.001049191 consistency=0 lambda=0 beta=1 grad=489.0799 horizon=300 lifetime=[465,1282] skipped=False
2026-08-30 19:45:19,064 | INFO | step=10440/20000 loss=-0.9854994 nll=-0.9869102 kl=0.001410812 consistency=0 lambda=0 beta=1 grad=86.66991 horizon=140 lifetime=[491,1313] skipped=False
2026-08-30 19:45:19,457 | INFO | step=10450/20000 loss=-2.025337 nll=-2.027246 kl=0.001908422 consistency=0 lambda=0 beta=1 grad=98.87029 horizon=260 lifetime=[334,938] skipped=False
2026-08-30 19:45:19,849 | INFO | step=10460/20000 loss=-1.8736 nll=-1.874506 kl=0.0009064078 consistency=0 lambda=0 beta=1 grad=170.8174 horizon=160 lifetime=[453,938] skipped=False
2026-08-30 19:45:20,239 | INFO | step=10470/20000 loss=-1.684139 nll=-1.684757 kl=0.0006173849 consistency=0 lambda=0 beta=1 grad=115.0626 horizon=240 lifetime=[460,1154] skipped=False
2026-08-30 19:45:20,633 | INFO | step=10480/20000 loss=-1.757777 nll=-1.758535 kl=0.0007576942 consistency=0 lambda=0 beta=1 grad=94.94212 horizon=260 lifetime=[461,1052] skipped=False
2026-08-30 19:45:20,987 | INFO | step=10490/20000 loss=-0.8803611 nll=-0.8823085 kl=0.001947343 consistency=0 lambda=0 beta=1 grad=74.0921 horizon=120 lifetime=[428,988] skipped=False
2026-08-30 19:45:21,691 | INFO | validation step=10500 rmse=149.5872 best=145.7338@7000 stale=7/10
2026-08-30 19:45:21,691 | INFO | step=10500/20000 loss=-1.301745 nll=-1.302971 kl=0.00122568 consistency=0 lambda=0 beta=1 grad=282.6337 horizon=280 lifetime=[462,2237] skipped=False
2026-08-30 19:45:22,192 | INFO | step=10510/20000 loss=-1.157454 nll=-1.158157 kl=0.0007021129 consistency=0 lambda=0 beta=1 grad=77.89566 horizon=200 lifetime=[462,887] skipped=False
2026-08-30 19:45:22,554 | INFO | step=10520/20000 loss=-1.44213 nll=-1.445411 kl=0.003281385 consistency=0 lambda=0 beta=1 grad=87.96365 horizon=220 lifetime=[462,1091] skipped=False
2026-08-30 19:45:23,007 | INFO | step=10530/20000 loss=-0.8081272 nll=-0.808692 kl=0.0005648136 consistency=0 lambda=0 beta=1 grad=116.9581 horizon=280 lifetime=[477,2154] skipped=False
2026-08-30 19:45:23,430 | INFO | step=10540/20000 loss=-0.8890871 nll=-0.8895261 kl=0.0004390478 consistency=0 lambda=0 beta=1 grad=492.5959 horizon=260 lifetime=[476,1015] skipped=False
2026-08-30 19:45:23,827 | INFO | step=10550/20000 loss=-0.7445208 nll=-0.7454006 kl=0.0008798242 consistency=0 lambda=0 beta=1 grad=335.8085 horizon=200 lifetime=[442,2154] skipped=False
2026-08-30 19:45:24,243 | INFO | step=10560/20000 loss=-0.9948949 nll=-0.9964126 kl=0.001517773 consistency=0 lambda=0 beta=1 grad=43.81692 horizon=220 lifetime=[477,1313] skipped=False
2026-08-30 19:45:24,614 | INFO | step=10570/20000 loss=-1.024627 nll=-1.028056 kl=0.003428638 consistency=0 lambda=0 beta=1 grad=166.2573 horizon=280 lifetime=[460,1705] skipped=False
2026-08-30 19:45:24,966 | INFO | step=10580/20000 loss=-0.8925666 nll=-0.8935225 kl=0.0009559095 consistency=0 lambda=0 beta=1 grad=130.4204 horizon=280 lifetime=[488,2237] skipped=False
2026-08-30 19:45:25,393 | INFO | step=10590/20000 loss=-1.180548 nll=-1.18133 kl=0.0007828176 consistency=0 lambda=0 beta=1 grad=77.75237 horizon=140 lifetime=[334,938] skipped=False
2026-08-30 19:45:25,819 | INFO | step=10600/20000 loss=-1.947496 nll=-1.949474 kl=0.001978219 consistency=0 lambda=0 beta=1 grad=75.64946 horizon=240 lifetime=[453,2154] skipped=False
2026-08-30 19:45:26,216 | INFO | step=10610/20000 loss=-1.677293 nll=-1.677822 kl=0.0005289912 consistency=0 lambda=0 beta=1 grad=144.6301 horizon=180 lifetime=[428,1052] skipped=False
2026-08-30 19:45:26,605 | INFO | step=10620/20000 loss=-1.719833 nll=-1.720738 kl=0.0009053648 consistency=0 lambda=0 beta=1 grad=42.26415 horizon=140 lifetime=[482,1282] skipped=False
2026-08-30 19:45:27,078 | INFO | step=10630/20000 loss=-1.526004 nll=-1.527009 kl=0.001005083 consistency=0 lambda=0 beta=1 grad=294.7396 horizon=200 lifetime=[437,1055] skipped=False
2026-08-30 19:45:27,489 | INFO | step=10640/20000 loss=-1.316972 nll=-1.318957 kl=0.001984507 consistency=0 lambda=0 beta=1 grad=167.4123 horizon=200 lifetime=[334,1858] skipped=False
2026-08-30 19:45:27,924 | INFO | step=10650/20000 loss=-1.308407 nll=-1.310007 kl=0.001600772 consistency=0 lambda=0 beta=1 grad=63.18724 horizon=160 lifetime=[486,1154] skipped=False
2026-08-30 19:45:28,295 | INFO | step=10660/20000 loss=-1.534719 nll=-1.535108 kl=0.0003885031 consistency=0 lambda=0 beta=1 grad=131.1173 horizon=160 lifetime=[460,1055] skipped=False
2026-08-30 19:45:28,718 | INFO | step=10670/20000 loss=-1.944173 nll=-1.945054 kl=0.0008808076 consistency=0 lambda=0 beta=1 grad=126.8008 horizon=280 lifetime=[465,856] skipped=False
2026-08-30 19:45:29,126 | INFO | step=10680/20000 loss=-1.11363 nll=-1.114943 kl=0.001313746 consistency=0 lambda=0 beta=1 grad=161.5218 horizon=120 lifetime=[453,1282] skipped=False
2026-08-30 19:45:29,576 | INFO | step=10690/20000 loss=-1.597187 nll=-1.598997 kl=0.001809835 consistency=0 lambda=0 beta=1 grad=136.9398 horizon=280 lifetime=[460,1705] skipped=False
2026-08-30 19:45:29,998 | INFO | step=10700/20000 loss=0.2151219 nll=0.2138271 kl=0.001294792 consistency=0 lambda=0 beta=1 grad=78.1267 horizon=100 lifetime=[437,1091] skipped=False
2026-08-30 19:45:30,419 | INFO | step=10710/20000 loss=-1.550885 nll=-1.551269 kl=0.0003833175 consistency=0 lambda=0 beta=1 grad=71.83859 horizon=200 lifetime=[462,1858] skipped=False
2026-08-30 19:45:30,823 | INFO | step=10720/20000 loss=-1.422964 nll=-1.424707 kl=0.001743853 consistency=0 lambda=0 beta=1 grad=119.7722 horizon=220 lifetime=[442,1858] skipped=False
2026-08-30 19:45:31,235 | INFO | step=10730/20000 loss=-0.8505169 nll=-0.8512281 kl=0.0007112026 consistency=0 lambda=0 beta=1 grad=185.3617 horizon=220 lifetime=[442,1705] skipped=False
2026-08-30 19:45:31,669 | INFO | step=10740/20000 loss=-0.8278799 nll=-0.8287763 kl=0.0008963943 consistency=0 lambda=0 beta=1 grad=362.8923 horizon=240 lifetime=[428,863] skipped=False
2026-08-30 19:45:32,070 | INFO | step=10750/20000 loss=-1.337158 nll=-1.337758 kl=0.0005999207 consistency=0 lambda=0 beta=1 grad=249.1837 horizon=200 lifetime=[453,1045] skipped=False
2026-08-30 19:45:32,445 | INFO | step=10760/20000 loss=-0.4077743 nll=-0.4106053 kl=0.002831012 consistency=0 lambda=0 beta=1 grad=47.55643 horizon=100 lifetime=[442,2154] skipped=False
2026-08-30 19:45:32,867 | INFO | step=10770/20000 loss=-1.630706 nll=-1.63118 kl=0.0004746318 consistency=0 lambda=0 beta=1 grad=172.9689 horizon=260 lifetime=[437,1012] skipped=False
2026-08-30 19:45:33,278 | INFO | step=10780/20000 loss=-1.30845 nll=-1.309383 kl=0.0009331703 consistency=0 lambda=0 beta=1 grad=57.41198 horizon=140 lifetime=[460,2154] skipped=False
2026-08-30 19:45:33,723 | INFO | step=10790/20000 loss=-1.154072 nll=-1.155094 kl=0.001022726 consistency=0 lambda=0 beta=1 grad=199.7455 horizon=160 lifetime=[428,874] skipped=False
2026-08-30 19:45:34,079 | INFO | step=10800/20000 loss=-1.256676 nll=-1.258967 kl=0.002290398 consistency=0 lambda=0 beta=1 grad=143.6996 horizon=140 lifetime=[334,988] skipped=False
2026-08-30 19:45:34,458 | INFO | step=10810/20000 loss=-0.7661876 nll=-0.7672627 kl=0.001075089 consistency=0 lambda=0 beta=1 grad=140.8532 horizon=140 lifetime=[491,1282] skipped=False
2026-08-30 19:45:34,857 | INFO | step=10820/20000 loss=-1.787552 nll=-1.7884 kl=0.0008478761 consistency=0 lambda=0 beta=1 grad=185.6178 horizon=300 lifetime=[470,2237] skipped=False
2026-08-30 19:45:35,263 | INFO | step=10830/20000 loss=-1.200849 nll=-1.201976 kl=0.001127303 consistency=0 lambda=0 beta=1 grad=154.4523 horizon=180 lifetime=[465,2154] skipped=False
2026-08-30 19:45:35,646 | INFO | step=10840/20000 loss=-0.4989959 nll=-0.4997642 kl=0.0007683039 consistency=0 lambda=0 beta=1 grad=85.18349 horizon=160 lifetime=[428,1431] skipped=False
2026-08-30 19:45:36,035 | INFO | step=10850/20000 loss=-1.224725 nll=-1.225477 kl=0.000752449 consistency=0 lambda=0 beta=1 grad=236.4748 horizon=160 lifetime=[599,1858] skipped=False
2026-08-30 19:45:36,466 | INFO | step=10860/20000 loss=-1.736066 nll=-1.737253 kl=0.001186997 consistency=0 lambda=0 beta=1 grad=145.7953 horizon=240 lifetime=[461,858] skipped=False
2026-08-30 19:45:36,874 | INFO | step=10870/20000 loss=-1.15527 nll=-1.155899 kl=0.000628829 consistency=0 lambda=0 beta=1 grad=132.2026 horizon=200 lifetime=[428,930] skipped=False
2026-08-30 19:45:37,267 | INFO | step=10880/20000 loss=-0.4466508 nll=-0.4474004 kl=0.0007496178 consistency=0 lambda=0 beta=1 grad=198.3763 horizon=100 lifetime=[147,858] skipped=False
2026-08-30 19:45:37,686 | INFO | step=10890/20000 loss=-0.949487 nll=-0.9502356 kl=0.0007486045 consistency=0 lambda=0 beta=1 grad=112.511 horizon=260 lifetime=[557,1431] skipped=False
2026-08-30 19:45:38,088 | INFO | step=10900/20000 loss=-1.69271 nll=-1.693629 kl=0.0009190738 consistency=0 lambda=0 beta=1 grad=83.73911 horizon=160 lifetime=[460,874] skipped=False
2026-08-30 19:45:38,511 | INFO | step=10910/20000 loss=-1.069498 nll=-1.070395 kl=0.0008972287 consistency=0 lambda=0 beta=1 grad=63.05527 horizon=100 lifetime=[482,964] skipped=False
2026-08-30 19:45:38,920 | INFO | step=10920/20000 loss=-1.789015 nll=-1.789879 kl=0.0008640885 consistency=0 lambda=0 beta=1 grad=71.50843 horizon=260 lifetime=[465,921] skipped=False
2026-08-30 19:45:39,305 | INFO | step=10930/20000 loss=0.0169847 nll=0.01552585 kl=0.001458853 consistency=0 lambda=0 beta=1 grad=128.8665 horizon=100 lifetime=[461,1313] skipped=False
2026-08-30 19:45:39,718 | INFO | step=10940/20000 loss=-0.9043394 nll=-0.9048333 kl=0.0004938543 consistency=0 lambda=0 beta=1 grad=232.4411 horizon=240 lifetime=[442,1705] skipped=False
2026-08-30 19:45:40,098 | INFO | step=10950/20000 loss=-1.253839 nll=-1.25553 kl=0.001691073 consistency=0 lambda=0 beta=1 grad=135.307 horizon=220 lifetime=[599,1015] skipped=False
2026-08-30 19:45:40,486 | INFO | step=10960/20000 loss=-1.076852 nll=-1.077534 kl=0.000682503 consistency=0 lambda=0 beta=1 grad=149.3614 horizon=220 lifetime=[476,1007] skipped=False
2026-08-30 19:45:40,878 | INFO | step=10970/20000 loss=-0.1927864 nll=-0.1935477 kl=0.0007613003 consistency=0 lambda=0 beta=1 grad=78.91975 horizon=100 lifetime=[519,1091] skipped=False
2026-08-30 19:45:41,284 | INFO | step=10980/20000 loss=-0.9195459 nll=-0.9200745 kl=0.000528574 consistency=0 lambda=0 beta=1 grad=256.416 horizon=180 lifetime=[437,1015] skipped=False
2026-08-30 19:45:41,747 | INFO | step=10990/20000 loss=-1.693444 nll=-1.694204 kl=0.0007593632 consistency=0 lambda=0 beta=1 grad=127.0603 horizon=300 lifetime=[442,1071] skipped=False
2026-08-30 19:45:42,449 | INFO | validation step=11000 rmse=152.3992 best=145.7338@7000 stale=8/10
2026-08-30 19:45:42,449 | INFO | step=11000/20000 loss=-1.550378 nll=-1.551431 kl=0.001053542 consistency=0 lambda=0 beta=1 grad=123.2559 horizon=240 lifetime=[428,1154] skipped=False
2026-08-30 19:45:42,955 | INFO | step=11010/20000 loss=-1.448265 nll=-1.449607 kl=0.001341581 consistency=0 lambda=0 beta=1 grad=62.27696 horizon=300 lifetime=[428,1705] skipped=False
2026-08-30 19:45:43,378 | INFO | step=11020/20000 loss=-1.693647 nll=-1.694397 kl=0.0007502139 consistency=0 lambda=0 beta=1 grad=69.54553 horizon=160 lifetime=[428,1015] skipped=False
2026-08-30 19:45:43,752 | INFO | step=11030/20000 loss=-1.210963 nll=-1.211707 kl=0.0007445812 consistency=0 lambda=0 beta=1 grad=194.9478 horizon=180 lifetime=[461,1282] skipped=False
2026-08-30 19:45:44,139 | INFO | step=11040/20000 loss=-1.082771 nll=-1.083798 kl=0.001027763 consistency=0 lambda=0 beta=1 grad=165.3469 horizon=160 lifetime=[470,1061] skipped=False
2026-08-30 19:45:44,532 | INFO | step=11050/20000 loss=-1.327891 nll=-1.328946 kl=0.001055032 consistency=0 lambda=0 beta=1 grad=68.04129 horizon=120 lifetime=[460,964] skipped=False
2026-08-30 19:45:44,936 | INFO | step=11060/20000 loss=0.3616768 nll=0.3600698 kl=0.001606971 consistency=0 lambda=0 beta=1 grad=477.4341 horizon=300 lifetime=[607,1055] skipped=False
2026-08-30 19:45:45,349 | INFO | step=11070/20000 loss=-1.674538 nll=-1.6751 kl=0.0005620122 consistency=0 lambda=0 beta=1 grad=240.6415 horizon=240 lifetime=[428,938] skipped=False
2026-08-30 19:45:45,740 | INFO | step=11080/20000 loss=-0.9820048 nll=-0.9832113 kl=0.001206547 consistency=0 lambda=0 beta=1 grad=191.903 horizon=180 lifetime=[494,2154] skipped=False
2026-08-30 19:45:46,138 | INFO | step=11090/20000 loss=-0.6455109 nll=-0.6459004 kl=0.0003895164 consistency=0 lambda=0 beta=1 grad=244.7902 horizon=180 lifetime=[462,1012] skipped=False
2026-08-30 19:45:46,550 | INFO | step=11100/20000 loss=-1.53088 nll=-1.531597 kl=0.0007173717 consistency=0 lambda=0 beta=1 grad=207.5123 horizon=140 lifetime=[476,933] skipped=False
2026-08-30 19:45:46,961 | INFO | step=11110/20000 loss=-1.590889 nll=-1.591748 kl=0.0008594096 consistency=0 lambda=0 beta=1 grad=53.69813 horizon=160 lifetime=[442,877] skipped=False
2026-08-30 19:45:47,318 | INFO | step=11120/20000 loss=0.1824364 nll=0.1815273 kl=0.00090909 consistency=0 lambda=0 beta=1 grad=256.5029 horizon=160 lifetime=[480,2237] skipped=False
2026-08-30 19:45:47,734 | INFO | step=11130/20000 loss=-1.715298 nll=-1.716367 kl=0.001069635 consistency=0 lambda=0 beta=1 grad=55.03992 horizon=240 lifetime=[428,1313] skipped=False
2026-08-30 19:45:48,122 | INFO | step=11140/20000 loss=-1.02023 nll=-1.020696 kl=0.0004658699 consistency=0 lambda=0 beta=1 grad=38.11028 horizon=200 lifetime=[519,1154] skipped=False
2026-08-30 19:45:48,558 | INFO | step=11150/20000 loss=-0.9396594 nll=-0.9402176 kl=0.0005581975 consistency=0 lambda=0 beta=1 grad=100.998 horizon=300 lifetime=[470,1431] skipped=False
2026-08-30 19:45:48,972 | INFO | step=11160/20000 loss=-0.6022556 nll=-0.6029509 kl=0.0006953776 consistency=0 lambda=0 beta=1 grad=358.1754 horizon=260 lifetime=[334,1015] skipped=False
2026-08-30 19:45:49,331 | INFO | step=11170/20000 loss=-0.5647764 nll=-0.5668043 kl=0.002027869 consistency=0 lambda=0 beta=1 grad=96.60502 horizon=100 lifetime=[462,1858] skipped=False
2026-08-30 19:45:49,705 | INFO | step=11180/20000 loss=-1.641474 nll=-1.641937 kl=0.0004633963 consistency=0 lambda=0 beta=1 grad=187.7573 horizon=300 lifetime=[428,1154] skipped=False
2026-08-30 19:45:50,136 | INFO | step=11190/20000 loss=-0.228193 nll=-0.2292716 kl=0.001078576 consistency=0 lambda=0 beta=1 grad=404.3586 horizon=300 lifetime=[479,1313] skipped=False
2026-08-30 19:45:50,521 | INFO | step=11200/20000 loss=-0.7112812 nll=-0.7118676 kl=0.0005863905 consistency=0 lambda=0 beta=1 grad=160.1642 horizon=120 lifetime=[460,841] skipped=False
2026-08-30 19:45:50,967 | INFO | step=11210/20000 loss=-1.542686 nll=-1.543391 kl=0.000705421 consistency=0 lambda=0 beta=1 grad=83.10487 horizon=280 lifetime=[470,988] skipped=False
2026-08-30 19:45:51,358 | INFO | step=11220/20000 loss=-1.272422 nll=-1.274306 kl=0.001883566 consistency=0 lambda=0 beta=1 grad=113.777 horizon=240 lifetime=[461,1431] skipped=False
2026-08-30 19:45:51,765 | INFO | step=11230/20000 loss=-0.8781463 nll=-0.878906 kl=0.0007597208 consistency=0 lambda=0 beta=1 grad=89.07729 horizon=120 lifetime=[501,1705] skipped=False
2026-08-30 19:45:52,178 | INFO | step=11240/20000 loss=0.4656734 nll=0.4644846 kl=0.001188815 consistency=0 lambda=0 beta=1 grad=164.2004 horizon=100 lifetime=[557,1431] skipped=False
2026-08-30 19:45:52,598 | INFO | step=11250/20000 loss=-1.798275 nll=-1.800184 kl=0.001909375 consistency=0 lambda=0 beta=1 grad=83.06417 horizon=280 lifetime=[428,1052] skipped=False
2026-08-30 19:45:53,013 | INFO | step=11260/20000 loss=-0.4417293 nll=-0.4423714 kl=0.0006420612 consistency=0 lambda=0 beta=1 grad=119.4447 horizon=180 lifetime=[477,1045] skipped=False
2026-08-30 19:45:53,420 | INFO | step=11270/20000 loss=-1.391641 nll=-1.392482 kl=0.0008411705 consistency=0 lambda=0 beta=1 grad=45.80231 horizon=260 lifetime=[334,2237] skipped=False
2026-08-30 19:45:53,811 | INFO | step=11280/20000 loss=-0.5987071 nll=-0.6009422 kl=0.002235144 consistency=0 lambda=0 beta=1 grad=77.81725 horizon=100 lifetime=[453,1154] skipped=False
2026-08-30 19:45:54,224 | INFO | step=11290/20000 loss=0.003719747 nll=0.00344643 kl=0.0002733171 consistency=0 lambda=0 beta=1 grad=423.5034 horizon=180 lifetime=[505,1431] skipped=False
2026-08-30 19:45:54,616 | INFO | step=11300/20000 loss=-1.750309 nll=-1.751486 kl=0.001177579 consistency=0 lambda=0 beta=1 grad=67.94945 horizon=240 lifetime=[461,1007] skipped=False
2026-08-30 19:45:55,049 | INFO | step=11310/20000 loss=-1.089694 nll=-1.090884 kl=0.001189053 consistency=0 lambda=0 beta=1 grad=184.6511 horizon=160 lifetime=[465,1313] skipped=False
2026-08-30 19:45:55,457 | INFO | step=11320/20000 loss=-0.7514724 nll=-0.7527591 kl=0.001286745 consistency=0 lambda=0 beta=1 grad=132.9361 horizon=120 lifetime=[147,828] skipped=False
2026-08-30 19:45:55,899 | INFO | step=11330/20000 loss=-1.353661 nll=-1.355032 kl=0.001371622 consistency=0 lambda=0 beta=1 grad=43.7657 horizon=220 lifetime=[486,1313] skipped=False
2026-08-30 19:45:56,297 | INFO | step=11340/20000 loss=-1.706842 nll=-1.708394 kl=0.001552165 consistency=0 lambda=0 beta=1 grad=62.82902 horizon=180 lifetime=[453,1012] skipped=False
2026-08-30 19:45:56,693 | INFO | step=11350/20000 loss=-1.932543 nll=-1.933216 kl=0.0006730556 consistency=0 lambda=0 beta=1 grad=76.10387 horizon=220 lifetime=[437,933] skipped=False
2026-08-30 19:45:57,138 | INFO | step=11360/20000 loss=-0.1919674 nll=-0.1926237 kl=0.0006562471 consistency=0 lambda=0 beta=1 grad=433.785 horizon=300 lifetime=[428,2237] skipped=False
2026-08-30 19:45:57,533 | INFO | step=11370/20000 loss=-0.4758165 nll=-0.4769383 kl=0.001121819 consistency=0 lambda=0 beta=1 grad=129.9081 horizon=100 lifetime=[442,1431] skipped=False
2026-08-30 19:45:57,950 | INFO | step=11380/20000 loss=-1.209807 nll=-1.210428 kl=0.0006207228 consistency=0 lambda=0 beta=1 grad=243.6346 horizon=280 lifetime=[498,2154] skipped=False
2026-08-30 19:45:58,319 | INFO | step=11390/20000 loss=-2.306031 nll=-2.306404 kl=0.0003736913 consistency=0 lambda=0 beta=1 grad=61.1184 horizon=280 lifetime=[476,777] skipped=False
2026-08-30 19:45:58,735 | INFO | step=11400/20000 loss=-1.571074 nll=-1.572068 kl=0.0009936094 consistency=0 lambda=0 beta=1 grad=191.3743 horizon=220 lifetime=[428,2237] skipped=False
2026-08-30 19:45:59,113 | INFO | step=11410/20000 loss=-1.201362 nll=-1.201902 kl=0.0005401671 consistency=0 lambda=0 beta=1 grad=236.2823 horizon=300 lifetime=[428,1431] skipped=False
2026-08-30 19:45:59,482 | INFO | step=11420/20000 loss=-0.1998928 nll=-0.2009326 kl=0.001039833 consistency=0 lambda=0 beta=1 grad=104.2198 horizon=120 lifetime=[453,1061] skipped=False
2026-08-30 19:45:59,894 | INFO | step=11430/20000 loss=-1.199556 nll=-1.199863 kl=0.0003069937 consistency=0 lambda=0 beta=1 grad=77.71758 horizon=280 lifetime=[462,2154] skipped=False
2026-08-30 19:46:00,278 | INFO | step=11440/20000 loss=-0.6502282 nll=-0.6510421 kl=0.0008139014 consistency=0 lambda=0 beta=1 grad=257.6261 horizon=180 lifetime=[460,1055] skipped=False
2026-08-30 19:46:00,692 | INFO | step=11450/20000 loss=-0.6339648 nll=-0.6361957 kl=0.002230853 consistency=0 lambda=0 beta=1 grad=64.82417 horizon=100 lifetime=[461,1015] skipped=False
2026-08-30 19:46:01,136 | INFO | step=11460/20000 loss=-1.673081 nll=-1.673913 kl=0.0008320212 consistency=0 lambda=0 beta=1 grad=43.37069 horizon=140 lifetime=[488,1071] skipped=False
2026-08-30 19:46:01,536 | INFO | step=11470/20000 loss=-1.676759 nll=-1.677331 kl=0.0005720556 consistency=0 lambda=0 beta=1 grad=174.6872 horizon=240 lifetime=[428,1154] skipped=False
2026-08-30 19:46:01,900 | INFO | step=11480/20000 loss=-1.530084 nll=-1.531422 kl=0.001337618 consistency=0 lambda=0 beta=1 grad=69.16198 horizon=160 lifetime=[501,1052] skipped=False
2026-08-30 19:46:02,301 | INFO | step=11490/20000 loss=-0.525486 nll=-0.5272651 kl=0.001779109 consistency=0 lambda=0 beta=1 grad=522.3422 horizon=220 lifetime=[477,874] skipped=False
2026-08-30 19:46:03,024 | INFO | validation step=11500 rmse=153.5818 best=145.7338@7000 stale=9/10
2026-08-30 19:46:03,024 | INFO | step=11500/20000 loss=-1.245359 nll=-1.246748 kl=0.001388788 consistency=0 lambda=0 beta=1 grad=232.1957 horizon=260 lifetime=[700,1012] skipped=False
2026-08-30 19:46:03,510 | INFO | step=11510/20000 loss=-0.8869859 nll=-0.8874887 kl=0.0005028546 consistency=0 lambda=0 beta=1 grad=332.7032 horizon=140 lifetime=[437,1055] skipped=False
2026-08-30 19:46:03,883 | INFO | step=11520/20000 loss=-0.2943929 nll=-0.2956625 kl=0.001269579 consistency=0 lambda=0 beta=1 grad=22.7785 horizon=100 lifetime=[460,1313] skipped=False
2026-08-30 19:46:04,313 | INFO | step=11530/20000 loss=-0.9488534 nll=-0.9493098 kl=0.0004563928 consistency=0 lambda=0 beta=1 grad=172.1899 horizon=260 lifetime=[476,1431] skipped=False
2026-08-30 19:46:04,651 | INFO | step=11540/20000 loss=-0.8538629 nll=-0.8544723 kl=0.0006093979 consistency=0 lambda=0 beta=1 grad=296.3932 horizon=160 lifetime=[428,1055] skipped=False
2026-08-30 19:46:05,090 | INFO | step=11550/20000 loss=-1.613043 nll=-1.614088 kl=0.001045376 consistency=0 lambda=0 beta=1 grad=54.60081 horizon=140 lifetime=[428,877] skipped=False
2026-08-30 19:46:05,467 | INFO | step=11560/20000 loss=-1.229203 nll=-1.22996 kl=0.0007568002 consistency=0 lambda=0 beta=1 grad=317.6182 horizon=300 lifetime=[482,1705] skipped=False
2026-08-30 19:46:05,878 | INFO | step=11570/20000 loss=-2.090431 nll=-2.091072 kl=0.0006413758 consistency=0 lambda=0 beta=1 grad=162.9616 horizon=300 lifetime=[453,874] skipped=False
2026-08-30 19:46:06,260 | INFO | step=11580/20000 loss=-1.169123 nll=-1.170667 kl=0.001544595 consistency=0 lambda=0 beta=1 grad=39.41748 horizon=140 lifetime=[491,868] skipped=False
2026-08-30 19:46:06,667 | INFO | step=11590/20000 loss=0.9667125 nll=0.9649479 kl=0.001764566 consistency=0 lambda=0 beta=1 grad=742.9819 horizon=120 lifetime=[476,811] skipped=False
2026-08-30 19:46:07,061 | INFO | step=11600/20000 loss=-1.18459 nll=-1.185653 kl=0.00106293 consistency=0 lambda=0 beta=1 grad=179.4776 horizon=140 lifetime=[334,2154] skipped=False
2026-08-30 19:46:07,442 | INFO | step=11610/20000 loss=-1.154563 nll=-1.155155 kl=0.0005918443 consistency=0 lambda=0 beta=1 grad=205.2412 horizon=200 lifetime=[648,1061] skipped=False
2026-08-30 19:46:07,819 | INFO | step=11620/20000 loss=-1.429132 nll=-1.430614 kl=0.001481861 consistency=0 lambda=0 beta=1 grad=54.2556 horizon=160 lifetime=[461,964] skipped=False
2026-08-30 19:46:08,204 | INFO | step=11630/20000 loss=-1.4352 nll=-1.436308 kl=0.001108348 consistency=0 lambda=0 beta=1 grad=178.7066 horizon=260 lifetime=[480,1052] skipped=False
2026-08-30 19:46:08,591 | INFO | step=11640/20000 loss=-1.600407 nll=-1.601575 kl=0.001167864 consistency=0 lambda=0 beta=1 grad=133.8927 horizon=260 lifetime=[442,1313] skipped=False
2026-08-30 19:46:09,038 | INFO | step=11650/20000 loss=-1.311844 nll=-1.312438 kl=0.0005936623 consistency=0 lambda=0 beta=1 grad=167.8741 horizon=240 lifetime=[480,1313] skipped=False
2026-08-30 19:46:09,475 | INFO | step=11660/20000 loss=-1.988375 nll=-1.989225 kl=0.0008501709 consistency=0 lambda=0 beta=1 grad=181.2869 horizon=280 lifetime=[442,863] skipped=False
2026-08-30 19:46:09,877 | INFO | step=11670/20000 loss=-0.6305763 nll=-0.6314756 kl=0.0008992553 consistency=0 lambda=0 beta=1 grad=125.0555 horizon=200 lifetime=[334,2154] skipped=False
2026-08-30 19:46:10,244 | INFO | step=11680/20000 loss=-1.122673 nll=-1.12329 kl=0.0006166697 consistency=0 lambda=0 beta=1 grad=94.36106 horizon=180 lifetime=[480,1061] skipped=False
2026-08-30 19:46:10,691 | INFO | step=11690/20000 loss=-1.366333 nll=-1.366945 kl=0.0006121993 consistency=0 lambda=0 beta=1 grad=60.56633 horizon=280 lifetime=[476,2154] skipped=False
2026-08-30 19:46:11,086 | INFO | step=11700/20000 loss=-1.594077 nll=-1.595281 kl=0.001203358 consistency=0 lambda=0 beta=1 grad=78.89536 horizon=280 lifetime=[334,1071] skipped=False
2026-08-30 19:46:11,489 | INFO | step=11710/20000 loss=-1.248252 nll=-1.248771 kl=0.0005191267 consistency=0 lambda=0 beta=1 grad=97.52671 horizon=200 lifetime=[491,2237] skipped=False
2026-08-30 19:46:11,889 | INFO | step=11720/20000 loss=-0.7184346 nll=-0.7193774 kl=0.0009427965 consistency=0 lambda=0 beta=1 grad=234.484 horizon=240 lifetime=[334,1061] skipped=False
2026-08-30 19:46:12,344 | INFO | step=11730/20000 loss=-1.263425 nll=-1.264175 kl=0.0007499754 consistency=0 lambda=0 beta=1 grad=36.03965 horizon=180 lifetime=[607,1055] skipped=False
2026-08-30 19:46:12,739 | INFO | step=11740/20000 loss=-2.208342 nll=-2.209005 kl=0.0006636381 consistency=0 lambda=0 beta=1 grad=79.35874 horizon=260 lifetime=[428,826] skipped=False
2026-08-30 19:46:13,174 | INFO | step=11750/20000 loss=-1.575412 nll=-1.576711 kl=0.001299381 consistency=0 lambda=0 beta=1 grad=86.70792 horizon=240 lifetime=[442,2237] skipped=False
2026-08-30 19:46:13,586 | INFO | step=11760/20000 loss=-0.879474 nll=-0.8807715 kl=0.001297474 consistency=0 lambda=0 beta=1 grad=162.3368 horizon=260 lifetime=[334,1313] skipped=False
2026-08-30 19:46:13,965 | INFO | step=11770/20000 loss=-0.3539048 nll=-0.3546447 kl=0.0007399321 consistency=0 lambda=0 beta=1 grad=77.27159 horizon=100 lifetime=[465,869] skipped=False
2026-08-30 19:46:14,420 | INFO | step=11780/20000 loss=-0.4395307 nll=-0.4402906 kl=0.0007599294 consistency=0 lambda=0 beta=1 grad=509.0028 horizon=260 lifetime=[476,1061] skipped=False
2026-08-30 19:46:14,803 | INFO | step=11790/20000 loss=-1.615516 nll=-1.616367 kl=0.0008507967 consistency=0 lambda=0 beta=1 grad=148.5246 horizon=200 lifetime=[476,938] skipped=False
2026-08-30 19:46:15,167 | INFO | step=11800/20000 loss=-1.058621 nll=-1.060255 kl=0.001633674 consistency=0 lambda=0 beta=1 grad=53.92642 horizon=120 lifetime=[488,2154] skipped=False
2026-08-30 19:46:15,597 | INFO | step=11810/20000 loss=-0.9383977 nll=-0.9394041 kl=0.001006424 consistency=0 lambda=0 beta=1 grad=78.87266 horizon=100 lifetime=[334,1154] skipped=False
2026-08-30 19:46:15,997 | INFO | step=11820/20000 loss=-0.6384068 nll=-0.6386639 kl=0.0002570748 consistency=0 lambda=0 beta=1 grad=200.683 horizon=180 lifetime=[428,1091] skipped=False
2026-08-30 19:46:16,441 | INFO | step=11830/20000 loss=-0.7677759 nll=-0.7690464 kl=0.001270562 consistency=0 lambda=0 beta=1 grad=257.5292 horizon=140 lifetime=[719,1091] skipped=False
2026-08-30 19:46:16,845 | INFO | step=11840/20000 loss=-0.05960715 nll=-0.06012547 kl=0.000518322 consistency=0 lambda=0 beta=1 grad=626.04 horizon=220 lifetime=[461,858] skipped=False
2026-08-30 19:46:17,275 | INFO | step=11850/20000 loss=-1.531841 nll=-1.532654 kl=0.0008130968 consistency=0 lambda=0 beta=1 grad=133.46 horizon=280 lifetime=[334,933] skipped=False
2026-08-30 19:46:17,678 | INFO | step=11860/20000 loss=-1.328002 nll=-1.329053 kl=0.001051456 consistency=0 lambda=0 beta=1 grad=110.2939 horizon=120 lifetime=[460,964] skipped=False
2026-08-30 19:46:18,061 | INFO | step=11870/20000 loss=-1.504468 nll=-1.505145 kl=0.0006763935 consistency=0 lambda=0 beta=1 grad=129.6268 horizon=220 lifetime=[453,2154] skipped=False
2026-08-30 19:46:18,447 | INFO | step=11880/20000 loss=-1.131629 nll=-1.132044 kl=0.0004149973 consistency=0 lambda=0 beta=1 grad=143.2218 horizon=180 lifetime=[505,938] skipped=False
2026-08-30 19:46:18,828 | INFO | step=11890/20000 loss=-1.446318 nll=-1.447037 kl=0.000718832 consistency=0 lambda=0 beta=1 grad=69.54961 horizon=180 lifetime=[488,2154] skipped=False
2026-08-30 19:46:19,235 | INFO | step=11900/20000 loss=-1.023491 nll=-1.0241 kl=0.0006090403 consistency=0 lambda=0 beta=1 grad=249.7562 horizon=240 lifetime=[334,1705] skipped=False
2026-08-30 19:46:19,659 | INFO | step=11910/20000 loss=-0.5803818 nll=-0.5813819 kl=0.001000047 consistency=0 lambda=0 beta=1 grad=184.709 horizon=140 lifetime=[428,921] skipped=False
2026-08-30 19:46:20,060 | INFO | step=11920/20000 loss=-1.894928 nll=-1.89555 kl=0.000621736 consistency=0 lambda=0 beta=1 grad=209.032 horizon=260 lifetime=[453,1007] skipped=False
2026-08-30 19:46:20,466 | INFO | step=11930/20000 loss=-0.7647461 nll=-0.7653878 kl=0.0006417334 consistency=0 lambda=0 beta=1 grad=84.71782 horizon=120 lifetime=[488,1313] skipped=False
2026-08-30 19:46:20,822 | INFO | step=11940/20000 loss=-0.0351337 nll=-0.035971 kl=0.0008372962 consistency=0 lambda=0 beta=1 grad=86.07819 horizon=100 lifetime=[557,1858] skipped=False
2026-08-30 19:46:21,220 | INFO | step=11950/20000 loss=-1.807277 nll=-1.808097 kl=0.0008203983 consistency=0 lambda=0 beta=1 grad=111.6846 horizon=240 lifetime=[460,1154] skipped=False
2026-08-30 19:46:21,628 | INFO | step=11960/20000 loss=-1.84389 nll=-1.844497 kl=0.0006077588 consistency=0 lambda=0 beta=1 grad=138.7207 horizon=280 lifetime=[494,1282] skipped=False
2026-08-30 19:46:22,045 | INFO | step=11970/20000 loss=-1.988457 nll=-1.989292 kl=0.0008347034 consistency=0 lambda=0 beta=1 grad=71.14877 horizon=240 lifetime=[428,1061] skipped=False
2026-08-30 19:46:22,434 | INFO | step=11980/20000 loss=-1.217957 nll=-1.218823 kl=0.0008658767 consistency=0 lambda=0 beta=1 grad=148.88 horizon=160 lifetime=[437,1055] skipped=False
2026-08-30 19:46:22,861 | INFO | step=11990/20000 loss=-1.332509 nll=-1.33363 kl=0.001121193 consistency=0 lambda=0 beta=1 grad=174.3059 horizon=280 lifetime=[465,1705] skipped=False
2026-08-30 19:46:23,504 | INFO | validation step=12000 rmse=153.03 best=145.7338@7000 stale=10/10
2026-08-30 19:46:23,504 | INFO | step=12000/20000 loss=-1.125201 nll=-1.125731 kl=0.0005302727 consistency=0 lambda=0 beta=1 grad=181.1295 horizon=300 lifetime=[465,2154] skipped=False
2026-08-30 19:46:23,600 | INFO | early stopping at step=12000 best=145.7338@7000
2026-08-30 19:46:23,689 | INFO | completed run=/home/JunseoPark/바탕화면/battery_gru/outputs/horizon_lifetime_iv_anp_grid/suites/20260830_124935_068102/runs/horiginal_s62_lr5em05_f2/20260830_193810_205564_f2_life_iv_base_s62
